3915,1782728684.470954,18.8525,-62,CSI_DATA,AP,98:F4:AB:29:67:94,-62,11,1,7,1,1,1,1,0,0,0,-96,1,6,1,1097963158,0,84,0,0,1098.35,384,[84 -64 4 0 0 0 0 0 0 0 0 0 -11 21 -11 21 -13 20 -13 20 -13 20 -13 19 -14 19 -14 18 -14 18 -16 17 -16 18 -16 17 -16 16 -16 16 -15 15 -16 16 -15 15 -15 15 -15 15 -14 14 -15 13 -14 14 -14 13 -14 13 -13 13 -13 14 0 0 -12 13 -12 14 -11 14 -11 13 -10 12 -10 13 -10 13 -9 13 -9 13 -8 14 -8 14 -8 13 -8 13 -6 14 -7 13 -6 14 -5 14 -5 14 -5 14 -4 14 -4 14 -3 14 -3 14 -3 14 -2 14 -2 14 0 0 0 0 0 0 0 0 0 0 ]
3916,1782728684.727702,19.1240,-61,CSI_DATA,AP,98:F4:AB:29:67:94,-61,11,1,6,1,1,1,1,0,0,0,-96,1,6,1,1098054905,0,84,0,0,1098.44,384,[84 -64 4 0 0 0 0 0 0 0 0 0 -10 -22 -8 -22 -8 -22 -8 -23 -7 -23 -5 -23 -5 -23 -4 -23 -4 -23 -3 -22 -4 -23 -3 -23 -3 -23 -3 -23 -2 -22 -2 -23 -2 -21 -2 -20 -2 -21 -2 -20 -1 -19 -2 -20 -2 -19 -3 -19 -3 -19 -3 -19 0 0 -3 -18 -4 -17 -4 -18 -5 -16 -4 -17 -4 -17 -4 -16 -5 -16 -5 -16 -6 -15 -7 -14 -7 -14 -7 -14 -7 -14 -8 -13 -8 -13 -8 -13 -8 -12 -9 -13 -9 -12 -9 -12 -9 -12 -10 -11 -11 -10 -10 -10 -11 -9 0 0 0 0 0 0 0 0 0 0 ]
3917,1782728684.988470,19.5218,-61,CSI_DATA,AP,98:F4:AB:29:67:94,-61,11,1,7,1,1,1,1,0,0,0,-96,1,6,1,1098141934,0,84,0,0,1098.52,384,[84 -64 4 0 0 0 0 0 0 0 0 0 5 -24 6 -23 7 -23 8 -23 8 -23 9 -22 10 -21 10 -21 10 -21 11 -20 11 -21 11 -21 11 -20 12 -20 11 -19 11 -20 12 -18 11 -18 10 -18 11 -17 11 -17 11 -17 10 -16 10 -16 9 -17 10 -17 0 0 8 -17 8 -17 8 -16 7 -16 7 -15 7 -16 6 -16 6 -15 6 -15 5 -16 4 -15 4 -15 3 -15 3 -15 3 -15 2 -15 2 -15 2 -16 1 -15 0 -15 1 -15 0 -15 -1 -15 -1 -15 -2 -15 -2 -14 0 0 0 0 0 0 0 0 0 0 ]
3918,1782728685.243035,19.7184,-61,CSI_DATA,AP,98:F4:AB:29:67:94,-61,11,1,6,1,1,1,1,0,0,0,-96,1,6,1,1098234601,0,84,0,0,1098.62,384,[84 -64 4 0 0 0 0 0 0 0 0 0 -23 -1 -23 -1 -24 -2 -23 -3 -24 -3 -23 -4 -23 -4 -22 -5 -22 -5 -22 -6 -22 -7 -22 -7 -22 -7 -22 -8 -20 -6 -22 -7 -20 -7 -20 -7 -19 -7 -18 -7 -18 -7 -18 -7 -18 -7 -18 -7 -17 -6 -18 -6 0 0 -17 -5 -18 -5 -17 -4 -17 -3 -16 -4 -17 -4 -16 -3 -16 -3 -16 -2 -17 -1 -16 -1 -15 -1 -15 -1 -16 0 -16 0 -15 1 -15 1 -15 2 -15 2 -14 3 -14 3 -14 3 -14 3 -14 4 -14 4 -14 5 0 0 0 0 0 0 0 0 0 0 ]
3919,1782728685.495574,19.3999,-61,CSI_DATA,AP,98:F4:AB:29:67:94,-61,11,1,6,1,1,1,1,0,0,0,-96,1,6,1,1098322300,0,84,0,0,1098.71,384,[84 -64 4 0 0 0 0 0 0 0 0 0 21 -10 21 -8 23 -9 22 -7 23 -8 22 -6 22 -5 22 -4 23 -4 22 -4 23 -4 23 -3 22 -3 22 -2 20 -2 22 -2 20 -2 21 -2 19 -2 19 -1 19 -1 19 -1 19 -1 18 -1 18 -1 18 -2 0 0 17 -2 18 -3 16 -4 17 -4 15 -3 15 -4 16 -3 15 -4 14 -5 14 -5 14 -6 13 -5 14 -6 13 -6 14 -7 13 -7 14 -8 12 -8 12 -8 12 -9 12 -8 11 -9 11 -9 11 -10 10 -10 10 -10 0 0 0 0 0 0 0 0 0 0 ]
3920,1782728685.744148,19.2695,-58,CSI_DATA,AP,98:F4:AB:29:67:94,-58,11,1,4,1,1,1,1,0,0,0,-96,1,6,1,1098414349,0,84,0,0,1098.8,384,[84 -64 4 0 0 0 0 0 0 0 0 0 17 16 16 17 16 17 16 18 15 18 14 19 13 19 13 20 12 20 12 19 13 19 12 19 12 20 11 19 11 19 10 20 10 20 9 18 9 19 8 18 9 18 8 18 8 17 9 16 9 17 10 16 0 0 9 15 10 15 10 15 10 13 9 14 10 14 10 14 9 13 10 12 10 11 11 11 11 11 11 11 12 10 11 10 12 10 12 10 12 8 12 9 12 8 12 8 12 7 12 7 13 6 13 5 13 5 0 0 0 0 0 0 0 0 0 0 ]
3921,1782728685.990937,18.3591,-58,CSI_DATA,AP,98:F4:AB:29:67:94,-58,11,1,4,1,1,1,1,0,0,0,-96,1,6,1,1098505557,0,84,0,0,1098.89,384,[84 -64 4 0 0 0 0 0 0 0 0 0 -18 -15 -16 -14 -18 -16 -17 -16 -16 -16 -14 -16 -15 -17 -14 -17 -14 -18 -13 -18 -13 -18 -13 -18 -12 -18 -12 -18 -12 -17 -13 -19 -11 -17 -11 -17 -10 -16 -11 -16 -10 -16 -11 -16 -10 -16 -10 -15 -10 -15 -10 -15 0 0 -11 -14 -12 -14 -11 -13 -11 -13 -10 -12 -11 -12 -11 -12 -11 -12 -11 -11 -12 -11 -12 -10 -11 -10 -12 -10 -12 -9 -13 -8 -12 -8 -13 -8 -12 -7 -13 -7 -13 -6 -12 -7 -13 -6 -13 -6 -13 -5 -13 -5 -13 -4 0 0 0 0 0 0 0 0 0 0 ]
3922,1782728686.235725,18.4998,-61,CSI_DATA,AP,98:F4:AB:29:67:94,-61,11,1,6,1,1,1,1,0,0,0,-96,1,6,1,1098591709,0,84,0,0,1098.97,384,[84 -64 4 0 0 0 0 0 0 0 0 0 -25 2 -22 2 -24 -1 -21 -1 -23 -1 -22 -2 -23 -3 -24 -4 -22 -4 -23 -5 -23 -5 -23 -5 -22 -5 -22 -6 -21 -5 -23 -6 -20 -6 -20 -6 -19 -7 -19 -6 -19 -7 -19 -6 -19 -6 -18 -5 -18 -6 -18 -5 0 0 -18 -5 -18 -4 -17 -4 -18 -3 -16 -4 -17 -4 -16 -3 -16 -3 -16 -2 -17 -1 -17 -1 -15 -1 -15 -1 -15 0 -16 1 -15 1 -16 1 -15 1 -15 1 -15 2 -15 2 -14 2 -15 3 -14 3 -14 4 -13 4 0 0 0 0 0 0 0 0 0 0 ]
3923,1782728686.476420,20.6166,-61,CSI_DATA,AP,98:F4:AB:29:67:94,-61,11,1,6,1,1,1,1,0,0,0,-96,1,6,1,1098683946,0,84,0,0,1099.07,384,[84 -64 4 0 0 0 0 0 0 0 0 0 -26 -7 -25 -8 -26 -10 -25 -9 -25 -10 -24 -10 -24 -11 -23 -12 -23 -12 -23 -13 -23 -13 -23 -13 -22 -14 -22 -14 -21 -13 -23 -14 -20 -13 -21 -13 -19 -13 -19 -12 -19 -13 -19 -13 -18 -13 -18 -13 -18 -13 -18 -12 0 0 -18 -10 -18 -10 -18 -9 -18 -9 -16 -9 -17 -9 -17 -8 -17 -8 -18 -7 -18 -6 -18 -6 -17 -6 -17 -6 -17 -4 -18 -4 -17 -3 -18 -4 -16 -3 -17 -3 -17 -2 -17 -1 -17 -1 -17 -1 -17 0 -16 1 -16 1 0 0 0 0 0 0 0 0 0 0 ]
3924,1782728686.733090,20.2084,-60,CSI_DATA,AP,98:F4:AB:29:67:94,-60,11,1,5,1,1,1,1,0,0,0,-96,1,6,1,1098775636,0,84,0,0,1099.16,384,[84 -64 4 0 0 0 0 0 0 0 0 0 -24 4 -23 3 -24 2 -24 1 -24 1 -23 1 -23 -1 -23 -1 -24 -2 -23 -2 -23 -2 -23 -2 -23 -3 -23 -3 -22 -4 -22 -4 -22 -3 -21 -3 -21 -4 -20 -4 -20 -4 -20 -3 -19 -3 -18 -3 -19 -3 -19 -2 0 0 -18 -2 -18 -1 -18 -1 -18 0 -17 -1 -17 -1 -17 -1 -16 0 -16 1 -16 1 -16 2 -15 2 -15 2 -16 2 -15 3 -15 4 -15 3 -15 5 -15 4 -14 5 -14 5 -13 5 -13 5 -13 6 -13 7 -12 7 0 0 0 0 0 0 0 0 0 0 ]
3925,1782728686.989304,20.3542,-58,CSI_DATA,AP,98:F4:AB:29:67:94,-58,11,1,4,1,1,1,1,0,0,0,-96,1,6,1,1098871312,0,84,0,0,1099.25,384,[84 -64 4 0 0 0 0 0 0 0 0 0 -22 11 -22 10 -24 9 -24 8 -24 8 -23 6 -24 5 -24 5 -24 4 -24 5 -24 6 -24 4 -24 4 -24 3 -23 3 -24 2 -22 2 -22 2 -21 1 -21 1 -21 0 -20 1 -20 1 -20 2 -20 2 -20 3 0 0 -19 2 -20 3 -18 4 -18 4 -17 3 -17 3 -17 3 -17 4 -17 4 -16 6 -16 7 -15 6 -15 7 -15 7 -14 7 -14 7 -14 7 -13 8 -14 8 -13 8 -13 8 -13 8 -12 9 -11 10 -11 10 -10 10 0 0 0 0 0 0 0 0 0 0 ]
3926,1782728687.398126,19.2004,-59,CSI_DATA,AP,98:F4:AB:29:67:94,-59,11,1,5,1,1,1,1,0,0,0,-96,1,6,1,1098952585,0,84,0,0,1099.34,384,[84 -64 4 0 0 0 0 0 0 0 0 0 16 17 14 16 15 18 13 18 14 19 12 18 12 20 11 19 11 19 10 21 10 20 9 20 9 20 8 20 7 18 8 21 7 18 8 19 7 18 7 18 6 18 7 17 6 18 6 16 6 17 7 15 0 0 7 15 8 16 7 15 8 15 6 14 8 14 7 14 8 13 8 13 9 13 9 12 8 12 9 12 9 11 10 11 9 10 11 11 10 9 10 9 11 8 10 9 11 8 11 9 11 8 11 8 11 7 0 0 0 0 0 0 0 0 0 0 ]
3927,1782728687.735179,18.4040,-58,CSI_DATA,AP,98:F4:AB:29:67:94,-58,11,1,4,1,1,1,1,0,0,0,-96,1,6,1,1099044606,0,84,0,0,1099.43,384,[84 -64 4 0 0 0 0 0 0 0 0 0 -9 -21 -8 -20 -8 -22 -7 -22 -7 -23 -5 -21 -5 -22 -4 -21 -4 -22 -3 -22 -3 -22 -3 -22 -3 -22 -2 -21 -3 -20 -2 -23 -2 -20 -2 -20 -2 -19 -2 -19 -2 -19 -2 -19 -2 -19 -2 -18 -2 -18 -2 -18 0 0 -3 -17 -4 -18 -4 -16 -4 -17 -4 -15 -4 -16 -5 -16 -5 -15 -6 -15 -6 -14 -7 -14 -6 -13 -7 -14 -6 -13 -8 -13 -8 -12 -8 -13 -8 -12 -8 -12 -9 -11 -9 -11 -9 -11 -10 -11 -10 -10 -10 -10 -10 -9 0 0 0 0 0 0 0 0 0 0 ]
3928,1782728687.994947,18.0649,-59,CSI_DATA,AP,98:F4:AB:29:67:94,-59,11,1,5,1,1,1,1,0,0,0,-96,1,6,1,1099133856,0,84,0,0,1099.52,384,[84 -64 4 0 0 0 0 0 0 0 0 0 23 -4 22 -2 24 -2 23 0 23 0 22 1 23 2 22 2 23 3 22 3 22 3 22 3 22 3 21 4 20 5 22 5 20 5 19 4 19 4 19 6 18 5 18 5 17 4 17 4 18 4 18 3 0 0 17 3 17 3 17 3 16 2 15 2 16 2 16 2 15 1 15 1 15 -1 15 -1 14 -1 14 -2 15 -2 14 -2 15 -3 14 -3 14 -3 14 -3 14 -4 14 -3 13 -4 13 -5 13 -6 12 -6 12 -7 0 0 0 0 0 0 0 0 0 0 ]
3929,1782728688.251422,19.1569,-60,CSI_DATA,AP,98:F4:AB:29:67:94,-60,11,1,5,1,1,1,1,0,0,0,-96,1,6,1,1099221358,0,84,0,0,1099.6,384,[84 -64 4 0 0 0 0 0 0 0 0 0 9 -25 10 -24 10 -25 12 -24 13 -24 13 -23 13 -23 14 -23 14 -22 15 -21 16 -21 15 -21 16 -20 16 -20 14 -19 16 -20 15 -18 15 -18 14 -17 14 -18 14 -17 13 -17 15 -17 13 -16 13 -16 13 -17 0 0 12 -16 12 -17 11 -16 11 -17 9 -15 9 -16 9 -16 8 -17 9 -17 8 -17 8 -16 7 -16 6 -16 6 -16 6 -17 5 -17 5 -17 4 -17 4 -17 2 -17 3 -16 2 -16 2 -17 1 -17 1 -16 1 -16 0 0 0 0 0 0 0 0 0 0 ]
3930,1782728688.502958,17.9653,-60,CSI_DATA,AP,98:F4:AB:29:67:94,-60,11,1,5,1,1,1,1,0,0,0,-96,1,6,1,1099311705,0,84,0,0,1099.69,384,[84 -64 4 0 0 0 0 0 0 0 0 0 22 6 20 7 22 7 21 8 22 9 19 9 20 10 19 11 20 10 19 12 19 12 18 12 18 12 18 12 16 11 18 12 16 11 17 11 15 11 15 11 15 11 16 11 15 11 14 10 14 10 14 9 0 0 15 9 16 8 14 8 15 7 14 7 14 7 14 7 14 6 14 5 15 5 15 4 14 4 14 3 14 2 17 2 13 0 16 2 14 1 14 1 13 0 14 0 13 0 14 0 14 -1 13 -1 13 -2 0 0 0 0 0 0 0 0 0 0 ]
3931,1782728688.759706,17.9204,-59,CSI_DATA,AP,98:F4:AB:29:67:94,-59,11,1,5,1,1,1,1,0,0,0,-96,1,6,1,1099401552,0,84,0,0,1099.78,384,[84 -64 4 0 0 0 0 0 0 0 0 0 -20 13 -20 12 -22 12 -21 11 -21 10 -21 9 -22 9 -22 7 -21 8 -22 8 -22 7 -22 7 -22 6 -22 6 -21 5 -23 5 -21 5 -21 5 -20 4 -20 4 -20 3 -19 4 -19 4 -18 4 -18 4 -18 5 0 0 -17 4 -18 5 -17 5 -17 5 -16 4 -16 5 -15 5 -15 6 -15 6 -15 7 -15 8 -13 7 -13 8 -13 8 -13 8 -13 9 -13 8 -12 8 -12 9 -12 9 -11 9 -11 9 -11 10 -10 11 -9 10 -9 11 0 0 0 0 0 0 0 0 0 0 ]
3932,1782728689.010541,18.3167,-60,CSI_DATA,AP,98:F4:AB:29:67:94,-60,11,1,5,1,1,1,1,0,0,0,-96,1,6,1,1099491548,0,84,0,0,1099.87,384,[84 -64 4 0 0 0 0 0 0 0 0 0 9 -22 10 -21 11 -21 12 -20 12 -20 12 -20 14 -19 14 -18 14 -19 14 -18 15 -18 15 -18 14 -18 14 -17 14 -16 15 -17 14 -16 14 -16 13 -14 13 -14 13 -14 13 -14 13 -14 12 -15 12 -14 11 -14 0 0 11 -14 11 -15 10 -14 10 -15 9 -13 9 -14 9 -14 8 -14 8 -14 7 -15 7 -14 6 -14 5 -14 5 -14 5 -15 5 -15 5 -15 3 -14 4 -15 3 -14 2 -15 2 -15 2 -15 0 -15 0 -14 0 -14 0 0 0 0 0 0 0 0 0 0 ]
3933,1782728689.291528,18.2096,-59,CSI_DATA,AP,98:F4:AB:29:67:94,-59,11,1,5,1,1,1,1,0,0,0,-96,1,6,1,1099580846,0,84,0,0,1099.96,384,[84 -64 4 0 0 0 0 0 0 0 0 0 -17 -14 -16 -15 -16 -15 -15 -16 -15 -17 -14 -16 -14 -17 -13 -17 -13 -17 -12 -17 -12 -18 -12 -18 -11 -18 -11 -18 -11 -17 -11 -18 -10 -17 -10 -17 -10 -16 -10 -16 -9 -16 -9 -16 -8 -15 -9 -15 -9 -15 -10 -15 0 0 -10 -14 -10 -14 -10 -14 -10 -13 -9 -12 -10 -12 -10 -12 -10 -12 -10 -11 -11 -11 -11 -10 -10 -10 -11 -9 -11 -9 -11 -9 -12 -8 -12 -9 -12 -8 -12 -7 -12 -7 -11 -7 -12 -6 -12 -6 -12 -6 -12 -5 -12 -5 0 0 0 0 0 0 0 0 0 0 ]
3934,1782728689.532207,18.8099,-59,CSI_DATA,AP,98:F4:AB:29:67:94,-59,11,1,5,1,1,1,1,0,0,0,-96,1,6,1,1099675462,0,84,0,0,1100.06,384,[84 -64 4 0 0 0 0 0 0 0 0 0 -1 -25 0 -23 1 -25 2 -24 2 -24 3 -23 4 -24 4 -23 4 -23 6 -23 5 -23 6 -23 7 -22 6 -22 6 -21 7 -22 6 -20 6 -21 6 -19 6 -20 6 -19 5 -19 6 -19 6 -18 5 -19 5 -18 0 0 4 -18 3 -18 3 -17 3 -17 2 -16 2 -17 2 -17 1 -16 1 -16 0 -17 0 -16 -1 -15 -1 -15 -1 -16 -2 -16 -3 -15 -3 -16 -3 -15 -3 -15 -4 -15 -4 -14 -5 -14 -5 -14 -6 -14 -6 -13 -6 -13 0 0 0 0 0 0 0 0 0 0 ]
3935,1782728689.795148,18.3633,-61,CSI_DATA,AP,98:F4:AB:29:67:94,-61,11,1,6,1,1,1,1,0,0,0,-96,1,6,1,1099765459,0,84,0,0,1100.15,384,[84 -64 4 0 0 0 0 0 0 0 0 0 14 18 13 18 13 19 12 20 12 20 11 20 11 20 9 20 10 20 8 20 8 21 8 21 7 21 7 21 7 20 7 21 6 20 6 19 5 19 6 18 6 18 6 18 5 17 5 17 5 17 6 17 0 0 6 16 6 16 7 16 7 15 6 15 7 15 7 15 8 14 8 13 8 12 8 12 8 12 9 12 8 12 9 11 9 11 10 11 9 10 10 10 10 9 10 9 10 9 10 9 11 8 10 8 11 7 0 0 0 0 0 0 0 0 0 0 ]
3936,1782728690.050151,19.4649,-61,CSI_DATA,AP,98:F4:AB:29:67:94,-61,11,1,6,1,1,1,1,0,0,0,-96,1,6,1,1099850911,0,84,0,0,1100.23,384,[84 -64 4 0 0 0 0 0 0 0 0 0 -11 24 -11 23 -12 23 -12 23 -14 22 -14 21 -15 21 -16 21 -16 20 -16 20 -16 21 -16 20 -16 19 -17 19 -16 18 -17 20 -16 18 -16 17 -15 17 -15 16 -16 16 -15 15 -15 16 -14 15 -13 16 -14 16 0 0 -13 15 -12 16 -12 15 -11 15 -11 14 -10 15 -10 15 -10 15 -9 15 -8 16 -8 16 -7 15 -6 16 -6 16 -7 16 -6 16 -5 16 -4 15 -4 16 -4 15 -4 15 -3 15 -3 15 -1 15 -2 15 -1 15 0 0 0 0 0 0 0 0 0 0 ]
3937,1782728690.297698,19.5606,-61,CSI_DATA,AP,98:F4:AB:29:67:94,-61,11,1,6,1,1,1,1,0,0,0,-96,1,6,1,1099941073,0,84,0,0,1100.32,384,[84 -64 4 0 0 0 0 0 0 0 0 0 9 -22 9 -20 11 -21 12 -21 12 -21 13 -20 13 -19 13 -19 14 -19 14 -18 15 -18 15 -17 15 -17 15 -17 15 -16 15 -17 14 -16 14 -15 14 -15 14 -14 14 -14 13 -14 13 -13 12 -14 13 -14 13 -14 0 0 11 -14 11 -14 11 -14 10 -14 10 -13 10 -14 9 -14 9 -14 8 -14 7 -14 7 -14 7 -13 6 -14 6 -14 6 -14 5 -15 5 -15 4 -14 4 -14 3 -14 3 -14 2 -14 2 -14 1 -15 2 -14 1 -14 0 0 0 0 0 0 0 0 0 0 ]
3938,1782728690.547984,19.3948,-61,CSI_DATA,AP,98:F4:AB:29:67:94,-61,11,1,6,1,1,1,1,0,0,0,-96,1,6,1,1100031210,0,84,0,0,1100.41,384,[84 -64 4 0 0 0 0 0 0 0 0 0 0 -25 1 -22 2 -25 2 -23 3 -25 3 -22 4 -23 5 -22 5 -23 6 -22 7 -22 7 -22 6 -21 6 -22 6 -20 7 -22 6 -20 6 -20 5 -19 6 -19 6 -19 6 -19 6 -18 6 -18 5 -18 5 -18 0 0 4 -17 3 -18 3 -16 2 -17 3 -16 2 -17 2 -16 1 -16 1 -16 1 -16 0 -16 -1 -15 -1 -15 -1 -15 -2 -16 -3 -15 -2 -16 -3 -15 -3 -15 -4 -15 -4 -14 -4 -14 -4 -15 -6 -14 -6 -13 -6 -13 0 0 0 0 0 0 0 0 0 0 ]
3939,1782728690.812484,20.6005,-61,CSI_DATA,AP,98:F4:AB:29:67:94,-61,11,1,6,1,1,1,1,0,0,0,-96,1,6,1,1100122565,0,84,0,0,1100.51,384,[84 -64 4 0 0 0 0 0 0 0 0 0 9 25 7 24 6 26 7 25 6 26 4 25 4 25 2 25 2 25 1 26 2 26 0 25 0 25 0 25 0 23 0 25 0 23 -1 23 -1 22 -1 22 -2 22 -1 22 -1 21 -1 20 0 21 0 20 0 0 1 20 1 21 2 19 2 19 1 18 2 18 2 18 2 17 3 17 4 17 4 16 4 16 5 16 5 15 5 15 6 15 7 16 6 14 7 14 7 13 7 14 8 13 8 14 9 13 8 12 9 11 0 0 0 0 0 0 0 0 0 0 ]
3940,1782728691.062929,20.3818,-61,CSI_DATA,AP,98:F4:AB:29:67:94,-61,11,1,6,1,1,1,1,0,0,0,-96,1,6,1,1100215561,0,84,0,0,1100.6,384,[84 -64 4 0 0 0 0 0 0 0 0 0 25 8 23 9 24 11 23 11 23 12 22 12 22 13 20 13 21 13 21 14 22 13 22 14 20 14 20 14 19 14 20 15 19 14 18 13 17 14 17 14 17 13 17 13 17 12 17 11 17 11 17 11 0 0 16 10 18 10 17 9 17 8 15 8 16 8 16 8 16 7 16 6 17 5 17 5 16 4 16 4 16 4 16 3 16 1 16 2 16 1 16 1 15 0 17 0 15 0 15 -1 16 -3 15 -2 15 -3 0 0 0 0 0 0 0 0 0 0 ]
3941,1782728691.318179,18.1695,-61,CSI_DATA,AP,98:F4:AB:29:67:94,-61,11,1,7,1,1,1,1,0,0,0,-96,1,6,1,1100303980,0,84,0,0,1100.69,384,[84 -64 4 0 0 0 0 0 0 0 0 0 13 16 13 16 12 17 12 17 12 17 10 17 10 18 9 17 10 17 9 18 9 18 8 19 8 18 7 18 7 17 8 18 7 17 7 17 6 17 7 16 6 16 7 16 5 15 6 15 6 15 6 14 0 0 7 13 7 14 7 13 8 12 7 12 8 12 8 12 8 11 8 11 8 10 9 10 8 10 9 9 9 9 9 9 9 8 10 9 10 8 10 8 10 6 10 7 11 6 11 7 11 6 11 5 11 4 0 0 0 0 0 0 0 0 0 0 ]
3942,1782728691.558361,18.2972,-61,CSI_DATA,AP,98:F4:AB:29:67:94,-61,11,1,7,1,1,1,1,0,0,0,-96,1,6,1,1100392319,0,84,0,0,1100.77,384,[84 -64 4 0 0 0 0 0 0 0 0 0 -11 -22 -9 -21 -10 -23 -9 -23 -8 -23 -7 -22 -8 -23 -6 -23 -6 -23 -5 -24 -5 -24 -5 -23 -4 -23 -4 -24 -4 -21 -4 -24 -4 -21 -3 -21 -3 -20 -3 -20 -3 -20 -3 -20 -4 -20 -3 -19 -3 -19 -4 -18 0 0 -4 -18 -5 -19 -5 -17 -6 -17 -5 -17 -6 -17 -6 -16 -6 -16 -7 -15 -7 -15 -7 -15 -7 -14 -8 -13 -8 -13 -9 -14 -9 -13 -10 -14 -9 -12 -10 -12 -10 -12 -10 -11 -11 -11 -11 -11 -12 -11 -11 -9 -11 -9 0 0 0 0 0 0 0 0 0 0 ]
3943,1782728691.807667,16.7122,-61,CSI_DATA,AP,98:F4:AB:29:67:94,-61,11,1,7,1,1,1,1,0,0,0,-96,1,6,1,1100481816,0,84,0,0,1100.86,384,[84 -64 4 0 0 0 0 0 0 0 0 0 9 -19 10 -19 10 -19 11 -18 12 -18 13 -17 13 -16 13 -16 13 -16 13 -16 14 -16 14 -16 14 -16 14 -15 13 -14 14 -15 13 -14 13 -13 12 -13 13 -13 13 -12 13 -12 12 -12 11 -12 11 -12 11 -13 0 0 10 -12 10 -12 10 -13 10 -13 8 -12 8 -12 8 -12 8 -12 8 -13 7 -13 5 -13 6 -12 5 -13 5 -12 5 -13 4 -13 5 -13 3 -13 3 -13 3 -13 3 -13 2 -13 2 -13 1 -13 0 -13 0 -13 0 0 0 0 0 0 0 0 0 0 ]
3944,1782728692.069661,17.3639,-61,CSI_DATA,AP,98:F4:AB:29:67:94,-61,11,1,7,1,1,1,1,0,0,0,-96,1,6,1,1100570837,0,84,0,0,1100.95,384,[84 -64 4 0 0 0 0 0 0 0 0 0 8 -23 8 -22 9 -22 10 -22 11 -21 11 -21 12 -21 12 -20 13 -19 12 -19 13 -20 13 -19 14 -19 13 -19 13 -17 14 -18 13 -17 12 -16 13 -16 13 -16 12 -16 12 -15 12 -15 11 -15 11 -15 11 -16 0 0 10 -15 10 -15 10 -15 9 -15 8 -14 8 -15 8 -15 7 -15 7 -15 6 -15 5 -15 5 -14 4 -15 4 -15 4 -14 4 -15 3 -15 3 -15 3 -15 1 -15 1 -14 0 -15 0 -15 0 -15 0 -14 -1 -15 0 0 0 0 0 0 0 0 0 0 ]
3945,1782728692.322422,17.4797,-61,CSI_DATA,AP,98:F4:AB:29:67:94,-61,11,1,7,1,1,1,1,0,0,0,-96,1,6,1,1100661659,0,84,0,0,1101.04,384,[84 -64 4 0 0 0 0 0 0 0 0 0 11 21 9 20 10 21 9 20 8 22 7 21 7 22 7 22 7 22 6 22 6 22 5 22 4 21 4 22 3 20 4 22 3 20 4 20 3 20 3 19 3 19 4 19 3 19 2 18 3 18 4 17 0 0 4 17 5 18 4 17 5 16 4 16 5 15 5 16 5 14 6 14 6 14 7 14 6 13 6 13 7 12 7 13 8 12 8 12 8 11 8 11 9 10 9 11 10 10 10 10 10 10 10 9 10 8 0 0 0 0 0 0 0 0 0 0 ]
3946,1782728692.596165,19.2569,-62,CSI_DATA,AP,98:F4:AB:29:67:94,-62,11,1,7,1,1,1,1,0,0,0,-96,1,6,1,1100751359,0,84,0,0,1101.13,384,[84 -64 4 0 0 0 0 0 0 0 0 0 -23 -6 -24 -6 -24 -7 -24 -7 -23 -8 -22 -8 -21 -8 -21 -9 -22 -10 -21 -11 -21 -11 -20 -11 -20 -11 -20 -12 -19 -11 -20 -12 -19 -11 -19 -11 -18 -11 -17 -11 -17 -11 -17 -10 -17 -10 -17 -10 -17 -11 -17 -10 0 0 -17 -9 -16 -8 -17 -8 -17 -7 -16 -8 -16 -7 -16 -6 -15 -6 -16 -5 -16 -5 -16 -5 -15 -5 -15 -3 -15 -3 -16 -3 -16 -2 -16 -2 -15 -2 -16 -1 -15 0 -15 -1 -15 0 -15 -1 -15 1 -14 1 -14 2 0 0 0 0 0 0 0 0 0 0 ]
3947,1782728693.026569,20.8652,-61,CSI_DATA,AP,98:F4:AB:29:67:94,-61,11,1,7,1,1,1,1,0,0,1,-96,1,6,1,1100840957,0,84,0,0,1101.22,384,[84 -64 4 0 0 0 0 0 0 0 0 0 -20 18 -20 17 -21 17 -21 17 -22 15 -22 14 -22 15 -23 14 -22 14 -23 12 -24 13 -24 12 -23 11 -24 11 -23 10 -23 11 -23 10 -23 9 -22 8 -22 9 -22 8 -21 8 -20 8 -21 8 -20 8 -20 9 0 0 -19 9 -19 10 -19 10 -18 10 -17 9 -16 9 -17 9 -16 10 -16 10 -15 11 -15 11 -14 11 -14 11 -13 12 -13 11 -12 13 -13 12 -12 12 -12 12 -11 13 -11 13 -10 13 -9 13 -9 14 -8 13 -8 14 0 0 0 0 0 0 0 0 0 0 ]
3948,1782728693.357928,20.7182,-62,CSI_DATA,AP,98:F4:AB:29:67:94,-62,11,1,7,1,1,1,1,0,0,1,-96,1,6,1,1100930876,0,84,0,0,1101.31,384,[84 -64 4 0 0 0 0 0 0 0 0 0 -17 -17 -15 -18 -16 -19 -15 -20 -14 -19 -13 -19 -13 -21 -12 -20 -12 -21 -12 -21 -12 -20 -11 -20 -11 -21 -11 -20 -10 -20 -10 -21 -9 -20 -9 -19 -9 -19 -8 -19 -7 -19 -8 -19 -8 -18 -9 -17 -9 -17 -9 -17 0 0 -9 -17 -9 -16 -9 -16 -9 -15 -9 -15 -9 -15 -8 -15 -9 -14 -10 -14 -11 -13 -11 -13 -11 -12 -11 -11 -11 -11 -11 -11 -12 -11 -11 -11 -12 -10 -12 -10 -12 -9 -12 -10 -13 -9 -13 -9 -14 -8 -13 -7 -13 -7 0 0 0 0 0 0 0 0 0 0 ]
3949,1782728693.621133,20.3103,-61,CSI_DATA,AP,98:F4:AB:29:67:94,-61,11,1,7,1,1,1,1,0,0,1,-96,1,6,1,1101023140,0,84,0,0,1101.41,384,[84 -64 4 0 0 0 0 0 0 0 0 0 23 -2 23 0 24 -1 22 1 23 1 22 2 22 3 22 3 23 4 22 5 22 5 22 5 21 6 22 6 20 5 22 5 19 5 20 6 18 6 19 6 18 6 19 5 18 5 18 6 18 5 17 5 0 0 17 4 17 4 17 4 16 3 16 3 16 3 15 3 15 2 15 1 16 0 15 0 14 0 14 0 14 0 15 -1 15 -2 16 -2 15 -3 14 -2 14 -3 14 -3 14 -4 14 -4 13 -5 13 -5 13 -5 0 0 0 0 0 0 0 0 0 0 ]
3950,1782728693.871326,20.0578,-61,CSI_DATA,AP,98:F4:AB:29:67:94,-61,11,1,7,1,1,1,1,0,0,1,-96,1,6,1,1101112707,0,84,0,0,1101.5,384,[84 -64 4 0 0 0 0 0 0 0 0 0 -22 -10 -21 -10 -22 -12 -21 -12 -21 -13 -19 -13 -20 -13 -19 -13 -19 -14 -19 -15 -18 -15 -18 -15 -18 -15 -17 -16 -16 -15 -18 -15 -17 -14 -16 -15 -15 -14 -15 -14 -15 -14 -15 -14 -15 -14 -14 -14 -14 -14 -14 -13 0 0 -15 -11 -15 -11 -14 -11 -15 -10 -14 -10 -14 -10 -14 -10 -14 -9 -15 -8 -15 -8 -15 -8 -14 -7 -15 -7 -14 -6 -15 -6 -15 -5 -15 -6 -15 -4 -15 -4 -15 -3 -15 -4 -15 -2 -15 -3 -15 -2 -15 -2 -14 -1 0 0 0 0 0 0 0 0 0 0 ]
3951,1782728694.117861,18.8059,-61,CSI_DATA,AP,98:F4:AB:29:67:94,-61,11,1,7,1,1,1,1,0,0,1,-96,1,6,1,1101202535,0,84,0,0,1101.59,384,[84 -64 4 0 0 0 0 0 0 0 0 0 -5 23 -6 22 -7 23 -7 22 -8 23 -8 20 -9 22 -10 21 -9 21 -11 19 -11 20 -11 20 -11 20 -11 20 -12 18 -11 20 -11 18 -12 18 -11 16 -11 16 -12 16 -11 16 -11 15 -11 16 -11 15 -10 16 0 0 -10 15 -9 16 -8 15 -9 15 -7 14 -8 14 -7 14 -7 14 -7 15 -6 15 -5 14 -5 14 -4 14 -4 14 -4 15 -3 14 -3 15 -3 14 -3 15 -2 14 -2 14 -1 14 -1 14 0 15 0 13 0 13 0 0 0 0 0 0 0 0 0 0 ]
3952,1782728694.372617,18.5453,-60,CSI_DATA,AP,98:F4:AB:29:67:94,-60,11,1,5,1,1,1,1,0,0,0,-96,1,6,1,1101297935,0,84,0,0,1101.68,384,[84 -64 4 0 0 0 0 0 0 0 0 0 23 -1 23 0 23 1 23 2 23 2 22 3 22 5 21 5 22 5 21 5 22 4 22 5 21 5 21 5 20 6 21 6 20 6 19 5 18 6 18 6 18 7 18 7 17 6 17 5 18 5 17 4 0 0 17 5 17 4 17 4 17 3 16 3 16 3 16 4 15 3 15 2 15 1 15 0 14 0 15 -1 15 -1 14 -2 14 -2 15 -2 14 -3 14 -2 14 -3 14 -3 13 -3 14 -4 13 -5 13 -5 12 -6 0 0 0 0 0 0 0 0 0 0 ]
3953,1782728694.618150,17.9436,-61,CSI_DATA,AP,98:F4:AB:29:67:94,-61,11,1,7,1,1,1,1,0,0,1,-96,1,6,1,1101382021,0,84,0,0,1101.76,384,[84 -64 4 0 0 0 0 0 0 0 0 0 13 19 12 18 12 20 10 20 11 21 9 20 9 21 9 21 9 20 7 22 8 21 7 21 7 21 6 21 5 20 6 21 6 19 6 20 5 19 5 19 5 18 5 19 5 18 5 18 5 18 6 17 0 0 6 17 7 17 6 16 7 15 6 15 7 14 7 15 7 14 7 14 8 13 8 13 8 12 8 13 8 12 9 11 10 11 10 11 10 10 10 10 11 9 10 9 11 9 11 9 11 8 11 8 11 7 0 0 0 0 0 0 0 0 0 0 ]
3954,1782728694.879379,18.3448,-61,CSI_DATA,AP,98:F4:AB:29:67:94,-61,11,1,7,1,1,1,1,0,0,1,-96,1,6,1,1101472464,0,84,0,0,1101.86,384,[84 -64 4 0 0 0 0 0 0 0 0 0 0 -25 0 -23 1 -24 1 -23 3 -24 3 -23 3 -24 4 -23 4 -24 6 -22 6 -23 6 -23 7 -23 8 -21 6 -20 7 -22 6 -20 7 -21 7 -19 7 -20 7 -19 6 -19 8 -18 6 -18 6 -18 5 -18 0 0 5 -17 4 -19 4 -17 4 -18 4 -16 3 -17 3 -17 2 -16 2 -16 2 -17 1 -16 1 -16 0 -16 1 -15 0 -16 -1 -15 -1 -17 -2 -15 -2 -15 -2 -15 -2 -15 -3 -15 -3 -16 -3 -15 -3 -14 -4 -13 0 0 0 0 0 0 0 0 0 0 ]
3955,1782728695.137620,18.4291,-61,CSI_DATA,AP,98:F4:AB:29:67:94,-61,11,1,7,1,1,1,1,0,0,0,-96,1,6,1,1101562594,0,84,0,0,1101.95,384,[84 -64 4 0 0 0 0 0 0 0 0 0 -4 13 -5 13 -6 12 -6 13 -6 12 -7 12 -8 12 -7 11 -7 11 -7 11 -7 11 -8 11 -7 10 -8 10 -8 10 -8 10 -8 10 -8 9 -7 9 -7 9 -7 9 -7 8 -7 9 -6 9 -6 9 -6 9 0 0 -6 8 -5 9 -6 9 -5 8 -5 8 -5 8 -5 8 -4 8 -4 8 -3 8 -3 9 -3 8 -3 8 -3 8 -2 8 -2 8 -2 8 -1 8 -1 8 -1 8 -1 8 0 8 0 8 0 8 0 7 1 7 0 0 0 0 0 0 0 0 0 0 ]
3956,1782728695.397840,18.2525,-61,CSI_DATA,AP,98:F4:AB:29:67:94,-61,11,1,7,1,1,1,1,0,0,0,-96,1,6,1,1101652292,0,84,0,0,1102.04,384,[84 -64 4 0 0 0 0 0 0 0 0 0 20 12 20 13 19 14 18 13 18 14 17 14 17 15 17 15 17 16 16 15 16 16 15 16 16 16 16 15 14 16 15 17 14 15 13 15 13 15 12 15 12 15 13 15 12 14 12 13 12 13 13 13 0 0 12 12 13 12 13 12 13 11 11 11 12 11 12 10 12 10 12 9 13 8 13 7 13 8 13 7 13 7 13 7 13 6 14 6 13 5 13 5 13 4 13 4 13 4 13 3 13 2 14 1 13 1 0 0 0 0 0 0 0 0 0 0 ]
3957,1782728695.653675,18.5430,-61,CSI_DATA,AP,98:F4:AB:29:67:94,-61,11,1,7,1,1,1,1,0,0,0,-96,1,6,1,1101742593,0,84,0,0,1102.13,384,[84 -64 4 0 0 0 0 0 0 0 0 0 20 6 19 6 19 7 19 7 19 8 18 8 19 9 17 9 18 9 17 10 17 10 16 11 16 11 16 11 15 10 16 11 15 10 15 10 14 10 14 10 14 10 14 10 13 9 13 9 14 9 13 8 0 0 14 8 14 7 13 8 14 7 12 7 13 6 13 6 13 5 13 4 13 4 13 4 12 4 13 4 12 3 13 2 13 2 12 2 12 1 12 1 12 0 13 1 12 0 12 0 12 -1 12 -1 12 -2 0 0 0 0 0 0 0 0 0 0 ]
3958,1782728695.907943,18.7516,-61,CSI_DATA,AP,98:F4:AB:29:67:94,-61,11,1,7,1,1,1,1,0,0,0,-96,1,6,1,1101831689,0,84,0,0,1102.21,384,[84 -64 4 0 0 0 0 0 0 0 0 0 -20 -14 -19 -14 -20 -15 -19 -16 -19 -16 -17 -16 -17 -16 -16 -17 -17 -17 -16 -19 -15 -18 -15 -19 -14 -18 -15 -18 -14 -17 -15 -18 -14 -17 -14 -17 -13 -17 -13 -16 -12 -16 -13 -16 -12 -16 -12 -16 -12 -15 -12 -15 0 0 -13 -14 -13 -14 -13 -13 -13 -12 -12 -12 -13 -12 -13 -11 -13 -12 -13 -10 -13 -10 -14 -10 -13 -10 -13 -9 -13 -9 -14 -8 -14 -6 -15 -8 -14 -6 -14 -6 -14 -6 -14 -6 -14 -5 -14 -5 -15 -4 -14 -3 -14 -3 0 0 0 0 0 0 0 0 0 0 ]
3959,1782728696.159917,19.5057,-61,CSI_DATA,AP,98:F4:AB:29:67:94,-61,11,1,7,1,1,1,1,0,0,1,-96,1,6,1,1101924084,0,84,0,0,1102.31,384,[84 -64 4 0 0 0 0 0 0 0 0 0 -23 -2 -24 -2 -25 -2 -24 -3 -24 -5 -23 -4 -23 -5 -23 -5 -23 -6 -23 -7 -23 -6 -23 -7 -22 -7 -22 -7 -21 -7 -22 -8 -21 -8 -20 -8 -20 -8 -20 -8 -19 -7 -19 -7 -18 -7 -18 -6 -19 -6 -19 -6 0 0 -19 -5 -18 -4 -18 -5 -18 -4 -16 -5 -17 -4 -17 -3 -17 -3 -16 -2 -16 -2 -17 -1 -16 -1 -15 0 -15 0 -16 1 -16 1 -16 1 -16 1 -16 1 -16 3 -15 3 -15 3 -14 3 -15 4 -14 5 -13 5 0 0 0 0 0 0 0 0 0 0 ]
3960,1782728696.411051,19.6290,-61,CSI_DATA,AP,98:F4:AB:29:67:94,-61,11,1,7,1,1,1,1,0,0,0,-96,1,6,1,1102013436,0,84,0,0,1102.4,384,[84 -64 4 0 0 0 0 0 0 0 0 0 -22 -9 -21 -11 -22 -11 -21 -12 -21 -13 -20 -12 -19 -13 -19 -13 -19 -14 -19 -14 -19 -14 -19 -14 -18 -15 -18 -15 -17 -15 -18 -15 -17 -14 -16 -14 -16 -14 -15 -14 -15 -14 -16 -14 -15 -13 -15 -13 -14 -13 -15 -12 0 0 -15 -11 -15 -11 -15 -11 -14 -10 -14 -10 -15 -10 -14 -9 -15 -9 -14 -8 -15 -7 -16 -7 -14 -6 -15 -7 -15 -6 -14 -6 -15 -5 -15 -5 -15 -4 -16 -4 -15 -4 -15 -3 -15 -3 -15 -3 -15 -1 -14 -1 -15 -1 0 0 0 0 0 0 0 0 0 0 ]
3961,1782728696.683717,18.0038,-61,CSI_DATA,AP,98:F4:AB:29:67:94,-61,11,1,7,1,1,1,1,0,0,1,-96,1,6,1,1102102817,0,84,0,0,1102.49,384,[84 -64 4 0 0 0 0 0 0 0 0 0 20 5 19 5 20 6 19 7 20 7 18 7 18 7 18 8 18 9 18 9 17 9 17 9 16 10 16 10 16 9 16 10 15 9 15 9 15 9 15 10 14 9 15 9 13 9 14 9 14 9 14 8 0 0 14 7 14 7 13 7 14 6 13 6 13 6 13 6 13 5 13 5 13 3 12 3 12 4 12 4 12 3 13 3 13 2 13 2 12 1 12 1 12 0 12 1 12 0 12 0 12 -1 12 -1 11 -2 0 0 0 0 0 0 0 0 0 0 ]
3962,1782728696.935202,18.5510,-61,CSI_DATA,AP,98:F4:AB:29:67:94,-61,11,1,7,1,1,1,1,0,0,1,-96,1,6,1,1102194711,0,84,0,0,1102.58,384,[84 -64 4 0 0 0 0 0 0 0 0 0 -14 -20 -13 -20 -14 -22 -12 -21 -12 -22 -11 -21 -11 -22 -10 -21 -10 -22 -9 -22 -9 -23 -8 -22 -8 -22 -9 -22 -7 -21 -8 -22 -8 -21 -8 -20 -7 -20 -7 -20 -7 -19 -7 -20 -6 -19 -7 -19 -7 -18 -7 -18 0 0 -8 -17 -8 -17 -8 -17 -9 -16 -8 -15 -9 -16 -9 -15 -8 -15 -10 -14 -10 -14 -10 -14 -10 -13 -10 -13 -10 -12 -11 -11 -11 -11 -11 -11 -11 -10 -12 -10 -12 -10 -12 -9 -12 -9 -12 -9 -13 -8 -13 -7 -13 -7 0 0 0 0 0 0 0 0 0 0 ]
3963,1782728697.198868,18.9382,-61,CSI_DATA,AP,98:F4:AB:29:67:94,-61,11,1,7,1,1,1,1,0,0,1,-96,1,6,1,1118032381,0,84,0,0,1118.42,384,[84 -64 4 0 0 0 0 0 0 0 0 0 -18 15 -19 14 -19 14 -20 14 -21 12 -20 12 -20 12 -21 11 -21 11 -20 10 -21 10 -21 10 -22 9 -21 9 -20 9 -21 9 -20 8 -20 8 -19 7 -19 7 -19 7 -18 7 -18 7 -18 7 -18 7 -18 8 0 0 -17 8 -17 8 -17 8 -16 8 -15 7 -14 8 -14 8 -14 9 -14 9 -13 9 -13 10 -12 9 -12 10 -12 10 -12 10 -12 10 -11 11 -10 11 -10 11 -10 11 -9 11 -9 12 -8 12 -8 12 -8 12 -7 12 0 0 0 0 0 0 0 0 0 0 ]
3964,1782728697.448327,19.1374,-61,CSI_DATA,AP,98:F4:AB:29:67:94,-61,11,1,7,1,1,1,1,0,0,1,-96,1,6,1,1118124669,0,84,0,0,1118.51,384,[84 -64 4 0 0 0 0 0 0 0 0 0 11 -21 12 -21 13 -20 13 -20 13 -19 14 -18 14 -19 15 -18 15 -18 15 -17 15 -17 16 -18 15 -16 15 -16 15 -15 15 -16 14 -15 15 -15 14 -14 14 -14 14 -13 13 -14 13 -13 13 -13 13 -13 13 -14 0 0 11 -13 11 -15 10 -14 10 -15 9 -13 9 -14 9 -14 9 -13 8 -14 8 -14 7 -14 7 -14 7 -14 6 -14 5 -14 5 -15 5 -15 4 -15 4 -15 3 -14 3 -15 2 -14 2 -14 1 -16 1 -14 1 -14 0 0 0 0 0 0 0 0 0 0 ]
3965,1782728697.705708,19.1117,-61,CSI_DATA,AP,98:F4:AB:29:67:94,-61,11,1,7,1,1,1,1,0,0,1,-96,1,6,1,1118211874,0,84,0,0,1118.59,384,[84 -64 4 0 0 0 0 0 0 0 0 0 14 0 13 1 13 2 13 2 13 2 13 3 12 3 11 4 12 4 12 4 13 4 12 4 12 4 12 4 11 4 12 4 11 5 11 3 10 4 10 4 10 4 10 4 9 3 10 3 10 3 10 3 0 0 10 3 10 2 9 2 9 2 9 2 9 2 9 2 9 1 9 1 8 0 9 0 8 0 8 0 8 0 8 -1 8 -1 8 -1 8 -2 8 -1 8 -2 8 -2 7 -2 8 -3 7 -4 7 -3 7 -4 0 0 0 0 0 0 0 0 0 0 ]
3966,1782728697.956155,17.4983,-62,CSI_DATA,AP,98:F4:AB:29:67:94,-62,11,1,7,1,1,1,1,0,0,1,-96,1,6,1,1118302139,0,84,0,0,1118.68,384,[84 -64 4 0 0 0 0 0 0 0 0 0 7 -20 8 -20 7 -20 8 -19 10 -20 11 -19 11 -18 11 -17 11 -17 12 -17 12 -17 11 -17 12 -16 11 -16 11 -16 12 -16 12 -15 12 -14 12 -14 11 -13 11 -14 11 -13 11 -13 11 -13 10 -13 10 -14 0 0 9 -14 9 -13 9 -13 8 -14 9 -12 8 -13 8 -13 7 -13 7 -13 6 -13 6 -13 5 -13 5 -13 5 -12 5 -13 4 -13 4 -13 4 -13 3 -13 3 -13 3 -13 3 -13 2 -13 1 -13 1 -13 1 -14 0 0 0 0 0 0 0 0 0 0 ]
3967,1782728698.232175,18.5466,-61,CSI_DATA,AP,98:F4:AB:29:67:94,-61,11,1,7,1,1,1,1,0,0,1,-96,1,6,1,1118392387,0,84,0,0,1118.78,384,[84 -64 4 0 0 0 0 0 0 0 0 0 -14 -21 -13 -20 -12 -21 -12 -21 -11 -22 -10 -21 -10 -22 -10 -22 -10 -22 -8 -22 -8 -22 -7 -22 -8 -22 -7 -22 -7 -21 -7 -21 -6 -21 -6 -20 -6 -20 -6 -20 -5 -20 -6 -20 -5 -19 -6 -19 -5 -19 -6 -18 0 0 -6 -17 -6 -18 -7 -17 -7 -17 -7 -16 -7 -16 -7 -16 -8 -16 -8 -15 -9 -15 -9 -14 -9 -14 -9 -14 -9 -13 -9 -13 -10 -13 -10 -13 -10 -11 -11 -12 -11 -11 -10 -11 -12 -11 -11 -10 -11 -10 -12 -9 -12 -9 0 0 0 0 0 0 0 0 0 0 ]
3968,1782728698.483105,18.7984,-62,CSI_DATA,AP,98:F4:AB:29:67:94,-62,11,1,7,1,1,1,1,0,0,1,-96,1,6,1,1118482786,0,84,0,0,1118.87,384,[84 -64 4 0 0 0 0 0 0 0 0 0 -17 17 -17 16 -18 16 -18 15 -18 15 -18 14 -19 13 -19 13 -20 13 -20 12 -20 12 -20 12 -20 11 -20 11 -18 10 -20 11 -19 10 -19 9 -18 9 -18 9 -17 8 -18 8 -17 9 -17 9 -17 8 -16 9 0 0 -16 10 -16 10 -14 10 -14 11 -13 9 -13 9 -14 9 -13 10 -13 11 -13 11 -12 11 -11 11 -11 11 -10 11 -10 12 -9 11 -10 12 -9 11 -9 12 -9 12 -9 12 -7 13 -7 13 -6 13 -6 13 -5 13 0 0 0 0 0 0 0 0 0 0 ]
3969,1782728698.739964,19.9580,-61,CSI_DATA,AP,98:F4:AB:29:67:94,-61,11,1,7,1,1,1,1,0,0,1,-96,1,6,1,1118571801,0,84,0,0,1118.95,384,[84 -64 4 0 0 0 0 0 0 0 0 0 20 16 19 17 18 18 18 18 17 19 16 20 16 21 14 21 15 21 14 21 15 22 14 21 14 21 13 21 12 21 13 21 12 21 11 20 11 20 11 20 10 19 10 20 10 19 10 18 10 18 11 18 0 0 11 17 11 17 11 17 11 16 10 15 10 16 11 15 11 15 11 14 12 13 12 12 12 12 12 12 12 12 13 10 13 11 13 11 13 9 13 9 13 9 13 9 13 8 14 8 15 7 14 7 14 6 0 0 0 0 0 0 0 0 0 0 ]
3970,1782728698.997159,19.2306,-61,CSI_DATA,AP,98:F4:AB:29:67:94,-61,11,1,6,1,1,1,1,0,0,0,-96,1,6,1,1118664389,0,84,0,0,1119.05,384,[84 -64 4 0 0 0 0 0 0 0 0 0 19 -12 20 -11 20 -11 21 -10 21 -9 20 -9 21 -8 21 -7 22 -7 21 -6 22 -7 21 -7 21 -6 21 -6 20 -5 21 -5 20 -5 20 -4 19 -4 19 -4 19 -4 19 -4 18 -4 17 -3 18 -4 18 -5 0 0 17 -4 16 -5 16 -5 16 -6 15 -5 15 -5 15 -5 15 -6 14 -6 14 -7 13 -7 13 -7 13 -7 13 -7 13 -8 12 -9 12 -8 11 -9 11 -9 10 -9 10 -9 10 -9 10 -10 9 -11 9 -11 8 -11 0 0 0 0 0 0 0 0 0 0 ]
3971,1782728699.255198,18.4002,-61,CSI_DATA,AP,98:F4:AB:29:67:94,-61,11,1,7,1,1,1,1,0,0,1,-96,1,6,1,1118752123,0,84,0,0,1119.13,384,[84 -64 4 0 0 0 0 0 0 0 0 0 22 -8 22 -7 23 -5 23 -5 24 -5 22 -4 23 -4 22 -3 23 -3 22 -2 23 -2 23 -1 23 0 22 0 22 0 22 0 21 0 21 0 20 0 20 1 19 1 19 0 19 0 18 1 18 1 18 0 0 0 18 -1 18 -1 17 -1 17 -2 16 -1 16 -2 16 -2 16 -3 15 -4 15 -3 15 -4 14 -3 15 -4 15 -5 14 -5 14 -6 14 -5 14 -6 13 -6 12 -7 13 -7 12 -8 12 -7 12 -8 12 -8 11 -9 0 0 0 0 0 0 0 0 0 0 ]
3972,1782728699.509939,18.5410,-61,CSI_DATA,AP,98:F4:AB:29:67:94,-61,11,1,7,1,1,1,1,0,0,1,-96,1,6,1,1118841047,0,84,0,0,1119.22,384,[84 -64 4 0 0 0 0 0 0 0 0 0 15 17 14 17 14 18 14 18 13 19 12 18 12 19 11 19 11 20 11 20 10 20 9 20 9 20 9 20 8 19 8 21 8 19 7 19 7 18 7 18 6 18 7 18 7 17 6 17 7 17 7 16 0 0 7 16 8 16 8 16 8 15 7 14 8 14 8 14 8 14 8 13 9 13 10 12 9 12 9 12 9 11 10 11 10 10 10 11 10 9 10 10 11 8 11 9 11 8 11 8 12 7 12 7 12 7 0 0 0 0 0 0 0 0 0 0 ]
3973,1782728699.772844,18.8624,-61,CSI_DATA,AP,98:F4:AB:29:67:94,-61,11,1,7,1,1,1,1,0,0,1,-96,1,6,1,1118930564,0,84,0,0,1119.31,384,[84 -64 4 0 0 0 0 0 0 0 0 0 -23 -8 -23 -9 -23 -9 -22 -10 -22 -11 -21 -11 -21 -12 -21 -13 -20 -13 -20 -13 -20 -13 -19 -13 -19 -13 -19 -14 -18 -14 -19 -14 -18 -13 -16 -13 -17 -13 -16 -14 -15 -13 -16 -14 -16 -13 -16 -12 -15 -12 -15 -12 0 0 -15 -11 -15 -11 -16 -11 -15 -9 -14 -9 -15 -10 -14 -9 -15 -9 -14 -8 -15 -8 -15 -7 -14 -7 -15 -6 -15 -7 -14 -6 -15 -5 -15 -6 -15 -4 -15 -5 -15 -4 -15 -4 -15 -4 -15 -3 -15 -2 -15 -1 -14 -2 0 0 0 0 0 0 0 0 0 0 ]
3974,1782728700.043287,18.9616,-61,CSI_DATA,AP,98:F4:AB:29:67:94,-61,11,1,7,1,1,1,1,0,0,1,-96,1,6,1,1119021260,0,84,0,0,1119.4,384,[84 -64 4 0 0 0 0 0 0 0 0 0 -21 11 -22 10 -22 9 -23 8 -22 8 -22 7 -22 7 -22 6 -23 6 -23 5 -23 5 -23 5 -23 4 -23 4 -21 3 -22 3 -22 3 -21 3 -21 3 -20 3 -19 2 -20 3 -19 3 -19 3 -19 2 -19 4 0 0 -18 4 -18 4 -18 4 -17 4 -16 4 -16 5 -16 4 -16 5 -16 6 -15 6 -15 6 -14 6 -14 6 -14 7 -14 7 -14 8 -14 8 -13 8 -13 9 -12 9 -12 9 -11 9 -11 10 -10 10 -10 10 -10 10 0 0 0 0 0 0 0 0 0 0 ]
3975,1782728700.294833,19.0206,-62,CSI_DATA,AP,98:F4:AB:29:67:94,-62,11,1,7,1,1,1,1,0,0,0,-96,1,6,1,1119116929,0,84,0,0,1119.5,384,[84 -64 4 0 0 0 0 0 0 0 0 0 -24 -4 -23 -5 -24 -6 -24 -6 -23 -7 -22 -7 -23 -8 -22 -9 -22 -10 -21 -9 -22 -10 -21 -10 -21 -10 -21 -10 -20 -10 -20 -11 -19 -10 -19 -10 -19 -10 -19 -10 -18 -11 -18 -10 -17 -10 -18 -10 -17 -9 -18 -9 0 0 -17 -8 -17 -7 -17 -8 -17 -6 -15 -7 -16 -7 -16 -6 -16 -6 -16 -5 -17 -5 -17 -4 -16 -4 -16 -3 -15 -3 -16 -2 -15 -1 -16 -2 -15 -1 -16 -1 -15 0 -15 0 -15 0 -15 0 -15 1 -15 2 -14 2 0 0 0 0 0 0 0 0 0 0 ]
3976,1782728700.556946,18.6278,-61,CSI_DATA,AP,98:F4:AB:29:67:94,-61,11,1,7,1,1,1,1,0,0,1,-96,1,6,1,1119207592,0,84,0,0,1119.59,384,[84 -64 4 0 0 0 0 0 0 0 0 0 -18 15 -19 13 -20 14 -20 13 -20 13 -20 12 -21 12 -21 10 -20 11 -21 10 -22 9 -21 9 -21 8 -21 8 -20 7 -22 8 -20 7 -20 7 -19 6 -19 6 -19 6 -19 6 -19 6 -19 6 -18 5 -18 7 0 0 -17 6 -17 7 -16 6 -16 8 -15 6 -15 7 -15 7 -15 7 -14 8 -14 8 -14 9 -13 8 -13 8 -12 9 -13 9 -12 9 -13 10 -11 10 -12 10 -11 10 -11 10 -10 10 -10 11 -10 11 -9 11 -9 11 0 0 0 0 0 0 0 0 0 0 ]
3977,1782728700.809323,19.1151,-61,CSI_DATA,AP,98:F4:AB:29:67:94,-61,11,1,7,1,1,1,1,0,0,1,-96,1,6,1,1119291167,0,84,0,0,1119.67,384,[84 -64 4 0 0 0 0 0 0 0 0 0 0 24 -2 22 -2 24 -3 23 -4 24 -4 22 -4 22 -5 22 -6 22 -7 22 -6 22 -6 22 -6 22 -7 21 -7 20 -7 22 -7 19 -8 20 -7 19 -7 19 -7 18 -6 18 -7 17 -6 18 -6 18 -5 18 0 0 -5 17 -4 18 -4 17 -4 17 -4 16 -3 16 -3 16 -3 15 -2 15 -1 16 0 16 0 15 0 15 0 14 1 15 1 14 2 15 2 14 2 14 3 14 2 14 3 13 4 13 5 13 5 13 5 13 0 0 0 0 0 0 0 0 0 0 ]
3978,1782728701.063812,19.1080,-61,CSI_DATA,AP,98:F4:AB:29:67:94,-61,11,1,7,1,1,1,1,0,0,0,-96,1,6,1,1119385157,0,84,0,0,1119.77,384,[84 -64 4 0 0 0 0 0 0 0 0 0 20 12 19 13 19 14 18 15 17 14 17 15 16 16 16 16 15 16 15 16 15 17 15 16 14 16 15 17 13 16 13 18 13 17 12 16 12 16 12 16 11 16 11 15 11 15 11 14 11 14 11 14 0 0 11 13 12 13 12 13 12 12 10 11 12 11 11 11 11 11 11 10 11 10 12 9 12 9 13 8 12 8 12 7 13 7 12 7 13 6 13 7 13 5 13 5 13 5 13 5 14 3 13 3 13 3 0 0 0 0 0 0 0 0 0 0 ]
3979,1782728701.318198,18.7249,-61,CSI_DATA,AP,98:F4:AB:29:67:94,-61,11,1,7,1,1,1,1,0,0,0,-96,1,6,1,1119473989,0,84,0,0,1119.86,384,[84 -64 4 0 0 0 0 0 0 0 0 0 22 -8 22 -8 23 -7 22 -6 22 -5 22 -5 23 -5 22 -4 22 -4 22 -3 22 -3 23 -3 23 -2 22 -2 21 -2 22 -2 21 -2 20 -1 20 -1 20 -1 19 -1 19 -2 19 -1 18 -1 18 -2 18 -2 0 0 18 -3 18 -3 17 -3 17 -3 16 -3 16 -3 16 -3 15 -4 15 -5 15 -5 15 -6 14 -6 14 -6 14 -6 14 -7 13 -7 13 -7 13 -8 13 -8 12 -9 12 -8 11 -9 11 -9 11 -9 10 -10 10 -10 0 0 0 0 0 0 0 0 0 0 ]
3980,1782728701.582799,18.3796,-62,CSI_DATA,AP,98:F4:AB:29:67:94,-62,11,1,7,1,1,1,1,0,0,0,-96,1,6,1,1119561871,0,84,0,0,1119.94,384,[84 -64 4 0 0 0 0 0 0 0 0 0 -24 1 -24 0 -24 -1 -24 -1 -24 -1 -23 -3 -23 -2 -23 -4 -23 -4 -23 -5 -23 -5 -23 -5 -22 -6 -22 -6 -21 -5 -23 -6 -21 -5 -21 -6 -20 -6 -19 -5 -19 -6 -19 -6 -19 -6 -18 -5 -18 -5 -19 -5 0 0 -18 -4 -19 -4 -18 -3 -18 -3 -16 -3 -17 -3 -17 -3 -16 -2 -17 -1 -17 -1 -17 0 -16 0 -16 0 -15 0 -16 1 -15 2 -16 2 -15 2 -15 3 -15 3 -15 3 -14 4 -15 4 -14 5 -14 5 -13 5 0 0 0 0 0 0 0 0 0 0 ]
3981,1782728701.838673,18.5979,-61,CSI_DATA,AP,98:F4:AB:29:67:94,-61,11,1,6,1,1,1,1,0,0,0,-96,1,6,1,1119656973,0,84,0,0,1120.04,384,[84 -64 4 0 0 0 0 0 0 0 0 0 -4 -23 -3 -23 -2 -24 -2 -23 -1 -24 0 -23 0 -24 1 -23 1 -23 2 -23 3 -23 3 -23 3 -22 3 -22 3 -21 2 -23 3 -21 2 -21 3 -20 3 -20 3 -20 3 -20 3 -19 2 -19 2 -19 2 -19 0 0 1 -18 0 -18 0 -17 0 -18 1 -16 -1 -17 -1 -17 -1 -16 -1 -16 -2 -16 -2 -16 -3 -15 -3 -15 -3 -15 -4 -16 -5 -15 -4 -15 -5 -15 -6 -14 -6 -14 -5 -14 -7 -14 -6 -14 -7 -13 -7 -13 -7 -12 0 0 0 0 0 0 0 0 0 0 ]
3982,1782728702.094758,18.6522,-62,CSI_DATA,AP,98:F4:AB:29:67:94,-62,11,1,7,1,1,1,1,0,0,0,-96,1,6,1,1119742804,0,84,0,0,1120.13,384,[84 -64 4 0 0 0 0 0 0 0 0 0 -21 1 -22 0 -21 -1 -22 -2 -21 -2 -21 -3 -20 -4 -20 -5 -21 -5 -20 -4 -21 -4 -21 -5 -20 -5 -20 -5 -19 -5 -20 -6 -19 -6 -18 -5 -19 -6 -17 -6 -16 -6 -17 -7 -16 -5 -17 -5 -16 -4 -17 -5 0 0 -16 -4 -16 -3 -16 -4 -15 -3 -15 -4 -15 -3 -14 -3 -14 -3 -15 -2 -15 -1 -15 0 -14 -1 -14 0 -14 0 -14 0 -14 1 -13 1 -14 1 -14 1 -13 2 -13 2 -13 2 -13 3 -12 4 -12 4 -12 5 0 0 0 0 0 0 0 0 0 0 ]
3983,1782728702.347053,18.7627,-61,CSI_DATA,AP,98:F4:AB:29:67:94,-61,11,1,6,1,1,1,1,0,0,0,-96,1,6,1,1119832091,0,84,0,0,1120.21,384,[84 -64 4 0 0 0 0 0 0 0 0 0 10 -25 10 -23 11 -24 11 -23 12 -24 12 -22 13 -22 14 -22 14 -22 15 -21 15 -21 15 -20 15 -20 15 -20 15 -19 16 -20 15 -18 14 -19 14 -17 14 -17 14 -18 14 -18 14 -17 13 -16 13 -17 12 -17 0 0 12 -17 11 -17 10 -16 11 -17 10 -15 9 -17 9 -17 8 -17 9 -16 8 -17 7 -16 6 -16 6 -16 5 -16 5 -17 5 -16 5 -17 4 -17 3 -17 2 -17 3 -16 2 -16 1 -17 1 -16 1 -16 0 -16 0 0 0 0 0 0 0 0 0 0 ]
3984,1782728702.599705,18.8217,-61,CSI_DATA,AP,98:F4:AB:29:67:94,-61,11,1,6,1,1,1,1,0,0,0,-96,1,6,1,1119925495,0,84,0,0,1120.31,384,[84 -64 4 0 0 0 0 0 0 0 0 0 4 -24 4 -23 5 -23 5 -23 6 -23 6 -21 7 -22 7 -21 7 -22 9 -21 9 -21 10 -21 10 -20 9 -20 8 -19 9 -21 9 -19 9 -19 9 -18 8 -18 8 -18 8 -19 8 -17 8 -17 8 -17 8 -17 0 0 6 -17 6 -18 5 -16 5 -17 5 -16 4 -16 4 -16 4 -16 4 -16 2 -16 2 -16 2 -15 2 -16 1 -15 1 -16 0 -15 0 -16 0 -15 -1 -15 -2 -15 -1 -15 -2 -15 -2 -15 -3 -15 -3 -14 -4 -14 0 0 0 0 0 0 0 0 0 0 ]
3985,1782728702.856330,18.6095,-60,CSI_DATA,AP,98:F4:AB:29:67:94,-60,11,1,6,1,1,1,1,0,0,0,-96,1,6,1,1120013259,0,84,0,0,1120.4,384,[84 -64 4 0 0 0 0 0 0 0 0 0 -16 18 -16 16 -17 17 -17 16 -18 16 -17 14 -18 15 -18 13 -18 14 -19 13 -19 13 -19 12 -19 12 -19 12 -18 11 -20 12 -18 11 -18 10 -17 10 -18 10 -17 9 -17 10 -17 9 -17 9 -16 9 -16 10 0 0 -15 9 -15 10 -14 10 -14 11 -13 9 -13 10 -13 10 -12 10 -12 11 -12 11 -12 11 -11 10 -11 11 -11 11 -10 12 -10 12 -10 12 -9 12 -9 12 -8 12 -8 12 -7 12 -7 12 -6 13 -6 12 -6 12 0 0 0 0 0 0 0 0 0 0 ]
3986,1782728703.110019,18.4194,-59,CSI_DATA,AP,98:F4:AB:29:67:94,-59,11,1,5,1,1,1,1,0,0,0,-96,1,6,1,1120105908,0,84,0,0,1120.49,384,[84 -64 4 0 0 0 0 0 0 0 0 0 -9 21 -10 20 -11 21 -12 20 -12 20 -13 18 -14 18 -15 18 -14 18 -14 17 -15 18 -14 18 -14 17 -14 17 -15 16 -15 16 -15 16 -14 15 -14 14 -14 14 -15 13 -13 14 -14 13 -12 13 -13 13 -12 14 0 0 -12 13 -12 14 -11 13 -11 14 -10 12 -10 13 -10 13 -9 13 -9 13 -8 14 -8 14 -7 13 -7 13 -7 14 -6 13 -6 14 -6 14 -5 13 -6 14 -5 14 -5 14 -4 14 -3 13 -2 14 -2 13 -2 13 0 0 0 0 0 0 0 0 0 0 ]
3987,1782728703.359831,18.6011,-61,CSI_DATA,AP,98:F4:AB:29:67:94,-61,11,1,6,1,1,1,1,0,0,0,-96,1,6,1,1120193032,0,84,0,0,1120.58,384,[84 -64 4 0 0 0 0 0 0 0 0 0 -21 17 -20 15 -22 16 -22 14 -22 13 -22 13 -23 13 -23 12 -23 12 -23 11 -23 11 -24 11 -23 10 -23 9 -23 9 -24 9 -23 9 -22 8 -21 8 -21 8 -21 7 -21 7 -21 7 -20 7 -20 7 -20 8 0 0 -19 8 -19 9 -18 9 -18 9 -16 8 -17 8 -16 9 -16 9 -16 9 -15 10 -15 11 -14 10 -14 10 -13 11 -14 11 -13 12 -13 12 -12 11 -12 12 -11 12 -11 13 -10 13 -10 13 -9 13 -9 13 -8 13 0 0 0 0 0 0 0 0 0 0 ]
3988,1782728703.607789,18.2373,-61,CSI_DATA,AP,98:F4:AB:29:67:94,-61,11,1,6,1,1,1,1,0,0,0,-96,1,6,1,1120281342,0,84,0,0,1120.66,384,[84 -64 4 0 0 0 0 0 0 0 0 0 22 -6 22 -5 23 -5 22 -4 23 -4 21 -2 22 -2 21 -1 22 -2 22 0 22 0 22 0 22 1 21 1 20 1 22 1 20 1 21 1 19 2 19 1 19 2 18 1 19 1 18 2 18 1 18 1 0 0 17 0 18 -1 16 -1 17 -1 16 0 16 -1 16 -2 15 -2 15 -2 15 -3 16 -3 14 -3 14 -3 14 -4 14 -5 14 -5 14 -5 13 -5 14 -6 13 -7 13 -6 12 -7 13 -7 12 -8 12 -8 11 -8 0 0 0 0 0 0 0 0 0 0 ]
3989,1782728703.856903,17.5100,-61,CSI_DATA,AP,98:F4:AB:29:67:94,-61,11,1,6,1,1,1,1,0,0,0,-96,1,6,1,1120370809,0,84,0,0,1120.75,384,[84 -64 4 0 0 0 0 0 0 0 0 0 -19 10 -19 9 -19 8 -20 8 -19 7 -19 6 -20 5 -20 5 -20 4 -20 5 -20 5 -20 5 -20 4 -19 4 -19 4 -20 3 -19 3 -18 3 -18 3 -18 2 -18 1 -18 2 -16 3 -17 3 -17 3 -17 3 0 0 -16 3 -16 3 -16 4 -15 4 -14 4 -15 4 -14 3 -14 4 -14 4 -14 5 -13 6 -12 6 -12 6 -12 6 -12 6 -12 7 -12 6 -11 7 -11 7 -11 7 -11 7 -10 8 -10 7 -9 9 -9 9 -9 9 0 0 0 0 0 0 0 0 0 0 ]
3990,1782728704.106880,17.0852,-61,CSI_DATA,AP,98:F4:AB:29:67:94,-61,11,1,6,1,1,1,1,0,0,0,-96,1,6,1,1120462215,0,84,0,0,1120.84,384,[84 -64 4 0 0 0 0 0 0 0 0 0 19 11 19 11 19 12 18 13 18 13 17 13 17 14 16 14 16 14 16 15 16 16 15 16 14 16 15 15 14 15 14 16 14 16 13 15 13 15 13 14 12 15 12 14 12 14 12 13 11 13 12 13 0 0 11 13 12 13 12 12 12 11 11 11 12 11 12 10 11 10 12 9 12 8 12 9 12 9 12 8 12 7 12 6 13 6 13 7 13 5 12 5 13 5 13 5 13 4 13 4 13 3 13 3 13 3 0 0 0 0 0 0 0 0 0 0 ]
3991,1782728704.369448,17.7640,-61,CSI_DATA,AP,98:F4:AB:29:67:94,-61,11,1,6,1,1,1,1,0,0,0,-96,1,6,1,1120554585,0,84,0,0,1120.94,384,[84 -64 4 0 0 0 0 0 0 0 0 0 13 -20 13 -19 15 -19 15 -18 15 -18 15 -16 16 -17 15 -16 16 -17 17 -15 18 -15 18 -14 17 -13 17 -13 17 -14 17 -14 17 -13 16 -12 16 -12 16 -12 16 -12 15 -12 15 -11 15 -10 15 -11 14 -11 0 0 14 -12 14 -12 13 -12 13 -12 12 -10 12 -11 11 -12 10 -12 10 -13 10 -12 10 -12 9 -12 9 -12 9 -12 8 -12 7 -13 8 -13 7 -13 7 -13 6 -14 6 -13 5 -13 5 -14 4 -14 5 -14 4 -14 0 0 0 0 0 0 0 0 0 0 ]
3992,1782728704.620836,17.4034,-61,CSI_DATA,AP,98:F4:AB:29:67:94,-61,11,1,7,1,1,1,1,0,0,0,-96,1,6,1,1120641304,0,84,0,0,1121.02,384,[84 -64 4 0 0 0 0 0 0 0 0 0 6 -21 7 -20 7 -20 7 -19 8 -20 9 -19 9 -19 9 -18 10 -19 11 -18 11 -18 11 -18 11 -17 11 -17 11 -15 12 -17 10 -15 11 -16 10 -14 11 -15 10 -14 10 -15 11 -13 10 -13 10 -14 9 -14 0 0 9 -13 8 -14 7 -13 8 -14 7 -13 7 -13 7 -13 6 -13 6 -13 6 -13 5 -13 5 -13 5 -13 4 -13 3 -13 3 -13 3 -14 2 -13 2 -13 1 -13 2 -13 1 -13 1 -13 1 -14 0 -13 0 -13 0 0 0 0 0 0 0 0 0 0 ]
3993,1782728704.900327,18.5321,-62,CSI_DATA,AP,98:F4:AB:29:67:94,-62,11,1,7,1,1,1,1,0,0,0,-96,1,6,1,1120731668,0,84,0,0,1121.11,384,[84 -64 4 0 0 0 0 0 0 0 0 0 -23 -6 -24 -7 -23 -8 -23 -8 -23 -9 -23 -9 -21 -10 -21 -10 -21 -11 -21 -11 -21 -12 -20 -12 -20 -12 -20 -12 -19 -12 -20 -12 -19 -12 -18 -12 -18 -12 -18 -12 -17 -12 -17 -11 -16 -11 -16 -11 -16 -11 -16 -11 0 0 -16 -10 -17 -9 -16 -9 -16 -8 -15 -8 -16 -8 -15 -8 -15 -8 -15 -7 -16 -6 -16 -6 -15 -6 -15 -5 -15 -5 -15 -4 -15 -4 -15 -4 -15 -3 -15 -3 -15 -2 -15 -2 -15 -1 -15 -1 -16 -1 -15 0 -14 1 0 0 0 0 0 0 0 0 0 0 ]
3994,1782728705.315531,18.7456,-61,CSI_DATA,AP,98:F4:AB:29:67:94,-61,11,1,7,1,1,1,1,0,0,0,-96,1,6,1,1120821669,0,84,0,0,1121.2,384,[84 -64 4 0 0 0 0 0 0 0 0 0 21 9 21 10 20 10 20 11 20 12 19 12 18 12 18 13 18 13 18 14 18 14 17 14 17 14 16 15 16 14 16 14 15 14 15 14 14 14 14 13 13 13 14 13 13 12 13 12 14 12 14 11 0 0 14 11 13 11 13 10 13 9 13 10 13 9 13 9 13 9 13 7 13 7 14 6 13 7 13 6 13 5 13 6 13 4 14 5 14 4 13 4 13 3 14 2 13 2 14 3 14 1 13 1 14 0 0 0 0 0 0 0 0 0 0 0 ]
3995,1782728705.667637,19.2529,-61,CSI_DATA,AP,98:F4:AB:29:67:94,-61,11,1,7,1,1,1,1,0,0,0,-96,1,6,1,1120910883,0,84,0,0,1121.29,384,[84 -64 4 0 0 0 0 0 0 0 0 0 -13 20 -14 19 -16 19 -15 18 -16 18 -15 17 -16 17 -16 17 -16 17 -16 16 -17 16 -18 15 -17 15 -18 14 -16 13 -18 14 -16 13 -17 13 -16 12 -16 13 -15 12 -16 12 -16 12 -15 12 -15 12 -14 12 0 0 -14 12 -14 13 -12 12 -13 12 -12 11 -11 13 -11 12 -11 13 -10 12 -10 13 -10 13 -9 13 -8 12 -8 12 -8 13 -7 13 -8 14 -6 13 -6 13 -5 13 -6 13 -4 14 -5 13 -3 14 -3 13 -3 13 0 0 0 0 0 0 0 0 0 0 ]
3996,1782728705.924423,19.6299,-62,CSI_DATA,AP,98:F4:AB:29:67:94,-62,11,1,7,1,1,1,1,0,0,0,-96,1,6,1,1121000921,0,84,0,0,1121.38,384,[84 -64 4 0 0 0 0 0 0 0 0 0 -18 16 -19 14 -19 15 -20 13 -20 13 -19 12 -20 12 -20 11 -20 11 -21 10 -21 10 -21 10 -21 9 -21 9 -20 8 -21 9 -20 8 -20 8 -19 7 -19 7 -19 7 -18 8 -18 7 -18 7 -18 7 -18 8 0 0 -16 7 -17 8 -16 8 -16 9 -14 7 -14 8 -14 8 -14 8 -14 9 -14 9 -12 10 -12 8 -12 9 -11 10 -11 11 -11 11 -11 11 -10 10 -10 11 -9 12 -9 11 -8 11 -8 11 -7 12 -8 12 -7 12 0 0 0 0 0 0 0 0 0 0 ]
3997,1782728706.178099,20.1618,-61,CSI_DATA,AP,98:F4:AB:29:67:94,-61,11,1,7,1,1,1,1,0,0,0,-96,1,6,1,1121092947,0,84,0,0,1121.48,384,[84 -64 4 0 0 0 0 0 0 0 0 0 -23 -7 -22 -8 -24 -9 -23 -9 -23 -10 -21 -10 -20 -11 -20 -12 -20 -13 -20 -13 -21 -13 -20 -13 -19 -13 -19 -13 -17 -13 -20 -13 -18 -13 -18 -13 -16 -13 -16 -13 -16 -13 -16 -12 -16 -12 -16 -12 -16 -12 -16 -11 0 0 -16 -11 -17 -10 -15 -10 -16 -9 -14 -9 -15 -9 -15 -9 -15 -8 -15 -7 -15 -7 -16 -6 -14 -6 -15 -5 -15 -5 -15 -5 -15 -4 -15 -4 -15 -4 -15 -4 -15 -4 -15 -3 -14 -3 -15 -2 -15 -1 -15 -1 -14 1 0 0 0 0 0 0 0 0 0 0 ]
3998,1782728706.442219,19.7173,-61,CSI_DATA,AP,98:F4:AB:29:67:94,-61,11,1,7,1,1,1,1,0,0,1,-96,1,6,1,1121183809,0,84,0,0,1121.57,384,[84 -64 4 0 0 0 0 0 0 0 0 0 21 -10 22 -9 22 -8 22 -7 22 -7 21 -6 23 -6 22 -5 22 -4 21 -4 22 -5 23 -4 22 -3 21 -3 21 -2 22 -2 21 -2 20 -2 20 -2 20 -2 20 -1 19 -1 18 -2 18 -2 19 -2 18 -3 0 0 17 -3 17 -3 17 -4 17 -4 16 -3 16 -4 15 -4 15 -5 15 -5 14 -6 14 -7 13 -6 13 -6 13 -7 13 -8 13 -8 13 -8 12 -8 12 -9 11 -9 11 -9 11 -9 11 -10 11 -10 10 -10 10 -11 0 0 0 0 0 0 0 0 0 0 ]
3999,1782728706.710411,19.2215,-61,CSI_DATA,AP,98:F4:AB:29:67:94,-61,11,1,7,1,1,1,1,0,0,1,-96,1,6,1,1121275145,0,84,0,0,1121.66,384,[84 -64 4 0 0 0 0 0 0 0 0 0 -24 0 -24 -1 -25 -1 -24 -2 -24 -3 -24 -3 -23 -4 -23 -4 -23 -5 -23 -5 -23 -6 -23 -6 -22 -6 -21 -6 -21 -6 -22 -7 -21 -6 -21 -7 -20 -6 -20 -7 -19 -6 -19 -7 -19 -6 -19 -6 -18 -6 -19 -5 0 0 -18 -4 -19 -4 -18 -4 -17 -3 -16 -4 -17 -2 -17 -3 -16 -3 -16 -1 -16 -1 -16 0 -16 0 -16 1 -16 0 -16 1 -16 2 -16 1 -15 2 -15 3 -15 3 -15 3 -14 4 -15 3 -14 5 -14 5 -13 5 0 0 0 0 0 0 0 0 0 0 ]
4000,1782728706.960272,19.0799,-61,CSI_DATA,AP,98:F4:AB:29:67:94,-61,11,1,7,1,1,1,1,0,0,1,-96,1,6,1,1121362491,0,84,0,0,1121.75,384,[84 -64 4 0 0 0 0 0 0 0 0 0 -4 23 -5 22 -6 23 -6 22 -7 22 -8 21 -8 22 -9 21 -9 21 -10 20 -9 21 -10 21 -10 20 -10 20 -10 19 -10 20 -10 18 -10 18 -10 17 -10 17 -10 17 -10 17 -9 16 -9 16 -9 17 -8 16 0 0 -8 17 -7 17 -7 16 -6 16 -6 15 -5 15 -5 15 -5 15 -5 15 -4 15 -3 15 -3 14 -3 15 -2 15 -2 14 -1 15 -1 15 -1 14 0 14 0 14 0 14 1 14 2 14 2 14 3 13 3 13 0 0 0 0 0 0 0 0 0 0 ]
4001,1782728707.217213,19.1147,-61,CSI_DATA,AP,98:F4:AB:29:67:94,-61,11,1,7,1,1,1,1,0,0,1,-96,1,6,1,1121452386,0,84,0,0,1121.84,384,[84 -64 4 0 0 0 0 0 0 0 0 0 -13 -21 -11 -22 -11 -22 -10 -22 -9 -22 -9 -22 -8 -23 -7 -23 -7 -23 -6 -23 -6 -23 -6 -23 -5 -22 -5 -23 -4 -22 -4 -23 -4 -21 -4 -21 -4 -21 -3 -20 -3 -20 -3 -20 -3 -19 -3 -19 -3 -19 -4 -19 0 0 -4 -19 -5 -19 -4 -18 -4 -17 -4 -17 -5 -17 -5 -17 -5 -16 -5 -15 -6 -15 -7 -15 -7 -15 -8 -15 -7 -14 -7 -14 -8 -13 -8 -14 -9 -13 -9 -13 -9 -13 -8 -13 -9 -12 -9 -12 -11 -11 -10 -11 -10 -10 0 0 0 0 0 0 0 0 0 0 ]
4002,1782728707.465989,18.9449,-62,CSI_DATA,AP,98:F4:AB:29:67:94,-62,11,1,7,1,1,1,1,0,0,1,-96,1,6,1,1121542803,0,84,0,0,1121.93,384,[84 -64 4 0 0 0 0 0 0 0 0 0 -9 19 -11 18 -11 18 -12 18 -12 17 -12 16 -13 16 -13 15 -13 15 -13 15 -14 15 -14 15 -14 14 -14 14 -14 13 -14 13 -14 13 -14 12 -13 12 -13 11 -13 11 -13 11 -12 11 -12 11 -12 11 -12 11 0 0 -12 11 -10 12 -11 11 -10 11 -10 11 -10 11 -10 11 -9 11 -9 11 -8 11 -7 12 -7 11 -7 12 -7 11 -6 12 -6 12 -6 12 -5 12 -5 12 -4 12 -4 12 -4 12 -3 12 -2 12 -2 12 -2 12 0 0 0 0 0 0 0 0 0 0 ]
4003,1782728707.723687,19.0348,-61,CSI_DATA,AP,98:F4:AB:29:67:94,-61,11,1,7,1,1,1,1,0,0,1,-96,1,6,1,1121633267,0,84,0,0,1122.02,384,[84 -64 4 0 0 0 0 0 0 0 0 0 -23 8 -23 8 -24 7 -23 6 -24 5 -23 4 -23 4 -24 3 -24 3 -24 2 -23 2 -24 2 -23 1 -23 1 -22 0 -24 0 -22 0 -22 0 -21 0 -20 -1 -20 -1 -20 -1 -19 0 -19 0 -19 0 -19 0 0 0 -19 1 -19 1 -18 2 -18 2 -17 1 -16 2 -17 2 -16 2 -17 3 -16 4 -16 5 -15 4 -15 5 -15 4 -15 5 -14 6 -15 6 -14 6 -14 6 -13 7 -13 7 -13 7 -13 7 -12 8 -12 8 -11 9 0 0 0 0 0 0 0 0 0 0 ]
4004,1782728707.980174,19.0425,-61,CSI_DATA,AP,98:F4:AB:29:67:94,-61,11,1,7,1,1,1,1,0,0,1,-96,1,6,1,1121721007,0,84,0,0,1122.1,384,[84 -64 4 0 0 0 0 0 0 0 0 0 -1 24 -2 22 -3 23 -4 22 -4 24 -5 21 -5 23 -6 22 -6 23 -7 21 -7 21 -8 21 -8 21 -7 20 -7 19 -8 21 -7 19 -8 20 -8 19 -7 19 -7 18 -7 18 -7 18 -7 17 -7 18 -6 17 0 0 -5 17 -5 17 -4 16 -5 16 -4 15 -4 16 -3 16 -3 15 -2 15 -2 15 -1 15 -1 14 -1 15 -1 14 0 15 1 14 1 15 1 14 2 14 2 14 2 14 3 14 4 14 4 14 4 13 5 12 0 0 0 0 0 0 0 0 0 0 ]
4005,1782728708.230330,19.0867,-61,CSI_DATA,AP,98:F4:AB:29:67:94,-61,11,1,7,1,1,1,1,0,0,1,-96,1,6,1,1121813560,0,84,0,0,1122.2,384,[84 -64 4 0 0 0 0 0 0 0 0 0 -7 -23 -6 -23 -6 -24 -5 -23 -4 -23 -3 -23 -3 -24 -2 -24 -2 -23 -1 -24 -1 -24 0 -23 0 -23 0 -23 1 -22 1 -24 1 -22 1 -21 1 -21 1 -21 1 -20 1 -20 1 -19 1 -19 1 -19 0 -20 0 0 0 -18 -1 -19 0 -17 -1 -18 -1 -18 -1 -18 -2 -17 -2 -17 -2 -16 -3 -16 -3 -16 -4 -15 -4 -16 -4 -15 -4 -15 -4 -15 -5 -15 -5 -15 -6 -14 -7 -14 -6 -14 -7 -13 -7 -14 -8 -14 -7 -13 -8 -12 0 0 0 0 0 0 0 0 0 0 ]
4006,1782728708.485488,19.0894,-61,CSI_DATA,AP,98:F4:AB:29:67:94,-61,11,1,7,1,1,1,1,0,0,1,-96,1,6,1,1121902135,0,84,0,0,1122.28,384,[84 -64 4 0 0 0 0 0 0 0 0 0 -10 -19 -9 -20 -8 -20 -8 -20 -7 -21 -7 -20 -6 -21 -6 -20 -5 -21 -5 -20 -4 -21 -4 -21 -4 -21 -3 -20 -3 -20 -3 -20 -3 -20 -3 -19 -3 -19 -3 -18 -3 -18 -3 -18 -2 -17 -2 -18 -3 -17 -3 -17 0 0 -4 -16 -4 -16 -4 -16 -4 -16 -4 -15 -4 -15 -5 -15 -5 -14 -5 -14 -5 -13 -6 -13 -6 -13 -6 -13 -6 -13 -7 -12 -7 -12 -7 -13 -8 -11 -8 -11 -8 -11 -8 -11 -9 -10 -9 -10 -9 -10 -9 -9 -9 -9 0 0 0 0 0 0 0 0 0 0 ]
4007,1782728708.742633,19.0978,-62,CSI_DATA,AP,98:F4:AB:29:67:94,-62,11,1,7,1,1,1,1,0,0,1,-96,1,6,1,1121996558,0,84,0,0,1122.38,384,[84 -64 4 0 0 0 0 0 0 0 0 0 0 -21 1 -21 2 -22 2 -21 2 -22 3 -21 4 -21 4 -21 4 -20 5 -20 5 -20 5 -20 6 -20 6 -19 6 -18 6 -19 6 -18 6 -18 6 -18 6 -18 6 -17 6 -17 5 -16 6 -16 5 -16 5 -16 0 0 4 -16 4 -16 4 -15 4 -16 4 -15 3 -15 3 -15 2 -15 2 -14 2 -14 1 -14 1 -14 0 -14 0 -14 0 -14 -1 -14 -1 -14 -1 -13 -1 -13 -3 -13 -2 -13 -3 -13 -3 -13 -4 -13 -4 -12 -4 -12 0 0 0 0 0 0 0 0 0 0 ]
4008,1782728709.014561,18.8713,-61,CSI_DATA,AP,98:F4:AB:29:67:94,-61,11,1,7,1,1,1,1,0,0,0,-96,1,6,1,1122084499,0,84,0,0,1122.47,384,[84 -64 4 0 0 0 0 0 0 0 0 0 -19 -15 -18 -15 -19 -16 -17 -17 -18 -17 -15 -17 -16 -18 -16 -17 -15 -18 -15 -19 -14 -20 -14 -19 -13 -19 -13 -19 -13 -18 -13 -19 -13 -17 -12 -18 -11 -17 -12 -17 -11 -17 -12 -17 -11 -17 -11 -16 -10 -16 -11 -16 0 0 -12 -15 -12 -15 -11 -14 -12 -14 -10 -13 -12 -13 -11 -13 -12 -13 -12 -11 -13 -12 -12 -11 -12 -11 -12 -11 -12 -10 -13 -10 -13 -9 -14 -9 -13 -8 -13 -8 -14 -7 -13 -7 -14 -7 -14 -7 -14 -6 -14 -6 -13 -5 0 0 0 0 0 0 0 0 0 0 ]
4009,1782728709.282798,18.8092,-61,CSI_DATA,AP,98:F4:AB:29:67:94,-61,11,1,7,1,1,1,1,0,0,1,-96,1,6,1,1122172192,0,84,0,0,1122.55,384,[84 -64 4 0 0 0 0 0 0 0 0 0 -24 -5 -23 -7 -24 -8 -23 -9 -23 -9 -21 -9 -21 -10 -21 -11 -22 -11 -22 -12 -21 -12 -21 -11 -20 -12 -20 -12 -19 -12 -21 -12 -18 -12 -19 -12 -17 -11 -17 -12 -17 -12 -17 -11 -17 -11 -17 -11 -16 -10 -17 -9 0 0 -17 -8 -17 -9 -16 -9 -17 -7 -15 -8 -16 -7 -16 -7 -15 -7 -16 -6 -16 -5 -16 -5 -15 -5 -15 -4 -15 -4 -16 -3 -15 -3 -17 -3 -15 -2 -16 -2 -15 -2 -15 -1 -15 -1 -15 -1 -15 1 -14 1 -14 1 0 0 0 0 0 0 0 0 0 0 ]
4010,1782728709.533579,18.8261,-62,CSI_DATA,AP,98:F4:AB:29:67:94,-62,11,1,7,1,1,1,1,0,0,1,-96,1,6,1,1122260790,0,84,0,0,1122.64,384,[84 -64 4 0 0 0 0 0 0 0 0 0 22 4 22 6 22 6 23 7 21 8 21 9 21 8 21 9 20 10 20 10 20 10 20 11 19 11 19 11 18 11 18 11 17 11 17 11 17 11 16 10 16 11 16 10 15 10 15 10 16 10 15 9 0 0 16 9 15 8 15 9 15 7 14 8 15 7 14 7 13 7 14 6 14 5 14 5 14 5 14 4 15 4 14 3 15 3 14 3 14 2 14 2 14 1 14 1 14 1 14 0 14 0 14 -1 14 -2 0 0 0 0 0 0 0 0 0 0 ]
4011,1782728709.793033,18.5343,-61,CSI_DATA,AP,98:F4:AB:29:67:94,-61,11,1,7,1,1,1,1,0,0,1,-96,1,6,1,1122351506,0,84,0,0,1122.73,384,[84 -64 4 0 0 0 0 0 0 0 0 0 18 14 17 15 18 16 17 16 16 16 15 16 15 17 14 17 14 18 13 18 14 18 12 19 13 18 12 19 11 18 12 18 11 18 10 18 10 17 10 17 10 16 10 17 9 16 9 16 9 16 10 15 0 0 9 15 10 15 10 14 10 13 9 13 10 13 10 13 10 12 10 12 10 11 11 11 10 11 11 10 11 10 11 9 11 9 12 9 12 8 12 8 12 7 12 7 12 7 13 7 13 6 12 6 13 5 0 0 0 0 0 0 0 0 0 0 ]
4012,1782728710.045026,17.5657,-62,CSI_DATA,AP,98:F4:AB:29:67:94,-62,11,1,7,1,1,1,1,0,0,1,-96,1,6,1,1122441049,0,84,0,0,1122.82,384,[84 -64 4 0 0 0 0 0 0 0 0 0 -20 6 -20 6 -21 5 -20 5 -21 4 -21 4 -21 3 -21 3 -21 2 -21 2 -21 1 -21 1 -20 1 -20 0 -19 1 -21 0 -19 0 -19 0 -18 1 -18 0 -18 0 -18 1 -17 0 -17 0 -17 0 -17 1 0 0 -16 1 -17 2 -16 2 -16 2 -15 2 -15 3 -15 3 -14 3 -14 4 -14 4 -14 4 -13 5 -13 4 -13 5 -13 6 -12 5 -13 6 -12 6 -12 7 -11 7 -11 6 -11 7 -11 8 -10 8 -10 7 -9 8 0 0 0 0 0 0 0 0 0 0 ]
4013,1782728710.302514,18.1746,-61,CSI_DATA,AP,98:F4:AB:29:67:94,-61,11,1,7,1,1,1,1,0,0,1,-96,1,6,1,1122530794,0,84,0,0,1122.91,384,[84 -64 4 0 0 0 0 0 0 0 0 0 4 23 4 24 2 23 2 23 2 23 0 22 0 23 0 23 -1 23 -1 22 -1 23 -2 23 -2 22 -2 22 -3 21 -3 22 -3 21 -3 20 -3 20 -3 20 -3 19 -3 19 -3 18 -3 18 -2 19 -2 18 0 0 -2 18 -1 18 -1 18 -1 17 -1 17 0 17 -1 17 0 15 0 16 1 16 2 15 2 15 2 14 3 14 3 14 3 14 4 15 4 13 5 14 5 13 5 13 5 13 6 13 7 12 6 12 7 11 0 0 0 0 0 0 0 0 0 0 ]
4014,1782728710.566483,18.5608,-61,CSI_DATA,AP,98:F4:AB:29:67:94,-61,11,1,7,1,1,1,1,0,0,1,-96,1,6,1,1122624160,0,84,0,0,1123.01,384,[84 -64 4 0 0 0 0 0 0 0 0 0 -8 19 -9 18 -10 19 -11 18 -10 18 -11 17 -12 17 -11 17 -12 17 -12 16 -13 16 -13 16 -13 16 -13 15 -12 14 -13 15 -13 14 -13 14 -12 13 -12 13 -12 13 -12 13 -12 12 -12 12 -11 13 -10 13 0 0 -10 13 -10 13 -9 12 -9 12 -9 12 -9 12 -8 12 -8 12 -8 12 -6 12 -7 13 -6 13 -5 12 -5 12 -5 12 -4 12 -5 13 -4 13 -4 13 -3 12 -3 12 -3 12 -2 12 -1 12 -1 12 -1 12 0 0 0 0 0 0 0 0 0 0 ]
4015,1782728710.962892,17.2062,-61,CSI_DATA,AP,98:F4:AB:29:67:94,-61,11,1,7,1,1,1,1,0,0,1,-96,1,6,1,1122712241,0,84,0,0,1123.09,384,[84 -64 4 0 0 0 0 0 0 0 0 0 16 13 15 13 15 14 14 14 14 15 13 15 13 16 12 15 12 16 12 16 12 16 11 16 11 16 10 17 10 16 10 17 9 16 9 16 8 15 8 15 8 15 8 15 8 15 7 15 8 14 9 14 0 0 8 13 9 13 8 13 9 12 8 11 8 11 9 11 9 10 9 10 10 9 9 10 9 10 9 9 10 9 10 9 10 7 10 8 10 7 10 7 11 6 11 6 10 6 11 6 12 5 11 5 11 4 0 0 0 0 0 0 0 0 0 0 ]
4016,1782728711.314506,17.4663,-61,CSI_DATA,AP,98:F4:AB:29:67:94,-61,11,1,7,1,1,1,1,0,0,0,-96,1,6,1,1122807399,0,84,0,0,1123.19,384,[84 -64 4 0 0 0 0 0 0 0 0 0 23 -5 22 -5 23 -4 23 -3 23 -3 22 -2 23 -1 22 -1 23 -1 23 0 23 0 23 1 22 1 23 1 20 1 23 1 21 2 21 1 19 2 20 1 19 2 19 1 19 2 18 2 18 1 18 1 0 0 17 0 18 0 17 0 17 -1 16 0 16 -1 16 -1 15 -2 16 -2 16 -3 15 -4 15 -3 14 -4 14 -4 14 -5 14 -5 14 -6 14 -6 13 -7 13 -7 13 -7 12 -7 13 -7 12 -8 11 -8 11 -9 0 0 0 0 0 0 0 0 0 0 ]
4017,1782728711.563802,18.4591,-61,CSI_DATA,AP,98:F4:AB:29:67:94,-61,11,1,7,1,1,1,1,0,0,1,-96,1,6,1,1122893888,0,84,0,0,1123.28,384,[84 -64 4 0 0 0 0 0 0 0 0 0 -17 17 -17 15 -19 16 -19 15 -19 14 -19 13 -20 12 -20 11 -20 12 -20 11 -20 12 -21 10 -21 10 -21 10 -19 9 -21 10 -19 9 -20 8 -18 8 -19 7 -19 6 -18 7 -18 8 -18 7 -18 7 -17 8 0 0 -17 7 -17 8 -16 8 -16 9 -15 7 -15 8 -15 8 -14 8 -14 8 -13 9 -13 10 -12 9 -12 9 -12 9 -12 10 -11 10 -12 11 -10 11 -11 11 -11 11 -10 11 -9 11 -9 12 -7 12 -8 12 -8 12 0 0 0 0 0 0 0 0 0 0 ]
4018,1782728711.806541,19.3731,-61,CSI_DATA,AP,98:F4:AB:29:67:94,-61,11,1,7,1,1,1,1,0,0,1,-96,1,6,1,1122980890,0,84,0,0,1123.36,384,[84 -64 4 0 0 0 0 0 0 0 0 0 -24 -1 -24 -2 -24 -3 -24 -4 -23 -4 -23 -5 -23 -5 -23 -6 -23 -6 -22 -7 -23 -7 -22 -7 -22 -8 -22 -8 -21 -8 -21 -9 -20 -9 -20 -9 -19 -8 -19 -8 -18 -9 -19 -8 -18 -8 -18 -8 -18 -8 -18 -7 0 0 -17 -7 -18 -6 -17 -6 -17 -5 -17 -6 -17 -5 -16 -5 -16 -5 -16 -4 -16 -4 -17 -2 -15 -3 -16 -2 -15 -2 -15 -2 -15 0 -15 -1 -15 -1 -16 0 -15 1 -15 0 -15 1 -15 1 -15 2 -15 2 -15 3 0 0 0 0 0 0 0 0 0 0 ]
4019,1782728712.057734,19.3143,-61,CSI_DATA,AP,98:F4:AB:29:67:94,-61,11,1,7,1,1,1,1,0,0,1,-96,1,6,1,1123074617,0,84,0,0,1123.46,384,[84 -64 4 0 0 0 0 0 0 0 0 0 -13 20 -13 19 -15 18 -16 17 -16 18 -15 17 -16 17 -17 16 -17 15 -17 16 -18 15 -18 15 -17 14 -18 14 -17 13 -18 14 -17 13 -17 12 -17 12 -16 11 -16 11 -16 11 -16 12 -16 11 -15 11 -15 11 0 0 -15 11 -14 12 -13 11 -13 12 -13 11 -12 11 -12 11 -12 11 -12 12 -11 12 -10 12 -9 12 -9 12 -9 12 -9 12 -8 12 -9 13 -8 12 -8 13 -7 13 -7 13 -6 14 -6 13 -5 13 -5 13 -5 13 0 0 0 0 0 0 0 0 0 0 ]
4020,1782728712.321169,18.6426,-61,CSI_DATA,AP,98:F4:AB:29:67:94,-61,11,1,7,1,1,1,1,0,0,1,-96,1,6,1,1123163657,0,84,0,0,1123.55,384,[84 -64 4 0 0 0 0 0 0 0 0 0 -1 -22 -1 -21 -1 -22 1 -21 1 -22 2 -21 2 -21 2 -21 3 -21 4 -21 4 -21 4 -20 5 -20 5 -20 4 -18 5 -20 5 -18 5 -19 5 -17 5 -17 5 -17 5 -17 5 -16 4 -17 5 -17 4 -16 0 0 3 -16 3 -17 3 -15 2 -16 3 -15 2 -16 2 -15 1 -15 1 -15 1 -15 0 -14 0 -14 -1 -14 0 -14 -1 -15 -2 -14 -2 -15 -2 -13 -3 -13 -3 -13 -3 -13 -3 -13 -4 -13 -4 -13 -4 -13 -4 -12 0 0 0 0 0 0 0 0 0 0 ]
4021,1782728712.591298,18.2175,-62,CSI_DATA,AP,98:F4:AB:29:67:94,-62,11,1,7,1,1,1,1,0,0,1,-96,1,6,1,1123254025,0,84,0,0,1123.64,384,[84 -64 4 0 0 0 0 0 0 0 0 0 23 4 22 6 23 7 22 7 22 8 21 8 20 10 20 10 20 10 20 10 20 10 19 11 20 12 19 11 18 11 19 12 17 11 17 11 16 11 16 12 15 11 16 11 15 10 16 10 15 10 16 9 0 0 15 8 16 9 16 9 15 7 14 7 15 7 14 7 14 6 14 6 15 4 15 4 14 4 14 4 14 4 14 3 14 2 15 3 14 2 14 2 14 1 14 1 14 0 14 0 14 -2 14 -1 14 -2 0 0 0 0 0 0 0 0 0 0 ]
4022,1782728712.846965,18.9980,-61,CSI_DATA,AP,98:F4:AB:29:67:94,-61,11,1,7,1,1,1,1,0,0,1,-96,1,6,1,1123344875,0,84,0,0,1123.73,384,[84 -64 4 0 0 0 0 0 0 0 0 0 -14 -20 -13 -20 -13 -21 -13 -22 -12 -21 -11 -22 -10 -21 -10 -21 -10 -22 -9 -21 -9 -23 -8 -22 -8 -22 -7 -22 -8 -21 -7 -23 -7 -21 -6 -20 -6 -21 -6 -20 -6 -20 -5 -20 -5 -19 -5 -19 -6 -19 -6 -19 0 0 -6 -17 -6 -18 -6 -18 -7 -16 -6 -16 -7 -16 -7 -16 -7 -16 -8 -15 -8 -15 -8 -14 -9 -14 -9 -14 -9 -14 -9 -13 -10 -13 -10 -13 -10 -12 -10 -12 -10 -12 -11 -11 -11 -11 -11 -11 -11 -10 -12 -10 -12 -9 0 0 0 0 0 0 0 0 0 0 ]
4023,1782728713.097171,19.3169,-61,CSI_DATA,AP,98:F4:AB:29:67:94,-61,11,1,7,1,1,1,1,0,0,1,-96,1,6,1,1123430867,0,84,0,0,1123.81,384,[84 -64 4 0 0 0 0 0 0 0 0 0 -23 -10 -22 -10 -22 -11 -22 -12 -21 -12 -19 -13 -20 -13 -19 -14 -19 -14 -19 -15 -18 -15 -18 -15 -18 -16 -18 -16 -17 -15 -17 -16 -17 -14 -16 -15 -16 -15 -15 -15 -15 -14 -15 -15 -14 -14 -14 -14 -14 -13 -14 -12 0 0 -15 -13 -15 -11 -15 -12 -15 -11 -13 -11 -14 -11 -14 -10 -13 -10 -14 -9 -14 -9 -15 -8 -13 -8 -15 -8 -14 -7 -15 -7 -14 -5 -15 -6 -15 -6 -15 -5 -15 -5 -14 -5 -14 -4 -15 -4 -15 -3 -15 -3 -14 -1 0 0 0 0 0 0 0 0 0 0 ]
4024,1782728713.348493,19.0973,-62,CSI_DATA,AP,98:F4:AB:29:67:94,-62,11,1,7,1,1,1,1,0,0,1,-96,1,6,1,1123520789,0,84,0,0,1123.9,384,[84 -64 4 0 0 0 0 0 0 0 0 0 1 -24 2 -24 2 -24 3 -23 4 -24 4 -22 6 -23 6 -23 6 -23 7 -23 7 -23 7 -22 7 -22 8 -21 7 -20 8 -22 7 -19 8 -19 7 -19 7 -19 8 -19 7 -19 8 -18 7 -18 6 -18 6 -18 0 0 6 -18 5 -18 5 -17 5 -17 4 -16 4 -17 4 -16 3 -16 3 -17 2 -17 2 -16 1 -16 1 -16 1 -16 0 -16 -1 -16 -1 -16 -1 -15 -1 -15 -2 -15 -1 -15 -3 -14 -3 -15 -4 -15 -4 -14 -5 -14 0 0 0 0 0 0 0 0 0 0 ]
4025,1782728713.608424,18.6024,-61,CSI_DATA,AP,98:F4:AB:29:67:94,-61,11,1,7,1,1,1,1,0,0,1,-96,1,6,1,1123613137,0,84,0,0,1124,384,[84 -64 4 0 0 0 0 0 0 0 0 0 14 18 12 19 12 19 11 20 11 20 10 20 9 21 9 20 8 21 8 20 8 21 8 21 7 21 7 21 6 20 6 21 6 20 5 19 5 20 5 20 4 19 4 19 4 17 5 17 5 18 5 17 0 0 5 16 6 16 6 16 6 15 6 15 6 15 6 16 6 15 6 14 7 13 8 13 8 13 8 12 8 13 8 12 8 12 9 12 9 10 9 11 9 10 9 10 10 10 10 9 11 8 10 8 11 8 0 0 0 0 0 0 0 0 0 0 ]
4026,1782728713.882205,18.6105,-61,CSI_DATA,AP,98:F4:AB:29:67:94,-61,11,1,7,1,1,1,1,0,0,1,-96,1,6,1,1123701537,0,84,0,0,1124.08,384,[84 -64 4 0 0 0 0 0 0 0 0 0 23 1 23 2 23 3 23 4 23 4 22 5 22 5 22 5 22 6 21 6 22 7 21 7 21 8 21 8 20 7 21 8 19 7 19 7 19 7 18 7 18 8 18 6 17 7 17 7 17 7 17 6 0 0 17 5 17 5 16 5 17 4 15 4 16 4 16 3 15 2 16 2 15 1 15 1 15 1 15 0 14 0 15 -1 14 -1 15 -1 14 -2 14 -2 14 -3 14 -3 14 -3 13 -3 13 -4 13 -5 13 -5 0 0 0 0 0 0 0 0 0 0 ]
4027,1782728714.135641,17.8943,-61,CSI_DATA,AP,98:F4:AB:29:67:94,-61,11,1,7,1,1,1,1,0,0,1,-96,1,6,1,1123791191,0,84,0,0,1124.17,384,[84 -64 4 0 0 0 0 0 0 0 0 0 -5 21 -4 20 -5 19 -6 20 -7 18 -6 19 -7 19 -9 20 -9 19 -9 18 -10 17 -11 18 -10 17 -10 16 -10 16 -10 18 -9 16 -10 15 -9 15 -9 15 -10 15 -9 15 -9 14 -9 14 -10 14 -9 14 0 0 -8 14 -7 15 -7 14 -7 14 -7 13 -6 13 -6 13 -5 13 -5 13 -5 13 -5 13 -4 13 -4 13 -3 13 -3 13 -2 13 -2 13 -2 12 -2 13 -1 12 -1 12 0 12 0 12 0 13 0 12 1 12 0 0 0 0 0 0 0 0 0 0 ]
4028,1782728714.381526,18.5633,-61,CSI_DATA,AP,98:F4:AB:29:67:94,-61,11,1,7,1,1,1,1,0,0,1,-96,1,6,1,1123881288,0,84,0,0,1124.26,384,[84 -64 4 0 0 0 0 0 0 0 0 0 -20 -15 -19 -15 -19 -16 -18 -16 -18 -16 -17 -17 -17 -17 -16 -18 -17 -17 -16 -18 -15 -19 -14 -19 -14 -18 -14 -19 -13 -18 -14 -19 -13 -18 -13 -17 -13 -17 -12 -17 -11 -17 -12 -17 -11 -16 -11 -16 -11 -16 -12 -15 0 0 -12 -15 -12 -14 -12 -14 -12 -14 -11 -13 -12 -13 -12 -13 -12 -12 -12 -11 -12 -11 -13 -10 -12 -11 -12 -9 -13 -10 -13 -8 -13 -8 -13 -9 -13 -7 -14 -8 -14 -7 -14 -7 -14 -6 -14 -6 -14 -5 -14 -5 -14 -4 0 0 0 0 0 0 0 0 0 0 ]
4029,1782728714.634770,18.5036,-61,CSI_DATA,AP,98:F4:AB:29:67:94,-61,11,1,7,1,1,1,1,0,0,1,-96,1,6,1,1123974509,0,84,0,0,1124.36,384,[84 -64 4 0 0 0 0 0 0 0 0 0 -16 17 -17 16 -17 16 -18 15 -19 15 -18 14 -20 14 -19 13 -19 13 -20 12 -20 12 -20 12 -19 11 -20 11 -20 10 -20 11 -19 10 -19 9 -18 9 -18 8 -18 8 -18 9 -17 9 -16 9 -17 8 -16 9 0 0 -16 9 -16 10 -15 9 -15 10 -14 8 -14 9 -14 9 -13 9 -13 10 -13 10 -12 11 -11 11 -11 11 -11 11 -11 11 -10 12 -10 11 -9 11 -10 12 -9 12 -8 12 -8 12 -8 12 -7 12 -6 12 -6 13 0 0 0 0 0 0 0 0 0 0 ]
4030,1782728714.891375,18.8046,-61,CSI_DATA,AP,98:F4:AB:29:67:94,-61,11,1,7,1,1,1,1,0,0,1,-96,1,6,1,1124062080,0,84,0,0,1124.44,384,[84 -64 4 0 0 0 0 0 0 0 0 0 21 -11 21 -10 22 -9 22 -9 22 -7 21 -7 22 -7 22 -7 22 -6 22 -6 23 -5 22 -5 22 -4 21 -4 21 -3 22 -3 21 -3 20 -3 20 -3 19 -2 19 -3 19 -3 18 -3 18 -2 19 -3 18 -4 0 0 17 -4 18 -4 17 -3 17 -4 16 -4 16 -4 15 -5 15 -5 15 -5 14 -6 14 -7 13 -6 14 -6 13 -7 14 -7 13 -7 13 -8 12 -8 12 -9 11 -9 11 -9 10 -9 11 -10 10 -10 10 -10 10 -10 0 0 0 0 0 0 0 0 0 0 ]
4031,1782728715.159218,18.9033,-61,CSI_DATA,AP,98:F4:AB:29:67:94,-61,11,1,7,1,1,1,1,0,0,1,-96,1,6,1,1124155353,0,84,0,0,1124.54,384,[84 -64 4 0 0 0 0 0 0 0 0 0 1 -24 2 -23 2 -25 3 -24 4 -24 4 -23 4 -23 5 -23 5 -23 6 -23 7 -23 7 -22 7 -22 7 -22 7 -21 7 -22 6 -19 6 -21 7 -20 6 -19 6 -19 6 -19 6 -19 6 -18 5 -18 5 -19 0 0 4 -18 3 -19 3 -17 3 -18 3 -16 2 -17 1 -17 1 -17 1 -16 0 -16 0 -16 0 -16 -1 -16 -1 -15 -2 -16 -3 -15 -2 -16 -3 -15 -4 -15 -5 -15 -4 -14 -5 -14 -5 -14 -6 -14 -6 -13 -6 -13 0 0 0 0 0 0 0 0 0 0 ]
4032,1782728715.401636,19.5183,-61,CSI_DATA,AP,98:F4:AB:29:67:94,-61,11,1,7,1,1,1,1,0,0,1,-96,1,6,1,1124243083,0,84,0,0,1124.63,384,[84 -64 4 0 0 0 0 0 0 0 0 0 -24 4 -24 2 -25 2 -24 1 -24 1 -24 0 -24 0 -23 -1 -24 -2 -23 -2 -24 -2 -24 -3 -23 -3 -24 -4 -22 -4 -23 -3 -22 -3 -22 -4 -20 -4 -20 -4 -20 -4 -20 -4 -20 -3 -19 -4 -19 -4 -19 -2 0 0 -19 -2 -19 -1 -18 -1 -18 -1 -17 -1 -16 -1 -17 0 -17 0 -17 1 -17 2 -16 2 -16 2 -15 2 -15 3 -16 4 -15 4 -16 4 -15 4 -15 5 -14 5 -14 5 -14 5 -14 6 -13 7 -13 7 -13 7 0 0 0 0 0 0 0 0 0 0 ]
4033,1782728715.662531,19.5130,-61,CSI_DATA,AP,98:F4:AB:29:67:94,-61,11,1,7,1,1,1,1,0,0,1,-96,1,6,1,1124333407,0,84,0,0,1124.72,384,[84 -64 4 0 0 0 0 0 0 0 0 0 25 -4 25 -3 27 -2 27 -1 25 0 26 1 25 0 26 2 27 2 24 2 26 3 27 2 25 3 25 5 25 4 25 4 23 4 23 4 22 5 22 5 21 6 22 5 20 5 20 4 21 4 20 3 0 0 20 3 20 2 19 2 19 2 18 3 19 2 18 2 18 1 17 1 17 -1 18 -2 17 -1 17 -2 17 -2 17 -3 17 -3 16 -3 16 -4 16 -4 16 -4 16 -5 15 -4 15 -5 14 -7 14 -7 14 -8 0 0 0 0 0 0 0 0 0 0 ]
4034,1782728715.929103,19.9756,-61,CSI_DATA,AP,98:F4:AB:29:67:94,-61,11,1,7,1,1,1,1,0,0,1,-96,1,6,1,1124421981,0,84,0,0,1124.8,384,[84 -64 4 0 0 0 0 0 0 0 0 0 -10 -22 -9 -22 -8 -23 -7 -23 -7 -23 -5 -23 -6 -23 -5 -24 -4 -24 -3 -23 -4 -23 -3 -23 -3 -23 -3 -24 -3 -23 -2 -23 -2 -22 -1 -21 -1 -21 -1 -21 -2 -21 -1 -21 -1 -20 -2 -19 -2 -20 -3 -19 0 0 -3 -19 -3 -19 -3 -18 -3 -17 -3 -17 -3 -17 -3 -17 -5 -16 -5 -17 -5 -16 -5 -15 -6 -15 -7 -15 -6 -15 -7 -14 -7 -14 -7 -14 -7 -13 -8 -13 -8 -14 -8 -13 -9 -12 -9 -12 -10 -12 -9 -11 -10 -11 0 0 0 0 0 0 0 0 0 0 ]
4035,1782728716.237309,19.5279,-61,CSI_DATA,AP,98:F4:AB:29:67:94,-61,11,1,7,1,1,1,1,0,0,1,-96,1,6,1,1124511098,0,84,0,0,1124.89,384,[84 -64 4 0 0 0 0 0 0 0 0 0 8 22 7 21 6 22 6 22 6 23 4 22 4 23 2 22 3 22 2 22 2 23 1 23 1 23 1 22 0 21 1 23 1 21 0 21 0 20 0 20 -1 19 0 20 -1 19 0 18 0 19 1 18 0 0 1 17 2 18 2 17 2 17 2 16 2 16 2 16 3 15 3 15 4 15 4 15 4 14 4 14 5 13 5 14 6 13 6 14 6 12 6 13 7 12 6 12 8 12 8 12 9 11 8 11 8 10 0 0 0 0 0 0 0 0 0 0 ]
4036,1782728716.610527,19.1492,-61,CSI_DATA,AP,98:F4:AB:29:67:94,-61,11,1,7,1,1,1,1,0,0,1,-96,1,6,1,1124603277,0,84,0,0,1124.99,384,[84 -64 4 0 0 0 0 0 0 0 0 0 -23 6 -23 5 -24 4 -25 4 -24 3 -24 2 -24 3 -24 2 -24 1 -24 0 -24 0 -24 0 -24 -1 -24 -1 -22 0 -23 -1 -22 -1 -21 -2 -21 -1 -20 -1 -20 -2 -20 -1 -20 -1 -19 0 -19 -1 -20 0 0 0 -19 0 -19 1 -18 1 -18 1 -17 1 -17 1 -17 1 -16 2 -17 2 -17 3 -17 4 -15 4 -15 4 -15 4 -15 4 -15 5 -15 5 -14 6 -15 6 -14 7 -13 7 -13 7 -13 7 -12 8 -12 8 -12 8 0 0 0 0 0 0 0 0 0 0 ]
4037,1782728716.931357,18.5332,-61,CSI_DATA,AP,98:F4:AB:29:67:94,-61,11,1,7,1,1,1,1,0,0,1,-96,1,6,1,1124691132,0,84,0,0,1125.07,384,[84 -64 4 0 0 0 0 0 0 0 0 0 3 23 2 23 1 23 0 24 0 23 -1 23 -2 23 -2 22 -3 23 -3 23 -3 23 -4 22 -4 22 -4 21 -4 20 -5 22 -4 21 -4 21 -5 20 -5 19 -5 19 -4 19 -5 18 -4 18 -4 18 -4 18 0 0 -3 18 -2 18 -2 17 -2 17 -2 16 -2 16 -1 16 -1 16 0 16 0 15 1 15 1 15 1 15 2 15 2 14 3 14 3 14 3 14 4 14 4 14 4 13 5 13 5 13 5 12 6 12 6 11 0 0 0 0 0 0 0 0 0 0 ]
4038,1782728717.264165,18.6495,-61,CSI_DATA,AP,98:F4:AB:29:67:94,-61,11,1,7,1,1,1,1,0,0,1,-96,1,6,1,1138101446,0,84,0,0,1138.48,384,[84 -64 4 0 0 0 0 0 0 0 0 0 2 -24 2 -23 4 -24 5 -22 5 -24 6 -22 6 -23 7 -22 7 -22 8 -22 9 -22 8 -21 9 -22 9 -21 9 -19 9 -21 8 -19 9 -19 8 -19 8 -19 9 -18 8 -18 8 -17 9 -18 8 -17 8 -18 0 0 7 -17 7 -18 6 -16 6 -17 6 -15 5 -17 5 -16 5 -16 5 -16 3 -16 3 -16 3 -15 2 -15 2 -15 2 -16 1 -15 1 -16 0 -15 0 -15 0 -15 0 -15 -1 -15 -1 -16 -2 -15 -2 -15 -3 -14 0 0 0 0 0 0 0 0 0 0 ]
4039,1782728717.500131,18.0584,-62,CSI_DATA,AP,98:F4:AB:29:67:94,-62,11,1,7,1,1,1,1,0,0,0,-96,1,6,1,1138197024,0,84,0,0,1138.58,384,[84 -64 4 0 0 0 0 0 0 0 0 0 22 -8 22 -6 22 -6 22 -5 22 -5 22 -3 22 -3 22 -2 23 -2 22 -2 22 -2 23 -1 22 0 22 -1 20 0 21 0 20 0 20 0 20 0 19 1 19 1 19 1 18 0 18 0 18 0 18 -1 0 0 18 -1 18 -2 17 -2 17 -2 16 -1 17 -2 16 -2 16 -2 15 -3 15 -4 15 -5 14 -5 14 -5 14 -5 14 -6 13 -6 14 -7 13 -7 13 -7 12 -7 13 -7 12 -8 12 -8 11 -9 11 -9 11 -9 0 0 0 0 0 0 0 0 0 0 ]
4040,1782728717.758657,18.6272,-62,CSI_DATA,AP,98:F4:AB:29:67:94,-62,11,1,7,1,1,1,1,0,0,1,-96,1,6,1,1138281990,0,84,0,0,1138.66,384,[84 -64 4 0 0 0 0 0 0 0 0 0 -23 -6 -22 -6 -24 -8 -22 -8 -23 -9 -21 -9 -21 -9 -21 -10 -22 -11 -21 -11 -20 -11 -21 -12 -20 -12 -20 -12 -19 -12 -19 -12 -18 -12 -19 -11 -17 -11 -17 -11 -17 -12 -17 -11 -16 -11 -16 -10 -16 -11 -16 -10 0 0 -17 -9 -16 -9 -16 -9 -16 -8 -14 -8 -15 -8 -15 -7 -15 -7 -15 -6 -16 -5 -16 -5 -15 -5 -15 -5 -15 -4 -15 -4 -15 -3 -16 -3 -15 -2 -15 -2 -15 -1 -15 -1 -15 -1 -15 -1 -15 0 -15 0 -14 2 0 0 0 0 0 0 0 0 0 0 ]
4041,1782728718.016963,18.8373,-62,CSI_DATA,AP,98:F4:AB:29:67:94,-62,11,1,7,1,1,1,1,0,0,1,-96,1,6,1,1138370755,0,84,0,0,1138.75,384,[84 -64 4 0 0 0 0 0 0 0 0 0 -5 -24 -4 -23 -3 -25 -3 -23 -2 -24 -1 -23 -1 -24 0 -23 0 -24 2 -25 2 -23 3 -23 3 -23 3 -23 3 -22 3 -24 2 -21 2 -21 2 -21 3 -21 3 -20 2 -20 3 -19 3 -19 2 -19 2 -18 0 0 1 -18 0 -19 1 -17 0 -18 0 -16 0 -17 -1 -16 -1 -16 -1 -17 -1 -17 -2 -16 -2 -16 -2 -16 -3 -15 -4 -16 -4 -15 -4 -16 -4 -15 -5 -15 -6 -14 -4 -14 -6 -14 -6 -14 -6 -14 -6 -13 -7 -12 0 0 0 0 0 0 0 0 0 0 ]
4042,1782728718.281161,18.5209,-61,CSI_DATA,AP,98:F4:AB:29:67:94,-61,11,1,7,1,1,1,1,0,0,1,-96,1,6,1,1138462897,0,84,0,0,1138.85,384,[84 -64 4 0 0 0 0 0 0 0 0 0 18 -16 18 -14 19 -15 19 -13 20 -13 19 -12 20 -12 21 -11 20 -11 20 -10 21 -9 21 -10 21 -9 20 -8 20 -7 21 -8 20 -7 20 -7 19 -7 19 -6 18 -6 18 -6 18 -6 17 -6 17 -6 18 -7 0 0 16 -7 17 -8 15 -7 16 -8 15 -7 15 -8 14 -7 14 -7 14 -8 13 -8 12 -9 12 -9 12 -9 12 -9 12 -10 11 -10 11 -10 11 -10 11 -11 10 -11 10 -10 9 -11 10 -11 9 -12 9 -12 8 -12 0 0 0 0 0 0 0 0 0 0 ]
4043,1782728718.546044,18.0714,-61,CSI_DATA,AP,98:F4:AB:29:67:94,-61,11,1,7,1,1,1,1,0,0,1,-96,1,6,1,1138553142,0,84,0,0,1138.94,384,[84 -64 4 0 0 0 0 0 0 0 0 0 21 10 20 10 21 12 20 12 19 13 18 13 18 13 17 13 17 14 17 15 17 14 17 14 16 14 16 14 15 14 15 16 14 14 15 14 13 14 13 14 13 14 13 14 13 13 13 12 13 12 13 12 0 0 13 11 14 11 13 11 14 10 12 10 12 9 12 10 13 9 13 8 14 7 14 7 13 6 13 6 13 6 13 6 13 5 14 5 14 5 14 4 13 3 14 4 13 3 14 3 14 2 13 1 13 0 0 0 0 0 0 0 0 0 0 0 ]
4044,1782728718.832423,18.8463,-62,CSI_DATA,AP,98:F4:AB:29:67:94,-62,11,1,7,1,1,1,1,0,0,1,-96,1,6,1,1138643313,0,84,0,0,1139.03,384,[84 -64 4 0 0 0 0 0 0 0 0 0 -24 3 -24 3 -24 2 -24 1 -23 0 -24 -1 -24 -1 -24 -2 -23 -2 -23 -3 -24 -3 -23 -3 -23 -4 -23 -4 -21 -4 -23 -5 -21 -4 -21 -5 -21 -5 -20 -5 -20 -5 -19 -4 -19 -4 -19 -4 -19 -4 -19 -3 0 0 -18 -3 -18 -3 -19 -3 -18 -2 -16 -3 -17 -2 -17 -2 -16 -1 -16 -1 -16 1 -17 1 -16 0 -15 1 -16 1 -15 1 -16 2 -15 2 -15 3 -15 2 -14 4 -14 4 -14 4 -14 4 -14 5 -14 5 -13 6 0 0 0 0 0 0 0 0 0 0 ]
4045,1782728719.084682,19.0622,-61,CSI_DATA,AP,98:F4:AB:29:67:94,-61,11,1,7,1,1,1,1,0,0,1,-96,1,6,1,1138732395,0,84,0,0,1139.12,384,[84 -64 4 0 0 0 0 0 0 0 0 0 8 -22 8 -21 10 -22 10 -20 12 -22 12 -19 10 -20 13 -19 13 -19 15 -19 14 -18 14 -19 14 -18 14 -18 12 -16 13 -18 13 -16 13 -17 12 -16 13 -16 12 -15 12 -16 12 -15 12 -15 12 -15 11 -15 0 0 10 -15 10 -15 9 -15 9 -16 8 -14 8 -15 8 -15 7 -15 7 -15 6 -16 5 -15 5 -15 5 -15 5 -15 4 -15 3 -15 3 -16 3 -15 2 -15 1 -15 2 -15 0 -15 1 -15 0 -15 0 -15 -1 -15 0 0 0 0 0 0 0 0 0 0 ]
4046,1782728719.342643,19.1292,-61,CSI_DATA,AP,98:F4:AB:29:67:94,-61,11,1,7,1,1,1,1,0,0,1,-96,1,6,1,1138822008,0,84,0,0,1139.2,384,[84 -64 4 0 0 0 0 0 0 0 0 0 -19 15 -18 14 -20 13 -20 13 -19 12 -20 11 -21 12 -21 10 -21 10 -20 9 -21 9 -21 9 -21 8 -21 8 -20 7 -22 8 -20 7 -20 6 -19 7 -19 6 -18 6 -18 6 -19 6 -18 6 -18 6 -18 6 0 0 -17 7 -17 7 -16 7 -16 8 -15 7 -15 7 -15 8 -15 8 -14 8 -14 8 -14 9 -13 9 -13 9 -12 9 -12 10 -11 10 -12 9 -11 10 -11 10 -11 11 -10 11 -10 11 -9 11 -9 12 -9 11 -8 12 0 0 0 0 0 0 0 0 0 0 ]
4047,1782728719.593600,18.8774,-61,CSI_DATA,AP,98:F4:AB:29:67:94,-61,11,1,7,1,1,1,1,0,0,1,-96,1,6,1,1138911594,0,84,0,0,1139.29,384,[84 -64 4 0 0 0 0 0 0 0 0 0 -8 22 -9 21 -9 21 -9 21 -10 21 -10 21 -11 20 -12 19 -12 19 -13 18 -13 19 -12 19 -12 19 -13 18 -12 17 -13 19 -13 17 -13 16 -12 16 -12 15 -13 15 -12 15 -12 15 -11 15 -11 15 -11 15 0 0 -10 15 -9 16 -9 15 -9 15 -8 14 -8 15 -8 14 -7 14 -7 15 -6 15 -5 15 -5 14 -4 14 -4 14 -4 14 -3 15 -3 15 -3 15 -3 15 -2 14 -2 14 -1 14 -1 14 0 14 1 14 1 13 0 0 0 0 0 0 0 0 0 0 ]
4048,1782728719.853410,19.1737,-61,CSI_DATA,AP,98:F4:AB:29:67:94,-61,11,1,7,1,1,1,1,0,0,1,-96,1,6,1,1139000729,0,84,0,0,1139.38,384,[84 -64 4 0 0 0 0 0 0 0 0 0 0 22 -1 22 -2 24 -3 23 -3 23 -4 22 -4 22 -5 21 -5 22 -6 22 -6 22 -7 21 -7 21 -7 20 -7 20 -8 21 -7 20 -7 19 -8 19 -7 18 -7 17 -6 18 -7 17 -7 17 -7 18 -6 17 0 0 -6 17 -5 17 -5 17 -5 16 -4 15 -4 15 -4 16 -3 15 -3 15 -2 16 -2 16 -2 15 -1 15 0 15 -1 15 0 14 0 15 0 14 1 14 2 14 1 15 1 14 3 14 3 14 3 13 4 13 0 0 0 0 0 0 0 0 0 0 ]
4049,1782728720.104639,19.1758,-61,CSI_DATA,AP,98:F4:AB:29:67:94,-61,11,1,7,1,1,1,1,0,0,1,-96,1,6,1,1139092642,0,84,0,0,1139.48,384,[84 -64 4 0 0 0 0 0 0 0 0 0 10 -22 10 -21 11 -22 12 -21 12 -21 13 -20 14 -20 13 -19 14 -19 14 -18 15 -17 15 -17 15 -17 15 -17 15 -16 15 -16 14 -16 15 -15 14 -15 14 -15 13 -13 13 -14 14 -13 13 -13 14 -13 13 -14 0 0 12 -14 12 -14 11 -14 11 -14 10 -13 10 -14 10 -14 9 -13 9 -14 8 -14 8 -14 8 -13 7 -13 7 -14 6 -15 6 -14 6 -14 5 -14 5 -15 4 -14 5 -14 4 -14 4 -15 3 -15 3 -15 2 -14 0 0 0 0 0 0 0 0 0 0 ]
4050,1782728720.373061,19.3243,-61,CSI_DATA,AP,98:F4:AB:29:67:94,-61,11,1,6,1,1,1,1,0,0,0,-96,1,6,1,1139185184,0,84,0,0,1139.57,384,[84 -64 4 0 0 0 0 0 0 0 0 0 -20 -12 -19 -13 -20 -14 -19 -14 -19 -15 -17 -15 -18 -15 -17 -16 -16 -16 -17 -16 -17 -17 -15 -17 -15 -17 -15 -17 -14 -16 -16 -17 -14 -15 -14 -16 -14 -15 -14 -15 -13 -15 -14 -15 -13 -15 -12 -15 -13 -14 -13 -14 0 0 -14 -13 -14 -13 -13 -12 -14 -12 -13 -11 -13 -11 -13 -10 -13 -10 -14 -9 -14 -9 -14 -9 -13 -9 -14 -8 -14 -8 -14 -7 -14 -6 -15 -7 -14 -5 -15 -5 -15 -4 -15 -4 -14 -4 -15 -4 -15 -3 -14 -2 -14 -2 0 0 0 0 0 0 0 0 0 0 ]
4051,1782728720.642717,19.1112,-61,CSI_DATA,AP,98:F4:AB:29:67:94,-61,11,1,7,1,1,1,1,0,0,1,-96,1,6,1,1139272029,0,84,0,0,1139.65,384,[84 -64 4 0 0 0 0 0 0 0 0 0 -23 7 -24 6 -24 5 -25 5 -23 4 -24 4 -24 3 -23 3 -24 1 -22 2 -24 2 -23 1 -23 0 -23 0 -22 0 -23 0 -22 0 -21 -1 -21 0 -20 -1 -20 -1 -20 0 -19 0 -19 0 -19 0 -19 1 0 0 -19 1 -18 1 -19 1 -18 2 -17 2 -17 2 -17 2 -16 3 -16 4 -16 4 -16 5 -15 5 -15 5 -15 5 -14 6 -15 6 -14 6 -14 7 -14 7 -13 8 -13 7 -12 8 -11 8 -12 9 -12 9 -11 9 0 0 0 0 0 0 0 0 0 0 ]
4052,1782728720.927853,18.8711,-61,CSI_DATA,AP,98:F4:AB:29:67:94,-61,11,1,7,1,1,1,1,0,0,1,-96,1,6,1,1139363018,0,84,0,0,1139.75,384,[84 -64 4 0 0 0 0 0 0 0 0 0 6 22 5 22 5 23 4 23 4 23 3 22 3 23 2 22 1 23 1 22 1 22 0 23 0 22 -1 22 0 21 -1 22 -1 20 -1 20 -1 20 -1 20 -1 19 -1 19 -2 18 -1 18 -1 18 0 19 0 0 0 18 1 17 1 17 1 17 1 16 2 16 2 16 2 15 3 15 3 15 4 15 3 15 4 15 4 14 4 14 5 14 6 13 6 13 6 13 6 12 6 12 7 12 7 12 8 12 7 11 8 11 0 0 0 0 0 0 0 0 0 0 ]
4053,1782728721.176382,18.2907,-61,CSI_DATA,AP,98:F4:AB:29:67:94,-61,11,1,7,1,1,1,1,0,0,1,-96,1,6,1,1139450884,0,84,0,0,1139.83,384,[84 -64 4 0 0 0 0 0 0 0 0 0 6 23 5 22 5 23 4 22 4 23 3 22 2 23 1 22 1 22 0 23 0 23 0 23 -1 22 -1 22 -1 20 -1 22 -1 21 -1 21 -1 19 -1 21 -1 19 -1 19 -1 19 -1 18 -1 18 -1 18 0 0 0 17 1 18 1 17 2 17 1 16 2 16 2 16 2 16 3 15 3 16 4 15 3 15 4 14 4 14 5 14 5 13 6 14 6 13 6 13 7 12 6 12 8 12 7 12 8 11 8 11 8 10 0 0 0 0 0 0 0 0 0 0 ]
4054,1782728721.435346,18.6090,-61,CSI_DATA,AP,98:F4:AB:29:67:94,-61,11,1,7,1,1,1,1,0,0,0,-96,1,6,1,1139540866,0,84,0,0,1139.92,384,[84 -64 4 0 0 0 0 0 0 0 0 0 -5 23 -6 23 -7 23 -8 22 -8 22 -9 21 -9 21 -10 20 -10 21 -10 19 -11 20 -10 20 -11 20 -11 19 -11 18 -11 19 -11 18 -11 17 -10 16 -12 17 -11 17 -11 16 -11 16 -10 16 -10 16 -10 16 0 0 -9 15 -9 16 -8 16 -8 15 -7 14 -6 15 -7 14 -6 14 -6 15 -5 15 -5 15 -4 14 -4 14 -4 15 -4 15 -3 15 -3 14 -2 14 -2 15 -2 14 -2 14 0 14 0 14 1 14 0 14 2 13 0 0 0 0 0 0 0 0 0 0 ]
4055,1782728721.692383,18.5123,-61,CSI_DATA,AP,98:F4:AB:29:67:94,-61,11,1,7,1,1,1,1,0,0,0,-96,1,6,1,1139633911,0,84,0,0,1140.02,384,[84 -64 4 0 0 0 0 0 0 0 0 0 -13 19 -13 19 -14 19 -15 19 -14 17 -15 17 -16 17 -17 16 -17 16 -17 15 -17 16 -18 16 -17 14 -17 14 -17 13 -18 14 -17 13 -17 12 -16 12 -17 12 -16 11 -16 11 -16 11 -15 12 -15 11 -15 12 0 0 -14 11 -14 12 -14 11 -13 12 -13 10 -12 11 -12 11 -12 12 -11 12 -11 12 -10 13 -10 12 -9 12 -9 12 -9 13 -9 13 -8 13 -7 13 -8 13 -7 13 -7 13 -6 13 -5 13 -5 14 -5 13 -5 13 0 0 0 0 0 0 0 0 0 0 ]
4056,1782728722.029546,18.6955,-61,CSI_DATA,AP,98:F4:AB:29:67:94,-61,11,1,7,1,1,1,1,0,0,0,-96,1,6,1,1139727409,0,84,0,0,1140.11,384,[84 -64 4 0 0 0 0 0 0 0 0 0 -22 7 -23 6 -24 6 -23 5 -24 4 -23 4 -24 3 -24 3 -24 3 -23 1 -24 1 -23 1 -23 0 -23 0 -21 0 -23 0 -22 0 -21 -1 -21 -1 -20 0 -20 -1 -20 0 -19 0 -19 0 -19 0 -19 0 0 0 -19 1 -18 2 -18 1 -18 2 -17 1 -17 2 -16 2 -17 3 -16 3 -16 3 -16 4 -15 4 -15 4 -15 5 -15 5 -15 6 -15 6 -14 6 -14 7 -14 7 -13 7 -12 8 -13 7 -12 8 -12 8 -11 9 0 0 0 0 0 0 0 0 0 0 ]
4057,1782728722.374935,18.7402,-61,CSI_DATA,AP,98:F4:AB:29:67:94,-61,11,1,7,1,1,1,1,0,0,0,-96,1,6,1,1139813369,0,84,0,0,1140.2,384,[84 -64 4 0 0 0 0 0 0 0 0 0 -17 -18 -15 -18 -16 -19 -15 -19 -14 -20 -13 -19 -13 -20 -12 -20 -13 -20 -11 -21 -11 -21 -10 -21 -10 -21 -10 -21 -10 -20 -11 -21 -10 -19 -10 -20 -8 -19 -9 -18 -9 -18 -8 -18 -8 -18 -8 -18 -8 -17 -9 -17 0 0 -9 -16 -10 -16 -9 -15 -11 -15 -8 -14 -10 -15 -10 -14 -10 -14 -10 -13 -11 -13 -11 -13 -10 -12 -11 -12 -10 -11 -12 -11 -12 -10 -13 -11 -12 -10 -12 -10 -13 -9 -13 -9 -13 -8 -13 -8 -13 -8 -13 -7 -13 -6 0 0 0 0 0 0 0 0 0 0 ]
4058,1782728722.686928,18.3141,-61,CSI_DATA,AP,98:F4:AB:29:67:94,-61,11,1,7,1,1,1,1,0,0,0,-96,1,6,1,1139902230,0,84,0,0,1140.28,384,[84 -64 4 0 0 0 0 0 0 0 0 0 20 11 20 12 19 12 18 13 18 13 18 14 17 15 16 15 16 15 16 15 15 15 15 16 15 16 14 16 14 16 14 16 14 16 13 15 13 15 13 15 11 15 12 15 12 14 12 14 11 14 12 14 0 0 12 13 13 12 12 13 13 11 12 11 11 11 12 10 12 10 12 9 12 8 13 8 12 8 12 8 12 7 13 7 13 6 13 7 13 6 13 6 13 5 13 5 13 4 13 4 13 4 13 3 13 3 0 0 0 0 0 0 0 0 0 0 ]
4059,1782728722.934538,18.8888,-62,CSI_DATA,AP,98:F4:AB:29:67:94,-62,11,1,7,1,1,1,1,0,0,1,-96,1,6,1,1139995072,0,84,0,0,1140.38,384,[84 -64 4 0 0 0 0 0 0 0 0 0 -3 -24 -2 -24 -1 -24 0 -24 1 -25 2 -24 3 -23 3 -23 3 -23 4 -23 4 -23 4 -23 4 -22 4 -22 4 -21 5 -22 5 -21 5 -21 5 -20 6 -20 6 -19 5 -19 5 -19 4 -19 4 -19 4 -19 0 0 4 -19 2 -18 2 -18 2 -18 2 -17 2 -17 3 -17 1 -17 1 -16 0 -16 -1 -16 -1 -16 -2 -16 -2 -15 -2 -16 -2 -16 -3 -16 -3 -15 -3 -15 -3 -15 -3 -15 -4 -14 -5 -14 -6 -14 -5 -14 -6 -13 0 0 0 0 0 0 0 0 0 0 ]
4060,1782728723.200900,19.0383,-61,CSI_DATA,AP,98:F4:AB:29:67:94,-61,11,1,7,1,1,1,1,0,0,1,-96,1,6,1,1140080868,0,84,0,0,1140.46,384,[84 -64 4 0 0 0 0 0 0 0 0 0 0 23 -2 23 -2 23 -3 23 -3 23 -4 22 -5 23 -5 22 -6 23 -6 22 -6 21 -7 22 -7 21 -7 21 -6 20 -7 22 -7 20 -7 19 -7 19 -7 19 -7 18 -6 18 -6 17 -5 17 -6 18 -5 18 0 0 -4 17 -4 18 -4 17 -3 16 -4 15 -3 16 -3 15 -2 15 -1 16 -1 15 -1 15 -1 14 0 15 1 15 1 15 1 14 2 15 2 14 3 14 3 14 2 14 4 14 4 14 5 13 4 12 5 12 0 0 0 0 0 0 0 0 0 0 ]
4061,1782728723.467882,18.5453,-61,CSI_DATA,AP,98:F4:AB:29:67:94,-61,11,1,6,1,1,1,1,0,0,0,-96,1,6,1,1140178561,0,84,0,0,1140.56,384,[84 -64 4 0 0 0 0 0 0 0 0 0 21 -9 21 -7 22 -7 22 -6 22 -6 21 -5 22 -5 22 -4 22 -4 22 -3 22 -3 22 -3 21 -2 21 -2 20 -2 22 -1 21 -1 20 -1 19 -1 19 -1 19 -1 19 -1 18 -1 18 -1 18 -1 18 -2 0 0 17 -3 17 -3 16 -3 16 -4 15 -3 16 -4 16 -3 15 -4 15 -5 15 -5 14 -5 13 -5 14 -5 13 -6 13 -7 13 -7 13 -7 12 -8 12 -8 11 -8 11 -9 11 -9 11 -9 10 -10 10 -9 9 -10 0 0 0 0 0 0 0 0 0 0 ]
4062,1782728723.725573,18.5072,-61,CSI_DATA,AP,98:F4:AB:29:67:94,-61,11,1,7,1,1,1,1,0,0,1,-96,1,6,1,1140263319,0,84,0,0,1140.65,384,[84 -64 4 0 0 0 0 0 0 0 0 0 -8 22 -9 21 -9 21 -10 22 -11 21 -11 20 -12 20 -13 20 -13 19 -13 19 -13 19 -14 19 -13 18 -13 18 -13 17 -14 17 -14 17 -14 16 -13 15 -13 15 -13 15 -13 15 -13 14 -12 15 -11 15 -11 15 0 0 -11 15 -10 15 -10 15 -10 14 -9 14 -9 14 -9 14 -8 14 -8 14 -7 14 -6 14 -6 14 -5 14 -5 14 -5 14 -5 15 -5 14 -4 14 -4 14 -3 14 -3 14 -3 14 -2 14 -1 14 -1 14 0 14 0 0 0 0 0 0 0 0 0 0 ]
4063,1782728723.988336,18.7204,-61,CSI_DATA,AP,98:F4:AB:29:67:94,-61,11,1,7,1,1,1,1,0,0,1,-96,1,6,1,1140351312,0,84,0,0,1140.73,384,[84 -64 4 0 0 0 0 0 0 0 0 0 -10 -22 -9 -23 -8 -23 -8 -23 -7 -23 -6 -22 -5 -23 -4 -23 -4 -23 -4 -24 -4 -24 -3 -23 -3 -23 -3 -23 -2 -22 -2 -23 -2 -22 -2 -21 -2 -21 -1 -21 -1 -20 -1 -20 -1 -19 -1 -19 -2 -19 -2 -19 0 0 -2 -18 -3 -19 -3 -18 -3 -18 -3 -17 -4 -18 -4 -17 -4 -16 -4 -16 -5 -16 -5 -16 -5 -15 -6 -15 -6 -15 -6 -15 -7 -14 -7 -15 -7 -14 -7 -14 -8 -13 -7 -13 -9 -13 -8 -13 -9 -12 -9 -11 -9 -11 0 0 0 0 0 0 0 0 0 0 ]
4064,1782728724.235637,18.2376,-62,CSI_DATA,AP,98:F4:AB:29:67:94,-62,11,1,7,1,1,1,1,0,0,0,-96,1,6,1,1140441713,0,84,0,0,1140.82,384,[84 -64 4 0 0 0 0 0 0 0 0 0 -12 -18 -11 -18 -12 -19 -11 -19 -11 -19 -9 -18 -9 -19 -8 -19 -8 -20 -8 -20 -7 -20 -7 -20 -6 -20 -6 -20 -6 -19 -6 -20 -5 -18 -5 -19 -5 -18 -5 -18 -5 -17 -5 -17 -5 -17 -5 -17 -5 -17 -5 -16 0 0 -6 -16 -6 -16 -5 -15 -6 -15 -5 -14 -6 -14 -6 -14 -7 -14 -7 -14 -7 -13 -7 -13 -7 -12 -8 -12 -8 -12 -8 -12 -8 -11 -8 -12 -8 -11 -9 -11 -9 -10 -9 -10 -9 -10 -9 -10 -10 -10 -10 -8 -10 -8 0 0 0 0 0 0 0 0 0 0 ]
4065,1782728724.476238,18.5572,-61,CSI_DATA,AP,98:F4:AB:29:67:94,-61,11,1,6,1,1,1,1,0,0,0,-96,1,6,1,1140533838,0,84,0,0,1140.92,384,[84 -64 4 0 0 0 0 0 0 0 0 0 -19 18 -19 17 -20 18 -20 16 -21 16 -19 15 -21 15 -21 14 -21 14 -22 12 -22 14 -22 12 -22 11 -21 12 -21 11 -22 12 -21 11 -22 11 -20 9 -20 10 -20 9 -19 10 -20 9 -18 9 -19 10 -18 10 0 0 -18 10 -18 11 -16 10 -17 11 -15 9 -15 10 -15 10 -14 11 -14 11 -14 11 -14 12 -13 11 -13 11 -12 12 -11 13 -11 13 -11 14 -10 12 -11 13 -9 13 -9 13 -8 14 -9 14 -8 14 -8 13 -7 14 0 0 0 0 0 0 0 0 0 0 ]
4066,1782728724.733891,19.3879,-61,CSI_DATA,AP,98:F4:AB:29:67:94,-61,11,1,7,1,1,1,1,0,0,0,-96,1,6,1,1140623651,0,84,0,0,1141.01,384,[84 -64 4 0 0 0 0 0 0 0 0 0 -24 2 -24 0 -25 0 -24 -2 -24 -2 -23 -2 -23 -2 -23 -3 -23 -3 -23 -4 -23 -4 -23 -5 -23 -6 -23 -6 -21 -5 -23 -6 -21 -5 -21 -6 -20 -6 -21 -6 -20 -7 -19 -6 -19 -5 -19 -6 -19 -6 -19 -5 0 0 -18 -4 -18 -4 -18 -4 -18 -3 -16 -4 -17 -3 -17 -2 -17 -2 -17 -2 -17 -1 -17 -1 -15 -1 -16 0 -16 0 -16 1 -15 1 -16 1 -16 2 -15 2 -15 3 -15 3 -14 3 -15 4 -14 4 -14 4 -14 5 0 0 0 0 0 0 0 0 0 0 ]
4067,1782728724.985056,20.0288,-61,CSI_DATA,AP,98:F4:AB:29:67:94,-61,11,1,7,1,1,1,1,0,0,0,-96,1,6,1,1140711554,0,84,0,0,1141.09,384,[84 -64 4 0 0 0 0 0 0 0 0 0 -24 6 -24 4 -24 3 -24 2 -24 2 -24 1 -24 1 -23 0 -24 0 -23 -2 -23 -1 -24 -1 -24 -2 -23 -3 -23 -3 -23 -3 -22 -3 -21 -3 -20 -4 -20 -3 -20 -4 -20 -3 -19 -3 -19 -2 -20 -3 -19 -2 0 0 -19 -2 -19 -2 -18 -1 -18 -1 -17 -1 -17 -1 -17 -1 -17 0 -17 1 -16 1 -17 2 -16 1 -16 2 -16 2 -15 3 -15 3 -15 3 -15 4 -15 4 -14 5 -15 4 -14 5 -14 5 -13 6 -13 6 -12 7 0 0 0 0 0 0 0 0 0 0 ]
4068,1782728725.245869,18.7844,-61,CSI_DATA,AP,98:F4:AB:29:67:94,-61,11,1,6,1,1,1,1,0,0,0,-96,1,6,1,1140802413,0,84,0,0,1141.19,384,[84 -64 4 0 0 0 0 0 0 0 0 0 -2 22 -2 23 -3 23 -3 22 -4 23 -5 22 -5 22 -5 21 -6 21 -7 21 -8 21 -8 21 -8 21 -8 20 -7 19 -8 21 -7 20 -8 19 -8 18 -8 18 -7 17 -7 18 -8 17 -7 17 -7 16 -7 16 0 0 -6 16 -5 17 -5 16 -5 16 -5 15 -4 15 -3 16 -3 15 -3 15 -3 15 -2 15 -2 15 -1 15 0 15 -1 15 0 14 0 15 1 14 1 14 2 14 1 13 2 14 2 14 3 13 3 13 3 13 0 0 0 0 0 0 0 0 0 0 ]
4069,1782728725.499344,19.3747,-61,CSI_DATA,AP,98:F4:AB:29:67:94,-61,11,1,6,1,1,1,1,0,0,0,-96,1,6,1,1140893460,0,84,0,0,1141.28,384,[84 -64 4 0 0 0 0 0 0 0 0 0 21 -15 21 -14 23 -14 22 -13 23 -12 22 -11 24 -11 23 -9 23 -10 24 -9 24 -9 24 -8 23 -7 23 -7 22 -6 23 -8 22 -7 23 -7 20 -6 21 -7 20 -6 21 -6 21 -6 19 -5 19 -5 19 -6 0 0 18 -7 19 -8 17 -7 18 -9 16 -7 16 -8 16 -8 16 -9 15 -9 15 -10 14 -10 13 -9 13 -10 13 -10 13 -11 12 -11 13 -12 11 -12 12 -12 10 -13 11 -12 10 -12 11 -13 9 -13 9 -13 8 -13 0 0 0 0 0 0 0 0 0 0 ]
4070,1782728725.751237,19.8497,-61,CSI_DATA,AP,98:F4:AB:29:67:94,-61,11,1,7,1,1,1,1,0,0,0,-96,1,6,1,1140983740,0,84,0,0,1141.37,384,[84 -64 4 0 0 0 0 0 0 0 0 0 -24 5 -25 4 -25 5 -25 2 -24 2 -23 0 -24 0 -23 -1 -23 -2 -24 -1 -23 -2 -24 -1 -23 -2 -23 -2 -22 -2 -23 -4 -22 -2 -21 -3 -21 -3 -20 -4 -20 -4 -20 -3 -19 -3 -19 -2 -20 -3 -19 -2 0 0 -18 -1 -19 -1 -18 -1 -18 0 -17 -1 -17 -1 -17 -1 -17 0 -17 1 -17 1 -16 3 -16 2 -15 3 -16 3 -16 4 -15 4 -16 4 -15 4 -15 5 -14 5 -14 5 -14 5 -14 5 -13 7 -13 7 -12 7 0 0 0 0 0 0 0 0 0 0 ]
4071,1782728725.993516,19.6208,-61,CSI_DATA,AP,98:F4:AB:29:67:94,-61,11,1,7,1,1,1,1,0,0,0,-96,1,6,1,1141073708,0,84,0,0,1141.46,384,[84 -64 4 0 0 0 0 0 0 0 0 0 6 -23 6 -23 7 -23 8 -22 9 -22 9 -22 10 -21 10 -21 11 -20 11 -21 12 -21 12 -20 11 -19 12 -19 12 -18 12 -19 12 -18 12 -17 11 -17 12 -16 12 -16 11 -16 11 -16 11 -16 11 -16 10 -16 0 0 10 -15 9 -16 8 -15 8 -16 8 -15 8 -15 7 -15 6 -15 7 -15 6 -15 5 -15 5 -14 4 -15 4 -15 4 -16 4 -15 3 -16 3 -16 3 -15 2 -15 2 -15 1 -15 1 -15 0 -15 0 -15 -1 -15 0 0 0 0 0 0 0 0 0 0 ]
4072,1782728726.240823,20.4852,-61,CSI_DATA,AP,98:F4:AB:29:67:94,-61,11,1,6,1,1,1,1,0,0,0,-96,1,6,1,1141164506,0,84,0,0,1141.55,384,[84 -64 4 0 0 0 0 0 0 0 0 0 9 24 8 24 7 24 7 25 6 25 5 25 4 25 3 25 2 25 2 25 2 25 1 24 2 25 1 25 1 23 0 24 0 23 0 22 0 22 0 22 -1 21 0 21 -1 21 0 20 0 21 1 20 0 0 1 20 2 20 2 20 2 18 1 18 3 19 3 18 3 17 3 17 4 16 4 17 5 16 5 16 6 16 5 15 6 15 7 15 6 14 7 15 7 14 7 13 8 14 8 13 9 12 8 12 9 12 0 0 0 0 0 0 0 0 0 0 ]
4073,1782728726.491696,19.4580,-61,CSI_DATA,AP,98:F4:AB:29:67:94,-61,11,1,6,1,1,1,1,0,0,0,-96,1,6,1,1141250986,0,84,0,0,1141.63,384,[84 -64 4 0 0 0 0 0 0 0 0 0 -11 20 -11 20 -12 20 -13 19 -14 19 -13 18 -14 18 -15 17 -15 17 -15 17 -15 17 -15 16 -15 16 -15 16 -14 15 -16 16 -14 15 -15 14 -14 13 -14 13 -15 13 -14 13 -14 13 -13 13 -13 13 -12 13 0 0 -12 13 -12 14 -11 14 -10 13 -10 13 -10 12 -10 13 -9 13 -10 13 -8 14 -8 13 -7 13 -7 13 -6 14 -6 13 -6 14 -5 14 -5 13 -5 14 -4 14 -4 13 -3 13 -3 14 -2 14 -2 13 -1 13 0 0 0 0 0 0 0 0 0 0 ]
4074,1782728726.745482,18.0717,-61,CSI_DATA,AP,98:F4:AB:29:67:94,-61,11,1,6,1,1,1,1,0,0,0,-96,1,6,1,1141342598,0,84,0,0,1141.73,384,[84 -64 4 0 0 0 0 0 0 0 0 0 -16 14 -16 13 -17 13 -17 12 -18 12 -17 11 -18 10 -17 9 -18 10 -18 9 -19 10 -18 9 -18 9 -18 9 -18 7 -18 8 -17 7 -17 7 -17 7 -17 6 -17 6 -16 6 -15 6 -15 6 -16 7 -15 7 0 0 -14 7 -14 7 -14 7 -13 8 -13 7 -13 6 -13 7 -13 7 -12 8 -12 8 -11 9 -11 8 -10 8 -10 8 -10 9 -10 9 -9 10 -9 9 -9 10 -9 10 -9 9 -8 10 -8 10 -7 10 -7 10 -6 10 0 0 0 0 0 0 0 0 0 0 ]
4075,1782728727.002488,18.4914,-61,CSI_DATA,AP,98:F4:AB:29:67:94,-61,11,1,6,1,1,1,1,0,0,0,-96,1,6,1,1141432275,0,84,0,0,1141.82,384,[84 -64 4 0 0 0 0 0 0 0 0 0 3 -24 4 -23 6 -23 7 -22 7 -23 7 -22 8 -22 8 -21 9 -21 9 -21 10 -21 9 -21 10 -20 10 -20 10 -19 11 -20 10 -19 10 -18 10 -18 10 -17 10 -16 10 -17 10 -16 9 -16 9 -17 9 -17 0 0 8 -16 7 -16 8 -16 7 -16 7 -15 7 -16 6 -15 5 -15 6 -15 4 -15 4 -15 3 -14 3 -15 3 -15 3 -15 2 -16 2 -15 1 -15 2 -15 1 -15 0 -15 0 -15 0 -15 -1 -14 -1 -15 -2 -14 0 0 0 0 0 0 0 0 0 0 ]
4076,1782728727.267201,18.4830,-61,CSI_DATA,AP,98:F4:AB:29:67:94,-61,11,1,7,1,1,1,1,0,0,0,-96,1,6,1,1141522779,0,84,0,0,1141.91,384,[84 -64 4 0 0 0 0 0 0 0 0 0 19 -14 19 -13 21 -13 21 -11 21 -11 20 -11 21 -10 21 -9 21 -8 21 -9 21 -8 22 -8 21 -7 21 -7 20 -6 21 -6 20 -6 19 -6 19 -6 19 -5 18 -5 19 -5 18 -5 18 -5 18 -5 18 -6 0 0 17 -6 17 -6 16 -6 16 -7 15 -5 15 -7 15 -7 14 -7 14 -8 14 -8 13 -9 13 -8 13 -8 12 -8 12 -9 12 -9 12 -9 11 -10 11 -10 10 -10 10 -11 10 -11 10 -10 9 -12 9 -11 8 -12 0 0 0 0 0 0 0 0 0 0 ]
4077,1782728727.608431,18.3414,-61,CSI_DATA,AP,98:F4:AB:29:67:94,-61,11,1,7,1,1,1,1,0,0,0,-96,1,6,1,1141613815,0,84,0,0,1142,384,[84 -64 4 0 0 0 0 0 0 0 0 0 19 14 18 14 18 15 16 16 17 16 15 15 16 16 15 16 15 16 14 18 14 18 14 18 13 18 13 18 12 16 13 18 12 16 12 16 11 16 11 15 11 15 11 15 11 15 11 15 11 15 11 13 0 0 12 13 12 13 11 12 12 12 10 12 12 11 12 11 11 11 12 9 12 9 12 9 12 9 12 8 12 8 12 7 13 7 13 7 13 6 13 5 13 5 13 5 13 4 13 5 14 3 13 3 13 2 0 0 0 0 0 0 0 0 0 0 ]
4078,1782728727.979856,17.9829,-61,CSI_DATA,AP,98:F4:AB:29:67:94,-61,11,1,7,1,1,1,1,0,0,0,-96,1,6,1,1141702904,0,84,0,0,1142.09,384,[84 -64 4 0 0 0 0 0 0 0 0 0 -25 -4 -24 -6 -25 -6 -24 -8 -22 -7 -22 -9 -22 -8 -22 -9 -22 -10 -22 -10 -21 -10 -21 -10 -21 -10 -20 -11 -19 -10 -21 -10 -19 -10 -19 -10 -18 -11 -17 -11 -17 -11 -18 -10 -17 -10 -17 -9 -16 -9 -17 -9 0 0 -17 -8 -17 -8 -17 -8 -17 -7 -16 -7 -16 -7 -15 -6 -16 -7 -16 -6 -16 -5 -16 -3 -15 -4 -15 -3 -15 -3 -15 -2 -16 -2 -15 -2 -16 -1 -15 -1 -15 -1 -15 -1 -15 0 -15 0 -15 1 -14 2 -14 2 0 0 0 0 0 0 0 0 0 0 ]
4079,1782728728.280366,18.7654,-61,CSI_DATA,AP,98:F4:AB:29:67:94,-61,11,1,7,1,1,1,1,0,0,0,-96,1,6,1,1141792475,0,84,0,0,1142.18,384,[84 -64 4 0 0 0 0 0 0 0 0 0 -23 5 -24 4 -25 4 -24 2 -24 2 -24 2 -23 1 -23 0 -24 0 -23 -1 -23 -1 -23 -1 -23 -1 -23 -2 -22 -2 -23 -2 -22 -2 -22 -2 -21 -2 -20 -3 -20 -3 -20 -2 -19 -1 -19 -2 -19 -2 -19 0 0 0 -18 0 -19 0 -18 0 -18 1 -17 0 -17 1 -17 0 -16 1 -17 2 -16 3 -16 3 -15 2 -15 4 -16 4 -15 4 -15 5 -15 4 -15 5 -14 6 -14 6 -14 6 -13 6 -13 7 -13 7 -12 8 -12 8 0 0 0 0 0 0 0 0 0 0 ]
4080,1782728728.533421,19.7264,-61,CSI_DATA,AP,98:F4:AB:29:67:94,-61,11,1,7,1,1,1,1,0,0,0,-96,1,6,1,1141883155,0,84,0,0,1142.27,384,[84 -64 4 0 0 0 0 0 0 0 0 0 -9 -23 -8 -23 -7 -23 -7 -24 -6 -24 -5 -22 -4 -23 -4 -23 -4 -24 -3 -23 -3 -24 -3 -23 -2 -23 -2 -23 -2 -22 -2 -23 -2 -22 -1 -21 -1 -21 -1 -21 -1 -20 -1 -20 -1 -19 -1 -19 -1 -20 -2 -19 0 0 -3 -19 -3 -19 -3 -18 -4 -17 -3 -16 -3 -17 -4 -17 -5 -16 -5 -16 -5 -16 -6 -15 -6 -15 -7 -15 -6 -15 -7 -14 -8 -14 -8 -15 -8 -13 -8 -13 -9 -13 -8 -12 -9 -13 -9 -12 -10 -12 -10 -11 -10 -10 0 0 0 0 0 0 0 0 0 0 ]
4081,1782728728.805717,20.1417,-61,CSI_DATA,AP,98:F4:AB:29:67:94,-61,11,1,7,1,1,1,1,0,0,0,-96,1,6,1,1141972621,0,84,0,0,1142.36,384,[84 -64 4 0 0 0 0 0 0 0 0 0 -20 -12 -20 -13 -20 -15 -19 -15 -19 -15 -18 -16 -18 -16 -17 -16 -17 -16 -16 -17 -16 -17 -16 -18 -15 -17 -15 -18 -15 -17 -15 -18 -14 -16 -14 -16 -14 -16 -13 -16 -13 -16 -13 -15 -12 -15 -12 -15 -13 -15 -13 -14 0 0 -13 -13 -13 -12 -13 -13 -13 -12 -12 -13 -13 -12 -12 -12 -13 -12 -13 -10 -14 -10 -14 -10 -13 -10 -13 -9 -13 -9 -14 -8 -14 -7 -14 -8 -14 -7 -15 -6 -15 -6 -14 -5 -14 -5 -14 -5 -14 -4 -14 -3 -15 -3 0 0 0 0 0 0 0 0 0 0 ]
4082,1782728729.063276,20.4053,-62,CSI_DATA,AP,98:F4:AB:29:67:94,-62,11,1,7,1,1,1,1,0,0,1,-96,1,6,1,1142061496,0,84,0,0,1142.44,384,[84 -64 4 0 0 0 0 0 0 0 0 0 -22 -11 -21 -12 -21 -12 -21 -13 -20 -14 -19 -14 -19 -15 -18 -15 -18 -16 -18 -15 -18 -16 -17 -15 -17 -16 -17 -16 -16 -16 -16 -16 -16 -16 -15 -15 -15 -16 -14 -15 -13 -15 -14 -16 -14 -14 -13 -14 -14 -14 -14 -13 0 0 -14 -14 -13 -12 -14 -12 -14 -11 -13 -11 -13 -12 -13 -11 -13 -11 -13 -10 -13 -9 -14 -8 -14 -9 -14 -8 -14 -8 -14 -7 -14 -7 -14 -7 -14 -6 -14 -6 -14 -5 -14 -5 -14 -5 -14 -4 -15 -3 -14 -3 -15 -3 0 0 0 0 0 0 0 0 0 0 ]
4083,1782728729.303436,18.6834,-62,CSI_DATA,AP,98:F4:AB:29:67:94,-62,11,1,7,1,1,1,1,0,0,1,-96,1,6,1,1142154673,0,84,0,0,1142.54,384,[84 -64 4 0 0 0 0 0 0 0 0 0 13 19 12 19 11 20 11 20 10 21 9 20 10 21 8 21 8 21 6 22 7 21 7 21 6 21 6 21 5 20 5 21 5 20 4 20 4 19 4 19 4 18 4 18 4 18 5 18 4 17 5 17 0 0 5 17 5 17 6 16 5 16 5 14 5 15 6 15 6 14 6 14 6 13 7 13 7 13 8 13 8 13 8 12 8 11 9 12 9 11 9 11 9 10 9 10 10 10 10 10 11 9 10 8 10 8 0 0 0 0 0 0 0 0 0 0 ]
4084,1782728729.582701,18.6880,-61,CSI_DATA,AP,98:F4:AB:29:67:94,-61,11,1,7,1,1,1,1,0,0,1,-96,1,6,1,1142242200,0,84,0,0,1142.62,384,[84 -64 4 0 0 0 0 0 0 0 0 0 -7 23 -9 23 -8 21 -10 22 -10 21 -10 21 -11 20 -11 20 -12 20 -12 19 -13 19 -12 19 -12 19 -13 18 -13 17 -13 18 -13 17 -14 16 -12 16 -12 15 -12 15 -13 16 -12 15 -12 15 -12 15 -11 15 0 0 -11 15 -10 15 -9 15 -9 14 -9 13 -9 14 -8 14 -8 14 -8 14 -7 15 -7 15 -6 14 -6 14 -6 14 -5 14 -5 15 -5 14 -4 14 -4 14 -3 14 -3 14 -2 14 -2 14 -1 14 -2 14 -1 14 0 0 0 0 0 0 0 0 0 0 ]
4085,1782728729.832340,18.6356,-61,CSI_DATA,AP,98:F4:AB:29:67:94,-61,11,1,7,1,1,1,1,0,0,1,-96,1,6,1,1142330745,0,84,0,0,1142.71,384,[84 -64 4 0 0 0 0 0 0 0 0 0 24 -1 23 1 23 1 24 2 23 1 22 3 22 4 21 4 22 3 22 5 22 5 21 5 21 5 21 6 20 6 21 6 19 6 19 6 18 6 18 6 18 6 18 6 18 5 17 5 18 5 17 4 0 0 17 4 17 4 16 3 17 3 16 3 16 2 16 3 16 2 16 1 16 0 15 0 15 0 15 -1 15 -1 15 -2 15 -2 15 -2 15 -3 14 -4 13 -4 14 -4 13 -4 13 -4 13 -5 13 -5 12 -6 0 0 0 0 0 0 0 0 0 0 ]
4086,1782728730.087782,18.7081,-61,CSI_DATA,AP,98:F4:AB:29:67:94,-61,11,1,7,1,1,1,1,0,0,1,-96,1,6,1,1142424522,0,84,0,0,1142.81,384,[84 -64 4 0 0 0 0 0 0 0 0 0 -21 -13 -20 -14 -20 -15 -20 -15 -19 -16 -18 -16 -18 -16 -17 -17 -16 -17 -16 -17 -17 -17 -16 -17 -15 -18 -15 -17 -14 -17 -16 -18 -14 -17 -13 -17 -13 -17 -13 -16 -12 -17 -12 -16 -12 -15 -12 -15 -12 -15 -13 -14 0 0 -12 -14 -13 -14 -13 -14 -13 -12 -12 -13 -12 -13 -13 -12 -13 -12 -13 -11 -13 -10 -13 -10 -13 -9 -13 -10 -13 -9 -13 -8 -14 -8 -14 -9 -14 -8 -14 -7 -14 -7 -14 -7 -14 -7 -14 -6 -14 -5 -14 -4 -15 -4 0 0 0 0 0 0 0 0 0 0 ]
4087,1782728730.339500,18.1447,-61,CSI_DATA,AP,98:F4:AB:29:67:94,-61,11,1,7,1,1,1,1,0,0,0,-96,1,6,1,1142520709,0,84,0,0,1142.9,384,[84 -64 4 0 0 0 0 0 0 0 0 0 23 -7 24 -5 23 -4 24 -5 23 -2 21 -3 23 -2 23 -1 23 -1 22 -1 23 0 22 -1 22 0 22 0 21 0 22 0 21 0 19 1 20 1 20 1 19 1 19 1 18 0 18 0 18 0 19 0 0 0 18 -1 18 -2 17 -2 17 -3 16 -2 16 -3 16 -2 15 -4 15 -4 15 -4 15 -6 14 -5 14 -6 14 -6 14 -6 14 -7 13 -8 13 -8 13 -8 12 -9 12 -8 11 -9 11 -9 10 -10 10 -10 10 -10 0 0 0 0 0 0 0 0 0 0 ]
4088,1782728730.602757,18.6856,-62,CSI_DATA,AP,98:F4:AB:29:67:94,-62,11,1,7,1,1,1,1,0,0,1,-96,1,6,1,1142602965,0,84,0,0,1142.99,384,[84 -64 4 0 0 0 0 0 0 0 0 0 -13 -21 -11 -21 -11 -23 -10 -22 -10 -23 -8 -22 -8 -22 -7 -22 -7 -23 -7 -23 -6 -24 -6 -23 -6 -22 -6 -23 -5 -22 -5 -23 -4 -21 -4 -21 -4 -21 -4 -20 -3 -20 -3 -21 -3 -19 -4 -19 -4 -19 -5 -19 0 0 -5 -18 -5 -18 -5 -18 -5 -17 -5 -16 -6 -17 -5 -16 -6 -16 -7 -15 -7 -15 -7 -15 -7 -15 -8 -14 -8 -14 -8 -14 -9 -13 -9 -14 -9 -12 -9 -13 -9 -12 -10 -12 -10 -11 -10 -12 -11 -11 -11 -11 -11 -10 0 0 0 0 0 0 0 0 0 0 ]
4089,1782728730.851099,17.3458,-61,CSI_DATA,AP,98:F4:AB:29:67:94,-61,11,1,7,1,1,1,1,0,0,1,-96,1,6,1,1142690971,0,84,0,0,1143.07,384,[84 -64 4 0 0 0 0 0 0 0 0 0 -3 20 -3 20 -5 20 -6 20 -5 20 -6 19 -6 19 -7 19 -7 19 -8 18 -9 19 -9 18 -9 18 -9 16 -9 16 -10 18 -8 17 -8 16 -11 16 -9 16 -8 15 -8 15 -9 14 -8 14 -8 14 -7 15 0 0 -7 15 -7 15 -6 14 -6 14 -6 13 -5 14 -5 14 -4 13 -4 13 -3 13 -3 14 -3 13 -3 13 -2 12 -2 12 -1 13 -2 14 -1 13 0 13 1 13 0 12 1 12 1 12 1 12 1 12 2 11 0 0 0 0 0 0 0 0 0 0 ]
4090,1782728731.110169,18.1905,-61,CSI_DATA,AP,98:F4:AB:29:67:94,-61,11,1,7,1,1,1,1,0,0,1,-96,1,6,1,1142782628,0,84,0,0,1143.17,384,[84 -64 4 0 0 0 0 0 0 0 0 0 -7 -23 -5 -24 -5 -24 -4 -23 -3 -24 -3 -23 -1 -24 -1 -24 -1 -24 0 -24 0 -24 0 -24 0 -24 1 -23 1 -22 1 -23 1 -22 1 -22 2 -21 2 -20 2 -20 2 -20 2 -19 1 -19 1 -19 1 -19 0 0 1 -19 -1 -19 0 -18 0 -18 0 -17 -1 -17 -1 -17 -1 -17 -1 -17 -3 -16 -4 -16 -3 -16 -4 -16 -3 -15 -4 -15 -5 -15 -4 -15 -5 -15 -5 -15 -5 -15 -5 -14 -6 -14 -7 -13 -7 -13 -7 -13 -8 -13 0 0 0 0 0 0 0 0 0 0 ]
4091,1782728731.352517,18.1062,-61,CSI_DATA,AP,98:F4:AB:29:67:94,-61,11,1,7,1,1,1,1,0,0,0,-96,1,6,1,1142872138,0,84,0,0,1143.25,384,[84 -64 4 0 0 0 0 0 0 0 0 0 22 -8 21 -6 23 -6 23 -5 23 -5 22 -4 22 -4 22 -3 23 -3 22 -2 23 -2 23 -1 22 -1 21 -1 21 -1 23 0 20 0 20 -1 19 -1 20 -1 19 -1 19 -1 19 0 18 0 18 -1 19 -1 0 0 17 -2 18 -2 16 -2 16 -3 16 -2 16 -3 16 -3 15 -4 16 -5 15 -5 15 -5 14 -5 14 -6 13 -5 14 -7 13 -7 14 -7 13 -7 12 -8 12 -9 12 -8 11 -9 12 -9 11 -9 11 -10 10 -10 0 0 0 0 0 0 0 0 0 0 ]
4092,1782728731.612023,16.8993,-61,CSI_DATA,AP,98:F4:AB:29:67:94,-61,11,1,7,1,1,1,1,0,0,1,-96,1,6,1,1142964369,0,84,0,0,1143.35,384,[84 -64 4 0 0 0 0 0 0 0 0 0 16 14 14 14 15 14 14 14 14 15 13 15 13 16 12 16 12 16 11 17 11 16 11 17 10 17 10 16 9 16 10 17 9 15 9 16 8 16 8 15 8 14 8 15 8 15 8 14 8 14 8 13 0 0 9 13 9 13 8 13 9 11 8 11 9 11 8 11 9 10 9 10 9 10 10 9 9 9 9 9 10 8 10 8 10 8 10 8 11 7 11 7 11 6 11 6 11 6 11 6 11 5 11 5 11 4 0 0 0 0 0 0 0 0 0 0 ]
4093,1782728731.868708,16.9633,-61,CSI_DATA,AP,98:F4:AB:29:67:94,-61,11,1,7,1,1,1,1,0,0,1,-96,1,6,1,1143053330,0,84,0,0,1143.44,384,[84 -64 4 0 0 0 0 0 0 0 0 0 23 7 21 8 22 9 21 9 21 10 19 10 20 11 19 11 19 11 19 12 19 13 18 13 18 13 17 13 16 12 18 13 16 12 16 13 15 12 15 12 14 13 14 12 14 12 14 11 14 11 14 11 0 0 13 11 15 10 13 10 14 9 13 9 13 9 13 9 13 8 14 7 14 7 14 6 13 6 14 6 13 5 14 5 13 4 15 5 13 4 13 4 13 3 14 3 14 3 14 2 14 1 14 1 13 0 0 0 0 0 0 0 0 0 0 0 ]
4094,1782728732.118876,17.6140,-61,CSI_DATA,AP,98:F4:AB:29:67:94,-61,11,1,7,1,1,1,1,0,0,0,-96,1,6,1,1143144665,0,84,0,0,1143.53,384,[84 -64 4 0 0 0 0 0 0 0 0 0 0 23 -1 23 -1 24 -2 23 -3 23 -3 22 -4 23 -5 22 -5 22 -5 22 -5 22 -6 21 -6 22 -6 21 -6 20 -7 21 -7 20 -6 19 -7 19 -7 19 -7 18 -6 18 -7 17 -6 17 -6 17 -6 18 0 0 -5 17 -4 17 -4 17 -4 17 -4 16 -3 16 -3 16 -3 15 -2 15 -2 16 -1 16 -1 15 0 16 0 15 0 14 0 15 1 15 1 14 1 14 2 14 2 15 3 14 3 14 4 14 4 13 4 13 0 0 0 0 0 0 0 0 0 0 ]
4095,1782728732.379126,15.0004,-61,CSI_DATA,AP,98:F4:AB:29:67:94,-61,11,1,7,1,1,1,1,0,0,0,-96,1,6,1,1143232918,0,84,0,0,1143.62,384,[84 -64 4 0 0 0 0 0 0 0 0 0 -6 -16 -5 -16 -5 -16 -4 -15 -4 -15 -2 -15 -2 -15 -3 -15 -2 -16 -2 -15 -1 -16 -2 -15 -1 -15 -1 -14 0 -14 -1 -16 0 -13 -1 -14 0 -14 1 -13 0 -13 0 -13 0 -12 0 -13 0 -13 -1 -13 0 0 -1 -13 -1 -12 -1 -12 -1 -11 -1 -11 -1 -11 -1 -11 -2 -11 -2 -11 -2 -10 -3 -10 -3 -10 -3 -10 -3 -10 -3 -10 -4 -10 -4 -10 -4 -9 -4 -9 -5 -9 -4 -9 -5 -9 -5 -9 -5 -9 -5 -8 -6 -8 0 0 0 0 0 0 0 0 0 0 ]
4096,1782728732.629562,16.9260,-61,CSI_DATA,AP,98:F4:AB:29:67:94,-61,11,1,7,1,1,1,1,0,0,0,-96,1,6,1,1143326324,0,84,0,0,1143.71,384,[84 -64 4 0 0 0 0 0 0 0 0 0 10 -22 11 -20 12 -21 12 -20 12 -20 13 -19 15 -19 14 -18 14 -18 15 -17 15 -18 15 -18 15 -17 15 -17 14 -16 15 -17 15 -15 15 -15 14 -15 14 -14 14 -14 14 -14 13 -14 13 -14 13 -14 13 -14 0 0 12 -14 11 -15 11 -14 11 -14 10 -13 10 -13 10 -14 9 -14 8 -14 8 -15 7 -14 6 -14 6 -14 6 -14 6 -15 5 -15 6 -14 4 -15 5 -15 4 -14 4 -14 2 -14 3 -15 2 -15 1 -15 1 -15 0 0 0 0 0 0 0 0 0 0 ]
4097,1782728732.895181,17.4455,-62,CSI_DATA,AP,98:F4:AB:29:67:94,-62,11,1,7,1,1,1,1,0,0,0,-96,1,6,1,1143411541,0,84,0,0,1143.79,384,[84 -64 4 0 0 0 0 0 0 0 0 0 -9 -8 -8 -9 -7 -9 -8 -9 -7 -10 -8 -9 -6 -10 -7 -10 -7 -10 -6 -9 -7 -10 -7 -10 -6 -10 -5 -9 -6 -9 -6 -10 -5 -9 -5 -10 -5 -9 -5 -9 -4 -9 -4 -9 -4 -9 -5 -8 -5 -8 -5 -9 0 0 -5 -8 -6 -8 -5 -8 -5 -7 -5 -7 -5 -7 -5 -7 -5 -7 -6 -6 -6 -6 -6 -6 -6 -6 -6 -5 -6 -5 -6 -5 -6 -5 -6 -5 -6 -4 -6 -5 -6 -4 -6 -4 -7 -4 -7 -4 -7 -3 -7 -3 -6 -3 0 0 0 0 0 0 0 0 0 0 ]
4098,1782728733.153152,18.2911,-61,CSI_DATA,AP,98:F4:AB:29:67:94,-61,11,1,7,1,1,1,1,0,0,1,-96,1,6,1,1143502109,0,84,0,0,1143.88,384,[84 -64 4 0 0 0 0 0 0 0 0 0 22 6 21 8 22 8 22 9 21 9 20 10 20 11 19 11 19 11 19 12 20 11 19 11 19 12 19 12 17 12 18 12 17 12 16 12 16 11 16 12 16 11 15 11 15 10 15 9 16 9 16 9 0 0 15 9 15 9 16 8 15 7 14 7 15 7 14 7 14 6 14 5 14 4 15 4 14 3 14 3 15 3 15 2 15 1 15 2 14 1 15 1 14 1 14 0 14 0 14 0 14 -2 13 -2 14 -3 0 0 0 0 0 0 0 0 0 0 ]
4099,1782728733.400482,18.1632,-61,CSI_DATA,AP,98:F4:AB:29:67:94,-61,11,1,7,1,1,1,1,0,0,1,-96,1,6,1,1143594621,0,84,0,0,1143.98,384,[84 -64 4 0 0 0 0 0 0 0 0 0 12 -4 13 -2 13 -1 13 -1 13 0 12 -1 13 0 13 -1 13 0 13 0 13 0 13 0 14 0 12 0 11 1 13 1 12 1 11 2 10 0 11 2 10 1 10 1 10 1 10 1 10 0 10 0 0 0 10 0 10 -1 10 0 9 -1 9 -1 9 -1 9 -1 8 -1 9 -1 8 -2 8 -3 8 -2 8 -3 8 -3 8 -3 8 -3 8 -4 7 -4 7 -4 6 -4 7 -4 7 -5 7 -5 6 -6 6 -5 6 -6 0 0 0 0 0 0 0 0 0 0 ]
4100,1782728733.748937,19.4098,-61,CSI_DATA,AP,98:F4:AB:29:67:94,-61,11,1,6,1,1,1,1,0,0,0,-96,1,6,1,1143690279,0,84,0,0,1144.07,384,[84 -64 4 0 0 0 0 0 0 0 0 0 -16 -18 -15 -18 -15 -19 -14 -19 -14 -20 -12 -19 -13 -20 -11 -19 -12 -20 -11 -20 -10 -21 -10 -21 -9 -21 -9 -21 -8 -19 -9 -21 -8 -19 -8 -20 -8 -19 -8 -19 -7 -18 -7 -19 -7 -18 -7 -17 -7 -18 -7 -17 0 0 -8 -16 -9 -17 -8 -16 -9 -15 -8 -15 -9 -15 -9 -14 -9 -14 -9 -13 -9 -13 -10 -13 -10 -13 -10 -12 -10 -12 -11 -12 -11 -11 -12 -12 -11 -11 -11 -10 -12 -9 -11 -10 -12 -9 -12 -9 -12 -9 -12 -8 -12 -7 0 0 0 0 0 0 0 0 0 0 ]
4101,1782728734.109032,18.9560,-62,CSI_DATA,AP,98:F4:AB:29:67:94,-62,11,1,7,1,1,1,1,0,0,1,-96,1,6,1,1143775458,0,84,0,0,1144.16,384,[84 -64 4 0 0 0 0 0 0 0 0 0 22 -10 21 -8 22 -9 21 -8 22 -7 22 -6 22 -6 22 -5 21 -6 22 -4 23 -4 22 -3 22 -3 21 -3 20 -2 22 -2 20 -2 21 -2 19 -2 19 -2 19 -2 19 -3 19 -2 18 -2 18 -1 18 -2 0 0 18 -3 18 -3 16 -4 17 -4 16 -4 16 -4 15 -4 15 -5 15 -5 15 -6 14 -7 14 -5 14 -6 13 -6 14 -8 13 -8 13 -8 12 -8 12 -8 11 -9 11 -9 11 -9 11 -9 10 -10 11 -10 10 -10 0 0 0 0 0 0 0 0 0 0 ]
4102,1782728734.408848,19.2623,-61,CSI_DATA,AP,98:F4:AB:29:67:94,-61,11,1,7,1,1,1,1,0,0,1,-96,1,6,1,1143861406,0,84,0,0,1144.24,384,[84 -64 4 0 0 0 0 0 0 0 0 0 -23 -8 -22 -9 -23 -11 -23 -12 -22 -12 -21 -13 -20 -12 -19 -13 -20 -13 -19 -13 -20 -12 -20 -13 -20 -13 -19 -13 -18 -14 -19 -13 -18 -13 -18 -13 -17 -13 -16 -13 -16 -13 -16 -12 -15 -12 -17 -11 -16 -11 -16 -10 0 0 -16 -10 -16 -10 -17 -10 -16 -8 -15 -9 -15 -9 -15 -8 -15 -8 -15 -7 -15 -6 -16 -5 -15 -5 -15 -4 -15 -5 -15 -4 -16 -3 -16 -3 -16 -2 -16 -2 -15 -2 -15 -2 -15 -1 -15 0 -15 1 -15 2 -14 2 0 0 0 0 0 0 0 0 0 0 ]
4103,1782728734.658392,19.6344,-61,CSI_DATA,AP,98:F4:AB:29:67:94,-61,11,1,7,1,1,1,1,0,0,1,-96,1,6,1,1143953382,0,84,0,0,1144.34,384,[84 -64 4 0 0 0 0 0 0 0 0 0 -2 -25 0 -24 0 -25 0 -24 0 -23 1 -23 1 -23 2 -23 2 -23 5 -23 5 -23 4 -22 4 -22 5 -23 6 -21 5 -22 5 -20 5 -21 5 -20 5 -20 5 -20 5 -19 5 -19 4 -19 4 -19 4 -19 0 0 3 -18 3 -18 3 -17 2 -18 2 -16 1 -17 1 -17 0 -17 0 -16 0 -16 0 -16 -1 -15 -1 -16 -1 -16 -2 -16 -2 -15 -3 -16 -3 -15 -4 -15 -4 -15 -4 -14 -5 -14 -4 -15 -5 -14 -5 -14 -6 -13 0 0 0 0 0 0 0 0 0 0 ]
4104,1782728734.921979,19.1251,-61,CSI_DATA,AP,98:F4:AB:29:67:94,-61,11,1,7,1,1,1,1,0,0,0,-96,1,6,1,1144040792,0,84,0,0,1144.42,384,[84 -64 4 0 0 0 0 0 0 0 0 0 18 15 16 15 17 17 15 16 15 18 14 17 13 18 13 18 14 18 12 19 12 19 11 19 10 19 10 19 10 18 10 20 9 18 9 18 9 17 9 17 8 17 9 18 8 17 8 17 8 17 9 16 0 0 8 15 10 15 9 15 10 14 8 13 9 13 9 14 9 13 10 12 10 12 10 11 10 12 10 11 10 10 11 10 11 9 11 10 11 9 11 8 12 8 12 8 12 7 12 8 12 7 12 7 12 6 0 0 0 0 0 0 0 0 0 0 ]
4105,1782728735.179628,18.1991,-62,CSI_DATA,AP,98:F4:AB:29:67:94,-62,11,1,7,1,1,1,1,0,0,0,-96,1,6,1,1144132950,0,84,0,0,1144.52,384,[84 -64 4 0 0 0 0 0 0 0 0 0 -10 21 -10 21 -11 21 -11 20 -12 20 -13 19 -14 19 -14 18 -14 18 -14 17 -15 18 -15 17 -15 16 -15 16 -14 15 -15 17 -14 16 -14 16 -14 14 -14 14 -14 14 -14 13 -14 13 -13 14 -13 13 -13 14 0 0 -12 13 -12 14 -11 13 -10 14 -10 12 -10 13 -10 12 -9 12 -9 13 -9 13 -8 14 -8 13 -7 13 -7 14 -7 14 -5 14 -6 15 -5 14 -5 14 -5 13 -5 13 -3 13 -4 14 -3 14 -3 13 -2 14 0 0 0 0 0 0 0 0 0 0 ]
4106,1782728735.435114,18.3750,-61,CSI_DATA,AP,98:F4:AB:29:67:94,-61,11,1,7,1,1,1,1,0,0,0,-96,1,6,1,1144220585,0,84,0,0,1144.6,384,[84 -64 4 0 0 0 0 0 0 0 0 0 22 -8 22 -8 23 -7 23 -6 23 -6 22 -5 22 -4 22 -3 22 -4 22 -2 23 -2 22 -2 22 -2 22 -1 21 -1 22 -1 21 -1 21 0 20 0 19 0 19 0 19 0 19 0 19 0 18 0 18 -1 0 0 18 -1 18 -2 17 -1 17 -3 16 -2 17 -2 16 -2 15 -3 15 -3 15 -4 15 -5 15 -3 14 -4 14 -5 15 -5 14 -6 15 -6 14 -6 13 -7 13 -7 13 -7 12 -7 12 -7 12 -8 12 -8 11 -8 0 0 0 0 0 0 0 0 0 0 ]
4107,1782728735.686112,17.8607,-62,CSI_DATA,AP,98:F4:AB:29:67:94,-62,11,1,7,1,1,1,1,0,0,0,-96,1,6,1,1144313083,0,84,0,0,1144.7,384,[84 -64 4 0 0 0 0 0 0 0 0 0 23 0 23 1 23 2 23 3 22 3 22 4 22 4 21 4 22 4 22 6 22 6 21 6 21 7 21 7 20 7 20 6 19 6 18 6 19 7 18 6 18 7 18 6 17 5 16 7 17 6 17 5 0 0 18 5 17 5 17 4 16 3 15 4 16 3 15 3 15 2 15 1 15 0 15 0 15 1 15 0 15 0 15 -1 15 -1 15 -1 14 -2 14 -3 14 -3 14 -3 13 -3 13 -3 13 -4 13 -5 12 -5 0 0 0 0 0 0 0 0 0 0 ]
4108,1782728735.943352,18.5251,-61,CSI_DATA,AP,98:F4:AB:29:67:94,-61,11,1,7,1,1,1,1,0,0,1,-96,1,6,1,1144401738,0,84,0,0,1144.78,384,[84 -64 4 0 0 0 0 0 0 0 0 0 -21 13 -20 12 -21 11 -21 11 -22 11 -21 10 -22 10 -22 8 -21 9 -23 8 -22 8 -22 7 -22 6 -22 6 -21 6 -22 6 -20 6 -21 6 -20 6 -19 5 -20 4 -19 5 -19 5 -19 5 -19 4 -18 5 0 0 -17 6 -18 7 -17 6 -17 7 -16 6 -15 7 -15 6 -15 7 -15 7 -15 8 -14 9 -14 8 -13 8 -12 8 -13 10 -12 10 -13 10 -12 10 -12 10 -11 10 -11 10 -9 10 -10 11 -9 11 -9 11 -9 11 0 0 0 0 0 0 0 0 0 0 ]
4109,1782728736.192518,18.3748,-62,CSI_DATA,AP,98:F4:AB:29:67:94,-62,11,1,7,1,1,1,1,0,0,1,-96,1,6,1,1144492313,0,84,0,0,1144.88,384,[84 -64 4 0 0 0 0 0 0 0 0 0 -10 21 -11 20 -12 21 -12 20 -13 20 -13 18 -13 19 -14 17 -14 18 -15 17 -15 18 -15 17 -16 16 -15 16 -15 15 -16 17 -15 15 -15 15 -14 13 -14 14 -15 14 -14 14 -14 13 -13 13 -13 13 -13 13 0 0 -12 13 -12 14 -11 13 -11 14 -10 12 -10 13 -10 13 -10 13 -9 13 -8 14 -8 14 -7 13 -6 13 -7 13 -6 14 -6 13 -6 14 -5 14 -5 14 -4 14 -4 14 -3 14 -3 14 -2 14 -3 14 -2 13 0 0 0 0 0 0 0 0 0 0 ]
4110,1782728736.436706,19.3255,-61,CSI_DATA,AP,98:F4:AB:29:67:94,-61,11,1,7,1,1,1,1,0,0,1,-96,1,6,1,1144581112,0,84,0,0,1144.96,384,[84 -64 4 0 0 0 0 0 0 0 0 0 -21 -13 -20 -13 -20 -15 -20 -15 -20 -15 -18 -16 -18 -16 -17 -16 -16 -17 -17 -17 -17 -18 -16 -17 -16 -18 -15 -18 -15 -17 -15 -18 -14 -17 -13 -17 -13 -16 -12 -16 -12 -16 -12 -16 -12 -16 -11 -15 -13 -15 -13 -15 0 0 -12 -14 -13 -14 -13 -14 -13 -12 -12 -12 -12 -13 -12 -12 -12 -12 -12 -11 -13 -10 -13 -10 -13 -10 -13 -9 -13 -9 -14 -9 -14 -8 -14 -9 -13 -8 -14 -8 -14 -7 -14 -7 -15 -6 -14 -6 -14 -6 -14 -5 -14 -4 0 0 0 0 0 0 0 0 0 0 ]
4111,1782728736.687115,18.7120,-61,CSI_DATA,AP,98:F4:AB:29:67:94,-61,11,1,7,1,1,1,1,0,0,1,-96,1,6,1,1144672645,0,84,0,0,1145.06,384,[84 -64 4 0 0 0 0 0 0 0 0 0 0 24 -2 24 -2 23 -3 22 -3 23 -4 21 -3 23 -5 23 -5 22 -5 21 -6 21 -7 21 -7 21 -7 21 -6 20 -7 21 -7 19 -8 19 -7 18 -7 18 -7 18 -7 18 -7 17 -7 17 -6 17 -6 17 0 0 -5 16 -5 18 -5 17 -4 16 -4 15 -4 16 -3 16 -3 15 -3 15 -2 15 -2 15 -1 15 -1 15 0 15 -1 15 0 15 1 15 0 14 2 14 1 14 2 14 3 13 3 14 3 13 4 13 4 12 0 0 0 0 0 0 0 0 0 0 ]
4112,1782728736.946201,18.7275,-61,CSI_DATA,AP,98:F4:AB:29:67:94,-61,11,1,7,1,1,1,1,0,0,1,-96,1,6,1,1144761320,0,84,0,0,1145.14,384,[84 -64 4 0 0 0 0 0 0 0 0 0 -16 -19 -14 -18 -15 -20 -14 -19 -14 -21 -12 -20 -12 -21 -11 -20 -12 -21 -10 -22 -10 -22 -9 -22 -9 -22 -9 -21 -8 -20 -9 -22 -8 -20 -8 -20 -8 -19 -8 -19 -8 -19 -8 -19 -7 -19 -7 -18 -7 -19 -7 -17 0 0 -8 -17 -9 -17 -8 -16 -9 -16 -8 -15 -9 -15 -9 -15 -9 -15 -10 -13 -10 -14 -10 -13 -10 -13 -10 -13 -10 -12 -12 -12 -11 -10 -12 -12 -11 -10 -12 -10 -12 -10 -11 -10 -13 -9 -12 -10 -13 -9 -12 -8 -12 -8 0 0 0 0 0 0 0 0 0 0 ]
4113,1782728737.195204,19.2843,-62,CSI_DATA,AP,98:F4:AB:29:67:94,-62,11,1,7,1,1,1,1,0,0,1,-96,1,6,1,1144855688,0,84,0,0,1145.24,384,[84 -64 4 0 0 0 0 0 0 0 0 0 -11 -21 -10 -21 -10 -23 -9 -22 -9 -23 -8 -22 -7 -23 -7 -23 -7 -22 -6 -23 -6 -23 -6 -23 -5 -23 -5 -22 -5 -21 -5 -23 -4 -21 -5 -21 -4 -20 -4 -20 -4 -20 -4 -20 -3 -19 -4 -18 -5 -19 -5 -18 0 0 -6 -17 -6 -18 -6 -17 -7 -17 -6 -16 -6 -16 -7 -16 -7 -16 -7 -15 -8 -15 -9 -14 -8 -14 -9 -14 -8 -13 -9 -13 -9 -12 -10 -13 -10 -12 -10 -12 -10 -11 -10 -11 -11 -10 -12 -11 -12 -10 -12 -8 -12 -9 0 0 0 0 0 0 0 0 0 0 ]
4114,1782728737.450353,20.3733,-61,CSI_DATA,AP,98:F4:AB:29:67:94,-61,11,1,7,1,1,1,1,0,0,1,-96,1,6,1,1144942371,0,84,0,0,1145.33,384,[84 -64 4 0 0 0 0 0 0 0 0 0 24 -11 24 -11 25 -10 25 -9 25 -9 26 -8 25 -7 25 -7 25 -6 25 -5 25 -6 25 -5 25 -5 25 -4 24 -4 25 -4 24 -3 23 -3 23 -2 23 -3 23 -2 22 -3 21 -3 21 -2 21 -2 21 -3 0 0 20 -5 20 -4 20 -4 19 -5 19 -4 18 -5 17 -5 17 -5 17 -6 16 -6 16 -7 16 -7 16 -8 15 -8 16 -7 15 -9 15 -9 15 -10 15 -10 13 -10 13 -10 12 -10 13 -11 12 -12 11 -11 11 -12 0 0 0 0 0 0 0 0 0 0 ]
4115,1782728737.709319,20.1990,-61,CSI_DATA,AP,98:F4:AB:29:67:94,-61,11,1,7,1,1,1,1,0,0,1,-96,1,6,1,1145032371,0,84,0,0,1145.42,384,[84 -64 4 0 0 0 0 0 0 0 0 0 19 -14 19 -13 20 -13 20 -12 20 -11 19 -10 21 -11 20 -10 21 -10 20 -8 21 -8 21 -8 21 -7 21 -7 19 -7 21 -7 20 -6 20 -5 19 -5 19 -5 19 -5 19 -5 18 -5 17 -5 19 -5 17 -6 0 0 17 -6 17 -6 17 -6 16 -6 15 -6 15 -6 15 -6 14 -7 15 -7 14 -7 13 -8 13 -7 13 -8 12 -8 13 -8 12 -9 13 -9 11 -9 11 -9 11 -10 11 -10 10 -9 11 -10 10 -11 9 -10 9 -11 0 0 0 0 0 0 0 0 0 0 ]
4116,1782728738.068546,20.9028,-61,CSI_DATA,AP,98:F4:AB:29:67:94,-61,11,1,7,1,1,1,1,0,0,0,-96,1,6,1,1158900617,0,84,0,0,1159.28,384,[84 -64 4 0 0 0 0 0 0 0 0 0 -1 26 -2 25 -3 26 -3 26 -4 26 -4 25 -5 25 -6 24 -6 25 -7 24 -7 25 -8 24 -8 24 -8 24 -7 23 -9 24 -8 22 -8 22 -8 21 -8 22 -9 21 -8 21 -9 19 -8 20 -7 20 -7 20 0 0 -7 19 -6 20 -5 19 -5 19 -5 18 -4 18 -4 18 -4 18 -4 18 -3 17 -2 17 -2 17 -2 17 -1 17 -1 17 0 17 1 17 1 16 1 16 2 16 1 16 3 15 3 15 4 15 4 15 5 14 0 0 0 0 0 0 0 0 0 0 ]
4117,1782728738.279654,19.7780,-62,CSI_DATA,AP,98:F4:AB:29:67:94,-62,11,1,7,1,1,1,1,0,0,1,-96,1,6,1,1158982675,0,84,0,0,1159.37,384,[84 -64 4 0 0 0 0 0 0 0 0 0 23 -3 22 -3 24 -2 22 -1 24 0 23 0 22 1 22 1 23 1 22 2 23 2 22 3 22 4 21 4 19 3 22 3 20 3 20 4 19 3 19 4 18 4 19 3 19 4 18 3 18 4 18 2 0 0 17 2 18 1 17 1 17 0 15 1 17 1 16 0 15 -1 16 -1 16 -1 15 -2 15 -2 15 -2 14 -2 15 -3 14 -4 15 -4 14 -4 14 -5 13 -6 13 -5 13 -6 13 -6 12 -6 12 -6 11 -7 0 0 0 0 0 0 0 0 0 0 ]
4118,1782728738.534694,19.0032,-61,CSI_DATA,AP,98:F4:AB:29:67:94,-61,11,1,7,1,1,1,1,0,0,0,-96,1,6,1,1159076797,0,84,0,0,1159.46,384,[84 -64 4 0 0 0 0 0 0 0 0 0 -2 24 -3 22 -4 23 -4 23 -5 23 -6 21 -6 22 -7 22 -7 22 -7 21 -7 22 -8 21 -8 21 -8 20 -8 19 -9 21 -8 19 -9 19 -9 18 -9 18 -9 17 -9 17 -8 16 -8 17 -7 17 -7 17 0 0 -6 16 -6 17 -5 16 -6 16 -6 15 -5 15 -5 15 -4 15 -4 15 -4 15 -3 15 -2 14 -1 15 -1 15 -1 15 -1 15 0 15 0 15 0 14 0 14 0 14 1 14 1 15 3 14 3 13 3 13 0 0 0 0 0 0 0 0 0 0 ]
4119,1782728738.789926,18.6016,-61,CSI_DATA,AP,98:F4:AB:29:67:94,-61,11,1,7,1,1,1,1,0,0,0,-96,1,6,1,1159162510,0,84,0,0,1159.55,384,[84 -64 4 0 0 0 0 0 0 0 0 0 -24 0 -24 -1 -25 -2 -24 -3 -24 -4 -23 -4 -24 -4 -23 -6 -23 -6 -22 -6 -23 -6 -22 -6 -22 -7 -22 -7 -21 -7 -23 -7 -21 -7 -20 -7 -20 -7 -19 -7 -19 -7 -19 -7 -19 -7 -18 -6 -18 -6 -18 -5 0 0 -18 -5 -18 -4 -18 -4 -17 -3 -16 -4 -17 -3 -17 -3 -16 -3 -16 -2 -17 -1 -17 0 -16 0 -16 0 -16 0 -16 1 -15 2 -16 1 -15 2 -15 3 -15 3 -15 3 -15 3 -14 4 -14 5 -14 5 -13 5 0 0 0 0 0 0 0 0 0 0 ]
4120,1782728739.036274,17.7881,-60,CSI_DATA,AP,98:F4:AB:29:67:94,-60,11,1,5,1,1,1,1,0,0,0,-96,1,6,1,1159255875,0,84,0,0,1159.64,384,[84 -64 4 0 0 0 0 0 0 0 0 0 21 8 20 9 21 10 20 10 20 10 18 11 19 12 18 12 18 12 18 13 17 13 17 13 17 13 17 14 16 13 16 14 15 13 15 13 14 13 14 13 14 12 14 12 14 12 14 12 13 12 14 12 0 0 14 10 14 11 13 10 13 9 12 9 13 9 13 9 13 8 13 8 13 7 13 6 12 6 13 6 14 5 13 5 13 4 14 5 13 3 13 3 13 2 13 2 13 2 14 2 13 1 13 1 13 0 0 0 0 0 0 0 0 0 0 0 ]
4121,1782728739.420779,17.9540,-61,CSI_DATA,AP,98:F4:AB:29:67:94,-61,11,1,7,1,1,1,1,0,0,0,-96,1,6,1,1159343255,0,84,0,0,1159.73,384,[84 -64 4 0 0 0 0 0 0 0 0 0 -21 11 -21 11 -22 9 -22 9 -22 8 -22 7 -23 7 -23 6 -23 6 -23 4 -23 5 -23 5 -22 4 -23 4 -22 3 -22 5 -22 4 -22 4 -20 3 -20 3 -20 1 -20 3 -19 2 -20 3 -19 3 -18 4 0 0 -18 4 -18 4 -18 4 -18 5 -16 4 -16 4 -16 5 -15 5 -16 6 -15 6 -14 7 -15 6 -14 6 -14 7 -13 7 -13 8 -13 8 -12 9 -12 9 -11 9 -12 9 -11 9 -11 10 -10 10 -9 10 -10 11 0 0 0 0 0 0 0 0 0 0 ]
4122,1782728739.774616,18.0022,-61,CSI_DATA,AP,98:F4:AB:29:67:94,-61,11,1,7,1,1,1,1,0,0,0,-96,1,6,1,1159433414,0,84,0,0,1159.82,384,[84 -64 4 0 0 0 0 0 0 0 0 0 -1 23 -3 23 -3 24 -4 23 -4 23 -6 21 -6 22 -7 22 -7 22 -8 21 -8 22 -8 21 -9 21 -8 21 -8 19 -9 21 -8 20 -8 20 -8 19 -8 18 -8 18 -8 18 -8 17 -8 17 -7 17 -7 17 0 0 -6 16 -5 18 -5 16 -5 16 -4 15 -4 16 -4 15 -4 16 -3 16 -3 16 -1 16 -1 15 0 15 -1 15 0 15 1 14 1 15 1 14 2 14 1 14 2 14 3 14 3 14 4 13 4 13 4 12 0 0 0 0 0 0 0 0 0 0 ]
4123,1782728740.051107,18.5488,-61,CSI_DATA,AP,98:F4:AB:29:67:94,-61,11,1,6,1,1,1,1,0,0,0,-96,1,6,1,1159522262,0,84,0,0,1159.9,384,[84 -64 4 0 0 0 0 0 0 0 0 0 -16 16 -17 15 -17 15 -18 14 -18 14 -18 13 -19 13 -19 12 -19 12 -20 11 -20 12 -20 11 -20 11 -20 10 -19 10 -21 10 -19 10 -19 9 -18 8 -18 8 -17 8 -18 8 -18 8 -17 8 -17 8 -16 9 0 0 -15 9 -16 9 -15 9 -15 9 -14 8 -14 9 -13 9 -13 9 -13 10 -12 10 -11 11 -10 9 -11 10 -10 11 -10 11 -9 11 -9 11 -9 11 -9 12 -8 12 -8 12 -7 12 -6 12 -6 12 -6 12 -6 12 0 0 0 0 0 0 0 0 0 0 ]
4124,1782728740.301780,18.7285,-62,CSI_DATA,AP,98:F4:AB:29:67:94,-62,11,1,7,1,1,1,1,0,0,0,-96,1,6,1,1159614387,0,84,0,0,1160,384,[84 -64 4 0 0 0 0 0 0 0 0 0 23 5 22 5 22 6 22 7 22 7 21 8 21 8 20 9 21 9 20 9 21 10 20 10 20 10 20 11 19 10 20 10 18 10 18 10 17 10 17 10 16 9 17 9 16 9 16 9 16 9 17 8 0 0 16 7 16 7 15 6 15 5 15 6 15 5 15 5 15 4 15 4 15 3 15 3 14 3 15 3 15 2 15 1 15 0 15 0 14 -1 14 -1 14 -2 14 -2 14 -2 14 -2 14 -3 14 -3 13 -4 0 0 0 0 0 0 0 0 0 0 ]
4125,1782728740.551762,19.5658,-60,CSI_DATA,AP,98:F4:AB:29:67:94,-60,11,1,6,1,1,1,1,0,0,0,-96,1,6,1,1159703290,0,84,0,0,1160.09,384,[84 -64 4 0 0 0 0 0 0 0 0 0 -20 -14 -18 -14 -20 -16 -18 -15 -19 -16 -17 -16 -17 -16 -16 -17 -16 -17 -15 -19 -15 -18 -15 -19 -15 -19 -14 -18 -13 -17 -15 -18 -14 -16 -14 -17 -13 -17 -12 -17 -12 -16 -12 -16 -11 -16 -11 -15 -12 -16 -12 -15 0 0 -12 -14 -13 -14 -12 -13 -13 -13 -12 -13 -12 -12 -13 -12 -12 -12 -12 -11 -13 -10 -13 -10 -12 -10 -13 -9 -12 -8 -14 -8 -13 -7 -14 -8 -13 -7 -14 -7 -14 -6 -14 -6 -13 -5 -14 -5 -15 -4 -14 -3 -14 -3 0 0 0 0 0 0 0 0 0 0 ]
