1649,1782799819.434150,7.2409,-71,CSI_DATA,AP,98:F4:AB:29:67:94,-71,11,1,4,1,1,1,1,0,0,0,-96,1,6,1,479844690,0,84,0,0,480.227,384,[84 -64 4 0 0 0 0 0 0 0 0 0 -3 -3 -3 -3 -3 -3 -3 -3 -3 -5 -3 -3 -3 -4 -3 -4 -2 -3 -2 -5 -2 -4 -3 -4 -3 -5 -3 -4 -3 -4 -3 -5 -3 -6 -3 -5 -3 -6 -2 -6 -2 -6 -2 -6 -2 -5 -3 -6 -2 -6 -3 -7 0 0 -2 -7 -3 -8 -2 -8 -2 -8 -1 -7 -2 -8 -1 -8 -1 -8 -2 -8 -2 -7 -3 -8 -3 -8 -3 -7 -3 -8 -3 -9 -4 -8 -2 -9 -3 -9 -2 -10 -3 -10 -3 -10 -3 -11 -3 -11 -3 -10 -4 -11 -4 -11 0 0 0 0 0 0 0 0 0 0 ]
1650,1782799819.657918,7.4886,-69,CSI_DATA,AP,98:F4:AB:29:67:94,-69,11,1,4,1,1,1,1,0,0,0,-96,1,6,1,479935888,0,84,0,0,480.318,384,[84 -64 4 0 0 0 0 0 0 0 0 0 -3 -5 -2 -5 -3 -6 -3 -6 -2 -7 -3 -6 -2 -7 -1 -7 -2 -7 -2 -7 -2 -6 -2 -7 -1 -7 -2 -9 -1 -7 -1 -9 -2 -8 -1 -8 -1 -8 -1 -8 -1 -9 -1 -9 0 -9 -1 -9 -1 -9 -1 -9 0 0 0 -10 0 -10 0 -9 -1 -10 0 -9 0 -10 0 -11 0 -10 -1 -10 -1 -11 -2 -11 0 -11 -1 -11 -1 -11 -2 -12 -2 -12 -1 -13 -2 -12 -1 -13 -2 -13 -1 -12 -2 -13 -2 -13 -2 -13 -2 -14 -2 -13 0 0 0 0 0 0 0 0 0 0 ]
1651,1782799819.901176,8.8325,-67,CSI_DATA,AP,98:F4:AB:29:67:94,-67,11,1,4,1,1,1,1,0,0,0,-96,1,6,1,480022635,0,84,0,0,480.405,384,[84 -64 4 0 0 0 0 0 0 0 0 0 -8 0 -7 0 -8 -1 -7 -1 -8 -1 -7 -2 -8 -1 -8 -3 -8 -3 -8 -3 -8 -3 -9 -3 -8 -3 -9 -4 -9 -4 -9 -4 -9 -4 -9 -4 -9 -4 -9 -5 -8 -6 -8 -5 -9 -6 -9 -5 -9 -5 -9 -5 0 0 -9 -5 -11 -6 -9 -5 -10 -6 -9 -6 -9 -6 -10 -6 -9 -6 -10 -6 -10 -6 -10 -4 -9 -5 -10 -5 -10 -4 -11 -5 -11 -4 -12 -5 -11 -4 -12 -6 -11 -5 -12 -6 -12 -5 -13 -6 -13 -4 -12 -6 -13 -5 0 0 0 0 0 0 0 0 0 0 ]
1652,1782799820.125654,9.6912,-68,CSI_DATA,AP,98:F4:AB:29:67:94,-68,11,1,4,1,1,1,1,0,0,0,-96,1,6,1,480112634,0,84,0,0,480.495,384,[84 -64 4 0 0 0 0 0 0 0 0 0 -2 -8 -2 -8 -1 -8 -1 -8 -1 -8 0 -8 0 -8 0 -8 0 -9 1 -8 1 -8 1 -9 0 -9 1 -9 1 -8 1 -9 1 -9 1 -9 2 -8 2 -8 2 -9 2 -8 2 -9 2 -9 3 -9 1 -9 0 0 2 -10 2 -10 2 -9 2 -9 3 -8 3 -9 3 -9 2 -9 2 -9 2 -10 2 -10 2 -10 2 -10 2 -11 2 -11 1 -11 2 -11 2 -11 2 -12 1 -12 2 -12 2 -12 3 -13 1 -13 2 -13 1 -12 0 0 0 0 0 0 0 0 0 0 ]
1653,1782799820.355816,9.2870,-67,CSI_DATA,AP,98:F4:AB:29:67:94,-67,11,1,4,1,1,1,1,0,0,0,-96,1,6,1,480203379,0,84,0,0,480.586,384,[84 -64 4 0 0 0 0 0 0 0 0 0 2 6 1 6 1 7 0 7 0 7 0 6 0 7 -1 7 -1 7 -2 7 -1 7 -1 7 -1 8 -2 8 -2 7 -2 9 -2 8 -2 7 -2 7 -3 7 -4 8 -4 7 -4 6 -2 8 -3 8 -3 8 0 0 -3 8 -3 9 -3 8 -3 9 -4 8 -3 8 -4 8 -3 8 -3 9 -2 9 -2 8 -2 9 -2 9 -2 9 -1 9 -2 10 -2 10 -1 9 -2 10 -2 10 -2 10 -2 11 -2 11 -1 10 -1 10 0 11 0 0 0 0 0 0 0 0 0 0 ]
1654,1782799820.595674,8.5920,-67,CSI_DATA,AP,98:F4:AB:29:67:94,-67,11,1,4,1,1,1,1,0,0,0,-96,1,6,1,480293702,0,84,0,0,480.676,384,[84 -64 4 0 0 0 0 0 0 0 0 0 4 -6 3 -6 5 -6 5 -6 5 -6 5 -6 5 -5 5 -6 6 -6 6 -5 6 -4 6 -5 6 -4 7 -5 7 -4 7 -5 7 -5 7 -5 7 -4 8 -4 8 -4 7 -4 7 -4 8 -3 8 -3 8 -4 0 0 8 -4 9 -5 8 -4 8 -5 7 -3 8 -5 8 -4 8 -5 8 -5 8 -5 8 -5 8 -5 8 -5 8 -5 8 -6 8 -6 9 -6 8 -6 9 -7 9 -8 10 -7 9 -7 10 -8 9 -7 9 -8 9 -7 0 0 0 0 0 0 0 0 0 0 ]
1655,1782799820.811854,9.2058,-65,CSI_DATA,AP,98:F4:AB:29:67:94,-65,11,1,4,1,1,1,1,0,0,0,-96,1,6,1,480382975,0,84,0,0,480.765,384,[84 -64 4 0 0 0 0 0 0 0 0 0 -11 -2 -10 -2 -12 -3 -11 -3 -12 -3 -10 -4 -10 -5 -10 -5 -11 -5 -10 -6 -10 -6 -10 -6 -11 -6 -11 -6 -10 -6 -11 -6 -10 -6 -11 -5 -9 -6 -11 -6 -10 -7 -10 -7 -10 -7 -10 -7 -10 -7 -10 -7 0 0 -11 -7 -11 -7 -10 -6 -11 -6 -10 -6 -12 -7 -11 -6 -11 -7 -11 -6 -12 -6 -12 -6 -11 -6 -11 -6 -11 -5 -13 -4 -11 -5 -14 -5 -12 -5 -13 -5 -13 -5 -13 -5 -13 -4 -14 -4 -14 -4 -14 -4 -14 -4 0 0 0 0 0 0 0 0 0 0 ]
1656,1782799821.039462,9.7031,-65,CSI_DATA,AP,98:F4:AB:29:67:94,-65,11,1,4,1,1,1,1,0,0,0,-96,1,6,1,480476800,0,84,0,0,480.859,384,[84 -64 4 0 0 0 0 0 0 0 0 0 8 0 8 1 9 1 8 1 9 2 8 2 8 3 8 3 8 3 9 4 9 4 8 4 8 4 9 4 8 4 9 5 7 4 9 5 8 5 8 4 8 6 8 5 8 6 8 5 8 5 8 5 0 0 8 5 9 6 9 5 8 5 8 5 9 5 9 5 8 5 8 5 9 5 9 4 9 4 10 4 10 4 10 4 10 4 11 4 10 4 11 4 10 4 10 4 10 4 12 4 12 3 11 3 12 3 0 0 0 0 0 0 0 0 0 0 ]
1657,1782799821.254485,9.7776,-67,CSI_DATA,AP,98:F4:AB:29:67:94,-67,11,1,4,1,1,1,1,0,0,0,-96,1,6,1,480562888,0,84,0,0,480.945,384,[84 -64 4 0 0 0 0 0 0 0 0 0 -8 4 -8 3 -9 3 -8 3 -9 2 -9 1 -9 1 -9 0 -9 0 -9 0 -9 0 -9 0 -9 0 -9 0 -9 0 -10 0 -9 0 -9 -1 -9 -1 -9 -1 -10 -1 -10 -1 -9 -1 -9 -1 -10 -1 -10 -1 0 0 -10 0 -10 0 -9 -1 -10 0 -10 0 -10 -1 -10 0 -10 0 -10 0 -10 0 -10 1 -11 1 -10 2 -10 2 -10 2 -10 2 -11 2 -11 2 -11 2 -11 2 -11 2 -12 3 -12 3 -12 3 -12 3 -11 3 0 0 0 0 0 0 0 0 0 0 ]
1658,1782799821.491053,9.6830,-67,CSI_DATA,AP,98:F4:AB:29:67:94,-67,11,1,5,1,1,1,1,0,0,0,-96,1,6,1,480654366,0,84,0,0,481.037,384,[84 -64 4 0 0 0 0 0 0 0 0 0 -1 -9 0 -10 1 -10 1 -9 1 -10 2 -9 2 -10 2 -10 2 -9 3 -9 3 -10 3 -10 3 -9 3 -10 3 -10 3 -9 3 -9 3 -9 3 -9 3 -9 3 -10 3 -9 4 -9 4 -9 4 -9 4 -10 0 0 3 -9 2 -10 3 -10 3 -10 3 -9 3 -10 3 -10 2 -10 2 -10 2 -10 2 -10 2 -10 1 -10 1 -10 0 -11 1 -11 1 -11 1 -11 0 -12 0 -11 1 -11 0 -11 0 -11 -1 -11 -1 -12 -1 -12 0 0 0 0 0 0 0 0 0 0 ]
1659,1782799821.734777,9.7158,-67,CSI_DATA,AP,98:F4:AB:29:67:94,-67,11,1,5,1,1,1,1,0,0,0,-96,1,6,1,480743833,0,84,0,0,481.126,384,[84 -64 4 0 0 0 0 0 0 0 0 0 9 3 8 3 9 4 8 4 9 4 8 5 9 5 8 5 7 6 8 6 8 6 8 6 7 6 7 6 7 6 8 7 7 6 8 7 7 6 7 7 7 7 8 7 7 7 7 7 7 7 7 7 0 0 8 7 8 7 6 7 9 7 7 7 8 7 8 7 8 7 8 7 8 7 8 6 8 7 8 6 9 6 9 6 9 5 11 6 10 5 10 6 10 6 10 6 10 6 10 5 11 5 10 6 10 5 0 0 0 0 0 0 0 0 0 0 ]
1660,1782799821.967426,10.9436,-66,CSI_DATA,AP,98:F4:AB:29:67:94,-66,11,1,5,1,1,1,1,0,0,0,-96,1,6,1,480836241,0,84,0,0,481.219,384,[84 -64 4 0 0 0 0 0 0 0 0 0 9 -6 9 -5 10 -6 9 -5 10 -5 10 -4 10 -4 10 -3 10 -3 10 -3 11 -3 11 -2 11 -2 11 -3 11 -2 11 -3 11 -2 11 -2 10 -2 11 -2 11 -2 12 -2 11 -1 11 -2 11 -2 12 -2 0 0 12 -2 12 -2 11 -2 12 -2 11 -1 12 -2 12 -2 12 -2 12 -2 12 -2 12 -3 12 -3 12 -3 12 -3 12 -4 11 -4 13 -4 12 -4 13 -4 12 -4 13 -5 13 -5 12 -6 13 -6 13 -6 12 -6 0 0 0 0 0 0 0 0 0 0 ]
1661,1782799822.190037,12.2147,-66,CSI_DATA,AP,98:F4:AB:29:67:94,-66,11,1,5,1,1,1,1,0,0,0,-96,1,6,1,480924250,0,84,0,0,481.307,384,[84 -64 4 0 0 0 0 0 0 0 0 0 -9 7 -9 7 -10 6 -10 6 -10 6 -10 5 -11 4 -10 4 -12 4 -11 4 -11 4 -11 4 -12 4 -12 4 -12 3 -12 4 -12 4 -11 2 -13 3 -12 2 -12 2 -13 2 -12 2 -13 3 -12 3 -12 3 0 0 -13 2 -13 3 -13 3 -13 2 -13 3 -13 2 -14 2 -13 2 -13 3 -13 3 -13 3 -13 3 -12 4 -13 4 -13 4 -13 5 -14 5 -13 4 -14 4 -13 4 -13 4 -15 5 -14 5 -14 6 -13 6 -14 6 0 0 0 0 0 0 0 0 0 0 ]
1662,1782799822.426230,10.9742,-66,CSI_DATA,AP,98:F4:AB:29:67:94,-66,11,1,5,1,1,1,1,0,0,0,-96,1,6,1,481015148,0,84,0,0,481.398,384,[84 -64 4 0 0 0 0 0 0 0 0 0 5 -9 6 -9 7 -9 7 -7 8 -7 7 -7 7 -8 7 -7 8 -7 8 -6 8 -6 8 -6 8 -6 8 -6 8 -6 8 -7 7 -6 9 -6 8 -5 9 -6 9 -5 9 -5 8 -5 9 -5 8 -5 9 -6 0 0 8 -7 10 -7 8 -6 8 -6 9 -6 9 -7 9 -6 9 -7 8 -7 9 -7 8 -7 8 -6 8 -7 8 -7 8 -8 8 -8 8 -8 8 -9 8 -9 7 -9 8 -9 8 -10 8 -10 8 -10 8 -10 8 -10 0 0 0 0 0 0 0 0 0 0 ]
1663,1782799822.659752,10.9053,-66,CSI_DATA,AP,98:F4:AB:29:67:94,-66,11,1,5,1,1,1,1,0,0,0,-96,1,6,1,481103776,0,84,0,0,481.486,384,[84 -64 4 0 0 0 0 0 0 0 0 0 -8 5 -8 4 -10 4 -9 4 -10 3 -9 3 -10 3 -10 2 -10 2 -10 1 -11 2 -10 2 -11 2 -11 1 -10 1 -11 3 -10 2 -10 2 -10 1 -11 2 -11 0 -10 1 -11 1 -11 1 -11 1 -10 1 0 0 -11 1 -11 2 -10 2 -12 2 -11 1 -12 2 -11 2 -12 2 -11 2 -11 2 -11 3 -11 3 -11 3 -11 3 -11 5 -11 4 -12 4 -11 4 -12 4 -12 4 -12 4 -12 5 -13 5 -12 6 -12 5 -13 6 0 0 0 0 0 0 0 0 0 0 ]
1664,1782799822.883310,10.4643,-67,CSI_DATA,AP,98:F4:AB:29:67:94,-67,11,1,6,1,1,1,1,0,0,0,-96,1,6,1,481195462,0,84,0,0,481.578,384,[84 -64 4 0 0 0 0 0 0 0 0 0 0 -10 0 -10 1 -11 2 -10 2 -10 1 -10 1 -9 3 -10 3 -10 3 -10 3 -10 4 -10 5 -10 4 -9 4 -9 4 -11 4 -9 4 -10 4 -9 5 -9 5 -9 5 -9 4 -8 4 -9 5 -9 5 -10 0 0 5 -9 5 -10 4 -9 5 -10 5 -10 5 -10 6 -10 5 -11 5 -10 6 -10 4 -10 4 -11 4 -11 4 -11 4 -12 4 -11 5 -12 3 -11 4 -12 4 -12 4 -12 5 -12 5 -13 4 -13 4 -12 4 -13 0 0 0 0 0 0 0 0 0 0 ]
1665,1782799823.099904,10.2074,-67,CSI_DATA,AP,98:F4:AB:29:67:94,-67,11,1,6,1,1,1,1,0,0,0,-96,1,6,1,481283931,0,84,0,0,481.666,384,[84 -64 4 0 0 0 0 0 0 0 0 0 5 -8 6 -8 6 -8 6 -7 7 -8 7 -6 7 -7 7 -7 7 -6 8 -6 8 -5 8 -5 8 -5 8 -6 8 -6 8 -6 8 -5 8 -5 8 -5 8 -6 8 -5 9 -5 9 -6 9 -5 9 -5 9 -6 0 0 8 -5 9 -5 10 -6 9 -5 9 -5 9 -5 10 -6 10 -6 9 -6 9 -5 9 -6 9 -6 9 -6 9 -7 9 -6 9 -7 10 -8 10 -7 10 -8 9 -8 9 -8 10 -8 10 -8 9 -9 9 -9 10 -9 0 0 0 0 0 0 0 0 0 0 ]
1666,1782799823.320925,9.3363,-67,CSI_DATA,AP,98:F4:AB:29:67:94,-67,11,1,6,1,1,1,1,0,0,0,-96,1,6,1,481372911,0,84,0,0,481.755,384,[84 -64 4 0 0 0 0 0 0 0 0 0 9 -4 9 -3 9 -3 9 -2 9 -2 9 -2 9 -2 8 0 10 -1 10 -1 10 0 9 0 10 0 9 -1 8 0 11 0 9 0 9 0 9 -1 10 0 10 0 10 1 10 1 10 0 9 1 10 0 0 0 10 0 11 0 11 0 10 0 10 0 10 0 11 0 11 1 10 0 11 -1 11 -1 10 0 11 -1 11 -1 11 -2 11 -2 12 -2 11 -2 12 -3 11 -3 12 -3 12 -3 13 -3 12 -3 12 -2 12 -3 0 0 0 0 0 0 0 0 0 0 ]
1667,1782799823.550100,9.6308,-67,CSI_DATA,AP,98:F4:AB:29:67:94,-67,11,1,6,1,1,1,1,0,0,0,-96,1,6,1,481468235,0,84,0,0,481.851,384,[84 -64 4 0 0 0 0 0 0 0 0 0 7 -7 6 -6 8 -7 8 -6 9 -6 8 -5 8 -5 8 -4 9 -4 9 -4 9 -4 9 -4 9 -3 9 -4 9 -3 10 -4 9 -4 9 -3 9 -3 10 -3 10 -3 10 -4 11 -3 10 -3 10 -3 10 -4 0 0 10 -4 10 -3 10 -3 10 -4 11 -3 10 -4 11 -4 10 -4 10 -4 11 -4 10 -4 10 -4 10 -4 10 -5 10 -5 10 -5 11 -6 11 -5 11 -5 11 -6 11 -5 11 -6 12 -6 11 -7 11 -7 11 -7 0 0 0 0 0 0 0 0 0 0 ]
1668,1782799823.775094,10.4306,-66,CSI_DATA,AP,98:F4:AB:29:67:94,-66,11,1,5,1,1,1,1,0,0,0,-96,1,6,1,481558954,0,84,0,0,481.941,384,[84 -64 4 0 0 0 0 0 0 0 0 0 -11 -3 -9 -4 -11 -3 -9 -4 -10 -4 -9 -5 -9 -5 -9 -6 -9 -6 -9 -6 -8 -6 -9 -6 -9 -6 -9 -6 -8 -6 -9 -7 -9 -5 -9 -6 -9 -6 -8 -6 -9 -6 -9 -6 -8 -7 -9 -7 -9 -7 -9 -6 0 0 -9 -6 -11 -6 -9 -6 -10 -6 -10 -6 -11 -6 -11 -6 -10 -6 -10 -5 -10 -6 -10 -5 -10 -6 -11 -6 -10 -5 -11 -4 -12 -5 -12 -5 -12 -5 -12 -5 -13 -4 -12 -5 -13 -4 -13 -5 -14 -4 -13 -4 -13 -5 0 0 0 0 0 0 0 0 0 0 ]
1669,1782799824.005385,10.4868,-65,CSI_DATA,AP,98:F4:AB:29:67:94,-65,11,1,4,1,1,1,1,0,0,0,-96,1,6,1,481647707,0,84,0,0,482.03,384,[84 -64 4 0 0 0 0 0 0 0 0 0 -8 -6 -7 -7 -7 -7 -6 -7 -6 -7 -6 -7 -6 -8 -5 -8 -6 -9 -4 -8 -5 -8 -6 -8 -6 -8 -6 -8 -5 -8 -6 -9 -5 -9 -5 -8 -5 -8 -5 -9 -5 -9 -5 -9 -5 -9 -5 -9 -5 -9 -5 -9 0 0 -5 -9 -6 -9 -6 -10 -6 -9 -5 -9 -5 -9 -6 -10 -5 -9 -6 -10 -7 -9 -7 -9 -7 -8 -7 -9 -7 -8 -8 -9 -8 -8 -8 -9 -8 -9 -8 -10 -8 -9 -8 -9 -8 -9 -8 -9 -9 -9 -9 -9 -10 -9 0 0 0 0 0 0 0 0 0 0 ]
1670,1782799824.233226,10.8749,-67,CSI_DATA,AP,98:F4:AB:29:67:94,-67,11,1,6,1,1,1,1,0,0,0,-96,1,6,1,481733271,0,84,0,0,482.116,384,[84 -64 4 0 0 0 0 0 0 0 0 0 3 -10 3 -10 3 -10 4 -10 4 -9 4 -8 6 -9 5 -9 5 -9 5 -9 5 -9 6 -8 6 -8 6 -9 5 -8 6 -8 6 -8 7 -9 6 -8 6 -8 7 -8 7 -8 7 -8 7 -9 7 -8 7 -8 0 0 7 -9 7 -10 7 -9 7 -10 7 -9 7 -9 8 -9 6 -9 6 -9 6 -9 6 -10 6 -9 6 -10 6 -10 6 -11 6 -11 6 -11 6 -11 7 -11 5 -12 6 -11 6 -12 7 -12 5 -12 6 -13 5 -13 0 0 0 0 0 0 0 0 0 0 ]
1671,1782799824.450798,10.3404,-66,CSI_DATA,AP,98:F4:AB:29:67:94,-66,11,1,5,1,1,1,1,0,0,0,-96,1,6,1,481827631,0,84,0,0,482.21,384,[84 -64 4 0 0 0 0 0 0 0 0 0 0 9 0 8 1 8 0 8 0 9 -1 8 -2 9 -1 9 -1 8 -2 8 -2 8 -3 8 -2 8 -2 8 -2 8 -2 9 -2 8 -2 8 -2 8 -2 8 -3 8 -2 9 -3 9 -3 8 -3 9 -2 9 0 0 -2 8 -3 10 -2 9 -1 10 -2 9 -2 9 -2 9 -2 9 -2 9 -2 10 -2 9 -2 9 -1 9 0 10 -1 10 0 10 1 11 0 10 0 11 0 12 0 11 1 11 0 11 1 11 0 11 1 11 0 0 0 0 0 0 0 0 0 0 ]
1672,1782799824.682874,9.8065,-66,CSI_DATA,AP,98:F4:AB:29:67:94,-66,11,1,5,1,1,1,1,0,0,0,-96,1,6,1,481915166,0,84,0,0,482.298,384,[84 -64 4 0 0 0 0 0 0 0 0 0 6 -8 6 -7 7 -8 7 -8 7 -6 8 -6 8 -6 8 -5 8 -5 9 -5 8 -6 8 -5 8 -5 9 -5 9 -5 9 -5 9 -5 9 -4 9 -4 9 -4 9 -4 9 -4 9 -4 9 -4 9 -4 9 -5 0 0 10 -5 10 -5 10 -5 10 -5 10 -4 10 -4 10 -4 10 -5 10 -4 10 -5 9 -6 10 -5 10 -6 10 -6 10 -6 10 -6 11 -7 10 -7 10 -7 10 -7 11 -6 11 -7 11 -7 10 -8 10 -7 11 -8 0 0 0 0 0 0 0 0 0 0 ]
1673,1782799824.900022,10.3740,-66,CSI_DATA,AP,98:F4:AB:29:67:94,-66,11,1,5,1,1,1,1,0,0,0,-96,1,6,1,482005468,0,84,0,0,482.388,384,[84 -64 4 0 0 0 0 0 0 0 0 0 7 -7 7 -7 7 -7 8 -6 8 -6 8 -5 8 -5 8 -5 9 -4 9 -5 9 -5 8 -4 9 -5 9 -5 9 -4 9 -4 10 -4 9 -4 10 -4 10 -4 9 -3 9 -4 10 -3 9 -4 10 -4 9 -4 0 0 10 -4 10 -4 10 -5 10 -5 10 -4 10 -4 10 -5 10 -5 10 -4 9 -5 10 -6 9 -5 10 -6 10 -6 10 -5 10 -6 10 -7 10 -6 10 -7 10 -7 10 -7 11 -8 11 -7 11 -8 10 -8 10 -8 0 0 0 0 0 0 0 0 0 0 ]
1674,1782799825.166453,10.2510,-66,CSI_DATA,AP,98:F4:AB:29:67:94,-66,11,1,4,1,1,1,1,0,0,0,-96,1,6,1,482096873,0,84,0,0,482.479,384,[84 -64 4 0 0 0 0 0 0 0 0 0 -6 -1 -5 -1 -6 -2 -6 -2 -6 -2 -6 -2 -5 -3 -5 -3 -5 -3 -5 -4 -5 -3 -5 -3 -5 -3 -5 -3 -5 -3 -6 -4 -6 -3 -6 -3 -5 -3 -5 -4 -5 -4 -5 -4 -5 -4 -5 -4 -5 -4 -5 -4 0 0 -5 -4 -5 -4 -5 -3 -6 -4 -5 -3 -5 -4 -5 -3 -6 -3 -6 -3 -6 -3 -6 -3 -6 -3 -6 -3 -6 -3 -6 -3 -6 -3 -7 -3 -7 -3 -7 -2 -7 -2 -7 -3 -7 -2 -7 -3 -8 -3 -7 -3 -7 -2 0 0 0 0 0 0 0 0 0 0 ]
1675,1782799825.387022,11.2447,-66,CSI_DATA,AP,98:F4:AB:29:67:94,-66,11,1,5,1,1,1,1,0,0,0,-96,1,6,1,482187331,0,84,0,0,482.57,384,[84 -64 4 0 0 0 0 0 0 0 0 0 -10 0 -10 0 -11 -1 -11 -1 -11 -1 -10 -2 -9 -3 -10 -4 -11 -3 -10 -4 -10 -3 -10 -4 -10 -3 -11 -4 -10 -5 -11 -4 -10 -4 -10 -4 -10 -4 -10 -5 -10 -5 -10 -5 -10 -5 -10 -5 -11 -5 -10 -5 0 0 -10 -5 -11 -5 -11 -5 -11 -5 -11 -5 -11 -5 -12 -5 -11 -5 -11 -4 -11 -5 -12 -4 -11 -4 -11 -4 -11 -3 -12 -4 -11 -3 -13 -4 -12 -3 -12 -4 -13 -4 -12 -4 -13 -4 -14 -4 -14 -3 -14 -3 -14 -3 0 0 0 0 0 0 0 0 0 0 ]
1676,1782799825.610145,10.7666,-66,CSI_DATA,AP,98:F4:AB:29:67:94,-66,11,1,5,1,1,1,1,0,0,0,-96,1,6,1,482272830,0,84,0,0,482.655,384,[84 -64 4 0 0 0 0 0 0 0 0 0 8 -6 8 -5 8 -5 9 -5 9 -5 9 -4 9 -3 9 -3 10 -2 10 -3 10 -2 10 -2 9 -3 10 -2 10 -3 9 -2 10 -2 10 -2 10 -2 10 -2 10 -1 11 -1 10 -1 10 -3 10 -2 10 -2 0 0 11 -2 11 -2 11 -2 10 -2 11 -2 11 -2 10 -2 10 -2 10 -2 11 -3 10 -3 10 -3 11 -4 11 -3 11 -4 10 -4 12 -4 11 -4 12 -4 12 -5 12 -4 12 -4 12 -5 12 -6 12 -5 12 -6 0 0 0 0 0 0 0 0 0 0 ]
1677,1782799825.839095,11.1855,-65,CSI_DATA,AP,98:F4:AB:29:67:94,-65,11,1,4,1,1,1,1,0,0,0,-96,1,6,1,482363868,0,84,0,0,482.746,384,[84 -64 4 0 0 0 0 0 0 0 0 0 10 -3 9 -3 10 -2 10 -2 10 -1 10 -1 10 -1 10 -1 10 -1 10 0 10 0 10 1 10 0 10 0 10 0 10 1 10 1 10 0 10 1 10 1 10 2 10 1 10 2 10 0 11 1 10 1 0 0 10 0 12 1 11 1 11 0 10 1 11 0 11 1 10 1 11 1 11 0 11 0 11 0 11 -1 12 0 12 0 12 -1 12 -2 12 -1 13 -1 12 -2 13 -1 13 -2 13 -2 14 -3 13 -2 13 -3 0 0 0 0 0 0 0 0 0 0 ]
1678,1782799826.055402,10.9089,-65,CSI_DATA,AP,98:F4:AB:29:67:94,-65,11,1,4,1,1,1,1,0,0,0,-96,1,6,1,482456510,0,84,0,0,482.839,384,[84 -64 4 0 0 0 0 0 0 0 0 0 10 1 10 1 10 2 10 2 10 2 9 3 9 3 9 3 9 4 9 4 9 4 9 4 9 4 9 4 9 4 9 4 9 4 9 4 9 5 9 4 9 5 10 5 9 5 9 5 9 5 10 5 0 0 9 4 10 5 9 5 10 4 9 4 10 3 10 5 10 4 9 4 10 4 10 4 10 4 11 3 11 3 11 3 12 3 12 3 11 2 12 3 12 2 12 3 12 2 13 3 13 2 12 3 13 2 0 0 0 0 0 0 0 0 0 0 ]
1679,1782799826.292452,10.8661,-65,CSI_DATA,AP,98:F4:AB:29:67:94,-65,11,1,4,1,1,1,1,0,0,0,-96,1,6,1,482543688,0,84,0,0,482.926,384,[84 -64 4 0 0 0 0 0 0 0 0 0 -5 -9 -4 -9 -5 -9 -4 -9 -4 -10 -2 -10 -2 -10 -2 -10 -2 -10 -2 -10 -2 -10 -2 -10 -1 -10 -2 -10 -2 -9 -2 -10 -1 -10 -1 -10 -2 -10 -1 -10 -1 -10 -1 -10 -1 -10 -1 -10 0 -11 -1 -10 0 0 -1 -10 -2 -11 -1 -10 -2 -11 -1 -10 -2 -11 -2 -11 -2 -11 -2 -11 -2 -12 -2 -11 -2 -10 -3 -11 -3 -10 -3 -11 -4 -11 -3 -12 -3 -12 -3 -12 -4 -12 -3 -12 -4 -12 -4 -12 -4 -12 -4 -12 -4 -12 0 0 0 0 0 0 0 0 0 0 ]
1680,1782799826.531691,10.3089,-65,CSI_DATA,AP,98:F4:AB:29:67:94,-65,11,1,4,1,1,1,1,0,0,0,-96,1,6,1,482637050,0,84,0,0,483.02,384,[84 -64 4 0 0 0 0 0 0 0 0 0 -10 -5 -9 -5 -9 -5 -8 -5 -8 -5 -8 -6 -7 -7 -7 -8 -7 -7 -7 -7 -7 -7 -7 -8 -7 -7 -7 -7 -6 -7 -7 -8 -7 -8 -7 -7 -6 -8 -6 -8 -6 -8 -6 -9 -6 -8 -6 -8 -6 -8 -6 -8 0 0 -6 -8 -7 -9 -7 -8 -7 -9 -5 -8 -7 -8 -7 -9 -6 -9 -7 -9 -7 -9 -8 -8 -7 -8 -8 -8 -8 -9 -8 -8 -9 -8 -9 -9 -8 -9 -8 -9 -9 -9 -9 -9 -9 -9 -9 -9 -10 -9 -9 -9 -10 -9 0 0 0 0 0 0 0 0 0 0 ]
1681,1782799826.747735,9.9863,-66,CSI_DATA,AP,98:F4:AB:29:67:94,-66,11,1,4,1,1,1,1,0,0,0,-96,1,6,1,482726417,0,84,0,0,483.109,384,[84 -64 4 0 0 0 0 0 0 0 0 0 3 4 3 4 3 4 2 4 2 4 2 4 2 4 2 4 2 4 1 4 1 5 1 5 1 4 1 4 1 4 1 5 1 4 1 5 0 4 1 5 1 4 1 5 1 4 0 5 0 4 1 4 0 0 1 4 1 5 1 4 1 5 1 4 1 4 1 5 1 4 1 5 1 5 1 5 1 5 2 5 2 5 2 5 2 5 2 5 2 5 2 5 2 5 2 5 2 5 2 5 2 5 2 5 3 5 0 0 0 0 0 0 0 0 0 0 ]
1682,1782799826.984320,9.2143,-65,CSI_DATA,AP,98:F4:AB:29:67:94,-65,11,1,4,1,1,1,1,0,0,0,-96,1,6,1,482820965,0,84,0,0,483.203,384,[84 -64 4 0 0 0 0 0 0 0 0 0 6 -8 6 -7 7 -8 6 -7 7 -7 6 -6 7 -6 7 -5 7 -5 7 -5 8 -5 7 -5 9 -5 8 -5 7 -4 8 -5 7 -5 8 -5 8 -5 8 -4 8 -5 8 -4 8 -4 8 -4 8 -4 8 -4 0 0 8 -5 8 -5 8 -5 8 -5 9 -5 8 -5 9 -5 8 -5 8 -5 8 -6 8 -6 8 -5 8 -6 8 -6 8 -7 8 -6 9 -7 8 -7 9 -7 8 -7 9 -7 9 -8 9 -8 9 -8 9 -8 8 -8 0 0 0 0 0 0 0 0 0 0 ]
1683,1782799827.202106,10.0566,-66,CSI_DATA,AP,98:F4:AB:29:67:94,-66,11,1,5,1,1,1,1,0,0,0,-96,1,6,1,482903806,0,84,0,0,483.286,384,[84 -64 4 0 0 0 0 0 0 0 0 0 -9 6 -9 5 -10 5 -10 4 -11 4 -9 4 -10 4 -11 3 -10 3 -11 2 -11 2 -10 1 -10 2 -10 2 -9 1 -11 3 -10 2 -10 3 -10 2 -11 1 -10 2 -11 2 -10 2 -10 2 -11 1 -10 2 0 0 -11 3 -12 3 -11 2 -11 3 -11 3 -11 2 -12 2 -11 2 -11 3 -12 3 -11 4 -11 3 -11 4 -11 4 -11 5 -11 5 -13 5 -11 5 -12 5 -12 5 -12 5 -12 6 -14 5 -12 6 -12 6 -11 6 0 0 0 0 0 0 0 0 0 0 ]
1684,1782799827.436133,10.0232,-66,CSI_DATA,AP,98:F4:AB:29:67:94,-66,11,1,5,1,1,1,1,0,0,0,-96,1,6,1,482994690,0,84,0,0,483.377,384,[84 -64 4 0 0 0 0 0 0 0 0 0 4 9 3 9 4 10 3 9 2 9 2 9 2 10 1 10 1 9 0 10 2 10 1 10 1 10 1 10 1 9 0 10 0 10 1 10 -1 10 0 10 0 11 0 10 0 10 0 10 0 10 0 10 0 0 0 10 0 11 0 10 1 10 0 11 0 10 0 11 0 10 0 10 1 11 1 11 1 11 2 10 1 11 2 12 3 11 2 12 2 12 2 12 2 12 2 12 2 12 2 12 3 12 3 12 3 13 0 0 0 0 0 0 0 0 0 0 ]
1685,1782799827.652542,10.8733,-66,CSI_DATA,AP,98:F4:AB:29:67:94,-66,11,1,5,1,1,1,1,0,0,0,-96,1,6,1,483083739,0,84,0,0,483.466,384,[84 -64 4 0 0 0 0 0 0 0 0 0 -7 -9 -5 -9 -6 -9 -5 -9 -5 -10 -5 -11 -4 -10 -4 -10 -4 -11 -3 -10 -4 -10 -3 -10 -3 -11 -3 -10 -3 -10 -3 -11 -3 -11 -3 -11 -3 -10 -3 -11 -3 -11 -2 -11 -2 -11 -3 -11 -2 -11 -2 -11 0 0 -3 -11 -3 -12 -3 -11 -3 -11 -3 -11 -3 -12 -3 -12 -3 -11 -3 -11 -4 -12 -4 -11 -3 -11 -4 -11 -4 -11 -5 -11 -5 -12 -5 -12 -5 -12 -5 -12 -6 -12 -5 -13 -6 -13 -6 -13 -6 -13 -6 -12 -7 -12 0 0 0 0 0 0 0 0 0 0 ]
1686,1782799827.872573,11.2531,-65,CSI_DATA,AP,98:F4:AB:29:67:94,-65,11,1,4,1,1,1,1,0,0,0,-96,1,6,1,483179501,0,84,0,0,483.562,384,[84 -64 4 0 0 0 0 0 0 0 0 0 -8 6 -8 6 -9 7 -9 5 -9 5 -8 5 -9 5 -9 5 -9 4 -10 3 -10 4 -9 4 -11 4 -11 4 -10 3 -11 4 -10 4 -10 3 -10 3 -10 3 -11 3 -11 3 -11 3 -11 3 -11 3 -11 3 0 0 -10 4 -11 4 -11 4 -11 4 -11 4 -11 4 -11 4 -11 5 -11 5 -11 5 -11 5 -11 5 -10 5 -11 6 -11 7 -10 6 -12 6 -10 6 -11 7 -11 8 -11 7 -12 7 -12 8 -11 8 -11 8 -10 8 0 0 0 0 0 0 0 0 0 0 ]
1687,1782799828.104710,11.3304,-66,CSI_DATA,AP,98:F4:AB:29:67:94,-66,11,1,5,1,1,1,1,0,0,0,-96,1,6,1,483263469,0,84,0,0,483.646,384,[84 -64 4 0 0 0 0 0 0 0 0 0 1 10 0 9 0 10 0 9 0 10 -2 10 -2 10 -2 10 -3 10 -3 9 -3 10 -3 10 -3 10 -3 9 -3 9 -3 10 -4 9 -3 10 -3 9 -4 9 -4 9 -3 9 -4 10 -4 9 -4 10 -4 10 0 0 -5 9 -4 10 -3 10 -4 11 -4 10 -4 10 -4 10 -4 10 -3 11 -4 11 -3 11 -3 11 -2 11 -2 10 -2 12 -2 11 -2 13 -2 11 -2 12 -2 12 -3 12 -2 12 -2 13 -2 12 -2 12 -1 13 0 0 0 0 0 0 0 0 0 0 ]
1688,1782799828.334610,11.2004,-66,CSI_DATA,AP,98:F4:AB:29:67:94,-66,11,1,5,1,1,1,1,0,0,0,-96,1,6,1,483355422,0,84,0,0,483.738,384,[84 -64 4 0 0 0 0 0 0 0 0 0 -1 10 -1 9 -2 10 -3 9 -3 9 -3 9 -3 9 -4 9 -4 9 -5 9 -5 9 -5 9 -5 9 -5 9 -4 8 -5 9 -5 9 -5 9 -5 8 -6 9 -6 9 -6 8 -6 8 -5 8 -6 9 -5 9 0 0 -6 9 -5 9 -5 10 -5 10 -5 9 -5 10 -6 9 -6 9 -5 9 -5 10 -4 10 -4 10 -4 10 -5 11 -3 10 -3 11 -4 12 -3 11 -4 11 -3 12 -3 12 -4 12 -4 12 -3 13 -3 12 -3 13 0 0 0 0 0 0 0 0 0 0 ]
1689,1782799828.565309,10.5958,-66,CSI_DATA,AP,98:F4:AB:29:67:94,-66,11,1,5,1,1,1,1,0,0,0,-96,1,6,1,483443257,0,84,0,0,483.826,384,[84 -64 4 0 0 0 0 0 0 0 0 0 3 -10 3 -10 4 -9 4 -9 5 -10 5 -9 5 -8 5 -9 6 -8 7 -9 6 -9 7 -8 7 -7 7 -8 6 -7 6 -9 6 -8 7 -8 7 -8 7 -8 7 -8 7 -8 7 -8 7 -8 7 -7 7 -8 0 0 7 -8 7 -9 7 -8 7 -9 7 -8 7 -9 7 -9 7 -9 7 -9 6 -10 6 -9 6 -9 6 -10 6 -9 6 -11 5 -11 7 -11 6 -10 6 -12 6 -11 6 -12 6 -12 6 -12 6 -12 6 -12 5 -12 0 0 0 0 0 0 0 0 0 0 ]
1690,1782799828.786890,11.2101,-65,CSI_DATA,AP,98:F4:AB:29:67:94,-65,11,1,4,1,1,1,1,0,0,0,-96,1,6,1,483534528,0,84,0,0,483.917,384,[84 -64 4 0 0 0 0 0 0 0 0 0 -11 -6 -9 -6 -10 -6 -10 -6 -9 -7 -8 -7 -8 -7 -8 -8 -8 -8 -8 -8 -7 -8 -7 -8 -8 -8 -8 -8 -8 -8 -8 -8 -7 -8 -8 -8 -8 -8 -7 -9 -7 -9 -8 -9 -7 -9 -7 -9 -8 -9 -8 -8 0 0 -8 -9 -9 -9 -9 -8 -8 -8 -8 -8 -9 -9 -8 -9 -8 -9 -9 -8 -9 -8 -9 -8 -9 -8 -10 -8 -10 -8 -10 -8 -10 -8 -11 -8 -10 -8 -10 -8 -11 -8 -11 -8 -12 -8 -12 -9 -12 -8 -11 -8 -12 -7 0 0 0 0 0 0 0 0 0 0 ]
1691,1782799829.013417,10.4158,-65,CSI_DATA,AP,98:F4:AB:29:67:94,-65,11,1,4,1,1,1,1,0,0,0,-96,1,6,1,483624373,0,84,0,0,484.007,384,[84 -64 4 0 0 0 0 0 0 0 0 0 8 7 7 7 7 7 6 7 7 8 6 8 6 8 5 8 5 9 4 9 5 9 4 9 5 9 5 9 5 8 5 10 4 8 5 9 4 9 4 9 4 9 5 9 4 10 4 9 4 9 4 9 0 0 5 9 5 10 5 9 5 9 5 9 5 9 5 10 5 9 5 10 6 10 6 9 5 9 6 9 6 9 8 9 8 8 8 10 7 9 7 10 8 10 8 10 8 9 9 10 10 10 9 9 9 9 0 0 0 0 0 0 0 0 0 0 ]
1692,1782799829.253938,10.6964,-65,CSI_DATA,AP,98:F4:AB:29:67:94,-65,11,1,4,1,1,1,1,0,0,0,-96,1,6,1,483713898,0,84,0,0,484.096,384,[84 -64 4 0 0 0 0 0 0 0 0 0 0 -10 2 -11 2 -11 2 -11 2 -11 3 -10 4 -10 4 -9 5 -10 5 -9 4 -10 5 -10 5 -10 5 -10 5 -9 5 -9 4 -9 5 -10 5 -9 6 -9 6 -9 6 -9 6 -8 6 -10 7 -9 5 -10 0 0 6 -10 6 -10 6 -10 6 -10 6 -10 6 -10 7 -9 6 -9 6 -10 5 -10 5 -11 5 -10 4 -11 6 -11 5 -11 4 -12 5 -12 5 -12 5 -12 5 -11 6 -12 6 -13 6 -12 5 -13 2 -14 4 -13 0 0 0 0 0 0 0 0 0 0 ]
1693,1782799829.466414,10.5273,-65,CSI_DATA,AP,98:F4:AB:29:67:94,-65,11,1,4,1,1,1,1,0,0,0,-96,1,6,1,483802821,0,84,0,0,484.185,384,[84 -64 4 0 0 0 0 0 0 0 0 0 7 8 6 8 5 9 5 8 5 8 4 9 4 9 4 9 3 10 2 9 3 9 3 10 3 10 3 10 3 9 3 10 2 10 3 10 2 9 3 10 3 10 3 10 2 10 2 9 2 10 2 10 0 0 2 10 3 11 2 10 3 10 2 9 3 11 2 10 3 10 3 10 4 11 4 11 3 10 3 10 4 10 5 11 5 11 5 12 5 10 5 11 5 11 5 11 5 12 6 12 5 11 5 11 6 11 0 0 0 0 0 0 0 0 0 0 ]
1694,1782799829.687318,10.6857,-66,CSI_DATA,AP,98:F4:AB:29:67:94,-66,11,1,5,1,1,1,1,0,0,0,-96,1,6,1,483892499,0,84,0,0,484.275,384,[84 -64 4 0 0 0 0 0 0 0 0 0 -4 -11 -3 -10 -3 -11 -3 -10 -2 -11 -1 -10 -1 -11 -1 -11 0 -11 -1 -10 -1 -10 -1 -11 0 -11 0 -11 -1 -11 -1 -12 -1 -10 0 -12 0 -10 0 -10 0 -11 0 -11 0 -11 0 -11 -1 -11 0 -12 0 0 -1 -12 0 -11 -1 -11 0 -12 -1 -10 0 -11 0 -11 -1 -12 -1 -11 -1 -12 -2 -12 -1 -12 -2 -12 -2 -12 -3 -12 -3 -12 -3 -13 -3 -13 -3 -12 -3 -13 -3 -13 -4 -13 -3 -13 -4 -13 -4 -14 -4 -13 0 0 0 0 0 0 0 0 0 0 ]
1695,1782799829.910390,11.2349,-66,CSI_DATA,AP,98:F4:AB:29:67:94,-66,11,1,5,1,1,1,1,0,0,0,-96,1,6,1,483984652,0,84,0,0,484.367,384,[84 -64 4 0 0 0 0 0 0 0 0 0 4 -10 4 -9 5 -9 5 -9 6 -9 6 -9 7 -8 6 -8 7 -8 7 -7 7 -7 7 -7 7 -7 7 -8 7 -7 7 -8 7 -8 7 -7 7 -7 8 -7 7 -7 8 -7 8 -7 8 -7 9 -7 7 -8 0 0 7 -8 8 -9 7 -8 7 -8 7 -7 7 -8 8 -8 7 -8 7 -8 7 -9 7 -9 7 -8 6 -9 6 -9 6 -10 6 -10 7 -11 6 -11 6 -11 6 -11 7 -11 7 -11 6 -12 6 -12 6 -12 6 -12 0 0 0 0 0 0 0 0 0 0 ]
1696,1782799830.198591,10.8367,-65,CSI_DATA,AP,98:F4:AB:29:67:94,-65,11,1,3,1,1,1,1,0,0,0,-96,1,6,1,484092441,0,84,0,0,484.475,384,[84 -64 4 0 0 0 0 0 0 0 0 0 10 0 9 1 10 0 10 1 10 2 9 2 9 3 9 3 10 3 9 3 9 3 8 3 10 4 10 4 9 4 10 4 9 3 9 4 8 4 9 4 9 4 9 4 9 4 9 4 9 5 9 4 0 0 10 4 10 4 10 4 9 4 9 3 10 4 10 4 10 4 10 3 11 4 10 3 10 3 10 3 10 3 11 2 11 2 12 2 12 2 12 2 11 2 12 3 12 2 13 3 13 2 13 2 12 2 0 0 0 0 0 0 0 0 0 0 ]
1697,1782799830.472086,10.1941,-66,CSI_DATA,AP,98:F4:AB:29:67:94,-66,11,1,5,1,1,1,1,0,0,0,-96,1,6,1,484165132,0,84,0,0,484.548,384,[84 -64 4 0 0 0 0 0 0 0 0 0 7 -8 6 -7 8 -7 8 -7 8 -7 8 -6 8 -6 8 -5 9 -6 9 -4 8 -5 9 -5 9 -5 9 -5 8 -5 10 -4 10 -4 8 -4 9 -3 9 -4 10 -4 9 -4 10 -4 10 -4 9 -4 10 -4 0 0 10 -4 10 -4 9 -4 10 -4 10 -4 10 -4 11 -3 10 -4 10 -4 10 -5 9 -5 10 -5 10 -5 10 -5 10 -6 10 -6 11 -6 10 -6 10 -6 11 -6 11 -5 11 -6 11 -7 11 -7 10 -7 10 -7 0 0 0 0 0 0 0 0 0 0 ]
1698,1782799830.710474,9.9061,-66,CSI_DATA,AP,98:F4:AB:29:67:94,-66,11,1,5,1,1,1,1,0,0,0,-96,1,6,1,484253650,0,84,0,0,484.636,384,[84 -64 4 0 0 0 0 0 0 0 0 0 5 9 4 8 4 9 4 9 4 9 3 9 2 10 1 9 2 10 1 10 2 10 2 10 2 10 1 9 1 9 1 10 1 9 1 10 1 9 1 10 0 9 1 10 0 10 0 10 0 10 1 10 0 0 1 9 1 11 1 10 1 10 1 9 2 11 1 10 0 10 2 10 2 10 2 11 2 10 3 10 3 10 3 11 3 11 4 11 3 11 3 11 4 10 4 11 4 12 4 11 5 11 4 11 4 11 0 0 0 0 0 0 0 0 0 0 ]
1699,1782799830.948989,9.6424,-65,CSI_DATA,AP,98:F4:AB:29:67:94,-65,11,1,4,1,1,1,1,0,0,0,-96,1,6,1,484342932,0,84,0,0,484.725,384,[84 -64 4 0 0 0 0 0 0 0 0 0 -10 0 -10 -1 -10 -1 -11 -1 -11 -2 -9 -2 -10 -3 -10 -4 -10 -3 -10 -4 -10 -4 -9 -4 -10 -4 -10 -4 -9 -4 -10 -4 -9 -3 -10 -4 -10 -4 -9 -5 -9 -5 -9 -5 -9 -5 -9 -4 -9 -4 -9 -4 0 0 -9 -4 -10 -4 -10 -4 -10 -4 -9 -4 -9 -4 -10 -4 -10 -4 -10 -4 -11 -3 -10 -3 -10 -3 -10 -3 -10 -2 -11 -2 -11 -2 -12 -2 -11 -2 -12 -2 -12 -2 -12 -2 -12 -2 -12 -2 -13 -1 -12 -1 -12 -1 0 0 0 0 0 0 0 0 0 0 ]
1700,1782799831.177980,9.8653,-65,CSI_DATA,AP,98:F4:AB:29:67:94,-65,11,1,4,1,1,1,1,0,0,0,-96,1,6,1,484433292,0,84,0,0,484.816,384,[84 -64 4 0 0 0 0 0 0 0 0 0 3 9 4 10 2 10 2 10 1 10 1 10 1 11 0 11 1 11 0 11 0 10 -1 10 -1 10 -1 10 0 10 0 11 -1 10 -1 10 -1 10 -1 10 -1 10 -1 10 -1 10 0 10 -1 10 -1 11 0 0 -1 10 -1 11 0 10 0 11 0 10 0 11 -1 11 0 10 0 10 1 11 1 11 1 11 1 11 1 11 2 11 2 11 2 11 2 12 2 12 3 12 2 12 3 12 3 12 4 12 3 12 4 12 0 0 0 0 0 0 0 0 0 0 ]
1701,1782799831.402845,10.0529,-65,CSI_DATA,AP,98:F4:AB:29:67:94,-65,11,1,3,1,1,1,1,0,0,0,-96,1,6,1,484529528,0,84,0,0,484.912,384,[84 -64 4 0 0 0 0 0 0 0 0 0 -11 -4 -11 -4 -11 -5 -10 -5 -10 -5 -10 -6 -10 -7 -10 -7 -10 -7 -9 -7 -10 -7 -9 -7 -9 -8 -9 -7 -9 -7 -10 -8 -9 -8 -9 -7 -8 -7 -9 -7 -9 -8 -9 -8 -8 -8 -8 -7 -8 -7 -9 -8 0 0 -9 -7 -10 -7 -9 -7 -10 -7 -9 -7 -10 -7 -10 -7 -10 -7 -10 -7 -10 -7 -11 -6 -10 -6 -11 -6 -10 -5 -11 -5 -11 -5 -12 -6 -11 -6 -12 -6 -12 -5 -12 -6 -13 -6 -13 -5 -12 -4 -13 -5 -13 -4 0 0 0 0 0 0 0 0 0 0 ]
1702,1782799831.623349,10.2117,-63,CSI_DATA,AP,98:F4:AB:29:67:94,-63,11,1,2,1,1,1,1,0,0,0,-96,1,6,1,484617307,0,84,0,0,485,384,[84 -64 4 0 0 0 0 0 0 0 0 0 -12 -1 -11 -2 -13 -2 -12 -3 -13 -4 -10 -4 -11 -4 -11 -4 -11 -5 -11 -6 -11 -6 -11 -5 -11 -5 -11 -6 -11 -6 -11 -5 -10 -5 -11 -5 -10 -6 -11 -6 -10 -6 -11 -6 -10 -6 -10 -6 -11 -6 -11 -5 0 0 -11 -5 -12 -5 -11 -5 -12 -4 -11 -5 -11 -5 -12 -5 -12 -5 -11 -4 -12 -5 -12 -4 -12 -4 -12 -3 -12 -3 -13 -3 -12 -2 -14 -3 -13 -3 -13 -2 -14 -2 -14 -3 -14 -2 -14 -3 -15 -2 -14 -1 -14 -2 0 0 0 0 0 0 0 0 0 0 ]
1703,1782799831.859378,10.5424,-65,CSI_DATA,AP,98:F4:AB:29:67:94,-65,11,1,4,1,1,1,1,0,0,0,-96,1,6,1,484702704,0,84,0,0,485.085,384,[84 -64 4 0 0 0 0 0 0 0 0 0 11 -1 10 0 12 1 11 1 11 2 10 2 10 2 9 3 10 3 10 4 10 3 10 4 10 3 10 3 9 3 10 4 10 3 10 3 10 4 9 4 9 4 10 4 10 4 9 4 10 4 10 4 0 0 10 3 11 4 10 3 10 3 9 4 11 3 11 4 10 3 10 3 11 3 11 2 11 3 11 2 11 2 11 1 11 1 12 1 12 1 12 1 12 1 12 1 12 0 12 1 14 0 13 1 13 0 0 0 0 0 0 0 0 0 0 0 ]
1704,1782799832.079265,11.6949,-65,CSI_DATA,AP,98:F4:AB:29:67:94,-65,11,1,4,1,1,1,1,0,0,0,-96,1,6,1,484795590,0,84,0,0,485.178,384,[84 -64 4 0 0 0 0 0 0 0 0 0 -6 -9 -6 -9 -5 -9 -5 -9 -4 -10 -4 -10 -3 -10 -2 -10 -3 -11 -2 -10 -3 -10 -2 -10 -2 -11 -3 -11 -1 -10 -1 -11 -1 -11 -1 -10 -1 -10 -1 -9 0 -9 0 -11 0 -9 -2 -12 -1 -12 -1 -11 0 0 -1 -10 -2 -9 -2 -9 -3 -10 0 -9 0 -11 0 -11 -1 -11 -1 -11 -3 -11 -4 -11 -2 -10 -4 -10 -3 -10 -3 -10 -3 -11 -3 -11 -3 -11 -3 -12 -3 -11 -3 -11 -3 -12 -4 -12 -4 -12 -4 -12 -5 -12 0 0 0 0 0 0 0 0 0 0 ]
1705,1782799832.302586,11.7327,-64,CSI_DATA,AP,98:F4:AB:29:67:94,-64,11,1,3,1,1,1,1,0,0,0,-96,1,6,1,484885710,0,84,0,0,485.268,384,[84 -64 4 0 0 0 0 0 0 0 0 0 -11 5 -10 4 -11 4 -10 3 -12 4 -10 3 -11 3 -10 2 -11 2 -12 1 -12 1 -11 1 -11 0 -11 1 -10 1 -11 2 -10 2 -11 2 -11 1 -11 2 -11 2 -11 3 -11 1 -11 1 -11 1 -11 1 0 0 -11 2 -12 4 -10 3 -11 4 -11 3 -11 3 -11 3 -11 4 -11 5 -12 4 -12 4 -11 5 -10 3 -10 5 -12 6 -8 7 -11 7 -10 5 -12 7 -12 10 -13 5 -9 7 -12 9 -10 8 -9 7 -12 6 0 0 0 0 0 0 0 0 0 0 ]
1706,1782799832.551023,10.4208,-65,CSI_DATA,AP,98:F4:AB:29:67:94,-65,11,1,3,1,1,1,1,0,0,0,-96,1,6,1,484973789,0,84,0,0,485.356,384,[84 -64 4 0 0 0 0 0 0 0 0 0 10 1 10 2 11 3 10 3 10 4 9 4 9 5 9 5 9 5 9 6 8 6 8 6 9 6 9 6 8 6 9 6 8 6 9 6 8 6 8 6 8 6 9 6 8 7 8 6 7 6 9 6 0 0 8 6 9 6 9 6 9 6 9 5 9 6 9 6 10 5 9 6 10 6 10 5 10 5 10 5 10 5 11 4 11 4 12 5 11 4 11 4 11 4 12 5 12 4 12 5 13 4 13 4 12 3 0 0 0 0 0 0 0 0 0 0 ]
1707,1782799832.789833,10.7896,-65,CSI_DATA,AP,98:F4:AB:29:67:94,-65,11,1,3,1,1,1,1,0,0,0,-96,1,6,1,485063798,0,84,0,0,485.446,384,[84 -64 4 0 0 0 0 0 0 0 0 0 -12 2 -11 0 -13 1 -11 0 -13 -1 -11 -1 -12 -2 -12 -3 -12 -3 -12 -3 -11 -3 -11 -3 -11 -2 -12 -3 -12 -3 -12 -3 -11 -3 -11 -3 -11 -4 -11 -4 -11 -4 -11 -4 -11 -4 -11 -3 -11 -3 -11 -3 0 0 -11 -3 -12 -3 -12 -3 -12 -2 -11 -2 -12 -3 -12 -3 -12 -3 -12 -3 -12 -2 -13 -1 -12 -2 -13 -1 -12 -1 -13 -1 -12 -1 -14 -1 -13 -1 -13 -1 -14 -1 -13 -1 -14 -1 -14 -1 -14 1 -14 0 -14 1 0 0 0 0 0 0 0 0 0 0 ]
1708,1782799833.036911,9.8086,-65,CSI_DATA,AP,98:F4:AB:29:67:94,-65,11,1,4,1,1,1,1,0,0,0,-96,1,6,1,485154130,0,84,0,0,485.537,384,[84 -64 4 0 0 0 0 0 0 0 0 0 -10 4 -10 3 -10 4 -10 3 -11 3 -10 2 -10 1 -11 1 -11 1 -10 0 -10 1 -11 0 -10 1 -11 1 -10 0 -11 0 -10 0 -10 0 -10 0 -10 0 -10 -1 -10 -1 -10 -1 -10 1 -9 -2 -10 -1 0 0 -11 0 -11 0 -11 0 -10 1 -10 0 -11 0 -11 0 -11 0 -10 0 -11 1 -10 2 -11 1 -10 2 -11 2 -11 2 -11 2 -11 3 -11 2 -12 2 -12 2 -12 2 -12 2 -12 4 -12 4 -12 4 -12 4 0 0 0 0 0 0 0 0 0 0 ]
1709,1782799833.294812,10.3592,-65,CSI_DATA,AP,98:F4:AB:29:67:94,-65,11,1,4,1,1,1,1,0,0,0,-96,1,6,1,485242764,0,84,0,0,485.625,384,[84 -64 4 0 0 0 0 0 0 0 0 0 -4 11 -4 10 -5 11 -5 10 -6 10 -5 9 -7 9 -7 9 -6 10 -7 9 -8 8 -7 9 -8 8 -8 8 -6 8 -7 9 -7 9 -7 9 -7 8 -7 8 -8 8 -7 8 -7 8 -8 8 -8 8 -7 9 0 0 -7 8 -7 9 -7 8 -7 10 -7 8 -7 9 -7 10 -6 9 -6 9 -7 10 -6 9 -6 10 -6 10 -5 10 -5 11 -5 11 -6 12 -5 11 -5 11 -5 12 -5 12 -4 13 -6 13 -5 12 -5 12 -5 13 0 0 0 0 0 0 0 0 0 0 ]
1710,1782799833.548659,11.4467,-65,CSI_DATA,AP,98:F4:AB:29:67:94,-65,11,1,3,1,1,1,1,0,0,0,-96,1,6,1,485333889,0,84,0,0,485.716,384,[84 -64 4 0 0 0 0 0 0 0 0 0 -7 -10 -6 -9 -7 -11 -6 -10 -6 -12 -4 -11 -4 -11 -4 -10 -4 -11 -3 -12 -4 -12 -2 -11 -3 -11 -4 -11 -3 -11 -4 -12 -3 -10 -3 -12 -3 -10 -3 -10 -2 -11 -3 -12 -3 -12 -3 -11 -3 -12 -3 -11 0 0 -4 -11 -4 -12 -4 -11 -4 -12 -3 -11 -4 -11 -4 -12 -4 -12 -4 -11 -5 -12 -4 -11 -5 -11 -6 -11 -5 -11 -4 -12 -6 -11 -7 -12 -6 -11 -6 -12 -7 -12 -6 -13 -7 -12 -8 -13 -8 -12 -8 -12 -7 -12 0 0 0 0 0 0 0 0 0 0 ]
1711,1782799833.797105,11.5319,-65,CSI_DATA,AP,98:F4:AB:29:67:94,-65,11,1,4,1,1,1,1,0,0,0,-96,1,6,1,485424959,0,84,0,0,485.807,384,[84 -64 4 0 0 0 0 0 0 0 0 0 11 -3 10 -3 12 -2 10 -1 11 -1 11 -1 11 0 11 0 11 0 11 1 11 2 10 2 11 2 11 1 10 1 12 1 9 2 10 1 9 2 10 1 11 2 11 2 11 2 10 2 11 2 10 2 0 0 10 1 12 2 11 1 11 1 10 2 11 2 11 2 11 2 11 1 11 1 11 1 12 1 12 0 11 0 12 0 11 -1 13 -1 12 0 13 -1 13 -1 13 -1 13 -1 13 -1 13 -1 13 -1 13 -2 0 0 0 0 0 0 0 0 0 0 ]
1712,1782799834.064687,10.9238,-65,CSI_DATA,AP,98:F4:AB:29:67:94,-65,11,1,4,1,1,1,1,0,0,0,-96,1,6,1,485513623,0,84,0,0,485.896,384,[84 -64 4 0 0 0 0 0 0 0 0 0 -6 -10 -5 -10 -5 -10 -5 -10 -5 -9 -4 -10 -3 -11 -3 -10 -3 -11 -2 -10 -3 -10 -2 -11 -2 -11 -2 -11 -2 -9 -2 -11 -2 -10 -2 -10 -2 -10 -1 -10 -2 -11 -2 -10 -2 -10 -2 -10 -2 -10 -2 -10 0 0 -2 -11 -3 -10 -3 -10 -3 -10 -3 -10 -3 -10 -1 -12 -3 -10 -3 -10 -4 -10 -4 -10 -4 -10 -5 -10 -5 -10 -5 -11 -6 -10 -5 -11 -5 -11 -6 -11 -6 -11 -5 -11 -6 -11 -6 -11 -6 -11 -7 -11 -7 -11 0 0 0 0 0 0 0 0 0 0 ]
1713,1782799834.339018,10.5273,-65,CSI_DATA,AP,98:F4:AB:29:67:94,-65,11,1,4,1,1,1,1,0,0,0,-96,1,6,1,485607956,0,84,0,0,485.99,384,[84 -64 4 0 0 0 0 0 0 0 0 0 10 6 9 6 9 7 9 6 8 6 7 7 7 8 7 8 7 8 7 8 7 8 7 9 6 8 6 9 6 8 7 9 6 8 6 8 5 8 6 8 5 9 5 8 6 9 6 8 6 8 6 9 0 0 6 9 7 9 6 9 6 9 6 8 6 8 7 9 6 9 7 8 8 8 7 8 7 9 8 9 8 8 8 8 9 8 9 8 9 8 10 8 9 8 9 8 10 9 10 9 10 8 10 8 10 8 0 0 0 0 0 0 0 0 0 0 ]
1714,1782799834.577810,10.9959,-64,CSI_DATA,AP,98:F4:AB:29:67:94,-64,11,1,4,1,1,1,1,0,0,0,-96,1,6,1,485700906,0,84,0,0,486.083,384,[84 -64 4 0 0 0 0 0 0 0 0 0 -4 11 -4 10 -5 10 -5 10 -4 10 -5 9 -6 9 -6 9 -7 9 -7 8 -6 9 -7 9 -7 8 -7 8 -6 8 -8 9 -7 9 -7 8 -7 8 -7 8 -7 8 -7 8 -8 8 -7 7 -8 8 -8 8 0 0 -7 8 -8 9 -7 9 -7 9 -7 8 -6 9 -7 9 -6 9 -7 9 -6 10 -7 10 -7 9 -6 10 -5 10 -6 11 -6 11 -6 11 -5 11 -6 12 -5 11 -6 12 -6 12 -6 12 -5 12 -5 12 -5 13 0 0 0 0 0 0 0 0 0 0 ]
1715,1782799834.841046,10.2840,-65,CSI_DATA,AP,98:F4:AB:29:67:94,-65,11,1,4,1,1,1,1,0,0,0,-96,1,6,1,485787234,0,84,0,0,486.17,384,[84 -64 4 0 0 0 0 0 0 0 0 0 8 -6 8 -5 10 -5 8 -4 9 -4 9 -3 9 -3 9 -3 9 -3 10 -2 9 -2 9 -2 10 -2 9 -2 9 -1 10 -2 8 -2 10 -2 9 -2 9 -1 9 -1 10 -2 9 -1 9 -1 10 -1 10 -2 0 0 9 -2 10 -2 9 -2 10 -3 9 -2 9 -2 10 -2 10 -3 9 -3 10 -3 9 -3 9 -3 9 -4 9 -3 10 -5 9 -5 11 -5 10 -5 10 -5 10 -5 11 -5 10 -5 11 -5 10 -6 11 -5 10 -6 0 0 0 0 0 0 0 0 0 0 ]
1716,1782799835.458042,10.2328,-65,CSI_DATA,AP,98:F4:AB:29:67:94,-65,11,1,4,1,1,1,1,0,0,0,-96,1,6,1,485874833,0,84,0,0,486.257,384,[84 -64 4 0 0 0 0 0 0 0 0 0 2 -11 3 -11 3 -11 4 -11 4 -11 4 -11 5 -10 5 -9 5 -11 6 -10 5 -10 6 -10 6 -10 6 -10 6 -9 6 -10 6 -10 5 -9 6 -9 6 -10 7 -9 7 -9 6 -9 6 -9 6 -9 6 -10 0 0 6 -10 7 -10 6 -10 5 -10 6 -10 6 -10 6 -10 6 -10 6 -10 6 -11 5 -11 5 -10 5 -10 5 -11 5 -11 4 -12 5 -12 5 -12 5 -12 4 -12 5 -13 5 -13 5 -13 4 -14 5 -13 4 -14 0 0 0 0 0 0 0 0 0 0 ]
1717,1782799835.810792,10.9191,-65,CSI_DATA,AP,98:F4:AB:29:67:94,-65,11,1,3,1,1,1,1,0,0,0,-96,1,6,1,485968852,0,84,0,0,486.351,384,[84 -64 4 0 0 0 0 0 0 0 0 0 5 -10 6 -10 6 -10 6 -9 7 -9 7 -8 7 -8 8 -8 8 -8 9 -7 8 -7 9 -7 9 -7 8 -7 8 -6 8 -7 8 -7 8 -7 9 -6 9 -7 9 -6 9 -7 9 -6 9 -7 9 -7 9 -7 0 0 9 -7 9 -8 8 -7 9 -7 9 -6 8 -8 10 -8 9 -8 8 -7 8 -8 8 -8 8 -8 8 -8 9 -8 8 -9 8 -10 9 -9 8 -10 9 -10 8 -10 9 -10 9 -10 9 -10 9 -10 9 -11 8 -11 0 0 0 0 0 0 0 0 0 0 ]
1718,1782799836.088830,11.1156,-65,CSI_DATA,AP,98:F4:AB:29:67:94,-65,11,1,4,1,1,1,1,0,0,0,-96,1,6,1,486054936,0,84,0,0,486.437,384,[84 -64 4 0 0 0 0 0 0 0 0 0 -2 11 -3 11 -3 11 -3 10 -3 10 -5 10 -5 10 -6 10 -5 10 -7 9 -5 10 -6 10 -6 10 -6 9 -6 9 -6 10 -6 10 -6 9 -6 9 -6 9 -7 9 -7 9 -7 9 -7 9 -7 9 -7 9 0 0 -6 9 -7 10 -6 9 -6 10 -6 8 -6 10 -6 10 -7 9 -6 9 -7 11 -6 10 -6 10 -5 10 -5 10 -4 12 -4 11 -5 12 -5 12 -5 12 -5 12 -5 12 -5 12 -5 12 -4 13 -4 12 -4 13 0 0 0 0 0 0 0 0 0 0 ]
1719,1782799836.314681,11.1339,-65,CSI_DATA,AP,98:F4:AB:29:67:94,-65,11,1,4,1,1,1,1,0,0,0,-96,1,6,1,486144258,0,84,0,0,486.527,384,[84 -64 4 0 0 0 0 0 0 0 0 0 8 8 7 8 6 9 7 8 7 8 5 10 5 10 4 10 4 10 4 10 4 10 4 10 4 10 4 10 4 9 4 11 3 10 3 10 3 10 3 10 3 10 3 10 2 10 4 10 3 10 3 10 0 0 3 10 4 10 4 10 4 10 3 10 3 11 4 11 3 10 4 10 4 11 5 10 5 10 5 10 6 9 7 10 6 10 6 10 7 10 7 11 6 11 7 11 7 10 7 10 8 11 7 11 8 10 0 0 0 0 0 0 0 0 0 0 ]
1720,1782799836.555486,11.6667,-65,CSI_DATA,AP,98:F4:AB:29:67:94,-65,11,1,4,1,1,1,1,0,0,0,-96,1,6,1,486232832,0,84,0,0,486.615,384,[84 -64 4 0 0 0 0 0 0 0 0 0 0 10 -1 10 -1 11 -2 11 -2 11 -2 10 -3 10 -3 10 -4 11 -5 10 -4 10 -4 10 -5 10 -4 10 -5 9 -5 11 -5 9 -5 10 -5 9 -5 9 -6 10 -5 9 -5 9 -5 9 -6 10 -5 10 0 0 -5 10 -5 10 -5 10 -4 10 -5 9 -5 10 -5 10 -5 10 -4 10 -4 11 -4 10 -4 11 -4 10 -4 11 -4 11 -3 12 -4 13 -3 11 -3 12 -3 12 -4 12 -4 12 -3 13 -3 13 -3 13 -2 13 0 0 0 0 0 0 0 0 0 0 ]
1721,1782799836.765421,11.9468,-65,CSI_DATA,AP,98:F4:AB:29:67:94,-65,11,1,4,1,1,1,1,0,0,0,-96,1,6,1,486326099,0,84,0,0,486.709,384,[84 -64 4 0 0 0 0 0 0 0 0 0 -8 9 -8 7 -9 7 -8 8 -9 8 -9 7 -9 6 -9 6 -10 6 -10 5 -10 6 -10 5 -10 5 -10 5 -9 5 -11 6 -9 5 -10 5 -10 5 -10 5 -10 5 -10 5 -10 5 -10 5 -11 5 -10 5 0 0 -10 5 -11 6 -10 5 -10 6 -9 5 -10 6 -10 6 -10 6 -10 7 -10 7 -9 7 -10 7 -9 8 -9 8 -9 8 -9 8 -10 9 -9 8 -9 9 -9 9 -9 10 -10 10 -10 10 -9 10 -8 10 -9 10 0 0 0 0 0 0 0 0 0 0 ]
1722,1782799837.004998,11.4745,-65,CSI_DATA,AP,98:F4:AB:29:67:94,-65,11,1,4,1,1,1,1,0,0,0,-96,1,6,1,486417384,0,84,0,0,486.8,384,[84 -64 4 0 0 0 0 0 0 0 0 0 10 -5 10 -3 11 -3 11 -3 11 -2 11 -2 10 -1 11 -1 11 -1 11 0 11 0 11 1 10 0 11 0 11 1 11 0 10 0 11 0 10 1 10 1 11 1 11 0 11 1 11 1 11 1 11 0 0 0 11 0 11 0 11 0 11 -1 10 1 11 0 11 0 11 -1 11 -1 11 -1 11 -1 11 0 11 -1 12 -2 11 -2 12 -2 13 -2 11 -2 13 -3 12 -3 13 -2 13 -2 12 -3 13 -3 13 -4 13 -4 0 0 0 0 0 0 0 0 0 0 ]
1723,1782799837.290705,10.8610,-65,CSI_DATA,AP,98:F4:AB:29:67:94,-65,11,1,4,1,1,1,1,0,0,0,-96,1,6,1,486503777,0,84,0,0,486.886,384,[84 -64 4 0 0 0 0 0 0 0 0 0 7 -7 7 -7 9 -7 8 -6 8 -6 8 -5 9 -5 8 -4 9 -4 10 -4 9 -4 9 -4 9 -3 9 -3 9 -3 10 -4 9 -4 9 -3 9 -3 9 -3 10 -3 9 -3 9 -3 10 -3 10 -3 9 -3 0 0 9 -3 9 -4 9 -4 9 -4 9 -4 9 -4 10 -4 9 -3 9 -4 10 -4 9 -4 9 -4 9 -5 9 -5 9 -5 8 -6 10 -6 9 -6 10 -6 9 -6 10 -6 10 -6 10 -7 10 -7 9 -7 9 -7 0 0 0 0 0 0 0 0 0 0 ]
1724,1782799837.508056,10.6505,-65,CSI_DATA,AP,98:F4:AB:29:67:94,-65,11,1,4,1,1,1,1,0,0,0,-96,1,6,1,486597376,0,84,0,0,486.98,384,[84 -64 4 0 0 0 0 0 0 0 0 0 10 3 10 3 10 4 10 5 9 5 9 6 9 6 9 7 9 7 8 7 9 7 8 7 8 7 8 7 8 7 8 8 8 8 8 7 8 7 8 7 8 8 7 7 7 8 8 7 8 7 8 7 0 0 8 7 8 8 8 7 8 7 8 7 7 7 8 8 8 8 8 7 9 7 10 7 9 7 9 6 10 6 10 5 10 6 10 6 10 6 10 7 11 6 11 7 11 6 11 7 12 6 12 6 12 5 0 0 0 0 0 0 0 0 0 0 ]
1725,1782799837.761426,9.6629,-64,CSI_DATA,AP,98:F4:AB:29:67:94,-64,11,1,4,1,1,1,1,0,0,0,-96,1,6,1,486682608,0,84,0,0,487.065,384,[84 -64 4 0 0 0 0 0 0 0 0 0 -10 1 -9 1 -11 0 -10 0 -10 0 -9 0 -9 -1 -10 -1 -10 -1 -9 -2 -9 -2 -10 -1 -10 -2 -10 -2 -9 -2 -10 -3 -9 -2 -9 -3 -9 -3 -9 -3 -9 -3 -9 -4 -9 -3 -9 -3 -9 -3 -9 -2 0 0 -9 -3 -10 -3 -10 -3 -10 -2 -9 -3 -9 -3 -10 -3 -9 -3 -9 -2 -10 -2 -10 -2 -10 -2 -10 -2 -10 -1 -10 -1 -11 -1 -11 -2 -10 -2 -11 -1 -10 -1 -11 -1 -11 -1 -11 -1 -12 0 -11 -1 -11 0 0 0 0 0 0 0 0 0 0 0 ]
1726,1782799838.060380,7.4443,-69,CSI_DATA,AP,98:F4:AB:29:67:94,-69,11,1,4,1,1,1,1,0,0,0,-96,1,6,1,507209146,0,84,0,0,507.592,384,[84 -64 4 0 0 0 0 0 0 0 0 0 4 4 3 4 3 4 3 4 3 4 3 5 3 5 3 5 3 6 2 6 3 4 3 6 2 5 3 5 2 5 3 6 3 6 3 6 2 6 2 6 2 6 3 6 3 6 2 7 2 6 2 6 0 0 3 7 3 7 3 7 3 7 3 7 2 8 3 8 2 7 3 7 3 8 3 7 3 7 3 7 4 7 4 8 4 7 4 9 4 8 4 8 4 8 4 8 4 8 5 8 5 8 5 8 5 8 0 0 0 0 0 0 0 0 0 0 ]
1727,1782799838.237726,6.5981,-69,CSI_DATA,AP,98:F4:AB:29:67:94,-69,11,1,4,1,1,1,1,0,0,0,-96,1,6,1,507293431,0,84,0,0,507.676,384,[84 -64 4 0 0 0 0 0 0 0 0 0 2 -5 3 -5 3 -5 3 -5 3 -5 4 -5 4 -5 3 -5 4 -4 5 -4 4 -4 4 -4 5 -4 5 -4 4 -4 5 -4 5 -4 4 -5 5 -4 5 -4 6 -4 5 -5 5 -4 6 -5 6 -4 6 -4 0 0 5 -5 7 -4 6 -5 6 -5 6 -5 6 -5 7 -5 7 -5 6 -5 7 -5 6 -5 7 -5 7 -5 7 -6 7 -6 6 -7 8 -7 7 -6 8 -6 7 -7 7 -7 8 -7 8 -7 8 -7 8 -7 7 -7 0 0 0 0 0 0 0 0 0 0 ]
1728,1782799838.482628,6.1287,-69,CSI_DATA,AP,98:F4:AB:29:67:94,-69,11,1,4,1,1,1,1,0,0,0,-96,1,6,1,507389027,0,84,0,0,507.772,384,[84 -64 4 0 0 0 0 0 0 0 0 0 -4 -3 -5 -4 -5 -3 -4 -3 -4 -3 -4 -4 -4 -5 -4 -5 -3 -5 -3 -5 -4 -5 -3 -5 -4 -4 -4 -5 -5 -5 -5 -5 -4 -5 -4 -5 -5 -4 -4 -5 -5 -5 -5 -6 -5 -6 -4 -6 -5 -5 -5 -6 0 0 -5 -6 -5 -6 -5 -6 -5 -6 -6 -6 -6 -6 -6 -7 -6 -6 -6 -6 -7 -7 -6 -7 -6 -7 -6 -6 -6 -6 -7 -7 -8 -6 -7 -7 -7 -7 -7 -8 -7 -7 -7 -7 -8 -8 -8 -7 -9 -8 -8 -8 -8 -7 0 0 0 0 0 0 0 0 0 0 ]
1729,1782799838.707112,6.1940,-71,CSI_DATA,AP,98:F4:AB:29:67:94,-71,11,1,5,1,1,1,1,0,0,0,-96,1,6,1,507474524,0,84,0,0,507.857,384,[84 -64 4 0 0 0 0 0 0 0 0 0 -5 0 -5 1 -6 1 -6 0 -6 0 -5 0 -6 0 -7 -1 -6 0 -5 -2 -6 -1 -5 -1 -6 0 -6 -1 -6 0 -7 -1 -6 0 -7 -1 -7 -1 -6 -1 -7 -2 -7 -1 -7 -1 -8 -1 -7 -2 -8 -1 0 0 -7 -1 -8 -1 -8 -1 -8 0 -8 -1 -8 -1 -8 -1 -9 -1 -8 -2 -9 -2 -8 -1 -9 -1 -8 0 -9 -1 -10 -1 -9 -1 -10 0 -10 -1 -10 -1 -10 -1 -10 -1 -10 0 -11 -1 -10 -1 -11 -1 -11 -1 0 0 0 0 0 0 0 0 0 0 ]
1730,1782799838.952803,7.7717,-71,CSI_DATA,AP,98:F4:AB:29:67:94,-71,11,1,5,1,1,1,1,0,0,0,-96,1,6,1,507565109,0,84,0,0,507.948,384,[84 -64 4 0 0 0 0 0 0 0 0 0 -4 -6 -3 -7 -3 -6 -3 -6 -2 -6 -2 -6 -2 -6 -2 -7 -1 -8 -2 -7 -1 -7 -1 -7 -1 -8 -1 -7 -1 -8 -2 -8 -2 -8 -1 -8 -1 -8 0 -8 0 -8 0 -8 -1 -8 -1 -8 -1 -9 -2 -9 0 0 0 -9 -1 -9 -1 -8 -1 -9 0 -9 0 -10 0 -10 0 -10 0 -9 0 -9 -1 -8 0 -9 -2 -9 -1 -10 -1 -10 -1 -10 0 -11 -1 -11 0 -11 -1 -11 0 -11 0 -12 0 -11 -2 -12 -1 -12 -1 -11 0 0 0 0 0 0 0 0 0 0 ]
1731,1782799839.168789,8.6435,-71,CSI_DATA,AP,98:F4:AB:29:67:94,-71,11,1,5,1,1,1,1,0,0,0,-96,1,6,1,507652569,0,84,0,0,508.035,384,[84 -64 4 0 0 0 0 0 0 0 0 0 -1 6 -2 6 -2 5 -2 5 -2 6 -1 6 -3 6 -2 5 -3 6 -4 6 -3 5 -3 5 -4 5 -4 5 -3 5 -4 6 -3 5 -4 6 -4 6 -4 6 -5 6 -4 5 -4 6 -4 7 -5 7 -4 7 0 0 -5 6 -4 8 -5 7 -4 8 -4 7 -5 8 -5 7 -5 8 -6 6 -5 8 -4 7 -5 7 -5 8 -5 8 -5 8 -4 8 -5 9 -5 8 -5 8 -5 9 -5 9 -6 9 -5 9 -5 10 -5 9 -5 10 0 0 0 0 0 0 0 0 0 0 ]
1732,1782799839.405046,7.8357,-71,CSI_DATA,AP,98:F4:AB:29:67:94,-71,11,1,5,1,1,1,1,0,0,0,-96,1,6,1,507748170,0,84,0,0,508.131,384,[84 -64 4 0 0 0 0 0 0 0 0 0 5 2 4 2 4 2 4 2 4 2 4 2 4 3 4 3 4 4 3 4 4 4 4 3 3 4 3 4 4 4 4 4 4 4 4 4 3 4 4 4 3 5 4 4 4 5 3 5 4 5 4 5 0 0 3 6 4 5 3 6 4 5 3 6 3 5 4 6 4 6 5 6 4 6 4 6 4 6 4 6 3 6 5 6 5 5 5 7 4 6 5 6 5 7 5 7 5 7 5 7 6 7 5 7 6 7 0 0 0 0 0 0 0 0 0 0 ]
1733,1782799839.627977,7.6728,-71,CSI_DATA,AP,98:F4:AB:29:67:94,-71,11,1,5,1,1,1,1,0,0,0,-96,1,6,1,507833093,0,84,0,0,508.216,384,[84 -64 4 0 0 0 0 0 0 0 0 0 -6 1 -6 1 -6 1 -7 1 -6 1 -6 0 -7 0 -7 0 -7 -1 -6 -1 -7 -1 -7 -1 -7 -1 -6 -1 -7 0 -7 0 -8 0 -7 0 -7 0 -8 -1 -8 -1 -8 -2 -8 -1 -7 -1 -7 -1 -8 0 0 0 -8 0 -8 -1 -8 -1 -8 -1 -9 -1 -9 -1 -9 -1 -9 -1 -9 -1 -9 -1 -9 -1 -9 -1 -9 -1 -9 0 -10 0 -10 0 -10 -1 -10 -1 -10 -1 -10 -1 -11 -1 -11 -1 -11 -1 -11 0 -10 0 -11 0 0 0 0 0 0 0 0 0 0 0 ]
1734,1782799839.871127,7.5036,-70,CSI_DATA,AP,98:F4:AB:29:67:94,-70,11,1,4,1,1,1,1,0,0,0,-96,1,6,1,507926175,0,84,0,0,508.309,384,[84 -64 4 0 0 0 0 0 0 0 0 0 -1 -6 -2 -6 -1 -7 -1 -6 -1 -7 0 -6 0 -7 1 -6 0 -7 1 -6 0 -6 0 -6 0 -6 1 -6 1 -7 0 -7 0 -6 1 -7 1 -6 1 -7 1 -7 2 -7 1 -6 1 -7 1 -7 1 -7 0 0 1 -7 1 -8 1 -8 1 -8 1 -8 2 -8 2 -8 2 -8 2 -8 2 -8 1 -8 1 -8 1 -8 1 -8 1 -8 1 -8 1 -9 1 -9 1 -9 2 -9 1 -9 1 -10 1 -10 0 -10 1 -10 0 -10 0 0 0 0 0 0 0 0 0 0 ]
1735,1782799840.080163,7.9033,-69,CSI_DATA,AP,98:F4:AB:29:67:94,-69,11,1,4,1,1,1,1,0,0,0,-96,1,6,1,508020972,0,84,0,0,508.403,384,[84 -64 4 0 0 0 0 0 0 0 0 0 3 -6 3 -6 4 -6 4 -6 4 -6 4 -5 4 -5 5 -5 5 -6 5 -5 5 -5 5 -5 5 -5 5 -6 5 -5 5 -5 5 -5 5 -5 5 -5 5 -5 5 -5 6 -5 5 -5 6 -6 6 -6 6 -6 0 0 5 -6 5 -6 6 -6 6 -6 6 -6 6 -7 6 -6 6 -7 6 -6 6 -7 6 -6 6 -6 6 -7 6 -8 6 -7 5 -8 6 -8 6 -8 6 -8 6 -8 6 -9 7 -9 6 -9 6 -9 6 -9 6 -10 0 0 0 0 0 0 0 0 0 0 ]
1736,1782799840.371820,7.1547,-70,CSI_DATA,AP,98:F4:AB:29:67:94,-70,11,1,4,1,1,1,1,0,0,0,-96,1,6,1,508106835,0,84,0,0,508.489,384,[84 -64 4 0 0 0 0 0 0 0 0 0 -2 -6 -1 -7 -1 -7 -1 -6 -1 -6 0 -7 0 -7 0 -7 0 -7 1 -7 0 -6 1 -7 1 -6 0 -6 0 -6 1 -8 1 -6 1 -7 0 -7 1 -7 2 -7 1 -7 2 -7 1 -7 1 -7 1 -8 0 0 1 -7 1 -8 1 -8 1 -8 2 -7 2 -8 2 -8 2 -8 1 -8 1 -9 1 -9 1 -8 1 -8 1 -8 0 -10 0 -8 1 -10 1 -9 1 -9 0 -10 1 -10 1 -10 1 -10 0 -10 0 -10 0 -10 0 0 0 0 0 0 0 0 0 0 ]
1737,1782799840.606272,6.6611,-68,CSI_DATA,AP,98:F4:AB:29:67:94,-68,11,1,1,1,1,1,1,0,0,0,-96,1,6,1,508202482,0,84,0,0,508.585,384,[84 -64 4 0 0 0 0 0 0 0 0 0 0 -7 1 -7 2 -7 1 -5 2 -7 2 -5 3 -6 4 -6 3 -7 4 -5 3 -6 4 -6 4 -5 3 -5 3 -5 4 -7 3 -6 3 -6 3 -5 4 -6 4 -5 4 -6 5 -6 2 -6 4 -5 3 -6 0 0 4 -6 5 -7 3 -6 4 -7 4 -5 5 -7 5 -6 5 -6 4 -7 5 -7 4 -7 5 -6 4 -7 4 -6 4 -8 3 -8 5 -9 4 -8 5 -8 4 -8 6 -8 5 -8 5 -9 4 -9 5 -8 4 -8 0 0 0 0 0 0 0 0 0 0 ]
1738,1782799840.821666,6.8411,-70,CSI_DATA,AP,98:F4:AB:29:67:94,-70,11,1,4,1,1,1,1,0,0,0,-96,1,6,1,508284492,0,84,0,0,508.667,384,[84 -64 4 0 0 0 0 0 0 0 0 0 -6 1 -6 0 -7 1 -6 1 -8 0 -7 0 -6 0 -7 -1 -7 -1 -7 -1 -7 -1 -7 -1 -7 -1 -7 -1 -7 -1 -7 -1 -6 -1 -7 -1 -7 -1 -7 -2 -7 -1 -7 -2 -7 -2 -7 -1 -7 -2 -7 -1 0 0 -8 -1 -8 -1 -8 -1 -8 -1 -8 -1 -8 -2 -8 -2 -8 -1 -8 -1 -9 -2 -8 -1 -8 -1 -8 -1 -9 0 -8 -1 -8 -1 -10 0 -9 0 -9 -1 -9 0 -9 -1 -9 0 -10 0 -10 0 -9 0 -10 1 0 0 0 0 0 0 0 0 0 0 ]
1739,1782799841.057364,6.6203,-69,CSI_DATA,AP,98:F4:AB:29:67:94,-69,11,1,2,1,1,1,1,0,0,0,-96,1,6,1,508375168,0,84,0,0,508.758,384,[84 -64 4 0 0 0 0 0 0 0 0 0 -1 5 -2 5 -3 5 -2 6 -2 5 -3 5 -3 4 -3 4 -3 5 -3 5 -4 4 -4 4 -4 5 -3 4 -3 4 -4 5 -3 5 -4 5 -4 5 -4 5 -4 5 -3 5 -4 5 -4 4 -4 5 -4 5 0 0 -4 5 -4 5 -4 5 -3 5 -4 5 -4 6 -4 6 -4 6 -4 5 -4 5 -4 6 -4 6 -5 7 -3 7 -3 6 -3 7 -4 7 -4 7 -3 7 -3 7 -3 7 -4 7 -3 7 -3 7 -4 7 -3 7 0 0 0 0 0 0 0 0 0 0 ]
1740,1782799841.276868,7.0871,-70,CSI_DATA,AP,98:F4:AB:29:67:94,-70,11,1,4,1,1,1,1,0,0,0,-96,1,6,1,508465059,0,84,0,0,508.848,384,[84 -64 4 0 0 0 0 0 0 0 0 0 -3 5 -3 5 -3 6 -3 5 -4 6 -3 5 -3 5 -4 5 -4 5 -6 5 -5 5 -5 4 -5 5 -4 4 -5 3 -5 5 -5 5 -5 5 -4 5 -5 4 -5 4 -5 4 -4 4 -5 4 -6 4 -5 5 0 0 -5 5 -5 5 -5 5 -4 6 -5 5 -6 5 -6 5 -5 5 -5 5 -5 6 -5 6 -5 5 -5 6 -5 6 -4 7 -4 7 -5 7 -4 6 -5 7 -5 7 -5 7 -4 8 -5 8 -5 8 -5 8 -4 8 0 0 0 0 0 0 0 0 0 0 ]
1741,1782799841.514302,7.1604,-68,CSI_DATA,AP,98:F4:AB:29:67:94,-68,11,1,1,1,1,1,1,0,0,0,-96,1,6,1,508561420,0,84,0,0,508.944,384,[84 -64 4 0 0 0 0 0 0 0 0 0 -1 -7 -1 -7 -1 -8 0 -6 0 -7 0 -7 1 -8 1 -8 0 -8 2 -7 2 -7 2 -8 2 -6 2 -7 1 -6 2 -8 1 -7 1 -8 1 -7 1 -7 2 -7 2 -7 2 -7 2 -7 2 -7 2 -8 0 0 2 -7 2 -8 1 -7 2 -8 2 -6 2 -8 2 -8 2 -8 1 -8 2 -9 1 -8 1 -8 1 -8 1 -8 0 -9 0 -8 1 -10 1 -9 1 -9 0 -10 1 -9 0 -9 1 -10 0 -10 0 -10 0 -10 0 0 0 0 0 0 0 0 0 0 ]
1742,1782799841.739122,6.7366,-70,CSI_DATA,AP,98:F4:AB:29:67:94,-70,11,1,4,1,1,1,1,0,0,0,-96,1,6,1,508643344,0,84,0,0,509.026,384,[84 -64 4 0 0 0 0 0 0 0 0 0 4 -5 4 -4 5 -5 5 -4 5 -4 5 -3 5 -3 6 -2 6 -3 6 -3 6 -2 6 -2 6 -2 5 -3 5 -3 5 -3 5 -3 5 -3 5 -3 5 -3 5 -4 7 -2 6 -3 6 -3 6 -3 6 -3 0 0 5 -3 6 -3 6 -4 6 -3 6 -3 7 -3 7 -3 6 -3 6 -3 6 -3 6 -4 6 -3 6 -4 5 -4 6 -5 6 -4 7 -4 6 -4 6 -4 6 -4 6 -4 6 -5 7 -5 6 -5 6 -6 6 -6 0 0 0 0 0 0 0 0 0 0 ]
1743,1782799841.955873,7.5462,-70,CSI_DATA,AP,98:F4:AB:29:67:94,-70,11,1,4,1,1,1,1,0,0,0,-96,1,6,1,508736061,0,84,0,0,509.119,384,[84 -64 4 0 0 0 0 0 0 0 0 0 -6 4 -6 3 -6 4 -7 3 -7 3 -6 2 -7 3 -8 3 -7 2 -8 1 -8 2 -7 1 -8 2 -8 1 -7 1 -8 2 -8 2 -8 2 -7 1 -7 1 -8 1 -8 1 -9 1 -8 1 -8 1 -8 1 0 0 -8 2 -9 2 -8 1 -9 1 -8 1 -8 1 -9 1 -9 2 -8 1 -8 1 -8 2 -8 2 -8 2 -8 2 -8 3 -8 2 -10 3 -9 2 -9 2 -9 3 -8 3 -8 3 -10 3 -10 4 -9 3 -8 4 0 0 0 0 0 0 0 0 0 0 ]
1744,1782799842.186916,8.3598,-70,CSI_DATA,AP,98:F4:AB:29:67:94,-70,11,1,3,1,1,1,1,0,0,0,-96,1,6,1,508824360,0,84,0,0,509.207,384,[84 -64 4 0 0 0 0 0 0 0 0 0 -8 0 -7 0 -9 -1 -8 -1 -8 -1 -8 -1 -8 -2 -8 -2 -8 -3 -8 -3 -8 -3 -7 -3 -7 -3 -8 -3 -7 -2 -9 -3 -8 -2 -8 -3 -8 -3 -8 -3 -7 -4 -8 -4 -7 -4 -8 -4 -8 -3 -7 -3 0 0 -8 -3 -9 -3 -8 -3 -9 -3 -8 -3 -8 -3 -8 -3 -8 -4 -8 -3 -8 -3 -9 -3 -9 -3 -8 -2 -8 -2 -9 -2 -9 -2 -9 -2 -9 -2 -9 -2 -10 -1 -9 -2 -10 -1 -10 -2 -10 -1 -10 0 -9 -1 0 0 0 0 0 0 0 0 0 0 ]
1745,1782799842.433638,8.1453,-70,CSI_DATA,AP,98:F4:AB:29:67:94,-70,11,1,3,1,1,1,1,0,0,0,-96,1,6,1,508912551,0,84,0,0,509.295,384,[84 -64 4 0 0 0 0 0 0 0 0 0 0 7 -1 7 -1 7 -2 7 -2 7 -2 7 -3 7 -4 7 -4 7 -4 7 -4 7 -4 7 -4 7 -4 7 -4 7 -4 7 -4 6 -4 7 -5 6 -4 6 -4 6 -5 6 -5 7 -5 6 -4 6 -5 7 0 0 -5 7 -5 7 -5 7 -4 7 -5 6 -5 6 -5 6 -5 7 -5 6 -5 7 -5 7 -4 6 -4 7 -4 8 -4 7 -4 8 -4 8 -4 7 -5 8 -4 7 -5 7 -4 8 -4 8 -3 9 -3 8 -3 9 0 0 0 0 0 0 0 0 0 0 ]
1746,1782799842.668303,7.4899,-70,CSI_DATA,AP,98:F4:AB:29:67:94,-70,11,1,3,1,1,1,1,0,0,0,-96,1,6,1,509003764,0,84,0,0,509.386,384,[84 -64 4 0 0 0 0 0 0 0 0 0 3 5 4 4 3 6 2 6 3 6 2 6 3 7 2 6 3 7 1 6 1 6 2 6 1 7 1 7 1 6 1 7 1 7 1 7 0 7 1 6 0 7 1 7 0 6 0 7 0 7 0 7 0 0 1 6 1 7 1 7 1 6 0 7 1 7 1 7 1 7 1 6 1 7 1 6 0 6 1 6 2 7 2 7 2 6 2 7 2 6 3 6 3 6 2 7 3 7 2 6 3 6 3 7 4 6 0 0 0 0 0 0 0 0 0 0 ]
1747,1782799842.923563,6.5457,-70,CSI_DATA,AP,98:F4:AB:29:67:94,-70,11,1,3,1,1,1,1,0,0,0,-96,1,6,1,509094610,0,84,0,0,509.477,384,[84 -64 4 0 0 0 0 0 0 0 0 0 3 6 2 6 3 6 2 5 2 6 2 7 2 7 1 7 1 8 0 7 1 7 1 7 0 6 1 7 1 6 0 8 -1 7 0 7 0 6 0 7 -1 7 0 7 -1 7 -1 7 -1 6 0 7 0 0 -1 6 0 7 0 7 0 7 -1 7 1 7 0 7 0 7 1 7 0 7 0 7 0 6 1 7 1 6 2 6 2 6 2 7 2 7 2 7 2 7 2 7 3 7 2 7 3 7 3 7 3 7 0 0 0 0 0 0 0 0 0 0 ]
1748,1782799843.175197,7.4614,-69,CSI_DATA,AP,98:F4:AB:29:67:94,-69,11,1,4,1,1,1,1,0,0,0,-96,1,6,1,509182786,0,84,0,0,509.565,384,[84 -64 4 0 0 0 0 0 0 0 0 0 -6 -6 -6 -6 -6 -6 -6 -6 -6 -8 -6 -7 -4 -7 -5 -7 -5 -8 -4 -9 -5 -9 -4 -8 -3 -8 -4 -8 -4 -8 -4 -9 -4 -8 -4 -8 -3 -8 -3 -9 -3 -9 -3 -9 -3 -10 -3 -8 -3 -8 -3 -9 0 0 -3 -8 -3 -9 -3 -9 -4 -8 -3 -9 -2 -8 -3 -9 -3 -9 -3 -8 -4 -9 -4 -8 -4 -8 -4 -8 -4 -8 -5 -8 -5 -8 -5 -9 -5 -8 -4 -9 -5 -9 -5 -9 -5 -9 -5 -8 -6 -8 -6 -8 -6 -7 0 0 0 0 0 0 0 0 0 0 ]
1749,1782799843.389988,7.9747,-69,CSI_DATA,AP,98:F4:AB:29:67:94,-69,11,1,4,1,1,1,1,0,0,0,-96,1,6,1,509273524,0,84,0,0,509.656,384,[84 -64 4 0 0 0 0 0 0 0 0 0 -8 2 -8 1 -8 1 -9 2 -9 1 -8 0 -8 0 -8 -1 -9 -1 -8 -1 -9 -1 -9 -2 -9 -2 -9 -2 -9 -3 -9 -2 -9 -2 -9 -2 -9 -3 -9 -3 -9 -3 -9 -4 -9 -4 -9 -3 -8 -3 -9 -3 0 0 -9 -2 -9 -3 -9 -2 -9 -3 -8 -2 -9 -2 -9 -3 -8 -4 -9 -3 -9 -3 -8 -2 -8 -2 -9 -1 -9 -2 -9 -2 -9 -1 -9 0 -9 -1 -9 -2 -9 -2 -9 -2 -9 0 -10 -1 -10 0 -10 0 -10 1 0 0 0 0 0 0 0 0 0 0 ]
1750,1782799843.627191,8.1999,-69,CSI_DATA,AP,98:F4:AB:29:67:94,-69,11,1,4,1,1,1,1,0,0,0,-96,1,6,1,509364257,0,84,0,0,509.747,384,[84 -64 4 0 0 0 0 0 0 0 0 0 2 7 2 7 2 7 2 6 2 7 1 7 1 8 1 7 1 8 0 8 1 8 0 7 -1 8 0 8 0 7 0 8 -1 8 0 8 -1 7 -2 8 -2 8 -1 8 -1 8 -2 8 -1 8 -2 8 0 0 -1 8 -1 8 -1 8 -1 8 -2 8 -2 8 -2 8 -2 8 -1 9 -2 9 0 8 -1 8 0 8 0 8 0 8 0 8 0 9 0 8 0 9 0 8 1 8 0 9 1 9 2 9 2 8 2 8 0 0 0 0 0 0 0 0 0 0 ]
1751,1782799843.820328,7.7643,-69,CSI_DATA,AP,98:F4:AB:29:67:94,-69,11,1,4,1,1,1,1,0,0,0,-96,1,6,1,509455180,0,84,0,0,509.838,384,[84 -64 4 0 0 0 0 0 0 0 0 0 0 6 -1 7 0 7 -1 6 -1 6 -2 7 -2 7 -2 6 -2 8 -3 6 -3 7 -3 6 -3 7 -4 6 -3 6 -4 7 -4 6 -3 7 -3 6 -4 6 -4 7 -4 6 -4 6 -4 6 -4 6 -4 7 0 0 -4 6 -4 7 -4 7 -4 6 -4 6 -4 6 -4 6 -4 6 -3 6 -4 6 -4 7 -4 6 -3 7 -3 6 -3 7 -3 7 -3 7 -3 7 -2 7 -3 7 -3 8 -2 7 -3 7 -2 8 -2 7 -2 8 0 0 0 0 0 0 0 0 0 0 ]
1752,1782799844.098335,8.2209,-69,CSI_DATA,AP,98:F4:AB:29:67:94,-69,11,1,4,1,1,1,1,0,0,0,-96,1,6,1,509546330,0,84,0,0,509.929,384,[84 -64 4 0 0 0 0 0 0 0 0 0 -5 5 -5 5 -6 6 -6 5 -6 6 -6 5 -6 5 -7 4 -7 5 -9 4 -8 4 -8 3 -8 3 -8 3 -7 2 -8 5 -7 4 -9 4 -8 4 -8 3 -8 3 -8 3 -9 3 -8 3 -8 3 -8 3 0 0 -9 3 -8 4 -7 4 -9 5 -8 3 -8 3 -9 3 -8 4 -8 4 -8 4 -8 4 -8 4 -7 4 -7 4 -7 5 -6 6 -8 6 -7 6 -7 5 -7 6 -7 6 -7 6 -7 6 -7 7 -6 7 -7 7 0 0 0 0 0 0 0 0 0 0 ]
1753,1782799844.365718,8.4083,-69,CSI_DATA,AP,98:F4:AB:29:67:94,-69,11,1,4,1,1,1,1,0,0,0,-96,1,6,1,509632721,0,84,0,0,510.015,384,[84 -64 4 0 0 0 0 0 0 0 0 0 0 -7 1 -7 1 -7 2 -7 1 -7 2 -7 2 -7 2 -7 3 -8 3 -8 3 -7 4 -7 3 -7 3 -8 3 -7 3 -7 3 -7 3 -8 3 -7 4 -7 4 -7 4 -7 3 -7 4 -7 4 -7 4 -7 0 0 4 -7 4 -7 4 -7 3 -6 4 -7 4 -7 4 -7 4 -7 4 -7 3 -7 3 -7 3 -7 3 -7 3 -8 2 -7 2 -8 2 -8 2 -8 2 -8 1 -8 2 -8 2 -8 1 -8 1 -9 1 -9 1 -8 0 0 0 0 0 0 0 0 0 0 ]
1754,1782799844.591984,8.6402,-71,CSI_DATA,AP,98:F4:AB:29:67:94,-71,11,1,5,1,1,1,1,0,0,0,-96,1,6,1,509724045,0,84,0,0,510.107,384,[84 -64 4 0 0 0 0 0 0 0 0 0 3 -7 4 -5 4 -6 6 -6 6 -6 5 -7 5 -6 5 -6 6 -6 6 -6 6 -5 6 -5 6 -5 6 -5 6 -5 6 -5 6 -6 6 -5 6 -5 6 -4 6 -5 7 -5 7 -5 7 -4 7 -5 6 -5 0 0 7 -5 6 -5 7 -4 7 -5 7 -5 7 -5 7 -5 7 -5 6 -5 7 -6 6 -5 6 -5 5 -5 6 -6 5 -6 5 -7 6 -7 5 -7 6 -7 5 -7 5 -7 5 -7 5 -8 5 -8 5 -8 4 -8 0 0 0 0 0 0 0 0 0 0 ]
1755,1782799844.881007,9.0154,-71,CSI_DATA,AP,98:F4:AB:29:67:94,-71,11,1,5,1,1,1,1,0,0,0,-96,1,6,1,509813601,0,84,0,0,510.196,384,[84 -64 4 0 0 0 0 0 0 0 0 0 -7 -4 -6 -4 -6 -5 -7 -4 -7 -7 -6 -5 -5 -6 -6 -6 -6 -7 -5 -6 -5 -8 -5 -7 -5 -7 -5 -7 -6 -7 -6 -8 -5 -6 -6 -7 -5 -8 -5 -8 -5 -8 -5 -8 -4 -8 -5 -8 -5 -8 -5 -7 0 0 -5 -8 -5 -8 -5 -7 -5 -8 -4 -8 -5 -8 -4 -8 -5 -8 -4 -8 -5 -9 -5 -8 -4 -7 -5 -7 -5 -6 -6 -7 -6 -7 -6 -8 -6 -8 -6 -7 -7 -8 -6 -7 -7 -7 -7 -8 -7 -7 -7 -8 -7 -7 0 0 0 0 0 0 0 0 0 0 ]
1756,1782799845.178069,8.8261,-69,CSI_DATA,AP,98:F4:AB:29:67:94,-69,11,1,3,1,1,1,1,0,0,0,-96,1,6,1,509909493,0,84,0,0,510.292,384,[84 -64 4 0 0 0 0 0 0 0 0 0 2 -7 3 -6 4 -8 4 -6 4 -7 4 -6 4 -6 5 -7 6 -7 7 -7 6 -6 6 -6 6 -5 6 -6 5 -5 7 -6 5 -6 6 -7 6 -5 7 -5 8 -5 7 -5 7 -6 7 -5 7 -5 6 -5 0 0 6 -5 7 -6 7 -6 7 -6 7 -5 7 -6 7 -6 7 -5 6 -5 7 -5 6 -6 7 -5 6 -6 6 -5 6 -7 5 -7 6 -7 6 -8 6 -7 6 -7 5 -7 5 -7 7 -8 5 -8 5 -7 4 -8 0 0 0 0 0 0 0 0 0 0 ]
1757,1782799845.423455,9.6172,-69,CSI_DATA,AP,98:F4:AB:29:67:94,-69,11,1,3,1,1,1,1,0,0,0,-96,1,6,1,510002287,0,84,0,0,510.385,384,[84 -64 4 0 0 0 0 0 0 0 0 0 -3 -8 -3 -7 -3 -9 -2 -8 -3 -8 -1 -8 -2 -10 -1 -9 -2 -9 0 -9 0 -10 0 -10 0 -9 0 -9 0 -8 0 -10 0 -9 0 -10 0 -9 0 -9 1 -9 1 -9 2 -10 1 -10 2 -10 1 -9 0 0 1 -9 1 -10 1 -9 1 -10 1 -9 1 -9 2 -10 2 -9 1 -9 1 -10 1 -9 1 -9 1 -9 1 -8 -1 -10 -1 -9 0 -11 0 -10 0 -9 -1 -10 0 -10 -1 -10 0 -10 -1 -10 -1 -10 -2 -10 0 0 0 0 0 0 0 0 0 0 ]
1758,1782799845.688292,9.4925,-69,CSI_DATA,AP,98:F4:AB:29:67:94,-69,11,1,3,1,1,1,1,0,0,0,-96,1,6,1,510092684,0,84,0,0,510.475,384,[84 -64 4 0 0 0 0 0 0 0 0 0 8 1 7 1 8 1 7 2 8 1 8 3 7 3 8 4 7 3 7 4 8 4 7 4 7 3 8 4 7 3 8 4 7 4 7 5 7 4 7 5 6 6 7 5 7 5 7 5 7 5 7 5 0 0 6 5 8 5 7 5 7 5 6 5 6 5 7 5 7 5 7 5 7 5 6 5 7 5 7 4 8 4 8 4 7 3 8 3 8 4 8 4 8 5 8 4 8 4 9 3 9 3 9 3 9 2 0 0 0 0 0 0 0 0 0 0 ]
1759,1782799845.914163,9.3218,-70,CSI_DATA,AP,98:F4:AB:29:67:94,-70,11,1,5,1,1,1,1,0,0,0,-96,1,6,1,510174699,0,84,0,0,510.557,384,[84 -64 4 0 0 0 0 0 0 0 0 0 -3 -7 -3 -7 -3 -7 -3 -7 -2 -7 -2 -8 -1 -8 -2 -8 -1 -8 0 -8 -1 -9 -1 -9 -1 -8 -1 -8 -1 -8 0 -9 -1 -9 -1 -9 0 -8 0 -9 0 -8 1 -8 0 -8 0 -9 1 -9 0 -9 0 0 0 -8 0 -8 0 -8 0 -8 0 -8 0 -8 0 -8 0 -8 0 -9 -1 -9 0 -8 -1 -8 -1 -8 -1 -8 -1 -8 -2 -8 -1 -9 -1 -8 -1 -9 -2 -8 -2 -9 -2 -9 -2 -9 -3 -9 -3 -9 -3 -9 0 0 0 0 0 0 0 0 0 0 ]
1760,1782799846.185110,7.9105,-69,CSI_DATA,AP,98:F4:AB:29:67:94,-69,11,1,3,1,1,1,1,0,0,0,-96,1,6,1,510272834,0,84,0,0,510.655,384,[84 -64 4 0 0 0 0 0 0 0 0 0 4 -5 5 -5 6 -5 6 -4 6 -5 6 -5 7 -4 7 -4 7 -5 7 -3 7 -3 7 -2 8 -2 8 -3 7 -2 8 -3 8 -3 8 -3 7 -2 7 -2 7 -2 7 -2 7 -2 7 -2 7 -1 7 -2 0 0 8 -2 8 -2 7 -2 8 -3 8 -2 7 -2 8 -2 8 -2 6 -3 7 -3 7 -3 7 -2 6 -3 7 -4 7 -5 6 -4 7 -4 7 -4 8 -5 7 -5 7 -4 7 -4 8 -5 7 -5 7 -5 7 -5 0 0 0 0 0 0 0 0 0 0 ]
1761,1782799846.421012,7.8507,-69,CSI_DATA,AP,98:F4:AB:29:67:94,-69,11,1,4,1,1,1,1,0,0,0,-96,1,6,1,510352544,0,84,0,0,510.735,384,[84 -64 4 0 0 0 0 0 0 0 0 0 8 1 8 1 8 1 8 2 8 2 8 2 7 2 8 3 8 4 7 4 8 4 8 4 8 4 8 4 8 4 8 4 7 5 7 4 8 4 7 5 7 5 7 6 7 5 7 5 7 5 7 5 0 0 7 5 7 5 8 5 7 5 6 5 8 5 7 5 6 5 7 5 7 5 7 4 7 4 7 4 8 4 7 4 8 3 8 3 7 3 9 4 8 4 9 4 8 4 9 3 9 2 9 2 9 2 0 0 0 0 0 0 0 0 0 0 ]
1762,1782799846.666065,7.7664,-69,CSI_DATA,AP,98:F4:AB:29:67:94,-69,11,1,4,1,1,1,1,0,0,0,-96,1,6,1,510444950,0,84,0,0,510.827,384,[84 -64 4 0 0 0 0 0 0 0 0 0 0 6 0 6 -1 7 -1 7 -1 7 -1 6 -2 7 -2 7 -2 7 -3 7 -3 7 -3 6 -3 7 -3 7 -3 7 -3 7 -3 7 -3 7 -4 6 -4 7 -4 6 -4 6 -4 6 -4 7 -4 7 -4 7 0 0 -4 7 -4 7 -3 7 -3 7 -4 6 -4 7 -4 7 -4 7 -4 7 -3 7 -3 7 -3 6 -2 7 -2 7 -2 7 -1 7 -2 8 -1 7 -2 7 -2 7 -2 8 -1 8 -1 8 -1 9 -1 8 0 8 0 0 0 0 0 0 0 0 0 0 ]
1763,1782799846.920107,8.1707,-69,CSI_DATA,AP,98:F4:AB:29:67:94,-69,11,1,4,1,1,1,1,0,0,0,-96,1,6,1,510534275,0,84,0,0,510.917,384,[84 -64 4 0 0 0 0 0 0 0 0 0 -8 1 -8 1 -9 1 -8 1 -9 0 -8 0 -9 -1 -9 -2 -9 -1 -9 -1 -9 -3 -8 -3 -9 -2 -9 -2 -8 -2 -9 -2 -9 -2 -10 -3 -9 -3 -9 -3 -9 -3 -9 -4 -9 -4 -9 -4 -8 -4 -9 -3 0 0 -9 -3 -10 -3 -8 -3 -9 -3 -9 -4 -9 -4 -8 -3 -8 -4 -8 -3 -9 -4 -8 -2 -9 -3 -9 -2 -9 -2 -9 -2 -9 -1 -10 -1 -9 -2 -9 -2 -9 -2 -9 -2 -10 -1 -10 -1 -11 -1 -10 -1 -10 0 0 0 0 0 0 0 0 0 0 0 ]
1764,1782799847.196490,7.9968,-68,CSI_DATA,AP,98:F4:AB:29:67:94,-68,11,1,2,1,1,1,1,0,0,0,-96,1,6,1,510627150,0,84,0,0,511.01,384,[84 -64 4 0 0 0 0 0 0 0 0 0 0 -8 1 -7 1 -8 2 -7 2 -8 1 -7 2 -7 3 -7 3 -7 4 -8 4 -7 4 -7 4 -7 4 -7 3 -6 4 -8 4 -6 4 -7 3 -6 5 -7 4 -6 4 -7 5 -6 5 -7 5 -6 5 -6 0 0 4 -6 5 -7 3 -6 4 -7 4 -6 4 -7 5 -6 4 -6 4 -6 4 -8 4 -7 4 -6 3 -6 3 -6 2 -8 2 -7 3 -8 2 -8 2 -8 2 -8 3 -8 2 -8 3 -9 2 -9 2 -9 2 -9 0 0 0 0 0 0 0 0 0 0 ]
1765,1782799864.391670,7.3161,-70,CSI_DATA,AP,98:F4:AB:29:67:94,-70,11,1,4,1,1,1,1,0,0,0,-96,1,6,1,510722778,0,84,0,0,511.105,384,[84 -64 4 0 0 0 0 0 0 0 0 0 -3 5 -3 6 -5 5 -4 5 -4 5 -5 5 -4 5 -5 5 -5 5 -6 5 -5 5 -5 4 -6 4 -5 4 -6 3 -6 4 -6 4 -6 5 -6 3 -6 4 -6 4 -6 4 -6 3 -7 3 -6 3 -6 4 0 0 -6 4 -6 4 -5 4 -6 4 -6 3 -6 3 -6 3 -6 4 -5 4 -6 4 -5 4 -5 4 -5 4 -5 5 -5 5 -4 5 -4 6 -4 6 -5 6 -4 6 -5 6 -4 6 -4 7 -4 6 -4 7 -4 7 0 0 0 0 0 0 0 0 0 0 ]
1766,1782799864.648875,6.8053,-70,CSI_DATA,AP,98:F4:AB:29:67:94,-70,11,1,4,1,1,1,1,0,0,0,-96,1,6,1,510805863,0,84,0,0,511.188,384,[84 -64 4 0 0 0 0 0 0 0 0 0 4 -6 3 -5 4 -5 4 -6 4 -6 5 -5 5 -5 5 -5 5 -4 5 -5 6 -4 5 -4 6 -4 5 -4 6 -4 6 -4 6 -4 6 -4 6 -3 6 -4 6 -3 6 -3 6 -3 5 -4 6 -3 6 -3 0 0 5 -3 6 -4 6 -3 6 -4 5 -3 5 -3 6 -3 6 -4 5 -3 5 -4 4 -4 5 -4 5 -4 5 -5 5 -5 4 -5 6 -5 4 -5 5 -5 5 -6 4 -6 5 -6 5 -6 4 -6 5 -6 4 -7 0 0 0 0 0 0 0 0 0 0 ]
1767,1782799864.897194,6.9111,-70,CSI_DATA,AP,98:F4:AB:29:67:94,-70,11,1,4,1,1,1,1,0,0,0,-96,1,6,1,510894275,0,84,0,0,511.277,384,[84 -64 4 0 0 0 0 0 0 0 0 0 4 4 4 4 4 5 4 5 4 5 3 5 3 6 3 7 3 6 2 6 2 7 3 7 2 7 3 7 3 6 2 7 2 6 3 7 2 7 2 7 2 7 2 7 2 8 2 6 1 7 2 7 0 0 2 6 2 7 2 6 2 6 3 6 2 7 2 7 2 6 3 6 3 6 3 6 3 6 3 5 4 6 4 6 5 5 6 6 4 6 4 6 5 6 5 7 6 6 6 6 6 5 7 6 6 6 0 0 0 0 0 0 0 0 0 0 ]
1768,1782799865.161801,6.8646,-70,CSI_DATA,AP,98:F4:AB:29:67:94,-70,11,1,3,1,1,1,1,0,0,0,-96,1,6,1,510984252,0,84,0,0,511.367,384,[84 -64 4 0 0 0 0 0 0 0 0 0 4 -6 3 -5 5 -5 4 -5 5 -4 4 -4 5 -5 5 -4 6 -4 7 -3 6 -4 7 -3 7 -3 6 -3 6 -3 6 -4 6 -4 6 -3 6 -3 7 -3 6 -3 7 -3 7 -3 7 -3 7 -2 6 -3 0 0 6 -3 6 -4 6 -4 6 -4 6 -3 7 -3 6 -4 6 -4 5 -4 6 -4 5 -4 5 -4 5 -4 5 -5 5 -5 5 -6 6 -6 5 -6 7 -6 5 -7 6 -7 6 -7 6 -6 6 -7 6 -7 5 -7 0 0 0 0 0 0 0 0 0 0 ]
1769,1782799865.454292,7.2237,-70,CSI_DATA,AP,98:F4:AB:29:67:94,-70,11,1,3,1,1,1,1,0,0,0,-96,1,6,1,511073273,0,84,0,0,511.456,384,[84 -64 4 0 0 0 0 0 0 0 0 0 -6 -4 -5 -4 -6 -4 -6 -4 -5 -4 -6 -5 -6 -6 -5 -6 -5 -6 -4 -6 -5 -5 -5 -6 -5 -7 -4 -6 -5 -6 -5 -6 -4 -7 -4 -7 -4 -6 -3 -7 -4 -7 -4 -8 -4 -7 -4 -7 -3 -7 -5 -7 0 0 -4 -7 -4 -6 -4 -7 -5 -7 -3 -7 -4 -7 -5 -8 -5 -7 -5 -7 -4 -7 -6 -6 -5 -6 -5 -6 -5 -6 -6 -7 -6 -6 -6 -7 -6 -7 -6 -7 -6 -7 -6 -7 -7 -7 -6 -8 -7 -7 -8 -8 -8 -8 0 0 0 0 0 0 0 0 0 0 ]
1770,1782799865.850236,6.2177,-71,CSI_DATA,AP,98:F4:AB:29:67:94,-71,11,1,3,1,1,1,1,0,0,0,-96,1,6,1,511164913,0,84,0,0,511.547,384,[84 -64 4 0 0 0 0 0 0 0 0 0 5 0 5 1 6 1 5 0 5 1 5 2 5 2 6 2 5 2 5 3 5 3 5 3 5 3 5 3 5 2 5 3 5 3 5 3 5 3 5 3 4 3 5 3 4 4 4 4 4 4 5 3 0 0 4 4 5 3 5 4 5 3 4 4 5 4 5 4 5 4 4 4 4 3 4 3 5 3 5 3 6 3 6 3 6 2 6 3 6 3 7 3 6 3 7 3 7 3 7 3 7 3 7 3 8 3 0 0 0 0 0 0 0 0 0 0 ]
1771,1782799866.031775,6.3619,-70,CSI_DATA,AP,98:F4:AB:29:67:94,-70,11,1,3,1,1,1,1,0,0,0,-96,1,6,1,511253110,0,84,0,0,511.636,384,[84 -64 4 0 0 0 0 0 0 0 0 0 6 1 5 2 7 2 5 2 6 3 5 2 5 3 5 3 5 3 6 4 5 4 4 4 4 4 5 4 4 3 5 4 4 3 5 4 4 3 5 4 5 4 5 4 4 4 4 3 5 4 4 4 0 0 4 4 5 4 5 4 5 4 4 3 5 4 5 4 5 3 5 3 5 4 4 4 5 3 5 3 6 3 7 3 6 3 7 3 6 3 7 3 7 2 7 4 8 3 8 3 8 3 8 3 8 3 0 0 0 0 0 0 0 0 0 0 ]
1772,1782799866.172942,6.7015,-70,CSI_DATA,AP,98:F4:AB:29:67:94,-70,11,1,3,1,1,1,1,0,0,0,-96,1,6,1,511344700,0,84,0,0,511.727,384,[84 -64 4 0 0 0 0 0 0 0 0 0 3 6 2 5 2 6 3 5 3 6 1 6 2 7 1 7 1 7 0 7 1 7 0 7 1 7 1 6 1 5 1 7 0 7 1 7 1 6 1 6 0 7 0 7 -1 7 0 7 0 7 0 7 0 0 0 7 1 7 1 6 1 7 0 6 1 7 1 6 1 6 1 7 1 6 1 7 2 6 2 6 1 5 2 6 3 6 3 6 3 7 4 7 4 7 3 7 3 6 4 7 4 7 4 7 4 7 0 0 0 0 0 0 0 0 0 0 ]
1773,1782799866.316408,7.3895,-69,CSI_DATA,AP,98:F4:AB:29:67:94,-69,11,1,3,1,1,1,1,0,0,0,-96,1,6,1,511434382,0,84,0,0,511.817,384,[84 -64 4 0 0 0 0 0 0 0 0 0 -5 6 -5 6 -5 6 -6 6 -7 6 -6 5 -7 5 -7 5 -7 4 -7 4 -7 4 -7 4 -8 4 -8 4 -8 4 -8 5 -7 3 -7 4 -7 3 -8 3 -8 4 -7 3 -7 3 -7 4 -7 3 -7 4 0 0 -6 4 -6 4 -7 5 -7 5 -7 4 -7 5 -7 4 -7 4 -7 4 -6 5 -7 5 -6 5 -6 5 -6 6 -5 5 -5 5 -6 7 -6 6 -5 6 -5 6 -6 6 -6 7 -5 7 -6 7 -5 7 -4 8 0 0 0 0 0 0 0 0 0 0 ]
1774,1782799866.450923,7.2406,-69,CSI_DATA,AP,98:F4:AB:29:67:94,-69,11,1,4,1,1,1,1,0,0,0,-96,1,6,1,511522710,0,84,0,0,511.905,384,[84 -64 4 0 0 0 0 0 0 0 0 0 3 7 3 7 2 7 2 7 3 7 2 8 1 7 2 8 1 8 0 8 1 7 1 7 1 7 0 7 1 6 0 8 0 7 0 7 0 7 1 7 0 7 0 7 0 7 0 7 0 7 0 8 0 0 0 7 1 8 1 8 1 7 1 7 1 8 1 8 1 7 1 8 1 8 2 7 1 7 2 7 2 7 3 8 3 7 3 8 3 8 3 8 3 7 3 8 4 8 4 8 4 8 5 8 4 8 0 0 0 0 0 0 0 0 0 0 ]
1775,1782799866.578423,6.9415,-68,CSI_DATA,AP,98:F4:AB:29:67:94,-68,11,1,4,1,1,1,1,0,0,0,-96,1,6,1,511612888,0,84,0,0,511.995,384,[84 -64 4 0 0 0 0 0 0 0 0 0 6 4 6 4 6 4 6 4 6 5 5 5 5 6 5 6 5 6 4 6 4 7 4 6 4 7 4 7 4 6 4 6 4 6 5 6 4 6 4 7 4 7 4 6 3 7 3 7 3 6 3 7 0 0 4 6 5 7 5 6 5 6 4 6 4 6 5 7 4 6 4 6 5 6 4 6 4 6 5 6 5 5 6 5 6 5 7 6 6 5 6 5 7 6 7 6 7 4 7 6 7 5 7 5 8 5 0 0 0 0 0 0 0 0 0 0 ]
1776,1782799866.712211,8.1481,-69,CSI_DATA,AP,98:F4:AB:29:67:94,-69,11,1,3,1,1,1,1,0,0,0,-96,1,6,1,511708199,0,84,0,0,512.091,384,[84 -64 4 0 0 0 0 0 0 0 0 0 -7 1 -7 -1 -8 -1 -8 0 -8 0 -7 -1 -7 -2 -8 -2 -7 -2 -8 -3 -7 -3 -8 -3 -8 -3 -8 -3 -7 -3 -9 -3 -7 -2 -8 -3 -8 -3 -8 -3 -8 -4 -8 -4 -8 -4 -8 -4 -8 -4 -7 -3 0 0 -8 -3 -8 -3 -8 -3 -8 -3 -8 -3 -8 -3 -9 -3 -8 -4 -8 -3 -8 -3 -8 -2 -8 -3 -8 -2 -8 -1 -9 -2 -8 -1 -10 -2 -9 -1 -9 -2 -9 -1 -10 -2 -10 -1 -10 -1 -10 0 -10 -1 -10 0 0 0 0 0 0 0 0 0 0 0 ]
1777,1782799866.848210,8.7380,-69,CSI_DATA,AP,98:F4:AB:29:67:94,-69,11,1,4,1,1,1,1,0,0,0,-96,1,6,1,511792959,0,84,0,0,512.175,384,[84 -64 4 0 0 0 0 0 0 0 0 0 4 -5 4 -5 5 -6 5 -5 3 -3 5 -5 5 -4 6 -4 6 -4 6 -4 6 -4 7 -4 7 -4 7 -4 7 -3 7 -4 7 -3 7 -4 7 -3 8 -3 8 -3 8 -3 7 -2 7 -3 8 -3 7 -3 0 0 7 -3 8 -3 8 -2 7 -3 7 -2 8 -3 8 -2 7 -3 7 -2 7 -3 7 -3 7 -3 7 -4 7 -4 7 -4 7 -4 8 -5 7 -4 8 -4 8 -5 8 -4 8 -5 9 -5 8 -5 8 -5 8 -6 0 0 0 0 0 0 0 0 0 0 ]
1778,1782799866.964707,9.5512,-69,CSI_DATA,AP,98:F4:AB:29:67:94,-69,11,1,4,1,1,1,1,0,0,0,-96,1,6,1,511886335,0,84,0,0,512.269,384,[84 -64 4 0 0 0 0 0 0 0 0 0 2 6 2 6 2 7 1 6 1 7 1 7 1 7 0 7 0 7 0 7 0 8 0 7 -1 8 0 8 -1 8 -1 9 -1 9 -1 9 -2 8 -2 8 -2 9 -3 9 -1 8 -3 9 -3 9 -2 9 0 0 -3 9 -2 9 -2 9 -2 9 -3 8 -3 8 -3 9 -3 9 -2 8 -2 10 -2 9 -3 9 -1 9 -1 9 -1 8 -1 9 -2 10 -1 9 -1 10 -1 10 -2 10 -1 11 -1 10 -1 11 -1 10 0 11 0 0 0 0 0 0 0 0 0 0 ]
1779,1782799867.098036,8.2767,-69,CSI_DATA,AP,98:F4:AB:29:67:94,-69,11,1,3,1,1,1,1,0,0,0,-96,1,6,1,511974367,0,84,0,0,512.357,384,[84 -64 4 0 0 0 0 0 0 0 0 0 5 -1 5 0 5 -1 5 0 6 0 6 1 6 1 6 2 6 1 6 2 6 2 6 2 6 2 6 2 6 2 6 3 6 2 7 3 6 3 6 4 6 4 6 3 6 4 6 4 6 3 6 3 0 0 6 4 7 4 7 4 7 4 5 4 6 4 6 4 6 5 6 4 6 4 6 4 6 4 7 3 7 3 8 4 7 3 8 3 7 3 8 3 8 3 7 4 8 3 8 4 9 3 8 3 9 3 0 0 0 0 0 0 0 0 0 0 ]
1780,1782799867.231276,7.8885,-70,CSI_DATA,AP,98:F4:AB:29:67:94,-70,11,1,3,1,1,1,1,0,0,0,-96,1,6,1,512067494,0,84,0,0,512.45,384,[84 -64 4 0 0 0 0 0 0 0 0 0 2 4 3 3 3 4 2 4 2 5 2 5 2 6 1 6 1 6 0 7 1 6 1 6 0 7 1 6 1 6 1 7 0 7 1 7 0 7 -1 7 -1 8 0 8 -1 8 -1 8 -1 8 -1 8 0 0 -1 8 0 9 -1 8 -1 8 -2 8 -1 8 -2 8 -1 9 -1 8 -1 9 0 8 0 9 0 8 0 9 1 9 1 9 0 9 0 9 1 9 0 10 -1 10 0 10 1 10 1 10 1 10 2 10 0 0 0 0 0 0 0 0 0 0 ]
1781,1782799867.361782,7.0851,-69,CSI_DATA,AP,98:F4:AB:29:67:94,-69,11,1,2,1,1,1,1,0,0,0,-96,1,6,1,512157310,0,84,0,0,512.54,384,[84 -64 4 0 0 0 0 0 0 0 0 0 -3 -3 -3 -3 -3 -3 -4 -3 -3 -3 -4 -3 -3 -4 -4 -4 -4 -4 -3 -4 -3 -4 -3 -4 -3 -4 -4 -5 -3 -5 -4 -6 -3 -5 -4 -5 -3 -5 -3 -6 -3 -6 -3 -6 -3 -6 -3 -6 -3 -6 -3 -6 0 0 -3 -7 -3 -6 -3 -7 -3 -6 -2 -7 -2 -7 -3 -7 -3 -7 -3 -7 -3 -7 -3 -7 -3 -7 -3 -7 -3 -6 -4 -7 -4 -7 -4 -7 -4 -7 -3 -7 -4 -7 -4 -7 -4 -7 -4 -7 -4 -7 -5 -7 -5 -8 0 0 0 0 0 0 0 0 0 0 ]
1782,1782799867.486760,6.5608,-71,CSI_DATA,AP,98:F4:AB:29:67:94,-71,11,1,3,1,1,1,1,0,0,0,-96,1,6,1,512245453,0,84,0,0,512.628,384,[84 -64 4 0 0 0 0 0 0 0 0 0 2 -3 3 -3 3 -3 4 -3 3 -3 3 -3 3 -3 3 -4 3 -4 4 -3 4 -3 4 -3 4 -3 4 -3 4 -3 5 -4 5 -3 5 -3 5 -4 6 -4 5 -3 6 -3 6 -3 5 -3 6 -3 6 -3 0 0 7 -2 6 -3 7 -2 7 -4 6 -2 7 -3 6 -2 7 -3 7 -2 7 -2 7 -2 7 -2 7 -3 7 -3 7 -3 7 -3 8 -3 7 -3 8 -4 8 -4 9 -3 8 -4 8 -3 9 -4 8 -4 8 -4 0 0 0 0 0 0 0 0 0 0 ]
1783,1782799867.620013,6.5895,-70,CSI_DATA,AP,98:F4:AB:29:67:94,-70,11,1,1,1,1,1,1,0,0,0,-96,1,6,1,512336982,0,84,0,0,512.719,384,[84 -64 4 0 0 0 0 0 0 0 0 0 -4 3 -4 3 -4 3 -4 2 -5 3 -4 3 -5 3 -5 3 -5 3 -5 2 -5 2 -5 2 -5 2 -5 2 -5 2 -6 3 -5 3 -5 3 -5 2 -6 3 -6 3 -6 3 -6 3 -6 3 -7 2 -6 3 0 0 -7 3 -7 4 -7 3 -7 3 -7 3 -7 3 -7 3 -7 3 -7 3 -8 3 -7 3 -7 3 -7 3 -8 3 -7 4 -7 4 -8 4 -8 4 -8 3 -8 5 -8 4 -8 4 -9 4 -9 5 -9 4 -8 5 0 0 0 0 0 0 0 0 0 0 ]
1784,1782799867.754258,6.5802,-71,CSI_DATA,AP,98:F4:AB:29:67:94,-71,11,1,3,1,1,1,1,0,0,0,-96,1,6,1,512423211,0,84,0,0,512.806,384,[84 -64 4 0 0 0 0 0 0 0 0 0 -1 5 -1 5 0 5 -1 5 -1 6 -2 4 -2 6 -2 5 -2 5 -2 5 -2 5 -2 4 -2 5 -2 5 -2 5 -2 6 -2 6 -2 6 -3 6 -2 6 -4 6 -3 7 -3 6 -3 6 -4 6 -4 7 0 0 -3 6 -4 7 -4 7 -3 7 -3 6 -4 7 -4 7 -4 7 -4 7 -4 7 -4 7 -3 7 -3 7 -3 8 -3 8 -4 8 -3 8 -4 8 -4 8 -4 8 -4 8 -4 9 -4 9 -3 10 -3 9 -3 9 0 0 0 0 0 0 0 0 0 0 ]
1785,1782799867.886333,7.3147,-71,CSI_DATA,AP,98:F4:AB:29:67:94,-71,11,1,3,1,1,1,1,0,0,0,-96,1,6,1,512513656,0,84,0,0,512.896,384,[84 -64 4 0 0 0 0 0 0 0 0 0 1 -6 1 -6 2 -6 2 -7 1 -7 2 -6 3 -6 3 -6 3 -6 3 -7 2 -6 3 -6 3 -6 2 -7 3 -6 4 -6 3 -7 4 -6 3 -6 3 -6 4 -6 5 -6 5 -6 4 -7 4 -7 5 -7 0 0 5 -7 5 -7 5 -7 5 -7 5 -6 6 -6 6 -6 5 -6 5 -6 5 -7 5 -6 6 -7 5 -8 5 -8 5 -8 5 -7 6 -8 5 -8 6 -7 6 -8 6 -7 6 -8 6 -9 5 -9 6 -9 5 -9 0 0 0 0 0 0 0 0 0 0 ]
1786,1782799868.015800,8.7121,-71,CSI_DATA,AP,98:F4:AB:29:67:94,-71,11,1,3,1,1,1,1,0,0,0,-96,1,6,1,512606775,0,84,0,0,512.989,384,[84 -64 4 0 0 0 0 0 0 0 0 0 -5 1 -5 2 -6 2 -6 1 -7 2 -6 1 -6 1 -7 1 -6 0 -7 0 -7 0 -7 0 -7 1 -7 1 -8 0 -8 1 -8 0 -8 0 -7 0 -8 -1 -8 0 -8 -1 -9 0 -8 -1 -9 -1 -8 -1 0 0 -8 -1 -9 -1 -9 -1 -8 0 -9 -1 -8 -1 -9 -2 -10 -1 -8 0 -9 -1 -9 -1 -9 -1 -9 0 -9 0 -10 0 -10 0 -10 1 -10 0 -11 0 -9 0 -10 -1 -10 1 -10 0 -10 1 -11 1 -11 0 0 0 0 0 0 0 0 0 0 0 ]
1787,1782799868.132624,8.0332,-71,CSI_DATA,AP,98:F4:AB:29:67:94,-71,11,1,3,1,1,1,1,0,0,0,-96,1,6,1,512694558,0,84,0,0,513.077,384,[84 -64 4 0 0 0 0 0 0 0 0 0 3 -5 3 -3 4 -4 3 -3 4 -4 3 -3 3 -3 4 -3 4 -3 5 -3 4 -4 4 -3 5 -3 4 -3 5 -4 5 -3 5 -4 5 -3 5 -3 5 -3 5 -2 6 -2 6 -2 6 -3 6 -3 6 -3 0 0 6 -3 6 -3 7 -3 6 -3 6 -2 7 -3 7 -3 6 -3 6 -3 6 -3 6 -3 7 -3 6 -3 7 -3 6 -4 6 -4 8 -4 7 -4 7 -4 7 -4 7 -4 7 -4 7 -4 8 -5 8 -5 7 -5 0 0 0 0 0 0 0 0 0 0 ]
1788,1782799868.268585,7.7214,-71,CSI_DATA,AP,98:F4:AB:29:67:94,-71,11,1,3,1,1,1,1,0,0,0,-96,1,6,1,512784731,0,84,0,0,513.167,384,[84 -64 4 0 0 0 0 0 0 0 0 0 -5 -1 -5 -1 -6 -2 -4 -1 -5 -2 -5 -1 -5 -2 -5 -2 -5 -2 -5 -3 -5 -2 -6 -2 -6 -3 -6 -3 -5 -3 -6 -3 -6 -3 -6 -3 -5 -4 -5 -4 -6 -4 -5 -4 -5 -5 -6 -5 -5 -5 -6 -4 0 0 -5 -5 -6 -5 -5 -4 -6 -6 -6 -6 -6 -5 -5 -6 -6 -5 -5 -5 -6 -6 -6 -5 -6 -5 -6 -5 -6 -5 -7 -5 -7 -5 -7 -5 -7 -6 -7 -6 -8 -5 -6 -6 -7 -6 -7 -7 -8 -6 -8 -7 -8 -6 0 0 0 0 0 0 0 0 0 0 ]
1789,1782799868.411686,7.1207,-69,CSI_DATA,AP,98:F4:AB:29:67:94,-69,11,1,0,1,1,1,1,0,0,0,-96,1,6,1,512879419,0,84,0,0,513.262,384,[84 -64 4 0 0 0 0 0 0 0 0 0 2 -5 1 -5 2 -5 2 -5 3 -5 2 -4 3 -5 2 -4 3 -5 3 -5 3 -5 3 -5 4 -5 4 -5 3 -4 3 -6 3 -6 3 -5 4 -4 4 -5 5 -5 4 -5 4 -4 5 -5 5 -5 4 -5 0 0 4 -5 6 -6 5 -5 5 -6 5 -5 5 -5 6 -5 5 -5 5 -5 6 -6 5 -6 5 -5 5 -6 5 -5 6 -7 5 -7 6 -7 5 -7 6 -6 5 -7 6 -6 6 -7 6 -8 6 -8 7 -8 6 -8 0 0 0 0 0 0 0 0 0 0 ]
1790,1782799868.553675,6.4016,-70,CSI_DATA,AP,98:F4:AB:29:67:94,-70,11,1,2,1,1,1,1,0,0,0,-96,1,6,1,512966847,0,84,0,0,513.349,384,[84 -64 4 0 0 0 0 0 0 0 0 0 2 4 1 4 1 4 1 4 1 4 1 4 1 5 0 5 1 5 0 5 0 5 1 4 0 5 1 5 0 4 0 6 1 6 0 6 0 5 1 6 0 6 0 6 0 7 -1 6 0 6 -1 6 0 0 -1 7 -1 7 0 7 0 7 -1 6 -2 6 -1 7 -1 7 -1 7 0 8 0 7 -1 7 0 7 0 7 1 8 0 7 0 8 1 8 0 7 1 8 0 8 0 9 0 9 0 9 0 9 1 9 0 0 0 0 0 0 0 0 0 0 ]
1791,1782799868.703534,6.3995,-71,CSI_DATA,AP,98:F4:AB:29:67:94,-71,11,1,3,1,1,1,1,0,0,0,-96,1,6,1,513052584,0,84,0,0,513.435,384,[84 -64 4 0 0 0 0 0 0 0 0 0 -2 5 -1 4 -2 4 -2 4 -2 6 -1 5 -2 4 -2 5 -2 4 -3 4 -2 5 -3 4 -2 6 -2 5 -3 4 -2 6 -2 6 -3 6 -3 6 -4 6 -4 6 -4 6 -4 6 -4 6 -4 6 -4 6 0 0 -4 6 -4 7 -5 6 -5 7 -5 6 -5 6 -5 6 -5 6 -5 7 -5 7 -4 6 -5 7 -4 7 -5 7 -4 8 -4 8 -5 9 -4 7 -5 8 -5 9 -5 8 -5 8 -5 10 -5 9 -4 9 -5 10 0 0 0 0 0 0 0 0 0 0 ]
1792,1782799868.954132,7.1274,-70,CSI_DATA,AP,98:F4:AB:29:67:94,-70,11,1,2,1,1,1,0,0,0,0,-96,0,6,1,513144146,0,84,0,0,513.527,384,[84 -64 4 0 0 0 0 0 0 0 0 0 -6 -1 -6 -1 -5 -2 -6 -2 -6 -2 -5 -3 -6 -2 -5 -3 -6 -3 -5 -3 -6 -3 -6 -3 -6 -3 -6 -2 -6 -3 -7 -3 -6 -3 -7 -3 -7 -3 -7 -4 -6 -4 -7 -5 -7 -4 -7 -4 -7 -4 -7 -4 0 0 -7 -5 -8 -5 -7 -5 -8 -5 -7 -5 -7 -5 -8 -6 -8 -5 -7 -5 -8 -5 -7 -5 -8 -4 -8 -5 -8 -5 -9 -5 -9 -5 -9 -5 -8 -5 -9 -6 -9 -6 -9 -6 -9 -6 -10 -5 -10 -5 -10 -6 -9 -5 0 0 0 0 0 0 0 0 0 0 ]
1793,1782799869.173455,6.5690,-71,CSI_DATA,AP,98:F4:AB:29:67:94,-71,11,1,4,1,1,1,0,0,0,0,-96,0,6,1,513232349,0,84,0,0,513.615,384,[84 -64 4 0 0 0 0 0 0 0 0 0 1 4 1 4 1 4 0 5 0 4 1 4 1 5 0 5 0 4 0 5 0 4 0 5 1 4 1 5 0 5 1 6 1 5 1 5 0 6 0 6 -1 7 0 6 0 6 0 7 0 6 0 7 0 0 0 7 0 8 0 7 -1 7 0 8 -1 8 -1 8 -1 8 -2 7 -1 7 0 8 -1 8 0 8 -1 9 0 8 -1 9 -1 9 -1 9 0 9 -1 10 -1 9 -1 10 0 10 0 10 0 10 0 10 0 0 0 0 0 0 0 0 0 0 ]
1794,1782799869.422791,6.4648,-72,CSI_DATA,AP,98:F4:AB:29:67:94,-72,11,1,4,1,1,1,0,0,0,0,-96,0,6,1,513324126,0,84,0,0,513.707,384,[84 -64 4 0 0 0 0 0 0 0 0 0 3 2 3 3 3 3 3 1 4 2 3 2 3 2 3 3 3 3 2 3 3 3 3 3 3 3 4 3 4 3 4 3 3 4 4 3 5 4 4 4 4 4 4 3 4 4 4 4 5 4 4 5 0 0 5 5 5 5 5 5 4 6 4 5 5 5 5 5 4 6 5 6 4 6 5 5 4 6 5 5 6 6 6 6 6 5 6 6 6 6 6 6 7 7 6 7 6 6 7 7 7 6 7 6 7 6 0 0 0 0 0 0 0 0 0 0 ]
1795,1782799869.655969,6.7221,-72,CSI_DATA,AP,98:F4:AB:29:67:94,-72,11,1,4,1,1,1,0,0,0,0,-96,0,6,1,513415896,0,84,0,0,513.798,384,[84 -64 4 0 0 0 0 0 0 0 0 0 3 -2 3 -2 3 -3 3 -2 3 -3 3 -2 3 -2 3 -2 3 -2 3 -3 3 -2 3 -3 3 -2 4 -3 4 -3 4 -3 4 -3 5 -3 5 -3 4 -2 5 -2 5 -2 5 -3 4 -4 6 -3 6 -3 0 0 6 -2 7 -2 6 -3 6 -3 6 -2 6 -2 6 -2 6 -2 7 -2 6 -2 6 -3 6 -2 7 -3 7 -2 7 -3 7 -3 8 -3 7 -3 8 -3 8 -3 8 -3 8 -3 8 -3 9 -3 8 -3 8 -3 0 0 0 0 0 0 0 0 0 0 ]
1796,1782799869.893253,7.1648,-72,CSI_DATA,AP,98:F4:AB:29:67:94,-72,11,1,4,1,1,1,0,0,0,0,-96,0,6,1,513506063,0,84,0,0,513.889,384,[84 -64 4 0 0 0 0 0 0 0 0 0 0 4 0 4 0 5 0 3 -1 5 -1 4 0 4 -1 4 0 5 -1 4 -1 5 -1 4 0 4 0 5 0 5 0 6 0 5 -1 5 -1 5 -1 6 -2 6 -2 6 -2 6 0 6 -2 7 -2 7 0 0 -2 7 -1 8 -2 7 -2 8 -1 7 -2 7 -3 8 -3 8 -2 7 -3 8 -2 7 -2 8 -2 8 -1 8 -1 9 -1 8 -2 9 -1 8 -1 8 -1 9 -2 8 -2 9 -2 10 -1 10 -1 10 -1 9 0 0 0 0 0 0 0 0 0 0 ]
1797,1782799870.122079,6.8022,-71,CSI_DATA,AP,98:F4:AB:29:67:94,-71,11,1,2,1,1,1,0,0,0,0,-96,0,6,1,513596301,0,84,0,0,513.979,384,[84 -64 4 0 0 0 0 0 0 0 0 0 -4 3 -3 3 -3 3 -4 3 -4 2 -4 2 -4 2 -5 1 -5 2 -4 2 -4 2 -4 2 -5 2 -5 3 -5 2 -5 3 -5 2 -5 3 -5 3 -6 3 -6 3 -6 2 -6 1 -5 3 -6 3 -6 3 0 0 -7 3 -7 3 -7 3 -6 3 -7 2 -7 2 -7 2 -7 2 -7 3 -7 2 -7 3 -7 3 -7 4 -7 3 -7 2 -8 3 -8 3 -7 3 -8 2 -8 3 -8 3 -9 3 -8 4 -9 5 -8 4 -9 5 0 0 0 0 0 0 0 0 0 0 ]
1798,1782799870.374504,6.3740,-72,CSI_DATA,AP,98:F4:AB:29:67:94,-72,11,1,4,1,1,1,0,0,0,0,-96,0,6,1,513686985,0,84,0,0,514.069,384,[84 -64 4 0 0 0 0 0 0 0 0 0 4 -1 5 -1 5 -1 5 -2 5 -1 5 0 4 0 5 0 4 0 4 0 5 -1 4 0 5 -1 5 -1 4 -2 6 -1 5 0 6 0 6 0 6 -1 6 0 6 0 6 0 6 -1 6 0 6 -1 0 0 7 0 7 1 6 0 7 0 7 1 7 0 8 0 7 0 6 1 7 1 7 0 7 1 8 0 8 0 8 0 8 0 8 0 8 0 9 0 8 0 8 1 9 0 10 0 9 -1 9 0 9 0 0 0 0 0 0 0 0 0 0 0 ]
1799,1782799870.669670,6.0887,-70,CSI_DATA,AP,98:F4:AB:29:67:94,-70,11,1,2,1,1,1,0,0,0,0,-96,0,6,1,513779946,0,84,0,0,514.162,384,[84 -64 4 0 0 0 0 0 0 0 0 0 2 3 2 3 2 3 1 3 2 3 2 4 2 4 1 4 2 3 1 4 2 4 1 4 2 4 2 4 2 4 2 5 2 5 2 5 1 4 1 5 2 5 2 5 1 6 1 5 1 6 1 6 0 0 1 7 1 7 1 7 1 7 1 6 1 7 1 7 0 7 1 7 1 7 1 7 0 7 1 8 1 7 2 8 2 8 1 8 1 8 2 8 2 8 1 8 1 8 1 9 1 9 1 9 2 9 0 0 0 0 0 0 0 0 0 0 ]
1800,1782799870.935577,6.0755,-72,CSI_DATA,AP,98:F4:AB:29:67:94,-72,11,1,4,1,1,1,0,0,0,0,-96,0,6,1,513863916,0,84,0,0,514.246,384,[84 -64 4 0 0 0 0 0 0 0 0 0 2 -4 3 -3 3 -4 3 -4 3 -3 3 -3 3 -4 4 -3 4 -3 3 -3 4 -3 4 -3 3 -4 4 -5 4 -4 4 -4 4 -4 5 -4 5 -4 5 -4 6 -4 5 -4 5 -3 5 -5 5 -4 6 -5 0 0 6 -4 7 -4 6 -4 7 -4 7 -4 7 -4 7 -4 7 -4 7 -4 7 -4 7 -5 7 -4 7 -5 7 -5 7 -5 7 -5 8 -5 8 -5 8 -5 8 -5 9 -4 8 -5 8 -5 9 -6 9 -6 9 -6 0 0 0 0 0 0 0 0 0 0 ]
1801,1782799871.182488,6.5181,-71,CSI_DATA,AP,98:F4:AB:29:67:94,-71,11,1,4,1,1,1,0,0,0,0,-96,0,6,1,513952893,0,84,0,0,514.335,384,[84 -64 4 0 0 0 0 0 0 0 0 0 -1 3 -2 3 -2 4 -2 4 -2 4 -2 4 -2 4 -2 4 -2 4 -2 4 -2 4 -2 4 -2 4 -2 5 -2 5 -3 5 -3 5 -3 5 -3 5 -3 6 -3 6 -3 5 -3 6 -3 6 -3 6 -3 6 0 0 -4 7 -4 7 -4 7 -4 7 -5 6 -5 7 -6 7 -4 7 -4 6 -5 7 -4 7 -5 7 -5 8 -4 8 -4 8 -4 8 -5 9 -4 8 -6 8 -5 8 -6 9 -5 9 -6 10 -5 9 -5 9 -5 10 0 0 0 0 0 0 0 0 0 0 ]
1802,1782799871.411566,7.7922,-71,CSI_DATA,AP,98:F4:AB:29:67:94,-71,11,1,4,1,1,1,0,0,0,0,-96,0,6,1,514043048,0,84,0,0,514.426,384,[84 -64 4 0 0 0 0 0 0 0 0 0 -4 3 -4 3 -5 3 -4 2 -5 2 -4 2 -5 3 -5 2 -4 2 -5 2 -5 2 -4 2 -5 2 -5 2 -5 3 -5 3 -5 3 -6 4 -6 2 -6 3 -7 3 -7 3 -7 3 -6 4 -8 3 -6 3 0 0 -7 4 -8 4 -8 5 -8 5 -7 4 -8 4 -8 3 -8 3 -7 4 -8 4 -8 5 -8 4 -8 5 -7 5 -8 5 -8 6 -9 5 -8 6 -8 5 -9 5 -9 5 -9 6 -10 6 -9 6 -8 7 -9 7 0 0 0 0 0 0 0 0 0 0 ]
1803,1782799871.636470,7.8239,-71,CSI_DATA,AP,98:F4:AB:29:67:94,-71,11,1,4,1,1,1,0,0,0,0,-96,0,6,1,514133982,0,84,0,0,514.516,384,[84 -64 4 0 0 0 0 0 0 0 0 0 -5 -1 -4 -1 -5 -1 -5 -1 -5 -2 -5 -2 -5 -2 -6 -2 -5 -1 -5 -2 -5 -2 -6 -3 -6 -2 -7 -2 -6 -3 -7 -1 -7 -2 -8 -2 -7 -3 -7 -3 -7 -3 -7 -3 -8 -4 -7 -3 -7 -3 -8 -3 0 0 -9 -3 -10 -3 -8 -3 -8 -4 -8 -4 -9 -5 -10 -4 -9 -4 -8 -4 -9 -5 -9 -4 -9 -3 -9 -4 -9 -3 -10 -4 -9 -4 -11 -4 -10 -5 -10 -4 -11 -4 -10 -5 -11 -4 -12 -4 -11 -4 -11 -4 -11 -4 0 0 0 0 0 0 0 0 0 0 ]
1804,1782799871.867298,8.2857,-71,CSI_DATA,AP,98:F4:AB:29:67:94,-71,11,1,4,1,1,1,0,0,0,0,-96,0,6,1,514223773,0,84,0,0,514.606,384,[84 -64 4 0 0 0 0 0 0 0 0 0 0 -6 -2 -5 -1 -5 0 -6 -1 -6 0 -5 -1 -6 0 -5 -1 -5 0 -6 0 -6 0 -6 -1 -6 0 -7 0 -6 -1 -7 0 -7 0 -7 1 -7 1 -7 2 -7 1 -7 2 -7 1 -8 1 -8 1 -8 0 0 2 -9 2 -9 1 -8 2 -10 2 -8 3 -9 3 -8 3 -9 2 -8 3 -9 2 -9 3 -9 2 -10 3 -9 3 -9 2 -10 3 -11 3 -10 4 -11 4 -10 4 -9 4 -10 4 -11 3 -11 3 -11 3 -11 0 0 0 0 0 0 0 0 0 0 ]
1805,1782799872.103626,8.6217,-71,CSI_DATA,AP,98:F4:AB:29:67:94,-71,11,1,4,1,1,1,0,0,0,0,-96,0,6,1,514312501,0,84,0,0,514.695,384,[84 -64 4 0 0 0 0 0 0 0 0 0 2 3 3 3 3 3 2 4 2 4 3 4 3 4 2 5 3 4 2 4 3 4 3 4 3 5 3 5 3 4 3 6 3 6 3 5 2 5 2 6 2 7 2 7 2 6 3 7 2 8 2 7 0 0 2 8 3 8 3 8 3 8 1 9 2 9 1 9 2 8 2 8 2 8 2 9 2 9 3 10 3 8 2 10 3 8 2 10 2 9 3 9 2 9 2 10 2 11 3 11 3 11 3 10 4 10 0 0 0 0 0 0 0 0 0 0 ]
1806,1782799872.332536,8.4603,-71,CSI_DATA,AP,98:F4:AB:29:67:94,-71,11,1,4,1,1,1,0,0,0,0,-96,0,6,1,514406367,0,84,0,0,514.789,384,[84 -64 4 0 0 0 0 0 0 0 0 0 -4 -2 -5 -3 -5 -2 -4 -2 -5 -3 -4 -3 -4 -2 -4 -4 -4 -4 -5 -3 -4 -4 -5 -3 -5 -4 -6 -3 -6 -5 -5 -4 -6 -4 -5 -4 -5 -5 -5 -5 -5 -5 -5 -5 -5 -6 -5 -5 -5 -6 -6 -6 0 0 -6 -6 -6 -6 -5 -7 -6 -7 -4 -6 -5 -7 -5 -8 -6 -7 -5 -6 -6 -7 -6 -7 -6 -7 -6 -7 -6 -7 -6 -7 -7 -8 -7 -8 -5 -8 -7 -9 -7 -7 -6 -8 -7 -8 -7 -9 -7 -8 -7 -9 -8 -8 0 0 0 0 0 0 0 0 0 0 ]
1807,1782799872.561860,7.9663,-69,CSI_DATA,AP,98:F4:AB:29:67:94,-69,11,1,2,1,1,1,0,0,0,0,-96,0,6,1,514493527,0,84,0,0,514.876,384,[84 -64 4 0 0 0 0 0 0 0 0 0 -4 3 -3 2 -5 3 -4 3 -4 3 -4 3 -5 3 -4 2 -5 3 -6 3 -5 3 -5 3 -6 3 -5 3 -5 2 -6 4 -6 4 -6 4 -6 3 -7 3 -7 3 -7 3 -7 3 -7 3 -7 3 -7 3 0 0 -7 3 -9 4 -8 3 -8 5 -7 3 -8 3 -8 4 -9 4 -7 3 -9 4 -8 4 -9 4 -8 4 -8 4 -9 5 -8 6 -9 6 -8 5 -9 5 -9 6 -9 4 -9 6 -10 6 -9 7 -9 6 -9 6 0 0 0 0 0 0 0 0 0 0 ]
1808,1782799872.786591,7.3037,-71,CSI_DATA,AP,98:F4:AB:29:67:94,-71,11,1,4,1,1,1,0,0,0,0,-96,0,6,1,514586812,0,84,0,0,514.969,384,[84 -64 4 0 0 0 0 0 0 0 0 0 1 -5 1 -4 1 -6 1 -5 2 -6 1 -5 3 -5 2 -4 2 -5 2 -5 2 -5 2 -5 3 -6 3 -6 3 -6 3 -6 3 -6 3 -6 3 -6 4 -6 4 -7 4 -6 4 -6 4 -6 4 -6 4 -7 0 0 5 -7 5 -7 5 -6 4 -7 5 -7 5 -7 6 -7 5 -7 5 -6 5 -8 5 -7 5 -7 4 -7 4 -8 5 -9 5 -8 6 -9 6 -9 6 -8 5 -9 6 -8 6 -9 6 -9 5 -10 6 -10 5 -9 0 0 0 0 0 0 0 0 0 0 ]
1809,1782799873.029631,7.2899,-64,CSI_DATA,AP,98:F4:AB:29:67:94,-64,11,0,0,0,0,0,0,0,0,0,-96,0,6,1,514680222,0,84,0,0,515.063,128,[84 -64 4 0 0 0 0 0 0 0 0 0 8 9 7 9 8 10 9 10 7 11 7 9 8 11 6 11 6 11 6 10 8 12 9 11 8 13 9 12 8 13 9 16 8 15 9 14 7 15 7 15 6 16 6 16 7 14 8 16 9 17 7 18 0 0 10 19 10 21 10 20 11 19 7 19 8 21 8 21 6 20 9 20 7 19 9 22 10 19 13 21 10 21 11 23 10 25 12 25 10 24 9 26 12 24 10 25 11 25 12 25 14 25 15 24 14 25 0 0 0 0 0 0 0 0 0 0 ]
1810,1782799873.256347,6.5698,-71,CSI_DATA,AP,98:F4:AB:29:67:94,-71,11,1,4,1,1,1,0,0,0,0,-96,0,6,1,514762440,0,84,0,0,515.145,384,[84 -64 4 0 0 0 0 0 0 0 0 0 2 -4 2 -4 2 -4 2 -3 3 -4 3 -4 3 -4 3 -4 3 -4 3 -4 3 -4 4 -4 4 -4 4 -4 3 -3 3 -4 4 -4 4 -4 4 -4 5 -4 6 -3 6 -3 5 -4 5 -4 5 -4 5 -3 0 0 6 -3 6 -4 5 -4 6 -4 6 -4 6 -3 6 -4 6 -4 6 -3 6 -5 6 -4 6 -4 6 -4 6 -4 6 -5 6 -4 8 -5 7 -5 7 -5 7 -5 7 -4 8 -5 8 -4 8 -5 8 -5 8 -5 0 0 0 0 0 0 0 0 0 0 ]
1811,1782799873.528569,7.1917,-70,CSI_DATA,AP,98:F4:AB:29:67:94,-70,11,1,4,1,1,1,0,0,0,0,-96,0,6,1,514854150,0,84,0,0,515.237,384,[84 -64 4 0 0 0 0 0 0 0 0 0 -4 3 -5 3 -4 2 -4 2 -6 1 -5 1 -6 2 -5 1 -5 1 -6 0 -5 1 -6 1 -6 1 -6 1 -6 1 -7 1 -7 1 -7 1 -7 1 -7 1 -8 1 -8 1 -7 0 -7 1 -8 1 -8 1 0 0 -8 1 -9 1 -8 1 -9 1 -9 0 -9 0 -10 0 -9 1 -9 1 -9 0 -9 1 -9 1 -9 0 -9 1 -10 2 -10 2 -11 2 -10 1 -10 1 -10 1 -11 1 -11 2 -11 1 -12 2 -11 1 -11 2 0 0 0 0 0 0 0 0 0 0 ]
1812,1782799873.761108,7.3194,-70,CSI_DATA,AP,98:F4:AB:29:67:94,-70,11,1,4,1,1,1,0,0,0,0,-96,0,6,1,514946340,0,84,0,0,515.329,384,[84 -64 4 0 0 0 0 0 0 0 0 0 -2 3 -3 3 -3 4 -3 3 -4 4 -4 3 -4 4 -4 3 -4 4 -5 3 -4 4 -4 4 -4 4 -4 4 -4 3 -7 3 -5 4 -5 4 -5 4 -6 3 -5 3 -6 3 -5 4 -6 4 -6 4 -6 5 0 0 -7 4 -7 5 -6 5 -7 6 -7 5 -7 4 -8 4 -7 4 -7 5 -7 5 -7 5 -7 5 -7 5 -7 6 -6 6 -6 6 -8 6 -7 6 -8 6 -8 6 -8 6 -8 6 -8 7 -8 7 -8 7 -9 7 0 0 0 0 0 0 0 0 0 0 ]
1813,1782799873.987849,7.4394,-71,CSI_DATA,AP,98:F4:AB:29:67:94,-71,11,1,4,1,1,1,0,0,0,0,-96,0,6,1,515032516,0,84,0,0,515.415,384,[84 -64 4 0 0 0 0 0 0 0 0 0 -1 -5 -1 -5 0 -5 0 -5 1 -6 1 -5 0 -5 0 -5 1 -5 1 -6 1 -6 1 -5 1 -6 1 -6 1 -6 1 -7 1 -7 2 -6 1 -6 2 -6 3 -7 2 -7 2 -6 3 -7 3 -7 3 -7 0 0 2 -8 3 -8 3 -8 2 -8 3 -7 3 -8 3 -7 3 -8 3 -8 3 -8 2 -9 3 -8 3 -9 2 -9 3 -9 2 -9 4 -10 2 -10 3 -10 2 -10 3 -10 2 -10 3 -11 3 -11 3 -11 2 -11 0 0 0 0 0 0 0 0 0 0 ]
1814,1782799874.261721,6.9686,-69,CSI_DATA,AP,98:F4:AB:29:67:94,-69,11,1,2,1,1,1,0,0,0,0,-96,0,6,1,515124089,0,84,0,0,515.507,384,[84 -64 4 0 0 0 0 0 0 0 0 0 -1 4 -1 4 -1 5 -2 4 -2 4 -2 5 -2 5 -3 5 -2 5 -3 4 -2 5 -2 5 -3 5 -3 5 -3 4 -3 6 -3 6 -3 6 -4 5 -4 5 -4 5 -4 5 -4 5 -4 6 -4 5 -4 6 0 0 -4 7 -4 6 -4 6 -4 7 -5 6 -5 7 -5 6 -4 7 -5 6 -5 8 -4 8 -4 7 -5 7 -5 8 -4 8 -4 8 -5 9 -5 9 -4 8 -4 9 -5 9 -5 9 -5 9 -4 9 -5 10 -5 10 0 0 0 0 0 0 0 0 0 0 ]
1815,1782799874.520004,5.8611,-71,CSI_DATA,AP,98:F4:AB:29:67:94,-71,11,1,4,1,1,1,0,0,0,0,-96,0,6,1,515213822,0,84,0,0,515.596,384,[84 -64 4 0 0 0 0 0 0 0 0 0 2 3 2 2 1 3 1 4 1 4 1 3 1 4 1 4 0 4 0 4 0 4 0 4 0 4 1 5 0 4 -1 5 0 5 0 5 -1 5 -1 5 -1 5 -2 5 -1 5 -1 5 -1 5 -1 5 0 0 -4 5 -2 7 -2 6 -2 6 -3 6 -3 7 -3 6 -3 5 -3 6 -3 6 -3 6 -3 7 -3 6 -3 7 -2 7 -2 7 -3 7 -3 7 -4 7 -4 8 -4 8 -4 8 -4 8 -4 9 -4 8 -4 9 0 0 0 0 0 0 0 0 0 0 ]
1816,1782799874.751627,6.3524,-71,CSI_DATA,AP,98:F4:AB:29:67:94,-71,11,1,4,1,1,1,0,0,0,0,-96,0,6,1,515306230,0,84,0,0,515.689,384,[84 -64 4 0 0 0 0 0 0 0 0 0 -4 2 -4 2 -5 3 -4 3 -4 2 -5 2 -5 2 -5 1 -5 1 -6 1 -5 1 -6 2 -6 1 -6 2 -6 2 -7 2 -6 2 -7 2 -6 1 -6 2 -6 2 -6 1 -7 1 -7 1 -7 2 -7 2 0 0 -7 2 -8 2 -7 1 -8 1 -7 1 -8 1 -8 1 -8 0 -8 1 -8 1 -8 2 -8 1 -8 2 -8 3 -9 2 -9 2 -9 2 -9 1 -9 2 -9 2 -9 2 -10 2 -10 2 -10 3 -10 2 -10 3 0 0 0 0 0 0 0 0 0 0 ]
1817,1782799875.061875,7.1841,-67,CSI_DATA,AP,98:F4:AB:29:67:94,-67,11,1,4,1,1,1,0,0,0,0,-96,0,6,1,544192499,0,84,0,0,544.575,384,[84 -64 4 0 0 0 0 0 0 0 0 0 4 7 4 7 4 7 3 7 4 7 3 8 3 8 2 8 2 8 1 8 1 9 1 9 1 8 1 8 1 8 1 9 0 8 0 8 0 8 0 8 0 8 0 9 -1 9 0 8 0 8 -1 8 0 0 0 8 0 9 1 8 1 8 0 8 1 8 1 8 1 8 1 8 1 9 2 8 1 8 2 8 2 8 3 8 3 9 3 9 3 9 3 9 4 9 4 9 4 10 4 10 5 10 5 10 5 10 0 0 0 0 0 0 0 0 0 0 ]
1818,1782799875.264762,8.3844,-66,CSI_DATA,AP,98:F4:AB:29:67:94,-66,11,1,4,1,1,1,0,0,0,0,-96,0,6,1,544285702,0,84,0,0,544.668,384,[84 -64 4 0 0 0 0 0 0 0 0 0 -5 -5 -4 -5 -2 -8 -2 -6 -2 -11 3 -10 0 -9 -1 -11 0 -8 1 -8 -1 -10 1 -9 1 -10 2 -9 2 -9 1 -9 0 -9 1 -10 1 -8 0 -9 1 -9 1 -9 1 -9 1 -9 1 -9 1 -9 0 0 0 -9 0 -10 -1 -9 -1 -9 -1 -8 -1 -9 -1 -9 -2 -9 -4 -9 -3 -9 -2 -9 -3 -9 -3 -9 -3 -9 -4 -10 -4 -9 -5 -10 -4 -10 -4 -10 -5 -10 -5 -9 -6 -10 -7 -10 -7 -10 -7 -10 -7 -10 0 0 0 0 0 0 0 0 0 0 ]
1819,1782799875.529849,9.1617,-67,CSI_DATA,AP,98:F4:AB:29:67:94,-67,11,1,4,1,1,1,0,0,0,0,-96,0,6,1,544379127,0,84,0,0,544.762,384,[84 -64 4 0 0 0 0 0 0 0 0 0 -10 0 -9 0 -11 -1 -9 -1 -11 -1 -9 -2 -10 -3 -9 -3 -9 -3 -10 -4 -9 -4 -9 -4 -10 -5 -9 -4 -9 -4 -10 -4 -9 -4 -9 -4 -8 -5 -9 -4 -9 -5 -8 -5 -8 -6 -9 -5 -8 -4 -8 -4 0 0 -8 -4 -8 -5 -8 -4 -9 -3 -8 -3 -9 -4 -9 -3 -9 -4 -9 -3 -10 -3 -10 -3 -9 -3 -10 -2 -10 -2 -11 -1 -10 -2 -12 -2 -11 -2 -11 -2 -11 -2 -12 -2 -12 -1 -13 -2 -13 -1 -12 -1 -13 -1 0 0 0 0 0 0 0 0 0 0 ]
1820,1782799875.801062,9.4531,-68,CSI_DATA,AP,98:F4:AB:29:67:94,-68,11,1,4,1,1,1,0,0,0,0,-96,0,6,1,544462723,0,84,0,0,544.845,384,[84 -64 4 0 0 0 0 0 0 0 0 0 -2 -10 -1 -9 0 -10 1 -9 0 -10 1 -9 2 -9 3 -9 3 -9 3 -9 3 -9 2 -9 3 -9 3 -9 3 -9 4 -9 3 -9 4 -9 4 -8 5 -8 4 -8 5 -8 4 -8 4 -8 4 -8 4 -8 0 0 3 -8 3 -8 4 -8 3 -9 3 -8 3 -8 4 -9 4 -9 3 -8 2 -9 2 -8 2 -9 2 -9 2 -10 2 -10 1 -11 2 -11 1 -11 2 -11 2 -11 1 -11 2 -12 1 -12 1 -13 0 -13 0 -13 0 0 0 0 0 0 0 0 0 0 ]
1821,1782799876.048843,9.8219,-68,CSI_DATA,AP,98:F4:AB:29:67:94,-68,11,1,4,1,1,1,0,0,0,0,-96,0,6,1,544554018,0,84,0,0,544.937,384,[84 -64 4 0 0 0 0 0 0 0 0 0 -9 4 -8 3 -10 4 -9 3 -9 3 -9 1 -10 1 -10 1 -10 0 -10 0 -10 0 -9 0 -11 -1 -10 0 -10 0 -10 -1 -9 -1 -10 0 -9 -1 -10 -2 -9 -1 -9 -1 -9 -1 -9 -1 -9 -1 -9 -1 0 0 -9 -1 -10 0 -9 0 -9 0 -9 0 -9 0 -9 0 -9 0 -9 0 -10 0 -9 1 -9 1 -9 1 -10 2 -10 2 -10 3 -11 3 -10 2 -10 2 -10 2 -11 3 -12 3 -11 3 -11 4 -12 3 -11 4 0 0 0 0 0 0 0 0 0 0 ]
1822,1782799876.282633,9.5759,-68,CSI_DATA,AP,98:F4:AB:29:67:94,-68,11,1,4,1,1,1,0,0,0,0,-96,0,6,1,544643717,0,84,0,0,545.026,384,[84 -64 4 0 0 0 0 0 0 0 0 0 8 3 8 3 9 4 7 4 9 5 7 5 7 5 7 7 7 6 7 6 7 7 6 6 6 6 7 6 6 7 6 7 5 6 5 6 5 6 5 6 4 7 5 7 5 6 5 6 5 6 5 6 0 0 5 5 5 6 6 6 6 5 5 5 6 6 6 6 6 5 7 4 6 5 6 4 6 4 7 4 7 4 8 4 7 3 10 4 9 3 9 4 9 4 9 4 10 3 10 4 11 4 10 4 10 3 0 0 0 0 0 0 0 0 0 0 ]
1823,1782799876.520299,9.0454,-67,CSI_DATA,AP,98:F4:AB:29:67:94,-67,11,1,4,1,1,1,0,0,0,0,-96,0,6,1,544732767,0,84,0,0,545.115,384,[84 -64 4 0 0 0 0 0 0 0 0 0 2 9 2 8 1 10 0 9 1 10 0 9 0 9 -2 10 -1 10 -2 10 -1 9 -2 9 -3 9 -3 9 -3 8 -3 9 -2 9 -3 9 -3 8 -4 8 -3 8 -4 8 -3 8 -3 7 -3 8 -3 8 0 0 -3 7 -3 9 -3 9 -2 8 -3 8 -2 8 -2 8 -2 7 -2 8 -1 8 -1 8 -1 8 -1 8 -1 9 0 9 0 8 0 10 1 9 0 10 1 10 0 10 0 10 1 11 2 11 2 10 2 11 0 0 0 0 0 0 0 0 0 0 ]
1824,1782799876.784634,8.6194,-67,CSI_DATA,AP,98:F4:AB:29:67:94,-67,11,1,4,1,1,1,0,0,0,0,-96,0,6,1,544823954,0,84,0,0,545.206,384,[84 -64 4 0 0 0 0 0 0 0 0 0 6 7 6 8 4 8 5 8 4 8 4 9 4 9 3 9 3 10 2 9 2 9 2 9 2 9 2 9 2 9 2 10 1 10 1 9 2 9 1 9 0 9 0 9 1 9 1 8 1 8 1 8 0 0 1 8 1 8 2 8 2 7 1 7 2 8 2 8 2 8 2 8 3 8 3 7 3 7 4 7 4 8 4 7 5 8 5 7 5 7 5 8 5 8 5 8 6 8 7 9 7 9 7 8 7 8 0 0 0 0 0 0 0 0 0 0 ]
1825,1782799877.007991,8.5582,-67,CSI_DATA,AP,98:F4:AB:29:67:94,-67,11,1,4,1,1,1,0,0,0,0,-96,0,6,1,544912060,0,84,0,0,545.295,384,[84 -64 4 0 0 0 0 0 0 0 0 0 -10 -3 -10 -5 -10 -4 -10 -5 -11 -5 -9 -6 -9 -6 -9 -6 -9 -7 -8 -8 -9 -8 -9 -8 -9 -8 -9 -8 -8 -7 -8 -8 -7 -7 -8 -8 -7 -7 -7 -8 -7 -8 -7 -7 -6 -8 -6 -7 -6 -7 -7 -7 0 0 -6 -6 -8 -7 -7 -6 -7 -6 -7 -6 -7 -6 -8 -5 -9 -6 -7 -5 -8 -6 -8 -5 -8 -5 -8 -4 -8 -4 -9 -3 -9 -4 -10 -4 -10 -4 -10 -4 -11 -3 -10 -4 -11 -3 -12 -4 -12 -3 -12 -3 -12 -3 0 0 0 0 0 0 0 0 0 0 ]
1826,1782799877.237831,9.3035,-67,CSI_DATA,AP,98:F4:AB:29:67:94,-67,11,1,4,1,1,1,0,0,0,0,-96,0,6,1,545007595,0,84,0,0,545.39,384,[84 -64 4 0 0 0 0 0 0 0 0 0 -1 -11 -1 -11 0 -11 0 -11 1 -11 2 -11 2 -11 3 -10 3 -11 4 -10 3 -10 3 -11 4 -10 4 -10 3 -8 4 -10 4 -10 4 -10 4 -8 4 -9 5 -8 4 -9 4 -8 4 -9 4 -9 3 -8 0 0 4 -8 3 -8 3 -9 3 -8 3 -8 3 -9 3 -9 3 -9 2 -9 2 -9 1 -9 1 -9 1 -9 1 -9 0 -10 0 -10 1 -11 -1 -11 0 -11 -1 -12 0 -11 -1 -12 -1 -12 -2 -12 -1 -13 -1 -13 0 0 0 0 0 0 0 0 0 0 ]
1827,1782799877.457128,8.5641,-67,CSI_DATA,AP,98:F4:AB:29:67:94,-67,11,1,4,1,1,1,0,0,0,0,-96,0,6,1,545095977,0,84,0,0,545.478,384,[84 -64 4 0 0 0 0 0 0 0 0 0 8 4 7 4 7 5 7 5 7 5 7 6 6 6 5 6 6 6 5 6 5 7 4 7 5 6 5 6 4 6 5 7 4 7 5 6 4 6 4 7 5 7 4 6 4 6 4 7 5 6 4 6 0 0 5 6 5 6 5 6 5 5 5 5 6 5 5 5 6 5 5 5 6 5 6 4 6 4 7 4 7 4 7 4 7 4 9 4 8 4 9 4 9 4 8 4 9 3 10 4 10 3 10 4 10 4 0 0 0 0 0 0 0 0 0 0 ]
1828,1782799877.713299,8.8274,-67,CSI_DATA,AP,98:F4:AB:29:67:94,-67,11,1,4,1,1,1,0,0,0,0,-96,0,6,1,545184266,0,84,0,0,545.567,384,[84 -64 4 0 0 0 0 0 0 0 0 0 -4 -9 -4 -9 -3 -10 -3 -10 -2 -10 -2 -10 -1 -10 -2 -10 -1 -11 -1 -10 -1 -10 0 -10 0 -10 0 -10 0 -9 0 -10 1 -10 0 -9 1 -10 1 -9 2 -10 1 -9 1 -9 0 -9 1 -9 0 -9 0 0 0 -9 0 -9 0 -8 -1 -9 0 -8 0 -9 0 -9 0 -9 -1 -9 -1 -9 -2 -9 -1 -9 -2 -9 -2 -9 -2 -9 -3 -10 -2 -10 -3 -10 -2 -10 -4 -10 -3 -11 -3 -11 -4 -11 -4 -11 -4 -11 -5 -11 0 0 0 0 0 0 0 0 0 0 ]
1829,1782799877.934605,9.0097,-65,CSI_DATA,AP,98:F4:AB:29:67:94,-65,11,1,2,1,1,1,0,0,0,0,-96,0,6,1,545277364,0,84,0,0,545.66,384,[84 -64 4 0 0 0 0 0 0 0 0 0 -3 -9 -2 -9 -2 -10 -2 -9 -1 -10 -1 -9 -1 -10 0 -10 0 -10 1 -10 1 -9 1 -9 1 -9 1 -10 1 -9 1 -10 1 -9 1 -9 2 -9 2 -8 2 -8 2 -9 2 -8 2 -9 2 -9 1 -9 0 0 1 -8 0 -9 1 -8 1 -9 1 -8 2 -9 1 -8 1 -9 0 -8 0 -9 -1 -8 0 -8 -1 -9 -1 -9 -1 -10 -2 -9 -1 -10 -2 -10 -1 -10 -2 -10 -2 -10 -2 -10 -2 -11 -3 -10 -3 -11 -3 -11 0 0 0 0 0 0 0 0 0 0 ]
1830,1782799878.171751,9.8541,-67,CSI_DATA,AP,98:F4:AB:29:67:94,-67,11,1,4,1,1,1,0,0,0,0,-96,0,6,1,545367035,0,84,0,0,545.75,384,[84 -64 4 0 0 0 0 0 0 0 0 0 -7 7 -7 7 -8 7 -8 6 -8 6 -9 6 -9 6 -9 5 -9 5 -10 4 -10 4 -10 3 -9 3 -10 4 -9 3 -10 4 -10 4 -10 3 -10 3 -9 3 -9 3 -9 3 -9 3 -9 3 -10 3 -9 4 0 0 -10 3 -10 4 -8 3 -9 4 -9 4 -9 4 -9 3 -9 4 -8 4 -9 5 -9 5 -9 5 -8 5 -8 6 -8 7 -7 7 -9 7 -8 8 -8 7 -8 8 -8 8 -8 8 -9 8 -8 9 -8 9 -8 9 0 0 0 0 0 0 0 0 0 0 ]
1831,1782799878.399718,8.5659,-67,CSI_DATA,AP,98:F4:AB:29:67:94,-67,11,1,4,1,1,1,0,0,0,0,-96,0,6,1,545452907,0,84,0,0,545.835,384,[84 -64 4 0 0 0 0 0 0 0 0 0 6 5 6 5 6 6 6 6 5 6 5 6 5 7 4 7 5 7 4 7 4 8 4 7 3 8 3 7 3 7 4 7 3 7 3 7 3 7 3 7 2 7 3 7 2 7 2 7 2 7 3 7 0 0 3 7 3 7 3 7 3 7 3 6 3 6 3 7 3 7 4 6 4 6 5 6 4 6 5 6 5 6 6 6 6 5 7 6 6 6 7 6 6 6 7 7 7 6 8 7 8 6 8 6 8 7 0 0 0 0 0 0 0 0 0 0 ]
1832,1782799878.619274,8.7678,-61,CSI_DATA,AP,98:F4:AB:29:67:94,-61,11,0,0,0,0,0,0,0,0,0,-96,0,6,1,545546700,0,84,0,0,545.929,128,[84 -64 4 0 0 0 0 0 0 0 0 0 -23 -9 -22 -10 -23 -12 -23 -12 -22 -14 -19 -15 -19 -16 -18 -17 -18 -18 -18 -16 -19 -17 -20 -16 -19 -18 -20 -17 -17 -17 -19 -20 -17 -19 -17 -16 -16 -18 -14 -19 -14 -18 -14 -20 -14 -17 -16 -18 -18 -18 -16 -19 0 0 -16 -17 -18 -18 -19 -18 -19 -16 -16 -15 -16 -17 -17 -18 -16 -16 -19 -14 -17 -15 -20 -15 -19 -12 -22 -12 -20 -14 -22 -15 -24 -16 -25 -14 -23 -13 -23 -16 -24 -14 -24 -16 -26 -15 -26 -13 -29 -12 -29 -10 -30 -12 0 0 0 0 0 0 0 0 0 0 ]
1833,1782799878.858887,8.1052,-67,CSI_DATA,AP,98:F4:AB:29:67:94,-67,11,1,4,1,1,1,0,0,0,0,-96,0,6,1,545635682,0,84,0,0,546.018,384,[84 -64 4 0 0 0 0 0 0 0 0 0 2 -8 3 -8 3 -9 4 -8 4 -9 4 -8 5 -8 4 -8 5 -7 6 -7 6 -7 6 -6 6 -7 6 -7 6 -6 6 -7 6 -6 6 -6 6 -6 6 -6 6 -6 6 -6 6 -6 6 -6 6 -5 6 -6 0 0 6 -6 6 -6 6 -6 5 -6 5 -6 5 -6 6 -6 5 -6 5 -7 5 -7 4 -7 5 -7 5 -7 4 -8 4 -8 4 -8 4 -9 4 -9 4 -9 4 -9 4 -9 4 -10 4 -10 4 -11 4 -10 4 -11 0 0 0 0 0 0 0 0 0 0 ]
1834,1782799879.082991,8.7596,-67,CSI_DATA,AP,98:F4:AB:29:67:94,-67,11,1,4,1,1,1,0,0,0,0,-96,0,6,1,545724072,0,84,0,0,546.107,384,[84 -64 4 0 0 0 0 0 0 0 0 0 7 6 6 7 7 6 6 6 7 7 5 7 5 8 4 8 5 8 4 9 4 9 3 8 4 9 4 9 4 8 4 9 3 8 4 9 3 8 3 9 3 8 2 9 3 9 3 8 3 9 3 8 0 0 4 8 4 8 4 8 4 8 3 7 4 8 4 8 5 8 4 7 5 8 5 7 5 7 5 7 6 7 6 7 7 7 8 7 7 7 7 7 8 7 7 7 8 7 9 8 9 7 8 7 9 7 0 0 0 0 0 0 0 0 0 0 ]
1835,1782799879.319700,9.2329,-61,CSI_DATA,AP,98:F4:AB:29:67:94,-61,11,0,0,0,0,0,0,0,0,0,-96,0,6,1,545816816,0,84,0,0,546.199,128,[84 -64 4 0 0 0 0 0 0 0 0 0 18 -11 18 -10 20 -11 20 -10 21 -9 19 -7 21 -7 21 -4 22 -5 21 -3 22 -4 22 -4 22 -2 22 -4 19 -3 24 -4 21 -3 21 -4 19 -1 21 0 20 0 22 -1 20 0 20 -1 21 -2 20 0 0 0 20 -2 22 -4 21 -4 21 -6 19 -3 20 -4 21 -4 20 -2 21 -6 20 -3 22 -6 19 -5 20 -8 21 -7 22 -8 23 -9 25 -11 21 -8 23 -7 23 -10 23 -8 24 -11 25 -11 25 -12 24 -13 24 -13 0 0 0 0 0 0 0 0 0 0 ]
1836,1782799879.566433,9.3641,-67,CSI_DATA,AP,98:F4:AB:29:67:94,-67,11,1,4,1,1,1,0,0,0,0,-96,0,6,1,545903171,0,84,0,0,546.286,384,[84 -64 4 0 0 0 0 0 0 0 0 0 -9 -2 -9 -2 -9 -3 -9 -2 -8 -4 -9 -4 -9 -4 -9 -5 -9 -6 -8 -5 -8 -5 -8 -6 -8 -5 -8 -6 -8 -5 -8 -6 -8 -6 -7 -6 -7 -6 -7 -6 -7 -6 -7 -6 -6 -6 -7 -6 -7 -6 -7 -6 0 0 -7 -5 -7 -5 -7 -6 -7 -6 -6 -5 -7 -5 -8 -5 -7 -6 -8 -5 -8 -5 -8 -4 -8 -4 -9 -4 -9 -4 -9 -4 -10 -4 -9 -3 -10 -4 -10 -4 -10 -4 -10 -5 -10 -4 -11 -4 -12 -3 -11 -3 -12 -3 0 0 0 0 0 0 0 0 0 0 ]
1837,1782799879.792269,9.6297,-66,CSI_DATA,AP,98:F4:AB:29:67:94,-66,11,1,4,1,1,1,0,0,0,0,-96,0,6,1,545996460,0,84,0,0,546.379,384,[84 -64 4 0 0 0 0 0 0 0 0 0 -2 9 -3 9 -4 9 -5 9 -4 9 -5 9 -6 9 -5 8 -6 9 -7 8 -7 8 -7 8 -7 7 -7 8 -7 7 -7 8 -7 8 -7 8 -7 7 -7 6 -7 7 -7 6 -6 7 -7 7 -7 7 -7 7 0 0 -6 8 -6 8 -6 7 -6 8 -7 7 -6 7 -6 8 -6 8 -5 8 -5 9 -5 9 -5 9 -4 9 -4 9 -4 10 -3 10 -4 11 -3 10 -4 11 -3 11 -3 12 -4 11 -4 12 -3 12 -3 12 -3 12 0 0 0 0 0 0 0 0 0 0 ]
1838,1782799880.036671,9.3234,-66,CSI_DATA,AP,98:F4:AB:29:67:94,-66,11,1,4,1,1,1,0,0,0,0,-96,0,6,1,546084504,0,84,0,0,546.467,384,[84 -64 4 0 0 0 0 0 0 0 0 0 7 5 7 5 8 5 7 6 7 7 6 7 6 8 6 8 6 8 5 8 5 9 5 9 5 8 5 8 4 8 5 9 4 8 4 9 4 8 4 9 4 9 4 9 3 9 3 9 3 8 3 8 0 0 3 8 5 9 4 8 5 8 4 8 4 8 5 8 4 8 5 8 6 9 5 8 5 8 6 8 5 8 7 8 7 8 8 8 7 8 8 9 8 8 8 8 8 9 8 9 9 9 9 9 9 9 0 0 0 0 0 0 0 0 0 0 ]
1839,1782799880.265763,9.5003,-65,CSI_DATA,AP,98:F4:AB:29:67:94,-65,11,1,2,1,1,1,0,0,0,0,-96,0,6,1,546185525,0,84,0,0,546.568,384,[84 -64 4 0 0 0 0 0 0 0 0 0 4 -8 4 -9 5 -9 5 -8 6 -8 6 -7 6 -7 7 -7 7 -7 7 -6 7 -6 7 -6 8 -6 7 -6 7 -5 7 -7 7 -6 7 -6 7 -5 8 -5 8 -5 8 -5 7 -5 7 -5 8 -5 7 -5 0 0 7 -6 7 -6 7 -6 7 -6 5 -8 7 -6 7 -6 7 -6 7 -6 7 -7 6 -7 6 -7 6 -7 6 -7 6 -9 6 -9 6 -9 6 -9 6 -9 6 -10 6 -9 6 -10 7 -10 7 -11 6 -11 6 -11 0 0 0 0 0 0 0 0 0 0 ]
1840,1782799880.510350,10.0011,-66,CSI_DATA,AP,98:F4:AB:29:67:94,-66,11,1,4,1,1,1,0,0,0,0,-96,0,6,1,546264074,0,84,0,0,546.647,384,[84 -64 4 0 0 0 0 0 0 0 0 0 -10 2 -10 2 -11 2 -11 1 -11 1 -10 0 -10 0 -11 -1 -11 -1 -11 -1 -11 -2 -10 -1 -11 -2 -11 -2 -11 -2 -11 -2 -10 -2 -10 -2 -10 -2 -10 -3 -11 -2 -10 -3 -10 -3 -10 -3 -10 -2 -11 -2 0 0 -10 -2 -11 -2 -10 -2 -10 -1 -11 -2 -10 -1 -11 -2 -11 -1 -10 -1 -11 -1 -11 0 -11 0 -11 1 -12 1 -11 0 -11 1 -12 1 -12 1 -12 1 -12 1 -13 2 -13 2 -14 2 -13 3 -13 3 -14 3 0 0 0 0 0 0 0 0 0 0 ]
1841,1782799880.740754,9.8074,-66,CSI_DATA,AP,98:F4:AB:29:67:94,-66,11,1,4,1,1,1,0,0,0,0,-96,0,6,1,546352793,0,84,0,0,546.735,384,[84 -64 4 0 0 0 0 0 0 0 0 0 -9 -4 -9 -4 -10 -4 -9 -4 -9 -4 -8 -5 -8 -6 -8 -6 -8 -6 -8 -6 -7 -7 -7 -7 -7 -7 -7 -8 -7 -7 -7 -8 -7 -7 -7 -7 -6 -7 -7 -7 -7 -8 -6 -8 -6 -8 -6 -7 -6 -8 -6 -7 0 0 -6 -7 -7 -7 -6 -7 -7 -7 -7 -7 -7 -7 -7 -7 -7 -7 -7 -7 -8 -7 -7 -6 -7 -6 -8 -6 -8 -6 -9 -6 -9 -6 -10 -6 -9 -6 -9 -6 -10 -6 -10 -6 -10 -6 -11 -6 -11 -6 -11 -6 -11 -6 0 0 0 0 0 0 0 0 0 0 ]
1842,1782799880.969430,8.9207,-66,CSI_DATA,AP,98:F4:AB:29:67:94,-66,11,1,4,1,1,1,0,0,0,0,-96,0,6,1,546443351,0,84,0,0,546.826,384,[84 -64 4 0 0 0 0 0 0 0 0 0 7 -4 7 -4 9 -4 8 -3 9 -3 8 -2 8 -2 8 -2 9 -2 10 -1 8 -1 9 -1 9 -1 9 0 9 -1 10 -1 9 0 9 0 8 0 9 0 9 0 9 0 8 0 9 0 8 0 8 0 0 0 8 0 9 -1 8 0 8 -1 8 -1 8 -1 8 -1 9 -1 9 -1 9 -1 9 -2 9 -2 9 -2 9 -3 9 -3 9 -3 10 -4 10 -4 10 -3 10 -4 10 -4 10 -4 11 -5 10 -6 11 -5 10 -5 0 0 0 0 0 0 0 0 0 0 ]
1843,1782799881.200657,9.2656,-66,CSI_DATA,AP,98:F4:AB:29:67:94,-66,11,1,4,1,1,1,0,0,0,0,-96,0,6,1,546537840,0,84,0,0,546.92,384,[84 -64 4 0 0 0 0 0 0 0 0 0 -5 -8 -5 -8 -6 -9 -6 -8 -5 -9 -4 -9 -4 -9 -3 -10 -3 -10 -2 -10 -2 -10 -2 -10 -2 -10 -2 -10 -2 -9 -2 -11 -2 -10 -2 -10 -1 -9 -2 -10 -1 -9 -2 -10 -1 -10 -1 -9 -1 -10 -1 -10 0 0 -2 -9 -2 -10 -2 -9 -3 -10 -2 -9 -2 -10 -2 -10 -3 -10 -3 -10 -4 -10 -4 -10 -3 -10 -4 -10 -4 -10 -5 -10 -5 -10 -5 -11 -5 -10 -5 -11 -6 -11 -5 -11 -6 -11 -6 -11 -7 -11 -6 -11 -6 -11 0 0 0 0 0 0 0 0 0 0 ]
1844,1782799881.435422,8.4095,-66,CSI_DATA,AP,98:F4:AB:29:67:94,-66,11,1,4,1,1,1,0,0,0,0,-96,0,6,1,546624446,0,84,0,0,547.007,384,[84 -64 4 0 0 0 0 0 0 0 0 0 9 -1 8 -1 9 0 9 0 10 0 8 1 9 2 9 2 9 2 8 2 9 3 8 3 9 3 8 3 8 3 9 3 8 3 8 3 8 3 8 3 8 4 8 4 8 4 8 4 7 3 8 3 0 0 8 3 9 3 8 3 9 2 8 3 9 3 9 3 8 2 9 2 9 2 8 2 9 2 10 1 10 1 10 1 10 1 11 1 10 1 11 1 11 1 11 0 11 0 12 0 12 0 12 0 12 0 0 0 0 0 0 0 0 0 0 0 ]
1845,1782799881.678518,8.6335,-66,CSI_DATA,AP,98:F4:AB:29:67:94,-66,11,1,4,1,1,1,0,0,0,0,-96,0,6,1,546713724,0,84,0,0,547.096,384,[84 -64 4 0 0 0 0 0 0 0 0 0 -9 2 -9 1 -10 2 -10 1 -10 1 -10 0 -10 0 -10 -1 -10 -1 -10 -2 -10 -1 -10 -2 -10 -2 -10 -1 -10 -2 -11 -2 -10 -2 -10 -2 -10 -2 -9 -3 -10 -3 -10 -3 -9 -2 -10 -2 -9 -2 -10 -2 0 0 -10 -1 -11 -1 -10 -2 -10 -1 -10 -1 -10 -1 -10 -1 -10 -1 -10 -1 -11 0 -10 -1 -10 0 -11 0 -11 0 -12 1 -11 1 -13 1 -11 1 -12 1 -12 2 -12 2 -13 2 -13 2 -13 2 -13 2 -13 3 0 0 0 0 0 0 0 0 0 0 ]
1846,1782799881.911801,9.9652,-66,CSI_DATA,AP,98:F4:AB:29:67:94,-66,11,1,4,1,1,1,0,0,0,0,-96,0,6,1,546802414,0,84,0,0,547.185,384,[84 -64 4 0 0 0 0 0 0 0 0 0 -10 3 -10 2 -12 2 -11 1 -11 1 -10 1 -11 0 -11 0 -12 0 -12 -2 -12 -2 -12 -1 -11 -2 -12 -2 -11 -1 -13 -1 -11 -1 -12 -1 -10 -2 -12 -2 -11 -3 -11 -2 -11 -3 -11 -3 -11 -2 -11 -2 0 0 -11 -1 -12 -2 -11 -1 -12 0 -11 -1 -12 -1 -12 -1 -12 -1 -12 0 -13 0 -12 1 -12 0 -12 1 -12 1 -13 2 -12 2 -14 2 -13 2 -14 3 -14 3 -14 3 -15 3 -16 3 -14 4 -15 4 -15 4 0 0 0 0 0 0 0 0 0 0 ]
1847,1782799882.145210,10.2472,-66,CSI_DATA,AP,98:F4:AB:29:67:94,-66,11,1,4,1,1,1,0,0,0,0,-96,0,6,1,546892500,0,84,0,0,547.275,384,[84 -64 4 0 0 0 0 0 0 0 0 0 0 -10 1 -10 2 -10 3 -10 3 -10 3 -10 4 -10 4 -9 4 -9 5 -9 4 -9 5 -9 5 -9 5 -9 5 -8 6 -9 5 -8 5 -9 6 -8 6 -8 6 -8 6 -8 6 -8 6 -8 6 -8 5 -8 0 0 6 -8 6 -9 5 -8 5 -9 6 -8 6 -9 6 -9 5 -9 5 -9 5 -10 4 -10 5 -10 4 -10 5 -10 4 -10 4 -11 5 -11 4 -11 5 -12 4 -12 5 -12 4 -12 5 -12 4 -13 4 -13 4 -13 0 0 0 0 0 0 0 0 0 0 ]
1848,1782799882.382382,9.8006,-66,CSI_DATA,AP,98:F4:AB:29:67:94,-66,11,1,4,1,1,1,0,0,0,0,-96,0,6,1,546983634,0,84,0,0,547.366,384,[84 -64 4 0 0 0 0 0 0 0 0 0 9 1 9 1 9 2 9 2 9 3 8 4 8 4 8 4 8 4 8 5 8 5 8 5 8 5 8 5 8 5 8 6 8 6 7 5 7 5 7 6 7 6 7 6 7 6 7 6 7 6 8 6 0 0 7 5 8 5 8 5 8 5 7 5 8 5 8 5 8 5 8 5 9 5 9 4 9 4 9 4 10 4 10 4 10 4 11 4 10 4 11 4 11 4 11 4 11 4 12 3 12 3 12 3 12 3 0 0 0 0 0 0 0 0 0 0 ]
1849,1782799882.603265,10.0899,-66,CSI_DATA,AP,98:F4:AB:29:67:94,-66,11,1,4,1,1,1,0,0,0,0,-96,0,6,1,547072418,0,84,0,0,547.455,384,[84 -64 4 0 0 0 0 0 0 0 0 0 8 1 8 2 9 2 8 2 9 4 8 4 8 4 7 4 9 5 8 6 8 5 7 5 7 6 7 6 7 6 7 6 7 5 7 6 7 6 7 6 7 6 7 6 6 6 6 7 7 7 7 6 0 0 6 5 8 5 7 5 8 5 7 5 8 5 8 6 8 5 8 5 9 5 8 5 8 5 9 5 9 4 10 5 10 4 11 5 10 4 11 4 11 4 11 4 11 4 12 4 12 4 12 4 12 4 0 0 0 0 0 0 0 0 0 0 ]
1850,1782799882.849853,9.7984,-66,CSI_DATA,AP,98:F4:AB:29:67:94,-66,11,1,4,1,1,1,0,0,0,0,-96,0,6,1,547162537,0,84,0,0,547.545,384,[84 -64 4 0 0 0 0 0 0 0 0 0 7 5 6 6 6 6 6 6 6 7 5 7 5 7 4 8 4 8 4 8 4 9 3 9 4 8 3 9 3 8 4 9 3 9 3 9 3 8 4 8 3 9 3 9 2 9 2 8 2 9 2 8 0 0 3 8 4 9 3 9 4 9 3 8 4 8 4 9 4 8 4 8 5 9 5 8 4 9 5 8 5 8 6 9 7 8 7 9 6 8 7 9 7 9 7 9 8 9 8 10 9 9 7 10 9 9 0 0 0 0 0 0 0 0 0 0 ]
1851,1782799883.067109,9.2510,-66,CSI_DATA,AP,98:F4:AB:29:67:94,-66,11,1,4,1,1,1,0,0,0,0,-96,0,6,1,547254116,0,84,0,0,547.637,384,[84 -64 4 0 0 0 0 0 0 0 0 0 7 -4 8 -4 8 -4 8 -4 8 -4 8 -2 9 -2 9 -1 10 -2 9 -1 9 -1 9 -1 10 0 9 -1 9 0 10 0 9 0 9 0 9 0 9 1 9 1 9 0 9 0 9 0 9 0 9 0 0 0 9 0 10 0 9 0 9 -1 9 0 10 0 9 0 10 0 10 -1 10 0 10 -1 10 -1 10 -2 11 -2 11 -2 11 -3 12 -2 11 -2 12 -2 11 -2 12 -2 12 -3 12 -3 13 -3 13 -3 13 -3 0 0 0 0 0 0 0 0 0 0 ]
1852,1782799883.325239,8.8631,-66,CSI_DATA,AP,98:F4:AB:29:67:94,-66,11,1,4,1,1,1,0,0,0,0,-96,0,6,1,547342828,0,84,0,0,547.725,384,[84 -64 4 0 0 0 0 0 0 0 0 0 8 -4 8 -2 9 -3 8 -2 9 -2 8 -1 8 -1 8 -1 8 0 9 0 9 0 10 0 9 1 9 0 9 1 9 1 9 1 9 1 8 2 8 2 9 2 9 2 8 2 9 1 9 2 9 1 0 0 9 1 9 1 9 1 9 1 9 1 9 1 9 1 9 1 9 1 10 0 9 -1 10 0 10 -1 10 -1 11 -1 10 -1 12 -1 11 -1 11 -1 11 -2 11 0 12 -2 13 -2 12 -2 12 -2 12 -3 0 0 0 0 0 0 0 0 0 0 ]
1853,1782799883.556085,9.0728,-66,CSI_DATA,AP,98:F4:AB:29:67:94,-66,11,1,4,1,1,1,0,0,0,0,-96,0,6,1,547435235,0,84,0,0,547.818,384,[84 -64 4 0 0 0 0 0 0 0 0 0 4 -9 4 -8 5 -8 5 -8 5 -7 5 -7 5 -7 6 -6 6 -7 8 -6 7 -6 7 -5 7 -5 7 -5 7 -5 8 -6 7 -6 7 -5 7 -5 8 -5 8 -5 8 -5 8 -5 8 -5 8 -5 7 -5 0 0 7 -6 8 -6 7 -6 7 -6 7 -5 8 -6 8 -6 8 -6 8 -6 8 -7 7 -7 7 -7 7 -7 8 -7 8 -9 7 -9 9 -9 8 -9 8 -8 8 -9 8 -9 8 -9 9 -10 10 -11 9 -10 8 -11 0 0 0 0 0 0 0 0 0 0 ]
1854,1782799883.798568,8.9439,-66,CSI_DATA,AP,98:F4:AB:29:67:94,-66,11,1,4,1,1,1,0,0,0,0,-96,0,6,1,547527597,0,84,0,0,547.91,384,[84 -64 4 0 0 0 0 0 0 0 0 0 -9 0 -9 -1 -10 -1 -9 -1 -10 -2 -8 -2 -9 -3 -9 -4 -9 -3 -9 -4 -9 -4 -9 -5 -9 -5 -9 -5 -9 -4 -9 -5 -8 -4 -9 -5 -8 -4 -8 -4 -8 -5 -8 -5 -8 -5 -8 -5 -8 -5 -9 -5 0 0 -8 -5 -9 -5 -9 -4 -9 -4 -9 -4 -9 -5 -9 -4 -9 -4 -9 -3 -10 -3 -10 -4 -10 -3 -10 -3 -11 -3 -11 -2 -11 -2 -13 -3 -11 -2 -11 -3 -12 -2 -12 -3 -13 -2 -13 -2 -14 -2 -13 -2 -14 -2 0 0 0 0 0 0 0 0 0 0 ]
1855,1782799884.021584,9.4075,-66,CSI_DATA,AP,98:F4:AB:29:67:94,-66,11,1,4,1,1,1,0,0,0,0,-96,0,6,1,547613540,0,84,0,0,547.996,384,[84 -64 4 0 0 0 0 0 0 0 0 0 -5 6 -6 5 -7 5 -7 6 -7 6 -7 4 -8 4 -8 4 -8 4 -9 4 -8 3 -8 4 -9 3 -9 3 -9 3 -9 4 -9 3 -9 3 -9 2 -9 3 -10 3 -9 3 -9 2 -9 3 -9 3 -8 3 0 0 -9 3 -9 3 -9 4 -9 4 -9 3 -9 3 -9 4 -9 3 -9 4 -9 4 -9 5 -9 5 -9 5 -9 6 -9 6 -9 6 -10 6 -9 6 -10 7 -9 7 -10 7 -10 7 -11 7 -10 9 -10 8 -10 8 0 0 0 0 0 0 0 0 0 0 ]
1856,1782799884.261903,10.1547,-66,CSI_DATA,AP,98:F4:AB:29:67:94,-66,11,1,4,1,1,1,0,0,0,0,-96,0,6,1,547702396,0,84,0,0,548.085,384,[84 -64 4 0 0 0 0 0 0 0 0 0 -9 2 -8 1 -10 2 -10 1 -9 0 -9 0 -9 -1 -9 -1 -9 -1 -10 -1 -9 -1 -9 -2 -10 -1 -10 -2 -9 -2 -10 -2 -9 -2 -9 -3 -9 -2 -9 -3 -9 -3 -9 -3 -9 -3 -9 -3 -10 -2 -9 -3 0 0 -9 -2 -9 -2 -10 -2 -10 -1 -10 -2 -10 -2 -10 -2 -10 -2 -9 -1 -10 -1 -10 0 -10 0 -10 0 -11 0 -11 0 -12 0 -12 0 -11 1 -12 0 -12 1 -12 1 -13 1 -13 2 -13 2 -13 1 -13 2 0 0 0 0 0 0 0 0 0 0 ]
1857,1782799884.496419,9.6097,-66,CSI_DATA,AP,98:F4:AB:29:67:94,-66,11,1,4,1,1,1,0,0,0,0,-96,0,6,1,547792880,0,84,0,0,548.175,384,[84 -64 4 0 0 0 0 0 0 0 0 0 -4 -9 -3 -8 -4 -8 -3 -8 -3 -9 -2 -9 -2 -9 -1 -9 -1 -10 -1 -9 0 -9 0 -9 0 -9 -1 -10 -1 -9 0 -10 0 -10 0 -9 0 -9 0 -10 0 -10 0 -10 0 -10 0 -9 0 -9 0 -9 0 0 0 -9 -1 -10 -1 -9 -1 -10 0 -9 -1 -10 -1 -10 -1 -10 -2 -10 -1 -10 -2 -10 -2 -10 -2 -10 -3 -9 -3 -11 -4 -10 -4 -12 -3 -11 -4 -12 -4 -12 -4 -12 -4 -12 -5 -13 -5 -13 -5 -13 -5 -13 0 0 0 0 0 0 0 0 0 0 ]
1858,1782799884.734658,9.8255,-66,CSI_DATA,AP,98:F4:AB:29:67:94,-66,11,1,4,1,1,1,0,0,0,0,-96,0,6,1,547885849,0,84,0,0,548.268,384,[84 -64 4 0 0 0 0 0 0 0 0 0 -9 -1 -8 -2 -10 -2 -9 -1 -10 -2 -8 -3 -8 -3 -8 -3 -9 -4 -9 -5 -8 -5 -8 -5 -8 -5 -8 -5 -8 -5 -9 -5 -8 -5 -9 -5 -8 -5 -8 -5 -8 -6 -8 -5 -8 -6 -8 -6 -8 -6 -8 -5 0 0 -8 -5 -9 -5 -8 -4 -9 -4 -8 -5 -9 -5 -9 -5 -9 -5 -8 -5 -9 -4 -9 -4 -9 -4 -10 -3 -9 -3 -11 -4 -11 -3 -12 -4 -11 -4 -11 -4 -12 -4 -12 -4 -12 -4 -13 -4 -13 -4 -13 -4 -13 -3 0 0 0 0 0 0 0 0 0 0 ]
1859,1782799884.995648,9.2032,-66,CSI_DATA,AP,98:F4:AB:29:67:94,-66,11,1,4,1,1,1,0,0,0,0,-96,0,6,1,547973789,0,84,0,0,548.356,384,[84 -64 4 0 0 0 0 0 0 0 0 0 5 -7 5 -6 6 -7 6 -6 7 -6 6 -5 7 -5 7 -4 7 -5 7 -4 8 -4 8 -4 8 -4 8 -5 8 -4 8 -4 7 -4 7 -4 8 -3 8 -4 8 -3 8 -3 8 -3 8 -4 8 -3 8 -4 0 0 8 -4 8 -5 8 -4 8 -4 8 -5 8 -4 8 -4 8 -4 8 -4 7 -5 8 -5 8 -5 8 -6 8 -7 8 -7 8 -7 8 -7 8 -7 9 -8 8 -8 9 -8 9 -9 9 -9 9 -9 9 -9 9 -9 0 0 0 0 0 0 0 0 0 0 ]
1860,1782799885.253592,9.1432,-66,CSI_DATA,AP,98:F4:AB:29:67:94,-66,11,1,4,1,1,1,0,0,0,0,-96,0,6,1,548065429,0,84,0,0,548.448,384,[84 -64 4 0 0 0 0 0 0 0 0 0 1 -9 2 -9 2 -9 2 -9 3 -9 2 -9 3 -9 4 -9 4 -9 4 -8 4 -8 4 -8 5 -8 4 -8 5 -7 5 -8 4 -8 4 -8 5 -7 5 -7 5 -7 6 -7 5 -7 5 -7 5 -8 5 -7 0 0 5 -8 4 -8 4 -8 4 -9 5 -7 5 -8 5 -8 5 -8 4 -8 4 -9 4 -9 4 -9 4 -10 3 -10 3 -10 2 -10 3 -11 3 -11 3 -11 3 -12 4 -12 3 -11 3 -12 2 -13 3 -12 3 -13 0 0 0 0 0 0 0 0 0 0 ]
1861,1782799885.505076,8.3761,-66,CSI_DATA,AP,98:F4:AB:29:67:94,-66,11,1,4,1,1,1,0,0,0,0,-96,0,6,1,548152047,0,84,0,0,548.534,384,[84 -64 4 0 0 0 0 0 0 0 0 0 5 7 4 7 5 7 4 7 4 8 3 8 3 8 2 8 2 9 2 8 2 9 2 8 2 8 2 8 2 8 1 9 1 8 1 9 1 8 1 9 0 8 1 9 0 8 0 8 1 8 1 8 0 0 1 8 2 9 2 9 2 8 1 8 2 8 2 9 2 8 2 8 3 8 3 8 3 8 4 8 4 8 4 8 5 8 5 9 5 8 5 9 5 9 6 10 6 10 6 10 6 9 6 10 6 10 0 0 0 0 0 0 0 0 0 0 ]
1862,1782799885.770363,8.0646,-66,CSI_DATA,AP,98:F4:AB:29:67:94,-66,11,1,4,1,1,1,0,0,0,0,-96,0,6,1,548242308,0,84,0,0,548.625,384,[84 -64 4 0 0 0 0 0 0 0 0 0 6 -7 6 -6 7 -7 6 -6 8 -6 7 -5 8 -5 8 -4 8 -5 8 -3 8 -3 8 -2 9 -3 8 -3 8 -3 9 -3 8 -3 8 -3 8 -2 8 -2 8 -2 8 -2 8 -2 8 -2 8 -2 8 -3 0 0 8 -3 8 -3 7 -3 8 -4 7 -2 8 -4 8 -3 8 -3 7 -4 8 -4 7 -5 8 -4 8 -5 7 -4 8 -7 7 -6 9 -7 8 -6 8 -7 8 -7 9 -7 8 -7 10 -8 10 -8 9 -8 9 -8 0 0 0 0 0 0 0 0 0 0 ]
1863,1782799886.017551,8.8747,-66,CSI_DATA,AP,98:F4:AB:29:67:94,-66,11,1,4,1,1,1,0,0,0,0,-96,0,6,1,548335767,0,84,0,0,548.718,384,[84 -64 4 0 0 0 0 0 0 0 0 0 -9 1 -9 0 -10 0 -10 0 -10 0 -10 -2 -10 -2 -10 -3 -10 -3 -10 -3 -10 -3 -9 -3 -10 -3 -10 -3 -9 -2 -10 -3 -9 -3 -9 -3 -9 -3 -9 -3 -9 -4 -9 -4 -9 -4 -9 -4 -9 -4 -9 -3 0 0 -9 -3 -9 -3 -9 -2 -9 -2 -9 -2 -10 -2 -9 -2 -9 -2 -9 -2 -10 -2 -10 -1 -10 -1 -10 0 -10 0 -10 0 -11 0 -12 0 -11 0 -11 0 -11 1 -12 0 -12 1 -12 1 -13 2 -12 1 -13 1 0 0 0 0 0 0 0 0 0 0 ]
1864,1782799886.250228,8.7628,-67,CSI_DATA,AP,98:F4:AB:29:67:94,-67,11,1,4,1,1,1,0,0,0,0,-96,0,6,1,548423435,0,84,0,0,548.806,384,[84 -64 4 0 0 0 0 0 0 0 0 0 8 3 8 3 8 3 7 4 8 4 7 5 7 6 7 5 7 6 6 6 7 6 6 7 6 6 5 6 5 6 6 7 5 7 6 7 5 6 5 7 5 7 5 7 5 7 4 6 5 7 5 7 0 0 4 6 6 7 5 6 5 6 5 6 6 6 6 6 5 5 6 6 6 6 6 6 6 6 7 6 7 5 7 5 7 5 8 5 8 5 9 6 9 5 9 5 9 5 10 6 10 6 10 5 10 5 0 0 0 0 0 0 0 0 0 0 ]
1865,1782799886.522866,9.5578,-65,CSI_DATA,AP,98:F4:AB:29:67:94,-65,11,1,2,1,1,1,0,0,0,0,-96,0,6,1,548514266,0,84,0,0,548.897,384,[84 -64 4 0 0 0 0 0 0 0 0 0 -8 6 -8 5 -9 5 -9 5 -10 5 -9 4 -9 4 -10 3 -10 3 -11 2 -10 2 -10 2 -10 1 -10 1 -10 1 -11 2 -10 1 -10 2 -10 1 -10 1 -10 1 -10 1 -9 0 -10 1 -10 0 -9 1 0 0 -9 1 -10 1 -9 2 -9 2 -9 1 -9 1 -9 2 -9 2 -9 3 -9 3 -9 3 -9 3 -10 4 -9 3 -9 4 -9 4 -11 5 -9 4 -10 5 -10 6 -11 5 -11 6 -11 6 -11 6 -11 6 -11 7 0 0 0 0 0 0 0 0 0 0 ]
1866,1782799886.805175,9.3103,-67,CSI_DATA,AP,98:F4:AB:29:67:94,-67,11,1,4,1,1,1,0,0,0,0,-96,0,6,1,548604506,0,84,0,0,548.987,384,[84 -64 4 0 0 0 0 0 0 0 0 0 1 9 0 8 0 10 -1 8 -1 10 -2 9 -2 9 -3 9 -2 9 -3 8 -3 9 -3 8 -3 8 -4 8 -3 7 -3 9 -4 9 -3 8 -4 8 -4 8 -4 8 -4 8 -4 8 -4 8 -5 7 -4 7 0 0 -4 7 -3 8 -3 8 -2 8 -3 7 -3 8 -3 8 -3 7 -2 8 -3 8 -2 8 -2 8 -2 9 -1 9 0 9 -1 9 0 10 -1 9 -1 10 -1 10 -1 10 0 10 0 11 1 12 0 11 1 11 0 0 0 0 0 0 0 0 0 0 ]
1867,1782799887.036129,8.9457,-66,CSI_DATA,AP,98:F4:AB:29:67:94,-66,11,1,4,1,1,1,0,0,0,0,-96,0,6,1,548693534,0,84,0,0,549.076,384,[84 -64 4 0 0 0 0 0 0 0 0 0 3 -9 4 -9 5 -9 5 -9 6 -9 5 -8 6 -7 7 -7 7 -7 7 -6 7 -7 7 -6 7 -6 6 -6 7 -6 7 -6 6 -5 7 -5 8 -6 7 -5 7 -5 7 -4 7 -5 7 -6 7 -5 7 -5 0 0 7 -6 6 -5 7 -6 7 -6 7 -5 7 -6 7 -5 7 -6 6 -5 6 -6 5 -7 5 -7 6 -7 6 -7 5 -8 5 -9 6 -8 5 -9 6 -9 6 -9 7 -9 7 -9 6 -10 6 -11 5 -10 6 -11 0 0 0 0 0 0 0 0 0 0 ]
1868,1782799887.262992,9.0230,-67,CSI_DATA,AP,98:F4:AB:29:67:94,-67,11,1,4,1,1,1,0,0,0,0,-96,0,6,1,548782530,0,84,0,0,549.165,384,[84 -64 4 0 0 0 0 0 0 0 0 0 -5 8 -5 7 -6 8 -6 8 -7 8 -6 7 -7 6 -7 6 -7 6 -9 6 -7 6 -8 5 -8 5 -8 5 -8 5 -9 5 -7 5 -8 5 -8 5 -8 4 -8 4 -8 4 -8 4 -8 4 -8 4 -7 4 0 0 -7 5 -8 5 -8 5 -7 6 -7 5 -7 5 -7 5 -7 5 -6 5 -7 6 -6 6 -6 6 -6 6 -6 7 -6 7 -6 7 -6 8 -6 7 -6 7 -5 8 -6 8 -7 9 -6 9 -6 10 -6 10 -6 10 0 0 0 0 0 0 0 0 0 0 ]
1869,1782799887.503546,8.6383,-67,CSI_DATA,AP,98:F4:AB:29:67:94,-67,11,1,4,1,1,1,0,0,0,0,-96,0,6,1,548872568,0,84,0,0,549.255,384,[84 -64 4 0 0 0 0 0 0 0 0 0 0 9 -1 9 -1 9 -2 9 -2 9 -3 9 -3 9 -3 9 -3 9 -5 8 -4 8 -4 8 -4 8 -4 7 -4 7 -5 8 -4 8 -4 8 -4 7 -5 7 -5 7 -5 7 -5 7 -5 7 -5 7 -4 7 0 0 -4 7 -5 8 -3 7 -4 8 -3 7 -4 7 -4 7 -3 8 -3 8 -3 8 -2 8 -2 8 -2 8 -1 8 -1 9 -1 9 -1 10 -1 9 0 9 -1 10 -1 10 -1 10 0 11 0 11 0 11 0 11 0 0 0 0 0 0 0 0 0 0 ]
1870,1782799887.745325,8.5456,-67,CSI_DATA,AP,98:F4:AB:29:67:94,-67,11,1,4,1,1,1,0,0,0,0,-96,0,6,1,548963585,0,84,0,0,549.346,384,[84 -64 4 0 0 0 0 0 0 0 0 0 8 -1 8 -1 9 -1 8 0 9 0 8 1 9 1 8 1 8 2 8 3 8 3 7 4 8 3 8 3 8 3 8 3 7 3 8 3 7 3 7 3 7 3 7 3 6 3 7 3 7 4 7 2 0 0 7 2 8 2 7 2 7 2 7 2 7 2 7 2 8 2 7 1 7 1 7 0 8 1 8 0 8 0 8 -1 8 -1 10 0 9 -1 9 -1 9 -2 9 -1 10 -2 10 -2 11 -2 10 -2 10 -2 0 0 0 0 0 0 0 0 0 0 ]
1871,1782799887.995139,8.3208,-67,CSI_DATA,AP,98:F4:AB:29:67:94,-67,11,1,4,1,1,1,0,0,0,0,-96,0,6,1,549052535,0,84,0,0,549.435,384,[84 -64 4 0 0 0 0 0 0 0 0 0 10 0 9 1 10 1 10 2 10 2 10 3 9 3 9 4 9 4 8 4 8 5 9 4 9 3 8 4 8 4 8 6 8 5 7 5 8 5 7 5 7 5 7 5 7 5 8 5 7 5 7 4 0 0 7 4 7 4 7 4 8 4 7 4 8 4 7 4 8 4 7 4 8 3 8 3 8 3 9 2 9 2 9 3 10 2 10 2 10 2 10 2 10 2 11 3 10 2 11 1 12 1 11 2 12 2 0 0 0 0 0 0 0 0 0 0 ]
1872,1782799888.232459,8.4212,-67,CSI_DATA,AP,98:F4:AB:29:67:94,-67,11,1,4,1,1,1,0,0,0,0,-96,0,6,1,549147645,0,84,0,0,549.53,384,[84 -64 4 0 0 0 0 0 0 0 0 0 9 -3 9 -2 9 -3 10 -2 10 -2 9 0 9 0 9 1 9 1 10 1 9 1 9 1 9 1 10 1 9 1 10 2 9 2 9 2 9 2 9 2 8 3 9 3 8 3 8 2 8 2 8 2 0 0 8 2 8 2 8 1 8 1 8 2 9 2 9 2 8 1 9 1 9 1 9 0 8 0 9 -1 9 -1 10 0 10 -1 11 -1 10 -1 11 -1 10 -1 11 -1 11 -1 12 -2 12 -3 12 -2 12 -3 0 0 0 0 0 0 0 0 0 0 ]
1873,1782799888.489610,8.6426,-67,CSI_DATA,AP,98:F4:AB:29:67:94,-67,11,1,4,1,1,1,0,0,0,0,-96,0,6,1,549232600,0,84,0,0,549.615,384,[84 -64 4 0 0 0 0 0 0 0 0 0 4 -8 4 -8 5 -8 5 -7 6 -8 6 -7 6 -7 6 -6 7 -6 7 -6 7 -6 7 -5 7 -5 7 -5 6 -6 8 -6 6 -6 6 -5 7 -5 7 -4 7 -4 7 -5 7 -4 7 -5 7 -5 6 -5 0 0 6 -5 7 -5 6 -5 6 -6 6 -5 6 -5 6 -5 6 -6 6 -6 5 -6 5 -6 5 -6 5 -7 5 -7 5 -7 4 -8 5 -8 5 -9 5 -8 5 -9 5 -9 5 -9 5 -10 5 -10 5 -10 5 -10 0 0 0 0 0 0 0 0 0 0 ]
1874,1782799888.717332,8.5498,-66,CSI_DATA,AP,98:F4:AB:29:67:94,-66,11,1,2,1,1,1,0,0,0,0,-96,0,6,1,549328729,0,84,0,0,549.711,384,[84 -64 4 0 0 0 0 0 0 0 0 0 0 -10 0 -9 0 -10 0 -9 0 -9 2 -9 2 -10 3 -9 3 -10 4 -9 3 -9 3 -10 3 -9 3 -9 3 -8 4 -9 3 -8 3 -9 4 -8 4 -9 4 -8 3 -9 4 -8 4 -8 3 -8 4 -8 0 0 3 -8 3 -9 3 -8 3 -8 2 -8 3 -8 3 -9 2 -8 2 -9 2 -9 1 -9 2 -8 1 -9 1 -9 0 -10 0 -9 1 -11 1 -11 1 -11 0 -11 0 -11 0 -11 0 -11 -1 -12 -1 -12 -1 -12 0 0 0 0 0 0 0 0 0 0 ]
1875,1782799889.001440,8.6865,-66,CSI_DATA,AP,98:F4:AB:29:67:94,-66,11,1,2,1,1,1,0,0,0,0,-96,0,6,1,549419984,0,84,0,0,549.803,384,[84 -64 4 0 0 0 0 0 0 0 0 0 4 8 2 8 3 8 2 9 3 8 1 8 1 9 -1 8 0 9 -1 9 0 9 -1 9 -1 9 -1 8 -1 8 0 9 -1 8 -1 8 -1 8 -1 9 -2 8 -1 9 -2 8 -1 8 -1 8 -2 8 0 0 0 8 -1 9 0 8 0 8 -1 8 -1 8 0 8 0 8 0 8 0 9 1 8 1 8 1 8 1 8 2 9 3 8 3 10 2 9 3 10 3 9 3 10 3 10 4 10 5 10 4 10 4 10 0 0 0 0 0 0 0 0 0 0 ]
1876,1782799889.237997,8.5127,-67,CSI_DATA,AP,98:F4:AB:29:67:94,-67,11,1,4,1,1,1,0,0,0,0,-96,0,6,1,549506887,0,84,0,0,549.889,384,[84 -64 4 0 0 0 0 0 0 0 0 0 1 -11 2 -9 3 -10 3 -10 4 -10 4 -9 4 -9 5 -8 5 -9 5 -9 5 -9 5 -8 5 -8 5 -8 7 -5 6 -9 6 -9 5 -8 6 -7 6 -7 6 -7 6 -7 6 -7 6 -8 6 -8 5 -8 0 0 5 -8 6 -8 5 -8 5 -9 6 -7 5 -8 5 -8 4 -8 4 -8 4 -9 4 -9 4 -9 4 -9 4 -9 3 -10 3 -10 4 -11 3 -10 3 -11 2 -11 4 -11 3 -12 2 -12 2 -13 2 -13 2 -13 0 0 0 0 0 0 0 0 0 0 ]
1877,1782799889.486614,8.9266,-67,CSI_DATA,AP,98:F4:AB:29:67:94,-67,11,1,4,1,1,1,0,0,0,0,-96,0,6,1,549595418,0,84,0,0,549.978,384,[84 -64 4 0 0 0 0 0 0 0 0 0 -1 10 -1 9 -2 9 -2 9 -3 9 -3 8 -3 9 -4 9 -4 10 -5 8 -5 8 -5 9 -5 8 -5 8 -4 8 -5 9 -5 9 -5 9 -5 7 -5 8 -6 7 -5 7 -5 7 -6 7 -6 7 -5 8 0 0 -5 8 -5 8 -4 8 -5 8 -4 8 -4 8 -4 8 -4 8 -3 8 -4 9 -3 9 -4 9 -3 9 -3 9 -2 9 -2 10 -2 11 -2 10 -2 11 -1 11 -1 11 -2 12 -2 12 -2 12 -2 12 -1 12 0 0 0 0 0 0 0 0 0 0 ]
1878,1782799889.724388,8.4032,-67,CSI_DATA,AP,98:F4:AB:29:67:94,-67,11,1,4,1,1,1,0,0,0,0,-96,0,6,1,549684548,0,84,0,0,550.067,384,[84 -64 4 0 0 0 0 0 0 0 0 0 0 8 -1 8 -2 8 -1 8 -2 8 -2 8 -3 9 -3 8 -3 8 -4 8 -4 8 -4 8 -4 7 -4 7 -3 7 -4 8 -3 8 -4 7 -4 7 -4 7 -5 7 -4 7 -5 7 -4 6 -5 6 -4 7 0 0 -4 7 -4 8 -4 7 -4 7 -3 7 -3 7 -3 7 -3 7 -3 8 -3 8 -3 8 -3 7 -2 8 -2 8 -2 9 -1 8 -2 9 -1 9 -1 10 -1 10 -1 9 -1 10 -1 10 -1 11 -1 10 0 11 0 0 0 0 0 0 0 0 0 0 ]
1879,1782799889.979900,7.9746,-67,CSI_DATA,AP,98:F4:AB:29:67:94,-67,11,1,4,1,1,1,0,0,0,0,-96,0,6,1,549775174,0,84,0,0,550.158,384,[84 -64 4 0 0 0 0 0 0 0 0 0 0 8 0 8 -1 8 -2 8 -2 8 -2 9 -3 8 -3 8 -3 8 -4 8 -3 8 -3 8 -4 7 -4 8 -4 7 -4 8 -4 7 -4 7 -5 6 -5 7 -5 7 -5 6 -5 6 -4 6 -5 6 -4 7 0 0 -5 7 -5 7 -4 8 -3 7 -4 7 -4 7 -4 7 -4 7 -4 7 -4 7 -3 8 -3 8 -3 8 -3 8 -3 8 -2 9 -3 9 -2 9 -2 9 -2 9 -3 10 -3 10 -2 10 -2 10 -2 11 -2 11 0 0 0 0 0 0 0 0 0 0 ]
1880,1782799890.245205,8.1633,-67,CSI_DATA,AP,98:F4:AB:29:67:94,-67,11,1,4,1,1,1,0,0,0,0,-96,0,6,1,549864581,0,84,0,0,550.247,384,[84 -64 4 0 0 0 0 0 0 0 0 0 -5 7 -6 6 -7 6 -7 6 -7 6 -6 5 -7 5 -7 5 -8 4 -8 4 -8 4 -8 4 -8 4 -8 4 -8 3 -8 4 -8 4 -8 4 -8 3 -8 3 -8 3 -8 3 -8 3 -8 3 -8 3 -7 3 0 0 -8 4 -8 4 -8 4 -8 5 -8 3 -7 3 -8 4 -7 4 -8 4 -7 5 -7 5 -7 5 -7 6 -7 6 -7 6 -6 6 -7 7 -7 6 -7 7 -7 7 -7 7 -7 8 -8 8 -7 9 -7 9 -7 9 0 0 0 0 0 0 0 0 0 0 ]
1881,1782799890.485590,9.2840,-67,CSI_DATA,AP,98:F4:AB:29:67:94,-67,11,1,4,1,1,1,0,0,0,0,-96,0,6,1,549953658,0,84,0,0,550.336,384,[84 -64 4 0 0 0 0 0 0 0 0 0 -4 -10 -3 -10 -3 -10 -3 -9 -2 -10 -2 -10 0 -11 0 -10 0 -11 1 -10 0 -11 3 -12 1 -10 0 -10 0 -9 1 -11 2 -9 1 -10 0 -9 1 -10 2 -9 2 -10 2 -10 2 -10 2 -10 2 -9 0 0 2 -10 1 -10 1 -10 0 -10 0 -9 1 -9 1 -10 1 -10 0 -10 0 -10 -1 -10 0 -10 -1 -10 -1 -10 -2 -11 -2 -10 -2 -12 -2 -12 -2 -12 -2 -12 -2 -13 -3 -12 -2 -14 -3 -13 -3 -13 -3 -13 0 0 0 0 0 0 0 0 0 0 ]
1882,1782799890.732431,9.3113,-66,CSI_DATA,AP,98:F4:AB:29:67:94,-66,11,1,2,1,1,1,0,0,0,0,-96,0,6,1,550045197,0,84,0,0,550.428,384,[84 -64 4 0 0 0 0 0 0 0 0 0 -5 7 -5 7 -6 7 -6 6 -6 7 -7 6 -8 6 -7 5 -7 6 -8 5 -8 5 -8 5 -8 4 -8 5 -7 4 -8 5 -8 5 -8 5 -8 4 -8 4 -8 4 -8 4 -8 4 -8 4 -8 4 -8 4 0 0 -8 4 -8 5 -7 5 -8 6 -7 4 -8 5 -8 5 -8 5 -7 5 -7 6 -7 6 -7 6 -6 7 -6 6 -6 8 -6 8 -7 8 -7 8 -7 8 -6 8 -7 9 -6 9 -7 10 -6 10 -7 9 -6 10 0 0 0 0 0 0 0 0 0 0 ]
1883,1782799890.967569,8.8780,-67,CSI_DATA,AP,98:F4:AB:29:67:94,-67,11,1,4,1,1,1,0,0,0,0,-96,0,6,1,550136762,0,84,0,0,550.519,384,[84 -64 4 0 0 0 0 0 0 0 0 0 3 8 2 8 1 8 0 8 1 8 1 8 0 8 -2 9 0 8 -2 8 -1 8 -2 8 -2 8 -2 8 -2 7 -1 8 -2 8 -2 8 -2 8 -2 8 -2 8 -2 7 -2 8 -2 8 -2 8 -2 8 0 0 -2 7 -1 8 -1 8 -1 8 -1 7 -2 8 -2 8 -1 8 -1 8 -1 8 0 8 -1 8 0 8 1 8 1 9 1 9 1 9 2 9 1 9 1 10 1 10 1 10 2 11 3 11 3 10 3 11 0 0 0 0 0 0 0 0 0 0 ]
1884,1782799891.199083,9.8162,-67,CSI_DATA,AP,98:F4:AB:29:67:94,-67,11,1,4,1,1,1,0,0,0,0,-96,0,6,1,550223573,0,84,0,0,550.606,384,[84 -64 4 0 0 0 0 0 0 0 0 0 -10 2 -9 0 -10 1 -10 0 -11 0 -9 0 -10 0 -10 -2 -11 -1 -11 -2 -10 -3 -11 -2 -10 -3 -11 -2 -10 -3 -10 -2 -9 -2 -11 -2 -10 -3 -10 -3 -10 -3 -10 -3 -9 -3 -9 -3 -10 -3 -10 -3 0 0 -10 -2 -11 -2 -9 -2 -10 -3 -10 -2 -10 -2 -10 -2 -10 -2 -10 -1 -10 -2 -10 -1 -11 -1 -10 -1 -11 0 -11 -1 -11 0 -13 0 -11 0 -12 0 -12 0 -12 1 -13 1 -13 1 -14 1 -13 1 -14 2 0 0 0 0 0 0 0 0 0 0 ]
1885,1782799891.446908,9.1374,-67,CSI_DATA,AP,98:F4:AB:29:67:94,-67,11,1,4,1,1,1,0,0,0,0,-96,0,6,1,550312599,0,84,0,0,550.695,384,[84 -64 4 0 0 0 0 0 0 0 0 0 6 -6 6 -6 7 -6 7 -5 7 -5 7 -5 7 -5 8 -4 8 -4 8 -3 8 -3 8 -3 8 -2 8 -3 8 -3 8 -3 8 -3 8 -3 8 -2 8 -2 8 -2 8 -2 8 -2 8 -2 8 -2 8 -2 0 0 7 -3 8 -3 8 -3 8 -3 8 -3 8 -3 8 -3 8 -3 7 -3 8 -4 7 -4 7 -4 7 -4 8 -5 7 -6 7 -6 8 -6 8 -6 8 -6 8 -6 8 -6 8 -7 9 -7 9 -8 9 -7 9 -8 0 0 0 0 0 0 0 0 0 0 ]
1886,1782799891.682536,9.6370,-67,CSI_DATA,AP,98:F4:AB:29:67:94,-67,11,1,4,1,1,1,0,0,0,0,-96,0,6,1,550402737,0,84,0,0,550.785,384,[84 -64 4 0 0 0 0 0 0 0 0 0 -9 -1 -9 -2 -10 -2 -9 -2 -9 -3 -9 -3 -8 -3 -9 -3 -9 -5 -9 -5 -9 -5 -8 -5 -9 -5 -9 -5 -9 -5 -9 -5 -8 -4 -8 -5 -8 -5 -8 -5 -8 -6 -7 -5 -8 -6 -8 -5 -8 -6 -7 -6 0 0 -8 -5 -8 -5 -8 -5 -8 -4 -7 -5 -8 -5 -8 -5 -8 -4 -8 -4 -9 -4 -9 -3 -8 -3 -9 -3 -9 -3 -10 -3 -10 -3 -11 -3 -10 -3 -10 -3 -11 -3 -10 -3 -11 -2 -12 -3 -12 -3 -12 -2 -12 -2 0 0 0 0 0 0 0 0 0 0 ]
1887,1782799891.936827,9.3181,-66,CSI_DATA,AP,98:F4:AB:29:67:94,-66,11,1,4,1,1,1,0,0,0,0,-96,0,6,1,550496585,0,84,0,0,550.879,384,[84 -64 4 0 0 0 0 0 0 0 0 0 5 -8 5 -8 6 -8 6 -7 6 -7 6 -7 7 -6 7 -6 8 -6 8 -5 8 -6 8 -6 8 -5 8 -5 7 -5 8 -5 8 -5 8 -5 8 -4 8 -5 8 -4 8 -5 8 -4 8 -4 8 -4 8 -4 0 0 7 -5 8 -5 8 -5 7 -5 7 -4 8 -5 7 -5 7 -5 7 -5 7 -6 6 -6 6 -6 7 -7 7 -7 7 -7 7 -8 7 -8 7 -7 7 -8 7 -8 7 -8 7 -9 7 -9 7 -10 7 -9 7 -10 0 0 0 0 0 0 0 0 0 0 ]
1888,1782799892.166784,9.3994,-66,CSI_DATA,AP,98:F4:AB:29:67:94,-66,11,1,4,1,1,1,0,0,0,0,-96,0,6,1,550584137,0,84,0,0,550.967,384,[84 -64 4 0 0 0 0 0 0 0 0 0 1 11 1 10 0 10 0 10 -1 10 -1 10 -2 11 -2 11 -2 10 -4 10 -3 10 -4 10 -4 9 -4 10 -3 8 -3 10 -4 10 -3 11 -3 9 -3 9 -4 9 -4 9 -4 9 -4 8 -4 9 -4 9 0 0 -3 9 -3 10 -3 9 -3 10 -4 8 -3 9 -3 9 -3 10 -2 9 -3 10 -1 10 -2 10 -2 10 -1 10 0 11 0 10 -1 12 0 10 0 11 0 12 -1 12 0 12 -1 13 0 13 0 13 1 13 0 0 0 0 0 0 0 0 0 0 ]
1889,1782799892.399489,10.0855,-66,CSI_DATA,AP,98:F4:AB:29:67:94,-66,11,1,4,1,1,1,0,0,0,0,-96,0,6,1,550672710,0,84,0,0,551.055,384,[84 -64 4 0 0 0 0 0 0 0 0 0 -11 -3 -10 -3 -11 -4 -11 -4 -11 -5 -10 -5 -10 -5 -10 -6 -9 -6 -10 -7 -9 -6 -9 -6 -9 -7 -9 -7 -9 -7 -9 -7 -9 -6 -9 -7 -8 -6 -9 -7 -8 -7 -9 -7 -8 -7 -9 -7 -8 -7 -8 -7 0 0 -9 -6 -10 -6 -9 -6 -10 -5 -9 -5 -9 -6 -9 -6 -9 -6 -9 -5 -10 -6 -11 -4 -10 -5 -10 -4 -11 -4 -11 -4 -11 -3 -12 -4 -11 -3 -13 -3 -12 -3 -13 -4 -13 -3 -14 -4 -14 -3 -14 -3 -14 -2 0 0 0 0 0 0 0 0 0 0 ]
1890,1782799892.645005,9.7446,-66,CSI_DATA,AP,98:F4:AB:29:67:94,-66,11,1,4,1,1,1,0,0,0,0,-96,0,6,1,550766860,0,84,0,0,551.149,384,[84 -64 4 0 0 0 0 0 0 0 0 0 4 9 4 8 4 10 4 9 3 10 2 10 3 11 1 10 1 11 0 11 1 11 0 10 0 10 0 10 1 9 1 11 0 10 0 10 0 9 0 9 -1 9 0 10 -1 10 -1 10 -1 9 0 9 0 0 0 9 0 10 1 10 1 10 0 9 0 9 1 9 1 9 2 9 1 10 2 10 1 9 2 9 2 9 4 10 4 9 4 11 4 9 4 10 5 11 4 10 5 11 5 12 5 11 5 11 6 11 0 0 0 0 0 0 0 0 0 0 ]
1891,1782799892.886384,10.5306,-66,CSI_DATA,AP,98:F4:AB:29:67:94,-66,11,1,4,1,1,1,0,0,0,0,-96,0,6,1,550857960,0,84,0,0,551.24,384,[84 -64 4 0 0 0 0 0 0 0 0 0 -5 9 -6 9 -6 9 -6 9 -7 9 -6 8 -7 8 -8 7 -8 7 -9 8 -9 7 -8 7 -8 6 -9 6 -9 6 -9 7 -9 6 -8 6 -9 5 -10 6 -10 5 -9 5 -8 5 -9 5 -9 6 -9 6 0 0 -8 5 -9 6 -9 6 -8 6 -9 6 -8 6 -8 6 -9 5 -8 6 -8 6 -8 6 -7 6 -8 7 -8 8 -8 8 -7 8 -8 8 -7 8 -8 9 -8 9 -8 9 -9 9 -8 10 -8 10 -9 10 -8 11 0 0 0 0 0 0 0 0 0 0 ]
1892,1782799893.120838,9.7963,-66,CSI_DATA,AP,98:F4:AB:29:67:94,-66,11,1,4,1,1,1,0,0,0,0,-96,0,6,1,550946670,0,84,0,0,551.329,384,[84 -64 4 0 0 0 0 0 0 0 0 0 -2 10 -2 10 -3 10 -4 10 -4 10 -4 9 -5 10 -5 9 -6 10 -7 9 -6 9 -6 9 -6 8 -6 8 -6 8 -7 8 -7 9 -6 8 -7 7 -6 8 -7 8 -7 7 -7 7 -7 7 -6 7 -6 7 0 0 -6 8 -7 8 -6 8 -5 8 -6 7 -6 8 -6 8 -6 8 -6 8 -5 8 -4 9 -4 9 -4 9 -4 9 -4 10 -4 10 -4 10 -3 10 -4 10 -3 11 -5 12 -4 12 -3 12 -3 12 -3 12 -3 12 0 0 0 0 0 0 0 0 0 0 ]
1893,1782799893.360105,9.2369,-67,CSI_DATA,AP,98:F4:AB:29:67:94,-67,11,1,4,1,1,1,0,0,0,0,-96,0,6,1,551036618,0,84,0,0,551.419,384,[84 -64 4 0 0 0 0 0 0 0 0 0 8 -5 8 -5 9 -4 8 -5 9 -4 8 -3 8 -2 9 -2 9 -2 10 -2 9 -1 9 -1 9 -1 9 -1 9 0 9 -1 8 -1 9 -1 9 -1 8 0 8 0 9 0 8 0 8 0 9 0 8 0 0 0 8 -1 8 -1 8 -1 8 -1 8 -1 7 -1 8 -1 8 -1 8 -1 8 -2 8 -2 8 -2 8 -2 8 -3 9 -3 8 -4 9 -4 9 -4 9 -4 9 -5 10 -4 10 -5 10 -4 10 -5 10 -5 10 -5 0 0 0 0 0 0 0 0 0 0 ]
1894,1782799893.602115,8.8357,-67,CSI_DATA,AP,98:F4:AB:29:67:94,-67,11,1,4,1,1,1,0,0,0,0,-96,0,6,1,551125032,0,84,0,0,551.507,384,[84 -64 4 0 0 0 0 0 0 0 0 0 10 4 8 4 11 4 9 4 10 5 8 5 8 6 8 6 7 6 7 7 7 8 7 8 7 7 6 7 6 7 7 8 6 7 6 7 5 7 6 7 6 7 5 7 5 8 5 8 5 7 5 7 0 0 6 7 7 7 7 6 7 6 5 6 6 6 6 7 6 6 7 6 7 6 7 5 7 6 7 6 8 5 9 6 9 5 10 5 8 5 9 6 9 6 9 6 10 5 10 6 11 6 11 6 12 6 0 0 0 0 0 0 0 0 0 0 ]
1895,1782799893.839271,7.9308,-67,CSI_DATA,AP,98:F4:AB:29:67:94,-67,11,1,4,1,1,1,0,0,0,0,-96,0,6,1,551212367,0,84,0,0,551.595,384,[84 -64 4 0 0 0 0 0 0 0 0 0 10 0 8 0 9 1 9 1 9 2 8 2 9 3 8 3 8 3 7 4 8 3 8 4 8 3 8 3 7 4 8 4 7 4 7 4 7 4 7 4 7 4 7 4 6 4 7 4 7 4 7 4 0 0 7 4 7 4 7 4 7 3 7 4 7 3 8 4 7 3 8 3 7 3 7 3 8 3 8 1 8 2 8 2 9 1 10 1 9 1 10 1 9 1 10 1 10 1 10 1 10 0 10 1 11 0 0 0 0 0 0 0 0 0 0 0 ]
1896,1782799894.087555,8.2675,-67,CSI_DATA,AP,98:F4:AB:29:67:94,-67,11,1,4,1,1,1,0,0,0,0,-96,0,6,1,551302045,0,84,0,0,551.685,384,[84 -64 4 0 0 0 0 0 0 0 0 0 9 6 8 6 8 6 7 6 8 7 7 7 6 7 6 7 6 8 6 8 6 8 5 8 4 8 5 8 5 8 5 9 4 9 4 8 3 8 5 8 4 9 4 8 3 8 4 8 4 8 4 8 0 0 5 8 5 8 4 8 5 7 4 7 5 8 5 8 5 7 5 7 5 7 5 7 5 7 7 7 7 7 7 7 7 7 8 7 7 7 8 8 8 7 8 8 9 8 9 8 10 7 9 7 10 7 0 0 0 0 0 0 0 0 0 0 ]
1897,1782799894.328464,9.1784,-67,CSI_DATA,AP,98:F4:AB:29:67:94,-67,11,1,4,1,1,1,0,0,0,0,-96,0,6,1,551395097,0,84,0,0,551.778,384,[84 -64 4 0 0 0 0 0 0 0 0 0 -8 -6 -8 -7 -9 -8 -9 -8 -8 -8 -7 -8 -7 -8 -6 -9 -7 -9 -6 -10 -5 -9 -5 -9 -6 -9 -6 -10 -5 -10 -5 -9 -5 -9 -6 -9 -5 -9 -5 -9 -5 -9 -5 -9 -4 -9 -4 -9 -5 -9 -5 -9 0 0 -5 -9 -6 -9 -5 -8 -6 -8 -5 -8 -6 -9 -6 -8 -6 -9 -6 -8 -6 -8 -7 -7 -7 -8 -7 -7 -8 -7 -9 -7 -9 -7 -9 -8 -9 -6 -9 -7 -10 -7 -10 -8 -11 -7 -11 -8 -12 -7 -11 -8 -11 -7 0 0 0 0 0 0 0 0 0 0 ]
1898,1782799894.568016,9.3248,-66,CSI_DATA,AP,98:F4:AB:29:67:94,-66,11,1,2,1,1,1,0,0,0,0,-96,0,6,1,551484048,0,84,0,0,551.867,384,[84 -64 4 0 0 0 0 0 0 0 0 0 -4 -9 -3 -9 -4 -10 -3 -9 -3 -11 -2 -10 -1 -10 -1 -10 -1 -10 0 -10 -1 -10 0 -10 0 -9 0 -10 0 -9 0 -11 0 -9 0 -10 0 -9 1 -10 1 -10 1 -9 1 -9 0 -10 0 -9 0 -9 0 0 0 -9 -1 -9 -1 -9 -1 -9 -1 -9 -1 -10 -1 -10 -1 -9 -1 -9 -2 -9 -3 -9 -3 -9 -3 -9 -3 -9 -5 -10 -5 -9 -5 -10 -4 -10 -4 -10 -5 -10 -4 -11 -5 -10 -6 -11 -6 -11 -6 -11 -6 -11 0 0 0 0 0 0 0 0 0 0 ]
1899,1782799894.797796,9.9985,-67,CSI_DATA,AP,98:F4:AB:29:67:94,-67,11,1,4,1,1,1,0,0,0,0,-96,0,6,1,551572401,0,84,0,0,551.955,384,[84 -64 4 0 0 0 0 0 0 0 0 0 -9 6 -9 5 -10 4 -10 4 -10 3 -10 3 -10 2 -11 2 -11 2 -11 1 -10 1 -10 2 -10 1 -10 1 -10 1 -11 1 -10 1 -10 1 -10 0 -10 0 -10 0 -10 0 -9 0 -9 1 -10 1 -10 1 0 0 -9 1 -10 1 -10 1 -9 2 -9 1 -10 1 -10 2 -9 1 -10 2 -9 3 -9 3 -10 3 -10 4 -10 3 -9 4 -10 5 -10 5 -10 5 -10 5 -10 5 -11 5 -11 5 -11 5 -11 7 -11 6 -11 7 0 0 0 0 0 0 0 0 0 0 ]
1900,1782799895.035986,9.7665,-67,CSI_DATA,AP,98:F4:AB:29:67:94,-67,11,1,4,1,1,1,0,0,0,0,-96,0,6,1,551663095,0,84,0,0,552.046,384,[84 -64 4 0 0 0 0 0 0 0 0 0 -9 -2 -9 -3 -9 -3 -9 -4 -9 -4 -8 -4 -8 -4 -8 -6 -8 -6 -8 -6 -7 -6 -7 -7 -7 -6 -7 -6 -7 -6 -7 -7 -7 -6 -8 -6 -6 -6 -7 -6 -7 -6 -6 -6 -6 -7 -6 -6 -6 -7 -7 -6 0 0 -6 -6 -7 -6 -6 -6 -8 -5 -6 -5 -7 -6 -7 -5 -7 -5 -7 -5 -7 -5 -8 -4 -7 -5 -7 -4 -7 -4 -8 -4 -9 -4 -10 -4 -9 -4 -9 -4 -10 -4 -9 -4 -11 -4 -11 -4 -11 -4 -11 -4 -11 -3 0 0 0 0 0 0 0 0 0 0 ]
1901,1782799895.267308,9.4282,-67,CSI_DATA,AP,98:F4:AB:29:67:94,-67,11,1,4,1,1,1,0,0,0,0,-96,0,6,1,551754555,0,84,0,0,552.137,384,[84 -64 4 0 0 0 0 0 0 0 0 0 9 4 8 5 9 6 8 5 8 6 7 6 7 7 6 7 7 7 6 8 6 8 6 8 6 8 6 8 5 7 6 7 5 7 5 7 5 7 6 7 4 7 5 7 5 7 5 7 5 7 5 7 0 0 5 6 6 7 6 7 6 6 5 7 6 7 6 6 6 6 7 6 7 6 6 5 7 5 7 5 8 5 9 4 8 4 9 5 9 4 9 5 9 4 10 4 10 4 11 5 11 5 11 4 11 4 0 0 0 0 0 0 0 0 0 0 ]
1902,1782799895.543339,8.3346,-67,CSI_DATA,AP,98:F4:AB:29:67:94,-67,11,1,4,1,1,1,0,0,0,0,-96,0,6,1,551846911,0,84,0,0,552.229,384,[84 -64 4 0 0 0 0 0 0 0 0 0 9 1 8 2 9 2 9 3 8 3 7 4 8 3 8 5 8 4 7 5 7 4 7 5 7 5 7 5 7 5 7 5 6 4 9 4 6 4 7 5 6 5 7 5 6 5 6 4 6 5 6 5 0 0 7 3 7 4 7 3 7 3 7 3 7 3 7 3 7 2 7 2 8 2 7 2 7 2 8 1 8 1 8 0 8 0 9 0 9 0 8 0 10 -1 9 0 10 -1 10 -1 10 -1 10 -1 10 -2 0 0 0 0 0 0 0 0 0 0 ]
1903,1782799895.766696,8.9859,-67,CSI_DATA,AP,98:F4:AB:29:67:94,-67,11,1,4,1,1,1,0,0,0,0,-96,0,6,1,551932821,0,84,0,0,552.315,384,[84 -64 4 0 0 0 0 0 0 0 0 0 -5 -10 -5 -10 -5 -11 -4 -10 -4 -10 -3 -11 -3 -11 -2 -11 -2 -11 -1 -11 -2 -11 -1 -12 -2 -10 -1 -11 -2 -9 -1 -11 -1 -11 -1 -11 -1 -10 0 -10 0 -11 0 -10 0 -10 0 -10 -1 -10 -1 -9 0 0 -1 -10 -1 -10 -1 -9 -2 -10 -1 -9 -1 -9 -2 -10 -2 -9 -3 -9 -3 -9 -4 -9 -3 -9 -4 -9 -4 -10 -5 -10 -5 -9 -5 -10 -7 -12 -5 -10 -6 -11 -6 -11 -6 -11 -7 -11 -7 -10 -7 -11 -8 -11 0 0 0 0 0 0 0 0 0 0 ]
1904,1782799896.022408,9.5800,-67,CSI_DATA,AP,98:F4:AB:29:67:94,-67,11,1,4,1,1,1,0,0,0,0,-96,0,6,1,552022325,0,84,0,0,552.405,384,[84 -64 4 0 0 0 0 0 0 0 0 0 6 -9 6 -8 7 -8 7 -8 7 -7 7 -7 9 -6 8 -7 9 -6 9 -6 9 -5 9 -5 9 -5 9 -5 8 -4 8 -5 8 -5 8 -4 8 -5 9 -4 9 -4 9 -4 8 -4 8 -4 9 -5 8 -5 0 0 8 -5 8 -5 8 -5 8 -5 7 -4 8 -5 8 -5 8 -5 7 -5 7 -6 7 -6 7 -6 7 -6 7 -7 7 -7 7 -8 7 -8 6 -8 7 -8 7 -9 7 -8 8 -9 7 -9 7 -10 7 -10 7 -11 0 0 0 0 0 0 0 0 0 0 ]
1905,1782799896.249469,9.8995,-67,CSI_DATA,AP,98:F4:AB:29:67:94,-67,11,1,4,1,1,1,0,0,0,0,-96,0,6,1,552117035,0,84,0,0,552.5,384,[84 -64 4 0 0 0 0 0 0 0 0 0 -9 6 -8 6 -10 6 -9 5 -10 5 -10 4 -10 4 -10 3 -11 3 -11 2 -11 3 -11 2 -10 2 -10 2 -10 2 -11 2 -10 2 -10 2 -9 1 -9 1 -10 0 -10 1 -10 1 -10 0 -10 1 -9 2 0 0 -9 2 -10 2 -9 1 -10 2 -9 1 -9 2 -10 2 -10 2 -9 2 -9 2 -10 3 -9 3 -9 3 -9 4 -9 4 -9 4 -10 5 -9 4 -10 5 -10 5 -11 5 -10 5 -11 6 -11 7 -10 6 -11 7 0 0 0 0 0 0 0 0 0 0 ]
