529,1782727876.005420,18.4483,-61,CSI_DATA,AP,98:F4:AB:29:67:94,-61,11,1,7,1,1,1,1,0,0,0,-96,1,6,1,288239996,0,84,0,0,288.623,384,[84 -64 4 0 0 0 0 0 0 0 0 0 -10 21 -11 21 -12 21 -12 20 -13 21 -13 19 -13 19 -14 18 -14 18 -15 18 -15 18 -16 17 -16 16 -15 16 -14 15 -15 17 -15 15 -14 15 -14 14 -14 14 -14 13 -14 14 -14 13 -13 13 -13 13 -13 14 0 0 -11 14 -11 14 -11 13 -11 14 -10 12 -10 13 -9 13 -9 13 -9 13 -8 14 -7 14 -7 13 -7 13 -6 13 -6 14 -5 14 -6 14 -4 14 -4 14 -4 14 -4 14 -3 14 -3 15 -2 14 -2 14 -2 14 0 0 0 0 0 0 0 0 0 0 ]
530,1782727876.241247,17.7904,-62,CSI_DATA,AP,98:F4:AB:29:67:94,-62,11,1,7,1,1,1,1,0,0,1,-96,1,6,1,288323420,0,84,0,0,288.706,384,[84 -64 4 0 0 0 0 0 0 0 0 0 1 23 0 23 -1 23 -1 23 -2 23 -3 22 -4 23 -5 22 -5 22 -5 22 -5 22 -6 22 -6 22 -5 21 -6 20 -6 21 -6 20 -7 19 -6 19 -6 19 -7 18 -6 18 -6 17 -5 17 -5 17 -4 18 0 0 -5 17 -4 18 -4 17 -3 17 -3 16 -3 16 -3 16 -2 15 -2 15 -1 15 0 16 0 15 0 15 1 15 1 15 1 15 2 15 2 14 2 14 3 14 3 14 3 14 4 14 5 13 4 13 5 13 0 0 0 0 0 0 0 0 0 0 ]
531,1782727876.477398,18.1063,-61,CSI_DATA,AP,98:F4:AB:29:67:94,-61,11,1,7,1,1,1,1,0,0,1,-96,1,6,1,288414052,0,84,0,0,288.797,384,[84 -64 4 0 0 0 0 0 0 0 0 0 -6 23 -7 22 -8 23 -9 22 -10 22 -9 21 -10 21 -11 20 -11 21 -12 19 -13 19 -13 20 -12 19 -13 19 -13 17 -13 19 -12 17 -12 17 -12 16 -11 16 -12 16 -11 16 -11 15 -11 15 -11 15 -10 15 0 0 -10 15 -9 17 -9 15 -9 16 -8 14 -7 14 -7 15 -7 14 -6 15 -6 15 -5 15 -5 14 -5 15 -4 14 -4 15 -4 14 -4 15 -3 15 -2 14 -2 15 -2 15 -1 14 0 15 0 14 0 14 1 14 0 0 0 0 0 0 0 0 0 0 ]
532,1782727876.707988,18.1845,-61,CSI_DATA,AP,98:F4:AB:29:67:94,-61,11,1,7,1,1,1,1,0,0,1,-96,1,6,1,288504847,0,84,0,0,288.888,384,[84 -64 4 0 0 0 0 0 0 0 0 0 9 -22 10 -21 11 -22 12 -21 12 -21 12 -20 13 -20 14 -19 14 -19 14 -18 14 -18 15 -18 15 -17 15 -17 14 -16 15 -17 13 -16 14 -16 14 -14 14 -15 14 -14 13 -15 13 -14 12 -14 12 -14 12 -15 0 0 11 -14 11 -15 10 -14 10 -15 9 -13 8 -14 9 -14 8 -14 8 -13 8 -15 6 -15 6 -14 6 -14 6 -14 5 -15 5 -15 5 -16 4 -14 4 -15 3 -15 4 -15 3 -14 2 -15 1 -15 2 -14 1 -15 0 0 0 0 0 0 0 0 0 0 ]
533,1782727876.935956,18.3477,-61,CSI_DATA,AP,98:F4:AB:29:67:94,-61,11,1,7,1,1,1,1,0,0,0,-96,1,6,1,288594740,0,84,0,0,288.977,384,[84 -64 4 0 0 0 0 0 0 0 0 0 13 -20 14 -19 15 -19 15 -19 16 -18 15 -17 16 -18 17 -16 17 -17 18 -16 18 -16 18 -15 17 -14 17 -15 17 -13 18 -15 17 -13 17 -13 15 -13 16 -12 16 -12 15 -12 14 -11 14 -12 14 -12 15 -13 0 0 14 -12 13 -12 13 -12 12 -13 12 -11 12 -12 11 -12 12 -12 11 -13 10 -13 9 -13 9 -12 8 -13 8 -13 8 -14 7 -14 8 -14 7 -14 7 -14 6 -14 6 -14 6 -14 5 -14 4 -14 4 -14 4 -15 0 0 0 0 0 0 0 0 0 0 ]
534,1782727877.164242,18.5601,-61,CSI_DATA,AP,98:F4:AB:29:67:94,-61,11,1,6,1,1,1,1,0,0,0,-96,1,6,1,288687700,0,84,0,0,289.07,384,[84 -64 4 0 0 0 0 0 0 0 0 0 8 -22 9 -21 10 -21 11 -21 11 -21 12 -20 13 -19 13 -19 13 -19 14 -18 14 -19 14 -18 14 -18 14 -18 14 -16 14 -18 13 -16 13 -15 13 -15 13 -14 13 -14 12 -15 12 -14 11 -14 12 -14 11 -14 0 0 11 -14 10 -14 10 -14 9 -15 9 -14 9 -14 9 -14 8 -13 8 -14 6 -15 6 -14 6 -13 6 -14 6 -14 5 -15 4 -15 4 -15 4 -15 4 -14 3 -15 3 -15 2 -14 2 -15 1 -15 1 -14 0 -14 0 0 0 0 0 0 0 0 0 0 ]
535,1782727877.419276,18.7054,-61,CSI_DATA,AP,98:F4:AB:29:67:94,-61,11,1,7,1,1,1,1,0,0,0,-96,1,6,1,288775952,0,84,0,0,289.159,384,[84 -64 4 0 0 0 0 0 0 0 0 0 -9 20 -9 19 -10 19 -11 18 -11 18 -11 17 -11 17 -12 16 -12 17 -12 16 -13 16 -13 16 -13 16 -13 15 -13 15 -13 15 -12 14 -12 14 -12 13 -12 13 -12 12 -11 12 -11 13 -11 12 -11 13 -10 13 0 0 -10 13 -9 13 -9 12 -9 13 -8 12 -8 12 -8 12 -7 12 -7 13 -6 13 -6 13 -6 13 -5 12 -4 13 -5 13 -4 13 -4 13 -3 13 -3 13 -2 13 -3 13 -2 13 -1 12 -1 13 0 12 -1 12 0 0 0 0 0 0 0 0 0 0 ]
536,1782727877.656815,18.6372,-61,CSI_DATA,AP,98:F4:AB:29:67:94,-61,11,1,7,1,1,1,1,0,0,0,-96,1,6,1,288865021,0,84,0,0,289.248,384,[84 -64 4 0 0 0 0 0 0 0 0 0 -20 -15 -19 -14 -20 -16 -19 -15 -18 -17 -17 -16 -18 -17 -16 -17 -16 -17 -15 -19 -15 -18 -15 -19 -14 -19 -14 -18 -13 -18 -15 -19 -13 -17 -14 -18 -12 -17 -12 -16 -12 -17 -12 -17 -12 -17 -11 -16 -11 -16 -11 -15 0 0 -12 -15 -13 -15 -12 -13 -13 -13 -10 -12 -11 -13 -12 -12 -12 -12 -13 -11 -13 -11 -13 -11 -12 -10 -13 -10 -12 -9 -14 -9 -13 -8 -14 -10 -13 -8 -13 -8 -14 -7 -14 -7 -14 -6 -15 -7 -14 -6 -14 -6 -14 -5 0 0 0 0 0 0 0 0 0 0 ]
537,1782727877.893427,18.2676,-61,CSI_DATA,AP,98:F4:AB:29:67:94,-61,11,1,7,1,1,1,1,0,0,0,-96,1,6,1,288956124,0,84,0,0,289.339,384,[84 -64 4 0 0 0 0 0 0 0 0 0 -2 -25 -1 -25 0 -25 0 -24 1 -25 1 -24 2 -24 3 -23 3 -24 5 -23 5 -24 6 -24 5 -23 6 -22 5 -21 5 -23 5 -21 6 -21 5 -20 5 -20 6 -19 5 -19 6 -18 5 -18 5 -19 4 -18 0 0 3 -18 3 -19 3 -18 3 -19 3 -17 2 -17 2 -17 1 -16 1 -16 0 -16 0 -16 0 -16 0 -16 0 -16 -2 -17 -2 -15 -2 -17 -2 -15 -3 -15 -4 -15 -2 -15 -4 -14 -4 -15 -5 -15 -4 -14 -5 -14 0 0 0 0 0 0 0 0 0 0 ]
538,1782727878.137625,18.8735,-61,CSI_DATA,AP,98:F4:AB:29:67:94,-61,11,1,7,1,1,1,1,0,0,0,-96,1,6,1,289045280,0,84,0,0,289.428,384,[84 -64 4 0 0 0 0 0 0 0 0 0 -16 18 -17 16 -18 16 -18 16 -18 15 -19 15 -19 14 -19 13 -20 12 -19 12 -20 13 -20 12 -20 11 -20 11 -19 11 -20 10 -19 11 -18 9 -18 9 -18 8 -18 8 -18 9 -17 9 -16 9 -17 9 -17 10 0 0 -16 10 -15 10 -15 9 -14 10 -14 9 -14 9 -14 9 -13 10 -13 10 -12 10 -12 11 -11 11 -11 11 -11 11 -11 11 -10 12 -9 11 -9 12 -10 13 -8 12 -9 12 -8 12 -7 13 -6 13 -6 13 -6 13 0 0 0 0 0 0 0 0 0 0 ]
539,1782727878.517406,18.7127,-61,CSI_DATA,AP,98:F4:AB:29:67:94,-61,11,1,7,1,1,1,1,0,0,1,-96,1,6,1,289136873,0,84,0,0,289.52,384,[84 -64 4 0 0 0 0 0 0 0 0 0 -2 -15 -1 -14 -1 -14 0 -14 -1 -14 0 -14 0 -14 1 -14 1 -14 1 -14 1 -14 2 -14 2 -13 2 -13 2 -12 2 -13 2 -12 2 -13 1 -11 2 -12 1 -11 2 -12 2 -11 1 -11 1 -11 1 -11 0 0 1 -11 0 -11 0 -11 0 -11 0 -10 0 -10 0 -10 -1 -10 -1 -10 -2 -10 -2 -10 -2 -9 -2 -9 -2 -9 -3 -9 -3 -9 -3 -9 -3 -9 -3 -8 -4 -8 -4 -9 -4 -8 -4 -8 -5 -8 -4 -8 -5 -7 0 0 0 0 0 0 0 0 0 0 ]
540,1782727878.837388,19.2189,-61,CSI_DATA,AP,98:F4:AB:29:67:94,-61,11,1,7,1,1,1,1,0,0,1,-96,1,6,1,289225764,0,84,0,0,289.608,384,[84 -64 4 0 0 0 0 0 0 0 0 0 -14 -20 -13 -21 -12 -22 -12 -21 -11 -23 -10 -22 -9 -22 -8 -22 -8 -22 -7 -22 -8 -22 -7 -22 -7 -22 -6 -22 -6 -21 -6 -22 -5 -21 -6 -20 -5 -20 -5 -21 -5 -20 -5 -20 -4 -19 -4 -18 -5 -19 -5 -18 0 0 -5 -18 -6 -18 -6 -17 -7 -16 -6 -16 -6 -17 -6 -16 -7 -15 -7 -16 -8 -15 -8 -14 -8 -14 -9 -14 -9 -14 -9 -14 -10 -13 -9 -13 -9 -12 -10 -12 -10 -12 -10 -12 -11 -11 -11 -11 -11 -11 -12 -10 -11 -10 0 0 0 0 0 0 0 0 0 0 ]
541,1782727879.079458,19.2258,-61,CSI_DATA,AP,98:F4:AB:29:67:94,-61,11,1,7,1,1,1,1,0,0,1,-96,1,6,1,289315153,0,84,0,0,289.698,384,[84 -64 4 0 0 0 0 0 0 0 0 0 -14 19 -15 18 -16 18 -16 17 -16 18 -17 16 -18 15 -18 15 -18 15 -18 14 -19 13 -19 14 -19 12 -18 13 -18 12 -19 13 -18 11 -17 11 -17 11 -17 11 -17 10 -16 11 -16 10 -16 10 -16 10 -16 11 0 0 -15 11 -14 11 -14 11 -14 11 -13 10 -13 11 -12 10 -12 10 -12 12 -11 12 -11 12 -10 12 -10 12 -10 12 -9 13 -9 12 -9 12 -8 13 -8 13 -8 13 -7 13 -7 13 -6 13 -6 13 -5 13 -5 13 0 0 0 0 0 0 0 0 0 0 ]
542,1782727879.312541,18.8062,-62,CSI_DATA,AP,98:F4:AB:29:67:94,-62,11,1,7,1,1,1,1,0,0,1,-96,1,6,1,289406408,0,84,0,0,289.789,384,[84 -64 4 0 0 0 0 0 0 0 0 0 -11 20 -13 20 -13 19 -14 19 -15 18 -15 18 -15 17 -16 16 -16 17 -16 16 -16 17 -17 17 -17 15 -16 15 -16 15 -16 16 -16 14 -16 14 -15 13 -15 13 -14 12 -15 13 -14 12 -14 13 -13 13 -13 13 0 0 -12 13 -12 14 -12 13 -11 13 -11 12 -10 13 -10 13 -9 13 -9 13 -8 13 -7 14 -7 13 -6 13 -6 14 -6 14 -6 14 -5 14 -5 14 -5 14 -4 14 -4 14 -3 15 -3 14 -2 15 -2 14 -1 14 0 0 0 0 0 0 0 0 0 0 ]
543,1782727879.546777,18.7836,-61,CSI_DATA,AP,98:F4:AB:29:67:94,-61,11,1,7,1,1,1,1,0,0,1,-96,1,6,1,289492921,0,84,0,0,289.876,384,[84 -64 4 0 0 0 0 0 0 0 0 0 15 -19 16 -18 17 -17 18 -17 17 -17 18 -15 18 -15 18 -15 19 -14 18 -14 19 -14 19 -13 19 -12 19 -12 18 -12 19 -12 18 -11 17 -11 17 -10 17 -10 17 -10 17 -10 16 -10 16 -10 16 -10 16 -11 0 0 15 -11 15 -11 14 -10 13 -11 13 -10 12 -11 12 -10 12 -11 12 -12 11 -12 10 -12 10 -11 10 -12 9 -12 10 -13 9 -13 9 -13 8 -13 8 -13 8 -13 7 -14 7 -14 6 -14 5 -14 5 -14 5 -14 0 0 0 0 0 0 0 0 0 0 ]
544,1782727879.781695,18.9704,-61,CSI_DATA,AP,98:F4:AB:29:67:94,-61,11,1,7,1,1,1,1,0,0,1,-96,1,6,1,289587213,0,84,0,0,289.97,384,[84 -64 4 0 0 0 0 0 0 0 0 0 -24 3 -24 2 -25 2 -24 1 -24 1 -23 0 -24 -1 -24 -2 -24 -2 -24 -2 -24 -3 -24 -3 -23 -3 -23 -4 -21 -3 -23 -3 -21 -3 -21 -4 -20 -4 -20 -3 -19 -4 -20 -3 -19 -4 -19 -3 -19 -3 -19 -2 0 0 -18 -2 -19 -1 -18 -1 -18 0 -17 -1 -17 -1 -17 0 -17 0 -16 1 -17 2 -17 3 -15 2 -16 2 -15 3 -16 4 -15 4 -16 4 -15 5 -15 5 -14 6 -15 5 -14 5 -14 6 -13 7 -13 7 -13 7 0 0 0 0 0 0 0 0 0 0 ]
545,1782727880.025697,19.0788,-61,CSI_DATA,AP,98:F4:AB:29:67:94,-61,11,1,7,1,1,1,1,0,0,1,-96,1,6,1,289673934,0,84,0,0,290.057,384,[84 -64 4 0 0 0 0 0 0 0 0 0 8 -23 8 -22 9 -23 10 -22 10 -22 11 -21 12 -21 12 -20 13 -20 13 -19 13 -20 13 -19 14 -19 14 -19 13 -17 14 -18 13 -16 13 -16 13 -16 13 -16 12 -14 12 -15 12 -14 12 -14 12 -15 11 -15 0 0 10 -15 11 -15 10 -15 10 -15 9 -14 9 -14 9 -14 8 -14 8 -14 7 -15 6 -14 6 -14 5 -15 6 -14 5 -15 5 -15 5 -15 4 -15 4 -15 4 -15 3 -15 2 -15 2 -15 1 -15 2 -15 1 -15 0 0 0 0 0 0 0 0 0 0 ]
546,1782727880.256826,18.9588,-61,CSI_DATA,AP,98:F4:AB:29:67:94,-61,11,1,7,1,1,1,1,0,0,1,-96,1,6,1,289766237,0,84,0,0,290.149,384,[84 -64 4 0 0 0 0 0 0 0 0 0 20 5 19 6 19 7 19 8 19 8 19 8 18 9 17 9 18 10 17 10 17 10 17 10 16 11 17 11 16 10 16 11 15 10 14 10 14 10 14 10 13 10 14 10 13 9 13 9 13 9 14 8 0 0 13 8 14 8 13 7 13 7 12 6 12 6 13 6 13 6 13 5 13 4 13 4 12 4 13 3 13 4 12 3 13 2 13 2 13 1 13 2 12 0 13 1 12 0 13 0 13 -1 12 -1 12 -1 0 0 0 0 0 0 0 0 0 0 ]
547,1782727880.483017,18.4172,-61,CSI_DATA,AP,98:F4:AB:29:67:94,-61,11,1,7,1,1,1,1,0,0,1,-96,1,6,1,289854955,0,84,0,0,290.238,384,[84 -64 4 0 0 0 0 0 0 0 0 0 23 6 22 7 22 8 21 9 22 9 21 10 21 10 20 10 20 11 20 11 20 11 20 11 19 11 19 12 18 11 18 12 17 12 17 12 16 11 16 11 15 11 15 11 16 10 15 10 15 10 15 9 0 0 15 9 16 9 15 9 15 7 14 7 15 7 14 6 14 6 15 5 15 4 15 4 14 4 15 4 15 3 14 3 14 2 15 2 14 1 14 1 14 0 14 0 14 0 14 0 14 -1 14 -2 14 -2 0 0 0 0 0 0 0 0 0 0 ]
548,1782727880.714469,17.0222,-61,CSI_DATA,AP,98:F4:AB:29:67:94,-61,11,1,7,1,1,1,1,0,0,1,-96,1,6,1,289943337,0,84,0,0,290.326,384,[84 -64 4 0 0 0 0 0 0 0 0 0 10 19 9 18 8 19 7 19 7 20 6 20 6 20 5 19 7 19 5 19 5 19 3 19 3 19 3 19 3 18 3 19 3 18 3 18 2 16 2 17 2 17 2 17 2 17 2 16 2 16 2 16 0 0 3 15 4 15 3 14 4 15 3 13 4 13 4 14 5 12 4 13 5 13 6 13 5 11 6 12 5 11 7 11 7 10 7 12 7 10 7 10 8 10 7 10 8 10 8 10 9 9 8 9 9 8 0 0 0 0 0 0 0 0 0 0 ]
549,1782727880.953232,16.6936,-61,CSI_DATA,AP,98:F4:AB:29:67:94,-61,11,1,7,1,1,1,1,0,0,1,-96,1,6,1,290037297,0,84,0,0,290.42,384,[84 -64 4 0 0 0 0 0 0 0 0 0 -22 4 -21 3 -22 3 -21 2 -22 1 -21 1 -22 0 -21 0 -21 -1 -21 -2 -21 -1 -21 -2 -21 -2 -20 -3 -19 -3 -20 -3 -19 -3 -20 -2 -18 -2 -18 -2 -17 -3 -18 -3 -17 -3 -17 -2 -17 -3 -17 -2 0 0 -16 -1 -17 -1 -16 -1 -16 -1 -15 -1 -15 -1 -15 0 -14 0 -15 1 -15 1 -15 2 -14 1 -14 2 -13 3 -14 3 -14 3 -14 3 -13 3 -13 4 -13 4 -12 5 -12 5 -13 5 -12 5 -12 5 -11 6 0 0 0 0 0 0 0 0 0 0 ]
550,1782727881.181720,17.8936,-62,CSI_DATA,AP,98:F4:AB:29:67:94,-62,11,1,7,1,1,1,1,0,0,1,-96,1,6,1,290124019,0,84,0,0,290.507,384,[84 -64 4 0 0 0 0 0 0 0 0 0 3 -24 4 -24 5 -24 7 -23 7 -24 8 -22 9 -22 9 -22 9 -22 9 -21 10 -21 9 -21 9 -21 10 -21 10 -19 11 -20 10 -19 10 -19 10 -18 10 -17 10 -16 10 -17 9 -17 8 -17 9 -17 8 -17 0 0 8 -16 7 -17 6 -17 6 -17 6 -15 6 -16 6 -15 5 -16 5 -16 4 -16 4 -16 3 -16 2 -16 3 -15 2 -16 2 -16 2 -16 1 -16 1 -16 0 -16 0 -15 0 -15 -1 -15 -2 -15 -2 -14 -2 -15 0 0 0 0 0 0 0 0 0 0 ]
551,1782727881.421355,18.7114,-61,CSI_DATA,AP,98:F4:AB:29:67:94,-61,11,1,7,1,1,1,1,0,0,1,-96,1,6,1,290213023,0,84,0,0,290.596,384,[84 -64 4 0 0 0 0 0 0 0 0 0 -12 -21 -11 -21 -11 -23 -10 -23 -10 -23 -8 -22 -8 -23 -7 -22 -6 -22 -5 -24 -6 -23 -5 -23 -4 -23 -4 -23 -4 -20 -5 -24 -4 -20 -4 -22 -3 -21 -4 -21 -3 -20 -3 -20 -3 -20 -3 -19 -4 -19 -4 -19 0 0 -5 -18 -6 -19 -5 -17 -6 -17 -5 -16 -6 -17 -6 -16 -6 -17 -7 -14 -5 -16 -7 -15 -7 -15 -8 -15 -8 -14 -8 -14 -9 -13 -9 -14 -9 -13 -10 -13 -9 -12 -9 -12 -10 -12 -10 -12 -11 -11 -11 -11 -10 -10 0 0 0 0 0 0 0 0 0 0 ]
552,1782727881.648166,18.5493,-62,CSI_DATA,AP,98:F4:AB:29:67:94,-62,11,1,7,1,1,1,1,0,0,1,-96,1,6,1,290304184,0,84,0,0,290.687,384,[84 -64 4 0 0 0 0 0 0 0 0 0 19 -15 19 -14 20 -15 19 -13 20 -13 19 -12 20 -12 20 -11 21 -11 21 -10 21 -9 21 -9 21 -8 21 -8 19 -7 21 -8 20 -7 19 -7 18 -7 19 -7 18 -6 18 -7 18 -6 17 -6 17 -6 17 -6 0 0 16 -7 16 -8 15 -7 16 -8 14 -6 14 -8 14 -7 14 -8 13 -9 14 -9 13 -8 12 -8 12 -8 12 -9 12 -10 11 -10 12 -10 11 -10 11 -11 10 -11 11 -11 9 -11 10 -11 9 -12 9 -12 8 -12 0 0 0 0 0 0 0 0 0 0 ]
553,1782727881.876684,19.4877,-61,CSI_DATA,AP,98:F4:AB:29:67:94,-61,11,1,7,1,1,1,1,0,0,1,-96,1,6,1,290396533,0,84,0,0,290.779,384,[84 -64 4 0 0 0 0 0 0 0 0 0 0 -25 1 -24 2 -25 2 -24 3 -25 3 -24 5 -23 5 -23 5 -23 6 -23 5 -24 6 -23 7 -22 6 -22 6 -21 7 -22 6 -21 6 -20 6 -20 6 -19 6 -19 6 -19 7 -18 6 -18 5 -19 5 -18 0 0 5 -18 3 -18 4 -17 4 -18 3 -17 3 -17 3 -17 2 -16 1 -16 1 -17 -1 -17 -1 -16 -1 -16 -1 -15 -1 -16 -2 -16 -2 -16 -2 -15 -3 -15 -3 -15 -3 -15 -4 -15 -4 -15 -5 -15 -5 -14 -6 -14 0 0 0 0 0 0 0 0 0 0 ]
554,1782727882.106153,19.6625,-61,CSI_DATA,AP,98:F4:AB:29:67:94,-61,11,1,7,1,1,1,1,0,0,1,-96,1,6,1,290483119,0,84,0,0,290.866,384,[84 -64 4 0 0 0 0 0 0 0 0 0 23 -1 23 0 24 1 23 2 23 3 22 3 23 3 21 4 22 4 21 5 21 5 22 6 21 6 21 6 20 6 21 6 19 6 20 6 18 6 18 6 18 6 18 6 17 6 17 5 18 6 17 4 0 0 17 4 17 4 16 3 17 2 16 4 16 3 16 2 15 1 15 1 16 0 15 0 15 1 15 0 15 -1 15 -1 15 -2 15 -2 15 -3 14 -3 14 -3 14 -4 14 -4 14 -4 14 -5 13 -5 13 -5 0 0 0 0 0 0 0 0 0 0 ]
555,1782727882.344852,19.7408,-61,CSI_DATA,AP,98:F4:AB:29:67:94,-61,11,1,7,1,1,1,1,0,0,1,-96,1,6,1,290573746,0,84,0,0,290.956,384,[84 -64 4 0 0 0 0 0 0 0 0 0 -22 12 -22 10 -22 10 -23 9 -22 8 -22 7 -23 8 -23 7 -23 7 -23 6 -23 5 -23 5 -23 5 -22 4 -22 4 -23 4 -21 4 -21 3 -21 3 -19 3 -20 3 -20 4 -19 3 -18 2 -19 3 -19 4 0 0 -18 4 -19 5 -18 5 -17 5 -16 4 -16 5 -16 5 -15 6 -16 6 -15 7 -15 7 -14 7 -14 7 -14 8 -14 9 -13 8 -13 9 -13 9 -13 9 -12 10 -12 10 -12 10 -11 10 -10 10 -10 10 -10 11 0 0 0 0 0 0 0 0 0 0 ]
556,1782727882.587065,19.5618,-61,CSI_DATA,AP,98:F4:AB:29:67:94,-61,11,1,7,1,1,1,1,0,0,1,-96,1,6,1,290663305,0,84,0,0,291.046,384,[84 -64 4 0 0 0 0 0 0 0 0 0 -13 -19 -12 -17 -12 -19 -11 -19 -11 -19 -9 -18 -9 -19 -8 -19 -8 -20 -7 -20 -8 -20 -7 -20 -6 -20 -6 -20 -6 -19 -7 -20 -6 -18 -6 -19 -6 -18 -6 -17 -5 -17 -5 -17 -5 -17 -5 -16 -6 -16 -6 -16 0 0 -6 -15 -7 -16 -7 -15 -7 -14 -6 -13 -7 -14 -7 -14 -7 -13 -8 -13 -8 -13 -9 -12 -8 -12 -9 -11 -9 -11 -10 -11 -10 -10 -9 -11 -10 -10 -10 -10 -10 -9 -11 -9 -10 -9 -11 -9 -11 -8 -11 -8 -11 -7 0 0 0 0 0 0 0 0 0 0 ]
557,1782727882.822769,17.7813,-61,CSI_DATA,AP,98:F4:AB:29:67:94,-61,11,1,7,1,1,1,1,0,0,1,-96,1,6,1,290754982,0,84,0,0,291.138,384,[84 -64 4 0 0 0 0 0 0 0 0 0 0 21 0 21 -1 21 -2 21 -2 21 -3 20 -4 20 -4 19 -5 20 -5 20 -5 20 -5 20 -6 20 -5 19 -5 18 -6 19 -5 19 -6 17 -4 15 -6 16 -6 16 -6 16 -5 15 -5 16 -5 16 -4 16 0 0 -4 16 -3 15 -3 15 -3 15 -4 14 -3 14 -2 14 -2 14 -2 14 -1 14 0 14 0 13 0 14 0 13 1 13 1 13 2 13 2 12 2 13 2 12 2 12 3 12 3 12 4 12 4 12 5 11 0 0 0 0 0 0 0 0 0 0 ]
558,1782727883.049232,16.4127,-61,CSI_DATA,AP,98:F4:AB:29:67:94,-61,11,1,7,1,1,1,1,0,0,0,-96,1,6,1,290851410,0,84,0,0,291.234,384,[84 -64 4 0 0 0 0 0 0 0 0 0 3 -22 4 -21 4 -21 5 -21 5 -21 6 -20 7 -20 7 -19 8 -20 8 -19 9 -20 9 -19 8 -19 9 -18 9 -17 9 -18 8 -16 8 -17 8 -16 9 -16 9 -16 8 -16 8 -15 8 -15 7 -15 8 -16 0 0 7 -15 6 -16 6 -15 6 -15 6 -14 5 -15 5 -14 4 -14 4 -14 4 -14 3 -14 3 -14 2 -14 2 -13 1 -14 1 -14 1 -14 1 -14 1 -14 0 -14 0 -14 -1 -14 -1 -13 -2 -14 -1 -13 -2 -13 0 0 0 0 0 0 0 0 0 0 ]
559,1782727883.309859,17.5466,-61,CSI_DATA,AP,98:F4:AB:29:67:94,-61,11,1,7,1,1,1,1,0,0,1,-96,1,6,1,290934945,0,84,0,0,291.318,384,[84 -64 4 0 0 0 0 0 0 0 0 0 -4 23 -5 23 -5 23 -7 23 -7 22 -8 22 -7 22 -8 21 -9 22 -9 20 -9 21 -10 20 -10 20 -10 19 -10 20 -10 20 -10 19 -10 18 -10 18 -9 17 -9 17 -9 17 -9 16 -9 16 -9 17 -8 17 0 0 -7 17 -7 17 -6 16 -6 16 -6 15 -6 15 -6 15 -5 15 -4 15 -4 15 -3 15 -3 15 -3 15 -2 15 -2 15 -1 15 -1 15 -1 15 0 15 1 14 0 14 1 14 2 14 2 14 2 14 3 13 0 0 0 0 0 0 0 0 0 0 ]
560,1782727883.678195,18.1790,-61,CSI_DATA,AP,98:F4:AB:29:67:94,-61,11,1,7,1,1,1,1,0,0,1,-96,1,6,1,291023297,0,84,0,0,291.406,384,[84 -64 4 0 0 0 0 0 0 0 0 0 -14 20 -13 18 -15 19 -15 18 -16 18 -16 16 -17 17 -17 16 -17 16 -17 15 -18 15 -18 14 -18 14 -18 13 -17 13 -18 14 -16 13 -17 13 -16 11 -17 12 -16 12 -15 12 -16 11 -15 11 -15 11 -15 11 0 0 -14 11 -14 13 -13 11 -13 12 -12 11 -11 12 -11 12 -11 12 -11 12 -10 13 -10 13 -9 12 -9 12 -8 12 -8 13 -8 12 -8 13 -7 13 -7 13 -6 13 -6 13 -5 13 -6 14 -5 14 -4 13 -4 13 0 0 0 0 0 0 0 0 0 0 ]
561,1782727884.011581,18.5893,-61,CSI_DATA,AP,98:F4:AB:29:67:94,-61,11,1,7,1,1,1,1,0,0,0,-96,1,6,1,291113155,0,84,0,0,291.496,384,[84 -64 4 0 0 0 0 0 0 0 0 0 -19 15 -18 15 -20 14 -20 13 -20 12 -20 12 -20 12 -21 11 -21 11 -21 10 -22 11 -21 10 -21 10 -20 9 -20 8 -21 9 -20 8 -20 8 -19 8 -19 7 -19 7 -18 7 -18 7 -17 7 -17 8 -18 8 0 0 -16 8 -17 8 -15 9 -15 9 -14 8 -15 8 -14 8 -14 9 -13 9 -13 11 -12 11 -11 10 -11 10 -11 10 -11 11 -11 11 -11 11 -10 12 -10 12 -10 12 -9 12 -8 13 -8 12 -7 13 -7 13 -7 12 0 0 0 0 0 0 0 0 0 0 ]
562,1782727884.233977,18.5737,-62,CSI_DATA,AP,98:F4:AB:29:67:94,-62,11,1,7,1,1,1,1,0,0,0,-96,1,6,1,291203718,0,84,0,0,291.586,384,[84 -64 4 0 0 0 0 0 0 0 0 0 18 -16 18 -14 19 -14 20 -14 19 -13 19 -12 20 -12 20 -11 20 -11 19 -10 20 -10 20 -10 20 -9 21 -9 20 -9 20 -9 19 -8 19 -8 19 -8 18 -8 17 -8 18 -8 17 -8 17 -8 17 -7 16 -8 0 0 16 -9 15 -8 15 -9 15 -9 14 -8 14 -9 14 -9 12 -10 13 -10 12 -10 12 -11 11 -11 10 -11 11 -12 10 -12 10 -12 10 -12 10 -12 9 -12 8 -13 8 -12 7 -12 8 -13 7 -13 6 -13 6 -13 0 0 0 0 0 0 0 0 0 0 ]
563,1782727884.483291,19.9095,-61,CSI_DATA,AP,98:F4:AB:29:67:94,-61,11,1,7,1,1,1,1,0,0,0,-96,1,6,1,291293361,0,84,0,0,291.676,384,[84 -64 4 0 0 0 0 0 0 0 0 0 -18 16 -19 14 -20 14 -20 14 -20 13 -19 12 -20 13 -20 11 -21 12 -21 10 -22 10 -21 10 -21 9 -21 9 -20 9 -20 9 -20 9 -19 8 -19 8 -18 9 -18 8 -19 8 -18 7 -18 7 -19 7 -18 8 0 0 -16 9 -15 10 -15 9 -15 9 -14 9 -14 9 -14 10 -13 10 -13 11 -13 11 -12 10 -11 10 -11 10 -11 11 -10 12 -10 12 -10 12 -10 12 -8 12 -8 13 -8 12 -7 13 -7 13 -7 13 -7 13 -6 13 0 0 0 0 0 0 0 0 0 0 ]
564,1782727884.727294,19.4828,-61,CSI_DATA,AP,98:F4:AB:29:67:94,-61,11,1,7,1,1,1,1,0,0,0,-96,1,6,1,291385308,0,84,0,0,291.768,384,[84 -64 4 0 0 0 0 0 0 0 0 0 2 24 1 23 0 23 0 24 0 23 0 24 -1 23 -1 22 -3 25 -3 21 -3 22 -4 22 -4 22 -5 22 -4 20 -5 21 -3 20 -4 20 -4 19 -4 20 -4 19 -4 19 -5 18 -4 18 -4 18 -3 18 0 0 -2 17 -1 18 -1 17 -1 17 -1 16 0 16 0 16 1 16 1 15 1 16 1 15 1 15 2 15 3 14 3 14 4 13 4 14 4 14 4 13 6 13 4 13 6 13 6 14 6 13 6 12 7 11 0 0 0 0 0 0 0 0 0 0 ]
565,1782727884.957010,19.6865,-62,CSI_DATA,AP,98:F4:AB:29:67:94,-62,11,1,7,1,1,1,1,0,0,1,-96,1,6,1,291475582,0,84,0,0,291.858,384,[84 -64 4 0 0 0 0 0 0 0 0 0 -21 13 -21 12 -22 10 -22 11 -22 10 -22 9 -23 9 -22 8 -23 8 -23 7 -23 6 -22 6 -22 5 -22 5 -21 5 -23 5 -21 5 -21 4 -20 4 -20 3 -20 3 -19 4 -18 4 -19 4 -19 4 -18 5 0 0 -18 4 -17 5 -17 6 -16 6 -16 5 -17 5 -16 5 -15 6 -15 7 -14 7 -14 8 -14 7 -14 8 -14 8 -13 8 -13 9 -13 8 -12 10 -12 9 -11 9 -12 10 -11 9 -11 10 -10 10 -10 10 -9 11 0 0 0 0 0 0 0 0 0 0 ]
566,1782727885.181601,19.4601,-61,CSI_DATA,AP,98:F4:AB:29:67:94,-61,11,1,7,1,1,1,1,0,0,1,-96,1,6,1,291564412,0,84,0,0,291.947,384,[84 -64 4 0 0 0 0 0 0 0 0 0 -13 20 -15 19 -15 18 -16 18 -16 18 -16 17 -17 16 -18 16 -18 16 -17 15 -17 16 -17 15 -17 15 -17 14 -17 13 -18 14 -18 13 -17 12 -17 12 -17 11 -16 11 -16 11 -15 10 -15 11 -15 12 -15 12 0 0 -14 12 -14 12 -14 12 -13 11 -13 11 -12 11 -12 11 -12 11 -11 12 -11 12 -9 13 -10 12 -9 12 -9 13 -8 12 -9 13 -8 13 -7 13 -8 13 -7 13 -7 13 -6 13 -6 13 -4 14 -5 13 -4 13 0 0 0 0 0 0 0 0 0 0 ]
567,1782727885.405161,19.0203,-61,CSI_DATA,AP,98:F4:AB:29:67:94,-61,11,1,7,1,1,1,1,0,0,1,-96,1,6,1,291660790,0,84,0,0,292.044,384,[84 -64 4 0 0 0 0 0 0 0 0 0 -24 4 -24 3 -24 3 -25 1 -24 2 -24 0 -24 0 -23 0 -24 -1 -23 -1 -24 -1 -23 -2 -23 -3 -23 -3 -22 -3 -23 -3 -22 -3 -21 -3 -21 -3 -20 -4 -20 -3 -20 -4 -19 -3 -19 -3 -19 -3 -19 -2 0 0 -18 -2 -18 -1 -18 -1 -18 0 -17 -1 -17 0 -17 -1 -17 0 -16 1 -16 2 -16 2 -16 2 -15 2 -16 2 -15 4 -15 4 -15 3 -15 4 -15 5 -15 5 -14 5 -14 5 -14 5 -13 7 -13 7 -13 7 0 0 0 0 0 0 0 0 0 0 ]
568,1782727885.630370,18.9442,-62,CSI_DATA,AP,98:F4:AB:29:67:94,-62,11,1,7,1,1,1,1,0,0,1,-96,1,6,1,291743019,0,84,0,0,292.126,384,[84 -64 4 0 0 0 0 0 0 0 0 0 -22 -10 -21 -11 -22 -12 -21 -13 -21 -14 -19 -14 -20 -14 -18 -15 -19 -15 -18 -15 -18 -15 -18 -15 -17 -16 -17 -15 -16 -15 -17 -15 -17 -14 -16 -15 -15 -15 -15 -14 -14 -15 -14 -14 -14 -13 -14 -13 -14 -13 -15 -13 0 0 -15 -12 -14 -11 -15 -11 -15 -10 -13 -11 -14 -10 -13 -9 -14 -9 -14 -8 -14 -8 -15 -7 -14 -7 -15 -7 -14 -6 -15 -5 -15 -5 -15 -6 -15 -4 -15 -5 -15 -4 -15 -4 -15 -3 -15 -3 -15 -2 -15 -1 -15 -1 0 0 0 0 0 0 0 0 0 0 ]
569,1782727885.860688,19.2272,-61,CSI_DATA,AP,98:F4:AB:29:67:94,-61,11,1,7,1,1,1,1,0,0,1,-96,1,6,1,291833270,0,84,0,0,292.216,384,[84 -64 4 0 0 0 0 0 0 0 0 0 19 8 18 8 19 9 18 10 18 10 17 11 17 11 16 12 16 11 16 12 16 13 15 12 15 12 15 12 14 12 15 12 13 12 13 12 13 11 12 12 12 12 12 11 12 11 13 10 12 10 12 10 0 0 12 10 13 9 12 9 13 8 11 8 12 8 12 7 12 7 12 6 12 6 12 5 12 6 12 5 12 5 12 5 12 3 13 4 12 3 13 3 13 2 12 3 12 2 12 1 13 1 12 1 12 0 0 0 0 0 0 0 0 0 0 0 ]
570,1782727886.095370,19.2389,-61,CSI_DATA,AP,98:F4:AB:29:67:94,-61,11,1,7,1,1,1,1,0,0,0,-96,1,6,1,291926729,0,84,0,0,292.309,384,[84 -64 4 0 0 0 0 0 0 0 0 0 -2 -25 -1 -25 -1 -24 0 -25 1 -23 2 -24 2 -23 2 -23 3 -23 3 -23 4 -23 4 -23 4 -23 4 -22 4 -21 5 -22 4 -21 4 -21 5 -21 5 -20 4 -20 4 -19 5 -18 4 -19 4 -19 3 -19 0 0 3 -18 2 -18 2 -18 2 -18 1 -17 1 -18 1 -17 0 -17 0 -17 -1 -16 -1 -16 -2 -16 -2 -15 -2 -16 -2 -15 -3 -16 -4 -15 -3 -15 -4 -15 -5 -15 -4 -14 -5 -15 -6 -14 -6 -14 -6 -13 -7 -13 0 0 0 0 0 0 0 0 0 0 ]
571,1782727886.337426,19.2218,-61,CSI_DATA,AP,98:F4:AB:29:67:94,-61,11,1,7,1,1,1,1,0,0,1,-96,1,6,1,292014936,0,84,0,0,292.398,384,[84 -64 4 0 0 0 0 0 0 0 0 0 -24 -2 -24 -3 -25 -4 -23 -5 -24 -6 -22 -6 -23 -6 -22 -7 -23 -8 -22 -9 -22 -8 -22 -9 -22 -10 -21 -10 -20 -9 -22 -9 -20 -9 -20 -9 -18 -9 -19 -9 -18 -9 -19 -8 -18 -9 -18 -9 -18 -9 -18 -8 0 0 -18 -7 -18 -7 -17 -6 -17 -5 -15 -6 -17 -5 -16 -5 -16 -5 -17 -3 -17 -3 -17 -3 -16 -3 -16 -3 -16 -2 -16 -1 -15 -1 -16 -1 -15 0 -16 0 -16 1 -15 0 -15 2 -15 1 -15 2 -15 2 -15 3 0 0 0 0 0 0 0 0 0 0 ]
572,1782727886.569324,19.1396,-61,CSI_DATA,AP,98:F4:AB:29:67:94,-61,11,1,7,1,1,1,1,0,0,1,-96,1,6,1,292105073,0,84,0,0,292.488,384,[84 -64 4 0 0 0 0 0 0 0 0 0 11 -21 11 -22 11 -22 13 -21 13 -21 13 -18 14 -19 15 -19 15 -19 15 -17 15 -18 15 -17 15 -17 16 -16 14 -15 15 -16 15 -15 14 -14 14 -14 14 -14 14 -14 13 -15 14 -13 13 -14 13 -14 13 -14 0 0 12 -14 12 -14 11 -14 11 -14 11 -13 10 -14 9 -13 9 -13 9 -14 8 -15 7 -14 7 -14 7 -14 6 -13 7 -14 6 -14 6 -15 6 -15 4 -15 4 -15 5 -15 4 -15 4 -15 3 -15 2 -14 2 -14 0 0 0 0 0 0 0 0 0 0 ]
573,1782727886.813910,18.8571,-61,CSI_DATA,AP,98:F4:AB:29:67:94,-61,11,1,7,1,1,1,1,0,0,1,-96,1,6,1,292194627,0,84,0,0,292.577,384,[84 -64 4 0 0 0 0 0 0 0 0 0 19 12 19 14 19 14 18 15 17 14 17 15 16 15 16 16 16 16 15 16 15 16 15 16 14 17 14 17 14 16 14 17 14 16 13 15 12 16 12 16 11 15 12 15 10 14 12 14 12 14 12 13 0 0 12 13 12 11 12 12 11 11 11 11 12 11 12 11 12 10 12 9 12 9 12 8 12 9 13 8 13 8 12 7 13 7 13 7 13 6 14 6 13 4 13 5 14 4 13 4 14 3 14 2 14 2 0 0 0 0 0 0 0 0 0 0 ]
574,1782727887.046648,17.1082,-61,CSI_DATA,AP,98:F4:AB:29:67:94,-61,11,1,7,1,1,1,1,0,0,1,-96,1,6,1,292283761,0,84,0,0,292.667,384,[84 -64 4 0 0 0 0 0 0 0 0 0 3 20 2 20 2 20 2 20 1 21 0 20 0 20 -1 20 -1 20 -2 20 -2 20 -2 20 -2 19 -3 19 -3 18 -3 19 -3 18 -3 18 -3 18 -4 17 -3 16 -3 16 -3 16 -2 16 -3 16 -2 16 0 0 -1 15 -1 16 -1 15 -1 15 -1 14 0 14 -1 14 0 14 0 14 2 14 2 13 2 13 2 13 2 13 3 13 3 13 3 12 4 12 4 12 4 12 4 12 5 11 5 11 6 11 5 10 6 10 0 0 0 0 0 0 0 0 0 0 ]
575,1782727887.270645,18.0708,-61,CSI_DATA,AP,98:F4:AB:29:67:94,-61,11,1,7,1,1,1,1,0,0,1,-96,1,6,1,292375417,0,84,0,0,292.758,384,[84 -64 4 0 0 0 0 0 0 0 0 0 -24 4 -24 3 -25 1 -24 1 -24 1 -23 -1 -24 0 -23 -2 -24 -2 -23 -2 -23 -2 -23 -3 -23 -3 -23 -4 -22 -4 -23 -4 -21 -4 -21 -4 -21 -4 -20 -4 -19 -4 -20 -4 -19 -3 -19 -4 -19 -4 -19 -2 0 0 -18 -2 -19 -1 -18 -1 -18 -1 -17 -1 -16 -1 -17 0 -16 0 -17 1 -17 1 -17 2 -16 2 -15 3 -15 3 -16 3 -15 4 -15 4 -15 4 -15 5 -14 5 -14 5 -14 5 -14 6 -14 7 -13 7 -12 7 0 0 0 0 0 0 0 0 0 0 ]
576,1782727887.494935,16.8248,-61,CSI_DATA,AP,98:F4:AB:29:67:94,-61,11,1,7,1,1,1,1,0,0,1,-96,1,6,1,292466043,0,84,0,0,292.849,384,[84 -64 4 0 0 0 0 0 0 0 0 0 -3 20 -5 22 -5 18 -6 22 -6 18 -8 20 -9 18 -9 19 -9 18 -8 17 -7 18 -8 19 -8 18 -8 18 -9 18 -9 16 -10 18 -8 14 -9 16 -9 14 -10 14 -9 14 -7 13 -7 14 -6 15 -7 15 0 0 -7 14 -6 13 -7 15 -5 13 -7 14 -6 13 -6 13 -5 13 -4 14 -1 13 -2 13 -2 13 -1 13 -2 14 -2 12 -1 14 -1 12 -1 13 -1 13 0 12 0 12 0 12 1 11 3 12 3 11 3 12 0 0 0 0 0 0 0 0 0 0 ]
577,1782727887.726566,16.5939,-61,CSI_DATA,AP,98:F4:AB:29:67:94,-61,11,1,7,1,1,1,1,0,0,1,-96,1,6,1,292553478,0,84,0,0,292.936,384,[84 -64 4 0 0 0 0 0 0 0 0 0 20 -7 20 -5 20 -5 21 -4 20 -4 20 -3 20 -2 20 -2 20 -1 20 -1 20 -2 20 -1 20 0 19 -1 19 0 19 0 18 0 18 0 17 0 17 1 17 1 17 1 16 0 16 0 17 0 15 -1 0 0 16 0 15 0 15 -1 15 -2 14 -1 14 -2 14 -2 14 -2 13 -3 13 -4 13 -4 13 -4 13 -4 12 -4 12 -5 12 -6 12 -5 12 -6 11 -6 11 -7 11 -6 11 -7 10 -7 10 -8 10 -8 10 -8 0 0 0 0 0 0 0 0 0 0 ]
578,1782727887.956139,17.8743,-61,CSI_DATA,AP,98:F4:AB:29:67:94,-61,11,1,7,1,1,1,1,0,0,1,-96,1,6,1,292647204,0,84,0,0,293.03,384,[84 -64 4 0 0 0 0 0 0 0 0 0 -15 19 -16 17 -17 17 -17 17 -18 16 -18 15 -19 15 -19 15 -19 14 -19 13 -20 13 -19 12 -20 13 -19 11 -19 10 -20 12 -19 10 -19 10 -18 10 -17 10 -17 9 -17 9 -17 9 -16 9 -17 9 -16 10 0 0 -16 10 -16 10 -15 9 -15 10 -14 9 -13 9 -14 10 -13 10 -13 11 -12 11 -12 11 -11 11 -11 11 -11 11 -10 12 -10 11 -10 12 -9 12 -9 12 -9 12 -8 12 -8 12 -8 13 -7 13 -7 12 -6 13 0 0 0 0 0 0 0 0 0 0 ]
579,1782727888.205052,17.5784,-61,CSI_DATA,AP,98:F4:AB:29:67:94,-61,11,1,7,1,1,1,1,0,0,0,-96,1,6,1,292739672,0,84,0,0,293.122,384,[84 -64 4 0 0 0 0 0 0 0 0 0 -6 -21 -6 -21 -5 -21 -4 -21 -4 -22 -3 -21 -3 -21 -3 -21 -2 -21 -1 -21 -1 -22 -1 -21 -1 -20 0 -21 0 -19 0 -21 0 -19 0 -19 0 -19 0 -18 0 -18 0 -18 0 -17 0 -17 0 -17 -1 -17 0 0 -2 -16 -1 -16 -2 -16 -2 -15 -2 -15 -2 -15 -3 -15 -3 -14 -3 -14 -4 -14 -4 -14 -4 -14 -5 -13 -5 -13 -6 -13 -6 -12 -5 -13 -6 -13 -7 -12 -8 -12 -7 -11 -8 -11 -8 -11 -8 -12 -8 -11 -9 -10 0 0 0 0 0 0 0 0 0 0 ]
580,1782727888.434633,18.7141,-61,CSI_DATA,AP,98:F4:AB:29:67:94,-61,11,1,7,1,1,1,1,0,0,0,-96,1,6,1,292827618,0,84,0,0,293.21,384,[84 -64 4 0 0 0 0 0 0 0 0 0 -5 -25 -4 -23 -4 -24 -3 -24 -3 -25 -1 -23 -1 -24 0 -24 0 -24 2 -24 1 -24 2 -23 2 -23 2 -23 2 -21 2 -24 2 -21 2 -22 2 -20 2 -21 3 -20 2 -20 3 -19 2 -19 3 -19 2 -19 0 0 1 -18 0 -19 0 -18 0 -18 0 -17 -1 -17 -1 -17 -1 -17 -2 -16 -2 -17 -3 -16 -3 -16 -3 -16 -4 -16 -4 -16 -5 -15 -5 -16 -5 -15 -6 -15 -6 -15 -5 -14 -7 -13 -7 -15 -7 -14 -7 -13 -8 -13 0 0 0 0 0 0 0 0 0 0 ]
581,1782727888.804875,18.9162,-61,CSI_DATA,AP,98:F4:AB:29:67:94,-61,11,1,7,1,1,1,1,0,0,0,-96,1,6,1,292913252,0,84,0,0,293.296,384,[84 -64 4 0 0 0 0 0 0 0 0 0 -10 20 -13 20 -13 22 -15 20 -15 19 -15 19 -15 19 -15 18 -16 18 -16 17 -15 17 -17 17 -16 16 -16 16 -16 14 -17 16 -17 15 -16 14 -16 14 -15 14 -14 13 -15 13 -14 13 -14 13 -13 13 -13 13 0 0 -13 13 -12 13 -13 14 -11 13 -12 12 -11 12 -10 12 -10 13 -10 13 -9 13 -9 13 -8 13 -8 13 -8 14 -7 13 -7 14 -7 14 -6 14 -6 14 -5 13 -5 14 -5 14 -4 13 -3 14 -3 13 -2 14 0 0 0 0 0 0 0 0 0 0 ]
582,1782727889.166102,17.9095,-61,CSI_DATA,AP,98:F4:AB:29:67:94,-61,11,1,7,1,1,1,1,0,0,0,-96,1,6,1,293006062,0,84,0,0,293.389,384,[84 -64 4 0 0 0 0 0 0 0 0 0 7 -21 8 -20 8 -20 9 -20 9 -20 9 -19 10 -19 10 -18 11 -18 11 -18 11 -18 11 -17 11 -17 11 -17 11 -16 11 -16 11 -16 11 -15 11 -15 10 -15 11 -14 10 -15 9 -14 10 -14 9 -14 9 -14 0 0 8 -15 8 -14 8 -14 7 -14 7 -13 6 -14 6 -14 5 -13 5 -14 5 -14 5 -14 4 -13 4 -14 3 -13 3 -14 3 -14 2 -14 2 -14 2 -14 1 -13 1 -13 1 -14 0 -13 -1 -14 0 -13 -1 -13 0 0 0 0 0 0 0 0 0 0 ]
583,1782727889.388798,17.6493,-61,CSI_DATA,AP,98:F4:AB:29:67:94,-61,11,1,7,1,1,1,1,0,0,1,-96,1,6,1,293096964,0,84,0,0,293.48,384,[84 -64 4 0 0 0 0 0 0 0 0 0 22 9 21 10 21 10 20 12 20 12 18 12 19 13 18 13 19 14 17 14 18 14 18 14 17 14 16 15 15 15 16 15 15 14 14 14 13 13 14 13 13 14 14 13 14 12 13 12 13 12 13 12 0 0 14 11 14 11 13 11 14 10 12 9 13 9 13 9 13 9 13 8 14 7 14 7 14 7 14 6 13 6 14 5 14 5 14 6 14 4 14 4 14 3 14 4 14 2 14 2 14 2 14 1 14 0 0 0 0 0 0 0 0 0 0 0 ]
584,1782727889.625352,17.5886,-61,CSI_DATA,AP,98:F4:AB:29:67:94,-61,11,1,7,1,1,1,0,0,0,1,-96,0,6,1,293149180,0,82,0,0,293.532,384,[82 -96 4 0 0 0 0 0 0 0 0 0 -1 24 -3 24 -3 24 -3 24 -4 24 -5 23 -5 22 -5 22 -6 23 -7 22 -7 22 -8 21 -8 21 -8 21 -7 19 -8 22 -6 19 -7 20 -7 18 -7 18 -7 18 -7 18 -7 17 -7 17 -6 17 -6 17 0 0 -5 17 -4 18 -4 16 -4 17 -4 16 -3 16 -3 16 -2 15 -2 16 -1 16 -1 15 -1 15 0 15 0 15 1 15 1 15 2 15 2 14 3 14 3 14 2 14 4 14 4 14 4 13 4 14 5 13 0 0 0 0 0 0 0 0 0 0 ]
585,1782727889.849210,18.4926,-61,CSI_DATA,AP,98:F4:AB:29:67:94,-61,11,1,7,1,1,1,1,0,0,1,-96,1,6,1,293182905,0,84,0,0,293.566,384,[84 -64 4 0 0 0 0 0 0 0 0 0 15 18 13 18 13 19 13 19 13 20 10 19 11 21 10 20 10 20 8 21 9 21 8 21 7 20 7 20 7 19 7 21 7 19 6 20 6 18 6 19 6 18 6 18 5 18 6 17 6 18 6 17 0 0 6 16 8 16 7 15 8 15 6 14 8 14 8 14 8 14 8 13 8 13 9 13 9 12 9 12 9 11 9 11 9 11 10 11 10 10 11 10 11 9 10 9 10 8 11 8 12 8 11 8 11 7 0 0 0 0 0 0 0 0 0 0 ]
586,1782727890.081359,18.2121,-61,CSI_DATA,AP,98:F4:AB:29:67:94,-61,11,1,7,1,1,1,1,0,0,1,-96,1,6,1,293273096,0,84,0,0,293.656,384,[84 -64 4 0 0 0 0 0 0 0 0 0 -14 23 -14 22 -16 23 -16 21 -17 21 -17 20 -18 20 -19 19 -18 19 -19 19 -19 19 -19 18 -19 17 -19 17 -19 16 -20 17 -19 16 -19 15 -18 15 -19 14 -19 14 -18 14 -17 14 -17 14 -17 14 -16 15 0 0 -15 14 -15 15 -15 15 -14 14 -14 12 -13 13 -13 13 -13 13 -12 14 -11 15 -11 15 -10 14 -10 15 -9 15 -10 15 -9 15 -8 15 -8 15 -8 16 -7 15 -6 15 -6 16 -6 15 -4 16 -4 16 -4 15 0 0 0 0 0 0 0 0 0 0 ]
587,1782727890.314372,17.6562,-61,CSI_DATA,AP,98:F4:AB:29:67:94,-61,11,1,7,1,1,1,1,0,0,1,-96,1,6,1,293365503,0,84,0,0,293.748,384,[84 -64 4 0 0 0 0 0 0 0 0 0 -10 19 -10 19 -11 18 -12 18 -12 17 -12 17 -12 17 -13 16 -13 16 -14 16 -14 16 -14 15 -14 15 -13 14 -14 13 -14 15 -13 14 -13 13 -13 12 -12 12 -13 13 -12 12 -12 12 -12 12 -12 12 -11 12 0 0 -10 12 -10 12 -9 12 -9 12 -9 11 -8 12 -8 12 -8 12 -7 12 -7 13 -6 13 -6 12 -6 12 -5 12 -5 13 -4 12 -4 12 -4 12 -4 13 -3 12 -3 12 -2 13 -2 13 -1 13 -1 13 0 12 0 0 0 0 0 0 0 0 0 0 ]
588,1782727890.539364,17.4040,-62,CSI_DATA,AP,98:F4:AB:29:67:94,-62,11,1,7,1,1,1,1,0,0,1,-96,1,6,1,293456515,0,84,0,0,293.839,384,[84 -64 4 0 0 0 0 0 0 0 0 0 -6 -22 -4 -21 -4 -22 -3 -21 -3 -22 -2 -21 -2 -21 -1 -22 0 -22 0 -21 0 -21 0 -21 0 -21 1 -21 1 -19 1 -21 1 -19 2 -19 1 -19 2 -17 1 -17 1 -18 2 -17 1 -17 1 -17 0 -17 0 0 0 -16 0 -17 -1 -16 -1 -16 0 -15 -1 -16 -1 -15 -2 -15 -2 -15 -3 -15 -3 -14 -3 -14 -4 -14 -3 -14 -4 -14 -4 -13 -5 -14 -5 -13 -5 -13 -6 -13 -6 -13 -6 -12 -7 -12 -7 -12 -7 -12 -7 -11 0 0 0 0 0 0 0 0 0 0 ]
589,1782727890.763034,17.9721,-62,CSI_DATA,AP,98:F4:AB:29:67:94,-62,11,1,7,1,1,1,1,0,0,1,-96,1,6,1,293544304,0,84,0,0,293.927,384,[84 -64 4 0 0 0 0 0 0 0 0 0 -19 -15 -18 -15 -19 -17 -17 -17 -18 -18 -17 -17 -16 -18 -15 -18 -15 -18 -15 -19 -15 -20 -14 -19 -13 -20 -13 -19 -13 -17 -13 -19 -12 -17 -12 -19 -10 -18 -10 -17 -11 -17 -12 -17 -10 -17 -10 -17 -10 -16 -11 -16 0 0 -11 -15 -12 -15 -11 -14 -11 -14 -11 -14 -11 -13 -11 -12 -11 -13 -11 -11 -13 -11 -12 -11 -12 -11 -12 -10 -12 -9 -13 -10 -13 -8 -14 -9 -13 -8 -13 -8 -14 -7 -13 -7 -14 -7 -14 -7 -14 -6 -14 -6 -14 -5 0 0 0 0 0 0 0 0 0 0 ]
590,1782727890.995813,17.1421,-62,CSI_DATA,AP,98:F4:AB:29:67:94,-62,11,1,7,1,1,1,1,0,0,1,-96,1,6,1,293633534,0,84,0,0,294.016,384,[84 -64 4 0 0 0 0 0 0 0 0 0 19 -10 19 -9 19 -9 20 -8 20 -8 19 -6 20 -6 20 -6 20 -5 20 -4 20 -5 20 -5 20 -3 19 -3 18 -3 19 -3 19 -3 18 -2 17 -2 18 -2 17 -1 17 -2 16 -2 17 -3 16 -2 16 -3 0 0 15 -4 15 -4 15 -3 15 -4 14 -3 14 -4 14 -5 13 -5 14 -5 13 -6 12 -6 12 -5 12 -6 12 -7 12 -7 11 -7 12 -7 11 -8 10 -8 10 -9 10 -8 9 -8 10 -9 9 -9 9 -9 9 -9 0 0 0 0 0 0 0 0 0 0 ]
591,1782727891.230554,17.5488,-61,CSI_DATA,AP,98:F4:AB:29:67:94,-61,11,1,7,1,1,1,1,0,0,1,-96,1,6,1,293727690,0,84,0,0,294.11,384,[84 -64 4 0 0 0 0 0 0 0 0 0 18 -16 18 -14 20 -14 20 -13 20 -13 20 -12 20 -13 20 -11 21 -12 20 -10 21 -10 21 -10 20 -8 20 -8 19 -9 21 -9 19 -8 20 -8 18 -8 18 -8 17 -7 18 -8 17 -8 17 -7 17 -7 16 -8 0 0 16 -8 16 -9 15 -8 15 -9 14 -8 13 -10 13 -9 12 -9 13 -10 13 -10 12 -10 11 -10 12 -11 11 -11 11 -11 10 -12 11 -12 9 -12 9 -12 8 -12 9 -12 7 -13 8 -13 7 -13 7 -13 6 -13 0 0 0 0 0 0 0 0 0 0 ]
592,1782727891.454240,17.6195,-61,CSI_DATA,AP,98:F4:AB:29:67:94,-61,11,1,7,1,1,1,1,0,0,1,-96,1,6,1,293816162,0,84,0,0,294.199,384,[84 -64 4 0 0 0 0 0 0 0 0 0 23 0 23 0 24 1 23 2 23 3 21 4 22 4 22 5 22 6 22 6 22 6 22 6 21 6 21 8 19 7 21 8 20 7 18 7 18 8 18 7 18 7 18 7 17 6 17 7 17 6 17 5 0 0 17 5 17 5 16 5 16 4 16 5 16 4 15 4 15 4 15 3 15 2 16 1 14 1 15 1 15 1 15 0 15 -1 14 0 15 -1 15 -1 14 -2 14 -1 13 -2 14 -2 14 -4 14 -4 13 -4 0 0 0 0 0 0 0 0 0 0 ]
593,1782727891.689440,18.7475,-61,CSI_DATA,AP,98:F4:AB:29:67:94,-61,11,1,7,1,1,1,1,0,0,1,-96,1,6,1,293907376,0,84,0,0,294.29,384,[84 -64 4 0 0 0 0 0 0 0 0 0 1 -25 1 -24 2 -24 2 -24 3 -25 4 -23 4 -23 5 -23 5 -23 7 -23 8 -22 7 -22 8 -22 8 -21 8 -20 7 -22 7 -20 7 -21 7 -19 7 -19 7 -18 7 -19 8 -18 8 -18 7 -18 7 -18 0 0 6 -17 5 -18 6 -17 5 -18 5 -16 4 -17 3 -16 3 -16 3 -16 3 -16 2 -16 2 -16 2 -16 1 -16 0 -16 0 -16 0 -16 -1 -16 0 -15 -2 -16 -1 -15 -2 -15 -2 -16 -3 -16 -2 -15 -4 -14 0 0 0 0 0 0 0 0 0 0 ]
594,1782727891.945394,18.1269,-61,CSI_DATA,AP,98:F4:AB:29:67:94,-61,11,1,7,1,1,1,1,0,0,1,-96,1,6,1,293993567,0,84,0,0,294.376,384,[84 -64 4 0 0 0 0 0 0 0 0 0 3 -22 4 -21 4 -22 6 -21 6 -21 6 -21 7 -20 8 -19 8 -19 8 -19 8 -19 8 -19 8 -19 9 -19 9 -17 10 -18 9 -17 9 -17 8 -16 9 -15 9 -15 9 -15 8 -14 7 -15 8 -15 7 -15 0 0 7 -14 7 -15 7 -15 5 -14 6 -14 6 -14 5 -14 5 -14 5 -14 4 -14 3 -15 2 -14 2 -14 3 -13 2 -14 2 -15 2 -14 1 -14 1 -14 0 -14 0 -14 0 -13 -1 -13 -2 -14 -1 -13 -2 -14 0 0 0 0 0 0 0 0 0 0 ]
595,1782727892.179627,18.8119,-61,CSI_DATA,AP,98:F4:AB:29:67:94,-61,11,1,7,1,1,1,1,0,0,1,-96,1,6,1,294084499,0,84,0,0,294.467,384,[84 -64 4 0 0 0 0 0 0 0 0 0 14 18 13 19 12 20 12 20 11 20 10 20 10 20 9 21 9 21 9 21 9 21 8 21 7 21 7 20 7 20 7 20 6 20 5 19 6 19 5 18 5 18 6 18 5 17 5 17 6 18 6 17 0 0 6 16 7 16 7 16 7 15 6 15 7 14 7 14 8 14 8 13 8 13 9 13 8 12 9 12 9 12 9 11 10 11 10 11 10 10 10 10 11 9 10 9 11 9 11 8 12 8 11 7 12 7 0 0 0 0 0 0 0 0 0 0 ]
596,1782727892.809898,19.2621,-61,CSI_DATA,AP,98:F4:AB:29:67:94,-61,11,1,7,1,1,1,1,0,0,0,-96,1,6,1,294175018,0,84,0,0,294.558,384,[84 -64 4 0 0 0 0 0 0 0 0 0 -20 -14 -18 -15 -19 -16 -18 -16 -17 -18 -16 -17 -16 -17 -16 -17 -15 -18 -15 -18 -15 -19 -15 -19 -13 -19 -13 -18 -13 -18 -14 -19 -12 -18 -12 -18 -11 -17 -12 -17 -11 -17 -11 -17 -11 -16 -11 -16 -11 -16 -11 -15 0 0 -11 -14 -12 -15 -12 -14 -12 -14 -11 -13 -12 -13 -12 -12 -12 -12 -12 -12 -13 -11 -12 -11 -12 -10 -13 -10 -12 -10 -13 -9 -13 -8 -14 -9 -14 -8 -14 -8 -14 -7 -14 -7 -14 -6 -14 -7 -15 -6 -14 -6 -14 -5 0 0 0 0 0 0 0 0 0 0 ]
597,1782727893.163065,18.4258,-61,CSI_DATA,AP,98:F4:AB:29:67:94,-61,11,1,7,1,1,1,1,0,0,1,-96,1,6,1,294263243,0,84,0,0,294.646,384,[84 -64 4 0 0 0 0 0 0 0 0 0 22 -2 23 -1 24 0 23 1 24 1 23 2 23 3 22 4 22 4 22 4 22 4 21 5 22 5 21 5 20 5 21 6 20 6 20 5 19 6 18 6 17 6 18 6 17 5 17 5 17 5 17 4 0 0 17 4 17 4 17 3 16 2 15 3 16 3 16 3 15 2 15 1 15 0 16 0 14 0 15 0 15 0 15 -1 14 -1 15 -2 15 -2 14 -2 14 -3 14 -3 14 -3 14 -3 13 -5 13 -4 13 -5 0 0 0 0 0 0 0 0 0 0 ]
598,1782727893.546055,18.3965,-61,CSI_DATA,AP,98:F4:AB:29:67:94,-61,11,1,7,1,1,1,1,0,0,1,-96,1,6,1,294353216,0,84,0,0,294.736,384,[84 -64 4 0 0 0 0 0 0 0 0 0 2 23 0 24 0 23 -2 24 -1 23 -2 23 -4 23 -4 23 -4 23 -4 22 -5 23 -5 22 -5 22 -5 22 -5 21 -5 22 -6 21 -5 20 -6 20 -6 19 -6 19 -6 18 -5 18 -4 18 -4 18 -4 18 0 0 -3 18 -3 18 -3 17 -3 16 -3 16 -2 16 -2 16 -1 16 0 15 0 15 1 15 1 15 1 15 2 16 2 15 2 15 3 14 3 14 3 15 3 14 3 14 4 14 5 14 6 13 6 12 6 12 0 0 0 0 0 0 0 0 0 0 ]
599,1782727893.872545,18.2046,-61,CSI_DATA,AP,98:F4:AB:29:67:94,-61,11,1,7,1,1,1,1,0,0,1,-96,1,6,1,294445224,0,84,0,0,294.828,384,[84 -64 4 0 0 0 0 0 0 0 0 0 23 1 23 2 24 3 23 4 24 4 22 4 22 5 22 5 22 6 22 6 21 6 21 6 21 7 20 8 20 7 21 9 19 8 19 7 18 8 18 8 17 7 18 8 18 6 16 7 17 6 17 5 0 0 17 6 17 4 17 5 17 4 15 5 16 3 15 3 15 3 15 2 16 1 15 1 15 1 15 1 15 0 15 0 14 -1 15 -1 14 -2 14 -2 14 -3 14 -3 14 -3 14 -3 14 -5 14 -4 13 -5 0 0 0 0 0 0 0 0 0 0 ]
600,1782727894.162778,18.5335,-61,CSI_DATA,AP,98:F4:AB:29:67:94,-61,11,1,7,1,1,1,1,0,0,1,-96,1,6,1,294533093,0,84,0,0,294.916,384,[84 -64 4 0 0 0 0 0 0 0 0 0 7 -24 8 -22 9 -23 9 -22 10 -22 11 -21 11 -21 12 -21 12 -20 13 -20 13 -19 13 -19 14 -19 14 -19 13 -17 13 -19 12 -17 13 -17 12 -16 12 -16 12 -15 12 -16 12 -15 11 -15 11 -16 11 -16 0 0 10 -15 10 -16 10 -15 9 -15 8 -14 8 -15 7 -15 7 -15 7 -15 6 -15 6 -15 5 -15 5 -15 5 -15 4 -15 3 -15 4 -16 3 -15 3 -15 2 -16 3 -15 2 -15 2 -15 1 -15 1 -15 0 -14 0 0 0 0 0 0 0 0 0 0 ]
601,1782727894.399867,18.2611,-61,CSI_DATA,AP,98:F4:AB:29:67:94,-61,11,1,7,1,1,1,1,0,0,1,-96,1,6,1,294623842,0,84,0,0,295.007,384,[84 -64 4 0 0 0 0 0 0 0 0 0 14 19 13 18 13 20 12 20 12 20 10 20 10 21 9 21 9 21 8 21 8 21 7 21 7 21 7 21 6 20 6 21 6 19 5 19 5 19 5 19 4 18 5 18 4 18 5 17 5 17 5 17 0 0 5 16 6 17 5 16 6 16 5 15 6 15 6 15 7 14 7 14 7 13 8 13 7 13 8 13 8 12 8 12 9 12 9 12 9 10 9 11 9 10 9 11 10 10 10 10 11 9 10 9 10 9 0 0 0 0 0 0 0 0 0 0 ]
602,1782727894.722375,18.0482,-61,CSI_DATA,AP,98:F4:AB:29:67:94,-61,11,1,7,1,1,1,1,0,0,1,-96,1,6,1,294713732,0,84,0,0,295.096,384,[84 -64 4 0 0 0 0 0 0 0 0 0 23 -8 23 -6 24 -5 24 -5 23 -4 23 -3 23 -3 22 -2 23 -2 22 -1 23 -1 23 -1 22 0 22 0 21 1 22 1 21 0 20 0 20 1 20 1 19 1 18 1 18 1 18 1 18 1 18 0 0 0 17 0 17 -1 17 -1 17 -2 16 -1 16 -2 16 -2 15 -2 16 -3 15 -4 15 -4 15 -4 14 -5 14 -4 14 -5 15 -6 14 -6 14 -6 13 -6 13 -7 12 -7 12 -7 12 -7 12 -9 12 -8 12 -9 0 0 0 0 0 0 0 0 0 0 ]
603,1782727894.981125,18.5765,-61,CSI_DATA,AP,98:F4:AB:29:67:94,-61,11,1,7,1,1,1,1,0,0,1,-96,1,6,1,294803652,0,84,0,0,295.186,384,[84 -64 4 0 0 0 0 0 0 0 0 0 -9 -23 -7 -23 -7 -24 -6 -24 -6 -24 -4 -24 -5 -23 -3 -24 -3 -24 -2 -23 -2 -24 -1 -24 -2 -23 -1 -23 0 -22 -1 -23 0 -22 0 -21 0 -21 0 -20 0 -20 -1 -20 0 -19 0 -19 0 -19 -1 -19 0 0 -1 -18 -2 -19 -2 -18 -2 -18 -2 -17 -3 -17 -3 -17 -3 -16 -4 -16 -4 -16 -4 -16 -4 -15 -5 -15 -5 -15 -5 -15 -6 -15 -6 -15 -6 -15 -7 -14 -7 -14 -7 -14 -8 -13 -8 -13 -8 -13 -8 -12 -9 -12 0 0 0 0 0 0 0 0 0 0 ]
604,1782727895.324659,18.6738,-61,CSI_DATA,AP,98:F4:AB:29:67:94,-61,11,1,6,1,1,1,1,0,0,0,-96,1,6,1,294895921,0,84,0,0,295.279,384,[84 -64 4 0 0 0 0 0 0 0 0 0 -14 -20 -12 -20 -13 -21 -12 -21 -12 -21 -10 -21 -10 -21 -9 -21 -9 -22 -8 -22 -8 -22 -8 -22 -8 -21 -7 -22 -7 -21 -7 -22 -6 -20 -6 -20 -6 -19 -6 -19 -6 -20 -6 -19 -5 -19 -6 -18 -6 -18 -7 -17 0 0 -6 -17 -7 -17 -7 -16 -7 -16 -7 -15 -8 -15 -8 -15 -8 -14 -8 -14 -9 -14 -9 -13 -9 -13 -10 -13 -9 -12 -10 -12 -11 -11 -11 -12 -10 -11 -11 -11 -11 -10 -11 -11 -12 -9 -12 -10 -12 -9 -12 -8 -12 -8 0 0 0 0 0 0 0 0 0 0 ]
605,1782727895.613757,19.6216,-62,CSI_DATA,AP,98:F4:AB:29:67:94,-62,11,1,7,1,1,1,1,0,0,1,-96,1,6,1,294984525,0,84,0,0,295.367,384,[84 -64 4 0 0 0 0 0 0 0 0 0 -23 -9 -22 -10 -22 -11 -22 -12 -22 -13 -20 -12 -20 -13 -19 -13 -20 -14 -18 -15 -18 -15 -18 -15 -17 -15 -17 -16 -17 -15 -18 -15 -16 -14 -16 -15 -15 -14 -14 -14 -14 -14 -16 -14 -14 -13 -14 -13 -14 -14 -14 -13 0 0 -14 -13 -15 -12 -14 -12 -15 -11 -13 -11 -14 -10 -14 -9 -14 -10 -14 -9 -15 -8 -14 -8 -14 -8 -14 -7 -14 -7 -15 -6 -15 -5 -15 -6 -15 -5 -15 -5 -15 -4 -14 -5 -15 -4 -15 -5 -15 -3 -15 -3 -15 -2 0 0 0 0 0 0 0 0 0 0 ]
606,1782727895.884161,18.9688,-61,CSI_DATA,AP,98:F4:AB:29:67:94,-61,11,1,7,1,1,1,1,0,0,1,-96,1,6,1,295074685,0,84,0,0,295.457,384,[84 -64 4 0 0 0 0 0 0 0 0 0 7 23 5 23 4 23 3 22 3 23 2 23 1 23 0 23 0 23 0 22 0 23 0 23 -1 22 -1 22 -1 21 -2 22 -2 20 -2 20 -2 20 -3 20 -3 19 -2 19 -2 18 -1 18 0 18 0 18 0 0 -1 17 0 18 0 18 1 17 0 16 1 16 0 17 1 16 1 16 3 15 4 15 4 14 4 14 4 15 4 14 4 14 5 14 5 13 5 14 5 13 5 13 6 13 7 12 8 12 8 12 8 11 0 0 0 0 0 0 0 0 0 0 ]
607,1782727896.154523,18.2970,-62,CSI_DATA,AP,98:F4:AB:29:67:94,-62,11,1,7,1,1,1,1,0,0,1,-96,1,6,1,295163577,0,84,0,0,295.546,384,[84 -64 4 0 0 0 0 0 0 0 0 0 23 0 23 1 24 2 23 2 23 3 22 3 23 4 22 5 22 5 22 6 22 6 22 6 21 6 21 7 20 7 21 8 19 7 19 7 18 7 18 7 17 7 18 6 17 6 17 6 17 6 17 5 0 0 17 4 17 5 16 4 17 4 15 4 16 3 15 3 15 2 15 2 15 1 15 1 15 1 15 0 15 0 15 -1 15 -2 15 -1 14 -2 14 -2 14 -3 14 -3 14 -3 14 -3 14 -5 13 -4 13 -5 0 0 0 0 0 0 0 0 0 0 ]
608,1782727896.452522,18.6024,-61,CSI_DATA,AP,98:F4:AB:29:67:94,-61,11,1,7,1,1,1,1,0,0,0,-96,1,6,1,295254018,0,84,0,0,295.637,384,[84 -64 4 0 0 0 0 0 0 0 0 0 -13 -22 -12 -21 -12 -22 -11 -22 -11 -23 -10 -22 -10 -22 -9 -22 -9 -22 -8 -23 -7 -23 -7 -22 -7 -22 -6 -22 -6 -21 -7 -23 -6 -21 -6 -21 -6 -20 -6 -20 -5 -19 -6 -20 -5 -20 -5 -19 -6 -18 -6 -18 0 0 -7 -17 -8 -18 -8 -17 -8 -16 -7 -16 -7 -15 -8 -15 -8 -15 -8 -14 -9 -14 -10 -14 -9 -14 -9 -13 -9 -13 -11 -13 -11 -12 -11 -13 -11 -11 -11 -11 -12 -11 -12 -11 -12 -9 -12 -10 -13 -10 -12 -9 -13 -9 0 0 0 0 0 0 0 0 0 0 ]
609,1782727896.750602,18.4350,-61,CSI_DATA,AP,98:F4:AB:29:67:94,-61,11,1,7,1,1,1,1,0,0,0,-96,1,6,1,295346120,0,84,0,0,295.729,384,[84 -64 4 0 0 0 0 0 0 0 0 0 3 23 1 23 2 24 0 24 0 23 -1 23 -2 24 -2 23 -3 23 -4 23 -3 23 -4 22 -4 22 -4 22 -4 20 -4 22 -4 20 -4 20 -4 20 -5 19 -5 19 -4 18 -5 18 -4 18 -4 18 -3 18 0 0 -2 17 -2 18 -1 17 -1 17 -2 16 -1 17 -1 16 0 16 0 15 1 16 2 15 2 15 2 15 2 15 3 15 3 14 4 15 4 14 4 14 5 14 4 14 5 13 5 13 6 13 6 12 7 12 0 0 0 0 0 0 0 0 0 0 ]
610,1782727897.078963,18.8971,-61,CSI_DATA,AP,98:F4:AB:29:67:94,-61,11,1,7,1,1,1,1,0,0,0,-96,1,6,1,295436211,0,84,0,0,295.819,384,[84 -64 4 0 0 0 0 0 0 0 0 0 -17 -17 -17 -19 -16 -19 -16 -19 -15 -19 -14 -19 -14 -20 -13 -20 -11 -20 -12 -20 -12 -21 -11 -20 -11 -20 -11 -20 -10 -20 -10 -20 -9 -20 -9 -19 -9 -19 -8 -19 -8 -19 -8 -19 -8 -17 -9 -17 -9 -17 -10 -17 0 0 -9 -17 -10 -17 -10 -16 -10 -15 -9 -15 -10 -15 -10 -15 -10 -14 -10 -13 -10 -13 -11 -12 -11 -12 -12 -12 -11 -11 -12 -11 -12 -11 -12 -11 -12 -10 -12 -10 -12 -9 -12 -9 -13 -9 -13 -9 -14 -8 -14 -7 -13 -7 0 0 0 0 0 0 0 0 0 0 ]
611,1782727897.405160,18.4866,-61,CSI_DATA,AP,98:F4:AB:29:67:94,-61,11,1,7,1,1,1,1,0,0,0,-96,1,6,1,295523129,0,84,0,0,295.906,384,[84 -64 4 0 0 0 0 0 0 0 0 0 20 -6 20 -5 21 -5 21 -3 21 -3 20 -3 21 -2 20 -2 20 -2 20 -1 20 0 20 0 20 0 19 0 18 0 20 0 18 1 18 1 17 1 17 0 17 1 17 0 16 0 16 0 16 0 16 -1 0 0 15 -1 16 -1 15 -2 15 -2 14 -2 14 -2 14 -3 14 -3 13 -3 13 -3 13 -4 12 -4 12 -4 12 -5 12 -6 12 -6 12 -6 12 -7 11 -7 10 -7 11 -7 10 -7 10 -8 10 -8 10 -8 9 -9 0 0 0 0 0 0 0 0 0 0 ]
612,1782727897.697475,17.4856,-61,CSI_DATA,AP,98:F4:AB:29:67:94,-61,11,1,7,1,1,1,1,0,0,0,-96,1,6,1,295615232,0,84,0,0,295.998,384,[84 -64 4 0 0 0 0 0 0 0 0 0 0 21 -1 20 -2 21 -3 21 -2 21 -3 20 -3 20 -4 20 -4 20 -6 20 -5 20 -5 19 -6 19 -6 18 -5 18 -6 19 -6 18 -6 17 -6 17 -6 16 -6 16 -6 16 -5 16 -5 15 -5 16 -5 16 0 0 -4 15 -3 16 -4 15 -3 15 -3 13 -2 14 -2 14 -2 14 -1 14 -1 14 0 14 -1 13 0 13 0 13 0 13 2 13 2 13 2 12 2 12 2 12 3 13 3 12 3 12 5 12 4 11 4 11 0 0 0 0 0 0 0 0 0 0 ]
613,1782727897.959179,18.1561,-61,CSI_DATA,AP,98:F4:AB:29:67:94,-61,11,1,7,1,1,1,1,0,0,0,-96,1,6,1,295703627,0,84,0,0,296.086,384,[84 -64 4 0 0 0 0 0 0 0 0 0 5 -24 6 -24 7 -24 8 -23 8 -23 9 -21 9 -22 10 -21 10 -21 11 -20 11 -21 11 -20 11 -20 12 -20 11 -18 12 -19 11 -18 12 -18 11 -17 12 -17 12 -16 11 -17 11 -16 10 -16 10 -16 9 -16 0 0 9 -16 8 -16 8 -16 8 -16 7 -15 7 -15 7 -15 6 -15 6 -15 5 -16 5 -15 5 -15 4 -15 4 -15 4 -16 3 -16 3 -16 2 -15 2 -16 2 -15 2 -15 1 -15 0 -15 -1 -16 0 -15 -1 -15 0 0 0 0 0 0 0 0 0 0 ]
614,1782727898.261119,16.9143,-61,CSI_DATA,AP,98:F4:AB:29:67:94,-61,11,1,7,1,1,1,1,0,0,1,-96,1,6,1,295794344,0,84,0,0,296.177,384,[84 -64 4 0 0 0 0 0 0 0 0 0 6 20 6 20 5 20 5 20 4 20 3 20 2 20 1 20 1 20 0 20 1 20 1 20 0 20 0 20 -1 18 -1 20 0 19 -1 18 -2 18 -1 17 -2 17 -2 17 -2 16 -1 16 0 16 -1 16 0 0 -1 15 0 16 0 15 0 15 0 14 0 14 0 14 1 14 2 14 2 13 2 13 3 13 3 13 3 13 3 12 4 13 4 13 4 12 4 12 4 12 4 11 5 12 5 12 6 11 6 10 7 10 0 0 0 0 0 0 0 0 0 0 ]
615,1782727898.564261,17.6411,-61,CSI_DATA,AP,98:F4:AB:29:67:94,-61,11,1,7,1,1,1,1,0,0,1,-96,1,6,1,295887215,0,84,0,0,296.27,384,[84 -64 4 0 0 0 0 0 0 0 0 0 22 6 22 7 22 8 21 10 21 10 21 10 20 11 19 12 19 12 19 12 19 12 19 12 19 12 18 13 18 12 17 13 17 13 16 12 15 12 15 12 15 12 15 12 15 11 15 11 15 11 15 10 0 0 15 10 15 9 15 9 15 8 13 9 14 8 14 8 14 7 14 7 14 6 15 5 14 5 14 5 14 4 14 4 15 3 14 3 15 2 14 2 14 2 15 1 14 2 14 1 14 0 14 -1 14 -1 0 0 0 0 0 0 0 0 0 0 ]
616,1782727898.810393,17.3071,-62,CSI_DATA,AP,98:F4:AB:29:67:94,-62,11,1,7,1,1,1,1,0,0,1,-96,1,6,1,295974832,0,84,0,0,296.358,384,[84 -64 4 0 0 0 0 0 0 0 0 0 -14 -17 -14 -17 -14 -18 -13 -18 -12 -19 -11 -18 -12 -18 -10 -19 -10 -19 -9 -19 -9 -19 -9 -20 -8 -19 -8 -19 -8 -18 -8 -19 -8 -18 -8 -17 -7 -17 -7 -17 -7 -16 -7 -17 -7 -16 -7 -16 -7 -16 -7 -16 0 0 -7 -15 -8 -15 -8 -14 -8 -14 -8 -13 -8 -13 -8 -13 -8 -12 -9 -12 -9 -12 -9 -12 -9 -11 -9 -11 -10 -11 -10 -10 -11 -9 -11 -10 -11 -9 -11 -9 -11 -8 -11 -9 -12 -7 -11 -8 -12 -7 -12 -7 -12 -6 0 0 0 0 0 0 0 0 0 0 ]
617,1782727899.051052,18.2620,-61,CSI_DATA,AP,98:F4:AB:29:67:94,-61,11,1,7,1,1,1,1,0,0,1,-96,1,6,1,296064451,0,84,0,0,296.447,384,[84 -64 4 0 0 0 0 0 0 0 0 0 -7 -24 -6 -23 -5 -24 -4 -24 -4 -24 -3 -24 -2 -24 -2 -24 -2 -24 0 -24 -1 -24 0 -23 1 -23 1 -23 0 -22 1 -23 1 -21 1 -21 1 -21 1 -20 1 -20 1 -20 2 -19 1 -19 1 -19 0 -19 0 0 -1 -18 -1 -19 -1 -18 -2 -18 -1 -17 -2 -18 -2 -17 -3 -16 -3 -16 -4 -16 -4 -16 -4 -15 -4 -15 -4 -15 -6 -16 -5 -15 -6 -15 -6 -14 -6 -14 -8 -14 -7 -14 -8 -13 -8 -14 -8 -14 -8 -13 -8 -12 0 0 0 0 0 0 0 0 0 0 ]
618,1782727899.293837,18.8913,-61,CSI_DATA,AP,98:F4:AB:29:67:94,-61,11,1,7,1,1,1,1,0,0,1,-96,1,6,1,296156157,0,84,0,0,296.539,384,[84 -64 4 0 0 0 0 0 0 0 0 0 17 -17 17 -16 19 -16 19 -15 19 -14 18 -13 19 -14 20 -13 20 -12 19 -12 20 -12 20 -12 20 -11 20 -10 19 -10 20 -10 19 -9 19 -8 18 -9 18 -9 17 -9 17 -9 16 -8 16 -8 17 -8 16 -9 0 0 16 -9 15 -9 15 -9 14 -9 13 -8 13 -10 13 -10 13 -9 13 -10 12 -10 11 -11 11 -10 11 -11 10 -11 10 -11 10 -12 10 -12 9 -12 9 -12 8 -12 8 -12 8 -12 7 -13 7 -14 7 -13 6 -13 0 0 0 0 0 0 0 0 0 0 ]
619,1782727899.560622,19.0534,-61,CSI_DATA,AP,98:F4:AB:29:67:94,-61,11,1,7,1,1,1,1,0,0,1,-96,1,6,1,296243325,0,84,0,0,296.626,384,[84 -64 4 0 0 0 0 0 0 0 0 0 -14 20 -14 20 -15 19 -16 19 -16 18 -16 17 -16 17 -17 17 -17 16 -17 15 -18 15 -18 15 -18 14 -18 13 -17 13 -18 14 -17 14 -17 12 -17 12 -16 12 -16 11 -16 11 -16 11 -15 11 -15 11 -15 12 0 0 -14 12 -14 12 -14 11 -13 12 -13 11 -12 11 -12 12 -11 12 -11 12 -10 13 -11 13 -10 12 -10 12 -9 12 -9 13 -9 13 -8 13 -8 12 -8 14 -7 14 -7 13 -6 14 -6 13 -5 14 -5 14 -5 14 0 0 0 0 0 0 0 0 0 0 ]
620,1782727899.829219,18.6418,-62,CSI_DATA,AP,98:F4:AB:29:67:94,-62,11,1,7,1,1,1,1,0,0,1,-96,1,6,1,296334446,0,84,0,0,296.717,384,[84 -64 4 0 0 0 0 0 0 0 0 0 15 19 13 18 14 20 12 19 12 20 11 19 11 21 9 20 10 20 9 21 9 21 8 21 7 21 8 21 6 19 7 22 7 19 6 20 5 19 6 19 5 18 6 18 5 18 5 17 5 17 6 16 0 0 6 16 7 17 7 15 7 15 6 14 7 14 7 15 7 14 8 13 8 13 9 13 8 12 9 12 9 11 9 12 9 11 10 12 10 10 10 10 10 10 10 9 10 9 11 10 11 8 11 8 11 8 0 0 0 0 0 0 0 0 0 0 ]
621,1782727900.075298,17.8024,-61,CSI_DATA,AP,98:F4:AB:29:67:94,-61,11,1,7,1,1,1,1,0,0,1,-96,1,6,1,296423035,0,84,0,0,296.806,384,[84 -64 4 0 0 0 0 0 0 0 0 0 -18 11 -19 11 -19 10 -19 9 -19 9 -19 8 -20 8 -20 7 -20 7 -20 6 -21 6 -20 6 -20 5 -20 5 -19 4 -20 5 -19 5 -19 4 -18 4 -18 3 -17 3 -18 3 -17 3 -17 3 -17 3 -17 4 0 0 -15 4 -16 5 -16 5 -15 5 -14 4 -14 4 -14 5 -14 5 -14 5 -13 6 -13 7 -12 7 -12 7 -12 7 -12 7 -12 7 -12 7 -11 7 -11 9 -11 8 -11 8 -10 9 -10 9 -10 9 -9 9 -8 9 0 0 0 0 0 0 0 0 0 0 ]
622,1782727900.310946,18.2270,-61,CSI_DATA,AP,98:F4:AB:29:67:94,-61,11,1,7,1,1,1,1,0,0,1,-96,1,6,1,296514768,0,84,0,0,296.898,384,[84 -64 4 0 0 0 0 0 0 0 0 0 9 21 7 22 7 23 6 23 6 23 5 23 4 23 4 22 3 23 3 22 3 22 3 22 2 22 2 22 1 21 1 22 1 21 0 20 1 20 0 19 1 19 0 19 1 18 0 18 2 19 2 18 0 0 1 17 2 18 2 17 2 16 2 16 3 16 3 16 4 15 3 15 4 14 5 14 5 14 6 14 6 14 6 13 6 14 6 13 7 12 7 13 7 12 7 12 8 12 8 11 9 11 9 10 9 10 0 0 0 0 0 0 0 0 0 0 ]
623,1782727900.553584,18.7428,-61,CSI_DATA,AP,98:F4:AB:29:67:94,-61,11,1,7,1,1,1,1,0,0,1,-96,1,6,1,296603863,0,84,0,0,296.987,384,[84 -64 4 0 0 0 0 0 0 0 0 0 -8 -24 -7 -23 -6 -25 -5 -24 -5 -25 -3 -23 -4 -24 -2 -24 -3 -24 -2 -24 -1 -23 -1 -24 -1 -23 -1 -23 -1 -22 -1 -23 -1 -21 0 -22 -1 -20 -1 -21 0 -20 -1 -20 0 -20 0 -19 -1 -19 -2 -19 0 0 -2 -19 -2 -19 -2 -18 -3 -18 -3 -17 -3 -17 -4 -17 -4 -17 -5 -16 -6 -17 -6 -16 -5 -15 -6 -15 -6 -14 -7 -15 -7 -14 -8 -15 -7 -14 -8 -13 -9 -13 -9 -13 -9 -12 -9 -13 -10 -12 -9 -11 -10 -11 0 0 0 0 0 0 0 0 0 0 ]
624,1782727900.849589,17.9991,-62,CSI_DATA,AP,98:F4:AB:29:67:94,-62,11,1,7,1,1,1,1,0,0,0,-96,1,6,1,321719878,0,84,0,0,322.103,384,[84 -64 4 0 0 0 0 0 0 0 0 0 22 8 21 8 21 10 21 10 20 11 20 11 19 12 19 12 18 13 18 13 19 13 17 13 18 14 17 14 16 14 17 14 16 14 15 13 15 13 14 14 14 13 14 13 13 12 14 12 14 11 14 11 0 0 13 11 14 10 14 10 14 9 13 10 13 9 13 8 13 8 14 8 14 6 14 6 13 6 14 6 14 6 14 5 14 4 14 5 14 3 13 4 14 3 14 3 14 3 14 3 14 1 14 1 14 1 0 0 0 0 0 0 0 0 0 0 ]
625,1782727901.057944,18.5766,-61,CSI_DATA,AP,98:F4:AB:29:67:94,-61,11,1,7,1,1,1,1,0,0,1,-96,1,6,1,321803987,0,84,0,0,322.187,384,[84 -64 4 0 0 0 0 0 0 0 0 0 -17 -18 -15 -19 -16 -19 -15 -20 -14 -20 -13 -20 -13 -20 -13 -20 -12 -21 -11 -21 -11 -21 -11 -21 -10 -21 -9 -21 -9 -20 -9 -20 -9 -20 -8 -19 -9 -19 -9 -19 -8 -19 -8 -19 -7 -18 -8 -18 -8 -17 -9 -17 0 0 -9 -17 -9 -17 -9 -16 -9 -15 -9 -15 -9 -15 -9 -14 -9 -14 -10 -14 -10 -13 -11 -13 -10 -13 -11 -12 -11 -12 -11 -11 -11 -11 -11 -12 -12 -11 -12 -11 -12 -9 -12 -10 -13 -9 -12 -9 -13 -8 -13 -8 -13 -7 0 0 0 0 0 0 0 0 0 0 ]
626,1782727901.295270,18.1264,-62,CSI_DATA,AP,98:F4:AB:29:67:94,-62,11,1,7,1,1,1,1,0,0,1,-96,1,6,1,321893426,0,84,0,0,322.276,384,[84 -64 4 0 0 0 0 0 0 0 0 0 11 -3 11 -3 11 -2 11 -2 11 -2 11 -1 11 -1 10 -1 11 -1 11 -1 11 -1 11 0 11 0 10 0 10 0 11 0 10 0 10 0 9 0 9 0 9 0 9 0 9 1 8 0 8 0 8 0 0 0 8 -1 8 0 8 -1 8 -1 7 -1 7 -1 7 -1 7 -2 7 -2 7 -2 7 -2 7 -2 7 -2 6 -2 6 -3 6 -3 7 -3 6 -3 6 -4 5 -4 6 -4 5 -4 6 -4 6 -4 5 -4 5 -5 0 0 0 0 0 0 0 0 0 0 ]
627,1782727901.540240,17.3890,-62,CSI_DATA,AP,98:F4:AB:29:67:94,-62,11,1,7,1,1,1,1,0,0,1,-96,1,6,1,321984713,0,84,0,0,322.367,384,[84 -64 4 0 0 0 0 0 0 0 0 0 -14 16 -14 15 -15 15 -15 15 -17 15 -15 14 -16 13 -17 12 -17 13 -17 12 -17 12 -17 11 -18 10 -17 11 -16 10 -17 11 -16 10 -16 9 -15 9 -16 8 -15 9 -16 9 -15 9 -14 8 -14 9 -14 10 0 0 -13 9 -13 10 -12 9 -12 9 -11 9 -11 9 -11 10 -11 9 -10 10 -10 10 -10 10 -9 10 -9 11 -8 11 -8 12 -7 11 -8 12 -7 11 -7 12 -6 11 -6 11 -5 12 -5 12 -5 12 -5 12 -4 12 0 0 0 0 0 0 0 0 0 0 ]
628,1782727901.774436,17.1933,-61,CSI_DATA,AP,98:F4:AB:29:67:94,-61,11,1,7,1,1,1,1,0,0,1,-96,1,6,1,322074714,0,84,0,0,322.457,384,[84 -64 4 0 0 0 0 0 0 0 0 0 23 2 23 3 23 4 24 5 22 5 23 6 22 7 21 7 22 7 21 8 22 8 21 8 21 8 20 9 19 9 20 9 19 9 18 8 18 9 17 9 17 10 17 9 16 8 16 7 16 7 17 7 0 0 17 7 16 6 17 6 16 5 15 5 16 5 15 5 15 5 15 4 15 3 16 2 15 2 15 2 15 1 15 1 15 1 15 1 15 -1 14 0 14 -1 15 -1 14 -1 14 -1 14 -3 14 -3 13 -4 0 0 0 0 0 0 0 0 0 0 ]
629,1782727902.003243,18.2075,-62,CSI_DATA,AP,98:F4:AB:29:67:94,-62,11,1,7,1,1,1,1,0,0,1,-96,1,6,1,322164802,0,84,0,0,322.548,384,[84 -64 4 0 0 0 0 0 0 0 0 0 -13 20 -14 19 -14 18 -15 19 -16 17 -17 17 -16 17 -17 16 -17 15 -16 15 -18 15 -18 15 -17 14 -18 13 -18 13 -18 14 -17 13 -16 12 -16 12 -17 11 -16 11 -16 11 -15 11 -15 11 -16 11 -14 12 0 0 -14 11 -14 11 -14 12 -13 11 -12 10 -13 11 -12 11 -11 12 -11 11 -10 12 -10 13 -10 12 -9 12 -9 12 -9 12 -8 13 -8 13 -8 13 -8 13 -7 13 -7 13 -6 13 -6 13 -5 14 -5 13 -5 13 0 0 0 0 0 0 0 0 0 0 ]
630,1782727902.240653,18.5590,-61,CSI_DATA,AP,98:F4:AB:29:67:94,-61,11,1,7,1,1,1,1,0,0,1,-96,1,6,1,322253189,0,84,0,0,322.636,384,[84 -64 4 0 0 0 0 0 0 0 0 0 -13 20 -14 20 -15 19 -15 19 -15 19 -16 17 -17 17 -18 16 -17 16 -18 15 -18 15 -18 14 -18 14 -18 14 -17 12 -19 13 -17 13 -18 12 -16 12 -16 11 -17 10 -16 11 -17 11 -16 11 -16 10 -15 11 0 0 -15 11 -14 12 -14 11 -13 12 -13 10 -12 11 -13 11 -12 11 -12 12 -12 12 -10 13 -10 12 -10 12 -9 12 -9 13 -8 13 -9 13 -8 12 -8 13 -7 13 -8 13 -6 14 -7 14 -5 13 -6 13 -5 14 0 0 0 0 0 0 0 0 0 0 ]
631,1782727902.489193,18.4832,-61,CSI_DATA,AP,98:F4:AB:29:67:94,-61,11,1,7,1,1,1,1,0,0,1,-96,1,6,1,322343753,0,84,0,0,322.726,384,[84 -64 4 0 0 0 0 0 0 0 0 0 11 21 10 21 9 22 9 22 8 21 7 22 6 22 6 22 5 22 5 22 5 22 3 22 3 22 3 22 2 21 2 22 2 20 2 20 2 20 1 19 1 19 1 19 1 19 2 18 2 18 2 18 0 0 2 17 3 18 3 17 3 17 3 16 3 16 3 16 3 15 4 15 4 15 5 15 5 14 5 14 6 14 6 14 6 14 7 13 7 13 7 13 7 12 7 12 8 12 8 12 9 11 8 10 8 10 0 0 0 0 0 0 0 0 0 0 ]
632,1782727902.766128,19.6363,-61,CSI_DATA,AP,98:F4:AB:29:67:94,-61,11,1,7,1,1,1,1,0,0,1,-96,1,6,1,322435594,0,84,0,0,322.818,384,[84 -64 4 0 0 0 0 0 0 0 0 0 -21 -14 -20 -14 -20 -15 -20 -16 -19 -16 -18 -16 -17 -17 -17 -17 -17 -17 -16 -17 -16 -17 -16 -18 -16 -18 -15 -18 -15 -17 -15 -19 -14 -17 -14 -17 -14 -17 -13 -16 -12 -16 -13 -16 -12 -15 -13 -16 -13 -15 -13 -14 0 0 -13 -14 -13 -13 -13 -14 -13 -12 -12 -12 -13 -12 -13 -11 -13 -11 -13 -10 -14 -10 -14 -9 -14 -9 -14 -9 -14 -8 -14 -8 -14 -7 -15 -7 -15 -6 -15 -6 -14 -6 -14 -6 -15 -6 -14 -5 -15 -4 -14 -3 -15 -3 0 0 0 0 0 0 0 0 0 0 ]
633,1782727903.068367,19.2761,-61,CSI_DATA,AP,98:F4:AB:29:67:94,-61,11,1,7,1,1,1,1,0,0,1,-96,1,6,1,322523599,0,84,0,0,322.906,384,[84 -64 4 0 0 0 0 0 0 0 0 0 21 8 21 9 21 10 21 11 21 11 20 11 20 12 18 12 19 12 18 13 18 13 18 13 17 14 17 14 16 14 16 15 16 14 15 14 14 13 14 13 14 13 14 13 13 12 13 12 13 13 14 11 0 0 14 11 14 11 13 11 14 10 12 10 13 9 13 9 13 9 13 8 13 7 14 7 13 7 13 7 13 6 13 6 14 5 14 5 14 4 13 4 14 4 14 4 14 3 14 4 14 3 14 2 13 1 0 0 0 0 0 0 0 0 0 0 ]
634,1782727903.360923,19.4279,-61,CSI_DATA,AP,98:F4:AB:29:67:94,-61,11,1,7,1,1,1,1,0,0,1,-96,1,6,1,322615109,0,84,0,0,322.998,384,[84 -64 4 0 0 0 0 0 0 0 0 0 -14 19 -15 18 -16 18 -16 17 -17 18 -16 16 -17 16 -17 15 -17 15 -19 15 -19 14 -19 14 -19 13 -19 13 -18 13 -19 13 -17 12 -18 12 -17 11 -17 11 -17 11 -16 11 -17 10 -16 10 -16 11 -15 10 0 0 -14 11 -15 12 -14 10 -13 11 -12 10 -12 11 -12 11 -12 12 -12 12 -11 13 -11 12 -10 11 -10 12 -9 12 -9 13 -9 13 -9 13 -8 13 -8 13 -7 13 -7 13 -5 13 -7 14 -6 14 -6 13 -5 13 0 0 0 0 0 0 0 0 0 0 ]
635,1782727903.626824,19.0172,-62,CSI_DATA,AP,98:F4:AB:29:67:94,-62,11,1,7,1,1,1,1,0,0,1,-96,1,6,1,322707799,0,84,0,0,323.091,384,[84 -64 4 0 0 0 0 0 0 0 0 0 22 8 21 9 22 10 21 10 21 12 19 11 19 12 18 12 19 12 19 13 18 14 18 13 18 14 17 14 16 13 18 13 16 12 16 13 15 13 15 13 14 12 14 12 14 12 14 11 14 12 15 10 0 0 14 10 15 10 14 9 14 8 13 9 14 8 14 8 14 7 14 6 14 6 15 5 13 6 14 5 14 4 14 3 14 3 15 3 14 2 14 2 15 1 14 2 14 1 14 1 14 0 14 0 14 -1 0 0 0 0 0 0 0 0 0 0 ]
636,1782727903.867214,19.0111,-61,CSI_DATA,AP,98:F4:AB:29:67:94,-61,11,1,7,1,1,1,1,0,0,1,-96,1,6,1,322799140,0,84,0,0,323.182,384,[84 -64 4 0 0 0 0 0 0 0 0 0 -24 -6 -23 -6 -24 -7 -23 -8 -23 -9 -22 -9 -22 -11 -21 -10 -21 -11 -21 -11 -21 -12 -21 -13 -20 -12 -20 -12 -18 -12 -20 -12 -18 -11 -18 -12 -17 -12 -17 -12 -16 -12 -17 -11 -16 -11 -16 -11 -16 -11 -17 -10 0 0 -16 -9 -17 -9 -16 -9 -16 -8 -14 -9 -15 -8 -15 -8 -15 -7 -16 -7 -16 -6 -16 -5 -15 -5 -15 -5 -15 -4 -16 -4 -15 -4 -16 -4 -15 -3 -15 -3 -15 -2 -15 -2 -16 -2 -16 -2 -16 -1 -15 0 -15 0 0 0 0 0 0 0 0 0 0 0 ]
637,1782727904.101824,18.4252,-61,CSI_DATA,AP,98:F4:AB:29:67:94,-61,11,1,7,1,1,1,1,0,0,1,-96,1,6,1,322885133,0,84,0,0,323.268,384,[84 -64 4 0 0 0 0 0 0 0 0 0 23 1 23 3 24 4 23 4 23 4 22 5 22 6 21 6 22 6 22 7 21 7 21 8 21 8 20 9 19 9 20 9 19 8 18 8 18 7 18 7 17 8 18 7 17 7 16 7 17 7 17 6 0 0 17 6 17 6 16 5 16 4 15 5 15 4 15 4 15 3 16 2 15 1 15 1 14 1 14 1 15 1 15 0 15 -1 15 0 14 -1 14 -2 14 -2 14 -3 14 -3 14 -3 14 -3 14 -4 13 -5 0 0 0 0 0 0 0 0 0 0 ]
638,1782727904.337360,17.0944,-61,CSI_DATA,AP,98:F4:AB:29:67:94,-61,11,1,7,1,1,1,1,0,0,1,-96,1,6,1,322973214,0,84,0,0,323.356,384,[84 -64 4 0 0 0 0 0 0 0 0 0 21 -4 21 -2 21 -2 20 -1 21 -1 20 0 20 0 20 1 20 1 20 2 20 3 20 3 20 3 19 3 18 3 20 3 17 3 18 3 17 3 17 3 17 3 17 3 16 3 16 3 16 3 16 2 0 0 15 1 16 1 15 1 15 0 14 1 14 0 14 -1 14 -1 14 -2 14 -2 14 -2 13 -2 13 -3 13 -3 13 -4 13 -4 13 -4 12 -4 12 -5 12 -6 12 -5 11 -6 12 -6 11 -7 11 -7 10 -7 0 0 0 0 0 0 0 0 0 0 ]
639,1782727904.566193,17.3742,-61,CSI_DATA,AP,98:F4:AB:29:67:94,-61,11,1,7,1,1,1,1,0,0,1,-96,1,6,1,323064178,0,84,0,0,323.447,384,[84 -64 4 0 0 0 0 0 0 0 0 0 22 -9 23 -8 23 -7 22 -6 23 -6 22 -5 24 -4 23 -3 23 -3 22 -3 23 -3 23 -2 23 -2 22 -2 20 -1 22 -1 20 -1 20 -1 20 -1 20 0 19 0 19 -1 18 -1 18 -1 18 -1 18 -2 0 0 17 -2 17 -2 17 -3 17 -3 16 -2 16 -2 15 -3 15 -4 15 -5 14 -5 15 -6 13 -5 14 -6 13 -6 14 -7 13 -7 14 -7 13 -8 13 -8 13 -9 12 -8 12 -8 12 -8 11 -10 11 -10 10 -9 0 0 0 0 0 0 0 0 0 0 ]
640,1782727904.853707,17.4080,-61,CSI_DATA,AP,98:F4:AB:29:67:94,-61,11,1,7,1,1,1,1,0,0,1,-96,1,6,1,323158454,0,84,0,0,323.541,384,[84 -64 4 0 0 0 0 0 0 0 0 0 9 21 7 22 7 22 7 23 6 22 5 23 4 23 3 23 3 23 2 22 3 23 2 23 2 22 2 22 1 21 1 22 1 21 0 20 1 20 0 20 -1 19 0 20 0 18 1 19 0 18 1 18 0 0 1 17 2 18 2 18 2 16 1 16 2 16 2 16 2 15 3 15 4 14 5 15 4 15 5 15 5 15 5 14 6 14 6 13 6 13 6 13 7 12 6 12 7 13 7 12 8 11 8 11 8 11 0 0 0 0 0 0 0 0 0 0 ]
641,1782727905.138407,18.2057,-61,CSI_DATA,AP,98:F4:AB:29:67:94,-61,11,1,7,1,1,1,1,0,0,1,-96,1,6,1,323243668,0,84,0,0,323.626,384,[84 -64 4 0 0 0 0 0 0 0 0 0 -10 -23 -10 -22 -8 -23 -8 -23 -7 -23 -6 -22 -6 -23 -5 -23 -5 -23 -4 -23 -4 -24 -3 -24 -3 -23 -3 -23 -2 -22 -2 -23 -2 -22 -1 -21 -2 -21 -2 -20 -2 -20 -2 -20 -1 -19 -2 -19 -2 -19 -3 -19 0 0 -3 -18 -4 -18 -3 -18 -4 -18 -4 -17 -5 -17 -5 -17 -5 -16 -5 -16 -6 -16 -7 -15 -6 -15 -7 -15 -7 -14 -7 -14 -8 -13 -8 -15 -8 -13 -9 -13 -9 -13 -8 -12 -9 -12 -9 -13 -11 -11 -10 -11 -11 -10 0 0 0 0 0 0 0 0 0 0 ]
642,1782727905.441796,18.5118,-61,CSI_DATA,AP,98:F4:AB:29:67:94,-61,11,1,7,1,1,1,1,0,0,1,-96,1,6,1,323336861,0,84,0,0,323.72,384,[84 -64 4 0 0 0 0 0 0 0 0 0 23 -5 23 -4 25 -6 23 -3 24 -2 21 -1 23 -1 23 -1 24 -1 23 1 22 2 23 3 22 3 23 3 20 3 23 2 20 3 21 3 19 3 20 3 19 3 19 2 18 3 18 3 18 3 18 2 0 0 18 1 18 1 17 0 18 -1 15 0 16 -1 16 0 16 -1 16 -2 16 -2 15 -3 15 -2 15 -3 14 -3 15 -4 14 -5 15 -5 14 -5 14 -5 13 -6 14 -6 13 -6 14 -6 13 -7 13 -7 12 -8 0 0 0 0 0 0 0 0 0 0 ]
643,1782727905.720280,19.0354,-61,CSI_DATA,AP,98:F4:AB:29:67:94,-61,11,1,7,1,1,1,1,0,0,1,-96,1,6,1,323424872,0,84,0,0,323.808,384,[84 -64 4 0 0 0 0 0 0 0 0 0 -16 19 -16 16 -17 17 -18 16 -19 16 -18 15 -19 14 -19 13 -20 13 -19 12 -20 13 -20 12 -20 12 -20 11 -19 9 -20 11 -19 9 -19 9 -17 9 -19 8 -18 7 -18 8 -17 8 -17 8 -17 9 -17 9 0 0 -16 8 -16 9 -15 9 -15 10 -14 8 -14 8 -14 9 -13 9 -13 10 -13 10 -12 11 -11 10 -11 10 -11 10 -11 11 -11 11 -11 11 -9 11 -11 12 -10 12 -9 11 -8 12 -9 12 -8 13 -8 12 -7 13 0 0 0 0 0 0 0 0 0 0 ]
644,1782727906.017268,19.1977,-61,CSI_DATA,AP,98:F4:AB:29:67:94,-61,11,1,7,1,1,1,1,0,0,1,-96,1,6,1,323515374,0,84,0,0,323.898,384,[84 -64 4 0 0 0 0 0 0 0 0 0 23 4 22 5 23 7 22 7 23 9 21 8 21 9 20 10 21 10 20 11 20 11 19 11 19 12 19 12 18 11 19 12 17 11 18 11 16 11 16 11 15 11 16 11 15 11 15 10 15 11 15 9 0 0 15 9 16 9 15 8 15 8 14 8 14 7 14 7 14 7 14 6 15 5 15 5 14 5 15 4 14 4 15 4 14 3 15 3 14 2 14 2 14 1 14 1 14 1 14 1 15 0 14 0 14 -1 0 0 0 0 0 0 0 0 0 0 ]
645,1782727906.517607,19.3517,-61,CSI_DATA,AP,98:F4:AB:29:67:94,-61,11,1,7,1,1,1,1,0,0,1,-96,1,6,1,323603109,0,84,0,0,323.986,384,[84 -64 4 0 0 0 0 0 0 0 0 0 -22 -10 -21 -11 -23 -12 -21 -13 -21 -14 -20 -13 -20 -14 -19 -14 -19 -15 -19 -15 -18 -15 -18 -15 -17 -16 -17 -16 -16 -15 -17 -16 -15 -15 -16 -15 -14 -15 -14 -15 -14 -14 -15 -14 -15 -14 -13 -13 -14 -13 -14 -12 0 0 -15 -13 -15 -12 -15 -12 -14 -11 -12 -11 -14 -10 -14 -9 -14 -10 -14 -9 -15 -8 -15 -8 -14 -8 -15 -7 -14 -7 -15 -7 -15 -6 -15 -6 -14 -5 -15 -5 -15 -4 -15 -4 -15 -4 -15 -4 -15 -3 -15 -2 -15 -2 0 0 0 0 0 0 0 0 0 0 ]
646,1782727906.758951,19.5315,-61,CSI_DATA,AP,98:F4:AB:29:67:94,-61,11,1,7,1,1,1,1,0,0,1,-96,1,6,1,323698898,0,84,0,0,324.082,384,[84 -64 4 0 0 0 0 0 0 0 0 0 -10 22 -9 22 -11 22 -11 20 -12 21 -12 20 -12 20 -12 20 -13 19 -13 18 -14 18 -15 18 -15 18 -15 16 -14 17 -15 18 -13 16 -14 16 -13 15 -13 15 -13 14 -12 15 -13 14 -12 14 -12 15 -12 14 0 0 -10 14 -10 15 -10 15 -9 15 -9 13 -9 14 -8 14 -7 14 -7 15 -6 15 -6 14 -6 13 -6 14 -5 14 -5 14 -4 14 -4 15 -3 14 -3 14 -2 15 -2 14 -1 14 -2 15 -1 14 -1 14 0 14 0 0 0 0 0 0 0 0 0 0 ]
647,1782727906.983722,19.2283,-61,CSI_DATA,AP,98:F4:AB:29:67:94,-61,11,1,7,1,1,1,1,0,0,1,-96,1,6,1,323783585,0,84,0,0,324.166,384,[84 -64 4 0 0 0 0 0 0 0 0 0 7 23 5 22 4 23 5 23 4 23 3 22 2 23 1 23 1 23 0 23 1 23 0 23 0 22 0 22 -1 21 -1 23 -1 21 -1 20 -1 20 -1 20 -1 20 -1 19 -1 19 -1 18 0 18 0 18 0 0 1 17 2 18 1 17 2 16 1 16 2 16 3 16 3 15 3 15 4 15 5 14 4 14 5 14 5 13 5 14 6 13 6 13 7 13 7 13 7 12 7 12 8 12 8 12 9 11 9 11 9 10 0 0 0 0 0 0 0 0 0 0 ]
648,1782727907.224334,19.3239,-61,CSI_DATA,AP,98:F4:AB:29:67:94,-61,11,1,6,1,1,1,1,0,0,0,-96,1,6,1,323875582,0,84,0,0,324.258,384,[84 -64 4 0 0 0 0 0 0 0 0 0 24 11 22 11 23 14 22 13 21 14 20 14 20 16 19 17 19 16 18 17 19 16 18 17 18 17 18 17 17 17 17 18 16 17 15 17 15 16 14 16 14 16 14 16 14 15 14 15 14 14 14 14 0 0 14 14 15 13 14 13 14 12 13 12 14 11 13 11 14 11 14 10 15 9 15 8 15 8 15 8 15 8 15 7 15 7 16 7 15 6 15 6 15 5 15 5 15 5 16 4 16 3 15 2 15 2 0 0 0 0 0 0 0 0 0 0 ]
649,1782727907.464219,18.6355,-61,CSI_DATA,AP,98:F4:AB:29:67:94,-61,11,1,7,1,1,1,1,0,0,1,-96,1,6,1,323963556,0,84,0,0,324.346,384,[84 -64 4 0 0 0 0 0 0 0 0 0 17 16 16 17 16 18 15 18 15 19 13 18 12 19 12 19 13 19 11 20 12 20 11 20 10 19 10 19 9 19 9 20 9 18 9 19 9 17 8 18 8 17 7 17 7 16 7 16 8 16 8 15 0 0 8 16 9 15 9 14 9 14 8 13 9 13 9 13 9 13 9 12 11 12 11 11 10 11 10 11 10 11 11 10 11 10 11 10 11 8 11 8 12 8 11 9 12 7 12 8 13 6 12 6 13 6 0 0 0 0 0 0 0 0 0 0 ]
650,1782727907.694664,18.8223,-61,CSI_DATA,AP,98:F4:AB:29:67:94,-61,11,1,7,1,1,1,1,0,0,1,-96,1,6,1,324053718,0,84,0,0,324.436,384,[84 -64 4 0 0 0 0 0 0 0 0 0 -16 18 -17 16 -18 17 -18 15 -19 15 -19 14 -20 14 -20 13 -20 13 -20 12 -21 12 -21 12 -20 11 -20 10 -19 10 -21 11 -19 10 -19 10 -18 9 -18 9 -18 7 -18 8 -18 9 -17 8 -17 9 -16 9 0 0 -15 9 -16 10 -15 10 -15 10 -14 8 -13 9 -14 9 -13 10 -14 10 -13 11 -12 11 -11 11 -11 10 -11 11 -10 11 -10 12 -10 12 -9 11 -10 12 -10 12 -9 12 -8 12 -8 13 -8 13 -7 13 -7 12 0 0 0 0 0 0 0 0 0 0 ]
651,1782727907.932119,18.9763,-61,CSI_DATA,AP,98:F4:AB:29:67:94,-61,11,1,7,1,1,1,1,0,0,1,-96,1,6,1,324143072,0,84,0,0,324.526,384,[84 -64 4 0 0 0 0 0 0 0 0 0 17 11 16 12 17 12 15 13 16 13 14 14 15 15 14 15 14 15 12 16 13 16 12 15 12 15 12 15 10 15 12 16 10 15 10 15 10 14 10 15 9 14 10 14 9 13 9 13 9 13 9 12 0 0 9 12 10 12 10 11 10 11 9 10 10 11 9 10 10 10 10 10 10 9 11 8 10 8 11 8 10 7 11 7 11 7 11 7 11 6 11 6 11 5 11 6 11 5 11 5 12 4 12 4 11 3 0 0 0 0 0 0 0 0 0 0 ]
652,1782727908.244371,19.5876,-61,CSI_DATA,AP,98:F4:AB:29:67:94,-61,11,1,7,1,1,1,1,0,0,1,-96,1,6,1,324235328,0,84,0,0,324.618,384,[84 -64 4 0 0 0 0 0 0 0 0 0 -4 -25 -2 -24 -1 -24 0 -25 0 -25 1 -24 2 -24 2 -24 3 -24 2 -23 3 -24 3 -23 3 -23 4 -22 4 -22 4 -23 4 -22 4 -21 5 -20 4 -21 3 -20 3 -19 3 -19 2 -19 3 -20 2 -19 0 0 2 -19 1 -19 1 -18 0 -18 0 -17 1 -18 -1 -17 -1 -17 -1 -17 -2 -16 -3 -16 -3 -16 -3 -16 -4 -16 -4 -16 -5 -15 -5 -15 -5 -15 -6 -15 -6 -15 -5 -14 -6 -14 -6 -14 -8 -14 -7 -14 -8 -13 0 0 0 0 0 0 0 0 0 0 ]
653,1782727908.625467,19.4423,-61,CSI_DATA,AP,98:F4:AB:29:67:94,-61,11,1,7,1,1,1,1,0,0,1,-96,1,6,1,324331222,0,84,0,0,324.714,384,[84 -64 4 0 0 0 0 0 0 0 0 0 -7 -23 -5 -23 -5 -25 -5 -23 -5 -25 -4 -23 -3 -24 -2 -24 -2 -24 -1 -24 -1 -24 -1 -24 0 -23 0 -24 1 -22 0 -23 0 -22 0 -22 0 -21 1 -21 1 -20 0 -21 1 -20 0 -19 0 -19 -1 -19 0 0 -1 -18 -2 -19 -2 -18 -2 -18 -2 -17 -3 -17 -3 -17 -4 -17 -4 -16 -4 -17 -5 -16 -5 -15 -5 -15 -5 -15 -6 -15 -7 -14 -7 -15 -7 -14 -7 -14 -8 -14 -7 -14 -8 -13 -8 -13 -9 -13 -9 -11 -9 -12 0 0 0 0 0 0 0 0 0 0 ]
654,1782727908.926094,17.5218,-61,CSI_DATA,AP,98:F4:AB:29:67:94,-61,11,1,7,1,1,1,1,0,0,1,-96,1,6,1,324418626,0,84,0,0,324.801,384,[84 -64 4 0 0 0 0 0 0 0 0 0 20 -4 21 -3 21 -3 21 -2 20 -2 20 -1 20 0 20 0 21 0 20 1 20 1 20 2 20 2 19 2 18 3 19 2 18 3 19 2 17 2 17 3 16 3 16 3 16 2 16 2 16 2 16 2 0 0 16 0 15 1 15 0 15 -1 14 0 14 0 14 -1 14 -1 14 -2 13 -2 13 -3 13 -2 13 -3 13 -3 13 -4 12 -5 13 -4 12 -5 12 -5 12 -6 12 -6 11 -6 11 -6 11 -7 11 -6 10 -7 0 0 0 0 0 0 0 0 0 0 ]
655,1782727909.170612,17.2771,-61,CSI_DATA,AP,98:F4:AB:29:67:94,-61,11,1,7,1,1,1,1,0,0,1,-96,1,6,1,324504958,0,84,0,0,324.888,384,[84 -64 4 0 0 0 0 0 0 0 0 0 21 9 21 9 21 10 20 11 20 11 20 11 19 12 18 13 19 13 18 13 18 14 18 14 17 14 16 14 16 13 17 14 15 13 16 13 15 13 15 13 14 13 14 12 13 11 14 12 13 12 14 11 0 0 14 9 15 10 14 9 14 8 14 8 14 8 14 8 13 7 14 7 14 6 14 6 13 6 14 5 14 5 15 4 14 3 14 4 14 2 14 2 14 2 14 2 14 1 14 1 14 0 14 0 14 -1 0 0 0 0 0 0 0 0 0 0 ]
656,1782727909.409260,16.2850,-61,CSI_DATA,AP,98:F4:AB:29:67:94,-61,11,1,7,1,1,1,1,0,0,1,-96,1,6,1,324593587,0,84,0,0,324.976,384,[84 -64 4 0 0 0 0 0 0 0 0 0 13 16 12 16 12 17 11 17 11 18 10 17 10 18 9 18 9 18 8 18 9 19 8 19 7 18 7 18 7 18 7 19 7 17 6 17 6 16 6 16 6 16 6 16 6 15 5 15 6 15 7 14 0 0 7 14 7 14 7 14 7 13 7 12 8 12 8 12 7 11 8 11 9 11 9 10 9 10 9 9 9 10 10 9 10 8 10 9 10 8 10 7 11 7 10 7 11 6 11 6 11 6 11 5 11 5 0 0 0 0 0 0 0 0 0 0 ]
657,1782727909.639227,16.4941,-61,CSI_DATA,AP,98:F4:AB:29:67:94,-61,11,1,7,1,1,1,1,0,0,1,-96,1,6,1,324683254,0,84,0,0,325.066,384,[84 -64 4 0 0 0 0 0 0 0 0 0 24 2 23 3 24 4 23 5 23 5 22 6 22 7 22 7 22 7 22 7 21 7 22 8 21 8 20 8 19 9 20 10 19 9 18 9 18 8 17 8 17 9 17 8 16 7 16 7 16 7 17 6 0 0 16 6 16 5 16 5 16 4 15 5 15 4 15 4 15 4 15 3 15 2 15 2 14 1 15 1 15 1 15 0 15 0 15 0 14 -1 14 -1 14 -2 14 -2 14 -2 14 -3 14 -4 14 -4 13 -4 0 0 0 0 0 0 0 0 0 0 ]
658,1782727909.867451,16.2850,-61,CSI_DATA,AP,98:F4:AB:29:67:94,-61,11,1,7,1,1,1,1,0,0,1,-96,1,6,1,324776708,0,84,0,0,325.159,384,[84 -64 4 0 0 0 0 0 0 0 0 0 3 -22 4 -21 5 -21 5 -21 6 -21 6 -20 7 -21 7 -20 7 -20 8 -19 9 -20 8 -19 8 -19 9 -19 8 -17 9 -19 8 -17 8 -17 7 -16 8 -17 7 -16 8 -16 8 -15 7 -15 7 -15 7 -15 0 0 5 -15 4 -16 4 -15 4 -16 4 -15 3 -15 3 -15 2 -14 2 -15 1 -14 2 -14 1 -14 1 -14 0 -14 0 -14 -1 -14 -1 -15 -1 -14 -2 -14 -3 -14 -2 -14 -3 -13 -3 -13 -4 -13 -4 -13 -4 -13 0 0 0 0 0 0 0 0 0 0 ]
659,1782727910.095768,16.1118,-62,CSI_DATA,AP,98:F4:AB:29:67:94,-62,11,1,7,1,1,1,1,0,0,1,-96,1,6,1,324865017,0,84,0,0,325.248,384,[84 -64 4 0 0 0 0 0 0 0 0 0 14 15 14 15 13 16 12 16 12 16 11 16 11 17 10 17 10 17 10 18 9 18 9 18 8 18 8 17 8 16 8 18 7 16 7 16 7 16 6 16 6 15 7 15 6 15 6 14 7 15 7 14 0 0 7 14 8 14 7 13 7 12 7 12 7 12 7 12 8 11 8 11 8 11 9 10 9 10 9 9 9 10 9 9 10 8 10 9 10 8 10 8 10 7 10 7 10 7 10 7 11 6 11 5 11 5 0 0 0 0 0 0 0 0 0 0 ]
660,1782727910.333923,16.9983,-61,CSI_DATA,AP,98:F4:AB:29:67:94,-61,11,1,7,1,1,1,1,0,0,1,-96,1,6,1,324953300,0,84,0,0,325.336,384,[84 -64 4 0 0 0 0 0 0 0 0 0 -21 2 -21 1 -22 0 -22 0 -22 -1 -22 -1 -22 -2 -21 -2 -21 -3 -21 -3 -21 -4 -21 -4 -21 -4 -20 -4 -20 -4 -21 -5 -20 -4 -18 -4 -18 -4 -18 -4 -18 -4 -17 -4 -17 -4 -17 -4 -17 -4 -17 -3 0 0 -16 -2 -17 -2 -16 -2 -16 -1 -15 -2 -15 -1 -15 -1 -15 -1 -15 0 -14 1 -15 1 -14 1 -14 1 -14 2 -14 3 -13 3 -14 3 -14 4 -13 4 -13 4 -13 4 -13 5 -13 5 -12 6 -12 6 -11 6 0 0 0 0 0 0 0 0 0 0 ]
661,1782727910.567042,18.5892,-61,CSI_DATA,AP,98:F4:AB:29:67:94,-61,11,1,7,1,1,1,1,0,0,1,-96,1,6,1,325043521,0,84,0,0,325.426,384,[84 -64 4 0 0 0 0 0 0 0 0 0 -21 -13 -19 -13 -20 -15 -19 -15 -19 -16 -18 -15 -18 -16 -17 -16 -17 -17 -17 -18 -16 -18 -16 -18 -15 -18 -14 -18 -14 -17 -15 -18 -13 -16 -13 -17 -12 -16 -12 -16 -12 -16 -12 -16 -12 -16 -12 -16 -12 -15 -12 -15 0 0 -12 -14 -12 -14 -12 -14 -13 -13 -11 -12 -12 -12 -12 -12 -12 -12 -12 -11 -13 -10 -13 -10 -12 -10 -13 -10 -13 -9 -14 -9 -13 -8 -14 -9 -13 -7 -14 -7 -14 -7 -14 -7 -14 -6 -14 -6 -14 -5 -14 -5 -14 -4 0 0 0 0 0 0 0 0 0 0 ]
662,1782727910.796068,19.1823,-61,CSI_DATA,AP,98:F4:AB:29:67:94,-61,11,1,7,1,1,1,1,0,0,1,-96,1,6,1,325133282,0,84,0,0,325.516,384,[84 -64 4 0 0 0 0 0 0 0 0 0 23 1 23 2 24 3 23 4 23 4 22 5 22 6 22 6 22 7 21 8 21 8 21 8 21 8 21 8 19 8 21 9 19 8 19 8 18 8 18 8 18 8 17 8 16 7 16 8 17 7 16 7 0 0 16 5 17 5 16 5 17 4 15 4 16 4 16 4 15 3 15 3 16 2 15 1 14 1 15 1 15 0 16 0 15 -1 16 0 15 -1 14 -1 15 -2 14 -2 14 -3 14 -2 14 -3 14 -4 13 -4 0 0 0 0 0 0 0 0 0 0 ]
663,1782727911.028985,18.9463,-61,CSI_DATA,AP,98:F4:AB:29:67:94,-61,11,1,7,1,1,1,1,0,0,1,-96,1,6,1,325224179,0,84,0,0,325.607,384,[84 -64 4 0 0 0 0 0 0 0 0 0 23 -5 23 -3 24 -3 23 -2 23 -2 23 0 23 0 23 0 23 1 23 1 23 1 23 2 22 2 22 3 21 3 22 3 20 3 20 2 19 3 19 4 19 3 19 3 18 2 18 2 18 2 18 1 0 0 17 1 18 1 17 0 17 -1 16 0 16 0 16 0 15 -1 16 -2 15 -2 15 -3 14 -3 15 -3 14 -3 15 -4 14 -4 14 -5 14 -5 14 -5 14 -6 13 -6 13 -6 13 -6 12 -8 12 -8 11 -8 0 0 0 0 0 0 0 0 0 0 ]
664,1782727911.256560,18.6969,-61,CSI_DATA,AP,98:F4:AB:29:67:94,-61,11,1,7,1,1,1,1,0,0,1,-96,1,6,1,325313293,0,84,0,0,325.696,384,[84 -64 4 0 0 0 0 0 0 0 0 0 2 24 1 24 0 24 -1 24 -1 24 -1 23 -2 23 -2 23 -3 23 -3 22 -3 23 -4 23 -5 23 -5 23 -5 22 -5 22 -5 21 -5 20 -5 20 -5 19 -5 19 -5 19 -5 18 -5 18 -4 18 -3 18 0 0 -3 17 -2 18 -2 17 -2 16 -2 16 -1 16 -1 16 -1 16 0 15 1 15 1 16 1 15 2 16 2 15 2 15 3 15 3 15 3 14 4 14 4 14 4 14 5 13 6 13 6 13 6 13 7 12 0 0 0 0 0 0 0 0 0 0 ]
665,1782727911.486380,18.7444,-61,CSI_DATA,AP,98:F4:AB:29:67:94,-61,11,1,7,1,1,1,1,0,0,1,-96,1,6,1,325405084,0,84,0,0,325.788,384,[84 -64 4 0 0 0 0 0 0 0 0 0 -10 22 -10 20 -11 21 -12 20 -13 20 -13 19 -13 19 -14 19 -14 18 -15 18 -16 18 -15 17 -16 17 -15 16 -14 15 -15 17 -15 15 -15 15 -14 14 -15 14 -14 14 -13 14 -14 13 -14 13 -13 13 -13 13 0 0 -12 13 -11 15 -11 13 -11 14 -10 12 -10 13 -10 13 -9 13 -9 13 -8 14 -8 14 -7 13 -7 14 -6 14 -6 14 -6 14 -6 15 -5 13 -5 14 -4 15 -4 14 -3 14 -3 14 -2 14 -2 14 -2 13 0 0 0 0 0 0 0 0 0 0 ]
666,1782727911.723140,18.0370,-61,CSI_DATA,AP,98:F4:AB:29:67:94,-61,11,1,7,1,1,1,1,0,0,1,-96,1,6,1,325493240,0,84,0,0,325.876,384,[84 -64 4 0 0 0 0 0 0 0 0 0 -1 24 -2 23 -3 24 -2 23 -3 24 -5 22 -4 23 -6 22 -5 22 -7 22 -7 22 -7 22 -8 21 -7 21 -7 20 -8 22 -6 20 -7 20 -7 19 -7 19 -7 18 -6 18 -6 18 -6 18 -5 17 -5 17 0 0 -4 17 -3 18 -3 16 -3 17 -3 16 -2 16 -2 16 -2 15 -1 15 0 15 0 15 0 15 1 15 1 14 2 15 2 14 3 15 3 14 4 14 4 14 4 14 5 14 5 14 5 13 5 13 5 12 0 0 0 0 0 0 0 0 0 0 ]
667,1782727911.960624,17.5875,-61,CSI_DATA,AP,98:F4:AB:29:67:94,-61,11,1,7,1,1,1,1,0,0,1,-96,1,6,1,325589588,0,84,0,0,325.972,384,[84 -64 4 0 0 0 0 0 0 0 0 0 -11 -19 -10 -20 -10 -20 -10 -20 -8 -21 -7 -20 -7 -20 -7 -20 -7 -21 -5 -21 -5 -21 -5 -21 -5 -20 -4 -21 -4 -20 -4 -20 -4 -19 -4 -19 -4 -18 -4 -18 -3 -18 -4 -18 -3 -17 -3 -17 -4 -17 -4 -17 0 0 -5 -16 -5 -16 -5 -15 -6 -15 -5 -15 -5 -14 -6 -14 -6 -14 -6 -13 -7 -13 -7 -13 -7 -13 -7 -12 -8 -12 -8 -12 -8 -12 -9 -12 -9 -11 -9 -11 -9 -11 -9 -11 -10 -10 -9 -10 -10 -10 -10 -9 -10 -9 0 0 0 0 0 0 0 0 0 0 ]
668,1782727912.196581,17.6663,-61,CSI_DATA,AP,98:F4:AB:29:67:94,-61,11,1,7,1,1,1,1,0,0,1,-96,1,6,1,325674250,0,84,0,0,326.057,384,[84 -64 4 0 0 0 0 0 0 0 0 0 14 19 13 18 12 20 12 19 11 20 10 20 10 21 9 20 9 21 8 21 8 22 8 21 7 22 7 21 6 20 6 22 5 20 5 20 5 19 5 18 5 19 4 19 4 18 4 17 4 18 5 17 0 0 5 16 6 17 5 16 5 16 5 15 6 16 6 15 6 14 7 14 7 14 8 13 7 13 7 13 7 13 8 13 8 12 9 13 9 11 9 11 9 11 9 11 10 10 10 10 11 10 10 9 10 9 0 0 0 0 0 0 0 0 0 0 ]
669,1782727912.426073,17.8918,-61,CSI_DATA,AP,98:F4:AB:29:67:94,-61,11,1,7,1,1,1,1,0,0,1,-96,1,6,1,325767222,0,84,0,0,326.15,384,[84 -64 4 0 0 0 0 0 0 0 0 0 11 -22 12 -21 12 -21 14 -20 13 -20 14 -19 15 -19 14 -18 15 -18 15 -17 15 -18 16 -17 16 -16 15 -17 16 -15 16 -16 15 -15 15 -14 15 -14 15 -13 14 -13 15 -14 14 -13 13 -13 13 -13 13 -13 0 0 12 -13 12 -13 12 -13 11 -14 11 -12 10 -13 10 -13 10 -13 9 -13 9 -14 8 -14 8 -13 8 -14 7 -14 7 -14 6 -15 7 -15 5 -14 6 -15 5 -14 5 -14 4 -14 4 -14 3 -15 3 -15 2 -15 0 0 0 0 0 0 0 0 0 0 ]
670,1782727912.670332,18.2576,-61,CSI_DATA,AP,98:F4:AB:29:67:94,-61,11,1,7,1,1,1,1,0,0,1,-96,1,6,1,325853178,0,84,0,0,326.236,384,[84 -64 4 0 0 0 0 0 0 0 0 0 -9 -20 -8 -20 -8 -21 -7 -21 -6 -21 -5 -21 -5 -21 -4 -21 -4 -21 -3 -21 -3 -21 -2 -21 -2 -21 -2 -21 -2 -19 -2 -21 -2 -19 -1 -19 -1 -18 -1 -19 0 -18 -1 -18 0 -17 -2 -17 -1 -18 -2 -17 0 0 -2 -16 -3 -16 -2 -16 -3 -16 -2 -15 -3 -15 -3 -15 -4 -15 -4 -14 -5 -15 -5 -14 -5 -14 -5 -13 -5 -13 -6 -13 -6 -13 -6 -13 -7 -13 -7 -12 -7 -12 -7 -12 -8 -12 -8 -11 -8 -11 -8 -11 -9 -10 0 0 0 0 0 0 0 0 0 0 ]
671,1782727912.908168,19.4733,-61,CSI_DATA,AP,98:F4:AB:29:67:94,-61,11,1,7,1,1,1,1,0,0,1,-96,1,6,1,325942905,0,84,0,0,326.326,384,[84 -64 4 0 0 0 0 0 0 0 0 0 -15 -20 -14 -20 -14 -21 -13 -21 -12 -21 -12 -21 -10 -22 -10 -22 -9 -23 -9 -21 -9 -22 -9 -22 -8 -22 -7 -22 -7 -21 -7 -22 -7 -21 -6 -21 -6 -21 -5 -20 -5 -20 -5 -19 -5 -19 -7 -18 -6 -19 -6 -18 0 0 -6 -18 -7 -18 -7 -17 -7 -16 -7 -16 -7 -16 -7 -16 -8 -15 -8 -15 -9 -14 -9 -14 -9 -13 -10 -14 -9 -14 -10 -13 -10 -12 -10 -13 -10 -12 -10 -12 -10 -12 -10 -11 -11 -11 -11 -11 -12 -10 -11 -10 -12 -9 0 0 0 0 0 0 0 0 0 0 ]
672,1782727913.138124,18.9024,-61,CSI_DATA,AP,98:F4:AB:29:67:94,-61,11,1,7,1,1,1,1,0,0,1,-96,1,6,1,326035946,0,84,0,0,326.419,384,[84 -64 4 0 0 0 0 0 0 0 0 0 7 20 7 19 5 20 5 20 5 20 4 20 3 21 3 21 3 20 2 20 1 20 1 20 0 20 0 20 1 19 0 20 0 19 -1 18 0 18 0 17 -1 17 0 17 -1 16 0 16 0 16 0 16 0 0 0 16 1 15 1 16 2 15 1 14 2 15 2 14 2 13 3 13 3 13 3 13 3 13 4 13 4 13 5 12 5 12 5 13 5 11 5 12 6 12 6 11 7 11 6 11 8 11 7 10 7 10 0 0 0 0 0 0 0 0 0 0 ]
673,1782727913.382005,19.2012,-61,CSI_DATA,AP,98:F4:AB:29:67:94,-61,11,1,7,1,1,1,1,0,0,1,-96,1,6,1,326123002,0,84,0,0,326.506,384,[84 -64 4 0 0 0 0 0 0 0 0 0 -21 12 -21 12 -22 12 -22 9 -22 10 -22 9 -23 8 -23 7 -23 7 -22 5 -23 6 -23 6 -23 4 -22 4 -22 4 -22 4 -21 4 -21 4 -21 3 -20 3 -20 2 -20 2 -19 3 -19 3 -19 3 -19 3 0 0 -18 4 -18 4 -18 5 -17 5 -16 4 -16 4 -16 5 -15 5 -15 6 -15 6 -15 7 -14 7 -14 6 -13 7 -13 8 -14 8 -14 8 -13 8 -13 8 -13 9 -13 9 -12 9 -12 9 -11 10 -11 10 -10 10 0 0 0 0 0 0 0 0 0 0 ]
674,1782727913.619822,18.6815,-62,CSI_DATA,AP,98:F4:AB:29:67:94,-62,11,1,7,1,1,1,1,0,0,1,-96,1,6,1,326217901,0,84,0,0,326.601,384,[84 -64 4 0 0 0 0 0 0 0 0 0 -14 19 -13 18 -15 19 -15 18 -16 18 -15 16 -16 17 -18 17 -17 16 -18 14 -18 15 -19 14 -18 14 -18 13 -17 12 -18 13 -16 12 -17 13 -17 12 -16 11 -17 11 -15 11 -17 12 -16 10 -15 10 -15 11 0 0 -14 11 -14 12 -13 11 -14 12 -12 11 -12 11 -11 12 -11 12 -10 12 -11 13 -10 12 -10 11 -9 11 -9 12 -9 13 -8 13 -8 13 -7 13 -7 13 -6 13 -6 14 -5 14 -6 14 -5 14 -4 13 -4 13 0 0 0 0 0 0 0 0 0 0 ]
675,1782727914.014538,19.0104,-62,CSI_DATA,AP,98:F4:AB:29:67:94,-62,11,1,7,1,1,1,1,0,0,1,-96,1,6,1,326306492,0,84,0,0,326.689,384,[84 -64 4 0 0 0 0 0 0 0 0 0 -25 3 -24 1 -25 0 -25 0 -24 -1 -24 -1 -24 -2 -24 -3 -24 -3 -23 -4 -24 -4 -23 -4 -23 -5 -22 -4 -22 -5 -23 -5 -21 -5 -21 -5 -21 -5 -20 -5 -19 -5 -20 -5 -19 -5 -18 -4 -19 -4 -19 -4 0 0 -18 -3 -18 -2 -18 -2 -18 -2 -17 -2 -17 -2 -16 -2 -16 -1 -17 0 -16 0 -17 1 -15 1 -16 2 -15 1 -15 3 -16 3 -16 3 -15 3 -15 3 -15 4 -15 4 -14 5 -14 5 -14 6 -14 6 -13 6 0 0 0 0 0 0 0 0 0 0 ]
676,1782727914.347216,18.7154,-61,CSI_DATA,AP,98:F4:AB:29:67:94,-61,11,1,7,1,1,1,1,0,0,1,-96,1,6,1,326396039,0,84,0,0,326.779,384,[84 -64 4 0 0 0 0 0 0 0 0 0 13 19 12 20 11 20 11 20 11 21 9 21 9 21 8 21 8 22 7 21 6 22 6 22 6 22 6 22 6 21 5 21 5 20 5 19 5 20 5 19 4 18 5 18 4 18 4 18 5 18 5 17 0 0 5 17 6 17 6 17 6 16 6 15 6 15 6 14 7 14 7 14 7 13 8 13 8 13 8 13 8 13 8 12 9 12 10 11 9 11 10 10 10 10 10 10 11 10 11 9 11 9 11 9 11 8 0 0 0 0 0 0 0 0 0 0 ]
677,1782727914.605109,18.2033,-61,CSI_DATA,AP,98:F4:AB:29:67:94,-61,11,1,7,1,1,1,1,0,0,1,-96,1,6,1,326485183,0,84,0,0,326.868,384,[84 -64 4 0 0 0 0 0 0 0 0 0 23 0 23 1 24 2 23 3 24 3 22 3 22 4 22 5 22 5 22 6 22 6 21 7 21 7 20 7 19 7 21 7 19 7 20 6 18 7 18 7 18 7 18 6 17 6 17 7 17 6 17 5 0 0 17 5 17 4 16 4 17 3 15 4 16 3 15 3 15 2 15 1 16 1 15 0 15 1 15 0 15 0 15 -1 15 -2 15 -1 14 -2 14 -2 14 -3 14 -3 14 -3 14 -3 14 -4 13 -4 13 -5 0 0 0 0 0 0 0 0 0 0 ]
678,1782727914.856089,17.9896,-61,CSI_DATA,AP,98:F4:AB:29:67:94,-61,11,1,7,1,1,1,1,0,0,1,-96,1,6,1,326573862,0,84,0,0,326.957,384,[84 -64 4 0 0 0 0 0 0 0 0 0 23 -8 22 -6 24 -7 23 -4 23 -5 22 -4 23 -4 23 -3 23 -3 24 -1 23 -1 23 -1 23 0 22 0 21 0 23 1 21 0 21 0 19 1 19 1 20 1 20 0 19 1 18 0 18 0 18 -1 0 0 17 -1 18 -1 17 -1 18 -2 16 -1 16 -2 16 -2 16 -3 16 -3 16 -4 15 -5 14 -4 14 -5 14 -5 14 -6 14 -6 14 -6 14 -7 13 -7 13 -7 13 -7 12 -7 13 -7 12 -9 12 -8 11 -9 0 0 0 0 0 0 0 0 0 0 ]
679,1782727915.107508,16.9778,-61,CSI_DATA,AP,98:F4:AB:29:67:94,-61,11,1,7,1,1,1,1,0,0,1,-96,1,6,1,326667442,0,84,0,0,327.05,384,[84 -64 4 0 0 0 0 0 0 0 0 0 2 -22 4 -21 4 -21 5 -21 6 -21 6 -20 7 -20 8 -19 8 -20 8 -19 8 -20 8 -19 9 -19 9 -19 9 -18 9 -18 8 -17 9 -17 9 -16 9 -16 9 -15 8 -15 8 -15 7 -15 7 -15 7 -15 0 0 6 -15 6 -15 6 -15 5 -14 5 -14 5 -14 5 -14 4 -14 4 -14 3 -14 2 -14 3 -14 2 -14 2 -14 2 -15 1 -14 1 -14 1 -14 1 -14 0 -14 1 -13 0 -13 -1 -14 -2 -14 -2 -13 -3 -13 0 0 0 0 0 0 0 0 0 0 ]
680,1782727915.350885,17.7672,-61,CSI_DATA,AP,98:F4:AB:29:67:94,-61,11,1,7,1,1,1,1,0,0,1,-96,1,6,1,326754118,0,84,0,0,327.137,384,[84 -64 4 0 0 0 0 0 0 0 0 0 6 -24 7 -23 8 -23 9 -23 9 -23 10 -22 10 -22 10 -21 11 -21 12 -21 12 -20 12 -21 12 -20 12 -19 11 -18 12 -20 12 -18 12 -18 11 -17 11 -17 11 -17 11 -17 11 -16 10 -16 10 -16 10 -17 0 0 9 -17 8 -16 8 -15 8 -16 7 -15 7 -16 6 -16 6 -16 6 -15 4 -16 4 -16 4 -15 4 -16 3 -16 3 -16 2 -16 2 -16 1 -15 1 -16 1 -15 1 -15 -1 -15 -1 -16 -1 -15 -1 -15 -2 -14 0 0 0 0 0 0 0 0 0 0 ]
681,1782727915.584570,17.7911,-61,CSI_DATA,AP,98:F4:AB:29:67:94,-61,11,1,7,1,1,1,1,0,0,0,-96,1,6,1,326844335,0,84,0,0,327.227,384,[84 -64 4 0 0 0 0 0 0 0 0 0 22 7 21 7 22 10 20 9 21 11 20 11 20 11 18 12 19 12 19 13 18 13 18 13 17 13 17 14 16 13 17 14 15 13 15 12 14 13 15 13 13 12 14 13 14 12 14 12 13 12 14 11 0 0 13 11 15 10 13 10 14 9 13 10 13 9 13 9 13 8 13 7 13 7 14 7 13 7 14 6 13 6 14 5 14 4 14 5 14 4 14 4 14 3 14 3 13 3 14 3 14 2 14 2 13 1 0 0 0 0 0 0 0 0 0 0 ]
682,1782727915.810723,17.9696,-61,CSI_DATA,AP,98:F4:AB:29:67:94,-61,11,1,7,1,1,1,1,0,0,1,-96,1,6,1,326933132,0,84,0,0,327.316,384,[84 -64 4 0 0 0 0 0 0 0 0 0 22 10 20 10 21 12 20 12 19 13 19 13 18 14 18 14 18 14 17 15 17 16 16 15 16 15 16 15 14 15 16 15 15 14 14 15 14 14 13 14 13 14 14 13 13 14 13 13 13 13 13 12 0 0 13 12 14 11 13 11 14 10 12 10 13 10 12 10 13 9 12 8 13 8 13 7 13 7 13 6 12 6 14 6 14 5 14 6 14 5 14 5 14 4 13 4 13 3 14 4 14 2 14 2 14 2 0 0 0 0 0 0 0 0 0 0 ]
683,1782727916.063446,18.0074,-61,CSI_DATA,AP,98:F4:AB:29:67:94,-61,11,1,7,1,1,1,1,0,0,1,-96,1,6,1,327023142,0,84,0,0,327.406,384,[84 -64 4 0 0 0 0 0 0 0 0 0 13 19 12 20 11 20 11 21 10 21 10 21 9 21 8 21 8 21 7 21 8 21 7 21 7 21 6 21 6 20 6 21 5 20 4 19 5 20 4 19 3 19 5 18 4 17 4 17 5 17 6 17 0 0 5 17 6 16 6 16 6 15 6 15 6 15 6 15 6 14 7 14 8 13 8 12 7 13 8 12 8 12 8 12 9 11 9 11 10 11 10 10 10 10 10 10 10 9 11 9 11 8 11 8 11 8 0 0 0 0 0 0 0 0 0 0 ]
684,1782727916.325949,17.5027,-61,CSI_DATA,AP,98:F4:AB:29:67:94,-61,11,1,7,1,1,1,1,0,0,1,-96,1,6,1,327116681,0,84,0,0,327.499,384,[84 -64 4 0 0 0 0 0 0 0 0 0 0 -21 -1 -21 -1 -21 1 -22 2 -21 2 -21 3 -21 3 -22 4 -22 4 -20 6 -19 6 -20 5 -19 6 -19 6 -18 7 -20 6 -18 6 -19 6 -17 6 -17 6 -17 6 -16 6 -16 6 -16 6 -16 5 -16 0 0 5 -16 4 -16 4 -16 4 -16 4 -14 3 -15 3 -14 3 -14 3 -14 2 -15 1 -15 2 -14 1 -14 0 -14 0 -14 0 -14 0 -15 0 -14 -1 -14 -1 -14 -1 -14 -1 -14 -1 -14 -3 -13 -2 -13 -3 -13 0 0 0 0 0 0 0 0 0 0 ]
685,1782727916.566706,17.0331,-61,CSI_DATA,AP,98:F4:AB:29:67:94,-61,11,1,7,1,1,1,1,0,0,1,-96,1,6,1,327205696,0,84,0,0,327.588,384,[84 -64 4 0 0 0 0 0 0 0 0 0 18 -12 18 -11 19 -11 19 -10 18 -10 18 -8 19 -8 18 -8 19 -7 19 -7 20 -7 20 -6 19 -6 19 -5 18 -5 19 -6 18 -4 18 -4 17 -5 17 -4 16 -4 17 -4 16 -4 15 -4 16 -4 16 -5 0 0 15 -5 15 -6 14 -6 14 -6 13 -5 13 -6 13 -6 13 -6 12 -7 12 -7 12 -8 11 -7 11 -8 11 -8 10 -8 11 -9 10 -9 10 -9 10 -9 9 -9 9 -9 9 -10 9 -10 8 -10 8 -11 8 -10 0 0 0 0 0 0 0 0 0 0 ]
686,1782727916.801375,17.6313,-61,CSI_DATA,AP,98:F4:AB:29:67:94,-61,11,1,7,1,1,1,1,0,0,1,-96,1,6,1,327293178,0,84,0,0,327.676,384,[84 -64 4 0 0 0 0 0 0 0 0 0 11 20 10 20 10 21 9 22 9 22 7 22 7 22 6 22 6 22 5 22 6 22 5 22 5 22 5 21 4 21 4 22 4 21 4 20 4 20 3 19 3 19 3 19 3 18 3 17 4 18 4 17 0 0 4 17 5 17 5 16 6 16 4 15 5 15 6 15 6 14 6 14 7 13 7 13 8 13 8 13 8 13 8 12 9 12 9 12 9 11 10 11 10 10 10 10 10 10 10 10 11 9 11 8 11 8 0 0 0 0 0 0 0 0 0 0 ]
687,1782727917.055313,18.1865,-61,CSI_DATA,AP,98:F4:AB:29:67:94,-61,11,1,7,1,1,1,1,0,0,1,-96,1,6,1,327392994,0,84,0,0,327.776,384,[84 -64 4 0 0 0 0 0 0 0 0 0 20 -13 20 -12 21 -12 22 -11 21 -10 21 -10 22 -9 21 -8 22 -8 21 -7 22 -7 22 -7 22 -6 22 -7 20 -6 22 -6 21 -5 20 -6 19 -6 19 -5 19 -4 19 -5 18 -5 18 -6 18 -5 18 -6 0 0 17 -6 17 -7 16 -7 16 -8 15 -7 15 -7 15 -7 14 -8 14 -7 13 -9 13 -9 12 -8 12 -9 12 -9 12 -10 11 -11 11 -11 11 -11 11 -11 10 -11 10 -12 9 -11 9 -12 8 -13 8 -12 8 -13 0 0 0 0 0 0 0 0 0 0 ]
688,1782727917.279028,18.3347,-61,CSI_DATA,AP,98:F4:AB:29:67:94,-61,11,1,7,1,1,1,1,0,0,1,-96,1,6,1,327477657,0,84,0,0,327.86,384,[84 -64 4 0 0 0 0 0 0 0 0 0 5 23 5 23 3 23 2 23 2 23 1 23 0 23 -1 23 -1 23 -2 22 -1 23 -2 23 -3 22 -2 22 -3 21 -4 22 -3 21 -4 20 -3 20 -4 19 -4 19 -3 19 -3 18 -3 18 -3 18 -2 18 0 0 -3 18 -1 18 -1 17 -1 17 -1 16 -1 16 0 16 0 16 0 16 1 15 1 15 1 15 2 15 2 15 3 14 3 14 3 15 4 14 4 14 4 14 4 14 4 14 5 14 6 13 6 12 6 12 0 0 0 0 0 0 0 0 0 0 ]
689,1782727917.527083,18.0401,-61,CSI_DATA,AP,98:F4:AB:29:67:94,-61,11,1,7,1,1,1,1,0,0,1,-96,1,6,1,327569276,0,84,0,0,327.952,384,[84 -64 4 0 0 0 0 0 0 0 0 0 21 9 21 11 21 11 21 12 20 12 19 13 20 13 18 13 19 14 18 14 18 15 18 15 17 15 16 15 15 15 16 15 15 14 14 14 15 14 14 14 13 14 14 14 13 13 13 13 13 12 13 12 0 0 13 12 13 11 13 11 14 10 13 10 13 9 13 9 13 9 13 8 13 7 14 7 13 7 13 7 14 6 14 6 14 5 14 5 14 4 14 4 14 3 14 3 14 3 14 3 14 2 14 2 14 1 0 0 0 0 0 0 0 0 0 0 ]
690,1782727917.770925,18.5724,-61,CSI_DATA,AP,98:F4:AB:29:67:94,-61,11,1,7,1,1,1,1,0,0,1,-96,1,6,1,327653080,0,84,0,0,328.036,384,[84 -64 4 0 0 0 0 0 0 0 0 0 3 24 2 23 1 24 0 23 0 24 -1 23 -1 23 -3 22 -3 23 -4 23 -4 23 -5 22 -4 22 -5 22 -4 20 -5 23 -5 20 -5 21 -5 20 -5 20 -5 19 -4 19 -5 19 -4 18 -4 18 -4 18 0 0 -3 17 -2 18 -2 17 -2 17 -2 16 -1 17 -1 16 -1 16 -1 15 1 16 1 15 1 15 1 15 2 14 2 15 3 14 3 16 3 14 4 14 4 14 4 14 5 13 5 14 5 13 4 13 6 12 0 0 0 0 0 0 0 0 0 0 ]
691,1782727918.030352,17.5997,-61,CSI_DATA,AP,98:F4:AB:29:67:94,-61,11,1,7,1,1,1,1,0,0,1,-96,1,6,1,327747645,0,84,0,0,328.13,384,[84 -64 4 0 0 0 0 0 0 0 0 0 12 17 10 17 10 18 10 18 9 19 8 18 8 19 7 19 7 19 6 19 7 20 6 19 6 19 6 19 5 18 5 19 5 17 4 18 5 18 4 17 4 16 4 16 4 15 4 16 5 16 5 15 0 0 5 14 6 14 6 14 6 13 5 13 6 13 6 13 6 12 7 12 7 12 8 11 7 11 8 11 8 10 8 10 8 9 9 10 9 9 9 9 9 8 9 8 10 8 10 8 10 7 10 7 10 6 0 0 0 0 0 0 0 0 0 0 ]
692,1782727918.272603,18.3912,-61,CSI_DATA,AP,98:F4:AB:29:67:94,-61,11,1,7,1,1,1,1,0,0,1,-96,1,6,1,327835278,0,84,0,0,328.218,384,[84 -64 4 0 0 0 0 0 0 0 0 0 12 -21 12 -21 13 -20 14 -20 14 -19 15 -19 15 -19 15 -18 16 -18 15 -17 16 -17 17 -17 16 -16 16 -16 16 -15 16 -15 17 -15 16 -13 16 -14 15 -13 15 -13 15 -13 14 -13 14 -12 14 -13 14 -13 0 0 13 -13 13 -13 13 -13 11 -13 11 -12 11 -13 10 -13 10 -13 10 -14 9 -13 9 -14 8 -13 8 -14 7 -14 7 -14 7 -14 7 -14 6 -14 6 -15 5 -15 5 -14 4 -14 4 -14 4 -15 3 -14 3 -15 0 0 0 0 0 0 0 0 0 0 ]
693,1782727918.516111,18.3566,-61,CSI_DATA,AP,98:F4:AB:29:67:94,-61,11,1,7,1,1,1,1,0,0,1,-96,1,6,1,327929232,0,84,0,0,328.312,384,[84 -64 4 0 0 0 0 0 0 0 0 0 -12 20 -13 19 -13 19 -15 19 -15 19 -15 18 -15 17 -17 17 -17 17 -16 16 -17 16 -17 16 -17 15 -17 15 -17 15 -17 15 -17 14 -16 13 -16 13 -16 13 -15 12 -16 13 -15 12 -14 12 -14 12 -14 13 0 0 -13 12 -13 13 -13 13 -12 13 -11 12 -11 13 -11 12 -10 12 -11 13 -10 13 -8 13 -8 13 -8 13 -8 14 -8 13 -7 14 -7 13 -6 14 -6 13 -5 14 -5 14 -4 14 -4 14 -3 14 -3 14 -3 14 0 0 0 0 0 0 0 0 0 0 ]
694,1782727918.756608,18.8785,-61,CSI_DATA,AP,98:F4:AB:29:67:94,-61,11,1,7,1,1,1,1,0,0,1,-96,1,6,1,328013112,0,84,0,0,328.396,384,[84 -64 4 0 0 0 0 0 0 0 0 0 15 -19 16 -18 16 -18 17 -17 17 -17 17 -15 18 -15 19 -14 19 -14 18 -13 19 -14 20 -13 19 -13 19 -13 18 -12 19 -12 19 -11 18 -11 17 -11 18 -10 17 -10 17 -10 16 -9 16 -11 16 -11 16 -11 0 0 15 -10 14 -10 14 -10 14 -11 13 -10 13 -10 12 -11 12 -11 12 -11 11 -11 11 -12 10 -11 10 -12 10 -12 9 -13 10 -13 9 -13 8 -13 8 -13 8 -14 7 -13 7 -13 7 -13 6 -14 5 -14 5 -14 0 0 0 0 0 0 0 0 0 0 ]
695,1782727919.004776,18.0214,-61,CSI_DATA,AP,98:F4:AB:29:67:94,-61,11,1,6,1,1,1,1,0,0,0,-96,1,6,1,328106943,0,84,0,0,328.49,384,[84 -64 4 0 0 0 0 0 0 0 0 0 -17 -12 -17 -13 -17 -13 -17 -14 -16 -14 -15 -15 -14 -15 -13 -16 -14 -16 -14 -16 -14 -16 -14 -16 -13 -16 -13 -16 -12 -16 -11 -17 -11 -16 -11 -16 -10 -15 -10 -16 -10 -15 -10 -15 -10 -15 -9 -14 -10 -14 -10 -14 0 0 -10 -13 -10 -13 -10 -13 -10 -11 -9 -12 -10 -12 -10 -11 -10 -11 -10 -11 -11 -9 -12 -9 -11 -9 -11 -9 -11 -9 -11 -9 -12 -8 -12 -8 -11 -7 -12 -7 -12 -7 -12 -7 -12 -6 -12 -6 -12 -5 -12 -5 -13 -5 0 0 0 0 0 0 0 0 0 0 ]
696,1782727919.252851,18.9058,-61,CSI_DATA,AP,98:F4:AB:29:67:94,-61,11,1,7,1,1,1,1,0,0,1,-96,1,6,1,328197664,0,84,0,0,328.58,384,[84 -64 4 0 0 0 0 0 0 0 0 0 2 -25 3 -24 4 -24 5 -25 5 -23 6 -23 6 -22 7 -23 8 -23 8 -21 8 -22 8 -22 8 -22 9 -22 9 -20 9 -21 9 -20 9 -19 9 -19 9 -18 9 -18 8 -18 9 -17 8 -17 7 -18 7 -18 0 0 6 -17 7 -18 6 -17 5 -16 5 -16 5 -16 4 -16 4 -16 4 -16 3 -16 2 -16 2 -16 1 -16 2 -16 1 -16 1 -16 0 -16 0 -16 0 -16 -1 -15 -1 -15 -2 -15 -2 -16 -3 -15 -3 -15 -4 -14 0 0 0 0 0 0 0 0 0 0 ]
697,1782727919.515650,18.9326,-61,CSI_DATA,AP,98:F4:AB:29:67:94,-61,11,1,7,1,1,1,1,0,0,1,-96,1,6,1,328286714,0,84,0,0,328.67,384,[84 -64 4 0 0 0 0 0 0 0 0 0 14 20 12 19 12 20 11 20 11 20 9 20 10 21 9 21 9 21 8 21 8 21 7 21 7 21 6 21 7 20 6 22 6 19 5 20 5 19 6 18 4 18 5 18 4 17 5 18 5 18 6 17 0 0 6 16 7 17 6 16 7 15 6 15 7 15 7 15 7 14 8 14 8 13 9 12 8 12 9 12 9 12 9 12 9 11 10 11 10 10 10 10 10 9 10 9 11 9 11 9 12 9 11 7 11 7 0 0 0 0 0 0 0 0 0 0 ]
698,1782727919.919472,18.8061,-60,CSI_DATA,AP,98:F4:AB:29:67:94,-60,11,1,5,1,1,1,1,0,0,0,-96,1,6,1,328380417,0,84,0,0,328.763,384,[84 -64 4 0 0 0 0 0 0 0 0 0 11 -3 11 -3 12 -2 11 -2 11 -2 11 -1 11 -1 11 0 11 0 11 0 11 0 11 1 11 0 10 1 9 1 11 1 10 1 10 0 9 1 9 1 9 1 9 1 9 1 8 1 9 1 8 0 0 0 8 0 9 0 8 0 8 -1 7 -1 7 -1 7 -1 7 -1 7 -1 7 -2 7 -2 6 -2 7 -2 6 -2 7 -3 6 -3 7 -3 6 -3 6 -3 6 -3 6 -3 6 -3 6 -4 6 -4 5 -4 5 -4 0 0 0 0 0 0 0 0 0 0 ]
699,1782727920.250466,18.5342,-57,CSI_DATA,AP,98:F4:AB:29:67:94,-57,11,1,1,1,1,1,1,0,0,0,-96,1,6,1,328481091,0,84,0,0,328.864,384,[84 -64 4 0 0 0 0 0 0 0 0 0 8 -23 8 -21 9 -23 9 -21 10 -22 10 -19 11 -20 12 -20 11 -20 13 -18 14 -19 14 -18 14 -17 14 -18 12 -16 14 -19 11 -16 12 -17 12 -15 12 -16 11 -16 11 -16 12 -14 12 -14 12 -14 11 -14 0 0 9 -15 9 -16 8 -15 8 -16 7 -13 7 -15 7 -15 7 -15 6 -14 6 -16 5 -15 5 -14 5 -14 4 -14 4 -16 3 -15 3 -16 3 -15 2 -15 1 -15 1 -15 0 -14 1 -16 1 -15 0 -16 -2 -14 0 0 0 0 0 0 0 0 0 0 ]
700,1782727920.505852,18.0018,-61,CSI_DATA,AP,98:F4:AB:29:67:94,-61,11,1,7,1,1,1,1,0,0,0,-96,1,6,1,328554108,0,84,0,0,328.937,384,[84 -64 4 0 0 0 0 0 0 0 0 0 13 20 12 20 12 20 11 21 10 21 10 21 10 21 9 21 9 21 8 21 7 21 7 21 7 21 6 21 6 21 6 22 5 20 4 19 5 19 5 19 5 18 5 18 4 18 4 17 5 17 6 17 0 0 6 17 6 16 6 17 7 15 6 15 6 15 7 14 7 14 7 14 8 13 8 13 8 13 8 13 8 13 9 12 9 11 10 12 10 11 10 10 10 9 10 9 11 10 11 9 11 9 11 8 11 8 0 0 0 0 0 0 0 0 0 0 ]
701,1782727920.754768,17.8310,-62,CSI_DATA,AP,98:F4:AB:29:67:94,-62,11,1,7,1,1,1,1,0,0,0,-96,1,6,1,328644556,0,84,0,0,329.027,384,[84 -64 4 0 0 0 0 0 0 0 0 0 3 24 1 22 0 24 1 23 1 24 -1 23 -1 23 -2 23 -2 23 -3 23 -3 23 -3 23 -4 22 -3 22 -3 21 -3 22 -4 20 -4 21 -3 19 -4 20 -4 19 -3 19 -4 19 -4 17 -3 18 -3 18 0 0 -1 17 -1 18 0 16 0 17 -1 16 0 16 1 16 1 16 1 15 2 16 2 15 2 14 3 14 4 14 4 14 5 13 5 15 5 13 6 13 6 12 5 13 7 12 7 13 8 12 7 11 8 11 0 0 0 0 0 0 0 0 0 0 ]
702,1782727921.011095,18.4937,-61,CSI_DATA,AP,98:F4:AB:29:67:94,-61,11,1,7,1,1,1,1,0,0,0,-96,1,6,1,328734995,0,84,0,0,329.118,384,[84 -64 4 0 0 0 0 0 0 0 0 0 -24 -7 -23 -8 -24 -10 -23 -9 -23 -10 -22 -10 -22 -11 -21 -11 -21 -11 -20 -13 -21 -12 -21 -13 -20 -14 -19 -13 -19 -12 -20 -13 -19 -12 -18 -11 -17 -12 -18 -12 -17 -12 -17 -11 -16 -11 -16 -11 -16 -10 -16 -10 0 0 -16 -9 -17 -9 -16 -8 -16 -7 -15 -7 -16 -8 -15 -7 -15 -6 -17 -5 -16 -5 -17 -5 -15 -5 -15 -4 -15 -4 -16 -3 -16 -2 -16 -3 -16 -1 -16 -1 -16 0 -15 -1 -15 0 -16 0 -16 1 -15 1 -15 2 0 0 0 0 0 0 0 0 0 0 ]
703,1782727921.261728,18.6606,-61,CSI_DATA,AP,98:F4:AB:29:67:94,-61,11,1,7,1,1,1,1,0,0,0,-96,1,6,1,328830548,0,84,0,0,329.213,384,[84 -64 4 0 0 0 0 0 0 0 0 0 -17 17 -18 16 -18 15 -19 15 -19 15 -19 13 -20 14 -20 12 -20 12 -20 12 -21 12 -21 12 -21 11 -20 10 -19 9 -20 10 -20 10 -19 9 -19 9 -19 8 -18 7 -18 8 -17 8 -17 9 -17 8 -17 9 0 0 -16 8 -16 10 -15 9 -15 9 -14 9 -14 8 -14 9 -13 10 -14 10 -13 10 -12 12 -11 11 -11 11 -11 11 -11 11 -10 12 -10 12 -10 12 -10 12 -9 13 -9 12 -8 13 -8 12 -7 13 -7 13 -6 13 0 0 0 0 0 0 0 0 0 0 ]
704,1782727921.498216,18.6595,-61,CSI_DATA,AP,98:F4:AB:29:67:94,-61,11,1,6,1,1,1,1,0,0,0,-96,1,6,1,328914992,0,84,0,0,329.298,384,[84 -64 4 0 0 0 0 0 0 0 0 0 -20 12 -20 11 -21 12 -21 11 -22 10 -22 9 -22 9 -22 8 -22 8 -22 7 -22 7 -22 6 -22 6 -22 5 -21 5 -22 5 -21 5 -21 5 -20 4 -19 4 -19 5 -19 4 -19 4 -18 4 -18 4 -18 5 0 0 -17 5 -17 6 -16 6 -17 6 -15 6 -15 6 -15 6 -15 7 -15 7 -15 8 -14 8 -13 8 -13 8 -13 8 -13 9 -12 10 -13 10 -12 9 -12 10 -11 10 -11 10 -10 11 -10 10 -9 11 -9 11 -9 11 0 0 0 0 0 0 0 0 0 0 ]
705,1782727921.743940,18.6285,-60,CSI_DATA,AP,98:F4:AB:29:67:94,-60,11,1,6,1,1,1,1,0,0,0,-96,1,6,1,329007407,0,84,0,0,329.39,384,[84 -64 4 0 0 0 0 0 0 0 0 0 -17 16 -18 15 -19 15 -19 15 -20 14 -19 13 -20 12 -20 12 -20 11 -20 11 -21 11 -21 11 -20 10 -20 10 -19 9 -21 10 -20 9 -19 9 -18 8 -18 9 -18 8 -18 8 -17 8 -17 8 -17 8 -16 9 0 0 -16 9 -16 9 -15 9 -15 10 -14 9 -14 9 -13 9 -13 9 -13 10 -12 11 -12 11 -11 10 -11 10 -11 11 -10 11 -10 12 -10 12 -8 12 -9 12 -8 12 -7 12 -7 13 -7 13 -6 13 -6 13 -5 13 0 0 0 0 0 0 0 0 0 0 ]
706,1782727921.994407,19.1699,-60,CSI_DATA,AP,98:F4:AB:29:67:94,-60,11,1,6,1,1,1,1,0,0,0,-96,1,6,1,329092955,0,84,0,0,329.476,384,[84 -64 4 0 0 0 0 0 0 0 0 0 -4 -24 -3 -24 -3 -25 -2 -24 -1 -24 0 -24 1 -24 2 -23 1 -24 2 -23 2 -24 3 -23 3 -23 3 -23 3 -21 4 -22 3 -21 3 -21 3 -20 4 -20 3 -19 4 -19 4 -19 3 -19 2 -19 2 -19 0 0 2 -19 1 -19 1 -18 0 -17 0 -17 0 -17 0 -17 -1 -17 -1 -16 -2 -17 -3 -16 -3 -15 -3 -16 -4 -15 -4 -15 -5 -15 -4 -16 -5 -15 -5 -15 -6 -14 -5 -14 -6 -13 -6 -14 -8 -14 -7 -13 -8 -12 0 0 0 0 0 0 0 0 0 0 ]
707,1782727922.262930,18.8039,-61,CSI_DATA,AP,98:F4:AB:29:67:94,-61,11,1,6,1,1,1,1,0,0,0,-96,1,6,1,329186005,0,84,0,0,329.569,384,[84 -64 4 0 0 0 0 0 0 0 0 0 -4 23 -5 22 -6 23 -7 22 -7 22 -8 21 -8 22 -10 21 -9 20 -9 20 -10 20 -10 20 -10 19 -11 19 -10 18 -11 20 -11 19 -11 17 -10 17 -10 16 -10 16 -10 16 -9 15 -9 15 -9 16 -9 16 0 0 -8 15 -8 16 -7 15 -7 15 -7 14 -6 15 -6 15 -6 14 -6 15 -4 14 -4 15 -4 14 -3 14 -3 15 -3 14 -2 15 -2 15 -2 14 -1 15 0 14 -1 14 0 14 0 14 1 14 2 13 2 13 0 0 0 0 0 0 0 0 0 0 ]
708,1782727922.516369,18.7960,-61,CSI_DATA,AP,98:F4:AB:29:67:94,-61,11,1,7,1,1,1,1,0,0,0,-96,1,6,1,329273144,0,84,0,0,329.656,384,[84 -64 4 0 0 0 0 0 0 0 0 0 25 2 22 3 26 4 23 5 24 5 21 5 21 7 22 7 23 7 22 7 21 9 21 8 20 9 20 9 19 9 21 9 19 9 19 9 17 9 17 8 17 8 17 8 17 8 16 7 17 8 17 7 0 0 16 7 17 6 16 6 17 5 14 5 15 5 15 4 15 4 15 3 15 2 15 2 15 2 15 2 15 1 15 1 15 0 15 0 14 0 14 -1 14 -2 14 -1 14 -2 15 -2 14 -3 14 -3 13 -4 0 0 0 0 0 0 0 0 0 0 ]
709,1782727922.812967,18.7183,-61,CSI_DATA,AP,98:F4:AB:29:67:94,-61,11,1,7,1,1,1,1,0,0,0,-96,1,6,1,329366264,0,84,0,0,329.749,384,[84 -64 4 0 0 0 0 0 0 0 0 0 -28 2 -27 1 -28 1 -28 0 -28 -2 -26 -2 -27 -2 -27 -2 -27 -4 -27 -4 -27 -4 -26 -5 -27 -6 -25 -6 -25 -6 -27 -7 -24 -6 -25 -7 -23 -6 -23 -7 -22 -6 -22 -6 -22 -5 -21 -5 -22 -6 -22 -4 0 0 -20 -4 -22 -3 -21 -3 -21 -3 -19 -3 -19 -3 -19 -2 -19 -2 -19 -1 -19 0 -19 1 -17 -1 -18 1 -18 1 -18 2 -18 3 -18 3 -18 3 -18 4 -17 5 -17 4 -17 4 -17 4 -16 6 -16 5 -15 7 0 0 0 0 0 0 0 0 0 0 ]
710,1782727923.106656,18.8244,-62,CSI_DATA,AP,98:F4:AB:29:67:94,-62,11,1,7,1,1,1,1,0,0,0,-96,1,6,1,329456114,0,84,0,0,329.839,384,[84 -64 4 0 0 0 0 0 0 0 0 0 -23 -8 -22 -9 -23 -10 -22 -11 -22 -12 -21 -12 -21 -12 -20 -13 -21 -13 -20 -14 -19 -15 -19 -15 -19 -16 -18 -15 -17 -14 -19 -14 -17 -14 -17 -13 -16 -13 -15 -14 -14 -14 -16 -12 -15 -13 -15 -13 -14 -13 -15 -12 0 0 -15 -11 -16 -10 -15 -10 -16 -10 -14 -9 -15 -10 -15 -9 -15 -10 -15 -8 -15 -8 -15 -7 -15 -7 -15 -6 -14 -6 -16 -5 -15 -5 -16 -6 -15 -4 -15 -4 -15 -3 -15 -4 -15 -3 -15 -4 -16 -2 -15 -1 -15 -1 0 0 0 0 0 0 0 0 0 0 ]
711,1782727923.369511,18.2891,-61,CSI_DATA,AP,98:F4:AB:29:67:94,-61,11,1,7,1,1,1,1,0,0,0,-96,1,6,1,329544466,0,84,0,0,329.927,384,[84 -64 4 0 0 0 0 0 0 0 0 0 22 7 22 8 21 9 21 10 21 11 21 10 20 11 19 12 19 12 18 12 19 13 18 12 18 13 17 13 17 12 17 13 17 12 15 12 15 12 15 12 14 13 15 11 14 11 14 11 14 11 14 10 0 0 14 9 15 9 14 9 14 8 14 8 13 8 14 8 14 7 14 6 14 5 14 5 14 4 14 4 15 4 14 4 14 3 14 4 14 2 14 2 14 1 14 1 14 1 14 1 14 0 14 0 13 -1 0 0 0 0 0 0 0 0 0 0 ]
712,1782727923.639912,18.8806,-61,CSI_DATA,AP,98:F4:AB:29:67:94,-61,11,1,7,1,1,1,1,0,0,0,-96,1,6,1,329633052,0,84,0,0,330.016,384,[84 -64 4 0 0 0 0 0 0 0 0 0 -12 -21 -10 -22 -10 -23 -10 -23 -9 -23 -8 -23 -8 -23 -8 -23 -7 -24 -6 -23 -6 -24 -5 -23 -4 -23 -4 -23 -5 -22 -4 -22 -4 -22 -3 -21 -4 -21 -4 -21 -4 -20 -4 -20 -4 -19 -3 -19 -4 -19 -4 -19 0 0 -5 -18 -5 -18 -5 -18 -5 -17 -5 -17 -6 -17 -6 -16 -7 -15 -7 -15 -7 -15 -8 -16 -8 -15 -8 -15 -8 -14 -8 -14 -9 -13 -9 -14 -9 -13 -10 -13 -10 -12 -9 -12 -10 -11 -10 -12 -11 -11 -10 -11 -11 -10 0 0 0 0 0 0 0 0 0 0 ]
713,1782727923.904024,18.0851,-61,CSI_DATA,AP,98:F4:AB:29:67:94,-61,11,1,7,1,1,1,1,0,0,0,-96,1,6,1,329723041,0,84,0,0,330.106,384,[84 -64 4 0 0 0 0 0 0 0 0 0 12 20 10 20 10 22 9 21 9 22 7 20 7 22 7 21 6 22 6 23 6 22 5 22 4 22 4 22 4 20 4 22 4 20 3 21 3 20 3 19 3 19 3 18 3 19 3 17 4 17 4 16 0 0 4 17 5 17 5 16 6 16 4 14 6 15 6 15 5 15 6 14 7 14 7 14 7 13 8 13 7 12 8 13 8 12 9 12 9 11 9 11 10 10 9 10 10 10 10 11 11 10 10 9 10 8 0 0 0 0 0 0 0 0 0 0 ]
714,1782727924.148529,18.3653,-62,CSI_DATA,AP,98:F4:AB:29:67:94,-62,11,1,7,1,1,1,1,0,0,0,-96,1,6,1,329814386,0,84,0,0,330.197,384,[84 -64 4 0 0 0 0 0 0 0 0 0 -23 -6 -23 -7 -24 -8 -23 -9 -23 -9 -22 -10 -21 -10 -21 -11 -21 -12 -21 -12 -20 -11 -21 -12 -21 -12 -19 -12 -19 -12 -19 -13 -18 -12 -18 -12 -18 -12 -17 -12 -17 -12 -16 -12 -16 -11 -16 -11 -16 -10 -17 -10 0 0 -16 -9 -16 -9 -16 -9 -16 -8 -15 -8 -16 -8 -15 -8 -15 -7 -15 -7 -16 -6 -16 -5 -15 -5 -15 -4 -15 -5 -16 -4 -16 -3 -16 -3 -15 -3 -16 -3 -15 -2 -15 -2 -15 -2 -15 -1 -16 0 -15 0 -15 0 0 0 0 0 0 0 0 0 0 0 ]
715,1782727924.397309,18.0435,-61,CSI_DATA,AP,98:F4:AB:29:67:94,-61,11,1,7,1,1,1,1,0,0,1,-96,1,6,1,329903078,0,84,0,0,330.286,384,[84 -64 4 0 0 0 0 0 0 0 0 0 19 13 19 14 18 15 18 15 17 15 16 16 16 16 15 16 15 17 15 17 15 17 15 17 14 17 13 17 12 17 13 18 13 17 11 16 12 16 11 16 11 16 11 16 10 15 11 15 11 14 11 14 0 0 11 13 11 13 11 13 11 12 10 12 11 11 10 12 11 11 11 11 11 10 12 9 11 10 12 9 12 8 12 9 12 8 12 8 13 7 12 7 13 6 13 6 12 6 13 5 13 5 13 4 12 4 0 0 0 0 0 0 0 0 0 0 ]
716,1782727924.667953,18.6438,-61,CSI_DATA,AP,98:F4:AB:29:67:94,-61,11,1,7,1,1,1,1,0,0,1,-96,1,6,1,329992962,0,84,0,0,330.376,384,[84 -64 4 0 0 0 0 0 0 0 0 0 -20 -14 -19 -15 -20 -17 -18 -16 -19 -17 -17 -16 -17 -17 -17 -18 -17 -17 -16 -19 -15 -19 -15 -19 -15 -19 -14 -19 -13 -19 -15 -18 -13 -18 -13 -18 -12 -17 -12 -17 -12 -16 -12 -17 -12 -16 -12 -16 -12 -15 -13 -15 0 0 -13 -14 -13 -14 -12 -13 -13 -13 -12 -12 -12 -12 -13 -12 -14 -11 -13 -10 -14 -10 -14 -9 -13 -10 -14 -9 -14 -9 -14 -8 -14 -7 -15 -8 -15 -6 -15 -6 -14 -6 -15 -5 -15 -5 -15 -5 -15 -4 -14 -4 -14 -3 0 0 0 0 0 0 0 0 0 0 ]
717,1782727924.915767,18.2225,-61,CSI_DATA,AP,98:F4:AB:29:67:94,-61,11,1,7,1,1,1,1,0,0,1,-96,1,6,1,330083025,0,84,0,0,330.466,384,[84 -64 4 0 0 0 0 0 0 0 0 0 17 16 15 17 15 18 14 18 14 19 13 18 13 19 12 19 11 19 10 20 11 20 10 19 11 20 10 19 9 19 10 19 9 18 9 18 8 18 8 17 8 17 9 17 8 17 8 16 8 16 9 16 0 0 8 15 9 15 9 14 10 14 9 13 9 13 10 13 10 13 10 12 10 11 11 11 10 11 11 10 11 10 11 9 12 9 12 9 12 8 12 8 12 7 12 7 12 7 13 7 13 6 13 6 13 5 0 0 0 0 0 0 0 0 0 0 ]
718,1782727925.160545,17.5627,-61,CSI_DATA,AP,98:F4:AB:29:67:94,-61,11,1,7,1,1,1,1,0,0,1,-96,1,6,1,330181025,0,84,0,0,330.564,384,[84 -64 4 0 0 0 0 0 0 0 0 0 -20 9 -20 7 -21 8 -21 6 -21 6 -19 5 -21 4 -21 4 -21 4 -21 2 -21 2 -21 2 -21 1 -20 2 -19 1 -21 2 -19 2 -19 1 -18 1 -18 1 -18 0 -18 1 -17 1 -17 1 -17 1 -17 2 0 0 -16 2 -16 3 -15 3 -16 3 -14 2 -15 3 -15 3 -14 3 -14 4 -14 5 -14 5 -13 5 -13 5 -12 5 -13 6 -12 6 -13 6 -12 6 -12 7 -11 7 -11 7 -11 8 -11 7 -10 8 -10 8 -10 8 0 0 0 0 0 0 0 0 0 0 ]
719,1782727925.400390,16.4024,-61,CSI_DATA,AP,98:F4:AB:29:67:94,-61,11,1,7,1,1,1,1,0,0,1,-96,1,6,1,330263162,0,84,0,0,330.646,384,[84 -64 4 0 0 0 0 0 0 0 0 0 20 0 21 1 20 2 21 3 20 3 20 4 20 4 19 5 20 5 19 5 19 5 19 6 19 6 18 6 18 6 18 7 17 6 16 6 17 6 16 6 16 6 16 6 15 5 15 5 15 5 15 5 0 0 15 4 14 4 15 3 14 3 14 3 14 2 14 2 13 2 14 1 13 1 13 0 13 0 13 0 13 -1 13 -1 13 -1 13 -2 13 -2 13 -3 12 -3 12 -3 12 -3 12 -4 12 -4 12 -4 12 -5 0 0 0 0 0 0 0 0 0 0 ]
720,1782727925.668769,18.0759,-61,CSI_DATA,AP,98:F4:AB:29:67:94,-61,11,1,7,1,1,1,1,0,0,1,-96,1,6,1,330354374,0,84,0,0,330.737,384,[84 -64 4 0 0 0 0 0 0 0 0 0 -14 -20 -13 -20 -13 -22 -12 -21 -13 -22 -10 -22 -11 -22 -10 -22 -10 -23 -9 -23 -8 -23 -7 -23 -7 -22 -7 -23 -6 -21 -8 -22 -6 -20 -6 -21 -6 -20 -6 -20 -6 -19 -6 -19 -5 -19 -5 -19 -6 -19 -6 -18 0 0 -7 -18 -7 -18 -7 -17 -8 -17 -7 -16 -7 -16 -8 -15 -8 -15 -8 -14 -9 -15 -9 -14 -9 -14 -9 -13 -9 -13 -10 -13 -10 -12 -11 -13 -11 -11 -11 -11 -12 -11 -11 -10 -11 -10 -11 -11 -12 -10 -12 -9 -12 -9 0 0 0 0 0 0 0 0 0 0 ]
721,1782727925.950411,17.8912,-61,CSI_DATA,AP,98:F4:AB:29:67:94,-61,11,1,7,1,1,1,1,0,0,1,-96,1,6,1,330444013,0,84,0,0,330.827,384,[84 -64 4 0 0 0 0 0 0 0 0 0 20 -14 19 -13 21 -12 21 -11 21 -11 20 -10 22 -10 21 -9 22 -9 21 -7 22 -7 22 -6 21 -7 22 -7 20 -6 22 -6 20 -6 19 -6 19 -6 19 -5 18 -5 18 -5 18 -5 18 -5 17 -5 17 -6 0 0 16 -6 17 -7 16 -7 16 -7 14 -6 15 -7 14 -7 14 -8 14 -8 13 -9 13 -9 13 -8 12 -9 12 -9 12 -11 11 -10 12 -11 11 -11 10 -11 10 -11 10 -11 8 -11 9 -12 9 -12 8 -12 8 -12 0 0 0 0 0 0 0 0 0 0 ]
722,1782727926.329535,18.5097,-61,CSI_DATA,AP,98:F4:AB:29:67:94,-61,11,1,7,1,1,1,1,0,0,1,-96,1,6,1,330535933,0,84,0,0,330.919,384,[84 -64 4 0 0 0 0 0 0 0 0 0 -14 20 -14 18 -16 19 -16 18 -16 17 -17 17 -17 16 -18 16 -18 15 -18 14 -18 15 -19 14 -18 14 -18 14 -18 13 -19 13 -17 12 -17 12 -17 12 -17 11 -17 11 -17 11 -16 10 -15 10 -15 11 -15 11 0 0 -14 11 -14 12 -13 11 -14 12 -13 11 -13 11 -12 11 -12 12 -12 12 -11 12 -10 12 -9 12 -9 12 -9 12 -8 13 -9 13 -9 12 -8 13 -8 13 -7 13 -7 13 -6 14 -5 13 -5 14 -5 13 -4 13 0 0 0 0 0 0 0 0 0 0 ]
723,1782727926.654809,17.0160,-62,CSI_DATA,AP,98:F4:AB:29:67:94,-62,11,1,7,1,1,1,1,0,0,1,-96,1,6,1,330623013,0,84,0,0,331.006,384,[84 -64 4 0 0 0 0 0 0 0 0 0 20 4 20 5 20 6 19 6 19 7 19 7 19 7 18 8 18 8 17 10 17 10 18 10 17 10 16 10 16 10 16 10 15 10 15 9 14 10 14 10 14 9 14 9 14 9 13 9 13 9 14 8 0 0 13 8 13 7 13 7 13 6 12 6 13 6 13 6 13 5 12 5 13 4 13 4 12 4 12 4 13 3 13 3 12 2 13 3 12 1 13 1 13 0 13 1 12 0 13 1 13 0 12 0 12 -1 0 0 0 0 0 0 0 0 0 0 ]
724,1782727926.925196,17.5074,-62,CSI_DATA,AP,98:F4:AB:29:67:94,-62,11,1,7,1,1,1,1,0,0,1,-96,1,6,1,330716899,0,84,0,0,331.1,384,[84 -64 4 0 0 0 0 0 0 0 0 0 -22 -3 -21 -4 -21 -4 -21 -5 -22 -6 -20 -6 -20 -7 -20 -7 -20 -8 -20 -8 -20 -8 -20 -8 -19 -8 -19 -8 -18 -9 -18 -9 -18 -9 -17 -8 -17 -8 -17 -9 -16 -8 -16 -9 -16 -8 -15 -7 -16 -8 -16 -7 0 0 -15 -6 -16 -5 -15 -6 -15 -5 -14 -5 -14 -6 -14 -5 -14 -4 -15 -4 -15 -3 -15 -2 -14 -2 -14 -2 -14 -2 -14 -1 -14 -1 -14 -1 -14 0 -14 0 -14 0 -14 1 -13 0 -13 1 -14 2 -13 2 -14 3 0 0 0 0 0 0 0 0 0 0 ]
725,1782727927.173090,18.3310,-62,CSI_DATA,AP,98:F4:AB:29:67:94,-62,11,1,7,1,1,1,1,0,0,1,-96,1,6,1,330803236,0,84,0,0,331.186,384,[84 -64 4 0 0 0 0 0 0 0 0 0 10 22 10 19 9 21 7 23 8 22 6 21 4 22 5 22 5 21 5 24 4 23 2 22 3 22 2 22 2 21 3 22 2 21 2 21 2 19 2 19 1 19 2 19 1 18 1 18 1 19 2 17 0 0 3 17 4 17 4 16 5 16 3 15 4 16 5 16 5 15 5 14 6 15 6 14 6 14 6 13 6 13 7 13 8 12 8 13 8 12 8 12 9 11 8 12 9 11 9 11 9 11 9 10 9 9 0 0 0 0 0 0 0 0 0 0 ]
726,1782727927.407865,19.6514,-61,CSI_DATA,AP,98:F4:AB:29:67:94,-61,11,1,7,1,1,1,1,0,0,1,-96,1,6,1,330897439,0,84,0,0,331.28,384,[84 -64 4 0 0 0 0 0 0 0 0 0 -10 -23 -10 -22 -9 -23 -9 -23 -8 -23 -6 -23 -6 -23 -6 -23 -6 -24 -5 -23 -4 -24 -4 -24 -4 -23 -3 -23 -3 -22 -4 -23 -3 -21 -4 -21 -2 -20 -2 -20 -2 -20 -2 -20 -2 -19 -2 -19 -2 -20 -3 -19 0 0 -4 -18 -5 -18 -4 -17 -5 -18 -4 -16 -5 -17 -5 -16 -6 -16 -6 -16 -7 -15 -7 -15 -7 -15 -8 -14 -8 -14 -8 -14 -8 -14 -9 -14 -9 -13 -9 -13 -9 -12 -9 -12 -10 -12 -10 -12 -11 -11 -10 -11 -10 -11 0 0 0 0 0 0 0 0 0 0 ]
727,1782727927.667341,19.1422,-61,CSI_DATA,AP,98:F4:AB:29:67:94,-61,11,1,7,1,1,1,1,0,0,1,-96,1,6,1,330985073,0,84,0,0,331.368,384,[84 -64 4 0 0 0 0 0 0 0 0 0 -5 23 -6 23 -7 23 -8 22 -8 23 -9 21 -10 22 -10 21 -11 21 -11 20 -11 21 -11 20 -11 20 -11 20 -11 18 -11 20 -11 18 -11 18 -10 17 -11 17 -11 17 -11 16 -10 16 -9 16 -9 16 -9 16 0 0 -8 16 -7 17 -7 16 -7 16 -7 15 -6 15 -6 15 -5 15 -5 15 -4 15 -3 15 -3 15 -3 14 -2 15 -2 15 -1 15 -1 15 -1 14 -1 15 0 14 0 15 1 15 1 14 3 15 2 13 2 13 0 0 0 0 0 0 0 0 0 0 ]
728,1782727927.909811,17.9653,-61,CSI_DATA,AP,98:F4:AB:29:67:94,-61,11,1,7,1,1,1,1,0,0,1,-96,1,6,1,331074465,0,84,0,0,331.457,384,[84 -64 4 0 0 0 0 0 0 0 0 0 -5 -22 -4 -21 -4 -22 -2 -21 -2 -22 -2 -20 -2 -21 -1 -21 -1 -21 0 -22 0 -21 1 -21 1 -21 1 -21 1 -19 2 -20 2 -19 1 -19 2 -18 1 -18 1 -18 1 -18 1 -18 1 -17 1 -17 0 -17 0 0 0 -17 -1 -17 -1 -16 -1 -16 -1 -14 -1 -15 -2 -15 -3 -15 -3 -15 -3 -15 -3 -14 -4 -14 -4 -14 -4 -13 -5 -14 -5 -13 -5 -14 -5 -12 -6 -13 -7 -12 -7 -12 -7 -12 -7 -12 -8 -11 -7 -12 -8 -11 0 0 0 0 0 0 0 0 0 0 ]
729,1782727928.164375,17.4977,-61,CSI_DATA,AP,98:F4:AB:29:67:94,-61,11,1,7,1,1,1,1,0,0,1,-96,1,6,1,331164144,0,84,0,0,331.547,384,[84 -64 4 0 0 0 0 0 0 0 0 0 24 2 23 3 24 3 22 4 23 5 22 5 22 6 22 6 22 6 22 7 22 7 21 8 20 9 20 8 19 8 21 9 19 8 19 8 18 8 18 8 17 8 17 7 16 7 17 7 16 7 17 6 0 0 17 6 17 5 16 5 16 4 15 5 15 4 15 4 15 3 15 2 15 2 15 1 15 1 15 1 15 1 15 0 15 -1 15 -1 15 -1 14 -1 14 -2 14 -2 13 -2 14 -2 14 -3 14 -4 13 -4 0 0 0 0 0 0 0 0 0 0 ]
730,1782727928.422844,17.9501,-61,CSI_DATA,AP,98:F4:AB:29:67:94,-61,11,1,7,1,1,1,1,0,0,1,-96,1,6,1,331253071,0,84,0,0,331.636,384,[84 -64 4 0 0 0 0 0 0 0 0 0 18 -16 18 -15 19 -15 19 -14 19 -13 19 -12 20 -12 21 -10 21 -11 21 -10 21 -10 21 -10 21 -9 20 -9 20 -8 21 -9 19 -8 20 -7 18 -7 19 -7 18 -6 18 -7 18 -7 17 -7 17 -6 17 -7 0 0 16 -8 16 -8 15 -8 15 -9 14 -7 15 -8 15 -8 14 -9 13 -9 13 -9 12 -10 11 -9 11 -10 11 -10 11 -11 11 -11 11 -11 10 -12 10 -12 10 -12 10 -11 9 -12 9 -12 8 -13 8 -13 7 -12 0 0 0 0 0 0 0 0 0 0 ]
731,1782727928.693831,18.3645,-61,CSI_DATA,AP,98:F4:AB:29:67:94,-61,11,1,7,1,1,1,1,0,0,1,-96,1,6,1,331344287,0,84,0,0,331.727,384,[84 -64 4 0 0 0 0 0 0 0 0 0 24 4 23 4 24 5 23 7 23 7 21 7 22 8 21 8 21 8 21 10 21 10 20 9 19 10 19 10 18 10 20 11 18 10 18 10 17 10 17 10 17 10 18 9 15 10 15 8 17 9 16 8 0 0 16 7 16 7 16 8 16 7 14 6 15 6 15 5 15 5 15 4 14 3 15 4 14 4 15 3 15 2 15 2 14 1 15 2 14 0 14 0 14 0 15 -1 14 -1 14 0 14 -2 14 -2 14 -2 0 0 0 0 0 0 0 0 0 0 ]
732,1782727928.940039,18.3543,-61,CSI_DATA,AP,98:F4:AB:29:67:94,-61,11,1,7,1,1,1,1,0,0,1,-96,1,6,1,331438743,0,84,0,0,331.821,384,[84 -64 4 0 0 0 0 0 0 0 0 0 21 11 20 12 19 13 19 14 19 14 18 14 17 15 16 15 16 15 16 16 16 15 16 16 16 16 15 15 15 16 14 16 14 16 13 15 13 15 13 15 12 14 12 14 12 14 13 12 13 13 13 13 0 0 12 12 13 11 13 12 13 11 12 11 13 10 13 9 13 9 13 9 13 8 13 7 13 7 12 7 13 7 13 7 14 5 14 6 14 4 13 5 14 3 14 3 13 3 13 3 14 2 14 2 13 1 0 0 0 0 0 0 0 0 0 0 ]
733,1782727929.173595,17.7185,-61,CSI_DATA,AP,98:F4:AB:29:67:94,-61,11,1,7,1,1,1,1,0,0,1,-96,1,6,1,331528777,0,84,0,0,331.912,384,[84 -64 4 0 0 0 0 0 0 0 0 0 -20 -10 -19 -10 -20 -11 -19 -12 -19 -12 -18 -12 -17 -12 -17 -13 -17 -13 -17 -14 -17 -14 -16 -13 -16 -14 -16 -14 -15 -14 -16 -14 -15 -14 -14 -13 -14 -13 -13 -13 -13 -13 -13 -13 -13 -12 -13 -12 -13 -12 -13 -11 0 0 -13 -11 -13 -11 -13 -10 -13 -9 -12 -9 -13 -9 -13 -9 -13 -8 -13 -8 -13 -7 -13 -6 -13 -6 -13 -6 -13 -5 -13 -5 -14 -4 -14 -5 -13 -4 -14 -4 -14 -3 -13 -3 -13 -3 -14 -2 -14 -1 -14 -1 -13 -1 0 0 0 0 0 0 0 0 0 0 ]
734,1782727929.442161,18.6844,-61,CSI_DATA,AP,98:F4:AB:29:67:94,-61,11,1,7,1,1,1,1,0,0,1,-96,1,6,1,331614483,0,84,0,0,331.997,384,[84 -64 4 0 0 0 0 0 0 0 0 0 -24 5 -23 3 -25 3 -25 2 -24 1 -24 0 -25 0 -24 -1 -24 -2 -24 -1 -24 0 -23 -1 -23 -2 -23 -2 -22 -3 -23 -3 -22 -2 -21 -3 -21 -3 -20 -4 -19 -4 -20 -4 -19 -2 -20 -2 -19 -2 -20 -1 0 0 -19 -2 -19 -1 -18 0 -18 0 -17 0 -17 0 -16 0 -16 1 -17 2 -16 2 -16 4 -15 3 -15 4 -15 3 -15 4 -15 5 -15 5 -15 5 -15 6 -14 6 -14 6 -13 6 -13 7 -13 8 -12 8 -12 8 0 0 0 0 0 0 0 0 0 0 ]
735,1782727929.694635,19.2169,-61,CSI_DATA,AP,98:F4:AB:29:67:94,-61,11,1,7,1,1,1,1,0,0,1,-96,1,6,1,331703131,0,84,0,0,332.086,384,[84 -64 4 0 0 0 0 0 0 0 0 0 1 23 0 24 -1 23 -2 23 -2 23 -3 22 -3 23 -4 23 -5 23 -5 22 -6 22 -6 22 -6 22 -6 21 -6 20 -6 22 -7 20 -7 19 -7 19 -6 19 -7 18 -6 18 -6 17 -6 17 -6 18 -5 17 0 0 -5 17 -4 18 -4 17 -4 16 -4 15 -3 16 -3 16 -2 15 -2 16 -2 16 -1 15 -1 15 0 15 0 15 0 15 1 15 1 15 1 14 2 14 3 14 2 14 3 14 3 14 4 14 4 13 5 13 0 0 0 0 0 0 0 0 0 0 ]
736,1782727929.953914,17.9196,-61,CSI_DATA,AP,98:F4:AB:29:67:94,-61,11,1,7,1,1,1,1,0,0,1,-96,1,6,1,331793221,0,84,0,0,332.176,384,[84 -64 4 0 0 0 0 0 0 0 0 0 -5 20 -5 20 -6 20 -7 20 -8 20 -8 19 -8 19 -9 18 -9 18 -10 18 -10 18 -11 17 -11 17 -11 17 -10 16 -11 17 -10 16 -10 15 -10 15 -11 15 -10 14 -10 14 -10 14 -10 14 -10 13 -9 14 0 0 -8 14 -8 14 -8 13 -7 14 -7 12 -7 13 -7 13 -6 13 -6 13 -5 14 -4 13 -5 13 -4 13 -4 13 -3 13 -3 12 -3 14 -3 12 -3 12 -1 13 -2 13 -1 12 -1 13 0 13 0 12 0 12 0 0 0 0 0 0 0 0 0 0 ]
737,1782727930.208731,17.4048,-61,CSI_DATA,AP,98:F4:AB:29:67:94,-61,11,1,7,1,1,1,1,0,0,1,-96,1,6,1,331882705,0,84,0,0,332.265,384,[84 -64 4 0 0 0 0 0 0 0 0 0 21 10 20 11 21 12 19 12 20 13 18 13 17 14 16 14 17 14 17 15 17 15 16 15 15 16 16 16 15 15 16 15 14 15 14 15 13 15 13 15 12 14 13 15 12 14 13 13 12 13 13 13 0 0 12 12 13 11 13 11 13 11 12 10 12 10 12 10 12 9 12 9 13 8 13 8 12 8 12 7 12 7 13 6 13 5 14 6 13 4 13 5 14 4 13 4 13 4 14 4 14 3 13 2 14 2 0 0 0 0 0 0 0 0 0 0 ]
738,1782727930.469041,18.0388,-61,CSI_DATA,AP,98:F4:AB:29:67:94,-61,11,1,7,1,1,1,1,0,0,1,-96,1,6,1,331973575,0,84,0,0,332.356,384,[84 -64 4 0 0 0 0 0 0 0 0 0 -24 6 -24 6 -25 4 -25 3 -24 3 -24 2 -24 2 -24 1 -24 0 -23 -1 -24 -1 -24 -1 -23 -1 -23 -2 -22 -2 -23 -2 -22 -2 -21 -2 -21 -3 -21 -3 -20 -4 -20 -3 -19 -3 -19 -3 -19 -3 -19 -1 0 0 -19 -2 -19 -1 -19 -1 -18 0 -17 -1 -17 -1 -17 -1 -17 0 -16 1 -16 2 -17 3 -16 2 -16 2 -15 3 -16 3 -16 4 -15 4 -15 4 -15 4 -15 4 -15 4 -14 5 -14 5 -14 6 -13 6 -13 7 0 0 0 0 0 0 0 0 0 0 ]
739,1782727930.710269,18.5802,-61,CSI_DATA,AP,98:F4:AB:29:67:94,-61,11,1,7,1,1,1,1,0,0,1,-96,1,6,1,332063086,0,84,0,0,332.446,384,[84 -64 4 0 0 0 0 0 0 0 0 0 -15 -19 -14 -20 -14 -21 -13 -21 -12 -21 -11 -21 -11 -21 -11 -21 -10 -21 -10 -22 -10 -22 -9 -22 -9 -22 -8 -21 -8 -21 -7 -22 -7 -21 -6 -20 -7 -20 -7 -19 -7 -20 -6 -19 -7 -19 -6 -18 -6 -18 -8 -18 0 0 -8 -17 -8 -17 -8 -17 -8 -16 -8 -16 -8 -16 -8 -15 -9 -15 -9 -14 -9 -13 -10 -14 -10 -13 -10 -13 -10 -12 -10 -12 -11 -12 -11 -12 -11 -10 -12 -11 -11 -10 -12 -10 -12 -10 -12 -9 -12 -9 -12 -8 -12 -8 0 0 0 0 0 0 0 0 0 0 ]
740,1782727930.958034,19.0254,-61,CSI_DATA,AP,98:F4:AB:29:67:94,-61,11,1,7,1,1,1,1,0,0,1,-96,1,6,1,332155590,0,84,0,0,332.538,384,[84 -64 4 0 0 0 0 0 0 0 0 0 2 -22 3 -21 3 -21 4 -22 4 -21 6 -20 5 -21 6 -20 6 -20 7 -20 7 -20 7 -20 8 -19 8 -19 8 -18 8 -19 7 -17 8 -17 7 -17 7 -17 7 -16 7 -17 7 -16 7 -15 6 -16 6 -16 0 0 5 -15 5 -15 5 -15 4 -15 4 -14 4 -15 3 -15 2 -14 2 -14 2 -15 1 -15 1 -14 1 -14 1 -14 0 -14 0 -14 0 -14 -1 -14 -1 -14 -2 -13 -2 -13 -3 -13 -3 -13 -3 -13 -4 -13 -4 -12 0 0 0 0 0 0 0 0 0 0 ]
