2677,1782800077.032494,9.2754,-66,CSI_DATA,AP,98:F4:AB:29:67:94,-66,11,1,4,1,1,1,0,0,0,0,-96,0,6,1,738501608,0,84,0,0,738.884,384,[84 -64 4 0 0 0 0 0 0 0 0 0 9 0 9 0 10 0 9 1 9 0 9 2 9 2 8 2 9 3 9 4 8 3 8 4 8 4 8 4 8 4 9 4 8 4 8 4 8 4 8 4 8 5 8 4 7 4 8 5 7 6 7 5 0 0 7 4 7 5 7 4 8 4 7 4 8 4 8 4 8 3 7 3 8 3 7 3 8 3 8 3 8 2 8 2 8 1 9 2 9 1 9 1 9 1 9 1 9 1 10 1 10 1 9 1 10 0 0 0 0 0 0 0 0 0 0 0 ]
2678,1782800077.262222,9.4561,-65,CSI_DATA,AP,98:F4:AB:29:67:94,-65,11,1,4,1,1,1,0,0,0,0,-96,0,6,1,738600144,0,84,0,0,738.983,384,[84 -64 4 0 0 0 0 0 0 0 0 0 1 -11 2 -10 3 -11 2 -10 4 -10 4 -10 4 -10 5 -10 5 -10 6 -9 6 -9 6 -9 7 -9 6 -9 6 -8 6 -10 7 -9 6 -9 6 -7 7 -8 7 -8 7 -8 7 -7 7 -8 7 -7 7 -8 0 0 7 -7 7 -8 7 -7 6 -9 6 -7 6 -8 6 -8 6 -8 6 -8 6 -9 5 -8 5 -9 5 -8 5 -9 4 -10 4 -9 5 -10 4 -10 4 -11 4 -11 4 -11 4 -11 4 -11 4 -12 4 -11 3 -11 0 0 0 0 0 0 0 0 0 0 ]
2679,1782800077.495771,9.6629,-65,CSI_DATA,AP,98:F4:AB:29:67:94,-65,11,1,4,1,1,1,0,0,0,0,-96,0,6,1,738686483,0,84,0,0,739.069,384,[84 -64 4 0 0 0 0 0 0 0 0 0 8 6 7 6 8 7 7 7 6 8 6 8 6 9 5 9 5 9 5 10 5 10 4 9 3 10 4 9 3 9 4 11 4 9 4 10 3 9 2 9 2 10 2 10 2 10 2 9 2 10 3 9 0 0 2 9 3 10 3 9 3 9 3 9 3 9 3 9 3 9 3 9 4 9 4 8 4 9 4 8 5 8 5 9 5 8 6 9 5 8 5 8 6 8 6 9 7 9 7 9 7 9 7 9 8 8 0 0 0 0 0 0 0 0 0 0 ]
2680,1782800077.717722,9.7490,-65,CSI_DATA,AP,98:F4:AB:29:67:94,-65,11,1,2,1,1,1,0,0,0,0,-96,0,6,1,738773403,0,84,0,0,739.156,384,[84 -64 4 0 0 0 0 0 0 0 0 0 2 -6 3 -6 3 -6 3 -6 5 -6 3 -5 4 -6 5 -5 5 -6 5 -5 5 -5 5 -5 5 -5 5 -5 5 -4 6 -5 5 -4 5 -5 5 -3 5 -4 6 -4 6 -4 5 -4 5 -3 5 -4 5 -4 0 0 5 -4 5 -4 5 -4 4 -4 4 -3 5 -4 5 -4 4 -4 4 -4 5 -4 4 -5 4 -4 4 -4 3 -3 3 -5 3 -6 4 -6 3 -6 4 -6 4 -6 4 -6 4 -6 4 -6 4 -7 3 -7 2 -7 0 0 0 0 0 0 0 0 0 0 ]
2681,1782800077.951038,10.5538,-65,CSI_DATA,AP,98:F4:AB:29:67:94,-65,11,1,4,1,1,1,0,0,0,0,-96,0,6,1,738862795,0,84,0,0,739.245,384,[84 -64 4 0 0 0 0 0 0 0 0 0 -6 -9 -6 -10 -6 -10 -6 -10 -5 -10 -4 -10 -4 -10 -4 -11 -3 -12 -2 -11 -2 -12 -2 -12 -2 -11 -3 -12 -2 -11 -2 -12 -2 -11 -2 -11 -1 -11 -1 -11 -1 -11 -1 -11 0 -11 -1 -11 -1 -11 -1 -11 0 0 -1 -10 -2 -11 -1 -10 -2 -10 -1 -10 -2 -11 -2 -11 -2 -11 -2 -10 -3 -10 -3 -10 -3 -10 -4 -10 -4 -10 -4 -10 -5 -10 -5 -11 -4 -10 -5 -10 -5 -10 -5 -11 -6 -11 -6 -11 -7 -11 -6 -11 -7 -11 0 0 0 0 0 0 0 0 0 0 ]
2682,1782800078.183948,11.6464,-66,CSI_DATA,AP,98:F4:AB:29:67:94,-66,11,1,4,1,1,1,0,0,0,0,-96,0,6,1,738950930,0,84,0,0,739.333,384,[84 -64 4 0 0 0 0 0 0 0 0 0 -11 -3 -9 -3 -12 -4 -10 -3 -13 -4 -9 -4 -10 -5 -10 -6 -10 -6 -10 -7 -10 -7 -9 -7 -9 -7 -9 -7 -8 -6 -10 -7 -9 -6 -11 -8 -8 -7 -9 -8 -7 -8 -9 -7 -9 -8 -9 -7 -8 -9 -8 -8 0 0 -8 -7 -9 -6 -9 -5 -10 -7 -8 -6 -8 -7 -9 -6 -7 -5 -9 -5 -11 -6 -10 -5 -9 -5 -10 -5 -9 -4 -11 -3 -9 -2 -12 -4 -10 -3 -11 -4 -11 -2 -11 -3 -12 -2 -13 -3 -12 -2 -12 -2 -11 -2 0 0 0 0 0 0 0 0 0 0 ]
2683,1782800078.411069,11.7967,-65,CSI_DATA,AP,98:F4:AB:29:67:94,-65,11,1,4,1,1,1,0,0,0,0,-96,0,6,1,739041431,0,84,0,0,739.424,384,[84 -64 4 0 0 0 0 0 0 0 0 0 6 -8 6 -9 7 -9 7 -9 7 -8 8 -7 8 -6 8 -6 9 -6 9 -6 8 -6 9 -6 9 -6 9 -6 9 -5 10 -5 9 -5 9 -5 9 -4 10 -5 10 -4 10 -5 9 -4 9 -4 10 -4 9 -4 0 0 9 -4 9 -4 9 -5 8 -4 9 -5 9 -5 9 -4 9 -5 9 -5 8 -6 8 -6 8 -6 8 -7 8 -6 8 -7 8 -7 8 -7 7 -7 8 -8 7 -8 8 -8 8 -8 8 -9 7 -9 7 -9 7 -10 0 0 0 0 0 0 0 0 0 0 ]
2684,1782800078.632010,11.7074,-65,CSI_DATA,AP,98:F4:AB:29:67:94,-65,11,1,4,1,1,1,0,0,0,0,-96,0,6,1,739131710,0,84,0,0,739.514,384,[84 -64 4 0 0 0 0 0 0 0 0 0 -6 8 -7 7 -8 8 -8 7 -9 7 -9 6 -9 6 -9 6 -10 5 -10 5 -10 5 -10 5 -10 5 -10 5 -10 4 -11 5 -10 4 -10 4 -10 4 -10 3 -11 3 -11 3 -10 4 -11 3 -11 3 -10 4 0 0 -10 3 -11 4 -10 3 -10 4 -10 3 -10 4 -10 4 -9 4 -9 4 -10 4 -9 6 -9 5 -8 6 -9 6 -9 6 -8 6 -9 7 -8 7 -9 7 -9 7 -9 7 -9 7 -9 8 -8 9 -8 8 -8 9 0 0 0 0 0 0 0 0 0 0 ]
2685,1782800078.853755,11.9310,-65,CSI_DATA,AP,98:F4:AB:29:67:94,-65,11,1,4,1,1,1,0,0,0,0,-96,0,6,1,739223976,0,84,0,0,739.606,384,[84 -64 4 0 0 0 0 0 0 0 0 0 0 -12 1 -12 1 -12 1 -12 1 -12 3 -12 4 -13 4 -12 4 -12 5 -12 5 -12 6 -11 6 -11 5 -11 5 -11 6 -12 6 -11 6 -11 6 -11 6 -11 6 -11 6 -11 6 -10 6 -10 6 -10 6 -10 0 0 6 -10 6 -11 5 -11 5 -11 5 -10 5 -11 5 -11 5 -10 4 -11 4 -11 4 -11 4 -11 3 -11 3 -11 2 -12 2 -12 2 -13 2 -13 2 -13 1 -13 2 -13 1 -13 1 -13 1 -14 1 -14 1 -14 0 0 0 0 0 0 0 0 0 0 ]
2686,1782800079.082864,10.8250,-65,CSI_DATA,AP,98:F4:AB:29:67:94,-65,11,1,4,1,1,1,0,0,0,0,-96,0,6,1,739314440,0,84,0,0,739.697,384,[84 -64 4 0 0 0 0 0 0 0 0 0 -2 10 -2 9 -1 11 -2 10 -2 11 -4 10 -4 10 -4 9 -4 10 -5 10 -5 10 -6 10 -6 9 -5 10 -5 10 -6 10 -6 9 -5 9 -5 9 -6 8 -6 8 -6 9 -6 8 -6 8 -6 8 -6 9 0 0 -6 8 -5 9 -5 8 -5 8 -5 8 -5 9 -5 9 -5 8 -4 9 -5 9 -4 9 -4 9 -3 9 -3 9 -3 10 -2 10 -2 11 -2 10 -1 11 -2 10 -2 11 -1 11 -2 12 -1 12 -1 11 -1 11 0 0 0 0 0 0 0 0 0 0 ]
2687,1782800079.317236,10.6467,-66,CSI_DATA,AP,98:F4:AB:29:67:94,-66,11,1,4,1,1,1,0,0,0,0,-96,0,6,1,739404326,0,84,0,0,739.787,384,[84 -64 4 0 0 0 0 0 0 0 0 0 -5 -10 -5 -10 -4 -11 -4 -10 -4 -10 -3 -11 -2 -11 -2 -12 -2 -12 -1 -11 -1 -12 -1 -11 -1 -12 -1 -11 0 -11 0 -12 0 -12 0 -12 0 -11 0 -11 1 -11 1 -11 1 -11 0 -11 1 -11 1 -11 0 0 0 -11 1 -11 0 -11 0 -11 0 -10 0 -10 1 -11 0 -11 0 -11 0 -12 -2 -10 -1 -11 -2 -11 -1 -10 -2 -11 -3 -10 -2 -12 -3 -11 -3 -12 -3 -11 -3 -11 -4 -11 -4 -11 -5 -12 -5 -12 -5 -12 0 0 0 0 0 0 0 0 0 0 ]
2688,1782800079.564578,10.1095,-65,CSI_DATA,AP,98:F4:AB:29:67:94,-65,11,1,4,1,1,1,0,0,0,0,-96,0,6,1,739493733,0,84,0,0,739.876,384,[84 -64 4 0 0 0 0 0 0 0 0 0 9 -7 8 -6 9 -5 9 -5 10 -5 9 -4 10 -4 10 -3 10 -3 11 -2 11 -2 11 -2 10 -1 10 -2 10 -2 11 -2 10 -1 11 -2 10 -2 10 -1 11 -1 10 -1 10 -1 10 -1 10 -1 10 -2 0 0 10 -2 10 -2 10 -2 9 -2 9 -2 10 -2 10 -2 9 -3 9 -2 9 -3 9 -4 9 -4 9 -4 9 -5 9 -4 9 -5 9 -6 9 -6 9 -6 9 -6 9 -6 9 -6 9 -7 9 -8 9 -8 9 -7 0 0 0 0 0 0 0 0 0 0 ]
2689,1782800079.783826,9.7444,-65,CSI_DATA,AP,98:F4:AB:29:67:94,-65,11,1,4,1,1,1,0,0,0,0,-96,0,6,1,739586945,0,84,0,0,739.969,384,[84 -64 4 0 0 0 0 0 0 0 0 0 5 8 4 8 5 9 4 9 4 10 3 10 3 10 3 10 2 10 2 11 2 11 1 11 1 11 1 11 1 10 1 11 1 10 1 10 1 10 1 10 1 10 1 11 0 10 0 10 0 10 0 10 0 0 1 10 1 10 1 10 1 10 1 9 2 9 1 10 2 9 2 10 2 10 2 9 2 9 3 9 3 9 4 9 4 9 5 10 5 9 5 9 5 9 5 9 6 9 6 9 6 9 6 9 7 9 0 0 0 0 0 0 0 0 0 0 ]
2690,1782800080.033741,9.5999,-66,CSI_DATA,AP,98:F4:AB:29:67:94,-66,11,1,4,1,1,1,0,0,0,0,-96,0,6,1,739672695,0,84,0,0,740.055,384,[84 -64 4 0 0 0 0 0 0 0 0 0 9 -6 8 -5 10 -5 9 -4 10 -4 9 -3 10 -3 10 -2 11 -2 11 -1 11 -2 10 -1 10 -1 10 -1 10 -1 11 -1 10 -1 10 -1 10 0 10 0 11 0 11 0 11 0 10 0 10 0 10 -1 0 0 10 0 11 -1 10 -1 9 -2 10 -1 9 -1 10 -1 10 -1 10 -2 10 -2 10 -3 10 -2 9 -3 9 -3 9 -3 9 -4 10 -4 9 -4 10 -4 10 -5 10 -4 10 -5 11 -5 10 -6 10 -6 10 -6 0 0 0 0 0 0 0 0 0 0 ]
2691,1782800080.262081,9.7895,-65,CSI_DATA,AP,98:F4:AB:29:67:94,-65,11,1,4,1,1,1,0,0,0,0,-96,0,6,1,739763597,0,84,0,0,740.146,384,[84 -64 4 0 0 0 0 0 0 0 0 0 -9 -7 -8 -9 -8 -8 -8 -8 -7 -9 -7 -9 -6 -10 -5 -10 -5 -11 -4 -11 -5 -10 -5 -10 -5 -11 -4 -10 -4 -9 -5 -12 -4 -11 -4 -11 -4 -10 -3 -11 -3 -11 -3 -11 -3 -11 -3 -11 -3 -11 -4 -10 0 0 -3 -10 -4 -11 -4 -11 -4 -10 -3 -10 -4 -11 -4 -10 -4 -10 -4 -10 -5 -10 -6 -10 -5 -10 -6 -10 -5 -9 -6 -9 -6 -9 -7 -10 -7 -10 -7 -10 -8 -9 -7 -9 -8 -10 -7 -9 -9 -9 -8 -9 -9 -9 0 0 0 0 0 0 0 0 0 0 ]
2692,1782800080.500744,9.9642,-65,CSI_DATA,AP,98:F4:AB:29:67:94,-65,11,1,4,1,1,1,0,0,0,0,-96,0,6,1,739852968,0,84,0,0,740.236,384,[84 -64 4 0 0 0 0 0 0 0 0 0 -12 1 -11 1 -12 1 -13 0 -13 0 -12 -1 -13 -2 -13 -3 -13 -3 -13 -3 -13 -3 -12 -3 -12 -4 -13 -4 -12 -4 -12 -4 -12 -4 -12 -4 -12 -5 -12 -5 -11 -5 -12 -6 -11 -6 -12 -5 -12 -5 -12 -5 0 0 -12 -5 -12 -5 -12 -4 -11 -3 -11 -4 -12 -4 -11 -5 -12 -4 -12 -3 -12 -3 -12 -2 -12 -2 -12 -1 -12 -2 -12 -2 -13 -1 -13 -1 -12 -2 -13 -1 -13 -1 -13 -1 -13 0 -14 0 -14 2 -14 1 -14 1 0 0 0 0 0 0 0 0 0 0 ]
2693,1782800080.729929,10.7337,-65,CSI_DATA,AP,98:F4:AB:29:67:94,-65,11,1,4,1,1,1,0,0,0,0,-96,0,6,1,739946598,0,84,0,0,740.329,384,[84 -64 4 0 0 0 0 0 0 0 0 0 -11 3 -10 2 -11 2 -12 1 -12 1 -11 1 -11 0 -11 0 -11 0 -12 -1 -11 -2 -12 -2 -12 -2 -11 -2 -12 -2 -12 -2 -11 -2 -11 -2 -11 -3 -11 -2 -11 -3 -11 -3 -11 -3 -11 -3 -11 -3 -11 -3 0 0 -10 -2 -11 -2 -11 -2 -10 -1 -10 -1 -10 -1 -11 -1 -11 -1 -11 -1 -11 -1 -11 -1 -11 -1 -11 0 -11 1 -11 1 -11 2 -11 1 -11 1 -11 2 -11 2 -12 2 -12 2 -12 2 -12 3 -12 3 -11 3 0 0 0 0 0 0 0 0 0 0 ]
2694,1782800080.944421,10.9938,-65,CSI_DATA,AP,98:F4:AB:29:67:94,-65,11,1,4,1,1,1,0,0,0,0,-96,0,6,1,740032613,0,84,0,0,740.415,384,[84 -64 4 0 0 0 0 0 0 0 0 0 4 -10 5 -9 5 -10 5 -9 6 -9 7 -9 7 -9 7 -8 8 -8 9 -8 8 -8 9 -8 8 -8 8 -7 8 -7 8 -8 8 -7 8 -8 8 -6 8 -7 8 -7 8 -7 8 -7 8 -7 8 -7 8 -7 0 0 7 -7 8 -7 7 -7 7 -8 7 -6 7 -8 7 -7 7 -8 7 -8 7 -9 6 -8 6 -8 6 -9 5 -9 5 -9 4 -10 5 -11 4 -10 5 -10 4 -11 4 -10 4 -11 4 -11 4 -12 3 -12 3 -12 0 0 0 0 0 0 0 0 0 0 ]
2695,1782800081.161101,11.3581,-66,CSI_DATA,AP,98:F4:AB:29:67:94,-66,11,1,4,1,1,1,0,0,0,0,-96,0,6,1,740130201,0,84,0,0,740.513,384,[84 -64 4 0 0 0 0 0 0 0 0 0 -8 7 -9 5 -10 6 -10 5 -10 5 -10 5 -11 4 -11 4 -10 3 -11 3 -12 3 -11 3 -11 2 -11 2 -11 2 -12 3 -11 3 -11 3 -11 1 -11 2 -11 1 -11 1 -11 1 -11 1 -11 2 -11 1 0 0 -11 2 -11 2 -10 2 -11 2 -10 2 -10 2 -10 2 -10 3 -10 3 -10 3 -10 4 -10 3 -9 4 -10 4 -9 5 -9 5 -10 6 -9 5 -10 6 -10 6 -9 6 -9 7 -9 7 -10 7 -9 7 -9 8 0 0 0 0 0 0 0 0 0 0 ]
2696,1782800081.395430,10.8636,-65,CSI_DATA,AP,98:F4:AB:29:67:94,-65,11,1,4,1,1,1,0,0,0,0,-96,0,6,1,740211527,0,84,0,0,740.594,384,[84 -64 4 0 0 0 0 0 0 0 0 0 10 -1 10 0 11 0 10 0 10 0 10 1 10 1 10 2 10 2 10 3 9 3 10 3 10 4 10 4 9 3 10 4 9 4 9 4 9 4 9 4 10 4 9 4 9 5 9 4 9 5 9 4 0 0 8 4 9 5 9 4 9 3 8 4 9 3 9 3 9 2 9 3 9 2 9 2 9 2 9 2 9 1 10 1 10 1 11 1 10 0 10 0 10 0 11 0 11 -1 11 -1 11 -1 11 -1 11 -1 0 0 0 0 0 0 0 0 0 0 ]
2697,1782800081.636914,11.1859,-65,CSI_DATA,AP,98:F4:AB:29:67:94,-65,11,1,4,1,1,1,0,0,0,0,-96,0,6,1,740302945,0,84,0,0,740.685,384,[84 -64 4 0 0 0 0 0 0 0 0 0 -4 -11 -3 -10 -3 -11 -3 -11 -2 -11 -1 -11 -1 -11 0 -12 0 -12 0 -11 1 -12 1 -12 1 -11 1 -11 1 -11 1 -12 1 -11 1 -11 1 -11 1 -11 2 -11 2 -11 2 -11 2 -11 2 -11 2 -11 0 0 1 -11 1 -11 1 -11 1 -11 1 -10 0 -11 1 -11 1 -10 0 -11 0 -11 -1 -11 0 -10 -1 -11 -1 -10 -2 -11 -2 -11 -3 -11 -3 -11 -2 -11 -3 -11 -3 -12 -4 -12 -4 -12 -5 -12 -4 -12 -5 -12 0 0 0 0 0 0 0 0 0 0 ]
2698,1782800081.869388,10.9103,-65,CSI_DATA,AP,98:F4:AB:29:67:94,-65,11,1,4,1,1,1,0,0,0,0,-96,0,6,1,740396239,0,84,0,0,740.779,384,[84 -64 4 0 0 0 0 0 0 0 0 0 -2 -11 -1 -11 -2 -12 -1 -11 -1 -12 1 -11 1 -12 2 -11 1 -11 3 -11 2 -12 2 -11 3 -11 3 -11 3 -10 3 -12 3 -10 2 -11 2 -10 3 -11 4 -10 3 -11 4 -10 4 -10 4 -10 3 -11 0 0 3 -9 3 -11 3 -11 2 -11 3 -10 2 -10 2 -10 2 -10 2 -10 2 -11 1 -11 1 -10 0 -10 0 -10 0 -11 -1 -11 -1 -12 -1 -11 -1 -12 -1 -11 -1 -12 -2 -11 -1 -12 -3 -12 -1 -12 -2 -12 0 0 0 0 0 0 0 0 0 0 ]
2699,1782800082.099921,11.8560,-65,CSI_DATA,AP,98:F4:AB:29:67:94,-65,11,1,4,1,1,1,0,0,0,0,-96,0,6,1,740487351,0,84,0,0,740.87,384,[84 -64 4 0 0 0 0 0 0 0 0 0 -10 -8 -8 -8 -10 -9 -9 -9 -9 -11 -7 -10 -7 -10 -6 -11 -7 -12 -6 -12 -5 -12 -5 -12 -6 -11 -6 -12 -5 -11 -6 -13 -6 -12 -6 -12 -5 -13 -5 -12 -5 -12 -5 -12 -4 -13 -5 -12 -4 -12 -5 -12 0 0 -4 -11 -6 -12 -5 -11 -5 -11 -5 -10 -6 -11 -5 -11 -6 -11 -6 -10 -7 -11 -7 -10 -6 -10 -7 -10 -7 -10 -8 -10 -8 -10 -9 -10 -9 -10 -9 -10 -10 -10 -9 -10 -10 -9 -10 -10 -11 -9 -11 -9 -11 -9 0 0 0 0 0 0 0 0 0 0 ]
2700,1782800082.331853,11.2933,-65,CSI_DATA,AP,98:F4:AB:29:67:94,-65,11,1,4,1,1,1,0,0,0,0,-96,0,6,1,740573348,0,84,0,0,740.956,384,[84 -64 4 0 0 0 0 0 0 0 0 0 -1 10 -1 10 -3 11 -3 10 -4 10 -3 9 -4 9 -4 10 -5 10 -6 9 -6 10 -5 9 -6 9 -6 9 -6 8 -7 10 -6 9 -7 9 -7 8 -6 8 -7 8 -7 8 -7 9 -7 8 -7 8 -7 8 0 0 -7 8 -7 8 -6 8 -6 8 -6 8 -6 8 -6 8 -6 8 -6 8 -5 9 -5 9 -5 8 -5 9 -5 9 -4 9 -4 9 -5 11 -4 9 -4 10 -3 10 -3 11 -4 11 -3 10 -2 12 -3 11 -3 11 0 0 0 0 0 0 0 0 0 0 ]
2701,1782800082.552209,10.4657,-66,CSI_DATA,AP,98:F4:AB:29:67:94,-66,11,1,4,1,1,1,0,0,0,0,-96,0,6,1,740661319,0,84,0,0,741.044,384,[84 -64 4 0 0 0 0 0 0 0 0 0 10 2 9 2 10 3 9 3 12 3 8 5 9 5 8 6 9 6 9 6 9 7 8 7 8 7 8 7 7 6 8 6 7 6 8 7 7 7 7 7 8 8 7 8 7 7 7 7 7 7 7 7 0 0 7 7 8 6 7 6 8 6 7 6 7 6 7 6 7 6 7 5 8 5 8 5 8 5 8 4 9 4 9 4 9 3 10 4 9 3 10 3 10 3 10 4 11 3 11 3 11 2 11 2 11 2 0 0 0 0 0 0 0 0 0 0 ]
2702,1782800082.770870,10.3779,-65,CSI_DATA,AP,98:F4:AB:29:67:94,-65,11,1,4,1,1,1,0,0,0,0,-96,0,6,1,740751329,0,84,0,0,741.134,384,[84 -64 4 0 0 0 0 0 0 0 0 0 3 -11 3 -10 4 -11 4 -9 5 -11 6 -9 6 -9 6 -9 6 -10 8 -9 7 -8 8 -9 7 -8 7 -8 7 -8 7 -9 7 -8 8 -8 7 -7 7 -8 8 -7 8 -8 8 -7 8 -7 8 -7 7 -7 0 0 7 -7 8 -8 7 -7 7 -8 7 -7 7 -8 7 -8 7 -8 6 -8 6 -8 6 -9 6 -7 6 -8 5 -8 5 -10 4 -9 5 -10 5 -10 4 -10 5 -11 5 -10 5 -10 5 -10 4 -12 4 -11 4 -12 0 0 0 0 0 0 0 0 0 0 ]
2703,1782800082.983007,10.2080,-66,CSI_DATA,AP,98:F4:AB:29:67:94,-66,11,1,4,1,1,1,0,0,0,0,-96,0,6,1,740845460,0,84,0,0,741.228,384,[84 -64 4 0 0 0 0 0 0 0 0 0 7 7 6 7 6 8 6 8 6 8 6 9 4 9 4 10 4 10 3 9 4 10 3 10 4 10 4 10 3 10 3 11 3 10 3 10 2 10 2 10 2 10 2 10 1 10 2 10 2 10 2 10 0 0 2 9 2 10 2 9 3 9 2 9 2 9 2 9 3 9 3 9 3 9 4 9 3 8 5 8 4 8 5 9 5 8 6 9 5 9 6 9 6 9 6 9 6 9 7 9 7 8 7 8 8 8 0 0 0 0 0 0 0 0 0 0 ]
2704,1782800083.226548,10.4377,-66,CSI_DATA,AP,98:F4:AB:29:67:94,-66,11,1,4,1,1,1,0,0,0,0,-96,0,6,1,740935922,0,84,0,0,741.318,384,[84 -64 4 0 0 0 0 0 0 0 0 0 -9 5 -10 5 -11 4 -11 3 -11 3 -11 3 -11 3 -11 2 -11 2 -12 1 -11 1 -12 1 -12 0 -12 0 -11 0 -12 0 -11 0 -11 0 -11 -1 -11 0 -11 -1 -11 -1 -11 -1 -11 -1 -11 -1 -11 -1 0 0 -11 -1 -11 0 -11 0 -10 0 -10 0 -11 0 -11 0 -10 1 -10 1 -10 1 -11 1 -10 1 -10 2 -10 3 -10 3 -10 3 -11 3 -10 3 -11 3 -11 4 -11 4 -11 5 -11 5 -11 5 -11 5 -11 6 0 0 0 0 0 0 0 0 0 0 ]
2705,1782800083.450894,11.3202,-65,CSI_DATA,AP,98:F4:AB:29:67:94,-65,11,1,4,1,1,1,0,0,0,0,-96,0,6,1,741022055,0,84,0,0,741.405,384,[84 -64 4 0 0 0 0 0 0 0 0 0 -11 -2 -10 -3 -12 -3 -11 -3 -11 -5 -10 -5 -10 -5 -10 -6 -10 -6 -10 -7 -10 -7 -9 -7 -9 -7 -9 -7 -9 -7 -10 -7 -9 -7 -9 -8 -9 -7 -8 -8 -9 -8 -9 -7 -8 -9 -8 -9 -9 -8 -9 -7 0 0 -8 -7 -9 -7 -8 -7 -9 -7 -8 -7 -8 -7 -9 -7 -9 -7 -9 -6 -9 -7 -9 -6 -9 -6 -9 -6 -9 -5 -10 -5 -10 -4 -11 -6 -10 -5 -11 -5 -11 -4 -11 -4 -12 -4 -12 -4 -12 -4 -12 -4 -12 -4 0 0 0 0 0 0 0 0 0 0 ]
2706,1782800083.677798,10.6865,-65,CSI_DATA,AP,98:F4:AB:29:67:94,-65,11,1,4,1,1,1,0,0,0,0,-96,0,6,1,741123309,0,84,0,0,741.506,384,[84 -64 4 0 0 0 0 0 0 0 0 0 8 -7 8 -6 10 -6 9 -6 9 -6 9 -5 10 -4 9 -3 11 -3 11 -3 10 -3 10 -2 10 -2 10 -2 10 -1 11 -2 10 -2 10 -2 10 -1 10 -1 11 -1 10 -1 11 -1 10 0 10 -1 10 -1 0 0 10 -1 10 -2 10 -1 10 -2 9 -1 9 -2 9 -1 9 -3 9 -2 10 -3 9 -3 10 -3 10 -3 9 -3 10 -4 9 -5 10 -5 9 -5 10 -5 9 -6 10 -5 10 -5 10 -6 10 -7 10 -6 9 -7 0 0 0 0 0 0 0 0 0 0 ]
2707,1782800083.901915,10.5232,-65,CSI_DATA,AP,98:F4:AB:29:67:94,-65,11,1,4,1,1,1,0,0,0,0,-96,0,6,1,741203950,0,84,0,0,741.586,384,[84 -64 4 0 0 0 0 0 0 0 0 0 8 3 7 4 8 4 8 4 8 4 7 5 7 6 7 7 7 7 6 7 6 7 6 7 6 7 6 6 6 7 7 7 6 6 6 7 5 6 5 7 5 7 5 8 4 7 5 7 4 7 5 7 0 0 5 7 5 7 5 7 5 6 4 6 5 6 5 7 5 5 6 6 6 6 6 6 6 5 6 6 7 5 7 5 7 4 8 5 7 4 8 5 8 4 8 5 8 5 9 4 9 4 9 4 9 4 0 0 0 0 0 0 0 0 0 0 ]
2708,1782800084.145568,10.2381,-65,CSI_DATA,AP,98:F4:AB:29:67:94,-65,11,1,4,1,1,1,0,0,0,0,-96,0,6,1,741293624,0,84,0,0,741.676,384,[84 -64 4 0 0 0 0 0 0 0 0 0 6 9 4 8 5 9 4 9 4 10 3 10 3 10 3 10 2 11 2 11 2 11 1 10 1 10 0 11 1 10 1 11 0 10 0 10 0 10 0 10 0 11 0 10 0 10 0 10 0 10 0 10 0 0 0 10 1 10 0 10 1 9 0 9 1 9 0 10 1 9 1 9 2 10 2 10 2 9 2 10 2 9 3 9 3 9 4 9 4 9 4 10 4 9 4 10 5 10 5 10 6 10 6 10 6 9 0 0 0 0 0 0 0 0 0 0 ]
2709,1782800084.378748,10.5409,-65,CSI_DATA,AP,98:F4:AB:29:67:94,-65,11,1,4,1,1,1,0,0,0,0,-96,0,6,1,741383317,0,84,0,0,741.766,384,[84 -64 4 0 0 0 0 0 0 0 0 0 -3 9 -4 10 -4 10 -4 9 -5 10 -5 10 -6 9 -6 9 -7 9 -8 8 -7 9 -8 8 -8 8 -8 8 -7 8 -8 9 -8 8 -8 8 -8 7 -7 7 -9 7 -8 8 -8 7 -8 6 -8 7 -8 7 0 0 -7 8 -7 8 -6 7 -7 8 -7 7 -7 7 -7 7 -7 7 -6 8 -7 9 -6 8 -5 7 -5 8 -5 8 -5 9 -4 9 -5 10 -4 9 -4 10 -4 10 -4 10 -3 11 -4 11 -3 11 -3 11 -3 11 0 0 0 0 0 0 0 0 0 0 ]
2710,1782800084.613759,10.4553,-65,CSI_DATA,AP,98:F4:AB:29:67:94,-65,11,1,4,1,1,1,0,0,0,0,-96,0,6,1,741473449,0,84,0,0,741.856,384,[84 -64 4 0 0 0 0 0 0 0 0 0 1 -11 1 -11 2 -11 2 -10 2 -11 3 -11 4 -11 4 -10 5 -10 5 -10 5 -10 6 -10 5 -10 5 -10 5 -9 6 -11 5 -10 6 -10 5 -9 6 -9 6 -9 6 -9 6 -9 6 -10 6 -9 6 -9 0 0 6 -9 5 -10 5 -9 4 -10 4 -8 4 -9 4 -10 4 -9 4 -10 4 -10 3 -10 3 -10 3 -10 2 -10 2 -11 2 -11 2 -11 2 -11 2 -12 1 -12 2 -11 1 -12 1 -12 0 -12 0 -13 0 -13 0 0 0 0 0 0 0 0 0 0 ]
2711,1782800084.853136,10.7630,-65,CSI_DATA,AP,98:F4:AB:29:67:94,-65,11,1,4,1,1,1,0,0,0,0,-96,0,6,1,741562702,0,84,0,0,741.945,384,[84 -64 4 0 0 0 0 0 0 0 0 0 -11 1 -11 1 -12 0 -11 0 -11 -1 -11 -2 -10 -2 -11 -2 -12 -3 -11 -4 -11 -4 -11 -4 -12 -4 -11 -3 -11 -4 -11 -4 -11 -4 -11 -4 -10 -5 -10 -4 -10 -5 -10 -5 -10 -5 -11 -4 -10 -5 -11 -5 0 0 -10 -5 -10 -5 -10 -4 -10 -4 -10 -4 -10 -4 -10 -4 -10 -4 -10 -4 -10 -3 -10 -3 -11 -3 -11 -2 -10 -2 -11 -2 -12 -1 -11 -1 -12 -1 -11 -2 -11 -1 -12 -1 -12 -1 -12 0 -13 0 -12 0 -13 0 0 0 0 0 0 0 0 0 0 0 ]
2712,1782800085.095508,11.1306,-66,CSI_DATA,AP,98:F4:AB:29:67:94,-66,11,1,4,1,1,1,0,0,0,0,-96,0,6,1,741651338,0,84,0,0,742.034,384,[84 -64 4 0 0 0 0 0 0 0 0 0 -9 -6 -9 -7 -9 -8 -8 -7 -8 -8 -8 -9 -7 -9 -8 -9 -7 -10 -7 -10 -7 -10 -6 -10 -6 -10 -6 -10 -6 -9 -6 -11 -6 -10 -6 -10 -6 -10 -6 -10 -6 -10 -6 -10 -5 -10 -5 -10 -5 -10 -5 -10 0 0 -5 -10 -6 -10 -5 -9 -6 -9 -5 -9 -6 -9 -6 -10 -6 -9 -6 -9 -7 -9 -7 -9 -7 -8 -7 -8 -7 -7 -8 -8 -9 -8 -9 -8 -8 -8 -9 -8 -9 -7 -9 -8 -10 -7 -10 -8 -10 -7 -10 -7 -10 -7 0 0 0 0 0 0 0 0 0 0 ]
2713,1782800085.320755,11.1006,-59,CSI_DATA,AP,98:F4:AB:29:67:94,-59,11,0,0,0,0,0,0,0,0,0,-96,0,6,1,741743131,0,84,0,0,742.126,128,[84 -64 4 0 0 0 0 0 0 0 0 0 -6 -24 -4 -22 -5 -25 -5 -24 -3 -26 0 -22 -2 -25 0 -24 0 -25 3 -24 3 -25 3 -26 5 -24 4 -24 3 -21 3 -27 3 -23 2 -24 4 -21 4 -23 4 -22 4 -23 4 -22 6 -23 5 -24 7 -22 0 0 3 -23 3 -25 2 -23 0 -26 1 -21 2 -23 1 -23 1 -22 -2 -23 2 -23 1 -24 1 -21 -2 -23 -1 -22 -3 -25 -3 -25 -5 -28 -4 -24 -4 -25 -6 -24 -5 -25 -8 -25 -6 -26 -7 -27 -7 -25 -8 -25 0 0 0 0 0 0 0 0 0 0 ]
2714,1782800085.576043,10.6253,-65,CSI_DATA,AP,98:F4:AB:29:67:94,-65,11,1,4,1,1,1,0,0,0,0,-96,0,6,1,741832309,0,84,0,0,742.215,384,[84 -64 4 0 0 0 0 0 0 0 0 0 1 10 1 10 0 10 0 9 0 10 -1 10 -1 11 -3 11 -2 11 -3 10 -3 11 -3 10 -3 10 -3 10 -2 10 -3 10 -3 10 -4 10 -4 9 -4 10 -4 10 -4 9 -4 10 -4 10 -4 9 -4 10 0 0 -3 10 -3 10 -3 10 -2 10 -3 9 -2 9 -3 10 -3 9 -1 10 -2 10 -1 10 -1 9 -1 9 0 9 0 10 1 10 1 11 1 10 1 11 1 11 1 11 2 11 2 11 2 11 3 11 3 11 0 0 0 0 0 0 0 0 0 0 ]
2715,1782800085.827820,10.4581,-65,CSI_DATA,AP,98:F4:AB:29:67:94,-65,11,1,4,1,1,1,0,0,0,0,-96,0,6,1,741926310,0,84,0,0,742.309,384,[84 -64 4 0 0 0 0 0 0 0 0 0 0 -12 0 -11 0 -11 1 -11 1 -11 2 -11 2 -11 3 -11 4 -12 4 -11 4 -11 4 -11 4 -10 4 -11 4 -10 4 -11 5 -10 4 -10 5 -10 5 -9 5 -10 5 -10 5 -10 5 -10 5 -9 5 -10 0 0 4 -10 5 -10 4 -10 4 -10 4 -9 4 -10 4 -10 4 -10 4 -9 3 -11 2 -10 2 -9 2 -10 2 -10 1 -11 1 -11 1 -12 1 -11 1 -12 1 -12 1 -12 1 -12 1 -12 -1 -12 0 -12 -1 -13 0 0 0 0 0 0 0 0 0 0 ]
2716,1782800086.059469,9.8995,-65,CSI_DATA,AP,98:F4:AB:29:67:94,-65,11,1,4,1,1,1,0,0,0,0,-96,0,6,1,742013675,0,84,0,0,742.396,384,[84 -64 4 0 0 0 0 0 0 0 0 0 9 -5 8 -5 10 -4 10 -3 10 -4 9 -3 11 -2 10 -2 11 -2 11 -1 11 -1 11 -1 11 0 10 0 10 0 11 -1 10 -1 10 0 10 0 10 0 11 1 10 1 10 1 10 1 10 1 9 1 0 0 10 0 10 0 10 0 10 -1 9 0 10 0 10 0 10 -1 9 -1 10 -1 10 -2 9 -1 9 -2 10 -3 10 -2 9 -3 10 -4 9 -4 10 -3 9 -4 10 -4 11 -4 11 -5 10 -6 11 -5 10 -6 0 0 0 0 0 0 0 0 0 0 ]
2717,1782800086.283151,9.9762,-65,CSI_DATA,AP,98:F4:AB:29:67:94,-65,11,1,4,1,1,1,0,0,0,0,-96,0,6,1,742109650,0,84,0,0,742.492,384,[84 -64 4 0 0 0 0 0 0 0 0 0 8 7 8 7 8 8 9 8 8 9 6 9 7 9 6 10 6 10 6 10 5 11 5 11 5 11 5 11 4 10 4 11 5 11 5 10 5 11 5 11 4 11 4 11 4 11 3 11 3 10 4 11 0 0 4 11 4 11 5 10 4 9 4 10 5 10 5 10 5 9 5 9 6 10 5 10 5 9 6 9 7 8 6 9 8 8 8 8 8 8 8 9 8 8 9 8 9 9 10 8 10 10 10 8 10 8 0 0 0 0 0 0 0 0 0 0 ]
2718,1782800086.523151,9.3827,-65,CSI_DATA,AP,98:F4:AB:29:67:94,-65,11,1,4,1,1,1,0,0,0,0,-96,0,6,1,742195802,0,84,0,0,742.578,384,[84 -64 4 0 0 0 0 0 0 0 0 0 9 1 8 1 10 1 8 2 10 2 8 3 11 -2 8 3 8 3 9 5 9 4 8 5 8 4 8 5 7 4 9 5 7 4 8 5 7 5 8 5 8 5 7 5 7 5 7 5 7 6 6 5 0 0 7 4 8 4 7 4 8 4 7 4 8 4 7 4 7 4 7 3 8 4 8 3 7 3 7 3 7 2 9 2 8 1 10 2 8 2 10 2 9 1 9 1 9 1 10 1 10 1 10 0 10 0 0 0 0 0 0 0 0 0 0 0 ]
2719,1782800086.764182,9.7808,-65,CSI_DATA,AP,98:F4:AB:29:67:94,-65,11,1,4,1,1,1,0,0,0,0,-96,0,6,1,742281403,0,84,0,0,742.664,384,[84 -64 4 0 0 0 0 0 0 0 0 0 -12 -1 -12 -2 -13 -2 -13 -2 -12 -3 -12 -4 -11 -5 -11 -6 -11 -6 -11 -6 -12 -6 -12 -6 -12 -7 -12 -7 -12 -7 -11 -7 -11 -7 -11 -6 -11 -7 -10 -7 -10 -7 -10 -7 -9 -8 -11 -8 -11 -7 -11 -7 0 0 -10 -7 -10 -7 -11 -7 -10 -6 -10 -7 -11 -7 -11 -7 -11 -7 -10 -6 -11 -6 -11 -5 -12 -5 -11 -5 -11 -4 -11 -5 -11 -4 -12 -4 -12 -4 -12 -4 -13 -4 -13 -5 -13 -4 -13 -3 -14 -2 -13 -3 -14 -2 0 0 0 0 0 0 0 0 0 0 ]
2720,1782800087.000578,10.4062,-66,CSI_DATA,AP,98:F4:AB:29:67:94,-66,11,1,4,1,1,1,0,0,0,0,-96,0,6,1,742373362,0,84,0,0,742.756,384,[84 -64 4 0 0 0 0 0 0 0 0 0 -1 12 -1 11 -1 12 -1 11 -2 11 -3 11 -3 12 -4 11 -4 12 -5 11 -5 11 -5 12 -6 11 -6 11 -5 10 -6 12 -6 11 -6 10 -5 10 -5 10 -5 11 -5 10 -7 10 -7 9 -6 9 -6 10 0 0 -6 10 -6 10 -5 10 -5 10 -5 9 -4 10 -4 10 -5 10 -3 11 -4 11 -4 11 -4 11 -3 10 -3 11 -3 11 -2 11 -2 12 -2 11 -2 12 -1 12 -1 12 -1 13 -1 13 0 13 0 13 0 13 0 0 0 0 0 0 0 0 0 0 ]
2721,1782800087.220383,10.3934,-65,CSI_DATA,AP,98:F4:AB:29:67:94,-65,11,1,4,1,1,1,0,0,0,0,-96,0,6,1,742464975,0,84,0,0,742.847,384,[84 -64 4 0 0 0 0 0 0 0 0 0 10 1 9 1 11 2 9 2 9 2 9 2 10 3 9 3 10 4 9 4 9 5 9 5 9 6 9 5 9 5 10 5 8 5 9 5 8 5 9 6 8 6 8 6 8 5 8 6 8 6 8 5 0 0 8 5 9 6 8 5 8 5 8 4 8 5 8 5 9 4 9 4 9 4 9 4 9 4 9 3 10 3 10 3 10 2 11 2 10 2 10 2 10 2 11 2 11 1 11 1 12 1 11 1 12 0 0 0 0 0 0 0 0 0 0 0 ]
2722,1782800087.497802,10.4780,-65,CSI_DATA,AP,98:F4:AB:29:67:94,-65,11,1,4,1,1,1,0,0,0,0,-96,0,6,1,742553433,0,84,0,0,742.936,384,[84 -64 4 0 0 0 0 0 0 0 0 0 -10 0 -9 0 -10 0 -10 -1 -11 -2 -10 -2 -10 -2 -9 -2 -11 -3 -12 -4 -10 -3 -10 -4 -9 -4 -10 -4 -9 -4 -10 -5 -9 -3 -9 -4 -9 -4 -9 -5 -9 -5 -9 -5 -9 -5 -9 -5 -9 -5 -9 -5 0 0 -9 -4 -9 -4 -9 -4 -9 -4 -8 -4 -9 -4 -9 -4 -9 -4 -9 -3 -9 -3 -10 -3 -9 -3 -9 -3 -9 -2 -10 -2 -9 -2 -10 -2 -10 -2 -10 -2 -10 -1 -10 -2 -10 -2 -11 -1 -11 -1 -11 0 -10 -1 0 0 0 0 0 0 0 0 0 0 ]
2723,1782800087.722471,10.5169,-65,CSI_DATA,AP,98:F4:AB:29:67:94,-65,11,1,4,1,1,1,0,0,0,0,-96,0,6,1,742641440,0,84,0,0,743.024,384,[84 -64 4 0 0 0 0 0 0 0 0 0 7 -8 8 -7 8 -7 8 -6 9 -6 8 -5 10 -5 9 -5 10 -5 10 -4 10 -4 10 -4 10 -4 10 -4 10 -4 10 -3 10 -3 10 -3 10 -3 10 -3 10 -3 10 -2 10 -2 10 -3 10 -3 10 -2 0 0 9 -3 10 -2 10 -3 9 -3 9 -3 10 -3 10 -3 10 -3 9 -3 9 -4 9 -4 9 -4 9 -5 9 -5 9 -5 8 -5 10 -6 9 -6 9 -5 9 -6 10 -6 10 -7 9 -7 10 -7 9 -7 9 -8 0 0 0 0 0 0 0 0 0 0 ]
2724,1782800087.972881,10.8946,-65,CSI_DATA,AP,98:F4:AB:29:67:94,-65,11,1,4,1,1,1,0,0,0,0,-96,0,6,1,742732551,0,84,0,0,743.115,384,[84 -64 4 0 0 0 0 0 0 0 0 0 11 -4 11 -3 11 -3 11 -3 12 -2 11 0 12 -2 11 0 12 -1 12 0 12 1 12 1 12 1 13 1 12 2 11 1 11 1 11 1 11 1 11 2 11 2 11 2 11 2 11 2 11 2 11 2 0 0 11 1 11 2 11 1 11 1 11 1 11 1 11 1 11 0 11 0 11 0 11 -1 11 0 11 -1 11 -2 12 -2 11 -2 12 -3 12 -3 12 -3 12 -3 12 -3 12 -4 13 -4 13 -4 12 -4 13 -5 0 0 0 0 0 0 0 0 0 0 ]
2725,1782800088.211087,10.9984,-65,CSI_DATA,AP,98:F4:AB:29:67:94,-65,11,1,4,1,1,1,0,0,0,0,-96,0,6,1,742822437,0,84,0,0,743.205,384,[84 -64 4 0 0 0 0 0 0 0 0 0 -6 9 -6 7 -7 8 -8 7 -9 7 -9 7 -9 7 -9 6 -9 7 -10 5 -10 5 -10 6 -10 5 -10 5 -9 4 -10 6 -9 5 -10 5 -10 4 -10 4 -10 4 -9 4 -10 4 -10 4 -10 4 -10 4 0 0 -9 4 -10 5 -9 5 -9 6 -9 5 -9 5 -9 5 -9 6 -8 6 -9 6 -9 6 -9 6 -8 6 -7 6 -8 8 -7 7 -8 8 -7 8 -8 8 -7 9 -8 8 -7 9 -8 10 -7 10 -7 9 -7 9 0 0 0 0 0 0 0 0 0 0 ]
2726,1782800088.443531,11.1121,-66,CSI_DATA,AP,98:F4:AB:29:67:94,-66,11,1,4,1,1,1,0,0,0,0,-96,0,6,1,742911866,0,84,0,0,743.294,384,[84 -64 4 0 0 0 0 0 0 0 0 0 -7 -9 -6 -10 -6 -10 -6 -9 -5 -10 -4 -10 -4 -11 -4 -11 -3 -11 -3 -11 -3 -11 -3 -12 -2 -11 -3 -12 -2 -11 -2 -12 -2 -11 -2 -11 -2 -10 -2 -11 -1 -11 -1 -12 -1 -11 -1 -11 -1 -11 -2 -11 0 0 -2 -11 -2 -11 -2 -11 -2 -11 -1 -10 -2 -10 -2 -10 -2 -11 -2 -11 -3 -11 -3 -10 -3 -10 -3 -11 -4 -10 -4 -10 -5 -10 -4 -10 -5 -11 -4 -11 -5 -11 -5 -11 -5 -11 -5 -11 -7 -11 -6 -11 -7 -11 0 0 0 0 0 0 0 0 0 0 ]
2727,1782800088.673396,11.1601,-65,CSI_DATA,AP,98:F4:AB:29:67:94,-65,11,1,4,1,1,1,0,0,0,0,-96,0,6,1,743002808,0,84,0,0,743.385,384,[84 -64 4 0 0 0 0 0 0 0 0 0 -10 4 -10 4 -11 4 -11 3 -11 3 -11 1 -11 1 -11 1 -11 1 -12 1 -12 0 -11 0 -12 0 -12 -1 -11 0 -12 0 -11 -1 -12 -1 -11 -1 -11 -1 -11 -1 -11 -1 -11 -2 -11 -2 -11 -1 -11 -2 0 0 -11 -1 -11 -2 -11 -1 -11 -1 -11 -1 -11 -1 -11 -1 -11 -1 -10 0 -11 0 -11 1 -11 0 -11 1 -11 2 -11 2 -11 2 -12 2 -11 2 -12 2 -12 2 -12 2 -12 3 -12 3 -12 4 -11 3 -12 4 0 0 0 0 0 0 0 0 0 0 ]
2728,1782800088.920046,10.1045,-65,CSI_DATA,AP,98:F4:AB:29:67:94,-65,11,1,4,1,1,1,0,0,0,0,-96,0,6,1,743091995,0,84,0,0,743.474,384,[84 -64 4 0 0 0 0 0 0 0 0 0 1 8 0 8 0 9 0 9 -1 9 -2 9 -2 9 -2 9 -2 9 -3 8 -4 9 -4 9 -4 8 -4 9 -3 8 -4 9 -4 8 -4 9 -4 8 -4 8 -3 8 -4 8 -4 8 -5 8 -5 8 -4 8 0 0 -4 8 -3 9 -4 8 -3 8 -3 8 -3 8 -3 8 -2 8 -2 9 -3 8 -2 8 -2 8 -2 9 -1 9 -1 9 -1 8 -1 9 -1 9 0 9 0 9 0 9 1 10 0 10 0 10 0 10 1 10 0 0 0 0 0 0 0 0 0 0 ]
2729,1782800089.161033,10.6242,-65,CSI_DATA,AP,98:F4:AB:29:67:94,-65,11,1,4,1,1,1,0,0,0,0,-96,0,6,1,743183795,0,84,0,0,743.566,384,[84 -64 4 0 0 0 0 0 0 0 0 0 -10 -6 -8 -6 -10 -7 -9 -6 -9 -7 -7 -8 -8 -8 -7 -9 -8 -9 -7 -10 -6 -10 -6 -10 -7 -10 -7 -10 -6 -10 -7 -10 -6 -9 -7 -10 -6 -9 -6 -9 -5 -10 -5 -10 -5 -11 -5 -10 -5 -10 -5 -10 0 0 -5 -9 -6 -10 -5 -9 -7 -9 -6 -9 -6 -9 -6 -9 -6 -9 -7 -8 -6 -8 -7 -8 -7 -8 -7 -8 -7 -7 -9 -8 -8 -7 -10 -8 -9 -7 -8 -8 -9 -8 -9 -8 -10 -7 -11 -8 -11 -7 -11 -7 -11 -7 0 0 0 0 0 0 0 0 0 0 ]
2730,1782800089.397955,10.8335,-59,CSI_DATA,AP,98:F4:AB:29:67:94,-59,11,0,0,0,0,0,0,0,0,0,-96,0,6,1,743279610,0,84,0,0,743.662,128,[84 -64 4 0 0 0 0 0 0 0 0 0 5 -23 6 -21 7 -25 8 -23 8 -24 9 -20 11 -22 11 -20 12 -22 14 -20 14 -20 14 -21 15 -19 14 -20 12 -17 14 -22 12 -19 12 -20 12 -18 14 -18 14 -17 13 -19 13 -17 15 -17 14 -20 15 -17 0 0 12 -18 14 -21 11 -20 10 -23 10 -18 12 -19 10 -20 10 -18 8 -22 12 -19 11 -21 10 -19 8 -22 8 -19 8 -24 8 -24 8 -27 7 -22 7 -23 5 -24 7 -24 3 -25 6 -25 5 -27 3 -25 3 -26 0 0 0 0 0 0 0 0 0 0 ]
2731,1782800089.644467,11.0692,-65,CSI_DATA,AP,98:F4:AB:29:67:94,-65,11,1,4,1,1,1,0,0,0,0,-96,0,6,1,743365805,0,84,0,0,743.748,384,[84 -64 4 0 0 0 0 0 0 0 0 0 -11 3 -10 3 -11 3 -11 2 -12 2 -12 1 -11 0 -12 -1 -12 -1 -12 -1 -12 -1 -12 -1 -12 -2 -12 -1 -12 -2 -12 -2 -11 -2 -11 -2 -11 -3 -11 -3 -11 -4 -11 -3 -11 -3 -11 -3 -11 -3 -11 -2 0 0 -10 -3 -11 -2 -11 -2 -11 -1 -11 -2 -11 -3 -11 -3 -11 -2 -10 -2 -11 -1 -11 -1 -11 -1 -11 0 -11 0 -11 0 -11 1 -12 0 -11 1 -11 1 -12 1 -12 1 -12 1 -12 1 -12 2 -12 2 -12 3 0 0 0 0 0 0 0 0 0 0 ]
2732,1782800089.879736,11.0089,-65,CSI_DATA,AP,98:F4:AB:29:67:94,-65,11,1,4,1,1,1,0,0,0,0,-96,0,6,1,743451378,0,84,0,0,743.834,384,[84 -64 4 0 0 0 0 0 0 0 0 0 11 0 10 0 12 2 11 2 11 2 11 3 11 3 11 4 10 4 10 5 10 5 10 5 10 4 10 5 10 5 9 5 9 5 9 5 9 6 9 5 10 5 9 5 9 5 8 6 9 6 9 5 0 0 9 4 9 5 9 5 9 4 9 4 9 4 9 4 9 4 9 4 9 3 10 3 10 3 10 3 10 2 11 2 10 0 11 2 11 1 11 1 11 0 11 1 11 0 12 0 11 -1 12 0 12 -1 0 0 0 0 0 0 0 0 0 0 ]
2733,1782800090.118432,11.1875,-65,CSI_DATA,AP,98:F4:AB:29:67:94,-65,11,1,4,1,1,1,0,0,0,0,-96,0,6,1,743542373,0,84,0,0,743.925,384,[84 -64 4 0 0 0 0 0 0 0 0 0 11 -1 10 0 12 0 11 0 12 1 10 1 11 2 11 3 11 2 11 4 10 4 10 4 11 4 10 4 10 3 11 5 9 4 10 4 9 4 9 4 10 5 10 4 10 5 9 5 10 5 9 4 0 0 10 4 10 4 10 3 10 3 9 3 10 4 9 3 9 3 10 2 10 2 10 2 9 2 10 2 10 1 11 1 10 0 12 0 11 0 11 -1 11 -1 12 0 11 -1 12 -1 12 -2 12 -1 11 -2 0 0 0 0 0 0 0 0 0 0 ]
2734,1782800090.445488,11.3362,-69,CSI_DATA,AP,98:F4:AB:29:67:94,-69,11,1,4,1,1,1,1,0,0,0,-96,1,6,1,759564076,0,84,0,0,759.947,384,[84 -64 4 0 0 0 0 0 0 0 0 0 -3 -10 -2 -10 -1 -11 -1 -9 0 -11 0 -10 0 -11 1 -10 1 -10 3 -10 3 -10 3 -9 3 -9 3 -10 2 -9 2 -10 3 -9 2 -10 2 -9 4 -9 3 -10 3 -8 3 -9 3 -9 3 -8 3 -9 0 0 3 -9 3 -9 2 -8 2 -9 2 -8 2 -9 2 -9 3 -9 1 -9 2 -10 1 -9 1 -9 1 -9 1 -9 -1 -10 -1 -9 0 -12 -1 -10 0 -11 -2 -11 0 -10 -2 -11 -1 -11 -2 -11 -2 -11 -2 -11 0 0 0 0 0 0 0 0 0 0 ]
2735,1782800090.644479,11.2972,-69,CSI_DATA,AP,98:F4:AB:29:67:94,-69,11,1,4,1,1,1,1,0,0,0,-96,1,6,1,759654475,0,84,0,0,760.037,384,[84 -64 4 0 0 0 0 0 0 0 0 0 -3 -10 -3 -9 -3 -9 -3 -9 -2 -9 -1 -9 -1 -10 0 -9 0 -10 1 -10 1 -9 1 -10 2 -9 1 -10 2 -9 2 -9 1 -9 1 -9 2 -8 2 -8 2 -9 2 -9 2 -8 2 -8 2 -9 2 -8 0 0 2 -8 3 -9 1 -9 1 -8 2 -9 2 -9 2 -9 2 -9 2 -8 1 -9 0 -8 1 -8 0 -9 1 -9 -1 -9 0 -9 -1 -10 -1 -10 -1 -10 -1 -10 -1 -10 -2 -11 -2 -11 -2 -12 -2 -11 -3 -12 0 0 0 0 0 0 0 0 0 0 ]
2736,1782800090.869975,9.7453,-68,CSI_DATA,AP,98:F4:AB:29:67:94,-68,11,1,4,1,1,1,1,0,0,0,-96,1,6,1,759743374,0,84,0,0,760.126,384,[84 -64 4 0 0 0 0 0 0 0 0 0 -3 -8 -3 -8 -2 -9 -2 -9 -2 -9 -1 -9 -1 -9 0 -9 0 -10 1 -10 1 -9 1 -9 1 -9 1 -9 1 -8 1 -9 2 -9 2 -9 2 -8 2 -8 3 -9 2 -8 3 -8 2 -8 3 -8 1 -9 0 0 2 -9 2 -8 2 -8 1 -8 2 -8 1 -9 2 -8 1 -9 1 -9 0 -9 0 -9 1 -9 1 -9 1 -9 0 -9 0 -10 0 -10 -1 -11 0 -10 -1 -10 -1 -10 -1 -11 -1 -12 -1 -11 -2 -12 -2 -12 0 0 0 0 0 0 0 0 0 0 ]
2737,1782800091.102375,8.3535,-66,CSI_DATA,AP,98:F4:AB:29:67:94,-66,11,1,3,1,1,1,1,0,0,0,-96,1,6,1,759837780,0,84,0,0,760.22,384,[84 -64 4 0 0 0 0 0 0 0 0 0 8 -4 8 -4 9 -4 9 -4 9 -3 9 -2 9 -1 9 -1 9 -1 10 0 9 0 9 0 9 0 9 0 9 0 9 0 8 0 9 1 8 0 9 1 8 0 9 1 8 1 8 1 8 1 8 0 0 0 8 1 9 0 9 0 8 0 8 0 9 0 8 0 8 -1 8 -1 8 -1 8 -1 8 -1 8 -1 8 -2 9 -2 9 -3 10 -3 9 -3 10 -3 10 -4 10 -3 10 -4 10 -4 10 -4 10 -4 10 -5 0 0 0 0 0 0 0 0 0 0 ]
2738,1782800091.344630,8.5998,-67,CSI_DATA,AP,98:F4:AB:29:67:94,-67,11,1,3,1,1,1,1,0,0,0,-96,1,6,1,759932031,0,84,0,0,760.315,384,[84 -64 4 0 0 0 0 0 0 0 0 0 -5 -11 -4 -10 -4 -11 -3 -10 -3 -11 -2 -11 -2 -11 -1 -11 -1 -11 0 -11 0 -11 1 -11 1 -11 0 -11 -1 -10 0 -11 0 -9 0 -10 0 -10 0 -10 1 -10 1 -10 1 -10 1 -10 1 -10 0 -10 0 0 0 -9 -1 -10 0 -10 0 -10 0 -9 -1 -10 -1 -10 -1 -10 -1 -10 -2 -10 -1 -10 -2 -9 -2 -10 -3 -10 -4 -11 -4 -10 -4 -11 -4 -11 -4 -11 -4 -11 -4 -11 -5 -12 -5 -11 -6 -12 -6 -12 -6 -11 0 0 0 0 0 0 0 0 0 0 ]
2739,1782800091.604106,8.7808,-68,CSI_DATA,AP,98:F4:AB:29:67:94,-68,11,1,4,1,1,1,1,0,0,0,-96,1,6,1,760013030,0,84,0,0,760.395,384,[84 -64 4 0 0 0 0 0 0 0 0 0 -10 -1 -10 -1 -10 -2 -10 -2 -11 -3 -9 -3 -9 -4 -9 -5 -9 -4 -9 -5 -9 -4 -8 -5 -9 -4 -8 -5 -9 -5 -9 -5 -8 -5 -8 -5 -8 -6 -7 -6 -8 -6 -6 -7 -7 -5 -8 -6 -7 -6 -8 -6 0 0 -7 -6 -9 -6 -8 -5 -8 -5 -7 -6 -8 -6 -8 -7 -8 -6 -9 -5 -9 -5 -9 -5 -9 -5 -9 -4 -10 -4 -10 -5 -11 -4 -11 -4 -11 -4 -11 -5 -11 -5 -11 -5 -12 -5 -12 -5 -13 -4 -12 -4 -13 -3 0 0 0 0 0 0 0 0 0 0 ]
2740,1782800091.846304,8.5309,-66,CSI_DATA,AP,98:F4:AB:29:67:94,-66,11,1,2,1,1,1,1,0,0,0,-96,1,6,1,760114041,0,84,0,0,760.497,384,[84 -64 4 0 0 0 0 0 0 0 0 0 9 1 8 2 9 1 8 2 9 2 7 3 8 3 8 4 8 4 7 5 7 5 7 5 7 5 8 5 7 5 7 5 7 5 7 4 7 4 7 5 6 5 7 5 6 5 7 5 7 5 7 5 0 0 7 4 8 6 7 4 8 4 7 5 8 4 8 5 8 4 8 4 8 4 8 3 8 4 9 3 9 3 10 3 10 3 11 2 10 2 11 3 11 2 11 3 12 2 12 2 12 2 12 2 12 2 0 0 0 0 0 0 0 0 0 0 ]
2741,1782800092.442556,8.8799,-67,CSI_DATA,AP,98:F4:AB:29:67:94,-67,11,1,3,1,1,1,1,0,0,0,-96,1,6,1,760192480,0,84,0,0,760.575,384,[84 -64 4 0 0 0 0 0 0 0 0 0 4 -8 4 -8 5 -9 4 -8 6 -8 6 -7 7 -8 7 -7 8 -7 7 -6 7 -6 7 -6 7 -5 7 -6 7 -6 8 -6 7 -5 7 -6 7 -5 8 -5 7 -5 8 -5 7 -5 8 -5 7 -6 7 -6 0 0 8 -6 7 -6 7 -6 6 -7 7 -6 7 -7 7 -7 7 -6 7 -7 7 -8 6 -8 6 -7 6 -8 6 -8 6 -9 6 -10 6 -10 6 -10 7 -9 6 -11 7 -10 6 -11 7 -11 6 -11 6 -11 6 -11 0 0 0 0 0 0 0 0 0 0 ]
2742,1782800092.977780,9.6267,-67,CSI_DATA,AP,98:F4:AB:29:67:94,-67,11,1,3,1,1,1,1,0,0,0,-96,1,6,1,760282126,0,84,0,0,760.665,384,[84 -64 4 0 0 0 0 0 0 0 0 0 -7 6 -8 6 -9 6 -8 5 -9 6 -9 4 -10 4 -10 3 -10 4 -11 3 -9 2 -10 2 -11 2 -10 2 -9 2 -10 3 -9 2 -10 2 -9 2 -10 2 -10 1 -10 2 -10 2 -10 2 -10 1 -9 2 0 0 -10 2 -10 2 -9 2 -10 3 -9 2 -9 3 -9 3 -10 3 -9 3 -10 3 -10 4 -10 4 -10 5 -9 4 -9 6 -9 5 -10 5 -9 5 -10 6 -9 6 -10 6 -11 6 -11 7 -11 7 -11 8 -10 8 0 0 0 0 0 0 0 0 0 0 ]
2743,1782800093.218764,9.3409,-68,CSI_DATA,AP,98:F4:AB:29:67:94,-68,11,1,3,1,1,1,1,0,0,0,-96,1,6,1,760375917,0,84,0,0,760.758,384,[84 -64 4 0 0 0 0 0 0 0 0 0 -2 9 -2 8 -3 9 -4 8 -4 9 -5 8 -4 7 -5 7 -5 7 -6 7 -5 7 -5 7 -5 7 -6 7 -6 6 -6 7 -5 7 -6 6 -6 6 -6 6 -6 5 -6 5 -5 6 -6 7 -6 6 -5 6 0 0 -5 6 -5 7 -5 6 -5 6 -5 6 -6 6 -6 6 -5 7 -5 7 -4 7 -4 7 -4 8 -4 8 -4 8 -4 8 -3 8 -4 9 -4 8 -3 9 -3 9 -4 10 -3 10 -3 10 -3 11 -3 10 -2 11 0 0 0 0 0 0 0 0 0 0 ]
2744,1782800093.781851,8.8029,-69,CSI_DATA,AP,98:F4:AB:29:67:94,-69,11,1,4,1,1,1,1,0,0,0,-96,1,6,1,760462940,0,84,0,0,760.845,384,[84 -64 4 0 0 0 0 0 0 0 0 0 -8 -4 -8 -4 -8 -5 -7 -5 -8 -5 -6 -6 -6 -6 -6 -6 -6 -7 -6 -7 -6 -7 -5 -7 -5 -7 -5 -7 -5 -7 -5 -8 -4 -8 -5 -7 -4 -7 -5 -7 -4 -8 -4 -7 -4 -7 -4 -7 -4 -7 -5 -7 0 0 -4 -7 -5 -7 -5 -7 -5 -7 -5 -7 -5 -7 -5 -7 -5 -7 -5 -7 -6 -6 -6 -7 -6 -6 -5 -7 -6 -6 -6 -6 -7 -6 -7 -6 -7 -7 -8 -6 -7 -6 -8 -6 -8 -6 -9 -6 -9 -6 -9 -6 -9 -6 0 0 0 0 0 0 0 0 0 0 ]
2745,1782800094.119524,8.6090,-68,CSI_DATA,AP,98:F4:AB:29:67:94,-68,11,1,4,1,1,1,1,0,0,0,-96,1,6,1,760551278,0,84,0,0,760.934,384,[84 -64 4 0 0 0 0 0 0 0 0 0 9 1 9 1 10 1 9 2 9 2 8 2 8 3 9 4 9 5 8 5 7 5 8 5 7 5 8 5 7 5 8 5 7 5 7 5 6 5 7 5 7 6 7 5 7 6 7 4 7 5 7 4 0 0 7 4 8 4 7 4 8 4 7 4 7 3 8 4 7 4 7 4 8 4 8 3 8 3 9 3 8 2 9 2 9 1 10 2 9 1 9 2 10 1 10 1 10 1 11 1 11 0 11 1 11 0 0 0 0 0 0 0 0 0 0 0 ]
2746,1782800094.438920,7.3383,-68,CSI_DATA,AP,98:F4:AB:29:67:94,-68,11,1,4,1,1,1,1,0,0,0,-96,1,6,1,760641268,0,84,0,0,761.024,384,[84 -64 4 0 0 0 0 0 0 0 0 0 9 -5 9 -4 9 -4 9 -3 9 -3 9 -2 10 -2 9 -1 10 -1 9 0 9 -1 10 0 9 0 9 0 9 0 10 1 9 1 9 0 9 2 9 1 8 2 8 1 8 1 9 1 7 1 9 0 0 0 8 0 9 1 9 0 9 -1 8 0 9 0 8 0 9 0 8 -1 8 -1 9 -2 8 -1 8 -2 9 -2 9 -2 9 -3 9 -2 9 -2 10 -4 9 -3 10 -3 9 -4 10 -4 10 -5 10 -5 10 -5 0 0 0 0 0 0 0 0 0 0 ]
2747,1782800094.775071,7.7079,-68,CSI_DATA,AP,98:F4:AB:29:67:94,-68,11,1,4,1,1,1,1,0,0,0,-96,1,6,1,760731656,0,84,0,0,761.114,384,[84 -64 4 0 0 0 0 0 0 0 0 0 1 -10 1 -10 3 -11 3 -10 3 -9 4 -9 4 -9 5 -8 6 -9 5 -8 5 -8 6 -8 6 -8 5 -8 5 -7 6 -8 6 -8 6 -7 6 -7 6 -7 6 -7 6 -7 6 -6 5 -7 5 -7 5 -7 0 0 5 -7 5 -8 5 -7 4 -7 5 -7 5 -8 5 -8 5 -8 5 -7 4 -8 4 -8 4 -8 4 -9 3 -9 3 -9 3 -9 3 -10 3 -11 3 -9 2 -10 3 -10 3 -11 2 -11 2 -11 2 -11 2 -11 0 0 0 0 0 0 0 0 0 0 ]
2748,1782800095.055868,8.1984,-69,CSI_DATA,AP,98:F4:AB:29:67:94,-69,11,1,4,1,1,1,1,0,0,0,-96,1,6,1,760825836,0,84,0,0,761.208,384,[84 -64 4 0 0 0 0 0 0 0 0 0 3 -10 3 -9 4 -9 4 -9 4 -8 5 -8 5 -8 5 -8 6 -8 6 -6 6 -7 6 -7 6 -7 6 -7 6 -6 6 -7 6 -6 6 -6 6 -6 7 -6 6 -6 6 -7 6 -5 5 -5 6 -6 6 -6 0 0 5 -6 6 -7 6 -6 5 -6 6 -6 6 -6 6 -6 5 -6 5 -7 5 -7 4 -7 4 -7 5 -7 5 -8 4 -8 4 -9 4 -9 4 -9 4 -9 4 -10 4 -9 4 -10 4 -10 3 -11 3 -10 3 -11 0 0 0 0 0 0 0 0 0 0 ]
2749,1782800095.378286,8.3858,-69,CSI_DATA,AP,98:F4:AB:29:67:94,-69,11,1,4,1,1,1,1,0,0,0,-96,1,6,1,760912877,0,84,0,0,761.295,384,[84 -64 4 0 0 0 0 0 0 0 0 0 9 -1 8 1 10 0 9 1 9 1 8 2 9 3 9 3 8 4 8 4 8 4 7 4 8 4 8 4 7 5 8 4 7 4 7 4 6 5 7 4 7 4 7 5 6 5 7 5 7 5 7 4 0 0 7 4 7 4 7 4 8 4 7 4 7 4 8 4 8 3 8 3 8 4 8 3 8 3 8 3 8 3 9 2 8 2 10 2 9 2 9 2 10 1 10 2 10 2 10 1 11 1 11 1 11 1 0 0 0 0 0 0 0 0 0 0 ]
2750,1782800095.692575,8.2505,-71,CSI_DATA,AP,98:F4:AB:29:67:94,-71,11,1,5,1,1,1,1,0,0,0,-96,1,6,1,761001676,0,84,0,0,761.384,384,[84 -64 4 0 0 0 0 0 0 0 0 0 7 -6 7 -5 7 -5 7 -4 9 -5 8 -4 8 -2 8 -2 8 -2 9 -2 8 -2 8 -1 9 -1 8 0 8 0 8 -1 8 0 7 0 7 0 7 0 7 0 8 0 7 0 8 0 8 0 7 0 0 0 8 0 8 -1 7 -1 7 -1 8 -1 7 -1 8 -1 7 -2 8 -1 9 -2 8 -2 8 -1 8 -2 8 -2 8 -2 8 -3 9 -2 9 -3 9 -2 8 -5 10 -3 9 -4 9 -4 9 -4 9 -4 9 -5 0 0 0 0 0 0 0 0 0 0 ]
2751,1782800096.023714,8.8871,-70,CSI_DATA,AP,98:F4:AB:29:67:94,-70,11,1,4,1,1,1,1,0,0,0,-96,1,6,1,761092818,0,84,0,0,761.475,384,[84 -64 4 0 0 0 0 0 0 0 0 0 -6 -8 -5 -8 -6 -9 -4 -9 -4 -9 -3 -9 -2 -9 -2 -9 -1 -10 -1 -10 0 -9 -1 -9 0 -9 -1 -8 -1 -8 -1 -9 0 -9 0 -9 0 -9 0 -9 1 -9 1 -9 1 -9 1 -8 0 -9 0 -9 0 0 0 -9 0 -9 0 -9 -1 -9 0 -9 -1 -9 0 -9 -1 -9 0 -9 -1 -10 -2 -9 -2 -9 -2 -9 -2 -9 -2 -10 -3 -10 -3 -10 -3 -10 -2 -11 -3 -10 -3 -10 -3 -10 -4 -11 -5 -10 -4 -11 -5 -11 0 0 0 0 0 0 0 0 0 0 ]
2752,1782800096.331640,8.7010,-70,CSI_DATA,AP,98:F4:AB:29:67:94,-70,11,1,4,1,1,1,1,0,0,0,-96,1,6,1,761189500,0,84,0,0,761.572,384,[84 -64 4 0 0 0 0 0 0 0 0 0 7 -5 7 -4 8 -5 8 -4 8 -4 8 -2 8 -3 8 -2 8 -2 8 -2 8 -1 8 -1 8 -1 8 -2 8 -1 9 -1 7 0 7 0 9 -1 7 -1 8 -1 7 -1 8 -1 8 -1 8 -1 7 -1 0 0 7 -2 8 -1 8 -1 7 -2 7 -2 8 -2 8 -2 8 -3 8 -2 8 -3 8 -3 8 -3 8 -4 8 -4 8 -4 7 -4 8 -5 8 -5 8 -5 8 -5 8 -5 9 -6 9 -7 8 -7 8 -7 9 -7 0 0 0 0 0 0 0 0 0 0 ]
2753,1782800096.648968,7.6949,-70,CSI_DATA,AP,98:F4:AB:29:67:94,-70,11,1,3,1,1,1,1,0,0,0,-96,1,6,1,761278844,0,84,0,0,761.661,384,[84 -64 4 0 0 0 0 0 0 0 0 0 3 7 3 7 3 8 3 8 2 8 1 8 1 9 0 8 0 9 -1 7 -2 8 -1 8 -2 7 -1 8 -1 7 -1 8 -1 8 -1 8 -1 7 -1 8 -2 7 -1 7 -1 7 -1 7 -1 7 -1 7 0 0 -1 8 -1 8 -1 8 0 7 -1 8 0 7 -1 8 0 8 1 8 0 8 1 8 1 8 1 8 1 8 2 9 3 9 2 9 2 9 2 9 3 9 2 9 3 9 3 10 5 9 4 9 5 10 0 0 0 0 0 0 0 0 0 0 ]
2754,1782800096.919129,7.6459,-70,CSI_DATA,AP,98:F4:AB:29:67:94,-70,11,1,3,1,1,1,1,0,0,0,-96,1,6,1,761372434,0,84,0,0,761.755,384,[84 -64 4 0 0 0 0 0 0 0 0 0 7 -5 7 -4 8 -4 7 -4 9 -4 7 -3 8 -3 7 -1 8 -2 8 -1 8 -1 8 -1 8 0 8 0 8 0 8 0 7 -1 8 0 7 0 8 0 7 0 7 0 8 0 8 0 8 0 7 -1 0 0 7 -1 8 0 7 0 7 -1 7 -1 8 -1 8 0 7 -1 7 -1 8 -2 8 -2 8 -1 8 -2 8 -3 8 -2 8 -3 9 -3 9 -3 8 -3 9 -4 9 -4 10 -3 10 -5 10 -5 10 -5 9 -5 0 0 0 0 0 0 0 0 0 0 ]
2755,1782800097.284738,7.7317,-70,CSI_DATA,AP,98:F4:AB:29:67:94,-70,11,1,4,1,1,1,1,0,0,0,-96,1,6,1,761466403,0,84,0,0,761.849,384,[84 -64 4 0 0 0 0 0 0 0 0 0 -1 -9 -1 -9 0 -11 0 -9 2 -9 2 -9 2 -9 3 -8 2 -8 4 -8 4 -8 4 -8 4 -8 4 -8 3 -7 2 -8 3 -7 4 -8 3 -7 3 -8 4 -7 3 -7 3 -8 3 -7 4 -7 3 -8 0 0 3 -7 3 -8 3 -7 3 -8 3 -7 3 -8 2 -9 3 -8 2 -9 3 -9 2 -8 2 -8 2 -9 1 -8 0 -11 0 -10 1 -11 1 -10 1 -11 1 -11 1 -11 1 -11 0 -11 0 -11 0 -11 -1 -12 0 0 0 0 0 0 0 0 0 0 ]
2756,1782800097.614625,7.8075,-70,CSI_DATA,AP,98:F4:AB:29:67:94,-70,11,1,3,1,1,1,1,0,0,0,-96,1,6,1,761546944,0,84,0,0,761.929,384,[84 -64 4 0 0 0 0 0 0 0 0 0 -7 -6 -6 -6 -6 -7 -5 -7 -5 -8 -5 -8 -5 -8 -4 -9 -4 -9 -3 -9 -3 -8 -3 -9 -3 -8 -2 -9 -3 -8 -3 -9 -2 -8 -3 -8 -2 -8 -2 -8 -2 -9 -2 -8 -2 -8 -1 -9 -2 -8 -2 -8 0 0 -3 -8 -3 -8 -3 -8 -4 -8 -2 -8 -3 -8 -3 -8 -3 -9 -3 -8 -4 -8 -5 -8 -4 -8 -4 -8 -4 -8 -6 -9 -6 -7 -6 -9 -5 -9 -7 -9 -7 -9 -7 -9 -7 -10 -7 -9 -7 -9 -7 -10 -9 -9 0 0 0 0 0 0 0 0 0 0 ]
2757,1782800097.940890,8.0892,-67,CSI_DATA,AP,98:F4:AB:29:67:94,-67,11,1,0,1,1,1,1,0,0,0,-96,1,6,1,761642037,0,84,0,0,762.025,384,[84 -64 4 0 0 0 0 0 0 0 0 0 2 8 2 7 1 8 1 7 0 8 0 7 0 9 0 8 -1 8 -2 7 -2 8 -2 7 -3 7 -2 8 -2 6 -2 8 -3 7 -2 7 -3 6 -2 6 -3 7 -3 6 -3 7 -3 8 -4 6 -3 6 0 0 -2 7 -2 8 -2 7 -1 8 -2 6 -2 7 -2 8 -2 7 -1 7 -1 8 -1 8 -1 7 -1 8 -1 7 0 8 0 8 0 9 1 8 0 8 1 9 0 9 1 9 1 10 1 10 2 10 2 10 0 0 0 0 0 0 0 0 0 0 ]
2758,1782800098.362426,8.2585,-70,CSI_DATA,AP,98:F4:AB:29:67:94,-70,11,1,4,1,1,1,1,0,0,0,-96,1,6,1,761723816,0,84,0,0,762.106,384,[84 -64 4 0 0 0 0 0 0 0 0 0 -7 -8 -7 -7 -7 -8 -6 -6 -6 -9 -4 -7 -4 -8 -5 -8 -4 -9 -3 -8 -3 -9 -2 -8 -2 -8 -3 -8 -2 -7 -3 -8 -2 -8 -3 -9 -2 -8 -3 -8 -1 -8 -2 -8 -2 -8 -3 -8 -2 -8 -2 -9 0 0 -3 -8 -4 -9 -3 -8 -3 -8 -3 -8 -3 -8 -3 -9 -4 -8 -4 -8 -4 -8 -4 -9 -4 -8 -5 -8 -5 -7 -6 -8 -5 -8 -6 -7 -6 -9 -6 -9 -6 -9 -6 -9 -7 -9 -7 -9 -8 -9 -7 -9 -8 -9 0 0 0 0 0 0 0 0 0 0 ]
2759,1782800098.709087,8.3769,-69,CSI_DATA,AP,98:F4:AB:29:67:94,-69,11,1,2,1,1,1,1,0,0,0,-96,1,6,1,761813943,0,84,0,0,762.196,384,[84 -64 4 0 0 0 0 0 0 0 0 0 -3 -9 -2 -9 -2 -9 -1 -9 -1 -9 0 -10 1 -9 2 -10 2 -9 2 -9 2 -9 2 -9 1 -9 2 -9 2 -8 2 -9 2 -8 3 -8 2 -8 2 -8 3 -8 2 -8 3 -8 2 -8 2 -8 2 -9 0 0 3 -8 2 -9 2 -9 2 -8 2 -9 2 -9 2 -9 2 -8 1 -8 1 -9 0 -10 1 -10 1 -10 -1 -9 -2 -10 -1 -10 -1 -10 -1 -11 0 -11 -1 -11 -1 -11 -1 -12 -1 -12 -3 -11 -2 -12 -2 -12 0 0 0 0 0 0 0 0 0 0 ]
2760,1782800099.062216,8.2827,-70,CSI_DATA,AP,98:F4:AB:29:67:94,-70,11,1,4,1,1,1,1,0,0,0,-96,1,6,1,761902212,0,84,0,0,762.285,384,[84 -64 4 0 0 0 0 0 0 0 0 0 -7 -7 -5 -7 -6 -7 -5 -7 -4 -8 -4 -9 -3 -8 -3 -8 -4 -9 -2 -9 -2 -9 -1 -9 -2 -8 -2 -9 -2 -7 -2 -9 -2 -8 -2 -8 -2 -7 -2 -8 -1 -9 -1 -9 -1 -8 -1 -7 -1 -8 -2 -8 0 0 -2 -8 -3 -9 -2 -8 -3 -8 -2 -8 -3 -8 -3 -8 -4 -7 -4 -8 -4 -8 -4 -8 -3 -8 -5 -8 -4 -7 -6 -8 -6 -8 -6 -8 -5 -8 -6 -8 -6 -8 -7 -9 -7 -9 -7 -9 -8 -9 -8 -9 -8 -8 0 0 0 0 0 0 0 0 0 0 ]
2761,1782800099.378325,8.6000,-71,CSI_DATA,AP,98:F4:AB:29:67:94,-71,11,1,4,1,1,1,1,0,0,0,-96,1,6,1,761991001,0,84,0,0,762.374,384,[84 -64 4 0 0 0 0 0 0 0 0 0 -9 -2 -8 -3 -9 -4 -8 -3 -8 -4 -6 -5 -7 -5 -7 -5 -7 -5 -6 -6 -6 -6 -6 -7 -6 -6 -6 -6 -6 -6 -6 -6 -6 -6 -6 -6 -5 -6 -5 -5 -5 -5 -5 -7 -5 -7 -5 -7 -5 -7 -5 -6 0 0 -5 -5 -6 -6 -6 -5 -6 -5 -5 -5 -7 -5 -5 -5 -7 -6 -6 -5 -8 -6 -7 -5 -7 -6 -8 -5 -7 -5 -8 -4 -8 -4 -10 -5 -8 -4 -9 -5 -9 -5 -9 -5 -10 -4 -10 -5 -11 -4 -11 -5 -11 -4 0 0 0 0 0 0 0 0 0 0 ]
2762,1782800099.714264,8.3527,-71,CSI_DATA,AP,98:F4:AB:29:67:94,-71,11,1,3,1,1,1,1,0,0,0,-96,1,6,1,762083496,0,84,0,0,762.466,384,[84 -64 4 0 0 0 0 0 0 0 0 0 3 -7 3 -7 4 -8 5 -7 6 -6 5 -6 5 -6 6 -5 5 -5 6 -4 6 -5 6 -5 6 -4 6 -5 6 -3 6 -4 6 -4 5 -3 5 -4 6 -3 7 -3 6 -3 6 -3 7 -4 5 -3 6 -4 0 0 6 -4 6 -5 5 -4 6 -5 6 -4 6 -5 7 -4 6 -5 6 -6 6 -6 5 -6 5 -5 5 -6 5 -7 5 -7 4 -7 6 -7 5 -8 6 -8 5 -8 5 -8 5 -8 5 -10 5 -10 5 -10 4 -10 0 0 0 0 0 0 0 0 0 0 ]
2763,1782800100.046514,7.6268,-71,CSI_DATA,AP,98:F4:AB:29:67:94,-71,11,1,3,1,1,1,1,0,0,0,-96,1,6,1,762179249,0,84,0,0,762.562,384,[84 -64 4 0 0 0 0 0 0 0 0 0 -4 6 -4 5 -6 6 -5 6 -6 5 -6 4 -6 4 -7 4 -6 4 -8 3 -7 3 -7 2 -7 3 -7 3 -7 2 -8 3 -7 3 -7 1 -7 2 -7 2 -7 2 -7 2 -7 1 -7 2 -7 2 -8 2 0 0 -7 2 -7 3 -7 2 -7 2 -7 2 -8 3 -8 3 -7 3 -8 3 -8 4 -7 3 -7 3 -7 4 -8 5 -7 4 -7 5 -8 5 -7 5 -8 5 -8 5 -8 6 -8 6 -8 7 -8 7 -7 7 -7 7 0 0 0 0 0 0 0 0 0 0 ]
2764,1782800100.389354,7.0057,-70,CSI_DATA,AP,98:F4:AB:29:67:94,-70,11,1,2,1,1,1,1,0,0,0,-96,1,6,1,762265241,0,84,0,0,762.648,384,[84 -64 4 0 0 0 0 0 0 0 0 0 -2 -8 0 -9 -2 -9 -1 -8 -1 -8 0 -7 0 -7 1 -7 1 -7 2 -7 1 -7 2 -6 2 -7 2 -7 2 -6 2 -7 2 -6 2 -7 2 -6 2 -7 2 -6 3 -7 2 -6 2 -5 3 -6 2 -6 0 0 2 -6 2 -8 2 -6 2 -7 2 -7 2 -7 2 -7 2 -8 1 -7 1 -8 1 -7 1 -7 1 -8 0 -7 1 -9 0 -8 0 -9 0 -9 0 -9 -1 -9 0 -9 -1 -10 -1 -10 -1 -10 -1 -10 -1 -10 0 0 0 0 0 0 0 0 0 0 ]
2765,1782800100.699334,6.8583,-70,CSI_DATA,AP,98:F4:AB:29:67:94,-70,11,1,2,1,1,1,1,0,0,0,-96,1,6,1,762355557,0,84,0,0,762.738,384,[84 -64 4 0 0 0 0 0 0 0 0 0 3 -8 2 -8 3 -7 3 -7 4 -7 4 -7 4 -7 4 -6 5 -6 6 -5 5 -5 6 -6 5 -4 6 -5 4 -5 6 -6 5 -5 5 -6 6 -5 6 -5 6 -5 6 -5 5 -5 6 -4 6 -4 6 -5 0 0 5 -6 6 -5 5 -5 5 -6 5 -6 5 -6 6 -6 5 -6 5 -7 5 -7 5 -7 5 -6 5 -6 5 -6 5 -9 3 -8 5 -9 5 -9 4 -9 3 -9 4 -10 4 -10 5 -11 3 -10 4 -10 4 -11 0 0 0 0 0 0 0 0 0 0 ]
2766,1782800100.997388,6.7644,-71,CSI_DATA,AP,98:F4:AB:29:67:94,-71,11,1,3,1,1,1,1,0,0,0,-96,1,6,1,762443884,0,84,0,0,762.826,384,[84 -64 4 0 0 0 0 0 0 0 0 0 1 -7 2 -7 2 -8 3 -7 2 -7 3 -8 4 -6 4 -6 4 -7 5 -5 4 -6 5 -6 5 -6 4 -6 4 -5 5 -5 4 -6 4 -5 5 -4 4 -5 5 -5 5 -5 5 -4 5 -6 5 -5 5 -5 0 0 5 -5 5 -6 5 -5 5 -6 5 -6 5 -5 5 -5 4 -6 4 -7 5 -7 4 -7 4 -6 4 -6 4 -7 4 -8 4 -8 4 -9 4 -9 4 -8 3 -9 4 -9 4 -9 4 -10 3 -11 4 -9 4 -10 0 0 0 0 0 0 0 0 0 0 ]
2767,1782800101.310400,6.1878,-71,CSI_DATA,AP,98:F4:AB:29:67:94,-71,11,1,3,1,1,1,1,0,0,0,-96,1,6,1,762531493,0,84,0,0,762.914,384,[84 -64 4 0 0 0 0 0 0 0 0 0 6 -3 7 -3 7 -2 7 -3 6 -1 7 0 7 -1 7 1 7 1 6 1 7 1 7 1 6 1 6 1 6 1 7 2 7 2 7 1 6 1 6 2 6 1 6 2 5 2 6 2 6 1 7 1 0 0 6 2 6 2 7 2 6 2 7 2 6 2 7 2 7 1 7 1 7 2 7 1 8 1 8 0 8 0 8 0 8 -1 9 -1 8 0 8 -1 9 0 9 0 10 -1 10 -1 10 -2 10 -2 11 -2 0 0 0 0 0 0 0 0 0 0 ]
2768,1782800101.620538,6.9376,-71,CSI_DATA,AP,98:F4:AB:29:67:94,-71,11,1,3,1,1,1,1,0,0,0,-96,1,6,1,762621243,0,84,0,0,763.004,384,[84 -64 4 0 0 0 0 0 0 0 0 0 -8 -1 -7 -1 -9 -2 -8 -2 -8 -2 -7 -3 -8 -2 -8 -3 -7 -4 -8 -4 -7 -5 -7 -4 -7 -5 -7 -5 -7 -5 -7 -5 -6 -4 -7 -5 -6 -5 -6 -4 -7 -5 -7 -5 -6 -5 -6 -4 -6 -5 -6 -5 0 0 -7 -4 -8 -4 -7 -4 -7 -4 -7 -4 -7 -4 -8 -4 -8 -3 -7 -3 -8 -4 -8 -4 -8 -3 -8 -3 -8 -3 -9 -2 -9 -2 -10 -3 -9 -2 -10 -2 -10 -2 -10 -2 -11 -1 -12 -2 -12 -1 -11 -1 -12 -1 0 0 0 0 0 0 0 0 0 0 ]
2769,1782800101.955587,8.3361,-68,CSI_DATA,AP,98:F4:AB:29:67:94,-68,11,1,2,1,1,1,1,0,0,0,-96,1,6,1,762714034,0,84,0,0,763.096,384,[84 -64 4 0 0 0 0 0 0 0 0 0 -7 -7 -5 -8 -6 -8 -6 -7 -5 -8 -4 -9 -4 -8 -3 -9 -4 -9 -2 -9 -2 -9 -2 -9 -2 -9 -2 -9 -2 -8 -2 -9 -2 -9 -3 -9 -1 -9 -1 -9 -1 -9 -1 -9 -1 -9 -2 -8 -2 -9 -2 -9 0 0 -2 -9 -3 -9 -2 -8 -2 -9 -2 -9 -4 -10 -2 -9 -3 -10 -4 -9 -4 -10 -4 -9 -3 -9 -4 -9 -4 -9 -5 -10 -5 -9 -5 -10 -6 -9 -6 -10 -7 -10 -5 -10 -7 -10 -6 -11 -8 -9 -7 -11 -7 -10 0 0 0 0 0 0 0 0 0 0 ]
2770,1782800102.285031,8.0406,-69,CSI_DATA,AP,98:F4:AB:29:67:94,-69,11,1,3,1,1,1,1,0,0,0,-96,1,6,1,762802858,0,84,0,0,763.185,384,[84 -64 4 0 0 0 0 0 0 0 0 0 6 -6 6 -5 7 -5 7 -5 7 -5 7 -3 7 -3 7 -3 8 -3 8 -2 8 -2 8 -2 8 -2 8 -2 7 -2 8 -1 7 -1 7 -2 7 -2 8 -1 7 -1 7 -1 7 -1 7 -1 7 -1 7 -2 0 0 7 -2 8 -1 8 -3 8 -2 7 -2 8 -2 8 -2 8 -2 7 -2 8 -3 7 -3 8 -3 7 -3 8 -4 8 -4 7 -5 9 -5 8 -4 8 -5 8 -5 9 -5 9 -5 9 -6 9 -6 9 -6 9 -7 0 0 0 0 0 0 0 0 0 0 ]
2771,1782800102.597862,8.3931,-69,CSI_DATA,AP,98:F4:AB:29:67:94,-69,11,1,3,1,1,1,1,0,0,0,-96,1,6,1,762893293,0,84,0,0,763.276,384,[84 -64 4 0 0 0 0 0 0 0 0 0 0 -9 0 -9 1 -9 1 -9 1 -10 1 -8 2 -9 2 -8 2 -9 3 -8 4 -8 4 -8 4 -8 4 -8 3 -8 4 -8 4 -8 4 -7 4 -8 4 -8 5 -7 4 -7 4 -7 4 -7 4 -7 4 -8 0 0 4 -7 4 -7 4 -8 4 -8 4 -8 4 -8 4 -8 4 -8 4 -8 3 -9 2 -8 4 -8 3 -9 3 -10 3 -9 2 -9 2 -10 3 -10 3 -11 3 -10 3 -10 2 -10 2 -11 1 -12 2 -11 2 -12 0 0 0 0 0 0 0 0 0 0 ]
2772,1782800102.902748,8.6920,-69,CSI_DATA,AP,98:F4:AB:29:67:94,-69,11,1,3,1,1,1,1,0,0,0,-96,1,6,1,762981730,0,84,0,0,763.364,384,[84 -64 4 0 0 0 0 0 0 0 0 0 -9 1 -9 0 -10 0 -9 0 -10 -1 -9 -1 -9 -2 -9 -2 -9 -3 -9 -3 -8 -3 -8 -3 -8 -3 -9 -3 -8 -3 -9 -3 -9 -3 -8 -3 -8 -3 -8 -3 -8 -3 -8 -3 -7 -4 -8 -3 -8 -3 -8 -3 0 0 -9 -2 -9 -3 -9 -3 -8 -2 -9 -2 -9 -3 -9 -2 -8 -2 -9 -2 -9 -2 -9 -1 -9 -2 -10 -1 -10 -1 -9 -1 -10 0 -11 0 -10 0 -10 0 -11 1 -11 0 -12 1 -12 1 -12 1 -12 1 -12 1 0 0 0 0 0 0 0 0 0 0 ]
2773,1782800103.229148,8.4264,-69,CSI_DATA,AP,98:F4:AB:29:67:94,-69,11,1,3,1,1,1,1,0,0,0,-96,1,6,1,763072109,0,84,0,0,763.455,384,[84 -64 4 0 0 0 0 0 0 0 0 0 8 3 7 4 7 4 8 4 7 5 6 5 5 6 6 7 6 6 5 7 5 6 5 7 4 6 5 7 5 6 5 7 4 7 5 7 4 6 4 6 3 6 4 7 4 7 4 7 4 7 4 6 0 0 4 6 5 7 5 6 5 6 4 6 5 6 4 6 5 6 5 6 5 6 5 6 5 6 6 6 6 5 7 5 7 6 7 5 7 5 7 5 7 5 8 6 8 6 8 5 9 5 9 5 10 5 0 0 0 0 0 0 0 0 0 0 ]
2774,1782800103.554952,8.0566,-69,CSI_DATA,AP,98:F4:AB:29:67:94,-69,11,1,4,1,1,1,1,0,0,0,-96,1,6,1,763163518,0,84,0,0,763.546,384,[84 -64 4 0 0 0 0 0 0 0 0 0 -9 -2 -8 -3 -9 -3 -8 -3 -8 -3 -7 -5 -8 -4 -7 -5 -7 -4 -7 -5 -7 -5 -7 -6 -7 -6 -6 -5 -6 -5 -7 -5 -6 -5 -7 -6 -6 -5 -6 -5 -6 -6 -6 -6 -5 -6 -6 -5 -6 -5 -6 -5 0 0 -7 -6 -6 -5 -7 -5 -7 -4 -6 -5 -7 -5 -7 -4 -10 -4 -7 -4 -7 -5 -8 -4 -7 -4 -8 -3 -7 -3 -8 -3 -8 -3 -9 -3 -8 -4 -9 -4 -9 -3 -9 -3 -10 -3 -11 -3 -11 -2 -10 -2 -11 -2 0 0 0 0 0 0 0 0 0 0 ]
2775,1782800103.842584,7.9879,-68,CSI_DATA,AP,98:F4:AB:29:67:94,-68,11,1,4,1,1,1,1,0,0,0,-96,1,6,1,763255959,0,84,0,0,763.638,384,[84 -64 4 0 0 0 0 0 0 0 0 0 -9 -6 -10 -7 -9 -7 -9 -7 -8 -7 -7 -8 -7 -8 -7 -8 -7 -9 -5 -9 -6 -9 -6 -9 -5 -9 -5 -9 -5 -8 -6 -9 -6 -9 -5 -9 -5 -8 -4 -9 -3 -10 -4 -9 -4 -9 -4 -9 -5 -10 -6 -9 0 0 -5 -9 -4 -8 -5 -9 -5 -9 -5 -8 -5 -9 -5 -9 -5 -8 -5 -8 -6 -8 -6 -8 -6 -7 -7 -8 -7 -8 -7 -7 -7 -7 -8 -7 -8 -8 -8 -9 -9 -8 -9 -8 -9 -8 -10 -8 -10 -8 -10 -7 -11 -8 0 0 0 0 0 0 0 0 0 0 ]
2776,1782800104.136304,9.0919,-67,CSI_DATA,AP,98:F4:AB:29:67:94,-67,11,1,4,1,1,1,1,0,0,0,-96,1,6,1,763343003,0,84,0,0,763.725,384,[84 -64 4 0 0 0 0 0 0 0 0 0 11 -4 10 -3 12 -2 10 -2 11 -2 11 -1 10 0 10 0 11 1 11 2 10 2 11 2 10 2 10 2 10 2 10 2 9 2 10 2 9 3 9 2 9 3 10 2 10 2 9 2 10 2 9 2 0 0 8 1 10 2 9 1 10 1 8 1 8 1 9 1 10 1 9 0 9 0 9 0 9 1 10 -1 10 -1 10 -1 9 -2 11 -2 10 -1 10 -2 11 -3 11 -2 11 -3 12 -3 12 -4 12 -3 11 -4 0 0 0 0 0 0 0 0 0 0 ]
2777,1782800104.432678,9.3836,-68,CSI_DATA,AP,98:F4:AB:29:67:94,-68,11,1,4,1,1,1,1,0,0,0,-96,1,6,1,763431660,0,84,0,0,763.814,384,[84 -64 4 0 0 0 0 0 0 0 0 0 -9 -6 -8 -6 -9 -7 -8 -6 -9 -7 -7 -8 -8 -8 -7 -9 -7 -8 -6 -9 -6 -9 -5 -9 -6 -9 -6 -9 -5 -8 -6 -9 -5 -8 -6 -9 -5 -8 -5 -8 -4 -8 -5 -8 -4 -8 -5 -8 -5 -8 -5 -8 0 0 -6 -7 -6 -7 -7 -7 -7 -7 -6 -7 -6 -7 -6 -7 -7 -7 -8 -6 -8 -6 -8 -6 -8 -6 -8 -5 -8 -5 -10 -5 -9 -5 -11 -6 -9 -5 -9 -5 -10 -5 -10 -5 -12 -5 -12 -5 -12 -5 -12 -4 -12 -4 0 0 0 0 0 0 0 0 0 0 ]
2778,1782800104.730922,9.0265,-68,CSI_DATA,AP,98:F4:AB:29:67:94,-68,11,1,4,1,1,1,1,0,0,0,-96,1,6,1,763523576,0,84,0,0,763.906,384,[84 -64 4 0 0 0 0 0 0 0 0 0 2 9 1 8 0 9 0 8 0 10 -1 9 -1 10 -3 9 -2 9 -3 9 -3 9 -3 9 -4 8 -4 8 -4 7 -4 8 -3 8 -3 8 -4 7 -5 7 -4 7 -4 7 -5 7 -4 7 -4 7 -4 7 0 0 -4 7 -3 8 -3 8 -3 8 -3 7 -3 7 -3 8 -3 8 -2 7 -2 9 -1 8 -2 8 -1 8 -1 8 0 9 0 8 0 9 0 9 0 9 0 10 0 9 0 10 0 11 0 10 1 11 1 10 0 0 0 0 0 0 0 0 0 0 ]
2779,1782800105.010257,8.1628,-68,CSI_DATA,AP,98:F4:AB:29:67:94,-68,11,1,4,1,1,1,1,0,0,0,-96,1,6,1,763613441,0,84,0,0,763.996,384,[84 -64 4 0 0 0 0 0 0 0 0 0 9 -3 8 -2 9 -2 9 -2 9 -2 8 0 9 0 9 1 9 1 9 1 9 2 8 1 9 1 9 1 8 2 9 2 8 1 8 2 8 2 8 2 8 2 7 2 7 2 8 2 7 2 8 2 0 0 7 1 8 1 8 1 8 1 7 1 8 0 8 1 8 0 8 0 9 0 8 -1 8 -1 8 -1 8 -2 9 -2 8 -2 9 -2 9 -2 9 -2 9 -3 10 -2 10 -3 11 -3 10 -4 10 -4 10 -4 0 0 0 0 0 0 0 0 0 0 ]
2780,1782800105.266481,7.1254,-69,CSI_DATA,AP,98:F4:AB:29:67:94,-69,11,1,4,1,1,1,1,0,0,0,-96,1,6,1,763707780,0,84,0,0,764.09,384,[84 -64 4 0 0 0 0 0 0 0 0 0 6 -3 7 -2 8 -3 7 -2 8 -2 8 1 7 -1 8 0 8 0 8 0 7 0 7 1 8 1 7 1 7 1 7 2 6 1 7 1 6 1 7 1 7 2 7 2 7 2 7 1 7 1 7 1 0 0 7 1 7 1 7 1 7 0 7 0 7 0 8 0 7 0 7 0 7 0 7 -1 7 -1 8 -1 8 -2 8 -2 8 -2 9 -2 8 -2 9 -3 9 -3 9 -2 9 -3 9 -3 10 -4 9 -4 9 -4 0 0 0 0 0 0 0 0 0 0 ]
2781,1782800105.522254,7.6625,-69,CSI_DATA,AP,98:F4:AB:29:67:94,-69,11,1,4,1,1,1,1,0,0,0,-96,1,6,1,763800697,0,84,0,0,764.183,384,[84 -64 4 0 0 0 0 0 0 0 0 0 -8 0 -8 -1 -9 -2 -8 -2 -9 -3 -8 -3 -9 -3 -8 -3 -8 -4 -8 -5 -8 -5 -8 -5 -8 -5 -7 -5 -8 -5 -8 -5 -7 -5 -8 -5 -7 -6 -8 -5 -7 -6 -7 -5 -6 -6 -7 -6 -7 -5 -7 -5 0 0 -7 -4 -8 -5 -7 -5 -8 -5 -7 -5 -7 -4 -8 -5 -7 -4 -7 -4 -8 -4 -9 -4 -8 -4 -8 -3 -8 -3 -9 -3 -8 -2 -10 -3 -10 -3 -10 -3 -10 -2 -10 -3 -11 -3 -11 -2 -11 -3 -11 -3 -11 -2 0 0 0 0 0 0 0 0 0 0 ]
2782,1782800105.801390,8.3922,-70,CSI_DATA,AP,98:F4:AB:29:67:94,-70,11,1,5,1,1,1,1,0,0,0,-96,1,6,1,763884046,0,84,0,0,764.267,384,[84 -64 4 0 0 0 0 0 0 0 0 0 -6 6 -5 5 -7 5 -7 6 -7 6 -7 5 -8 4 -8 5 -8 4 -9 3 -9 3 -9 3 -8 3 -9 4 -9 3 -10 2 -9 2 -9 2 -9 2 -8 2 -9 1 -9 2 -9 1 -9 2 -9 2 -9 2 0 0 -9 2 -9 3 -9 2 -8 3 -8 2 -9 2 -9 2 -9 3 -9 2 -9 3 -9 4 -9 4 -8 4 -8 5 -8 5 -8 5 -9 6 -9 5 -8 5 -9 6 -9 5 -9 6 -9 7 -10 7 -9 6 -9 7 0 0 0 0 0 0 0 0 0 0 ]
2783,1782800106.097666,8.9679,-69,CSI_DATA,AP,98:F4:AB:29:67:94,-69,11,1,5,1,1,1,1,0,0,0,-96,1,6,1,763973117,0,84,0,0,764.356,384,[84 -64 4 0 0 0 0 0 0 0 0 0 -10 0 -9 -2 -10 -2 -10 -2 -10 -3 -10 -3 -9 -4 -9 -4 -10 -4 -9 -5 -10 -5 -9 -6 -9 -5 -10 -6 -9 -6 -9 -6 -8 -6 -8 -6 -8 -5 -8 -5 -7 -6 -8 -6 -8 -5 -8 -6 -8 -5 -9 -6 0 0 -8 -6 -8 -5 -8 -5 -9 -5 -8 -4 -9 -5 -9 -5 -8 -5 -8 -4 -10 -5 -9 -4 -9 -4 -9 -4 -10 -3 -10 -3 -10 -3 -11 -3 -11 -3 -11 -3 -11 -3 -11 -3 -12 -3 -12 -3 -12 -2 -12 -2 -12 -2 0 0 0 0 0 0 0 0 0 0 ]
2784,1782800106.352453,8.0657,-68,CSI_DATA,AP,98:F4:AB:29:67:94,-68,11,1,4,1,1,1,1,0,0,0,-96,1,6,1,764070273,0,84,0,0,764.453,384,[84 -64 4 0 0 0 0 0 0 0 0 0 7 -4 7 -2 9 -2 8 -2 9 -1 8 -1 8 0 8 0 9 0 9 1 8 1 9 1 9 0 8 0 8 1 8 2 8 2 7 2 8 2 7 1 8 2 7 2 8 2 8 2 7 1 8 1 0 0 7 0 8 1 8 0 7 0 7 1 8 0 8 0 8 0 8 0 7 -1 8 -1 8 -2 7 -2 8 -2 8 -2 8 -2 9 -3 8 -3 9 -3 9 -3 9 -3 9 -4 10 -4 10 -5 9 -4 10 -5 0 0 0 0 0 0 0 0 0 0 ]
2785,1782800106.677172,8.9945,-69,CSI_DATA,AP,98:F4:AB:29:67:94,-69,11,1,5,1,1,1,1,0,0,0,-96,1,6,1,764155110,0,84,0,0,764.538,384,[84 -64 4 0 0 0 0 0 0 0 0 0 -5 8 -5 7 -6 7 -7 6 -7 7 -7 6 -8 7 -8 6 -8 5 -9 5 -9 5 -9 4 -9 4 -9 4 -8 4 -9 5 -9 5 -9 4 -9 4 -9 3 -8 3 -8 3 -8 3 -8 3 -9 3 -8 4 0 0 -9 4 -8 4 -8 5 -8 5 -8 4 -7 4 -8 4 -8 4 -7 5 -8 5 -7 6 -7 5 -7 6 -6 5 -6 7 -7 7 -8 7 -7 7 -8 7 -7 8 -7 8 -8 8 -7 8 -7 9 -7 8 -8 9 0 0 0 0 0 0 0 0 0 0 ]
2786,1782800106.977375,9.1888,-70,CSI_DATA,AP,98:F4:AB:29:67:94,-70,11,1,5,1,1,1,1,0,0,0,-96,1,6,1,764243791,0,84,0,0,764.626,384,[84 -64 4 0 0 0 0 0 0 0 0 0 -7 -7 -7 -7 -7 -8 -7 -7 -6 -9 -5 -8 -5 -9 -4 -9 -4 -9 -3 -9 -5 -9 -4 -10 -3 -9 -3 -10 -3 -9 -3 -11 -3 -9 -4 -9 -3 -9 -3 -9 -2 -9 -3 -9 -3 -9 -3 -10 -3 -8 -3 -9 0 0 -2 -9 -3 -8 -3 -8 -3 -8 -3 -8 -3 -9 -4 -9 -3 -9 -4 -8 -5 -9 -6 -7 -5 -8 -5 -8 -4 -9 -6 -9 -6 -8 -6 -9 -6 -9 -6 -10 -7 -8 -7 -10 -7 -9 -6 -10 -9 -8 -9 -10 -8 -9 0 0 0 0 0 0 0 0 0 0 ]
2787,1782800107.277844,8.8859,-68,CSI_DATA,AP,98:F4:AB:29:67:94,-68,11,1,4,1,1,1,1,0,0,0,-96,1,6,1,764335085,0,84,0,0,764.718,384,[84 -64 4 0 0 0 0 0 0 0 0 0 2 8 1 9 2 9 1 9 0 10 0 9 -1 9 -2 9 -1 9 -2 9 -2 9 -2 9 -3 10 -3 9 -3 8 -2 9 -2 9 -3 8 -3 8 -4 8 -4 8 -4 8 -3 7 -3 8 -3 8 -3 7 0 0 -3 8 -3 9 -2 8 -2 8 -2 8 -3 9 -2 9 -2 8 -1 9 -1 8 -1 8 -1 9 0 9 0 9 0 9 1 9 1 10 1 10 1 11 1 10 1 11 1 11 1 11 3 11 2 11 2 12 0 0 0 0 0 0 0 0 0 0 ]
2788,1782800107.606518,8.0795,-69,CSI_DATA,AP,98:F4:AB:29:67:94,-69,11,1,4,1,1,1,1,0,0,0,-96,1,6,1,764420996,0,84,0,0,764.803,384,[84 -64 4 0 0 0 0 0 0 0 0 0 0 9 -1 9 -1 9 -2 8 -2 8 -2 7 -3 8 -3 8 -3 8 -5 8 -4 8 -5 7 -5 7 -6 8 -5 6 -5 7 -5 7 -6 7 -6 6 -5 6 -6 6 -5 6 -5 6 -5 6 -5 6 -5 6 0 0 -5 6 -5 7 -5 7 -5 7 -4 6 -5 7 -4 7 -5 7 -3 7 -4 7 -4 8 -4 7 -3 8 -3 8 -4 9 -3 8 -3 10 -3 9 -2 9 -3 10 -3 10 -2 10 -3 10 -3 10 -3 11 -3 11 0 0 0 0 0 0 0 0 0 0 ]
2789,1782800107.937758,7.2834,-69,CSI_DATA,AP,98:F4:AB:29:67:94,-69,11,1,4,1,1,1,1,0,0,0,-96,1,6,1,764513267,0,84,0,0,764.896,384,[84 -64 4 0 0 0 0 0 0 0 0 0 -7 2 -7 2 -8 1 -8 1 -9 1 -7 0 -8 0 -8 -1 -8 0 -8 -2 -8 -2 -8 -2 -9 -2 -8 -3 -7 -2 -8 -2 -8 -1 -8 -2 -7 -2 -7 -2 -8 -3 -7 -2 -7 -2 -7 -2 -7 -2 -7 -2 0 0 -7 -1 -8 -1 -7 -1 -8 -1 -8 -1 -8 -1 -8 0 -8 -1 -8 0 -8 0 -8 1 -8 1 -8 1 -8 1 -9 2 -8 3 -9 2 -8 2 -8 2 -9 2 -9 2 -9 3 -10 3 -10 3 -10 3 -9 3 0 0 0 0 0 0 0 0 0 0 ]
2790,1782800108.251655,7.5052,-69,CSI_DATA,AP,98:F4:AB:29:67:94,-69,11,1,4,1,1,1,1,0,0,0,-96,1,6,1,764603941,0,84,0,0,764.986,384,[84 -64 4 0 0 0 0 0 0 0 0 0 -6 5 -6 5 -7 5 -7 5 -8 6 -7 3 -8 3 -9 3 -9 3 -9 3 -8 2 -9 1 -10 2 -9 2 -8 2 -9 2 -8 2 -9 1 -9 2 -9 1 -8 1 -8 2 -9 2 -9 2 -8 2 -9 1 0 0 -8 3 -9 3 -8 2 -7 3 -8 2 -8 3 -8 3 -8 4 -7 3 -8 4 -7 5 -8 4 -8 5 -7 5 -7 5 -7 6 -7 7 -7 6 -8 6 -7 7 -8 6 -8 7 -8 7 -8 8 -8 7 -7 8 0 0 0 0 0 0 0 0 0 0 ]
2791,1782800108.535849,8.0857,-69,CSI_DATA,AP,98:F4:AB:29:67:94,-69,11,1,4,1,1,1,1,0,0,0,-96,1,6,1,764693419,0,84,0,0,765.076,384,[84 -64 4 0 0 0 0 0 0 0 0 0 1 -8 2 -8 3 -8 3 -8 3 -8 3 -7 4 -7 4 -6 4 -8 5 -7 5 -6 6 -6 5 -6 6 -6 5 -6 5 -6 5 -6 5 -6 5 -6 6 -6 6 -5 6 -6 5 -6 5 -6 6 -6 5 -6 0 0 4 -6 4 -6 5 -6 4 -6 4 -6 4 -6 5 -7 4 -7 3 -7 4 -7 3 -7 3 -7 3 -8 3 -8 3 -8 2 -8 3 -9 3 -9 3 -9 3 -9 2 -9 2 -10 2 -10 2 -11 1 -10 2 -10 0 0 0 0 0 0 0 0 0 0 ]
2792,1782800108.826601,8.4688,-68,CSI_DATA,AP,98:F4:AB:29:67:94,-68,11,1,3,1,1,1,1,0,0,0,-96,1,6,1,764784008,0,84,0,0,765.166,384,[84 -64 4 0 0 0 0 0 0 0 0 0 -5 7 -5 7 -6 7 -7 6 -7 7 -7 6 -8 6 -8 5 -8 5 -9 4 -8 5 -8 4 -9 4 -9 4 -8 3 -8 4 -9 4 -8 3 -8 3 -8 4 -8 3 -9 3 -8 3 -8 3 -8 3 -7 4 0 0 -7 4 -8 4 -7 3 -7 5 -7 4 -7 4 -8 4 -7 4 -7 4 -7 5 -7 5 -7 5 -6 6 -6 6 -6 6 -6 7 -7 7 -6 7 -6 7 -6 8 -7 8 -6 8 -7 8 -6 9 -6 9 -7 9 0 0 0 0 0 0 0 0 0 0 ]
2793,1782800109.135233,8.5949,-66,CSI_DATA,AP,98:F4:AB:29:67:94,-66,11,1,1,1,1,1,1,0,0,0,-96,1,6,1,764886575,0,84,0,0,765.269,384,[84 -64 4 0 0 0 0 0 0 0 0 0 -10 3 -9 3 -11 3 -10 2 -12 1 -10 0 -10 0 -10 -1 -11 0 -11 -1 -11 -2 -10 -1 -11 -1 -10 -1 -10 -1 -11 -2 -9 -1 -10 -1 -9 -2 -10 -1 -10 -2 -10 -2 -10 -2 -9 -2 -10 -2 -9 -1 0 0 -9 -1 -11 -1 -9 -1 -9 0 -9 -1 -9 0 -10 0 -9 0 -9 0 -11 1 -10 2 -10 2 -10 2 -10 2 -10 2 -10 3 -11 3 -9 3 -10 3 -10 4 -11 3 -11 4 -11 4 -11 5 -11 5 -11 5 0 0 0 0 0 0 0 0 0 0 ]
2794,1782800109.463922,8.5395,-68,CSI_DATA,AP,98:F4:AB:29:67:94,-68,11,1,4,1,1,1,1,0,0,0,-96,1,6,1,764963510,0,84,0,0,765.346,384,[84 -64 4 0 0 0 0 0 0 0 0 0 2 9 1 9 1 10 0 9 0 10 0 9 -1 10 -2 9 -2 10 -3 9 -2 9 -3 9 -3 9 -3 9 -3 8 -4 9 -4 9 -3 8 -4 8 -3 8 -4 8 -4 7 -3 7 -4 7 -3 8 -3 8 0 0 -3 7 -2 8 -2 7 -2 9 -2 7 -2 8 -3 9 -2 8 -2 8 -2 8 -1 9 -1 8 0 8 -1 9 0 9 0 9 -1 10 0 9 0 9 1 10 0 10 0 11 1 11 1 11 1 10 2 11 0 0 0 0 0 0 0 0 0 0 ]
2795,1782800109.760863,9.1273,-69,CSI_DATA,AP,98:F4:AB:29:67:94,-69,11,1,5,1,1,1,1,0,0,0,-96,1,6,1,765051432,0,84,0,0,765.434,384,[84 -64 4 0 0 0 0 0 0 0 0 0 1 8 0 8 0 10 -1 9 -1 9 -1 9 -2 9 -2 9 -2 9 -3 9 -4 9 -4 9 -4 9 -4 8 -4 8 -4 9 -3 8 -3 8 -4 8 -4 8 -4 9 -3 8 -4 8 -4 8 -4 8 -3 7 0 0 -3 8 -3 8 -3 8 -2 8 -2 8 -1 8 -2 8 -2 8 -1 8 -1 9 -1 9 -1 8 -1 8 -1 9 0 9 0 8 0 9 1 9 1 10 1 9 1 10 2 10 1 11 2 11 2 10 2 11 0 0 0 0 0 0 0 0 0 0 ]
2796,1782800110.091514,9.4242,-67,CSI_DATA,AP,98:F4:AB:29:67:94,-67,11,1,4,1,1,1,1,0,0,0,-96,1,6,1,765153839,0,84,0,0,765.536,384,[84 -64 4 0 0 0 0 0 0 0 0 0 -10 -1 -10 -1 -10 -2 -10 -2 -10 -3 -10 -4 -9 -5 -10 -4 -9 -5 -9 -5 -9 -5 -9 -6 -9 -5 -9 -5 -8 -5 -9 -6 -8 -6 -8 -6 -8 -6 -8 -5 -8 -6 -8 -6 -7 -6 -8 -6 -8 -5 -8 -5 0 0 -8 -5 -8 -5 -8 -5 -8 -5 -8 -5 -8 -4 -9 -5 -8 -4 -8 -5 -9 -4 -9 -4 -9 -4 -9 -4 -9 -3 -10 -4 -10 -3 -10 -3 -10 -3 -11 -3 -11 -3 -11 -3 -12 -3 -12 -3 -13 -2 -12 -3 -13 -2 0 0 0 0 0 0 0 0 0 0 ]
2797,1782800110.377339,9.0724,-67,CSI_DATA,AP,98:F4:AB:29:67:94,-67,11,1,4,1,1,1,1,0,0,0,-96,1,6,1,765231243,0,84,0,0,765.614,384,[84 -64 4 0 0 0 0 0 0 0 0 0 9 -3 8 -2 9 -2 9 -2 10 -1 9 -1 10 0 8 1 9 1 9 2 8 1 8 2 9 2 9 2 8 2 9 2 8 1 8 2 7 2 8 2 7 2 8 2 7 3 8 3 8 3 8 1 0 0 7 1 9 2 7 2 8 2 7 1 8 1 8 1 8 1 8 0 8 1 8 1 8 0 8 0 9 -1 10 -1 8 -2 10 -2 9 -1 9 -1 9 -2 10 -1 10 -2 11 -2 11 -2 11 -2 10 -3 0 0 0 0 0 0 0 0 0 0 ]
2798,1782800110.687589,8.4017,-68,CSI_DATA,AP,98:F4:AB:29:67:94,-68,11,1,3,1,1,1,1,0,0,0,-96,1,6,1,765330026,0,84,0,0,765.712,384,[84 -64 4 0 0 0 0 0 0 0 0 0 3 -8 4 -8 5 -9 5 -7 6 -8 5 -7 6 -6 6 -6 6 -7 7 -7 7 -6 7 -6 7 -5 7 -5 6 -5 7 -6 6 -6 7 -5 6 -4 6 -5 7 -4 6 -5 7 -4 6 -4 7 -4 6 -5 0 0 6 -5 7 -5 6 -5 6 -6 6 -5 6 -5 6 -5 6 -6 5 -6 5 -7 5 -7 5 -6 4 -6 6 -6 5 -8 5 -8 5 -8 5 -8 5 -8 5 -9 5 -8 5 -9 5 -10 5 -10 5 -10 5 -10 0 0 0 0 0 0 0 0 0 0 ]
2799,1782800110.978886,8.2692,-68,CSI_DATA,AP,98:F4:AB:29:67:94,-68,11,1,4,1,1,1,1,0,0,0,-96,1,6,1,765412381,0,84,0,0,765.795,384,[84 -64 4 0 0 0 0 0 0 0 0 0 -2 -10 -1 -9 1 -10 0 -10 1 -9 1 -9 2 -9 2 -10 3 -9 3 -10 2 -9 3 -9 4 -9 3 -8 3 -8 3 -9 3 -9 3 -8 4 -7 3 -8 4 -8 3 -8 3 -8 3 -8 3 -8 3 -8 0 0 2 -8 2 -9 2 -8 2 -8 3 -7 1 -8 2 -8 2 -8 1 -9 0 -9 0 -9 1 -8 0 -9 -1 -9 0 -9 -1 -9 0 -10 -1 -9 -1 -10 -1 -10 -1 -11 -1 -10 -1 -11 -2 -11 -2 -11 -3 -12 0 0 0 0 0 0 0 0 0 0 ]
2800,1782800111.277913,7.8198,-68,CSI_DATA,AP,98:F4:AB:29:67:94,-68,11,1,4,1,1,1,1,0,0,0,-96,1,6,1,765505771,0,84,0,0,765.888,384,[84 -64 4 0 0 0 0 0 0 0 0 0 2 8 0 9 0 9 0 8 0 9 -1 8 -2 9 -2 8 -2 9 -3 8 -3 8 -3 8 -4 8 -3 8 -3 8 -3 8 -3 8 -3 7 -3 7 -3 7 -3 7 -3 7 -3 7 -3 7 -3 7 -3 7 0 0 -3 7 -3 8 -2 8 -2 7 -2 7 -2 7 -2 8 -1 7 -1 8 -1 8 -1 8 -1 8 0 8 0 8 0 9 1 8 1 9 1 9 1 9 1 9 1 10 1 10 2 10 2 10 2 10 3 10 0 0 0 0 0 0 0 0 0 0 ]
2801,1782800111.618478,8.8783,-68,CSI_DATA,AP,98:F4:AB:29:67:94,-68,11,1,4,1,1,1,1,0,0,0,-96,1,6,1,765592855,0,84,0,0,765.975,384,[84 -64 4 0 0 0 0 0 0 0 0 0 -10 -1 -10 -1 -11 -2 -10 -2 -11 -3 -10 -4 -10 -5 -9 -4 -9 -5 -10 -5 -9 -5 -9 -6 -9 -6 -9 -6 -8 -5 -9 -6 -8 -5 -8 -6 -8 -6 -8 -6 -8 -6 -9 -6 -8 -5 -8 -5 -8 -6 -8 -5 0 0 -8 -4 -9 -4 -9 -4 -9 -3 -9 -3 -8 -3 -9 -4 -9 -4 -9 -2 -10 -4 -9 -3 -10 -3 -9 -2 -9 -2 -11 -2 -10 -1 -11 -1 -11 -1 -11 -1 -12 -1 -12 -1 -12 0 -12 0 -13 0 -12 0 -13 0 0 0 0 0 0 0 0 0 0 0 ]
2802,1782800111.931148,8.7668,-68,CSI_DATA,AP,98:F4:AB:29:67:94,-68,11,1,4,1,1,1,1,0,0,0,-96,1,6,1,765683078,0,84,0,0,766.066,384,[84 -64 4 0 0 0 0 0 0 0 0 0 6 -8 6 -7 8 -8 7 -7 8 -7 8 -6 8 -5 8 -4 9 -4 9 -5 9 -4 10 -3 9 -3 9 -4 9 -3 10 -4 9 -3 8 -2 9 -2 8 -3 9 -2 9 -3 8 -2 8 -2 8 -3 8 -3 0 0 8 -3 8 -4 8 -3 8 -4 8 -3 8 -4 8 -4 7 -4 8 -4 8 -5 8 -5 7 -4 8 -5 8 -6 8 -6 7 -6 8 -6 8 -6 8 -7 8 -7 8 -7 9 -7 8 -8 8 -8 9 -8 8 -9 0 0 0 0 0 0 0 0 0 0 ]
2803,1782800112.229665,8.6925,-68,CSI_DATA,AP,98:F4:AB:29:67:94,-68,11,1,4,1,1,1,1,0,0,0,-96,1,6,1,765773126,0,84,0,0,766.156,384,[84 -64 4 0 0 0 0 0 0 0 0 0 8 6 6 6 7 7 6 7 6 7 5 7 5 9 5 8 4 9 4 8 4 9 4 9 3 9 4 10 3 8 3 9 2 9 3 8 2 8 2 8 1 9 2 8 2 8 2 8 3 8 3 8 0 0 2 8 3 8 3 8 3 7 2 7 3 7 3 8 3 8 3 7 4 7 5 7 4 8 5 7 5 8 5 7 6 8 6 7 6 7 6 8 7 8 7 9 7 8 7 8 8 8 7 8 8 8 0 0 0 0 0 0 0 0 0 0 ]
2804,1782800112.555413,9.5241,-68,CSI_DATA,AP,98:F4:AB:29:67:94,-68,11,1,4,1,1,1,1,0,0,0,-96,1,6,1,765866205,0,84,0,0,766.249,384,[84 -64 4 0 0 0 0 0 0 0 0 0 -9 5 -9 3 -11 3 -10 3 -10 3 -10 3 -10 3 -11 1 -11 1 -11 1 -10 0 -11 1 -10 -1 -10 0 -10 0 -10 0 -10 -1 -10 0 -10 0 -9 0 -9 0 -10 -1 -10 -1 -8 0 -10 0 -9 0 0 0 -9 0 -10 1 -9 1 -9 1 -9 1 -9 1 -9 2 -10 1 -8 2 -9 2 -9 2 -9 3 -9 3 -9 3 -9 4 -9 4 -10 4 -9 5 -10 5 -10 5 -10 5 -10 5 -10 6 -10 7 -10 6 -10 6 0 0 0 0 0 0 0 0 0 0 ]
2805,1782800112.905073,8.7158,-70,CSI_DATA,AP,98:F4:AB:29:67:94,-70,11,1,5,1,1,1,1,0,0,0,-96,1,6,1,765952759,0,84,0,0,766.335,384,[84 -64 4 0 0 0 0 0 0 0 0 0 8 4 7 5 7 5 7 5 7 6 6 6 6 7 5 8 6 7 5 8 5 7 5 8 4 7 5 8 4 7 4 8 4 8 4 7 4 7 3 7 3 7 3 7 3 7 4 7 3 7 4 7 0 0 4 6 4 7 4 6 4 6 4 6 5 6 4 6 5 6 5 6 6 6 6 6 5 5 6 5 6 5 7 5 7 5 8 5 7 5 8 5 8 5 8 5 9 5 9 6 9 5 9 5 10 5 0 0 0 0 0 0 0 0 0 0 ]
2806,1782800113.213961,7.8493,-70,CSI_DATA,AP,98:F4:AB:29:67:94,-70,11,1,5,1,1,1,1,0,0,0,-96,1,6,1,766041470,0,84,0,0,766.424,384,[84 -64 4 0 0 0 0 0 0 0 0 0 8 3 8 4 8 4 7 4 8 6 7 5 7 7 7 6 6 6 6 7 6 7 5 8 6 7 6 7 5 7 5 7 5 7 5 8 4 6 3 7 5 7 4 8 4 7 4 7 4 6 4 7 0 0 4 6 5 7 5 6 5 5 4 6 5 6 5 6 4 6 5 5 6 6 6 5 6 5 6 5 6 5 7 5 8 5 8 5 8 4 8 5 8 5 9 5 9 5 9 5 10 4 10 4 10 4 0 0 0 0 0 0 0 0 0 0 ]
2807,1782800113.503391,7.0307,-68,CSI_DATA,AP,98:F4:AB:29:67:94,-68,11,1,4,1,1,1,1,0,0,0,-96,1,6,1,766139402,0,84,0,0,766.522,384,[84 -64 4 0 0 0 0 0 0 0 0 0 -2 7 -2 8 -3 7 -3 7 -4 7 -3 8 -4 7 -5 7 -5 7 -5 6 -5 6 -6 9 -5 7 -5 6 -5 5 -6 6 -5 7 -5 5 -6 5 -5 5 -6 5 -5 4 -6 5 -5 5 -5 5 -5 5 0 0 -5 5 -5 6 -5 5 -4 6 -4 5 -4 6 -5 6 -4 5 -4 5 -4 6 -3 7 -3 6 -3 7 -3 7 -3 7 -2 8 -2 8 -3 8 -3 8 -2 8 -3 8 -3 8 -3 9 -1 9 -1 9 -2 9 0 0 0 0 0 0 0 0 0 0 ]
2808,1782800113.844206,7.1716,-68,CSI_DATA,AP,98:F4:AB:29:67:94,-68,11,1,5,1,1,1,1,0,0,0,-96,1,6,1,766223180,0,84,0,0,766.606,384,[84 -64 4 0 0 0 0 0 0 0 0 0 -6 -8 -6 -8 -5 -8 -5 -8 -5 -9 -4 -9 -4 -9 -3 -10 -3 -10 -2 -9 -2 -10 -2 -10 -2 -9 -2 -10 -2 -9 -2 -11 -1 -10 -1 -9 -1 -9 -1 -10 -1 -9 -1 -9 -1 -9 -1 -9 -1 -8 -2 -9 0 0 -1 -9 -2 -9 -2 -9 -1 -9 -1 -9 -2 -9 -2 -9 -3 -9 -3 -9 -3 -9 -4 -9 -3 -9 -3 -9 -3 -9 -3 -10 -4 -9 -4 -9 -5 -9 -4 -10 -5 -10 -5 -10 -4 -11 -5 -10 -6 -11 -6 -11 -6 -11 0 0 0 0 0 0 0 0 0 0 ]
2809,1782800114.144870,8.7599,-69,CSI_DATA,AP,98:F4:AB:29:67:94,-69,11,1,5,1,1,1,1,0,0,0,-96,1,6,1,766312837,0,84,0,0,766.695,384,[84 -64 4 0 0 0 0 0 0 0 0 0 -5 9 -6 8 -6 8 -6 7 -7 8 -7 7 -9 8 -8 7 -9 7 -10 7 -9 6 -9 6 -9 6 -9 6 -8 5 -9 6 -9 6 -9 5 -9 5 -9 4 -9 5 -8 5 -8 5 -8 5 -9 5 -8 5 0 0 -8 5 -9 6 -7 6 -8 5 -7 6 -8 6 -7 6 -8 7 -7 7 -7 7 -6 8 -7 7 -7 8 -6 8 -6 8 -5 8 -8 9 -6 9 -6 9 -6 10 -6 9 -6 11 -6 12 -6 12 -5 11 -6 11 0 0 0 0 0 0 0 0 0 0 ]
2810,1782800114.446869,8.5218,-69,CSI_DATA,AP,98:F4:AB:29:67:94,-69,11,1,5,1,1,1,1,0,0,0,-96,1,6,1,766405606,0,84,0,0,766.788,384,[84 -64 4 0 0 0 0 0 0 0 0 0 8 -4 8 -4 10 -4 9 -4 9 -3 9 -2 10 -2 9 0 9 -1 9 -1 9 0 9 1 9 0 9 0 8 0 9 0 9 0 9 0 8 0 8 0 9 0 9 0 8 0 8 0 8 0 8 0 0 0 8 0 8 -1 8 0 8 -1 8 0 8 -1 8 -1 8 -2 8 -2 8 -2 8 -2 8 -3 8 -3 8 -3 8 -4 8 -3 9 -5 10 -4 8 -4 9 -5 9 -3 9 -6 9 -5 9 -6 10 -5 9 -6 0 0 0 0 0 0 0 0 0 0 ]
2811,1782800114.771478,8.6665,-67,CSI_DATA,AP,98:F4:AB:29:67:94,-67,11,1,4,1,1,1,1,0,0,0,-96,1,6,1,766496554,0,84,0,0,766.879,384,[84 -64 4 0 0 0 0 0 0 0 0 0 5 -8 5 -8 7 -8 6 -7 7 -7 7 -6 8 -6 9 -5 9 -6 9 -5 8 -5 8 -5 9 -5 9 -5 9 -4 8 -4 8 -4 8 -4 8 -4 8 -4 8 -4 8 -3 8 -4 8 -4 7 -4 8 -4 0 0 7 -4 8 -4 8 -4 7 -5 7 -4 8 -4 8 -4 7 -5 7 -5 7 -6 7 -6 7 -6 7 -7 7 -6 7 -7 7 -7 8 -8 7 -7 7 -8 7 -8 8 -8 8 -9 7 -9 8 -10 7 -9 7 -9 0 0 0 0 0 0 0 0 0 0 ]
2812,1782800115.094456,8.6372,-67,CSI_DATA,AP,98:F4:AB:29:67:94,-67,11,1,4,1,1,1,1,0,0,0,-96,1,6,1,766581685,0,84,0,0,766.964,384,[84 -64 4 0 0 0 0 0 0 0 0 0 9 3 8 3 9 4 8 4 8 4 8 4 8 5 7 6 8 6 7 7 7 6 6 7 7 7 7 7 6 7 6 6 6 6 6 6 6 6 6 6 5 7 6 6 5 6 5 6 6 6 6 6 0 0 6 5 6 6 6 5 7 5 6 5 7 5 6 5 7 5 7 4 7 5 8 4 8 4 8 4 8 4 9 3 9 2 9 3 9 3 10 3 10 3 10 3 11 3 11 3 11 3 10 2 11 2 0 0 0 0 0 0 0 0 0 0 ]
2813,1782800115.387057,8.7660,-67,CSI_DATA,AP,98:F4:AB:29:67:94,-67,11,1,4,1,1,1,1,0,0,0,-96,1,6,1,766673586,0,84,0,0,767.056,384,[84 -64 4 0 0 0 0 0 0 0 0 0 6 -8 6 -7 7 -8 8 -6 8 -7 8 -7 8 -6 8 -5 9 -6 9 -5 9 -4 9 -5 9 -4 9 -4 8 -3 9 -4 9 -4 8 -4 8 -3 8 -3 9 -3 8 -4 9 -3 8 -4 8 -3 8 -4 0 0 8 -4 8 -5 7 -4 8 -5 7 -4 7 -5 8 -5 8 -5 7 -6 7 -6 7 -6 7 -5 7 -7 7 -6 7 -7 6 -7 8 -8 6 -8 7 -8 6 -8 7 -8 7 -8 7 -9 7 -10 7 -9 7 -10 0 0 0 0 0 0 0 0 0 0 ]
2814,1782800115.672858,8.8216,-67,CSI_DATA,AP,98:F4:AB:29:67:94,-67,11,1,4,1,1,1,1,0,0,0,-96,1,6,1,766763230,0,84,0,0,767.146,384,[84 -64 4 0 0 0 0 0 0 0 0 0 -2 -10 -1 -10 0 -11 0 -10 1 -10 1 -10 1 -11 2 -11 2 -11 2 -10 2 -10 3 -10 3 -10 3 -10 3 -8 3 -9 3 -10 2 -9 3 -9 3 -9 4 -9 3 -9 3 -9 3 -9 3 -8 2 -9 0 0 2 -9 2 -8 2 -9 1 -9 2 -8 2 -9 2 -9 1 -10 1 -9 0 -10 -1 -9 1 -10 -1 -10 -1 -10 -1 -10 -2 -10 -1 -11 -2 -11 -2 -11 -2 -11 -2 -11 -2 -12 -2 -11 -4 -12 -4 -12 -4 -12 0 0 0 0 0 0 0 0 0 0 ]
2815,1782800116.029721,8.4409,-67,CSI_DATA,AP,98:F4:AB:29:67:94,-67,11,1,3,1,1,1,1,0,0,0,-96,1,6,1,766860993,0,84,0,0,767.243,384,[84 -64 4 0 0 0 0 0 0 0 0 0 -2 8 -3 7 -3 8 -4 8 -4 7 -4 7 -5 7 -5 7 -6 7 -6 7 -6 6 -6 6 -6 7 -6 6 -6 6 -6 6 -6 6 -6 5 -7 5 -6 4 -7 5 -7 5 -6 5 -3 7 -7 5 -6 5 0 0 -6 5 -6 5 -6 6 -5 6 -5 5 -5 6 -5 6 -5 6 -5 6 -4 6 -4 6 -4 6 -4 7 -4 8 -4 8 -4 7 -4 8 -4 8 -4 8 -4 8 -4 8 -4 9 -3 9 -3 10 -3 9 -3 10 0 0 0 0 0 0 0 0 0 0 ]
2816,1782800116.312779,8.3268,-67,CSI_DATA,AP,98:F4:AB:29:67:94,-67,11,1,4,1,1,1,1,0,0,0,-96,1,6,1,766947286,0,84,0,0,767.33,384,[84 -64 4 0 0 0 0 0 0 0 0 0 -5 -10 -5 -9 -5 -10 -5 -9 -5 -11 -3 -10 -3 -10 -3 -10 -2 -11 -2 -10 -1 -11 -1 -11 -1 -10 -1 -10 -1 -9 -1 -11 0 -10 -1 -10 0 -10 -1 -10 1 -10 0 -9 0 -10 0 -10 0 -10 -1 -10 0 0 -1 -9 -1 -9 -1 -9 -2 -9 -1 -9 -2 -9 -2 -10 -2 -9 -2 -10 -3 -10 -3 -10 -3 -9 -4 -9 -3 -10 -4 -10 -5 -10 -5 -11 -4 -10 -5 -11 -5 -11 -5 -11 -5 -11 -6 -11 -7 -11 -6 -11 -6 -11 0 0 0 0 0 0 0 0 0 0 ]
2817,1782800116.644462,8.3698,-68,CSI_DATA,AP,98:F4:AB:29:67:94,-68,11,1,3,1,1,1,1,0,0,0,-96,1,6,1,767036191,0,84,0,0,767.419,384,[84 -64 4 0 0 0 0 0 0 0 0 0 9 3 7 4 8 3 7 4 8 5 7 5 7 6 6 6 7 6 7 7 7 7 6 6 6 7 6 6 5 6 6 7 5 7 5 7 5 7 5 6 5 7 5 7 5 7 5 6 5 6 5 6 0 0 5 6 6 6 6 6 6 6 5 5 6 5 6 6 6 5 6 5 6 5 7 5 6 4 7 4 7 4 8 4 8 3 9 4 8 4 9 4 9 4 9 4 9 3 10 4 10 3 10 4 10 4 0 0 0 0 0 0 0 0 0 0 ]
2818,1782800116.932452,8.6037,-68,CSI_DATA,AP,98:F4:AB:29:67:94,-68,11,1,3,1,1,1,1,0,0,0,-96,1,6,1,767127955,0,84,0,0,767.51,384,[84 -64 4 0 0 0 0 0 0 0 0 0 0 -8 0 -8 1 -9 2 -9 2 -9 2 -8 3 -8 4 -8 3 -8 4 -8 4 -7 4 -7 4 -8 4 -8 4 -7 4 -7 4 -7 4 -7 4 -6 4 -6 4 -7 5 -6 3 -6 4 -6 4 -6 4 -6 0 0 4 -6 3 -7 3 -7 3 -7 3 -7 2 -6 3 -7 3 -7 2 -7 2 -7 2 -7 2 -7 1 -8 1 -8 1 -8 0 -8 1 -9 0 -9 1 -9 0 -9 1 -9 0 -9 0 -10 -1 -10 0 -10 0 -10 0 0 0 0 0 0 0 0 0 0 ]
2819,1782800117.254562,8.5125,-69,CSI_DATA,AP,98:F4:AB:29:67:94,-69,11,1,3,1,1,1,1,0,0,0,-96,1,6,1,767217849,0,84,0,0,767.6,384,[84 -64 4 0 0 0 0 0 0 0 0 0 9 -1 9 -1 9 0 9 0 9 1 9 1 9 2 9 2 9 3 8 3 8 2 8 4 8 3 8 3 7 4 8 4 8 4 7 4 7 4 7 4 7 4 7 4 7 4 7 4 7 4 7 3 0 0 7 4 7 4 7 3 7 2 7 3 8 3 7 3 6 2 7 2 8 2 8 2 8 1 8 1 8 2 8 2 9 1 10 1 9 1 9 1 9 1 10 1 10 0 11 0 11 0 10 0 11 0 0 0 0 0 0 0 0 0 0 0 ]
2820,1782800117.553337,8.0061,-70,CSI_DATA,AP,98:F4:AB:29:67:94,-70,11,1,5,1,1,1,1,0,0,0,-96,1,6,1,767303130,0,84,0,0,767.686,384,[84 -64 4 0 0 0 0 0 0 0 0 0 8 -5 8 -4 9 -3 8 -3 9 -2 9 -3 9 -3 9 -1 10 -1 10 0 9 0 8 0 10 0 9 0 9 1 9 1 9 0 8 0 8 1 9 0 9 0 9 1 8 0 8 1 8 1 8 0 0 0 9 0 8 0 8 -1 8 -1 8 -1 8 -1 8 -2 9 -2 8 -2 8 -2 8 -2 8 -2 9 -3 8 -3 9 -4 8 -4 8 -4 9 -5 9 -5 8 -5 9 -5 9 -5 10 -6 10 -5 9 -7 10 -6 0 0 0 0 0 0 0 0 0 0 ]
2821,1782800117.827681,7.7671,-69,CSI_DATA,AP,98:F4:AB:29:67:94,-69,11,1,4,1,1,1,1,0,0,0,-96,1,6,1,767392842,0,84,0,0,767.775,384,[84 -64 4 0 0 0 0 0 0 0 0 0 2 -9 3 -9 4 -9 3 -8 4 -8 5 -8 6 -8 5 -8 5 -7 7 -7 6 -6 7 -6 6 -6 7 -7 5 -6 6 -6 6 -6 6 -6 6 -5 6 -6 6 -5 6 -6 6 -5 6 -5 6 -5 6 -5 0 0 6 -5 6 -6 5 -6 5 -6 5 -6 5 -6 6 -6 5 -7 5 -6 6 -8 5 -7 4 -7 5 -7 4 -8 4 -8 4 -8 4 -9 3 -9 4 -9 4 -10 3 -10 3 -10 4 -11 4 -10 4 -11 4 -11 0 0 0 0 0 0 0 0 0 0 ]
2822,1782800118.056336,7.8357,-69,CSI_DATA,AP,98:F4:AB:29:67:94,-69,11,1,4,1,1,1,1,0,0,0,-96,1,6,1,767481658,0,84,0,0,767.864,384,[84 -64 4 0 0 0 0 0 0 0 0 0 -10 3 -9 2 -9 1 -10 2 -10 1 -10 0 -10 0 -10 -1 -10 -2 -9 -2 -10 -2 -10 -2 -10 -2 -10 -1 -10 -2 -9 -2 -10 -2 -10 -2 -10 -2 -9 -3 -9 -2 -9 -3 -9 -2 -9 -2 -9 -2 -9 -1 0 0 -9 -1 -9 -1 -9 -1 -9 0 -8 -1 -9 0 -9 -1 -9 -1 -9 -1 -10 1 -9 0 -10 0 -10 2 -9 2 -9 1 -11 2 -10 2 -10 2 -11 2 -11 2 -11 2 -10 3 -11 4 -11 4 -11 4 -11 5 0 0 0 0 0 0 0 0 0 0 ]
2823,1782800118.295416,7.8979,-68,CSI_DATA,AP,98:F4:AB:29:67:94,-68,11,1,4,1,1,1,1,0,0,0,-96,1,6,1,767572433,0,84,0,0,767.955,384,[84 -64 4 0 0 0 0 0 0 0 0 0 4 8 3 7 3 9 2 7 3 8 2 8 1 9 1 9 1 9 0 8 0 9 -1 9 -1 8 -1 9 -1 7 -1 9 -1 8 -1 8 -1 7 -1 8 -1 8 -1 8 -2 8 -1 8 -1 8 0 7 0 0 -1 8 1 8 0 8 0 8 0 8 0 8 0 8 0 8 1 8 1 8 1 7 1 8 2 8 1 8 3 9 3 8 3 9 3 9 3 9 3 9 3 9 3 9 4 9 4 10 4 9 4 10 0 0 0 0 0 0 0 0 0 0 ]
2824,1782800118.597296,7.9763,-67,CSI_DATA,AP,98:F4:AB:29:67:94,-67,11,1,4,1,1,1,1,0,0,0,-96,1,6,1,767662558,0,84,0,0,768.045,384,[84 -64 4 0 0 0 0 0 0 0 0 0 -10 2 -9 2 -11 2 -11 2 -10 1 -9 0 -11 0 -11 -1 -10 -1 -11 -2 -10 -2 -10 -2 -10 -2 -11 -2 -9 -3 -10 -2 -9 -2 -10 -2 -9 -3 -9 -3 -9 -3 -10 -2 -9 -4 -9 -2 -9 -3 -9 -2 0 0 -8 -2 -10 -2 -9 -2 -9 -2 -9 -2 -10 -2 -9 -2 -10 -2 -9 -1 -10 -1 -10 -1 -9 -1 -10 0 -10 0 -10 0 -10 1 -11 0 -10 0 -10 0 -11 1 -11 1 -12 1 -12 1 -12 1 -12 2 -12 2 0 0 0 0 0 0 0 0 0 0 ]
2825,1782800118.885825,8.3410,-67,CSI_DATA,AP,98:F4:AB:29:67:94,-67,11,1,3,1,1,1,1,0,0,0,-96,1,6,1,767753906,0,84,0,0,768.136,384,[84 -64 4 0 0 0 0 0 0 0 0 0 -6 8 -5 8 -7 7 -8 8 -7 7 -7 6 -8 6 -8 5 -8 6 -9 5 -9 5 -9 4 -9 4 -9 4 -8 4 -9 5 -8 4 -8 4 -9 3 -8 3 -9 3 -8 3 -9 3 -8 4 -8 3 -8 4 0 0 -8 4 -8 4 -8 5 -8 4 -8 4 -7 4 -7 5 -7 4 -7 5 -7 6 -7 6 -7 6 -6 6 -7 7 -7 7 -6 7 -7 7 -7 8 -6 8 -6 8 -7 9 -7 9 -7 9 -7 10 -6 9 -6 10 0 0 0 0 0 0 0 0 0 0 ]
2826,1782800119.144406,7.8084,-69,CSI_DATA,AP,98:F4:AB:29:67:94,-69,11,1,5,1,1,1,1,0,0,0,-96,1,6,1,767842136,0,84,0,0,768.225,384,[84 -64 4 0 0 0 0 0 0 0 0 0 0 -9 1 -9 1 -10 1 -9 2 -9 2 -8 3 -8 4 -8 3 -8 4 -8 4 -8 4 -7 4 -7 4 -8 5 -7 4 -8 4 -7 4 -7 4 -6 5 -7 4 -6 4 -6 4 -6 4 -6 4 -6 3 -7 0 0 4 -6 4 -7 4 -7 3 -7 4 -6 4 -7 4 -7 4 -7 3 -7 3 -7 2 -8 3 -7 3 -8 3 -7 2 -8 2 -9 2 -9 2 -9 2 -9 2 -9 2 -10 2 -10 2 -10 2 -10 2 -10 1 -10 0 0 0 0 0 0 0 0 0 0 ]
2827,1782800119.365481,7.9375,-69,CSI_DATA,AP,98:F4:AB:29:67:94,-69,11,1,5,1,1,1,1,0,0,0,-96,1,6,1,767933105,0,84,0,0,768.316,384,[84 -64 4 0 0 0 0 0 0 0 0 0 4 8 3 7 3 9 3 9 2 8 2 9 1 9 1 9 1 9 0 9 0 9 0 9 0 9 0 8 -1 7 0 8 -1 8 -1 7 -1 9 -1 8 -1 8 0 8 -1 8 -1 8 -1 8 -1 8 0 0 -1 8 1 9 0 8 1 8 0 7 1 7 1 8 0 7 2 8 2 8 2 8 2 7 2 8 3 9 2 8 3 8 4 8 4 8 4 8 4 9 3 8 4 9 5 9 6 9 5 9 6 9 0 0 0 0 0 0 0 0 0 0 ]
2828,1782800119.586609,8.1146,-68,CSI_DATA,AP,98:F4:AB:29:67:94,-68,11,1,4,1,1,1,1,0,0,0,-96,1,6,1,768024518,0,84,0,0,768.407,384,[84 -64 4 0 0 0 0 0 0 0 0 0 -2 -10 -2 -10 -1 -10 -2 -10 -1 -9 0 -10 0 -10 0 -10 1 -10 2 -10 1 -10 2 -10 1 -9 2 -9 2 -8 2 -10 2 -9 2 -9 2 -9 2 -8 2 -9 3 -8 2 -9 2 -8 2 -8 2 -8 0 0 2 -8 1 -8 1 -8 1 -9 1 -8 1 -9 0 -9 1 -9 0 -9 0 -9 0 -9 0 -9 -1 -9 0 -9 -1 -10 -1 -9 -2 -10 -1 -10 -1 -11 -2 -11 -2 -11 -2 -11 -2 -12 -3 -11 -2 -12 -3 -12 0 0 0 0 0 0 0 0 0 0 ]
2829,1782800119.814545,7.4554,-68,CSI_DATA,AP,98:F4:AB:29:67:94,-68,11,1,3,1,1,1,1,0,0,0,-96,1,6,1,768130441,0,84,0,0,768.513,384,[84 -64 4 0 0 0 0 0 0 0 0 0 4 8 4 7 4 9 2 8 3 8 2 7 2 8 2 9 2 9 1 9 1 9 0 9 0 9 0 8 1 7 1 9 0 9 -1 8 0 8 0 7 0 8 0 8 0 8 0 7 0 7 0 7 0 0 0 7 1 8 1 8 1 8 1 8 1 7 1 7 1 7 2 7 2 8 2 8 2 8 3 8 3 7 4 8 4 7 4 8 4 8 5 8 5 8 5 8 5 8 6 8 6 9 6 9 4 8 0 0 0 0 0 0 0 0 0 0 ]
2830,1782800120.049355,7.9532,-69,CSI_DATA,AP,98:F4:AB:29:67:94,-69,11,1,5,1,1,1,0,0,0,0,-96,0,6,1,768170498,0,82,0,0,768.553,384,[82 -96 4 0 0 0 0 0 0 0 0 0 9 -2 9 -1 9 0 10 0 10 1 10 1 9 2 9 2 10 3 9 2 10 3 9 3 9 3 9 3 8 3 8 4 9 4 8 4 8 4 8 4 8 4 8 4 7 4 7 3 8 3 9 2 0 0 8 3 8 4 8 3 8 2 7 3 8 2 9 3 8 2 9 2 9 1 9 1 9 1 9 1 9 1 9 1 10 1 10 0 10 0 11 0 10 0 11 0 11 0 11 -1 12 -1 12 -1 12 -1 0 0 0 0 0 0 0 0 0 0 ]
2831,1782800120.336878,7.4460,-68,CSI_DATA,AP,98:F4:AB:29:67:94,-68,11,1,4,1,1,1,1,0,0,0,-96,1,6,1,768203368,0,84,0,0,768.586,384,[84 -64 4 0 0 0 0 0 0 0 0 0 2 -9 2 -9 3 -8 3 -8 4 -8 4 -8 5 -8 5 -7 5 -7 5 -7 5 -7 5 -6 6 -6 6 -6 5 -6 6 -6 5 -6 5 -6 5 -5 5 -5 6 -6 5 -6 4 -6 5 -5 5 -5 5 -6 0 0 5 -6 5 -6 5 -6 4 -6 5 -6 5 -6 5 -6 4 -6 4 -6 4 -7 3 -7 4 -7 3 -7 3 -7 3 -8 3 -8 4 -8 3 -8 4 -9 3 -8 4 -9 3 -9 3 -9 3 -10 3 -10 3 -10 0 0 0 0 0 0 0 0 0 0 ]
2832,1782800120.630110,8.2924,-68,CSI_DATA,AP,98:F4:AB:29:67:94,-68,11,1,4,1,1,1,1,0,0,0,-96,1,6,1,768292276,0,84,0,0,768.675,384,[84 -64 4 0 0 0 0 0 0 0 0 0 -8 4 -9 4 -10 4 -10 3 -10 2 -9 2 -10 1 -9 1 -10 1 -11 0 -9 0 -10 0 -10 -1 -10 -1 -9 0 -9 0 -9 -1 -9 -1 -9 0 -10 0 -10 -1 -9 0 -9 -1 -9 -1 -9 0 -9 0 0 0 -9 0 -9 0 -9 0 -9 1 -9 0 -9 0 -9 1 -9 1 -9 2 -9 2 -9 2 -9 2 -9 2 -9 3 -10 3 -9 3 -10 3 -9 3 -9 4 -9 4 -10 4 -11 5 -10 5 -11 5 -11 4 -10 6 0 0 0 0 0 0 0 0 0 0 ]
2833,1782800120.898450,8.3113,-68,CSI_DATA,AP,98:F4:AB:29:67:94,-68,11,1,4,1,1,1,1,0,0,0,-96,1,6,1,768383202,0,84,0,0,768.766,384,[84 -64 4 0 0 0 0 0 0 0 0 0 8 -4 8 -3 9 -4 9 -2 9 -3 9 -1 9 -1 9 0 9 0 10 1 8 1 9 1 9 1 8 1 8 1 8 2 7 1 8 1 7 1 8 2 8 2 8 1 7 1 8 1 8 1 8 1 0 0 8 1 8 1 8 1 8 0 7 0 8 0 8 0 9 0 8 0 9 0 8 -2 8 -1 8 -1 9 -2 9 -2 8 -2 10 -2 9 -3 10 -2 9 -3 10 -3 10 -3 10 -3 10 -4 10 -4 10 -4 0 0 0 0 0 0 0 0 0 0 ]
2834,1782800121.189740,7.8075,-67,CSI_DATA,AP,98:F4:AB:29:67:94,-67,11,1,4,1,1,1,1,0,0,0,-96,1,6,1,768475695,0,84,0,0,768.858,384,[84 -64 4 0 0 0 0 0 0 0 0 0 9 0 8 0 10 0 9 1 10 1 8 2 9 3 9 3 9 3 9 4 8 4 8 4 8 4 8 4 7 4 8 5 7 4 8 4 7 4 7 4 7 4 7 4 7 4 7 4 6 4 7 4 0 0 7 3 8 4 7 3 8 3 7 3 8 3 7 3 8 3 7 2 8 2 8 2 8 2 8 2 8 1 9 1 8 1 11 1 9 1 10 0 10 0 10 0 10 0 11 0 11 0 11 0 11 -1 0 0 0 0 0 0 0 0 0 0 ]
2835,1782800121.454186,8.7378,-67,CSI_DATA,AP,98:F4:AB:29:67:94,-67,11,1,4,1,1,1,1,0,0,0,-96,1,6,1,768561538,0,84,0,0,768.944,384,[84 -64 4 0 0 0 0 0 0 0 0 0 5 -9 5 -9 6 -9 6 -8 7 -8 7 -7 8 -6 8 -5 8 -7 8 -6 8 -6 7 -6 8 -6 8 -6 8 -5 8 -5 8 -5 8 -4 8 -4 8 -4 8 -4 8 -4 8 -4 7 -5 8 -5 7 -5 0 0 7 -5 8 -5 7 -5 7 -5 7 -5 6 -5 7 -6 7 -6 6 -6 6 -7 6 -7 6 -7 6 -7 6 -7 6 -8 6 -9 6 -9 6 -9 7 -9 6 -9 6 -9 7 -9 7 -10 6 -11 6 -10 6 -11 0 0 0 0 0 0 0 0 0 0 ]
2836,1782800121.734310,8.1449,-67,CSI_DATA,AP,98:F4:AB:29:67:94,-67,11,1,4,1,1,1,1,0,0,0,-96,1,6,1,768655566,0,84,0,0,769.038,384,[84 -64 4 0 0 0 0 0 0 0 0 0 8 -1 8 0 8 0 8 0 8 1 8 1 8 1 8 2 8 2 8 3 9 3 8 3 8 3 8 3 8 3 7 4 7 3 7 3 7 3 7 3 7 3 7 3 7 3 7 3 7 3 7 3 0 0 7 2 7 2 7 2 7 2 7 2 7 2 7 1 7 1 8 1 7 1 7 1 7 1 8 0 8 0 8 0 8 -1 9 -1 9 -1 9 0 9 -1 9 -1 9 -1 10 -2 10 -2 10 -2 10 -2 0 0 0 0 0 0 0 0 0 0 ]
2837,1782800122.024944,8.9632,-67,CSI_DATA,AP,98:F4:AB:29:67:94,-67,11,1,4,1,1,1,1,0,0,0,-96,1,6,1,768744113,0,84,0,0,769.127,384,[84 -64 4 0 0 0 0 0 0 0 0 0 1 -11 2 -10 2 -11 2 -10 3 -10 4 -10 3 -10 5 -9 5 -10 5 -10 5 -9 6 -9 6 -9 6 -9 4 -8 6 -9 5 -9 5 -9 5 -7 5 -8 6 -7 5 -8 6 -7 5 -7 5 -8 5 -8 0 0 5 -7 5 -8 4 -8 5 -9 4 -8 4 -9 4 -8 4 -8 3 -9 3 -10 3 -9 3 -9 3 -9 3 -9 2 -11 2 -10 2 -12 3 -11 2 -11 2 -11 3 -11 1 -12 2 -12 2 -12 2 -12 2 -12 0 0 0 0 0 0 0 0 0 0 ]
2838,1782800122.294028,9.2587,-66,CSI_DATA,AP,98:F4:AB:29:67:94,-66,11,1,2,1,1,1,1,0,0,0,-96,1,6,1,768839121,0,84,0,0,769.222,384,[84 -64 4 0 0 0 0 0 0 0 0 0 -2 10 -3 9 -3 9 -4 7 -4 9 -4 8 -5 8 -6 7 -5 8 -7 7 -8 8 -6 6 -7 6 -7 6 -6 6 -7 8 -6 7 -6 6 -6 6 -6 6 -7 6 -6 6 -6 6 -6 6 -7 6 -6 6 0 0 -6 6 -6 7 -5 6 -5 7 -5 6 -5 7 -5 6 -5 6 -4 7 -5 8 -4 8 -4 7 -3 8 -3 8 -3 9 -3 8 -3 9 -3 8 -3 9 -3 9 -4 9 -3 10 -3 10 -3 10 -3 10 -2 10 0 0 0 0 0 0 0 0 0 0 ]
2839,1782800122.558871,7.8465,-67,CSI_DATA,AP,98:F4:AB:29:67:94,-67,11,1,4,1,1,1,1,0,0,0,-96,1,6,1,768923971,0,84,0,0,769.306,384,[84 -64 4 0 0 0 0 0 0 0 0 0 8 3 7 4 7 4 7 4 7 5 7 6 6 6 5 7 6 6 5 7 5 7 5 7 5 7 5 7 5 6 5 7 5 7 4 7 4 7 3 7 4 6 4 7 4 7 4 6 3 6 4 6 0 0 4 6 5 7 5 6 5 6 4 6 4 5 5 6 4 5 5 6 5 5 6 5 6 5 6 5 6 5 6 5 7 5 7 5 7 5 7 5 7 5 7 5 8 5 8 5 9 4 9 5 9 5 0 0 0 0 0 0 0 0 0 0 ]
2840,1782800122.937030,8.5482,-67,CSI_DATA,AP,98:F4:AB:29:67:94,-67,11,1,4,1,1,1,1,0,0,0,-96,1,6,1,769012928,0,84,0,0,769.395,384,[84 -64 4 0 0 0 0 0 0 0 0 0 -7 6 -8 5 -9 6 -9 5 -9 5 -9 5 -10 5 -10 4 -10 3 -11 3 -10 3 -10 3 -10 2 -10 3 -9 2 -10 2 -9 3 -10 2 -9 2 -9 2 -10 2 -9 2 -9 2 -9 2 -9 2 -9 3 0 0 -8 4 -9 4 -9 4 -9 4 -9 3 -8 3 -8 4 -8 4 -9 5 -9 5 -8 5 -8 5 -8 5 -8 6 -8 6 -7 6 -8 7 -7 7 -8 7 -8 8 -8 8 -8 8 -8 9 -8 9 -8 9 -6 8 0 0 0 0 0 0 0 0 0 0 ]
2841,1782800123.170356,8.9639,-67,CSI_DATA,AP,98:F4:AB:29:67:94,-67,11,1,3,1,1,1,1,0,0,0,-96,1,6,1,769105223,0,84,0,0,769.488,384,[84 -64 4 0 0 0 0 0 0 0 0 0 -9 4 -9 3 -10 2 -11 2 -10 1 -10 1 -10 1 -10 0 -11 0 -11 -1 -11 -1 -11 -2 -11 -2 -10 -2 -10 -2 -11 -1 -10 -1 -10 -1 -10 -1 -9 -2 -9 -2 -11 -2 -9 -2 -9 -2 -9 -3 -10 -1 0 0 -9 -1 -10 -2 -9 -1 -10 -1 -9 -2 -9 -1 -10 -2 -10 -1 -10 -1 -10 -1 -10 0 -10 0 -10 1 -10 0 -11 1 -10 1 -11 1 -10 1 -11 1 -11 2 -11 2 -11 2 -12 2 -12 3 -12 3 -12 3 0 0 0 0 0 0 0 0 0 0 ]
2842,1782800123.470043,9.3488,-72,CSI_DATA,AP,98:F4:AB:29:67:94,-72,11,1,4,1,1,1,0,0,0,0,-96,0,6,1,792596506,0,84,0,0,792.979,384,[84 -64 4 0 0 0 0 0 0 0 0 0 0 9 -1 8 -1 8 -1 8 -2 9 -3 8 -4 8 -4 7 -4 8 -4 7 -4 7 -5 7 -5 7 -4 7 -4 6 -4 7 -5 7 -4 6 -4 5 -4 5 -4 5 -4 5 -5 5 -4 5 -4 5 -3 5 0 0 -2 4 -2 5 -2 4 -2 5 -1 4 -1 4 -1 4 0 4 0 4 0 4 1 4 1 4 2 4 2 4 3 4 3 4 4 4 3 4 4 5 4 4 5 4 5 4 7 5 7 5 7 4 7 5 0 0 0 0 0 0 0 0 0 0 ]
2843,1782800123.932060,9.2853,-73,CSI_DATA,AP,98:F4:AB:29:67:94,-73,11,1,4,1,1,1,0,0,0,0,-96,0,6,1,792685147,0,84,0,0,793.068,384,[84 -64 4 0 0 0 0 0 0 0 0 0 2 -9 2 -9 3 -10 3 -9 3 -9 4 -9 4 -8 5 -8 5 -8 5 -8 5 -8 5 -7 6 -7 5 -7 5 -6 4 -7 5 -6 4 -6 5 -6 5 -5 5 -5 5 -5 4 -5 4 -5 4 -5 3 -5 0 0 3 -5 2 -5 2 -5 2 -5 1 -4 1 -5 1 -5 1 -5 0 -5 0 -6 -2 -5 -1 -5 -2 -5 -2 -5 -3 -6 -3 -6 -4 -6 -3 -7 -4 -7 -4 -7 -4 -8 -6 -7 -5 -7 -6 -7 -6 -8 -7 -8 0 0 0 0 0 0 0 0 0 0 ]
2844,1782800124.257042,7.3127,-72,CSI_DATA,AP,98:F4:AB:29:67:94,-72,11,1,4,1,1,1,0,0,0,0,-96,0,6,1,792772037,0,84,0,0,793.155,384,[84 -64 4 0 0 0 0 0 0 0 0 0 -8 -4 -7 -5 -7 -6 -6 -5 -7 -7 -6 -6 -6 -6 -5 -7 -6 -7 -5 -7 -5 -7 -5 -7 -4 -7 -4 -7 -5 -6 -4 -7 -4 -6 -4 -7 -3 -6 -3 -6 -3 -6 -3 -6 -3 -5 -3 -5 -3 -5 -4 -5 0 0 -4 -4 -4 -4 -4 -4 -4 -4 -3 -3 -4 -3 -4 -3 -4 -3 -4 -2 -5 -2 -5 -1 -5 -1 -5 -1 -5 0 -5 0 -5 0 -5 1 -6 1 -6 1 -6 2 -6 2 -6 2 -7 3 -7 4 -7 3 -8 4 0 0 0 0 0 0 0 0 0 0 ]
2845,1782800124.509030,6.5717,-70,CSI_DATA,AP,98:F4:AB:29:67:94,-70,11,1,2,1,1,1,0,0,0,0,-96,0,6,1,792864829,0,84,0,0,793.247,384,[84 -64 4 0 0 0 0 0 0 0 0 0 -4 9 -4 8 -6 9 -6 8 -6 8 -6 7 -6 7 -7 6 -7 7 -8 6 -8 5 -8 6 -8 5 -7 5 -7 4 -7 4 -7 5 -7 4 -6 4 -6 3 -7 4 -6 3 -6 4 -6 4 -5 4 -5 4 0 0 -5 4 -4 4 -3 4 -3 4 -4 4 -3 4 -3 3 -3 4 -2 4 -2 5 -1 4 -1 4 -1 5 0 5 1 5 1 6 1 6 1 5 3 7 3 7 2 6 4 6 3 7 4 7 4 8 5 8 0 0 0 0 0 0 0 0 0 0 ]
2846,1782800124.768850,5.0956,-72,CSI_DATA,AP,98:F4:AB:29:67:94,-72,11,1,4,1,1,1,0,0,0,0,-96,0,6,1,792952741,0,84,0,0,793.335,384,[84 -64 4 0 0 0 0 0 0 0 0 0 -2 -10 -1 -10 -1 -10 -1 -9 0 -9 1 -10 2 -9 2 -9 2 -9 2 -9 2 -10 2 -8 3 -8 2 -8 1 -8 2 -9 2 -7 2 -8 2 -7 2 -7 2 -7 2 -7 2 -7 1 -6 1 -5 1 -6 0 0 -1 -5 1 -5 0 -6 0 -5 0 -5 -1 -5 -1 -6 -2 -5 -2 -4 -2 -4 -3 -4 -3 -5 -4 -5 -3 -4 -4 -5 -5 -4 -6 -4 -5 -4 -7 -4 -7 -4 -6 -4 -7 -3 -8 -3 -9 -3 -9 -4 -9 -3 0 0 0 0 0 0 0 0 0 0 ]
2847,1782800124.993176,5.8014,-71,CSI_DATA,AP,98:F4:AB:29:67:94,-71,11,1,2,1,1,1,0,0,0,0,-96,0,6,1,793042410,0,84,0,0,793.425,384,[84 -64 4 0 0 0 0 0 0 0 0 0 -10 0 -10 0 -10 -1 -10 -2 -10 -3 -10 -2 -9 -3 -10 -4 -9 -4 -9 -4 -9 -4 -9 -5 -8 -5 -8 -5 -8 -5 -8 -5 -9 -5 -7 -5 -7 -4 -6 -5 -7 -5 -6 -5 -5 -4 -6 -3 -6 -4 -5 -3 0 0 -6 -3 -5 -3 -6 -2 -5 -2 -5 -2 -5 -2 -5 -2 -5 0 -5 -1 -6 0 -6 1 -5 2 -6 2 -6 1 -6 2 -5 3 -6 3 -6 3 -6 4 -6 4 -7 4 -8 4 -7 5 -7 6 -7 6 -7 7 0 0 0 0 0 0 0 0 0 0 ]
2848,1782800125.212148,5.7532,-66,CSI_DATA,AP,98:F4:AB:29:67:94,-66,11,0,0,0,0,0,0,0,0,0,-96,0,6,1,793140001,0,84,0,0,793.523,128,[84 -64 4 0 0 0 0 0 0 0 0 0 -2 26 -5 26 -6 27 -7 28 -9 25 -10 24 -12 24 -13 23 -14 23 -13 21 -13 23 -13 22 -15 21 -14 22 -14 19 -16 22 -14 19 -13 17 -13 15 -14 15 -14 13 -15 15 -12 13 -11 14 -10 14 -11 15 0 0 -9 14 -10 15 -8 16 -6 16 -5 13 -4 11 -4 13 -4 12 -1 14 -2 13 2 15 3 12 5 14 5 15 6 16 7 18 9 19 9 17 8 19 10 17 10 20 12 20 15 20 17 21 18 20 18 21 0 0 0 0 0 0 0 0 0 0 ]
2849,1782800125.476958,4.9791,-71,CSI_DATA,AP,98:F4:AB:29:67:94,-71,11,1,2,1,1,1,0,0,0,0,-96,0,6,1,793229362,0,84,0,0,793.612,384,[84 -64 4 0 0 0 0 0 0 0 0 0 8 3 8 3 9 3 8 4 8 5 6 5 7 6 6 6 7 6 6 7 5 6 5 7 5 7 4 7 5 6 5 6 4 6 5 6 4 6 4 5 4 5 3 6 3 5 4 5 3 4 4 5 0 0 4 3 4 4 4 3 4 3 3 3 5 2 4 3 4 1 4 1 4 1 4 1 5 0 5 0 4 -1 5 -1 6 -2 7 -2 6 -2 7 -3 6 -3 8 -3 7 -4 8 -4 8 -5 9 -4 8 -5 0 0 0 0 0 0 0 0 0 0 ]
2850,1782800125.754468,5.6197,-72,CSI_DATA,AP,98:F4:AB:29:67:94,-72,11,1,4,1,1,1,0,0,0,0,-96,0,6,1,793312650,0,84,0,0,793.695,384,[84 -64 4 0 0 0 0 0 0 0 0 0 -1 -10 1 -9 1 -10 0 -8 2 -9 1 -9 2 -8 3 -9 3 -9 4 -9 3 -9 4 -8 4 -8 4 -8 2 -8 3 -8 4 -7 3 -8 3 -6 3 -6 4 -7 3 -6 3 -5 2 -6 3 -5 3 -5 0 0 2 -5 2 -5 1 -5 1 -5 1 -5 1 -5 0 -5 0 -5 -1 -6 -1 -6 -2 -6 -1 -5 -3 -5 -3 -6 -4 -6 -4 -5 -4 -7 -4 -5 -5 -6 -5 -6 -5 -7 -6 -7 -6 -7 -7 -7 -7 -6 -8 -7 0 0 0 0 0 0 0 0 0 0 ]
2851,1782800125.977720,6.2499,-72,CSI_DATA,AP,98:F4:AB:29:67:94,-72,11,1,4,1,1,1,0,0,0,0,-96,0,6,1,793402835,0,84,0,0,793.785,384,[84 -64 4 0 0 0 0 0 0 0 0 0 -2 -10 0 -9 0 -10 0 -10 0 -10 1 -9 3 -9 3 -9 3 -10 4 -8 2 -9 3 -9 3 -8 4 -8 3 -8 4 -7 4 -7 3 -7 3 -7 3 -7 3 -7 3 -7 3 -7 2 -6 2 -6 1 -6 0 0 1 -6 1 -6 0 -5 0 -6 1 -5 1 -5 0 -6 0 -5 -1 -6 -1 -6 -3 -5 -2 -5 -3 -5 -3 -6 -4 -6 -4 -6 -5 -5 -5 -6 -5 -6 -6 -6 -6 -7 -6 -7 -7 -6 -8 -6 -8 -6 -8 -7 0 0 0 0 0 0 0 0 0 0 ]
2852,1782800126.200295,6.3214,-72,CSI_DATA,AP,98:F4:AB:29:67:94,-72,11,1,4,1,1,1,0,0,0,0,-96,0,6,1,793491587,0,84,0,0,793.874,384,[84 -64 4 0 0 0 0 0 0 0 0 0 1 8 1 8 1 9 -1 9 0 9 -1 8 -2 9 -2 8 -2 8 -3 8 -3 8 -3 8 -3 7 -3 7 -3 6 -5 7 -3 7 -3 7 -4 6 -3 6 -3 5 -3 6 -3 5 -2 5 -3 5 -2 5 0 0 -2 5 -1 6 -2 5 -1 4 -1 4 0 4 -1 4 0 3 0 4 0 4 2 4 1 4 3 4 3 3 2 4 4 4 4 4 4 3 5 4 5 4 6 5 6 4 6 4 7 5 6 4 7 4 0 0 0 0 0 0 0 0 0 0 ]
2853,1782800126.430974,5.9581,-72,CSI_DATA,AP,98:F4:AB:29:67:94,-72,11,1,4,1,1,1,0,0,0,0,-96,0,6,1,793582918,0,84,0,0,793.965,384,[84 -64 4 0 0 0 0 0 0 0 0 0 -4 8 -4 8 -5 8 -5 8 -5 7 -6 6 -6 6 -7 6 -7 6 -8 5 -7 5 -8 5 -8 5 -7 4 -7 4 -7 4 -7 4 -7 4 -7 3 -7 3 -7 3 -7 2 -6 2 -5 3 -5 2 -6 3 0 0 -5 3 -4 3 -4 4 -4 3 -3 4 -3 4 -3 4 -3 4 -2 4 -2 4 -1 4 -1 4 0 5 0 4 0 5 1 6 1 6 1 5 2 6 1 7 2 6 3 7 3 7 4 8 4 8 4 8 0 0 0 0 0 0 0 0 0 0 ]
2854,1782800126.699415,4.8269,-72,CSI_DATA,AP,98:F4:AB:29:67:94,-72,11,1,4,1,1,1,0,0,0,0,-96,0,6,1,793673193,0,84,0,0,794.056,384,[84 -64 4 0 0 0 0 0 0 0 0 0 7 -1 7 0 8 0 8 0 7 1 7 2 7 2 6 2 7 2 7 3 7 3 6 3 6 3 6 4 6 3 6 3 5 2 6 3 5 3 5 3 5 3 4 3 4 3 4 2 4 2 4 2 0 0 3 2 4 1 4 1 4 1 4 0 4 0 4 0 4 0 3 -1 3 -2 3 -2 4 -1 4 -2 3 -3 4 -3 3 -4 4 -4 4 -4 4 -5 4 -5 5 -5 4 -6 5 -6 5 -7 5 -6 4 -6 0 0 0 0 0 0 0 0 0 0 ]
2855,1782800126.996509,5.2218,-66,CSI_DATA,AP,98:F4:AB:29:67:94,-66,11,0,0,0,0,0,0,0,0,0,-96,0,6,1,793763940,0,84,0,0,794.147,128,[84 -64 4 0 0 0 0 0 0 0 0 0 -24 13 -25 11 -27 11 -28 10 -28 6 -27 6 -28 3 -27 1 -29 0 -26 0 -28 1 -27 2 -26 -1 -26 0 -24 -2 -27 -1 -24 -2 -22 -2 -21 -4 -21 -4 -20 -6 -20 -5 -17 -3 -19 -1 -19 -1 -18 -1 0 0 -17 0 -17 0 -18 3 -16 3 -14 3 -15 3 -15 4 -14 4 -13 6 -12 6 -12 9 -11 9 -12 13 -11 13 -12 14 -14 16 -12 16 -12 17 -14 17 -12 19 -13 18 -11 22 -11 23 -11 26 -10 27 -10 28 0 0 0 0 0 0 0 0 0 0 ]
2856,1782800127.309203,5.4485,-72,CSI_DATA,AP,98:F4:AB:29:67:94,-72,11,1,4,1,1,1,0,0,0,0,-96,0,6,1,793855851,0,84,0,0,794.238,384,[84 -64 4 0 0 0 0 0 0 0 0 0 -1 -9 0 -8 0 -9 1 -8 1 -8 2 -8 2 -7 3 -8 3 -8 3 -8 3 -7 3 -7 3 -7 4 -7 3 -6 4 -7 3 -6 3 -6 3 -6 3 -6 4 -6 3 -5 3 -5 3 -5 3 -5 2 -5 0 0 2 -5 2 -5 1 -5 1 -5 1 -4 1 -5 1 -4 0 -5 0 -4 -1 -5 -2 -4 -1 -4 -2 -4 -2 -4 -3 -5 -4 -5 -4 -5 -6 -3 -4 -5 -5 -5 -5 -5 -6 -6 -6 -6 -6 -6 -7 -6 -7 -6 0 0 0 0 0 0 0 0 0 0 ]
2857,1782800127.598466,5.9146,-72,CSI_DATA,AP,98:F4:AB:29:67:94,-72,11,1,4,1,1,1,0,0,0,0,-96,0,6,1,793941189,0,84,0,0,794.324,384,[84 -64 4 0 0 0 0 0 0 0 0 0 0 9 -1 8 -1 9 -2 9 -2 9 -3 8 -3 9 -4 8 -4 9 -4 7 -4 8 -5 7 -4 7 -4 7 -5 7 -4 7 -4 6 -4 7 -4 6 -5 5 -4 6 -4 6 -4 5 -3 5 -3 5 -3 5 0 0 -2 5 -2 5 -2 5 -2 5 -2 5 -1 5 -1 4 -1 4 0 4 0 5 1 4 2 4 3 4 2 4 3 4 3 4 4 5 4 5 4 5 4 5 5 5 5 5 6 5 7 5 7 5 7 5 0 0 0 0 0 0 0 0 0 0 ]
2858,1782800127.805703,5.4807,-72,CSI_DATA,AP,98:F4:AB:29:67:94,-72,11,1,4,1,1,1,0,0,0,0,-96,0,6,1,794032853,0,84,0,0,794.415,384,[84 -64 4 0 0 0 0 0 0 0 0 0 7 -6 8 -5 8 -5 7 -5 8 -4 8 -4 9 -3 9 -3 8 -3 9 -3 8 -3 8 -2 8 -2 8 -1 7 -2 9 -2 8 -2 8 -2 7 -1 7 -1 7 -1 6 -1 6 -1 6 -1 5 -1 5 -1 0 0 5 -3 5 -2 4 -3 5 -3 4 -3 4 -3 3 -3 3 -4 2 -4 3 -4 1 -4 2 -5 1 -5 2 -5 1 -6 0 -6 0 -7 0 -7 0 -7 -1 -8 0 -8 -1 -8 -1 -9 -1 -10 -1 -9 -1 -10 0 0 0 0 0 0 0 0 0 0 ]
2859,1782800128.044009,5.6809,-72,CSI_DATA,AP,98:F4:AB:29:67:94,-72,11,1,4,1,1,1,0,0,0,0,-96,0,6,1,794123912,0,84,0,0,794.506,384,[84 -64 4 0 0 0 0 0 0 0 0 0 -8 5 -9 4 -9 5 -10 4 -10 4 -10 3 -9 2 -9 2 -9 1 -9 1 -9 1 -9 1 -9 1 -9 0 -9 0 -8 1 -8 0 -8 0 -9 -1 -8 0 -8 -1 -7 -1 -6 0 -8 0 -6 0 -6 1 0 0 -6 0 -6 1 -6 1 -5 2 -5 1 -5 1 -5 2 -5 2 -4 2 -4 3 -4 4 -4 3 -3 4 -3 5 -3 4 -1 5 -2 5 -1 6 -2 6 -2 7 -2 7 -2 8 -1 8 -1 9 -1 8 -1 9 0 0 0 0 0 0 0 0 0 0 ]
2860,1782800128.262752,6.7480,-72,CSI_DATA,AP,98:F4:AB:29:67:94,-72,11,1,4,1,1,1,0,0,0,0,-96,0,6,1,794211041,0,84,0,0,794.593,384,[84 -64 4 0 0 0 0 0 0 0 0 0 -8 -5 -7 -6 -9 -6 -7 -6 -7 -7 -7 -7 -7 -8 -6 -8 -6 -8 -5 -8 -5 -8 -5 -8 -4 -8 -5 -8 -4 -8 -4 -8 -4 -7 -4 -8 -3 -7 -3 -7 -3 -7 -3 -8 -3 -7 -4 -6 -4 -6 -3 -5 0 0 -3 -5 -3 -5 -3 -5 -4 -4 -4 -4 -4 -4 -5 -3 -5 -4 -5 -2 -5 -3 -5 -2 -5 -2 -6 -1 -5 -1 -6 -1 -6 0 -7 0 -6 0 -6 0 -8 1 -8 0 -8 1 -8 1 -9 2 -9 1 -9 2 0 0 0 0 0 0 0 0 0 0 ]
2861,1782800128.489072,6.8961,-72,CSI_DATA,AP,98:F4:AB:29:67:94,-72,11,1,4,1,1,1,0,0,0,0,-96,0,6,1,794302460,0,84,0,0,794.685,384,[84 -64 4 0 0 0 0 0 0 0 0 0 -3 9 -3 8 -4 8 -3 8 -5 8 -5 8 -6 7 -6 8 -6 7 -7 6 -6 6 -7 7 -7 6 -6 6 -6 5 -6 6 -6 5 -5 5 -6 5 -6 5 -6 4 -5 5 -6 4 -5 4 -5 4 -5 4 0 0 -3 4 -4 5 -3 4 -3 4 -3 4 -2 4 -2 4 -2 4 -1 4 -1 4 0 4 0 5 1 5 1 5 2 5 2 5 3 5 2 5 3 6 3 6 4 6 5 6 5 7 5 6 5 7 6 7 0 0 0 0 0 0 0 0 0 0 ]
2862,1782800128.781876,6.5904,-72,CSI_DATA,AP,98:F4:AB:29:67:94,-72,11,1,4,1,1,1,0,0,0,0,-96,0,6,1,794393991,0,84,0,0,794.776,384,[84 -64 4 0 0 0 0 0 0 0 0 0 -3 -9 -2 -8 -1 -8 -2 -8 -1 -9 0 -8 0 -9 1 -9 0 -9 1 -8 1 -9 2 -8 1 -7 1 -8 2 -8 1 -9 2 -8 2 -8 1 -6 2 -7 2 -7 2 -7 1 -6 2 -6 1 -6 1 -5 0 0 0 -4 0 -5 0 -5 -1 -5 1 -5 0 -5 -1 -4 -1 -5 -1 -4 -2 -4 -3 -5 -3 -4 -4 -4 -4 -4 -5 -4 -5 -3 -5 -4 -5 -4 -5 -4 -6 -4 -6 -5 -7 -4 -8 -4 -8 -4 -8 -3 -8 -3 0 0 0 0 0 0 0 0 0 0 ]
2863,1782800129.039936,5.7102,-72,CSI_DATA,AP,98:F4:AB:29:67:94,-72,11,1,4,1,1,1,0,0,0,0,-96,0,6,1,794483496,0,84,0,0,794.866,384,[84 -64 4 0 0 0 0 0 0 0 0 0 8 -3 7 -2 8 -2 8 -2 8 -2 8 -1 7 0 8 1 8 0 8 1 8 1 7 1 8 1 7 1 7 1 7 1 6 1 6 1 6 1 6 3 5 2 6 2 5 1 5 1 5 1 4 1 0 0 4 0 4 0 4 0 4 -1 4 -1 4 -1 4 -1 4 -1 3 -1 4 -2 3 -2 3 -3 3 -3 3 -4 3 -4 3 -5 3 -5 3 -5 3 -6 3 -6 3 -6 3 -7 3 -7 3 -8 2 -8 3 -9 0 0 0 0 0 0 0 0 0 0 ]
2864,1782800129.277633,5.0368,-70,CSI_DATA,AP,98:F4:AB:29:67:94,-70,11,1,2,1,1,1,0,0,0,0,-96,0,6,1,794586058,0,84,0,0,794.969,384,[84 -64 4 0 0 0 0 0 0 0 0 0 1 -9 1 -9 2 -9 2 -8 2 -9 3 -7 3 -9 3 -7 4 -8 4 -7 5 -8 5 -7 4 -7 4 -7 4 -7 4 -7 4 -6 4 -6 4 -5 4 -6 4 -5 4 -5 3 -5 3 -5 3 -4 2 -5 0 0 2 -4 2 -5 2 -5 2 -5 1 -5 0 -4 0 -5 0 -5 0 -5 -1 -6 -1 -5 -1 -5 -2 -5 -2 -4 -3 -6 -3 -5 -3 -6 -4 -6 -3 -6 -4 -6 -5 -6 -5 -6 -5 -7 -6 -6 -7 -7 -7 -7 0 0 0 0 0 0 0 0 0 0 ]
2865,1782800129.525606,5.0543,-70,CSI_DATA,AP,98:F4:AB:29:67:94,-70,11,1,2,1,1,1,0,0,0,0,-96,0,6,1,794671256,0,84,0,0,795.054,384,[84 -64 4 0 0 0 0 0 0 0 0 0 -1 -9 -1 -9 0 -10 0 -9 2 -9 1 -9 2 -9 3 -8 3 -9 3 -8 3 -7 4 -8 3 -7 4 -7 3 -7 4 -7 4 -6 3 -7 4 -6 3 -6 3 -5 3 -6 3 -5 3 -5 2 -5 2 -5 0 0 1 -5 1 -5 1 -5 1 -5 1 -5 0 -5 0 -5 0 -5 0 -5 -1 -6 -1 -6 -1 -6 -2 -5 -3 -5 -4 -6 -4 -6 -4 -6 -4 -7 -4 -7 -5 -7 -5 -7 -5 -7 -6 -7 -6 -7 -6 -8 -7 -8 0 0 0 0 0 0 0 0 0 0 ]
2866,1782800129.765094,5.3988,-71,CSI_DATA,AP,98:F4:AB:29:67:94,-71,11,1,2,1,1,1,0,0,0,0,-96,0,6,1,794754117,0,84,0,0,795.137,384,[84 -64 4 0 0 0 0 0 0 0 0 0 -4 -8 -3 -8 -3 -9 -2 -9 -4 -10 -2 -9 -1 -9 0 -10 -1 -10 1 -9 1 -10 1 -9 1 -9 0 -8 1 -7 1 -9 1 -7 0 -8 0 -7 2 -7 0 -7 1 -7 1 -7 0 -6 1 -6 0 -6 0 0 -1 -6 -1 -6 -1 -5 -1 -6 -2 -4 -3 -5 -3 -5 -2 -5 -3 -4 -4 -5 -3 -4 -4 -4 -4 -4 -5 -4 -6 -4 -6 -4 -7 -4 -7 -4 -7 -4 -8 -4 -8 -4 -9 -4 -10 -4 -10 -3 -10 -4 -11 -4 0 0 0 0 0 0 0 0 0 0 ]
2867,1782800129.984696,5.4321,-72,CSI_DATA,AP,98:F4:AB:29:67:94,-72,11,1,2,1,1,1,0,0,0,0,-96,0,6,1,794849510,0,84,0,0,795.232,384,[84 -64 4 0 0 0 0 0 0 0 0 0 2 -8 2 -8 3 -8 2 -8 3 -8 4 -8 4 -8 4 -7 4 -7 5 -7 5 -6 5 -7 6 -5 5 -6 5 -5 5 -6 5 -5 5 -5 5 -4 5 -5 5 -4 5 -4 4 -4 4 -4 4 -4 4 -4 0 0 3 -4 3 -4 2 -4 2 -4 2 -4 2 -4 1 -4 1 -4 0 -5 0 -5 -1 -5 -1 -4 -1 -4 -1 -4 -2 -6 -3 -5 -3 -6 -3 -6 -3 -6 -4 -6 -4 -6 -5 -7 -5 -7 -5 -7 -6 -8 -6 -7 0 0 0 0 0 0 0 0 0 0 ]
2868,1782800130.234888,5.1729,-71,CSI_DATA,AP,98:F4:AB:29:67:94,-71,11,1,2,1,1,1,0,0,0,0,-96,0,6,1,794938221,0,84,0,0,795.321,384,[84 -64 4 0 0 0 0 0 0 0 0 0 7 4 6 4 6 5 5 6 6 6 5 6 5 6 5 8 4 6 3 7 4 7 3 7 3 7 3 7 3 7 2 7 2 6 2 6 2 6 1 6 2 6 1 5 1 6 1 5 1 5 2 5 0 0 1 4 2 4 2 4 2 3 1 3 3 3 2 3 2 2 3 2 3 1 3 1 3 2 4 1 5 0 4 0 5 0 5 -1 5 -1 7 -1 6 -1 7 -1 7 -2 7 -2 7 -3 8 -2 8 -3 0 0 0 0 0 0 0 0 0 0 ]
2869,1782800130.461771,5.1942,-73,CSI_DATA,AP,98:F4:AB:29:67:94,-73,11,1,4,1,1,1,0,0,0,0,-96,0,6,1,795021467,0,84,0,0,795.404,384,[84 -64 4 0 0 0 0 0 0 0 0 0 3 -8 3 -8 5 -8 4 -7 5 -8 5 -7 5 -6 6 -6 6 -6 7 -6 6 -6 6 -5 6 -5 6 -5 5 -5 6 -5 5 -4 5 -4 5 -3 5 -4 5 -3 4 -4 4 -4 4 -3 4 -3 3 -3 0 0 3 -3 3 -4 2 -4 2 -4 1 -3 1 -4 1 -5 1 -4 0 -5 0 -5 -1 -5 -1 -5 -1 -5 -2 -5 -3 -6 -3 -5 -3 -6 -3 -6 -4 -6 -4 -7 -4 -7 -5 -7 -6 -8 -5 -7 -6 -7 -7 -9 0 0 0 0 0 0 0 0 0 0 ]
2870,1782800130.776622,6.2271,-71,CSI_DATA,AP,98:F4:AB:29:67:94,-71,11,1,2,1,1,1,0,0,0,0,-96,0,6,1,795120531,0,84,0,0,795.503,384,[84 -64 4 0 0 0 0 0 0 0 0 0 5 -8 4 -7 5 -8 4 -7 6 -8 6 -6 7 -6 7 -5 7 -6 8 -4 7 -5 8 -5 7 -4 8 -4 6 -4 8 -4 7 -3 7 -3 6 -4 6 -3 6 -2 6 -3 6 -2 5 -3 6 -3 5 -3 0 0 4 -2 5 -3 4 -3 3 -4 3 -3 3 -4 2 -4 3 -4 2 -4 2 -5 1 -5 1 -4 0 -5 0 -5 -1 -6 -1 -6 -2 -7 -1 -7 -1 -8 -2 -7 -2 -8 -2 -8 -3 -9 -4 -9 -4 -9 -4 -9 0 0 0 0 0 0 0 0 0 0 ]
2871,1782800131.023698,6.0717,-68,CSI_DATA,AP,98:F4:AB:29:67:94,-68,11,0,0,0,0,0,0,0,0,0,-96,0,6,1,795220250,0,84,0,0,795.603,128,[84 -64 4 0 0 0 0 0 0 0 0 0 10 20 8 18 8 21 8 21 6 23 4 19 3 22 2 21 2 22 -1 22 -1 22 -1 23 -4 21 -1 21 -3 18 0 22 -2 20 -1 19 -2 16 -2 19 -2 16 -2 15 -3 16 -3 17 -2 15 -3 14 0 0 1 14 1 14 3 12 4 12 3 12 4 12 6 10 5 9 6 10 7 11 8 10 8 7 11 8 11 7 14 8 15 7 17 7 17 7 17 7 20 6 21 8 22 5 22 8 26 8 24 6 26 6 0 0 0 0 0 0 0 0 0 0 ]
2872,1782800131.254316,6.5168,-74,CSI_DATA,AP,98:F4:AB:29:67:94,-74,11,1,4,1,1,1,0,0,0,0,-96,0,6,1,795293192,0,84,0,0,795.676,384,[84 -64 4 0 0 0 0 0 0 0 0 0 -7 -3 -7 -4 -7 -5 -7 -5 -7 -6 -6 -5 -6 -6 -5 -6 -6 -6 -5 -7 -5 -7 -5 -7 -4 -7 -4 -6 -4 -6 -5 -7 -4 -6 -4 -7 -4 -6 -4 -6 -3 -6 -3 -6 -3 -5 -3 -5 -3 -6 -3 -5 0 0 -4 -4 -4 -5 -4 -4 -3 -3 -3 -3 -4 -3 -4 -3 -4 -3 -4 -2 -5 -2 -4 -1 -5 -1 -5 0 -5 0 -5 0 -6 1 -7 1 -6 1 -7 1 -7 1 -7 2 -7 2 -8 3 -8 3 -8 3 -8 3 0 0 0 0 0 0 0 0 0 0 ]
2873,1782800131.485092,6.1894,-75,CSI_DATA,AP,98:F4:AB:29:67:94,-75,11,1,4,1,1,1,0,0,0,0,-96,0,6,1,795388100,0,84,0,0,795.771,384,[84 -64 4 0 0 0 0 0 0 0 0 0 -6 -1 -6 -2 -6 -3 -6 -3 -5 -4 -5 -4 -6 -4 -6 -4 -5 -4 -5 -6 -5 -5 -5 -5 -4 -5 -5 -5 -4 -5 -4 -5 -4 -5 -3 -5 -4 -5 -4 -5 -4 -5 -3 -5 -2 -4 -4 -4 -3 -5 -3 -4 0 0 -3 -3 -3 -3 -3 -2 -3 -2 -4 -2 -4 -2 -4 -2 -3 -1 -4 -1 -3 -1 -3 0 -3 0 -5 1 -5 1 -4 1 -4 3 -5 2 -5 2 -5 2 -6 2 -5 3 -6 3 -6 4 -7 5 -7 5 -6 5 0 0 0 0 0 0 0 0 0 0 ]
2874,1782800131.707955,6.5356,-68,CSI_DATA,AP,98:F4:AB:29:67:94,-68,11,0,0,0,0,0,0,0,0,0,-96,0,6,1,795481549,0,84,0,0,795.864,128,[84 -64 4 0 0 0 0 0 0 0 0 0 20 -15 20 -12 24 -13 21 -14 25 -12 22 -10 25 -11 23 -7 26 -8 28 -5 26 -3 28 -5 27 -1 25 -4 23 -2 29 -2 23 -2 25 -3 20 -2 23 0 22 0 22 -2 21 -1 19 2 20 0 19 1 0 0 17 -3 18 -4 16 -4 16 -5 12 -5 13 -5 12 -7 11 -7 10 -7 11 -6 8 -9 7 -8 5 -11 5 -12 5 -16 3 -15 3 -20 1 -17 1 -19 -1 -20 -1 -22 -3 -25 -2 -26 -1 -28 -4 -27 -6 -30 0 0 0 0 0 0 0 0 0 0 ]
2875,1782800131.952442,6.2879,-72,CSI_DATA,AP,98:F4:AB:29:67:94,-72,11,1,2,1,1,1,0,0,0,0,-96,0,6,1,795566926,0,84,0,0,795.949,384,[84 -64 4 0 0 0 0 0 0 0 0 0 -7 0 -7 0 -8 0 -8 -1 -8 -1 -7 -2 -7 -2 -8 -3 -7 -3 -7 -3 -7 -4 -7 -4 -7 -4 -7 -3 -7 -3 -7 -4 -7 -3 -6 -4 -6 -4 -6 -4 -6 -4 -5 -4 -5 -3 -5 -3 -5 -3 -5 -3 0 0 -5 -2 -5 -2 -5 -2 -4 -2 -5 -1 -5 -2 -4 -1 -4 -1 -4 -1 -4 0 -4 1 -4 1 -4 1 -3 2 -4 2 -3 2 -4 4 -4 3 -3 3 -5 4 -4 4 -4 4 -5 5 -4 6 -4 6 -3 6 0 0 0 0 0 0 0 0 0 0 ]
2876,1782800132.233740,6.3620,-72,CSI_DATA,AP,98:F4:AB:29:67:94,-72,11,1,2,1,1,1,0,0,0,0,-96,0,6,1,795652756,0,84,0,0,796.035,384,[84 -64 4 0 0 0 0 0 0 0 0 0 -5 -6 -5 -5 -6 -6 -5 -6 -5 -7 -4 -7 -4 -6 -4 -8 -4 -7 -3 -8 -2 -8 -2 -8 -2 -8 -3 -8 -2 -7 -3 -7 -2 -7 -2 -7 -2 -7 -2 -7 -2 -6 -2 -7 -1 -6 -1 -6 -2 -6 -2 -5 0 0 -2 -5 -2 -5 -2 -4 -3 -4 -2 -4 -3 -4 -3 -4 -2 -3 -3 -3 -3 -3 -3 -2 -3 -2 -4 -2 -4 -1 -4 -1 -4 -1 -5 0 -5 0 -5 0 -5 1 -6 0 -7 1 -6 1 -7 2 -7 2 -7 2 0 0 0 0 0 0 0 0 0 0 ]
2877,1782800132.503807,6.2909,-72,CSI_DATA,AP,98:F4:AB:29:67:94,-72,11,1,2,1,1,1,0,0,0,0,-96,0,6,1,795745130,0,84,0,0,796.128,384,[84 -64 4 0 0 0 0 0 0 0 0 0 -8 -1 -8 -3 -9 -3 -7 -3 -8 -3 -7 -4 -8 -5 -8 -5 -8 -6 -7 -5 -7 -6 -6 -6 -7 -6 -6 -7 -6 -6 -7 -6 -6 -5 -6 -6 -5 -5 -5 -6 -5 -6 -5 -6 -4 -6 -5 -5 -4 -5 -5 -4 0 0 -4 -4 -4 -4 -4 -3 -4 -3 -4 -3 -4 -2 -5 -2 -4 -1 -4 -1 -4 -1 -5 -1 -4 0 -4 0 -5 0 -5 1 -5 2 -5 2 -5 2 -4 2 -5 3 -6 3 -6 4 -6 4 -7 5 -6 6 -6 6 0 0 0 0 0 0 0 0 0 0 ]
2878,1782800132.784076,6.4025,-74,CSI_DATA,AP,98:F4:AB:29:67:94,-74,11,1,4,1,1,1,0,0,0,0,-96,0,6,1,795831416,0,84,0,0,796.214,384,[84 -64 4 0 0 0 0 0 0 0 0 0 -7 1 -7 0 -9 0 -8 0 -9 0 -8 -1 -8 -2 -7 -2 -8 -3 -9 -3 -8 -3 -8 -3 -7 -3 -8 -2 -7 -3 -7 -2 -6 -2 -7 -4 -7 -4 -6 -3 -6 -3 -6 -4 -6 -3 -6 -3 -6 -3 -6 -2 0 0 -5 -2 -5 -2 -5 -2 -5 -1 -5 -1 -4 -1 -5 -1 -5 0 -4 -1 -4 0 -4 1 -4 1 -4 2 -4 2 -4 3 -4 3 -4 4 -4 3 -4 4 -4 4 -5 4 -4 5 -4 5 -4 6 -5 7 -4 7 0 0 0 0 0 0 0 0 0 0 ]
2879,1782800133.040596,6.3597,-74,CSI_DATA,AP,98:F4:AB:29:67:94,-74,11,1,4,1,1,1,0,0,0,0,-96,0,6,1,795921140,0,84,0,0,796.304,384,[84 -64 4 0 0 0 0 0 0 0 0 0 -7 2 -7 2 -9 2 -8 2 -8 2 -9 0 -9 0 -8 0 -9 -1 -9 -1 -9 -1 -9 -1 -9 -1 -9 -2 -8 -2 -8 -1 -7 -2 -8 -2 -7 -2 -8 -2 -6 -3 -7 -3 -6 -2 -7 -2 -6 -2 -6 -2 0 0 -6 -1 -6 -1 -6 -1 -6 0 -5 1 -4 1 -4 0 -5 2 -3 0 -3 1 -4 1 -3 2 -3 3 -3 4 -3 3 -3 4 -3 4 -3 5 -3 6 -2 6 -3 7 -3 7 -3 7 -2 8 -2 9 -2 9 0 0 0 0 0 0 0 0 0 0 ]
2880,1782800133.346989,6.5218,-68,CSI_DATA,AP,98:F4:AB:29:67:94,-68,11,0,0,0,0,0,0,0,0,0,-96,0,6,1,796032419,0,84,0,0,796.415,128,[84 -64 4 0 0 0 0 0 0 0 0 0 23 -12 22 -8 25 -10 25 -8 26 -8 25 -5 27 -5 25 -1 27 -3 26 -1 28 0 27 1 26 3 26 2 23 3 26 2 24 3 22 3 21 4 22 4 19 6 21 4 18 3 19 3 18 3 17 3 0 0 16 1 18 0 15 -1 15 -3 12 -2 13 -3 13 -5 11 -4 11 -6 12 -6 11 -8 9 -8 9 -11 8 -12 8 -15 9 -16 8 -20 8 -17 8 -19 8 -21 9 -23 7 -25 8 -27 7 -29 6 -29 6 -30 0 0 0 0 0 0 0 0 0 0 ]
2881,1782800133.620631,6.3495,-73,CSI_DATA,AP,98:F4:AB:29:67:94,-73,11,1,2,1,1,1,0,0,0,0,-96,0,6,1,796105699,0,84,0,0,796.488,384,[84 -64 4 0 0 0 0 0 0 0 0 0 4 2 4 2 6 2 6 3 5 3 4 3 5 4 4 4 4 4 4 5 3 5 3 5 4 6 3 5 3 5 3 5 3 5 3 4 2 4 2 4 2 4 2 4 2 3 2 4 2 4 2 3 0 0 2 3 3 2 3 3 2 2 2 2 3 1 2 2 3 1 2 1 2 0 2 -1 3 0 3 0 3 -1 3 -1 3 -2 5 -2 4 -2 5 -2 4 -3 5 -3 5 -3 6 -3 6 -4 6 -4 6 -5 0 0 0 0 0 0 0 0 0 0 ]
2882,1782800133.917171,6.4410,-68,CSI_DATA,AP,98:F4:AB:29:67:94,-68,11,0,0,0,0,0,0,0,0,0,-96,0,6,1,796196690,0,84,0,0,796.579,128,[84 -64 4 0 0 0 0 0 0 0 0 0 15 -19 17 -19 18 -20 20 -21 21 -18 20 -15 22 -16 21 -12 23 -14 23 -10 25 -13 26 -11 25 -9 26 -12 23 -9 26 -10 24 -8 21 -8 22 -7 22 -6 20 -5 20 -7 18 -5 20 -4 15 -12 17 -5 0 0 15 -7 16 -9 15 -9 14 -10 11 -9 10 -10 11 -10 10 -10 9 -12 8 -10 7 -11 5 -12 2 -15 4 -14 3 -16 2 -19 -1 -20 0 -21 0 -21 -3 -23 -4 -24 -5 -25 -6 -25 -6 -28 -8 -28 -8 -29 0 0 0 0 0 0 0 0 0 0 ]
2883,1782800134.178218,6.5163,-69,CSI_DATA,AP,98:F4:AB:29:67:94,-69,11,0,0,0,0,0,0,0,0,0,-96,0,6,1,796290257,0,84,0,0,796.673,128,[84 -64 4 0 0 0 0 0 0 0 0 0 -11 19 -13 18 -17 19 -17 20 -18 20 -19 15 -21 14 -22 11 -22 13 -22 12 -24 13 -23 14 -23 11 -22 11 -21 8 -23 10 -22 10 -20 9 -22 6 -20 6 -19 4 -21 3 -17 6 -17 8 -18 8 -17 6 0 0 -15 6 -15 8 -14 7 -14 8 -12 8 -11 8 -11 6 -9 7 -9 11 -7 7 -6 12 -2 11 -3 14 -3 14 -2 14 0 17 2 18 1 17 -1 20 2 19 0 22 4 23 5 24 8 26 8 25 8 29 0 0 0 0 0 0 0 0 0 0 ]
2884,1782800134.567617,13.0723,-69,CSI_DATA,AP,98:F4:AB:29:67:94,-69,11,0,0,0,0,0,0,0,0,0,-96,0,6,1,796387402,0,84,0,0,796.77,128,[84 -64 4 0 0 0 0 0 0 0 0 0 24 1 22 4 23 6 24 6 24 9 21 9 24 11 20 14 21 15 19 14 22 15 22 15 21 15 20 14 15 15 18 15 17 16 16 13 17 14 14 16 13 15 14 15 12 12 14 12 13 12 13 12 0 0 12 10 14 8 14 8 13 6 11 5 13 4 12 5 10 4 11 2 9 1 12 -1 10 -4 10 -5 11 -5 12 -7 14 -9 14 -11 13 -10 16 -12 14 -15 16 -13 15 -17 15 -18 15 -21 15 -22 15 -24 0 0 0 0 0 0 0 0 0 0 ]
2885,1782800134.835644,18.1885,-69,CSI_DATA,AP,98:F4:AB:29:67:94,-69,11,0,0,0,0,0,0,0,0,0,-96,0,6,1,796487164,0,84,0,0,796.87,128,[84 -64 4 0 0 0 0 0 0 0 0 0 -16 16 -18 16 -19 17 -21 17 -21 13 -23 9 -24 12 -24 9 -24 9 -24 8 -26 10 -25 10 -26 7 -25 7 -23 5 -25 5 -23 5 -21 6 -23 3 -22 2 -22 2 -20 1 -18 2 -19 5 -19 4 -18 3 0 0 -16 4 -16 4 -16 7 -13 6 -13 5 -10 7 -12 6 -9 6 -8 6 -9 9 -8 11 -6 10 -5 12 -3 12 -3 14 -2 17 1 16 1 16 -2 17 0 19 0 20 3 22 3 22 5 24 8 26 7 26 0 0 0 0 0 0 0 0 0 0 ]
2886,1782800135.076841,21.1428,-68,CSI_DATA,AP,98:F4:AB:29:67:94,-68,11,0,0,0,0,0,0,0,0,0,-96,0,6,1,796564019,0,84,0,0,796.946,128,[84 -64 4 0 0 0 0 0 0 0 0 0 -22 -12 -20 -13 -24 -15 -21 -16 -23 -18 -19 -16 -21 -19 -18 -19 -20 -21 -17 -23 -17 -23 -17 -23 -15 -25 -14 -23 -13 -19 -15 -24 -13 -20 -15 -21 -10 -18 -11 -20 -10 -19 -12 -19 -10 -17 -10 -19 -9 -17 -9 -16 0 0 -10 -14 -12 -15 -12 -12 -14 -12 -11 -9 -12 -9 -11 -8 -11 -8 -14 -5 -12 -5 -13 -5 -11 -3 -14 0 -12 1 -18 2 -17 2 -20 5 -17 5 -20 6 -20 8 -22 7 -22 11 -23 10 -26 13 -24 15 -25 14 0 0 0 0 0 0 0 0 0 0 ]
2887,1782800135.306094,22.2919,-69,CSI_DATA,AP,98:F4:AB:29:67:94,-69,11,0,0,0,0,0,0,0,0,0,-96,0,6,1,796647174,0,84,0,0,797.03,128,[84 -64 4 0 0 0 0 0 0 0 0 0 2 21 -2 21 1 23 -3 25 -5 23 -5 22 -8 22 -9 21 -10 22 -8 21 -10 23 -10 22 -11 21 -10 22 -11 19 -12 20 -12 18 -10 19 -10 15 -12 15 -7 9 -11 17 -9 13 -10 16 -8 15 -9 15 0 0 -8 12 -7 13 -5 14 -3 14 -4 12 -5 12 -3 12 -3 10 -1 11 -1 10 3 11 3 11 6 10 6 11 6 12 10 12 11 12 11 11 11 14 13 13 13 13 16 12 18 12 19 13 22 12 23 14 0 0 0 0 0 0 0 0 0 0 ]
2888,1782800135.544257,22.4022,-69,CSI_DATA,AP,98:F4:AB:29:67:94,-69,11,0,0,0,0,0,0,0,0,0,-96,0,6,1,796734471,0,84,0,0,797.117,128,[84 -64 4 0 0 0 0 0 0 0 0 0 18 14 16 16 17 18 17 20 16 20 12 20 13 20 10 22 12 23 11 22 10 25 10 24 8 24 8 23 6 22 7 25 5 22 5 20 4 19 4 20 4 20 5 20 4 17 4 19 5 19 4 18 0 0 4 15 5 15 6 16 6 13 5 12 7 12 8 10 7 9 9 9 9 8 10 8 10 6 12 4 13 3 15 4 16 4 19 2 17 1 20 2 20 0 21 0 24 0 25 -2 27 -3 27 -4 29 -5 0 0 0 0 0 0 0 0 0 0 ]
2889,1782800135.798766,21.3718,-69,CSI_DATA,AP,98:F4:AB:29:67:94,-69,11,0,0,0,0,0,0,0,0,0,-96,0,6,1,796825902,0,84,0,0,797.209,128,[84 -64 4 0 0 0 0 0 0 0 0 0 5 24 13 25 4 27 4 26 4 29 1 25 1 28 -2 27 -1 30 -5 28 -7 28 -7 29 -8 29 -6 28 -7 22 -5 30 -5 24 -4 25 -6 21 -6 24 -7 20 -6 23 -7 20 -8 21 -8 20 -8 17 0 0 -2 17 -2 19 -1 17 2 18 -1 13 2 15 3 14 3 12 7 12 5 13 6 12 6 9 11 9 11 9 17 7 17 7 21 9 17 8 20 7 22 6 23 8 26 3 29 7 30 7 31 4 32 4 0 0 0 0 0 0 0 0 0 0 ]
2890,1782800136.080061,19.8715,-72,CSI_DATA,AP,98:F4:AB:29:67:94,-72,11,1,2,1,1,1,0,0,0,0,-96,0,6,1,796913341,0,84,0,0,797.296,384,[84 -64 4 0 0 0 0 0 0 0 0 0 0 6 -1 6 -2 7 -1 6 -3 8 -3 6 -4 7 -3 7 -4 6 -4 6 -4 6 -5 6 -5 6 -5 6 -4 5 -5 6 -5 5 -4 6 -4 4 -5 5 -5 4 -5 5 -5 5 -4 4 -4 4 -4 4 0 0 -3 3 -3 4 -3 3 -2 4 -2 3 -2 3 -2 3 -1 3 -1 3 -1 4 0 3 1 3 2 3 1 3 2 3 3 3 4 3 3 3 4 3 4 3 4 4 5 3 6 5 6 4 6 5 6 4 0 0 0 0 0 0 0 0 0 0 ]
2891,1782800136.333559,18.4310,-71,CSI_DATA,AP,98:F4:AB:29:67:94,-71,11,1,2,1,1,1,0,0,0,0,-96,0,6,1,797008217,0,84,0,0,797.391,384,[84 -64 4 0 0 0 0 0 0 0 0 0 7 -1 7 -1 8 0 7 0 7 0 7 1 7 2 7 2 7 2 7 3 7 3 6 3 6 3 7 3 6 3 6 3 5 3 6 2 5 3 5 3 5 3 5 3 4 2 5 2 5 2 4 2 0 0 5 2 5 1 4 1 4 0 4 0 4 0 4 -1 3 0 4 -1 3 -2 3 -2 4 -2 3 -2 3 -3 3 -4 2 -4 3 -4 2 -5 3 -6 2 -6 4 -6 3 -6 3 -7 3 -7 3 -8 3 -8 0 0 0 0 0 0 0 0 0 0 ]
2892,1782800136.579343,9.2681,-71,CSI_DATA,AP,98:F4:AB:29:67:94,-71,11,1,2,1,1,1,0,0,0,0,-96,0,6,1,797095085,0,84,0,0,797.478,384,[84 -64 4 0 0 0 0 0 0 0 0 0 1 -9 1 -8 1 -10 1 -8 2 -8 3 -8 4 -9 3 -8 3 -8 5 -7 5 -7 5 -7 5 -6 5 -6 4 -6 4 -7 4 -6 4 -6 4 -6 4 -6 4 -5 4 -6 4 -5 4 -4 3 -4 3 -5 0 0 2 -5 2 -4 2 -5 2 -5 2 -4 2 -5 1 -5 1 -5 0 -5 0 -5 -1 -5 0 -5 -1 -5 -1 -5 -2 -6 -2 -5 -3 -5 -3 -6 -3 -6 -4 -6 -4 -6 -5 -7 -5 -7 -5 -7 -5 -7 -6 -7 0 0 0 0 0 0 0 0 0 0 ]
2893,1782800136.838979,4.0095,-72,CSI_DATA,AP,98:F4:AB:29:67:94,-72,11,1,4,1,1,1,0,0,0,0,-96,0,6,1,797185721,0,84,0,0,797.568,384,[84 -64 4 0 0 0 0 0 0 0 0 0 5 -6 5 -6 5 -6 6 -6 6 -5 6 -6 6 -5 6 -5 7 -4 7 -3 7 -4 7 -3 7 -4 6 -3 6 -3 7 -3 7 -3 6 -3 6 -2 6 -2 6 -2 5 -2 4 -2 5 -2 5 -1 5 -2 0 0 4 -3 4 -2 4 -3 3 -3 3 -2 3 -3 3 -3 2 -3 2 -4 2 -4 2 -5 1 -4 1 -4 1 -4 1 -6 0 -6 0 -6 0 -6 1 -7 0 -7 0 -7 -1 -8 -1 -8 0 -8 -1 -9 -1 -9 0 0 0 0 0 0 0 0 0 0 ]
2894,1782800137.092471,3.0264,-72,CSI_DATA,AP,98:F4:AB:29:67:94,-72,11,1,4,1,1,1,0,0,0,0,-96,0,6,1,797271910,0,84,0,0,797.654,384,[84 -64 4 0 0 0 0 0 0 0 0 0 -6 6 -6 5 -7 6 -7 5 -8 5 -7 4 -7 3 -8 3 -8 4 -9 3 -8 3 -9 2 -8 2 -8 2 -8 2 -8 2 -7 1 -7 1 -7 1 -7 1 -7 1 -7 1 -6 1 -6 1 -6 1 -6 1 0 0 -5 1 -6 2 -5 2 -5 2 -5 2 -4 2 -3 2 -4 2 -3 3 -3 4 -2 4 -3 3 -2 4 -2 4 -1 5 -2 5 -1 6 -1 5 0 6 0 6 -1 7 0 6 -1 7 1 7 0 7 1 8 0 0 0 0 0 0 0 0 0 0 ]
2895,1782800137.355967,3.1086,-72,CSI_DATA,AP,98:F4:AB:29:67:94,-72,11,1,4,1,1,1,0,0,0,0,-96,0,6,1,797362990,0,84,0,0,797.745,384,[84 -64 4 0 0 0 0 0 0 0 0 0 2 -9 3 -9 3 -9 3 -9 5 -9 4 -9 6 -8 6 -8 6 -8 6 -7 6 -7 6 -7 6 -7 6 -7 6 -6 6 -6 6 -6 5 -5 5 -6 6 -5 5 -5 6 -5 5 -5 5 -5 5 -5 4 -5 0 0 4 -5 3 -5 3 -5 2 -4 2 -4 2 -5 2 -5 2 -6 1 -4 0 -6 0 -5 0 -5 0 -6 -1 -6 -2 -6 -2 -6 -3 -6 -3 -7 -3 -8 -4 -7 -3 -8 -4 -7 -5 -8 -5 -8 -5 -9 -5 -9 0 0 0 0 0 0 0 0 0 0 ]
2896,1782800137.596273,3.7775,-72,CSI_DATA,AP,98:F4:AB:29:67:94,-72,11,1,4,1,1,1,0,0,0,0,-96,0,6,1,797452502,0,84,0,0,797.835,384,[84 -64 4 0 0 0 0 0 0 0 0 0 -7 -6 -7 -5 -7 -6 -8 -6 -7 -7 -7 -7 -6 -8 -5 -8 -6 -8 -4 -9 -5 -9 -5 -10 -4 -9 -4 -9 -4 -8 -3 -8 -3 -8 -4 -9 -3 -8 -3 -7 -3 -8 -3 -8 -2 -8 -2 -7 -3 -6 -3 -6 0 0 -3 -6 -3 -5 -3 -5 -4 -5 -4 -4 -4 -4 -4 -3 -4 -4 -4 -4 -6 -3 -4 -3 -5 -2 -5 -2 -6 -2 -6 -2 -6 -1 -8 -1 -7 -1 -7 -1 -7 0 -8 -1 -9 -1 -10 0 -10 0 -9 1 -10 1 0 0 0 0 0 0 0 0 0 0 ]
2897,1782800137.834405,5.9383,-72,CSI_DATA,AP,98:F4:AB:29:67:94,-72,11,1,4,1,1,1,0,0,0,0,-96,0,6,1,797543131,0,84,0,0,797.926,384,[84 -64 4 0 0 0 0 0 0 0 0 0 -10 -1 -10 -1 -10 -2 -10 -1 -10 -2 -9 -2 -10 -2 -9 -4 -10 -4 -10 -5 -9 -4 -8 -5 -9 -6 -9 -5 -7 -5 -8 -5 -8 -5 -8 -5 -7 -5 -6 -5 -7 -5 -6 -5 -6 -5 -6 -4 -7 -4 -6 -4 0 0 -6 -3 -6 -3 -5 -2 -6 -2 -5 -2 -6 -2 -5 -2 -6 -1 -5 0 -6 0 -5 1 -6 1 -6 2 -5 2 -5 3 -5 3 -6 3 -5 3 -6 3 -6 5 -6 5 -6 5 -7 6 -6 6 -7 6 -7 7 0 0 0 0 0 0 0 0 0 0 ]
2898,1782800138.077396,7.2906,-72,CSI_DATA,AP,98:F4:AB:29:67:94,-72,11,1,4,1,1,1,0,0,0,0,-96,0,6,1,797631792,0,84,0,0,798.014,384,[84 -64 4 0 0 0 0 0 0 0 0 0 -8 -6 -7 -7 -8 -7 -7 -8 -7 -8 -6 -8 -5 -9 -6 -9 -5 -9 -5 -8 -5 -9 -5 -9 -4 -9 -5 -8 -4 -9 -4 -9 -3 -8 -4 -8 -4 -8 -3 -8 -3 -8 -3 -8 -3 -7 -3 -7 -3 -6 -3 -7 0 0 -4 -5 -4 -5 -4 -5 -4 -4 -4 -4 -4 -3 -4 -3 -5 -3 -5 -3 -6 -3 -5 -2 -5 -2 -5 -1 -6 -1 -5 -1 -7 1 -7 1 -7 1 -7 1 -7 1 -7 2 -8 2 -8 3 -8 4 -9 3 -9 4 0 0 0 0 0 0 0 0 0 0 ]
2899,1782800138.321392,8.6747,-72,CSI_DATA,AP,98:F4:AB:29:67:94,-72,11,1,4,1,1,1,0,0,0,0,-96,0,6,1,797722759,0,84,0,0,798.105,384,[84 -64 4 0 0 0 0 0 0 0 0 0 -9 0 -9 -1 -10 -2 -10 -2 -10 -3 -10 -3 -9 -2 -9 -4 -9 -5 -10 -5 -9 -5 -8 -5 -9 -5 -9 -5 -8 -6 -8 -6 -7 -4 -6 -5 -8 -4 -6 -4 -6 -5 -7 -4 -6 -4 -7 -4 -6 -4 -6 -4 0 0 -6 -2 -6 -2 -6 -2 -5 -2 -6 -2 -6 -2 -6 -1 -6 -1 -5 -1 -5 1 -6 0 -5 1 -6 1 -5 2 -5 2 -5 3 -5 3 -5 3 -5 4 -6 4 -6 5 -6 5 -6 6 -6 7 -6 7 -5 8 0 0 0 0 0 0 0 0 0 0 ]
2900,1782800138.568175,8.5610,-72,CSI_DATA,AP,98:F4:AB:29:67:94,-72,11,1,4,1,1,1,0,0,0,0,-96,0,6,1,797815428,0,84,0,0,798.198,384,[84 -64 4 0 0 0 0 0 0 0 0 0 3 -8 3 -7 5 -8 5 -7 5 -7 5 -6 5 -6 5 -6 6 -6 6 -6 6 -5 6 -5 6 -5 6 -5 6 -4 6 -4 6 -4 6 -5 5 -3 5 -4 5 -3 5 -4 5 -4 5 -3 5 -3 4 -3 0 0 3 -4 4 -4 3 -4 3 -4 3 -3 2 -5 2 -4 2 -4 2 -4 1 -5 1 -5 0 -5 0 -5 0 -5 -1 -5 -2 -5 -1 -6 -2 -6 -2 -7 -3 -7 -2 -7 -3 -7 -3 -8 -3 -7 -4 -8 -4 -8 0 0 0 0 0 0 0 0 0 0 ]
2901,1782800138.839871,8.3439,-72,CSI_DATA,AP,98:F4:AB:29:67:94,-72,11,1,4,1,1,1,0,0,0,0,-96,0,6,1,797901143,0,84,0,0,798.284,384,[84 -64 4 0 0 0 0 0 0 0 0 0 -9 -1 -9 -2 -10 -2 -10 -2 -9 -4 -8 -4 -9 -3 -9 -4 -9 -5 -9 -6 -9 -6 -9 -6 -8 -6 -8 -6 -7 -5 -8 -5 -7 -5 -6 -5 -7 -6 -6 -5 -6 -5 -6 -4 -6 -4 -6 -4 -5 -5 -6 -4 0 0 -6 -3 -6 -2 -5 -2 -5 -2 -5 -2 -5 -2 -6 -1 -5 0 -5 0 -6 0 -5 0 -5 1 -5 1 -5 2 -5 3 -5 4 -6 3 -5 3 -5 4 -6 5 -6 4 -6 5 -6 6 -6 7 -6 7 -5 7 0 0 0 0 0 0 0 0 0 0 ]
2902,1782800139.100185,5.9870,-72,CSI_DATA,AP,98:F4:AB:29:67:94,-72,11,1,4,1,1,1,0,0,0,0,-96,0,6,1,797993244,0,84,0,0,798.376,384,[84 -64 4 0 0 0 0 0 0 0 0 0 5 -6 5 -5 7 -6 7 -6 7 -5 7 -4 7 -3 7 -3 8 -3 8 -3 7 -3 8 -2 8 -2 7 -2 8 -1 8 -1 6 -1 6 -2 7 -2 6 -1 6 -1 6 -2 6 -1 6 -2 6 -1 5 -2 0 0 5 -2 5 -1 4 -2 3 -2 4 -2 4 -2 4 -2 4 -3 3 -3 2 -3 2 -3 3 -4 2 -4 2 -4 2 -5 1 -5 1 -6 2 -6 2 -6 1 -6 1 -7 1 -7 1 -8 0 -8 0 -8 -1 -9 0 0 0 0 0 0 0 0 0 0 ]
2903,1782800139.344158,6.7241,-72,CSI_DATA,AP,98:F4:AB:29:67:94,-72,11,1,4,1,1,1,0,0,0,0,-96,0,6,1,798081065,0,84,0,0,798.464,384,[84 -64 4 0 0 0 0 0 0 0 0 0 -9 -1 -9 -1 -10 -4 -9 -3 -10 -4 -9 -4 -9 -4 -9 -5 -9 -5 -9 -6 -8 -6 -8 -7 -8 -6 -8 -6 -7 -6 -7 -6 -7 -6 -6 -6 -10 -4 -6 -6 -7 -5 -6 -6 -6 -4 -6 -4 -6 -5 -6 -4 0 0 -6 -4 -6 -3 -5 -3 -6 -2 -5 -2 -5 -3 -6 -2 -6 -1 -5 -1 -5 0 -5 0 -6 1 -6 1 -6 2 -5 2 -5 3 -6 3 -5 3 -5 4 -6 4 -6 5 -6 5 -7 5 -6 6 -6 7 -6 7 0 0 0 0 0 0 0 0 0 0 ]
2904,1782800139.601241,5.7901,-70,CSI_DATA,AP,98:F4:AB:29:67:94,-70,11,1,2,1,1,1,0,0,0,0,-96,0,6,1,798175326,0,84,0,0,798.558,384,[84 -64 4 0 0 0 0 0 0 0 0 0 7 -5 7 -4 9 -4 7 -3 9 -3 8 -3 8 -3 8 -2 9 -2 9 -1 8 0 8 0 8 0 9 0 7 0 8 0 7 0 7 0 6 0 7 1 7 0 6 0 6 1 6 0 5 0 5 -1 0 0 5 0 6 0 4 -1 5 -1 4 -1 5 -2 4 -1 4 -2 4 -2 4 -2 3 -3 4 -2 3 -4 2 -3 3 -4 2 -5 3 -6 2 -5 2 -7 1 -6 2 -7 2 -7 3 -8 2 -8 2 -8 2 -9 0 0 0 0 0 0 0 0 0 0 ]
2905,1782800139.839921,5.7072,-70,CSI_DATA,AP,98:F4:AB:29:67:94,-70,11,1,2,1,1,1,0,0,0,0,-96,0,6,1,798277121,0,84,0,0,798.66,384,[84 -64 4 0 0 0 0 0 0 0 0 0 3 -9 3 -8 4 -8 5 -8 5 -7 5 -7 6 -6 6 -6 6 -7 6 -6 7 -6 7 -6 7 -5 7 -5 5 -4 6 -5 6 -5 6 -4 6 -3 6 -4 6 -4 5 -4 5 -4 5 -4 5 -3 4 -4 0 0 4 -4 4 -4 3 -4 4 -5 3 -3 3 -5 2 -5 2 -4 2 -5 2 -5 1 -5 1 -5 0 -6 0 -5 0 -6 -1 -6 -1 -7 -1 -7 -2 -8 -3 -8 -2 -8 -2 -8 -3 -9 -3 -9 -3 -9 -4 -9 0 0 0 0 0 0 0 0 0 0 ]
2906,1782800140.085734,5.2164,-71,CSI_DATA,AP,98:F4:AB:29:67:94,-71,11,1,4,1,1,1,0,0,0,0,-96,0,6,1,798354312,0,84,0,0,798.737,384,[84 -64 4 0 0 0 0 0 0 0 0 0 7 -3 8 -2 8 -2 8 -2 8 -1 8 -1 8 0 8 0 8 0 8 0 7 1 8 2 8 1 7 2 7 2 7 1 6 2 7 1 7 1 6 2 6 2 6 2 5 2 5 1 5 1 5 2 0 0 4 0 5 0 4 0 4 0 4 0 4 -1 5 -1 4 -1 4 -2 3 -2 3 -2 4 -2 3 -4 4 -4 3 -4 3 -5 4 -5 3 -5 3 -6 3 -6 3 -7 4 -7 4 -7 3 -8 4 -8 3 -8 0 0 0 0 0 0 0 0 0 0 ]
2907,1782800140.331953,5.7820,-72,CSI_DATA,AP,98:F4:AB:29:67:94,-72,11,1,4,1,1,1,0,0,0,0,-96,0,6,1,798441487,0,84,0,0,798.824,384,[84 -64 4 0 0 0 0 0 0 0 0 0 9 -4 7 -3 9 -2 8 -2 9 -2 8 -1 9 -1 8 0 9 0 9 0 9 1 8 1 9 2 8 2 8 2 8 2 7 2 7 2 7 1 7 2 6 2 7 2 5 2 6 2 6 2 6 1 0 0 5 1 5 1 5 0 5 0 4 0 5 -1 5 -1 4 -1 4 -1 4 -2 4 -1 4 -1 4 -4 4 -3 4 -4 4 -4 4 -5 3 -5 4 -5 4 -6 4 -6 5 -6 4 -7 5 -8 5 -8 4 -9 0 0 0 0 0 0 0 0 0 0 ]
2908,1782800140.576277,6.0187,-71,CSI_DATA,AP,98:F4:AB:29:67:94,-71,11,1,2,1,1,1,0,0,0,0,-96,0,6,1,798534065,0,84,0,0,798.917,384,[84 -64 4 0 0 0 0 0 0 0 0 0 0 9 -1 8 -1 9 -2 9 -2 9 -2 8 -3 9 -4 8 -4 8 -5 8 -5 8 -5 8 -5 7 -5 7 -5 7 -5 7 -4 6 -4 6 -4 6 -4 6 -4 6 -4 6 -4 6 -3 5 -4 5 -3 5 0 0 -2 4 -3 5 -2 5 -2 4 -1 4 -1 4 0 4 0 3 1 4 0 5 1 4 1 4 1 4 2 4 3 4 3 3 4 3 4 4 5 3 5 3 6 3 6 3 7 3 6 3 7 3 7 3 0 0 0 0 0 0 0 0 0 0 ]
2909,1782800140.818704,6.1580,-71,CSI_DATA,AP,98:F4:AB:29:67:94,-71,11,1,2,1,1,1,0,0,0,0,-96,0,6,1,798624895,0,84,0,0,799.007,384,[84 -64 4 0 0 0 0 0 0 0 0 0 7 -5 7 -4 8 -5 7 -4 8 -4 7 -2 9 -3 8 -3 9 -2 9 -1 9 -2 9 0 8 -1 9 0 7 -1 9 -1 8 0 8 -1 6 -1 6 -1 7 -1 6 -1 6 0 6 0 6 -1 7 -1 0 0 5 -1 5 -1 5 -2 5 -2 4 -2 4 -2 3 -3 3 -2 3 -3 3 -3 2 -3 2 -3 2 -4 2 -4 1 -6 1 -5 1 -7 1 -6 1 -6 1 -6 1 -7 0 -8 0 -8 -1 -8 0 -9 0 -9 0 0 0 0 0 0 0 0 0 0 ]
2910,1782800141.059221,5.9863,-71,CSI_DATA,AP,98:F4:AB:29:67:94,-71,11,1,2,1,1,1,0,0,0,0,-96,0,6,1,798727044,0,84,0,0,799.11,384,[84 -64 4 0 0 0 0 0 0 0 0 0 -1 -9 -1 -8 -1 -9 -1 -8 0 -9 1 -9 2 -9 2 -9 3 -9 3 -8 3 -8 5 -9 3 -8 3 -8 3 -7 4 -7 3 -7 3 -7 3 -6 3 -7 3 -6 4 -6 3 -6 3 -5 3 -5 3 -6 0 0 2 -5 2 -5 2 -5 1 -5 1 -4 0 -5 0 -5 -1 -4 0 -4 -1 -5 -1 -5 -2 -4 -2 -5 -3 -4 -4 -5 -3 -4 -4 -4 -4 -5 -4 -5 -5 -5 -6 -6 -6 -5 -7 -5 -8 -5 -7 -6 -7 -5 0 0 0 0 0 0 0 0 0 0 ]
2911,1782800141.327381,5.3124,-72,CSI_DATA,AP,98:F4:AB:29:67:94,-72,11,1,2,1,1,1,0,0,0,0,-96,0,6,1,798803466,0,84,0,0,799.186,384,[84 -64 4 0 0 0 0 0 0 0 0 0 6 -1 7 0 7 0 7 0 7 0 6 1 7 2 6 2 7 2 7 3 6 3 7 3 6 3 6 3 6 3 5 3 5 3 5 3 4 3 5 3 4 3 4 3 4 3 4 2 4 2 4 1 0 0 3 1 3 1 3 1 3 0 3 0 3 0 3 0 3 0 3 -1 3 -2 3 -2 3 -2 3 -2 3 -3 3 -3 3 -3 4 -5 2 -4 3 -5 3 -5 3 -6 4 -6 3 -6 3 -7 3 -7 3 -8 0 0 0 0 0 0 0 0 0 0 ]
2912,1782800141.579821,4.6887,-72,CSI_DATA,AP,98:F4:AB:29:67:94,-72,11,1,2,1,1,1,0,0,0,0,-96,0,6,1,798894762,0,84,0,0,799.277,384,[84 -64 4 0 0 0 0 0 0 0 0 0 1 7 0 7 1 8 0 7 0 7 0 7 -1 7 -1 7 -1 7 -3 7 -2 7 -3 8 -3 7 -3 6 -3 6 -3 6 -3 5 -2 6 -3 5 -2 5 -3 5 -2 5 -3 5 -3 4 -2 4 -2 4 0 0 -2 3 -1 4 -1 3 -1 3 -1 3 0 3 0 2 -1 3 0 3 1 3 1 3 1 3 1 3 2 2 3 3 3 2 4 2 3 2 4 2 5 2 5 2 5 2 6 2 6 2 6 2 7 2 0 0 0 0 0 0 0 0 0 0 ]
2913,1782800141.830267,5.5706,-71,CSI_DATA,AP,98:F4:AB:29:67:94,-71,11,1,2,1,1,1,0,0,0,0,-96,0,6,1,798987172,0,84,0,0,799.37,384,[84 -64 4 0 0 0 0 0 0 0 0 0 -1 7 -1 7 -2 9 -2 8 -3 8 -4 7 -4 8 -4 7 -4 8 -5 7 -5 7 -6 6 -6 6 -6 7 -5 5 -5 6 -5 5 -5 6 -4 4 -5 5 -5 6 -5 4 -4 4 -4 5 -5 4 -4 4 0 0 -4 3 -3 5 -2 4 -2 4 -2 2 -2 4 -2 3 -1 4 0 4 -1 3 -1 4 0 4 0 4 1 4 2 4 2 4 3 5 3 4 3 5 4 5 4 5 4 5 5 6 6 6 6 6 6 6 0 0 0 0 0 0 0 0 0 0 ]
2914,1782800142.075847,5.7485,-71,CSI_DATA,AP,98:F4:AB:29:67:94,-71,11,1,2,1,1,1,0,0,0,0,-96,0,6,1,799076465,0,84,0,0,799.459,384,[84 -64 4 0 0 0 0 0 0 0 0 0 -5 7 -5 6 -6 6 -6 5 -6 5 -8 5 -8 5 -7 4 -8 4 -8 3 -8 3 -8 3 -7 2 -8 3 -7 2 -8 3 -8 2 -7 2 -6 2 -6 2 -7 2 -6 2 -6 2 -6 2 -6 2 -5 2 0 0 -5 2 -5 3 -4 3 -4 2 -4 2 -4 3 -3 3 -3 2 -3 3 -3 4 -2 4 -2 4 -1 4 -1 4 -1 5 0 5 0 6 0 5 1 6 1 6 1 6 1 6 1 7 2 7 2 7 3 8 0 0 0 0 0 0 0 0 0 0 ]
2915,1782800142.313308,5.9319,-71,CSI_DATA,AP,98:F4:AB:29:67:94,-71,11,1,4,1,1,1,0,0,0,0,-96,0,6,1,799161924,0,84,0,0,799.544,384,[84 -64 4 0 0 0 0 0 0 0 0 0 8 0 8 0 9 1 9 1 10 0 9 2 9 3 8 3 8 4 8 4 7 5 7 5 7 6 7 5 7 4 7 4 6 4 6 5 6 4 6 4 6 4 5 4 5 4 5 4 5 3 5 3 0 0 5 3 5 2 5 2 5 1 5 1 5 1 5 1 4 0 5 0 5 0 5 0 6 -1 6 -1 5 -1 6 -2 6 -2 6 -3 7 -3 7 -3 7 -3 7 -3 8 -4 8 -5 8 -6 7 -6 8 -6 0 0 0 0 0 0 0 0 0 0 ]
2916,1782800142.565443,6.2599,-72,CSI_DATA,AP,98:F4:AB:29:67:94,-72,11,1,4,1,1,1,0,0,0,0,-96,0,6,1,799259795,0,84,0,0,799.642,384,[84 -64 4 0 0 0 0 0 0 0 0 0 -5 6 -5 6 -6 7 -6 6 -6 7 -6 6 -7 5 -6 5 -7 5 -8 5 -8 4 -8 3 -8 4 -7 3 -7 3 -8 3 -7 3 -7 3 -6 2 -7 3 -7 2 -7 2 -6 2 -6 2 -6 2 -5 3 0 0 -6 3 -5 3 -5 3 -4 3 -4 3 -4 4 -4 3 -4 3 -3 4 -3 4 -2 4 -3 4 -2 4 -2 5 -1 5 -1 6 -2 6 -1 6 -1 6 0 6 -1 8 0 7 0 8 0 8 0 8 0 8 0 0 0 0 0 0 0 0 0 0 ]
2917,1782800142.815283,7.0422,-71,CSI_DATA,AP,98:F4:AB:29:67:94,-71,11,1,4,1,1,1,0,0,0,0,-96,0,6,1,799360521,0,84,0,0,799.743,384,[84 -64 4 0 0 0 0 0 0 0 0 0 -4 -8 -4 -9 -4 -10 -4 -9 -3 -10 -3 -9 -2 -9 -2 -10 -1 -10 0 -11 -1 -10 0 -10 0 -10 0 -9 0 -9 1 -9 0 -10 0 -9 1 -8 1 -8 1 -8 1 -8 0 -7 1 -7 0 -7 0 -7 0 0 -1 -7 0 -7 -1 -7 -2 -7 -1 -6 -2 -6 -2 -7 -3 -6 -4 -6 -4 -6 -4 -5 -4 -6 -4 -6 -5 -5 -6 -6 -6 -6 -6 -7 -7 -6 -7 -6 -8 -6 -8 -6 -8 -6 -8 -6 -9 -6 -10 -6 -10 -6 0 0 0 0 0 0 0 0 0 0 ]
2918,1782800143.061839,6.8339,-71,CSI_DATA,AP,98:F4:AB:29:67:94,-71,11,1,4,1,1,1,0,0,0,0,-96,0,6,1,799441214,0,84,0,0,799.824,384,[84 -64 4 0 0 0 0 0 0 0 0 0 8 -4 7 -3 9 -2 9 -2 9 -1 9 -1 8 0 9 1 9 1 9 2 8 2 7 2 8 3 8 2 7 2 8 2 7 2 7 2 6 2 7 2 6 3 7 2 6 2 6 2 6 1 6 1 0 0 6 1 6 1 6 0 5 0 5 0 5 0 6 -1 5 -1 5 -1 6 -3 5 -2 6 -2 6 -3 6 -4 6 -4 6 -5 6 -6 6 -5 7 -5 7 -6 7 -6 8 -6 8 -7 8 -8 8 -8 8 -8 0 0 0 0 0 0 0 0 0 0 ]
2919,1782800143.360620,6.3636,-72,CSI_DATA,AP,98:F4:AB:29:67:94,-72,11,1,4,1,1,1,0,0,0,0,-96,0,6,1,799524521,0,84,0,0,799.907,384,[84 -64 4 0 0 0 0 0 0 0 0 0 -8 1 -7 0 -8 1 -8 0 -8 -1 -8 -1 -7 -2 -9 -2 -8 -3 -8 -2 -8 -2 -7 -3 -8 -2 -8 -4 -7 -4 -7 -3 -7 -3 -6 -4 -3 -2 -6 -3 -6 -4 -6 -4 -5 -3 -6 -3 -5 -3 -6 -2 0 0 -5 -2 -6 -2 -5 -1 -6 -2 -6 -2 -6 -1 -6 -1 -6 0 -6 0 -6 0 -6 0 -7 1 -6 1 -7 1 -8 1 -8 2 -8 2 -9 2 -9 2 -10 2 -9 2 -11 3 -10 3 -11 3 -11 4 -12 4 0 0 0 0 0 0 0 0 0 0 ]
2920,1782800143.680144,5.4323,-72,CSI_DATA,AP,98:F4:AB:29:67:94,-72,11,1,2,1,1,1,0,0,0,0,-96,0,6,1,799615379,0,84,0,0,799.998,384,[84 -64 4 0 0 0 0 0 0 0 0 0 -5 -1 -5 -1 -5 -2 -6 -2 -5 -3 -5 -3 -5 -3 -5 -4 -5 -4 -4 -4 -5 -4 -4 -5 -4 -5 -4 -4 -4 -5 -4 -5 -4 -4 -3 -4 -3 -4 -3 -4 -3 -4 -3 -4 -3 -4 -3 -3 -3 -4 -3 -3 0 0 -3 -3 -4 -3 -4 -2 -4 -2 -4 -2 -4 -3 -5 -2 -5 -2 -5 -2 -5 -2 -5 -1 -6 -1 -7 -1 -7 -1 -7 -1 -7 -1 -8 0 -7 -1 -8 -1 -8 0 -8 -1 -10 -1 -10 -1 -10 0 -11 -1 -11 -1 0 0 0 0 0 0 0 0 0 0 ]
2921,1782800143.985955,5.3389,-68,CSI_DATA,AP,98:F4:AB:29:67:94,-68,11,0,0,0,0,0,0,0,0,0,-96,0,6,1,799705672,0,84,0,0,800.088,128,[84 -64 4 0 0 0 0 0 0 0 0 0 -16 12 -14 10 -18 11 -16 9 -18 8 -17 6 -19 7 -19 5 -20 6 -21 2 -21 1 -20 1 -19 0 -20 0 -17 0 -21 1 -18 1 -20 1 -15 -1 -16 -1 -15 -1 -15 0 -15 2 -14 -1 -16 2 -14 0 0 0 -13 4 -17 6 -12 5 -17 9 -11 6 -14 8 -14 9 -13 9 -14 12 -15 11 -14 12 -14 13 -12 15 -13 13 -16 19 -14 18 -17 23 -15 18 -17 21 -16 24 -18 23 -16 27 -20 27 -20 26 -22 32 -20 30 0 0 0 0 0 0 0 0 0 0 ]
2922,1782800144.263760,5.6855,-66,CSI_DATA,AP,98:F4:AB:29:67:94,-66,11,0,0,0,0,0,0,0,0,0,-96,0,6,1,799810463,0,84,0,0,800.193,128,[84 -64 4 0 0 0 0 0 0 0 0 0 9 -18 12 -16 13 -19 12 -18 14 -16 14 -14 17 -14 17 -13 18 -13 18 -10 19 -11 19 -12 20 -9 18 -8 16 -8 20 -10 19 -8 17 -8 16 -7 16 -7 17 -6 16 -7 16 -7 14 -7 16 -8 15 -7 0 0 14 -8 17 -10 15 -11 16 -13 14 -10 14 -11 13 -12 14 -12 13 -16 14 -13 14 -17 13 -14 12 -18 14 -17 15 -21 15 -23 16 -24 15 -23 16 -23 16 -25 18 -26 16 -27 20 -28 20 -29 17 -30 20 -32 0 0 0 0 0 0 0 0 0 0 ]
2923,1782800144.532800,5.6227,-71,CSI_DATA,AP,98:F4:AB:29:67:94,-71,11,1,4,1,1,1,0,0,0,0,-96,0,6,1,799881118,0,84,0,0,800.264,384,[84 -64 4 0 0 0 0 0 0 0 0 0 4 -5 4 -6 4 -4 4 -4 5 -4 4 -3 4 -3 5 -3 5 -2 6 -3 5 -2 5 -2 5 -3 5 -2 5 -2 6 -2 6 -1 5 -1 5 -1 5 -1 5 -1 5 -1 4 -1 5 -1 5 -2 4 -2 0 0 5 -2 5 -1 4 -1 4 -2 4 -2 4 -2 5 -2 5 -3 5 -2 4 -3 5 -3 5 -4 5 -3 5 -4 5 -4 5 -5 6 -5 5 -4 5 -6 5 -6 6 -6 7 -5 7 -6 7 -6 7 -6 7 -6 0 0 0 0 0 0 0 0 0 0 ]
2924,1782800144.773580,5.6832,-71,CSI_DATA,AP,98:F4:AB:29:67:94,-71,11,1,4,1,1,1,0,0,0,0,-96,0,6,1,799974200,0,84,0,0,800.357,384,[84 -64 4 0 0 0 0 0 0 0 0 0 3 -7 3 -6 4 -7 4 -6 4 -6 5 -5 6 -6 6 -5 4 -4 6 -4 6 -4 6 -4 6 -4 6 -4 6 -3 5 -4 6 -4 5 -4 5 -4 6 -3 6 -3 5 -3 5 -3 5 -3 5 -3 5 -3 0 0 5 -3 5 -4 5 -3 5 -4 5 -4 5 -4 5 -5 5 -5 4 -5 5 -5 4 -6 4 -5 4 -6 4 -6 4 -7 3 -7 5 -7 5 -8 5 -9 4 -9 4 -9 5 -9 5 -9 5 -10 6 -10 6 -11 0 0 0 0 0 0 0 0 0 0 ]
2925,1782800145.034702,5.8929,-71,CSI_DATA,AP,98:F4:AB:29:67:94,-71,11,1,4,1,1,1,0,0,0,0,-96,0,6,1,800062997,0,84,0,0,800.445,384,[84 -64 4 0 0 0 0 0 0 0 0 0 -5 -5 -4 -5 -5 -6 -3 -5 -4 -6 -4 -6 -4 -6 -3 -6 -3 -7 -3 -8 -3 -7 -2 -8 -2 -7 -2 -7 -2 -6 -1 -7 -2 -6 -1 -7 -1 -6 -1 -7 -1 -7 -1 -6 -1 -6 -1 -7 -1 -6 -2 -6 0 0 -1 -6 -2 -6 -2 -6 -2 -6 -2 -5 -2 -6 -2 -6 -2 -7 -3 -6 -3 -6 -4 -6 -3 -7 -3 -7 -4 -6 -5 -7 -5 -6 -5 -8 -5 -8 -5 -8 -5 -8 -5 -8 -6 -8 -6 -9 -6 -9 -6 -10 -7 -9 0 0 0 0 0 0 0 0 0 0 ]
2926,1782800145.327362,6.3024,-70,CSI_DATA,AP,98:F4:AB:29:67:94,-70,11,1,2,1,1,1,0,0,0,0,-96,0,6,1,800155675,0,84,0,0,800.538,384,[84 -64 4 0 0 0 0 0 0 0 0 0 -4 5 -3 5 -5 5 -5 4 -5 4 -6 4 -7 4 -6 4 -6 3 -8 3 -7 2 -6 2 -7 3 -7 2 -7 2 -7 2 -5 3 -6 1 -6 1 -7 1 -6 1 -6 1 -6 1 -6 1 -6 2 -6 2 0 0 -6 2 -6 3 -6 2 -6 3 -5 2 -5 3 -6 3 -5 3 -4 4 -4 4 -5 4 -5 5 -5 5 -5 5 -5 5 -4 6 -5 7 -5 6 -5 7 -5 7 -6 7 -6 8 -6 8 -6 9 -6 8 -6 10 0 0 0 0 0 0 0 0 0 0 ]
2927,1782800145.629010,5.7655,-72,CSI_DATA,AP,98:F4:AB:29:67:94,-72,11,1,4,1,1,1,0,0,0,0,-96,0,6,1,800242723,0,84,0,0,800.625,384,[84 -64 4 0 0 0 0 0 0 0 0 0 6 -1 6 0 6 1 5 1 6 1 6 1 6 2 5 3 6 2 5 3 5 3 4 4 5 4 4 3 4 4 5 4 5 4 5 3 3 3 4 3 3 3 4 3 4 4 4 3 4 3 4 2 0 0 4 2 5 2 4 2 4 2 4 2 5 2 5 3 4 2 5 1 5 1 5 1 5 1 6 0 6 1 6 0 6 0 8 0 7 -1 8 0 8 0 8 0 8 -1 10 -1 10 -1 10 -1 10 -2 0 0 0 0 0 0 0 0 0 0 ]
2928,1782800145.908607,5.8260,-71,CSI_DATA,AP,98:F4:AB:29:67:94,-71,11,1,4,1,1,1,0,0,0,0,-96,0,6,1,800334002,0,84,0,0,800.716,384,[84 -64 4 0 0 0 0 0 0 0 0 0 6 -3 6 -2 7 -2 7 -2 8 -1 7 0 7 0 7 1 7 0 7 1 7 2 7 2 7 2 7 2 6 2 7 2 6 2 6 2 5 2 6 2 6 2 5 1 5 2 6 0 6 1 6 1 0 0 6 1 6 0 6 0 6 0 6 -1 6 -1 6 -2 6 -1 6 -1 6 -2 6 -2 6 -2 7 -3 6 -3 7 -4 7 -4 8 -4 8 -4 8 -5 8 -4 9 -5 9 -6 9 -6 9 -7 9 -7 10 -7 0 0 0 0 0 0 0 0 0 0 ]
2929,1782800146.208437,5.9012,-72,CSI_DATA,AP,98:F4:AB:29:67:94,-72,11,1,4,1,1,1,0,0,0,0,-96,0,6,1,800423182,0,84,0,0,800.806,384,[84 -64 4 0 0 0 0 0 0 0 0 0 -6 -6 -4 -6 -5 -6 -5 -5 -4 -7 -3 -7 -3 -7 -3 -8 -3 -7 -2 -7 -2 -8 -1 -8 -2 -7 -2 -7 -2 -7 -1 -8 -1 -7 -2 -8 -1 -6 -1 -6 -1 -6 -1 -6 -1 -7 -1 -7 -1 -6 -2 -6 0 0 -3 -6 -2 -6 -2 -6 -4 -6 -3 -5 -3 -6 -3 -5 -3 -6 -4 -5 -4 -6 -5 -6 -4 -6 -5 -5 -5 -5 -6 -6 -6 -6 -7 -6 -6 -6 -7 -6 -8 -6 -7 -6 -9 -6 -8 -7 -9 -7 -9 -7 -10 -7 0 0 0 0 0 0 0 0 0 0 ]
2930,1782800146.485373,5.7981,-71,CSI_DATA,AP,98:F4:AB:29:67:94,-71,11,1,4,1,1,1,0,0,0,0,-96,0,6,1,800512552,0,84,0,0,800.895,384,[84 -64 4 0 0 0 0 0 0 0 0 0 3 -7 3 -6 4 -6 4 -6 5 -6 5 -5 6 -5 6 -5 6 -4 6 -4 6 -4 6 -3 6 -3 6 -4 6 -3 6 -3 6 -3 6 -3 6 -2 6 -2 5 -2 5 -3 5 -2 5 -3 5 -3 5 -3 0 0 5 -3 5 -4 4 -4 4 -4 4 -4 4 -5 5 -4 4 -5 4 -5 4 -6 4 -6 4 -6 4 -7 3 -7 4 -7 3 -8 4 -9 4 -8 4 -9 3 -9 4 -9 5 -10 4 -11 3 -11 4 -11 4 -12 0 0 0 0 0 0 0 0 0 0 ]
2931,1782800146.725028,5.4928,-72,CSI_DATA,AP,98:F4:AB:29:67:94,-72,11,1,4,1,1,1,0,0,0,0,-96,0,6,1,800603331,0,84,0,0,800.986,384,[84 -64 4 0 0 0 0 0 0 0 0 0 7 3 6 3 5 5 5 4 6 5 5 5 5 6 4 6 5 6 3 7 4 7 3 7 3 7 3 6 2 6 4 7 2 6 2 7 2 6 2 5 2 6 1 5 2 6 1 5 1 5 2 5 0 0 2 5 3 5 3 4 2 4 3 4 3 4 3 4 3 4 4 3 5 4 5 3 4 3 5 3 5 2 6 3 6 2 7 3 7 3 8 2 7 2 8 2 9 3 9 3 9 2 9 3 10 3 0 0 0 0 0 0 0 0 0 0 ]
2932,1782800146.986350,5.7588,-66,CSI_DATA,AP,98:F4:AB:29:67:94,-66,11,0,0,0,0,0,0,0,0,0,-96,0,6,1,800700527,0,84,0,0,801.083,128,[84 -64 4 0 0 0 0 0 0 0 0 0 -18 16 -18 15 -20 16 -21 15 -22 13 -22 9 -22 9 -23 7 -24 8 -24 6 -25 5 -24 6 -24 4 -24 4 -21 3 -25 2 -22 2 -21 2 -19 2 -19 0 -18 0 -21 -1 -18 1 -18 0 -18 2 -17 1 0 0 -16 4 -18 4 -17 5 -15 6 -14 5 -15 6 -15 8 -13 7 -15 10 -13 9 -15 11 -12 11 -12 14 -13 13 -15 16 -15 17 -16 19 -13 16 -17 19 -12 20 -15 21 -15 21 -15 23 -16 26 -14 28 -15 27 0 0 0 0 0 0 0 0 0 0 ]
2933,1782800147.235000,5.8615,-68,CSI_DATA,AP,98:F4:AB:29:67:94,-68,11,0,0,0,0,0,0,0,0,0,-96,0,6,1,800789544,0,84,0,0,801.172,128,[84 -64 4 0 0 0 0 0 0 0 0 0 3 23 0 20 0 23 -1 21 -3 24 -4 19 -4 22 -7 20 -6 20 -9 19 -9 20 -10 19 -11 17 -10 17 -8 15 -8 19 -8 15 -8 16 -8 13 -8 14 -8 13 -5 14 -6 13 -6 12 -6 12 -6 11 0 0 -1 12 -2 15 0 14 3 14 2 11 2 13 4 13 4 12 6 12 5 14 8 15 8 13 11 14 10 14 15 17 16 16 17 20 15 16 17 18 19 17 20 19 23 18 24 21 24 23 25 22 26 22 0 0 0 0 0 0 0 0 0 0 ]
