packet_idx,epoch_s,sub30_amplitude,rssi_dbm,raw_line
2,1783414471.591732,22.2036,-72,CSI_DATA,AP,98:F4:AB:29:67:94,-72,11,0,0,0,0,0,0,0,0,0,-96,0,6,1,30516551,0,28,0,0,30.8988,128,[28 -64 1 0 0 0 0 0 0 0 0 0 24 26 23 22 25 25 22 19 24 22 19 19 22 19 20 18 23 18 22 21 23 20 21 19 21 20 22 17 18 14 24 16 22 14 21 15 18 12 19 13 17 14 19 12 16 13 17 13 18 13 15 14 0 0 16 12 16 11 15 11 15 10 13 8 14 10 12 9 11 9 11 8 10 11 10 10 9 10 9 9 8 10 9 12 6 11 8 12 7 11 5 12 6 13 4 13 5 12 4 15 4 16 4 16 4 18 0 0 0 0 0 0 0 0 0 0 ]
3,1783414471.624026,18.0278,-72,CSI_DATA,AP,98:F4:AB:29:67:94,-72,11,0,0,0,0,0,0,0,0,0,-96,0,6,1,30519631,0,157,0,0,30.9288,128,[-99 -48 9 0 0 0 0 0 0 0 0 0 15 30 14 27 19 30 15 27 17 27 13 23 18 24 14 23 18 24 15 26 14 25 16 22 15 24 15 21 15 20 19 22 15 19 17 18 14 17 17 18 14 19 13 16 13 18 12 19 10 15 10 15 0 0 10 15 12 16 10 14 11 14 7 11 9 12 8 15 9 12 13 8 6 16 4 16 4 12 6 13 5 10 7 13 6 13 2 13 3 12 1 14 3 13 0 14 2 15 -2 16 -2 17 -2 18 -1 18 0 0 0 0 0 0 0 0 0 0 ]
4,1783414471.671235,22.6716,-72,CSI_DATA,AP,98:F4:AB:29:67:94,-72,11,0,0,0,0,0,0,0,0,0,-96,0,6,1,30601318,0,135,0,0,30.9836,128,[-121 112 8 0 0 0 0 0 0 0 0 0 26 -21 25 -19 26 -21 24 -21 22 -20 21 -19 23 -19 21 -18 22 -21 21 -21 21 -21 20 -22 19 -22 18 -21 18 -20 20 -21 18 -21 17 -19 14 -17 18 -18 16 -14 15 -16 14 -15 15 -17 15 -17 16 -15 0 0 14 -14 15 -14 13 -14 12 -14 11 -12 12 -12 12 -12 10 -10 11 -10 13 -9 12 -10 10 -9 12 -9 11 -7 13 -6 11 -5 13 -6 13 -4 14 -3 14 -2 14 -3 15 -5 16 -3 16 -2 17 -1 17 -2 0 0 0 0 0 0 0 0 0 0 ]
5,1783414472.171241,6.0000,-72,CSI_DATA,AP,98:F4:AB:29:67:94,-72,11,0,0,0,0,0,0,0,0,0,-96,0,6,1,31107922,0,390,0,0,31.4906,128,[-122 -31 23 0 0 0 0 0 0 0 0 0 1 -8 2 -8 2 -10 1 -10 2 -9 2 -7 1 -7 2 -8 1 -7 1 -9 1 -8 1 -8 1 -8 1 -7 1 -7 0 -8 -1 -6 1 -7 0 -7 2 -6 0 -6 0 -6 -1 -6 0 -6 0 -6 0 -5 0 0 0 -6 0 -5 0 -4 -1 -6 -1 -5 0 -5 -2 -5 0 -6 0 -4 -1 -5 0 -5 0 -4 -1 -3 0 -3 0 -5 0 -4 1 -4 1 -4 0 -4 1 -4 1 -4 0 -4 2 -4 2 -4 2 -4 2 -4 0 0 0 0 0 0 0 0 0 0 ]
6,1783414472.233747,15.2971,-76,CSI_DATA,AP,98:F4:AB:29:67:94,-76,11,1,3,1,1,1,0,0,0,0,-96,0,6,1,31161506,0,390,0,0,31.5435,384,[-122 -31 23 0 0 0 0 0 0 0 0 0 -3 -24 -2 -22 -3 -24 -3 -23 -4 -23 -2 -20 -4 -22 -2 -22 -4 -21 -3 -20 -3 -21 -6 -21 -3 -22 -4 -21 -2 -19 -5 -21 -4 -18 -4 -18 -3 -19 -2 -17 -2 -16 -5 -16 -4 -16 -2 -15 -3 -15 -3 -15 0 0 -3 -14 -4 -14 -3 -12 -1 -12 -2 -12 -2 -11 -3 -11 -3 -10 -2 -11 -3 -12 -3 -11 -1 -9 0 -10 -1 -10 0 -11 -1 -10 1 -11 0 -9 0 -10 2 -9 2 -9 1 -9 4 -10 4 -10 3 -10 4 -12 0 0 0 0 0 0 0 0 0 0 ]
7,1783414472.280966,15.8114,-77,CSI_DATA,AP,98:F4:AB:29:67:94,-77,11,1,3,1,1,1,0,0,0,0,-96,0,6,1,31211543,0,82,0,0,31.5934,384,[82 -96 4 0 0 0 0 0 0 0 0 0 -22 -6 -19 -5 -20 -5 -20 -5 -23 -4 -19 -4 -17 -7 -20 -3 -19 -5 -20 -3 -20 -6 -19 -3 -20 -4 -19 -6 -19 -5 -18 -5 -18 -4 -20 -6 -16 -5 -15 -4 -16 -4 -16 -5 -16 -4 -16 -4 -15 -5 -15 -2 0 0 -13 -3 -13 -2 -11 -3 -12 -3 -8 -1 -11 -3 -10 -1 -9 -2 -9 -2 -10 -4 -9 -2 -9 -2 -9 -2 -7 -2 -9 -3 -9 -4 -7 -4 -7 -4 -8 -6 -7 -4 -10 -5 -8 -5 -8 -4 -7 -5 -7 -7 -7 -7 0 0 0 0 0 0 0 0 0 0 ]
8,1783414472.342975,21.0950,-72,CSI_DATA,AP,98:F4:AB:29:67:94,-72,11,0,0,0,0,0,0,0,0,0,-96,0,6,1,31271964,0,82,0,0,31.6541,128,[82 -96 4 0 0 0 0 0 0 0 0 0 -1 -35 0 -33 -2 -35 -2 -32 -2 -35 -1 -30 -3 -32 -1 -29 -3 -31 0 -32 -3 -31 -1 -32 -1 -30 -1 -31 -3 -26 -5 -31 -4 -28 -4 -26 -3 -22 -3 -24 -3 -23 -2 -23 -2 -21 -1 -21 -2 -21 -1 -19 0 0 -3 -18 -3 -17 -3 -16 -5 -17 -4 -14 -3 -15 -3 -13 -3 -12 -4 -12 -2 -13 -3 -13 -1 -10 -2 -11 -1 -11 -1 -12 -1 -10 2 -11 0 -11 2 -10 1 -11 3 -11 3 -10 6 -10 7 -9 5 -10 7 -12 0 0 0 0 0 0 0 0 0 0 ]
9,1783414472.686068,20.0000,-71,CSI_DATA,AP,98:F4:AB:29:67:94,-71,11,0,0,0,0,0,0,0,0,0,-96,0,6,1,31612522,0,82,0,0,31.9946,128,[82 -96 4 0 0 0 0 0 0 0 0 0 5 -34 5 -31 5 -33 5 -31 4 -32 3 -27 4 -29 4 -27 4 -28 3 -28 2 -28 1 -27 3 -28 1 -28 1 -23 1 -27 1 -23 1 -24 1 -21 2 -22 2 -21 1 -21 1 -19 0 -20 0 -20 1 -19 0 0 0 -19 0 -18 0 -16 0 -17 1 -14 -1 -14 -1 -15 0 -13 -1 -14 1 -14 -1 -14 -1 -13 -1 -13 1 -12 1 -14 1 -12 2 -13 2 -11 3 -12 2 -14 5 -12 4 -12 4 -14 5 -13 6 -12 8 -13 0 0 0 0 0 0 0 0 0 0 ]
10,1783414473.183154,14.4222,-77,CSI_DATA,AP,98:F4:AB:29:67:94,-77,11,1,3,1,1,1,0,0,0,0,-96,0,6,1,32115952,0,82,0,0,32.498,384,[82 -96 4 0 0 0 0 0 0 0 0 0 23 -13 20 -11 22 -14 19 -14 20 -13 20 -12 19 -11 19 -10 17 -11 18 -11 17 -12 18 -10 17 -11 18 -13 16 -10 18 -11 16 -10 15 -10 14 -11 16 -8 15 -7 12 -9 14 -8 12 -9 12 -8 13 -9 0 0 11 -8 11 -9 9 -7 10 -7 9 -6 9 -7 9 -6 8 -6 7 -7 6 -7 7 -7 6 -4 6 -5 5 -4 8 -5 6 -6 7 -6 8 -5 6 -4 6 -3 6 -5 7 -3 7 -3 6 -2 6 -2 5 1 0 0 0 0 0 0 0 0 0 0 ]
11,1783414473.356395,15.3599,-77,CSI_DATA,AP,98:F4:AB:29:67:94,-77,11,1,3,1,1,1,0,0,0,0,-96,0,6,1,32279258,0,82,0,0,32.6612,384,[82 -96 4 0 0 0 0 0 0 0 0 0 2 -25 4 -21 5 -22 3 -21 4 -23 3 -19 4 -20 3 -19 1 -19 2 -20 1 -19 1 -19 1 -18 1 -19 -1 -15 -1 -18 -1 -14 0 -17 -1 -16 -1 -15 0 -13 -1 -14 -1 -14 0 -13 -1 -12 -2 -12 0 0 -3 -12 -2 -12 -1 -12 -5 -11 -3 -11 -1 -11 -2 -9 -4 -10 -3 -9 -4 -10 -2 -8 -3 -10 -2 -10 -2 -10 -2 -9 -2 -9 -2 -11 -2 -10 0 -8 0 -10 0 -10 -2 -12 0 -11 0 -11 -1 -12 2 -12 0 0 0 0 0 0 0 0 0 0 ]
12,1783414473.560055,15.7061,-76,CSI_DATA,AP,98:F4:AB:29:67:94,-76,11,1,3,1,1,1,0,0,0,0,-96,0,6,1,32485223,0,82,0,0,32.8672,384,[82 -96 4 0 0 0 0 0 0 0 0 0 15 -21 14 -19 13 -22 15 -22 14 -19 12 -16 14 -18 12 -17 12 -16 13 -16 10 -17 12 -17 12 -15 10 -17 10 -16 12 -18 8 -15 10 -15 9 -14 9 -15 8 -14 8 -14 9 -12 7 -12 7 -14 7 -13 0 0 5 -12 5 -12 7 -11 5 -11 4 -9 4 -11 4 -10 4 -10 4 -9 3 -9 3 -11 3 -9 4 -10 2 -8 5 -8 3 -7 5 -8 4 -7 5 -5 4 -7 7 -7 6 -5 4 -6 7 -7 6 -7 8 -6 0 0 0 0 0 0 0 0 0 0 ]
13,1783414473.592363,17.4613,-73,CSI_DATA,AP,98:F4:AB:29:67:94,-73,11,0,0,0,0,0,0,0,0,0,-96,0,6,1,32525256,0,37,0,0,32.9073,128,[37 80 2 0 0 0 0 0 0 0 0 0 39 0 38 1 39 0 37 0 36 1 32 1 32 2 29 3 30 1 28 0 27 -1 29 -1 29 -2 26 -1 24 -1 27 -3 23 -3 22 -2 21 -2 22 -1 20 -2 20 -3 18 -2 17 -3 19 -4 17 -4 0 0 17 -4 17 -4 15 -4 15 -5 13 -4 14 -2 14 -1 11 -2 11 -3 10 -2 13 -1 10 -1 10 0 10 -1 11 1 9 3 9 2 9 3 7 3 8 4 8 6 9 5 11 5 10 7 10 7 10 8 0 0 0 0 0 0 0 0 0 0 ]
14,1783414473.639783,19.4266,-72,CSI_DATA,AP,98:F4:AB:29:67:94,-72,11,0,0,0,0,0,0,0,0,0,-96,0,6,1,32559918,0,37,0,0,32.9418,128,[37 80 2 0 0 0 0 0 0 0 0 0 -29 23 -26 21 -30 22 -27 21 -26 20 -23 20 -24 17 -23 16 -23 19 -21 18 -23 17 -20 18 -21 20 -20 19 -17 16 -21 19 -19 18 -16 16 -17 15 -17 15 -16 15 -15 15 -15 15 -14 15 -14 15 -15 14 0 0 -13 13 -12 14 -12 12 -11 13 -10 12 -10 11 -10 10 -10 10 -9 10 -11 9 -10 8 -10 8 -10 9 -11 8 -11 9 -11 7 -11 8 -9 6 -11 6 -12 5 -13 5 -12 5 -13 4 -14 5 -15 3 -15 4 0 0 0 0 0 0 0 0 0 0 ]
15,1783414473.688762,14.0754,-78,CSI_DATA,AP,98:F4:AB:29:67:94,-78,11,1,3,1,1,1,0,0,0,0,-96,0,6,1,32565348,0,84,0,0,32.981,384,[84 -64 4 0 0 0 0 0 0 0 0 0 -17 13 -16 11 -18 12 -17 12 -17 10 -16 10 -14 9 -15 11 -13 11 -15 10 -15 10 -13 9 -13 10 -13 11 -12 10 -13 10 -11 9 -11 9 -10 7 -11 8 -10 8 -10 7 -10 8 -10 6 -9 8 -9 8 0 0 -10 8 -9 7 -7 6 -6 8 -7 5 -6 6 -6 7 -6 5 -7 4 -6 6 -7 4 -6 4 -5 4 -7 5 -6 4 -6 3 -6 4 -7 4 -7 2 -6 3 -7 2 -7 2 -8 2 -8 1 -8 1 -8 1 0 0 0 0 0 0 0 0 0 0 ]
16,1783414473.716431,14.3632,-78,CSI_DATA,AP,98:F4:AB:29:67:94,-78,11,1,3,1,1,1,0,0,0,0,-96,0,6,1,32565607,0,84,0,0,33.0198,384,[84 -64 4 0 0 0 0 0 0 0 0 0 -11 -22 -11 -22 -9 -22 -9 -20 -12 -21 -9 -18 -9 -18 -10 -19 -7 -19 -9 -19 -11 -17 -9 -19 -9 -18 -9 -16 -10 -14 -11 -16 -9 -13 -10 -14 -9 -14 -9 -13 -8 -12 -9 -12 -8 -13 -6 -12 -9 -11 -8 -11 0 0 -8 -10 -7 -11 -6 -9 -8 -9 -7 -9 -6 -11 -5 -9 -5 -9 -6 -8 -8 -7 -7 -8 -3 -8 -4 -6 -4 -8 -5 -8 -4 -7 -3 -9 -2 -6 -2 -7 -3 -7 -2 -7 -1 -9 -2 -9 -1 -9 0 -10 -2 -11 0 0 0 0 0 0 0 0 0 0 ]
17,1783414473.762868,13.6609,-78,CSI_DATA,AP,98:F4:AB:29:67:94,-78,11,1,3,1,1,1,0,0,0,0,-96,0,6,1,32581828,0,84,0,0,33.0632,384,[84 -64 4 0 0 0 0 0 0 0 0 0 -5 -22 -6 -20 -8 -22 -5 -19 -7 -21 -6 -19 -6 -19 -6 -17 -6 -16 -7 -19 -5 -17 -5 -19 -6 -18 -5 -16 -3 -15 -6 -16 -6 -16 -5 -17 -3 -14 -6 -12 -3 -14 -3 -13 -4 -13 -4 -13 -3 -13 -3 -12 0 0 -3 -13 -4 -12 -5 -10 -4 -9 -3 -10 -3 -11 -1 -10 -2 -9 -2 -9 -2 -11 -3 -10 0 -8 -3 -9 -1 -8 0 -9 -2 -7 0 -8 1 -6 1 -8 2 -7 1 -7 0 -9 5 -9 1 -8 2 -7 3 -9 0 0 0 0 0 0 0 0 0 0 ]
18,1783414473.796320,13.7937,-78,CSI_DATA,AP,98:F4:AB:29:67:94,-78,11,1,3,1,1,1,0,0,0,0,-96,0,6,1,32677754,0,84,0,0,33.1052,384,[84 -64 4 0 0 0 0 0 0 0 0 0 15 22 17 20 15 24 13 19 16 20 15 19 12 20 12 18 13 18 12 17 13 19 11 17 12 17 13 16 13 17 12 16 13 15 12 13 12 15 10 12 8 12 10 14 8 10 7 12 8 11 10 10 0 0 8 9 7 9 6 7 8 9 4 8 4 6 6 7 5 7 6 5 6 5 5 5 6 6 5 5 3 6 5 8 4 6 5 5 1 6 4 5 1 8 1 6 3 6 1 9 1 8 0 10 1 8 0 0 0 0 0 0 0 0 0 0 ]
19,1783414473.856535,12.3804,-78,CSI_DATA,AP,98:F4:AB:29:67:94,-78,11,1,3,1,1,1,0,0,0,0,-96,0,6,1,32784004,0,84,0,0,33.1662,384,[84 -64 4 0 0 0 0 0 0 0 0 0 6 -26 8 -25 7 -26 10 -23 8 -23 6 -21 8 -19 7 -23 5 -18 6 -21 7 -18 5 -19 7 -20 4 -17 4 -17 5 -18 2 -13 4 -13 3 -14 4 -13 2 -13 2 -13 1 -14 1 -12 3 -12 1 -11 0 0 1 -10 2 -11 1 -6 0 -10 -2 -10 1 -9 0 -7 -1 -7 0 -8 -2 -7 -2 -6 -1 -6 -1 -5 -1 -6 -2 -7 0 -5 0 -7 -1 -6 0 -6 0 -5 -1 -5 1 -5 0 -6 1 -6 0 -6 1 -6 0 0 0 0 0 0 0 0 0 0 ]
20,1783414473.917842,11.6520,-79,CSI_DATA,AP,98:F4:AB:29:67:94,-79,11,1,3,1,1,1,1,0,0,0,-96,1,6,1,32854183,0,84,0,0,33.2361,384,[84 -64 4 0 0 0 0 0 0 0 0 0 1 -18 2 -19 2 -20 3 -19 2 -18 3 -16 3 -16 2 -15 3 -16 2 -13 2 -13 2 -13 3 -13 3 -13 2 -13 0 -12 1 -10 1 -10 0 -9 1 -8 0 -9 1 -9 1 -8 1 -8 0 -7 -1 -8 0 0 1 -8 -1 -8 1 -7 -2 -6 -1 -6 0 -6 -2 -5 0 -6 -2 -3 -2 -4 -2 -6 -3 -6 -1 -5 -2 -5 4 -9 -7 0 1 -5 0 -5 0 -5 0 -3 0 -5 1 -3 1 -3 2 -4 1 -4 1 -3 0 0 0 0 0 0 0 0 0 0 ]
21,1783414474.026399,11.2090,-79,CSI_DATA,AP,98:F4:AB:29:67:94,-79,11,1,3,1,1,1,1,0,0,0,-96,1,6,1,32952030,0,84,0,0,33.334,384,[84 -64 4 0 0 0 0 0 0 0 0 0 0 -21 1 -19 2 -20 2 -21 0 -20 1 -17 1 -16 -1 -18 0 -17 -1 -17 -1 -17 1 -17 1 -18 1 -17 -1 -14 -2 -17 0 -14 -2 -12 -1 -14 -2 -13 -1 -13 -3 -12 -3 -11 -2 -11 -1 -12 -3 -10 0 0 -4 -10 -4 -10 -2 -8 -2 -8 -1 -7 -3 -7 0 -8 -2 -8 -3 -6 -4 -6 -3 -4 -4 -6 -2 -6 -2 -6 -3 -6 -2 -6 -1 -7 -2 -7 -2 -5 -1 -5 0 -6 0 -6 0 -6 0 -8 2 -6 3 -7 0 0 0 0 0 0 0 0 0 0 ]
22,1783414474.120100,12.4228,-75,CSI_DATA,AP,98:F4:AB:29:67:94,-75,11,1,2,1,1,1,1,0,0,0,-96,1,6,1,33046266,0,84,0,0,33.4283,384,[84 -64 4 0 0 0 0 0 0 0 0 0 -19 13 -19 11 -18 12 -18 12 -18 11 -17 10 -15 11 -15 10 -15 11 -16 10 -16 10 -17 12 -15 11 -15 8 -14 10 -16 11 -12 9 -13 9 -12 8 -10 9 -10 9 -11 10 -11 8 -10 8 -10 8 -9 8 0 0 -7 8 -8 9 -7 7 -8 8 -7 6 -7 7 -5 7 -6 7 -6 7 -6 8 -5 6 -6 6 -5 7 -5 6 -5 7 -5 6 -8 7 -7 5 -7 6 -7 6 -7 5 -8 7 -8 5 -8 6 -10 6 -10 5 0 0 0 0 0 0 0 0 0 0 ]
23,1783414474.198803,13.7208,-78,CSI_DATA,AP,98:F4:AB:29:67:94,-78,11,1,3,1,1,1,1,0,0,0,-96,1,6,1,33129580,0,84,0,0,33.5116,384,[84 -64 4 0 0 0 0 0 0 0 0 0 8 -26 11 -25 10 -26 9 -24 9 -23 10 -21 9 -21 9 -22 6 -21 9 -20 6 -19 9 -21 8 -20 8 -22 8 -16 6 -20 6 -17 5 -17 5 -17 5 -17 4 -16 5 -15 4 -16 4 -15 3 -13 1 -15 0 0 3 -13 3 -13 4 -11 2 -10 0 -10 1 -10 -1 -10 -1 -11 1 -9 -1 -10 0 -10 -1 -9 3 -8 0 -8 2 -9 0 -9 1 -10 1 -7 3 -8 3 -7 4 -10 3 -7 4 -7 5 -6 5 -5 6 -6 0 0 0 0 0 0 0 0 0 0 ]
24,1783414474.292779,12.8862,-79,CSI_DATA,AP,98:F4:AB:29:67:94,-79,11,1,3,1,1,1,1,0,0,0,-96,1,6,1,33218979,0,84,0,0,33.601,384,[84 -64 4 0 0 0 0 0 0 0 0 0 -24 -17 -20 -15 -20 -18 -19 -16 -20 -16 -17 -14 -17 -16 -15 -14 -15 -11 -16 -13 -17 -9 -15 -12 -14 -9 -18 -11 -15 -9 -15 -9 -14 -9 -12 -9 -14 -8 -11 -7 -10 -6 -13 -8 -11 -6 -14 -6 -11 -3 -11 -5 0 0 -11 -4 -10 -5 -10 -3 -9 -4 -7 -5 -8 -4 -9 -4 -9 -3 -7 -2 -7 -3 -7 -3 -7 -3 -8 -3 -6 -3 -5 -3 -8 -4 -7 -6 -4 -7 -6 -8 -6 -7 -7 -7 -6 -6 -5 -7 -5 -8 -4 -8 -5 -7 0 0 0 0 0 0 0 0 0 0 ]
25,1783414474.339799,11.7707,-81,CSI_DATA,AP,98:F4:AB:29:67:94,-81,11,1,3,1,1,1,0,0,0,0,-96,0,6,1,33269258,0,82,0,0,33.6512,384,[82 -96 4 0 0 0 0 0 0 0 0 0 26 8 23 8 24 7 21 7 21 7 19 7 17 8 17 8 16 6 16 5 18 6 15 6 17 4 15 4 13 2 15 5 12 4 12 2 12 2 11 0 9 1 10 0 7 0 7 -1 8 -1 7 0 0 0 8 -1 5 -1 8 -1 5 0 5 1 4 0 3 1 5 2 1 -2 4 -2 4 0 1 1 3 -1 2 0 2 1 2 0 2 2 1 2 1 4 1 1 2 3 -1 5 2 2 1 4 1 4 0 5 0 0 0 0 0 0 0 0 0 0 ]
26,1783414474.370710,13.8753,-74,CSI_DATA,AP,98:F4:AB:29:67:94,-74,11,0,0,0,0,0,0,0,0,0,-96,0,6,1,33272288,0,82,0,0,33.676,128,[82 -96 4 0 0 0 0 0 0 0 0 0 38 26 34 24 40 24 32 24 33 26 24 22 27 22 24 21 24 18 24 19 22 17 22 17 20 16 16 19 8 14 20 20 16 10 17 1 -3 24 15 9 12 10 14 8 12 8 14 8 13 8 13 5 0 0 9 5 11 6 10 4 8 4 7 4 8 2 3 2 6 4 3 5 4 4 3 1 4 3 2 2 1 1 1 4 1 2 -2 4 0 4 -2 3 -4 5 -5 7 -6 7 -5 8 -5 9 -6 7 -8 8 0 0 0 0 0 0 0 0 0 0 ]
27,1783414474.417477,13.4990,-80,CSI_DATA,AP,98:F4:AB:29:67:94,-80,11,1,3,1,1,1,1,0,0,0,-96,1,6,1,33304676,0,84,0,0,33.7126,384,[84 -64 4 0 0 0 0 0 0 0 0 0 -2 -29 -1 -27 -1 -28 0 -23 -3 -26 1 -24 -1 -23 -2 -21 0 -22 2 -22 1 -20 -1 -21 -2 -20 -3 -16 -1 -16 -3 -19 -4 -14 -3 -17 -5 -13 -2 -15 -3 -13 -5 -13 -5 -13 -2 -12 -4 -12 -4 -11 0 0 -5 -10 -5 -8 -4 -7 -5 -8 -4 -9 -2 -6 -3 -6 -5 -7 -3 -6 -3 -8 -3 -5 -3 -6 -2 -5 -2 -3 -3 -7 -1 -7 0 -8 -1 -6 -1 -5 0 -4 0 -6 0 -6 2 -7 2 -7 2 -5 2 -5 0 0 0 0 0 0 0 0 0 0 ]
28,1783414474.463052,12.3068,-79,CSI_DATA,AP,98:F4:AB:29:67:94,-79,11,1,4,1,1,1,1,0,0,0,-96,1,6,1,33391087,0,84,0,0,33.7731,384,[84 -64 4 0 0 0 0 0 0 0 0 0 24 1 20 0 22 1 23 2 21 3 20 1 20 3 19 2 19 1 14 1 19 0 16 1 20 0 15 0 15 1 16 1 14 -2 13 -1 11 -1 12 -1 13 -2 12 -1 11 -1 10 0 11 -1 9 -2 0 0 8 -2 7 -2 6 -1 7 -2 8 -3 7 -1 6 -1 5 -1 5 -3 4 -3 6 -2 4 -1 4 0 4 -2 3 -3 4 0 4 0 5 1 3 1 2 0 2 2 3 2 1 1 5 4 4 2 2 4 0 0 0 0 0 0 0 0 0 0 ]
29,1783414474.573023,13.0025,-78,CSI_DATA,AP,98:F4:AB:29:67:94,-78,11,1,3,1,1,1,1,0,0,0,-96,1,6,1,33489434,0,84,0,0,33.8714,384,[84 -64 4 0 0 0 0 0 0 0 0 0 -24 -15 -20 -15 -24 -14 -23 -16 -20 -13 -18 -14 -17 -14 -19 -13 -19 -10 -19 -14 -16 -11 -17 -12 -17 -12 -16 -10 -15 -11 -18 -11 -17 -11 -15 -10 -13 -8 -13 -8 -13 -7 -12 -7 -12 -7 -12 -8 -12 -7 -12 -6 0 0 -11 -7 -10 -5 -8 -3 -9 -6 -10 -5 -8 -6 -9 -4 -6 -5 -7 -6 -7 -3 -7 -4 -7 -5 -5 -4 -5 -5 -7 -5 -5 -5 -4 -6 -5 -6 -5 -6 -5 -10 -2 -6 -3 -7 -2 -8 -2 -8 -3 -7 -3 -8 0 0 0 0 0 0 0 0 0 0 ]
30,1783414474.651680,13.8215,-77,CSI_DATA,AP,98:F4:AB:29:67:94,-77,11,1,4,1,1,1,1,0,0,0,-96,1,6,1,33575099,0,84,0,0,33.9571,384,[84 -64 4 0 0 0 0 0 0 0 0 0 21 -15 21 -14 21 -16 20 -14 18 -15 18 -14 19 -12 13 -15 19 -14 18 -14 17 -15 17 -14 17 -13 16 -13 13 -11 16 -13 14 -10 15 -9 13 -10 12 -10 10 -10 12 -10 10 -10 12 -9 11 -9 11 -10 0 0 11 -8 9 -7 8 -9 9 -7 6 -6 6 -6 6 -7 6 -7 5 -7 7 -5 5 -6 7 -5 5 -3 4 -5 5 -4 5 -3 7 -6 8 -4 6 -4 6 -3 6 -4 8 -1 8 -2 8 -1 8 -1 8 0 0 0 0 0 0 0 0 0 0 0 ]
31,1783414474.729307,14.9259,-77,CSI_DATA,AP,98:F4:AB:29:67:94,-77,11,1,3,1,1,1,1,0,0,0,-96,1,6,1,33664327,0,84,0,0,34.0463,384,[84 -64 4 0 0 0 0 0 0 0 0 0 -19 20 -17 15 -18 21 -17 16 -17 18 -17 15 -17 18 -17 15 -16 16 -17 16 -17 15 -17 17 -16 16 -16 15 -13 14 -13 16 -9 14 -14 15 -13 14 -11 13 -11 12 -10 11 -10 11 -9 11 -11 11 -7 11 0 0 -6 10 -9 11 -7 8 -6 11 -4 7 -6 7 -4 7 -5 8 -5 5 -5 7 -4 6 -5 7 -3 5 -3 6 -5 6 -3 5 -5 5 -3 4 -6 3 -5 5 -5 2 -5 3 -8 3 -6 2 -7 2 -7 3 0 0 0 0 0 0 0 0 0 0 ]
32,1783414474.872210,14.3758,-76,CSI_DATA,AP,98:F4:AB:29:67:94,-76,11,1,2,1,1,1,1,0,0,0,-96,1,6,1,33757005,0,84,0,0,34.139,384,[84 -64 4 0 0 0 0 0 0 0 0 0 24 7 24 7 23 7 21 7 22 8 18 7 19 8 21 8 20 7 19 7 18 7 18 6 19 6 17 5 15 5 19 5 16 5 18 5 14 3 16 3 16 2 16 2 15 4 12 3 13 2 12 1 0 0 11 2 11 1 10 0 12 1 9 2 9 1 9 1 7 -1 8 -1 9 1 8 0 8 -1 8 -1 7 1 8 1 9 0 8 2 7 3 8 2 7 2 9 3 8 2 8 2 9 2 9 3 8 3 0 0 0 0 0 0 0 0 0 0 ]
33,1783414474.989954,13.9137,-78,CSI_DATA,AP,98:F4:AB:29:67:94,-78,11,1,3,1,1,1,1,0,0,0,-96,1,6,1,33842055,0,84,0,0,34.2241,384,[84 -64 4 0 0 0 0 0 0 0 0 0 -26 -12 -22 -10 -22 -11 -24 -10 -24 -12 -22 -10 -23 -12 -22 -13 -20 -9 -20 -9 -19 -9 -18 -8 -20 -9 -19 -9 -18 -8 -20 -10 -16 -9 -17 -8 -15 -7 -15 -5 -16 -6 -15 -6 -13 -5 -12 -4 -13 -3 -16 -4 0 0 -12 -4 -11 -3 -10 -3 -10 -4 -8 -3 -10 -2 -7 -3 -7 -2 -7 -2 -7 -2 -6 -3 -7 -2 -6 -3 -5 -2 -6 -2 -7 -5 -6 -5 -7 -4 -6 -5 -5 -4 -6 -4 -6 -6 -6 -6 -5 -6 -5 -6 -6 -7 0 0 0 0 0 0 0 0 0 0 ]
34,1783414475.106533,13.1558,-77,CSI_DATA,AP,98:F4:AB:29:67:94,-77,11,1,1,1,1,1,1,0,0,0,-96,1,6,1,33939292,0,84,0,0,34.3213,384,[84 -64 4 0 0 0 0 0 0 0 0 0 -13 23 -10 22 -13 20 -12 20 -13 19 -10 17 -10 18 -9 17 -11 17 -10 16 -10 16 -9 17 -10 16 -8 16 -9 14 -9 15 -7 15 -6 15 -7 14 -7 14 -7 12 -7 12 -5 11 -6 9 -5 12 -4 10 0 0 -3 9 -4 10 -5 8 -3 8 -4 7 -3 6 -4 6 -2 5 -4 6 -1 6 -2 6 -2 6 -2 5 -2 6 -2 5 -3 5 -5 5 -4 4 -4 4 -5 3 -5 4 -6 4 -5 5 -5 4 -7 5 -5 6 0 0 0 0 0 0 0 0 0 0 ]
35,1783414475.221961,12.9886,-78,CSI_DATA,AP,98:F4:AB:29:67:94,-78,11,1,3,1,1,1,1,0,0,0,-96,1,6,1,34022436,0,84,0,0,34.4045,384,[84 -64 4 0 0 0 0 0 0 0 0 0 -23 14 -20 13 -22 12 -20 13 -20 11 -16 10 -18 11 -18 10 -18 10 -18 9 -16 10 -16 11 -15 10 -14 9 -15 10 -16 10 -13 9 -14 9 -13 9 -13 8 -13 8 -10 7 -11 5 -10 8 -11 7 -11 7 0 0 -9 6 -7 6 -7 5 -7 6 -6 5 -8 5 -7 4 -7 5 -6 3 -6 5 -3 5 -6 3 -7 3 -5 3 -6 2 -5 3 -6 0 -5 1 -6 1 -6 -1 -6 -1 -7 1 -8 0 -7 0 -7 -1 -9 0 0 0 0 0 0 0 0 0 0 0 ]
36,1783414475.339924,13.0857,-78,CSI_DATA,AP,98:F4:AB:29:67:94,-78,11,1,3,1,1,1,1,0,0,0,-96,1,6,1,34118569,0,84,0,0,34.5006,384,[84 -64 4 0 0 0 0 0 0 0 0 0 20 12 19 12 22 14 17 10 18 11 15 11 18 13 16 13 16 10 17 13 15 10 16 11 15 10 13 10 12 8 15 8 14 7 13 7 12 5 14 6 12 7 12 4 10 5 10 4 10 4 9 4 0 0 9 3 10 1 8 1 9 2 10 1 9 2 6 2 7 0 7 1 8 1 7 0 6 1 6 1 5 1 6 0 7 3 6 1 6 2 5 3 6 2 5 4 5 4 5 5 5 4 4 4 5 4 0 0 0 0 0 0 0 0 0 0 ]
37,1783414475.459592,12.5937,-76,CSI_DATA,AP,98:F4:AB:29:67:94,-76,11,1,2,1,1,1,1,0,0,0,-96,1,6,1,34208850,0,84,0,0,34.5908,384,[84 -64 4 0 0 0 0 0 0 0 0 0 -15 20 -15 17 -18 18 -17 16 -17 16 -14 14 -17 15 -16 13 -15 14 -14 13 -13 16 -13 15 -13 14 -14 13 -12 12 -12 13 -10 11 -10 13 -9 11 -10 11 -9 11 -9 12 -8 10 -8 10 -9 11 -6 11 0 0 -8 9 -7 10 -6 8 -4 10 -5 7 -4 7 -5 6 -4 6 -4 6 -5 5 -4 7 -5 5 -3 5 -4 5 -4 5 -4 4 -6 5 -5 4 -5 3 -6 3 -6 4 -7 3 -7 3 -6 2 -8 3 -9 2 0 0 0 0 0 0 0 0 0 0 ]
38,1783414475.576028,12.5578,-77,CSI_DATA,AP,98:F4:AB:29:67:94,-77,11,1,3,1,1,1,0,0,0,0,-96,0,6,1,34271602,0,82,0,0,34.6536,384,[82 -96 4 0 0 0 0 0 0 0 0 0 7 -27 7 -31 6 -28 6 -28 8 -25 8 -25 8 -23 8 -24 6 -25 7 -22 5 -24 5 -21 5 -25 6 -21 5 -21 5 -22 6 -19 6 -19 4 -18 4 -16 4 -19 2 -16 3 -17 3 -13 4 -15 2 -16 0 0 1 -14 0 -13 2 -13 2 -11 3 -11 0 -10 1 -8 2 -10 1 -8 0 -9 0 -8 0 -8 1 -10 1 -7 2 -8 3 -8 2 -7 4 -8 3 -7 4 -8 4 -8 3 -7 4 -7 4 -9 7 -9 5 -9 0 0 0 0 0 0 0 0 0 0 ]
39,1783414475.695344,13.5329,-76,CSI_DATA,AP,98:F4:AB:29:67:94,-76,11,1,3,1,1,1,1,0,0,0,-96,1,6,1,34291863,0,84,0,0,34.6833,384,[84 -64 4 0 0 0 0 0 0 0 0 0 -22 -17 -19 -17 -20 -15 -19 -16 -20 -15 -16 -16 -17 -15 -17 -14 -17 -15 -15 -16 -18 -15 -17 -13 -17 -12 -17 -13 -14 -11 -16 -12 -14 -9 -14 -11 -11 -10 -15 -9 -11 -10 -12 -9 -12 -10 -12 -6 -12 -7 -11 -8 0 0 -11 -7 -11 -6 -10 -5 -8 -6 -9 -5 -9 -4 -8 -4 -8 -4 -7 -6 -7 -5 -8 -2 -7 -4 -7 -3 -6 -3 -6 -5 -6 -3 -7 -4 -7 -6 -5 -7 -6 -5 -5 -6 -5 -6 -5 -7 -5 -6 -6 -6 -5 -8 0 0 0 0 0 0 0 0 0 0 ]
40,1783414475.812932,14.6005,-78,CSI_DATA,AP,98:F4:AB:29:67:94,-78,11,1,3,1,1,1,1,0,0,0,-96,1,6,1,34381818,0,84,0,0,34.7639,384,[84 -64 4 0 0 0 0 0 0 0 0 0 -20 15 -20 13 -23 12 -21 14 -21 13 -17 11 -18 12 -18 11 -16 11 -18 11 -18 13 -18 12 -17 9 -16 10 -14 10 -15 10 -12 12 -15 10 -13 11 -12 11 -12 10 -12 9 -12 9 -13 8 -11 10 -10 9 0 0 -9 7 -10 9 -8 7 -8 8 -6 8 -8 8 -7 7 -5 6 -7 6 -8 6 -6 5 -7 7 -8 5 -7 5 -8 4 -8 2 -8 4 -8 4 -7 1 -9 2 -8 1 -10 2 -9 4 -9 1 -9 1 -8 1 0 0 0 0 0 0 0 0 0 0 ]
41,1783414475.930331,13.4339,-78,CSI_DATA,AP,98:F4:AB:29:67:94,-78,11,1,3,1,1,1,1,0,0,0,-96,1,6,1,34475863,0,84,0,0,34.8579,384,[84 -64 4 0 0 0 0 0 0 0 0 0 21 9 19 8 21 9 19 11 20 8 19 7 16 8 16 8 18 7 17 8 17 6 15 6 16 6 16 9 14 7 14 7 14 5 13 6 13 5 13 3 13 4 13 5 9 5 10 3 11 4 10 2 0 0 8 3 11 0 10 3 8 2 6 2 8 3 6 2 6 1 7 1 7 1 6 1 6 1 5 1 5 1 5 2 4 2 6 3 4 2 5 1 5 2 4 4 5 3 3 4 3 3 5 3 3 3 0 0 0 0 0 0 0 0 0 0 ]
42,1783414476.049494,13.6617,-75,CSI_DATA,AP,98:F4:AB:29:67:94,-75,11,1,0,1,1,1,1,0,0,0,-96,1,6,1,34567155,0,84,0,0,34.9492,384,[84 -64 4 0 0 0 0 0 0 0 0 0 -14 -23 -13 -23 -14 -22 -13 -24 -12 -22 -11 -22 -10 -20 -11 -21 -11 -21 -10 -19 -11 -17 -13 -17 -12 -18 -10 -18 -11 -16 -12 -17 -11 -14 -10 -13 -11 -14 -10 -14 -9 -13 -9 -13 -9 -11 -9 -11 -9 -11 -9 -10 0 0 -9 -8 -9 -8 -7 -9 -7 -7 -6 -7 -7 -8 -6 -6 -4 -7 -5 -3 -7 -5 -6 -5 -5 -5 -6 -5 -5 -5 -4 -4 -6 -4 -4 -6 -3 -5 -3 -5 -4 -6 -2 -7 -4 -6 -4 -7 -4 -5 -3 -6 -3 -6 0 0 0 0 0 0 0 0 0 0 ]
43,1783414476.169908,14.0095,-78,CSI_DATA,AP,98:F4:AB:29:67:94,-78,11,1,3,1,1,1,1,0,0,0,-96,1,6,1,34652329,0,84,0,0,35.0344,384,[84 -64 4 0 0 0 0 0 0 0 0 0 8 -23 8 -22 9 -23 9 -21 10 -22 8 -21 8 -19 8 -19 6 -19 7 -18 7 -18 7 -17 5 -17 6 -16 6 -15 5 -17 3 -15 5 -15 4 -13 5 -14 3 -14 4 -14 3 -13 2 -13 2 -11 2 -12 0 0 1 -11 1 -11 2 -10 1 -9 1 -9 2 -8 1 -7 0 -6 -1 -7 0 -7 1 -6 1 -4 1 -6 1 -7 2 -6 1 -6 2 -5 2 -5 2 -5 1 -4 2 -5 3 -5 3 -5 4 -5 5 -5 5 -5 0 0 0 0 0 0 0 0 0 0 ]
44,1783414476.287056,13.4787,-78,CSI_DATA,AP,98:F4:AB:29:67:94,-78,11,1,3,1,1,1,1,0,0,0,-96,1,6,1,34741501,0,84,0,0,35.1235,384,[84 -64 4 0 0 0 0 0 0 0 0 0 8 26 6 21 9 24 5 21 7 25 3 19 7 21 5 20 8 19 4 19 5 17 6 19 5 19 6 16 6 14 8 16 8 15 7 15 6 13 6 14 6 13 7 12 6 13 6 9 7 11 6 10 0 0 7 9 8 10 5 9 5 10 6 8 5 8 4 8 6 8 3 8 5 8 5 7 3 7 3 4 3 6 5 8 4 7 3 8 2 7 3 6 0 6 1 6 0 6 -2 8 0 7 0 9 -2 8 0 0 0 0 0 0 0 0 0 0 ]
45,1783414476.403637,12.6537,-78,CSI_DATA,AP,98:F4:AB:29:67:94,-78,11,1,3,1,1,1,1,0,0,0,-96,1,6,1,34832884,0,84,0,0,35.215,384,[84 -64 4 0 0 0 0 0 0 0 0 0 -16 -15 -14 -14 -15 -15 -15 -14 -15 -14 -13 -13 -14 -13 -13 -14 -14 -13 -13 -13 -13 -13 -12 -13 -12 -12 -16 -10 -12 -10 -13 -11 -12 -10 -12 -11 -11 -9 -10 -9 -11 -8 -10 -8 -10 -8 -10 -8 -10 -7 -10 -8 0 0 -8 -7 -8 -5 -9 -7 -8 -7 -6 -5 -8 -4 -9 -6 -7 -3 -7 -5 -6 -6 -6 -5 -6 -5 -6 -4 -5 -5 -6 -4 -4 -6 -6 -7 -3 -5 -3 -6 -2 -7 -2 -7 -2 -7 -2 -8 -1 -7 -1 -8 -1 -7 0 0 0 0 0 0 0 0 0 0 ]
46,1783414476.520855,11.4598,-79,CSI_DATA,AP,98:F4:AB:29:67:94,-79,11,1,3,1,1,1,1,0,0,0,-96,1,6,1,34921590,0,84,0,0,35.3035,384,[84 -64 4 0 0 0 0 0 0 0 0 0 -4 25 -5 23 -6 25 -4 22 -4 21 -6 20 -4 19 -5 18 -5 18 -3 18 -3 17 -2 17 -3 17 -2 16 -1 15 -3 16 -1 15 -1 14 -1 14 1 12 -1 12 1 11 1 11 -1 11 -1 11 0 11 0 0 0 9 1 9 -1 9 1 7 0 7 -1 6 2 8 0 6 0 5 1 5 -1 6 0 4 1 6 0 4 -1 6 0 5 -3 6 -3 6 -4 4 -3 3 -3 3 -5 5 -4 5 -3 5 -6 5 -5 5 0 0 0 0 0 0 0 0 0 0 ]
47,1783414476.638112,11.6819,-78,CSI_DATA,AP,98:F4:AB:29:67:94,-78,11,1,3,1,1,1,1,0,0,0,-96,1,6,1,35011340,0,84,0,0,35.3934,384,[84 -64 4 0 0 0 0 0 0 0 0 0 25 13 26 15 27 13 23 12 25 13 22 15 22 12 20 12 19 12 19 12 18 10 19 11 21 11 18 8 18 7 18 8 16 7 16 6 15 7 15 5 14 6 13 3 14 5 12 4 12 4 12 3 0 0 10 4 12 2 10 2 8 3 9 3 10 4 8 2 8 2 8 1 8 3 6 2 8 4 7 3 7 3 7 4 6 3 3 7 4 4 4 5 4 6 4 7 3 5 2 6 4 6 5 7 3 9 0 0 0 0 0 0 0 0 0 0 ]
48,1783414476.756483,12.2083,-77,CSI_DATA,AP,98:F4:AB:29:67:94,-77,11,1,2,1,1,1,1,0,0,0,-96,1,6,1,35102873,0,84,0,0,35.4849,384,[84 -64 4 0 0 0 0 0 0 0 0 0 -26 -17 -22 -18 -23 -18 -23 -17 -23 -18 -20 -16 -20 -15 -17 -15 -17 -13 -17 -17 -17 -14 -18 -11 -17 -14 -15 -13 -16 -10 -18 -11 -14 -9 -16 -9 -14 -8 -14 -7 -12 -8 -13 -7 -12 -7 -12 -7 -12 -5 -13 -5 0 0 -12 -5 -12 -4 -8 -2 -12 -2 -9 -4 -8 -3 -9 -2 -10 -2 -10 -3 -11 -3 -9 -4 -9 -4 -8 -3 -7 -3 -10 -5 -9 -2 -9 -5 -8 -4 -7 -6 -6 -7 -7 -9 -7 -7 -8 -9 -7 -7 -6 -8 -7 -9 0 0 0 0 0 0 0 0 0 0 ]
49,1783414476.874135,11.2608,-79,CSI_DATA,AP,98:F4:AB:29:67:94,-79,11,1,3,1,1,1,1,0,0,0,-96,1,6,1,35192710,0,84,0,0,35.5747,384,[84 -64 4 0 0 0 0 0 0 0 0 0 -13 23 -15 22 -13 22 -14 23 -13 18 -13 18 -13 18 -12 15 -10 17 -13 17 -11 14 -10 17 -9 15 -8 15 -8 14 -7 15 -7 14 -4 13 -5 12 -5 10 -4 10 -4 11 -3 10 -3 8 -3 10 -2 10 0 0 -1 10 -1 9 1 10 0 8 -1 9 0 8 -2 7 0 8 1 6 0 9 1 6 1 7 1 7 -1 7 -1 7 0 7 -1 6 -1 6 -3 7 -3 7 -1 7 -3 6 -3 6 -2 7 -4 9 -8 7 0 0 0 0 0 0 0 0 0 0 ]
50,1783414476.991327,12.3862,-79,CSI_DATA,AP,98:F4:AB:29:67:94,-79,11,1,3,1,1,1,1,0,0,0,-96,1,6,1,35281200,0,84,0,0,35.6632,384,[84 -64 4 0 0 0 0 0 0 0 0 0 -16 -26 -13 -26 -15 -24 -12 -27 -12 -24 -11 -22 -11 -23 -11 -23 -10 -20 -9 -22 -10 -21 -11 -20 -12 -19 -10 -18 -8 -18 -11 -18 -11 -15 -13 -12 -10 -14 -8 -13 -9 -11 -9 -14 -8 -12 -8 -11 -9 -10 -9 -10 0 0 -8 -9 -9 -10 -8 -9 -9 -5 -8 -7 -8 -5 -7 -6 -6 -5 -7 -4 -6 -4 -7 -4 -6 -4 -7 -5 -7 -6 -6 -3 -5 -7 -7 -7 -5 -6 -5 -7 -4 -7 -5 -8 -5 -7 -5 -10 -3 -9 -5 -9 -1 -10 0 0 0 0 0 0 0 0 0 0 ]
51,1783414477.108385,12.6903,-79,CSI_DATA,AP,98:F4:AB:29:67:94,-79,11,1,3,1,1,1,1,0,0,0,-96,1,6,1,35372687,0,84,0,0,35.7547,384,[84 -64 4 0 0 0 0 0 0 0 0 0 -25 12 -27 10 -27 9 -25 11 -24 9 -23 7 -22 8 -21 7 -19 8 -20 7 -19 9 -19 10 -18 9 -19 9 -18 6 -17 8 -14 8 -16 9 -13 8 -13 6 -11 7 -12 6 -11 6 -11 7 -11 7 -10 7 0 0 -8 7 -7 5 -8 6 -7 8 -8 5 -5 4 -8 5 -5 4 -5 4 -4 4 -5 5 -4 5 -5 4 -5 5 -7 5 -4 6 -5 3 -7 2 -6 4 -7 1 -7 3 -6 4 -9 2 -8 4 -7 3 -10 3 0 0 0 0 0 0 0 0 0 0 ]
52,1783414477.227181,14.1762,-77,CSI_DATA,AP,98:F4:AB:29:67:94,-77,11,1,3,1,1,1,1,0,0,0,-96,1,6,1,35461598,0,84,0,0,35.8436,384,[84 -64 4 0 0 0 0 0 0 0 0 0 25 10 22 11 26 11 24 9 25 11 22 11 22 8 19 12 21 10 20 10 22 11 19 8 19 8 18 8 17 6 20 7 17 9 15 6 13 5 17 5 14 7 14 3 12 4 13 4 14 3 11 3 0 0 9 3 10 2 9 2 11 2 8 3 8 4 8 2 7 3 7 1 8 1 8 0 7 0 7 3 7 2 8 2 8 2 5 2 6 3 8 5 6 4 6 4 7 4 8 4 7 5 6 6 6 7 0 0 0 0 0 0 0 0 0 0 ]
53,1783414477.343218,14.7046,-77,CSI_DATA,AP,98:F4:AB:29:67:94,-77,11,1,3,1,1,1,1,0,0,0,-96,1,6,1,35552826,0,84,0,0,35.9349,384,[84 -64 4 0 0 0 0 0 0 0 0 0 28 -3 27 -3 26 -3 23 -2 25 -4 23 -1 23 -3 23 -1 24 0 21 -1 22 -3 22 -2 21 -1 20 -2 18 -2 20 -3 17 -3 17 -4 16 0 16 -3 16 -2 15 -3 15 -2 13 -2 14 -2 13 -5 0 0 11 -2 10 -3 12 -4 10 -3 11 0 8 -3 9 -2 9 -3 7 -1 9 -4 7 -3 8 -1 7 -2 9 -2 8 -2 8 -2 8 -2 8 -2 7 -1 10 2 9 2 7 1 10 2 9 2 9 2 9 4 0 0 0 0 0 0 0 0 0 0 ]
54,1783414477.463104,13.7967,-78,CSI_DATA,AP,98:F4:AB:29:67:94,-78,11,1,3,1,1,1,1,0,0,0,-96,1,6,1,35642012,0,84,0,0,36.0239,384,[84 -64 4 0 0 0 0 0 0 0 0 0 -26 13 -21 11 -22 12 -23 11 -20 9 -20 9 -20 7 -21 7 -17 9 -18 8 -20 8 -19 9 -19 9 -17 9 -15 8 -18 8 -15 8 -17 9 -14 5 -13 8 -12 7 -13 8 -11 8 -12 8 -11 6 -11 6 0 0 -11 6 -8 8 -7 5 -8 5 -10 6 -6 5 -7 5 -6 5 -4 4 -7 4 -6 4 -7 5 -5 5 -7 6 -6 5 -8 4 -7 4 -6 2 -7 4 -6 1 -9 1 -8 3 -8 2 -9 0 -10 -1 -9 -1 0 0 0 0 0 0 0 0 0 0 ]
55,1783414477.581319,12.2497,-78,CSI_DATA,AP,98:F4:AB:29:67:94,-78,11,1,3,1,1,1,1,0,0,0,-96,1,6,1,35735642,0,84,0,0,36.1177,384,[84 -64 4 0 0 0 0 0 0 0 0 0 -25 4 -23 4 -24 5 -23 1 -23 3 -21 3 -21 3 -21 0 -21 3 -20 2 -19 0 -17 1 -17 2 -15 2 -15 3 -18 2 -16 2 -14 4 -13 1 -14 3 -14 3 -13 5 -12 3 -11 3 -11 2 -10 1 0 0 -8 2 -11 4 -7 3 -7 4 -7 2 -7 3 -7 4 -7 3 -6 2 -7 4 -7 2 -7 2 -7 2 -7 2 -7 2 -7 0 -9 1 -8 0 -7 0 -7 0 -7 0 -7 -2 -9 -1 -8 -1 -9 -1 -9 -1 0 0 0 0 0 0 0 0 0 0 ]
56,1783414477.700597,10.6684,-78,CSI_DATA,AP,98:F4:AB:29:67:94,-78,11,1,4,1,1,1,1,0,0,0,-96,1,6,1,35823454,0,84,0,0,36.2055,384,[84 -64 4 0 0 0 0 0 0 0 0 0 9 23 8 23 8 25 7 22 8 24 7 21 5 20 4 19 3 19 4 18 5 18 6 17 5 16 5 16 3 15 5 16 5 13 5 14 6 14 6 14 4 9 5 10 4 10 4 10 5 9 5 8 0 0 6 8 6 7 4 6 6 6 4 6 5 5 4 4 4 5 6 5 4 4 4 3 4 4 6 5 5 4 5 3 5 3 4 4 5 2 2 3 2 4 3 5 2 4 1 5 2 6 2 8 2 5 0 0 0 0 0 0 0 0 0 0 ]
57,1783414477.818190,11.6897,-78,CSI_DATA,AP,98:F4:AB:29:67:94,-78,11,1,2,1,1,1,1,0,0,0,-96,1,6,1,35914495,0,84,0,0,36.2965,384,[84 -64 4 0 0 0 0 0 0 0 0 0 12 -25 10 -21 12 -23 11 -18 11 -21 11 -18 11 -19 11 -18 10 -19 10 -18 9 -18 9 -18 8 -17 7 -17 8 -16 8 -18 7 -16 6 -16 7 -13 5 -13 6 -14 5 -12 6 -13 4 -12 3 -13 4 -12 0 0 3 -11 3 -12 2 -8 1 -10 2 -10 2 -8 2 -8 1 -9 1 -8 0 -8 2 -8 2 -7 2 -7 1 -7 1 -8 2 -5 3 -8 3 -6 3 -6 4 -7 4 -6 5 -7 4 -6 3 -8 6 -6 6 -6 0 0 0 0 0 0 0 0 0 0 ]
58,1783414477.938230,11.9162,-79,CSI_DATA,AP,98:F4:AB:29:67:94,-79,11,1,3,1,1,1,1,0,0,0,-96,1,6,1,36011114,0,84,0,0,36.3931,384,[84 -64 4 0 0 0 0 0 0 0 0 0 13 -16 11 -12 9 -14 9 -15 14 -14 12 -10 7 -15 8 -14 10 -9 9 -16 8 -12 5 -14 4 -12 4 -11 3 -13 6 -11 6 -11 6 -13 6 -9 7 -10 6 -11 5 -12 3 -9 4 -13 4 -12 5 -12 0 0 2 -9 4 -10 2 -11 4 -9 4 -6 4 -8 1 -7 2 -10 3 -8 0 -8 0 -7 3 -6 3 -6 1 -8 4 -6 1 -8 2 -5 2 -5 2 -6 4 -5 4 -3 4 -5 3 -5 2 -5 6 -2 6 -4 0 0 0 0 0 0 0 0 0 0 ]
59,1783414478.055927,9.9349,-81,CSI_DATA,AP,98:F4:AB:29:67:94,-81,11,1,3,1,1,1,1,0,0,0,-96,1,6,1,36100219,0,84,0,0,36.4822,384,[84 -64 4 0 0 0 0 0 0 0 0 0 -24 -17 -23 -16 -23 -18 -20 -16 -21 -16 -17 -14 -14 -13 -14 -14 -15 -11 -15 -13 -14 -12 -14 -10 -12 -10 -13 -10 -11 -8 -12 -5 -11 -7 -9 -6 -7 -2 -9 -3 -7 -3 -8 -3 -10 -3 -9 -2 -9 -1 -9 1 0 0 -7 1 -8 1 -8 -1 -6 -1 -6 1 -4 0 -6 1 -5 1 -7 2 -5 0 -6 1 -5 3 -5 0 -4 0 -3 -1 -5 0 -3 -3 -4 -1 -3 -1 -5 0 -5 -1 -5 -2 -4 -1 -5 -3 -5 -4 -6 -4 0 0 0 0 0 0 0 0 0 0 ]
60,1783414478.175184,8.4549,-78,CSI_DATA,AP,98:F4:AB:29:67:94,-78,11,1,1,1,1,1,1,0,0,0,-96,1,6,1,36205422,0,84,0,0,36.5874,384,[84 -64 4 0 0 0 0 0 0 0 0 0 24 -24 23 -22 23 -22 21 -22 24 -20 22 -18 20 -17 21 -15 20 -15 16 -15 15 -13 14 -15 12 -16 13 -14 13 -13 11 -11 9 -10 9 -11 8 -10 5 -9 8 -9 4 -8 3 -8 3 -11 3 -7 3 -7 0 0 2 -6 1 -5 1 -3 1 -4 0 -6 2 -4 -1 -3 0 -4 -1 -2 -4 0 -1 -3 -2 -1 -1 -3 1 -2 0 -2 -4 -3 -1 -2 0 -2 0 -2 0 -2 0 -3 0 -1 2 -2 0 -3 1 -4 0 -4 0 0 0 0 0 0 0 0 0 0 ]
61,1783414478.294072,10.7996,-77,CSI_DATA,AP,98:F4:AB:29:67:94,-77,11,1,3,1,1,1,1,0,0,0,-96,1,6,1,36272196,0,84,0,0,36.6543,384,[84 -64 4 0 0 0 0 0 0 0 0 0 -24 23 -24 24 -24 23 -25 19 -22 21 -22 20 -21 15 -24 16 -21 16 -19 17 -20 19 -16 15 -19 15 -18 13 -16 13 -18 14 -15 14 -12 13 -14 12 -12 10 -12 10 -12 11 -10 7 -12 7 -9 10 -9 8 0 0 -10 6 -8 8 -7 6 -8 7 -7 4 -6 4 -5 4 -4 4 -6 3 -4 2 -6 3 -4 4 -5 1 -4 5 -5 4 -4 4 -6 2 -5 1 -7 2 -7 1 -5 1 -4 1 -7 -1 -6 3 -7 2 -6 3 0 0 0 0 0 0 0 0 0 0 ]
62,1783414478.415415,13.5827,-77,CSI_DATA,AP,98:F4:AB:29:67:94,-77,11,1,3,1,1,1,1,0,0,0,-96,1,6,1,36361541,0,84,0,0,36.7435,384,[84 -64 4 0 0 0 0 0 0 0 0 0 -22 -16 -20 -14 -22 -15 -21 -15 -22 -15 -21 -16 -19 -13 -20 -13 -21 -14 -18 -13 -18 -17 -17 -15 -17 -15 -18 -14 -16 -10 -17 -11 -16 -11 -16 -10 -13 -10 -15 -10 -14 -6 -13 -7 -11 -9 -11 -9 -12 -9 -12 -7 0 0 -11 -7 -10 -6 -10 -6 -9 -7 -8 -3 -7 -6 -7 -5 -12 -4 -10 -11 -3 1 -9 -7 -6 -4 -4 -5 -5 -4 -6 -3 -6 -5 -5 -7 -6 -4 -6 -6 -7 -9 -4 -6 -6 -7 -4 -7 -6 -8 -6 -7 -6 -8 0 0 0 0 0 0 0 0 0 0 ]
63,1783414478.533506,13.8877,-76,CSI_DATA,AP,98:F4:AB:29:67:94,-76,11,1,3,1,1,1,1,0,0,0,-96,1,6,1,36451541,0,84,0,0,36.8336,384,[84 -64 4 0 0 0 0 0 0 0 0 0 15 -13 16 -12 16 -13 16 -13 15 -11 13 -10 13 -12 14 -12 11 -11 14 -12 13 -11 13 -13 12 -13 12 -12 11 -11 12 -14 10 -11 11 -12 9 -12 11 -12 10 -11 8 -11 9 -12 10 -11 9 -9 8 -10 0 0 7 -10 9 -10 8 -9 7 -9 6 -8 7 -10 7 -9 6 -7 7 -6 6 -8 4 -7 5 -6 5 -7 6 -6 5 -8 5 -8 6 -7 7 -4 6 -5 6 -4 7 -4 6 -4 8 -5 8 -6 8 -6 9 -5 0 0 0 0 0 0 0 0 0 0 ]
64,1783414478.654121,13.4004,-77,CSI_DATA,AP,98:F4:AB:29:67:94,-77,11,1,3,1,1,1,1,0,0,0,-96,1,6,1,36544026,0,84,0,0,36.9261,384,[84 -64 4 0 0 0 0 0 0 0 0 0 -22 2 -19 0 -22 1 -20 0 -21 -1 -18 0 -19 0 -18 -1 -18 -1 -20 1 -17 0 -17 0 -18 1 -17 1 -16 1 -17 1 -14 2 -15 1 -14 3 -14 2 -14 1 -14 3 -13 0 -12 0 -12 2 -13 1 0 0 -10 1 -12 1 -10 1 -10 3 -11 1 -10 3 -10 1 -9 1 -9 1 -9 1 -8 0 -8 0 -8 -1 -8 -1 -9 0 -8 0 -9 1 -8 0 -7 -1 -9 -2 -7 -2 -8 -1 -8 -2 -9 -3 -8 -4 -9 -3 0 0 0 0 0 0 0 0 0 0 ]
65,1783414478.772599,12.6371,-77,CSI_DATA,AP,98:F4:AB:29:67:94,-77,11,1,3,1,1,1,1,0,0,0,-96,1,6,1,36632492,0,84,0,0,37.0145,384,[84 -64 4 0 0 0 0 0 0 0 0 0 8 19 6 20 7 20 5 17 4 19 6 16 5 16 7 16 7 15 6 16 7 17 7 16 7 15 6 15 6 13 7 15 6 12 8 13 6 13 6 12 6 13 7 13 4 13 5 11 6 10 6 10 0 0 6 11 6 8 5 10 4 8 4 8 4 8 4 8 4 6 3 6 4 7 3 6 3 5 3 6 4 5 1 6 3 7 2 6 2 6 1 6 2 6 0 6 1 6 0 7 1 7 0 6 2 7 0 0 0 0 0 0 0 0 0 0 ]
66,1783414478.893651,14.8244,-75,CSI_DATA,AP,98:F4:AB:29:67:94,-75,11,1,1,1,1,1,1,0,0,0,-96,1,6,1,36740735,0,84,0,0,37.1228,384,[84 -64 4 0 0 0 0 0 0 0 0 0 -5 -27 -2 -24 -4 -26 -4 -25 -4 -27 -3 -22 -4 -24 -3 -25 -4 -22 -5 -25 -4 -23 -1 -23 -3 -21 -4 -22 -3 -21 -5 -22 -5 -21 -6 -21 -3 -18 -4 -18 -3 -18 -4 -18 -5 -17 -2 -17 -3 -16 -3 -13 0 0 -4 -13 -3 -13 -3 -13 -2 -11 -3 -10 -2 -11 -1 -9 -2 -8 -1 -11 -4 -9 -2 -9 -2 -7 -1 -8 -1 -9 -2 -9 -2 -7 -1 -9 -2 -8 1 -8 2 -8 0 -9 -1 -8 1 -8 -1 -9 0 -8 1 -8 0 0 0 0 0 0 0 0 0 0 ]
67,1783414479.013599,15.3570,-76,CSI_DATA,AP,98:F4:AB:29:67:94,-76,11,1,2,1,1,1,1,0,0,0,-96,1,6,1,36815152,0,84,0,0,37.1972,384,[84 -64 4 0 0 0 0 0 0 0 0 0 -17 -22 -18 -21 -18 -23 -17 -20 -17 -22 -15 -18 -17 -20 -15 -20 -15 -21 -15 -21 -14 -19 -15 -18 -13 -17 -13 -17 -13 -17 -13 -17 -14 -13 -12 -16 -9 -15 -11 -13 -11 -13 -10 -13 -9 -12 -8 -13 -8 -12 -8 -10 0 0 -7 -9 -8 -9 -7 -8 -6 -8 -3 -7 -5 -9 -6 -6 -5 -7 -6 -6 -5 -6 -4 -5 -4 -5 -6 -6 -4 -3 -5 -6 -5 -5 -2 -8 -4 -5 -3 -7 -4 -7 -2 -7 -4 -7 -3 -8 -3 -8 -3 -8 -4 -7 0 0 0 0 0 0 0 0 0 0 ]
68,1783414479.133610,17.6739,-71,CSI_DATA,AP,98:F4:AB:29:67:94,-71,11,0,0,0,0,0,0,0,0,0,-96,0,6,1,36917954,0,84,0,0,37.3,128,[84 -64 4 0 0 0 0 0 0 0 0 0 -4 35 -4 34 -6 40 -2 32 -7 31 -9 32 -10 29 -6 31 -3 29 -8 27 -6 28 -9 28 -5 25 -1 24 2 28 -1 35 1 26 -7 21 -8 30 -7 25 -1 23 0 24 2 21 0 20 -2 19 -2 20 0 0 -3 18 -3 20 -4 17 0 14 -4 15 -6 13 -2 13 -1 10 -2 12 -4 11 -3 10 -3 9 -3 9 -4 9 -5 9 -5 8 -7 9 -6 6 -7 7 -6 7 -7 7 -9 8 -7 8 -8 8 -8 8 -9 8 0 0 0 0 0 0 0 0 0 0 ]
69,1783414479.253074,16.2574,-76,CSI_DATA,AP,98:F4:AB:29:67:94,-76,11,1,4,1,1,1,0,0,0,0,-96,0,6,1,36991262,0,84,0,0,37.3733,384,[84 -64 4 0 0 0 0 0 0 0 0 0 -22 -6 -21 -7 -21 -6 -22 -7 -19 -5 -19 -6 -19 -6 -19 -6 -19 -4 -18 -5 -18 -4 -18 -3 -19 -5 -18 -4 -18 -5 -20 -5 -19 -5 -18 -3 -16 -4 -14 -4 -16 -5 -15 -4 -14 -3 -15 -4 -14 -5 -15 -4 0 0 -15 -3 -12 -3 -12 -3 -11 -3 -12 -3 -12 -3 -10 -3 -10 -4 -9 -3 -10 -3 -10 -2 -10 -5 -9 -3 -9 -4 -11 -3 -8 -3 -8 -5 -8 -3 -9 -5 -8 -6 -7 -8 -8 -7 -7 -6 -7 -5 -9 -6 -8 -6 0 0 0 0 0 0 0 0 0 0 ]
70,1783414479.374540,15.2279,-78,CSI_DATA,AP,98:F4:AB:29:67:94,-78,11,1,4,1,1,1,0,0,0,0,-96,0,6,1,37081179,0,84,0,0,37.4632,384,[84 -64 4 0 0 0 0 0 0 0 0 0 2 23 2 23 0 23 2 21 1 21 0 21 1 21 0 19 3 18 0 18 2 20 2 17 2 17 3 18 1 16 3 19 3 17 4 16 2 14 3 15 2 15 3 14 2 14 2 13 3 14 1 12 0 0 2 11 2 12 1 12 1 10 -1 11 0 10 2 9 1 9 1 8 1 8 0 7 0 7 0 7 -2 8 -1 9 -1 7 -3 9 -2 5 -2 7 -3 8 -3 7 -3 7 -3 7 -3 6 -4 9 -3 9 0 0 0 0 0 0 0 0 0 0 ]
71,1783414479.494445,15.9328,-76,CSI_DATA,AP,98:F4:AB:29:67:94,-76,11,1,4,1,1,1,0,0,0,0,-96,0,6,1,37172652,0,84,0,0,37.5546,384,[84 -64 4 0 0 0 0 0 0 0 0 0 -11 -22 -11 -22 -12 -20 -13 -19 -9 -22 -10 -18 -10 -19 -10 -18 -10 -20 -10 -17 -11 -19 -9 -18 -12 -18 -10 -18 -10 -18 -9 -18 -11 -15 -9 -16 -10 -15 -8 -15 -7 -16 -9 -14 -8 -14 -7 -13 -7 -14 -8 -13 0 0 -8 -12 -7 -12 -5 -10 -7 -10 -5 -10 -4 -11 -4 -9 -4 -8 -6 -9 -4 -8 -4 -9 -3 -8 -4 -7 -2 -7 -5 -8 -3 -6 -3 -10 -2 -9 -2 -7 -2 -10 -1 -8 -2 -9 -1 -10 -2 -10 0 -10 0 -10 0 0 0 0 0 0 0 0 0 0 ]
72,1783414479.615301,14.5973,-77,CSI_DATA,AP,98:F4:AB:29:67:94,-77,11,1,4,1,1,1,0,0,0,0,-96,0,6,1,37261021,0,84,0,0,37.6431,384,[84 -64 4 0 0 0 0 0 0 0 0 0 -20 18 -18 17 -21 17 -18 16 -19 16 -16 14 -17 14 -17 15 -16 13 -17 15 -15 15 -17 16 -15 14 -15 14 -15 12 -15 13 -13 13 -15 12 -13 9 -13 11 -12 9 -11 11 -12 9 -11 9 -11 8 -9 9 0 0 -9 8 -10 7 -7 5 -8 6 -7 5 -7 4 -7 5 -8 4 -7 5 -7 4 -7 5 -5 2 -8 5 -4 4 -7 4 -7 2 -7 1 -7 1 -7 2 -7 2 -6 2 -8 2 -8 2 -8 3 -8 3 -9 2 0 0 0 0 0 0 0 0 0 0 ]
73,1783414479.736815,13.1104,-76,CSI_DATA,AP,98:F4:AB:29:67:94,-76,11,1,4,1,1,1,0,0,0,0,-96,0,6,1,37357134,0,84,0,0,37.7392,384,[84 -64 4 0 0 0 0 0 0 0 0 0 -23 -16 -23 -14 -24 -15 -22 -12 -21 -13 -19 -14 -19 -13 -19 -15 -21 -11 -19 -14 -20 -11 -21 -11 -18 -11 -19 -10 -16 -8 -18 -10 -18 -10 -16 -12 -15 -9 -15 -8 -16 -9 -17 -10 -15 -8 -14 -9 -12 -6 -13 -8 0 0 -11 -7 -13 -7 -9 -7 -10 -8 -9 -6 -10 -6 -10 -6 -7 -7 -8 -4 -9 -5 -8 -5 -7 -4 -6 -5 -6 -4 -8 -5 -6 -5 -8 -6 -7 -8 -5 -8 -6 -8 -5 -8 -6 -8 -6 -7 -7 -8 -5 -6 -6 -8 0 0 0 0 0 0 0 0 0 0 ]
74,1783414479.861778,14.2031,-77,CSI_DATA,AP,98:F4:AB:29:67:94,-77,11,1,4,1,1,1,0,0,0,0,-96,0,6,1,37441312,0,84,0,0,37.8233,384,[84 -64 4 0 0 0 0 0 0 0 0 0 11 -23 10 -21 10 -22 10 -22 10 -21 9 -19 9 -19 8 -19 11 -19 8 -21 8 -19 7 -20 7 -18 7 -19 8 -17 7 -18 7 -17 6 -18 7 -18 6 -15 6 -15 6 -15 8 -15 6 -15 7 -15 6 -14 0 0 5 -12 5 -12 4 -11 4 -11 5 -11 5 -10 5 -10 4 -10 3 -10 2 -10 3 -8 4 -8 3 -9 3 -8 3 -8 4 -7 4 -6 4 -6 6 -6 6 -5 7 -7 5 -7 6 -6 7 -7 7 -7 7 -6 0 0 0 0 0 0 0 0 0 0 ]
75,1783414479.982523,14.3309,-78,CSI_DATA,AP,98:F4:AB:29:67:94,-78,11,1,2,1,1,1,0,0,0,0,-96,0,6,1,37535983,0,84,0,0,37.918,384,[84 -64 4 0 0 0 0 0 0 0 0 0 51 -15 51 -17 67 -14 62 -13 53 -15 48 -20 59 -16 45 -22 53 -17 56 -16 54 -20 60 -12 59 -16 46 -12 52 -13 55 -10 44 -25 33 -43 36 -25 41 -6 33 -17 36 -29 29 2 38 -36 39 -5 37 -9 0 0 44 -19 27 -13 30 1 33 1 23 -4 27 -9 22 -9 29 -8 14 -16 23 -27 27 -16 19 -17 18 1 24 -3 32 -9 18 -6 28 -12 20 -9 25 -6 24 -8 26 -5 24 -3 29 -4 25 -11 23 1 24 -5 0 0 0 0 0 0 0 0 0 0 ]
76,1783414480.103664,18.3158,-71,CSI_DATA,AP,98:F4:AB:29:67:94,-71,11,0,0,0,0,0,0,0,0,0,-96,0,6,1,37634102,0,84,0,0,38.0162,128,[84 -64 4 0 0 0 0 0 0 0 0 0 -22 -25 -20 -22 -22 -25 -21 -24 -20 -24 -17 -21 -19 -22 -18 -23 -18 -22 -18 -21 -19 -20 -19 -21 -18 -21 -20 -19 -17 -17 -20 -20 -17 -17 -18 -17 -16 -15 -15 -17 -14 -17 -15 -16 -14 -15 -15 -13 -14 -15 -13 -15 0 0 -12 -13 -13 -13 -10 -10 -12 -10 -10 -11 -10 -11 -9 -11 -8 -10 -9 -10 -7 -10 -9 -10 -8 -9 -9 -8 -6 -8 -7 -10 -5 -10 -6 -10 -4 -9 -5 -11 -4 -10 -4 -11 -4 -10 -5 -11 -5 -11 -4 -11 -3 -12 0 0 0 0 0 0 0 0 0 0 ]
77,1783414480.227649,17.4518,-77,CSI_DATA,AP,98:F4:AB:29:67:94,-77,11,1,4,1,1,1,0,0,0,0,-96,0,6,1,37714361,0,84,0,0,38.0964,384,[84 -64 4 0 0 0 0 0 0 0 0 0 -24 -10 -23 -12 -23 -10 -21 -9 -21 -10 -21 -9 -19 -10 -19 -10 -20 -9 -20 -10 -21 -8 -19 -8 -20 -9 -19 -7 -18 -6 -19 -8 -18 -7 -17 -7 -17 -8 -17 -7 -16 -6 -16 -6 -14 -7 -15 -5 -14 -6 -14 -5 0 0 -14 -6 -11 -4 -12 -5 -12 -4 -9 -4 -9 -4 -11 -5 -8 -4 -8 -4 -7 -3 -7 -5 -8 -4 -9 -4 -6 -4 -7 -5 -8 -3 -9 -5 -7 -5 -8 -5 -6 -5 -6 -5 -6 -6 -7 -6 -8 -7 -7 -7 -7 -7 0 0 0 0 0 0 0 0 0 0 ]
78,1783414480.351204,16.6456,-77,CSI_DATA,AP,98:F4:AB:29:67:94,-77,11,1,4,1,1,1,0,0,0,0,-96,0,6,1,37807168,0,84,0,0,38.1892,384,[84 -64 4 0 0 0 0 0 0 0 0 0 23 13 23 14 22 14 21 13 23 14 21 15 21 14 20 14 21 13 20 12 20 12 21 12 20 12 19 12 18 11 20 12 18 9 17 12 17 12 16 9 14 10 15 11 13 10 14 11 12 8 14 7 0 0 12 9 11 8 11 8 12 5 8 8 10 4 10 6 9 7 8 5 9 4 8 4 7 4 6 5 7 5 6 7 7 6 8 6 7 7 4 7 4 6 5 8 4 8 5 7 5 7 5 9 5 8 0 0 0 0 0 0 0 0 0 0 ]
79,1783414480.473208,15.4608,-76,CSI_DATA,AP,98:F4:AB:29:67:94,-76,11,1,4,1,1,1,0,0,0,0,-96,0,6,1,37895035,0,84,0,0,38.277,384,[84 -64 4 0 0 0 0 0 0 0 0 0 -25 -3 -24 -1 -25 -1 -26 -1 -24 -3 -23 0 -22 -1 -21 -1 -23 -2 -22 -2 -21 -1 -22 -2 -21 -1 -21 -2 -19 -1 -22 -3 -20 -2 -19 -1 -19 -2 -19 -1 -17 -2 -18 0 -17 -3 -15 -1 -15 -2 -15 -1 0 0 -13 -2 -14 0 -13 -2 -12 -2 -10 -1 -11 -2 -10 -2 -10 -1 -11 -2 -11 -2 -10 -1 -9 -1 -9 -2 -8 -2 -9 -2 -10 -4 -8 -5 -10 -4 -9 -2 -9 -5 -8 -4 -8 -4 -9 -4 -9 -5 -8 -6 -9 -6 0 0 0 0 0 0 0 0 0 0 ]
80,1783414480.597894,15.4985,-76,CSI_DATA,AP,98:F4:AB:29:67:94,-76,11,1,4,1,1,1,0,0,0,0,-96,0,6,1,37982868,0,84,0,0,38.3649,384,[84 -64 4 0 0 0 0 0 0 0 0 0 -24 -13 -23 -11 -24 -13 -22 -12 -24 -12 -18 -10 -23 -12 -18 -12 -20 -12 -20 -11 -20 -11 -21 -11 -20 -12 -20 -10 -20 -9 -22 -9 -18 -11 -18 -9 -16 -8 -16 -10 -15 -9 -17 -8 -15 -9 -15 -8 -14 -8 -13 -7 0 0 -12 -9 -13 -6 -11 -7 -13 -7 -10 -6 -11 -7 -10 -5 -9 -7 -10 -5 -11 -5 -10 -5 -9 -5 -8 -4 -7 -4 -9 -6 -7 -5 -8 -7 -7 -6 -7 -8 -8 -8 -6 -7 -7 -7 -5 -8 -7 -8 -6 -8 -7 -9 0 0 0 0 0 0 0 0 0 0 ]
81,1783414480.722889,15.6071,-76,CSI_DATA,AP,98:F4:AB:29:67:94,-76,11,1,4,1,1,1,0,0,0,0,-96,0,6,1,38077479,0,84,0,0,38.4595,384,[84 -64 4 0 0 0 0 0 0 0 0 0 7 -27 6 -25 6 -26 5 -23 6 -24 4 -24 5 -25 6 -22 4 -23 6 -23 3 -23 5 -23 4 -21 5 -21 4 -20 2 -23 3 -20 5 -18 3 -17 4 -19 3 -18 3 -17 4 -15 3 -16 2 -16 3 -13 0 0 3 -13 4 -12 2 -12 3 -13 2 -12 1 -11 2 -9 3 -9 2 -8 3 -10 1 -9 1 -9 2 -6 1 -7 1 -9 2 -6 3 -9 3 -7 4 -7 4 -8 3 -6 4 -8 5 -7 4 -9 3 -7 5 -7 0 0 0 0 0 0 0 0 0 0 ]
82,1783414480.846555,12.6757,-76,CSI_DATA,AP,98:F4:AB:29:67:94,-76,11,1,4,1,1,1,0,0,0,0,-96,0,6,1,38162026,0,84,0,0,38.5441,384,[84 -64 4 0 0 0 0 0 0 0 0 0 -13 -13 -14 -13 -12 -11 -12 -11 -13 -12 -14 -12 -11 -12 -12 -10 -12 -11 -10 -11 -12 -11 -12 -11 -11 -12 -12 -12 -11 -9 -11 -10 -10 -8 -11 -8 -9 -10 -9 -8 -9 -7 -9 -7 -9 -7 -7 -8 -9 -7 -8 -8 0 0 -8 -5 -7 -8 -7 -6 -5 -5 -5 -4 -6 -4 -5 -5 -5 -4 -4 -5 -5 -4 -5 -3 -3 -4 -5 -5 -3 -4 -4 -4 -3 -4 -4 -4 -3 -4 -3 -5 -3 -5 -3 -4 -3 -4 -3 -5 -4 -4 -4 -6 -3 -6 0 0 0 0 0 0 0 0 0 0 ]
83,1783414480.969780,12.7784,-77,CSI_DATA,AP,98:F4:AB:29:67:94,-77,11,1,4,1,1,1,0,0,0,0,-96,0,6,1,38253710,0,84,0,0,38.6357,384,[84 -64 4 0 0 0 0 0 0 0 0 0 19 -18 17 -16 20 -16 18 -14 19 -16 14 -14 16 -15 16 -13 15 -14 18 -14 16 -14 16 -13 15 -15 16 -15 12 -13 13 -17 12 -13 12 -13 11 -12 13 -13 11 -12 12 -12 9 -11 10 -12 9 -11 9 -10 0 0 7 -9 7 -10 7 -8 6 -10 5 -8 6 -8 6 -6 6 -6 3 -9 3 -7 4 -6 3 -7 3 -7 4 -5 4 -6 4 -6 5 -6 5 -5 5 -5 4 -4 4 -5 6 -6 5 -5 6 -6 7 -5 6 -6 0 0 0 0 0 0 0 0 0 0 ]
84,1783414481.095999,12.2649,-77,CSI_DATA,AP,98:F4:AB:29:67:94,-77,11,1,4,1,1,1,0,0,0,0,-96,0,6,1,38340939,0,84,0,0,38.723,384,[84 -64 4 0 0 0 0 0 0 0 0 0 -10 18 -9 18 -12 19 -8 17 -12 18 -10 15 -9 15 -9 16 -10 16 -12 16 -9 17 -9 15 -8 17 -8 15 -8 14 -9 14 -7 14 -7 14 -7 11 -8 13 -7 11 -7 13 -6 11 -6 11 -7 10 -5 11 0 0 -5 10 -6 9 -5 9 -5 9 -5 8 -5 7 -4 6 -4 8 -3 7 -4 7 -4 7 -3 6 -3 6 -3 6 -4 7 -5 4 -4 5 -5 4 -5 5 -5 3 -5 4 -5 4 -5 5 -6 7 -6 5 -6 5 0 0 0 0 0 0 0 0 0 0 ]
85,1783414481.220744,13.7996,-76,CSI_DATA,AP,98:F4:AB:29:67:94,-76,11,1,4,1,1,1,0,0,0,0,-96,0,6,1,38432109,0,84,0,0,38.8141,384,[84 -64 4 0 0 0 0 0 0 0 0 0 18 -17 20 -17 21 -15 21 -14 17 -14 19 -13 18 -14 18 -13 17 -14 17 -13 18 -15 17 -14 17 -15 14 -14 15 -12 15 -14 14 -12 13 -12 12 -11 13 -11 12 -11 12 -13 12 -10 11 -12 11 -11 10 -10 0 0 6 -9 7 -10 9 -9 8 -9 9 -7 9 -7 8 -7 6 -6 6 -6 5 -7 5 -7 5 -4 5 -5 5 -5 5 -7 7 -5 6 -6 5 -5 6 -4 6 -4 7 -4 6 -3 7 -6 7 -6 6 -6 7 -5 0 0 0 0 0 0 0 0 0 0 ]
86,1783414481.347743,14.2199,-76,CSI_DATA,AP,98:F4:AB:29:67:94,-76,11,1,4,1,1,1,0,0,0,0,-96,0,6,1,38521209,0,84,0,0,38.9032,384,[84 -64 4 0 0 0 0 0 0 0 0 0 -10 19 -10 17 -10 19 -11 19 -9 19 -9 16 -7 17 -10 17 -8 16 -9 16 -10 16 -8 17 -8 17 -8 16 -8 12 -8 17 -6 14 -6 15 -6 14 -6 13 -7 12 -5 11 -5 11 -5 10 -6 12 -4 11 0 0 -3 11 -6 11 -3 10 -4 9 -4 9 -3 9 -4 8 -3 7 -2 7 -3 8 -3 5 -3 6 -3 7 -2 5 -3 6 -2 5 -4 5 -4 6 -3 6 -5 5 -4 5 -5 4 -3 7 -4 6 -4 4 -5 5 0 0 0 0 0 0 0 0 0 0 ]
87,1783414481.471278,14.0559,-76,CSI_DATA,AP,98:F4:AB:29:67:94,-76,11,1,4,1,1,1,0,0,0,0,-96,0,6,1,38611203,0,84,0,0,38.9931,384,[84 -64 4 0 0 0 0 0 0 0 0 0 -15 22 -13 19 -14 22 -12 20 -12 22 -13 18 -12 20 -13 17 -12 19 -14 19 -12 17 -12 18 -11 18 -11 16 -10 14 -11 18 -10 16 -10 15 -10 15 -10 14 -10 14 -8 13 -9 13 -9 11 -8 12 -6 11 0 0 -5 11 -7 11 -6 10 -5 9 -7 9 -5 10 -5 8 -6 7 -6 7 -6 9 -5 6 -7 7 -5 5 -6 6 -8 7 -4 5 -6 6 -7 4 -8 5 -6 5 -6 4 -7 6 -7 5 -7 6 -7 5 -9 6 0 0 0 0 0 0 0 0 0 0 ]
88,1783414481.598286,14.6823,-77,CSI_DATA,AP,98:F4:AB:29:67:94,-77,11,1,4,1,1,1,0,0,0,0,-96,0,6,1,38700895,0,84,0,0,39.0829,384,[84 -64 4 0 0 0 0 0 0 0 0 0 19 -17 15 -17 17 -20 16 -17 16 -17 16 -17 13 -17 15 -15 17 -17 13 -15 14 -15 14 -17 14 -16 13 -13 12 -14 13 -16 11 -14 12 -14 12 -10 11 -12 10 -11 11 -11 10 -11 10 -12 10 -11 9 -11 0 0 8 -10 7 -10 9 -9 6 -8 7 -8 7 -9 6 -8 4 -7 6 -7 6 -6 6 -6 5 -6 5 -4 5 -6 6 -6 6 -4 8 -4 7 -4 5 -5 6 -3 8 -3 5 -3 7 -3 8 -4 7 -3 9 -4 0 0 0 0 0 0 0 0 0 0 ]
89,1783414481.722812,14.7344,-77,CSI_DATA,AP,98:F4:AB:29:67:94,-77,11,1,4,1,1,1,0,0,0,0,-96,0,6,1,38791516,0,84,0,0,39.1735,384,[84 -64 4 0 0 0 0 0 0 0 0 0 -23 -12 -21 -9 -23 -11 -20 -11 -22 -11 -19 -12 -21 -11 -20 -9 -20 -12 -20 -9 -21 -9 -20 -7 -20 -9 -20 -10 -16 -8 -18 -7 -17 -8 -18 -9 -16 -7 -16 -7 -14 -7 -16 -6 -13 -7 -15 -6 -13 -5 -13 -6 0 0 -12 -5 -13 -4 -13 -5 -12 -5 -10 -4 -10 -5 -10 -4 -10 -5 -11 -4 -10 -2 -7 -4 -7 -4 -9 -4 -7 -4 -6 -4 -8 -5 -7 -6 -6 -5 -6 -5 -7 -5 -7 -7 -6 -5 -6 -6 -8 -5 -7 -5 -7 -8 0 0 0 0 0 0 0 0 0 0 ]
90,1783414481.852110,14.7903,-75,CSI_DATA,AP,98:F4:AB:29:67:94,-75,11,1,2,1,1,1,0,0,0,0,-96,0,6,1,38882916,0,84,0,0,39.2649,384,[84 -64 4 0 0 0 0 0 0 0 0 0 -16 17 -14 16 -16 17 -16 15 -17 17 -13 14 -13 14 -14 16 -13 16 -14 14 -13 13 -13 13 -12 13 -13 12 -13 13 -13 13 -9 12 -11 13 -11 11 -10 12 -11 10 -10 11 -10 9 -9 9 -10 10 -8 10 0 0 -7 8 -8 9 -6 9 -6 7 -6 7 -7 7 -7 7 -6 6 -6 6 -4 4 -6 6 -5 4 -6 6 -6 3 -6 4 -5 4 -7 5 -6 2 -7 1 -7 3 -7 4 -7 3 -8 3 -8 3 -8 3 -8 1 0 0 0 0 0 0 0 0 0 0 ]
91,1783414481.979717,14.4596,-77,CSI_DATA,AP,98:F4:AB:29:67:94,-77,11,1,4,1,1,1,0,0,0,0,-96,0,6,1,38977726,0,84,0,0,39.3598,384,[84 -64 4 0 0 0 0 0 0 0 0 0 -20 18 -17 16 -18 17 -19 16 -19 16 -17 13 -15 14 -15 15 -13 14 -16 15 -14 14 -15 13 -17 14 -14 15 -12 13 -15 15 -12 14 -12 13 -11 11 -12 12 -11 11 -11 10 -10 12 -10 9 -10 10 -12 10 0 0 -9 9 -8 9 -9 7 -7 10 -7 7 -7 7 -5 7 -6 5 -7 7 -7 6 -7 7 -5 6 -5 5 -5 4 -6 5 -6 5 -7 4 -6 3 -6 5 -8 5 -6 4 -6 7 -6 4 -8 3 -7 2 -8 3 0 0 0 0 0 0 0 0 0 0 ]
92,1783414482.106146,13.8997,-76,CSI_DATA,AP,98:F4:AB:29:67:94,-76,11,1,4,1,1,1,0,0,0,0,-96,0,6,1,39063574,0,84,0,0,39.4456,384,[84 -64 4 0 0 0 0 0 0 0 0 0 6 26 4 23 6 25 6 23 4 23 3 22 4 22 3 21 5 20 6 21 4 21 5 21 6 19 4 19 2 15 4 19 6 18 4 17 3 15 6 15 2 14 5 13 3 14 4 14 3 14 4 12 0 0 6 12 4 12 5 8 4 10 3 9 2 9 4 9 3 7 1 7 3 9 2 8 1 8 3 8 2 8 1 7 2 6 2 6 3 6 0 7 0 7 -2 9 0 7 -1 9 0 7 -1 9 0 9 0 0 0 0 0 0 0 0 0 0 ]
93,1783414482.231153,14.1918,-76,CSI_DATA,AP,98:F4:AB:29:67:94,-76,11,1,4,1,1,1,0,0,0,0,-96,0,6,1,39152812,0,84,0,0,39.5348,384,[84 -64 4 0 0 0 0 0 0 0 0 0 -21 -19 -18 -19 -16 -20 -17 -17 -16 -19 -15 -17 -15 -17 -15 -16 -15 -16 -15 -15 -16 -15 -16 -14 -15 -14 -14 -16 -13 -13 -15 -15 -14 -12 -13 -12 -13 -12 -11 -13 -12 -11 -10 -12 -10 -10 -11 -10 -11 -11 -12 -9 0 0 -9 -10 -12 -10 -10 -9 -8 -7 -8 -6 -8 -8 -7 -8 -7 -7 -8 -6 -6 -7 -6 -5 -6 -7 -8 -6 -5 -7 -6 -7 -5 -8 -5 -7 -4 -7 -5 -8 -4 -7 -4 -8 -3 -7 -4 -8 -5 -8 -3 -9 -4 -8 0 0 0 0 0 0 0 0 0 0 ]
94,1783414482.358237,13.9747,-77,CSI_DATA,AP,98:F4:AB:29:67:94,-77,11,1,4,1,1,1,0,0,0,0,-96,0,6,1,39243695,0,84,0,0,39.6257,384,[84 -64 4 0 0 0 0 0 0 0 0 0 -26 -3 -25 -4 -26 -4 -24 -3 -24 -2 -22 -3 -23 -1 -21 -2 -21 -2 -20 -2 -22 -1 -22 -2 -20 -1 -21 -1 -21 -1 -21 -3 -18 -3 -20 -1 -19 -2 -17 1 -17 -1 -17 -1 -16 -1 -15 0 -13 0 -13 0 0 0 -12 1 -13 0 -10 -1 -11 -1 -10 -1 -10 0 -9 0 -9 0 -7 0 -9 0 -7 -1 -8 1 -7 -1 -8 0 -9 -3 -9 -2 -9 0 -8 -3 -7 -1 -9 -3 -9 -3 -8 -3 -8 -1 -9 -2 -10 -3 -9 -6 0 0 0 0 0 0 0 0 0 0 ]
95,1783414482.484785,14.2907,-71,CSI_DATA,AP,98:F4:AB:29:67:94,-71,11,0,0,0,0,0,0,0,0,0,-96,0,6,1,39342976,0,84,0,0,39.7251,128,[84 -64 4 0 0 0 0 0 0 0 0 0 -13 -33 -11 -31 -12 -33 -14 -31 -13 -34 -11 -29 -10 -29 -10 -27 -8 -31 -10 -26 -8 -25 -10 -27 -7 -29 -10 -27 -12 -25 -15 -25 -14 -22 -10 -20 -9 -20 -10 -22 -7 -20 -8 -20 -6 -18 -9 -18 -9 -20 -8 -19 0 0 -6 -16 -7 -16 -7 -17 -7 -14 -5 -14 -5 -14 -6 -13 -5 -13 -5 -12 -4 -11 -2 -13 -3 -10 -4 -11 -3 -11 -2 -11 -2 -11 -2 -11 -2 -10 2 -12 0 -12 0 -11 1 -13 1 -12 0 -14 1 -15 3 -13 0 0 0 0 0 0 0 0 0 0 ]
96,1783414482.611348,13.9796,-77,CSI_DATA,AP,98:F4:AB:29:67:94,-77,11,1,4,1,1,1,0,0,0,0,-96,0,6,1,39421121,0,84,0,0,39.803,384,[84 -64 4 0 0 0 0 0 0 0 0 0 0 -26 0 -24 3 -25 1 -26 0 -24 0 -23 0 -21 1 -22 1 -21 1 -20 0 -22 1 -21 -2 -21 -1 -21 -1 -18 -1 -19 -1 -20 0 -18 -1 -17 1 -17 1 -15 -1 -16 -1 -14 -1 -14 -1 -14 -1 -14 0 0 -2 -14 0 -12 -1 -11 0 -10 -1 -9 -2 -11 -1 -11 -1 -9 0 -9 -2 -8 0 -8 0 -7 0 -7 -1 -8 2 -7 0 -9 1 -8 1 -8 1 -7 1 -7 3 -6 3 -8 3 -8 3 -9 3 -8 3 -9 0 0 0 0 0 0 0 0 0 0 ]
97,1783414482.737253,14.8127,-76,CSI_DATA,AP,98:F4:AB:29:67:94,-76,11,1,4,1,1,1,0,0,0,0,-96,0,6,1,39510842,0,84,0,0,39.8929,384,[84 -64 4 0 0 0 0 0 0 0 0 0 4 -25 4 -24 5 -25 5 -23 4 -21 5 -22 5 -21 4 -21 4 -22 4 -19 5 -21 3 -20 4 -21 2 -20 3 -19 2 -22 3 -18 1 -17 3 -16 4 -17 5 -17 2 -16 2 -14 2 -14 3 -15 2 -14 0 0 2 -13 2 -11 1 -11 0 -12 2 -9 1 -12 3 -9 0 -10 1 -9 2 -10 0 -9 1 -9 1 -9 2 -8 3 -8 3 -8 2 -7 2 -6 2 -6 2 -7 3 -7 4 -9 4 -8 3 -8 2 -8 5 -8 0 0 0 0 0 0 0 0 0 0 ]
98,1783414482.864771,17.9661,-71,CSI_DATA,AP,98:F4:AB:29:67:94,-71,11,0,0,0,0,0,0,0,0,0,-96,0,6,1,39611657,0,84,0,0,39.9938,128,[84 -64 4 0 0 0 0 0 0 0 0 0 14 -31 13 -29 14 -30 12 -29 14 -29 11 -25 12 -26 12 -24 12 -26 11 -26 10 -27 9 -27 10 -27 9 -25 8 -24 8 -26 6 -23 7 -22 6 -21 7 -22 7 -20 6 -21 6 -19 5 -19 6 -19 6 -19 0 0 4 -17 5 -18 4 -15 4 -16 3 -14 5 -13 4 -13 4 -12 3 -13 4 -12 3 -12 4 -11 3 -11 4 -10 5 -12 5 -10 5 -11 5 -9 6 -9 5 -10 6 -9 6 -9 7 -10 7 -10 9 -10 9 -11 0 0 0 0 0 0 0 0 0 0 ]
99,1783414482.991123,16.9151,-76,CSI_DATA,AP,98:F4:AB:29:67:94,-76,11,1,4,1,1,1,0,0,0,0,-96,0,6,1,39692621,0,84,0,0,40.0746,384,[84 -64 4 0 0 0 0 0 0 0 0 0 -18 18 -16 17 -18 18 -17 17 -18 19 -16 15 -15 16 -14 13 -15 17 -15 16 -12 16 -14 14 -15 15 -14 14 -12 13 -14 16 -12 14 -13 13 -11 13 -11 11 -10 11 -12 12 -9 10 -10 10 -11 10 -10 11 0 0 -8 9 -9 9 -7 10 -8 8 -8 8 -9 6 -8 8 -8 5 -6 6 -6 9 -6 7 -6 5 -7 4 -7 4 -7 5 -7 4 -7 5 -6 4 -8 4 -8 3 -8 5 -9 4 -9 4 -9 5 -10 3 -9 4 0 0 0 0 0 0 0 0 0 0 ]
100,1783414483.118738,15.6285,-77,CSI_DATA,AP,98:F4:AB:29:67:94,-77,11,1,4,1,1,1,0,0,0,0,-96,0,6,1,39790384,0,84,0,0,40.1724,384,[84 -64 4 0 0 0 0 0 0 0 0 0 -26 1 -23 2 -25 -2 -24 1 -24 2 -22 -1 -22 1 -22 -1 -21 1 -23 0 -22 -1 -20 -1 -19 0 -21 1 -19 0 -20 3 -18 3 -17 3 -16 1 -17 1 -16 2 -16 2 -16 2 -13 1 -14 1 -14 1 0 0 -12 2 -14 1 -11 2 -13 3 -10 1 -9 1 -10 0 -10 0 -10 2 -8 1 -9 1 -7 1 -8 1 -8 1 -9 -1 -9 1 -9 0 -8 -1 -6 0 -8 0 -8 -2 -8 -2 -10 -3 -10 0 -10 -4 -10 -4 0 0 0 0 0 0 0 0 0 0 ]
101,1783414483.246617,14.3609,-77,CSI_DATA,AP,98:F4:AB:29:67:94,-77,11,1,4,1,1,1,0,0,0,0,-96,0,6,1,39877847,0,84,0,0,40.2599,384,[84 -64 4 0 0 0 0 0 0 0 0 0 12 22 11 21 11 23 10 21 11 21 9 20 10 18 9 18 9 18 7 19 10 18 10 17 10 17 9 17 8 15 8 17 10 16 8 15 8 13 6 15 8 14 7 13 6 14 6 13 4 13 7 11 0 0 4 10 5 12 4 10 6 8 3 9 3 8 3 7 3 8 3 7 2 6 2 6 1 7 3 6 1 6 3 8 2 7 0 7 2 6 0 7 1 7 -1 7 0 8 -1 8 -1 8 -1 8 -3 8 0 0 0 0 0 0 0 0 0 0 ]
102,1783414483.374155,13.2154,-77,CSI_DATA,AP,98:F4:AB:29:67:94,-77,11,1,4,1,1,1,0,0,0,0,-96,0,6,1,39963554,0,84,0,0,40.3456,384,[84 -64 4 0 0 0 0 0 0 0 0 0 -3 27 0 24 -2 26 -3 24 -3 24 -4 20 -4 22 -1 20 -1 20 -3 21 -2 21 -3 20 -3 20 -3 18 -4 19 -4 19 -3 18 -1 18 -1 15 -3 15 -2 17 -2 15 -4 15 -2 13 -2 13 -2 12 0 0 -4 11 -2 12 -3 9 -1 11 -1 8 -3 10 -3 8 -1 9 -2 8 -2 8 -2 6 -3 6 -3 6 -3 7 -3 6 -4 6 -6 6 -4 5 -4 5 -5 6 -6 6 -4 6 -8 6 -7 7 -7 5 -7 4 0 0 0 0 0 0 0 0 0 0 ]
103,1783414483.501530,13.2132,-77,CSI_DATA,AP,98:F4:AB:29:67:94,-77,11,1,4,1,1,1,0,0,0,0,-96,0,6,1,40055157,0,84,0,0,40.4372,384,[84 -64 4 0 0 0 0 0 0 0 0 0 -15 19 -15 19 -17 19 -15 19 -14 20 -12 18 -14 18 -15 17 -13 17 -12 19 -11 18 -12 16 -10 17 -12 18 -10 14 -10 16 -9 15 -8 16 -9 15 -6 14 -9 14 -7 15 -9 13 -7 13 -8 12 -8 10 0 0 -6 11 -6 13 -5 11 -5 9 -5 8 -4 10 -3 8 -4 9 -4 7 -3 7 -4 8 -3 8 -3 7 -3 8 -4 6 -3 7 -6 7 -6 6 -3 6 -5 5 -5 5 -5 7 -6 6 -5 7 -5 6 -6 7 0 0 0 0 0 0 0 0 0 0 ]
104,1783414483.630849,13.5990,-77,CSI_DATA,AP,98:F4:AB:29:67:94,-77,11,1,4,1,1,1,0,0,0,0,-96,0,6,1,40142134,0,84,0,0,40.5241,384,[84 -64 4 0 0 0 0 0 0 0 0 0 -19 -18 -15 -19 -17 -19 -17 -17 -17 -18 -15 -17 -13 -20 -14 -17 -14 -16 -15 -17 -16 -16 -15 -14 -15 -16 -14 -13 -14 -14 -15 -14 -14 -13 -15 -11 -11 -14 -12 -12 -12 -10 -11 -12 -10 -11 -10 -12 -11 -10 -12 -9 0 0 -8 -10 -10 -8 -8 -7 -10 -7 -6 -7 -8 -7 -7 -6 -7 -8 -6 -8 -6 -6 -6 -6 -5 -6 -6 -6 -5 -7 -6 -8 -7 -6 -6 -7 -6 -8 -3 -9 -4 -7 -5 -7 -3 -9 -2 -9 -4 -9 -4 -9 -3 -10 0 0 0 0 0 0 0 0 0 0 ]
105,1783414483.760495,13.5118,-76,CSI_DATA,AP,98:F4:AB:29:67:94,-76,11,1,4,1,1,1,0,0,0,0,-96,0,6,1,40231011,0,84,0,0,40.613,384,[84 -64 4 0 0 0 0 0 0 0 0 0 23 -10 21 -12 22 -10 22 -8 22 -9 20 -10 20 -10 19 -9 20 -8 19 -10 18 -10 18 -11 16 -12 17 -8 17 -11 16 -9 16 -9 15 -9 15 -8 14 -9 14 -7 16 -6 13 -8 13 -8 12 -7 11 -7 0 0 10 -7 12 -7 9 -7 10 -5 9 -3 8 -6 9 -5 8 -6 7 -5 6 -4 7 -4 7 -4 8 -3 7 -4 8 -4 7 -3 7 -2 8 -3 8 -2 7 -2 6 -2 7 -2 6 -2 8 -3 10 -1 10 0 0 0 0 0 0 0 0 0 0 0 ]
106,1783414483.889531,13.9641,-76,CSI_DATA,AP,98:F4:AB:29:67:94,-76,11,1,4,1,1,1,0,0,0,0,-96,0,6,1,40328752,0,84,0,0,40.7108,384,[84 -64 4 0 0 0 0 0 0 0 0 0 -25 -7 -23 -7 -25 -8 -25 -8 -24 -5 -21 -6 -22 -6 -21 -7 -21 -7 -21 -6 -20 -7 -20 -7 -19 -5 -19 -4 -18 -5 -22 -5 -19 -3 -18 -5 -18 -4 -15 -4 -17 -6 -15 -5 -15 -5 -15 -4 -14 -3 -14 -4 0 0 -13 -4 -13 -2 -12 -3 -12 -3 -10 -5 -9 -2 -10 -4 -9 -4 -10 -2 -9 -3 -10 -3 -8 -3 -9 -3 -7 -3 -8 -5 -6 -3 -10 -6 -7 -4 -9 -4 -8 -3 -7 -6 -7 -6 -8 -6 -6 -7 -8 -7 -8 -7 0 0 0 0 0 0 0 0 0 0 ]
107,1783414484.018419,14.4172,-76,CSI_DATA,AP,98:F4:AB:29:67:94,-76,11,1,4,1,1,1,0,0,0,0,-96,0,6,1,40414188,0,84,0,0,40.7962,384,[84 -64 4 0 0 0 0 0 0 0 0 0 13 22 14 21 14 21 11 19 13 19 11 17 12 19 12 19 10 17 11 18 10 18 10 16 12 15 9 17 10 15 11 17 9 15 10 15 9 14 8 13 8 14 10 13 7 13 8 13 5 13 7 11 0 0 5 10 7 11 5 8 5 7 4 8 4 9 5 7 3 8 4 7 2 6 5 9 3 6 3 6 4 6 4 7 3 7 3 7 4 8 2 6 1 7 1 7 2 8 1 8 1 7 0 8 1 10 0 0 0 0 0 0 0 0 0 0 ]
108,1783414484.144757,13.7333,-76,CSI_DATA,AP,98:F4:AB:29:67:94,-76,11,1,4,1,1,1,0,0,0,0,-96,0,6,1,40502556,0,84,0,0,40.8846,384,[84 -64 4 0 0 0 0 0 0 0 0 0 21 -1 18 2 20 1 20 2 20 1 19 0 17 2 16 0 16 0 18 0 17 0 19 0 17 -1 16 -1 16 -2 17 -1 14 -1 14 -2 15 -2 16 -2 14 -1 14 -3 12 0 12 -3 12 -1 11 -1 0 0 11 -2 10 -3 9 -3 8 -1 7 -2 8 -2 8 -1 7 -2 8 -1 7 -2 7 -3 6 -1 7 -1 5 -1 6 -2 7 -1 6 -1 6 -1 6 0 5 0 6 0 7 0 8 0 6 0 8 2 7 2 0 0 0 0 0 0 0 0 0 0 ]
109,1783414484.271921,13.1444,-76,CSI_DATA,AP,98:F4:AB:29:67:94,-76,11,1,4,1,1,1,0,0,0,0,-96,0,6,1,40593692,0,84,0,0,40.9757,384,[84 -64 4 0 0 0 0 0 0 0 0 0 -21 15 -22 15 -23 13 -22 14 -18 11 -20 12 -20 12 -19 11 -18 11 -19 12 -16 13 -16 12 -17 13 -17 12 -16 12 -15 12 -14 10 -14 10 -12 10 -14 10 -14 10 -12 9 -13 8 -12 10 -11 8 -10 8 0 0 -9 7 -10 9 -7 9 -9 7 -9 6 -7 7 -8 6 -7 6 -7 5 -7 6 -6 6 -7 5 -6 4 -5 5 -6 5 -6 4 -7 4 -6 3 -7 5 -7 4 -8 3 -8 2 -8 5 -7 4 -8 4 -9 3 0 0 0 0 0 0 0 0 0 0 ]
110,1783414484.398482,13.3050,-77,CSI_DATA,AP,98:F4:AB:29:67:94,-77,11,1,4,1,1,1,0,0,0,0,-96,0,6,1,40681818,0,84,0,0,41.0638,384,[84 -64 4 0 0 0 0 0 0 0 0 0 -8 -23 -7 -23 -9 -25 -5 -24 -8 -22 -5 -23 -6 -22 -7 -21 -7 -20 -6 -22 -8 -21 -8 -18 -5 -18 -6 -18 -7 -17 -8 -20 -7 -16 -8 -16 -7 -16 -8 -15 -6 -16 -6 -15 -5 -15 -3 -12 -5 -13 -7 -14 0 0 -7 -13 -4 -10 -4 -9 -4 -11 -2 -9 -4 -9 -2 -10 -5 -9 -4 -8 -5 -7 -3 -8 -1 -8 -2 -7 -3 -7 -3 -8 -3 -6 -2 -8 -1 -7 0 -9 -2 -8 -1 -7 -1 -10 -2 -10 -2 -11 0 -9 0 -11 0 0 0 0 0 0 0 0 0 0 ]
111,1783414484.525507,13.4837,-77,CSI_DATA,AP,98:F4:AB:29:67:94,-77,11,1,4,1,1,1,0,0,0,0,-96,0,6,1,40774008,0,84,0,0,41.156,384,[84 -64 4 0 0 0 0 0 0 0 0 0 10 24 8 18 10 21 7 19 9 21 9 19 10 18 7 19 9 19 9 19 9 18 7 19 8 18 7 16 9 16 10 18 9 13 7 15 7 14 7 14 9 15 7 13 7 13 7 12 5 11 5 13 0 0 6 9 7 9 6 8 7 10 4 6 4 8 4 7 4 5 6 7 5 6 4 7 3 6 3 4 3 6 4 7 4 5 2 6 2 6 3 8 1 7 4 7 2 8 2 9 0 8 1 8 1 9 0 0 0 0 0 0 0 0 0 0 ]
112,1783414484.651396,13.9047,-77,CSI_DATA,AP,98:F4:AB:29:67:94,-77,11,1,4,1,1,1,0,0,0,0,-96,0,6,1,40862899,0,84,0,0,41.2448,384,[84 -64 4 0 0 0 0 0 0 0 0 0 -16 18 -14 16 -18 16 -15 18 -18 17 -14 16 -17 17 -16 15 -16 17 -15 15 -14 16 -14 14 -15 15 -15 16 -13 13 -12 16 -11 13 -12 13 -10 13 -10 13 -12 11 -10 12 -12 12 -10 12 -9 11 -9 10 0 0 -8 8 -7 9 -7 8 -7 9 -5 7 -8 8 -7 8 -6 7 -5 7 -5 7 -6 6 -5 6 -5 5 -6 6 -4 5 -5 5 -5 6 -6 5 -6 5 -4 5 -7 5 -7 4 -8 5 -9 6 -8 5 -9 4 0 0 0 0 0 0 0 0 0 0 ]
113,1783414484.777721,14.2301,-77,CSI_DATA,AP,98:F4:AB:29:67:94,-77,11,1,4,1,1,1,0,0,0,0,-96,0,6,1,40953912,0,84,0,0,41.336,384,[84 -64 4 0 0 0 0 0 0 0 0 0 -26 -6 -24 -10 -22 -8 -23 -9 -24 -7 -22 -5 -22 -7 -20 -8 -21 -7 -21 -6 -21 -5 -20 -5 -20 -4 -21 -4 -18 -3 -19 -3 -19 -4 -19 -5 -19 -4 -17 -3 -16 -3 -17 -2 -14 -4 -15 -1 -17 -3 -14 -2 0 0 -15 -2 -13 -1 -12 -4 -11 -1 -11 -1 -11 -3 -9 -2 -8 -2 -9 -3 -10 -1 -11 -1 -8 -3 -9 1 -9 -2 -10 -2 -8 -3 -9 -4 -8 -3 -7 -4 -8 -4 -9 -4 -7 -4 -9 -5 -9 -6 -9 -4 -9 -5 0 0 0 0 0 0 0 0 0 0 ]
114,1783414484.904714,14.8611,-77,CSI_DATA,AP,98:F4:AB:29:67:94,-77,11,1,4,1,1,1,0,0,0,0,-96,0,6,1,41041792,0,84,0,0,41.4238,384,[84 -64 4 0 0 0 0 0 0 0 0 0 11 21 11 20 12 22 10 19 11 19 9 17 10 19 13 18 9 18 8 20 11 17 9 19 10 17 10 17 8 16 11 16 9 15 9 16 7 15 9 14 7 14 8 14 7 15 6 13 5 14 6 13 0 0 3 12 5 11 5 10 4 10 4 9 3 9 5 7 3 7 2 8 4 8 3 8 3 6 0 7 1 8 2 7 1 7 1 6 1 5 0 7 0 9 0 7 -1 7 -1 8 -1 9 -2 10 -2 8 0 0 0 0 0 0 0 0 0 0 ]
115,1783414485.031140,15.0260,-76,CSI_DATA,AP,98:F4:AB:29:67:94,-76,11,1,4,1,1,1,0,0,0,0,-96,0,6,1,41136049,0,84,0,0,41.5181,384,[84 -64 4 0 0 0 0 0 0 0 0 0 -22 12 -25 11 -22 13 -20 12 -22 11 -19 10 -19 11 -18 11 -19 12 -20 9 -18 10 -18 10 -17 10 -17 12 -16 9 -17 10 -16 9 -16 11 -16 9 -16 10 -15 8 -14 9 -14 7 -13 5 -13 7 -13 7 0 0 -12 6 -11 7 -11 4 -11 6 -9 6 -8 4 -9 5 -7 4 -9 3 -11 3 -9 5 -8 4 -7 3 -9 2 -9 3 -9 2 -9 3 -8 2 -9 1 -9 2 -9 -1 -9 2 -9 1 -10 1 -9 1 -10 1 0 0 0 0 0 0 0 0 0 0 ]
116,1783414485.154138,14.8051,-70,CSI_DATA,AP,98:F4:AB:29:67:94,-70,11,0,0,0,0,0,0,0,0,0,-96,0,6,1,41225448,0,84,0,0,41.6076,128,[84 -64 4 0 0 0 0 0 0 0 0 0 -11 0 -11 0 -10 -1 -11 -1 -10 1 -9 0 -9 -1 -8 -1 -9 0 -8 -1 -9 -1 -9 0 -9 0 -9 0 -8 0 -9 0 -8 -1 -8 1 -7 0 -7 0 -6 -1 -7 0 -7 -1 -6 0 -7 0 -7 0 0 0 -6 -1 -6 -1 -5 0 -5 1 -4 0 -5 -1 -5 -1 -4 -1 -6 -1 -3 0 -4 -1 -4 -1 -4 -1 -4 -1 -4 -1 -4 -1 -4 -1 -4 -2 -3 -2 -3 -2 -4 -2 -4 -2 -3 -2 -4 -2 -3 -2 -3 -2 0 0 0 0 0 0 0 0 0 0 ]
117,1783414485.277842,13.7411,-77,CSI_DATA,AP,98:F4:AB:29:67:94,-77,11,1,4,1,1,1,0,0,0,0,-96,0,6,1,41311092,0,84,0,0,41.6932,384,[84 -64 4 0 0 0 0 0 0 0 0 0 -15 -17 -14 -17 -14 -18 -15 -16 -14 -16 -11 -15 -11 -16 -12 -15 -10 -15 -12 -14 -12 -14 -12 -12 -12 -13 -13 -13 -11 -14 -10 -14 -11 -11 -11 -12 -10 -12 -10 -12 -10 -13 -10 -11 -9 -11 -9 -10 -7 -11 -8 -9 0 0 -8 -9 -9 -9 -7 -8 -8 -8 -6 -8 -6 -8 -6 -8 -6 -7 -5 -6 -6 -6 -7 -6 -5 -6 -5 -6 -5 -6 -5 -8 -4 -7 -3 -8 -3 -7 -3 -7 -4 -8 -3 -8 -2 -8 -3 -8 -4 -9 -1 -10 -3 -8 0 0 0 0 0 0 0 0 0 0 ]
118,1783414485.402241,12.3554,-75,CSI_DATA,AP,98:F4:AB:29:67:94,-75,11,1,2,1,1,1,0,0,0,0,-96,0,6,1,41411374,0,84,0,0,41.7935,384,[84 -64 4 0 0 0 0 0 0 0 0 0 -18 8 -15 6 -19 9 -17 8 -18 8 -17 6 -16 5 -17 7 -16 6 -15 8 -16 9 -15 7 -15 8 -14 7 -12 6 -16 7 -13 7 -13 8 -11 7 -12 6 -12 6 -14 5 -12 5 -10 4 -11 5 -10 4 0 0 -11 5 -10 6 -10 5 -9 5 -8 4 -8 3 -8 3 -7 4 -7 3 -6 3 -6 4 -7 3 -7 3 -7 2 -7 2 -8 2 -8 1 -6 1 -7 1 -7 0 -8 0 -8 0 -8 0 -9 0 -10 0 -9 0 0 0 0 0 0 0 0 0 0 0 ]
119,1783414485.528872,13.2685,-77,CSI_DATA,AP,98:F4:AB:29:67:94,-77,11,1,4,1,1,1,0,0,0,0,-96,0,6,1,41496753,0,84,0,0,41.8788,384,[84 -64 4 0 0 0 0 0 0 0 0 0 21 8 20 8 24 10 23 7 22 6 18 10 17 6 19 7 21 5 20 6 19 7 17 5 18 5 19 7 17 5 21 5 17 3 18 4 15 3 15 3 15 3 16 2 14 4 14 3 14 4 13 4 0 0 12 3 11 1 12 3 9 3 9 2 9 2 8 3 7 0 8 2 9 1 8 1 7 0 8 2 6 1 9 2 7 2 8 3 7 2 7 5 7 3 6 4 5 3 8 6 7 5 7 4 8 4 0 0 0 0 0 0 0 0 0 0 ]
120,1783414485.651886,14.7324,-76,CSI_DATA,AP,98:F4:AB:29:67:94,-76,11,1,4,1,1,1,0,0,0,0,-96,0,6,1,41583428,0,84,0,0,41.9653,384,[84 -64 4 0 0 0 0 0 0 0 0 0 25 -2 22 -3 26 -3 24 -1 23 -3 21 -1 22 -2 21 -2 21 -3 22 -4 22 -2 19 -4 20 -3 19 -4 19 -2 20 -3 18 -3 17 -3 15 -3 17 -2 16 -2 17 -1 16 -1 15 -3 16 -1 12 -1 0 0 12 -2 13 -1 10 -1 11 -3 10 -2 12 -2 10 -1 8 0 9 0 10 -2 8 0 7 1 8 0 8 1 7 0 9 1 8 3 7 3 8 2 7 0 7 2 7 3 9 3 9 4 8 3 10 4 0 0 0 0 0 0 0 0 0 0 ]
121,1783414485.776403,15.6083,-76,CSI_DATA,AP,98:F4:AB:29:67:94,-76,11,1,4,1,1,1,0,0,0,0,-96,0,6,1,41670885,0,84,0,0,42.0529,384,[84 -64 4 0 0 0 0 0 0 0 0 0 -9 -24 -7 -21 -9 -25 -9 -22 -8 -22 -7 -19 -7 -23 -8 -21 -7 -20 -7 -21 -8 -20 -8 -21 -8 -20 -7 -18 -7 -17 -8 -20 -8 -18 -8 -17 -8 -16 -6 -18 -7 -16 -5 -16 -6 -15 -6 -15 -5 -15 -6 -14 0 0 -4 -12 -5 -13 -4 -11 -5 -10 -5 -10 -5 -11 -4 -10 -3 -9 -4 -9 -3 -8 -3 -8 -3 -8 -2 -9 -4 -8 -2 -7 -2 -8 0 -9 0 -9 -1 -8 -1 -8 0 -9 0 -9 0 -9 0 -10 1 -10 0 -10 0 0 0 0 0 0 0 0 0 0 ]
122,1783414485.902518,15.1414,-77,CSI_DATA,AP,98:F4:AB:29:67:94,-77,11,1,4,1,1,1,0,0,0,0,-96,0,6,1,41763057,0,84,0,0,42.1451,384,[84 -64 4 0 0 0 0 0 0 0 0 0 -1 -28 -2 -23 -3 -26 0 -23 0 -25 -1 -23 -1 -22 -1 -20 -2 -21 -1 -22 -2 -23 0 -21 -1 -21 -2 -19 -3 -16 -2 -20 -2 -19 -1 -19 -1 -16 0 -18 -1 -17 -1 -16 1 -16 0 -15 0 -14 -2 -14 0 0 0 -13 -1 -12 -2 -11 -1 -12 0 -11 0 -10 -1 -9 -1 -9 0 -9 -1 -9 0 -9 0 -8 0 -7 0 -8 1 -8 0 -7 2 -9 2 -8 2 -9 2 -9 2 -8 2 -8 4 -9 3 -8 5 -10 4 -7 0 0 0 0 0 0 0 0 0 0 ]
123,1783414486.026208,18.2081,-71,CSI_DATA,AP,98:F4:AB:29:67:94,-71,11,0,0,0,0,0,0,0,0,0,-96,0,6,1,41856757,0,84,0,0,42.2389,128,[84 -64 4 0 0 0 0 0 0 0 0 0 25 26 22 19 24 20 25 23 20 22 18 15 21 15 21 23 20 17 17 19 20 22 21 17 19 21 17 21 18 20 21 21 14 14 22 10 16 18 21 16 14 14 21 8 13 9 12 14 16 12 11 8 0 0 15 9 14 11 11 10 11 7 12 6 10 8 9 6 7 9 11 5 10 7 9 6 8 6 7 6 6 6 8 6 5 7 8 10 7 8 6 9 6 8 5 11 6 9 5 11 6 9 4 10 4 10 0 0 0 0 0 0 0 0 0 0 ]
124,1783414486.150871,15.6724,-77,CSI_DATA,AP,98:F4:AB:29:67:94,-77,11,1,4,1,1,1,0,0,0,0,-96,0,6,1,41941100,0,84,0,0,42.3232,384,[84 -64 4 0 0 0 0 0 0 0 0 0 21 5 19 7 20 5 19 5 19 4 16 4 17 4 16 3 17 5 18 3 17 5 16 3 17 1 16 3 15 3 17 3 16 1 15 3 13 2 13 2 12 2 12 2 13 3 11 1 12 2 12 1 0 0 11 0 10 1 9 1 10 0 8 0 7 0 6 2 7 1 8 1 7 0 6 0 7 1 7 2 6 1 7 2 6 1 6 2 6 1 6 3 5 4 7 4 5 4 6 4 6 4 6 4 6 5 0 0 0 0 0 0 0 0 0 0 ]
125,1783414486.275126,15.3705,-77,CSI_DATA,AP,98:F4:AB:29:67:94,-77,11,1,4,1,1,1,0,0,0,0,-96,0,6,1,42032872,0,84,0,0,42.4149,384,[84 -64 4 0 0 0 0 0 0 0 0 0 -26 -7 -23 -8 -25 -6 -23 -6 -22 -5 -21 -5 -22 -7 -22 -7 -23 -5 -21 -7 -21 -6 -22 -4 -20 -5 -20 -5 -18 -6 -20 -4 -18 -4 -16 -6 -16 -5 -17 -6 -16 -4 -15 -4 -14 -5 -14 -4 -14 -6 -15 -4 0 0 -12 -4 -13 -2 -11 -3 -13 -2 -11 -3 -10 -2 -10 -3 -9 -4 -10 -2 -9 -2 -11 -2 -9 -2 -7 -4 -8 -4 -8 -3 -7 -4 -8 -5 -7 -3 -7 -4 -6 -4 -6 -6 -7 -5 -5 -6 -6 -6 -9 -6 -8 -7 0 0 0 0 0 0 0 0 0 0 ]
126,1783414486.398487,13.8556,-75,CSI_DATA,AP,98:F4:AB:29:67:94,-75,11,1,2,1,1,1,0,0,0,0,-96,0,6,1,42127500,0,84,0,0,42.5095,384,[84 -64 4 0 0 0 0 0 0 0 0 0 22 6 22 6 23 7 22 7 23 5 19 5 21 4 20 6 20 7 19 2 20 4 18 5 18 3 18 5 17 4 19 3 16 3 17 2 16 2 16 3 15 3 15 2 15 2 14 3 13 3 13 4 0 0 11 3 12 2 11 2 10 2 10 1 10 1 10 2 8 3 8 1 8 1 8 1 7 3 7 2 7 3 9 3 7 2 7 4 7 3 7 3 7 2 8 3 5 5 7 4 7 5 6 5 7 5 0 0 0 0 0 0 0 0 0 0 ]
127,1783414486.521476,14.4666,-76,CSI_DATA,AP,98:F4:AB:29:67:94,-76,11,1,4,1,1,1,0,0,0,0,-96,0,6,1,42212137,0,84,0,0,42.5942,384,[84 -64 4 0 0 0 0 0 0 0 0 0 -26 5 -23 4 -25 2 -22 3 -24 4 -24 2 -22 5 -23 2 -21 6 -22 4 -22 4 -20 4 -21 3 -20 4 -19 3 -21 5 -18 3 -18 3 -17 4 -17 3 -18 1 -17 3 -16 3 -15 3 -16 3 -13 2 0 0 -11 2 -12 4 -12 3 -12 3 -11 3 -10 2 -10 2 -9 3 -8 2 -9 2 -9 3 -9 3 -8 1 -7 0 -8 1 -8 1 -7 0 -9 0 -7 -1 -10 1 -7 -1 -7 0 -9 -2 -9 -1 -9 -1 -10 0 0 0 0 0 0 0 0 0 0 0 ]
128,1783414486.645118,13.4187,-76,CSI_DATA,AP,98:F4:AB:29:67:94,-76,11,1,4,1,1,1,0,0,0,0,-96,0,6,1,42300632,0,84,0,0,42.6825,384,[84 -64 4 0 0 0 0 0 0 0 0 0 6 -25 5 -23 5 -25 5 -24 5 -23 5 -22 6 -21 5 -21 5 -21 5 -22 3 -21 4 -20 4 -20 4 -21 4 -21 4 -20 3 -20 4 -17 3 -16 3 -17 6 -16 4 -17 3 -16 2 -13 3 -13 3 -13 0 0 1 -13 2 -12 2 -12 1 -11 1 -9 2 -8 2 -11 1 -9 2 -9 1 -8 2 -7 3 -9 1 -8 2 -7 2 -8 2 -6 5 -7 3 -7 5 -4 4 -6 6 -6 5 -8 4 -7 5 -8 7 -7 7 -6 0 0 0 0 0 0 0 0 0 0 ]
129,1783414486.771125,14.5797,-77,CSI_DATA,AP,98:F4:AB:29:67:94,-77,11,1,4,1,1,1,0,0,0,0,-96,0,6,1,42391773,0,84,0,0,42.7738,384,[84 -64 4 0 0 0 0 0 0 0 0 0 -24 -11 -22 -9 -24 -10 -22 -9 -24 -10 -20 -8 -21 -8 -21 -8 -22 -8 -22 -9 -19 -8 -20 -7 -18 -7 -21 -6 -17 -8 -20 -7 -16 -7 -18 -7 -18 -6 -17 -6 -17 -7 -15 -6 -14 -6 -16 -5 -14 -7 -12 -6 0 0 -12 -5 -12 -5 -9 -4 -10 -4 -11 -5 -9 -4 -9 -5 -8 -5 -8 -4 -8 -3 -7 -3 -8 -3 -8 -3 -7 -4 -8 -5 -7 -4 -9 -6 -6 -5 -8 -5 -8 -7 -8 -7 -7 -7 -5 -7 -7 -8 -7 -7 -7 -9 0 0 0 0 0 0 0 0 0 0 ]
130,1783414486.897485,14.0898,-77,CSI_DATA,AP,98:F4:AB:29:67:94,-77,11,1,4,1,1,1,0,0,0,0,-96,0,6,1,42484050,0,84,0,0,42.8661,384,[84 -64 4 0 0 0 0 0 0 0 0 0 23 10 22 10 20 9 21 10 23 9 19 8 19 9 20 7 18 6 18 7 21 7 18 9 19 7 19 8 17 6 17 8 17 5 15 6 14 6 16 5 15 8 14 5 14 7 13 6 12 6 12 5 0 0 12 5 12 2 11 3 9 2 8 3 9 4 9 4 8 3 8 3 7 3 7 2 7 5 7 3 5 3 6 4 6 3 7 4 7 4 6 5 6 5 6 4 5 4 6 5 5 7 5 7 6 7 0 0 0 0 0 0 0 0 0 0 ]
131,1783414487.022363,15.0395,-77,CSI_DATA,AP,98:F4:AB:29:67:94,-77,11,1,4,1,1,1,0,0,0,0,-96,0,6,1,42572656,0,84,0,0,42.9547,384,[84 -64 4 0 0 0 0 0 0 0 0 0 -24 -14 -23 -12 -23 -12 -22 -11 -20 -16 -20 -13 -21 -11 -19 -14 -18 -10 -18 -15 -19 -12 -18 -13 -19 -11 -18 -11 -14 -10 -18 -11 -17 -9 -15 -11 -15 -8 -15 -8 -14 -7 -15 -10 -12 -10 -11 -9 -13 -9 -11 -7 0 0 -13 -9 -10 -5 -9 -6 -11 -6 -9 -6 -8 -7 -7 -6 -7 -5 -9 -4 -9 -4 -7 -4 -7 -6 -7 -5 -5 -5 -7 -6 -6 -5 -5 -5 -5 -6 -6 -7 -5 -7 -7 -7 -3 -6 -5 -7 -6 -8 -6 -9 -5 -8 0 0 0 0 0 0 0 0 0 0 ]
132,1783414487.149392,14.5927,-77,CSI_DATA,AP,98:F4:AB:29:67:94,-77,11,1,4,1,1,1,0,0,0,0,-96,0,6,1,42661806,0,84,0,0,43.0438,384,[84 -64 4 0 0 0 0 0 0 0 0 0 -21 14 -21 11 -22 13 -19 12 -21 10 -20 10 -19 9 -19 9 -17 9 -18 10 -16 12 -18 11 -17 11 -18 12 -17 10 -16 9 -16 9 -16 9 -13 10 -14 7 -13 8 -13 7 -14 7 -13 8 -12 7 -9 9 0 0 -11 5 -11 6 -9 6 -9 6 -9 5 -7 5 -9 4 -9 2 -7 3 -7 4 -8 6 -6 4 -6 3 -7 3 -7 3 -7 2 -7 3 -8 1 -7 2 -7 2 -9 0 -8 1 -8 1 -8 1 -8 1 -9 0 0 0 0 0 0 0 0 0 0 0 ]
133,1783414487.272824,15.9602,-77,CSI_DATA,AP,98:F4:AB:29:67:94,-77,11,1,4,1,1,1,0,0,0,0,-96,0,6,1,42750865,0,84,0,0,43.1329,384,[84 -64 4 0 0 0 0 0 0 0 0 0 -1 24 -1 24 0 24 -3 24 -3 22 -1 21 -1 21 -1 22 2 22 -1 19 -1 20 0 19 1 21 0 19 1 19 1 20 1 18 1 15 0 17 1 15 0 17 0 16 -1 14 1 14 1 16 0 14 0 0 -1 14 1 13 0 11 1 11 -1 10 -1 9 -2 10 -1 9 2 8 -1 8 -1 9 -1 7 -1 8 -3 6 -1 7 -3 8 -3 7 -2 7 -3 8 -1 8 -2 6 -2 7 -2 8 -3 8 -5 7 -4 8 0 0 0 0 0 0 0 0 0 0 ]
134,1783414487.398931,14.8637,-76,CSI_DATA,AP,98:F4:AB:29:67:94,-76,11,1,4,1,1,1,0,0,0,0,-96,0,6,1,42844816,0,84,0,0,43.2269,384,[84 -64 4 0 0 0 0 0 0 0 0 0 -20 -14 -18 -14 -18 -14 -17 -14 -19 -14 -17 -13 -18 -11 -19 -11 -18 -12 -18 -11 -18 -11 -18 -10 -17 -9 -18 -9 -16 -9 -18 -10 -16 -10 -15 -8 -14 -10 -14 -7 -16 -8 -14 -7 -13 -9 -12 -7 -13 -7 -13 -7 0 0 -13 -5 -12 -5 -12 -6 -11 -5 -8 -4 -10 -4 -9 -5 -7 -5 -8 -3 -10 -5 -10 -5 -7 -5 -7 -3 -8 -3 -8 -4 -7 -5 -6 -6 -6 -6 -8 -4 -6 -4 -7 -7 -7 -6 -7 -6 -7 -6 -6 -8 -8 -8 0 0 0 0 0 0 0 0 0 0 ]
135,1783414487.524230,15.1069,-76,CSI_DATA,AP,98:F4:AB:29:67:94,-76,11,1,4,1,1,1,0,0,0,0,-96,0,6,1,42932126,0,84,0,0,43.3141,384,[84 -64 4 0 0 0 0 0 0 0 0 0 -19 -18 -19 -15 -20 -18 -17 -17 -17 -16 -15 -16 -17 -17 -16 -15 -17 -15 -15 -14 -16 -14 -15 -14 -14 -14 -14 -14 -14 -12 -16 -14 -13 -11 -14 -10 -13 -13 -14 -10 -13 -11 -11 -9 -11 -10 -12 -11 -11 -10 -10 -9 0 0 -9 -9 -10 -9 -10 -7 -10 -8 -8 -7 -8 -9 -8 -8 -8 -7 -5 -6 -6 -6 -6 -7 -7 -7 -5 -8 -6 -8 -7 -6 -5 -6 -6 -8 -4 -8 -5 -7 -5 -7 -5 -8 -3 -9 -4 -10 -4 -9 -3 -8 -3 -9 0 0 0 0 0 0 0 0 0 0 ]
136,1783414487.647240,14.8791,-77,CSI_DATA,AP,98:F4:AB:29:67:94,-77,11,1,4,1,1,1,0,0,0,0,-96,0,6,1,43023432,0,84,0,0,43.4054,384,[84 -64 4 0 0 0 0 0 0 0 0 0 19 -18 19 -16 20 -15 17 -15 16 -14 16 -15 15 -13 16 -14 14 -15 16 -16 15 -16 15 -14 14 -14 16 -15 14 -12 15 -15 14 -13 13 -13 10 -11 12 -12 13 -11 12 -12 10 -11 10 -11 10 -11 8 -9 0 0 8 -9 9 -10 8 -9 8 -8 6 -7 6 -8 8 -7 5 -7 5 -8 5 -7 5 -5 7 -5 5 -6 5 -5 6 -5 7 -5 7 -5 6 -4 6 -4 6 -4 7 -5 7 -3 7 -3 8 -5 8 -3 8 -3 0 0 0 0 0 0 0 0 0 0 ]
137,1783414487.772112,13.9857,-76,CSI_DATA,AP,98:F4:AB:29:67:94,-76,11,1,4,1,1,1,0,0,0,0,-96,0,6,1,43111815,0,84,0,0,43.4938,384,[84 -64 4 0 0 0 0 0 0 0 0 0 -3 24 -4 22 -4 24 -3 22 -1 21 -4 21 -4 22 -3 21 -4 20 -2 20 -3 20 -3 23 -4 18 -2 20 -1 19 0 18 -1 18 -2 17 -2 17 -2 16 0 16 -2 15 0 14 0 14 0 13 -1 13 0 0 1 11 -1 11 -2 12 0 12 -1 10 -1 9 0 9 -2 8 -1 8 1 8 0 8 -1 8 -1 7 -2 8 -2 7 -1 6 -1 8 -2 7 -2 6 -3 7 -2 6 -4 7 -5 7 -4 7 -5 7 -3 8 0 0 0 0 0 0 0 0 0 0 ]
138,1783414487.896329,12.9251,-76,CSI_DATA,AP,98:F4:AB:29:67:94,-76,11,1,4,1,1,1,0,0,0,0,-96,0,6,1,43202683,0,84,0,0,43.5847,384,[84 -64 4 0 0 0 0 0 0 0 0 0 20 17 17 16 18 17 15 14 17 16 13 14 17 16 16 13 16 12 16 15 15 13 17 14 15 12 15 12 14 11 17 14 15 10 12 13 12 10 11 12 13 12 13 9 11 8 11 7 11 7 11 8 0 0 13 7 9 6 9 6 9 5 8 5 7 5 8 5 7 6 8 5 7 5 7 4 5 6 6 5 5 5 6 5 6 5 6 6 6 4 5 5 4 6 5 5 3 6 6 7 5 6 7 6 6 7 0 0 0 0 0 0 0 0 0 0 ]
139,1783414488.020769,13.9387,-77,CSI_DATA,AP,98:F4:AB:29:67:94,-77,11,1,4,1,1,1,0,0,0,0,-96,0,6,1,43294860,0,84,0,0,43.6769,384,[84 -64 4 0 0 0 0 0 0 0 0 0 6 -26 7 -22 6 -24 7 -22 6 -24 7 -20 5 -24 5 -20 5 -21 6 -22 4 -21 4 -22 5 -21 5 -19 4 -19 5 -21 0 -18 3 -20 4 -16 2 -18 3 -15 3 -16 2 -15 2 -15 2 -15 3 -12 0 0 3 -11 1 -14 2 -10 1 -11 3 -9 2 -12 1 -10 1 -10 1 -10 -1 -10 -1 -8 2 -8 0 -8 1 -6 1 -8 2 -9 2 -8 3 -6 3 -8 3 -8 2 -6 3 -9 5 -9 5 -7 4 -8 3 -8 0 0 0 0 0 0 0 0 0 0 ]
140,1783414488.145581,14.1622,-77,CSI_DATA,AP,98:F4:AB:29:67:94,-77,11,1,4,1,1,1,0,0,0,0,-96,0,6,1,43388623,0,84,0,0,43.7707,384,[84 -64 4 0 0 0 0 0 0 0 0 0 8 -21 7 -20 7 -18 9 -18 9 -20 7 -17 7 -17 8 -18 6 -17 6 -18 6 -20 6 -17 7 -17 8 -17 7 -15 5 -16 5 -15 4 -15 3 -13 5 -13 5 -14 5 -15 4 -12 4 -12 4 -11 3 -12 0 0 3 -11 2 -11 1 -9 1 -10 3 -9 2 -10 3 -8 2 -7 1 -7 2 -8 1 -8 1 -7 0 -7 2 -7 3 -7 2 -6 1 -6 3 -5 2 -7 2 -6 3 -7 3 -6 5 -6 5 -7 5 -8 5 -5 0 0 0 0 0 0 0 0 0 0 ]
141,1783414488.271530,13.7642,-76,CSI_DATA,AP,98:F4:AB:29:67:94,-76,11,1,2,1,1,1,0,0,0,0,-96,0,6,1,43473305,0,84,0,0,43.8553,384,[84 -64 4 0 0 0 0 0 0 0 0 0 24 4 22 4 25 4 22 4 24 5 20 4 21 4 21 3 21 2 21 2 20 3 20 3 20 2 19 3 19 3 21 2 17 2 19 2 17 2 15 2 16 3 15 1 14 2 13 1 13 1 13 1 0 0 12 1 12 2 11 0 11 0 9 0 10 -1 9 1 8 0 9 1 8 0 8 0 6 1 9 1 8 0 8 1 8 0 7 2 6 1 8 2 7 1 8 3 7 2 8 2 9 2 7 4 8 5 0 0 0 0 0 0 0 0 0 0 ]
142,1783414488.395594,13.5362,-77,CSI_DATA,AP,98:F4:AB:29:67:94,-77,11,1,4,1,1,1,0,0,0,0,-96,0,6,1,43564045,0,84,0,0,43.9461,384,[84 -64 4 0 0 0 0 0 0 0 0 0 18 -18 17 -17 16 -17 18 -16 17 -16 14 -15 15 -14 14 -14 13 -15 14 -15 13 -16 15 -16 13 -16 14 -14 11 -15 12 -15 11 -15 11 -13 12 -12 12 -12 11 -13 10 -12 10 -12 10 -12 8 -11 8 -10 0 0 9 -10 8 -11 7 -9 8 -8 6 -6 8 -7 6 -6 7 -6 6 -7 5 -7 5 -5 4 -6 5 -5 6 -5 6 -5 7 -5 8 -5 6 -5 6 -2 7 -4 6 -4 8 -5 7 -3 6 -4 8 -3 8 -3 0 0 0 0 0 0 0 0 0 0 ]
143,1783414488.519776,14.1809,-77,CSI_DATA,AP,98:F4:AB:29:67:94,-77,11,1,4,1,1,1,0,0,0,0,-96,0,6,1,43655949,0,84,0,0,44.038,384,[84 -64 4 0 0 0 0 0 0 0 0 0 23 6 23 4 23 6 22 5 20 5 18 3 20 7 20 6 19 3 19 5 21 4 20 5 20 7 18 4 17 4 22 4 16 5 17 2 17 3 16 3 17 4 16 4 16 5 14 4 14 3 13 3 0 0 11 1 11 2 10 1 11 2 10 2 9 2 10 2 7 3 9 2 7 2 8 1 7 1 7 1 7 1 9 2 6 2 7 3 6 1 6 4 6 3 6 5 6 3 6 5 8 5 7 5 7 5 0 0 0 0 0 0 0 0 0 0 ]
144,1783414488.643892,14.3628,-77,CSI_DATA,AP,98:F4:AB:29:67:94,-77,11,1,4,1,1,1,0,0,0,0,-96,0,6,1,43740874,0,84,0,0,44.1229,384,[84 -64 4 0 0 0 0 0 0 0 0 0 15 -20 17 -19 18 -20 17 -18 16 -18 13 -17 15 -16 15 -16 15 -19 12 -15 14 -18 12 -18 15 -17 13 -17 11 -15 13 -16 11 -16 11 -13 10 -12 12 -12 11 -12 10 -14 9 -12 9 -13 8 -12 8 -11 0 0 7 -9 8 -9 6 -10 6 -8 5 -10 5 -9 6 -6 4 -8 6 -6 4 -8 4 -7 3 -5 4 -7 5 -7 5 -8 5 -6 5 -6 6 -5 6 -5 6 -4 6 -6 6 -5 5 -5 5 -5 7 -5 7 -4 0 0 0 0 0 0 0 0 0 0 ]
145,1783414488.768100,13.7292,-77,CSI_DATA,AP,98:F4:AB:29:67:94,-77,11,1,4,1,1,1,0,0,0,0,-96,0,6,1,43833431,0,84,0,0,44.2154,384,[84 -64 4 0 0 0 0 0 0 0 0 0 -1 26 0 23 -1 24 -2 23 -1 22 -1 22 -1 23 -1 20 0 22 -2 20 -3 21 1 22 -1 20 -1 20 -2 22 -1 20 -2 18 -1 18 -1 17 -1 17 -2 15 0 15 0 13 -3 15 0 13 0 13 0 0 -1 13 -1 12 -1 11 -1 9 -2 10 0 11 0 10 -1 9 -1 7 0 8 0 8 -1 8 0 8 -1 9 -3 7 -3 8 -3 7 -3 5 -3 8 -3 7 -4 7 -4 8 -4 6 -4 7 -5 8 -3 9 0 0 0 0 0 0 0 0 0 0 ]
146,1783414488.891335,13.7756,-77,CSI_DATA,AP,98:F4:AB:29:67:94,-77,11,1,4,1,1,1,0,0,0,0,-96,0,6,1,43925654,0,84,0,0,44.3077,384,[84 -64 4 0 0 0 0 0 0 0 0 0 -27 -1 -24 -2 -25 -2 -24 0 -24 -2 -23 -3 -21 -1 -21 -1 -22 -1 -19 1 -20 -1 -21 -1 -20 1 -20 1 -19 1 -21 2 -18 -1 -18 0 -17 -2 -17 1 -16 1 -15 1 -15 0 -16 0 -14 0 -14 1 0 0 -13 1 -12 1 -13 0 -11 2 -12 2 -11 0 -11 1 -10 0 -10 2 -9 2 -8 1 -9 0 -8 1 -9 0 -9 1 -10 0 -10 0 -9 -2 -8 -2 -8 -2 -8 -2 -9 -1 -9 -3 -9 -3 -11 -2 -9 -3 0 0 0 0 0 0 0 0 0 0 ]
147,1783414489.018052,13.8507,-77,CSI_DATA,AP,98:F4:AB:29:67:94,-77,11,1,4,1,1,1,0,0,0,0,-96,0,6,1,44011455,0,84,0,0,44.3935,384,[84 -64 4 0 0 0 0 0 0 0 0 0 9 23 9 21 10 21 10 18 9 20 6 17 7 19 7 19 9 19 8 20 7 21 7 18 7 19 7 17 7 16 8 17 6 15 7 16 6 16 5 15 6 15 4 14 4 15 4 13 3 14 3 12 0 0 3 11 4 12 3 10 4 8 1 8 2 8 1 10 3 7 1 9 2 8 2 8 2 6 -1 7 2 8 0 8 1 8 0 8 1 7 -2 8 -2 8 -3 9 -1 9 -2 9 -4 8 -3 9 -1 10 0 0 0 0 0 0 0 0 0 0 ]
148,1783414489.142202,13.9997,-70,CSI_DATA,AP,98:F4:AB:29:67:94,-70,11,0,0,0,0,0,0,0,0,0,-96,0,6,1,44112623,0,84,0,0,44.4947,128,[84 -64 4 0 0 0 0 0 0 0 0 0 -11 3 -10 2 -13 3 -11 4 -11 3 -10 1 -10 3 -10 1 -9 2 -10 2 -9 2 -10 3 -9 2 -9 2 -8 2 -9 3 -7 3 -8 2 -8 1 -7 2 -7 2 -7 2 -6 2 -6 1 -6 1 -6 1 0 0 -6 1 -6 2 -5 1 -5 2 -4 1 -4 1 -5 1 -4 1 -4 1 -5 0 -4 1 -3 1 -4 1 -3 0 -5 0 -4 0 -5 0 -4 0 -4 0 -4 -1 -4 -1 -4 0 -5 -1 -4 -1 -5 -1 -5 -1 0 0 0 0 0 0 0 0 0 0 ]
149,1783414489.264686,14.9297,-77,CSI_DATA,AP,98:F4:AB:29:67:94,-77,11,1,4,1,1,1,0,0,0,0,-96,0,6,1,44192835,0,84,0,0,44.5749,384,[84 -64 4 0 0 0 0 0 0 0 0 0 -24 4 -23 5 -24 5 -24 6 -24 5 -21 6 -22 2 -20 4 -19 5 -21 3 -21 4 -20 4 -21 5 -20 4 -19 3 -21 5 -16 5 -18 5 -16 4 -17 4 -17 3 -17 3 -15 4 -16 3 -15 2 -13 2 0 0 -11 3 -12 3 -10 2 -12 2 -10 2 -11 2 -10 3 -9 3 -11 1 -8 4 -8 1 -8 3 -10 0 -7 2 -9 1 -7 1 -9 0 -8 -1 -8 -2 -9 0 -6 -1 -10 -1 -8 -1 -9 -1 -10 -2 -9 -2 0 0 0 0 0 0 0 0 0 0 ]
150,1783414489.389747,15.7243,-77,CSI_DATA,AP,98:F4:AB:29:67:94,-77,11,1,4,1,1,1,0,0,0,0,-96,0,6,1,44284197,0,84,0,0,44.6662,384,[84 -64 4 0 0 0 0 0 0 0 0 0 -25 1 -23 3 -25 2 -22 1 -24 -1 -23 2 -25 1 -22 0 -20 -1 -22 1 -20 0 -22 3 -20 0 -21 0 -20 1 -22 1 -18 0 -17 1 -15 1 -16 -1 -16 -1 -17 -1 -15 -1 -16 -1 -16 0 -13 1 0 0 -13 -1 -12 0 -12 0 -12 1 -10 0 -10 0 -9 -1 -9 -1 -8 2 -10 0 -11 0 -8 -1 -9 -1 -8 -1 -10 -1 -8 -1 -9 -3 -7 -2 -8 -2 -9 -3 -8 -3 -8 -2 -9 -4 -9 -4 -10 -4 -10 -5 0 0 0 0 0 0 0 0 0 0 ]
151,1783414489.513537,15.5647,-77,CSI_DATA,AP,98:F4:AB:29:67:94,-77,11,1,4,1,1,1,0,0,0,0,-96,0,6,1,44374427,0,84,0,0,44.7565,384,[84 -64 4 0 0 0 0 0 0 0 0 0 0 -27 1 -23 -1 -25 3 -24 0 -25 2 -22 2 -23 2 -21 1 -23 0 -22 1 -20 0 -23 0 -20 1 -22 0 -19 1 -22 -1 -18 -2 -19 2 -19 1 -18 0 -16 -1 -16 1 -15 0 -14 2 -15 -1 -13 0 0 0 -15 0 -12 -1 -10 1 -13 1 -11 -1 -10 -1 -9 1 -9 1 -9 -2 -9 0 -8 0 -7 1 -9 0 -7 0 -10 2 -7 2 -8 2 -7 2 -7 3 -8 3 -8 3 -7 3 -10 2 -9 5 -10 3 -9 0 0 0 0 0 0 0 0 0 0 ]
152,1783414489.636494,14.8780,-77,CSI_DATA,AP,98:F4:AB:29:67:94,-77,11,1,4,1,1,1,0,0,0,0,-96,0,6,1,44464420,0,84,0,0,44.8464,384,[84 -64 4 0 0 0 0 0 0 0 0 0 -22 10 -23 11 -23 9 -23 9 -21 10 -21 9 -19 9 -19 8 -18 9 -20 8 -18 10 -19 9 -18 8 -20 10 -18 8 -18 11 -16 9 -17 11 -17 8 -13 7 -15 9 -13 8 -14 7 -14 7 -12 7 -13 6 0 0 -11 8 -10 7 -11 6 -8 7 -10 6 -10 5 -7 4 -10 4 -7 3 -7 4 -7 6 -7 5 -6 4 -6 4 -7 1 -7 4 -6 2 -7 2 -8 3 -9 2 -8 1 -7 1 -7 1 -9 2 -9 2 -8 2 0 0 0 0 0 0 0 0 0 0 ]
153,1783414489.762028,13.2878,-77,CSI_DATA,AP,98:F4:AB:29:67:94,-77,11,1,4,1,1,1,0,0,0,0,-96,0,6,1,44551022,0,84,0,0,44.933,384,[84 -64 4 0 0 0 0 0 0 0 0 0 12 23 13 20 14 21 9 17 13 22 12 17 12 19 10 17 12 19 12 19 9 17 10 19 11 18 8 16 10 15 9 18 7 16 9 14 5 14 7 12 8 14 6 12 7 14 5 12 5 11 6 11 0 0 5 10 6 8 5 9 4 10 3 7 2 9 3 9 3 7 4 8 4 6 3 6 1 8 1 7 1 7 2 4 0 7 0 7 1 6 -1 6 -2 7 0 6 0 7 0 8 -2 8 -1 7 0 9 0 0 0 0 0 0 0 0 0 0 ]
154,1783414489.887299,13.8092,-76,CSI_DATA,AP,98:F4:AB:29:67:94,-76,11,1,4,1,1,1,0,0,0,0,-96,0,6,1,44640834,0,84,0,0,45.0229,384,[84 -64 4 0 0 0 0 0 0 0 0 0 -28 3 -25 4 -27 4 -25 4 -24 3 -22 3 -22 2 -22 2 -23 3 -24 6 -23 5 -21 2 -20 2 -19 4 -18 3 -21 5 -19 4 -20 3 -16 0 -17 1 -16 2 -17 2 -16 1 -14 3 -15 1 -13 2 0 0 -12 1 -12 2 -10 2 -13 0 -10 0 -11 2 -10 1 -9 0 -8 0 -8 2 -10 0 -8 0 -8 -2 -8 0 -7 -1 -8 -1 -8 -2 -8 -1 -7 -1 -7 -1 -8 -2 -8 -2 -6 -4 -8 -3 -9 -4 -9 -4 0 0 0 0 0 0 0 0 0 0 ]
155,1783414490.011224,14.5669,-77,CSI_DATA,AP,98:F4:AB:29:67:94,-77,11,1,4,1,1,1,0,0,0,0,-96,0,6,1,44731646,0,84,0,0,45.1137,384,[84 -64 4 0 0 0 0 0 0 0 0 0 -24 -11 -22 -10 -24 -11 -21 -11 -22 -10 -21 -11 -20 -10 -20 -8 -20 -9 -20 -10 -22 -7 -20 -8 -20 -8 -21 -8 -18 -8 -20 -6 -18 -6 -17 -6 -15 -4 -17 -5 -14 -5 -17 -5 -16 -4 -14 -3 -15 -5 -12 -5 0 0 -12 -3 -13 -3 -12 -4 -12 -3 -10 -3 -10 -4 -10 -4 -8 -4 -8 -3 -9 -3 -10 -3 -8 -2 -7 -4 -8 -3 -7 -3 -8 -1 -8 -4 -6 -4 -8 -4 -6 -5 -7 -6 -8 -4 -7 -4 -9 -5 -9 -6 -9 -6 0 0 0 0 0 0 0 0 0 0 ]
156,1783414490.134603,14.6476,-76,CSI_DATA,AP,98:F4:AB:29:67:94,-76,11,1,2,1,1,1,0,0,0,0,-96,0,6,1,44822458,0,84,0,0,45.2045,384,[84 -64 4 0 0 0 0 0 0 0 0 0 5 -22 6 -20 6 -22 6 -21 6 -21 4 -19 5 -18 5 -19 5 -19 4 -19 4 -20 3 -19 3 -18 3 -18 3 -16 4 -18 2 -16 2 -17 3 -15 2 -16 5 -14 2 -14 2 -14 3 -13 4 -14 1 -13 0 0 2 -13 2 -13 2 -11 2 -11 3 -10 3 -10 4 -9 1 -8 3 -9 2 -8 1 -7 1 -8 2 -10 2 -7 3 -6 2 -7 3 -7 4 -6 5 -7 3 -6 3 -5 3 -6 5 -6 4 -7 4 -7 5 -7 0 0 0 0 0 0 0 0 0 0 ]
157,1783414490.260217,14.5369,-76,CSI_DATA,AP,98:F4:AB:29:67:94,-76,11,1,4,1,1,1,0,0,0,0,-96,0,6,1,44912205,0,84,0,0,45.2942,384,[84 -64 4 0 0 0 0 0 0 0 0 0 22 12 20 11 22 12 19 11 20 12 19 11 19 10 18 10 17 9 18 11 17 10 17 10 18 10 17 10 16 9 17 10 16 8 16 7 14 7 16 7 15 7 14 8 13 7 12 5 13 6 11 6 0 0 11 5 11 3 10 4 12 5 9 4 10 5 7 4 9 2 7 3 7 4 8 3 6 4 7 5 6 5 7 5 6 5 6 5 5 4 4 4 4 5 7 5 5 5 4 5 6 7 7 8 6 7 0 0 0 0 0 0 0 0 0 0 ]
158,1783414490.383702,14.4837,-75,CSI_DATA,AP,98:F4:AB:29:67:94,-75,11,1,2,1,1,1,0,0,0,0,-96,0,6,1,45008421,0,84,0,0,45.3904,384,[84 -64 4 0 0 0 0 0 0 0 0 0 6 -22 6 -20 6 -22 7 -22 4 -23 6 -18 4 -19 4 -19 5 -20 5 -18 5 -19 4 -19 4 -19 4 -18 5 -17 4 -19 3 -17 4 -17 3 -16 3 -15 3 -15 1 -15 3 -15 4 -13 3 -14 3 -13 0 0 2 -13 1 -13 2 -10 2 -11 2 -10 3 -9 1 -9 2 -10 2 -7 3 -8 0 -8 1 -9 1 -9 1 -6 1 -9 3 -8 3 -7 3 -7 3 -7 3 -8 3 -7 3 -7 3 -7 4 -7 5 -7 4 -7 0 0 0 0 0 0 0 0 0 0 ]
159,1783414490.510486,14.3677,-75,CSI_DATA,AP,98:F4:AB:29:67:94,-75,11,1,2,1,1,1,0,0,0,0,-96,0,6,1,45096382,0,84,0,0,45.4784,384,[84 -64 4 0 0 0 0 0 0 0 0 0 -11 -20 -12 -18 -12 -21 -12 -17 -13 -20 -9 -17 -11 -19 -9 -17 -10 -16 -10 -17 -10 -18 -9 -18 -9 -16 -11 -17 -8 -13 -12 -17 -10 -14 -11 -14 -8 -13 -8 -13 -8 -13 -10 -13 -8 -14 -8 -12 -7 -12 -8 -11 0 0 -8 -10 -8 -11 -6 -8 -7 -9 -6 -8 -6 -9 -5 -9 -4 -9 -6 -8 -6 -8 -5 -7 -5 -7 -3 -7 -3 -6 -5 -9 -4 -8 -4 -8 -3 -7 -3 -8 -3 -9 -2 -8 -2 -8 -2 -10 -3 -10 -4 -7 -1 -10 0 0 0 0 0 0 0 0 0 0 ]
160,1783414490.635979,14.4916,-76,CSI_DATA,AP,98:F4:AB:29:67:94,-76,11,1,4,1,1,1,0,0,0,0,-96,0,6,1,45183759,0,84,0,0,45.5658,384,[84 -64 4 0 0 0 0 0 0 0 0 0 -14 21 -13 20 -15 19 -12 19 -12 18 -11 18 -13 19 -13 16 -13 18 -11 18 -11 19 -10 16 -10 19 -10 17 -10 17 -11 17 -10 15 -9 16 -8 16 -10 14 -9 12 -10 14 -9 13 -8 12 -8 12 -8 13 0 0 -8 10 -8 11 -6 12 -7 9 -7 8 -6 9 -7 7 -6 8 -6 7 -7 8 -5 7 -5 7 -7 6 -4 6 -7 5 -6 6 -6 4 -6 4 -7 4 -7 4 -7 3 -6 4 -7 4 -9 5 -9 5 -9 6 0 0 0 0 0 0 0 0 0 0 ]
161,1783414490.761202,14.3034,-76,CSI_DATA,AP,98:F4:AB:29:67:94,-76,11,1,4,1,1,1,0,0,0,0,-96,0,6,1,45274575,0,84,0,0,45.6566,384,[84 -64 4 0 0 0 0 0 0 0 0 0 -15 21 -13 21 -14 20 -14 21 -13 20 -12 19 -12 19 -12 18 -13 19 -12 18 -12 18 -12 17 -10 17 -11 16 -10 16 -12 17 -10 16 -9 16 -12 14 -8 14 -8 15 -8 14 -10 14 -7 13 -10 12 -6 12 0 0 -7 12 -7 13 -5 10 -6 11 -7 9 -6 9 -8 10 -4 8 -6 9 -3 8 -5 9 -5 7 -5 6 -6 6 -6 6 -6 7 -6 6 -6 5 -8 5 -7 4 -8 5 -7 6 -7 4 -8 5 -7 4 -9 5 0 0 0 0 0 0 0 0 0 0 ]
162,1783414490.885018,14.3510,-76,CSI_DATA,AP,98:F4:AB:29:67:94,-76,11,1,4,1,1,1,0,0,0,0,-96,0,6,1,45361156,0,84,0,0,45.7431,384,[84 -64 4 0 0 0 0 0 0 0 0 0 23 -9 22 -8 24 -9 18 -11 22 -8 18 -9 20 -8 19 -7 21 -8 21 -6 19 -7 20 -6 19 -9 18 -9 18 -6 21 -8 18 -8 16 -7 16 -7 17 -6 17 -4 15 -6 14 -5 15 -6 14 -5 12 -5 0 0 13 -4 12 -6 12 -5 12 -3 10 -3 10 -4 9 -3 8 -3 9 -3 9 -3 9 -4 8 -2 7 -3 7 -2 7 -1 7 -2 7 -1 8 -3 8 0 9 0 8 1 7 0 8 2 9 1 8 2 10 1 0 0 0 0 0 0 0 0 0 0 ]
163,1783414491.011055,13.4304,-76,CSI_DATA,AP,98:F4:AB:29:67:94,-76,11,1,4,1,1,1,0,0,0,0,-96,0,6,1,45454263,0,84,0,0,45.8363,384,[84 -64 4 0 0 0 0 0 0 0 0 0 21 14 18 14 21 15 18 11 20 13 16 13 17 14 17 11 18 11 18 13 17 11 16 12 18 11 17 10 15 10 19 10 15 8 16 9 14 8 14 10 13 10 14 8 14 8 13 7 11 7 12 6 0 0 12 5 12 6 11 6 9 6 8 6 9 6 7 6 8 5 7 4 9 5 7 4 6 5 7 4 5 5 6 4 7 4 7 5 5 4 6 6 5 4 4 6 4 4 5 6 4 6 5 7 4 7 0 0 0 0 0 0 0 0 0 0 ]
164,1783414491.135357,14.5599,-76,CSI_DATA,AP,98:F4:AB:29:67:94,-76,11,1,4,1,1,1,0,0,0,0,-96,0,6,1,45542390,0,84,0,0,45.9244,384,[84 -64 4 0 0 0 0 0 0 0 0 0 -26 -7 -22 -7 -24 -7 -23 -7 -25 -7 -22 -6 -22 -8 -21 -5 -22 -5 -20 -4 -21 -7 -21 -5 -21 -5 -21 -4 -19 -6 -20 -5 -19 -4 -19 -4 -17 -4 -18 -4 -16 -4 -14 -4 -16 -4 -14 -2 -15 -2 -14 -3 0 0 -13 -2 -13 -2 -11 -3 -11 -1 -10 -3 -11 -4 -9 -2 -9 -2 -9 -2 -8 -1 -10 -3 -9 -2 -10 -3 -8 -2 -9 -3 -8 -4 -9 -3 -7 -5 -8 -3 -6 -4 -7 -4 -7 -5 -7 -6 -8 -5 -9 -5 -8 -5 0 0 0 0 0 0 0 0 0 0 ]
165,1783414491.259280,15.0426,-76,CSI_DATA,AP,98:F4:AB:29:67:94,-76,11,1,4,1,1,1,0,0,0,0,-96,0,6,1,45631364,0,84,0,0,46.0134,384,[84 -64 4 0 0 0 0 0 0 0 0 0 0 -27 1 -27 1 -26 -1 -24 0 -25 1 -22 0 -23 0 -21 0 -23 1 -23 0 -22 -1 -20 1 -22 1 -19 -1 -19 -1 -20 -1 -19 -1 -19 -1 -20 -1 -17 0 -18 -1 -17 0 -15 0 -15 -1 -15 -2 -15 0 0 0 -14 -2 -12 1 -13 -2 -12 -1 -11 0 -13 2 -11 -1 -10 0 -8 -1 -8 0 -10 1 -6 2 -9 0 -8 1 -10 0 -9 3 -7 2 -9 2 -9 3 -7 3 -8 4 -8 3 -8 2 -7 3 -9 3 -10 0 0 0 0 0 0 0 0 0 0 ]
166,1783414491.383424,15.4039,-76,CSI_DATA,AP,98:F4:AB:29:67:94,-76,11,1,4,1,1,1,0,0,0,0,-96,0,6,1,45723861,0,84,0,0,46.1059,384,[84 -64 4 0 0 0 0 0 0 0 0 0 -10 -26 -8 -24 -9 -24 -9 -22 -7 -22 -8 -22 -8 -21 -7 -20 -9 -20 -7 -23 -8 -20 -8 -18 -6 -19 -7 -19 -8 -19 -8 -19 -7 -18 -8 -18 -6 -17 -7 -17 -8 -16 -7 -16 -6 -14 -5 -14 -4 -15 -6 -13 0 0 -5 -13 -6 -11 -3 -13 -6 -11 -4 -11 -4 -12 -4 -9 -5 -8 -4 -8 -5 -9 -3 -9 -4 -8 -4 -7 -2 -7 -2 -8 -2 -8 -4 -8 -1 -9 -1 -8 0 -8 -1 -10 0 -11 -1 -9 0 -9 -1 -10 -1 -10 0 0 0 0 0 0 0 0 0 0 ]
167,1783414491.515208,14.7451,-76,CSI_DATA,AP,98:F4:AB:29:67:94,-76,11,1,4,1,1,1,0,0,0,0,-96,0,6,1,45814935,0,84,0,0,46.197,384,[84 -64 4 0 0 0 0 0 0 0 0 0 -9 23 -8 21 -8 22 -7 23 -9 23 -8 19 -7 21 -8 19 -7 20 -7 20 -7 18 -6 17 -7 18 -6 18 -7 16 -5 20 -4 17 -5 19 -7 14 -5 16 -5 16 -4 16 -4 14 -4 14 -5 13 -6 13 0 0 -3 11 -2 13 -2 12 -3 10 -4 9 -2 10 -2 9 -2 8 -3 9 -1 9 -1 8 -2 7 -2 7 -4 6 -3 8 -4 5 -5 7 -4 7 -5 6 -5 6 -6 7 -4 5 -5 7 -5 7 -5 8 -6 6 0 0 0 0 0 0 0 0 0 0 ]
168,1783414491.641051,14.2583,-76,CSI_DATA,AP,98:F4:AB:29:67:94,-76,11,1,2,1,1,1,0,0,0,0,-96,0,6,1,45904081,0,84,0,0,46.2861,384,[84 -64 4 0 0 0 0 0 0 0 0 0 21 10 19 13 21 11 20 11 21 12 18 11 20 11 18 10 18 9 17 10 19 8 19 8 18 6 18 6 17 6 17 8 18 7 16 7 16 6 14 5 14 8 15 6 13 5 12 3 13 5 12 5 0 0 11 4 11 3 10 2 11 4 8 3 10 3 8 4 8 3 8 3 7 2 8 1 7 1 9 2 6 2 8 4 7 3 5 4 5 3 7 5 6 4 7 4 5 4 7 5 7 4 7 4 7 5 0 0 0 0 0 0 0 0 0 0 ]
169,1783414491.765065,14.1255,-76,CSI_DATA,AP,98:F4:AB:29:67:94,-76,11,1,4,1,1,1,0,0,0,0,-96,0,6,1,45991560,0,84,0,0,46.3736,384,[84 -64 4 0 0 0 0 0 0 0 0 0 -26 -4 -23 -4 -25 -4 -23 -4 -24 -3 -22 -3 -21 -3 -23 -2 -23 -4 -24 -4 -21 -2 -21 -1 -21 -3 -20 -2 -20 -2 -21 -1 -19 -2 -20 -2 -19 -2 -16 -3 -16 -3 -16 -1 -16 -1 -16 -1 -14 -3 -14 0 0 0 -13 0 -13 -2 -12 -1 -13 -1 -12 -1 -11 -1 -10 -1 -10 1 -9 0 -9 -1 -9 0 -9 -2 -8 -2 -8 -1 -8 -1 -8 -2 -9 -3 -7 -2 -7 -3 -9 -4 -9 -4 -9 -2 -8 -4 -9 -6 -7 -6 -9 -5 0 0 0 0 0 0 0 0 0 0 ]
170,1783414491.890853,14.5399,-76,CSI_DATA,AP,98:F4:AB:29:67:94,-76,11,1,4,1,1,1,0,0,0,0,-96,0,6,1,46081334,0,84,0,0,46.4633,384,[84 -64 4 0 0 0 0 0 0 0 0 0 -20 -15 -19 -14 -20 -17 -19 -14 -20 -16 -18 -14 -19 -15 -17 -15 -18 -14 -17 -15 -17 -15 -17 -13 -17 -12 -15 -15 -17 -12 -17 -12 -18 -12 -17 -12 -14 -11 -15 -10 -13 -11 -13 -9 -13 -9 -13 -10 -12 -9 -11 -7 0 0 -11 -9 -11 -7 -9 -7 -10 -7 -10 -7 -9 -8 -9 -6 -8 -6 -10 -6 -10 -7 -8 -4 -6 -6 -7 -7 -7 -5 -7 -7 -7 -6 -7 -7 -8 -8 -7 -7 -6 -7 -5 -9 -6 -8 -5 -7 -6 -10 -6 -9 -6 -8 0 0 0 0 0 0 0 0 0 0 ]
171,1783414492.017122,14.9566,-77,CSI_DATA,AP,98:F4:AB:29:67:94,-77,11,1,4,1,1,1,0,0,0,0,-96,0,6,1,46171072,0,84,0,0,46.5531,384,[84 -64 4 0 0 0 0 0 0 0 0 0 -6 -25 -5 -25 -4 -26 -5 -24 -6 -23 -4 -23 -5 -23 -3 -21 -5 -23 -4 -21 -6 -20 -5 -21 -4 -22 -5 -21 -3 -19 -7 -21 -5 -19 -5 -16 -3 -19 -3 -18 -1 -17 -3 -15 -4 -15 -4 -14 -3 -15 -5 -15 0 0 -4 -13 -4 -14 -2 -11 -3 -11 -3 -11 -2 -12 -2 -10 -2 -12 -3 -10 -4 -8 -3 -10 -3 -9 -1 -8 0 -9 -1 -9 0 -9 -2 -9 1 -9 0 -9 0 -9 1 -9 2 -7 3 -9 1 -10 2 -9 0 -10 0 0 0 0 0 0 0 0 0 0 ]
172,1783414492.142584,14.6614,-70,CSI_DATA,AP,98:F4:AB:29:67:94,-70,11,0,0,0,0,0,0,0,0,0,-96,0,6,1,46263504,0,84,0,0,46.6456,128,[84 -64 4 0 0 0 0 0 0 0 0 0 -7 6 -7 6 -7 6 -8 7 -7 6 -7 5 -7 4 -7 5 -7 5 -7 5 -5 6 -6 6 -5 5 -5 5 -5 5 -6 6 -4 6 -6 4 -4 4 -5 4 -5 4 -5 4 -4 4 -4 4 -4 4 -4 3 0 0 -4 4 -4 3 -3 3 -3 3 -3 3 -3 2 -4 3 -3 2 -4 2 -2 2 -3 3 -2 2 -3 2 -3 2 -3 2 -3 2 -3 1 -3 1 -3 1 -3 1 -3 1 -3 1 -4 1 -3 1 -4 1 -4 1 0 0 0 0 0 0 0 0 0 0 ]
173,1783414492.267557,14.3308,-71,CSI_DATA,AP,98:F4:AB:29:67:94,-71,11,0,0,0,0,0,0,0,0,0,-96,0,6,1,46358237,0,84,0,0,46.7404,128,[84 -64 4 0 0 0 0 0 0 0 0 0 -32 21 -30 20 -32 21 -30 20 -31 19 -26 17 -27 18 -26 17 -27 19 -26 18 -25 19 -26 20 -26 17 -24 18 -22 17 -25 19 -21 17 -20 16 -19 15 -19 13 -18 13 -18 15 -17 13 -17 13 -15 14 -16 13 0 0 -14 13 -16 13 -12 13 -14 14 -12 10 -12 11 -12 10 -11 8 -11 10 -12 8 -13 7 -12 8 -10 8 -11 6 -12 6 -13 5 -14 5 -12 3 -13 5 -13 5 -13 2 -14 4 -14 3 -15 2 -15 2 -15 2 0 0 0 0 0 0 0 0 0 0 ]
174,1783414492.393220,15.0683,-76,CSI_DATA,AP,98:F4:AB:29:67:94,-76,11,1,4,1,1,1,0,0,0,0,-96,0,6,1,46442304,0,84,0,0,46.8243,384,[84 -64 4 0 0 0 0 0 0 0 0 0 6 -26 6 -22 4 -24 6 -22 5 -23 5 -21 5 -22 6 -20 4 -21 7 -21 4 -21 4 -22 3 -21 4 -19 3 -20 3 -22 2 -17 4 -20 3 -17 4 -18 4 -17 3 -17 2 -15 3 -15 3 -15 3 -15 0 0 2 -13 2 -15 2 -12 3 -14 3 -10 3 -11 3 -12 2 -9 3 -11 3 -10 2 -10 2 -9 3 -8 2 -9 2 -10 1 -10 4 -9 3 -8 2 -8 3 -6 5 -7 4 -8 7 -7 6 -8 6 -7 6 -7 0 0 0 0 0 0 0 0 0 0 ]
175,1783414492.518009,14.6183,-77,CSI_DATA,AP,98:F4:AB:29:67:94,-77,11,1,4,1,1,1,0,0,0,0,-96,0,6,1,46531130,0,84,0,0,46.9132,384,[84 -64 4 0 0 0 0 0 0 0 0 0 3 25 3 25 1 25 1 24 1 24 2 22 1 24 3 21 3 21 2 20 2 21 2 20 3 23 2 20 2 19 3 20 2 16 2 16 0 15 2 16 1 17 1 14 2 15 1 13 1 14 3 15 0 0 2 11 4 13 3 12 1 11 1 11 1 10 1 11 0 9 2 10 1 9 1 9 1 8 -1 7 -1 8 0 8 -2 6 -1 8 -2 6 -2 7 -1 8 -2 7 -1 7 -2 9 -1 9 -3 8 -3 8 0 0 0 0 0 0 0 0 0 0 ]
176,1783414492.642219,13.9059,-77,CSI_DATA,AP,98:F4:AB:29:67:94,-77,11,1,4,1,1,1,0,0,0,0,-96,0,6,1,46621619,0,84,0,0,47.0036,384,[84 -64 4 0 0 0 0 0 0 0 0 0 -10 -25 -9 -21 -8 -25 -7 -23 -10 -22 -8 -22 -8 -23 -7 -22 -7 -20 -7 -20 -7 -19 -8 -20 -9 -20 -6 -19 -6 -19 -9 -21 -7 -17 -8 -18 -7 -15 -5 -17 -6 -18 -6 -15 -5 -15 -6 -14 -6 -12 -5 -14 0 0 -6 -12 -5 -13 -5 -12 -4 -11 -3 -10 -5 -10 -3 -10 -5 -9 -4 -8 -4 -10 -3 -9 -4 -8 -1 -8 -3 -9 -3 -9 -2 -8 -2 -10 -1 -8 -1 -10 -2 -8 1 -8 -2 -10 0 -9 0 -9 0 -9 0 -10 0 0 0 0 0 0 0 0 0 0 ]
177,1783414492.769214,13.0154,-77,CSI_DATA,AP,98:F4:AB:29:67:94,-77,11,1,4,1,1,1,0,0,0,0,-96,0,6,1,46714355,0,84,0,0,47.0964,384,[84 -64 4 0 0 0 0 0 0 0 0 0 -14 17 -13 17 -13 17 -13 16 -13 16 -12 14 -12 14 -12 15 -11 15 -10 15 -11 14 -11 15 -11 14 -10 14 -9 14 -10 13 -9 13 -8 12 -8 13 -9 11 -6 10 -8 10 -6 9 -8 11 -7 11 -6 10 0 0 -5 9 -5 10 -5 7 -6 7 -5 7 -6 7 -4 5 -4 6 -5 6 -3 5 -4 6 -3 6 -5 6 -3 5 -5 5 -6 4 -5 5 -6 4 -6 4 -5 2 -7 4 -6 4 -5 5 -6 4 -7 4 -7 3 0 0 0 0 0 0 0 0 0 0 ]
178,1783414492.892586,11.6650,-77,CSI_DATA,AP,98:F4:AB:29:67:94,-77,11,1,4,1,1,1,0,0,0,0,-96,0,6,1,46804673,0,84,0,0,47.1866,384,[84 -64 4 0 0 0 0 0 0 0 0 0 17 -20 13 -19 16 -19 14 -19 14 -18 14 -15 13 -16 15 -17 14 -17 14 -15 13 -15 14 -16 12 -16 13 -16 12 -15 12 -16 12 -14 12 -13 12 -13 11 -12 12 -12 9 -12 11 -11 8 -12 8 -8 9 -9 0 0 9 -9 8 -11 7 -9 7 -8 6 -8 6 -8 6 -8 8 -7 6 -7 5 -7 6 -5 6 -6 5 -7 5 -6 7 -5 6 -4 7 -6 6 -5 7 -5 7 -4 6 -3 6 -4 7 -4 9 -2 8 -4 9 -4 0 0 0 0 0 0 0 0 0 0 ]
179,1783414493.012752,13.0355,-77,CSI_DATA,AP,98:F4:AB:29:67:94,-77,11,1,4,1,1,1,0,0,0,0,-96,0,6,1,46892219,0,84,0,0,47.2743,384,[84 -64 4 0 0 0 0 0 0 0 0 0 -19 -19 -17 -19 -18 -19 -18 -16 -16 -18 -16 -16 -16 -15 -13 -15 -15 -15 -15 -17 -16 -14 -14 -15 -17 -15 -15 -12 -13 -14 -15 -15 -15 -12 -14 -14 -11 -10 -12 -11 -10 -12 -12 -12 -12 -11 -10 -9 -11 -10 -10 -11 0 0 -9 -9 -10 -9 -7 -9 -8 -8 -8 -7 -7 -9 -7 -7 -5 -6 -8 -6 -6 -7 -6 -6 -5 -6 -6 -6 -6 -7 -6 -7 -5 -6 -5 -6 -4 -6 -5 -7 -4 -6 -3 -6 -3 -7 -3 -9 -4 -8 -4 -6 -4 -7 0 0 0 0 0 0 0 0 0 0 ]
180,1783414493.136624,13.5819,-77,CSI_DATA,AP,98:F4:AB:29:67:94,-77,11,1,4,1,1,1,0,0,0,0,-96,0,6,1,46982597,0,84,0,0,47.3646,384,[84 -64 4 0 0 0 0 0 0 0 0 0 12 -22 12 -20 14 -20 13 -21 12 -20 12 -19 14 -17 13 -17 12 -19 12 -17 10 -17 9 -17 9 -19 10 -17 9 -17 10 -21 7 -15 8 -17 7 -14 10 -14 9 -12 7 -14 6 -14 5 -13 7 -12 4 -12 0 0 4 -11 5 -11 5 -10 5 -9 2 -10 4 -9 3 -8 2 -10 3 -10 3 -8 3 -8 2 -7 2 -8 2 -8 5 -9 2 -7 4 -9 4 -8 3 -6 4 -4 5 -5 3 -6 5 -7 5 -9 6 -8 5 -7 0 0 0 0 0 0 0 0 0 0 ]
181,1783414493.261413,12.9703,-76,CSI_DATA,AP,98:F4:AB:29:67:94,-76,11,1,4,1,1,1,0,0,0,0,-96,0,6,1,47075223,0,84,0,0,47.4573,384,[84 -64 4 0 0 0 0 0 0 0 0 0 19 16 18 17 18 15 18 14 17 15 15 15 16 13 16 13 16 14 16 13 16 13 13 13 16 13 18 12 14 12 15 12 13 11 15 9 12 10 12 9 12 9 12 10 11 11 12 9 10 7 11 7 0 0 10 7 10 6 9 6 8 7 6 4 8 5 7 5 7 4 7 5 7 4 5 4 5 5 6 6 5 5 6 6 6 6 5 5 2 5 4 7 4 4 4 5 4 7 3 7 4 7 4 9 4 8 0 0 0 0 0 0 0 0 0 0 ]
182,1783414493.383141,13.5282,-77,CSI_DATA,AP,98:F4:AB:29:67:94,-77,11,1,4,1,1,1,0,0,0,0,-96,0,6,1,47160908,0,84,0,0,47.5429,384,[84 -64 4 0 0 0 0 0 0 0 0 0 1 -27 3 -21 4 -27 3 -24 3 -24 4 -22 3 -20 4 -22 2 -21 3 -23 2 -21 3 -21 2 -21 0 -22 1 -19 1 -21 1 -17 0 -20 0 -18 1 -16 2 -16 -1 -15 0 -16 -2 -14 0 -14 0 -13 0 0 0 -13 -1 -13 -1 -11 -1 -10 1 -10 0 -10 -1 -10 -1 -9 -2 -8 -1 -9 -1 -9 -1 -9 0 -8 -1 -7 -1 -9 0 -7 1 -8 1 -8 0 -8 3 -8 2 -8 2 -7 0 -8 2 -11 0 -10 2 -9 0 0 0 0 0 0 0 0 0 0 ]
183,1783414493.504783,13.9850,-75,CSI_DATA,AP,98:F4:AB:29:67:94,-75,11,1,2,1,1,1,0,0,0,0,-96,0,6,1,47254934,0,84,0,0,47.637,384,[84 -64 4 0 0 0 0 0 0 0 0 0 -23 -12 -21 -11 -24 -12 -23 -11 -21 -10 -18 -11 -20 -11 -19 -11 -21 -9 -19 -12 -21 -8 -19 -8 -20 -7 -18 -8 -19 -11 -21 -8 -16 -4 -15 -7 -16 -8 -18 -6 -16 -9 -13 -4 -9 -8 -15 -7 -16 -11 -13 -9 0 0 -8 -3 -13 -5 -10 -6 -12 -6 -8 -1 -13 -4 -10 -3 -9 -5 -7 -5 -9 -3 -7 -2 -9 -3 -9 -2 -7 -3 -6 -1 -7 -1 -7 -5 -8 -4 -6 -4 -6 -3 -5 -5 -8 -4 -6 -6 -7 -6 -8 -6 -8 -6 0 0 0 0 0 0 0 0 0 0 ]
184,1783414493.629551,13.4997,-77,CSI_DATA,AP,98:F4:AB:29:67:94,-77,11,1,4,1,1,1,0,0,0,0,-96,0,6,1,47344670,0,84,0,0,47.7267,384,[84 -64 4 0 0 0 0 0 0 0 0 0 22 13 22 11 22 10 20 9 18 10 19 13 18 10 18 10 18 10 16 9 17 9 17 10 19 9 17 8 16 10 14 9 16 9 13 8 15 11 13 8 14 9 12 8 12 5 12 5 11 6 12 7 0 0 9 6 11 6 9 6 8 4 7 6 8 5 6 6 6 5 7 4 6 4 7 4 6 3 3 5 6 5 4 5 6 5 5 6 4 4 5 6 4 5 5 5 4 8 5 6 4 7 4 6 4 7 0 0 0 0 0 0 0 0 0 0 ]
185,1783414493.753659,13.6483,-77,CSI_DATA,AP,98:F4:AB:29:67:94,-77,11,1,4,1,1,1,0,0,0,0,-96,0,6,1,47432700,0,84,0,0,47.8147,384,[84 -64 4 0 0 0 0 0 0 0 0 0 -13 -22 -12 -21 -12 -22 -13 -21 -13 -19 -12 -19 -12 -19 -10 -18 -11 -18 -11 -17 -11 -18 -10 -16 -12 -16 -11 -16 -9 -16 -11 -17 -9 -13 -10 -16 -10 -13 -10 -15 -9 -13 -10 -12 -8 -12 -7 -13 -7 -12 -7 -11 0 0 -9 -9 -8 -10 -6 -8 -7 -8 -5 -8 -6 -9 -5 -10 -6 -8 -6 -8 -5 -7 -5 -5 -5 -6 -4 -7 -3 -6 -5 -8 -4 -6 -3 -8 -5 -7 -2 -7 -2 -8 -2 -9 -3 -8 -3 -8 -3 -7 -3 -7 -3 -8 0 0 0 0 0 0 0 0 0 0 ]
186,1783414493.877036,13.2161,-77,CSI_DATA,AP,98:F4:AB:29:67:94,-77,11,1,4,1,1,1,0,0,0,0,-96,0,6,1,47521555,0,84,0,0,47.9035,384,[84 -64 4 0 0 0 0 0 0 0 0 0 21 10 20 11 21 13 18 10 20 12 17 11 18 12 17 10 17 11 17 12 17 7 16 9 19 7 16 7 17 6 18 7 15 6 17 7 13 7 15 8 14 7 14 5 13 6 12 5 12 5 12 4 0 0 11 3 11 2 11 3 10 3 9 4 7 2 7 4 8 2 7 3 7 2 8 3 4 3 5 2 5 2 8 3 6 3 7 4 5 4 5 3 4 5 4 4 5 4 4 3 6 5 7 5 7 5 0 0 0 0 0 0 0 0 0 0 ]
187,1783414494.000880,13.9905,-77,CSI_DATA,AP,98:F4:AB:29:67:94,-77,11,1,4,1,1,1,0,0,0,0,-96,0,6,1,47611931,0,84,0,0,47.994,384,[84 -64 4 0 0 0 0 0 0 0 0 0 -25 -8 -22 -7 -26 -9 -22 -8 -23 -6 -21 -6 -19 -6 -22 -8 -20 -6 -21 -7 -20 -5 -21 -5 -20 -8 -19 -5 -19 -5 -19 -4 -17 -2 -18 -4 -17 -5 -15 -4 -16 -4 -16 -5 -16 -4 -14 -3 -14 -5 -14 -4 0 0 -10 -3 -12 -3 -11 -3 -12 -2 -8 -2 -11 -2 -9 -4 -10 -2 -7 -1 -8 -3 -9 -2 -8 -2 -7 -2 -8 -2 -7 -3 -8 -2 -8 -4 -9 -4 -6 -4 -7 -5 -9 -4 -7 -5 -7 -5 -7 -5 -8 -6 -7 -7 0 0 0 0 0 0 0 0 0 0 ]
188,1783414494.123618,14.6752,-77,CSI_DATA,AP,98:F4:AB:29:67:94,-77,11,1,4,1,1,1,0,0,0,0,-96,0,6,1,47703574,0,84,0,0,48.0856,384,[84 -64 4 0 0 0 0 0 0 0 0 0 -24 0 -23 -1 -23 1 -23 -1 -23 -1 -22 -3 -22 1 -20 0 -22 0 -20 0 -20 1 -20 0 -19 0 -20 0 -19 2 -19 0 -18 0 -18 0 -17 0 -16 0 -16 1 -17 0 -14 -1 -13 2 -15 2 -15 2 0 0 -12 0 -13 0 -12 0 -11 1 -10 1 -11 -2 -10 0 -11 1 -10 -1 -9 0 -11 0 -9 1 -7 0 -11 -1 -9 -1 -8 0 -9 -2 -8 -2 -9 -2 -8 -2 -7 -3 -8 -4 -9 -2 -10 -2 -8 -5 -11 -4 0 0 0 0 0 0 0 0 0 0 ]
189,1783414494.248156,14.5518,-77,CSI_DATA,AP,98:F4:AB:29:67:94,-77,11,1,4,1,1,1,0,0,0,0,-96,0,6,1,47796082,0,84,0,0,48.1781,384,[84 -64 4 0 0 0 0 0 0 0 0 0 21 -9 20 -9 21 -11 20 -10 20 -10 18 -10 18 -9 18 -10 18 -9 18 -9 19 -9 17 -8 17 -10 18 -8 16 -9 16 -9 14 -9 15 -9 15 -9 13 -9 13 -9 14 -10 13 -7 10 -7 12 -6 11 -5 0 0 10 -6 13 -8 9 -5 9 -6 9 -5 10 -5 8 -5 7 -5 7 -6 7 -6 7 -4 6 -5 7 -5 6 -4 7 -4 7 -4 7 -3 6 -2 8 -2 8 -1 8 -3 6 -1 7 -3 8 -1 9 -2 9 -1 0 0 0 0 0 0 0 0 0 0 ]
190,1783414494.371774,14.0197,-77,CSI_DATA,AP,98:F4:AB:29:67:94,-77,11,1,4,1,1,1,0,0,0,0,-96,0,6,1,47883145,0,84,0,0,48.2652,384,[84 -64 4 0 0 0 0 0 0 0 0 0 -20 -11 -21 -13 -22 -11 -20 -12 -18 -14 -17 -11 -18 -11 -18 -10 -21 -9 -19 -11 -18 -10 -17 -10 -18 -9 -18 -9 -17 -9 -18 -9 -18 -7 -18 -9 -15 -6 -14 -5 -14 -6 -15 -6 -14 -7 -14 -8 -13 -4 -12 -6 0 0 -13 -4 -13 -5 -12 -4 -12 -5 -11 -5 -11 -5 -9 -4 -9 -4 -8 -1 -10 -5 -8 -4 -10 -4 -8 -2 -8 -3 -9 -4 -8 -5 -8 -4 -8 -5 -6 -6 -7 -5 -6 -5 -8 -5 -6 -7 -8 -6 -6 -7 -9 -6 0 0 0 0 0 0 0 0 0 0 ]
191,1783414494.495578,13.7648,-71,CSI_DATA,AP,98:F4:AB:29:67:94,-71,11,0,0,0,0,0,0,0,0,0,-96,0,6,1,47976991,0,84,0,0,48.3591,128,[84 -64 4 0 0 0 0 0 0 0 0 0 -22 24 -21 23 -23 25 -21 24 -21 23 -20 20 -19 21 -20 18 -19 22 -19 21 -17 21 -17 21 -16 21 -16 22 -15 19 -16 23 -14 21 -15 19 -14 17 -14 17 -14 16 -13 17 -12 14 -12 15 -11 16 -13 15 0 0 -11 15 -11 14 -10 13 -10 14 -8 11 -9 10 -8 9 -8 8 -8 10 -9 8 -8 10 -7 9 -7 10 -8 8 -8 8 -9 8 -9 9 -10 6 -10 5 -10 5 -12 5 -10 6 -12 5 -12 6 -11 5 -14 6 0 0 0 0 0 0 0 0 0 0 ]
192,1783414494.618176,14.3925,-75,CSI_DATA,AP,98:F4:AB:29:67:94,-75,11,1,2,1,1,1,0,0,0,0,-96,0,6,1,48065241,0,84,0,0,48.4473,384,[84 -64 4 0 0 0 0 0 0 0 0 0 11 21 10 22 9 21 8 21 9 20 8 20 7 19 8 18 8 18 6 17 9 18 10 18 9 18 8 17 8 16 9 19 9 16 8 15 7 15 7 15 6 15 6 14 7 13 8 14 7 13 8 11 0 0 7 11 6 11 5 11 6 9 5 9 4 9 3 9 5 7 4 8 4 8 5 7 4 8 5 7 4 8 3 8 3 7 3 7 3 7 0 8 0 7 -1 9 0 10 1 9 1 9 1 10 1 11 0 0 0 0 0 0 0 0 0 0 ]
193,1783414494.741042,14.8483,-76,CSI_DATA,AP,98:F4:AB:29:67:94,-76,11,1,4,1,1,1,0,0,0,0,-96,0,6,1,48156183,0,84,0,0,48.5382,384,[84 -64 4 0 0 0 0 0 0 0 0 0 7 -23 6 -23 7 -23 6 -22 8 -21 6 -20 6 -20 7 -20 5 -20 7 -19 6 -19 5 -20 8 -20 6 -19 4 -18 4 -20 3 -17 4 -19 5 -15 4 -18 4 -16 3 -16 4 -17 4 -15 6 -14 3 -14 0 0 4 -13 3 -14 2 -12 2 -13 2 -11 2 -11 2 -11 2 -9 2 -9 -1 -10 1 -9 0 -9 2 -8 2 -8 2 -8 3 -10 4 -6 3 -9 5 -7 2 -6 4 -6 4 -9 4 -6 6 -10 5 -8 5 -8 0 0 0 0 0 0 0 0 0 0 ]
194,1783414494.864675,13.2686,-77,CSI_DATA,AP,98:F4:AB:29:67:94,-77,11,1,4,1,1,1,0,0,0,0,-96,0,6,1,48240723,0,84,0,0,48.6227,384,[84 -64 4 0 0 0 0 0 0 0 0 0 -3 19 -3 19 -3 20 -2 20 -2 20 -1 16 -1 17 -3 20 -1 17 -2 18 -2 16 -2 18 -1 17 -2 16 -2 15 -1 18 0 15 0 16 0 14 -3 14 -2 14 -2 13 -2 13 -2 13 -2 12 -3 11 0 0 -1 9 0 12 0 10 -1 11 -2 8 -2 9 -2 8 -4 8 0 8 -1 7 -2 6 -1 7 -1 7 -1 6 -3 7 -2 7 -2 7 -3 7 -5 7 -3 7 -4 5 -5 5 -3 7 -5 8 -5 8 -5 7 0 0 0 0 0 0 0 0 0 0 ]
195,1783414494.985363,14.0273,-77,CSI_DATA,AP,98:F4:AB:29:67:94,-77,11,1,4,1,1,1,0,0,0,0,-96,0,6,1,48330954,0,84,0,0,48.7129,384,[84 -64 4 0 0 0 0 0 0 0 0 0 -16 19 -16 16 -17 16 -17 17 -15 16 -15 15 -16 15 -15 13 -14 14 -14 17 -13 14 -13 17 -13 15 -10 16 -11 14 -12 16 -11 14 -11 15 -10 14 -11 14 -10 14 -12 13 -9 12 -8 11 -10 11 -7 11 0 0 -6 10 -7 9 -8 10 -7 10 -7 7 -7 8 -8 8 -5 6 -6 8 -6 7 -3 7 -5 7 -4 6 -5 7 -5 7 -5 5 -5 7 -5 6 -6 5 -7 6 -7 5 -7 5 -5 4 -6 5 -7 5 -8 6 0 0 0 0 0 0 0 0 0 0 ]
196,1783414495.108326,14.0741,-76,CSI_DATA,AP,98:F4:AB:29:67:94,-76,11,1,4,1,1,1,0,0,0,0,-96,0,6,1,48422764,0,84,0,0,48.8048,384,[84 -64 4 0 0 0 0 0 0 0 0 0 -16 19 -16 18 -16 18 -14 18 -12 18 -14 16 -13 16 -14 16 -15 16 -14 17 -12 17 -11 18 -13 16 -14 16 -12 18 -13 16 -12 13 -10 15 -12 12 -12 13 -10 13 -10 12 -10 12 -8 12 -9 11 -10 11 0 0 -6 9 -10 10 -7 8 -7 10 -7 8 -6 6 -7 7 -6 7 -6 8 -6 8 -6 6 -6 6 -5 6 -5 4 -8 5 -7 7 -7 5 -7 5 -7 4 -8 3 -8 5 -7 3 -8 4 -7 5 -7 4 -9 3 0 0 0 0 0 0 0 0 0 0 ]
197,1783414495.231093,14.0150,-76,CSI_DATA,AP,98:F4:AB:29:67:94,-76,11,1,4,1,1,1,0,0,0,0,-96,0,6,1,48513071,0,84,0,0,48.8951,384,[84 -64 4 0 0 0 0 0 0 0 0 0 3 26 0 24 3 27 2 24 1 24 2 22 2 21 3 23 4 21 3 20 4 21 2 19 3 21 3 21 1 18 2 22 3 17 3 18 2 16 2 16 3 14 3 15 4 14 2 14 4 13 2 13 0 0 2 11 4 13 2 10 3 10 1 11 1 9 1 10 2 9 1 7 2 7 2 8 1 6 1 9 2 7 1 8 -1 8 2 8 0 6 0 7 1 9 -1 9 0 8 -1 10 -1 8 -3 8 -2 8 0 0 0 0 0 0 0 0 0 0 ]
198,1783414495.353593,13.2882,-76,CSI_DATA,AP,98:F4:AB:29:67:94,-76,11,1,4,1,1,1,0,0,0,0,-96,0,6,1,48602681,0,84,0,0,48.9847,384,[84 -64 4 0 0 0 0 0 0 0 0 0 19 17 16 15 18 17 16 14 16 17 13 14 15 15 12 15 15 13 14 15 13 14 13 16 15 15 13 14 12 13 15 13 14 12 14 13 11 11 13 11 12 11 12 10 9 13 9 10 8 10 11 9 0 0 7 9 10 7 9 7 8 6 5 7 8 7 6 7 6 7 4 6 7 7 6 5 4 6 6 6 4 4 6 6 3 6 4 7 5 5 5 5 4 9 3 6 3 8 3 8 3 6 3 8 3 8 0 0 0 0 0 0 0 0 0 0 ]
199,1783414495.475741,13.3482,-77,CSI_DATA,AP,98:F4:AB:29:67:94,-77,11,1,4,1,1,1,0,0,0,0,-96,0,6,1,48697476,0,84,0,0,49.0795,384,[84 -64 4 0 0 0 0 0 0 0 0 0 22 -2 19 -1 22 -1 19 -2 20 -3 18 -1 18 0 18 -1 19 -2 18 -2 17 -3 17 -2 17 -1 17 -3 15 -2 18 -1 13 -3 14 -2 15 -3 14 -3 13 -1 14 -2 13 -1 12 -3 14 -1 11 -3 0 0 10 -2 12 -4 9 -1 9 -1 9 -2 8 -2 9 -2 8 -1 8 -1 6 -2 7 -1 6 -3 5 -3 7 0 8 -1 6 -1 9 -2 6 0 7 1 7 0 6 1 6 0 7 0 7 0 7 1 8 2 0 0 0 0 0 0 0 0 0 0 ]
200,1783414495.599750,13.2494,-76,CSI_DATA,AP,98:F4:AB:29:67:94,-76,11,1,4,1,1,1,0,0,0,0,-96,0,6,1,48783264,0,84,0,0,49.1653,384,[84 -64 4 0 0 0 0 0 0 0 0 0 26 -5 23 -2 24 -5 23 -3 23 -3 22 -3 22 -3 20 -3 22 -4 21 -3 20 -4 20 -5 20 -5 21 -3 18 -5 19 -5 16 -4 19 -5 16 -3 17 -2 17 -3 16 -3 15 -2 15 -3 13 -3 13 -3 0 0 12 -2 12 -2 11 -3 10 -3 9 0 10 -3 8 -2 8 -1 8 -3 9 -2 8 -4 6 -2 7 -1 7 -2 10 -1 7 -1 8 0 8 -1 7 0 8 -1 7 1 8 2 8 1 7 0 9 2 9 1 0 0 0 0 0 0 0 0 0 0 ]
201,1783414495.722456,13.9979,-77,CSI_DATA,AP,98:F4:AB:29:67:94,-77,11,1,4,1,1,1,0,0,0,0,-96,0,6,1,48871829,0,84,0,0,49.2538,384,[84 -64 4 0 0 0 0 0 0 0 0 0 -26 -7 -24 -7 -26 -6 -22 -6 -23 -6 -21 -8 -22 -6 -19 -7 -21 -5 -22 -5 -21 -7 -19 -5 -21 -6 -20 -6 -20 -6 -19 -4 -19 -4 -21 -6 -18 -4 -17 -4 -17 -3 -16 -4 -14 -4 -14 -4 -14 -4 -13 -4 0 0 -14 -3 -12 -2 -12 -2 -11 -4 -11 -4 -9 -5 -10 -3 -9 -4 -9 -2 -10 -4 -9 -2 -8 -2 -9 -3 -7 -3 -7 -3 -8 -4 -8 -3 -9 -5 -7 -5 -8 -5 -7 -6 -7 -7 -7 -7 -7 -7 -7 -7 -10 -6 0 0 0 0 0 0 0 0 0 0 ]
202,1783414495.844461,14.2074,-76,CSI_DATA,AP,98:F4:AB:29:67:94,-76,11,1,4,1,1,1,0,0,0,0,-96,0,6,1,48964981,0,84,0,0,49.347,384,[84 -64 4 0 0 0 0 0 0 0 0 0 9 -24 8 -22 8 -25 7 -21 7 -23 7 -22 6 -20 7 -19 6 -22 9 -21 10 -20 8 -18 5 -19 8 -20 7 -17 4 -21 7 -18 6 -18 6 -16 5 -16 6 -15 5 -17 6 -15 5 -14 5 -13 3 -12 0 0 4 -12 2 -15 4 -12 2 -13 2 -11 4 -11 4 -8 3 -9 2 -9 3 -10 2 -9 2 -8 3 -8 3 -8 3 -9 2 -9 5 -9 5 -8 4 -8 6 -7 5 -7 5 -7 6 -8 6 -7 6 -8 6 -6 0 0 0 0 0 0 0 0 0 0 ]
203,1783414495.966756,14.9703,-76,CSI_DATA,AP,98:F4:AB:29:67:94,-76,11,1,4,1,1,1,0,0,0,0,-96,0,6,1,49050880,0,84,0,0,49.4328,384,[84 -64 4 0 0 0 0 0 0 0 0 0 23 -17 23 -16 24 -16 21 -16 22 -17 20 -16 19 -14 20 -12 20 -13 21 -12 19 -14 17 -15 17 -16 17 -13 16 -14 17 -12 16 -12 17 -12 14 -12 17 -12 15 -10 13 -11 13 -11 12 -9 13 -8 12 -10 0 0 12 -8 11 -10 10 -7 9 -8 10 -6 10 -7 8 -6 7 -6 7 -5 7 -7 6 -6 7 -4 7 -5 8 -6 8 -3 8 -3 8 -4 8 -3 8 -2 8 -2 8 -1 8 -3 10 -2 8 -3 9 -2 10 -2 0 0 0 0 0 0 0 0 0 0 ]
204,1783414496.092473,14.1424,-77,CSI_DATA,AP,98:F4:AB:29:67:94,-77,11,1,4,1,1,1,0,0,0,0,-96,0,6,1,49148300,0,84,0,0,49.5303,384,[84 -64 4 0 0 0 0 0 0 0 0 0 -18 -21 -14 -20 -15 -20 -15 -19 -16 -19 -15 -19 -14 -18 -14 -19 -13 -18 -13 -18 -13 -18 -14 -15 -12 -15 -13 -15 -14 -14 -15 -17 -12 -13 -12 -15 -12 -13 -10 -14 -10 -12 -10 -13 -9 -13 -11 -11 -10 -9 -11 -10 0 0 -9 -8 -8 -8 -9 -10 -10 -6 -7 -8 -6 -8 -7 -7 -8 -8 -7 -5 -7 -6 -8 -6 -7 -4 -7 -5 -6 -7 -6 -7 -6 -6 -5 -8 -5 -7 -5 -8 -4 -8 -5 -8 -4 -8 -4 -7 -3 -8 -4 -9 -4 -8 0 0 0 0 0 0 0 0 0 0 ]
205,1783414496.213734,13.7748,-77,CSI_DATA,AP,98:F4:AB:29:67:94,-77,11,1,4,1,1,1,0,0,0,0,-96,0,6,1,49233381,0,84,0,0,49.6154,384,[84 -64 4 0 0 0 0 0 0 0 0 0 -23 13 -20 12 -22 14 -20 12 -20 12 -18 11 -18 11 -18 10 -16 10 -18 11 -18 10 -18 12 -17 12 -19 10 -16 8 -19 11 -16 8 -16 9 -15 7 -16 8 -13 7 -14 5 -15 7 -13 7 -12 5 -11 6 0 0 -13 5 -12 6 -9 6 -9 5 -9 4 -8 2 -10 4 -8 2 -9 2 -8 3 -9 2 -6 3 -7 1 -8 2 -7 2 -8 2 -10 1 -9 0 -9 0 -5 -1 -8 -1 -9 0 -9 -1 -9 0 -8 -2 -10 -1 0 0 0 0 0 0 0 0 0 0 ]
206,1783414496.337816,12.8725,-76,CSI_DATA,AP,98:F4:AB:29:67:94,-76,11,1,4,1,1,1,0,0,0,0,-96,0,6,1,49320916,0,84,0,0,49.703,384,[84 -64 4 0 0 0 0 0 0 0 0 0 -11 -24 -10 -21 -12 -22 -10 -21 -11 -20 -10 -19 -10 -19 -10 -19 -9 -18 -9 -22 -8 -21 -7 -18 -9 -18 -9 -18 -7 -17 -7 -19 -9 -18 -8 -16 -7 -16 -6 -16 -8 -18 -6 -13 -6 -15 -5 -14 -6 -11 -6 -13 0 0 -5 -14 -5 -12 -4 -12 -7 -10 -4 -10 -3 -10 -3 -9 -2 -10 -3 -8 -2 -9 -3 -8 -3 -7 -4 -9 -1 -8 -3 -9 -2 -7 -1 -8 -1 -9 -1 -8 -1 -9 1 -10 2 -9 2 -10 2 -11 1 -9 0 -10 0 0 0 0 0 0 0 0 0 0 ]
207,1783414496.460764,12.8785,-76,CSI_DATA,AP,98:F4:AB:29:67:94,-76,11,1,4,1,1,1,0,0,0,0,-96,0,6,1,49412849,0,84,0,0,49.7949,384,[84 -64 4 0 0 0 0 0 0 0 0 0 17 -20 14 -18 15 -20 14 -19 15 -19 16 -17 15 -18 15 -16 13 -16 15 -15 14 -16 14 -15 13 -15 13 -15 11 -15 12 -17 11 -13 12 -14 10 -12 12 -12 14 -12 10 -12 10 -10 10 -13 8 -11 9 -10 0 0 11 -9 9 -11 9 -7 8 -10 9 -7 7 -7 7 -6 7 -7 6 -7 7 -7 5 -7 6 -6 6 -6 6 -5 6 -5 5 -5 8 -4 8 -4 7 -3 9 -2 7 -1 6 -1 8 -1 8 -3 9 -1 8 -2 0 0 0 0 0 0 0 0 0 0 ]
208,1783414496.585304,13.5356,-77,CSI_DATA,AP,98:F4:AB:29:67:94,-77,11,1,4,1,1,1,0,0,0,0,-96,0,6,1,49502553,0,84,0,0,49.8846,384,[84 -64 4 0 0 0 0 0 0 0 0 0 -6 25 -5 23 -5 23 -5 22 -5 22 -6 20 -6 21 -6 19 -3 21 -3 20 -4 20 -3 21 -3 21 -5 19 -2 17 -2 20 -2 18 -3 18 -3 15 -4 15 -3 17 -3 15 -3 15 -3 14 -4 14 -3 13 0 0 -4 12 -2 14 -4 11 -1 11 -2 9 -3 8 -3 9 -3 10 -2 10 -2 7 -1 7 -3 11 -2 8 -1 8 -3 7 -4 8 -4 9 -4 5 -5 8 -4 7 -4 8 -6 6 -7 8 -6 6 -6 8 -6 8 0 0 0 0 0 0 0 0 0 0 ]
209,1783414496.707129,13.3496,-77,CSI_DATA,AP,98:F4:AB:29:67:94,-77,11,1,4,1,1,1,0,0,0,0,-96,0,6,1,49593950,0,84,0,0,49.976,384,[84 -64 4 0 0 0 0 0 0 0 0 0 -12 21 -9 19 -10 22 -12 19 -12 21 -10 18 -8 19 -12 19 -9 18 -13 19 -8 18 -10 17 -9 17 -9 16 -8 16 -10 19 -7 17 -8 16 -8 13 -7 15 -8 14 -5 15 -7 12 -4 12 -7 11 -6 11 0 0 -6 12 -8 12 -5 12 -5 9 -5 8 -4 9 -4 8 -3 8 -5 7 -4 6 -4 7 -4 8 -3 6 -3 7 -5 6 -5 6 -6 8 -6 6 -6 6 -6 5 -7 4 -6 5 -7 5 -7 4 -9 4 -7 4 0 0 0 0 0 0 0 0 0 0 ]
210,1783414496.830079,13.3794,-76,CSI_DATA,AP,98:F4:AB:29:67:94,-76,11,1,4,1,1,1,0,0,0,0,-96,0,6,1,49681403,0,84,0,0,50.0634,384,[84 -64 4 0 0 0 0 0 0 0 0 0 -24 8 -22 8 -24 9 -21 8 -22 8 -20 7 -21 7 -18 7 -20 7 -20 6 -19 7 -19 6 -19 7 -21 6 -19 7 -19 8 -17 5 -18 6 -16 6 -17 6 -16 6 -15 5 -15 4 -16 4 -16 4 -12 4 0 0 -12 3 -11 4 -12 3 -12 5 -10 3 -10 3 -9 2 -8 2 -8 0 -9 3 -10 3 -9 2 -8 2 -8 0 -10 -1 -10 1 -9 0 -8 0 -10 0 -8 -1 -9 -2 -10 -1 -9 -2 -10 -1 -10 -4 -11 -2 0 0 0 0 0 0 0 0 0 0 ]
211,1783414496.954314,14.2511,-76,CSI_DATA,AP,98:F4:AB:29:67:94,-76,11,1,2,1,1,1,0,0,0,0,-96,0,6,1,49772784,0,84,0,0,50.1547,384,[84 -64 4 0 0 0 0 0 0 0 0 0 -25 6 -23 8 -23 6 -22 7 -23 6 -20 4 -21 5 -19 6 -20 5 -21 7 -20 5 -20 6 -20 5 -18 6 -19 6 -20 7 -18 5 -18 4 -16 3 -17 3 -16 4 -16 3 -15 3 -15 4 -14 4 -15 5 0 0 -13 2 -12 2 -13 3 -13 2 -10 1 -12 0 -11 2 -10 1 -9 1 -8 2 -9 2 -7 2 -9 1 -9 1 -10 0 -9 0 -9 -1 -8 -1 -10 -1 -9 -3 -9 -3 -9 -4 -10 -3 -9 -3 -10 -2 -10 -4 0 0 0 0 0 0 0 0 0 0 ]
212,1783414497.077381,13.7767,-77,CSI_DATA,AP,98:F4:AB:29:67:94,-77,11,1,4,1,1,1,0,0,0,0,-96,0,6,1,49861806,0,84,0,0,50.2439,384,[84 -64 4 0 0 0 0 0 0 0 0 0 -1 -26 -3 -23 -2 -25 -2 -22 0 -23 -2 -22 -2 -24 -4 -19 -3 -20 0 -21 -3 -19 -3 -20 -2 -20 -3 -22 0 -17 -3 -21 -2 -19 -2 -19 -1 -18 -2 -17 -1 -18 -3 -16 1 -15 -1 -15 0 -13 -2 -13 0 0 -2 -14 0 -13 -1 -12 -2 -13 -2 -10 0 -9 -1 -9 -2 -9 -1 -9 -1 -8 -2 -7 -1 -9 -2 -8 1 -7 1 -10 0 -9 1 -10 1 -8 2 -8 3 -10 0 -8 2 -10 4 -10 2 -9 4 -9 3 -8 0 0 0 0 0 0 0 0 0 0 ]
213,1783414497.199138,12.9476,-77,CSI_DATA,AP,98:F4:AB:29:67:94,-77,11,1,4,1,1,1,0,0,0,0,-96,0,6,1,49955070,0,84,0,0,50.3371,384,[84 -64 4 0 0 0 0 0 0 0 0 0 3 -23 3 -24 4 -26 2 -24 3 -24 3 -21 3 -22 3 -21 2 -23 2 -21 3 -20 1 -20 2 -21 2 -20 0 -18 1 -20 1 -17 1 -18 2 -18 -1 -18 2 -16 1 -17 0 -14 2 -15 1 -12 1 -12 0 0 1 -14 -1 -13 0 -11 0 -12 0 -10 0 -11 0 -10 0 -9 -1 -10 -2 -8 0 -9 -1 -7 -1 -8 -1 -9 -1 -10 0 -8 1 -10 1 -7 4 -8 1 -7 3 -8 1 -9 3 -9 3 -7 3 -9 3 -9 0 0 0 0 0 0 0 0 0 0 ]
214,1783414497.320345,12.6167,-77,CSI_DATA,AP,98:F4:AB:29:67:94,-77,11,1,4,1,1,1,0,0,0,0,-96,0,6,1,50041205,0,84,0,0,50.4232,384,[84 -64 4 0 0 0 0 0 0 0 0 0 -12 20 -11 20 -13 21 -10 19 -14 21 -12 17 -11 19 -13 18 -10 17 -11 19 -9 17 -11 15 -11 17 -10 18 -9 15 -9 18 -7 16 -9 16 -7 14 -8 15 -8 13 -7 12 -8 11 -7 11 -7 11 -5 11 0 0 -5 10 -6 11 -5 9 -5 10 -4 8 -5 11 -5 7 -5 7 -4 7 -5 8 -3 6 -4 7 -5 5 -5 6 -5 6 -6 7 -6 6 -4 5 -5 5 -7 6 -6 5 -7 5 -6 5 -7 5 -7 4 -8 4 0 0 0 0 0 0 0 0 0 0 ]
215,1783414497.441581,13.2951,-77,CSI_DATA,AP,98:F4:AB:29:67:94,-77,11,1,4,1,1,1,0,0,0,0,-96,0,6,1,50132672,0,84,0,0,50.5147,384,[84 -64 4 0 0 0 0 0 0 0 0 0 -11 -24 -10 -21 -11 -19 -9 -21 -10 -21 -8 -19 -9 -19 -9 -18 -10 -19 -8 -19 -10 -18 -9 -17 -9 -19 -8 -18 -8 -17 -11 -17 -8 -16 -9 -16 -7 -15 -6 -16 -6 -14 -6 -15 -4 -15 -6 -14 -6 -13 -6 -11 0 0 -4 -14 -5 -11 -3 -12 -6 -12 -4 -10 -4 -10 -3 -10 -3 -10 -2 -7 -2 -7 -3 -9 -5 -7 -2 -8 -2 -7 -3 -7 -1 -9 -2 -9 -1 -8 0 -9 1 -7 0 -7 0 -9 1 -9 1 -9 3 -7 2 -10 0 0 0 0 0 0 0 0 0 0 ]
216,1783414497.563231,12.7312,-77,CSI_DATA,AP,98:F4:AB:29:67:94,-77,11,1,4,1,1,1,0,0,0,0,-96,0,6,1,50223599,0,84,0,0,50.6057,384,[84 -64 4 0 0 0 0 0 0 0 0 0 22 -3 21 -4 22 -5 20 -4 21 -3 20 -1 19 -3 18 -4 20 -4 18 -4 20 -3 18 -4 19 -5 17 -5 18 -4 18 -5 17 -4 17 -4 15 -4 16 -4 15 -3 16 -3 14 -2 14 -3 12 -3 11 -3 0 0 12 -3 11 -2 12 -3 11 -3 10 -2 10 -2 7 -1 8 -1 8 -3 8 -3 7 -3 7 -1 7 -1 8 -2 9 -1 9 -2 8 -1 9 0 7 0 7 0 8 3 6 1 6 1 7 3 8 2 8 2 0 0 0 0 0 0 0 0 0 0 ]
217,1783414497.685486,13.9587,-75,CSI_DATA,AP,98:F4:AB:29:67:94,-75,11,1,2,1,1,1,0,0,0,0,-96,0,6,1,50316730,0,84,0,0,50.6988,384,[84 -64 4 0 0 0 0 0 0 0 0 0 13 -16 9 -19 11 -21 7 -16 5 -22 8 -15 10 -13 7 -23 4 -19 7 -16 9 -16 6 -15 12 -17 5 -8 6 -12 8 -13 15 -19 9 -12 8 -17 8 -16 15 -16 9 -13 5 -14 2 -10 7 -13 9 -11 0 0 7 -8 6 -10 5 -13 7 -10 5 -7 5 -5 4 -7 6 -7 5 -6 6 -6 5 -7 4 -6 5 -5 5 -5 6 -7 6 -6 7 -6 6 -5 6 -5 7 -3 8 -2 6 -3 7 -3 8 -1 8 -3 8 -3 0 0 0 0 0 0 0 0 0 0 ]
218,1783414497.806879,13.5162,-77,CSI_DATA,AP,98:F4:AB:29:67:94,-77,11,1,4,1,1,1,0,0,0,0,-96,0,6,1,50400821,0,84,0,0,50.7829,384,[84 -64 4 0 0 0 0 0 0 0 0 0 7 23 7 21 8 21 8 22 8 20 6 19 7 18 6 20 7 20 7 20 5 19 7 18 7 18 8 19 6 15 6 18 6 17 7 15 5 16 6 16 5 16 4 15 5 14 4 14 4 12 5 12 0 0 4 9 4 10 4 10 4 10 2 8 4 8 3 8 3 8 3 8 3 9 3 8 2 9 2 7 3 8 3 7 2 8 0 9 1 9 1 9 0 9 -1 7 0 9 -2 8 0 9 0 9 -2 8 0 0 0 0 0 0 0 0 0 0 ]
219,1783414497.929165,14.4928,-76,CSI_DATA,AP,98:F4:AB:29:67:94,-76,11,1,4,1,1,1,0,0,0,0,-96,0,6,1,50493695,0,84,0,0,50.8757,384,[84 -64 4 0 0 0 0 0 0 0 0 0 -22 -13 -21 -12 -21 -11 -22 -12 -22 -14 -19 -11 -18 -9 -20 -11 -19 -11 -19 -11 -18 -10 -21 -11 -20 -11 -18 -10 -17 -8 -21 -9 -18 -9 -17 -10 -17 -8 -16 -9 -15 -8 -15 -9 -15 -8 -16 -8 -13 -8 -14 -6 0 0 -12 -7 -11 -6 -10 -6 -12 -6 -9 -6 -11 -6 -8 -8 -8 -6 -8 -4 -10 -6 -9 -5 -9 -5 -6 -5 -6 -5 -8 -6 -8 -6 -8 -7 -7 -6 -6 -7 -4 -8 -5 -6 -6 -6 -5 -7 -7 -8 -8 -8 -6 -9 0 0 0 0 0 0 0 0 0 0 ]
220,1783414498.050860,15.1558,-76,CSI_DATA,AP,98:F4:AB:29:67:94,-76,11,1,4,1,1,1,0,0,0,0,-96,0,6,1,50584051,0,84,0,0,50.966,384,[84 -64 4 0 0 0 0 0 0 0 0 0 -23 14 -18 13 -21 13 -20 12 -20 11 -17 10 -19 12 -19 10 -19 11 -18 13 -17 11 -18 14 -18 12 -18 11 -16 9 -15 12 -16 9 -15 11 -15 9 -13 10 -13 10 -13 11 -12 8 -11 8 -12 9 -11 9 0 0 -10 8 -9 9 -11 9 -10 7 -10 8 -7 7 -8 7 -8 6 -7 6 -6 6 -7 6 -7 5 -5 6 -7 5 -10 6 -7 5 -9 4 -8 3 -10 3 -10 4 -9 4 -10 4 -9 5 -11 3 -10 3 -12 2 0 0 0 0 0 0 0 0 0 0 ]
221,1783414498.172556,14.3467,-76,CSI_DATA,AP,98:F4:AB:29:67:94,-76,11,1,4,1,1,1,0,0,0,0,-96,0,6,1,50672691,0,84,0,0,51.0547,384,[84 -64 4 0 0 0 0 0 0 0 0 0 12 -23 13 -22 14 -21 9 -20 11 -20 10 -21 10 -20 10 -19 11 -20 11 -20 9 -21 9 -20 9 -18 9 -20 10 -17 8 -19 8 -18 7 -17 9 -15 9 -16 6 -16 8 -14 7 -14 4 -12 7 -11 7 -13 0 0 6 -11 6 -11 6 -10 6 -12 5 -9 5 -10 4 -10 4 -9 3 -8 3 -9 2 -7 3 -8 4 -7 3 -7 4 -8 4 -7 5 -8 7 -6 5 -5 5 -5 5 -6 6 -7 7 -7 7 -7 6 -6 8 -7 0 0 0 0 0 0 0 0 0 0 ]
222,1783414498.293036,14.5449,-76,CSI_DATA,AP,98:F4:AB:29:67:94,-76,11,1,4,1,1,1,0,0,0,0,-96,0,6,1,50761397,0,84,0,0,51.1434,384,[84 -64 4 0 0 0 0 0 0 0 0 0 1 25 1 24 0 23 3 22 1 24 1 21 1 20 1 20 2 20 0 20 2 22 0 23 1 19 2 19 2 18 2 20 3 18 2 19 1 16 1 17 2 16 1 15 1 16 -1 15 0 15 2 15 0 0 1 14 1 12 0 12 1 12 1 10 2 10 -1 10 0 10 2 9 0 7 0 9 -1 8 -1 9 0 8 0 9 0 8 -1 9 -1 9 -2 8 -2 8 -3 7 -4 8 -4 7 -4 9 -4 10 -4 9 0 0 0 0 0 0 0 0 0 0 ]
223,1783414498.414875,14.8790,-76,CSI_DATA,AP,98:F4:AB:29:67:94,-76,11,1,4,1,1,1,0,0,0,0,-96,0,6,1,50854517,0,84,0,0,51.2366,384,[84 -64 4 0 0 0 0 0 0 0 0 0 -14 20 -13 18 -15 19 -13 19 -15 18 -13 19 -15 18 -13 15 -12 17 -14 18 -12 17 -12 17 -12 16 -12 19 -10 14 -10 15 -10 16 -9 16 -12 13 -10 14 -10 13 -11 13 -9 11 -6 13 -8 13 -7 12 0 0 -6 10 -5 11 -6 12 -5 10 -6 9 -6 8 -7 7 -5 7 -4 8 -4 9 -3 8 -5 7 -3 7 -4 6 -5 8 -5 7 -7 6 -5 7 -6 8 -7 5 -6 6 -7 6 -9 4 -8 5 -9 7 -8 7 0 0 0 0 0 0 0 0 0 0 ]
224,1783414498.536382,14.6256,-77,CSI_DATA,AP,98:F4:AB:29:67:94,-77,11,1,4,1,1,1,0,0,0,0,-96,0,6,1,50946045,0,84,0,0,51.3281,384,[84 -64 4 0 0 0 0 0 0 0 0 0 -18 17 -17 16 -15 16 -15 16 -15 14 -15 14 -15 15 -15 15 -16 15 -14 14 -15 16 -13 15 -11 14 -14 13 -13 14 -14 13 -13 13 -12 12 -14 10 -13 11 -11 12 -11 9 -11 10 -11 10 -10 10 -9 8 0 0 -9 8 -10 10 -8 8 -9 7 -8 7 -8 6 -7 7 -8 7 -7 7 -7 5 -8 7 -7 7 -8 7 -7 4 -7 4 -9 6 -7 5 -8 4 -8 3 -9 4 -9 4 -9 2 -8 3 -7 2 -11 3 -9 4 0 0 0 0 0 0 0 0 0 0 ]
225,1783414498.657299,14.8818,-77,CSI_DATA,AP,98:F4:AB:29:67:94,-77,11,1,4,1,1,1,0,0,0,0,-96,0,6,1,51030795,0,84,0,0,51.4128,384,[84 -64 4 0 0 0 0 0 0 0 0 0 21 11 20 9 20 11 18 9 18 10 17 12 16 10 16 10 18 9 18 9 17 8 17 9 17 8 15 9 16 7 17 8 16 5 16 6 12 6 14 5 15 6 14 5 11 5 12 6 12 4 12 5 0 0 11 4 11 4 10 4 11 2 8 4 9 3 8 4 8 2 8 1 7 3 8 3 6 2 8 3 7 1 7 4 7 4 8 6 7 5 4 3 6 3 5 5 6 5 7 5 7 5 7 5 6 7 0 0 0 0 0 0 0 0 0 0 ]
226,1783414498.778445,13.4263,-77,CSI_DATA,AP,98:F4:AB:29:67:94,-77,11,1,4,1,1,1,0,0,0,0,-96,0,6,1,51121920,0,84,0,0,51.504,384,[84 -64 4 0 0 0 0 0 0 0 0 0 23 10 22 9 22 9 19 9 21 9 20 8 20 8 18 6 16 9 17 9 20 9 17 7 17 7 16 8 15 6 18 7 14 6 17 8 13 5 15 6 12 5 14 8 13 6 13 4 12 4 13 5 0 0 9 3 9 4 9 4 11 4 8 3 9 4 9 4 7 4 9 4 8 3 8 1 5 3 6 3 7 5 7 2 6 3 7 5 7 4 5 5 4 3 5 6 5 5 3 7 7 6 5 6 5 8 0 0 0 0 0 0 0 0 0 0 ]
227,1783414498.901119,14.1033,-77,CSI_DATA,AP,98:F4:AB:29:67:94,-77,11,1,4,1,1,1,0,0,0,0,-96,0,6,1,51210750,0,84,0,0,51.5928,384,[84 -64 4 0 0 0 0 0 0 0 0 0 -7 -21 -8 -20 -6 -21 -7 -20 -6 -20 -6 -18 -4 -19 -5 -18 -6 -20 -5 -16 -7 -16 -6 -19 -7 -17 -6 -18 -6 -16 -6 -17 -5 -15 -6 -14 -4 -14 -6 -15 -4 -15 -4 -14 -4 -13 -4 -13 -5 -14 -5 -12 0 0 -3 -11 -5 -11 -5 -10 -4 -10 -3 -10 -3 -10 -2 -10 -2 -8 -2 -8 -2 -9 -3 -8 -2 -7 -2 -9 -2 -7 -1 -7 -1 -7 0 -8 -1 -7 -1 -8 -1 -7 0 -7 1 -7 1 -8 -1 -10 1 -9 1 -8 0 0 0 0 0 0 0 0 0 0 ]
228,1783414499.021838,14.7443,-77,CSI_DATA,AP,98:F4:AB:29:67:94,-77,11,1,4,1,1,1,0,0,0,0,-96,0,6,1,51300784,0,84,0,0,51.6828,384,[84 -64 4 0 0 0 0 0 0 0 0 0 -9 20 -11 22 -12 22 -10 19 -8 21 -7 18 -8 19 -7 17 -10 18 -9 18 -8 18 -6 20 -7 19 -9 19 -5 17 -6 18 -7 17 -6 16 -6 17 -7 16 -6 14 -5 13 -6 12 -6 14 -7 14 -6 14 0 0 -6 13 -3 12 -7 12 -3 10 -3 9 -3 9 -4 9 -5 8 -3 9 -4 7 -3 7 -5 8 -2 7 -4 8 -4 8 -4 7 -4 7 -4 4 -5 5 -5 6 -6 6 -7 5 -5 6 -6 8 -7 8 -7 8 0 0 0 0 0 0 0 0 0 0 ]
229,1783414499.143608,15.5408,-77,CSI_DATA,AP,98:F4:AB:29:67:94,-77,11,1,4,1,1,1,0,0,0,0,-96,0,6,1,51392373,0,84,0,0,51.7744,384,[84 -64 4 0 0 0 0 0 0 0 0 0 5 -26 5 -23 3 -25 3 -22 3 -24 2 -22 5 -22 3 -22 2 -21 5 -21 3 -21 3 -21 3 -21 2 -19 1 -20 1 -21 1 -20 3 -18 3 -16 2 -17 4 -16 4 -17 3 -14 3 -14 4 -15 2 -16 0 0 3 -13 2 -13 2 -11 2 -12 3 -10 0 -11 2 -9 3 -9 2 -9 -1 -8 0 -9 2 -9 2 -7 2 -8 2 -6 2 -7 2 -7 3 -8 4 -7 3 -6 4 -5 4 -6 7 -7 5 -7 5 -7 6 -7 0 0 0 0 0 0 0 0 0 0 ]
230,1783414499.265189,15.0793,-76,CSI_DATA,AP,98:F4:AB:29:67:94,-76,11,1,4,1,1,1,0,0,0,0,-96,0,6,1,51480801,0,84,0,0,51.8628,384,[84 -64 4 0 0 0 0 0 0 0 0 0 19 -14 19 -11 21 -13 20 -11 20 -12 17 -11 19 -12 18 -12 16 -11 18 -11 17 -11 17 -11 16 -13 17 -10 15 -11 16 -13 14 -9 15 -11 14 -9 14 -10 14 -8 14 -9 11 -9 11 -7 12 -8 11 -9 0 0 11 -7 11 -6 10 -6 11 -8 7 -5 9 -6 7 -5 6 -5 7 -4 7 -5 6 -6 7 -4 7 -5 7 -5 8 -3 6 -3 7 -3 7 -2 9 -3 7 -1 8 -2 7 -2 9 -1 9 -3 10 -2 9 -1 0 0 0 0 0 0 0 0 0 0 ]
231,1783414499.386413,14.1568,-77,CSI_DATA,AP,98:F4:AB:29:67:94,-77,11,1,4,1,1,1,0,0,0,0,-96,0,6,1,51571655,0,84,0,0,51.9537,384,[84 -64 4 0 0 0 0 0 0 0 0 0 19 16 19 14 17 14 17 13 16 15 17 14 16 13 17 12 14 11 16 14 17 11 17 13 15 11 15 11 15 12 16 13 14 11 13 10 12 10 12 9 11 10 11 10 12 10 10 7 11 8 12 9 0 0 11 6 9 8 9 7 9 6 6 6 7 5 7 7 7 6 7 4 6 4 8 4 6 6 8 5 6 6 6 5 6 5 6 7 3 7 4 6 5 6 5 8 3 6 5 8 4 9 4 8 4 7 0 0 0 0 0 0 0 0 0 0 ]
232,1783414499.508733,15.1802,-76,CSI_DATA,AP,98:F4:AB:29:67:94,-76,11,1,4,1,1,1,0,0,0,0,-96,0,6,1,51662734,0,84,0,0,52.0447,384,[84 -64 4 0 0 0 0 0 0 0 0 0 -19 16 -17 11 -17 15 -15 13 -19 16 -16 14 -16 13 -17 11 -15 14 -15 14 -14 14 -13 12 -16 15 -14 13 -15 13 -16 13 -14 11 -14 12 -13 11 -13 10 -14 9 -14 10 -12 9 -11 10 -13 9 -12 9 0 0 -11 7 -10 9 -11 7 -10 7 -8 6 -7 6 -9 6 -8 6 -6 4 -8 6 -6 4 -8 5 -7 4 -7 3 -8 5 -7 4 -9 3 -9 2 -9 3 -8 2 -9 2 -9 3 -9 1 -9 2 -9 2 -10 2 0 0 0 0 0 0 0 0 0 0 ]
233,1783414499.630032,14.7897,-76,CSI_DATA,AP,98:F4:AB:29:67:94,-76,11,1,4,1,1,1,0,0,0,0,-96,0,6,1,51751636,0,84,0,0,52.1337,384,[84 -64 4 0 0 0 0 0 0 0 0 0 -25 -5 -25 -3 -28 -2 -24 -4 -25 -5 -20 -3 -22 -4 -21 -4 -23 -3 -23 -4 -20 -4 -21 -5 -19 -4 -20 -3 -19 -2 -22 -5 -17 -3 -19 -2 -18 -2 -19 -4 -17 -4 -16 -2 -16 -4 -13 -3 -14 -3 -14 -2 0 0 -12 -2 -14 0 -9 -2 -15 -2 -11 -4 -10 -4 -12 -3 -9 -3 -11 -2 -11 -3 -9 -2 -8 -2 -9 -4 -9 -3 -9 -4 -8 -5 -10 -5 -6 -5 -7 -7 -8 -6 -7 -6 -8 -5 -8 -7 -8 -10 -9 -8 -9 -7 0 0 0 0 0 0 0 0 0 0 ]
234,1783414499.751347,14.8886,-76,CSI_DATA,AP,98:F4:AB:29:67:94,-76,11,1,4,1,1,1,0,0,0,0,-96,0,6,1,51848170,0,84,0,0,52.2302,384,[84 -64 4 0 0 0 0 0 0 0 0 0 9 -24 8 -22 9 -23 6 -23 8 -22 8 -20 7 -19 8 -20 5 -19 9 -20 7 -20 7 -19 8 -20 8 -21 7 -18 4 -21 6 -17 6 -18 7 -18 7 -17 6 -15 4 -16 5 -16 5 -15 6 -14 4 -15 0 0 5 -13 4 -14 5 -12 3 -12 5 -9 3 -11 4 -9 3 -9 2 -9 3 -10 2 -8 4 -9 4 -8 4 -9 3 -9 4 -8 6 -8 5 -7 6 -5 6 -7 7 -6 5 -8 6 -6 7 -7 8 -5 8 -6 0 0 0 0 0 0 0 0 0 0 ]
235,1783414499.873280,15.5857,-77,CSI_DATA,AP,98:F4:AB:29:67:94,-77,11,1,4,1,1,1,0,0,0,0,-96,0,6,1,51936932,0,84,0,0,52.319,384,[84 -64 4 0 0 0 0 0 0 0 0 0 -9 -25 -8 -22 -7 -23 -10 -21 -7 -22 -8 -21 -8 -21 -7 -21 -8 -20 -7 -19 -8 -23 -9 -20 -7 -17 -8 -19 -5 -18 -9 -19 -8 -17 -8 -18 -6 -15 -8 -17 -6 -18 -8 -15 -7 -15 -8 -14 -8 -14 -5 -13 0 0 -6 -11 -7 -11 -6 -12 -6 -10 -5 -10 -5 -11 -5 -9 -4 -10 -5 -11 -5 -8 -4 -8 -5 -7 -5 -8 -3 -8 -4 -9 -4 -8 -1 -9 -3 -11 -2 -10 -2 -9 -1 -9 -1 -9 -1 -10 -2 -9 -3 -12 -1 -10 0 0 0 0 0 0 0 0 0 0 ]
236,1783414499.995470,13.6650,-76,CSI_DATA,AP,98:F4:AB:29:67:94,-76,11,1,4,1,1,1,0,0,0,0,-96,0,6,1,52021372,0,84,0,0,52.4033,384,[84 -64 4 0 0 0 0 0 0 0 0 0 25 -2 22 -2 24 -2 23 -3 23 -4 21 -2 20 -2 20 -3 20 -2 21 -2 21 -2 20 -2 19 -4 19 -2 17 -4 19 -3 18 -4 18 -3 17 -2 16 -2 15 -3 15 -3 13 -1 14 -3 12 -3 14 -4 0 0 12 -4 13 -3 12 -1 12 -3 9 -2 10 -3 10 -1 8 -3 8 -2 6 -3 8 -3 7 -2 9 -2 8 -1 8 0 8 -1 8 -2 8 0 8 1 7 2 9 4 9 2 8 2 8 1 8 1 9 1 0 0 0 0 0 0 0 0 0 0 ]
237,1783414500.120897,12.4454,-77,CSI_DATA,AP,98:F4:AB:29:67:94,-77,11,1,4,1,1,1,0,0,0,0,-96,0,6,1,52111237,0,84,0,0,52.4933,384,[84 -64 4 0 0 0 0 0 0 0 0 0 -9 -20 -8 -19 -9 -20 -8 -17 -8 -18 -8 -17 -8 -18 -8 -18 -8 -17 -7 -16 -8 -18 -8 -16 -7 -15 -8 -15 -8 -15 -9 -16 -9 -15 -8 -15 -6 -14 -7 -13 -7 -13 -6 -14 -6 -13 -6 -12 -6 -10 -6 -12 0 0 -5 -11 -8 -10 -5 -9 -6 -10 -4 -7 -5 -7 -5 -8 -3 -9 -5 -7 -5 -8 -5 -9 -5 -7 -3 -7 -3 -7 -4 -7 -3 -8 -3 -9 -2 -8 -3 -6 -2 -8 -1 -8 -1 -9 -2 -8 -1 -8 -1 -8 -1 -9 0 0 0 0 0 0 0 0 0 0 ]
238,1783414500.243160,12.3696,-75,CSI_DATA,AP,98:F4:AB:29:67:94,-75,11,1,2,1,1,1,0,0,0,0,-96,0,6,1,52203641,0,84,0,0,52.5857,384,[84 -64 4 0 0 0 0 0 0 0 0 0 -13 18 -12 16 -13 19 -12 16 -12 18 -11 16 -11 16 -10 14 -11 15 -11 16 -10 16 -12 15 -10 16 -10 17 -9 14 -10 16 -8 13 -7 14 -8 12 -8 14 -9 13 -8 11 -9 11 -7 11 -7 11 -6 11 0 0 -5 8 -6 10 -5 8 -6 9 -5 7 -6 7 -5 7 -5 8 -4 7 -6 8 -5 6 -4 6 -5 7 -4 5 -5 7 -4 6 -5 7 -6 6 -7 5 -5 5 -7 5 -7 5 -7 5 -8 5 -8 4 -9 5 0 0 0 0 0 0 0 0 0 0 ]
239,1783414500.365104,12.8079,-77,CSI_DATA,AP,98:F4:AB:29:67:94,-77,11,1,4,1,1,1,0,0,0,0,-96,0,6,1,52291508,0,84,0,0,52.6735,384,[84 -64 4 0 0 0 0 0 0 0 0 0 12 20 12 19 12 19 12 20 13 19 10 19 12 17 10 16 11 17 11 17 11 15 12 16 11 15 9 14 11 15 12 15 11 15 11 14 8 14 7 15 8 15 9 13 8 10 7 13 7 12 7 10 0 0 6 11 7 10 5 10 7 9 4 11 4 11 5 7 2 7 2 8 4 7 5 6 4 6 4 7 3 8 2 7 3 6 3 7 2 7 0 6 1 7 0 8 0 9 -1 8 0 8 0 8 0 9 0 0 0 0 0 0 0 0 0 0 ]
240,1783414500.485069,13.7766,-76,CSI_DATA,AP,98:F4:AB:29:67:94,-76,11,1,4,1,1,1,0,0,0,0,-96,0,6,1,52385321,0,84,0,0,52.7673,384,[84 -64 4 0 0 0 0 0 0 0 0 0 20 -13 18 -11 20 -13 20 -12 20 -13 17 -12 18 -12 18 -10 18 -13 16 -11 15 -12 17 -11 17 -10 15 -12 16 -12 16 -11 14 -11 14 -10 12 -8 13 -8 13 -10 13 -9 12 -8 12 -7 12 -9 11 -7 0 0 10 -8 9 -6 10 -6 11 -6 8 -7 9 -6 8 -8 7 -6 8 -6 7 -6 6 -5 7 -6 8 -5 7 -5 7 -5 9 -4 7 -4 7 -4 8 -3 7 -4 7 -2 8 -2 8 -4 9 -1 9 -1 9 -3 0 0 0 0 0 0 0 0 0 0 ]
241,1783414500.609131,13.9928,-80,CSI_DATA,AP,98:F4:AB:29:67:94,-80,11,1,2,1,1,1,0,0,0,0,-96,0,6,1,52478850,0,84,0,0,52.8609,384,[84 -64 4 0 0 0 0 0 0 0 0 0 54 -5 47 -6 64 1 57 1 43 3 43 -12 57 -5 49 -11 49 -7 49 -9 52 -9 61 0 55 -8 50 -6 41 -6 57 -2 38 -25 32 -18 44 8 54 -14 36 -8 26 1 35 -12 45 -19 36 -11 41 -6 0 0 35 -17 49 -19 32 -10 39 -7 36 2 28 -1 27 -4 20 5 20 -11 18 -13 16 -15 21 -9 26 -2 24 -4 25 -13 23 -9 21 -9 25 -6 32 -13 25 -13 23 -13 27 -5 26 -9 24 -6 27 -1 23 -5 0 0 0 0 0 0 0 0 0 0 ]
242,1783414500.730849,14.8170,-76,CSI_DATA,AP,98:F4:AB:29:67:94,-76,11,1,4,1,1,1,0,0,0,0,-96,0,6,1,52560883,0,84,0,0,52.9429,384,[84 -64 4 0 0 0 0 0 0 0 0 0 7 26 6 22 7 23 8 22 8 21 7 22 5 18 6 20 5 21 7 17 7 18 7 19 7 19 6 18 5 17 8 18 4 16 7 17 5 15 7 16 5 16 6 15 6 14 6 13 4 14 5 11 0 0 5 13 3 12 3 11 3 11 1 11 3 10 2 9 2 9 3 8 3 6 4 7 3 8 4 9 4 8 2 8 1 7 1 9 0 8 0 9 0 8 0 7 -1 9 -1 10 -2 9 -1 9 -2 11 0 0 0 0 0 0 0 0 0 0 ]
243,1783414500.857546,15.4579,-77,CSI_DATA,AP,98:F4:AB:29:67:94,-77,11,1,4,1,1,1,0,0,0,0,-96,0,6,1,52650947,0,84,0,0,53.033,384,[84 -64 4 0 0 0 0 0 0 0 0 0 -26 4 -25 6 -25 3 -23 3 -23 4 -21 2 -23 1 -23 3 -21 3 -20 5 -20 5 -21 5 -20 5 -19 6 -18 3 -21 4 -19 3 -17 4 -17 2 -17 3 -15 2 -14 3 -15 2 -15 3 -15 3 -14 4 0 0 -14 2 -13 1 -13 0 -12 2 -11 1 -11 0 -9 0 -10 0 -9 -1 -9 1 -10 1 -9 0 -9 1 -10 -1 -9 -1 -10 0 -10 -3 -8 -3 -10 -3 -9 -3 -9 -2 -8 -4 -9 -4 -10 -4 -10 -5 -10 -6 0 0 0 0 0 0 0 0 0 0 ]
244,1783414500.980788,15.8077,-76,CSI_DATA,AP,98:F4:AB:29:67:94,-76,11,1,4,1,1,1,0,0,0,0,-96,0,6,1,52743268,0,84,0,0,53.1252,384,[84 -64 4 0 0 0 0 0 0 0 0 0 -14 -19 -15 -19 -14 -18 -15 -18 -17 -19 -14 -17 -15 -20 -14 -16 -14 -15 -15 -17 -15 -17 -13 -16 -15 -15 -13 -14 -13 -15 -15 -18 -14 -13 -12 -14 -11 -13 -11 -14 -13 -14 -12 -12 -11 -11 -9 -12 -9 -12 -9 -10 0 0 -10 -11 -9 -11 -7 -9 -9 -7 -5 -9 -8 -8 -7 -8 -6 -6 -7 -6 -5 -7 -7 -7 -6 -7 -4 -8 -6 -7 -5 -6 -5 -8 -6 -8 -3 -8 -2 -8 -2 -9 -5 -6 -4 -9 -2 -8 -2 -8 -2 -11 -2 -11 0 0 0 0 0 0 0 0 0 0 ]
245,1783414501.104959,14.7771,-76,CSI_DATA,AP,98:F4:AB:29:67:94,-76,11,1,4,1,1,1,0,0,0,0,-96,0,6,1,52831008,0,84,0,0,53.2131,384,[84 -64 4 0 0 0 0 0 0 0 0 0 9 23 8 22 9 22 10 23 7 21 7 19 7 19 8 19 9 19 9 20 7 18 9 17 9 18 8 18 6 16 9 17 9 15 9 15 6 14 9 15 7 15 7 14 8 13 5 13 6 12 6 12 0 0 5 11 6 10 4 9 4 9 3 10 5 9 3 9 2 7 3 6 4 7 3 7 2 8 1 6 2 7 1 8 3 9 0 7 0 7 1 7 1 7 -2 8 1 8 -1 10 0 8 0 8 -1 9 0 0 0 0 0 0 0 0 0 0 ]
246,1783414501.228867,14.4082,-77,CSI_DATA,AP,98:F4:AB:29:67:94,-77,11,1,4,1,1,1,0,0,0,0,-96,0,6,1,52922746,0,84,0,0,53.3048,384,[84 -64 4 0 0 0 0 0 0 0 0 0 26 -4 23 -3 24 -5 21 -3 21 -4 21 -4 20 -1 19 -3 21 -4 22 -2 22 -4 20 -4 19 -5 19 -2 17 -3 20 -3 19 -4 19 -3 16 -2 15 -2 16 -3 14 -2 15 -2 13 -2 15 -1 13 -3 0 0 13 -2 14 -2 10 -3 11 0 9 -1 10 -1 9 1 8 -1 9 -1 8 0 8 -1 7 0 8 -1 7 1 7 -1 6 -1 7 0 7 0 7 1 7 0 6 3 6 3 7 2 8 4 7 3 9 2 0 0 0 0 0 0 0 0 0 0 ]
247,1783414501.353449,13.3850,-76,CSI_DATA,AP,98:F4:AB:29:67:94,-76,11,1,2,1,1,1,0,0,0,0,-96,0,6,1,53015326,0,84,0,0,53.3974,384,[84 -64 4 0 0 0 0 0 0 0 0 0 2 -21 0 -20 2 -23 1 -20 0 -21 2 -20 2 -20 2 -19 1 -19 0 -19 0 -20 -1 -18 1 -19 0 -19 -1 -17 0 -18 0 -17 0 -17 1 -15 -1 -15 0 -16 1 -15 1 -14 0 -13 -2 -13 0 -12 0 0 -1 -12 -1 -12 0 -10 0 -10 0 -10 0 -10 0 -9 1 -8 0 -8 0 -8 -1 -7 0 -7 -1 -6 0 -7 0 -7 0 -8 1 -9 1 -7 1 -7 1 -7 2 -8 2 -7 2 -8 4 -8 3 -8 4 -9 0 0 0 0 0 0 0 0 0 0 ]
248,1783414501.477364,12.7924,-77,CSI_DATA,AP,98:F4:AB:29:67:94,-77,11,1,4,1,1,1,0,0,0,0,-96,0,6,1,53105155,0,84,0,0,53.4872,384,[84 -64 4 0 0 0 0 0 0 0 0 0 21 14 19 12 20 12 18 12 18 14 19 11 18 11 17 10 17 11 16 12 16 11 17 12 16 11 17 9 14 11 15 12 13 12 15 11 13 9 13 9 13 8 11 9 12 10 11 9 10 8 11 7 0 0 9 8 11 7 9 5 8 7 9 5 6 5 6 5 6 5 5 5 6 5 7 4 6 5 4 5 5 5 5 5 5 5 6 5 3 5 2 7 4 6 3 5 4 7 2 8 3 7 3 7 3 6 0 0 0 0 0 0 0 0 0 0 ]
249,1783414501.603172,12.1417,-76,CSI_DATA,AP,98:F4:AB:29:67:94,-76,11,1,2,1,1,1,0,0,0,0,-96,0,6,1,53192230,0,84,0,0,53.5743,384,[84 -64 4 0 0 0 0 0 0 0 0 0 14 13 12 19 17 14 19 8 17 17 14 13 20 9 14 10 14 11 11 13 13 12 11 11 17 7 18 7 7 11 15 8 18 10 6 8 13 6 21 6 15 10 11 6 16 6 8 6 10 7 9 5 0 0 12 2 11 2 10 3 12 2 8 3 7 3 5 3 7 2 7 3 7 0 7 0 5 0 5 1 5 0 7 0 5 0 6 1 6 1 5 2 6 1 6 2 5 2 7 2 7 1 7 2 7 2 0 0 0 0 0 0 0 0 0 0 ]
250,1783414501.725670,12.9581,-77,CSI_DATA,AP,98:F4:AB:29:67:94,-77,11,1,4,1,1,1,0,0,0,0,-96,0,6,1,53282809,0,84,0,0,53.6648,384,[84 -64 4 0 0 0 0 0 0 0 0 0 20 -14 19 -14 21 -14 17 -15 18 -13 18 -12 19 -12 17 -12 18 -12 16 -12 17 -12 16 -13 15 -13 15 -12 15 -11 16 -13 13 -13 13 -11 13 -10 13 -10 12 -10 12 -11 12 -8 10 -7 10 -10 9 -7 0 0 9 -9 9 -8 7 -7 10 -6 7 -5 8 -6 8 -5 6 -6 7 -5 6 -7 5 -5 8 -7 4 -6 4 -5 6 -4 7 -4 6 -5 8 -4 7 -3 6 -2 7 -3 8 -3 7 -2 7 -3 7 -4 8 -2 0 0 0 0 0 0 0 0 0 0 ]
251,1783414501.850718,13.9701,-77,CSI_DATA,AP,98:F4:AB:29:67:94,-77,11,1,4,1,1,1,0,0,0,0,-96,0,6,1,53370875,0,84,0,0,53.7529,384,[84 -64 4 0 0 0 0 0 0 0 0 0 -22 -18 -24 -15 -24 -18 -24 -15 -24 -16 -19 -14 -21 -15 -21 -16 -20 -15 -19 -16 -19 -14 -20 -14 -19 -13 -20 -12 -17 -13 -20 -13 -17 -13 -16 -11 -16 -11 -15 -12 -15 -11 -14 -10 -13 -11 -15 -11 -12 -9 -13 -9 0 0 -12 -8 -13 -8 -11 -8 -10 -7 -9 -8 -9 -6 -9 -7 -9 -8 -7 -8 -9 -6 -9 -8 -7 -6 -7 -6 -6 -7 -6 -7 -6 -7 -5 -8 -5 -6 -3 -9 -4 -9 -4 -8 -5 -9 -3 -9 -5 -9 -4 -8 -6 -9 0 0 0 0 0 0 0 0 0 0 ]
252,1783414501.976890,13.5528,-77,CSI_DATA,AP,98:F4:AB:29:67:94,-77,11,1,4,1,1,1,0,0,0,0,-96,0,6,1,53470015,0,84,0,0,53.852,384,[84 -64 4 0 0 0 0 0 0 0 0 0 11 23 9 21 8 23 9 22 10 19 9 19 7 20 7 21 6 19 7 17 8 18 8 18 8 19 7 17 7 18 8 15 8 16 7 16 6 15 8 14 4 15 5 14 5 13 6 13 4 12 7 10 0 0 5 11 6 9 5 10 7 7 4 10 4 9 3 7 3 8 5 7 4 5 4 6 3 7 3 4 4 7 1 7 2 7 1 8 1 6 0 7 0 7 -1 7 0 8 0 7 0 8 -1 8 -1 9 0 0 0 0 0 0 0 0 0 0 ]
253,1783414502.100783,12.6917,-77,CSI_DATA,AP,98:F4:AB:29:67:94,-77,11,1,4,1,1,1,0,0,0,0,-96,0,6,1,53550772,0,84,0,0,53.9327,384,[84 -64 4 0 0 0 0 0 0 0 0 0 18 12 13 12 16 11 15 10 17 12 14 10 15 10 14 11 15 10 15 10 13 9 15 9 13 9 15 7 12 7 15 7 13 6 14 8 13 7 11 6 10 6 12 6 11 5 10 5 10 6 9 5 0 0 8 5 10 4 8 5 9 4 7 3 6 4 6 3 5 4 6 3 8 2 6 3 5 3 5 2 5 3 7 4 5 2 6 4 4 4 5 4 5 4 3 4 6 6 4 5 6 6 4 6 5 6 0 0 0 0 0 0 0 0 0 0 ]
254,1783414502.225672,13.8359,-76,CSI_DATA,AP,98:F4:AB:29:67:94,-76,11,1,4,1,1,1,0,0,0,0,-96,0,6,1,53641934,0,84,0,0,54.024,384,[84 -64 4 0 0 0 0 0 0 0 0 0 -8 -26 -5 -25 -7 -24 -8 -23 -6 -23 -5 -22 -5 -22 -5 -20 -5 -20 -6 -22 -7 -23 -7 -22 -7 -20 -5 -18 -7 -18 -7 -21 -5 -17 -6 -17 -6 -18 -5 -17 -5 -15 -4 -17 -6 -16 -5 -13 -5 -14 -6 -14 0 0 -5 -12 -5 -12 -5 -11 -6 -11 -3 -10 -5 -11 -4 -11 -5 -10 -5 -10 -3 -8 -4 -10 -4 -9 -5 -9 -4 -8 -3 -9 -3 -10 -2 -9 -3 -8 -1 -9 -2 -9 1 -9 -1 -9 0 -7 0 -9 -1 -10 -1 -10 0 0 0 0 0 0 0 0 0 0 ]
255,1783414502.351892,11.6982,-77,CSI_DATA,AP,98:F4:AB:29:67:94,-77,11,1,4,1,1,1,0,0,0,0,-96,0,6,1,53730783,0,84,0,0,54.1128,384,[84 -64 4 0 0 0 0 0 0 0 0 0 14 12 11 11 13 13 12 13 13 11 12 11 11 11 12 11 11 11 11 10 11 11 11 10 13 9 12 9 11 9 11 8 10 9 10 8 9 8 10 8 10 7 9 8 8 6 8 7 8 6 8 6 0 0 7 6 7 5 6 6 6 4 6 4 6 5 5 4 5 4 5 4 4 4 5 5 5 4 5 5 3 5 4 3 4 4 4 5 4 4 3 5 2 5 3 5 2 5 3 3 3 5 3 5 5 6 0 0 0 0 0 0 0 0 0 0 ]
256,1783414502.476074,12.5700,-76,CSI_DATA,AP,98:F4:AB:29:67:94,-76,11,1,4,1,1,1,0,0,0,0,-96,0,6,1,53822645,0,84,0,0,54.2047,384,[84 -64 4 0 0 0 0 0 0 0 0 0 24 -7 22 -7 24 -4 19 -6 23 -7 19 -4 21 -6 20 -5 20 -7 20 -5 19 -7 18 -6 19 -5 17 -6 16 -6 18 -5 16 -7 16 -6 14 -7 15 -6 15 -6 15 -6 14 -4 14 -5 13 -4 12 -6 0 0 11 -5 12 -5 12 -5 11 -5 10 -5 10 -5 10 -2 9 -3 9 -4 8 -4 7 -1 8 -2 8 -1 6 -2 8 0 7 -2 9 -2 7 -1 7 -1 5 -1 8 -2 8 1 8 0 10 2 8 2 10 3 0 0 0 0 0 0 0 0 0 0 ]
257,1783414502.601448,14.4248,-77,CSI_DATA,AP,98:F4:AB:29:67:94,-77,11,1,4,1,1,1,0,0,0,0,-96,0,6,1,53910915,0,84,0,0,54.2929,384,[84 -64 4 0 0 0 0 0 0 0 0 0 21 15 18 12 19 13 17 13 18 14 17 14 16 11 16 12 16 12 16 12 16 11 16 10 15 13 15 10 13 10 17 12 15 11 14 11 12 9 14 8 13 8 12 8 11 9 11 7 12 11 11 7 0 0 11 6 11 5 9 8 11 5 7 5 8 6 8 6 8 7 8 3 9 5 8 3 7 6 6 6 5 5 7 6 6 5 6 6 6 5 3 5 5 8 5 7 3 7 7 9 4 7 5 7 6 9 0 0 0 0 0 0 0 0 0 0 ]
258,1783414502.726569,15.6882,-76,CSI_DATA,AP,98:F4:AB:29:67:94,-76,11,1,4,1,1,1,0,0,0,0,-96,0,6,1,54005744,0,84,0,0,54.3878,384,[84 -64 4 0 0 0 0 0 0 0 0 0 0 -26 0 -26 -1 -26 1 -23 0 -26 0 -22 -1 -24 1 -23 1 -19 0 -22 -3 -21 -1 -21 -2 -21 -2 -19 0 -18 -2 -21 -3 -16 -3 -18 -2 -17 -1 -17 -1 -16 -2 -18 0 -15 -3 -15 -1 -16 -1 -14 0 0 -4 -13 -2 -14 -3 -12 -4 -12 -2 -12 -1 -11 0 -9 -1 -10 -2 -9 -2 -8 -3 -7 -1 -8 -1 -9 0 -9 -1 -11 -1 -7 1 -9 0 -9 1 -10 0 -8 2 -9 2 -9 2 -10 1 -9 2 -11 2 -10 0 0 0 0 0 0 0 0 0 0 ]
259,1783414502.852488,16.0762,-76,CSI_DATA,AP,98:F4:AB:29:67:94,-76,11,1,4,1,1,1,0,0,0,0,-96,0,6,1,54091252,0,84,0,0,54.4733,384,[84 -64 4 0 0 0 0 0 0 0 0 0 -22 13 -22 13 -22 13 -19 14 -21 14 -18 10 -20 11 -18 10 -17 12 -17 12 -19 11 -17 12 -19 9 -18 11 -13 12 -16 12 -15 10 -14 10 -16 12 -15 9 -16 9 -13 10 -12 9 -13 10 -13 8 -12 8 0 0 -8 7 -12 7 -10 7 -10 6 -11 5 -9 6 -7 6 -7 5 -7 5 -6 5 -7 5 -8 5 -7 4 -7 4 -9 4 -8 5 -8 4 -9 2 -9 3 -9 1 -8 1 -8 1 -10 1 -10 3 -9 0 -9 1 0 0 0 0 0 0 0 0 0 0 ]
260,1783414502.981173,16.4030,-76,CSI_DATA,AP,98:F4:AB:29:67:94,-76,11,1,4,1,1,1,0,0,0,0,-96,0,6,1,54182950,0,84,0,0,54.565,384,[84 -64 4 0 0 0 0 0 0 0 0 0 -21 11 -22 13 -21 13 -20 11 -21 13 -20 11 -20 10 -19 9 -19 9 -18 10 -18 11 -18 9 -18 9 -18 9 -17 9 -18 10 -15 10 -16 8 -15 7 -15 9 -13 8 -12 8 -13 5 -12 6 -14 6 -12 7 0 0 -12 7 -11 8 -11 5 -10 6 -10 5 -10 6 -9 3 -9 6 -9 3 -8 4 -10 4 -9 3 -9 3 -8 3 -9 3 -8 3 -9 3 -8 1 -10 2 -9 2 -10 1 -8 1 -10 0 -10 0 -9 -3 -9 0 0 0 0 0 0 0 0 0 0 0 ]
261,1783414503.108566,15.9269,-77,CSI_DATA,AP,98:F4:AB:29:67:94,-77,11,1,4,1,1,1,0,0,0,0,-96,0,6,1,54273152,0,84,0,0,54.6551,384,[84 -64 4 0 0 0 0 0 0 0 0 0 14 -23 12 -21 14 -21 12 -20 10 -22 10 -19 11 -20 11 -18 8 -21 12 -20 10 -17 10 -18 10 -17 9 -19 8 -16 6 -22 7 -17 7 -17 9 -15 8 -16 5 -15 8 -15 5 -13 6 -14 7 -13 4 -13 0 0 4 -13 4 -12 4 -12 3 -12 4 -10 4 -11 3 -9 4 -9 3 -7 3 -9 2 -6 3 -7 4 -9 3 -8 4 -10 4 -8 6 -9 4 -7 5 -7 6 -7 7 -4 7 -5 8 -5 6 -5 6 -5 6 -6 0 0 0 0 0 0 0 0 0 0 ]
262,1783414503.233403,16.4776,-77,CSI_DATA,AP,98:F4:AB:29:67:94,-77,11,1,4,1,1,1,0,0,0,0,-96,0,6,1,54362164,0,84,0,0,54.7442,384,[84 -64 4 0 0 0 0 0 0 0 0 0 -23 14 -23 11 -24 15 -23 12 -23 12 -22 12 -20 9 -21 10 -19 13 -20 12 -20 14 -20 14 -19 14 -21 13 -18 13 -18 13 -18 11 -17 13 -16 10 -15 9 -16 9 -14 11 -13 10 -13 9 -14 10 -11 9 0 0 -11 10 -13 7 -10 8 -11 7 -10 7 -9 5 -8 7 -10 5 -9 7 -8 5 -7 7 -8 5 -8 5 -9 5 -8 5 -9 5 -9 5 -8 3 -10 4 -9 1 -10 1 -9 2 -8 2 -10 2 -11 2 -10 2 0 0 0 0 0 0 0 0 0 0 ]
263,1783414503.359909,15.2698,-77,CSI_DATA,AP,98:F4:AB:29:67:94,-77,11,1,4,1,1,1,0,0,0,0,-96,0,6,1,54450814,0,84,0,0,54.8329,384,[84 -64 4 0 0 0 0 0 0 0 0 0 15 20 14 19 15 20 14 16 13 18 11 17 14 16 13 16 13 16 12 15 12 17 13 15 12 15 13 14 10 15 12 15 11 14 11 14 11 13 10 13 11 13 10 11 9 10 9 10 8 12 8 9 0 0 8 9 9 8 7 9 6 9 5 8 6 8 6 6 4 5 5 7 5 6 5 7 2 6 5 7 5 6 5 6 5 7 4 7 2 6 3 8 1 6 2 8 0 7 0 8 2 9 2 9 0 9 0 0 0 0 0 0 0 0 0 0 ]
264,1783414503.485817,14.5550,-77,CSI_DATA,AP,98:F4:AB:29:67:94,-77,11,1,4,1,1,1,0,0,0,0,-96,0,6,1,54541831,0,84,0,0,54.9239,384,[84 -64 4 0 0 0 0 0 0 0 0 0 8 -24 5 -22 8 -24 8 -23 8 -21 7 -19 6 -21 7 -21 6 -20 7 -20 7 -20 5 -21 6 -19 5 -19 4 -18 5 -18 4 -16 4 -16 3 -16 3 -17 4 -15 3 -17 3 -14 3 -14 3 -14 3 -13 0 0 3 -12 2 -15 1 -13 3 -13 1 -11 2 -10 2 -12 3 -10 1 -10 1 -10 0 -9 3 -8 3 -9 3 -8 2 -9 3 -8 4 -8 4 -8 4 -8 4 -8 5 -7 5 -7 4 -7 6 -7 5 -7 6 -9 0 0 0 0 0 0 0 0 0 0 ]
265,1783414503.612312,14.5618,-75,CSI_DATA,AP,98:F4:AB:29:67:94,-75,11,1,2,1,1,1,0,0,0,0,-96,0,6,1,54632811,0,84,0,0,55.0149,384,[84 -64 4 0 0 0 0 0 0 0 0 0 -20 -12 -19 -11 -20 -12 -19 -11 -19 -11 -16 -10 -18 -9 -17 -11 -17 -9 -16 -10 -17 -9 -16 -10 -17 -8 -15 -8 -15 -9 -16 -9 -14 -6 -16 -7 -12 -6 -14 -7 -14 -7 -13 -7 -14 -7 -12 -5 -14 -8 -12 -6 0 0 -12 -5 -10 -6 -9 -3 -12 -3 -8 -4 -9 -4 -9 -3 -9 -5 -9 -4 -7 -5 -8 -4 -7 -3 -7 -4 -6 -4 -7 -4 -8 -4 -8 -5 -6 -5 -8 -6 -6 -6 -7 -6 -7 -5 -7 -7 -6 -6 -6 -7 -7 -7 0 0 0 0 0 0 0 0 0 0 ]
266,1783414503.739047,14.7974,-77,CSI_DATA,AP,98:F4:AB:29:67:94,-77,11,1,4,1,1,1,0,0,0,0,-96,0,6,1,54722687,0,84,0,0,55.1047,384,[84 -64 4 0 0 0 0 0 0 0 0 0 23 -10 23 -8 23 -10 21 -9 20 -8 20 -8 19 -8 18 -8 20 -8 20 -9 18 -8 18 -7 18 -9 18 -7 16 -7 16 -8 15 -6 16 -8 15 -8 15 -8 13 -5 14 -7 13 -7 12 -6 11 -6 12 -6 0 0 10 -6 11 -7 9 -6 10 -6 9 -4 9 -6 7 -6 8 -7 7 -5 7 -6 7 -5 6 -4 8 -4 8 -4 8 -4 5 -4 7 -3 7 -5 9 -1 7 -2 8 -3 8 -2 10 -2 8 -1 8 -1 10 -1 0 0 0 0 0 0 0 0 0 0 ]
267,1783414503.864133,13.1450,-77,CSI_DATA,AP,98:F4:AB:29:67:94,-77,11,1,4,1,1,1,0,0,0,0,-96,0,6,1,54815426,0,84,0,0,55.1975,384,[84 -64 4 0 0 0 0 0 0 0 0 0 -19 12 -17 11 -19 10 -18 11 -17 11 -16 8 -16 10 -15 8 -16 8 -15 9 -15 10 -14 9 -13 11 -13 10 -13 9 -13 9 -13 8 -12 8 -13 9 -11 9 -12 8 -11 8 -12 8 -9 7 -10 6 -9 7 0 0 -9 6 -9 7 -9 7 -8 5 -8 6 -7 6 -9 5 -6 5 -6 5 -6 5 -7 4 -6 3 -6 4 -6 4 -6 2 -7 5 -7 3 -7 1 -7 3 -7 2 -7 2 -7 1 -7 3 -9 3 -8 0 -8 1 0 0 0 0 0 0 0 0 0 0 ]
268,1783414503.989005,13.4811,-77,CSI_DATA,AP,98:F4:AB:29:67:94,-77,11,1,4,1,1,1,0,0,0,0,-96,0,6,1,54901569,0,84,0,0,55.2836,384,[84 -64 4 0 0 0 0 0 0 0 0 0 -4 -26 -5 -24 -2 -25 -3 -23 -2 -24 -2 -22 -3 -23 -5 -22 -3 -22 -3 -22 -5 -22 -3 -21 -6 -21 -4 -20 -5 -19 -4 -21 -6 -16 -4 -17 -3 -17 -3 -16 -4 -17 -5 -16 -4 -15 -4 -12 -4 -14 -4 -13 0 0 -4 -12 -4 -14 -4 -12 -4 -10 -2 -11 -2 -11 -3 -10 -4 -9 -3 -7 -4 -9 -3 -7 -3 -8 -2 -9 -1 -7 -3 -9 -1 -8 -2 -9 0 -8 0 -9 1 -8 -1 -8 -1 -10 -1 -10 0 -11 1 -10 0 -10 0 0 0 0 0 0 0 0 0 0 ]
269,1783414504.118754,13.7786,-75,CSI_DATA,AP,98:F4:AB:29:67:94,-75,11,1,2,1,1,1,0,0,0,0,-96,0,6,1,54996718,0,84,0,0,55.3788,384,[84 -64 4 0 0 0 0 0 0 0 0 0 24 5 22 4 24 6 21 2 21 5 21 5 20 4 22 5 22 3 21 5 20 4 21 4 19 4 18 6 18 4 19 5 17 3 18 3 14 3 15 3 15 3 16 4 16 4 13 4 14 4 14 3 0 0 13 3 13 2 12 0 13 1 11 2 8 2 8 2 9 3 8 0 7 1 8 2 8 3 7 2 8 2 7 1 8 3 7 3 7 3 6 4 7 4 6 6 6 5 5 5 6 6 6 7 8 7 0 0 0 0 0 0 0 0 0 0 ]
270,1783414504.246364,14.0236,-77,CSI_DATA,AP,98:F4:AB:29:67:94,-77,11,1,4,1,1,1,0,0,0,0,-96,0,6,1,55082997,0,84,0,0,55.4651,384,[84 -64 4 0 0 0 0 0 0 0 0 0 -24 -8 -21 -9 -23 -8 -21 -8 -23 -8 -22 -8 -20 -9 -20 -7 -20 -6 -22 -6 -19 -5 -20 -6 -19 -6 -17 -5 -20 -6 -20 -5 -17 -4 -17 -4 -17 -4 -16 -5 -16 -4 -15 -4 -14 -5 -15 -3 -14 -3 -14 -2 0 0 -14 -2 -15 -2 -12 -2 -12 -3 -8 -3 -11 -2 -11 -3 -10 -3 -9 -2 -10 -1 -8 -3 -8 -2 -8 -2 -8 -2 -7 -2 -9 -1 -8 -1 -8 -2 -8 -3 -9 -4 -9 -4 -8 -6 -7 -4 -8 -7 -9 -4 -9 -6 0 0 0 0 0 0 0 0 0 0 ]
271,1783414504.371822,14.1915,-75,CSI_DATA,AP,98:F4:AB:29:67:94,-75,11,1,2,1,1,1,0,0,0,0,-96,0,6,1,55177107,0,84,0,0,55.5592,384,[84 -64 4 0 0 0 0 0 0 0 0 0 26 -2 22 1 24 1 22 1 24 -1 21 0 21 1 22 1 22 1 21 1 19 -2 19 -2 20 -2 18 -1 17 -2 19 -1 18 -2 17 -2 17 0 17 -2 17 -1 16 -2 13 -2 14 -3 14 -2 13 -3 0 0 11 -2 11 -4 12 -3 10 -2 10 0 10 -3 11 -1 8 -1 10 -1 7 -2 8 -2 8 -1 8 -1 8 -2 7 -1 8 -1 8 0 8 1 9 0 9 1 7 3 7 1 9 3 9 1 10 2 10 2 0 0 0 0 0 0 0 0 0 0 ]
272,1783414504.497708,15.0285,-77,CSI_DATA,AP,98:F4:AB:29:67:94,-77,11,1,4,1,1,1,0,0,0,0,-96,0,6,1,55260993,0,84,0,0,55.643,384,[84 -64 4 0 0 0 0 0 0 0 0 0 -25 0 -24 1 -24 2 -24 -1 -24 2 -21 -1 -22 0 -23 -1 -20 0 -21 1 -21 2 -21 0 -21 1 -19 0 -20 -1 -21 0 -20 1 -18 1 -18 -1 -17 1 -16 -2 -16 -1 -14 -1 -15 -1 -15 -1 -13 0 0 0 -14 0 -13 0 -12 0 -11 1 -10 0 -11 -1 -10 0 -9 -1 -10 -1 -9 1 -10 -1 -8 0 -9 0 -9 0 -8 -1 -7 -1 -10 -4 -9 -2 -8 -3 -9 -2 -8 -6 -8 -3 -7 -5 -9 -5 -10 -7 -8 -4 0 0 0 0 0 0 0 0 0 0 ]
273,1783414504.623066,14.5117,-77,CSI_DATA,AP,98:F4:AB:29:67:94,-77,11,1,4,1,1,1,0,0,0,0,-96,0,6,1,55352500,0,84,0,0,55.7345,384,[84 -64 4 0 0 0 0 0 0 0 0 0 25 2 22 3 25 2 23 2 22 3 20 2 20 3 20 2 19 3 22 2 19 1 20 2 20 -1 18 2 16 -2 19 0 18 0 18 1 16 2 14 1 15 1 15 1 13 -1 14 -1 14 1 13 0 0 0 10 0 11 -1 12 -1 13 0 8 1 10 1 8 0 8 0 8 1 9 -1 9 -2 7 -1 8 0 7 1 8 0 6 1 7 1 8 0 7 2 6 1 7 3 7 2 7 3 7 3 8 4 9 5 0 0 0 0 0 0 0 0 0 0 ]
274,1783414504.751007,14.7168,-76,CSI_DATA,AP,98:F4:AB:29:67:94,-76,11,1,2,1,1,1,0,0,0,0,-96,0,6,1,55444182,0,84,0,0,55.8262,384,[84 -64 4 0 0 0 0 0 0 0 0 0 10 -17 10 -20 11 -21 15 -16 14 -15 12 -19 11 -17 4 -17 16 -18 12 -14 9 -16 8 -14 17 -14 16 -19 10 -12 13 -10 12 -18 11 -18 5 -10 6 -9 12 -10 8 -7 10 -13 12 -12 6 -16 8 -9 0 0 8 -10 6 -9 7 -8 5 -12 6 -9 6 -8 4 -10 3 -9 3 -7 4 -7 5 -9 5 -6 3 -7 2 -6 5 -8 4 -6 5 -6 4 -6 6 -6 5 -6 5 -5 6 -6 6 -4 7 -6 7 -5 7 -6 0 0 0 0 0 0 0 0 0 0 ]
275,1783414504.878132,15.1531,-77,CSI_DATA,AP,98:F4:AB:29:67:94,-77,11,1,4,1,1,1,0,0,0,0,-96,0,6,1,55535109,0,84,0,0,55.9171,384,[84 -64 4 0 0 0 0 0 0 0 0 0 -14 -19 -14 -23 -11 -22 -15 -23 -10 -21 -14 -17 -13 -19 -12 -17 -14 -13 -13 -13 -14 -15 -11 -19 -17 -13 -17 -16 -13 -14 -15 -14 -10 -14 -16 -13 -9 -13 -13 -13 -10 -15 -11 -10 -10 -12 -8 -12 -9 -12 -11 -11 0 0 -8 -7 -11 -8 -9 -7 -9 -5 -9 -9 -10 -5 -7 -8 -7 -6 -8 -10 -12 -6 -8 -6 -8 -5 -8 -6 -7 -5 -8 -5 -7 -5 -7 -8 -6 -8 -6 -9 -7 -6 -5 -8 -7 -8 -6 -8 -6 -9 -6 -8 -6 -11 0 0 0 0 0 0 0 0 0 0 ]
276,1783414505.005869,15.3388,-77,CSI_DATA,AP,98:F4:AB:29:67:94,-77,11,1,4,1,1,1,0,0,0,0,-96,0,6,1,55622316,0,84,0,0,56.0043,384,[84 -64 4 0 0 0 0 0 0 0 0 0 -18 18 -15 17 -16 17 -16 14 -15 17 -15 15 -15 16 -13 15 -14 15 -14 15 -14 15 -12 16 -13 14 -14 15 -14 14 -12 15 -11 11 -13 13 -14 12 -9 11 -11 11 -13 11 -11 13 -9 11 -12 10 -9 10 0 0 -9 9 -9 9 -9 9 -7 9 -8 7 -7 9 -7 6 -6 8 -8 7 -7 7 -6 8 -7 6 -7 5 -5 7 -7 6 -6 6 -9 6 -8 4 -6 4 -8 4 -9 3 -8 3 -7 3 -9 2 -10 3 -10 3 0 0 0 0 0 0 0 0 0 0 ]
277,1783414505.130358,14.5909,-75,CSI_DATA,AP,98:F4:AB:29:67:94,-75,11,1,2,1,1,1,0,0,0,0,-96,0,6,1,55714210,0,84,0,0,56.0961,384,[84 -64 4 0 0 0 0 0 0 0 0 0 22 -11 20 -9 22 -11 19 -9 20 -9 20 -8 19 -8 19 -8 18 -10 20 -10 19 -9 17 -11 17 -9 16 -9 17 -8 17 -10 14 -10 15 -10 15 -8 15 -8 15 -8 15 -9 14 -8 13 -7 13 -6 12 -7 0 0 11 -7 12 -9 10 -6 10 -6 9 -5 10 -6 8 -6 8 -4 8 -4 6 -4 7 -5 7 -5 7 -6 7 -4 9 -4 7 -4 9 -4 8 -3 9 -3 9 -2 9 -1 8 -2 9 -1 9 -2 10 -1 10 -1 0 0 0 0 0 0 0 0 0 0 ]
278,1783414505.256098,14.1113,-77,CSI_DATA,AP,98:F4:AB:29:67:94,-77,11,1,4,1,1,1,0,0,0,0,-96,0,6,1,55804049,0,84,0,0,56.1861,384,[84 -64 4 0 0 0 0 0 0 0 0 0 -19 -12 -17 -13 -16 -13 -17 -12 -15 -13 -16 -13 -14 -12 -16 -12 -15 -13 -14 -12 -16 -9 -14 -10 -17 -9 -14 -9 -15 -9 -14 -11 -13 -9 -14 -8 -12 -8 -13 -8 -12 -7 -12 -9 -12 -7 -11 -5 -12 -6 -13 -6 0 0 -10 -7 -10 -5 -11 -5 -10 -6 -8 -5 -9 -4 -8 -5 -7 -5 -7 -5 -8 -3 -8 -4 -7 -4 -9 -3 -8 -4 -8 -6 -7 -3 -7 -5 -6 -4 -6 -5 -6 -6 -6 -6 -5 -7 -5 -6 -6 -8 -5 -7 -6 -6 0 0 0 0 0 0 0 0 0 0 ]
279,1783414505.382210,14.3593,-76,CSI_DATA,AP,98:F4:AB:29:67:94,-76,11,1,4,1,1,1,0,0,0,0,-96,0,6,1,55892798,0,84,0,0,56.2748,384,[84 -64 4 0 0 0 0 0 0 0 0 0 21 11 20 10 21 12 20 11 20 12 19 9 18 10 18 9 18 10 18 9 17 9 17 8 18 8 18 7 17 7 18 8 18 7 16 6 15 6 16 7 14 6 12 5 14 4 13 6 14 5 14 4 0 0 12 2 12 4 13 4 12 3 10 4 8 3 10 2 8 2 8 2 10 0 8 2 8 3 7 2 9 2 7 3 9 3 7 3 6 4 8 5 7 5 6 7 6 5 6 4 6 6 6 4 7 7 0 0 0 0 0 0 0 0 0 0 ]
280,1783414505.510569,14.6021,-71,CSI_DATA,AP,98:F4:AB:29:67:94,-71,11,0,0,0,0,0,0,0,0,0,-96,0,6,1,55985232,0,84,0,0,56.3674,128,[84 -64 4 0 0 0 0 0 0 0 0 0 -40 -4 -36 -4 -37 -3 -36 -3 -36 -3 -32 -3 -34 -5 -29 -6 -31 -4 -29 -3 -32 -2 -30 -1 -30 -1 -30 -1 -27 -1 -31 1 -27 0 -24 0 -25 -2 -24 0 -23 0 -24 -2 -21 -1 -22 0 -22 -1 -21 -1 0 0 -20 0 -20 0 -19 0 -19 1 -17 0 -16 0 -16 0 -14 -1 -15 0 -15 0 -15 1 -13 0 -13 0 -12 -3 -15 -3 -13 -4 -13 -5 -12 -5 -13 -5 -12 -5 -12 -6 -11 -6 -13 -6 -13 -8 -12 -8 -13 -8 0 0 0 0 0 0 0 0 0 0 ]
281,1783414505.638270,14.3137,-77,CSI_DATA,AP,98:F4:AB:29:67:94,-77,11,1,4,1,1,1,0,0,0,0,-96,0,6,1,56075579,0,84,0,0,56.4576,384,[84 -64 4 0 0 0 0 0 0 0 0 0 22 7 21 6 23 7 22 6 22 7 18 5 18 6 18 6 20 5 21 7 17 5 18 7 18 6 18 4 16 2 19 4 17 4 17 4 15 2 16 4 16 2 15 2 15 3 12 2 14 2 14 3 0 0 14 1 13 0 12 1 13 0 9 1 8 2 10 2 9 2 8 1 9 1 7 0 7 1 6 1 6 1 10 0 8 1 8 1 7 2 7 2 7 3 7 3 7 3 6 4 8 5 7 5 6 5 0 0 0 0 0 0 0 0 0 0 ]
282,1783414505.763364,12.0586,-77,CSI_DATA,AP,98:F4:AB:29:67:94,-77,11,1,4,1,1,1,0,0,0,0,-96,0,6,1,56163614,0,84,0,0,56.5456,384,[84 -64 4 0 0 0 0 0 0 0 0 0 4 21 2 18 2 19 1 18 2 16 0 14 3 16 2 16 3 15 1 15 3 16 3 16 4 14 3 15 4 13 3 15 3 14 2 12 1 13 2 12 1 13 1 12 4 11 3 10 3 10 2 10 0 0 1 9 3 9 3 8 1 10 1 7 -1 7 2 8 2 7 1 5 0 6 2 7 0 8 1 6 1 6 0 5 0 7 0 7 -2 6 -1 7 -3 5 -1 6 -4 6 -3 6 -4 6 -3 6 -3 7 0 0 0 0 0 0 0 0 0 0 ]
283,1783414505.889380,13.1176,-76,CSI_DATA,AP,98:F4:AB:29:67:94,-76,11,1,4,1,1,1,0,0,0,0,-96,0,6,1,56253644,0,84,0,0,56.6357,384,[84 -64 4 0 0 0 0 0 0 0 0 0 20 -14 17 -14 21 -15 18 -12 18 -13 16 -12 18 -14 18 -11 15 -12 16 -13 15 -14 16 -13 15 -13 14 -13 14 -12 15 -13 14 -11 15 -11 12 -11 12 -10 12 -12 12 -11 12 -10 12 -9 12 -9 10 -9 0 0 10 -8 9 -9 8 -9 9 -8 7 -8 8 -7 6 -7 7 -7 6 -4 7 -5 7 -7 6 -5 6 -5 7 -5 7 -6 7 -5 6 -4 8 -3 7 -3 7 -3 7 -2 7 -4 7 -4 9 -4 9 -3 10 -3 0 0 0 0 0 0 0 0 0 0 ]
284,1783414506.015774,13.8076,-77,CSI_DATA,AP,98:F4:AB:29:67:94,-77,11,1,4,1,1,1,0,0,0,0,-96,0,6,1,56342733,0,84,0,0,56.7248,384,[84 -64 4 0 0 0 0 0 0 0 0 0 -22 -17 -19 -14 -17 -18 -16 -15 -21 -16 -15 -16 -16 -13 -16 -14 -17 -13 -16 -13 -16 -15 -17 -14 -16 -12 -14 -13 -14 -10 -17 -10 -15 -12 -16 -10 -12 -10 -14 -11 -14 -10 -13 -11 -13 -10 -12 -9 -12 -8 -12 -8 0 0 -10 -7 -10 -8 -10 -7 -12 -7 -9 -6 -8 -8 -9 -6 -8 -8 -8 -4 -8 -6 -8 -6 -6 -6 -7 -4 -7 -7 -7 -5 -6 -6 -6 -6 -5 -5 -6 -7 -5 -7 -4 -7 -6 -7 -4 -8 -3 -7 -5 -8 -5 -9 0 0 0 0 0 0 0 0 0 0 ]
285,1783414506.148586,14.2858,-77,CSI_DATA,AP,98:F4:AB:29:67:94,-77,11,1,4,1,1,1,0,0,0,0,-96,0,6,1,56436019,0,84,0,0,56.818,384,[84 -64 4 0 0 0 0 0 0 0 0 0 23 5 21 3 22 4 23 6 23 4 21 4 20 4 19 5 20 4 22 3 20 4 19 3 19 1 19 3 18 3 21 2 18 2 18 3 15 2 17 3 16 3 16 3 14 2 14 3 14 3 13 1 0 0 14 0 13 2 10 0 10 0 7 1 9 2 10 1 7 0 9 2 8 1 8 1 7 1 7 1 6 1 8 3 6 0 7 3 7 1 7 3 6 3 8 4 6 4 7 4 6 6 7 3 6 6 0 0 0 0 0 0 0 0 0 0 ]
286,1783414506.280602,14.4114,-77,CSI_DATA,AP,98:F4:AB:29:67:94,-77,11,1,4,1,1,1,0,0,0,0,-96,0,6,1,56522895,0,84,0,0,56.9048,384,[84 -64 4 0 0 0 0 0 0 0 0 0 2 25 2 24 2 22 1 22 2 22 1 20 2 21 1 21 1 22 2 22 4 19 1 20 2 19 3 19 2 19 2 20 4 17 2 17 0 18 2 16 2 16 2 16 2 15 1 14 1 14 2 14 0 0 1 13 2 12 0 11 0 9 0 11 1 9 -1 9 -1 8 -1 8 -2 9 0 8 0 8 -2 8 2 8 -2 9 -2 7 -2 8 -2 8 -3 7 -4 6 -3 7 -5 8 -3 7 -4 8 -5 9 -5 8 0 0 0 0 0 0 0 0 0 0 ]
287,1783414506.410549,14.9617,-77,CSI_DATA,AP,98:F4:AB:29:67:94,-77,11,1,4,1,1,1,0,0,0,0,-96,0,6,1,56612612,0,84,0,0,56.9946,384,[84 -64 4 0 0 0 0 0 0 0 0 0 -10 -23 -10 -22 -8 -24 -10 -21 -10 -20 -10 -20 -9 -20 -8 -18 -8 -20 -8 -18 -8 -18 -8 -19 -8 -18 -9 -18 -7 -16 -7 -20 -8 -16 -8 -16 -6 -15 -5 -16 -6 -15 -7 -16 -5 -14 -6 -14 -6 -14 -6 -12 0 0 -4 -13 -5 -12 -3 -13 -4 -11 -2 -11 -4 -10 -2 -10 -3 -10 -2 -9 -2 -9 -4 -11 -3 -9 -2 -8 -1 -9 -1 -9 -1 -8 0 -10 0 -10 2 -9 0 -9 2 -9 1 -9 1 -9 1 -8 4 -10 2 -8 0 0 0 0 0 0 0 0 0 0 ]
288,1783414506.537740,13.8101,-76,CSI_DATA,AP,98:F4:AB:29:67:94,-76,11,1,2,1,1,1,0,0,0,0,-96,0,6,1,56708596,0,84,0,0,57.0906,384,[84 -64 4 0 0 0 0 0 0 0 0 0 8 21 7 19 7 20 7 19 8 20 6 19 7 17 5 16 4 17 5 16 6 17 6 17 6 16 6 16 7 15 7 16 6 14 6 14 6 14 6 13 5 13 5 13 5 12 5 10 6 11 6 10 0 0 5 9 4 9 4 9 4 7 4 9 3 8 2 7 2 6 4 7 3 6 2 6 3 6 3 7 3 5 2 6 1 7 2 8 2 5 1 7 1 6 0 6 0 8 0 7 -1 8 -1 7 0 8 0 0 0 0 0 0 0 0 0 0 ]
289,1783414506.662313,15.5212,-76,CSI_DATA,AP,98:F4:AB:29:67:94,-76,11,1,4,1,1,1,0,0,0,0,-96,0,6,1,56791376,0,84,0,0,57.1734,384,[84 -64 4 0 0 0 0 0 0 0 0 0 -21 12 -21 13 -21 14 -20 12 -18 12 -18 12 -17 11 -19 11 -17 11 -18 10 -18 11 -16 12 -17 12 -17 11 -14 9 -17 11 -14 8 -16 9 -13 8 -13 9 -13 8 -12 8 -13 7 -12 7 -15 7 -12 6 0 0 -10 5 -12 7 -10 6 -9 7 -9 5 -9 4 -8 3 -8 2 -8 5 -9 4 -8 6 -6 1 -8 4 -6 3 -8 3 -8 2 -8 3 -6 2 -10 1 -9 1 -8 -1 -9 0 -7 0 -9 0 -11 -1 -11 -1 0 0 0 0 0 0 0 0 0 0 ]
290,1783414506.785680,15.3666,-77,CSI_DATA,AP,98:F4:AB:29:67:94,-77,11,1,4,1,1,1,0,0,0,0,-96,0,6,1,56885735,0,84,0,0,57.2678,384,[84 -64 4 0 0 0 0 0 0 0 0 0 -24 11 -23 7 -23 9 -22 9 -21 9 -22 8 -20 7 -20 6 -20 7 -19 7 -20 8 -19 6 -17 9 -19 8 -16 7 -17 10 -16 8 -17 9 -16 7 -15 7 -15 7 -13 8 -14 6 -13 7 -13 7 -12 8 0 0 -11 6 -12 7 -9 6 -10 7 -10 5 -8 5 -8 3 -8 5 -8 4 -8 4 -7 4 -7 4 -7 3 -6 4 -7 4 -9 3 -9 4 -10 3 -8 2 -10 2 -9 1 -8 2 -8 0 -10 2 -9 2 -10 1 0 0 0 0 0 0 0 0 0 0 ]
291,1783414506.911073,14.6923,-76,CSI_DATA,AP,98:F4:AB:29:67:94,-76,11,1,4,1,1,1,0,0,0,0,-96,0,6,1,56974639,0,84,0,0,57.3567,384,[84 -64 4 0 0 0 0 0 0 0 0 0 -24 -12 -21 -11 -21 -12 -19 -9 -21 -11 -18 -11 -19 -11 -21 -9 -19 -10 -21 -7 -18 -9 -20 -8 -19 -8 -20 -7 -18 -8 -20 -6 -17 -8 -16 -7 -16 -6 -17 -6 -16 -6 -15 -6 -14 -5 -14 -5 -14 -3 -13 -5 0 0 -12 -3 -13 -5 -12 -4 -12 -3 -10 -4 -10 -4 -10 -2 -9 -3 -9 -4 -9 -4 -8 -1 -9 -2 -8 -2 -9 -2 -9 -2 -9 -2 -9 -5 -8 -4 -7 -4 -7 -6 -6 -5 -8 -3 -7 -5 -8 -5 -9 -6 -8 -5 0 0 0 0 0 0 0 0 0 0 ]
292,1783414507.034843,13.8439,-77,CSI_DATA,AP,98:F4:AB:29:67:94,-77,11,1,4,1,1,1,0,0,0,0,-96,0,6,1,57063089,0,84,0,0,57.4451,384,[84 -64 4 0 0 0 0 0 0 0 0 0 22 -12 21 -13 21 -14 20 -10 21 -13 20 -10 20 -11 18 -11 18 -12 19 -10 16 -13 16 -12 17 -10 15 -11 15 -11 16 -11 17 -10 15 -9 15 -9 14 -10 13 -9 13 -9 12 -9 10 -7 12 -7 12 -7 0 0 10 -7 9 -7 10 -7 10 -7 10 -7 9 -6 7 -6 8 -6 7 -5 6 -5 7 -5 7 -3 6 -4 6 -3 7 -4 7 -4 7 -3 8 -2 8 -3 6 -2 7 -2 9 0 8 -2 8 0 8 -2 10 -1 0 0 0 0 0 0 0 0 0 0 ]
293,1783414507.161696,13.5668,-76,CSI_DATA,AP,98:F4:AB:29:67:94,-76,11,1,4,1,1,1,0,0,0,0,-96,0,6,1,57155171,0,84,0,0,57.5372,384,[84 -64 4 0 0 0 0 0 0 0 0 0 23 -11 19 -12 23 -13 19 -10 21 -8 19 -9 21 -9 19 -9 19 -10 19 -11 17 -10 16 -11 17 -11 17 -10 17 -9 17 -11 13 -9 15 -9 15 -9 14 -6 14 -9 13 -10 12 -8 12 -7 11 -7 11 -8 0 0 10 -9 10 -7 11 -7 9 -7 8 -5 7 -7 9 -5 9 -6 8 -4 8 -5 7 -6 6 -4 8 -5 7 -4 7 -4 7 -4 10 -4 7 -2 9 -3 7 -3 8 -2 8 -4 8 -1 9 -3 8 -2 8 -1 0 0 0 0 0 0 0 0 0 0 ]
294,1783414507.288647,14.0018,-77,CSI_DATA,AP,98:F4:AB:29:67:94,-77,11,1,4,1,1,1,0,0,0,0,-96,0,6,1,57242797,0,84,0,0,57.6247,384,[84 -64 4 0 0 0 0 0 0 0 0 0 -11 21 -8 22 -8 23 -10 22 -10 21 -10 20 -10 19 -7 20 -8 17 -9 19 -9 18 -6 18 -8 19 -8 17 -6 17 -6 18 -7 17 -6 16 -6 16 -7 14 -7 15 -7 16 -5 14 -5 13 -5 14 -5 13 0 0 -5 11 -5 11 -4 13 -4 10 -5 10 -4 8 -4 6 -6 7 -3 8 -5 6 -4 7 -3 6 -4 7 -3 7 -3 4 -3 7 -6 6 -4 7 -6 6 -5 5 -6 5 -5 6 -5 5 -7 6 -8 6 -10 4 0 0 0 0 0 0 0 0 0 0 ]
295,1783414507.413326,13.5390,-76,CSI_DATA,AP,98:F4:AB:29:67:94,-76,11,1,4,1,1,1,0,0,0,0,-96,0,6,1,57332834,0,84,0,0,57.7149,384,[84 -64 4 0 0 0 0 0 0 0 0 0 10 -22 9 -22 11 -22 10 -21 10 -19 9 -20 9 -19 8 -22 8 -18 7 -22 7 -21 5 -21 8 -17 7 -20 7 -20 7 -19 6 -18 6 -18 5 -17 4 -16 6 -16 4 -15 4 -14 3 -15 6 -12 5 -13 0 0 2 -13 3 -13 3 -11 2 -12 4 -12 4 -11 4 -12 4 -10 2 -7 3 -10 1 -8 2 -8 2 -8 4 -7 1 -8 3 -9 4 -9 3 -5 5 -9 4 -7 6 -7 4 -7 5 -7 5 -9 6 -8 6 -8 0 0 0 0 0 0 0 0 0 0 ]
296,1783414507.537274,14.7846,-75,CSI_DATA,AP,98:F4:AB:29:67:94,-75,11,1,2,1,1,1,0,0,0,0,-96,0,6,1,57425372,0,84,0,0,57.8074,384,[84 -64 4 0 0 0 0 0 0 0 0 0 1 -27 3 -23 1 -25 2 -23 1 -24 1 -21 2 -23 2 -22 1 -23 1 -21 0 -22 0 -21 1 -21 1 -21 0 -20 -1 -22 -1 -19 -1 -18 1 -17 0 -18 2 -17 0 -17 0 -17 1 -15 0 -16 -1 -15 0 0 0 -13 0 -14 1 -12 -1 -13 1 -11 1 -11 0 -10 0 -10 0 -10 1 -9 -2 -9 0 -10 1 -8 0 -9 2 -8 0 -9 1 -10 1 -9 3 -9 2 -8 5 -6 4 -8 4 -9 3 -9 4 -9 4 -8 0 0 0 0 0 0 0 0 0 0 ]
297,1783414507.665578,14.0285,-77,CSI_DATA,AP,98:F4:AB:29:67:94,-77,11,1,4,1,1,1,0,0,0,0,-96,0,6,1,57512541,0,84,0,0,57.8946,384,[84 -64 4 0 0 0 0 0 0 0 0 0 4 25 4 24 5 25 5 23 5 23 3 20 2 20 4 21 4 20 2 20 3 18 3 19 4 20 2 18 3 18 4 20 4 18 4 17 1 16 3 15 4 16 2 14 3 14 3 14 1 13 1 14 0 0 2 13 4 13 1 11 2 10 0 10 2 10 2 9 1 9 1 8 1 8 2 8 1 9 1 8 0 9 1 7 1 8 -1 8 0 6 -2 7 -2 7 -2 6 -4 8 -4 9 -4 9 -4 9 -4 7 0 0 0 0 0 0 0 0 0 0 ]
298,1783414507.789296,13.8138,-75,CSI_DATA,AP,98:F4:AB:29:67:94,-75,11,1,2,1,1,1,0,0,0,0,-96,0,6,1,57604380,0,84,0,0,57.9864,384,[84 -64 4 0 0 0 0 0 0 0 0 0 25 -2 23 -6 21 -5 20 2 19 -9 20 -2 20 1 18 -5 15 -5 17 -5 18 -7 17 -5 13 -4 16 -9 17 -12 21 -10 15 4 15 -14 14 -2 20 0 9 -4 10 -5 18 -2 12 -7 13 -5 10 -5 0 0 11 -6 9 -5 9 -7 12 -5 8 -4 10 -5 6 -4 7 -4 7 -4 6 -4 5 -6 7 -4 6 -4 7 -4 7 -4 7 -5 7 -4 7 -4 7 -2 8 -3 7 -2 6 -2 8 -2 7 -4 8 -2 8 -2 0 0 0 0 0 0 0 0 0 0 ]
299,1783414507.921838,13.8039,-75,CSI_DATA,AP,98:F4:AB:29:67:94,-75,11,1,2,1,1,1,0,0,0,0,-96,0,6,1,57694855,0,84,0,0,58.0769,384,[84 -64 4 0 0 0 0 0 0 0 0 0 -2 -24 -2 -21 -1 -22 -1 -21 -2 -22 -3 -19 0 -20 -1 -18 -1 -19 -2 -19 -3 -18 -3 -19 -3 -19 -4 -19 -1 -19 -4 -18 -3 -16 -3 -15 -2 -16 -2 -16 -2 -16 -3 -16 -2 -13 -3 -14 -2 -13 -3 -13 0 0 -4 -13 -2 -12 -1 -12 -2 -11 -2 -11 -1 -9 -1 -9 -2 -10 -2 -8 -2 -8 -3 -8 -3 -8 -2 -8 -1 -9 -1 -8 0 -8 -1 -8 -1 -8 1 -8 1 -7 2 -7 2 -8 1 -8 1 -10 1 -9 1 -10 0 0 0 0 0 0 0 0 0 0 ]
300,1783414508.041373,13.6680,-77,CSI_DATA,AP,98:F4:AB:29:67:94,-77,11,1,4,1,1,1,0,0,0,0,-96,0,6,1,57784170,0,84,0,0,58.1662,384,[84 -64 4 0 0 0 0 0 0 0 0 0 -24 8 -22 10 -22 11 -22 9 -21 10 -19 7 -19 8 -20 9 -18 9 -18 9 -18 8 -18 7 -18 7 -19 8 -17 7 -19 7 -17 7 -16 7 -15 6 -14 6 -15 6 -15 6 -13 6 -15 5 -13 5 -14 4 0 0 -13 4 -14 5 -11 3 -12 2 -11 3 -10 2 -9 3 -11 1 -8 2 -10 1 -11 1 -9 1 -8 2 -8 2 -10 0 -9 0 -7 -1 -8 -1 -9 -1 -8 -2 -9 -1 -9 -3 -7 -4 -10 -3 -10 -3 -11 -3 0 0 0 0 0 0 0 0 0 0 ]
301,1783414508.166677,13.7363,-77,CSI_DATA,AP,98:F4:AB:29:67:94,-77,11,1,4,1,1,1,0,0,0,0,-96,0,6,1,57872581,0,84,0,0,58.2546,384,[84 -64 4 0 0 0 0 0 0 0 0 0 24 4 23 6 24 7 21 6 22 5 20 6 21 5 18 4 19 4 19 2 20 3 19 2 19 1 18 1 17 3 19 1 16 1 19 1 15 1 16 1 16 1 14 1 13 0 13 2 14 1 11 1 0 0 12 -1 14 -1 11 -1 13 -1 10 1 8 0 11 0 9 1 8 -2 9 -1 8 -1 8 -2 7 0 8 -1 7 0 9 -1 8 1 8 2 8 1 8 3 9 1 8 3 8 3 8 3 8 4 8 4 0 0 0 0 0 0 0 0 0 0 ]
302,1783414508.294353,13.4543,-77,CSI_DATA,AP,98:F4:AB:29:67:94,-77,11,1,4,1,1,1,0,0,0,0,-96,0,6,1,57961743,0,84,0,0,58.3436,384,[84 -64 4 0 0 0 0 0 0 0 0 0 21 -16 20 -13 19 -16 21 -13 18 -13 18 -11 19 -11 16 -14 18 -12 17 -14 16 -13 15 -14 15 -14 15 -14 13 -10 17 -13 13 -11 13 -11 12 -11 14 -12 12 -10 12 -10 12 -8 11 -9 10 -9 9 -9 0 0 11 -9 9 -8 11 -6 8 -8 8 -8 9 -6 8 -6 6 -6 6 -4 5 -5 6 -6 5 -6 7 -7 7 -5 7 -5 7 -5 7 -3 8 -4 9 -3 8 -4 7 -3 8 -2 9 -2 7 -4 9 -3 9 -2 0 0 0 0 0 0 0 0 0 0 ]
303,1783414508.420340,13.2629,-77,CSI_DATA,AP,98:F4:AB:29:67:94,-77,11,1,4,1,1,1,0,0,0,0,-96,0,6,1,58053064,0,84,0,0,58.4351,384,[84 -64 4 0 0 0 0 0 0 0 0 0 22 8 21 8 23 10 21 6 21 8 19 9 20 6 18 6 19 5 19 7 19 7 19 6 19 5 18 7 18 4 17 6 17 6 16 6 14 6 16 5 14 4 14 4 14 5 13 5 13 3 12 3 0 0 13 4 13 2 11 4 12 3 11 4 11 3 7 5 7 3 8 4 10 2 8 3 8 2 9 3 7 3 8 5 6 3 6 5 5 5 6 5 7 4 6 6 6 5 6 7 5 6 8 8 7 8 0 0 0 0 0 0 0 0 0 0 ]
304,1783414508.546026,13.2378,-76,CSI_DATA,AP,98:F4:AB:29:67:94,-76,11,1,2,1,1,1,0,0,0,0,-96,0,6,1,58142792,0,84,0,0,58.5248,384,[84 -64 4 0 0 0 0 0 0 0 0 0 -5 22 -6 19 -6 21 -5 21 -5 21 -6 18 -5 18 -5 18 -4 18 -4 17 -3 17 -2 17 -3 17 -3 17 -2 16 -2 17 -2 16 -2 16 -3 13 -1 14 -3 15 -2 14 -2 13 -3 13 -1 13 -2 11 0 0 0 12 0 11 -1 11 0 10 -3 10 0 9 -1 9 -1 8 0 7 -1 7 -1 7 -2 8 0 7 -1 6 -1 8 -1 7 -1 8 -2 7 -3 6 -2 6 -3 6 -4 7 -3 7 -4 9 -4 8 -4 8 0 0 0 0 0 0 0 0 0 0 ]
305,1783414508.671940,13.2622,-77,CSI_DATA,AP,98:F4:AB:29:67:94,-77,11,1,4,1,1,1,0,0,0,0,-96,0,6,1,58231791,0,84,0,0,58.6138,384,[84 -64 4 0 0 0 0 0 0 0 0 0 -8 -23 -7 -23 -8 -23 -8 -23 -9 -22 -7 -20 -6 -22 -7 -20 -6 -21 -7 -20 -9 -21 -7 -19 -8 -17 -7 -20 -9 -17 -7 -21 -8 -18 -7 -17 -5 -16 -6 -17 -6 -16 -6 -14 -6 -15 -6 -13 -7 -14 -5 -12 0 0 -7 -13 -7 -13 -6 -11 -5 -11 -5 -9 -5 -10 -5 -11 -4 -9 -6 -7 -7 -8 -4 -8 -4 -8 -3 -8 -4 -8 -4 -8 -4 -7 -4 -10 -2 -8 -2 -10 0 -9 0 -8 -1 -10 -1 -10 -2 -9 -1 -9 -1 -10 0 0 0 0 0 0 0 0 0 0 ]
306,1783414508.795943,13.5507,-77,CSI_DATA,AP,98:F4:AB:29:67:94,-77,11,1,4,1,1,1,0,0,0,0,-96,0,6,1,58323104,0,84,0,0,58.7051,384,[84 -64 4 0 0 0 0 0 0 0 0 0 22 9 20 11 23 8 22 10 21 10 20 7 22 9 18 10 17 9 18 7 19 9 18 7 19 6 18 6 17 6 19 7 15 6 17 4 14 4 15 6 14 5 16 5 14 6 15 4 12 6 14 4 0 0 13 2 13 3 10 2 12 3 9 3 9 3 10 3 8 1 8 2 7 1 8 0 7 0 8 2 7 2 9 3 8 3 8 4 8 3 7 3 7 4 5 5 7 4 6 6 7 4 8 6 7 4 0 0 0 0 0 0 0 0 0 0 ]
307,1783414508.922014,12.6390,-77,CSI_DATA,AP,98:F4:AB:29:67:94,-77,11,1,4,1,1,1,0,0,0,0,-96,0,6,1,58411280,0,84,0,0,58.7933,384,[84 -64 4 0 0 0 0 0 0 0 0 0 -21 -7 -20 -9 -21 -10 -20 -8 -20 -8 -18 -7 -19 -8 -16 -8 -18 -6 -19 -6 -18 -6 -17 -7 -18 -5 -16 -6 -16 -5 -18 -4 -15 -5 -17 -6 -16 -2 -16 -3 -14 -6 -13 -4 -12 -5 -13 -3 -12 -3 -12 -2 0 0 -10 -2 -11 -2 -11 -3 -10 -1 -8 -3 -11 -4 -9 -4 -8 -2 -9 -3 -7 -3 -9 -2 -9 -1 -8 -2 -8 -2 -8 -3 -8 -2 -8 -5 -7 -4 -8 -4 -7 -3 -7 -5 -7 -4 -7 -4 -8 -4 -6 -5 -9 -6 0 0 0 0 0 0 0 0 0 0 ]
308,1783414509.046665,12.7781,-76,CSI_DATA,AP,98:F4:AB:29:67:94,-76,11,1,4,1,1,1,0,0,0,0,-96,0,6,1,58502370,0,84,0,0,58.8844,384,[84 -64 4 0 0 0 0 0 0 0 0 0 19 13 19 13 20 15 17 12 18 14 17 12 17 13 16 11 17 11 16 13 17 11 17 11 15 11 17 10 15 11 17 11 15 10 16 9 13 9 15 7 12 9 13 8 12 9 12 7 11 7 12 6 0 0 10 7 11 5 10 5 8 5 8 5 8 5 6 5 8 4 7 5 7 4 6 5 6 5 5 5 6 4 7 7 6 5 5 6 4 6 5 6 5 6 4 7 5 7 3 7 3 7 2 8 4 8 0 0 0 0 0 0 0 0 0 0 ]
309,1783414509.173199,12.9810,-76,CSI_DATA,AP,98:F4:AB:29:67:94,-76,11,1,4,1,1,1,0,0,0,0,-96,0,6,1,58593287,0,84,0,0,58.9753,384,[84 -64 4 0 0 0 0 0 0 0 0 0 -17 18 -14 17 -17 19 -14 16 -14 16 -14 15 -15 15 -15 15 -13 14 -15 17 -13 13 -14 15 -15 16 -12 16 -10 14 -12 16 -13 13 -11 13 -10 11 -14 12 -11 11 -10 10 -10 12 -9 11 -9 12 -9 11 0 0 -7 8 -10 10 -9 8 -8 10 -7 8 -9 8 -8 6 -6 7 -7 7 -6 6 -6 6 -6 6 -5 5 -7 5 -6 5 -6 3 -9 6 -7 3 -7 4 -10 1 -9 4 -9 2 -8 2 -9 5 -12 3 -10 4 0 0 0 0 0 0 0 0 0 0 ]
310,1783414509.300210,12.7384,-76,CSI_DATA,AP,98:F4:AB:29:67:94,-76,11,1,4,1,1,1,0,0,0,0,-96,0,6,1,58680499,0,84,0,0,59.0624,384,[84 -64 4 0 0 0 0 0 0 0 0 0 -20 6 -20 5 -20 7 -19 6 -20 6 -17 4 -19 4 -18 5 -17 5 -17 5 -17 4 -16 5 -18 6 -16 5 -16 6 -16 5 -16 5 -16 5 -13 4 -15 4 -13 4 -14 2 -13 5 -12 4 -12 3 -13 4 0 0 -13 4 -11 3 -10 2 -11 4 -11 1 -9 3 -8 2 -9 2 -8 1 -7 1 -9 1 -9 4 -7 2 -7 1 -8 0 -9 2 -9 -1 -7 -2 -8 0 -7 -1 -7 -2 -8 -2 -8 -3 -8 -3 -9 -3 -9 -2 0 0 0 0 0 0 0 0 0 0 ]
311,1783414509.427315,13.7007,-76,CSI_DATA,AP,98:F4:AB:29:67:94,-76,11,1,4,1,1,1,0,0,0,0,-96,0,6,1,58771762,0,84,0,0,59.1538,384,[84 -64 4 0 0 0 0 0 0 0 0 0 -21 13 -20 10 -20 11 -21 10 -22 13 -17 11 -19 10 -18 12 -17 11 -18 11 -19 11 -16 11 -16 11 -16 11 -16 10 -17 11 -14 10 -16 10 -14 9 -12 9 -13 8 -15 9 -12 7 -13 10 -12 8 -11 7 0 0 -11 6 -11 9 -10 9 -9 6 -10 6 -9 7 -9 6 -8 4 -8 5 -8 5 -8 5 -7 5 -6 5 -7 5 -9 4 -10 4 -10 5 -8 4 -10 2 -9 0 -10 2 -10 2 -9 3 -10 4 -9 2 -11 0 0 0 0 0 0 0 0 0 0 0 ]
312,1783414509.552776,14.6286,-77,CSI_DATA,AP,98:F4:AB:29:67:94,-77,11,1,4,1,1,1,0,0,0,0,-96,0,6,1,58862629,0,84,0,0,59.2447,384,[84 -64 4 0 0 0 0 0 0 0 0 0 1 24 -1 24 1 25 -1 23 1 23 -1 20 -1 23 0 20 2 23 -1 22 2 19 1 19 1 20 1 20 0 17 1 19 2 18 1 18 0 14 2 16 0 15 0 16 -1 14 -2 13 1 15 1 12 0 0 -1 14 0 14 1 11 0 10 -1 12 -1 11 -1 8 -1 8 1 10 -1 9 1 9 0 7 0 9 1 7 -1 8 -1 10 -2 9 -2 8 -4 8 -4 7 -5 6 -3 7 -3 9 -6 8 -5 8 -5 8 0 0 0 0 0 0 0 0 0 0 ]
313,1783414509.679229,13.5886,-77,CSI_DATA,AP,98:F4:AB:29:67:94,-77,11,1,4,1,1,1,0,0,0,0,-96,0,6,1,58953784,0,84,0,0,59.3358,384,[84 -64 4 0 0 0 0 0 0 0 0 0 -11 -20 -10 -17 -12 -19 -12 -16 -11 -18 -10 -16 -9 -15 -10 -17 -11 -15 -10 -16 -10 -16 -9 -16 -10 -16 -11 -15 -9 -14 -11 -14 -11 -13 -10 -14 -8 -13 -9 -12 -9 -12 -9 -13 -9 -12 -8 -11 -7 -10 -6 -10 0 0 -7 -9 -7 -10 -6 -9 -8 -8 -6 -7 -5 -8 -4 -8 -4 -7 -6 -7 -5 -7 -5 -7 -6 -7 -6 -7 -5 -7 -4 -6 -4 -8 -3 -10 -3 -7 -3 -7 -3 -8 -1 -8 -3 -8 -2 -8 -2 -9 -2 -9 -1 -9 0 0 0 0 0 0 0 0 0 0 ]
314,1783414509.805428,14.5820,-76,CSI_DATA,AP,98:F4:AB:29:67:94,-76,11,1,4,1,1,1,0,0,0,0,-96,0,6,1,59043348,0,84,0,0,59.4254,384,[84 -64 4 0 0 0 0 0 0 0 0 0 -21 -16 -19 -14 -21 -15 -18 -18 -19 -14 -17 -15 -19 -15 -18 -14 -18 -13 -19 -14 -17 -12 -15 -11 -19 -12 -16 -11 -15 -9 -18 -10 -16 -10 -15 -11 -15 -11 -16 -11 -14 -9 -13 -10 -14 -9 -13 -9 -13 -8 -12 -9 0 0 -13 -9 -12 -7 -9 -6 -12 -6 -10 -6 -10 -7 -9 -6 -8 -6 -9 -4 -11 -4 -9 -6 -9 -5 -9 -4 -7 -4 -9 -6 -8 -6 -8 -7 -7 -7 -6 -7 -7 -8 -4 -10 -6 -8 -4 -7 -5 -8 -4 -7 -6 -10 0 0 0 0 0 0 0 0 0 0 ]
315,1783414509.934682,15.5603,-77,CSI_DATA,AP,98:F4:AB:29:67:94,-77,11,1,4,1,1,1,0,0,0,0,-96,0,6,1,59133068,0,84,0,0,59.5151,384,[84 -64 4 0 0 0 0 0 0 0 0 0 21 10 21 10 21 9 19 12 19 10 17 9 18 9 18 8 19 8 18 9 19 9 16 8 17 8 18 7 18 8 19 7 17 7 16 6 14 6 15 6 15 7 14 6 14 6 13 5 15 5 11 3 0 0 12 5 12 6 10 5 11 5 9 4 9 3 10 4 8 3 9 3 9 3 7 2 7 4 8 4 8 2 10 5 7 4 7 5 6 4 7 4 6 6 7 6 7 5 7 7 5 7 6 6 6 6 0 0 0 0 0 0 0 0 0 0 ]
316,1783414510.058609,16.3637,-77,CSI_DATA,AP,98:F4:AB:29:67:94,-77,11,1,4,1,1,1,0,0,0,0,-96,0,6,1,59221032,0,84,0,0,59.6031,384,[84 -64 4 0 0 0 0 0 0 0 0 0 -16 20 -14 18 -15 20 -11 18 -14 19 -14 15 -13 16 -13 15 -10 17 -13 15 -11 15 -12 17 -11 17 -11 15 -11 15 -12 17 -8 14 -10 16 -9 14 -11 13 -10 14 -9 14 -9 12 -8 11 -10 13 -7 10 0 0 -7 10 -7 11 -6 9 -8 10 -5 8 -7 8 -6 7 -7 7 -5 8 -6 7 -6 7 -6 6 -5 7 -6 8 -6 6 -5 6 -7 7 -7 6 -9 5 -7 4 -7 5 -8 4 -9 5 -9 6 -10 6 -8 5 0 0 0 0 0 0 0 0 0 0 ]
317,1783414510.183796,15.6066,-77,CSI_DATA,AP,98:F4:AB:29:67:94,-77,11,1,4,1,1,1,0,0,0,0,-96,0,6,1,59313755,0,84,0,0,59.6958,384,[84 -64 4 0 0 0 0 0 0 0 0 0 6 22 2 21 5 23 4 22 5 21 3 19 4 20 4 18 5 19 5 20 6 21 5 19 6 19 4 20 4 17 6 18 6 16 5 16 4 16 5 15 5 15 5 15 4 14 3 14 4 14 4 12 0 0 3 12 5 11 3 11 3 10 2 11 2 10 2 8 2 9 3 9 2 9 4 8 3 8 2 8 1 8 3 8 1 9 0 10 0 7 0 8 -1 9 -2 9 0 9 -2 9 -2 9 -1 8 -3 8 0 0 0 0 0 0 0 0 0 0 ]
318,1783414510.310200,14.2330,-77,CSI_DATA,AP,98:F4:AB:29:67:94,-77,11,1,4,1,1,1,0,0,0,0,-96,0,6,1,59410199,0,84,0,0,59.7922,384,[84 -64 4 0 0 0 0 0 0 0 0 0 20 -12 16 -14 18 -14 15 -13 18 -12 15 -11 18 -12 17 -11 17 -12 16 -11 15 -12 16 -11 15 -11 17 -11 14 -10 16 -11 16 -11 14 -10 14 -10 14 -8 14 -7 15 -9 13 -8 13 -8 11 -7 10 -8 0 0 9 -6 13 -7 9 -6 10 -5 9 -5 10 -5 10 -6 8 -4 7 -4 9 -5 7 -4 7 -4 8 -4 8 -3 9 -2 7 -3 9 -2 7 -3 8 -2 8 -1 8 0 7 0 8 0 9 0 8 -1 10 1 0 0 0 0 0 0 0 0 0 0 ]
319,1783414510.434402,14.5079,-76,CSI_DATA,AP,98:F4:AB:29:67:94,-76,11,1,4,1,1,1,0,0,0,0,-96,0,6,1,59490963,0,84,0,0,59.8729,384,[84 -64 4 0 0 0 0 0 0 0 0 0 -1 -24 -1 -24 -1 -24 0 -23 0 -23 -1 -23 -2 -21 -1 -21 -1 -20 -1 -21 -1 -19 -2 -19 -2 -20 -2 -19 -2 -19 -3 -20 -3 -19 -2 -18 -1 -18 -4 -16 -3 -18 -1 -17 -3 -16 -3 -15 -3 -15 -4 -14 0 0 -3 -13 -1 -14 -3 -10 0 -13 -1 -11 -2 -10 -1 -11 -1 -10 -1 -10 -1 -11 -2 -8 1 -9 -2 -9 -1 -8 0 -11 0 -10 1 -9 1 -10 2 -7 1 -8 2 -9 2 -9 3 -9 3 -8 3 -10 3 -10 0 0 0 0 0 0 0 0 0 0 ]
320,1783414510.561656,14.5108,-76,CSI_DATA,AP,98:F4:AB:29:67:94,-76,11,1,4,1,1,1,0,0,0,0,-96,0,6,1,59584191,0,84,0,0,59.9662,384,[84 -64 4 0 0 0 0 0 0 0 0 0 -26 -2 -23 -2 -26 -1 -22 -2 -24 -1 -21 -2 -21 -2 -20 -2 -21 -2 -22 -2 -20 -2 -19 -1 -21 -1 -19 0 -18 -2 -22 0 -19 -1 -19 -1 -17 0 -18 0 -18 -1 -17 0 -17 -2 -16 0 -15 -1 -15 1 0 0 -15 0 -13 0 -13 0 -13 -1 -10 -1 -11 -2 -11 0 -11 0 -10 0 -9 0 -9 0 -9 -1 -8 -1 -9 -1 -9 0 -8 -1 -9 -3 -9 -3 -8 -4 -8 -3 -10 -3 -9 -4 -9 -6 -10 -5 -9 -6 -10 -5 0 0 0 0 0 0 0 0 0 0 ]
321,1783414510.686886,13.1555,-76,CSI_DATA,AP,98:F4:AB:29:67:94,-76,11,1,2,1,1,1,0,0,0,0,-96,0,6,1,59671448,0,84,0,0,60.0535,384,[84 -64 4 0 0 0 0 0 0 0 0 0 3 21 2 19 4 20 2 19 4 20 3 17 2 18 3 17 3 16 1 18 4 17 3 16 2 17 2 16 2 16 3 18 3 15 5 14 2 14 2 15 1 14 2 14 3 13 3 13 2 12 1 11 0 0 2 11 1 11 3 10 3 9 0 8 3 10 2 10 0 8 1 9 2 8 0 8 1 8 0 8 0 8 0 8 0 8 -2 8 -2 7 -2 8 -2 8 -3 7 -2 8 -3 8 -3 8 -4 8 -4 9 0 0 0 0 0 0 0 0 0 0 ]
322,1783414510.814056,14.1043,-76,CSI_DATA,AP,98:F4:AB:29:67:94,-76,11,1,4,1,1,1,0,0,0,0,-96,0,6,1,59760965,0,84,0,0,60.143,384,[84 -64 4 0 0 0 0 0 0 0 0 0 -18 -19 -15 -20 -16 -20 -14 -15 -15 -18 -16 -16 -16 -18 -14 -16 -14 -16 -13 -15 -15 -16 -13 -16 -16 -14 -14 -14 -12 -13 -14 -15 -11 -13 -14 -13 -11 -11 -12 -12 -12 -12 -11 -13 -11 -11 -11 -10 -12 -10 -10 -9 0 0 -10 -10 -12 -8 -9 -9 -9 -8 -8 -7 -7 -7 -7 -6 -9 -8 -7 -7 -8 -5 -8 -7 -8 -7 -7 -6 -7 -6 -8 -6 -8 -7 -6 -9 -6 -7 -7 -9 -5 -7 -4 -8 -5 -8 -5 -10 -4 -8 -4 -7 -4 -9 0 0 0 0 0 0 0 0 0 0 ]
323,1783414510.939915,13.4921,-76,CSI_DATA,AP,98:F4:AB:29:67:94,-76,11,1,4,1,1,1,0,0,0,0,-96,0,6,1,59854799,0,84,0,0,60.2369,384,[84 -64 4 0 0 0 0 0 0 0 0 0 13 21 12 18 11 21 9 20 10 20 9 18 11 18 9 17 10 18 9 16 10 16 10 18 11 14 11 16 11 15 12 16 8 15 10 14 10 15 8 13 8 12 8 13 7 11 7 11 8 11 9 10 0 0 5 10 8 12 6 12 7 9 4 10 6 8 5 9 4 8 5 8 5 8 4 8 4 7 4 8 3 8 3 7 2 8 2 10 2 7 0 8 2 7 -1 7 1 9 1 10 0 9 1 9 1 10 0 0 0 0 0 0 0 0 0 0 ]
324,1783414511.067082,15.7583,-71,CSI_DATA,AP,98:F4:AB:29:67:94,-71,11,0,0,0,0,0,0,0,0,0,-96,0,6,1,59949232,0,84,0,0,60.3313,128,[84 -64 4 0 0 0 0 0 0 0 0 0 21 -22 20 -19 17 -23 21 -20 23 -24 12 -19 18 -21 20 -21 12 -20 19 -20 15 -21 17 -21 17 -14 13 -19 16 -20 16 -14 16 -21 10 -20 13 -9 11 -15 16 -15 19 -20 14 -14 13 -15 11 -13 12 -13 0 0 9 -14 10 -14 10 -14 7 -13 10 -9 10 -12 8 -12 6 -9 8 -12 9 -9 8 -11 7 -9 7 -10 9 -7 9 -9 10 -7 11 -7 11 -7 10 -7 11 -5 10 -4 11 -5 12 -5 12 -5 13 -5 13 -4 0 0 0 0 0 0 0 0 0 0 ]
325,1783414511.189458,16.3702,-76,CSI_DATA,AP,98:F4:AB:29:67:94,-76,11,1,4,1,1,1,0,0,0,0,-96,0,6,1,60030853,0,84,0,0,60.4129,384,[84 -64 4 0 0 0 0 0 0 0 0 0 -9 24 -9 21 -9 23 -8 22 -7 23 -9 19 -7 20 -8 19 -7 20 -5 19 -7 19 -5 19 -6 19 -5 18 -4 18 -6 20 -5 16 -3 18 -5 14 -5 16 -4 16 -3 15 -4 15 -2 13 -5 15 -4 12 0 0 -3 11 -4 14 -2 10 -3 10 -4 10 -4 10 -4 8 -4 7 -4 9 -2 9 -2 9 -2 8 -4 10 -4 7 -2 8 -3 8 -4 8 -5 8 -5 8 -6 7 -5 7 -6 8 -6 8 -6 6 -6 7 -7 8 0 0 0 0 0 0 0 0 0 0 ]
326,1783414511.316466,16.2426,-76,CSI_DATA,AP,98:F4:AB:29:67:94,-76,11,1,4,1,1,1,0,0,0,0,-96,0,6,1,60120573,0,84,0,0,60.5026,384,[84 -64 4 0 0 0 0 0 0 0 0 0 -22 -12 -24 -10 -22 -12 -21 -11 -23 -10 -19 -10 -19 -10 -19 -10 -19 -10 -18 -12 -18 -9 -18 -10 -18 -10 -18 -11 -18 -8 -20 -6 -16 -8 -17 -8 -17 -7 -16 -9 -13 -7 -13 -8 -14 -7 -14 -7 -14 -6 -13 -7 0 0 -12 -8 -13 -6 -11 -7 -11 -5 -10 -5 -8 -5 -9 -5 -9 -6 -9 -4 -8 -6 -9 -6 -8 -5 -9 -6 -10 -4 -9 -6 -8 -6 -8 -7 -6 -6 -7 -6 -7 -7 -6 -7 -5 -8 -5 -8 -5 -7 -5 -9 -6 -8 0 0 0 0 0 0 0 0 0 0 ]
327,1783414511.443447,13.3862,-77,CSI_DATA,AP,98:F4:AB:29:67:94,-77,11,1,4,1,1,1,0,0,0,0,-96,0,6,1,60212335,0,84,0,0,60.5943,384,[84 -64 4 0 0 0 0 0 0 0 0 0 9 -16 9 -17 9 -17 7 -15 8 -16 5 -15 9 -14 7 -14 7 -15 8 -14 9 -14 7 -14 8 -14 7 -14 5 -13 7 -13 7 -12 6 -13 5 -10 5 -11 6 -11 4 -12 7 -10 6 -11 5 -10 5 -10 0 0 4 -10 4 -9 4 -9 4 -9 4 -7 4 -8 6 -8 4 -7 2 -6 3 -7 3 -6 3 -6 4 -7 4 -6 4 -6 4 -7 4 -6 5 -4 5 -4 5 -5 5 -5 4 -5 6 -4 6 -4 7 -4 6 -5 0 0 0 0 0 0 0 0 0 0 ]
328,1783414511.570108,13.2285,-77,CSI_DATA,AP,98:F4:AB:29:67:94,-77,11,1,4,1,1,1,0,0,0,0,-96,0,6,1,60302735,0,84,0,0,60.6847,384,[84 -64 4 0 0 0 0 0 0 0 0 0 -23 1 -20 1 -21 0 -20 1 -22 2 -18 1 -19 1 -19 2 -19 2 -19 1 -19 1 -19 1 -17 1 -17 2 -15 1 -18 1 -14 5 -15 2 -15 2 -17 3 -14 2 -13 2 -12 1 -12 2 -14 2 -12 1 0 0 -11 2 -12 3 -10 1 -9 1 -8 -1 -9 1 -8 1 -9 1 -9 0 -9 1 -10 0 -8 0 -8 0 -8 -1 -8 0 -9 0 -9 0 -8 -1 -8 -2 -10 -1 -10 -2 -9 -3 -8 -1 -9 -3 -8 -5 -9 -4 0 0 0 0 0 0 0 0 0 0 ]
329,1783414511.695179,13.3909,-77,CSI_DATA,AP,98:F4:AB:29:67:94,-77,11,1,4,1,1,1,0,0,0,0,-96,0,6,1,60395040,0,84,0,0,60.7771,384,[84 -64 4 0 0 0 0 0 0 0 0 0 -23 5 -22 3 -25 4 -23 4 -22 5 -20 3 -23 4 -19 3 -20 3 -20 5 -19 5 -20 5 -19 5 -20 7 -17 6 -20 6 -17 4 -16 5 -15 6 -18 5 -15 2 -15 4 -15 4 -14 6 -13 5 -12 3 0 0 -12 6 -14 3 -12 3 -11 4 -10 3 -11 4 -11 3 -8 2 -8 3 -9 3 -8 2 -8 3 -9 2 -8 2 -9 2 -10 3 -9 1 -10 0 -9 1 -9 0 -10 -1 -10 0 -9 -1 -11 -1 -11 -1 -11 0 0 0 0 0 0 0 0 0 0 0 ]
330,1783414511.822223,12.7552,-77,CSI_DATA,AP,98:F4:AB:29:67:94,-77,11,1,4,1,1,1,0,0,0,0,-96,0,6,1,60482605,0,84,0,0,60.8646,384,[84 -64 4 0 0 0 0 0 0 0 0 0 -11 -22 -11 -22 -10 -21 -12 -20 -11 -21 -11 -20 -9 -17 -9 -19 -10 -20 -9 -17 -10 -18 -11 -18 -11 -16 -10 -21 -8 -17 -11 -17 -10 -16 -9 -17 -8 -12 -7 -15 -9 -14 -6 -14 -6 -13 -7 -15 -7 -11 -9 -11 0 0 -7 -10 -6 -13 -7 -12 -7 -10 -5 -11 -6 -11 -5 -11 -3 -8 -5 -9 -5 -9 -5 -8 -6 -8 -3 -8 -3 -8 -4 -9 -4 -9 -2 -9 -3 -11 0 -10 -2 -9 0 -9 0 -9 0 -11 0 -11 -2 -11 1 -11 0 0 0 0 0 0 0 0 0 0 ]
331,1783414511.947416,13.9364,-76,CSI_DATA,AP,98:F4:AB:29:67:94,-76,11,1,2,1,1,1,0,0,0,0,-96,0,6,1,60572685,0,84,0,0,60.9547,384,[84 -64 4 0 0 0 0 0 0 0 0 0 -13 -23 -12 -20 -16 -21 -12 -18 -13 -21 -10 -19 -12 -17 -10 -18 -12 -18 -11 -19 -11 -18 -11 -19 -11 -18 -10 -16 -11 -15 -13 -18 -12 -14 -11 -17 -11 -14 -10 -13 -10 -13 -10 -14 -9 -15 -8 -13 -9 -13 -10 -12 0 0 -9 -11 -9 -12 -6 -8 -8 -11 -5 -9 -7 -9 -6 -9 -6 -9 -6 -8 -6 -8 -6 -9 -5 -8 -6 -8 -4 -8 -6 -9 -6 -7 -4 -10 -3 -9 -3 -9 -3 -10 -2 -10 -3 -9 -3 -12 -1 -11 -2 -12 -2 -12 0 0 0 0 0 0 0 0 0 0 ]
332,1783414512.074694,14.4729,-75,CSI_DATA,AP,98:F4:AB:29:67:94,-75,11,1,2,1,1,1,0,0,0,0,-96,0,6,1,60662584,0,84,0,0,61.0446,384,[84 -64 4 0 0 0 0 0 0 0 0 0 25 20 25 18 26 20 22 17 22 19 19 19 19 19 16 20 19 19 18 20 19 21 18 17 20 18 16 17 16 17 17 22 18 16 13 16 12 13 9 18 14 20 9 15 4 12 8 13 3 20 15 14 0 0 8 20 7 18 10 12 6 8 7 13 1 11 5 15 7 9 1 8 5 12 6 9 4 12 4 10 1 8 0 11 1 10 0 11 0 11 -2 11 -2 12 -2 11 -1 13 -5 10 -5 11 -5 12 -6 12 0 0 0 0 0 0 0 0 0 0 ]
333,1783414512.199967,14.5372,-77,CSI_DATA,AP,98:F4:AB:29:67:94,-77,11,1,4,1,1,1,0,0,0,0,-96,0,6,1,60751530,0,84,0,0,61.1336,384,[84 -64 4 0 0 0 0 0 0 0 0 0 -20 -16 -19 -13 -20 -17 -18 -14 -19 -16 -18 -13 -18 -15 -17 -16 -19 -14 -18 -15 -15 -13 -17 -12 -16 -13 -17 -11 -14 -11 -17 -11 -16 -11 -15 -10 -14 -11 -13 -9 -13 -11 -13 -9 -11 -10 -12 -9 -11 -9 -11 -9 0 0 -11 -7 -11 -8 -10 -7 -10 -6 -9 -5 -8 -7 -8 -6 -9 -7 -8 -4 -8 -6 -7 -4 -8 -7 -7 -4 -7 -6 -7 -7 -6 -5 -7 -8 -7 -6 -4 -7 -6 -8 -5 -8 -6 -7 -5 -9 -4 -8 -6 -10 -6 -9 0 0 0 0 0 0 0 0 0 0 ]
334,1783414512.324392,14.3265,-77,CSI_DATA,AP,98:F4:AB:29:67:94,-77,11,1,4,1,1,1,0,0,0,0,-96,0,6,1,60842828,0,84,0,0,61.2249,384,[84 -64 4 0 0 0 0 0 0 0 0 0 15 -15 14 -15 15 -16 15 -12 14 -13 13 -13 12 -13 13 -12 14 -12 10 -13 12 -14 10 -15 12 -13 11 -14 9 -13 10 -14 11 -12 10 -11 8 -11 9 -11 9 -11 8 -11 7 -9 8 -10 7 -11 8 -10 0 0 6 -10 8 -7 6 -9 5 -8 5 -7 6 -7 5 -7 4 -6 4 -6 3 -6 3 -6 4 -8 4 -5 3 -7 4 -7 5 -5 5 -5 4 -3 5 -5 5 -5 6 -3 6 -3 5 -4 5 -5 7 -6 7 -5 0 0 0 0 0 0 0 0 0 0 ]
335,1783414512.451447,14.2744,-71,CSI_DATA,AP,98:F4:AB:29:67:94,-71,11,0,0,0,0,0,0,0,0,0,-96,0,6,1,60943511,0,84,0,0,61.3256,128,[84 -64 4 0 0 0 0 0 0 0 0 0 -5 37 -5 34 -6 36 -7 36 -7 33 -6 31 -6 30 -8 29 -5 29 -5 29 -3 30 -3 29 -2 31 -3 29 -3 27 -2 30 -1 27 -1 25 -3 24 -5 24 -3 22 -2 21 -2 21 -2 22 -1 20 -2 20 0 0 -3 20 -1 20 -1 18 0 17 -2 15 -2 15 -3 14 -3 12 -1 12 -2 12 -1 14 -2 11 0 13 -3 11 -3 13 -4 13 -5 12 -5 12 -6 12 -6 11 -8 10 -6 10 -6 11 -7 11 -8 12 -10 13 0 0 0 0 0 0 0 0 0 0 ]
336,1783414512.577514,13.5796,-77,CSI_DATA,AP,98:F4:AB:29:67:94,-77,11,1,4,1,1,1,0,0,0,0,-96,0,6,1,61022278,0,84,0,0,61.4042,384,[84 -64 4 0 0 0 0 0 0 0 0 0 -2 -24 -1 -24 -1 -25 0 -24 0 -24 1 -24 -1 -23 0 -21 -1 -21 0 -20 -2 -21 -2 -21 -1 -19 -3 -20 -2 -17 -3 -23 -3 -17 -4 -20 -3 -17 0 -16 -1 -17 -3 -16 0 -15 -2 -14 -3 -13 -2 -15 0 0 -2 -14 -5 -13 -2 -11 -2 -12 -1 -11 -2 -11 -2 -12 -1 -9 -2 -10 -2 -9 -3 -9 -2 -7 -2 -9 0 -7 -1 -10 -1 -9 -1 -9 0 -10 0 -9 2 -10 0 -8 1 -9 3 -10 3 -10 1 -9 1 -9 0 0 0 0 0 0 0 0 0 0 ]
337,1783414512.703915,13.0241,-76,CSI_DATA,AP,98:F4:AB:29:67:94,-76,11,1,4,1,1,1,0,0,0,0,-96,0,6,1,61111845,0,84,0,0,61.4939,384,[84 -64 4 0 0 0 0 0 0 0 0 0 -4 -24 -6 -23 -5 -26 -4 -22 -3 -23 -4 -23 -3 -23 -3 -21 -3 -21 -2 -20 -6 -20 -5 -19 -6 -19 -5 -20 -5 -18 -6 -20 -6 -16 -4 -18 -5 -17 -2 -18 -2 -16 -4 -17 -4 -14 -5 -15 -4 -13 -4 -13 0 0 -5 -13 -4 -11 -3 -11 -4 -11 -3 -11 -4 -12 -3 -11 -2 -10 -3 -9 -3 -9 -3 -9 -4 -9 -2 -10 -3 -9 -3 -10 -2 -10 -1 -10 0 -9 -1 -9 -1 -9 0 -9 1 -10 1 -10 0 -10 1 -10 1 -10 0 0 0 0 0 0 0 0 0 0 ]
338,1783414512.829008,13.7861,-77,CSI_DATA,AP,98:F4:AB:29:67:94,-77,11,1,4,1,1,1,0,0,0,0,-96,0,6,1,61202302,0,84,0,0,61.5843,384,[84 -64 4 0 0 0 0 0 0 0 0 0 5 23 6 22 8 22 6 21 6 21 6 19 5 18 5 21 7 20 6 20 7 18 6 19 5 19 5 19 5 18 7 19 5 17 6 16 2 15 4 16 5 17 3 16 2 15 3 15 3 14 3 13 0 0 2 12 3 11 2 10 3 11 2 11 0 9 2 11 2 10 0 9 1 9 0 8 2 9 2 8 0 9 0 9 -2 10 -1 9 -3 7 -3 9 -1 8 -3 6 -4 8 -5 9 -5 7 -5 9 -5 10 0 0 0 0 0 0 0 0 0 0 ]
339,1783414512.955077,14.0713,-77,CSI_DATA,AP,98:F4:AB:29:67:94,-77,11,1,4,1,1,1,0,0,0,0,-96,0,6,1,61292431,0,84,0,0,61.6745,384,[84 -64 4 0 0 0 0 0 0 0 0 0 -8 22 -9 20 -9 22 -9 20 -8 23 -8 19 -6 20 -8 19 -7 19 -6 20 -7 17 -7 19 -4 19 -7 18 -5 18 -6 19 -4 17 -5 18 -6 16 -6 16 -4 16 -4 15 -5 14 -4 14 -6 13 -3 13 0 0 -4 12 -3 13 -1 10 -2 10 -2 9 -1 9 -2 8 -3 8 -2 9 -1 9 -2 7 -1 9 -2 9 -2 9 -3 9 -2 7 -4 9 -4 7 -4 7 -4 8 -6 7 -3 9 -6 8 -6 8 -7 7 -6 7 0 0 0 0 0 0 0 0 0 0 ]
340,1783414513.079809,14.7324,-76,CSI_DATA,AP,98:F4:AB:29:67:94,-76,11,1,4,1,1,1,0,0,0,0,-96,0,6,1,61381098,0,84,0,0,61.7631,384,[84 -64 4 0 0 0 0 0 0 0 0 0 -25 -4 -24 -6 -25 -5 -23 -4 -25 -4 -24 -2 -21 -1 -18 -3 -21 -2 -21 -2 -21 -2 -22 -3 -20 -3 -19 1 -19 -3 -20 -3 -19 0 -19 -1 -16 -2 -16 -3 -16 -2 -17 -3 -16 -2 -15 -1 -15 -1 -15 -2 0 0 -14 0 -13 -2 -13 -2 -14 -1 -10 -1 -10 0 -10 -1 -9 -2 -9 -2 -8 -1 -11 -1 -10 -1 -8 -1 -8 -1 -10 -2 -8 -2 -9 -3 -10 -2 -8 -4 -9 -5 -9 -5 -8 -6 -8 -6 -8 -4 -9 -7 -10 -6 0 0 0 0 0 0 0 0 0 0 ]
341,1783414513.205156,15.0231,-76,CSI_DATA,AP,98:F4:AB:29:67:94,-76,11,1,4,1,1,1,0,0,0,0,-96,0,6,1,61474197,0,84,0,0,61.8562,384,[84 -64 4 0 0 0 0 0 0 0 0 0 21 -1 19 -2 21 -1 21 0 22 2 22 -1 21 1 19 2 19 -2 21 2 20 0 19 0 13 1 24 4 18 2 18 2 14 1 18 -2 15 0 16 1 17 -1 16 1 15 3 14 1 14 3 13 -4 0 0 14 0 13 2 12 2 10 -3 9 1 9 1 12 -1 10 -1 7 3 11 -1 10 -1 8 1 8 0 8 1 8 0 9 3 9 1 8 2 8 4 8 3 7 4 7 3 7 4 8 5 9 5 7 6 0 0 0 0 0 0 0 0 0 0 ]
342,1783414513.330268,15.8434,-77,CSI_DATA,AP,98:F4:AB:29:67:94,-77,11,1,4,1,1,1,0,0,0,0,-96,0,6,1,61560843,0,84,0,0,61.9429,384,[84 -64 4 0 0 0 0 0 0 0 0 0 -16 -23 -13 -21 -13 -22 -12 -19 -13 -20 -13 -19 -13 -19 -13 -17 -12 -18 -12 -19 -12 -17 -14 -18 -12 -16 -12 -17 -12 -15 -14 -16 -12 -17 -12 -14 -10 -12 -11 -13 -11 -14 -10 -14 -11 -11 -11 -12 -11 -12 -9 -11 0 0 -10 -12 -8 -11 -8 -10 -9 -9 -8 -9 -8 -9 -8 -9 -8 -7 -7 -7 -8 -7 -6 -6 -7 -7 -6 -8 -6 -7 -7 -8 -5 -7 -6 -9 -6 -8 -4 -9 -6 -9 -4 -8 -4 -8 -4 -10 -4 -11 -4 -10 -3 -10 0 0 0 0 0 0 0 0 0 0 ]
343,1783414513.459502,15.1076,-77,CSI_DATA,AP,98:F4:AB:29:67:94,-77,11,1,4,1,1,1,0,0,0,0,-96,0,6,1,61651003,0,84,0,0,62.0329,384,[84 -64 4 0 0 0 0 0 0 0 0 0 -3 24 -1 25 -2 23 -1 23 -2 24 -1 21 -2 20 -3 20 -1 20 -2 21 0 20 0 19 -1 21 -1 20 0 19 -3 19 0 18 -1 17 -2 16 -1 17 0 15 0 15 -1 14 -1 13 -1 14 0 12 0 0 0 11 -2 13 -1 13 -1 11 -1 10 -1 10 0 10 -1 8 0 10 1 10 -1 8 -1 8 -1 9 -2 9 0 11 -1 8 -3 9 -2 7 -2 8 -3 9 -5 8 -3 8 -5 9 -4 9 -4 8 -5 11 0 0 0 0 0 0 0 0 0 0 ]
344,1783414513.583450,15.2819,-76,CSI_DATA,AP,98:F4:AB:29:67:94,-76,11,1,4,1,1,1,0,0,0,0,-96,0,6,1,61744223,0,84,0,0,62.1262,384,[84 -64 4 0 0 0 0 0 0 0 0 0 -23 -9 -20 -9 -23 -9 -22 -8 -22 -8 -20 -9 -22 -9 -19 -8 -22 -5 -20 -8 -19 -6 -20 -6 -22 -7 -20 -6 -19 -4 -21 -5 -18 -4 -20 -5 -18 -4 -17 -4 -17 -3 -17 -2 -16 -4 -14 -3 -15 -4 -14 -4 0 0 -15 -3 -13 -3 -13 -3 -11 -2 -11 -3 -10 -3 -10 -2 -11 -1 -10 -2 -11 -2 -11 -1 -10 0 -9 -2 -8 -1 -11 -3 -11 -2 -9 -4 -10 -2 -9 -4 -10 -5 -8 -4 -9 -3 -10 -6 -9 -5 -9 -4 -9 -6 0 0 0 0 0 0 0 0 0 0 ]
345,1783414513.706426,15.5978,-76,CSI_DATA,AP,98:F4:AB:29:67:94,-76,11,1,4,1,1,1,0,0,0,0,-96,0,6,1,61830860,0,84,0,0,62.2129,384,[84 -64 4 0 0 0 0 0 0 0 0 0 -21 -13 -23 -13 -21 -13 -20 -12 -22 -12 -18 -14 -17 -13 -17 -11 -18 -11 -18 -11 -20 -8 -18 -9 -21 -10 -19 -10 -18 -10 -20 -11 -17 -9 -18 -8 -16 -10 -14 -10 -14 -10 -16 -9 -14 -8 -16 -7 -14 -7 -14 -6 0 0 -13 -6 -14 -6 -12 -5 -11 -5 -10 -7 -10 -5 -8 -8 -8 -7 -9 -4 -11 -4 -9 -5 -7 -6 -9 -4 -7 -4 -10 -6 -9 -6 -8 -6 -8 -6 -8 -5 -7 -7 -8 -8 -6 -7 -8 -8 -7 -9 -8 -8 -7 -9 0 0 0 0 0 0 0 0 0 0 ]
346,1783414513.829854,14.6971,-75,CSI_DATA,AP,98:F4:AB:29:67:94,-75,11,1,2,1,1,1,0,0,0,0,-96,0,6,1,61925054,0,84,0,0,62.3071,384,[84 -64 4 0 0 0 0 0 0 0 0 0 21 -1 20 -1 21 -1 21 -1 19 -1 18 -1 19 0 19 0 19 -1 18 -1 19 -1 17 -2 18 -2 17 -3 19 -3 18 -2 17 -2 15 -2 16 -2 14 -1 15 1 14 -1 13 0 12 -2 14 -2 12 -2 0 0 13 -1 12 -2 11 -2 11 -2 9 -1 9 -1 9 0 8 -2 8 -2 9 -2 8 -2 7 -1 6 0 8 1 9 -1 8 -1 9 0 8 1 8 2 7 1 8 2 7 1 8 2 9 3 8 3 8 3 0 0 0 0 0 0 0 0 0 0 ]
347,1783414513.951377,15.3491,-76,CSI_DATA,AP,98:F4:AB:29:67:94,-76,11,1,4,1,1,1,0,0,0,0,-96,0,6,1,62012047,0,84,0,0,62.3941,384,[84 -64 4 0 0 0 0 0 0 0 0 0 -26 1 -23 -4 -25 -1 -24 -2 -25 1 -21 -2 -22 3 -24 1 -21 1 -22 1 -21 2 -20 3 -20 0 -20 2 -19 1 -20 2 -19 0 -17 2 -17 0 -18 1 -16 1 -16 3 -16 1 -14 -1 -16 2 -13 0 0 0 -13 -1 -14 1 -12 2 -13 1 -9 0 -10 0 -10 0 -11 2 -11 -1 -10 -1 -11 0 -9 -1 -9 0 -10 0 -9 -2 -9 -1 -11 -1 -10 -2 -8 -2 -9 -1 -9 -3 -10 -2 -9 -4 -9 -3 -10 -3 -10 -4 0 0 0 0 0 0 0 0 0 0 ]
348,1783414514.073748,14.7998,-77,CSI_DATA,AP,98:F4:AB:29:67:94,-77,11,1,4,1,1,1,0,0,0,0,-96,0,6,1,62103394,0,84,0,0,62.4854,384,[84 -64 4 0 0 0 0 0 0 0 0 0 22 7 21 9 22 10 21 8 21 7 19 9 20 8 19 9 18 7 20 8 17 7 19 6 19 5 17 5 16 6 18 6 17 5 19 6 16 6 14 5 13 6 16 3 15 5 15 4 14 3 13 4 0 0 12 4 12 4 11 3 11 3 9 2 10 1 9 4 9 2 8 2 9 2 7 4 8 1 8 4 8 3 9 4 9 2 7 3 8 5 7 5 7 5 6 5 7 5 6 6 8 8 7 6 8 6 0 0 0 0 0 0 0 0 0 0 ]
349,1783414514.195355,13.9742,-77,CSI_DATA,AP,98:F4:AB:29:67:94,-77,11,1,4,1,1,1,0,0,0,0,-96,0,6,1,62191639,0,84,0,0,62.5737,384,[84 -64 4 0 0 0 0 0 0 0 0 0 -19 -7 -19 -9 -21 -9 -17 -6 -19 -9 -17 -6 -18 -7 -17 -5 -19 -8 -18 -6 -18 -6 -17 -6 -17 -6 -18 -5 -17 -4 -18 -5 -16 -4 -17 -4 -13 -4 -16 -4 -15 -3 -15 -5 -13 -5 -12 -4 -13 -4 -13 -4 0 0 -13 -2 -11 -2 -10 -2 -11 -2 -8 -3 -10 -2 -10 -2 -10 -2 -9 -3 -9 -2 -8 -2 -9 -2 -8 -2 -8 -2 -9 -3 -8 -4 -9 -4 -8 -2 -8 -3 -8 -5 -7 -3 -8 -6 -7 -5 -7 -5 -9 -5 -8 -7 0 0 0 0 0 0 0 0 0 0 ]
350,1783414514.318835,14.3352,-76,CSI_DATA,AP,98:F4:AB:29:67:94,-76,11,1,4,1,1,1,0,0,0,0,-96,0,6,1,62286655,0,84,0,0,62.6687,384,[84 -64 4 0 0 0 0 0 0 0 0 0 -26 -1 -26 -3 -24 -4 -25 -4 -23 -3 -22 -4 -22 -3 -21 -3 -21 -4 -22 1 -21 -1 -22 -2 -21 -1 -21 0 -20 0 -21 -2 -20 -1 -19 -2 -18 -1 -18 -2 -18 0 -17 -2 -16 -2 -17 1 -15 0 -15 0 0 0 -14 -1 -14 1 -13 -1 -13 -1 -12 0 -11 -1 -11 -1 -11 0 -9 -1 -9 0 -9 0 -9 0 -10 -1 -10 0 -10 -1 -9 -1 -9 -2 -9 -2 -10 -3 -10 -3 -10 -4 -10 -5 -11 -4 -10 -2 -11 -3 -10 -4 0 0 0 0 0 0 0 0 0 0 ]
351,1783414514.440666,13.6697,-77,CSI_DATA,AP,98:F4:AB:29:67:94,-77,11,1,4,1,1,1,0,0,0,0,-96,0,6,1,62372448,0,84,0,0,62.7545,384,[84 -64 4 0 0 0 0 0 0 0 0 0 19 -14 19 -14 20 -15 18 -14 20 -15 18 -13 18 -12 17 -14 16 -13 18 -12 15 -13 17 -11 14 -15 15 -13 15 -12 15 -14 14 -11 16 -11 10 -10 14 -11 13 -11 13 -11 13 -11 12 -9 10 -9 11 -9 0 0 11 -8 11 -11 9 -8 9 -8 8 -8 8 -6 9 -6 6 -8 7 -6 8 -5 6 -6 7 -4 7 -5 7 -3 8 -7 6 -6 9 -5 7 -4 8 -3 6 -3 8 -3 8 -4 8 -3 9 -5 9 -3 9 -2 0 0 0 0 0 0 0 0 0 0 ]
352,1783414514.561695,12.9368,-77,CSI_DATA,AP,98:F4:AB:29:67:94,-77,11,1,4,1,1,1,0,0,0,0,-96,0,6,1,62465581,0,84,0,0,62.8475,384,[84 -64 4 0 0 0 0 0 0 0 0 0 -13 20 -11 16 -13 17 -11 15 -11 16 -10 14 -9 15 -11 15 -9 16 -11 14 -8 13 -8 14 -11 14 -7 13 -8 14 -8 16 -8 14 -9 14 -9 12 -7 13 -8 12 -8 13 -8 13 -6 12 -6 11 -5 10 0 0 -5 9 -5 9 -5 10 -5 8 -4 9 -6 7 -4 7 -4 7 -3 7 -5 6 -3 7 -3 8 -3 6 -4 6 -5 7 -4 7 -4 7 -5 6 -6 7 -6 6 -6 6 -5 6 -5 6 -6 6 -8 6 -7 5 0 0 0 0 0 0 0 0 0 0 ]
353,1783414514.682201,13.2425,-76,CSI_DATA,AP,98:F4:AB:29:67:94,-76,11,1,4,1,1,1,0,0,0,0,-96,0,6,1,62551345,0,84,0,0,62.9334,384,[84 -64 4 0 0 0 0 0 0 0 0 0 4 24 8 21 6 21 6 20 5 20 7 21 5 21 4 21 5 19 4 19 5 19 5 18 7 20 6 19 5 19 5 20 6 17 4 18 2 16 3 16 1 15 4 15 3 15 2 14 3 14 3 13 0 0 2 13 2 12 1 11 1 12 1 11 1 12 1 11 -1 9 0 10 1 10 1 8 0 10 2 8 0 8 0 10 -1 9 -2 10 -1 7 -3 8 -3 8 -3 9 -3 8 -4 10 -4 9 -3 9 -4 8 0 0 0 0 0 0 0 0 0 0 ]
354,1783414514.803237,13.0368,-77,CSI_DATA,AP,98:F4:AB:29:67:94,-77,11,1,4,1,1,1,0,0,0,0,-96,0,6,1,62644088,0,84,0,0,63.0261,384,[84 -64 4 0 0 0 0 0 0 0 0 0 13 19 13 18 14 20 13 18 12 19 10 17 10 18 12 18 11 16 9 16 12 16 13 15 12 17 11 16 9 15 12 17 10 15 11 14 8 14 9 14 9 15 7 12 9 12 7 12 8 10 8 11 0 0 6 12 8 11 6 9 6 9 6 8 6 9 7 9 3 8 3 8 5 8 5 6 4 7 4 7 3 5 4 8 3 7 3 8 4 7 4 7 3 9 3 7 3 8 2 8 2 8 2 11 1 10 0 0 0 0 0 0 0 0 0 0 ]
355,1783414514.925931,13.2008,-76,CSI_DATA,AP,98:F4:AB:29:67:94,-76,11,1,4,1,1,1,0,0,0,0,-96,0,6,1,62732852,0,84,0,0,63.1149,384,[84 -64 4 0 0 0 0 0 0 0 0 0 -21 17 -17 17 -20 15 -19 17 -19 14 -18 12 -16 15 -16 14 -17 15 -16 15 -16 14 -15 13 -16 16 -15 13 -13 12 -16 15 -13 11 -15 13 -13 11 -13 11 -13 11 -11 10 -14 11 -12 9 -10 9 -10 9 0 0 -12 7 -10 8 -10 8 -10 7 -8 6 -10 6 -9 6 -9 7 -7 5 -9 6 -8 5 -7 4 -9 4 -8 5 -8 3 -9 3 -9 4 -9 3 -8 3 -9 3 -9 2 -9 3 -10 1 -11 2 -9 1 -10 1 0 0 0 0 0 0 0 0 0 0 ]
356,1783414515.045907,14.7627,-76,CSI_DATA,AP,98:F4:AB:29:67:94,-76,11,1,4,1,1,1,0,0,0,0,-96,0,6,1,62824489,0,84,0,0,63.2065,384,[84 -64 4 0 0 0 0 0 0 0 0 0 -25 1 -24 2 -25 0 -26 4 -26 3 -21 -2 -24 2 -22 0 -21 2 -23 1 -22 0 -20 1 -20 0 -19 1 -17 2 -21 2 -18 1 -20 2 -16 1 -18 1 -19 2 -17 1 -15 -1 -15 2 -16 0 -14 2 0 0 -14 1 -14 2 -14 1 -12 2 -10 1 -11 0 -10 0 -9 1 -10 0 -10 2 -8 1 -9 0 -8 1 -9 0 -9 0 -9 0 -9 0 -9 0 -9 -2 -10 -3 -9 -3 -9 -1 -10 -1 -9 -3 -11 -3 -10 -3 0 0 0 0 0 0 0 0 0 0 ]
357,1783414515.166528,16.0795,-74,CSI_DATA,AP,98:F4:AB:29:67:94,-74,11,1,2,1,1,1,0,0,0,0,-96,0,6,1,62912699,0,84,0,0,63.2947,384,[84 -64 4 0 0 0 0 0 0 0 0 0 2 23 0 19 0 21 0 20 1 22 4 16 -1 18 2 20 -7 21 1 23 0 16 -4 21 -10 13 -2 20 -1 18 6 22 2 16 1 16 -1 14 3 16 -2 16 1 17 3 10 -2 11 0 16 -2 18 0 0 -1 10 -2 8 -2 13 -2 9 0 9 -1 9 -2 9 -1 8 -1 7 0 7 1 8 -1 7 0 8 0 7 -2 8 -2 8 -2 8 -2 8 -1 7 -3 8 -4 7 -3 7 -5 7 -4 8 -4 8 -5 9 0 0 0 0 0 0 0 0 0 0 ]
358,1783414515.288839,15.9049,-76,CSI_DATA,AP,98:F4:AB:29:67:94,-76,11,1,4,1,1,1,0,0,0,0,-96,0,6,1,63002258,0,84,0,0,63.3843,384,[84 -64 4 0 0 0 0 0 0 0 0 0 -22 -15 -19 -13 -21 -14 -21 -13 -19 -13 -19 -13 -18 -12 -19 -13 -16 -14 -18 -11 -19 -12 -18 -12 -17 -12 -18 -12 -16 -10 -17 -12 -16 -10 -15 -9 -14 -9 -13 -10 -12 -9 -15 -11 -13 -8 -13 -9 -12 -9 -13 -7 0 0 -11 -8 -12 -7 -10 -7 -10 -7 -9 -8 -8 -8 -7 -6 -9 -7 -8 -6 -9 -6 -9 -5 -9 -5 -8 -4 -7 -7 -8 -6 -7 -6 -7 -6 -6 -8 -6 -6 -4 -6 -5 -8 -5 -9 -6 -9 -4 -9 -6 -9 -6 -10 0 0 0 0 0 0 0 0 0 0 ]
359,1783414515.410232,16.3585,-77,CSI_DATA,AP,98:F4:AB:29:67:94,-77,11,1,4,1,1,1,0,0,0,0,-96,0,6,1,63093303,0,84,0,0,63.4753,384,[84 -64 4 0 0 0 0 0 0 0 0 0 3 -25 1 -25 3 -26 2 -23 4 -23 1 -20 2 -23 2 -20 -1 -22 3 -21 1 -20 3 -22 1 -23 3 -23 0 -21 0 -20 1 -17 0 -18 0 -17 0 -16 0 -17 2 -16 0 -16 1 -14 1 -16 1 -15 0 0 0 -14 -1 -14 0 -11 1 -12 1 -11 1 -11 -1 -11 1 -10 -1 -9 -1 -9 0 -8 0 -10 0 -9 1 -9 0 -8 1 -8 2 -10 2 -9 3 -9 2 -9 3 -9 1 -9 4 -12 4 -9 6 -10 5 -9 0 0 0 0 0 0 0 0 0 0 ]
360,1783414515.530929,15.4662,-76,CSI_DATA,AP,98:F4:AB:29:67:94,-76,11,1,4,1,1,1,0,0,0,0,-96,0,6,1,63182226,0,84,0,0,63.5641,384,[84 -64 4 0 0 0 0 0 0 0 0 0 25 4 23 3 24 4 23 2 22 3 19 2 20 4 20 3 21 3 21 2 21 3 20 4 21 3 20 2 19 1 18 1 18 0 18 1 16 1 16 0 15 1 16 1 14 1 13 2 14 1 13 1 0 0 13 1 13 0 12 0 11 1 11 1 10 0 8 1 9 0 9 2 9 2 9 1 8 2 8 0 8 1 9 1 6 3 7 2 7 3 8 3 6 4 8 4 7 3 8 3 7 6 6 5 8 5 0 0 0 0 0 0 0 0 0 0 ]
361,1783414515.652409,15.4351,-76,CSI_DATA,AP,98:F4:AB:29:67:94,-76,11,1,4,1,1,1,0,0,0,0,-96,0,6,1,63272647,0,84,0,0,63.6547,384,[84 -64 4 0 0 0 0 0 0 0 0 0 -24 8 -23 7 -24 7 -24 6 -23 7 -22 7 -20 7 -21 5 -21 7 -19 7 -19 7 -19 7 -20 9 -21 7 -18 6 -20 6 -18 7 -18 7 -16 6 -17 5 -18 4 -15 5 -14 4 -14 4 -15 5 -14 5 0 0 -15 4 -12 3 -12 2 -11 4 -10 3 -10 3 -11 2 -10 2 -11 3 -9 4 -9 2 -9 2 -7 4 -9 2 -11 2 -10 1 -9 1 -8 1 -9 0 -7 0 -10 -1 -10 -2 -11 -1 -10 0 -11 1 -11 -2 0 0 0 0 0 0 0 0 0 0 ]
362,1783414515.774996,15.4384,-76,CSI_DATA,AP,98:F4:AB:29:67:94,-76,11,1,4,1,1,1,0,0,0,0,-96,0,6,1,63361443,0,84,0,0,63.7435,384,[84 -64 4 0 0 0 0 0 0 0 0 0 9 -20 9 -19 8 -20 7 -18 10 -19 7 -16 8 -16 7 -17 7 -16 8 -18 8 -17 7 -17 6 -17 6 -15 5 -15 8 -17 5 -16 5 -15 6 -16 6 -15 6 -13 5 -14 4 -13 5 -13 4 -14 4 -12 0 0 3 -11 3 -12 4 -11 4 -11 4 -10 4 -10 4 -11 1 -8 3 -8 3 -8 2 -7 3 -8 3 -7 4 -7 3 -8 3 -7 4 -8 4 -7 5 -6 4 -6 6 -5 5 -6 5 -7 5 -6 6 -7 6 -7 0 0 0 0 0 0 0 0 0 0 ]
363,1783414515.895823,14.6469,-76,CSI_DATA,AP,98:F4:AB:29:67:94,-76,11,1,4,1,1,1,0,0,0,0,-96,0,6,1,63450716,0,84,0,0,63.8327,384,[84 -64 4 0 0 0 0 0 0 0 0 0 24 4 24 2 25 4 22 1 23 2 21 2 20 3 21 4 21 3 20 0 21 1 21 3 20 2 20 2 17 2 19 2 19 2 18 3 16 3 16 2 18 2 17 3 16 3 15 1 14 2 12 1 0 0 12 2 14 1 11 1 11 2 8 1 10 1 10 1 8 1 8 2 8 1 9 1 8 2 9 2 9 0 10 1 8 3 9 3 8 3 7 3 7 4 8 5 6 4 7 4 7 6 7 5 6 6 0 0 0 0 0 0 0 0 0 0 ]
364,1783414516.017565,15.0475,-76,CSI_DATA,AP,98:F4:AB:29:67:94,-76,11,1,4,1,1,1,0,0,0,0,-96,0,6,1,63542082,0,84,0,0,63.9241,384,[84 -64 4 0 0 0 0 0 0 0 0 0 10 -23 11 -23 11 -21 9 -21 10 -23 9 -19 8 -21 9 -20 8 -20 10 -20 8 -20 9 -19 9 -19 8 -19 6 -17 7 -18 6 -17 6 -19 7 -18 7 -16 7 -15 6 -14 6 -13 7 -15 6 -15 4 -14 0 0 5 -11 3 -13 4 -11 3 -11 5 -10 4 -12 3 -9 3 -9 3 -10 4 -10 3 -9 3 -9 4 -8 5 -8 3 -8 4 -6 6 -8 3 -7 7 -7 5 -8 6 -6 7 -7 6 -6 7 -7 6 -6 9 -7 0 0 0 0 0 0 0 0 0 0 ]
365,1783414516.140255,14.3809,-77,CSI_DATA,AP,98:F4:AB:29:67:94,-77,11,1,4,1,1,1,0,0,0,0,-96,0,6,1,63633296,0,84,0,0,64.0153,384,[84 -64 4 0 0 0 0 0 0 0 0 0 13 -17 12 -16 12 -17 13 -16 12 -15 12 -13 10 -14 11 -13 10 -15 10 -14 10 -14 10 -15 9 -15 8 -15 11 -15 9 -14 9 -14 7 -12 9 -13 9 -14 10 -12 7 -12 7 -11 8 -11 7 -12 7 -11 0 0 6 -11 5 -10 6 -9 5 -9 5 -8 6 -9 5 -9 6 -7 5 -7 3 -7 2 -6 3 -7 3 -6 5 -7 4 -8 6 -6 5 -6 5 -6 5 -6 5 -5 6 -5 5 -5 6 -6 6 -6 7 -5 7 -6 0 0 0 0 0 0 0 0 0 0 ]
366,1783414516.262910,13.7406,-77,CSI_DATA,AP,98:F4:AB:29:67:94,-77,11,1,4,1,1,1,0,0,0,0,-96,0,6,1,63720742,0,84,0,0,64.1028,384,[84 -64 4 0 0 0 0 0 0 0 0 0 5 -21 5 -19 5 -21 5 -19 5 -19 7 -16 4 -18 5 -18 4 -18 4 -16 4 -17 2 -20 3 -17 4 -17 2 -17 3 -18 2 -16 3 -16 4 -15 3 -15 4 -14 2 -15 3 -13 2 -15 2 -13 1 -12 0 0 2 -11 1 -12 0 -11 1 -10 3 -10 1 -8 1 -10 1 -8 1 -9 1 -8 1 -8 1 -7 2 -10 1 -8 3 -9 2 -7 3 -7 3 -8 3 -8 4 -8 3 -8 5 -7 4 -7 5 -9 5 -10 6 -7 0 0 0 0 0 0 0 0 0 0 ]
367,1783414516.383775,13.7843,-76,CSI_DATA,AP,98:F4:AB:29:67:94,-76,11,1,4,1,1,1,0,0,0,0,-96,0,6,1,63810766,0,84,0,0,64.1928,384,[84 -64 4 0 0 0 0 0 0 0 0 0 21 11 20 9 22 11 16 9 20 10 17 10 17 8 18 7 17 7 18 10 19 9 18 9 19 9 18 7 15 6 19 6 16 8 17 6 15 8 16 6 15 7 15 7 14 6 13 7 13 6 12 5 0 0 12 5 12 4 11 4 12 3 9 4 11 5 9 5 10 4 9 5 9 4 7 4 9 3 8 5 6 6 8 3 6 5 7 7 6 5 6 6 6 6 6 7 5 7 8 6 5 7 7 7 6 7 0 0 0 0 0 0 0 0 0 0 ]
368,1783414516.504081,14.1389,-76,CSI_DATA,AP,98:F4:AB:29:67:94,-76,11,1,4,1,1,1,0,0,0,0,-96,0,6,1,63903291,0,84,0,0,64.2852,384,[84 -64 4 0 0 0 0 0 0 0 0 0 22 -7 20 -7 24 -10 19 -8 22 -7 17 -5 18 -6 19 -4 19 -8 21 -8 19 -7 20 -8 18 -6 18 -8 17 -7 18 -9 16 -7 16 -8 15 -7 16 -7 16 -7 16 -5 15 -7 14 -6 14 -5 12 -4 0 0 13 -5 12 -7 11 -5 12 -7 10 -3 11 -3 9 -6 9 -5 9 -5 8 -5 7 -4 9 -5 6 -5 7 -4 8 -4 8 -1 10 -2 7 -3 9 -3 8 -2 9 0 10 -1 9 -1 9 0 11 -1 11 0 0 0 0 0 0 0 0 0 0 0 ]
369,1783414516.626522,13.5281,-77,CSI_DATA,AP,98:F4:AB:29:67:94,-77,11,1,4,1,1,1,0,0,0,0,-96,0,6,1,63993056,0,84,0,0,64.3751,384,[84 -64 4 0 0 0 0 0 0 0 0 0 -10 -20 -10 -20 -9 -20 -9 -18 -10 -20 -9 -19 -8 -18 -8 -18 -8 -17 -9 -15 -9 -14 -10 -17 -10 -16 -10 -16 -9 -15 -10 -16 -10 -14 -9 -15 -7 -13 -8 -12 -7 -12 -8 -13 -8 -11 -7 -12 -7 -11 -7 -11 0 0 -8 -10 -8 -9 -7 -9 -7 -7 -4 -8 -6 -8 -6 -9 -4 -8 -5 -7 -5 -6 -6 -6 -6 -6 -4 -6 -4 -7 -4 -8 -5 -6 -4 -9 -4 -9 -4 -9 -4 -9 -3 -8 -1 -8 -3 -9 -3 -10 -3 -10 -2 -9 0 0 0 0 0 0 0 0 0 0 ]
370,1783414516.749180,12.4648,-77,CSI_DATA,AP,98:F4:AB:29:67:94,-77,11,1,4,1,1,1,0,0,0,0,-96,0,6,1,64081452,0,84,0,0,64.4635,384,[84 -64 4 0 0 0 0 0 0 0 0 0 4 -22 2 -21 2 -21 4 -19 2 -20 2 -19 1 -20 2 -19 1 -18 1 -18 1 -18 3 -18 2 -17 1 -19 1 -17 2 -19 0 -18 1 -16 1 -15 1 -15 1 -16 1 -14 1 -14 1 -13 2 -12 1 -13 0 0 0 -12 1 -11 0 -10 -2 -11 0 -9 1 -9 0 -9 -1 -9 0 -8 -1 -9 -1 -10 -1 -8 1 -8 0 -7 0 -8 1 -8 2 -9 1 -7 2 -8 2 -6 2 -7 2 -8 4 -10 4 -9 3 -9 4 -8 0 0 0 0 0 0 0 0 0 0 ]
371,1783414516.868531,13.4514,-76,CSI_DATA,AP,98:F4:AB:29:67:94,-76,11,1,4,1,1,1,0,0,0,0,-96,0,6,1,64171947,0,84,0,0,64.554,384,[84 -64 4 0 0 0 0 0 0 0 0 0 26 -6 24 -6 22 -8 21 -7 23 -6 21 -5 23 -6 19 -5 21 -6 21 -6 19 -7 19 -6 21 -6 19 -7 16 -4 20 -8 17 -5 17 -6 15 -5 16 -6 15 -5 12 -4 15 -4 14 -4 14 -3 13 -4 0 0 12 -4 11 -5 11 -4 13 -4 9 -3 10 -4 10 -3 8 -4 8 -4 8 -2 9 -2 8 -2 8 -3 9 -3 9 0 9 -1 9 -1 9 -1 9 -1 10 0 8 0 8 2 9 2 10 2 10 2 10 3 0 0 0 0 0 0 0 0 0 0 ]
372,1783414516.990822,15.2985,-77,CSI_DATA,AP,98:F4:AB:29:67:94,-77,11,1,4,1,1,1,0,0,0,0,-96,0,6,1,64264248,0,84,0,0,64.6464,384,[84 -64 4 0 0 0 0 0 0 0 0 0 -24 8 -20 7 -25 9 -23 9 -23 8 -20 6 -21 8 -20 7 -19 8 -20 7 -19 7 -20 7 -20 6 -20 8 -17 7 -19 8 -16 5 -17 5 -15 6 -16 7 -17 4 -16 7 -16 6 -14 5 -15 7 -13 6 0 0 -13 5 -13 5 -11 5 -13 4 -11 3 -9 3 -11 3 -10 3 -8 3 -9 4 -10 2 -8 4 -10 3 -9 3 -10 1 -11 2 -10 2 -10 1 -9 0 -10 1 -9 0 -10 0 -11 -1 -11 0 -10 0 -12 0 0 0 0 0 0 0 0 0 0 0 ]
373,1783414517.112190,15.2704,-77,CSI_DATA,AP,98:F4:AB:29:67:94,-77,11,1,4,1,1,1,0,0,0,0,-96,0,6,1,64351036,0,84,0,0,64.733,384,[84 -64 4 0 0 0 0 0 0 0 0 0 -8 23 -9 23 -9 25 -8 22 -8 22 -7 21 -7 21 -8 21 -7 20 -6 18 -5 19 -5 18 -2 19 -4 20 -5 17 -6 23 -4 18 -4 17 -3 17 -5 18 -3 18 -3 15 -3 13 -3 14 -4 14 -3 11 0 0 -2 13 -2 13 -3 10 -2 11 -2 11 -2 9 -2 10 -3 8 -3 9 0 9 -1 8 -1 8 -3 8 -2 8 -2 9 -2 9 -3 8 -2 7 -4 7 -5 7 -6 9 -5 7 -5 8 -5 9 -5 8 -5 9 0 0 0 0 0 0 0 0 0 0 ]
374,1783414517.233516,16.0428,-76,CSI_DATA,AP,98:F4:AB:29:67:94,-76,11,1,4,1,1,1,0,0,0,0,-96,0,6,1,64440776,0,84,0,0,64.8228,384,[84 -64 4 0 0 0 0 0 0 0 0 0 -24 -12 -23 -9 -23 -10 -24 -9 -22 -8 -20 -9 -21 -10 -19 -7 -19 -8 -19 -9 -20 -8 -20 -10 -19 -6 -20 -8 -18 -9 -19 -7 -18 -7 -18 -8 -16 -7 -16 -6 -17 -7 -15 -6 -15 -7 -14 -6 -14 -7 -13 -5 0 0 -12 -5 -13 -4 -12 -6 -12 -6 -11 -5 -11 -4 -9 -7 -8 -4 -9 -5 -9 -3 -9 -4 -7 -6 -9 -3 -8 -5 -9 -6 -8 -6 -8 -7 -8 -5 -8 -7 -7 -9 -6 -7 -6 -8 -6 -7 -7 -9 -7 -8 -7 -9 0 0 0 0 0 0 0 0 0 0 ]
375,1783414517.356372,15.5005,-77,CSI_DATA,AP,98:F4:AB:29:67:94,-77,11,1,4,1,1,1,0,0,0,0,-96,0,6,1,64531146,0,84,0,0,64.9132,384,[84 -64 4 0 0 0 0 0 0 0 0 0 23 -8 20 -6 24 -7 22 -8 23 -8 20 -7 20 -6 21 -5 20 -6 19 -5 19 -7 18 -7 18 -8 18 -7 17 -6 19 -9 17 -6 17 -8 16 -7 16 -7 15 -6 16 -7 15 -6 12 -7 13 -7 14 -6 0 0 11 -6 12 -7 10 -7 10 -6 10 -5 10 -5 8 -5 9 -5 7 -3 7 -5 7 -4 7 -4 6 -4 7 -4 8 -3 7 -3 8 -4 9 -5 10 -2 8 -1 8 0 8 -2 9 0 10 -1 9 -1 10 -1 0 0 0 0 0 0 0 0 0 0 ]
376,1783414517.477479,12.3384,-75,CSI_DATA,AP,98:F4:AB:29:67:94,-75,11,1,2,1,1,1,0,0,0,0,-96,0,6,1,64632024,0,84,0,0,65.0141,384,[84 -64 4 0 0 0 0 0 0 0 0 0 14 10 12 10 14 10 12 9 13 9 12 9 12 9 11 9 12 10 11 8 13 8 12 7 12 8 12 8 12 8 13 7 11 6 11 7 10 7 11 6 8 7 9 6 8 6 8 4 9 4 8 4 0 0 6 4 8 4 7 4 8 4 6 4 6 3 6 3 5 3 5 4 6 3 5 3 4 3 5 2 5 2 5 5 9 -4 7 6 4 4 3 4 5 3 4 5 4 4 4 5 5 6 4 6 5 5 0 0 0 0 0 0 0 0 0 0 ]
377,1783414517.599840,12.2054,-77,CSI_DATA,AP,98:F4:AB:29:67:94,-77,11,1,4,1,1,1,0,0,0,0,-96,0,6,1,64721323,0,84,0,0,65.1032,384,[84 -64 4 0 0 0 0 0 0 0 0 0 3 -22 2 -20 3 -21 1 -19 2 -20 2 -18 2 -19 2 -18 0 -19 2 -19 1 -18 1 -17 0 -18 1 -19 0 -16 -2 -19 -1 -14 0 -16 2 -15 1 -15 0 -14 0 -14 0 -13 1 -13 1 -13 -1 -13 0 0 -2 -11 -2 -10 -1 -10 0 -9 -2 -11 0 -8 0 -10 0 -8 0 -8 -1 -7 0 -8 -1 -7 -1 -8 0 -8 0 -9 -1 -7 1 -10 1 -8 2 -7 3 -8 2 -7 2 -8 1 -7 2 -9 3 -8 3 -9 0 0 0 0 0 0 0 0 0 0 ]
378,1783414517.720209,14.1694,-76,CSI_DATA,AP,98:F4:AB:29:67:94,-76,11,1,2,1,1,1,0,0,0,0,-96,0,6,1,64807122,0,84,0,0,65.1892,384,[84 -64 4 0 0 0 0 0 0 0 0 0 23 -10 20 -10 24 -10 21 -10 22 -11 18 -9 19 -11 19 -10 18 -8 17 -9 18 -9 18 -9 17 -11 17 -9 16 -10 18 -11 15 -9 17 -10 14 -8 15 -8 13 -8 14 -8 14 -8 13 -8 14 -9 13 -8 0 0 11 -7 10 -7 10 -6 9 -5 8 -6 8 -5 8 -6 8 -5 9 -5 7 -6 8 -6 7 -5 7 -5 6 -4 9 -6 6 -4 9 -4 8 -4 8 -2 9 -3 9 -1 9 -2 9 -1 8 -2 10 -1 10 0 0 0 0 0 0 0 0 0 0 0 ]
379,1783414517.843661,13.1324,-77,CSI_DATA,AP,98:F4:AB:29:67:94,-77,11,1,4,1,1,1,0,0,0,0,-96,0,6,1,64893622,0,84,0,0,65.2756,384,[84 -64 4 0 0 0 0 0 0 0 0 0 14 19 14 18 14 18 13 20 13 19 12 18 12 17 12 17 12 15 13 16 11 15 13 16 13 16 12 15 12 12 11 14 13 13 12 13 12 12 10 10 10 13 9 13 10 12 9 10 8 10 9 10 0 0 8 8 7 9 9 8 8 8 5 6 6 8 6 6 6 7 6 6 6 5 6 5 3 6 4 8 4 6 6 8 3 6 4 8 4 7 3 6 5 7 3 6 5 10 2 10 3 9 3 9 2 10 0 0 0 0 0 0 0 0 0 0 ]
380,1783414517.965557,13.0398,-76,CSI_DATA,AP,98:F4:AB:29:67:94,-76,11,1,4,1,1,1,0,0,0,0,-96,0,6,1,64986502,0,84,0,0,65.3685,384,[84 -64 4 0 0 0 0 0 0 0 0 0 25 5 21 4 23 4 20 4 25 3 22 4 20 4 21 3 20 1 19 4 19 4 18 4 19 2 19 2 17 3 21 2 16 2 17 1 15 3 16 0 14 2 14 1 14 2 14 3 13 3 14 1 0 0 12 1 13 2 11 1 12 -1 9 2 10 1 8 2 10 0 9 1 8 1 8 0 8 1 9 2 7 1 9 0 8 0 8 2 7 3 8 2 9 3 8 4 7 3 7 6 7 4 10 6 9 6 0 0 0 0 0 0 0 0 0 0 ]
381,1783414518.088638,14.4348,-76,CSI_DATA,AP,98:F4:AB:29:67:94,-76,11,1,4,1,1,1,0,0,0,0,-96,0,6,1,65072185,0,84,0,0,65.4542,384,[84 -64 4 0 0 0 0 0 0 0 0 0 23 -11 21 -10 25 -10 21 -10 21 -9 21 -7 19 -5 19 -9 20 -7 17 -8 19 -11 17 -11 16 -9 16 -10 17 -11 15 -11 17 -9 15 -9 16 -10 15 -6 15 -8 15 -7 12 -6 11 -9 12 -9 11 -8 0 0 9 -6 11 -7 11 -8 10 -6 8 -4 9 -5 9 -4 9 -4 7 -3 7 -6 6 -6 7 -6 6 -6 6 -5 8 -5 8 -5 8 -4 9 -3 8 -4 8 -3 9 -2 9 -2 7 -2 10 -2 9 -3 9 -4 0 0 0 0 0 0 0 0 0 0 ]
382,1783414518.208830,15.8337,-75,CSI_DATA,AP,98:F4:AB:29:67:94,-75,11,1,2,1,1,1,0,0,0,0,-96,0,6,1,65167709,0,84,0,0,65.5498,384,[84 -64 4 0 0 0 0 0 0 0 0 0 -6 -26 -3 -22 -4 -25 -6 -22 -5 -23 -4 -22 -4 -22 -5 -22 -6 -20 -4 -21 -6 -20 -5 -20 -7 -19 -5 -21 -5 -19 -6 -21 -7 -18 -7 -18 -4 -18 -4 -17 -6 -17 -4 -17 -3 -15 -6 -15 -5 -15 -5 -14 0 0 -6 -14 -4 -14 -5 -12 -4 -12 -5 -11 -3 -10 -2 -11 -2 -10 -4 -8 -4 -10 -3 -8 -4 -10 -4 -10 -2 -10 -4 -11 -3 -10 -2 -10 -2 -9 -2 -9 0 -10 0 -9 1 -10 0 -10 -1 -12 -1 -10 -1 -12 0 0 0 0 0 0 0 0 0 0 ]
383,1783414518.331251,16.1755,-76,CSI_DATA,AP,98:F4:AB:29:67:94,-76,11,1,4,1,1,1,0,0,0,0,-96,0,6,1,65252922,0,84,0,0,65.635,384,[84 -64 4 0 0 0 0 0 0 0 0 0 -19 -19 -16 -17 -18 -19 -16 -18 -16 -19 -16 -16 -15 -16 -16 -16 -15 -15 -15 -16 -14 -16 -15 -16 -17 -13 -16 -15 -13 -13 -16 -14 -14 -12 -15 -13 -15 -11 -14 -11 -13 -12 -14 -12 -13 -12 -9 -12 -12 -10 -11 -10 0 0 -12 -10 -11 -9 -9 -7 -10 -7 -8 -8 -9 -7 -8 -8 -8 -8 -9 -7 -8 -7 -8 -6 -7 -6 -8 -6 -7 -6 -8 -6 -6 -7 -7 -9 -7 -6 -5 -8 -5 -9 -7 -7 -5 -9 -6 -8 -5 -10 -7 -10 -5 -12 0 0 0 0 0 0 0 0 0 0 ]
384,1783414518.452897,15.2366,-76,CSI_DATA,AP,98:F4:AB:29:67:94,-76,11,1,4,1,1,1,0,0,0,0,-96,0,6,1,65346067,0,84,0,0,65.7281,384,[84 -64 4 0 0 0 0 0 0 0 0 0 -22 8 -23 10 -22 9 -22 7 -22 10 -20 7 -22 8 -18 8 -19 9 -21 8 -21 7 -18 8 -17 9 -18 8 -17 8 -19 10 -18 9 -16 7 -15 8 -17 7 -17 8 -14 7 -15 7 -14 4 -13 4 -13 6 0 0 -11 5 -13 6 -12 6 -10 6 -9 5 -10 6 -11 4 -9 3 -10 4 -8 3 -10 4 -8 2 -8 3 -8 3 -9 3 -8 2 -11 1 -10 2 -10 1 -10 2 -10 1 -10 0 -9 0 -10 1 -12 0 -12 -1 0 0 0 0 0 0 0 0 0 0 ]
385,1783414518.576678,14.2557,-76,CSI_DATA,AP,98:F4:AB:29:67:94,-76,11,1,4,1,1,1,0,0,0,0,-96,0,6,1,65430738,0,84,0,0,65.8127,384,[84 -64 4 0 0 0 0 0 0 0 0 0 21 12 21 11 18 13 20 12 21 11 16 11 16 12 17 10 18 11 17 11 18 8 17 9 17 10 18 8 15 9 19 11 15 9 16 8 15 9 15 8 14 10 15 8 13 8 12 7 12 7 13 6 0 0 10 6 11 5 9 7 9 6 8 6 8 5 8 5 7 4 9 4 7 1 8 3 8 4 7 4 7 4 7 5 6 4 5 5 5 6 6 7 5 6 4 7 5 7 3 8 4 8 3 9 6 8 0 0 0 0 0 0 0 0 0 0 ]
386,1783414518.696661,13.0579,-76,CSI_DATA,AP,98:F4:AB:29:67:94,-76,11,1,4,1,1,1,0,0,0,0,-96,0,6,1,65525285,0,84,0,0,65.9073,384,[84 -64 4 0 0 0 0 0 0 0 0 0 14 19 15 17 12 19 13 18 13 18 13 19 14 15 12 17 13 16 12 16 11 15 13 14 13 17 11 15 10 12 13 14 12 14 12 13 13 13 11 13 9 12 9 13 9 11 9 11 9 10 9 10 0 0 9 10 8 9 9 10 6 9 5 7 6 9 5 8 6 6 5 8 5 6 5 8 5 6 5 7 4 8 4 8 5 7 4 8 4 8 3 8 3 7 2 8 2 9 1 7 3 9 1 10 3 10 0 0 0 0 0 0 0 0 0 0 ]
387,1783414518.821047,13.5234,-75,CSI_DATA,AP,98:F4:AB:29:67:94,-75,11,1,2,1,1,1,0,0,0,0,-96,0,6,1,65618582,0,84,0,0,66.0006,384,[84 -64 4 0 0 0 0 0 0 0 0 0 -3 24 -2 23 -1 24 -2 22 -2 23 -3 21 -1 21 -3 22 -1 22 -2 21 -1 19 -2 21 -1 20 -1 18 -1 18 -1 22 -1 18 -1 17 -3 17 0 17 -1 17 -1 17 -1 15 -2 15 -1 14 -1 14 0 0 -2 12 0 14 0 13 0 11 -2 10 -1 12 -2 10 -1 10 -2 9 0 8 -1 9 0 8 -2 10 -2 10 -3 10 -2 10 -3 10 -4 8 -3 8 -4 8 -5 9 -5 8 -5 9 -5 9 -6 8 -7 9 0 0 0 0 0 0 0 0 0 0 ]
388,1783414518.943101,14.6975,-77,CSI_DATA,AP,98:F4:AB:29:67:94,-77,11,1,4,1,1,1,0,0,0,0,-96,0,6,1,65702558,0,84,0,0,66.0846,384,[84 -64 4 0 0 0 0 0 0 0 0 0 25 9 21 10 23 8 20 10 21 7 19 9 19 9 20 10 21 7 18 7 18 7 18 7 18 7 18 7 19 6 19 7 18 6 16 5 15 5 16 3 14 6 14 4 14 5 13 6 15 4 14 5 0 0 11 4 12 3 10 3 11 3 10 3 9 3 7 4 9 3 8 4 9 2 8 3 8 4 8 2 9 3 9 3 9 6 8 5 7 4 8 5 6 5 6 6 6 5 7 5 6 7 7 7 8 6 0 0 0 0 0 0 0 0 0 0 ]
389,1783414519.066041,14.6978,-76,CSI_DATA,AP,98:F4:AB:29:67:94,-76,11,1,4,1,1,1,0,0,0,0,-96,0,6,1,65794549,0,84,0,0,66.1766,384,[84 -64 4 0 0 0 0 0 0 0 0 0 -24 -11 -22 -12 -23 -11 -20 -11 -21 -11 -22 -10 -21 -10 -20 -10 -20 -9 -21 -9 -22 -6 -20 -6 -20 -8 -20 -5 -16 -7 -20 -8 -17 -7 -18 -6 -17 -8 -17 -7 -16 -8 -16 -6 -14 -6 -13 -6 -14 -6 -15 -5 0 0 -12 -4 -14 -4 -12 -4 -11 -4 -12 -4 -10 -3 -10 -4 -10 -5 -10 -4 -8 -3 -9 -3 -8 -3 -10 -4 -8 -4 -8 -5 -8 -3 -9 -5 -8 -6 -10 -6 -8 -6 -7 -7 -6 -7 -6 -7 -6 -7 -10 -8 -8 -7 0 0 0 0 0 0 0 0 0 0 ]
390,1783414519.188429,14.4373,-75,CSI_DATA,AP,98:F4:AB:29:67:94,-75,11,1,2,1,1,1,0,0,0,0,-96,0,6,1,65884495,0,84,0,0,66.2665,384,[84 -64 4 0 0 0 0 0 0 0 0 0 -14 10 -14 9 -15 10 -13 10 -15 10 -13 8 -14 8 -12 9 -13 9 -13 9 -12 8 -13 9 -12 10 -12 9 -12 9 -11 10 -10 9 -11 8 -11 7 -9 8 -11 8 -10 8 -9 7 -8 7 -10 6 -9 6 0 0 -8 5 -8 6 -7 6 -7 6 -6 5 -6 4 -6 5 -6 4 -6 4 -5 5 -6 5 -5 3 -7 4 -6 4 -10 1 -4 5 -6 6 -6 3 -7 2 -7 3 -7 2 -7 2 -7 2 -7 3 -8 2 -8 1 0 0 0 0 0 0 0 0 0 0 ]
391,1783414519.308345,14.1010,-77,CSI_DATA,AP,98:F4:AB:29:67:94,-77,11,1,4,1,1,1,0,0,0,0,-96,0,6,1,65971793,0,84,0,0,66.3538,384,[84 -64 4 0 0 0 0 0 0 0 0 0 -21 3 -21 3 -23 5 -20 2 -21 3 -19 3 -19 2 -18 3 -17 2 -20 2 -18 3 -18 3 -18 4 -19 4 -15 4 -18 2 -15 4 -15 3 -17 3 -15 3 -15 4 -14 5 -13 3 -15 4 -13 3 -13 2 0 0 -12 3 -13 4 -11 3 -11 2 -8 2 -10 1 -10 2 -9 2 -9 2 -9 1 -8 1 -8 2 -8 2 -8 2 -9 2 -9 2 -10 1 -8 -2 -10 -1 -9 0 -10 -2 -8 -1 -9 -2 -9 -2 -10 -2 -10 -3 0 0 0 0 0 0 0 0 0 0 ]
392,1783414519.429757,13.5786,-77,CSI_DATA,AP,98:F4:AB:29:67:94,-77,11,1,4,1,1,1,0,0,0,0,-96,0,6,1,66063086,0,84,0,0,66.4452,384,[84 -64 4 0 0 0 0 0 0 0 0 0 21 2 19 2 22 1 19 0 19 1 17 0 17 2 18 2 18 1 18 0 18 0 18 0 17 0 15 1 16 0 17 1 15 -1 16 0 14 1 13 -1 14 1 15 1 12 1 13 0 13 1 13 0 0 0 10 1 10 -1 9 -1 10 1 9 1 9 0 8 0 8 1 8 0 7 1 9 0 8 0 9 2 8 1 8 1 9 1 8 1 7 3 8 3 8 3 6 2 7 3 7 4 8 4 7 4 7 6 0 0 0 0 0 0 0 0 0 0 ]
393,1783414519.551002,14.3291,-77,CSI_DATA,AP,98:F4:AB:29:67:94,-77,11,1,4,1,1,1,0,0,0,0,-96,0,6,1,66152428,0,84,0,0,66.5343,384,[84 -64 4 0 0 0 0 0 0 0 0 0 -21 13 -23 11 -21 12 -19 11 -21 12 -20 10 -20 12 -18 9 -18 11 -17 11 -17 11 -17 12 -16 13 -15 12 -16 10 -18 11 -15 12 -16 10 -15 11 -15 7 -14 9 -13 7 -13 7 -13 8 -13 8 -12 9 0 0 -11 9 -11 8 -11 8 -10 5 -10 4 -9 5 -10 6 -8 4 -8 5 -8 6 -8 6 -7 4 -8 6 -7 5 -10 5 -9 4 -9 3 -10 3 -9 2 -8 2 -10 1 -9 1 -10 1 -12 3 -11 1 -12 2 0 0 0 0 0 0 0 0 0 0 ]
394,1783414519.671263,14.5128,-76,CSI_DATA,AP,98:F4:AB:29:67:94,-76,11,1,4,1,1,1,0,0,0,0,-96,0,6,1,66245305,0,84,0,0,66.6273,384,[84 -64 4 0 0 0 0 0 0 0 0 0 18 -18 18 -17 18 -17 17 -16 19 -15 15 -14 16 -15 15 -17 16 -15 15 -16 12 -16 15 -17 14 -16 13 -17 14 -13 14 -15 12 -14 14 -14 11 -13 11 -12 11 -12 12 -11 11 -13 10 -12 9 -12 8 -12 0 0 8 -11 7 -11 5 -12 8 -10 7 -9 5 -9 5 -10 6 -9 5 -8 4 -9 5 -9 5 -9 5 -6 4 -7 7 -8 6 -6 7 -7 5 -6 5 -6 6 -4 6 -4 6 -7 8 -5 8 -8 7 -6 9 -7 0 0 0 0 0 0 0 0 0 0 ]
395,1783414519.793278,14.9281,-75,CSI_DATA,AP,98:F4:AB:29:67:94,-75,11,1,2,1,1,1,0,0,0,0,-96,0,6,1,66334188,0,84,0,0,66.7162,384,[84 -64 4 0 0 0 0 0 0 0 0 0 6 -23 6 -19 8 -21 5 -20 7 -22 5 -18 6 -18 6 -19 5 -20 6 -19 6 -18 6 -19 5 -20 4 -18 5 -17 4 -18 3 -19 4 -17 2 -16 5 -15 3 -16 4 -14 3 -13 4 -13 2 -15 3 -12 0 0 1 -12 2 -11 1 -11 1 -11 2 -10 1 -9 1 -10 1 -9 1 -9 1 -8 0 -9 1 -8 1 -8 3 -8 1 -8 0 -8 3 -10 3 -7 3 -6 2 -8 4 -8 3 -7 5 -9 4 -8 4 -8 4 -8 0 0 0 0 0 0 0 0 0 0 ]
396,1783414519.913782,13.9707,-77,CSI_DATA,AP,98:F4:AB:29:67:94,-77,11,1,4,1,1,1,0,0,0,0,-96,0,6,1,66421284,0,84,0,0,66.8033,384,[84 -64 4 0 0 0 0 0 0 0 0 0 18 -11 17 -10 17 -13 17 -10 17 -12 15 -10 16 -8 15 -9 16 -11 15 -9 15 -11 16 -10 14 -10 13 -10 14 -10 14 -11 14 -9 12 -8 12 -8 13 -9 12 -9 11 -7 11 -7 11 -8 11 -7 10 -7 0 0 9 -6 9 -8 8 -6 8 -6 6 -6 8 -6 7 -5 7 -5 6 -4 6 -5 7 -4 5 -4 6 -6 6 -4 5 -3 6 -4 7 -4 6 -2 8 -3 8 -2 7 -1 8 -2 8 -1 8 -2 8 -1 9 -1 0 0 0 0 0 0 0 0 0 0 ]
397,1783414520.036879,13.4584,-76,CSI_DATA,AP,98:F4:AB:29:67:94,-76,11,1,4,1,1,1,0,0,0,0,-96,0,6,1,66510693,0,84,0,0,66.8927,384,[84 -64 4 0 0 0 0 0 0 0 0 0 25 0 24 -3 25 -1 23 -1 24 -2 22 -1 21 -2 22 -2 21 -2 21 -3 21 -1 20 1 20 -1 20 0 19 1 21 1 17 0 18 1 16 -1 17 1 16 1 16 -1 15 1 14 -2 13 0 13 -1 0 0 11 1 13 -1 11 1 11 0 8 1 11 0 8 0 9 1 9 2 7 0 9 0 8 0 7 1 7 1 8 2 9 3 9 3 8 3 9 4 7 3 9 3 8 3 8 5 9 5 6 4 7 5 0 0 0 0 0 0 0 0 0 0 ]
398,1783414520.158696,13.5419,-75,CSI_DATA,AP,98:F4:AB:29:67:94,-75,11,1,2,1,1,1,0,0,0,0,-96,0,6,1,66606964,0,84,0,0,66.989,384,[84 -64 4 0 0 0 0 0 0 0 0 0 -22 -5 -21 -4 -23 -4 -22 -2 -19 -4 -19 -4 -22 -5 -17 -3 -19 -2 -19 -2 -20 -4 -20 -5 -17 -4 -18 -5 -15 -4 -22 -1 -20 -2 -15 -2 -14 -2 -16 -1 -15 -3 -15 -3 -15 -4 -14 -3 -13 -4 -14 -2 0 0 -13 -1 -12 -2 -11 -2 -11 -1 -11 -2 -10 -2 -9 -2 -9 -2 -8 -1 -8 -3 -9 -2 -8 -2 -8 -3 -8 -2 -9 -2 -9 -2 -9 -3 -7 -3 -7 -5 -8 -4 -8 -6 -7 -5 -8 -6 -8 -6 -8 -7 -8 -5 0 0 0 0 0 0 0 0 0 0 ]
399,1783414520.279281,12.4757,-77,CSI_DATA,AP,98:F4:AB:29:67:94,-77,11,1,4,1,1,1,0,0,0,0,-96,0,6,1,66692940,0,84,0,0,67.075,384,[84 -64 4 0 0 0 0 0 0 0 0 0 -21 1 -19 2 -23 1 -22 3 -22 3 -17 2 -18 3 -18 2 -18 2 -19 2 -18 1 -18 2 -17 1 -19 2 -17 2 -19 3 -16 3 -16 3 -15 2 -15 3 -15 1 -16 3 -14 1 -13 1 -12 1 -11 0 0 0 -11 2 -13 3 -10 3 -10 1 -9 0 -10 1 -10 1 -8 2 -8 1 -8 1 -8 0 -8 1 -7 2 -7 1 -8 -1 -8 -1 -8 -1 -8 0 -9 -1 -9 -1 -9 -1 -7 0 -8 -2 -10 -2 -9 -3 -9 -3 0 0 0 0 0 0 0 0 0 0 ]
400,1783414520.402460,13.7589,-77,CSI_DATA,AP,98:F4:AB:29:67:94,-77,11,1,4,1,1,1,0,0,0,0,-96,0,6,1,66786385,0,84,0,0,67.1684,384,[84 -64 4 0 0 0 0 0 0 0 0 0 -21 -13 -22 -13 -20 -14 -18 -12 -22 -13 -18 -13 -19 -14 -19 -13 -18 -13 -18 -11 -20 -11 -18 -11 -20 -12 -16 -11 -16 -10 -19 -9 -16 -11 -14 -9 -14 -13 -13 -10 -14 -9 -13 -7 -12 -9 -14 -8 -12 -10 -13 -7 0 0 -12 -9 -13 -6 -12 -7 -11 -7 -7 -5 -9 -7 -9 -7 -9 -5 -8 -6 -8 -5 -8 -4 -8 -5 -9 -6 -8 -5 -8 -5 -9 -7 -7 -8 -7 -6 -8 -7 -7 -8 -5 -6 -5 -8 -4 -7 -6 -8 -6 -8 -6 -9 0 0 0 0 0 0 0 0 0 0 ]
401,1783414520.522742,14.4450,-77,CSI_DATA,AP,98:F4:AB:29:67:94,-77,11,1,4,1,1,1,0,0,0,0,-96,0,6,1,66872439,0,84,0,0,67.2544,384,[84 -64 4 0 0 0 0 0 0 0 0 0 16 20 13 19 15 19 14 20 13 19 13 15 13 18 12 17 11 17 13 17 12 15 13 16 10 15 13 15 9 15 13 16 10 13 9 14 10 14 9 14 8 13 8 12 9 10 8 11 9 12 9 9 0 0 8 10 8 9 7 9 7 8 6 7 5 9 6 7 4 6 5 8 4 5 5 5 5 6 4 8 7 5 6 7 4 7 4 9 3 7 4 7 2 7 2 6 2 8 2 9 3 7 0 10 3 10 0 0 0 0 0 0 0 0 0 0 ]
402,1783414520.644866,13.7888,-77,CSI_DATA,AP,98:F4:AB:29:67:94,-77,11,1,4,1,1,1,0,0,0,0,-96,0,6,1,66961906,0,84,0,0,67.3439,384,[84 -64 4 0 0 0 0 0 0 0 0 0 13 15 13 14 12 15 13 14 13 14 12 15 13 14 11 14 10 13 11 14 12 13 10 15 10 12 12 12 11 11 11 11 10 11 10 11 8 10 10 10 9 11 9 10 8 9 8 9 8 10 8 8 0 0 7 7 8 7 7 8 7 8 5 7 5 6 5 6 6 6 6 6 6 5 4 4 4 4 4 4 5 5 6 6 4 6 5 6 4 6 4 6 3 6 3 6 3 7 3 8 3 7 2 9 3 8 0 0 0 0 0 0 0 0 0 0 ]
403,1783414520.765269,15.0066,-77,CSI_DATA,AP,98:F4:AB:29:67:94,-77,11,1,4,1,1,1,0,0,0,0,-96,0,6,1,67050966,0,84,0,0,67.433,384,[84 -64 4 0 0 0 0 0 0 0 0 0 10 -22 10 -21 11 -22 9 -20 10 -23 10 -20 9 -21 10 -20 8 -21 11 -21 8 -18 8 -19 8 -18 10 -18 8 -17 7 -19 7 -18 7 -18 7 -15 7 -14 7 -16 7 -15 8 -16 5 -14 8 -13 5 -13 0 0 6 -13 5 -11 4 -10 5 -11 4 -9 4 -10 5 -9 3 -7 5 -8 2 -9 3 -8 3 -8 2 -8 2 -7 4 -8 3 -8 6 -9 4 -6 4 -6 5 -7 6 -6 6 -8 8 -7 6 -8 5 -6 7 -7 0 0 0 0 0 0 0 0 0 0 ]
404,1783414520.888265,15.8374,-76,CSI_DATA,AP,98:F4:AB:29:67:94,-76,11,1,4,1,1,1,0,0,0,0,-96,0,6,1,67140876,0,84,0,0,67.5229,384,[84 -64 4 0 0 0 0 0 0 0 0 0 -19 -17 -19 -18 -17 -16 -19 -17 -16 -16 -17 -15 -16 -15 -16 -15 -15 -14 -15 -14 -16 -13 -16 -14 -14 -14 -15 -12 -17 -12 -17 -14 -16 -13 -16 -11 -13 -11 -13 -13 -15 -10 -14 -11 -11 -10 -11 -8 -13 -9 -11 -8 0 0 -11 -9 -12 -9 -10 -7 -10 -6 -8 -7 -9 -7 -9 -7 -7 -8 -7 -6 -8 -5 -9 -4 -8 -4 -7 -4 -8 -3 -6 -5 -8 -7 -7 -6 -7 -7 -6 -7 -6 -6 -6 -7 -6 -7 -5 -7 -5 -7 -7 -9 -6 -9 0 0 0 0 0 0 0 0 0 0 ]
405,1783414521.009259,15.6562,-76,CSI_DATA,AP,98:F4:AB:29:67:94,-76,11,1,4,1,1,1,0,0,0,0,-96,0,6,1,67230743,0,84,0,0,67.6128,384,[84 -64 4 0 0 0 0 0 0 0 0 0 -25 -9 -23 -8 -23 -8 -21 -7 -23 -8 -19 -9 -20 -9 -19 -9 -20 -7 -20 -8 -19 -9 -21 -8 -19 -9 -19 -7 -20 -8 -18 -8 -18 -6 -19 -6 -16 -8 -16 -7 -15 -6 -16 -8 -14 -6 -15 -7 -14 -5 -13 -5 0 0 -13 -6 -12 -5 -12 -5 -11 -3 -10 -4 -11 -7 -10 -3 -8 -4 -8 -5 -8 -2 -9 -5 -7 -4 -7 -5 -8 -5 -9 -4 -6 -6 -7 -5 -8 -5 -7 -6 -7 -7 -7 -5 -5 -7 -5 -6 -7 -8 -6 -8 -7 -7 0 0 0 0 0 0 0 0 0 0 ]
406,1783414521.130907,16.1938,-76,CSI_DATA,AP,98:F4:AB:29:67:94,-76,11,1,4,1,1,1,0,0,0,0,-96,0,6,1,67325140,0,84,0,0,67.7072,384,[84 -64 4 0 0 0 0 0 0 0 0 0 20 -15 17 -13 19 -13 17 -12 20 -13 17 -13 17 -13 18 -12 17 -14 18 -13 18 -13 18 -13 18 -13 16 -13 15 -11 15 -13 14 -12 14 -11 14 -11 14 -10 13 -10 13 -10 12 -9 14 -8 14 -9 11 -8 0 0 10 -9 10 -10 9 -7 9 -8 8 -5 8 -7 8 -5 7 -6 7 -6 5 -5 6 -5 6 -5 7 -6 7 -6 7 -5 7 -5 7 -4 9 -4 9 -4 7 -2 7 -2 9 -3 9 -3 8 -3 8 -4 10 -4 0 0 0 0 0 0 0 0 0 0 ]
407,1783414521.251459,15.0404,-77,CSI_DATA,AP,98:F4:AB:29:67:94,-77,11,1,4,1,1,1,0,0,0,0,-96,0,6,1,67412587,0,84,0,0,67.7946,384,[84 -64 4 0 0 0 0 0 0 0 0 0 -15 22 -13 21 -15 20 -11 18 -12 20 -11 20 -11 19 -11 18 -10 19 -11 17 -9 16 -11 18 -11 17 -11 17 -9 17 -10 19 -9 17 -8 15 -9 15 -10 14 -8 12 -10 14 -9 12 -7 13 -7 12 -7 12 0 0 -6 10 -7 11 -6 10 -6 10 -5 9 -6 9 -6 8 -5 6 -5 9 -5 9 -4 7 -4 7 -6 7 -6 6 -5 6 -5 5 -6 6 -6 6 -7 6 -8 6 -7 5 -6 5 -9 4 -10 5 -10 6 -11 6 0 0 0 0 0 0 0 0 0 0 ]
408,1783414521.372088,14.2440,-76,CSI_DATA,AP,98:F4:AB:29:67:94,-76,11,1,4,1,1,1,0,0,0,0,-96,0,6,1,67501692,0,84,0,0,67.8837,384,[84 -64 4 0 0 0 0 0 0 0 0 0 -6 -24 -4 -25 -6 -23 -5 -25 -5 -23 -4 -24 -3 -23 -4 -21 -6 -20 -5 -21 -7 -21 -5 -21 -7 -21 -6 -21 -4 -19 -7 -20 -7 -19 -7 -20 -5 -18 -5 -16 -6 -17 -4 -18 -6 -16 -4 -15 -5 -13 -5 -14 0 0 -5 -14 -5 -13 -4 -13 -4 -12 -2 -10 -3 -11 -2 -11 -4 -9 -4 -9 -4 -9 -5 -9 -4 -10 -4 -10 -2 -9 -3 -9 -4 -8 -3 -10 -1 -8 0 -11 0 -11 -1 -10 0 -9 -1 -10 1 -10 0 -10 0 -11 0 0 0 0 0 0 0 0 0 0 ]
409,1783414521.494368,14.5839,-76,CSI_DATA,AP,98:F4:AB:29:67:94,-76,11,1,4,1,1,1,0,0,0,0,-96,0,6,1,67591358,0,84,0,0,67.9733,384,[84 -64 4 0 0 0 0 0 0 0 0 0 19 -16 17 -15 18 -17 18 -15 19 -15 16 -15 19 -12 16 -14 17 -13 16 -13 13 -14 15 -16 16 -14 15 -14 14 -13 16 -12 13 -14 14 -14 12 -13 14 -13 14 -12 13 -11 11 -11 11 -13 11 -11 8 -9 0 0 10 -11 10 -10 9 -7 10 -8 8 -6 10 -8 8 -7 6 -8 8 -7 8 -6 6 -6 6 -6 8 -6 7 -6 7 -6 6 -4 7 -5 9 -4 7 -3 8 -5 9 -2 8 -4 8 -3 8 -3 10 -4 10 -4 0 0 0 0 0 0 0 0 0 0 ]
410,1783414521.616648,14.4766,-77,CSI_DATA,AP,98:F4:AB:29:67:94,-77,11,1,4,1,1,1,0,0,0,0,-96,0,6,1,67687538,0,84,0,0,68.0696,384,[84 -64 4 0 0 0 0 0 0 0 0 0 1 25 1 21 1 25 0 24 0 22 1 19 0 19 0 21 0 19 1 23 1 20 1 20 1 19 0 19 2 18 2 20 2 18 2 18 0 15 1 17 1 15 0 17 0 15 0 14 2 14 0 14 0 0 1 13 1 15 0 13 -1 12 1 10 -1 12 -2 10 -1 10 2 12 1 9 1 9 0 8 0 10 0 9 0 9 0 9 -2 10 -1 9 -4 9 -1 8 -3 8 -4 9 -3 8 -4 9 -2 11 -3 10 0 0 0 0 0 0 0 0 0 0 ]
411,1783414521.737852,13.8354,-76,CSI_DATA,AP,98:F4:AB:29:67:94,-76,11,1,4,1,1,1,0,0,0,0,-96,0,6,1,67770682,0,84,0,0,68.1527,384,[84 -64 4 0 0 0 0 0 0 0 0 0 10 22 9 23 11 24 9 21 10 22 9 20 9 19 7 21 9 20 7 20 8 17 9 19 9 17 10 19 8 17 10 18 10 17 9 15 7 16 8 15 7 13 7 13 6 15 6 14 7 12 7 12 0 0 6 11 7 12 5 11 6 8 5 8 5 8 4 8 5 10 5 8 5 9 4 6 5 7 4 8 3 7 4 8 4 8 4 9 3 10 2 8 2 8 0 8 2 9 1 11 2 9 1 9 1 11 0 0 0 0 0 0 0 0 0 0 ]
412,1783414521.861663,13.9302,-75,CSI_DATA,AP,98:F4:AB:29:67:94,-75,11,1,2,1,1,1,0,0,0,0,-96,0,6,1,67862078,0,84,0,0,68.2441,384,[84 -64 4 0 0 0 0 0 0 0 0 0 -12 -20 -12 -17 -12 -19 -10 -19 -11 -19 -10 -18 -10 -17 -9 -17 -10 -19 -9 -17 -10 -16 -11 -17 -11 -17 -11 -16 -9 -15 -11 -18 -10 -15 -10 -15 -8 -14 -8 -15 -7 -13 -8 -13 -8 -13 -7 -12 -7 -13 -7 -11 0 0 -6 -11 -8 -10 -7 -9 -7 -10 -5 -9 -5 -10 -5 -9 -4 -8 -4 -8 -6 -8 -6 -8 -4 -7 -4 -7 -5 -8 -5 -8 -4 -8 -4 -8 -3 -8 -3 -9 -3 -8 -1 -9 -1 -9 -1 -10 -2 -10 -2 -12 -2 -11 0 0 0 0 0 0 0 0 0 0 ]
413,1783414521.981738,13.8840,-76,CSI_DATA,AP,98:F4:AB:29:67:94,-76,11,1,4,1,1,1,0,0,0,0,-96,0,6,1,67950816,0,84,0,0,68.3328,384,[84 -64 4 0 0 0 0 0 0 0 0 0 17 20 15 18 16 18 15 17 15 16 15 15 13 16 13 14 15 15 12 17 14 16 14 15 13 17 14 14 13 14 13 16 12 14 11 13 11 14 10 11 11 11 9 12 10 11 9 10 8 11 10 10 0 0 9 10 8 10 6 8 8 8 4 8 7 7 4 9 6 6 5 7 5 7 5 6 5 5 5 7 5 6 4 7 4 6 5 7 3 6 3 7 2 7 3 7 2 8 3 9 2 9 3 9 2 9 0 0 0 0 0 0 0 0 0 0 ]
414,1783414522.105370,13.6224,-76,CSI_DATA,AP,98:F4:AB:29:67:94,-76,11,1,4,1,1,1,0,0,0,0,-96,0,6,1,68041865,0,84,0,0,68.4239,384,[84 -64 4 0 0 0 0 0 0 0 0 0 -6 20 -4 18 -7 21 -6 18 -6 20 -4 18 -5 18 -4 17 -3 19 -5 16 -6 17 -5 16 -4 18 -4 17 -5 16 -4 19 -4 16 -4 15 -5 15 -4 14 -5 14 -5 15 -3 14 -3 11 -6 12 -2 11 0 0 -3 11 -4 13 -3 11 -2 10 -4 7 -4 9 -3 8 -3 7 -1 6 -2 9 -2 7 -2 8 -3 7 -3 7 -3 7 -3 5 -4 8 -4 6 -4 6 -5 7 -5 6 -4 8 -4 7 -6 6 -4 7 -6 6 0 0 0 0 0 0 0 0 0 0 ]
415,1783414522.227333,13.6897,-75,CSI_DATA,AP,98:F4:AB:29:67:94,-75,11,1,2,1,1,1,0,0,0,0,-96,0,6,1,68132833,0,84,0,0,68.5149,384,[84 -64 4 0 0 0 0 0 0 0 0 0 -11 17 -5 15 -10 20 -11 25 -8 22 -10 19 -13 15 -13 17 -5 17 -6 19 -9 16 -6 18 -8 14 -8 13 -3 21 -10 19 -9 11 -12 17 -7 14 2 10 -10 14 -5 14 0 16 -6 13 -5 13 -5 9 0 0 -1 11 -3 12 -2 11 1 12 -2 8 -2 11 -2 6 -2 8 -4 7 -1 7 -1 7 -1 7 -2 7 -3 7 -2 7 -4 7 -5 7 -4 6 -4 6 -4 6 -4 7 -5 7 -4 7 -4 9 -5 7 -6 8 0 0 0 0 0 0 0 0 0 0 ]
416,1783414522.352297,14.0519,-76,CSI_DATA,AP,98:F4:AB:29:67:94,-76,11,1,4,1,1,1,0,0,0,0,-96,0,6,1,68220821,0,84,0,0,68.6029,384,[84 -64 4 0 0 0 0 0 0 0 0 0 -15 15 -13 15 -17 14 -15 15 -16 15 -16 13 -14 14 -13 10 -15 13 -14 12 -13 14 -13 14 -14 13 -12 14 -12 12 -12 13 -12 13 -10 12 -11 11 -11 12 -11 11 -11 10 -10 9 -10 10 -10 10 -9 9 0 0 -8 10 -7 9 -7 9 -8 8 -8 7 -7 7 -8 6 -7 7 -6 5 -7 6 -7 6 -5 6 -5 6 -5 5 -6 5 -7 5 -8 4 -7 3 -8 4 -7 2 -8 2 -7 4 -9 3 -8 4 -8 4 -7 3 0 0 0 0 0 0 0 0 0 0 ]
417,1783414522.471993,13.9051,-76,CSI_DATA,AP,98:F4:AB:29:67:94,-76,11,1,4,1,1,1,0,0,0,0,-96,0,6,1,68315167,0,84,0,0,68.6972,384,[84 -64 4 0 0 0 0 0 0 0 0 0 4 24 1 23 3 26 1 23 5 22 3 22 1 22 2 23 6 20 4 21 4 22 4 18 4 19 4 20 4 19 4 21 5 17 3 18 3 19 4 16 0 18 3 15 2 13 2 14 2 14 4 13 0 0 4 13 2 13 2 12 1 12 0 10 2 10 0 10 2 10 2 8 2 7 0 8 2 7 1 8 2 8 1 9 -1 8 1 8 1 8 1 8 -1 8 -3 9 -1 9 -1 9 -4 9 -2 8 -3 10 0 0 0 0 0 0 0 0 0 0 ]
418,1783414522.595728,15.2321,-76,CSI_DATA,AP,98:F4:AB:29:67:94,-76,11,1,4,1,1,1,0,0,0,0,-96,0,6,1,68404260,0,84,0,0,68.7862,384,[84 -64 4 0 0 0 0 0 0 0 0 0 -27 -1 -24 0 -25 4 -25 0 -25 1 -24 2 -24 1 -22 0 -23 0 -22 1 -23 1 -20 0 -21 1 -20 1 -20 -1 -22 0 -19 1 -21 1 -18 0 -18 1 -18 0 -18 1 -17 -1 -17 0 -16 -1 -14 0 0 0 -15 1 -14 0 -12 -1 -13 -1 -12 0 -11 0 -11 -1 -10 0 -10 -2 -9 0 -10 -1 -10 0 -9 0 -8 -1 -10 -2 -9 -2 -9 -3 -10 -1 -8 -3 -10 -3 -10 -3 -9 -2 -8 -6 -8 -4 -10 -5 -9 -5 0 0 0 0 0 0 0 0 0 0 ]
419,1783414522.717497,14.7960,-77,CSI_DATA,AP,98:F4:AB:29:67:94,-77,11,1,4,1,1,1,0,0,0,0,-96,0,6,1,68490687,0,84,0,0,68.8727,384,[84 -64 4 0 0 0 0 0 0 0 0 0 -6 -21 -6 -21 -6 -22 -5 -20 -6 -20 -5 -20 -6 -20 -4 -20 -6 -20 -5 -20 -7 -18 -7 -18 -6 -18 -6 -17 -4 -17 -6 -18 -7 -17 -4 -15 -5 -15 -4 -16 -3 -15 -4 -14 -6 -14 -3 -14 -4 -13 -3 -13 0 0 -5 -13 -3 -11 -3 -10 -3 -9 -2 -10 -3 -10 -4 -9 -3 -8 -4 -8 -5 -7 -3 -8 -3 -8 -3 -7 -2 -7 -3 -8 -3 -8 -1 -9 -2 -8 0 -7 -2 -7 0 -8 1 -8 0 -9 0 -9 -1 -9 0 -9 0 0 0 0 0 0 0 0 0 0 ]
420,1783414522.842174,15.2496,-76,CSI_DATA,AP,98:F4:AB:29:67:94,-76,11,1,4,1,1,1,0,0,0,0,-96,0,6,1,68582626,0,84,0,0,68.9646,384,[84 -64 4 0 0 0 0 0 0 0 0 0 26 -6 24 -4 26 -5 23 -6 21 -6 21 -5 22 -6 21 -4 20 -8 21 -5 21 -3 20 -7 21 -6 21 -6 18 -6 20 -6 18 -7 18 -6 17 -5 17 -5 17 -3 15 -4 15 -4 15 -4 15 -4 14 -5 0 0 11 -5 12 -5 12 -4 11 -3 10 -3 10 -4 10 -1 6 -4 8 -4 8 -3 8 -3 8 -3 7 -3 9 -2 8 -3 9 -3 9 -2 8 -2 8 0 8 -2 9 0 9 0 9 0 11 0 10 0 10 1 0 0 0 0 0 0 0 0 0 0 ]
421,1783414522.972417,15.3052,-76,CSI_DATA,AP,98:F4:AB:29:67:94,-76,11,1,4,1,1,1,0,0,0,0,-96,0,6,1,68673895,0,84,0,0,69.0559,384,[84 -64 4 0 0 0 0 0 0 0 0 0 0 22 -1 21 -1 24 -2 19 -1 19 -1 19 -1 18 -1 20 1 19 -1 19 1 17 0 19 0 19 2 17 1 16 0 17 0 16 2 17 1 15 1 14 0 13 1 15 1 14 1 13 0 15 0 13 0 0 1 12 1 13 1 11 1 10 -1 9 0 10 0 11 1 7 -1 9 1 7 2 9 0 8 0 8 0 9 0 7 0 7 0 8 -3 7 -2 7 -2 7 -3 8 -3 8 -2 9 -3 7 -3 9 -4 9 0 0 0 0 0 0 0 0 0 0 ]
422,1783414523.105815,14.6897,-76,CSI_DATA,AP,98:F4:AB:29:67:94,-76,11,1,4,1,1,1,0,0,0,0,-96,0,6,1,68763597,0,84,0,0,69.1456,384,[84 -64 4 0 0 0 0 0 0 0 0 0 -22 -8 -19 -5 -22 -8 -19 -6 -21 -6 -19 -7 -19 -6 -17 -7 -18 -4 -20 -8 -18 -6 -19 -7 -17 -6 -18 -7 -15 -5 -19 -6 -16 -3 -17 -5 -16 -4 -14 -5 -16 -3 -14 -4 -15 -5 -12 -4 -13 -5 -14 -4 0 0 -11 -3 -13 -4 -10 -4 -12 -2 -10 -2 -9 -4 -10 -3 -9 -4 -8 -2 -10 -3 -8 -3 -7 -4 -9 -3 -8 -2 -8 -5 -7 -3 -7 -5 -7 -5 -7 -5 -7 -5 -8 -5 -7 -5 -8 -7 -7 -6 -8 -7 -7 -7 0 0 0 0 0 0 0 0 0 0 ]
423,1783414523.227373,15.3759,-76,CSI_DATA,AP,98:F4:AB:29:67:94,-76,11,1,4,1,1,1,0,0,0,0,-96,0,6,1,68852453,0,84,0,0,69.2345,384,[84 -64 4 0 0 0 0 0 0 0 0 0 -22 2 -22 3 -22 3 -22 2 -20 1 -20 1 -21 2 -20 0 -19 1 -19 2 -18 3 -19 3 -19 4 -21 2 -16 3 -18 3 -16 3 -16 3 -15 2 -17 2 -14 3 -15 2 -14 2 -13 1 -16 3 -14 1 0 0 -13 1 -11 4 -10 2 -10 2 -9 0 -10 1 -10 3 -10 0 -9 2 -7 2 -9 2 -7 1 -7 1 -8 2 -9 -1 -6 0 -9 -1 -8 0 -8 -1 -9 -1 -8 0 -7 -1 -9 -1 -9 -2 -8 -3 -10 -2 0 0 0 0 0 0 0 0 0 0 ]
424,1783414523.347801,15.8494,-76,CSI_DATA,AP,98:F4:AB:29:67:94,-76,11,1,4,1,1,1,0,0,0,0,-96,0,6,1,68942326,0,84,0,0,69.3243,384,[84 -64 4 0 0 0 0 0 0 0 0 0 -12 23 -11 21 -13 21 -11 21 -11 21 -10 19 -10 21 -11 19 -11 19 -11 17 -11 19 -8 19 -9 20 -9 20 -8 17 -6 18 -6 19 -8 18 -8 16 -8 14 -6 17 -7 13 -7 14 -7 15 -6 15 -5 11 0 0 -5 12 -5 14 -4 12 -4 10 -4 10 -4 10 -4 10 -4 8 -4 8 -4 8 -3 8 -5 7 -3 8 -4 8 -4 8 -4 8 -3 9 -5 5 -5 7 -7 7 -5 7 -7 7 -6 6 -8 8 -7 7 -8 6 0 0 0 0 0 0 0 0 0 0 ]
425,1783414523.471658,15.8938,-76,CSI_DATA,AP,98:F4:AB:29:67:94,-76,11,1,4,1,1,1,0,0,0,0,-96,0,6,1,69030430,0,84,0,0,69.4125,384,[84 -64 4 0 0 0 0 0 0 0 0 0 16 -20 15 -18 16 -20 16 -17 15 -18 13 -17 14 -17 14 -18 15 -17 14 -18 13 -17 13 -16 12 -17 12 -16 11 -14 14 -14 11 -15 12 -15 11 -13 11 -14 11 -14 11 -13 10 -11 11 -12 10 -12 8 -11 0 0 9 -10 8 -10 9 -9 8 -9 7 -9 8 -8 8 -8 6 -8 6 -7 5 -6 6 -7 6 -7 5 -6 5 -6 6 -6 7 -7 7 -5 6 -5 6 -5 7 -6 9 -4 8 -4 10 -4 9 -4 9 -3 10 -4 0 0 0 0 0 0 0 0 0 0 ]
426,1783414523.593494,15.8050,-76,CSI_DATA,AP,98:F4:AB:29:67:94,-76,11,1,4,1,1,1,0,0,0,0,-96,0,6,1,69124361,0,84,0,0,69.5063,384,[84 -64 4 0 0 0 0 0 0 0 0 0 -2 21 0 20 -2 21 -2 21 -3 20 -2 18 -1 19 -2 18 0 18 -3 19 1 17 -1 17 -1 17 -1 18 0 17 1 18 0 17 -1 16 -2 13 -2 14 0 14 -1 13 0 14 0 13 1 12 0 11 0 0 -1 12 1 11 -1 11 0 8 -1 9 1 9 -2 9 -2 9 -1 8 -1 8 1 6 0 8 -2 7 -1 7 -2 7 -2 7 -2 7 -3 6 -3 7 -3 7 -3 6 -3 8 -4 6 -3 7 -5 7 -5 8 0 0 0 0 0 0 0 0 0 0 ]
427,1783414523.715653,14.2810,-77,CSI_DATA,AP,98:F4:AB:29:67:94,-77,11,1,4,1,1,1,0,0,0,0,-96,0,6,1,69211256,0,84,0,0,69.5933,384,[84 -64 4 0 0 0 0 0 0 0 0 0 -19 12 -16 11 -20 12 -19 10 -17 11 -16 9 -16 10 -16 11 -15 11 -16 12 -13 11 -15 11 -15 10 -14 11 -12 9 -13 11 -11 10 -12 10 -12 9 -12 8 -11 8 -12 9 -11 7 -11 8 -11 7 -10 7 0 0 -9 7 -10 8 -7 6 -8 8 -7 6 -8 5 -6 6 -7 6 -7 5 -6 5 -7 4 -6 5 -6 4 -7 5 -7 5 -5 5 -8 5 -8 5 -8 2 -7 3 -9 2 -7 2 -9 4 -8 3 -8 2 -9 3 0 0 0 0 0 0 0 0 0 0 ]
428,1783414523.838964,14.5596,-75,CSI_DATA,AP,98:F4:AB:29:67:94,-75,11,1,2,1,1,1,0,0,0,0,-96,0,6,1,69305971,0,84,0,0,69.688,384,[84 -64 4 0 0 0 0 0 0 0 0 0 25 4 23 5 25 4 22 5 25 5 20 5 22 4 20 4 19 5 21 3 22 3 21 4 19 3 19 3 18 2 21 2 17 2 19 1 16 0 16 1 16 2 16 0 15 2 15 1 15 2 14 1 0 0 13 1 13 1 11 0 12 0 11 0 11 2 12 -1 10 1 10 0 10 1 10 0 8 -1 9 1 7 0 10 0 9 1 10 3 7 1 9 2 7 3 7 4 8 4 8 4 8 3 9 5 9 4 0 0 0 0 0 0 0 0 0 0 ]
429,1783414523.961007,14.1143,-76,CSI_DATA,AP,98:F4:AB:29:67:94,-76,11,1,4,1,1,1,0,0,0,0,-96,0,6,1,69392813,0,84,0,0,69.7748,384,[84 -64 4 0 0 0 0 0 0 0 0 0 24 7 23 5 24 8 21 7 22 8 21 7 23 7 20 6 19 3 21 6 21 5 20 6 18 4 19 6 16 3 21 5 16 2 17 3 17 2 16 2 16 4 14 4 15 4 12 4 14 4 12 2 0 0 11 2 12 3 11 1 11 1 10 0 11 1 10 1 10 3 9 1 10 0 8 2 8 1 9 2 8 1 9 1 8 1 9 2 6 4 7 2 7 3 7 4 8 4 6 5 9 4 7 5 8 6 0 0 0 0 0 0 0 0 0 0 ]
430,1783414524.082435,13.5987,-77,CSI_DATA,AP,98:F4:AB:29:67:94,-77,11,1,4,1,1,1,0,0,0,0,-96,0,6,1,69483386,0,84,0,0,69.8654,384,[84 -64 4 0 0 0 0 0 0 0 0 0 -19 -10 -18 -9 -21 -11 -19 -10 -17 -10 -18 -9 -17 -9 -16 -10 -18 -9 -17 -8 -17 -9 -16 -10 -16 -7 -17 -7 -16 -7 -16 -8 -14 -6 -15 -6 -14 -6 -14 -6 -14 -6 -14 -7 -12 -6 -13 -7 -12 -6 -11 -4 0 0 -11 -6 -10 -4 -10 -5 -10 -4 -8 -4 -9 -4 -9 -5 -7 -4 -8 -4 -9 -3 -9 -4 -7 -5 -6 -4 -7 -2 -8 -5 -8 -4 -6 -6 -6 -6 -6 -5 -8 -6 -6 -6 -6 -4 -7 -7 -5 -6 -6 -7 -7 -7 0 0 0 0 0 0 0 0 0 0 ]
431,1783414524.203035,12.6665,-76,CSI_DATA,AP,98:F4:AB:29:67:94,-76,11,1,2,1,1,1,0,0,0,0,-96,0,6,1,69577254,0,84,0,0,69.9593,384,[84 -64 4 0 0 0 0 0 0 0 0 0 21 8 18 6 20 6 18 6 19 8 17 7 16 7 17 8 17 6 17 7 17 7 16 5 17 6 17 5 14 7 17 7 14 5 16 5 13 5 14 6 13 5 12 6 11 5 11 5 12 4 10 4 0 0 10 4 11 3 10 3 9 3 8 3 8 2 7 4 6 3 6 2 9 2 6 2 6 3 7 2 6 3 7 3 6 3 6 5 5 3 6 5 6 4 4 5 5 6 5 6 6 6 5 7 5 7 0 0 0 0 0 0 0 0 0 0 ]
432,1783414524.325753,12.6754,-76,CSI_DATA,AP,98:F4:AB:29:67:94,-76,11,1,4,1,1,1,0,0,0,0,-96,0,6,1,69661864,0,84,0,0,70.0439,384,[84 -64 4 0 0 0 0 0 0 0 0 0 22 -12 22 -12 22 -13 22 -11 22 -10 20 -8 20 -9 19 -11 19 -9 18 -9 16 -11 17 -11 17 -11 16 -10 15 -7 17 -9 15 -9 17 -9 14 -6 15 -7 15 -8 15 -8 13 -7 13 -7 12 -6 12 -6 0 0 12 -6 12 -8 10 -6 8 -7 9 -5 10 -4 10 -4 7 -6 9 -3 9 -6 8 -6 6 -5 7 -4 8 -4 7 -4 8 -4 9 -4 6 -4 8 -2 7 -2 7 0 8 0 10 0 7 1 10 -1 10 -2 0 0 0 0 0 0 0 0 0 0 ]
433,1783414524.448160,13.4448,-76,CSI_DATA,AP,98:F4:AB:29:67:94,-76,11,1,4,1,1,1,0,0,0,0,-96,0,6,1,69750805,0,84,0,0,70.1328,384,[84 -64 4 0 0 0 0 0 0 0 0 0 13 20 14 21 13 22 11 20 11 20 10 17 13 18 11 17 12 18 10 16 11 16 11 17 11 16 11 16 9 16 12 16 8 14 10 15 11 12 9 12 11 13 8 12 7 12 7 12 7 12 7 11 0 0 7 10 8 11 6 9 7 9 4 8 5 6 6 8 5 6 4 5 4 7 5 5 4 6 4 6 5 5 4 7 4 7 5 8 2 7 4 6 3 6 3 6 3 7 2 9 3 10 2 8 2 10 0 0 0 0 0 0 0 0 0 0 ]
434,1783414524.569426,15.3171,-76,CSI_DATA,AP,98:F4:AB:29:67:94,-76,11,1,4,1,1,1,0,0,0,0,-96,0,6,1,69844990,0,84,0,0,70.227,384,[84 -64 4 0 0 0 0 0 0 0 0 0 4 -24 3 -25 3 -25 3 -23 4 -25 2 -23 4 -22 2 -21 1 -20 3 -21 2 -23 3 -21 3 -21 2 -20 1 -20 -1 -20 0 -18 1 -20 3 -16 2 -16 3 -18 1 -17 1 -15 1 -15 4 -16 3 -13 0 0 0 -15 1 -14 1 -13 1 -11 2 -10 2 -11 1 -10 1 -11 0 -9 0 -10 0 -11 1 -11 1 -11 1 -9 3 -8 3 -8 4 -8 1 -7 3 -8 4 -7 3 -8 4 -9 3 -8 5 -8 4 -9 5 -9 0 0 0 0 0 0 0 0 0 0 ]
435,1783414524.690775,15.8082,-77,CSI_DATA,AP,98:F4:AB:29:67:94,-77,11,1,4,1,1,1,0,0,0,0,-96,0,6,1,69934809,0,84,0,0,70.3168,384,[84 -64 4 0 0 0 0 0 0 0 0 0 -26 -3 -24 -2 -25 -1 -23 -3 -24 -3 -23 -3 -22 -2 -21 -4 -22 -4 -22 -1 -22 -3 -21 0 -21 -2 -21 -1 -18 0 -21 0 -19 0 -19 0 -18 -2 -18 -1 -17 -2 -16 -1 -17 -1 -16 -2 -15 -3 -14 -1 0 0 -15 -1 -14 -1 -13 -1 -12 -1 -10 -1 -9 -2 -10 -1 -11 -2 -10 -1 -10 -2 -10 -2 -9 0 -8 -2 -10 -1 -10 -3 -8 -1 -10 -3 -9 -3 -7 -3 -8 -4 -8 -4 -9 -3 -10 -6 -9 -5 -10 -6 -11 -5 0 0 0 0 0 0 0 0 0 0 ]
436,1783414524.813171,15.1812,-76,CSI_DATA,AP,98:F4:AB:29:67:94,-76,11,1,4,1,1,1,0,0,0,0,-96,0,6,1,70025077,0,84,0,0,70.4071,384,[84 -64 4 0 0 0 0 0 0 0 0 0 -12 21 -13 20 -11 22 -12 20 -12 22 -10 20 -12 18 -10 18 -9 17 -11 18 -10 17 -7 17 -10 18 -10 18 -10 17 -8 18 -8 16 -9 16 -8 15 -8 16 -6 14 -7 15 -8 15 -7 15 -7 12 -7 12 0 0 -5 11 -7 10 -5 10 -4 10 -6 7 -6 8 -6 8 -4 8 -4 7 -5 8 -4 9 -5 8 -4 8 -3 6 -4 9 -6 7 -6 7 -5 5 -6 6 -6 6 -7 6 -7 6 -8 5 -8 6 -9 6 -8 6 0 0 0 0 0 0 0 0 0 0 ]
437,1783414524.933992,14.5671,-75,CSI_DATA,AP,98:F4:AB:29:67:94,-75,11,1,2,1,1,1,0,0,0,0,-96,0,6,1,70115705,0,84,0,0,70.4978,384,[84 -64 4 0 0 0 0 0 0 0 0 0 -1 25 -3 25 -3 24 -1 23 -2 24 -3 22 -2 22 -1 20 -2 23 -1 20 0 21 0 20 0 20 0 20 -1 21 -1 21 1 18 0 17 -1 17 -1 17 0 17 0 16 0 15 1 13 1 14 0 13 0 0 0 14 1 13 -1 12 0 10 -1 10 0 11 0 10 1 9 1 9 2 10 2 8 0 8 0 9 0 9 0 9 1 9 -2 9 -2 8 -2 9 -1 8 -4 10 -2 9 -3 8 -2 9 -4 9 -3 9 0 0 0 0 0 0 0 0 0 0 ]
438,1783414525.054079,15.1754,-77,CSI_DATA,AP,98:F4:AB:29:67:94,-77,11,1,4,1,1,1,0,0,0,0,-96,0,6,1,70200993,0,84,0,0,70.583,384,[84 -64 4 0 0 0 0 0 0 0 0 0 -13 21 -15 18 -15 19 -13 18 -14 21 -11 17 -14 17 -13 18 -12 17 -13 17 -11 17 -12 18 -10 19 -10 18 -11 16 -11 17 -10 16 -10 16 -9 15 -9 15 -9 16 -9 15 -8 14 -9 12 -8 13 -8 11 0 0 -7 12 -6 13 -6 11 -5 10 -4 10 -4 9 -5 8 -4 9 -4 8 -3 8 -5 8 -7 6 -3 6 -4 6 -5 8 -4 6 -5 8 -4 7 -6 6 -5 6 -6 6 -5 6 -6 7 -8 6 -8 7 -7 7 0 0 0 0 0 0 0 0 0 0 ]
439,1783414525.173638,15.0413,-76,CSI_DATA,AP,98:F4:AB:29:67:94,-76,11,1,4,1,1,1,0,0,0,0,-96,0,6,1,70294040,0,84,0,0,70.6761,384,[84 -64 4 0 0 0 0 0 0 0 0 0 0 24 -1 21 -1 25 -1 22 0 22 -1 21 0 23 0 22 1 20 -1 21 2 20 1 21 1 20 -1 20 0 18 1 21 0 17 0 20 0 17 0 16 -1 16 -1 16 1 15 0 13 0 15 1 13 0 0 1 13 1 12 0 11 2 10 0 9 1 10 1 8 1 9 0 9 -1 8 1 8 -1 7 1 8 0 8 -1 7 1 8 -1 7 -1 8 -1 9 -3 8 -2 8 -2 8 -3 9 -3 8 -2 9 -3 9 0 0 0 0 0 0 0 0 0 0 ]
440,1783414525.295435,14.7962,-75,CSI_DATA,AP,98:F4:AB:29:67:94,-75,11,1,2,1,1,1,0,0,0,0,-96,0,6,1,70383180,0,84,0,0,70.7652,384,[84 -64 4 0 0 0 0 0 0 0 0 0 25 2 23 1 26 0 21 -1 24 0 21 0 22 1 21 1 22 1 21 0 21 -1 22 -1 21 0 22 -1 18 0 21 -1 18 -1 19 0 15 0 17 -1 17 0 15 0 14 1 15 -1 15 0 14 0 0 0 14 1 13 0 12 -1 11 0 10 0 10 1 10 0 8 1 9 1 10 1 9 0 9 0 9 0 8 2 8 1 9 1 9 2 7 3 9 2 9 2 8 1 7 4 9 5 8 4 7 5 8 5 0 0 0 0 0 0 0 0 0 0 ]
441,1783414525.415488,14.6954,-77,CSI_DATA,AP,98:F4:AB:29:67:94,-77,11,1,4,1,1,1,0,0,0,0,-96,0,6,1,70470804,0,84,0,0,70.8529,384,[84 -64 4 0 0 0 0 0 0 0 0 0 -10 23 -11 21 -10 22 -9 22 -9 22 -9 20 -9 20 -8 19 -8 20 -10 20 -9 20 -6 19 -5 19 -8 18 -7 16 -6 21 -5 14 -4 17 -6 16 -5 15 -6 17 -6 15 -6 14 -7 14 -6 12 -6 14 0 0 -5 10 -4 13 -6 10 -6 8 -4 11 -3 8 -4 8 -4 9 -3 8 -4 9 -3 8 -3 7 -3 6 -5 5 -3 6 -5 7 -6 6 -5 6 -6 5 -6 6 -7 6 -8 6 -7 7 -7 6 -7 5 -8 6 0 0 0 0 0 0 0 0 0 0 ]
442,1783414525.535444,14.7817,-77,CSI_DATA,AP,98:F4:AB:29:67:94,-77,11,1,4,1,1,1,0,0,0,0,-96,0,6,1,70565755,0,84,0,0,70.9478,384,[84 -64 4 0 0 0 0 0 0 0 0 0 -17 18 -15 18 -16 20 -16 16 -16 17 -15 15 -15 17 -12 15 -12 16 -13 17 -16 17 -12 15 -13 15 -14 14 -12 14 -13 17 -12 15 -11 14 -10 13 -10 14 -12 13 -9 12 -10 11 -11 11 -11 10 -9 10 0 0 -9 9 -8 8 -8 7 -7 9 -9 7 -8 7 -7 6 -7 7 -7 6 -9 6 -7 7 -7 6 -6 5 -7 4 -7 6 -6 5 -8 5 -8 5 -7 4 -8 4 -8 3 -8 5 -11 2 -9 3 -10 4 -11 4 0 0 0 0 0 0 0 0 0 0 ]
443,1783414525.655905,15.0141,-77,CSI_DATA,AP,98:F4:AB:29:67:94,-77,11,1,4,1,1,1,0,0,0,0,-96,0,6,1,70654156,0,84,0,0,71.0361,384,[84 -64 4 0 0 0 0 0 0 0 0 0 -19 -16 -18 -15 -19 -17 -18 -15 -19 -17 -18 -16 -16 -15 -16 -13 -17 -13 -17 -15 -16 -15 -16 -12 -16 -14 -16 -13 -16 -13 -17 -13 -15 -11 -16 -11 -14 -12 -15 -11 -13 -11 -12 -11 -12 -11 -13 -10 -12 -9 -11 -8 0 0 -10 -9 -11 -7 -10 -8 -10 -6 -9 -6 -10 -6 -10 -5 -6 -7 -9 -5 -9 -7 -9 -5 -6 -4 -8 -5 -6 -5 -8 -8 -6 -6 -7 -8 -6 -6 -6 -7 -5 -7 -5 -7 -5 -8 -6 -9 -5 -10 -4 -8 -5 -11 0 0 0 0 0 0 0 0 0 0 ]
444,1783414525.777459,15.0499,-76,CSI_DATA,AP,98:F4:AB:29:67:94,-76,11,1,4,1,1,1,0,0,0,0,-96,0,6,1,70742551,0,84,0,0,71.1246,384,[84 -64 4 0 0 0 0 0 0 0 0 0 9 -24 8 -24 8 -23 9 -20 11 -22 8 -18 8 -20 8 -19 7 -20 7 -19 6 -20 6 -21 4 -19 6 -20 6 -19 6 -19 5 -19 4 -16 6 -17 4 -15 5 -16 6 -17 4 -14 2 -14 4 -14 4 -14 0 0 2 -13 2 -14 4 -15 2 -12 1 -10 3 -11 3 -10 1 -10 2 -9 2 -10 2 -11 2 -7 1 -8 2 -8 2 -8 3 -9 3 -9 4 -9 3 -7 4 -8 5 -7 5 -6 4 -7 4 -8 6 -8 7 -9 0 0 0 0 0 0 0 0 0 0 ]
445,1783414525.897934,14.8008,-77,CSI_DATA,AP,98:F4:AB:29:67:94,-77,11,1,4,1,1,1,0,0,0,0,-96,0,6,1,70831631,0,84,0,0,71.2137,384,[84 -64 4 0 0 0 0 0 0 0 0 0 -8 -20 -5 -20 -8 -19 -6 -19 -7 -20 -8 -18 -6 -20 -6 -17 -8 -17 -6 -17 -6 -17 -6 -18 -5 -18 -6 -18 -7 -14 -8 -16 -6 -15 -7 -15 -7 -14 -6 -14 -7 -13 -6 -14 -5 -13 -6 -12 -4 -12 -5 -13 0 0 -5 -11 -6 -11 -4 -10 -7 -9 -4 -8 -4 -9 -5 -7 -5 -9 -4 -8 -5 -9 -4 -7 -4 -7 -3 -9 -3 -6 -4 -8 -2 -7 -2 -8 -2 -9 -1 -8 -2 -9 -1 -8 -3 -8 -1 -9 -1 -10 -2 -11 -2 -8 0 0 0 0 0 0 0 0 0 0 ]
446,1783414526.019063,14.1100,-77,CSI_DATA,AP,98:F4:AB:29:67:94,-77,11,1,4,1,1,1,0,0,0,0,-96,0,6,1,70923443,0,84,0,0,71.3055,384,[84 -64 4 0 0 0 0 0 0 0 0 0 -28 -1 -25 -2 -27 -1 -24 0 -25 -1 -21 -2 -21 -2 -22 -1 -22 -2 -20 0 -21 -1 -23 0 -21 -1 -20 -1 -19 1 -22 1 -18 1 -18 1 -19 0 -17 2 -17 0 -17 0 -15 2 -14 1 -14 0 -13 0 0 0 -13 2 -11 2 -11 2 -12 1 -11 0 -10 2 -10 0 -10 1 -10 0 -10 3 -9 2 -7 1 -8 2 -8 1 -9 1 -8 1 -11 1 -8 0 -10 0 -10 -1 -8 -1 -10 -3 -9 -2 -10 -1 -10 -2 -10 -3 0 0 0 0 0 0 0 0 0 0 ]
447,1783414526.141143,13.6423,-76,CSI_DATA,AP,98:F4:AB:29:67:94,-76,11,1,4,1,1,1,0,0,0,0,-96,0,6,1,71019830,0,84,0,0,71.4018,384,[84 -64 4 0 0 0 0 0 0 0 0 0 20 13 22 13 22 13 18 11 19 14 18 11 16 12 18 12 19 10 17 12 17 11 17 11 18 10 16 11 15 10 16 8 16 8 15 8 13 10 13 9 14 10 13 9 11 10 11 8 11 8 9 7 0 0 9 8 12 6 9 6 9 5 7 5 8 7 8 3 6 4 7 4 6 4 7 5 6 4 7 5 7 4 7 4 7 4 5 5 4 6 5 6 5 7 5 7 5 6 4 9 5 8 4 7 4 8 0 0 0 0 0 0 0 0 0 0 ]
448,1783414526.262007,14.6135,-76,CSI_DATA,AP,98:F4:AB:29:67:94,-76,11,1,4,1,1,1,0,0,0,0,-96,0,6,1,71106429,0,84,0,0,71.4885,384,[84 -64 4 0 0 0 0 0 0 0 0 0 -25 -7 -24 -4 -26 -4 -24 -5 -23 -7 -21 -7 -22 -7 -21 -5 -21 -6 -21 -3 -21 -5 -20 -5 -20 -4 -20 -5 -19 -4 -20 -4 -19 -3 -19 -4 -18 -6 -17 -5 -16 -5 -17 -2 -16 -5 -16 -4 -15 -4 -16 -4 0 0 -13 -5 -13 -2 -12 -3 -10 -4 -11 -5 -10 -4 -9 -2 -10 -3 -8 -2 -10 -1 -10 -3 -8 -3 -10 -4 -9 -2 -8 -4 -7 -1 -9 -6 -9 -5 -8 -4 -7 -6 -8 -6 -8 -6 -8 -6 -8 -7 -8 -7 -7 -7 0 0 0 0 0 0 0 0 0 0 ]
449,1783414526.382504,14.9584,-77,CSI_DATA,AP,98:F4:AB:29:67:94,-77,11,1,4,1,1,1,0,0,0,0,-96,0,6,1,71194384,0,84,0,0,71.5764,384,[84 -64 4 0 0 0 0 0 0 0 0 0 -28 -2 -26 -2 -27 -3 -24 -1 -24 -3 -23 -2 -23 -2 -24 -2 -21 -3 -23 -4 -22 -2 -22 -2 -21 -2 -20 1 -21 -3 -22 -2 -20 -2 -20 -2 -18 -2 -17 -1 -16 -1 -18 -3 -17 -3 -15 -3 -15 -2 -15 -2 0 0 -13 -3 -13 -1 -13 -1 -13 -2 -13 -2 -11 -3 -11 -3 -10 -3 -10 -1 -10 -1 -8 -1 -9 -3 -9 -2 -8 0 -8 -3 -8 -3 -9 -3 -8 -5 -8 -4 -7 -5 -8 -5 -8 -5 -10 -5 -7 -6 -10 -6 -10 -6 0 0 0 0 0 0 0 0 0 0 ]
450,1783414526.503985,14.6444,-76,CSI_DATA,AP,98:F4:AB:29:67:94,-76,11,1,4,1,1,1,0,0,0,0,-96,0,6,1,71286263,0,84,0,0,71.6683,384,[84 -64 4 0 0 0 0 0 0 0 0 0 -2 25 -3 25 -3 24 -2 24 -3 23 -1 21 -1 21 -4 19 -3 22 -1 22 -3 21 -2 22 -3 20 -1 20 0 19 -1 20 0 18 -1 19 -1 16 0 17 -1 15 -2 16 0 15 -1 13 -2 14 0 12 0 0 1 12 0 12 1 10 1 12 0 10 0 10 0 9 -1 8 0 10 0 9 1 8 1 9 1 6 0 8 0 9 0 9 0 8 -2 9 -1 9 -3 7 -3 9 -2 9 -2 10 -3 9 -3 10 -3 10 0 0 0 0 0 0 0 0 0 0 ]
451,1783414526.624321,15.0701,-76,CSI_DATA,AP,98:F4:AB:29:67:94,-76,11,1,4,1,1,1,0,0,0,0,-96,0,6,1,71375590,0,84,0,0,71.7575,384,[84 -64 4 0 0 0 0 0 0 0 0 0 -21 14 -19 16 -21 16 -19 17 -18 16 -17 11 -19 14 -16 13 -18 14 -17 12 -17 11 -18 12 -17 12 -17 13 -15 11 -16 13 -14 13 -16 11 -14 11 -14 11 -14 11 -13 8 -12 9 -13 8 -13 8 -12 9 0 0 -11 7 -11 8 -10 8 -10 6 -9 7 -8 7 -9 6 -9 6 -8 5 -8 7 -8 5 -8 4 -8 6 -6 4 -7 5 -9 5 -8 4 -9 3 -10 3 -9 3 -9 2 -9 3 -10 0 -11 1 -12 2 -11 2 0 0 0 0 0 0 0 0 0 0 ]
452,1783414526.843194,14.5303,-76,CSI_DATA,AP,98:F4:AB:29:67:94,-76,11,1,4,1,1,1,0,0,0,0,-96,0,6,1,85772782,0,84,0,0,86.1548,384,[84 -64 4 0 0 0 0 0 0 0 0 0 10 24 11 20 11 21 11 22 11 23 10 19 12 20 9 18 11 19 7 19 8 19 10 20 9 18 9 18 8 16 8 16 9 16 9 15 8 14 7 14 8 15 8 12 5 13 6 13 7 12 5 12 0 0 6 11 6 12 6 9 7 10 4 9 4 7 5 7 4 9 4 8 4 7 4 7 4 7 4 9 3 7 4 8 5 8 3 9 2 8 1 9 1 7 2 8 2 9 2 9 1 10 1 8 2 10 0 0 0 0 0 0 0 0 0 0 ]
453,1783414526.957541,14.9225,-76,CSI_DATA,AP,98:F4:AB:29:67:94,-76,11,1,4,1,1,1,0,0,0,0,-96,0,6,1,85865225,0,84,0,0,86.2473,384,[84 -64 4 0 0 0 0 0 0 0 0 0 -26 -10 -23 -9 -26 -9 -21 -8 -24 -11 -21 -8 -21 -7 -22 -7 -20 -7 -18 -8 -19 -8 -20 -8 -20 -9 -21 -8 -19 -7 -19 -7 -17 -6 -18 -7 -18 -5 -15 -6 -15 -7 -17 -6 -16 -7 -14 -4 -14 -6 -13 -5 0 0 -13 -5 -12 -5 -13 -6 -13 -4 -10 -4 -10 -5 -10 -5 -10 -4 -10 -3 -11 -3 -9 -5 -9 -3 -7 -4 -8 -3 -8 -4 -8 -5 -9 -6 -8 -5 -8 -5 -8 -6 -7 -6 -7 -5 -7 -6 -9 -8 -9 -6 -8 -8 0 0 0 0 0 0 0 0 0 0 ]
454,1783414527.078881,15.0531,-76,CSI_DATA,AP,98:F4:AB:29:67:94,-76,11,1,2,1,1,1,0,0,0,0,-96,0,6,1,85953963,0,84,0,0,86.336,384,[84 -64 4 0 0 0 0 0 0 0 0 0 21 1 18 2 20 1 17 1 19 0 17 3 17 2 17 2 17 1 17 1 17 1 17 0 16 -1 16 0 15 0 16 0 15 0 14 -1 13 -1 12 0 12 0 13 0 13 1 12 0 12 0 11 0 0 0 11 0 10 0 10 0 9 -1 8 0 8 0 7 0 7 0 6 -1 6 0 7 0 8 -1 7 -1 7 0 8 1 7 0 7 1 7 1 6 2 7 2 7 2 5 2 6 2 7 2 7 3 8 4 0 0 0 0 0 0 0 0 0 0 ]
455,1783414527.200178,14.9308,-76,CSI_DATA,AP,98:F4:AB:29:67:94,-76,11,1,4,1,1,1,0,0,0,0,-96,0,6,1,86041388,0,84,0,0,86.4234,384,[84 -64 4 0 0 0 0 0 0 0 0 0 21 12 22 11 21 13 19 10 20 13 18 10 18 11 17 11 18 11 18 10 17 12 19 9 17 9 18 9 16 8 19 9 17 10 15 8 15 7 12 8 13 8 13 7 13 8 12 6 13 7 12 6 0 0 10 6 11 6 11 6 10 4 7 5 9 5 9 4 8 5 7 4 9 5 7 3 7 4 6 5 7 3 7 6 6 5 8 5 6 5 6 5 5 7 6 7 6 7 5 6 6 7 5 7 6 8 0 0 0 0 0 0 0 0 0 0 ]
456,1783414527.324020,15.0150,-76,CSI_DATA,AP,98:F4:AB:29:67:94,-76,11,1,4,1,1,1,0,0,0,0,-96,0,6,1,86137130,0,84,0,0,86.5192,384,[84 -64 4 0 0 0 0 0 0 0 0 0 26 -15 24 -15 24 -15 24 -13 23 -14 21 -11 22 -13 23 -14 19 -12 19 -14 19 -14 20 -14 19 -13 19 -13 18 -13 18 -13 16 -12 18 -12 16 -11 17 -10 15 -8 14 -9 15 -7 14 -9 13 -8 10 -8 0 0 12 -8 13 -9 12 -5 11 -7 11 -6 11 -6 11 -5 8 -7 10 -5 8 -6 8 -6 8 -5 9 -6 9 -4 10 -3 8 -5 10 -2 10 -2 11 -3 10 -2 13 -2 9 -1 11 -1 11 0 13 -1 11 -1 0 0 0 0 0 0 0 0 0 0 ]
457,1783414527.444744,14.4724,-77,CSI_DATA,AP,98:F4:AB:29:67:94,-77,11,1,4,1,1,1,0,0,0,0,-96,0,6,1,86221753,0,84,0,0,86.6037,384,[84 -64 4 0 0 0 0 0 0 0 0 0 -2 -23 0 -20 0 -22 -2 -21 0 -20 0 -19 1 -17 1 -19 -1 -18 1 -18 -3 -19 -2 -19 1 -18 -2 -18 0 -16 -2 -18 -4 -16 -1 -16 -2 -16 -1 -14 0 -15 -2 -15 -2 -12 -1 -14 -1 -14 -2 -12 0 0 -2 -11 -1 -12 -1 -11 -3 -11 -2 -9 -1 -10 1 -10 -1 -9 -2 -8 -1 -10 -2 -9 -1 -8 -1 -9 -1 -7 -1 -9 0 -9 1 -9 1 -7 1 -8 0 -8 2 -8 2 -10 1 -9 2 -10 3 -10 3 -9 0 0 0 0 0 0 0 0 0 0 ]
458,1783414527.569681,15.4676,-76,CSI_DATA,AP,98:F4:AB:29:67:94,-76,11,1,4,1,1,1,0,0,0,0,-96,0,6,1,86311518,0,84,0,0,86.6936,384,[84 -64 4 0 0 0 0 0 0 0 0 0 4 -25 4 -23 2 -25 4 -23 1 -24 4 -22 4 -21 6 -22 3 -22 2 -21 2 -21 3 -20 2 -22 2 -21 2 -19 2 -22 2 -20 2 -18 2 -17 2 -18 2 -17 0 -16 1 -17 0 -16 1 -16 2 -14 0 0 1 -13 0 -13 0 -14 1 -12 -1 -12 2 -10 1 -11 2 -11 2 -9 1 -10 0 -8 1 -9 0 -9 1 -9 1 -10 2 -8 3 -10 3 -8 4 -8 4 -7 6 -8 3 -8 5 -7 5 -9 5 -9 5 -11 0 0 0 0 0 0 0 0 0 0 ]
459,1783414527.696779,15.8600,-75,CSI_DATA,AP,98:F4:AB:29:67:94,-75,11,1,2,1,1,1,0,0,0,0,-96,0,6,1,86404503,0,84,0,0,86.7865,384,[84 -64 4 0 0 0 0 0 0 0 0 0 -26 -3 -23 -2 -25 -3 -24 -3 -26 -3 -22 -2 -23 -2 -22 -4 -22 -2 -22 -3 -22 -1 -22 0 -21 -1 -22 0 -20 -2 -23 0 -19 0 -18 0 -20 1 -17 0 -16 -1 -17 -2 -15 -2 -15 0 -16 0 -15 0 0 0 -15 1 -14 2 -13 2 -13 1 -11 -1 -10 0 -12 1 -10 0 -11 1 -10 3 -10 1 -9 -1 -9 1 -10 0 -10 1 -10 -1 -10 -3 -10 -1 -9 -2 -10 -3 -10 -2 -8 -2 -10 -2 -12 -2 -12 -3 -11 -3 0 0 0 0 0 0 0 0 0 0 ]
460,1783414527.820439,16.2736,-77,CSI_DATA,AP,98:F4:AB:29:67:94,-77,11,1,4,1,1,1,0,0,0,0,-96,0,6,1,86499154,0,84,0,0,86.8812,384,[84 -64 4 0 0 0 0 0 0 0 0 0 19 -20 17 -18 18 -19 17 -20 18 -17 15 -15 17 -16 14 -14 12 -17 15 -16 14 -16 14 -15 14 -16 14 -15 11 -16 11 -15 11 -13 12 -14 12 -13 11 -13 10 -14 11 -14 9 -10 9 -11 10 -13 7 -11 0 0 7 -10 7 -12 8 -9 8 -11 6 -9 6 -11 6 -8 5 -8 6 -8 5 -9 3 -8 4 -8 5 -7 6 -7 5 -7 6 -8 5 -8 5 -7 7 -8 7 -6 9 -6 7 -5 6 -6 6 -5 8 -7 8 -5 0 0 0 0 0 0 0 0 0 0 ]
461,1783414527.941165,14.4674,-77,CSI_DATA,AP,98:F4:AB:29:67:94,-77,11,1,4,1,1,1,0,0,0,0,-96,0,6,1,86584959,0,84,0,0,86.967,384,[84 -64 4 0 0 0 0 0 0 0 0 0 7 20 5 20 7 22 4 19 4 20 5 19 5 19 6 18 7 18 4 18 6 16 6 16 5 17 6 15 6 14 7 16 6 13 6 14 5 13 5 12 5 12 6 12 4 12 5 12 4 12 4 10 0 0 4 9 5 9 5 8 5 8 3 7 4 7 3 7 3 7 4 7 4 6 4 7 3 6 4 6 2 6 3 6 3 6 2 7 2 7 1 7 2 6 1 7 2 7 0 9 0 9 1 8 1 10 0 0 0 0 0 0 0 0 0 0 ]
462,1783414528.062964,12.7478,-77,CSI_DATA,AP,98:F4:AB:29:67:94,-77,11,1,4,1,1,1,0,0,0,0,-96,0,6,1,86672945,0,84,0,0,87.055,384,[84 -64 4 0 0 0 0 0 0 0 0 0 -8 20 -9 19 -9 19 -9 17 -8 19 -7 18 -7 17 -8 17 -8 17 -9 16 -7 16 -7 15 -6 16 -6 16 -6 14 -6 17 -6 15 -4 13 -6 14 -5 13 -6 14 -5 12 -4 12 -5 12 -2 12 -3 11 0 0 -2 10 -3 12 -3 9 -2 10 -3 8 -2 9 -3 8 -3 7 -2 6 -1 6 -3 7 -2 6 -3 6 -2 7 -4 7 -3 6 -4 6 -3 7 -3 7 -5 6 -4 7 -5 6 -5 8 -5 5 -5 8 -6 8 0 0 0 0 0 0 0 0 0 0 ]
463,1783414528.184483,14.3760,-76,CSI_DATA,AP,98:F4:AB:29:67:94,-76,11,1,4,1,1,1,0,0,0,0,-96,0,6,1,86761016,0,84,0,0,87.1431,384,[84 -64 4 0 0 0 0 0 0 0 0 0 24 -12 22 -10 24 -9 21 -12 22 -10 20 -9 18 -10 18 -11 20 -9 20 -11 17 -10 19 -10 19 -13 17 -10 16 -10 17 -10 16 -8 14 -9 14 -9 14 -8 15 -9 13 -9 13 -7 12 -9 13 -10 11 -7 0 0 10 -9 10 -8 9 -7 9 -6 8 -6 9 -5 8 -5 6 -6 6 -7 7 -7 7 -6 6 -6 8 -7 5 -6 5 -5 8 -6 7 -5 8 -4 9 -5 7 -5 7 -4 8 -3 8 -4 8 -3 7 -3 10 -4 0 0 0 0 0 0 0 0 0 0 ]
464,1783414528.307413,14.5452,-76,CSI_DATA,AP,98:F4:AB:29:67:94,-76,11,1,4,1,1,1,0,0,0,0,-96,0,6,1,86853162,0,84,0,0,87.2352,384,[84 -64 4 0 0 0 0 0 0 0 0 0 11 -23 9 -23 12 -24 9 -23 10 -21 10 -19 9 -22 9 -20 9 -20 10 -20 9 -18 10 -19 7 -19 10 -19 7 -18 7 -19 7 -17 7 -19 7 -17 8 -18 6 -16 5 -15 7 -14 8 -14 5 -14 5 -13 0 0 5 -12 5 -13 6 -11 5 -11 5 -10 4 -10 4 -8 4 -9 4 -6 4 -7 3 -8 5 -7 4 -8 2 -8 4 -8 3 -7 5 -7 4 -6 6 -8 5 -5 7 -6 6 -8 8 -6 7 -6 9 -6 7 -8 0 0 0 0 0 0 0 0 0 0 ]
465,1783414528.430665,13.6997,-76,CSI_DATA,AP,98:F4:AB:29:67:94,-76,11,1,4,1,1,1,0,0,0,0,-96,0,6,1,86945176,0,84,0,0,87.3271,384,[84 -64 4 0 0 0 0 0 0 0 0 0 6 25 6 22 5 26 6 24 2 25 3 23 6 22 3 20 5 22 3 23 5 21 3 21 3 20 3 18 5 18 6 19 6 16 4 17 3 16 3 17 4 16 2 16 4 16 3 14 2 13 4 13 0 0 2 12 3 12 3 12 3 10 3 9 1 10 2 10 1 10 0 7 1 9 1 9 3 8 0 8 1 9 1 8 1 8 -2 8 -1 6 -1 9 -1 8 -1 8 -3 9 -2 9 -2 10 -2 9 -2 8 0 0 0 0 0 0 0 0 0 0 ]
466,1783414528.551140,15.7624,-76,CSI_DATA,AP,98:F4:AB:29:67:94,-76,11,1,4,1,1,1,0,0,0,0,-96,0,6,1,87031818,0,84,0,0,87.4139,384,[84 -64 4 0 0 0 0 0 0 0 0 0 -27 7 -24 5 -28 6 -23 5 -25 5 -23 3 -22 4 -23 3 -24 4 -23 3 -21 6 -21 6 -22 7 -23 6 -19 5 -19 6 -18 6 -17 6 -17 5 -17 5 -18 5 -18 5 -16 5 -16 4 -17 4 -14 4 0 0 -14 3 -12 4 -11 5 -12 5 -10 3 -11 3 -11 3 -10 3 -9 1 -11 4 -8 3 -8 2 -9 3 -9 2 -10 3 -9 2 -8 2 -10 0 -10 0 -10 -1 -10 0 -10 0 -10 1 -11 1 -11 -1 -12 0 0 0 0 0 0 0 0 0 0 0 ]
467,1783414528.674826,15.2304,-76,CSI_DATA,AP,98:F4:AB:29:67:94,-76,11,1,4,1,1,1,0,0,0,0,-96,0,6,1,87125168,0,84,0,0,87.5072,384,[84 -64 4 0 0 0 0 0 0 0 0 0 15 20 13 20 14 18 13 18 15 18 13 19 13 18 13 18 14 17 11 17 13 15 15 15 14 15 13 15 12 16 13 14 13 14 10 13 10 14 11 13 11 13 9 12 10 10 10 10 11 9 9 10 0 0 8 10 8 10 8 10 7 7 7 9 5 9 7 8 5 6 6 7 6 5 6 5 5 6 4 7 5 7 5 8 5 8 6 7 4 7 2 8 4 8 2 8 3 8 1 8 4 9 3 9 3 10 0 0 0 0 0 0 0 0 0 0 ]
468,1783414528.797392,15.2468,-76,CSI_DATA,AP,98:F4:AB:29:67:94,-76,11,1,4,1,1,1,0,0,0,0,-96,0,6,1,87211364,0,84,0,0,87.5934,384,[84 -64 4 0 0 0 0 0 0 0 0 0 20 17 18 15 19 16 17 16 16 16 17 14 16 15 14 15 15 14 16 13 17 14 15 12 14 15 16 14 16 12 16 13 14 11 15 11 12 11 14 10 12 9 13 9 11 10 11 9 12 8 10 7 0 0 10 8 9 8 8 6 9 7 7 6 7 6 8 5 6 6 6 6 6 6 6 5 7 6 8 4 5 5 6 6 6 6 6 8 5 5 6 7 4 6 4 6 6 7 4 10 4 8 6 7 4 8 0 0 0 0 0 0 0 0 0 0 ]
469,1783414528.917004,14.1293,-77,CSI_DATA,AP,98:F4:AB:29:67:94,-77,11,1,4,1,1,1,0,0,0,0,-96,0,6,1,87302646,0,84,0,0,87.6847,384,[84 -64 4 0 0 0 0 0 0 0 0 0 0 -22 1 -22 0 -22 1 -21 1 -19 1 -18 3 -20 2 -21 0 -18 2 -20 0 -20 0 -18 0 -17 0 -18 0 -16 -1 -18 -1 -17 -1 -17 0 -15 2 -15 1 -15 0 -15 0 -12 0 -13 0 -13 -2 -12 0 0 -1 -11 0 -12 -1 -11 -2 -10 0 -10 -1 -10 0 -11 -1 -9 0 -9 0 -7 -1 -7 0 -8 -1 -7 0 -8 0 -8 0 -8 2 -8 1 -6 2 -7 2 -9 3 -7 2 -8 3 -7 4 -8 4 -8 4 -8 0 0 0 0 0 0 0 0 0 0 ]
470,1783414529.036851,12.6391,-77,CSI_DATA,AP,98:F4:AB:29:67:94,-77,11,1,4,1,1,1,0,0,0,0,-96,0,6,1,87394305,0,84,0,0,87.7763,384,[84 -64 4 0 0 0 0 0 0 0 0 0 -23 -2 -20 -2 -24 -3 -19 -3 -22 -3 -20 -2 -20 -4 -20 -3 -19 -1 -19 -2 -19 -1 -19 -3 -18 -1 -17 -1 -17 -2 -18 0 -16 -2 -18 -1 -15 -2 -16 -2 -15 -2 -15 -1 -13 -1 -13 0 -12 -1 -12 0 0 0 -12 -2 -12 -1 -10 -2 -11 -2 -9 -2 -9 -2 -10 -1 -9 -1 -9 0 -9 -1 -9 -1 -8 -2 -8 -2 -7 -1 -8 -2 -8 -1 -8 -4 -7 -4 -8 -3 -7 -4 -9 -5 -8 -4 -7 -6 -6 -4 -8 -4 -7 -6 0 0 0 0 0 0 0 0 0 0 ]
471,1783414529.156124,11.4986,-75,CSI_DATA,AP,98:F4:AB:29:67:94,-75,11,1,2,1,1,1,0,0,0,0,-96,0,6,1,87484757,0,84,0,0,87.8668,384,[84 -64 4 0 0 0 0 0 0 0 0 0 22 6 20 6 21 6 20 5 20 6 19 6 17 6 17 5 18 7 17 6 17 3 18 3 16 4 18 4 15 4 18 5 17 4 15 3 14 5 14 4 14 4 15 4 12 3 12 2 12 3 11 1 0 0 12 1 11 2 10 1 9 2 9 3 10 3 9 2 9 3 8 1 8 2 7 1 7 1 7 2 8 3 7 3 7 2 7 2 7 3 6 4 5 4 5 3 6 5 6 5 7 6 6 4 8 6 0 0 0 0 0 0 0 0 0 0 ]
472,1783414529.276135,12.0878,-77,CSI_DATA,AP,98:F4:AB:29:67:94,-77,11,1,4,1,1,1,0,0,0,0,-96,0,6,1,87576326,0,84,0,0,87.9583,384,[84 -64 4 0 0 0 0 0 0 0 0 0 22 12 20 10 21 12 20 10 21 11 19 9 18 11 18 10 19 9 17 9 17 7 18 8 16 7 18 7 16 6 18 6 17 8 16 6 16 6 14 5 13 4 15 5 14 6 13 5 13 4 13 6 0 0 13 4 12 5 11 3 11 3 9 3 8 2 9 2 8 1 9 2 8 2 9 2 7 3 7 3 8 2 8 4 8 3 7 5 7 2 7 3 6 4 8 4 8 4 6 5 7 7 7 5 7 7 0 0 0 0 0 0 0 0 0 0 ]
473,1783414529.396799,12.9407,-77,CSI_DATA,AP,98:F4:AB:29:67:94,-77,11,1,4,1,1,1,0,0,0,0,-96,0,6,1,87662679,0,84,0,0,88.0446,384,[84 -64 4 0 0 0 0 0 0 0 0 0 6 -22 7 -22 7 -22 5 -20 4 -21 5 -17 5 -18 4 -17 5 -17 5 -19 4 -17 4 -18 3 -17 4 -18 3 -16 2 -16 2 -15 1 -16 2 -14 1 -14 3 -13 3 -15 1 -14 2 -15 3 -13 2 -13 0 0 1 -12 1 -12 1 -11 1 -11 1 -10 1 -10 0 -9 1 -9 1 -8 2 -8 0 -9 1 -8 1 -9 2 -7 2 -9 2 -7 2 -8 3 -8 3 -8 3 -7 2 -7 4 -7 3 -9 5 -8 3 -8 5 -7 0 0 0 0 0 0 0 0 0 0 ]
474,1783414529.517500,14.7101,-77,CSI_DATA,AP,98:F4:AB:29:67:94,-77,11,1,4,1,1,1,0,0,0,0,-96,0,6,1,87754863,0,84,0,0,88.1369,384,[84 -64 4 0 0 0 0 0 0 0 0 0 -10 -24 -10 -22 -9 -23 -8 -21 -8 -21 -8 -20 -7 -21 -8 -20 -8 -20 -7 -19 -9 -19 -9 -18 -8 -20 -8 -17 -7 -17 -8 -18 -8 -16 -7 -17 -6 -15 -8 -17 -6 -15 -6 -14 -6 -14 -6 -13 -8 -14 -7 -13 0 0 -6 -13 -7 -12 -5 -11 -6 -10 -4 -11 -5 -10 -4 -10 -4 -9 -5 -8 -4 -8 -4 -9 -3 -8 -4 -9 -3 -8 -3 -9 -2 -7 -3 -11 -2 -9 -2 -8 -1 -7 -1 -9 0 -10 0 -9 -1 -9 2 -9 0 -10 0 0 0 0 0 0 0 0 0 0 ]
475,1783414529.642277,14.2700,-77,CSI_DATA,AP,98:F4:AB:29:67:94,-77,11,1,4,1,1,1,0,0,0,0,-96,0,6,1,87845258,0,84,0,0,88.2273,384,[84 -64 4 0 0 0 0 0 0 0 0 0 -3 22 -4 19 -3 21 -2 21 -3 20 -4 17 -3 18 -2 17 -2 16 -3 17 0 17 -1 16 -3 17 -2 16 -2 17 -1 16 0 16 -1 14 -1 14 -1 13 -1 15 -1 14 -2 10 -1 12 -1 13 1 11 0 0 0 11 1 11 -2 10 0 8 -2 9 0 8 0 8 -2 7 -1 7 -1 5 0 8 0 7 0 7 0 7 -2 7 -1 7 -3 8 0 5 -2 7 -3 5 -2 6 -3 6 -3 6 -3 7 -4 7 -4 7 0 0 0 0 0 0 0 0 0 0 ]
476,1783414529.760035,15.2388,-77,CSI_DATA,AP,98:F4:AB:29:67:94,-77,11,1,4,1,1,1,0,0,0,0,-96,0,6,1,87933597,0,84,0,0,88.3156,384,[84 -64 4 0 0 0 0 0 0 0 0 0 25 6 24 6 25 5 23 5 23 6 20 3 19 5 19 4 20 5 19 5 19 4 20 4 19 3 18 3 19 3 19 4 17 3 16 2 14 2 16 2 15 3 15 2 15 3 14 2 14 4 13 2 0 0 12 1 13 2 12 2 11 1 11 1 9 2 9 3 9 2 8 1 7 2 8 1 7 2 7 3 7 2 7 2 7 1 8 3 6 5 5 4 6 4 6 4 6 3 6 5 6 7 6 6 6 7 0 0 0 0 0 0 0 0 0 0 ]
477,1783414529.882224,15.6631,-76,CSI_DATA,AP,98:F4:AB:29:67:94,-76,11,1,4,1,1,1,0,0,0,0,-96,0,6,1,88023367,0,84,0,0,88.4054,384,[84 -64 4 0 0 0 0 0 0 0 0 0 24 -11 22 -8 23 -8 22 -7 22 -10 19 -6 21 -6 18 -6 20 -9 19 -9 18 -9 19 -6 20 -9 19 -6 17 -9 18 -6 14 -7 17 -9 15 -9 15 -6 14 -8 14 -8 13 -6 12 -6 14 -7 12 -8 0 0 12 -5 12 -6 10 -7 11 -5 10 -5 9 -5 10 -4 8 -5 7 -3 7 -4 8 -5 7 -3 8 -5 6 -3 8 -3 7 -3 8 -4 6 -2 10 -2 8 -1 7 -1 8 -2 9 0 8 0 8 1 10 -1 0 0 0 0 0 0 0 0 0 0 ]
478,1783414530.002744,14.2722,-77,CSI_DATA,AP,98:F4:AB:29:67:94,-77,11,1,4,1,1,1,0,0,0,0,-96,0,6,1,88114207,0,84,0,0,88.4962,384,[84 -64 4 0 0 0 0 0 0 0 0 0 -21 -4 -21 -5 -22 -5 -19 -5 -21 -3 -19 -4 -19 -6 -17 -5 -18 -5 -19 -3 -18 -3 -19 -5 -17 -4 -18 -2 -17 -2 -18 -2 -16 -3 -15 -2 -15 -2 -14 -4 -14 -3 -13 -3 -14 -3 -12 -2 -12 -4 -12 -1 0 0 -12 -2 -12 0 -11 -1 -11 0 -10 -1 -9 -2 -8 -3 -8 -3 -8 -1 -8 -1 -9 0 -7 -3 -8 -1 -6 -2 -8 -2 -7 -2 -7 -3 -8 -4 -9 -4 -5 -3 -6 -4 -7 -4 -7 -5 -6 -5 -6 -5 -7 -5 0 0 0 0 0 0 0 0 0 0 ]
479,1783414530.123264,13.4692,-76,CSI_DATA,AP,98:F4:AB:29:67:94,-76,11,1,2,1,1,1,0,0,0,0,-96,0,6,1,88206674,0,84,0,0,88.5888,384,[84 -64 4 0 0 0 0 0 0 0 0 0 16 -15 16 -13 16 -15 16 -14 16 -14 16 -13 17 -12 15 -13 15 -12 15 -12 13 -12 12 -13 13 -14 13 -13 12 -10 12 -13 12 -12 11 -12 11 -11 11 -11 11 -9 11 -11 8 -11 9 -11 9 -10 9 -10 0 0 8 -9 9 -9 7 -7 7 -7 6 -8 7 -8 6 -8 5 -5 5 -6 6 -6 5 -6 5 -5 6 -6 4 -6 6 -6 6 -5 6 -5 7 -3 6 -3 7 -2 7 -4 6 -3 6 -2 8 -5 7 -3 7 -3 0 0 0 0 0 0 0 0 0 0 ]
480,1783414530.243163,13.3141,-77,CSI_DATA,AP,98:F4:AB:29:67:94,-77,11,1,4,1,1,1,0,0,0,0,-96,0,6,1,88293999,0,84,0,0,88.676,384,[84 -64 4 0 0 0 0 0 0 0 0 0 -22 2 -22 3 -22 2 -19 4 -19 4 -18 2 -19 4 -19 1 -17 2 -20 2 -18 2 -17 1 -17 1 -16 2 -16 4 -18 2 -17 3 -15 2 -15 1 -13 1 -15 3 -15 1 -13 0 -12 0 -14 1 -13 2 0 0 -12 1 -12 2 -11 1 -12 0 -9 0 -9 -1 -9 0 -8 0 -9 0 -9 0 -9 0 -9 0 -8 0 -7 0 -8 -1 -8 0 -8 -2 -8 -3 -8 -4 -6 -2 -8 -4 -7 -3 -7 -3 -8 -6 -8 -5 -9 -5 0 0 0 0 0 0 0 0 0 0 ]
481,1783414530.364452,12.2678,-77,CSI_DATA,AP,98:F4:AB:29:67:94,-77,11,1,4,1,1,1,0,0,0,0,-96,0,6,1,88381076,0,84,0,0,88.7631,384,[84 -64 4 0 0 0 0 0 0 0 0 0 22 2 20 2 20 3 20 3 20 2 16 3 19 3 17 2 18 3 16 2 18 2 17 2 17 2 15 1 14 0 16 1 15 1 16 0 14 0 15 0 14 1 13 1 13 1 10 2 12 0 11 1 0 0 11 1 11 -1 10 0 9 1 8 0 9 -1 8 0 9 0 7 0 7 0 6 0 6 0 7 0 6 1 7 0 6 0 7 3 6 1 6 3 7 3 7 3 6 3 6 4 6 5 7 5 7 3 0 0 0 0 0 0 0 0 0 0 ]
482,1783414530.484728,12.6279,-70,CSI_DATA,AP,98:F4:AB:29:67:94,-70,11,0,0,0,0,0,0,0,0,0,-96,0,6,1,88479895,0,84,0,0,88.8619,128,[84 -64 4 0 0 0 0 0 0 0 0 0 6 -7 6 -7 5 -7 5 -7 5 -8 4 -6 6 -6 4 -5 5 -7 5 -5 5 -6 5 -6 5 -6 4 -6 4 -6 4 -6 3 -4 3 -5 3 -4 4 -5 3 -4 3 -5 3 -4 4 -4 4 -5 3 -5 0 0 2 -4 3 -4 3 -4 2 -3 2 -3 2 -3 2 -3 2 -3 2 -3 1 -2 1 -2 2 -2 2 -3 2 -2 2 -2 1 -1 3 -3 2 -2 3 -1 2 -1 3 -1 2 -1 2 -1 2 -2 2 -1 1 -1 0 0 0 0 0 0 0 0 0 0 ]
483,1783414530.605267,12.8833,-77,CSI_DATA,AP,98:F4:AB:29:67:94,-77,11,1,4,1,1,1,0,0,0,0,-96,0,6,1,88561104,0,84,0,0,88.9431,384,[84 -64 4 0 0 0 0 0 0 0 0 0 -6 -22 -4 -22 -4 -19 -5 -20 -4 -21 -4 -19 -4 -19 -5 -18 -5 -18 -4 -17 -6 -17 -6 -18 -4 -19 -5 -17 -5 -16 -5 -16 -7 -16 -6 -16 -6 -14 -5 -14 -4 -14 -4 -13 -3 -14 -2 -12 -3 -13 -5 -12 0 0 -4 -11 -4 -11 -3 -10 -4 -10 -3 -10 -3 -10 -4 -10 -4 -8 -4 -7 -5 -8 -3 -6 -3 -7 -3 -9 -3 -7 -3 -8 -2 -7 -2 -9 -2 -8 -1 -7 -1 -7 0 -7 0 -8 -1 -8 0 -9 0 -9 1 -10 0 0 0 0 0 0 0 0 0 0 ]
484,1783414530.726842,14.4774,-75,CSI_DATA,AP,98:F4:AB:29:67:94,-75,11,1,2,1,1,1,0,0,0,0,-96,0,6,1,88658366,0,84,0,0,89.0404,384,[84 -64 4 0 0 0 0 0 0 0 0 0 -2 -24 -2 -21 0 -23 -2 -22 -1 -21 0 -20 -2 -19 -1 -18 -2 -20 -1 -20 -1 -20 -2 -19 -1 -18 -2 -19 -3 -17 -3 -19 -2 -18 -2 -17 -2 -15 -3 -16 -2 -15 -2 -16 -3 -15 -1 -14 -3 -15 -2 -14 0 0 -2 -12 -3 -13 -2 -11 -3 -11 -1 -10 -2 -11 -1 -9 -2 -9 -3 -9 -2 -9 -2 -8 -2 -8 -1 -8 -1 -8 -2 -9 -2 -9 0 -8 0 -8 -1 -8 0 -8 1 -8 1 -9 1 -8 1 -9 1 -9 2 -10 0 0 0 0 0 0 0 0 0 0 ]
485,1783414530.848480,13.3878,-76,CSI_DATA,AP,98:F4:AB:29:67:94,-76,11,1,4,1,1,1,0,0,0,0,-96,0,6,1,88740636,0,84,0,0,89.1227,384,[84 -64 4 0 0 0 0 0 0 0 0 0 9 -20 8 -18 8 -19 10 -18 9 -20 9 -16 7 -17 9 -15 7 -18 9 -16 8 -17 6 -16 7 -16 7 -16 7 -14 6 -17 5 -14 6 -15 6 -14 8 -14 6 -15 6 -14 6 -12 6 -13 3 -12 4 -11 0 0 3 -10 4 -11 3 -9 2 -13 3 -10 4 -9 3 -9 3 -8 2 -8 3 -8 4 -9 2 -6 3 -7 2 -6 3 -8 4 -7 4 -6 4 -6 5 -6 4 -7 5 -5 5 -5 6 -7 5 -6 6 -6 7 -7 0 0 0 0 0 0 0 0 0 0 ]
486,1783414530.973029,15.0683,-77,CSI_DATA,AP,98:F4:AB:29:67:94,-77,11,1,4,1,1,1,0,0,0,0,-96,0,6,1,88834441,0,84,0,0,89.2165,384,[84 -64 4 0 0 0 0 0 0 0 0 0 7 -24 6 -23 7 -24 6 -21 7 -23 9 -21 5 -20 5 -21 7 -22 7 -21 5 -22 5 -21 6 -19 5 -22 6 -20 5 -19 5 -19 4 -19 4 -17 4 -18 3 -17 5 -17 4 -14 4 -14 5 -15 2 -16 0 0 4 -14 4 -13 3 -12 1 -12 3 -9 2 -12 2 -11 2 -9 3 -10 3 -10 3 -8 2 -9 3 -9 2 -11 3 -8 4 -10 5 -8 5 -9 5 -8 5 -8 5 -7 5 -8 7 -7 4 -8 7 -9 7 -8 0 0 0 0 0 0 0 0 0 0 ]
487,1783414531.095128,14.9656,-77,CSI_DATA,AP,98:F4:AB:29:67:94,-77,11,1,4,1,1,1,0,0,0,0,-96,0,6,1,88923371,0,84,0,0,89.3054,384,[84 -64 4 0 0 0 0 0 0 0 0 0 -22 -4 -21 -5 -20 -4 -20 -4 -21 -4 -20 -5 -18 -4 -19 -5 -19 -3 -18 -4 -18 -3 -19 -2 -18 -3 -18 -3 -17 -3 -18 -3 -17 -3 -16 -4 -15 -1 -15 -2 -15 -2 -14 -3 -14 -1 -13 -1 -14 -1 -13 0 0 0 -12 -1 -11 -2 -10 -1 -11 -3 -9 -2 -10 -3 -10 -2 -8 -2 -7 -3 -8 -1 -8 -1 -8 0 -6 -2 -8 -1 -10 -1 -8 -3 -8 -3 -8 -4 -7 -3 -8 -3 -9 -3 -8 -4 -6 -4 -7 -4 -9 -3 -7 -6 0 0 0 0 0 0 0 0 0 0 ]
488,1783414531.217884,12.8790,-76,CSI_DATA,AP,98:F4:AB:29:67:94,-76,11,1,4,1,1,1,0,0,0,0,-96,0,6,1,89014732,0,84,0,0,89.3968,384,[84 -64 4 0 0 0 0 0 0 0 0 0 21 2 18 4 20 2 18 3 19 1 21 2 17 6 20 3 18 3 18 1 14 3 18 4 17 3 16 2 14 5 18 3 15 3 16 1 15 3 16 2 15 5 14 2 17 4 11 3 11 3 12 4 0 0 9 4 11 2 8 3 11 2 8 3 9 4 7 3 7 3 5 -4 -5 3 6 2 6 1 5 5 8 4 7 3 5 5 9 3 6 3 6 5 5 5 5 5 4 4 7 7 7 5 5 6 5 6 0 0 0 0 0 0 0 0 0 0 ]
489,1783414531.340908,13.8600,-76,CSI_DATA,AP,98:F4:AB:29:67:94,-76,11,1,4,1,1,1,0,0,0,0,-96,0,6,1,89105396,0,84,0,0,89.4874,384,[84 -64 4 0 0 0 0 0 0 0 0 0 20 15 17 14 22 17 18 14 19 13 17 13 17 14 16 12 18 11 17 15 17 12 17 12 19 13 18 11 16 9 17 12 14 10 16 11 15 9 13 9 13 10 12 10 13 10 11 9 12 9 11 9 0 0 11 7 11 6 10 6 10 6 7 4 9 6 6 5 8 6 7 5 7 5 7 5 6 5 8 4 6 5 7 4 6 5 5 6 5 5 5 6 4 6 4 6 5 7 6 6 4 7 4 9 7 9 0 0 0 0 0 0 0 0 0 0 ]
490,1783414531.461720,14.1941,-76,CSI_DATA,AP,98:F4:AB:29:67:94,-76,11,1,4,1,1,1,0,0,0,0,-96,0,6,1,89190562,0,84,0,0,89.5726,384,[84 -64 4 0 0 0 0 0 0 0 0 0 8 -22 7 -20 6 -21 8 -21 8 -19 7 -18 7 -19 8 -17 6 -18 6 -17 5 -18 5 -16 5 -17 6 -17 5 -16 6 -17 4 -16 4 -16 5 -15 6 -15 5 -14 5 -13 3 -14 4 -15 4 -14 2 -13 0 0 3 -12 2 -11 3 -9 2 -10 3 -9 4 -9 3 -8 2 -8 3 -9 0 -6 1 -8 2 -8 2 -7 2 -7 4 -7 2 -7 3 -7 3 -7 3 -8 4 -6 3 -5 4 -7 3 -6 4 -6 4 -8 5 -7 0 0 0 0 0 0 0 0 0 0 ]
491,1783414531.584457,14.6500,-76,CSI_DATA,AP,98:F4:AB:29:67:94,-76,11,1,4,1,1,1,0,0,0,0,-96,0,6,1,89285424,0,84,0,0,89.6675,384,[84 -64 4 0 0 0 0 0 0 0 0 0 4 24 4 24 6 25 4 24 3 23 3 23 5 23 3 23 3 21 3 20 6 21 5 21 6 20 5 20 4 18 4 21 4 18 4 17 3 17 2 16 3 18 3 16 3 16 4 16 3 15 3 13 0 0 4 11 3 12 3 12 3 11 2 9 2 10 0 9 3 7 1 10 1 9 2 7 2 7 1 7 1 8 1 7 2 7 -1 8 0 9 -1 7 0 8 -2 8 -1 8 -3 9 -2 9 -2 9 -1 10 0 0 0 0 0 0 0 0 0 0 ]
492,1783414531.706565,14.6270,-75,CSI_DATA,AP,98:F4:AB:29:67:94,-75,11,1,2,1,1,1,0,0,0,0,-96,0,6,1,89374406,0,84,0,0,89.7564,384,[84 -64 4 0 0 0 0 0 0 0 0 0 -17 -18 -14 -18 -15 -20 -15 -16 -14 -17 -12 -17 -13 -17 -14 -16 -15 -16 -13 -16 -13 -16 -14 -14 -14 -14 -14 -16 -13 -12 -14 -14 -13 -13 -13 -12 -12 -13 -12 -11 -11 -12 -12 -12 -10 -12 -10 -10 -10 -10 -10 -10 0 0 -10 -10 -10 -8 -9 -8 -9 -7 -8 -7 -8 -6 -9 -5 -7 -5 -8 -5 -7 -5 -7 -5 -5 -5 -6 -6 -6 -6 -6 -6 -5 -6 -6 -7 -6 -7 -6 -7 -6 -6 -5 -7 -6 -8 -5 -7 -5 -9 -5 -8 -5 -7 0 0 0 0 0 0 0 0 0 0 ]
493,1783414531.829115,15.7325,-76,CSI_DATA,AP,98:F4:AB:29:67:94,-76,11,1,4,1,1,1,0,0,0,0,-96,0,6,1,89462189,0,84,0,0,89.8442,384,[84 -64 4 0 0 0 0 0 0 0 0 0 -19 -19 -18 -17 -21 -18 -19 -18 -19 -18 -18 -17 -18 -16 -15 -17 -18 -16 -17 -16 -17 -16 -17 -15 -15 -15 -15 -14 -14 -13 -15 -14 -16 -13 -14 -14 -13 -12 -13 -12 -12 -13 -12 -13 -12 -12 -11 -10 -11 -12 -11 -10 0 0 -10 -9 -11 -10 -10 -9 -10 -8 -8 -8 -9 -9 -7 -7 -6 -8 -6 -7 -7 -7 -7 -7 -7 -7 -5 -6 -6 -6 -7 -7 -5 -6 -7 -8 -5 -7 -4 -8 -5 -8 -6 -9 -4 -8 -4 -8 -4 -8 -7 -9 -4 -10 0 0 0 0 0 0 0 0 0 0 ]
494,1783414531.950945,15.1663,-77,CSI_DATA,AP,98:F4:AB:29:67:94,-77,11,1,4,1,1,1,0,0,0,0,-96,0,6,1,89550742,0,84,0,0,89.9328,384,[84 -64 4 0 0 0 0 0 0 0 0 0 -22 7 -20 4 -22 6 -21 6 -21 6 -18 6 -19 5 -18 4 -19 5 -19 5 -17 7 -18 6 -18 8 -18 8 -17 6 -16 6 -15 6 -15 5 -15 4 -16 4 -14 3 -15 4 -14 5 -14 5 -13 5 -11 4 0 0 -11 4 -11 4 -10 4 -10 4 -9 3 -10 1 -10 1 -8 2 -9 0 -8 2 -8 3 -8 3 -7 3 -7 2 -8 2 -8 1 -10 2 -9 0 -9 0 -9 -1 -8 0 -8 2 -8 -1 -10 1 -9 -1 -9 0 0 0 0 0 0 0 0 0 0 0 ]
495,1783414532.073270,14.3247,-77,CSI_DATA,AP,98:F4:AB:29:67:94,-77,11,1,4,1,1,1,0,0,0,0,-96,0,6,1,89643070,0,84,0,0,90.0251,384,[84 -64 4 0 0 0 0 0 0 0 0 0 -21 -7 -21 -7 -22 -7 -19 -8 -21 -7 -19 -6 -19 -6 -18 -5 -19 -7 -18 -6 -18 -5 -18 -7 -17 -6 -17 -5 -17 -5 -18 -6 -17 -5 -18 -6 -15 -5 -15 -4 -14 -5 -15 -5 -14 -4 -14 -3 -13 -5 -13 -5 0 0 -12 -4 -12 -4 -11 -3 -11 -1 -9 -4 -9 -4 -8 -4 -8 -4 -8 -3 -7 -3 -8 -4 -7 -3 -7 -4 -6 -3 -8 -4 -7 -3 -8 -5 -8 -5 -7 -4 -7 -5 -6 -6 -8 -4 -7 -5 -7 -6 -7 -7 -8 -7 0 0 0 0 0 0 0 0 0 0 ]
496,1783414532.194706,13.6654,-76,CSI_DATA,AP,98:F4:AB:29:67:94,-76,11,1,4,1,1,1,0,0,0,0,-96,0,6,1,89730624,0,84,0,0,90.1127,384,[84 -64 4 0 0 0 0 0 0 0 0 0 -8 18 -9 20 -9 21 -9 18 -8 20 -8 16 -8 17 -7 17 -7 18 -8 18 -7 18 -7 17 -7 19 -7 17 -8 15 -7 17 -6 16 -5 16 -6 12 -6 13 -7 14 -6 13 -7 12 -4 13 -5 12 -5 11 0 0 -5 10 -6 11 -4 10 -4 9 -3 8 -3 9 -3 7 -4 6 -2 7 -2 8 -3 6 -3 7 -4 6 -3 7 -3 6 -4 6 -5 7 -4 5 -5 6 -6 6 -7 6 -6 5 -6 5 -6 6 -8 6 -7 5 0 0 0 0 0 0 0 0 0 0 ]
497,1783414532.314635,13.4279,-76,CSI_DATA,AP,98:F4:AB:29:67:94,-76,11,1,4,1,1,1,0,0,0,0,-96,0,6,1,89821108,0,84,0,0,90.2032,384,[84 -64 4 0 0 0 0 0 0 0 0 0 21 6 18 8 21 7 17 7 20 6 16 6 19 6 17 6 18 3 18 5 18 6 16 4 17 5 18 3 16 5 17 5 16 3 17 3 15 3 14 2 14 4 14 1 12 2 12 3 14 3 10 3 0 0 10 1 11 1 11 1 11 1 10 2 10 1 9 2 9 0 7 1 8 2 6 1 8 0 7 1 6 0 7 3 6 1 8 2 7 2 6 3 6 3 8 3 6 3 7 3 7 4 7 3 8 3 0 0 0 0 0 0 0 0 0 0 ]
498,1783414532.435899,13.2972,-76,CSI_DATA,AP,98:F4:AB:29:67:94,-76,11,1,4,1,1,1,0,0,0,0,-96,0,6,1,89910750,0,84,0,0,90.2927,384,[84 -64 4 0 0 0 0 0 0 0 0 0 25 9 22 10 25 9 19 9 23 8 21 8 22 8 22 8 19 8 20 8 21 7 20 7 19 6 20 8 18 6 20 6 19 4 20 5 15 4 16 3 16 4 14 5 14 4 15 6 15 3 13 3 0 0 13 3 14 3 13 4 12 4 8 3 10 3 9 2 9 1 9 2 8 1 8 2 8 2 8 3 8 1 8 3 8 4 8 3 8 3 7 4 8 3 7 5 8 5 7 5 9 4 7 4 9 7 0 0 0 0 0 0 0 0 0 0 ]
499,1783414532.557725,14.2771,-76,CSI_DATA,AP,98:F4:AB:29:67:94,-76,11,1,4,1,1,1,0,0,0,0,-96,0,6,1,90003124,0,84,0,0,90.3851,384,[84 -64 4 0 0 0 0 0 0 0 0 0 13 23 13 20 13 21 13 21 12 20 9 18 11 18 11 18 11 19 12 18 10 19 12 18 11 16 10 18 12 16 11 17 12 16 10 15 8 16 9 15 10 13 8 13 8 13 9 13 7 13 8 11 0 0 7 10 8 11 6 9 7 10 4 10 5 9 4 9 5 7 6 7 4 5 4 5 4 6 4 6 4 8 4 8 3 8 4 7 2 7 3 7 2 8 4 8 2 8 2 8 2 10 3 9 3 11 0 0 0 0 0 0 0 0 0 0 ]
500,1783414532.679000,14.3422,-76,CSI_DATA,AP,98:F4:AB:29:67:94,-76,11,1,4,1,1,1,0,0,0,0,-96,0,6,1,90090633,0,84,0,0,90.4727,384,[84 -64 4 0 0 0 0 0 0 0 0 0 18 13 17 11 17 12 16 11 16 13 16 11 14 11 15 11 16 12 14 13 15 11 14 12 15 11 14 9 13 9 15 10 14 9 13 9 12 8 11 9 11 8 10 7 11 9 11 9 11 9 11 6 0 0 8 7 7 7 8 6 8 7 6 6 7 5 6 5 7 4 6 6 5 4 5 5 4 5 5 6 5 5 6 5 5 4 3 7 6 6 3 7 5 5 3 7 4 8 3 6 3 7 3 8 4 8 0 0 0 0 0 0 0 0 0 0 ]
501,1783414532.802019,14.4897,-76,CSI_DATA,AP,98:F4:AB:29:67:94,-76,11,1,4,1,1,1,0,0,0,0,-96,0,6,1,90181143,0,84,0,0,90.5632,384,[84 -64 4 0 0 0 0 0 0 0 0 0 10 18 9 18 10 19 8 17 10 17 8 17 8 18 6 17 9 16 8 16 11 15 9 15 7 15 9 15 8 13 8 14 8 14 7 14 8 13 8 13 7 13 8 11 7 10 6 11 6 9 7 10 0 0 6 10 6 11 6 9 6 9 4 9 4 8 5 8 3 7 5 6 4 7 5 7 4 6 3 6 3 6 3 6 4 7 3 7 2 6 2 8 3 7 3 7 2 7 1 9 2 8 1 8 2 8 0 0 0 0 0 0 0 0 0 0 ]
502,1783414532.926529,13.6349,-76,CSI_DATA,AP,98:F4:AB:29:67:94,-76,11,1,4,1,1,1,0,0,0,0,-96,0,6,1,90267833,0,82,0,0,90.6498,384,[82 -96 4 0 0 0 0 0 0 0 0 0 20 -12 17 -11 19 -10 18 -11 17 -11 16 -8 15 -10 16 -10 15 -10 15 -10 17 -9 14 -10 16 -11 15 -9 13 -11 15 -10 14 -9 14 -9 13 -9 13 -10 13 -8 12 -8 12 -7 11 -7 10 -8 10 -8 0 0 9 -7 9 -7 9 -6 9 -6 6 -5 8 -4 8 -5 5 -4 7 -4 8 -3 6 -5 6 -6 7 -5 6 -4 6 -4 7 -3 6 -3 7 -3 6 -2 7 -2 6 -3 5 -2 7 -3 7 -2 8 -3 8 -2 0 0 0 0 0 0 0 0 0 0 ]
503,1783414533.049319,13.2036,-76,CSI_DATA,AP,98:F4:AB:29:67:94,-76,11,1,4,1,1,1,0,0,0,0,-96,0,6,1,90270497,0,84,0,0,90.6801,384,[84 -64 4 0 0 0 0 0 0 0 0 0 -16 18 -14 14 -15 17 -12 14 -12 16 -12 14 -13 14 -14 13 -13 15 -12 16 -12 14 -13 13 -11 14 -13 13 -10 13 -12 13 -9 13 -11 14 -10 11 -10 11 -11 10 -10 11 -12 9 -9 9 -9 9 -9 11 0 0 -8 6 -8 9 -6 9 -8 9 -6 6 -8 6 -8 6 -6 7 -9 8 -7 4 -2 6 -5 5 -6 4 -6 7 -6 6 -8 5 -6 6 -7 4 -6 4 -8 2 -8 2 -8 3 -9 4 -8 5 -8 4 -8 4 0 0 0 0 0 0 0 0 0 0 ]
504,1783414533.169797,13.8203,-76,CSI_DATA,AP,98:F4:AB:29:67:94,-76,11,1,4,1,1,1,0,0,0,0,-96,0,6,1,90360592,0,84,0,0,90.7426,384,[84 -64 4 0 0 0 0 0 0 0 0 0 3 -26 1 -24 2 -26 2 -24 2 -26 1 -22 3 -24 2 -22 2 -22 2 -23 1 -21 1 -22 2 -21 1 -21 1 -20 3 -20 2 -19 0 -18 -1 -17 1 -18 2 -18 0 -16 1 -14 1 -16 1 -15 0 -15 0 0 0 -14 0 -13 1 -14 1 -13 0 -11 1 -13 2 -10 1 -11 0 -10 -2 -9 0 -9 1 -9 1 -8 0 -9 0 -8 0 -9 0 -8 2 -10 2 -7 3 -8 4 -8 4 -9 4 -9 3 -9 3 -11 4 -10 0 0 0 0 0 0 0 0 0 0 ]
505,1783414533.292798,14.5805,-76,CSI_DATA,AP,98:F4:AB:29:67:94,-76,11,1,4,1,1,1,0,0,0,0,-96,0,6,1,90451815,0,84,0,0,90.8338,384,[84 -64 4 0 0 0 0 0 0 0 0 0 -22 11 -18 12 -23 13 -20 13 -21 13 -19 9 -20 9 -20 11 -17 10 -20 11 -20 7 -17 9 -17 7 -18 10 -16 9 -19 9 -16 10 -14 10 -17 10 -17 9 -16 7 -13 8 -15 8 -13 6 -14 6 -13 6 0 0 -12 4 -11 8 -11 7 -11 6 -10 5 -9 6 -11 6 -9 4 -9 4 -9 4 -8 3 -7 4 -8 4 -9 3 -9 4 -8 4 -10 2 -8 3 -8 1 -10 1 -8 1 -8 2 -10 1 -10 2 -10 2 -11 1 0 0 0 0 0 0 0 0 0 0 ]
506,1783414533.413412,13.8651,-77,CSI_DATA,AP,98:F4:AB:29:67:94,-77,11,1,4,1,1,1,0,0,0,0,-96,0,6,1,90545093,0,84,0,0,90.9271,384,[84 -64 4 0 0 0 0 0 0 0 0 0 -21 4 -20 3 -23 5 -21 5 -20 5 -19 3 -18 5 -19 3 -18 5 -19 3 -18 3 -16 2 -18 5 -17 3 -17 4 -18 6 -16 4 -17 5 -16 3 -16 3 -13 2 -14 4 -14 2 -13 3 -13 2 -12 3 0 0 -12 2 -12 4 -11 3 -11 3 -10 2 -8 3 -8 1 -8 2 -9 1 -10 1 -7 2 -8 0 -8 2 -8 1 -8 0 -7 1 -8 0 -7 -1 -9 0 -8 -1 -7 -1 -9 -3 -8 -2 -8 -3 -9 -2 -9 -3 0 0 0 0 0 0 0 0 0 0 ]
507,1783414533.534353,14.6730,-77,CSI_DATA,AP,98:F4:AB:29:67:94,-77,11,1,4,1,1,1,0,0,0,0,-96,0,6,1,90630541,0,84,0,0,91.0125,384,[84 -64 4 0 0 0 0 0 0 0 0 0 0 -21 1 -20 0 -22 0 -22 1 -20 1 -20 0 -17 1 -19 0 -19 0 -18 -1 -19 0 -17 -2 -18 -1 -18 0 -17 -1 -18 -1 -16 0 -15 1 -15 0 -15 1 -14 -1 -13 0 -14 -1 -13 0 -15 -1 -13 0 0 0 -13 1 -13 -1 -10 -2 -11 0 -10 0 -9 1 -9 1 -8 -1 -9 0 -9 -2 -7 0 -7 0 -9 1 -8 1 -8 0 -6 0 -8 1 -6 1 -7 2 -8 4 -7 3 -8 3 -8 1 -8 3 -8 2 -8 0 0 0 0 0 0 0 0 0 0 ]
508,1783414533.656375,15.0089,-76,CSI_DATA,AP,98:F4:AB:29:67:94,-76,11,1,4,1,1,1,0,0,0,0,-96,0,6,1,90722860,0,84,0,0,91.1049,384,[84 -64 4 0 0 0 0 0 0 0 0 0 -18 17 -19 14 -21 14 -19 14 -19 14 -17 12 -16 13 -17 12 -15 12 -17 12 -16 13 -16 13 -16 14 -15 13 -14 11 -17 13 -13 13 -13 12 -14 12 -12 11 -13 11 -10 10 -13 10 -11 9 -11 10 -10 11 0 0 -10 9 -8 9 -9 8 -9 9 -7 6 -5 5 -7 7 -7 6 -7 7 -7 6 -7 7 -6 5 -9 7 -6 4 -6 5 -7 4 -8 4 -7 4 -8 4 -6 3 -9 4 -8 5 -9 3 -8 5 -9 3 -10 3 0 0 0 0 0 0 0 0 0 0 ]
509,1783414533.778185,15.6717,-76,CSI_DATA,AP,98:F4:AB:29:67:94,-76,11,1,4,1,1,1,0,0,0,0,-96,0,6,1,90811780,0,84,0,0,91.1938,384,[84 -64 4 0 0 0 0 0 0 0 0 0 15 -20 15 -18 16 -19 14 -17 17 -18 16 -15 13 -19 15 -14 14 -14 16 -17 13 -17 12 -15 13 -15 11 -17 11 -16 13 -19 11 -16 10 -16 10 -13 11 -13 9 -14 7 -14 10 -13 8 -11 7 -14 8 -12 0 0 7 -12 8 -11 5 -9 6 -10 5 -8 5 -11 4 -10 4 -8 5 -9 4 -9 5 -8 4 -10 5 -7 4 -6 3 -7 4 -7 5 -9 5 -6 6 -8 6 -7 5 -7 7 -6 8 -6 8 -8 6 -7 7 -6 0 0 0 0 0 0 0 0 0 0 ]
510,1783414533.898350,15.5002,-75,CSI_DATA,AP,98:F4:AB:29:67:94,-75,11,1,2,1,1,1,0,0,0,0,-96,0,6,1,90902182,0,84,0,0,91.2842,384,[84 -64 4 0 0 0 0 0 0 0 0 0 -17 -18 -13 -16 -17 -16 -14 -14 -16 -15 -13 -14 -15 -15 -14 -16 -14 -15 -14 -16 -14 -15 -13 -13 -13 -13 -13 -13 -12 -11 -15 -14 -13 -12 -14 -13 -11 -12 -11 -11 -11 -11 -11 -10 -11 -11 -10 -10 -10 -9 -9 -9 0 0 -10 -9 -10 -8 -8 -7 -9 -7 -8 -6 -7 -7 -7 -7 -6 -7 -7 -6 -7 -6 -7 -6 -6 -5 -5 -6 -6 -6 -6 -6 -6 -6 -5 -8 -4 -7 -5 -6 -5 -6 -4 -7 -3 -7 -4 -9 -3 -9 -3 -9 -4 -9 0 0 0 0 0 0 0 0 0 0 ]
511,1783414534.019174,13.5723,-77,CSI_DATA,AP,98:F4:AB:29:67:94,-77,11,1,4,1,1,1,0,0,0,0,-96,0,6,1,90993751,0,84,0,0,91.3758,384,[84 -64 4 0 0 0 0 0 0 0 0 0 10 22 9 23 9 20 10 20 9 21 8 19 9 20 8 21 8 20 6 19 8 19 7 17 7 18 9 17 7 17 8 18 6 16 5 15 8 16 5 15 5 15 6 14 5 12 4 14 5 11 5 12 0 0 3 12 5 12 5 12 5 10 2 9 2 8 4 10 3 8 2 9 5 7 2 6 3 7 2 7 1 8 3 8 2 6 1 8 0 8 0 7 1 7 0 6 0 8 -1 9 -1 8 -2 9 -2 10 0 0 0 0 0 0 0 0 0 0 ]
512,1783414534.140466,13.3669,-76,CSI_DATA,AP,98:F4:AB:29:67:94,-76,11,1,4,1,1,1,0,0,0,0,-96,0,6,1,91082283,0,84,0,0,91.4643,384,[84 -64 4 0 0 0 0 0 0 0 0 0 -21 -19 -17 -15 -17 -18 -18 -16 -18 -16 -16 -16 -15 -18 -15 -16 -17 -17 -16 -17 -17 -12 -16 -14 -16 -14 -16 -14 -13 -11 -15 -14 -16 -11 -16 -12 -13 -12 -13 -12 -13 -11 -12 -12 -11 -9 -11 -10 -11 -9 -12 -9 0 0 -11 -8 -10 -9 -9 -7 -10 -7 -8 -8 -8 -7 -8 -7 -8 -5 -7 -4 -7 -5 -8 -6 -5 -6 -9 -5 -7 -6 -7 -7 -5 -6 -6 -8 -6 -7 -6 -7 -5 -7 -5 -7 -5 -8 -5 -9 -5 -9 -3 -9 -5 -9 0 0 0 0 0 0 0 0 0 0 ]
513,1783414534.261366,13.4840,-74,CSI_DATA,AP,98:F4:AB:29:67:94,-74,11,1,2,1,1,1,0,0,0,0,-96,0,6,1,91174543,0,84,0,0,91.5566,384,[84 -64 4 0 0 0 0 0 0 0 0 0 -18 -15 -17 -17 -20 -20 -16 -13 -14 -14 -14 -16 -11 -17 -13 -15 -20 -15 -7 -13 -14 -12 -10 -7 -10 -9 -13 -11 -13 -19 -17 -16 -16 -10 -17 -9 -5 -9 -7 -10 -11 -10 -13 -11 -15 -16 -11 -9 -10 -10 -12 -13 0 0 -10 -6 -9 -9 -10 -6 -8 -8 -8 -5 -8 -6 -6 -7 -7 -7 -7 -6 -7 -5 -7 -4 -7 -4 -7 -6 -6 -5 -7 -5 -8 -5 -7 -6 -7 -5 -7 -5 -5 -7 -4 -5 -5 -7 -5 -7 -6 -6 -5 -8 -6 -8 0 0 0 0 0 0 0 0 0 0 ]
514,1783414534.382740,13.8725,-77,CSI_DATA,AP,98:F4:AB:29:67:94,-77,11,1,4,1,1,1,0,0,0,0,-96,0,6,1,91262887,0,84,0,0,91.6449,384,[84 -64 4 0 0 0 0 0 0 0 0 0 15 -21 14 -20 15 -21 12 -20 14 -19 13 -17 12 -18 11 -18 12 -16 12 -18 12 -17 11 -17 11 -15 11 -18 11 -15 11 -18 8 -15 9 -16 9 -14 11 -13 10 -13 9 -14 8 -12 9 -13 10 -10 7 -13 0 0 7 -12 6 -10 7 -10 5 -12 4 -9 6 -10 6 -8 6 -9 6 -7 5 -8 4 -8 6 -6 4 -8 5 -6 5 -7 6 -7 8 -7 6 -5 7 -6 6 -4 6 -5 6 -5 8 -4 8 -6 9 -6 9 -5 0 0 0 0 0 0 0 0 0 0 ]
515,1783414534.505390,13.5219,-75,CSI_DATA,AP,98:F4:AB:29:67:94,-75,11,1,2,1,1,1,0,0,0,0,-96,0,6,1,91355432,0,84,0,0,91.7375,384,[84 -64 4 0 0 0 0 0 0 0 0 0 -21 9 -20 8 -22 8 -21 8 -20 7 -20 7 -18 7 -18 6 -19 8 -19 7 -19 6 -17 7 -18 6 -16 8 -16 6 -18 7 -16 7 -15 5 -16 6 -15 6 -13 5 -12 6 -13 4 -12 5 -12 6 -11 5 0 0 -12 5 -11 6 -10 4 -9 4 -10 5 -9 4 -9 4 -8 3 -8 3 -7 5 -7 3 -7 4 -7 3 -9 2 -7 2 -8 3 -8 1 -7 0 -10 0 -7 1 -9 0 -8 0 -9 0 -11 1 -10 0 -10 0 0 0 0 0 0 0 0 0 0 0 ]
516,1783414534.626137,12.8515,-76,CSI_DATA,AP,98:F4:AB:29:67:94,-76,11,1,4,1,1,1,0,0,0,0,-96,0,6,1,91444625,0,84,0,0,91.8266,384,[84 -64 4 0 0 0 0 0 0 0 0 0 15 20 16 18 15 20 14 19 15 19 13 18 14 16 14 18 13 16 11 17 12 16 14 16 12 16 11 15 12 15 12 15 9 13 13 13 10 13 10 12 10 14 10 11 8 11 9 11 8 10 8 9 0 0 7 11 7 9 7 9 7 7 5 8 6 8 5 7 4 7 6 6 5 5 6 5 6 5 5 6 4 7 4 6 3 6 4 8 4 8 4 7 1 7 3 7 2 8 3 7 2 9 2 10 2 10 0 0 0 0 0 0 0 0 0 0 ]
517,1783414534.748157,11.9239,-76,CSI_DATA,AP,98:F4:AB:29:67:94,-76,11,1,4,1,1,1,0,0,0,0,-96,0,6,1,91537563,0,84,0,0,91.9196,384,[84 -64 4 0 0 0 0 0 0 0 0 0 20 -8 19 -7 19 -8 18 -7 18 -7 18 -5 17 -7 16 -8 16 -8 16 -7 16 -6 16 -8 16 -9 16 -7 16 -8 14 -7 14 -7 14 -7 13 -8 14 -8 12 -6 11 -7 11 -6 12 -6 10 -5 10 -6 0 0 8 -6 10 -7 8 -7 9 -6 7 -5 7 -6 8 -6 6 -7 7 -4 7 -5 5 -5 5 -4 7 -3 6 -6 7 -4 6 -4 7 -5 7 -3 7 -3 6 -3 7 -3 6 -4 7 -2 9 -3 7 -2 8 -2 0 0 0 0 0 0 0 0 0 0 ]
518,1783414534.868824,13.3742,-76,CSI_DATA,AP,98:F4:AB:29:67:94,-76,11,1,4,1,1,1,0,0,0,0,-96,0,6,1,91623484,0,84,0,0,92.0055,384,[84 -64 4 0 0 0 0 0 0 0 0 0 -21 -17 -17 -18 -20 -18 -17 -17 -18 -18 -16 -15 -16 -15 -16 -16 -18 -15 -17 -17 -17 -14 -15 -14 -17 -13 -16 -14 -17 -13 -18 -13 -16 -11 -14 -11 -14 -10 -15 -11 -14 -10 -14 -10 -12 -9 -13 -8 -11 -10 -13 -8 0 0 -11 -7 -12 -7 -11 -6 -9 -6 -9 -6 -10 -5 -9 -6 -8 -5 -8 -6 -8 -4 -9 -5 -9 -5 -8 -6 -6 -5 -9 -5 -7 -4 -6 -6 -7 -7 -6 -7 -7 -6 -6 -8 -6 -7 -6 -9 -8 -7 -6 -7 -7 -9 0 0 0 0 0 0 0 0 0 0 ]
519,1783414534.989743,13.3903,-76,CSI_DATA,AP,98:F4:AB:29:67:94,-76,11,1,4,1,1,1,0,0,0,0,-96,0,6,1,91712214,0,84,0,0,92.0943,384,[84 -64 4 0 0 0 0 0 0 0 0 0 13 -17 11 -18 12 -18 12 -17 14 -17 12 -14 12 -13 12 -14 11 -16 10 -16 9 -16 10 -17 10 -15 11 -17 9 -16 10 -14 9 -14 9 -13 8 -12 8 -13 7 -12 9 -11 8 -11 8 -10 7 -11 5 -10 0 0 6 -10 6 -10 5 -9 5 -9 7 -8 5 -8 4 -9 4 -8 4 -7 3 -7 3 -7 4 -6 3 -7 4 -6 5 -7 4 -6 5 -5 5 -9 7 -5 5 -4 5 -5 5 -5 6 -5 6 -5 6 -5 9 -7 0 0 0 0 0 0 0 0 0 0 ]
520,1783414535.112181,13.4992,-76,CSI_DATA,AP,98:F4:AB:29:67:94,-76,11,1,4,1,1,1,0,0,0,0,-96,0,6,1,91803753,0,84,0,0,92.1858,384,[84 -64 4 0 0 0 0 0 0 0 0 0 -13 -19 -12 -17 -12 -19 -11 -17 -11 -18 -10 -19 -11 -16 -11 -16 -12 -17 -10 -17 -11 -15 -11 -14 -10 -16 -11 -16 -10 -14 -10 -15 -10 -13 -10 -13 -7 -14 -8 -13 -8 -12 -9 -13 -8 -11 -8 -11 -8 -11 -9 -9 0 0 -7 -11 -8 -9 -8 -10 -6 -8 -6 -8 -5 -9 -5 -8 -6 -7 -5 -8 -5 -7 -5 -6 -5 -7 -6 -6 -3 -6 -5 -7 -6 -8 -5 -7 -4 -7 -3 -7 -3 -7 -2 -6 -3 -7 -3 -9 -3 -9 -3 -8 -1 -8 0 0 0 0 0 0 0 0 0 0 ]
521,1783414535.233984,14.4297,-77,CSI_DATA,AP,98:F4:AB:29:67:94,-77,11,1,4,1,1,1,0,0,0,0,-96,0,6,1,91892456,0,84,0,0,92.2745,384,[84 -64 4 0 0 0 0 0 0 0 0 0 -23 -7 -25 -9 -25 -8 -24 -7 -25 -8 -20 -8 -20 -8 -21 -9 -23 -6 -22 -8 -20 -6 -20 -6 -20 -7 -20 -6 -18 -6 -20 -6 -20 -5 -19 -4 -17 -5 -16 -4 -17 -6 -14 -4 -14 -6 -15 -3 -15 -3 -14 -5 0 0 -14 -4 -13 -1 -12 -3 -13 -4 -11 -2 -10 -3 -11 -2 -9 -4 -10 -1 -10 -2 -9 0 -10 -2 -8 -1 -8 -4 -11 -3 -10 -3 -10 -4 -8 -5 -8 -4 -9 -4 -9 -5 -7 -7 -9 -5 -10 -5 -9 -5 -9 -6 0 0 0 0 0 0 0 0 0 0 ]
522,1783414535.355186,14.4481,-77,CSI_DATA,AP,98:F4:AB:29:67:94,-77,11,1,4,1,1,1,0,0,0,0,-96,0,6,1,91982560,0,84,0,0,92.3646,384,[84 -64 4 0 0 0 0 0 0 0 0 0 -18 13 -18 10 -18 11 -16 12 -16 11 -15 11 -15 11 -15 10 -15 9 -15 10 -16 12 -14 11 -16 12 -13 11 -12 10 -14 12 -12 10 -11 10 -12 10 -11 10 -13 10 -11 9 -10 9 -10 9 -10 9 -8 7 0 0 -8 7 -10 10 -8 7 -7 7 -7 6 -6 6 -6 6 -6 5 -5 5 -5 4 -5 6 -5 5 -5 7 -5 5 -5 5 -6 6 -6 5 -6 4 -7 4 -6 4 -7 4 -7 3 -6 4 -7 4 -8 4 -8 4 0 0 0 0 0 0 0 0 0 0 ]
523,1783414535.479328,14.1412,-76,CSI_DATA,AP,98:F4:AB:29:67:94,-76,11,1,4,1,1,1,0,0,0,0,-96,0,6,1,92073038,0,84,0,0,92.4551,384,[84 -64 4 0 0 0 0 0 0 0 0 0 -12 19 -10 17 -10 19 -10 18 -11 16 -10 14 -8 17 -10 15 -8 16 -9 16 -8 17 -7 16 -6 16 -8 17 -7 17 -7 14 -6 14 -6 15 -7 13 -6 13 -7 13 -6 12 -7 11 -6 11 -6 12 -4 11 0 0 -3 11 -5 11 -4 9 -4 9 -5 8 -3 8 -3 7 -3 7 -4 8 -4 6 -3 6 -3 7 -1 7 -4 5 -2 6 -3 6 -5 8 -5 6 -5 6 -6 5 -4 4 -6 6 -4 6 -7 5 -7 5 -7 6 0 0 0 0 0 0 0 0 0 0 ]
524,1783414535.602047,13.0249,-77,CSI_DATA,AP,98:F4:AB:29:67:94,-77,11,1,4,1,1,1,0,0,0,0,-96,0,6,1,92160881,0,84,0,0,92.5428,384,[84 -64 4 0 0 0 0 0 0 0 0 0 9 19 7 18 9 19 8 18 8 19 9 15 7 18 6 16 8 16 7 15 7 17 8 15 7 15 7 15 7 14 10 15 8 14 7 14 6 12 7 13 7 13 7 10 6 11 6 11 5 11 7 11 0 0 5 8 6 9 5 8 5 9 4 8 3 7 3 8 5 6 4 6 3 7 3 6 4 6 3 6 4 6 3 7 2 6 2 9 1 6 2 7 3 7 1 7 1 7 1 7 -1 7 0 7 0 9 0 0 0 0 0 0 0 0 0 0 ]
525,1783414535.723984,12.8398,-76,CSI_DATA,AP,98:F4:AB:29:67:94,-76,11,1,4,1,1,1,0,0,0,0,-96,0,6,1,92252506,0,84,0,0,92.6345,384,[84 -64 4 0 0 0 0 0 0 0 0 0 -21 -6 -20 -5 -22 -6 -20 -4 -22 -7 -18 -6 -18 -6 -18 -6 -18 -6 -18 -5 -17 -5 -18 -5 -18 -5 -18 -6 -16 -5 -16 -5 -16 -3 -17 -4 -14 -4 -15 -3 -13 -5 -15 -2 -14 -5 -13 -4 -13 -3 -11 -2 0 0 -12 -4 -11 -2 -11 -3 -11 -3 -9 -3 -9 -2 -9 -2 -8 -2 -8 -3 -9 -2 -9 -1 -8 -1 -9 -2 -7 -3 -9 -3 -8 -3 -8 -4 -7 -4 -8 -5 -7 -4 -7 -5 -7 -5 -7 -6 -7 -5 -8 -6 -8 -6 0 0 0 0 0 0 0 0 0 0 ]
526,1783414535.847073,12.5501,-76,CSI_DATA,AP,98:F4:AB:29:67:94,-76,11,1,4,1,1,1,0,0,0,0,-96,0,6,1,92343538,0,84,0,0,92.7255,384,[84 -64 4 0 0 0 0 0 0 0 0 0 21 11 19 11 22 14 20 12 21 14 18 12 17 9 17 11 18 11 18 11 19 11 16 10 18 11 17 10 15 9 18 10 17 9 16 9 14 8 13 9 13 8 13 9 12 7 11 7 11 7 12 7 0 0 11 8 11 8 9 6 11 5 9 5 8 6 7 6 8 4 6 5 7 3 7 4 5 4 6 4 6 5 5 4 7 5 7 6 5 5 4 7 6 6 3 5 3 6 3 8 5 6 3 6 5 8 0 0 0 0 0 0 0 0 0 0 ]
527,1783414535.969034,11.8871,-77,CSI_DATA,AP,98:F4:AB:29:67:94,-77,11,1,4,1,1,1,0,0,0,0,-96,0,6,1,92431203,0,84,0,0,92.8133,384,[84 -64 4 0 0 0 0 0 0 0 0 0 17 -12 19 -11 18 -10 17 -9 18 -11 16 -8 15 -9 16 -10 16 -10 16 -9 14 -11 14 -9 15 -12 14 -11 13 -10 12 -12 14 -10 12 -10 11 -10 12 -9 10 -9 11 -9 8 -8 9 -9 8 -9 8 -9 0 0 6 -9 7 -9 5 -9 7 -10 5 -7 5 -6 6 -6 7 -5 5 -6 4 -6 3 -7 5 -6 4 -8 3 -7 4 -7 6 -7 6 -6 6 -4 5 -5 6 -5 5 -5 6 -5 7 -5 6 -5 6 -5 7 -5 0 0 0 0 0 0 0 0 0 0 ]
528,1783414536.093136,12.7609,-77,CSI_DATA,AP,98:F4:AB:29:67:94,-77,11,1,4,1,1,1,0,0,0,0,-96,0,6,1,92523338,0,84,0,0,92.9053,384,[84 -64 4 0 0 0 0 0 0 0 0 0 -16 21 -13 19 -16 18 -15 19 -16 19 -14 14 -15 18 -12 17 -12 16 -14 16 -14 16 -13 17 -13 15 -13 15 -11 15 -12 16 -10 14 -11 14 -11 13 -10 13 -10 13 -8 12 -10 12 -8 11 -9 12 -7 11 0 0 -8 12 -6 10 -7 8 -6 10 -7 7 -7 9 -7 8 -6 8 -5 7 -6 5 -5 6 -6 7 -5 8 -6 5 -7 7 -6 6 -6 7 -6 6 -6 4 -7 3 -8 4 -7 5 -8 5 -9 3 -7 3 -8 5 0 0 0 0 0 0 0 0 0 0 ]
529,1783414536.217460,14.2962,-76,CSI_DATA,AP,98:F4:AB:29:67:94,-76,11,1,4,1,1,1,0,0,0,0,-96,0,6,1,92610980,0,84,0,0,92.993,384,[84 -64 4 0 0 0 0 0 0 0 0 0 -17 -23 -13 -22 -16 -22 -14 -22 -15 -22 -13 -18 -13 -19 -11 -19 -12 -19 -13 -20 -13 -17 -11 -17 -13 -16 -13 -16 -13 -13 -15 -15 -11 -14 -12 -14 -11 -13 -12 -14 -11 -12 -11 -13 -10 -12 -9 -12 -10 -12 -9 -12 0 0 -9 -10 -10 -10 -8 -9 -9 -9 -7 -9 -6 -8 -7 -9 -6 -8 -7 -7 -8 -7 -8 -7 -5 -5 -6 -7 -7 -5 -8 -7 -7 -7 -6 -9 -5 -7 -4 -8 -3 -8 -4 -7 -4 -8 -5 -10 -5 -8 -5 -9 -6 -9 0 0 0 0 0 0 0 0 0 0 ]
530,1783414536.340869,14.6351,-77,CSI_DATA,AP,98:F4:AB:29:67:94,-77,11,1,4,1,1,1,0,0,0,0,-96,0,6,1,92701682,0,84,0,0,93.0837,384,[84 -64 4 0 0 0 0 0 0 0 0 0 -6 -23 -5 -21 -5 -24 -5 -19 -5 -20 -4 -20 -4 -20 -6 -22 -3 -17 -4 -19 -6 -19 -5 -17 -4 -18 -4 -16 -6 -16 -5 -18 -5 -16 -6 -17 -5 -14 -4 -14 -3 -14 -3 -14 -4 -13 -4 -12 -5 -13 -4 -12 0 0 -5 -12 -4 -11 -4 -10 -3 -10 -3 -9 -3 -9 -1 -8 -3 -8 -3 -7 -3 -7 -3 -7 -2 -7 -2 -7 -3 -7 -3 -8 -2 -8 0 -8 -1 -9 -2 -7 0 -7 -2 -7 0 -7 1 -8 0 -9 0 -9 0 -8 0 0 0 0 0 0 0 0 0 0 ]
531,1783414536.465527,15.6040,-76,CSI_DATA,AP,98:F4:AB:29:67:94,-76,11,1,4,1,1,1,0,0,0,0,-96,0,6,1,92790549,0,84,0,0,93.1726,384,[84 -64 4 0 0 0 0 0 0 0 0 0 4 26 3 24 2 26 4 23 4 25 3 22 4 23 2 21 2 21 4 21 5 21 4 19 4 21 5 19 4 18 4 19 3 17 2 19 2 16 4 16 2 17 3 16 2 15 2 15 3 15 3 12 0 0 2 12 3 12 2 13 2 10 2 11 1 9 1 10 2 8 1 9 1 8 2 7 2 8 0 8 2 7 2 9 0 8 -1 9 1 8 -1 7 -1 7 -2 8 -2 7 -1 9 -2 8 -1 11 -3 10 0 0 0 0 0 0 0 0 0 0 ]
532,1783414536.589593,14.9979,-76,CSI_DATA,AP,98:F4:AB:29:67:94,-76,11,1,4,1,1,1,0,0,0,0,-96,0,6,1,92882053,0,84,0,0,93.264,384,[84 -64 4 0 0 0 0 0 0 0 0 0 26 4 23 7 24 4 24 5 22 6 22 2 20 4 20 4 20 3 19 3 20 4 19 3 19 1 19 3 18 3 20 2 18 1 17 1 16 2 17 1 15 1 16 0 14 2 14 2 14 0 13 2 0 0 10 1 11 0 12 1 10 0 10 1 10 2 9 1 8 1 8 0 8 0 8 -1 7 0 7 -1 8 1 6 -1 6 1 7 3 9 1 7 3 7 3 8 2 6 2 6 3 7 2 8 5 10 4 0 0 0 0 0 0 0 0 0 0 ]
533,1783414536.715037,14.3177,-77,CSI_DATA,AP,98:F4:AB:29:67:94,-77,11,1,4,1,1,1,0,0,0,0,-96,0,6,1,92973937,0,84,0,0,93.356,384,[84 -64 4 0 0 0 0 0 0 0 0 0 20 -13 15 -12 18 -12 16 -12 17 -13 15 -12 15 -11 17 -12 14 -12 17 -11 14 -12 14 -12 13 -11 14 -11 13 -10 13 -12 10 -10 11 -11 12 -9 11 -9 10 -9 10 -9 11 -8 10 -7 11 -8 9 -8 0 0 7 -8 9 -8 8 -9 8 -7 6 -6 7 -7 5 -6 5 -6 5 -6 6 -6 5 -5 5 -7 7 -6 4 -4 6 -6 6 -5 7 -5 6 -3 5 -4 5 -3 6 -4 6 -3 7 -4 7 -5 8 -3 9 -3 0 0 0 0 0 0 0 0 0 0 ]
534,1783414536.843129,13.8415,-76,CSI_DATA,AP,98:F4:AB:29:67:94,-76,11,1,4,1,1,1,0,0,0,0,-96,0,6,1,93062992,0,84,0,0,93.445,384,[84 -64 4 0 0 0 0 0 0 0 0 0 14 -22 13 -22 13 -23 12 -19 13 -20 13 -19 10 -19 12 -18 10 -19 11 -19 10 -18 10 -18 9 -19 10 -18 8 -19 9 -20 8 -17 7 -17 7 -14 7 -17 8 -15 7 -16 9 -14 7 -14 7 -12 6 -12 0 0 5 -12 5 -12 6 -11 5 -10 4 -9 4 -10 5 -9 4 -8 4 -8 3 -10 2 -8 4 -7 4 -8 3 -9 4 -9 3 -5 5 -8 3 -7 7 -7 6 -7 5 -8 4 -8 6 -6 6 -6 7 -8 7 -7 0 0 0 0 0 0 0 0 0 0 ]
535,1783414536.968059,13.7277,-75,CSI_DATA,AP,98:F4:AB:29:67:94,-75,11,1,2,1,1,1,0,0,0,0,-96,0,6,1,93158441,0,84,0,0,93.5405,384,[84 -64 4 0 0 0 0 0 0 0 0 0 7 21 7 20 7 20 8 18 6 18 5 18 6 19 5 18 8 18 5 17 7 18 6 16 5 17 7 15 7 16 6 17 7 15 6 14 6 14 5 14 3 14 6 12 5 13 6 13 5 11 5 12 0 0 4 10 5 11 4 10 5 9 3 9 4 8 4 8 2 7 4 6 3 5 3 6 2 7 3 7 2 7 3 7 2 8 2 8 1 6 1 8 0 7 0 8 0 8 -1 7 0 8 -1 7 -1 7 0 0 0 0 0 0 0 0 0 0 ]
536,1783414537.090026,13.5004,-77,CSI_DATA,AP,98:F4:AB:29:67:94,-77,11,1,4,1,1,1,0,0,0,0,-96,0,6,1,93242584,0,84,0,0,93.6246,384,[84 -64 4 0 0 0 0 0 0 0 0 0 23 9 22 9 25 9 21 9 22 9 21 7 21 8 21 8 20 7 21 8 18 8 19 8 20 8 18 7 19 6 19 6 17 6 17 7 15 4 16 6 15 4 13 5 14 5 13 4 15 5 13 5 0 0 12 4 12 5 11 4 9 4 8 2 10 3 9 4 7 2 8 4 8 3 8 2 5 3 6 3 6 3 8 4 7 4 7 5 7 3 7 4 6 4 6 6 6 5 5 4 6 5 6 6 5 6 0 0 0 0 0 0 0 0 0 0 ]
537,1783414537.213413,13.4003,-75,CSI_DATA,AP,98:F4:AB:29:67:94,-75,11,1,2,1,1,1,0,0,0,0,-96,0,6,1,93340007,0,84,0,0,93.7221,384,[84 -64 4 0 0 0 0 0 0 0 0 0 -19 13 -16 12 -20 14 -19 12 -18 14 -17 10 -17 11 -17 10 -16 13 -16 10 -16 11 -17 11 -16 12 -16 10 -13 10 -16 11 -14 10 -15 10 -13 9 -13 8 -12 8 -12 8 -11 7 -12 8 -12 7 -11 7 0 0 -10 8 -10 7 -8 6 -8 7 -8 6 -8 6 -8 5 -6 5 -6 6 -6 5 -6 4 -6 4 -7 5 -7 2 -7 5 -8 4 -7 6 -7 3 -6 3 -8 2 -8 2 -8 1 -9 1 -9 2 -10 2 -10 2 0 0 0 0 0 0 0 0 0 0 ]
538,1783414537.336169,13.8035,-77,CSI_DATA,AP,98:F4:AB:29:67:94,-77,11,1,4,1,1,1,0,0,0,0,-96,0,6,1,93423602,0,84,0,0,93.8056,384,[84 -64 4 0 0 0 0 0 0 0 0 0 -22 -1 -20 0 -24 -1 -21 0 -22 1 -21 1 -20 -1 -20 0 -19 2 -20 -1 -20 -1 -18 0 -19 -1 -19 -1 -17 -1 -17 -1 -16 -1 -17 -2 -16 -1 -15 0 -15 0 -15 -2 -14 -1 -15 0 -14 -1 -14 0 0 0 -12 -1 -13 0 -12 0 -10 0 -10 -1 -9 -2 -10 -1 -8 -2 -8 0 -10 -1 -8 -2 -7 -1 -7 0 -8 -1 -8 -2 -8 -3 -7 -2 -7 -3 -7 -4 -8 -5 -7 -3 -8 -3 -8 -4 -7 -4 -8 -5 -8 -5 0 0 0 0 0 0 0 0 0 0 ]
539,1783414537.459088,13.5814,-76,CSI_DATA,AP,98:F4:AB:29:67:94,-76,11,1,4,1,1,1,0,0,0,0,-96,0,6,1,93511037,0,84,0,0,93.8931,384,[84 -64 4 0 0 0 0 0 0 0 0 0 21 1 19 1 21 -1 19 -1 21 -1 17 0 18 0 19 1 16 -1 20 -1 17 -1 18 0 17 -2 17 -1 15 -1 19 0 16 -1 16 0 14 0 13 -1 14 -1 14 0 13 1 11 0 13 0 11 0 0 0 11 0 12 -1 10 -1 11 0 8 0 10 -1 8 0 7 -1 10 0 8 -1 8 -1 7 0 7 -1 7 -1 8 1 7 1 7 1 7 1 6 2 7 2 6 2 6 3 6 3 7 3 7 2 6 3 0 0 0 0 0 0 0 0 0 0 ]
540,1783414537.582283,13.1116,-76,CSI_DATA,AP,98:F4:AB:29:67:94,-76,11,1,4,1,1,1,0,0,0,0,-96,0,6,1,93600113,0,84,0,0,93.982,384,[84 -64 4 0 0 0 0 0 0 0 0 0 19 -7 17 -7 19 -6 21 -6 20 -6 17 -6 18 -5 17 -7 17 -6 18 -7 18 -6 16 -6 16 -7 16 -7 17 -7 17 -8 15 -6 13 -5 15 -7 14 -7 12 -6 13 -5 12 -5 12 -4 12 -5 11 -5 0 0 10 -5 11 -5 10 -5 10 -4 8 -3 8 -4 8 -2 7 -3 7 -3 6 -3 7 -4 7 -4 7 -2 6 -2 8 -1 7 -2 8 -2 8 -1 7 0 7 -1 7 0 7 -1 8 0 6 -1 8 0 9 -1 0 0 0 0 0 0 0 0 0 0 ]
541,1783414537.705454,13.5688,-77,CSI_DATA,AP,98:F4:AB:29:67:94,-77,11,1,4,1,1,1,0,0,0,0,-96,0,6,1,93691876,0,84,0,0,94.0739,384,[84 -64 4 0 0 0 0 0 0 0 0 0 -19 -11 -18 -9 -20 -8 -18 -10 -19 -10 -16 -9 -18 -8 -17 -8 -18 -9 -18 -8 -16 -9 -17 -9 -17 -10 -18 -9 -16 -9 -18 -8 -16 -8 -15 -7 -12 -7 -15 -7 -14 -6 -13 -7 -14 -7 -13 -6 -12 -7 -11 -8 0 0 -10 -7 -11 -5 -10 -5 -10 -5 -9 -6 -8 -5 -7 -5 -7 -6 -7 -5 -9 -6 -8 -5 -6 -5 -7 -3 -7 -4 -7 -6 -7 -5 -7 -5 -7 -5 -6 -7 -6 -6 -5 -8 -5 -6 -4 -8 -6 -6 -5 -8 -6 -9 0 0 0 0 0 0 0 0 0 0 ]
542,1783414537.828177,13.1395,-75,CSI_DATA,AP,98:F4:AB:29:67:94,-75,11,1,2,1,1,1,0,0,0,0,-96,0,6,1,93784233,0,84,0,0,94.1663,384,[84 -64 4 0 0 0 0 0 0 0 0 0 25 -1 22 1 23 -1 21 -1 22 -1 21 0 21 0 19 1 18 -1 19 -1 19 -2 19 -2 20 -2 20 -1 18 -1 19 -1 17 -1 18 -2 16 -1 16 -1 14 -1 14 -2 15 -1 13 -1 13 -1 13 -1 0 0 11 -1 12 -1 10 -1 11 0 9 -1 9 0 10 1 8 -1 7 -1 8 -1 8 -2 6 0 8 -1 7 0 8 -1 8 0 9 0 7 1 8 0 7 2 7 2 6 3 8 3 8 2 7 2 8 2 0 0 0 0 0 0 0 0 0 0 ]
543,1783414537.949638,13.6512,-75,CSI_DATA,AP,98:F4:AB:29:67:94,-75,11,1,2,1,1,1,0,0,0,0,-96,0,6,1,93871921,0,84,0,0,94.254,384,[84 -64 4 0 0 0 0 0 0 0 0 0 19 19 16 17 20 18 17 17 16 17 16 16 15 16 16 15 16 16 15 15 16 14 15 14 15 14 15 14 14 13 17 14 14 13 14 13 12 12 12 12 12 13 11 12 10 10 12 12 11 9 12 10 0 0 10 10 8 10 8 10 10 8 7 7 6 7 6 8 4 7 5 7 6 6 7 5 6 6 7 7 5 7 7 7 5 6 6 8 4 7 5 8 3 7 4 8 3 8 3 8 3 9 3 8 3 10 0 0 0 0 0 0 0 0 0 0 ]
544,1783414538.070634,14.8758,-76,CSI_DATA,AP,98:F4:AB:29:67:94,-76,11,1,4,1,1,1,0,0,0,0,-96,0,6,1,93962546,0,84,0,0,94.3446,384,[84 -64 4 0 0 0 0 0 0 0 0 0 -19 18 -20 16 -19 16 -19 14 -19 15 -18 13 -17 15 -17 13 -14 14 -17 16 -14 14 -15 14 -15 14 -15 14 -13 13 -13 18 -15 15 -12 15 -13 13 -12 13 -11 13 -10 12 -10 12 -10 11 -11 11 -10 10 0 0 -8 10 -8 10 -8 9 -7 10 -7 9 -7 7 -6 7 -5 8 -6 7 -5 6 -5 7 -3 6 -5 5 -5 6 -5 6 -5 7 -9 6 -6 5 -7 6 -6 5 -6 6 -6 7 -8 5 -6 7 -6 6 -8 7 0 0 0 0 0 0 0 0 0 0 ]
545,1783414538.193016,14.6870,-64,CSI_DATA,AP,E4:1F:D5:43:FB:39,-64,11,0,0,0,0,0,0,0,0,0,-96,0,6,1,94024704,0,135,0,0,94.407,128,[-121 112 8 0 0 0 0 0 0 0 0 0 -21 11 -20 11 -21 13 -22 13 -20 11 -19 10 -20 11 -19 9 -20 11 -23 13 -24 14 -26 16 -26 15 -27 15 -24 13 -27 16 -26 15 -25 14 -25 14 -24 14 -23 12 -24 14 -22 12 -23 14 -23 14 -23 14 0 0 -23 14 -22 13 -22 13 -21 12 -20 11 -19 11 -19 12 -18 10 -18 11 -18 10 -17 11 -16 9 -16 10 -15 10 -13 9 -13 7 -13 8 -11 6 -10 6 -9 5 -9 5 -8 4 -8 4 -7 3 -6 3 -5 3 0 0 0 0 0 0 0 0 0 0 ]
546,1783414538.314389,15.5868,-75,CSI_DATA,AP,98:F4:AB:29:67:94,-75,11,1,2,1,1,1,0,0,0,0,-96,0,6,1,94052805,0,84,0,0,94.4413,384,[84 -64 4 0 0 0 0 0 0 0 0 0 14 -20 11 -17 11 -19 11 -19 12 -18 12 -15 10 -16 10 -17 11 -16 12 -16 10 -16 9 -18 10 -17 10 -17 8 -15 9 -16 7 -15 8 -15 8 -13 8 -14 8 -14 7 -13 8 -13 6 -13 9 -13 7 -12 0 0 7 -10 7 -11 6 -11 6 -11 4 -9 5 -10 6 -8 4 -8 4 -8 3 -8 3 -7 4 -7 4 -7 4 -7 5 -7 4 -7 5 -8 4 -6 7 -6 6 -5 6 -6 6 -5 7 -6 6 -7 7 -5 8 -5 0 0 0 0 0 0 0 0 0 0 ]
547,1783414538.441470,15.9276,-76,CSI_DATA,AP,98:F4:AB:29:67:94,-76,11,1,4,1,1,1,0,0,0,0,-96,0,6,1,94141638,0,84,0,0,94.5238,384,[84 -64 4 0 0 0 0 0 0 0 0 0 -18 19 -15 18 -19 18 -17 19 -16 18 -16 15 -17 17 -15 15 -15 15 -15 16 -15 16 -15 15 -14 16 -13 14 -15 13 -14 16 -14 14 -14 13 -13 12 -13 13 -13 10 -12 11 -13 9 -11 9 -11 11 -10 11 0 0 -11 8 -10 9 -9 8 -9 9 -8 7 -9 7 -9 7 -7 6 -7 4 -9 5 -8 5 -6 5 -8 5 -7 5 -8 3 -8 4 -9 4 -7 3 -9 3 -9 3 -9 2 -9 3 -10 4 -9 1 -10 1 -10 2 0 0 0 0 0 0 0 0 0 0 ]
548,1783414538.566096,15.5252,-75,CSI_DATA,AP,98:F4:AB:29:67:94,-75,11,1,2,1,1,1,0,0,0,0,-96,0,6,1,94234171,0,84,0,0,94.6163,384,[84 -64 4 0 0 0 0 0 0 0 0 0 25 -10 22 -9 24 -10 23 -9 24 -8 22 -8 20 -8 21 -7 21 -7 20 -9 20 -9 20 -9 19 -9 19 -9 19 -10 20 -8 17 -8 16 -8 17 -8 18 -7 16 -6 16 -7 14 -7 13 -6 13 -7 13 -6 0 0 12 -6 13 -7 11 -6 11 -6 11 -3 10 -5 9 -4 9 -3 10 -4 8 -5 7 -4 7 -4 9 -4 8 -4 9 -5 8 -2 7 -3 9 -3 8 -3 9 -2 8 -2 8 0 9 -1 10 -3 9 -2 10 -3 0 0 0 0 0 0 0 0 0 0 ]
549,1783414538.690304,13.5293,-76,CSI_DATA,AP,98:F4:AB:29:67:94,-76,11,1,4,1,1,1,0,0,0,0,-96,0,6,1,94333370,0,84,0,0,94.7154,384,[84 -64 4 0 0 0 0 0 0 0 0 0 16 15 15 15 15 15 13 14 14 14 12 15 13 14 13 13 12 14 13 12 13 12 13 11 12 12 13 12 12 10 13 12 12 10 11 9 10 10 10 10 10 10 10 9 9 10 9 9 10 7 9 8 0 0 10 7 8 7 8 6 8 6 6 5 6 6 7 5 5 5 5 4 5 5 5 4 5 4 5 5 6 5 4 5 4 5 5 5 4 6 4 6 4 6 3 8 2 6 3 5 3 6 4 7 4 6 0 0 0 0 0 0 0 0 0 0 ]
