packet_idx,epoch_s,sub30_amplitude,rssi_dbm,raw_line
1,1782978593.642330,12.2066,-80,CSI_DATA,AP,98:F4:AB:29:67:94,-80,11,0,0,0,0,0,0,0,0,0,-96,0,6,1,40895873,0,28,0,0,41.2782,128,[28 -64 1 0 0 0 0 0 0 0 0 0 21 -26 20 -20 20 -21 11 -16 17 -17 17 -15 14 -18 16 -16 19 -10 23 -10 20 -11 21 -9 17 -5 21 -7 14 -1 21 -1 15 2 14 0 6 -2 9 -4 11 -4 9 1 9 -5 16 -2 10 -7 11 -7 0 0 13 -6 15 -1 14 -9 11 -9 13 -10 11 -4 11 -11 16 -10 10 -15 20 -17 16 -14 18 -19 23 -17 22 -15 25 -19 29 -19 24 -20 25 -16 26 -19 25 -22 26 -24 20 -28 25 -27 23 -32 21 -33 23 -31 0 0 0 0 0 0 0 0 0 0 ]
2,1782978593.689586,10.0000,-80,CSI_DATA,AP,98:F4:AB:29:67:94,-80,11,0,0,0,0,0,0,0,0,0,-96,0,6,1,40939503,0,135,0,0,41.3217,128,[-121 112 8 0 0 0 0 0 0 0 0 0 -27 13 -24 10 -21 10 -25 8 -21 6 -16 6 -19 7 -18 7 -18 8 -20 2 -22 4 -21 3 -19 4 -20 2 -19 -1 -18 -1 -13 -7 -8 -5 -7 0 -8 0 -9 -2 -11 -4 -8 0 -10 2 -10 0 -11 -1 0 0 -10 4 -11 5 -11 4 -13 5 -12 9 -14 5 -15 5 -14 8 -15 9 -15 12 -17 9 -14 13 -17 15 -21 7 -22 18 -22 15 -25 22 -22 17 -17 18 -19 21 -21 24 -20 19 -19 29 -17 24 -19 28 -23 30 0 0 0 0 0 0 0 0 0 0 ]
3,1782978594.172523,12.5300,-80,CSI_DATA,AP,98:F4:AB:29:67:94,-80,11,1,1,1,1,1,0,0,0,0,-96,0,6,1,41443508,0,390,0,0,41.8257,384,[-122 -31 23 0 0 0 0 0 0 0 0 0 18 2 18 0 15 4 17 2 15 5 12 7 14 5 13 8 13 9 12 10 13 10 11 11 11 12 10 10 10 11 11 12 9 12 7 13 6 7 8 8 7 8 10 9 5 9 5 10 6 11 8 9 0 0 6 10 10 8 9 7 11 7 10 4 12 7 13 5 13 7 11 5 16 6 14 4 14 9 12 6 14 8 17 6 15 3 16 6 15 6 16 5 16 2 16 5 16 4 18 6 16 4 17 3 17 2 0 0 0 0 0 0 0 0 0 0 ]
4,1782978594.235337,20.8806,-79,CSI_DATA,AP,98:F4:AB:29:67:94,-79,11,1,1,1,1,1,0,0,0,0,-96,0,6,1,41488473,0,390,0,0,41.8705,384,[-122 -31 23 0 0 0 0 0 0 0 0 0 -24 1 -24 3 -24 1 -24 -3 -21 -1 -25 -5 -22 -3 -20 -5 -19 -6 -22 -3 -22 -7 -18 -6 -20 -10 -20 -8 -18 -10 -18 -12 -15 -8 -13 -8 -14 -7 -13 -6 -15 -5 -14 -3 -13 -5 -15 -4 -20 -6 -15 -3 0 0 -14 -3 -15 0 -15 -4 -18 -2 -16 -4 -15 0 -15 2 -16 -2 -14 3 -17 1 -18 3 -16 1 -18 4 -18 3 -18 0 -16 5 -18 3 -16 2 -17 4 -18 6 -16 4 -17 6 -17 6 -20 11 -18 8 -21 9 0 0 0 0 0 0 0 0 0 0 ]
5,1782978594.281426,21.2132,-77,CSI_DATA,AP,98:F4:AB:29:67:94,-77,11,1,1,1,1,1,0,0,0,0,-96,0,6,1,41537781,0,82,0,0,41.9196,384,[82 -96 4 0 0 0 0 0 0 0 0 0 -5 33 -2 24 -2 30 -5 28 -5 32 -4 26 -5 28 -7 27 -9 26 -9 25 -10 26 -11 24 -12 25 -10 24 -9 19 -11 22 -10 18 -6 20 -4 20 -8 15 -7 18 -5 17 -8 19 -6 17 -3 21 -4 16 0 0 -4 18 -4 21 -1 17 -1 18 -1 21 -3 18 1 16 1 18 3 20 -4 23 1 22 -2 20 -2 19 1 17 3 21 4 20 1 22 1 17 1 23 2 18 1 19 3 19 2 17 5 21 6 16 3 18 0 0 0 0 0 0 0 0 0 0 ]
6,1782978594.376307,20.0000,-75,CSI_DATA,AP,98:F4:AB:29:67:94,-75,11,1,1,1,1,1,0,0,0,0,-96,0,6,1,41643508,0,82,0,0,42.0254,384,[82 -96 4 0 0 0 0 0 0 0 0 0 25 -8 25 -7 22 -2 25 -5 24 -6 23 -2 24 0 24 -1 24 -2 26 -1 25 -2 25 0 24 1 23 2 21 0 19 1 19 3 21 -2 17 3 17 -1 17 -1 20 -2 19 -3 19 -1 20 0 21 -2 0 0 20 -3 17 -5 19 -7 17 -5 19 -1 17 -7 18 0 20 -3 20 -9 21 -6 21 -8 21 -5 19 -6 23 -7 20 -6 22 -10 21 -8 20 -7 19 -7 22 -8 19 -7 19 -8 20 -6 18 -7 18 -7 19 -7 0 0 0 0 0 0 0 0 0 0 ]
7,1782978595.177002,10.2956,-73,CSI_DATA,AP,98:F4:AB:29:67:94,-73,11,1,1,1,1,1,0,0,0,0,-96,0,6,1,42443649,0,82,0,0,42.8256,384,[82 -96 4 0 0 0 0 0 0 0 0 0 11 11 11 11 8 11 9 12 8 11 8 12 7 12 7 13 6 13 5 13 6 13 5 13 4 13 5 13 4 12 5 12 4 10 4 9 4 10 5 10 4 9 4 11 5 9 5 9 5 9 6 9 0 0 6 8 7 9 6 9 7 8 6 8 7 7 7 9 8 8 7 8 9 8 9 8 8 8 9 8 8 8 9 7 9 7 10 6 8 6 9 7 11 6 10 9 9 7 9 8 9 6 10 5 10 6 0 0 0 0 0 0 0 0 0 0 ]
8,1782978595.381344,18.0278,-72,CSI_DATA,AP,98:F4:AB:29:67:94,-72,11,1,1,1,1,1,0,0,0,0,-96,0,6,1,42643124,0,82,0,0,43.0251,384,[82 -96 4 0 0 0 0 0 0 0 0 0 12 16 10 15 13 16 11 18 12 16 10 17 8 20 9 18 9 18 9 18 8 18 9 19 8 20 7 20 8 18 8 18 7 17 6 16 7 16 7 16 7 16 6 16 8 16 8 15 10 15 8 16 0 0 10 16 9 14 9 15 10 14 8 13 10 14 9 15 11 14 11 14 12 14 11 13 11 12 13 13 11 13 11 13 10 11 11 13 11 11 11 11 11 10 11 11 11 11 11 11 11 10 11 9 10 9 0 0 0 0 0 0 0 0 0 0 ]
9,1782978595.615417,24.3311,-68,CSI_DATA,AP,98:F4:AB:29:67:94,-68,11,0,0,0,0,0,0,0,0,0,-96,0,6,1,42875084,0,37,0,0,43.2572,128,[37 80 2 0 0 0 0 0 0 0 0 0 -1 22 -2 21 1 21 0 23 0 20 -1 20 -5 21 -5 22 -3 22 -5 23 -3 23 -3 23 -4 23 -4 24 -4 23 -3 24 -3 22 -3 21 -3 22 -4 21 -4 22 -5 24 -3 22 -1 23 -4 24 -4 25 0 0 -2 26 -3 25 -4 25 -1 24 -3 25 -4 25 -3 25 -5 25 -5 19 -7 18 -2 25 -1 23 -1 24 -4 22 1 21 -3 22 1 21 0 20 -2 21 -2 20 -1 22 0 21 2 19 3 20 2 18 2 18 0 0 0 0 0 0 0 0 0 0 ]
10,1782978595.645095,20.0000,-71,CSI_DATA,AP,98:F4:AB:29:67:94,-71,11,1,1,1,1,1,0,0,0,0,-96,0,6,1,42876001,0,84,0,0,43.2877,384,[84 -64 4 0 0 0 0 0 0 0 0 0 8 8 9 6 5 7 10 10 7 5 6 6 8 11 3 6 7 5 12 4 8 7 5 5 7 4 11 7 6 7 9 8 7 8 6 3 11 10 9 3 11 1 14 2 7 6 4 11 6 -2 11 -2 0 0 12 7 11 6 12 1 9 3 10 5 9 5 12 6 8 4 6 5 8 6 7 4 10 2 8 3 9 4 11 0 10 2 10 3 8 1 9 3 10 -1 12 2 8 -5 14 1 8 3 13 -1 7 4 0 0 0 0 0 0 0 0 0 0 ]
11,1782978595.694506,20.9354,-68,CSI_DATA,AP,98:F4:AB:29:67:94,-68,11,0,0,0,0,0,0,0,0,0,-96,0,6,1,42876292,0,37,0,0,43.3211,128,[37 80 2 0 0 0 0 0 0 0 0 0 -16 14 -16 15 -14 17 -13 18 -11 12 -10 11 -12 18 -18 9 -17 12 -12 11 -12 20 -18 17 -16 10 -18 15 -13 13 -17 17 -13 17 -15 14 -16 12 -11 15 -14 15 -20 13 -13 19 -10 11 -19 10 -16 14 0 0 -13 12 -15 14 -14 15 -15 17 -13 17 -18 17 -15 13 -18 15 -18 10 -11 11 -13 10 -11 17 -19 18 -15 11 -13 14 -13 15 -14 16 -13 14 -14 14 -16 17 -13 13 -7 13 -13 15 -6 14 -11 15 -8 13 0 0 0 0 0 0 0 0 0 0 ]
12,1782978595.786530,14.3942,-78,CSI_DATA,AP,98:F4:AB:29:67:94,-78,11,1,1,1,1,1,1,0,0,0,-96,1,6,1,43050508,0,84,0,0,43.4326,384,[84 -64 4 0 0 0 0 0 0 0 0 0 -5 5 -6 5 -4 6 -4 6 -4 6 -2 6 -2 7 -4 5 0 8 -4 6 -4 7 -4 7 -3 8 -1 8 -2 7 -2 8 0 7 -1 8 -1 8 -2 8 2 8 0 8 -1 8 0 8 0 10 1 9 0 0 2 10 2 10 1 9 4 10 2 9 4 10 2 11 3 11 4 10 4 13 3 12 4 13 2 13 2 11 3 13 3 11 2 13 3 12 3 13 4 11 3 12 4 12 3 13 1 14 2 14 0 13 0 0 0 0 0 0 0 0 0 0 ]
13,1782978595.879486,12.7143,-76,CSI_DATA,AP,98:F4:AB:29:67:94,-76,11,1,3,1,1,1,1,0,0,0,-96,1,6,1,43140196,0,84,0,0,43.5222,384,[84 -64 4 0 0 0 0 0 0 0 0 0 13 3 15 5 13 2 13 4 12 4 10 3 12 3 11 3 11 3 12 3 14 1 12 2 12 4 13 6 10 5 10 4 11 3 10 4 10 1 10 2 10 4 10 2 9 1 10 2 13 2 11 2 0 0 11 0 14 0 13 0 13 -3 11 -1 14 -3 13 1 14 -1 14 -2 14 -2 15 -1 14 1 16 -2 15 0 14 -1 14 -1 14 -1 14 0 15 -1 14 0 15 2 15 1 15 0 15 -1 14 1 14 1 0 0 0 0 0 0 0 0 0 0 ]
14,1782978595.973454,16.3160,-72,CSI_DATA,AP,98:F4:AB:29:67:94,-72,11,1,2,1,1,1,1,0,0,0,-96,1,6,1,43230520,0,84,0,0,43.6124,384,[84 -64 4 0 0 0 0 0 0 0 0 0 -14 18 -16 19 -15 19 -17 19 -15 17 -17 16 -14 16 -14 16 -16 14 -16 14 -16 16 -17 15 -17 15 -18 15 -17 13 -18 14 -17 13 -14 11 -15 12 -14 12 -13 11 -14 12 -13 13 -13 11 -14 14 -12 13 0 0 -12 13 -13 15 -13 13 -10 13 -13 14 -11 14 -11 14 -11 14 -12 15 -11 17 -11 16 -12 16 -10 15 -13 16 -13 15 -13 16 -13 15 -11 15 -12 17 -11 17 -11 14 -12 15 -10 15 -12 16 -11 15 -11 16 0 0 0 0 0 0 0 0 0 0 ]
15,1782978596.068074,15.8516,-73,CSI_DATA,AP,98:F4:AB:29:67:94,-73,11,1,3,1,1,1,1,0,0,0,-96,1,6,1,43322622,0,84,0,0,43.7045,384,[84 -64 4 0 0 0 0 0 0 0 0 0 -2 -23 -1 -24 -2 -22 0 -24 0 -20 0 -20 2 -19 2 -18 1 -22 2 -20 1 -19 3 -21 3 -20 2 -19 2 -19 2 -19 3 -18 2 -17 2 -16 2 -16 3 -17 2 -16 0 -14 -1 -17 0 -16 0 -15 0 0 -1 -15 -2 -16 -2 -14 -3 -16 -1 -14 -3 -16 -1 -17 -3 -15 -4 -16 -5 -15 -5 -17 -4 -15 -3 -16 -4 -17 -4 -16 -4 -17 -4 -15 -4 -16 -3 -14 -3 -14 -4 -16 -5 -16 -4 -15 -5 -15 -5 -16 -5 -16 0 0 0 0 0 0 0 0 0 0 ]
16,1782978596.147251,10.3531,-80,CSI_DATA,AP,98:F4:AB:29:67:94,-80,11,1,2,1,1,1,0,0,0,0,-96,0,6,1,43415606,0,84,0,0,43.7975,384,[84 -64 4 0 0 0 0 0 0 0 0 0 11 4 11 3 12 3 8 4 10 3 8 3 10 3 8 5 10 4 10 3 8 3 9 2 8 2 8 2 8 3 7 4 7 3 7 2 6 2 7 2 7 0 7 0 7 1 8 0 7 3 9 1 0 0 8 0 8 2 6 0 6 0 8 0 9 -1 7 0 8 0 9 -1 10 1 8 1 6 2 9 1 7 0 7 -1 6 1 8 0 6 -1 10 0 9 -1 9 0 8 -1 7 0 7 0 7 2 7 3 0 0 0 0 0 0 0 0 0 0 ]
17,1782978596.239207,12.0411,-78,CSI_DATA,AP,98:F4:AB:29:67:94,-78,11,0,0,0,0,0,0,0,0,0,-96,0,6,1,43502708,0,84,0,0,43.8847,128,[84 -64 4 0 0 0 0 0 0 0 0 0 39 -32 41 -32 37 -29 40 -33 36 -27 36 -21 34 -26 28 -21 31 -25 24 -21 24 -27 26 -26 25 -28 26 -26 23 -23 25 -23 25 -21 24 -19 20 -15 17 -14 15 -13 12 -12 10 -11 8 -15 11 -13 6 -12 0 0 8 -11 7 -8 6 -9 7 -11 9 -5 6 -6 6 -1 5 0 2 -5 -2 -2 -1 -4 1 -5 0 -4 -3 -7 -2 -3 -2 -7 3 -8 -1 -7 2 -10 0 -5 -2 -7 2 -3 -1 -6 -3 -4 -1 -5 -8 -6 0 0 0 0 0 0 0 0 0 0 ]
18,1782978596.332923,17.3427,-74,CSI_DATA,AP,98:F4:AB:29:67:94,-74,11,0,0,0,0,0,0,0,0,0,-96,0,6,1,43595575,0,84,0,0,43.9776,128,[84 -64 4 0 0 0 0 0 0 0 0 0 -40 -6 -37 -8 -38 -10 -38 -9 -33 -11 -30 -10 -30 -12 -29 -15 -29 -14 -25 -9 -27 -10 -27 -11 -24 -12 -23 -12 -23 -11 -23 -12 -21 -10 -16 -5 -17 -5 -16 -6 -17 -2 -20 -2 -18 -2 -20 1 -20 1 -21 1 0 0 -18 1 -17 3 -20 2 -18 5 -17 3 -21 6 -19 3 -21 5 -20 4 -20 4 -21 5 -21 6 -19 7 -17 5 -18 6 -16 5 -17 7 -14 7 -17 7 -14 8 -14 9 -14 7 -15 9 -15 12 -13 10 -11 9 0 0 0 0 0 0 0 0 0 0 ]
19,1782978596.385989,13.2566,-82,CSI_DATA,AP,98:F4:AB:29:67:94,-82,11,1,2,1,1,1,0,0,0,0,-96,0,6,1,43650161,0,82,0,0,44.0321,384,[82 -96 4 0 0 0 0 0 0 0 0 0 2 -8 0 -7 1 -7 0 -6 1 -5 4 -8 2 -8 2 -8 3 -7 3 -7 1 -6 2 -9 3 -8 1 -6 1 -7 0 -6 -1 -8 0 -7 2 -10 1 -9 4 -9 2 -9 1 -11 4 -8 0 -7 2 -11 0 0 1 -9 1 -9 -1 -9 0 -8 2 -9 2 -10 0 -7 2 -8 3 -9 2 -11 2 -7 3 -7 0 -5 1 -7 2 -5 1 -6 1 -7 -1 -5 0 -6 -1 -6 0 -4 -1 -5 0 -4 -1 -5 -2 -2 -1 -2 0 0 0 0 0 0 0 0 0 0 ]
20,1782978596.436277,16.4551,-84,CSI_DATA,AP,98:F4:AB:29:67:94,-84,11,0,0,0,0,0,0,0,0,0,-96,0,6,1,43687044,0,84,0,0,44.069,128,[84 -64 4 0 0 0 0 0 0 0 0 0 -8 26 -7 19 -9 16 -11 20 -7 18 -8 20 -8 17 -14 19 -6 15 -12 15 -16 15 -6 15 -11 16 -7 16 -8 19 -2 25 -8 24 -14 26 -14 22 -10 25 -10 24 -10 26 -13 22 -9 21 -7 18 -7 23 0 0 -6 24 -3 26 -1 23 -3 25 3 21 1 22 -3 21 -4 16 -1 21 -3 17 -1 17 -4 16 0 10 2 11 -4 5 0 2 -5 6 -2 1 -2 -1 -3 -1 -1 1 -6 1 -4 5 -7 -1 -10 5 -15 2 0 0 0 0 0 0 0 0 0 0 ]
21,1782978596.504628,14.4425,-79,CSI_DATA,AP,98:F4:AB:29:67:94,-79,11,1,2,1,1,1,0,0,0,0,-96,0,6,1,43769868,0,84,0,0,44.1518,384,[84 -64 4 0 0 0 0 0 0 0 0 0 20 -1 18 -4 22 0 19 -1 22 -2 18 3 17 2 19 5 17 5 17 7 16 5 15 10 15 5 17 6 16 4 17 6 16 5 15 3 13 5 11 3 10 5 12 5 10 3 10 1 12 1 10 0 0 0 8 1 9 0 5 -1 5 -1 5 -2 5 -3 6 -2 3 -2 4 -4 6 -5 4 -7 5 -7 3 -9 7 -8 3 -13 3 -9 5 -10 4 -12 4 -12 -1 -13 2 -15 2 -15 4 -16 2 -15 4 -17 4 -15 0 0 0 0 0 0 0 0 0 0 ]
22,1782978596.787018,11.3390,-77,CSI_DATA,AP,98:F4:AB:29:67:94,-77,11,1,2,1,1,1,0,0,0,0,-96,0,6,1,43865249,0,84,0,0,44.2472,384,[84 -64 4 0 0 0 0 0 0 0 0 0 27 1 27 1 29 2 28 4 26 2 25 6 24 8 23 5 25 5 22 5 22 6 20 6 20 8 21 5 18 2 23 5 17 5 16 4 14 6 13 4 13 4 14 1 12 1 11 1 11 0 11 -1 0 0 12 -1 11 -4 10 -6 9 -8 7 -5 7 -10 7 -9 9 -10 6 -10 8 -14 12 -15 9 -15 6 -16 9 -17 7 -18 4 -19 12 -19 6 -16 3 -20 5 -18 10 -19 8 -18 11 -24 4 -19 5 -18 11 -19 0 0 0 0 0 0 0 0 0 0 ]
23,1782978597.010695,12.8700,-76,CSI_DATA,AP,98:F4:AB:29:67:94,-76,11,1,4,1,1,1,0,0,0,0,-96,0,6,1,43950217,0,84,0,0,44.3322,384,[84 -64 4 0 0 0 0 0 0 0 0 0 29 -2 30 3 28 2 29 4 27 5 26 5 25 6 24 4 23 4 22 5 24 4 20 5 21 4 22 2 20 6 21 4 19 5 17 4 17 4 14 3 12 1 13 0 14 -1 13 -1 14 -3 14 -4 0 0 14 -5 13 -3 12 -6 11 -5 11 -7 12 -8 11 -9 9 -7 10 -11 9 -12 10 -12 9 -11 11 -12 11 -14 10 -12 11 -13 11 -15 10 -14 11 -15 9 -15 7 -14 9 -14 7 -14 9 -15 8 -17 7 -12 0 0 0 0 0 0 0 0 0 0 ]
24,1782978597.227837,10.0434,-80,CSI_DATA,AP,98:F4:AB:29:67:94,-80,11,1,2,1,1,1,0,0,0,0,-96,0,6,1,44048451,0,84,0,0,44.4304,384,[84 -64 4 0 0 0 0 0 0 0 0 0 13 -7 17 -5 17 -6 14 -5 13 -4 13 -4 15 -5 13 -5 11 -4 11 -5 14 -5 11 -5 12 -3 10 -5 9 -5 9 -4 9 -3 6 -5 7 -3 6 -5 5 -6 5 -6 4 -5 4 -8 4 -6 4 -8 0 0 4 -10 5 -8 2 -8 3 -9 3 -7 5 -10 2 -8 4 -11 3 -11 4 -8 4 -10 6 -11 3 -10 6 -10 6 -9 6 -8 5 -9 6 -7 5 -8 2 -9 5 -7 2 -7 4 -5 5 -6 2 -7 3 -7 0 0 0 0 0 0 0 0 0 0 ]
25,1782978597.443824,4.0255,-83,CSI_DATA,AP,98:F4:AB:29:67:94,-83,11,1,2,1,1,1,0,0,0,0,-96,0,6,1,44134542,0,84,0,0,44.5164,384,[84 -64 4 0 0 0 0 0 0 0 0 0 -4 13 -4 10 -3 13 -3 11 -5 12 -3 9 -1 8 -5 11 0 8 -1 9 -1 7 1 6 0 8 -1 8 -3 5 1 7 1 7 1 5 -2 4 0 5 2 4 0 3 0 2 -1 3 0 2 1 0 0 0 1 -3 1 0 1 -1 1 -1 1 -1 0 -3 1 -2 0 -2 -1 -4 -1 -5 -1 -4 -1 -4 1 -6 0 -6 1 -5 -2 -6 2 -8 -1 -5 -1 -6 -1 -8 0 -5 -2 -6 -1 -7 -4 -7 -1 -11 1 -8 0 0 0 0 0 0 0 0 0 0 ]
26,1782978597.660784,3.3549,-81,CSI_DATA,AP,98:F4:AB:29:67:94,-81,11,1,2,1,1,1,0,0,0,0,-96,0,6,1,44229012,0,84,0,0,44.611,384,[84 -64 4 0 0 0 0 0 0 0 0 0 -6 -21 -6 -19 -4 -20 -5 -19 -6 -17 -3 -17 0 -16 -2 -18 -2 -14 -1 -15 -3 -15 -2 -14 -2 -13 -5 -12 -1 -12 -1 -12 -2 -10 -1 -11 -1 -9 -3 -8 -2 -5 -1 -6 -1 -6 -5 -3 -6 -4 -5 -4 0 0 -4 -3 -6 -2 -6 -3 -7 -3 -6 -1 -8 -2 -5 0 -7 2 -8 2 -8 1 -10 3 -9 -1 -10 -2 -9 1 -9 0 -8 1 -9 0 -7 1 -9 1 -9 2 -9 2 -9 2 -10 0 -10 0 -7 0 -10 0 0 0 0 0 0 0 0 0 0 0 ]
27,1782978597.877788,9.3941,-79,CSI_DATA,AP,98:F4:AB:29:67:94,-79,11,1,2,1,1,1,0,0,0,0,-96,0,6,1,44311164,0,84,0,0,44.6931,384,[84 -64 4 0 0 0 0 0 0 0 0 0 2 -17 1 -18 2 -16 1 -15 2 -15 1 -13 0 -12 0 -12 -2 -11 1 -10 -1 -15 -2 -14 -2 -13 -1 -13 0 -11 0 -13 -1 -12 -1 -9 -5 -11 -4 -10 -3 -10 -7 -11 -4 -11 -6 -11 -6 -13 -5 -13 0 0 -7 -10 -7 -11 -6 -12 -8 -14 -7 -14 -6 -14 -6 -13 -9 -14 -8 -16 -8 -15 -10 -17 -5 -12 -8 -13 -6 -15 -8 -13 -6 -15 -5 -14 -6 -13 -8 -11 -8 -10 -6 -10 -5 -10 -5 -13 -7 -14 -3 -14 -4 -13 0 0 0 0 0 0 0 0 0 0 ]
28,1782978598.094379,20.2040,-80,CSI_DATA,AP,98:F4:AB:29:67:94,-80,11,0,0,0,0,0,0,0,0,0,-96,0,6,1,44402648,0,84,0,0,44.7847,128,[84 -64 4 0 0 0 0 0 0 0 0 0 31 0 33 -4 29 0 26 2 20 2 18 -1 14 0 12 -5 10 -7 9 -9 9 -10 13 -11 11 -11 8 -12 2 -8 2 -10 2 -11 -4 -12 -3 -14 -9 -10 -12 -15 -9 -18 -8 -22 -12 -26 -12 -24 -14 -22 0 0 -14 -27 -12 -28 -11 -28 -14 -21 -14 -22 -22 -23 -15 -25 -18 -26 -16 -31 -13 -27 -14 -30 -12 -30 -12 -31 -5 -28 -6 -29 -5 -28 -6 -23 -4 -15 -2 -15 -4 -15 -5 -19 -4 -14 -2 -15 -5 -16 -2 -17 -1 -14 0 0 0 0 0 0 0 0 0 0 ]
29,1782978598.312377,23.6601,-81,CSI_DATA,AP,98:F4:AB:29:67:94,-81,11,0,0,0,0,0,0,0,0,0,-96,0,6,1,44496918,0,84,0,0,44.879,128,[84 -64 4 0 0 0 0 0 0 0 0 0 -24 35 -13 33 -19 33 -16 36 -18 35 -16 28 -18 22 -16 23 -13 23 -13 20 -16 18 -14 16 -15 13 -10 14 -11 10 -12 14 -13 12 -13 11 -14 11 -16 9 -14 8 -20 9 -17 7 -21 7 -22 4 -18 4 0 0 -18 3 -18 3 -17 4 -16 7 -16 11 -14 7 -17 12 -15 6 -13 8 -16 6 -17 8 -14 5 -10 9 -12 7 -11 9 -3 5 -1 6 -1 2 0 4 -1 1 1 4 2 3 5 4 4 -1 3 -1 1 -2 0 0 0 0 0 0 0 0 0 0 ]
30,1782978598.530264,15.7517,-82,CSI_DATA,AP,98:F4:AB:29:67:94,-82,11,1,2,1,1,1,0,0,0,0,-96,0,6,1,44587228,0,84,0,0,44.9692,384,[84 -64 4 0 0 0 0 0 0 0 0 0 -4 -15 -4 -13 -4 -15 -3 -12 -3 -12 -2 -12 -1 -11 -2 -10 -2 -10 0 -8 -2 -9 -2 -9 -4 -9 -2 -8 -2 -7 -3 -7 -2 -6 0 -5 0 -5 -1 -5 -1 -5 -1 -3 -1 -3 -2 -2 1 -2 -1 1 0 0 -2 -1 -3 0 -3 1 -2 2 -3 1 -3 2 -3 2 -3 1 -3 3 -3 4 -3 3 -3 3 -4 5 -3 4 -4 5 -4 6 -5 5 -7 5 -5 4 -4 7 -5 6 -5 6 -6 4 -3 8 -6 6 -4 6 0 0 0 0 0 0 0 0 0 0 ]
31,1782978598.751503,17.9299,-81,CSI_DATA,AP,98:F4:AB:29:67:94,-81,11,0,0,0,0,0,0,0,0,0,-96,0,6,1,44643772,0,82,0,0,45.0257,128,[82 -96 4 0 0 0 0 0 0 0 0 0 -11 41 -6 40 -9 42 -10 35 -5 30 -10 26 -6 26 -8 20 -3 21 -3 22 -2 14 -6 15 -1 13 -4 10 -3 9 -7 9 -2 10 -9 10 -7 7 -11 5 -10 9 -12 9 -12 5 -15 6 -17 10 -17 5 0 0 -17 8 -22 12 -21 10 -15 10 -19 8 -23 14 -17 11 -18 11 -18 17 -16 10 -14 17 -16 12 -14 11 -15 10 -14 11 -13 11 -14 9 -12 9 -9 8 -15 7 -8 3 -8 10 -9 11 -12 12 -9 12 -15 15 0 0 0 0 0 0 0 0 0 0 ]
32,1782978598.971428,12.6304,-77,CSI_DATA,AP,98:F4:AB:29:67:94,-77,11,0,0,0,0,0,0,0,0,0,-96,0,6,1,44689827,0,84,0,0,45.0719,128,[84 -64 4 0 0 0 0 0 0 0 0 0 18 49 17 41 20 47 18 41 18 41 12 36 13 37 14 35 13 31 10 28 10 26 11 25 10 23 10 21 11 19 14 21 10 18 9 17 7 19 8 16 5 12 4 12 1 13 2 11 0 8 1 8 0 0 0 6 -1 6 2 4 -1 6 0 6 -2 6 -2 7 -2 7 -5 5 -7 4 -6 2 -8 0 -6 1 -8 1 -6 -3 -6 -6 -4 -6 -4 -6 -6 -5 -6 -6 -6 -8 -7 -7 -6 -8 -10 -8 -8 -10 -11 -10 0 0 0 0 0 0 0 0 0 0 ]
33,1782978599.190659,12.3391,-73,CSI_DATA,AP,98:F4:AB:29:67:94,-73,11,0,0,0,0,0,0,0,0,0,-96,0,6,1,44774042,0,84,0,0,45.1561,128,[84 -64 4 0 0 0 0 0 0 0 0 0 32 16 27 16 31 18 31 20 27 19 25 19 22 19 21 20 20 19 20 17 22 16 20 16 21 14 22 13 19 14 19 15 18 14 16 13 15 13 14 13 12 11 12 10 11 8 12 7 13 6 13 4 0 0 12 3 12 0 13 0 12 -1 10 -1 11 -1 12 -1 11 -4 11 -4 10 -5 11 -6 12 -8 13 -10 14 -9 16 -9 16 -10 16 -10 16 -7 16 -8 16 -8 17 -8 16 -9 17 -9 16 -11 15 -12 15 -11 0 0 0 0 0 0 0 0 0 0 ]
34,1782978599.410087,13.3116,-75,CSI_DATA,AP,98:F4:AB:29:67:94,-75,11,0,0,0,0,0,0,0,0,0,-96,0,6,1,44854269,0,84,0,0,45.2363,128,[84 -64 4 0 0 0 0 0 0 0 0 0 -25 -4 -23 -3 -26 -3 -21 -3 -26 -3 -22 -5 -24 -5 -23 -6 -25 -6 -21 -9 -22 -9 -20 -10 -22 -9 -22 -10 -19 -7 -25 -7 -20 -7 -22 -6 -19 -6 -23 -7 -19 -8 -20 -9 -16 -9 -17 -8 -16 -9 -15 -9 0 0 -14 -6 -14 -6 -15 -4 -12 -2 -12 -2 -13 -1 -12 -2 -10 -1 -13 -1 -8 -1 -6 0 -6 2 -6 3 -4 3 -4 6 -2 7 -4 8 -4 7 -1 9 -3 10 -2 9 0 11 -3 10 0 9 2 10 3 12 0 0 0 0 0 0 0 0 0 0 ]
35,1782978599.634300,9.0778,-77,CSI_DATA,AP,98:F4:AB:29:67:94,-77,11,1,4,1,1,1,0,0,0,0,-96,0,6,1,44940579,0,84,0,0,45.3225,384,[84 -64 4 0 0 0 0 0 0 0 0 0 16 5 14 6 16 6 15 6 14 7 13 8 13 9 10 9 12 10 12 9 11 9 11 8 10 9 11 6 10 7 11 8 11 7 10 7 9 7 9 8 8 9 9 6 7 8 8 6 7 5 7 6 0 0 6 4 8 3 8 2 7 2 7 3 7 1 6 1 5 1 7 -1 6 -2 5 -4 4 -3 5 -3 7 -4 4 -4 6 -5 6 -5 6 -6 7 -7 7 -6 6 -6 7 -7 5 -7 6 -8 5 -10 5 -9 0 0 0 0 0 0 0 0 0 0 ]
36,1782978599.855979,15.4455,-80,CSI_DATA,AP,98:F4:AB:29:67:94,-80,11,0,0,0,0,0,0,0,0,0,-96,0,6,1,45041280,0,84,0,0,45.4234,128,[84 -64 4 0 0 0 0 0 0 0 0 0 -35 1 -31 -1 -32 -1 -28 -6 -30 -9 -19 -9 -19 -11 -19 -12 -18 -9 -18 -16 -16 -13 -16 -16 -14 -15 -15 -14 -9 -18 -15 -17 -14 -18 -16 -18 -13 -13 -12 -22 -10 -24 -12 -22 -12 -19 -16 -23 -11 -18 -11 -21 0 0 -13 -17 -17 -19 -16 -13 -14 -11 -15 -13 -17 -13 -19 -17 -17 -13 -20 -11 -16 -11 -17 -5 -10 -11 -11 -3 -10 2 -9 3 -11 7 -13 10 -12 9 -9 10 -10 11 -10 11 -4 16 -1 15 -1 16 3 19 6 19 0 0 0 0 0 0 0 0 0 0 ]
37,1782978600.084208,22.6741,-77,CSI_DATA,AP,98:F4:AB:29:67:94,-77,11,0,0,0,0,0,0,0,0,0,-96,0,6,1,45123705,0,84,0,0,45.5058,128,[84 -64 4 0 0 0 0 0 0 0 0 0 29 7 27 9 23 8 23 7 16 8 14 10 19 7 14 3 14 1 12 -1 12 -1 12 -2 8 -3 11 -5 11 -6 11 -5 7 -8 5 -11 6 -11 6 -14 4 -15 4 -18 3 -18 6 -23 8 -23 10 -22 0 0 9 -27 9 -23 8 -25 9 -28 11 -26 10 -29 10 -28 11 -28 10 -30 13 -25 12 -30 12 -25 11 -24 13 -23 13 -22 12 -17 12 -21 11 -18 6 -17 7 -16 5 -13 8 -16 3 -16 5 -10 2 -14 5 -10 0 0 0 0 0 0 0 0 0 0 ]
38,1782978600.309208,29.9936,-74,CSI_DATA,AP,98:F4:AB:29:67:94,-74,11,0,0,0,0,0,0,0,0,0,-96,0,6,1,45213424,0,84,0,0,45.5955,128,[84 -64 4 0 0 0 0 0 0 0 0 0 -12 3 -9 3 -11 7 -11 5 -13 7 -12 7 -14 7 -13 6 -13 11 -17 11 -17 9 -19 11 -21 11 -18 8 -19 10 -21 11 -17 11 -20 12 -17 9 -21 12 -23 9 -23 13 -26 10 -25 10 -27 10 -29 10 0 0 -27 8 -31 10 -26 10 -27 10 -24 8 -26 9 -26 8 -26 8 -27 9 -27 4 -29 7 -26 3 -25 5 -20 3 -20 5 -17 6 -21 8 -17 7 -16 6 -18 9 -16 9 -15 12 -16 10 -17 10 -15 8 -14 9 0 0 0 0 0 0 0 0 0 0 ]
39,1782978600.536027,22.6143,-73,CSI_DATA,AP,98:F4:AB:29:67:94,-73,11,1,4,1,1,1,0,0,0,0,-96,0,6,1,45389272,0,84,0,0,45.7712,384,[84 -64 4 0 0 0 0 0 0 0 0 0 -9 8 -9 8 -11 9 -11 8 -12 8 -11 7 -11 7 -11 8 -12 7 -12 6 -12 6 -12 6 -11 6 -11 5 -11 4 -12 4 -12 4 -10 5 -10 5 -10 6 -11 6 -10 5 -11 7 -11 6 -11 7 -11 7 0 0 -10 6 -12 6 -10 7 -9 7 -10 6 -10 7 -10 8 -10 7 -10 7 -9 9 -9 8 -9 8 -10 8 -10 7 -9 7 -8 8 -8 7 -9 7 -9 8 -7 8 -8 8 -8 10 -8 8 -7 9 -7 9 -7 8 0 0 0 0 0 0 0 0 0 0 ]
40,1782978600.758075,14.7885,-77,CSI_DATA,AP,98:F4:AB:29:67:94,-77,11,1,4,1,1,1,0,0,0,0,-96,0,6,1,45477943,0,84,0,0,45.8599,384,[84 -64 4 0 0 0 0 0 0 0 0 0 5 -10 5 -9 6 -11 8 -11 7 -11 7 -10 9 -12 8 -11 8 -9 9 -9 10 -9 8 -8 10 -8 11 -7 10 -7 9 -6 9 -5 9 -8 9 -7 8 -8 8 -7 8 -7 9 -8 9 -7 9 -7 7 -7 0 0 7 -8 7 -8 6 -7 6 -8 5 -8 7 -8 6 -8 6 -9 6 -8 6 -10 6 -10 5 -9 6 -9 5 -8 3 -9 4 -10 2 -9 4 -8 3 -9 2 -8 3 -9 0 -10 2 -9 2 -11 1 -10 1 -8 0 0 0 0 0 0 0 0 0 0 ]
41,1782978600.979336,14.4084,-69,CSI_DATA,AP,98:F4:AB:29:67:94,-69,11,1,4,1,1,1,0,0,0,0,-96,0,6,1,45569557,0,84,0,0,45.9514,384,[84 -64 4 0 0 0 0 0 0 0 0 0 18 8 17 8 17 10 15 9 17 10 14 10 15 12 13 12 15 12 13 12 14 13 13 13 12 14 12 14 11 12 12 13 11 12 10 11 9 11 10 11 10 11 10 11 10 11 11 11 10 11 11 10 0 0 11 10 11 10 11 9 12 8 10 7 11 8 12 8 12 8 12 7 13 7 13 7 13 8 13 7 13 7 14 6 14 5 15 7 14 6 14 6 15 4 14 5 15 5 15 5 15 5 15 5 16 4 0 0 0 0 0 0 0 0 0 0 ]
42,1782978601.205266,10.6959,-75,CSI_DATA,AP,98:F4:AB:29:67:94,-75,11,1,4,1,1,1,0,0,0,0,-96,0,6,1,45660837,0,84,0,0,46.0428,384,[84 -64 4 0 0 0 0 0 0 0 0 0 -6 25 -11 26 -9 24 -9 24 -11 22 -11 23 -12 22 -13 20 -12 17 -14 17 -12 20 -12 17 -12 18 -13 16 -13 14 -11 16 -11 15 -10 11 -11 11 -8 12 -7 11 -6 12 -5 13 -5 13 -5 12 -4 12 0 0 -4 12 -2 13 -3 11 -2 12 -1 11 -1 12 0 12 2 13 1 12 2 13 4 13 2 12 3 13 3 12 4 12 3 11 5 10 4 12 5 14 6 12 6 12 5 12 8 10 6 11 6 11 8 12 0 0 0 0 0 0 0 0 0 0 ]
43,1782978601.445546,12.7136,-73,CSI_DATA,AP,98:F4:AB:29:67:94,-73,11,1,4,1,1,1,0,0,0,0,-96,0,6,1,45749312,0,84,0,0,46.1313,384,[84 -64 4 0 0 0 0 0 0 0 0 0 -19 -3 -19 -4 -20 -5 -20 -6 -20 -5 -20 -6 -20 -8 -20 -7 -19 -7 -19 -8 -19 -7 -20 -10 -19 -7 -19 -9 -19 -8 -18 -11 -17 -9 -16 -9 -16 -9 -17 -7 -16 -6 -15 -6 -14 -6 -16 -6 -16 -6 -15 -5 0 0 -16 -4 -15 -4 -16 -5 -14 -3 -14 -3 -15 -2 -15 -2 -15 -1 -15 -2 -16 1 -16 0 -16 -1 -16 1 -17 1 -16 1 -17 1 -16 2 -15 0 -16 1 -15 1 -15 3 -15 2 -16 4 -16 4 -15 2 -15 3 0 0 0 0 0 0 0 0 0 0 ]
44,1782978601.672078,14.6029,-74,CSI_DATA,AP,98:F4:AB:29:67:94,-74,11,1,4,1,1,1,0,0,0,0,-96,0,6,1,45839821,0,84,0,0,46.2218,384,[84 -64 4 0 0 0 0 0 0 0 0 0 -10 -21 -9 -21 -10 -23 -10 -20 -7 -23 -6 -21 -7 -22 -6 -23 -5 -22 -4 -24 -6 -22 -4 -23 -2 -21 -5 -22 -2 -19 -3 -21 -1 -19 -4 -18 -3 -16 -3 -16 -4 -17 -4 -17 -4 -16 -3 -17 -5 -17 -3 -16 0 0 -5 -17 -6 -15 -6 -15 -9 -15 -6 -15 -9 -15 -9 -14 -9 -15 -9 -15 -9 -18 -10 -14 -10 -17 -9 -15 -9 -15 -11 -15 -11 -14 -12 -17 -13 -14 -12 -14 -14 -14 -11 -15 -12 -15 -13 -17 -12 -15 -12 -19 -12 -14 0 0 0 0 0 0 0 0 0 0 ]
45,1782978601.904031,18.1563,-68,CSI_DATA,AP,98:F4:AB:29:67:94,-68,11,0,0,0,0,0,0,0,0,0,-96,0,6,1,45943139,0,84,0,0,46.3252,128,[84 -64 4 0 0 0 0 0 0 0 0 0 -24 -13 -21 -14 -23 -17 -23 -16 -21 -15 -20 -17 -19 -17 -19 -17 -20 -17 -18 -17 -19 -17 -20 -19 -18 -19 -17 -18 -16 -16 -18 -18 -16 -17 -15 -14 -15 -15 -15 -15 -15 -15 -17 -14 -15 -13 -16 -12 -17 -14 -17 -13 0 0 -16 -11 -16 -12 -17 -10 -17 -8 -17 -9 -16 -8 -18 -8 -17 -7 -18 -7 -17 -8 -18 -6 -17 -6 -19 -5 -17 -6 -18 -5 -18 -6 -18 -6 -17 -5 -18 -4 -17 -5 -17 -5 -18 -4 -18 -3 -17 -5 -16 -4 -16 -4 0 0 0 0 0 0 0 0 0 0 ]
46,1782978602.130903,20.3880,-74,CSI_DATA,AP,98:F4:AB:29:67:94,-74,11,1,4,1,1,1,0,0,0,0,-96,0,6,1,46020530,0,84,0,0,46.4025,384,[84 -64 4 0 0 0 0 0 0 0 0 0 -19 2 -20 1 -19 1 -19 1 -20 -2 -19 -1 -19 -2 -18 -3 -18 -4 -19 -5 -20 -5 -19 -4 -19 -5 -18 -6 -16 -6 -17 -5 -17 -5 -16 -3 -16 -5 -14 -4 -15 -7 -16 -3 -15 -3 -16 -4 -17 -3 -15 -3 0 0 -16 -3 -16 -2 -15 1 -14 -1 -13 0 -16 -1 -15 2 -15 0 -16 1 -15 2 -16 1 -16 1 -15 1 -16 1 -16 0 -15 2 -16 2 -14 3 -15 2 -16 2 -17 3 -16 3 -17 2 -17 4 -16 1 -15 2 0 0 0 0 0 0 0 0 0 0 ]
47,1782978602.364746,20.1273,-73,CSI_DATA,AP,98:F4:AB:29:67:94,-73,11,0,0,0,0,0,0,0,0,0,-96,0,6,1,46113009,0,84,0,0,46.4951,128,[84 -64 4 0 0 0 0 0 0 0 0 0 -3 33 -3 31 -4 34 -4 34 -5 32 -9 29 -7 30 -10 27 -9 28 -9 26 -10 26 -9 28 -11 25 -8 26 -10 22 -9 21 -9 21 -5 16 -7 18 -6 16 -5 14 -5 16 -2 13 -1 15 0 16 -2 16 0 0 -1 14 0 15 3 14 5 12 4 12 6 13 5 12 5 12 8 15 8 14 8 15 8 14 10 13 8 13 8 13 10 12 10 13 10 10 12 11 12 10 10 11 9 11 10 11 11 11 8 9 8 10 0 0 0 0 0 0 0 0 0 0 ]
48,1782978602.596482,19.5451,-75,CSI_DATA,AP,98:F4:AB:29:67:94,-75,11,1,4,1,1,1,0,0,0,0,-96,0,6,1,46198663,0,84,0,0,46.5806,384,[84 -64 4 0 0 0 0 0 0 0 0 0 -13 -19 -13 -18 -13 -19 -13 -19 -12 -18 -10 -18 -12 -19 -10 -18 -9 -17 -8 -19 -8 -19 -7 -18 -7 -18 -6 -19 -6 -15 -6 -17 -6 -15 -4 -14 -6 -14 -4 -13 -6 -12 -6 -11 -5 -11 -5 -11 -6 -10 -7 -11 0 0 -8 -10 -8 -8 -8 -8 -8 -7 -8 -8 -10 -7 -9 -6 -9 -7 -11 -7 -10 -6 -12 -5 -10 -6 -10 -7 -10 -7 -11 -4 -12 -5 -10 -6 -11 -5 -11 -3 -12 -3 -11 -4 -11 -3 -11 -5 -12 -5 -11 -5 -12 -5 0 0 0 0 0 0 0 0 0 0 ]
49,1782978602.828006,15.8442,-73,CSI_DATA,AP,98:F4:AB:29:67:94,-73,11,1,4,1,1,1,0,0,0,0,-96,0,6,1,46291441,0,84,0,0,46.6733,384,[84 -64 4 0 0 0 0 0 0 0 0 0 18 -17 16 -18 18 -18 17 -16 19 -17 18 -15 19 -15 18 -14 18 -12 20 -11 18 -12 17 -11 18 -11 18 -10 15 -11 18 -10 16 -9 15 -9 13 -9 13 -8 11 -8 13 -10 10 -9 11 -9 12 -10 10 -9 0 0 8 -11 8 -10 9 -9 5 -11 6 -10 6 -12 6 -10 5 -11 4 -11 3 -11 3 -12 5 -11 3 -11 4 -11 2 -11 3 -11 2 -12 2 -11 0 -12 1 -12 2 -10 -1 -11 1 -11 1 -12 1 -12 2 -12 0 0 0 0 0 0 0 0 0 0 ]
50,1782978603.062712,13.7005,-74,CSI_DATA,AP,98:F4:AB:29:67:94,-74,11,1,4,1,1,1,0,0,0,0,-96,0,6,1,46378645,0,84,0,0,46.7606,384,[84 -64 4 0 0 0 0 0 0 0 0 0 18 -2 20 -1 20 0 20 1 19 1 19 2 20 3 18 2 20 4 18 2 19 2 18 3 17 3 18 4 15 4 17 4 14 3 15 4 12 3 13 3 14 1 14 2 13 0 14 0 14 1 15 0 0 0 14 1 14 -3 13 -1 13 -2 13 -2 14 -3 12 -2 12 -3 14 -5 13 -4 13 -4 11 -4 13 -4 13 -4 13 -3 12 -4 13 -5 11 -6 13 -4 11 -6 12 -6 12 -6 12 -5 12 -7 11 -5 11 -4 0 0 0 0 0 0 0 0 0 0 ]
51,1782978603.302779,16.2539,-73,CSI_DATA,AP,98:F4:AB:29:67:94,-73,11,0,0,0,0,0,0,0,0,0,-96,0,6,1,46477317,0,84,0,0,46.8594,128,[84 -64 4 0 0 0 0 0 0 0 0 0 22 -18 22 -16 23 -16 23 -15 21 -14 22 -13 24 -11 21 -11 22 -11 23 -13 21 -14 20 -12 22 -12 21 -10 20 -9 22 -9 19 -10 15 -9 15 -8 15 -9 14 -11 16 -13 13 -11 13 -14 14 -14 14 -14 0 0 13 -13 12 -14 11 -14 11 -16 10 -15 11 -18 12 -16 12 -18 13 -18 14 -17 14 -19 13 -17 12 -19 14 -15 13 -18 12 -17 12 -18 9 -16 11 -15 10 -16 13 -16 12 -16 11 -16 10 -14 11 -13 12 -12 0 0 0 0 0 0 0 0 0 0 ]
52,1782978603.535250,13.8731,-74,CSI_DATA,AP,98:F4:AB:29:67:94,-74,11,1,4,1,1,1,0,0,0,0,-96,0,6,1,46557870,0,84,0,0,46.9398,384,[84 -64 4 0 0 0 0 0 0 0 0 0 -14 -13 -15 -14 -15 -14 -13 -15 -14 -14 -12 -14 -12 -16 -11 -15 -11 -16 -10 -16 -9 -15 -8 -15 -8 -15 -9 -15 -8 -14 -8 -14 -8 -12 -8 -12 -7 -12 -7 -10 -8 -11 -8 -10 -7 -10 -7 -10 -8 -10 -8 -10 0 0 -7 -8 -9 -8 -8 -8 -9 -7 -10 -6 -9 -6 -10 -6 -11 -7 -11 -5 -11 -6 -11 -6 -11 -6 -9 -6 -10 -6 -12 -4 -10 -3 -11 -3 -10 -3 -11 -3 -11 -1 -11 -4 -11 -3 -12 -4 -11 -3 -11 -4 -11 -4 0 0 0 0 0 0 0 0 0 0 ]
53,1782978603.764442,15.1679,-72,CSI_DATA,AP,98:F4:AB:29:67:94,-72,11,1,4,1,1,1,0,0,0,0,-96,0,6,1,46650645,0,84,0,0,47.0326,384,[84 -64 4 0 0 0 0 0 0 0 0 0 15 -19 14 -18 16 -17 14 -16 15 -17 15 -14 17 -14 16 -13 15 -14 17 -12 16 -13 16 -12 16 -11 17 -11 15 -10 16 -12 13 -11 13 -10 13 -10 13 -10 13 -9 13 -10 12 -10 12 -9 12 -11 12 -11 0 0 11 -10 12 -12 10 -12 10 -11 9 -10 10 -11 10 -13 8 -12 9 -12 9 -15 10 -13 9 -11 10 -12 8 -11 9 -13 7 -13 9 -14 8 -13 8 -12 8 -12 8 -12 7 -12 9 -13 6 -11 9 -11 7 -11 0 0 0 0 0 0 0 0 0 0 ]
54,1782978603.997358,14.5079,-75,CSI_DATA,AP,98:F4:AB:29:67:94,-75,11,1,4,1,1,1,0,0,0,0,-96,0,6,1,46737948,0,84,0,0,47.1199,384,[84 -64 4 0 0 0 0 0 0 0 0 0 16 13 17 15 15 13 15 14 15 14 14 14 12 13 11 13 11 14 11 14 10 14 10 12 12 12 11 12 10 12 11 12 9 10 10 10 9 10 9 10 10 8 9 6 9 10 11 7 11 8 10 8 0 0 10 6 11 7 9 7 10 6 10 7 10 5 11 7 11 5 11 6 11 5 10 6 11 4 10 6 11 4 8 6 10 6 8 4 9 3 8 5 7 3 9 4 7 4 8 4 7 3 9 4 6 2 0 0 0 0 0 0 0 0 0 0 ]
55,1782978604.228519,12.7942,-78,CSI_DATA,AP,98:F4:AB:29:67:94,-78,11,1,4,1,1,1,0,0,0,0,-96,0,6,1,46829008,0,84,0,0,47.211,384,[84 -64 4 0 0 0 0 0 0 0 0 0 -1 -17 -1 -15 1 -15 0 -15 0 -14 1 -13 1 -14 1 -14 1 -13 2 -12 2 -13 0 -13 2 -11 0 -14 2 -12 1 -11 3 -11 1 -10 2 -11 1 -12 0 -10 2 -11 0 -11 2 -11 0 -11 -1 -12 0 0 0 -11 1 -10 1 -11 1 -9 -1 -10 0 -10 -1 -10 0 -10 0 -11 0 -11 -1 -10 -1 -10 0 -11 0 -10 2 -11 -2 -9 -1 -10 -1 -9 -1 -11 -2 -10 0 -9 0 -8 -1 -8 0 -9 -2 -9 -1 -8 0 0 0 0 0 0 0 0 0 0 ]
56,1782978604.466305,9.9480,-77,CSI_DATA,AP,98:F4:AB:29:67:94,-77,11,1,4,1,1,1,0,0,0,0,-96,0,6,1,46919674,0,84,0,0,47.3016,384,[84 -64 4 0 0 0 0 0 0 0 0 0 -7 -22 -6 -21 -5 -23 -3 -18 -3 -21 -3 -18 -3 -21 -3 -18 -1 -16 0 -15 -1 -17 0 -16 -2 -15 -1 -15 0 -14 -1 -15 0 -11 0 -12 1 -10 -2 -11 -2 -9 -3 -9 -4 -10 -4 -9 -3 -9 -4 -9 0 0 -4 -9 -5 -10 -4 -8 -6 -6 -6 -8 -8 -8 -9 -8 -7 -8 -7 -7 -9 -7 -10 -6 -8 -8 -11 -9 -10 -7 -12 -6 -9 -9 -10 -6 -12 -7 -14 -6 -11 -6 -12 -8 -14 -7 -12 -7 -13 -6 -11 -9 -13 -8 0 0 0 0 0 0 0 0 0 0 ]
57,1782978604.700622,9.0784,-76,CSI_DATA,AP,98:F4:AB:29:67:94,-76,11,1,2,1,1,1,0,0,0,0,-96,0,6,1,47018125,0,84,0,0,47.4001,384,[84 -64 4 0 0 0 0 0 0 0 0 0 20 -11 19 -10 20 -12 19 -9 20 -8 17 -6 18 -7 17 -6 17 -7 16 -5 15 -7 15 -6 14 -6 16 -6 13 -6 16 -5 15 -6 13 -5 14 -4 12 -5 10 -3 11 -5 10 -5 10 -4 9 -5 8 -7 0 0 10 -7 11 -7 9 -7 9 -8 8 -7 8 -7 7 -7 8 -8 8 -9 8 -10 7 -9 7 -9 7 -10 8 -9 6 -8 6 -8 8 -8 7 -7 5 -8 4 -6 6 -7 5 -7 4 -7 5 -9 6 -8 4 -7 0 0 0 0 0 0 0 0 0 0 ]
58,1782978604.935657,11.7748,-76,CSI_DATA,AP,98:F4:AB:29:67:94,-76,11,1,4,1,1,1,0,0,0,0,-96,0,6,1,47107000,0,84,0,0,47.4888,384,[84 -64 4 0 0 0 0 0 0 0 0 0 2 33 1 35 2 37 0 32 -1 30 -2 30 -3 29 -3 25 -2 27 -4 25 -5 27 -3 25 -5 24 -2 21 -1 23 -3 22 -1 19 -2 19 -2 20 -1 21 -1 17 -1 18 -2 17 -2 17 -1 15 0 13 0 0 2 13 5 14 5 11 4 10 5 10 3 11 7 11 7 8 7 11 10 10 11 9 8 9 10 8 7 9 10 8 9 9 11 9 10 9 10 9 12 7 11 8 10 7 11 8 12 6 11 8 11 7 0 0 0 0 0 0 0 0 0 0 ]
59,1782978605.168459,7.5419,-82,CSI_DATA,AP,98:F4:AB:29:67:94,-82,11,1,4,1,1,1,0,0,0,0,-96,0,6,1,47277737,0,84,0,0,47.6597,384,[84 -64 4 0 0 0 0 0 0 0 0 0 19 -9 18 -8 20 -9 15 -7 16 -6 16 -4 15 -4 12 -5 11 -4 11 -4 12 -1 9 -3 9 -5 10 -1 9 -3 6 -4 8 -5 5 -2 4 -2 3 -3 3 -3 2 -3 1 -5 0 -6 2 -4 1 -6 0 0 -2 -7 -3 -5 -2 -7 -4 -8 -4 -6 -4 -5 -4 -7 -6 -8 -4 -8 -7 -11 -5 -11 -3 -10 -4 -8 -6 -8 -8 -9 -7 -7 -8 -7 -9 -8 -8 -7 -9 -8 -8 -9 -10 -9 -9 -9 -9 -7 -10 -8 -8 -9 0 0 0 0 0 0 0 0 0 0 ]
60,1782978605.419091,9.5099,-75,CSI_DATA,AP,98:F4:AB:29:67:94,-75,11,0,0,0,0,0,0,0,0,0,-96,0,6,1,47371951,0,84,0,0,47.754,128,[84 -64 4 0 0 0 0 0 0 0 0 0 -50 -2 -46 -1 -49 -2 -47 1 -44 -5 -41 -5 -39 -6 -33 -9 -33 -3 -32 -6 -32 -2 -29 -4 -30 -3 -28 -3 -26 -2 -27 0 -26 -2 -21 -1 -21 -4 -17 -3 -14 -2 -15 -1 -11 -1 -11 1 -12 1 -8 0 0 0 -9 1 -7 1 -6 3 -5 1 -3 0 0 0 0 0 2 0 6 -1 4 1 3 2 4 0 4 0 1 -1 4 -1 5 -5 3 -5 5 -7 7 -7 8 -10 8 -8 7 -12 12 -11 8 -14 8 -10 6 -13 0 0 0 0 0 0 0 0 0 0 ]
61,1782978605.658192,11.1082,-77,CSI_DATA,AP,98:F4:AB:29:67:94,-77,11,1,2,1,1,1,0,0,0,0,-96,0,6,1,47458649,0,84,0,0,47.8406,384,[84 -64 4 0 0 0 0 0 0 0 0 0 2 -23 2 -22 4 -22 3 -21 5 -20 5 -21 4 -20 6 -15 4 -17 6 -16 5 -16 4 -16 4 -16 6 -16 5 -15 5 -15 5 -15 5 -14 4 -12 3 -11 4 -12 2 -10 2 -11 0 -11 2 -11 1 -11 0 0 0 -11 1 -9 1 -10 -1 -10 1 -9 -1 -10 0 -8 -3 -8 -1 -9 -2 -9 -6 -8 -3 -9 -3 -7 -4 -9 -5 -9 -2 -5 -3 -7 -4 -6 -1 -7 -7 -5 -5 -8 -7 -5 -6 -8 -6 -8 -8 -7 -8 -6 0 0 0 0 0 0 0 0 0 0 ]
62,1782978605.899226,10.1568,-77,CSI_DATA,AP,98:F4:AB:29:67:94,-77,11,1,4,1,1,1,0,0,0,0,-96,0,6,1,47547964,0,84,0,0,47.9299,384,[84 -64 4 0 0 0 0 0 0 0 0 0 -16 10 -16 11 -16 11 -17 10 -17 8 -16 9 -15 9 -14 8 -14 8 -14 7 -13 8 -12 8 -12 9 -11 7 -11 7 -10 9 -10 8 -9 7 -9 6 -9 5 -8 6 -8 5 -7 5 -7 5 -8 5 -6 5 0 0 -5 3 -5 5 -7 3 -4 4 -5 2 -5 2 -5 1 -4 2 -4 1 -4 0 -3 1 -2 0 -2 0 -4 0 -2 -1 -4 0 -3 0 -4 -1 -5 0 -5 -1 -5 -2 -6 -2 -6 -1 -5 -1 -6 -2 -5 -2 0 0 0 0 0 0 0 0 0 0 ]
63,1782978606.135566,9.8718,-81,CSI_DATA,AP,98:F4:AB:29:67:94,-81,11,1,2,1,1,1,0,0,0,0,-96,0,6,1,47642624,0,84,0,0,48.0246,384,[84 -64 4 0 0 0 0 0 0 0 0 0 18 -7 19 -5 19 -5 18 -3 16 -4 16 -2 17 -2 14 -2 14 -4 10 -1 12 -1 12 -1 12 -2 11 -4 12 -6 11 -2 11 -3 9 -2 9 0 10 -3 8 -1 7 -3 6 -2 6 -2 7 -5 3 -3 0 0 3 -5 7 -3 3 -6 2 -6 4 -5 3 -5 3 -8 2 -7 1 -9 2 -8 0 -9 1 -11 1 -11 1 -10 1 -10 -1 -10 -2 -10 -1 -9 -4 -12 -3 -10 -2 -12 -4 -11 -3 -12 -2 -15 -2 -14 -2 -13 0 0 0 0 0 0 0 0 0 0 ]
64,1782978606.376489,6.9261,-79,CSI_DATA,AP,98:F4:AB:29:67:94,-79,11,1,2,1,1,1,0,0,0,0,-96,0,6,1,47737320,0,84,0,0,48.1193,384,[84 -64 4 0 0 0 0 0 0 0 0 0 -1 -19 -2 -17 0 -18 -1 -17 1 -17 1 -16 1 -14 1 -13 2 -12 3 -12 1 -11 1 -10 0 -11 0 -10 1 -10 0 -10 0 -11 1 -9 1 -7 0 -9 0 -6 -1 -7 1 -4 -1 -6 -1 -5 -1 -5 0 0 -1 -4 -2 -4 -1 -3 -2 -2 -2 -2 -2 -1 -2 0 -2 0 -1 1 -3 0 -4 1 -5 0 -4 1 -4 2 -3 2 -3 2 -2 4 -2 4 -2 4 -2 5 -2 5 -3 5 -3 6 -1 6 -3 6 -2 6 0 0 0 0 0 0 0 0 0 0 ]
65,1782978606.616176,6.1883,-76,CSI_DATA,AP,98:F4:AB:29:67:94,-76,11,1,2,1,1,1,0,0,0,0,-96,0,6,1,47821016,0,84,0,0,48.2029,384,[84 -64 4 0 0 0 0 0 0 0 0 0 20 -9 20 -7 18 -9 19 -7 18 -7 17 -6 15 -4 15 -4 15 -4 14 -5 14 -5 12 -5 12 -5 12 -6 11 -6 12 -5 11 -5 9 -5 9 -4 8 -3 8 -4 7 -5 6 -4 6 -4 6 -4 6 -4 0 0 5 -3 4 -3 2 -3 3 -2 4 -3 2 -3 2 -2 3 -2 1 -1 1 -1 2 -1 -1 -1 0 0 -1 -2 0 0 1 -1 1 0 1 0 1 0 1 0 1 1 1 3 1 1 2 3 1 1 1 1 0 0 0 0 0 0 0 0 0 0 ]
66,1782978606.856827,7.1499,-76,CSI_DATA,AP,98:F4:AB:29:67:94,-76,11,1,2,1,1,1,0,0,0,0,-96,0,6,1,47910632,0,84,0,0,48.2926,384,[84 -64 4 0 0 0 0 0 0 0 0 0 2 -21 1 -20 2 -19 2 -20 2 -19 3 -19 2 -16 2 -16 2 -17 1 -16 0 -15 1 -15 2 -16 1 -16 0 -15 1 -13 0 -13 1 -14 1 -13 0 -10 0 -12 0 -10 0 -10 0 -9 -1 -9 -1 -9 0 0 0 -8 0 -8 0 -8 -1 -7 0 -7 0 -6 1 -5 1 -5 0 -5 -1 -4 0 -3 0 -5 0 -3 0 -4 0 -3 0 -4 2 -4 1 -4 2 -4 3 -2 3 -3 3 -2 4 -3 3 -2 2 -1 3 -2 0 0 0 0 0 0 0 0 0 0 ]
67,1782978607.095690,5.9652,-80,CSI_DATA,AP,98:F4:AB:29:67:94,-80,11,1,2,1,1,1,0,0,0,0,-96,0,6,1,48000496,0,84,0,0,48.3825,384,[84 -64 4 0 0 0 0 0 0 0 0 0 -12 13 -11 11 -11 10 -10 11 -11 11 -12 10 -9 10 -10 9 -10 8 -9 9 -7 8 -8 7 -9 8 -6 8 -6 8 -7 8 -6 7 -5 6 -7 6 -6 6 -6 6 -5 5 -4 5 -3 4 -3 4 -3 3 0 0 -3 3 -3 2 -1 2 -2 2 -2 0 -1 1 0 0 -2 0 0 -1 0 -2 1 -2 -1 -2 0 -1 -1 -2 -1 -2 -2 -3 -2 -3 -1 -4 -1 -5 -1 -5 -2 -5 0 -7 0 -7 -1 -7 -1 -8 0 -7 0 0 0 0 0 0 0 0 0 0 ]
68,1782978607.335664,8.4015,-75,CSI_DATA,AP,98:F4:AB:29:67:94,-75,11,0,0,0,0,0,0,0,0,0,-96,0,6,1,48123344,0,84,0,0,48.5055,128,[84 -64 4 0 0 0 0 0 0 0 0 0 5 48 5 46 5 45 3 44 3 39 0 37 -2 35 -4 32 -2 33 -2 30 1 29 1 29 0 28 2 28 0 24 0 25 1 24 0 21 -1 18 0 19 0 15 1 14 -1 12 2 12 2 10 4 10 0 0 3 10 2 9 3 9 2 7 2 4 2 2 2 2 4 1 5 -1 6 -2 4 -1 6 -1 6 1 3 0 3 -1 2 -2 1 -4 0 -4 0 -6 -1 -6 0 -5 -1 -7 0 -9 0 -8 1 -7 -1 -9 0 0 0 0 0 0 0 0 0 0 ]
69,1782978607.575635,11.5440,-74,CSI_DATA,AP,98:F4:AB:29:67:94,-74,11,0,0,0,0,0,0,0,0,0,-96,0,6,1,48183416,0,84,0,0,48.5656,128,[84 -64 4 0 0 0 0 0 0 0 0 0 -33 -39 -28 -38 -30 -40 -27 -38 -25 -36 -21 -35 -17 -35 -15 -32 -18 -32 -17 -28 -18 -25 -17 -23 -16 -23 -18 -21 -15 -21 -16 -22 -14 -17 -13 -16 -13 -14 -10 -12 -9 -11 -10 -9 -11 -8 -12 -6 -14 -4 -12 -5 0 0 -11 -5 -10 -3 -9 -3 -8 -3 -6 0 -5 2 -5 4 -4 4 -6 6 -6 7 -6 8 -4 5 -6 7 -5 6 -5 6 -3 5 0 7 0 4 0 7 5 7 3 7 5 6 1 12 7 7 1 8 2 6 0 0 0 0 0 0 0 0 0 0 ]
70,1782978607.817821,19.5093,-71,CSI_DATA,AP,98:F4:AB:29:67:94,-71,11,0,0,0,0,0,0,0,0,0,-96,0,6,1,48274408,0,84,0,0,48.6565,128,[84 -64 4 0 0 0 0 0 0 0 0 0 10 40 8 40 7 39 9 40 5 37 3 37 1 34 0 32 2 35 1 30 3 31 3 30 3 31 3 29 4 28 3 30 3 28 3 25 2 24 2 22 3 22 4 22 2 19 4 20 6 21 6 20 0 0 5 20 4 20 6 18 5 16 5 15 5 14 5 14 5 12 7 11 5 12 7 12 6 12 8 12 5 11 4 10 4 10 5 9 2 5 2 5 3 5 3 4 4 2 4 3 3 2 5 3 4 3 0 0 0 0 0 0 0 0 0 0 ]
71,1782978608.060177,14.4084,-79,CSI_DATA,AP,98:F4:AB:29:67:94,-79,11,1,2,1,1,1,0,0,0,0,-96,0,6,1,48364429,0,84,0,0,48.7464,384,[84 -64 4 0 0 0 0 0 0 0 0 0 15 -14 15 -14 16 -14 14 -13 15 -13 15 -9 15 -8 12 -9 14 -8 11 -7 11 -7 12 -7 11 -7 9 -8 10 -7 9 -7 9 -6 7 -7 6 -6 8 -5 4 -5 5 -4 3 -6 4 -5 1 -6 3 -5 0 0 1 -6 1 -6 1 -6 -1 -5 -1 -6 -1 -4 -2 -6 -4 -6 -3 -6 -4 -5 -4 -5 -5 -7 -4 -5 -2 -5 -3 -5 -5 -3 -3 -3 -4 -4 -4 -3 -6 -3 -6 -4 -4 -2 -6 -2 -5 -3 -7 -1 -6 -2 0 0 0 0 0 0 0 0 0 0 ]
72,1782978608.303545,11.0030,-81,CSI_DATA,AP,98:F4:AB:29:67:94,-81,11,1,4,1,1,1,0,0,0,0,-96,0,6,1,48448847,0,84,0,0,48.8308,384,[84 -64 4 0 0 0 0 0 0 0 0 0 -1 -25 1 -24 4 -26 2 -23 3 -26 2 -25 7 -22 5 -20 4 -17 4 -16 0 -16 1 -17 2 -15 -2 -14 2 -13 5 -14 -1 -14 -2 -13 0 -9 2 -9 1 -9 0 -9 -1 -8 -2 -7 -3 -7 -6 -6 0 0 -5 -5 -6 -5 -4 -4 -5 -2 -5 -1 -7 -1 -8 -5 -8 -2 -7 -3 -11 -2 -10 2 -10 2 -12 0 -13 2 -11 -1 -10 3 -10 0 -11 4 -13 4 -12 3 -11 3 -12 3 -11 3 -13 4 -14 5 -13 3 0 0 0 0 0 0 0 0 0 0 ]
73,1782978608.547761,5.6030,-81,CSI_DATA,AP,98:F4:AB:29:67:94,-81,11,1,2,1,1,1,0,0,0,0,-96,0,6,1,48555756,0,84,0,0,48.9378,384,[84 -64 4 0 0 0 0 0 0 0 0 0 -12 11 -15 11 -14 10 -13 9 -10 9 -11 9 -11 9 -9 5 -10 9 -9 6 -9 7 -8 7 -9 7 -7 7 -7 7 -6 6 -7 6 -7 6 -6 3 -5 4 -2 6 -3 1 -1 3 -1 3 0 3 -1 2 0 0 1 4 0 1 1 1 2 0 0 0 1 -2 4 -2 5 -4 3 -3 4 -3 5 -3 6 -3 5 -4 5 -5 4 -5 3 -7 3 -7 5 -9 5 -9 4 -9 5 -9 7 -11 9 -11 10 -10 9 -12 7 -9 0 0 0 0 0 0 0 0 0 0 ]
74,1782978608.788509,1.7670,-80,CSI_DATA,AP,98:F4:AB:29:67:94,-80,11,1,2,1,1,1,0,0,0,0,-96,0,6,1,48632065,0,84,0,0,49.0139,384,[84 -64 4 0 0 0 0 0 0 0 0 0 -1 -17 -2 -16 -2 -17 -3 -16 -1 -16 0 -14 0 -15 0 -13 -3 -13 -1 -12 0 -11 -1 -11 -1 -9 -2 -9 -2 -8 -2 -8 -2 -8 -2 -7 0 -6 -1 -7 -1 -6 -2 -4 0 -3 0 -4 0 -3 1 -1 0 0 -1 -1 -1 -2 -1 -1 0 -1 1 -2 1 0 3 -2 2 -1 4 1 3 1 1 1 3 3 2 1 2 0 2 0 4 -1 2 -1 2 -2 5 -1 5 -1 6 -2 6 -3 6 -1 5 -1 7 -1 6 -1 0 0 0 0 0 0 0 0 0 0 ]
75,1782978609.029151,2.6340,-78,CSI_DATA,AP,98:F4:AB:29:67:94,-78,11,1,2,1,1,1,0,0,0,0,-96,0,6,1,48721684,0,84,0,0,49.1036,384,[84 -64 4 0 0 0 0 0 0 0 0 0 -25 -5 -24 -2 -25 -3 -21 -6 -22 -5 -20 -5 -20 -4 -19 -5 -17 -3 -18 -4 -17 -5 -15 -6 -16 -5 -15 -5 -14 -2 -15 -2 -13 -3 -12 -4 -11 -3 -11 -2 -11 -2 -9 0 -9 -1 -8 0 -7 -2 -8 0 0 0 -6 0 -6 0 -6 1 -6 0 -4 -1 -4 -1 -3 0 -3 0 -2 2 -1 2 -1 0 -2 2 0 1 -1 1 -3 1 -1 1 -2 -1 0 -2 -1 -3 0 -3 1 -2 2 -3 2 -3 3 -3 1 -2 2 -3 0 0 0 0 0 0 0 0 0 0 ]
76,1782978609.268126,4.2155,-79,CSI_DATA,AP,98:F4:AB:29:67:94,-79,11,1,2,1,1,1,0,0,0,0,-96,0,6,1,48812460,0,84,0,0,49.1945,384,[84 -64 4 0 0 0 0 0 0 0 0 0 -26 -1 -25 -3 -24 -4 -23 -2 -23 -3 -20 -4 -19 -6 -19 -4 -18 -5 -16 -5 -16 -3 -15 -5 -16 -5 -14 -4 -12 -4 -13 -3 -12 0 -11 -2 -11 -1 -9 -2 -9 -2 -8 -1 -8 -1 -7 2 -8 1 -7 4 0 0 -7 1 -8 0 -6 3 -6 2 -3 3 -4 3 -3 4 -4 4 -4 6 -4 6 -4 6 -4 6 -3 5 -6 6 -3 4 -3 3 -2 3 -1 4 -1 4 -2 6 0 3 0 7 0 4 1 5 1 4 1 6 0 0 0 0 0 0 0 0 0 0 ]
77,1782978609.504628,5.6641,-78,CSI_DATA,AP,98:F4:AB:29:67:94,-78,11,1,2,1,1,1,0,0,0,0,-96,0,6,1,48900137,0,84,0,0,49.2821,384,[84 -64 4 0 0 0 0 0 0 0 0 0 17 22 16 21 15 23 12 20 11 21 8 19 6 18 5 17 5 16 5 14 6 15 7 13 7 13 7 10 8 11 7 13 7 8 6 10 5 6 6 6 4 6 6 6 5 4 7 3 7 4 8 1 0 0 9 2 9 2 7 2 8 1 7 -1 9 -2 6 0 7 -2 6 -3 7 -2 5 -3 8 -3 8 -3 5 -1 6 -3 7 -2 5 -3 5 -3 4 -2 1 -5 1 -2 3 -4 4 -4 -1 -3 3 -5 2 -5 0 0 0 0 0 0 0 0 0 0 ]
78,1782978609.744404,8.0241,-78,CSI_DATA,AP,98:F4:AB:29:67:94,-78,11,1,2,1,1,1,0,0,0,0,-96,0,6,1,48990502,0,84,0,0,49.3725,384,[84 -64 4 0 0 0 0 0 0 0 0 0 1 -29 0 -29 1 -24 3 -26 5 -24 5 -22 4 -19 5 -18 5 -18 4 -14 3 -14 3 -14 3 -13 1 -14 1 -13 2 -13 1 -12 1 -11 1 -11 2 -11 -2 -9 -1 -7 -4 -6 -2 -7 -5 -9 -5 -8 0 0 -5 -9 -6 -9 -6 -7 -8 -8 -5 -7 -7 -8 -8 -8 -9 -7 -11 -8 -11 -7 -11 -6 -10 -8 -11 -9 -10 -8 -10 -9 -10 -8 -10 -7 -10 -7 -11 -6 -11 -6 -11 -7 -11 -6 -12 -9 -13 -7 -10 -7 -12 -7 0 0 0 0 0 0 0 0 0 0 ]
79,1782978609.983992,8.8863,-77,CSI_DATA,AP,98:F4:AB:29:67:94,-77,11,1,2,1,1,1,0,0,0,0,-96,0,6,1,49086419,0,84,0,0,49.4684,384,[84 -64 4 0 0 0 0 0 0 0 0 0 -29 3 -26 2 -28 1 -26 1 -23 1 -24 -1 -22 -1 -21 -3 -21 -1 -18 -1 -18 -1 -17 0 -17 -2 -17 -1 -15 0 -16 -1 -14 -1 -15 1 -13 -1 -12 0 -10 1 -11 -1 -9 1 -8 1 -6 0 -7 2 0 0 -7 4 -7 3 -5 4 -3 2 -4 2 -2 5 -2 5 -2 4 -1 5 -1 4 -1 4 -2 5 -2 6 0 5 -1 4 0 4 0 3 2 5 2 4 3 3 4 2 3 4 3 3 3 3 4 5 3 3 0 0 0 0 0 0 0 0 0 0 ]
80,1782978610.227589,13.7790,-72,CSI_DATA,AP,98:F4:AB:29:67:94,-72,11,0,0,0,0,0,0,0,0,0,-96,0,6,1,49170279,0,84,0,0,49.5524,128,[84 -64 4 0 0 0 0 0 0 0 0 0 -29 -39 -23 -37 -26 -39 -24 -36 -23 -37 -17 -34 -15 -33 -13 -32 -16 -31 -14 -28 -18 -29 -15 -26 -16 -24 -17 -21 -11 -21 -11 -24 -15 -14 -17 -17 -13 -12 -11 -21 -10 -15 -11 -12 -9 -10 -11 -9 -12 -8 -11 -7 0 0 -11 -4 -11 -5 -10 -3 -10 -3 -8 1 -9 -1 -8 -1 -8 1 -7 2 -8 4 -8 5 -9 3 -7 4 -5 3 -6 4 -7 5 -6 5 -4 2 -3 3 -1 4 -2 3 -2 3 -1 3 0 4 0 3 0 2 0 0 0 0 0 0 0 0 0 0 ]
81,1782978610.470593,11.9183,-75,CSI_DATA,AP,98:F4:AB:29:67:94,-75,11,1,2,1,1,1,0,0,0,0,-96,0,6,1,49259127,0,84,0,0,49.641,384,[84 -64 4 0 0 0 0 0 0 0 0 0 -8 26 -8 25 -10 24 -9 25 -11 22 -11 21 -9 19 -11 18 -11 16 -10 18 -9 18 -9 16 -8 15 -10 15 -9 13 -8 15 -7 13 -7 12 -8 11 -5 12 -6 10 -5 10 -4 11 -3 12 -2 10 -1 9 0 0 -1 10 1 10 -1 8 0 8 1 7 2 7 3 9 4 9 5 7 6 8 4 8 5 7 5 8 4 9 4 8 5 9 6 9 5 7 5 8 5 7 6 6 5 9 4 7 6 8 6 8 6 7 0 0 0 0 0 0 0 0 0 0 ]
82,1782978610.714896,13.9583,-77,CSI_DATA,AP,98:F4:AB:29:67:94,-77,11,1,4,1,1,1,0,0,0,0,-96,0,6,1,49353260,0,84,0,0,49.7352,384,[84 -64 4 0 0 0 0 0 0 0 0 0 -28 9 -29 9 -25 5 -28 5 -27 6 -26 3 -25 3 -26 2 -23 1 -22 1 -21 3 -21 5 -21 0 -19 3 -18 2 -20 2 -21 1 -17 0 -19 -1 -16 0 -15 0 -13 4 -15 2 -14 3 -14 3 -13 6 0 0 -14 4 -15 3 -13 5 -11 4 -10 3 -11 7 -10 6 -11 6 -11 7 -11 9 -10 10 -11 8 -12 9 -12 8 -14 7 -10 8 -12 10 -9 9 -7 8 -9 10 -9 10 -10 11 -10 10 -9 11 -9 9 -11 11 0 0 0 0 0 0 0 0 0 0 ]
83,1782978610.956420,11.0972,-77,CSI_DATA,AP,98:F4:AB:29:67:94,-77,11,1,2,1,1,1,0,0,0,0,-96,0,6,1,49438560,0,84,0,0,49.8205,384,[84 -64 4 0 0 0 0 0 0 0 0 0 20 -17 19 -13 20 -15 17 -14 20 -11 17 -8 16 -11 17 -7 15 -8 14 -7 15 -6 13 -6 14 -6 12 -7 11 -8 12 -7 10 -8 9 -6 8 -6 6 -5 8 -7 6 -7 6 -8 6 -8 5 -7 5 -9 0 0 4 -8 2 -10 3 -9 2 -9 2 -8 1 -9 2 -6 0 -10 1 -9 2 -9 1 -10 2 -8 2 -10 2 -10 0 -9 1 -6 0 -7 -1 -7 1 -6 -2 -7 -2 -7 0 -6 0 -5 -2 -5 0 -6 -2 -5 0 0 0 0 0 0 0 0 0 0 ]
84,1782978611.200216,11.2984,-76,CSI_DATA,AP,98:F4:AB:29:67:94,-76,11,1,4,1,1,1,0,0,0,0,-96,0,6,1,49532633,0,84,0,0,49.9146,384,[84 -64 4 0 0 0 0 0 0 0 0 0 24 10 23 8 22 11 21 9 21 10 18 11 18 12 16 12 16 11 15 12 16 8 13 11 14 10 14 9 13 6 13 7 12 7 12 6 9 6 9 5 9 4 9 2 9 4 10 1 11 4 10 0 0 0 10 0 11 0 10 2 10 0 10 -1 10 -2 10 -3 9 -4 11 -2 9 -3 12 -4 11 -4 10 -5 11 -2 10 -3 11 -2 10 -2 9 -3 10 -3 8 -3 9 -4 9 -4 8 -3 10 -4 7 -3 9 -2 0 0 0 0 0 0 0 0 0 0 ]
85,1782978611.445174,12.8479,-74,CSI_DATA,AP,98:F4:AB:29:67:94,-74,11,1,2,1,1,1,0,0,0,0,-96,0,6,1,49626321,0,84,0,0,50.0083,384,[84 -64 4 0 0 0 0 0 0 0 0 0 -22 15 -22 11 -23 12 -23 9 -20 8 -22 6 -20 6 -20 4 -18 5 -17 5 -16 7 -16 7 -16 7 -16 7 -16 6 -15 7 -14 6 -13 7 -15 6 -13 5 -13 5 -12 6 -11 7 -10 8 -11 8 -11 9 0 0 -10 8 -10 10 -9 9 -7 10 -9 8 -10 10 -8 10 -9 10 -8 10 -8 11 -8 13 -7 12 -7 12 -7 13 -7 13 -8 13 -7 12 -7 11 -7 11 -8 11 -7 11 -6 12 -7 11 -5 12 -6 11 -6 10 0 0 0 0 0 0 0 0 0 0 ]
86,1782978611.689034,14.5875,-76,CSI_DATA,AP,98:F4:AB:29:67:94,-76,11,1,4,1,1,1,0,0,0,0,-96,0,6,1,49710451,0,84,0,0,50.0924,384,[84 -64 4 0 0 0 0 0 0 0 0 0 -29 -23 -23 -22 -22 -23 -23 -23 -21 -24 -16 -21 -18 -23 -13 -23 -14 -21 -13 -21 -13 -18 -13 -17 -14 -15 -13 -16 -14 -13 -12 -13 -12 -13 -12 -12 -11 -14 -8 -12 -10 -10 -11 -11 -13 -11 -11 -7 -14 -7 -14 -5 0 0 -14 -6 -14 -5 -13 -5 -14 -4 -14 -4 -14 -3 -15 -2 -13 -2 -16 0 -15 -3 -17 -1 -15 -2 -15 0 -15 -3 -14 -2 -14 1 -15 1 -14 -1 -15 1 -15 4 -15 0 -14 2 -14 2 -14 2 -15 3 -14 3 0 0 0 0 0 0 0 0 0 0 ]
87,1782978611.936035,12.8617,-76,CSI_DATA,AP,98:F4:AB:29:67:94,-76,11,1,4,1,1,1,0,0,0,0,-96,0,6,1,49797855,0,84,0,0,50.1798,384,[84 -64 4 0 0 0 0 0 0 0 0 0 22 -13 21 -12 19 -11 21 -10 22 -9 18 -8 19 -9 20 -6 19 -5 18 -5 19 -6 16 -6 17 -5 16 -6 15 -6 16 -6 15 -7 14 -6 12 -6 12 -5 10 -5 11 -7 11 -5 10 -6 10 -5 9 -7 0 0 9 -8 8 -7 8 -9 8 -10 7 -7 7 -9 5 -9 6 -8 5 -10 4 -10 4 -10 4 -9 6 -9 4 -10 4 -11 2 -9 3 -11 3 -8 1 -9 0 -10 2 -9 0 -10 0 -11 0 -10 2 -12 2 -10 0 0 0 0 0 0 0 0 0 0 ]
88,1782978612.181353,12.6819,-76,CSI_DATA,AP,98:F4:AB:29:67:94,-76,11,1,4,1,1,1,0,0,0,0,-96,0,6,1,49897224,0,84,0,0,50.2792,384,[84 -64 4 0 0 0 0 0 0 0 0 0 -24 1 -21 -1 -24 2 -22 1 -24 0 -21 0 -21 0 -20 -3 -19 -2 -22 -4 -21 -4 -20 -4 -19 -5 -21 -3 -16 -2 -18 -3 -17 -3 -19 -3 -15 -3 -14 -3 -16 -4 -15 -1 -16 -2 -15 -3 -13 -2 -14 -3 0 0 -14 -3 -15 0 -13 0 -14 0 -11 -1 -13 0 -13 1 -12 1 -11 2 -13 1 -12 1 -12 0 -11 -1 -10 1 -13 1 -11 2 -12 0 -11 1 -9 1 -11 0 -9 1 -10 1 -8 0 -8 1 -8 0 -8 2 0 0 0 0 0 0 0 0 0 0 ]
89,1782978612.431565,14.3863,-75,CSI_DATA,AP,98:F4:AB:29:67:94,-75,11,1,4,1,1,1,0,0,0,0,-96,0,6,1,49979109,0,84,0,0,50.361,384,[84 -64 4 0 0 0 0 0 0 0 0 0 -4 -22 -2 -21 -1 -21 0 -20 1 -20 0 -19 0 -20 1 -19 0 -18 0 -16 -1 -19 -2 -19 -2 -18 0 -19 1 -16 3 -19 1 -17 0 -16 2 -15 0 -15 2 -14 -1 -15 -1 -16 1 -15 0 -16 -1 -15 0 0 -1 -15 0 -16 0 -17 -2 -16 -1 -14 -1 -14 1 -15 -1 -14 -2 -14 -3 -12 -4 -15 -4 -12 -3 -14 -4 -14 -4 -13 -3 -13 -3 -13 -3 -13 -3 -12 -3 -12 -2 -11 -4 -13 -4 -10 -4 -10 -4 -11 -4 -11 0 0 0 0 0 0 0 0 0 0 ]
90,1782978612.677135,12.7824,-76,CSI_DATA,AP,98:F4:AB:29:67:94,-76,11,1,2,1,1,1,0,0,0,0,-96,0,6,1,50074184,0,84,0,0,50.4561,384,[84 -64 4 0 0 0 0 0 0 0 0 0 9 13 8 13 7 12 7 12 6 12 5 11 4 10 5 9 4 9 4 9 4 7 6 8 4 8 5 9 6 7 5 7 6 7 5 6 5 8 6 7 7 7 6 8 8 8 8 8 7 7 8 9 0 0 7 8 8 10 8 8 6 8 8 8 8 8 8 8 9 7 8 8 9 9 9 10 8 8 8 9 8 8 6 9 7 8 7 8 7 8 8 8 8 8 8 8 8 8 7 6 7 9 7 7 7 9 0 0 0 0 0 0 0 0 0 0 ]
91,1782978612.924265,12.5387,-74,CSI_DATA,AP,98:F4:AB:29:67:94,-74,11,0,0,0,0,0,0,0,0,0,-96,0,6,1,50163176,0,84,0,0,50.5452,128,[84 -64 4 0 0 0 0 0 0 0 0 0 36 -35 31 -32 38 -33 34 -29 35 -29 32 -21 31 -23 30 -20 27 -21 28 -18 27 -18 29 -17 24 -15 22 -16 19 -16 20 -18 17 -14 17 -15 13 -12 12 -15 11 -12 8 -15 7 -12 8 -13 6 -12 6 -12 0 0 3 -14 3 -15 2 -14 0 -13 0 -12 1 -12 0 -13 -1 -10 -5 -12 -4 -12 -3 -13 -4 -10 -4 -11 -3 -10 -5 -10 -4 -8 -6 -7 -5 -5 -5 -5 -5 -1 -6 -1 -6 1 -7 0 -8 0 -7 1 -7 2 0 0 0 0 0 0 0 0 0 0 ]
92,1782978613.169503,9.8471,-75,CSI_DATA,AP,98:F4:AB:29:67:94,-75,11,1,4,1,1,1,0,0,0,0,-96,0,6,1,50248377,0,84,0,0,50.6303,384,[84 -64 4 0 0 0 0 0 0 0 0 0 -20 8 -18 6 -18 7 -16 5 -16 4 -17 3 -15 3 -16 2 -16 2 -14 2 -13 2 -13 3 -13 3 -12 4 -13 3 -12 4 -11 4 -11 2 -10 2 -10 3 -10 2 -9 2 -8 4 -8 4 -7 4 -7 4 0 0 -8 4 -7 5 -7 5 -6 5 -6 5 -6 5 -6 4 -5 4 -5 6 -4 4 -4 5 -4 4 -5 5 -4 5 -5 6 -5 5 -5 4 -4 3 -5 3 -5 3 -4 3 -4 3 -5 2 -4 2 -4 2 -4 1 0 0 0 0 0 0 0 0 0 0 ]
93,1782978613.414500,10.8872,-72,CSI_DATA,AP,98:F4:AB:29:67:94,-72,11,1,4,1,1,1,0,0,0,0,-96,0,6,1,50338369,0,84,0,0,50.7203,384,[84 -64 4 0 0 0 0 0 0 0 0 0 -1 -27 -1 -25 1 -24 0 -25 1 -23 3 -23 1 -22 2 -21 1 -21 2 -19 1 -19 2 -19 1 -19 0 -19 1 -17 1 -18 0 -17 -1 -16 0 -16 -2 -14 -1 -15 -1 -15 -3 -14 -3 -14 -2 -14 -3 -15 0 0 -5 -13 -4 -12 -4 -12 -6 -11 -6 -13 -6 -13 -7 -12 -7 -12 -5 -12 -7 -12 -8 -11 -7 -11 -8 -12 -8 -12 -7 -12 -7 -12 -7 -12 -8 -12 -6 -11 -7 -11 -6 -11 -6 -11 -5 -11 -6 -10 -4 -9 -4 -10 0 0 0 0 0 0 0 0 0 0 ]
94,1782978613.660387,15.3439,-72,CSI_DATA,AP,98:F4:AB:29:67:94,-72,11,1,4,1,1,1,0,0,0,0,-96,0,6,1,50427862,0,84,0,0,50.8098,384,[84 -64 4 0 0 0 0 0 0 0 0 0 -19 -21 -19 -21 -17 -23 -17 -22 -15 -22 -15 -23 -13 -20 -13 -20 -12 -21 -11 -20 -11 -20 -11 -20 -12 -21 -11 -19 -11 -17 -11 -19 -11 -17 -11 -17 -9 -15 -9 -17 -9 -14 -9 -15 -8 -15 -11 -14 -11 -15 -13 -13 0 0 -11 -13 -12 -14 -11 -13 -12 -12 -11 -11 -12 -12 -13 -12 -12 -12 -12 -12 -14 -11 -15 -11 -12 -11 -14 -10 -14 -10 -13 -12 -13 -10 -12 -12 -13 -10 -13 -11 -13 -9 -12 -10 -10 -11 -10 -11 -12 -8 -11 -10 -11 -10 0 0 0 0 0 0 0 0 0 0 ]
95,1782978613.905921,18.5845,-73,CSI_DATA,AP,98:F4:AB:29:67:94,-73,11,1,4,1,1,1,0,0,0,0,-96,0,6,1,50520096,0,84,0,0,50.9021,384,[84 -64 4 0 0 0 0 0 0 0 0 0 -29 1 -27 -1 -28 -1 -26 -2 -26 -2 -24 -4 -24 -3 -22 -3 -25 -3 -22 -5 -22 -4 -23 -3 -22 -4 -21 -4 -19 -2 -22 -4 -19 -2 -18 -2 -18 -2 -18 0 -17 -3 -17 1 -17 0 -17 1 -19 0 -17 1 0 0 -18 0 -17 1 -16 2 -17 2 -16 2 -15 3 -15 6 -17 4 -17 5 -16 6 -17 5 -17 6 -16 5 -16 6 -16 6 -14 6 -17 5 -14 5 -15 8 -15 6 -16 6 -13 7 -15 7 -14 6 -15 5 -14 4 0 0 0 0 0 0 0 0 0 0 ]
96,1782978614.155814,18.4121,-73,CSI_DATA,AP,98:F4:AB:29:67:94,-73,11,1,4,1,1,1,0,0,0,0,-96,0,6,1,50608427,0,84,0,0,50.9904,384,[84 -64 4 0 0 0 0 0 0 0 0 0 -15 -14 -14 -13 -15 -14 -14 -14 -13 -14 -13 -13 -13 -14 -11 -15 -12 -14 -11 -13 -11 -13 -11 -14 -10 -14 -10 -14 -10 -13 -10 -13 -9 -13 -8 -12 -8 -12 -10 -12 -10 -12 -9 -11 -10 -10 -10 -11 -11 -11 -12 -12 0 0 -12 -12 -11 -12 -11 -11 -11 -12 -10 -11 -11 -11 -11 -10 -11 -12 -11 -11 -12 -10 -12 -12 -11 -10 -13 -12 -11 -10 -11 -11 -11 -10 -10 -11 -11 -10 -10 -11 -10 -10 -10 -10 -11 -10 -10 -9 -10 -10 -9 -9 -10 -8 0 0 0 0 0 0 0 0 0 0 ]
97,1782978614.405017,16.2573,-75,CSI_DATA,AP,98:F4:AB:29:67:94,-75,11,1,4,1,1,1,0,0,0,0,-96,0,6,1,50697468,0,84,0,0,51.0794,384,[84 -64 4 0 0 0 0 0 0 0 0 0 8 17 7 16 7 17 7 19 6 18 5 16 5 17 2 15 5 16 3 16 4 17 3 16 2 16 2 15 1 15 3 13 2 13 3 11 2 12 2 12 3 12 4 11 4 10 2 11 4 13 6 13 0 0 4 12 5 12 5 12 4 10 3 10 6 10 5 11 6 11 6 12 6 10 6 11 6 12 6 13 4 12 5 11 5 11 7 11 6 10 6 11 5 11 5 9 5 11 6 10 5 11 4 11 4 9 0 0 0 0 0 0 0 0 0 0 ]
98,1782978614.656060,13.6422,-76,CSI_DATA,AP,98:F4:AB:29:67:94,-76,11,1,4,1,1,1,0,0,0,0,-96,0,6,1,50788195,0,84,0,0,51.1701,384,[84 -64 4 0 0 0 0 0 0 0 0 0 4 -16 6 -16 6 -16 4 -16 7 -17 6 -16 7 -14 5 -15 5 -14 7 -14 6 -14 6 -14 6 -14 6 -13 5 -13 7 -13 4 -12 5 -13 5 -11 5 -12 3 -10 2 -11 1 -11 3 -11 1 -11 2 -13 0 0 0 -13 1 -12 1 -12 -1 -11 1 -10 -1 -12 -2 -14 1 -12 -3 -11 -2 -14 -2 -13 -1 -14 0 -13 -1 -13 -2 -12 -2 -13 -2 -12 -1 -12 -1 -12 -4 -12 -2 -11 -3 -12 -1 -11 0 -10 -2 -13 -2 -11 0 0 0 0 0 0 0 0 0 0 ]
99,1782978614.905017,10.6479,-78,CSI_DATA,AP,98:F4:AB:29:67:94,-78,11,1,4,1,1,1,0,0,0,0,-96,0,6,1,50882268,0,84,0,0,51.2642,384,[84 -64 4 0 0 0 0 0 0 0 0 0 13 -9 12 -8 13 -7 11 -7 13 -7 13 -6 12 -6 12 -5 12 -5 15 -5 14 -5 14 -4 13 -4 13 -3 12 -3 11 -3 11 -3 9 -3 8 -4 7 -3 8 -2 9 -5 8 -3 8 -4 9 -3 6 -3 0 0 7 -5 7 -6 6 -5 6 -5 6 -5 5 -5 7 -6 5 -7 5 -7 5 -8 5 -7 6 -6 6 -7 5 -7 3 -6 3 -8 5 -7 5 -6 3 -9 2 -8 4 -8 3 -9 4 -8 3 -8 4 -7 3 -7 0 0 0 0 0 0 0 0 0 0 ]
100,1782978615.154331,9.0046,-76,CSI_DATA,AP,98:F4:AB:29:67:94,-76,11,1,2,1,1,1,0,0,0,0,-96,0,6,1,50975288,0,84,0,0,51.3573,384,[84 -64 4 0 0 0 0 0 0 0 0 0 -5 13 -7 11 -7 12 -5 12 -9 13 -8 11 -7 11 -11 11 -7 12 -9 10 -9 12 -8 11 -9 11 -10 12 -10 10 -11 11 -9 10 -8 9 -7 7 -7 6 -9 9 -7 9 -9 9 -7 9 -7 9 -6 9 0 0 -6 9 -6 9 -5 9 -3 10 -5 9 -4 9 -5 9 -4 10 -3 12 -4 11 -5 10 -5 10 -3 11 -4 11 -4 10 -4 9 -3 11 -2 8 -3 9 -2 8 -3 9 -3 10 -2 10 -1 9 -4 9 -3 9 0 0 0 0 0 0 0 0 0 0 ]
101,1782978615.407829,8.3649,-76,CSI_DATA,AP,98:F4:AB:29:67:94,-76,11,1,2,1,1,1,0,0,0,0,-96,0,6,1,51061740,0,84,0,0,51.4437,384,[84 -64 4 0 0 0 0 0 0 0 0 0 -8 14 -9 12 -9 13 -10 12 -10 10 -10 11 -10 10 -11 10 -13 9 -11 9 -10 10 -10 10 -11 8 -12 9 -12 7 -12 7 -10 7 -9 6 -9 7 -8 7 -8 6 -6 7 -8 8 -6 8 -5 9 -7 9 0 0 -8 7 -7 8 -7 9 -6 8 -6 9 -7 9 -7 10 -7 10 -6 11 -6 9 -7 10 -5 9 -7 9 -4 10 -5 9 -6 8 -5 8 -4 8 -4 7 -5 9 -5 8 -5 9 -5 7 -5 10 -5 8 -4 9 0 0 0 0 0 0 0 0 0 0 ]
102,1782978615.673338,8.5626,-75,CSI_DATA,AP,98:F4:AB:29:67:94,-75,11,1,2,1,1,1,0,0,0,0,-96,0,6,1,51154281,0,84,0,0,51.5362,384,[84 -64 4 0 0 0 0 0 0 0 0 0 18 -8 18 -5 18 -5 19 -4 17 -4 16 -5 15 -3 15 -2 17 -2 17 -3 15 -1 15 -2 14 -2 16 -1 15 0 14 -2 13 -1 11 -2 11 -1 11 -3 11 -2 13 -4 11 -4 13 -3 11 -3 11 -4 0 0 13 -4 12 -4 12 -3 12 -7 10 -5 11 -6 11 -5 12 -6 12 -7 10 -7 11 -7 10 -7 11 -7 12 -7 11 -6 11 -7 9 -8 10 -8 10 -7 9 -10 7 -7 10 -6 11 -4 11 -9 10 -7 10 -6 0 0 0 0 0 0 0 0 0 0 ]
103,1782978615.929016,10.3184,-74,CSI_DATA,AP,98:F4:AB:29:67:94,-74,11,1,2,1,1,1,0,0,0,0,-96,0,6,1,51243925,0,84,0,0,51.6259,384,[84 -64 4 0 0 0 0 0 0 0 0 0 17 -2 16 -1 17 -2 17 -2 18 0 14 0 16 0 15 1 16 -1 15 3 13 2 13 3 15 2 13 3 12 2 12 2 11 0 11 -1 9 0 10 0 10 -1 10 -1 9 -1 10 -2 11 -1 9 -3 0 0 10 -5 11 -3 11 -4 9 -6 9 -4 10 -5 10 -6 11 -6 10 -6 12 -7 10 -6 11 -5 11 -5 11 -6 10 -6 9 -7 11 -7 10 -7 10 -7 9 -7 10 -8 9 -6 11 -7 9 -7 9 -7 9 -6 0 0 0 0 0 0 0 0 0 0 ]
104,1782978616.200629,11.7744,-76,CSI_DATA,AP,98:F4:AB:29:67:94,-76,11,1,4,1,1,1,0,0,0,0,-96,0,6,1,51329363,0,84,0,0,51.7113,384,[84 -64 4 0 0 0 0 0 0 0 0 0 -5 -16 -6 -18 -3 -14 -5 -16 -3 -16 -3 -18 -5 -15 -2 -14 -1 -14 -2 -13 -3 -15 0 -14 -1 -12 -1 -13 -1 -13 0 -13 2 -12 0 -10 -1 -10 0 -10 -1 -11 0 -10 -2 -11 -4 -10 -5 -10 -5 -9 0 0 -4 -11 -5 -9 -4 -11 -3 -10 -2 -10 -4 -9 -3 -11 -5 -12 -4 -11 -4 -13 -5 -11 -5 -11 -5 -10 -4 -11 -4 -10 -5 -10 -4 -9 -4 -11 -4 -12 -5 -9 -5 -10 -6 -10 -5 -8 -6 -11 -5 -10 -4 -10 0 0 0 0 0 0 0 0 0 0 ]
105,1782978616.464556,12.0278,-77,CSI_DATA,AP,98:F4:AB:29:67:94,-77,11,1,4,1,1,1,0,0,0,0,-96,0,6,1,51418250,0,84,0,0,51.8002,384,[84 -64 4 0 0 0 0 0 0 0 0 0 5 14 5 16 3 16 4 15 4 13 4 12 3 15 4 14 2 14 4 13 1 14 2 13 1 12 2 15 0 13 2 11 2 14 0 12 3 11 3 9 5 10 3 11 4 10 3 10 4 10 4 11 0 0 5 9 6 10 5 9 5 9 6 9 6 8 7 10 8 10 7 10 8 9 7 9 8 12 6 11 8 8 8 8 7 9 7 7 8 8 7 6 7 6 8 7 7 8 8 8 7 7 7 7 7 8 0 0 0 0 0 0 0 0 0 0 ]
106,1782978616.718748,12.3307,-77,CSI_DATA,AP,98:F4:AB:29:67:94,-77,11,1,4,1,1,1,0,0,0,0,-96,0,6,1,51508749,0,84,0,0,51.8906,384,[84 -64 4 0 0 0 0 0 0 0 0 0 2 15 2 14 1 15 0 13 1 14 1 13 0 14 1 15 1 14 -1 15 -1 15 0 13 -1 14 -1 14 0 11 -2 12 0 12 0 10 1 11 1 10 2 10 2 12 2 9 2 10 1 12 2 12 0 0 5 11 2 12 2 11 4 11 3 13 5 11 5 13 6 11 5 12 7 13 3 13 5 13 5 11 6 11 5 11 4 10 6 10 6 9 6 9 7 9 6 8 6 11 7 11 6 11 6 10 4 10 0 0 0 0 0 0 0 0 0 0 ]
107,1782978616.967139,11.1456,-76,CSI_DATA,AP,98:F4:AB:29:67:94,-76,11,1,4,1,1,1,0,0,0,0,-96,0,6,1,51597639,0,84,0,0,51.9796,384,[84 -64 4 0 0 0 0 0 0 0 0 0 15 11 12 9 13 12 11 11 12 11 8 11 10 11 8 11 10 12 9 13 8 12 7 12 6 13 7 12 6 10 8 11 6 9 7 10 4 9 6 8 6 8 9 6 6 7 8 8 7 7 8 6 0 0 7 6 7 4 8 5 9 5 9 5 9 5 8 4 9 4 10 5 12 4 9 3 11 4 9 4 10 5 10 4 10 4 11 3 10 2 10 3 11 3 11 3 10 3 10 3 10 3 10 3 8 3 0 0 0 0 0 0 0 0 0 0 ]
108,1782978617.214191,11.3463,-75,CSI_DATA,AP,98:F4:AB:29:67:94,-75,11,1,4,1,1,1,0,0,0,0,-96,0,6,1,51689528,0,84,0,0,52.0715,384,[84 -64 4 0 0 0 0 0 0 0 0 0 1 19 2 18 1 20 -3 17 2 17 -1 17 -1 16 -2 19 -2 18 -4 16 -3 17 -3 17 -3 15 -3 15 -2 15 -2 17 -3 15 -1 14 -2 12 -1 11 -2 14 1 13 1 13 2 12 0 12 3 13 0 0 2 13 2 13 4 12 4 13 3 13 5 13 3 13 5 14 3 14 5 13 4 15 5 14 3 14 3 14 6 13 6 12 5 13 6 12 5 13 4 14 4 13 5 11 5 12 7 13 4 12 3 11 0 0 0 0 0 0 0 0 0 0 ]
109,1782978617.469082,12.2119,-76,CSI_DATA,AP,98:F4:AB:29:67:94,-76,11,1,4,1,1,1,0,0,0,0,-96,0,6,1,51777641,0,84,0,0,52.1596,384,[84 -64 4 0 0 0 0 0 0 0 0 0 18 -3 18 -1 18 -2 18 -2 17 -1 18 2 17 2 16 3 17 1 14 2 17 2 16 2 15 1 14 0 12 2 13 3 13 1 12 2 11 1 13 0 12 0 13 -2 13 -1 13 -2 13 -1 12 -3 0 0 12 -3 12 -4 12 -4 11 -3 11 -4 11 -4 14 -4 12 -7 14 -4 13 -4 14 -2 13 -3 13 -3 12 -5 11 -3 12 -3 12 -4 11 -3 11 -4 13 -7 13 -5 13 -5 12 -4 12 -5 12 -2 11 -4 0 0 0 0 0 0 0 0 0 0 ]
110,1782978617.727038,11.2147,-76,CSI_DATA,AP,98:F4:AB:29:67:94,-76,11,1,4,1,1,1,0,0,0,0,-96,0,6,1,51869487,0,84,0,0,52.2514,384,[84 -64 4 0 0 0 0 0 0 0 0 0 5 12 3 13 5 13 7 13 5 13 4 12 3 13 2 14 3 11 2 12 2 12 2 12 3 13 2 11 1 11 1 11 1 11 2 11 2 10 3 8 3 8 4 9 4 8 4 7 4 9 5 9 0 0 4 7 5 7 5 6 6 7 5 7 7 6 6 7 6 7 5 6 7 6 7 8 5 7 7 7 7 7 6 6 5 5 7 7 7 5 6 5 7 4 7 5 8 5 6 6 7 6 6 6 4 5 0 0 0 0 0 0 0 0 0 0 ]
111,1782978617.972193,11.5310,-77,CSI_DATA,AP,98:F4:AB:29:67:94,-77,11,1,4,1,1,1,0,0,0,0,-96,0,6,1,51959687,0,84,0,0,52.3416,384,[84 -64 4 0 0 0 0 0 0 0 0 0 15 -12 14 -9 14 -10 13 -9 14 -9 12 -9 13 -9 12 -8 14 -9 13 -5 12 -6 12 -7 13 -6 13 -7 12 -6 12 -6 11 -4 10 -4 9 -5 9 -6 9 -7 6 -9 8 -7 9 -7 9 -8 9 -9 0 0 7 -8 8 -9 7 -9 7 -9 8 -8 7 -10 8 -11 8 -11 5 -13 7 -11 8 -10 7 -10 7 -11 8 -11 8 -9 4 -10 7 -10 7 -9 6 -10 7 -11 7 -9 7 -8 7 -8 7 -10 7 -10 7 -9 0 0 0 0 0 0 0 0 0 0 ]
112,1782978618.223385,10.9186,-76,CSI_DATA,AP,98:F4:AB:29:67:94,-76,11,1,4,1,1,1,0,0,0,0,-96,0,6,1,52052909,0,84,0,0,52.4349,384,[84 -64 4 0 0 0 0 0 0 0 0 0 14 7 14 8 15 8 13 7 11 8 12 9 10 10 10 9 10 9 11 8 9 9 11 9 9 9 9 7 8 7 9 8 9 6 8 5 8 6 7 5 10 6 9 4 9 6 9 5 9 5 10 5 0 0 10 4 10 4 9 4 9 4 11 5 11 3 9 3 11 5 10 4 12 5 12 5 10 4 10 4 11 4 13 4 10 3 11 4 11 3 11 3 10 2 12 4 11 3 10 4 11 3 9 4 11 4 0 0 0 0 0 0 0 0 0 0 ]
113,1782978618.474161,11.4504,-76,CSI_DATA,AP,98:F4:AB:29:67:94,-76,11,1,4,1,1,1,0,0,0,0,-96,0,6,1,52138209,0,84,0,0,52.5202,384,[84 -64 4 0 0 0 0 0 0 0 0 0 -17 -2 -18 -4 -17 -3 -18 -5 -17 -5 -15 -5 -15 -5 -14 -5 -15 -6 -14 -5 -13 -5 -14 -6 -13 -5 -14 -5 -14 -5 -13 -6 -11 -5 -10 -5 -10 -3 -10 -3 -11 -3 -11 -4 -11 -2 -12 -1 -12 -2 -11 0 0 0 -12 -1 -11 0 -11 -1 -11 -1 -11 0 -13 1 -12 1 -12 1 -13 1 -12 3 -14 2 -14 2 -14 0 -14 2 -12 2 -12 2 -11 1 -12 3 -12 1 -12 1 -13 3 -13 1 -12 2 -11 3 -11 2 -12 1 0 0 0 0 0 0 0 0 0 0 ]
114,1782978618.730308,11.8834,-76,CSI_DATA,AP,98:F4:AB:29:67:94,-76,11,1,4,1,1,1,0,0,0,0,-96,0,6,1,52227352,0,84,0,0,52.6092,384,[84 -64 4 0 0 0 0 0 0 0 0 0 -11 -13 -11 -11 -11 -12 -11 -13 -11 -14 -9 -13 -10 -14 -8 -13 -9 -14 -10 -12 -9 -14 -6 -14 -7 -14 -6 -14 -7 -12 -6 -13 -6 -12 -6 -11 -7 -10 -6 -9 -7 -8 -7 -8 -8 -10 -7 -11 -7 -10 -9 -10 0 0 -8 -9 -9 -9 -8 -7 -8 -8 -9 -8 -11 -7 -11 -7 -9 -7 -12 -6 -11 -7 -10 -10 -9 -7 -12 -9 -10 -8 -10 -8 -11 -7 -11 -7 -10 -7 -9 -7 -11 -7 -10 -6 -8 -7 -11 -8 -9 -7 -10 -7 -7 -6 0 0 0 0 0 0 0 0 0 0 ]
115,1782978618.980614,12.2374,-77,CSI_DATA,AP,98:F4:AB:29:67:94,-77,11,1,4,1,1,1,0,0,0,0,-96,0,6,1,52319959,0,84,0,0,52.7019,384,[84 -64 4 0 0 0 0 0 0 0 0 0 6 16 5 14 5 16 8 15 3 16 4 15 4 15 0 17 4 15 3 17 2 16 3 15 2 14 1 16 2 16 2 14 3 13 2 12 3 11 2 9 3 9 3 8 4 11 5 11 3 12 4 9 0 0 6 11 6 9 7 9 8 11 6 10 8 9 5 10 6 9 7 12 9 11 7 10 5 9 7 10 7 11 7 9 8 9 8 8 6 9 8 9 7 7 6 7 9 8 6 10 8 8 7 9 6 9 0 0 0 0 0 0 0 0 0 0 ]
116,1782978619.232146,11.6217,-76,CSI_DATA,AP,98:F4:AB:29:67:94,-76,11,1,4,1,1,1,0,0,0,0,-96,0,6,1,52415849,0,84,0,0,52.7978,384,[84 -64 4 0 0 0 0 0 0 0 0 0 15 -6 13 -4 15 -5 13 -3 15 -2 14 -1 15 -1 13 -1 14 -2 13 -1 13 -1 13 -1 13 -1 13 0 12 1 11 -3 11 0 10 0 12 -1 10 -2 11 -1 8 -3 9 -3 9 -5 10 -4 10 -4 0 0 9 -5 10 -5 9 -5 8 -6 8 -6 9 -8 8 -6 10 -8 10 -6 10 -6 10 -7 10 -5 10 -7 10 -6 8 -7 8 -7 8 -8 7 -7 7 -7 7 -7 8 -7 8 -8 8 -7 8 -8 8 -7 7 -7 0 0 0 0 0 0 0 0 0 0 ]
117,1782978619.482733,10.9730,-76,CSI_DATA,AP,98:F4:AB:29:67:94,-76,11,1,4,1,1,1,0,0,0,0,-96,0,6,1,52498983,0,84,0,0,52.8809,384,[84 -64 4 0 0 0 0 0 0 0 0 0 7 -13 7 -14 7 -14 10 -15 7 -13 9 -12 8 -12 9 -13 8 -12 8 -12 10 -12 9 -11 11 -12 11 -10 9 -9 9 -9 8 -10 7 -9 7 -7 7 -9 7 -9 6 -9 6 -9 6 -9 6 -9 6 -11 0 0 5 -9 6 -10 6 -11 6 -10 3 -10 5 -10 5 -11 5 -10 5 -11 5 -12 5 -12 5 -11 6 -11 6 -10 4 -9 5 -11 4 -11 4 -10 4 -11 4 -11 4 -11 5 -12 3 -10 6 -10 5 -10 4 -11 0 0 0 0 0 0 0 0 0 0 ]
118,1782978619.737423,11.6657,-76,CSI_DATA,AP,98:F4:AB:29:67:94,-76,11,1,4,1,1,1,0,0,0,0,-96,0,6,1,52589609,0,84,0,0,52.9716,384,[84 -64 4 0 0 0 0 0 0 0 0 0 0 -19 -1 -17 -1 -18 1 -18 0 -18 2 -17 2 -16 3 -15 2 -17 3 -15 5 -15 5 -16 4 -16 5 -14 3 -13 4 -15 3 -12 2 -14 2 -12 2 -12 2 -11 0 -10 1 -13 1 -10 1 -12 -1 -12 0 0 -1 -11 -1 -12 0 -11 -3 -11 -1 -10 -2 -12 -2 -12 -4 -12 -3 -13 -4 -12 -3 -13 -3 -14 -2 -12 -2 -12 -2 -13 -4 -11 -4 -12 -5 -12 -4 -12 -4 -12 -5 -13 -3 -14 -3 -12 -3 -12 -3 -11 -4 -13 0 0 0 0 0 0 0 0 0 0 ]
119,1782978619.988258,11.4303,-76,CSI_DATA,AP,98:F4:AB:29:67:94,-76,11,1,4,1,1,1,0,0,0,0,-96,0,6,1,52683628,0,84,0,0,53.0656,384,[84 -64 4 0 0 0 0 0 0 0 0 0 -15 9 -14 8 -16 10 -14 8 -15 6 -15 7 -16 6 -15 6 -15 7 -16 4 -15 4 -17 2 -15 3 -15 1 -12 2 -14 4 -12 2 -11 3 -12 3 -9 3 -10 4 -9 4 -9 4 -9 4 -10 5 -8 6 0 0 -7 5 -8 8 -7 6 -8 8 -7 7 -7 7 -6 9 -7 9 -8 9 -8 10 -7 10 -8 9 -8 9 -6 8 -6 10 -7 9 -8 10 -4 10 -4 8 -6 8 -3 9 -4 8 -8 9 -7 7 -7 7 -7 8 0 0 0 0 0 0 0 0 0 0 ]
120,1782978620.241608,10.8455,-76,CSI_DATA,AP,98:F4:AB:29:67:94,-76,11,1,4,1,1,1,0,0,0,0,-96,0,6,1,52769343,0,84,0,0,53.1513,384,[84 -64 4 0 0 0 0 0 0 0 0 0 18 6 16 8 15 6 14 8 15 7 14 8 13 9 12 9 13 10 11 8 13 9 12 9 12 7 13 8 10 9 11 8 10 7 9 6 9 5 10 5 9 4 9 3 8 3 10 2 11 1 11 2 0 0 10 1 11 2 11 1 10 1 11 0 11 0 12 1 12 -2 14 0 13 -2 12 -2 14 0 13 0 12 -1 12 -1 12 -1 12 -2 13 -1 13 -1 12 -2 14 -3 14 -3 13 -2 12 -2 11 -2 12 -2 0 0 0 0 0 0 0 0 0 0 ]
121,1782978620.518913,10.3459,-77,CSI_DATA,AP,98:F4:AB:29:67:94,-77,11,1,4,1,1,1,0,0,0,0,-96,0,6,1,52858121,0,84,0,0,53.2401,384,[84 -64 4 0 0 0 0 0 0 0 0 0 -5 16 -4 16 -5 15 -3 15 -4 15 -5 16 -4 14 -8 13 -6 14 -6 13 -5 13 -6 15 -6 14 -6 13 -5 14 -6 10 -4 11 -3 12 -4 11 -2 10 -2 9 -1 11 -1 11 1 10 0 10 -2 12 0 0 2 11 2 11 2 10 4 12 1 11 3 11 4 13 6 12 4 14 5 10 5 11 5 14 2 13 3 12 4 12 5 13 5 11 6 11 5 11 6 12 6 12 6 12 6 13 7 12 4 12 4 12 0 0 0 0 0 0 0 0 0 0 ]
122,1782978620.759466,10.3994,-76,CSI_DATA,AP,98:F4:AB:29:67:94,-76,11,1,4,1,1,1,0,0,0,0,-96,0,6,1,52949571,0,84,0,0,53.3315,384,[84 -64 4 0 0 0 0 0 0 0 0 0 11 -14 11 -15 14 -12 12 -13 13 -12 12 -12 12 -10 11 -11 12 -12 11 -8 13 -10 12 -11 14 -9 13 -9 9 -7 10 -9 11 -8 9 -8 9 -7 9 -9 8 -9 6 -9 7 -10 5 -10 6 -11 6 -11 0 0 7 -12 5 -12 4 -11 2 -12 4 -11 5 -12 4 -13 3 -13 4 -14 5 -15 5 -15 6 -14 4 -13 4 -16 4 -13 2 -15 3 -14 2 -14 4 -15 3 -16 4 -15 4 -15 5 -14 3 -15 5 -13 4 -13 0 0 0 0 0 0 0 0 0 0 ]
123,1782978621.017152,9.7130,-76,CSI_DATA,AP,98:F4:AB:29:67:94,-76,11,1,4,1,1,1,0,0,0,0,-96,0,6,1,53040214,0,84,0,0,53.4222,384,[84 -64 4 0 0 0 0 0 0 0 0 0 -3 19 -4 17 -3 17 -4 17 -3 15 -4 18 -5 16 -7 15 -3 14 -6 14 -5 13 -6 15 -7 13 -6 13 -4 12 -6 12 -6 11 -4 10 -5 10 -2 10 -3 10 -2 10 -2 11 -1 12 -1 9 1 10 0 0 2 11 2 13 2 10 2 14 1 14 3 12 6 13 2 13 5 13 4 14 3 12 2 13 3 14 2 11 3 13 3 12 4 14 4 11 6 14 3 11 5 14 3 11 4 12 5 15 3 13 2 13 0 0 0 0 0 0 0 0 0 0 ]
124,1782978621.268987,10.1639,-76,CSI_DATA,AP,98:F4:AB:29:67:94,-76,11,1,4,1,1,1,0,0,0,0,-96,0,6,1,53128594,0,84,0,0,53.5106,384,[84 -64 4 0 0 0 0 0 0 0 0 0 9 -12 12 -12 11 -10 11 -9 10 -10 11 -9 13 -9 12 -7 12 -8 11 -8 10 -8 10 -8 11 -8 11 -7 10 -7 10 -8 9 -6 8 -7 9 -7 7 -8 8 -8 8 -9 6 -8 5 -8 6 -9 5 -10 0 0 6 -9 4 -10 5 -11 5 -10 5 -10 6 -11 6 -10 5 -12 5 -11 4 -13 5 -12 4 -12 5 -12 5 -11 4 -13 4 -13 4 -12 4 -14 5 -11 3 -12 5 -13 6 -12 3 -12 5 -13 5 -12 5 -12 0 0 0 0 0 0 0 0 0 0 ]
125,1782978621.520901,10.5947,-77,CSI_DATA,AP,98:F4:AB:29:67:94,-77,11,1,4,1,1,1,0,0,0,0,-96,0,6,1,53219053,0,84,0,0,53.601,384,[84 -64 4 0 0 0 0 0 0 0 0 0 -15 -1 -16 -1 -17 -3 -14 -3 -15 -3 -16 -3 -15 -3 -15 -3 -13 -5 -14 -3 -13 -4 -11 -4 -13 -5 -12 -6 -11 -5 -11 -4 -11 -4 -9 -4 -11 -3 -9 -2 -9 -1 -10 -1 -10 0 -11 1 -11 0 -13 0 0 0 -12 0 -12 1 -12 1 -10 3 -11 0 -12 3 -13 2 -10 3 -12 3 -12 2 -12 3 -14 2 -14 2 -13 1 -12 2 -12 2 -12 3 -11 2 -12 2 -11 3 -13 3 -11 4 -11 4 -11 4 -11 3 -11 2 0 0 0 0 0 0 0 0 0 0 ]
126,1782978621.779483,11.3785,-76,CSI_DATA,AP,98:F4:AB:29:67:94,-76,11,1,4,1,1,1,0,0,0,0,-96,0,6,1,53312407,0,84,0,0,53.6943,384,[84 -64 4 0 0 0 0 0 0 0 0 0 12 -11 10 -10 12 -10 10 -8 12 -11 10 -9 12 -7 10 -8 11 -8 10 -8 11 -8 9 -6 10 -8 10 -6 8 -5 10 -6 7 -4 8 -6 8 -5 8 -6 6 -6 7 -8 6 -8 7 -8 8 -9 5 -10 0 0 5 -10 8 -10 6 -10 6 -9 6 -10 6 -10 6 -12 6 -12 6 -11 6 -12 6 -12 7 -10 8 -12 7 -12 6 -11 5 -10 7 -12 5 -11 4 -12 5 -11 5 -10 7 -12 5 -12 7 -10 7 -9 6 -8 0 0 0 0 0 0 0 0 0 0 ]
127,1782978622.038736,10.4701,-76,CSI_DATA,AP,98:F4:AB:29:67:94,-76,11,1,4,1,1,1,0,0,0,0,-96,0,6,1,53400202,0,84,0,0,53.7822,384,[84 -64 4 0 0 0 0 0 0 0 0 0 16 -2 14 1 15 0 16 -1 14 0 15 2 13 2 14 1 13 2 13 4 13 3 13 3 13 3 13 3 10 3 12 1 9 2 10 0 10 2 9 0 9 0 9 -1 11 -1 10 -4 9 -2 10 -3 0 0 10 -1 12 -2 10 -4 10 -4 9 -2 10 -5 11 -3 10 -4 12 -5 12 -5 13 -3 13 -3 12 -4 12 -5 11 -5 10 -5 10 -6 8 -6 10 -5 12 -3 10 -4 10 -3 11 -4 13 -4 10 -4 11 -1 0 0 0 0 0 0 0 0 0 0 ]
128,1782978622.293532,11.6203,-76,CSI_DATA,AP,98:F4:AB:29:67:94,-76,11,1,4,1,1,1,0,0,0,0,-96,0,6,1,53496305,0,84,0,0,53.8782,384,[84 -64 4 0 0 0 0 0 0 0 0 0 -5 17 -5 15 -7 15 -6 14 -7 14 -9 14 -8 14 -9 13 -9 14 -10 11 -8 13 -10 12 -7 12 -8 12 -6 9 -7 13 -5 11 -6 10 -5 9 -6 9 -3 10 -3 10 -3 11 -3 11 -2 12 -2 12 0 0 -1 11 -1 13 0 12 1 12 -1 12 -1 13 0 14 0 15 1 14 0 14 1 14 0 14 -1 14 0 14 0 14 1 14 1 13 2 14 -1 14 1 15 1 14 1 14 0 14 1 14 -2 14 -1 13 0 0 0 0 0 0 0 0 0 0 ]
129,1782978622.547581,11.2465,-76,CSI_DATA,AP,98:F4:AB:29:67:94,-76,11,1,4,1,1,1,0,0,0,0,-96,0,6,1,53586220,0,84,0,0,53.9682,384,[84 -64 4 0 0 0 0 0 0 0 0 0 10 9 10 11 9 11 9 12 9 9 8 11 7 11 8 11 6 12 7 9 6 11 6 11 7 11 7 9 6 8 7 11 6 8 5 7 7 8 6 7 6 6 8 7 6 5 9 6 8 7 8 7 0 0 9 5 10 7 9 6 8 5 8 4 10 3 12 4 11 4 14 6 12 4 12 4 12 3 13 4 12 4 11 4 11 5 11 4 11 3 11 3 11 3 12 5 10 5 14 4 13 4 11 4 10 4 0 0 0 0 0 0 0 0 0 0 ]
130,1782978622.799241,11.9542,-76,CSI_DATA,AP,98:F4:AB:29:67:94,-76,11,1,4,1,1,1,0,0,0,0,-96,0,6,1,53673890,0,84,0,0,54.0558,384,[84 -64 4 0 0 0 0 0 0 0 0 0 -16 -4 -19 -7 -18 -5 -17 -6 -16 -7 -16 -7 -15 -7 -15 -7 -15 -7 -14 -8 -13 -9 -14 -8 -14 -8 -12 -7 -11 -8 -11 -7 -11 -7 -10 -4 -10 -6 -11 -6 -10 -4 -11 -4 -11 -4 -11 -3 -12 -3 -13 -2 0 0 -13 -3 -15 -3 -13 -1 -14 -2 -12 -2 -14 -2 -14 -2 -14 -1 -15 0 -16 -3 -16 -2 -13 -3 -15 -3 -14 -3 -14 -3 -15 -3 -12 -1 -13 -2 -13 -4 -13 -2 -14 -3 -15 -8 -13 -5 -14 -2 -12 -6 -14 -2 0 0 0 0 0 0 0 0 0 0 ]
131,1782978623.052522,11.5218,-76,CSI_DATA,AP,98:F4:AB:29:67:94,-76,11,1,4,1,1,1,0,0,0,0,-96,0,6,1,53760297,0,84,0,0,54.1422,384,[84 -64 4 0 0 0 0 0 0 0 0 0 15 2 13 4 14 4 14 5 13 5 11 6 13 6 13 7 13 7 11 5 14 5 13 7 11 5 11 6 10 5 10 5 10 6 8 4 10 1 9 3 9 4 10 1 9 2 10 1 11 1 10 0 0 0 9 0 11 0 10 -1 11 -1 10 0 10 -1 12 -1 12 -2 12 -1 12 -3 13 -2 13 0 13 -1 12 -1 12 -1 12 -1 12 -2 11 -3 12 -1 12 -2 11 -1 11 0 12 -2 12 -2 11 -2 11 -1 0 0 0 0 0 0 0 0 0 0 ]
132,1782978623.302021,11.5076,-76,CSI_DATA,AP,98:F4:AB:29:67:94,-76,11,1,4,1,1,1,0,0,0,0,-96,0,6,1,53855176,0,84,0,0,54.2372,384,[84 -64 4 0 0 0 0 0 0 0 0 0 11 -12 12 -10 12 -9 12 -11 12 -10 11 -9 13 -9 12 -8 14 -9 14 -6 10 -9 11 -7 12 -7 11 -9 10 -6 11 -6 9 -6 7 -7 7 -5 7 -6 6 -7 7 -8 5 -8 5 -9 7 -9 7 -10 0 0 6 -9 7 -10 7 -10 5 -11 6 -11 4 -12 4 -11 6 -11 5 -11 5 -13 6 -14 4 -12 6 -12 5 -12 7 -12 3 -12 4 -11 6 -12 6 -12 5 -12 6 -11 4 -12 4 -12 5 -11 6 -10 5 -10 0 0 0 0 0 0 0 0 0 0 ]
133,1782978623.547501,11.7194,-76,CSI_DATA,AP,98:F4:AB:29:67:94,-76,11,1,4,1,1,1,0,0,0,0,-96,0,6,1,53942386,0,84,0,0,54.3243,384,[84 -64 4 0 0 0 0 0 0 0 0 0 -7 -15 -7 -16 -7 -15 -5 -15 -6 -15 -5 -15 -4 -15 -4 -14 -3 -14 -4 -13 -5 -14 -5 -14 -5 -13 -4 -13 -2 -12 -3 -13 -3 -10 -4 -9 -4 -10 -4 -9 -4 -9 -4 -10 -4 -8 -7 -9 -7 -10 -8 -10 0 0 -9 -9 -8 -9 -9 -9 -9 -9 -9 -9 -8 -9 -9 -9 -10 -8 -9 -9 -9 -9 -12 -9 -10 -9 -10 -9 -10 -9 -10 -8 -9 -9 -10 -9 -9 -8 -11 -8 -9 -8 -9 -8 -10 -10 -10 -9 -10 -9 -9 -9 -8 -8 0 0 0 0 0 0 0 0 0 0 ]
134,1782978623.802319,10.1218,-76,CSI_DATA,AP,98:F4:AB:29:67:94,-76,11,1,4,1,1,1,0,0,0,0,-96,0,6,1,54028035,0,84,0,0,54.41,384,[84 -64 4 0 0 0 0 0 0 0 0 0 11 11 8 11 10 11 11 10 10 11 7 11 8 12 8 11 6 10 7 10 6 10 6 10 8 12 7 10 7 10 6 10 7 10 6 8 6 5 8 5 8 5 7 5 8 7 6 7 7 5 9 6 0 0 9 5 11 4 11 6 10 4 10 6 11 4 11 5 11 3 12 5 13 4 12 6 10 6 10 6 10 5 11 5 11 3 11 5 12 4 11 4 11 4 12 4 11 4 12 5 10 5 11 5 9 4 0 0 0 0 0 0 0 0 0 0 ]
135,1782978624.056417,10.4132,-75,CSI_DATA,AP,98:F4:AB:29:67:94,-75,11,1,2,1,1,1,0,0,0,0,-96,0,6,1,54122453,0,84,0,0,54.5044,384,[84 -64 4 0 0 0 0 0 0 0 0 0 16 -5 15 -4 17 -4 15 -4 16 -4 14 -2 14 -4 13 -1 15 -2 15 -1 15 -1 13 0 13 1 13 -1 12 -1 13 -2 11 0 12 -2 10 -1 10 -3 11 -2 11 -4 10 -4 11 -5 10 -5 10 -4 0 0 10 -6 10 -8 9 -6 9 -6 9 -8 9 -7 10 -7 10 -8 11 -10 13 -9 11 -9 13 -8 10 -8 10 -7 11 -8 9 -8 8 -8 11 -10 10 -8 9 -9 8 -6 8 -8 11 -6 11 -7 10 -8 10 -7 0 0 0 0 0 0 0 0 0 0 ]
136,1782978624.308964,11.1445,-74,CSI_DATA,AP,98:F4:AB:29:67:94,-74,11,1,2,1,1,1,0,0,0,0,-96,0,6,1,54213830,0,84,0,0,54.5958,384,[84 -64 4 0 0 0 0 0 0 0 0 0 17 2 16 2 15 3 16 3 14 4 15 5 14 6 13 6 13 6 14 5 13 5 12 5 14 5 13 5 13 5 11 5 11 4 10 4 9 3 10 2 10 2 10 3 11 1 12 1 12 0 12 0 0 0 12 1 11 0 11 0 11 -1 12 0 12 0 12 -2 12 -1 12 -2 12 -3 13 -1 12 -1 12 -2 12 -1 12 -2 11 -2 12 -3 12 -2 12 -2 12 -3 12 -1 13 -1 12 -2 12 -2 12 -3 12 -1 0 0 0 0 0 0 0 0 0 0 ]
137,1782978624.559555,10.7323,-76,CSI_DATA,AP,98:F4:AB:29:67:94,-76,11,1,4,1,1,1,0,0,0,0,-96,0,6,1,54300421,0,84,0,0,54.6824,384,[84 -64 4 0 0 0 0 0 0 0 0 0 5 14 7 14 5 13 4 15 4 15 5 14 3 15 3 13 3 15 2 14 2 14 2 14 3 13 2 13 1 11 0 12 2 11 2 9 1 9 3 8 2 9 4 10 3 8 5 9 6 9 6 10 0 0 6 9 6 9 5 9 6 8 7 8 7 9 8 10 8 8 7 9 8 9 9 9 6 8 8 10 7 8 7 9 8 9 7 7 6 7 9 7 7 7 9 8 7 8 7 8 7 8 7 8 5 8 0 0 0 0 0 0 0 0 0 0 ]
138,1782978624.812085,11.2138,-76,CSI_DATA,AP,98:F4:AB:29:67:94,-76,11,1,4,1,1,1,0,0,0,0,-96,0,6,1,54387458,0,84,0,0,54.7694,384,[84 -64 4 0 0 0 0 0 0 0 0 0 2 -18 2 -16 2 -18 2 -15 2 -17 5 -16 3 -16 4 -15 4 -15 5 -15 5 -15 5 -14 6 -13 4 -12 3 -11 5 -12 3 -10 3 -12 3 -12 0 -10 0 -11 -1 -11 1 -11 0 -11 -2 -11 0 -12 0 0 -1 -11 -2 -11 -1 -9 -3 -13 -2 -11 -3 -12 -4 -11 -3 -13 -5 -13 -5 -14 -4 -12 -3 -12 -3 -12 -4 -12 -5 -12 -5 -11 -5 -11 -6 -9 -6 -12 -7 -11 -6 -10 -6 -11 -6 -13 -6 -10 -5 -12 -4 -11 0 0 0 0 0 0 0 0 0 0 ]
139,1782978625.065997,11.1229,-76,CSI_DATA,AP,98:F4:AB:29:67:94,-76,11,1,4,1,1,1,0,0,0,0,-96,0,6,1,54482572,0,84,0,0,54.8644,384,[84 -64 4 0 0 0 0 0 0 0 0 0 -17 -1 -17 -1 -16 -2 -16 -3 -17 -4 -14 -5 -17 -6 -16 -6 -16 -4 -13 -5 -13 -5 -14 -3 -14 -4 -14 -4 -13 -5 -14 -4 -11 -3 -10 -2 -10 -2 -10 -2 -11 -1 -11 -1 -10 0 -10 -1 -11 -1 -9 0 0 0 -10 2 -10 2 -11 2 -10 3 -11 1 -10 4 -12 4 -12 4 -11 5 -11 5 -12 4 -12 3 -12 4 -10 4 -11 5 -9 6 -9 4 -10 6 -9 6 -12 5 -11 4 -11 7 -11 3 -11 5 -11 4 -11 4 0 0 0 0 0 0 0 0 0 0 ]
140,1782978625.319991,11.3988,-76,CSI_DATA,AP,98:F4:AB:29:67:94,-76,11,1,4,1,1,1,0,0,0,0,-96,0,6,1,54570791,0,84,0,0,54.9528,384,[84 -64 4 0 0 0 0 0 0 0 0 0 16 0 16 2 16 0 15 3 16 2 15 3 14 6 14 5 14 4 16 4 15 4 14 4 13 3 10 4 12 3 11 3 11 3 10 3 10 2 8 3 10 1 10 2 9 2 10 -2 11 -2 10 -1 0 0 10 -1 10 -2 9 -2 9 -2 10 -2 10 -5 11 -2 10 -4 11 -5 11 -5 11 -5 10 -4 12 -4 11 -4 10 -4 11 -5 10 -4 9 -6 11 -5 10 -4 10 -5 11 -5 11 -4 12 -5 11 -4 10 -3 0 0 0 0 0 0 0 0 0 0 ]
141,1782978625.570573,11.2828,-77,CSI_DATA,AP,98:F4:AB:29:67:94,-77,11,1,4,1,1,1,0,0,0,0,-96,0,6,1,54659439,0,84,0,0,55.0414,384,[84 -64 4 0 0 0 0 0 0 0 0 0 -2 -17 -1 -18 0 -17 -1 -17 2 -16 0 -18 0 -16 1 -16 2 -16 2 -13 3 -15 2 -15 1 -15 1 -14 2 -12 3 -12 2 -11 2 -11 1 -10 0 -10 0 -10 -1 -9 -2 -10 -2 -10 -1 -10 -3 -11 0 0 -3 -12 -3 -11 -5 -11 -4 -11 -4 -10 -5 -10 -3 -10 -4 -11 -5 -11 -5 -12 -6 -11 -4 -12 -5 -12 -5 -12 -5 -12 -4 -12 -5 -12 -4 -10 -5 -12 -5 -11 -6 -11 -4 -11 -4 -11 -4 -10 -4 -10 -4 -11 0 0 0 0 0 0 0 0 0 0 ]
142,1782978625.820382,11.0753,-76,CSI_DATA,AP,98:F4:AB:29:67:94,-76,11,1,4,1,1,1,0,0,0,0,-96,0,6,1,54749957,0,84,0,0,55.1319,384,[84 -64 4 0 0 0 0 0 0 0 0 0 7 15 6 15 7 16 5 14 5 14 5 15 4 15 2 15 2 15 2 14 2 14 2 13 1 13 2 12 0 12 2 13 1 10 2 10 2 9 3 10 3 9 4 10 5 11 3 9 4 10 4 9 0 0 5 9 5 9 6 8 7 8 6 7 7 8 8 8 8 7 8 8 8 8 9 9 7 9 8 9 7 9 7 8 8 7 9 7 7 8 8 7 8 6 8 7 8 7 8 8 7 6 7 7 8 7 0 0 0 0 0 0 0 0 0 0 ]
143,1782978626.064962,10.8651,-75,CSI_DATA,AP,98:F4:AB:29:67:94,-75,11,1,2,1,1,1,0,0,0,0,-96,0,6,1,54839715,0,84,0,0,55.2217,384,[84 -64 4 0 0 0 0 0 0 0 0 0 17 -2 18 -2 16 -1 16 0 16 0 16 1 15 2 15 1 15 3 15 1 14 1 14 2 14 3 14 3 13 3 13 2 11 2 11 2 10 1 11 0 9 1 11 0 10 -1 10 0 9 -1 11 -2 0 0 10 -1 11 -2 11 -2 9 -5 11 -3 9 -4 11 -3 12 -4 11 -3 12 -4 11 -5 13 -4 13 -5 12 -3 10 -3 10 -4 9 -4 7 -4 9 -5 11 -4 8 -4 9 -5 11 -4 9 0 10 -3 10 -4 0 0 0 0 0 0 0 0 0 0 ]
144,1782978626.306831,10.5257,-76,CSI_DATA,AP,98:F4:AB:29:67:94,-76,11,1,4,1,1,1,0,0,0,0,-96,0,6,1,54929157,0,84,0,0,55.3112,384,[84 -64 4 0 0 0 0 0 0 0 0 0 0 14 -1 14 -3 15 -2 15 -1 14 -1 14 -4 14 -3 13 -3 14 -2 11 -3 13 -4 14 -4 13 -4 12 -3 12 -3 13 -4 11 -2 10 -3 10 -1 10 -2 9 -1 9 0 9 1 10 0 11 2 11 0 0 3 11 2 13 2 10 3 11 2 10 3 11 2 12 3 10 3 11 4 12 4 12 3 11 3 12 4 11 2 11 5 10 3 12 4 8 5 9 5 11 4 9 5 12 3 10 3 9 2 10 2 11 0 0 0 0 0 0 0 0 0 0 ]
145,1782978626.552330,11.3582,-77,CSI_DATA,AP,98:F4:AB:29:67:94,-77,11,1,4,1,1,1,0,0,0,0,-96,0,6,1,55017948,0,84,0,0,55.4,384,[84 -64 4 0 0 0 0 0 0 0 0 0 -4 15 -8 17 -5 16 -6 16 -6 16 -7 14 -6 14 -7 15 -7 14 -8 12 -8 14 -8 13 -8 13 -8 13 -7 12 -8 14 -7 13 -6 10 -7 7 -4 9 -3 10 -4 11 -4 11 -3 11 -4 11 -2 12 0 0 -2 13 -3 12 -2 13 0 13 -1 11 -1 13 -1 12 1 13 0 11 0 13 -2 14 0 12 -2 13 -2 14 -1 13 -1 12 1 12 1 11 0 11 0 12 1 14 -1 12 -1 11 0 12 -1 12 0 11 0 0 0 0 0 0 0 0 0 0 ]
146,1782978626.794638,11.3287,-70,CSI_DATA,AP,98:F4:AB:29:67:94,-70,11,0,0,0,0,0,0,0,0,0,-96,0,6,1,55114477,0,84,0,0,55.4965,128,[84 -64 4 0 0 0 0 0 0 0 0 0 11 -28 8 -25 9 -28 10 -25 11 -26 12 -24 13 -25 13 -21 13 -21 12 -21 13 -21 14 -22 13 -20 12 -19 12 -18 12 -20 8 -18 8 -17 7 -16 6 -15 6 -15 5 -17 5 -17 4 -18 4 -20 5 -20 0 0 4 -19 4 -21 2 -21 0 -21 1 -19 1 -21 0 -22 1 -22 -1 -22 3 -23 2 -24 3 -22 1 -22 3 -21 2 -22 1 -21 1 -22 1 -18 1 -20 1 -21 1 -21 0 -20 2 -20 3 -21 1 -20 2 -18 0 0 0 0 0 0 0 0 0 0 ]
147,1782978627.042189,11.0020,-76,CSI_DATA,AP,98:F4:AB:29:67:94,-76,11,1,4,1,1,1,0,0,0,0,-96,0,6,1,55198708,0,84,0,0,55.5806,384,[84 -64 4 0 0 0 0 0 0 0 0 0 6 15 4 14 4 15 4 14 4 13 4 14 3 15 3 14 3 15 2 13 1 14 2 13 2 12 2 12 1 12 3 12 2 10 1 11 2 7 4 11 3 8 3 9 3 9 6 8 6 9 5 9 0 0 7 9 7 9 7 9 7 9 6 8 7 10 8 9 8 10 9 8 6 8 8 10 7 10 7 7 7 7 7 8 8 7 8 8 9 8 7 7 5 6 7 9 6 9 5 9 7 8 6 8 6 6 0 0 0 0 0 0 0 0 0 0 ]
148,1782978627.290478,10.4387,-74,CSI_DATA,AP,98:F4:AB:29:67:94,-74,11,1,2,1,1,1,0,0,0,0,-96,0,6,1,55291442,0,84,0,0,55.6734,384,[84 -64 4 0 0 0 0 0 0 0 0 0 11 -7 14 -6 13 -7 13 -8 13 -6 12 -6 13 -5 12 -2 11 -4 12 -3 12 -5 11 -5 11 -5 11 -4 10 -3 10 -2 8 -4 8 -3 9 -4 8 -4 8 -4 7 -5 8 -6 8 -7 8 -6 9 -6 0 0 9 -6 8 -7 9 -8 8 -7 8 -6 8 -8 8 -8 7 -8 9 -8 7 -9 8 -9 9 -9 8 -10 8 -8 8 -9 8 -7 7 -9 7 -9 8 -8 6 -9 9 -9 7 -9 6 -8 6 -9 7 -8 8 -8 0 0 0 0 0 0 0 0 0 0 ]
149,1782978627.531109,10.1451,-76,CSI_DATA,AP,98:F4:AB:29:67:94,-76,11,1,4,1,1,1,0,0,0,0,-96,0,6,1,55379501,0,84,0,0,55.7615,384,[84 -64 4 0 0 0 0 0 0 0 0 0 15 -2 16 -2 16 -2 15 -1 16 -2 15 -2 15 -1 14 1 14 0 13 0 12 0 13 1 12 1 12 -1 10 0 11 2 9 0 9 0 9 -1 8 -2 9 -3 8 -3 8 -2 10 -3 10 -2 10 -4 0 0 10 -5 11 -4 11 -5 9 -5 9 -6 10 -6 12 -6 11 -8 9 -7 11 -6 9 -7 11 -7 10 -6 12 -7 9 -8 10 -8 10 -5 10 -7 10 -7 11 -7 10 -7 9 -6 9 -6 9 -5 9 -6 9 -5 0 0 0 0 0 0 0 0 0 0 ]
150,1782978627.775863,9.8049,-76,CSI_DATA,AP,98:F4:AB:29:67:94,-76,11,1,4,1,1,1,0,0,0,0,-96,0,6,1,55468715,0,84,0,0,55.8507,384,[84 -64 4 0 0 0 0 0 0 0 0 0 8 -16 9 -14 9 -15 8 -13 8 -12 10 -12 10 -13 9 -10 8 -11 9 -10 8 -10 10 -9 10 -9 9 -11 7 -10 9 -11 6 -11 6 -10 5 -8 5 -9 4 -9 2 -11 3 -11 4 -11 4 -9 2 -11 0 0 1 -12 1 -13 1 -11 -1 -13 1 -11 1 -12 2 -12 0 -12 0 -12 0 -14 -1 -14 2 -13 0 -13 1 -14 -3 -13 -1 -12 -1 -13 -1 -13 -2 -13 -2 -13 -1 -12 -2 -13 -1 -14 -2 -12 -1 -13 1 -11 0 0 0 0 0 0 0 0 0 0 ]
151,1782978628.019492,10.8566,-76,CSI_DATA,AP,98:F4:AB:29:67:94,-76,11,1,4,1,1,1,0,0,0,0,-96,0,6,1,55563978,0,84,0,0,55.9459,384,[84 -64 4 0 0 0 0 0 0 0 0 0 1 -18 3 -19 3 -19 3 -19 2 -19 3 -17 2 -17 6 -16 3 -16 7 -15 7 -17 6 -16 6 -16 5 -13 5 -13 2 -15 3 -13 4 -11 3 -11 1 -12 1 -11 1 -10 1 -11 1 -12 0 -12 0 -13 0 0 0 -12 -2 -13 -3 -12 -3 -12 -1 -13 -3 -11 -4 -13 -4 -15 -3 -13 -4 -15 -3 -15 -2 -14 -2 -12 -3 -13 -2 -14 -5 -13 -5 -15 -4 -14 -5 -13 -4 -13 -4 -13 -3 -12 -4 -15 -4 -14 -3 -13 -2 -12 0 0 0 0 0 0 0 0 0 0 ]
152,1782978628.262788,10.4539,-76,CSI_DATA,AP,98:F4:AB:29:67:94,-76,11,1,4,1,1,1,0,0,0,0,-96,0,6,1,55648294,0,84,0,0,56.0302,384,[84 -64 4 0 0 0 0 0 0 0 0 0 -2 16 -3 15 -5 15 -3 15 -3 15 -3 14 -4 13 -6 14 -5 13 -5 13 -3 13 -6 12 -4 12 -6 13 -5 11 -4 12 -5 10 -4 10 -3 9 -3 11 -2 9 -2 10 -1 10 -2 10 -1 10 -1 10 0 0 1 11 0 11 0 12 1 11 0 10 2 11 1 12 2 11 2 12 3 12 3 12 2 12 1 12 2 12 0 11 3 12 3 11 3 10 2 11 3 11 2 11 3 11 2 11 4 12 0 9 1 10 0 0 0 0 0 0 0 0 0 0 ]
153,1782978628.505013,9.9073,-76,CSI_DATA,AP,98:F4:AB:29:67:94,-76,11,1,4,1,1,1,0,0,0,0,-96,0,6,1,55740935,0,84,0,0,56.123,384,[84 -64 4 0 0 0 0 0 0 0 0 0 10 12 9 12 9 14 8 11 9 12 9 13 7 13 6 13 6 12 5 13 6 12 7 13 6 12 5 12 5 10 4 12 6 12 5 9 4 10 4 8 6 9 6 8 5 8 6 8 5 8 6 9 0 0 6 8 7 6 9 7 8 7 6 7 9 7 8 9 7 6 8 7 9 7 9 7 9 6 8 6 10 6 8 7 8 6 9 6 8 5 9 6 9 5 8 7 9 5 8 5 9 6 8 5 8 6 0 0 0 0 0 0 0 0 0 0 ]
154,1782978628.764273,9.9672,-70,CSI_DATA,AP,98:F4:AB:29:67:94,-70,11,0,0,0,0,0,0,0,0,0,-96,0,6,1,55851160,0,84,0,0,56.2333,128,[84 -64 4 0 0 0 0 0 0 0 0 0 -14 -26 -12 -27 -13 -27 -12 -26 -12 -27 -9 -24 -8 -26 -6 -26 -5 -25 -7 -24 -10 -24 -8 -26 -7 -25 -7 -22 -6 -22 -6 -21 -7 -20 -7 -17 -6 -18 -7 -18 -7 -17 -8 -18 -8 -14 -11 -16 -12 -15 -11 -18 0 0 -13 -17 -13 -17 -14 -17 -14 -15 -13 -13 -14 -16 -14 -16 -15 -15 -16 -16 -15 -16 -17 -15 -17 -15 -17 -15 -15 -16 -15 -15 -16 -17 -16 -14 -16 -14 -15 -15 -15 -16 -16 -17 -15 -14 -16 -14 -17 -13 -15 -12 -14 -13 0 0 0 0 0 0 0 0 0 0 ]
155,1782978628.990415,10.3954,-77,CSI_DATA,AP,98:F4:AB:29:67:94,-77,11,1,4,1,1,1,0,0,0,0,-96,0,6,1,55917735,0,84,0,0,56.2996,384,[84 -64 4 0 0 0 0 0 0 0 0 0 -12 10 -10 9 -13 11 -13 9 -12 8 -12 8 -12 7 -13 6 -13 7 -12 5 -11 6 -12 7 -12 5 -11 4 -11 5 -11 5 -10 5 -10 5 -9 4 -9 7 -9 6 -8 6 -8 4 -7 7 -8 7 -9 6 0 0 -9 7 -6 7 -8 8 -6 9 -6 7 -9 7 -6 10 -9 10 -8 11 -7 10 -8 11 -8 8 -6 9 -7 10 -6 10 -8 11 -6 9 -6 10 -7 8 -7 8 -7 9 -7 10 -6 10 -7 10 -6 8 -7 8 0 0 0 0 0 0 0 0 0 0 ]
156,1782978629.233867,11.1589,-76,CSI_DATA,AP,98:F4:AB:29:67:94,-76,11,1,4,1,1,1,0,0,0,0,-96,0,6,1,56008364,0,84,0,0,56.3903,384,[84 -64 4 0 0 0 0 0 0 0 0 0 -15 -7 -15 -6 -15 -7 -13 -8 -15 -8 -14 -9 -12 -9 -13 -8 -13 -8 -13 -7 -13 -8 -11 -8 -11 -9 -11 -8 -11 -8 -11 -8 -10 -5 -11 -7 -11 -5 -10 -4 -11 -5 -10 -5 -8 -4 -12 -5 -11 -4 -11 -4 0 0 -12 -3 -13 -1 -12 -2 -12 -3 -12 -3 -12 -2 -12 -2 -12 -1 -13 0 -14 0 -14 0 -13 -1 -13 -2 -13 -3 -11 -2 -13 -1 -14 -1 -12 0 -12 0 -13 -1 -13 -1 -13 -1 -12 -1 -13 -1 -13 -2 -11 -1 0 0 0 0 0 0 0 0 0 0 ]
157,1782978629.480086,12.9915,-76,CSI_DATA,AP,98:F4:AB:29:67:94,-76,11,1,4,1,1,1,0,0,0,0,-96,0,6,1,56101094,0,84,0,0,56.483,384,[84 -64 4 0 0 0 0 0 0 0 0 0 -15 1 -16 0 -15 -1 -16 0 -16 -2 -15 -2 -15 -2 -14 -3 -15 -2 -16 -3 -15 -2 -11 -1 -13 -3 -13 -3 -14 -1 -12 -4 -11 -2 -13 -2 -12 -1 -11 0 -12 -2 -12 0 -10 0 -12 0 -14 0 -12 1 0 0 -11 0 -13 0 -10 2 -13 1 -12 1 -11 2 -13 2 -12 2 -14 3 -14 2 -14 2 -13 1 -12 3 -12 0 -13 2 -13 1 -11 2 -12 2 -12 1 -11 3 -11 1 -11 3 -13 2 -11 0 -12 0 -12 1 0 0 0 0 0 0 0 0 0 0 ]
158,1782978629.722444,12.4450,-76,CSI_DATA,AP,98:F4:AB:29:67:94,-76,11,1,4,1,1,1,0,0,0,0,-96,0,6,1,56190526,0,84,0,0,56.5725,384,[84 -64 4 0 0 0 0 0 0 0 0 0 1 -15 2 -17 3 -16 3 -15 2 -17 3 -14 3 -16 4 -16 6 -16 6 -13 6 -15 5 -14 6 -12 7 -13 5 -12 5 -14 4 -12 4 -11 4 -11 2 -11 3 -11 2 -12 3 -12 2 -12 2 -11 2 -13 0 0 2 -11 1 -12 0 -12 1 -13 0 -12 -2 -13 2 -12 -1 -13 1 -13 -1 -15 -3 -13 1 -10 -1 -13 -1 -11 -1 -13 -3 -12 -2 -13 -1 -11 -2 -12 -2 -13 -2 -12 -2 -12 -1 -12 -2 -12 -1 -10 -1 -11 0 0 0 0 0 0 0 0 0 0 ]
159,1782978629.963857,12.5145,-75,CSI_DATA,AP,98:F4:AB:29:67:94,-75,11,1,2,1,1,1,0,0,0,0,-96,0,6,1,56280656,0,84,0,0,56.6626,384,[84 -64 4 0 0 0 0 0 0 0 0 0 0 -16 2 -15 2 -16 1 -16 2 -16 2 -14 3 -15 3 -14 2 -14 4 -13 4 -14 4 -14 4 -13 4 -13 3 -12 3 -13 3 -11 2 -12 2 -9 3 -12 2 -10 1 -12 1 -12 0 -11 0 -12 0 -12 0 0 -1 -10 -1 -11 -2 -9 -2 -10 -2 -9 -3 -10 -2 -11 -2 -11 -2 -12 -3 -12 -3 -12 -4 -11 -3 -12 -4 -10 -3 -10 -3 -11 -4 -10 -4 -9 -4 -11 -6 -10 -4 -10 -6 -9 -3 -11 -7 -11 -4 -10 -3 -10 0 0 0 0 0 0 0 0 0 0 ]
160,1782978630.207549,12.7500,-77,CSI_DATA,AP,98:F4:AB:29:67:94,-77,11,1,4,1,1,1,0,0,0,0,-96,0,6,1,56368341,0,84,0,0,56.7503,384,[84 -64 4 0 0 0 0 0 0 0 0 0 -12 11 -12 9 -14 9 -13 9 -13 8 -13 8 -15 6 -14 7 -14 6 -13 7 -13 7 -15 6 -14 6 -13 5 -11 5 -13 4 -12 5 -10 6 -11 5 -9 7 -9 6 -9 6 -10 6 -10 7 -11 6 -9 7 0 0 -10 7 -9 8 -8 8 -8 7 -8 7 -8 8 -8 8 -7 10 -8 9 -9 10 -9 10 -9 9 -9 7 -8 8 -10 10 -7 9 -8 11 -7 10 -6 9 -10 10 -6 10 -5 10 -8 10 -5 8 -9 9 -6 7 0 0 0 0 0 0 0 0 0 0 ]
161,1782978630.448760,12.0579,-76,CSI_DATA,AP,98:F4:AB:29:67:94,-76,11,1,4,1,1,1,0,0,0,0,-96,0,6,1,56457685,0,84,0,0,56.8397,384,[84 -64 4 0 0 0 0 0 0 0 0 0 16 -3 14 -1 15 -1 15 -2 15 -2 15 0 14 0 15 0 16 2 16 0 14 0 14 2 15 1 13 2 12 3 13 2 12 2 9 0 11 0 9 -1 10 -1 13 -2 10 -2 10 0 11 -1 9 -1 0 0 11 -3 11 -3 10 -2 9 -4 9 -3 10 -5 10 -5 10 -6 11 -5 12 -4 11 -5 9 -5 11 -5 10 -4 10 -5 10 -5 11 -6 10 -5 7 -5 8 -4 9 -5 9 -5 10 -4 10 -5 11 -5 8 -5 0 0 0 0 0 0 0 0 0 0 ]
162,1782978630.694755,12.1986,-76,CSI_DATA,AP,98:F4:AB:29:67:94,-76,11,1,4,1,1,1,0,0,0,0,-96,0,6,1,56551843,0,84,0,0,56.9338,384,[84 -64 4 0 0 0 0 0 0 0 0 0 -10 -18 -9 -16 -11 -19 -9 -16 -7 -17 -6 -18 -3 -19 -5 -17 -7 -16 -6 -18 -3 -18 -3 -17 -3 -17 -4 -16 -1 -15 -3 -14 -3 -13 -2 -14 -3 -13 -2 -11 -2 -10 -3 -12 -3 -11 -5 -10 -5 -12 -7 -10 0 0 -5 -13 -6 -11 -5 -7 -9 -10 -6 -8 -11 -12 -7 -11 -9 -8 -7 -10 -9 -12 -10 -11 -9 -11 -10 -10 -10 -10 -9 -10 -9 -8 -9 -9 -8 -9 -11 -9 -9 -7 -11 -8 -10 -8 -9 -8 -10 -8 -11 -7 -8 -9 0 0 0 0 0 0 0 0 0 0 ]
163,1782978630.938501,11.6338,-76,CSI_DATA,AP,98:F4:AB:29:67:94,-76,11,1,4,1,1,1,0,0,0,0,-96,0,6,1,56643493,0,84,0,0,57.0254,384,[84 -64 4 0 0 0 0 0 0 0 0 0 -7 16 -7 13 -8 14 -8 11 -9 11 -10 13 -10 11 -8 10 -7 12 -10 11 -8 11 -11 11 -10 10 -10 12 -9 10 -9 10 -8 9 -9 8 -7 9 -7 8 -6 9 -6 11 -7 9 -7 9 -6 10 -5 10 0 0 -5 9 -5 10 -4 10 -3 10 -3 9 -3 9 -4 11 -3 11 -3 11 -3 12 -3 11 -3 11 -2 9 -4 11 -3 11 -2 8 0 9 -1 11 0 11 -1 11 -3 11 -2 10 -2 9 0 10 -2 11 -1 11 0 0 0 0 0 0 0 0 0 0 ]
164,1782978631.182702,10.8383,-76,CSI_DATA,AP,98:F4:AB:29:67:94,-76,11,1,4,1,1,1,0,0,0,0,-96,0,6,1,56729784,0,84,0,0,57.1116,384,[84 -64 4 0 0 0 0 0 0 0 0 0 10 -13 10 -14 10 -11 11 -11 12 -11 11 -10 11 -11 11 -10 10 -10 10 -9 10 -9 12 -9 11 -8 11 -9 9 -7 10 -6 11 -7 8 -7 9 -7 7 -8 6 -8 6 -7 7 -6 8 -9 7 -8 7 -9 0 0 6 -7 8 -9 8 -8 7 -8 7 -8 5 -10 4 -9 5 -12 5 -10 6 -11 4 -11 6 -11 7 -11 7 -9 6 -11 5 -10 5 -11 4 -10 4 -11 4 -11 4 -11 4 -9 5 -10 5 -9 5 -10 5 -9 0 0 0 0 0 0 0 0 0 0 ]
165,1782978631.429025,11.2478,-76,CSI_DATA,AP,98:F4:AB:29:67:94,-76,11,1,4,1,1,1,0,0,0,0,-96,0,6,1,56823424,0,84,0,0,57.2054,384,[84 -64 4 0 0 0 0 0 0 0 0 0 1 -16 3 -17 5 -17 4 -16 5 -17 6 -16 3 -14 4 -14 5 -13 3 -13 5 -12 4 -15 5 -12 5 -12 4 -12 4 -12 3 -10 4 -12 4 -11 2 -10 3 -10 3 -10 1 -12 3 -10 0 -12 0 -11 0 0 0 -13 -2 -11 0 -13 -2 -11 -1 -10 -2 -12 -1 -10 -2 -13 -1 -12 -1 -13 -2 -13 -1 -14 0 -13 -3 -13 -2 -11 -2 -13 -1 -12 -2 -11 -3 -12 -3 -10 -3 -10 -2 -11 -3 -11 -2 -13 -1 -12 -2 -10 0 0 0 0 0 0 0 0 0 0 ]
166,1782978631.672101,12.6584,-76,CSI_DATA,AP,98:F4:AB:29:67:94,-76,11,1,4,1,1,1,0,0,0,0,-96,0,6,1,56907780,0,84,0,0,57.2897,384,[84 -64 4 0 0 0 0 0 0 0 0 0 -21 -2 -19 -3 -20 -6 -19 -5 -17 -6 -16 -7 -17 -7 -16 -7 -17 -6 -15 -7 -17 -6 -15 -8 -15 -7 -17 -7 -14 -7 -16 -6 -14 -5 -13 -5 -12 -4 -13 -4 -12 -5 -11 -3 -13 -4 -13 -3 -13 -4 -14 -3 0 0 -12 -4 -14 -3 -13 -1 -12 -2 -12 -1 -13 1 -14 -1 -13 0 -14 1 -15 1 -15 1 -13 0 -12 0 -13 -1 -12 2 -13 1 -13 1 -13 0 -12 1 -13 2 -12 2 -14 1 -13 2 -13 2 -13 2 -14 2 0 0 0 0 0 0 0 0 0 0 ]
167,1782978631.917959,12.9284,-75,CSI_DATA,AP,98:F4:AB:29:67:94,-75,11,1,2,1,1,1,0,0,0,0,-96,0,6,1,56999766,0,84,0,0,57.3817,384,[84 -64 4 0 0 0 0 0 0 0 0 0 4 18 3 18 2 19 2 19 1 17 0 17 0 17 -1 16 1 16 2 15 2 16 -1 18 0 15 0 16 0 14 0 14 -1 14 -1 12 -1 12 1 11 1 11 2 11 1 10 4 11 3 12 3 13 0 0 3 10 3 11 7 10 5 8 5 10 6 10 5 12 7 9 6 11 7 10 8 10 7 11 7 11 6 11 7 10 7 10 8 9 8 9 9 9 7 9 8 9 8 9 7 10 8 8 7 8 8 11 0 0 0 0 0 0 0 0 0 0 ]
168,1782978632.161783,11.9085,-77,CSI_DATA,AP,98:F4:AB:29:67:94,-77,11,1,4,1,1,1,0,0,0,0,-96,0,6,1,57091847,0,84,0,0,57.4738,384,[84 -64 4 0 0 0 0 0 0 0 0 0 -7 16 -7 15 -8 12 -7 14 -8 13 -7 14 -9 12 -7 11 -9 10 -8 11 -7 11 -9 13 -9 12 -7 12 -9 11 -8 10 -8 10 -7 7 -6 8 -5 9 -6 7 -5 7 -5 10 -4 9 -5 10 -6 11 0 0 -3 10 -2 10 -4 11 -2 9 -3 11 -2 8 -3 9 -2 12 0 11 -2 12 -1 11 -2 11 -2 11 -1 11 -1 10 0 11 0 11 -1 10 0 11 0 12 2 11 0 11 1 10 0 11 -1 10 -1 10 0 0 0 0 0 0 0 0 0 0 ]
169,1782978632.404484,11.0173,-75,CSI_DATA,AP,98:F4:AB:29:67:94,-75,11,1,2,1,1,1,0,0,0,0,-96,0,6,1,57191129,0,84,0,0,57.5731,384,[84 -64 4 0 0 0 0 0 0 0 0 0 9 12 9 12 9 13 8 12 8 11 7 12 7 12 6 11 8 13 5 11 7 12 5 12 6 12 6 11 6 10 4 11 4 10 3 9 4 7 4 9 3 8 4 9 5 8 5 7 5 9 6 7 0 0 6 7 7 8 7 7 6 6 5 7 6 7 7 8 8 6 7 9 8 7 8 6 7 7 8 7 7 9 8 7 8 7 8 6 8 7 8 6 8 5 8 6 7 6 8 7 8 6 7 7 6 7 0 0 0 0 0 0 0 0 0 0 ]
170,1782978632.651172,9.6493,-76,CSI_DATA,AP,98:F4:AB:29:67:94,-76,11,1,4,1,1,1,0,0,0,0,-96,0,6,1,57268213,0,84,0,0,57.6502,384,[84 -64 4 0 0 0 0 0 0 0 0 0 16 4 15 3 16 3 14 5 15 4 13 5 13 7 11 7 12 6 13 8 11 6 13 7 11 7 12 6 9 6 11 6 10 6 9 7 9 5 10 1 10 5 12 2 10 2 8 2 9 1 10 3 0 0 9 3 11 1 11 -1 10 -2 12 0 10 0 10 0 11 0 13 0 10 1 11 0 11 0 11 0 11 -1 11 -1 11 -1 12 -2 10 -1 12 0 11 -1 11 0 11 -1 11 -1 12 0 10 -1 10 0 0 0 0 0 0 0 0 0 0 0 ]
171,1782978632.894771,9.2522,-77,CSI_DATA,AP,98:F4:AB:29:67:94,-77,11,1,4,1,1,1,0,0,0,0,-96,0,6,1,57360242,0,84,0,0,57.7422,384,[84 -64 4 0 0 0 0 0 0 0 0 0 17 -3 15 -2 15 -1 15 -1 16 0 13 0 15 0 14 0 13 1 13 1 14 2 15 1 14 1 12 1 13 0 12 0 11 1 10 0 10 0 10 0 11 -1 9 -1 10 -2 9 -2 10 -1 10 -2 0 0 10 -5 9 -2 9 -4 10 -4 8 -4 10 -5 10 -4 9 -6 8 -6 8 -6 9 -7 10 -5 8 -6 10 -5 9 -6 8 -7 9 -7 9 -8 9 -6 9 -8 9 -6 9 -8 9 -7 9 -7 10 -7 9 -7 0 0 0 0 0 0 0 0 0 0 ]
172,1782978633.138915,10.1819,-76,CSI_DATA,AP,98:F4:AB:29:67:94,-76,11,1,4,1,1,1,0,0,0,0,-96,0,6,1,57450132,0,84,0,0,57.832,384,[84 -64 4 0 0 0 0 0 0 0 0 0 15 -11 16 -12 16 -9 15 -11 17 -8 15 -9 14 -8 15 -8 14 -7 15 -7 14 -7 16 -8 15 -5 14 -7 14 -6 13 -4 12 -5 11 -4 11 -5 11 -7 11 -6 11 -6 9 -5 9 -7 9 -7 10 -9 0 0 9 -7 8 -8 10 -8 8 -6 8 -9 8 -11 10 -9 8 -10 8 -9 6 -10 6 -11 8 -8 8 -11 6 -11 6 -11 7 -10 6 -10 6 -11 7 -11 6 -11 7 -11 6 -11 7 -10 8 -12 8 -10 6 -10 0 0 0 0 0 0 0 0 0 0 ]
173,1782978633.389704,9.8111,-77,CSI_DATA,AP,98:F4:AB:29:67:94,-77,11,1,4,1,1,1,0,0,0,0,-96,0,6,1,57540618,0,84,0,0,57.9226,384,[84 -64 4 0 0 0 0 0 0 0 0 0 12 12 12 11 11 12 10 10 10 12 7 11 9 11 7 12 9 12 9 11 8 11 6 12 7 12 6 11 5 9 5 10 5 10 7 9 5 8 4 8 4 7 7 6 7 7 8 6 8 6 7 7 0 0 8 7 8 6 7 5 8 5 8 5 8 4 10 4 10 6 10 4 11 4 10 4 8 4 10 3 10 5 11 3 9 3 9 4 9 3 10 4 10 1 10 4 10 3 11 2 10 2 10 3 9 3 0 0 0 0 0 0 0 0 0 0 ]
174,1782978633.634047,10.7576,-76,CSI_DATA,AP,98:F4:AB:29:67:94,-76,11,1,4,1,1,1,0,0,0,0,-96,0,6,1,57630331,0,84,0,0,58.0123,384,[84 -64 4 0 0 0 0 0 0 0 0 0 -15 12 -14 9 -17 13 -17 12 -18 11 -17 8 -16 9 -15 8 -15 9 -17 5 -17 5 -18 4 -17 5 -16 5 -15 5 -13 6 -12 5 -13 6 -13 6 -12 6 -10 5 -11 8 -11 6 -11 7 -10 6 -10 7 0 0 -8 8 -8 10 -7 9 -8 10 -8 7 -6 10 -7 10 -7 11 -6 11 -6 11 -7 11 -6 10 -7 11 -5 10 -7 12 -5 12 -5 13 -4 10 -5 12 -3 12 -5 11 -4 11 -5 12 -5 12 -4 12 -4 11 0 0 0 0 0 0 0 0 0 0 ]
175,1782978633.878049,11.7992,-76,CSI_DATA,AP,98:F4:AB:29:67:94,-76,11,1,4,1,1,1,0,0,0,0,-96,0,6,1,57718659,0,84,0,0,58.1006,384,[84 -64 4 0 0 0 0 0 0 0 0 0 -6 -17 -6 -17 -6 -17 -6 -19 -6 -18 -5 -17 -4 -16 -3 -17 -3 -17 -4 -16 -4 -16 -2 -17 -3 -15 -2 -15 -2 -14 -2 -13 -2 -14 -4 -12 -3 -11 -2 -11 -5 -10 -3 -13 -4 -11 -4 -10 -4 -11 -4 -12 0 0 -5 -11 -6 -9 -6 -11 -6 -10 -7 -11 -7 -11 -7 -11 -7 -12 -9 -10 -9 -13 -10 -12 -9 -12 -9 -11 -7 -12 -9 -13 -8 -12 -8 -12 -9 -12 -8 -13 -8 -13 -7 -11 -6 -10 -8 -11 -9 -12 -7 -10 -7 -11 0 0 0 0 0 0 0 0 0 0 ]
176,1782978634.127233,11.6172,-76,CSI_DATA,AP,98:F4:AB:29:67:94,-76,11,1,4,1,1,1,0,0,0,0,-96,0,6,1,57808640,0,84,0,0,58.1906,384,[84 -64 4 0 0 0 0 0 0 0 0 0 15 12 13 10 13 11 11 11 11 10 10 13 10 11 10 10 8 12 7 11 8 12 9 11 8 13 7 11 7 10 6 10 6 10 5 9 6 9 5 6 8 7 7 7 8 7 6 6 9 5 9 6 0 0 7 5 7 4 9 4 9 3 8 3 10 4 11 5 11 4 11 4 9 3 10 3 10 5 10 2 11 3 9 2 11 3 10 2 11 2 12 2 10 3 11 1 11 3 10 2 9 2 10 1 9 2 0 0 0 0 0 0 0 0 0 0 ]
177,1782978634.367851,11.1247,-75,CSI_DATA,AP,98:F4:AB:29:67:94,-75,11,1,2,1,1,1,0,0,0,0,-96,0,6,1,57899739,0,84,0,0,58.2817,384,[84 -64 4 0 0 0 0 0 0 0 0 0 -6 17 -7 15 -6 17 -8 16 -7 15 -7 13 -9 15 -9 13 -9 15 -8 14 -9 14 -10 11 -10 13 -9 12 -8 10 -8 12 -7 10 -6 11 -6 9 -5 9 -4 9 -3 10 -3 10 -5 9 -3 10 -4 11 0 0 -3 11 -3 11 -1 11 0 12 0 11 0 10 -1 12 0 11 1 12 1 13 0 14 0 12 0 12 1 12 1 11 2 11 1 12 1 12 2 11 1 12 3 11 3 11 1 11 2 11 -1 11 0 9 0 0 0 0 0 0 0 0 0 0 ]
178,1782978634.611151,10.8486,-76,CSI_DATA,AP,98:F4:AB:29:67:94,-76,11,1,4,1,1,1,0,0,0,0,-96,0,6,1,57991116,0,84,0,0,58.3731,384,[84 -64 4 0 0 0 0 0 0 0 0 0 13 12 13 11 13 12 12 12 15 13 9 13 10 12 11 13 10 11 10 12 9 13 8 14 7 14 8 12 8 11 7 10 6 10 6 8 8 9 8 6 7 7 7 4 7 6 10 6 9 6 10 7 0 0 8 5 8 6 7 5 8 4 12 3 10 3 11 4 12 3 12 4 13 5 12 5 11 4 12 4 12 4 12 2 12 1 12 3 14 2 11 2 13 3 12 3 11 4 11 3 11 2 10 4 12 2 0 0 0 0 0 0 0 0 0 0 ]
179,1782978634.853112,11.4973,-76,CSI_DATA,AP,98:F4:AB:29:67:94,-76,11,1,4,1,1,1,0,0,0,0,-96,0,6,1,58078763,0,84,0,0,58.4607,384,[84 -64 4 0 0 0 0 0 0 0 0 0 -18 8 -17 6 -17 6 -18 6 -19 4 -19 3 -17 4 -18 2 -16 3 -17 3 -15 3 -18 1 -15 2 -16 2 -14 2 -16 0 -14 -1 -14 0 -12 0 -11 2 -13 1 -10 3 -10 3 -12 5 -12 3 -12 6 0 0 -11 6 -9 7 -11 6 -10 7 -9 6 -9 6 -11 6 -10 7 -11 7 -10 9 -11 9 -9 8 -10 8 -10 7 -9 8 -10 7 -12 10 -10 9 -10 9 -12 9 -9 8 -9 8 -10 8 -7 9 -10 9 -9 9 0 0 0 0 0 0 0 0 0 0 ]
180,1782978635.090999,11.5229,-76,CSI_DATA,AP,98:F4:AB:29:67:94,-76,11,1,4,1,1,1,0,0,0,0,-96,0,6,1,58168034,0,84,0,0,58.5499,384,[84 -64 4 0 0 0 0 0 0 0 0 0 -9 14 -10 14 -11 13 -10 14 -13 12 -12 13 -12 10 -10 11 -11 10 -11 9 -11 11 -11 10 -11 10 -10 9 -11 8 -11 7 -10 8 -9 7 -9 8 -9 6 -5 7 -5 8 -6 8 -5 9 -6 10 -5 11 0 0 -4 9 -5 8 -5 10 -3 10 -4 9 -3 10 -5 10 -5 10 -5 10 -3 12 -4 13 -4 11 -4 11 -4 11 -3 10 -3 11 -1 11 -2 10 -2 12 -2 10 -2 11 -2 12 -1 10 -1 10 -1 10 -1 11 0 0 0 0 0 0 0 0 0 0 ]
181,1782978635.329072,10.8142,-76,CSI_DATA,AP,98:F4:AB:29:67:94,-76,11,1,4,1,1,1,0,0,0,0,-96,0,6,1,58258707,0,84,0,0,58.6407,384,[84 -64 4 0 0 0 0 0 0 0 0 0 -10 15 -10 15 -10 17 -10 14 -10 15 -11 13 -9 13 -10 13 -10 12 -10 12 -13 11 -11 10 -14 10 -11 10 -12 10 -12 11 -9 9 -8 9 -8 9 -6 7 -6 9 -6 9 -5 9 -7 9 -6 8 -6 11 0 0 -4 10 -3 11 -2 11 -2 11 -3 12 -1 12 -2 12 -3 10 -1 13 -2 13 -2 13 -3 13 -2 11 -1 15 -1 13 -1 12 -2 13 -1 13 0 13 0 13 0 13 0 12 -1 12 -1 12 0 11 -2 12 0 0 0 0 0 0 0 0 0 0 ]
182,1782978635.568528,11.5937,-76,CSI_DATA,AP,98:F4:AB:29:67:94,-76,11,1,4,1,1,1,0,0,0,0,-96,0,6,1,58351080,0,84,0,0,58.733,384,[84 -64 4 0 0 0 0 0 0 0 0 0 19 -5 18 -5 17 -5 19 -4 18 -2 17 -1 15 0 16 -1 17 0 17 0 16 -1 16 0 15 2 14 1 16 0 14 0 13 0 11 1 11 -1 11 -1 12 -1 12 -1 10 0 10 -3 12 -2 11 -3 0 0 11 -3 11 -3 10 -4 11 -6 12 -3 12 -5 11 -4 13 -6 10 -7 12 -6 11 -6 12 -4 10 -5 11 -5 12 -6 11 -6 10 -5 12 -6 10 -6 9 -7 11 -7 10 -7 8 -5 10 -6 10 -6 9 -4 0 0 0 0 0 0 0 0 0 0 ]
183,1782978635.805061,11.2698,-76,CSI_DATA,AP,98:F4:AB:29:67:94,-76,11,1,4,1,1,1,0,0,0,0,-96,0,6,1,58439974,0,84,0,0,58.8219,384,[84 -64 4 0 0 0 0 0 0 0 0 0 -16 -7 -15 -7 -16 -8 -13 -7 -15 -7 -14 -9 -14 -12 -12 -11 -12 -11 -11 -8 -13 -9 -11 -9 -12 -10 -11 -8 -9 -9 -9 -8 -9 -8 -9 -7 -7 -6 -6 -5 -8 -4 -9 -4 -8 -4 -10 -3 -11 -1 -10 -3 0 0 -10 -4 -11 -4 -10 -3 -10 0 -11 -3 -12 -1 -13 -3 -12 -1 -12 -1 -14 -2 -14 0 -11 -1 -12 1 -12 -2 -12 0 -11 -1 -12 -1 -11 -1 -12 -1 -12 0 -12 -2 -11 -1 -12 -2 -12 1 -9 -1 -11 1 0 0 0 0 0 0 0 0 0 0 ]
184,1782978636.041322,11.8772,-76,CSI_DATA,AP,98:F4:AB:29:67:94,-76,11,1,4,1,1,1,0,0,0,0,-96,0,6,1,58528410,0,84,0,0,58.9104,384,[84 -64 4 0 0 0 0 0 0 0 0 0 17 0 16 -3 17 -1 17 0 17 0 16 2 14 1 15 3 16 2 15 3 14 1 15 3 14 3 13 3 12 3 13 4 12 4 11 2 10 4 12 2 11 2 10 2 10 1 11 0 12 1 13 1 0 0 12 0 12 0 12 -2 12 -1 12 0 13 -1 13 -2 12 -2 13 -2 15 -1 13 -2 14 1 12 0 13 -2 13 1 14 -2 11 -3 12 -1 13 -2 13 -1 13 0 12 -1 11 -1 10 1 10 0 12 0 0 0 0 0 0 0 0 0 0 0 ]
185,1782978636.278003,11.8222,-76,CSI_DATA,AP,98:F4:AB:29:67:94,-76,11,1,4,1,1,1,0,0,0,0,-96,0,6,1,58617979,0,84,0,0,58.9999,384,[84 -64 4 0 0 0 0 0 0 0 0 0 11 -15 12 -14 13 -14 11 -13 12 -13 14 -12 14 -12 11 -11 12 -10 13 -9 11 -10 12 -10 13 -9 11 -9 11 -10 13 -10 10 -7 9 -8 7 -7 8 -9 8 -10 8 -10 8 -8 7 -8 6 -10 6 -10 0 0 5 -12 5 -11 5 -10 6 -12 4 -10 3 -12 4 -12 3 -13 4 -13 4 -13 4 -14 5 -14 5 -11 3 -13 3 -12 2 -12 2 -12 3 -13 2 -12 1 -12 2 -13 2 -11 3 -11 3 -12 2 -12 2 -10 0 0 0 0 0 0 0 0 0 0 ]
186,1782978636.513677,11.1224,-77,CSI_DATA,AP,98:F4:AB:29:67:94,-77,11,1,4,1,1,1,0,0,0,0,-96,0,6,1,58707760,0,84,0,0,59.0897,384,[84 -64 4 0 0 0 0 0 0 0 0 0 11 -14 12 -13 12 -12 12 -12 12 -12 11 -11 12 -9 12 -7 10 -8 11 -7 12 -8 11 -7 10 -8 11 -6 10 -6 12 -8 9 -7 8 -7 7 -7 7 -6 8 -5 8 -9 7 -7 7 -8 6 -9 6 -8 0 0 7 -10 7 -10 5 -8 6 -10 4 -10 5 -10 6 -11 5 -11 6 -10 7 -12 6 -10 6 -11 5 -11 6 -9 5 -10 4 -10 4 -9 5 -10 5 -10 3 -10 4 -10 4 -11 4 -11 4 -12 4 -9 4 -10 0 0 0 0 0 0 0 0 0 0 ]
187,1782978636.745795,11.5147,-75,CSI_DATA,AP,98:F4:AB:29:67:94,-75,11,1,2,1,1,1,0,0,0,0,-96,0,6,1,58803026,0,84,0,0,59.185,384,[84 -64 4 0 0 0 0 0 0 0 0 0 16 1 17 3 16 2 15 2 15 4 15 4 14 5 14 7 13 3 14 3 13 3 14 4 13 4 13 3 12 3 11 4 11 3 10 2 10 2 10 2 10 2 10 1 9 1 10 0 12 0 11 1 0 0 11 0 13 -1 12 -2 11 -2 11 -1 11 -3 13 -1 12 -2 11 -3 12 -3 12 -4 11 -3 12 -2 10 -2 12 -2 11 -4 12 -3 11 -4 11 -3 11 -4 11 -3 11 -3 11 -3 11 -3 12 -2 10 -2 0 0 0 0 0 0 0 0 0 0 ]
188,1782978636.979560,11.2933,-77,CSI_DATA,AP,98:F4:AB:29:67:94,-77,11,1,4,1,1,1,0,0,0,0,-96,0,6,1,58896239,0,84,0,0,59.2782,384,[84 -64 4 0 0 0 0 0 0 0 0 0 16 2 16 1 16 2 15 3 15 3 15 3 12 4 13 4 12 4 12 3 13 4 12 6 12 5 11 5 11 4 10 3 10 3 9 4 8 2 9 3 9 3 10 2 9 1 10 1 11 0 10 1 0 0 10 1 11 0 9 -1 10 -1 11 0 11 -1 11 -1 11 -1 12 -2 13 -2 12 -2 12 -1 12 -1 12 -1 12 -1 10 -1 12 -2 11 -2 11 -2 10 -1 10 -1 11 -2 11 0 11 -1 11 -1 10 -2 0 0 0 0 0 0 0 0 0 0 ]
189,1782978637.209672,10.6601,-77,CSI_DATA,AP,98:F4:AB:29:67:94,-77,11,1,4,1,1,1,0,0,0,0,-96,0,6,1,58977728,0,84,0,0,59.3596,384,[84 -64 4 0 0 0 0 0 0 0 0 0 -15 8 -15 8 -17 8 -16 7 -15 6 -15 5 -15 4 -15 4 -14 4 -15 3 -15 4 -16 2 -12 2 -15 1 -13 2 -13 0 -13 0 -12 2 -10 3 -8 3 -12 1 -10 3 -10 2 -9 2 -10 1 -9 5 0 0 -9 3 -10 5 -10 6 -9 7 -8 5 -8 7 -10 5 -10 7 -9 8 -9 7 -10 7 -9 7 -9 5 -10 6 -8 6 -9 5 -11 6 -7 4 -9 7 -10 7 -10 5 -7 5 -11 6 -11 5 -9 5 -8 6 0 0 0 0 0 0 0 0 0 0 ]
190,1782978637.445191,12.0511,-76,CSI_DATA,AP,98:F4:AB:29:67:94,-76,11,1,4,1,1,1,0,0,0,0,-96,0,6,1,59069144,0,84,0,0,59.4511,384,[84 -64 4 0 0 0 0 0 0 0 0 0 -16 -11 -15 -10 -17 -9 -15 -9 -15 -10 -13 -10 -13 -11 -12 -11 -13 -12 -11 -13 -12 -12 -11 -11 -11 -11 -11 -10 -8 -9 -10 -11 -9 -10 -9 -9 -9 -8 -8 -9 -10 -6 -10 -9 -10 -7 -11 -7 -11 -8 -12 -7 0 0 -12 -7 -11 -6 -12 -4 -14 -5 -12 -4 -11 -5 -15 -5 -12 -5 -14 -6 -15 -6 -15 -7 -13 -5 -11 -5 -13 -4 -13 -6 -12 -3 -13 -5 -12 -4 -13 -5 -13 -4 -13 -5 -13 -4 -14 -5 -15 -4 -14 -6 -12 -4 0 0 0 0 0 0 0 0 0 0 ]
191,1782978637.675933,11.8907,-76,CSI_DATA,AP,98:F4:AB:29:67:94,-76,11,1,4,1,1,1,0,0,0,0,-96,0,6,1,59161752,0,84,0,0,59.5437,384,[84 -64 4 0 0 0 0 0 0 0 0 0 -18 -7 -20 -5 -18 -8 -17 -7 -16 -6 -15 -9 -15 -9 -12 -8 -15 -9 -13 -8 -14 -9 -13 -10 -14 -8 -11 -9 -10 -8 -13 -8 -12 -9 -10 -9 -10 -7 -9 -5 -10 -6 -10 -6 -11 -6 -13 -3 -11 -4 -11 -4 0 0 -13 -3 -13 -2 -13 -3 -16 -1 -12 0 -14 -2 -13 -3 -13 -2 -14 -1 -14 -3 -14 -1 -14 -2 -14 -3 -14 0 -13 -1 -14 -2 -13 0 -13 -1 -14 -2 -12 -2 -14 -3 -13 -2 -14 -3 -14 -1 -14 -3 -11 -1 0 0 0 0 0 0 0 0 0 0 ]
192,1782978637.908604,10.5269,-76,CSI_DATA,AP,98:F4:AB:29:67:94,-76,11,1,4,1,1,1,0,0,0,0,-96,0,6,1,59247647,0,84,0,0,59.6296,384,[84 -64 4 0 0 0 0 0 0 0 0 0 -4 16 -4 14 -4 15 -4 14 -5 14 -4 12 -7 12 -5 12 -4 13 -4 13 -5 11 -5 13 -5 13 -5 10 -4 11 -5 10 -7 11 -5 11 -3 9 -4 9 -4 8 -1 9 -2 10 0 10 0 9 -2 11 0 0 0 12 0 10 0 10 1 10 1 10 2 9 2 11 2 11 4 10 2 11 2 12 0 12 2 12 3 12 2 11 1 11 2 11 3 11 2 12 1 12 2 11 1 11 1 11 1 10 2 12 1 9 0 0 0 0 0 0 0 0 0 0 ]
193,1782978638.141997,11.4558,-76,CSI_DATA,AP,98:F4:AB:29:67:94,-76,11,1,4,1,1,1,0,0,0,0,-96,0,6,1,59341224,0,84,0,0,59.7232,384,[84 -64 4 0 0 0 0 0 0 0 0 0 -7 -17 -7 -17 -6 -15 -5 -16 -5 -17 -4 -16 -3 -15 -4 -15 -5 -16 -3 -15 -2 -15 -2 -15 -3 -15 -2 -14 -2 -13 -2 -13 -1 -12 -3 -11 -3 -10 -3 -10 -3 -9 -6 -10 -4 -10 -4 -11 -4 -12 -5 -11 0 0 -5 -11 -7 -10 -7 -10 -8 -10 -6 -10 -7 -10 -8 -10 -7 -10 -9 -11 -8 -10 -9 -12 -7 -11 -9 -9 -7 -10 -8 -10 -7 -10 -7 -11 -8 -9 -8 -9 -8 -10 -7 -9 -8 -9 -7 -10 -8 -9 -6 -10 -7 -10 0 0 0 0 0 0 0 0 0 0 ]
194,1782978638.372443,11.3295,-76,CSI_DATA,AP,98:F4:AB:29:67:94,-76,11,1,4,1,1,1,0,0,0,0,-96,0,6,1,59430457,0,84,0,0,59.8124,384,[84 -64 4 0 0 0 0 0 0 0 0 0 14 1 16 3 16 0 14 2 14 2 14 4 15 3 13 4 14 2 12 3 13 2 13 3 11 4 12 3 12 3 11 3 12 2 10 2 11 1 9 0 11 1 10 -2 9 1 12 0 11 0 11 1 0 0 10 -2 11 -2 10 -3 12 -3 12 -2 11 -5 12 -2 12 -4 13 -4 11 -6 13 -4 12 -1 12 -3 11 -2 12 -2 10 -4 12 -2 10 -4 11 -4 11 -4 11 -4 11 -3 11 -3 11 -5 10 -2 11 -2 0 0 0 0 0 0 0 0 0 0 ]
195,1782978638.604023,10.7583,-76,CSI_DATA,AP,98:F4:AB:29:67:94,-76,11,1,4,1,1,1,0,0,0,0,-96,0,6,1,59519110,0,84,0,0,59.9011,384,[84 -64 4 0 0 0 0 0 0 0 0 0 15 6 14 4 13 6 14 8 15 7 13 8 11 8 12 7 10 8 9 7 11 6 11 7 11 7 10 6 9 6 10 7 9 6 8 5 7 5 9 5 9 4 8 3 9 4 9 2 10 3 10 4 0 0 9 3 11 3 9 2 10 2 9 2 10 1 10 1 10 1 13 2 11 1 12 1 10 2 12 2 11 3 10 1 11 3 10 1 11 2 10 1 9 0 11 2 9 1 11 2 12 1 9 1 10 1 0 0 0 0 0 0 0 0 0 0 ]
196,1782978638.839635,11.7007,-76,CSI_DATA,AP,98:F4:AB:29:67:94,-76,11,1,4,1,1,1,0,0,0,0,-96,0,6,1,59607717,0,84,0,0,59.9897,384,[84 -64 4 0 0 0 0 0 0 0 0 0 13 -12 14 -12 15 -12 13 -10 15 -9 14 -7 13 -9 13 -6 14 -7 13 -8 14 -8 13 -7 14 -7 15 -5 11 -7 11 -6 11 -5 9 -5 10 -6 9 -5 11 -6 9 -9 9 -7 7 -7 9 -9 9 -8 0 0 9 -8 9 -8 9 -10 8 -10 7 -8 10 -9 9 -10 9 -11 8 -10 10 -11 8 -11 9 -9 8 -10 8 -10 9 -10 8 -9 8 -10 7 -10 8 -10 8 -10 9 -12 7 -9 8 -9 9 -10 9 -11 7 -9 0 0 0 0 0 0 0 0 0 0 ]
197,1782978639.071914,10.5933,-76,CSI_DATA,AP,98:F4:AB:29:67:94,-76,11,1,4,1,1,1,0,0,0,0,-96,0,6,1,59698067,0,84,0,0,60.0799,384,[84 -64 4 0 0 0 0 0 0 0 0 0 7 13 9 12 8 13 7 12 8 11 6 12 5 13 5 12 5 12 6 13 4 12 3 11 4 11 4 12 3 11 4 10 2 10 4 9 5 9 5 9 4 7 4 8 5 8 4 9 5 8 6 8 0 0 5 7 7 8 6 8 8 8 6 8 8 6 8 7 7 7 7 9 10 9 10 10 6 11 7 10 8 8 7 8 7 7 8 8 8 6 9 8 9 7 7 7 9 7 7 7 8 9 7 7 6 7 0 0 0 0 0 0 0 0 0 0 ]
198,1782978639.304834,10.5625,-76,CSI_DATA,AP,98:F4:AB:29:67:94,-76,11,1,4,1,1,1,0,0,0,0,-96,0,6,1,59789312,0,84,0,0,60.1713,384,[84 -64 4 0 0 0 0 0 0 0 0 0 -1 21 0 19 -2 20 -1 18 -2 17 -2 14 -3 17 -5 16 -4 16 -4 16 -4 16 -5 15 -6 14 -5 14 -6 13 -4 14 -3 14 -2 13 -3 10 -1 11 -3 12 0 10 -1 10 2 11 0 11 0 12 0 0 2 12 2 11 4 10 3 12 3 11 3 13 6 11 7 11 3 14 6 12 6 14 5 12 5 12 5 10 6 12 5 10 6 10 6 11 5 9 6 9 6 11 6 11 6 12 7 11 4 11 5 12 0 0 0 0 0 0 0 0 0 0 ]
199,1782978639.535913,11.4141,-76,CSI_DATA,AP,98:F4:AB:29:67:94,-76,11,1,4,1,1,1,0,0,0,0,-96,0,6,1,59879924,0,84,0,0,60.2619,384,[84 -64 4 0 0 0 0 0 0 0 0 0 13 14 12 14 11 14 11 12 8 14 9 13 7 12 7 13 8 13 8 12 9 13 7 13 7 10 6 12 7 11 7 11 6 10 6 10 5 8 7 8 8 9 8 9 7 8 11 8 10 7 10 10 0 0 10 6 9 7 10 7 10 6 10 7 11 6 11 6 12 5 12 8 12 7 11 7 10 8 13 7 11 7 11 7 10 5 11 6 11 5 10 6 11 6 12 7 10 6 11 6 11 4 13 4 10 5 0 0 0 0 0 0 0 0 0 0 ]
200,1782978639.768501,11.5297,-75,CSI_DATA,AP,98:F4:AB:29:67:94,-75,11,1,2,1,1,1,0,0,0,0,-96,0,6,1,59969381,0,84,0,0,60.3513,384,[84 -64 4 0 0 0 0 0 0 0 0 0 -14 8 -13 9 -14 6 -13 8 -14 6 -12 5 -13 6 -12 5 -13 5 -13 3 -12 4 -12 4 -13 4 -13 4 -12 3 -12 4 -11 3 -9 3 -10 5 -8 3 -8 4 -9 4 -8 5 -7 5 -9 6 -9 6 0 0 -8 5 -9 7 -8 8 -8 6 -7 7 -8 7 -8 7 -9 8 -8 8 -9 9 -8 8 -8 7 -9 7 -8 8 -9 6 -7 8 -8 6 -8 8 -7 8 -7 8 -7 7 -7 8 -8 7 -8 7 -8 8 -8 7 0 0 0 0 0 0 0 0 0 0 ]
201,1782978640.000066,11.0913,-70,CSI_DATA,AP,98:F4:AB:29:67:94,-70,11,0,0,0,0,0,0,0,0,0,-96,0,6,1,60062727,0,84,0,0,60.4448,128,[84 -64 4 0 0 0 0 0 0 0 0 0 -20 -24 -18 -24 -18 -25 -18 -23 -17 -26 -13 -23 -13 -26 -13 -22 -12 -26 -12 -24 -12 -23 -13 -24 -11 -23 -11 -20 -10 -19 -10 -22 -9 -17 -9 -16 -10 -16 -9 -14 -10 -14 -13 -16 -12 -13 -14 -13 -14 -14 -12 -15 0 0 -15 -13 -16 -15 -16 -13 -18 -12 -14 -11 -16 -11 -18 -12 -17 -13 -19 -10 -18 -13 -18 -13 -17 -13 -19 -12 -16 -14 -19 -12 -17 -12 -17 -13 -17 -12 -18 -12 -20 -11 -16 -13 -19 -12 -18 -11 -18 -13 -16 -12 -16 -9 0 0 0 0 0 0 0 0 0 0 ]
202,1782978640.235128,11.4511,-76,CSI_DATA,AP,98:F4:AB:29:67:94,-76,11,1,4,1,1,1,0,0,0,0,-96,0,6,1,60148321,0,84,0,0,60.5303,384,[84 -64 4 0 0 0 0 0 0 0 0 0 16 -5 16 -5 16 -4 16 -5 17 -5 18 -1 16 -2 16 -1 15 -1 16 0 15 -2 13 -1 14 0 13 -2 12 1 13 0 13 0 10 -1 9 0 11 -3 10 -3 11 -5 12 -2 10 -3 11 -5 10 -5 0 0 11 -5 10 -5 11 -5 12 -8 12 -5 11 -7 11 -6 12 -7 12 -7 11 -6 9 -8 11 -6 11 -6 11 -6 10 -7 10 -8 10 -7 10 -9 12 -7 11 -6 11 -6 10 -8 12 -5 12 -6 11 -6 10 -6 0 0 0 0 0 0 0 0 0 0 ]
203,1782978640.471406,11.3917,-77,CSI_DATA,AP,98:F4:AB:29:67:94,-77,11,1,4,1,1,1,0,0,0,0,-96,0,6,1,60240663,0,84,0,0,60.6226,384,[84 -64 4 0 0 0 0 0 0 0 0 0 -14 7 -13 9 -16 7 -15 6 -15 6 -15 6 -13 6 -13 4 -15 4 -15 5 -13 5 -13 4 -14 4 -13 2 -12 3 -12 3 -11 3 -11 3 -11 3 -9 3 -10 3 -10 5 -10 4 -10 4 -8 7 -9 5 0 0 -10 7 -9 8 -9 7 -8 7 -10 5 -9 7 -9 7 -9 7 -10 7 -9 9 -9 9 -9 7 -9 7 -8 6 -10 7 -9 7 -10 9 -11 8 -9 9 -8 7 -9 8 -9 8 -10 9 -8 7 -7 7 -7 6 0 0 0 0 0 0 0 0 0 0 ]
204,1782978640.705310,11.1425,-76,CSI_DATA,AP,98:F4:AB:29:67:94,-76,11,1,4,1,1,1,0,0,0,0,-96,0,6,1,60329817,0,84,0,0,60.7119,384,[84 -64 4 0 0 0 0 0 0 0 0 0 9 -15 9 -13 11 -14 8 -13 9 -14 10 -12 10 -12 10 -11 11 -11 10 -10 8 -11 9 -11 8 -11 10 -10 10 -10 9 -8 10 -11 7 -8 6 -8 7 -9 6 -8 5 -10 4 -10 5 -8 5 -10 5 -10 0 0 5 -11 4 -10 5 -12 4 -12 2 -11 4 -11 4 -11 1 -11 4 -13 1 -13 3 -12 4 -13 4 -11 2 -12 3 -10 4 -11 2 -12 3 -11 2 -11 1 -10 2 -12 3 -12 1 -12 3 -10 3 -11 3 -11 0 0 0 0 0 0 0 0 0 0 ]
205,1782978640.940801,12.0549,-76,CSI_DATA,AP,98:F4:AB:29:67:94,-76,11,1,4,1,1,1,0,0,0,0,-96,0,6,1,60423244,0,84,0,0,60.8052,384,[84 -64 4 0 0 0 0 0 0 0 0 0 11 -14 12 -13 14 -13 14 -12 13 -12 14 -13 13 -10 13 -10 13 -11 13 -9 14 -9 13 -10 14 -9 13 -8 12 -8 13 -9 10 -8 10 -7 9 -8 9 -8 9 -9 9 -10 8 -9 9 -10 8 -10 8 -11 0 0 5 -11 8 -10 7 -10 6 -12 6 -10 5 -13 5 -12 4 -12 4 -13 5 -13 5 -12 8 -12 6 -13 6 -12 5 -13 4 -13 6 -12 4 -12 4 -14 3 -14 4 -14 5 -14 5 -13 4 -11 6 -13 5 -11 0 0 0 0 0 0 0 0 0 0 ]
206,1782978641.180835,12.4348,-76,CSI_DATA,AP,98:F4:AB:29:67:94,-76,11,1,4,1,1,1,0,0,0,0,-96,0,6,1,60508183,0,84,0,0,60.8901,384,[84 -64 4 0 0 0 0 0 0 0 0 0 -20 -2 -18 -2 -20 -3 -18 -4 -17 -5 -17 -5 -17 -8 -17 -7 -17 -4 -15 -5 -16 -4 -18 -5 -16 -6 -16 -5 -15 -5 -13 -5 -14 -5 -12 -4 -11 -4 -13 -2 -11 -4 -13 -2 -11 -1 -13 -1 -12 -2 -13 -1 0 0 -13 0 -13 0 -13 0 -12 1 -12 0 -13 0 -12 1 -15 1 -11 2 -13 3 -15 4 -13 2 -14 3 -14 3 -12 3 -14 4 -13 5 -12 2 -13 4 -12 5 -12 4 -13 3 -11 4 -12 4 -14 4 -13 4 0 0 0 0 0 0 0 0 0 0 ]
207,1782978641.426450,12.6791,-76,CSI_DATA,AP,98:F4:AB:29:67:94,-76,11,1,4,1,1,1,0,0,0,0,-96,0,6,1,60597923,0,84,0,0,60.9799,384,[84 -64 4 0 0 0 0 0 0 0 0 0 -20 -1 -21 -1 -18 -2 -21 -3 -19 -3 -18 -2 -17 -2 -18 -4 -18 -5 -17 -4 -18 -6 -16 -5 -16 -6 -16 -4 -14 -6 -13 -6 -14 -7 -14 -5 -11 -4 -10 -5 -12 -3 -11 -3 -11 -2 -11 -1 -13 -1 -13 1 0 0 -13 2 -13 1 -12 0 -11 1 -11 1 -13 0 -13 2 -12 3 -13 3 -12 3 -12 3 -13 2 -12 4 -15 3 -10 4 -13 3 -12 4 -12 3 -11 4 -13 3 -13 4 -13 4 -13 6 -13 5 -14 3 -13 3 0 0 0 0 0 0 0 0 0 0 ]
208,1782978641.672285,12.6681,-76,CSI_DATA,AP,98:F4:AB:29:67:94,-76,11,1,4,1,1,1,0,0,0,0,-96,0,6,1,60689378,0,84,0,0,61.0713,384,[84 -64 4 0 0 0 0 0 0 0 0 0 16 2 17 4 16 3 15 4 15 4 15 4 14 3 13 5 12 6 14 4 13 4 15 6 12 5 12 5 11 6 12 5 12 4 10 4 9 4 10 2 10 2 9 1 11 2 11 0 12 0 11 0 0 0 9 0 10 1 11 1 10 -1 11 -1 11 -1 11 0 10 -2 12 -2 12 -3 12 -3 11 -2 10 -1 10 -4 10 -1 10 -2 10 -2 8 -4 10 -3 11 -4 10 -5 10 -4 9 -4 11 -4 10 -4 10 -3 0 0 0 0 0 0 0 0 0 0 ]
209,1782978641.906391,11.4535,-75,CSI_DATA,AP,98:F4:AB:29:67:94,-75,11,1,2,1,1,1,0,0,0,0,-96,0,6,1,60779192,0,84,0,0,61.1611,384,[84 -64 4 0 0 0 0 0 0 0 0 0 4 18 1 15 4 15 1 15 2 17 2 16 -2 16 0 14 1 16 -2 15 -2 15 -1 15 -2 14 -1 14 0 13 -1 13 0 11 0 12 2 9 2 9 2 10 2 10 3 10 4 9 2 10 3 10 0 0 4 9 5 10 4 8 5 9 5 8 7 8 6 9 6 8 8 8 8 10 7 9 6 9 6 9 7 9 6 9 7 9 8 7 6 7 9 7 5 7 7 7 10 9 8 7 8 9 10 7 9 9 0 0 0 0 0 0 0 0 0 0 ]
210,1782978642.146640,11.1993,-75,CSI_DATA,AP,98:F4:AB:29:67:94,-75,11,1,2,1,1,1,0,0,0,0,-96,0,6,1,60875305,0,84,0,0,61.2574,384,[84 -64 4 0 0 0 0 0 0 0 0 0 -16 -10 -13 -12 -15 -12 -13 -12 -14 -14 -11 -13 -12 -12 -9 -12 -9 -12 -10 -14 -9 -13 -9 -13 -10 -12 -8 -12 -8 -10 -8 -10 -8 -9 -8 -9 -7 -8 -9 -7 -7 -7 -10 -6 -8 -6 -8 -7 -10 -6 -9 -6 0 0 -8 -6 -11 -6 -9 -4 -10 -4 -10 -5 -10 -2 -11 -3 -10 -3 -11 -3 -13 -4 -12 -4 -10 -5 -13 -4 -10 -4 -13 -3 -11 -3 -14 -3 -13 -4 -12 -1 -11 -3 -14 -2 -13 -3 -14 -4 -12 -1 -13 -6 -10 -1 0 0 0 0 0 0 0 0 0 0 ]
211,1782978642.383245,10.5106,-76,CSI_DATA,AP,98:F4:AB:29:67:94,-76,11,1,4,1,1,1,0,0,0,0,-96,0,6,1,60959666,0,84,0,0,61.3416,384,[84 -64 4 0 0 0 0 0 0 0 0 0 -8 16 -8 14 -10 16 -7 14 -8 14 -11 12 -9 14 -9 12 -9 11 -9 11 -9 12 -8 10 -9 9 -9 9 -8 10 -9 10 -8 7 -5 7 -5 8 -5 8 -6 8 -4 8 -6 8 -4 9 -3 10 -5 10 0 0 -3 10 -3 9 -3 9 -4 9 -3 9 -2 11 -2 10 -4 10 -2 11 -1 12 -2 12 -3 11 -2 12 -3 10 -2 11 -2 11 -2 11 -3 12 -1 10 -1 10 0 10 -1 10 -2 12 0 11 -1 11 -2 11 0 0 0 0 0 0 0 0 0 0 ]
212,1782978642.620289,10.5784,-75,CSI_DATA,AP,98:F4:AB:29:67:94,-75,11,1,2,1,1,1,0,0,0,0,-96,0,6,1,61049972,0,84,0,0,61.4319,384,[84 -64 4 0 0 0 0 0 0 0 0 0 8 -14 9 -14 9 -13 11 -13 11 -11 10 -12 12 -12 9 -10 10 -13 9 -10 9 -10 8 -9 10 -9 10 -9 9 -9 10 -9 8 -8 8 -9 7 -7 6 -8 6 -8 5 -8 6 -9 4 -11 5 -10 4 -11 0 0 4 -10 4 -11 5 -11 4 -10 4 -13 4 -12 4 -11 4 -12 4 -13 4 -13 4 -12 5 -12 4 -12 6 -13 5 -12 3 -13 4 -13 2 -12 3 -12 3 -12 4 -12 2 -12 3 -12 3 -12 4 -12 4 -11 0 0 0 0 0 0 0 0 0 0 ]
213,1782978642.848233,10.1016,-76,CSI_DATA,AP,98:F4:AB:29:67:94,-76,11,1,4,1,1,1,0,0,0,0,-96,0,6,1,61141449,0,84,0,0,61.5234,384,[84 -64 4 0 0 0 0 0 0 0 0 0 17 5 15 5 16 6 17 5 16 6 14 5 15 6 13 7 14 7 15 9 14 7 12 7 13 9 12 8 10 7 10 8 10 7 11 6 9 4 11 3 11 4 12 4 11 3 11 4 10 3 11 3 0 0 11 0 12 1 11 2 12 1 11 2 13 0 13 0 13 1 12 0 14 1 13 0 14 1 14 2 13 1 13 -1 13 -3 14 1 14 -2 15 -1 10 0 13 2 11 -4 13 2 12 0 12 -1 13 -1 0 0 0 0 0 0 0 0 0 0 ]
214,1782978643.076746,9.8176,-76,CSI_DATA,AP,98:F4:AB:29:67:94,-76,11,1,4,1,1,1,0,0,0,0,-96,0,6,1,61228249,0,84,0,0,61.6102,384,[84 -64 4 0 0 0 0 0 0 0 0 0 15 7 14 8 16 8 13 9 13 8 12 9 9 10 11 9 11 9 10 9 10 10 10 9 8 10 11 8 9 9 9 8 8 8 8 6 9 6 6 7 7 6 7 6 8 6 8 5 9 4 9 4 0 0 9 3 10 4 10 4 9 3 8 2 10 2 10 3 12 2 11 2 11 1 10 1 11 2 10 1 9 1 11 1 10 0 11 0 10 0 11 1 10 1 11 0 11 0 10 2 10 -2 11 1 10 1 0 0 0 0 0 0 0 0 0 0 ]
215,1782978643.312514,9.9667,-75,CSI_DATA,AP,98:F4:AB:29:67:94,-75,11,1,4,1,1,1,0,0,0,0,-96,0,6,1,61321720,0,84,0,0,61.7037,384,[84 -64 4 0 0 0 0 0 0 0 0 0 -18 -3 -18 -3 -19 -4 -18 -4 -16 -5 -17 -6 -14 -6 -16 -5 -15 -6 -16 -6 -13 -6 -13 -6 -14 -5 -14 -6 -13 -5 -12 -6 -12 -5 -11 -5 -11 -4 -10 -3 -10 -3 -10 -1 -11 -3 -11 0 -10 -1 -11 -1 0 0 -11 0 -11 0 -11 0 -10 1 -11 1 -11 2 -11 2 -11 2 -12 2 -12 2 -13 4 -11 2 -10 2 -12 3 -12 1 -12 2 -10 2 -11 3 -10 5 -10 3 -11 4 -10 4 -11 3 -12 4 -10 4 -10 2 0 0 0 0 0 0 0 0 0 0 ]
216,1782978643.539056,10.9064,-75,CSI_DATA,AP,98:F4:AB:29:67:94,-75,11,1,2,1,1,1,0,0,0,0,-96,0,6,1,61411189,0,84,0,0,61.7932,384,[84 -64 4 0 0 0 0 0 0 0 0 0 -9 -18 -7 -17 -8 -17 -6 -18 -5 -17 -3 -16 -4 -17 -3 -17 -2 -16 -3 -14 -3 -16 -4 -15 -3 -15 -2 -14 -2 -14 -3 -13 -3 -12 -2 -11 -2 -10 -3 -10 -4 -9 -5 -9 -4 -10 -3 -10 -6 -10 -6 -10 0 0 -7 -9 -7 -10 -7 -9 -7 -8 -7 -9 -6 -8 -8 -9 -9 -8 -9 -9 -10 -8 -10 -8 -8 -8 -9 -9 -10 -8 -7 -8 -9 -7 -9 -7 -9 -7 -10 -8 -10 -8 -9 -8 -10 -7 -9 -8 -10 -9 -11 -8 -10 -7 0 0 0 0 0 0 0 0 0 0 ]
217,1782978643.841115,10.8641,-76,CSI_DATA,AP,98:F4:AB:29:67:94,-76,11,1,3,1,1,1,0,0,0,0,-96,0,6,1,91108799,0,84,0,0,91.4908,384,[84 -64 4 0 0 0 0 0 0 0 0 0 5 18 3 15 2 17 3 15 1 15 2 16 0 17 -1 15 1 15 1 14 1 13 2 14 0 13 0 13 0 12 0 14 0 11 2 10 0 11 1 9 0 11 1 9 3 9 4 10 5 9 4 9 0 0 5 11 5 10 5 10 6 8 7 9 8 10 5 11 7 10 6 9 7 10 8 10 6 9 7 11 6 10 6 8 6 10 7 9 6 9 6 10 7 8 7 8 7 8 6 10 7 8 7 8 6 7 0 0 0 0 0 0 0 0 0 0 ]
218,1782978644.041602,10.7678,-76,CSI_DATA,AP,98:F4:AB:29:67:94,-76,11,1,3,1,1,1,0,0,0,0,-96,0,6,1,91199136,0,84,0,0,91.5811,384,[84 -64 4 0 0 0 0 0 0 0 0 0 -12 11 -13 11 -14 9 -15 9 -14 8 -14 8 -15 7 -16 7 -12 6 -13 7 -14 6 -15 5 -15 6 -15 6 -12 5 -15 5 -12 4 -12 4 -11 5 -9 4 -10 6 -9 6 -8 6 -8 6 -8 7 -7 8 0 0 -8 7 -7 9 -7 10 -7 7 -7 9 -6 10 -7 9 -6 10 -7 11 -6 11 -8 10 -9 11 -8 12 -7 11 -8 10 -6 11 -7 10 -7 10 -7 11 -6 11 -6 10 -5 11 -6 11 -6 11 -7 9 -6 8 0 0 0 0 0 0 0 0 0 0 ]
219,1782978644.272096,11.4718,-74,CSI_DATA,AP,98:F4:AB:29:67:94,-74,11,1,2,1,1,1,0,0,0,0,-96,0,6,1,91293859,0,84,0,0,91.6758,384,[84 -64 4 0 0 0 0 0 0 0 0 0 16 4 16 4 16 3 16 5 16 5 16 6 14 6 14 6 14 6 14 4 13 7 14 8 13 6 13 6 12 6 11 5 11 6 10 3 10 5 10 4 11 3 9 3 10 2 10 1 12 1 12 2 0 0 12 0 11 1 11 -1 11 0 10 1 12 -2 13 -1 13 -1 13 0 14 -1 14 -1 15 -1 13 -2 14 -2 11 0 13 0 14 -1 11 -1 12 -2 9 1 11 -2 11 -1 12 1 11 -3 14 -4 11 -1 0 0 0 0 0 0 0 0 0 0 ]
220,1782978644.495045,11.9881,-74,CSI_DATA,AP,98:F4:AB:29:67:94,-74,11,1,2,1,1,1,0,0,0,0,-96,0,6,1,91383782,0,84,0,0,91.7658,384,[84 -64 4 0 0 0 0 0 0 0 0 0 -9 15 -9 13 -10 16 -10 15 -10 14 -9 13 -12 14 -11 10 -10 12 -10 10 -11 11 -10 11 -11 11 -10 9 -9 9 -9 11 -8 10 -7 10 -7 8 -7 9 -6 9 -5 9 -5 9 -6 11 -4 11 -4 10 0 0 -4 11 -4 11 -2 11 -1 12 -2 10 -2 13 -3 11 -1 12 -2 12 -2 15 -2 14 -3 14 -3 13 -2 13 0 13 -1 10 -1 12 -2 11 1 11 1 12 1 12 -1 12 0 12 0 12 -1 11 -2 10 0 0 0 0 0 0 0 0 0 0 ]
221,1782978644.724239,12.2143,-75,CSI_DATA,AP,98:F4:AB:29:67:94,-75,11,1,3,1,1,1,0,0,0,0,-96,0,6,1,91475352,0,84,0,0,91.8573,384,[84 -64 4 0 0 0 0 0 0 0 0 0 -15 -2 -14 -3 -17 -3 -16 -2 -15 -3 -13 -3 -13 -5 -13 -4 -13 -4 -13 -4 -15 -4 -13 -5 -12 -5 -12 -5 -9 -3 -12 -5 -11 -4 -8 -2 -11 -2 -10 -2 -10 -2 -10 -2 -10 -1 -10 0 -12 -1 -11 -1 0 0 -11 1 -11 1 -11 1 -10 1 -11 1 -11 2 -11 2 -12 2 -11 3 -13 3 -11 4 -12 3 -11 4 -11 3 -11 3 -11 4 -11 3 -10 3 -11 4 -11 3 -10 4 -11 3 -11 4 -11 3 -9 3 -10 2 0 0 0 0 0 0 0 0 0 0 ]
222,1782978644.950104,11.2496,-76,CSI_DATA,AP,98:F4:AB:29:67:94,-76,11,1,3,1,1,1,0,0,0,0,-96,0,6,1,91564908,0,84,0,0,91.9469,384,[84 -64 4 0 0 0 0 0 0 0 0 0 18 1 18 5 15 5 17 4 15 5 15 5 13 5 14 6 13 6 11 5 13 5 14 6 13 3 13 4 10 3 10 6 10 2 10 2 10 3 9 4 11 3 10 2 9 2 11 -1 10 -1 11 0 0 0 10 1 12 -2 11 -3 10 -1 11 -1 10 -3 10 -4 12 -4 12 -3 12 -4 12 -4 12 -3 12 -4 12 -5 12 -4 11 -4 12 -4 11 -4 11 -3 9 -5 12 -4 12 -3 9 -4 10 -3 10 -4 11 -4 0 0 0 0 0 0 0 0 0 0 ]
223,1782978645.188854,11.9087,-76,CSI_DATA,AP,98:F4:AB:29:67:94,-76,11,1,3,1,1,1,0,0,0,0,-96,0,6,1,91650487,0,84,0,0,92.0324,384,[84 -64 4 0 0 0 0 0 0 0 0 0 -12 -15 -11 -14 -10 -14 -11 -14 -11 -13 -10 -13 -10 -13 -9 -14 -7 -15 -7 -11 -7 -13 -7 -14 -8 -14 -8 -13 -8 -11 -6 -12 -6 -12 -5 -12 -5 -9 -6 -9 -7 -8 -7 -9 -7 -9 -7 -9 -9 -9 -9 -10 0 0 -9 -9 -8 -8 -9 -8 -9 -8 -10 -9 -11 -7 -11 -7 -10 -8 -10 -8 -11 -8 -13 -9 -10 -9 -11 -8 -12 -8 -10 -9 -9 -7 -10 -7 -9 -7 -11 -7 -11 -7 -10 -8 -11 -5 -11 -6 -11 -7 -10 -8 -9 -7 0 0 0 0 0 0 0 0 0 0 ]
224,1782978645.417786,10.6784,-76,CSI_DATA,AP,98:F4:AB:29:67:94,-76,11,1,3,1,1,1,0,0,0,0,-96,0,6,1,91737342,0,84,0,0,92.1194,384,[84 -64 4 0 0 0 0 0 0 0 0 0 14 7 12 8 14 10 13 8 13 9 13 9 10 10 10 11 12 10 11 10 9 9 10 10 11 9 9 8 10 8 9 9 7 6 8 5 7 6 7 6 9 5 9 4 10 5 11 3 9 4 10 4 0 0 12 3 11 2 12 3 10 2 10 3 11 1 14 3 12 1 12 2 13 1 13 2 13 1 11 3 12 2 12 2 12 2 13 1 11 0 12 1 11 1 11 2 12 2 11 0 11 1 10 0 10 2 0 0 0 0 0 0 0 0 0 0 ]
225,1782978645.650399,10.7347,-76,CSI_DATA,AP,98:F4:AB:29:67:94,-76,11,1,3,1,1,1,0,0,0,0,-96,0,6,1,91829877,0,84,0,0,92.2118,384,[84 -64 4 0 0 0 0 0 0 0 0 0 6 15 5 16 5 14 4 15 3 15 6 16 4 15 3 14 3 15 1 13 1 14 2 14 2 12 1 13 1 13 0 13 1 11 1 12 2 9 1 11 2 8 3 9 2 9 3 10 5 10 5 9 0 0 5 9 7 11 5 10 6 9 6 8 7 9 5 10 6 9 7 10 8 11 7 10 7 11 7 10 6 10 7 10 7 10 7 9 6 8 7 9 6 8 6 9 8 9 6 8 8 9 5 9 5 8 0 0 0 0 0 0 0 0 0 0 ]
226,1782978645.876877,10.2203,-76,CSI_DATA,AP,98:F4:AB:29:67:94,-76,11,1,3,1,1,1,0,0,0,0,-96,0,6,1,91922565,0,84,0,0,92.3045,384,[84 -64 4 0 0 0 0 0 0 0 0 0 2 17 1 15 1 16 -1 15 -1 17 -2 14 -1 14 -3 14 -4 16 -2 14 -1 16 -1 14 -3 12 -3 14 -1 13 -3 11 -2 11 -2 11 -2 10 -1 10 -1 9 -1 10 1 9 2 10 0 10 3 10 0 0 2 10 2 10 2 11 2 10 2 10 5 10 3 10 4 10 4 11 5 12 4 12 4 13 5 11 4 10 2 12 4 9 3 9 4 10 4 11 6 10 6 12 5 10 5 9 4 10 3 11 3 9 0 0 0 0 0 0 0 0 0 0 ]
227,1782978646.108458,10.9418,-76,CSI_DATA,AP,98:F4:AB:29:67:94,-76,11,1,3,1,1,1,0,0,0,0,-96,0,6,1,92010501,0,84,0,0,92.3925,384,[84 -64 4 0 0 0 0 0 0 0 0 0 3 -17 5 -17 4 -16 5 -15 4 -15 6 -15 6 -13 7 -15 6 -14 5 -12 7 -15 8 -12 6 -11 6 -13 6 -11 6 -11 6 -11 6 -11 3 -10 4 -11 2 -10 3 -11 2 -11 1 -10 2 -12 1 -11 0 0 1 -13 0 -13 1 -12 -1 -12 0 -12 -1 -12 -1 -15 -1 -13 0 -15 -2 -14 0 -14 0 -12 -2 -14 0 -12 0 -13 0 -12 0 -14 -2 -12 -4 -13 0 -10 -1 -12 -4 -12 0 -10 -2 -15 -2 -10 -1 -11 0 0 0 0 0 0 0 0 0 0 ]
228,1782978646.333698,11.1487,-70,CSI_DATA,AP,98:F4:AB:29:67:94,-70,11,0,0,0,0,0,0,0,0,0,-96,0,6,1,92101282,0,84,0,0,92.4833,128,[84 -64 4 0 0 0 0 0 0 0 0 0 -3 28 -3 26 -6 30 -6 27 -6 27 -5 25 -8 26 -7 23 -7 25 -9 23 -8 24 -10 23 -9 23 -7 22 -8 20 -7 24 -6 18 -4 18 -5 16 -3 17 -4 16 0 20 -2 17 -1 19 -1 19 0 18 0 0 2 18 2 21 4 20 6 19 4 17 4 18 5 20 4 20 7 22 3 21 4 22 4 20 6 22 3 21 3 21 5 20 6 22 5 19 4 20 6 18 4 18 6 18 4 20 5 21 5 17 4 17 0 0 0 0 0 0 0 0 0 0 ]
229,1782978646.558859,11.5434,-76,CSI_DATA,AP,98:F4:AB:29:67:94,-76,11,1,3,1,1,1,0,0,0,0,-96,0,6,1,92191600,0,84,0,0,92.5736,384,[84 -64 4 0 0 0 0 0 0 0 0 0 7 -15 10 -14 10 -14 11 -13 9 -13 10 -13 9 -12 10 -10 10 -11 10 -12 10 -10 7 -11 8 -12 9 -10 9 -11 9 -10 7 -10 5 -10 6 -9 5 -9 5 -9 6 -10 4 -12 4 -9 3 -11 3 -11 0 0 2 -12 3 -13 3 -10 -1 -13 1 -12 1 -11 2 -12 -1 -14 0 -15 -1 -14 0 -14 1 -13 0 -14 2 -12 0 -13 -1 -13 0 -12 -1 -13 -3 -13 -1 -12 -1 -13 0 -12 -1 -12 -2 -12 1 -13 1 -12 0 0 0 0 0 0 0 0 0 0 ]
230,1782978646.784041,11.1810,-76,CSI_DATA,AP,98:F4:AB:29:67:94,-76,11,1,3,1,1,1,0,0,0,0,-96,0,6,1,92278696,0,84,0,0,92.6606,384,[84 -64 4 0 0 0 0 0 0 0 0 0 12 -14 11 -13 12 -13 11 -14 13 -11 12 -12 13 -10 10 -10 13 -9 10 -9 12 -9 11 -9 12 -9 12 -7 9 -8 11 -9 11 -6 9 -6 10 -7 8 -8 8 -8 6 -8 6 -9 7 -9 7 -8 7 -10 0 0 7 -10 6 -9 7 -8 5 -10 6 -9 5 -12 6 -12 5 -11 6 -11 6 -12 6 -10 7 -11 8 -11 6 -11 7 -10 7 -11 6 -10 5 -11 5 -11 5 -11 4 -10 5 -11 5 -11 5 -10 6 -9 5 -10 0 0 0 0 0 0 0 0 0 0 ]
231,1782978647.014010,11.5366,-76,CSI_DATA,AP,98:F4:AB:29:67:94,-76,11,1,3,1,1,1,0,0,0,0,-96,0,6,1,92369595,0,84,0,0,92.7515,384,[84 -64 4 0 0 0 0 0 0 0 0 0 -4 -17 -3 -18 -4 -19 -3 -17 -3 -17 -1 -16 -3 -17 -2 -15 -3 -16 -1 -14 1 -15 -1 -16 0 -14 0 -15 0 -13 0 -13 -1 -12 0 -12 0 -12 -3 -11 -2 -10 -2 -11 -3 -11 -3 -10 -4 -11 -4 -11 0 0 -6 -10 -5 -10 -6 -10 -6 -10 -6 -10 -7 -11 -7 -10 -9 -10 -7 -10 -7 -12 -8 -10 -8 -12 -6 -10 -9 -11 -8 -9 -8 -10 -9 -10 -9 -10 -8 -10 -9 -10 -7 -9 -8 -10 -7 -10 -8 -11 -7 -10 -6 -10 0 0 0 0 0 0 0 0 0 0 ]
232,1782978647.240402,11.7924,-76,CSI_DATA,AP,98:F4:AB:29:67:94,-76,11,1,3,1,1,1,0,0,0,0,-96,0,6,1,92458283,0,84,0,0,92.8402,384,[84 -64 4 0 0 0 0 0 0 0 0 0 -13 -12 -12 -14 -12 -11 -11 -12 -12 -12 -12 -13 -10 -13 -9 -14 -8 -12 -9 -13 -10 -12 -8 -12 -8 -12 -9 -12 -7 -11 -9 -11 -8 -10 -7 -10 -8 -10 -6 -9 -8 -9 -9 -8 -7 -8 -9 -7 -9 -8 -10 -9 0 0 -9 -7 -10 -6 -10 -6 -11 -6 -10 -6 -11 -7 -11 -6 -12 -6 -12 -5 -14 -7 -14 -4 -11 -6 -12 -6 -12 -7 -12 -6 -10 -6 -13 -6 -11 -4 -11 -7 -11 -5 -12 -6 -12 -6 -11 -6 -11 -6 -11 -6 -10 -5 0 0 0 0 0 0 0 0 0 0 ]
233,1782978647.468638,11.7584,-76,CSI_DATA,AP,98:F4:AB:29:67:94,-76,11,1,3,1,1,1,0,0,0,0,-96,0,6,1,92547864,0,84,0,0,92.9298,384,[84 -64 4 0 0 0 0 0 0 0 0 0 -7 15 -9 13 -9 14 -11 13 -9 13 -9 12 -12 12 -10 10 -9 11 -11 11 -9 12 -11 10 -10 10 -9 10 -8 9 -8 10 -8 6 -7 8 -6 8 -7 8 -6 7 -5 9 -5 10 -5 8 -5 10 -3 9 0 0 -1 9 -4 10 -2 11 -2 12 -3 10 -3 11 -1 11 -2 13 -2 12 -3 13 -2 13 -2 12 -3 14 -3 13 -1 12 -1 12 0 10 0 12 -2 12 1 11 -1 12 0 11 -1 12 1 12 1 10 -1 11 0 0 0 0 0 0 0 0 0 0 ]
234,1782978647.699277,11.7216,-76,CSI_DATA,AP,98:F4:AB:29:67:94,-76,11,1,3,1,1,1,0,0,0,0,-96,0,6,1,92639466,0,84,0,0,93.0214,384,[84 -64 4 0 0 0 0 0 0 0 0 0 -16 6 -14 7 -17 4 -16 4 -15 5 -16 3 -14 1 -17 1 -15 2 -15 2 -14 2 -16 1 -15 3 -16 1 -14 2 -13 1 -12 1 -11 1 -11 2 -10 1 -9 3 -11 3 -9 2 -10 3 -11 5 -11 6 0 0 -9 5 -10 6 -11 5 -9 5 -10 5 -8 6 -12 5 -11 5 -13 7 -11 7 -12 8 -13 7 -12 8 -12 7 -11 8 -11 6 -10 6 -10 5 -10 8 -10 6 -10 7 -10 7 -9 7 -9 7 -9 8 -10 6 0 0 0 0 0 0 0 0 0 0 ]
235,1782978647.938401,10.2860,-76,CSI_DATA,AP,98:F4:AB:29:67:94,-76,11,1,3,1,1,1,0,0,0,0,-96,0,6,1,92728154,0,84,0,0,93.1102,384,[84 -64 4 0 0 0 0 0 0 0 0 0 0 15 -2 12 0 14 1 14 -2 15 -2 13 -4 13 -2 13 -2 13 -4 12 -3 12 -3 12 -3 11 -4 11 -3 10 -3 10 -1 10 -2 11 -1 9 -1 8 -1 9 1 9 1 8 -1 9 1 9 1 9 0 0 3 10 3 10 2 9 3 9 3 7 4 9 4 9 4 8 5 10 4 10 6 12 4 10 5 11 4 8 5 10 5 8 6 8 4 9 4 12 4 9 3 7 4 10 5 10 3 10 5 9 5 10 0 0 0 0 0 0 0 0 0 0 ]
236,1782978648.157420,10.0894,-76,CSI_DATA,AP,98:F4:AB:29:67:94,-76,11,1,3,1,1,1,0,0,0,0,-96,0,6,1,92819807,0,84,0,0,93.2019,384,[84 -64 4 0 0 0 0 0 0 0 0 0 -10 -16 -9 -15 -9 -16 -8 -15 -9 -17 -6 -14 -5 -14 -5 -13 -8 -16 -6 -14 -6 -14 -6 -15 -5 -15 -5 -13 -4 -12 -7 -14 -3 -11 -4 -10 -5 -9 -5 -9 -4 -11 -7 -9 -7 -8 -7 -10 -7 -8 -6 -9 0 0 -10 -7 -10 -7 -9 -7 -11 -7 -9 -8 -9 -8 -10 -7 -11 -9 -10 -8 -11 -9 -12 -8 -11 -7 -10 -8 -11 -8 -10 -7 -10 -7 -11 -8 -11 -6 -11 -6 -11 -7 -11 -8 -10 -6 -11 -7 -11 -8 -11 -7 -10 -7 0 0 0 0 0 0 0 0 0 0 ]
237,1782978648.382776,10.6331,-76,CSI_DATA,AP,98:F4:AB:29:67:94,-76,11,1,3,1,1,1,0,0,0,0,-96,0,6,1,92908120,0,84,0,0,93.2902,384,[84 -64 4 0 0 0 0 0 0 0 0 0 16 -6 17 -3 17 -2 15 -3 16 -3 16 -3 14 -2 16 -1 15 -3 14 -2 15 -2 14 -1 14 0 13 -1 11 0 13 1 11 0 11 0 10 -3 10 -2 11 -2 10 -2 9 -4 9 -4 10 -5 10 -5 0 0 9 -4 10 -6 11 -4 9 -5 10 -6 10 -6 10 -6 10 -7 10 -6 10 -9 11 -9 10 -8 10 -9 11 -8 10 -8 9 -8 10 -9 7 -8 8 -9 9 -8 10 -8 9 -8 9 -8 9 -9 8 -8 8 -6 0 0 0 0 0 0 0 0 0 0 ]
238,1782978648.611645,10.0838,-76,CSI_DATA,AP,98:F4:AB:29:67:94,-76,11,1,3,1,1,1,0,0,0,0,-96,0,6,1,92997612,0,84,0,0,93.3796,384,[84 -64 4 0 0 0 0 0 0 0 0 0 -7 15 -9 14 -11 14 -10 13 -8 14 -10 12 -11 10 -11 12 -11 11 -11 11 -11 11 -9 12 -10 8 -11 9 -10 10 -10 8 -9 8 -9 9 -6 7 -6 8 -6 8 -6 9 -6 8 -5 9 -6 8 -4 9 0 0 -4 9 -3 11 -4 10 -2 11 -6 10 -4 12 -3 11 -3 11 -4 13 -2 13 -3 11 -4 14 -4 13 -3 12 -5 12 -2 12 -2 10 -2 11 -2 12 -2 10 -1 11 -1 13 -2 10 -3 12 -2 11 -1 11 0 0 0 0 0 0 0 0 0 0 ]
239,1782978648.842636,11.0578,-76,CSI_DATA,AP,98:F4:AB:29:67:94,-76,11,1,3,1,1,1,0,0,0,0,-96,0,6,1,93088424,0,84,0,0,93.4703,384,[84 -64 4 0 0 0 0 0 0 0 0 0 1 -18 2 -16 1 -17 3 -16 2 -17 4 -16 4 -15 5 -16 3 -15 6 -14 6 -15 5 -14 3 -13 5 -12 4 -11 2 -12 2 -10 2 -12 2 -10 1 -12 1 -10 -1 -11 1 -13 0 -11 1 -12 -1 -10 0 0 -2 -10 -5 -12 -4 -12 -3 -13 -4 -10 -5 -11 -4 -14 -5 -12 -5 -12 -6 -14 -6 -13 -4 -14 -3 -13 -4 -12 -5 -13 -4 -12 -6 -13 -6 -11 -5 -11 -7 -11 -4 -12 -6 -10 -5 -14 -5 -11 -4 -12 -5 -10 0 0 0 0 0 0 0 0 0 0 ]
240,1782978649.072195,11.1260,-76,CSI_DATA,AP,98:F4:AB:29:67:94,-76,11,1,3,1,1,1,0,0,0,0,-96,0,6,1,93177880,0,84,0,0,93.5598,384,[84 -64 4 0 0 0 0 0 0 0 0 0 0 17 0 16 -2 17 -2 17 -3 16 -3 16 -4 15 -3 15 -4 14 -6 13 -3 14 -3 13 -2 13 -3 14 -5 12 -4 13 -3 11 -2 11 -2 11 -2 9 -1 10 -2 10 0 10 2 12 0 11 1 12 0 0 2 10 2 12 3 12 3 10 2 11 4 11 3 11 4 12 4 11 3 12 5 11 3 13 4 12 4 11 4 13 4 12 5 11 5 12 4 11 3 11 4 12 4 12 4 11 3 11 3 11 3 9 0 0 0 0 0 0 0 0 0 0 ]
241,1782978649.297730,11.9693,-75,CSI_DATA,AP,98:F4:AB:29:67:94,-75,11,1,3,1,1,1,0,0,0,0,-96,0,6,1,93269775,0,84,0,0,93.6517,384,[84 -64 4 0 0 0 0 0 0 0 0 0 -10 11 -11 11 -13 11 -13 11 -14 9 -13 10 -13 8 -14 8 -14 8 -11 8 -12 7 -13 7 -13 7 -12 7 -10 5 -13 6 -11 4 -11 6 -10 6 -10 6 -9 5 -8 7 -8 7 -8 8 -9 8 -9 8 0 0 -9 6 -10 8 -9 8 -6 8 -8 8 -7 9 -8 9 -9 11 -8 9 -9 11 -9 10 -9 10 -8 10 -9 9 -8 9 -10 9 -8 9 -7 8 -8 10 -10 9 -8 9 -8 8 -9 9 -8 9 -8 10 -7 9 0 0 0 0 0 0 0 0 0 0 ]
242,1782978649.525363,13.2143,-76,CSI_DATA,AP,98:F4:AB:29:67:94,-76,11,1,3,1,1,1,0,0,0,0,-96,0,6,1,93362471,0,84,0,0,93.7444,384,[84 -64 4 0 0 0 0 0 0 0 0 0 14 -13 15 -11 16 -9 15 -10 14 -11 15 -10 13 -8 15 -8 15 -7 12 -7 13 -7 12 -7 15 -6 14 -7 14 -7 12 -6 10 -6 9 -5 9 -7 9 -8 8 -8 7 -8 8 -8 9 -9 9 -10 9 -11 0 0 6 -10 8 -10 7 -10 5 -13 6 -12 5 -12 8 -14 5 -13 6 -13 8 -14 7 -14 7 -12 7 -13 8 -14 6 -13 6 -13 6 -14 7 -12 5 -13 4 -13 5 -13 4 -13 4 -12 5 -14 6 -13 5 -12 0 0 0 0 0 0 0 0 0 0 ]
243,1782978649.753037,11.3526,-76,CSI_DATA,AP,98:F4:AB:29:67:94,-76,11,1,3,1,1,1,0,0,0,0,-96,0,6,1,93452092,0,84,0,0,93.834,384,[84 -64 4 0 0 0 0 0 0 0 0 0 10 13 11 12 9 12 11 12 8 12 8 11 8 13 6 13 9 12 7 12 6 12 6 13 7 12 5 11 5 9 6 10 5 9 5 7 3 8 4 8 5 8 7 8 5 8 8 7 7 6 8 8 0 0 7 8 7 8 8 7 9 6 10 5 8 7 9 6 8 5 12 8 10 9 11 8 9 10 11 8 10 6 9 7 9 6 10 7 10 6 9 8 9 6 9 7 10 7 8 7 9 7 8 7 7 7 0 0 0 0 0 0 0 0 0 0 ]
244,1782978649.980216,11.7370,-76,CSI_DATA,AP,98:F4:AB:29:67:94,-76,11,1,3,1,1,1,0,0,0,0,-96,0,6,1,93539176,0,84,0,0,93.9212,384,[84 -64 4 0 0 0 0 0 0 0 0 0 -2 -18 -2 -17 -1 -16 0 -16 -1 -15 -1 -16 0 -16 2 -16 1 -15 1 -15 0 -15 0 -15 1 -14 1 -15 2 -12 0 -13 0 -11 0 -11 -3 -11 -1 -11 -1 -9 -2 -11 -2 -10 -2 -11 -2 -12 -3 -13 0 0 -5 -10 -4 -11 -5 -11 -4 -9 -6 -11 -7 -10 -5 -12 -6 -10 -5 -12 -7 -12 -7 -11 -6 -13 -8 -11 -6 -11 -7 -10 -7 -9 -8 -11 -8 -11 -5 -8 -8 -10 -8 -11 -6 -7 -6 -10 -9 -11 -9 -11 -3 -7 0 0 0 0 0 0 0 0 0 0 ]
245,1782978650.211593,11.1937,-76,CSI_DATA,AP,98:F4:AB:29:67:94,-76,11,1,3,1,1,1,0,0,0,0,-96,0,6,1,93632626,0,84,0,0,94.0146,384,[84 -64 4 0 0 0 0 0 0 0 0 0 12 -11 12 -11 12 -13 11 -11 11 -9 13 -11 13 -8 13 -8 12 -8 12 -6 12 -9 12 -7 13 -6 12 -6 10 -5 10 -6 10 -7 9 -7 8 -5 7 -5 7 -6 8 -9 7 -6 8 -9 7 -9 7 -8 0 0 8 -10 8 -10 7 -9 5 -10 7 -10 6 -10 7 -10 7 -12 8 -11 9 -11 7 -13 7 -10 7 -12 6 -10 7 -12 6 -11 6 -10 7 -11 8 -11 6 -10 7 -9 6 -10 7 -10 6 -10 6 -11 6 -10 0 0 0 0 0 0 0 0 0 0 ]
246,1782978650.444431,10.4786,-76,CSI_DATA,AP,98:F4:AB:29:67:94,-76,11,1,3,1,1,1,0,0,0,0,-96,0,6,1,93717594,0,84,0,0,94.0995,384,[84 -64 4 0 0 0 0 0 0 0 0 0 3 16 3 16 4 15 3 17 1 15 1 14 2 16 0 15 0 13 0 13 0 13 0 15 0 14 -1 13 -3 12 0 13 -2 12 0 11 -2 10 -1 10 0 10 1 10 1 9 1 9 1 10 3 11 0 0 2 12 2 11 3 12 4 10 2 10 4 11 2 12 5 12 5 13 3 12 4 12 3 13 3 10 3 12 3 12 3 11 4 11 5 11 3 12 5 10 4 11 4 10 3 10 3 10 3 11 3 10 0 0 0 0 0 0 0 0 0 0 ]
247,1782978650.674052,10.3399,-76,CSI_DATA,AP,98:F4:AB:29:67:94,-76,11,1,3,1,1,1,0,0,0,0,-96,0,6,1,93814465,0,84,0,0,94.1965,384,[84 -64 4 0 0 0 0 0 0 0 0 0 15 -2 15 -2 15 0 16 -1 17 1 14 1 15 0 15 2 16 0 14 2 14 2 13 1 13 1 14 1 10 2 12 3 10 1 9 0 10 0 11 0 10 -1 8 -2 9 -3 9 -3 10 -4 12 -3 0 0 11 -5 11 -5 11 -5 12 -5 11 -6 10 -5 10 -6 11 -5 10 -7 11 -7 12 -5 12 -7 12 -6 11 -5 11 -6 11 -7 11 -7 9 -7 9 -8 9 -9 10 -7 8 -7 10 -6 10 -7 8 -6 9 -5 0 0 0 0 0 0 0 0 0 0 ]
248,1782978650.897214,9.7943,-76,CSI_DATA,AP,98:F4:AB:29:67:94,-76,11,1,3,1,1,1,0,0,0,0,-96,0,6,1,93902221,0,84,0,0,94.2841,384,[84 -64 4 0 0 0 0 0 0 0 0 0 17 -1 18 0 18 -2 18 -2 15 0 13 2 13 2 13 1 12 0 13 2 14 2 13 4 12 3 12 3 10 4 12 3 9 1 10 2 9 2 9 -1 10 1 9 -2 10 -2 10 0 10 0 11 -2 0 0 13 -1 10 -4 11 -4 11 -3 11 -1 10 -4 12 -2 12 -2 11 -4 14 -1 14 -3 11 -2 11 -1 12 -1 11 -1 12 -4 11 -2 10 -2 11 -1 12 -3 12 0 10 -2 11 -1 10 0 10 0 9 -2 0 0 0 0 0 0 0 0 0 0 ]
249,1782978651.125481,10.5069,-76,CSI_DATA,AP,98:F4:AB:29:67:94,-76,11,1,3,1,1,1,0,0,0,0,-96,0,6,1,93989305,0,84,0,0,94.3713,384,[84 -64 4 0 0 0 0 0 0 0 0 0 16 -3 15 -4 14 -4 17 -3 14 -3 15 -2 13 -1 15 -1 13 0 14 1 14 -1 14 1 12 0 14 -1 12 -1 12 -1 12 0 8 -1 9 0 9 -2 10 -3 8 -3 8 -3 11 -3 10 -5 11 -4 0 0 10 -5 11 -5 9 -6 9 -5 10 -5 10 -6 10 -6 10 -7 11 -7 11 -8 12 -7 11 -5 12 -6 12 -6 10 -5 10 -7 11 -6 11 -6 12 -6 9 -6 10 -5 11 -6 9 -4 10 -5 9 -6 10 -5 0 0 0 0 0 0 0 0 0 0 ]
250,1782978651.361079,10.8480,-75,CSI_DATA,AP,98:F4:AB:29:67:94,-75,11,1,3,1,1,1,0,0,0,0,-96,0,6,1,94086854,0,84,0,0,94.4688,384,[84 -64 4 0 0 0 0 0 0 0 0 0 -15 8 -13 7 -15 7 -17 6 -13 6 -16 4 -16 5 -14 2 -13 5 -14 3 -14 3 -13 4 -15 2 -14 4 -14 1 -13 3 -11 3 -10 2 -10 3 -10 4 -11 5 -9 4 -9 5 -9 6 -10 5 -9 6 0 0 -10 5 -11 5 -10 6 -8 5 -9 7 -9 7 -11 8 -11 8 -9 7 -10 8 -10 7 -12 7 -10 8 -11 9 -10 8 -9 7 -10 9 -10 8 -8 7 -9 7 -10 7 -10 7 -8 7 -10 8 -9 6 -9 6 0 0 0 0 0 0 0 0 0 0 ]
251,1782978651.596456,11.6329,-74,CSI_DATA,AP,98:F4:AB:29:67:94,-74,11,1,2,1,1,1,0,0,0,0,-96,0,6,1,94169269,0,84,0,0,94.5512,384,[84 -64 4 0 0 0 0 0 0 0 0 0 -6 -15 -5 -17 -5 -17 -6 -17 -6 -18 -3 -15 -3 -16 -4 -16 -4 -15 -1 -14 -2 -17 0 -16 -1 -15 -1 -15 -1 -15 -3 -15 -1 -11 -2 -12 -2 -11 -3 -10 -4 -10 -4 -12 -4 -12 -5 -11 -4 -11 -5 -12 0 0 -4 -12 -6 -12 -6 -11 -9 -12 -7 -10 -7 -11 -6 -11 -9 -11 -8 -12 -6 -13 -7 -12 -7 -14 -7 -12 -5 -11 -8 -11 -7 -12 -8 -10 -7 -10 -8 -11 -8 -10 -8 -10 -9 -10 -7 -11 -8 -12 -6 -11 -6 -11 0 0 0 0 0 0 0 0 0 0 ]
252,1782978651.824135,11.5264,-77,CSI_DATA,AP,98:F4:AB:29:67:94,-77,11,1,3,1,1,1,0,0,0,0,-96,0,6,1,94263824,0,84,0,0,94.6458,384,[84 -64 4 0 0 0 0 0 0 0 0 0 -11 7 -11 7 -12 8 -13 7 -14 7 -12 6 -12 6 -11 6 -10 7 -12 6 -11 4 -12 5 -12 4 -11 3 -9 4 -9 4 -11 5 -9 5 -8 4 -9 6 -9 6 -9 6 -8 5 -8 5 -9 6 -9 6 0 0 -8 6 -6 7 -8 6 -7 7 -7 7 -6 8 -8 8 -7 8 -8 8 -6 8 -7 9 -8 9 -9 7 -7 8 -6 8 -7 9 -9 7 -8 7 -7 7 -7 8 -6 8 -5 7 -7 9 -6 8 -6 7 -5 5 0 0 0 0 0 0 0 0 0 0 ]
253,1782978652.052223,11.4491,-76,CSI_DATA,AP,98:F4:AB:29:67:94,-76,11,1,3,1,1,1,0,0,0,0,-96,0,6,1,94348985,0,84,0,0,94.7309,384,[84 -64 4 0 0 0 0 0 0 0 0 0 -14 -9 -13 -10 -13 -11 -13 -10 -12 -9 -11 -11 -10 -11 -11 -11 -11 -9 -10 -10 -11 -10 -11 -10 -9 -10 -11 -9 -9 -11 -9 -8 -8 -9 -9 -8 -7 -6 -9 -7 -9 -7 -9 -7 -9 -7 -10 -7 -10 -6 -11 -7 0 0 -11 -6 -11 -5 -12 -5 -11 -5 -11 -6 -12 -5 -12 -6 -12 -6 -12 -5 -12 -4 -13 -5 -12 -4 -13 -6 -12 -6 -11 -6 -12 -4 -11 -4 -10 -4 -11 -3 -11 -3 -12 -4 -12 -3 -12 -3 -11 -5 -12 -3 -12 -4 0 0 0 0 0 0 0 0 0 0 ]
254,1782978652.278040,12.6433,-76,CSI_DATA,AP,98:F4:AB:29:67:94,-76,11,1,3,1,1,1,0,0,0,0,-96,0,6,1,94442476,0,84,0,0,94.8244,384,[84 -64 4 0 0 0 0 0 0 0 0 0 -14 -9 -13 -9 -13 -9 -14 -9 -12 -10 -13 -10 -11 -7 -11 -9 -11 -9 -12 -10 -12 -9 -11 -10 -10 -8 -12 -8 -6 -10 -1 -10 -9 -7 -9 -7 -17 -1 -9 -7 -7 -6 -12 -5 -12 -7 -10 -7 -10 -8 -11 -4 0 0 -10 -5 -11 -7 -12 -4 -13 -3 -10 -3 -11 -4 -11 -3 -15 0 -16 -3 -16 -4 -13 -3 -12 -5 -12 -5 -10 -6 -13 -4 -11 -2 -13 -5 -12 -2 -12 -3 -11 -2 -13 -2 -13 -3 -13 -4 -12 -2 -12 -4 -10 -2 0 0 0 0 0 0 0 0 0 0 ]
255,1782978652.508941,11.9134,-76,CSI_DATA,AP,98:F4:AB:29:67:94,-76,11,1,3,1,1,1,0,0,0,0,-96,0,6,1,94533132,0,84,0,0,94.9151,384,[84 -64 4 0 0 0 0 0 0 0 0 0 1 18 -1 15 0 16 -2 17 -1 16 -3 15 -3 15 -3 14 -3 13 -4 13 -4 13 -4 13 -3 14 -4 13 -3 10 -4 12 -2 11 -1 10 -1 10 -2 10 -1 10 -1 10 -1 10 0 10 0 11 1 11 0 0 -1 10 1 12 0 10 3 12 1 12 2 12 2 12 2 13 3 12 3 13 2 12 0 14 1 13 2 12 1 12 2 11 2 11 2 12 2 12 2 11 3 11 2 13 2 12 2 10 1 10 2 11 0 0 0 0 0 0 0 0 0 0 ]
256,1782978652.735047,10.2422,-76,CSI_DATA,AP,98:F4:AB:29:67:94,-76,11,1,3,1,1,1,0,0,0,0,-96,0,6,1,94619192,0,84,0,0,95.001,384,[84 -64 4 0 0 0 0 0 0 0 0 0 2 15 0 16 1 16 0 15 1 16 -1 15 -1 15 -3 16 -1 13 -2 13 -2 12 -2 14 -1 11 -1 12 -2 12 -2 13 -2 13 -2 10 -1 11 0 11 0 10 -1 10 2 9 2 10 2 9 2 12 0 0 3 9 4 11 3 13 5 9 4 9 4 10 4 11 3 11 6 11 5 11 5 12 4 13 6 11 6 11 3 12 5 10 5 10 4 9 5 11 4 11 5 12 5 10 4 13 4 10 3 11 5 9 0 0 0 0 0 0 0 0 0 0 ]
257,1782978652.960140,11.8260,-76,CSI_DATA,AP,98:F4:AB:29:67:94,-76,11,1,3,1,1,1,0,0,0,0,-96,0,6,1,94708726,0,84,0,0,95.0907,384,[84 -64 4 0 0 0 0 0 0 0 0 0 -5 -16 -3 -17 -4 -16 -2 -17 -2 -16 -2 -17 -1 -16 0 -15 -2 -16 -2 -15 -1 -15 0 -14 -1 -15 1 -13 0 -13 1 -12 0 -12 0 -12 -1 -11 -1 -11 -3 -10 -2 -11 -4 -11 -3 -10 -4 -13 -3 -11 0 0 -3 -11 -5 -12 -4 -12 -5 -9 -4 -12 -6 -11 -7 -10 -7 -13 -6 -12 -9 -11 -8 -12 -6 -11 -5 -12 -6 -12 -5 -12 -6 -12 -7 -11 -6 -12 -7 -12 -7 -10 -6 -12 -6 -13 -6 -11 -5 -11 -6 -11 -7 -10 0 0 0 0 0 0 0 0 0 0 ]
258,1782978653.187551,10.1986,-76,CSI_DATA,AP,98:F4:AB:29:67:94,-76,11,1,3,1,1,1,0,0,0,0,-96,0,6,1,94802113,0,84,0,0,95.1841,384,[84 -64 4 0 0 0 0 0 0 0 0 0 15 3 16 4 17 3 16 3 15 5 15 5 13 4 14 4 13 6 12 4 12 6 12 6 12 5 12 5 10 5 10 4 10 4 10 3 8 3 9 1 8 0 10 1 7 0 9 0 9 1 11 -1 0 0 11 -2 12 -2 10 -1 11 -1 12 -1 12 -2 11 -1 12 -3 13 -2 13 -2 12 -2 13 -3 12 -3 12 -3 13 -1 13 -1 11 -1 11 -2 13 -2 12 -2 11 -3 12 -2 11 -2 12 -2 13 -3 10 -2 0 0 0 0 0 0 0 0 0 0 ]
259,1782978653.416523,10.3425,-76,CSI_DATA,AP,98:F4:AB:29:67:94,-76,11,1,3,1,1,1,0,0,0,0,-96,0,6,1,94887532,0,84,0,0,95.2695,384,[84 -64 4 0 0 0 0 0 0 0 0 0 13 -7 13 -5 14 -5 13 -6 13 -6 12 -4 12 -5 12 -4 13 -5 11 -3 12 -2 12 -2 12 -2 11 -1 11 -3 10 -3 10 -2 9 -4 9 -3 8 -3 9 -4 8 -4 8 -5 9 -4 9 -6 8 -6 0 0 7 -5 8 -7 8 -6 7 -7 6 -7 7 -7 8 -8 8 -8 8 -9 8 -8 8 -10 8 -8 8 -7 7 -7 7 -9 7 -9 8 -8 5 -9 7 -9 6 -9 7 -9 5 -8 7 -8 7 -8 6 -7 6 -7 0 0 0 0 0 0 0 0 0 0 ]
260,1782978653.646672,10.6375,-76,CSI_DATA,AP,98:F4:AB:29:67:94,-76,11,1,3,1,1,1,0,0,0,0,-96,0,6,1,94979658,0,84,0,0,95.3616,384,[84 -64 4 0 0 0 0 0 0 0 0 0 -3 17 -3 14 -4 16 -4 15 -5 14 -5 14 -7 14 -7 12 -6 14 -8 14 -3 11 -6 14 -6 13 -4 11 -6 10 -6 11 -4 11 -5 9 -2 9 -3 8 -2 8 -2 10 -2 11 -1 9 -2 11 0 11 0 0 0 11 0 13 2 10 1 10 1 10 2 11 2 11 2 11 2 11 3 14 2 14 2 12 3 12 0 13 0 11 2 11 3 10 3 11 4 12 3 12 2 11 3 11 4 10 3 11 1 12 1 10 0 0 0 0 0 0 0 0 0 0 ]
261,1782978653.871259,10.6966,-76,CSI_DATA,AP,98:F4:AB:29:67:94,-76,11,1,3,1,1,1,0,0,0,0,-96,0,6,1,95069994,0,84,0,0,95.4519,384,[84 -64 4 0 0 0 0 0 0 0 0 0 -14 8 -14 8 -16 7 -16 5 -16 5 -14 4 -14 4 -14 3 -15 2 -15 3 -14 4 -15 3 -14 2 -15 3 -11 2 -13 1 -12 3 -11 1 -11 3 -9 2 -9 3 -9 3 -10 3 -9 4 -10 4 -11 7 0 0 -11 6 -10 7 -11 6 -9 8 -10 6 -11 6 -10 7 -11 8 -10 8 -11 9 -12 9 -11 7 -9 9 -10 8 -12 7 -9 7 -9 7 -10 8 -11 8 -9 8 -11 8 -9 6 -10 8 -10 8 -10 7 -10 9 0 0 0 0 0 0 0 0 0 0 ]
262,1782978654.097576,10.9359,-76,CSI_DATA,AP,98:F4:AB:29:67:94,-76,11,1,3,1,1,1,0,0,0,0,-96,0,6,1,95161301,0,84,0,0,95.5433,384,[84 -64 4 0 0 0 0 0 0 0 0 0 7 14 8 16 5 14 5 16 4 16 4 16 4 14 3 14 3 13 3 12 1 13 2 14 2 13 1 12 2 12 2 11 0 12 2 10 1 9 3 9 4 8 3 10 4 10 5 8 5 10 6 9 0 0 5 8 5 9 3 10 6 8 6 9 8 9 7 9 7 10 6 11 7 10 7 11 6 10 7 9 8 10 6 9 6 10 7 9 7 9 7 10 8 8 6 9 6 9 7 9 5 8 5 9 6 9 0 0 0 0 0 0 0 0 0 0 ]
263,1782978654.322305,11.0987,-76,CSI_DATA,AP,98:F4:AB:29:67:94,-76,11,1,3,1,1,1,0,0,0,0,-96,0,6,1,95249323,0,84,0,0,95.6313,384,[84 -64 4 0 0 0 0 0 0 0 0 0 3 17 3 15 4 15 2 16 1 17 0 16 0 17 -1 15 0 14 -2 13 -2 14 -2 14 -2 12 -2 12 -3 11 -3 13 0 12 -1 11 -1 9 1 8 -1 9 1 11 0 11 2 10 1 9 3 11 0 0 2 10 4 10 3 11 4 8 4 11 4 10 5 10 4 11 4 10 5 12 4 13 4 12 3 11 4 11 4 10 4 11 5 11 3 11 4 12 5 9 5 10 6 10 4 12 2 11 2 11 3 11 0 0 0 0 0 0 0 0 0 0 ]
264,1782978654.549150,10.1180,-76,CSI_DATA,AP,98:F4:AB:29:67:94,-76,11,1,3,1,1,1,0,0,0,0,-96,0,6,1,95341585,0,84,0,0,95.7234,384,[84 -64 4 0 0 0 0 0 0 0 0 0 1 16 3 16 1 15 1 17 0 17 -2 16 -1 16 -2 15 -1 13 -2 13 -1 12 -3 16 -1 12 -4 12 -3 11 -1 13 -1 11 0 11 -3 8 -1 9 -1 9 1 9 1 10 2 10 1 9 3 9 0 0 3 8 5 9 4 10 3 9 4 11 6 10 4 10 6 12 4 11 6 11 5 9 4 12 5 11 4 11 5 11 5 10 5 10 6 9 5 10 6 10 4 10 5 10 5 10 5 11 5 9 4 9 0 0 0 0 0 0 0 0 0 0 ]
265,1782978654.770850,10.0520,-76,CSI_DATA,AP,98:F4:AB:29:67:94,-76,11,1,3,1,1,1,0,0,0,0,-96,0,6,1,95427806,0,84,0,0,95.8098,384,[84 -64 4 0 0 0 0 0 0 0 0 0 -12 12 -15 10 -13 12 -13 9 -12 10 -14 9 -15 9 -13 7 -13 6 -13 6 -13 8 -12 8 -13 7 -12 8 -11 6 -11 6 -11 6 -9 5 -9 5 -7 5 -8 7 -9 7 -7 6 -7 7 -7 8 -7 9 0 0 -5 9 -7 10 -5 10 -5 9 -5 10 -5 11 -5 10 -4 11 -4 13 -5 14 -5 12 -6 12 -5 13 -4 12 -5 12 -5 12 -5 11 -4 11 -2 11 -2 11 -3 11 -3 10 -4 12 -6 11 -3 11 -4 12 0 0 0 0 0 0 0 0 0 0 ]
266,1782978655.000665,9.9220,-76,CSI_DATA,AP,98:F4:AB:29:67:94,-76,11,1,3,1,1,1,0,0,0,0,-96,0,6,1,95521925,0,84,0,0,95.9039,384,[84 -64 4 0 0 0 0 0 0 0 0 0 16 4 16 5 15 3 16 5 14 4 16 5 13 7 14 5 13 7 12 5 11 6 11 6 13 6 11 5 11 6 10 5 9 4 8 5 9 4 9 3 10 2 9 2 9 1 10 0 10 2 10 0 0 0 10 -1 12 -1 11 1 10 0 11 1 10 -2 12 -2 12 -3 13 -2 11 -2 13 -2 13 -2 13 -2 12 -4 12 -1 11 -3 12 -3 12 -2 12 -2 11 -3 11 -4 10 -2 11 -3 11 -5 10 -2 11 -1 0 0 0 0 0 0 0 0 0 0 ]
267,1782978655.232487,10.8820,-76,CSI_DATA,AP,98:F4:AB:29:67:94,-76,11,1,3,1,1,1,0,0,0,0,-96,0,6,1,95612227,0,84,0,0,95.9942,384,[84 -64 4 0 0 0 0 0 0 0 0 0 2 16 0 14 0 15 0 15 0 16 -1 15 -2 14 -2 13 -1 15 -2 12 -2 15 -1 14 -1 13 -2 12 -1 13 -2 13 -1 11 -1 13 0 9 1 9 0 10 0 10 1 10 2 11 2 11 2 11 0 0 4 13 4 12 5 11 5 11 2 10 4 11 5 12 4 11 5 12 5 13 5 12 4 12 4 12 4 12 5 11 4 10 6 11 4 11 6 11 4 11 6 10 5 12 5 11 6 11 4 13 4 11 0 0 0 0 0 0 0 0 0 0 ]
268,1782978655.458940,9.6394,-76,CSI_DATA,AP,98:F4:AB:29:67:94,-76,11,1,3,1,1,1,0,0,0,0,-96,0,6,1,95697740,0,84,0,0,96.0797,384,[84 -64 4 0 0 0 0 0 0 0 0 0 9 13 10 12 8 13 7 12 8 13 6 12 6 13 4 12 4 11 5 11 5 13 5 12 4 10 5 10 5 12 6 9 6 10 5 8 5 9 6 8 4 9 5 7 6 6 9 6 7 6 8 8 0 0 7 7 8 7 7 7 8 7 8 6 10 9 9 8 9 8 9 8 11 7 10 6 9 7 11 5 8 7 10 7 11 10 10 7 9 6 9 4 10 7 8 8 8 5 10 7 11 6 9 8 6 6 0 0 0 0 0 0 0 0 0 0 ]
269,1782978655.687551,9.8898,-76,CSI_DATA,AP,98:F4:AB:29:67:94,-76,11,1,3,1,1,1,0,0,0,0,-96,0,6,1,95794492,0,84,0,0,96.1765,384,[84 -64 4 0 0 0 0 0 0 0 0 0 13 10 13 11 11 11 12 12 10 9 10 11 9 12 9 12 8 11 8 9 8 10 7 11 9 10 9 9 9 9 8 8 6 9 6 7 6 7 6 7 7 8 8 4 8 5 9 6 8 6 8 5 0 0 9 6 10 4 11 6 10 5 10 4 11 5 11 5 11 5 11 5 12 3 14 4 12 4 13 4 12 5 10 4 11 4 11 5 10 4 11 5 11 4 11 4 11 5 12 3 11 3 11 3 10 4 0 0 0 0 0 0 0 0 0 0 ]
270,1782978655.914241,10.7887,-76,CSI_DATA,AP,98:F4:AB:29:67:94,-76,11,1,3,1,1,1,0,0,0,0,-96,0,6,1,95877528,0,84,0,0,96.2595,384,[84 -64 4 0 0 0 0 0 0 0 0 0 -13 -14 -12 -12 -11 -14 -10 -11 -9 -14 -9 -13 -8 -13 -8 -12 -8 -13 -8 -14 -7 -13 -7 -11 -6 -12 -6 -12 -5 -11 -8 -12 -6 -11 -7 -9 -6 -8 -5 -7 -7 -8 -5 -7 -8 -9 -8 -8 -9 -7 -10 -7 0 0 -10 -8 -10 -7 -10 -7 -10 -8 -10 -6 -10 -8 -10 -7 -12 -8 -11 -7 -11 -9 -11 -10 -10 -9 -12 -8 -10 -7 -11 -8 -12 -7 -10 -9 -11 -6 -10 -8 -11 -7 -11 -7 -10 -7 -11 -8 -9 -8 -9 -9 -9 -8 0 0 0 0 0 0 0 0 0 0 ]
271,1782978656.140168,11.4832,-76,CSI_DATA,AP,98:F4:AB:29:67:94,-76,11,1,3,1,1,1,0,0,0,0,-96,0,6,1,95974005,0,84,0,0,96.356,384,[84 -64 4 0 0 0 0 0 0 0 0 0 -12 13 -14 12 -13 10 -13 8 -13 9 -13 9 -12 8 -11 8 -13 7 -13 8 -11 7 -14 6 -13 8 -11 5 -9 6 -10 8 -8 7 -8 7 -8 6 -8 7 -7 6 -8 7 -6 8 -7 8 -6 10 -7 9 0 0 -5 10 -5 10 -6 11 -5 10 -6 10 -4 11 -5 11 -4 11 -3 11 -5 13 -6 13 -6 12 -6 12 -6 11 -4 13 -3 11 -5 12 -4 11 -2 11 -2 12 -3 12 -3 12 -4 13 -3 11 -4 12 -4 10 0 0 0 0 0 0 0 0 0 0 ]
272,1782978656.366599,12.1792,-76,CSI_DATA,AP,98:F4:AB:29:67:94,-76,11,1,3,1,1,1,0,0,0,0,-96,0,6,1,96058951,0,84,0,0,96.4408,384,[84 -64 4 0 0 0 0 0 0 0 0 0 -5 -17 -4 -18 -4 -18 -5 -17 -3 -17 -1 -16 -2 -16 -1 -15 0 -15 -1 -13 -1 -14 -1 -14 -2 -15 -1 -14 -1 -12 0 -12 -2 -11 -2 -10 -1 -11 -1 -12 -1 -10 -3 -9 -3 -9 -4 -10 -5 -11 -5 -11 0 0 -5 -11 -6 -10 -6 -10 -7 -10 -6 -10 -5 -11 -7 -11 -7 -12 -7 -13 -8 -11 -8 -12 -7 -12 -8 -12 -7 -12 -7 -11 -7 -11 -7 -10 -7 -10 -7 -11 -7 -11 -6 -11 -7 -11 -7 -11 -8 -10 -8 -10 -7 -12 0 0 0 0 0 0 0 0 0 0 ]
273,1782978656.594355,12.4864,-76,CSI_DATA,AP,98:F4:AB:29:67:94,-76,11,1,3,1,1,1,0,0,0,0,-96,0,6,1,96147563,0,84,0,0,96.5295,384,[84 -64 4 0 0 0 0 0 0 0 0 0 -13 -14 -12 -12 -9 -14 -13 -14 -10 -13 -9 -14 -10 -12 -8 -12 -6 -14 -6 -14 -7 -12 -6 -12 -7 -13 -6 -13 -6 -12 -7 -12 -5 -10 -6 -8 -5 -10 -6 -10 -5 -9 -6 -9 -5 -8 -8 -9 -7 -10 -8 -9 0 0 -7 -10 -9 -9 -10 -9 -8 -9 -7 -9 -9 -9 -9 -10 -9 -9 -10 -11 -9 -11 -9 -9 -9 -11 -9 -10 -9 -10 -9 -10 -8 -10 -8 -8 -8 -9 -9 -10 -10 -10 -8 -9 -7 -10 -7 -10 -7 -11 -8 -11 -9 -10 0 0 0 0 0 0 0 0 0 0 ]
274,1782978656.819738,12.1742,-76,CSI_DATA,AP,98:F4:AB:29:67:94,-76,11,1,3,1,1,1,0,0,0,0,-96,0,6,1,96239728,0,84,0,0,96.6217,384,[84 -64 4 0 0 0 0 0 0 0 0 0 -5 -17 -5 -17 -4 -17 -4 -16 -3 -15 -3 -16 -2 -14 1 -14 -3 -15 -1 -16 -2 -13 -2 -15 -3 -13 0 -12 -2 -14 -1 -13 -1 -11 -1 -11 -2 -11 -4 -10 -3 -10 -5 -10 -4 -12 -3 -10 -6 -10 -6 -12 0 0 -9 -11 -7 -11 -6 -9 -9 -9 -6 -10 -8 -10 -7 -10 -7 -10 -8 -10 -8 -11 -9 -11 -8 -11 -8 -10 -8 -11 -8 -10 -8 -10 -9 -11 -8 -11 -8 -9 -9 -9 -8 -10 -9 -9 -8 -9 -8 -10 -8 -9 -7 -8 0 0 0 0 0 0 0 0 0 0 ]
275,1782978657.049475,12.0015,-76,CSI_DATA,AP,98:F4:AB:29:67:94,-76,11,1,3,1,1,1,0,0,0,0,-96,0,6,1,96330838,0,84,0,0,96.7128,384,[84 -64 4 0 0 0 0 0 0 0 0 0 -13 13 -13 10 -14 12 -13 10 -15 9 -11 9 -14 9 -12 10 -13 9 -14 7 -11 8 -13 5 -14 6 -12 7 -10 6 -11 7 -8 6 -9 7 -9 6 -9 6 -5 8 -6 8 -8 8 -7 8 -7 9 -7 9 0 0 -5 9 -5 11 -5 9 -5 12 -5 8 -4 10 -4 10 -5 12 -4 12 -5 13 -6 13 -5 11 -5 11 -4 12 -5 13 -3 11 -6 13 -4 10 -2 11 -2 11 -3 11 -2 11 -4 11 -3 12 -5 12 -3 10 0 0 0 0 0 0 0 0 0 0 ]
276,1782978657.280278,11.7629,-76,CSI_DATA,AP,98:F4:AB:29:67:94,-76,11,1,3,1,1,1,0,0,0,0,-96,0,6,1,96417727,0,84,0,0,96.7997,384,[84 -64 4 0 0 0 0 0 0 0 0 0 -11 12 -12 8 -14 10 -14 8 -12 8 -14 7 -14 7 -14 6 -14 6 -14 7 -13 6 -13 6 -11 6 -13 6 -11 5 -12 6 -11 5 -11 4 -9 5 -10 4 -9 4 -9 5 -9 7 -9 7 -8 6 -9 8 0 0 -8 7 -9 8 -8 8 -7 8 -7 8 -8 8 -9 10 -9 11 -7 10 -8 11 -7 10 -8 10 -8 10 -8 10 -8 10 -7 10 -8 8 -5 9 -6 10 -7 9 -7 10 -6 9 -8 9 -6 10 -9 8 -7 8 0 0 0 0 0 0 0 0 0 0 ]
277,1782978657.505159,11.2398,-76,CSI_DATA,AP,98:F4:AB:29:67:94,-76,11,1,3,1,1,1,0,0,0,0,-96,0,6,1,96509188,0,84,0,0,96.8911,384,[84 -64 4 0 0 0 0 0 0 0 0 0 -3 18 -4 18 -5 19 -5 17 -5 16 -6 16 -6 15 -7 16 -6 16 -8 14 -4 16 -6 15 -6 13 -8 14 -5 13 -7 14 -8 11 -5 12 -4 10 -3 11 -2 10 -2 11 -1 11 -2 11 -1 11 0 13 0 0 -2 13 0 13 -1 14 1 12 1 12 1 12 1 14 1 15 2 15 3 14 3 15 1 15 1 14 1 12 0 14 3 13 -2 11 4 10 1 13 4 11 4 12 0 14 1 13 2 11 0 12 0 12 0 0 0 0 0 0 0 0 0 0 ]
278,1782978657.737222,10.8510,-76,CSI_DATA,AP,98:F4:AB:29:67:94,-76,11,1,3,1,1,1,0,0,0,0,-96,0,6,1,96597545,0,84,0,0,96.9795,384,[84 -64 4 0 0 0 0 0 0 0 0 0 -12 11 -11 11 -16 12 -13 12 -14 10 -13 9 -13 8 -12 9 -13 8 -13 8 -12 9 -12 5 -13 7 -12 6 -12 5 -11 6 -11 5 -9 6 -10 4 -9 4 -8 6 -7 8 -9 8 -8 7 -9 7 -8 8 0 0 -6 8 -7 10 -6 9 -7 9 -7 10 -6 10 -7 11 -6 10 -7 11 -7 10 -6 12 -6 10 -7 10 -7 10 -8 9 -7 11 -6 11 -5 10 -6 8 -5 11 -5 11 -5 11 -5 11 -5 11 -7 8 -7 9 0 0 0 0 0 0 0 0 0 0 ]
279,1782978657.963404,10.4128,-76,CSI_DATA,AP,98:F4:AB:29:67:94,-76,11,1,3,1,1,1,0,0,0,0,-96,0,6,1,96693087,0,84,0,0,97.075,384,[84 -64 4 0 0 0 0 0 0 0 0 0 4 18 3 15 3 16 2 15 2 16 1 13 0 17 1 15 0 15 -1 12 -2 14 -2 15 -1 13 0 13 0 12 -1 13 0 11 1 10 1 10 1 9 3 8 3 10 2 10 4 9 3 10 4 10 0 0 5 8 5 9 6 10 5 10 6 8 6 8 7 10 8 9 8 8 9 10 8 10 7 9 7 9 9 8 8 8 6 7 9 9 8 8 9 7 7 7 8 8 10 6 8 8 8 7 7 7 7 8 0 0 0 0 0 0 0 0 0 0 ]
280,1782978658.187932,10.0394,-76,CSI_DATA,AP,98:F4:AB:29:67:94,-76,11,1,3,1,1,1,0,0,0,0,-96,0,6,1,96784176,0,84,0,0,97.1661,384,[84 -64 4 0 0 0 0 0 0 0 0 0 16 1 14 2 17 2 16 1 14 1 15 3 16 3 13 5 12 2 14 4 14 4 13 5 12 7 11 4 13 4 11 5 10 4 10 3 9 1 10 2 10 2 10 3 10 1 11 1 10 0 12 0 0 0 11 0 11 -1 10 -2 11 -2 11 0 13 -2 11 -3 12 -3 9 -4 11 -2 11 -4 12 -2 12 -3 10 -3 13 -4 11 -2 12 -4 11 -4 12 -4 8 -5 9 -4 9 -4 10 -4 12 -4 10 -1 10 -2 0 0 0 0 0 0 0 0 0 0 ]
281,1782978658.421441,10.9921,-76,CSI_DATA,AP,98:F4:AB:29:67:94,-76,11,1,3,1,1,1,0,0,0,0,-96,0,6,1,96869537,0,84,0,0,97.2514,384,[84 -64 4 0 0 0 0 0 0 0 0 0 -14 -12 -14 -13 -12 -14 -12 -12 -11 -11 -10 -12 -11 -13 -9 -13 -8 -13 -9 -11 -8 -13 -9 -13 -9 -12 -8 -13 -8 -11 -8 -12 -9 -10 -7 -10 -8 -8 -8 -9 -8 -9 -7 -8 -9 -7 -7 -7 -9 -8 -9 -7 0 0 -8 -6 -9 -7 -11 -8 -10 -7 -10 -6 -9 -6 -10 -7 -12 -6 -11 -8 -14 -6 -12 -6 -12 -6 -12 -7 -11 -8 -10 -8 -12 -7 -11 -6 -13 -6 -11 -6 -11 -4 -12 -5 -12 -5 -12 -6 -10 -6 -11 -7 -10 -6 0 0 0 0 0 0 0 0 0 0 ]
282,1782978658.650073,10.7987,-76,CSI_DATA,AP,98:F4:AB:29:67:94,-76,11,1,3,1,1,1,0,0,0,0,-96,0,6,1,96958959,0,84,0,0,97.3409,384,[84 -64 4 0 0 0 0 0 0 0 0 0 4 -16 6 -16 7 -15 7 -15 8 -16 8 -13 6 -14 7 -13 8 -14 9 -11 8 -12 7 -12 7 -11 7 -12 8 -10 7 -11 7 -11 6 -10 5 -9 4 -10 4 -9 4 -11 3 -11 3 -10 3 -10 2 -12 0 0 2 -11 1 -12 2 -12 1 -12 1 -11 0 -12 -1 -12 -1 -12 0 -14 0 -13 -1 -14 0 -13 2 -13 1 -12 0 -13 -1 -13 0 -13 -1 -13 0 -12 -2 -12 0 -13 0 -12 -1 -13 -1 -13 1 -14 0 -11 0 0 0 0 0 0 0 0 0 0 ]
283,1782978658.877047,11.2028,-76,CSI_DATA,AP,98:F4:AB:29:67:94,-76,11,1,3,1,1,1,0,0,0,0,-96,0,6,1,97047933,0,84,0,0,97.4299,384,[84 -64 4 0 0 0 0 0 0 0 0 0 -7 16 -7 14 -7 16 -7 14 -8 15 -9 13 -8 12 -8 11 -7 12 -9 12 -9 11 -9 12 -9 10 -10 10 -8 10 -8 10 -8 10 -5 10 -6 9 -6 9 -5 7 -4 10 -4 9 -4 10 -3 11 -3 10 0 0 -1 11 -1 12 -2 11 -2 13 -2 9 -1 10 -3 11 -1 13 0 14 -2 14 0 13 -2 12 -2 12 -1 12 0 12 0 11 1 12 0 11 0 11 0 12 0 12 1 11 1 11 1 13 -1 12 0 11 0 0 0 0 0 0 0 0 0 0 ]
284,1782978659.103076,11.0466,-75,CSI_DATA,AP,98:F4:AB:29:67:94,-75,11,1,2,1,1,1,0,0,0,0,-96,0,6,1,97139979,0,84,0,0,97.5219,384,[84 -64 4 0 0 0 0 0 0 0 0 0 -4 -16 -1 -15 -3 -16 -2 -16 -1 -15 0 -14 0 -14 1 -15 1 -14 1 -13 0 -13 1 -13 1 -14 0 -14 0 -12 1 -13 0 -11 0 -11 -1 -10 -2 -11 -1 -10 -2 -11 -2 -9 -3 -10 -4 -10 -2 -11 0 0 -4 -11 -4 -11 -4 -11 -7 -9 -4 -10 -5 -11 -6 -11 -7 -12 -6 -11 -6 -11 -8 -12 -6 -11 -8 -11 -6 -11 -6 -11 -7 -11 -8 -10 -7 -10 -7 -10 -6 -10 -6 -9 -6 -10 -6 -9 -7 -10 -7 -9 -5 -9 0 0 0 0 0 0 0 0 0 0 ]
285,1782978659.334583,10.6285,-76,CSI_DATA,AP,98:F4:AB:29:67:94,-76,11,1,3,1,1,1,0,0,0,0,-96,0,6,1,97228906,0,84,0,0,97.6109,384,[84 -64 4 0 0 0 0 0 0 0 0 0 15 -3 17 -3 15 -2 16 -1 15 -1 15 1 16 0 15 0 14 0 15 -1 14 1 14 0 14 1 13 0 12 0 10 1 12 2 10 1 10 0 10 -1 10 -1 11 -2 10 -1 10 -2 10 -2 10 -4 0 0 11 -2 10 -3 11 -4 10 -4 10 -4 11 -4 11 -4 12 -6 11 -4 10 -5 11 -6 12 -4 13 -4 12 -5 12 -4 12 -4 10 -4 11 -5 10 -6 9 -5 12 -5 11 -5 10 -5 10 -7 11 -5 8 -5 0 0 0 0 0 0 0 0 0 0 ]
286,1782978659.559864,10.1653,-76,CSI_DATA,AP,98:F4:AB:29:67:94,-76,11,1,3,1,1,1,0,0,0,0,-96,0,6,1,97319109,0,84,0,0,97.7011,384,[84 -64 4 0 0 0 0 0 0 0 0 0 4 17 3 14 4 16 2 14 1 17 2 16 0 14 0 14 2 14 1 12 0 14 1 15 -1 13 -2 11 -1 12 0 11 -1 11 0 11 0 10 2 10 1 9 2 9 2 10 2 10 4 9 3 10 0 0 4 11 5 12 4 11 5 11 5 9 6 10 5 9 7 10 5 10 6 11 6 10 6 10 4 12 5 11 6 11 4 10 6 10 6 8 6 10 7 10 7 10 6 9 6 10 6 8 5 9 4 10 0 0 0 0 0 0 0 0 0 0 ]
287,1782978659.788561,10.1280,-76,CSI_DATA,AP,98:F4:AB:29:67:94,-76,11,1,3,1,1,1,0,0,0,0,-96,0,6,1,97408914,0,84,0,0,97.7909,384,[84 -64 4 0 0 0 0 0 0 0 0 0 14 -5 13 -6 14 -4 14 -4 15 -3 13 -4 11 -1 15 -1 13 -2 13 -2 11 -1 13 -1 12 -1 12 -1 11 -2 12 -1 10 0 9 -1 7 -3 9 -1 8 -3 9 -4 6 -4 10 -3 10 -3 10 -4 0 0 9 -3 10 -5 9 -5 7 -7 9 -5 9 -6 10 -5 11 -8 8 -6 10 -6 9 -5 10 -4 10 -5 10 -4 10 -5 10 -5 10 -4 9 -5 9 -5 10 -5 10 -4 9 -3 9 -4 10 -5 8 -4 9 -5 0 0 0 0 0 0 0 0 0 0 ]
288,1782978660.010800,10.9246,-76,CSI_DATA,AP,98:F4:AB:29:67:94,-76,11,1,3,1,1,1,0,0,0,0,-96,0,6,1,97500952,0,84,0,0,97.8829,384,[84 -64 4 0 0 0 0 0 0 0 0 0 -16 6 -16 3 -18 5 -16 4 -17 3 -15 2 -15 1 -15 1 -15 0 -15 0 -15 2 -14 1 -14 1 -14 2 -12 0 -12 1 -13 1 -11 2 -11 2 -10 1 -11 1 -9 3 -11 3 -11 6 -11 4 -11 5 0 0 -10 4 -9 6 -9 6 -10 7 -11 6 -10 6 -10 6 -11 6 -10 6 -12 8 -10 9 -11 6 -11 7 -9 7 -9 8 -10 7 -11 7 -9 7 -9 7 -9 7 -8 6 -9 8 -8 7 -8 7 -10 7 -9 5 0 0 0 0 0 0 0 0 0 0 ]
289,1782978660.240510,10.8267,-76,CSI_DATA,AP,98:F4:AB:29:67:94,-76,11,1,3,1,1,1,0,0,0,0,-96,0,6,1,97589225,0,84,0,0,97.9711,384,[84 -64 4 0 0 0 0 0 0 0 0 0 8 -13 8 -14 11 -15 9 -12 7 -12 9 -13 9 -12 10 -10 9 -10 10 -10 10 -9 9 -10 10 -11 11 -8 7 -10 8 -9 7 -8 7 -10 6 -8 6 -8 5 -9 6 -9 5 -9 6 -9 7 -12 3 -10 0 0 3 -12 3 -12 5 -12 3 -11 5 -12 4 -11 6 -11 5 -13 5 -13 3 -14 4 -13 6 -14 5 -12 5 -13 5 -12 4 -12 4 -12 3 -12 3 -12 4 -12 3 -12 4 -12 2 -12 4 -11 5 -10 3 -11 0 0 0 0 0 0 0 0 0 0 ]
290,1782978660.468412,10.9106,-76,CSI_DATA,AP,98:F4:AB:29:67:94,-76,11,1,3,1,1,1,0,0,0,0,-96,0,6,1,97680119,0,84,0,0,98.0621,384,[84 -64 4 0 0 0 0 0 0 0 0 0 -15 8 -16 7 -17 6 -15 7 -16 6 -14 4 -14 5 -13 4 -15 5 -15 3 -15 3 -15 3 -14 2 -13 1 -13 2 -14 2 -11 4 -10 2 -11 2 -10 3 -10 4 -9 3 -10 5 -10 6 -9 6 -9 7 0 0 -9 7 -11 7 -8 8 -10 8 -9 7 -9 8 -10 8 -8 8 -9 8 -9 8 -9 10 -11 8 -10 8 -9 7 -8 8 -10 7 -9 6 -9 8 -8 8 -10 7 -9 8 -8 7 -10 7 -10 8 -10 7 -9 7 0 0 0 0 0 0 0 0 0 0 ]
291,1782978660.692853,12.7669,-76,CSI_DATA,AP,98:F4:AB:29:67:94,-76,11,1,3,1,1,1,0,0,0,0,-96,0,6,1,97767815,0,84,0,0,98.1498,384,[84 -64 4 0 0 0 0 0 0 0 0 0 -14 -12 -13 -13 -12 -12 -11 -11 -11 -13 -11 -11 -9 -13 -10 -14 -8 -12 -9 -12 -8 -12 -7 -12 -9 -12 -8 -13 -7 -10 -8 -10 -6 -11 -8 -10 -8 -7 -7 -9 -9 -9 -8 -6 -7 -8 -10 -8 -11 -8 -10 -8 0 0 -9 -8 -11 -5 -10 -8 -11 -5 -9 -7 -11 -7 -12 -7 -12 -6 -11 -9 -13 -8 -13 -7 -11 -6 -12 -8 -12 -8 -11 -7 -11 -7 -11 -7 -10 -6 -11 -6 -13 -6 -11 -7 -10 -6 -12 -8 -12 -8 -10 -7 -9 -8 0 0 0 0 0 0 0 0 0 0 ]
292,1782978660.916394,12.7255,-76,CSI_DATA,AP,98:F4:AB:29:67:94,-76,11,1,3,1,1,1,0,0,0,0,-96,0,6,1,97865028,0,84,0,0,98.247,384,[84 -64 4 0 0 0 0 0 0 0 0 0 -16 11 -16 10 -17 10 -16 10 -17 8 -17 8 -14 7 -15 6 -17 7 -15 5 -15 7 -16 6 -14 5 -15 5 -14 3 -12 5 -11 4 -12 5 -11 6 -11 6 -12 5 -9 6 -10 6 -10 8 -9 8 -9 8 0 0 -9 9 -8 10 -9 10 -8 10 -8 9 -9 11 -12 12 -7 10 -9 12 -8 13 -10 12 -11 11 -11 10 -9 11 -10 11 -8 10 -7 11 -8 10 -8 11 -8 12 -8 9 -8 11 -9 11 -7 12 -8 10 -8 9 0 0 0 0 0 0 0 0 0 0 ]
293,1782978661.141521,12.2566,-75,CSI_DATA,AP,98:F4:AB:29:67:94,-75,11,1,2,1,1,1,0,0,0,0,-96,0,6,1,97949460,0,84,0,0,98.3314,384,[84 -64 4 0 0 0 0 0 0 0 0 0 16 -7 17 -5 17 -5 17 -5 15 -5 17 -5 15 -4 15 -3 15 -2 15 -2 14 -2 14 -2 12 -2 13 -1 15 -1 13 -1 12 -1 11 -2 10 -3 10 -3 11 -4 10 -3 9 -3 11 -4 10 -5 11 -7 0 0 11 -6 12 -5 9 -7 10 -6 11 -7 12 -8 11 -7 11 -7 11 -8 11 -8 12 -8 11 -7 13 -6 11 -8 12 -6 11 -6 9 -6 10 -7 10 -6 11 -10 10 -6 11 -7 9 -7 11 -6 12 -7 9 -7 0 0 0 0 0 0 0 0 0 0 ]
294,1782978661.367911,12.1266,-70,CSI_DATA,AP,98:F4:AB:29:67:94,-70,11,0,0,0,0,0,0,0,0,0,-96,0,6,1,98039813,0,84,0,0,98.4219,128,[84 -64 4 0 0 0 0 0 0 0 0 0 27 -14 24 -11 28 -11 25 -13 27 -10 23 -7 25 -6 23 -6 23 -7 22 -6 24 -7 24 -7 24 -4 22 -5 20 -6 19 -5 17 -7 16 -6 14 -7 15 -7 14 -7 14 -9 14 -10 14 -11 15 -12 15 -11 0 0 13 -13 16 -14 15 -14 13 -17 11 -15 12 -17 12 -17 13 -16 13 -19 16 -17 16 -18 15 -15 15 -18 15 -15 15 -16 15 -16 14 -17 12 -16 13 -14 12 -18 14 -15 12 -17 13 -16 13 -17 13 -15 12 -15 0 0 0 0 0 0 0 0 0 0 ]
295,1782978661.595529,11.4467,-76,CSI_DATA,AP,98:F4:AB:29:67:94,-76,11,1,3,1,1,1,0,0,0,0,-96,0,6,1,98127579,0,84,0,0,98.5095,384,[84 -64 4 0 0 0 0 0 0 0 0 0 3 15 3 16 2 16 1 16 2 16 1 15 1 15 1 14 1 13 0 12 0 16 -1 13 0 13 -1 12 -1 12 0 13 0 11 1 12 0 9 1 10 0 10 3 9 2 9 4 11 2 11 3 10 0 0 6 11 4 11 4 9 5 11 6 10 5 12 5 8 7 9 10 13 7 10 8 10 5 11 6 11 7 10 5 11 7 9 8 9 8 8 9 8 8 9 8 11 7 8 7 9 8 10 7 7 6 8 0 0 0 0 0 0 0 0 0 0 ]
296,1782978661.820951,10.6932,-76,CSI_DATA,AP,98:F4:AB:29:67:94,-76,11,1,3,1,1,1,0,0,0,0,-96,0,6,1,98217662,0,84,0,0,98.5996,384,[84 -64 4 0 0 0 0 0 0 0 0 0 -15 9 -16 7 -16 8 -15 8 -15 7 -16 5 -14 5 -14 4 -14 5 -14 5 -12 5 -12 4 -13 5 -13 6 -11 5 -13 5 -10 5 -10 4 -10 4 -9 5 -10 5 -10 4 -7 5 -8 7 -8 7 -9 8 0 0 -11 8 -8 7 -10 8 -7 6 -8 7 -9 9 -9 8 -9 9 -9 8 -9 10 -9 9 -10 9 -9 10 -9 9 -10 9 -8 9 -9 8 -8 8 -8 9 -9 9 -9 8 -8 9 -11 10 -8 10 -9 8 -9 8 0 0 0 0 0 0 0 0 0 0 ]
297,1782978662.046409,10.5691,-76,CSI_DATA,AP,98:F4:AB:29:67:94,-76,11,1,3,1,1,1,0,0,0,0,-96,0,6,1,98307323,0,84,0,0,98.6892,384,[84 -64 4 0 0 0 0 0 0 0 0 0 17 4 15 4 17 4 15 5 14 7 13 7 13 5 12 6 11 6 12 3 12 5 12 5 12 6 11 4 11 5 11 5 11 4 9 4 8 2 10 2 10 1 9 2 9 0 9 -1 11 0 11 0 0 0 11 -1 12 0 12 -1 11 -2 10 -3 13 -4 13 -3 12 -3 12 -3 13 -3 13 -3 13 -2 12 -4 12 -3 11 -3 12 -4 12 -3 12 -4 11 -4 12 -3 12 -4 10 -4 11 -4 11 -4 11 -4 11 -4 0 0 0 0 0 0 0 0 0 0 ]
298,1782978662.268500,11.7677,-76,CSI_DATA,AP,98:F4:AB:29:67:94,-76,11,1,3,1,1,1,0,0,0,0,-96,0,6,1,98401458,0,84,0,0,98.7834,384,[84 -64 4 0 0 0 0 0 0 0 0 0 -18 -10 -15 -12 -15 -11 -17 -11 -14 -11 -13 -11 -12 -13 -13 -12 -11 -12 -12 -11 -13 -10 -12 -11 -11 -11 -11 -12 -11 -11 -10 -11 -9 -9 -11 -8 -9 -6 -8 -6 -10 -6 -10 -7 -10 -6 -12 -5 -12 -5 -12 -4 0 0 -12 -5 -12 -5 -12 -4 -16 -5 -13 -4 -14 -5 -13 -4 -14 -4 -15 -4 -16 -4 -15 -4 -14 -5 -15 -4 -16 -5 -14 -5 -14 -6 -12 -3 -13 -6 -14 -3 -14 -4 -14 -2 -16 -4 -12 -4 -14 -5 -13 -4 -13 -3 0 0 0 0 0 0 0 0 0 0 ]
299,1782978662.500877,11.4156,-76,CSI_DATA,AP,98:F4:AB:29:67:94,-76,11,1,3,1,1,1,0,0,0,0,-96,0,6,1,98490285,0,84,0,0,98.8723,384,[84 -64 4 0 0 0 0 0 0 0 0 0 3 -17 3 -17 3 -17 4 -15 5 -16 3 -17 5 -16 6 -14 4 -14 6 -14 6 -12 7 -12 7 -13 6 -13 4 -11 6 -13 3 -10 4 -10 4 -11 4 -10 1 -11 2 -11 1 -11 2 -11 2 -11 1 -12 0 0 0 -11 1 -12 -1 -13 -3 -12 2 -11 -1 -12 -1 -14 -1 -13 -1 -13 -1 -14 -1 -14 1 -13 0 -15 0 -12 2 -13 -2 -12 -1 -16 -1 -13 -1 -13 -2 -13 1 -14 0 -12 1 -12 0 -14 1 -12 -1 -13 0 0 0 0 0 0 0 0 0 0 ]
300,1782978662.726805,10.8271,-76,CSI_DATA,AP,98:F4:AB:29:67:94,-76,11,1,3,1,1,1,0,0,0,0,-96,0,6,1,98579741,0,84,0,0,98.9617,384,[84 -64 4 0 0 0 0 0 0 0 0 0 -5 17 -7 15 -7 15 -6 14 -6 15 -7 14 -9 13 -8 13 -8 11 -6 11 -7 11 -7 11 -7 11 -6 11 -7 9 -7 11 -6 9 -5 8 -4 7 -4 10 -3 10 -4 10 -2 8 -2 11 -2 10 -1 10 0 0 -1 13 0 12 -1 11 1 11 0 11 0 11 -1 10 0 12 3 12 3 12 2 13 1 12 1 13 1 12 0 12 1 13 2 11 2 11 1 13 1 11 1 11 3 11 2 10 2 12 3 12 1 9 0 0 0 0 0 0 0 0 0 0 ]
301,1782978662.952188,11.9159,-76,CSI_DATA,AP,98:F4:AB:29:67:94,-76,11,1,3,1,1,1,0,0,0,0,-96,0,6,1,98668019,0,84,0,0,99.05,384,[84 -64 4 0 0 0 0 0 0 0 0 0 -4 -18 0 -18 0 -18 0 -17 1 -16 0 -16 1 -16 2 -15 2 -16 2 -14 1 -14 2 -15 2 -15 2 -13 2 -12 2 -13 1 -12 1 -12 -1 -10 -1 -10 -1 -10 0 -11 -1 -9 -4 -11 -3 -12 -3 -10 0 0 -4 -12 -3 -12 -4 -13 -5 -11 -4 -12 -5 -13 -6 -12 -7 -12 -6 -14 -7 -12 -5 -14 -8 -13 -5 -11 -7 -13 -6 -9 -6 -12 -5 -14 -8 -14 -6 -11 -8 -10 -8 -13 -9 -12 -5 -9 -8 -12 -4 -12 -8 -11 0 0 0 0 0 0 0 0 0 0 ]
302,1782978663.185691,11.2780,-76,CSI_DATA,AP,98:F4:AB:29:67:94,-76,11,1,3,1,1,1,0,0,0,0,-96,0,6,1,98757568,0,84,0,0,99.1395,384,[84 -64 4 0 0 0 0 0 0 0 0 0 2 16 1 16 0 16 1 15 0 16 -1 15 -1 14 0 14 -3 14 -1 14 -2 13 -2 13 -1 12 -2 12 -1 11 0 11 0 11 0 10 1 10 2 10 2 8 3 11 3 10 5 9 4 10 3 9 0 0 5 8 6 10 6 8 7 9 5 7 7 9 6 10 7 9 7 9 8 11 6 11 5 10 7 10 6 10 8 9 9 8 7 9 7 8 8 9 8 9 8 7 8 8 7 8 7 9 6 10 6 9 0 0 0 0 0 0 0 0 0 0 ]
303,1782978663.413616,9.9985,-76,CSI_DATA,AP,98:F4:AB:29:67:94,-76,11,1,3,1,1,1,0,0,0,0,-96,0,6,1,98851383,0,84,0,0,99.2334,384,[84 -64 4 0 0 0 0 0 0 0 0 0 12 10 12 12 12 14 11 11 11 13 10 13 8 13 7 11 8 13 6 11 7 13 7 13 6 12 7 11 7 10 6 12 7 10 5 9 5 7 6 7 6 6 7 6 7 6 9 6 7 6 9 7 0 0 8 6 9 4 10 4 9 4 10 5 12 5 11 6 11 4 12 5 12 6 13 4 11 5 11 5 11 5 11 5 11 5 11 4 10 5 10 5 11 4 11 3 11 2 12 3 11 3 11 4 10 3 0 0 0 0 0 0 0 0 0 0 ]
304,1782978663.641441,10.1863,-76,CSI_DATA,AP,98:F4:AB:29:67:94,-76,11,1,3,1,1,1,0,0,0,0,-96,0,6,1,98939477,0,84,0,0,99.3214,384,[84 -64 4 0 0 0 0 0 0 0 0 0 -15 -9 -14 -10 -15 -10 -13 -11 -11 -11 -11 -12 -11 -11 -11 -10 -12 -10 -9 -10 -10 -10 -12 -11 -11 -11 -9 -8 -7 -9 -9 -10 -9 -9 -8 -8 -8 -7 -8 -6 -9 -6 -9 -6 -8 -3 -11 -6 -10 -4 -10 -5 0 0 -11 -5 -12 -5 -10 -5 -11 -3 -11 -4 -12 -4 -11 -5 -11 -4 -13 -6 -15 -4 -13 -4 -13 -2 -13 -4 -12 -4 -11 -5 -11 -2 -12 -3 -12 -4 -12 -4 -12 -4 -13 -3 -12 -3 -11 -3 -12 -3 -12 -3 -11 -4 0 0 0 0 0 0 0 0 0 0 ]
305,1782978663.870595,9.6801,-76,CSI_DATA,AP,98:F4:AB:29:67:94,-76,11,1,3,1,1,1,0,0,0,0,-96,0,6,1,99027559,0,84,0,0,99.4094,384,[84 -64 4 0 0 0 0 0 0 0 0 0 6 15 4 16 4 15 4 15 1 14 2 15 2 14 1 15 2 12 0 12 2 13 2 12 0 13 1 13 1 12 0 12 2 12 2 10 1 12 3 10 2 8 3 11 3 9 3 9 4 9 4 9 0 0 5 9 3 10 4 10 5 9 6 9 7 11 6 9 6 11 8 11 7 10 8 10 6 11 6 11 7 10 6 10 7 11 6 9 7 10 7 9 7 9 7 10 8 9 7 9 7 9 6 9 6 10 0 0 0 0 0 0 0 0 0 0 ]
306,1782978664.100217,10.9632,-76,CSI_DATA,AP,98:F4:AB:29:67:94,-76,11,1,3,1,1,1,0,0,0,0,-96,0,6,1,99123211,0,84,0,0,99.5052,384,[84 -64 4 0 0 0 0 0 0 0 0 0 -6 18 -5 16 -5 17 -6 17 -7 18 -5 17 -8 17 -7 14 -6 15 -6 13 -8 13 -8 12 -8 14 -7 13 -6 11 -6 11 -7 10 -4 9 -4 10 -6 10 -4 10 -3 10 -2 11 -2 11 -3 12 -2 12 0 0 0 10 -2 13 -2 13 -2 13 -1 11 0 15 -2 13 -1 14 0 13 1 15 -1 15 -1 13 -3 13 -1 15 -1 15 -2 14 -2 14 0 13 -1 13 -1 13 -2 14 0 13 -2 14 -2 15 -1 13 -1 13 0 0 0 0 0 0 0 0 0 0 ]
307,1782978664.326971,11.6711,-76,CSI_DATA,AP,98:F4:AB:29:67:94,-76,11,1,3,1,1,1,0,0,0,0,-96,0,6,1,99212365,0,84,0,0,99.5943,384,[84 -64 4 0 0 0 0 0 0 0 0 0 14 -6 16 -6 15 -6 13 -7 15 -5 12 -2 14 -2 13 -3 13 -5 14 -2 15 -3 12 -1 13 -3 12 -2 11 -2 12 -1 11 -3 10 -5 9 -3 8 -3 8 -4 9 -5 8 -4 11 -5 11 -4 10 -5 0 0 10 -6 10 -7 8 -9 10 -7 9 -7 10 -7 8 -7 10 -7 10 -8 10 -8 10 -8 10 -5 9 -7 10 -8 11 -7 9 -6 11 -7 10 -7 10 -8 11 -7 10 -6 9 -7 11 -8 10 -6 10 -7 9 -6 0 0 0 0 0 0 0 0 0 0 ]
308,1782978664.555333,11.9105,-76,CSI_DATA,AP,98:F4:AB:29:67:94,-76,11,1,3,1,1,1,0,0,0,0,-96,0,6,1,99302339,0,84,0,0,99.6843,384,[84 -64 4 0 0 0 0 0 0 0 0 0 16 -1 16 0 15 1 16 0 14 1 16 2 13 2 13 4 14 3 14 3 13 3 12 3 12 3 12 2 12 4 10 2 11 2 9 2 10 1 8 0 10 1 10 0 10 -2 9 -4 11 -2 11 -2 0 0 10 -3 10 -3 10 -4 10 -6 9 -4 12 -6 11 -4 12 -6 12 -4 12 -6 10 -6 10 -4 13 -6 11 -4 11 -5 11 -6 10 -6 10 -6 11 -5 10 -4 11 -5 11 -5 10 -5 10 -6 9 -5 11 -4 0 0 0 0 0 0 0 0 0 0 ]
309,1782978664.783771,11.1884,-76,CSI_DATA,AP,98:F4:AB:29:67:94,-76,11,1,3,1,1,1,0,0,0,0,-96,0,6,1,99387843,0,84,0,0,99.7698,384,[84 -64 4 0 0 0 0 0 0 0 0 0 -2 -18 0 -16 -2 -19 0 -17 -1 -16 1 -17 -1 -15 2 -16 2 -15 2 -14 1 -14 -2 -15 1 -14 2 -14 2 -12 0 -13 1 -13 0 -12 1 -11 0 -10 -1 -10 -3 -11 -2 -10 -5 -10 -3 -10 -4 -11 0 0 -3 -9 -3 -11 -4 -13 -5 -12 -3 -11 -5 -11 -6 -13 -5 -12 -4 -13 -7 -12 -6 -13 -6 -11 -7 -13 -6 -11 -5 -10 -5 -12 -5 -10 -7 -11 -6 -11 -6 -11 -7 -11 -6 -13 -8 -10 -8 -13 -5 -11 -4 -10 0 0 0 0 0 0 0 0 0 0 ]
310,1782978665.011987,11.9817,-76,CSI_DATA,AP,98:F4:AB:29:67:94,-76,11,1,3,1,1,1,0,0,0,0,-96,0,6,1,99479587,0,84,0,0,99.8615,384,[84 -64 4 0 0 0 0 0 0 0 0 0 -9 -17 -6 -16 -9 -16 -7 -15 -7 -16 -6 -15 -4 -14 -5 -15 -4 -15 -4 -15 -3 -14 -1 -15 -2 -14 -4 -14 -2 -12 -1 -15 -2 -11 -3 -10 -1 -9 -3 -9 -4 -10 -4 -9 -5 -10 -5 -11 -6 -11 -6 -10 0 0 -4 -11 -5 -12 -5 -11 -7 -12 -5 -10 -6 -12 -7 -12 -6 -11 -5 -12 -6 -12 -10 -12 -4 -12 -6 -12 -5 -12 -4 -11 -6 -9 -7 -12 -5 -10 -7 -11 -6 -12 -6 -12 -7 -12 -7 -13 -5 -9 -3 -13 -6 -10 0 0 0 0 0 0 0 0 0 0 ]
311,1782978665.240140,12.6666,-76,CSI_DATA,AP,98:F4:AB:29:67:94,-76,11,1,3,1,1,1,0,0,0,0,-96,0,6,1,99568145,0,84,0,0,99.9501,384,[84 -64 4 0 0 0 0 0 0 0 0 0 14 -8 15 -4 15 -5 16 -6 16 -5 14 -5 14 -4 13 -3 14 -2 12 -3 14 -4 12 -2 15 -1 13 -3 14 -2 12 -3 10 -3 10 -3 9 -2 9 -3 10 -4 10 -6 10 -4 9 -4 11 -6 10 -7 0 0 10 -6 9 -7 10 -7 7 -7 9 -6 9 -8 9 -8 9 -9 12 -8 9 -9 8 -9 10 -8 10 -8 10 -8 8 -9 8 -8 10 -8 9 -9 7 -9 8 -9 9 -9 7 -8 6 -10 7 -8 8 -9 8 -7 0 0 0 0 0 0 0 0 0 0 ]
312,1782978665.497552,12.1300,-76,CSI_DATA,AP,98:F4:AB:29:67:94,-76,11,1,3,1,1,1,0,0,0,0,-96,0,6,1,99662073,0,84,0,0,100.044,384,[84 -64 4 0 0 0 0 0 0 0 0 0 -16 -7 -15 -7 -17 -7 -16 -8 -17 -8 -11 -8 -12 -11 -13 -11 -11 -11 -13 -8 -13 -8 -11 -10 -12 -9 -12 -9 -11 -10 -11 -9 -9 -8 -9 -7 -10 -6 -11 -6 -9 -8 -11 -7 -10 -5 -12 -3 -11 -4 -13 -4 0 0 -11 -2 -11 -4 -10 -4 -12 -4 -12 -2 -10 -4 -12 -5 -12 -2 -12 -2 -15 -3 -13 -1 -13 -2 -14 -2 -12 -2 -13 -3 -13 -2 -13 0 -12 -3 -12 -3 -12 -1 -12 -3 -12 -2 -12 -2 -11 -2 -13 -2 -11 -3 0 0 0 0 0 0 0 0 0 0 ]
313,1782978665.724608,11.3503,-76,CSI_DATA,AP,98:F4:AB:29:67:94,-76,11,1,3,1,1,1,0,0,0,0,-96,0,6,1,99753584,0,84,0,0,100.136,384,[84 -64 4 0 0 0 0 0 0 0 0 0 -3 15 -5 17 -6 14 -6 15 -6 14 -5 14 -6 14 -6 14 -6 13 -6 12 -5 13 -6 12 -5 14 -4 13 -5 10 -6 11 -4 10 -4 10 -4 9 -3 9 -3 9 -2 9 -1 11 -3 11 -1 11 0 12 0 0 1 11 2 13 0 11 2 11 0 11 2 10 3 11 2 11 2 13 3 11 4 12 2 12 1 12 2 12 1 12 2 12 2 11 4 10 3 10 3 9 4 11 3 10 3 11 3 10 2 11 1 10 0 0 0 0 0 0 0 0 0 0 ]
314,1782978665.949646,11.3054,-76,CSI_DATA,AP,98:F4:AB:29:67:94,-76,11,1,3,1,1,1,0,0,0,0,-96,0,6,1,99839352,0,84,0,0,100.221,384,[84 -64 4 0 0 0 0 0 0 0 0 0 17 13 12 12 16 13 12 12 14 11 11 9 11 12 11 10 10 12 12 12 11 14 8 14 9 12 10 12 7 11 10 10 8 10 9 8 8 6 9 5 7 7 9 6 11 6 11 7 9 7 10 5 0 0 11 5 12 4 11 3 12 6 12 3 12 2 12 2 12 1 13 3 16 4 13 5 14 5 14 5 12 4 14 3 12 1 13 2 11 1 12 2 12 1 14 3 16 1 12 1 13 3 12 4 10 3 0 0 0 0 0 0 0 0 0 0 ]
315,1782978666.175854,10.4631,-76,CSI_DATA,AP,98:F4:AB:29:67:94,-76,11,1,3,1,1,1,0,0,0,0,-96,0,6,1,99929342,0,84,0,0,100.311,384,[84 -64 4 0 0 0 0 0 0 0 0 0 4 -16 7 -13 6 -14 6 -12 6 -12 7 -11 7 -12 8 -12 6 -12 7 -9 8 -12 7 -13 6 -11 8 -9 6 -10 7 -11 5 -10 4 -11 5 -7 5 -9 3 -8 3 -10 2 -10 4 -9 2 -10 2 -12 0 0 1 -11 2 -11 2 -10 1 -9 2 -10 1 -13 1 -11 2 -12 0 -12 0 -13 0 -13 2 -11 1 -12 1 -11 0 -12 0 -11 0 -12 0 -11 -1 -12 -1 -12 -1 -11 -1 -11 0 -12 0 -10 1 -10 0 -10 0 0 0 0 0 0 0 0 0 0 ]
316,1782978666.405192,10.7002,-76,CSI_DATA,AP,98:F4:AB:29:67:94,-76,11,1,3,1,1,1,0,0,0,0,-96,0,6,1,100018751,0,84,0,0,100.401,384,[84 -64 4 0 0 0 0 0 0 0 0 0 -15 2 -17 1 -18 0 -17 0 -17 0 -17 -1 -15 -3 -16 -3 -16 -4 -14 -2 -15 -3 -14 -1 -14 -3 -13 -3 -13 -2 -13 -3 -12 -3 -13 -4 -11 -2 -11 -4 -9 -2 -11 0 -11 -1 -11 1 -11 0 -12 2 0 0 -14 -1 -11 -1 -13 1 -11 0 -13 1 -13 1 -12 -1 -12 1 -14 0 -14 2 -14 1 -13 0 -14 0 -12 1 -14 0 -12 1 -11 0 -12 2 -12 0 -12 1 -12 0 -12 1 -10 -1 -12 0 -12 1 -11 1 0 0 0 0 0 0 0 0 0 0 ]
317,1782978666.631996,10.7794,-76,CSI_DATA,AP,98:F4:AB:29:67:94,-76,11,1,3,1,1,1,0,0,0,0,-96,0,6,1,100107646,0,84,0,0,100.49,384,[84 -64 4 0 0 0 0 0 0 0 0 0 13 -10 13 -9 13 -10 13 -9 14 -8 12 -9 14 -7 11 -8 14 -7 14 -7 13 -7 13 -7 12 -5 13 -4 12 -5 10 -5 10 -5 9 -6 10 -6 9 -6 9 -5 8 -8 7 -7 8 -8 8 -8 8 -8 0 0 7 -9 9 -10 8 -10 6 -8 8 -9 7 -9 8 -10 8 -11 7 -12 8 -11 8 -11 6 -10 7 -11 7 -11 6 -10 6 -11 6 -12 6 -10 7 -10 6 -10 7 -10 6 -11 7 -11 7 -11 6 -9 6 -8 0 0 0 0 0 0 0 0 0 0 ]
318,1782978666.866010,10.9570,-76,CSI_DATA,AP,98:F4:AB:29:67:94,-76,11,1,3,1,1,1,0,0,0,0,-96,0,6,1,100202058,0,84,0,0,100.584,384,[84 -64 4 0 0 0 0 0 0 0 0 0 -2 15 -4 16 -5 15 -4 14 -5 14 -6 14 -5 14 -6 13 -5 12 -8 11 -7 13 -7 11 -7 13 -7 11 -6 12 -5 12 -6 10 -6 11 -4 8 -3 9 -4 10 -3 10 -2 11 -3 9 -3 11 -1 11 0 0 -1 11 -1 12 -1 11 0 11 -2 12 -1 12 1 13 0 11 3 12 0 13 0 12 0 13 -1 13 0 12 0 12 0 12 0 11 1 11 0 11 2 11 0 12 0 11 0 11 0 11 1 12 0 9 0 0 0 0 0 0 0 0 0 0 ]
319,1782978667.097064,11.3605,-74,CSI_DATA,AP,98:F4:AB:29:67:94,-74,11,1,2,1,1,1,0,0,0,0,-96,0,6,1,100292383,0,84,0,0,100.674,384,[84 -64 4 0 0 0 0 0 0 0 0 0 -9 15 -8 14 -10 15 -11 13 -9 14 -9 12 -10 12 -10 12 -10 12 -11 9 -10 9 -11 11 -11 11 -11 10 -9 10 -10 9 -8 8 -7 9 -6 7 -7 8 -7 9 -6 9 -6 9 -5 10 -6 10 -7 10 0 0 -6 10 -6 12 -6 10 -4 11 -7 10 -5 13 -5 11 -4 13 -4 14 -6 13 -5 13 -6 11 -6 12 -6 11 -5 13 -4 12 -4 12 -4 10 -5 12 -4 11 -5 11 -4 11 -3 11 -4 11 -5 11 -3 9 0 0 0 0 0 0 0 0 0 0 ]
320,1782978667.323599,11.3309,-76,CSI_DATA,AP,98:F4:AB:29:67:94,-76,11,1,3,1,1,1,0,0,0,0,-96,0,6,1,100381864,0,84,0,0,100.764,384,[84 -64 4 0 0 0 0 0 0 0 0 0 -11 12 -12 10 -10 11 -14 8 -12 8 -13 8 -12 7 -12 8 -11 8 -12 6 -11 7 -13 9 -11 8 -12 8 -12 5 -10 7 -11 6 -10 5 -7 6 -7 5 -9 6 -8 8 -7 8 -8 9 -7 8 -8 8 0 0 -7 8 -6 10 -7 9 -7 9 -7 9 -8 9 -7 10 -7 10 -7 11 -7 11 -7 10 -7 11 -9 10 -7 11 -9 11 -5 11 -7 10 -6 10 -6 10 -6 11 -8 9 -7 10 -7 9 -6 9 -8 9 -4 9 0 0 0 0 0 0 0 0 0 0 ]
321,1782978667.547372,11.4528,-76,CSI_DATA,AP,98:F4:AB:29:67:94,-76,11,1,3,1,1,1,0,0,0,0,-96,0,6,1,100470291,0,84,0,0,100.852,384,[84 -64 4 0 0 0 0 0 0 0 0 0 -3 -18 -3 -16 -2 -16 -2 -17 -2 -17 -1 -16 -1 -15 1 -16 1 -14 1 -13 1 -14 1 -14 0 -14 2 -14 2 -15 0 -12 1 -12 1 -12 0 -10 0 -12 -2 -9 -2 -11 -2 -10 -2 -12 -2 -13 -3 -12 0 0 -3 -13 -2 -12 -3 -13 -5 -12 -2 -13 -2 -13 -4 -12 -5 -12 -3 -14 -5 -12 -5 -14 -4 -14 -3 -13 -4 -13 -4 -11 -5 -12 -3 -13 -3 -13 -4 -11 -5 -11 -4 -12 -4 -12 -4 -11 -5 -11 -3 -12 -4 -11 0 0 0 0 0 0 0 0 0 0 ]
322,1782978667.774936,11.3873,-75,CSI_DATA,AP,98:F4:AB:29:67:94,-75,11,1,2,1,1,1,0,0,0,0,-96,0,6,1,100559676,0,84,0,0,100.942,384,[84 -64 4 0 0 0 0 0 0 0 0 0 4 15 5 13 3 14 4 14 4 14 2 13 3 15 1 13 3 15 0 14 1 13 1 13 -1 12 0 13 0 11 -1 12 1 11 -1 11 0 10 1 9 1 9 2 8 2 11 2 10 1 9 2 11 0 0 3 10 4 10 4 9 4 10 3 9 5 10 4 10 4 10 4 11 3 11 4 11 4 11 3 10 3 10 4 10 4 10 4 10 4 9 4 9 4 11 5 9 4 8 4 11 4 9 3 10 3 10 0 0 0 0 0 0 0 0 0 0 ]
