packet_idx,epoch_s,sub30_amplitude,rssi_dbm,raw_line
1,1782977778.959173,23.1948,-67,CSI_DATA,AP,AC:3D:CB:BC:E1:F7,-67,11,0,0,0,0,0,0,0,0,0,-96,0,6,1,23658077,0,79,0,0,24.0397,128,[79 -16 4 0 0 0 0 0 0 0 0 0 13 0 12 0 14 0 14 0 13 0 14 0 13 -1 13 0 14 0 16 0 19 -1 19 0 20 0 21 0 20 0 21 0 21 -1 21 0 21 -1 20 -2 20 -2 22 -2 21 -2 22 -2 23 -3 23 -3 0 0 24 -4 25 -3 24 -4 26 -4 25 -3 25 -4 27 -4 26 -2 26 -3 28 -3 28 -3 27 -2 27 -1 28 -1 24 -2 23 -3 23 -3 20 -1 20 -1 20 -1 19 -1 18 -2 18 -1 18 0 17 0 15 0 0 0 0 0 0 0 0 0 0 0 ]
2,1782977781.078593,22.3607,-70,CSI_DATA,AP,98:F4:AB:29:67:94,-70,11,0,0,0,0,0,0,0,0,0,-96,0,6,1,25770083,0,28,0,0,26.1515,128,[28 -64 1 0 0 0 0 0 0 0 0 0 -11 -29 -8 -27 -9 -31 -8 -26 -8 -29 -4 -26 -5 -28 -2 -27 -5 -28 -2 -29 -1 -28 0 -27 0 -27 0 -26 0 -22 -4 -26 -2 -22 -3 -23 -3 -18 -5 -21 -4 -20 -5 -21 -4 -21 -3 -21 -4 -22 -4 -19 0 0 -8 -18 -10 -20 -9 -17 -11 -19 -11 -15 -12 -18 -12 -19 -13 -19 -14 -18 -10 -22 -13 -21 -9 -20 -11 -18 -10 -16 -12 -19 -14 -15 -14 -18 -12 -14 -12 -15 -13 -15 -13 -15 -13 -13 -13 -16 -13 -15 -11 -12 -9 -11 0 0 0 0 0 0 0 0 0 0 ]
3,1782977781.126001,21.0238,-70,CSI_DATA,AP,98:F4:AB:29:67:94,-70,11,0,0,0,0,0,0,0,0,0,-96,0,6,1,25773468,0,157,0,0,26.1894,128,[-99 -48 9 0 0 0 0 0 0 0 0 0 26 -15 24 -13 27 -15 26 -12 26 -12 23 -9 26 -10 25 -7 26 -9 27 -6 26 -7 28 -6 27 -5 25 -5 21 -3 25 -6 21 -6 19 -6 19 -6 17 -6 19 -6 20 -7 18 -7 18 -8 19 -9 18 -8 0 0 16 -9 17 -11 16 -10 16 -13 14 -10 16 -13 17 -14 16 -13 17 -15 17 -14 17 -14 17 -12 16 -14 16 -11 16 -14 15 -13 16 -15 13 -13 12 -13 13 -14 13 -13 12 -14 13 -13 12 -13 10 -12 9 -12 0 0 0 0 0 0 0 0 0 0 ]
4,1782977781.172064,22.4722,-69,CSI_DATA,AP,98:F4:AB:29:67:94,-69,11,0,0,0,0,0,0,0,0,0,-96,0,6,1,25874367,0,135,0,0,26.2558,128,[-121 112 8 0 0 0 0 0 0 0 0 0 29 5 26 7 29 6 27 8 23 7 24 8 24 10 22 11 24 11 22 11 24 11 23 13 22 12 20 13 19 10 21 11 20 11 19 8 18 9 18 9 18 9 20 7 18 7 19 9 21 8 19 7 0 0 20 6 21 8 19 5 21 4 19 5 22 4 21 4 20 4 22 5 20 7 23 6 20 5 19 4 20 4 21 5 20 4 21 3 18 3 19 4 20 1 19 2 20 2 20 2 19 2 19 1 17 0 0 0 0 0 0 0 0 0 0 0 ]
5,1782977781.689319,12.6491,-78,CSI_DATA,AP,98:F4:AB:29:67:94,-78,11,1,3,1,1,1,0,0,0,0,-96,0,6,1,26383034,0,390,0,0,26.7644,384,[-122 -31 23 0 0 0 0 0 0 0 0 0 5 -20 8 -19 10 -20 5 -19 7 -20 10 -18 7 -19 9 -18 10 -19 11 -17 10 -15 12 -17 8 -13 11 -15 10 -12 9 -13 6 -13 7 -13 6 -12 5 -10 6 -13 6 -11 7 -12 4 -11 4 -12 5 -14 0 0 3 -12 0 -11 3 -11 1 -12 -2 -10 -1 -15 1 -12 0 -11 -2 -11 0 -13 -4 -14 -1 -13 -3 -12 -3 -13 -4 -12 -2 -10 -4 -11 -4 -10 -5 -10 -6 -10 -8 -12 -7 -11 -9 -12 -6 -11 -7 -9 -6 -11 0 0 0 0 0 0 0 0 0 0 ]
6,1782977781.737685,15.5242,-79,CSI_DATA,AP,98:F4:AB:29:67:94,-79,11,1,3,1,1,1,0,0,0,0,-96,0,6,1,26435236,0,390,0,0,26.8164,384,[-122 -31 23 0 0 0 0 0 0 0 0 0 -9 -22 -7 -21 -8 -24 -8 -24 -6 -23 -1 -24 -3 -22 -2 -24 -3 -20 -3 -25 -3 -24 -2 -23 -4 -21 -1 -22 -3 -20 2 -18 -1 -19 0 -16 -1 -14 -4 -16 -3 -15 -2 -15 -4 -15 -4 -13 -4 -15 -2 -14 0 0 -4 -11 -7 -13 -7 -11 -8 -11 -5 -10 -6 -10 -10 -10 -7 -9 -8 -9 -7 -8 -10 -9 -8 -9 -9 -7 -11 -7 -10 -7 -9 -7 -9 -4 -8 -4 -11 -6 -11 -5 -10 -6 -10 -5 -11 -3 -11 -2 -10 -4 -12 -3 0 0 0 0 0 0 0 0 0 0 ]
7,1782977782.177538,21.0238,-76,CSI_DATA,AP,98:F4:AB:29:67:94,-76,11,1,3,1,1,1,0,0,0,0,-96,0,6,1,26883195,0,390,0,0,27.2644,384,[-122 -31 23 0 0 0 0 0 0 0 0 0 -10 13 -11 13 -11 14 -12 13 -11 11 -11 12 -11 11 -13 10 -12 10 -13 10 -12 10 -12 10 -12 9 -13 9 -13 9 -12 9 -11 6 -11 7 -10 7 -8 6 -8 7 -7 6 -9 6 -8 5 -8 6 -7 6 0 0 -5 5 -6 7 -5 6 -4 5 -4 5 -3 5 -3 6 -1 5 -2 5 -1 6 -1 7 -1 6 0 6 0 4 0 4 1 4 2 5 1 4 2 4 3 2 2 3 3 3 2 2 2 2 2 3 3 3 0 0 0 0 0 0 0 0 0 0 ]
8,1782977782.226623,10.0499,-76,CSI_DATA,AP,98:F4:AB:29:67:94,-76,11,1,3,1,1,1,0,0,0,0,-96,0,6,1,26886364,0,390,0,0,27.2931,384,[-122 -31 23 0 0 0 0 0 0 0 0 0 -18 2 -17 2 -18 3 -17 2 -18 0 -18 0 -18 1 -19 -2 -17 -1 -17 -2 -18 -2 -18 -2 -17 -3 -17 -3 -14 -2 -16 -3 -14 -3 -13 -3 -12 -3 -12 -2 -13 -1 -11 -1 -10 -2 -10 -1 -10 -1 -9 0 0 0 -10 2 -9 2 -7 1 -8 2 -7 1 -6 2 -6 2 -6 3 -6 3 -5 5 -4 4 -6 5 -4 5 -4 4 -4 4 -3 4 -2 4 -2 3 -2 4 -1 5 0 4 -1 5 0 4 0 3 0 5 0 4 0 0 0 0 0 0 0 0 0 0 ]
9,1782977782.277502,10.7703,-75,CSI_DATA,AP,98:F4:AB:29:67:94,-75,11,1,3,1,1,1,0,0,0,0,-96,0,6,1,26974838,0,82,0,0,27.356,384,[82 -96 4 0 0 0 0 0 0 0 0 0 6 -15 6 -15 7 -16 6 -14 7 -14 8 -13 9 -13 7 -11 7 -12 9 -11 9 -11 8 -10 8 -9 6 -9 8 -10 7 -9 6 -9 4 -8 7 -10 4 -11 5 -9 4 -10 4 -9 3 -9 4 -10 4 -10 0 0 3 -11 2 -11 3 -11 2 -11 1 -9 2 -11 2 -11 3 -11 2 -10 2 -11 0 -11 2 -11 1 -9 0 -10 0 -10 -2 -11 -1 -11 -1 -11 -1 -11 -1 -10 -1 -10 -1 -10 -1 -10 -1 -9 -1 -10 -1 -9 0 0 0 0 0 0 0 0 0 0 ]
10,1782977782.319590,20.1246,-68,CSI_DATA,AP,98:F4:AB:29:67:94,-68,11,0,0,0,0,0,0,0,0,0,-96,0,6,1,26975818,0,82,0,0,27.3871,128,[82 -96 4 0 0 0 0 0 0 0 0 0 -26 15 -24 15 -29 16 -27 15 -29 12 -25 10 -25 9 -25 6 -26 6 -25 4 -25 7 -23 5 -23 2 -22 5 -19 3 -22 7 -18 7 -17 7 -16 7 -18 7 -18 6 -16 7 -18 7 -17 8 -18 9 -17 8 0 0 -16 9 -17 12 -16 11 -14 15 -14 11 -14 13 -17 12 -14 11 -17 16 -19 13 -16 12 -15 11 -14 13 -14 11 -14 13 -12 14 -13 15 -12 13 -12 13 -12 14 -13 13 -11 13 -13 13 -11 14 -9 12 -8 13 0 0 0 0 0 0 0 0 0 0 ]
11,1782977782.693211,14.5927,-75,CSI_DATA,AP,98:F4:AB:29:67:94,-75,11,1,3,1,1,1,0,0,0,0,-96,0,6,1,27388198,0,82,0,0,27.7693,384,[82 -96 4 0 0 0 0 0 0 0 0 0 15 5 14 6 15 5 13 6 16 7 14 9 13 10 12 9 12 9 11 9 13 9 12 11 11 10 14 11 11 9 12 8 9 8 10 10 12 8 10 8 12 9 11 10 12 7 10 9 11 7 14 8 0 0 11 8 12 8 12 8 12 7 12 7 13 6 15 5 14 5 15 7 13 6 14 5 14 6 15 7 15 6 15 7 13 5 14 7 14 6 16 6 14 5 14 5 16 5 15 6 16 6 13 6 12 5 0 0 0 0 0 0 0 0 0 0 ]
12,1782977782.819574,11.0498,-78,CSI_DATA,AP,98:F4:AB:29:67:94,-78,11,1,3,1,1,1,0,0,0,0,-96,0,6,1,27513798,0,82,0,0,27.8949,384,[82 -96 4 0 0 0 0 0 0 0 0 0 4 -15 4 -15 5 -13 5 -14 4 -15 4 -14 7 -13 6 -12 6 -12 7 -10 7 -11 7 -10 7 -9 7 -8 6 -9 4 -10 5 -7 6 -9 5 -6 4 -9 4 -6 1 -8 3 -7 2 -7 3 -7 1 -9 0 0 -1 -8 1 -9 1 -8 -1 -9 -1 -8 -1 -8 -2 -10 -1 -9 -2 -9 -3 -8 -3 -10 -2 -10 -1 -9 -2 -7 -3 -9 -3 -7 -3 -11 -2 -9 -6 -9 -6 -8 -5 -9 -7 -10 -5 -9 -5 -9 -5 -9 -6 -9 0 0 0 0 0 0 0 0 0 0 ]
13,1782977782.850698,12.5231,-71,CSI_DATA,AP,98:F4:AB:29:67:94,-71,11,0,0,0,0,0,0,0,0,0,-96,0,6,1,27514414,0,82,0,0,27.9254,128,[82 -96 4 0 0 0 0 0 0 0 0 0 -20 25 -19 20 -21 22 -20 22 -22 21 -20 17 -21 20 -19 16 -21 18 -22 13 -22 12 -21 13 -21 10 -20 10 -15 9 -19 13 -13 10 -15 10 -12 10 -12 11 -12 11 -10 10 -11 10 -7 12 -9 11 -7 11 0 0 -4 13 -4 14 -4 12 -3 13 -2 11 1 16 0 16 -1 16 -2 15 2 21 -3 20 0 18 1 16 0 16 1 19 2 16 3 20 3 16 4 15 7 17 4 18 6 16 5 20 4 20 5 18 5 19 0 0 0 0 0 0 0 0 0 0 ]
14,1782977783.193723,13.1492,-73,CSI_DATA,AP,98:F4:AB:29:67:94,-73,11,1,3,1,1,1,0,0,0,0,-96,0,6,1,27887892,0,82,0,0,28.2692,384,[82 -96 4 0 0 0 0 0 0 0 0 0 16 11 18 12 17 13 16 12 16 12 15 13 14 13 14 13 12 14 12 15 14 14 12 16 13 13 13 13 10 12 11 15 9 12 10 11 9 10 8 10 8 10 8 11 8 11 9 9 10 9 9 8 0 0 10 7 10 7 11 5 10 5 10 5 10 5 10 5 11 5 11 5 10 3 11 2 12 2 10 3 12 3 11 2 10 1 12 2 12 1 11 1 11 -1 10 1 10 0 11 1 11 -1 11 -1 9 0 0 0 0 0 0 0 0 0 0 0 ]
15,1782977783.823695,10.2637,-75,CSI_DATA,AP,98:F4:AB:29:67:94,-75,11,1,5,1,1,1,0,0,0,0,-96,0,6,1,28517087,0,82,0,0,28.8983,384,[82 -96 4 0 0 0 0 0 0 0 0 0 14 0 14 0 14 0 15 0 15 0 13 0 13 2 12 4 12 2 14 2 14 3 11 3 12 3 12 3 12 4 13 2 12 1 12 3 10 4 10 1 11 3 10 2 10 3 11 2 9 2 8 2 0 0 10 1 9 3 11 1 9 0 8 2 10 1 7 3 9 0 8 0 10 -1 9 0 8 -1 8 -1 9 -1 9 -2 8 -1 10 -1 9 -1 9 -1 8 -3 8 -1 8 -3 10 -3 7 -3 8 -4 9 -2 0 0 0 0 0 0 0 0 0 0 ]
16,1782977784.043690,15.4664,-73,CSI_DATA,AP,98:F4:AB:29:67:94,-73,11,1,3,1,1,1,0,0,0,0,-96,0,6,1,28738979,0,82,0,0,29.1201,384,[82 -96 4 0 0 0 0 0 0 0 0 0 22 12 21 13 22 15 20 13 23 15 19 15 19 15 18 16 19 16 17 16 20 17 18 15 19 17 17 17 15 16 17 18 16 16 14 16 14 16 12 16 11 16 13 15 13 14 11 12 14 13 12 13 0 0 13 11 13 10 12 10 11 9 10 10 11 8 11 5 11 6 12 6 11 4 11 4 12 4 13 3 12 1 13 1 12 1 13 1 11 -2 11 1 12 -1 11 -2 11 -2 12 -3 13 -6 12 -5 13 -6 0 0 0 0 0 0 0 0 0 0 ]
17,1782977784.093388,21.5819,-67,CSI_DATA,AP,98:F4:AB:29:67:94,-67,11,0,0,0,0,0,0,0,0,0,-96,0,6,1,28783606,0,37,0,0,29.1648,128,[37 80 2 0 0 0 0 0 0 0 0 0 1 -35 2 -31 2 -39 3 -34 4 -36 5 -28 4 -32 6 -30 5 -32 10 -32 8 -32 9 -32 10 -31 9 -30 9 -28 9 -33 7 -27 8 -28 8 -24 8 -25 7 -22 6 -24 7 -23 5 -22 6 -23 6 -21 0 0 3 -22 3 -22 2 -19 0 -21 1 -16 0 -18 -2 -16 -1 -15 -4 -15 -3 -15 -4 -14 -5 -14 -6 -14 -6 -13 -8 -15 -8 -13 -10 -15 -9 -12 -9 -12 -10 -11 -10 -11 -12 -11 -13 -11 -14 -10 -13 -9 -13 -9 0 0 0 0 0 0 0 0 0 0 ]
18,1782977784.138840,22.4601,-67,CSI_DATA,AP,98:F4:AB:29:67:94,-67,11,0,0,0,0,0,0,0,0,0,-96,0,6,1,28785200,0,37,0,0,29.1986,128,[37 80 2 0 0 0 0 0 0 0 0 0 -2 -31 -2 -29 -1 -32 1 -32 2 -30 3 -27 3 -28 3 -27 4 -28 5 -28 4 -28 5 -28 5 -28 4 -27 5 -26 4 -28 6 -25 5 -23 6 -22 5 -22 5 -20 4 -22 4 -19 4 -20 3 -21 4 -20 0 0 1 -19 1 -19 1 -19 0 -17 1 -15 -1 -15 -2 -14 -1 -15 -5 -11 -4 -12 -5 -14 -5 -13 -6 -12 -6 -12 -8 -13 -7 -14 -9 -12 -7 -11 -9 -10 -9 -10 -9 -10 -10 -9 -11 -9 -12 -8 -12 -7 -13 -9 0 0 0 0 0 0 0 0 0 0 ]
19,1782977784.170945,22.3684,-73,CSI_DATA,AP,98:F4:AB:29:67:94,-73,11,1,3,1,1,1,0,0,0,0,-96,0,6,1,28791989,0,84,0,0,29.2406,384,[84 -64 4 0 0 0 0 0 0 0 0 0 26 18 21 16 24 17 20 17 22 20 19 18 20 20 20 18 18 18 17 20 19 20 17 20 16 21 16 20 14 19 16 22 13 18 15 20 12 18 13 17 11 18 11 15 11 16 11 16 11 15 11 15 0 0 11 13 12 12 10 9 12 12 10 9 10 8 11 7 11 9 10 5 11 4 13 4 13 4 10 4 11 2 13 4 13 1 13 2 12 1 12 1 14 -2 11 -2 13 -3 13 -2 14 -4 14 -6 14 -5 0 0 0 0 0 0 0 0 0 0 ]
20,1782977784.207840,21.3881,-74,CSI_DATA,AP,98:F4:AB:29:67:94,-74,11,1,3,1,1,1,0,0,0,0,-96,0,6,1,28836629,0,84,0,0,29.2793,384,[84 -64 4 0 0 0 0 0 0 0 0 0 10 32 7 30 6 35 6 32 7 34 3 29 4 29 4 29 4 26 0 30 2 28 2 30 1 29 0 27 1 26 0 27 0 25 -1 22 3 21 0 20 0 17 4 18 3 18 -1 19 3 17 4 18 0 0 2 15 6 15 5 12 3 13 3 8 6 11 6 8 8 8 7 10 8 6 9 4 9 6 9 7 9 4 9 3 8 3 10 2 9 -1 11 3 9 -1 9 1 10 -2 11 -2 10 0 13 -3 9 -4 0 0 0 0 0 0 0 0 0 0 ]
21,1782977784.339987,19.8824,-73,CSI_DATA,AP,98:F4:AB:29:67:94,-73,11,1,3,1,1,1,1,0,0,0,-96,1,6,1,29025174,0,84,0,0,29.4064,384,[84 -64 4 0 0 0 0 0 0 0 0 0 -24 -15 -21 -16 -22 -17 -21 -17 -21 -19 -20 -18 -19 -17 -18 -19 -17 -21 -17 -21 -18 -18 -20 -17 -18 -21 -19 -20 -17 -18 -16 -20 -15 -17 -16 -18 -11 -15 -13 -16 -13 -15 -14 -16 -13 -15 -13 -14 -13 -15 -14 -13 0 0 -14 -13 -13 -13 -13 -11 -15 -10 -11 -10 -13 -9 -12 -9 -15 -8 -15 -8 -15 -8 -17 -7 -13 -7 -14 -6 -15 -7 -16 -7 -17 -5 -17 -6 -15 -3 -17 -4 -20 -4 -18 -5 -17 -3 -19 -2 -20 -2 -17 -2 -17 -3 0 0 0 0 0 0 0 0 0 0 ]
22,1782977784.614217,15.1014,-77,CSI_DATA,AP,98:F4:AB:29:67:94,-77,11,1,3,1,1,1,1,0,0,0,-96,1,6,1,29112648,0,84,0,0,29.4937,384,[84 -64 4 0 0 0 0 0 0 0 0 0 28 -17 27 -17 31 -15 27 -11 27 -14 24 -11 26 -9 25 -11 25 -9 27 -12 27 -11 26 -9 25 -7 24 -10 23 -9 24 -8 20 -7 19 -7 19 -4 18 -6 15 -5 12 -7 15 -6 16 -5 12 -6 10 -7 0 0 10 -7 7 -7 8 -7 6 -8 6 -6 4 -8 5 -9 4 -11 1 -9 1 -14 2 -11 1 -11 0 -12 1 -12 -2 -13 -2 -11 -1 -11 -1 -11 -2 -12 -6 -10 -6 -10 -7 -11 -7 -12 -8 -11 -7 -12 -7 -13 0 0 0 0 0 0 0 0 0 0 ]
23,1782977784.839207,17.5836,-74,CSI_DATA,AP,98:F4:AB:29:67:94,-74,11,1,3,1,1,1,1,0,0,0,-96,1,6,1,29204681,0,84,0,0,29.5858,384,[84 -64 4 0 0 0 0 0 0 0 0 0 -20 27 -18 21 -22 25 -19 21 -20 21 -22 20 -21 20 -21 19 -22 18 -26 18 -22 19 -22 17 -24 15 -24 17 -23 14 -27 16 -21 12 -23 12 -19 9 -19 9 -19 9 -20 9 -18 11 -17 11 -19 10 -15 8 0 0 -16 8 -18 10 -13 9 -14 11 -10 8 -11 7 -13 11 -10 11 -11 11 -10 10 -10 14 -9 12 -7 14 -8 12 -9 11 -6 14 -8 12 -6 14 -5 16 -4 13 -5 14 -3 15 -5 15 -3 17 -4 19 -1 16 0 0 0 0 0 0 0 0 0 0 ]
24,1782977785.061098,15.6385,-79,CSI_DATA,AP,98:F4:AB:29:67:94,-79,11,1,3,1,1,1,1,0,0,0,-96,1,6,1,29295449,0,84,0,0,29.6765,384,[84 -64 4 0 0 0 0 0 0 0 0 0 -22 0 -27 -8 -28 -5 -25 -7 -30 -6 -21 -7 -25 -6 -21 -6 -24 -6 -22 -7 -22 -3 -27 -3 -23 -6 -21 -8 -23 -8 -26 -8 -21 -6 -21 -7 -16 -7 -17 -5 -16 -5 -18 -6 -15 -3 -15 -4 -16 -2 -19 -2 0 0 -18 -2 -16 -2 -16 -1 -13 0 -15 -1 -14 1 -13 0 -13 2 -12 5 -17 7 -15 3 -11 6 -16 7 -12 5 -13 8 -13 9 -10 7 -10 10 -10 9 -10 9 -11 7 -11 11 -8 12 -9 13 -10 14 -12 12 0 0 0 0 0 0 0 0 0 0 ]
25,1782977785.276523,16.2908,-79,CSI_DATA,AP,98:F4:AB:29:67:94,-79,11,1,3,1,1,1,1,0,0,0,-96,1,6,1,29380852,0,84,0,0,29.762,384,[84 -64 4 0 0 0 0 0 0 0 0 0 -1 28 -3 27 -7 27 -5 25 -4 24 -11 21 -7 21 -5 22 -8 25 -9 21 -6 20 -6 20 -8 20 -8 23 -5 22 -11 21 -10 19 -10 22 -10 16 -12 15 -7 17 -6 14 -11 15 -5 17 -8 17 -5 17 0 0 -6 13 -2 18 -3 13 -6 13 -4 12 -1 10 0 12 -1 12 4 12 2 9 3 11 4 13 4 13 3 9 5 12 7 11 5 11 4 13 5 8 9 10 8 9 7 9 9 9 10 10 11 10 10 9 0 0 0 0 0 0 0 0 0 0 ]
26,1782977785.494633,18.6067,-78,CSI_DATA,AP,98:F4:AB:29:67:94,-78,11,1,3,1,1,1,1,0,0,0,-96,1,6,1,29469120,0,84,0,0,29.8502,384,[84 -64 4 0 0 0 0 0 0 0 0 0 -28 -11 -27 -6 -27 -9 -27 -10 -24 -12 -26 -11 -24 -12 -22 -13 -21 -12 -21 -13 -21 -14 -23 -13 -21 -15 -19 -14 -15 -14 -19 -19 -15 -9 -20 -11 -14 -12 -17 -12 -15 -9 -15 -9 -11 -9 -16 -8 -17 -8 -14 -10 0 0 -12 -2 -15 -5 -14 -6 -16 -5 -13 -2 -13 -2 -14 -1 -13 -2 -15 3 -15 3 -14 2 -17 3 -15 1 -12 5 -14 4 -15 4 -17 5 -15 6 -16 5 -18 5 -18 4 -18 8 -19 7 -20 8 -17 9 -19 8 0 0 0 0 0 0 0 0 0 0 ]
27,1782977785.710839,17.7974,-78,CSI_DATA,AP,98:F4:AB:29:67:94,-78,11,1,2,1,1,1,0,0,0,0,-96,0,6,1,29515594,0,82,0,0,29.8967,384,[82 -96 4 0 0 0 0 0 0 0 0 0 -34 -5 -31 -10 -38 -8 -32 -10 -34 -12 -29 -9 -29 -11 -29 -12 -28 -11 -28 -12 -28 -11 -28 -10 -23 -10 -24 -13 -24 -10 -26 -11 -22 -12 -21 -7 -18 -9 -16 -7 -18 -11 -17 -7 -15 -7 -17 -4 -15 -4 -14 -2 0 0 -18 -3 -14 0 -13 0 -11 2 -10 -1 -9 1 -10 2 -9 2 -12 6 -10 7 -9 6 -7 9 -10 8 -8 8 -8 8 -4 9 -8 10 -7 9 -4 11 -4 12 -6 12 -4 13 -5 14 -3 14 -4 17 -5 15 0 0 0 0 0 0 0 0 0 0 ]
28,1782977785.930850,16.7287,-77,CSI_DATA,AP,98:F4:AB:29:67:94,-77,11,1,3,1,1,1,1,0,0,0,-96,1,6,1,29559466,0,84,0,0,29.9405,384,[84 -64 4 0 0 0 0 0 0 0 0 0 -39 1 -35 -1 -36 -3 -34 -3 -33 -2 -30 -6 -29 -5 -30 -5 -28 -6 -30 -6 -29 -7 -28 -8 -27 -7 -26 -5 -23 -7 -25 -4 -23 -7 -23 -6 -19 -5 -20 -5 -20 -4 -18 -4 -15 -3 -17 -3 -16 -2 -16 -1 0 0 -15 -1 -13 0 -12 1 -12 2 -11 2 -10 4 -9 4 -8 4 -10 7 -7 8 -8 7 -10 4 -6 7 -7 6 -7 10 -8 9 -7 8 -7 10 -5 10 -4 9 -4 10 -4 10 -4 12 -4 12 -3 11 0 13 0 0 0 0 0 0 0 0 0 0 ]
29,1782977786.143310,16.7043,-76,CSI_DATA,AP,98:F4:AB:29:67:94,-76,11,1,1,1,1,1,1,0,0,0,-96,1,6,1,29660393,0,84,0,0,30.0415,384,[84 -64 4 0 0 0 0 0 0 0 0 0 14 -29 15 -27 16 -28 17 -25 16 -27 15 -20 16 -23 18 -24 17 -26 20 -22 15 -22 18 -21 18 -20 17 -21 16 -17 13 -20 15 -17 13 -17 12 -16 11 -15 14 -16 10 -13 10 -16 8 -18 7 -16 8 -14 0 0 6 -12 5 -16 3 -16 4 -13 4 -13 4 -14 4 -14 0 -12 -1 -14 -2 -18 0 -17 -2 -13 1 -14 -1 -15 -1 -15 -1 -14 0 -14 -1 -13 -5 -13 -4 -12 -4 -13 -5 -15 -4 -13 -5 -13 -2 -12 -5 -13 0 0 0 0 0 0 0 0 0 0 ]
30,1782977786.361525,13.5196,-79,CSI_DATA,AP,98:F4:AB:29:67:94,-79,11,1,4,1,1,1,1,0,0,0,-96,1,6,1,29739403,0,84,0,0,30.1205,384,[84 -64 4 0 0 0 0 0 0 0 0 0 8 27 4 27 5 32 3 27 2 27 0 25 2 24 1 22 4 22 3 25 3 23 1 21 2 24 2 20 0 23 3 21 0 16 5 15 -3 14 0 14 2 15 3 11 5 13 4 11 6 10 5 11 0 0 8 11 10 9 8 9 10 12 7 7 7 6 9 8 9 6 11 8 14 5 11 4 12 5 13 4 10 5 14 5 12 4 11 4 12 6 11 4 11 7 11 4 12 4 11 6 15 1 10 4 11 5 0 0 0 0 0 0 0 0 0 0 ]
31,1782977786.578287,13.3179,-76,CSI_DATA,AP,98:F4:AB:29:67:94,-76,11,1,4,1,1,1,1,0,0,0,-96,1,6,1,29828393,0,84,0,0,30.2096,384,[84 -64 4 0 0 0 0 0 0 0 0 0 23 -19 19 -16 22 -16 20 -16 23 -14 19 -12 19 -14 21 -10 20 -12 19 -10 20 -12 19 -10 19 -10 18 -10 18 -9 18 -10 18 -8 17 -7 14 -8 15 -9 13 -9 13 -8 11 -11 13 -8 12 -8 11 -8 0 0 10 -9 10 -10 9 -10 8 -12 8 -10 9 -9 7 -8 8 -12 4 -12 8 -13 6 -14 6 -12 6 -13 5 -13 4 -14 4 -16 5 -16 5 -12 8 -16 5 -15 6 -13 6 -15 6 -17 4 -15 4 -16 6 -16 0 0 0 0 0 0 0 0 0 0 ]
32,1782977786.796465,14.8792,-74,CSI_DATA,AP,98:F4:AB:29:67:94,-74,11,1,4,1,1,1,1,0,0,0,-96,1,6,1,29918657,0,84,0,0,30.2998,384,[84 -64 4 0 0 0 0 0 0 0 0 0 4 -26 6 -30 7 -30 6 -28 9 -27 9 -22 12 -25 10 -23 10 -24 11 -26 10 -26 10 -22 12 -22 10 -23 11 -23 11 -21 12 -20 12 -20 11 -18 10 -18 9 -17 8 -17 7 -16 9 -18 8 -16 6 -18 0 0 7 -17 4 -18 5 -18 5 -18 4 -15 4 -16 2 -15 3 -14 1 -16 2 -15 0 -15 1 -17 -1 -19 -1 -19 0 -18 -1 -17 -2 -18 0 -16 -3 -17 -3 -17 -2 -18 -4 -18 -2 -17 -5 -19 -3 -18 -4 -18 0 0 0 0 0 0 0 0 0 0 ]
33,1782977787.012125,16.3552,-74,CSI_DATA,AP,98:F4:AB:29:67:94,-74,11,1,3,1,1,1,1,0,0,0,-96,1,6,1,30008477,0,84,0,0,30.3895,384,[84 -64 4 0 0 0 0 0 0 0 0 0 -25 0 -23 -2 -24 -2 -23 -5 -25 -3 -22 -4 -20 -5 -19 -7 -21 -5 -22 -4 -20 -6 -22 -5 -20 -4 -20 -7 -18 -6 -20 -6 -16 -4 -17 -4 -14 -3 -17 -3 -16 -3 -17 -4 -16 -4 -14 -2 -16 -2 -15 -2 0 0 -15 -1 -16 0 -15 -1 -16 1 -13 0 -15 0 -16 2 -16 2 -14 3 -17 4 -16 4 -17 3 -17 3 -15 3 -17 6 -16 4 -17 4 -15 5 -18 5 -16 6 -16 6 -18 7 -18 5 -19 6 -17 6 -18 6 0 0 0 0 0 0 0 0 0 0 ]
34,1782977787.226714,15.7591,-74,CSI_DATA,AP,98:F4:AB:29:67:94,-74,11,1,3,1,1,1,1,0,0,0,-96,1,6,1,30096166,0,84,0,0,30.4773,384,[84 -64 4 0 0 0 0 0 0 0 0 0 -5 24 -8 26 -7 24 -7 22 -8 25 -10 21 -10 21 -9 20 -9 22 -10 20 -10 21 -11 21 -10 21 -9 21 -10 18 -10 19 -9 19 -10 17 -8 16 -8 15 -8 14 -7 14 -5 14 -5 16 -6 14 -5 16 0 0 -4 15 -4 15 -4 15 -3 14 -2 12 -2 14 0 13 -1 14 -2 14 0 17 3 16 3 16 2 15 2 17 2 16 3 16 2 17 2 15 2 15 2 15 3 18 4 17 2 18 4 15 5 15 5 16 0 0 0 0 0 0 0 0 0 0 ]
35,1782977787.449155,12.0209,-78,CSI_DATA,AP,98:F4:AB:29:67:94,-78,11,1,2,1,1,1,1,0,0,0,-96,1,6,1,30187110,0,84,0,0,30.5682,384,[84 -64 4 0 0 0 0 0 0 0 0 0 -2 15 -1 14 -4 18 -2 13 -4 15 -3 13 -4 13 -4 12 -6 14 -5 13 -4 11 -5 11 -4 12 -4 11 -4 10 -5 11 -5 9 -2 9 -2 8 -4 9 -5 7 -3 7 -3 6 -2 9 -2 8 -2 8 0 0 0 8 1 7 -1 7 1 7 -1 6 0 6 0 6 2 6 3 6 4 6 3 5 2 7 3 7 3 7 4 7 3 8 4 9 4 6 2 6 5 7 2 9 4 9 3 10 6 8 4 9 5 9 0 0 0 0 0 0 0 0 0 0 ]
36,1782977787.668109,11.1635,-75,CSI_DATA,AP,98:F4:AB:29:67:94,-75,11,1,3,1,1,1,1,0,0,0,-96,1,6,1,30275348,0,84,0,0,30.6565,384,[84 -64 4 0 0 0 0 0 0 0 0 0 21 -11 21 -9 22 -7 20 -6 21 -6 19 -5 20 -4 20 -4 15 -4 16 -5 16 -4 16 -6 16 -4 14 -5 16 -5 15 -3 13 -4 13 -3 12 -5 12 -5 11 -5 12 -4 10 -4 11 -6 10 -6 9 -7 0 0 9 -6 9 -6 10 -5 6 -6 6 -4 6 -6 5 -6 4 -7 6 -5 3 -8 3 -6 3 -5 3 -6 4 -7 2 -7 2 -8 3 -7 2 -6 3 -5 2 -4 3 -5 2 -4 2 -5 1 -5 1 -4 0 -5 0 0 0 0 0 0 0 0 0 0 ]
37,1782977787.891611,10.9822,-74,CSI_DATA,AP,98:F4:AB:29:67:94,-74,11,1,3,1,1,1,1,0,0,0,-96,1,6,1,30366543,0,84,0,0,30.7477,384,[84 -64 4 0 0 0 0 0 0 0 0 0 22 -14 20 -13 23 -12 21 -12 21 -11 20 -10 20 -10 19 -9 20 -7 19 -8 19 -8 17 -6 17 -6 19 -7 17 -6 17 -6 14 -6 13 -6 13 -4 13 -5 12 -5 13 -5 11 -5 12 -5 11 -6 9 -6 0 0 9 -6 8 -8 7 -8 7 -6 5 -5 5 -6 6 -6 5 -8 4 -8 4 -8 4 -8 3 -7 4 -8 4 -8 3 -7 1 -8 2 -7 0 -7 1 -7 0 -7 0 -7 -1 -7 -1 -6 0 -7 -1 -7 -2 -8 0 0 0 0 0 0 0 0 0 0 ]
38,1782977788.111921,12.8717,-75,CSI_DATA,AP,98:F4:AB:29:67:94,-75,11,1,3,1,1,1,1,0,0,0,-96,1,6,1,30457278,0,84,0,0,30.8384,384,[84 -64 4 0 0 0 0 0 0 0 0 0 -17 -13 -16 -12 -16 -15 -14 -14 -15 -14 -13 -13 -13 -16 -13 -16 -14 -14 -13 -17 -12 -16 -11 -18 -11 -16 -10 -17 -9 -14 -9 -16 -9 -15 -10 -13 -7 -14 -9 -13 -10 -12 -8 -10 -8 -13 -9 -12 -9 -12 -10 -11 0 0 -8 -12 -9 -11 -9 -11 -9 -9 -7 -9 -9 -9 -10 -6 -9 -9 -10 -8 -11 -7 -9 -7 -9 -8 -9 -8 -9 -7 -10 -8 -8 -7 -8 -8 -9 -6 -8 -6 -8 -5 -9 -4 -10 -4 -8 -5 -9 -4 -9 -4 -9 -5 0 0 0 0 0 0 0 0 0 0 ]
39,1782977788.330903,16.2145,-74,CSI_DATA,AP,98:F4:AB:29:67:94,-74,11,0,0,0,0,0,0,0,0,0,-96,0,6,1,30537291,0,82,0,0,30.9186,128,[82 -96 4 0 0 0 0 0 0 0 0 0 12 -41 13 -40 12 -39 10 -39 13 -35 11 -34 14 -34 13 -33 13 -34 13 -31 11 -32 9 -34 9 -30 10 -31 9 -29 9 -31 9 -27 9 -24 8 -23 8 -23 7 -21 5 -19 5 -18 3 -19 4 -18 3 -18 0 0 1 -17 1 -16 -1 -16 1 -16 1 -13 2 -10 1 -9 1 -9 1 -6 0 -7 -2 -6 -1 -3 -3 -5 -2 -4 0 -5 -2 -6 -1 -4 0 -3 3 -3 -1 -2 1 0 2 1 1 3 2 4 0 2 0 3 0 0 0 0 0 0 0 0 0 0 ]
40,1782977788.549893,12.6364,-78,CSI_DATA,AP,98:F4:AB:29:67:94,-78,11,1,1,1,1,1,1,0,0,0,-96,1,6,1,30551652,0,84,0,0,30.9494,384,[84 -64 4 0 0 0 0 0 0 0 0 0 -12 11 -10 12 -12 11 -12 12 -12 11 -11 9 -12 10 -13 9 -11 10 -12 10 -11 9 -13 8 -10 10 -10 10 -10 8 -11 9 -9 9 -9 8 -8 7 -9 7 -10 7 -8 6 -7 5 -6 7 -7 6 -6 5 0 0 -6 5 -6 6 -3 5 -5 5 -5 4 -4 3 -4 4 -3 5 -3 1 0 2 -3 2 -3 2 -2 3 -3 3 -2 3 -2 2 -3 2 -1 1 -2 1 -2 1 -2 2 -3 0 -2 1 -2 0 -1 1 -2 1 0 0 0 0 0 0 0 0 0 0 ]
41,1782977788.772156,8.1143,-82,CSI_DATA,AP,98:F4:AB:29:67:94,-82,11,0,0,0,0,0,0,0,0,0,-96,0,6,1,30655552,0,84,0,0,31.0368,128,[84 -64 4 0 0 0 0 0 0 0 0 0 13 19 14 23 10 27 8 22 10 24 7 22 5 18 5 20 5 22 3 25 3 18 2 23 0 19 1 17 1 13 2 15 -6 8 -5 6 -3 3 0 5 2 3 5 7 2 0 3 5 0 -4 0 0 0 0 1 -7 1 -8 0 -10 3 -14 -1 -10 4 -13 1 -15 9 -14 2 -19 2 -18 3 -12 -1 -13 2 -16 -4 -17 -2 -20 -5 -22 -7 -25 -7 -21 -4 -22 -6 -20 -7 -27 -7 -23 -6 -26 -9 -27 -10 -23 -13 -22 0 0 0 0 0 0 0 0 0 0 ]
42,1782977788.992300,16.9679,-73,CSI_DATA,AP,98:F4:AB:29:67:94,-73,11,0,0,0,0,0,0,0,0,0,-96,0,6,1,30740579,0,84,0,0,31.1219,128,[84 -64 4 0 0 0 0 0 0 0 0 0 -6 -22 -3 -20 -2 -19 -5 -18 -2 -20 -2 -15 -1 -17 0 -18 0 -19 1 -18 1 -18 -1 -17 0 -18 -2 -18 0 -15 -2 -18 -3 -15 -3 -16 -5 -17 -4 -17 -1 -21 -3 -21 -3 -20 -4 -21 -4 -24 -1 -24 0 0 -2 -21 -2 -24 -3 -23 -7 -24 -4 -23 -1 -26 -2 -25 1 -24 -4 -26 1 -24 -1 -23 -1 -23 -2 -24 1 -22 -3 -24 -5 -24 -4 -25 -3 -22 -3 -25 -3 -26 -1 -26 -5 -26 -3 -27 -6 -26 -5 -23 -6 -24 0 0 0 0 0 0 0 0 0 0 ]
43,1782977789.213901,17.1997,-72,CSI_DATA,AP,98:F4:AB:29:67:94,-72,11,0,0,0,0,0,0,0,0,0,-96,0,6,1,30832613,0,84,0,0,31.2139,128,[84 -64 4 0 0 0 0 0 0 0 0 0 -4 24 -3 23 -6 25 -7 22 -9 21 -6 19 -9 18 -10 18 -10 20 -9 17 -7 19 -7 18 -8 17 -7 15 -8 13 -6 16 -5 13 -3 10 -1 12 -2 13 -2 12 2 13 3 13 4 14 4 15 2 17 0 0 5 17 7 17 6 17 8 16 7 15 8 19 9 20 7 21 11 23 7 22 10 23 10 21 11 21 7 24 9 24 10 23 10 23 8 20 9 22 10 22 10 23 9 22 10 24 11 23 11 22 10 22 0 0 0 0 0 0 0 0 0 0 ]
44,1782977789.434181,13.1908,-75,CSI_DATA,AP,98:F4:AB:29:67:94,-75,11,1,4,1,1,1,0,0,0,0,-96,0,6,1,30908531,0,84,0,0,31.2896,384,[84 -64 4 0 0 0 0 0 0 0 0 0 -8 6 -7 5 -9 6 -9 7 -9 6 -8 3 -10 4 -9 4 -11 3 -9 3 -10 3 -10 2 -10 2 -10 1 -8 1 -9 1 -8 2 -9 3 -8 2 -9 1 -8 3 -7 3 -9 1 -9 2 -9 2 -8 4 0 0 -8 1 -7 3 -9 4 -8 3 -9 4 -9 3 -10 5 -10 4 -9 4 -10 6 -10 5 -10 4 -10 5 -10 4 -10 5 -9 6 -11 6 -10 6 -11 5 -12 6 -11 6 -12 6 -13 5 -12 7 -12 5 -11 5 0 0 0 0 0 0 0 0 0 0 ]
45,1782977789.657220,11.8009,-80,CSI_DATA,AP,98:F4:AB:29:67:94,-80,11,0,0,0,0,0,0,0,0,0,-96,0,6,1,31006323,0,84,0,0,31.3876,128,[84 -64 4 0 0 0 0 0 0 0 0 0 5 -15 6 -11 9 -13 9 -12 5 -7 2 -5 7 -8 6 -9 8 -9 7 -7 5 -7 7 -5 6 -5 4 -6 8 -7 10 -2 10 -8 10 -3 9 1 10 -2 9 3 13 -1 14 5 13 5 11 6 11 6 0 0 13 7 16 9 16 6 21 11 15 10 18 11 19 15 20 14 20 16 23 19 22 16 17 14 20 14 18 10 27 9 21 8 26 14 21 11 23 9 29 12 26 9 29 9 29 14 27 6 26 7 21 3 0 0 0 0 0 0 0 0 0 0 ]
46,1782977789.879677,7.6493,-77,CSI_DATA,AP,98:F4:AB:29:67:94,-77,11,0,0,0,0,0,0,0,0,0,-96,0,6,1,31093323,0,84,0,0,31.4746,128,[84 -64 4 0 0 0 0 0 0 0 0 0 -31 -26 -26 -21 -29 -26 -26 -23 -22 -26 -21 -25 -18 -24 -18 -22 -18 -23 -17 -23 -16 -21 -18 -20 -15 -21 -14 -18 -12 -18 -13 -21 -11 -13 -8 -10 -4 -13 -2 -9 -4 -4 -4 -3 -5 -1 -4 -1 -5 0 -6 1 0 0 -6 3 -5 6 -2 7 -1 10 -2 10 -2 13 -1 15 -3 17 -2 18 -1 15 -2 16 -2 17 0 19 1 19 4 19 5 17 6 22 5 20 6 24 8 19 7 22 11 22 9 23 11 22 9 18 9 20 0 0 0 0 0 0 0 0 0 0 ]
47,1782977790.102877,10.7767,-71,CSI_DATA,AP,98:F4:AB:29:67:94,-71,11,1,4,1,1,1,0,0,0,0,-96,0,6,1,31175283,0,84,0,0,31.5564,384,[84 -64 4 0 0 0 0 0 0 0 0 0 -10 20 -10 16 -12 18 -11 17 -12 18 -12 16 -12 17 -12 15 -12 16 -15 14 -14 14 -14 13 -14 13 -12 13 -11 11 -14 13 -10 12 -12 13 -9 11 -9 12 -9 12 -9 13 -11 12 -10 12 -9 12 -9 11 0 0 -7 12 -9 13 -6 13 -5 13 -6 12 -6 14 -5 14 -5 15 -5 16 -8 16 -5 16 -7 15 -6 14 -5 15 -4 16 -2 14 -3 17 -3 15 -3 16 -2 17 -2 16 -2 15 -3 16 -3 16 -4 15 -2 15 0 0 0 0 0 0 0 0 0 0 ]
48,1782977790.325576,15.7694,-72,CSI_DATA,AP,98:F4:AB:29:67:94,-72,11,1,4,1,1,1,0,0,0,0,-96,0,6,1,31267295,0,84,0,0,31.6486,384,[84 -64 4 0 0 0 0 0 0 0 0 0 -21 1 -20 0 -23 1 -22 0 -23 0 -20 -3 -21 -3 -21 -3 -21 -3 -20 -4 -21 -4 -21 -5 -20 -5 -20 -5 -18 -5 -21 -5 -18 -4 -18 -4 -17 -4 -18 -4 -17 -3 -18 -3 -17 -2 -18 -2 -19 -3 -18 -2 0 0 -19 -1 -18 -2 -17 0 -18 -1 -16 -1 -17 1 -17 0 -17 2 -18 1 -19 2 -19 2 -17 1 -19 2 -18 3 -20 4 -18 4 -20 4 -19 3 -20 4 -20 4 -20 3 -20 4 -22 3 -20 4 -19 3 -20 4 0 0 0 0 0 0 0 0 0 0 ]
49,1782977790.557632,17.1162,-69,CSI_DATA,AP,98:F4:AB:29:67:94,-69,11,1,2,1,1,1,0,0,0,0,-96,0,6,1,31359507,0,84,0,0,31.7407,384,[84 -64 4 0 0 0 0 0 0 0 0 0 9 27 9 29 8 31 7 29 5 29 3 27 2 28 0 27 1 27 0 27 1 26 0 25 0 25 -1 23 0 22 1 24 0 20 0 21 0 19 1 18 1 16 3 17 2 17 4 17 3 16 3 16 0 0 4 15 6 15 7 15 7 14 6 13 8 14 8 14 9 13 9 13 11 14 12 12 10 13 11 13 11 12 13 13 13 12 14 12 12 11 14 12 13 12 13 12 15 12 16 12 16 10 14 11 13 10 0 0 0 0 0 0 0 0 0 0 ]
50,1782977790.788355,17.0895,-69,CSI_DATA,AP,98:F4:AB:29:67:94,-69,11,1,4,1,1,1,0,0,0,0,-96,0,6,1,31450209,0,84,0,0,31.8313,384,[84 -64 4 0 0 0 0 0 0 0 0 0 21 15 21 15 20 17 19 17 19 18 15 18 17 19 16 19 16 20 13 20 16 20 15 21 15 20 14 18 13 18 13 19 11 17 11 17 11 16 12 15 11 16 11 16 11 16 11 13 11 13 12 15 0 0 12 14 13 13 13 14 13 12 13 10 14 11 13 10 14 10 13 10 17 9 17 9 15 8 16 8 16 7 18 8 18 7 17 8 17 7 18 7 17 6 18 7 18 7 19 5 18 6 18 6 18 6 0 0 0 0 0 0 0 0 0 0 ]
51,1782977791.013260,15.6344,-77,CSI_DATA,AP,98:F4:AB:29:67:94,-77,11,1,4,1,1,1,0,0,0,0,-96,0,6,1,31537102,0,84,0,0,31.9183,384,[84 -64 4 0 0 0 0 0 0 0 0 0 -6 28 -4 25 -8 25 -6 24 -9 22 -6 24 -8 20 -8 22 -10 22 -12 21 -11 20 -10 20 -11 15 -10 18 -9 18 -9 17 -10 13 -9 13 -9 13 -5 13 -8 11 -5 13 -6 10 -3 11 -5 12 -2 11 0 0 -2 10 1 13 0 11 1 12 2 10 5 9 5 12 5 10 6 9 8 9 3 11 7 9 6 9 8 8 8 10 9 7 11 11 10 9 12 9 13 12 12 9 12 11 15 11 13 8 13 12 12 12 0 0 0 0 0 0 0 0 0 0 ]
52,1782977791.239406,14.7305,-74,CSI_DATA,AP,98:F4:AB:29:67:94,-74,11,1,4,1,1,1,0,0,0,0,-96,0,6,1,31625242,0,84,0,0,32.0064,384,[84 -64 4 0 0 0 0 0 0 0 0 0 1 15 0 14 -1 16 -1 14 -2 14 -3 12 -3 13 -3 14 -1 14 -4 11 -2 13 -3 13 -3 12 -3 12 -3 10 -1 12 -1 9 -2 10 0 8 0 10 0 9 1 10 0 9 0 10 1 10 2 10 0 0 3 10 3 11 2 10 3 10 3 9 4 10 5 11 5 11 3 12 6 14 6 11 6 12 6 13 5 12 7 12 6 12 7 14 6 12 6 13 7 13 6 13 8 14 7 14 7 13 5 14 5 14 0 0 0 0 0 0 0 0 0 0 ]
53,1782977791.463464,13.1148,-71,CSI_DATA,AP,98:F4:AB:29:67:94,-71,11,1,4,1,1,1,0,0,0,0,-96,0,6,1,31715063,0,84,0,0,32.0963,384,[84 -64 4 0 0 0 0 0 0 0 0 0 5 16 6 16 6 17 6 17 5 17 3 17 3 18 2 17 3 17 1 17 3 17 0 18 2 16 0 19 1 16 0 17 -1 17 0 15 1 14 -1 15 -1 14 -1 15 1 14 0 14 1 14 1 15 0 0 1 14 3 13 3 13 4 13 3 12 5 13 4 14 6 14 6 15 7 15 8 15 6 14 8 14 7 14 7 15 6 14 8 16 7 15 9 15 8 15 9 17 8 16 9 16 10 18 9 16 9 19 0 0 0 0 0 0 0 0 0 0 ]
54,1782977791.690203,11.0418,-75,CSI_DATA,AP,98:F4:AB:29:67:94,-75,11,1,4,1,1,1,0,0,0,0,-96,0,6,1,31805664,0,84,0,0,32.1869,384,[84 -64 4 0 0 0 0 0 0 0 0 0 -5 -23 -4 -23 -2 -24 -1 -23 0 -22 0 -22 0 -23 2 -23 0 -22 1 -20 1 -19 1 -19 1 -20 2 -18 2 -18 1 -19 3 -14 1 -15 1 -14 0 -14 -1 -12 -1 -12 -2 -11 -3 -11 -2 -12 -3 -11 0 0 -5 -9 -6 -8 -5 -8 -5 -6 -7 -6 -7 -8 -7 -5 -8 -4 -9 -4 -11 -3 -8 -4 -8 -3 -10 -4 -9 -2 -10 -3 -10 -2 -10 0 -10 0 -10 -1 -9 1 -12 0 -12 2 -11 -1 -11 2 -12 1 -12 1 0 0 0 0 0 0 0 0 0 0 ]
55,1782977791.919012,10.4870,-76,CSI_DATA,AP,98:F4:AB:29:67:94,-76,11,1,4,1,1,1,0,0,0,0,-96,0,6,1,31899596,0,84,0,0,32.2807,384,[84 -64 4 0 0 0 0 0 0 0 0 0 -24 -4 -22 -6 -22 -6 -22 -7 -21 -8 -20 -8 -21 -7 -18 -8 -20 -7 -19 -7 -19 -8 -18 -9 -17 -9 -16 -8 -13 -8 -17 -8 -14 -6 -15 -6 -12 -6 -10 -6 -10 -4 -10 -5 -10 -4 -9 -4 -11 -5 -8 -3 0 0 -9 -2 -8 -1 -8 0 -7 0 -6 0 -6 2 -5 3 -6 4 -7 5 -5 6 -4 7 -5 7 -4 8 -4 7 -3 7 -5 7 -3 10 -2 9 -4 10 -3 10 -3 11 -3 11 -4 14 -4 12 -4 13 -2 13 0 0 0 0 0 0 0 0 0 0 ]
56,1782977792.146590,9.8977,-73,CSI_DATA,AP,98:F4:AB:29:67:94,-73,11,1,4,1,1,1,0,0,0,0,-96,0,6,1,31985242,0,84,0,0,32.3664,384,[84 -64 4 0 0 0 0 0 0 0 0 0 21 -16 20 -13 21 -13 22 -13 22 -12 21 -11 21 -10 21 -9 20 -8 20 -8 20 -8 18 -7 18 -6 17 -6 16 -7 16 -6 14 -6 13 -5 14 -7 13 -6 12 -6 10 -7 10 -7 9 -6 9 -8 9 -9 0 0 7 -9 6 -9 6 -8 4 -9 4 -9 4 -10 4 -11 3 -11 2 -13 2 -13 1 -13 1 -13 1 -12 1 -13 0 -14 -1 -14 -1 -17 0 -16 -1 -17 1 -17 0 -16 -2 -16 -1 -18 -2 -18 -2 -15 -2 -16 0 0 0 0 0 0 0 0 0 0 ]
57,1782977792.377286,13.0822,-73,CSI_DATA,AP,98:F4:AB:29:67:94,-73,11,1,4,1,1,1,0,0,0,0,-96,0,6,1,32074960,0,84,0,0,32.4561,384,[84 -64 4 0 0 0 0 0 0 0 0 0 10 -26 13 -24 13 -26 13 -25 15 -24 13 -22 14 -21 14 -20 14 -20 13 -20 14 -21 13 -19 13 -18 12 -18 12 -15 12 -16 12 -15 11 -15 9 -13 8 -14 7 -14 6 -14 6 -13 6 -13 6 -13 5 -13 0 0 3 -12 2 -11 3 -10 1 -11 0 -10 0 -11 -1 -11 -1 -10 -4 -10 -5 -11 -3 -9 -4 -8 -3 -10 -6 -9 -6 -9 -5 -8 -7 -9 -7 -8 -7 -8 -8 -8 -9 -8 -9 -8 -10 -7 -10 -6 -9 -7 -9 -8 0 0 0 0 0 0 0 0 0 0 ]
58,1782977792.608365,11.0516,-75,CSI_DATA,AP,98:F4:AB:29:67:94,-75,11,1,2,1,1,1,0,0,0,0,-96,0,6,1,32170899,0,84,0,0,32.5521,384,[84 -64 4 0 0 0 0 0 0 0 0 0 20 -13 18 -10 20 -12 19 -10 19 -11 18 -8 18 -7 18 -6 17 -8 18 -8 16 -7 17 -7 17 -7 16 -8 13 -6 15 -5 13 -5 13 -6 11 -5 10 -5 10 -6 9 -6 7 -5 7 -5 6 -5 5 -5 0 0 4 -5 3 -4 2 -5 3 -5 0 -4 0 -4 -1 -5 -2 -4 -4 -3 -4 -5 -4 -4 -3 -3 -5 -4 -6 -3 -6 -4 -6 -4 -7 -3 -7 -2 -7 -4 -9 -2 -10 -3 -9 -2 -10 -2 -11 -3 -9 -2 -9 -3 0 0 0 0 0 0 0 0 0 0 ]
59,1782977792.841030,12.5129,-75,CSI_DATA,AP,98:F4:AB:29:67:94,-75,11,1,4,1,1,1,0,0,0,0,-96,0,6,1,32269607,0,84,0,0,32.6507,384,[84 -64 4 0 0 0 0 0 0 0 0 0 -22 -8 -21 -10 -23 -10 -21 -11 -21 -13 -19 -10 -19 -12 -19 -13 -16 -12 -18 -13 -18 -11 -18 -13 -16 -12 -17 -12 -16 -12 -17 -13 -13 -11 -14 -9 -12 -11 -13 -8 -13 -8 -11 -8 -13 -7 -11 -8 -12 -7 -12 -6 0 0 -11 -5 -11 -3 -9 -4 -10 -3 -8 -2 -8 -2 -10 0 -9 1 -10 0 -11 0 -9 2 -11 1 -9 3 -9 1 -9 2 -10 4 -10 3 -9 5 -9 6 -8 6 -9 4 -8 5 -9 6 -9 7 -10 6 -9 6 0 0 0 0 0 0 0 0 0 0 ]
60,1782977793.068081,11.0852,-75,CSI_DATA,AP,98:F4:AB:29:67:94,-75,11,1,4,1,1,1,0,0,0,0,-96,0,6,1,32357702,0,84,0,0,32.7388,384,[84 -64 4 0 0 0 0 0 0 0 0 0 -20 -3 -17 -5 -19 -5 -18 -4 -18 -5 -16 -5 -16 -6 -17 -6 -16 -6 -16 -8 -16 -7 -17 -8 -14 -8 -14 -7 -11 -7 -16 -6 -13 -6 -12 -6 -12 -5 -11 -4 -10 -5 -10 -4 -10 -4 -10 -4 -9 -3 -9 -2 0 0 -10 -2 -9 0 -8 -1 -8 1 -7 0 -8 2 -6 2 -8 3 -8 2 -8 3 -8 5 -7 3 -7 5 -7 5 -7 5 -5 5 -7 7 -5 6 -6 7 -5 6 -6 7 -5 8 -7 8 -7 7 -6 6 -7 6 0 0 0 0 0 0 0 0 0 0 ]
61,1782977793.299657,11.8611,-72,CSI_DATA,AP,98:F4:AB:29:67:94,-72,11,0,0,0,0,0,0,0,0,0,-96,0,6,1,32451947,0,84,0,0,32.8332,128,[84 -64 4 0 0 0 0 0 0 0 0 0 22 30 19 27 24 31 19 28 22 29 17 25 17 28 12 29 15 27 14 27 13 28 12 27 11 27 11 26 9 22 11 24 9 20 10 18 8 14 7 15 6 14 8 13 6 10 7 12 9 10 7 8 0 0 6 7 7 7 6 3 6 3 5 1 4 -1 6 -1 7 -2 5 -4 4 -4 5 -4 6 -5 6 -6 6 -6 4 -6 4 -7 3 -9 3 -10 2 -8 4 -12 4 -11 1 -10 4 -12 0 -11 3 -8 3 -8 0 0 0 0 0 0 0 0 0 0 ]
62,1782977793.531604,11.2658,-75,CSI_DATA,AP,98:F4:AB:29:67:94,-75,11,1,4,1,1,1,0,0,0,0,-96,0,6,1,32526093,0,84,0,0,32.9072,384,[84 -64 4 0 0 0 0 0 0 0 0 0 5 25 3 23 4 24 2 23 1 23 1 21 1 22 1 20 1 22 -1 21 -1 20 -1 21 -2 20 -2 20 -2 18 -2 20 -1 15 -2 16 -1 14 -1 12 0 14 1 10 -1 12 0 13 1 11 2 10 0 0 1 9 1 9 1 8 4 7 3 7 4 5 3 7 6 6 6 4 7 4 6 4 6 5 7 4 7 3 7 3 7 3 8 3 7 2 8 2 8 1 8 2 9 2 8 2 9 3 7 3 8 3 0 0 0 0 0 0 0 0 0 0 ]
63,1782977793.766364,13.8132,-73,CSI_DATA,AP,98:F4:AB:29:67:94,-73,11,1,4,1,1,1,0,0,0,0,-96,0,6,1,32621109,0,84,0,0,33.0022,384,[84 -64 4 0 0 0 0 0 0 0 0 0 3 25 1 24 2 25 2 25 0 25 0 22 -1 22 -2 23 -2 23 -3 22 -2 23 -2 22 -3 21 -3 21 -2 20 -3 21 -4 20 -2 18 -2 15 -2 16 -4 17 0 14 -1 14 0 13 -1 15 -1 14 0 0 1 11 1 12 1 11 2 9 2 8 2 9 4 8 4 7 5 8 5 8 5 6 5 7 6 7 7 7 6 5 5 4 6 6 7 5 8 4 8 3 7 3 8 3 10 4 9 2 7 4 9 4 0 0 0 0 0 0 0 0 0 0 ]
64,1782977793.997241,12.9997,-74,CSI_DATA,AP,98:F4:AB:29:67:94,-74,11,1,4,1,1,1,0,0,0,0,-96,0,6,1,32709224,0,84,0,0,33.0904,384,[84 -64 4 0 0 0 0 0 0 0 0 0 16 20 15 18 16 21 14 20 13 19 11 18 13 19 11 20 11 20 10 20 9 18 8 18 8 18 8 19 7 16 7 18 8 14 6 14 6 13 7 11 6 11 6 11 6 10 7 10 6 10 7 9 0 0 7 8 8 7 7 8 9 5 7 5 8 5 8 3 8 1 9 2 10 3 10 2 9 4 10 3 9 1 10 1 10 0 10 0 10 0 10 0 11 -2 11 -1 12 -2 12 -1 11 -1 11 -2 11 -1 0 0 0 0 0 0 0 0 0 0 ]
65,1782977794.225823,12.7086,-76,CSI_DATA,AP,98:F4:AB:29:67:94,-76,11,1,4,1,1,1,0,0,0,0,-96,0,6,1,32795786,0,84,0,0,33.177,384,[84 -64 4 0 0 0 0 0 0 0 0 0 3 -27 3 -26 4 -25 3 -25 6 -24 4 -21 4 -22 6 -20 5 -19 6 -17 5 -19 5 -18 6 -17 6 -17 5 -16 5 -16 4 -13 4 -12 3 -12 4 -12 3 -12 3 -13 2 -13 2 -12 0 -12 -1 -13 0 0 0 -12 -1 -11 -1 -11 0 -10 -2 -10 -2 -10 -2 -9 -4 -10 -6 -10 -3 -9 -5 -9 -3 -9 -3 -9 -6 -9 -6 -8 -5 -9 -6 -9 -6 -9 -5 -8 -6 -8 -7 -10 -6 -9 -6 -9 -6 -8 -7 -9 -7 -9 0 0 0 0 0 0 0 0 0 0 ]
66,1782977794.458761,13.3740,-76,CSI_DATA,AP,98:F4:AB:29:67:94,-76,11,1,4,1,1,1,0,0,0,0,-96,0,6,1,32887676,0,84,0,0,33.2688,384,[84 -64 4 0 0 0 0 0 0 0 0 0 -17 -22 -14 -23 -15 -21 -14 -23 -13 -23 -12 -20 -12 -20 -10 -20 -12 -21 -9 -20 -10 -20 -9 -19 -9 -17 -8 -18 -10 -16 -7 -15 -8 -15 -8 -15 -8 -13 -9 -14 -9 -12 -8 -14 -7 -11 -9 -10 -8 -11 -8 -9 0 0 -9 -9 -7 -7 -7 -7 -8 -7 -8 -7 -7 -5 -7 -5 -8 -5 -7 -3 -10 -1 -5 -3 -8 -1 -6 -2 -7 -1 -6 0 -7 1 -6 0 -6 0 -7 1 -4 2 -5 3 -6 4 -8 4 -5 5 -7 4 -6 5 0 0 0 0 0 0 0 0 0 0 ]
67,1782977794.694301,11.9050,-77,CSI_DATA,AP,98:F4:AB:29:67:94,-77,11,1,4,1,1,1,0,0,0,0,-96,0,6,1,32975004,0,84,0,0,33.356,384,[84 -64 4 0 0 0 0 0 0 0 0 0 24 -9 23 -6 25 -6 22 -7 22 -5 20 -3 24 -5 21 -3 21 -3 21 -2 20 -5 20 -4 19 -3 19 -1 18 -2 18 -3 16 -3 16 -3 14 -3 14 -2 14 -2 11 -2 11 -4 10 -4 10 -3 9 -4 0 0 8 -4 8 -5 7 -5 6 -4 5 -3 4 -5 4 -5 3 -5 1 -6 1 -6 0 -6 0 -7 0 -7 1 -6 -1 -6 -1 -6 -2 -7 -2 -6 -3 -8 -5 -5 -5 -8 -5 -7 -6 -7 -6 -6 -6 -8 -7 -9 0 0 0 0 0 0 0 0 0 0 ]
68,1782977794.928016,12.2927,-76,CSI_DATA,AP,98:F4:AB:29:67:94,-76,11,1,4,1,1,1,0,0,0,0,-96,0,6,1,33067587,0,84,0,0,33.4488,384,[84 -64 4 0 0 0 0 0 0 0 0 0 0 29 1 27 -2 31 -1 27 -4 26 -4 23 -5 24 -3 24 -4 23 -6 22 -2 22 -1 23 -4 19 -1 19 -2 19 -3 21 -1 16 0 18 -3 17 0 18 -1 17 0 15 -1 13 2 15 1 14 1 15 0 0 3 13 6 14 1 13 3 13 4 11 3 12 5 11 3 12 4 10 6 11 6 11 7 11 7 12 7 12 9 11 9 13 6 12 7 9 8 10 7 10 8 12 7 8 9 11 10 7 8 11 8 10 0 0 0 0 0 0 0 0 0 0 ]
69,1782977795.164465,14.3791,-75,CSI_DATA,AP,98:F4:AB:29:67:94,-75,11,1,2,1,1,1,0,0,0,0,-96,0,6,1,33162340,0,84,0,0,33.5435,384,[84 -64 4 0 0 0 0 0 0 0 0 0 10 -32 11 -30 10 -30 10 -28 13 -29 12 -25 12 -25 13 -24 13 -23 12 -19 9 -21 9 -21 10 -22 8 -22 7 -22 9 -21 9 -19 11 -19 12 -15 7 -16 7 -14 6 -14 5 -15 6 -13 3 -15 5 -14 0 0 3 -15 3 -14 3 -14 4 -11 2 -12 1 -12 0 -9 -3 -11 0 -11 -4 -13 -5 -10 -6 -12 -6 -12 -7 -11 -5 -10 -7 -10 -7 -10 -8 -11 -9 -9 -8 -11 -10 -9 -9 -11 -9 -10 -11 -11 -10 -10 -11 -9 0 0 0 0 0 0 0 0 0 0 ]
70,1782977795.403666,14.8206,-70,CSI_DATA,AP,98:F4:AB:29:67:94,-70,11,0,0,0,0,0,0,0,0,0,-96,0,6,1,33250625,0,84,0,0,33.6319,128,[84 -64 4 0 0 0 0 0 0 0 0 0 1 41 2 40 0 42 -1 40 0 40 -1 35 -1 35 -2 33 0 36 -3 33 -1 33 1 32 0 31 -1 30 -1 28 0 30 0 27 0 25 -2 22 -2 20 0 19 0 18 1 15 1 14 2 15 1 12 0 0 3 11 0 11 2 9 1 8 0 6 2 6 1 4 1 3 1 3 2 2 2 1 1 -1 2 0 1 0 0 -1 0 -1 0 -2 -1 -2 -2 -2 -2 -4 -4 -4 -2 -3 -4 -1 -4 -3 -1 -1 -2 -3 0 0 0 0 0 0 0 0 0 0 ]
71,1782977795.637943,14.8733,-78,CSI_DATA,AP,98:F4:AB:29:67:94,-78,11,1,4,1,1,1,0,0,0,0,-96,0,6,1,33337268,0,84,0,0,33.7185,384,[84 -64 4 0 0 0 0 0 0 0 0 0 16 19 15 17 16 18 16 16 15 17 13 16 13 15 11 16 12 14 12 14 10 14 9 13 11 10 9 10 8 7 10 8 9 8 8 7 8 8 7 8 6 9 7 6 5 5 4 5 4 5 3 4 0 0 3 4 4 6 3 3 2 4 2 5 2 6 1 5 0 5 0 6 -2 6 0 6 0 5 0 6 1 5 1 5 2 5 3 7 0 7 1 7 2 6 2 9 4 8 4 8 4 8 5 8 4 7 0 0 0 0 0 0 0 0 0 0 ]
72,1782977795.871189,11.7543,-79,CSI_DATA,AP,98:F4:AB:29:67:94,-79,11,1,4,1,1,1,0,0,0,0,-96,0,6,1,33434245,0,84,0,0,33.8154,384,[84 -64 4 0 0 0 0 0 0 0 0 0 -20 -7 -18 -7 -21 -9 -19 -7 -19 -8 -17 -8 -18 -7 -17 -7 -15 -7 -17 -6 -15 -6 -13 -7 -14 -6 -14 -5 -14 -5 -14 -6 -12 -4 -12 -6 -12 -3 -9 -4 -9 -4 -9 -4 -8 -3 -7 -3 -9 -2 -6 -1 0 0 -4 -2 -6 -2 -4 -1 -4 -1 -4 -2 -4 -4 -3 -2 -4 -2 0 -2 0 -2 0 -1 -1 -3 0 -2 0 -3 1 -4 0 -3 1 -4 1 -5 1 -4 1 -4 2 -5 4 -5 2 -6 1 -5 2 -6 2 -6 0 0 0 0 0 0 0 0 0 0 ]
73,1782977796.105389,8.3765,-80,CSI_DATA,AP,98:F4:AB:29:67:94,-80,11,1,4,1,1,1,0,0,0,0,-96,0,6,1,33518515,0,84,0,0,33.8997,384,[84 -64 4 0 0 0 0 0 0 0 0 0 16 -20 16 -17 15 -19 16 -19 14 -17 16 -16 14 -16 12 -14 12 -15 12 -14 12 -16 9 -11 9 -14 9 -14 9 -12 7 -14 9 -11 6 -10 7 -8 8 -9 6 -7 5 -7 4 -5 6 -6 2 -6 5 -6 0 0 2 -5 2 -2 4 -3 4 -3 2 -3 5 1 1 2 3 2 4 4 3 1 1 3 3 4 3 3 4 3 4 5 5 5 5 4 5 4 8 6 6 3 6 5 7 6 9 4 5 7 6 5 8 5 0 0 0 0 0 0 0 0 0 0 ]
74,1782977796.334872,12.2158,-71,CSI_DATA,AP,98:F4:AB:29:67:94,-71,11,0,0,0,0,0,0,0,0,0,-96,0,6,1,33615022,0,84,0,0,33.9964,128,[84 -64 4 0 0 0 0 0 0 0 0 0 -24 29 -24 28 -26 31 -26 27 -26 28 -24 24 -25 23 -24 22 -24 22 -22 21 -22 23 -22 25 -21 22 -20 22 -18 20 -22 25 -18 20 -19 17 -15 16 -16 15 -15 16 -14 15 -12 13 -13 13 -11 14 -10 15 0 0 -10 14 -10 14 -9 13 -8 11 -6 10 -6 8 -6 7 -3 7 -4 7 -3 5 -1 5 1 4 -1 5 0 5 1 4 0 3 1 2 1 0 1 -1 1 0 2 -2 4 -3 4 -3 4 -2 4 -4 6 -5 0 0 0 0 0 0 0 0 0 0 ]
75,1782977796.567122,8.3473,-78,CSI_DATA,AP,98:F4:AB:29:67:94,-78,11,1,4,1,1,1,0,0,0,0,-96,0,6,1,33703615,0,84,0,0,34.0848,384,[84 -64 4 0 0 0 0 0 0 0 0 0 -10 14 -9 13 -9 15 -9 13 -8 13 -7 12 -8 12 -8 12 -7 11 -8 9 -5 10 -6 11 -6 9 -5 9 -5 9 -6 10 -4 9 -5 9 -6 7 -6 8 -4 8 -5 6 -5 5 -4 4 -4 4 -4 6 0 0 -3 4 -4 4 -4 5 -4 4 -4 3 -6 2 -4 3 -5 1 -5 2 -5 2 -6 1 -5 1 -5 2 -6 3 -6 1 -5 2 -8 3 -7 2 -7 4 -7 2 -9 2 -9 4 -8 4 -8 3 -8 3 -8 4 0 0 0 0 0 0 0 0 0 0 ]
76,1782977796.798916,8.0512,-79,CSI_DATA,AP,98:F4:AB:29:67:94,-79,11,1,4,1,1,1,0,0,0,0,-96,0,6,1,33786166,0,84,0,0,34.1674,384,[84 -64 4 0 0 0 0 0 0 0 0 0 10 -23 8 -20 7 -20 9 -21 9 -22 9 -19 9 -18 9 -18 9 -17 11 -16 9 -15 7 -15 6 -14 4 -15 4 -13 4 -14 4 -13 5 -14 3 -10 5 -11 4 -10 2 -8 2 -9 3 -8 2 -9 3 -7 0 0 2 -5 1 -7 2 -5 2 -4 2 -2 3 -2 2 -4 1 -1 2 -1 1 -1 2 1 1 0 3 1 1 1 2 1 4 0 5 0 3 1 6 1 6 3 7 2 8 2 6 3 6 0 7 1 8 2 0 0 0 0 0 0 0 0 0 0 ]
77,1782977797.031936,12.7232,-72,CSI_DATA,AP,98:F4:AB:29:67:94,-72,11,0,0,0,0,0,0,0,0,0,-96,0,6,1,33879327,0,84,0,0,34.2606,128,[84 -64 4 0 0 0 0 0 0 0 0 0 -21 34 -21 32 -24 35 -23 31 -21 30 -22 27 -24 28 -25 23 -23 25 -22 24 -21 26 -22 25 -19 22 -19 22 -19 21 -19 23 -15 20 -17 18 -15 17 -15 16 -15 14 -13 16 -14 14 -11 14 -9 15 -10 14 0 0 -8 14 -7 14 -5 13 -5 12 -5 11 -2 9 -2 9 -1 8 2 7 1 7 3 7 3 7 3 7 4 5 6 5 5 4 7 3 8 1 8 2 10 1 10 2 12 -1 12 0 13 -1 13 -1 12 1 0 0 0 0 0 0 0 0 0 0 ]
78,1782977797.269557,9.7664,-79,CSI_DATA,AP,98:F4:AB:29:67:94,-79,11,1,2,1,1,1,0,0,0,0,-96,0,6,1,33968438,0,84,0,0,34.3496,384,[84 -64 4 0 0 0 0 0 0 0 0 0 19 12 18 10 17 12 17 12 16 10 12 10 15 9 14 9 13 11 12 10 12 8 11 8 10 9 12 8 8 6 11 8 10 6 7 6 7 6 8 4 6 5 8 4 6 4 5 2 5 2 3 2 0 0 5 1 1 0 2 0 1 1 -1 -1 0 -3 -1 -2 -3 -3 -2 -5 -2 -5 -2 -5 -4 -6 -4 -5 -5 -6 -4 -4 -4 -7 -7 -5 -6 -7 -8 -7 -9 -6 -9 -6 -8 -9 -8 -9 -15 -10 -9 -10 -10 -9 0 0 0 0 0 0 0 0 0 0 ]
79,1782977797.506779,10.6844,-78,CSI_DATA,AP,98:F4:AB:29:67:94,-78,11,1,4,1,1,1,0,0,0,0,-96,0,6,1,34059639,0,84,0,0,34.4408,384,[84 -64 4 0 0 0 0 0 0 0 0 0 22 -10 18 -10 22 -9 22 -11 22 -10 19 -6 20 -9 21 -8 20 -10 18 -8 20 -7 19 -5 16 -7 16 -9 14 -8 16 -8 15 -7 15 -8 13 -6 13 -5 13 -5 12 -6 10 -6 9 -5 9 -6 9 -6 0 0 6 -6 6 -3 4 -4 5 -4 4 -3 3 -3 0 0 2 -2 0 -1 1 1 0 2 -1 0 -1 2 -1 1 -1 2 -1 2 -1 3 -1 3 -4 4 -4 5 -3 5 -3 4 -4 4 -5 4 -6 7 -3 5 0 0 0 0 0 0 0 0 0 0 ]
80,1782977797.739407,10.1023,-77,CSI_DATA,AP,98:F4:AB:29:67:94,-77,11,1,2,1,1,1,0,0,0,0,-96,0,6,1,34147448,0,84,0,0,34.5286,384,[84 -64 4 0 0 0 0 0 0 0 0 0 -9 -19 -8 -15 -10 -17 -9 -16 -10 -17 -8 -17 -8 -17 -8 -16 -8 -15 -6 -14 -9 -15 -9 -15 -8 -15 -8 -13 -8 -12 -9 -14 -7 -11 -8 -11 -7 -12 -6 -11 -7 -9 -6 -8 -5 -9 -5 -9 -6 -7 -6 -9 0 0 -4 -8 -6 -7 -3 -6 -4 -6 -2 -4 -1 -5 -2 -4 -1 -5 0 -4 -1 -2 0 -3 0 -2 1 -3 -1 -3 2 -3 1 -3 1 -4 3 -3 4 -4 2 -3 4 -2 3 -3 6 -5 6 -4 5 -3 6 -3 0 0 0 0 0 0 0 0 0 0 ]
81,1782977797.981786,9.3180,-76,CSI_DATA,AP,98:F4:AB:29:67:94,-76,11,1,2,1,1,1,0,0,0,0,-96,0,6,1,34238001,0,84,0,0,34.6191,384,[84 -64 4 0 0 0 0 0 0 0 0 0 18 -14 15 -12 17 -13 17 -13 18 -14 14 -9 14 -10 16 -10 14 -9 14 -8 14 -9 12 -10 14 -9 12 -10 12 -8 12 -9 10 -9 11 -9 9 -8 8 -7 8 -7 8 -7 6 -6 7 -6 6 -7 5 -5 0 0 5 -6 5 -6 4 -6 4 -5 3 -4 4 -3 2 -3 2 -4 2 -1 3 -3 0 -2 0 -1 1 -1 2 -2 2 -1 1 -1 2 1 2 0 2 2 1 2 2 1 2 3 1 2 2 3 2 1 1 2 0 0 0 0 0 0 0 0 0 0 ]
82,1782977798.214332,11.0648,-75,CSI_DATA,AP,98:F4:AB:29:67:94,-75,11,1,2,1,1,1,0,0,0,0,-96,0,6,1,34331480,0,84,0,0,34.7127,384,[84 -64 4 0 0 0 0 0 0 0 0 0 -23 15 -21 15 -24 14 -22 13 -23 14 -20 11 -19 12 -22 11 -21 11 -20 11 -18 11 -18 9 -18 11 -17 11 -17 10 -18 12 -15 10 -16 9 -14 9 -13 8 -11 9 -13 10 -10 7 -11 7 -11 8 -10 8 0 0 -10 7 -10 7 -8 6 -8 6 -8 4 -6 4 -5 4 -6 2 -3 2 -4 2 -4 2 -3 2 -2 -1 -3 0 -3 0 -4 1 -5 -1 -2 -2 -3 -2 -3 -4 -1 -3 -2 -4 -2 -5 -2 -6 -2 -5 -1 -5 0 0 0 0 0 0 0 0 0 0 ]
83,1782977798.448014,9.6518,-78,CSI_DATA,AP,98:F4:AB:29:67:94,-78,11,1,2,1,1,1,0,0,0,0,-96,0,6,1,34420374,0,84,0,0,34.8015,384,[84 -64 4 0 0 0 0 0 0 0 0 0 -5 21 -5 20 -7 20 -5 21 -6 20 -6 18 -5 18 -6 15 -5 16 -7 17 -6 14 -4 14 -4 16 -3 15 -4 12 -3 15 -3 13 -2 12 -3 10 -2 10 -3 10 -3 9 -2 7 -1 7 -2 8 -1 7 0 0 0 6 -1 6 -2 4 -2 3 -2 3 -3 1 -1 2 -2 -1 -1 -1 -2 -2 -1 -3 -1 -3 -2 -3 -3 -3 -1 -2 -4 -4 -4 -3 -3 -4 -6 -5 -6 -4 -4 -7 -6 -8 -6 -8 -4 -7 -6 -7 -6 -6 0 0 0 0 0 0 0 0 0 0 ]
84,1782977798.681526,9.8710,-77,CSI_DATA,AP,98:F4:AB:29:67:94,-77,11,1,2,1,1,1,0,0,0,0,-96,0,6,1,34513309,0,84,0,0,34.8944,384,[84 -64 4 0 0 0 0 0 0 0 0 0 13 29 10 25 14 29 12 26 10 27 8 23 9 25 5 22 7 21 6 21 6 20 7 21 8 21 7 19 7 16 9 19 7 15 7 16 4 14 7 13 7 13 6 10 4 9 5 10 5 7 4 6 0 0 5 5 7 7 3 5 3 6 2 3 2 0 3 2 2 -2 -1 -1 0 -4 1 -2 2 -3 1 -3 -1 -2 -1 -4 -1 -4 -2 -5 -4 -4 -4 -5 -7 -6 -4 -6 -5 -6 -7 -8 -5 -8 -5 -6 -5 -7 0 0 0 0 0 0 0 0 0 0 ]
85,1782977798.914871,9.1924,-75,CSI_DATA,AP,98:F4:AB:29:67:94,-75,11,1,2,1,1,1,0,0,0,0,-96,0,6,1,34599577,0,84,0,0,34.9807,384,[84 -64 4 0 0 0 0 0 0 0 0 0 18 -15 16 -17 18 -17 17 -16 18 -15 16 -14 16 -15 16 -14 16 -15 16 -12 12 -13 14 -13 13 -14 12 -14 11 -12 12 -13 11 -12 11 -11 10 -9 9 -9 9 -9 9 -8 8 -7 7 -8 7 -8 5 -8 0 0 5 -8 5 -8 5 -5 3 -5 3 -5 4 -4 4 -3 4 -2 3 -1 3 -3 3 -2 2 -2 2 -1 3 0 3 0 3 0 4 0 4 1 5 1 6 3 5 3 5 3 5 2 6 1 5 3 5 3 0 0 0 0 0 0 0 0 0 0 ]
86,1782977799.153470,11.8397,-73,CSI_DATA,AP,98:F4:AB:29:67:94,-73,11,0,0,0,0,0,0,0,0,0,-96,0,6,1,34699144,0,84,0,0,35.0804,128,[84 -64 4 0 0 0 0 0 0 0 0 0 6 45 7 42 6 44 3 42 3 40 1 35 -1 34 -2 33 -2 33 -1 30 2 32 0 30 1 28 4 29 -2 26 1 26 0 22 2 22 0 17 -1 18 -1 16 2 16 1 13 2 14 5 12 3 9 0 0 4 9 5 10 2 7 2 5 2 4 1 2 2 0 1 -1 2 0 1 -1 3 -4 3 -4 3 -6 2 -4 1 -5 1 -8 -2 -6 -3 -7 -2 -10 -2 -11 -3 -11 -3 -12 -3 -13 -5 -15 -2 -14 -5 -15 0 0 0 0 0 0 0 0 0 0 ]
87,1782977799.401921,11.0773,-76,CSI_DATA,AP,98:F4:AB:29:67:94,-76,11,1,2,1,1,1,0,0,0,0,-96,0,6,1,34776355,0,84,0,0,35.1575,384,[84 -64 4 0 0 0 0 0 0 0 0 0 17 -12 17 -11 19 -14 17 -12 18 -11 17 -8 17 -9 17 -8 16 -9 16 -8 16 -9 14 -7 13 -9 15 -8 12 -8 12 -8 10 -7 11 -7 10 -6 10 -6 9 -6 9 -6 6 -6 6 -6 7 -5 6 -5 0 0 5 -5 4 -6 4 -6 3 -6 3 -5 3 -4 2 -4 2 -4 1 -4 -1 -4 0 -4 0 -2 -1 -2 -1 -3 -1 -3 0 -3 -2 -2 0 -2 -2 1 -1 1 -2 0 -2 1 -3 1 -3 2 -3 1 -3 1 0 0 0 0 0 0 0 0 0 0 ]
88,1782977799.623266,13.5991,-72,CSI_DATA,AP,98:F4:AB:29:67:94,-72,11,0,0,0,0,0,0,0,0,0,-96,0,6,1,34869692,0,84,0,0,35.251,128,[84 -64 4 0 0 0 0 0 0 0 0 0 -41 -15 -38 -14 -43 -14 -39 -13 -38 -16 -36 -17 -33 -16 -32 -18 -32 -17 -31 -18 -32 -15 -32 -13 -28 -15 -31 -14 -25 -12 -29 -11 -23 -11 -26 -10 -21 -11 -20 -11 -18 -11 -17 -9 -15 -6 -14 -6 -16 -6 -13 -4 0 0 -12 -5 -14 -3 -11 -2 -11 -1 -8 -3 -6 -1 -6 0 -4 0 -2 1 -3 1 -2 3 -2 4 1 4 -2 3 0 5 1 2 2 3 2 1 2 1 4 2 6 2 6 3 6 3 10 2 8 1 7 2 0 0 0 0 0 0 0 0 0 0 ]
89,1782977799.863779,15.7142,-71,CSI_DATA,AP,98:F4:AB:29:67:94,-71,11,0,0,0,0,0,0,0,0,0,-96,0,6,1,34956763,0,84,0,0,35.338,128,[84 -64 4 0 0 0 0 0 0 0 0 0 -15 -35 -13 -34 -14 -38 -14 -36 -12 -36 -9 -32 -11 -34 -8 -34 -8 -33 -9 -31 -9 -30 -10 -30 -8 -28 -10 -29 -9 -25 -9 -28 -7 -25 -5 -24 -6 -21 -4 -20 -7 -17 -5 -17 -4 -14 -7 -14 -6 -14 -7 -12 0 0 -8 -10 -6 -10 -7 -9 -5 -7 -5 -4 -4 -6 -5 -2 -5 0 -5 0 -6 1 -4 2 -5 3 -6 5 -5 5 -5 4 -4 5 -4 6 -2 6 -2 6 -1 7 -1 8 -1 8 -1 9 -2 10 -1 10 0 9 0 0 0 0 0 0 0 0 0 0 ]
90,1782977800.099015,12.4325,-79,CSI_DATA,AP,98:F4:AB:29:67:94,-79,11,1,4,1,1,1,0,0,0,0,-96,0,6,1,35048123,0,84,0,0,35.4293,384,[84 -64 4 0 0 0 0 0 0 0 0 0 -15 -20 -15 -18 -18 -21 -17 -20 -15 -20 -13 -19 -14 -20 -15 -17 -13 -14 -13 -16 -13 -14 -12 -15 -13 -14 -12 -15 -12 -13 -9 -16 -8 -13 -11 -13 -6 -13 -7 -11 -8 -10 -6 -8 -6 -9 -6 -6 -7 -5 -7 -5 0 0 -4 -3 -3 -4 -3 -4 0 -3 0 -2 1 -2 3 -1 4 0 4 1 6 1 4 2 5 3 4 1 8 1 7 1 8 3 10 1 11 0 10 1 12 3 13 3 14 1 13 0 14 0 16 4 15 3 0 0 0 0 0 0 0 0 0 0 ]
91,1782977800.337678,8.6114,-79,CSI_DATA,AP,98:F4:AB:29:67:94,-79,11,1,4,1,1,1,0,0,0,0,-96,0,6,1,35137534,0,84,0,0,35.5187,384,[84 -64 4 0 0 0 0 0 0 0 0 0 -6 -18 -4 -17 -8 -20 -6 -15 -6 -18 -2 -17 -5 -16 -5 -16 -4 -14 -4 -14 -5 -14 -6 -13 -5 -12 -6 -12 -5 -11 -6 -12 -7 -11 -6 -11 -5 -8 -5 -7 -5 -10 -4 -8 -5 -6 -2 -6 -3 -5 -3 -6 0 0 -4 -5 -5 -4 -2 -4 -2 -3 -3 -2 0 -5 -1 -3 0 -6 1 -3 0 -3 0 -4 2 -3 1 -1 1 -2 0 -4 1 -3 1 -5 3 -5 3 -5 3 -5 4 -6 3 -6 3 -5 5 -7 4 -6 4 -6 0 0 0 0 0 0 0 0 0 0 ]
92,1782977800.572159,8.6185,-77,CSI_DATA,AP,98:F4:AB:29:67:94,-77,11,1,4,1,1,1,0,0,0,0,-96,0,6,1,35228087,0,84,0,0,35.6091,384,[84 -64 4 0 0 0 0 0 0 0 0 0 21 -12 20 -11 23 -13 21 -12 21 -9 18 -10 20 -10 18 -10 18 -9 19 -10 15 -9 15 -9 15 -9 13 -9 12 -10 13 -9 11 -10 11 -9 11 -8 12 -8 11 -8 10 -6 9 -7 8 -5 8 -6 6 -6 0 0 5 -5 5 -6 5 -6 5 -3 3 -3 6 -3 3 0 4 -1 3 1 4 1 2 0 3 -1 3 -1 2 0 3 -1 3 0 4 1 3 2 6 2 6 3 6 1 6 3 8 4 6 4 8 3 6 2 0 0 0 0 0 0 0 0 0 0 ]
93,1782977800.810931,12.2240,-72,CSI_DATA,AP,98:F4:AB:29:67:94,-72,11,0,0,0,0,0,0,0,0,0,-96,0,6,1,35319525,0,84,0,0,35.7008,128,[84 -64 4 0 0 0 0 0 0 0 0 0 39 28 35 26 40 29 36 28 33 30 30 26 29 27 27 27 26 26 26 24 27 25 25 23 24 22 24 19 21 20 25 21 21 18 21 17 16 15 16 15 15 14 17 14 14 11 14 10 15 9 15 7 0 0 13 6 15 8 13 7 13 6 10 3 9 3 8 1 6 -2 9 -2 6 -4 5 -5 6 -3 6 -4 6 -3 5 -4 3 -5 3 -6 0 -5 0 -6 1 -9 0 -7 -1 -8 -2 -10 -2 -10 -2 -9 -2 -9 0 0 0 0 0 0 0 0 0 0 ]
94,1782977801.050669,10.2175,-77,CSI_DATA,AP,98:F4:AB:29:67:94,-77,11,1,2,1,1,1,0,0,0,0,-96,0,6,1,35406697,0,84,0,0,35.7879,384,[84 -64 4 0 0 0 0 0 0 0 0 0 22 -17 21 -15 24 -18 23 -14 21 -16 22 -11 22 -12 21 -11 20 -10 19 -10 16 -9 18 -8 16 -9 14 -8 14 -7 16 -10 12 -8 12 -9 10 -6 8 -8 8 -6 7 -7 9 -7 7 -7 6 -6 5 -7 0 0 4 -8 4 -7 4 -6 2 -8 1 -7 0 -5 -2 -6 -3 -7 0 -4 -2 -6 -2 -7 -3 -6 -4 -6 -3 -5 -3 -5 -4 -4 -5 -5 -5 -4 -5 -2 -5 -3 -6 -2 -7 0 -7 -1 -8 -2 -7 -2 -8 0 0 0 0 0 0 0 0 0 0 0 ]
95,1782977801.285642,8.7012,-78,CSI_DATA,AP,98:F4:AB:29:67:94,-78,11,1,2,1,1,1,0,0,0,0,-96,0,6,1,35502832,0,84,0,0,35.884,384,[84 -64 4 0 0 0 0 0 0 0 0 0 -27 6 -26 5 -27 7 -25 6 -25 4 -23 1 -23 2 -22 1 -19 0 -21 -2 -20 0 -19 0 -17 0 -17 0 -14 3 -16 1 -13 1 -14 -1 -10 1 -11 1 -12 2 -10 2 -8 2 -8 2 -7 3 -6 2 0 0 -5 5 -4 4 -2 5 -3 3 -3 5 -3 4 -1 5 -1 5 0 5 1 5 2 6 2 6 2 6 3 4 4 7 3 6 5 6 3 6 6 6 7 7 6 6 7 6 8 5 7 6 5 7 6 6 0 0 0 0 0 0 0 0 0 0 ]
96,1782977801.527741,8.1030,-76,CSI_DATA,AP,98:F4:AB:29:67:94,-76,11,1,2,1,1,1,0,0,0,0,-96,0,6,1,35586217,0,84,0,0,35.9674,384,[84 -64 4 0 0 0 0 0 0 0 0 0 -2 33 -1 29 -2 32 -2 29 -4 30 -3 24 -6 25 -5 25 -4 25 -6 24 -4 20 -6 21 -4 22 -3 18 -2 19 -3 19 -2 18 -2 17 -3 13 -2 12 -2 12 -1 13 -3 9 0 9 1 8 0 9 0 0 1 6 2 6 2 4 0 5 2 1 1 2 2 1 1 1 1 -2 3 -2 1 -3 2 -3 1 -5 2 -4 2 -2 1 -5 2 -7 1 -6 0 -6 1 -8 1 -9 -1 -8 -1 -10 -1 -10 -1 -8 -1 -8 0 0 0 0 0 0 0 0 0 0 ]
97,1782977801.770520,7.8222,-71,CSI_DATA,AP,98:F4:AB:29:67:94,-71,11,0,0,0,0,0,0,0,0,0,-96,0,6,1,35681803,0,84,0,0,36.0631,128,[84 -64 4 0 0 0 0 0 0 0 0 0 28 -33 25 -31 27 -34 29 -32 29 -31 25 -27 26 -26 26 -24 26 -23 24 -22 23 -24 23 -23 22 -21 20 -24 18 -19 19 -21 16 -18 16 -17 15 -17 14 -14 13 -14 12 -13 10 -12 8 -12 8 -13 6 -11 0 0 5 -12 5 -11 2 -11 3 -8 1 -7 1 -7 0 -6 -2 -5 -4 -4 -2 -3 -4 -3 -3 -2 -3 -3 -5 -2 -4 -2 -3 -2 -2 1 -3 2 -4 1 -3 2 -2 2 -4 4 -3 3 -3 5 -4 4 -5 6 0 0 0 0 0 0 0 0 0 0 ]
98,1782977802.015901,10.9887,-75,CSI_DATA,AP,98:F4:AB:29:67:94,-75,11,1,4,1,1,1,0,0,0,0,-96,0,6,1,35775615,0,84,0,0,36.1568,384,[84 -64 4 0 0 0 0 0 0 0 0 0 -1 30 -1 27 -1 30 -2 29 -3 28 -2 27 -3 26 -4 24 -4 26 -4 21 -5 22 -5 23 -7 21 -5 21 -6 19 -4 21 -3 19 -4 18 -4 16 -3 15 -5 15 -4 14 -1 13 -3 13 -2 12 -1 10 0 0 1 11 1 10 1 8 1 8 1 7 2 8 3 5 5 6 3 5 6 5 4 5 5 3 5 4 5 5 5 4 5 2 5 4 6 3 6 2 5 1 6 1 5 1 7 3 6 0 5 -1 6 0 0 0 0 0 0 0 0 0 0 0 ]
99,1782977802.257739,13.0362,-75,CSI_DATA,AP,98:F4:AB:29:67:94,-75,11,1,2,1,1,1,0,0,0,0,-96,0,6,1,35859788,0,84,0,0,36.241,384,[84 -64 4 0 0 0 0 0 0 0 0 0 -21 -25 -18 -22 -20 -26 -16 -24 -17 -24 -15 -22 -15 -22 -12 -23 -14 -22 -12 -22 -12 -22 -13 -22 -11 -23 -11 -22 -10 -19 -11 -21 -12 -15 -11 -19 -11 -17 -8 -17 -9 -14 -9 -15 -8 -13 -9 -10 -9 -11 -8 -12 0 0 -10 -10 -11 -9 -9 -8 -8 -6 -7 -5 -11 -4 -9 -5 -9 -2 -11 -1 -11 -3 -11 0 -10 -1 -9 0 -10 2 -12 1 -10 1 -11 4 -11 3 -10 3 -10 4 -11 4 -10 4 -13 4 -11 7 -11 6 -11 5 0 0 0 0 0 0 0 0 0 0 ]
100,1782977802.506309,10.4735,-76,CSI_DATA,AP,98:F4:AB:29:67:94,-76,11,1,2,1,1,1,0,0,0,0,-96,0,6,1,35946830,0,84,0,0,36.3279,384,[84 -64 4 0 0 0 0 0 0 0 0 0 13 -22 14 -21 15 -23 13 -20 13 -19 14 -17 16 -16 13 -15 14 -16 13 -15 13 -14 13 -14 12 -13 11 -14 9 -13 10 -14 9 -12 9 -9 9 -10 8 -10 7 -7 6 -7 5 -7 6 -8 3 -8 4 -10 0 0 2 -8 2 -7 2 -6 2 -6 1 -5 1 -7 0 -6 -1 -5 -2 -5 -3 -5 -3 -4 -3 -4 -3 -3 -5 -5 -4 -4 -5 -1 -6 -2 -5 -2 -5 -2 -7 -2 -8 -3 -9 -2 -9 -1 -8 0 -7 -2 -9 0 0 0 0 0 0 0 0 0 0 0 ]
101,1782977802.747997,10.9378,-75,CSI_DATA,AP,98:F4:AB:29:67:94,-75,11,1,2,1,1,1,0,0,0,0,-96,0,6,1,36038684,0,84,0,0,36.4198,384,[84 -64 4 0 0 0 0 0 0 0 0 0 18 23 17 24 16 25 16 24 16 24 13 23 11 21 11 22 13 23 9 22 12 19 10 18 9 19 10 18 8 17 8 18 8 15 8 13 7 13 8 11 7 11 6 11 6 10 8 8 9 7 9 7 0 0 7 6 9 5 8 6 8 5 7 3 7 2 7 2 5 1 9 1 8 -2 8 -2 6 -1 7 -1 6 -1 6 -1 9 -1 7 -2 4 -3 4 -2 4 -3 7 -4 5 -4 5 -4 4 -4 5 -3 3 -4 0 0 0 0 0 0 0 0 0 0 ]
102,1782977802.993268,12.4816,-74,CSI_DATA,AP,98:F4:AB:29:67:94,-74,11,1,2,1,1,1,0,0,0,0,-96,0,6,1,36128016,0,84,0,0,36.5092,384,[84 -64 4 0 0 0 0 0 0 0 0 0 18 25 15 25 16 26 16 25 15 25 12 23 11 23 10 24 10 22 8 23 9 22 9 20 9 21 8 21 7 19 9 19 8 17 7 17 5 15 6 15 6 14 8 13 6 12 6 11 8 9 8 10 0 0 7 8 10 8 8 7 7 6 8 6 8 5 8 5 8 4 9 2 9 2 10 0 8 2 8 0 9 0 9 -2 9 -1 9 -3 8 -2 8 -2 8 -2 8 -3 9 -4 10 -4 7 -5 8 -4 8 -3 0 0 0 0 0 0 0 0 0 0 ]
103,1782977803.241218,14.1106,-74,CSI_DATA,AP,98:F4:AB:29:67:94,-74,11,1,2,1,1,1,0,0,0,0,-96,0,6,1,36226348,0,84,0,0,36.6075,384,[84 -64 4 0 0 0 0 0 0 0 0 0 30 -17 29 -16 30 -16 28 -12 29 -13 25 -8 27 -10 24 -8 25 -8 26 -6 23 -5 22 -5 22 -6 20 -6 18 -6 21 -6 18 -6 17 -7 16 -3 16 -7 14 -5 14 -7 14 -7 12 -5 12 -6 13 -8 0 0 10 -9 11 -9 9 -8 8 -9 7 -9 6 -11 6 -12 5 -11 3 -10 4 -12 4 -12 3 -11 3 -12 4 -12 2 -15 2 -13 0 -14 2 -13 2 -13 0 -15 1 -14 -1 -15 0 -15 -1 -14 1 -13 -1 -15 0 0 0 0 0 0 0 0 0 0 ]
104,1782977803.491522,11.0200,-76,CSI_DATA,AP,98:F4:AB:29:67:94,-76,11,1,4,1,1,1,0,0,0,0,-96,0,6,1,36305673,0,84,0,0,36.6868,384,[84 -64 4 0 0 0 0 0 0 0 0 0 -30 13 -27 12 -32 10 -29 9 -29 8 -26 8 -28 6 -26 4 -27 4 -26 3 -24 3 -21 6 -22 4 -21 4 -19 3 -20 3 -18 3 -18 3 -16 2 -14 1 -14 3 -12 4 -14 4 -13 5 -9 3 -8 7 0 0 -8 5 -7 4 -6 5 -5 8 -5 6 -3 7 -6 7 -3 6 -4 8 -1 8 0 7 -1 9 0 8 1 9 1 9 2 6 1 9 2 9 2 7 3 7 4 7 3 7 5 8 7 8 5 7 6 7 0 0 0 0 0 0 0 0 0 0 ]
105,1782977803.736279,11.6724,-76,CSI_DATA,AP,98:F4:AB:29:67:94,-76,11,1,4,1,1,1,0,0,0,0,-96,0,6,1,36396140,0,84,0,0,36.7773,384,[84 -64 4 0 0 0 0 0 0 0 0 0 -7 -29 -6 -28 -7 -29 -2 -27 -4 -25 -2 -24 -1 -25 0 -25 -2 -24 0 -24 1 -22 1 -23 -1 -23 -1 -21 1 -21 -2 -19 0 -18 1 -18 1 -19 2 -17 0 -15 -1 -14 -1 -15 -2 -13 -2 -13 -4 -12 0 0 -2 -10 -4 -9 -3 -10 -5 -10 -1 -7 -4 -7 -5 -6 -4 -8 -5 -6 -6 -6 -7 -5 -5 -6 -5 -4 -6 -4 -7 -3 -8 0 -8 -2 -7 -2 -7 -1 -9 0 -9 1 -8 1 -10 1 -9 2 -9 4 -9 3 0 0 0 0 0 0 0 0 0 0 ]
106,1782977803.979330,12.9091,-75,CSI_DATA,AP,98:F4:AB:29:67:94,-75,11,1,4,1,1,1,0,0,0,0,-96,0,6,1,36486421,0,84,0,0,36.8676,384,[84 -64 4 0 0 0 0 0 0 0 0 0 -24 -21 -21 -19 -23 -20 -21 -21 -21 -21 -18 -21 -19 -22 -17 -22 -18 -21 -16 -19 -15 -20 -16 -19 -16 -19 -13 -19 -14 -16 -15 -18 -13 -16 -13 -14 -11 -13 -12 -13 -10 -11 -12 -13 -10 -12 -11 -11 -10 -10 -11 -10 0 0 -10 -7 -13 -7 -9 -7 -11 -6 -9 -6 -8 -4 -9 -2 -11 -3 -12 -1 -10 -1 -10 -1 -9 -1 -8 -1 -10 0 -9 0 -9 0 -10 1 -8 2 -9 1 -9 2 -7 2 -8 5 -8 4 -7 6 -6 4 -8 6 0 0 0 0 0 0 0 0 0 0 ]
107,1782977804.226810,13.9586,-75,CSI_DATA,AP,98:F4:AB:29:67:94,-75,11,1,4,1,1,1,0,0,0,0,-96,0,6,1,36580117,0,84,0,0,36.9613,384,[84 -64 4 0 0 0 0 0 0 0 0 0 15 -21 13 -20 16 -20 15 -17 16 -18 13 -15 15 -15 15 -15 15 -13 16 -15 15 -15 16 -14 15 -13 14 -14 15 -12 13 -15 12 -12 12 -13 13 -12 11 -11 11 -12 11 -10 11 -11 9 -10 11 -9 11 -11 0 0 8 -10 8 -11 9 -10 6 -11 5 -10 8 -11 6 -11 6 -11 7 -12 3 -12 4 -11 3 -10 4 -12 4 -10 3 -13 1 -11 3 -13 2 -10 2 -11 2 -13 2 -11 2 -12 1 -11 2 -12 1 -11 1 -11 0 0 0 0 0 0 0 0 0 0 ]
108,1782977804.470832,12.3863,-77,CSI_DATA,AP,98:F4:AB:29:67:94,-77,11,1,4,1,1,1,0,0,0,0,-96,0,6,1,36666255,0,84,0,0,37.0473,384,[84 -64 4 0 0 0 0 0 0 0 0 0 -10 -17 -9 -18 -8 -18 -8 -17 -8 -19 -7 -16 -5 -16 -4 -17 -5 -16 -3 -15 -4 -15 -3 -14 -3 -16 -2 -13 -3 -13 -3 -13 -5 -12 -5 -10 -3 -11 -4 -11 -3 -9 -4 -8 -4 -8 -6 -10 -4 -9 -7 -10 0 0 -7 -7 -8 -9 -6 -5 -8 -7 -7 -6 -9 -9 -8 -8 -8 -7 -8 -8 -9 -9 -10 -6 -8 -8 -9 -6 -9 -6 -10 -6 -10 -7 -11 -7 -11 -6 -10 -7 -10 -6 -12 -6 -10 -7 -11 -7 -12 -8 -12 -6 -12 -6 0 0 0 0 0 0 0 0 0 0 ]
109,1782977804.716682,13.5944,-72,CSI_DATA,AP,98:F4:AB:29:67:94,-72,11,0,0,0,0,0,0,0,0,0,-96,0,6,1,36765426,0,84,0,0,37.1467,128,[84 -64 4 0 0 0 0 0 0 0 0 0 -46 7 -42 4 -45 6 -43 4 -42 3 -39 2 -38 -2 -35 -5 -37 0 -33 0 -34 1 -33 0 -30 -1 -30 1 -27 -3 -28 2 -24 2 -25 1 -21 0 -20 -1 -19 1 -18 1 -16 2 -15 3 -14 4 -12 3 0 0 -11 4 -12 5 -9 5 -8 6 -8 3 -6 3 -4 4 -3 4 -2 4 -2 6 1 5 1 4 3 3 2 5 4 4 4 4 5 2 5 3 7 3 7 1 8 2 8 2 10 1 10 0 10 -1 11 0 0 0 0 0 0 0 0 0 0 0 ]
110,1782977804.959899,12.3505,-73,CSI_DATA,AP,98:F4:AB:29:67:94,-73,11,1,2,1,1,1,0,0,0,0,-96,0,6,1,36847274,0,84,0,0,37.2285,384,[84 -64 4 0 0 0 0 0 0 0 0 0 -14 -21 -14 -21 -13 -22 -12 -19 -12 -21 -10 -19 -10 -19 -10 -20 -10 -18 -9 -19 -8 -18 -9 -18 -8 -18 -8 -17 -8 -15 -9 -17 -7 -14 -7 -14 -7 -12 -7 -13 -7 -11 -7 -12 -6 -10 -7 -10 -7 -10 -7 -9 0 0 -6 -9 -7 -8 -6 -8 -7 -7 -6 -7 -6 -6 -6 -5 -6 -6 -7 -5 -7 -5 -6 -4 -7 -3 -6 -4 -6 -3 -7 -3 -5 -3 -5 -4 -5 -4 -4 -4 -5 -3 -2 -4 -3 -4 -4 -4 -2 -2 -3 -2 -2 -2 0 0 0 0 0 0 0 0 0 0 ]
111,1782977805.210025,12.7746,-72,CSI_DATA,AP,98:F4:AB:29:67:94,-72,11,1,4,1,1,1,0,0,0,0,-96,0,6,1,36935083,0,84,0,0,37.3162,384,[84 -64 4 0 0 0 0 0 0 0 0 0 23 9 20 9 22 11 20 9 21 12 18 10 18 11 17 12 17 9 16 11 17 12 16 10 15 9 15 10 13 8 15 10 13 8 14 8 11 7 11 7 11 6 13 6 12 5 12 5 12 5 10 5 0 0 10 2 11 2 10 1 11 2 9 0 10 1 10 0 10 0 10 0 12 -1 11 -1 10 -1 8 -1 10 -2 10 -1 8 -3 10 -2 8 -1 8 -1 7 -2 7 -2 9 -2 8 -2 8 -2 7 -2 8 -1 0 0 0 0 0 0 0 0 0 0 ]
112,1782977805.454888,13.1437,-72,CSI_DATA,AP,98:F4:AB:29:67:94,-72,11,1,4,1,1,1,0,0,0,0,-96,0,6,1,37028217,0,84,0,0,37.4094,384,[84 -64 4 0 0 0 0 0 0 0 0 0 21 19 20 17 21 19 18 19 18 19 17 20 17 19 14 18 16 18 14 17 14 18 14 17 12 17 13 16 11 15 12 16 11 15 11 13 10 12 10 12 10 11 10 10 9 10 11 9 10 9 10 8 0 0 12 6 12 6 12 6 11 5 10 5 11 4 11 3 10 3 12 2 12 1 12 1 13 2 12 2 11 0 12 1 12 0 13 0 12 -1 12 0 13 -1 11 -1 12 -1 13 -1 11 -2 11 -1 11 -2 0 0 0 0 0 0 0 0 0 0 ]
113,1782977805.698749,15.1072,-72,CSI_DATA,AP,98:F4:AB:29:67:94,-72,11,1,4,1,1,1,0,0,0,0,-96,0,6,1,37115623,0,84,0,0,37.4969,384,[84 -64 4 0 0 0 0 0 0 0 0 0 -28 9 -27 8 -29 6 -27 4 -26 5 -25 3 -24 4 -24 3 -23 3 -24 3 -23 2 -23 3 -23 0 -20 0 -19 2 -22 2 -19 1 -18 1 -16 1 -17 1 -17 1 -16 4 -16 2 -16 4 -16 4 -15 3 0 0 -14 5 -14 6 -13 6 -13 6 -12 6 -11 6 -12 7 -11 8 -12 8 -10 7 -9 9 -10 9 -10 8 -9 8 -10 10 -10 9 -9 10 -8 9 -9 10 -9 10 -8 11 -8 11 -7 10 -6 12 -7 10 -9 12 0 0 0 0 0 0 0 0 0 0 ]
114,1782977805.943584,14.2548,-71,CSI_DATA,AP,98:F4:AB:29:67:94,-71,11,1,2,1,1,1,0,0,0,0,-96,0,6,1,37210820,0,84,0,0,37.592,384,[84 -64 4 0 0 0 0 0 0 0 0 0 -9 25 -9 22 -11 25 -11 21 -11 23 -12 18 -11 20 -12 19 -13 19 -12 17 -14 17 -12 16 -12 15 -13 15 -10 14 -12 16 -9 15 -10 14 -9 11 -8 12 -8 12 -7 11 -7 13 -7 12 -6 12 -5 11 0 0 -4 12 -3 14 -4 12 -3 14 -2 12 -1 12 -1 13 -1 13 0 13 1 14 -1 14 1 14 -1 14 0 13 1 14 3 13 2 14 2 13 3 13 0 13 1 12 3 13 3 13 2 14 4 14 3 12 0 0 0 0 0 0 0 0 0 0 ]
115,1782977806.188596,12.5366,-75,CSI_DATA,AP,98:F4:AB:29:67:94,-75,11,1,4,1,1,1,0,0,0,0,-96,0,6,1,37298489,0,84,0,0,37.6797,384,[84 -64 4 0 0 0 0 0 0 0 0 0 10 22 7 19 9 24 6 21 6 20 5 17 4 20 3 18 2 18 3 18 3 17 0 18 2 16 2 16 0 14 1 16 2 13 2 13 0 12 1 11 2 10 4 11 5 10 4 9 5 9 4 10 0 0 5 8 6 9 8 7 9 8 7 6 7 7 9 7 9 6 9 5 11 6 9 6 11 6 9 6 11 5 10 6 10 5 11 4 13 4 11 5 10 3 12 4 12 4 10 5 12 5 11 6 12 4 0 0 0 0 0 0 0 0 0 0 ]
116,1782977806.439053,12.6094,-76,CSI_DATA,AP,98:F4:AB:29:67:94,-76,11,1,4,1,1,1,0,0,0,0,-96,0,6,1,37393390,0,84,0,0,37.7745,384,[84 -64 4 0 0 0 0 0 0 0 0 0 11 17 11 15 12 18 10 18 11 18 9 16 9 18 7 16 6 17 5 17 6 15 4 14 4 15 3 14 2 12 4 13 3 11 2 12 4 11 3 10 3 9 5 9 3 9 4 8 4 8 5 7 0 0 5 6 7 6 6 4 6 6 8 3 8 3 8 5 9 2 8 3 9 4 10 2 9 3 9 2 9 2 10 2 9 1 10 1 10 -2 11 1 9 0 10 1 10 1 11 0 10 0 12 0 9 1 0 0 0 0 0 0 0 0 0 0 ]
117,1782977806.685968,10.6180,-77,CSI_DATA,AP,98:F4:AB:29:67:94,-77,11,1,4,1,1,1,0,0,0,0,-96,0,6,1,37477438,0,84,0,0,37.8585,384,[84 -64 4 0 0 0 0 0 0 0 0 0 12 -17 13 -15 14 -16 14 -17 15 -15 15 -13 13 -12 13 -14 13 -12 13 -9 14 -10 13 -12 11 -10 11 -8 11 -8 11 -9 10 -7 9 -7 7 -8 8 -8 6 -7 6 -9 6 -10 5 -9 4 -9 4 -10 0 0 2 -9 2 -10 2 -8 -1 -9 -1 -7 0 -9 -1 -9 -3 -12 0 -10 -4 -12 -3 -11 -3 -10 -4 -12 -3 -9 -3 -11 -4 -11 -4 -11 -6 -9 -4 -10 -6 -9 -8 -9 -6 -12 -7 -9 -7 -11 -6 -11 -6 -10 0 0 0 0 0 0 0 0 0 0 ]
118,1782977806.929238,12.5564,-71,CSI_DATA,AP,98:F4:AB:29:67:94,-71,11,0,0,0,0,0,0,0,0,0,-96,0,6,1,37576757,0,84,0,0,37.958,128,[84 -64 4 0 0 0 0 0 0 0 0 0 18 -30 18 -28 22 -28 20 -28 21 -25 19 -22 19 -21 19 -21 22 -20 18 -20 19 -18 19 -20 19 -19 18 -18 16 -16 18 -17 17 -14 13 -14 10 -13 11 -12 10 -12 8 -13 5 -13 6 -14 5 -15 6 -14 0 0 2 -14 3 -15 1 -14 -1 -15 0 -13 -2 -14 -4 -15 -3 -16 -5 -16 -4 -16 -5 -18 -7 -16 -8 -16 -7 -15 -7 -17 -6 -16 -9 -17 -9 -15 -9 -16 -11 -14 -9 -18 -10 -15 -11 -17 -10 -16 -11 -16 -9 -16 0 0 0 0 0 0 0 0 0 0 ]
119,1782977807.174561,11.7938,-75,CSI_DATA,AP,98:F4:AB:29:67:94,-75,11,1,2,1,1,1,0,0,0,0,-96,0,6,1,37659410,0,84,0,0,38.0406,384,[84 -64 4 0 0 0 0 0 0 0 0 0 -14 15 -12 13 -15 14 -13 12 -16 13 -13 10 -15 10 -15 9 -13 9 -16 9 -14 8 -14 6 -13 6 -14 6 -11 6 -13 6 -10 6 -11 6 -9 4 -10 5 -9 3 -9 5 -7 6 -7 5 -8 7 -6 7 0 0 -5 6 -3 7 -4 5 -4 7 -2 5 -3 7 -1 7 -3 8 -2 8 -3 9 -3 10 -2 8 -2 10 -2 8 -1 9 0 9 -1 10 0 9 -1 10 1 9 0 10 2 10 -1 10 -1 9 0 10 2 13 0 0 0 0 0 0 0 0 0 0 ]
120,1782977807.419737,10.3091,-76,CSI_DATA,AP,98:F4:AB:29:67:94,-76,11,1,4,1,1,1,0,0,0,0,-96,0,6,1,37745612,0,84,0,0,38.1268,384,[84 -64 4 0 0 0 0 0 0 0 0 0 7 21 7 18 6 21 6 19 4 20 3 20 3 18 1 17 2 18 2 16 1 15 -1 15 0 16 1 15 -1 14 0 14 0 12 0 11 1 9 2 10 1 9 3 10 2 10 3 8 4 9 2 8 0 0 4 7 5 8 5 8 5 7 6 5 7 5 6 5 8 7 8 5 10 5 9 3 9 5 9 7 10 7 10 5 10 6 11 4 9 3 10 5 12 5 10 2 10 6 11 5 11 4 11 5 10 4 0 0 0 0 0 0 0 0 0 0 ]
121,1782977807.690538,9.8994,-76,CSI_DATA,AP,98:F4:AB:29:67:94,-76,11,1,4,1,1,1,0,0,0,0,-96,0,6,1,37835034,0,84,0,0,38.2162,384,[84 -64 4 0 0 0 0 0 0 0 0 0 17 13 15 13 15 14 15 13 12 14 11 13 11 12 10 13 11 15 10 14 9 11 10 14 7 12 8 13 6 11 7 11 6 9 6 10 6 8 6 9 8 9 7 6 4 7 7 6 8 6 7 4 0 0 8 3 7 3 6 3 8 1 6 1 8 1 7 -1 8 -1 10 -1 11 -3 9 -2 10 -1 11 0 10 -2 11 -4 10 -3 11 -4 9 -5 10 -6 9 -6 11 -4 11 -4 11 -5 12 -4 9 -4 11 -4 0 0 0 0 0 0 0 0 0 0 ]
122,1782977807.941813,9.8514,-77,CSI_DATA,AP,98:F4:AB:29:67:94,-77,11,1,4,1,1,1,0,0,0,0,-96,0,6,1,37931905,0,84,0,0,38.3131,384,[84 -64 4 0 0 0 0 0 0 0 0 0 -11 -18 -9 -17 -8 -18 -9 -18 -8 -18 -7 -16 -6 -17 -5 -17 -5 -16 -4 -17 -5 -15 -3 -15 -3 -17 -3 -15 -3 -14 -3 -14 -2 -13 -1 -12 -4 -12 -3 -11 -5 -9 -3 -9 -5 -8 -4 -10 -6 -8 -5 -8 0 0 -6 -7 -6 -7 -5 -8 -7 -6 -7 -6 -7 -5 -9 -4 -9 -4 -11 -4 -8 -5 -11 -5 -10 -4 -9 -2 -9 -4 -11 -3 -10 -2 -11 -3 -10 -3 -11 -3 -11 -2 -10 -2 -11 -1 -12 -3 -11 -2 -10 -4 -10 -2 0 0 0 0 0 0 0 0 0 0 ]
123,1782977808.185824,10.0361,-77,CSI_DATA,AP,98:F4:AB:29:67:94,-77,11,1,4,1,1,1,0,0,0,0,-96,0,6,1,38016956,0,84,0,0,38.3981,384,[84 -64 4 0 0 0 0 0 0 0 0 0 -9 19 -8 16 -11 21 -10 17 -11 17 -12 16 -12 16 -11 15 -12 14 -12 15 -10 14 -12 14 -11 13 -10 11 -9 11 -11 10 -10 10 -9 10 -7 8 -8 6 -7 8 -4 7 -5 9 -3 10 -4 8 -4 9 0 0 -3 8 -1 10 0 6 -1 9 -1 6 2 10 0 8 0 7 5 9 3 9 4 10 3 9 4 9 2 10 6 7 4 8 6 8 6 8 5 10 7 9 6 9 6 11 6 10 6 9 7 8 6 9 0 0 0 0 0 0 0 0 0 0 ]
124,1782977808.426722,10.3238,-75,CSI_DATA,AP,98:F4:AB:29:67:94,-75,11,1,2,1,1,1,0,0,0,0,-96,0,6,1,38113852,0,84,0,0,38.4951,384,[84 -64 4 0 0 0 0 0 0 0 0 0 15 -14 14 -13 17 -15 15 -12 15 -13 15 -10 16 -11 16 -9 16 -8 17 -8 15 -9 16 -8 15 -7 15 -6 11 -5 14 -6 13 -6 11 -7 11 -4 10 -6 9 -6 9 -7 9 -7 9 -6 8 -8 7 -7 0 0 7 -8 5 -8 5 -8 2 -9 3 -7 3 -10 3 -9 2 -9 2 -10 2 -10 3 -11 2 -11 2 -10 2 -10 1 -11 3 -10 1 -12 0 -9 1 -12 1 -11 1 -12 0 -13 0 -15 0 -12 1 -13 1 -12 0 0 0 0 0 0 0 0 0 0 ]
125,1782977808.666814,10.6025,-76,CSI_DATA,AP,98:F4:AB:29:67:94,-76,11,1,4,1,1,1,0,0,0,0,-96,0,6,1,38196192,0,84,0,0,38.5773,384,[84 -64 4 0 0 0 0 0 0 0 0 0 -3 21 -5 18 -5 20 -5 18 -5 18 -6 17 -7 17 -6 16 -7 15 -9 15 -8 15 -8 14 -8 15 -7 14 -6 11 -7 13 -6 12 -5 11 -6 10 -4 9 -3 9 -5 10 -2 9 -2 10 -2 11 -2 10 0 0 0 10 0 10 1 9 1 9 2 8 2 8 4 9 3 7 4 8 6 9 5 9 3 9 5 8 5 8 6 9 6 7 5 9 6 8 7 8 7 8 7 9 7 8 8 9 7 8 8 8 7 8 0 0 0 0 0 0 0 0 0 0 ]
126,1782977808.904159,11.4955,-76,CSI_DATA,AP,98:F4:AB:29:67:94,-76,11,1,4,1,1,1,0,0,0,0,-96,0,6,1,38285695,0,84,0,0,38.6668,384,[84 -64 4 0 0 0 0 0 0 0 0 0 -18 -14 -15 -14 -16 -13 -14 -13 -15 -15 -11 -15 -13 -13 -13 -13 -11 -14 -12 -14 -11 -14 -9 -15 -10 -13 -10 -13 -9 -11 -8 -13 -9 -10 -8 -11 -8 -10 -9 -10 -7 -7 -7 -9 -9 -7 -8 -6 -9 -7 -9 -6 0 0 -9 -5 -9 -5 -9 -5 -10 -3 -7 -4 -11 -3 -9 -2 -12 -2 -9 -2 -12 -2 -11 0 -10 -1 -12 -1 -12 -2 -11 -1 -10 0 -13 -1 -11 -1 -12 1 -13 1 -14 1 -13 1 -13 0 -13 2 -11 0 -11 0 0 0 0 0 0 0 0 0 0 0 ]
127,1782977809.141830,10.9165,-75,CSI_DATA,AP,98:F4:AB:29:67:94,-75,11,1,2,1,1,1,0,0,0,0,-96,0,6,1,38376362,0,84,0,0,38.7575,384,[84 -64 4 0 0 0 0 0 0 0 0 0 17 -12 18 -10 16 -10 16 -9 19 -9 16 -7 18 -6 16 -4 16 -8 17 -4 16 -6 15 -5 13 -4 14 -4 13 -4 13 -6 10 -5 12 -6 10 -4 8 -5 9 -5 8 -7 8 -5 7 -6 8 -6 7 -7 0 0 4 -7 5 -8 4 -7 3 -9 2 -7 2 -9 1 -9 1 -10 1 -11 0 -11 0 -12 1 -11 -1 -11 0 -11 -2 -10 -1 -10 -2 -13 -2 -11 -2 -12 -3 -11 -2 -12 -3 -12 -4 -13 -3 -13 -2 -12 -3 -12 0 0 0 0 0 0 0 0 0 0 ]
128,1782977809.379511,10.7786,-77,CSI_DATA,AP,98:F4:AB:29:67:94,-77,11,1,4,1,1,1,0,0,0,0,-96,0,6,1,38467579,0,84,0,0,38.8487,384,[84 -64 4 0 0 0 0 0 0 0 0 0 16 -10 15 -11 16 -10 18 -9 15 -9 15 -10 16 -7 16 -6 17 -6 15 -4 14 -6 15 -6 15 -5 13 -4 13 -5 13 -4 12 -4 10 -3 10 -4 10 -4 9 -4 8 -6 8 -4 7 -5 8 -5 6 -5 0 0 6 -6 6 -6 5 -6 5 -7 5 -8 3 -7 3 -8 2 -8 3 -10 2 -10 1 -11 1 -10 3 -9 2 -9 2 -11 2 -12 1 -10 1 -10 3 -10 2 -12 1 -10 1 -12 1 -13 2 -12 2 -12 3 -12 0 0 0 0 0 0 0 0 0 0 ]
129,1782977809.621099,9.8363,-75,CSI_DATA,AP,98:F4:AB:29:67:94,-75,11,1,2,1,1,1,0,0,0,0,-96,0,6,1,38564250,0,84,0,0,38.9454,384,[84 -64 4 0 0 0 0 0 0 0 0 0 12 17 11 16 9 18 10 17 9 16 6 17 7 17 7 15 7 17 5 14 6 14 5 15 5 15 3 15 4 14 4 13 3 12 4 11 2 11 3 9 5 10 3 9 4 9 5 8 6 8 5 7 0 0 4 8 5 6 7 6 6 5 6 6 8 4 8 4 9 3 9 4 9 6 11 3 9 2 12 5 10 2 9 4 10 3 12 3 11 2 10 3 10 2 12 2 12 2 10 3 12 3 11 3 10 4 0 0 0 0 0 0 0 0 0 0 ]
130,1782977809.869431,10.4004,-75,CSI_DATA,AP,98:F4:AB:29:67:94,-75,11,1,2,1,1,1,0,0,0,0,-96,0,6,1,38649604,0,84,0,0,39.0308,384,[84 -64 4 0 0 0 0 0 0 0 0 0 -19 -11 -17 -11 -20 -12 -17 -12 -19 -13 -15 -12 -16 -12 -14 -13 -15 -13 -13 -13 -14 -13 -12 -12 -11 -13 -11 -14 -9 -12 -10 -12 -9 -9 -10 -10 -8 -8 -10 -7 -9 -8 -8 -7 -10 -6 -9 -6 -9 -7 -10 -5 0 0 -9 -4 -10 -3 -10 -2 -9 -2 -10 -1 -10 0 -9 0 -11 1 -13 1 -12 0 -12 2 -12 1 -11 1 -12 2 -11 4 -10 3 -12 4 -10 5 -11 3 -12 4 -12 3 -12 4 -12 4 -12 5 -12 3 -12 3 0 0 0 0 0 0 0 0 0 0 ]
131,1782977810.108674,9.6453,-76,CSI_DATA,AP,98:F4:AB:29:67:94,-76,11,1,4,1,1,1,0,0,0,0,-96,0,6,1,38740677,0,84,0,0,39.1218,384,[84 -64 4 0 0 0 0 0 0 0 0 0 21 2 19 4 19 5 17 6 20 7 17 6 16 6 14 7 15 9 15 7 14 8 13 7 13 8 12 6 13 7 13 6 11 5 12 4 11 4 9 4 9 3 9 3 9 2 10 1 9 2 8 1 0 0 9 1 10 0 8 -1 8 -3 8 -3 7 -3 8 -5 7 -3 8 -5 8 -6 9 -7 8 -5 6 -5 7 -6 7 -7 7 -7 8 -8 6 -9 5 -8 6 -8 7 -10 7 -8 7 -10 6 -9 5 -8 6 -9 0 0 0 0 0 0 0 0 0 0 ]
132,1782977810.345563,10.4615,-76,CSI_DATA,AP,98:F4:AB:29:67:94,-76,11,1,4,1,1,1,0,0,0,0,-96,0,6,1,38827097,0,84,0,0,39.2083,384,[84 -64 4 0 0 0 0 0 0 0 0 0 -22 -5 -20 -8 -19 -9 -18 -9 -19 -9 -17 -10 -17 -9 -16 -8 -15 -9 -16 -10 -15 -8 -15 -9 -15 -9 -15 -8 -13 -10 -13 -8 -10 -8 -10 -7 -10 -7 -11 -7 -10 -6 -10 -6 -11 -4 -8 -4 -11 -3 -8 -2 0 0 -9 -2 -10 -1 -9 0 -9 1 -8 1 -8 1 -7 1 -9 2 -9 4 -9 5 -9 4 -9 4 -10 6 -9 4 -9 6 -8 5 -7 6 -8 7 -7 7 -6 7 -7 7 -8 8 -6 8 -9 9 -8 8 -8 7 0 0 0 0 0 0 0 0 0 0 ]
133,1782977810.580732,9.7052,-76,CSI_DATA,AP,98:F4:AB:29:67:94,-76,11,1,4,1,1,1,0,0,0,0,-96,0,6,1,38915017,0,84,0,0,39.296,384,[84 -64 4 0 0 0 0 0 0 0 0 0 18 8 16 8 17 10 16 8 17 10 13 7 15 10 14 10 13 9 11 11 12 11 12 10 10 9 10 9 9 7 9 10 8 8 8 7 7 7 9 6 7 6 7 5 6 2 8 3 8 4 8 3 0 0 7 2 10 2 8 2 8 0 7 0 6 -1 7 -2 8 -4 8 -2 9 -4 8 -5 7 -2 8 -4 9 -3 8 -4 8 -5 9 -4 7 -4 8 -5 7 -7 8 -7 9 -7 9 -6 9 -7 8 -7 8 -6 0 0 0 0 0 0 0 0 0 0 ]
134,1782977810.816042,9.3825,-77,CSI_DATA,AP,98:F4:AB:29:67:94,-77,11,1,4,1,1,1,0,0,0,0,-96,0,6,1,39005128,0,84,0,0,39.3863,384,[84 -64 4 0 0 0 0 0 0 0 0 0 1 20 2 19 1 22 1 17 1 19 -2 16 -1 17 -2 17 -3 15 -4 16 -3 16 -3 14 -5 14 -3 14 -3 13 -2 15 -3 12 -2 10 -3 10 -2 9 -2 9 -2 9 -2 11 -1 9 0 9 0 10 0 0 1 8 0 9 2 8 3 6 4 5 4 7 3 8 2 9 4 7 5 7 3 7 4 8 6 8 4 7 6 8 7 8 6 7 5 6 7 8 6 7 5 8 8 7 8 8 8 7 6 9 6 7 0 0 0 0 0 0 0 0 0 0 ]
135,1782977811.052957,10.3201,-74,CSI_DATA,AP,98:F4:AB:29:67:94,-74,11,1,2,1,1,1,0,0,0,0,-96,0,6,1,39100836,0,84,0,0,39.482,384,[84 -64 4 0 0 0 0 0 0 0 0 0 -23 0 -20 -2 -22 -2 -20 -3 -22 -3 -19 -5 -20 -6 -18 -5 -20 -5 -19 -7 -18 -5 -17 -7 -18 -6 -17 -7 -15 -5 -15 -5 -14 -3 -13 -4 -11 -3 -12 -3 -13 -3 -11 -2 -11 -2 -11 -1 -11 -2 -11 1 0 0 -10 1 -10 1 -8 2 -10 3 -7 3 -8 3 -7 4 -8 5 -9 5 -11 6 -9 7 -8 6 -9 6 -8 5 -9 8 -7 8 -9 9 -6 9 -6 9 -6 8 -7 9 -7 11 -8 10 -7 11 -8 9 -8 9 0 0 0 0 0 0 0 0 0 0 ]
136,1782977811.291196,9.1213,-76,CSI_DATA,AP,98:F4:AB:29:67:94,-76,11,1,4,1,1,1,0,0,0,0,-96,0,6,1,39188117,0,84,0,0,39.5693,384,[84 -64 4 0 0 0 0 0 0 0 0 0 18 10 17 9 18 11 17 11 16 11 15 10 15 12 13 13 13 13 13 13 12 10 12 11 12 10 11 12 10 9 11 10 9 8 8 7 8 7 9 7 7 6 6 4 7 3 8 4 7 4 9 3 0 0 7 1 7 -1 8 0 7 0 7 -1 6 -2 8 -3 7 -4 8 -5 7 -4 7 -5 8 -5 9 -5 8 -6 7 -5 7 -5 9 -7 8 -7 8 -7 9 -9 8 -7 8 -8 9 -8 8 -9 8 -8 8 -7 0 0 0 0 0 0 0 0 0 0 ]
137,1782977811.531839,9.9609,-77,CSI_DATA,AP,98:F4:AB:29:67:94,-77,11,1,4,1,1,1,0,0,0,0,-96,0,6,1,39280792,0,84,0,0,39.6619,384,[84 -64 4 0 0 0 0 0 0 0 0 0 -23 -6 -18 -5 -21 -7 -23 -8 -22 -8 -17 -6 -17 -9 -16 -7 -15 -6 -18 -8 -17 -10 -15 -9 -15 -10 -15 -10 -11 -10 -16 -9 -10 -9 -10 -7 -10 -7 -10 -6 -11 -5 -11 -4 -8 -5 -11 -4 -11 -2 -11 -2 0 0 -10 -3 -10 0 -10 0 -10 1 -9 2 -10 1 -9 2 -11 3 -12 3 -11 2 -14 4 -13 4 -9 3 -9 5 -10 6 -10 5 -11 5 -10 4 -10 6 -11 6 -13 5 -11 7 -11 7 -9 4 -11 7 -10 4 0 0 0 0 0 0 0 0 0 0 ]
138,1782977811.772216,9.4247,-77,CSI_DATA,AP,98:F4:AB:29:67:94,-77,11,1,4,1,1,1,0,0,0,0,-96,0,6,1,39365902,0,84,0,0,39.7471,384,[84 -64 4 0 0 0 0 0 0 0 0 0 4 21 3 20 2 22 1 19 1 23 -1 21 -1 19 -2 19 -1 20 -4 19 -2 20 -3 17 -3 18 -2 17 -2 15 -2 15 -2 12 -1 13 -2 10 1 10 -1 10 0 11 1 10 2 10 0 9 4 10 0 0 4 9 4 9 2 7 4 8 6 7 6 7 7 6 7 8 8 7 7 6 8 9 9 8 7 7 9 6 9 5 8 5 10 6 9 7 11 6 11 6 9 7 10 6 10 7 11 6 10 5 10 6 0 0 0 0 0 0 0 0 0 0 ]
139,1782977812.011637,9.2071,-76,CSI_DATA,AP,98:F4:AB:29:67:94,-76,11,1,4,1,1,1,0,0,0,0,-96,0,6,1,39455433,0,84,0,0,39.8366,384,[84 -64 4 0 0 0 0 0 0 0 0 0 -6 19 -7 18 -7 20 -7 17 -8 18 -9 15 -7 15 -9 16 -6 15 -9 14 -9 14 -9 13 -9 12 -9 12 -9 11 -9 13 -8 9 -7 10 -6 9 -5 8 -5 8 -4 9 -4 8 -5 9 -4 8 -2 9 0 0 0 8 -1 8 -1 8 -2 7 0 9 0 8 0 7 0 7 2 8 3 8 1 8 2 8 3 9 3 8 3 9 4 7 4 8 3 9 5 8 5 6 3 7 5 10 6 8 5 8 5 9 5 9 0 0 0 0 0 0 0 0 0 0 ]
140,1782977812.252613,8.5992,-76,CSI_DATA,AP,98:F4:AB:29:67:94,-76,11,1,4,1,1,1,0,0,0,0,-96,0,6,1,39547337,0,84,0,0,39.9285,384,[84 -64 4 0 0 0 0 0 0 0 0 0 -12 -19 -7 -20 -9 -20 -9 -20 -8 -19 -6 -20 -4 -19 -4 -19 -5 -18 -5 -17 -5 -18 -3 -16 -4 -16 -4 -15 -4 -14 -3 -13 -4 -14 -4 -12 -4 -11 -3 -11 -4 -10 -4 -10 -4 -9 -6 -9 -4 -7 -6 -8 0 0 -7 -7 -6 -5 -8 -5 -7 -6 -7 -3 -7 -2 -8 -4 -9 -4 -9 -4 -10 -4 -10 -2 -9 -4 -11 0 -11 -2 -11 -2 -10 0 -10 0 -9 -1 -11 1 -11 1 -10 2 -11 1 -12 1 -12 1 -11 2 -11 1 0 0 0 0 0 0 0 0 0 0 ]
141,1782977812.488556,9.2399,-76,CSI_DATA,AP,98:F4:AB:29:67:94,-76,11,1,4,1,1,1,0,0,0,0,-96,0,6,1,39635717,0,84,0,0,40.0167,384,[84 -64 4 0 0 0 0 0 0 0 0 0 19 -9 18 -9 20 -7 16 -7 19 -7 17 -5 17 -5 18 -4 17 -5 16 -3 16 -3 17 -2 15 -2 16 -2 14 -3 14 -1 13 -2 12 -3 9 -2 10 -2 9 -3 9 -4 8 -5 8 -3 9 -5 7 -4 0 0 6 -6 6 -8 6 -7 4 -6 3 -6 5 -9 2 -8 3 -9 3 -10 3 -10 3 -10 2 -9 2 -9 2 -9 3 -11 2 -10 2 -13 1 -12 2 -10 0 -11 0 -11 -1 -12 1 -12 0 -13 0 -12 0 -11 0 0 0 0 0 0 0 0 0 0 ]
142,1782977812.727165,9.8635,-77,CSI_DATA,AP,98:F4:AB:29:67:94,-77,11,1,4,1,1,1,0,0,0,0,-96,0,6,1,39729209,0,84,0,0,40.1104,384,[84 -64 4 0 0 0 0 0 0 0 0 0 20 -9 18 -5 18 -6 16 -6 18 -5 16 -4 17 -3 17 -6 16 -3 14 -1 15 -2 15 -3 15 -2 14 -2 12 -1 12 -1 10 -3 10 -2 10 -3 10 -1 8 -2 7 -3 8 -3 7 -4 8 -6 8 -4 0 0 7 -5 7 -6 5 -5 5 -8 6 -6 5 -7 5 -7 3 -9 4 -11 2 -10 4 -11 3 -9 3 -8 3 -9 3 -10 3 -9 3 -12 3 -11 2 -12 2 -11 2 -11 1 -11 3 -12 3 -12 1 -12 2 -11 0 0 0 0 0 0 0 0 0 0 ]
143,1782977812.966799,11.0540,-76,CSI_DATA,AP,98:F4:AB:29:67:94,-76,11,1,4,1,1,1,0,0,0,0,-96,0,6,1,39817856,0,84,0,0,40.199,384,[84 -64 4 0 0 0 0 0 0 0 0 0 -24 5 -21 5 -22 6 -19 4 -21 2 -18 1 -20 2 -20 -1 -19 -1 -18 -3 -19 -1 -19 -3 -16 -3 -16 -3 -14 -3 -18 -3 -14 -3 -13 -2 -10 -2 -12 -2 -13 -1 -11 -2 -11 0 -9 0 -12 -1 -11 1 0 0 -10 0 -10 1 -9 2 -11 2 -9 3 -9 3 -10 4 -11 4 -10 5 -11 5 -12 4 -12 6 -11 5 -10 6 -9 7 -10 6 -11 7 -10 7 -10 8 -9 7 -9 8 -10 7 -11 7 -10 8 -11 6 -10 7 0 0 0 0 0 0 0 0 0 0 ]
144,1782977813.203182,10.3753,-77,CSI_DATA,AP,98:F4:AB:29:67:94,-77,11,1,4,1,1,1,0,0,0,0,-96,0,6,1,39907397,0,84,0,0,40.2885,384,[84 -64 4 0 0 0 0 0 0 0 0 0 -6 22 -6 20 -7 22 -9 20 -7 19 -7 19 -9 20 -10 17 -10 17 -11 15 -9 16 -10 16 -9 14 -8 14 -9 12 -9 13 -9 11 -6 11 -4 10 -6 8 -3 9 -6 8 -3 9 -4 8 -1 9 -1 9 0 0 1 10 1 10 2 9 1 8 1 8 3 8 4 8 6 9 4 7 5 9 7 8 6 8 6 9 7 8 8 7 7 8 9 8 7 8 7 8 8 9 12 11 11 8 10 11 8 8 10 8 8 8 0 0 0 0 0 0 0 0 0 0 ]
145,1782977813.430841,9.8854,-75,CSI_DATA,AP,98:F4:AB:29:67:94,-75,11,1,2,1,1,1,0,0,0,0,-96,0,6,1,39999513,0,84,0,0,40.3807,384,[84 -64 4 0 0 0 0 0 0 0 0 0 11 19 10 17 9 17 9 18 8 19 6 15 6 16 4 15 3 17 3 17 2 16 4 16 2 16 2 15 1 14 1 14 2 13 0 11 1 9 2 9 1 9 3 8 5 8 4 7 4 8 5 7 0 0 3 7 6 6 6 6 7 6 7 4 7 5 7 4 8 3 8 3 9 5 10 4 8 5 9 5 10 5 10 5 10 3 11 3 10 4 12 4 10 2 12 2 12 2 11 3 12 3 11 5 11 4 0 0 0 0 0 0 0 0 0 0 ]
146,1782977813.664669,9.1502,-75,CSI_DATA,AP,98:F4:AB:29:67:94,-75,11,1,2,1,1,1,0,0,0,0,-96,0,6,1,40088028,0,84,0,0,40.4692,384,[84 -64 4 0 0 0 0 0 0 0 0 0 4 -18 3 -17 6 -18 5 -17 6 -18 6 -15 8 -15 9 -16 7 -15 8 -14 7 -14 9 -14 8 -12 7 -13 8 -12 7 -13 6 -10 5 -9 5 -8 4 -10 4 -9 2 -8 4 -9 3 -8 1 -9 2 -9 0 0 1 -8 0 -9 0 -8 -1 -9 -2 -8 -2 -8 -2 -8 -3 -9 -4 -9 -3 -11 -5 -11 -4 -10 -4 -9 -4 -10 -3 -11 -5 -10 -5 -10 -6 -9 -5 -10 -6 -9 -6 -11 -6 -10 -6 -11 -6 -10 -5 -10 -6 -9 0 0 0 0 0 0 0 0 0 0 ]
147,1782977813.894897,10.2580,-76,CSI_DATA,AP,98:F4:AB:29:67:94,-76,11,1,4,1,1,1,0,0,0,0,-96,0,6,1,40175364,0,84,0,0,40.5565,384,[84 -64 4 0 0 0 0 0 0 0 0 0 -2 -22 1 -19 1 -23 0 -21 1 -22 3 -19 2 -20 4 -18 4 -18 4 -18 4 -20 3 -18 3 -16 3 -17 4 -15 3 -16 2 -12 3 -11 0 -12 1 -12 2 -13 0 -12 0 -13 0 -11 0 -11 -4 -11 0 0 -4 -10 -4 -10 -4 -12 -5 -11 -3 -10 -6 -10 -7 -10 -8 -10 -8 -11 -9 -11 -9 -12 -8 -10 -8 -10 -8 -9 -10 -10 -8 -8 -9 -8 -10 -8 -10 -8 -11 -8 -11 -7 -10 -8 -11 -9 -11 -8 -11 -9 -9 -9 0 0 0 0 0 0 0 0 0 0 ]
148,1782977814.125890,10.0686,-77,CSI_DATA,AP,98:F4:AB:29:67:94,-77,11,1,4,1,1,1,0,0,0,0,-96,0,6,1,40266188,0,84,0,0,40.6474,384,[84 -64 4 0 0 0 0 0 0 0 0 0 11 -18 10 -17 11 -17 10 -16 11 -16 12 -13 11 -14 12 -13 11 -12 11 -12 12 -13 11 -12 12 -12 11 -11 12 -9 11 -9 8 -9 9 -8 7 -8 7 -8 6 -8 7 -9 4 -8 5 -9 5 -9 5 -10 0 0 4 -10 3 -9 2 -8 1 -9 1 -8 1 -10 0 -10 0 -10 0 -11 -2 -11 -2 -12 -2 -12 0 -12 -1 -11 -3 -12 -1 -11 -2 -12 -2 -11 -3 -11 -1 -11 -1 -12 -3 -12 -3 -13 -2 -12 -2 -12 -2 -12 0 0 0 0 0 0 0 0 0 0 ]
149,1782977814.353178,9.6453,-75,CSI_DATA,AP,98:F4:AB:29:67:94,-75,11,1,2,1,1,1,0,0,0,0,-96,0,6,1,40361750,0,84,0,0,40.7429,384,[84 -64 4 0 0 0 0 0 0 0 0 0 -3 20 -3 19 -3 20 -4 19 -5 19 -6 17 -5 17 -8 16 -6 16 -8 16 -9 16 -8 15 -9 14 -8 15 -7 13 -8 13 -5 11 -5 13 -5 10 -3 10 -6 10 -5 11 -4 10 -2 11 -3 9 -3 9 0 0 -2 10 -1 10 0 9 0 10 0 7 1 9 0 10 1 11 2 10 2 11 2 11 1 11 3 11 3 10 2 11 3 8 4 10 2 8 3 8 5 9 4 10 5 10 4 10 4 9 3 10 4 10 0 0 0 0 0 0 0 0 0 0 ]
150,1782977814.587889,10.1524,-76,CSI_DATA,AP,98:F4:AB:29:67:94,-76,11,1,4,1,1,1,0,0,0,0,-96,0,6,1,40446949,0,84,0,0,40.828,384,[84 -64 4 0 0 0 0 0 0 0 0 0 -19 -7 -18 -9 -19 -9 -18 -8 -19 -11 -15 -9 -16 -9 -16 -9 -17 -11 -15 -11 -14 -9 -16 -11 -14 -9 -12 -10 -12 -8 -14 -10 -12 -7 -11 -8 -9 -6 -10 -7 -10 -7 -9 -5 -10 -6 -10 -4 -10 -4 -9 -4 0 0 -10 -2 -10 -3 -9 -1 -10 0 -8 0 -8 0 -8 1 -11 2 -10 3 -11 1 -12 4 -8 2 -8 3 -9 3 -9 4 -10 4 -8 4 -7 4 -9 6 -9 5 -6 5 -9 5 -8 5 -9 7 -8 6 -9 6 0 0 0 0 0 0 0 0 0 0 ]
151,1782977814.818088,10.4191,-77,CSI_DATA,AP,98:F4:AB:29:67:94,-77,11,1,4,1,1,1,0,0,0,0,-96,0,6,1,40536484,0,84,0,0,40.9176,384,[84 -64 4 0 0 0 0 0 0 0 0 0 2 22 1 22 2 24 0 20 -1 22 -1 21 -2 20 -3 19 -4 21 -3 18 -2 19 -3 18 -3 18 -4 18 -5 16 -4 15 -5 14 -2 13 -3 12 -1 11 -1 12 0 12 -1 8 0 9 1 10 2 10 0 0 2 10 2 9 4 7 4 8 4 7 5 7 5 6 5 6 7 5 6 8 7 8 7 7 7 6 8 7 8 6 9 5 9 7 7 5 10 6 9 3 9 5 9 5 10 5 11 5 11 6 10 4 0 0 0 0 0 0 0 0 0 0 ]
152,1782977815.052712,9.5440,-77,CSI_DATA,AP,98:F4:AB:29:67:94,-77,11,1,4,1,1,1,0,0,0,0,-96,0,6,1,40633582,0,84,0,0,41.0147,384,[84 -64 4 0 0 0 0 0 0 0 0 0 -11 -18 -8 -19 -9 -20 -8 -19 -8 -20 -6 -17 -4 -20 -5 -18 -5 -17 -4 -18 -4 -17 -4 -17 -3 -15 -3 -16 -3 -13 -4 -14 -3 -12 -3 -12 -4 -11 -3 -9 -5 -10 -6 -8 -4 -7 -6 -8 -5 -7 -6 -7 0 0 -6 -5 -7 -5 -7 -3 -10 -3 -9 -2 -10 -2 -8 -2 -9 -2 -9 -2 -10 0 -9 -1 -11 0 -9 -1 -10 0 -11 2 -8 2 -10 1 -10 2 -11 3 -12 3 -11 2 -10 3 -11 2 -12 4 -12 3 -10 2 0 0 0 0 0 0 0 0 0 0 ]
153,1782977815.283968,10.6389,-77,CSI_DATA,AP,98:F4:AB:29:67:94,-77,11,1,4,1,1,1,0,0,0,0,-96,0,6,1,40716804,0,84,0,0,41.098,384,[84 -64 4 0 0 0 0 0 0 0 0 0 -15 -15 -15 -17 -14 -17 -12 -16 -12 -18 -11 -16 -10 -16 -10 -16 -10 -17 -9 -17 -9 -14 -9 -15 -6 -15 -8 -15 -6 -13 -6 -14 -7 -11 -9 -11 -6 -10 -6 -10 -7 -7 -7 -9 -7 -7 -7 -8 -9 -7 -7 -6 0 0 -10 -4 -9 -5 -10 -3 -9 -3 -10 -2 -9 -2 -10 -1 -12 -2 -13 -2 -14 -1 -12 0 -13 -1 -13 1 -13 0 -13 0 -12 -1 -13 1 -14 2 -11 2 -14 1 -12 1 -14 1 -14 0 -13 1 -14 1 -12 1 0 0 0 0 0 0 0 0 0 0 ]
154,1782977815.515056,11.5231,-76,CSI_DATA,AP,98:F4:AB:29:67:94,-76,11,1,4,1,1,1,0,0,0,0,-96,0,6,1,40806861,0,84,0,0,41.188,384,[84 -64 4 0 0 0 0 0 0 0 0 0 -13 -15 -12 -13 -14 -14 -14 -13 -11 -14 -10 -14 -10 -15 -10 -14 -10 -15 -9 -15 -8 -14 -8 -14 -7 -14 -6 -15 -6 -15 -8 -14 -6 -13 -7 -12 -5 -11 -5 -11 -6 -11 -8 -11 -7 -11 -7 -9 -6 -11 -7 -9 0 0 -5 -8 -6 -6 -9 -8 -7 -8 -8 -6 -8 -8 -9 -6 -9 -8 -10 -7 -11 -7 -9 -8 -11 -7 -10 -7 -10 -7 -10 -6 -10 -6 -11 -8 -11 -6 -10 -5 -10 -6 -11 -6 -10 -6 -10 -4 -12 -5 -11 -6 -9 -6 0 0 0 0 0 0 0 0 0 0 ]
155,1782977815.746896,10.4406,-75,CSI_DATA,AP,98:F4:AB:29:67:94,-75,11,1,2,1,1,1,0,0,0,0,-96,0,6,1,40901074,0,84,0,0,41.2822,384,[84 -64 4 0 0 0 0 0 0 0 0 0 1 21 0 20 -1 21 -1 18 -2 19 -3 17 -3 17 -6 16 -4 17 -5 17 -6 16 -6 16 -4 14 -5 14 -4 13 -6 15 -4 13 -3 13 -6 10 -2 10 -3 10 -3 11 -2 10 0 10 -2 9 -1 10 0 0 -1 8 1 9 1 9 0 8 2 7 3 8 2 8 3 7 3 8 4 7 3 7 2 6 4 7 3 6 6 7 5 6 6 6 5 4 6 5 6 3 6 5 6 5 7 5 6 5 5 5 5 4 0 0 0 0 0 0 0 0 0 0 ]
156,1782977815.977282,11.3981,-76,CSI_DATA,AP,98:F4:AB:29:67:94,-76,11,1,4,1,1,1,0,0,0,0,-96,0,6,1,40986159,0,84,0,0,41.3673,384,[84 -64 4 0 0 0 0 0 0 0 0 0 -14 19 -15 20 -15 18 -13 18 -14 15 -14 14 -16 15 -16 14 -14 13 -16 14 -15 13 -15 11 -14 11 -14 11 -12 9 -14 11 -13 10 -12 8 -11 8 -10 7 -10 8 -10 8 -8 9 -9 8 -8 9 -7 8 0 0 -6 9 -6 8 -5 8 -4 9 -4 8 -3 8 -3 8 -2 10 -3 9 -2 10 -1 10 -1 9 -1 11 -1 10 -1 10 0 10 1 11 1 10 2 10 3 10 1 10 3 11 2 10 3 10 3 10 2 10 0 0 0 0 0 0 0 0 0 0 ]
157,1782977816.206724,11.7792,-75,CSI_DATA,AP,98:F4:AB:29:67:94,-75,11,1,2,1,1,1,0,0,0,0,-96,0,6,1,41077734,0,84,0,0,41.4589,384,[84 -64 4 0 0 0 0 0 0 0 0 0 12 -18 12 -15 14 -16 11 -15 13 -16 12 -13 13 -16 14 -14 13 -12 14 -11 13 -12 15 -11 13 -11 13 -10 13 -8 13 -9 10 -8 11 -8 8 -7 8 -7 8 -8 7 -8 8 -8 7 -8 7 -9 6 -8 0 0 6 -9 5 -9 3 -8 2 -11 4 -9 2 -9 2 -9 1 -10 1 -10 1 -12 1 -11 2 -11 1 -10 1 -11 0 -11 0 -10 1 -11 1 -10 -1 -10 -2 -11 0 -11 -2 -13 -2 -11 -2 -10 -1 -10 -2 -10 0 0 0 0 0 0 0 0 0 0 ]
158,1782977816.437773,11.5447,-76,CSI_DATA,AP,98:F4:AB:29:67:94,-76,11,1,4,1,1,1,0,0,0,0,-96,0,6,1,41166587,0,84,0,0,41.5476,384,[84 -64 4 0 0 0 0 0 0 0 0 0 1 -21 1 -20 1 -22 1 -19 2 -19 4 -18 4 -19 7 -18 5 -17 4 -18 5 -14 6 -17 5 -16 5 -15 6 -14 5 -16 4 -13 4 -14 2 -12 3 -11 2 -11 2 -12 2 -11 1 -10 2 -11 1 -11 0 0 0 -11 -1 -10 -1 -10 -3 -9 -1 -10 -2 -9 -4 -11 -4 -9 -4 -10 -4 -11 -5 -11 -4 -10 -4 -9 -5 -10 -4 -10 -4 -9 -5 -11 -7 -9 -6 -9 -6 -6 -8 -10 -8 -10 -7 -9 -6 -9 -4 -11 -7 -10 0 0 0 0 0 0 0 0 0 0 ]
159,1782977816.670187,10.9995,-76,CSI_DATA,AP,98:F4:AB:29:67:94,-76,11,1,4,1,1,1,0,0,0,0,-96,0,6,1,41259466,0,84,0,0,41.6406,384,[84 -64 4 0 0 0 0 0 0 0 0 0 -13 14 -12 12 -13 13 -14 12 -11 13 -14 10 -15 10 -14 11 -15 10 -14 9 -14 9 -13 10 -14 7 -14 8 -13 6 -14 7 -12 7 -11 6 -10 5 -9 5 -10 6 -9 6 -9 6 -8 7 -8 7 -6 6 0 0 -7 6 -7 9 -6 7 -4 8 -5 7 -2 9 -4 9 -4 8 -4 8 -4 11 -2 10 -3 11 -4 9 -3 11 -4 10 -2 11 -3 11 0 8 -2 10 -1 10 -1 10 -1 9 -2 9 0 11 -2 9 -2 9 0 0 0 0 0 0 0 0 0 0 ]
160,1782977816.896977,11.0567,-76,CSI_DATA,AP,98:F4:AB:29:67:94,-76,11,1,4,1,1,1,0,0,0,0,-96,0,6,1,41346387,0,84,0,0,41.7275,384,[84 -64 4 0 0 0 0 0 0 0 0 0 17 -3 17 -4 19 -3 17 -2 19 -1 16 1 16 -1 15 1 16 2 17 2 16 1 16 0 13 3 16 1 12 2 13 1 12 3 11 3 11 2 10 1 10 0 10 1 10 0 12 -1 11 -2 9 -1 0 0 10 -1 9 -1 9 -3 10 -3 8 -2 9 -3 9 -3 8 -4 7 -6 8 -6 9 -6 9 -4 10 -5 8 -5 9 -6 9 -6 8 -5 7 -5 8 -6 9 -7 7 -7 7 -8 11 -6 8 -8 7 -6 9 -7 0 0 0 0 0 0 0 0 0 0 ]
161,1782977817.126298,11.4692,-76,CSI_DATA,AP,98:F4:AB:29:67:94,-76,11,1,4,1,1,1,0,0,0,0,-96,0,6,1,41437474,0,84,0,0,41.8186,384,[84 -64 4 0 0 0 0 0 0 0 0 0 18 10 18 11 18 13 17 10 17 12 15 13 14 13 13 13 14 12 12 11 11 12 10 10 10 11 9 11 9 9 11 12 9 10 9 9 9 6 8 8 9 7 9 8 8 5 10 6 10 7 10 5 0 0 9 2 11 3 11 3 11 2 10 2 10 1 11 1 12 0 10 0 11 -1 11 0 12 -1 12 0 11 -2 11 0 10 -2 12 -1 12 -3 11 -1 12 -3 10 -2 10 -2 12 -4 12 -3 11 -3 11 -3 0 0 0 0 0 0 0 0 0 0 ]
162,1782977817.360624,10.7804,-76,CSI_DATA,AP,98:F4:AB:29:67:94,-76,11,1,4,1,1,1,0,0,0,0,-96,0,6,1,41527183,0,84,0,0,41.9083,384,[84 -64 4 0 0 0 0 0 0 0 0 0 20 7 19 8 23 9 18 8 19 9 18 10 19 10 16 11 16 10 16 11 15 11 14 11 15 12 13 11 12 9 13 9 11 8 11 7 10 6 10 5 8 4 9 3 12 4 10 4 10 3 10 3 0 0 9 2 11 0 10 1 10 -2 9 -1 9 -2 11 -3 11 -3 11 -2 12 -5 12 -4 10 -3 11 -4 10 -5 11 -5 10 -5 10 -7 10 -6 11 -8 10 -7 11 -5 12 -7 11 -6 10 -7 11 -7 10 -5 0 0 0 0 0 0 0 0 0 0 ]
163,1782977817.591179,10.5266,-76,CSI_DATA,AP,98:F4:AB:29:67:94,-76,11,1,4,1,1,1,0,0,0,0,-96,0,6,1,41618786,0,84,0,0,41.9999,384,[84 -64 4 0 0 0 0 0 0 0 0 0 2 -19 2 -19 1 -20 4 -19 3 -19 3 -15 6 -18 7 -17 6 -17 6 -16 6 -15 7 -14 6 -15 6 -14 6 -11 6 -12 5 -11 5 -13 4 -10 5 -9 4 -9 3 -9 2 -10 2 -9 1 -10 2 -9 0 0 0 -10 -1 -11 -2 -9 -1 -9 -1 -8 -2 -11 -3 -10 -3 -11 -3 -10 -5 -11 -4 -9 -3 -10 -5 -10 -3 -10 -5 -11 -5 -8 -5 -10 -5 -10 -5 -9 -5 -9 -5 -11 -5 -9 -6 -9 -5 -10 -6 -11 -6 -9 0 0 0 0 0 0 0 0 0 0 ]
164,1782977817.819196,10.5504,-77,CSI_DATA,AP,98:F4:AB:29:67:94,-77,11,1,4,1,1,1,0,0,0,0,-96,0,6,1,41707199,0,84,0,0,42.0883,384,[84 -64 4 0 0 0 0 0 0 0 0 0 8 21 6 19 7 21 6 20 5 19 3 19 4 19 3 18 3 19 2 18 1 18 2 19 0 18 1 16 1 14 2 16 0 13 1 12 1 11 2 10 3 9 2 11 3 10 4 10 4 10 5 9 0 0 4 7 5 8 7 7 7 8 6 6 6 5 8 5 8 7 9 6 9 6 10 7 9 6 10 6 9 5 8 6 10 4 10 6 10 5 10 6 11 3 10 4 12 4 11 5 11 4 10 4 10 5 0 0 0 0 0 0 0 0 0 0 ]
165,1782977818.052314,10.6513,-77,CSI_DATA,AP,98:F4:AB:29:67:94,-77,11,1,4,1,1,1,0,0,0,0,-96,0,6,1,41797263,0,84,0,0,42.1784,384,[84 -64 4 0 0 0 0 0 0 0 0 0 -18 14 -16 12 -19 13 -16 12 -18 12 -17 9 -18 9 -17 9 -16 9 -15 7 -15 7 -17 9 -16 6 -16 6 -13 4 -16 5 -11 4 -10 5 -11 5 -10 4 -10 5 -8 6 -8 7 -8 5 -9 7 -7 8 0 0 -6 7 -8 8 -7 7 -5 9 -5 8 -4 10 -4 8 -4 10 -5 9 -5 10 -5 12 -4 9 -4 9 -4 12 -3 12 -3 11 -2 12 -3 12 -2 10 -1 12 -3 10 -2 12 -2 12 -3 11 -3 11 -3 10 0 0 0 0 0 0 0 0 0 0 ]
166,1782977818.282698,9.8917,-77,CSI_DATA,AP,98:F4:AB:29:67:94,-77,11,1,4,1,1,1,0,0,0,0,-96,0,6,1,41887069,0,84,0,0,42.2681,384,[84 -64 4 0 0 0 0 0 0 0 0 0 15 -10 14 -9 17 -9 15 -9 15 -8 13 -7 17 -6 15 -6 16 -5 16 -6 16 -5 15 -5 16 -4 14 -3 12 -3 13 -4 11 -4 10 -4 8 -2 10 -4 8 -3 8 -7 7 -5 8 -5 8 -4 7 -7 0 0 8 -8 5 -8 5 -7 5 -8 7 -7 4 -9 5 -9 4 -10 5 -11 5 -11 3 -11 5 -11 5 -10 4 -11 4 -11 5 -11 3 -12 5 -11 2 -11 3 -12 2 -12 3 -10 3 -11 3 -12 5 -12 3 -11 0 0 0 0 0 0 0 0 0 0 ]
167,1782977818.515117,9.6115,-77,CSI_DATA,AP,98:F4:AB:29:67:94,-77,11,1,4,1,1,1,0,0,0,0,-96,0,6,1,41977648,0,84,0,0,42.3588,384,[84 -64 4 0 0 0 0 0 0 0 0 0 -7 -20 -5 -20 -5 -21 -3 -18 -4 -20 -2 -18 -2 -19 -1 -18 0 -18 -1 -17 -1 -16 0 -17 0 -16 0 -16 0 -14 0 -16 1 -10 0 -13 -1 -13 -3 -10 -1 -10 -3 -11 -1 -11 -2 -10 -4 -9 -4 -9 0 0 -4 -7 -5 -9 -4 -6 -5 -10 -7 -7 -7 -8 -8 -7 -7 -7 -8 -7 -8 -7 -8 -7 -9 -6 -8 -6 -8 -7 -10 -8 -8 -7 -9 -6 -8 -7 -9 -6 -10 -5 -10 -6 -9 -5 -11 -6 -11 -5 -9 -6 -9 -5 0 0 0 0 0 0 0 0 0 0 ]
168,1782977818.746523,9.2828,-76,CSI_DATA,AP,98:F4:AB:29:67:94,-76,11,1,4,1,1,1,0,0,0,0,-96,0,6,1,42070344,0,84,0,0,42.4515,384,[84 -64 4 0 0 0 0 0 0 0 0 0 16 -13 15 -12 16 -13 12 -11 15 -12 15 -9 15 -9 14 -8 16 -8 15 -7 15 -7 15 -7 13 -6 14 -6 13 -5 13 -4 12 -5 9 -3 10 -4 9 -5 9 -6 8 -6 8 -4 7 -5 8 -5 6 -6 0 0 7 -6 6 -7 6 -6 4 -7 5 -7 5 -7 5 -9 5 -8 4 -11 3 -9 4 -9 4 -8 5 -9 4 -10 4 -12 3 -10 3 -11 5 -9 2 -10 4 -11 4 -11 5 -12 4 -12 4 -11 4 -12 4 -10 0 0 0 0 0 0 0 0 0 0 ]
169,1782977818.969054,8.6053,-77,CSI_DATA,AP,98:F4:AB:29:67:94,-77,11,1,4,1,1,1,0,0,0,0,-96,0,6,1,42157773,0,84,0,0,42.5389,384,[84 -64 4 0 0 0 0 0 0 0 0 0 11 15 9 16 10 17 8 15 8 15 8 17 7 15 6 15 6 13 6 14 7 12 6 14 6 13 3 14 5 10 3 13 3 11 4 11 4 8 5 8 5 6 5 6 6 8 6 7 6 6 6 5 0 0 5 5 7 2 8 4 8 2 8 1 9 1 8 1 9 0 9 1 9 -1 11 0 11 0 11 0 10 -1 9 -1 9 -2 10 -1 8 -3 10 -3 9 -3 12 -2 10 -3 12 -3 10 -4 13 -3 11 -1 0 0 0 0 0 0 0 0 0 0 ]
170,1782977819.202426,9.1747,-70,CSI_DATA,AP,98:F4:AB:29:67:94,-70,11,0,0,0,0,0,0,0,0,0,-96,0,6,1,42250626,0,84,0,0,42.6319,128,[84 -64 4 0 0 0 0 0 0 0 0 0 2 -36 3 -33 2 -36 3 -34 4 -34 4 -29 7 -30 8 -29 7 -30 9 -28 8 -29 9 -29 8 -27 8 -26 7 -21 8 -25 6 -20 5 -20 5 -17 3 -18 2 -16 0 -18 1 -16 -1 -17 -1 -18 -1 -17 0 0 -3 -16 -5 -17 -7 -16 -7 -15 -7 -13 -8 -15 -10 -15 -10 -15 -12 -14 -11 -17 -13 -17 -10 -17 -13 -17 -11 -16 -14 -17 -13 -15 -16 -17 -14 -14 -14 -14 -16 -15 -14 -16 -17 -16 -15 -18 -16 -15 -15 -16 -14 -15 0 0 0 0 0 0 0 0 0 0 ]
171,1782977819.434725,10.7059,-75,CSI_DATA,AP,98:F4:AB:29:67:94,-75,11,1,2,1,1,1,0,0,0,0,-96,0,6,1,42338151,0,84,0,0,42.7193,384,[84 -64 4 0 0 0 0 0 0 0 0 0 -21 -6 -19 -6 -21 -7 -19 -7 -20 -7 -18 -8 -17 -8 -17 -8 -18 -8 -16 -9 -15 -9 -15 -9 -15 -10 -14 -10 -12 -8 -14 -8 -12 -8 -11 -7 -10 -6 -10 -5 -10 -5 -10 -5 -9 -4 -11 -3 -11 -4 -11 -3 0 0 -9 -1 -11 -2 -9 0 -8 1 -10 -1 -11 2 -8 3 -10 3 -9 3 -11 5 -10 5 -9 3 -10 4 -10 4 -10 5 -10 5 -10 5 -9 5 -10 6 -10 7 -10 6 -10 6 -11 6 -10 6 -10 6 -10 5 0 0 0 0 0 0 0 0 0 0 ]
172,1782977819.668375,10.4988,-76,CSI_DATA,AP,98:F4:AB:29:67:94,-76,11,1,4,1,1,1,0,0,0,0,-96,0,6,1,42432343,0,84,0,0,42.8135,384,[84 -64 4 0 0 0 0 0 0 0 0 0 14 13 12 15 11 15 11 14 10 15 9 15 9 14 6 15 8 15 7 14 9 14 6 13 7 14 6 14 4 10 5 13 4 10 3 9 5 8 4 9 5 7 4 7 7 7 6 6 8 6 6 5 0 0 6 4 6 4 7 4 8 1 9 3 9 1 9 2 12 -1 9 0 10 0 10 -2 10 0 10 0 11 -2 9 -2 12 -3 11 0 9 -1 11 -3 10 -2 12 -3 11 -1 11 -2 11 -3 12 -3 11 -2 0 0 0 0 0 0 0 0 0 0 ]
173,1782977819.896849,11.4712,-76,CSI_DATA,AP,98:F4:AB:29:67:94,-76,11,1,4,1,1,1,0,0,0,0,-96,0,6,1,42515989,0,84,0,0,42.8971,384,[84 -64 4 0 0 0 0 0 0 0 0 0 -9 -17 -8 -16 -8 -19 -8 -19 -7 -17 -8 -17 -7 -15 -6 -19 -5 -18 -4 -16 -3 -18 -4 -16 -4 -16 -5 -17 -2 -13 -2 -15 -3 -12 -2 -13 -3 -11 -2 -12 -5 -11 -3 -9 -4 -10 -5 -9 -4 -11 -5 -7 0 0 -6 -7 -7 -9 -7 -8 -6 -6 -7 -6 -8 -5 -8 -5 -9 -6 -11 -4 -11 -5 -11 -5 -11 -5 -10 -5 -11 -4 -10 -3 -9 -3 -10 -4 -11 -3 -11 -3 -12 -3 -13 -2 -12 -2 -12 -4 -13 -2 -12 -3 -11 -4 0 0 0 0 0 0 0 0 0 0 ]
174,1782977820.130262,10.7144,-75,CSI_DATA,AP,98:F4:AB:29:67:94,-75,11,1,2,1,1,1,0,0,0,0,-96,0,6,1,42616644,0,84,0,0,42.9978,384,[84 -64 4 0 0 0 0 0 0 0 0 0 -14 -16 -14 -16 -15 -17 -13 -15 -13 -17 -12 -16 -12 -18 -11 -18 -10 -17 -9 -15 -9 -17 -10 -15 -8 -16 -6 -15 -7 -13 -8 -14 -6 -11 -6 -12 -5 -10 -6 -9 -5 -9 -6 -9 -7 -9 -8 -7 -7 -6 -9 -8 0 0 -8 -4 -10 -5 -8 -4 -8 -5 -10 -4 -9 -3 -10 -2 -10 -2 -11 -2 -11 -1 -11 -1 -11 -2 -11 -2 -11 -1 -12 0 -11 2 -12 1 -9 1 -11 1 -11 4 -11 0 -11 3 -15 1 -13 1 -12 0 -10 0 0 0 0 0 0 0 0 0 0 0 ]
175,1782977820.364953,10.6115,-76,CSI_DATA,AP,98:F4:AB:29:67:94,-76,11,1,4,1,1,1,0,0,0,0,-96,0,6,1,42698313,0,84,0,0,43.0793,384,[84 -64 4 0 0 0 0 0 0 0 0 0 14 -20 14 -16 14 -18 13 -14 15 -16 13 -14 14 -13 16 -14 17 -10 14 -10 15 -11 13 -9 16 -10 15 -12 11 -9 13 -9 11 -8 10 -8 9 -8 9 -8 9 -9 6 -10 6 -7 7 -8 5 -9 4 -10 0 0 3 -9 4 -10 1 -9 1 -10 0 -10 1 -10 1 -11 -1 -11 -2 -11 -2 -12 -1 -13 -3 -12 -1 -11 -1 -14 -3 -11 -4 -12 -3 -12 -5 -12 -4 -14 -2 -12 -4 -11 -6 -14 -4 -12 -3 -13 -4 -13 -4 -12 0 0 0 0 0 0 0 0 0 0 ]
176,1782977820.596620,11.0018,-76,CSI_DATA,AP,98:F4:AB:29:67:94,-76,11,1,4,1,1,1,0,0,0,0,-96,0,6,1,42788978,0,84,0,0,43.1701,384,[84 -64 4 0 0 0 0 0 0 0 0 0 -9 20 -8 19 -11 21 -12 18 -11 19 -11 18 -13 16 -12 16 -12 15 -13 15 -12 14 -12 15 -12 14 -12 12 -12 11 -12 12 -10 10 -8 8 -8 8 -8 8 -9 9 -7 8 -6 10 -5 11 -4 11 -5 9 0 0 -5 8 -1 10 -3 9 -1 9 -1 9 1 11 0 10 1 11 0 12 1 12 2 11 2 11 2 10 1 12 1 11 5 11 2 12 1 12 2 12 4 11 3 13 2 14 3 14 4 13 1 13 3 12 0 0 0 0 0 0 0 0 0 0 ]
177,1782977820.827195,9.3788,-76,CSI_DATA,AP,98:F4:AB:29:67:94,-76,11,1,4,1,1,1,0,0,0,0,-96,0,6,1,42876337,0,84,0,0,43.2575,384,[84 -64 4 0 0 0 0 0 0 0 0 0 -7 19 -9 16 -9 17 -9 16 -10 15 -9 14 -10 14 -9 14 -9 15 -11 13 -10 14 -10 14 -10 13 -9 12 -9 10 -10 12 -8 10 -8 8 -7 7 -5 10 -5 8 -5 8 -4 9 -3 7 -1 8 -2 8 0 0 -1 7 -2 8 0 7 0 7 1 7 2 6 2 7 4 7 4 8 4 9 3 9 5 9 5 8 5 9 4 9 7 9 5 8 4 7 6 9 4 8 8 10 8 8 7 7 5 8 8 7 5 8 0 0 0 0 0 0 0 0 0 0 ]
178,1782977821.057066,9.4318,-70,CSI_DATA,AP,98:F4:AB:29:67:94,-70,11,0,0,0,0,0,0,0,0,0,-96,0,6,1,42969408,0,84,0,0,43.3507,128,[84 -64 4 0 0 0 0 0 0 0 0 0 27 26 24 23 28 26 24 23 25 26 19 24 20 24 17 24 19 23 16 26 15 26 15 25 13 24 14 23 12 18 15 22 12 17 11 16 10 14 11 14 10 12 13 11 12 12 13 12 13 11 13 10 0 0 13 8 15 7 14 5 17 5 13 5 15 2 16 1 15 0 17 0 18 3 20 1 16 2 18 1 16 0 19 -1 16 -2 21 -1 16 -2 18 -3 17 -4 19 -2 18 -5 21 -3 19 -3 19 -3 18 -3 0 0 0 0 0 0 0 0 0 0 ]
179,1782977821.284855,10.2183,-76,CSI_DATA,AP,98:F4:AB:29:67:94,-76,11,1,4,1,1,1,0,0,0,0,-96,0,6,1,43056871,0,84,0,0,43.438,384,[84 -64 4 0 0 0 0 0 0 0 0 0 -3 -20 -1 -20 -2 -20 1 -18 -1 -18 1 -17 4 -19 2 -18 2 -17 3 -18 4 -17 2 -15 1 -16 4 -14 3 -14 2 -14 0 -14 3 -13 2 -12 1 -10 0 -9 -1 -9 0 -10 -2 -11 -3 -11 -2 -10 0 0 -3 -7 -3 -8 -4 -7 -3 -8 -4 -7 -6 -7 -7 -7 -6 -8 -7 -8 -8 -8 -10 -7 -8 -7 -9 -7 -8 -6 -8 -7 -8 -7 -10 -6 -8 -4 -8 -7 -10 -6 -10 -7 -10 -6 -10 -6 -10 -7 -10 -5 -9 -6 0 0 0 0 0 0 0 0 0 0 ]
180,1782977821.515985,9.9665,-76,CSI_DATA,AP,98:F4:AB:29:67:94,-76,11,1,4,1,1,1,0,0,0,0,-96,0,6,1,43144956,0,84,0,0,43.5261,384,[84 -64 4 0 0 0 0 0 0 0 0 0 16 -12 16 -11 18 -11 16 -9 17 -10 16 -7 16 -8 17 -8 16 -8 17 -6 15 -6 15 -7 16 -6 14 -4 13 -5 15 -6 11 -5 12 -5 10 -4 9 -6 10 -7 8 -6 8 -6 8 -6 8 -5 6 -6 0 0 6 -6 6 -9 4 -7 4 -7 3 -6 4 -7 3 -6 1 -9 0 -10 -1 -11 1 -12 1 -11 0 -10 0 -8 -1 -10 -2 -11 -1 -11 0 -10 0 -11 -2 -11 -2 -11 -3 -11 -2 -12 -2 -12 -2 -11 -2 -13 0 0 0 0 0 0 0 0 0 0 ]
181,1782977821.747422,9.5763,-75,CSI_DATA,AP,98:F4:AB:29:67:94,-75,11,1,2,1,1,1,0,0,0,0,-96,0,6,1,43238559,0,84,0,0,43.6197,384,[84 -64 4 0 0 0 0 0 0 0 0 0 -1 20 -1 19 -3 21 -2 19 -2 20 -5 16 -4 19 -4 17 -5 18 -6 17 -5 17 -6 16 -5 15 -6 14 -6 13 -5 14 -5 11 -3 12 -3 11 -3 11 -2 10 -2 11 -3 8 -1 10 0 9 1 9 0 0 1 8 2 9 3 7 4 7 3 6 4 7 4 8 6 6 5 7 6 9 6 8 6 7 7 8 7 7 7 6 7 7 8 6 8 5 8 6 9 5 9 6 9 6 8 6 9 6 8 7 8 7 0 0 0 0 0 0 0 0 0 0 ]
182,1782977821.973453,11.1567,-75,CSI_DATA,AP,98:F4:AB:29:67:94,-75,11,1,2,1,1,1,0,0,0,0,-96,0,6,1,43333333,0,84,0,0,43.7145,384,[84 -64 4 0 0 0 0 0 0 0 0 0 -23 8 -20 7 -24 8 -22 6 -23 5 -21 5 -23 3 -23 3 -22 3 -22 1 -21 2 -21 1 -20 1 -19 0 -19 -1 -18 2 -16 0 -16 1 -15 1 -13 0 -13 2 -12 3 -12 2 -11 3 -12 4 -11 4 0 0 -10 5 -10 5 -8 6 -9 7 -7 6 -7 7 -7 6 -8 9 -7 10 -6 11 -6 10 -5 10 -5 10 -7 10 -5 11 -5 11 -4 10 -5 10 -5 10 -4 13 -4 13 -4 12 -5 11 -3 12 -4 12 -3 11 0 0 0 0 0 0 0 0 0 0 ]
183,1782977822.200939,10.8575,-75,CSI_DATA,AP,98:F4:AB:29:67:94,-75,11,1,2,1,1,1,0,0,0,0,-96,0,6,1,43417407,0,84,0,0,43.7984,384,[84 -64 4 0 0 0 0 0 0 0 0 0 14 16 12 14 15 16 13 14 13 17 9 15 9 16 9 16 7 16 8 16 8 14 7 15 7 13 7 14 6 13 5 13 5 12 5 11 3 10 5 9 4 9 6 9 4 7 5 6 7 7 6 6 0 0 6 6 8 6 6 6 6 4 6 4 9 6 7 3 8 3 8 3 10 3 9 2 10 2 11 2 10 2 9 1 10 1 10 0 8 0 11 0 10 1 11 1 11 0 10 -1 11 0 11 1 10 0 0 0 0 0 0 0 0 0 0 0 ]
184,1782977822.430284,9.8509,-76,CSI_DATA,AP,98:F4:AB:29:67:94,-76,11,1,4,1,1,1,0,0,0,0,-96,0,6,1,43506814,0,84,0,0,43.888,384,[84 -64 4 0 0 0 0 0 0 0 0 0 -14 15 -13 14 -13 14 -11 13 -15 13 -14 12 -13 11 -13 11 -13 10 -15 10 -13 13 -14 10 -14 9 -11 10 -11 8 -13 9 -11 7 -9 6 -9 6 -9 6 -8 6 -8 6 -8 7 -6 7 -7 6 -6 7 0 0 -5 8 -5 7 -4 8 -5 7 -4 7 -2 10 -1 9 -1 9 -1 9 -1 9 0 10 -2 10 -3 9 -1 10 0 10 2 10 0 11 0 9 1 9 2 12 2 10 0 11 0 10 2 12 1 10 -2 11 0 0 0 0 0 0 0 0 0 0 ]
185,1782977822.661065,10.7652,-75,CSI_DATA,AP,98:F4:AB:29:67:94,-75,11,1,2,1,1,1,0,0,0,0,-96,0,6,1,43599209,0,84,0,0,43.9804,384,[84 -64 4 0 0 0 0 0 0 0 0 0 14 -16 16 -15 15 -16 13 -13 15 -13 14 -11 15 -11 14 -10 15 -12 15 -9 14 -9 15 -9 16 -9 14 -8 14 -8 14 -8 12 -7 14 -7 10 -7 9 -8 9 -7 8 -8 10 -7 8 -8 9 -7 7 -8 0 0 6 -8 6 -8 5 -7 3 -8 4 -8 2 -9 2 -10 1 -10 1 -12 0 -11 1 -10 2 -10 1 -11 1 -11 0 -10 0 -10 0 -12 0 -11 -1 -11 -2 -11 -1 -11 -3 -11 -1 -12 -1 -13 -2 -11 -1 -11 0 0 0 0 0 0 0 0 0 0 ]
186,1782977822.898831,10.7269,-76,CSI_DATA,AP,98:F4:AB:29:67:94,-76,11,1,4,1,1,1,0,0,0,0,-96,0,6,1,43687139,0,84,0,0,44.0683,384,[84 -64 4 0 0 0 0 0 0 0 0 0 -19 6 -18 5 -20 4 -18 3 -20 3 -17 3 -18 2 -19 0 -19 0 -17 -2 -18 0 -16 1 -16 0 -16 0 -14 -1 -16 0 -12 0 -12 2 -12 -1 -12 -1 -11 1 -11 2 -11 2 -9 2 -10 3 -10 2 0 0 -9 3 -9 4 -8 5 -6 5 -7 4 -6 5 -7 6 -7 7 -7 7 -8 8 -7 9 -7 9 -6 8 -6 9 -5 8 -6 9 -5 10 -5 8 -6 8 -5 9 -5 9 -4 9 -4 10 -5 10 -5 10 -5 9 0 0 0 0 0 0 0 0 0 0 ]
187,1782977823.132997,10.3891,-76,CSI_DATA,AP,98:F4:AB:29:67:94,-76,11,1,4,1,1,1,0,0,0,0,-96,0,6,1,43776845,0,84,0,0,44.158,384,[84 -64 4 0 0 0 0 0 0 0 0 0 -17 14 -18 15 -20 11 -18 11 -20 12 -20 9 -19 8 -20 8 -17 6 -18 7 -17 8 -17 5 -17 6 -18 7 -16 6 -16 6 -14 6 -12 7 -12 6 -12 4 -11 5 -11 6 -10 6 -8 6 -8 7 -7 7 0 0 -6 8 -6 7 -6 8 -5 7 -4 8 -3 8 -3 9 -2 10 -2 9 -2 11 -2 10 -3 11 0 11 0 9 -1 10 0 9 0 12 0 12 1 11 1 10 1 11 2 11 3 11 3 13 2 10 1 10 0 0 0 0 0 0 0 0 0 0 ]
188,1782977823.360478,10.5355,-76,CSI_DATA,AP,98:F4:AB:29:67:94,-76,11,1,4,1,1,1,0,0,0,0,-96,0,6,1,43867343,0,84,0,0,44.2486,384,[84 -64 4 0 0 0 0 0 0 0 0 0 16 10 18 11 15 12 16 10 15 11 14 12 14 10 12 12 13 13 11 11 11 11 12 12 11 12 10 10 9 12 9 12 8 10 6 8 8 7 9 8 7 8 6 6 7 6 7 6 9 5 8 5 0 0 6 3 9 5 9 4 7 3 6 2 8 1 8 1 8 0 9 2 9 1 11 0 10 1 9 -1 9 -1 8 -2 9 -1 9 -1 10 -2 11 -2 9 -2 11 -3 10 -2 10 -2 11 -3 10 -1 10 -4 0 0 0 0 0 0 0 0 0 0 ]
189,1782977823.592244,10.9637,-76,CSI_DATA,AP,98:F4:AB:29:67:94,-76,11,1,4,1,1,1,0,0,0,0,-96,0,6,1,43963989,0,84,0,0,44.3451,384,[84 -64 4 0 0 0 0 0 0 0 0 0 23 -2 21 0 22 0 20 1 21 3 21 0 20 2 19 2 19 3 17 3 19 3 17 5 17 5 16 4 14 3 14 3 14 2 12 3 11 2 12 1 12 1 11 -2 10 0 11 0 11 2 10 -1 0 0 11 -1 10 -2 11 -3 10 -4 7 -3 8 -6 10 -6 8 -7 10 -6 11 -8 8 -8 8 -7 8 -8 7 -7 8 -9 7 -8 7 -9 9 -10 8 -10 8 -11 7 -10 6 -10 8 -10 8 -10 7 -11 9 -10 0 0 0 0 0 0 0 0 0 0 ]
190,1782977823.821831,10.8557,-75,CSI_DATA,AP,98:F4:AB:29:67:94,-75,11,1,2,1,1,1,0,0,0,0,-96,0,6,1,44047893,0,84,0,0,44.429,384,[84 -64 4 0 0 0 0 0 0 0 0 0 -20 8 -18 5 -22 6 -18 5 -21 7 -17 2 -20 2 -19 2 -18 2 -19 0 -18 1 -18 1 -18 0 -16 0 -15 -2 -18 0 -13 1 -14 0 -13 0 -13 0 -12 1 -11 1 -12 2 -11 2 -11 0 -10 2 0 0 -10 3 -10 4 -8 4 -8 5 -7 4 -7 5 -8 7 -9 7 -8 7 -10 8 -7 8 -7 7 -8 8 -6 8 -7 10 -5 8 -7 9 -5 8 -6 10 -6 10 -7 10 -7 12 -8 10 -6 10 -7 11 -6 10 0 0 0 0 0 0 0 0 0 0 ]
191,1782977824.052545,9.8599,-76,CSI_DATA,AP,98:F4:AB:29:67:94,-76,11,1,4,1,1,1,0,0,0,0,-96,0,6,1,44135360,0,84,0,0,44.5164,384,[84 -64 4 0 0 0 0 0 0 0 0 0 0 21 -1 19 0 18 -1 18 -3 19 -4 18 -5 16 -4 17 -5 18 -6 15 -5 16 -6 15 -4 14 -5 13 -6 13 -4 14 -5 13 -5 10 -3 11 -2 10 -3 8 -1 10 -2 10 -1 9 0 9 0 10 0 0 0 7 1 7 1 8 2 8 3 6 5 6 5 7 4 6 6 6 5 6 7 6 7 7 7 7 8 6 7 6 7 6 8 6 8 4 8 5 8 4 10 5 9 6 9 6 9 6 9 5 10 5 0 0 0 0 0 0 0 0 0 0 ]
192,1782977824.283256,10.4145,-76,CSI_DATA,AP,98:F4:AB:29:67:94,-76,11,1,4,1,1,1,0,0,0,0,-96,0,6,1,44226710,0,84,0,0,44.6079,384,[84 -64 4 0 0 0 0 0 0 0 0 0 -15 19 -15 16 -14 17 -16 15 -15 16 -17 12 -15 11 -16 11 -18 13 -15 9 -15 11 -14 9 -16 11 -15 10 -14 6 -16 8 -11 7 -12 6 -9 8 -9 6 -10 7 -10 6 -9 7 -8 7 -8 7 -7 9 0 0 -7 8 -7 8 -3 6 -6 7 -1 9 -3 8 -2 10 -2 10 -2 10 -1 12 -2 9 -2 12 -1 11 -1 12 0 13 -2 11 -1 13 1 12 2 12 2 12 1 12 0 13 1 14 0 14 -1 12 1 12 0 0 0 0 0 0 0 0 0 0 ]
193,1782977824.513029,10.1928,-76,CSI_DATA,AP,98:F4:AB:29:67:94,-76,11,1,4,1,1,1,0,0,0,0,-96,0,6,1,44315679,0,84,0,0,44.6968,384,[84 -64 4 0 0 0 0 0 0 0 0 0 17 10 16 9 17 9 18 10 17 10 14 9 13 10 13 12 14 11 10 11 12 12 10 10 9 12 10 11 9 9 10 11 7 9 7 8 8 8 7 7 8 7 7 7 7 6 7 4 8 4 9 5 0 0 7 2 8 3 8 2 8 0 7 2 8 -1 8 0 10 -2 9 -1 10 -2 10 -1 9 -1 11 -3 11 -2 10 -4 8 -3 9 -3 8 -3 9 -3 8 -4 10 -4 11 -4 12 -3 10 -5 9 -3 10 -4 0 0 0 0 0 0 0 0 0 0 ]
194,1782977824.745127,10.5744,-76,CSI_DATA,AP,98:F4:AB:29:67:94,-76,11,1,4,1,1,1,0,0,0,0,-96,0,6,1,44409792,0,84,0,0,44.7909,384,[84 -64 4 0 0 0 0 0 0 0 0 0 -23 -3 -20 -5 -22 -4 -23 -5 -20 -5 -20 -6 -20 -8 -18 -8 -19 -8 -17 -9 -19 -9 -17 -8 -15 -10 -18 -8 -14 -7 -14 -6 -13 -8 -14 -8 -12 -6 -12 -5 -11 -6 -11 -3 -11 -2 -11 -3 -11 -1 -11 -1 0 0 -10 -2 -11 0 -10 0 -10 1 -10 0 -10 3 -12 2 -10 3 -11 5 -13 5 -10 7 -11 5 -13 5 -9 5 -11 5 -10 6 -11 5 -11 6 -10 7 -10 8 -11 7 -10 8 -11 8 -10 7 -12 7 -10 7 0 0 0 0 0 0 0 0 0 0 ]
195,1782977824.973478,10.4046,-77,CSI_DATA,AP,98:F4:AB:29:67:94,-77,11,1,4,1,1,1,0,0,0,0,-96,0,6,1,44498997,0,84,0,0,44.8801,384,[84 -64 4 0 0 0 0 0 0 0 0 0 9 -18 10 -16 11 -17 10 -15 9 -15 12 -14 11 -14 12 -13 12 -14 10 -12 12 -12 12 -12 11 -11 11 -11 10 -9 11 -11 8 -10 9 -9 9 -8 7 -8 6 -9 7 -10 6 -9 4 -9 4 -9 5 -9 0 0 3 -9 2 -9 2 -8 2 -10 0 -9 0 -8 -1 -11 -2 -9 -2 -11 -2 -9 -2 -11 -3 -11 -2 -10 -3 -10 -4 -10 -4 -10 -4 -10 -4 -9 -5 -10 -4 -10 -5 -11 -5 -10 -5 -10 -6 -11 -5 -9 -5 -11 0 0 0 0 0 0 0 0 0 0 ]
196,1782977825.225153,10.0913,-76,CSI_DATA,AP,98:F4:AB:29:67:94,-76,11,1,4,1,1,1,0,0,0,0,-96,0,6,1,44587919,0,84,0,0,44.9691,384,[84 -64 4 0 0 0 0 0 0 0 0 0 13 -17 14 -15 14 -14 14 -14 13 -13 13 -13 12 -12 14 -11 12 -10 13 -10 14 -9 12 -8 13 -10 14 -8 10 -8 12 -8 12 -8 11 -8 8 -7 8 -7 7 -6 6 -8 8 -7 7 -6 6 -8 5 -8 0 0 7 -8 4 -8 5 -10 2 -9 3 -8 2 -9 1 -10 1 -9 0 -11 1 -10 1 -10 2 -11 2 -11 0 -11 0 -11 0 -11 -1 -11 -1 -10 0 -11 -2 -12 -1 -12 -1 -12 -1 -12 -2 -12 0 -12 -1 -11 0 0 0 0 0 0 0 0 0 0 ]
197,1782977825.458550,10.8124,-77,CSI_DATA,AP,98:F4:AB:29:67:94,-77,11,1,4,1,1,1,0,0,0,0,-96,0,6,1,44677267,0,84,0,0,45.0584,384,[84 -64 4 0 0 0 0 0 0 0 0 0 -25 -4 -21 -4 -24 -4 -19 -6 -19 -5 -18 -7 -19 -7 -19 -10 -19 -7 -18 -9 -17 -8 -17 -9 -17 -11 -17 -10 -14 -9 -14 -6 -14 -5 -14 -8 -11 -6 -13 -5 -11 -4 -12 -6 -12 -4 -11 -4 -11 -3 -9 0 0 0 -9 -1 -11 -1 -10 -1 -10 3 -10 2 -8 0 -12 0 -10 4 -13 3 -13 6 -11 5 -11 5 -12 4 -10 4 -10 4 -11 7 -12 6 -10 5 -11 5 -11 5 -11 8 -11 6 -12 7 -10 7 -13 6 -11 4 0 0 0 0 0 0 0 0 0 0 ]
198,1782977825.690848,9.9198,-76,CSI_DATA,AP,98:F4:AB:29:67:94,-76,11,1,4,1,1,1,0,0,0,0,-96,0,6,1,44768528,0,84,0,0,45.1497,384,[84 -64 4 0 0 0 0 0 0 0 0 0 3 22 4 20 3 21 1 19 4 18 0 17 1 18 -1 17 -3 17 -2 16 -2 16 -2 16 -3 16 -2 15 -2 14 -2 13 -1 13 -2 12 -1 11 -1 10 0 11 1 10 0 9 1 9 1 9 1 8 0 0 4 6 5 9 4 5 4 6 4 6 5 5 5 6 6 6 8 5 7 6 8 7 7 6 8 7 9 5 8 6 8 3 9 4 9 4 10 5 9 5 10 4 9 4 10 4 11 2 11 4 10 4 0 0 0 0 0 0 0 0 0 0 ]
199,1782977825.917715,10.1973,-76,CSI_DATA,AP,98:F4:AB:29:67:94,-76,11,1,4,1,1,1,0,0,0,0,-96,0,6,1,44862321,0,84,0,0,45.2435,384,[84 -64 4 0 0 0 0 0 0 0 0 0 22 -7 20 -7 23 -4 21 -5 22 -4 20 -4 21 -3 19 -2 18 -1 18 -2 18 -3 19 -3 19 0 16 -2 14 -2 15 0 14 -1 12 -1 13 1 12 -3 11 0 10 -3 8 -3 9 -4 10 -3 10 -3 0 0 8 -6 7 -6 7 -4 8 -7 6 -7 7 -8 6 -9 5 -10 6 -9 5 -10 6 -10 4 -11 5 -12 4 -11 4 -10 3 -10 3 -11 3 -12 3 -13 2 -12 2 -15 3 -14 3 -13 3 -14 5 -12 3 -12 0 0 0 0 0 0 0 0 0 0 ]
200,1782977826.146122,10.0067,-76,CSI_DATA,AP,98:F4:AB:29:67:94,-76,11,1,4,1,1,1,0,0,0,0,-96,0,6,1,44950732,0,84,0,0,45.3318,384,[84 -64 4 0 0 0 0 0 0 0 0 0 -21 -3 -21 -6 -21 -6 -20 -5 -21 -5 -17 -6 -18 -8 -17 -8 -17 -7 -17 -8 -17 -8 -16 -8 -14 -9 -15 -6 -15 -6 -16 -6 -12 -6 -12 -6 -11 -6 -11 -5 -11 -4 -12 -1 -10 -3 -11 -2 -10 -1 -9 -1 0 0 -9 0 -9 1 -9 2 -10 3 -7 2 -7 1 -9 3 -7 5 -8 5 -9 7 -9 7 -9 6 -8 6 -9 7 -9 7 -8 7 -8 7 -8 8 -7 10 -8 9 -7 9 -8 10 -8 8 -7 9 -7 8 -7 7 0 0 0 0 0 0 0 0 0 0 ]
201,1782977826.374009,10.1254,-76,CSI_DATA,AP,98:F4:AB:29:67:94,-76,11,1,4,1,1,1,0,0,0,0,-96,0,6,1,45035842,0,84,0,0,45.4171,384,[84 -64 4 0 0 0 0 0 0 0 0 0 17 -13 17 -13 15 -13 16 -11 16 -11 14 -11 15 -10 16 -8 15 -8 15 -6 14 -8 15 -7 16 -8 14 -7 13 -5 13 -6 11 -5 11 -4 9 -4 10 -5 8 -5 8 -7 8 -7 8 -6 7 -8 9 -7 0 0 6 -7 5 -8 7 -7 5 -9 4 -7 5 -9 4 -8 3 -9 3 -9 3 -11 3 -10 3 -10 2 -10 1 -10 3 -12 1 -11 3 -10 3 -9 2 -11 0 -11 3 -12 1 -13 1 -11 2 -13 3 -15 3 -12 0 0 0 0 0 0 0 0 0 0 ]
202,1782977826.604064,9.7697,-76,CSI_DATA,AP,98:F4:AB:29:67:94,-76,11,1,4,1,1,1,0,0,0,0,-96,0,6,1,45126895,0,84,0,0,45.5081,384,[84 -64 4 0 0 0 0 0 0 0 0 0 5 19 4 17 3 21 4 20 3 19 2 19 -1 18 -1 17 0 18 0 17 -2 17 -1 17 -3 17 -4 15 -2 14 -2 15 0 13 0 12 0 11 -2 11 1 12 1 10 1 10 1 10 2 9 1 9 0 0 1 9 4 11 4 8 5 7 5 7 4 6 3 7 6 6 5 6 6 8 7 8 8 7 8 7 7 7 8 6 6 5 9 7 9 5 9 4 10 6 10 5 9 5 9 5 9 4 10 6 8 5 0 0 0 0 0 0 0 0 0 0 ]
203,1782977826.830047,9.7996,-76,CSI_DATA,AP,98:F4:AB:29:67:94,-76,11,1,4,1,1,1,0,0,0,0,-96,0,6,1,45215059,0,84,0,0,45.5962,384,[84 -64 4 0 0 0 0 0 0 0 0 0 15 -15 14 -15 16 -16 14 -12 15 -11 15 -11 15 -11 15 -10 16 -8 15 -9 15 -9 16 -10 12 -8 14 -8 13 -7 14 -6 12 -6 9 -6 9 -5 10 -6 9 -6 9 -6 8 -7 8 -7 7 -7 6 -7 0 0 7 -7 6 -8 4 -7 4 -8 3 -7 2 -8 2 -9 3 -9 2 -9 0 -12 1 -12 0 -9 1 -10 0 -12 1 -12 -1 -11 -1 -10 -2 -11 0 -12 -1 -11 -1 -11 -2 -12 -1 -12 -2 -11 -2 -11 -2 -11 0 0 0 0 0 0 0 0 0 0 ]
204,1782977827.063748,10.1525,-76,CSI_DATA,AP,98:F4:AB:29:67:94,-76,11,1,4,1,1,1,0,0,0,0,-96,0,6,1,45305502,0,84,0,0,45.6867,384,[84 -64 4 0 0 0 0 0 0 0 0 0 6 -20 5 -19 8 -19 7 -17 8 -18 7 -16 10 -16 8 -15 8 -16 9 -15 8 -15 8 -13 8 -14 8 -11 7 -13 8 -12 7 -10 7 -11 5 -9 5 -9 3 -10 4 -9 5 -9 3 -9 3 -10 3 -9 0 0 0 -8 2 -10 0 -10 -2 -10 0 -9 -2 -10 -1 -11 -3 -11 -4 -10 -6 -11 -4 -11 -4 -12 -3 -12 -3 -11 -5 -10 -5 -11 -5 -12 -5 -10 -5 -12 -6 -11 -5 -10 -5 -11 -6 -12 -7 -11 -6 -12 -6 -11 0 0 0 0 0 0 0 0 0 0 ]
205,1782977827.295053,9.5573,-76,CSI_DATA,AP,98:F4:AB:29:67:94,-76,11,1,4,1,1,1,0,0,0,0,-96,0,6,1,45400055,0,84,0,0,45.7812,384,[84 -64 4 0 0 0 0 0 0 0 0 0 18 3 18 3 21 4 16 3 18 6 17 4 16 5 16 8 15 7 15 9 15 7 15 6 13 9 13 7 12 7 13 7 11 5 12 5 11 5 10 5 10 3 9 5 10 5 10 3 9 2 10 4 0 0 9 1 9 -1 8 1 8 -1 7 -1 9 -2 8 -1 11 -1 8 -4 8 -5 11 -4 9 -3 9 -5 9 -5 9 -5 8 -4 9 -5 10 -5 9 -6 8 -6 7 -7 9 -7 10 -6 9 -6 10 -5 9 -6 0 0 0 0 0 0 0 0 0 0 ]
206,1782977827.529909,10.2278,-76,CSI_DATA,AP,98:F4:AB:29:67:94,-76,11,1,4,1,1,1,0,0,0,0,-96,0,6,1,45485075,0,84,0,0,45.8662,384,[84 -64 4 0 0 0 0 0 0 0 0 0 -21 -1 -22 -4 -21 -3 -20 -3 -21 -5 -19 -6 -18 -6 -18 -7 -18 -6 -17 -5 -18 -6 -15 -7 -18 -6 -15 -7 -13 -6 -14 -7 -13 -6 -12 -4 -13 -5 -13 -5 -11 -4 -12 -3 -10 -3 -10 -2 -10 -4 -10 -1 0 0 -10 -2 -10 -1 -9 1 -10 1 -9 1 -8 2 -10 3 -10 2 -9 4 -9 3 -9 5 -10 4 -9 5 -10 5 -8 6 -7 5 -9 5 -8 5 -8 6 -9 7 -10 7 -9 8 -7 9 -10 8 -10 7 -8 7 0 0 0 0 0 0 0 0 0 0 ]
207,1782977827.766648,10.4034,-74,CSI_DATA,AP,98:F4:AB:29:67:94,-74,11,1,2,1,1,1,0,0,0,0,-96,0,6,1,45577600,0,84,0,0,45.9587,384,[84 -64 4 0 0 0 0 0 0 0 0 0 -4 -21 -2 -19 -3 -19 -2 -18 -1 -18 0 -18 1 -17 1 -18 1 -18 0 -17 1 -16 3 -17 2 -17 2 -16 1 -14 2 -15 1 -12 3 -12 -1 -11 -1 -11 0 -11 0 -11 0 -9 -2 -9 -2 -10 -1 -10 0 0 -3 -9 -3 -9 -4 -8 -3 -7 -5 -6 -5 -7 -6 -8 -5 -7 -7 -6 -8 -6 -7 -7 -7 -6 -8 -7 -8 -6 -9 -6 -9 -5 -9 -6 -9 -5 -11 -5 -10 -5 -10 -5 -11 -7 -10 -6 -10 -6 -10 -6 -10 -5 0 0 0 0 0 0 0 0 0 0 ]
208,1782977827.998218,10.7660,-76,CSI_DATA,AP,98:F4:AB:29:67:94,-76,11,1,4,1,1,1,0,0,0,0,-96,0,6,1,45668953,0,84,0,0,46.0502,384,[84 -64 4 0 0 0 0 0 0 0 0 0 -10 -18 -9 -17 -9 -20 -10 -18 -9 -18 -5 -18 -6 -18 -6 -16 -5 -18 -3 -18 -4 -17 -2 -18 -3 -18 -3 -16 -3 -13 -3 -13 -2 -13 -3 -14 -4 -13 -2 -11 -3 -10 -3 -10 -3 -10 -4 -10 -5 -10 -5 -9 0 0 -3 -10 -5 -9 -6 -9 -6 -9 -7 -7 -8 -6 -6 -6 -7 -6 -9 -5 -9 -5 -9 -7 -9 -7 -9 -6 -10 -7 -11 -6 -10 -5 -12 -6 -10 -6 -12 -5 -12 -4 -11 -4 -11 -4 -12 -6 -12 -5 -12 -5 -9 -6 0 0 0 0 0 0 0 0 0 0 ]
209,1782977828.225632,11.0013,-75,CSI_DATA,AP,98:F4:AB:29:67:94,-75,11,1,2,1,1,1,0,0,0,0,-96,0,6,1,45757298,0,84,0,0,46.1385,384,[84 -64 4 0 0 0 0 0 0 0 0 0 -15 -12 -15 -11 -16 -13 -14 -12 -16 -14 -13 -12 -12 -13 -10 -14 -11 -14 -10 -14 -11 -14 -9 -14 -10 -14 -9 -13 -9 -12 -9 -14 -8 -12 -6 -12 -7 -10 -6 -9 -6 -11 -7 -8 -6 -9 -7 -10 -7 -8 -7 -7 0 0 -6 -8 -8 -7 -7 -5 -7 -6 -6 -4 -8 -4 -9 -5 -9 -4 -10 -4 -11 -3 -9 -2 -10 -3 -8 -2 -10 -4 -11 -3 -10 -3 -11 -1 -9 -2 -11 0 -10 -1 -11 -2 -11 -2 -10 -2 -12 -2 -11 -2 -11 -3 0 0 0 0 0 0 0 0 0 0 ]
210,1782977828.458030,10.9414,-70,CSI_DATA,AP,98:F4:AB:29:67:94,-70,11,0,0,0,0,0,0,0,0,0,-96,0,6,1,45852434,0,84,0,0,46.2337,128,[84 -64 4 0 0 0 0 0 0 0 0 0 23 -24 21 -21 23 -24 23 -22 24 -22 23 -17 23 -19 22 -17 23 -18 24 -15 24 -16 25 -14 25 -13 22 -14 19 -11 22 -14 18 -11 16 -11 15 -10 15 -10 14 -10 12 -12 13 -10 12 -11 12 -11 13 -12 0 0 9 -12 9 -13 7 -12 4 -14 5 -12 4 -13 3 -15 2 -15 1 -15 4 -16 3 -16 4 -15 1 -17 2 -15 0 -17 -1 -17 -1 -19 -1 -16 -2 -16 -2 -18 -1 -17 -4 -19 -1 -18 0 -19 -1 -18 -1 -17 0 0 0 0 0 0 0 0 0 0 ]
211,1782977828.694131,10.6230,-75,CSI_DATA,AP,98:F4:AB:29:67:94,-75,11,1,2,1,1,1,0,0,0,0,-96,0,6,1,45942195,0,84,0,0,46.3234,384,[84 -64 4 0 0 0 0 0 0 0 0 0 -22 -1 -21 -4 -23 -3 -20 -3 -20 -5 -21 -6 -18 -5 -18 -6 -18 -5 -18 -7 -17 -4 -18 -7 -17 -7 -17 -7 -16 -6 -16 -6 -13 -5 -14 -4 -12 -4 -12 -5 -12 -4 -11 -4 -11 -2 -10 -3 -10 -2 -11 -1 0 0 -11 -1 -11 0 -8 1 -9 2 -9 2 -8 2 -8 3 -9 4 -11 4 -9 5 -9 5 -9 5 -7 5 -10 7 -8 8 -7 6 -8 7 -6 7 -7 8 -7 9 -7 8 -7 10 -9 10 -7 10 -7 9 -8 8 0 0 0 0 0 0 0 0 0 0 ]
212,1782977828.924736,10.7675,-76,CSI_DATA,AP,98:F4:AB:29:67:94,-76,11,1,4,1,1,1,0,0,0,0,-96,0,6,1,46025961,0,84,0,0,46.4071,384,[84 -64 4 0 0 0 0 0 0 0 0 0 18 8 16 9 17 10 16 9 16 10 16 9 14 10 13 12 13 9 13 10 12 11 13 12 12 11 11 11 11 8 11 10 9 9 8 7 9 6 8 6 9 6 9 6 8 4 9 4 10 5 8 3 0 0 8 2 10 2 8 2 9 0 8 1 7 -1 8 -1 9 -2 8 -3 8 -3 10 -2 9 -3 9 -3 9 -3 9 -4 8 -5 10 -6 8 -5 8 -6 9 -8 9 -6 9 -7 11 -6 10 -6 11 -6 9 -6 0 0 0 0 0 0 0 0 0 0 ]
213,1782977829.150839,10.0653,-76,CSI_DATA,AP,98:F4:AB:29:67:94,-76,11,1,4,1,1,1,0,0,0,0,-96,0,6,1,46118512,0,84,0,0,46.4997,384,[84 -64 4 0 0 0 0 0 0 0 0 0 18 -9 16 -8 20 -7 17 -6 18 -6 18 -6 17 -4 17 -5 18 -5 17 -3 16 -4 16 -2 16 -3 14 -2 13 -3 15 -2 11 -3 11 -3 10 -3 10 -3 10 -5 10 -4 9 -6 7 -5 9 -3 8 -3 0 0 8 -6 6 -7 5 -6 6 -10 6 -7 4 -9 3 -8 4 -8 4 -11 5 -9 3 -10 4 -9 3 -9 2 -10 3 -9 3 -9 1 -11 -1 -10 -1 -10 0 -10 0 -11 -2 -11 -1 -13 -1 -12 0 -12 0 -12 0 0 0 0 0 0 0 0 0 0 ]
214,1782977829.383475,10.6598,-75,CSI_DATA,AP,98:F4:AB:29:67:94,-75,11,1,2,1,1,1,0,0,0,0,-96,0,6,1,46212005,0,84,0,0,46.5932,384,[84 -64 4 0 0 0 0 0 0 0 0 0 -13 15 -13 12 -17 13 -14 11 -15 11 -14 9 -15 9 -14 8 -13 9 -15 9 -14 9 -16 8 -14 7 -14 6 -11 6 -14 7 -10 6 -10 6 -10 5 -10 6 -9 7 -8 6 -9 7 -8 6 -9 7 -6 8 0 0 -7 7 -6 8 -5 6 -5 8 -3 7 -4 6 -3 8 -2 8 -2 10 -3 10 -2 9 -2 10 -1 9 -1 8 0 11 0 8 0 9 0 9 0 10 0 10 0 10 1 10 1 11 1 10 0 9 0 10 0 0 0 0 0 0 0 0 0 0 ]
215,1782977829.610667,10.8463,-70,CSI_DATA,AP,98:F4:AB:29:67:94,-70,11,0,0,0,0,0,0,0,0,0,-96,0,6,1,46308686,0,84,0,0,46.6899,128,[84 -64 4 0 0 0 0 0 0 0 0 0 -35 -4 -30 -5 -34 -7 -32 -6 -32 -7 -27 -9 -28 -9 -25 -11 -28 -8 -24 -10 -27 -9 -25 -9 -24 -10 -24 -10 -21 -9 -24 -9 -20 -7 -17 -7 -16 -6 -18 -5 -16 -4 -18 -3 -16 -3 -18 -3 -18 -2 -17 -3 0 0 -16 0 -17 1 -15 3 -16 4 -13 4 -14 4 -15 5 -14 6 -14 8 -16 6 -17 7 -15 6 -16 8 -14 6 -16 10 -15 9 -15 10 -13 9 -14 10 -13 10 -14 10 -15 12 -15 11 -15 13 -14 12 -14 10 0 0 0 0 0 0 0 0 0 0 ]
216,1782977829.842277,10.0948,-76,CSI_DATA,AP,98:F4:AB:29:67:94,-76,11,1,4,1,1,1,0,0,0,0,-96,0,6,1,46389184,0,84,0,0,46.7702,384,[84 -64 4 0 0 0 0 0 0 0 0 0 19 5 20 5 19 6 18 7 18 7 15 8 17 8 15 7 15 9 14 9 14 9 15 7 14 7 12 8 11 9 12 6 9 5 10 6 8 7 9 4 11 4 9 4 9 4 10 2 9 2 10 2 0 0 10 1 9 1 9 0 10 0 8 0 9 -1 8 -1 9 -2 9 -2 10 -1 9 -1 10 -2 11 -1 11 -4 11 -3 9 -3 9 -3 8 -5 10 -6 8 -5 11 -6 9 -5 9 -4 10 -5 10 -4 11 -4 0 0 0 0 0 0 0 0 0 0 ]
217,1782977830.071965,8.8680,-75,CSI_DATA,AP,98:F4:AB:29:67:94,-75,11,1,2,1,1,1,0,0,0,0,-96,0,6,1,46477984,0,84,0,0,46.8591,384,[84 -64 4 0 0 0 0 0 0 0 0 0 0 20 -1 17 -1 19 -1 17 -3 19 -2 15 -3 16 -3 16 -4 16 -4 15 -6 15 -4 14 -5 14 -6 13 -4 12 -4 12 -3 11 -5 11 -3 9 -2 10 -3 9 -2 10 -2 9 -1 10 -2 8 -1 9 0 0 0 8 0 8 1 8 2 8 2 6 2 7 3 7 4 7 3 8 5 9 5 8 4 9 5 9 5 8 5 7 5 8 6 8 5 6 5 7 6 7 6 7 7 8 7 7 7 8 7 8 6 8 0 0 0 0 0 0 0 0 0 0 ]
218,1782977830.299517,9.9284,-76,CSI_DATA,AP,98:F4:AB:29:67:94,-76,11,1,4,1,1,1,0,0,0,0,-96,0,6,1,46568179,0,84,0,0,46.9493,384,[84 -64 4 0 0 0 0 0 0 0 0 0 21 2 19 3 19 0 17 3 17 2 16 4 17 3 16 4 17 5 17 6 15 4 15 5 14 6 15 6 14 5 13 8 12 6 12 5 10 4 10 3 10 3 9 1 8 2 11 2 11 2 8 0 0 0 10 0 10 2 10 0 10 -1 9 -2 9 -2 10 -1 10 -3 9 -2 11 -3 9 -4 10 -4 11 -3 10 -3 9 -3 9 -4 9 -3 9 -3 10 -6 8 -6 11 -6 9 -7 10 -5 10 -6 11 -5 9 -5 0 0 0 0 0 0 0 0 0 0 ]
219,1782977830.528269,9.9136,-76,CSI_DATA,AP,98:F4:AB:29:67:94,-76,11,1,4,1,1,1,0,0,0,0,-96,0,6,1,46658960,0,84,0,0,47.0401,384,[84 -64 4 0 0 0 0 0 0 0 0 0 -2 21 -3 20 -3 20 -4 19 -5 18 -5 17 -7 17 -7 15 -6 15 -6 14 -5 16 -6 14 -7 14 -5 13 -6 11 -5 12 -6 12 -4 13 -4 9 -3 9 -3 10 -3 11 -3 10 1 10 -1 10 0 8 0 0 0 8 2 9 1 9 3 8 3 7 4 7 2 8 4 8 4 8 5 8 6 9 5 6 5 7 6 8 6 8 6 6 6 7 6 6 6 6 7 7 8 6 8 4 8 6 8 6 9 8 7 8 0 0 0 0 0 0 0 0 0 0 ]
220,1782977830.759846,9.8659,-76,CSI_DATA,AP,98:F4:AB:29:67:94,-76,11,1,4,1,1,1,0,0,0,0,-96,0,6,1,46747297,0,84,0,0,47.1284,384,[84 -64 4 0 0 0 0 0 0 0 0 0 20 -5 18 -2 20 -2 18 -2 18 -1 18 1 18 -1 18 1 17 0 16 0 16 -1 17 2 16 0 16 1 12 -1 13 0 12 0 11 0 12 0 10 -1 9 -2 9 -2 10 -4 9 -3 9 -4 11 -3 0 0 9 -5 6 -6 6 -5 6 -4 5 -6 7 -6 6 -7 5 -8 6 -9 6 -9 5 -10 6 -8 6 -11 6 -10 5 -10 4 -10 3 -12 4 -11 4 -11 3 -11 3 -12 2 -12 4 -10 2 -12 4 -10 4 -11 0 0 0 0 0 0 0 0 0 0 ]
221,1782977830.981326,9.1299,-76,CSI_DATA,AP,98:F4:AB:29:67:94,-76,11,1,4,1,1,1,0,0,0,0,-96,0,6,1,46840494,0,84,0,0,47.2217,384,[84 -64 4 0 0 0 0 0 0 0 0 0 15 13 12 13 12 14 12 14 13 15 7 13 8 15 8 15 9 15 8 15 8 13 7 14 7 12 6 13 5 12 6 14 6 9 4 12 7 9 6 9 5 8 7 8 5 8 7 6 5 7 7 5 0 0 8 5 8 5 7 3 8 3 6 4 9 2 8 3 7 2 10 1 10 3 11 0 10 0 8 1 10 0 10 -1 10 -2 10 1 10 -2 11 -2 11 0 11 -1 12 -2 11 -1 12 0 11 -1 10 -1 0 0 0 0 0 0 0 0 0 0 ]
222,1782977831.206779,9.4957,-76,CSI_DATA,AP,98:F4:AB:29:67:94,-76,11,1,4,1,1,1,0,0,0,0,-96,0,6,1,46928945,0,84,0,0,47.3101,384,[84 -64 4 0 0 0 0 0 0 0 0 0 23 9 19 9 22 10 19 9 20 10 16 10 17 14 14 12 15 13 14 13 14 11 12 12 12 10 12 11 10 9 11 11 11 9 9 8 9 7 8 8 9 8 9 5 9 5 9 5 9 4 10 4 0 0 8 4 10 3 9 2 8 1 8 0 10 1 11 0 10 -1 11 -1 12 0 12 -1 12 0 12 -2 13 0 13 -2 10 -4 12 -2 12 -2 13 -3 14 -2 14 -3 12 -4 13 -3 13 -3 13 -3 12 -2 0 0 0 0 0 0 0 0 0 0 ]
223,1782977831.434926,8.3129,-76,CSI_DATA,AP,98:F4:AB:29:67:94,-76,11,1,4,1,1,1,0,0,0,0,-96,0,6,1,47015030,0,84,0,0,47.3962,384,[84 -64 4 0 0 0 0 0 0 0 0 0 -6 -17 -5 -18 -7 -18 -3 -18 -4 -18 -2 -15 -2 -18 -1 -16 0 -15 0 -16 -1 -16 0 -15 -1 -16 0 -14 1 -13 0 -13 0 -11 0 -11 -1 -8 -1 -9 -2 -10 -1 -10 -2 -9 -3 -10 -3 -7 -4 -8 0 0 -3 -8 -5 -8 -5 -7 -4 -7 -7 -6 -6 -5 -5 -7 -7 -7 -8 -6 -8 -6 -8 -6 -8 -7 -8 -7 -8 -6 -8 -7 -6 -6 -8 -7 -9 -6 -9 -6 -9 -5 -10 -6 -10 -6 -9 -5 -10 -6 -8 -6 -8 -6 0 0 0 0 0 0 0 0 0 0 ]
224,1782977831.703226,9.2534,-76,CSI_DATA,AP,98:F4:AB:29:67:94,-76,11,1,4,1,1,1,0,0,0,0,-96,0,6,1,47105027,0,84,0,0,47.4861,384,[84 -64 4 0 0 0 0 0 0 0 0 0 20 9 16 8 19 9 15 9 17 11 14 11 14 11 13 11 13 10 13 11 12 11 12 11 11 11 11 13 9 10 11 10 9 8 9 10 9 6 7 7 8 7 9 7 6 5 8 5 8 6 8 2 0 0 7 3 9 3 7 2 7 0 8 0 9 -1 9 0 10 -1 9 -3 11 -3 8 0 10 -1 9 -2 10 -2 11 -3 8 -3 9 -4 9 -4 10 -5 10 -4 10 -6 9 -6 12 -5 10 -5 11 -4 10 -4 0 0 0 0 0 0 0 0 0 0 ]
225,1782977831.932321,9.5611,-76,CSI_DATA,AP,98:F4:AB:29:67:94,-76,11,1,4,1,1,1,0,0,0,0,-96,0,6,1,47195029,0,84,0,0,47.5762,384,[84 -64 4 0 0 0 0 0 0 0 0 0 11 -23 11 -18 14 -21 13 -17 14 -20 15 -16 13 -16 14 -18 15 -17 15 -13 12 -12 14 -14 13 -13 11 -13 10 -10 11 -12 9 -8 9 -12 8 -10 8 -10 6 -10 7 -10 6 -8 6 -9 4 -11 3 -10 0 0 3 -7 2 -11 1 -10 0 -10 0 -9 0 -11 -1 -10 -4 -10 -4 -11 -4 -12 -4 -12 -4 -10 -3 -9 -6 -10 -8 -11 -5 -10 -7 -12 -6 -10 -7 -10 -7 -11 -7 -11 -6 -11 -8 -12 -8 -11 -7 -11 -8 -11 0 0 0 0 0 0 0 0 0 0 ]
226,1782977832.158596,10.4571,-74,CSI_DATA,AP,98:F4:AB:29:67:94,-74,11,1,2,1,1,1,0,0,0,0,-96,0,6,1,47285912,0,84,0,0,47.6671,384,[84 -64 4 0 0 0 0 0 0 0 0 0 -17 -15 -16 -16 -17 -17 -13 -15 -16 -17 -13 -16 -10 -15 -10 -17 -10 -16 -10 -17 -10 -16 -10 -15 -8 -16 -10 -15 -7 -15 -6 -16 -6 -14 -6 -11 7 -12 -5 -13 -8 -9 -7 -10 -7 -9 -7 -8 -8 -8 -6 -7 0 0 -8 -5 -8 -5 -10 -5 -9 -6 -7 -3 -9 -3 -11 -3 -10 -2 -11 -2 -12 -2 -12 -2 -10 -2 -11 -1 -11 -1 -12 -1 -11 0 -12 0 -12 0 -13 0 -11 1 -13 0 -13 0 -13 1 -13 2 -14 0 -12 0 0 0 0 0 0 0 0 0 0 0 ]
227,1782977832.386946,10.1634,-75,CSI_DATA,AP,98:F4:AB:29:67:94,-75,11,1,2,1,1,1,0,0,0,0,-96,0,6,1,47378773,0,84,0,0,47.7599,384,[84 -64 4 0 0 0 0 0 0 0 0 0 -9 -18 -7 -18 -7 -20 -7 -19 -5 -19 -4 -19 -3 -18 -4 -16 -3 -17 -4 -18 -4 -16 -3 -15 -5 -17 -3 -15 -3 -15 -2 -14 -2 -12 -2 -11 -2 -12 -3 -10 -3 -10 -3 -10 -4 -7 -5 -9 -5 -8 -5 -8 0 0 -5 -5 -7 -6 -7 -4 -8 -5 -5 -4 -8 -4 -8 -4 -9 -4 -10 -4 -9 -3 -10 -2 -11 -3 -10 -2 -11 -2 -9 -2 -10 -1 -13 -3 -11 0 -11 -1 -10 -1 -11 -1 -12 1 -11 0 -10 0 -11 -2 -12 1 0 0 0 0 0 0 0 0 0 0 ]
228,1782977832.616737,10.5143,-76,CSI_DATA,AP,98:F4:AB:29:67:94,-76,11,1,4,1,1,1,0,0,0,0,-96,0,6,1,47469247,0,84,0,0,47.8504,384,[84 -64 4 0 0 0 0 0 0 0 0 0 12 -17 11 -18 15 -15 14 -15 14 -14 15 -14 14 -13 14 -11 13 -11 12 -12 14 -11 14 -11 13 -11 13 -8 12 -8 14 -9 11 -7 8 -7 9 -7 9 -7 6 -6 7 -6 5 -7 6 -7 7 -7 6 -10 0 0 5 -9 4 -8 3 -8 2 -9 3 -9 2 -10 2 -11 1 -10 1 -11 0 -10 0 -11 0 -10 1 -12 -1 -12 0 -10 0 -12 1 -13 -1 -11 -1 -11 -1 -10 -3 -12 -2 -12 -2 -13 -2 -11 0 -12 -2 -12 0 0 0 0 0 0 0 0 0 0 ]
229,1782977832.839988,10.2346,-77,CSI_DATA,AP,98:F4:AB:29:67:94,-77,11,1,4,1,1,1,0,0,0,0,-96,0,6,1,47558231,0,84,0,0,47.9394,384,[84 -64 4 0 0 0 0 0 0 0 0 0 -4 -21 -3 -21 -2 -24 -2 -19 -1 -22 -3 -19 -1 -20 0 -21 -1 -19 1 -19 2 -16 2 -15 1 -18 0 -15 1 -14 1 -15 2 -12 1 -13 0 -12 -1 -11 -1 -11 -2 -11 -2 -10 -2 -11 -4 -9 -3 -9 0 0 -3 -9 -5 -7 -7 -7 -5 -8 -7 -6 -6 -7 -6 -6 -8 -8 -9 -7 -8 -6 -8 -6 -9 -6 -9 -7 -8 -5 -9 -5 -10 -4 -11 -5 -8 -2 -15 1 -10 -2 -13 -3 -11 -4 -12 -3 -12 -5 -12 -4 -11 -4 0 0 0 0 0 0 0 0 0 0 ]
230,1782977833.068411,10.8470,-76,CSI_DATA,AP,98:F4:AB:29:67:94,-76,11,1,4,1,1,1,0,0,0,0,-96,0,6,1,47646362,0,84,0,0,48.0275,384,[84 -64 4 0 0 0 0 0 0 0 0 0 13 14 13 14 13 16 13 16 13 14 11 15 7 14 9 15 8 15 8 15 7 14 7 14 8 14 7 13 6 13 6 12 4 13 4 9 4 9 6 8 6 9 5 7 6 6 7 8 8 8 7 7 0 0 6 5 8 5 8 4 6 3 7 3 8 4 8 2 10 1 9 2 10 2 10 2 10 2 11 0 10 0 9 0 11 0 11 0 10 0 11 0 10 -1 12 -1 11 -1 11 -2 10 -2 10 -1 10 -1 0 0 0 0 0 0 0 0 0 0 ]
231,1782977833.296775,11.8848,-75,CSI_DATA,AP,98:F4:AB:29:67:94,-75,11,1,2,1,1,1,0,0,0,0,-96,0,6,1,47739335,0,84,0,0,48.1205,384,[84 -64 4 0 0 0 0 0 0 0 0 0 -24 6 -25 6 -24 5 -24 4 -24 2 -22 2 -22 1 -21 -1 -21 0 -20 -2 -20 0 -20 -1 -19 -1 -18 -2 -17 -1 -16 0 -16 1 -14 -2 -14 -2 -14 0 -13 0 -13 0 -12 1 -12 2 -12 4 -12 2 0 0 -11 4 -12 5 -10 6 -10 4 -8 4 -10 7 -9 5 -8 8 -9 9 -8 10 -8 11 -8 9 -8 10 -8 9 -7 10 -7 9 -8 11 -7 10 -7 10 -6 10 -8 12 -6 10 -6 11 -6 12 -6 13 -5 12 0 0 0 0 0 0 0 0 0 0 ]
232,1782977833.526993,10.5500,-76,CSI_DATA,AP,98:F4:AB:29:67:94,-76,11,1,4,1,1,1,0,0,0,0,-96,0,6,1,47828410,0,84,0,0,48.2095,384,[84 -64 4 0 0 0 0 0 0 0 0 0 22 2 21 0 19 5 19 4 20 5 17 5 16 5 18 5 15 4 15 6 15 5 14 4 15 6 15 6 12 5 13 5 11 5 11 3 8 5 10 3 10 3 8 1 9 1 10 0 9 0 9 0 0 0 8 1 9 -1 8 -2 7 -2 7 -2 9 -4 7 -6 8 -5 7 -5 8 -7 8 -6 6 -7 7 -7 8 -7 8 -7 7 -10 7 -8 7 -8 6 -9 7 -10 7 -9 7 -12 8 -10 6 -11 8 -8 7 -8 0 0 0 0 0 0 0 0 0 0 ]
233,1782977833.753614,9.6279,-77,CSI_DATA,AP,98:F4:AB:29:67:94,-77,11,1,4,1,1,1,0,0,0,0,-96,0,6,1,47917786,0,84,0,0,48.2989,384,[84 -64 4 0 0 0 0 0 0 0 0 0 20 -7 19 -6 22 -6 19 -5 20 -4 17 -2 18 -2 18 0 18 -2 18 1 16 -1 16 1 16 1 16 0 14 1 16 0 11 0 13 -2 9 1 11 0 11 -1 10 -3 8 -1 10 -4 9 -3 9 -4 0 0 8 -4 6 -4 8 -6 6 -6 5 -6 5 -7 5 -8 7 -9 4 -10 5 -10 4 -8 4 -8 6 -10 5 -10 3 -11 3 -9 3 -11 3 -9 2 -12 3 -10 2 -10 1 -12 2 -12 2 -11 3 -11 2 -11 0 0 0 0 0 0 0 0 0 0 ]
234,1782977833.979778,9.7128,-70,CSI_DATA,AP,98:F4:AB:29:67:94,-70,11,0,0,0,0,0,0,0,0,0,-96,0,6,1,48010211,0,84,0,0,48.3915,128,[84 -64 4 0 0 0 0 0 0 0 0 0 30 -15 29 -12 31 -14 31 -13 31 -11 27 -8 28 -6 27 -5 27 -6 26 -4 27 -6 26 -5 26 -4 25 -6 23 -3 23 -3 20 -3 18 -4 18 -2 18 -4 16 -3 15 -4 12 -4 14 -7 15 -7 14 -7 0 0 12 -9 11 -8 11 -11 8 -12 8 -11 9 -12 8 -14 8 -14 6 -15 9 -13 8 -16 8 -15 7 -16 8 -16 6 -16 7 -17 6 -17 4 -17 5 -17 4 -17 4 -18 5 -18 4 -17 5 -19 4 -18 4 -17 0 0 0 0 0 0 0 0 0 0 ]
235,1782977834.205423,9.6741,-76,CSI_DATA,AP,98:F4:AB:29:67:94,-76,11,1,4,1,1,1,0,0,0,0,-96,0,6,1,48095457,0,84,0,0,48.4766,384,[84 -64 4 0 0 0 0 0 0 0 0 0 19 -1 20 1 21 2 19 2 18 3 17 2 18 4 16 2 16 5 14 4 15 3 18 4 16 5 16 5 11 5 13 5 12 4 11 3 11 1 9 2 11 2 9 1 10 0 12 0 10 0 10 -1 0 0 9 -2 8 -3 9 -5 8 -4 5 -3 9 -5 8 -6 7 -6 7 -9 6 -8 8 -8 7 -8 7 -8 6 -7 7 -9 6 -8 6 -11 6 -10 6 -9 6 -13 5 -11 5 -11 5 -12 4 -11 5 -10 5 -10 0 0 0 0 0 0 0 0 0 0 ]
236,1782977834.433660,10.9557,-76,CSI_DATA,AP,98:F4:AB:29:67:94,-76,11,1,4,1,1,1,0,0,0,0,-96,0,6,1,48185091,0,84,0,0,48.5662,384,[84 -64 4 0 0 0 0 0 0 0 0 0 3 -22 3 -20 3 -23 4 -20 3 -20 5 -18 5 -19 5 -17 6 -19 7 -18 6 -16 6 -15 6 -16 6 -14 5 -12 5 -14 5 -13 4 -13 4 -12 1 -10 1 -10 0 -11 2 -10 0 -12 -1 -12 0 -11 0 0 -2 -10 -3 -10 -4 -10 -4 -9 -3 -8 -3 -9 -6 -9 -5 -8 -7 -9 -7 -8 -8 -9 -6 -9 -5 -8 -7 -8 -8 -9 -7 -8 -8 -8 -8 -8 -9 -7 -11 -7 -10 -9 -10 -7 -10 -8 -9 -9 -10 -8 -9 -8 0 0 0 0 0 0 0 0 0 0 ]
237,1782977834.661254,11.8290,-76,CSI_DATA,AP,98:F4:AB:29:67:94,-76,11,1,4,1,1,1,0,0,0,0,-96,0,6,1,48286546,0,84,0,0,48.6677,384,[84 -64 4 0 0 0 0 0 0 0 0 0 -11 -21 -10 -21 -9 -23 -8 -21 -9 -22 -6 -19 -7 -23 -4 -19 -5 -21 -2 -20 -4 -19 -4 -19 -4 -18 -4 -19 -4 -16 -4 -17 -3 -15 -3 -15 -4 -13 -4 -13 -3 -12 -5 -12 -5 -11 -4 -11 -6 -11 -6 -11 0 0 -7 -9 -9 -8 -7 -7 -8 -8 -9 -6 -9 -6 -9 -5 -11 -6 -11 -4 -11 -6 -11 -7 -10 -5 -12 -4 -12 -6 -12 -6 -10 -3 -13 -3 -11 -4 -13 -5 -14 -1 -13 -3 -13 -2 -16 -3 -13 -3 -14 -3 -13 -3 0 0 0 0 0 0 0 0 0 0 ]
238,1782977834.887568,11.0777,-76,CSI_DATA,AP,98:F4:AB:29:67:94,-76,11,1,4,1,1,1,0,0,0,0,-96,0,6,1,48366290,0,84,0,0,48.7475,384,[84 -64 4 0 0 0 0 0 0 0 0 0 -10 -18 -11 -19 -11 -20 -8 -17 -7 -19 -7 -19 -4 -19 -4 -17 -6 -19 -6 -18 -4 -18 -4 -16 -4 -17 -4 -16 -2 -15 -3 -14 -3 -13 -2 -15 -3 -12 -4 -12 -5 -11 -5 -10 -3 -11 -5 -9 -4 -9 -5 -8 0 0 -4 -9 -6 -8 -5 -9 -5 -8 -8 -7 -8 -7 -7 -6 -8 -7 -9 -6 -10 -6 -9 -6 -10 -6 -9 -7 -8 -6 -9 -6 -10 -6 -12 -5 -10 -6 -10 -4 -11 -4 -11 -5 -11 -5 -11 -5 -11 -4 -11 -6 -11 -6 0 0 0 0 0 0 0 0 0 0 ]
239,1782977835.182146,10.7490,-77,CSI_DATA,AP,98:F4:AB:29:67:94,-77,11,1,3,1,1,1,0,0,0,0,-96,0,6,1,79864889,0,84,0,0,80.246,384,[84 -64 4 0 0 0 0 0 0 0 0 0 -19 -1 -19 -2 -20 -3 -17 -3 -18 -5 -16 -4 -17 -5 -15 -6 -16 -5 -15 -6 -13 -6 -14 -7 -14 -7 -14 -5 -10 -6 -13 -7 -11 -5 -11 -5 -9 -4 -10 -3 -10 -4 -10 -3 -10 -2 -12 -1 -10 -2 -11 0 0 0 -10 -1 -11 1 -8 0 -10 1 -10 1 -11 2 -10 2 -11 2 -10 3 -13 4 -12 2 -12 3 -11 3 -11 2 -12 5 -10 5 -12 4 -11 4 -12 4 -11 4 -11 2 -11 5 -12 4 -12 5 -12 4 -11 3 0 0 0 0 0 0 0 0 0 0 ]
240,1782977835.388907,10.6402,-76,CSI_DATA,AP,98:F4:AB:29:67:94,-76,11,1,3,1,1,1,0,0,0,0,-96,0,6,1,79954935,0,84,0,0,80.3361,384,[84 -64 4 0 0 0 0 0 0 0 0 0 -19 -6 -17 -5 -19 -6 -17 -8 -18 -6 -16 -6 -16 -7 -14 -9 -14 -7 -15 -10 -13 -8 -13 -9 -12 -7 -12 -8 -9 -7 -12 -8 -10 -7 -10 -5 -10 -5 -9 -4 -9 -4 -10 -4 -9 -4 -11 -2 -10 -2 -9 -2 0 0 -9 -2 -11 -1 -11 0 -10 0 -10 0 -10 0 -12 -2 -12 1 -11 0 -13 2 -12 0 -12 2 -12 2 -12 1 -11 1 -12 2 -10 2 -11 2 -13 2 -11 1 -14 2 -12 1 -14 2 -13 1 -12 1 -13 0 0 0 0 0 0 0 0 0 0 0 ]
241,1782977835.615582,10.7166,-76,CSI_DATA,AP,98:F4:AB:29:67:94,-76,11,1,3,1,1,1,0,0,0,0,-96,0,6,1,80046961,0,84,0,0,80.4281,384,[84 -64 4 0 0 0 0 0 0 0 0 0 11 -19 13 -18 12 -14 12 -17 11 -15 12 -15 14 -12 14 -12 16 -13 12 -11 12 -13 11 -11 10 -10 11 -9 11 -8 10 -9 7 -8 10 -9 8 -7 9 -6 7 -7 6 -9 5 -9 7 -8 6 -9 5 -11 0 0 4 -9 5 -11 4 -10 2 -10 2 -10 3 -11 3 -10 1 -14 3 -13 1 -12 1 -12 2 -12 0 -13 2 -14 1 -12 2 -14 1 -13 1 -14 1 -14 1 -14 1 -16 -1 -16 5 -11 0 -15 0 -12 0 -14 0 0 0 0 0 0 0 0 0 0 ]
242,1782977835.843616,10.3813,-76,CSI_DATA,AP,98:F4:AB:29:67:94,-76,11,1,3,1,1,1,0,0,0,0,-96,0,6,1,80138486,0,84,0,0,80.5196,384,[84 -64 4 0 0 0 0 0 0 0 0 0 -20 -2 -21 -6 -21 -6 -19 -6 -20 -7 -19 -7 -19 -7 -17 -7 -16 -5 -18 -9 -17 -5 -15 -7 -16 -7 -15 -7 -14 -5 -16 -6 -14 -4 -12 -6 -10 -3 -11 -2 -12 -4 -12 -1 -11 -1 -11 -1 -11 0 -12 0 0 0 -11 1 -10 0 -10 2 -10 3 -10 3 -11 5 -10 5 -12 5 -12 6 -12 6 -12 6 -13 6 -13 5 -14 7 -12 5 -10 7 -13 8 -11 7 -12 8 -12 7 -11 8 -11 9 -12 9 -12 9 -13 8 -12 8 0 0 0 0 0 0 0 0 0 0 ]
243,1782977836.070130,10.0384,-76,CSI_DATA,AP,98:F4:AB:29:67:94,-76,11,1,3,1,1,1,0,0,0,0,-96,0,6,1,80226098,0,84,0,0,80.6072,384,[84 -64 4 0 0 0 0 0 0 0 0 0 6 -20 8 -16 6 -17 7 -16 7 -17 7 -14 8 -14 9 -16 9 -13 8 -13 9 -13 8 -11 7 -12 9 -11 8 -10 7 -11 6 -10 4 -11 4 -8 3 -10 3 -9 3 -9 3 -8 1 -10 1 -10 1 -11 0 0 0 -9 2 -9 -2 -9 -3 -12 -1 -9 -4 -11 -4 -11 -4 -10 -4 -10 -4 -13 -5 -11 -4 -11 -3 -10 -5 -11 -7 -11 -5 -10 -7 -11 -6 -11 -5 -11 -6 -11 -6 -11 -7 -10 -7 -13 -5 -11 -6 -11 -6 -12 0 0 0 0 0 0 0 0 0 0 ]
244,1782977836.297660,10.5662,-76,CSI_DATA,AP,98:F4:AB:29:67:94,-76,11,1,3,1,1,1,0,0,0,0,-96,0,6,1,80316947,0,84,0,0,80.6982,384,[84 -64 4 0 0 0 0 0 0 0 0 0 -17 5 -18 6 -18 5 -17 4 -19 4 -16 0 -18 2 -18 1 -17 1 -16 0 -15 0 -15 0 -16 0 -15 1 -12 -2 -14 0 -11 1 -12 0 -12 1 -11 0 -11 1 -10 0 -10 3 -9 3 -11 2 -9 4 0 0 -10 5 -9 4 -8 4 -8 5 -8 4 -9 6 -8 5 -9 8 -8 5 -10 7 -8 8 -10 7 -9 8 -9 7 -9 8 -8 9 -8 9 -10 9 -10 9 -9 8 -9 9 -8 10 -9 10 -9 10 -8 9 -8 8 0 0 0 0 0 0 0 0 0 0 ]
245,1782977836.526428,9.8141,-76,CSI_DATA,AP,98:F4:AB:29:67:94,-76,11,1,3,1,1,1,0,0,0,0,-96,0,6,1,80406559,0,84,0,0,80.7878,384,[84 -64 4 0 0 0 0 0 0 0 0 0 18 4 17 5 17 5 16 4 18 6 15 5 14 6 13 7 14 7 13 6 12 6 11 6 12 8 13 6 11 5 12 7 9 5 9 6 8 3 9 4 9 4 7 4 9 2 8 2 9 1 10 1 0 0 9 -1 10 0 9 -1 9 -2 8 -1 9 -3 9 -3 8 -2 10 -3 10 -4 9 -4 11 -3 11 -3 10 -3 11 -3 11 -3 10 -4 9 -4 11 -3 10 -4 11 -4 12 -3 13 -3 11 -6 12 -5 9 -4 0 0 0 0 0 0 0 0 0 0 ]
246,1782977836.753060,10.5113,-76,CSI_DATA,AP,98:F4:AB:29:67:94,-76,11,1,3,1,1,1,0,0,0,0,-96,0,6,1,80497234,0,84,0,0,80.8785,384,[84 -64 4 0 0 0 0 0 0 0 0 0 -18 -8 -17 -10 -18 -9 -16 -9 -17 -8 -15 -9 -14 -8 -14 -10 -12 -10 -13 -10 -13 -10 -12 -10 -11 -10 -11 -11 -11 -9 -10 -9 -8 -7 -10 -8 -8 -6 -9 -6 -10 -5 -8 -5 -9 -4 -9 -4 -10 -4 -9 -4 0 0 -10 -3 -11 -2 -11 -1 -10 0 -9 0 -12 1 -11 1 -12 0 -11 1 -13 0 -13 0 -12 1 -12 1 -12 1 -12 2 -14 2 -13 3 -12 1 -13 2 -13 3 -12 2 -13 2 -14 1 -14 2 -13 1 -11 1 0 0 0 0 0 0 0 0 0 0 ]
247,1782977836.985043,11.1039,-77,CSI_DATA,AP,98:F4:AB:29:67:94,-77,11,1,3,1,1,1,0,0,0,0,-96,0,6,1,80587403,0,84,0,0,80.9685,384,[84 -64 4 0 0 0 0 0 0 0 0 0 14 -16 13 -16 16 -15 14 -14 16 -12 14 -13 14 -12 12 -11 13 -10 13 -10 14 -11 15 -7 16 -8 15 -9 12 -6 12 -8 11 -8 10 -9 8 -5 9 -5 8 -6 8 -7 8 -7 5 -8 7 -9 7 -8 0 0 6 -9 4 -10 4 -9 3 -10 2 -9 0 -11 3 -11 3 -11 3 -13 1 -14 3 -14 3 -12 2 -12 4 -13 2 -14 2 -13 2 -14 1 -13 2 -14 0 -12 1 -12 1 -16 2 -14 3 -14 3 -14 2 -14 0 0 0 0 0 0 0 0 0 0 ]
248,1782977837.213579,10.7288,-76,CSI_DATA,AP,98:F4:AB:29:67:94,-76,11,1,3,1,1,1,0,0,0,0,-96,0,6,1,80678230,0,84,0,0,81.0594,384,[84 -64 4 0 0 0 0 0 0 0 0 0 -15 -16 -12 -15 -13 -16 -12 -14 -12 -16 -9 -14 -8 -14 -8 -15 -7 -14 -6 -14 -7 -15 -7 -15 -7 -13 -7 -14 -6 -12 -6 -13 -7 -11 -6 -11 -6 -8 -7 -8 -6 -8 -6 -8 -6 -7 -6 -8 -8 -7 -7 -6 0 0 -7 -6 -8 -6 -9 -5 -9 -5 -8 -4 -10 -3 -10 -3 -9 -3 -12 -3 -13 -4 -11 -4 -12 -3 -12 -3 -11 -3 -12 -3 -11 -3 -12 -3 -13 -2 -13 -1 -13 0 -15 -2 -14 -2 -13 -2 -12 -2 -13 -3 -13 -3 0 0 0 0 0 0 0 0 0 0 ]
249,1782977837.442485,10.8250,-76,CSI_DATA,AP,98:F4:AB:29:67:94,-76,11,1,3,1,1,1,0,0,0,0,-96,0,6,1,80765359,0,84,0,0,81.1465,384,[84 -64 4 0 0 0 0 0 0 0 0 0 -5 -19 -4 -19 -3 -19 -2 -18 -2 -18 -1 -17 1 -17 3 -18 0 -18 0 -17 0 -16 0 -16 0 -16 1 -15 2 -14 1 -13 0 -11 0 -11 1 -12 -2 -10 -2 -10 -1 -8 -1 -8 -4 -8 -4 -10 -5 -10 0 0 -4 -9 -4 -9 -4 -7 -7 -8 -6 -6 -5 -7 -6 -6 -9 -9 -9 -7 -10 -7 -10 -8 -9 -7 -10 -7 -9 -7 -11 -7 -9 -7 -9 -7 -9 -6 -10 -6 -10 -7 -11 -7 -11 -8 -13 -9 -12 -7 -12 -5 -12 -9 0 0 0 0 0 0 0 0 0 0 ]
250,1782977837.677455,10.8773,-74,CSI_DATA,AP,98:F4:AB:29:67:94,-74,11,1,2,1,1,1,0,0,0,0,-96,0,6,1,80856009,0,84,0,0,81.2372,384,[84 -64 4 0 0 0 0 0 0 0 0 0 18 -3 17 -4 16 -2 16 -2 17 0 15 1 16 0 15 1 14 -1 16 1 14 0 14 1 15 2 12 1 12 2 13 -1 11 1 10 0 9 2 9 -1 10 -2 9 -2 7 -3 8 -1 8 -2 8 -3 0 0 6 -5 8 -5 6 -4 7 -5 6 -4 4 -7 5 -7 6 -7 6 -9 7 -9 6 -9 6 -9 7 -9 5 -9 8 -10 5 -9 5 -11 6 -10 5 -11 4 -11 5 -11 5 -12 6 -12 6 -11 6 -11 6 -11 0 0 0 0 0 0 0 0 0 0 ]
251,1782977837.903687,11.3161,-76,CSI_DATA,AP,98:F4:AB:29:67:94,-76,11,1,3,1,1,1,0,0,0,0,-96,0,6,1,80946311,0,84,0,0,81.3275,384,[84 -64 4 0 0 0 0 0 0 0 0 0 -3 -21 -2 -19 -2 -18 0 -19 -1 -19 2 -17 1 -18 0 -16 2 -15 2 -16 2 -15 2 -15 2 -14 3 -16 1 -12 1 -15 1 -12 1 -11 1 -10 1 -9 0 -11 0 -10 0 -10 -3 -9 -3 -11 -2 -10 0 0 -3 -9 -5 -9 -4 -8 -5 -8 -5 -8 -7 -9 -6 -8 -7 -8 -8 -9 -8 -10 -8 -9 -7 -10 -8 -8 -9 -9 -9 -9 -10 -7 -12 -9 -10 -9 -10 -7 -10 -7 -9 -8 -9 -5 -12 -7 -11 -10 -11 -9 -10 -8 0 0 0 0 0 0 0 0 0 0 ]
252,1782977838.130029,10.1363,-76,CSI_DATA,AP,98:F4:AB:29:67:94,-76,11,1,3,1,1,1,0,0,0,0,-96,0,6,1,81037137,0,84,0,0,81.4183,384,[84 -64 4 0 0 0 0 0 0 0 0 0 17 4 19 5 16 8 17 7 15 8 16 6 15 8 14 9 15 8 13 9 13 8 11 7 13 7 14 9 8 8 11 8 8 7 10 5 10 4 8 4 9 4 8 3 8 4 9 3 9 1 9 0 0 0 9 0 10 -1 9 0 10 -2 8 -3 9 -4 10 -2 10 -4 10 -3 11 -5 9 -5 10 -3 10 -5 11 -4 9 -5 9 -5 10 -6 11 -7 10 -6 10 -8 11 -6 11 -6 9 -8 11 -6 11 -6 10 -5 0 0 0 0 0 0 0 0 0 0 ]
253,1782977838.370575,9.7138,-76,CSI_DATA,AP,98:F4:AB:29:67:94,-76,11,1,3,1,1,1,0,0,0,0,-96,0,6,1,81125303,0,84,0,0,81.5065,384,[84 -64 4 0 0 0 0 0 0 0 0 0 13 16 14 16 13 17 11 15 10 17 9 18 8 16 8 15 6 15 5 15 7 15 6 15 6 13 6 14 5 13 6 14 4 10 4 11 3 9 4 9 5 9 7 10 6 8 8 7 7 7 6 7 0 0 6 6 8 7 7 6 7 3 8 3 10 3 10 3 11 3 10 5 11 5 12 4 12 4 12 4 11 3 11 4 12 2 14 4 11 1 12 3 12 3 14 4 13 2 14 2 12 3 14 4 12 4 0 0 0 0 0 0 0 0 0 0 ]
254,1782977838.600186,9.7752,-76,CSI_DATA,AP,98:F4:AB:29:67:94,-76,11,1,3,1,1,1,0,0,0,0,-96,0,6,1,81217002,0,84,0,0,81.5982,384,[84 -64 4 0 0 0 0 0 0 0 0 0 5 18 5 18 3 19 4 18 3 19 0 17 1 16 1 15 1 16 -1 16 -1 15 -1 15 0 15 -1 14 -1 11 0 13 0 12 0 11 -1 10 1 10 0 8 1 9 2 8 1 9 2 10 2 7 0 0 3 8 4 9 6 7 5 6 5 7 7 5 8 6 6 6 7 6 9 7 10 6 9 8 8 6 8 7 9 6 9 6 9 6 8 5 8 5 8 6 11 5 12 4 11 5 11 5 9 6 9 6 0 0 0 0 0 0 0 0 0 0 ]
255,1782977838.829474,10.3008,-76,CSI_DATA,AP,98:F4:AB:29:67:94,-76,11,1,3,1,1,1,0,0,0,0,-96,0,6,1,81305895,0,84,0,0,81.6869,384,[84 -64 4 0 0 0 0 0 0 0 0 0 -15 18 -13 15 -14 15 -13 12 -14 14 -15 11 -15 14 -15 11 -13 11 -14 10 -15 11 -14 11 -13 9 -12 7 -12 7 -14 8 -12 7 -11 6 -9 6 -8 6 -8 7 -7 8 -7 7 -7 7 -8 8 -8 7 0 0 -4 8 -4 11 -3 9 -4 11 -4 9 -2 10 -3 10 -2 10 -2 12 -1 15 1 13 -2 11 -2 12 0 12 -2 12 -1 11 -1 14 1 12 0 12 1 12 0 12 2 13 -1 15 0 14 -1 14 1 12 0 0 0 0 0 0 0 0 0 0 ]
256,1782977839.065168,10.5976,-76,CSI_DATA,AP,98:F4:AB:29:67:94,-76,11,1,3,1,1,1,0,0,0,0,-96,0,6,1,81399221,0,84,0,0,81.7804,384,[84 -64 4 0 0 0 0 0 0 0 0 0 -19 -1 -18 -2 -19 -3 -18 -4 -19 -3 -15 -3 -16 -6 -16 -4 -15 -6 -16 -5 -15 -4 -16 -6 -15 -5 -15 -6 -12 -7 -14 -5 -11 -4 -12 -5 -10 -4 -12 -4 -10 -4 -11 -2 -9 -2 -9 -2 -10 -3 -10 -1 0 0 -11 0 -11 2 -11 1 -9 2 -11 1 -8 2 -11 3 -10 4 -9 4 -10 4 -10 5 -9 3 -9 4 -10 4 -9 4 -10 5 -10 5 -8 7 -10 6 -11 7 -10 7 -11 6 -11 7 -10 7 -11 6 -11 6 0 0 0 0 0 0 0 0 0 0 ]
257,1782977839.291685,11.6945,-75,CSI_DATA,AP,98:F4:AB:29:67:94,-75,11,1,2,1,1,1,0,0,0,0,-96,0,6,1,81488815,0,84,0,0,81.87,384,[84 -64 4 0 0 0 0 0 0 0 0 0 -21 -3 -19 -5 -20 -5 -19 -5 -18 -7 -18 -6 -16 -6 -16 -8 -15 -8 -16 -7 -14 -6 -14 -5 -14 -7 -14 -6 -14 -7 -12 -6 -12 -5 -10 -6 -11 -5 -10 -4 -11 -2 -10 -4 -9 -1 -11 -1 -12 -2 -10 -1 0 0 -10 -1 -11 0 -11 1 -11 3 -9 2 -11 1 -12 3 -11 4 -10 5 -11 5 -10 6 -10 4 -11 5 -10 5 -11 5 -11 6 -12 6 -10 7 -9 5 -10 7 -10 6 -11 9 -11 7 -11 7 -9 7 -12 5 0 0 0 0 0 0 0 0 0 0 ]
258,1782977839.517749,10.7179,-76,CSI_DATA,AP,98:F4:AB:29:67:94,-76,11,1,3,1,1,1,0,0,0,0,-96,0,6,1,81578656,0,84,0,0,81.9598,384,[84 -64 4 0 0 0 0 0 0 0 0 0 -6 18 -6 15 -5 15 -7 15 -6 17 -7 14 -10 14 -7 14 -8 13 -9 13 -7 12 -8 13 -8 12 -7 11 -7 10 -8 11 -7 9 -6 9 -7 7 -6 8 -4 8 -4 9 -3 10 -3 9 -3 9 -3 8 0 0 -3 10 -3 9 -1 9 -2 11 -2 7 0 12 1 9 0 11 3 11 2 12 1 12 2 11 -1 10 1 10 2 10 2 11 2 11 1 12 2 10 2 11 2 10 3 10 1 13 2 12 0 13 2 11 0 0 0 0 0 0 0 0 0 0 ]
259,1782977839.741892,9.9271,-76,CSI_DATA,AP,98:F4:AB:29:67:94,-76,11,1,3,1,1,1,0,0,0,0,-96,0,6,1,81664874,0,84,0,0,82.046,384,[84 -64 4 0 0 0 0 0 0 0 0 0 3 21 2 19 2 20 1 18 2 21 0 18 -1 17 -3 17 -2 17 -4 17 -2 16 -4 17 -4 16 -2 14 -2 13 -2 15 -3 12 -1 13 -1 11 0 13 0 11 0 10 2 11 2 10 2 9 2 10 0 0 3 9 4 9 5 7 7 9 6 9 7 9 7 8 6 9 7 7 8 11 9 10 8 8 8 9 8 9 9 9 8 7 10 9 9 7 11 7 9 7 9 9 10 8 10 9 10 9 11 7 10 8 0 0 0 0 0 0 0 0 0 0 ]
260,1782977839.969580,9.9241,-77,CSI_DATA,AP,98:F4:AB:29:67:94,-77,11,1,3,1,1,1,0,0,0,0,-96,0,6,1,81760889,0,84,0,0,82.142,384,[84 -64 4 0 0 0 0 0 0 0 0 0 19 2 19 1 22 2 19 3 18 5 19 3 18 2 19 5 16 7 16 7 15 5 16 7 14 5 16 6 11 6 14 4 13 3 13 4 10 4 11 3 11 3 12 2 12 1 11 0 10 2 11 -1 0 0 9 -1 11 -1 9 -4 9 -4 9 -3 9 -5 10 -4 12 -6 10 -6 11 -6 12 -6 12 -6 12 -7 11 -5 11 -7 11 -8 12 -7 11 -6 9 -8 11 -11 12 -9 11 -9 12 -10 11 -7 11 -7 12 -7 0 0 0 0 0 0 0 0 0 0 ]
261,1782977840.198412,8.6663,-77,CSI_DATA,AP,98:F4:AB:29:67:94,-77,11,1,3,1,1,1,0,0,0,0,-96,0,6,1,81846622,0,84,0,0,82.2278,384,[84 -64 4 0 0 0 0 0 0 0 0 0 -9 -15 -9 -15 -9 -16 -8 -14 -9 -14 -6 -13 -5 -15 -5 -14 -6 -13 -5 -15 -6 -14 -5 -13 -3 -13 -5 -13 -4 -12 -3 -11 -4 -10 -3 -10 -4 -9 -4 -8 -5 -8 -5 -7 -4 -8 -5 -8 -4 -7 -5 -8 0 0 -6 -5 -9 -7 -8 -5 -5 -5 -7 -6 -7 -4 -8 -5 -9 -4 -10 -5 -10 -4 -10 -5 -9 -4 -9 -4 -10 -5 -10 -4 -9 -4 -10 -4 -9 -2 -12 -4 -9 -4 -10 -3 -11 -3 -11 -4 -11 -3 -10 -3 -9 -3 0 0 0 0 0 0 0 0 0 0 ]
262,1782977840.428461,7.9139,-77,CSI_DATA,AP,98:F4:AB:29:67:94,-77,11,1,3,1,1,1,0,0,0,0,-96,0,6,1,81934730,0,84,0,0,82.3159,384,[84 -64 4 0 0 0 0 0 0 0 0 0 17 -3 17 -4 17 -2 17 -1 16 0 16 1 17 0 14 1 16 1 15 2 15 0 15 1 13 4 13 1 12 2 12 2 10 1 11 0 8 0 11 -1 10 0 9 -2 9 -1 9 -1 8 -3 9 -3 0 0 9 -3 10 -4 8 -5 7 -4 7 -5 8 -6 7 -4 7 -6 8 -9 8 -6 8 -7 9 -4 8 -7 8 -8 8 -8 7 -8 8 -10 8 -7 7 -7 6 -9 8 -8 8 -9 8 -10 7 -9 9 -9 7 -8 0 0 0 0 0 0 0 0 0 0 ]
263,1782977840.661558,7.7194,-76,CSI_DATA,AP,98:F4:AB:29:67:94,-76,11,1,3,1,1,1,0,0,0,0,-96,0,6,1,82030913,0,84,0,0,82.412,384,[84 -64 4 0 0 0 0 0 0 0 0 0 20 -7 17 -9 17 -6 19 -7 20 -5 17 -3 18 -2 17 -1 17 -4 18 1 15 -2 15 0 15 0 16 -1 14 -1 14 -2 11 -3 12 0 10 -2 10 0 9 -1 10 -2 10 -2 10 -2 8 -2 9 -5 0 0 8 -4 12 -3 9 -6 10 -6 7 -4 10 -7 9 -7 10 -8 10 -7 13 -7 12 -8 11 -7 10 -6 11 -7 9 -8 11 -6 11 -8 10 -7 9 -6 10 -8 12 -7 11 -8 12 -6 11 -8 12 -7 10 -8 0 0 0 0 0 0 0 0 0 0 ]
264,1782977840.894551,8.4619,-77,CSI_DATA,AP,98:F4:AB:29:67:94,-77,11,1,3,1,1,1,0,0,0,0,-96,0,6,1,82114887,0,84,0,0,82.496,384,[84 -64 4 0 0 0 0 0 0 0 0 0 16 -7 17 -6 18 -6 16 -3 14 -4 14 -4 16 -3 14 -1 14 -3 14 -1 12 -1 13 -1 13 -2 14 0 11 1 13 -2 11 -2 10 -1 10 -1 9 -1 9 -1 8 -3 9 -4 8 -4 8 -5 8 -5 0 0 8 -5 7 -6 7 -7 6 -6 7 -7 7 -8 7 -7 7 -6 7 -10 5 -7 7 -8 7 -7 8 -9 8 -9 5 -8 6 -8 8 -9 7 -10 6 -10 7 -11 5 -10 6 -11 7 -9 6 -11 7 -9 6 -8 0 0 0 0 0 0 0 0 0 0 ]
265,1782977841.123380,9.6783,-76,CSI_DATA,AP,98:F4:AB:29:67:94,-76,11,1,3,1,1,1,0,0,0,0,-96,0,6,1,82216026,0,84,0,0,82.5972,384,[84 -64 4 0 0 0 0 0 0 0 0 0 -11 14 -12 13 -11 14 -11 13 -13 14 -12 11 -12 11 -11 11 -13 10 -12 9 -11 10 -12 10 -13 8 -10 6 -11 7 -10 9 -11 5 -8 7 -9 6 -8 6 -6 7 -7 5 -5 6 -6 7 -5 9 -6 8 0 0 -5 8 -3 8 -3 8 -2 11 -4 9 -2 8 -1 8 -1 10 -1 13 0 12 -2 11 -1 11 -1 10 0 10 -1 11 0 11 2 11 0 11 1 11 1 11 1 11 1 13 1 13 1 11 -1 13 1 10 0 0 0 0 0 0 0 0 0 0 ]
266,1782977841.384727,10.7029,-77,CSI_DATA,AP,98:F4:AB:29:67:94,-77,11,1,3,1,1,1,0,0,0,0,-96,0,6,1,82306013,0,84,0,0,82.6872,384,[84 -64 4 0 0 0 0 0 0 0 0 0 -11 14 -12 14 -12 13 -13 12 -13 12 -13 11 -13 11 -15 11 -12 10 -12 9 -10 9 -11 7 -11 8 -10 8 -10 8 -10 7 -9 6 -9 5 -9 6 -7 7 -7 7 -7 7 -6 8 -6 7 -6 9 -4 8 0 0 -3 7 -4 9 -1 8 -3 9 -1 8 0 10 0 10 -2 9 -1 11 0 12 0 10 -1 11 0 10 1 10 -1 10 1 10 0 10 0 9 0 11 1 11 1 10 0 11 2 12 1 12 1 11 0 12 0 0 0 0 0 0 0 0 0 0 ]
267,1782977841.673418,10.6986,-77,CSI_DATA,AP,98:F4:AB:29:67:94,-77,11,1,3,1,1,1,0,0,0,0,-96,0,6,1,82386975,0,84,0,0,82.7681,384,[84 -64 4 0 0 0 0 0 0 0 0 0 -18 -6 -17 -5 -20 -6 -15 -6 -16 -8 -14 -9 -14 -7 -14 -9 -13 -8 -15 -9 -13 -8 -12 -8 -13 -8 -13 -8 -11 -5 -13 -8 -10 -6 -9 -7 -9 -4 -9 -5 -8 -5 -11 -3 -9 -3 -10 -2 -9 -3 -9 -2 0 0 -10 0 -10 0 -7 0 -11 1 -10 1 -10 0 -11 1 -10 1 -9 1 -12 2 -12 4 -10 3 -11 2 -10 3 -12 4 -10 4 -11 4 -10 3 -10 4 -11 4 -11 5 -11 5 -12 4 -11 5 -12 5 -10 3 0 0 0 0 0 0 0 0 0 0 ]
268,1782977841.952890,10.4375,-76,CSI_DATA,AP,98:F4:AB:29:67:94,-76,11,1,3,1,1,1,0,0,0,0,-96,0,6,1,82474908,0,84,0,0,82.8561,384,[84 -64 4 0 0 0 0 0 0 0 0 0 -4 17 -5 17 -5 15 -5 16 -6 15 -7 14 -6 15 -6 14 -6 16 -6 14 -6 13 -7 14 -6 12 -7 12 -6 13 -7 13 -7 11 -5 9 -3 10 -4 7 -2 8 -2 9 -2 8 0 9 0 10 0 9 0 0 0 10 0 8 1 9 1 8 0 8 3 7 3 8 4 10 4 9 5 8 5 9 4 11 3 11 3 11 5 8 6 9 7 9 6 9 6 11 7 8 6 10 7 9 6 11 6 10 6 9 5 9 0 0 0 0 0 0 0 0 0 0 ]
269,1782977842.215286,11.3365,-76,CSI_DATA,AP,98:F4:AB:29:67:94,-76,11,1,3,1,1,1,0,0,0,0,-96,0,6,1,82565838,0,84,0,0,82.9471,384,[84 -64 4 0 0 0 0 0 0 0 0 0 -17 -11 -17 -11 -17 -12 -16 -11 -16 -12 -15 -14 -14 -14 -13 -13 -14 -13 -13 -11 -11 -13 -11 -13 -11 -12 -10 -12 -10 -11 -9 -12 -9 -10 -7 -9 -7 -9 -8 -6 -9 -8 -8 -7 -9 -5 -10 -6 -10 -6 -9 -6 0 0 -9 -4 -10 -4 -11 -3 -11 -3 -10 -3 -12 -1 -11 -2 -13 0 -12 -1 -13 -4 -13 -2 -14 -2 -13 -3 -13 -2 -14 -1 -14 -1 -14 0 -13 -1 -14 -1 -13 0 -14 -1 -15 0 -14 0 -14 0 -14 -1 -14 -1 0 0 0 0 0 0 0 0 0 0 ]
270,1782977842.447906,10.7952,-77,CSI_DATA,AP,98:F4:AB:29:67:94,-77,11,1,3,1,1,1,0,0,0,0,-96,0,6,1,82656090,0,84,0,0,83.0373,384,[84 -64 4 0 0 0 0 0 0 0 0 0 -16 -9 -15 -11 -16 -11 -14 -11 -12 -12 -13 -13 -11 -12 -11 -10 -10 -13 -11 -12 -10 -12 -10 -13 -10 -11 -9 -12 -9 -10 -9 -12 -8 -9 -6 -8 -6 -8 -8 -8 -8 -6 -8 -6 -8 -6 -10 -5 -9 -4 -9 -4 0 0 -9 -5 -8 -3 -8 -3 -11 -3 -9 -3 -9 -2 -10 -3 -10 -2 -11 0 -12 -1 -12 -1 -12 -1 -12 -2 -13 -1 -12 0 -10 0 -14 -1 -12 0 -13 2 -11 0 -12 2 -12 1 -13 1 -13 2 -13 1 -13 1 0 0 0 0 0 0 0 0 0 0 ]
271,1782977842.674719,10.5802,-77,CSI_DATA,AP,98:F4:AB:29:67:94,-77,11,1,3,1,1,1,0,0,0,0,-96,0,6,1,82746925,0,84,0,0,83.128,384,[84 -64 4 0 0 0 0 0 0 0 0 0 19 -8 18 -6 19 -7 18 -7 20 -6 18 -6 18 -4 16 0 16 -5 17 -1 16 -4 16 -2 15 -2 13 -2 12 -3 14 -1 11 -3 11 -3 8 -2 11 -4 10 -3 7 -3 9 -6 10 -3 9 -6 10 -5 0 0 7 -6 8 -8 9 -8 7 -9 4 -9 5 -8 8 -8 6 -10 6 -13 8 -12 7 -12 7 -12 6 -11 7 -10 6 -11 5 -12 7 -13 6 -12 6 -12 5 -12 4 -12 6 -12 6 -12 6 -13 7 -13 5 -12 0 0 0 0 0 0 0 0 0 0 ]
272,1782977842.907828,10.5188,-76,CSI_DATA,AP,98:F4:AB:29:67:94,-76,11,1,3,1,1,1,0,0,0,0,-96,0,6,1,82835783,0,84,0,0,83.2171,384,[84 -64 4 0 0 0 0 0 0 0 0 0 -14 -17 -12 -16 -11 -16 -13 -16 -11 -18 -9 -17 -12 -17 -10 -18 -8 -18 -8 -16 -7 -15 -7 -14 -5 -17 -6 -15 -6 -13 -5 -14 -4 -13 -4 -10 -6 -11 -8 -11 -6 -10 -6 -8 -6 -8 -7 -7 -8 -7 -8 -7 0 0 -8 -7 -9 -6 -10 -5 -11 -6 -10 -5 -10 -4 -12 -5 -11 -5 -13 -6 -12 -5 -15 -5 -13 -5 -13 -4 -13 -5 -14 -4 -13 -2 -14 -4 -12 -2 -14 -4 -13 -4 -13 -4 -14 -4 -15 -6 -13 -5 -13 -4 -14 -5 0 0 0 0 0 0 0 0 0 0 ]
273,1782977843.138145,10.1162,-75,CSI_DATA,AP,98:F4:AB:29:67:94,-75,11,1,2,1,1,1,0,0,0,0,-96,0,6,1,82937710,0,84,0,0,83.3189,384,[84 -64 4 0 0 0 0 0 0 0 0 0 -2 -20 0 -16 0 -19 1 -17 1 -17 2 -16 3 -16 2 -15 3 -16 3 -15 2 -14 3 -15 3 -15 3 -13 2 -13 4 -13 2 -12 2 -10 2 -9 3 -10 1 -10 1 -10 -1 -10 -1 -9 -1 -10 -2 -9 0 0 -3 -9 -4 -10 -3 -9 -4 -9 -4 -7 -5 -10 -5 -9 -6 -9 -6 -8 -6 -10 -7 -10 -6 -9 -7 -10 -6 -10 -7 -8 -7 -10 -8 -9 -8 -9 -7 -9 -8 -9 -7 -9 -8 -9 -7 -10 -6 -9 -7 -9 -8 -8 0 0 0 0 0 0 0 0 0 0 ]
274,1782977843.377217,10.0418,-76,CSI_DATA,AP,98:F4:AB:29:67:94,-76,11,1,3,1,1,1,0,0,0,0,-96,0,6,1,83019333,0,84,0,0,83.4005,384,[84 -64 4 0 0 0 0 0 0 0 0 0 18 -3 20 -2 21 0 18 0 20 -2 19 2 19 1 17 1 17 2 16 2 16 2 15 3 14 3 15 4 14 3 14 1 13 3 11 1 10 1 10 0 10 0 11 -2 11 -2 10 -1 10 -1 10 -4 0 0 9 -5 10 -5 9 -3 8 -5 9 -5 8 -5 8 -5 9 -7 10 -8 9 -9 8 -7 10 -7 11 -6 10 -7 9 -7 7 -10 8 -7 8 -8 10 -9 9 -10 9 -10 10 -12 13 -10 9 -11 12 -11 10 -10 0 0 0 0 0 0 0 0 0 0 ]
275,1782977843.603786,9.3555,-77,CSI_DATA,AP,98:F4:AB:29:67:94,-77,11,1,3,1,1,1,0,0,0,0,-96,0,6,1,83104860,0,84,0,0,83.486,384,[84 -64 4 0 0 0 0 0 0 0 0 0 -5 18 -5 17 -7 16 -7 16 -7 16 -9 14 -8 12 -8 13 -8 12 -9 12 -9 13 -9 13 -8 11 -7 10 -7 9 -8 10 -8 9 -7 9 -6 8 -6 7 -6 8 -5 7 -4 8 -4 8 -4 8 -3 9 0 0 -3 8 -2 9 -1 8 -1 9 0 9 0 9 1 10 1 9 1 9 1 10 1 11 1 10 1 10 0 10 2 10 2 10 1 11 2 10 3 11 2 10 3 10 1 12 3 11 3 12 2 10 3 11 0 0 0 0 0 0 0 0 0 0 ]
276,1782977843.838626,10.1572,-76,CSI_DATA,AP,98:F4:AB:29:67:94,-76,11,1,3,1,1,1,0,0,0,0,-96,0,6,1,83195966,0,84,0,0,83.5771,384,[84 -64 4 0 0 0 0 0 0 0 0 0 4 -17 5 -17 6 -17 7 -16 7 -16 7 -15 8 -15 7 -14 7 -14 6 -14 6 -13 8 -13 5 -14 7 -12 7 -11 8 -11 5 -10 4 -10 5 -9 4 -10 3 -9 1 -10 0 -9 2 -10 2 -11 1 -9 0 0 1 -10 0 -9 1 -9 -2 -9 -1 -10 -1 -11 -2 -10 -3 -10 -3 -10 -3 -9 -4 -12 -3 -12 -3 -11 -3 -10 -3 -12 -5 -11 -3 -11 -5 -11 -5 -11 -6 -12 -4 -13 -6 -12 -6 -12 -7 -11 -5 -13 -5 -13 0 0 0 0 0 0 0 0 0 0 ]
277,1782977844.067833,9.3490,-77,CSI_DATA,AP,98:F4:AB:29:67:94,-77,11,1,3,1,1,1,0,0,0,0,-96,0,6,1,83285568,0,84,0,0,83.6667,384,[84 -64 4 0 0 0 0 0 0 0 0 0 -1 20 -3 17 -5 19 -4 16 -4 16 -5 16 -5 15 -5 14 -5 15 -5 13 -4 14 -5 13 -5 12 -5 13 -5 11 -5 12 -4 10 -3 10 -4 9 -2 8 -1 9 -1 10 -1 10 0 9 0 9 0 9 0 0 2 8 1 11 2 8 3 7 4 10 3 8 3 8 6 9 5 9 5 9 6 9 5 9 6 8 6 9 6 11 5 8 7 8 7 7 8 8 8 8 8 8 7 9 8 9 7 8 7 9 8 9 0 0 0 0 0 0 0 0 0 0 ]
278,1782977844.301357,8.7810,-76,CSI_DATA,AP,98:F4:AB:29:67:94,-76,11,1,3,1,1,1,0,0,0,0,-96,0,6,1,83376770,0,84,0,0,83.7579,384,[84 -64 4 0 0 0 0 0 0 0 0 0 -15 11 -16 10 -18 9 -15 10 -15 8 -15 7 -15 7 -14 5 -15 6 -15 6 -14 5 -16 5 -13 6 -14 4 -11 3 -12 5 -11 5 -11 5 -9 4 -8 3 -8 4 -8 6 -8 6 -7 5 -6 6 -8 7 0 0 -7 6 -5 8 -4 6 -4 8 -5 8 -5 6 -5 9 -5 9 -4 11 -2 12 -5 12 -4 10 -5 10 -4 11 -4 11 -2 10 -3 12 -4 11 -3 11 -2 11 -3 12 -2 14 -3 15 -3 12 -4 12 -3 10 0 0 0 0 0 0 0 0 0 0 ]
279,1782977844.526635,9.8850,-77,CSI_DATA,AP,98:F4:AB:29:67:94,-77,11,1,3,1,1,1,0,0,0,0,-96,0,6,1,83466197,0,84,0,0,83.8473,384,[84 -64 4 0 0 0 0 0 0 0 0 0 -6 -19 -5 -17 -5 -20 -5 -17 -4 -18 -3 -17 -1 -16 -1 -16 -2 -17 -1 -16 -1 -16 -1 -16 -4 -14 -2 -14 0 -12 -2 -15 -1 -13 -2 -9 -2 -9 -3 -10 -3 -9 -5 -9 -4 -10 -4 -9 -6 -9 -5 -8 0 0 -8 -7 -6 -8 -7 -7 -8 -6 -7 -8 -9 -6 -8 -7 -9 -7 -10 -5 -11 -6 -9 -7 -10 -7 -11 -6 -10 -6 -12 -6 -10 -6 -14 -5 -10 -5 -12 -7 -12 -4 -12 -4 -13 -4 -12 -4 -14 -5 -12 -6 -11 -6 0 0 0 0 0 0 0 0 0 0 ]
280,1782977844.755287,10.1750,-76,CSI_DATA,AP,98:F4:AB:29:67:94,-76,11,1,3,1,1,1,0,0,0,0,-96,0,6,1,83559281,0,84,0,0,83.9404,384,[84 -64 4 0 0 0 0 0 0 0 0 0 20 8 17 7 18 10 17 10 17 8 16 10 14 11 13 10 11 11 12 9 13 9 11 9 12 10 11 8 9 9 10 8 10 8 11 8 10 4 10 6 10 6 8 5 9 3 11 3 10 3 12 4 0 0 10 1 12 1 11 2 11 -1 10 -1 11 -2 12 -1 11 -2 11 -3 14 -5 12 -4 13 -2 13 -4 12 -4 12 -4 12 -6 14 -4 12 -6 11 -6 14 -4 13 -4 14 -7 13 -5 13 -5 12 -6 12 -5 0 0 0 0 0 0 0 0 0 0 ]
281,1782977844.984138,9.8161,-76,CSI_DATA,AP,98:F4:AB:29:67:94,-76,11,1,3,1,1,1,0,0,0,0,-96,0,6,1,83647354,0,84,0,0,84.0285,384,[84 -64 4 0 0 0 0 0 0 0 0 0 6 -20 6 -18 7 -19 6 -15 7 -16 7 -15 7 -14 9 -13 8 -13 8 -14 7 -13 8 -11 6 -11 8 -13 7 -11 8 -11 6 -10 6 -10 3 -8 4 -9 3 -9 2 -8 2 -11 2 -9 1 -9 1 -9 0 0 -1 -10 0 -10 -2 -9 -2 -10 0 -9 -2 -11 -4 -9 -3 -11 -3 -11 -4 -12 -4 -11 -4 -12 -5 -11 -4 -11 -4 -12 -4 -12 -4 -12 -4 -10 -6 -12 -7 -12 -5 -12 -6 -11 -6 -14 -5 -13 -6 -12 -6 -11 0 0 0 0 0 0 0 0 0 0 ]
282,1782977845.213636,10.7833,-75,CSI_DATA,AP,98:F4:AB:29:67:94,-75,11,1,2,1,1,1,0,0,0,0,-96,0,6,1,83739827,0,84,0,0,84.121,384,[84 -64 4 0 0 0 0 0 0 0 0 0 -14 16 -14 15 -16 16 -15 15 -15 15 -14 12 -15 11 -15 8 -15 10 -16 9 -15 9 -15 10 -14 8 -15 8 -12 7 -12 9 -12 6 -8 7 -10 7 -10 6 -9 7 -8 8 -9 8 -7 8 -7 9 -7 10 0 0 -5 9 -6 10 -4 10 -4 10 -4 9 -4 11 -3 13 -3 12 -2 14 -3 14 -3 13 -4 14 -4 13 -1 13 -3 13 -3 13 -2 14 -2 12 -2 14 -1 13 -2 15 -2 15 -3 15 -2 14 -3 13 -3 14 0 0 0 0 0 0 0 0 0 0 ]
283,1782977845.442679,10.2387,-77,CSI_DATA,AP,98:F4:AB:29:67:94,-77,11,1,3,1,1,1,0,0,0,0,-96,0,6,1,83824888,0,84,0,0,84.2061,384,[84 -64 4 0 0 0 0 0 0 0 0 0 9 19 7 16 8 18 7 17 4 19 4 17 4 18 2 17 3 15 2 17 3 16 -1 16 1 15 2 15 0 12 1 13 1 11 1 12 3 9 2 10 3 10 5 9 5 8 4 10 3 9 4 9 0 0 6 10 6 7 7 6 8 7 7 6 8 8 9 8 9 7 9 7 9 9 11 8 9 8 8 6 10 7 10 7 9 7 10 7 10 7 11 7 10 6 11 7 11 6 11 7 11 6 10 8 9 6 0 0 0 0 0 0 0 0 0 0 ]
284,1782977845.672556,11.1309,-76,CSI_DATA,AP,98:F4:AB:29:67:94,-76,11,1,3,1,1,1,0,0,0,0,-96,0,6,1,83918926,0,84,0,0,84.3001,384,[84 -64 4 0 0 0 0 0 0 0 0 0 9 -19 10 -19 8 -17 9 -16 9 -17 11 -17 10 -15 12 -13 12 -14 10 -11 11 -15 10 -13 10 -11 9 -10 10 -11 9 -11 8 -8 7 -9 7 -11 7 -9 7 -9 5 -10 5 -11 4 -10 4 -11 2 -11 0 0 3 -11 3 -11 2 -9 1 -10 0 -10 1 -12 1 -12 1 -12 1 -13 0 -13 -1 -13 0 -14 -2 -14 0 -12 1 -14 -1 -13 -1 -13 -1 -13 0 -15 -2 -13 -1 -14 -2 -15 -1 -16 -2 -15 -2 -14 -1 -13 0 0 0 0 0 0 0 0 0 0 ]
285,1782977845.901956,11.0880,-77,CSI_DATA,AP,98:F4:AB:29:67:94,-77,11,1,3,1,1,1,0,0,0,0,-96,0,6,1,84006165,0,84,0,0,84.3873,384,[84 -64 4 0 0 0 0 0 0 0 0 0 -4 -20 -3 -18 -3 -19 -3 -18 -2 -18 -2 -17 -2 -17 -1 -16 -2 -17 -1 -17 2 -16 1 -14 1 -15 0 -14 -2 -12 1 -13 -1 -9 0 -11 -2 -9 -1 -9 -2 -10 -3 -9 -4 -9 -4 -10 -4 -10 -3 -9 0 0 -5 -8 -6 -8 -6 -7 -7 -9 -7 -7 -7 -9 -10 -8 -9 -7 -9 -7 -10 -8 -10 -7 -9 -9 -9 -7 -10 -8 -11 -8 -11 -6 -12 -6 -9 -7 -10 -7 -10 -6 -10 -8 -10 -7 -12 -9 -11 -7 -10 -7 -9 -6 0 0 0 0 0 0 0 0 0 0 ]
286,1782977846.126560,11.9147,-76,CSI_DATA,AP,98:F4:AB:29:67:94,-76,11,1,3,1,1,1,0,0,0,0,-96,0,6,1,84101483,0,84,0,0,84.4827,384,[84 -64 4 0 0 0 0 0 0 0 0 0 -17 2 -17 2 -19 1 -17 0 -18 0 -17 1 -16 1 -16 -4 -14 -1 -14 -3 -17 -1 -15 -3 -14 -2 -14 -4 -13 -1 -13 -2 -12 -1 -10 -3 -10 -1 -10 1 -10 -1 -10 2 -10 1 -10 1 -12 0 -10 1 0 0 -9 2 -10 4 -8 4 -8 4 -8 4 -8 5 -9 5 -9 5 -9 5 -10 7 -10 5 -11 7 -9 6 -8 8 -9 8 -9 6 -9 7 -10 8 -10 8 -9 8 -9 7 -9 8 -11 8 -9 7 -10 7 -9 7 0 0 0 0 0 0 0 0 0 0 ]
287,1782977846.357385,10.3492,-77,CSI_DATA,AP,98:F4:AB:29:67:94,-77,11,1,3,1,1,1,0,0,0,0,-96,0,6,1,84190234,0,84,0,0,84.5714,384,[84 -64 4 0 0 0 0 0 0 0 0 0 -3 -18 -3 -17 -3 -16 -2 -17 -1 -18 -2 -16 -1 -15 0 -17 0 -17 1 -16 0 -15 1 -15 2 -13 1 -14 1 -12 0 -14 1 -10 0 -12 -1 -11 0 -9 0 -8 -2 -10 0 -9 -2 -10 -2 -9 -1 -9 0 0 -2 -10 -3 -9 -2 -9 -4 -9 -4 -8 -6 -9 -5 -10 -5 -10 -5 -10 -6 -10 -7 -10 -5 -10 -5 -11 -5 -9 -6 -10 -9 -9 -8 -10 -6 -9 -6 -10 -9 -9 -8 -10 -8 -10 -9 -10 -7 -11 -6 -10 -7 -9 0 0 0 0 0 0 0 0 0 0 ]
288,1782977846.583381,11.1117,-77,CSI_DATA,AP,98:F4:AB:29:67:94,-77,11,1,3,1,1,1,0,0,0,0,-96,0,6,1,84275425,0,84,0,0,84.6565,384,[84 -64 4 0 0 0 0 0 0 0 0 0 -20 1 -19 -1 -19 -1 -19 -2 -17 -3 -17 -2 -16 -4 -18 -4 -15 -4 -15 -6 -16 -4 -15 -3 -15 -4 -15 -4 -12 -5 -14 -3 -12 -2 -11 -4 -11 -3 -9 -2 -12 -1 -10 -2 -10 -1 -11 0 -12 1 -10 2 0 0 -9 3 -9 1 -9 2 -10 4 -9 4 -9 2 -10 3 -12 6 -11 5 -11 6 -11 7 -10 4 -9 5 -10 5 -10 6 -8 6 -10 6 -9 6 -9 6 -10 8 -10 7 -10 6 -9 8 -10 7 -10 8 -10 7 0 0 0 0 0 0 0 0 0 0 ]
289,1782977846.809731,10.9362,-77,CSI_DATA,AP,98:F4:AB:29:67:94,-77,11,1,3,1,1,1,0,0,0,0,-96,0,6,1,84368143,0,84,0,0,84.7493,384,[84 -64 4 0 0 0 0 0 0 0 0 0 -4 16 -2 16 -5 16 -6 17 -5 15 -7 14 -8 15 -6 15 -8 13 -7 14 -6 13 -8 12 -8 13 -8 13 -8 10 -7 10 -6 9 -8 10 -5 8 -4 9 -3 8 -4 9 -3 10 -2 7 -3 10 -2 9 0 0 -1 9 0 9 -1 8 0 9 0 8 1 10 1 10 1 9 0 10 1 12 1 10 1 11 1 10 0 10 2 10 2 10 2 10 2 9 1 11 2 10 1 10 3 12 2 10 2 9 2 9 3 9 0 0 0 0 0 0 0 0 0 0 ]
290,1782977847.036740,10.7190,-75,CSI_DATA,AP,98:F4:AB:29:67:94,-75,11,1,2,1,1,1,0,0,0,0,-96,0,6,1,84456189,0,84,0,0,84.8373,384,[84 -64 4 0 0 0 0 0 0 0 0 0 -9 18 -8 16 -9 19 -9 15 -9 16 -9 14 -11 13 -10 12 -10 14 -11 11 -11 11 -12 10 -11 10 -10 10 -9 9 -9 11 -8 8 -8 9 -8 7 -7 9 -7 8 -6 8 -6 9 -7 9 -6 9 -4 10 0 0 -4 8 -5 10 -3 9 -4 10 -2 8 -3 11 -3 10 -3 10 -2 11 -2 13 -1 12 -2 11 -2 11 -3 10 -1 12 0 11 0 12 -1 11 0 10 0 12 -1 12 -1 13 -1 14 0 12 -2 12 -2 11 0 0 0 0 0 0 0 0 0 0 ]
291,1782977847.265765,9.9866,-76,CSI_DATA,AP,98:F4:AB:29:67:94,-76,11,1,3,1,1,1,0,0,0,0,-96,0,6,1,84546907,0,84,0,0,84.9281,384,[84 -64 4 0 0 0 0 0 0 0 0 0 -5 17 -5 18 -8 17 -4 15 -7 16 -7 13 -7 13 -7 13 -7 14 -8 12 -9 12 -8 14 -7 11 -8 10 -6 10 -8 12 -7 9 -6 10 -4 8 -5 10 -5 9 -5 9 -5 8 -4 9 -4 9 -3 10 0 0 -2 10 -3 8 0 10 0 10 -1 8 -2 10 0 8 1 10 -1 9 -1 11 1 12 0 11 1 11 2 10 2 10 1 9 2 10 2 9 3 9 3 10 2 11 2 9 2 10 3 12 3 11 1 9 0 0 0 0 0 0 0 0 0 0 ]
292,1782977847.506141,10.1837,-76,CSI_DATA,AP,98:F4:AB:29:67:94,-76,11,1,4,1,1,1,0,0,0,0,-96,0,6,1,84640112,0,84,0,0,85.0213,384,[84 -64 4 0 0 0 0 0 0 0 0 0 -1 17 -2 15 -3 18 -3 16 -5 16 -5 16 -4 15 -7 14 -5 12 -6 13 -3 14 -5 12 -5 13 -5 11 -5 11 -7 13 -3 10 -3 12 -3 9 -5 7 -2 11 -3 9 -2 10 -1 10 -3 10 -1 11 0 0 -1 8 0 9 -1 8 1 9 0 8 1 10 1 11 3 10 2 9 4 11 4 12 3 9 3 11 3 11 2 11 3 10 4 11 4 10 5 10 3 9 4 10 4 9 5 12 6 11 4 10 2 9 0 0 0 0 0 0 0 0 0 0 ]
293,1782977847.732343,9.9767,-77,CSI_DATA,AP,98:F4:AB:29:67:94,-77,11,1,4,1,1,1,0,0,0,0,-96,0,6,1,84727726,0,84,0,0,85.1089,384,[84 -64 4 0 0 0 0 0 0 0 0 0 16 9 11 9 15 11 13 9 12 10 11 11 11 9 12 10 11 10 10 9 9 8 9 11 10 10 9 10 7 7 8 9 5 6 7 8 7 7 8 7 8 4 9 6 8 5 7 4 9 5 7 4 0 0 9 2 11 3 8 4 8 2 9 1 9 1 10 1 10 -1 11 0 10 0 10 3 10 0 10 1 10 0 10 0 10 -2 10 0 11 -2 10 -2 10 -2 11 -3 11 -1 11 -2 10 -1 10 0 10 -1 0 0 0 0 0 0 0 0 0 0 ]
294,1782977847.975695,10.3468,-76,CSI_DATA,AP,98:F4:AB:29:67:94,-76,11,1,4,1,1,1,0,0,0,0,-96,0,6,1,84815535,0,84,0,0,85.1967,384,[84 -64 4 0 0 0 0 0 0 0 0 0 -12 -19 -11 -18 -12 -19 -9 -18 -10 -17 -8 -16 -6 -16 -6 -17 -6 -17 -6 -19 -6 -16 -5 -16 -6 -16 -5 -15 -4 -15 -6 -13 -4 -12 -3 -12 -4 -10 -4 -13 -4 -10 -6 -11 -6 -10 -5 -11 -7 -10 -7 -9 0 0 -7 -8 -8 -8 -7 -6 -11 -8 -9 -7 -11 -7 -11 -8 -11 -8 -11 -6 -13 -8 -12 -6 -11 -7 -13 -7 -11 -7 -12 -7 -11 -5 -13 -6 -10 -5 -13 -4 -13 -6 -13 -6 -14 -5 -13 -8 -12 -7 -12 -8 -11 -6 0 0 0 0 0 0 0 0 0 0 ]
295,1782977848.210309,9.6544,-77,CSI_DATA,AP,98:F4:AB:29:67:94,-77,11,1,4,1,1,1,0,0,0,0,-96,0,6,1,84904790,0,84,0,0,85.2859,384,[84 -64 4 0 0 0 0 0 0 0 0 0 -11 14 -13 14 -12 13 -13 13 -12 12 -13 11 -13 10 -14 9 -12 9 -12 8 -12 10 -12 9 -12 7 -11 8 -11 7 -11 7 -10 9 -9 6 -8 6 -7 7 -8 6 -7 8 -6 6 -5 8 -6 7 -6 8 0 0 -5 8 -5 8 -5 8 -2 9 -3 8 -3 9 -3 9 -3 8 -1 10 -2 10 -1 10 -1 12 -1 11 -1 11 -2 11 -1 10 0 10 -1 10 -1 12 -1 10 0 12 1 10 0 12 0 11 -1 11 0 10 0 0 0 0 0 0 0 0 0 0 ]
296,1782977848.437390,9.9136,-75,CSI_DATA,AP,98:F4:AB:29:67:94,-75,11,1,2,1,1,1,0,0,0,0,-96,0,6,1,85001601,0,84,0,0,85.3827,384,[84 -64 4 0 0 0 0 0 0 0 0 0 16 6 16 8 17 8 15 7 16 10 13 9 12 9 12 10 12 8 14 10 12 9 11 9 11 9 11 8 9 7 10 8 9 7 9 6 7 3 8 4 10 5 10 3 9 3 9 2 10 2 10 2 0 0 10 1 11 0 9 1 10 0 10 2 10 0 10 -2 13 -3 10 -1 11 -2 10 -2 12 -2 11 -3 11 -1 11 -3 11 -4 11 -4 11 -3 12 -5 12 -4 13 -3 11 -4 11 -4 11 -4 11 -3 12 -3 0 0 0 0 0 0 0 0 0 0 ]
297,1782977848.664549,9.9072,-70,CSI_DATA,AP,98:F4:AB:29:67:94,-70,11,0,0,0,0,0,0,0,0,0,-96,0,6,1,85092104,0,84,0,0,85.4734,128,[84 -64 4 0 0 0 0 0 0 0 0 0 -15 29 -17 27 -18 28 -18 27 -18 27 -19 22 -19 23 -18 18 -19 22 -17 19 -19 21 -19 20 -19 19 -18 18 -15 15 -16 18 -15 14 -14 13 -10 13 -11 13 -9 13 -9 14 -8 13 -9 15 -8 15 -7 15 0 0 -4 17 -5 16 -3 16 -2 17 -1 14 -2 16 -1 17 0 17 2 19 -1 19 -1 21 0 18 1 19 0 18 1 19 1 20 3 20 3 18 3 19 5 18 3 17 3 19 3 20 2 20 3 19 3 19 0 0 0 0 0 0 0 0 0 0 ]
298,1782977848.888032,10.2664,-75,CSI_DATA,AP,98:F4:AB:29:67:94,-75,11,1,2,1,1,1,0,0,0,0,-96,0,6,1,85180773,0,84,0,0,85.5619,384,[84 -64 4 0 0 0 0 0 0 0 0 0 18 -2 17 0 21 0 18 1 18 2 17 1 16 3 14 3 17 2 15 4 14 3 14 4 14 5 14 5 12 2 14 3 12 3 10 2 11 2 10 1 10 1 10 -2 10 0 11 -1 10 -1 9 -1 0 0 10 -3 10 -1 8 -2 9 -5 7 -4 10 -4 10 -4 9 -4 10 -8 9 -6 9 -8 10 -7 10 -6 10 -6 9 -6 8 -7 10 -8 7 -8 9 -9 8 -9 9 -8 9 -9 10 -8 10 -8 9 -8 8 -8 0 0 0 0 0 0 0 0 0 0 ]
299,1782977849.114727,10.2442,-75,CSI_DATA,AP,98:F4:AB:29:67:94,-75,11,1,2,1,1,1,0,0,0,0,-96,0,6,1,85267053,0,84,0,0,85.6482,384,[84 -64 4 0 0 0 0 0 0 0 0 0 -6 -20 -7 -18 -5 -20 -6 -17 -6 -22 -3 -18 -4 -17 -3 -16 -2 -16 0 -18 -1 -17 -1 -17 -1 -15 -2 -16 0 -14 0 -16 0 -13 -2 -12 -1 -10 -2 -11 -2 -11 -4 -9 -3 -10 -5 -10 -5 -9 -5 -9 0 0 -6 -9 -6 -9 -6 -7 -8 -7 -8 -7 -8 -6 -7 -7 -9 -7 -10 -7 -11 -7 -11 -7 -10 -7 -10 -6 -10 -5 -10 -5 -10 -5 -12 -6 -11 -5 -11 -4 -11 -5 -10 -4 -12 -5 -12 -5 -13 -5 -12 -7 -10 -5 0 0 0 0 0 0 0 0 0 0 ]
300,1782977849.351504,10.3705,-71,CSI_DATA,AP,98:F4:AB:29:67:94,-71,11,0,0,0,0,0,0,0,0,0,-96,0,6,1,85369720,0,84,0,0,85.751,128,[84 -64 4 0 0 0 0 0 0 0 0 0 34 -10 29 -7 33 -6 32 -6 34 -5 27 -2 30 -2 26 1 27 0 24 0 27 2 25 1 25 2 24 0 20 2 22 -1 18 -1 20 -2 14 -2 15 -3 15 -4 14 -7 14 -5 13 -6 14 -8 14 -8 0 0 13 -9 13 -9 12 -12 11 -13 9 -10 9 -13 9 -14 9 -15 8 -18 12 -15 12 -18 9 -15 10 -17 9 -15 10 -19 7 -17 9 -20 8 -16 6 -18 5 -20 7 -19 7 -21 8 -21 8 -19 8 -18 8 -19 0 0 0 0 0 0 0 0 0 0 ]
301,1782977849.587047,10.1643,-76,CSI_DATA,AP,98:F4:AB:29:67:94,-76,11,1,4,1,1,1,0,0,0,0,-96,0,6,1,85447264,0,84,0,0,85.8284,384,[84 -64 4 0 0 0 0 0 0 0 0 0 11 -16 11 -14 11 -15 10 -12 12 -13 12 -12 12 -12 11 -12 11 -12 10 -10 12 -9 11 -10 10 -9 11 -8 11 -9 9 -8 9 -9 8 -6 7 -7 7 -7 5 -7 7 -8 5 -9 6 -8 6 -8 6 -9 0 0 4 -9 5 -10 2 -9 3 -9 3 -7 2 -9 0 -10 2 -10 2 -12 2 -14 1 -13 2 -12 1 -11 1 -10 0 -12 -2 -10 -1 -11 -1 -11 0 -12 -2 -11 -1 -12 -1 -13 -1 -13 -1 -11 0 -12 0 -11 0 0 0 0 0 0 0 0 0 0 ]
302,1782977849.828179,10.6245,-76,CSI_DATA,AP,98:F4:AB:29:67:94,-76,11,1,4,1,1,1,0,0,0,0,-96,0,6,1,85513491,0,82,0,0,85.8946,384,[82 -96 4 0 0 0 0 0 0 0 0 0 -15 11 -15 11 -16 12 -15 10 -15 9 -15 6 -15 8 -13 7 -14 7 -16 5 -14 6 -14 4 -16 5 -14 4 -11 4 -13 4 -11 3 -11 4 -9 3 -9 6 -9 6 -10 4 -9 5 -8 6 -9 6 -7 7 0 0 -7 7 -7 7 -5 7 -6 7 -5 7 -5 8 -6 10 -5 8 -4 11 -5 11 -4 11 -5 10 -5 9 -5 8 -4 9 -4 10 -5 10 -4 11 -3 11 -4 12 -3 10 -3 11 -3 13 -2 11 -3 11 -4 10 0 0 0 0 0 0 0 0 0 0 ]
303,1782977850.061117,10.8334,-77,CSI_DATA,AP,98:F4:AB:29:67:94,-77,11,1,4,1,1,1,0,0,0,0,-96,0,6,1,85537765,0,84,0,0,85.925,384,[84 -64 4 0 0 0 0 0 0 0 0 0 -17 15 -18 13 -18 13 -16 12 -19 12 -17 9 -15 8 -16 8 -16 8 -17 7 -16 8 -17 8 -16 8 -13 6 -13 5 -14 6 -12 5 -12 4 -11 5 -9 5 -9 4 -10 7 -9 7 -8 7 -9 6 -8 9 0 0 -7 6 -7 10 -6 7 -6 9 -5 8 -4 9 -6 11 -6 8 -4 11 -5 12 -4 12 -6 10 -5 10 -4 11 -3 12 -3 12 -3 14 -3 12 -2 12 -4 12 -3 13 -3 13 -4 14 -3 14 -5 14 -4 12 0 0 0 0 0 0 0 0 0 0 ]
304,1782977850.290158,10.1463,-77,CSI_DATA,AP,98:F4:AB:29:67:94,-77,11,1,4,1,1,1,0,0,0,0,-96,0,6,1,85625168,0,84,0,0,86.0063,384,[84 -64 4 0 0 0 0 0 0 0 0 0 18 -3 17 -2 19 -2 16 0 18 -2 15 0 17 -2 14 1 13 -1 14 0 13 -1 13 0 13 2 13 2 11 2 12 2 10 1 9 0 9 1 7 -1 9 -2 8 -2 9 -3 10 -3 9 -3 9 -3 0 0 7 -3 9 -3 7 -3 8 -4 7 -4 8 -6 7 -6 10 -6 6 -8 9 -5 8 -8 7 -7 9 -6 10 -7 8 -7 8 -7 9 -9 6 -8 6 -9 7 -9 9 -10 7 -9 7 -9 8 -10 10 -9 8 -9 0 0 0 0 0 0 0 0 0 0 ]
305,1782977850.527378,10.3103,-76,CSI_DATA,AP,98:F4:AB:29:67:94,-76,11,1,4,1,1,1,0,0,0,0,-96,0,6,1,85714381,0,84,0,0,86.0954,384,[84 -64 4 0 0 0 0 0 0 0 0 0 -20 -5 -18 -5 -19 -5 -16 -6 -17 -8 -16 -7 -15 -8 -16 -9 -15 -9 -14 -7 -14 -8 -11 -8 -12 -9 -13 -8 -12 -8 -9 -8 -11 -5 -8 -5 -10 -4 -9 -5 -9 -4 -11 -4 -10 -3 -8 -2 -10 -4 -10 -1 0 0 -9 -1 -10 1 -11 0 -11 1 -10 1 -11 1 -11 2 -11 3 -10 2 -12 3 -10 5 -10 2 -10 4 -11 3 -10 4 -10 3 -11 5 -12 3 -12 5 -11 5 -13 3 -12 6 -11 3 -12 5 -12 4 -12 4 0 0 0 0 0 0 0 0 0 0 ]
306,1782977850.759699,9.0299,-76,CSI_DATA,AP,98:F4:AB:29:67:94,-76,11,1,4,1,1,1,0,0,0,0,-96,0,6,1,85804794,0,84,0,0,86.186,384,[84 -64 4 0 0 0 0 0 0 0 0 0 -3 19 -5 17 -4 19 -4 17 -5 18 -4 15 -7 16 -6 15 -6 16 -5 13 -8 14 -7 15 -9 12 -7 12 -6 11 -5 11 -5 10 -5 9 -5 8 -4 9 -3 8 -3 9 -3 9 -3 8 0 8 -1 8 0 0 -1 9 0 10 0 8 1 9 2 7 2 9 2 9 3 9 3 10 4 10 4 9 3 9 3 8 4 9 4 9 4 9 4 8 5 9 6 9 5 9 5 10 5 9 5 10 6 10 5 10 6 9 0 0 0 0 0 0 0 0 0 0 ]
307,1782977850.982395,9.3845,-76,CSI_DATA,AP,98:F4:AB:29:67:94,-76,11,1,4,1,1,1,0,0,0,0,-96,0,6,1,85898741,0,84,0,0,86.2799,384,[84 -64 4 0 0 0 0 0 0 0 0 0 -19 -4 -19 -3 -18 -6 -18 -7 -18 -6 -16 -6 -15 -6 -15 -8 -14 -6 -13 -9 -14 -7 -13 -7 -13 -8 -12 -7 -12 -6 -13 -8 -12 -6 -11 -6 -13 -4 -9 -5 -9 -4 -12 -2 -9 -3 -11 -3 -10 -2 -10 -1 0 0 -10 0 -10 2 -9 1 -11 1 -7 2 -10 1 -10 4 -10 4 -9 4 -12 4 -11 3 -11 2 -10 5 -10 5 -10 5 -10 6 -11 6 -10 6 -10 6 -10 7 -10 7 -10 6 -12 8 -10 7 -10 6 -10 5 0 0 0 0 0 0 0 0 0 0 ]
308,1782977851.208472,10.7421,-76,CSI_DATA,AP,98:F4:AB:29:67:94,-76,11,1,4,1,1,1,0,0,0,0,-96,0,6,1,85985367,0,84,0,0,86.3665,384,[84 -64 4 0 0 0 0 0 0 0 0 0 -16 -16 -15 -15 -17 -15 -15 -17 -14 -17 -11 -16 -11 -17 -8 -15 -9 -17 -10 -17 -10 -15 -8 -15 -8 -15 -10 -14 -7 -15 -7 -15 -8 -11 -8 -9 -7 -9 -8 -9 -7 -9 -8 -7 -9 -7 -8 -8 -9 -8 -9 -7 0 0 -9 -7 -11 -7 -10 -5 -9 -5 -10 -3 -10 -3 -12 -3 -11 -3 -13 -2 -13 -3 -12 -2 -13 -3 -12 -2 -12 -1 -12 -3 -11 0 -12 -1 -12 0 -13 0 -14 0 -12 1 -14 0 -14 2 -14 0 -14 -1 -13 0 0 0 0 0 0 0 0 0 0 0 ]
309,1782977851.440519,10.5499,-75,CSI_DATA,AP,98:F4:AB:29:67:94,-75,11,1,2,1,1,1,0,0,0,0,-96,0,6,1,86088304,0,84,0,0,86.4695,384,[84 -64 4 0 0 0 0 0 0 0 0 0 -2 -18 -1 -17 -1 -19 0 -17 0 -18 2 -14 2 -16 3 -15 3 -16 2 -15 4 -14 3 -14 3 -13 4 -14 2 -12 2 -13 2 -11 0 -11 1 -9 1 -10 1 -10 0 -10 -1 -10 -1 -10 0 -10 0 -10 0 0 -2 -10 -3 -8 -4 -8 -4 -8 -5 -7 -4 -7 -4 -9 -5 -9 -7 -8 -6 -10 -6 -9 -6 -9 -6 -9 -7 -8 -8 -8 -6 -9 -9 -10 -8 -9 -7 -7 -7 -6 -8 -8 -8 -9 -7 -9 -7 -11 -7 -9 -7 -8 0 0 0 0 0 0 0 0 0 0 ]
