packet_idx,epoch_s,sub30_amplitude,rssi_dbm,raw_line
1,1782980315.036653,22.4722,-72,CSI_DATA,AP,98:F4:AB:29:67:94,-72,11,0,0,0,0,0,0,0,0,0,-96,0,6,1,31584045,0,28,0,0,31.9667,128,[28 -64 1 0 0 0 0 0 0 0 0 0 -5 11 -6 10 -4 14 -5 11 -7 12 -10 12 -8 13 -9 10 -10 12 -11 13 -12 14 -10 13 -12 12 -8 15 -7 12 -10 16 -9 15 -7 18 -10 13 -10 17 -12 16 -13 17 -11 15 -14 16 -12 19 -13 16 0 0 -13 17 -11 22 -11 21 -12 24 -11 20 -12 21 -13 22 -14 19 -12 22 -17 20 -17 20 -16 17 -15 20 -13 16 -14 20 -13 20 -15 21 -11 17 -12 19 -11 19 -15 18 -12 20 -13 19 -13 20 -11 19 -11 19 0 0 0 0 0 0 0 0 0 0 ]
2,1782980315.067633,25.0799,-72,CSI_DATA,AP,98:F4:AB:29:67:94,-72,11,0,0,0,0,0,0,0,0,0,-96,0,6,1,31588402,0,157,0,0,32.0025,128,[-99 -48 9 0 0 0 0 0 0 0 0 0 0 14 0 13 0 16 -1 15 -2 19 -1 14 -4 19 -4 16 -2 19 -5 18 -5 18 -6 15 -4 18 -4 18 -2 16 0 21 1 18 1 20 0 20 -1 23 -1 21 -1 24 -1 22 -3 23 -2 25 -3 24 0 0 1 23 1 30 3 27 4 29 2 24 2 28 2 29 -1 27 2 27 -4 25 -4 28 -2 25 0 26 -2 23 2 28 1 25 4 29 2 23 2 26 4 25 1 25 4 26 3 25 1 26 3 25 3 22 0 0 0 0 0 0 0 0 0 0 ]
3,1782980315.113903,18.6011,-76,CSI_DATA,AP,98:F4:AB:29:67:94,-76,11,0,0,0,0,0,0,0,0,0,-96,0,6,1,31672694,0,135,0,0,32.0553,128,[-121 112 8 0 0 0 0 0 0 0 0 0 1 -4 0 -5 2 -4 1 -6 -1 -7 0 -5 1 -5 2 -6 7 -5 7 -5 7 -7 3 -6 6 -4 4 -4 3 -5 1 -8 3 -6 1 -10 5 -10 8 -11 7 -12 8 -14 9 -13 11 -16 11 -15 11 -12 0 0 10 -16 13 -18 10 -20 10 -21 7 -21 16 -22 18 -22 19 -21 18 -22 18 -21 23 -25 19 -21 22 -24 21 -22 20 -20 22 -25 19 -24 17 -23 20 -25 20 -27 22 -25 20 -25 20 -25 21 -32 18 -28 19 -31 0 0 0 0 0 0 0 0 0 0 ]
4,1782980315.628116,18.0000,-72,CSI_DATA,AP,98:F4:AB:29:67:94,-72,11,1,2,1,1,1,0,0,0,0,-96,0,6,1,32189827,0,390,0,0,32.5724,384,[-122 -31 23 0 0 0 0 0 0 0 0 0 13 -3 14 -3 14 -2 13 -3 15 -1 13 -1 16 0 14 0 15 0 16 -2 16 -1 15 0 16 3 14 1 15 -1 15 0 16 0 14 0 15 1 14 0 15 0 17 -1 17 1 17 0 18 0 18 0 0 0 18 0 20 -2 18 -2 19 -2 18 -1 19 -1 20 1 20 1 20 1 21 -1 21 -1 19 -1 20 -2 19 0 19 -2 20 -2 21 -1 20 -2 20 -1 20 -2 23 1 19 0 21 0 18 -3 18 -1 19 -1 0 0 0 0 0 0 0 0 0 0 ]
5,1782980315.691171,20.8087,-74,CSI_DATA,AP,98:F4:AB:29:67:94,-74,11,1,4,1,1,1,0,0,0,0,-96,0,6,1,32241059,0,390,0,0,32.6233,384,[-122 -31 23 0 0 0 0 0 0 0 0 0 -11 6 -10 10 -11 10 -12 9 -11 11 -13 10 -11 9 -10 10 -12 11 -13 8 -15 10 -15 11 -12 8 -15 10 -12 9 -14 11 -13 11 -12 11 -13 10 -12 12 -14 12 -15 13 -15 13 -16 11 -17 12 -15 11 0 0 -15 12 -16 13 -15 13 -18 14 -14 12 -16 15 -17 14 -17 13 -16 15 -16 14 -17 14 -17 13 -18 12 -16 12 -16 15 -16 13 -18 13 -16 13 -18 15 -16 14 -16 13 -16 13 -17 13 -16 13 -17 12 -16 12 0 0 0 0 0 0 0 0 0 0 ]
6,1782980315.737661,18.3576,-72,CSI_DATA,AP,98:F4:AB:29:67:94,-72,11,1,4,1,1,1,0,0,0,0,-96,0,6,1,32296380,0,82,0,0,32.6787,384,[82 -96 4 0 0 0 0 0 0 0 0 0 20 4 19 5 19 5 20 6 22 5 17 5 19 8 19 9 19 8 20 8 19 8 18 10 18 11 18 11 16 10 17 10 15 8 17 8 16 7 16 8 15 10 17 8 17 9 16 9 16 9 17 8 0 0 16 7 19 8 19 7 19 5 17 7 18 7 19 8 19 7 19 6 21 7 21 6 18 6 20 4 19 6 20 5 21 5 21 5 20 5 21 6 21 6 21 6 19 5 23 7 21 5 20 7 20 6 0 0 0 0 0 0 0 0 0 0 ]
7,1782980315.784352,18.0278,-71,CSI_DATA,AP,98:F4:AB:29:67:94,-71,11,1,4,1,1,1,0,0,0,0,-96,0,6,1,32338400,0,82,0,0,32.7206,384,[82 -96 4 0 0 0 0 0 0 0 0 0 -3 19 -2 17 -3 18 -4 18 -4 20 -4 17 -4 17 -5 17 -4 18 -6 21 -6 19 -7 18 -9 18 -7 18 -7 16 -5 18 -5 16 -6 16 -6 15 -3 15 -5 17 -5 17 -5 17 -5 17 -6 17 -5 17 0 0 -3 17 -3 19 -3 17 -1 18 -2 16 -1 18 -2 19 -2 19 -2 20 -2 20 -1 20 -2 20 -2 20 -1 19 0 20 1 18 1 21 0 19 2 20 1 21 -2 20 0 19 0 21 0 21 -1 19 0 19 0 0 0 0 0 0 0 0 0 0 ]
8,1782980316.142150,18.8680,-72,CSI_DATA,AP,98:F4:AB:29:67:94,-72,11,1,4,1,1,1,0,0,0,0,-96,0,6,1,32688485,0,82,0,0,33.0708,384,[82 -96 4 0 0 0 0 0 0 0 0 0 -10 -5 -12 -6 -11 -6 -12 -6 -11 -7 -10 -6 -12 -7 -11 -7 -12 -6 -13 -7 -13 -7 -15 -8 -12 -8 -14 -8 -12 -9 -14 -8 -12 -7 -13 -8 -13 -9 -13 -6 -15 -9 -15 -9 -14 -10 -15 -8 -16 -10 -15 -10 0 0 -16 -10 -15 -10 -15 -12 -17 -9 -16 -11 -16 -13 -17 -12 -15 -12 -14 -12 -17 -12 -17 -11 -16 -12 -17 -11 -15 -13 -16 -12 -17 -11 -16 -13 -15 -12 -16 -11 -16 -12 -16 -11 -17 -12 -16 -12 -17 -12 -17 -11 -18 -10 0 0 0 0 0 0 0 0 0 0 ]
9,1782980316.640436,18.6011,-68,CSI_DATA,AP,98:F4:AB:29:67:94,-68,11,0,0,0,0,0,0,0,0,0,-96,0,6,1,33195480,0,82,0,0,33.578,128,[82 -96 4 0 0 0 0 0 0 0 0 0 12 -14 11 -12 13 -15 12 -13 13 -15 12 -13 14 -15 14 -14 16 -14 17 -13 17 -15 19 -13 18 -13 17 -11 16 -12 15 -14 16 -13 15 -15 14 -13 17 -15 15 -14 17 -16 16 -14 17 -15 16 -16 18 -14 0 0 14 -15 16 -17 15 -16 14 -18 13 -17 14 -18 15 -18 14 -17 14 -17 17 -16 16 -17 13 -15 12 -16 13 -14 12 -16 11 -16 12 -18 10 -15 12 -16 8 -15 10 -15 10 -16 11 -14 9 -16 8 -13 7 -14 0 0 0 0 0 0 0 0 0 0 ]
10,1782980316.795942,18.8680,-68,CSI_DATA,AP,98:F4:AB:29:67:94,-68,11,0,0,0,0,0,0,0,0,0,-96,0,6,1,33339712,0,82,0,0,33.7222,128,[82 -96 4 0 0 0 0 0 0 0 0 0 -12 12 -10 12 -12 14 -13 13 -14 12 -13 12 -15 13 -17 12 -16 13 -17 13 -18 13 -18 14 -18 13 -19 13 -17 10 -20 14 -17 13 -17 14 -16 10 -18 12 -18 12 -19 13 -18 11 -19 12 -20 14 -20 12 0 0 -17 13 -20 14 -18 14 -18 15 -17 13 -18 13 -18 14 -17 12 -17 14 -18 13 -18 13 -16 12 -16 13 -15 10 -16 11 -15 12 -16 15 -14 13 -12 12 -12 13 -13 11 -14 11 -14 10 -10 12 -12 12 -9 11 0 0 0 0 0 0 0 0 0 0 ]
11,1782980317.016188,23.2183,-68,CSI_DATA,AP,98:F4:AB:29:67:94,-68,11,0,0,0,0,0,0,0,0,0,-96,0,6,1,33564701,0,37,0,0,33.9471,128,[37 80 2 0 0 0 0 0 0 0 0 0 -7 2 -7 1 -7 3 -6 4 -4 4 -5 5 -5 7 -5 8 -6 9 -7 12 -8 11 -9 13 -11 13 -10 14 -10 14 -11 13 -12 16 -8 13 -16 16 -12 14 -13 16 -14 17 -11 16 -15 18 -16 20 -17 19 0 0 -16 19 -19 20 -18 22 -16 21 -15 20 -19 21 -19 23 -17 21 -18 21 -16 20 -20 22 -20 21 -21 23 -21 21 -22 20 -23 21 -21 22 -20 20 -21 21 -18 20 -21 21 -20 20 -19 20 -19 22 -18 22 -18 22 0 0 0 0 0 0 0 0 0 0 ]
12,1782980317.062740,26.9141,-67,CSI_DATA,AP,98:F4:AB:29:67:94,-67,11,0,0,0,0,0,0,0,0,0,-96,0,6,1,33569108,0,37,0,0,33.9811,128,[37 80 2 0 0 0 0 0 0 0 0 0 -7 -4 -7 -5 -8 -3 -10 -2 -10 -2 -8 -1 -11 0 -12 0 -13 0 -14 -1 -16 -1 -17 -2 -18 -1 -19 0 -16 -1 -19 0 -17 -1 -18 -1 -18 0 -20 -1 -21 -2 -22 -1 -23 -1 -25 -1 -27 -2 -25 -4 0 0 -26 -3 -28 -3 -27 -1 -29 -1 -26 -1 -29 -3 -30 -3 -30 -4 -32 -4 -31 -6 -33 -5 -29 -4 -31 -3 -29 -6 -32 -5 -30 -5 -33 -5 -29 -4 -30 -6 -30 -4 -30 -5 -30 -4 -30 -5 -31 -3 -29 -2 -28 -5 0 0 0 0 0 0 0 0 0 0 ]
13,1782980317.095462,22.7497,-74,CSI_DATA,AP,98:F4:AB:29:67:94,-74,11,1,4,1,1,1,0,0,0,0,-96,0,6,1,33569399,0,84,0,0,34.0246,384,[84 -64 4 0 0 0 0 0 0 0 0 0 1 5 3 4 3 5 3 5 4 5 3 4 5 5 5 6 7 5 7 7 8 7 8 9 7 10 8 9 8 10 8 11 7 10 9 8 9 10 10 11 9 12 10 13 10 14 9 14 11 14 11 16 0 0 10 16 11 16 11 16 12 15 11 17 11 18 10 19 11 18 12 18 11 19 12 18 12 19 12 19 12 20 11 18 12 19 11 18 11 18 11 17 11 18 11 20 12 19 12 19 12 18 10 19 11 17 0 0 0 0 0 0 0 0 0 0 ]
14,1782980317.141424,20.4710,-74,CSI_DATA,AP,98:F4:AB:29:67:94,-74,11,1,4,1,1,1,0,0,0,0,-96,0,6,1,33654231,0,84,0,0,34.0635,384,[84 -64 4 0 0 0 0 0 0 0 0 0 -3 7 -2 8 -5 8 -3 8 -2 9 -5 8 -5 10 -8 9 -6 11 -9 9 -10 10 -9 10 -9 10 -10 10 -9 8 -10 12 -10 9 -10 10 -10 10 -13 11 -13 9 -13 10 -14 10 -15 9 -16 9 -14 9 0 0 -15 8 -14 10 -13 8 -14 9 -14 7 -14 9 -15 10 -15 9 -15 9 -16 11 -13 11 -15 9 -14 9 -13 8 -12 10 -12 11 -14 12 -10 11 -13 12 -12 11 -13 11 -11 13 -13 10 -11 10 -11 12 -9 10 0 0 0 0 0 0 0 0 0 0 ]
15,1782980317.190040,18.7741,-74,CSI_DATA,AP,98:F4:AB:29:67:94,-74,11,1,4,1,1,1,1,0,0,0,-96,1,6,1,33739985,0,84,0,0,34.1224,384,[84 -64 4 0 0 0 0 0 0 0 0 0 4 2 5 3 7 3 6 4 9 3 6 5 8 7 9 7 10 8 8 8 9 8 8 9 9 8 9 9 9 8 10 11 10 9 10 11 10 11 10 14 11 14 10 14 10 15 11 15 10 15 9 14 0 0 10 16 10 16 10 14 12 16 10 15 10 18 10 18 10 18 9 16 9 17 10 17 8 15 9 16 9 16 11 13 11 11 11 15 10 14 11 14 11 12 10 12 10 14 10 12 11 11 11 11 11 11 0 0 0 0 0 0 0 0 0 0 ]
16,1782980317.281458,17.2952,-74,CSI_DATA,AP,98:F4:AB:29:67:94,-74,11,1,4,1,1,1,1,0,0,0,-96,1,6,1,33834594,0,84,0,0,34.217,384,[84 -64 4 0 0 0 0 0 0 0 0 0 -11 -1 -10 1 -11 0 -10 1 -10 4 -10 2 -11 4 -10 4 -12 4 -12 4 -13 5 -11 5 -13 4 -15 5 -14 4 -15 6 -13 8 -12 6 -14 7 -14 7 -17 9 -18 7 -17 9 -19 10 -17 7 -20 8 0 0 -20 8 -21 8 -20 9 -20 10 -20 9 -24 8 -23 7 -22 8 -24 10 -22 9 -22 9 -22 7 -23 8 -23 8 -21 7 -22 7 -23 7 -21 7 -23 7 -21 7 -22 6 -23 6 -22 6 -22 9 -20 4 -22 5 0 0 0 0 0 0 0 0 0 0 ]
17,1782980317.373200,16.2774,-72,CSI_DATA,AP,98:F4:AB:29:67:94,-72,11,1,4,1,1,1,1,0,0,0,-96,1,6,1,33927517,0,84,0,0,34.3098,384,[84 -64 4 0 0 0 0 0 0 0 0 0 -5 6 -5 7 -6 6 -5 7 -4 8 -6 8 -5 8 -7 10 -6 9 -7 11 -6 11 -5 11 -7 12 -7 12 -9 10 -8 13 -11 12 -9 14 -10 11 -9 15 -11 13 -13 13 -12 16 -12 14 -12 13 -12 15 0 0 -13 13 -14 14 -13 13 -14 14 -12 13 -14 13 -17 14 -14 14 -16 14 -16 16 -15 15 -16 15 -16 13 -15 13 -15 14 -15 15 -16 14 -14 13 -15 13 -15 13 -15 14 -16 14 -15 13 -16 13 -16 14 -13 13 0 0 0 0 0 0 0 0 0 0 ]
18,1782980317.465701,16.2407,-76,CSI_DATA,AP,98:F4:AB:29:67:94,-76,11,1,4,1,1,1,1,0,0,0,-96,1,6,1,34022396,0,84,0,0,34.4047,384,[84 -64 4 0 0 0 0 0 0 0 0 0 -6 6 -6 5 -4 7 -6 7 -3 7 -4 5 -3 4 -3 4 -2 5 -3 6 -1 7 -2 7 -2 6 -2 7 -2 6 -2 8 -1 9 -1 8 0 8 1 8 0 10 0 9 1 11 -1 12 -1 12 1 12 0 0 -1 13 -1 14 -1 13 0 13 -3 13 -3 14 -1 15 -4 15 -2 15 -3 16 -3 14 -2 16 -4 15 -3 16 -4 14 -3 14 -4 15 -3 15 -3 14 -1 15 -4 16 -3 15 -4 16 -4 16 -4 14 -5 15 0 0 0 0 0 0 0 0 0 0 ]
19,1782980317.558902,17.2649,-72,CSI_DATA,AP,98:F4:AB:29:67:94,-72,11,1,5,1,1,1,1,0,0,0,-96,1,6,1,34104047,0,84,0,0,34.4863,384,[84 -64 4 0 0 0 0 0 0 0 0 0 -2 -18 -1 -17 -2 -17 -1 -17 0 -19 0 -16 1 -17 1 -16 0 -18 2 -18 0 -19 3 -17 3 -19 1 -19 3 -18 1 -19 1 -16 2 -18 0 -17 1 -18 2 -19 2 -19 2 -19 2 -19 2 -19 2 -19 0 0 2 -19 2 -18 2 -17 0 -18 0 -18 2 -20 1 -19 1 -20 2 -20 -1 -20 -1 -21 1 -19 -2 -18 -1 -18 -1 -18 -2 -17 -3 -19 -2 -18 -2 -19 -2 -18 -2 -18 -3 -18 -2 -20 -3 -18 -1 -17 -1 -17 0 0 0 0 0 0 0 0 0 0 ]
20,1782980317.636508,18.5792,-68,CSI_DATA,AP,98:F4:AB:29:67:94,-68,11,1,4,1,1,1,1,0,0,0,-96,1,6,1,34194540,0,84,0,0,34.5768,384,[84 -64 4 0 0 0 0 0 0 0 0 0 -6 -11 -8 -11 -7 -13 -7 -12 -8 -14 -7 -13 -6 -14 -6 -15 -6 -15 -5 -15 -6 -15 -7 -16 -5 -16 -5 -17 -6 -15 -6 -16 -7 -16 -6 -16 -7 -17 -6 -17 -5 -17 -6 -17 -5 -17 -7 -17 -6 -18 -7 -18 0 0 -7 -18 -7 -19 -7 -18 -8 -17 -7 -18 -7 -18 -8 -18 -8 -18 -7 -18 -8 -19 -7 -18 -7 -18 -8 -17 -8 -17 -9 -16 -9 -17 -9 -18 -9 -16 -8 -17 -8 -16 -8 -16 -9 -17 -8 -16 -9 -15 -9 -15 -8 -15 0 0 0 0 0 0 0 0 0 0 ]
21,1782980317.730380,19.3383,-70,CSI_DATA,AP,98:F4:AB:29:67:94,-70,11,1,5,1,1,1,1,0,0,0,-96,1,6,1,34282039,0,84,0,0,34.6643,384,[84 -64 4 0 0 0 0 0 0 0 0 0 8 8 8 7 9 7 6 8 8 9 7 9 8 9 9 9 9 10 7 11 8 12 8 12 8 12 7 14 8 10 10 13 8 12 9 12 8 12 8 12 9 13 10 14 9 14 8 14 9 15 9 15 0 0 8 15 10 15 10 13 10 14 9 14 11 15 10 15 10 15 11 15 11 16 11 14 9 16 10 15 9 14 12 14 10 12 12 14 11 12 11 13 12 13 12 14 11 13 11 13 10 13 11 14 10 12 0 0 0 0 0 0 0 0 0 0 ]
22,1782980317.840288,18.6647,-72,CSI_DATA,AP,98:F4:AB:29:67:94,-72,11,1,5,1,1,1,0,0,0,0,-96,0,6,1,34336963,0,82,0,0,34.7193,384,[82 -96 4 0 0 0 0 0 0 0 0 0 -8 8 -8 7 -10 9 -9 7 -11 8 -11 7 -11 8 -12 7 -13 8 -13 7 -13 9 -14 8 -14 6 -14 7 -14 6 -14 8 -13 7 -13 7 -14 5 -14 8 -16 6 -16 7 -16 7 -15 7 -16 6 -17 6 0 0 -15 6 -17 7 -15 7 -15 8 -16 5 -16 6 -15 7 -18 6 -16 7 -17 7 -16 6 -16 7 -16 7 -16 7 -14 7 -14 8 -15 10 -14 9 -14 8 -14 8 -14 7 -15 9 -15 9 -14 9 -12 10 -13 10 0 0 0 0 0 0 0 0 0 0 ]
23,1782980317.925284,16.0025,-72,CSI_DATA,AP,98:F4:AB:29:67:94,-72,11,1,5,1,1,1,1,0,0,0,-96,1,6,1,34372529,0,84,0,0,34.7546,384,[84 -64 4 0 0 0 0 0 0 0 0 0 -2 -11 -1 -11 -2 -9 -1 -12 0 -12 0 -11 1 -11 1 -13 0 -13 2 -13 2 -15 2 -13 2 -15 2 -15 2 -14 2 -16 2 -14 2 -14 3 -15 2 -16 1 -15 4 -15 3 -16 3 -16 3 -15 3 -16 0 0 3 -16 2 -16 2 -16 2 -16 2 -16 3 -16 2 -18 2 -18 1 -17 2 -17 2 -17 2 -17 2 -18 3 -17 2 -18 2 -16 1 -18 1 -16 0 -17 -1 -17 0 -17 0 -17 1 -18 -1 -17 -1 -16 0 -16 0 0 0 0 0 0 0 0 0 0 ]
24,1782980318.012788,12.0429,-74,CSI_DATA,AP,98:F4:AB:29:67:94,-74,11,1,4,1,1,1,1,0,0,0,-96,1,6,1,34471657,0,84,0,0,34.854,384,[84 -64 4 0 0 0 0 0 0 0 0 0 0 -5 1 -5 0 -5 0 -5 2 -6 1 -6 2 -7 2 -7 2 -7 3 -8 2 -7 3 -8 5 -8 4 -7 4 -8 4 -7 4 -7 4 -8 4 -8 5 -8 5 -8 4 -7 5 -8 7 -9 6 -8 6 -8 0 0 6 -7 7 -8 6 -9 5 -8 5 -8 6 -9 6 -9 6 -9 6 -9 6 -9 5 -8 5 -8 7 -8 5 -8 5 -8 5 -9 5 -9 4 -10 4 -10 4 -10 4 -10 5 -10 5 -8 4 -10 4 -10 4 -10 0 0 0 0 0 0 0 0 0 0 ]
25,1782980318.096899,13.1735,-71,CSI_DATA,AP,98:F4:AB:29:67:94,-71,11,1,4,1,1,1,1,0,0,0,-96,1,6,1,34552722,0,84,0,0,34.935,384,[84 -64 4 0 0 0 0 0 0 0 0 0 7 -16 7 -14 7 -15 8 -16 10 -14 10 -15 12 -13 11 -13 12 -13 11 -13 13 -14 14 -13 13 -13 13 -13 13 -12 12 -12 13 -11 12 -10 12 -11 12 -11 13 -11 13 -12 13 -10 12 -11 12 -11 13 -12 0 0 12 -12 12 -11 12 -10 13 -12 10 -11 10 -11 10 -12 11 -13 12 -12 10 -13 9 -13 11 -13 9 -13 10 -13 8 -11 8 -12 9 -13 8 -13 7 -13 6 -12 7 -13 7 -12 7 -13 5 -13 5 -13 5 -13 0 0 0 0 0 0 0 0 0 0 ]
26,1782980318.181390,14.2003,-73,CSI_DATA,AP,98:F4:AB:29:67:94,-73,11,1,4,1,1,1,1,0,0,0,-96,1,6,1,34641547,0,84,0,0,35.0239,384,[84 -64 4 0 0 0 0 0 0 0 0 0 -11 7 -13 6 -13 5 -14 6 -15 3 -15 3 -14 3 -15 2 -15 2 -15 2 -16 1 -16 1 -16 1 -15 0 -15 -1 -13 -1 -15 -1 -15 0 -14 -1 -15 1 -15 0 -14 -1 -14 0 -15 1 -16 -1 -15 1 0 0 -14 1 -14 3 -14 3 -13 2 -12 2 -14 4 -16 4 -14 4 -14 4 -15 5 -15 5 -13 3 -13 4 -13 5 -13 6 -11 7 -12 5 -12 7 -11 7 -10 8 -11 7 -10 8 -11 8 -10 9 -10 7 -9 7 0 0 0 0 0 0 0 0 0 0 ]
27,1782980318.268368,14.5187,-69,CSI_DATA,AP,98:F4:AB:29:67:94,-69,11,1,4,1,1,1,1,0,0,0,-96,1,6,1,34731548,0,84,0,0,35.1139,384,[84 -64 4 0 0 0 0 0 0 0 0 0 7 11 6 12 7 13 6 13 5 13 3 12 5 14 4 15 3 14 2 14 2 14 1 15 1 16 1 15 1 13 0 15 0 15 1 14 0 14 1 15 1 14 2 14 0 14 -1 15 0 15 0 15 0 0 1 14 1 15 2 14 3 14 2 14 3 14 2 14 2 14 3 14 3 14 4 15 3 14 3 14 5 13 5 14 6 13 6 13 6 12 7 12 7 12 7 13 8 12 7 13 9 13 8 12 8 11 0 0 0 0 0 0 0 0 0 0 ]
28,1782980318.352173,14.5076,-69,CSI_DATA,AP,98:F4:AB:29:67:94,-69,11,1,4,1,1,1,1,0,0,0,-96,1,6,1,34831416,0,84,0,0,35.2138,384,[84 -64 4 0 0 0 0 0 0 0 0 0 10 -5 10 -3 11 -4 10 -3 11 -2 10 -3 11 -1 11 -2 12 -2 12 0 12 -1 13 -1 13 0 12 0 11 0 13 -1 11 -1 12 -2 12 -1 13 0 13 0 14 0 14 0 14 0 14 0 13 -1 0 0 13 -1 15 -1 13 -1 15 -3 13 -1 14 -2 14 0 14 -2 14 -1 15 -1 14 -3 15 -1 14 -2 14 -2 14 -4 14 -3 16 -4 14 -4 14 -4 14 -5 15 -4 14 -5 15 -4 14 -5 15 -4 13 -5 0 0 0 0 0 0 0 0 0 0 ]
29,1782980318.437315,16.4184,-69,CSI_DATA,AP,98:F4:AB:29:67:94,-69,11,1,4,1,1,1,1,0,0,0,-96,1,6,1,34914584,0,84,0,0,35.2968,384,[84 -64 4 0 0 0 0 0 0 0 0 0 6 13 5 13 4 14 4 15 4 15 3 15 1 15 2 15 1 15 1 15 1 16 0 16 0 17 0 17 0 15 0 17 -1 15 0 14 0 15 0 15 -1 15 0 17 -2 16 -1 16 0 17 0 16 0 0 0 16 1 17 -1 16 1 15 -1 15 0 17 0 17 0 16 -1 16 1 17 1 16 1 16 1 17 2 16 2 16 2 15 2 15 2 15 2 15 4 15 3 15 3 15 3 15 4 15 4 14 4 13 0 0 0 0 0 0 0 0 0 0 ]
30,1782980318.525135,17.5093,-68,CSI_DATA,AP,98:F4:AB:29:67:94,-68,11,1,4,1,1,1,1,0,0,0,-96,1,6,1,35004132,0,84,0,0,35.3865,384,[84 -64 4 0 0 0 0 0 0 0 0 0 -12 5 -11 5 -13 5 -13 4 -14 4 -14 4 -14 4 -14 2 -14 4 -15 1 -16 2 -16 2 -16 0 -16 1 -15 0 -16 1 -16 1 -15 1 -15 1 -15 2 -16 1 -17 1 -17 1 -16 0 -17 0 -17 1 0 0 -17 2 -17 2 -17 2 -17 3 -16 2 -17 2 -18 1 -17 2 -17 2 -18 3 -18 3 -16 2 -17 2 -16 3 -17 4 -16 4 -18 4 -16 4 -16 5 -16 5 -16 5 -16 6 -17 5 -16 6 -16 5 -15 6 0 0 0 0 0 0 0 0 0 0 ]
31,1782980318.611148,17.4593,-68,CSI_DATA,AP,98:F4:AB:29:67:94,-68,11,1,4,1,1,1,1,0,0,0,-96,1,6,1,35092403,0,84,0,0,35.4747,384,[84 -64 4 0 0 0 0 0 0 0 0 0 -17 -5 -15 -5 -17 -5 -16 -6 -16 -7 -16 -7 -16 -8 -16 -8 -16 -8 -17 -10 -16 -10 -16 -10 -15 -11 -16 -11 -14 -10 -17 -11 -16 -8 -16 -9 -15 -10 -16 -9 -15 -11 -16 -11 -16 -12 -16 -11 -17 -12 -16 -11 0 0 -16 -10 -18 -11 -17 -10 -18 -10 -16 -10 -18 -10 -19 -11 -18 -11 -18 -10 -19 -10 -18 -9 -18 -11 -18 -9 -17 -9 -18 -7 -19 -8 -20 -7 -19 -6 -19 -7 -19 -7 -19 -7 -18 -7 -18 -7 -20 -6 -18 -5 -17 -6 0 0 0 0 0 0 0 0 0 0 ]
32,1782980318.698139,19.2242,-68,CSI_DATA,AP,98:F4:AB:29:67:94,-68,11,1,3,1,1,1,1,0,0,0,-96,1,6,1,35183148,0,84,0,0,35.5654,384,[84 -64 4 0 0 0 0 0 0 0 0 0 -14 -7 -13 -8 -14 -8 -13 -9 -14 -10 -13 -10 -13 -11 -12 -11 -13 -11 -13 -13 -13 -13 -13 -12 -13 -14 -12 -12 -11 -12 -12 -12 -12 -11 -13 -13 -11 -11 -14 -11 -13 -13 -14 -13 -13 -14 -13 -13 -15 -13 -13 -14 0 0 -15 -12 -16 -13 -14 -12 -16 -11 -15 -12 -16 -13 -15 -13 -15 -13 -17 -12 -17 -13 -17 -13 -17 -12 -17 -12 -17 -12 -17 -12 -18 -10 -19 -11 -17 -10 -19 -11 -18 -10 -19 -11 -17 -10 -19 -13 -18 -12 -16 -10 -16 -8 0 0 0 0 0 0 0 0 0 0 ]
33,1782980318.784142,17.7268,-67,CSI_DATA,AP,98:F4:AB:29:67:94,-67,11,1,4,1,1,1,1,0,0,0,-96,1,6,1,35275190,0,84,0,0,35.6575,384,[84 -64 4 0 0 0 0 0 0 0 0 0 6 15 6 16 6 17 4 16 4 17 4 15 3 16 2 16 3 17 2 16 2 18 1 17 1 16 1 17 0 16 1 17 1 16 1 16 1 14 2 14 1 15 2 16 2 16 2 16 2 16 2 16 0 0 2 16 3 16 4 17 4 16 3 16 3 15 3 17 3 15 4 17 5 16 4 16 4 16 4 16 5 16 4 16 5 15 5 17 6 15 5 15 6 16 6 16 5 16 6 16 6 15 5 15 6 15 0 0 0 0 0 0 0 0 0 0 ]
34,1782980318.868102,16.7894,-67,CSI_DATA,AP,98:F4:AB:29:67:94,-67,11,1,4,1,1,1,0,0,0,0,-96,0,6,1,35338504,0,82,0,0,35.7208,384,[82 -96 4 0 0 0 0 0 0 0 0 0 16 1 16 2 17 4 16 3 17 3 16 4 15 3 15 6 16 5 16 6 17 6 18 5 17 6 16 8 16 7 16 6 15 6 15 6 15 6 15 6 15 6 17 7 16 6 16 6 16 5 17 6 0 0 18 6 17 4 18 6 18 4 16 6 18 6 17 5 19 5 18 5 18 5 19 5 18 5 19 4 20 5 18 3 20 3 20 4 19 3 20 4 20 3 20 4 19 4 20 4 21 2 21 2 20 3 0 0 0 0 0 0 0 0 0 0 ]
35,1782980318.952407,17.3655,-67,CSI_DATA,AP,98:F4:AB:29:67:94,-67,11,1,4,1,1,1,1,0,0,0,-96,1,6,1,35365639,0,84,0,0,35.7478,384,[84 -64 4 0 0 0 0 0 0 0 0 0 12 -3 13 -1 13 -2 12 -1 13 -1 12 -1 14 -1 12 0 13 1 15 0 14 0 16 0 15 1 15 1 15 2 16 1 14 2 14 2 14 2 15 2 15 1 16 2 16 1 16 1 17 2 17 2 0 0 17 2 18 2 17 2 18 1 16 2 19 1 17 2 18 1 18 1 19 1 18 0 19 1 19 1 19 1 19 0 18 0 21 1 19 0 18 -1 18 0 19 1 19 0 20 0 20 -1 19 0 19 -1 0 0 0 0 0 0 0 0 0 0 ]
36,1782980319.036880,16.4587,-68,CSI_DATA,AP,98:F4:AB:29:67:94,-68,11,1,4,1,1,1,1,0,0,0,-96,1,6,1,35455168,0,84,0,0,35.8375,384,[84 -64 4 0 0 0 0 0 0 0 0 0 0 12 0 11 -1 12 -1 11 0 13 -1 11 -1 12 0 12 -1 13 -2 12 -3 13 -2 14 -2 14 -2 14 -3 13 -2 14 -2 14 -1 14 -1 13 -1 15 -2 14 -1 15 -2 16 -2 15 -2 16 -1 16 0 0 -3 18 -2 19 -2 18 -1 18 -2 18 -2 19 -2 20 -2 19 -2 20 -2 21 -2 21 -3 21 -3 20 -3 20 -3 21 -2 21 -3 23 -2 21 -4 22 -2 21 -4 22 -4 23 -4 22 -5 22 -5 22 -4 21 0 0 0 0 0 0 0 0 0 0 ]
37,1782980319.121473,17.3876,-66,CSI_DATA,AP,98:F4:AB:29:67:94,-66,11,1,4,1,1,1,1,0,0,0,-96,1,6,1,35543461,0,84,0,0,35.9258,384,[84 -64 4 0 0 0 0 0 0 0 0 0 -3 17 -2 16 -2 17 -4 15 -4 16 -4 15 -5 16 -5 15 -3 16 -6 16 -6 17 -7 15 -7 16 -7 17 -6 16 -6 16 -5 16 -5 16 -6 16 -6 16 -6 15 -5 17 -6 16 -7 17 -6 18 -6 17 0 0 -5 17 -5 19 -5 18 -5 20 -5 17 -6 19 -6 20 -6 19 -5 20 -6 21 -6 21 -6 19 -7 20 -6 19 -6 20 -6 21 -7 21 -6 20 -6 22 -7 21 -6 21 -6 21 -8 21 -7 20 -7 20 -6 19 0 0 0 0 0 0 0 0 0 0 ]
38,1782980319.206245,19.3638,-67,CSI_DATA,AP,98:F4:AB:29:67:94,-67,11,1,4,1,1,1,1,0,0,0,-96,1,6,1,35639881,0,84,0,0,36.0222,384,[84 -64 4 0 0 0 0 0 0 0 0 0 18 5 19 4 18 5 18 6 19 6 18 7 17 6 18 7 18 8 18 7 19 8 19 8 18 8 18 9 17 8 18 9 17 8 17 8 17 8 17 8 17 8 19 8 18 9 19 8 19 9 20 8 0 0 20 9 21 9 20 9 20 8 20 8 20 10 21 10 21 10 22 9 23 9 22 8 21 9 22 10 21 10 23 10 22 9 24 10 22 9 24 9 23 8 23 10 23 10 22 11 23 10 21 10 21 9 0 0 0 0 0 0 0 0 0 0 ]
39,1782980319.291098,21.1049,-69,CSI_DATA,AP,98:F4:AB:29:67:94,-69,11,1,4,1,1,1,1,0,0,0,-96,1,6,1,35721612,0,84,0,0,36.1039,384,[84 -64 4 0 0 0 0 0 0 0 0 0 4 16 4 16 1 17 1 18 2 18 2 18 0 18 1 18 0 19 -1 19 0 21 -1 20 -3 20 -2 20 -2 19 -1 20 -1 20 -1 20 -2 18 -1 20 -1 20 -3 21 -2 21 -2 21 -2 21 -1 21 0 0 -1 21 -1 22 -1 21 1 22 -1 22 -1 21 -1 22 -1 21 1 22 -1 21 0 22 0 21 -1 21 0 22 2 21 2 21 1 22 2 20 2 22 2 22 2 21 2 21 1 22 2 22 1 20 2 20 0 0 0 0 0 0 0 0 0 0 ]
40,1782980319.375359,19.4969,-66,CSI_DATA,AP,98:F4:AB:29:67:94,-66,11,1,4,1,1,1,1,0,0,0,-96,1,6,1,35812174,0,84,0,0,36.1945,384,[84 -64 4 0 0 0 0 0 0 0 0 0 -15 6 -14 5 -16 5 -15 4 -15 4 -14 4 -16 3 -15 3 -16 3 -17 2 -17 2 -17 1 -17 2 -17 1 -15 1 -18 2 -16 2 -16 2 -16 1 -16 2 -16 1 -17 3 -17 2 -17 2 -17 1 -17 2 0 0 -17 2 -18 3 -16 3 -17 5 -17 4 -18 3 -19 3 -19 3 -18 5 -19 4 -18 5 -18 4 -18 4 -19 5 -18 6 -17 5 -19 6 -18 5 -19 5 -18 6 -18 5 -19 5 -19 5 -19 6 -18 5 -17 4 0 0 0 0 0 0 0 0 0 0 ]
41,1782980319.462156,19.0156,-67,CSI_DATA,AP,98:F4:AB:29:67:94,-67,11,1,2,1,1,1,1,0,0,0,-96,1,6,1,35904757,0,84,0,0,36.287,384,[84 -64 4 0 0 0 0 0 0 0 0 0 -5 15 -6 13 -7 15 -6 14 -6 14 -7 13 -8 14 -8 13 -8 14 -9 14 -9 15 -8 15 -9 14 -9 14 -8 13 -9 15 -7 13 -7 14 -8 13 -8 15 -9 15 -7 15 -9 15 -8 16 -9 16 -8 16 0 0 -8 16 -8 18 -7 18 -7 19 -8 16 -9 18 -9 19 -9 19 -9 19 -10 20 -9 20 -10 18 -9 19 -8 18 -9 20 -7 19 -9 20 -8 19 -8 20 -8 19 -10 20 -9 19 -11 20 -9 20 -10 18 -9 18 0 0 0 0 0 0 0 0 0 0 ]
42,1782980319.545679,15.9724,-69,CSI_DATA,AP,98:F4:AB:29:67:94,-69,11,1,4,1,1,1,1,0,0,0,-96,1,6,1,35993335,0,84,0,0,36.3757,384,[84 -64 4 0 0 0 0 0 0 0 0 0 11 8 10 8 10 9 11 10 11 9 9 10 10 9 8 11 9 11 9 10 10 11 9 11 8 12 9 11 9 11 9 12 7 10 8 10 8 10 7 10 8 10 9 10 9 10 9 9 9 10 9 11 0 0 10 11 10 10 10 11 10 9 9 10 11 9 11 10 11 10 11 10 11 9 11 9 11 10 11 10 11 10 11 9 12 8 12 9 12 8 12 9 12 8 13 9 13 10 11 10 13 9 13 8 12 9 0 0 0 0 0 0 0 0 0 0 ]
43,1782980319.629129,15.8709,-67,CSI_DATA,AP,98:F4:AB:29:67:94,-67,11,1,4,1,1,1,1,0,0,0,-96,1,6,1,36084028,0,84,0,0,36.4664,384,[84 -64 4 0 0 0 0 0 0 0 0 0 -8 -14 -8 -14 -8 -15 -7 -15 -7 -16 -7 -15 -6 -15 -6 -15 -6 -16 -6 -15 -6 -16 -5 -16 -5 -17 -5 -16 -4 -14 -6 -16 -6 -15 -5 -15 -5 -15 -6 -15 -5 -15 -6 -16 -7 -16 -6 -16 -6 -17 -6 -16 0 0 -7 -16 -8 -16 -8 -16 -8 -17 -7 -16 -8 -17 -8 -17 -8 -17 -9 -18 -9 -18 -10 -18 -8 -18 -9 -18 -8 -17 -9 -18 -10 -18 -10 -19 -9 -17 -10 -18 -10 -18 -9 -18 -11 -19 -9 -19 -10 -19 -9 -18 -9 -18 0 0 0 0 0 0 0 0 0 0 ]
44,1782980319.713375,17.8584,-67,CSI_DATA,AP,98:F4:AB:29:67:94,-67,11,1,3,1,1,1,1,0,0,0,-96,1,6,1,36172424,0,84,0,0,36.5547,384,[84 -64 4 0 0 0 0 0 0 0 0 0 15 -14 14 -11 16 -14 15 -12 17 -12 15 -11 18 -11 17 -10 17 -10 18 -10 19 -10 19 -9 20 -9 20 -9 17 -8 19 -10 18 -9 19 -10 16 -9 18 -10 19 -8 18 -10 18 -10 18 -10 18 -10 19 -9 0 0 18 -11 19 -12 19 -11 18 -13 17 -11 19 -12 18 -11 20 -12 18 -12 19 -14 18 -14 18 -12 19 -12 18 -13 19 -14 17 -15 19 -15 17 -14 17 -14 17 -15 18 -14 17 -14 18 -14 17 -14 16 -13 16 -13 0 0 0 0 0 0 0 0 0 0 ]
45,1782980319.797892,19.0796,-68,CSI_DATA,AP,98:F4:AB:29:67:94,-68,11,1,3,1,1,1,1,0,0,0,-96,1,6,1,36266980,0,84,0,0,36.6493,384,[84 -64 4 0 0 0 0 0 0 0 0 0 -13 -15 -12 -14 -13 -16 -12 -17 -13 -17 -10 -15 -9 -16 -9 -17 -10 -17 -10 -18 -8 -19 -9 -18 -8 -19 -7 -18 -6 -16 -8 -18 -8 -16 -7 -16 -8 -15 -6 -16 -8 -17 -7 -16 -8 -17 -9 -17 -9 -18 -9 -16 0 0 -8 -17 -10 -17 -8 -15 -9 -16 -9 -15 -10 -17 -10 -16 -11 -16 -8 -17 -11 -16 -11 -15 -10 -17 -10 -17 -10 -17 -11 -16 -11 -16 -12 -17 -11 -15 -12 -17 -12 -15 -10 -16 -11 -16 -12 -17 -12 -15 -11 -16 -10 -15 0 0 0 0 0 0 0 0 0 0 ]
46,1782980319.883354,19.9600,-68,CSI_DATA,AP,98:F4:AB:29:67:94,-68,11,1,3,1,1,1,1,0,0,0,-96,1,6,1,36354337,0,84,0,0,36.7366,384,[84 -64 4 0 0 0 0 0 0 0 0 0 -4 -16 -4 -16 -4 -17 -3 -17 -3 -17 -1 -17 -1 -17 -1 -18 -2 -17 0 -18 -1 -18 0 -19 0 -20 1 -19 0 -17 0 -18 0 -18 -1 -17 -1 -17 -1 -18 0 -19 1 -19 0 -19 0 -19 -1 -20 0 -19 0 0 0 -20 0 -22 -1 -21 -2 -20 -1 -19 -1 -22 -1 -21 -1 -22 0 -22 -2 -22 -2 -21 0 -21 0 -22 0 -21 -1 -22 -1 -21 0 -22 -2 -21 0 -22 -2 -21 -1 -22 -1 -23 0 -21 -1 -22 0 -20 -1 -20 0 0 0 0 0 0 0 0 0 0 ]
47,1782980319.967905,18.7519,-71,CSI_DATA,AP,98:F4:AB:29:67:94,-71,11,1,3,1,1,1,1,0,0,0,-96,1,6,1,36443040,0,84,0,0,36.8254,384,[84 -64 4 0 0 0 0 0 0 0 0 0 4 -11 3 -12 4 -11 4 -11 4 -11 5 -11 4 -11 5 -11 5 -12 5 -13 5 -11 6 -12 4 -13 7 -11 4 -12 5 -12 5 -12 4 -12 4 -13 4 -14 3 -13 5 -14 4 -14 5 -14 6 -15 6 -15 0 0 4 -16 4 -15 6 -15 4 -14 4 -15 6 -17 6 -18 6 -17 5 -17 5 -17 6 -17 7 -17 5 -17 6 -16 6 -17 5 -17 6 -18 5 -17 4 -18 5 -17 7 -17 7 -17 7 -17 7 -17 6 -16 6 -16 0 0 0 0 0 0 0 0 0 0 ]
48,1782980320.054754,17.4101,-69,CSI_DATA,AP,98:F4:AB:29:67:94,-69,11,1,4,1,1,1,1,0,0,0,-96,1,6,1,36532434,0,84,0,0,36.9147,384,[84 -64 4 0 0 0 0 0 0 0 0 0 9 -8 9 -8 10 -7 10 -6 10 -8 9 -7 10 -7 10 -7 10 -7 11 -7 11 -6 12 -7 12 -7 11 -6 10 -7 11 -8 9 -8 11 -8 10 -7 10 -9 11 -8 10 -9 12 -8 13 -8 12 -10 11 -9 0 0 12 -10 13 -12 11 -10 12 -12 12 -9 12 -11 13 -12 13 -11 12 -11 14 -12 13 -12 15 -12 13 -12 12 -10 13 -13 11 -13 14 -13 11 -13 12 -13 13 -14 13 -12 12 -11 14 -12 12 -12 12 -12 11 -10 0 0 0 0 0 0 0 0 0 0 ]
49,1782980320.140124,15.8287,-69,CSI_DATA,AP,98:F4:AB:29:67:94,-69,11,1,4,1,1,1,1,0,0,0,-96,1,6,1,36624330,0,84,0,0,37.0066,384,[84 -64 4 0 0 0 0 0 0 0 0 0 9 4 8 4 10 4 10 4 10 4 9 4 11 5 9 5 10 4 10 5 11 5 10 5 11 6 12 6 10 5 12 5 11 5 12 5 11 5 12 5 13 5 13 5 14 6 13 6 14 6 14 6 0 0 15 5 15 6 15 6 16 6 14 6 16 6 16 6 16 6 16 6 17 6 16 6 16 7 15 6 15 7 16 6 16 5 17 6 15 5 16 5 17 5 16 6 16 5 16 6 16 6 15 5 15 5 0 0 0 0 0 0 0 0 0 0 ]
50,1782980320.226377,16.7311,-71,CSI_DATA,AP,98:F4:AB:29:67:94,-71,11,1,4,1,1,1,1,0,0,0,-96,1,6,1,36712898,0,84,0,0,37.0952,384,[84 -64 4 0 0 0 0 0 0 0 0 0 -11 3 -10 4 -13 4 -10 3 -12 3 -11 4 -10 5 -11 3 -11 4 -10 5 -12 6 -10 5 -12 6 -12 6 -13 7 -13 6 -13 7 -12 6 -13 8 -14 7 -15 8 -16 8 -15 7 -16 9 -18 7 -18 8 0 0 -18 6 -19 7 -19 8 -18 8 -18 5 -20 6 -21 6 -19 5 -19 4 -22 7 -20 5 -19 4 -18 4 -21 5 -18 4 -19 5 -19 4 -17 4 -19 4 -20 5 -18 5 -18 4 -18 3 -17 3 -17 3 -16 4 0 0 0 0 0 0 0 0 0 0 ]
51,1782980320.313581,15.6899,-72,CSI_DATA,AP,98:F4:AB:29:67:94,-72,11,1,4,1,1,1,1,0,0,0,-96,1,6,1,36802361,0,84,0,0,37.1847,384,[84 -64 4 0 0 0 0 0 0 0 0 0 -5 -8 -4 -8 -4 -10 -5 -8 -4 -9 -4 -6 -6 -8 -5 -8 -6 -7 -6 -8 -5 -8 -6 -9 -7 -9 -7 -9 -6 -8 -7 -8 -8 -8 -9 -9 -9 -9 -9 -10 -10 -11 -9 -11 -9 -11 -10 -11 -10 -12 -10 -12 0 0 -11 -12 -10 -12 -10 -11 -11 -13 -10 -13 -11 -13 -10 -13 -10 -13 -11 -14 -13 -14 -9 -14 -11 -14 -9 -12 -9 -13 -11 -14 -10 -12 -11 -13 -9 -13 -11 -12 -12 -12 -10 -13 -11 -13 -10 -13 -11 -13 -10 -13 -10 -13 0 0 0 0 0 0 0 0 0 0 ]
52,1782980320.398128,13.8833,-71,CSI_DATA,AP,98:F4:AB:29:67:94,-71,11,1,4,1,1,1,1,0,0,0,-96,1,6,1,36896703,0,84,0,0,37.2791,384,[84 -64 4 0 0 0 0 0 0 0 0 0 5 -2 5 -4 7 -3 7 -4 7 -3 8 -4 8 -4 9 -4 9 -4 9 -4 10 -4 10 -3 13 -2 12 -3 11 -3 13 -3 11 -3 12 -3 11 -1 12 -3 12 -2 14 -2 13 -2 13 -1 14 -1 13 -1 0 0 13 -1 14 -1 13 -1 13 -1 13 -1 14 -2 14 -1 14 -1 13 -2 14 -2 14 -1 13 -1 13 -2 13 -1 13 -2 13 -3 14 -3 13 -3 13 -3 13 -4 13 -4 14 -4 14 -3 13 -3 13 -3 13 -4 0 0 0 0 0 0 0 0 0 0 ]
53,1782980320.486472,14.8814,-71,CSI_DATA,AP,98:F4:AB:29:67:94,-71,11,1,4,1,1,1,1,0,0,0,-96,1,6,1,36983040,0,84,0,0,37.3655,384,[84 -64 4 0 0 0 0 0 0 0 0 0 10 -1 10 -2 9 -2 10 -2 10 -2 10 -1 11 -1 11 -2 12 -1 12 -3 13 -2 14 -3 15 -2 14 -2 13 -1 16 -4 14 -2 14 -2 14 -2 15 -2 16 -4 17 -4 17 -2 17 -3 18 -3 17 -3 0 0 18 -3 20 -3 19 -3 20 -2 19 -2 20 -3 20 -3 21 -1 21 -4 21 -3 21 -4 21 -1 21 -2 20 -2 22 -3 21 -3 22 -3 21 -2 23 -1 23 -3 23 -1 23 -2 25 -2 25 -2 24 -1 23 -2 0 0 0 0 0 0 0 0 0 0 ]
54,1782980320.575185,15.2384,-71,CSI_DATA,AP,98:F4:AB:29:67:94,-71,11,1,4,1,1,1,1,0,0,0,-96,1,6,1,37071440,0,84,0,0,37.4538,384,[84 -64 4 0 0 0 0 0 0 0 0 0 -1 8 0 7 1 8 0 8 0 9 1 8 0 8 2 8 1 9 1 10 2 10 1 10 1 11 1 11 0 10 0 12 1 11 1 11 0 10 1 11 0 11 2 13 1 13 1 13 0 15 1 13 0 0 0 15 1 14 0 15 -1 16 -1 14 -1 15 0 16 -2 16 -1 16 -1 16 0 17 -1 16 -1 17 0 16 -1 16 -1 16 -1 17 -1 15 -1 16 0 15 -1 17 -1 17 -2 17 0 17 -2 16 -2 16 0 0 0 0 0 0 0 0 0 0 ]
55,1782980320.663250,18.4920,-73,CSI_DATA,AP,98:F4:AB:29:67:94,-73,11,1,4,1,1,1,1,0,0,0,-96,1,6,1,37162564,0,84,0,0,37.5449,384,[84 -64 4 0 0 0 0 0 0 0 0 0 5 -2 5 -2 6 -3 6 -4 6 -4 6 -5 5 -6 6 -8 6 -7 7 -8 8 -9 8 -9 11 -8 8 -10 11 -8 10 -8 9 -12 12 -11 10 -10 12 -12 12 -12 12 -12 13 -12 16 -13 16 -13 16 -13 0 0 15 -12 17 -13 17 -11 15 -12 18 -12 17 -14 19 -13 18 -13 19 -12 19 -14 18 -13 19 -12 19 -12 18 -12 17 -13 18 -12 20 -13 17 -14 18 -14 17 -14 19 -14 17 -14 18 -12 18 -13 18 -13 16 -12 0 0 0 0 0 0 0 0 0 0 ]
56,1782980320.753212,15.3265,-74,CSI_DATA,AP,98:F4:AB:29:67:94,-74,11,1,3,1,1,1,1,0,0,0,-96,1,6,1,37261567,0,84,0,0,37.6439,384,[84 -64 4 0 0 0 0 0 0 0 0 0 -2 4 -1 6 -1 4 -3 2 0 2 -1 3 -1 2 1 1 1 1 3 0 3 1 4 2 4 2 4 3 5 3 5 3 7 1 5 3 7 1 7 2 10 2 9 1 11 3 11 2 11 4 11 3 0 0 11 4 11 4 13 4 11 4 12 4 13 3 12 5 13 4 13 4 14 2 13 5 15 6 15 5 13 6 15 6 15 4 15 6 13 5 15 4 15 4 15 5 16 5 15 4 15 4 15 5 16 6 0 0 0 0 0 0 0 0 0 0 ]
57,1782980320.839186,16.8643,-71,CSI_DATA,AP,98:F4:AB:29:67:94,-71,11,1,3,1,1,1,1,0,0,0,-96,1,6,1,37346319,0,84,0,0,37.7286,384,[84 -64 4 0 0 0 0 0 0 0 0 0 -6 0 -6 -1 -7 -2 -8 -1 -9 -2 -8 -2 -10 -2 -10 -4 -12 -3 -11 -5 -12 -5 -11 -6 -14 -7 -13 -7 -12 -8 -14 -7 -12 -8 -15 -8 -13 -8 -13 -8 -15 -9 -15 -7 -15 -9 -16 -9 -16 -10 -16 -10 0 0 -16 -10 -18 -8 -16 -9 -18 -8 -16 -10 -16 -9 -18 -10 -19 -10 -17 -9 -19 -9 -19 -9 -19 -11 -18 -11 -18 -9 -20 -9 -19 -7 -20 -9 -20 -9 -20 -8 -21 -8 -21 -9 -22 -8 -22 -9 -22 -8 -21 -9 -21 -8 0 0 0 0 0 0 0 0 0 0 ]
58,1782980320.925739,13.7849,-72,CSI_DATA,AP,98:F4:AB:29:67:94,-72,11,1,4,1,1,1,1,0,0,0,-96,1,6,1,37434743,0,84,0,0,37.8171,384,[84 -64 4 0 0 0 0 0 0 0 0 0 -2 3 -1 3 -2 4 -1 4 -2 5 -1 4 -1 5 -2 6 -1 6 -1 7 -2 7 -1 7 -3 8 -3 8 -3 8 -4 9 -4 9 -4 8 -4 8 -4 10 -4 10 -5 9 -4 10 -6 11 -5 10 -5 10 0 0 -6 11 -7 12 -7 12 -5 12 -7 11 -7 12 -7 12 -7 11 -7 12 -6 13 -7 12 -6 13 -7 13 -7 13 -8 12 -6 13 -7 13 -7 15 -7 14 -8 14 -6 13 -7 13 -7 15 -8 14 -7 13 -7 13 0 0 0 0 0 0 0 0 0 0 ]
59,1782980321.011122,14.0993,-71,CSI_DATA,AP,98:F4:AB:29:67:94,-71,11,1,4,1,1,1,1,0,0,0,-96,1,6,1,37521522,0,84,0,0,37.9038,384,[84 -64 4 0 0 0 0 0 0 0 0 0 -3 0 -1 -2 -3 -2 -3 -3 -2 -4 -3 -3 -4 -5 -3 -6 -2 -7 -3 -7 -4 -8 -2 -8 -2 -9 -2 -10 -2 -9 -3 -10 -4 -11 -3 -11 -2 -11 -3 -11 -3 -12 -3 -14 -2 -14 -2 -13 -1 -15 -1 -15 0 0 -2 -14 -2 -16 -2 -14 -2 -15 -2 -16 -2 -16 -2 -16 -2 -17 -3 -17 -3 -18 -3 -17 -2 -17 -2 -18 -3 -17 -3 -18 -3 -17 -4 -18 -5 -18 -4 -19 -5 -19 -4 -19 -5 -19 -4 -20 -5 -19 -5 -19 -5 -18 0 0 0 0 0 0 0 0 0 0 ]
60,1782980321.097948,15.3066,-73,CSI_DATA,AP,98:F4:AB:29:67:94,-73,11,1,3,1,1,1,1,0,0,0,-96,1,6,1,37611382,0,84,0,0,37.9937,384,[84 -64 4 0 0 0 0 0 0 0 0 0 -1 -3 -2 -6 -2 -4 -2 -4 -3 -4 -2 -5 -3 -6 -4 -6 -5 -6 -6 -6 -7 -8 -6 -7 -6 -9 -8 -9 -6 -9 -7 -10 -7 -10 -7 -10 -6 -9 -6 -9 -7 -12 -9 -13 -9 -12 -8 -13 -8 -14 -9 -14 0 0 -7 -13 -8 -15 -8 -15 -10 -14 -8 -15 -8 -16 -8 -17 -9 -17 -10 -16 -11 -16 -10 -17 -10 -15 -9 -17 -8 -17 -10 -17 -12 -17 -10 -18 -11 -16 -9 -16 -10 -17 -9 -18 -10 -18 -10 -19 -10 -17 -10 -18 -9 -18 0 0 0 0 0 0 0 0 0 0 ]
61,1782980321.187777,13.0133,-73,CSI_DATA,AP,98:F4:AB:29:67:94,-73,11,1,3,1,1,1,1,0,0,0,-96,1,6,1,37704075,0,84,0,0,38.0864,384,[84 -64 4 0 0 0 0 0 0 0 0 0 1 2 1 3 2 2 2 2 2 3 3 3 4 3 4 3 5 3 5 4 5 4 6 5 6 6 6 6 6 6 6 8 6 5 7 6 6 6 6 7 6 7 7 7 8 7 7 8 8 9 7 9 0 0 8 9 9 9 7 9 9 8 7 9 8 9 9 10 9 10 9 9 9 10 10 10 9 10 10 11 9 11 11 9 10 9 11 12 11 10 11 12 11 12 11 12 12 12 12 12 12 12 11 12 12 12 0 0 0 0 0 0 0 0 0 0 ]
62,1782980321.269468,12.4718,-70,CSI_DATA,AP,98:F4:AB:29:67:94,-70,11,1,1,1,1,1,1,0,0,0,-96,1,6,1,37795979,0,84,0,0,38.1783,384,[84 -64 4 0 0 0 0 0 0 0 0 0 0 -1 2 -1 3 -1 3 -1 3 -1 4 -1 5 -2 4 0 5 -1 7 -1 7 -1 7 -1 7 0 8 0 9 0 9 0 8 0 9 -1 9 0 11 1 11 0 11 1 11 1 12 2 13 2 13 1 0 0 12 1 14 2 14 2 15 1 14 2 15 2 15 3 15 3 16 3 17 3 17 2 16 3 17 3 18 3 18 3 18 2 20 2 18 2 18 2 18 3 19 4 18 4 20 4 19 3 19 3 19 3 0 0 0 0 0 0 0 0 0 0 ]
63,1782980321.355866,13.2278,-72,CSI_DATA,AP,98:F4:AB:29:67:94,-72,11,1,3,1,1,1,1,0,0,0,-96,1,6,1,37883963,0,84,0,0,38.2662,384,[84 -64 4 0 0 0 0 0 0 0 0 0 1 -1 2 -1 1 -2 2 -2 2 -3 2 -4 3 -5 2 -5 3 -6 4 -5 4 -7 5 -6 6 -7 6 -7 5 -6 5 -7 5 -7 6 -7 5 -7 6 -9 7 -9 8 -9 7 -9 8 -10 10 -10 9 -10 0 0 9 -10 9 -11 10 -9 9 -13 9 -12 10 -13 11 -13 11 -13 11 -13 10 -13 11 -14 10 -13 11 -13 10 -14 11 -14 11 -14 13 -15 12 -14 12 -15 11 -17 13 -16 12 -15 14 -16 13 -17 13 -15 13 -15 0 0 0 0 0 0 0 0 0 0 ]
64,1782980321.442385,12.6251,-72,CSI_DATA,AP,98:F4:AB:29:67:94,-72,11,1,3,1,1,1,1,0,0,0,-96,1,6,1,37973224,0,84,0,0,38.3555,384,[84 -64 4 0 0 0 0 0 0 0 0 0 -1 -4 -2 -5 -3 -5 -3 -5 -5 -5 -4 -5 -5 -5 -4 -6 -6 -5 -5 -5 -6 -6 -6 -7 -7 -7 -6 -8 -6 -7 -7 -7 -7 -7 -7 -8 -7 -7 -7 -8 -8 -7 -8 -9 -8 -9 -9 -10 -8 -9 -9 -10 0 0 -10 -9 -11 -10 -10 -9 -12 -10 -11 -10 -11 -10 -12 -11 -13 -11 -12 -13 -12 -14 -13 -12 -12 -12 -13 -12 -13 -13 -15 -13 -14 -11 -16 -14 -14 -12 -15 -13 -14 -13 -15 -14 -14 -14 -14 -16 -14 -15 -14 -15 -14 -14 0 0 0 0 0 0 0 0 0 0 ]
65,1782980321.529842,12.4053,-74,CSI_DATA,AP,98:F4:AB:29:67:94,-74,11,1,4,1,1,1,0,0,0,0,-96,0,6,1,38068044,0,84,0,0,38.4503,384,[84 -64 4 0 0 0 0 0 0 0 0 0 -1 -3 -1 -3 -2 -3 -2 -3 -3 -3 -1 -3 -4 -2 -3 -3 -4 -2 -5 -3 -6 -3 -5 -4 -6 -4 -7 -4 -5 -4 -6 -4 -6 -3 -6 -4 -7 -3 -7 -4 -8 -3 -9 -4 -9 -5 -9 -4 -10 -6 -9 -6 0 0 -10 -5 -11 -5 -10 -5 -12 -4 -12 -5 -13 -5 -14 -6 -14 -6 -13 -6 -15 -6 -15 -6 -14 -6 -15 -6 -14 -6 -15 -6 -15 -4 -17 -6 -15 -6 -16 -6 -17 -5 -17 -7 -17 -7 -18 -9 -18 -8 -17 -8 -17 -7 0 0 0 0 0 0 0 0 0 0 ]
66,1782980321.614909,11.5633,-74,CSI_DATA,AP,98:F4:AB:29:67:94,-74,11,1,4,1,1,1,0,0,0,0,-96,0,6,1,38152608,0,84,0,0,38.5349,384,[84 -64 4 0 0 0 0 0 0 0 0 0 -5 -4 -4 -4 -5 -5 -6 -3 -5 -2 -5 -1 -5 -3 -6 -2 -7 -2 -6 -2 -7 -3 -9 -2 -9 -2 -9 -3 -9 -4 -9 -1 -9 -2 -9 -2 -9 -1 -10 -2 -11 -2 -11 -2 -12 -3 -12 -3 -12 -3 -13 -3 0 0 -14 -2 -13 -3 -13 -2 -13 -2 -13 -2 -15 -3 -15 -3 -15 -4 -16 -3 -17 -4 -15 -4 -15 -6 -16 -4 -17 -5 -16 -4 -16 -5 -18 -2 -17 -5 -18 -2 -19 -3 -20 -3 -19 -4 -18 -5 -20 -7 -19 -5 -18 -6 0 0 0 0 0 0 0 0 0 0 ]
67,1782980321.702641,12.2031,-75,CSI_DATA,AP,98:F4:AB:29:67:94,-75,11,1,4,1,1,1,0,0,0,0,-96,0,6,1,38245080,0,84,0,0,38.6274,384,[84 -64 4 0 0 0 0 0 0 0 0 0 -1 -6 -2 -6 -1 -4 -2 -4 -2 -4 -2 -3 -3 -2 -4 -2 -5 -3 -5 -2 -6 -2 -6 -3 -6 -3 -7 -3 -6 -4 -7 -3 -7 -3 -8 -4 -8 -3 -8 -3 -10 -3 -9 -2 -10 -3 -10 -5 -11 -5 -10 -4 0 0 -11 -4 -11 -4 -11 -4 -12 -3 -12 -4 -12 -5 -13 -4 -14 -5 -14 -5 -14 -6 -16 -5 -15 -6 -14 -6 -14 -6 -14 -6 -15 -5 -16 -6 -16 -6 -17 -6 -17 -6 -18 -6 -17 -7 -17 -8 -17 -8 -16 -8 -17 -8 0 0 0 0 0 0 0 0 0 0 ]
68,1782980321.795234,11.2771,-74,CSI_DATA,AP,98:F4:AB:29:67:94,-74,11,1,4,1,1,1,0,0,0,0,-96,0,6,1,38333935,0,84,0,0,38.7163,384,[84 -64 4 0 0 0 0 0 0 0 0 0 -1 -4 0 -3 0 -4 -2 -5 -2 -5 -3 -5 -2 -5 -3 -5 -4 -6 -3 -7 -4 -7 -3 -7 -4 -9 -4 -9 -4 -8 -4 -9 -5 -8 -4 -8 -5 -8 -5 -9 -4 -10 -5 -11 -4 -10 -3 -12 -4 -11 -5 -12 0 0 -4 -11 -5 -12 -5 -10 -4 -12 -5 -12 -5 -15 -5 -14 -3 -14 -5 -15 -5 -16 -5 -14 -3 -15 -4 -14 -3 -13 -5 -15 -6 -14 -5 -15 -5 -15 -6 -15 -7 -15 -6 -17 -5 -17 -5 -17 -6 -17 -5 -15 -5 -16 0 0 0 0 0 0 0 0 0 0 ]
69,1782980321.886180,12.0624,-72,CSI_DATA,AP,98:F4:AB:29:67:94,-72,11,1,4,1,1,1,0,0,0,0,-96,0,6,1,38426035,0,84,0,0,38.8084,384,[84 -64 4 0 0 0 0 0 0 0 0 0 -2 -6 -2 -6 -1 -6 -2 -6 -1 -7 -2 -7 -2 -7 -3 -7 -3 -8 -2 -9 -4 -8 -3 -9 -3 -10 -3 -10 -3 -10 -4 -10 -4 -10 -4 -10 -3 -10 -4 -11 -3 -13 -4 -13 -4 -13 -5 -14 -4 -15 -4 -14 0 0 -4 -14 -5 -15 -5 -14 -6 -15 -5 -15 -5 -16 -5 -16 -4 -16 -5 -17 -5 -17 -6 -19 -4 -17 -3 -18 -4 -17 -5 -18 -6 -17 -5 -19 -4 -17 -6 -18 -5 -19 -4 -21 -4 -18 -3 -20 -5 -19 -4 -18 -4 -18 0 0 0 0 0 0 0 0 0 0 ]
70,1782980321.970713,12.8170,-71,CSI_DATA,AP,98:F4:AB:29:67:94,-71,11,1,4,1,1,1,0,0,0,0,-96,0,6,1,38511372,0,84,0,0,38.8937,384,[84 -64 4 0 0 0 0 0 0 0 0 0 -4 -1 -6 0 -5 0 -6 1 -6 0 -7 1 -7 0 -8 -1 -8 -1 -8 0 -8 0 -10 0 -11 0 -9 0 -9 1 -10 -2 -11 1 -9 2 -11 0 -11 2 -12 1 -12 0 -11 0 -13 1 -13 -1 -14 0 0 0 -15 0 -16 0 -15 0 -15 0 -15 0 -17 -1 -17 1 -17 -1 -13 1 -10 -2 -16 -1 -17 -3 -18 -2 -18 -2 -17 -2 -18 -1 -18 0 -18 -1 -19 -1 -18 -1 -21 -2 -20 -4 -20 -2 -19 -2 -18 -2 -19 -2 0 0 0 0 0 0 0 0 0 0 ]
71,1782980322.060311,13.0528,-72,CSI_DATA,AP,98:F4:AB:29:67:94,-72,11,1,4,1,1,1,0,0,0,0,-96,0,6,1,38605510,0,84,0,0,38.9878,384,[84 -64 4 0 0 0 0 0 0 0 0 0 -2 -4 -3 -3 -4 -4 -4 -5 -5 -6 -3 -6 -5 -6 -5 -6 -4 -7 -3 -8 -4 -8 -5 -9 -5 -11 -4 -10 -4 -10 -4 -10 -4 -11 -4 -8 -4 -9 -4 -11 -3 -12 -4 -11 -5 -12 -3 -12 -3 -13 -5 -14 0 0 -3 -14 -3 -13 -3 -15 -5 -13 -5 -14 -5 -14 -5 -16 -4 -16 -6 -15 -5 -17 -4 -17 -3 -15 -5 -16 -5 -16 -5 -17 -7 -16 -7 -18 -7 -16 -6 -17 -7 -18 -6 -18 -6 -19 -5 -19 -6 -20 -4 -18 -6 -18 0 0 0 0 0 0 0 0 0 0 ]
72,1782980322.149222,13.1111,-87,CSI_DATA,AP,BC:D2:2C:1C:F0:6B,-87,11,0,0,0,0,0,0,0,0,0,-96,0,6,1,38686585,0,145,0,0,39.0691,128,[-111 16 9 0 0 0 0 0 0 0 0 0 8 -13 7 -6 6 -7 7 -6 -4 -7 -4 -6 2 -15 2 -12 -1 -12 -1 -7 1 -8 1 -11 -2 -14 -7 -11 -8 -10 -2 -12 -6 -14 -3 -11 -2 -10 -8 -18 -2 -17 -5 -11 7 -27 -5 -19 0 -9 0 -22 0 0 -1 -22 -5 -14 -8 -17 0 -21 -3 -18 1 -12 -2 -15 -1 -26 1 -17 3 -17 1 -20 -4 -19 -7 -24 -5 -14 7 -16 -2 -15 3 -9 -3 -8 -1 -8 -1 -14 2 -12 -1 -8 5 -13 -1 -8 1 -11 4 -11 0 0 0 0 0 0 0 0 0 0 ]
73,1782980322.237924,12.8155,-72,CSI_DATA,AP,98:F4:AB:29:67:94,-72,11,1,4,1,1,1,0,0,0,0,-96,0,6,1,38692170,0,84,0,0,39.102,384,[84 -64 4 0 0 0 0 0 0 0 0 0 1 1 1 2 3 3 2 2 3 2 3 2 5 2 5 2 5 1 6 2 7 2 7 2 7 4 7 4 7 3 9 4 8 3 8 4 8 5 9 4 9 4 9 4 11 4 11 5 11 5 11 5 0 0 13 6 13 6 12 6 14 5 12 6 14 7 14 8 15 7 15 7 16 7 16 7 15 9 16 9 14 9 17 7 16 6 17 8 16 7 17 6 17 6 18 9 17 7 19 10 18 9 17 9 16 8 0 0 0 0 0 0 0 0 0 0 ]
74,1782980322.325068,14.2863,-73,CSI_DATA,AP,98:F4:AB:29:67:94,-73,11,1,4,1,1,1,0,0,0,0,-96,0,6,1,38783064,0,84,0,0,39.1654,384,[84 -64 4 0 0 0 0 0 0 0 0 0 4 -2 3 -2 4 -3 4 -4 4 -3 4 -4 3 -5 4 -6 4 -5 5 -8 5 -9 4 -9 5 -7 6 -8 7 -9 7 -9 6 -8 6 -9 6 -10 6 -9 8 -11 7 -11 8 -10 8 -11 10 -12 10 -11 0 0 10 -11 10 -12 10 -11 9 -13 9 -13 10 -13 11 -13 11 -13 12 -14 12 -14 11 -14 12 -14 11 -12 12 -14 10 -13 10 -14 11 -15 10 -15 12 -17 11 -16 14 -16 12 -16 12 -16 12 -17 11 -15 12 -14 0 0 0 0 0 0 0 0 0 0 ]
75,1782980322.413848,14.6221,-71,CSI_DATA,AP,98:F4:AB:29:67:94,-71,11,1,2,1,1,1,0,0,0,0,-96,0,6,1,38874578,0,84,0,0,39.2569,384,[84 -64 4 0 0 0 0 0 0 0 0 0 1 4 2 3 1 3 2 3 3 2 2 3 4 2 5 1 5 1 6 1 7 0 8 1 8 2 8 2 8 3 9 2 9 2 10 2 9 2 11 3 11 3 13 3 13 4 13 5 13 6 14 5 0 0 14 6 14 7 12 6 14 4 12 6 15 7 15 9 14 7 15 7 15 8 15 7 14 8 15 8 15 7 15 8 14 7 16 7 15 5 16 6 16 6 17 7 16 8 17 7 16 8 16 8 16 7 0 0 0 0 0 0 0 0 0 0 ]
76,1782980322.501563,16.0697,-72,CSI_DATA,AP,98:F4:AB:29:67:94,-72,11,1,4,1,1,1,0,0,0,0,-96,0,6,1,38962738,0,84,0,0,39.345,384,[84 -64 4 0 0 0 0 0 0 0 0 0 -6 -4 -7 -2 -7 -3 -9 -3 -10 -3 -7 -2 -7 -3 -8 -1 -9 -2 -9 -2 -12 -2 -11 -1 -11 -2 -11 -2 -11 -3 -11 -2 -10 -3 -12 -2 -11 -3 -12 -3 -12 -3 -14 -1 -13 -3 -14 -5 -16 -4 -15 -4 0 0 -14 -5 -15 -4 -14 -4 -16 -3 -13 -2 -16 -5 -17 -5 -19 -3 -17 -4 -18 -6 -17 -7 -17 -7 -15 -6 -17 -5 -17 -5 -17 -7 -19 -6 -16 -3 -16 -3 -17 -6 -16 -5 -17 -5 -19 -7 -17 -7 -16 -7 -16 -6 0 0 0 0 0 0 0 0 0 0 ]
77,1782980322.591212,17.1407,-72,CSI_DATA,AP,98:F4:AB:29:67:94,-72,11,1,4,1,1,1,0,0,0,0,-96,0,6,1,39054857,0,84,0,0,39.4372,384,[84 -64 4 0 0 0 0 0 0 0 0 0 4 2 3 4 4 3 6 2 6 2 5 1 6 0 6 0 8 0 8 0 10 1 10 -2 9 1 12 1 11 0 14 -1 11 1 13 -1 12 1 14 0 15 1 15 -1 16 2 17 1 17 2 17 2 0 0 18 2 18 1 18 1 19 1 17 2 19 2 19 3 19 2 20 1 20 1 20 1 19 3 21 3 19 2 21 1 20 0 22 1 20 1 20 1 20 1 21 2 20 1 23 1 20 1 20 2 19 2 0 0 0 0 0 0 0 0 0 0 ]
78,1782980322.679891,16.5051,-72,CSI_DATA,AP,98:F4:AB:29:67:94,-72,11,1,4,1,1,1,0,0,0,0,-96,0,6,1,39145872,0,84,0,0,39.5282,384,[84 -64 4 0 0 0 0 0 0 0 0 0 1 -5 1 -5 1 -6 0 -6 1 -6 0 -6 0 -7 -1 -7 -1 -7 0 -9 -1 -8 0 -9 0 -10 -1 -12 -1 -11 0 -12 1 -12 -1 -11 0 -11 0 -11 1 -13 0 -14 1 -14 1 -14 2 -15 2 -16 0 0 2 -15 1 -15 2 -16 1 -17 2 -15 1 -16 3 -17 3 -18 2 -17 2 -19 1 -18 2 -17 2 -17 3 -17 2 -17 1 -17 2 -18 0 -17 1 -18 1 -18 2 -18 2 -19 2 -18 2 -19 1 -17 1 -18 0 0 0 0 0 0 0 0 0 0 ]
79,1782980322.769070,17.0613,-73,CSI_DATA,AP,98:F4:AB:29:67:94,-73,11,1,4,1,1,1,0,0,0,0,-96,0,6,1,39235533,0,84,0,0,39.6178,384,[84 -64 4 0 0 0 0 0 0 0 0 0 9 -3 9 -3 9 -3 9 -3 8 -4 8 -3 7 -5 8 -6 8 -5 8 -5 7 -7 9 -9 8 -8 10 -9 7 -7 8 -8 10 -8 8 -7 10 -8 9 -10 10 -11 9 -11 11 -11 12 -12 13 -11 12 -11 0 0 13 -11 14 -12 14 -13 13 -14 13 -12 14 -14 14 -14 15 -16 15 -14 15 -15 17 -15 16 -13 16 -13 18 -15 17 -14 15 -13 16 -15 16 -14 16 -15 17 -15 19 -15 17 -14 18 -14 17 -14 16 -13 17 -13 0 0 0 0 0 0 0 0 0 0 ]
80,1782980322.860355,17.3269,-72,CSI_DATA,AP,98:F4:AB:29:67:94,-72,11,1,4,1,1,1,0,0,0,0,-96,0,6,1,39324280,0,84,0,0,39.7065,384,[84 -64 4 0 0 0 0 0 0 0 0 0 -3 -8 -3 -7 -3 -7 -3 -8 -5 -9 -5 -9 -4 -8 -4 -8 -6 -10 -5 -10 -7 -11 -6 -11 -6 -13 -6 -13 -5 -12 -6 -14 -6 -13 -6 -12 -5 -13 -6 -14 -6 -13 -8 -15 -8 -16 -6 -15 -6 -16 -7 -16 0 0 -7 -16 -6 -17 -6 -17 -9 -18 -6 -18 -7 -17 -8 -18 -7 -19 -8 -19 -8 -19 -8 -19 -7 -18 -7 -19 -8 -17 -7 -20 -8 -18 -8 -22 -8 -19 -9 -20 -10 -19 -9 -20 -7 -20 -9 -20 -9 -19 -9 -20 -7 -21 0 0 0 0 0 0 0 0 0 0 ]
81,1782980322.950745,15.4444,-73,CSI_DATA,AP,98:F4:AB:29:67:94,-73,11,1,4,1,1,1,0,0,0,0,-96,0,6,1,39422630,0,84,0,0,39.805,384,[84 -64 4 0 0 0 0 0 0 0 0 0 -6 -4 -5 -1 -5 -2 -4 -3 -6 -2 -5 -1 -6 0 -6 0 -7 0 -7 0 -7 0 -9 1 -8 0 -10 0 -9 1 -11 2 -10 0 -10 0 -11 2 -12 2 -12 1 -13 1 -13 2 -14 -1 -14 -1 -15 0 0 0 -15 0 -15 1 -14 0 -14 1 -14 0 -17 0 -17 -1 -16 0 -16 0 -17 -1 -17 -3 -15 -2 -16 -1 -15 -3 -16 -1 -16 0 -17 -1 -15 0 -16 0 -16 0 -17 0 -17 0 -17 0 -17 -1 -16 0 -15 0 0 0 0 0 0 0 0 0 0 0 ]
82,1782980323.041603,14.2879,-73,CSI_DATA,AP,98:F4:AB:29:67:94,-73,11,1,4,1,1,1,0,0,0,0,-96,0,6,1,39501456,0,84,0,0,39.8838,384,[84 -64 4 0 0 0 0 0 0 0 0 0 -3 7 -1 7 -1 8 -2 7 0 6 -1 6 1 5 0 7 2 6 1 8 3 7 3 8 2 9 2 8 2 10 3 10 3 10 3 9 2 10 2 10 3 10 4 11 3 12 3 13 4 14 4 14 0 0 3 14 5 15 3 14 4 16 3 14 2 16 1 17 1 16 2 17 4 17 3 16 3 17 1 16 1 16 2 16 1 16 1 17 1 16 1 16 2 16 1 17 1 17 0 16 1 17 0 14 0 16 0 0 0 0 0 0 0 0 0 0 ]
83,1782980323.129932,16.2283,-71,CSI_DATA,AP,98:F4:AB:29:67:94,-71,11,1,4,1,1,1,0,0,0,0,-96,0,6,1,39593447,0,84,0,0,39.9757,384,[84 -64 4 0 0 0 0 0 0 0 0 0 -9 1 -8 1 -10 1 -8 3 -9 3 -9 3 -8 5 -9 5 -10 6 -10 6 -10 7 -11 6 -12 6 -12 6 -11 7 -14 7 -14 7 -12 8 -13 7 -13 7 -14 8 -15 7 -14 8 -17 8 -17 8 -16 8 0 0 -16 8 -17 8 -16 8 -17 8 -17 7 -18 9 -18 8 -19 10 -17 8 -19 9 -20 9 -18 8 -20 7 -19 7 -20 8 -18 9 -20 9 -18 8 -19 8 -20 8 -19 8 -20 7 -20 7 -19 8 -18 7 -20 8 0 0 0 0 0 0 0 0 0 0 ]
84,1782980323.219504,16.2586,-71,CSI_DATA,AP,98:F4:AB:29:67:94,-71,11,1,4,1,1,1,0,0,0,0,-96,0,6,1,39682821,0,84,0,0,40.0651,384,[84 -64 4 0 0 0 0 0 0 0 0 0 -7 7 -4 8 -5 7 -5 7 -5 6 -4 7 -4 7 -4 8 -4 9 -3 8 -3 10 -4 10 -4 10 -4 12 -3 11 -4 12 -5 12 -4 15 -4 13 -4 13 -5 15 -3 15 -6 15 -5 15 -5 15 -7 16 0 0 -7 15 -6 18 -6 17 -6 17 -6 16 -6 18 -7 17 -8 17 -8 18 -8 19 -8 18 -8 18 -7 18 -7 18 -8 18 -5 18 -9 19 -6 18 -7 19 -6 19 -8 19 -7 18 -8 20 -7 20 -6 18 -8 18 0 0 0 0 0 0 0 0 0 0 ]
85,1782980323.310482,15.0771,-71,CSI_DATA,AP,98:F4:AB:29:67:94,-71,11,1,4,1,1,1,0,0,0,0,-96,0,6,1,39772823,0,84,0,0,40.1551,384,[84 -64 4 0 0 0 0 0 0 0 0 0 -6 8 -5 8 -7 7 -6 8 -7 9 -6 7 -6 7 -6 7 -6 9 -6 8 -5 10 -6 8 -8 10 -6 10 -6 11 -5 11 -7 10 -5 11 -6 11 -7 12 -6 10 -5 12 -6 12 -7 12 -6 13 -8 12 0 0 -5 13 -7 14 -6 14 -6 15 -6 13 -7 16 -7 15 -7 15 -6 15 -8 16 -8 16 -7 15 -7 15 -7 15 -6 16 -6 16 -7 17 -6 16 -6 17 -5 18 -7 16 -6 18 -8 18 -9 17 -9 17 -8 17 0 0 0 0 0 0 0 0 0 0 ]
86,1782980323.401505,17.9589,-72,CSI_DATA,AP,98:F4:AB:29:67:94,-72,11,1,4,1,1,1,0,0,0,0,-96,0,6,1,39862144,0,84,0,0,40.2445,384,[84 -64 4 0 0 0 0 0 0 0 0 0 -6 -9 -5 -12 -8 -10 -7 -12 -9 -9 -8 -7 -8 -9 -8 -11 -8 -10 -8 -11 -9 -10 -8 -10 -8 -10 -10 -12 -8 -9 -9 -13 -8 -11 -10 -13 -8 -9 -10 -15 -14 -11 -9 -9 -8 -14 -7 -9 -16 -12 -9 -14 0 0 -11 -10 -11 -15 -10 -13 -12 -12 -11 -13 -10 -15 -13 -14 -12 -13 -12 -14 -14 -13 -13 -13 -13 -13 -12 -15 -13 -13 -14 -13 -14 -13 -13 -13 -14 -13 -13 -15 -14 -15 -13 -15 -14 -15 -13 -14 -14 -15 -13 -15 -14 -14 0 0 0 0 0 0 0 0 0 0 ]
87,1782980323.491662,18.5517,-69,CSI_DATA,AP,98:F4:AB:29:67:94,-69,11,1,4,1,1,1,0,0,0,0,-96,0,6,1,39951484,0,84,0,0,40.3338,384,[84 -64 4 0 0 0 0 0 0 0 0 0 -2 -12 -2 -13 -3 -14 -3 -15 -2 -14 -3 -15 -2 -15 0 -15 -2 -15 0 -17 -1 -17 1 -17 1 -16 1 -17 0 -16 0 -18 1 -17 1 -17 2 -15 1 -17 2 -17 2 -18 2 -17 1 -17 1 -18 3 -18 0 0 1 -17 1 -19 1 -18 1 -19 1 -17 1 -18 1 -18 1 -18 1 -19 0 -20 -1 -19 1 -19 0 -19 0 -18 0 -19 -1 -19 0 -19 -1 -19 -2 -19 -1 -19 -1 -18 -2 -20 -1 -20 -2 -19 -1 -18 -2 -19 0 0 0 0 0 0 0 0 0 0 ]
88,1782980323.581549,18.0127,-69,CSI_DATA,AP,98:F4:AB:29:67:94,-69,11,1,4,1,1,1,0,0,0,0,-96,0,6,1,40042978,0,84,0,0,40.4252,384,[84 -64 4 0 0 0 0 0 0 0 0 0 4 -7 4 -7 5 -7 3 -8 4 -8 5 -8 6 -9 5 -10 5 -11 7 -8 7 -10 7 -11 8 -10 9 -11 7 -10 9 -12 8 -12 9 -12 9 -11 9 -11 10 -12 10 -12 11 -11 12 -12 12 -12 12 -12 0 0 12 -12 11 -12 12 -12 11 -13 11 -11 12 -13 12 -14 12 -13 12 -14 13 -14 12 -13 13 -12 12 -13 12 -13 11 -14 11 -14 12 -15 10 -14 11 -14 11 -14 12 -15 11 -15 12 -15 11 -15 12 -13 11 -14 0 0 0 0 0 0 0 0 0 0 ]
89,1782980323.672189,16.6778,-70,CSI_DATA,AP,98:F4:AB:29:67:94,-70,11,1,4,1,1,1,0,0,0,0,-96,0,6,1,40131621,0,84,0,0,40.5139,384,[84 -64 4 0 0 0 0 0 0 0 0 0 4 3 5 2 6 2 5 3 6 3 6 3 7 3 7 3 8 4 9 4 9 4 9 4 10 5 11 5 9 6 11 7 11 6 10 7 10 8 11 7 12 6 12 8 12 9 12 9 12 9 12 9 0 0 12 9 14 9 12 8 13 9 11 9 13 10 13 11 12 10 14 10 14 10 13 11 13 12 12 10 13 11 14 12 14 10 15 10 13 9 14 10 15 10 14 10 15 10 16 11 16 11 14 11 15 11 0 0 0 0 0 0 0 0 0 0 ]
90,1782980323.762471,13.6945,-71,CSI_DATA,AP,98:F4:AB:29:67:94,-71,11,1,2,1,1,1,0,0,0,0,-96,0,6,1,40223128,0,84,0,0,40.6054,384,[84 -64 4 0 0 0 0 0 0 0 0 0 -3 2 -2 2 -2 3 -2 3 -1 5 -2 5 -1 5 -2 5 -1 6 -2 7 -2 7 -2 7 -3 7 -3 8 -3 8 -2 9 -2 9 -3 9 -3 9 -4 9 -4 10 -5 10 -5 10 -4 11 -5 11 -6 12 0 0 -6 12 -5 12 -5 11 -5 12 -6 10 -6 11 -6 12 -6 12 -6 12 -6 12 -6 12 -6 11 -6 12 -6 13 -5 12 -5 13 -6 13 -5 12 -6 13 -5 13 -6 13 -5 13 -5 14 -5 14 -6 12 -5 13 0 0 0 0 0 0 0 0 0 0 ]
91,1782980323.851399,20.7791,-67,CSI_DATA,AP,98:F4:AB:29:67:94,-67,11,0,0,0,0,0,0,0,0,0,-96,0,6,1,40330343,0,84,0,0,40.7128,128,[84 -64 4 0 0 0 0 0 0 0 0 0 -14 -6 -14 -6 -15 -5 -14 -4 -13 -4 -14 -3 -12 -2 -13 -2 -14 1 -15 -1 -17 1 -18 2 -20 0 -19 2 -17 1 -22 3 -21 3 -20 3 -19 2 -22 3 -22 3 -24 5 -23 3 -27 2 -28 2 -28 0 0 0 -28 0 -31 1 -30 2 -31 5 -27 2 -29 1 -29 1 -28 -1 -29 2 -28 -4 -32 -4 -29 -3 -29 -2 -26 -4 -29 -3 -28 -2 -30 -2 -26 -2 -26 -3 -27 -1 -26 -2 -28 0 -27 -1 -29 -2 -25 0 -26 0 0 0 0 0 0 0 0 0 0 0 ]
92,1782980323.941602,16.8422,-71,CSI_DATA,AP,98:F4:AB:29:67:94,-71,11,1,2,1,1,1,0,0,0,0,-96,0,6,1,40405675,0,84,0,0,40.788,384,[84 -64 4 0 0 0 0 0 0 0 0 0 11 1 9 0 9 1 9 1 10 0 8 1 8 0 7 -1 9 -1 8 0 9 -1 10 -1 10 -1 10 -2 11 -2 9 -5 11 -2 9 0 12 -2 9 -2 10 -3 11 -3 11 -4 13 -3 12 -2 12 -2 0 0 13 -2 14 -2 12 -3 13 -3 13 -1 12 -2 14 -2 14 -1 14 -2 15 -2 15 -1 13 1 15 -1 12 1 15 0 12 -2 14 -1 12 -1 13 0 12 -1 13 0 12 -1 13 0 13 0 12 0 11 1 0 0 0 0 0 0 0 0 0 0 ]
93,1782980324.033618,16.1034,-70,CSI_DATA,AP,98:F4:AB:29:67:94,-70,11,1,4,1,1,1,0,0,0,0,-96,0,6,1,40493080,0,84,0,0,40.8754,384,[84 -64 4 0 0 0 0 0 0 0 0 0 -13 7 -12 6 -13 7 -13 6 -13 6 -11 6 -12 6 -11 5 -11 6 -12 5 -12 6 -12 6 -13 6 -12 6 -11 6 -11 7 -10 7 -11 7 -11 7 -12 8 -12 7 -11 9 -12 9 -12 9 -13 8 -13 8 0 0 -13 8 -13 10 -12 8 -13 10 -12 7 -13 8 -14 9 -14 9 -13 10 -15 10 -15 10 -15 9 -14 9 -14 8 -14 9 -14 8 -15 9 -13 8 -14 8 -13 8 -14 8 -14 8 -15 7 -13 8 -13 8 -12 7 0 0 0 0 0 0 0 0 0 0 ]
94,1782980324.126170,15.6779,-70,CSI_DATA,AP,98:F4:AB:29:67:94,-70,11,1,4,1,1,1,0,0,0,0,-96,0,6,1,40583391,0,84,0,0,40.9657,384,[84 -64 4 0 0 0 0 0 0 0 0 0 -4 15 -4 14 -5 14 -5 15 -4 13 -5 13 -4 13 -6 13 -4 15 -6 12 -4 13 -4 15 -5 14 -4 14 -5 14 -5 15 -5 14 -5 14 -4 13 -5 13 -5 14 -4 14 -4 14 -5 16 -4 16 -4 16 0 0 -5 16 -5 16 -5 16 -4 16 -5 15 -6 16 -7 16 -6 17 -7 17 -6 18 -6 17 -6 16 -6 16 -7 16 -6 16 -6 16 -6 16 -7 16 -6 17 -5 16 -7 16 -6 16 -6 15 -6 16 -7 15 -7 15 0 0 0 0 0 0 0 0 0 0 ]
95,1782980324.216152,17.2800,-69,CSI_DATA,AP,98:F4:AB:29:67:94,-69,11,1,4,1,1,1,0,0,0,0,-96,0,6,1,40674735,0,84,0,0,41.057,384,[84 -64 4 0 0 0 0 0 0 0 0 0 15 -2 15 -2 15 -2 15 -1 16 -2 15 -1 15 -1 17 0 17 -3 15 -2 16 0 17 -1 17 -1 17 -1 15 0 17 1 15 -2 16 -1 16 -1 17 1 16 0 17 -1 18 0 18 0 19 0 19 0 0 0 18 -1 19 -1 18 -1 19 -1 17 0 18 -1 19 0 19 -1 19 -1 21 -1 20 -1 20 -2 19 0 18 0 19 -1 18 0 20 1 17 -2 18 -1 18 -1 19 0 18 -1 19 0 18 -1 18 -1 17 -1 0 0 0 0 0 0 0 0 0 0 ]
96,1782980324.308123,17.5468,-69,CSI_DATA,AP,98:F4:AB:29:67:94,-69,11,1,4,1,1,1,0,0,0,0,-96,0,6,1,40762670,0,84,0,0,41.145,384,[84 -64 4 0 0 0 0 0 0 0 0 0 13 2 12 2 14 2 14 2 15 3 13 1 14 3 13 3 13 3 14 3 15 5 14 4 13 3 14 5 13 2 16 4 15 3 14 2 13 2 14 3 15 3 15 4 15 4 16 4 16 4 15 4 0 0 15 4 17 3 16 3 16 3 16 3 16 4 18 4 16 3 18 3 18 4 18 4 17 5 16 4 16 3 18 3 17 3 19 3 16 4 17 3 17 2 17 3 16 3 18 4 17 2 16 3 15 2 0 0 0 0 0 0 0 0 0 0 ]
97,1782980324.399038,18.3846,-68,CSI_DATA,AP,98:F4:AB:29:67:94,-68,11,1,4,1,1,1,0,0,0,0,-96,0,6,1,40855407,0,84,0,0,41.2378,384,[84 -64 4 0 0 0 0 0 0 0 0 0 1 15 1 14 0 16 1 15 1 17 -1 14 -1 16 -2 16 -1 17 -2 17 -2 17 -3 17 -3 17 -2 16 -2 16 -2 18 -1 16 -1 16 -2 15 -2 17 -1 18 0 18 -2 18 0 18 -2 19 -2 19 0 0 -1 19 -1 21 -1 19 0 20 -1 18 -1 21 -1 21 -1 20 -1 22 -2 23 -1 20 -2 21 -1 20 -1 19 0 21 1 20 -1 22 -1 20 -2 21 -1 21 -1 21 0 21 -2 21 -1 21 -1 19 -1 19 0 0 0 0 0 0 0 0 0 0 ]
98,1782980324.491327,17.9420,-69,CSI_DATA,AP,98:F4:AB:29:67:94,-69,11,1,4,1,1,1,0,0,0,0,-96,0,6,1,40945072,0,84,0,0,41.3274,384,[84 -64 4 0 0 0 0 0 0 0 0 0 4 -12 5 -11 5 -13 5 -11 6 -12 6 -12 6 -11 6 -12 7 -12 7 -12 7 -13 7 -13 8 -13 9 -12 7 -13 8 -13 8 -13 7 -12 7 -12 7 -13 8 -13 8 -13 8 -13 9 -15 9 -15 8 -15 0 0 8 -15 9 -15 9 -15 8 -16 8 -15 9 -15 9 -15 9 -16 10 -16 9 -17 9 -16 9 -16 9 -15 10 -15 9 -16 9 -16 9 -17 9 -15 9 -16 9 -16 9 -16 9 -16 9 -16 8 -17 8 -15 9 -16 0 0 0 0 0 0 0 0 0 0 ]
99,1782980324.582654,18.0613,-69,CSI_DATA,AP,98:F4:AB:29:67:94,-69,11,1,4,1,1,1,0,0,0,0,-96,0,6,1,41031897,0,84,0,0,41.4142,384,[84 -64 4 0 0 0 0 0 0 0 0 0 4 -13 3 -12 4 -13 3 -13 4 -13 4 -14 5 -14 6 -14 5 -14 6 -15 6 -15 8 -16 8 -15 7 -15 7 -14 7 -15 7 -15 6 -14 6 -14 8 -16 6 -16 8 -16 8 -16 8 -16 9 -16 9 -17 0 0 8 -17 7 -17 9 -17 8 -17 8 -17 8 -17 8 -18 9 -18 9 -19 8 -20 8 -19 8 -17 9 -18 8 -17 7 -19 7 -18 9 -18 7 -19 8 -18 7 -19 8 -19 7 -18 8 -20 8 -19 7 -18 7 -17 0 0 0 0 0 0 0 0 0 0 ]
100,1782980324.675634,19.2361,-69,CSI_DATA,AP,98:F4:AB:29:67:94,-69,11,1,4,1,1,1,0,0,0,0,-96,0,6,1,41127156,0,84,0,0,41.5096,384,[84 -64 4 0 0 0 0 0 0 0 0 0 -14 0 -12 0 -14 -1 -13 -1 -14 -3 -15 -1 -15 -2 -14 -2 -15 -2 -15 -4 -15 -4 -16 -4 -17 -5 -16 -5 -14 -3 -17 -4 -15 -4 -15 -3 -15 -4 -15 -4 -16 -4 -17 -4 -17 -4 -17 -5 -19 -5 -17 -5 0 0 -18 -5 -19 -4 -18 -4 -19 -4 -17 -4 -19 -5 -19 -4 -20 -4 -19 -4 -20 -4 -20 -4 -19 -6 -21 -5 -19 -5 -20 -5 -19 -4 -21 -5 -20 -3 -20 -3 -20 -3 -20 -4 -21 -3 -20 -4 -19 -3 -19 -4 -18 -4 0 0 0 0 0 0 0 0 0 0 ]
101,1782980324.768784,20.3099,-69,CSI_DATA,AP,98:F4:AB:29:67:94,-69,11,1,4,1,1,1,0,0,0,0,-96,0,6,1,41212907,0,84,0,0,41.5952,384,[84 -64 4 0 0 0 0 0 0 0 0 0 0 -14 1 -15 2 -14 0 -15 0 -15 2 -15 2 -14 3 -15 1 -15 3 -16 3 -16 3 -18 3 -17 2 -16 4 -15 3 -17 2 -16 2 -16 3 -16 4 -16 3 -17 3 -18 3 -18 3 -19 3 -18 4 -19 0 0 2 -19 1 -20 1 -19 3 -20 2 -19 3 -19 2 -21 2 -20 2 -21 2 -22 1 -22 1 -20 1 -21 1 -21 0 -21 0 -20 1 -22 2 -21 1 -21 0 -20 1 -20 0 -21 1 -22 -1 -22 0 -20 0 -19 0 0 0 0 0 0 0 0 0 0 ]
102,1782980324.863256,18.1663,-69,CSI_DATA,AP,98:F4:AB:29:67:94,-69,11,1,4,1,1,1,0,0,0,0,-96,0,6,1,41301613,0,84,0,0,41.6839,384,[84 -64 4 0 0 0 0 0 0 0 0 0 -7 -13 -5 -13 -6 -14 -6 -14 -5 -15 -5 -14 -5 -14 -4 -14 -5 -15 -4 -16 -5 -16 -4 -15 -4 -17 -3 -16 -4 -17 -4 -18 -5 -15 -4 -15 -5 -16 -4 -17 -5 -16 -5 -18 -5 -17 -5 -17 -5 -18 -5 -19 0 0 -5 -19 -6 -19 -6 -19 -6 -19 -5 -19 -5 -20 -6 -21 -6 -21 -6 -20 -6 -22 -6 -22 -6 -21 -6 -20 -6 -20 -6 -20 -7 -21 -6 -22 -5 -21 -5 -21 -6 -21 -5 -21 -6 -22 -6 -21 -6 -22 -6 -19 -6 -19 0 0 0 0 0 0 0 0 0 0 ]
103,1782980324.956818,17.8984,-69,CSI_DATA,AP,98:F4:AB:29:67:94,-69,11,1,4,1,1,1,0,0,0,0,-96,0,6,1,41393360,0,84,0,0,41.7757,384,[84 -64 4 0 0 0 0 0 0 0 0 0 8 -8 8 -9 8 -10 9 -9 9 -9 9 -7 10 -9 9 -9 11 -10 10 -8 10 -9 12 -9 11 -8 11 -9 11 -8 11 -10 11 -10 10 -10 9 -9 11 -10 11 -11 12 -12 12 -11 12 -10 13 -12 12 -12 0 0 12 -13 12 -13 12 -12 12 -12 12 -12 12 -13 12 -13 12 -13 13 -15 13 -14 12 -14 14 -13 13 -13 13 -14 13 -14 12 -14 13 -15 11 -13 12 -14 12 -14 12 -14 12 -14 13 -14 12 -13 13 -14 12 -13 0 0 0 0 0 0 0 0 0 0 ]
104,1782980325.047179,17.6622,-69,CSI_DATA,AP,98:F4:AB:29:67:94,-69,11,1,4,1,1,1,0,0,0,0,-96,0,6,1,41487642,0,84,0,0,41.87,384,[84 -64 4 0 0 0 0 0 0 0 0 0 -7 12 -6 11 -8 11 -8 11 -9 11 -8 10 -9 11 -10 12 -10 12 -11 12 -11 12 -11 12 -12 11 -12 12 -11 11 -13 11 -11 11 -11 12 -10 11 -12 11 -11 13 -11 13 -12 14 -13 13 -12 13 -12 13 0 0 -13 13 -12 15 -11 14 -11 15 -11 14 -12 15 -12 14 -13 15 -13 15 -14 15 -12 16 -13 15 -13 16 -12 15 -13 16 -13 17 -13 17 -12 15 -12 16 -12 16 -12 15 -13 16 -13 16 -12 16 -12 16 -12 15 0 0 0 0 0 0 0 0 0 0 ]
105,1782980325.141345,18.8937,-69,CSI_DATA,AP,98:F4:AB:29:67:94,-69,11,1,4,1,1,1,0,0,0,0,-96,0,6,1,41572968,0,84,0,0,41.9552,384,[84 -64 4 0 0 0 0 0 0 0 0 0 -11 7 -11 8 -12 8 -11 7 -12 7 -13 6 -13 6 -14 6 -14 6 -16 6 -16 7 -15 6 -17 5 -15 7 -15 4 -17 6 -15 6 -14 6 -15 6 -15 6 -18 6 -17 7 -17 7 -17 7 -19 6 -18 6 0 0 -17 7 -18 9 -18 7 -18 9 -16 7 -16 7 -19 7 -19 8 -18 9 -21 11 -19 8 -18 7 -19 8 -18 7 -19 9 -17 10 -20 10 -17 8 -19 9 -18 9 -19 9 -18 9 -20 10 -18 9 -18 9 -17 8 0 0 0 0 0 0 0 0 0 0 ]
106,1782980325.233343,18.3833,-69,CSI_DATA,AP,98:F4:AB:29:67:94,-69,11,1,4,1,1,1,0,0,0,0,-96,0,6,1,41661567,0,84,0,0,42.0439,384,[84 -64 4 0 0 0 0 0 0 0 0 0 8 8 7 9 7 9 7 9 7 9 6 9 6 10 6 9 6 11 5 11 7 12 6 12 7 12 6 12 6 12 6 13 6 11 7 10 7 11 8 12 8 12 8 13 7 14 7 13 7 14 8 14 0 0 8 14 9 15 9 15 9 14 8 13 8 14 9 14 8 14 9 16 9 16 9 16 8 15 8 16 9 14 8 15 9 15 9 16 9 15 11 15 10 14 9 14 10 15 8 15 9 15 8 14 8 14 0 0 0 0 0 0 0 0 0 0 ]
107,1782980325.332314,19.0491,-69,CSI_DATA,AP,98:F4:AB:29:67:94,-69,11,1,4,1,1,1,0,0,0,0,-96,0,6,1,41751541,0,84,0,0,42.1338,384,[84 -64 4 0 0 0 0 0 0 0 0 0 4 -14 4 -14 3 -13 5 -15 5 -14 5 -14 6 -15 6 -15 6 -15 7 -14 8 -16 8 -15 8 -15 9 -15 7 -15 8 -15 7 -15 8 -15 7 -14 8 -16 8 -17 8 -17 8 -16 8 -17 9 -17 9 -16 0 0 9 -17 8 -18 9 -19 8 -18 8 -17 9 -19 8 -19 10 -19 9 -19 8 -20 10 -20 10 -19 10 -20 9 -19 10 -20 8 -20 9 -22 8 -20 8 -20 8 -20 11 -20 10 -21 9 -20 10 -18 9 -19 9 -18 0 0 0 0 0 0 0 0 0 0 ]
108,1782980325.424126,19.0756,-67,CSI_DATA,AP,98:F4:AB:29:67:94,-67,11,1,2,1,1,1,0,0,0,0,-96,0,6,1,41844545,0,84,0,0,42.2269,384,[84 -64 4 0 0 0 0 0 0 0 0 0 -12 -8 -11 -8 -13 -9 -12 -9 -12 -10 -11 -9 -11 -9 -12 -11 -11 -10 -12 -12 -12 -11 -12 -12 -12 -12 -12 -12 -11 -11 -12 -12 -11 -11 -12 -11 -11 -12 -11 -11 -12 -12 -13 -12 -13 -13 -13 -12 -13 -14 -14 -13 0 0 -13 -13 -15 -14 -14 -12 -15 -12 -12 -12 -14 -14 -13 -14 -14 -14 -15 -14 -16 -14 -16 -14 -14 -13 -15 -14 -15 -14 -16 -14 -16 -13 -17 -15 -15 -12 -16 -15 -15 -14 -16 -15 -15 -15 -14 -15 -15 -14 -14 -14 -14 -13 0 0 0 0 0 0 0 0 0 0 ]
109,1782980325.516339,17.1276,-69,CSI_DATA,AP,98:F4:AB:29:67:94,-69,11,1,4,1,1,1,0,0,0,0,-96,0,6,1,41935806,0,84,0,0,42.3181,384,[84 -64 4 0 0 0 0 0 0 0 0 0 12 0 11 0 12 0 12 -1 13 1 11 0 12 1 12 1 12 1 13 1 12 2 13 2 14 3 13 3 13 2 14 2 13 2 14 1 13 2 13 1 13 1 14 1 14 2 14 2 15 3 14 2 0 0 15 1 17 1 16 1 17 0 15 1 17 2 17 1 17 1 17 2 18 1 18 2 17 3 17 2 17 2 19 0 18 0 19 0 18 0 18 1 17 0 17 2 18 1 18 3 19 2 17 2 16 1 0 0 0 0 0 0 0 0 0 0 ]
110,1782980325.607982,15.9371,-69,CSI_DATA,AP,98:F4:AB:29:67:94,-69,11,1,4,1,1,1,0,0,0,0,-96,0,6,1,42025864,0,84,0,0,42.4082,384,[84 -64 4 0 0 0 0 0 0 0 0 0 1 -11 3 -13 3 -12 2 -12 2 -11 3 -12 3 -12 4 -12 4 -12 3 -12 3 -13 5 -13 4 -13 4 -13 4 -13 4 -14 5 -13 4 -12 4 -12 4 -13 4 -14 5 -15 5 -14 4 -14 4 -15 5 -16 0 0 6 -16 5 -17 5 -16 4 -16 6 -16 7 -16 6 -17 6 -17 6 -17 6 -17 5 -17 6 -16 5 -18 6 -18 6 -17 5 -18 6 -18 5 -17 7 -17 6 -17 7 -17 6 -16 7 -17 4 -17 5 -17 5 -17 0 0 0 0 0 0 0 0 0 0 ]
111,1782980325.699232,15.3428,-69,CSI_DATA,AP,98:F4:AB:29:67:94,-69,11,1,4,1,1,1,0,0,0,0,-96,0,6,1,42114772,0,84,0,0,42.4971,384,[84 -64 4 0 0 0 0 0 0 0 0 0 6 10 6 10 5 9 5 11 5 10 4 10 5 10 4 11 5 10 5 12 4 12 5 12 4 13 5 13 4 12 5 13 4 12 5 12 4 13 6 13 5 12 6 14 5 14 5 14 6 15 6 15 0 0 7 14 7 16 7 15 6 14 6 16 6 15 6 16 7 16 6 16 6 16 7 16 6 16 5 17 7 16 7 16 6 16 7 17 8 16 8 17 8 16 7 17 7 16 6 16 7 15 7 16 7 16 0 0 0 0 0 0 0 0 0 0 ]
112,1782980325.792289,16.5280,-69,CSI_DATA,AP,98:F4:AB:29:67:94,-69,11,1,4,1,1,1,0,0,0,0,-96,0,6,1,42204147,0,84,0,0,42.5865,384,[84 -64 4 0 0 0 0 0 0 0 0 0 11 -8 11 -8 12 -9 12 -7 12 -8 12 -7 13 -8 13 -7 13 -8 14 -8 14 -8 15 -7 15 -7 15 -7 12 -7 15 -8 14 -8 14 -9 14 -8 13 -9 15 -8 14 -9 16 -9 16 -8 16 -9 16 -10 0 0 15 -10 16 -10 15 -10 16 -11 15 -10 15 -11 17 -11 17 -11 17 -13 16 -14 16 -12 17 -10 16 -12 16 -11 17 -13 15 -13 18 -15 15 -13 16 -13 16 -14 17 -13 17 -14 17 -13 15 -14 16 -13 16 -12 0 0 0 0 0 0 0 0 0 0 ]
113,1782980325.884120,17.1284,-69,CSI_DATA,AP,98:F4:AB:29:67:94,-69,11,1,4,1,1,1,0,0,0,0,-96,0,6,1,42292700,0,84,0,0,42.6749,384,[84 -64 4 0 0 0 0 0 0 0 0 0 -12 -4 -13 -4 -14 -3 -13 -4 -13 -6 -12 -6 -14 -6 -12 -6 -14 -5 -13 -6 -14 -5 -13 -6 -13 -7 -14 -6 -13 -7 -14 -6 -13 -6 -14 -6 -14 -6 -14 -6 -15 -6 -15 -6 -15 -7 -15 -6 -16 -8 -16 -7 0 0 -16 -6 -18 -7 -17 -7 -18 -7 -16 -8 -18 -7 -18 -8 -18 -8 -17 -7 -19 -7 -19 -8 -17 -8 -17 -7 -17 -8 -19 -6 -18 -6 -19 -7 -18 -6 -18 -7 -19 -6 -17 -8 -18 -8 -18 -7 -17 -6 -18 -6 -16 -6 0 0 0 0 0 0 0 0 0 0 ]
114,1782980325.975744,17.7102,-69,CSI_DATA,AP,98:F4:AB:29:67:94,-69,11,1,4,1,1,1,0,0,0,0,-96,0,6,1,42381578,0,84,0,0,42.7639,384,[84 -64 4 0 0 0 0 0 0 0 0 0 12 6 12 6 12 7 12 7 12 7 12 8 12 8 12 9 13 8 12 8 13 10 12 10 12 11 12 10 11 9 12 11 12 9 11 9 11 10 12 9 12 11 12 11 12 11 12 10 13 12 14 12 0 0 13 11 14 13 14 11 14 11 13 11 14 12 14 13 14 12 16 13 16 13 15 13 14 13 15 14 15 14 15 13 15 13 15 14 15 12 15 14 15 14 15 13 15 14 14 13 15 12 14 13 14 12 0 0 0 0 0 0 0 0 0 0 ]
115,1782980326.066917,17.7013,-69,CSI_DATA,AP,98:F4:AB:29:67:94,-69,11,1,4,1,1,1,0,0,0,0,-96,0,6,1,42474181,0,84,0,0,42.8565,384,[84 -64 4 0 0 0 0 0 0 0 0 0 -11 -4 -11 -5 -12 -6 -11 -6 -12 -6 -11 -5 -11 -6 -12 -7 -12 -7 -12 -7 -13 -7 -12 -8 -13 -8 -13 -9 -12 -8 -13 -8 -12 -7 -13 -7 -13 -8 -13 -8 -14 -8 -13 -8 -14 -9 -14 -9 -14 -9 -14 -9 0 0 -15 -9 -15 -9 -16 -9 -15 -8 -15 -8 -16 -9 -16 -10 -16 -10 -16 -9 -18 -10 -17 -9 -17 -9 -17 -9 -17 -9 -17 -9 -17 -9 -18 -9 -17 -9 -19 -8 -17 -8 -16 -9 -17 -10 -17 -9 -17 -8 -17 -9 -16 -9 0 0 0 0 0 0 0 0 0 0 ]
116,1782980326.158548,20.2101,-68,CSI_DATA,AP,98:F4:AB:29:67:94,-68,11,1,4,1,1,1,0,0,0,0,-96,0,6,1,42562585,0,84,0,0,42.9449,384,[84 -64 4 0 0 0 0 0 0 0 0 0 12 -10 11 -10 13 -12 12 -9 13 -11 12 -9 13 -10 15 -9 15 -10 15 -10 15 -10 16 -10 16 -9 16 -8 15 -7 16 -12 14 -9 14 -10 14 -9 15 -10 17 -10 16 -11 18 -11 17 -10 18 -12 18 -10 0 0 18 -12 19 -13 16 -12 18 -14 18 -11 20 -12 20 -12 21 -11 20 -14 20 -13 18 -14 19 -11 20 -13 19 -13 18 -15 17 -14 21 -15 19 -13 20 -13 20 -14 21 -13 20 -13 20 -13 19 -14 19 -12 18 -13 0 0 0 0 0 0 0 0 0 0 ]
117,1782980326.252169,20.5602,-67,CSI_DATA,AP,98:F4:AB:29:67:94,-67,11,1,2,1,1,1,0,0,0,0,-96,0,6,1,42657174,0,84,0,0,43.0395,384,[84 -64 4 0 0 0 0 0 0 0 0 0 9 12 7 12 8 14 8 12 7 14 6 13 7 14 7 14 8 14 7 15 7 15 6 15 7 15 6 15 6 14 8 15 6 14 9 14 6 14 8 15 8 15 9 16 8 16 9 16 9 17 9 16 0 0 9 16 11 18 9 15 12 17 10 16 12 17 11 18 11 18 11 17 11 20 12 19 11 19 11 19 10 17 14 20 12 17 14 20 11 17 10 19 12 17 12 19 11 17 12 19 11 18 12 18 11 18 0 0 0 0 0 0 0 0 0 0 ]
118,1782980326.343470,18.9704,-69,CSI_DATA,AP,98:F4:AB:29:67:94,-69,11,1,4,1,1,1,0,0,0,0,-96,0,6,1,42745974,0,84,0,0,43.1283,384,[84 -64 4 0 0 0 0 0 0 0 0 0 3 -11 4 -12 4 -12 7 -13 6 -13 5 -11 6 -12 6 -11 7 -11 6 -12 7 -14 6 -13 8 -13 9 -13 7 -12 8 -13 7 -14 8 -12 8 -12 8 -13 9 -13 9 -14 9 -14 7 -14 8 -15 9 -15 0 0 8 -15 8 -15 9 -16 8 -16 9 -15 9 -16 10 -14 8 -16 10 -15 8 -16 8 -17 9 -15 9 -15 9 -16 9 -16 8 -17 9 -17 8 -16 9 -17 9 -17 9 -17 9 -15 9 -16 8 -16 8 -15 7 -16 0 0 0 0 0 0 0 0 0 0 ]
119,1782980326.444185,18.1549,-69,CSI_DATA,AP,98:F4:AB:29:67:94,-69,11,1,4,1,1,1,0,0,0,0,-96,0,6,1,42832915,0,84,0,0,43.2153,384,[84 -64 4 0 0 0 0 0 0 0 0 0 13 7 12 7 10 8 11 8 12 8 11 9 11 10 11 9 11 10 12 11 11 11 11 11 13 12 11 11 11 11 12 13 10 11 11 11 11 11 13 10 11 11 11 11 12 12 12 12 13 13 13 13 0 0 13 12 13 13 14 14 14 12 14 11 15 13 14 14 15 14 14 14 17 13 15 14 14 13 14 14 14 13 15 13 15 13 16 13 15 13 16 13 15 13 16 13 14 14 16 14 16 13 14 13 15 13 0 0 0 0 0 0 0 0 0 0 ]
120,1782980326.529491,17.1910,-67,CSI_DATA,AP,98:F4:AB:29:67:94,-67,11,1,2,1,1,1,0,0,0,0,-96,0,6,1,42922723,0,84,0,0,43.305,384,[84 -64 4 0 0 0 0 0 0 0 0 0 13 -2 12 -2 13 -2 13 -1 14 -2 12 -1 14 0 13 0 14 0 14 1 15 0 15 1 14 1 15 1 13 1 16 0 13 0 14 0 14 0 15 1 15 1 16 0 17 0 17 0 17 1 16 1 0 0 18 -1 19 -2 17 -1 19 -2 17 -1 18 0 19 1 19 0 19 -1 21 1 19 -1 19 0 19 -1 18 0 20 -2 18 -3 21 -2 18 -2 19 -2 19 -1 19 0 19 -1 20 0 20 -2 18 -2 17 -2 0 0 0 0 0 0 0 0 0 0 ]
121,1782980326.622331,15.4514,-69,CSI_DATA,AP,98:F4:AB:29:67:94,-69,11,1,4,1,1,1,0,0,0,0,-96,0,6,1,43013373,0,84,0,0,43.3956,384,[84 -64 4 0 0 0 0 0 0 0 0 0 -11 -6 -10 -6 -11 -6 -9 -6 -11 -6 -9 -7 -10 -7 -10 -7 -10 -8 -11 -7 -10 -9 -10 -8 -10 -8 -10 -9 -10 -8 -11 -8 -10 -7 -11 -7 -10 -7 -10 -9 -11 -8 -12 -8 -11 -9 -11 -9 -11 -10 -12 -9 0 0 -13 -9 -14 -9 -13 -8 -14 -9 -13 -9 -14 -10 -13 -10 -13 -10 -14 -10 -15 -10 -14 -9 -14 -9 -14 -10 -14 -10 -15 -10 -14 -9 -15 -10 -15 -9 -14 -10 -14 -9 -15 -10 -13 -10 -15 -10 -15 -9 -13 -9 -13 -8 0 0 0 0 0 0 0 0 0 0 ]
122,1782980326.714023,16.7541,-69,CSI_DATA,AP,98:F4:AB:29:67:94,-69,11,1,4,1,1,1,0,0,0,0,-96,0,6,1,43104380,0,84,0,0,43.4867,384,[84 -64 4 0 0 0 0 0 0 0 0 0 -12 6 -13 7 -14 6 -14 5 -15 6 -14 5 -14 5 -13 6 -15 4 -14 5 -15 5 -15 5 -16 5 -15 5 -14 5 -16 5 -15 4 -15 4 -16 5 -17 5 -18 5 -16 5 -17 5 -17 6 -18 5 -18 6 0 0 -18 5 -19 6 -19 6 -19 6 -19 7 -18 5 -21 5 -19 5 -20 6 -19 7 -20 8 -20 6 -19 6 -20 6 -20 6 -20 6 -22 6 -20 7 -20 6 -19 6 -20 5 -21 5 -20 6 -20 6 -20 6 -20 5 0 0 0 0 0 0 0 0 0 0 ]
123,1782980326.806337,16.3613,-69,CSI_DATA,AP,98:F4:AB:29:67:94,-69,11,1,4,1,1,1,0,0,0,0,-96,0,6,1,43192762,0,84,0,0,43.5751,384,[84 -64 4 0 0 0 0 0 0 0 0 0 -5 11 -5 11 -4 11 -5 12 -7 12 -7 11 -7 12 -6 11 -6 11 -7 12 -8 12 -8 12 -9 12 -8 12 -7 11 -8 11 -7 11 -7 12 -7 11 -7 13 -7 12 -7 13 -8 13 -8 13 -9 14 -8 14 0 0 -8 14 -9 15 -8 15 -8 16 -8 14 -9 16 -10 16 -9 16 -9 15 -9 16 -9 17 -10 15 -9 16 -9 15 -9 16 -7 17 -9 16 -8 16 -8 17 -9 15 -8 16 -9 16 -10 16 -9 16 -8 16 -7 15 0 0 0 0 0 0 0 0 0 0 ]
124,1782980326.898127,16.9601,-67,CSI_DATA,AP,98:F4:AB:29:67:94,-67,11,1,2,1,1,1,0,0,0,0,-96,0,6,1,43284488,0,84,0,0,43.6668,384,[84 -64 4 0 0 0 0 0 0 0 0 0 -11 -10 -10 -9 -10 -10 -10 -10 -11 -11 -8 -10 -10 -11 -9 -10 -10 -11 -10 -13 -11 -12 -10 -13 -10 -13 -10 -13 -9 -12 -11 -13 -11 -11 -11 -12 -10 -12 -10 -12 -11 -13 -11 -13 -11 -13 -12 -13 -11 -14 -11 -13 0 0 -12 -13 -14 -15 -13 -13 -14 -13 -12 -13 -13 -15 -13 -15 -13 -15 -13 -15 -15 -15 -15 -14 -13 -15 -13 -14 -13 -14 -15 -14 -15 -12 -16 -15 -14 -13 -15 -13 -15 -14 -14 -15 -15 -14 -15 -15 -15 -13 -14 -13 -14 -13 0 0 0 0 0 0 0 0 0 0 ]
125,1782980326.990339,16.6167,-69,CSI_DATA,AP,98:F4:AB:29:67:94,-69,11,1,4,1,1,1,0,0,0,0,-96,0,6,1,43373850,0,84,0,0,43.7562,384,[84 -64 4 0 0 0 0 0 0 0 0 0 10 3 10 3 12 4 10 5 12 5 10 5 11 5 11 6 11 5 12 7 13 6 11 5 13 7 12 6 11 6 12 7 12 6 12 6 11 5 12 6 12 7 13 7 12 7 13 8 14 8 14 8 0 0 14 8 15 8 14 8 14 8 13 7 14 7 15 9 15 9 15 8 15 8 15 8 15 9 15 9 15 9 16 9 15 7 16 9 14 7 16 8 16 8 16 8 17 8 16 9 16 8 15 8 15 7 0 0 0 0 0 0 0 0 0 0 ]
126,1782980327.081223,17.8220,-69,CSI_DATA,AP,98:F4:AB:29:67:94,-69,11,1,4,1,1,1,0,0,0,0,-96,0,6,1,43461673,0,84,0,0,43.844,384,[84 -64 4 0 0 0 0 0 0 0 0 0 11 7 11 7 11 7 11 8 11 8 10 7 10 8 10 9 11 9 11 10 10 10 11 11 11 12 11 11 11 10 12 11 11 10 13 10 12 10 12 11 13 12 13 11 13 13 13 12 13 12 13 13 0 0 13 12 14 13 14 13 15 12 13 12 13 14 13 15 13 14 13 13 15 13 15 13 13 15 14 13 13 14 14 13 15 13 15 14 14 13 15 14 15 13 15 13 15 14 14 14 15 13 14 13 14 13 0 0 0 0 0 0 0 0 0 0 ]
127,1782980327.172972,17.0172,-69,CSI_DATA,AP,98:F4:AB:29:67:94,-69,11,1,4,1,1,1,0,0,0,0,-96,0,6,1,43551551,0,84,0,0,43.9339,384,[84 -64 4 0 0 0 0 0 0 0 0 0 8 -10 7 -10 8 -10 7 -10 8 -11 7 -10 8 -10 9 -9 8 -11 9 -10 9 -10 10 -10 10 -9 10 -10 10 -10 10 -11 9 -10 9 -12 8 -10 10 -12 10 -12 10 -13 11 -12 10 -12 11 -12 11 -12 0 0 10 -13 11 -14 11 -13 11 -15 10 -12 12 -14 11 -14 12 -14 11 -15 12 -16 12 -14 11 -13 12 -13 10 -13 11 -15 11 -14 13 -16 11 -14 10 -15 10 -15 11 -16 10 -14 13 -16 11 -15 11 -15 10 -14 0 0 0 0 0 0 0 0 0 0 ]
128,1782980327.265297,16.9228,-69,CSI_DATA,AP,98:F4:AB:29:67:94,-69,11,1,4,1,1,1,0,0,0,0,-96,0,6,1,43643890,0,84,0,0,44.0262,384,[84 -64 4 0 0 0 0 0 0 0 0 0 -12 -2 -12 -2 -13 -2 -12 -2 -13 -2 -12 -3 -12 -3 -12 -4 -14 -4 -13 -4 -14 -4 -14 -4 -14 -4 -13 -5 -12 -5 -15 -4 -13 -3 -14 -4 -14 -3 -14 -5 -14 -5 -16 -4 -15 -5 -16 -5 -16 -6 -16 -5 0 0 -16 -6 -17 -5 -17 -5 -16 -5 -16 -5 -17 -7 -17 -6 -17 -6 -18 -6 -18 -6 -18 -6 -17 -6 -18 -6 -17 -6 -18 -5 -18 -5 -19 -6 -18 -5 -18 -6 -18 -5 -18 -6 -18 -6 -19 -7 -18 -6 -18 -5 -17 -5 0 0 0 0 0 0 0 0 0 0 ]
129,1782980327.354623,16.3687,-69,CSI_DATA,AP,98:F4:AB:29:67:94,-69,11,1,4,1,1,1,0,0,0,0,-96,0,6,1,43731484,0,84,0,0,44.1137,384,[84 -64 4 0 0 0 0 0 0 0 0 0 -5 10 -6 11 -5 10 -5 11 -5 10 -6 10 -6 10 -7 11 -6 11 -7 10 -9 12 -8 10 -7 11 -7 11 -8 11 -8 11 -8 12 -6 11 -8 11 -8 11 -8 14 -9 13 -8 13 -8 14 -9 13 -8 15 0 0 -8 14 -9 15 -9 16 -8 15 -8 14 -8 15 -10 15 -9 15 -9 15 -8 16 -8 16 -9 15 -9 16 -8 16 -8 16 -8 16 -7 16 -8 16 -8 15 -8 16 -8 17 -8 17 -8 16 -7 17 -8 15 -9 16 0 0 0 0 0 0 0 0 0 0 ]
130,1782980327.443293,17.9543,-69,CSI_DATA,AP,98:F4:AB:29:67:94,-69,11,1,4,1,1,1,0,0,0,0,-96,0,6,1,43823711,0,84,0,0,44.206,384,[84 -64 4 0 0 0 0 0 0 0 0 0 -11 8 -11 7 -13 8 -11 8 -12 7 -13 7 -13 7 -12 7 -13 7 -15 8 -14 8 -14 7 -15 7 -15 7 -13 6 -15 7 -15 7 -14 7 -15 7 -14 7 -16 9 -16 8 -16 7 -16 7 -18 8 -16 8 0 0 -18 9 -18 8 -18 9 -16 8 -17 8 -18 10 -20 8 -19 9 -19 8 -19 9 -19 10 -19 9 -18 9 -19 8 -18 9 -18 9 -19 9 -18 9 -19 10 -18 10 -19 9 -19 9 -19 10 -19 9 -18 8 -17 9 0 0 0 0 0 0 0 0 0 0 ]
131,1782980327.532301,16.6675,-69,CSI_DATA,AP,98:F4:AB:29:67:94,-69,11,1,4,1,1,1,0,0,0,0,-96,0,6,1,43913940,0,84,0,0,44.2963,384,[84 -64 4 0 0 0 0 0 0 0 0 0 12 1 11 3 13 2 12 2 13 2 11 2 12 2 11 3 12 2 13 3 13 3 12 3 13 4 13 3 12 3 13 3 12 2 13 3 14 3 14 2 14 3 15 3 15 3 15 3 15 4 15 4 0 0 16 4 17 3 16 3 17 2 17 4 17 3 17 3 16 4 17 4 17 3 18 3 17 4 17 4 17 4 17 3 18 2 18 3 17 2 18 2 18 2 19 3 18 2 18 3 18 2 18 3 17 3 0 0 0 0 0 0 0 0 0 0 ]
132,1782980327.620554,17.8709,-69,CSI_DATA,AP,98:F4:AB:29:67:94,-69,11,1,4,1,1,1,0,0,0,0,-96,0,6,1,44002333,0,84,0,0,44.3846,384,[84 -64 4 0 0 0 0 0 0 0 0 0 12 -5 13 -5 13 -5 13 -5 13 -4 13 -4 14 -4 14 -4 16 -4 15 -3 15 -4 15 -3 16 -3 16 -3 14 -4 17 -4 15 -4 16 -4 15 -3 16 -3 15 -4 17 -4 18 -4 17 -4 18 -3 18 -4 0 0 18 -4 19 -5 18 -5 19 -6 19 -4 19 -5 21 -4 20 -4 20 -4 20 -5 21 -5 19 -4 19 -4 19 -5 20 -6 20 -7 21 -6 19 -5 20 -5 19 -6 20 -5 19 -6 21 -4 20 -6 19 -4 18 -4 0 0 0 0 0 0 0 0 0 0 ]
133,1782980327.711051,17.9968,-67,CSI_DATA,AP,98:F4:AB:29:67:94,-67,11,1,2,1,1,1,0,0,0,0,-96,0,6,1,44096568,0,84,0,0,44.4789,384,[84 -64 4 0 0 0 0 0 0 0 0 0 -12 2 -12 2 -15 1 -14 1 -15 1 -14 1 -14 0 -14 -1 -14 1 -16 -1 -16 0 -16 -1 -16 -1 -16 -1 -14 -1 -18 0 -15 0 -16 1 -14 -1 -16 0 -17 -1 -18 1 -17 0 -17 0 -18 0 -18 0 0 0 -18 0 -21 1 -17 1 -20 2 -18 0 -19 1 -20 1 -20 0 -19 1 -21 1 -21 1 -19 1 -19 1 -19 1 -21 2 -19 2 -22 2 -18 2 -21 2 -20 2 -20 2 -20 2 -21 2 -21 2 -19 2 -19 2 0 0 0 0 0 0 0 0 0 0 ]
134,1782980327.800088,17.7992,-69,CSI_DATA,AP,98:F4:AB:29:67:94,-69,11,1,4,1,1,1,0,0,0,0,-96,0,6,1,44186549,0,84,0,0,44.5688,384,[84 -64 4 0 0 0 0 0 0 0 0 0 -9 -10 -8 -8 -9 -10 -9 -9 -9 -10 -8 -10 -7 -9 -8 -11 -8 -10 -9 -12 -9 -11 -9 -12 -9 -12 -9 -12 -8 -12 -8 -12 -8 -12 -9 -12 -8 -12 -9 -12 -9 -13 -9 -13 -9 -13 -10 -13 -10 -14 -9 -14 0 0 -10 -14 -11 -14 -10 -15 -11 -14 -10 -14 -10 -15 -11 -15 -10 -15 -10 -15 -12 -15 -11 -15 -11 -15 -12 -16 -11 -15 -11 -15 -12 -15 -13 -16 -12 -15 -12 -16 -12 -16 -11 -15 -12 -15 -12 -16 -11 -15 -11 -14 -11 -15 0 0 0 0 0 0 0 0 0 0 ]
135,1782980327.890056,17.7232,-69,CSI_DATA,AP,98:F4:AB:29:67:94,-69,11,1,4,1,1,1,0,0,0,0,-96,0,6,1,44273543,0,84,0,0,44.6558,384,[84 -64 4 0 0 0 0 0 0 0 0 0 -9 -8 -8 -8 -10 -9 -9 -9 -10 -10 -9 -10 -9 -10 -9 -10 -10 -10 -9 -10 -8 -12 -9 -12 -9 -12 -9 -11 -9 -11 -10 -12 -9 -10 -10 -11 -10 -11 -10 -11 -11 -12 -11 -12 -10 -13 -10 -14 -11 -14 -11 -13 0 0 -12 -13 -11 -14 -12 -14 -13 -14 -11 -13 -13 -14 -13 -14 -13 -14 -14 -14 -14 -13 -12 -15 -12 -15 -12 -15 -13 -14 -13 -14 -13 -13 -13 -16 -13 -14 -14 -14 -14 -14 -14 -15 -14 -14 -14 -15 -13 -14 -12 -14 -12 -14 0 0 0 0 0 0 0 0 0 0 ]
136,1782980327.979446,17.8825,-69,CSI_DATA,AP,98:F4:AB:29:67:94,-69,11,1,4,1,1,1,0,0,0,0,-96,0,6,1,44362727,0,84,0,0,44.745,384,[84 -64 4 0 0 0 0 0 0 0 0 0 8 8 8 7 8 8 7 8 8 9 7 9 8 9 7 9 8 9 7 10 8 11 7 12 7 11 7 11 7 10 8 12 8 11 8 10 8 9 8 11 8 10 10 12 8 12 9 12 9 12 10 12 0 0 10 13 10 13 10 12 11 12 10 12 10 13 11 14 12 13 11 13 11 14 11 14 10 14 11 14 10 13 12 13 12 12 12 15 13 12 12 13 12 13 12 14 12 13 11 13 11 13 11 13 10 12 0 0 0 0 0 0 0 0 0 0 ]
137,1782980328.067386,18.5275,-69,CSI_DATA,AP,98:F4:AB:29:67:94,-69,11,1,4,1,1,1,0,0,0,0,-96,0,6,1,44459505,0,84,0,0,44.8418,384,[84 -64 4 0 0 0 0 0 0 0 0 0 -5 -13 -3 -14 -4 -15 -4 -14 -4 -14 -3 -14 -3 -15 -3 -15 -3 -15 -1 -15 -3 -16 -4 -16 -2 -17 -2 -16 -2 -16 -2 -16 -3 -15 -3 -16 -4 -17 -3 -17 -3 -18 -4 -18 -3 -18 -3 -18 -3 -19 -3 -20 0 0 -3 -18 -4 -20 -4 -19 -5 -19 -4 -19 -4 -21 -4 -20 -4 -20 -5 -20 -4 -21 -4 -21 -3 -21 -3 -21 -3 -20 -5 -21 -5 -21 -6 -22 -5 -20 -5 -21 -5 -21 -5 -22 -6 -21 -3 -22 -6 -21 -4 -20 -5 -19 0 0 0 0 0 0 0 0 0 0 ]
138,1782980328.159029,17.8434,-69,CSI_DATA,AP,98:F4:AB:29:67:94,-69,11,1,4,1,1,1,0,0,0,0,-96,0,6,1,44541494,0,84,0,0,44.9237,384,[84 -64 4 0 0 0 0 0 0 0 0 0 -10 -5 -10 -7 -10 -8 -11 -8 -11 -8 -9 -7 -10 -8 -10 -8 -11 -8 -11 -9 -11 -9 -12 -9 -11 -10 -11 -10 -11 -10 -12 -10 -10 -9 -12 -9 -10 -9 -11 -10 -12 -10 -13 -10 -13 -10 -13 -11 -13 -11 -13 -10 0 0 -14 -10 -14 -11 -14 -11 -15 -10 -14 -9 -15 -11 -16 -11 -15 -11 -15 -12 -16 -12 -16 -12 -15 -13 -15 -12 -15 -11 -16 -11 -16 -10 -17 -12 -15 -10 -16 -11 -17 -10 -16 -10 -16 -10 -17 -12 -16 -12 -15 -11 -15 -10 0 0 0 0 0 0 0 0 0 0 ]
139,1782980328.247839,16.8275,-69,CSI_DATA,AP,98:F4:AB:29:67:94,-69,11,1,4,1,1,1,0,0,0,0,-96,0,6,1,44633181,0,84,0,0,45.0155,384,[84 -64 4 0 0 0 0 0 0 0 0 0 10 6 9 6 10 7 9 7 10 8 9 7 9 7 9 7 11 8 9 9 11 8 11 9 9 9 10 9 9 9 9 9 10 9 11 9 10 9 11 9 11 10 11 10 12 11 11 10 12 11 12 11 0 0 11 11 13 11 13 11 13 11 12 11 13 12 13 11 13 13 14 11 13 11 13 12 12 13 13 12 14 12 13 11 13 11 14 12 14 12 13 11 14 11 14 13 14 11 12 12 13 12 12 11 12 11 0 0 0 0 0 0 0 0 0 0 ]
140,1782980328.336234,16.4258,-69,CSI_DATA,AP,98:F4:AB:29:67:94,-69,11,1,4,1,1,1,0,0,0,0,-96,0,6,1,44723854,0,84,0,0,45.1061,384,[84 -64 4 0 0 0 0 0 0 0 0 0 -4 -13 -4 -11 -5 -12 -4 -12 -4 -13 -3 -12 -2 -13 -3 -13 -3 -13 -3 -15 -3 -15 -1 -15 -2 -16 -3 -15 -2 -14 -3 -15 -3 -14 -4 -15 -3 -14 -3 -16 -3 -16 -4 -16 -3 -16 -3 -17 -2 -16 -3 -17 0 0 -4 -17 -4 -17 -4 -16 -5 -17 -4 -16 -5 -17 -4 -19 -4 -18 -5 -19 -5 -20 -5 -20 -4 -18 -5 -18 -4 -17 -6 -18 -6 -16 -6 -20 -5 -17 -5 -17 -7 -17 -6 -18 -6 -17 -6 -19 -6 -18 -5 -16 -5 -16 0 0 0 0 0 0 0 0 0 0 ]
141,1782980328.426426,16.3327,-67,CSI_DATA,AP,98:F4:AB:29:67:94,-67,11,1,2,1,1,1,0,0,0,0,-96,0,6,1,44814180,0,84,0,0,45.1965,384,[84 -64 4 0 0 0 0 0 0 0 0 0 12 0 12 1 13 2 13 2 13 3 12 2 13 4 12 4 12 3 14 4 14 4 14 5 14 5 14 5 13 5 15 5 13 4 14 4 14 4 15 4 15 6 16 5 15 6 16 6 16 7 17 6 0 0 16 6 18 6 17 6 18 5 16 6 17 6 18 7 18 7 18 7 19 7 19 6 17 7 17 7 18 7 19 6 18 5 19 6 17 5 18 6 19 6 18 7 18 7 18 7 19 7 17 6 18 6 0 0 0 0 0 0 0 0 0 0 ]
142,1782980328.515829,17.3122,-69,CSI_DATA,AP,98:F4:AB:29:67:94,-69,11,1,4,1,1,1,0,0,0,0,-96,0,6,1,44904559,0,84,0,0,45.2869,384,[84 -64 4 0 0 0 0 0 0 0 0 0 13 -2 14 -2 14 -3 14 -2 15 -2 13 0 14 0 13 0 15 0 15 0 16 0 16 0 16 1 16 1 14 1 16 0 16 1 16 0 15 0 16 0 17 0 17 0 17 1 17 1 18 0 18 0 0 0 18 0 19 1 19 0 19 0 18 1 20 1 20 1 20 0 22 1 21 -1 22 0 19 1 18 0 18 0 20 0 19 0 20 1 19 0 21 -1 19 -1 20 0 20 0 20 1 19 0 19 -1 19 -1 0 0 0 0 0 0 0 0 0 0 ]
143,1782980328.603976,17.9677,-69,CSI_DATA,AP,98:F4:AB:29:67:94,-69,11,1,4,1,1,1,0,0,0,0,-96,0,6,1,44991496,0,84,0,0,45.3738,384,[84 -64 4 0 0 0 0 0 0 0 0 0 12 6 10 7 11 8 10 8 11 8 10 9 11 9 11 8 12 9 10 11 11 11 11 12 10 11 10 12 11 11 12 12 10 11 11 10 11 10 12 10 13 11 13 11 12 12 12 12 13 13 14 12 0 0 14 12 14 13 14 12 15 12 12 12 15 13 15 13 15 13 15 13 16 13 16 13 14 13 15 13 14 13 16 13 15 11 16 14 15 12 16 12 15 11 16 13 16 13 15 13 15 13 15 13 15 12 0 0 0 0 0 0 0 0 0 0 ]
144,1782980328.694945,17.6130,-69,CSI_DATA,AP,98:F4:AB:29:67:94,-69,11,1,4,1,1,1,0,0,0,0,-96,0,6,1,45083502,0,84,0,0,45.4658,384,[84 -64 4 0 0 0 0 0 0 0 0 0 12 6 11 8 13 7 11 7 12 7 11 7 11 9 11 9 13 8 12 9 13 9 12 9 13 9 11 10 11 10 13 10 12 10 11 9 10 10 13 9 14 11 14 11 13 11 15 10 13 11 14 11 0 0 13 10 16 12 15 12 16 10 13 11 16 12 15 12 15 12 16 12 17 13 17 11 16 12 15 12 15 12 16 11 16 10 17 13 16 10 17 13 17 12 17 12 16 12 16 12 17 11 15 12 15 11 0 0 0 0 0 0 0 0 0 0 ]
145,1782980328.783501,18.6525,-69,CSI_DATA,AP,98:F4:AB:29:67:94,-69,11,1,4,1,1,1,0,0,0,0,-96,0,6,1,45173749,0,84,0,0,45.5561,384,[84 -64 4 0 0 0 0 0 0 0 0 0 -3 -15 -2 -14 -3 -15 -2 -14 -1 -14 -1 -15 0 -15 -1 -15 0 -16 0 -17 -2 -17 1 -17 1 -17 0 -17 0 -16 0 -18 -1 -17 -2 -17 0 -17 0 -18 0 -18 -1 -19 0 -18 1 -19 0 -19 1 -19 0 0 0 -19 -1 -21 -1 -21 -1 -20 0 -20 0 -21 0 -22 0 -21 1 -21 -1 -21 0 -21 0 -21 0 -22 0 -20 -1 -21 -1 -21 0 -22 0 -21 -1 -21 -1 -21 0 -22 1 -23 0 -21 -1 -22 -1 -21 -1 -20 0 0 0 0 0 0 0 0 0 0 ]
146,1782980328.874423,19.6486,-69,CSI_DATA,AP,98:F4:AB:29:67:94,-69,11,1,4,1,1,1,0,0,0,0,-96,0,6,1,45261523,0,84,0,0,45.6437,384,[84 -64 4 0 0 0 0 0 0 0 0 0 -14 1 -14 -1 -15 -1 -15 -1 -15 -2 -15 -2 -15 -2 -15 -2 -15 -3 -15 -2 -17 -4 -18 -4 -17 -3 -16 -3 -16 -4 -17 -4 -16 -3 -16 -2 -17 -4 -15 -3 -18 -3 -19 -4 -19 -5 -18 -3 -19 -5 -19 -4 0 0 -19 -4 -19 -4 -19 -5 -19 -4 -17 -4 -21 -5 -20 -5 -21 -5 -20 -4 -21 -4 -22 -5 -20 -5 -21 -4 -20 -5 -21 -5 -20 -4 -22 -5 -20 -4 -21 -5 -21 -4 -20 -4 -21 -5 -21 -6 -21 -4 -20 -5 -20 -3 0 0 0 0 0 0 0 0 0 0 ]
147,1782980328.964195,17.8375,-69,CSI_DATA,AP,98:F4:AB:29:67:94,-69,11,1,4,1,1,1,0,0,0,0,-96,0,6,1,45351591,0,84,0,0,45.7339,384,[84 -64 4 0 0 0 0 0 0 0 0 0 -7 10 -8 10 -9 10 -8 9 -8 9 -8 8 -10 10 -10 9 -10 10 -11 10 -10 9 -12 9 -12 9 -12 10 -10 9 -11 10 -9 9 -10 11 -9 10 -10 11 -11 11 -11 11 -11 12 -10 10 -11 11 -11 11 0 0 -10 13 -10 14 -10 13 -10 14 -10 12 -9 13 -11 15 -12 15 -11 14 -12 15 -12 15 -12 14 -11 15 -10 15 -10 15 -9 15 -11 16 -9 14 -11 15 -10 15 -11 16 -10 15 -11 16 -10 15 -11 14 -10 14 0 0 0 0 0 0 0 0 0 0 ]
148,1782980329.054385,16.6407,-69,CSI_DATA,AP,98:F4:AB:29:67:94,-69,11,1,4,1,1,1,0,0,0,0,-96,0,6,1,45442252,0,84,0,0,45.8245,384,[84 -64 4 0 0 0 0 0 0 0 0 0 1 -12 1 -11 1 -13 2 -12 2 -13 2 -11 3 -13 3 -13 2 -13 3 -14 3 -15 4 -14 4 -15 3 -15 3 -13 5 -15 2 -14 3 -15 3 -14 4 -15 5 -15 3 -15 5 -16 5 -16 4 -16 5 -16 0 0 5 -16 5 -18 4 -17 3 -18 4 -16 5 -18 5 -18 5 -17 5 -18 5 -20 5 -18 5 -17 5 -17 5 -17 4 -19 3 -18 5 -20 4 -18 4 -18 4 -18 5 -18 5 -19 5 -19 5 -18 4 -17 4 -17 0 0 0 0 0 0 0 0 0 0 ]
149,1782980329.143914,15.9250,-69,CSI_DATA,AP,98:F4:AB:29:67:94,-69,11,1,4,1,1,1,0,0,0,0,-96,0,6,1,45532424,0,84,0,0,45.9147,384,[84 -64 4 0 0 0 0 0 0 0 0 0 -8 8 -9 8 -9 9 -9 9 -10 9 -9 8 -10 9 -11 8 -10 8 -11 8 -12 9 -11 8 -12 8 -12 8 -12 9 -11 9 -11 9 -10 9 -12 9 -11 8 -13 9 -12 10 -12 10 -13 10 -13 10 -13 11 0 0 -13 10 -13 12 -12 11 -13 12 -12 11 -14 11 -15 12 -14 12 -14 11 -14 12 -13 13 -13 11 -14 12 -13 12 -13 13 -12 13 -14 13 -13 13 -14 13 -14 14 -14 13 -14 14 -14 12 -12 13 -12 13 -12 13 0 0 0 0 0 0 0 0 0 0 ]
150,1782980329.231630,17.0558,-68,CSI_DATA,AP,98:F4:AB:29:67:94,-68,11,1,4,1,1,1,0,0,0,0,-96,0,6,1,45622207,0,84,0,0,46.0045,384,[84 -64 4 0 0 0 0 0 0 0 0 0 10 -9 12 -7 12 -9 12 -8 14 -9 12 -9 13 -7 13 -8 12 -8 14 -7 15 -8 16 -8 15 -6 16 -6 15 -5 14 -7 14 -8 14 -6 15 -8 15 -7 15 -7 15 -7 15 -7 16 -8 17 -8 16 -9 0 0 16 -7 17 -8 18 -8 17 -9 16 -7 17 -7 17 -8 18 -8 19 -7 18 -10 18 -9 17 -8 18 -8 18 -7 17 -10 17 -8 18 -9 18 -10 18 -9 17 -10 18 -10 19 -9 18 -10 18 -9 18 -9 17 -9 0 0 0 0 0 0 0 0 0 0 ]
151,1782980329.320749,16.5871,-69,CSI_DATA,AP,98:F4:AB:29:67:94,-69,11,1,4,1,1,1,0,0,0,0,-96,0,6,1,45713766,0,84,0,0,46.096,384,[84 -64 4 0 0 0 0 0 0 0 0 0 -12 -3 -12 -4 -13 -5 -13 -4 -13 -4 -12 -5 -13 -5 -12 -5 -13 -4 -14 -7 -12 -6 -14 -6 -13 -7 -13 -7 -12 -6 -13 -6 -13 -5 -14 -5 -13 -5 -14 -6 -14 -5 -15 -5 -15 -6 -15 -7 -15 -6 -15 -6 0 0 -16 -5 -16 -7 -15 -5 -17 -5 -16 -6 -17 -7 -18 -6 -17 -7 -18 -7 -18 -7 -18 -7 -17 -7 -18 -7 -17 -7 -19 -6 -17 -5 -19 -8 -18 -6 -18 -6 -18 -5 -18 -7 -18 -6 -19 -7 -18 -6 -17 -6 -17 -5 0 0 0 0 0 0 0 0 0 0 ]
152,1782980329.411657,16.3609,-69,CSI_DATA,AP,98:F4:AB:29:67:94,-69,11,1,4,1,1,1,0,0,0,0,-96,0,6,1,45808192,0,84,0,0,46.1906,384,[84 -64 4 0 0 0 0 0 0 0 0 0 -10 -8 -9 -9 -10 -8 -9 -8 -10 -9 -7 -10 -10 -9 -9 -9 -10 -10 -9 -11 -9 -11 -9 -11 -9 -11 -9 -11 -8 -11 -10 -11 -9 -10 -10 -11 -10 -10 -10 -11 -11 -11 -11 -12 -11 -12 -10 -13 -11 -12 -11 -12 0 0 -12 -12 -13 -12 -13 -11 -13 -12 -12 -11 -14 -12 -13 -13 -13 -14 -14 -12 -14 -13 -15 -13 -13 -13 -13 -13 -13 -12 -14 -13 -15 -11 -15 -14 -14 -12 -14 -12 -16 -12 -14 -13 -14 -13 -14 -14 -14 -13 -13 -13 -13 -13 0 0 0 0 0 0 0 0 0 0 ]
153,1782980329.502237,16.2574,-85,CSI_DATA,AP,2C:7B:A0:CD:AD:75,-85,11,0,0,0,0,0,0,0,0,0,-96,0,6,1,45836505,0,135,0,0,46.2296,128,[-121 112 8 0 0 0 0 0 0 0 0 0 21 -5 19 -11 16 -7 20 -13 20 -7 22 -5 17 -8 18 -4 18 -6 17 -3 18 -4 18 -5 23 -9 23 -7 24 -7 19 -13 23 -14 21 -12 23 -6 17 -2 18 -1 23 -1 11 -2 14 -3 12 -7 9 -11 0 0 9 -10 2 -8 0 -8 4 -6 2 -11 -1 -11 -9 -14 0 -19 0 -24 -3 -26 1 -24 4 -28 1 -25 5 -23 1 -20 9 -20 4 -14 1 -15 -1 -12 -3 -10 -5 -15 -4 -16 -2 -15 -5 -17 -7 -19 -3 -15 0 0 0 0 0 0 0 0 0 0 ]
154,1782980329.594563,16.3028,-69,CSI_DATA,AP,98:F4:AB:29:67:94,-69,11,1,4,1,1,1,0,0,0,0,-96,0,6,1,45892278,0,84,0,0,46.2746,384,[84 -64 4 0 0 0 0 0 0 0 0 0 -5 -12 -4 -11 -3 -12 -4 -11 -4 -12 -3 -12 -3 -13 -3 -13 -3 -14 -3 -13 -4 -14 -3 -15 -3 -15 -2 -15 -1 -14 -3 -15 -3 -15 -3 -13 -3 -14 -3 -15 -3 -15 -3 -17 -3 -16 -4 -16 -4 -16 -4 -17 0 0 -3 -17 -3 -17 -4 -17 -4 -17 -3 -16 -3 -18 -3 -18 -3 -18 -3 -20 -3 -19 -5 -19 -4 -19 -4 -18 -3 -19 -4 -19 -3 -19 -4 -18 -4 -18 -3 -19 -4 -18 -3 -20 -3 -20 -4 -18 -4 -19 -3 -18 -2 -18 0 0 0 0 0 0 0 0 0 0 ]
155,1782980329.684299,17.0371,-69,CSI_DATA,AP,98:F4:AB:29:67:94,-69,11,1,4,1,1,1,0,0,0,0,-96,0,6,1,45988198,0,84,0,0,46.3705,384,[84 -64 4 0 0 0 0 0 0 0 0 0 0 11 -1 11 0 12 -1 12 -1 12 0 12 -1 12 -1 13 -2 13 -2 13 -1 13 -1 13 -2 13 -2 13 -2 13 -3 14 -2 13 -2 12 -2 14 -3 14 -3 14 -3 14 -2 15 -2 15 -2 17 -2 15 0 0 -3 15 -3 17 -1 17 -2 16 -2 15 -3 16 -4 17 -4 17 -4 18 -3 19 -2 19 -2 17 -3 18 -2 17 -3 17 -2 17 -4 19 -2 18 -4 18 -4 18 -4 18 -4 18 -4 18 -2 18 -2 17 -3 17 0 0 0 0 0 0 0 0 0 0 ]
156,1782980329.773604,16.7574,-69,CSI_DATA,AP,98:F4:AB:29:67:94,-69,11,1,4,1,1,1,0,0,0,0,-96,0,6,1,46074510,0,84,0,0,46.4567,384,[84 -64 4 0 0 0 0 0 0 0 0 0 11 7 10 6 11 8 11 7 10 8 11 8 11 9 11 9 12 9 11 10 11 11 11 11 11 11 12 12 11 10 11 11 12 10 11 10 12 11 12 10 13 10 12 11 12 12 12 12 12 11 14 12 0 0 13 12 14 13 13 11 15 12 13 12 14 14 14 13 15 13 15 14 16 14 16 14 13 13 14 14 14 14 16 14 14 13 16 13 15 13 16 13 16 13 15 14 15 13 15 15 15 13 14 14 14 13 0 0 0 0 0 0 0 0 0 0 ]
157,1782980329.865117,16.1261,-69,CSI_DATA,AP,98:F4:AB:29:67:94,-69,11,1,4,1,1,1,0,0,0,0,-96,0,6,1,46162969,0,84,0,0,46.5453,384,[84 -64 4 0 0 0 0 0 0 0 0 0 12 -3 12 -3 14 -2 13 -1 14 -1 13 -1 14 -2 13 -1 14 -2 16 -1 15 0 15 0 16 1 16 1 14 0 17 -1 14 -1 16 0 16 -1 17 -1 17 -1 17 -1 17 0 17 0 18 1 18 0 0 0 18 0 19 -2 19 -1 20 -3 19 -1 20 -2 20 -2 21 -2 21 -2 22 -2 21 -1 20 1 20 -1 19 -1 21 -3 18 -2 22 -2 20 -2 20 -4 20 -3 21 -2 20 -3 21 -2 20 -1 20 -1 19 -2 0 0 0 0 0 0 0 0 0 0 ]
158,1782980329.955421,16.3464,-67,CSI_DATA,AP,98:F4:AB:29:67:94,-67,11,1,2,1,1,1,0,0,0,0,-96,0,6,1,46256126,0,84,0,0,46.6385,384,[84 -64 4 0 0 0 0 0 0 0 0 0 -3 14 -4 13 -3 15 -4 15 -5 15 -6 13 -5 14 -5 14 -5 15 -6 15 -7 16 -7 16 -7 16 -7 16 -8 15 -7 17 -6 15 -6 16 -6 15 -5 16 -7 17 -7 18 -7 17 -6 17 -7 18 -7 18 0 0 -8 18 -7 21 -7 20 -6 20 -7 18 -7 21 -8 21 -7 20 -6 21 -7 21 -6 22 -7 20 -6 22 -6 21 -6 21 -5 21 -6 23 -5 21 -6 22 -7 21 -6 21 -7 22 -7 22 -6 22 -7 21 -6 20 0 0 0 0 0 0 0 0 0 0 ]
159,1782980330.046094,16.8689,-63,CSI_DATA,AP,98:F4:AB:29:67:94,-63,11,0,0,0,0,0,0,0,0,0,-96,0,6,1,46345069,0,84,0,0,46.7275,128,[84 -64 4 0 0 0 0 0 0 0 0 0 -7 -19 -6 -19 -6 -20 -6 -22 -5 -21 -4 -20 -4 -20 -4 -20 -4 -21 -4 -20 -5 -22 -5 -23 -3 -23 -5 -23 -3 -22 -4 -23 -5 -22 -5 -20 -4 -21 -5 -22 -5 -22 -6 -24 -6 -21 -6 -24 -8 -26 -5 -26 0 0 -7 -26 -7 -27 -8 -27 -10 -26 -9 -24 -8 -27 -9 -27 -9 -26 -11 -29 -7 -28 -8 -31 -8 -28 -10 -29 -7 -30 -7 -29 -7 -32 -9 -30 -7 -27 -8 -30 -10 -28 -7 -30 -9 -31 -8 -29 -8 -30 -9 -29 -8 -28 0 0 0 0 0 0 0 0 0 0 ]
160,1782980330.135247,17.2958,-69,CSI_DATA,AP,98:F4:AB:29:67:94,-69,11,1,4,1,1,1,0,0,0,0,-96,0,6,1,46432477,0,84,0,0,46.8148,384,[84 -64 4 0 0 0 0 0 0 0 0 0 -12 1 -12 2 -13 2 -12 1 -13 1 -12 0 -13 0 -12 1 -14 0 -14 1 -14 -1 -15 -1 -15 0 -15 -2 -14 -1 -15 0 -14 -1 -15 1 -14 -1 -15 0 -15 0 -16 0 -16 0 -15 -1 -17 -1 -17 -1 0 0 -17 0 -18 1 -18 1 -18 2 -17 0 -18 0 -18 1 -19 1 -19 2 -19 2 -19 1 -18 0 -18 0 -18 0 -18 1 -19 2 -19 2 -18 1 -19 2 -19 3 -19 2 -19 2 -19 1 -19 1 -18 1 -18 2 0 0 0 0 0 0 0 0 0 0 ]
161,1782980330.225333,19.4868,-68,CSI_DATA,AP,98:F4:AB:29:67:94,-68,11,1,4,1,1,1,0,0,0,0,-96,0,6,1,46522665,0,84,0,0,46.905,384,[84 -64 4 0 0 0 0 0 0 0 0 0 5 13 5 14 5 14 4 14 5 17 4 15 4 14 5 15 3 15 2 17 4 17 3 16 3 18 2 18 4 18 4 18 5 16 5 17 4 17 4 18 3 20 4 18 3 20 5 19 3 21 4 20 0 0 5 19 6 22 5 21 7 22 5 21 5 22 5 23 6 21 7 22 6 24 8 22 4 21 5 22 5 20 6 22 7 21 9 24 7 21 5 20 9 21 5 23 7 23 5 22 7 22 6 21 6 19 0 0 0 0 0 0 0 0 0 0 ]
162,1782980330.320745,18.6597,-69,CSI_DATA,AP,98:F4:AB:29:67:94,-69,11,1,4,1,1,1,0,0,0,0,-96,0,6,1,46614171,0,84,0,0,46.9965,384,[84 -64 4 0 0 0 0 0 0 0 0 0 -10 -7 -10 -8 -11 -9 -10 -8 -9 -9 -11 -9 -10 -10 -9 -11 -10 -9 -10 -9 -11 -10 -10 -10 -10 -10 -11 -10 -9 -11 -11 -11 -10 -10 -9 -10 -11 -10 -10 -10 -11 -11 -11 -11 -10 -12 -11 -12 -12 -12 -12 -11 0 0 -12 -12 -13 -12 -13 -12 -13 -11 -13 -12 -13 -13 -13 -14 -14 -13 -13 -13 -14 -12 -15 -13 -14 -13 -13 -14 -13 -13 -14 -13 -15 -12 -15 -14 -14 -12 -13 -14 -14 -14 -14 -14 -14 -14 -14 -14 -15 -14 -13 -13 -13 -12 0 0 0 0 0 0 0 0 0 0 ]
163,1782980330.420663,17.7592,-69,CSI_DATA,AP,98:F4:AB:29:67:94,-69,11,1,4,1,1,1,0,0,0,0,-96,0,6,1,46701234,0,84,0,0,47.0835,384,[84 -64 4 0 0 0 0 0 0 0 0 0 12 3 11 3 11 4 10 4 11 5 11 6 11 6 11 6 11 6 12 6 13 6 10 7 11 7 10 8 11 7 9 11 12 7 11 6 9 12 13 9 11 8 12 8 12 8 12 8 14 9 13 8 0 0 14 8 14 8 14 9 14 8 13 8 14 7 15 10 15 8 16 9 14 8 16 8 14 8 15 10 14 9 14 10 16 8 15 9 15 8 15 8 15 8 15 9 15 9 15 9 16 9 15 9 15 9 0 0 0 0 0 0 0 0 0 0 ]
164,1782980330.520272,16.7261,-69,CSI_DATA,AP,98:F4:AB:29:67:94,-69,11,1,4,1,1,1,0,0,0,0,-96,0,6,1,46792142,0,84,0,0,47.1744,384,[84 -64 4 0 0 0 0 0 0 0 0 0 2 12 1 10 2 12 3 11 2 13 1 11 2 11 1 12 0 12 0 13 1 14 0 13 0 14 0 14 1 12 0 14 0 13 0 13 0 13 0 13 0 14 1 15 0 14 -1 15 -1 16 1 16 0 0 0 16 1 17 1 16 2 17 0 15 1 17 0 18 1 17 1 18 0 18 2 18 0 17 1 18 0 18 3 18 2 17 1 19 2 18 1 18 2 18 0 19 1 18 0 19 2 18 1 19 1 18 0 0 0 0 0 0 0 0 0 0 ]
165,1782980330.622191,17.1529,-69,CSI_DATA,AP,98:F4:AB:29:67:94,-69,11,1,4,1,1,1,0,0,0,0,-96,0,6,1,46884327,0,84,0,0,47.2666,384,[84 -64 4 0 0 0 0 0 0 0 0 0 4 14 3 11 3 13 2 14 3 13 1 13 1 13 1 13 2 13 1 16 1 16 1 15 1 15 1 15 2 13 2 15 1 14 3 15 3 14 1 15 2 16 3 17 2 17 2 17 1 18 3 17 0 0 2 17 4 18 4 16 5 19 3 18 4 18 4 19 4 19 3 19 3 21 4 20 2 19 3 20 4 19 6 20 5 19 5 21 5 18 5 21 4 19 4 21 4 20 4 21 3 20 3 20 4 18 0 0 0 0 0 0 0 0 0 0 ]
166,1782980330.718894,16.2118,-69,CSI_DATA,AP,98:F4:AB:29:67:94,-69,11,1,4,1,1,1,0,0,0,0,-96,0,6,1,46973429,0,84,0,0,47.3557,384,[84 -64 4 0 0 0 0 0 0 0 0 0 -8 -9 -6 -9 -8 -10 -7 -10 -7 -10 -6 -9 -6 -10 -6 -11 -7 -10 -7 -11 -7 -11 -6 -11 -7 -12 -7 -11 -7 -12 -8 -12 -7 -12 -7 -11 -7 -11 -7 -11 -8 -13 -7 -12 -7 -12 -8 -12 -8 -14 -8 -14 0 0 -9 -12 -9 -14 -9 -13 -9 -13 -8 -13 -9 -15 -8 -15 -9 -14 -9 -15 -10 -15 -10 -14 -9 -14 -9 -14 -9 -14 -10 -13 -10 -13 -10 -14 -10 -13 -9 -14 -10 -13 -9 -14 -9 -15 -9 -14 -10 -13 -9 -13 -9 -13 0 0 0 0 0 0 0 0 0 0 ]
167,1782980330.813206,15.3841,-69,CSI_DATA,AP,98:F4:AB:29:67:94,-69,11,1,4,1,1,1,0,0,0,0,-96,0,6,1,47061616,0,84,0,0,47.4439,384,[84 -64 4 0 0 0 0 0 0 0 0 0 -3 12 -3 10 -3 12 -3 12 -4 12 -4 12 -4 12 -3 12 -3 12 -4 12 -4 13 -4 13 -6 14 -6 13 -4 13 -6 13 -4 13 -5 13 -5 13 -4 14 -5 13 -4 16 -4 14 -5 14 -4 15 -6 16 0 0 -5 16 -5 16 -5 17 -4 16 -5 16 -5 18 -5 18 -4 16 -4 18 -4 17 -5 17 -6 17 -5 18 -4 17 -5 18 -4 18 -4 18 -3 17 -3 18 -3 17 -3 17 -5 17 -4 16 -3 18 -4 16 -3 17 0 0 0 0 0 0 0 0 0 0 ]
168,1782980330.905302,15.6786,-68,CSI_DATA,AP,98:F4:AB:29:67:94,-68,11,1,4,1,1,1,0,0,0,0,-96,0,6,1,47154094,0,84,0,0,47.5364,384,[84 -64 4 0 0 0 0 0 0 0 0 0 -9 9 -9 10 -8 12 -9 11 -11 11 -8 10 -9 10 -10 11 -11 11 -12 10 -12 11 -12 10 -13 9 -14 11 -13 11 -13 11 -12 11 -13 11 -13 11 -12 11 -12 13 -15 12 -14 12 -14 13 -15 13 -15 13 0 0 -15 13 -15 13 -14 14 -14 14 -14 13 -15 14 -15 15 -15 14 -15 14 -16 14 -15 14 -16 13 -15 13 -16 14 -14 15 -14 14 -17 15 -14 15 -12 15 -15 14 -15 15 -15 15 -17 14 -15 15 -14 13 -14 13 0 0 0 0 0 0 0 0 0 0 ]
169,1782980330.999330,16.8568,-69,CSI_DATA,AP,98:F4:AB:29:67:94,-69,11,1,4,1,1,1,0,0,0,0,-96,0,6,1,47247331,0,84,0,0,47.6296,384,[84 -64 4 0 0 0 0 0 0 0 0 0 -11 9 -11 8 -13 10 -12 9 -13 9 -12 8 -12 8 -14 7 -14 8 -15 8 -15 7 -15 7 -15 7 -15 7 -14 6 -15 8 -14 8 -15 8 -13 9 -14 8 -15 9 -14 9 -17 9 -16 8 -16 8 -16 9 0 0 -16 10 -17 10 -15 10 -16 11 -15 10 -16 11 -16 10 -17 12 -16 11 -18 11 -16 13 -17 11 -17 12 -16 10 -16 12 -15 13 -17 14 -15 12 -16 13 -16 14 -16 13 -16 13 -17 13 -17 13 -16 11 -15 12 0 0 0 0 0 0 0 0 0 0 ]
170,1782980331.095328,18.2189,-69,CSI_DATA,AP,98:F4:AB:29:67:94,-69,11,1,4,1,1,1,0,0,0,0,-96,0,6,1,47333630,0,84,0,0,47.7159,384,[84 -64 4 0 0 0 0 0 0 0 0 0 9 -10 10 -10 11 -11 12 -9 12 -10 10 -10 13 -9 12 -8 11 -9 13 -8 13 -10 14 -10 14 -10 14 -9 12 -8 14 -11 13 -9 13 -9 14 -9 13 -11 14 -9 14 -11 14 -8 15 -12 15 -11 16 -12 0 0 15 -12 16 -12 16 -13 14 -12 15 -12 16 -14 16 -13 16 -13 17 -13 17 -14 15 -15 16 -13 15 -13 15 -12 14 -13 15 -16 16 -15 15 -15 16 -14 15 -14 16 -14 15 -14 16 -14 15 -16 15 -15 14 -13 0 0 0 0 0 0 0 0 0 0 ]
171,1782980331.186674,18.5258,-69,CSI_DATA,AP,98:F4:AB:29:67:94,-69,11,1,4,1,1,1,0,0,0,0,-96,0,6,1,47426675,0,84,0,0,47.809,384,[84 -64 4 0 0 0 0 0 0 0 0 0 8 -10 7 -9 9 -10 9 -10 9 -10 8 -9 9 -9 9 -9 10 -10 11 -10 10 -9 11 -10 12 -9 12 -9 11 -8 12 -10 10 -9 11 -9 11 -8 11 -10 12 -10 12 -11 12 -10 13 -10 14 -10 13 -11 0 0 13 -10 14 -12 13 -10 13 -11 12 -10 13 -11 13 -11 14 -12 15 -12 14 -12 14 -12 14 -11 15 -11 14 -11 15 -12 13 -12 15 -12 13 -12 14 -12 14 -13 14 -12 14 -12 15 -12 14 -12 14 -10 14 -11 0 0 0 0 0 0 0 0 0 0 ]
172,1782980331.280505,17.9247,-69,CSI_DATA,AP,98:F4:AB:29:67:94,-69,11,1,4,1,1,1,0,0,0,0,-96,0,6,1,47511710,0,84,0,0,47.8939,384,[84 -64 4 0 0 0 0 0 0 0 0 0 6 12 5 11 6 13 5 13 6 14 4 13 5 14 4 13 5 15 4 14 4 16 4 16 3 16 4 15 3 15 3 16 4 15 5 16 4 14 6 15 5 15 6 16 5 16 5 15 4 17 5 17 0 0 6 16 7 18 7 16 8 17 7 17 8 19 7 19 7 18 8 19 8 20 8 19 6 18 7 19 7 19 8 19 9 18 9 20 8 18 8 18 9 18 9 19 9 18 8 19 8 19 8 18 7 16 0 0 0 0 0 0 0 0 0 0 ]
173,1782980331.373489,18.3218,-69,CSI_DATA,AP,98:F4:AB:29:67:94,-69,11,1,4,1,1,1,0,0,0,0,-96,0,6,1,47603497,0,84,0,0,47.9858,384,[84 -64 4 0 0 0 0 0 0 0 0 0 13 -6 13 -5 14 -5 12 -5 14 -5 13 -4 14 -4 15 -4 15 -4 16 -3 16 -4 15 -3 16 -4 15 -3 14 -3 16 -4 14 -3 15 -4 15 -4 15 -3 15 -3 15 -5 16 -4 17 -4 18 -4 17 -4 0 0 18 -5 18 -6 17 -6 17 -7 17 -6 20 -6 19 -6 18 -6 20 -6 22 -6 19 -7 18 -6 19 -5 20 -6 20 -8 18 -8 21 -7 19 -7 19 -8 19 -7 20 -7 19 -7 20 -7 20 -7 18 -6 18 -6 0 0 0 0 0 0 0 0 0 0 ]
174,1782980331.466274,18.5259,-69,CSI_DATA,AP,98:F4:AB:29:67:94,-69,11,1,4,1,1,1,0,0,0,0,-96,0,6,1,47693319,0,84,0,0,48.0756,384,[84 -64 4 0 0 0 0 0 0 0 0 0 -15 1 -15 0 -16 0 -17 0 -16 -1 -15 -2 -14 -2 -17 -3 -16 -3 -16 -3 -17 -2 -17 -2 -18 -3 -17 -3 -17 -5 -18 -4 -17 -3 -16 -3 -16 -4 -17 -3 -17 -3 -17 -3 -17 -4 -18 -3 -18 -4 -18 -3 0 0 -18 -4 -20 -3 -20 -3 -20 -3 -19 -4 -19 -4 -19 -4 -22 -4 -20 -4 -22 -3 -22 -3 -19 -5 -20 -3 -21 -3 -21 -3 -20 -2 -21 -3 -20 -3 -21 -4 -21 -2 -21 -2 -21 -4 -20 -4 -21 -2 -20 -3 -20 -3 0 0 0 0 0 0 0 0 0 0 ]
175,1782980331.557731,17.9075,-67,CSI_DATA,AP,98:F4:AB:29:67:94,-67,11,1,2,1,1,1,0,0,0,0,-96,0,6,1,47786753,0,84,0,0,48.1691,384,[84 -64 4 0 0 0 0 0 0 0 0 0 9 7 8 7 9 8 9 8 9 10 7 8 9 9 8 9 9 9 8 10 8 10 9 11 9 11 9 11 9 10 10 11 9 10 9 11 9 10 10 11 10 11 11 12 11 12 10 13 11 13 11 12 0 0 12 13 12 14 12 14 12 13 11 12 13 14 13 14 12 14 13 14 14 14 13 13 13 13 13 15 13 13 14 14 13 14 14 14 13 12 14 14 14 13 14 14 14 13 14 15 14 14 13 13 13 13 0 0 0 0 0 0 0 0 0 0 ]
176,1782980331.650048,18.7573,-69,CSI_DATA,AP,98:F4:AB:29:67:94,-69,11,1,4,1,1,1,0,0,0,0,-96,0,6,1,47875763,0,84,0,0,48.2581,384,[84 -64 4 0 0 0 0 0 0 0 0 0 -15 2 -14 3 -17 3 -15 3 -16 3 -15 2 -15 1 -15 1 -17 2 -18 2 -17 1 -18 1 -18 -1 -17 0 -16 -1 -19 0 -16 0 -17 2 -17 0 -17 1 -18 0 -19 1 -20 1 -18 1 -20 0 -19 0 0 0 -19 0 -21 1 -20 2 -21 2 -19 0 -20 2 -21 1 -21 2 -21 2 -22 1 -22 2 -21 1 -20 2 -20 1 -22 3 -20 3 -22 3 -19 3 -22 3 -21 4 -21 3 -21 3 -21 2 -21 2 -20 2 -19 2 0 0 0 0 0 0 0 0 0 0 ]
177,1782980331.742333,19.3089,-69,CSI_DATA,AP,98:F4:AB:29:67:94,-69,11,1,4,1,1,1,0,0,0,0,-96,0,6,1,47963852,0,84,0,0,48.3462,384,[84 -64 4 0 0 0 0 0 0 0 0 0 10 12 8 11 10 13 10 12 8 13 8 12 9 13 7 14 9 15 9 15 8 16 8 15 7 16 8 15 7 15 8 16 8 15 9 15 7 14 8 15 7 16 10 16 9 18 9 18 8 18 9 17 0 0 8 17 9 19 8 18 10 18 10 17 11 20 10 20 10 20 10 20 11 22 11 20 9 20 10 19 9 19 11 20 11 18 12 21 10 18 12 20 12 19 11 21 10 20 9 21 10 21 9 19 10 18 0 0 0 0 0 0 0 0 0 0 ]
178,1782980331.833013,18.2927,-69,CSI_DATA,AP,98:F4:AB:29:67:94,-69,11,1,4,1,1,1,0,0,0,0,-96,0,6,1,48055119,0,84,0,0,48.4375,384,[84 -64 4 0 0 0 0 0 0 0 0 0 -12 2 -12 2 -13 1 -14 2 -12 1 -13 0 -13 0 -14 1 -13 1 -15 1 -14 -1 -13 1 -14 0 -15 0 -15 0 -15 0 -15 0 -13 0 -15 1 -15 0 -16 1 -16 0 -16 1 -16 0 -17 0 -17 0 0 0 -17 0 -17 0 -18 1 -17 1 -17 1 -18 0 -19 0 -19 -1 -19 1 -18 1 -19 1 -18 1 -19 1 -19 1 -18 1 -19 1 -19 1 -19 1 -19 1 -19 1 -18 1 -19 0 -19 0 -19 1 -18 1 -18 1 0 0 0 0 0 0 0 0 0 0 ]
179,1782980331.925674,18.6712,-69,CSI_DATA,AP,98:F4:AB:29:67:94,-69,11,1,4,1,1,1,0,0,0,0,-96,0,6,1,48144599,0,84,0,0,48.5269,384,[84 -64 4 0 0 0 0 0 0 0 0 0 13 5 13 5 12 7 13 5 13 7 12 6 13 8 12 7 12 7 13 8 13 9 13 8 13 8 12 9 11 8 13 10 12 9 14 8 14 7 13 7 15 9 15 8 15 9 14 10 16 10 16 10 0 0 15 9 16 10 17 9 17 8 16 10 18 9 18 9 17 10 18 10 19 10 19 9 17 10 17 10 17 10 18 10 17 8 20 10 17 10 18 9 19 8 18 10 19 9 17 11 16 9 16 9 16 9 0 0 0 0 0 0 0 0 0 0 ]
180,1782980332.016320,17.9802,-69,CSI_DATA,AP,98:F4:AB:29:67:94,-69,11,1,4,1,1,1,0,0,0,0,-96,0,6,1,48231747,0,84,0,0,48.6139,384,[84 -64 4 0 0 0 0 0 0 0 0 0 -10 8 -9 8 -11 7 -11 8 -10 8 -10 7 -11 8 -12 6 -12 7 -13 6 -12 7 -14 7 -14 7 -14 7 -13 6 -13 7 -12 7 -12 7 -12 7 -14 7 -13 7 -14 8 -14 8 -16 7 -16 7 -16 8 0 0 -16 8 -15 8 -14 8 -15 8 -14 7 -16 8 -16 8 -16 9 -16 9 -17 8 -16 8 -17 7 -16 8 -16 7 -16 10 -14 9 -17 9 -16 9 -16 9 -16 9 -17 8 -16 9 -16 8 -17 9 -16 8 -15 8 0 0 0 0 0 0 0 0 0 0 ]
181,1782980332.110484,18.3438,-69,CSI_DATA,AP,98:F4:AB:29:67:94,-69,11,1,4,1,1,1,0,0,0,0,-96,0,6,1,48323432,0,84,0,0,48.7058,384,[84 -64 4 0 0 0 0 0 0 0 0 0 -14 -4 -13 -4 -15 -5 -14 -5 -14 -7 -14 -5 -14 -6 -13 -8 -14 -6 -15 -8 -15 -7 -15 -8 -15 -8 -16 -8 -15 -7 -16 -8 -15 -7 -16 -9 -15 -8 -15 -9 -16 -8 -17 -9 -17 -9 -16 -10 -17 -9 -17 -10 0 0 -18 -10 -19 -10 -16 -10 -20 -8 -16 -9 -18 -11 -19 -9 -18 -10 -18 -10 -21 -10 -19 -10 -18 -11 -19 -9 -17 -9 -19 -9 -17 -8 -21 -9 -19 -9 -19 -9 -19 -8 -19 -8 -19 -9 -19 -10 -19 -10 -18 -9 -17 -8 0 0 0 0 0 0 0 0 0 0 ]
182,1782980332.204185,18.4841,-69,CSI_DATA,AP,98:F4:AB:29:67:94,-69,11,1,4,1,1,1,0,0,0,0,-96,0,6,1,48411653,0,84,0,0,48.7939,384,[84 -64 4 0 0 0 0 0 0 0 0 0 13 1 13 1 13 1 14 2 13 3 13 2 13 4 14 3 14 3 14 3 16 2 15 3 15 3 16 4 14 3 15 5 14 3 16 2 17 3 16 2 17 5 17 4 16 4 18 4 18 5 19 4 0 0 18 4 19 4 19 3 19 3 19 4 20 4 20 5 20 4 20 4 20 3 20 2 20 4 20 4 20 4 20 3 20 3 21 3 20 2 20 3 20 4 19 4 20 4 20 2 20 3 19 2 19 2 0 0 0 0 0 0 0 0 0 0 ]
183,1782980332.295496,19.3810,-69,CSI_DATA,AP,98:F4:AB:29:67:94,-69,11,1,4,1,1,1,0,0,0,0,-96,0,6,1,48502555,0,84,0,0,48.8849,384,[84 -64 4 0 0 0 0 0 0 0 0 0 -13 -2 -14 -3 -15 -3 -13 -3 -14 -3 -14 -4 -15 -3 -14 -4 -15 -4 -15 -5 -16 -5 -16 -5 -16 -4 -15 -5 -15 -5 -16 -5 -16 -4 -16 -4 -17 -4 -17 -4 -17 -5 -18 -5 -18 -5 -18 -6 -19 -6 -18 -5 0 0 -18 -5 -19 -4 -20 -5 -20 -5 -19 -6 -19 -5 -20 -6 -20 -7 -20 -5 -21 -6 -21 -6 -19 -5 -19 -5 -19 -5 -20 -4 -20 -4 -22 -4 -21 -4 -20 -4 -22 -4 -20 -5 -21 -4 -21 -5 -21 -4 -20 -3 -19 -4 0 0 0 0 0 0 0 0 0 0 ]
184,1782980332.387767,19.9861,-69,CSI_DATA,AP,98:F4:AB:29:67:94,-69,11,1,4,1,1,1,0,0,0,0,-96,0,6,1,48592036,0,84,0,0,48.9743,384,[84 -64 4 0 0 0 0 0 0 0 0 0 -11 9 -11 9 -13 9 -11 9 -12 9 -12 8 -13 8 -13 8 -12 8 -14 7 -14 7 -14 8 -16 7 -16 7 -13 7 -15 8 -14 8 -15 8 -14 8 -14 8 -15 9 -16 9 -17 8 -15 9 -18 9 -15 9 0 0 -16 9 -18 12 -17 11 -16 12 -16 9 -17 10 -18 11 -17 11 -17 11 -19 10 -17 11 -18 10 -18 11 -16 10 -16 12 -16 12 -17 13 -17 11 -17 12 -16 13 -16 12 -16 12 -18 12 -17 11 -17 10 -15 11 0 0 0 0 0 0 0 0 0 0 ]
185,1782980332.481042,19.8014,-69,CSI_DATA,AP,98:F4:AB:29:67:94,-69,11,1,4,1,1,1,0,0,0,0,-96,0,6,1,48685243,0,84,0,0,49.0675,384,[84 -64 4 0 0 0 0 0 0 0 0 0 -14 -8 -12 -8 -14 -10 -14 -9 -14 -11 -14 -9 -13 -10 -14 -11 -15 -10 -14 -12 -15 -11 -14 -12 -15 -13 -14 -12 -14 -12 -15 -12 -15 -11 -15 -12 -14 -12 -15 -11 -15 -13 -17 -12 -15 -14 -16 -14 -17 -15 -17 -15 0 0 -18 -14 -18 -14 -17 -14 -18 -12 -16 -14 -18 -14 -19 -15 -18 -16 -18 -14 -20 -16 -20 -14 -18 -15 -19 -14 -18 -14 -20 -13 -20 -13 -21 -15 -20 -13 -19 -14 -20 -14 -20 -14 -20 -15 -20 -14 -20 -14 -17 -13 -18 -13 0 0 0 0 0 0 0 0 0 0 ]
186,1782980332.573273,19.7072,-68,CSI_DATA,AP,98:F4:AB:29:67:94,-68,11,1,4,1,1,1,0,0,0,0,-96,0,6,1,48771626,0,84,0,0,49.1539,384,[84 -64 4 0 0 0 0 0 0 0 0 0 10 -8 10 -9 12 -9 12 -8 13 -8 12 -8 13 -8 13 -8 13 -9 14 -8 15 -7 14 -8 15 -8 15 -6 14 -6 15 -7 15 -7 15 -7 15 -8 14 -8 16 -8 16 -8 16 -8 16 -8 17 -8 17 -9 0 0 18 -8 17 -8 18 -8 17 -9 17 -8 18 -8 20 -8 19 -8 19 -8 19 -10 19 -9 18 -9 18 -8 19 -9 19 -9 19 -9 19 -9 18 -10 19 -9 17 -9 19 -9 17 -8 19 -9 17 -9 18 -8 17 -8 0 0 0 0 0 0 0 0 0 0 ]
187,1782980332.665817,18.9091,-68,CSI_DATA,AP,98:F4:AB:29:67:94,-68,11,1,4,1,1,1,0,0,0,0,-96,0,6,1,48861566,0,84,0,0,49.2439,384,[84 -64 4 0 0 0 0 0 0 0 0 0 -7 -9 -6 -10 -7 -10 -7 -11 -7 -12 -5 -12 -6 -11 -6 -11 -7 -13 -7 -12 -6 -13 -6 -14 -6 -13 -6 -14 -6 -14 -7 -14 -6 -14 -7 -13 -7 -13 -7 -14 -7 -16 -7 -16 -8 -15 -6 -15 -7 -17 -7 -16 0 0 -8 -17 -8 -18 -8 -17 -8 -16 -7 -17 -9 -17 -8 -18 -9 -18 -8 -18 -8 -17 -8 -19 -7 -17 -8 -19 -8 -19 -10 -18 -9 -18 -9 -18 -9 -18 -9 -17 -9 -17 -8 -18 -9 -18 -8 -17 -8 -17 -8 -17 -8 -16 0 0 0 0 0 0 0 0 0 0 ]
188,1782980332.757744,18.2626,-69,CSI_DATA,AP,98:F4:AB:29:67:94,-69,11,1,4,1,1,1,0,0,0,0,-96,0,6,1,48964584,0,84,0,0,49.3469,384,[84 -64 4 0 0 0 0 0 0 0 0 0 11 6 11 6 12 7 11 7 11 8 11 6 11 7 10 8 12 8 13 8 13 7 12 9 11 10 12 10 12 9 14 10 12 8 12 8 13 8 13 8 13 8 14 8 14 10 14 9 15 11 15 10 0 0 15 10 16 10 15 10 16 9 14 9 16 10 15 11 17 9 16 9 17 11 17 10 16 11 16 11 17 10 17 10 17 10 19 11 17 9 18 8 17 10 17 11 17 9 18 11 17 10 16 10 15 10 0 0 0 0 0 0 0 0 0 0 ]
189,1782980332.849437,16.6310,-69,CSI_DATA,AP,98:F4:AB:29:67:94,-69,11,1,4,1,1,1,0,0,0,0,-96,0,6,1,49042124,0,84,0,0,49.4243,384,[84 -64 4 0 0 0 0 0 0 0 0 0 -3 12 -3 11 -3 12 -3 12 -5 12 -5 11 -4 11 -3 12 -4 13 -5 12 -5 13 -5 13 -6 12 -6 13 -5 12 -5 13 -6 13 -5 13 -4 13 -4 13 -5 14 -5 15 -4 14 -6 15 -5 15 -6 16 0 0 -5 15 -6 17 -5 16 -4 17 -6 14 -6 16 -7 17 -7 16 -6 17 -6 18 -6 18 -6 17 -5 18 -6 17 -5 17 -4 16 -5 18 -5 17 -5 17 -4 17 -5 18 -4 17 -5 18 -4 17 -5 16 -4 16 0 0 0 0 0 0 0 0 0 0 ]
190,1782980332.942410,15.7484,-69,CSI_DATA,AP,98:F4:AB:29:67:94,-69,11,1,4,1,1,1,0,0,0,0,-96,0,6,1,49133896,0,84,0,0,49.5162,384,[84 -64 4 0 0 0 0 0 0 0 0 0 7 7 9 7 8 7 8 8 8 7 7 7 8 7 7 9 8 9 8 9 9 9 10 10 9 10 8 10 8 10 10 11 9 11 10 9 8 10 10 9 10 12 10 11 10 12 9 12 10 13 10 14 0 0 10 13 12 14 11 13 12 14 9 12 11 13 11 14 12 15 12 15 13 14 12 14 11 14 11 14 11 15 12 14 12 13 12 14 11 13 11 14 12 14 12 14 10 14 11 13 12 13 10 13 12 13 0 0 0 0 0 0 0 0 0 0 ]
191,1782980333.034009,18.6065,-69,CSI_DATA,AP,98:F4:AB:29:67:94,-69,11,1,4,1,1,1,0,0,0,0,-96,0,6,1,49224761,0,84,0,0,49.6071,384,[84 -64 4 0 0 0 0 0 0 0 0 0 -12 9 -12 9 -12 9 -13 9 -12 10 -13 8 -15 9 -14 10 -14 8 -16 9 -15 9 -16 9 -15 9 -15 9 -15 7 -17 9 -15 9 -15 9 -14 10 -15 11 -16 10 -17 12 -17 10 -18 11 -19 10 -18 11 0 0 -18 11 -20 11 -18 12 -18 13 -18 10 -18 12 -20 11 -20 12 -20 12 -20 13 -20 13 -20 12 -20 12 -20 12 -20 13 -19 13 -21 13 -20 12 -21 12 -20 14 -20 12 -22 13 -20 13 -20 14 -20 11 -19 12 0 0 0 0 0 0 0 0 0 0 ]
192,1782980333.128891,18.0109,-69,CSI_DATA,AP,98:F4:AB:29:67:94,-69,11,1,4,1,1,1,0,0,0,0,-96,0,6,1,49313757,0,84,0,0,49.6961,384,[84 -64 4 0 0 0 0 0 0 0 0 0 -1 -13 -1 -11 0 -13 0 -13 0 -13 1 -12 1 -13 0 -13 0 -14 1 -14 1 -14 1 -14 2 -14 1 -15 1 -13 1 -15 1 -14 0 -15 1 -14 1 -16 1 -15 0 -16 1 -17 2 -17 2 -17 2 -17 0 0 1 -16 1 -18 0 -17 1 -18 1 -16 2 -19 1 -18 2 -19 1 -18 1 -19 1 -18 2 -17 2 -18 2 -17 0 -19 0 -18 2 -19 1 -16 1 -17 0 -18 1 -17 1 -18 1 -19 1 -19 2 -18 0 -17 0 0 0 0 0 0 0 0 0 0 ]
193,1782980333.223052,17.2472,-68,CSI_DATA,AP,98:F4:AB:29:67:94,-68,11,1,4,1,1,1,0,0,0,0,-96,0,6,1,49401554,0,84,0,0,49.7839,384,[84 -64 4 0 0 0 0 0 0 0 0 0 3 11 3 11 2 11 2 10 2 11 1 11 1 11 2 11 2 12 1 13 1 13 0 13 1 13 1 14 2 13 2 14 1 14 2 14 2 14 2 14 2 15 2 16 1 16 1 16 2 16 2 17 0 0 2 17 3 18 2 16 2 16 1 17 1 18 1 19 0 18 1 18 0 19 2 19 1 18 1 18 1 18 2 19 2 18 2 19 2 18 3 18 2 18 1 18 1 18 1 18 2 18 1 18 2 17 0 0 0 0 0 0 0 0 0 0 ]
194,1782980333.316645,17.1889,-68,CSI_DATA,AP,98:F4:AB:29:67:94,-68,11,1,4,1,1,1,0,0,0,0,-96,0,6,1,49492790,0,84,0,0,49.8751,384,[84 -64 4 0 0 0 0 0 0 0 0 0 5 12 4 13 5 11 5 12 6 13 5 12 5 13 6 12 6 13 5 12 6 12 5 14 7 15 4 14 5 14 6 15 5 13 5 13 7 15 6 13 6 14 7 16 6 16 7 15 6 16 7 16 0 0 9 16 8 19 8 17 8 17 7 16 8 17 8 18 7 18 7 18 8 19 9 18 8 18 9 18 7 19 9 18 10 17 9 19 8 18 9 18 9 17 9 18 9 19 9 17 10 18 8 16 9 17 0 0 0 0 0 0 0 0 0 0 ]
195,1782980333.406185,16.5807,-69,CSI_DATA,AP,98:F4:AB:29:67:94,-69,11,1,4,1,1,1,0,0,0,0,-96,0,6,1,49581507,0,84,0,0,49.9638,384,[84 -64 4 0 0 0 0 0 0 0 0 0 -5 10 -6 11 -6 11 -5 11 -6 10 -7 9 -6 11 -6 10 -7 11 -7 11 -8 11 -8 11 -8 11 -9 11 -9 10 -9 12 -8 10 -8 11 -9 11 -8 11 -9 12 -9 13 -9 12 -10 12 -11 12 -10 13 0 0 -11 13 -10 14 -11 12 -10 15 -10 12 -10 14 -11 13 -11 14 -12 14 -12 15 -12 14 -12 14 -12 14 -11 14 -11 14 -10 14 -12 14 -10 14 -11 14 -11 15 -11 15 -11 15 -11 14 -11 15 -11 14 -11 14 0 0 0 0 0 0 0 0 0 0 ]
196,1782980333.498288,17.0381,-69,CSI_DATA,AP,98:F4:AB:29:67:94,-69,11,1,4,1,1,1,0,0,0,0,-96,0,6,1,49671731,0,84,0,0,50.0539,384,[84 -64 4 0 0 0 0 0 0 0 0 0 -12 -9 -10 -8 -13 -9 -12 -8 -11 -9 -10 -8 -12 -9 -11 -10 -12 -11 -11 -10 -13 -11 -12 -12 -12 -12 -11 -11 -11 -11 -12 -12 -12 -9 -12 -11 -12 -11 -13 -11 -14 -12 -14 -12 -14 -13 -15 -12 -12 -13 -14 -14 0 0 -15 -13 -16 -13 -15 -13 -17 -12 -14 -13 -16 -15 -17 -14 -16 -13 -15 -14 -16 -16 -17 -14 -15 -15 -16 -15 -15 -13 -17 -14 -16 -13 -18 -15 -15 -14 -16 -14 -18 -14 -16 -15 -17 -15 -16 -15 -16 -15 -15 -15 -15 -14 0 0 0 0 0 0 0 0 0 0 ]
197,1782980333.590353,16.6647,-69,CSI_DATA,AP,98:F4:AB:29:67:94,-69,11,1,4,1,1,1,0,0,0,0,-96,0,6,1,49761402,0,84,0,0,50.1437,384,[84 -64 4 0 0 0 0 0 0 0 0 0 -1 12 -2 11 -1 13 -2 12 -2 12 -3 13 -3 12 -4 12 -3 14 -4 13 -3 14 -4 14 -4 15 -3 13 -3 13 -3 13 -3 14 -3 14 -4 13 -3 13 -5 14 -4 15 -4 14 -4 15 -4 16 -5 16 0 0 -4 15 -4 17 -4 16 -4 15 -3 16 -4 17 -5 17 -5 17 -5 17 -5 17 -4 18 -4 16 -3 17 -5 17 -3 17 -3 16 -3 17 -3 16 -3 17 -4 17 -4 17 -4 17 -4 17 -3 17 -2 17 -3 16 0 0 0 0 0 0 0 0 0 0 ]
198,1782980333.681571,17.8709,-69,CSI_DATA,AP,98:F4:AB:29:67:94,-69,11,1,4,1,1,1,0,0,0,0,-96,0,6,1,49851756,0,84,0,0,50.2341,384,[84 -64 4 0 0 0 0 0 0 0 0 0 -2 -14 -2 -14 -2 -15 -1 -15 -1 -16 0 -14 0 -15 0 -15 0 -16 0 -15 0 -16 1 -17 1 -16 0 -16 0 -16 1 -16 0 -15 -1 -16 -1 -16 1 -16 1 -18 0 -18 0 -19 1 -19 0 -19 0 -19 0 0 0 -19 1 -20 1 -20 -1 -19 1 -19 1 -21 2 -22 1 -20 1 -22 0 -21 -1 -21 0 -21 1 -21 1 -20 1 -21 -1 -21 -1 -22 0 -20 -1 -21 0 -21 -1 -21 -1 -22 0 -22 1 -20 0 -20 -1 -19 0 0 0 0 0 0 0 0 0 0 ]
199,1782980333.774406,17.6421,-68,CSI_DATA,AP,98:F4:AB:29:67:94,-68,11,1,4,1,1,1,0,0,0,0,-96,0,6,1,49941447,0,84,0,0,50.3238,384,[84 -64 4 0 0 0 0 0 0 0 0 0 -3 12 -4 11 -4 12 -4 12 -4 12 -4 11 -5 12 -6 12 -6 13 -6 13 -7 12 -7 14 -8 13 -7 13 -6 12 -7 14 -6 14 -7 14 -6 13 -7 13 -7 14 -7 14 -7 14 -8 14 -9 15 -8 14 0 0 -9 15 -8 16 -8 16 -7 16 -8 14 -9 15 -9 16 -9 16 -8 17 -8 17 -8 17 -9 15 -8 16 -9 16 -8 16 -7 16 -8 18 -6 16 -8 16 -7 17 -8 16 -8 17 -9 17 -8 16 -7 16 -7 16 0 0 0 0 0 0 0 0 0 0 ]
200,1782980333.873950,17.6915,-67,CSI_DATA,AP,98:F4:AB:29:67:94,-67,11,1,2,1,1,1,0,0,0,0,-96,0,6,1,50035557,0,84,0,0,50.4179,384,[84 -64 4 0 0 0 0 0 0 0 0 0 10 -3 10 -3 11 -2 11 -3 13 -3 11 -2 11 -3 13 -2 13 -3 14 -1 14 -2 14 -2 14 0 15 -2 13 -1 15 -2 14 -2 14 -2 13 -2 14 -3 15 -2 16 -3 16 -2 16 -1 17 -1 16 -1 0 0 16 -2 18 -2 16 -2 17 -3 16 -1 17 -3 18 -2 17 -3 18 -3 18 -3 17 -3 17 -1 17 -2 17 -2 18 -4 16 -4 18 -4 16 -3 17 -4 17 -5 17 -3 17 -4 18 -3 17 -3 16 -4 16 -3 0 0 0 0 0 0 0 0 0 0 ]
201,1782980333.960675,20.4527,-68,CSI_DATA,AP,98:F4:AB:29:67:94,-68,11,1,4,1,1,1,0,0,0,0,-96,0,6,1,50123787,0,84,0,0,50.5061,384,[84 -64 4 0 0 0 0 0 0 0 0 0 -15 1 -14 0 -15 0 -15 -1 -16 -1 -15 -2 -16 0 -15 -2 -16 -1 -17 -3 -16 -2 -17 -2 -18 -3 -16 -2 -15 -4 -17 -2 -16 -2 -16 -1 -18 -3 -18 -2 -18 -2 -19 -3 -20 -3 -19 -3 -21 -4 -20 -2 0 0 -21 -3 -21 -3 -21 -1 -22 -2 -21 -3 -21 -3 -22 -2 -23 -3 -21 -3 -21 -3 -23 -3 -21 -3 -21 -2 -21 -3 -22 -2 -23 1 -21 -2 -21 -2 -23 -1 -21 -2 -22 -2 -20 -1 -22 -1 -21 -2 -21 -1 -21 -2 0 0 0 0 0 0 0 0 0 0 ]
202,1782980334.051993,19.6223,-69,CSI_DATA,AP,98:F4:AB:29:67:94,-69,11,1,4,1,1,1,0,0,0,0,-96,0,6,1,50216089,0,84,0,0,50.5984,384,[84 -64 4 0 0 0 0 0 0 0 0 0 -11 -5 -10 -5 -12 -6 -12 -6 -12 -7 -11 -7 -11 -7 -12 -7 -12 -8 -12 -8 -12 -8 -13 -9 -13 -8 -13 -9 -12 -9 -13 -8 -12 -9 -13 -9 -13 -9 -13 -10 -14 -10 -14 -10 -14 -10 -13 -10 -15 -11 -13 -10 0 0 -14 -11 -14 -12 -15 -10 -16 -11 -14 -10 -15 -12 -14 -13 -14 -12 -15 -12 -16 -12 -15 -12 -15 -11 -16 -12 -14 -10 -14 -11 -15 -11 -15 -11 -15 -11 -15 -11 -16 -11 -15 -13 -16 -12 -16 -12 -16 -11 -15 -11 -15 -10 0 0 0 0 0 0 0 0 0 0 ]
203,1782980334.144417,18.5372,-69,CSI_DATA,AP,98:F4:AB:29:67:94,-69,11,1,4,1,1,1,0,0,0,0,-96,0,6,1,50303516,0,84,0,0,50.6858,384,[84 -64 4 0 0 0 0 0 0 0 0 0 1 -12 1 -11 1 -13 2 -12 1 -14 2 -13 3 -13 2 -13 1 -14 2 -12 2 -15 3 -14 3 -14 3 -14 2 -13 4 -15 3 -14 2 -14 2 -14 2 -15 3 -16 2 -17 3 -16 4 -16 4 -17 4 -17 0 0 4 -17 3 -18 5 -17 3 -18 5 -17 4 -18 5 -19 4 -19 5 -18 4 -20 4 -19 4 -18 4 -18 4 -17 5 -18 4 -18 4 -19 4 -18 4 -18 3 -19 4 -19 3 -18 4 -18 3 -18 3 -18 3 -17 0 0 0 0 0 0 0 0 0 0 ]
204,1782980334.237287,17.2983,-69,CSI_DATA,AP,98:F4:AB:29:67:94,-69,11,1,4,1,1,1,0,0,0,0,-96,0,6,1,50393469,0,84,0,0,50.7759,384,[84 -64 4 0 0 0 0 0 0 0 0 0 6 10 5 9 6 10 6 9 7 10 5 9 4 11 5 10 6 11 5 13 4 13 4 14 4 13 5 13 5 12 5 14 5 13 6 13 4 12 5 13 4 14 5 14 5 15 4 16 4 16 4 15 0 0 4 15 6 16 5 16 7 17 4 14 4 16 5 17 4 17 5 17 6 18 6 17 4 16 4 16 4 17 6 17 6 15 7 19 6 16 5 17 5 16 5 17 5 16 5 18 6 17 4 16 5 15 0 0 0 0 0 0 0 0 0 0 ]
205,1782980334.326316,17.7660,-69,CSI_DATA,AP,98:F4:AB:29:67:94,-69,11,1,4,1,1,1,0,0,0,0,-96,0,6,1,50485551,0,84,0,0,50.8678,384,[84 -64 4 0 0 0 0 0 0 0 0 0 -13 5 -12 6 -13 6 -14 5 -14 5 -14 5 -12 5 -15 5 -14 5 -15 4 -16 5 -16 6 -16 4 -16 4 -14 5 -16 5 -15 5 -16 6 -17 5 -17 6 -17 6 -17 6 -16 6 -18 7 -18 6 -19 6 0 0 -18 6 -19 7 -18 7 -19 8 -18 6 -20 7 -21 7 -21 8 -20 8 -20 8 -20 8 -20 8 -20 8 -20 7 -19 8 -20 9 -21 8 -20 9 -20 8 -20 8 -20 7 -20 8 -20 8 -20 9 -19 8 -19 8 0 0 0 0 0 0 0 0 0 0 ]
206,1782980334.419465,19.2712,-69,CSI_DATA,AP,98:F4:AB:29:67:94,-69,11,1,4,1,1,1,0,0,0,0,-96,0,6,1,50571477,0,84,0,0,50.9538,384,[84 -64 4 0 0 0 0 0 0 0 0 0 10 -10 9 -10 10 -10 10 -10 11 -10 11 -8 11 -9 12 -9 12 -10 12 -10 12 -11 13 -10 13 -10 13 -10 12 -9 13 -11 13 -9 13 -11 12 -10 13 -12 14 -10 15 -12 15 -11 15 -12 16 -13 15 -12 0 0 15 -13 16 -12 16 -12 16 -13 16 -11 16 -13 17 -12 17 -13 17 -13 17 -14 17 -13 16 -12 16 -13 17 -13 16 -12 15 -13 17 -13 15 -13 16 -13 15 -13 17 -13 17 -13 16 -13 16 -15 16 -14 15 -13 0 0 0 0 0 0 0 0 0 0 ]
207,1782980334.511448,17.1985,-69,CSI_DATA,AP,98:F4:AB:29:67:94,-69,11,1,4,1,1,1,0,0,0,0,-96,0,6,1,50661606,0,84,0,0,51.0439,384,[84 -64 4 0 0 0 0 0 0 0 0 0 11 6 10 6 10 6 10 7 11 7 8 8 10 8 8 7 10 7 10 8 11 8 11 8 10 9 9 9 9 8 10 10 9 8 10 9 10 8 10 9 11 10 11 9 11 9 11 10 11 11 12 10 0 0 11 10 14 12 12 11 14 10 11 12 13 11 13 12 13 11 12 11 13 12 12 13 11 12 13 12 12 12 14 12 12 12 13 12 12 12 13 12 13 11 13 13 13 12 13 13 13 13 12 12 13 12 0 0 0 0 0 0 0 0 0 0 ]
208,1782980334.603785,21.5987,-62,CSI_DATA,AP,98:F4:AB:29:67:94,-62,11,0,0,0,0,0,0,0,0,0,-96,0,6,1,50756179,0,84,0,0,51.1386,128,[84 -64 4 0 0 0 0 0 0 0 0 0 -6 -18 -5 -16 -6 -19 -6 -18 -6 -20 -3 -17 -5 -19 -3 -17 -6 -19 -4 -20 -4 -20 -4 -21 -2 -21 -4 -21 -4 -18 -6 -23 -6 -19 -8 -21 -5 -18 -8 -20 -6 -20 -8 -21 -7 -22 -6 -24 -7 -24 -5 -24 0 0 -8 -22 -11 -26 -11 -23 -13 -25 -9 -21 -11 -24 -13 -24 -10 -24 -14 -24 -9 -26 -10 -27 -8 -24 -10 -24 -8 -23 -12 -25 -12 -23 -14 -27 -11 -22 -13 -24 -14 -23 -12 -24 -15 -22 -13 -26 -12 -25 -12 -23 -12 -22 0 0 0 0 0 0 0 0 0 0 ]
209,1782980334.695827,19.5815,-69,CSI_DATA,AP,98:F4:AB:29:67:94,-69,11,1,4,1,1,1,0,0,0,0,-96,0,6,1,50841715,0,84,0,0,51.2241,384,[84 -64 4 0 0 0 0 0 0 0 0 0 1 11 1 10 1 12 1 11 0 11 0 11 0 13 0 11 0 12 0 11 0 12 0 13 0 14 -1 15 -1 12 0 14 1 13 0 12 0 13 -1 13 -1 14 0 15 0 15 -1 15 -1 17 -1 16 0 0 -1 17 0 17 0 16 -1 17 -1 16 -1 17 -1 17 -1 18 -1 18 -1 18 0 19 -1 17 -1 18 -2 18 -1 17 0 17 -1 19 0 18 -2 18 0 17 -2 16 -2 19 -1 19 2 20 -1 17 0 17 0 0 0 0 0 0 0 0 0 0 ]
210,1782980334.787934,19.5915,-69,CSI_DATA,AP,98:F4:AB:29:67:94,-69,11,1,4,1,1,1,0,0,0,0,-96,0,6,1,50933389,0,84,0,0,51.3157,384,[84 -64 4 0 0 0 0 0 0 0 0 0 9 -12 9 -10 9 -11 9 -11 9 -9 9 -11 10 -11 10 -11 12 -11 12 -11 11 -10 12 -11 12 -11 12 -10 11 -10 13 -10 11 -11 12 -11 12 -11 12 -12 12 -12 14 -12 13 -12 13 -13 15 -12 14 -12 0 0 15 -12 15 -13 15 -12 14 -14 15 -12 15 -13 16 -13 15 -13 15 -13 15 -12 14 -14 15 -12 15 -13 15 -13 15 -13 14 -12 16 -14 13 -13 15 -13 14 -14 16 -14 15 -14 16 -13 15 -14 14 -12 14 -12 0 0 0 0 0 0 0 0 0 0 ]
211,1782980334.880928,18.2118,-69,CSI_DATA,AP,98:F4:AB:29:67:94,-69,11,1,4,1,1,1,0,0,0,0,-96,0,6,1,51021598,0,84,0,0,51.4039,384,[84 -64 4 0 0 0 0 0 0 0 0 0 8 -9 8 -9 10 -8 9 -8 9 -9 9 -8 11 -8 9 -7 10 -9 10 -8 12 -8 12 -9 12 -8 11 -9 10 -8 12 -10 11 -8 11 -8 10 -8 11 -9 11 -9 12 -11 13 -9 13 -10 13 -10 13 -10 0 0 12 -10 13 -11 13 -10 12 -13 12 -11 13 -12 13 -11 14 -11 13 -13 14 -14 14 -12 14 -11 13 -11 13 -11 12 -13 12 -12 13 -14 11 -13 11 -12 12 -14 13 -14 12 -14 13 -13 13 -14 12 -12 12 -12 0 0 0 0 0 0 0 0 0 0 ]
212,1782980334.975294,16.8384,-69,CSI_DATA,AP,98:F4:AB:29:67:94,-69,11,1,4,1,1,1,0,0,0,0,-96,0,6,1,51113587,0,84,0,0,51.4959,384,[84 -64 4 0 0 0 0 0 0 0 0 0 1 12 2 13 2 13 0 14 0 14 -1 12 1 14 0 15 0 13 -1 14 -1 14 -2 15 -1 15 -2 15 -1 14 -1 17 0 14 0 16 0 14 -1 15 -1 17 2 16 -2 18 -1 18 -1 17 -1 18 0 0 0 18 1 19 0 17 1 20 -1 19 1 19 0 19 0 19 0 20 0 21 1 20 -1 20 -2 19 0 18 1 21 2 19 2 21 1 20 3 20 2 20 1 20 2 20 0 21 1 20 -1 20 1 18 0 0 0 0 0 0 0 0 0 0 ]
213,1782980335.066113,16.1099,-69,CSI_DATA,AP,98:F4:AB:29:67:94,-69,11,1,4,1,1,1,0,0,0,0,-96,0,6,1,51201461,0,84,0,0,51.5838,384,[84 -64 4 0 0 0 0 0 0 0 0 0 -6 10 -6 10 -5 11 -7 11 -6 11 -7 11 -7 11 -7 10 -8 11 -9 12 -8 12 -9 13 -9 12 -10 11 -8 12 -10 12 -8 11 -9 13 -10 11 -9 13 -9 13 -10 13 -10 13 -11 13 -11 13 -10 14 0 0 -11 13 -11 15 -11 14 -9 15 -11 14 -11 15 -11 15 -12 15 -11 15 -11 16 -12 15 -11 15 -11 14 -12 15 -11 15 -10 15 -12 17 -11 15 -11 16 -11 15 -11 15 -12 15 -11 16 -11 16 -11 15 -10 14 0 0 0 0 0 0 0 0 0 0 ]
214,1782980335.158356,16.3328,-69,CSI_DATA,AP,98:F4:AB:29:67:94,-69,11,1,4,1,1,1,0,0,0,0,-96,0,6,1,51295379,0,84,0,0,51.6777,384,[84 -64 4 0 0 0 0 0 0 0 0 0 -11 4 -11 4 -11 4 -13 4 -12 4 -11 3 -12 4 -12 3 -13 4 -13 3 -13 4 -13 3 -14 3 -14 4 -14 3 -15 4 -14 4 -14 4 -14 4 -14 4 -15 4 -16 4 -16 5 -17 5 -17 5 -17 5 0 0 -16 5 -17 6 -17 6 -16 7 -16 5 -18 6 -18 5 -18 6 -18 6 -18 6 -19 7 -18 5 -18 6 -18 6 -18 7 -18 7 -18 7 -17 7 -18 7 -18 7 -18 7 -18 7 -18 7 -18 8 -18 6 -18 7 0 0 0 0 0 0 0 0 0 0 ]
215,1782980335.250368,15.9650,-69,CSI_DATA,AP,98:F4:AB:29:67:94,-69,11,1,4,1,1,1,0,0,0,0,-96,0,6,1,51381756,0,84,0,0,51.7641,384,[84 -64 4 0 0 0 0 0 0 0 0 0 6 11 5 12 5 12 5 11 4 12 4 11 5 12 4 11 4 11 5 12 5 13 4 14 3 13 4 12 4 13 4 13 5 12 4 13 4 12 5 12 5 13 5 13 5 13 5 15 5 15 4 14 0 0 5 14 6 15 6 15 7 14 5 15 7 16 7 16 7 16 7 17 6 17 7 16 5 16 6 16 7 15 8 16 8 15 8 17 8 16 8 15 8 16 7 16 7 16 7 18 7 16 6 16 7 14 0 0 0 0 0 0 0 0 0 0 ]
216,1782980335.343648,16.4523,-68,CSI_DATA,AP,98:F4:AB:29:67:94,-68,11,1,4,1,1,1,0,0,0,0,-96,0,6,1,51471977,0,84,0,0,51.8543,384,[84 -64 4 0 0 0 0 0 0 0 0 0 1 -16 0 -16 1 -16 1 -16 1 -17 2 -15 2 -16 3 -17 2 -16 4 -17 3 -18 5 -17 4 -18 4 -17 3 -16 2 -18 3 -17 2 -18 3 -16 2 -17 3 -18 3 -20 4 -19 4 -19 4 -20 4 -19 0 0 3 -19 2 -22 2 -20 1 -21 2 -21 2 -22 3 -22 3 -22 2 -22 2 -24 2 -23 3 -21 3 -21 2 -21 0 -23 0 -21 1 -24 2 -21 1 -22 0 -23 3 -23 0 -23 3 -24 1 -23 1 -21 1 -22 0 0 0 0 0 0 0 0 0 0 ]
217,1782980335.437546,17.0445,-68,CSI_DATA,AP,98:F4:AB:29:67:94,-68,11,1,4,1,1,1,0,0,0,0,-96,0,6,1,51566257,0,84,0,0,51.9486,384,[84 -64 4 0 0 0 0 0 0 0 0 0 -9 9 -8 8 -9 9 -9 8 -10 9 -9 8 -10 8 -11 8 -10 9 -11 8 -11 8 -12 9 -11 8 -12 9 -11 8 -13 10 -12 10 -11 9 -11 9 -12 10 -12 10 -12 11 -13 11 -13 10 -14 11 -14 11 0 0 -14 12 -14 12 -13 12 -14 13 -14 11 -15 11 -15 12 -15 11 -15 13 -17 13 -15 13 -16 11 -15 13 -15 11 -15 13 -13 14 -15 14 -13 13 -15 15 -14 13 -16 14 -15 12 -16 14 -16 13 -17 12 -14 12 0 0 0 0 0 0 0 0 0 0 ]
218,1782980335.527133,19.6946,-69,CSI_DATA,AP,98:F4:AB:29:67:94,-69,11,1,4,1,1,1,0,0,0,0,-96,0,6,1,51655902,0,84,0,0,52.0382,384,[84 -64 4 0 0 0 0 0 0 0 0 0 11 -8 11 -8 11 -7 13 -8 13 -7 12 -6 13 -6 14 -6 13 -7 13 -7 14 -7 15 -7 16 -6 14 -5 14 -6 15 -7 14 -5 14 -6 14 -6 15 -8 15 -8 15 -8 15 -8 16 -7 18 -8 17 -8 0 0 17 -8 18 -9 16 -8 16 -9 17 -8 18 -10 18 -9 18 -10 19 -11 19 -11 18 -10 17 -10 18 -9 18 -10 17 -9 18 -11 19 -10 16 -10 19 -11 18 -11 18 -11 18 -10 19 -10 18 -11 17 -11 17 -10 0 0 0 0 0 0 0 0 0 0 ]
219,1782980335.619821,18.5063,-68,CSI_DATA,AP,98:F4:AB:29:67:94,-68,11,1,4,1,1,1,0,0,0,0,-96,0,6,1,51742592,0,84,0,0,52.1249,384,[84 -64 4 0 0 0 0 0 0 0 0 0 10 -8 9 -7 9 -9 10 -8 11 -8 9 -8 11 -8 10 -8 12 -9 12 -8 11 -9 12 -9 12 -8 13 -7 12 -7 12 -9 11 -8 12 -9 11 -7 13 -9 13 -8 13 -9 12 -9 12 -8 15 -9 13 -9 0 0 14 -9 16 -10 14 -9 15 -11 14 -9 15 -10 15 -9 17 -10 16 -10 16 -12 16 -11 15 -9 15 -10 15 -10 15 -11 15 -11 17 -11 15 -10 16 -11 15 -11 16 -11 15 -11 18 -11 16 -10 16 -10 15 -10 0 0 0 0 0 0 0 0 0 0 ]
220,1782980335.711183,17.6787,-68,CSI_DATA,AP,98:F4:AB:29:67:94,-68,11,1,4,1,1,1,0,0,0,0,-96,0,6,1,51833343,0,84,0,0,52.2157,384,[84 -64 4 0 0 0 0 0 0 0 0 0 8 -10 7 -9 8 -9 9 -9 9 -10 8 -9 8 -10 9 -9 9 -10 11 -10 11 -10 11 -10 11 -10 11 -9 10 -10 11 -11 11 -10 10 -11 10 -10 10 -12 11 -11 10 -11 11 -11 12 -12 12 -11 13 -12 0 0 12 -12 12 -15 11 -13 12 -15 11 -12 12 -14 12 -14 12 -14 14 -14 14 -15 12 -15 13 -13 13 -14 12 -13 13 -16 11 -15 13 -17 12 -15 13 -15 11 -16 13 -16 12 -15 13 -15 13 -15 13 -14 12 -13 0 0 0 0 0 0 0 0 0 0 ]
221,1782980335.803285,16.4917,-69,CSI_DATA,AP,98:F4:AB:29:67:94,-69,11,1,4,1,1,1,0,0,0,0,-96,0,6,1,51927906,0,84,0,0,52.3102,384,[84 -64 4 0 0 0 0 0 0 0 0 0 -4 10 -2 11 -4 11 -4 11 -4 12 -5 11 -6 11 -6 11 -6 12 -6 12 -6 12 -6 12 -6 12 -6 13 -6 11 -6 13 -5 13 -6 13 -6 13 -6 12 -7 14 -6 14 -7 15 -7 14 -8 14 -7 15 0 0 -7 15 -7 16 -6 15 -6 16 -8 15 -7 16 -7 17 -8 16 -7 17 -8 18 -7 17 -7 16 -9 17 -7 16 -7 17 -6 17 -8 18 -7 17 -8 18 -7 17 -8 17 -9 17 -9 17 -9 17 -7 17 -8 17 0 0 0 0 0 0 0 0 0 0 ]
222,1782980335.897892,16.6645,-69,CSI_DATA,AP,98:F4:AB:29:67:94,-69,11,1,4,1,1,1,0,0,0,0,-96,0,6,1,52013976,0,84,0,0,52.3962,384,[84 -64 4 0 0 0 0 0 0 0 0 0 0 11 0 11 0 12 -1 11 -1 12 -1 12 -1 11 -2 12 -1 13 -1 13 -2 13 -2 13 -2 14 -3 14 -2 13 -2 15 -2 13 -1 14 -1 13 -2 15 -2 15 -1 16 -2 16 -2 16 -3 17 -2 16 0 0 -2 17 -1 17 -2 17 -1 17 -1 16 -1 18 -2 18 -1 18 -2 18 -1 20 -1 18 -2 18 -1 18 0 18 -1 19 0 19 -1 19 0 18 0 19 0 20 -1 19 -1 19 -1 19 0 19 -1 18 -1 18 0 0 0 0 0 0 0 0 0 0 ]
223,1782980335.987599,16.6017,-68,CSI_DATA,AP,98:F4:AB:29:67:94,-68,11,1,4,1,1,1,0,0,0,0,-96,0,6,1,52104370,0,84,0,0,52.4867,384,[84 -64 4 0 0 0 0 0 0 0 0 0 -7 9 -6 10 -6 11 -7 10 -7 10 -7 9 -8 9 -8 9 -9 10 -8 10 -9 10 -9 10 -9 11 -9 10 -9 10 -9 11 -9 11 -8 11 -9 11 -8 11 -10 11 -9 12 -10 12 -11 12 -12 12 -11 13 0 0 -11 13 -11 14 -10 14 -10 15 -10 13 -10 14 -11 14 -10 15 -12 16 -11 17 -12 15 -11 15 -11 15 -11 15 -11 14 -9 16 -12 16 -11 14 -10 16 -11 16 -10 16 -11 16 -10 16 -12 16 -11 15 -11 15 0 0 0 0 0 0 0 0 0 0 ]
224,1782980336.079786,16.9224,-67,CSI_DATA,AP,98:F4:AB:29:67:94,-67,11,1,2,1,1,1,0,0,0,0,-96,0,6,1,52194366,0,84,0,0,52.5767,384,[84 -64 4 0 0 0 0 0 0 0 0 0 -9 8 -8 7 -10 8 -10 8 -10 8 -10 8 -10 7 -11 7 -10 8 -12 8 -12 7 -13 7 -13 6 -13 7 -12 7 -13 8 -11 7 -12 7 -12 7 -13 8 -13 8 -13 9 -13 8 -13 9 -15 9 -13 9 0 0 -13 9 -14 10 -13 9 -14 10 -13 9 -14 11 -15 10 -15 10 -14 11 -16 11 -15 12 -15 10 -15 10 -15 10 -15 12 -14 12 -16 12 -14 11 -14 11 -15 11 -15 11 -15 12 -16 11 -16 11 -15 10 -14 10 0 0 0 0 0 0 0 0 0 0 ]
225,1782980336.171639,16.0512,-67,CSI_DATA,AP,98:F4:AB:29:67:94,-67,11,1,2,1,1,1,0,0,0,0,-96,0,6,1,52287873,0,84,0,0,52.6702,384,[84 -64 4 0 0 0 0 0 0 0 0 0 5 -12 4 -10 5 -12 6 -11 5 -12 5 -10 6 -11 6 -11 6 -11 7 -12 7 -12 7 -12 8 -12 7 -11 7 -10 8 -12 6 -12 8 -12 7 -12 7 -13 7 -13 8 -14 9 -13 9 -13 9 -13 9 -13 0 0 8 -13 9 -15 9 -14 9 -16 8 -13 10 -15 10 -15 10 -15 9 -15 9 -16 10 -16 10 -15 10 -16 9 -14 9 -16 8 -16 9 -17 8 -16 9 -16 8 -17 9 -15 9 -15 9 -16 8 -16 9 -15 8 -14 0 0 0 0 0 0 0 0 0 0 ]
226,1782980336.264658,17.1748,-69,CSI_DATA,AP,98:F4:AB:29:67:94,-69,11,1,4,1,1,1,0,0,0,0,-96,0,6,1,52371328,0,84,0,0,52.7536,384,[84 -64 4 0 0 0 0 0 0 0 0 0 -2 -11 -2 -12 -2 -12 -2 -12 -1 -13 0 -13 0 -13 -1 -14 -1 -14 -1 -14 -1 -15 -1 -15 0 -15 -1 -16 2 -18 -1 -16 -1 -15 -1 -12 7 -12 0 -14 1 -17 2 -17 0 -16 0 -17 0 -18 0 -17 0 0 1 -19 2 -19 2 -19 1 -18 2 -17 2 -18 4 -19 2 -19 3 -21 1 -19 1 -20 2 -19 3 -20 3 -20 3 -19 3 -20 2 -19 1 -19 3 -20 2 -19 3 -20 4 -19 3 -20 2 -19 1 -18 2 -19 0 0 0 0 0 0 0 0 0 0 ]
227,1782980336.355484,18.6481,-69,CSI_DATA,AP,98:F4:AB:29:67:94,-69,11,1,4,1,1,1,0,0,0,0,-96,0,6,1,52464954,0,84,0,0,52.8473,384,[84 -64 4 0 0 0 0 0 0 0 0 0 -5 -14 -3 -14 -5 -15 -4 -16 -4 -15 -1 -15 -3 -15 -3 -15 -3 -16 -1 -15 -2 -17 -2 -17 -2 -17 -2 -18 -2 -16 -2 -17 -2 -16 -3 -17 -3 -16 -3 -18 -3 -18 -2 -18 -2 -19 -1 -18 -2 -19 -2 -18 0 0 -2 -19 -3 -20 -2 -20 -4 -20 -3 -19 -2 -20 -2 -22 -4 -20 -4 -22 -4 -22 -3 -21 -2 -21 -2 -20 -2 -20 -3 -22 -4 -20 -4 -22 -3 -20 -4 -21 -4 -21 -2 -21 -4 -22 -3 -23 -4 -22 -3 -20 -3 -20 0 0 0 0 0 0 0 0 0 0 ]
228,1782980336.448355,19.5052,-69,CSI_DATA,AP,98:F4:AB:29:67:94,-69,11,1,4,1,1,1,0,0,0,0,-96,0,6,1,52551466,0,84,0,0,52.9338,384,[84 -64 4 0 0 0 0 0 0 0 0 0 -1 13 0 13 -2 15 -2 14 -3 13 -3 13 -3 14 -4 14 -5 13 -5 14 -4 16 -5 16 -5 15 -6 16 -5 15 -6 16 -5 15 -5 16 -4 16 -4 15 -5 16 -4 16 -5 16 -4 17 -6 18 -5 17 0 0 -6 17 -5 19 -5 18 -4 18 -6 16 -4 18 -5 20 -6 19 -5 19 -6 19 -5 20 -5 19 -5 20 -4 19 -5 20 -3 19 -5 20 -4 19 -4 20 -3 20 -6 20 -6 21 -6 20 -4 21 -5 19 -4 19 0 0 0 0 0 0 0 0 0 0 ]
229,1782980336.542006,18.4827,-69,CSI_DATA,AP,98:F4:AB:29:67:94,-69,11,1,4,1,1,1,0,0,0,0,-96,0,6,1,52642501,0,84,0,0,53.0248,384,[84 -64 4 0 0 0 0 0 0 0 0 0 1 14 1 13 0 14 1 14 0 14 -1 14 -1 15 -3 14 -2 15 -1 14 -2 14 -2 16 -2 17 -2 16 -3 16 -2 17 -1 16 -3 16 -3 16 -2 16 -3 17 -3 17 -3 17 -2 18 -3 17 -3 19 0 0 -3 19 -3 21 -3 19 -1 20 -3 18 -3 19 -3 20 -4 20 -3 20 -3 20 -2 20 -3 19 -2 21 -4 20 -3 20 -1 19 -3 21 -2 21 -3 21 -3 21 -4 20 -4 20 -4 20 -3 20 -3 20 -2 20 0 0 0 0 0 0 0 0 0 0 ]
230,1782980336.636209,17.0019,-69,CSI_DATA,AP,98:F4:AB:29:67:94,-69,11,1,4,1,1,1,0,0,0,0,-96,0,6,1,52731556,0,84,0,0,53.1139,384,[84 -64 4 0 0 0 0 0 0 0 0 0 2 11 2 12 2 12 3 12 2 13 1 11 2 12 1 12 2 13 1 12 0 12 0 13 0 13 0 13 1 13 -1 14 0 13 1 13 1 12 1 14 0 14 2 15 2 13 0 16 0 16 1 16 0 0 1 16 1 17 2 16 2 16 1 16 1 17 1 17 1 18 0 21 2 18 1 19 1 17 1 18 1 18 1 18 2 18 1 19 1 19 1 19 2 18 0 19 1 19 0 19 0 18 0 18 0 18 0 0 0 0 0 0 0 0 0 0 ]
231,1782980336.729017,18.6490,-68,CSI_DATA,AP,98:F4:AB:29:67:94,-68,11,1,4,1,1,1,0,0,0,0,-96,0,6,1,52823664,0,84,0,0,53.2061,384,[84 -64 4 0 0 0 0 0 0 0 0 0 -13 5 -14 5 -15 4 -14 5 -15 4 -15 5 -15 5 -15 5 -15 4 -16 4 -18 4 -18 3 -17 2 -17 3 -17 2 -18 3 -16 3 -17 4 -16 3 -17 5 -18 5 -18 6 -18 4 -19 3 -20 4 -18 4 0 0 -19 6 -20 5 -19 6 -19 6 -18 5 -20 6 -19 6 -19 5 -20 5 -20 6 -20 6 -20 5 -20 6 -21 5 -19 7 -19 7 -20 8 -20 7 -20 8 -20 10 -20 8 -19 8 -21 7 -20 8 -19 6 -19 7 0 0 0 0 0 0 0 0 0 0 ]
232,1782980336.823454,18.0417,-69,CSI_DATA,AP,98:F4:AB:29:67:94,-69,11,1,4,1,1,1,0,0,0,0,-96,0,6,1,52913453,0,84,0,0,53.2959,384,[84 -64 4 0 0 0 0 0 0 0 0 0 -11 5 -11 3 -13 5 -13 5 -13 4 -11 3 -12 4 -13 4 -13 5 -14 4 -14 3 -14 3 -15 3 -14 4 -15 3 -15 3 -13 5 -15 5 -14 5 -14 3 -15 3 -15 4 -15 3 -15 4 -17 3 -17 4 0 0 -15 4 -17 6 -16 5 -17 5 -15 4 -17 5 -18 5 -18 4 -17 4 -19 4 -18 6 -18 4 -17 6 -17 5 -18 6 -16 6 -18 6 -17 6 -17 6 -18 7 -17 4 -18 5 -19 6 -19 5 -17 5 -16 5 0 0 0 0 0 0 0 0 0 0 ]
233,1782980336.914392,17.8169,-68,CSI_DATA,AP,98:F4:AB:29:67:94,-68,11,1,4,1,1,1,0,0,0,0,-96,0,6,1,53005819,0,84,0,0,53.3881,384,[84 -64 4 0 0 0 0 0 0 0 0 0 2 -12 5 -13 5 -12 5 -13 5 -12 4 -12 5 -12 6 -12 6 -12 7 -11 6 -13 6 -13 7 -13 6 -14 6 -13 7 -15 5 -13 5 -14 6 -13 6 -13 6 -14 6 -15 6 -14 7 -15 8 -16 7 -16 0 0 7 -15 8 -16 8 -16 7 -17 6 -15 7 -17 8 -17 8 -17 8 -17 8 -19 7 -17 7 -16 8 -18 8 -18 8 -19 7 -17 7 -18 7 -18 7 -18 6 -19 7 -19 7 -19 8 -18 7 -18 8 -17 7 -18 0 0 0 0 0 0 0 0 0 0 ]
234,1782980337.007534,17.5932,-69,CSI_DATA,AP,98:F4:AB:29:67:94,-69,11,1,4,1,1,1,0,0,0,0,-96,0,6,1,53092847,0,84,0,0,53.4752,384,[84 -64 4 0 0 0 0 0 0 0 0 0 -5 10 -5 10 -6 11 -6 11 -7 11 -6 10 -6 10 -8 11 -8 11 -8 11 -8 12 -8 13 -9 12 -9 12 -10 11 -10 12 -12 12 -8 13 -9 11 -9 12 -10 13 -11 12 -10 12 -11 12 -12 13 -11 13 0 0 -11 12 -11 15 -11 13 -10 14 -11 13 -11 13 -12 14 -12 14 -12 15 -11 15 -11 15 -12 14 -12 15 -12 15 -12 14 -11 14 -12 15 -10 15 -12 14 -12 15 -12 14 -11 14 -12 16 -11 15 -11 14 -11 14 0 0 0 0 0 0 0 0 0 0 ]
235,1782980337.100492,17.0948,-68,CSI_DATA,AP,98:F4:AB:29:67:94,-68,11,1,4,1,1,1,0,0,0,0,-96,0,6,1,53181556,0,84,0,0,53.5639,384,[84 -64 4 0 0 0 0 0 0 0 0 0 8 -8 8 -9 9 -9 9 -9 9 -10 8 -8 9 -9 9 -8 9 -9 12 -9 12 -9 12 -9 12 -9 12 -9 10 -8 12 -10 11 -9 11 -11 11 -9 11 -10 11 -9 12 -11 13 -10 13 -9 14 -10 13 -10 0 0 13 -10 14 -12 12 -10 14 -13 13 -10 14 -12 15 -13 15 -12 14 -12 16 -12 15 -13 15 -11 14 -11 14 -12 14 -14 13 -12 15 -14 14 -12 13 -13 14 -14 14 -12 13 -13 15 -14 14 -13 14 -12 13 -11 0 0 0 0 0 0 0 0 0 0 ]
236,1782980337.192140,18.6962,-68,CSI_DATA,AP,98:F4:AB:29:67:94,-68,11,1,4,1,1,1,0,0,0,0,-96,0,6,1,53272890,0,84,0,0,53.6552,384,[84 -64 4 0 0 0 0 0 0 0 0 0 11 3 12 3 13 5 12 4 14 5 12 6 13 6 13 5 14 5 14 6 14 7 15 8 14 8 14 7 13 7 16 8 14 7 16 7 14 6 15 7 15 8 17 7 15 9 15 8 17 10 17 9 0 0 17 9 18 9 17 7 18 8 16 8 18 9 18 10 19 9 18 9 20 9 19 8 18 9 19 9 17 9 20 7 19 6 21 7 18 7 19 7 19 6 19 8 19 7 20 8 19 7 18 7 17 6 0 0 0 0 0 0 0 0 0 0 ]
237,1782980337.284915,18.3708,-69,CSI_DATA,AP,98:F4:AB:29:67:94,-69,11,1,4,1,1,1,0,0,0,0,-96,0,6,1,53365780,0,84,0,0,53.7481,384,[84 -64 4 0 0 0 0 0 0 0 0 0 -11 -4 -11 -5 -11 -4 -13 -5 -13 -6 -12 -6 -12 -6 -12 -5 -13 -7 -12 -5 -12 -6 -13 -7 -14 -8 -13 -9 -14 -7 -16 -8 -18 -10 -15 -6 -17 -11 -15 -8 -14 -8 -14 -8 -15 -8 -15 -9 -15 -9 -15 -9 0 0 -16 -10 -17 -9 -17 -9 -17 -9 -16 -8 -16 -10 -17 -11 -16 -11 -17 -9 -16 -9 -18 -10 -17 -10 -17 -10 -17 -10 -17 -10 -16 -9 -18 -10 -17 -9 -17 -10 -17 -10 -17 -10 -17 -11 -17 -11 -18 -10 -17 -10 -16 -9 0 0 0 0 0 0 0 0 0 0 ]
238,1782980337.376231,17.3189,-69,CSI_DATA,AP,98:F4:AB:29:67:94,-69,11,1,4,1,1,1,0,0,0,0,-96,0,6,1,53453743,0,84,0,0,53.836,384,[84 -64 4 0 0 0 0 0 0 0 0 0 -11 5 -12 5 -12 5 -12 5 -12 4 -11 4 -13 6 -13 4 -12 4 -13 5 -13 5 -13 5 -14 4 -15 4 -13 3 -14 4 -13 5 -14 5 -15 4 -14 4 -15 5 -15 5 -16 5 -16 5 -16 4 -16 4 0 0 -16 5 -18 6 -17 6 -18 6 -16 5 -18 7 -18 6 -17 6 -18 6 -18 7 -19 6 -18 6 -18 6 -18 5 -18 7 -17 7 -19 6 -17 7 -18 7 -17 7 -18 6 -18 6 -19 7 -19 8 -18 7 -17 7 0 0 0 0 0 0 0 0 0 0 ]
239,1782980337.472432,17.5410,-68,CSI_DATA,AP,98:F4:AB:29:67:94,-68,11,1,4,1,1,1,0,0,0,0,-96,0,6,1,53544409,0,84,0,0,53.9267,384,[84 -64 4 0 0 0 0 0 0 0 0 0 13 2 14 2 13 3 12 2 14 2 13 4 13 4 14 5 15 5 15 6 16 5 16 6 16 7 14 7 14 6 17 7 15 6 15 6 14 6 15 5 16 6 18 5 16 7 17 6 17 7 18 7 0 0 17 7 18 6 18 7 19 5 17 6 19 7 19 7 19 7 20 7 21 8 21 7 19 8 19 8 19 7 20 7 20 5 20 7 20 6 20 6 21 5 20 6 20 6 21 6 20 6 19 7 19 6 0 0 0 0 0 0 0 0 0 0 ]
240,1782980337.564484,17.7111,-69,CSI_DATA,AP,98:F4:AB:29:67:94,-69,11,1,4,1,1,1,0,0,0,0,-96,0,6,1,53635444,0,84,0,0,54.0177,384,[84 -64 4 0 0 0 0 0 0 0 0 0 -12 1 -11 1 -14 1 -12 1 -16 2 -12 0 -13 0 -13 -1 -13 1 -14 0 -14 1 -16 0 -15 -1 -15 -1 -14 -1 -16 -1 -14 0 -15 1 -15 2 -15 1 -16 -1 -15 1 -17 0 -17 -1 -18 -1 -17 -1 0 0 -17 0 -19 1 -18 1 -19 2 -17 -1 -19 1 -18 0 -19 0 -20 0 -22 1 -21 0 -19 -1 -20 0 -18 0 -19 2 -19 2 -22 1 -18 2 -19 1 -20 2 -20 0 -19 2 -20 0 -19 1 -18 0 -18 1 0 0 0 0 0 0 0 0 0 0 ]
241,1782980337.656977,18.6098,-68,CSI_DATA,AP,98:F4:AB:29:67:94,-68,11,1,4,1,1,1,0,0,0,0,-96,0,6,1,53726299,0,84,0,0,54.1086,384,[84 -64 4 0 0 0 0 0 0 0 0 0 8 -12 8 -11 9 -12 9 -11 9 -11 10 -10 12 -10 11 -11 11 -11 11 -12 12 -12 12 -13 13 -11 13 -12 12 -11 13 -12 12 -11 13 -11 13 -12 14 -11 14 -11 15 -12 13 -12 15 -13 15 -11 17 -14 0 0 16 -12 15 -12 16 -13 16 -15 16 -12 17 -14 16 -13 17 -13 17 -13 16 -13 17 -13 17 -12 16 -13 16 -12 16 -13 16 -13 17 -13 16 -13 16 -12 17 -14 17 -14 17 -13 17 -13 17 -14 16 -12 15 -12 0 0 0 0 0 0 0 0 0 0 ]
242,1782980337.749857,18.9145,-69,CSI_DATA,AP,98:F4:AB:29:67:94,-69,11,1,4,1,1,1,0,0,0,0,-96,0,6,1,53812066,0,84,0,0,54.1944,384,[84 -64 4 0 0 0 0 0 0 0 0 0 8 12 5 11 6 13 5 13 6 14 6 13 7 15 4 14 6 12 5 14 7 15 4 15 6 16 4 16 4 14 6 15 5 15 6 14 6 15 5 16 5 16 7 17 8 16 6 18 7 18 6 18 0 0 9 17 8 18 8 16 8 18 8 16 9 17 9 20 10 18 10 19 10 18 9 19 7 18 9 18 9 18 10 16 10 16 11 18 10 16 10 16 11 17 11 17 12 18 11 17 13 18 11 16 11 16 0 0 0 0 0 0 0 0 0 0 ]
243,1782980337.840803,17.8104,-68,CSI_DATA,AP,98:F4:AB:29:67:94,-68,11,1,4,1,1,1,0,0,0,0,-96,0,6,1,53901594,0,84,0,0,54.2839,384,[84 -64 4 0 0 0 0 0 0 0 0 0 12 3 11 3 12 4 11 5 12 4 10 3 12 4 10 5 13 4 13 6 13 6 13 6 13 6 14 6 12 6 13 6 12 6 13 5 12 5 12 6 14 6 14 6 14 6 14 5 15 7 15 7 0 0 15 5 16 6 16 5 17 5 15 5 16 5 16 6 17 6 18 6 18 6 17 7 16 6 17 6 17 6 18 4 16 4 20 4 17 4 18 3 17 4 18 4 18 4 19 5 18 3 17 5 16 3 0 0 0 0 0 0 0 0 0 0 ]
244,1782980337.935766,17.4950,-69,CSI_DATA,AP,98:F4:AB:29:67:94,-69,11,1,4,1,1,1,0,0,0,0,-96,0,6,1,53994932,0,84,0,0,54.3772,384,[84 -64 4 0 0 0 0 0 0 0 0 0 10 0 11 0 11 2 12 0 13 1 11 1 13 3 11 3 14 0 15 2 12 2 13 3 13 3 15 4 12 3 15 3 14 2 13 3 13 2 14 2 15 2 16 2 17 4 16 2 17 4 15 4 0 0 16 2 18 2 17 1 18 0 16 2 17 1 19 2 18 2 18 1 18 2 18 1 18 2 18 2 16 2 20 0 17 0 20 1 17 0 18 0 18 -1 19 1 17 1 20 1 18 1 17 0 17 0 0 0 0 0 0 0 0 0 0 0 ]
245,1782980338.028554,18.1087,-69,CSI_DATA,AP,98:F4:AB:29:67:94,-69,11,1,4,1,1,1,0,0,0,0,-96,0,6,1,54082592,0,84,0,0,54.4649,384,[84 -64 4 0 0 0 0 0 0 0 0 0 13 2 13 3 12 4 14 4 12 4 13 5 14 5 12 6 15 6 13 6 15 6 16 6 16 8 16 6 15 7 14 7 14 7 14 7 15 8 15 8 15 7 16 8 16 7 17 7 17 8 17 8 0 0 16 9 18 8 17 9 17 8 17 9 18 9 18 9 18 8 18 9 18 8 19 9 18 7 18 8 19 8 17 9 19 8 18 9 19 8 19 8 19 7 19 9 18 8 19 8 19 8 19 8 18 7 0 0 0 0 0 0 0 0 0 0 ]
246,1782980338.121533,18.8223,-68,CSI_DATA,AP,98:F4:AB:29:67:94,-68,11,1,4,1,1,1,0,0,0,0,-96,0,6,1,54172855,0,84,0,0,54.5551,384,[84 -64 4 0 0 0 0 0 0 0 0 0 6 12 6 11 6 12 7 13 7 13 5 12 5 14 6 14 6 14 5 15 6 15 5 16 4 16 5 15 4 15 6 16 5 16 5 15 5 14 5 15 6 16 6 16 6 17 5 17 6 18 6 18 0 0 5 17 6 18 6 17 6 17 6 17 7 19 6 18 6 19 7 20 8 19 6 20 5 19 6 19 6 20 7 19 7 19 7 19 7 17 6 18 7 18 7 20 6 20 7 20 6 19 6 18 6 18 0 0 0 0 0 0 0 0 0 0 ]
247,1782980338.214069,17.1441,-69,CSI_DATA,AP,98:F4:AB:29:67:94,-69,11,1,4,1,1,1,0,0,0,0,-96,0,6,1,54261495,0,84,0,0,54.6438,384,[84 -64 4 0 0 0 0 0 0 0 0 0 -4 10 -4 10 -5 12 -5 10 -4 12 -5 11 -4 10 -5 11 -6 11 -7 11 -7 12 -6 12 -6 13 -8 12 -6 11 -7 13 -6 12 -6 14 -6 12 -6 13 -7 13 -6 14 -8 14 -7 15 -8 14 -8 14 0 0 -7 15 -8 17 -7 16 -7 17 -8 15 -7 16 -9 16 -9 17 -8 17 -8 17 -8 17 -9 16 -8 17 -8 15 -7 18 -6 17 -7 20 -7 17 -7 18 -6 17 -8 18 -8 17 -8 18 -8 17 -7 16 -7 17 0 0 0 0 0 0 0 0 0 0 ]
248,1782980338.307052,16.3653,-69,CSI_DATA,AP,98:F4:AB:29:67:94,-69,11,1,4,1,1,1,0,0,0,0,-96,0,6,1,54352991,0,84,0,0,54.7353,384,[84 -64 4 0 0 0 0 0 0 0 0 0 10 8 8 7 9 9 8 8 9 8 7 9 9 10 8 10 9 9 9 10 9 11 9 11 8 11 9 12 8 11 10 11 9 11 10 11 9 11 10 11 10 12 9 11 11 12 10 12 10 13 11 12 0 0 11 12 13 13 11 12 12 12 10 12 12 13 12 14 11 13 11 12 14 13 13 13 12 13 11 13 11 12 13 13 13 12 14 13 13 11 14 13 14 12 13 12 14 13 14 14 13 12 12 12 12 11 0 0 0 0 0 0 0 0 0 0 ]
249,1782980338.399929,17.8583,-68,CSI_DATA,AP,98:F4:AB:29:67:94,-68,11,1,4,1,1,1,0,0,0,0,-96,0,6,1,54441737,0,84,0,0,54.824,384,[84 -64 4 0 0 0 0 0 0 0 0 0 -1 -16 0 -14 0 -15 0 -14 0 -15 0 -15 3 -16 3 -15 2 -16 3 -16 1 -18 2 -18 3 -18 3 -18 2 -16 2 -18 2 -16 3 -16 2 -17 3 -17 3 -18 3 -18 2 -19 3 -20 3 -19 2 -20 0 0 2 -19 2 -21 2 -21 2 -21 3 -19 3 -20 3 -22 2 -21 3 -21 2 -23 1 -21 2 -21 2 -22 3 -21 1 -22 1 -21 1 -23 0 -22 1 -22 1 -22 2 -21 2 -22 1 -22 1 -22 0 -20 1 -20 0 0 0 0 0 0 0 0 0 0 ]
250,1782980338.492266,18.0574,-67,CSI_DATA,AP,98:F4:AB:29:67:94,-67,11,1,2,1,1,1,0,0,0,0,-96,0,6,1,54537333,0,84,0,0,54.9196,384,[84 -64 4 0 0 0 0 0 0 0 0 0 -2 -13 -2 -13 -3 -14 -2 -14 -2 -14 -2 -14 0 -13 0 -15 -1 -15 0 -15 0 -16 -1 -15 0 -16 -1 -16 0 -16 1 -17 0 -15 0 -16 1 -15 1 -17 0 -17 0 -18 0 -18 0 -18 1 -18 0 -18 0 0 1 -19 0 -20 0 -19 -1 -20 0 -18 1 -20 1 -20 1 -19 1 -21 0 -22 0 -21 -1 -20 1 -22 1 -20 0 -21 -1 -21 0 -22 -1 -20 0 -21 0 -21 0 -22 3 -21 1 -22 -1 -22 -1 -21 1 -20 0 0 0 0 0 0 0 0 0 0 ]
251,1782980338.584471,16.8763,-69,CSI_DATA,AP,98:F4:AB:29:67:94,-69,11,1,4,1,1,1,0,0,0,0,-96,0,6,1,54621516,0,84,0,0,55.0038,384,[84 -64 4 0 0 0 0 0 0 0 0 0 10 4 10 5 11 5 10 6 11 5 10 6 10 6 9 7 11 7 10 7 11 7 11 8 11 8 11 9 11 7 11 8 11 7 12 7 11 8 12 7 12 9 12 9 12 10 12 9 12 10 13 9 0 0 12 10 14 10 13 10 15 10 13 10 14 10 14 11 14 11 14 11 14 11 15 11 14 12 13 12 14 11 15 10 14 9 16 12 14 10 14 10 15 11 15 12 14 10 14 13 15 10 13 11 13 10 0 0 0 0 0 0 0 0 0 0 ]
252,1782980338.679495,17.6352,-69,CSI_DATA,AP,98:F4:AB:29:67:94,-69,11,1,4,1,1,1,0,0,0,0,-96,0,6,1,54712585,0,84,0,0,55.0949,384,[84 -64 4 0 0 0 0 0 0 0 0 0 5 12 5 11 6 13 3 12 4 14 4 13 3 14 3 14 4 14 4 15 4 15 3 15 3 16 3 15 3 15 3 17 3 15 4 16 3 15 4 15 3 17 4 17 3 16 3 19 4 18 5 18 0 0 5 18 5 20 5 18 5 18 4 18 5 19 5 20 5 19 5 20 6 22 5 21 4 20 5 20 4 19 5 19 6 19 6 22 6 19 6 21 7 20 6 19 6 20 6 21 6 21 5 19 6 19 0 0 0 0 0 0 0 0 0 0 ]
253,1782980338.772559,17.3511,-69,CSI_DATA,AP,98:F4:AB:29:67:94,-69,11,1,4,1,1,1,0,0,0,0,-96,0,6,1,54801741,0,84,0,0,55.1841,384,[84 -64 4 0 0 0 0 0 0 0 0 0 5 -11 6 -11 6 -11 6 -11 6 -11 8 -11 7 -11 6 -12 8 -11 7 -12 7 -12 7 -12 9 -13 8 -13 8 -12 10 -12 8 -11 7 -12 8 -12 9 -12 8 -13 10 -13 9 -13 9 -14 9 -15 10 -14 0 0 10 -15 11 -14 10 -14 10 -16 10 -14 10 -15 11 -14 11 -15 11 -15 10 -15 10 -16 11 -15 11 -15 11 -15 10 -16 10 -16 11 -16 10 -16 11 -15 9 -16 10 -15 11 -16 10 -16 10 -16 10 -14 9 -15 0 0 0 0 0 0 0 0 0 0 ]
254,1782980338.863415,20.2456,-68,CSI_DATA,AP,98:F4:AB:29:67:94,-68,11,1,4,1,1,1,0,0,0,0,-96,0,6,1,54891980,0,84,0,0,55.2742,384,[84 -64 4 0 0 0 0 0 0 0 0 0 -3 -16 -4 -16 -3 -17 -2 -16 -2 -17 -2 -16 -1 -16 -1 -17 -1 -18 -1 -19 -1 -19 -1 -19 -1 -20 0 -19 0 -18 -1 -20 -1 -19 -2 -20 -1 -19 -2 -20 -1 -21 -1 -22 -2 -21 -2 -22 -2 -22 -1 -22 0 0 -2 -22 -3 -25 -3 -22 -3 -23 -2 -22 -1 -23 -1 -26 -3 -24 -3 -24 -3 -26 -3 -25 -1 -24 -2 -24 -2 -24 -3 -25 -4 -24 -4 -25 -3 -23 -3 -25 -4 -25 -4 -24 -4 -25 -3 -25 -3 -25 -3 -24 -3 -24 0 0 0 0 0 0 0 0 0 0 ]
255,1782980338.955179,20.4820,-69,CSI_DATA,AP,98:F4:AB:29:67:94,-69,11,1,4,1,1,1,0,0,0,0,-96,0,6,1,54982689,0,84,0,0,55.365,384,[84 -64 4 0 0 0 0 0 0 0 0 0 11 6 11 7 11 7 11 7 13 8 10 8 11 9 13 9 11 9 13 10 13 11 13 11 11 11 12 10 12 10 14 11 12 10 13 10 12 10 13 9 13 11 14 10 15 11 14 11 15 12 14 12 0 0 16 11 17 10 17 11 18 11 15 11 18 11 16 11 16 11 17 10 18 11 17 12 16 14 17 12 17 10 18 10 18 9 19 10 16 9 18 9 18 9 19 9 18 9 19 10 18 9 17 9 16 9 0 0 0 0 0 0 0 0 0 0 ]
256,1782980339.043808,18.6026,-69,CSI_DATA,AP,98:F4:AB:29:67:94,-69,11,1,4,1,1,1,0,0,0,0,-96,0,6,1,55074718,0,84,0,0,55.457,384,[84 -64 4 0 0 0 0 0 0 0 0 0 8 -9 8 -8 9 -8 9 -8 10 -8 9 -8 10 -8 9 -8 11 -8 11 -8 10 -9 12 -8 12 -8 12 -8 12 -8 11 -9 11 -9 11 -10 12 -9 12 -9 13 -9 12 -10 13 -10 13 -10 13 -10 14 -10 0 0 13 -11 13 -11 13 -12 13 -12 13 -10 14 -12 14 -12 15 -11 14 -12 15 -13 14 -13 14 -12 14 -12 13 -12 13 -13 14 -14 15 -14 13 -13 15 -13 14 -14 14 -13 14 -14 14 -13 14 -14 13 -12 13 -13 0 0 0 0 0 0 0 0 0 0 ]
257,1782980339.136291,17.4039,-67,CSI_DATA,AP,98:F4:AB:29:67:94,-67,11,1,2,1,1,1,0,0,0,0,-96,0,6,1,55163831,0,84,0,0,55.5461,384,[84 -64 4 0 0 0 0 0 0 0 0 0 5 -11 6 -10 6 -11 6 -10 6 -11 7 -10 8 -10 8 -11 8 -11 7 -11 7 -12 8 -12 9 -12 9 -12 9 -11 9 -12 8 -11 7 -12 8 -12 9 -11 10 -12 9 -12 10 -12 10 -13 10 -14 9 -13 0 0 10 -13 10 -14 9 -14 9 -14 9 -14 10 -14 11 -14 11 -15 11 -15 9 -15 10 -15 10 -15 10 -15 11 -15 10 -15 10 -15 10 -16 9 -15 11 -15 9 -15 11 -15 10 -16 10 -15 9 -16 9 -15 9 -15 0 0 0 0 0 0 0 0 0 0 ]
258,1782980339.228368,17.6521,-68,CSI_DATA,AP,98:F4:AB:29:67:94,-68,11,1,4,1,1,1,0,0,0,0,-96,0,6,1,55252878,0,84,0,0,55.6352,384,[84 -64 4 0 0 0 0 0 0 0 0 0 -11 -6 -11 -7 -12 -7 -12 -7 -11 -8 -10 -9 -11 -9 -11 -9 -11 -9 -12 -10 -11 -11 -11 -11 -12 -11 -11 -12 -12 -10 -12 -11 -13 -10 -12 -10 -12 -11 -12 -11 -13 -12 -13 -12 -13 -12 -13 -13 -13 -13 -14 -12 0 0 -13 -13 -14 -13 -15 -14 -15 -13 -13 -13 -14 -14 -14 -13 -15 -14 -14 -14 -15 -14 -15 -14 -14 -14 -13 -14 -13 -14 -14 -13 -14 -11 -16 -14 -14 -13 -15 -12 -15 -12 -14 -12 -14 -15 -13 -15 -15 -14 -13 -14 -14 -13 0 0 0 0 0 0 0 0 0 0 ]
259,1782980339.318541,16.9281,-69,CSI_DATA,AP,98:F4:AB:29:67:94,-69,11,1,4,1,1,1,0,0,0,0,-96,0,6,1,55341493,0,84,0,0,55.7238,384,[84 -64 4 0 0 0 0 0 0 0 0 0 -1 12 -2 10 -2 12 -1 12 -3 13 -2 10 -3 12 -3 12 -3 13 -3 13 -3 13 -4 14 -3 14 -4 14 -3 13 -4 15 -4 13 -3 15 -3 14 -2 14 -4 15 -3 15 -3 17 -4 16 -4 16 -4 16 0 0 -3 16 -3 18 -3 17 -2 18 -4 17 -3 18 -3 18 -3 17 -3 18 -4 19 -4 19 -4 18 -3 18 -3 18 -3 19 -2 18 -3 19 -2 17 -2 19 -3 19 -3 19 -1 18 -2 20 -3 19 -3 18 -3 17 0 0 0 0 0 0 0 0 0 0 ]
260,1782980339.413381,17.4855,-68,CSI_DATA,AP,98:F4:AB:29:67:94,-68,11,1,4,1,1,1,0,0,0,0,-96,0,6,1,55435636,0,84,0,0,55.8179,384,[84 -64 4 0 0 0 0 0 0 0 0 0 -6 -12 -6 -11 -6 -14 -6 -14 -6 -15 -6 -14 -6 -14 -6 -14 -6 -15 -3 -16 -5 -17 -4 -18 -5 -17 -4 -16 -5 -15 -6 -16 -6 -16 -6 -17 -6 -16 -6 -17 -6 -18 -7 -18 -6 -18 -5 -20 -6 -18 -6 -19 0 0 -7 -18 -8 -20 -7 -19 -9 -20 -6 -18 -8 -19 -6 -21 -8 -20 -7 -21 -8 -22 -7 -21 -7 -21 -8 -20 -8 -19 -10 -20 -10 -19 -10 -22 -9 -20 -10 -21 -10 -21 -8 -20 -11 -20 -8 -21 -10 -20 -8 -20 -8 -18 0 0 0 0 0 0 0 0 0 0 ]
261,1782980339.504253,16.6880,-68,CSI_DATA,AP,98:F4:AB:29:67:94,-68,11,1,4,1,1,1,0,0,0,0,-96,0,6,1,55525730,0,84,0,0,55.9081,384,[84 -64 4 0 0 0 0 0 0 0 0 0 1 -13 2 -12 3 -14 1 -12 2 -13 3 -13 3 -13 3 -13 3 -14 4 -14 4 -15 5 -14 5 -14 4 -14 4 -14 5 -15 3 -13 3 -14 4 -15 5 -15 4 -15 5 -16 5 -16 4 -15 5 -16 5 -17 0 0 6 -17 5 -17 6 -17 4 -18 6 -17 6 -19 6 -18 6 -19 6 -19 4 -19 5 -20 5 -18 5 -18 5 -18 5 -20 4 -19 4 -20 5 -18 5 -19 4 -19 6 -18 6 -18 5 -20 4 -19 5 -19 4 -18 0 0 0 0 0 0 0 0 0 0 ]
262,1782980339.596679,18.8277,-68,CSI_DATA,AP,98:F4:AB:29:67:94,-68,11,1,4,1,1,1,0,0,0,0,-96,0,6,1,55613762,0,84,0,0,55.9961,384,[84 -64 4 0 0 0 0 0 0 0 0 0 -13 -5 -14 -4 -13 -5 -15 -6 -15 -6 -13 -7 -14 -7 -14 -7 -15 -7 -16 -8 -14 -9 -16 -9 -15 -9 -14 -9 -15 -10 -16 -10 -16 -8 -15 -9 -15 -8 -17 -9 -16 -10 -17 -9 -17 -9 -16 -11 -17 -11 -17 -10 0 0 -18 -10 -17 -11 -18 -10 -19 -9 -16 -10 -18 -10 -18 -11 -19 -12 -17 -11 -20 -11 -19 -11 -17 -12 -18 -11 -18 -12 -18 -11 -18 -10 -20 -12 -18 -10 -19 -11 -19 -10 -19 -11 -19 -11 -19 -12 -20 -11 -19 -10 -17 -10 0 0 0 0 0 0 0 0 0 0 ]
263,1782980339.688919,18.3084,-68,CSI_DATA,AP,98:F4:AB:29:67:94,-68,11,1,4,1,1,1,0,0,0,0,-96,0,6,1,55704692,0,84,0,0,56.0869,384,[84 -64 4 0 0 0 0 0 0 0 0 0 12 2 11 3 12 2 11 2 14 3 11 3 13 4 11 4 12 5 13 5 13 4 14 6 13 5 13 6 12 6 13 6 13 5 13 5 13 4 13 4 14 7 14 6 15 6 15 6 16 6 16 6 0 0 13 5 17 6 15 5 18 4 15 6 17 5 17 6 17 6 18 5 18 6 18 6 17 6 16 5 16 6 18 5 17 5 19 5 18 4 18 5 18 5 18 6 18 4 19 6 18 4 17 6 16 4 0 0 0 0 0 0 0 0 0 0 ]
264,1782980339.778718,18.8272,-68,CSI_DATA,AP,98:F4:AB:29:67:94,-68,11,1,4,1,1,1,0,0,0,0,-96,0,6,1,55796782,0,84,0,0,56.1791,384,[84 -64 4 0 0 0 0 0 0 0 0 0 -11 2 -13 2 -13 2 -13 1 -13 2 -13 1 -13 0 -13 0 -13 1 -14 0 -14 1 -15 -1 -15 -1 -14 0 -14 -1 -16 0 -14 0 -15 3 -14 0 -15 1 -17 0 -17 1 -17 1 -16 1 -18 1 -17 0 0 0 -18 0 -18 1 -17 2 -19 1 -17 0 -17 1 -20 1 -18 1 -19 1 -20 2 -20 2 -18 1 -19 1 -19 2 -17 3 -18 3 -20 3 -19 2 -18 2 -19 2 -19 2 -19 3 -19 1 -19 3 -18 2 -17 2 0 0 0 0 0 0 0 0 0 0 ]
265,1782980339.871533,17.1740,-69,CSI_DATA,AP,98:F4:AB:29:67:94,-69,11,1,4,1,1,1,0,0,0,0,-96,0,6,1,55884762,0,84,0,0,56.2671,384,[84 -64 4 0 0 0 0 0 0 0 0 0 -10 -2 -10 -1 -12 -3 -13 -4 -12 -3 -12 -4 -10 -4 -12 -3 -12 -4 -12 -5 -13 -5 -13 -6 -12 -5 -13 -5 -12 -5 -14 -6 -13 -4 -12 -5 -13 -5 -12 -6 -13 -6 -13 -5 -14 -6 -14 -6 -15 -6 -14 -6 0 0 -15 -6 -16 -6 -16 -6 -16 -5 -15 -6 -15 -6 -16 -5 -16 -7 -16 -6 -16 -6 -16 -6 -16 -6 -16 -6 -15 -6 -17 -6 -16 -5 -17 -7 -16 -5 -17 -7 -17 -5 -17 -7 -17 -7 -17 -6 -17 -6 -16 -6 -16 -5 0 0 0 0 0 0 0 0 0 0 ]
266,1782980339.961327,17.8706,-69,CSI_DATA,AP,98:F4:AB:29:67:94,-69,11,1,4,1,1,1,0,0,0,0,-96,0,6,1,55974238,0,84,0,0,56.3565,384,[84 -64 4 0 0 0 0 0 0 0 0 0 10 -8 11 -8 13 -9 13 -7 12 -9 12 -6 13 -8 14 -7 13 -8 14 -7 15 -7 15 -7 15 -6 14 -7 15 -6 15 -8 15 -7 14 -7 14 -6 15 -8 15 -7 16 -9 16 -7 17 -8 18 -7 18 -8 0 0 17 -8 18 -8 17 -8 18 -9 17 -8 19 -9 20 -9 19 -10 18 -8 20 -9 19 -8 20 -8 20 -8 19 -8 19 -8 18 -9 20 -9 18 -9 20 -9 19 -10 19 -8 19 -8 21 -9 19 -9 19 -7 18 -8 0 0 0 0 0 0 0 0 0 0 ]
267,1782980340.054413,17.9941,-70,CSI_DATA,AP,98:F4:AB:29:67:94,-70,11,1,5,1,1,1,0,0,0,0,-96,0,6,1,56062459,0,84,0,0,56.4448,384,[84 -64 4 0 0 0 0 0 0 0 0 0 -3 13 -2 11 -2 14 -3 14 -4 13 -4 13 -5 14 -6 13 -4 14 -6 15 -6 15 -6 15 -6 15 -7 15 -5 14 -6 15 -5 13 -5 15 -6 14 -5 14 -7 15 -7 17 -6 16 -7 15 -6 17 -7 17 0 0 -8 17 -6 18 -5 16 -6 18 -7 16 -7 17 -8 18 -8 18 -7 18 -8 20 -6 19 -8 18 -7 19 -7 17 -6 19 -5 18 -7 21 -6 18 -7 19 -5 19 -7 19 -6 19 -8 19 -7 19 -6 19 -7 17 0 0 0 0 0 0 0 0 0 0 ]
268,1782980340.146071,18.0804,-69,CSI_DATA,AP,98:F4:AB:29:67:94,-69,11,1,4,1,1,1,1,0,0,0,-96,1,6,1,56153517,0,84,0,0,56.5358,384,[84 -64 4 0 0 0 0 0 0 0 0 0 -7 -11 -7 -10 -8 -11 -8 -12 -7 -12 -6 -12 -8 -12 -6 -12 -7 -13 -7 -13 -7 -13 -6 -14 -5 -13 -6 -15 -5 -13 -7 -15 -6 -14 -7 -14 -7 -14 -7 -14 -7 -15 -7 -15 -7 -15 -7 -16 -6 -17 -7 -16 0 0 -7 -16 -8 -17 -8 -16 -9 -16 -6 -16 -8 -16 -7 -18 -8 -18 -9 -18 -9 -17 -9 -18 -7 -17 -8 -18 -8 -18 -9 -17 -9 -17 -9 -18 -8 -17 -9 -18 -10 -17 -9 -18 -9 -17 -8 -18 -8 -18 -8 -17 -8 -16 0 0 0 0 0 0 0 0 0 0 ]
269,1782980340.238536,16.5405,-70,CSI_DATA,AP,98:F4:AB:29:67:94,-70,11,1,5,1,1,1,1,0,0,0,-96,1,6,1,56241537,0,84,0,0,56.6238,384,[84 -64 4 0 0 0 0 0 0 0 0 0 9 6 9 6 8 9 9 8 8 9 8 8 9 9 8 9 7 9 9 9 8 10 8 10 9 9 8 10 8 10 9 11 9 10 8 8 8 10 9 11 10 10 11 10 10 11 9 11 10 12 11 12 0 0 11 12 12 12 11 13 10 11 10 11 11 12 12 13 11 12 12 13 12 13 12 14 12 13 11 13 12 13 12 12 12 12 12 13 12 12 13 11 13 12 12 12 12 13 12 12 12 12 12 12 12 12 0 0 0 0 0 0 0 0 0 0 ]
270,1782980340.330878,16.7636,-70,CSI_DATA,AP,98:F4:AB:29:67:94,-70,11,1,5,1,1,1,1,0,0,0,-96,1,6,1,56335346,0,84,0,0,56.7176,384,[84 -64 4 0 0 0 0 0 0 0 0 0 2 -13 3 -15 3 -13 4 -13 4 -13 3 -13 4 -14 4 -14 5 -15 4 -15 6 -15 6 -14 6 -15 6 -14 6 -14 6 -15 5 -15 4 -15 5 -17 5 -16 6 -16 5 -17 6 -16 6 -17 6 -16 5 -19 0 0 6 -18 7 -18 6 -19 6 -19 7 -19 6 -20 8 -18 7 -20 5 -19 7 -20 6 -20 6 -19 7 -20 8 -20 6 -19 6 -20 7 -20 7 -19 6 -21 6 -19 7 -19 7 -20 7 -20 6 -20 7 -19 6 -18 0 0 0 0 0 0 0 0 0 0 ]
271,1782980340.423042,17.5333,-70,CSI_DATA,AP,98:F4:AB:29:67:94,-70,11,1,5,1,1,1,1,0,0,0,-96,1,6,1,56421712,0,84,0,0,56.8039,384,[84 -64 4 0 0 0 0 0 0 0 0 0 6 -12 6 -12 6 -12 5 -13 7 -13 6 -12 8 -13 9 -12 7 -12 8 -13 8 -14 8 -14 9 -13 9 -13 8 -13 8 -14 8 -13 8 -14 8 -14 8 -14 10 -14 8 -16 10 -15 10 -15 11 -15 10 -16 0 0 10 -16 10 -17 10 -17 10 -18 10 -16 9 -19 10 -18 10 -17 10 -18 11 -21 10 -18 10 -17 10 -18 10 -15 10 -18 8 -19 9 -19 8 -19 10 -19 10 -19 10 -18 9 -18 10 -19 9 -21 9 -17 9 -15 0 0 0 0 0 0 0 0 0 0 ]
272,1782980340.516133,17.5843,-71,CSI_DATA,AP,98:F4:AB:29:67:94,-71,11,1,6,1,1,1,1,0,0,0,-96,1,6,1,56511739,0,84,0,0,56.894,384,[84 -64 4 0 0 0 0 0 0 0 0 0 12 -2 14 0 13 -2 12 -2 14 -1 14 -1 15 0 13 0 14 0 13 1 15 0 15 1 16 0 16 0 14 1 16 2 14 0 14 -1 15 0 16 0 18 0 16 -1 16 0 18 0 17 0 17 0 0 0 18 0 19 -1 18 -1 18 -1 19 1 20 1 20 0 18 0 21 -1 19 -1 21 -2 19 0 20 -1 20 -1 19 -2 21 -1 21 -1 20 -1 20 0 20 -1 20 0 19 -1 20 -1 21 -2 20 -1 19 -1 0 0 0 0 0 0 0 0 0 0 ]
273,1782980340.612869,19.1049,-71,CSI_DATA,AP,98:F4:AB:29:67:94,-71,11,1,6,1,1,1,1,0,0,0,-96,1,6,1,56602060,0,84,0,0,56.9844,384,[84 -64 4 0 0 0 0 0 0 0 0 0 -9 -13 -9 -13 -7 -13 -8 -13 -8 -14 -7 -16 -8 -14 -7 -16 -8 -15 -6 -15 -7 -16 -8 -17 -7 -17 -7 -17 -7 -16 -7 -16 -8 -15 -8 -17 -8 -16 -8 -17 -8 -18 -8 -19 -8 -18 -9 -19 -8 -19 -9 -19 0 0 -10 -19 -9 -19 -10 -19 -10 -18 -9 -20 -10 -22 -10 -20 -10 -21 -10 -21 -10 -22 -10 -21 -11 -22 -11 -21 -10 -22 -10 -18 -12 -20 -10 -21 -10 -20 -11 -21 -12 -21 -11 -21 -11 -20 -11 -19 -12 -21 -9 -20 -10 -19 0 0 0 0 0 0 0 0 0 0 ]
274,1782980340.703098,17.1907,-71,CSI_DATA,AP,98:F4:AB:29:67:94,-71,11,1,6,1,1,1,1,0,0,0,-96,1,6,1,56694255,0,84,0,0,57.0766,384,[84 -64 4 0 0 0 0 0 0 0 0 0 2 11 2 11 2 12 0 12 1 12 2 12 1 11 0 12 1 12 0 14 -1 13 0 14 0 14 0 13 0 14 0 13 0 13 1 13 0 14 0 14 1 14 0 15 0 14 0 15 0 15 1 15 0 0 1 15 1 16 0 15 1 17 0 16 1 17 1 17 2 17 1 17 1 17 1 17 2 17 1 18 0 18 2 17 2 17 1 18 2 17 1 17 3 18 1 18 2 18 1 18 2 18 1 16 2 17 0 0 0 0 0 0 0 0 0 0 ]
275,1782980340.795306,16.8702,-71,CSI_DATA,AP,98:F4:AB:29:67:94,-71,11,1,6,1,1,1,1,0,0,0,-96,1,6,1,56782117,0,84,0,0,57.1644,384,[84 -64 4 0 0 0 0 0 0 0 0 0 -4 13 -4 14 -5 12 -4 14 -4 14 -5 12 -6 15 -3 13 -5 14 -7 15 -6 15 -8 15 -8 13 -7 14 -7 13 -9 15 -6 13 -7 15 -7 14 -6 14 -8 13 -6 15 -7 16 -8 16 -8 15 -9 17 0 0 -10 17 -9 18 -9 16 -9 18 -10 16 -9 16 -9 18 -9 18 -8 17 -10 18 -10 18 -10 16 -10 16 -10 18 -9 16 -9 16 -9 18 -10 18 -11 18 -9 17 -10 17 -9 17 -11 16 -10 18 -9 15 -7 16 0 0 0 0 0 0 0 0 0 0 ]
276,1782980340.883794,17.6964,-67,CSI_DATA,AP,98:F4:AB:29:67:94,-67,11,1,1,1,1,1,1,0,0,0,-96,1,6,1,56887402,0,84,0,0,57.2697,384,[84 -64 4 0 0 0 0 0 0 0 0 0 9 9 8 8 9 10 9 8 9 12 7 9 9 11 8 11 9 10 8 12 8 13 8 13 8 13 8 12 7 12 10 14 8 11 10 13 8 11 9 12 10 13 11 13 10 13 9 14 10 15 9 14 0 0 10 14 12 15 11 14 12 14 10 12 12 14 13 16 12 15 13 15 13 15 13 16 11 15 12 15 11 15 13 15 13 13 14 16 13 12 13 14 14 13 14 15 14 14 14 16 13 15 13 14 13 13 0 0 0 0 0 0 0 0 0 0 ]
277,1782980340.975469,20.0100,-70,CSI_DATA,AP,98:F4:AB:29:67:94,-70,11,1,5,1,1,1,1,0,0,0,-96,1,6,1,56963279,0,84,0,0,57.3456,384,[84 -64 4 0 0 0 0 0 0 0 0 0 -16 -3 -14 -2 -16 -4 -14 -3 -17 -3 -17 -3 -17 -5 -15 -5 -17 -5 -16 -3 -18 -4 -19 -4 -18 -6 -16 -6 -17 -6 -19 -5 -16 -4 -17 -5 -17 -5 -18 -4 -19 -5 -20 -4 -20 -5 -20 -3 -21 -6 -22 -4 0 0 -20 -3 -21 -5 -21 -5 -22 -3 -21 -4 -22 -4 -23 -4 -23 -5 -23 -5 -23 -4 -24 -4 -23 -6 -22 -5 -24 -4 -22 -4 -23 -3 -24 -5 -23 -4 -24 -4 -24 -4 -23 -5 -23 -3 -24 -5 -23 -4 -24 -4 -23 -4 0 0 0 0 0 0 0 0 0 0 ]
278,1782980341.066995,20.0160,-70,CSI_DATA,AP,98:F4:AB:29:67:94,-70,11,1,5,1,1,1,1,0,0,0,-96,1,6,1,57052112,0,84,0,0,57.4344,384,[84 -64 4 0 0 0 0 0 0 0 0 0 -1 -13 -1 -13 1 -14 2 -15 2 -14 1 -15 3 -15 2 -15 1 -15 2 -16 2 -15 2 -16 2 -16 2 -16 3 -16 2 -17 3 -15 2 -16 2 -15 3 -18 2 -18 2 -18 2 -17 2 -18 3 -19 3 -19 0 0 3 -20 3 -19 2 -19 2 -20 3 -20 3 -20 2 -21 2 -21 2 -20 2 -22 2 -22 3 -21 2 -21 3 -22 3 -20 1 -20 2 -21 1 -20 1 -22 2 -21 1 -21 3 -21 1 -21 1 -20 3 -20 2 -20 0 0 0 0 0 0 0 0 0 0 ]
279,1782980341.158828,19.1533,-70,CSI_DATA,AP,98:F4:AB:29:67:94,-70,11,1,5,1,1,1,1,0,0,0,-96,1,6,1,57143542,0,84,0,0,57.5257,384,[84 -64 4 0 0 0 0 0 0 0 0 0 12 -5 13 -3 13 -4 12 -4 14 -4 12 -3 14 -1 14 -2 14 -3 15 -3 15 -2 16 -3 16 -2 15 -1 14 -2 16 -3 15 -2 15 -1 14 -3 15 -3 17 -3 16 -4 17 -3 17 -3 18 -3 18 -3 0 0 18 -3 19 -4 17 -4 17 -4 18 -3 18 -3 19 -3 19 -3 19 -4 21 -4 19 -4 20 -2 20 -4 19 -3 20 -4 18 -4 21 -5 18 -5 20 -4 19 -6 19 -5 19 -6 21 -5 20 -4 19 -5 19 -5 0 0 0 0 0 0 0 0 0 0 ]
280,1782980341.251988,18.5870,-69,CSI_DATA,AP,98:F4:AB:29:67:94,-69,11,1,4,1,1,1,1,0,0,0,-96,1,6,1,57235118,0,84,0,0,57.6174,384,[84 -64 4 0 0 0 0 0 0 0 0 0 -13 -1 -12 -2 -12 -2 -12 -2 -13 -3 -12 -2 -13 -3 -12 -3 -14 -2 -14 -3 -14 -5 -14 -4 -15 -4 -15 -4 -15 -3 -14 -4 -14 -3 -16 -3 -14 -3 -15 -3 -16 -3 -17 -3 -16 -4 -16 -5 -17 -5 -17 -4 0 0 -17 -4 -18 -4 -18 -3 -18 -3 -16 -3 -18 -3 -19 -4 -19 -4 -19 -3 -19 -3 -19 -3 -18 -4 -18 -3 -18 -3 -20 -2 -19 -2 -21 -3 -19 -2 -20 -2 -20 -1 -20 -3 -19 -2 -20 -3 -19 -2 -19 -3 -18 -2 0 0 0 0 0 0 0 0 0 0 ]
281,1782980341.343476,18.9841,-68,CSI_DATA,AP,98:F4:AB:29:67:94,-68,11,1,4,1,1,1,1,0,0,0,-96,1,6,1,57323272,0,84,0,0,57.7056,384,[84 -64 4 0 0 0 0 0 0 0 0 0 -6 12 -7 12 -7 13 -8 12 -9 12 -9 12 -9 12 -9 12 -9 12 -9 12 -10 14 -10 13 -11 14 -10 13 -10 12 -11 14 -10 13 -10 13 -10 13 -11 12 -11 13 -11 15 -10 14 -11 14 -12 15 -12 15 0 0 -11 15 -12 16 -12 16 -11 16 -12 14 -12 15 -13 17 -13 17 -13 17 -13 19 -12 18 -12 17 -14 17 -12 17 -12 17 -11 18 -13 18 -11 16 -13 18 -12 18 -13 18 -13 18 -12 18 -12 18 -12 17 -12 17 0 0 0 0 0 0 0 0 0 0 ]
282,1782980341.435195,19.7883,-68,CSI_DATA,AP,98:F4:AB:29:67:94,-68,11,1,4,1,1,1,1,0,0,0,-96,1,6,1,57416038,0,84,0,0,57.7983,384,[84 -64 4 0 0 0 0 0 0 0 0 0 -13 -7 -13 -8 -13 -8 -13 -9 -14 -8 -13 -9 -13 -9 -13 -10 -13 -10 -13 -10 -13 -9 -14 -10 -14 -12 -14 -10 -13 -11 -14 -11 -14 -11 -14 -10 -14 -11 -14 -10 -15 -11 -16 -11 -16 -13 -15 -12 -16 -13 -16 -13 0 0 -17 -13 -17 -13 -17 -13 -17 -12 -15 -12 -17 -12 -17 -13 -17 -13 -18 -12 -18 -13 -18 -12 -16 -13 -17 -12 -18 -12 -18 -12 -18 -12 -19 -13 -19 -12 -18 -11 -18 -11 -19 -12 -19 -13 -18 -12 -18 -12 -18 -11 -18 -11 0 0 0 0 0 0 0 0 0 0 ]
283,1782980341.527370,18.0296,-67,CSI_DATA,AP,98:F4:AB:29:67:94,-67,11,1,1,1,1,1,1,0,0,0,-96,1,6,1,57506623,0,84,0,0,57.889,384,[84 -64 4 0 0 0 0 0 0 0 0 0 9 6 9 5 11 7 9 6 10 7 8 6 9 7 8 7 10 7 9 8 10 9 10 9 9 9 9 9 9 9 10 9 10 8 10 8 10 8 11 8 10 9 11 9 12 10 11 10 12 11 11 10 0 0 12 10 14 11 12 9 14 9 11 9 14 10 13 11 13 11 14 10 15 12 14 11 12 11 13 12 12 11 14 10 14 10 15 10 13 9 13 10 15 10 13 11 14 9 14 12 13 11 13 11 13 9 0 0 0 0 0 0 0 0 0 0 ]
284,1782980341.618817,18.2611,-68,CSI_DATA,AP,98:F4:AB:29:67:94,-68,11,1,4,1,1,1,1,0,0,0,-96,1,6,1,57596893,0,84,0,0,57.9792,384,[84 -64 4 0 0 0 0 0 0 0 0 0 -14 1 -13 1 -15 1 -14 1 -16 1 -15 0 -15 -1 -15 0 -17 0 -17 0 -16 -1 -17 -1 -17 -2 -18 -1 -16 -2 -19 -2 -17 0 -18 -1 -17 -2 -17 -1 -19 -2 -19 -1 -19 -3 -19 -2 -20 -2 -20 -1 0 0 -20 -1 -21 -2 -20 -1 -21 0 -19 -1 -21 -2 -22 -3 -21 -3 -21 -1 -23 -2 -23 -1 -21 -2 -21 -2 -21 -3 -22 -1 -21 -1 -24 -2 -21 0 -22 -1 -23 -2 -23 -2 -22 -1 -22 -3 -22 -1 -20 -2 -19 -2 0 0 0 0 0 0 0 0 0 0 ]
285,1782980341.711613,17.2316,-69,CSI_DATA,AP,98:F4:AB:29:67:94,-69,11,1,4,1,1,1,1,0,0,0,-96,1,6,1,57683544,0,84,0,0,58.0659,384,[84 -64 4 0 0 0 0 0 0 0 0 0 -1 11 -1 12 -1 12 -2 12 -1 13 -2 12 -3 12 -2 12 -1 13 -3 13 -3 13 -2 14 -3 14 -3 14 -3 13 -4 14 -3 14 -2 13 -3 14 -2 14 -3 15 -2 15 -3 16 -3 16 -4 16 -3 16 0 0 -4 17 -4 17 -3 17 -3 17 -3 16 -3 18 -4 18 -3 18 -4 18 -3 19 -3 19 -4 18 -4 18 -3 18 -3 18 -4 18 -3 19 -4 17 -3 19 -3 19 -3 19 -4 19 -3 18 -3 18 -3 18 -3 18 0 0 0 0 0 0 0 0 0 0 ]
286,1782980341.806295,15.9794,-69,CSI_DATA,AP,98:F4:AB:29:67:94,-69,11,1,4,1,1,1,1,0,0,0,-96,1,6,1,57772700,0,84,0,0,58.155,384,[84 -64 4 0 0 0 0 0 0 0 0 0 8 8 8 8 8 9 8 9 8 10 7 9 7 11 7 10 8 10 8 11 8 11 7 12 8 11 7 12 7 11 8 12 7 10 8 11 8 11 9 12 9 13 9 13 8 13 9 13 8 13 9 14 0 0 9 14 10 14 10 14 11 14 9 13 10 14 9 15 10 15 10 15 11 15 11 15 9 16 10 15 10 14 10 15 11 14 11 15 11 14 10 14 11 15 11 14 12 15 12 15 10 15 10 15 10 13 0 0 0 0 0 0 0 0 0 0 ]
287,1782980341.895131,19.0899,-68,CSI_DATA,AP,98:F4:AB:29:67:94,-68,11,1,4,1,1,1,1,0,0,0,-96,1,6,1,57862621,0,84,0,0,58.245,384,[84 -64 4 0 0 0 0 0 0 0 0 0 -14 8 -15 7 -14 8 -15 8 -16 8 -15 5 -16 6 -16 6 -16 7 -18 7 -17 7 -18 6 -19 5 -18 6 -17 4 -19 6 -18 6 -17 7 -17 7 -18 7 -18 6 -20 7 -21 7 -20 6 -21 5 -22 8 0 0 -20 7 -22 8 -20 9 -21 10 -21 7 -22 8 -23 7 -22 8 -22 8 -23 8 -22 9 -22 7 -21 8 -22 8 -23 9 -21 8 -24 10 -21 9 -22 10 -21 10 -23 9 -22 10 -24 9 -22 10 -21 8 -21 8 0 0 0 0 0 0 0 0 0 0 ]
288,1782980341.986294,17.9928,-68,CSI_DATA,AP,98:F4:AB:29:67:94,-68,11,1,4,1,1,1,1,0,0,0,-96,1,6,1,57952323,0,84,0,0,58.3346,384,[84 -64 4 0 0 0 0 0 0 0 0 0 1 -12 2 -11 4 -13 3 -12 4 -13 4 -13 3 -13 3 -13 4 -13 4 -13 5 -14 5 -15 5 -14 5 -14 5 -14 4 -14 5 -15 5 -14 5 -14 5 -15 4 -16 5 -16 5 -16 5 -16 6 -16 5 -13 0 0 4 -16 4 -17 5 -17 4 -17 4 -17 4 -18 5 -19 5 -18 5 -18 4 -19 4 -20 5 -18 3 -18 4 -18 3 -18 3 -19 4 -20 3 -18 3 -19 3 -19 4 -19 4 -19 2 -20 3 -20 3 -17 2 -18 0 0 0 0 0 0 0 0 0 0 ]
289,1782980342.079250,18.5639,-69,CSI_DATA,AP,98:F4:AB:29:67:94,-69,11,1,4,1,1,1,1,0,0,0,-96,1,6,1,58041503,0,84,0,0,58.4239,384,[84 -64 4 0 0 0 0 0 0 0 0 0 5 13 5 12 5 14 5 13 4 14 4 14 4 14 4 14 4 15 3 16 3 16 2 17 3 17 2 16 2 15 3 17 3 15 4 15 2 15 4 15 4 16 5 17 4 17 3 17 2 19 3 18 0 0 4 18 4 19 3 19 5 18 3 17 6 18 5 20 6 19 6 20 5 20 5 19 4 19 5 20 6 19 6 19 6 19 6 21 6 19 7 19 8 18 7 19 7 20 7 21 7 19 6 20 6 18 0 0 0 0 0 0 0 0 0 0 ]
290,1782980342.168475,17.5205,-69,CSI_DATA,AP,98:F4:AB:29:67:94,-69,11,1,3,1,1,1,1,0,0,0,-96,1,6,1,58132630,0,84,0,0,58.5149,384,[84 -64 4 0 0 0 0 0 0 0 0 0 4 -12 5 -11 6 -12 5 -12 6 -13 6 -12 6 -12 7 -12 6 -12 7 -13 8 -12 8 -12 9 -12 8 -12 7 -11 8 -14 7 -12 7 -13 7 -13 8 -14 9 -14 8 -14 8 -14 9 -13 10 -13 9 -14 0 0 9 -14 8 -15 10 -14 9 -16 9 -14 9 -15 9 -16 9 -17 10 -17 10 -16 9 -16 11 -15 11 -15 10 -15 9 -16 9 -16 10 -18 9 -15 10 -17 9 -17 10 -17 10 -15 11 -17 11 -16 11 -15 10 -15 0 0 0 0 0 0 0 0 0 0 ]
291,1782980342.260556,20.3977,-69,CSI_DATA,AP,98:F4:AB:29:67:94,-69,11,1,3,1,1,1,1,0,0,0,-96,1,6,1,58222684,0,84,0,0,58.6049,384,[84 -64 4 0 0 0 0 0 0 0 0 0 7 -13 6 -13 8 -14 8 -13 9 -15 9 -13 9 -14 10 -14 9 -14 11 -15 11 -15 11 -14 11 -14 11 -15 10 -14 11 -15 9 -14 10 -16 10 -15 10 -16 12 -17 11 -18 13 -18 12 -17 13 -18 13 -17 0 0 12 -18 12 -19 11 -18 13 -20 12 -17 13 -19 14 -19 14 -19 14 -21 14 -22 14 -20 14 -17 13 -18 12 -19 13 -21 12 -20 13 -22 12 -19 13 -20 13 -22 14 -21 11 -22 14 -19 14 -20 11 -19 13 -19 0 0 0 0 0 0 0 0 0 0 ]
292,1782980342.351554,19.3814,-68,CSI_DATA,AP,98:F4:AB:29:67:94,-68,11,1,4,1,1,1,1,0,0,0,-96,1,6,1,58311516,0,84,0,0,58.6938,384,[84 -64 4 0 0 0 0 0 0 0 0 0 -6 -11 -5 -12 -6 -13 -6 -13 -5 -13 -5 -12 -4 -13 -5 -13 -3 -14 -5 -15 -5 -14 -5 -15 -4 -16 -4 -14 -4 -15 -4 -15 -4 -14 -5 -15 -4 -14 -4 -15 -4 -16 -4 -17 -4 -16 -5 -16 -4 -17 -5 -17 0 0 -4 -18 -5 -18 -5 -17 -5 -17 -5 -18 -5 -18 -4 -18 -5 -18 -4 -18 -5 -18 -6 -18 -6 -18 -5 -19 -4 -18 -6 -19 -6 -19 -6 -20 -5 -18 -5 -20 -5 -19 -5 -20 -6 -20 -6 -19 -7 -18 -5 -18 -6 -17 0 0 0 0 0 0 0 0 0 0 ]
293,1782980342.443162,19.3885,-69,CSI_DATA,AP,98:F4:AB:29:67:94,-69,11,1,3,1,1,1,1,0,0,0,-96,1,6,1,58403543,0,84,0,0,58.7859,384,[84 -64 4 0 0 0 0 0 0 0 0 0 -12 8 -13 7 -13 7 -13 8 -13 7 -13 7 -13 7 -13 8 -15 7 -15 8 -15 8 -15 7 -15 7 -16 7 -15 7 -17 6 -15 7 -16 8 -14 8 -16 7 -17 7 -16 8 -16 8 -17 8 -18 8 -18 9 0 0 -17 9 -19 9 -18 10 -18 10 -16 9 -19 11 -19 10 -18 10 -19 10 -19 11 -19 11 -20 10 -19 10 -18 11 -18 10 -18 10 -19 11 -18 11 -18 11 -19 11 -19 11 -18 11 -19 11 -19 11 -17 11 -16 10 0 0 0 0 0 0 0 0 0 0 ]
294,1782980342.534841,19.9194,-69,CSI_DATA,AP,98:F4:AB:29:67:94,-69,11,1,3,1,1,1,1,0,0,0,-96,1,6,1,58491489,0,84,0,0,58.8738,384,[84 -64 4 0 0 0 0 0 0 0 0 0 -14 -3 -15 -3 -16 -4 -15 -6 -16 -5 -14 -5 -15 -5 -15 -5 -16 -5 -15 -6 -17 -7 -17 -7 -16 -8 -16 -7 -15 -6 -17 -7 -16 -6 -16 -5 -16 -7 -17 -7 -17 -7 -17 -8 -18 -8 -17 -8 -18 -8 -18 -8 0 0 -18 -7 -19 -7 -18 -8 -20 -7 -18 -7 -19 -8 -19 -8 -20 -8 -20 -8 -21 -8 -20 -8 -19 -8 -20 -7 -19 -6 -21 -7 -19 -6 -21 -8 -20 -7 -21 -6 -20 -7 -21 -8 -21 -7 -21 -8 -21 -7 -20 -8 -20 -7 0 0 0 0 0 0 0 0 0 0 ]
295,1782980342.624575,19.2222,-69,CSI_DATA,AP,98:F4:AB:29:67:94,-69,11,1,3,1,1,1,1,0,0,0,-96,1,6,1,58581861,0,84,0,0,58.9641,384,[84 -64 4 0 0 0 0 0 0 0 0 0 -11 -9 -11 -10 -11 -11 -12 -11 -11 -11 -9 -11 -10 -12 -9 -12 -11 -12 -10 -13 -11 -13 -10 -14 -11 -13 -10 -14 -11 -12 -11 -13 -11 -13 -11 -13 -10 -12 -11 -12 -10 -14 -12 -14 -12 -15 -12 -15 -12 -15 -12 -14 0 0 -13 -15 -14 -15 -13 -14 -15 -14 -12 -14 -13 -15 -13 -17 -13 -16 -15 -16 -15 -16 -15 -15 -14 -16 -15 -16 -14 -15 -15 -15 -16 -14 -16 -16 -15 -14 -16 -16 -15 -16 -15 -16 -15 -16 -15 -17 -16 -16 -15 -15 -14 -15 0 0 0 0 0 0 0 0 0 0 ]
296,1782980342.717595,19.8898,-68,CSI_DATA,AP,98:F4:AB:29:67:94,-68,11,1,3,1,1,1,1,0,0,0,-96,1,6,1,58671405,0,84,0,0,59.0537,384,[84 -64 4 0 0 0 0 0 0 0 0 0 7 -13 7 -11 9 -12 9 -12 10 -12 11 -11 11 -12 11 -12 11 -12 11 -11 10 -13 12 -12 12 -12 11 -12 10 -12 11 -12 12 -13 12 -11 11 -13 12 -13 13 -13 12 -13 12 -13 13 -14 14 -15 15 -14 0 0 14 -14 14 -15 14 -15 14 -16 13 -15 14 -15 15 -15 14 -16 14 -15 13 -16 13 -18 14 -15 15 -17 15 -16 13 -16 13 -17 13 -17 14 -17 14 -17 13 -16 14 -16 16 -16 15 -16 14 -17 13 -16 13 -16 0 0 0 0 0 0 0 0 0 0 ]
297,1782980342.808371,18.9832,-68,CSI_DATA,AP,98:F4:AB:29:67:94,-68,11,1,4,1,1,1,1,0,0,0,-96,1,6,1,58765671,0,84,0,0,59.148,384,[84 -64 4 0 0 0 0 0 0 0 0 0 -4 -12 -4 -11 -4 -13 -3 -13 -4 -13 -2 -13 -2 -14 -2 -14 -2 -13 -3 -14 -2 -15 -2 -15 -2 -16 -1 -16 -2 -14 -2 -15 -1 -14 -2 -15 -2 -14 -2 -15 -2 -16 -1 -16 -3 -16 -1 -17 -3 -17 -2 -17 0 0 -2 -17 -2 -18 -3 -17 -4 -19 -3 -17 -3 -17 -2 -19 -3 -18 -2 -19 -3 -19 -3 -19 -3 -19 -3 -19 -3 -20 -3 -18 -4 -19 -3 -20 -4 -19 -4 -19 -4 -19 -4 -19 -3 -19 -4 -19 -4 -19 -3 -18 -3 -18 0 0 0 0 0 0 0 0 0 0 ]
298,1782980342.901756,17.8012,-69,CSI_DATA,AP,98:F4:AB:29:67:94,-69,11,1,4,1,1,1,1,0,0,0,-96,1,6,1,58854669,0,84,0,0,59.237,384,[84 -64 4 0 0 0 0 0 0 0 0 0 -8 -11 -7 -11 -6 -11 -7 -12 -8 -11 -6 -12 -7 -11 -6 -12 -7 -13 -5 -14 -6 -14 -6 -15 -6 -14 -5 -14 -5 -14 -6 -15 -5 -14 -7 -14 -4 -14 -6 -14 -5 -16 -6 -15 -6 -15 -6 -16 -6 -17 -9 -14 0 0 -6 -17 -7 -17 -6 -17 -7 -17 -6 -16 -7 -17 -6 -18 -6 -19 -6 -18 -7 -19 -5 -18 -5 -18 -5 -18 -6 -18 -6 -19 -6 -17 -6 -20 -6 -18 -5 -19 -7 -19 -6 -19 -6 -19 -6 -20 -6 -19 -4 -17 -5 -17 0 0 0 0 0 0 0 0 0 0 ]
299,1782980342.993532,18.7173,-68,CSI_DATA,AP,98:F4:AB:29:67:94,-68,11,1,4,1,1,1,1,0,0,0,-96,1,6,1,58943659,0,84,0,0,59.326,384,[84 -64 4 0 0 0 0 0 0 0 0 0 1 -15 0 -15 1 -16 2 -16 2 -17 2 -14 3 -15 4 -15 3 -17 4 -16 5 -18 5 -18 6 -17 4 -17 5 -16 4 -18 5 -17 3 -16 4 -14 4 -16 5 -17 4 -18 5 -18 6 -19 6 -19 6 -18 0 0 5 -19 4 -20 4 -19 4 -19 5 -18 5 -20 5 -20 4 -20 4 -21 5 -21 4 -21 5 -20 5 -20 4 -19 3 -21 3 -19 5 -22 3 -20 3 -22 3 -21 4 -21 4 -22 4 -21 4 -22 4 -20 4 -19 0 0 0 0 0 0 0 0 0 0 ]
300,1782980343.087768,17.5833,-69,CSI_DATA,AP,98:F4:AB:29:67:94,-69,11,1,4,1,1,1,1,0,0,0,-96,1,6,1,59031519,0,84,0,0,59.4138,384,[84 -64 4 0 0 0 0 0 0 0 0 0 -6 11 -5 11 -6 12 -6 11 -7 11 -7 11 -8 11 -8 10 -7 12 -8 12 -9 13 -9 13 -9 11 -10 12 -9 12 -9 12 -9 12 -9 12 -8 12 -9 12 -9 12 -9 13 -10 12 -9 14 -10 14 -10 13 0 0 -10 14 -10 14 -10 14 -9 14 -10 14 -10 15 -10 14 -11 14 -10 15 -11 15 -10 16 -11 14 -10 15 -10 15 -9 16 -9 16 -9 16 -8 16 -10 16 -10 15 -10 16 -10 16 -11 16 -9 17 -10 15 -9 15 0 0 0 0 0 0 0 0 0 0 ]
301,1782980343.178109,19.5292,-69,CSI_DATA,AP,98:F4:AB:29:67:94,-69,11,1,4,1,1,1,1,0,0,0,-96,1,6,1,59122647,0,84,0,0,59.505,384,[84 -64 4 0 0 0 0 0 0 0 0 0 -13 -8 -12 -7 -13 -8 -12 -8 -12 -9 -13 -9 -12 -9 -13 -10 -13 -9 -13 -10 -14 -11 -14 -11 -13 -12 -14 -12 -13 -11 -14 -13 -15 -11 -14 -11 -13 -11 -13 -10 -14 -12 -15 -13 -15 -12 -15 -12 -16 -13 -15 -13 0 0 -16 -13 -17 -14 -15 -13 -16 -13 -15 -13 -15 -14 -16 -13 -17 -14 -16 -14 -18 -15 -18 -13 -17 -14 -17 -14 -17 -14 -17 -14 -17 -12 -17 -14 -16 -12 -17 -12 -18 -14 -18 -13 -17 -13 -17 -13 -17 -13 -16 -12 -17 -12 0 0 0 0 0 0 0 0 0 0 ]
302,1782980343.270308,17.1085,-68,CSI_DATA,AP,98:F4:AB:29:67:94,-68,11,1,4,1,1,1,1,0,0,0,-96,1,6,1,59214984,0,84,0,0,59.5973,384,[84 -64 4 0 0 0 0 0 0 0 0 0 -12 -4 -12 -4 -13 -4 -13 -5 -13 -5 -12 -5 -11 -5 -13 -4 -13 -6 -14 -7 -14 -7 -13 -7 -13 -7 -14 -7 -12 -7 -13 -9 -15 -6 -14 -5 -15 -8 -14 -6 -14 -8 -14 -10 -16 -10 -14 -9 -14 -7 -14 -9 0 0 -15 -10 -17 -8 -16 -9 -17 -8 -15 -7 -18 -9 -17 -10 -17 -9 -17 -9 -18 -10 -17 -9 -16 -10 -16 -9 -16 -9 -17 -9 -17 -8 -19 -10 -16 -8 -17 -10 -18 -8 -17 -10 -17 -9 -17 -10 -17 -10 -17 -9 -17 -9 0 0 0 0 0 0 0 0 0 0 ]
303,1782980343.359539,18.2550,-68,CSI_DATA,AP,98:F4:AB:29:67:94,-68,11,1,4,1,1,1,1,0,0,0,-96,1,6,1,59306016,0,84,0,0,59.6883,384,[84 -64 4 0 0 0 0 0 0 0 0 0 8 10 9 9 9 11 8 11 10 11 7 10 8 12 8 12 8 11 7 14 9 14 8 15 8 15 7 15 8 13 10 14 9 13 10 14 8 15 9 14 8 15 10 16 8 16 8 16 9 17 9 16 0 0 9 16 11 16 9 16 11 16 9 15 10 17 10 18 10 17 9 17 11 19 11 18 9 17 10 18 10 17 11 17 12 15 12 19 10 16 12 17 12 16 10 17 11 16 10 18 11 18 10 17 10 16 0 0 0 0 0 0 0 0 0 0 ]
304,1782980343.450435,18.0142,-70,CSI_DATA,AP,98:F4:AB:29:67:94,-70,11,1,5,1,1,1,1,0,0,0,-96,1,6,1,59392752,0,84,0,0,59.7749,384,[84 -64 4 0 0 0 0 0 0 0 0 0 -2 12 -3 13 -2 13 -3 14 -3 14 -3 13 -3 13 -4 14 -3 14 -4 15 -4 14 -5 16 -5 15 -5 15 -5 14 -5 16 -5 16 -5 16 -5 13 -5 15 -6 16 -5 17 -4 17 -5 17 -5 17 -5 17 0 0 -5 17 -5 19 -5 18 -4 18 -6 17 -5 19 -6 20 -6 18 -5 19 -4 20 -4 20 -5 19 -4 19 -4 19 -4 20 -4 19 -5 21 -3 20 -4 21 -5 20 -4 21 -5 20 -5 20 -4 20 -4 19 -4 18 0 0 0 0 0 0 0 0 0 0 ]
305,1782980343.547634,19.0004,-70,CSI_DATA,AP,98:F4:AB:29:67:94,-70,11,1,5,1,1,1,1,0,0,0,-96,1,6,1,59482484,0,84,0,0,59.8648,384,[84 -64 4 0 0 0 0 0 0 0 0 0 13 3 13 4 12 4 13 4 13 5 13 4 12 6 12 5 14 6 14 7 14 7 14 7 13 8 14 8 13 7 15 7 12 7 14 7 13 7 12 8 14 8 15 8 14 9 14 9 17 10 16 9 0 0 15 9 16 9 15 9 16 8 15 9 17 8 17 9 17 9 17 9 18 9 18 10 17 10 17 10 16 9 17 8 17 8 19 10 17 9 19 8 17 8 18 9 18 10 18 9 18 9 16 10 17 9 0 0 0 0 0 0 0 0 0 0 ]
306,1782980343.641637,19.6646,-69,CSI_DATA,AP,98:F4:AB:29:67:94,-69,11,1,5,1,1,1,1,0,0,0,-96,1,6,1,59572269,0,84,0,0,59.9546,384,[84 -64 4 0 0 0 0 0 0 0 0 0 12 -8 12 -7 11 -8 13 -7 12 -6 13 -5 14 -6 13 -6 15 -4 15 -6 14 -6 15 -6 15 -6 15 -6 16 -5 15 -5 14 -5 16 -6 16 -5 15 -7 15 -5 16 -5 18 -5 17 -6 19 -5 18 -6 0 0 17 -5 17 -6 17 -7 18 -7 17 -6 18 -8 20 -7 18 -8 20 -6 20 -7 18 -8 18 -6 19 -6 19 -7 18 -7 18 -7 19 -8 18 -8 19 -8 18 -9 19 -8 19 -8 19 -8 19 -8 17 -8 18 -7 0 0 0 0 0 0 0 0 0 0 ]
307,1782980343.733772,18.5477,-70,CSI_DATA,AP,98:F4:AB:29:67:94,-70,11,1,5,1,1,1,1,0,0,0,-96,1,6,1,59663651,0,84,0,0,60.046,384,[84 -64 4 0 0 0 0 0 0 0 0 0 11 -6 11 -4 13 -4 13 -6 13 -6 13 -5 13 -5 13 -4 14 -5 14 -5 15 -5 15 -4 16 -3 15 -3 14 -3 16 -4 14 -5 14 -5 14 -5 15 -5 15 -6 15 -6 16 -5 16 -5 17 -5 17 -5 0 0 16 -6 18 -6 18 -6 19 -8 17 -5 18 -7 18 -8 18 -7 20 -7 19 -8 18 -8 18 -6 20 -6 18 -6 20 -9 17 -8 20 -8 18 -8 18 -8 18 -10 19 -9 19 -9 19 -8 20 -9 17 -7 18 -8 0 0 0 0 0 0 0 0 0 0 ]
308,1782980343.825701,18.3594,-70,CSI_DATA,AP,98:F4:AB:29:67:94,-70,11,1,5,1,1,1,1,0,0,0,-96,1,6,1,59753874,0,84,0,0,60.1362,384,[84 -64 4 0 0 0 0 0 0 0 0 0 8 12 7 11 5 12 6 14 5 12 6 13 5 13 4 14 6 14 6 15 6 15 5 15 6 15 4 14 4 15 5 15 4 14 5 15 6 14 6 16 6 16 7 16 5 16 6 15 6 17 6 18 0 0 5 17 5 18 6 17 6 17 7 18 7 18 5 19 6 18 8 19 8 18 8 19 6 18 5 19 7 19 8 18 8 17 8 19 8 17 9 19 9 18 9 19 8 17 7 19 8 17 7 19 6 17 0 0 0 0 0 0 0 0 0 0 ]
309,1782980343.916766,19.4591,-70,CSI_DATA,AP,98:F4:AB:29:67:94,-70,11,1,5,1,1,1,1,0,0,0,-96,1,6,1,59846484,0,84,0,0,60.2288,384,[84 -64 4 0 0 0 0 0 0 0 0 0 -14 2 -14 0 -16 0 -14 0 -15 -1 -16 -2 -15 -2 -15 -2 -15 -1 -17 -2 -17 -1 -17 -2 -17 -2 -16 -2 -17 -2 -17 -3 -17 -1 -16 -3 -16 -3 -15 -3 -17 -3 -18 -3 -18 -3 -18 -2 -20 -2 -19 -2 0 0 -20 -2 -19 -2 -19 -3 -19 -3 -19 -2 -21 -2 -20 -3 -20 -3 -21 -3 -20 -1 -21 -2 -20 -3 -21 -4 -20 -2 -22 -2 -20 -2 -21 -2 -20 -2 -22 -3 -21 -2 -22 -2 -22 -4 -21 -3 -20 -1 -20 -2 -20 -2 0 0 0 0 0 0 0 0 0 0 ]
310,1782980344.006028,17.6560,-68,CSI_DATA,AP,98:F4:AB:29:67:94,-68,11,1,4,1,1,1,1,0,0,0,-96,1,6,1,59951527,0,84,0,0,60.3338,384,[84 -64 4 0 0 0 0 0 0 0 0 0 -5 12 -4 11 -6 12 -5 11 -6 11 -5 12 -7 12 -7 11 -6 12 -8 11 -8 13 -9 12 -9 12 -9 12 -8 12 -8 14 -9 12 -8 13 -8 12 -8 13 -9 13 -9 13 -9 13 -9 14 -10 13 -10 15 0 0 -9 14 -9 16 -8 15 -8 15 -9 14 -9 16 -9 16 -9 15 -9 16 -8 18 -9 18 -8 15 -9 16 -9 16 -9 17 -7 17 -8 16 -7 17 -8 17 -8 17 -9 16 -8 18 -9 17 -8 17 -7 16 -7 15 0 0 0 0 0 0 0 0 0 0 ]
311,1782980344.097370,17.1984,-70,CSI_DATA,AP,98:F4:AB:29:67:94,-70,11,1,5,1,1,1,1,0,0,0,-96,1,6,1,60021834,0,84,0,0,60.4041,384,[84 -64 4 0 0 0 0 0 0 0 0 0 6 -11 6 -12 5 -12 7 -11 8 -12 7 -11 9 -10 8 -10 8 -12 8 -11 8 -12 9 -11 10 -12 10 -10 10 -10 10 -12 9 -11 9 -11 8 -10 11 -12 10 -12 11 -11 9 -11 11 -13 11 -13 10 -12 0 0 10 -12 11 -13 10 -12 10 -14 9 -12 12 -14 11 -14 11 -13 12 -14 11 -15 11 -14 11 -13 11 -14 11 -14 10 -14 10 -14 12 -16 10 -13 12 -13 10 -14 11 -15 11 -14 11 -14 9 -15 11 -14 10 -14 0 0 0 0 0 0 0 0 0 0 ]
312,1782980344.187354,16.1389,-69,CSI_DATA,AP,98:F4:AB:29:67:94,-69,11,1,5,1,1,1,1,0,0,0,-96,1,6,1,60113047,0,84,0,0,60.4952,384,[84 -64 4 0 0 0 0 0 0 0 0 0 6 10 6 11 6 10 6 12 6 11 5 12 6 12 5 12 5 12 4 13 5 13 6 13 4 13 5 13 4 13 4 15 4 14 4 12 4 14 3 13 5 14 6 16 4 13 4 16 5 16 6 16 0 0 4 16 5 16 6 16 5 16 4 17 5 17 4 17 5 18 6 19 5 17 5 18 5 17 5 17 5 17 5 16 6 17 5 17 4 17 5 17 5 16 5 18 5 18 4 17 4 17 5 16 5 16 0 0 0 0 0 0 0 0 0 0 ]
313,1782980344.279428,16.6000,-69,CSI_DATA,AP,98:F4:AB:29:67:94,-69,11,1,4,1,1,1,1,0,0,0,-96,1,6,1,60201772,0,84,0,0,60.5841,384,[84 -64 4 0 0 0 0 0 0 0 0 0 -9 8 -8 10 -9 8 -10 9 -9 9 -9 8 -9 9 -9 9 -9 11 -11 9 -11 10 -12 10 -12 9 -13 9 -12 10 -12 9 -11 10 -11 10 -11 9 -11 10 -11 10 -12 11 -12 11 -12 10 -14 10 -13 11 0 0 -12 11 -13 13 -13 12 -13 13 -13 11 -14 12 -13 13 -13 12 -14 13 -14 13 -13 13 -13 12 -14 13 -12 13 -13 13 -12 14 -15 14 -12 14 -13 13 -12 14 -12 14 -13 14 -13 14 -12 13 -12 13 -12 12 0 0 0 0 0 0 0 0 0 0 ]
314,1782980344.371687,18.0902,-68,CSI_DATA,AP,98:F4:AB:29:67:94,-68,11,1,4,1,1,1,1,0,0,0,-96,1,6,1,60292129,0,84,0,0,60.6744,384,[84 -64 4 0 0 0 0 0 0 0 0 0 -8 -14 -6 -13 -6 -16 -5 -14 -6 -16 -5 -13 -6 -15 -3 -15 -4 -16 -4 -17 -5 -17 -4 -17 -3 -17 -4 -18 -3 -17 -4 -19 -5 -17 -4 -17 -3 -17 -5 -17 -4 -17 -6 -20 -5 -19 -4 -20 -5 -19 -5 -19 0 0 -4 -20 -6 -20 -6 -19 -8 -20 -5 -19 -5 -22 -5 -21 -5 -21 -5 -22 -5 -22 -7 -23 -6 -21 -6 -21 -5 -20 -7 -21 -8 -19 -7 -21 -8 -19 -8 -20 -7 -21 -6 -21 -8 -20 -6 -22 -7 -20 -7 -19 -6 -20 0 0 0 0 0 0 0 0 0 0 ]
315,1782980344.461783,19.6950,-68,CSI_DATA,AP,98:F4:AB:29:67:94,-68,11,1,3,1,1,1,1,0,0,0,-96,1,6,1,60386284,0,84,0,0,60.7685,384,[84 -64 4 0 0 0 0 0 0 0 0 0 13 -3 13 -3 13 -3 14 -3 14 -2 13 -2 14 -2 15 -1 15 -2 15 -1 16 -1 17 -1 16 -1 17 -1 16 -1 17 -2 16 -2 17 -2 16 -2 17 -1 17 -1 19 -1 18 -1 19 -1 20 0 19 -1 0 0 19 -1 21 -2 19 -2 20 -3 20 -2 22 0 21 0 21 0 21 0 23 -1 22 -2 21 1 21 -1 22 0 21 -2 21 -2 22 -1 21 -1 22 -1 22 -1 21 0 22 -1 22 0 20 -1 21 -1 19 -1 0 0 0 0 0 0 0 0 0 0 ]
316,1782980344.550886,18.8456,-68,CSI_DATA,AP,98:F4:AB:29:67:94,-68,11,1,4,1,1,1,1,0,0,0,-96,1,6,1,60474683,0,84,0,0,60.857,384,[84 -64 4 0 0 0 0 0 0 0 0 0 -15 6 -15 6 -17 5 -17 4 -17 5 -17 4 -18 3 -18 3 -18 3 -19 2 -19 4 -20 3 -18 3 -19 3 -19 1 -20 2 -17 5 -19 3 -19 4 -20 3 -20 3 -21 3 -20 3 -20 5 -23 4 -22 4 0 0 -21 4 -23 5 -22 5 -22 6 -20 5 -23 5 -24 4 -23 5 -23 4 -25 6 -22 7 -24 6 -23 6 -23 6 -23 6 -23 8 -24 9 -23 7 -24 6 -25 6 -25 7 -23 6 -25 7 -24 8 -24 8 -24 6 0 0 0 0 0 0 0 0 0 0 ]
317,1782980344.642323,19.9938,-68,CSI_DATA,AP,98:F4:AB:29:67:94,-68,11,1,4,1,1,1,1,0,0,0,-96,1,6,1,60563058,0,84,0,0,60.9454,384,[84 -64 4 0 0 0 0 0 0 0 0 0 -12 -7 -13 -7 -13 -6 -12 -7 -13 -8 -13 -8 -13 -8 -13 -9 -13 -9 -13 -9 -13 -10 -14 -10 -14 -10 -13 -11 -13 -11 -15 -11 -14 -10 -15 -11 -14 -11 -15 -10 -15 -11 -16 -10 -15 -11 -15 -12 -16 -13 -16 -11 0 0 -17 -11 -17 -12 -17 -12 -16 -11 -17 -11 -18 -12 -17 -12 -17 -12 -18 -12 -18 -12 -19 -13 -17 -13 -17 -12 -18 -12 -18 -12 -18 -11 -19 -13 -19 -11 -19 -11 -19 -11 -19 -12 -18 -11 -18 -12 -19 -12 -17 -11 -17 -10 0 0 0 0 0 0 0 0 0 0 ]
318,1782980344.733682,19.0696,-69,CSI_DATA,AP,98:F4:AB:29:67:94,-69,11,1,4,1,1,1,1,0,0,0,-96,1,6,1,60652439,0,84,0,0,61.0348,384,[84 -64 4 0 0 0 0 0 0 0 0 0 -5 -12 -4 -11 -4 -13 -5 -12 -4 -13 -4 -12 -4 -14 -3 -14 -4 -14 -3 -14 -3 -14 -4 -15 -3 -15 -2 -14 -4 -14 -3 -16 -4 -15 -4 -14 -3 -14 -3 -15 -5 -15 -4 -16 -4 -16 -3 -16 -4 -17 -4 -16 0 0 -5 -17 -5 -19 -5 -17 -5 -18 -5 -17 -5 -17 -5 -19 -5 -19 -4 -18 -5 -21 -6 -19 -4 -19 -5 -18 -4 -18 -6 -19 -6 -19 -6 -19 -6 -18 -5 -19 -7 -19 -6 -19 -5 -19 -5 -21 -6 -19 -5 -18 -5 -17 0 0 0 0 0 0 0 0 0 0 ]
319,1782980344.825308,18.1989,-69,CSI_DATA,AP,98:F4:AB:29:67:94,-69,11,1,4,1,1,1,1,0,0,0,-96,1,6,1,60745137,0,84,0,0,61.1274,384,[84 -64 4 0 0 0 0 0 0 0 0 0 0 -13 0 -13 1 -14 0 -14 1 -13 1 -13 1 -13 3 -13 1 -14 2 -13 2 -14 3 -15 2 -15 2 -14 2 -13 2 -16 1 -14 2 -15 2 -15 2 -16 3 -15 2 -16 2 -17 3 -17 3 -17 3 -17 0 0 2 -16 2 -18 2 -16 1 -18 2 -17 2 -18 2 -19 2 -18 1 -18 2 -20 1 -19 2 -18 2 -18 1 -18 0 -19 0 -18 1 -20 0 -18 1 -19 -1 -19 1 -19 1 -20 3 -19 1 -19 1 -18 1 -17 0 0 0 0 0 0 0 0 0 0 ]
320,1782980344.917645,16.5464,-69,CSI_DATA,AP,98:F4:AB:29:67:94,-69,11,1,4,1,1,1,1,0,0,0,-96,1,6,1,60831214,0,84,0,0,61.2135,384,[84 -64 4 0 0 0 0 0 0 0 0 0 11 -6 10 -6 11 -6 12 -6 11 -6 11 -5 12 -4 12 -4 12 -5 12 -5 13 -6 14 -5 14 -4 14 -4 13 -4 15 -4 13 -5 12 -5 14 -4 14 -4 14 -4 14 -4 15 -5 16 -5 16 -4 15 -7 0 0 15 -5 17 -6 16 -5 16 -6 16 -5 17 -5 18 -5 16 -5 18 -4 18 -5 18 -6 18 -5 17 -5 17 -6 18 -7 16 -6 18 -6 17 -6 17 -6 17 -5 18 -6 18 -5 18 -6 17 -6 16 -6 17 -5 0 0 0 0 0 0 0 0 0 0 ]
321,1782980345.007596,17.3259,-68,CSI_DATA,AP,98:F4:AB:29:67:94,-68,11,1,4,1,1,1,1,0,0,0,-96,1,6,1,60922759,0,84,0,0,61.3051,384,[84 -64 4 0 0 0 0 0 0 0 0 0 -12 -2 -12 -3 -13 -3 -13 -4 -13 -4 -13 -3 -12 -4 -14 -3 -14 -4 -15 -4 -15 -6 -15 -5 -14 -6 -15 -5 -15 -5 -14 -5 -14 -4 -14 -5 -15 -6 -14 -5 -16 -6 -16 -5 -15 -5 -16 -5 -18 -6 -16 -5 0 0 -17 -4 -18 -6 -17 -6 -17 -4 -17 -5 -18 -5 -19 -5 -18 -5 -18 -4 -18 -5 -19 -4 -18 -5 -18 -5 -18 -5 -19 -4 -19 -4 -20 -3 -19 -3 -18 -3 -18 -3 -18 -3 -18 -4 -19 -3 -19 -3 -18 -4 -17 -3 0 0 0 0 0 0 0 0 0 0 ]
322,1782980345.100882,17.7907,-68,CSI_DATA,AP,98:F4:AB:29:67:94,-68,11,1,4,1,1,1,1,0,0,0,-96,1,6,1,61012305,0,84,0,0,61.3946,384,[84 -64 4 0 0 0 0 0 0 0 0 0 -14 -1 -15 -2 -14 -2 -14 -3 -15 -3 -14 -4 -14 -4 -14 -4 -16 -4 -16 -4 -16 -4 -17 -5 -17 -5 -17 -5 -16 -5 -17 -4 -16 -3 -16 -4 -16 -5 -17 -5 -18 -6 -19 -5 -18 -6 -19 -5 -18 -5 -19 -6 0 0 -18 -5 -21 -5 -20 -4 -20 -5 -18 -5 -21 -6 -21 -7 -21 -6 -21 -5 -22 -4 -22 -5 -20 -6 -21 -5 -22 -5 -22 -4 -22 -4 -22 -5 -21 -4 -22 -4 -22 -4 -22 -6 -21 -5 -22 -5 -22 -4 -20 -5 -21 -4 0 0 0 0 0 0 0 0 0 0 ]
323,1782980345.191072,18.2488,-69,CSI_DATA,AP,98:F4:AB:29:67:94,-69,11,1,3,1,1,1,1,0,0,0,-96,1,6,1,61103263,0,84,0,0,61.4855,384,[84 -64 4 0 0 0 0 0 0 0 0 0 15 -1 15 -1 16 0 15 1 16 2 14 3 15 4 15 3 16 2 16 3 15 3 17 4 17 4 15 4 15 4 17 4 16 4 15 3 15 3 16 4 17 3 17 4 17 4 18 4 18 4 18 5 0 0 17 4 20 3 20 1 19 1 18 2 19 4 20 4 19 2 20 3 21 3 21 2 20 2 19 3 19 3 21 1 20 0 21 2 20 2 21 2 20 1 20 1 20 1 20 2 21 1 20 1 19 2 0 0 0 0 0 0 0 0 0 0 ]
324,1782980345.280291,17.5491,-68,CSI_DATA,AP,98:F4:AB:29:67:94,-68,11,1,3,1,1,1,1,0,0,0,-96,1,6,1,61197440,0,84,0,0,61.5797,384,[84 -64 4 0 0 0 0 0 0 0 0 0 10 6 10 7 10 7 9 7 10 8 9 9 9 9 9 9 10 10 10 10 11 10 10 11 9 10 10 11 8 10 10 10 9 11 10 9 10 9 10 9 10 11 11 10 11 10 11 11 12 11 12 11 0 0 11 11 12 12 12 10 13 11 12 11 13 12 13 13 13 11 13 11 13 10 14 12 13 11 13 12 13 11 13 10 15 11 15 11 14 11 14 12 14 11 14 11 15 11 15 12 14 12 14 11 13 11 0 0 0 0 0 0 0 0 0 0 ]
325,1782980345.375382,18.4567,-68,CSI_DATA,AP,98:F4:AB:29:67:94,-68,11,1,4,1,1,1,1,0,0,0,-96,1,6,1,61285774,0,84,0,0,61.6681,384,[84 -64 4 0 0 0 0 0 0 0 0 0 8 -10 7 -11 9 -11 9 -11 8 -12 10 -10 10 -11 11 -11 11 -11 10 -12 10 -11 11 -12 12 -11 11 -10 10 -11 11 -11 10 -12 10 -12 10 -12 11 -12 11 -12 11 -13 12 -13 12 -13 14 -13 12 -13 0 0 13 -14 14 -14 13 -14 11 -15 13 -14 13 -16 14 -16 14 -15 15 -14 15 -16 14 -16 13 -15 14 -15 14 -15 13 -16 12 -15 14 -15 12 -15 15 -16 15 -16 13 -16 14 -15 14 -17 14 -16 14 -15 14 -15 0 0 0 0 0 0 0 0 0 0 ]
326,1782980345.469872,17.1216,-69,CSI_DATA,AP,98:F4:AB:29:67:94,-69,11,1,3,1,1,1,1,0,0,0,-96,1,6,1,61374325,0,84,0,0,61.7566,384,[84 -64 4 0 0 0 0 0 0 0 0 0 12 -4 12 -3 11 -4 12 -3 12 -3 12 -3 12 -3 13 -2 12 -3 14 -3 13 -2 13 -3 13 -2 14 -1 13 -2 13 -2 11 -3 14 -2 13 -3 14 -4 14 -4 15 -3 15 -4 15 -5 16 -2 15 -3 0 0 15 -4 16 -5 16 -4 16 -5 16 -3 16 -5 18 -5 17 -5 16 -5 18 -4 18 -5 17 -4 17 -5 17 -5 17 -6 17 -6 18 -6 16 -6 18 -6 18 -7 18 -5 17 -7 18 -5 18 -6 17 -4 17 -5 0 0 0 0 0 0 0 0 0 0 ]
327,1782980345.556599,18.5643,-68,CSI_DATA,AP,98:F4:AB:29:67:94,-68,11,1,3,1,1,1,1,0,0,0,-96,1,6,1,61463164,0,84,0,0,61.8455,384,[84 -64 4 0 0 0 0 0 0 0 0 0 12 -6 13 -5 14 -6 13 -6 14 -6 12 -4 14 -5 14 -5 15 -5 15 -4 16 -5 16 -3 16 -4 15 -3 14 -5 16 -4 16 -5 16 -5 15 -4 16 -5 16 -4 18 -6 17 -5 18 -4 19 -4 18 -4 0 0 19 -5 19 -6 18 -5 18 -7 18 -6 20 -6 20 -6 20 -6 20 -6 20 -6 20 -8 18 -5 20 -6 19 -6 20 -9 19 -9 20 -8 19 -8 20 -9 20 -8 20 -7 20 -8 21 -7 20 -9 19 -7 19 -6 0 0 0 0 0 0 0 0 0 0 ]
328,1782980345.651213,17.6028,-69,CSI_DATA,AP,98:F4:AB:29:67:94,-69,11,1,3,1,1,1,1,0,0,0,-96,1,6,1,61551944,0,84,0,0,61.9342,384,[84 -64 4 0 0 0 0 0 0 0 0 0 -11 -6 -11 -6 -12 -6 -11 -7 -12 -8 -10 -8 -10 -7 -11 -8 -11 -8 -11 -9 -12 -8 -12 -9 -12 -9 -12 -9 -11 -9 -12 -8 -12 -9 -12 -8 -11 -8 -12 -8 -14 -10 -13 -9 -14 -9 -14 -9 -14 -10 -14 -10 0 0 -15 -10 -15 -11 -15 -11 -15 -10 -14 -11 -15 -10 -15 -11 -16 -11 -16 -11 -18 -11 -17 -11 -15 -11 -16 -11 -16 -11 -17 -11 -17 -11 -16 -11 -16 -12 -18 -12 -17 -10 -16 -12 -16 -12 -17 -11 -17 -11 -16 -12 -16 -10 0 0 0 0 0 0 0 0 0 0 ]
329,1782980345.745540,19.1820,-69,CSI_DATA,AP,98:F4:AB:29:67:94,-69,11,1,3,1,1,1,1,0,0,0,-96,1,6,1,61641508,0,84,0,0,62.0238,384,[84 -64 4 0 0 0 0 0 0 0 0 0 4 -13 4 -13 6 -13 4 -15 5 -14 6 -14 7 -13 7 -14 6 -15 7 -15 8 -16 9 -15 8 -14 8 -15 7 -14 8 -16 7 -15 7 -14 7 -15 8 -15 8 -17 7 -17 8 -16 8 -17 10 -18 7 -17 0 0 8 -18 8 -18 8 -18 8 -20 9 -18 9 -20 9 -19 8 -20 8 -20 9 -21 8 -20 9 -20 9 -20 10 -19 9 -20 7 -20 9 -20 8 -19 9 -20 7 -21 8 -20 8 -20 9 -20 7 -19 8 -20 7 -19 0 0 0 0 0 0 0 0 0 0 ]
330,1782980345.835320,18.5004,-69,CSI_DATA,AP,98:F4:AB:29:67:94,-69,11,1,3,1,1,1,1,0,0,0,-96,1,6,1,61732307,0,84,0,0,62.1146,384,[84 -64 4 0 0 0 0 0 0 0 0 0 -7 -10 -6 -9 -7 -11 -7 -10 -7 -11 -6 -11 -7 -10 -7 -11 -8 -11 -7 -12 -8 -13 -7 -13 -7 -13 -8 -13 -8 -12 -8 -14 -8 -12 -8 -14 -8 -13 -9 -12 -8 -14 -9 -15 -8 -15 -8 -15 -9 -15 -9 -15 0 0 -9 -16 -10 -16 -10 -14 -11 -15 -9 -15 -10 -17 -10 -16 -10 -16 -10 -16 -11 -18 -10 -17 -9 -17 -10 -17 -9 -16 -11 -16 -11 -15 -11 -18 -11 -15 -11 -16 -11 -16 -10 -17 -11 -18 -10 -19 -11 -17 -10 -16 -10 -15 0 0 0 0 0 0 0 0 0 0 ]
331,1782980345.925159,18.0506,-69,CSI_DATA,AP,98:F4:AB:29:67:94,-69,11,1,4,1,1,1,1,0,0,0,-96,1,6,1,61822662,0,84,0,0,62.205,384,[84 -64 4 0 0 0 0 0 0 0 0 0 2 -12 1 -11 1 -14 2 -12 2 -13 3 -12 3 -14 4 -13 3 -13 4 -14 3 -14 4 -14 5 -15 4 -15 4 -13 3 -15 5 -15 3 -15 4 -14 4 -15 5 -15 5 -16 5 -16 6 -17 6 -16 6 -16 0 0 5 -17 5 -18 6 -17 5 -18 5 -16 6 -18 6 -18 6 -18 6 -19 7 -21 5 -20 5 -18 5 -18 5 -16 5 -19 4 -18 5 -18 4 -17 5 -18 4 -18 6 -18 4 -18 6 -18 5 -18 5 -18 4 -17 0 0 0 0 0 0 0 0 0 0 ]
332,1782980346.015336,18.3361,-67,CSI_DATA,AP,98:F4:AB:29:67:94,-67,11,1,2,1,1,1,1,0,0,0,-96,1,6,1,61913966,0,84,0,0,62.2962,384,[84 -64 4 0 0 0 0 0 0 0 0 0 -13 -1 -13 -1 -14 -3 -14 -2 -14 -2 -13 -2 -13 -3 -13 -3 -14 -2 -15 -3 -15 -3 -16 -4 -16 -4 -16 -5 -16 -5 -17 -4 -16 -3 -15 -3 -16 -4 -16 -4 -17 -4 -18 -3 -17 -4 -18 -3 -18 -5 -19 -4 0 0 -19 -4 -20 -4 -20 -4 -20 -3 -19 -4 -20 -4 -21 -4 -21 -4 -22 -5 -22 -4 -22 -4 -20 -4 -22 -3 -21 -4 -21 -4 -21 -3 -22 -4 -20 -3 -22 -3 -22 -2 -22 -3 -22 -4 -22 -3 -21 -3 -20 -4 -20 -3 0 0 0 0 0 0 0 0 0 0 ]
333,1782980346.107804,17.2519,-68,CSI_DATA,AP,98:F4:AB:29:67:94,-68,11,1,4,1,1,1,1,0,0,0,-96,1,6,1,62001819,0,84,0,0,62.3841,384,[84 -64 4 0 0 0 0 0 0 0 0 0 7 8 7 8 7 10 7 9 8 11 6 10 7 10 7 10 7 10 7 11 8 11 6 12 8 12 7 12 8 13 8 13 8 11 7 11 8 11 9 12 8 13 9 13 9 13 9 14 9 14 9 14 0 0 10 13 10 14 10 15 11 14 10 13 11 14 11 15 10 15 11 16 13 16 12 15 10 16 10 16 11 14 11 15 12 13 12 15 11 14 12 14 12 13 12 16 12 15 11 14 11 16 11 15 10 13 0 0 0 0 0 0 0 0 0 0 ]
334,1782980346.196858,17.2271,-68,CSI_DATA,AP,98:F4:AB:29:67:94,-68,11,1,4,1,1,1,1,0,0,0,-96,1,6,1,62091395,0,84,0,0,62.4737,384,[84 -64 4 0 0 0 0 0 0 0 0 0 -12 -5 -12 -5 -13 -6 -11 -5 -13 -7 -11 -7 -13 -6 -11 -7 -12 -7 -12 -8 -13 -8 -12 -9 -14 -9 -13 -10 -13 -12 -16 -16 -15 -10 -14 -7 -14 -10 -15 -8 -13 -9 -16 -9 -15 -10 -15 -10 -15 -10 -14 -11 0 0 -16 -8 -16 -10 -17 -8 -17 -8 -15 -10 -18 -9 -17 -10 -17 -10 -17 -10 -18 -10 -18 -9 -16 -10 -17 -10 -17 -9 -17 -8 -18 -8 -19 -9 -17 -8 -18 -8 -19 -7 -18 -8 -19 -8 -19 -9 -18 -8 -18 -9 -17 -7 0 0 0 0 0 0 0 0 0 0 ]
335,1782980346.286578,17.0938,-68,CSI_DATA,AP,98:F4:AB:29:67:94,-68,11,1,4,1,1,1,1,0,0,0,-96,1,6,1,62186071,0,84,0,0,62.5684,384,[84 -64 4 0 0 0 0 0 0 0 0 0 5 -10 4 -10 6 -11 6 -11 7 -11 6 -10 6 -10 7 -11 7 -11 8 -11 8 -12 9 -12 9 -11 9 -11 8 -11 8 -13 7 -11 8 -13 9 -12 10 -12 10 -12 10 -14 10 -12 11 -13 11 -13 11 -13 0 0 12 -13 11 -14 11 -13 10 -16 9 -13 11 -14 12 -14 12 -14 12 -14 13 -15 12 -15 12 -13 12 -14 11 -13 12 -16 11 -15 13 -16 11 -14 12 -15 11 -16 13 -14 12 -15 13 -15 12 -15 12 -14 11 -13 0 0 0 0 0 0 0 0 0 0 ]
336,1782980346.377115,16.4285,-69,CSI_DATA,AP,98:F4:AB:29:67:94,-69,11,1,4,1,1,1,1,0,0,0,-96,1,6,1,62274414,0,84,0,0,62.6567,384,[84 -64 4 0 0 0 0 0 0 0 0 0 -8 8 -8 9 -10 9 -9 8 -9 9 -9 8 -10 8 -10 8 -10 8 -11 9 -10 9 -11 9 -12 9 -11 9 -12 8 -12 9 -12 9 -12 9 -12 8 -12 8 -13 8 -14 9 -12 9 -13 9 -14 9 -13 10 0 0 -15 9 -14 10 -15 11 -13 11 -14 9 -16 10 -16 9 -16 10 -16 10 -15 11 -15 12 -15 10 -16 10 -16 10 -15 10 -15 11 -16 10 -15 11 -17 11 -16 10 -17 9 -16 9 -16 10 -16 11 -16 9 -16 10 0 0 0 0 0 0 0 0 0 0 ]
337,1782980346.465754,17.6243,-69,CSI_DATA,AP,98:F4:AB:29:67:94,-69,11,1,4,1,1,1,1,0,0,0,-96,1,6,1,62362393,0,84,0,0,62.7446,384,[84 -64 4 0 0 0 0 0 0 0 0 0 -6 -10 -7 -10 -8 -11 -6 -11 -7 -11 -6 -11 -6 -11 -7 -11 -7 -12 -7 -12 -8 -13 -7 -14 -7 -14 -6 -14 -7 -13 -8 -13 -7 -13 -7 -13 -7 -13 -8 -13 -7 -15 -9 -15 -8 -14 -8 -15 -9 -16 -8 -16 0 0 -8 -16 -10 -16 -8 -16 -10 -16 -8 -15 -10 -16 -10 -16 -10 -17 -10 -16 -11 -16 -10 -17 -9 -17 -8 -17 -10 -16 -10 -17 -10 -17 -10 -18 -10 -16 -10 -16 -11 -16 -10 -17 -10 -17 -9 -17 -10 -17 -10 -16 -10 -16 0 0 0 0 0 0 0 0 0 0 ]
338,1782980346.556118,17.5821,-69,CSI_DATA,AP,98:F4:AB:29:67:94,-69,11,1,4,1,1,1,1,0,0,0,-96,1,6,1,62451913,0,84,0,0,62.8342,384,[84 -64 4 0 0 0 0 0 0 0 0 0 -9 8 -9 7 -9 7 -9 7 -10 9 -9 7 -11 7 -11 6 -10 8 -12 7 -11 8 -13 8 -12 7 -12 7 -12 7 -13 9 -11 8 -12 9 -12 8 -12 9 -13 9 -13 9 -14 9 -14 9 -15 9 -14 9 0 0 -13 10 -15 11 -13 11 -15 12 -14 10 -15 11 -16 11 -16 11 -15 12 -17 12 -16 13 -16 10 -15 11 -14 11 -15 12 -14 13 -16 13 -14 12 -16 12 -16 13 -17 12 -15 12 -17 12 -16 12 -15 11 -14 11 0 0 0 0 0 0 0 0 0 0 ]
339,1782980346.647455,17.6735,-69,CSI_DATA,AP,98:F4:AB:29:67:94,-69,11,1,4,1,1,1,1,0,0,0,-96,1,6,1,62543904,0,84,0,0,62.9262,384,[84 -64 4 0 0 0 0 0 0 0 0 0 3 -12 4 -11 4 -11 4 -11 4 -14 5 -12 6 -12 5 -11 6 -12 6 -12 5 -13 6 -13 6 -13 6 -13 7 -12 7 -13 6 -13 5 -13 6 -13 7 -14 6 -14 6 -14 7 -15 7 -15 8 -15 8 -16 0 0 8 -15 8 -16 7 -16 7 -16 7 -16 8 -17 8 -17 8 -17 7 -17 7 -18 7 -18 8 -16 7 -17 8 -17 7 -18 7 -18 7 -18 7 -18 7 -19 7 -18 8 -18 7 -17 8 -18 7 -19 7 -17 7 -17 0 0 0 0 0 0 0 0 0 0 ]
340,1782980346.737829,18.7466,-69,CSI_DATA,AP,98:F4:AB:29:67:94,-69,11,1,4,1,1,1,1,0,0,0,-96,1,6,1,62633265,0,84,0,0,63.0156,384,[84 -64 4 0 0 0 0 0 0 0 0 0 -12 -7 -11 -7 -13 -7 -12 -7 -12 -9 -11 -8 -11 -9 -11 -9 -12 -9 -11 -10 -14 -10 -13 -10 -13 -10 -13 -11 -12 -10 -14 -11 -12 -10 -13 -10 -12 -11 -13 -10 -13 -11 -15 -12 -16 -12 -15 -12 -15 -13 -17 -13 0 0 -15 -14 -16 -14 -15 -13 -16 -13 -15 -14 -16 -15 -17 -15 -16 -16 -16 -16 -17 -16 -17 -15 -16 -15 -15 -16 -15 -15 -16 -15 -16 -15 -16 -15 -15 -15 -15 -17 -16 -15 -15 -15 -16 -15 -16 -17 -16 -15 -15 -15 -15 -14 0 0 0 0 0 0 0 0 0 0 ]
341,1782980346.829598,18.0784,-69,CSI_DATA,AP,98:F4:AB:29:67:94,-69,11,1,4,1,1,1,1,0,0,0,-96,1,6,1,62723466,0,84,0,0,63.1058,384,[84 -64 4 0 0 0 0 0 0 0 0 0 -9 -9 -8 -8 -10 -9 -9 -10 -9 -10 -9 -10 -8 -10 -8 -11 -9 -10 -9 -12 -9 -12 -10 -11 -9 -12 -10 -12 -8 -11 -10 -12 -9 -10 -10 -12 -10 -12 -10 -10 -10 -12 -10 -12 -10 -13 -11 -13 -11 -13 -12 -12 0 0 -13 -13 -13 -15 -11 -12 -13 -14 -11 -14 -12 -13 -13 -15 -14 -14 -13 -14 -14 -14 -13 -15 -12 -15 -13 -14 -13 -14 -14 -14 -13 -13 -14 -15 -14 -14 -14 -14 -15 -13 -14 -14 -15 -15 -13 -15 -14 -15 -13 -15 -13 -14 0 0 0 0 0 0 0 0 0 0 ]
342,1782980346.920174,18.2439,-69,CSI_DATA,AP,98:F4:AB:29:67:94,-69,11,1,4,1,1,1,1,0,0,0,-96,1,6,1,62812167,0,84,0,0,63.1945,384,[84 -64 4 0 0 0 0 0 0 0 0 0 -12 3 -11 2 -13 1 -12 2 -14 2 -12 1 -13 1 -13 0 -12 2 -14 0 -15 1 -15 0 -15 1 -14 1 -14 1 -15 1 -15 2 -15 2 -14 2 -15 2 -15 2 -16 2 -17 1 -17 1 -18 0 -17 2 0 0 -17 1 -18 2 -17 2 -18 3 -17 1 -19 1 -20 1 -19 1 -19 1 -19 1 -20 2 -18 1 -19 1 -18 1 -19 4 -18 3 -20 2 -18 2 -19 2 -20 3 -20 2 -19 3 -20 1 -19 2 -18 1 -17 1 0 0 0 0 0 0 0 0 0 0 ]
343,1782980347.011670,18.3441,-70,CSI_DATA,AP,98:F4:AB:29:67:94,-70,11,1,5,1,1,1,1,0,0,0,-96,1,6,1,62901811,0,84,0,0,63.2841,384,[84 -64 4 0 0 0 0 0 0 0 0 0 9 -8 8 -8 9 -10 9 -9 9 -8 10 -9 11 -7 9 -9 10 -9 11 -10 12 -10 12 -10 11 -9 13 -9 11 -8 13 -9 12 -11 12 -12 12 -11 12 -11 13 -11 13 -11 15 -11 15 -11 15 -11 14 -13 0 0 13 -13 15 -12 16 -11 17 -15 15 -11 14 -14 16 -13 16 -13 15 -13 17 -15 16 -14 16 -12 16 -12 15 -11 16 -13 15 -13 17 -14 14 -14 16 -15 15 -14 17 -13 15 -14 18 -14 16 -14 16 -12 14 -13 0 0 0 0 0 0 0 0 0 0 ]
344,1782980347.101343,18.4361,-69,CSI_DATA,AP,98:F4:AB:29:67:94,-69,11,1,4,1,1,1,1,0,0,0,-96,1,6,1,62999046,0,84,0,0,63.3813,384,[84 -64 4 0 0 0 0 0 0 0 0 0 1 11 0 11 1 13 1 12 -1 13 0 12 -1 13 -1 13 -1 13 -1 13 -1 14 -2 15 -1 15 -1 15 -2 14 -2 15 -1 13 -1 14 -3 15 -2 15 -3 15 -3 16 -2 16 -2 16 -3 18 -2 16 0 0 -3 17 -3 18 -2 18 -1 18 -3 17 -3 18 -4 18 -3 18 -4 18 -4 19 -2 19 -3 19 -3 17 -3 19 -2 18 -3 18 -3 19 -3 18 -3 19 -3 19 -4 18 -3 19 -3 19 -3 18 -3 17 -3 17 0 0 0 0 0 0 0 0 0 0 ]
345,1782980347.190733,17.2466,-70,CSI_DATA,AP,98:F4:AB:29:67:94,-70,11,1,5,1,1,1,1,0,0,0,-96,1,6,1,63085093,0,84,0,0,63.4673,384,[84 -64 4 0 0 0 0 0 0 0 0 0 -10 5 -11 5 -11 5 -10 4 -11 4 -11 4 -12 5 -11 3 -13 5 -12 5 -12 5 -13 6 -13 5 -12 4 -12 5 -12 6 -12 5 -12 5 -13 6 -12 6 -13 6 -13 7 -13 7 -14 7 -15 7 -14 7 0 0 -15 8 -15 9 -15 8 -14 8 -14 8 -16 9 -16 9 -16 9 -16 9 -15 8 -17 10 -16 8 -16 8 -16 9 -16 9 -14 10 -16 9 -15 9 -16 10 -15 10 -16 9 -17 10 -16 9 -15 11 -15 10 -14 9 0 0 0 0 0 0 0 0 0 0 ]
346,1782980347.282727,15.8286,-70,CSI_DATA,AP,98:F4:AB:29:67:94,-70,11,1,5,1,1,1,1,0,0,0,-96,1,6,1,63172681,0,84,0,0,63.555,384,[84 -64 4 0 0 0 0 0 0 0 0 0 5 10 5 10 4 10 4 11 4 12 4 12 4 11 2 11 3 12 3 13 3 12 3 12 2 14 2 13 3 11 2 14 3 13 5 13 3 13 3 14 4 14 4 14 3 15 2 15 3 15 4 15 0 0 4 15 4 16 4 15 4 16 3 16 3 16 3 18 4 17 4 16 4 17 4 17 2 17 2 17 3 16 4 17 4 16 4 18 4 16 4 16 4 17 3 16 3 17 3 16 3 18 4 16 4 16 0 0 0 0 0 0 0 0 0 0 ]
347,1782980347.372705,16.7620,-70,CSI_DATA,AP,98:F4:AB:29:67:94,-70,11,1,5,1,1,1,1,0,0,0,-96,1,6,1,63269887,0,84,0,0,63.6522,384,[84 -64 4 0 0 0 0 0 0 0 0 0 4 12 4 12 4 12 4 12 2 13 3 11 3 14 3 14 5 13 3 14 3 15 2 15 2 16 2 15 2 15 3 16 3 14 3 15 2 14 4 16 3 16 4 16 4 17 3 17 2 18 3 18 0 0 3 17 6 19 4 18 5 18 3 17 5 19 5 19 5 19 5 19 5 19 5 20 3 18 3 21 3 19 5 21 5 17 5 20 7 18 6 19 6 18 4 20 5 19 5 20 5 19 4 19 5 17 0 0 0 0 0 0 0 0 0 0 ]
348,1782980347.461236,16.6861,-69,CSI_DATA,AP,98:F4:AB:29:67:94,-69,11,1,4,1,1,1,1,0,0,0,-96,1,6,1,63355107,0,84,0,0,63.7374,384,[84 -64 4 0 0 0 0 0 0 0 0 0 -2 10 -3 10 -3 10 -4 11 -4 10 -3 10 -4 11 -3 11 -4 11 -4 12 -4 12 -5 13 -4 12 -4 12 -5 12 -5 14 -5 13 -5 14 -5 13 -5 14 -5 14 -5 14 -6 15 -6 15 -6 16 -6 16 0 0 -7 16 -7 17 -7 16 -6 17 -6 16 -7 16 -8 16 -9 17 -8 17 -8 18 -8 18 -8 17 -8 17 -8 17 -8 17 -7 17 -8 17 -7 17 -8 17 -8 18 -8 17 -9 17 -8 17 -7 17 -8 17 -8 16 0 0 0 0 0 0 0 0 0 0 ]
349,1782980347.550703,17.1954,-69,CSI_DATA,AP,98:F4:AB:29:67:94,-69,11,1,3,1,1,1,1,0,0,0,-96,1,6,1,63444335,0,84,0,0,63.8266,384,[84 -64 4 0 0 0 0 0 0 0 0 0 9 7 9 8 10 9 9 9 11 10 10 10 10 10 9 9 10 9 9 12 11 11 9 12 9 13 10 12 8 11 11 12 11 12 11 11 9 12 11 12 11 13 11 13 12 13 12 13 12 13 11 13 0 0 13 13 14 14 12 13 14 14 13 13 14 14 14 14 13 14 14 14 14 14 14 14 12 14 14 15 13 13 15 15 15 12 16 14 15 12 15 14 15 13 16 13 15 13 14 14 14 11 15 13 14 12 0 0 0 0 0 0 0 0 0 0 ]
350,1782980347.639715,18.3562,-70,CSI_DATA,AP,98:F4:AB:29:67:94,-70,11,1,5,1,1,1,1,0,0,0,-96,1,6,1,63532224,0,84,0,0,63.9145,384,[84 -64 4 0 0 0 0 0 0 0 0 0 -10 -6 -11 -7 -11 -6 -11 -7 -12 -7 -11 -8 -11 -7 -11 -8 -12 -7 -12 -8 -13 -10 -12 -9 -12 -11 -11 -9 -11 -9 -12 -10 -12 -9 -12 -9 -12 -9 -13 -9 -12 -9 -13 -10 -13 -11 -15 -11 -15 -11 -13 -12 0 0 -14 -11 -15 -12 -14 -10 -16 -10 -14 -10 -15 -11 -16 -12 -16 -11 -15 -11 -16 -11 -16 -12 -15 -11 -14 -11 -15 -10 -15 -11 -16 -10 -17 -11 -16 -10 -17 -10 -17 -9 -15 -10 -17 -10 -16 -11 -16 -11 -16 -11 -15 -8 0 0 0 0 0 0 0 0 0 0 ]
351,1782980347.728899,18.7501,-69,CSI_DATA,AP,98:F4:AB:29:67:94,-69,11,1,4,1,1,1,1,0,0,0,-96,1,6,1,63623882,0,84,0,0,64.0062,384,[84 -64 4 0 0 0 0 0 0 0 0 0 13 2 13 2 14 3 12 3 14 4 13 5 13 4 12 5 14 4 14 5 14 5 15 6 13 6 14 6 14 6 14 6 14 5 15 5 13 6 14 5 15 6 16 6 15 7 16 7 17 8 17 7 0 0 17 7 19 7 18 6 19 8 16 7 18 8 18 8 18 8 18 9 19 10 19 8 18 10 18 10 18 9 18 9 17 7 20 9 19 8 19 9 18 8 18 8 17 9 18 9 18 9 18 9 17 8 0 0 0 0 0 0 0 0 0 0 ]
352,1782980347.820044,19.1118,-68,CSI_DATA,AP,98:F4:AB:29:67:94,-68,11,1,4,1,1,1,1,0,0,0,-96,1,6,1,63712920,0,84,0,0,64.0952,384,[84 -64 4 0 0 0 0 0 0 0 0 0 12 6 12 7 12 7 13 8 11 7 11 8 11 9 13 8 12 9 13 9 13 10 13 10 13 11 13 11 13 11 13 12 13 10 12 10 13 10 13 10 14 11 14 12 13 11 15 11 14 12 14 12 0 0 15 12 16 13 16 12 15 13 14 11 16 12 16 14 17 13 16 13 17 14 16 13 16 14 17 13 16 12 16 12 16 13 17 13 16 11 16 12 16 12 16 13 15 13 16 13 17 12 16 12 16 11 0 0 0 0 0 0 0 0 0 0 ]
353,1782980347.910135,18.9661,-69,CSI_DATA,AP,98:F4:AB:29:67:94,-69,11,1,4,1,1,1,1,0,0,0,-96,1,6,1,63801406,0,84,0,0,64.1837,384,[84 -64 4 0 0 0 0 0 0 0 0 0 2 8 2 8 2 9 3 9 2 10 2 9 1 9 1 9 2 11 2 10 1 11 0 12 1 12 -1 11 0 10 1 11 1 10 1 11 1 11 2 11 2 12 2 12 1 12 0 13 1 12 2 13 0 0 2 13 2 14 1 14 2 13 1 13 2 13 1 15 3 14 1 14 3 15 3 15 1 15 1 15 2 14 3 15 3 14 3 15 3 14 4 14 3 14 3 14 3 15 2 15 2 15 2 14 2 14 0 0 0 0 0 0 0 0 0 0 ]
354,1782980347.999778,17.8990,-69,CSI_DATA,AP,98:F4:AB:29:67:94,-69,11,1,4,1,1,1,1,0,0,0,-96,1,6,1,63893475,0,84,0,0,64.2758,384,[84 -64 4 0 0 0 0 0 0 0 0 0 -13 4 -11 3 -13 3 -12 3 -13 2 -12 2 -13 3 -13 2 -12 2 -14 2 -15 2 -15 2 -16 1 -15 1 -14 1 -16 3 -14 2 -14 2 -14 2 -14 3 -15 3 -16 3 -17 2 -16 2 -17 0 -16 2 0 0 -17 3 -18 4 -17 3 -18 4 -16 3 -18 3 -19 4 -18 4 -19 4 -20 5 -19 4 -17 3 -18 4 -18 4 -19 6 -18 5 -19 5 -18 6 -17 5 -18 5 -19 4 -18 5 -19 5 -18 6 -18 4 -17 4 0 0 0 0 0 0 0 0 0 0 ]
355,1782980348.088351,18.1570,-68,CSI_DATA,AP,98:F4:AB:29:67:94,-68,11,1,4,1,1,1,1,0,0,0,-96,1,6,1,63982289,0,84,0,0,64.3646,384,[84 -64 4 0 0 0 0 0 0 0 0 0 8 -12 9 -12 9 -12 9 -11 11 -13 10 -10 11 -11 12 -11 11 -10 12 -11 12 -12 13 -12 13 -11 13 -12 12 -11 12 -13 12 -12 11 -11 12 -12 13 -12 14 -12 13 -13 13 -13 13 -14 14 -13 14 -14 0 0 14 -15 16 -15 14 -14 14 -15 13 -14 15 -15 16 -15 16 -15 15 -16 15 -16 13 -17 15 -15 15 -17 14 -15 14 -16 14 -16 13 -17 13 -16 15 -17 14 -17 15 -17 13 -17 14 -17 13 -18 13 -16 13 -16 0 0 0 0 0 0 0 0 0 0 ]
356,1782980348.178061,18.5866,-68,CSI_DATA,AP,98:F4:AB:29:67:94,-68,11,1,3,1,1,1,1,0,0,0,-96,1,6,1,64083648,0,84,0,0,64.4659,384,[84 -64 4 0 0 0 0 0 0 0 0 0 -8 -12 -8 -12 -8 -14 -8 -12 -9 -14 -7 -14 -7 -14 -6 -13 -8 -14 -7 -15 -8 -15 -7 -17 -7 -16 -6 -16 -6 -15 -8 -16 -8 -16 -7 -15 -6 -16 -7 -16 -6 -17 -7 -18 -6 -17 -5 -18 -7 -18 -8 -18 0 0 -8 -19 -8 -20 -8 -19 -9 -20 -7 -18 -9 -20 -8 -20 -7 -20 -8 -20 -9 -21 -9 -21 -8 -21 -8 -21 -8 -20 -9 -20 -10 -20 -9 -21 -7 -20 -9 -21 -8 -20 -7 -21 -8 -21 -7 -22 -10 -21 -7 -20 -7 -19 0 0 0 0 0 0 0 0 0 0 ]
357,1782980348.268530,19.0614,-67,CSI_DATA,AP,98:F4:AB:29:67:94,-67,11,1,2,1,1,1,1,0,0,0,-96,1,6,1,64166053,0,84,0,0,64.5483,384,[84 -64 4 0 0 0 0 0 0 0 0 0 -3 -13 -4 -13 -4 -14 -3 -15 -3 -14 -2 -14 -1 -15 -3 -16 -2 -15 -1 -16 -1 -16 -1 -16 -1 -17 -1 -18 -1 -16 -1 -18 -1 -18 -2 -16 0 -17 -1 -16 -1 -18 -1 -18 -1 -18 -1 -18 0 -19 0 -18 0 0 0 -19 -1 -21 -2 -20 -2 -19 -1 -19 -1 -20 -2 -20 -1 -21 -2 -20 -3 -21 -3 -21 -2 -21 -2 -21 -2 -21 -2 -20 -2 -22 -2 -21 -3 -20 -2 -21 -3 -21 -3 -21 -2 -21 -2 -21 -3 -22 -2 -21 -2 -20 0 0 0 0 0 0 0 0 0 0 ]
358,1782980348.359777,19.6219,-68,CSI_DATA,AP,98:F4:AB:29:67:94,-68,11,1,4,1,1,1,1,0,0,0,-96,1,6,1,64253375,0,84,0,0,64.6357,384,[84 -64 4 0 0 0 0 0 0 0 0 0 4 -12 4 -12 6 -14 6 -14 6 -14 7 -14 8 -13 7 -14 7 -14 9 -14 9 -15 10 -14 10 -15 9 -14 9 -14 9 -16 9 -15 9 -15 9 -15 10 -15 11 -15 11 -16 10 -15 11 -15 12 -16 12 -16 0 0 11 -17 12 -18 10 -17 10 -18 10 -16 12 -17 12 -17 12 -18 12 -19 12 -20 11 -18 12 -17 12 -18 11 -17 10 -19 10 -18 11 -20 11 -19 11 -18 10 -18 13 -19 11 -19 12 -18 11 -18 11 -18 10 -17 0 0 0 0 0 0 0 0 0 0 ]
359,1782980348.449725,17.8275,-69,CSI_DATA,AP,98:F4:AB:29:67:94,-69,11,1,3,1,1,1,1,0,0,0,-96,1,6,1,64342959,0,84,0,0,64.7253,384,[84 -64 4 0 0 0 0 0 0 0 0 0 2 11 2 10 3 12 2 11 1 12 2 11 1 11 0 11 1 12 0 13 2 13 0 14 1 14 0 13 1 14 0 14 1 13 1 13 0 13 0 14 0 15 1 15 1 15 1 15 0 16 1 16 0 0 1 16 2 17 2 17 3 16 2 16 2 16 1 17 1 17 2 17 2 19 2 18 2 18 1 18 2 18 2 18 2 18 2 19 3 17 3 18 3 17 2 18 2 18 2 18 3 18 3 17 2 17 0 0 0 0 0 0 0 0 0 0 ]
360,1782980348.540704,18.7657,-69,CSI_DATA,AP,98:F4:AB:29:67:94,-69,11,1,3,1,1,1,1,0,0,0,-96,1,6,1,64431962,0,84,0,0,64.8143,384,[84 -64 4 0 0 0 0 0 0 0 0 0 -8 -11 -7 -12 -8 -13 -7 -13 -7 -14 -6 -12 -7 -15 -8 -14 -7 -15 -6 -14 -7 -15 -7 -15 -7 -16 -6 -15 -6 -16 -6 -16 -6 -15 -7 -14 -6 -15 -7 -16 -7 -16 -8 -17 -8 -16 -8 -17 -8 -18 -8 -18 0 0 -8 -18 -9 -18 -8 -17 -10 -17 -8 -17 -9 -19 -9 -19 -10 -18 -10 -18 -10 -20 -10 -19 -9 -19 -10 -18 -9 -18 -9 -19 -10 -18 -11 -20 -11 -17 -10 -18 -12 -19 -10 -19 -11 -19 -10 -20 -11 -19 -10 -18 -10 -18 0 0 0 0 0 0 0 0 0 0 ]
361,1782980348.634325,18.8890,-68,CSI_DATA,AP,98:F4:AB:29:67:94,-68,11,1,3,1,1,1,1,0,0,0,-96,1,6,1,64521183,0,84,0,0,64.9034,384,[84 -64 4 0 0 0 0 0 0 0 0 0 -1 14 -2 14 -3 15 -3 14 -3 16 -3 14 -4 15 -4 14 -4 15 -5 15 -5 15 -5 16 -5 17 -5 17 -4 14 -6 18 -4 15 -4 17 -5 14 -6 16 -5 17 -5 17 -5 17 -6 17 -6 18 -5 18 0 0 -5 19 -5 20 -4 18 -4 20 -4 18 -4 20 -5 20 -6 20 -5 21 -5 22 -5 22 -6 20 -5 20 -5 20 -5 21 -3 20 -6 22 -4 19 -4 20 -3 22 -4 21 -4 21 -6 21 -5 21 -5 20 -5 20 0 0 0 0 0 0 0 0 0 0 ]
362,1782980348.724760,18.3172,-69,CSI_DATA,AP,98:F4:AB:29:67:94,-69,11,1,3,1,1,1,1,0,0,0,-96,1,6,1,64613656,0,84,0,0,64.996,384,[84 -64 4 0 0 0 0 0 0 0 0 0 3 13 1 11 2 13 1 13 2 15 2 14 2 14 1 13 2 14 1 15 0 16 1 16 0 16 0 15 0 15 0 16 1 15 2 16 1 15 3 16 1 16 2 16 1 17 0 18 1 18 1 17 0 0 1 18 2 20 2 19 3 19 1 18 2 19 2 19 2 20 3 21 2 21 3 21 2 20 2 20 2 19 3 20 3 19 4 21 4 20 4 21 4 21 3 20 4 21 2 22 3 21 2 20 3 19 0 0 0 0 0 0 0 0 0 0 ]
363,1782980348.814904,17.4386,-68,CSI_DATA,AP,98:F4:AB:29:67:94,-68,11,1,4,1,1,1,1,0,0,0,-96,1,6,1,64705436,0,84,0,0,65.0877,384,[84 -64 4 0 0 0 0 0 0 0 0 0 8 -10 7 -10 10 -10 9 -9 10 -10 9 -9 10 -9 11 -10 10 -9 12 -9 11 -10 12 -8 12 -9 12 -9 12 -9 12 -11 11 -10 12 -9 12 -10 11 -10 12 -10 12 -10 13 -10 14 -11 14 -10 13 -12 0 0 13 -11 14 -11 13 -11 13 -13 13 -11 13 -13 14 -12 14 -12 14 -12 15 -13 14 -13 14 -12 15 -12 14 -11 14 -13 13 -13 14 -14 12 -13 14 -14 13 -13 15 -13 14 -13 15 -13 14 -13 14 -13 13 -12 0 0 0 0 0 0 0 0 0 0 ]
364,1782980348.906194,16.8275,-69,CSI_DATA,AP,98:F4:AB:29:67:94,-69,11,1,4,1,1,1,1,0,0,0,-96,1,6,1,64798804,0,84,0,0,65.1811,384,[84 -64 4 0 0 0 0 0 0 0 0 0 3 11 2 11 2 12 3 12 2 13 1 12 1 12 0 12 2 13 1 13 2 13 0 14 1 14 0 14 1 14 1 15 1 14 2 14 1 13 0 15 0 14 1 15 1 16 2 16 1 17 1 17 0 0 0 17 1 17 2 17 1 16 0 17 1 18 0 18 -1 17 2 18 2 18 2 19 2 18 1 18 2 18 2 17 2 18 2 18 2 17 2 18 2 17 1 18 1 19 1 18 3 18 2 16 1 17 0 0 0 0 0 0 0 0 0 0 ]
365,1782980348.997411,17.4305,-67,CSI_DATA,AP,98:F4:AB:29:67:94,-67,11,1,2,1,1,1,1,0,0,0,-96,1,6,1,64884238,0,84,0,0,65.2665,384,[84 -64 4 0 0 0 0 0 0 0 0 0 -6 -12 -6 -12 -7 -12 -6 -12 -6 -14 -5 -13 -6 -13 -4 -14 -6 -14 -6 -14 -5 -14 -5 -15 -4 -16 -5 -16 -4 -14 -5 -16 -5 -15 -6 -15 -5 -14 -5 -15 -7 -17 -7 -16 -5 -17 -6 -17 -5 -22 -6 -16 0 0 -6 -18 -8 -18 -7 -18 -8 -18 -7 -17 -8 -18 -8 -19 -8 -18 -8 -19 -8 -20 -8 -19 -7 -19 -7 -19 -8 -19 -9 -19 -9 -18 -9 -20 -9 -19 -10 -19 -10 -19 -9 -19 -10 -19 -9 -20 -9 -19 -8 -19 -8 -18 0 0 0 0 0 0 0 0 0 0 ]
366,1782980349.086730,19.2547,-68,CSI_DATA,AP,98:F4:AB:29:67:94,-68,11,1,4,1,1,1,1,0,0,0,-96,1,6,1,64972954,0,84,0,0,65.3553,384,[84 -64 4 0 0 0 0 0 0 0 0 0 -9 -10 -9 -11 -10 -12 -9 -11 -10 -12 -8 -13 -8 -13 -8 -13 -9 -13 -9 -15 -8 -16 -8 -16 -8 -17 -9 -17 -8 -15 -10 -17 -8 -15 -9 -16 -9 -15 -9 -16 -9 -17 -10 -17 -10 -19 -10 -18 -8 -19 -9 -18 0 0 -9 -18 -11 -19 -10 -18 -11 -18 -10 -18 -10 -19 -10 -20 -10 -21 -10 -20 -12 -20 -12 -20 -8 -19 -10 -20 -10 -19 -13 -20 -12 -18 -12 -20 -10 -18 -12 -20 -12 -18 -12 -20 -11 -18 -9 -21 -11 -19 -10 -18 -11 -20 0 0 0 0 0 0 0 0 0 0 ]
367,1782980349.176638,17.6556,-69,CSI_DATA,AP,98:F4:AB:29:67:94,-69,11,1,4,1,1,1,1,0,0,0,-96,1,6,1,65064051,0,84,0,0,65.4464,384,[84 -64 4 0 0 0 0 0 0 0 0 0 4 10 4 9 5 10 4 10 4 11 3 10 3 10 3 11 4 11 3 11 4 12 3 14 4 13 3 13 4 13 4 13 4 13 4 12 4 13 4 13 4 15 4 15 4 15 4 15 5 15 5 15 0 0 4 15 6 16 5 16 6 15 5 15 5 17 4 17 5 16 6 18 5 18 6 18 5 17 5 17 6 16 5 16 6 17 5 18 5 17 6 17 5 18 4 18 5 18 5 18 6 18 5 17 5 17 0 0 0 0 0 0 0 0 0 0 ]
368,1782980349.266372,16.2163,-69,CSI_DATA,AP,98:F4:AB:29:67:94,-69,11,1,4,1,1,1,1,0,0,0,-96,1,6,1,65154059,0,84,0,0,65.5364,384,[84 -64 4 0 0 0 0 0 0 0 0 0 6 10 6 10 7 10 7 9 8 11 6 12 6 10 7 11 7 12 6 11 7 13 6 13 6 11 7 12 6 11 8 13 7 12 7 12 7 10 7 12 6 12 9 14 8 12 8 13 6 14 9 14 0 0 9 14 8 17 9 14 10 15 8 15 10 15 9 17 10 16 8 16 10 16 10 16 9 15 8 16 9 15 9 15 10 15 11 15 9 14 10 16 10 15 11 15 9 15 10 16 10 15 9 15 9 14 0 0 0 0 0 0 0 0 0 0 ]
369,1782980349.356076,18.0359,-68,CSI_DATA,AP,98:F4:AB:29:67:94,-68,11,1,3,1,1,1,1,0,0,0,-96,1,6,1,65252181,0,84,0,0,65.6344,384,[84 -64 4 0 0 0 0 0 0 0 0 0 8 -12 7 -10 7 -12 8 -11 9 -12 9 -12 11 -10 9 -11 10 -11 11 -12 10 -13 12 -13 13 -13 13 -13 12 -11 13 -12 12 -13 12 -12 12 -13 14 -12 13 -14 13 -13 14 -13 14 -13 15 -14 14 -14 0 0 14 -14 15 -15 14 -14 14 -15 14 -12 15 -14 15 -14 14 -14 16 -15 16 -15 15 -16 15 -15 16 -15 16 -15 14 -14 14 -16 15 -16 14 -16 16 -16 15 -16 16 -16 16 -15 15 -16 14 -16 15 -14 14 -15 0 0 0 0 0 0 0 0 0 0 ]
370,1782980349.449396,18.6265,-69,CSI_DATA,AP,98:F4:AB:29:67:94,-69,11,1,4,1,1,1,1,0,0,0,-96,1,6,1,65332778,0,84,0,0,65.715,384,[84 -64 4 0 0 0 0 0 0 0 0 0 -11 1 -11 2 -13 0 -12 1 -12 0 -13 0 -12 0 -12 0 -13 0 -14 0 -15 -1 -15 0 -15 0 -14 -1 -14 -1 -16 0 -15 1 -15 0 -15 0 -15 0 -17 -1 -17 0 -16 0 -17 -1 -18 -2 -17 -1 0 0 -17 -1 -19 0 -18 0 -18 1 -17 -1 -18 0 -19 0 -18 0 -19 1 -19 0 -20 1 -19 -1 -19 0 -19 0 -19 1 -18 2 -20 1 -19 1 -19 2 -19 2 -20 0 -20 1 -20 1 -20 1 -18 1 -18 1 0 0 0 0 0 0 0 0 0 0 ]
371,1782980349.538420,18.8509,-69,CSI_DATA,AP,98:F4:AB:29:67:94,-69,11,1,4,1,1,1,1,0,0,0,-96,1,6,1,65424800,0,84,0,0,65.8071,384,[84 -64 4 0 0 0 0 0 0 0 0 0 6 10 5 12 6 12 5 12 4 12 5 11 6 12 6 12 6 12 5 14 6 14 5 15 5 15 5 15 4 14 6 15 5 15 6 14 4 14 5 15 6 15 6 16 6 17 5 17 5 18 5 17 0 0 5 17 6 19 5 18 7 18 6 17 5 19 5 20 5 19 5 19 6 19 8 21 5 19 6 20 5 18 7 19 7 19 7 21 7 19 7 21 6 20 5 20 6 19 5 20 7 19 7 19 6 17 0 0 0 0 0 0 0 0 0 0 ]
372,1782980349.630416,17.7560,-69,CSI_DATA,AP,98:F4:AB:29:67:94,-69,11,1,4,1,1,1,1,0,0,0,-96,1,6,1,65511446,0,84,0,0,65.8937,384,[84 -64 4 0 0 0 0 0 0 0 0 0 -10 5 -10 5 -12 6 -11 5 -11 5 -11 4 -12 4 -11 5 -12 4 -13 5 -13 6 -14 5 -14 5 -13 5 -14 4 -14 5 -13 5 -13 6 -14 5 -14 5 -15 5 -15 6 -15 6 -15 6 -16 5 -16 6 0 0 -16 6 -17 6 -16 6 -17 8 -17 6 -18 7 -18 6 -18 7 -18 6 -18 7 -20 7 -18 6 -17 6 -18 7 -18 8 -17 7 -18 7 -17 7 -17 8 -18 8 -17 7 -18 8 -18 7 -18 7 -18 6 -17 7 0 0 0 0 0 0 0 0 0 0 ]
373,1782980349.720366,16.6484,-69,CSI_DATA,AP,98:F4:AB:29:67:94,-69,11,1,4,1,1,1,1,0,0,0,-96,1,6,1,65602512,0,84,0,0,65.9848,384,[84 -64 4 0 0 0 0 0 0 0 0 0 6 10 5 9 7 10 7 11 6 11 5 10 6 12 6 11 6 12 5 12 5 12 6 13 5 12 6 13 5 12 6 13 5 12 6 13 5 12 6 13 6 13 7 13 6 14 6 14 6 15 6 15 0 0 7 15 7 15 7 14 7 14 7 14 9 16 7 15 7 16 8 16 9 16 8 16 7 15 7 15 7 16 8 15 8 15 8 16 8 15 9 15 8 16 8 16 9 16 8 16 8 16 8 16 8 15 0 0 0 0 0 0 0 0 0 0 ]
374,1782980349.812126,18.3110,-68,CSI_DATA,AP,98:F4:AB:29:67:94,-68,11,1,3,1,1,1,1,0,0,0,-96,1,6,1,65697223,0,84,0,0,66.0795,384,[84 -64 4 0 0 0 0 0 0 0 0 0 3 13 2 12 3 13 2 13 4 15 1 13 3 15 1 15 2 16 1 16 2 17 1 17 0 17 1 17 1 15 1 18 2 16 2 19 2 15 2 18 2 18 2 19 1 20 1 18 1 20 1 19 0 0 1 19 3 21 3 19 4 20 2 19 4 20 3 21 2 20 4 21 3 21 3 20 2 19 3 21 2 19 5 21 5 18 5 23 4 18 5 19 5 18 4 21 4 20 3 20 5 21 3 18 4 19 0 0 0 0 0 0 0 0 0 0 ]
375,1782980349.902867,17.5704,-68,CSI_DATA,AP,98:F4:AB:29:67:94,-68,11,1,4,1,1,1,1,0,0,0,-96,1,6,1,65785895,0,84,0,0,66.1682,384,[84 -64 4 0 0 0 0 0 0 0 0 0 12 0 11 0 13 1 11 2 13 2 12 1 12 2 12 2 13 2 14 3 14 3 14 3 14 3 14 4 13 3 15 3 14 2 14 2 14 3 15 3 15 4 15 3 15 3 16 3 16 4 16 3 0 0 17 4 17 2 16 3 17 3 16 3 17 4 18 4 17 3 18 3 19 2 19 2 18 3 17 3 17 3 19 2 18 2 20 2 18 1 18 2 19 2 19 3 19 2 19 3 18 3 17 2 17 2 0 0 0 0 0 0 0 0 0 0 ]
376,1782980349.991940,17.5843,-69,CSI_DATA,AP,98:F4:AB:29:67:94,-69,11,1,4,1,1,1,1,0,0,0,-96,1,6,1,65875229,0,84,0,0,66.2575,384,[84 -64 4 0 0 0 0 0 0 0 0 0 -8 -8 -8 -9 -9 -9 -9 -9 -10 -11 -8 -11 -9 -11 -9 -11 -9 -11 -9 -12 -9 -12 -9 -13 -8 -13 -9 -13 -9 -13 -8 -13 -8 -12 -9 -13 -9 -12 -9 -12 -8 -14 -9 -14 -9 -14 -10 -14 -9 -15 -10 -14 0 0 -10 -14 -10 -15 -10 -15 -11 -15 -9 -14 -11 -16 -10 -15 -10 -16 -11 -15 -11 -16 -10 -16 -9 -16 -9 -16 -10 -15 -10 -14 -11 -15 -11 -16 -11 -14 -11 -14 -12 -15 -11 -15 -11 -16 -11 -15 -11 -15 -11 -15 -11 -15 0 0 0 0 0 0 0 0 0 0 ]
377,1782980350.082070,17.0674,-68,CSI_DATA,AP,98:F4:AB:29:67:94,-68,11,1,3,1,1,1,1,0,0,0,-96,1,6,1,65961406,0,84,0,0,66.3437,384,[84 -64 4 0 0 0 0 0 0 0 0 0 0 -13 1 -12 2 -13 2 -14 3 -13 3 -12 3 -13 3 -13 3 -14 4 -15 3 -15 4 -16 4 -15 4 -15 5 -14 3 -16 3 -14 4 -16 4 -15 4 -16 5 -16 4 -17 5 -17 5 -17 5 -17 5 -18 0 0 5 -19 5 -19 4 -18 3 -19 4 -18 5 -20 5 -19 5 -20 5 -19 4 -20 4 -20 5 -19 5 -18 5 -19 4 -19 3 -18 4 -22 3 -19 4 -19 3 -21 4 -20 3 -19 4 -20 3 -20 4 -19 2 -17 0 0 0 0 0 0 0 0 0 0 ]
378,1782980350.173562,18.6481,-69,CSI_DATA,AP,98:F4:AB:29:67:94,-69,11,1,3,1,1,1,1,0,0,0,-96,1,6,1,66051108,0,84,0,0,66.4333,384,[84 -64 4 0 0 0 0 0 0 0 0 0 -9 -12 -9 -12 -8 -14 -8 -13 -8 -14 -7 -14 -8 -15 -7 -14 -8 -16 -6 -16 -7 -16 -7 -16 -6 -16 -7 -17 -6 -16 -7 -18 -7 -16 -8 -18 -6 -17 -7 -18 -7 -17 -6 -18 -7 -19 -6 -18 -6 -19 -7 -19 0 0 -7 -19 -8 -19 -7 -19 -10 -20 -7 -19 -8 -20 -7 -20 -7 -21 -9 -20 -9 -21 -9 -20 -8 -20 -7 -19 -7 -19 -9 -19 -9 -19 -9 -19 -9 -18 -8 -20 -10 -20 -9 -18 -9 -18 -8 -21 -10 -19 -9 -18 -8 -17 0 0 0 0 0 0 0 0 0 0 ]
379,1782980350.262509,19.8196,-68,CSI_DATA,AP,98:F4:AB:29:67:94,-68,11,1,3,1,1,1,1,0,0,0,-96,1,6,1,66144703,0,84,0,0,66.527,384,[84 -64 4 0 0 0 0 0 0 0 0 0 -12 0 -13 1 -13 -1 -12 0 -14 -1 -14 -1 -14 -1 -15 -1 -15 -1 -15 -2 -16 -1 -15 -2 -16 -2 -16 -3 -16 -3 -16 -1 -16 -2 -16 -2 -15 -2 -17 -3 -17 -3 -18 -2 -18 -3 -18 -3 -19 -3 -18 -4 0 0 -18 -2 -20 -2 -19 -2 -19 -2 -18 -2 -19 -4 -20 -3 -20 -4 -20 -3 -21 -2 -21 -3 -19 -3 -20 -2 -19 -2 -20 -2 -19 -1 -22 -2 -20 -2 -20 -2 -19 -1 -20 -2 -19 -1 -20 -2 -20 -1 -19 -1 -18 -1 0 0 0 0 0 0 0 0 0 0 ]
380,1782980350.354360,21.0688,-68,CSI_DATA,AP,98:F4:AB:29:67:94,-68,11,1,3,1,1,1,1,0,0,0,-96,1,6,1,66231947,0,84,0,0,66.6143,384,[84 -64 4 0 0 0 0 0 0 0 0 0 -9 -10 -8 -11 -9 -11 -9 -12 -8 -12 -9 -12 -8 -13 -9 -12 -8 -13 -9 -14 -10 -15 -9 -15 -8 -15 -9 -15 -9 -15 -9 -16 -9 -17 -8 -15 -10 -15 -9 -16 -9 -17 -9 -17 -10 -18 -9 -18 -10 -19 -10 -19 0 0 -10 -18 -10 -19 -10 -19 -10 -17 -10 -18 -10 -19 -10 -19 -10 -20 -11 -20 -11 -20 -11 -20 -10 -19 -9 -19 -10 -19 -10 -19 -11 -19 -11 -19 -11 -18 -11 -19 -11 -17 -11 -19 -11 -18 -11 -19 -12 -19 -11 -18 -10 -16 0 0 0 0 0 0 0 0 0 0 ]
381,1782980350.445935,20.6092,-69,CSI_DATA,AP,98:F4:AB:29:67:94,-69,11,1,3,1,1,1,1,0,0,0,-96,1,6,1,66330488,0,84,0,0,66.7127,384,[84 -64 4 0 0 0 0 0 0 0 0 0 9 -11 9 -11 9 -11 9 -11 10 -11 10 -10 11 -11 10 -9 10 -11 12 -9 12 -11 13 -11 13 -11 13 -11 12 -10 12 -11 12 -11 12 -12 12 -11 13 -12 13 -12 14 -12 14 -13 15 -12 15 -12 14 -13 0 0 15 -12 16 -13 16 -13 15 -14 15 -12 16 -13 16 -13 17 -14 17 -13 18 -14 17 -12 16 -11 17 -12 16 -12 16 -13 15 -14 17 -14 15 -13 17 -14 15 -14 16 -13 15 -14 16 -12 16 -13 15 -13 14 -13 0 0 0 0 0 0 0 0 0 0 ]
382,1782980350.535436,18.6566,-69,CSI_DATA,AP,98:F4:AB:29:67:94,-69,11,1,3,1,1,1,1,0,0,0,-96,1,6,1,66414641,0,84,0,0,66.7969,384,[84 -64 4 0 0 0 0 0 0 0 0 0 -12 2 -13 2 -14 1 -14 1 -13 1 -13 1 -14 0 -14 0 -14 0 -16 -2 -15 -1 -16 -2 -16 -1 -15 -1 -14 -1 -16 0 -15 1 -15 0 -15 -1 -16 -1 -16 -1 -17 -1 -18 0 -17 -1 -17 -2 -17 -1 0 0 -18 -1 -19 1 -18 1 -19 0 -17 0 -18 0 -19 0 -19 0 -19 1 -20 0 -19 0 -19 0 -18 -1 -17 1 -19 2 -16 1 -20 1 -18 1 -19 1 -18 3 -19 1 -18 2 -19 2 -18 2 -17 1 -18 1 0 0 0 0 0 0 0 0 0 0 ]
383,1782980350.628135,18.4330,-69,CSI_DATA,AP,98:F4:AB:29:67:94,-69,11,1,4,1,1,1,1,0,0,0,-96,1,6,1,66503522,0,84,0,0,66.8858,384,[84 -64 4 0 0 0 0 0 0 0 0 0 -7 -10 -7 -11 -7 -11 -7 -13 -7 -11 -7 -12 -5 -12 -6 -12 -6 -13 -6 -13 -7 -14 -7 -14 -8 -14 -6 -14 -6 -13 -6 -14 -7 -15 -7 -14 -6 -15 -6 -15 -6 -16 -7 -16 -5 -16 -6 -16 -8 -17 -7 -17 0 0 -6 -17 -7 -17 -6 -18 -7 -16 -6 -17 -7 -18 -6 -18 -5 -19 -7 -19 -6 -19 -7 -19 -7 -18 -7 -18 -6 -18 -6 -18 -7 -18 -6 -18 -7 -18 -6 -18 -7 -18 -6 -19 -6 -18 -5 -18 -6 -17 -6 -16 -6 -16 0 0 0 0 0 0 0 0 0 0 ]
384,1782980350.718719,19.1822,-69,CSI_DATA,AP,98:F4:AB:29:67:94,-69,11,1,4,1,1,1,1,0,0,0,-96,1,6,1,66592602,0,84,0,0,66.9749,384,[84 -64 4 0 0 0 0 0 0 0 0 0 8 -11 8 -11 10 -11 10 -11 10 -11 10 -11 10 -10 10 -10 11 -10 11 -11 11 -11 12 -11 13 -11 13 -11 12 -10 13 -12 12 -12 11 -11 13 -12 13 -12 13 -12 14 -12 13 -13 15 -13 15 -13 15 -13 0 0 14 -14 15 -14 14 -14 14 -14 14 -14 14 -14 14 -14 15 -14 15 -15 16 -16 16 -15 15 -15 15 -14 15 -15 14 -15 13 -15 14 -16 13 -15 15 -16 13 -16 14 -15 15 -16 14 -16 14 -16 14 -14 12 -15 0 0 0 0 0 0 0 0 0 0 ]
385,1782980350.811962,17.6489,-68,CSI_DATA,AP,98:F4:AB:29:67:94,-68,11,1,4,1,1,1,1,0,0,0,-96,1,6,1,66682555,0,84,0,0,67.0649,384,[84 -64 4 0 0 0 0 0 0 0 0 0 -5 -12 -5 -12 -6 -13 -5 -13 -5 -14 -4 -13 -4 -14 -4 -13 -5 -14 -4 -15 -5 -16 -5 -16 -4 -16 -5 -15 -3 -15 -4 -16 -4 -16 -4 -15 -4 -17 -4 -16 -4 -18 -4 -17 -4 -18 -5 -18 -4 -17 -4 -18 0 0 -5 -18 -5 -19 -5 -18 -6 -18 -5 -18 -5 -20 -5 -19 -5 -20 -5 -20 -6 -22 -5 -19 -5 -19 -5 -20 -5 -19 -6 -19 -6 -19 -6 -20 -6 -19 -5 -20 -7 -19 -6 -20 -6 -20 -6 -19 -6 -19 -5 -19 -5 -19 0 0 0 0 0 0 0 0 0 0 ]
386,1782980350.901665,17.1456,-85,CSI_DATA,AP,BC:D2:2C:1C:F0:6B,-85,11,0,0,0,0,0,0,0,0,0,-96,0,6,1,66738436,0,145,0,0,67.1208,128,[-111 16 9 0 0 0 0 0 0 0 0 0 -9 -13 -7 -16 -11 -12 -2 -15 -1 -11 -5 -13 -7 -13 -4 -13 -1 -8 -10 -17 -6 -18 -4 -21 -3 -24 -8 -22 -2 -21 -4 -17 -6 -19 -1 -17 -2 -15 -3 -20 -3 -15 -5 -19 -5 -21 -10 -18 -4 -17 -5 -16 0 0 -7 -19 -7 -19 -12 -15 -8 -23 -4 -19 -6 -21 -13 -18 -11 -18 -6 -16 -14 -12 -8 -14 -3 -18 -4 -19 -10 -18 -10 -15 -8 -14 -10 -15 -9 -17 -8 -14 -5 -13 -5 -13 -10 -17 -4 -14 -14 -16 -5 -9 -6 -7 0 0 0 0 0 0 0 0 0 0 ]
387,1782980350.993847,17.5230,-69,CSI_DATA,AP,98:F4:AB:29:67:94,-69,11,1,4,1,1,1,1,0,0,0,-96,1,6,1,66771981,0,84,0,0,67.1577,384,[84 -64 4 0 0 0 0 0 0 0 0 0 11 7 11 7 11 8 10 9 11 7 11 9 11 9 11 9 11 9 11 11 11 11 12 11 11 12 10 10 10 10 12 11 12 10 12 11 11 11 12 11 12 12 13 12 14 13 13 13 13 13 13 13 0 0 14 13 15 13 14 11 15 13 14 13 14 13 14 14 14 14 16 13 16 14 16 14 14 15 14 14 14 14 16 13 16 12 16 13 16 12 16 11 16 12 16 12 15 12 16 14 16 12 14 13 16 11 0 0 0 0 0 0 0 0 0 0 ]
388,1782980351.084108,16.8112,-69,CSI_DATA,AP,98:F4:AB:29:67:94,-69,11,1,4,1,1,1,1,0,0,0,-96,1,6,1,66862798,0,84,0,0,67.2452,384,[84 -64 4 0 0 0 0 0 0 0 0 0 8 7 8 8 8 8 8 8 9 8 7 9 7 9 7 10 8 11 7 10 9 10 8 11 8 11 8 11 8 13 7 12 8 12 8 11 8 11 7 11 8 11 8 13 7 13 8 14 8 14 10 15 0 0 7 14 9 15 10 15 9 14 9 15 8 15 8 16 8 15 9 16 9 16 9 16 9 15 8 16 9 16 8 15 9 15 8 16 10 16 9 16 9 16 9 16 9 16 9 16 8 14 8 15 8 15 0 0 0 0 0 0 0 0 0 0 ]
389,1782980351.177772,17.0087,-69,CSI_DATA,AP,98:F4:AB:29:67:94,-69,11,1,4,1,1,1,1,0,0,0,-96,1,6,1,66955838,0,84,0,0,67.3381,384,[84 -64 4 0 0 0 0 0 0 0 0 0 -12 -1 -11 -1 -13 -2 -13 -1 -14 -2 -13 -2 -12 -2 -13 -2 -13 -2 -14 -3 -14 -2 -14 -3 -15 -4 -14 -3 -13 -4 -15 -3 -14 -3 -14 -2 -14 -3 -15 -2 -15 -4 -16 -3 -16 -3 -16 -4 -17 -4 -17 -4 0 0 -17 -4 -18 -4 -17 -4 -17 -3 -16 -4 -17 -4 -19 -5 -18 -4 -18 -5 -18 -5 -19 -4 -17 -5 -18 -5 -18 -4 -18 -4 -18 -4 -19 -4 -18 -4 -18 -4 -18 -3 -18 -4 -18 -5 -18 -4 -18 -4 -17 -4 -17 -3 0 0 0 0 0 0 0 0 0 0 ]
390,1782980351.268734,19.0005,-70,CSI_DATA,AP,98:F4:AB:29:67:94,-70,11,1,5,1,1,1,1,0,0,0,-96,1,6,1,67041699,0,84,0,0,67.424,384,[84 -64 4 0 0 0 0 0 0 0 0 0 -2 -15 -1 -14 -1 -16 -1 -16 0 -16 1 -15 1 -16 1 -16 1 -17 2 -17 1 -18 3 -18 2 -17 2 -17 1 -17 1 -17 0 -17 2 -18 2 -17 2 -18 2 -18 0 -20 1 -20 3 -20 3 -20 1 -20 0 0 1 -20 1 -21 2 -21 1 -21 1 -22 1 -22 3 -22 2 -24 0 -21 4 -24 2 -23 2 -23 2 -22 2 -21 0 -24 0 -23 2 -24 1 -23 0 -23 0 -24 2 -24 1 -23 3 -25 2 -25 3 -22 2 -23 0 0 0 0 0 0 0 0 0 0 ]
391,1782980351.363131,18.8310,-70,CSI_DATA,AP,98:F4:AB:29:67:94,-70,11,1,5,1,1,1,1,0,0,0,-96,1,6,1,67131529,0,84,0,0,67.5139,384,[84 -64 4 0 0 0 0 0 0 0 0 0 -13 4 -13 4 -13 5 -13 4 -13 4 -14 4 -14 4 -14 3 -14 3 -16 4 -14 4 -15 3 -16 3 -15 3 -15 3 -16 4 -15 3 -15 4 -15 4 -16 4 -17 4 -17 4 -17 3 -17 4 -18 4 -18 4 0 0 -17 5 -19 5 -19 5 -18 6 -17 4 -18 4 -19 4 -21 4 -20 5 -20 6 -20 7 -19 5 -18 5 -20 5 -19 6 -19 6 -21 6 -18 7 -19 7 -20 6 -20 4 -19 5 -20 7 -19 6 -19 6 -18 5 0 0 0 0 0 0 0 0 0 0 ]
392,1782980351.454429,17.1167,-70,CSI_DATA,AP,98:F4:AB:29:67:94,-70,11,1,5,1,1,1,1,0,0,0,-96,1,6,1,67224135,0,84,0,0,67.6064,384,[84 -64 4 0 0 0 0 0 0 0 0 0 9 8 9 7 8 8 9 7 8 8 9 8 9 9 9 9 9 8 8 11 9 11 9 11 9 10 8 11 12 10 6 3 9 8 10 7 7 12 8 9 10 11 11 11 9 11 10 11 10 12 10 12 0 0 11 12 11 12 11 12 11 11 10 12 11 12 11 12 10 12 11 13 12 13 12 13 12 14 12 13 12 12 12 12 13 11 13 12 12 11 12 12 13 11 11 11 13 12 11 12 12 13 11 12 12 12 0 0 0 0 0 0 0 0 0 0 ]
393,1782980351.546189,17.5427,-70,CSI_DATA,AP,98:F4:AB:29:67:94,-70,11,1,5,1,1,1,1,0,0,0,-96,1,6,1,67316169,0,84,0,0,67.6985,384,[84 -64 4 0 0 0 0 0 0 0 0 0 4 10 7 10 5 10 5 11 5 12 5 11 4 12 5 13 5 12 4 12 6 13 5 14 6 14 4 15 4 14 5 15 4 15 5 14 6 14 5 15 5 15 5 16 5 16 5 16 5 17 6 17 0 0 6 18 6 17 5 18 6 17 5 18 7 18 6 18 6 19 5 19 7 19 7 19 5 18 7 19 6 19 7 17 7 20 6 19 7 18 6 19 7 18 8 18 6 19 6 19 7 19 5 18 5 18 0 0 0 0 0 0 0 0 0 0 ]
394,1782980351.637137,18.8411,-70,CSI_DATA,AP,98:F4:AB:29:67:94,-70,11,1,5,1,1,1,1,0,0,0,-96,1,6,1,67401691,0,84,0,0,67.784,384,[84 -64 4 0 0 0 0 0 0 0 0 0 -3 14 -3 12 -4 13 -4 14 -5 14 -3 13 -4 15 -3 13 -5 15 -6 15 -6 17 -6 16 -6 17 -6 16 -7 16 -6 18 -5 15 -5 17 -6 16 -6 16 -7 17 -4 19 -6 19 -7 18 -8 18 -7 19 0 0 -7 19 -6 19 -5 19 -5 21 -7 18 -7 21 -7 21 -6 21 -7 20 -9 21 -6 21 -7 20 -7 20 -8 19 -6 23 -5 21 -6 22 -6 21 -5 22 -5 21 -7 22 -5 22 -7 22 -6 21 -7 21 -6 20 0 0 0 0 0 0 0 0 0 0 ]
395,1782980351.735409,18.0667,-70,CSI_DATA,AP,98:F4:AB:29:67:94,-70,11,1,5,1,1,1,1,0,0,0,-96,1,6,1,67502005,0,84,0,0,67.8843,384,[84 -64 4 0 0 0 0 0 0 0 0 0 10 10 8 9 8 10 8 11 9 12 9 11 9 12 9 11 9 11 8 12 10 13 8 12 8 13 8 14 7 13 9 13 8 13 8 14 9 13 9 14 9 14 9 14 9 16 8 16 9 15 9 16 0 0 8 17 9 17 9 16 10 16 8 16 9 17 10 18 10 17 10 17 10 18 9 18 9 17 9 17 9 17 9 16 10 16 9 16 9 15 9 18 10 17 9 16 9 16 8 17 9 17 9 16 9 16 0 0 0 0 0 0 0 0 0 0 ]
396,1782980351.833771,18.5847,-71,CSI_DATA,AP,98:F4:AB:29:67:94,-71,11,1,6,1,1,1,1,0,0,0,-96,1,6,1,67582080,0,84,0,0,67.9643,384,[84 -64 4 0 0 0 0 0 0 0 0 0 -15 -2 -14 -2 -15 -3 -16 -2 -14 -3 -15 -4 -15 -5 -16 -5 -16 -4 -17 -5 -17 -5 -16 -4 -17 -4 -16 -5 -16 -5 -16 -5 -17 -6 -16 -5 -17 -6 -17 -6 -17 -6 -18 -6 -18 -6 -18 -6 -18 -6 -18 -6 0 0 -19 -6 -19 -6 -20 -5 -20 -5 -19 -6 -20 -7 -20 -5 -21 -6 -20 -6 -21 -7 -23 -6 -21 -5 -20 -6 -20 -6 -21 -5 -22 -5 -21 -6 -20 -4 -22 -5 -21 -5 -21 -6 -20 -6 -21 -5 -21 -5 -20 -5 -20 -5 0 0 0 0 0 0 0 0 0 0 ]
397,1782980351.934737,17.7905,-71,CSI_DATA,AP,98:F4:AB:29:67:94,-71,11,1,6,1,1,1,1,0,0,0,-96,1,6,1,67671673,0,84,0,0,68.054,384,[84 -64 4 0 0 0 0 0 0 0 0 0 -12 2 -11 1 -13 1 -13 1 -13 0 -13 0 -14 1 -14 -1 -14 0 -15 0 -14 -1 -14 0 -15 0 -14 -1 -15 -2 -15 0 -14 0 -16 0 -16 0 -16 0 -16 0 -17 -1 -15 -1 -17 -1 -17 0 -18 -1 0 0 -18 -1 -19 -2 -18 -2 -18 1 -18 -1 -18 -1 -18 -2 -19 0 -20 -1 -20 0 -20 0 -19 -1 -18 -1 -18 0 -17 -2 -17 0 -19 1 -19 1 -19 0 -19 1 -19 0 -18 0 -18 0 -18 0 -18 0 -18 1 0 0 0 0 0 0 0 0 0 0 ]
398,1782980352.033828,19.3672,-71,CSI_DATA,AP,98:F4:AB:29:67:94,-71,11,1,6,1,1,1,1,0,0,0,-96,1,6,1,67763871,0,84,0,0,68.1462,384,[84 -64 4 0 0 0 0 0 0 0 0 0 -12 2 -13 2 -15 1 -13 1 -14 1 -13 1 -14 1 -15 1 -15 1 -16 1 -17 0 -17 0 -16 -1 -16 -1 -15 -1 -17 0 -17 1 -17 -1 -17 1 -18 1 -18 0 -18 0 -18 0 -21 0 -21 -1 -19 1 0 0 -19 1 -20 1 -21 1 -20 2 -20 0 -20 1 -22 1 -21 0 -20 1 -22 0 -22 0 -20 0 -20 1 -20 1 -21 1 -20 2 -21 2 -20 3 -20 2 -19 3 -19 3 -20 3 -21 2 -21 2 -20 2 -19 2 0 0 0 0 0 0 0 0 0 0 ]
399,1782980352.132688,18.9296,-71,CSI_DATA,AP,98:F4:AB:29:67:94,-71,11,1,6,1,1,1,1,0,0,0,-96,1,6,1,67852604,0,84,0,0,68.2349,384,[84 -64 4 0 0 0 0 0 0 0 0 0 0 13 0 13 -2 14 -1 14 -3 15 -2 13 -2 14 -2 15 -2 14 -4 14 -3 15 -4 16 -4 16 -4 15 -4 13 -4 16 -4 15 -3 15 -4 16 -3 14 -6 17 -4 16 -5 16 -4 16 -5 17 -4 16 0 0 -4 17 -4 17 -4 17 -3 18 -5 17 -5 16 -5 18 -4 17 -5 16 -4 18 -4 19 -5 18 -4 18 -6 17 -3 18 -3 19 -4 20 -3 18 -3 19 -3 19 -5 18 -5 18 -5 18 -4 18 -4 18 -4 17 0 0 0 0 0 0 0 0 0 0 ]
400,1782980352.231407,18.5702,-71,CSI_DATA,AP,98:F4:AB:29:67:94,-71,11,1,6,1,1,1,1,0,0,0,-96,1,6,1,67942661,0,84,0,0,68.325,384,[84 -64 4 0 0 0 0 0 0 0 0 0 10 7 9 5 12 7 11 7 10 7 11 8 12 9 11 8 11 9 13 10 12 10 13 10 12 10 12 10 12 10 12 9 13 10 11 12 12 13 11 11 12 10 13 11 13 11 13 11 13 12 13 10 0 0 13 12 15 11 14 13 14 12 13 12 13 12 14 14 15 13 14 12 16 13 16 14 13 14 14 12 14 12 14 13 14 12 14 11 15 12 16 13 16 11 14 13 15 13 15 12 15 14 15 14 14 12 0 0 0 0 0 0 0 0 0 0 ]
401,1782980352.323140,19.3058,-71,CSI_DATA,AP,98:F4:AB:29:67:94,-71,11,1,6,1,1,1,1,0,0,0,-96,1,6,1,68031770,0,84,0,0,68.4141,384,[84 -64 4 0 0 0 0 0 0 0 0 0 0 15 0 14 -3 16 -1 16 -3 15 -1 14 -3 16 -3 14 -1 16 -5 14 -3 16 -4 18 -4 18 -4 15 -4 17 -4 18 -4 17 -5 18 -3 16 -4 17 -3 18 -3 19 -5 20 -6 20 -4 20 -4 20 0 0 -3 19 -4 20 -3 21 -3 21 -5 20 -2 21 -3 22 -3 22 -3 21 -3 22 -4 22 -5 20 -4 21 -3 22 -4 22 -2 22 -2 21 -2 22 -3 21 -1 22 -2 21 -1 23 -3 23 -1 22 -1 22 -2 20 0 0 0 0 0 0 0 0 0 0 ]
402,1782980352.416757,18.2596,-70,CSI_DATA,AP,98:F4:AB:29:67:94,-70,11,1,5,1,1,1,1,0,0,0,-96,1,6,1,68129581,0,84,0,0,68.5118,384,[84 -64 4 0 0 0 0 0 0 0 0 0 -5 10 -5 10 -5 11 -6 11 -5 10 -7 11 -6 11 -7 11 -7 13 -8 12 -7 12 -8 12 -10 12 -9 10 -7 12 -9 13 -7 10 -8 12 -8 11 -8 12 -8 12 -9 14 -9 14 -9 13 -11 14 -9 14 0 0 -9 14 -10 15 -10 14 -8 15 -8 12 -8 15 -10 14 -9 15 -11 15 -11 16 -9 16 -10 14 -10 14 -9 14 -9 15 -8 15 -9 15 -7 15 -7 16 -6 16 -8 16 -7 16 -8 16 -8 17 -9 15 -7 14 0 0 0 0 0 0 0 0 0 0 ]
403,1782980352.509909,18.5363,-71,CSI_DATA,AP,98:F4:AB:29:67:94,-71,11,1,6,1,1,1,1,0,0,0,-96,1,6,1,68213647,0,84,0,0,68.596,384,[84 -64 4 0 0 0 0 0 0 0 0 0 12 7 10 7 10 8 9 9 10 9 9 10 10 9 10 11 9 10 11 10 11 11 10 12 9 11 10 13 9 10 11 12 10 11 10 12 12 12 11 12 11 11 12 13 12 14 11 14 11 15 11 14 0 0 12 13 12 13 13 14 13 14 12 14 12 13 14 13 14 13 14 13 15 13 12 13 11 13 12 14 14 12 15 12 14 11 14 14 14 13 15 13 15 11 13 13 14 11 14 13 14 13 14 12 13 11 0 0 0 0 0 0 0 0 0 0 ]
404,1782980352.601612,18.5355,-71,CSI_DATA,AP,98:F4:AB:29:67:94,-71,11,1,6,1,1,1,1,0,0,0,-96,1,6,1,68302524,0,84,0,0,68.6847,384,[84 -64 4 0 0 0 0 0 0 0 0 0 9 -13 9 -11 9 -10 7 -12 10 -13 9 -10 9 -10 11 -11 10 -12 10 -13 11 -11 9 -12 12 -12 12 -13 10 -11 11 -11 11 -9 9 -11 11 -12 11 -11 13 -12 13 -12 13 -14 11 -12 13 -13 14 -12 0 0 12 -16 13 -17 12 -15 11 -16 12 -14 12 -15 14 -15 12 -15 13 -15 12 -15 12 -17 12 -15 12 -15 12 -16 13 -15 13 -16 11 -16 10 -16 11 -17 12 -16 12 -17 10 -17 13 -16 10 -18 10 -16 10 -17 0 0 0 0 0 0 0 0 0 0 ]
405,1782980352.694689,18.9589,-70,CSI_DATA,AP,98:F4:AB:29:67:94,-70,11,1,5,1,1,1,1,0,0,0,-96,1,6,1,68394043,0,84,0,0,68.7763,384,[84 -64 4 0 0 0 0 0 0 0 0 0 -15 -4 -15 -3 -15 -5 -14 -6 -15 -5 -12 -6 -13 -8 -15 -7 -14 -6 -15 -5 -16 -7 -15 -9 -16 -7 -15 -9 -14 -8 -15 -9 -15 -7 -16 -9 -16 -7 -16 -8 -17 -8 -17 -8 -17 -9 -17 -10 -17 -10 -17 -10 0 0 -17 -11 -18 -10 -16 -10 -17 -8 -16 -10 -18 -10 -17 -10 -18 -10 -18 -9 -19 -11 -18 -10 -16 -11 -18 -9 -16 -11 -18 -10 -18 -11 -18 -10 -18 -7 -18 -8 -18 -8 -18 -8 -17 -9 -18 -8 -17 -10 -16 -8 -16 -9 0 0 0 0 0 0 0 0 0 0 ]
406,1782980352.784246,19.8535,-70,CSI_DATA,AP,98:F4:AB:29:67:94,-70,11,1,5,1,1,1,1,0,0,0,-96,1,6,1,68481755,0,84,0,0,68.8641,384,[84 -64 4 0 0 0 0 0 0 0 0 0 -15 4 -14 3 -17 5 -16 3 -16 5 -16 4 -16 4 -14 3 -17 4 -17 4 -17 4 -18 4 -18 2 -18 1 -17 3 -19 3 -16 5 -17 3 -17 4 -17 5 -17 4 -18 5 -19 5 -20 5 -20 3 -20 4 0 0 -20 5 -21 5 -18 5 -21 6 -20 4 -21 7 -21 5 -21 6 -22 7 -25 6 -22 6 -22 5 -22 5 -22 6 -21 8 -21 8 -21 8 -21 8 -21 8 -20 7 -21 8 -21 8 -22 8 -21 7 -20 7 -20 6 0 0 0 0 0 0 0 0 0 0 ]
407,1782980352.875401,18.6219,-70,CSI_DATA,AP,98:F4:AB:29:67:94,-70,11,1,5,1,1,1,1,0,0,0,-96,1,6,1,68577351,0,84,0,0,68.9597,384,[84 -64 4 0 0 0 0 0 0 0 0 0 1 14 0 13 -2 16 -1 15 0 15 0 13 -1 15 -2 15 0 15 -2 16 -1 16 -3 16 -3 17 -3 17 -2 15 -1 18 -2 15 -3 16 -2 15 -1 17 -2 18 -3 17 -2 17 -3 16 -4 17 -3 19 0 0 -2 18 -1 20 -2 18 -1 21 -2 19 -3 19 -3 21 -4 19 -3 20 -3 22 -2 20 -3 19 -3 19 -2 19 -1 21 0 18 -1 21 -1 18 0 19 -1 19 -2 19 0 20 -2 21 -2 20 -1 19 -1 19 0 0 0 0 0 0 0 0 0 0 ]
408,1782980352.966409,20.3562,-70,CSI_DATA,AP,98:F4:AB:29:67:94,-70,11,1,5,1,1,1,1,0,0,0,-96,1,6,1,68661578,0,84,0,0,69.0439,384,[84 -64 4 0 0 0 0 0 0 0 0 0 -13 7 -12 6 -13 9 -14 8 -13 8 -12 6 -14 6 -15 6 -16 6 -15 8 -15 7 -16 7 -16 6 -17 7 -16 6 -18 7 -16 7 -17 6 -15 6 -19 7 -17 6 -19 7 -18 7 -19 8 -20 7 -20 7 0 0 -20 6 -21 8 -19 6 -21 8 -19 7 -20 7 -21 8 -20 6 -22 7 -23 8 -22 8 -21 6 -22 8 -21 6 -21 7 -20 8 -21 8 -23 7 -23 7 -22 7 -21 6 -21 6 -22 7 -22 7 -20 7 -21 6 0 0 0 0 0 0 0 0 0 0 ]
409,1782980353.058331,20.4616,-69,CSI_DATA,AP,98:F4:AB:29:67:94,-69,11,1,5,1,1,1,1,0,0,0,-96,1,6,1,68754235,0,84,0,0,69.1365,384,[84 -64 4 0 0 0 0 0 0 0 0 0 -12 7 -12 7 -13 7 -13 6 -13 8 -13 7 -14 7 -13 6 -14 8 -15 7 -16 7 -15 7 -16 7 -15 6 -14 7 -17 7 -16 7 -15 9 -15 8 -16 9 -15 9 -15 9 -17 10 -17 9 -18 10 -17 10 0 0 -17 11 -17 11 -18 10 -16 11 -17 10 -18 12 -18 12 -17 11 -19 11 -18 12 -18 12 -17 12 -18 11 -17 12 -17 13 -16 12 -18 13 -17 12 -16 13 -15 13 -15 13 -16 14 -16 13 -16 14 -16 12 -16 12 0 0 0 0 0 0 0 0 0 0 ]
410,1782980353.150726,18.8882,-70,CSI_DATA,AP,98:F4:AB:29:67:94,-70,11,1,6,1,1,1,1,0,0,0,-96,1,6,1,68852369,0,84,0,0,69.2347,384,[84 -64 4 0 0 0 0 0 0 0 0 0 -12 0 -13 -1 -13 0 -14 -1 -14 -1 -14 -1 -13 -2 -13 -2 -14 -1 -16 -1 -15 -2 -15 -1 -17 -2 -15 -3 -15 -2 -15 -3 -16 -1 -14 -1 -16 -2 -17 -2 -17 -2 -16 -2 -16 -2 -18 -3 -17 -3 -18 -2 0 0 -18 -2 -19 -2 -18 -2 -18 0 -18 -3 -17 -1 -19 -2 -18 -2 -18 -2 -19 -1 -20 -1 -17 -1 -19 -2 -20 -2 -19 -2 -19 -1 -20 -3 -19 -1 -21 -2 -20 0 -20 -1 -19 -1 -20 -2 -19 -1 -19 -1 -18 -1 0 0 0 0 0 0 0 0 0 0 ]
411,1782980353.240808,18.7119,-71,CSI_DATA,AP,98:F4:AB:29:67:94,-71,11,1,6,1,1,1,1,0,0,0,-96,1,6,1,68932012,0,84,0,0,69.3143,384,[84 -64 4 0 0 0 0 0 0 0 0 0 -6 11 -6 12 -7 11 -6 13 -8 13 -9 12 -7 13 -7 12 -9 13 -9 11 -9 14 -7 13 -10 12 -10 14 -9 13 -9 14 -8 13 -10 13 -10 12 -9 13 -11 14 -11 13 -10 13 -11 15 -11 15 -10 14 0 0 -11 15 -10 16 -10 16 -11 15 -11 15 -11 15 -12 16 -12 18 -12 17 -11 16 -12 17 -13 16 -13 17 -11 17 -11 15 -11 16 -10 18 -10 18 -11 18 -11 17 -11 17 -11 17 -13 17 -12 17 -13 16 -11 16 0 0 0 0 0 0 0 0 0 0 ]
412,1782980353.334823,18.0346,-71,CSI_DATA,AP,98:F4:AB:29:67:94,-71,11,1,6,1,1,1,1,0,0,0,-96,1,6,1,69021114,0,84,0,0,69.4033,384,[84 -64 4 0 0 0 0 0 0 0 0 0 0 -13 0 -13 -1 -13 0 -14 0 -14 1 -13 1 -15 2 -14 1 -15 2 -15 2 -15 2 -16 2 -16 3 -15 2 -16 4 -17 3 -15 2 -15 3 -17 3 -17 4 -15 2 -16 3 -17 2 -17 4 -18 3 -18 0 0 3 -18 2 -19 2 -19 2 -20 4 -18 3 -20 4 -19 2 -21 4 -21 4 -21 2 -20 4 -21 4 -20 3 -21 3 -21 3 -20 3 -21 4 -20 3 -20 3 -22 3 -20 5 -20 4 -21 4 -21 3 -20 3 -21 0 0 0 0 0 0 0 0 0 0 ]
413,1782980353.429424,17.1831,-71,CSI_DATA,AP,98:F4:AB:29:67:94,-71,11,1,6,1,1,1,1,0,0,0,-96,1,6,1,69115850,0,84,0,0,69.4982,384,[84 -64 4 0 0 0 0 0 0 0 0 0 12 3 12 2 12 3 12 4 14 3 13 3 12 4 12 4 14 4 13 6 12 6 13 7 13 6 14 6 13 5 15 7 13 6 13 6 13 6 15 5 14 5 15 4 16 6 16 7 16 6 16 6 0 0 17 6 16 6 17 4 17 6 16 6 17 7 18 6 18 5 18 5 19 4 20 5 18 7 18 6 18 6 18 7 18 5 20 5 19 4 19 5 19 5 19 6 20 5 18 6 19 4 18 6 17 5 0 0 0 0 0 0 0 0 0 0 ]
414,1782980353.523771,17.6814,-71,CSI_DATA,AP,98:F4:AB:29:67:94,-71,11,1,6,1,1,1,1,0,0,0,-96,1,6,1,69203238,0,84,0,0,69.5856,384,[84 -64 4 0 0 0 0 0 0 0 0 0 -3 13 -2 13 -3 12 -2 13 -4 14 -4 13 -3 14 -5 13 -3 15 -4 14 -5 14 -6 14 -5 15 -6 14 -5 14 -5 17 -4 14 -5 14 -6 14 -6 14 -6 17 -6 17 -7 17 -7 17 -8 17 -7 17 0 0 -7 17 -7 18 -6 18 -5 18 -8 16 -8 19 -7 19 -8 19 -7 20 -6 19 -7 20 -8 16 -8 18 -8 19 -7 20 -6 18 -7 20 -6 19 -8 20 -6 20 -8 18 -8 19 -9 19 -7 19 -8 17 -7 18 0 0 0 0 0 0 0 0 0 0 ]
415,1782980353.615962,17.2491,-71,CSI_DATA,AP,98:F4:AB:29:67:94,-71,11,1,6,1,1,1,1,0,0,0,-96,1,6,1,69293879,0,84,0,0,69.6762,384,[84 -64 4 0 0 0 0 0 0 0 0 0 7 -11 8 -11 8 -10 9 -12 9 -12 9 -10 9 -11 11 -10 10 -12 9 -10 10 -13 12 -11 11 -11 11 -11 11 -11 11 -11 11 -11 10 -11 11 -11 11 -12 12 -12 12 -13 13 -12 13 -13 12 -12 13 -13 0 0 13 -12 15 -14 14 -14 13 -13 13 -13 15 -14 14 -13 14 -13 16 -13 15 -14 14 -14 14 -11 16 -14 14 -13 15 -14 14 -13 15 -14 13 -13 14 -14 14 -14 14 -13 15 -13 16 -13 15 -13 14 -13 13 -13 0 0 0 0 0 0 0 0 0 0 ]
416,1782980353.709554,16.9488,-70,CSI_DATA,AP,98:F4:AB:29:67:94,-70,11,1,5,1,1,1,1,0,0,0,-96,1,6,1,69383921,0,84,0,0,69.7662,384,[84 -64 4 0 0 0 0 0 0 0 0 0 2 13 2 12 1 13 1 13 2 13 1 14 1 14 1 15 0 15 -1 14 1 15 0 17 -1 15 -1 16 0 16 0 16 0 15 -1 15 1 14 0 15 0 17 0 15 2 17 1 17 0 17 1 17 0 0 0 18 1 18 1 19 1 18 1 18 1 19 1 20 1 19 1 19 1 18 2 19 0 20 2 19 1 19 1 17 1 20 1 17 1 19 2 20 3 19 2 19 3 19 3 17 2 20 5 18 1 19 0 0 0 0 0 0 0 0 0 0 ]
417,1782980353.802891,17.8386,-72,CSI_DATA,AP,98:F4:AB:29:67:94,-72,11,1,7,1,1,1,1,0,0,0,-96,1,6,1,69471642,0,84,0,0,69.8539,384,[84 -64 4 0 0 0 0 0 0 0 0 0 -1 13 0 11 -1 13 -1 12 -2 14 -1 14 -4 13 -2 14 -2 14 -2 15 -4 14 -5 16 -4 16 -4 15 -3 13 -4 16 -3 14 -4 14 -4 15 -3 16 -5 15 -4 16 -5 16 -4 16 -6 18 -5 18 0 0 -5 16 -5 18 -4 18 -6 18 -5 17 -5 16 -5 18 -5 17 -6 20 -5 20 -5 20 -5 19 -6 18 -6 19 -5 19 -5 18 -7 20 -5 18 -5 20 -5 19 -4 19 -6 21 -7 20 -5 20 -5 19 -5 19 0 0 0 0 0 0 0 0 0 0 ]
418,1782980353.896522,17.9473,-72,CSI_DATA,AP,98:F4:AB:29:67:94,-72,11,1,7,1,1,1,1,0,0,0,-96,1,6,1,69564084,0,84,0,0,69.9464,384,[84 -64 4 0 0 0 0 0 0 0 0 0 4 12 3 9 3 12 3 11 3 12 2 12 2 12 2 14 3 13 1 14 1 14 0 15 0 16 1 13 -1 14 1 15 0 14 0 14 0 14 1 15 -1 14 0 16 -1 17 0 16 -1 17 0 16 0 0 0 16 0 17 0 16 0 17 0 17 0 17 -1 18 0 18 1 19 0 18 0 19 -1 17 0 17 -1 17 0 18 0 16 0 18 0 18 0 18 0 18 0 19 -1 18 -1 18 0 18 -1 17 1 18 0 0 0 0 0 0 0 0 0 0 ]
419,1782980353.990249,17.4699,-71,CSI_DATA,AP,98:F4:AB:29:67:94,-71,11,1,6,1,1,1,1,0,0,0,-96,1,6,1,69667693,0,84,0,0,70.05,384,[84 -64 4 0 0 0 0 0 0 0 0 0 0 -14 1 -13 0 -14 1 -14 1 -14 2 -14 2 -14 1 -15 2 -14 1 -14 2 -16 3 -17 3 -16 2 -17 2 -14 4 -16 2 -15 3 -15 2 -16 2 -15 0 -16 3 -17 1 -16 3 -16 0 -17 2 -19 0 0 0 -15 3 -20 2 -18 1 -18 2 -19 2 -18 1 -21 2 -21 2 -20 1 -21 0 -21 1 -20 2 -20 2 -20 1 -20 2 -20 0 -20 0 -20 0 -21 0 -21 1 -21 2 -20 1 -21 0 -21 1 -20 0 -20 0 0 0 0 0 0 0 0 0 0 ]
420,1782980354.084439,16.9331,-72,CSI_DATA,AP,98:F4:AB:29:67:94,-72,11,1,7,1,1,1,1,0,0,0,-96,1,6,1,69742840,0,84,0,0,70.1251,384,[84 -64 4 0 0 0 0 0 0 0 0 0 -10 -6 -10 -6 -11 -6 -10 -7 -11 -7 -10 -8 -11 -7 -11 -7 -12 -7 -11 -9 -11 -9 -11 -8 -11 -10 -12 -10 -11 -10 -11 -9 -12 -9 -11 -9 -11 -10 -12 -9 -12 -9 -13 -10 -13 -11 -14 -11 -14 -12 -14 -11 0 0 -14 -11 -13 -11 -14 -12 -14 -11 -14 -11 -15 -11 -15 -13 -14 -12 -16 -13 -16 -10 -15 -11 -15 -11 -16 -13 -15 -12 -16 -11 -15 -11 -16 -12 -15 -11 -16 -11 -16 -11 -15 -11 -17 -12 -16 -11 -16 -11 -15 -12 -15 -11 0 0 0 0 0 0 0 0 0 0 ]
421,1782980354.176821,17.0208,-71,CSI_DATA,AP,98:F4:AB:29:67:94,-71,11,1,6,1,1,1,1,0,0,0,-96,1,6,1,69833418,0,84,0,0,70.2158,384,[84 -64 4 0 0 0 0 0 0 0 0 0 -3 14 -2 16 -3 15 -4 15 -4 15 -3 14 -5 15 -4 15 -5 16 -5 17 -5 14 -6 15 -7 15 -6 16 -7 15 -6 16 -5 14 -5 15 -5 15 -6 16 -6 16 -6 17 -7 16 -6 17 -5 18 -6 17 0 0 -5 17 -5 18 -5 20 -6 19 -6 19 -5 18 -7 21 -7 20 -6 20 -5 21 -6 20 -6 20 -8 19 -6 20 -5 19 -5 20 -6 23 -7 21 -6 21 -5 20 -7 22 -6 21 -6 21 -7 20 -8 22 -5 19 0 0 0 0 0 0 0 0 0 0 ]
422,1782980354.271623,18.5045,-71,CSI_DATA,AP,98:F4:AB:29:67:94,-71,11,1,6,1,1,1,1,0,0,0,-96,1,6,1,69925891,0,84,0,0,70.3082,384,[84 -64 4 0 0 0 0 0 0 0 0 0 -14 -5 -12 -5 -14 -7 -14 -6 -15 -6 -13 -7 -15 -7 -14 -7 -14 -6 -15 -7 -15 -9 -14 -9 -14 -9 -14 -10 -14 -9 -14 -10 -14 -8 -15 -8 -14 -10 -14 -8 -17 -9 -17 -10 -16 -10 -16 -11 -17 -10 -17 -9 0 0 -16 -9 -17 -10 -17 -10 -19 -9 -16 -10 -18 -11 -18 -10 -18 -10 -19 -10 -19 -10 -19 -11 -17 -11 -17 -12 -17 -10 -19 -10 -17 -9 -19 -10 -19 -10 -20 -10 -19 -8 -19 -10 -20 -10 -19 -10 -20 -9 -17 -10 -18 -8 0 0 0 0 0 0 0 0 0 0 ]
423,1782980354.362541,19.0731,-71,CSI_DATA,AP,98:F4:AB:29:67:94,-71,11,1,6,1,1,1,1,0,0,0,-96,1,6,1,70012100,0,84,0,0,70.3944,384,[84 -64 4 0 0 0 0 0 0 0 0 0 -11 -7 -11 -7 -12 -9 -12 -9 -13 -9 -11 -9 -11 -9 -11 -10 -10 -11 -12 -11 -12 -12 -13 -11 -12 -13 -12 -12 -11 -10 -13 -11 -11 -11 -11 -11 -12 -11 -12 -12 -13 -12 -13 -12 -14 -13 -13 -14 -13 -14 -13 -13 0 0 -14 -13 -15 -13 -15 -14 -15 -12 -14 -13 -14 -14 -14 -15 -14 -14 -14 -14 -17 -14 -16 -15 -14 -14 -14 -13 -14 -14 -15 -13 -15 -12 -17 -15 -15 -13 -16 -13 -17 -12 -15 -14 -16 -14 -15 -15 -15 -14 -15 -13 -16 -12 0 0 0 0 0 0 0 0 0 0 ]
424,1782980354.454003,19.3582,-71,CSI_DATA,AP,98:F4:AB:29:67:94,-71,11,1,6,1,1,1,1,0,0,0,-96,1,6,1,70101860,0,84,0,0,70.4842,384,[84 -64 4 0 0 0 0 0 0 0 0 0 0 -14 1 -13 2 -14 2 -13 2 -15 3 -13 4 -14 3 -14 3 -15 4 -14 4 -14 4 -16 4 -15 5 -16 4 -15 5 -16 4 -15 4 -16 4 -15 4 -17 4 -17 5 -18 3 -17 4 -17 5 -18 4 -18 0 0 3 -18 4 -18 4 -19 4 -19 5 -18 3 -19 4 -20 4 -19 4 -20 2 -21 4 -20 4 -20 3 -20 3 -19 3 -20 1 -20 4 -21 2 -21 3 -22 2 -21 2 -20 2 -22 1 -21 3 -21 3 -20 2 -17 0 0 0 0 0 0 0 0 0 0 ]
425,1782980354.549115,19.4494,-70,CSI_DATA,AP,98:F4:AB:29:67:94,-70,11,1,5,1,1,1,1,0,0,0,-96,1,6,1,70194949,0,84,0,0,70.5773,384,[84 -64 4 0 0 0 0 0 0 0 0 0 15 -1 14 0 15 0 14 0 15 1 16 1 15 1 15 1 16 0 17 1 18 2 16 2 18 3 16 3 16 2 17 2 16 2 16 1 18 2 17 2 17 2 18 0 17 1 19 2 19 3 18 2 0 0 19 1 20 0 20 1 20 -1 18 2 21 0 22 1 21 0 22 0 22 0 22 1 21 2 21 1 21 0 22 0 22 1 23 0 21 0 21 0 22 -1 21 -2 23 1 23 0 23 -1 21 1 20 -1 0 0 0 0 0 0 0 0 0 0 ]
426,1782980354.638978,19.4059,-70,CSI_DATA,AP,98:F4:AB:29:67:94,-70,11,1,5,1,1,1,1,0,0,0,-96,1,6,1,70289721,0,84,0,0,70.672,384,[84 -64 4 0 0 0 0 0 0 0 0 0 -9 10 -9 10 -11 10 -10 10 -11 10 -11 9 -13 10 -12 10 -12 9 -13 10 -13 9 -13 10 -14 9 -14 8 -13 10 -14 10 -13 11 -13 10 -14 10 -14 10 -14 10 -14 10 -14 11 -16 10 -16 10 -16 11 0 0 -16 11 -15 12 -15 12 -15 12 -15 12 -16 12 -16 12 -16 12 -17 13 -17 13 -17 13 -17 12 -17 11 -16 12 -16 12 -16 13 -17 14 -15 13 -15 13 -16 13 -15 13 -16 13 -17 13 -16 14 -16 12 -17 12 0 0 0 0 0 0 0 0 0 0 ]
427,1782980354.733860,19.3577,-71,CSI_DATA,AP,98:F4:AB:29:67:94,-71,11,1,6,1,1,1,1,0,0,0,-96,1,6,1,70373736,0,84,0,0,70.756,384,[84 -64 4 0 0 0 0 0 0 0 0 0 -13 -8 -12 -8 -11 -7 -11 -8 -12 -9 -11 -10 -12 -9 -11 -9 -13 -10 -12 -11 -13 -10 -13 -11 -11 -11 -11 -12 -11 -11 -13 -11 -13 -10 -12 -10 -12 -11 -12 -10 -12 -12 -14 -12 -13 -12 -13 -12 -13 -12 -13 -13 0 0 -14 -13 -14 -14 -14 -12 -15 -13 -14 -13 -15 -14 -14 -13 -15 -14 -16 -14 -15 -15 -17 -14 -15 -14 -15 -13 -15 -13 -14 -14 -15 -14 -16 -14 -16 -14 -16 -13 -16 -14 -15 -15 -15 -14 -14 -13 -15 -13 -14 -14 -15 -13 0 0 0 0 0 0 0 0 0 0 ]
428,1782980354.825319,18.8356,-70,CSI_DATA,AP,98:F4:AB:29:67:94,-70,11,1,5,1,1,1,1,0,0,0,-96,1,6,1,70463458,0,84,0,0,70.8458,384,[84 -64 4 0 0 0 0 0 0 0 0 0 1 -12 2 -11 2 -12 2 -12 3 -13 4 -10 4 -13 2 -13 3 -13 4 -13 4 -15 5 -14 5 -14 5 -14 5 -13 4 -14 5 -14 4 -13 4 -13 5 -15 4 -15 4 -15 5 -15 5 -15 6 -15 5 -15 0 0 5 -16 4 -17 4 -17 6 -16 5 -15 4 -17 5 -17 4 -18 5 -18 4 -19 5 -19 5 -18 5 -18 5 -18 5 -16 4 -18 4 -18 4 -18 3 -18 3 -18 4 -18 5 -18 4 -18 5 -18 3 -17 4 -18 0 0 0 0 0 0 0 0 0 0 ]
429,1782980354.920544,18.5064,-69,CSI_DATA,AP,98:F4:AB:29:67:94,-69,11,1,4,1,1,1,1,0,0,0,-96,1,6,1,70552748,0,84,0,0,70.935,384,[84 -64 4 0 0 0 0 0 0 0 0 0 -12 5 -12 5 -13 4 -13 6 -12 4 -12 5 -12 5 -13 4 -13 6 -13 4 -14 4 -14 4 -15 4 -15 3 -14 3 -14 5 -13 5 -13 5 -14 4 -12 6 -15 5 -15 6 -15 4 -16 5 -15 5 -16 5 0 0 -16 7 -16 7 -17 6 -16 6 -16 6 -16 7 -17 8 -17 7 -17 7 -17 7 -17 8 -17 6 -17 7 -17 8 -17 8 -16 8 -18 8 -16 9 -16 8 -16 10 -16 9 -17 9 -16 9 -16 8 -17 8 -16 8 0 0 0 0 0 0 0 0 0 0 ]
430,1782980355.014439,18.5437,-70,CSI_DATA,AP,98:F4:AB:29:67:94,-70,11,1,5,1,1,1,1,0,0,0,-96,1,6,1,70642906,0,84,0,0,71.0252,384,[84 -64 4 0 0 0 0 0 0 0 0 0 3 13 2 12 2 13 3 13 3 13 2 14 2 14 1 13 3 14 2 14 2 15 1 15 2 15 1 15 1 14 2 17 1 15 2 15 2 14 1 15 2 16 3 16 2 18 2 16 1 19 2 17 0 0 2 18 2 19 2 18 2 18 1 18 3 19 2 20 1 20 3 21 3 22 2 21 2 20 0 20 1 20 2 20 2 20 2 21 2 20 2 21 3 20 1 20 2 20 1 21 3 20 1 20 2 19 0 0 0 0 0 0 0 0 0 0 ]
431,1782980355.103344,18.9511,-70,CSI_DATA,AP,98:F4:AB:29:67:94,-70,11,1,5,1,1,1,1,0,0,0,-96,1,6,1,70736694,0,84,0,0,71.1191,384,[84 -64 4 0 0 0 0 0 0 0 0 0 -1 -15 0 -14 0 -16 1 -16 1 -16 2 -15 1 -16 2 -16 1 -17 2 -17 3 -16 3 -17 4 -18 4 -17 4 -15 3 -18 4 -17 2 -16 3 -16 3 -18 2 -19 3 -18 4 -18 5 -18 4 -19 4 -18 0 0 4 -19 3 -19 3 -18 3 -20 4 -18 2 -20 4 -21 3 -20 5 -20 4 -21 4 -21 4 -20 4 -20 4 -19 3 -21 3 -19 4 -21 3 -20 3 -20 2 -21 3 -20 3 -20 4 -21 3 -21 4 -19 2 -18 0 0 0 0 0 0 0 0 0 0 ]
432,1782980355.197635,19.9794,-69,CSI_DATA,AP,98:F4:AB:29:67:94,-69,11,1,4,1,1,1,1,0,0,0,-96,1,6,1,70822835,0,84,0,0,71.2051,384,[84 -64 4 0 0 0 0 0 0 0 0 0 -11 -7 -12 -6 -12 -8 -12 -7 -12 -7 -12 -8 -12 -8 -12 -9 -13 -10 -12 -9 -13 -9 -13 -10 -15 -10 -13 -10 -13 -9 -14 -10 -12 -9 -13 -9 -13 -9 -14 -10 -15 -10 -16 -10 -16 -10 -16 -10 -17 -11 -16 -12 0 0 -16 -11 -18 -11 -17 -12 -19 -11 -16 -12 -18 -12 -17 -12 -17 -14 -18 -13 -18 -14 -18 -12 -16 -13 -18 -14 -17 -12 -18 -13 -18 -12 -20 -14 -18 -12 -18 -13 -19 -13 -19 -13 -19 -13 -19 -13 -19 -12 -18 -14 -16 -12 0 0 0 0 0 0 0 0 0 0 ]
433,1782980355.287684,17.7504,-70,CSI_DATA,AP,98:F4:AB:29:67:94,-70,11,1,5,1,1,1,1,0,0,0,-96,1,6,1,70914323,0,84,0,0,71.2966,384,[84 -64 4 0 0 0 0 0 0 0 0 0 -3 11 -5 11 -6 10 -7 11 -6 11 -7 11 -5 11 -5 11 -7 11 -8 11 -8 13 -8 12 -8 11 -8 11 -8 11 -9 11 -8 11 -8 11 -8 10 -9 12 -8 11 -8 12 -8 13 -8 13 -9 13 -9 14 0 0 -10 14 -9 14 -9 13 -8 14 -9 13 -9 14 -9 15 -10 15 -10 15 -9 16 -10 15 -10 13 -10 14 -9 14 -9 15 -9 15 -9 15 -9 15 -9 15 -8 16 -9 16 -11 15 -11 14 -9 15 -9 15 -9 15 0 0 0 0 0 0 0 0 0 0 ]
434,1782980355.380865,17.9933,-70,CSI_DATA,AP,98:F4:AB:29:67:94,-70,11,1,5,1,1,1,1,0,0,0,-96,1,6,1,71001934,0,84,0,0,71.3842,384,[84 -64 4 0 0 0 0 0 0 0 0 0 -11 9 -11 8 -12 8 -11 8 -14 9 -13 7 -14 10 -12 7 -12 9 -15 7 -14 8 -15 8 -16 8 -15 6 -14 6 -15 9 -13 7 -15 8 -14 8 -14 8 -15 8 -15 8 -15 7 -17 7 -17 8 -16 9 0 0 -17 10 -17 10 -18 9 -17 10 -17 8 -17 9 -19 10 -17 11 -19 10 -19 11 -18 10 -19 8 -19 9 -17 9 -18 10 -16 11 -18 11 -16 10 -17 11 -16 11 -18 12 -18 11 -18 11 -18 11 -19 9 -16 10 0 0 0 0 0 0 0 0 0 0 ]
435,1782980355.473852,17.1234,-70,CSI_DATA,AP,98:F4:AB:29:67:94,-70,11,1,5,1,1,1,1,0,0,0,-96,1,6,1,71091490,0,84,0,0,71.4738,384,[84 -64 4 0 0 0 0 0 0 0 0 0 3 9 4 10 5 11 5 11 4 11 5 10 5 12 4 12 4 12 3 13 5 14 5 12 3 14 4 12 3 12 3 13 3 13 3 13 5 13 4 14 4 14 4 15 5 14 4 14 5 16 5 15 0 0 4 15 6 17 6 17 4 17 5 16 5 17 5 17 5 17 4 17 6 17 5 18 4 18 4 17 4 17 6 17 6 16 5 18 6 17 4 18 5 17 4 18 4 16 4 18 5 17 5 16 4 16 0 0 0 0 0 0 0 0 0 0 ]
436,1782980355.564136,17.0654,-69,CSI_DATA,AP,98:F4:AB:29:67:94,-69,11,1,3,1,1,1,1,0,0,0,-96,1,6,1,71202022,0,84,0,0,71.5845,384,[84 -64 4 0 0 0 0 0 0 0 0 0 -12 -7 -11 -7 -12 -8 -11 -7 -12 -9 -10 -7 -12 -9 -11 -9 -13 -9 -11 -10 -12 -10 -10 -12 -11 -12 -13 -12 -11 -14 -13 -10 -10 -8 -11 -7 -6 -12 -11 -8 -13 -10 -14 -10 -13 -11 -13 -11 -12 -13 -13 -11 0 0 -14 -11 -14 -11 -14 -10 -15 -11 -13 -10 -14 -10 -15 -12 -15 -12 -15 -7 -16 -10 -16 -11 -15 -12 -15 -10 -15 -10 -16 -9 -16 -9 -16 -11 -15 -10 -16 -9 -16 -9 -16 -9 -16 -10 -16 -10 -16 -10 -15 -11 -15 -9 0 0 0 0 0 0 0 0 0 0 ]
437,1782980355.656280,18.6594,-69,CSI_DATA,AP,98:F4:AB:29:67:94,-69,11,1,4,1,1,1,1,0,0,0,-96,1,6,1,71277031,0,84,0,0,71.6592,384,[84 -64 4 0 0 0 0 0 0 0 0 0 -8 -15 -7 -14 -7 -16 -6 -15 -7 -17 -5 -16 -6 -15 -6 -16 -4 -17 -5 -17 -6 -19 -5 -18 -5 -18 -4 -18 -5 -17 -5 -19 -5 -18 -7 -18 -5 -18 -6 -18 -8 -19 -6 -20 -7 -18 -7 -20 -7 -19 -7 -21 0 0 -6 -21 -8 -22 -8 -21 -8 -21 -8 -21 -9 -22 -8 -22 -9 -22 -9 -21 -10 -23 -10 -23 -7 -22 -9 -22 -7 -22 -10 -21 -12 -21 -10 -22 -10 -21 -11 -22 -10 -22 -10 -22 -10 -23 -10 -23 -11 -22 -10 -21 -9 -22 0 0 0 0 0 0 0 0 0 0 ]
438,1782980355.747531,19.0142,-68,CSI_DATA,AP,98:F4:AB:29:67:94,-68,11,1,3,1,1,1,1,0,0,0,-96,1,6,1,71364756,0,84,0,0,71.747,384,[84 -64 4 0 0 0 0 0 0 0 0 0 -5 13 -5 12 -6 14 -4 12 -7 14 -7 13 -6 13 -7 12 -6 14 -9 15 -9 15 -9 15 -9 14 -9 15 -9 14 -9 16 -7 15 -8 15 -7 14 -8 15 -10 15 -7 16 -10 15 -10 16 -10 16 -10 17 0 0 -10 18 -10 18 -10 16 -10 18 -9 17 -10 19 -9 17 -11 19 -10 19 -11 21 -9 19 -10 20 -11 19 -9 17 -8 19 -7 18 -9 20 -8 18 -8 20 -8 21 -8 18 -8 20 -9 19 -7 19 -9 16 -7 17 0 0 0 0 0 0 0 0 0 0 ]
439,1782980355.841523,18.1752,-69,CSI_DATA,AP,98:F4:AB:29:67:94,-69,11,1,4,1,1,1,1,0,0,0,-96,1,6,1,71453816,0,84,0,0,71.8361,384,[84 -64 4 0 0 0 0 0 0 0 0 0 -12 2 -13 1 -15 1 -14 2 -14 1 -13 0 -13 1 -14 0 -14 1 -15 -1 -16 0 -17 -1 -15 0 -16 -1 -14 -1 -15 -1 -15 -1 -15 0 -15 -1 -15 -1 -16 0 -18 0 -16 -1 -17 0 -17 0 -17 1 0 0 -17 1 -18 0 -18 -1 -18 2 -17 0 -18 0 -19 0 -19 0 -19 0 -20 0 -20 1 -19 2 -18 0 -19 1 -19 1 -18 2 -19 1 -19 2 -20 1 -19 2 -20 1 -20 1 -19 1 -19 2 -18 2 -19 2 0 0 0 0 0 0 0 0 0 0 ]
440,1782980355.933719,17.3086,-69,CSI_DATA,AP,98:F4:AB:29:67:94,-69,11,1,4,1,1,1,1,0,0,0,-96,1,6,1,71541786,0,84,0,0,71.9241,384,[84 -64 4 0 0 0 0 0 0 0 0 0 5 -10 6 -11 6 -10 6 -11 6 -12 6 -10 6 -10 6 -12 7 -11 7 -11 7 -12 8 -12 9 -13 8 -12 8 -12 8 -12 8 -12 7 -13 7 -12 7 -13 8 -14 9 -14 8 -13 9 -14 10 -13 9 -15 0 0 9 -15 9 -16 9 -15 10 -15 9 -15 9 -16 10 -15 10 -16 11 -17 10 -17 10 -17 11 -15 11 -16 10 -16 10 -18 9 -17 10 -16 8 -16 9 -17 8 -17 9 -17 10 -16 10 -17 10 -17 9 -15 10 -16 0 0 0 0 0 0 0 0 0 0 ]
441,1782980356.023580,17.6512,-69,CSI_DATA,AP,98:F4:AB:29:67:94,-69,11,1,4,1,1,1,1,0,0,0,-96,1,6,1,71632183,0,84,0,0,72.0145,384,[84 -64 4 0 0 0 0 0 0 0 0 0 -11 6 -11 5 -11 6 -12 6 -13 5 -11 5 -12 6 -12 6 -13 6 -13 5 -14 6 -14 5 -15 5 -14 5 -14 5 -15 5 -14 5 -14 6 -13 4 -14 6 -15 5 -15 6 -15 7 -16 6 -17 6 -15 6 0 0 -15 7 -16 8 -17 7 -16 8 -15 6 -16 8 -18 8 -17 7 -17 8 -17 8 -17 8 -18 7 -16 7 -17 8 -18 9 -15 9 -18 9 -16 8 -17 9 -16 8 -17 8 -17 9 -18 9 -16 9 -15 8 -15 9 0 0 0 0 0 0 0 0 0 0 ]
442,1782980356.116191,16.9184,-69,CSI_DATA,AP,98:F4:AB:29:67:94,-69,11,1,4,1,1,1,1,0,0,0,-96,1,6,1,71723174,0,84,0,0,72.1056,384,[84 -64 4 0 0 0 0 0 0 0 0 0 -3 12 -4 11 -4 12 -5 11 -4 12 -4 11 -5 11 -5 11 -4 11 -6 12 -5 12 -6 13 -7 13 -7 13 -6 11 -6 14 -5 13 -5 14 -5 12 -6 13 -6 13 -5 14 -7 14 -6 14 -7 15 -7 14 0 0 -7 15 -6 17 -6 16 -6 17 -6 14 -6 17 -7 17 -7 17 -6 17 -7 19 -6 17 -7 17 -6 17 -6 16 -5 18 -4 17 -5 18 -4 16 -6 17 -5 18 -6 18 -6 18 -6 18 -5 18 -6 17 -5 16 0 0 0 0 0 0 0 0 0 0 ]
443,1782980356.207881,15.9507,-69,CSI_DATA,AP,98:F4:AB:29:67:94,-69,11,1,4,1,1,1,1,0,0,0,-96,1,6,1,71811628,0,84,0,0,72.194,384,[84 -64 4 0 0 0 0 0 0 0 0 0 9 7 9 7 10 7 9 8 9 9 9 9 9 10 9 9 9 10 9 11 9 11 9 11 9 11 9 12 8 11 9 11 9 11 9 11 9 11 8 10 9 12 9 12 10 12 11 12 10 13 10 12 0 0 11 13 11 13 11 13 12 12 11 13 11 13 11 13 11 14 12 14 13 13 13 13 12 13 13 13 13 13 12 12 13 12 13 12 12 12 13 12 13 13 13 14 12 14 12 13 13 12 12 13 11 13 0 0 0 0 0 0 0 0 0 0 ]
444,1782980356.299271,17.6220,-68,CSI_DATA,AP,98:F4:AB:29:67:94,-68,11,1,4,1,1,1,1,0,0,0,-96,1,6,1,71901501,0,84,0,0,72.2838,384,[84 -64 4 0 0 0 0 0 0 0 0 0 8 -11 9 -9 9 -11 10 -10 11 -11 9 -11 9 -11 10 -11 10 -12 11 -13 11 -11 13 -11 11 -11 13 -10 12 -10 11 -12 12 -11 11 -12 11 -12 10 -12 12 -13 13 -13 12 -13 13 -13 14 -13 14 -14 0 0 14 -15 15 -14 14 -14 13 -15 14 -14 14 -16 15 -15 15 -15 16 -15 16 -15 16 -15 16 -14 15 -15 15 -15 15 -15 13 -15 14 -18 14 -16 14 -15 14 -16 15 -14 14 -15 15 -16 14 -15 14 -15 13 -14 0 0 0 0 0 0 0 0 0 0 ]
445,1782980356.394267,17.5125,-69,CSI_DATA,AP,98:F4:AB:29:67:94,-69,11,1,4,1,1,1,1,0,0,0,-96,1,6,1,71993866,0,84,0,0,72.3761,384,[84 -64 4 0 0 0 0 0 0 0 0 0 1 -12 0 -13 1 -13 0 -13 2 -13 3 -13 2 -13 2 -14 3 -14 3 -14 3 -15 3 -14 3 -15 3 -14 3 -14 2 -15 3 -14 2 -14 3 -15 3 -15 2 -16 4 -16 3 -16 3 -16 4 -17 3 -17 0 0 3 -18 3 -18 4 -17 2 -17 3 -17 3 -19 3 -19 3 -18 4 -18 3 -19 2 -19 3 -18 4 -18 3 -19 2 -18 2 -19 2 -20 2 -17 2 -19 2 -19 3 -19 1 -19 2 -19 2 -19 3 -17 2 -18 0 0 0 0 0 0 0 0 0 0 ]
446,1782980356.484568,17.0858,-69,CSI_DATA,AP,98:F4:AB:29:67:94,-69,11,1,4,1,1,1,1,0,0,0,-96,1,6,1,72084730,0,84,0,0,72.467,384,[84 -64 4 0 0 0 0 0 0 0 0 0 11 1 11 1 12 2 12 2 13 2 12 3 12 3 12 4 13 3 13 4 14 4 14 5 14 5 14 5 12 4 14 5 13 4 13 4 13 4 14 4 13 5 15 5 15 5 14 5 15 6 14 5 0 0 16 5 17 5 16 5 17 5 15 5 16 4 17 6 17 5 17 5 18 6 17 6 17 5 17 5 16 5 18 5 17 3 18 5 16 4 18 4 17 4 18 5 17 4 18 5 17 4 16 4 17 4 0 0 0 0 0 0 0 0 0 0 ]
447,1782980356.578377,19.0272,-68,CSI_DATA,AP,98:F4:AB:29:67:94,-68,11,1,4,1,1,1,1,0,0,0,-96,1,6,1,72175676,0,84,0,0,72.558,384,[84 -64 4 0 0 0 0 0 0 0 0 0 -13 -7 -12 -7 -13 -7 -14 -8 -14 -9 -12 -8 -13 -9 -13 -9 -13 -9 -13 -11 -14 -10 -14 -11 -13 -12 -13 -12 -13 -11 -14 -11 -13 -11 -13 -10 -13 -11 -14 -11 -14 -13 -15 -11 -15 -12 -15 -12 -15 -13 -16 -12 0 0 -17 -12 -16 -13 -17 -12 -17 -13 -15 -12 -17 -12 -17 -12 -16 -13 -17 -13 -18 -12 -18 -13 -16 -12 -17 -12 -16 -12 -18 -12 -18 -10 -19 -12 -18 -10 -18 -11 -19 -12 -18 -11 -19 -11 -19 -12 -19 -12 -18 -11 -18 -10 0 0 0 0 0 0 0 0 0 0 ]
448,1782980356.671875,17.8962,-68,CSI_DATA,AP,98:F4:AB:29:67:94,-68,11,1,4,1,1,1,1,0,0,0,-96,1,6,1,72263751,0,84,0,0,72.6461,384,[84 -64 4 0 0 0 0 0 0 0 0 0 -3 11 -2 10 -3 13 -3 11 -3 12 -4 11 -3 12 -3 11 -5 13 -4 13 -5 13 -5 13 -5 13 -6 13 -5 12 -5 14 -5 13 -5 13 -5 13 -5 14 -6 15 -6 14 -6 16 -6 15 -7 15 -6 16 0 0 -7 16 -7 18 -6 16 -6 17 -7 16 -6 16 -7 16 -7 18 -8 17 -7 18 -7 18 -7 17 -7 16 -6 17 -7 18 -6 17 -7 18 -6 16 -7 18 -6 18 -6 17 -8 17 -8 18 -7 17 -6 17 -7 16 0 0 0 0 0 0 0 0 0 0 ]
449,1782980356.761827,18.9597,-67,CSI_DATA,AP,98:F4:AB:29:67:94,-67,11,1,2,1,1,1,1,0,0,0,-96,1,6,1,72353957,0,84,0,0,72.7362,384,[84 -64 4 0 0 0 0 0 0 0 0 0 -10 -9 -9 -9 -10 -11 -10 -10 -11 -10 -9 -11 -10 -11 -9 -11 -11 -11 -10 -13 -10 -13 -9 -13 -10 -13 -10 -14 -10 -13 -11 -13 -10 -13 -10 -12 -10 -13 -12 -12 -11 -14 -12 -13 -11 -14 -12 -15 -12 -16 -12 -15 0 0 -12 -14 -13 -16 -12 -14 -13 -14 -12 -14 -13 -15 -13 -15 -14 -15 -14 -15 -15 -15 -14 -15 -13 -16 -14 -15 -13 -15 -15 -15 -15 -14 -15 -14 -15 -14 -15 -14 -16 -14 -15 -15 -16 -15 -14 -14 -15 -14 -14 -14 -14 -13 0 0 0 0 0 0 0 0 0 0 ]
450,1782980356.856539,19.3289,-69,CSI_DATA,AP,98:F4:AB:29:67:94,-69,11,1,4,1,1,1,1,0,0,0,-96,1,6,1,72441629,0,84,0,0,72.8239,384,[84 -64 4 0 0 0 0 0 0 0 0 0 -9 -11 -9 -12 -10 -11 -9 -13 -8 -13 -8 -12 -9 -14 -8 -13 -9 -14 -8 -14 -9 -15 -8 -16 -7 -16 -8 -15 -8 -15 -9 -15 -9 -14 -9 -15 -8 -15 -9 -15 -9 -16 -9 -16 -9 -17 -9 -17 -9 -17 -9 -18 0 0 -10 -17 -12 -18 -10 -17 -12 -16 -11 -17 -11 -18 -10 -18 -11 -18 -11 -17 -12 -19 -12 -18 -11 -17 -12 -19 -11 -19 -13 -18 -13 -16 -14 -18 -12 -17 -13 -18 -13 -17 -11 -18 -13 -17 -12 -18 -13 -18 -12 -17 -11 -17 0 0 0 0 0 0 0 0 0 0 ]
451,1782980356.948067,19.9041,-68,CSI_DATA,AP,98:F4:AB:29:67:94,-68,11,1,4,1,1,1,1,0,0,0,-96,1,6,1,72533154,0,84,0,0,72.9155,384,[84 -64 4 0 0 0 0 0 0 0 0 0 -1 14 -2 14 -4 15 -4 14 -5 13 -4 13 -5 14 -5 14 -6 15 -6 15 -5 16 -6 15 -6 17 -7 16 -7 15 -7 17 -6 16 -6 15 -7 15 -7 16 -7 17 -7 16 -7 16 -7 17 -8 18 -7 18 0 0 -8 18 -7 19 -7 19 -7 18 -7 17 -7 18 -8 20 -9 18 -8 20 -7 20 -7 21 -7 20 -8 20 -7 19 -6 19 -6 21 -6 20 -7 19 -8 20 -6 21 -7 20 -7 21 -6 20 -6 20 -6 19 -7 19 0 0 0 0 0 0 0 0 0 0 ]
452,1782980357.042280,18.1304,-69,CSI_DATA,AP,98:F4:AB:29:67:94,-69,11,1,4,1,1,1,1,0,0,0,-96,1,6,1,72622633,0,84,0,0,73.0049,384,[84 -64 4 0 0 0 0 0 0 0 0 0 -5 10 -5 9 -6 10 -6 10 -5 10 -6 10 -6 10 -7 11 -7 13 -7 11 -8 12 -8 12 -9 12 -9 12 -8 11 -9 12 -8 12 -8 11 -9 12 -8 13 -8 12 -8 13 -8 13 -9 13 -9 14 -10 14 0 0 -9 14 -10 14 -10 15 -9 16 -10 14 -9 15 -9 15 -9 15 -9 16 -9 16 -10 16 -10 15 -10 15 -9 16 -9 15 -9 16 -9 16 -8 16 -9 17 -8 16 -8 16 -9 16 -9 15 -9 16 -9 15 -8 14 0 0 0 0 0 0 0 0 0 0 ]
453,1782980357.132271,17.1349,-69,CSI_DATA,AP,98:F4:AB:29:67:94,-69,11,1,4,1,1,1,1,0,0,0,-96,1,6,1,72713158,0,84,0,0,73.0956,384,[84 -64 4 0 0 0 0 0 0 0 0 0 -1 10 -2 10 -2 12 -2 11 -2 14 -2 11 -1 12 -2 12 -2 13 -4 13 -4 14 -5 13 -4 14 -5 14 -4 13 -3 14 -4 13 -3 14 -3 14 -3 14 -3 16 -3 16 -3 16 -3 16 -5 16 -4 16 0 0 -5 16 -3 18 -2 17 -4 18 -2 16 -3 16 -2 19 -3 17 -4 16 -2 18 -3 18 -5 17 -4 17 -3 17 -2 18 -2 17 -2 21 -2 18 -1 19 0 18 -2 18 -1 20 -3 20 -3 18 -4 17 -3 17 0 0 0 0 0 0 0 0 0 0 ]
454,1782980357.226235,18.1178,-69,CSI_DATA,AP,98:F4:AB:29:67:94,-69,11,1,4,1,1,1,1,0,0,0,-96,1,6,1,72804232,0,84,0,0,73.1866,384,[84 -64 4 0 0 0 0 0 0 0 0 0 6 14 4 11 6 14 5 12 3 14 3 14 3 14 5 15 4 15 3 15 5 15 4 16 2 17 3 17 3 15 4 17 4 15 5 17 4 15 5 17 4 17 5 17 5 18 4 18 3 19 4 18 0 0 5 17 6 18 6 17 4 18 4 18 5 19 5 19 6 19 5 18 7 21 7 19 6 20 6 19 5 18 6 19 7 19 8 20 7 18 8 19 7 19 7 18 8 19 7 19 8 19 6 18 7 17 0 0 0 0 0 0 0 0 0 0 ]
455,1782980357.318499,17.0842,-69,CSI_DATA,AP,98:F4:AB:29:67:94,-69,11,1,4,1,1,1,1,0,0,0,-96,1,6,1,72892754,0,84,0,0,73.2751,384,[84 -64 4 0 0 0 0 0 0 0 0 0 9 6 9 6 9 7 9 7 9 8 8 8 8 9 8 9 9 10 10 9 9 10 10 11 9 11 10 10 9 10 9 11 9 11 9 9 9 11 10 10 9 11 11 12 10 12 10 11 12 12 12 13 0 0 11 12 11 12 12 13 12 12 11 13 12 13 12 13 11 13 13 14 13 13 13 12 12 13 13 13 13 13 11 13 14 13 12 12 13 12 13 13 12 13 12 13 13 14 13 14 14 13 12 12 12 12 0 0 0 0 0 0 0 0 0 0 ]
456,1782980357.409217,17.9602,-69,CSI_DATA,AP,98:F4:AB:29:67:94,-69,11,1,4,1,1,1,1,0,0,0,-96,1,6,1,72981780,0,84,0,0,73.3641,384,[84 -64 4 0 0 0 0 0 0 0 0 0 12 -7 11 -7 12 -8 13 -7 13 -7 13 -6 12 -7 12 -6 13 -7 13 -6 13 -6 15 -7 15 -6 15 -6 14 -7 14 -6 15 -7 14 -7 14 -7 16 -8 16 -8 16 -9 16 -8 17 -7 18 -7 18 -7 0 0 17 -8 18 -9 19 -9 17 -10 18 -7 18 -10 18 -8 18 -9 19 -9 20 -8 20 -8 20 -7 20 -8 19 -8 19 -8 20 -9 19 -8 18 -8 18 -10 18 -10 19 -9 19 -9 19 -9 19 -9 18 -8 18 -8 0 0 0 0 0 0 0 0 0 0 ]
457,1782980357.501568,19.2820,-68,CSI_DATA,AP,98:F4:AB:29:67:94,-68,11,1,4,1,1,1,1,0,0,0,-96,1,6,1,73074889,0,84,0,0,73.4572,384,[84 -64 4 0 0 0 0 0 0 0 0 0 -11 10 -10 10 -10 10 -11 10 -11 9 -11 9 -11 9 -11 9 -12 11 -14 9 -14 9 -14 9 -14 10 -15 10 -13 9 -15 10 -13 10 -14 10 -14 9 -14 11 -16 10 -15 10 -16 11 -17 11 -17 10 -17 11 0 0 -16 11 -17 12 -15 12 -16 12 -16 11 -17 12 -16 11 -18 13 -17 13 -18 14 -18 14 -18 13 -18 12 -17 12 -16 13 -17 14 -18 14 -16 13 -16 14 -16 14 -17 14 -17 14 -18 13 -17 13 -16 13 -16 13 0 0 0 0 0 0 0 0 0 0 ]
458,1782980357.596703,17.9487,-69,CSI_DATA,AP,98:F4:AB:29:67:94,-69,11,1,4,1,1,1,1,0,0,0,-96,1,6,1,73165010,0,84,0,0,73.5473,384,[84 -64 4 0 0 0 0 0 0 0 0 0 -13 -3 -12 -3 -14 -3 -12 -2 -13 -3 -11 -4 -13 -4 -13 -5 -13 -4 -14 -4 -13 -5 -14 -4 -15 -5 -14 -6 -13 -4 -15 -4 -14 -2 -15 -4 -14 -3 -15 -4 -14 -5 -14 -3 -15 -4 -15 -4 -16 -5 -17 -4 0 0 -16 -3 -18 -2 -16 -3 -18 -2 -17 -4 -18 -4 -18 -3 -18 -5 -19 -4 -20 -3 -19 -3 -18 -3 -19 -3 -17 -2 -19 -2 -18 -2 -21 -3 -19 -2 -19 -2 -18 -2 -19 -2 -19 -3 -20 -3 -20 -1 -18 -3 -17 -3 0 0 0 0 0 0 0 0 0 0 ]
459,1782980357.687702,17.9283,-69,CSI_DATA,AP,98:F4:AB:29:67:94,-69,11,1,4,1,1,1,1,0,0,0,-96,1,6,1,73253545,0,84,0,0,73.6359,384,[84 -64 4 0 0 0 0 0 0 0 0 0 -12 0 -13 -1 -12 -1 -14 -2 -13 -1 -13 -2 -13 -1 -13 -2 -14 -2 -14 -2 -15 -2 -14 -2 -15 -3 -15 -3 -14 -3 -16 -2 -14 -2 -15 -3 -14 -3 -15 -3 -16 -3 -16 -3 -15 -4 -16 -3 -17 -3 -16 -3 0 0 -17 -4 -18 -3 -18 -3 -18 -2 -17 -2 -18 -4 -18 -4 -19 -3 -19 -3 -21 -2 -20 -2 -18 -2 -19 -2 -19 -3 -19 -3 -19 -3 -20 -4 -19 -3 -19 -3 -18 -2 -19 -4 -19 -4 -19 -3 -19 -3 -19 -4 -18 -3 0 0 0 0 0 0 0 0 0 0 ]
460,1782980357.782041,17.5987,-69,CSI_DATA,AP,98:F4:AB:29:67:94,-69,11,1,4,1,1,1,1,0,0,0,-96,1,6,1,73343426,0,84,0,0,73.7257,384,[84 -64 4 0 0 0 0 0 0 0 0 0 -11 4 -11 5 -12 4 -13 5 -12 3 -12 4 -13 3 -13 3 -14 5 -14 4 -14 4 -15 3 -15 3 -14 4 -14 3 -14 3 -15 4 -14 4 -14 3 -15 5 -15 4 -16 5 -15 4 -17 5 -17 4 -17 5 0 0 -16 4 -17 5 -17 5 -17 5 -17 5 -17 5 -18 5 -18 5 -18 6 -19 6 -19 6 -18 5 -18 5 -17 5 -17 6 -17 6 -19 6 -17 5 -18 6 -18 7 -19 6 -17 6 -18 6 -18 5 -17 5 -17 6 0 0 0 0 0 0 0 0 0 0 ]
461,1782980357.872186,18.7769,-69,CSI_DATA,AP,98:F4:AB:29:67:94,-69,11,1,4,1,1,1,1,0,0,0,-96,1,6,1,73431210,0,84,0,0,73.8135,384,[84 -64 4 0 0 0 0 0 0 0 0 0 -12 6 -11 6 -15 6 -13 6 -14 6 -13 5 -14 6 -14 6 -15 6 -16 6 -16 6 -16 5 -17 5 -17 5 -16 4 -17 6 -15 6 -17 6 -16 5 -16 7 -16 7 -18 7 -18 6 -18 7 -19 6 -18 6 0 0 -18 8 -19 8 -18 7 -19 9 -18 7 -19 9 -19 8 -20 8 -20 8 -20 8 -19 9 -19 7 -19 8 -19 8 -20 10 -19 10 -20 10 -19 9 -19 10 -19 10 -19 9 -19 10 -20 9 -19 10 -20 8 -17 8 0 0 0 0 0 0 0 0 0 0 ]
462,1782980357.964671,19.8063,-69,CSI_DATA,AP,98:F4:AB:29:67:94,-69,11,1,4,1,1,1,1,0,0,0,-96,1,6,1,73522849,0,84,0,0,73.9051,384,[84 -64 4 0 0 0 0 0 0 0 0 0 -6 -13 -5 -13 -5 -15 -5 -14 -6 -15 -5 -14 -5 -15 -4 -14 -6 -15 -4 -16 -4 -16 -5 -16 -4 -16 -4 -16 -4 -16 -6 -17 -5 -15 -6 -17 -5 -16 -6 -17 -4 -18 -6 -18 -6 -18 -6 -18 -6 -20 -5 -19 0 0 -6 -18 -7 -20 -6 -20 -8 -19 -7 -19 -7 -20 -7 -21 -7 -21 -7 -20 -8 -21 -8 -22 -7 -20 -7 -20 -6 -21 -8 -21 -9 -20 -8 -20 -9 -20 -9 -20 -8 -20 -8 -21 -7 -20 -8 -21 -8 -21 -7 -19 -7 -19 0 0 0 0 0 0 0 0 0 0 ]
463,1782980358.057742,18.6021,-69,CSI_DATA,AP,98:F4:AB:29:67:94,-69,11,1,4,1,1,1,1,0,0,0,-96,1,6,1,73615772,0,84,0,0,73.9981,384,[84 -64 4 0 0 0 0 0 0 0 0 0 5 -11 6 -11 6 -10 6 -10 6 -12 7 -11 7 -10 8 -11 7 -12 8 -11 8 -13 8 -12 10 -12 10 -12 8 -12 10 -12 9 -11 9 -12 10 -11 9 -12 11 -12 11 -12 10 -12 12 -12 11 -13 11 -14 0 0 12 -13 11 -13 12 -13 11 -14 12 -13 12 -13 13 -14 13 -13 13 -14 12 -15 13 -15 13 -11 12 -14 12 -14 13 -13 12 -14 13 -15 12 -14 13 -13 13 -14 13 -13 13 -14 13 -14 13 -15 12 -13 12 -13 0 0 0 0 0 0 0 0 0 0 ]
464,1782980358.148482,18.0471,-69,CSI_DATA,AP,98:F4:AB:29:67:94,-69,11,1,4,1,1,1,1,0,0,0,-96,1,6,1,73704182,0,84,0,0,74.0865,384,[84 -64 4 0 0 0 0 0 0 0 0 0 9 -4 9 -3 9 -3 9 -2 9 -3 9 -3 9 -2 9 -2 10 -3 10 -1 11 -2 11 -1 11 -2 10 -3 10 -3 9 -3 9 0 10 -1 14 -4 11 -2 12 -2 11 -1 12 -3 11 -1 12 -1 12 -2 0 0 12 -1 13 -1 13 -1 13 -2 12 -1 12 -1 15 -1 14 -2 14 -2 14 -3 14 -3 14 -2 13 -1 13 -2 14 -1 14 -2 15 -1 14 -2 14 -2 14 -2 14 -1 15 -1 15 -1 15 -1 14 -1 13 -1 0 0 0 0 0 0 0 0 0 0 ]
465,1782980358.244528,17.9916,-68,CSI_DATA,AP,98:F4:AB:29:67:94,-68,11,1,4,1,1,1,1,0,0,0,-96,1,6,1,73793306,0,84,0,0,74.1756,384,[84 -64 4 0 0 0 0 0 0 0 0 0 -13 0 -12 0 -14 -1 -13 -1 -14 -2 -13 -2 -13 0 -13 -1 -14 0 -15 -2 -15 -2 -16 -3 -16 -4 -15 -3 -14 -2 -16 -3 -15 -2 -16 -1 -14 -2 -15 -1 -16 -2 -16 -1 -17 -2 -17 -3 -18 -4 -18 -2 0 0 -18 -2 -19 -1 -18 -1 -19 0 -17 -2 -17 0 -19 -1 -20 -1 -18 -1 -20 -1 -19 -1 -18 -1 -19 -1 -18 -1 -20 1 -19 1 -21 0 -18 0 -19 1 -19 1 -19 0 -20 1 -20 0 -19 1 -19 0 -19 0 0 0 0 0 0 0 0 0 0 0 ]
466,1782980358.334615,17.5215,-70,CSI_DATA,AP,98:F4:AB:29:67:94,-70,11,1,5,1,1,1,1,0,0,0,-96,1,6,1,73885774,0,84,0,0,74.2681,384,[84 -64 4 0 0 0 0 0 0 0 0 0 8 -11 6 -9 8 -10 8 -9 10 -10 8 -9 8 -9 9 -10 9 -10 10 -10 10 -11 10 -9 11 -10 10 -10 9 -8 10 -11 8 -9 9 -11 10 -11 10 -12 11 -9 10 -12 11 -11 12 -11 12 -12 11 -12 0 0 11 -11 13 -13 11 -13 11 -14 10 -11 11 -14 13 -14 13 -14 12 -14 14 -14 12 -14 12 -11 12 -13 11 -12 13 -15 9 -13 13 -14 11 -14 12 -14 11 -15 11 -14 12 -14 14 -15 12 -14 11 -13 10 -12 0 0 0 0 0 0 0 0 0 0 ]
467,1782980358.430292,18.1535,-70,CSI_DATA,AP,98:F4:AB:29:67:94,-70,11,1,5,1,1,1,1,0,0,0,-96,1,6,1,73971467,0,84,0,0,74.3538,384,[84 -64 4 0 0 0 0 0 0 0 0 0 -14 2 -14 1 -15 2 -14 1 -15 0 -15 1 -15 0 -15 1 -17 -1 -16 -1 -17 0 -18 -2 -17 -2 -18 -2 -16 -2 -17 -1 -17 -1 -17 -1 -17 0 -17 -1 -18 -1 -18 -2 -17 -1 -18 -2 -19 -2 -19 -1 0 0 -19 -1 -20 0 -21 -1 -20 0 -20 -2 -21 -1 -20 -2 -19 0 -21 0 -21 -1 -21 0 -21 0 -20 -1 -21 -2 -19 -1 -20 -1 -21 -2 -20 0 -20 0 -20 0 -20 0 -21 0 -20 0 -20 2 -20 0 -19 0 0 0 0 0 0 0 0 0 0 0 ]
468,1782980358.522008,17.2475,-70,CSI_DATA,AP,98:F4:AB:29:67:94,-70,11,1,5,1,1,1,1,0,0,0,-96,1,6,1,74061670,0,84,0,0,74.444,384,[84 -64 4 0 0 0 0 0 0 0 0 0 12 1 11 1 15 2 12 2 12 2 12 1 14 3 11 2 14 2 13 3 15 3 15 4 15 3 14 3 13 3 15 3 14 1 16 0 15 3 14 2 15 5 17 1 17 3 17 3 17 3 18 4 0 0 17 2 19 2 18 1 18 3 16 3 19 3 19 2 19 3 20 2 21 2 19 3 19 3 19 3 18 2 19 2 19 1 21 1 19 2 19 0 20 1 19 2 22 1 19 3 20 1 18 2 19 1 0 0 0 0 0 0 0 0 0 0 ]
469,1782980358.613912,18.8169,-68,CSI_DATA,AP,98:F4:AB:29:67:94,-68,11,1,4,1,1,1,1,0,0,0,-96,1,6,1,74165421,0,84,0,0,74.5477,384,[84 -64 4 0 0 0 0 0 0 0 0 0 -7 -12 -5 -13 -4 -14 -4 -14 -5 -14 -4 -14 -5 -14 -4 -14 -5 -16 -3 -16 -4 -15 -5 -16 -3 -15 -3 -16 -3 -16 -4 -17 -5 -14 -5 -17 -3 -17 -4 -15 -7 -16 -5 -19 -7 -17 -4 -18 -7 -19 -4 -20 0 0 -5 -19 -6 -19 -6 -20 -7 -18 -6 -19 -7 -20 -6 -22 -7 -20 -7 -22 -7 -21 -7 -20 -7 -20 -7 -21 -8 -19 -7 -20 -7 -20 -8 -21 -8 -20 -8 -20 -7 -20 -9 -21 -9 -20 -8 -21 -9 -20 -8 -19 -8 -18 0 0 0 0 0 0 0 0 0 0 ]
470,1782980358.705817,19.5488,-70,CSI_DATA,AP,98:F4:AB:29:67:94,-70,11,1,5,1,1,1,1,0,0,0,-96,1,6,1,74241344,0,84,0,0,74.6235,384,[84 -64 4 0 0 0 0 0 0 0 0 0 8 10 7 12 5 11 7 10 8 12 6 11 5 13 6 12 6 13 5 13 7 13 6 15 5 15 8 15 5 13 7 14 5 14 6 16 5 15 4 15 6 17 5 16 5 18 5 16 4 19 7 17 0 0 4 19 6 18 5 18 7 18 4 16 5 19 5 21 5 19 5 20 4 22 5 18 4 19 6 20 3 18 4 20 4 18 3 19 3 19 4 21 5 19 5 20 3 20 3 21 4 20 3 19 4 18 0 0 0 0 0 0 0 0 0 0 ]
471,1782980358.796943,19.8888,-70,CSI_DATA,AP,98:F4:AB:29:67:94,-70,11,1,5,1,1,1,1,0,0,0,-96,1,6,1,74332657,0,84,0,0,74.715,384,[84 -64 4 0 0 0 0 0 0 0 0 0 10 8 9 8 10 9 10 9 10 11 8 10 8 11 9 11 9 11 10 11 8 12 10 12 7 12 8 13 9 13 9 12 9 11 9 13 10 12 10 12 9 13 11 14 9 14 11 14 10 16 11 14 0 0 11 15 12 15 11 14 11 14 9 16 13 16 10 16 11 17 11 16 10 16 13 17 12 16 12 15 12 18 12 14 11 15 11 18 12 14 12 16 11 14 13 15 12 16 10 15 13 15 12 17 11 14 0 0 0 0 0 0 0 0 0 0 ]
472,1782980358.890513,19.0717,-69,CSI_DATA,AP,98:F4:AB:29:67:94,-69,11,1,4,1,1,1,1,0,0,0,-96,1,6,1,74423588,0,84,0,0,74.8059,384,[84 -64 4 0 0 0 0 0 0 0 0 0 -10 -6 -10 -7 -12 -6 -11 -6 -10 -8 -11 -8 -11 -8 -10 -9 -11 -8 -12 -9 -11 -10 -11 -10 -11 -10 -11 -9 -11 -9 -11 -9 -11 -9 -12 -9 -11 -9 -12 -10 -11 -11 -13 -10 -12 -11 -13 -10 -14 -11 -13 -12 0 0 -12 -11 -14 -11 -13 -12 -15 -11 -13 -11 -14 -11 -15 -12 -13 -12 -15 -12 -15 -11 -15 -12 -15 -12 -14 -12 -14 -11 -15 -12 -14 -11 -15 -12 -15 -11 -15 -12 -16 -12 -15 -11 -15 -13 -15 -12 -15 -11 -14 -11 -14 -11 0 0 0 0 0 0 0 0 0 0 ]
473,1782980358.984379,17.7452,-69,CSI_DATA,AP,98:F4:AB:29:67:94,-69,11,1,4,1,1,1,1,0,0,0,-96,1,6,1,74517065,0,84,0,0,74.8994,384,[84 -64 4 0 0 0 0 0 0 0 0 0 -7 -11 -6 -11 -5 -14 -5 -12 -6 -13 -6 -12 -5 -12 -5 -13 -6 -14 -5 -15 -5 -14 -5 -15 -4 -15 -4 -15 -5 -13 -4 -15 -5 -14 -5 -14 -5 -15 -6 -16 -5 -15 -6 -16 -5 -16 -6 -16 -4 -17 -5 -16 0 0 -5 -18 -7 -17 -6 -18 -7 -17 -5 -16 -6 -17 -6 -18 -6 -18 -7 -19 -7 -18 -6 -18 -6 -17 -6 -18 -6 -17 -7 -19 -7 -17 -7 -19 -8 -16 -7 -18 -9 -18 -7 -17 -6 -19 -7 -19 -9 -17 -7 -18 -6 -18 0 0 0 0 0 0 0 0 0 0 ]
474,1782980359.076575,18.6232,-69,CSI_DATA,AP,98:F4:AB:29:67:94,-69,11,1,4,1,1,1,1,0,0,0,-96,1,6,1,74602649,0,84,0,0,74.985,384,[84 -64 4 0 0 0 0 0 0 0 0 0 -12 -8 -12 -8 -13 -9 -13 -9 -14 -10 -12 -8 -12 -10 -12 -11 -12 -11 -12 -12 -13 -13 -12 -14 -14 -13 -12 -13 -11 -14 -14 -13 -12 -11 -14 -13 -12 -12 -12 -13 -12 -15 -12 -15 -14 -14 -13 -14 -13 -15 -13 -15 0 0 -13 -15 -14 -15 -13 -15 -15 -14 -13 -14 -14 -16 -14 -16 -13 -16 -14 -16 -16 -16 -15 -15 -14 -15 -14 -15 -13 -15 -17 -15 -15 -14 -16 -16 -15 -14 -15 -15 -16 -14 -15 -16 -15 -16 -15 -15 -15 -15 -15 -15 -15 -14 0 0 0 0 0 0 0 0 0 0 ]
475,1782980359.170580,18.2471,-69,CSI_DATA,AP,98:F4:AB:29:67:94,-69,11,1,3,1,1,1,1,0,0,0,-96,1,6,1,74694972,0,84,0,0,75.0772,384,[84 -64 4 0 0 0 0 0 0 0 0 0 2 -13 1 -13 2 -13 3 -12 2 -14 2 -14 4 -12 4 -13 3 -13 4 -13 3 -14 4 -15 5 -15 5 -14 5 -14 5 -15 5 -14 4 -14 5 -13 5 -14 5 -15 6 -15 5 -15 5 -16 6 -17 6 -17 0 0 6 -16 6 -17 5 -17 4 -17 5 -16 6 -18 7 -18 5 -17 6 -17 5 -18 6 -18 6 -17 6 -17 6 -17 5 -18 4 -18 6 -19 5 -18 5 -19 5 -19 6 -19 6 -18 6 -19 6 -18 6 -17 5 -18 0 0 0 0 0 0 0 0 0 0 ]
476,1782980359.261853,17.3648,-69,CSI_DATA,AP,98:F4:AB:29:67:94,-69,11,1,4,1,1,1,1,0,0,0,-96,1,6,1,74781638,0,84,0,0,75.1639,384,[84 -64 4 0 0 0 0 0 0 0 0 0 -8 8 -8 8 -10 8 -10 8 -11 8 -10 7 -11 7 -10 9 -11 8 -12 8 -12 8 -12 9 -13 8 -13 7 -12 8 -14 8 -12 8 -12 9 -13 8 -12 9 -14 9 -14 9 -13 10 -14 9 -14 10 -14 10 0 0 -14 10 -15 10 -14 10 -14 11 -14 9 -14 11 -15 11 -14 11 -14 12 -14 12 -16 12 -15 11 -14 11 -14 11 -15 11 -13 11 -15 13 -14 12 -14 12 -13 13 -14 12 -15 12 -15 13 -15 12 -14 12 -13 12 0 0 0 0 0 0 0 0 0 0 ]
477,1782980359.355021,19.1210,-68,CSI_DATA,AP,98:F4:AB:29:67:94,-68,11,1,4,1,1,1,1,0,0,0,-96,1,6,1,74872899,0,84,0,0,75.2552,384,[84 -64 4 0 0 0 0 0 0 0 0 0 -10 -10 -10 -10 -11 -12 -10 -11 -11 -13 -9 -12 -11 -12 -9 -13 -11 -13 -10 -15 -10 -15 -10 -16 -9 -17 -9 -16 -9 -15 -11 -16 -10 -13 -10 -14 -8 -15 -11 -14 -11 -14 -12 -17 -11 -16 -11 -17 -10 -18 -11 -17 0 0 -11 -16 -13 -18 -12 -16 -14 -16 -11 -15 -14 -17 -13 -17 -11 -17 -14 -16 -13 -18 -14 -17 -13 -17 -13 -17 -12 -16 -15 -17 -15 -15 -15 -18 -14 -16 -14 -16 -14 -15 -13 -17 -14 -16 -14 -18 -15 -16 -14 -16 -14 -15 0 0 0 0 0 0 0 0 0 0 ]
478,1782980359.446968,17.3300,-69,CSI_DATA,AP,98:F4:AB:29:67:94,-69,11,1,3,1,1,1,1,0,0,0,-96,1,6,1,74963045,0,84,0,0,75.3453,384,[84 -64 4 0 0 0 0 0 0 0 0 0 7 -8 8 -8 8 -8 8 -7 9 -8 9 -7 9 -7 9 -7 10 -7 10 -7 10 -7 11 -8 11 -7 11 -7 10 -7 11 -8 10 -8 10 -7 10 -8 11 -7 11 -7 10 -8 11 -8 12 -8 13 -9 11 -8 0 0 12 -9 12 -10 12 -10 11 -10 12 -8 13 -10 13 -9 13 -9 13 -10 14 -10 13 -11 13 -10 13 -10 13 -10 13 -10 13 -11 13 -10 13 -11 13 -10 13 -10 14 -10 13 -9 14 -10 13 -11 13 -10 13 -9 0 0 0 0 0 0 0 0 0 0 ]
479,1782980359.542971,18.9023,-68,CSI_DATA,AP,98:F4:AB:29:67:94,-68,11,1,3,1,1,1,1,0,0,0,-96,1,6,1,75055582,0,84,0,0,75.4379,384,[84 -64 4 0 0 0 0 0 0 0 0 0 -10 11 -9 10 -11 11 -10 11 -11 11 -11 10 -11 11 -11 11 -11 11 -13 11 -12 11 -14 11 -13 11 -14 11 -13 10 -14 12 -13 11 -13 11 -12 10 -13 10 -14 12 -14 11 -14 11 -14 13 -15 13 -15 13 0 0 -15 13 -15 14 -14 13 -14 13 -14 13 -15 14 -16 14 -16 14 -15 14 -14 15 -15 15 -15 15 -14 15 -15 15 -14 14 -14 15 -14 16 -14 15 -14 16 -14 16 -14 15 -14 15 -14 16 -14 16 -13 16 -13 15 0 0 0 0 0 0 0 0 0 0 ]
480,1782980359.630337,19.3271,-68,CSI_DATA,AP,98:F4:AB:29:67:94,-68,11,1,3,1,1,1,1,0,0,0,-96,1,6,1,75144099,0,84,0,0,75.5264,384,[84 -64 4 0 0 0 0 0 0 0 0 0 9 -10 9 -9 11 -10 9 -10 10 -10 10 -9 11 -10 11 -11 11 -10 12 -11 12 -10 13 -11 13 -10 14 -10 12 -9 13 -11 12 -11 13 -11 12 -11 14 -10 13 -12 14 -12 14 -12 15 -12 16 -11 15 -12 0 0 15 -13 16 -13 16 -12 15 -14 14 -12 15 -14 15 -14 15 -14 15 -14 16 -15 15 -14 15 -14 16 -14 15 -13 15 -15 14 -15 16 -16 14 -15 15 -15 14 -16 13 -14 15 -16 15 -15 14 -16 14 -15 14 -14 0 0 0 0 0 0 0 0 0 0 ]
481,1782980359.722572,18.5966,-69,CSI_DATA,AP,98:F4:AB:29:67:94,-69,11,1,3,1,1,1,1,0,0,0,-96,1,6,1,75233242,0,84,0,0,75.6155,384,[84 -64 4 0 0 0 0 0 0 0 0 0 -11 -6 -11 -5 -12 -7 -11 -5 -12 -7 -11 -7 -12 -7 -12 -7 -13 -8 -14 -9 -12 -9 -13 -10 -13 -11 -13 -10 -12 -9 -14 -10 -12 -8 -13 -9 -12 -10 -13 -10 -14 -10 -14 -9 -14 -10 -14 -10 -14 -11 -13 -10 0 0 -14 -11 -16 -11 -14 -10 -16 -10 -14 -10 -15 -11 -16 -11 -16 -10 -16 -11 -17 -11 -17 -10 -16 -10 -15 -11 -16 -10 -17 -10 -17 -8 -18 -11 -16 -8 -17 -10 -17 -10 -16 -10 -16 -10 -17 -11 -17 -9 -16 -10 -15 -9 0 0 0 0 0 0 0 0 0 0 ]
482,1782980359.816196,17.9692,-69,CSI_DATA,AP,98:F4:AB:29:67:94,-69,11,1,4,1,1,1,1,0,0,0,-96,1,6,1,75322669,0,84,0,0,75.705,384,[84 -64 4 0 0 0 0 0 0 0 0 0 -6 -11 -5 -11 -5 -12 -6 -11 -6 -12 -5 -13 -5 -12 -4 -12 -4 -14 -5 -14 -6 -14 -5 -14 -5 -15 -4 -14 -4 -14 -6 -16 -5 -14 -6 -14 -5 -15 -5 -15 -5 -16 -6 -16 -4 -16 -6 -17 -5 -17 -6 -17 0 0 -6 -16 -7 -18 -6 -17 -7 -17 -6 -16 -6 -17 -7 -18 -6 -18 -6 -18 -7 -18 -8 -19 -7 -18 -7 -17 -6 -17 -7 -18 -9 -17 -9 -18 -6 -17 -7 -17 -9 -18 -7 -19 -7 -16 -8 -18 -7 -17 -7 -16 -7 -17 0 0 0 0 0 0 0 0 0 0 ]
483,1782980359.908146,17.5463,-69,CSI_DATA,AP,98:F4:AB:29:67:94,-69,11,1,4,1,1,1,1,0,0,0,-96,1,6,1,75413744,0,84,0,0,75.796,384,[84 -64 4 0 0 0 0 0 0 0 0 0 -13 -1 -13 -2 -14 -1 -13 -2 -14 -3 -14 -3 -14 -3 -14 -3 -14 -3 -14 -3 -15 -3 -15 -3 -15 -5 -15 -4 -15 -4 -15 -4 -14 -3 -15 -4 -16 -4 -15 -4 -15 -4 -16 -5 -16 -4 -17 -4 -17 -4 -17 -5 0 0 -17 -4 -18 -4 -18 -4 -18 -3 -16 -5 -18 -5 -18 -6 -19 -5 -19 -4 -20 -4 -19 -3 -19 -3 -18 -4 -18 -4 -19 -3 -19 -3 -19 -4 -18 -3 -19 -4 -19 -3 -19 -4 -19 -4 -20 -4 -20 -3 -18 -3 -18 -3 0 0 0 0 0 0 0 0 0 0 ]
484,1782980360.000687,16.1884,-69,CSI_DATA,AP,98:F4:AB:29:67:94,-69,11,1,4,1,1,1,1,0,0,0,-96,1,6,1,75502697,0,84,0,0,75.885,384,[84 -64 4 0 0 0 0 0 0 0 0 0 6 8 7 9 7 10 7 10 6 10 6 10 7 11 7 10 6 11 6 11 6 12 7 13 6 13 5 13 6 12 7 13 6 12 6 12 6 12 7 12 7 13 7 13 7 13 6 13 6 14 8 14 0 0 8 13 8 15 7 15 8 15 7 13 9 15 9 16 9 15 9 15 10 15 9 15 8 15 8 16 8 15 9 15 9 15 10 16 10 15 10 14 10 14 10 15 10 15 10 15 10 16 8 15 9 14 0 0 0 0 0 0 0 0 0 0 ]
485,1782980360.090827,17.3200,-69,CSI_DATA,AP,98:F4:AB:29:67:94,-69,11,1,4,1,1,1,1,0,0,0,-96,1,6,1,75591649,0,84,0,0,75.974,384,[84 -64 4 0 0 0 0 0 0 0 0 0 14 1 13 2 16 2 14 2 16 3 14 4 13 4 15 5 15 4 15 5 16 4 15 5 16 6 15 6 14 5 16 6 15 4 16 4 15 5 16 5 17 6 16 4 18 6 17 5 18 7 18 6 0 0 17 5 19 5 18 6 19 4 17 5 18 5 20 5 19 6 19 6 20 6 20 5 18 6 19 5 18 5 19 4 19 4 22 5 19 4 21 5 19 3 21 5 20 4 21 5 20 4 18 4 19 4 0 0 0 0 0 0 0 0 0 0 ]
486,1782980360.183715,17.0371,-69,CSI_DATA,AP,98:F4:AB:29:67:94,-69,11,1,4,1,1,1,1,0,0,0,-96,1,6,1,75688786,0,84,0,0,76.0711,384,[84 -64 4 0 0 0 0 0 0 0 0 0 -3 -13 -4 -11 -3 -13 -3 -13 -3 -14 -1 -13 -2 -14 -1 -14 -1 -14 -1 -15 0 -14 0 -15 0 -15 0 -15 0 -14 0 -16 -1 -14 -1 -16 0 -14 0 -15 0 -16 -1 -17 0 -17 0 -17 0 -17 -1 -17 0 0 0 -17 0 -19 -1 -17 -1 -19 -1 -17 -1 -19 0 -19 0 -19 -1 -19 -1 -19 -1 -19 0 -18 0 -18 0 -17 -1 -19 -2 -18 -1 -21 -2 -18 -1 -20 -2 -19 0 -19 -2 -19 -1 -20 -1 -19 0 -18 -1 -18 0 0 0 0 0 0 0 0 0 0 ]
487,1782980360.276710,17.1917,-69,CSI_DATA,AP,98:F4:AB:29:67:94,-69,11,1,3,1,1,1,1,0,0,0,-96,1,6,1,75778147,0,84,0,0,76.1603,384,[84 -64 4 0 0 0 0 0 0 0 0 0 9 9 9 8 9 10 8 9 8 10 7 9 7 10 7 11 7 11 6 12 8 12 7 13 8 13 8 13 6 13 7 14 8 12 7 12 7 12 7 13 6 13 7 14 7 14 8 14 8 15 8 14 0 0 7 15 7 16 7 14 9 14 7 14 8 15 8 15 8 15 8 16 9 16 10 15 8 15 9 16 9 15 9 14 10 15 10 15 10 14 9 16 8 14 9 15 8 15 10 15 10 14 8 14 8 14 0 0 0 0 0 0 0 0 0 0 ]
488,1782980360.367920,16.8173,-69,CSI_DATA,AP,98:F4:AB:29:67:94,-69,11,1,4,1,1,1,1,0,0,0,-96,1,6,1,75861835,0,84,0,0,76.2441,384,[84 -64 4 0 0 0 0 0 0 0 0 0 0 -12 1 -11 1 -13 0 -12 0 -13 1 -12 1 -13 0 -13 0 -14 1 -13 1 -14 1 -15 2 -14 2 -15 1 -14 2 -15 2 -15 1 -16 1 -14 1 -15 1 -16 1 -16 2 -17 2 -17 2 -17 2 -16 0 0 1 -18 1 -19 2 -16 0 -20 1 -16 1 -18 1 -19 1 -19 1 -19 0 -20 1 -19 2 -19 1 -19 2 -18 1 -20 0 -18 1 -21 0 -18 0 -19 -1 -19 0 -20 0 -19 0 -20 -1 -19 0 -18 0 -18 0 0 0 0 0 0 0 0 0 0 ]
489,1782980360.459704,17.3414,-69,CSI_DATA,AP,98:F4:AB:29:67:94,-69,11,1,4,1,1,1,1,0,0,0,-96,1,6,1,75953698,0,84,0,0,76.336,384,[84 -64 4 0 0 0 0 0 0 0 0 0 8 -11 7 -11 8 -11 8 -10 10 -11 9 -10 9 -10 10 -10 10 -10 11 -10 11 -10 11 -10 12 -10 11 -10 11 -9 12 -11 10 -10 10 -12 10 -10 11 -11 12 -11 12 -12 13 -11 13 -11 12 -12 13 -12 0 0 13 -12 12 -11 11 -12 11 -14 12 -11 12 -14 12 -13 13 -14 13 -14 14 -14 12 -14 13 -12 13 -13 12 -12 12 -14 11 -15 12 -15 11 -14 11 -14 11 -14 13 -14 12 -15 13 -15 12 -14 11 -13 11 -13 0 0 0 0 0 0 0 0 0 0 ]
490,1782980360.550673,17.2386,-68,CSI_DATA,AP,98:F4:AB:29:67:94,-68,11,1,4,1,1,1,1,0,0,0,-96,1,6,1,76044397,0,84,0,0,76.4267,384,[84 -64 4 0 0 0 0 0 0 0 0 0 2 13 1 13 2 14 0 14 2 15 0 14 0 15 -1 15 1 15 -2 17 0 18 -2 17 -2 18 -2 17 -2 15 -2 18 -2 17 -1 17 -2 17 -1 18 -3 17 -2 19 -2 17 -2 18 -3 19 -2 19 0 0 -2 19 -2 21 -1 20 -1 19 -3 17 -1 21 -3 21 -3 20 -3 20 -1 21 -2 21 -3 19 -2 20 -2 19 -2 21 -1 20 -2 21 -1 20 0 21 -1 21 -2 20 -1 21 -2 21 -1 21 -1 20 -1 19 0 0 0 0 0 0 0 0 0 0 ]
491,1782980360.643363,17.0797,-68,CSI_DATA,AP,98:F4:AB:29:67:94,-68,11,1,4,1,1,1,1,0,0,0,-96,1,6,1,76132546,0,84,0,0,76.5149,384,[84 -64 4 0 0 0 0 0 0 0 0 0 15 -4 13 -3 15 -3 14 -3 15 -3 14 -2 15 -1 16 -2 14 0 15 -1 16 -2 17 -1 17 -1 17 0 14 0 17 -1 17 -1 17 -1 16 -1 17 -1 17 0 17 -1 17 -1 18 0 19 0 19 -1 0 0 19 -2 20 -2 20 -2 19 -2 19 -1 20 -1 20 0 21 -2 20 -1 22 -1 21 -2 20 -1 20 -2 20 -2 21 -1 21 -3 21 -2 20 -3 21 -3 20 -3 21 -2 20 -1 21 -3 20 -3 19 -2 20 -3 0 0 0 0 0 0 0 0 0 0 ]
492,1782980360.735861,17.0734,-68,CSI_DATA,AP,98:F4:AB:29:67:94,-68,11,1,4,1,1,1,1,0,0,0,-96,1,6,1,76225385,0,84,0,0,76.6077,384,[84 -64 4 0 0 0 0 0 0 0 0 0 12 3 13 2 13 3 13 4 15 4 14 4 14 4 14 4 14 5 16 5 14 6 16 6 15 7 15 6 13 6 15 7 15 7 15 6 14 6 15 5 16 7 17 7 16 7 17 7 18 8 17 8 0 0 18 7 18 7 18 8 18 7 17 7 18 7 19 8 19 7 19 8 20 8 19 8 18 9 19 8 18 7 19 7 18 7 19 7 18 6 19 6 19 6 20 6 19 7 20 7 19 7 18 6 18 5 0 0 0 0 0 0 0 0 0 0 ]
493,1782980360.826926,18.6890,-68,CSI_DATA,AP,98:F4:AB:29:67:94,-68,11,1,4,1,1,1,1,0,0,0,-96,1,6,1,76315753,0,84,0,0,76.6981,384,[84 -64 4 0 0 0 0 0 0 0 0 0 -12 3 -14 3 -15 3 -14 3 -15 3 -15 2 -16 1 -16 2 -16 3 -17 1 -17 2 -17 1 -17 1 -18 1 -16 0 -18 1 -17 2 -18 2 -17 1 -18 1 -18 1 -19 1 -19 -1 -20 1 -20 0 -20 1 0 0 -21 1 -22 2 -20 3 -21 4 -20 2 -22 2 -22 1 -21 1 -21 2 -23 2 -23 2 -21 1 -21 1 -21 1 -22 2 -21 3 -22 3 -21 3 -21 3 -21 3 -22 3 -21 3 -22 2 -22 3 -20 1 -20 2 0 0 0 0 0 0 0 0 0 0 ]
494,1782980360.918987,18.2350,-69,CSI_DATA,AP,98:F4:AB:29:67:94,-69,11,1,3,1,1,1,1,0,0,0,-96,1,6,1,76408684,0,84,0,0,76.791,384,[84 -64 4 0 0 0 0 0 0 0 0 0 9 -7 9 -8 10 -8 10 -7 11 -8 9 -6 11 -7 12 -6 12 -7 12 -7 12 -7 13 -7 14 -6 12 -6 12 -6 13 -7 13 -7 13 -8 13 -6 13 -7 14 -6 13 -7 14 -7 15 -8 16 -7 16 -7 0 0 14 -7 16 -8 15 -8 16 -10 14 -7 16 -8 16 -7 16 -8 15 -8 17 -8 16 -9 16 -7 16 -8 15 -7 15 -9 15 -9 16 -10 14 -9 15 -9 15 -9 16 -9 15 -9 16 -9 15 -10 15 -9 14 -8 0 0 0 0 0 0 0 0 0 0 ]
495,1782980361.009846,19.8347,-68,CSI_DATA,AP,98:F4:AB:29:67:94,-68,11,1,4,1,1,1,1,0,0,0,-96,1,6,1,76494969,0,84,0,0,76.8772,384,[84 -64 4 0 0 0 0 0 0 0 0 0 -13 4 -15 3 -15 3 -15 3 -16 3 -15 2 -16 1 -16 1 -17 1 -17 0 -18 1 -17 1 -19 1 -19 0 -18 -1 -19 1 -18 0 -17 0 -18 0 -19 0 -19 0 -20 0 -19 0 -19 1 -20 0 -20 0 0 0 -20 -1 -21 0 -21 0 -21 1 -21 1 -22 0 -22 0 -21 -1 -22 0 -22 1 -23 1 -21 1 -23 0 -21 0 -21 1 -21 1 -22 1 -21 2 -21 1 -21 1 -20 -1 -22 0 -21 1 -20 1 -20 1 -19 1 0 0 0 0 0 0 0 0 0 0 ]
496,1782980361.102343,20.1421,-68,CSI_DATA,AP,98:F4:AB:29:67:94,-68,11,1,4,1,1,1,1,0,0,0,-96,1,6,1,76586233,0,84,0,0,76.9685,384,[84 -64 4 0 0 0 0 0 0 0 0 0 -11 6 -11 6 -12 7 -12 6 -13 7 -13 6 -13 7 -14 6 -15 7 -15 6 -15 6 -16 6 -17 5 -16 5 -16 6 -17 6 -16 6 -16 6 -16 6 -18 6 -16 6 -19 6 -18 6 -19 6 -19 6 -18 6 0 0 -19 7 -19 7 -19 8 -18 7 -18 6 -20 7 -21 7 -19 8 -20 8 -20 10 -20 8 -20 7 -20 7 -20 7 -19 8 -20 8 -20 8 -19 8 -19 10 -19 8 -19 9 -19 9 -20 9 -20 9 -19 8 -18 9 0 0 0 0 0 0 0 0 0 0 ]
497,1782980361.194706,20.2530,-69,CSI_DATA,AP,98:F4:AB:29:67:94,-69,11,1,4,1,1,1,1,0,0,0,-96,1,6,1,76674648,0,84,0,0,77.057,384,[84 -64 4 0 0 0 0 0 0 0 0 0 -1 12 -1 11 -2 12 -3 12 -4 12 -3 12 -4 13 -4 12 -4 13 -4 13 -4 14 -5 13 -6 13 -5 13 -4 12 -4 14 -4 13 -4 14 -5 14 -5 14 -4 14 -4 15 -5 15 -6 15 -5 16 -5 15 0 0 -5 15 -5 18 -4 16 -3 17 -5 15 -4 17 -4 17 -5 16 -4 18 -5 18 -5 19 -5 17 -5 18 -4 17 -3 18 -3 18 -4 18 -3 18 -4 18 -3 18 -3 17 -4 18 -4 18 -3 18 -4 17 -3 16 0 0 0 0 0 0 0 0 0 0 ]
498,1782980361.286760,20.1563,-69,CSI_DATA,AP,98:F4:AB:29:67:94,-69,11,1,4,1,1,1,1,0,0,0,-96,1,6,1,76761701,0,84,0,0,77.144,384,[84 -64 4 0 0 0 0 0 0 0 0 0 -5 -12 -5 -11 -5 -12 -4 -12 -4 -12 -5 -12 -4 -13 -4 -13 -4 -13 -4 -14 -4 -14 -3 -14 -3 -15 -3 -15 -3 -13 -3 -15 -4 -15 -4 -14 -4 -15 -4 -15 -4 -15 -5 -16 -4 -16 -4 -16 -4 -17 -3 -16 0 0 -4 -17 -5 -17 -5 -16 -6 -17 -5 -17 -5 -18 -5 -18 -4 -18 -5 -18 -5 -19 -6 -19 -4 -17 -5 -18 -6 -18 -6 -18 -7 -19 -6 -18 -6 -17 -6 -18 -7 -19 -6 -19 -6 -19 -6 -18 -6 -19 -5 -18 -6 -17 0 0 0 0 0 0 0 0 0 0 ]
499,1782980361.379547,18.9934,-69,CSI_DATA,AP,98:F4:AB:29:67:94,-69,11,1,4,1,1,1,1,0,0,0,-96,1,6,1,76851506,0,84,0,0,77.2339,384,[84 -64 4 0 0 0 0 0 0 0 0 0 -14 2 -15 1 -15 1 -15 0 -16 0 -15 0 -15 0 -16 -2 -16 -1 -16 -1 -17 -1 -17 -1 -18 -2 -17 -2 -17 -2 -18 -2 -18 -1 -16 -1 -17 -1 -17 -2 -18 -2 -18 -1 -18 0 -19 -1 -18 -2 -18 -1 0 0 -19 -1 -21 -1 -20 -2 -20 0 -20 -1 -19 -2 -21 -1 -20 -1 -21 -1 -21 0 -20 -1 -20 -1 -20 -1 -21 -1 -20 0 -21 0 -22 -1 -20 0 -21 0 -21 0 -21 -1 -23 0 -23 -1 -22 -1 -21 -1 -20 1 0 0 0 0 0 0 0 0 0 0 ]
500,1782980361.469140,17.3699,-69,CSI_DATA,AP,98:F4:AB:29:67:94,-69,11,1,4,1,1,1,1,0,0,0,-96,1,6,1,76943845,0,84,0,0,77.3262,384,[84 -64 4 0 0 0 0 0 0 0 0 0 -12 -1 -12 -2 -14 -2 -12 -2 -14 -3 -13 -4 -14 -3 -13 -2 -13 -3 -15 -4 -14 -4 -15 -5 -15 -5 -14 -5 -13 -5 -15 -5 -14 -4 -16 -4 -14 -4 -15 -4 -15 -4 -16 -4 -15 -5 -15 -5 -16 -5 -16 -5 0 0 -16 -5 -17 -5 -16 -4 -18 -4 -16 -5 -17 -4 -18 -4 -18 -4 -17 -4 -19 -4 -19 -4 -18 -4 -18 -5 -18 -4 -18 -2 -17 -3 -19 -3 -18 -3 -19 -2 -19 -2 -19 -3 -19 -3 -19 -4 -19 -3 -18 -4 -17 -3 0 0 0 0 0 0 0 0 0 0 ]
501,1782980361.559721,16.4752,-69,CSI_DATA,AP,98:F4:AB:29:67:94,-69,11,1,4,1,1,1,1,0,0,0,-96,1,6,1,77033152,0,84,0,0,77.4155,384,[84 -64 4 0 0 0 0 0 0 0 0 0 11 8 12 8 12 9 10 8 11 9 10 9 11 9 10 10 11 10 11 12 11 11 12 11 10 12 11 12 10 11 12 12 13 10 12 11 11 11 13 10 12 11 13 11 13 13 13 12 12 12 13 13 0 0 13 12 15 11 15 12 15 13 14 12 14 13 15 14 16 13 16 13 16 14 16 13 14 12 15 13 15 12 16 12 16 11 17 13 16 11 15 12 17 11 17 12 16 11 16 13 17 12 15 12 14 11 0 0 0 0 0 0 0 0 0 0 ]
502,1782980361.653211,16.2460,-69,CSI_DATA,AP,98:F4:AB:29:67:94,-69,11,1,4,1,1,1,1,0,0,0,-96,1,6,1,77122359,0,84,0,0,77.5047,384,[84 -64 4 0 0 0 0 0 0 0 0 0 8 -8 8 -9 9 -9 10 -9 10 -9 8 -9 10 -8 10 -9 10 -10 11 -10 11 -8 11 -9 12 -8 12 -10 11 -8 12 -9 12 -7 12 -9 12 -9 12 -9 14 -8 13 -10 13 -9 14 -8 14 -10 13 -10 0 0 14 -9 14 -10 14 -10 14 -10 13 -9 15 -10 15 -10 14 -10 15 -9 15 -10 16 -11 15 -9 16 -11 16 -9 15 -10 14 -11 15 -11 14 -10 16 -10 15 -10 15 -10 15 -10 15 -11 14 -11 15 -10 13 -10 0 0 0 0 0 0 0 0 0 0 ]
503,1782980361.743165,16.5086,-68,CSI_DATA,AP,98:F4:AB:29:67:94,-68,11,1,4,1,1,1,1,0,0,0,-96,1,6,1,77214804,0,84,0,0,77.597,384,[84 -64 4 0 0 0 0 0 0 0 0 0 0 14 -1 15 -3 16 -1 15 -1 15 -3 17 -4 16 -3 17 -4 16 -5 17 -3 18 -4 18 -4 18 -5 20 -5 18 -5 19 -4 18 -4 18 -4 17 -4 18 -5 20 -4 19 -5 19 -5 18 -5 19 -6 21 0 0 -6 21 -7 22 -6 22 -4 21 -4 19 -6 23 -5 23 -8 23 -6 23 -7 25 -4 24 -6 22 -6 22 -6 23 -7 22 -5 22 -5 23 -3 21 -5 24 -5 23 -6 23 -5 22 -5 23 -5 23 -5 22 -5 21 0 0 0 0 0 0 0 0 0 0 ]
504,1782980361.831589,17.3992,-69,CSI_DATA,AP,98:F4:AB:29:67:94,-69,11,1,4,1,1,1,1,0,0,0,-96,1,6,1,77305844,0,84,0,0,77.6882,384,[84 -64 4 0 0 0 0 0 0 0 0 0 -12 9 -12 8 -13 9 -12 9 -12 7 -11 7 -13 8 -13 7 -13 8 -14 6 -15 8 -15 8 -15 7 -15 7 -14 8 -15 8 -16 8 -15 9 -15 7 -15 8 -16 8 -16 9 -15 9 -16 8 -17 8 -17 10 0 0 -17 10 -17 11 -18 10 -17 10 -17 9 -17 11 -18 10 -18 11 -18 11 -18 12 -18 12 -17 11 -17 10 -17 10 -17 11 -17 11 -18 11 -17 11 -17 12 -17 13 -17 13 -16 13 -18 12 -17 12 -17 10 -17 11 0 0 0 0 0 0 0 0 0 0 ]
505,1782980361.923064,18.8934,-68,CSI_DATA,AP,98:F4:AB:29:67:94,-68,11,1,4,1,1,1,1,0,0,0,-96,1,6,1,77395172,0,84,0,0,77.7775,384,[84 -64 4 0 0 0 0 0 0 0 0 0 9 11 9 10 9 12 9 12 8 12 8 12 8 13 8 13 7 13 8 14 9 15 8 16 8 16 8 15 8 14 9 15 8 14 9 14 8 13 9 14 9 14 9 15 7 15 8 16 9 17 9 16 0 0 12 15 11 16 11 15 13 15 12 15 12 16 11 16 12 17 12 15 12 17 13 15 11 16 12 16 12 14 13 15 13 13 15 15 13 14 14 14 14 13 15 14 14 13 15 14 14 15 14 13 14 13 0 0 0 0 0 0 0 0 0 0 ]
506,1782980362.013993,19.7819,-69,CSI_DATA,AP,98:F4:AB:29:67:94,-69,11,1,4,1,1,1,1,0,0,0,-96,1,6,1,77485484,0,84,0,0,77.8678,384,[84 -64 4 0 0 0 0 0 0 0 0 0 11 -10 9 -10 12 -10 10 -11 13 -8 12 -8 12 -9 13 -9 12 -9 14 -10 14 -9 15 -9 15 -9 13 -10 13 -9 15 -10 13 -8 15 -10 14 -10 16 -9 15 -9 15 -9 15 -10 16 -11 16 -11 17 -10 0 0 17 -10 17 -12 16 -10 17 -12 15 -10 17 -11 17 -11 19 -11 17 -12 18 -13 17 -13 17 -11 18 -11 17 -11 17 -12 15 -13 17 -13 16 -13 16 -13 17 -12 17 -10 16 -13 17 -12 17 -13 16 -11 15 -12 0 0 0 0 0 0 0 0 0 0 ]
507,1782980362.102216,20.0549,-68,CSI_DATA,AP,98:F4:AB:29:67:94,-68,11,1,4,1,1,1,1,0,0,0,-96,1,6,1,77571443,0,84,0,0,77.9537,384,[84 -64 4 0 0 0 0 0 0 0 0 0 11 6 11 8 12 7 11 8 12 9 11 7 11 8 11 9 12 10 12 9 13 9 14 10 13 11 13 11 11 11 12 12 13 10 12 9 13 11 13 11 13 13 13 12 14 12 14 13 14 13 13 13 0 0 14 14 15 14 13 14 15 13 13 14 14 15 15 15 16 15 17 14 16 13 16 14 15 14 14 15 14 14 14 15 15 13 16 15 15 14 15 14 14 14 14 13 15 13 15 14 15 13 13 14 14 13 0 0 0 0 0 0 0 0 0 0 ]
508,1782980362.193414,19.9911,-70,CSI_DATA,AP,98:F4:AB:29:67:94,-70,11,1,5,1,1,1,1,0,0,0,-96,1,6,1,77666532,0,84,0,0,78.0488,384,[84 -64 4 0 0 0 0 0 0 0 0 0 -9 9 -9 9 -10 10 -10 10 -8 9 -8 10 -10 8 -10 10 -9 10 -11 11 -11 10 -10 9 -12 9 -12 10 -12 9 -12 10 -11 9 -10 7 -12 9 -12 8 -13 9 -11 10 -12 10 -14 10 -13 9 -13 10 0 0 -14 12 -14 10 -13 10 -13 10 -13 10 -14 11 -14 11 -15 11 -14 12 -15 11 -15 11 -14 10 -15 11 -14 11 -14 11 -13 11 -15 12 -12 11 -13 12 -13 12 -14 12 -13 11 -14 11 -13 12 -12 11 -13 11 0 0 0 0 0 0 0 0 0 0 ]
509,1782980362.286296,19.4650,-70,CSI_DATA,AP,98:F4:AB:29:67:94,-70,11,1,5,1,1,1,1,0,0,0,-96,1,6,1,77755709,0,84,0,0,78.138,384,[84 -64 4 0 0 0 0 0 0 0 0 0 -12 7 -10 7 -12 7 -13 5 -13 7 -11 6 -13 8 -13 6 -14 8 -15 6 -15 7 -16 6 -16 6 -15 6 -15 5 -17 7 -14 7 -15 7 -15 6 -15 8 -16 7 -16 8 -17 8 -16 7 -18 6 -17 8 0 0 -17 8 -19 9 -17 8 -17 10 -16 8 -17 9 -18 9 -18 10 -19 10 -20 9 -20 10 -18 7 -19 9 -18 9 -18 10 -18 10 -19 11 -16 10 -17 11 -17 11 -18 9 -19 10 -19 9 -18 9 -17 9 -18 9 0 0 0 0 0 0 0 0 0 0 ]
510,1782980362.384223,18.9914,-70,CSI_DATA,AP,98:F4:AB:29:67:94,-70,11,1,5,1,1,1,1,0,0,0,-96,1,6,1,77842909,0,84,0,0,78.2253,384,[84 -64 4 0 0 0 0 0 0 0 0 0 14 -1 13 -1 14 0 14 0 15 1 14 1 16 2 15 2 16 3 16 3 17 2 16 3 17 4 16 4 16 5 16 5 17 4 15 4 15 4 17 4 16 4 17 5 17 5 17 4 18 6 18 4 0 0 17 6 17 6 18 5 18 3 16 6 19 6 18 6 18 5 19 6 19 5 19 5 17 5 18 5 18 4 18 6 18 4 18 6 19 4 18 4 18 3 18 5 18 5 19 6 18 4 18 5 17 4 0 0 0 0 0 0 0 0 0 0 ]
511,1782980362.483174,18.8447,-70,CSI_DATA,AP,98:F4:AB:29:67:94,-70,11,1,5,1,1,1,1,0,0,0,-96,1,6,1,77931804,0,84,0,0,78.314,384,[84 -64 4 0 0 0 0 0 0 0 0 0 2 -13 3 -13 3 -14 3 -14 4 -14 4 -13 4 -14 4 -15 5 -15 5 -16 6 -15 6 -15 7 -16 7 -15 6 -15 7 -16 7 -14 7 -15 6 -14 6 -16 8 -17 7 -18 7 -18 8 -17 8 -18 7 -18 0 0 8 -18 8 -19 8 -18 8 -19 7 -17 7 -20 9 -20 7 -18 8 -20 8 -20 8 -19 9 -18 8 -19 8 -18 8 -19 7 -18 8 -20 8 -19 8 -19 6 -20 8 -19 8 -19 8 -20 8 -19 7 -18 7 -18 0 0 0 0 0 0 0 0 0 0 ]
512,1782980362.586890,18.6967,-69,CSI_DATA,AP,98:F4:AB:29:67:94,-69,11,1,5,1,1,1,1,0,0,0,-96,1,6,1,78024792,0,84,0,0,78.4071,384,[84 -64 4 0 0 0 0 0 0 0 0 0 13 1 12 0 14 2 14 1 15 2 14 2 13 2 15 2 15 3 16 4 15 3 16 5 15 5 15 5 15 5 16 4 15 3 15 4 15 4 16 4 17 4 17 4 18 6 17 6 18 6 18 6 0 0 18 5 19 5 18 4 19 4 17 5 20 5 20 5 20 4 19 4 20 5 20 5 18 6 19 6 18 6 19 5 19 5 19 4 19 5 20 3 20 3 19 4 19 4 19 4 19 6 19 5 18 3 0 0 0 0 0 0 0 0 0 0 ]
513,1782980362.685012,18.6873,-70,CSI_DATA,AP,98:F4:AB:29:67:94,-70,11,1,5,1,1,1,1,0,0,0,-96,1,6,1,78111460,0,84,0,0,78.494,384,[84 -64 4 0 0 0 0 0 0 0 0 0 11 7 10 8 10 7 10 7 12 8 10 10 11 10 11 8 12 10 10 11 12 11 10 12 12 12 11 10 11 10 11 10 11 10 12 10 12 9 13 10 12 11 13 10 12 12 14 12 13 13 13 12 0 0 13 11 15 11 14 10 16 10 15 10 18 11 15 12 16 11 20 13 16 14 16 13 15 11 16 12 15 11 18 10 18 11 18 10 17 10 17 9 18 11 17 9 17 10 18 12 18 9 16 10 15 10 0 0 0 0 0 0 0 0 0 0 ]
514,1782980362.787696,18.9078,-61,CSI_DATA,AP,4C:A9:54:9D:CC:95,-61,11,0,0,0,0,0,0,0,0,0,-96,0,6,1,78177385,0,86,0,0,78.5598,128,[86 96 5 0 0 0 0 0 0 0 0 0 -11 -31 -10 -30 -9 -30 -9 -31 -7 -30 -7 -30 -6 -28 -5 -28 -4 -28 -6 -31 -5 -33 -6 -34 -5 -34 -4 -36 -5 -34 -5 -34 -4 -33 -3 -33 -4 -33 -4 -32 -4 -31 -3 -31 -3 -30 -3 -30 -3 -30 -3 -30 0 0 -2 -29 -3 -28 -3 -27 -2 -26 -3 -26 -2 -25 -3 -24 -3 -24 -3 -23 -3 -22 -4 -22 -4 -20 -5 -20 -5 -20 -5 -17 -5 -17 -5 -15 -6 -15 -6 -14 -6 -14 -7 -13 -7 -13 -6 -14 -7 -13 -7 -14 -6 -12 0 0 0 0 0 0 0 0 0 0 ]
515,1782980362.880137,18.9880,-70,CSI_DATA,AP,98:F4:AB:29:67:94,-70,11,1,5,1,1,1,1,0,0,0,-96,1,6,1,78202585,0,84,0,0,78.5958,384,[84 -64 4 0 0 0 0 0 0 0 0 0 -9 8 -8 8 -10 7 -9 9 -9 8 -10 8 -11 8 -10 8 -11 8 -11 8 -13 9 -11 8 -12 9 -12 7 -12 8 -14 8 -13 8 -12 8 -11 8 -12 8 -13 9 -13 9 -12 9 -13 10 -14 8 -14 10 0 0 -15 9 -14 10 -14 10 -13 10 -15 10 -14 10 -16 10 -15 11 -15 11 -15 11 -15 12 -15 10 -15 10 -15 10 -15 10 -14 9 -15 11 -15 11 -15 10 -14 10 -15 10 -15 11 -15 10 -14 11 -15 10 -14 10 0 0 0 0 0 0 0 0 0 0 ]
516,1782980362.974843,18.3821,-68,CSI_DATA,AP,98:F4:AB:29:67:94,-68,11,1,3,1,1,1,1,0,0,0,-96,1,6,1,78301185,0,84,0,0,78.6835,384,[84 -64 4 0 0 0 0 0 0 0 0 0 -7 -10 -7 -10 -8 -11 -6 -11 -7 -11 -7 -11 -7 -12 -6 -12 -7 -12 -6 -13 -6 -13 -7 -14 -7 -14 -7 -13 -6 -13 -7 -14 -7 -13 -6 -12 -6 -13 -8 -15 -7 -14 -6 -14 -7 -15 -8 -15 -8 -16 -8 -16 0 0 -8 -16 -8 -17 -7 -16 -8 -15 -7 -17 -8 -17 -9 -18 -8 -18 -8 -18 -9 -18 -9 -19 -8 -18 -8 -18 -8 -18 -8 -18 -8 -17 -9 -19 -9 -17 -9 -19 -9 -18 -8 -19 -8 -18 -7 -19 -9 -18 -8 -17 -7 -17 0 0 0 0 0 0 0 0 0 0 ]
517,1782980363.067206,17.6915,-70,CSI_DATA,AP,98:F4:AB:29:67:94,-70,11,1,5,1,1,1,1,0,0,0,-96,1,6,1,78384874,0,84,0,0,78.7672,384,[84 -64 4 0 0 0 0 0 0 0 0 0 -13 -3 -13 -3 -14 -3 -13 -4 -13 -4 -13 -4 -12 -4 -14 -4 -14 -5 -14 -6 -14 -5 -15 -6 -13 -6 -14 -5 -13 -5 -15 -7 -15 -5 -14 -5 -15 -6 -14 -5 -15 -6 -16 -4 -16 -5 -15 -6 -16 -7 -16 -6 0 0 -17 -6 -17 -5 -17 -5 -17 -4 -16 -5 -18 -5 -18 -6 -18 -6 -19 -5 -19 -4 -19 -5 -18 -7 -18 -6 -18 -6 -19 -5 -18 -4 -19 -5 -18 -4 -18 -3 -18 -3 -19 -4 -19 -5 -19 -5 -18 -5 -17 -5 -18 -5 0 0 0 0 0 0 0 0 0 0 ]
518,1782980363.159768,16.8262,-69,CSI_DATA,AP,98:F4:AB:29:67:94,-69,11,1,5,1,1,1,1,0,0,0,-96,1,6,1,78472975,0,84,0,0,78.8553,384,[84 -64 4 0 0 0 0 0 0 0 0 0 7 -10 8 -9 10 -10 9 -9 11 -9 11 -8 10 -8 11 -8 12 -8 11 -8 11 -10 13 -7 13 -8 12 -9 12 -8 12 -9 11 -8 12 -8 12 -8 12 -9 13 -9 13 -10 13 -10 14 -10 14 -9 13 -10 0 0 14 -10 14 -11 12 -10 13 -12 14 -11 14 -11 14 -11 16 -12 14 -12 15 -13 14 -13 15 -11 14 -12 14 -12 14 -13 13 -12 15 -14 14 -13 14 -13 13 -13 15 -13 14 -12 15 -13 14 -13 14 -12 13 -12 0 0 0 0 0 0 0 0 0 0 ]
519,1782980363.249996,16.6078,-69,CSI_DATA,AP,98:F4:AB:29:67:94,-69,11,1,4,1,1,1,1,0,0,0,-96,1,6,1,78563347,0,84,0,0,78.9457,384,[84 -64 4 0 0 0 0 0 0 0 0 0 11 -4 11 -3 12 -4 12 -3 12 -3 12 -1 13 -1 13 -2 13 -1 13 -2 13 -3 15 -2 14 -1 13 -1 13 -1 15 -2 13 -1 14 -2 14 -2 13 -2 15 -1 15 -3 15 -2 17 -1 17 -2 16 -2 0 0 16 -3 18 -3 16 -3 17 -4 16 -3 17 -3 18 -3 18 -3 18 -5 19 -5 18 -5 17 -4 19 -3 17 -4 18 -4 17 -5 19 -5 17 -5 18 -4 19 -4 18 -4 18 -4 19 -4 18 -5 18 -4 17 -5 0 0 0 0 0 0 0 0 0 0 ]
520,1782980363.341131,17.5847,-68,CSI_DATA,AP,98:F4:AB:29:67:94,-68,11,1,4,1,1,1,1,0,0,0,-96,1,6,1,78651865,0,84,0,0,79.0341,384,[84 -64 4 0 0 0 0 0 0 0 0 0 -9 -10 -8 -9 -9 -11 -8 -11 -8 -12 -7 -11 -8 -12 -9 -13 -8 -12 -8 -14 -8 -14 -8 -14 -8 -14 -8 -14 -8 -14 -8 -15 -7 -13 -7 -14 -7 -13 -8 -14 -9 -15 -8 -15 -8 -16 -8 -16 -8 -17 -9 -17 0 0 -8 -16 -9 -18 -8 -16 -10 -17 -7 -16 -10 -18 -8 -18 -9 -17 -9 -19 -10 -19 -9 -18 -8 -18 -8 -18 -8 -16 -9 -18 -9 -17 -10 -19 -9 -17 -9 -18 -10 -17 -9 -18 -9 -18 -9 -19 -9 -18 -8 -17 -9 -16 0 0 0 0 0 0 0 0 0 0 ]
521,1782980363.434614,18.1166,-69,CSI_DATA,AP,98:F4:AB:29:67:94,-69,11,1,4,1,1,1,1,0,0,0,-96,1,6,1,78746099,0,84,0,0,79.1284,384,[84 -64 4 0 0 0 0 0 0 0 0 0 2 -11 4 -12 4 -13 4 -13 5 -12 4 -11 5 -12 5 -11 6 -13 5 -13 6 -13 7 -14 7 -13 6 -13 6 -12 6 -14 6 -13 6 -14 6 -12 7 -14 7 -14 7 -15 7 -15 8 -15 9 -16 7 -16 0 0 7 -15 8 -17 7 -16 6 -17 7 -16 9 -17 9 -18 8 -17 8 -19 8 -19 7 -18 8 -17 9 -17 9 -17 9 -17 7 -17 9 -19 8 -17 9 -17 8 -18 9 -17 9 -17 9 -18 8 -18 9 -16 8 -17 0 0 0 0 0 0 0 0 0 0 ]
522,1782980363.526536,17.2026,-68,CSI_DATA,AP,98:F4:AB:29:67:94,-68,11,1,4,1,1,1,1,0,0,0,-96,1,6,1,78831465,0,84,0,0,79.2138,384,[84 -64 4 0 0 0 0 0 0 0 0 0 8 8 6 8 8 9 8 9 8 10 7 9 7 10 6 10 9 10 7 12 8 12 7 12 7 13 8 12 7 11 9 13 8 11 9 12 8 10 9 12 9 13 9 12 10 14 9 14 8 14 10 14 0 0 10 13 11 14 10 12 11 15 9 13 11 14 10 15 11 14 11 15 12 16 12 14 10 16 11 14 11 14 13 14 11 14 13 15 11 13 12 14 12 13 11 14 12 14 11 15 12 14 10 14 11 13 0 0 0 0 0 0 0 0 0 0 ]
523,1782980363.622637,17.1259,-69,CSI_DATA,AP,98:F4:AB:29:67:94,-69,11,1,5,1,1,1,1,0,0,0,-96,1,6,1,78921512,0,84,0,0,79.3038,384,[84 -64 4 0 0 0 0 0 0 0 0 0 4 -11 3 -13 4 -13 4 -13 5 -12 6 -12 6 -11 6 -11 6 -13 6 -12 7 -13 6 -14 7 -13 8 -14 6 -13 8 -14 8 -13 6 -13 8 -14 8 -14 8 -14 8 -15 9 -14 9 -15 8 -15 9 -15 0 0 9 -15 8 -16 9 -16 8 -16 9 -16 9 -16 10 -16 10 -17 10 -16 9 -16 9 -18 9 -16 10 -17 9 -17 10 -17 9 -17 10 -17 9 -16 10 -16 10 -17 10 -16 10 -16 10 -17 10 -17 9 -15 8 -15 0 0 0 0 0 0 0 0 0 0 ]
524,1782980363.712972,16.8777,-69,CSI_DATA,AP,98:F4:AB:29:67:94,-69,11,1,4,1,1,1,1,0,0,0,-96,1,6,1,79016751,0,84,0,0,79.399,384,[84 -64 4 0 0 0 0 0 0 0 0 0 -5 12 -5 11 -6 11 -7 11 -6 11 -7 12 -7 11 -7 12 -8 12 -8 12 -8 12 -9 12 -9 12 -9 12 -9 12 -10 12 -8 12 -8 12 -9 12 -9 13 -9 13 -10 13 -9 13 -8 14 -9 14 -10 15 0 0 -9 14 -9 15 -10 15 -9 16 -10 14 -9 14 -10 16 -11 16 -10 16 -10 16 -9 17 -10 15 -10 16 -10 16 -9 16 -9 17 -10 16 -8 16 -9 17 -9 16 -10 16 -10 17 -10 16 -9 17 -9 15 -9 16 0 0 0 0 0 0 0 0 0 0 ]
525,1782980363.807234,17.7106,-69,CSI_DATA,AP,98:F4:AB:29:67:94,-69,11,1,5,1,1,1,1,0,0,0,-96,1,6,1,79103322,0,84,0,0,79.4857,384,[84 -64 4 0 0 0 0 0 0 0 0 0 6 12 5 13 4 13 5 12 5 14 3 13 4 14 5 13 4 13 4 14 4 15 3 16 3 17 4 17 2 16 4 17 3 14 5 16 4 16 4 15 4 17 5 17 5 18 2 19 4 18 4 19 0 0 5 18 5 19 5 19 6 19 3 19 6 19 5 19 4 19 6 21 6 20 5 21 4 19 4 20 5 20 6 20 7 19 6 20 6 19 6 20 7 19 7 20 6 19 4 22 6 18 5 19 6 19 0 0 0 0 0 0 0 0 0 0 ]
526,1782980363.899855,16.5193,-69,CSI_DATA,AP,98:F4:AB:29:67:94,-69,11,1,5,1,1,1,1,0,0,0,-96,1,6,1,79191430,0,84,0,0,79.5737,384,[84 -64 4 0 0 0 0 0 0 0 0 0 8 10 7 9 10 9 7 8 7 11 9 9 9 11 7 11 8 10 6 11 7 11 7 11 8 12 7 11 5 13 7 13 8 11 7 13 7 12 7 11 7 13 8 13 7 15 9 14 7 14 8 14 0 0 8 15 9 16 8 14 11 15 9 13 9 14 9 16 10 16 9 16 10 17 9 18 9 16 9 16 8 14 10 15 9 14 9 16 9 15 11 14 9 16 8 16 10 15 9 16 9 15 8 14 8 15 0 0 0 0 0 0 0 0 0 0 ]
527,1782980363.993897,17.7218,-70,CSI_DATA,AP,98:F4:AB:29:67:94,-70,11,1,5,1,1,1,1,0,0,0,-96,1,6,1,79282910,0,84,0,0,79.6652,384,[84 -64 4 0 0 0 0 0 0 0 0 0 -15 4 -14 2 -13 2 -14 0 -15 1 -15 1 -15 2 -16 0 -16 1 -16 1 -17 0 -16 1 -18 0 -18 -1 -17 0 -18 0 -16 1 -16 0 -17 1 -18 0 -17 0 -19 -1 -17 0 -19 -1 -19 1 -20 1 0 0 -20 0 -20 1 -20 1 -20 3 -21 1 -20 0 -22 0 -21 1 -22 0 -20 1 -22 1 -20 3 -21 1 -21 2 -22 1 -21 3 -21 2 -21 3 -21 2 -21 2 -21 1 -22 2 -21 1 -22 2 -20 2 -19 2 0 0 0 0 0 0 0 0 0 0 ]
528,1782980364.085929,18.3297,-69,CSI_DATA,AP,98:F4:AB:29:67:94,-69,11,1,5,1,1,1,1,0,0,0,-96,1,6,1,79375247,0,84,0,0,79.7575,384,[84 -64 4 0 0 0 0 0 0 0 0 0 9 -10 9 -10 11 -10 9 -9 10 -9 11 -8 11 -9 12 -8 12 -10 12 -8 10 -10 13 -9 12 -9 13 -9 12 -8 12 -8 12 -8 11 -9 12 -9 12 -9 12 -10 13 -10 13 -9 12 -10 15 -11 13 -10 0 0 13 -11 14 -11 14 -11 13 -12 13 -10 14 -11 14 -11 14 -13 14 -12 14 -11 13 -13 14 -12 15 -12 14 -11 14 -10 13 -12 14 -13 12 -12 14 -13 13 -12 14 -12 13 -12 13 -11 13 -13 11 -12 12 -12 0 0 0 0 0 0 0 0 0 0 ]
529,1782980364.178176,18.9012,-70,CSI_DATA,AP,98:F4:AB:29:67:94,-70,11,1,5,1,1,1,1,0,0,0,-96,1,6,1,79464081,0,84,0,0,79.8463,384,[84 -64 4 0 0 0 0 0 0 0 0 0 -5 12 -5 12 -5 13 -5 13 -7 14 -8 12 -6 14 -6 14 -6 14 -9 14 -8 14 -9 14 -8 13 -9 14 -8 13 -8 15 -8 13 -8 15 -8 14 -7 15 -9 14 -9 17 -11 16 -11 15 -11 15 -9 16 0 0 -11 15 -10 19 -9 17 -10 18 -10 15 -10 17 -10 18 -11 18 -10 18 -12 19 -12 18 -11 17 -12 17 -11 17 -10 20 -10 18 -11 19 -10 17 -10 18 -10 20 -11 18 -11 18 -12 19 -11 17 -11 17 -10 15 0 0 0 0 0 0 0 0 0 0 ]
530,1782980364.271053,19.9676,-70,CSI_DATA,AP,98:F4:AB:29:67:94,-70,11,1,5,1,1,1,1,0,0,0,-96,1,6,1,79551420,0,84,0,0,79.9337,384,[84 -64 4 0 0 0 0 0 0 0 0 0 -12 -9 -11 -8 -14 -11 -12 -11 -12 -11 -9 -11 -12 -12 -11 -12 -12 -10 -11 -13 -11 -12 -11 -13 -11 -14 -11 -13 -11 -13 -12 -13 -11 -12 -13 -13 -12 -12 -13 -13 -14 -14 -14 -12 -12 -14 -13 -15 -14 -14 -13 -14 0 0 -14 -15 -15 -14 -14 -13 -16 -13 -14 -14 -15 -15 -15 -15 -16 -14 -16 -14 -17 -16 -17 -15 -15 -15 -15 -14 -14 -14 -17 -13 -16 -12 -16 -14 -15 -13 -17 -13 -17 -13 -17 -14 -17 -13 -16 -15 -17 -13 -16 -13 -16 -12 0 0 0 0 0 0 0 0 0 0 ]
531,1782980364.362629,18.6897,-70,CSI_DATA,AP,98:F4:AB:29:67:94,-70,11,1,5,1,1,1,1,0,0,0,-96,1,6,1,79642858,0,84,0,0,80.0252,384,[84 -64 4 0 0 0 0 0 0 0 0 0 -1 -12 1 -13 0 -13 0 -13 0 -13 1 -12 1 -14 1 -13 2 -14 1 -14 1 -14 1 -14 1 -15 2 -15 1 -14 2 -14 1 -16 0 -13 1 -15 1 -16 3 -16 1 -16 2 -16 2 -17 2 -17 2 -18 0 0 2 -16 3 -18 3 -18 2 -18 3 -17 3 -19 3 -19 3 -19 4 -19 2 -20 1 -19 2 -18 2 -18 3 -18 2 -19 1 -18 2 -19 1 -18 3 -19 2 -19 2 -18 3 -19 3 -19 2 -18 2 -18 2 -18 0 0 0 0 0 0 0 0 0 0 ]
532,1782980364.456712,18.2668,-70,CSI_DATA,AP,98:F4:AB:29:67:94,-70,11,1,5,1,1,1,1,0,0,0,-96,1,6,1,79734030,0,84,0,0,80.1163,384,[84 -64 4 0 0 0 0 0 0 0 0 0 13 0 14 4 13 3 13 4 16 5 13 3 13 3 13 5 14 4 13 5 15 6 14 5 16 5 15 7 15 5 14 6 14 7 15 6 14 8 14 6 17 7 16 7 16 6 15 7 17 7 17 5 0 0 18 8 17 7 18 7 17 8 16 7 17 7 18 7 19 8 18 7 19 8 18 8 17 8 17 8 18 8 18 7 18 8 18 8 18 7 19 7 19 7 18 7 19 8 18 6 19 7 18 7 17 8 0 0 0 0 0 0 0 0 0 0 ]
533,1782980364.548777,18.3432,-70,CSI_DATA,AP,98:F4:AB:29:67:94,-70,11,1,5,1,1,1,1,0,0,0,-96,1,6,1,79823007,0,84,0,0,80.2053,384,[84 -64 4 0 0 0 0 0 0 0 0 0 -4 -16 -2 -15 -2 -18 -3 -17 -2 -18 -1 -16 0 -17 0 -17 1 -18 0 -19 0 -19 0 -19 0 -20 1 -19 1 -18 0 -20 1 -18 0 -19 1 -18 1 -19 1 -19 0 -21 1 -20 1 -20 1 -22 1 -22 0 0 1 -21 1 -23 0 -20 1 -23 1 -20 0 -23 2 -23 0 -23 2 -23 1 -24 0 -24 0 -22 2 -23 1 -22 0 -24 0 -23 0 -23 0 -22 0 -22 0 -23 2 -25 0 -24 0 -24 1 -22 2 -22 -1 -22 0 0 0 0 0 0 0 0 0 0 ]
534,1782980364.642468,18.6769,-70,CSI_DATA,AP,98:F4:AB:29:67:94,-70,11,1,5,1,1,1,1,0,0,0,-96,1,6,1,79913206,0,84,0,0,80.2955,384,[84 -64 4 0 0 0 0 0 0 0 0 0 10 -10 10 -10 11 -9 11 -9 12 -10 11 -9 13 -9 12 -8 13 -9 13 -9 13 -9 14 -9 14 -8 15 -8 13 -9 15 -9 14 -9 14 -10 12 -9 15 -9 15 -9 15 -10 14 -9 16 -10 17 -9 17 -10 0 0 15 -10 18 -12 17 -12 16 -12 15 -11 17 -12 17 -11 17 -11 17 -12 19 -11 16 -12 16 -11 16 -12 16 -11 16 -12 15 -13 18 -13 16 -12 16 -12 16 -13 16 -13 15 -13 17 -13 16 -12 15 -12 15 -11 0 0 0 0 0 0 0 0 0 0 ]
535,1782980364.736344,18.9587,-71,CSI_DATA,AP,98:F4:AB:29:67:94,-71,11,1,6,1,1,1,1,0,0,0,-96,1,6,1,80001879,0,84,0,0,80.3842,384,[84 -64 4 0 0 0 0 0 0 0 0 0 -3 -14 -1 -13 -2 -13 -1 -13 -2 -15 -2 -14 -1 -14 0 -16 -1 -16 1 -17 -1 -16 -1 -17 0 -17 -1 -17 0 -15 1 -18 1 -15 2 -15 1 -14 2 -17 0 -19 3 -16 2 -19 1 -19 2 -19 2 -19 0 0 4 -21 2 -18 3 -19 -1 -17 1 -20 5 -19 3 -21 3 -20 3 -19 3 -20 1 -20 3 -19 3 -20 3 -19 2 -21 3 -19 4 -20 3 -20 2 -21 3 -20 3 -20 3 -20 3 -21 3 -19 2 -19 1 -19 0 0 0 0 0 0 0 0 0 0 ]
536,1782980364.829141,17.7774,-69,CSI_DATA,AP,98:F4:AB:29:67:94,-69,11,1,5,1,1,1,1,0,0,0,-96,1,6,1,80102506,0,84,0,0,80.4848,384,[84 -64 4 0 0 0 0 0 0 0 0 0 0 13 1 12 1 13 0 13 0 13 -1 13 -1 15 -3 15 -3 14 -3 14 -2 14 -2 15 -3 16 -2 15 -3 14 -2 15 -2 14 -2 15 -3 15 -2 15 -3 16 -3 16 -3 16 -3 17 -3 17 -3 17 0 0 -4 16 -3 17 -4 18 -3 18 -3 16 -3 17 -5 18 -5 18 -4 18 -4 18 -4 18 -4 17 -3 18 -3 18 -4 17 -2 18 -3 19 -3 18 -3 17 -3 17 -3 18 -3 18 -4 17 -3 18 -4 18 -3 16 0 0 0 0 0 0 0 0 0 0 ]
537,1782980364.921043,17.5517,-69,CSI_DATA,AP,98:F4:AB:29:67:94,-69,11,1,5,1,1,1,1,0,0,0,-96,1,6,1,80182828,0,84,0,0,80.565,384,[84 -64 4 0 0 0 0 0 0 0 0 0 -5 11 -5 10 -7 11 -7 10 -7 12 -7 10 -5 12 -7 11 -8 12 -6 12 -8 12 -10 12 -10 12 -10 10 -8 11 -9 13 -7 12 -7 13 -8 13 -7 13 -10 13 -8 14 -9 15 -9 14 -10 14 -10 14 0 0 -8 15 -9 17 -8 15 -8 17 -8 15 -8 15 -9 17 -9 16 -8 16 -8 18 -9 16 -9 15 -8 15 -7 16 -8 18 -6 16 -8 17 -7 16 -7 17 -7 17 -8 17 -7 17 -8 18 -7 18 -7 16 -6 16 0 0 0 0 0 0 0 0 0 0 ]
538,1782980365.015830,16.7341,-71,CSI_DATA,AP,98:F4:AB:29:67:94,-71,11,1,6,1,1,1,1,0,0,0,-96,1,6,1,80274877,0,84,0,0,80.6572,384,[84 -64 4 0 0 0 0 0 0 0 0 0 10 -8 9 -8 12 -8 11 -8 12 -7 10 -7 12 -7 12 -8 13 -6 13 -6 13 -8 14 -7 13 -6 14 -5 13 -6 14 -7 12 -5 14 -7 13 -5 14 -6 15 -7 15 -7 15 -6 16 -7 15 -7 15 -7 0 0 14 -7 16 -7 16 -6 15 -8 14 -7 15 -9 17 -9 16 -9 16 -8 16 -8 15 -8 16 -7 16 -8 15 -8 16 -9 15 -9 16 -10 14 -10 15 -10 15 -10 16 -8 15 -10 16 -8 16 -10 15 -8 14 -9 0 0 0 0 0 0 0 0 0 0 ]
539,1782980365.108596,15.5450,-71,CSI_DATA,AP,98:F4:AB:29:67:94,-71,11,1,6,1,1,1,1,0,0,0,-96,1,6,1,80366022,0,84,0,0,80.7483,384,[84 -64 4 0 0 0 0 0 0 0 0 0 6 8 6 7 6 10 6 8 7 9 7 8 7 10 7 9 7 9 7 10 8 11 6 10 7 10 8 12 5 11 8 12 7 11 7 11 7 12 7 13 7 14 6 14 7 13 8 13 6 14 9 15 0 0 7 15 8 16 7 16 8 15 8 15 8 15 7 15 8 16 7 16 8 17 9 17 9 16 7 16 7 16 9 16 8 16 10 18 9 15 8 16 10 18 8 17 9 16 8 16 10 16 9 16 8 17 0 0 0 0 0 0 0 0 0 0 ]
540,1782980365.204277,15.9208,-69,CSI_DATA,AP,98:F4:AB:29:67:94,-69,11,1,5,1,1,1,1,0,0,0,-96,1,6,1,80460549,0,84,0,0,80.8428,384,[84 -64 4 0 0 0 0 0 0 0 0 0 9 -9 10 -8 10 -9 10 -9 9 -9 10 -8 10 -8 10 -8 11 -9 12 -9 12 -9 12 -8 13 -8 13 -9 14 -7 13 -7 13 -8 11 -6 13 -8 14 -7 14 -8 14 -8 14 -8 15 -8 15 -8 16 -9 0 0 16 -7 16 -9 16 -9 14 -10 14 -8 14 -8 18 -8 16 -10 16 -8 16 -9 17 -11 16 -9 16 -9 16 -8 16 -9 14 -11 16 -10 15 -10 17 -9 15 -10 16 -9 16 -8 18 -9 16 -9 16 -8 14 -9 0 0 0 0 0 0 0 0 0 0 ]
541,1782980365.295450,16.8354,-69,CSI_DATA,AP,98:F4:AB:29:67:94,-69,11,1,5,1,1,1,1,0,0,0,-96,1,6,1,80541605,0,84,0,0,80.9239,384,[84 -64 4 0 0 0 0 0 0 0 0 0 -12 -6 -12 -6 -13 -6 -11 -5 -12 -6 -11 -8 -13 -7 -12 -8 -13 -8 -12 -10 -12 -9 -14 -10 -13 -11 -13 -10 -12 -10 -14 -10 -12 -9 -13 -9 -12 -9 -13 -9 -14 -10 -13 -10 -14 -12 -13 -11 -13 -13 -14 -11 0 0 -14 -11 -16 -12 -15 -12 -16 -11 -12 -11 -15 -13 -15 -12 -15 -12 -15 -13 -15 -12 -16 -11 -14 -13 -15 -13 -14 -10 -16 -11 -16 -10 -16 -12 -14 -11 -15 -10 -16 -11 -15 -10 -16 -11 -17 -13 -15 -12 -16 -11 -14 -9 0 0 0 0 0 0 0 0 0 0 ]
542,1782980365.389112,16.4950,-69,CSI_DATA,AP,98:F4:AB:29:67:94,-69,11,1,4,1,1,1,1,0,0,0,-96,1,6,1,80636878,0,84,0,0,81.0191,384,[84 -64 4 0 0 0 0 0 0 0 0 0 9 -5 10 -5 10 -5 10 -5 12 -5 10 -5 11 -4 12 -5 12 -4 13 -5 12 -5 13 -4 14 -4 14 -4 12 -4 14 -5 12 -5 13 -5 12 -5 13 -5 15 -4 15 -5 15 -4 16 -5 15 -5 16 -5 0 0 16 -5 17 -6 16 -5 16 -6 16 -4 17 -5 18 -5 18 -5 17 -5 18 -5 18 -5 18 -4 19 -5 17 -5 18 -7 16 -6 19 -6 18 -7 18 -7 18 -7 18 -6 18 -6 18 -5 18 -6 18 -6 17 -6 0 0 0 0 0 0 0 0 0 0 ]
543,1782980365.482391,19.3430,-68,CSI_DATA,AP,98:F4:AB:29:67:94,-68,11,1,3,1,1,1,1,0,0,0,-96,1,6,1,80723827,0,84,0,0,81.1061,384,[84 -64 4 0 0 0 0 0 0 0 0 0 -13 4 -13 3 -16 4 -15 4 -15 5 -16 3 -15 3 -16 3 -17 3 -18 2 -18 3 -19 3 -17 3 -18 2 -18 1 -19 3 -18 3 -17 3 -18 2 -18 1 -19 2 -19 1 -19 2 -19 2 -21 2 -20 2 0 0 -21 2 -20 3 -21 3 -20 3 -20 2 -20 3 -21 2 -21 3 -21 3 -22 3 -22 6 -21 3 -21 4 -20 4 -21 4 -20 4 -21 4 -20 4 -21 4 -22 5 -20 4 -21 4 -21 5 -20 5 -19 4 -20 4 0 0 0 0 0 0 0 0 0 0 ]
544,1782980365.573554,18.8577,-69,CSI_DATA,AP,98:F4:AB:29:67:94,-69,11,1,5,1,1,1,1,0,0,0,-96,1,6,1,80812720,0,84,0,0,81.195,384,[84 -64 4 0 0 0 0 0 0 0 0 0 -8 9 -9 9 -9 10 -8 10 -8 8 -9 9 -9 9 -9 10 -10 10 -11 11 -10 9 -11 11 -11 10 -12 10 -10 10 -11 10 -10 10 -9 11 -10 11 -9 10 -10 12 -11 11 -11 11 -12 11 -12 12 -13 13 0 0 -12 13 -13 14 -12 11 -12 13 -11 13 -12 14 -13 14 -12 14 -13 14 -13 15 -14 15 -13 13 -12 14 -12 13 -13 13 -11 14 -12 14 -11 14 -12 14 -11 16 -12 15 -12 15 -11 16 -12 14 -12 13 -12 14 0 0 0 0 0 0 0 0 0 0 ]
545,1782980365.666265,16.9894,-70,CSI_DATA,AP,98:F4:AB:29:67:94,-70,11,1,5,1,1,1,1,0,0,0,-96,1,6,1,80901337,0,84,0,0,81.2835,384,[84 -64 4 0 0 0 0 0 0 0 0 0 3 -10 3 -10 3 -11 2 -11 4 -12 4 -11 3 -11 4 -12 3 -12 5 -12 5 -13 5 -12 5 -13 5 -12 5 -12 5 -13 4 -12 5 -13 4 -13 4 -13 5 -13 4 -14 5 -14 5 -14 5 -14 6 -14 0 0 5 -16 5 -15 4 -15 4 -16 5 -13 5 -15 5 -16 4 -16 4 -15 5 -17 5 -17 5 -15 5 -16 5 -15 3 -17 2 -16 3 -17 3 -15 2 -17 2 -17 4 -17 2 -17 3 -18 3 -16 3 -16 3 -16 0 0 0 0 0 0 0 0 0 0 ]
546,1782980365.757165,18.4605,-69,CSI_DATA,AP,98:F4:AB:29:67:94,-69,11,1,5,1,1,1,1,0,0,0,-96,1,6,1,80993666,0,84,0,0,81.376,384,[84 -64 4 0 0 0 0 0 0 0 0 0 4 12 2 10 4 14 3 12 5 13 3 12 3 15 3 15 4 15 3 15 2 15 3 16 2 17 1 16 1 15 3 17 3 15 2 16 3 15 3 16 2 17 2 18 2 17 2 19 2 20 3 18 0 0 1 18 3 20 2 19 4 20 2 19 2 20 1 21 2 20 3 21 2 22 4 20 1 20 1 21 2 19 3 20 4 20 3 21 3 19 3 20 4 19 2 20 3 20 2 21 3 21 2 21 2 19 0 0 0 0 0 0 0 0 0 0 ]
547,1782980365.849853,19.8088,-68,CSI_DATA,AP,98:F4:AB:29:67:94,-68,11,1,4,1,1,1,1,0,0,0,-96,1,6,1,81081641,0,84,0,0,81.4639,384,[84 -64 4 0 0 0 0 0 0 0 0 0 -16 -1 -15 -1 -15 -1 -16 -1 -17 -2 -16 -2 -17 -3 -16 -3 -16 -3 -17 -3 -16 -4 -17 -4 -17 -5 -18 -5 -17 -5 -18 -6 -17 -4 -17 -4 -17 -4 -17 -4 -19 -6 -20 -6 -18 -5 -19 -4 -20 -5 -20 -5 0 0 -20 -6 -20 -6 -20 -7 -21 -5 -19 -6 -21 -6 -22 -6 -21 -7 -21 -6 -23 -5 -23 -4 -21 -6 -21 -5 -21 -5 -21 -5 -22 -5 -22 -7 -21 -6 -22 -6 -22 -5 -22 -6 -22 -6 -22 -6 -22 -6 -21 -6 -21 -5 0 0 0 0 0 0 0 0 0 0 ]
548,1782980365.942879,19.0117,-69,CSI_DATA,AP,98:F4:AB:29:67:94,-69,11,1,4,1,1,1,1,0,0,0,-96,1,6,1,81172243,0,84,0,0,81.5545,384,[84 -64 4 0 0 0 0 0 0 0 0 0 -2 -12 0 -11 -1 -13 -1 -13 -1 -13 0 -13 0 -13 0 -13 0 -13 0 -14 0 -15 1 -15 0 -15 1 -15 0 -14 1 -16 0 -15 1 -15 0 -15 0 -16 0 -17 1 -16 0 -17 1 -17 1 -18 1 -17 0 0 0 -18 0 -18 0 -17 0 -18 1 -18 1 -18 1 -19 0 -19 -1 -20 0 -20 -1 -20 0 -19 0 -19 1 -18 -1 -19 -1 -19 -1 -20 -1 -18 -1 -19 -2 -20 0 -19 -1 -20 0 -19 0 -19 0 -18 -1 -18 0 0 0 0 0 0 0 0 0 0 ]
549,1782980366.034307,19.0714,-68,CSI_DATA,AP,98:F4:AB:29:67:94,-68,11,1,3,1,1,1,1,0,0,0,-96,1,6,1,81263101,0,84,0,0,81.6454,384,[84 -64 4 0 0 0 0 0 0 0 0 0 -7 12 -7 11 -8 12 -8 12 -9 12 -9 11 -8 11 -10 12 -9 13 -11 12 -11 14 -11 13 -12 13 -12 14 -12 11 -11 14 -9 13 -10 13 -10 12 -10 14 -12 13 -11 15 -11 14 -12 15 -12 15 -11 15 0 0 -12 16 -12 18 -11 16 -11 18 -11 15 -12 17 -12 17 -13 17 -12 17 -13 18 -12 19 -13 17 -11 19 -12 16 -11 19 -8 17 -11 19 -11 17 -12 17 -10 18 -12 19 -10 18 -12 20 -12 20 -10 17 -11 15 0 0 0 0 0 0 0 0 0 0 ]
550,1782980366.128830,17.4201,-69,CSI_DATA,AP,98:F4:AB:29:67:94,-69,11,1,4,1,1,1,1,0,0,0,-96,1,6,1,81353394,0,84,0,0,81.7357,384,[84 -64 4 0 0 0 0 0 0 0 0 0 -1 12 -2 12 -1 13 -2 12 -1 13 -3 12 -3 11 -3 12 -3 13 -3 13 -3 14 -4 13 -4 14 -4 14 -4 13 -4 15 -4 13 -3 13 -3 12 -4 14 -4 14 -3 15 -5 14 -4 14 -5 15 -4 15 0 0 -5 16 -4 16 -4 17 -3 16 -4 16 -4 16 -5 17 -5 16 -5 17 -6 18 -4 18 -5 17 -4 17 -5 17 -4 18 -3 17 -3 18 -4 17 -4 18 -5 18 -5 18 -5 18 -5 18 -4 18 -5 17 -4 17 0 0 0 0 0 0 0 0 0 0 ]
551,1782980366.218925,17.7348,-68,CSI_DATA,AP,98:F4:AB:29:67:94,-68,11,1,4,1,1,1,1,0,0,0,-96,1,6,1,81442480,0,84,0,0,81.8248,384,[84 -64 4 0 0 0 0 0 0 0 0 0 5 -13 6 -13 8 -14 7 -12 7 -13 8 -13 9 -13 8 -12 8 -13 10 -13 9 -14 10 -13 10 -13 11 -13 9 -12 10 -13 10 -13 10 -13 10 -12 9 -13 11 -12 11 -13 10 -13 10 -14 12 -14 11 -15 0 0 11 -14 11 -15 11 -15 10 -15 11 -13 11 -14 11 -15 12 -14 11 -15 11 -17 11 -16 11 -15 10 -15 11 -15 10 -16 9 -15 10 -16 9 -15 9 -16 9 -16 10 -16 9 -16 10 -16 10 -16 9 -15 9 -15 0 0 0 0 0 0 0 0 0 0 ]
552,1782980366.311357,17.7135,-68,CSI_DATA,AP,98:F4:AB:29:67:94,-68,11,1,4,1,1,1,1,0,0,0,-96,1,6,1,81533418,0,84,0,0,81.9157,384,[84 -64 4 0 0 0 0 0 0 0 0 0 -10 8 -10 8 -11 8 -11 8 -11 9 -12 8 -12 7 -11 8 -13 8 -12 8 -14 9 -14 9 -14 7 -15 8 -15 7 -15 8 -14 9 -14 8 -14 8 -15 8 -16 8 -16 9 -15 8 -16 8 -16 9 -16 9 0 0 -17 10 -16 10 -16 10 -16 9 -17 9 -17 10 -18 10 -17 9 -17 11 -17 10 -18 10 -18 11 -16 11 -17 12 -16 11 -17 11 -16 12 -15 13 -17 12 -14 12 -17 12 -17 11 -18 12 -15 13 -13 12 -15 11 0 0 0 0 0 0 0 0 0 0 ]
553,1782980366.404517,19.8870,-68,CSI_DATA,AP,98:F4:AB:29:67:94,-68,11,1,4,1,1,1,1,0,0,0,-96,1,6,1,81621277,0,84,0,0,82.0036,384,[84 -64 4 0 0 0 0 0 0 0 0 0 -13 -6 -14 -4 -14 -6 -14 -6 -14 -7 -13 -7 -14 -7 -14 -8 -15 -7 -15 -9 -14 -8 -15 -9 -16 -10 -16 -9 -14 -9 -17 -9 -14 -7 -16 -8 -16 -9 -17 -9 -17 -9 -18 -10 -18 -11 -18 -10 -18 -11 -17 -11 0 0 -18 -10 -20 -10 -18 -8 -21 -9 -18 -10 -19 -10 -20 -10 -20 -11 -20 -10 -20 -11 -20 -11 -20 -11 -20 -10 -20 -11 -22 -9 -21 -8 -21 -10 -20 -9 -21 -10 -21 -9 -21 -10 -21 -9 -20 -10 -21 -9 -20 -10 -20 -8 0 0 0 0 0 0 0 0 0 0 ]
554,1782980366.496819,18.8938,-68,CSI_DATA,AP,98:F4:AB:29:67:94,-68,11,1,4,1,1,1,1,0,0,0,-96,1,6,1,81713545,0,84,0,0,82.0958,384,[84 -64 4 0 0 0 0 0 0 0 0 0 -12 -1 -12 -2 -14 -2 -13 -2 -15 -2 -13 -3 -13 -2 -13 -4 -13 -3 -13 -3 -14 -3 -15 -4 -15 -3 -15 -3 -13 -3 -16 -4 -14 -3 -14 -3 -15 -3 -15 -3 -17 -4 -17 -4 -16 -4 -16 -3 -18 -4 -18 -4 0 0 -18 -4 -19 -4 -19 -4 -18 -3 -18 -4 -19 -5 -20 -5 -19 -5 -20 -4 -19 -4 -20 -3 -19 -4 -20 -4 -19 -4 -19 -4 -19 -3 -21 -4 -20 -3 -21 -4 -20 -4 -20 -5 -20 -4 -21 -5 -21 -3 -19 -4 -19 -3 0 0 0 0 0 0 0 0 0 0 ]
555,1782980366.589372,20.2141,-68,CSI_DATA,AP,98:F4:AB:29:67:94,-68,11,1,4,1,1,1,1,0,0,0,-96,1,6,1,81808561,0,84,0,0,82.1909,384,[84 -64 4 0 0 0 0 0 0 0 0 0 -11 -9 -11 -8 -12 -9 -12 -10 -12 -9 -11 -10 -12 -12 -12 -11 -12 -10 -12 -12 -12 -12 -13 -13 -12 -12 -13 -13 -12 -12 -14 -13 -12 -12 -13 -12 -12 -13 -13 -13 -14 -13 -14 -13 -13 -14 -14 -15 -15 -15 -14 -15 0 0 -14 -15 -17 -15 -15 -15 -18 -14 -15 -15 -16 -16 -16 -15 -15 -15 -16 -16 -17 -15 -18 -16 -16 -15 -17 -15 -16 -14 -18 -14 -17 -13 -18 -16 -17 -14 -17 -14 -18 -14 -18 -15 -18 -15 -18 -15 -18 -13 -17 -15 -16 -13 0 0 0 0 0 0 0 0 0 0 ]
556,1782980366.679970,19.8517,-69,CSI_DATA,AP,98:F4:AB:29:67:94,-69,11,1,4,1,1,1,1,0,0,0,-96,1,6,1,81891996,0,84,0,0,82.2743,384,[84 -64 4 0 0 0 0 0 0 0 0 0 -12 -3 -12 -3 -14 -4 -12 -5 -13 -4 -13 -4 -13 -5 -12 -5 -13 -5 -13 -6 -14 -6 -14 -6 -14 -7 -14 -6 -13 -6 -15 -6 -14 -5 -15 -6 -14 -5 -15 -6 -15 -6 -16 -6 -15 -7 -15 -7 -16 -8 -16 -8 0 0 -17 -6 -18 -7 -17 -7 -17 -6 -17 -6 -18 -7 -18 -6 -18 -7 -19 -5 -19 -6 -19 -7 -17 -7 -18 -7 -18 -6 -18 -6 -19 -5 -20 -7 -18 -5 -19 -5 -19 -4 -19 -5 -20 -5 -20 -6 -20 -6 -19 -6 -18 -4 0 0 0 0 0 0 0 0 0 0 ]
557,1782980366.773603,18.8913,-68,CSI_DATA,AP,98:F4:AB:29:67:94,-68,11,1,4,1,1,1,1,0,0,0,-96,1,6,1,81984330,0,84,0,0,82.3666,384,[84 -64 4 0 0 0 0 0 0 0 0 0 6 -11 5 -11 6 -11 5 -11 6 -12 6 -10 7 -10 8 -11 6 -13 8 -11 8 -11 8 -13 10 -12 10 -12 8 -11 8 -13 8 -12 9 -13 8 -13 9 -13 10 -13 9 -14 11 -13 10 -12 11 -14 11 -13 0 0 11 -13 11 -16 11 -15 11 -17 11 -13 11 -15 12 -15 11 -15 11 -16 11 -16 12 -15 13 -15 12 -15 11 -14 11 -16 9 -16 12 -16 10 -16 10 -15 11 -17 12 -17 11 -16 13 -16 11 -17 11 -15 10 -15 0 0 0 0 0 0 0 0 0 0 ]
558,1782980366.864296,19.2582,-68,CSI_DATA,AP,98:F4:AB:29:67:94,-68,11,1,4,1,1,1,1,0,0,0,-96,1,6,1,82071506,0,84,0,0,82.4538,384,[84 -64 4 0 0 0 0 0 0 0 0 0 1 -15 1 -14 2 -14 3 -15 3 -15 2 -14 4 -15 4 -14 4 -16 5 -17 5 -16 5 -16 5 -16 6 -17 5 -15 5 -17 5 -16 5 -16 5 -16 6 -17 7 -17 7 -18 6 -17 6 -19 7 -19 6 -18 0 0 8 -19 7 -20 7 -19 7 -19 6 -18 8 -20 9 -20 9 -19 9 -20 8 -20 7 -20 7 -20 8 -21 8 -19 7 -20 7 -20 9 -20 7 -19 9 -20 8 -20 9 -20 8 -20 9 -20 7 -21 8 -19 8 -19 0 0 0 0 0 0 0 0 0 0 ]
559,1782980366.956543,18.8629,-70,CSI_DATA,AP,98:F4:AB:29:67:94,-70,11,1,5,1,1,1,1,0,0,0,-96,1,6,1,82162842,0,84,0,0,82.5451,384,[84 -64 4 0 0 0 0 0 0 0 0 0 11 -9 12 -8 12 -9 13 -9 12 -9 12 -9 13 -7 14 -7 14 -7 14 -7 14 -9 16 -8 14 -7 14 -9 15 -8 15 -7 15 -6 14 -8 15 -7 15 -7 15 -7 17 -7 15 -7 16 -7 17 -8 17 -7 0 0 18 -7 19 -8 18 -8 17 -8 17 -8 17 -8 18 -7 18 -8 18 -7 18 -8 17 -8 18 -7 19 -7 18 -7 17 -8 17 -9 19 -9 17 -9 18 -9 17 -9 18 -8 18 -8 18 -8 17 -9 16 -8 16 -8 0 0 0 0 0 0 0 0 0 0 ]
560,1782980367.049485,17.7079,-70,CSI_DATA,AP,98:F4:AB:29:67:94,-70,11,1,5,1,1,1,1,0,0,0,-96,1,6,1,82253264,0,84,0,0,82.6356,384,[84 -64 4 0 0 0 0 0 0 0 0 0 -6 10 -5 11 -5 10 -6 10 -6 12 -7 10 -7 11 -6 11 -6 12 -8 11 -8 11 -9 12 -8 11 -9 12 -8 12 -8 13 -8 12 -7 11 -8 12 -9 13 -9 14 -10 13 -9 13 -9 13 -11 14 -10 14 0 0 -10 14 -10 16 -10 15 -9 14 -10 14 -10 15 -10 15 -11 15 -10 15 -11 16 -11 16 -11 14 -11 15 -9 15 -10 16 -9 15 -10 17 -9 15 -8 16 -9 16 -10 17 -9 16 -10 16 -10 15 -10 15 -9 14 0 0 0 0 0 0 0 0 0 0 ]
561,1782980367.139386,18.3792,-69,CSI_DATA,AP,98:F4:AB:29:67:94,-69,11,1,5,1,1,1,1,0,0,0,-96,1,6,1,82351033,0,84,0,0,82.7333,384,[84 -64 4 0 0 0 0 0 0 0 0 0 10 8 11 6 11 8 10 8 11 8 10 7 11 8 11 8 11 9 11 10 12 9 11 8 11 10 12 10 12 11 13 11 13 10 12 9 12 9 13 10 13 10 14 10 12 12 13 13 14 13 14 13 0 0 14 12 15 13 15 13 15 13 13 13 13 13 14 13 14 13 14 14 15 14 16 15 14 14 14 15 14 14 15 13 15 13 15 15 14 12 15 13 15 12 16 14 16 14 15 15 15 14 14 13 14 13 0 0 0 0 0 0 0 0 0 0 ]
562,1782980367.232105,18.1583,-70,CSI_DATA,AP,98:F4:AB:29:67:94,-70,11,1,5,1,1,1,1,0,0,0,-96,1,6,1,82433102,0,84,0,0,82.8153,384,[84 -64 4 0 0 0 0 0 0 0 0 0 5 12 5 11 5 13 5 14 2 13 4 14 3 13 3 15 3 14 2 14 3 16 2 17 2 15 2 16 2 13 3 17 3 15 2 16 2 16 3 16 3 17 4 17 1 17 1 18 1 18 2 18 0 0 3 17 3 17 3 18 3 18 1 18 2 20 1 20 3 20 4 20 3 19 3 21 2 19 2 19 2 19 3 19 3 18 3 19 3 19 3 19 2 19 2 20 4 19 3 19 3 20 4 19 4 19 0 0 0 0 0 0 0 0 0 0 ]
563,1782980367.323928,19.2345,-70,CSI_DATA,AP,98:F4:AB:29:67:94,-70,11,1,5,1,1,1,1,0,0,0,-96,1,6,1,82521721,0,84,0,0,82.904,384,[84 -64 4 0 0 0 0 0 0 0 0 0 -15 -3 -13 -5 -14 -5 -14 -4 -15 -6 -14 -5 -14 -6 -14 -5 -15 -6 -17 -6 -16 -5 -16 -7 -16 -7 -15 -7 -15 -7 -17 -7 -15 -6 -15 -7 -16 -7 -16 -7 -16 -9 -17 -7 -17 -8 -17 -8 -18 -8 -17 -8 0 0 -19 -9 -18 -8 -19 -8 -19 -8 -17 -8 -18 -8 -18 -8 -19 -8 -19 -9 -18 -8 -20 -8 -19 -8 -19 -8 -19 -9 -18 -8 -19 -7 -20 -8 -19 -6 -19 -7 -20 -7 -19 -7 -19 -8 -20 -7 -19 -7 -18 -6 -19 -7 0 0 0 0 0 0 0 0 0 0 ]
564,1782980367.414788,17.9656,-69,CSI_DATA,AP,98:F4:AB:29:67:94,-69,11,1,5,1,1,1,1,0,0,0,-96,1,6,1,82611369,0,84,0,0,82.9937,384,[84 -64 4 0 0 0 0 0 0 0 0 0 11 2 10 4 11 4 11 4 11 5 11 5 11 6 11 6 11 6 12 6 12 7 13 7 12 7 14 7 12 7 13 7 13 7 12 7 13 7 13 7 13 8 14 7 14 9 14 7 15 8 15 8 0 0 14 8 15 8 16 8 15 8 15 8 16 7 15 9 15 8 16 8 16 9 16 8 15 8 16 8 14 8 16 7 15 7 16 7 14 7 16 6 15 7 16 7 16 8 15 7 16 7 15 6 15 6 0 0 0 0 0 0 0 0 0 0 ]
565,1782980367.505472,17.7541,-71,CSI_DATA,AP,98:F4:AB:29:67:94,-71,11,1,6,1,1,1,1,0,0,0,-96,1,6,1,82701420,0,84,0,0,83.0837,384,[84 -64 4 0 0 0 0 0 0 0 0 0 -11 6 -13 7 -13 6 -13 6 -13 6 -13 5 -14 6 -15 5 -13 6 -15 6 -15 4 -15 6 -15 5 -16 5 -15 5 -18 5 -16 4 -16 6 -15 6 -15 5 -17 6 -18 7 -17 5 -18 5 -17 4 -18 5 0 0 -18 6 -20 6 -19 7 -19 8 -20 6 -18 6 -21 6 -20 9 -19 8 -20 8 -21 8 -19 6 -19 7 -19 6 -18 8 -18 8 -20 7 -18 7 -20 8 -19 7 -20 7 -19 9 -19 8 -19 7 -18 8 -18 8 0 0 0 0 0 0 0 0 0 0 ]
566,1782980367.598276,17.4222,-71,CSI_DATA,AP,98:F4:AB:29:67:94,-71,11,1,6,1,1,1,1,0,0,0,-96,1,6,1,82792461,0,84,0,0,83.1748,384,[84 -64 4 0 0 0 0 0 0 0 0 0 -11 7 -11 7 -12 8 -13 7 -12 7 -13 6 -13 7 -14 7 -13 8 -13 6 -14 7 -15 7 -15 7 -15 6 -14 6 -14 7 -14 6 -15 6 -16 5 -16 6 -16 5 -16 8 -17 6 -17 6 -17 6 -16 7 0 0 -17 6 -18 7 -18 6 -20 9 -18 6 -19 8 -19 7 -18 6 -19 8 -19 7 -19 7 -17 6 -18 7 -20 7 -19 8 -17 7 -20 6 -18 8 -19 7 -19 8 -19 8 -20 7 -20 7 -17 8 -16 7 -17 7 0 0 0 0 0 0 0 0 0 0 ]
567,1782980367.691896,18.9424,-71,CSI_DATA,AP,98:F4:AB:29:67:94,-71,11,1,6,1,1,1,1,0,0,0,-96,1,6,1,82883333,0,84,0,0,83.2656,384,[84 -64 4 0 0 0 0 0 0 0 0 0 -14 -4 -14 -2 -14 -2 -17 -2 -16 -5 -15 -4 -14 -5 -16 -5 -14 -5 -15 -4 -15 -5 -18 -5 -16 -6 -15 -7 -17 -6 -16 -5 -16 -4 -17 -6 -15 -5 -16 -5 -16 -6 -19 -6 -18 -4 -18 -6 -19 -7 -18 -7 0 0 -19 -6 -20 -7 -19 -5 -19 -5 -17 -6 -21 -5 -21 -6 -19 -5 -21 -5 -21 -5 -21 -5 -19 -7 -20 -7 -19 -6 -18 -7 -20 -6 -21 -6 -18 -4 -20 -6 -20 -4 -20 -6 -19 -6 -20 -7 -20 -6 -19 -5 -17 -6 0 0 0 0 0 0 0 0 0 0 ]
568,1782980367.782668,19.0236,-71,CSI_DATA,AP,98:F4:AB:29:67:94,-71,11,1,6,1,1,1,1,0,0,0,-96,1,6,1,82972100,0,84,0,0,83.3544,384,[84 -64 4 0 0 0 0 0 0 0 0 0 4 12 6 12 4 12 5 15 5 15 5 13 4 14 5 14 4 14 4 15 5 16 4 15 2 16 3 15 3 15 3 15 3 15 4 15 4 14 4 16 5 16 4 16 3 17 4 17 3 18 4 17 0 0 4 17 5 18 3 18 5 17 4 17 5 18 4 18 3 19 4 17 4 18 5 18 4 18 3 19 4 19 4 18 6 18 6 18 6 18 5 19 6 17 5 19 6 19 5 18 5 17 4 16 5 16 0 0 0 0 0 0 0 0 0 0 ]
569,1782980367.877187,21.4115,-70,CSI_DATA,AP,98:F4:AB:29:67:94,-70,11,1,5,1,1,1,1,0,0,0,-96,1,6,1,83068200,0,84,0,0,83.4504,384,[84 -64 4 0 0 0 0 0 0 0 0 0 6 -15 6 -13 7 -14 6 -15 6 -16 6 -16 7 -16 9 -17 6 -15 7 -17 8 -16 10 -16 9 -14 12 -15 11 -15 9 -17 10 -16 9 -15 10 -17 11 -16 11 -17 11 -20 13 -18 13 -17 13 -19 12 -19 0 0 13 -18 13 -19 12 -19 12 -20 11 -17 13 -20 13 -18 14 -19 12 -20 14 -19 14 -20 14 -17 14 -19 14 -18 13 -19 12 -19 13 -19 11 -19 12 -20 11 -20 13 -19 13 -22 13 -19 14 -18 14 -19 12 -18 0 0 0 0 0 0 0 0 0 0 ]
570,1782980367.969221,20.3435,-71,CSI_DATA,AP,98:F4:AB:29:67:94,-71,11,1,6,1,1,1,1,0,0,0,-96,1,6,1,83152718,0,84,0,0,83.5349,384,[84 -64 4 0 0 0 0 0 0 0 0 0 -6 11 -7 11 -6 12 -7 12 -6 12 -7 11 -8 12 -8 12 -8 13 -7 13 -9 13 -10 14 -9 12 -10 11 -9 13 -10 13 -9 12 -10 13 -8 12 -9 13 -10 12 -11 14 -11 14 -11 14 -12 14 -10 15 0 0 -10 15 -11 15 -11 15 -11 16 -11 16 -11 15 -12 15 -12 16 -12 16 -13 16 -12 16 -13 16 -13 16 -11 16 -11 16 -12 18 -11 16 -10 17 -12 17 -12 16 -12 17 -13 17 -12 16 -12 16 -11 16 -12 17 0 0 0 0 0 0 0 0 0 0 ]
571,1782980368.060884,20.5472,-70,CSI_DATA,AP,98:F4:AB:29:67:94,-70,11,1,6,1,1,1,1,0,0,0,-96,1,6,1,83243633,0,84,0,0,83.6259,384,[84 -64 4 0 0 0 0 0 0 0 0 0 -11 -9 -8 -9 -8 -8 -11 -11 -11 -11 -10 -12 -8 -12 -8 -13 -10 -12 -11 -12 -10 -13 -11 -13 -9 -13 -11 -11 -10 -13 -11 -14 -10 -13 -9 -14 -10 -14 -9 -16 -9 -16 -11 -15 -11 -15 -12 -15 -12 -16 -13 -17 0 0 -11 -16 -13 -17 -10 -17 -12 -17 -11 -17 -12 -17 -11 -18 -12 -17 -12 -19 -13 -20 -13 -19 -11 -17 -13 -19 -11 -20 -12 -17 -12 -19 -14 -19 -13 -18 -12 -17 -13 -18 -13 -20 -12 -19 -12 -20 -12 -18 -13 -17 -12 -17 0 0 0 0 0 0 0 0 0 0 ]
572,1782980368.153975,18.8887,-70,CSI_DATA,AP,98:F4:AB:29:67:94,-70,11,1,6,1,1,1,1,0,0,0,-96,1,6,1,83334007,0,84,0,0,83.7163,384,[84 -64 4 0 0 0 0 0 0 0 0 0 8 -9 8 -10 8 -10 11 -10 10 -8 10 -10 10 -8 11 -9 10 -9 11 -10 11 -10 12 -9 12 -8 11 -9 12 -8 13 -10 12 -9 11 -10 13 -10 13 -9 13 -11 14 -11 13 -9 14 -10 15 -9 14 -11 0 0 15 -11 14 -11 15 -11 14 -11 14 -10 14 -13 15 -13 14 -13 16 -13 15 -13 14 -14 14 -11 16 -12 14 -12 15 -13 15 -13 14 -13 14 -12 15 -14 13 -14 14 -13 14 -12 14 -13 14 -13 14 -11 15 -13 0 0 0 0 0 0 0 0 0 0 ]
573,1782980368.246562,17.8036,-67,CSI_DATA,AP,98:F4:AB:29:67:94,-67,11,1,2,1,1,1,1,0,0,0,-96,1,6,1,83433288,0,84,0,0,83.8155,384,[84 -64 4 0 0 0 0 0 0 0 0 0 -11 4 -12 3 -12 2 -13 4 -13 4 -12 4 -13 3 -12 2 -13 3 -13 2 -14 2 -15 2 -15 2 -15 1 -14 3 -15 3 -14 3 -14 4 -14 3 -15 4 -14 4 -15 4 -15 3 -15 3 -17 4 -16 3 0 0 -16 4 -18 5 -18 4 -17 6 -17 4 -18 6 -19 4 -18 5 -19 7 -20 6 -19 6 -18 4 -19 4 -18 5 -18 6 -18 5 -20 6 -17 6 -18 6 -19 7 -19 6 -19 7 -19 5 -18 5 -18 6 -17 5 0 0 0 0 0 0 0 0 0 0 ]
574,1782980368.342616,16.4524,-70,CSI_DATA,AP,98:F4:AB:29:67:94,-70,11,1,5,1,1,1,1,0,0,0,-96,1,6,1,83511558,0,84,0,0,83.8939,384,[84 -64 4 0 0 0 0 0 0 0 0 0 -11 2 -12 0 -12 0 -14 1 -13 -1 -13 0 -14 0 -13 1 -14 -1 -13 2 -15 -1 -14 0 -14 -1 -15 -1 -13 0 -16 1 -14 1 -15 1 -15 2 -15 0 -15 1 -16 1 -16 0 -17 1 -17 1 -16 2 0 0 -17 2 -18 2 -18 1 -18 2 -17 1 -17 2 -19 1 -19 2 -18 1 -19 4 -19 2 -19 2 -19 1 -19 3 -19 3 -19 4 -20 2 -19 4 -19 3 -19 4 -20 3 -20 3 -19 3 -19 4 -17 4 -17 2 0 0 0 0 0 0 0 0 0 0 ]
575,1782980368.432472,18.1108,-69,CSI_DATA,AP,98:F4:AB:29:67:94,-69,11,1,5,1,1,1,1,0,0,0,-96,1,6,1,83603760,0,84,0,0,83.9861,384,[84 -64 4 0 0 0 0 0 0 0 0 0 6 -12 7 -13 7 -12 7 -13 9 -13 8 -12 7 -13 8 -12 9 -13 8 -14 8 -14 9 -14 10 -14 9 -13 8 -14 9 -14 8 -13 8 -15 8 -14 9 -14 8 -15 9 -15 9 -15 9 -16 10 -18 10 -16 0 0 8 -17 10 -18 10 -19 9 -19 9 -17 10 -19 10 -20 10 -19 9 -20 10 -20 9 -21 10 -19 10 -19 9 -20 9 -20 8 -19 9 -21 8 -20 9 -19 9 -20 9 -19 9 -20 9 -21 10 -20 8 -19 8 -19 0 0 0 0 0 0 0 0 0 0 ]
576,1782980368.526026,18.4775,-69,CSI_DATA,AP,98:F4:AB:29:67:94,-69,11,1,5,1,1,1,1,0,0,0,-96,1,6,1,83694211,0,84,0,0,84.0765,384,[84 -64 4 0 0 0 0 0 0 0 0 0 -12 -4 -12 -4 -14 -6 -13 -5 -12 -5 -12 -5 -12 -6 -12 -7 -13 -6 -13 -6 -13 -7 -14 -8 -14 -7 -13 -7 -14 -6 -14 -5 -13 -6 -14 -6 -15 -6 -14 -6 -15 -6 -16 -7 -16 -7 -17 -7 -17 -8 -17 -7 0 0 -17 -7 -18 -8 -17 -8 -17 -7 -16 -7 -18 -7 -19 -7 -18 -8 -18 -7 -19 -7 -19 -8 -18 -7 -19 -9 -19 -8 -18 -8 -19 -7 -19 -6 -20 -6 -20 -7 -19 -7 -19 -8 -19 -8 -19 -9 -20 -7 -18 -7 -18 -7 0 0 0 0 0 0 0 0 0 0 ]
577,1782980368.617987,19.3432,-69,CSI_DATA,AP,98:F4:AB:29:67:94,-69,11,1,5,1,1,1,1,0,0,0,-96,1,6,1,83784523,0,84,0,0,84.1668,384,[84 -64 4 0 0 0 0 0 0 0 0 0 13 1 14 2 14 1 13 0 15 3 14 4 15 2 14 2 16 3 15 3 17 2 16 4 16 4 16 5 14 4 17 4 16 3 17 3 16 3 17 1 16 3 18 3 18 4 19 4 19 4 20 4 0 0 19 2 20 3 19 2 20 1 20 2 21 2 20 3 22 3 22 4 23 3 22 3 20 4 21 2 21 2 21 2 21 1 23 1 23 1 21 0 22 0 20 0 20 1 23 3 21 1 21 2 20 1 0 0 0 0 0 0 0 0 0 0 ]
578,1782980368.710217,20.0030,-69,CSI_DATA,AP,98:F4:AB:29:67:94,-69,11,1,5,1,1,1,1,0,0,0,-96,1,6,1,83873767,0,84,0,0,84.256,384,[84 -64 4 0 0 0 0 0 0 0 0 0 -13 7 -13 6 -14 7 -15 6 -14 6 -15 6 -14 6 -15 6 -15 5 -16 4 -17 7 -17 5 -16 4 -17 5 -16 5 -17 6 -17 6 -17 6 -15 5 -18 5 -19 6 -18 6 -19 6 -19 7 -19 6 -19 7 0 0 -20 7 -20 7 -21 6 -20 8 -20 6 -20 6 -22 7 -22 6 -21 8 -23 8 -21 9 -21 7 -21 7 -20 7 -20 7 -19 8 -21 8 -19 7 -21 7 -20 8 -21 8 -21 8 -21 8 -20 8 -19 7 -19 7 0 0 0 0 0 0 0 0 0 0 ]
579,1782980368.800977,20.7374,-70,CSI_DATA,AP,98:F4:AB:29:67:94,-70,11,1,6,1,1,1,1,0,0,0,-96,1,6,1,83964955,0,84,0,0,84.3473,384,[84 -64 4 0 0 0 0 0 0 0 0 0 9 12 8 10 8 12 8 12 7 13 7 12 6 13 7 12 7 13 8 13 7 14 6 14 8 14 7 14 7 13 6 16 7 12 7 13 8 15 8 15 8 15 9 15 8 15 9 16 10 17 9 16 0 0 10 16 11 16 10 16 11 15 8 15 12 15 10 18 10 16 11 17 12 18 12 17 12 18 11 16 11 17 12 17 13 16 12 17 12 14 12 16 12 16 13 16 13 17 11 17 11 16 11 16 11 15 0 0 0 0 0 0 0 0 0 0 ]
580,1782980368.890983,20.0316,-71,CSI_DATA,AP,98:F4:AB:29:67:94,-71,11,1,6,1,1,1,1,0,0,0,-96,1,6,1,84051777,0,84,0,0,84.4341,384,[84 -64 4 0 0 0 0 0 0 0 0 0 11 -5 10 -4 11 -4 11 -4 12 -4 12 -4 13 -3 11 -4 13 -3 13 -4 14 -5 13 -4 14 -4 13 -3 12 -3 14 -4 13 -4 13 -4 13 -4 15 -4 14 -4 14 -4 16 -3 16 -3 16 -4 16 -5 0 0 16 -4 16 -5 16 -5 17 -5 17 -4 16 -5 17 -5 19 -5 18 -4 18 -5 17 -5 17 -3 17 -4 18 -5 18 -5 17 -5 18 -4 17 -5 19 -5 17 -5 18 -4 19 -3 18 -4 17 -4 17 -3 17 -4 0 0 0 0 0 0 0 0 0 0 ]
581,1782980368.983239,19.9947,-69,CSI_DATA,AP,98:F4:AB:29:67:94,-69,11,1,5,1,1,1,1,0,0,0,-96,1,6,1,84142587,0,84,0,0,84.5248,384,[84 -64 4 0 0 0 0 0 0 0 0 0 -14 0 -14 -1 -15 -1 -15 -2 -16 -3 -15 -2 -15 -2 -15 -3 -16 -3 -17 -4 -16 -4 -17 -5 -18 -4 -17 -4 -17 -5 -18 -4 -15 -2 -17 -3 -17 -3 -17 -3 -18 -4 -18 -3 -19 -5 -18 -3 -19 -5 -19 -4 0 0 -18 -4 -21 -4 -19 -2 -21 -3 -19 -4 -20 -4 -21 -4 -22 -5 -20 -3 -24 -3 -22 -4 -21 -4 -20 -3 -20 -5 -22 -2 -20 -2 -22 -3 -21 -3 -22 -2 -22 -2 -22 -2 -22 -1 -22 -3 -21 -3 -21 -4 -20 -1 0 0 0 0 0 0 0 0 0 0 ]
582,1782980369.072926,19.3443,-69,CSI_DATA,AP,98:F4:AB:29:67:94,-69,11,1,3,1,1,1,1,0,0,0,-96,1,6,1,84237289,0,84,0,0,84.6195,384,[84 -64 4 0 0 0 0 0 0 0 0 0 7 -12 5 -11 7 -13 7 -12 8 -13 7 -11 9 -11 8 -11 7 -12 9 -11 9 -12 10 -10 11 -11 10 -11 9 -10 9 -12 9 -11 9 -11 9 -11 9 -12 10 -12 9 -13 11 -12 9 -13 10 -12 11 -13 0 0 11 -13 11 -14 10 -13 10 -15 10 -13 11 -14 11 -15 11 -13 10 -15 11 -15 11 -14 11 -13 11 -15 11 -14 11 -16 9 -16 10 -17 10 -16 10 -15 10 -16 10 -16 10 -16 11 -16 10 -16 9 -15 9 -14 0 0 0 0 0 0 0 0 0 0 ]
583,1782980369.165561,19.1286,-70,CSI_DATA,AP,98:F4:AB:29:67:94,-70,11,1,5,1,1,1,1,0,0,0,-96,1,6,1,84324660,0,84,0,0,84.7069,384,[84 -64 4 0 0 0 0 0 0 0 0 0 -7 -11 -7 -11 -6 -11 -6 -11 -7 -12 -5 -11 -6 -12 -5 -13 -6 -13 -5 -13 -6 -14 -6 -13 -5 -14 -5 -14 -4 -14 -5 -14 -5 -14 -5 -13 -5 -13 -5 -14 -5 -14 -6 -15 -6 -15 -6 -15 -6 -15 -7 -16 0 0 -7 -15 -7 -16 -6 -17 -7 -16 -7 -16 -7 -16 -7 -18 -7 -16 -7 -17 -9 -17 -7 -15 -8 -16 -7 -17 -7 -16 -8 -16 -8 -16 -8 -17 -8 -16 -8 -16 -9 -17 -7 -16 -8 -16 -7 -17 -8 -16 -8 -15 -7 -16 0 0 0 0 0 0 0 0 0 0 ]
584,1782980369.257736,18.8806,-71,CSI_DATA,AP,98:F4:AB:29:67:94,-71,11,1,6,1,1,1,1,0,0,0,-96,1,6,1,84411901,0,84,0,0,84.7942,384,[84 -64 4 0 0 0 0 0 0 0 0 0 -4 -11 -3 -13 -3 -14 -3 -14 -3 -14 -3 -14 -4 -14 -4 -13 -2 -14 -3 -16 -2 -15 -2 -17 -2 -15 -2 -17 -1 -15 -3 -16 -2 -16 -3 -15 -1 -15 -2 -16 -2 -17 -3 -17 -2 -17 -4 -18 -1 -19 -2 -18 0 0 -2 -19 -2 -18 -3 -19 -4 -18 -1 -17 -3 -19 -3 -20 -4 -20 -3 -20 -2 -19 -3 -20 -1 -20 -2 -20 -1 -21 -3 -20 -4 -20 -3 -20 -4 -20 -3 -20 -5 -19 -3 -21 -3 -21 -3 -20 -2 -21 -2 -21 -2 -20 0 0 0 0 0 0 0 0 0 0 ]
585,1782980369.348536,17.4050,-70,CSI_DATA,AP,98:F4:AB:29:67:94,-70,11,1,5,1,1,1,1,0,0,0,-96,1,6,1,84505760,0,84,0,0,84.8881,384,[84 -64 4 0 0 0 0 0 0 0 0 0 12 -3 11 -3 12 -2 13 -3 14 -1 12 -1 13 -1 13 0 14 0 13 1 14 -1 14 0 14 1 15 1 13 0 15 1 14 0 15 0 13 0 15 0 15 1 16 1 15 2 15 1 16 2 16 0 0 0 15 1 18 1 17 0 18 0 16 1 17 0 17 2 17 1 18 1 19 1 18 0 17 1 18 1 17 1 18 0 17 0 19 0 17 -1 18 -1 17 -1 17 1 17 -1 18 0 17 0 16 1 16 0 0 0 0 0 0 0 0 0 0 0 ]
586,1782980369.438843,16.6788,-70,CSI_DATA,AP,98:F4:AB:29:67:94,-70,11,1,5,1,1,1,1,0,0,0,-96,1,6,1,84592836,0,84,0,0,84.9751,384,[84 -64 4 0 0 0 0 0 0 0 0 0 -11 5 -12 5 -13 4 -11 5 -13 4 -12 3 -13 4 -13 3 -13 4 -14 3 -15 3 -14 2 -16 4 -14 3 -13 3 -15 3 -14 3 -14 4 -15 4 -14 4 -15 4 -16 5 -16 4 -16 4 -17 3 -16 5 0 0 -16 4 -18 5 -16 4 -16 5 -17 5 -18 4 -18 5 -17 6 -18 7 -18 6 -18 6 -17 5 -17 5 -15 5 -17 5 -18 7 -19 5 -17 5 -16 6 -17 7 -18 6 -17 6 -18 6 -18 7 -16 6 -16 6 0 0 0 0 0 0 0 0 0 0 ]
587,1782980369.529934,16.0234,-68,CSI_DATA,AP,98:F4:AB:29:67:94,-68,11,1,4,1,1,1,1,0,0,0,-96,1,6,1,84694450,0,84,0,0,85.077,384,[84 -64 4 0 0 0 0 0 0 0 0 0 11 -5 11 -5 11 -6 11 -6 12 -5 12 -5 12 -6 12 -5 13 -6 13 -4 14 -5 14 -4 14 -3 14 -4 13 -4 14 -4 13 -5 14 -5 13 -4 13 -6 15 -5 15 -5 14 -5 16 -3 16 -3 16 -4 0 0 15 -5 16 -5 16 -7 17 -7 16 -5 17 -6 17 -6 18 -6 15 -3 15 -5 18 -6 18 -4 17 -6 16 -6 16 -8 16 -8 18 -7 16 -7 18 -7 17 -8 17 -7 17 -8 17 -7 17 -7 17 -6 15 -6 0 0 0 0 0 0 0 0 0 0 ]
588,1782980369.622857,16.6432,-70,CSI_DATA,AP,98:F4:AB:29:67:94,-70,11,1,5,1,1,1,1,0,0,0,-96,1,6,1,84771460,0,84,0,0,85.1537,384,[84 -64 4 0 0 0 0 0 0 0 0 0 6 -13 6 -12 7 -15 7 -13 9 -13 7 -13 8 -13 9 -13 8 -13 9 -13 9 -13 9 -14 10 -13 9 -14 10 -11 9 -14 9 -13 9 -13 9 -14 9 -15 10 -15 10 -15 10 -15 10 -14 11 -14 12 -15 0 0 11 -17 10 -16 11 -17 10 -16 9 -15 11 -18 11 -16 10 -17 10 -17 10 -18 9 -17 10 -17 10 -18 10 -17 10 -18 9 -18 10 -18 8 -18 10 -18 9 -19 9 -18 9 -18 11 -19 10 -19 9 -17 9 -18 0 0 0 0 0 0 0 0 0 0 ]
589,1782980369.713464,17.3519,-70,CSI_DATA,AP,98:F4:AB:29:67:94,-70,11,1,5,1,1,1,1,0,0,0,-96,1,6,1,84863582,0,84,0,0,85.2459,384,[84 -64 4 0 0 0 0 0 0 0 0 0 -2 -13 1 -14 0 -14 -1 -14 -1 -14 0 -15 0 -14 1 -14 0 -15 0 -16 1 -16 2 -17 2 -16 2 -17 1 -15 0 -16 0 -15 0 -17 0 -15 1 -15 2 -17 0 -18 1 -19 2 -17 2 -18 -1 -26 0 0 1 -19 1 -20 2 -19 2 -20 2 -19 2 -19 2 -20 3 -19 2 -21 2 -22 2 -22 2 -20 3 -19 3 -19 2 -21 1 -20 2 -22 1 -21 3 -22 1 -21 2 -21 1 -21 2 -22 2 -21 3 -20 3 -19 0 0 0 0 0 0 0 0 0 0 ]
590,1782980369.804035,17.3096,-69,CSI_DATA,AP,98:F4:AB:29:67:94,-69,11,1,3,1,1,1,1,0,0,0,-96,1,6,1,84956108,0,84,0,0,85.3384,384,[84 -64 4 0 0 0 0 0 0 0 0 0 -13 -3 -12 -4 -13 -3 -13 -4 -13 -4 -12 -4 -12 -4 -12 -6 -13 -4 -14 -6 -14 -5 -14 -7 -14 -6 -15 -6 -13 -6 -12 -8 -16 -8 -15 -5 -19 -10 -14 -6 -14 -6 -14 -6 -14 -6 -16 -6 -15 -8 -16 -7 0 0 -16 -7 -17 -7 -16 -7 -17 -6 -17 -7 -17 -7 -18 -8 -18 -8 -18 -7 -18 -8 -19 -6 -17 -7 -18 -7 -16 -7 -17 -8 -18 -7 -19 -8 -19 -6 -18 -7 -18 -7 -17 -8 -18 -8 -18 -8 -18 -7 -17 -7 -17 -6 0 0 0 0 0 0 0 0 0 0 ]
591,1782980369.894941,18.1762,-68,CSI_DATA,AP,98:F4:AB:29:67:94,-68,11,1,4,1,1,1,1,0,0,0,-96,1,6,1,85042997,0,84,0,0,85.4253,384,[84 -64 4 0 0 0 0 0 0 0 0 0 -10 7 -10 7 -11 7 -11 7 -12 7 -10 7 -11 7 -11 6 -12 8 -13 8 -13 8 -12 8 -14 8 -13 7 -13 6 -13 8 -13 7 -14 8 -12 7 -13 8 -15 8 -14 9 -14 8 -15 9 -16 9 -14 9 0 0 -14 10 -15 10 -14 10 -15 11 -15 10 -15 10 -16 11 -16 11 -16 11 -18 12 -17 12 -16 11 -17 11 -16 11 -16 11 -15 12 -16 12 -15 13 -15 13 -15 13 -15 11 -16 12 -16 13 -15 12 -15 11 -14 11 0 0 0 0 0 0 0 0 0 0 ]
592,1782980369.983815,18.3816,-68,CSI_DATA,AP,98:F4:AB:29:67:94,-68,11,1,4,1,1,1,1,0,0,0,-96,1,6,1,85135395,0,84,0,0,85.5177,384,[84 -64 4 0 0 0 0 0 0 0 0 0 -14 -5 -14 -6 -14 -7 -13 -6 -15 -7 -13 -6 -14 -7 -14 -7 -15 -7 -16 -9 -16 -8 -16 -9 -16 -10 -15 -10 -15 -9 -16 -9 -14 -9 -16 -9 -14 -9 -16 -9 -17 -9 -16 -8 -16 -10 -17 -10 -18 -10 -18 -11 0 0 -18 -9 -19 -9 -18 -9 -19 -9 -17 -9 -19 -9 -19 -9 -19 -8 -19 -9 -21 -11 -21 -10 -18 -11 -19 -9 -19 -9 -20 -8 -19 -8 -20 -8 -20 -7 -21 -7 -21 -7 -20 -7 -21 -8 -19 -9 -21 -8 -19 -8 -19 -7 0 0 0 0 0 0 0 0 0 0 ]
593,1782980370.074847,16.3817,-68,CSI_DATA,AP,98:F4:AB:29:67:94,-68,11,1,4,1,1,1,1,0,0,0,-96,1,6,1,85222814,0,84,0,0,85.6051,384,[84 -64 4 0 0 0 0 0 0 0 0 0 3 7 3 8 3 10 3 10 4 10 3 10 3 10 2 10 3 11 2 12 2 12 2 12 2 12 2 12 2 10 3 13 3 11 3 13 3 12 3 13 3 14 5 13 3 14 3 15 3 14 4 14 0 0 4 15 5 15 4 14 5 15 3 14 5 16 3 16 4 15 3 17 4 17 5 16 4 16 4 16 4 16 5 16 6 14 7 16 6 15 6 16 6 16 5 16 7 16 5 16 6 16 6 16 4 15 0 0 0 0 0 0 0 0 0 0 ]
594,1782980370.167222,16.7806,-69,CSI_DATA,AP,98:F4:AB:29:67:94,-69,11,1,4,1,1,1,1,0,0,0,-96,1,6,1,85314828,0,84,0,0,85.6972,384,[84 -64 4 0 0 0 0 0 0 0 0 0 -11 -7 -10 -7 -11 -9 -11 -8 -12 -8 -10 -8 -10 -9 -10 -9 -9 -9 -9 -10 -11 -9 -11 -11 -12 -10 -12 -11 -10 -10 -11 -11 -10 -10 -11 -10 -11 -11 -11 -12 -11 -12 -13 -12 -12 -11 -12 -12 -13 -12 -12 -12 0 0 -12 -12 -14 -12 -13 -11 -14 -12 -12 -12 -13 -13 -15 -13 -13 -14 -14 -14 -14 -13 -14 -13 -14 -13 -15 -13 -14 -13 -15 -13 -15 -12 -15 -14 -14 -13 -14 -13 -14 -13 -13 -14 -14 -13 -14 -14 -15 -13 -14 -12 -14 -12 0 0 0 0 0 0 0 0 0 0 ]
595,1782980370.258178,16.3246,-68,CSI_DATA,AP,98:F4:AB:29:67:94,-68,11,1,4,1,1,1,1,0,0,0,-96,1,6,1,85403029,0,84,0,0,85.7852,384,[84 -64 4 0 0 0 0 0 0 0 0 0 12 0 12 0 14 1 12 1 14 2 13 3 13 2 13 2 14 3 15 3 14 3 15 4 14 4 15 4 14 4 15 4 14 4 14 2 14 3 15 4 16 5 16 4 15 4 15 4 16 5 17 4 0 0 18 3 18 4 16 4 18 2 16 4 19 3 19 4 18 3 18 4 19 3 19 3 18 4 19 4 18 3 20 2 18 2 20 3 18 1 19 2 18 1 19 2 19 2 19 2 18 1 18 3 17 1 0 0 0 0 0 0 0 0 0 0 ]
596,1782980370.350602,16.0842,-69,CSI_DATA,AP,98:F4:AB:29:67:94,-69,11,1,4,1,1,1,1,0,0,0,-96,1,6,1,85491423,0,84,0,0,85.8737,384,[84 -64 4 0 0 0 0 0 0 0 0 0 9 -6 9 -6 10 -7 11 -6 11 -5 11 -5 11 -6 12 -6 12 -7 13 -5 13 -5 14 -5 13 -5 14 -4 13 -5 13 -6 13 -5 13 -6 12 -5 14 -5 14 -6 15 -7 13 -6 15 -6 15 -6 15 -7 0 0 15 -7 16 -7 16 -8 15 -7 15 -7 16 -8 16 -7 17 -7 17 -7 17 -9 17 -8 17 -7 17 -8 17 -8 16 -9 16 -9 16 -9 15 -8 17 -8 16 -9 17 -9 17 -8 18 -7 17 -8 15 -8 15 -8 0 0 0 0 0 0 0 0 0 0 ]
597,1782980370.440970,17.9526,-68,CSI_DATA,AP,98:F4:AB:29:67:94,-68,11,1,4,1,1,1,1,0,0,0,-96,1,6,1,85581799,0,84,0,0,85.9642,384,[84 -64 4 0 0 0 0 0 0 0 0 0 11 -10 10 -10 11 -11 11 -9 12 -10 11 -8 13 -10 12 -9 13 -10 14 -9 14 -10 15 -9 15 -9 15 -9 14 -8 15 -10 13 -9 14 -10 13 -10 15 -10 16 -10 15 -11 16 -11 15 -11 17 -10 17 -9 0 0 16 -11 18 -13 15 -12 16 -14 16 -11 16 -12 18 -13 18 -12 18 -12 18 -13 17 -13 17 -11 18 -13 17 -12 18 -14 16 -13 19 -14 16 -13 18 -14 18 -14 17 -13 17 -14 18 -14 18 -14 18 -13 16 -12 0 0 0 0 0 0 0 0 0 0 ]
598,1782980370.532676,18.7316,-69,CSI_DATA,AP,98:F4:AB:29:67:94,-69,11,1,4,1,1,1,1,0,0,0,-96,1,6,1,85678514,0,84,0,0,86.0609,384,[84 -64 4 0 0 0 0 0 0 0 0 0 -13 -1 -12 -2 -14 -2 -12 -2 -13 -2 -13 -3 -14 -3 -13 -4 -13 -4 -14 -6 -15 -4 -15 -6 -14 -6 -15 -6 -14 -5 -16 -6 -13 -5 -15 -4 -14 -5 -15 -6 -15 -6 -16 -5 -16 -6 -17 -7 -17 -7 -16 -7 0 0 -16 -8 -18 -8 -17 -6 -18 -6 -16 -6 -18 -7 -19 -8 -18 -9 -20 -8 -18 -6 -20 -8 -17 -8 -17 -9 -17 -9 -16 -6 -14 -11 -21 -8 -19 -7 -17 -7 -17 -8 -18 -9 -18 -8 -18 -9 -18 -7 -17 -8 -17 -8 0 0 0 0 0 0 0 0 0 0 ]
599,1782980370.626510,18.5157,-69,CSI_DATA,AP,98:F4:AB:29:67:94,-69,11,1,5,1,1,1,1,0,0,0,-96,1,6,1,85767530,0,84,0,0,86.1498,384,[84 -64 4 0 0 0 0 0 0 0 0 0 -9 7 -10 7 -11 8 -11 8 -11 7 -10 7 -11 7 -11 7 -11 7 -12 7 -12 7 -13 8 -13 6 -15 7 -13 7 -14 8 -14 7 -13 7 -13 8 -14 7 -14 8 -15 8 -14 8 -14 8 -16 7 -15 8 0 0 -16 9 -17 8 -15 9 -14 9 -15 9 -15 9 -16 9 -17 9 -16 10 -16 10 -16 11 -15 9 -16 11 -17 10 -15 10 -15 12 -17 11 -15 11 -14 10 -14 11 -15 11 -15 10 -16 10 -14 11 -15 10 -15 10 0 0 0 0 0 0 0 0 0 0 ]
600,1782980370.718432,18.3031,-70,CSI_DATA,AP,98:F4:AB:29:67:94,-70,11,1,5,1,1,1,1,0,0,0,-96,1,6,1,85852405,0,84,0,0,86.2347,384,[84 -64 4 0 0 0 0 0 0 0 0 0 10 -8 10 -7 12 -8 12 -7 13 -9 13 -6 13 -7 12 -7 15 -7 15 -6 15 -6 15 -5 16 -5 15 -6 14 -5 16 -6 14 -5 15 -6 13 -7 14 -6 15 -6 16 -7 15 -6 16 -6 17 -5 16 -6 0 0 17 -7 19 -8 17 -7 17 -7 17 -6 18 -7 18 -8 19 -9 19 -9 18 -10 18 -8 18 -6 19 -7 17 -8 18 -9 17 -9 20 -10 18 -9 18 -9 19 -10 19 -8 18 -9 20 -8 20 -9 18 -8 17 -8 0 0 0 0 0 0 0 0 0 0 ]
601,1782980370.810092,19.6799,-70,CSI_DATA,AP,98:F4:AB:29:67:94,-70,11,1,5,1,1,1,1,0,0,0,-96,1,6,1,85945389,0,84,0,0,86.3277,384,[84 -64 4 0 0 0 0 0 0 0 0 0 -7 -11 -6 -12 -6 -13 -7 -13 -6 -12 -6 -13 -6 -14 -6 -14 -6 -14 -5 -13 -7 -14 -5 -16 -5 -16 -5 -16 -4 -16 -6 -18 -5 -16 -6 -16 -6 -14 -6 -16 -6 -18 -7 -17 -6 -18 -6 -19 -7 -19 -7 -19 0 0 -6 -20 -8 -20 -7 -19 -8 -19 -5 -18 -6 -21 -6 -22 -7 -20 -7 -22 -8 -22 -7 -21 -5 -20 -5 -20 -5 -20 -7 -21 -8 -20 -7 -22 -7 -21 -7 -20 -7 -21 -7 -21 -7 -20 -5 -22 -6 -21 -5 -20 -7 -20 0 0 0 0 0 0 0 0 0 0 ]
602,1782980370.902493,18.9402,-70,CSI_DATA,AP,98:F4:AB:29:67:94,-70,11,1,5,1,1,1,1,0,0,0,-96,1,6,1,86032331,0,84,0,0,86.4146,384,[84 -64 4 0 0 0 0 0 0 0 0 0 -2 -15 -2 -15 -2 -16 -1 -15 -2 -16 -1 -15 -1 -16 0 -17 1 -17 1 -16 0 -17 1 -18 0 -18 3 -17 1 -17 2 -17 0 -16 2 -17 0 -17 1 -17 2 -18 2 -17 2 -18 2 -19 2 -18 1 -19 0 0 1 -19 2 -19 2 -19 1 -19 1 -19 2 -20 2 -21 2 -21 3 -21 2 -22 1 -21 2 -21 2 -22 1 -21 1 -21 0 -21 0 -21 0 -20 0 -22 -1 -21 1 -21 1 -22 0 -21 1 -22 0 -20 1 -20 0 0 0 0 0 0 0 0 0 0 ]
603,1782980370.994993,18.2892,-70,CSI_DATA,AP,98:F4:AB:29:67:94,-70,11,1,5,1,1,1,1,0,0,0,-96,1,6,1,86121819,0,84,0,0,86.504,384,[84 -64 4 0 0 0 0 0 0 0 0 0 -12 -4 -13 -3 -13 -4 -13 -4 -13 -5 -13 -4 -13 -5 -13 -6 -13 -5 -14 -6 -14 -5 -14 -6 -15 -7 -15 -7 -15 -6 -15 -7 -14 -6 -14 -7 -14 -7 -14 -7 -15 -7 -15 -7 -15 -7 -15 -8 -16 -9 -17 -8 0 0 -16 -8 -16 -8 -16 -9 -16 -7 -15 -8 -17 -8 -17 -9 -17 -8 -18 -8 -17 -8 -18 -9 -16 -9 -17 -9 -16 -9 -17 -8 -18 -8 -17 -9 -18 -7 -17 -8 -17 -8 -17 -9 -18 -9 -17 -9 -17 -9 -16 -7 -16 -8 0 0 0 0 0 0 0 0 0 0 ]
604,1782980371.086526,18.6758,-70,CSI_DATA,AP,98:F4:AB:29:67:94,-70,11,1,5,1,1,1,1,0,0,0,-96,1,6,1,86212847,0,84,0,0,86.5952,384,[84 -64 4 0 0 0 0 0 0 0 0 0 13 2 13 3 13 2 13 3 13 3 12 3 13 4 13 3 13 4 14 5 13 6 14 7 14 7 14 6 14 6 15 5 15 5 16 5 14 4 16 4 16 6 17 5 16 7 16 7 17 8 17 7 0 0 17 5 19 7 18 5 20 5 17 4 20 5 19 5 21 6 20 7 20 6 19 6 19 7 19 6 19 6 20 5 20 5 21 5 19 5 19 4 20 3 20 4 20 5 20 6 21 5 20 5 19 4 0 0 0 0 0 0 0 0 0 0 ]
605,1782980371.179972,17.1592,-71,CSI_DATA,AP,98:F4:AB:29:67:94,-71,11,1,6,1,1,1,1,0,0,0,-96,1,6,1,86305080,0,84,0,0,86.6874,384,[84 -64 4 0 0 0 0 0 0 0 0 0 -7 10 -6 11 -8 11 -7 11 -9 10 -8 10 -8 11 -8 10 -9 11 -10 10 -10 10 -10 11 -9 11 -10 11 -10 11 -10 12 -8 10 -8 11 -10 10 -10 12 -9 12 -9 13 -10 13 -9 12 -10 13 -10 13 0 0 -10 14 -10 14 -11 13 -9 15 -10 12 -11 14 -12 14 -12 13 -11 15 -11 15 -11 15 -11 15 -11 14 -10 15 -10 15 -11 15 -12 17 -10 15 -10 14 -10 15 -10 15 -11 15 -11 14 -11 15 -10 14 -11 14 0 0 0 0 0 0 0 0 0 0 ]
606,1782980371.273200,17.4609,-69,CSI_DATA,AP,98:F4:AB:29:67:94,-69,11,1,4,1,1,1,1,0,0,0,-96,1,6,1,86395778,0,84,0,0,86.778,384,[84 -64 4 0 0 0 0 0 0 0 0 0 8 10 8 10 9 10 8 11 8 12 7 12 7 12 6 12 8 13 8 14 8 14 8 14 7 13 7 15 8 13 8 15 8 13 8 13 8 14 8 14 8 15 8 15 9 15 9 16 9 16 9 17 0 0 9 16 9 16 10 16 10 16 10 16 10 18 9 18 9 18 10 18 11 18 11 18 10 18 10 17 10 17 10 17 11 17 12 17 11 16 11 17 11 17 10 18 11 18 10 18 11 17 11 16 10 15 0 0 0 0 0 0 0 0 0 0 ]
607,1782980371.363749,19.0960,-70,CSI_DATA,AP,98:F4:AB:29:67:94,-70,11,1,5,1,1,1,1,0,0,0,-96,1,6,1,86484939,0,84,0,0,86.8672,384,[84 -64 4 0 0 0 0 0 0 0 0 0 2 14 1 15 1 15 0 16 0 17 0 15 -2 16 -1 15 -1 17 -1 19 0 19 -2 18 -3 18 -3 18 -2 17 -2 18 0 17 -2 18 -1 18 -3 18 -2 20 -2 19 -2 20 -2 21 -2 20 -2 21 0 0 -1 21 -2 21 -2 22 -1 21 -3 20 -1 22 -3 22 -3 24 -2 23 -1 24 -2 23 -1 21 -2 22 -2 22 -1 23 -1 22 -3 24 0 21 -1 25 0 24 -1 25 -1 23 -2 24 -1 25 -1 24 -1 21 0 0 0 0 0 0 0 0 0 0 ]
608,1782980371.454405,19.0125,-71,CSI_DATA,AP,98:F4:AB:29:67:94,-71,11,1,6,1,1,1,1,0,0,0,-96,1,6,1,86574007,0,84,0,0,86.9563,384,[84 -64 4 0 0 0 0 0 0 0 0 0 -8 10 -9 9 -11 8 -9 9 -12 9 -12 9 -13 7 -10 9 -11 11 -14 9 -13 10 -13 9 -14 8 -13 9 -13 8 -13 9 -13 8 -12 10 -13 9 -14 10 -14 9 -13 12 -14 12 -14 10 -16 10 -14 11 0 0 -14 11 -16 12 -14 11 -15 13 -15 11 -15 13 -16 12 -16 12 -17 13 -18 14 -16 13 -17 13 -16 12 -16 13 -15 13 -13 14 -16 13 -15 13 -15 13 -14 14 -15 15 -14 14 -16 14 -16 12 -16 13 -15 13 0 0 0 0 0 0 0 0 0 0 ]
609,1782980371.546172,19.7318,-71,CSI_DATA,AP,98:F4:AB:29:67:94,-71,11,1,6,1,1,1,1,0,0,0,-96,1,6,1,86661840,0,84,0,0,87.0442,384,[84 -64 4 0 0 0 0 0 0 0 0 0 9 11 7 12 11 13 9 13 8 14 8 12 9 14 8 14 9 14 9 15 9 14 7 15 7 15 7 17 8 15 8 15 8 14 8 15 7 14 8 16 7 16 9 16 9 18 9 16 9 18 8 16 0 0 10 18 9 19 9 19 11 19 10 18 10 18 11 20 11 18 11 19 11 18 10 18 10 19 10 18 11 18 11 20 11 17 12 20 11 18 12 20 12 17 11 20 12 19 12 20 10 17 10 19 10 16 0 0 0 0 0 0 0 0 0 0 ]
610,1782980371.636905,19.8531,-71,CSI_DATA,AP,98:F4:AB:29:67:94,-71,11,1,6,1,1,1,1,0,0,0,-96,1,6,1,86751765,0,84,0,0,87.1341,384,[84 -64 4 0 0 0 0 0 0 0 0 0 -7 -11 -8 -12 -8 -14 -9 -12 -6 -13 -8 -12 -5 -12 -7 -13 -6 -14 -8 -12 -7 -14 -8 -14 -7 -14 -8 -16 -8 -15 -8 -15 -6 -14 -7 -14 -7 -16 -7 -16 -7 -16 -9 -16 -8 -17 -9 -15 -9 -17 -10 -17 0 0 -9 -17 -8 -18 -9 -19 -9 -17 -8 -18 -8 -17 -8 -18 -9 -18 -8 -20 -9 -19 -10 -20 -8 -19 -10 -19 -8 -19 -8 -17 -10 -18 -9 -18 -10 -18 -10 -19 -9 -17 -10 -19 -9 -20 -9 -20 -10 -18 -8 -18 -10 -19 0 0 0 0 0 0 0 0 0 0 ]
611,1782980371.728933,20.5683,-69,CSI_DATA,AP,98:F4:AB:29:67:94,-69,11,1,5,1,1,1,1,0,0,0,-96,1,6,1,86845564,0,84,0,0,87.2279,384,[84 -64 4 0 0 0 0 0 0 0 0 0 -8 -12 -8 -12 -9 -13 -8 -14 -7 -15 -8 -14 -7 -14 -7 -15 -7 -15 -7 -16 -7 -16 -8 -17 -7 -16 -6 -16 -6 -16 -7 -17 -7 -15 -7 -16 -6 -14 -7 -17 -6 -18 -7 -18 -7 -17 -6 -18 -7 -19 -8 -19 0 0 -8 -18 -8 -19 -7 -18 -8 -19 -7 -19 -8 -19 -7 -21 -9 -19 -8 -20 -9 -20 -9 -20 -8 -20 -8 -20 -8 -19 -9 -20 -9 -19 -10 -21 -9 -18 -10 -20 -9 -19 -8 -21 -8 -21 -9 -20 -9 -20 -9 -19 -8 -19 0 0 0 0 0 0 0 0 0 0 ]
612,1782980371.821539,20.9707,-69,CSI_DATA,AP,98:F4:AB:29:67:94,-69,11,1,5,1,1,1,1,0,0,0,-96,1,6,1,86932113,0,84,0,0,87.3144,384,[84 -64 4 0 0 0 0 0 0 0 0 0 -5 -13 -3 -14 -3 -13 -3 -16 -4 -16 -2 -15 -3 -15 -3 -16 -5 -16 -2 -17 -2 -17 -3 -17 -1 -18 -2 -17 -2 -16 -2 -18 -3 -17 -3 -18 -2 -16 -3 -18 -3 -18 -3 -18 -3 -19 -3 -18 -2 -21 -3 -19 0 0 -5 -18 -4 -21 -4 -19 -5 -19 -4 -19 -5 -21 -5 -22 -5 -20 -6 -21 -6 -21 -5 -20 -4 -21 -4 -21 -5 -20 -6 -20 -7 -19 -6 -21 -7 -19 -7 -20 -7 -19 -8 -19 -8 -20 -7 -22 -8 -21 -7 -19 -7 -18 0 0 0 0 0 0 0 0 0 0 ]
613,1782980371.913133,18.5033,-70,CSI_DATA,AP,98:F4:AB:29:67:94,-70,11,1,5,1,1,1,1,0,0,0,-96,1,6,1,87021365,0,84,0,0,87.4037,384,[84 -64 4 0 0 0 0 0 0 0 0 0 0 13 1 12 1 13 1 13 0 13 0 12 -1 13 -1 13 -1 14 -2 14 -1 14 -2 15 -2 14 -3 13 -3 13 -3 14 -1 14 0 14 -1 13 -2 14 -3 15 -2 16 -2 16 -2 15 -3 16 -2 16 0 0 -2 16 -3 17 -1 16 0 18 -3 17 -2 18 -2 18 -2 17 -2 18 -3 18 -2 19 -2 18 -2 17 -1 17 -1 18 0 17 -1 18 -1 17 -1 18 0 18 -1 18 -1 18 -2 19 -1 18 -1 17 -1 18 0 0 0 0 0 0 0 0 0 0 ]
614,1782980372.002892,17.1758,-68,CSI_DATA,AP,98:F4:AB:29:67:94,-68,11,1,4,1,1,1,1,0,0,0,-96,1,6,1,87115563,0,84,0,0,87.4978,384,[84 -64 4 0 0 0 0 0 0 0 0 0 -1 12 -2 11 -2 12 -2 11 -2 13 -2 12 -3 13 -3 12 -4 14 -4 13 -3 14 -4 14 -5 14 -4 14 -5 13 -5 14 -4 14 -5 14 -4 14 -4 14 -5 14 -5 15 -5 15 -4 15 -6 16 -5 15 0 0 -6 16 -5 17 -5 16 -5 17 -5 16 -6 17 -6 17 -6 17 -5 18 -6 18 -5 19 -6 18 -5 18 -4 17 -5 18 -4 18 -5 19 -3 17 -5 19 -4 18 -6 18 -6 18 -5 17 -5 19 -5 16 -5 17 0 0 0 0 0 0 0 0 0 0 ]
615,1782980372.091401,16.1442,-70,CSI_DATA,AP,98:F4:AB:29:67:94,-70,11,1,5,1,1,1,1,0,0,0,-96,1,6,1,87201030,0,84,0,0,87.5834,384,[84 -64 4 0 0 0 0 0 0 0 0 0 -7 -10 -8 -11 -7 -11 -7 -12 -7 -13 -8 -12 -6 -11 -6 -13 -7 -12 -7 -14 -6 -13 -8 -14 -6 -14 -7 -13 -7 -13 -6 -14 -6 -14 -5 -13 -7 -13 -6 -14 -6 -16 -6 -15 -6 -14 -6 -15 -8 -15 -8 -16 0 0 -8 -16 -7 -16 -8 -16 -8 -15 -8 -16 -8 -17 -7 -17 -7 -16 -8 -16 -10 -16 -10 -16 -8 -17 -9 -17 -9 -18 -8 -17 -9 -17 -8 -17 -10 -17 -11 -18 -8 -16 -9 -18 -7 -18 -10 -18 -10 -16 -8 -18 -7 -15 0 0 0 0 0 0 0 0 0 0 ]
616,1782980372.180494,17.9944,-70,CSI_DATA,AP,98:F4:AB:29:67:94,-70,11,1,5,1,1,1,1,0,0,0,-96,1,6,1,87293598,0,84,0,0,87.6759,384,[84 -64 4 0 0 0 0 0 0 0 0 0 -14 5 -13 3 -14 3 -14 2 -15 3 -14 2 -14 1 -14 2 -15 4 -17 2 -17 2 -18 2 -17 1 -16 2 -17 1 -18 2 -16 3 -16 2 -17 2 -17 4 -17 2 -18 2 -19 2 -18 2 -20 3 -19 3 0 0 -19 3 -20 4 -20 4 -20 5 -19 4 -21 5 -21 3 -20 4 -21 4 -22 5 -21 5 -21 4 -21 4 -21 3 -21 5 -20 6 -21 6 -20 4 -21 5 -20 5 -21 5 -21 7 -22 6 -20 6 -20 5 -19 6 0 0 0 0 0 0 0 0 0 0 ]
617,1782980372.267872,17.3103,-69,CSI_DATA,AP,98:F4:AB:29:67:94,-69,11,1,4,1,1,1,1,0,0,0,-96,1,6,1,87381647,0,84,0,0,87.764,384,[84 -64 4 0 0 0 0 0 0 0 0 0 -5 11 -5 10 -5 12 -6 12 -7 13 -6 11 -6 11 -6 11 -7 12 -8 12 -7 12 -9 13 -8 12 -9 12 -7 11 -8 13 -8 12 -8 13 -7 13 -8 13 -8 13 -8 14 -8 15 -9 14 -9 14 -10 14 0 0 -9 15 -9 16 -8 15 -8 16 -8 14 -8 16 -9 16 -10 17 -9 16 -9 16 -10 18 -10 16 -9 16 -9 17 -8 18 -8 16 -9 17 -8 16 -8 18 -8 18 -9 17 -9 17 -9 18 -8 17 -8 15 -8 17 0 0 0 0 0 0 0 0 0 0 ]
618,1782980372.355793,16.8020,-69,CSI_DATA,AP,98:F4:AB:29:67:94,-69,11,1,4,1,1,1,1,0,0,0,-96,1,6,1,87473014,0,84,0,0,87.8553,384,[84 -64 4 0 0 0 0 0 0 0 0 0 9 -7 10 -6 10 -7 11 -7 11 -7 11 -6 12 -6 11 -5 12 -6 12 -5 13 -6 13 -6 14 -6 13 -6 12 -4 14 -5 13 -5 13 -6 12 -6 14 -6 14 -7 15 -7 14 -6 15 -6 16 -5 16 -7 0 0 16 -7 16 -7 17 -7 16 -9 16 -6 17 -7 17 -7 16 -7 17 -7 17 -9 18 -8 17 -6 17 -7 17 -8 16 -8 17 -7 17 -8 16 -8 18 -8 17 -9 17 -9 18 -8 18 -8 17 -8 17 -7 15 -8 0 0 0 0 0 0 0 0 0 0 ]
619,1782980372.441273,16.9986,-68,CSI_DATA,AP,98:F4:AB:29:67:94,-68,11,1,4,1,1,1,1,0,0,0,-96,1,6,1,87567183,0,84,0,0,87.9495,384,[84 -64 4 0 0 0 0 0 0 0 0 0 -11 7 -10 6 -12 7 -12 6 -13 6 -12 6 -13 6 -13 6 -13 6 -14 5 -14 5 -14 5 -14 5 -14 5 -14 5 -15 6 -15 5 -15 5 -15 4 -15 5 -15 5 -15 6 -16 5 -16 6 -16 6 -17 5 0 0 -17 5 -17 6 -16 6 -17 6 -17 5 -18 6 -18 7 -18 6 -19 5 -19 6 -20 6 -18 6 -18 7 -19 6 -18 6 -18 7 -18 7 -18 7 -19 7 -18 7 -19 7 -19 8 -18 7 -19 7 -17 7 -17 7 0 0 0 0 0 0 0 0 0 0 ]
620,1782980372.529118,17.2928,-69,CSI_DATA,AP,98:F4:AB:29:67:94,-69,11,1,4,1,1,1,1,0,0,0,-96,1,6,1,87652592,0,84,0,0,88.0348,384,[84 -64 4 0 0 0 0 0 0 0 0 0 -11 8 -9 7 -12 8 -12 8 -11 8 -11 7 -12 7 -12 7 -12 8 -13 7 -13 7 -14 7 -14 6 -15 5 -13 6 -15 8 -14 7 -14 7 -13 6 -15 7 -15 7 -15 7 -15 7 -16 7 -16 7 -15 7 0 0 -16 7 -17 9 -15 7 -16 9 -15 7 -16 8 -18 8 -18 8 -17 9 -18 10 -17 8 -17 7 -17 7 -17 7 -17 9 -16 9 -17 9 -16 8 -17 8 -17 9 -18 9 -18 9 -19 9 -18 9 -16 8 -17 8 0 0 0 0 0 0 0 0 0 0 ]
621,1782980372.614965,17.8164,-70,CSI_DATA,AP,98:F4:AB:29:67:94,-70,11,1,5,1,1,1,1,0,0,0,-96,1,6,1,87741889,0,84,0,0,88.1242,384,[84 -64 4 0 0 0 0 0 0 0 0 0 11 7 11 8 11 9 11 7 12 8 11 9 11 11 10 10 11 10 11 10 12 10 11 11 12 12 12 11 10 11 12 11 11 11 11 11 11 10 12 11 12 12 11 12 13 13 14 12 12 13 13 12 0 0 13 12 14 12 14 12 16 12 13 12 15 13 14 13 15 14 16 14 16 13 16 13 14 14 15 13 15 12 15 12 16 11 17 12 17 11 16 12 17 12 16 13 16 12 17 14 16 12 15 11 14 11 0 0 0 0 0 0 0 0 0 0 ]
622,1782980372.702152,19.2807,-70,CSI_DATA,AP,98:F4:AB:29:67:94,-70,11,1,5,1,1,1,1,0,0,0,-96,1,6,1,87832747,0,84,0,0,88.2151,384,[84 -64 4 0 0 0 0 0 0 0 0 0 -4 -15 -3 -15 -1 -16 -3 -16 -3 -17 -1 -15 -1 -16 -2 -17 -1 -17 0 -17 -1 -18 -2 -17 0 -17 0 -18 0 -17 0 -17 0 -17 0 -16 0 -15 1 -18 -1 -18 0 -19 -1 -17 1 -18 0 -20 -1 -18 0 0 -1 -19 -1 -20 0 -20 -1 -19 -1 -19 -1 -20 -1 -21 0 -20 -2 -21 -2 -22 -2 -21 -2 -20 -2 -22 -2 -21 -2 -20 -2 -20 -1 -20 -1 -21 -2 -21 -3 -20 -2 -22 -1 -22 -1 -21 -3 -22 -2 -20 -3 -20 0 0 0 0 0 0 0 0 0 0 ]
623,1782980372.789561,19.2414,-68,CSI_DATA,AP,98:F4:AB:29:67:94,-68,11,1,3,1,1,1,1,0,0,0,-96,1,6,1,87924239,0,84,0,0,88.3065,384,[84 -64 4 0 0 0 0 0 0 0 0 0 -15 1 -15 1 -15 0 -16 -1 -16 1 -15 -1 -16 1 -16 -1 -17 0 -18 -1 -16 -1 -17 -2 -17 -3 -18 -3 -16 -3 -19 -3 -16 -2 -17 -2 -17 -2 -17 -1 -18 -2 -19 -1 -18 -2 -20 -2 -19 -3 -20 -2 0 0 -21 -2 -21 -2 -19 -3 -20 0 -20 -2 -20 -2 -21 -3 -22 -3 -21 -1 -23 -2 -24 -1 -21 -2 -22 -2 -22 -2 -23 -1 -21 0 -23 -1 -22 -1 -22 0 -24 0 -22 -2 -23 -1 -23 -3 -23 -2 -22 -3 -21 -1 0 0 0 0 0 0 0 0 0 0 ]
624,1782980372.875809,18.6512,-70,CSI_DATA,AP,98:F4:AB:29:67:94,-70,11,1,5,1,1,1,1,0,0,0,-96,1,6,1,88011798,0,84,0,0,88.3941,384,[84 -64 4 0 0 0 0 0 0 0 0 0 7 13 6 11 6 12 6 13 5 14 4 11 5 13 6 13 5 13 4 14 4 15 4 15 5 15 5 15 5 14 5 16 4 14 4 16 5 15 5 13 6 15 5 18 4 16 5 18 4 17 6 17 0 0 6 16 7 18 6 17 8 18 5 16 6 18 7 19 7 19 6 18 6 20 8 19 6 19 6 18 6 18 9 18 6 16 8 19 7 17 7 19 7 19 8 17 8 19 8 18 9 17 9 19 7 17 0 0 0 0 0 0 0 0 0 0 ]
625,1782980372.964667,19.3067,-70,CSI_DATA,AP,98:F4:AB:29:67:94,-70,11,1,5,1,1,1,1,0,0,0,-96,1,6,1,88101888,0,84,0,0,88.4842,384,[84 -64 4 0 0 0 0 0 0 0 0 0 12 -6 12 -6 13 -6 13 -5 14 -4 13 -4 14 -6 13 -5 14 -5 16 -4 16 -4 15 -4 16 -3 16 -4 14 -4 16 -3 15 -5 15 -3 16 -4 17 -4 16 -4 17 -4 17 -3 18 -4 19 -4 18 -5 0 0 18 -4 19 -5 19 -6 19 -5 18 -5 19 -5 20 -5 20 -5 19 -6 21 -6 20 -5 20 -5 20 -5 19 -5 20 -5 17 -5 21 -5 19 -6 20 -5 18 -6 19 -6 20 -5 21 -5 19 -6 20 -5 19 -5 0 0 0 0 0 0 0 0 0 0 ]
626,1782980373.056376,17.9968,-70,CSI_DATA,AP,98:F4:AB:29:67:94,-70,11,1,5,1,1,1,1,0,0,0,-96,1,6,1,88194319,0,84,0,0,88.5766,384,[84 -64 4 0 0 0 0 0 0 0 0 0 -12 3 -12 3 -15 3 -14 3 -14 2 -14 1 -13 3 -13 1 -14 2 -13 0 -15 2 -15 2 -16 1 -15 0 -14 0 -14 1 -15 0 -14 1 -14 1 -14 4 -16 0 -18 0 -16 2 -15 0 -16 3 -17 3 0 0 -18 4 -17 4 -16 3 -19 3 -19 4 -17 2 -18 2 -17 3 -17 1 -18 3 -18 3 -18 3 -18 3 -18 3 -18 4 -18 4 -19 3 -18 4 -19 4 -18 4 -19 3 -19 3 -19 3 -19 4 -19 3 -18 3 0 0 0 0 0 0 0 0 0 0 ]
627,1782980373.147153,16.7918,-68,CSI_DATA,AP,98:F4:AB:29:67:94,-68,11,1,4,1,1,1,1,0,0,0,-96,1,6,1,88283818,0,84,0,0,88.6661,384,[84 -64 4 0 0 0 0 0 0 0 0 0 3 -12 4 -12 4 -11 5 -12 6 -12 4 -12 6 -12 5 -12 6 -12 6 -13 6 -14 7 -13 7 -12 6 -13 6 -13 8 -14 7 -14 7 -14 6 -13 7 -14 8 -13 7 -15 8 -14 7 -15 8 -15 9 -16 0 0 8 -15 8 -16 9 -16 8 -17 7 -15 8 -16 9 -17 8 -16 9 -18 9 -18 8 -18 9 -17 9 -17 9 -17 8 -18 8 -18 8 -18 8 -17 7 -18 7 -18 8 -18 8 -18 9 -17 8 -18 8 -17 8 -17 0 0 0 0 0 0 0 0 0 0 ]
628,1782980373.238483,16.0237,-69,CSI_DATA,AP,98:F4:AB:29:67:94,-69,11,1,4,1,1,1,1,0,0,0,-96,1,6,1,88373042,0,84,0,0,88.7552,384,[84 -64 4 0 0 0 0 0 0 0 0 0 -5 12 -5 10 -6 13 -6 11 -7 12 -6 11 -6 12 -7 11 -7 11 -7 11 -8 11 -9 11 -8 11 -9 13 -8 10 -8 13 -7 11 -8 13 -8 12 -9 12 -9 13 -9 13 -10 13 -10 13 -10 13 -9 14 0 0 -9 13 -10 15 -9 14 -9 16 -9 14 -8 15 -10 15 -10 16 -9 15 -10 16 -9 16 -11 15 -11 15 -9 15 -9 17 -8 16 -10 16 -9 16 -9 16 -9 16 -10 17 -9 17 -10 16 -10 16 -10 16 -9 15 0 0 0 0 0 0 0 0 0 0 ]
629,1782980373.330331,15.5478,-68,CSI_DATA,AP,98:F4:AB:29:67:94,-68,11,1,4,1,1,1,1,0,0,0,-96,1,6,1,88463810,0,84,0,0,88.8461,384,[84 -64 4 0 0 0 0 0 0 0 0 0 -3 11 -3 10 -5 11 -3 11 -5 13 -5 11 -4 12 -5 12 -5 13 -6 13 -5 13 -6 13 -7 13 -6 12 -6 12 -6 14 -5 13 -5 13 -5 13 -6 13 -6 13 -5 15 -6 14 -6 15 -6 15 -6 15 0 0 -6 17 -5 18 -6 17 -5 17 -6 16 -6 17 -6 18 -6 17 -7 18 -6 19 -6 18 -7 17 -6 18 -6 18 -5 19 -5 18 -5 20 -5 18 -6 19 -5 19 -6 18 -6 19 -6 18 -6 18 -5 17 -5 16 0 0 0 0 0 0 0 0 0 0 ]
630,1782980373.417582,16.5572,-68,CSI_DATA,AP,98:F4:AB:29:67:94,-68,11,1,4,1,1,1,1,0,0,0,-96,1,6,1,88553060,0,84,0,0,88.9354,384,[84 -64 4 0 0 0 0 0 0 0 0 0 -3 -13 -3 -12 -3 -14 -3 -13 -3 -14 -2 -13 -1 -14 -2 -14 -2 -15 -2 -15 -1 -16 -2 -16 -2 -16 0 -17 0 -15 0 -16 -1 -15 -1 -15 -1 -16 0 -17 -1 -17 -1 -17 1 -18 0 -17 -1 -18 0 -18 0 0 0 -19 0 -19 0 -19 0 -18 0 -17 0 -18 1 -20 0 -19 1 -20 0 -20 -1 -20 1 -19 1 -20 0 -19 0 -18 -1 -20 0 -20 0 -19 1 -19 1 -19 2 -20 1 -19 1 -20 1 -19 -1 -19 0 -18 0 0 0 0 0 0 0 0 0 0 ]
631,1782980373.504119,18.1770,-68,CSI_DATA,AP,98:F4:AB:29:67:94,-68,11,1,4,1,1,1,1,0,0,0,-96,1,6,1,88642135,0,84,0,0,89.0245,384,[84 -64 4 0 0 0 0 0 0 0 0 0 -10 -8 -9 -8 -10 -9 -10 -9 -10 -11 -10 -10 -9 -10 -10 -10 -9 -9 -10 -11 -11 -11 -10 -12 -10 -12 -10 -12 -10 -11 -11 -12 -10 -11 -10 -10 -11 -12 -10 -12 -12 -12 -12 -11 -12 -13 -11 -12 -12 -15 -12 -13 0 0 -14 -13 -12 -13 -13 -13 -15 -13 -14 -12 -14 -13 -14 -13 -14 -14 -15 -13 -16 -13 -15 -13 -14 -14 -13 -13 -15 -13 -15 -12 -15 -12 -16 -14 -15 -13 -15 -12 -16 -12 -15 -13 -15 -13 -15 -14 -15 -13 -15 -13 -14 -12 0 0 0 0 0 0 0 0 0 0 ]
632,1782980373.591829,18.9924,-69,CSI_DATA,AP,98:F4:AB:29:67:94,-69,11,1,4,1,1,1,1,0,0,0,-96,1,6,1,88733072,0,84,0,0,89.1154,384,[84 -64 4 0 0 0 0 0 0 0 0 0 -10 -9 -8 -9 -9 -10 -9 -10 -9 -11 -7 -11 -9 -11 -8 -11 -9 -11 -9 -13 -9 -13 -8 -14 -8 -13 -8 -13 -8 -13 -8 -14 -9 -13 -9 -12 -9 -13 -8 -13 -9 -14 -10 -14 -9 -14 -10 -15 -9 -16 -10 -15 0 0 -10 -15 -12 -15 -10 -14 -11 -15 -10 -14 -10 -16 -11 -15 -11 -16 -11 -15 -12 -16 -12 -16 -10 -16 -11 -16 -10 -15 -12 -16 -12 -14 -13 -16 -12 -15 -12 -16 -12 -15 -12 -15 -12 -16 -12 -16 -13 -15 -12 -16 -11 -14 0 0 0 0 0 0 0 0 0 0 ]
633,1782980373.680269,20.2201,-68,CSI_DATA,AP,98:F4:AB:29:67:94,-68,11,1,4,1,1,1,1,0,0,0,-96,1,6,1,88823776,0,84,0,0,89.2061,384,[84 -64 4 0 0 0 0 0 0 0 0 0 -15 -2 -14 -3 -14 -3 -15 -3 -17 -3 -15 -3 -15 -4 -17 -5 -16 -5 -17 -5 -17 -5 -17 -6 -17 -6 -17 -6 -15 -6 -18 -6 -17 -4 -18 -4 -18 -5 -18 -5 -18 -6 -18 -5 -20 -6 -19 -4 -19 -7 -19 -6 0 0 -19 -6 -22 -5 -20 -4 -20 -5 -19 -6 -21 -6 -22 -6 -20 -6 -22 -5 -23 -6 -22 -6 -20 -7 -20 -5 -21 -6 -22 -5 -21 -4 -22 -6 -22 -5 -22 -5 -23 -5 -20 -6 -22 -5 -22 -6 -21 -4 -21 -5 -21 -5 0 0 0 0 0 0 0 0 0 0 ]
634,1782980373.772525,18.9354,-69,CSI_DATA,AP,98:F4:AB:29:67:94,-69,11,1,4,1,1,1,1,0,0,0,-96,1,6,1,88913015,0,84,0,0,89.2953,384,[84 -64 4 0 0 0 0 0 0 0 0 0 -3 -13 -2 -14 -2 -13 -1 -13 0 -14 -1 -14 -1 -13 0 -15 0 -15 0 -15 1 -15 1 -15 0 -16 1 -16 0 -15 1 -15 0 -15 0 -15 1 -16 1 -16 0 -17 0 -17 0 -17 0 -17 0 -17 0 -17 0 0 0 -18 -1 -18 0 -17 -1 -17 0 -17 0 -18 0 -19 0 -19 -1 -20 -1 -20 -2 -19 -1 -19 -1 -19 0 -19 -1 -20 -1 -19 -2 -20 -2 -19 -2 -19 -1 -19 -2 -19 -1 -20 -2 -19 -4 -20 -2 -18 -2 -18 0 0 0 0 0 0 0 0 0 0 ]
635,1782980373.862709,19.8024,-70,CSI_DATA,AP,98:F4:AB:29:67:94,-70,11,1,5,1,1,1,1,0,0,0,-96,1,6,1,89004740,0,84,0,0,89.387,384,[84 -64 4 0 0 0 0 0 0 0 0 0 3 -14 3 -15 3 -15 4 -15 2 -15 5 -15 4 -16 5 -14 5 -17 5 -15 5 -15 6 -17 7 -16 6 -17 6 -16 5 -16 5 -16 5 -15 6 -17 5 -18 5 -17 5 -18 5 -17 6 -18 6 -19 6 -19 0 0 5 -19 5 -20 5 -19 4 -21 4 -20 5 -21 5 -21 5 -21 5 -21 4 -22 3 -22 5 -21 4 -21 5 -21 5 -21 3 -22 5 -22 4 -21 4 -21 2 -22 3 -21 3 -22 3 -21 3 -21 4 -21 4 -21 0 0 0 0 0 0 0 0 0 0 ]
636,1782980373.952888,19.1452,-70,CSI_DATA,AP,98:F4:AB:29:67:94,-70,11,1,5,1,1,1,1,0,0,0,-96,1,6,1,89092152,0,84,0,0,89.4744,384,[84 -64 4 0 0 0 0 0 0 0 0 0 9 -8 10 -7 12 -10 13 -9 13 -7 12 -7 12 -9 13 -7 14 -8 14 -7 16 -8 14 -7 15 -8 15 -8 15 -7 14 -8 13 -8 15 -8 13 -9 14 -9 15 -9 16 -8 15 -9 17 -11 16 -10 15 -9 0 0 15 -10 17 -11 16 -11 15 -12 14 -12 15 -12 17 -12 15 -13 17 -14 17 -12 17 -12 16 -12 16 -12 16 -12 15 -13 15 -14 15 -15 14 -13 15 -13 15 -15 14 -14 14 -15 15 -15 15 -14 15 -13 14 -14 0 0 0 0 0 0 0 0 0 0 ]
637,1782980374.041369,19.1242,-69,CSI_DATA,AP,98:F4:AB:29:67:94,-69,11,1,5,1,1,1,1,0,0,0,-96,1,6,1,89183332,0,84,0,0,89.5656,384,[84 -64 4 0 0 0 0 0 0 0 0 0 -11 11 -10 10 -12 10 -11 11 -12 10 -11 8 -13 10 -12 8 -13 9 -13 9 -14 11 -14 9 -15 8 -14 9 -13 8 -14 9 -14 8 -13 8 -14 8 -15 9 -16 9 -15 10 -15 10 -15 10 -17 9 -16 10 0 0 -16 10 -16 11 -16 10 -17 12 -16 11 -17 12 -18 11 -18 12 -17 11 -18 11 -18 11 -18 11 -17 11 -17 10 -18 12 -17 12 -18 12 -17 12 -18 13 -19 11 -19 10 -19 12 -18 11 -18 13 -17 11 -17 11 0 0 0 0 0 0 0 0 0 0 ]
638,1782980374.131348,19.4086,-70,CSI_DATA,AP,98:F4:AB:29:67:94,-70,11,1,5,1,1,1,1,0,0,0,-96,1,6,1,89272314,0,84,0,0,89.6546,384,[84 -64 4 0 0 0 0 0 0 0 0 0 15 -3 16 -3 16 -2 16 -2 15 -1 15 -1 17 -2 15 0 17 -1 16 0 17 0 18 -1 18 0 16 1 16 1 18 0 16 0 17 0 18 -1 19 0 18 1 19 -2 20 -1 19 -1 20 -1 20 1 0 0 21 -2 21 0 22 -2 21 -1 20 -1 23 -3 23 -2 22 -1 22 -1 23 -1 23 -2 23 -1 23 -1 24 -1 23 -1 24 -2 23 -2 22 -2 23 -3 23 -2 24 -2 24 -1 23 -1 25 -1 23 0 22 -2 0 0 0 0 0 0 0 0 0 0 ]
639,1782980374.222381,18.6813,-69,CSI_DATA,AP,98:F4:AB:29:67:94,-69,11,1,4,1,1,1,1,0,0,0,-96,1,6,1,89364352,0,84,0,0,89.7466,384,[84 -64 4 0 0 0 0 0 0 0 0 0 0 -13 0 -12 0 -13 0 -13 0 -14 1 -14 0 -14 0 -15 1 -14 2 -14 2 -14 3 -14 2 -16 3 -15 2 -14 2 -16 1 -15 1 -15 1 -15 1 -16 2 -16 0 -17 2 -16 2 -17 3 -18 1 -16 0 0 1 -17 2 -19 1 -17 1 -19 2 -17 0 -18 1 -19 2 -18 1 -19 1 -21 2 -20 3 -19 2 -19 1 -19 1 -20 1 -20 1 -21 1 -19 1 -20 0 -19 1 -20 1 -20 2 -21 1 -19 2 -20 1 -18 0 0 0 0 0 0 0 0 0 0 ]
640,1782980374.312820,18.1289,-70,CSI_DATA,AP,98:F4:AB:29:67:94,-70,11,1,5,1,1,1,1,0,0,0,-96,1,6,1,89453831,0,84,0,0,89.8362,384,[84 -64 4 0 0 0 0 0 0 0 0 0 -7 10 -7 10 -7 10 -8 10 -8 11 -8 9 -9 9 -10 9 -9 10 -11 10 -10 11 -11 10 -11 10 -11 11 -11 9 -11 10 -10 11 -11 11 -10 10 -11 11 -11 11 -10 12 -12 11 -12 13 -13 12 -12 12 0 0 -12 13 -12 13 -11 13 -11 14 -12 12 -13 13 -12 13 -12 12 -13 14 -13 14 -12 14 -13 14 -12 13 -11 13 -12 14 -10 14 -13 16 -11 14 -11 15 -12 15 -11 14 -13 14 -12 14 -14 16 -11 11 -11 13 0 0 0 0 0 0 0 0 0 0 ]
641,1782980374.402580,17.7355,-69,CSI_DATA,AP,98:F4:AB:29:67:94,-69,11,1,5,1,1,1,1,0,0,0,-96,1,6,1,89543484,0,84,0,0,89.9258,384,[84 -64 4 0 0 0 0 0 0 0 0 0 -12 5 -11 5 -13 7 -12 6 -12 4 -11 5 -13 5 -12 5 -14 5 -13 5 -14 5 -15 5 -15 4 -16 3 -15 4 -17 6 -17 3 -16 4 -13 0 -15 7 -16 4 -16 7 -16 6 -17 6 -17 5 -17 6 0 0 -17 7 -18 7 -16 6 -16 7 -17 6 -17 8 -19 7 -18 6 -18 7 -17 9 -19 8 -17 7 -17 8 -16 6 -17 8 -17 9 -17 7 -17 9 -18 8 -17 8 -17 8 -18 8 -18 7 -17 8 -16 7 -14 7 0 0 0 0 0 0 0 0 0 0 ]
642,1782980374.493052,17.6072,-70,CSI_DATA,AP,98:F4:AB:29:67:94,-70,11,1,5,1,1,1,1,0,0,0,-96,1,6,1,89636255,0,84,0,0,90.0186,384,[84 -64 4 0 0 0 0 0 0 0 0 0 -13 1 -12 1 -14 1 -14 1 -12 1 -13 -1 -13 0 -14 -1 -14 0 -13 -1 -15 0 -14 -1 -16 0 -16 -2 -15 -1 -15 -2 -15 -1 -14 -2 -14 -1 -16 -3 -16 -1 -17 -2 -17 -2 -16 -2 -18 -2 -17 -2 0 0 -16 -2 -17 -2 -18 -1 -18 -1 -18 -2 -17 -2 -19 -2 -19 -2 -19 -2 -20 -1 -19 -1 -18 -2 -19 -1 -18 -2 -19 -1 -19 -1 -19 -1 -17 -2 -18 -3 -19 -1 -18 -1 -18 -2 -18 -1 -19 -2 -18 -2 -18 -1 0 0 0 0 0 0 0 0 0 0 ]
643,1782980374.582650,16.9154,-70,CSI_DATA,AP,98:F4:AB:29:67:94,-70,11,1,5,1,1,1,1,0,0,0,-96,1,6,1,89725603,0,84,0,0,90.1079,384,[84 -64 4 0 0 0 0 0 0 0 0 0 9 -8 10 -8 10 -8 10 -8 11 -8 10 -6 10 -7 11 -7 11 -8 11 -7 13 -8 13 -8 13 -7 13 -7 13 -6 12 -7 13 -8 11 -8 12 -8 12 -8 13 -8 14 -9 13 -9 14 -9 14 -9 14 -8 0 0 15 -9 14 -10 14 -10 13 -10 13 -9 14 -11 15 -11 14 -11 15 -12 15 -11 15 -12 14 -10 16 -10 15 -12 15 -11 14 -11 15 -12 14 -11 14 -12 14 -12 15 -13 15 -12 16 -12 14 -12 14 -11 15 -10 0 0 0 0 0 0 0 0 0 0 ]
644,1782980374.671842,16.9006,-70,CSI_DATA,AP,98:F4:AB:29:67:94,-70,11,1,5,1,1,1,1,0,0,0,-96,1,6,1,89813727,0,84,0,0,90.196,384,[84 -64 4 0 0 0 0 0 0 0 0 0 -8 -10 -8 -10 -8 -11 -7 -11 -8 -12 -7 -11 -7 -12 -6 -12 -8 -12 -7 -13 -8 -14 -7 -14 -7 -14 -7 -14 -7 -13 -9 -14 -7 -12 -8 -13 -8 -13 -8 -13 -8 -15 -9 -14 -9 -15 -8 -16 -8 -16 -8 -15 0 0 -10 -15 -10 -16 -9 -15 -11 -15 -9 -15 -10 -15 -10 -16 -11 -17 -10 -16 -11 -16 -12 -16 -10 -16 -11 -16 -10 -15 -11 -16 -12 -14 -12 -17 -12 -14 -11 -16 -12 -15 -11 -16 -12 -16 -12 -17 -11 -14 -11 -14 -12 -14 0 0 0 0 0 0 0 0 0 0 ]
645,1782980374.761921,17.0867,-70,CSI_DATA,AP,98:F4:AB:29:67:94,-70,11,1,5,1,1,1,1,0,0,0,-96,1,6,1,89901344,0,84,0,0,90.2837,384,[84 -64 4 0 0 0 0 0 0 0 0 0 -8 10 -8 9 -10 10 -9 9 -10 9 -10 10 -9 10 -10 9 -10 9 -12 10 -11 9 -11 11 -12 11 -12 10 -11 8 -12 10 -11 10 -11 9 -10 9 -11 9 -12 10 -12 11 -11 11 -12 11 -13 11 -13 11 0 0 -12 11 -13 12 -13 12 -12 12 -12 11 -14 12 -14 11 -13 12 -14 13 -13 13 -14 14 -13 13 -14 13 -13 13 -13 13 -12 13 -13 13 -13 14 -14 14 -13 14 -13 13 -14 13 -13 13 -13 13 -13 13 -12 12 0 0 0 0 0 0 0 0 0 0 ]
646,1782980374.851728,17.3555,-70,CSI_DATA,AP,98:F4:AB:29:67:94,-70,11,1,5,1,1,1,1,0,0,0,-96,1,6,1,89991340,0,84,0,0,90.3736,384,[84 -64 4 0 0 0 0 0 0 0 0 0 9 8 9 6 9 8 8 8 9 9 8 9 8 9 8 10 9 9 8 10 9 11 9 10 8 11 9 11 9 10 10 11 9 10 9 11 9 12 9 12 9 12 10 12 9 12 9 12 9 13 11 13 0 0 11 14 11 13 10 13 11 13 10 13 11 13 11 14 10 13 12 15 12 15 12 15 11 13 11 15 12 14 11 13 11 13 12 15 11 13 12 14 12 12 11 14 11 15 11 14 11 14 11 13 11 14 0 0 0 0 0 0 0 0 0 0 ]
647,1782980374.941164,17.3591,-70,CSI_DATA,AP,98:F4:AB:29:67:94,-70,11,1,5,1,1,1,1,0,0,0,-96,1,6,1,90081032,0,84,0,0,90.4634,384,[84 -64 4 0 0 0 0 0 0 0 0 0 8 -11 7 -10 8 -11 8 -10 9 -10 7 -10 8 -10 9 -10 9 -11 10 -9 8 -11 11 -11 11 -11 11 -10 10 -11 10 -11 9 -11 9 -11 10 -11 10 -11 10 -11 11 -13 11 -12 11 -13 11 -13 12 -13 0 0 11 -13 12 -14 10 -14 12 -14 11 -12 11 -13 13 -15 12 -15 11 -15 11 -16 12 -16 11 -14 12 -14 12 -15 11 -16 11 -16 11 -16 11 -15 10 -15 11 -15 11 -16 10 -17 10 -16 11 -16 11 -16 10 -15 0 0 0 0 0 0 0 0 0 0 ]
648,1782980375.030621,18.1126,-70,CSI_DATA,AP,98:F4:AB:29:67:94,-70,11,1,5,1,1,1,1,0,0,0,-96,1,6,1,90175795,0,84,0,0,90.5581,384,[84 -64 4 0 0 0 0 0 0 0 0 0 -3 12 -4 13 -6 14 -5 14 -5 15 -6 12 -6 14 -7 14 -5 14 -7 14 -7 15 -8 16 -9 14 -8 14 -7 13 -6 14 -7 13 -6 13 -7 13 -5 13 -8 14 -6 15 -10 14 -9 16 -9 16 -8 15 0 0 -9 15 -8 17 -8 16 -7 17 -8 16 -8 17 -8 18 -9 18 -8 17 -9 19 -9 18 -10 19 -9 17 -9 17 -9 18 -8 18 -9 20 -7 19 -9 18 -7 18 -9 18 -9 18 -10 20 -9 19 -8 17 -9 18 0 0 0 0 0 0 0 0 0 0 ]
649,1782980375.120271,18.3455,-70,CSI_DATA,AP,98:F4:AB:29:67:94,-70,11,1,5,1,1,1,1,0,0,0,-96,1,6,1,90267786,0,84,0,0,90.6501,384,[84 -64 4 0 0 0 0 0 0 0 0 0 11 -8 13 -8 13 -8 13 -7 14 -7 13 -5 13 -6 14 -6 14 -7 14 -6 15 -6 14 -5 14 -5 15 -5 13 -5 15 -6 14 -6 14 -6 13 -6 14 -7 14 -6 14 -6 15 -7 16 -8 17 -7 16 -8 0 0 16 -8 17 -8 17 -7 16 -9 17 -7 18 -9 17 -9 18 -9 18 -9 19 -9 18 -10 18 -8 17 -9 19 -9 19 -11 18 -9 20 -10 18 -11 19 -10 19 -10 19 -9 19 -10 19 -10 19 -9 19 -9 18 -9 0 0 0 0 0 0 0 0 0 0 ]
650,1782980375.209814,16.9576,-70,CSI_DATA,AP,98:F4:AB:29:67:94,-70,11,1,5,1,1,1,1,0,0,0,-96,1,6,1,90353677,0,84,0,0,90.736,384,[84 -64 4 0 0 0 0 0 0 0 0 0 -7 11 -7 10 -8 11 -8 12 -8 11 -7 10 -10 10 -8 11 -9 10 -9 10 -9 11 -9 10 -10 10 -10 9 -9 11 -9 12 -9 10 -9 10 -10 10 -9 11 -9 11 -10 12 -10 12 -9 11 -10 12 -10 12 0 0 -10 12 -11 14 -11 13 -10 13 -9 12 -12 14 -12 14 -11 14 -12 15 -12 14 -11 15 -11 14 -10 15 -11 13 -12 14 -10 14 -11 14 -9 15 -12 14 -12 15 -11 14 -11 15 -11 15 -10 14 -10 14 -9 13 0 0 0 0 0 0 0 0 0 0 ]
651,1782980375.299913,17.4922,-70,CSI_DATA,AP,98:F4:AB:29:67:94,-70,11,1,5,1,1,1,1,0,0,0,-96,1,6,1,90445943,0,84,0,0,90.8283,384,[84 -64 4 0 0 0 0 0 0 0 0 0 -13 1 -13 1 -14 0 -13 0 -14 -2 -15 -2 -13 -1 -14 -1 -14 0 -15 -2 -15 -1 -15 -1 -15 -1 -15 -2 -14 -2 -15 -2 -15 -1 -15 -2 -15 -2 -14 -2 -17 -1 -16 -2 -16 -2 -17 -2 -18 -2 -16 -1 0 0 -18 -1 -18 -1 -18 -2 -18 -1 -18 -1 -19 -2 -19 0 -19 -1 -20 -1 -21 -1 -19 0 -19 -1 -18 -1 -18 -1 -19 -1 -19 0 -20 -1 -18 0 -19 0 -20 0 -20 -1 -19 0 -20 -1 -19 0 -19 -1 -19 -1 0 0 0 0 0 0 0 0 0 0 ]
652,1782980375.391829,18.0393,-70,CSI_DATA,AP,98:F4:AB:29:67:94,-70,11,1,5,1,1,1,1,0,0,0,-96,1,6,1,90531020,0,84,0,0,90.9132,384,[84 -64 4 0 0 0 0 0 0 0 0 0 -9 11 -10 11 -10 12 -10 11 -10 10 -10 10 -11 11 -12 8 -11 11 -12 10 -12 10 -12 11 -12 10 -12 11 -13 10 -12 10 -11 11 -12 11 -12 11 -13 11 -14 11 -14 12 -13 12 -14 12 -14 12 -15 12 0 0 -14 13 -15 14 -14 13 -14 14 -15 12 -15 13 -15 14 -15 13 -14 14 -15 14 -14 16 -15 13 -15 15 -14 14 -13 15 -14 15 -15 15 -14 15 -15 13 -15 14 -15 14 -16 14 -16 15 -14 15 -14 14 -14 13 0 0 0 0 0 0 0 0 0 0 ]
653,1782980375.482977,18.7147,-70,CSI_DATA,AP,98:F4:AB:29:67:94,-70,11,1,5,1,1,1,1,0,0,0,-96,1,6,1,90623603,0,84,0,0,91.0059,384,[84 -64 4 0 0 0 0 0 0 0 0 0 5 12 4 13 4 14 4 13 3 14 3 13 4 14 2 14 3 15 3 14 4 15 2 16 2 15 2 16 3 14 3 16 2 15 3 15 3 15 3 15 2 16 3 16 4 16 2 18 3 19 3 18 0 0 3 17 3 19 4 19 4 19 3 19 3 19 3 20 3 19 4 20 4 20 5 21 4 19 3 20 4 21 4 20 5 19 4 21 5 21 4 20 3 20 4 20 4 20 3 20 4 20 4 20 4 18 0 0 0 0 0 0 0 0 0 0 ]
654,1782980375.572295,18.8459,-70,CSI_DATA,AP,98:F4:AB:29:67:94,-70,11,1,5,1,1,1,1,0,0,0,-96,1,6,1,90712867,0,84,0,0,91.0952,384,[84 -64 4 0 0 0 0 0 0 0 0 0 -12 -2 -13 -3 -14 -4 -13 -4 -13 -4 -13 -4 -13 -5 -13 -5 -14 -4 -14 -4 -14 -5 -14 -5 -15 -6 -14 -6 -14 -6 -14 -7 -13 -4 -14 -5 -15 -6 -14 -5 -15 -6 -16 -6 -15 -6 -15 -6 -16 -5 -16 -6 0 0 -16 -6 -16 -6 -18 -6 -17 -6 -17 -6 -18 -6 -18 -5 -17 -6 -18 -6 -18 -5 -18 -5 -17 -6 -18 -6 -17 -6 -17 -6 -17 -5 -18 -4 -16 -5 -18 -5 -18 -5 -18 -6 -18 -5 -19 -6 -18 -6 -18 -5 -18 -4 0 0 0 0 0 0 0 0 0 0 ]
655,1782980375.662946,17.9160,-70,CSI_DATA,AP,98:F4:AB:29:67:94,-70,11,1,5,1,1,1,1,0,0,0,-96,1,6,1,90803193,0,84,0,0,91.1855,384,[84 -64 4 0 0 0 0 0 0 0 0 0 11 -4 11 -2 12 -3 12 -3 13 -3 11 -2 13 -3 13 -3 13 -3 14 -2 14 -2 14 -3 14 -2 15 -2 13 -2 15 -1 15 -3 14 -3 14 -2 14 -3 16 -2 16 -3 17 -1 16 -2 17 -1 16 -2 0 0 16 -3 18 -3 16 -3 18 -3 16 -2 17 -3 18 -3 17 -3 19 -3 19 -3 18 -4 17 -2 18 -3 17 -4 18 -5 17 -5 19 -4 17 -4 17 -5 17 -5 18 -4 19 -4 19 -4 17 -4 17 -4 16 -3 0 0 0 0 0 0 0 0 0 0 ]
656,1782980375.752844,16.8474,-69,CSI_DATA,AP,98:F4:AB:29:67:94,-69,11,1,4,1,1,1,1,0,0,0,-96,1,6,1,90893046,0,84,0,0,91.2753,384,[84 -64 4 0 0 0 0 0 0 0 0 0 11 3 11 3 11 4 11 4 12 4 11 5 12 4 11 5 13 5 12 7 12 6 12 7 12 6 12 7 11 6 13 6 12 5 13 6 13 7 14 7 14 7 14 6 14 7 15 6 14 8 15 7 0 0 13 7 16 7 15 7 16 6 15 7 17 7 16 8 16 7 16 7 18 8 17 8 15 8 17 8 16 7 17 6 17 6 18 8 17 7 18 7 17 7 17 8 18 7 17 9 18 7 16 7 16 7 0 0 0 0 0 0 0 0 0 0 ]
657,1782980375.843945,16.6194,-70,CSI_DATA,AP,98:F4:AB:29:67:94,-70,11,1,5,1,1,1,1,0,0,0,-96,1,6,1,90984531,0,84,0,0,91.3668,384,[84 -64 4 0 0 0 0 0 0 0 0 0 13 2 12 3 14 2 14 3 15 4 13 3 13 3 14 5 14 5 14 6 14 5 15 7 14 6 14 6 15 6 15 6 14 4 14 4 14 6 15 5 15 6 16 6 16 6 17 5 16 6 17 7 0 0 16 5 17 5 18 5 18 4 16 5 19 5 20 5 20 5 19 6 20 5 18 5 19 6 19 7 18 5 19 4 19 5 20 5 20 3 20 5 20 3 20 5 20 5 20 5 20 5 19 5 19 4 0 0 0 0 0 0 0 0 0 0 ]
658,1782980375.933635,17.4706,-70,CSI_DATA,AP,98:F4:AB:29:67:94,-70,11,1,5,1,1,1,1,0,0,0,-96,1,6,1,91072568,0,84,0,0,91.4549,384,[84 -64 4 0 0 0 0 0 0 0 0 0 10 6 12 7 11 8 10 8 12 9 10 9 11 8 10 9 10 10 10 10 11 10 11 10 12 11 11 11 11 10 12 11 11 9 11 11 12 10 11 10 13 11 13 11 14 11 13 10 14 12 13 11 0 0 14 11 15 12 14 12 16 12 14 12 16 12 15 13 15 12 14 13 16 12 16 13 15 13 15 13 14 12 16 11 15 11 18 12 17 11 16 12 15 11 15 12 17 13 16 12 15 11 17 12 15 11 0 0 0 0 0 0 0 0 0 0 ]
659,1782980376.020556,16.8046,-69,CSI_DATA,AP,98:F4:AB:29:67:94,-69,11,1,4,1,1,1,1,0,0,0,-96,1,6,1,91164057,0,84,0,0,91.5465,384,[84 -64 4 0 0 0 0 0 0 0 0 0 -6 12 -5 11 -5 11 -6 12 -5 12 -6 11 -5 12 -7 12 -6 12 -7 11 -8 12 -6 12 -8 11 -8 11 -7 12 -7 12 -7 12 -7 13 -6 12 -6 13 -7 14 -6 15 -7 15 -8 13 -7 15 -7 15 0 0 -7 15 -6 16 -6 15 -5 16 -6 16 -6 16 -7 17 -7 17 -7 18 -8 18 -7 17 -8 19 -7 16 -7 17 -6 17 -7 17 -5 18 -7 17 -6 19 -5 17 -7 18 -7 19 -8 18 -8 18 -8 18 -7 17 0 0 0 0 0 0 0 0 0 0 ]
660,1782980376.109314,16.2261,-69,CSI_DATA,AP,98:F4:AB:29:67:94,-69,11,1,4,1,1,1,1,0,0,0,-96,1,6,1,91253401,0,84,0,0,91.6357,384,[84 -64 4 0 0 0 0 0 0 0 0 0 11 -6 11 -5 12 -5 11 -5 13 -5 11 -4 12 -3 12 -5 14 -4 13 -5 13 -5 13 -4 14 -4 13 -5 13 -4 13 -5 13 -5 13 -5 13 -4 13 -5 14 -5 14 -6 16 -5 15 -6 16 -4 15 -5 0 0 16 -5 18 -6 16 -6 17 -8 15 -5 17 -6 18 -5 18 -5 18 -6 19 -7 17 -8 17 -6 18 -6 16 -5 19 -7 16 -7 19 -7 16 -7 17 -7 18 -7 18 -6 18 -7 19 -6 17 -8 18 -7 16 -7 0 0 0 0 0 0 0 0 0 0 ]
661,1782980376.199798,16.4758,-68,CSI_DATA,AP,98:F4:AB:29:67:94,-68,11,1,4,1,1,1,0,0,0,0,-96,0,6,1,91335910,0,82,0,0,91.7181,384,[82 -96 4 0 0 0 0 0 0 0 0 0 11 1 11 1 12 1 11 1 12 2 11 2 12 3 12 3 13 2 12 2 12 2 14 3 14 3 14 3 13 4 14 4 14 4 13 2 13 3 13 2 15 3 16 3 15 3 15 3 16 4 16 4 0 0 17 4 17 4 17 5 17 2 15 4 18 4 17 4 18 5 18 5 19 4 20 5 18 5 19 6 18 5 19 4 18 4 19 5 19 4 18 4 17 4 19 4 18 5 19 5 19 4 17 5 17 5 0 0 0 0 0 0 0 0 0 0 ]
662,1782980376.289477,16.5922,-68,CSI_DATA,AP,98:F4:AB:29:67:94,-68,11,1,4,1,1,1,1,0,0,0,-96,1,6,1,91343418,0,84,0,0,91.7448,384,[84 -64 4 0 0 0 0 0 0 0 0 0 -3 15 -4 14 -3 16 -2 16 -3 15 -5 15 -5 16 -6 16 -5 16 -6 14 -4 16 -5 17 -6 18 -5 17 -5 18 -6 19 -5 17 -5 17 -6 18 -6 18 -6 19 -5 19 -7 18 -6 20 -6 20 -7 22 0 0 -6 22 -6 22 -5 23 -4 22 -6 21 -7 22 -7 23 -7 23 -7 23 -6 24 -7 24 -7 24 -8 22 -6 23 -7 24 -7 23 -7 25 -8 23 -6 25 -6 24 -6 24 -7 24 -8 24 -7 22 -6 23 -6 23 0 0 0 0 0 0 0 0 0 0 ]
663,1782980376.378682,18.4911,-68,CSI_DATA,AP,98:F4:AB:29:67:94,-68,11,1,4,1,1,1,1,0,0,0,-96,1,6,1,91432842,0,84,0,0,91.8151,384,[84 -64 4 0 0 0 0 0 0 0 0 0 -16 -2 -13 -2 -15 -3 -14 -3 -15 -4 -13 -3 -13 -3 -14 -4 -14 -3 -15 -4 -15 -5 -16 -4 -16 -6 -16 -5 -15 -6 -17 -5 -15 -4 -16 -5 -15 -4 -17 -4 -18 -5 -18 -5 -18 -6 -18 -5 -19 -5 -20 -5 0 0 -19 -4 -21 -4 -20 -5 -20 -4 -18 -5 -20 -5 -22 -6 -20 -5 -21 -5 -24 -6 -23 -5 -22 -6 -22 -6 -22 -6 -22 -6 -22 -5 -22 -7 -21 -5 -23 -6 -22 -6 -22 -6 -23 -7 -22 -7 -22 -5 -20 -6 -21 -6 0 0 0 0 0 0 0 0 0 0 ]
664,1782980376.468281,17.9881,-70,CSI_DATA,AP,98:F4:AB:29:67:94,-70,11,1,5,1,1,1,1,0,0,0,-96,1,6,1,91523906,0,84,0,0,91.9062,384,[84 -64 4 0 0 0 0 0 0 0 0 0 -8 8 -8 8 -9 9 -10 8 -9 8 -9 8 -9 8 -10 9 -9 9 -11 9 -11 9 -11 9 -11 9 -12 9 -10 8 -11 9 -11 9 -11 9 -10 9 -11 10 -10 10 -12 11 -12 11 -11 11 -13 11 -12 11 0 0 -12 12 -13 13 -12 12 -12 13 -12 11 -12 14 -13 13 -13 14 -13 14 -14 14 -12 14 -14 13 -14 14 -14 14 -13 14 -12 13 -14 14 -12 14 -13 14 -13 15 -14 14 -13 14 -14 15 -14 14 -13 13 -12 13 0 0 0 0 0 0 0 0 0 0 ]
665,1782980376.556087,18.6311,-67,CSI_DATA,AP,98:F4:AB:29:67:94,-67,11,1,2,1,1,1,1,0,0,0,-96,1,6,1,91617899,0,84,0,0,92.0002,384,[84 -64 4 0 0 0 0 0 0 0 0 0 -13 1 -13 1 -14 1 -13 0 -13 1 -13 0 -13 0 -14 0 -15 0 -15 -1 -14 0 -16 -1 -15 -1 -15 0 -14 -1 -17 0 -15 0 -16 1 -15 0 -16 0 -17 -1 -17 1 -17 -1 -18 -1 -19 0 -18 0 0 0 -18 0 -20 1 -19 1 -20 2 -19 0 -20 0 -21 0 -20 0 -21 0 -23 0 -21 1 -21 -1 -21 1 -20 0 -21 1 -21 2 -23 1 -19 1 -21 1 -22 2 -22 1 -21 0 -22 0 -21 1 -20 -1 -20 0 0 0 0 0 0 0 0 0 0 0 ]
666,1782980376.646977,18.5658,-70,CSI_DATA,AP,98:F4:AB:29:67:94,-70,11,1,5,1,1,1,1,0,0,0,-96,1,6,1,91703665,0,84,0,0,92.086,384,[84 -64 4 0 0 0 0 0 0 0 0 0 0 12 -1 13 0 13 1 12 -1 14 -2 14 -1 13 -1 13 -1 14 -2 14 0 16 -2 15 -2 15 -1 16 -2 15 -2 15 -2 15 -1 16 -2 16 -1 16 -3 17 -3 17 -2 17 -2 18 -2 18 -1 19 0 0 -2 18 -2 19 -3 19 -2 18 -3 20 -1 21 -3 21 -3 20 -3 21 -3 21 -1 22 -2 20 -2 20 -3 22 -2 20 -1 21 -2 22 -2 21 -1 22 -2 21 -3 22 -2 20 -3 21 -3 21 -3 21 -3 20 0 0 0 0 0 0 0 0 0 0 ]
667,1782980376.736115,17.9756,-70,CSI_DATA,AP,98:F4:AB:29:67:94,-70,11,1,5,1,1,1,1,0,0,0,-96,1,6,1,91793450,0,84,0,0,92.1757,384,[84 -64 4 0 0 0 0 0 0 0 0 0 7 -10 6 -9 9 -9 7 -9 10 -9 8 -9 9 -10 9 -8 9 -10 10 -8 10 -9 9 -9 10 -9 11 -9 10 -9 12 -10 11 -9 11 -9 10 -11 11 -10 11 -11 13 -11 11 -11 12 -11 12 -12 13 -11 0 0 13 -11 13 -12 13 -12 12 -13 13 -11 14 -12 14 -13 14 -12 14 -12 15 -13 14 -12 15 -11 14 -12 15 -12 15 -12 14 -13 15 -13 14 -13 15 -13 14 -13 15 -13 15 -12 15 -12 14 -13 14 -11 15 -11 0 0 0 0 0 0 0 0 0 0 ]
668,1782980376.826118,19.0289,-69,CSI_DATA,AP,98:F4:AB:29:67:94,-69,11,1,5,1,1,1,1,0,0,0,-96,1,6,1,91882189,0,84,0,0,92.2645,384,[84 -64 4 0 0 0 0 0 0 0 0 0 11 -8 10 -8 12 -8 10 -7 13 -7 12 -6 13 -7 12 -7 14 -7 13 -6 15 -7 14 -6 14 -7 15 -5 13 -7 14 -6 12 -7 14 -6 14 -8 15 -7 16 -9 16 -9 16 -8 16 -9 18 -8 16 -9 0 0 18 -9 18 -9 17 -10 18 -11 18 -9 17 -9 18 -9 19 -11 19 -11 19 -10 18 -9 19 -9 19 -9 18 -9 19 -11 18 -12 20 -13 19 -11 18 -11 18 -12 20 -9 18 -11 19 -10 19 -10 18 -9 18 -8 0 0 0 0 0 0 0 0 0 0 ]
669,1782980376.916902,17.4783,-69,CSI_DATA,AP,98:F4:AB:29:67:94,-69,11,1,5,1,1,1,1,0,0,0,-96,1,6,1,91973946,0,84,0,0,92.3563,384,[84 -64 4 0 0 0 0 0 0 0 0 0 11 1 10 1 11 0 11 2 13 1 11 1 12 2 12 2 13 2 13 3 13 2 13 3 13 4 14 3 13 4 14 4 13 3 13 2 14 3 13 2 15 2 15 2 16 4 15 2 16 4 17 3 0 0 16 3 18 2 17 2 18 1 15 2 19 2 18 3 18 2 18 2 18 3 19 3 18 4 18 3 17 3 19 2 18 1 19 2 18 1 18 2 18 2 19 3 18 3 18 3 18 2 17 3 17 2 0 0 0 0 0 0 0 0 0 0 ]
670,1782980377.005534,16.9251,-68,CSI_DATA,AP,98:F4:AB:29:67:94,-68,11,1,4,1,1,1,1,0,0,0,-96,1,6,1,92061303,0,84,0,0,92.4435,384,[84 -64 4 0 0 0 0 0 0 0 0 0 -12 3 -12 3 -12 3 -12 3 -13 2 -12 2 -13 1 -13 0 -13 2 -14 2 -14 2 -15 2 -13 1 -15 1 -15 1 -15 1 -14 2 -14 2 -15 1 -15 1 -16 2 -17 1 -16 2 -16 2 -17 2 -17 2 0 0 -19 2 -18 2 -18 3 -18 3 -18 2 -19 2 -20 1 -20 1 -20 1 -20 3 -21 4 -19 2 -19 2 -21 1 -20 1 -20 2 -20 2 -19 2 -20 1 -20 1 -20 1 -21 1 -20 1 -19 2 -19 2 -19 2 0 0 0 0 0 0 0 0 0 0 ]
671,1782980377.094838,16.3821,-69,CSI_DATA,AP,98:F4:AB:29:67:94,-69,11,1,4,1,1,1,1,0,0,0,-96,1,6,1,92151528,0,84,0,0,92.5338,384,[84 -64 4 0 0 0 0 0 0 0 0 0 10 5 8 6 10 6 10 7 10 7 10 7 10 7 10 7 11 8 11 7 11 8 11 8 12 9 10 9 11 8 12 8 11 8 11 8 13 8 12 8 13 7 13 8 12 9 12 9 14 9 14 9 0 0 15 10 15 10 15 10 14 10 13 9 16 10 16 10 15 10 16 11 16 10 17 9 16 10 16 11 16 10 16 11 16 9 17 10 17 9 17 9 17 9 16 10 16 10 16 10 16 10 15 10 15 9 0 0 0 0 0 0 0 0 0 0 ]
672,1782980377.185505,17.1661,-68,CSI_DATA,AP,98:F4:AB:29:67:94,-68,11,1,4,1,1,1,1,0,0,0,-96,1,6,1,92242287,0,84,0,0,92.6246,384,[84 -64 4 0 0 0 0 0 0 0 0 0 -12 -1 -12 0 -14 -1 -13 0 -14 -1 -12 -2 -13 -2 -12 -2 -13 -1 -14 -2 -15 -2 -15 -4 -15 -3 -15 -3 -14 -2 -16 0 -14 -1 -16 -1 -14 -1 -16 -1 -16 -1 -17 0 -16 -2 -17 -2 -18 -3 -18 -1 0 0 -18 -1 -19 0 -18 -1 -20 0 -17 -1 -19 0 -19 0 -20 -1 -20 0 -20 0 -21 -1 -19 -2 -20 -2 -20 -1 -21 0 -19 1 -22 0 -19 0 -20 0 -21 1 -21 0 -20 1 -21 -1 -20 -1 -20 -1 -18 0 0 0 0 0 0 0 0 0 0 0 ]
673,1782980377.286286,17.8809,-68,CSI_DATA,AP,98:F4:AB:29:67:94,-68,11,1,3,1,1,1,1,0,0,0,-96,1,6,1,92333877,0,84,0,0,92.7161,384,[84 -64 4 0 0 0 0 0 0 0 0 0 -2 -12 -3 -11 -5 -13 -3 -12 -3 -13 -2 -13 -2 -14 -3 -13 -1 -15 -3 -14 -2 -14 -2 -14 -2 -16 -1 -15 0 -14 -2 -17 -1 -14 -2 -15 -1 -15 -1 -17 -2 -16 -2 -17 -2 -17 -2 -17 -1 -18 -1 -18 0 0 -1 -18 -2 -18 -2 -18 -3 -19 -2 -17 0 -20 -1 -20 -1 -19 -1 -20 0 -21 -1 -21 1 -20 0 -20 0 -19 -2 -21 -2 -19 0 -20 0 -20 -1 -21 -1 -20 2 -19 0 -20 2 -21 0 -20 1 -19 -1 -17 0 0 0 0 0 0 0 0 0 0 ]
674,1782980377.386430,17.3257,-68,CSI_DATA,AP,98:F4:AB:29:67:94,-68,11,1,4,1,1,1,1,0,0,0,-96,1,6,1,92423476,0,84,0,0,92.8058,384,[84 -64 4 0 0 0 0 0 0 0 0 0 -10 8 -9 7 -11 9 -10 8 -11 8 -11 6 -12 7 -11 7 -12 7 -12 7 -13 8 -12 8 -13 8 -13 8 -12 7 -13 8 -13 8 -12 8 -13 8 -13 8 -14 7 -13 8 -13 8 -13 9 -15 8 -15 9 0 0 -15 9 -14 11 -15 9 -15 10 -16 8 -16 9 -17 10 -17 10 -16 11 -17 10 -17 12 -17 11 -16 9 -17 10 -17 10 -16 11 -18 10 -16 9 -17 11 -17 11 -18 8 -17 10 -18 10 -18 12 -17 10 -16 10 0 0 0 0 0 0 0 0 0 0 ]
675,1782980377.479829,18.1402,-68,CSI_DATA,AP,98:F4:AB:29:67:94,-68,11,1,4,1,1,1,1,0,0,0,-96,1,6,1,92511549,0,84,0,0,92.8938,384,[84 -64 4 0 0 0 0 0 0 0 0 0 -8 -10 -7 -9 -9 -10 -8 -10 -8 -11 -7 -10 -8 -11 -7 -11 -7 -12 -7 -12 -8 -13 -8 -14 -8 -13 -8 -13 -9 -13 -8 -14 -8 -12 -9 -13 -8 -12 -9 -13 -9 -14 -10 -15 -8 -14 -10 -14 -9 -16 -10 -15 0 0 -10 -15 -11 -16 -10 -15 -11 -15 -10 -16 -10 -17 -11 -16 -11 -17 -11 -16 -12 -16 -11 -17 -11 -16 -10 -16 -11 -16 -12 -17 -11 -16 -12 -16 -11 -16 -11 -18 -12 -17 -11 -17 -11 -18 -11 -18 -11 -17 -11 -17 -10 -16 0 0 0 0 0 0 0 0 0 0 ]
676,1782980377.569646,19.4188,-68,CSI_DATA,AP,98:F4:AB:29:67:94,-68,11,1,4,1,1,1,1,0,0,0,-96,1,6,1,92603288,0,84,0,0,92.9856,384,[84 -64 4 0 0 0 0 0 0 0 0 0 -12 9 -11 8 -12 8 -12 9 -13 8 -13 7 -14 7 -13 8 -14 8 -15 7 -15 8 -17 8 -16 7 -16 8 -14 7 -16 9 -13 8 -14 9 -14 8 -15 8 -15 9 -17 10 -17 9 -18 8 -18 9 -18 9 0 0 -17 9 -19 11 -17 9 -18 10 -18 8 -18 10 -20 11 -20 10 -21 11 -22 10 -20 10 -20 9 -21 9 -20 11 -20 11 -19 10 -20 10 -19 10 -19 10 -21 10 -20 9 -19 11 -21 10 -21 9 -19 9 -19 9 0 0 0 0 0 0 0 0 0 0 ]
677,1782980377.656889,18.9477,-68,CSI_DATA,AP,98:F4:AB:29:67:94,-68,11,1,4,1,1,1,1,0,0,0,-96,1,6,1,92700540,0,84,0,0,93.0829,384,[84 -64 4 0 0 0 0 0 0 0 0 0 -10 7 -8 6 -10 7 -11 6 -11 7 -10 7 -10 7 -12 6 -11 7 -12 7 -13 7 -12 7 -13 7 -12 7 -12 7 -13 8 -12 8 -13 8 -12 8 -13 8 -13 9 -13 8 -15 8 -14 8 -16 8 -15 8 0 0 -15 8 -15 11 -15 10 -15 11 -14 9 -15 10 -16 9 -17 10 -17 11 -17 11 -17 11 -17 9 -16 9 -16 9 -17 10 -16 10 -18 11 -16 10 -18 11 -17 11 -17 10 -17 10 -18 10 -17 10 -17 9 -16 10 0 0 0 0 0 0 0 0 0 0 ]
678,1782980377.746933,18.9566,-68,CSI_DATA,AP,98:F4:AB:29:67:94,-68,11,1,4,1,1,1,1,0,0,0,-96,1,6,1,92782054,0,84,0,0,93.1642,384,[84 -64 4 0 0 0 0 0 0 0 0 0 2 -15 2 -13 3 -14 3 -15 3 -15 4 -14 3 -14 4 -15 3 -16 5 -16 4 -15 5 -16 6 -15 5 -17 5 -16 5 -17 5 -17 5 -17 5 -16 6 -17 5 -17 5 -19 5 -17 6 -18 7 -19 6 -20 0 0 6 -20 6 -21 5 -20 3 -20 6 -19 6 -20 6 -21 6 -21 6 -21 5 -23 6 -22 6 -21 6 -22 7 -21 6 -22 5 -22 7 -22 5 -21 6 -23 5 -22 7 -22 7 -22 8 -22 5 -22 7 -21 5 -20 0 0 0 0 0 0 0 0 0 0 ]
679,1782980377.842529,18.0997,-68,CSI_DATA,AP,98:F4:AB:29:67:94,-68,11,1,4,1,1,1,1,0,0,0,-96,1,6,1,92871999,0,84,0,0,93.2543,384,[84 -64 4 0 0 0 0 0 0 0 0 0 -5 11 -5 10 -5 11 -5 10 -6 11 -5 11 -5 12 -4 10 -5 12 -7 12 -5 13 -7 13 -6 12 -7 12 -7 14 -7 14 -6 13 -6 13 -6 13 -6 12 -7 14 -6 14 -6 15 -7 15 -8 16 -7 15 0 0 -6 16 -7 17 -6 16 -5 17 -7 15 -7 16 -8 17 -8 17 -7 17 -7 18 -7 18 -8 18 -7 18 -7 18 -8 18 -6 18 -7 18 -6 17 -7 19 -6 19 -7 19 -7 19 -7 19 -7 18 -7 17 -7 17 0 0 0 0 0 0 0 0 0 0 ]
680,1782980377.939771,17.5791,-69,CSI_DATA,AP,98:F4:AB:29:67:94,-69,11,1,4,1,1,1,1,0,0,0,-96,1,6,1,92963308,0,84,0,0,93.3456,384,[84 -64 4 0 0 0 0 0 0 0 0 0 -12 3 -11 4 -13 4 -12 4 -13 3 -13 3 -13 3 -13 3 -13 3 -14 3 -14 4 -15 3 -15 2 -15 2 -14 2 -14 4 -14 4 -15 4 -15 3 -15 5 -15 4 -15 5 -17 4 -17 4 -17 4 -16 4 0 0 -17 5 -17 6 -17 6 -18 6 -17 4 -19 6 -19 5 -19 5 -18 6 -20 5 -20 4 -19 4 -19 5 -18 6 -19 7 -18 6 -19 6 -19 6 -19 7 -19 8 -19 6 -19 7 -20 6 -20 6 -19 4 -19 5 0 0 0 0 0 0 0 0 0 0 ]
681,1782980378.035423,17.3344,-68,CSI_DATA,AP,98:F4:AB:29:67:94,-68,11,1,4,1,1,1,1,0,0,0,-96,1,6,1,93053158,0,84,0,0,93.4355,384,[84 -64 4 0 0 0 0 0 0 0 0 0 6 -10 7 -9 7 -10 8 -10 8 -11 7 -10 8 -10 8 -11 8 -11 10 -10 9 -11 9 -10 11 -11 10 -11 9 -9 10 -12 8 -11 9 -13 8 -12 10 -13 10 -13 10 -14 10 -13 11 -13 12 -13 11 -13 0 0 10 -14 11 -15 10 -14 10 -17 11 -15 11 -16 12 -16 11 -15 12 -15 13 -16 12 -15 13 -15 12 -15 12 -14 11 -17 10 -16 12 -17 11 -16 11 -17 11 -17 11 -16 11 -18 12 -16 11 -16 12 -15 11 -14 0 0 0 0 0 0 0 0 0 0 ]
682,1782980378.133840,18.3484,-67,CSI_DATA,AP,98:F4:AB:29:67:94,-67,11,1,2,1,1,1,1,0,0,0,-96,1,6,1,93145794,0,84,0,0,93.5281,384,[84 -64 4 0 0 0 0 0 0 0 0 0 6 11 6 10 7 11 6 11 6 12 5 12 5 13 5 12 5 13 5 13 6 13 5 13 5 15 6 14 5 13 6 14 5 13 7 13 5 13 7 14 6 14 7 16 6 16 7 15 7 18 7 16 0 0 8 17 9 18 8 17 9 17 8 17 8 17 8 18 8 17 8 18 9 18 9 18 8 18 8 18 9 18 10 19 10 17 10 19 11 17 10 18 9 17 9 19 8 19 9 19 10 19 9 17 9 17 0 0 0 0 0 0 0 0 0 0 ]
683,1782980378.224762,17.2882,-68,CSI_DATA,AP,98:F4:AB:29:67:94,-68,11,1,4,1,1,1,1,0,0,0,-96,1,6,1,93231793,0,84,0,0,93.6141,384,[84 -64 4 0 0 0 0 0 0 0 0 0 9 -8 9 -8 10 -7 11 -7 10 -8 10 -7 10 -7 11 -7 10 -8 11 -7 12 -8 12 -8 12 -7 12 -7 12 -7 13 -8 13 -8 12 -8 12 -7 12 -9 12 -8 12 -10 13 -8 14 -7 15 -7 15 -9 0 0 14 -9 15 -10 15 -10 14 -10 15 -9 15 -10 17 -10 16 -10 16 -11 16 -10 16 -10 16 -9 17 -10 16 -10 16 -11 15 -11 17 -11 15 -11 16 -11 17 -11 17 -11 17 -11 17 -10 17 -10 16 -9 15 -9 0 0 0 0 0 0 0 0 0 0 ]
684,1782980378.311858,18.9734,-68,CSI_DATA,AP,98:F4:AB:29:67:94,-68,11,1,4,1,1,1,1,0,0,0,-96,1,6,1,93325878,0,84,0,0,93.7082,384,[84 -64 4 0 0 0 0 0 0 0 0 0 -5 -14 -3 -13 -6 -14 -4 -14 -4 -15 -4 -15 -4 -15 -3 -15 -4 -16 -4 -16 -3 -16 -4 -16 -4 -17 -3 -17 -4 -16 -3 -18 -5 -15 -6 -17 -4 -17 -5 -17 -6 -17 -5 -19 -4 -19 -4 -20 -5 -20 -5 -20 0 0 -7 -20 -7 -22 -6 -19 -8 -20 -6 -20 -7 -22 -7 -22 -8 -21 -7 -21 -7 -22 -8 -22 -7 -21 -7 -21 -7 -22 -8 -21 -9 -21 -8 -21 -8 -21 -9 -21 -9 -21 -8 -22 -9 -22 -8 -22 -9 -21 -7 -21 -7 -20 0 0 0 0 0 0 0 0 0 0 ]
685,1782980378.402047,19.1596,-68,CSI_DATA,AP,98:F4:AB:29:67:94,-68,11,1,4,1,1,1,1,0,0,0,-96,1,6,1,93413864,0,84,0,0,93.7962,384,[84 -64 4 0 0 0 0 0 0 0 0 0 -10 9 -10 9 -11 10 -9 9 -10 10 -11 8 -12 10 -12 8 -10 11 -13 11 -13 10 -12 10 -15 10 -13 10 -12 10 -13 11 -12 11 -12 12 -12 10 -12 11 -13 12 -12 13 -14 13 -14 12 -14 12 -15 13 0 0 -14 14 -15 15 -14 15 -14 15 -15 14 -15 15 -15 15 -15 15 -16 15 -17 17 -15 16 -17 13 -15 15 -15 15 -15 17 -13 16 -15 17 -14 17 -15 17 -14 17 -14 17 -14 17 -16 16 -15 18 -14 15 -14 15 0 0 0 0 0 0 0 0 0 0 ]
686,1782980378.493334,18.9395,-69,CSI_DATA,AP,98:F4:AB:29:67:94,-69,11,1,3,1,1,1,1,0,0,0,-96,1,6,1,93506166,0,84,0,0,93.8885,384,[84 -64 4 0 0 0 0 0 0 0 0 0 -2 -12 -1 -12 1 -14 -1 -12 0 -14 1 -13 0 -13 2 -14 0 -14 1 -14 1 -14 1 -15 1 -15 1 -14 2 -14 2 -16 1 -15 1 -16 1 -15 1 -15 1 -16 0 -16 1 -17 0 -17 1 -18 2 -17 0 0 2 -17 0 -19 1 -18 0 -18 1 -18 2 -20 1 -19 1 -19 1 -19 1 -21 0 -21 1 -19 2 -20 2 -19 0 -20 0 -20 1 -21 0 -20 2 -20 0 -20 2 -21 1 -21 2 -22 0 -20 1 -19 1 -19 0 0 0 0 0 0 0 0 0 0 ]
687,1782980378.585155,17.2405,-69,CSI_DATA,AP,98:F4:AB:29:67:94,-69,11,1,3,1,1,1,1,0,0,0,-96,1,6,1,93593282,0,84,0,0,93.9755,384,[84 -64 4 0 0 0 0 0 0 0 0 0 -12 -4 -12 -4 -13 -4 -12 -4 -13 -5 -12 -4 -13 -4 -12 -4 -13 -4 -14 -6 -14 -5 -14 -6 -14 -6 -14 -6 -14 -6 -14 -5 -14 -6 -14 -6 -15 -5 -15 -5 -15 -5 -16 -5 -15 -6 -15 -7 -15 -6 -17 -7 0 0 -18 -6 -17 -6 -18 -7 -17 -5 -17 -5 -19 -5 -19 -6 -19 -5 -19 -5 -20 -6 -19 -6 -18 -7 -19 -7 -19 -6 -20 -6 -19 -6 -21 -6 -18 -5 -20 -4 -20 -4 -20 -6 -20 -6 -19 -6 -20 -5 -19 -6 -20 -5 0 0 0 0 0 0 0 0 0 0 ]
688,1782980378.677966,16.7609,-69,CSI_DATA,AP,98:F4:AB:29:67:94,-69,11,1,3,1,1,1,1,0,0,0,-96,1,6,1,93684565,0,84,0,0,94.0669,384,[84 -64 4 0 0 0 0 0 0 0 0 0 8 -11 7 -9 9 -10 8 -10 8 -10 8 -9 9 -9 8 -9 9 -10 10 -10 9 -10 10 -10 11 -10 11 -11 10 -10 11 -11 10 -11 10 -11 10 -10 10 -11 11 -11 11 -12 11 -11 12 -11 12 -12 12 -12 0 0 12 -12 13 -13 12 -12 12 -13 11 -11 13 -14 14 -14 12 -14 13 -15 14 -15 13 -15 14 -13 14 -13 13 -13 14 -14 12 -14 15 -15 12 -13 13 -14 13 -15 14 -14 15 -14 15 -14 15 -15 14 -12 13 -13 0 0 0 0 0 0 0 0 0 0 ]
689,1782980378.766672,17.9757,-68,CSI_DATA,AP,98:F4:AB:29:67:94,-68,11,1,3,1,1,1,1,0,0,0,-96,1,6,1,93775568,0,84,0,0,94.1579,384,[84 -64 4 0 0 0 0 0 0 0 0 0 -1 13 -2 12 -3 15 -2 13 -2 14 -2 14 -2 13 -4 14 -2 15 -3 15 -3 15 -4 16 -4 16 -4 16 -4 15 -4 17 -2 14 -2 16 -3 15 -2 16 -3 16 -3 17 -4 17 -3 19 -5 19 -3 19 0 0 -3 19 -2 21 -1 19 -1 20 -2 19 -2 21 -3 22 -4 20 -1 20 -2 22 -3 22 -4 20 -3 21 -3 20 -2 22 0 20 -2 23 -2 21 -1 21 -2 22 -3 21 -1 22 -3 23 -2 22 -3 20 -2 20 0 0 0 0 0 0 0 0 0 0 ]
690,1782980378.855778,17.7689,-67,CSI_DATA,AP,98:F4:AB:29:67:94,-67,11,1,1,1,1,1,1,0,0,0,-96,1,6,1,93870038,0,84,0,0,94.2523,384,[84 -64 4 0 0 0 0 0 0 0 0 0 2 -14 2 -13 2 -15 2 -13 3 -14 3 -12 2 -13 4 -13 3 -14 5 -14 4 -14 5 -14 6 -16 5 -15 4 -14 4 -16 4 -15 3 -15 3 -14 5 -15 5 -16 5 -18 5 -18 5 -18 5 -17 6 -18 0 0 4 -18 5 -20 4 -18 4 -21 5 -18 5 -20 5 -19 5 -20 5 -21 5 -22 5 -21 6 -19 4 -19 5 -20 5 -22 3 -19 4 -24 3 -20 5 -21 3 -21 5 -21 4 -21 6 -22 4 -21 5 -20 4 -19 0 0 0 0 0 0 0 0 0 0 ]
691,1782980378.944256,19.1050,-68,CSI_DATA,AP,98:F4:AB:29:67:94,-68,11,1,4,1,1,1,1,0,0,0,-96,1,6,1,93951202,0,84,0,0,94.3335,384,[84 -64 4 0 0 0 0 0 0 0 0 0 -8 11 -7 11 -10 12 -8 11 -9 12 -8 9 -9 11 -10 11 -9 12 -10 12 -11 12 -10 14 -12 12 -11 12 -9 13 -10 14 -10 12 -10 14 -10 12 -10 13 -11 14 -9 14 -11 15 -12 16 -12 16 -12 15 0 0 -11 17 -11 17 -11 16 -10 18 -11 16 -10 17 -11 18 -11 18 -11 18 -12 20 -11 20 -12 19 -11 18 -10 18 -11 19 -11 19 -11 20 -11 19 -10 19 -11 20 -11 20 -12 20 -12 20 -11 19 -11 18 -10 18 0 0 0 0 0 0 0 0 0 0 ]
692,1782980379.033216,18.5029,-68,CSI_DATA,AP,98:F4:AB:29:67:94,-68,11,1,4,1,1,1,1,0,0,0,-96,1,6,1,94045554,0,84,0,0,94.4279,384,[84 -64 4 0 0 0 0 0 0 0 0 0 -12 3 -12 2 -12 3 -12 3 -13 1 -12 2 -13 2 -12 3 -15 2 -14 1 -15 2 -15 2 -14 1 -16 1 -14 1 -16 2 -14 3 -15 2 -15 2 -15 3 -16 3 -17 3 -16 2 -17 2 -17 3 -17 2 0 0 -18 3 -18 3 -17 3 -18 4 -17 2 -19 4 -19 3 -19 3 -20 4 -20 3 -20 4 -20 2 -20 4 -19 3 -19 4 -19 4 -21 4 -19 3 -20 5 -20 4 -20 4 -20 4 -20 3 -19 3 -19 2 -19 3 0 0 0 0 0 0 0 0 0 0 ]
693,1782980379.124582,17.6383,-68,CSI_DATA,AP,98:F4:AB:29:67:94,-68,11,1,4,1,1,1,1,0,0,0,-96,1,6,1,94134035,0,84,0,0,94.5163,384,[84 -64 4 0 0 0 0 0 0 0 0 0 -1 -12 -1 -11 -1 -13 -1 -12 -1 -14 0 -12 -1 -13 0 -13 -1 -13 1 -13 1 -14 2 -15 1 -14 1 -14 1 -14 1 -15 0 -14 0 -13 1 -14 1 -15 1 -16 1 -17 2 -17 1 -17 1 -17 2 -16 0 0 1 -18 1 -18 1 -17 1 -18 1 -18 1 -19 2 -19 1 -19 1 -19 1 -21 1 -20 2 -18 2 -19 3 -19 1 -19 1 -18 1 -21 2 -19 2 -20 2 -20 2 -20 2 -20 3 -20 2 -20 2 -20 1 -19 0 0 0 0 0 0 0 0 0 0 ]
694,1782980379.211860,18.1587,-68,CSI_DATA,AP,98:F4:AB:29:67:94,-68,11,1,4,1,1,1,1,0,0,0,-96,1,6,1,94223040,0,84,0,0,94.6054,384,[84 -64 4 0 0 0 0 0 0 0 0 0 -9 7 -10 5 -11 6 -11 7 -12 6 -10 6 -10 6 -12 6 -11 7 -12 6 -12 8 -12 7 -13 7 -13 8 -12 6 -13 8 -12 8 -13 8 -13 8 -13 8 -13 8 -14 7 -14 8 -14 9 -15 10 -15 9 0 0 -15 10 -16 11 -14 9 -14 10 -14 9 -15 11 -17 10 -16 10 -17 11 -17 11 -16 12 -16 11 -16 12 -16 11 -16 12 -16 12 -17 12 -15 12 -16 11 -16 12 -16 12 -16 12 -16 12 -15 13 -15 12 -15 12 0 0 0 0 0 0 0 0 0 0 ]
695,1782980379.302128,16.9872,-68,CSI_DATA,AP,98:F4:AB:29:67:94,-68,11,1,4,1,1,1,1,0,0,0,-96,1,6,1,94314129,0,84,0,0,94.6963,384,[84 -64 4 0 0 0 0 0 0 0 0 0 -3 11 -3 10 -4 11 -4 11 -5 11 -4 11 -5 11 -5 12 -4 12 -5 11 -5 13 -5 13 -5 13 -6 13 -5 11 -6 13 -5 13 -6 14 -5 14 -5 14 -6 14 -6 15 -6 15 -7 15 -7 15 -7 16 0 0 -7 15 -7 17 -7 17 -7 17 -7 16 -7 17 -8 17 -7 18 -7 17 -8 19 -7 19 -8 17 -8 17 -7 17 -7 18 -6 18 -7 18 -7 18 -7 18 -6 17 -8 19 -8 18 -9 18 -7 18 -8 17 -7 17 0 0 0 0 0 0 0 0 0 0 ]
696,1782980379.392537,17.3883,-68,CSI_DATA,AP,98:F4:AB:29:67:94,-68,11,1,4,1,1,1,1,0,0,0,-96,1,6,1,94409961,0,84,0,0,94.7923,384,[84 -64 4 0 0 0 0 0 0 0 0 0 1 -12 2 -11 3 -12 2 -12 2 -13 3 -12 3 -14 3 -13 3 -13 4 -14 3 -15 4 -15 5 -14 4 -14 4 -13 4 -15 3 -13 3 -14 4 -14 3 -14 3 -15 3 -16 4 -16 4 -17 4 -18 4 -17 0 0 4 -18 3 -18 3 -17 3 -18 3 -18 3 -20 4 -19 4 -20 3 -20 4 -21 3 -20 4 -18 4 -19 3 -19 2 -20 3 -19 4 -22 2 -19 2 -19 1 -20 3 -20 2 -20 3 -21 3 -20 3 -20 3 -18 0 0 0 0 0 0 0 0 0 0 ]
697,1782980379.480042,18.2241,-68,CSI_DATA,AP,98:F4:AB:29:67:94,-68,11,1,4,1,1,1,1,0,0,0,-96,1,6,1,94494258,0,84,0,0,94.8766,384,[84 -64 4 0 0 0 0 0 0 0 0 0 -6 12 -7 10 -7 12 -5 12 -8 13 -5 11 -8 12 -8 12 -7 13 -9 15 -10 15 -9 15 -9 14 -9 13 -8 13 -10 16 -7 15 -8 14 -7 15 -9 16 -10 15 -8 16 -8 17 -11 16 -11 16 -11 16 0 0 -11 16 -11 19 -9 17 -9 18 -10 18 -10 18 -11 19 -10 19 -10 17 -11 20 -12 20 -12 19 -10 18 -11 17 -10 19 -9 19 -11 22 -10 19 -10 19 -11 20 -11 20 -10 20 -12 21 -11 19 -10 18 -10 17 0 0 0 0 0 0 0 0 0 0 ]
698,1782980379.569493,19.6135,-68,CSI_DATA,AP,98:F4:AB:29:67:94,-68,11,1,4,1,1,1,1,0,0,0,-96,1,6,1,94583448,0,84,0,0,94.9658,384,[84 -64 4 0 0 0 0 0 0 0 0 0 -12 7 -12 6 -12 6 -12 6 -12 6 -12 7 -13 6 -13 6 -14 6 -13 8 -15 7 -16 9 -14 8 -15 7 -14 7 -16 7 -16 8 -15 7 -16 8 -15 8 -17 9 -17 9 -17 8 -17 8 -18 9 -18 9 0 0 -17 10 -18 9 -19 8 -19 11 -18 8 -19 9 -19 10 -20 8 -20 9 -21 10 -21 11 -20 9 -20 10 -20 10 -20 10 -18 11 -20 10 -18 12 -21 11 -19 11 -22 11 -20 10 -20 11 -19 11 -19 11 -18 11 0 0 0 0 0 0 0 0 0 0 ]
699,1782980379.658719,20.9428,-68,CSI_DATA,AP,98:F4:AB:29:67:94,-68,11,1,4,1,1,1,1,0,0,0,-96,1,6,1,94672497,0,84,0,0,95.0548,384,[84 -64 4 0 0 0 0 0 0 0 0 0 3 -13 3 -13 2 -13 3 -13 4 -14 4 -14 4 -14 4 -14 3 -15 5 -16 5 -16 6 -17 5 -17 6 -17 5 -15 5 -18 5 -16 5 -17 5 -16 4 -18 6 -17 6 -18 6 -18 6 -19 8 -19 7 -19 0 0 6 -19 7 -21 7 -19 5 -21 6 -19 7 -21 7 -22 7 -21 7 -22 8 -21 6 -22 7 -20 7 -21 6 -21 6 -22 5 -22 7 -22 6 -21 7 -23 6 -21 7 -22 7 -22 6 -22 6 -22 6 -20 6 -20 0 0 0 0 0 0 0 0 0 0 ]
700,1782980379.746922,20.7778,-68,CSI_DATA,AP,98:F4:AB:29:67:94,-68,11,1,4,1,1,1,1,0,0,0,-96,1,6,1,94762054,0,84,0,0,95.1444,384,[84 -64 4 0 0 0 0 0 0 0 0 0 -4 11 -4 13 -5 14 -5 12 -6 15 -5 12 -5 14 -6 12 -5 15 -7 15 -7 15 -6 14 -7 15 -7 14 -5 15 -5 17 -7 14 -7 16 -5 15 -6 16 -6 17 -6 17 -8 18 -8 18 -8 18 -8 17 0 0 -8 19 -8 21 -6 19 -6 20 -6 17 -7 19 -8 20 -8 20 -7 20 -9 22 -7 20 -9 20 -9 21 -7 19 -7 21 -6 20 -8 22 -6 19 -6 20 -7 21 -8 21 -7 21 -8 20 -8 21 -8 19 -7 19 0 0 0 0 0 0 0 0 0 0 ]
701,1782980379.835444,18.9083,-68,CSI_DATA,AP,98:F4:AB:29:67:94,-68,11,1,4,1,1,1,1,0,0,0,-96,1,6,1,94851973,0,84,0,0,95.2343,384,[84 -64 4 0 0 0 0 0 0 0 0 0 6 9 5 9 6 10 6 10 6 11 5 11 5 11 4 11 6 11 5 11 6 12 5 12 5 13 5 13 5 13 6 13 5 13 6 13 6 13 6 13 5 14 7 14 5 15 7 16 7 15 6 15 0 0 7 15 8 17 8 16 8 16 7 15 7 18 6 17 7 18 6 17 8 17 8 18 8 17 6 17 7 18 8 17 8 16 8 17 8 17 7 17 9 17 8 18 8 18 7 18 7 18 7 16 7 16 0 0 0 0 0 0 0 0 0 0 ]
702,1782980379.928220,17.5477,-68,CSI_DATA,AP,98:F4:AB:29:67:94,-68,11,1,4,1,1,1,1,0,0,0,-96,1,6,1,94942085,0,84,0,0,95.3244,384,[84 -64 4 0 0 0 0 0 0 0 0 0 4 -11 4 -10 4 -12 5 -11 6 -12 5 -11 5 -12 6 -12 5 -12 6 -12 7 -13 7 -12 7 -13 8 -13 7 -12 7 -14 6 -13 7 -13 6 -13 6 -14 7 -14 8 -15 7 -15 8 -15 9 -15 7 -15 0 0 7 -16 7 -17 8 -16 7 -17 7 -16 8 -17 8 -17 9 -17 9 -18 8 -18 8 -18 8 -17 10 -17 8 -17 8 -18 7 -17 8 -19 7 -17 7 -19 7 -18 9 -18 8 -18 8 -18 8 -18 7 -17 7 -16 0 0 0 0 0 0 0 0 0 0 ]
703,1782980380.024946,17.3904,-68,CSI_DATA,AP,98:F4:AB:29:67:94,-68,11,1,4,1,1,1,1,0,0,0,-96,1,6,1,95042199,0,84,0,0,95.4245,384,[84 -64 4 0 0 0 0 0 0 0 0 0 -2 11 -4 11 -3 12 -4 12 -4 12 -3 11 -5 12 -4 11 -4 11 -5 12 -4 14 -5 14 -5 14 -5 14 -7 13 -5 14 -5 13 -5 13 -6 14 -6 14 -7 14 -6 15 -6 15 -6 15 -7 17 -7 16 0 0 -6 17 -7 18 -7 17 -6 16 -6 16 -7 17 -7 16 -7 18 -7 18 -6 18 -6 18 -6 18 -7 18 -7 18 -7 18 -6 18 -6 20 -5 17 -6 19 -5 19 -6 18 -7 18 -6 19 -5 18 -6 17 -5 17 0 0 0 0 0 0 0 0 0 0 ]
704,1782980380.113722,17.1771,-68,CSI_DATA,AP,98:F4:AB:29:67:94,-68,11,1,4,1,1,1,1,0,0,0,-96,1,6,1,95123351,0,84,0,0,95.5055,384,[84 -64 4 0 0 0 0 0 0 0 0 0 4 -11 5 -10 4 -12 5 -11 4 -12 4 -11 5 -13 5 -12 5 -13 6 -13 6 -13 7 -14 6 -14 8 -13 6 -12 7 -15 4 -14 5 -15 5 -14 6 -15 6 -15 5 -16 7 -16 7 -16 8 -16 7 -16 0 0 6 -17 7 -18 7 -17 6 -19 7 -17 6 -18 8 -19 7 -19 6 -19 6 -20 7 -19 8 -18 7 -18 6 -18 6 -20 5 -18 6 -20 5 -18 6 -19 5 -19 7 -19 5 -19 8 -19 7 -19 6 -18 6 -17 0 0 0 0 0 0 0 0 0 0 ]
705,1782980380.203147,16.8125,-68,CSI_DATA,AP,98:F4:AB:29:67:94,-68,11,1,4,1,1,1,1,0,0,0,-96,1,6,1,95213276,0,84,0,0,95.5956,384,[84 -64 4 0 0 0 0 0 0 0 0 0 10 3 9 3 10 5 10 4 11 5 10 4 11 4 11 6 12 4 11 6 13 6 12 6 12 7 12 7 11 6 13 7 13 6 14 6 13 6 13 7 14 7 15 7 14 7 14 7 15 9 15 8 0 0 15 8 16 8 16 8 16 8 15 8 17 8 17 9 16 9 17 8 17 9 17 8 16 9 17 9 17 9 17 8 17 8 18 9 17 8 17 9 17 8 17 9 18 8 17 10 17 8 16 8 15 8 0 0 0 0 0 0 0 0 0 0 ]
706,1782980380.291917,17.3591,-68,CSI_DATA,AP,98:F4:AB:29:67:94,-68,11,1,3,1,1,1,1,0,0,0,-96,1,6,1,95304010,0,84,0,0,95.6863,384,[84 -64 4 0 0 0 0 0 0 0 0 0 -9 -8 -11 -8 -11 -10 -10 -11 -11 -10 -11 -10 -11 -10 -11 -11 -12 -11 -12 -12 -12 -12 -12 -13 -13 -14 -11 -12 -12 -13 -12 -14 -13 -13 -12 -14 -12 -13 -13 -12 -14 -15 -13 -14 -13 -15 -13 -14 -14 -17 -15 -15 0 0 -15 -15 -16 -16 -16 -16 -15 -15 -15 -14 -15 -17 -16 -15 -15 -16 -16 -15 -18 -17 -17 -15 -16 -16 -17 -16 -14 -17 -17 -16 -16 -15 -17 -16 -16 -15 -18 -15 -17 -14 -18 -16 -18 -16 -17 -15 -17 -14 -16 -16 -16 -15 0 0 0 0 0 0 0 0 0 0 ]
707,1782980380.383859,17.1172,-68,CSI_DATA,AP,98:F4:AB:29:67:94,-68,11,1,3,1,1,1,1,0,0,0,-96,1,6,1,95393846,0,84,0,0,95.7761,384,[84 -64 4 0 0 0 0 0 0 0 0 0 9 -8 8 -8 10 -8 9 -8 10 -8 10 -8 10 -8 10 -9 11 -9 11 -9 10 -8 12 -9 11 -8 12 -8 12 -8 14 -9 12 -9 13 -8 12 -9 12 -9 13 -9 13 -9 13 -10 14 -9 14 -9 15 -10 0 0 14 -10 15 -11 13 -9 14 -11 15 -10 14 -11 15 -11 15 -11 17 -13 14 -11 16 -12 15 -10 15 -10 16 -11 16 -12 15 -12 17 -13 15 -13 17 -12 15 -13 17 -11 16 -11 17 -12 15 -11 16 -11 15 -11 0 0 0 0 0 0 0 0 0 0 ]
708,1782980380.474142,18.1499,-69,CSI_DATA,AP,98:F4:AB:29:67:94,-69,11,1,5,1,1,1,1,0,0,0,-96,1,6,1,95482839,0,84,0,0,95.8651,384,[84 -64 4 0 0 0 0 0 0 0 0 0 -7 -10 -8 -9 -8 -10 -7 -9 -9 -10 -9 -11 -9 -11 -8 -11 -10 -10 -9 -11 -9 -12 -8 -13 -8 -13 -8 -12 -8 -13 -11 -13 -8 -10 -9 -12 -9 -12 -10 -12 -11 -13 -11 -13 -10 -14 -10 -15 -11 -15 -10 -15 0 0 -11 -13 -13 -15 -11 -14 -13 -15 -10 -14 -12 -15 -12 -15 -12 -16 -13 -15 -13 -16 -14 -15 -12 -15 -13 -15 -12 -14 -15 -14 -13 -13 -14 -15 -14 -14 -15 -14 -14 -14 -13 -14 -14 -14 -14 -16 -14 -14 -14 -14 -12 -14 0 0 0 0 0 0 0 0 0 0 ]
709,1782980380.564527,17.8956,-69,CSI_DATA,AP,98:F4:AB:29:67:94,-69,11,1,5,1,1,1,1,0,0,0,-96,1,6,1,95571456,0,84,0,0,95.9538,384,[84 -64 4 0 0 0 0 0 0 0 0 0 -11 4 -12 3 -12 4 -13 4 -12 5 -13 2 -13 3 -13 2 -13 4 -13 4 -14 4 -15 3 -15 3 -15 3 -13 3 -15 3 -15 5 -13 4 -16 2 -15 3 -16 4 -16 3 -16 3 -17 3 -17 2 -18 4 0 0 -17 3 -18 2 -19 3 -18 3 -18 3 -18 3 -19 3 -19 2 -19 3 -20 4 -19 3 -19 2 -18 3 -20 2 -19 2 -19 2 -20 3 -20 3 -20 2 -20 3 -20 2 -20 1 -19 2 -19 3 -19 2 -19 3 0 0 0 0 0 0 0 0 0 0 ]
710,1782980380.653725,16.7699,-70,CSI_DATA,AP,98:F4:AB:29:67:94,-70,11,1,5,1,1,1,1,0,0,0,-96,1,6,1,95663781,0,84,0,0,96.0461,384,[84 -64 4 0 0 0 0 0 0 0 0 0 1 11 1 11 0 12 0 12 -1 12 -1 11 -1 13 -1 12 0 12 -1 12 0 13 0 14 -1 14 -1 14 -2 14 -1 15 -1 14 -2 14 -1 13 -1 15 -2 15 -1 15 -2 16 -2 16 0 16 -1 16 0 0 -2 17 -2 17 -1 17 -1 17 -1 17 -1 19 -2 19 -2 19 -2 19 -1 19 -1 19 -1 18 -1 19 -1 19 -2 19 -1 18 -1 19 -1 19 -1 18 -1 19 -2 18 -2 19 -1 19 -1 18 -1 17 -1 17 0 0 0 0 0 0 0 0 0 0 ]
711,1782980380.744281,17.3475,-69,CSI_DATA,AP,98:F4:AB:29:67:94,-69,11,1,5,1,1,1,1,0,0,0,-96,1,6,1,95751710,0,84,0,0,96.1339,384,[84 -64 4 0 0 0 0 0 0 0 0 0 10 6 10 6 11 7 11 6 11 7 10 8 11 7 11 7 11 7 11 9 13 9 13 10 13 10 12 11 11 9 13 10 12 9 12 10 13 8 13 8 13 10 15 10 15 11 13 12 15 11 15 12 0 0 15 12 16 12 15 11 16 11 15 12 16 12 16 13 17 12 16 12 17 13 16 12 15 13 16 13 16 12 16 12 16 11 18 12 17 11 18 12 18 11 18 13 17 13 17 13 17 13 16 13 15 12 0 0 0 0 0 0 0 0 0 0 ]
712,1782980380.835062,17.2745,-68,CSI_DATA,AP,98:F4:AB:29:67:94,-68,11,1,4,1,1,1,1,0,0,0,-96,1,6,1,95843174,0,84,0,0,96.2255,384,[84 -64 4 0 0 0 0 0 0 0 0 0 9 -7 9 -6 10 -7 10 -6 10 -7 9 -6 10 -7 11 -6 12 -7 12 -7 11 -7 13 -7 13 -7 13 -7 12 -6 13 -8 12 -8 12 -8 12 -7 13 -8 13 -8 13 -9 14 -8 15 -8 15 -8 14 -9 0 0 14 -10 16 -9 14 -10 15 -12 14 -9 15 -10 16 -10 16 -11 16 -11 16 -11 16 -12 17 -10 17 -11 16 -10 16 -13 15 -12 16 -13 15 -11 16 -12 15 -13 16 -11 15 -13 17 -11 16 -12 15 -11 15 -11 0 0 0 0 0 0 0 0 0 0 ]
713,1782980380.924195,19.7790,-68,CSI_DATA,AP,98:F4:AB:29:67:94,-68,11,1,4,1,1,1,1,0,0,0,-96,1,6,1,95935945,0,84,0,0,96.3182,384,[84 -64 4 0 0 0 0 0 0 0 0 0 -10 10 -10 7 -12 9 -13 8 -12 7 -12 8 -13 9 -14 7 -13 11 -14 8 -16 8 -13 7 -13 9 -15 9 -12 9 -14 9 -14 9 -14 10 -13 9 -15 11 -14 10 -15 12 -16 10 -17 12 -17 13 -16 10 0 0 -16 13 -17 14 -15 13 -15 15 -15 13 -15 13 -17 15 -18 14 -18 13 -17 15 -17 14 -16 14 -16 14 -15 14 -17 16 -15 16 -17 16 -15 15 -16 15 -14 15 -18 15 -17 15 -17 16 -18 17 -17 15 -16 14 0 0 0 0 0 0 0 0 0 0 ]
714,1782980381.013900,19.3138,-68,CSI_DATA,AP,98:F4:AB:29:67:94,-68,11,1,4,1,1,1,1,0,0,0,-96,1,6,1,96024572,0,84,0,0,96.4069,384,[84 -64 4 0 0 0 0 0 0 0 0 0 -8 -10 -7 -10 -8 -10 -8 -10 -8 -11 -7 -11 -7 -11 -7 -11 -8 -12 -8 -12 -9 -13 -8 -12 -9 -14 -9 -13 -8 -12 -8 -14 -8 -13 -9 -12 -8 -13 -8 -14 -9 -14 -9 -15 -9 -14 -10 -14 -10 -15 -10 -15 0 0 -9 -15 -10 -16 -11 -16 -11 -16 -10 -15 -10 -16 -11 -17 -10 -17 -11 -18 -12 -18 -12 -18 -11 -16 -12 -17 -10 -18 -11 -17 -12 -16 -11 -18 -11 -16 -11 -17 -11 -17 -10 -17 -10 -18 -11 -17 -12 -17 -11 -16 -11 -17 0 0 0 0 0 0 0 0 0 0 ]
715,1782980381.104824,18.2776,-68,CSI_DATA,AP,98:F4:AB:29:67:94,-68,11,1,4,1,1,1,1,0,0,0,-96,1,6,1,96116334,0,84,0,0,96.4986,384,[84 -64 4 0 0 0 0 0 0 0 0 0 6 9 6 9 6 9 7 9 8 11 6 9 6 10 6 10 6 12 7 11 6 11 6 12 6 12 6 13 7 12 7 13 8 12 8 12 7 12 8 13 8 12 9 13 8 15 9 14 8 15 8 14 0 0 9 14 9 15 9 15 10 14 7 14 9 17 9 16 10 15 9 16 11 16 11 16 9 16 9 17 9 15 10 17 10 15 11 16 9 16 10 16 10 16 9 16 9 16 9 17 10 16 9 16 9 15 0 0 0 0 0 0 0 0 0 0 ]
716,1782980381.193905,18.8229,-69,CSI_DATA,AP,98:F4:AB:29:67:94,-69,11,1,5,1,1,1,1,0,0,0,-96,1,6,1,96201380,0,84,0,0,96.5837,384,[84 -64 4 0 0 0 0 0 0 0 0 0 6 -14 5 -12 5 -13 4 -13 5 -14 4 -11 5 -12 6 -13 6 -15 8 -14 6 -15 7 -15 7 -14 8 -15 6 -13 7 -14 6 -15 6 -16 8 -15 6 -15 8 -17 7 -15 8 -17 9 -16 9 -17 9 -18 0 0 9 -18 10 -19 9 -18 8 -19 8 -17 9 -19 11 -19 10 -18 11 -19 10 -20 10 -20 11 -18 9 -19 9 -17 9 -21 9 -19 10 -21 11 -18 9 -20 8 -21 11 -20 10 -20 12 -20 11 -21 10 -18 10 -18 0 0 0 0 0 0 0 0 0 0 ]
717,1782980381.284294,17.7267,-69,CSI_DATA,AP,98:F4:AB:29:67:94,-69,11,1,5,1,1,1,1,0,0,0,-96,1,6,1,96293108,0,84,0,0,96.6754,384,[84 -64 4 0 0 0 0 0 0 0 0 0 8 -8 8 -7 9 -8 10 -7 10 -7 9 -7 10 -6 9 -6 10 -6 13 -7 12 -8 13 -7 13 -7 14 -8 11 -5 12 -8 12 -8 12 -7 12 -7 11 -7 14 -7 14 -8 14 -7 14 -9 15 -8 15 -8 0 0 16 -8 15 -10 16 -8 15 -10 16 -9 17 -9 16 -9 14 -9 17 -9 18 -10 16 -10 17 -8 16 -9 16 -9 16 -10 15 -12 16 -10 16 -10 17 -10 16 -10 16 -9 16 -9 16 -9 15 -10 15 -8 17 -9 0 0 0 0 0 0 0 0 0 0 ]
718,1782980381.375147,18.9754,-70,CSI_DATA,AP,98:F4:AB:29:67:94,-70,11,1,5,1,1,1,1,0,0,0,-96,1,6,1,96384106,0,84,0,0,96.7664,384,[84 -64 4 0 0 0 0 0 0 0 0 0 -1 -12 0 -15 0 -14 0 -12 0 -15 1 -14 1 -14 3 -15 2 -13 3 -14 1 -16 1 -17 3 -17 2 -17 3 -16 2 -17 1 -17 2 -15 2 -16 3 -17 1 -18 2 -17 2 -17 3 -19 2 -20 3 -20 0 0 3 -20 2 -20 3 -21 2 -20 4 -19 3 -22 3 -22 3 -23 4 -21 3 -22 4 -22 3 -22 4 -21 5 -22 3 -22 2 -21 3 -23 3 -21 3 -22 4 -22 4 -22 5 -21 3 -22 4 -22 3 -20 3 -21 0 0 0 0 0 0 0 0 0 0 ]
719,1782980381.467154,21.1967,-70,CSI_DATA,AP,98:F4:AB:29:67:94,-70,11,1,5,1,1,1,1,0,0,0,-96,1,6,1,96479493,0,84,0,0,96.8618,384,[84 -64 4 0 0 0 0 0 0 0 0 0 -15 1 -15 1 -14 -1 -15 0 -16 -1 -16 0 -14 -2 -15 -1 -18 -1 -17 -1 -18 1 -19 -1 -18 -1 -19 -2 -18 -2 -19 0 -19 0 -18 0 -17 -1 -19 0 -19 0 -21 -2 -20 -1 -21 -1 -23 -2 -22 -1 0 0 -22 0 -23 -1 -22 0 -23 2 -22 0 -24 0 -25 -1 -24 -1 -24 -1 -24 1 -26 0 -24 -1 -24 0 -24 -1 -25 0 -25 2 -24 1 -23 1 -26 0 -24 1 -25 2 -25 0 -24 0 -25 1 -24 1 -24 1 0 0 0 0 0 0 0 0 0 0 ]
720,1782980381.560398,18.8032,-70,CSI_DATA,AP,98:F4:AB:29:67:94,-70,11,1,5,1,1,1,1,0,0,0,-96,1,6,1,96563490,0,84,0,0,96.9457,384,[84 -64 4 0 0 0 0 0 0 0 0 0 4 11 3 10 3 11 3 11 4 13 1 11 2 13 1 11 3 12 1 13 1 13 2 14 1 14 1 13 1 13 3 15 2 13 2 14 3 13 3 13 2 15 4 14 2 15 2 16 3 16 3 16 0 0 3 16 4 17 4 17 4 18 3 17 3 17 3 18 3 19 3 18 3 19 3 18 2 19 2 18 3 17 5 18 4 18 4 19 4 17 5 18 4 18 3 19 4 19 4 19 5 19 2 17 3 17 0 0 0 0 0 0 0 0 0 0 ]
721,1782980381.650738,17.3641,-70,CSI_DATA,AP,98:F4:AB:29:67:94,-70,11,1,5,1,1,1,1,0,0,0,-96,1,6,1,96653329,0,84,0,0,97.0356,384,[84 -64 4 0 0 0 0 0 0 0 0 0 11 3 10 3 12 4 10 4 11 4 10 7 9 5 11 6 12 5 12 7 11 5 12 6 12 7 11 7 11 6 13 6 12 6 12 5 12 6 13 7 12 7 13 7 13 7 13 8 14 8 14 8 0 0 14 8 15 8 15 8 15 8 14 9 15 9 15 9 17 10 16 9 16 9 15 9 16 9 15 8 15 10 15 9 16 8 17 10 16 9 15 9 16 9 15 10 16 9 15 11 17 9 14 10 15 9 0 0 0 0 0 0 0 0 0 0 ]
722,1782980381.741644,17.9504,-69,CSI_DATA,AP,98:F4:AB:29:67:94,-69,11,1,5,1,1,1,1,0,0,0,-96,1,6,1,96744850,0,84,0,0,97.1271,384,[84 -64 4 0 0 0 0 0 0 0 0 0 11 6 12 5 11 7 10 7 12 6 12 7 12 7 10 7 12 9 12 8 12 10 11 8 13 9 13 10 11 10 12 10 13 10 12 10 12 9 12 9 13 10 13 10 13 11 15 10 15 12 15 11 0 0 15 12 15 12 15 11 17 11 15 13 16 13 15 14 15 13 16 13 16 14 16 13 15 13 16 14 16 13 16 13 16 12 17 14 16 13 16 15 17 14 16 14 15 15 15 16 16 13 14 14 15 13 0 0 0 0 0 0 0 0 0 0 ]
723,1782980381.832190,18.8236,-71,CSI_DATA,AP,98:F4:AB:29:67:94,-71,11,1,6,1,1,1,1,0,0,0,-96,1,6,1,96831497,0,84,0,0,97.2138,384,[84 -64 4 0 0 0 0 0 0 0 0 0 -8 11 -8 9 -9 11 -10 10 -9 11 -8 10 -8 11 -9 10 -9 11 -9 10 -10 12 -10 13 -11 11 -11 11 -10 13 -10 12 -10 12 -11 11 -8 13 -9 14 -11 13 -12 13 -11 15 -12 14 -12 15 -11 14 0 0 -11 15 -11 16 -10 15 -10 17 -12 15 -11 16 -11 17 -10 16 -12 18 -10 20 -12 17 -12 16 -12 17 -12 17 -12 18 -10 18 -12 18 -10 17 -11 18 -11 19 -12 18 -12 19 -11 19 -11 18 -10 17 -11 17 0 0 0 0 0 0 0 0 0 0 ]
724,1782980381.925555,17.9732,-71,CSI_DATA,AP,98:F4:AB:29:67:94,-71,11,1,6,1,1,1,1,0,0,0,-96,1,6,1,96924718,0,84,0,0,97.307,384,[84 -64 4 0 0 0 0 0 0 0 0 0 9 -9 9 -8 11 -11 8 -9 10 -8 10 -8 11 -8 10 -9 12 -9 13 -8 11 -9 12 -9 11 -9 12 -10 12 -8 12 -11 12 -10 12 -10 13 -7 13 -9 14 -10 14 -10 14 -11 14 -11 15 -10 14 -12 0 0 14 -12 15 -11 14 -11 15 -12 16 -11 15 -13 16 -12 17 -13 16 -12 16 -14 17 -13 17 -13 17 -12 15 -11 16 -12 17 -12 17 -14 15 -12 16 -13 17 -13 16 -12 16 -12 17 -13 19 -11 17 -11 16 -12 0 0 0 0 0 0 0 0 0 0 ]
725,1782980382.017302,18.8232,-71,CSI_DATA,AP,98:F4:AB:29:67:94,-71,11,1,6,1,1,1,1,0,0,0,-96,1,6,1,97014598,0,84,0,0,97.3969,384,[84 -64 4 0 0 0 0 0 0 0 0 0 6 12 5 13 5 13 5 14 4 14 4 14 4 14 3 15 5 15 3 15 5 16 5 15 6 17 3 16 4 16 6 17 5 15 5 14 5 17 5 17 4 18 6 16 5 18 6 18 6 19 5 19 0 0 6 18 7 20 6 20 8 19 6 20 6 21 7 22 8 21 7 22 8 21 7 21 6 23 7 21 6 22 8 21 8 20 9 22 7 21 8 21 7 22 7 22 7 22 5 23 7 22 7 22 6 20 0 0 0 0 0 0 0 0 0 0 ]
726,1782980382.109478,18.0968,-70,CSI_DATA,AP,98:F4:AB:29:67:94,-70,11,1,6,1,1,1,1,0,0,0,-96,1,6,1,97106694,0,84,0,0,97.489,384,[84 -64 4 0 0 0 0 0 0 0 0 0 -3 12 -3 10 -4 11 -4 10 -5 11 -4 11 -5 12 -6 11 -4 13 -5 12 -5 11 -6 13 -6 12 -6 12 -6 12 -5 13 -6 13 -5 13 -5 13 -4 13 -6 14 -5 15 -6 14 -4 15 -6 16 -5 15 0 0 -5 15 -5 17 -6 17 -5 17 -4 16 -5 17 -6 18 -5 17 -6 17 -6 18 -7 18 -6 17 -6 18 -5 18 -6 17 -5 17 -5 19 -6 17 -6 17 -6 18 -6 19 -7 19 -6 17 -5 18 -6 17 -6 17 0 0 0 0 0 0 0 0 0 0 ]
727,1782980382.202180,16.2442,-71,CSI_DATA,AP,98:F4:AB:29:67:94,-71,11,1,6,1,1,1,1,0,0,0,-96,1,6,1,97194044,0,84,0,0,97.5764,384,[84 -64 4 0 0 0 0 0 0 0 0 0 12 1 11 1 11 1 12 2 12 2 11 2 12 2 13 2 13 2 12 2 12 2 13 3 14 3 13 3 13 3 13 2 13 2 14 2 13 2 15 1 14 1 15 1 16 2 14 2 15 2 15 2 0 0 16 1 17 1 17 0 17 0 16 1 17 0 19 1 18 0 19 1 19 0 19 0 18 1 19 1 17 1 19 0 18 -2 19 0 18 -1 18 -1 19 -3 20 -2 19 0 19 -1 19 -1 19 0 17 0 0 0 0 0 0 0 0 0 0 0 ]
728,1782980382.292605,16.4021,-70,CSI_DATA,AP,98:F4:AB:29:67:94,-70,11,1,6,1,1,1,1,0,0,0,-96,1,6,1,97281289,0,84,0,0,97.6635,384,[84 -64 4 0 0 0 0 0 0 0 0 0 2 -11 2 -13 3 -13 2 -12 3 -12 3 -12 3 -13 2 -12 3 -13 4 -13 2 -13 5 -14 4 -15 5 -13 4 -13 4 -15 4 -15 4 -13 5 -14 4 -15 3 -15 4 -15 4 -14 5 -18 4 -16 4 -17 0 0 5 -16 5 -17 5 -16 3 -17 6 -17 5 -18 5 -17 6 -18 5 -18 5 -19 5 -19 6 -17 6 -17 5 -18 4 -18 4 -18 6 -20 5 -19 6 -19 4 -18 6 -20 5 -19 6 -20 6 -18 6 -18 5 -17 0 0 0 0 0 0 0 0 0 0 ]
729,1782980382.382572,15.8259,-70,CSI_DATA,AP,98:F4:AB:29:67:94,-70,11,1,6,1,1,1,1,0,0,0,-96,1,6,1,97372384,0,84,0,0,97.7547,384,[84 -64 4 0 0 0 0 0 0 0 0 0 5 9 3 10 5 11 5 10 5 11 4 10 4 10 4 11 6 11 6 11 4 13 5 12 5 14 6 13 4 12 7 13 6 13 6 12 5 13 6 14 5 13 6 13 6 13 7 13 7 14 6 14 0 0 7 16 8 14 8 16 8 14 7 16 8 16 7 18 7 17 8 18 8 17 8 16 8 16 8 16 7 16 8 16 10 16 9 17 9 17 9 18 9 16 8 17 8 16 8 17 9 17 8 16 8 16 0 0 0 0 0 0 0 0 0 0 ]
730,1782980382.474984,16.5505,-70,CSI_DATA,AP,98:F4:AB:29:67:94,-70,11,1,6,1,1,1,1,0,0,0,-96,1,6,1,97467949,0,84,0,0,97.8502,384,[84 -64 4 0 0 0 0 0 0 0 0 0 -13 -2 -12 -4 -13 -4 -13 -4 -13 -4 -12 -5 -11 -4 -12 -4 -13 -5 -13 -5 -14 -4 -14 -6 -14 -6 -15 -5 -14 -6 -14 -5 -14 -4 -13 -5 -14 -6 -14 -5 -14 -5 -16 -5 -16 -5 -16 -5 -18 -6 -18 -6 0 0 -16 -6 -17 -6 -18 -7 -18 -5 -17 -6 -18 -6 -18 -7 -19 -5 -18 -7 -18 -5 -20 -5 -17 -7 -19 -7 -19 -7 -19 -6 -19 -7 -19 -6 -19 -6 -19 -6 -19 -6 -19 -6 -20 -6 -18 -8 -19 -7 -19 -6 -18 -6 0 0 0 0 0 0 0 0 0 0 ]
731,1782980382.566168,18.1446,-71,CSI_DATA,AP,98:F4:AB:29:67:94,-71,11,1,6,1,1,1,1,0,0,0,-96,1,6,1,97552050,0,84,0,0,97.9343,384,[84 -64 4 0 0 0 0 0 0 0 0 0 6 11 7 12 6 10 8 11 6 12 5 11 6 13 6 13 6 14 6 13 5 13 5 15 5 14 6 14 5 13 7 15 5 14 7 14 6 14 7 13 6 15 8 15 7 16 7 16 7 18 8 17 0 0 7 17 8 17 8 17 8 16 7 18 8 18 9 19 9 18 9 19 8 19 8 19 8 17 7 19 8 18 7 17 10 18 9 18 8 20 9 18 10 18 8 19 10 19 8 20 8 18 8 18 8 17 0 0 0 0 0 0 0 0 0 0 ]
732,1782980382.658293,18.3977,-71,CSI_DATA,AP,98:F4:AB:29:67:94,-71,11,1,6,1,1,1,1,0,0,0,-96,1,6,1,97646047,0,84,0,0,98.0284,384,[84 -64 4 0 0 0 0 0 0 0 0 0 9 -8 9 -6 11 -8 9 -7 9 -7 9 -6 10 -7 10 -7 11 -8 11 -6 10 -8 12 -6 12 -7 12 -7 12 -6 12 -9 12 -8 12 -8 10 -9 12 -9 13 -9 12 -9 13 -10 16 -9 14 -10 13 -9 0 0 13 -11 13 -11 15 -10 14 -12 14 -10 15 -12 15 -10 16 -11 14 -11 15 -12 14 -12 15 -10 15 -11 15 -11 14 -12 13 -13 15 -12 12 -14 15 -12 13 -13 15 -12 13 -12 15 -13 14 -12 15 -11 14 -12 0 0 0 0 0 0 0 0 0 0 ]
733,1782980382.750411,18.1104,-71,CSI_DATA,AP,98:F4:AB:29:67:94,-71,11,1,6,1,1,1,1,0,0,0,-96,1,6,1,97732464,0,84,0,0,98.1148,384,[84 -64 4 0 0 0 0 0 0 0 0 0 -8 -9 -8 -9 -8 -9 -9 -10 -9 -9 -8 -9 -8 -10 -7 -11 -9 -11 -8 -10 -9 -11 -9 -11 -9 -12 -9 -12 -8 -12 -10 -12 -11 -12 -9 -12 -10 -12 -10 -12 -9 -13 -11 -13 -10 -13 -11 -14 -11 -13 -12 -15 0 0 -11 -15 -11 -15 -10 -15 -12 -14 -11 -15 -11 -15 -12 -15 -11 -16 -12 -15 -12 -17 -12 -16 -12 -16 -11 -16 -11 -16 -13 -15 -12 -16 -12 -17 -12 -15 -12 -16 -12 -16 -11 -16 -11 -16 -11 -17 -12 -16 -11 -16 -11 -16 0 0 0 0 0 0 0 0 0 0 ]
734,1782980382.841292,19.8196,-68,CSI_DATA,AP,98:F4:AB:29:67:94,-68,11,1,4,1,1,1,1,0,0,0,-96,1,6,1,97825186,0,84,0,0,98.2075,384,[84 -64 4 0 0 0 0 0 0 0 0 0 -13 -6 -12 -6 -13 -8 -13 -7 -13 -8 -12 -8 -12 -9 -12 -8 -13 -8 -14 -10 -15 -9 -14 -10 -14 -10 -15 -10 -15 -10 -13 -11 -14 -10 -14 -10 -15 -11 -14 -10 -15 -11 -15 -11 -15 -11 -16 -10 -16 -13 -18 -13 0 0 -16 -13 -18 -13 -18 -12 -17 -10 -17 -12 -17 -14 -18 -12 -18 -13 -19 -14 -18 -13 -18 -13 -19 -13 -17 -13 -18 -14 -17 -13 -18 -13 -19 -13 -19 -12 -18 -14 -19 -13 -19 -14 -19 -14 -18 -14 -19 -14 -18 -13 -18 -13 0 0 0 0 0 0 0 0 0 0 ]
735,1782980382.933647,18.3738,-70,CSI_DATA,AP,98:F4:AB:29:67:94,-70,11,1,5,1,1,1,1,0,0,0,-96,1,6,1,97915781,0,84,0,0,98.298,384,[84 -64 4 0 0 0 0 0 0 0 0 0 11 2 11 2 12 3 11 2 11 3 11 3 11 3 11 3 12 3 13 4 12 5 14 5 13 5 13 4 13 5 13 3 13 4 13 4 12 4 14 4 14 3 15 4 15 5 15 5 15 6 16 4 0 0 16 3 16 5 16 5 16 4 16 5 17 4 18 6 17 5 18 5 18 4 18 4 17 6 19 5 18 5 17 4 18 4 19 5 18 3 18 5 18 4 19 5 17 5 18 4 17 5 17 4 17 3 0 0 0 0 0 0 0 0 0 0 ]
736,1782980383.023775,16.9739,-70,CSI_DATA,AP,98:F4:AB:29:67:94,-70,11,1,6,1,1,1,1,0,0,0,-96,1,6,1,98001481,0,84,0,0,98.3837,384,[84 -64 4 0 0 0 0 0 0 0 0 0 8 -8 9 -6 8 -7 9 -7 10 -8 9 -7 11 -8 10 -7 10 -8 10 -7 11 -7 13 -6 12 -7 11 -7 11 -7 11 -8 11 -7 12 -8 12 -8 12 -9 13 -9 13 -10 13 -8 13 -9 14 -9 14 -9 0 0 14 -10 14 -10 14 -11 14 -12 15 -10 15 -11 15 -10 16 -11 16 -10 17 -11 17 -11 16 -10 15 -10 15 -10 15 -11 13 -12 17 -11 16 -12 16 -12 15 -13 15 -11 15 -12 17 -12 15 -12 16 -10 14 -11 0 0 0 0 0 0 0 0 0 0 ]
737,1782980383.114145,16.9218,-71,CSI_DATA,AP,98:F4:AB:29:67:94,-71,11,1,6,1,1,1,1,0,0,0,-96,1,6,1,98095079,0,84,0,0,98.4774,384,[84 -64 4 0 0 0 0 0 0 0 0 0 9 -7 8 -8 9 -9 11 -8 12 -9 10 -9 10 -9 10 -7 12 -10 11 -10 12 -9 13 -9 13 -7 13 -9 11 -8 12 -9 12 -9 13 -9 13 -9 13 -10 13 -10 14 -11 15 -10 15 -11 15 -10 15 -11 0 0 15 -12 15 -11 16 -12 15 -13 16 -11 17 -13 17 -13 16 -12 17 -12 18 -13 16 -12 16 -11 18 -12 17 -12 17 -12 16 -12 17 -13 17 -13 18 -12 17 -13 17 -12 17 -11 18 -12 18 -14 17 -12 17 -11 0 0 0 0 0 0 0 0 0 0 ]
738,1782980383.205837,17.3422,-70,CSI_DATA,AP,98:F4:AB:29:67:94,-70,11,1,5,1,1,1,1,0,0,0,-96,1,6,1,98182502,0,84,0,0,98.5648,384,[84 -64 4 0 0 0 0 0 0 0 0 0 -12 -1 -12 -1 -12 -2 -13 -1 -13 0 -12 -1 -13 -1 -13 -2 -12 -1 -14 0 -14 -2 -15 -2 -14 -2 -15 -3 -15 -2 -15 -2 -15 -2 -15 -2 -15 -1 -15 -2 -17 -3 -16 -2 -17 -2 -17 -2 -18 -2 -17 -2 0 0 -18 -2 -18 -3 -18 -2 -19 -1 -17 -2 -19 -3 -19 -2 -19 -2 -20 -2 -20 -1 -20 -2 -19 -2 -19 -2 -19 -2 -19 -2 -19 -1 -20 -2 -20 -2 -19 -2 -20 -1 -20 -2 -20 -3 -20 -2 -19 -3 -19 -3 -19 -2 0 0 0 0 0 0 0 0 0 0 ]
739,1782980383.295348,17.7341,-68,CSI_DATA,AP,98:F4:AB:29:67:94,-68,11,1,4,1,1,1,1,0,0,0,-96,1,6,1,98273042,0,84,0,0,98.6553,384,[84 -64 4 0 0 0 0 0 0 0 0 0 -11 -2 -12 -1 -12 -1 -13 -1 -13 -2 -12 -1 -13 -2 -13 -2 -13 -1 -14 -2 -14 -3 -14 -2 -15 -3 -15 -3 -15 -3 -15 -3 -14 -2 -15 -2 -15 -2 -15 -2 -16 -3 -17 -3 -17 -3 -17 -3 -18 -3 -17 -3 0 0 -18 -3 -20 -3 -19 -2 -19 -2 -18 -3 -19 -4 -20 -3 -20 -3 -19 -3 -20 -3 -20 -3 -20 -3 -20 -3 -21 -3 -20 -2 -20 -2 -20 -3 -20 -2 -20 -3 -21 -3 -21 -3 -20 -4 -21 -3 -20 -4 -19 -4 -19 -3 0 0 0 0 0 0 0 0 0 0 ]
740,1782980383.387407,17.9916,-68,CSI_DATA,AP,98:F4:AB:29:67:94,-68,11,1,4,1,1,1,1,0,0,0,-96,1,6,1,98362645,0,84,0,0,98.7449,384,[84 -64 4 0 0 0 0 0 0 0 0 0 4 -11 3 -12 4 -12 3 -11 3 -12 3 -12 4 -12 4 -12 4 -13 4 -14 4 -14 5 -13 4 -13 5 -14 4 -13 4 -15 4 -13 5 -15 4 -12 6 -14 6 -15 6 -16 6 -15 5 -15 7 -16 5 -16 0 0 7 -15 7 -18 6 -17 5 -19 6 -16 7 -17 7 -17 7 -17 7 -18 9 -18 6 -19 6 -18 7 -19 7 -16 6 -19 5 -19 7 -20 6 -17 6 -19 7 -18 7 -18 9 -20 8 -20 6 -19 6 -18 8 -17 0 0 0 0 0 0 0 0 0 0 ]
741,1782980383.476895,19.4239,-70,CSI_DATA,AP,98:F4:AB:29:67:94,-70,11,1,5,1,1,1,1,0,0,0,-96,1,6,1,98454168,0,84,0,0,98.8365,384,[84 -64 4 0 0 0 0 0 0 0 0 0 -10 8 -10 8 -11 9 -12 8 -11 9 -11 8 -11 10 -12 8 -11 8 -12 8 -12 8 -14 9 -13 10 -14 9 -14 8 -14 9 -13 9 -13 9 -14 10 -13 10 -14 10 -14 11 -15 9 -16 9 -17 11 -16 11 0 0 -16 10 -17 12 -17 12 -16 11 -17 12 -17 12 -18 11 -18 12 -18 12 -19 13 -18 13 -17 11 -18 12 -17 12 -17 12 -17 14 -18 13 -16 13 -18 13 -17 14 -18 13 -18 12 -19 11 -18 13 -18 12 -18 11 0 0 0 0 0 0 0 0 0 0 ]
742,1782980383.567755,20.1231,-70,CSI_DATA,AP,98:F4:AB:29:67:94,-70,11,1,5,1,1,1,1,0,0,0,-96,1,6,1,98543414,0,84,0,0,98.9257,384,[84 -64 4 0 0 0 0 0 0 0 0 0 -13 -5 -13 -5 -13 -6 -14 -6 -13 -7 -12 -7 -12 -6 -14 -6 -14 -7 -14 -6 -14 -7 -14 -7 -14 -7 -15 -9 -14 -9 -15 -8 -14 -9 -14 -8 -15 -9 -15 -9 -16 -9 -16 -10 -16 -10 -17 -10 -17 -11 -18 -10 0 0 -17 -10 -18 -10 -18 -11 -19 -9 -17 -10 -18 -11 -19 -11 -17 -10 -19 -11 -21 -12 -19 -11 -18 -12 -19 -12 -18 -12 -20 -11 -19 -11 -20 -11 -18 -11 -20 -11 -21 -11 -18 -12 -19 -12 -18 -12 -19 -12 -17 -11 -18 -10 0 0 0 0 0 0 0 0 0 0 ]
743,1782980383.661882,19.4509,-69,CSI_DATA,AP,98:F4:AB:29:67:94,-69,11,1,5,1,1,1,1,0,0,0,-96,1,6,1,98631403,0,84,0,0,99.0137,384,[84 -64 4 0 0 0 0 0 0 0 0 0 9 -9 8 -8 9 -9 8 -9 9 -8 9 -7 9 -8 9 -8 10 -8 11 -9 10 -8 11 -9 12 -9 12 -9 10 -10 11 -10 11 -10 11 -10 11 -10 11 -10 10 -11 13 -12 13 -10 13 -11 15 -10 13 -11 0 0 13 -12 14 -12 14 -12 13 -14 12 -11 13 -13 13 -14 13 -13 15 -13 14 -15 14 -14 13 -12 14 -13 14 -12 14 -14 12 -14 14 -15 12 -13 12 -14 13 -15 13 -14 14 -15 15 -15 14 -14 14 -14 12 -13 0 0 0 0 0 0 0 0 0 0 ]
744,1782980383.751928,20.3098,-68,CSI_DATA,AP,98:F4:AB:29:67:94,-68,11,1,4,1,1,1,1,0,0,0,-96,1,6,1,98728523,0,84,0,0,99.1108,384,[84 -64 4 0 0 0 0 0 0 0 0 0 1 13 0 12 0 13 0 13 0 14 0 12 -2 14 -2 14 0 14 -2 17 -2 16 -3 16 -2 15 -2 16 -2 15 -2 17 -2 15 -2 17 -2 15 -1 17 -3 17 -1 18 -3 18 -3 18 -3 20 -2 19 0 0 -3 19 -2 21 -2 20 -1 21 -3 19 -3 21 -3 21 -3 21 -4 22 -3 23 -3 22 -4 21 -4 22 -3 21 -2 22 -1 21 -4 24 -2 21 -2 21 -3 21 -3 21 -3 23 -4 23 -3 22 -4 21 -3 20 0 0 0 0 0 0 0 0 0 0 ]
745,1782980383.843877,20.8329,-68,CSI_DATA,AP,98:F4:AB:29:67:94,-68,11,1,4,1,1,1,1,0,0,0,-96,1,6,1,98812849,0,84,0,0,99.1951,384,[84 -64 4 0 0 0 0 0 0 0 0 0 -8 -11 -8 -11 -9 -12 -10 -12 -9 -12 -9 -11 -8 -12 -8 -13 -9 -13 -8 -14 -9 -13 -10 -14 -10 -15 -9 -15 -9 -14 -10 -15 -10 -16 -11 -13 -10 -15 -11 -15 -11 -15 -11 -16 -11 -16 -11 -16 -12 -18 -11 -17 0 0 -12 -17 -13 -18 -12 -17 -13 -17 -12 -17 -14 -18 -12 -19 -13 -19 -13 -19 -14 -19 -14 -19 -13 -19 -13 -18 -12 -19 -14 -19 -14 -18 -14 -18 -14 -17 -14 -19 -13 -19 -13 -19 -14 -19 -13 -20 -14 -19 -13 -18 -13 -17 0 0 0 0 0 0 0 0 0 0 ]
746,1782980383.936030,18.3728,-68,CSI_DATA,AP,98:F4:AB:29:67:94,-68,11,1,4,1,1,1,1,0,0,0,-96,1,6,1,98905820,0,84,0,0,99.2881,384,[84 -64 4 0 0 0 0 0 0 0 0 0 10 0 11 0 12 0 12 0 12 0 11 1 12 1 11 1 13 2 13 1 12 0 14 1 14 1 14 1 14 1 15 1 14 0 14 0 14 1 16 1 15 1 15 0 15 0 17 2 16 2 16 1 0 0 18 0 18 2 18 1 18 1 18 2 18 1 19 1 19 0 19 1 20 0 19 1 18 2 19 1 19 1 18 1 19 1 20 2 19 0 19 0 18 0 19 1 19 1 19 1 19 1 19 2 18 1 0 0 0 0 0 0 0 0 0 0 ]
747,1782980384.024374,17.5355,-68,CSI_DATA,AP,98:F4:AB:29:67:94,-68,11,1,4,1,1,1,1,0,0,0,-96,1,6,1,98993682,0,84,0,0,99.376,384,[84 -64 4 0 0 0 0 0 0 0 0 0 -7 -10 -7 -10 -8 -10 -7 -10 -8 -11 -6 -11 -7 -10 -7 -11 -8 -12 -8 -12 -9 -12 -7 -14 -8 -13 -7 -13 -7 -13 -8 -14 -8 -13 -8 -13 -8 -13 -9 -14 -9 -13 -10 -14 -9 -15 -8 -15 -9 -15 -10 -16 0 0 -10 -15 -12 -16 -10 -15 -11 -15 -10 -15 -11 -17 -11 -16 -12 -17 -11 -17 -13 -17 -12 -17 -10 -17 -10 -17 -12 -17 -12 -17 -12 -16 -13 -17 -11 -16 -13 -16 -12 -17 -12 -17 -12 -17 -12 -17 -11 -17 -11 -17 -11 -16 0 0 0 0 0 0 0 0 0 0 ]
748,1782980384.117002,19.6098,-68,CSI_DATA,AP,98:F4:AB:29:67:94,-68,11,1,3,1,1,1,1,0,0,0,-96,1,6,1,99085028,0,84,0,0,99.4673,384,[84 -64 4 0 0 0 0 0 0 0 0 0 2 -15 1 -14 3 -17 2 -15 3 -16 3 -15 4 -17 4 -15 3 -17 5 -17 5 -17 5 -17 6 -17 6 -18 5 -17 5 -20 4 -18 4 -18 5 -17 6 -18 7 -20 5 -20 7 -19 7 -21 7 -21 7 -22 0 0 8 -22 6 -23 6 -21 5 -23 6 -22 8 -23 8 -23 8 -24 9 -22 8 -27 6 -24 7 -24 7 -23 9 -22 6 -25 6 -24 9 -25 7 -24 7 -25 7 -25 9 -24 7 -24 10 -26 8 -25 9 -23 8 -22 0 0 0 0 0 0 0 0 0 0 ]
749,1782980384.208658,19.2873,-69,CSI_DATA,AP,98:F4:AB:29:67:94,-69,11,1,5,1,1,1,1,0,0,0,-96,1,6,1,99173839,0,84,0,0,99.5562,384,[84 -64 4 0 0 0 0 0 0 0 0 0 12 -4 12 -4 13 -5 12 -3 13 -2 13 -2 14 -1 14 -2 14 -4 15 -4 15 -3 14 -3 16 -2 15 -3 15 -3 16 -3 16 -2 15 -4 14 -2 16 -2 16 -3 18 -2 18 -3 18 -4 19 -1 19 -1 0 0 19 0 20 -2 19 -2 20 -3 19 -2 19 -2 21 -1 20 -2 21 -1 21 0 21 -2 20 -1 21 -2 20 0 21 0 21 -3 22 0 21 -1 22 1 22 -2 22 1 23 2 23 0 21 -1 20 0 19 -2 0 0 0 0 0 0 0 0 0 0 ]
750,1782980384.298140,18.7448,-70,CSI_DATA,AP,98:F4:AB:29:67:94,-70,11,1,5,1,1,1,1,0,0,0,-96,1,6,1,99263392,0,84,0,0,99.6457,384,[84 -64 4 0 0 0 0 0 0 0 0 0 -3 12 -3 11 -5 13 -4 11 -4 12 -5 12 -4 13 -4 13 -3 14 -6 13 -5 15 -5 15 -6 13 -6 14 -5 14 -7 15 -6 14 -5 15 -6 14 -4 16 -6 16 -6 18 -6 16 -7 17 -7 17 -6 18 0 0 -6 18 -7 19 -7 20 -6 19 -6 18 -6 18 -6 20 -7 21 -6 20 -8 21 -7 21 -8 21 -8 19 -6 20 -6 20 -6 20 -7 21 -6 19 -5 21 -6 21 -7 19 -6 21 -7 21 -7 20 -7 19 -7 18 0 0 0 0 0 0 0 0 0 0 ]
751,1782980384.388118,16.9128,-70,CSI_DATA,AP,98:F4:AB:29:67:94,-70,11,1,5,1,1,1,1,0,0,0,-96,1,6,1,99355788,0,84,0,0,99.7381,384,[84 -64 4 0 0 0 0 0 0 0 0 0 10 -6 10 -6 11 -7 10 -6 10 -6 10 -5 10 -6 10 -6 10 -5 11 -6 13 -6 13 -6 13 -7 13 -5 12 -6 13 -8 13 -4 14 -7 13 -6 12 -7 14 -6 15 -6 15 -7 17 -8 14 -6 17 -8 0 0 14 -7 13 -7 14 -9 16 -10 15 -7 17 -7 18 -9 16 -7 17 -8 17 -8 17 -9 16 -8 17 -8 18 -8 18 -8 17 -9 17 -8 16 -9 17 -10 16 -10 17 -8 17 -9 18 -8 17 -9 16 -8 16 -9 0 0 0 0 0 0 0 0 0 0 ]
752,1782980384.477028,17.5460,-69,CSI_DATA,AP,98:F4:AB:29:67:94,-69,11,1,5,1,1,1,1,0,0,0,-96,1,6,1,99441836,0,84,0,0,99.8241,384,[84 -64 4 0 0 0 0 0 0 0 0 0 6 -10 6 -10 7 -11 6 -10 6 -11 6 -10 7 -12 7 -10 8 -12 7 -12 8 -12 8 -13 8 -12 10 -12 8 -12 8 -13 8 -12 7 -12 6 -12 7 -13 8 -14 10 -14 8 -13 8 -14 10 -16 9 -16 0 0 9 -16 8 -15 9 -16 8 -16 9 -15 9 -17 10 -17 9 -17 9 -18 9 -18 9 -17 11 -16 9 -17 9 -17 8 -17 7 -17 9 -18 7 -18 8 -17 8 -17 8 -17 8 -18 9 -18 9 -18 9 -16 9 -16 0 0 0 0 0 0 0 0 0 0 ]
753,1782980384.568196,18.0325,-70,CSI_DATA,AP,98:F4:AB:29:67:94,-70,11,1,5,1,1,1,1,0,0,0,-96,1,6,1,99531932,0,84,0,0,99.9142,384,[84 -64 4 0 0 0 0 0 0 0 0 0 13 1 12 1 13 2 13 3 14 2 14 3 13 2 12 4 14 3 13 3 14 4 15 3 14 4 14 5 14 5 16 3 14 3 15 4 15 5 15 4 16 6 17 5 16 6 17 6 18 6 18 6 0 0 18 7 18 5 18 6 18 6 18 6 19 7 19 7 20 6 21 7 20 6 21 6 19 8 21 6 19 8 21 7 20 6 21 7 20 6 20 7 20 7 21 8 20 8 20 8 19 7 18 7 20 8 0 0 0 0 0 0 0 0 0 0 ]
754,1782980384.658104,18.9232,-70,CSI_DATA,AP,98:F4:AB:29:67:94,-70,11,1,5,1,1,1,1,0,0,0,-96,1,6,1,99621714,0,84,0,0,100.004,384,[84 -64 4 0 0 0 0 0 0 0 0 0 -7 10 -7 10 -8 11 -8 12 -9 12 -8 11 -9 11 -9 11 -9 12 -10 13 -9 11 -10 13 -11 11 -11 12 -10 12 -11 13 -10 10 -9 11 -10 12 -10 14 -11 13 -9 13 -10 15 -13 13 -13 14 -11 16 0 0 -10 16 -12 16 -12 16 -12 16 -12 15 -12 17 -13 17 -13 18 -13 17 -12 18 -11 17 -13 17 -13 16 -13 16 -12 16 -12 17 -13 18 -12 19 -13 18 -12 18 -11 19 -13 20 -13 18 -14 19 -12 17 -13 17 0 0 0 0 0 0 0 0 0 0 ]
755,1782980384.749439,19.1322,-70,CSI_DATA,AP,98:F4:AB:29:67:94,-70,11,1,5,1,1,1,1,0,0,0,-96,1,6,1,99714331,0,84,0,0,100.097,384,[84 -64 4 0 0 0 0 0 0 0 0 0 5 10 5 9 6 11 4 10 5 11 4 11 4 11 3 12 5 12 5 11 5 12 5 12 6 13 5 13 5 12 5 14 5 12 6 13 6 12 6 13 6 14 7 14 6 14 6 14 7 15 7 15 0 0 7 15 7 17 7 16 8 16 6 15 8 16 7 17 7 16 8 17 8 16 9 17 7 16 8 18 7 16 8 17 8 16 8 18 8 16 8 16 9 16 8 18 8 17 8 17 8 17 8 17 7 15 0 0 0 0 0 0 0 0 0 0 ]
756,1782980384.841798,17.1954,-69,CSI_DATA,AP,98:F4:AB:29:67:94,-69,11,1,5,1,1,1,1,0,0,0,-96,1,6,1,99801316,0,84,0,0,100.184,384,[84 -64 4 0 0 0 0 0 0 0 0 0 -12 -1 -11 -2 -14 -2 -13 -2 -12 -3 -12 -3 -13 -3 -12 -2 -14 -3 -14 -3 -13 -3 -13 -4 -15 -4 -14 -3 -14 -4 -15 -4 -14 -2 -15 -3 -15 -3 -15 -2 -16 -4 -16 -4 -16 -3 -17 -3 -16 -3 -17 -4 0 0 -17 -3 -18 -2 -18 -3 -19 -2 -17 -3 -17 -3 -21 -4 -19 -3 -19 -4 -19 -2 -20 -3 -17 -4 -19 -4 -18 -3 -19 -2 -19 -2 -20 -2 -19 -3 -19 -2 -19 -2 -20 -3 -20 -2 -20 -4 -20 -3 -18 -3 -18 -3 0 0 0 0 0 0 0 0 0 0 ]
757,1782980384.930812,18.4397,-67,CSI_DATA,AP,98:F4:AB:29:67:94,-67,11,1,2,1,1,1,1,0,0,0,-96,1,6,1,99899846,0,84,0,0,100.282,384,[84 -64 4 0 0 0 0 0 0 0 0 0 -4 -12 -2 -11 -4 -13 -4 -12 -4 -14 -2 -13 -2 -14 -2 -14 -3 -15 -2 -14 -2 -16 -1 -15 -3 -17 -1 -16 -2 -14 -3 -17 -2 -15 -4 -16 -2 -16 -2 -17 -3 -17 -4 -17 -2 -18 -2 -18 -3 -19 -2 -18 0 0 -3 -18 -4 -21 -4 -18 -4 -21 -4 -19 -3 -21 -3 -20 -3 -21 -4 -21 -4 -23 -4 -22 -2 -21 -3 -21 -2 -19 -5 -22 -4 -20 -3 -23 -4 -21 -3 -21 -4 -21 -4 -22 -2 -21 -1 -23 -2 -21 -1 -20 -3 -21 0 0 0 0 0 0 0 0 0 0 ]
758,1782980385.019311,19.4127,-69,CSI_DATA,AP,98:F4:AB:29:67:94,-69,11,1,5,1,1,1,1,0,0,0,-96,1,6,1,99982922,0,84,0,0,100.365,384,[84 -64 4 0 0 0 0 0 0 0 0 0 0 12 0 10 0 14 0 12 -2 12 -2 13 0 14 -1 13 0 14 -1 14 0 14 -1 14 -2 15 -2 16 -1 15 -1 16 -2 15 0 15 0 15 -1 16 0 18 0 17 -2 18 -1 19 -2 19 -1 19 0 0 -1 17 -3 21 -2 18 -1 19 -2 17 0 20 -1 20 -1 20 0 22 -1 22 -1 21 -3 22 -2 21 -2 20 0 21 0 20 -1 23 0 21 1 21 -1 21 0 21 -1 22 -1 21 -2 21 -2 20 -1 20 0 0 0 0 0 0 0 0 0 0 ]
759,1782980385.110904,19.2590,-69,CSI_DATA,AP,98:F4:AB:29:67:94,-69,11,1,5,1,1,1,1,0,0,0,-96,1,6,1,100072511,0,84,0,0,100.455,384,[84 -64 4 0 0 0 0 0 0 0 0 0 14 2 12 0 14 0 13 0 14 1 13 0 12 0 13 2 15 1 14 2 15 2 16 2 16 3 15 3 15 2 17 3 16 3 15 1 14 2 17 4 17 5 19 3 19 2 19 2 19 3 18 2 0 0 18 3 22 3 19 4 21 0 21 3 21 3 22 5 20 5 20 4 21 4 21 3 20 5 21 4 20 4 21 4 20 4 22 4 20 4 21 4 21 4 22 5 22 4 21 4 21 4 20 6 20 3 0 0 0 0 0 0 0 0 0 0 ]
760,1782980385.202879,19.3081,-68,CSI_DATA,AP,98:F4:AB:29:67:94,-68,11,1,4,1,1,1,1,0,0,0,-96,1,6,1,100162056,0,84,0,0,100.544,384,[84 -64 4 0 0 0 0 0 0 0 0 0 -6 12 -7 11 -7 12 -6 12 -7 11 -8 12 -8 12 -8 12 -8 13 -9 12 -8 13 -9 14 -9 13 -8 14 -9 13 -10 16 -9 14 -9 14 -10 13 -9 14 -11 13 -10 15 -10 15 -11 15 -11 16 -11 16 0 0 -11 16 -12 18 -11 16 -11 16 -13 16 -12 17 -13 18 -13 18 -13 18 -13 18 -12 18 -14 18 -13 18 -12 18 -12 18 -12 18 -13 19 -12 18 -12 18 -12 18 -13 18 -13 18 -14 17 -13 19 -12 17 -12 17 0 0 0 0 0 0 0 0 0 0 ]
761,1782980385.294855,18.6418,-68,CSI_DATA,AP,98:F4:AB:29:67:94,-68,11,1,4,1,1,1,1,0,0,0,-96,1,6,1,100255897,0,84,0,0,100.638,384,[84 -64 4 0 0 0 0 0 0 0 0 0 -9 -8 -9 -8 -10 -8 -9 -8 -9 -9 -8 -10 -10 -10 -10 -9 -9 -10 -10 -10 -10 -10 -11 -10 -10 -11 -10 -10 -10 -10 -11 -12 -11 -11 -11 -11 -12 -11 -12 -10 -11 -12 -11 -12 -11 -12 -13 -12 -12 -14 -13 -13 0 0 -12 -13 -14 -14 -13 -13 -15 -12 -13 -13 -14 -13 -15 -14 -14 -15 -14 -14 -16 -13 -15 -14 -15 -13 -15 -14 -14 -14 -14 -14 -15 -13 -16 -16 -15 -13 -15 -14 -15 -14 -14 -15 -15 -14 -15 -15 -16 -15 -15 -14 -14 -14 0 0 0 0 0 0 0 0 0 0 ]
762,1782980385.382227,19.2274,-68,CSI_DATA,AP,98:F4:AB:29:67:94,-68,11,1,4,1,1,1,1,0,0,0,-96,1,6,1,100341335,0,84,0,0,100.724,384,[84 -64 4 0 0 0 0 0 0 0 0 0 11 1 11 1 11 1 12 1 12 1 11 1 13 2 12 1 13 1 13 1 13 2 13 2 14 1 14 2 13 2 14 3 13 2 14 3 13 2 14 2 15 2 15 1 16 2 17 2 17 3 16 3 0 0 17 2 18 2 18 2 18 2 17 3 18 2 19 2 18 2 20 2 19 1 19 2 18 3 18 3 18 3 19 2 20 1 20 2 19 1 19 2 18 1 20 3 20 2 19 2 19 2 17 2 17 2 0 0 0 0 0 0 0 0 0 0 ]
763,1782980385.485502,19.2668,-68,CSI_DATA,AP,98:F4:AB:29:67:94,-68,11,1,4,1,1,1,1,0,0,0,-96,1,6,1,100436516,0,84,0,0,100.819,384,[84 -64 4 0 0 0 0 0 0 0 0 0 4 -11 4 -11 5 -12 5 -12 5 -12 5 -10 5 -12 5 -11 5 -13 6 -12 6 -13 7 -13 7 -13 7 -14 7 -12 7 -14 7 -14 6 -14 7 -13 7 -14 8 -15 8 -15 9 -15 8 -15 9 -14 9 -15 0 0 10 -15 9 -17 9 -16 9 -17 9 -15 10 -17 10 -17 9 -17 10 -18 9 -18 10 -17 11 -16 11 -17 10 -16 9 -18 9 -18 10 -18 10 -17 10 -17 9 -17 11 -17 9 -17 12 -18 11 -17 11 -16 9 -16 0 0 0 0 0 0 0 0 0 0 ]
764,1782980385.576198,18.5719,-67,CSI_DATA,AP,98:F4:AB:29:67:94,-67,11,1,2,1,1,1,1,0,0,0,-96,1,6,1,100526125,0,84,0,0,100.908,384,[84 -64 4 0 0 0 0 0 0 0 0 0 5 10 4 9 6 12 6 10 6 12 4 11 4 11 4 12 6 12 4 13 5 15 5 15 5 14 5 15 4 14 6 15 6 13 6 14 5 13 6 14 5 15 7 16 6 17 6 17 6 17 5 16 0 0 5 16 7 19 7 17 8 18 5 17 6 19 5 19 6 19 6 19 6 21 7 20 5 19 7 19 6 18 8 19 7 18 8 21 7 18 7 19 7 20 5 20 6 19 5 20 6 19 5 19 5 17 0 0 0 0 0 0 0 0 0 0 ]
765,1782980385.666956,17.8390,-68,CSI_DATA,AP,98:F4:AB:29:67:94,-68,11,1,4,1,1,1,1,0,0,0,-96,1,6,1,100612071,0,84,0,0,100.994,384,[84 -64 4 0 0 0 0 0 0 0 0 0 8 -8 7 -10 7 -9 8 -9 8 -8 8 -8 9 -9 9 -9 9 -9 10 -9 10 -10 11 -10 12 -9 11 -10 11 -9 11 -10 10 -10 11 -10 10 -10 11 -11 13 -11 13 -11 12 -10 12 -11 14 -11 14 -11 0 0 14 -11 15 -12 14 -12 14 -12 13 -11 15 -12 15 -11 15 -12 16 -13 16 -13 15 -13 15 -12 16 -13 15 -13 14 -12 14 -13 15 -13 14 -13 15 -13 15 -13 16 -13 15 -13 15 -13 15 -13 14 -12 14 -12 0 0 0 0 0 0 0 0 0 0 ]
766,1782980385.759728,18.9181,-68,CSI_DATA,AP,98:F4:AB:29:67:94,-68,11,1,4,1,1,1,1,0,0,0,-96,1,6,1,100703869,0,84,0,0,101.086,384,[84 -64 4 0 0 0 0 0 0 0 0 0 -11 -9 -9 -9 -10 -11 -10 -9 -11 -11 -10 -10 -10 -11 -10 -11 -11 -11 -12 -12 -11 -13 -12 -12 -11 -14 -12 -13 -11 -12 -11 -13 -12 -12 -12 -13 -12 -12 -12 -13 -12 -14 -13 -14 -13 -14 -14 -14 -13 -16 -14 -15 0 0 -14 -15 -15 -15 -15 -14 -17 -15 -15 -15 -16 -15 -16 -16 -16 -16 -16 -15 -17 -16 -16 -15 -15 -17 -16 -16 -15 -15 -15 -15 -16 -15 -18 -17 -16 -15 -17 -16 -17 -15 -16 -16 -16 -16 -17 -16 -17 -16 -16 -15 -14 -15 0 0 0 0 0 0 0 0 0 0 ]
767,1782980385.853746,19.4454,-68,CSI_DATA,AP,98:F4:AB:29:67:94,-68,11,1,4,1,1,1,1,0,0,0,-96,1,6,1,100793150,0,84,0,0,101.176,384,[84 -64 4 0 0 0 0 0 0 0 0 0 8 10 7 10 9 10 8 11 8 11 6 11 6 12 7 12 8 12 8 14 7 14 8 14 7 14 8 14 8 14 9 14 8 13 9 14 8 13 9 14 9 16 10 16 10 17 9 15 9 17 8 16 0 0 10 18 11 17 11 17 12 17 9 16 10 18 10 19 10 19 12 19 12 20 12 19 10 19 10 19 11 19 12 18 12 17 12 19 12 18 11 18 11 18 12 20 12 20 10 20 11 19 11 19 10 17 0 0 0 0 0 0 0 0 0 0 ]
768,1782980385.946393,18.3764,-69,CSI_DATA,AP,98:F4:AB:29:67:94,-69,11,1,3,1,1,1,1,0,0,0,-96,1,6,1,100885662,0,84,0,0,101.268,384,[84 -64 4 0 0 0 0 0 0 0 0 0 1 -11 1 -10 1 -13 2 -12 2 -13 2 -11 2 -13 2 -13 2 -14 3 -13 2 -15 4 -15 3 -14 3 -14 3 -13 4 -15 3 -14 2 -15 2 -15 2 -16 3 -16 2 -16 4 -16 3 -16 3 -17 3 -17 0 0 3 -17 2 -19 3 -18 2 -19 2 -17 3 -20 4 -19 4 -18 3 -19 4 -20 3 -20 3 -19 3 -18 4 -19 2 -20 2 -20 3 -20 2 -19 2 -20 2 -20 3 -20 3 -19 4 -20 3 -20 4 -19 2 -19 0 0 0 0 0 0 0 0 0 0 ]
769,1782980386.035939,18.1561,-68,CSI_DATA,AP,98:F4:AB:29:67:94,-68,11,1,4,1,1,1,1,0,0,0,-96,1,6,1,100973099,0,84,0,0,101.355,384,[84 -64 4 0 0 0 0 0 0 0 0 0 11 -1 11 -2 12 -1 11 -1 13 -1 12 0 12 1 12 1 13 0 14 0 13 -1 14 0 13 0 15 0 13 1 15 1 15 1 14 1 14 1 14 1 16 1 16 1 16 1 17 1 18 2 17 1 0 0 17 1 17 1 18 1 18 1 18 2 19 2 19 3 18 2 19 2 18 1 20 1 19 3 19 1 19 3 18 2 19 1 19 2 19 1 19 1 19 2 20 2 19 3 19 2 19 1 18 1 19 2 0 0 0 0 0 0 0 0 0 0 ]
770,1782980386.125658,17.9557,-68,CSI_DATA,AP,98:F4:AB:29:67:94,-68,11,1,4,1,1,1,1,0,0,0,-96,1,6,1,101061645,0,84,0,0,101.444,384,[84 -64 4 0 0 0 0 0 0 0 0 0 -12 -2 -11 -2 -12 -3 -13 -2 -13 -3 -12 -3 -13 -3 -13 -3 -14 -3 -14 -5 -14 -4 -14 -4 -14 -4 -15 -5 -14 -4 -15 -5 -14 -4 -15 -4 -14 -4 -15 -4 -15 -4 -17 -4 -16 -5 -16 -5 -17 -6 -17 -5 0 0 -17 -5 -19 -5 -18 -4 -19 -3 -17 -5 -18 -5 -19 -5 -19 -5 -19 -5 -20 -6 -20 -5 -19 -6 -19 -5 -19 -5 -20 -5 -19 -4 -21 -5 -19 -4 -19 -4 -20 -4 -20 -5 -20 -5 -20 -5 -20 -5 -19 -6 -18 -5 0 0 0 0 0 0 0 0 0 0 ]
