packet_idx,epoch_s,sub30_amplitude,rssi_dbm,raw_line
1,1782983827.012359,20.3961,-57,CSI_DATA,AP,98:F4:AB:29:67:94,-57,11,0,0,0,0,0,0,0,0,0,-96,0,6,1,26949342,0,28,0,0,27.3326,128,[28 -64 1 0 0 0 0 0 0 0 0 0 8 18 7 16 8 19 7 18 6 20 5 18 5 19 4 19 5 20 3 20 4 20 4 21 3 21 4 21 3 19 4 23 3 19 3 20 2 18 3 19 2 19 4 20 3 19 3 19 4 20 3 20 0 0 4 19 5 21 5 20 7 21 6 18 6 20 7 20 6 18 9 19 6 21 7 20 6 19 8 20 6 19 8 22 8 21 9 23 8 19 7 21 10 20 8 21 10 20 9 21 9 21 9 20 10 20 0 0 0 0 0 0 0 0 0 0 ]
2,1782983827.058252,22.4722,-57,CSI_DATA,AP,98:F4:AB:29:67:94,-57,11,0,0,0,0,0,0,0,0,0,-96,0,6,1,26950188,0,28,0,0,27.36,128,[28 -64 1 0 0 0 0 0 0 0 0 0 6 -19 7 -19 8 -19 9 -20 9 -18 9 -18 9 -18 10 -17 11 -18 10 -17 11 -18 11 -19 12 -18 12 -18 12 -18 13 -18 13 -17 11 -16 11 -16 12 -16 12 -16 12 -17 11 -16 11 -17 12 -19 12 -18 0 0 11 -19 12 -18 12 -19 10 -19 10 -17 10 -19 10 -19 9 -18 10 -20 11 -19 11 -20 9 -19 9 -21 10 -20 11 -20 12 -22 10 -22 10 -20 10 -20 8 -21 10 -21 9 -22 9 -21 9 -22 8 -22 8 -22 0 0 0 0 0 0 0 0 0 0 ]
3,1782983827.089478,22.8035,-57,CSI_DATA,AP,98:F4:AB:29:67:94,-57,11,0,0,0,0,0,0,0,0,0,-96,0,6,1,26959948,0,157,0,0,27.403,128,[-99 -48 9 0 0 0 0 0 0 0 0 0 0 21 -1 21 -2 22 -2 23 -3 22 -4 21 -6 22 -8 21 -7 22 -7 21 -5 23 -6 23 -6 23 -6 23 -7 21 -7 24 -7 22 -6 20 -7 20 -8 21 -9 19 -9 21 -7 19 -6 21 -6 22 -8 22 0 0 -7 22 -6 23 -5 23 -4 23 -5 21 -6 22 -7 23 -7 21 -5 23 -6 22 -3 25 -3 23 -2 24 -5 23 -4 25 -4 26 -3 26 -4 24 -6 24 -5 24 -7 24 -5 25 -4 24 -2 25 -1 24 -2 25 0 0 0 0 0 0 0 0 0 0 ]
4,1782983827.136006,13.6015,-58,CSI_DATA,AP,98:F4:AB:29:67:94,-58,11,0,0,0,0,0,0,0,0,0,-96,0,6,1,27069514,0,135,0,0,27.4528,128,[-121 112 8 0 0 0 0 0 0 0 0 0 0 13 0 12 0 14 0 13 0 14 -1 12 -1 14 -2 13 -1 14 -3 14 -3 14 -4 14 -4 14 -3 13 -3 12 -3 16 -3 13 -3 13 -3 12 -2 13 -3 12 -3 13 -4 13 -4 13 -4 13 -4 13 0 0 -2 13 -2 15 -1 13 -1 14 -1 12 -1 14 -1 14 -1 13 0 14 -3 14 -2 15 -2 13 -1 14 -1 13 0 15 -1 14 0 16 -1 13 0 14 1 14 -1 14 1 14 -1 15 -1 15 -1 14 0 14 0 0 0 0 0 0 0 0 0 0 ]
5,1782983827.646955,17.0294,-66,CSI_DATA,AP,98:F4:AB:29:67:94,-66,11,1,6,1,1,1,0,0,0,0,-96,0,6,1,27575530,0,390,0,0,27.9587,384,[-122 -31 23 0 0 0 0 0 0 0 0 0 -8 14 -8 14 -9 15 -9 13 -10 14 -9 13 -11 13 -10 14 -11 13 -12 13 -12 14 -12 13 -12 13 -12 12 -13 12 -13 13 -12 13 -13 12 -13 12 -12 10 -13 11 -13 10 -12 12 -13 11 -13 11 -12 11 0 0 -13 12 -13 12 -12 12 -12 13 -12 12 -13 12 -12 12 -13 12 -12 13 -12 14 -12 14 -11 13 -12 14 -12 14 -12 15 -11 14 -12 14 -11 15 -13 15 -12 15 -12 15 -12 15 -12 15 -11 16 -11 15 -11 15 0 0 0 0 0 0 0 0 0 0 ]
6,1782983828.646145,14.7648,-67,CSI_DATA,AP,98:F4:AB:29:67:94,-67,11,1,7,1,1,1,0,0,0,1,-96,0,6,1,28575239,0,390,0,0,28.9583,384,[-122 -31 23 0 0 0 0 0 0 0 0 0 10 9 10 9 10 10 10 10 10 11 9 11 10 12 9 11 9 12 8 13 8 13 9 13 7 14 8 13 8 12 8 13 8 12 7 13 8 12 8 13 7 13 8 13 8 13 7 13 7 13 8 13 0 0 8 13 9 13 8 13 9 12 9 12 8 12 9 13 9 12 10 11 10 11 10 13 9 12 10 12 11 12 11 12 12 11 11 13 10 12 11 11 11 11 11 12 12 12 11 12 12 12 11 12 12 12 0 0 0 0 0 0 0 0 0 0 ]
7,1782983828.707281,17.0294,-67,CSI_DATA,AP,98:F4:AB:29:67:94,-67,11,1,7,1,1,1,0,0,0,1,-96,0,6,1,28636637,0,390,0,0,29.0196,384,[-122 -31 23 0 0 0 0 0 0 0 0 0 -5 15 -5 14 -6 16 -7 16 -7 15 -7 15 -8 14 -8 15 -9 15 -9 15 -9 15 -10 16 -10 14 -10 15 -10 14 -11 15 -11 15 -11 14 -11 13 -11 14 -11 14 -11 14 -11 14 -10 13 -11 13 -10 14 0 0 -11 14 -11 14 -10 15 -10 14 -10 14 -10 14 -10 14 -10 14 -10 14 -9 15 -9 16 -9 15 -9 16 -9 16 -9 16 -9 17 -9 17 -9 16 -9 17 -9 17 -9 16 -9 17 -9 17 -8 17 -9 17 -9 18 0 0 0 0 0 0 0 0 0 0 ]
8,1782983828.753546,15.2315,-66,CSI_DATA,AP,98:F4:AB:29:67:94,-66,11,1,6,1,1,1,0,0,0,0,-96,0,6,1,28684816,0,82,0,0,29.0682,384,[82 -96 4 0 0 0 0 0 0 0 0 0 10 -10 11 -9 11 -10 11 -10 13 -10 11 -9 14 -8 12 -8 13 -8 13 -9 14 -9 13 -8 14 -8 14 -8 13 -6 15 -7 13 -7 13 -6 13 -6 14 -6 14 -6 14 -5 13 -7 14 -6 14 -6 14 -6 0 0 14 -7 15 -6 14 -7 14 -7 13 -6 13 -6 14 -7 13 -7 14 -9 10 -9 14 -9 13 -9 13 -9 14 -9 14 -8 14 -9 15 -8 14 -9 14 -8 14 -9 15 -9 14 -7 13 -9 14 -10 13 -10 12 -10 0 0 0 0 0 0 0 0 0 0 ]
9,1782983828.799017,18.3848,-67,CSI_DATA,AP,98:F4:AB:29:67:94,-67,11,1,7,1,1,1,0,0,0,1,-96,0,6,1,28702508,0,82,0,0,29.1026,384,[82 -96 4 0 0 0 0 0 0 0 0 0 -15 -8 -15 -9 -15 -9 -15 -10 -15 -10 -15 -10 -15 -10 -14 -11 -15 -11 -14 -12 -14 -12 -14 -13 -14 -14 -14 -13 -14 -13 -14 -13 -14 -12 -13 -13 -13 -13 -12 -12 -13 -13 -13 -13 -13 -14 -13 -13 -13 -13 -13 -13 0 0 -14 -13 -14 -13 -14 -12 -15 -11 -14 -12 -14 -12 -14 -12 -15 -11 -15 -11 -17 -11 -16 -11 -15 -11 -15 -11 -16 -10 -16 -11 -17 -10 -17 -12 -16 -10 -18 -10 -17 -11 -18 -10 -17 -10 -18 -11 -18 -10 -18 -10 -17 -10 0 0 0 0 0 0 0 0 0 0 ]
10,1782983829.144748,16.7631,-67,CSI_DATA,AP,98:F4:AB:29:67:94,-67,11,1,7,1,1,1,0,0,0,1,-96,0,6,1,29075354,0,82,0,0,29.4585,384,[82 -96 4 0 0 0 0 0 0 0 0 0 -16 1 -16 0 -16 0 -16 -1 -16 -1 -16 -2 -16 -2 -16 -2 -16 -2 -16 -5 -17 -3 -17 -4 -16 -4 -16 -4 -16 -4 -17 -5 -16 -4 -16 -4 -16 -5 -15 -4 -16 -5 -16 -5 -15 -5 -16 -6 -16 -5 -16 -5 0 0 -16 -4 -16 -5 -16 -4 -16 -3 -16 -4 -17 -4 -16 -4 -16 -4 -17 -3 -16 -3 -17 -3 -17 -3 -17 -3 -17 -2 -17 -3 -18 -2 -18 -3 -17 -2 -18 -2 -18 -2 -18 -2 -18 -2 -18 -3 -18 -2 -17 -2 -18 -2 0 0 0 0 0 0 0 0 0 0 ]
11,1782983829.659588,18.7819,-68,CSI_DATA,AP,98:F4:AB:29:67:94,-68,11,1,7,1,1,1,0,0,0,1,-96,0,6,1,29576144,0,82,0,0,29.9592,384,[82 -96 4 0 0 0 0 0 0 0 0 0 -12 -13 -11 -14 -12 -14 -11 -15 -11 -14 -10 -15 -11 -15 -10 -16 -9 -16 -10 -17 -10 -16 -10 -17 -9 -17 -10 -17 -8 -17 -8 -18 -8 -17 -8 -16 -8 -17 -8 -17 -7 -17 -7 -17 -8 -17 -8 -16 -8 -17 -9 -17 0 0 -8 -16 -8 -17 -9 -16 -9 -16 -8 -16 -9 -16 -9 -17 -10 -16 -10 -16 -11 -16 -12 -15 -11 -15 -11 -15 -12 -15 -12 -15 -12 -15 -11 -16 -12 -16 -12 -16 -13 -15 -12 -16 -12 -16 -13 -16 -14 -16 -13 -15 -14 -16 0 0 0 0 0 0 0 0 0 0 ]
12,1782983829.769722,20.2194,-69,CSI_DATA,AP,98:F4:AB:29:67:94,-69,11,1,7,1,1,1,0,0,0,1,-96,0,6,1,29704459,0,82,0,0,30.0874,384,[82 -96 4 0 0 0 0 0 0 0 0 0 -16 7 -14 6 -16 5 -16 5 -17 4 -18 5 -16 5 -17 4 -18 3 -18 3 -18 3 -19 3 -19 2 -18 3 -18 3 -20 3 -19 2 -18 2 -19 2 -18 2 -18 1 -18 2 -18 1 -19 1 -19 2 -18 1 0 0 -19 2 -18 2 -19 2 -18 3 -18 2 -18 1 -18 3 -18 3 -18 4 -18 4 -20 5 -18 4 -18 5 -19 4 -19 4 -19 5 -19 5 -19 6 -20 5 -20 5 -20 6 -19 5 -19 6 -20 6 -19 6 -19 6 0 0 0 0 0 0 0 0 0 0 ]
13,1782983830.001078,19.7800,-68,CSI_DATA,AP,98:F4:AB:29:67:94,-68,11,1,7,1,1,1,0,0,0,1,-96,0,6,1,29920363,0,82,0,0,30.3034,384,[82 -96 4 0 0 0 0 0 0 0 0 0 -6 -15 -6 -15 -6 -16 -5 -16 -5 -16 -4 -17 -4 -17 -3 -17 -4 -17 -3 -18 -2 -17 -2 -18 -2 -17 -2 -18 -2 -17 -2 -18 -2 -17 -2 -18 -1 -16 -2 -18 -2 -17 -1 -17 -1 -18 -1 -17 -1 -18 -1 -18 0 0 -2 -18 -3 -19 -2 -17 -2 -18 -2 -16 -3 -17 -2 -17 -4 -18 -3 -18 -4 -18 -4 -17 -4 -18 -3 -18 -4 -18 -4 -18 -5 -18 -4 -18 -5 -18 -5 -19 -5 -19 -5 -18 -5 -19 -5 -20 -6 -19 -5 -19 -6 -19 0 0 0 0 0 0 0 0 0 0 ]
14,1782983830.034271,18.5679,-59,CSI_DATA,AP,98:F4:AB:29:67:94,-59,11,0,0,0,0,0,0,0,0,0,-96,0,6,1,29967980,0,37,0,0,30.351,128,[37 80 2 0 0 0 0 0 0 0 0 0 16 16 15 16 17 18 16 18 15 18 13 18 14 19 13 19 13 20 13 20 13 21 14 21 13 22 14 22 12 20 13 23 12 21 12 21 11 20 11 21 10 21 11 22 11 20 12 21 13 22 12 22 0 0 13 22 13 23 14 22 14 21 13 19 13 21 14 21 13 20 15 21 13 21 15 22 14 20 16 21 14 21 15 22 15 22 17 22 15 20 15 22 16 21 15 22 16 21 16 21 17 21 17 20 17 20 0 0 0 0 0 0 0 0 0 0 ]
15,1782983830.080934,18.9219,-59,CSI_DATA,AP,98:F4:AB:29:67:94,-59,11,0,0,0,0,0,0,0,0,0,-96,0,6,1,29970845,0,37,0,0,30.3822,128,[37 80 2 0 0 0 0 0 0 0 0 0 21 -9 21 -7 23 -8 23 -8 23 -7 21 -6 23 -4 23 -3 24 -3 24 -4 24 -5 26 -5 25 -4 25 -5 23 -3 27 -4 25 -3 23 -3 23 -2 24 -1 24 0 24 -1 23 -2 24 -4 25 -4 24 -3 0 0 24 -3 26 -5 25 -5 25 -6 23 -4 25 -4 25 -3 24 -3 25 -6 25 -4 25 -7 24 -7 25 -8 25 -5 26 -7 26 -7 27 -8 25 -7 26 -5 26 -7 26 -6 26 -7 27 -8 26 -10 25 -10 25 -9 0 0 0 0 0 0 0 0 0 0 ]
16,1782983830.127572,23.3772,-59,CSI_DATA,AP,98:F4:AB:29:67:94,-59,11,0,0,0,0,0,0,0,0,0,-96,0,6,1,29971993,0,37,0,0,30.4222,128,[37 80 2 0 0 0 0 0 0 0 0 0 -19 -14 -18 -14 -20 -16 -19 -16 -18 -17 -16 -17 -17 -18 -15 -19 -17 -19 -16 -19 -17 -20 -18 -20 -17 -21 -17 -20 -15 -20 -17 -22 -16 -20 -15 -20 -14 -20 -14 -21 -14 -21 -15 -21 -14 -20 -16 -20 -17 -21 -15 -21 0 0 -16 -21 -17 -21 -17 -20 -18 -20 -16 -19 -16 -21 -16 -21 -16 -21 -18 -20 -17 -21 -19 -20 -18 -19 -20 -19 -18 -20 -20 -21 -19 -21 -20 -21 -18 -20 -19 -21 -19 -21 -18 -21 -19 -21 -20 -21 -21 -20 -21 -19 -21 -19 0 0 0 0 0 0 0 0 0 0 ]
17,1782983830.174874,22.3196,-67,CSI_DATA,AP,98:F4:AB:29:67:94,-67,11,1,6,1,1,1,0,0,0,0,-96,0,6,1,29973748,0,84,0,0,30.4712,384,[84 -64 4 0 0 0 0 0 0 0 0 0 1 16 2 17 0 17 0 17 0 18 -1 18 -2 18 -2 18 -3 18 -3 18 -3 19 -3 19 -4 19 -3 19 -4 18 -4 20 -5 19 -4 18 -5 18 -6 17 -6 18 -5 17 -6 17 -5 18 -5 19 -5 19 0 0 -6 18 -4 18 -4 19 -4 18 -5 18 -5 18 -5 18 -5 18 -4 19 -4 20 -3 20 -4 19 -3 20 -4 19 -3 20 -3 21 -4 21 -3 20 -4 21 -4 20 -3 20 -3 20 -2 21 -2 22 -3 20 -2 21 0 0 0 0 0 0 0 0 0 0 ]
18,1782983830.201585,19.9301,-69,CSI_DATA,AP,98:F4:AB:29:67:94,-69,11,1,7,1,1,1,0,0,0,1,-96,0,6,1,30038516,0,84,0,0,30.5109,384,[84 -64 4 0 0 0 0 0 0 0 0 0 -9 -12 -8 -11 -7 -12 -8 -13 -9 -14 -7 -14 -9 -15 -6 -14 -8 -14 -6 -15 -6 -16 -7 -16 -6 -16 -6 -16 -6 -16 -6 -16 -6 -16 -6 -15 -5 -16 -5 -15 -4 -16 -5 -16 -5 -16 -5 -16 -5 -17 -5 -16 0 0 -5 -17 -6 -16 -6 -17 -6 -16 -5 -16 -6 -16 -6 -16 -6 -17 -7 -16 -7 -17 -8 -16 -8 -16 -7 -16 -7 -17 -8 -16 -9 -16 -8 -17 -9 -16 -8 -17 -9 -16 -9 -17 -9 -17 -9 -18 -9 -17 -9 -16 -9 -17 0 0 0 0 0 0 0 0 0 0 ]
19,1782983830.247988,17.7482,-69,CSI_DATA,AP,98:F4:AB:29:67:94,-69,11,1,7,1,1,1,0,0,0,1,-96,0,6,1,30110468,0,84,0,0,30.5555,384,[84 -64 4 0 0 0 0 0 0 0 0 0 -2 -13 -2 -13 0 -15 0 -15 0 -14 0 -15 1 -15 1 -15 1 -15 1 -15 2 -15 2 -15 2 -16 4 -16 1 -15 3 -16 3 -15 2 -16 3 -15 3 -15 3 -15 3 -16 2 -15 3 -15 3 -16 2 -16 0 0 1 -16 2 -16 1 -16 2 -17 2 -17 1 -16 0 -16 0 -17 0 -16 -1 -18 -1 -18 0 -16 0 -17 -1 -18 -1 -17 -2 -18 -1 -18 -2 -18 -2 -18 -3 -17 -2 -18 -2 -17 -2 -18 -3 -18 -2 -18 -3 -19 0 0 0 0 0 0 0 0 0 0 ]
20,1782983830.281872,16.3221,-69,CSI_DATA,AP,98:F4:AB:29:67:94,-69,11,1,7,1,1,1,0,0,0,1,-96,0,6,1,30198040,0,84,0,0,30.5999,384,[84 -64 4 0 0 0 0 0 0 0 0 0 6 14 6 14 6 15 4 14 5 14 4 15 4 15 3 15 2 16 2 17 3 16 3 16 2 17 3 17 2 16 2 18 2 17 1 16 0 16 1 16 0 16 0 16 1 17 1 17 0 17 2 17 0 0 0 18 0 18 0 17 0 17 0 18 1 17 0 18 1 18 1 18 1 18 2 18 1 18 2 18 2 18 2 17 2 19 1 20 3 19 2 18 3 19 2 18 2 19 2 19 2 19 2 19 3 18 0 0 0 0 0 0 0 0 0 0 ]
21,1782983830.372453,14.2956,-68,CSI_DATA,AP,98:F4:AB:29:67:94,-68,11,1,6,1,1,1,1,0,0,0,-96,1,6,1,30306417,0,84,0,0,30.6895,384,[84 -64 4 0 0 0 0 0 0 0 0 0 12 1 12 1 13 2 13 2 13 2 13 3 13 3 13 3 13 4 14 4 13 4 13 5 13 5 14 6 13 5 14 5 13 5 14 6 13 6 13 5 13 6 13 5 13 6 13 6 13 6 13 6 0 0 14 5 14 5 14 4 14 5 14 5 14 5 15 5 14 4 14 5 16 4 16 4 15 4 15 4 15 3 16 4 15 3 17 4 16 3 16 3 16 3 16 4 16 3 17 4 17 3 16 4 15 3 0 0 0 0 0 0 0 0 0 0 ]
22,1782983830.485554,13.7402,-69,CSI_DATA,AP,98:F4:AB:29:67:94,-69,11,1,7,1,1,1,1,0,0,1,-96,1,6,1,30380418,0,84,0,0,30.7635,384,[84 -64 4 0 0 0 0 0 0 0 0 0 6 -12 5 -12 6 -13 7 -13 7 -13 7 -12 8 -11 8 -12 9 -12 9 -12 10 -12 10 -12 11 -12 11 -12 10 -12 10 -12 11 -12 10 -11 11 -11 10 -12 11 -11 10 -11 11 -10 11 -12 11 -11 11 -12 0 0 11 -12 12 -12 11 -12 10 -12 11 -11 11 -12 10 -12 11 -13 10 -13 10 -13 10 -13 10 -13 11 -13 10 -13 10 -14 10 -14 11 -14 9 -15 10 -14 10 -15 11 -15 11 -15 12 -15 11 -15 10 -14 10 -15 0 0 0 0 0 0 0 0 0 0 ]
23,1782983830.569936,14.5360,-69,CSI_DATA,AP,98:F4:AB:29:67:94,-69,11,1,7,1,1,1,1,0,0,1,-96,1,6,1,30470661,0,84,0,0,30.8537,384,[84 -64 4 0 0 0 0 0 0 0 0 0 -11 -10 -10 -11 -10 -11 -10 -11 -10 -11 -9 -11 -9 -13 -8 -12 -10 -13 -8 -13 -10 -14 -9 -14 -9 -14 -9 -14 -7 -14 -10 -15 -8 -14 -8 -13 -7 -14 -8 -14 -7 -14 -8 -15 -8 -15 -8 -15 -8 -15 -9 -14 0 0 -8 -15 -9 -15 -9 -14 -9 -14 -9 -14 -9 -15 -9 -15 -9 -15 -10 -14 -10 -15 -11 -14 -10 -14 -11 -15 -10 -14 -11 -14 -12 -14 -11 -15 -11 -15 -12 -14 -11 -14 -12 -14 -12 -15 -11 -16 -12 -15 -11 -15 -12 -14 0 0 0 0 0 0 0 0 0 0 ]
24,1782983830.654085,15.2538,-68,CSI_DATA,AP,98:F4:AB:29:67:94,-68,11,1,7,1,1,1,1,0,0,1,-96,1,6,1,30564240,0,84,0,0,30.9472,384,[84 -64 4 0 0 0 0 0 0 0 0 0 10 9 10 9 11 11 10 10 10 11 8 11 10 11 9 12 9 12 8 13 9 13 9 13 9 13 9 13 9 12 9 14 8 13 8 13 8 13 8 14 8 14 8 13 8 14 8 13 8 14 9 15 0 0 9 13 9 13 10 14 10 13 9 13 9 12 9 14 9 13 10 12 10 13 11 13 10 13 11 13 11 12 11 13 12 12 12 14 12 12 12 13 12 12 13 13 12 13 13 13 14 12 13 13 13 11 0 0 0 0 0 0 0 0 0 0 ]
25,1782983830.738167,17.0879,-67,CSI_DATA,AP,98:F4:AB:29:67:94,-67,11,1,6,1,1,1,1,0,0,0,-96,1,6,1,30653537,0,84,0,0,31.0365,384,[84 -64 4 0 0 0 0 0 0 0 0 0 8 12 8 12 8 13 8 13 7 13 7 14 6 14 6 13 6 15 5 15 6 15 5 16 6 15 5 15 4 15 5 17 4 16 5 15 4 15 3 15 4 16 3 15 4 15 4 15 4 17 5 16 0 0 4 16 5 16 4 16 4 15 4 15 4 16 4 16 5 16 5 16 6 15 6 16 7 16 6 16 6 16 6 16 7 17 7 17 7 16 6 17 7 16 6 17 6 17 7 17 7 16 7 17 7 16 0 0 0 0 0 0 0 0 0 0 ]
26,1782983830.823379,18.0673,-68,CSI_DATA,AP,98:F4:AB:29:67:94,-68,11,1,7,1,1,1,0,0,0,1,-96,0,6,1,30702398,0,82,0,0,31.0853,384,[82 -96 4 0 0 0 0 0 0 0 0 0 13 -7 15 -7 15 -6 14 -6 15 -6 14 -5 15 -5 15 -4 16 -4 16 -4 17 -3 17 -4 16 -3 17 -3 16 -3 17 -3 16 -3 17 -3 16 -2 17 -2 16 -2 17 -2 16 -2 17 -2 16 -2 16 -2 0 0 16 -3 17 -4 17 -3 17 -4 16 -3 17 -3 17 -4 17 -4 17 -5 17 -5 17 -5 17 -5 17 -5 17 -5 17 -5 16 -5 19 -5 18 -5 18 -5 17 -6 17 -6 18 -6 19 -5 19 -6 18 -6 18 -6 0 0 0 0 0 0 0 0 0 0 ]
27,1782983830.906925,18.1059,-68,CSI_DATA,AP,98:F4:AB:29:67:94,-68,11,1,7,1,1,1,1,0,0,0,-96,1,6,1,30746438,0,84,0,0,31.1294,384,[84 -64 4 0 0 0 0 0 0 0 0 0 0 -16 1 -16 2 -17 3 -16 3 -16 2 -16 3 -16 3 -17 5 -16 5 -16 4 -17 5 -17 5 -17 5 -17 5 -16 6 -18 5 -16 6 -16 6 -16 6 -16 7 -16 6 -16 5 -16 6 -16 6 -17 6 -17 0 0 5 -16 5 -16 5 -16 5 -18 5 -17 5 -17 5 -17 5 -16 4 -18 3 -18 3 -18 4 -17 3 -18 3 -18 4 -19 3 -18 4 -19 3 -19 3 -20 2 -19 2 -20 3 -19 2 -19 1 -20 2 -19 2 -20 0 0 0 0 0 0 0 0 0 0 ]
28,1782983830.990523,17.8330,-68,CSI_DATA,AP,98:F4:AB:29:67:94,-68,11,1,7,1,1,1,1,0,0,0,-96,1,6,1,30827957,0,84,0,0,31.2109,384,[84 -64 4 0 0 0 0 0 0 0 0 0 -12 10 -13 10 -14 9 -13 9 -14 9 -14 9 -14 10 -14 8 -15 10 -15 8 -16 8 -17 8 -17 7 -16 6 -16 7 -17 7 -17 7 -17 7 -17 6 -16 6 -17 6 -17 6 -16 7 -18 6 -16 6 -17 7 0 0 -16 6 -17 7 -17 7 -15 7 -16 7 -16 7 -16 7 -16 7 -17 8 -16 7 -17 9 -16 8 -16 9 -17 8 -17 9 -17 9 -17 9 -17 9 -17 10 -16 10 -17 11 -17 10 -17 10 -17 11 -16 11 -17 11 0 0 0 0 0 0 0 0 0 0 ]
29,1782983831.075042,17.5258,-66,CSI_DATA,AP,98:F4:AB:29:67:94,-66,11,1,5,1,1,1,1,0,0,0,-96,1,6,1,30926525,0,84,0,0,31.3095,384,[84 -64 4 0 0 0 0 0 0 0 0 0 9 11 9 12 9 13 8 12 9 14 7 13 7 14 8 14 7 14 7 15 7 16 8 15 7 16 6 16 7 15 7 17 7 15 6 16 6 15 6 15 7 16 7 16 6 16 6 15 6 16 6 15 0 0 7 15 8 16 7 16 9 15 7 14 8 15 8 15 9 14 9 14 9 15 10 15 9 14 9 15 10 15 11 14 11 14 11 15 11 14 12 14 12 13 11 14 12 14 11 15 13 14 12 14 12 14 0 0 0 0 0 0 0 0 0 0 ]
30,1782983831.158618,17.2615,-64,CSI_DATA,AP,98:F4:AB:29:67:94,-64,11,1,3,1,1,1,1,0,0,0,-96,1,6,1,31020803,0,84,0,0,31.4038,384,[84 -64 4 0 0 0 0 0 0 0 0 0 9 -12 10 -11 11 -12 12 -11 12 -11 11 -11 12 -10 13 -10 13 -10 13 -10 14 -10 14 -10 14 -10 14 -9 14 -9 15 -10 14 -9 14 -9 14 -8 14 -8 14 -8 14 -9 14 -8 14 -8 15 -8 14 -9 0 0 14 -9 14 -10 14 -9 14 -10 13 -8 14 -9 14 -9 14 -10 14 -10 14 -11 13 -12 13 -11 13 -11 13 -11 13 -12 13 -12 14 -12 13 -12 14 -12 13 -12 14 -12 13 -13 14 -12 13 -13 12 -13 12 -13 0 0 0 0 0 0 0 0 0 0 ]
31,1782983831.242400,16.3406,-68,CSI_DATA,AP,98:F4:AB:29:67:94,-68,11,1,7,1,1,1,1,0,0,0,-96,1,6,1,31097872,0,84,0,0,31.4809,384,[84 -64 4 0 0 0 0 0 0 0 0 0 -6 13 -7 13 -8 13 -8 12 -9 13 -9 12 -9 13 -10 12 -10 12 -11 11 -11 12 -12 11 -12 12 -12 12 -11 11 -13 12 -11 11 -12 10 -12 11 -12 11 -12 10 -13 10 -13 11 -12 11 -12 11 -12 11 0 0 -13 11 -12 11 -12 11 -11 12 -12 11 -12 12 -12 11 -12 11 -12 12 -11 13 -11 13 -11 12 -10 12 -11 13 -11 13 -10 13 -11 13 -11 13 -12 14 -11 14 -10 13 -11 13 -11 14 -11 14 -11 13 -11 14 0 0 0 0 0 0 0 0 0 0 ]
32,1782983831.326095,16.5860,-68,CSI_DATA,AP,98:F4:AB:29:67:94,-68,11,1,7,1,1,1,1,0,0,0,-96,1,6,1,31191616,0,84,0,0,31.5746,384,[84 -64 4 0 0 0 0 0 0 0 0 0 -4 -15 -4 -14 -4 -16 -4 -16 -4 -16 -3 -16 -3 -16 -3 -16 -2 -17 -1 -17 -2 -17 -1 -17 -1 -16 0 -17 -1 -17 -1 -18 -1 -16 -1 -17 0 -16 1 -17 0 -16 1 -16 0 -17 0 -16 1 -17 0 -17 0 0 -1 -17 -1 -18 -1 -16 -1 -17 0 -16 -1 -17 -1 -17 -2 -18 -2 -17 -3 -18 -3 -17 -2 -17 -3 -17 -3 -17 -3 -17 -3 -17 -3 -18 -3 -18 -4 -18 -4 -18 -4 -18 -4 -18 -4 -18 -4 -19 -4 -18 -4 -18 0 0 0 0 0 0 0 0 0 0 ]
33,1782983831.412148,16.8030,-67,CSI_DATA,AP,98:F4:AB:29:67:94,-67,11,1,6,1,1,1,1,0,0,0,-96,1,6,1,31277702,0,84,0,0,31.6607,384,[84 -64 4 0 0 0 0 0 0 0 0 0 2 15 1 14 0 14 0 15 -1 15 0 15 -1 16 -1 15 -2 15 -2 15 -2 16 -3 16 -3 16 -3 16 -3 15 -3 16 -4 15 -4 15 -3 15 -4 15 -4 15 -4 15 -4 15 -4 15 -4 15 -3 16 0 0 -4 16 -3 16 -3 15 -3 16 -3 15 -2 15 -2 16 -2 15 -2 17 -2 16 -1 16 -2 16 -1 16 0 17 -1 16 -1 17 -1 17 -1 17 -1 17 0 17 -1 18 1 17 1 17 1 18 0 17 1 18 0 0 0 0 0 0 0 0 0 0 ]
34,1782983831.497484,16.8052,-66,CSI_DATA,AP,98:F4:AB:29:67:94,-66,11,1,5,1,1,1,1,0,0,0,-96,1,6,1,31370398,0,84,0,0,31.7534,384,[84 -64 4 0 0 0 0 0 0 0 0 0 16 -2 16 -2 16 -1 15 0 16 0 16 1 16 1 16 1 17 1 17 2 17 2 17 3 17 3 17 3 17 3 18 4 17 3 17 4 16 4 17 4 16 4 17 4 17 4 16 4 17 4 18 4 0 0 18 4 18 3 17 4 17 3 16 3 17 2 18 2 17 2 17 2 17 1 18 1 17 2 18 2 18 1 19 1 18 1 19 1 18 0 19 0 18 0 19 0 19 0 19 0 19 0 19 0 19 0 0 0 0 0 0 0 0 0 0 0 ]
35,1782983831.585715,16.5785,-67,CSI_DATA,AP,98:F4:AB:29:67:94,-67,11,1,6,1,1,1,1,0,0,0,-96,1,6,1,31460099,0,84,0,0,31.8431,384,[84 -64 4 0 0 0 0 0 0 0 0 0 13 6 12 6 13 7 13 7 13 8 13 8 17 7 12 9 12 9 12 10 12 10 13 10 12 10 12 10 11 10 12 11 11 10 12 11 11 10 11 10 11 10 11 10 12 11 11 10 12 11 12 11 0 0 11 11 12 10 12 10 13 10 11 10 12 11 12 10 12 10 13 9 14 9 13 9 13 9 14 10 13 9 15 8 15 8 15 9 15 8 15 9 14 8 15 9 15 8 16 9 15 8 15 9 15 9 0 0 0 0 0 0 0 0 0 0 ]
36,1782983831.668716,16.8042,-66,CSI_DATA,AP,98:F4:AB:29:67:94,-66,11,1,6,1,1,1,1,0,0,0,-96,1,6,1,31548339,0,84,0,0,31.9312,384,[84 -64 4 0 0 0 0 0 0 0 0 0 -16 -3 -16 -4 -17 -4 -15 -5 -15 -6 -15 -6 -16 -6 -15 -6 -15 -7 -16 -7 -16 -8 -16 -8 -16 -8 -15 -9 -15 -9 -16 -9 -15 -9 -15 -9 -14 -9 -14 -8 -14 -9 -14 -10 -14 -9 -15 -9 -14 -10 -15 -9 0 0 -14 -9 -15 -9 -15 -9 -15 -9 -14 -8 -15 -9 -16 -8 -15 -9 -15 -7 -17 -8 -16 -8 -16 -8 -16 -8 -16 -8 -17 -8 -17 -7 -17 -8 -17 -7 -17 -7 -17 -7 -18 -8 -17 -7 -17 -8 -18 -8 -18 -7 -18 -7 0 0 0 0 0 0 0 0 0 0 ]
37,1782983831.755518,16.4410,-66,CSI_DATA,AP,98:F4:AB:29:67:94,-66,11,1,6,1,1,1,1,0,0,0,-96,1,6,1,31642421,0,84,0,0,32.0254,384,[84 -64 4 0 0 0 0 0 0 0 0 0 -3 13 -4 13 -5 14 -5 14 -5 14 -6 14 -6 14 -7 13 -7 13 -8 13 -7 14 -7 14 -8 14 -8 13 -8 13 -8 14 -8 13 -8 12 -9 12 -9 13 -9 12 -9 12 -8 12 -8 13 -9 13 -8 13 0 0 -8 13 -8 13 -8 13 -7 13 -8 12 -8 13 -8 13 -8 13 -8 13 -7 14 -7 15 -7 14 -7 14 -7 15 -6 14 -7 15 -7 15 -6 15 -7 15 -6 15 -7 15 -7 16 -7 15 -6 16 -6 15 -6 15 0 0 0 0 0 0 0 0 0 0 ]
38,1782983831.840656,16.7727,-66,CSI_DATA,AP,98:F4:AB:29:67:94,-66,11,1,6,1,1,1,0,0,0,0,-96,0,6,1,31704546,0,82,0,0,32.0876,384,[82 -96 4 0 0 0 0 0 0 0 0 0 2 15 1 15 2 15 0 16 0 16 0 17 -1 16 -2 17 -1 17 -2 15 -1 16 -1 16 -1 17 -1 17 -3 16 -3 17 -3 17 -2 16 -3 16 -4 16 -3 15 -3 16 -3 15 -3 16 -3 17 -3 17 0 0 -2 16 -2 17 -2 16 -2 16 -2 16 -2 16 -2 16 -2 16 -1 17 -1 16 0 17 0 17 1 17 1 18 0 17 0 17 0 18 1 18 1 18 1 18 1 18 1 18 1 18 3 18 2 17 3 17 0 0 0 0 0 0 0 0 0 0 ]
39,1782983831.926557,18.7419,-67,CSI_DATA,AP,98:F4:AB:29:67:94,-67,11,1,6,1,1,1,1,0,0,0,-96,1,6,1,31749121,0,84,0,0,32.132,384,[84 -64 4 0 0 0 0 0 0 0 0 0 -18 -2 -17 -2 -19 -3 -18 -3 -19 -4 -18 -4 -19 -4 -18 -4 -19 -5 -19 -7 -19 -7 -19 -7 -18 -7 -18 -8 -18 -8 -19 -8 -18 -8 -18 -8 -17 -8 -18 -7 -17 -8 -18 -8 -17 -8 -17 -9 -18 -9 -18 -8 0 0 -18 -7 -19 -7 -18 -7 -19 -7 -17 -7 -18 -7 -19 -6 -19 -7 -19 -6 -20 -5 -19 -6 -18 -6 -19 -6 -19 -5 -20 -5 -19 -4 -21 -5 -20 -5 -20 -5 -20 -4 -21 -5 -21 -5 -21 -5 -21 -5 -20 -6 -21 -4 0 0 0 0 0 0 0 0 0 0 ]
40,1782983832.010710,18.5994,-66,CSI_DATA,AP,98:F4:AB:29:67:94,-66,11,1,6,1,1,1,1,0,0,0,-96,1,6,1,31819876,0,84,0,0,32.2029,384,[84 -64 4 0 0 0 0 0 0 0 0 0 0 -16 0 -16 0 -16 2 -16 1 -17 1 -16 2 -17 2 -16 2 -16 4 -16 4 -17 5 -17 5 -17 4 -17 4 -17 4 -17 4 -16 4 -15 5 -16 4 -16 6 -16 5 -16 5 -16 6 -16 5 -17 5 -17 0 0 5 -17 4 -17 4 -17 4 -17 4 -16 3 -17 3 -17 4 -17 3 -17 3 -18 2 -17 3 -17 3 -17 2 -17 2 -18 2 -18 2 -18 2 -18 1 -19 1 -18 1 -18 1 -18 1 -19 1 -18 1 -18 1 -18 0 0 0 0 0 0 0 0 0 0 ]
41,1782983832.099020,17.4326,-67,CSI_DATA,AP,98:F4:AB:29:67:94,-67,11,1,6,1,1,1,1,0,0,0,-96,1,6,1,31908411,0,84,0,0,32.2914,384,[84 -64 4 0 0 0 0 0 0 0 0 0 10 -12 10 -11 11 -12 11 -11 12 -11 12 -10 12 -10 13 -9 13 -10 13 -9 14 -10 14 -10 14 -8 14 -9 14 -8 15 -9 14 -8 15 -8 14 -8 14 -8 14 -8 14 -8 14 -8 14 -8 14 -8 14 -9 0 0 14 -9 14 -10 14 -9 14 -10 13 -9 13 -9 14 -10 13 -9 13 -10 13 -11 13 -11 13 -10 12 -11 12 -11 13 -12 12 -12 14 -12 13 -12 13 -12 12 -12 13 -12 13 -12 13 -12 13 -13 12 -13 12 -13 0 0 0 0 0 0 0 0 0 0 ]
42,1782983832.181326,17.9346,-66,CSI_DATA,AP,98:F4:AB:29:67:94,-66,11,1,6,1,1,1,1,0,0,0,-96,1,6,1,32018784,0,84,0,0,32.4017,384,[84 -64 4 0 0 0 0 0 0 0 0 0 16 -3 16 -4 17 -3 17 -2 17 -2 16 -1 17 -1 17 0 18 0 17 1 18 1 18 1 18 1 18 1 17 2 19 2 18 2 18 2 17 3 17 2 17 3 18 2 17 2 18 3 18 3 18 2 0 0 17 2 18 2 18 1 18 1 17 2 18 2 18 2 18 2 17 1 19 1 19 0 18 1 18 0 19 1 19 0 19 0 20 0 20 -1 20 -1 20 -1 20 0 20 -1 21 -1 20 -2 20 -1 19 -2 0 0 0 0 0 0 0 0 0 0 ]
43,1782983832.266679,17.4336,-67,CSI_DATA,AP,98:F4:AB:29:67:94,-67,11,1,7,1,1,1,1,0,0,0,-96,1,6,1,32088139,0,84,0,0,32.4711,384,[84 -64 4 0 0 0 0 0 0 0 0 0 -4 -15 -4 -14 -4 -16 -4 -16 -4 -16 -2 -15 -3 -16 -3 -16 -2 -16 -2 -17 -2 -17 -1 -17 -2 -17 -2 -17 -1 -16 -1 -17 -1 -17 -2 -17 -1 -16 -1 -17 -2 -16 -2 -17 -2 -17 -1 -17 -1 -17 -1 -17 0 0 -1 -17 -2 -18 -1 -17 -2 -17 -2 -16 -2 -17 -2 -17 -3 -17 -3 -17 -4 -18 -4 -18 -3 -17 -4 -17 -3 -17 -5 -18 -4 -17 -4 -19 -5 -17 -5 -17 -6 -18 -5 -17 -5 -17 -5 -17 -6 -19 -6 -18 -6 -18 0 0 0 0 0 0 0 0 0 0 ]
44,1782983832.351110,17.0724,-66,CSI_DATA,AP,98:F4:AB:29:67:94,-66,11,1,6,1,1,1,1,0,0,0,-96,1,6,1,32180306,0,84,0,0,32.5633,384,[84 -64 4 0 0 0 0 0 0 0 0 0 -2 -15 -2 -15 -2 -16 -1 -16 -1 -16 -1 -16 0 -16 0 -16 1 -17 2 -16 1 -17 2 -17 2 -17 2 -17 2 -16 2 -18 2 -16 2 -17 2 -16 2 -16 2 -16 3 -16 3 -17 2 -16 2 -17 3 -17 0 0 1 -17 2 -17 1 -16 1 -17 1 -16 1 -16 1 -17 0 -17 1 -17 0 -18 -1 -17 0 -17 0 -18 0 -17 -1 -17 -2 -17 -1 -19 -1 -18 -2 -18 -2 -18 -2 -18 -2 -18 -2 -19 -3 -18 -2 -18 -2 -17 0 0 0 0 0 0 0 0 0 0 ]
45,1782983832.436557,17.7521,-67,CSI_DATA,AP,98:F4:AB:29:67:94,-67,11,1,7,1,1,1,1,0,0,0,-96,1,6,1,32268854,0,84,0,0,32.6519,384,[84 -64 4 0 0 0 0 0 0 0 0 0 -10 12 -12 11 -13 10 -13 10 -14 11 -13 10 -14 9 -14 9 -14 9 -15 9 -15 9 -15 9 -15 9 -16 8 -16 9 -17 9 -16 7 -16 8 -16 8 -15 6 -16 6 -16 8 -15 8 -16 7 -17 8 -16 8 0 0 -15 7 -16 8 -15 8 -15 8 -16 8 -16 8 -15 9 -15 8 -14 9 -15 9 -14 11 -14 9 -14 9 -15 10 -14 11 -14 11 -15 10 -14 10 -15 11 -15 11 -15 10 -14 11 -15 12 -15 12 -14 11 -14 12 0 0 0 0 0 0 0 0 0 0 ]
46,1782983832.522029,18.3717,-67,CSI_DATA,AP,98:F4:AB:29:67:94,-67,11,1,7,1,1,1,1,0,0,0,-96,1,6,1,32359241,0,84,0,0,32.7421,384,[84 -64 4 0 0 0 0 0 0 0 0 0 -16 -2 -17 -3 -17 -3 -17 -4 -17 -4 -17 -5 -17 -5 -17 -6 -18 -6 -16 -6 -17 -6 -17 -7 -17 -7 -17 -7 -17 -7 -17 -7 -17 -8 -17 -8 -16 -7 -16 -7 -15 -8 -16 -7 -16 -7 -16 -7 -17 -8 -17 -6 0 0 -17 -8 -17 -8 -16 -7 -16 -6 -16 -6 -16 -7 -17 -6 -17 -6 -18 -6 -18 -5 -17 -4 -18 -5 -18 -4 -18 -5 -18 -5 -18 -4 -19 -5 -18 -4 -18 -4 -18 -3 -18 -4 -19 -4 -19 -4 -19 -3 -20 -3 -20 -4 0 0 0 0 0 0 0 0 0 0 ]
47,1782983832.606915,16.8333,-66,CSI_DATA,AP,98:F4:AB:29:67:94,-66,11,1,6,1,1,1,1,0,0,0,-96,1,6,1,32452595,0,84,0,0,32.8355,384,[84 -64 4 0 0 0 0 0 0 0 0 0 7 -13 8 -12 8 -13 9 -13 9 -12 9 -12 10 -12 9 -12 10 -12 11 -12 11 -11 11 -12 12 -11 11 -11 11 -11 12 -11 12 -10 12 -10 11 -10 11 -10 11 -10 11 -11 11 -10 12 -10 12 -10 11 -11 0 0 11 -11 11 -11 11 -11 10 -11 10 -10 10 -12 10 -12 9 -12 10 -13 9 -12 10 -13 9 -12 10 -12 9 -13 10 -13 9 -13 10 -13 9 -14 9 -14 8 -14 9 -14 9 -14 9 -14 9 -14 8 -13 9 -15 0 0 0 0 0 0 0 0 0 0 ]
48,1782983832.695447,17.1229,-65,CSI_DATA,AP,98:F4:AB:29:67:94,-65,11,1,5,1,1,1,1,0,0,0,-96,1,6,1,32541956,0,84,0,0,32.9249,384,[84 -64 4 0 0 0 0 0 0 0 0 0 -8 -15 -8 -15 -8 -15 -7 -16 -6 -16 -5 -16 -6 -16 -6 -16 -6 -17 -4 -17 -4 -17 -4 -17 -4 -17 -3 -18 -4 -16 -5 -18 -4 -17 -4 -17 -3 -17 -4 -17 -4 -17 -4 -17 -3 -17 -2 -16 -3 -17 -3 -17 0 0 -5 -17 -4 -17 -4 -17 -4 -16 -4 -16 -4 -16 -6 -16 -5 -17 -6 -16 -6 -17 -6 -17 -6 -16 -6 -17 -6 -16 -7 -17 -7 -16 -8 -18 -7 -17 -8 -16 -9 -17 -8 -16 -8 -17 -9 -17 -9 -18 -8 -16 -8 -16 0 0 0 0 0 0 0 0 0 0 ]
49,1782983832.781933,16.6438,-66,CSI_DATA,AP,98:F4:AB:29:67:94,-66,11,1,6,1,1,1,1,0,0,0,-96,1,6,1,32629118,0,84,0,0,33.0121,384,[84 -64 4 0 0 0 0 0 0 0 0 0 15 -4 16 -3 16 -3 17 -3 17 -2 16 -2 16 -2 16 0 17 0 17 0 17 0 17 0 17 0 17 0 16 1 18 0 17 1 17 1 18 1 19 1 15 2 16 1 16 1 16 1 16 0 17 1 0 0 16 0 17 0 17 0 16 0 16 0 17 -1 16 0 16 -1 16 -1 17 -2 17 -2 17 -2 17 -2 17 -2 17 -3 17 -3 17 -2 17 -4 17 -3 17 -4 18 -3 17 -4 18 -3 18 -4 17 -4 17 -5 0 0 0 0 0 0 0 0 0 0 ]
50,1782983832.867790,16.6369,-66,CSI_DATA,AP,98:F4:AB:29:67:94,-66,11,1,6,1,1,1,1,0,0,0,-96,1,6,1,32727615,0,84,0,0,33.1106,384,[84 -64 4 0 0 0 0 0 0 0 0 0 2 -18 2 -16 2 -18 3 -16 4 -17 4 -18 4 -18 5 -17 5 -18 5 -17 5 -17 6 -19 6 -18 6 -17 7 -17 6 -18 7 -16 7 -17 6 -16 7 -16 7 -16 7 -16 6 -16 6 -16 7 -16 6 -18 0 0 5 -17 6 -15 5 -15 0 -12 7 -17 5 -17 5 -18 4 -17 4 -17 3 -18 3 -18 3 -17 3 -19 3 -18 3 -18 2 -18 2 -19 2 -19 2 -19 2 -19 3 -19 2 -18 2 -19 1 -20 2 -19 1 -19 0 0 0 0 0 0 0 0 0 0 ]
51,1782983832.956553,17.3929,-66,CSI_DATA,AP,98:F4:AB:29:67:94,-66,11,1,6,1,1,1,1,0,0,0,-96,1,6,1,32809018,0,84,0,0,33.192,384,[84 -64 4 0 0 0 0 0 0 0 0 0 -9 -15 -7 -15 -8 -17 -7 -16 -8 -16 -7 -16 -7 -17 -6 -17 -6 -17 -5 -17 -6 -18 -5 -19 -5 -18 -4 -18 -4 -17 -4 -18 -4 -18 -5 -18 -4 -18 -4 -18 -4 -17 -5 -18 -4 -17 -4 -17 -4 -18 -5 -18 0 0 -5 -18 -5 -18 -5 -17 -6 -17 -5 -17 -5 -17 -6 -17 -6 -17 -7 -17 -7 -17 -7 -17 -7 -17 -7 -17 -7 -17 -7 -16 -9 -17 -8 -18 -9 -17 -8 -17 -9 -16 -9 -17 -9 -17 -9 -18 -9 -17 -9 -17 -10 -17 0 0 0 0 0 0 0 0 0 0 ]
52,1782983833.043559,17.9524,-66,CSI_DATA,AP,98:F4:AB:29:67:94,-66,11,1,6,1,1,1,1,0,0,0,-96,1,6,1,32898052,0,84,0,0,33.2811,384,[84 -64 4 0 0 0 0 0 0 0 0 0 -16 -2 -17 -3 -17 -4 -17 -4 -17 -4 -17 -6 -17 -5 -17 -6 -18 -5 -17 -8 -17 -7 -17 -7 -17 -8 -16 -8 -16 -7 -18 -8 -16 -7 -16 -8 -15 -8 -16 -8 -16 -8 -16 -8 -16 -9 -16 -8 -16 -8 -16 -8 0 0 -16 -8 -16 -8 -16 -8 -17 -7 -15 -8 -17 -8 -17 -8 -17 -7 -16 -6 -17 -6 -17 -7 -17 -7 -18 -6 -17 -7 -18 -5 -17 -5 -19 -5 -18 -6 -18 -6 -18 -5 -18 -6 -18 -6 -19 -6 -18 -5 -18 -6 -19 -5 0 0 0 0 0 0 0 0 0 0 ]
53,1782983833.129484,17.9986,-66,CSI_DATA,AP,98:F4:AB:29:67:94,-66,11,1,6,1,1,1,1,0,0,0,-96,1,6,1,32994315,0,84,0,0,33.3773,384,[84 -64 4 0 0 0 0 0 0 0 0 0 9 -15 8 -14 9 -15 9 -14 10 -14 10 -14 10 -14 11 -13 11 -13 12 -13 13 -13 13 -14 13 -12 13 -12 12 -11 14 -12 13 -12 12 -11 12 -11 13 -11 13 -11 13 -12 13 -11 13 -11 14 -11 13 -12 0 0 13 -12 12 -12 13 -13 12 -13 12 -11 13 -12 13 -12 12 -12 12 -13 12 -14 11 -14 12 -13 12 -14 11 -14 11 -14 11 -14 12 -15 11 -15 11 -15 10 -15 11 -15 11 -16 11 -15 11 -15 10 -15 11 -15 0 0 0 0 0 0 0 0 0 0 ]
54,1782983833.217199,18.0037,-66,CSI_DATA,AP,98:F4:AB:29:67:94,-66,11,1,6,1,1,1,1,0,0,0,-96,1,6,1,33077584,0,84,0,0,33.4605,384,[84 -64 4 0 0 0 0 0 0 0 0 0 -4 16 -4 15 -5 16 -6 16 -5 16 -5 16 -6 16 -7 16 -7 15 -7 16 -7 16 -7 16 -8 16 -9 15 -9 15 -8 16 -8 15 -9 14 -9 14 -9 14 -9 15 -9 15 -10 14 -9 14 -9 15 -8 15 0 0 -8 15 -8 16 -8 15 -7 16 -8 13 -7 15 -8 15 -7 15 -7 16 -6 16 -7 16 -7 16 -7 16 -6 16 -6 17 -6 17 -7 17 -6 17 -6 18 -6 17 -6 18 -6 18 -6 18 -5 17 -5 17 -5 18 0 0 0 0 0 0 0 0 0 0 ]
55,1782983833.302775,18.4201,-66,CSI_DATA,AP,98:F4:AB:29:67:94,-66,11,1,6,1,1,1,1,0,0,0,-96,1,6,1,33167449,0,84,0,0,33.5504,384,[84 -64 4 0 0 0 0 0 0 0 0 0 -3 -17 -2 -17 -2 -17 -1 -17 -1 -18 -1 -17 0 -18 1 -17 0 -19 1 -18 2 -18 2 -18 2 -18 2 -18 2 -18 2 -19 2 -18 2 -19 2 -17 2 -17 2 -18 2 -17 2 -17 2 -17 2 -18 2 -18 0 0 1 -18 1 -17 1 -17 0 -18 1 -17 0 -18 0 -18 -1 -18 -1 -18 -2 -18 -2 -19 -1 -18 -1 -18 -2 -18 -2 -18 -4 -19 -2 -19 -3 -19 -3 -18 -5 -19 -4 -19 -4 -18 -4 -20 -4 -19 -4 -19 -4 -18 0 0 0 0 0 0 0 0 0 0 ]
56,1782983833.389715,17.3929,-66,CSI_DATA,AP,98:F4:AB:29:67:94,-66,11,1,6,1,1,1,1,0,0,0,-96,1,6,1,33262531,0,84,0,0,33.6455,384,[84 -64 4 0 0 0 0 0 0 0 0 0 -8 -13 -7 -14 -7 -14 -7 -15 -7 -14 -6 -14 -6 -15 -6 -15 -6 -15 -5 -15 -5 -16 -5 -17 -4 -16 -5 -16 -5 -15 -5 -17 -4 -16 -5 -16 -4 -15 -4 -16 -4 -15 -4 -16 -4 -15 -4 -15 -4 -16 -5 -16 0 0 -5 -16 -5 -15 -5 -15 -6 -15 -5 -15 -6 -15 -6 -15 -6 -15 -7 -15 -7 -15 -8 -16 -8 -15 -8 -15 -8 -15 -8 -15 -9 -15 -9 -16 -9 -14 -9 -15 -10 -14 -9 -15 -10 -15 -10 -15 -10 -15 -9 -14 -10 -15 0 0 0 0 0 0 0 0 0 0 ]
57,1782983833.475865,17.7553,-66,CSI_DATA,AP,98:F4:AB:29:67:94,-66,11,1,6,1,1,1,1,0,0,0,-96,1,6,1,33353622,0,84,0,0,33.7366,384,[84 -64 4 0 0 0 0 0 0 0 0 0 4 -17 4 -17 5 -18 5 -18 5 -18 7 -17 7 -18 8 -18 8 -17 9 -17 9 -18 9 -18 10 -17 10 -18 8 -16 9 -18 10 -17 10 -17 10 -16 10 -16 10 -17 9 -16 10 -16 10 -16 10 -16 10 -17 0 0 10 -17 9 -17 9 -17 9 -18 9 -16 8 -17 8 -18 8 -18 9 -18 8 -19 7 -18 7 -18 8 -18 8 -18 7 -20 6 -19 7 -20 6 -19 7 -20 6 -20 8 -20 7 -19 8 -20 6 -20 6 -20 7 -20 0 0 0 0 0 0 0 0 0 0 ]
58,1782983833.562652,17.8129,-67,CSI_DATA,AP,98:F4:AB:29:67:94,-67,11,1,7,1,1,1,1,0,0,0,-96,1,6,1,33444693,0,84,0,0,33.8277,384,[84 -64 4 0 0 0 0 0 0 0 0 0 8 -14 9 -12 9 -14 10 -13 11 -12 11 -13 11 -13 11 -13 12 -13 13 -12 12 -12 12 -12 13 -11 13 -11 13 -11 14 -12 12 -11 13 -12 12 -11 13 -11 13 -11 13 -11 13 -11 13 -10 14 -11 13 -11 0 0 13 -11 13 -12 12 -11 12 -12 12 -12 12 -12 11 -12 12 -13 12 -13 11 -13 11 -14 11 -13 12 -13 12 -13 12 -15 11 -14 12 -14 11 -15 11 -15 11 -15 11 -16 11 -15 12 -15 10 -16 11 -15 10 -15 0 0 0 0 0 0 0 0 0 0 ]
59,1782983833.648576,17.6657,-66,CSI_DATA,AP,98:F4:AB:29:67:94,-66,11,1,6,1,1,1,1,0,0,0,-96,1,6,1,33546902,0,84,0,0,33.9298,384,[84 -64 4 0 0 0 0 0 0 0 0 0 -12 -14 -11 -15 -12 -16 -11 -15 -10 -16 -10 -17 -10 -17 -9 -17 -9 -18 -9 -17 -9 -18 -8 -18 -9 -18 -8 -18 -7 -17 -8 -19 -8 -18 -8 -18 -8 -18 -7 -17 -7 -18 -7 -18 -7 -18 -8 -18 -8 -19 -8 -18 0 0 -8 -17 -8 -18 -8 -18 -8 -17 -8 -17 -8 -18 -8 -18 -9 -18 -9 -17 -9 -17 -11 -17 -11 -17 -10 -17 -10 -18 -11 -17 -12 -17 -12 -17 -12 -17 -12 -17 -12 -17 -11 -18 -12 -18 -13 -18 -13 -16 -12 -17 -12 -16 0 0 0 0 0 0 0 0 0 0 ]
60,1782983833.735215,17.8347,-66,CSI_DATA,AP,98:F4:AB:29:67:94,-66,11,1,6,1,1,1,1,0,0,0,-96,1,6,1,33635611,0,84,0,0,34.0187,384,[84 -64 4 0 0 0 0 0 0 0 0 0 -9 -14 -8 -14 -8 -14 -8 -15 -9 -16 -8 -15 -7 -15 -7 -16 -7 -17 -7 -17 -7 -17 -6 -17 -6 -17 -6 -17 -6 -17 -6 -18 -5 -17 -5 -17 -5 -17 -5 -17 -5 -17 -6 -17 -6 -16 -5 -17 -5 -17 -6 -17 0 0 -6 -17 -6 -16 -6 -16 -7 -17 -6 -16 -6 -16 -7 -17 -7 -16 -8 -16 -9 -16 -9 -16 -9 -16 -9 -16 -9 -16 -9 -16 -9 -16 -9 -17 -10 -16 -10 -16 -10 -16 -10 -16 -10 -17 -10 -16 -11 -16 -11 -16 -12 -16 0 0 0 0 0 0 0 0 0 0 ]
61,1782983833.827650,17.4900,-67,CSI_DATA,AP,98:F4:AB:29:67:94,-67,11,1,7,1,1,1,1,0,0,0,-96,1,6,1,33709702,0,84,0,0,34.0927,384,[84 -64 4 0 0 0 0 0 0 0 0 0 13 8 13 8 13 10 13 9 13 10 13 9 12 10 12 11 12 12 11 12 13 13 12 12 12 12 12 12 11 12 12 14 12 13 10 13 10 13 11 12 10 13 10 13 10 13 10 12 11 13 11 12 0 0 10 12 12 12 10 12 11 12 11 12 11 13 11 13 11 11 12 12 13 11 12 11 12 11 12 12 12 11 13 12 14 11 13 12 14 11 14 11 13 11 13 11 13 11 14 12 15 11 13 11 14 11 0 0 0 0 0 0 0 0 0 0 ]
62,1782983833.921266,17.0998,-66,CSI_DATA,AP,98:F4:AB:29:67:94,-66,11,1,6,1,1,1,1,0,0,0,-96,1,6,1,33800293,0,84,0,0,34.1832,384,[84 -64 4 0 0 0 0 0 0 0 0 0 -16 -6 -14 -6 -16 -7 -15 -7 -15 -8 -15 -8 -14 -8 -15 -8 -15 -8 -15 -10 -15 -10 -15 -10 -15 -10 -15 -11 -14 -10 -15 -12 -14 -11 -14 -11 -14 -11 -14 -11 -13 -11 -14 -11 -14 -11 -13 -11 -13 -11 -14 -12 0 0 -14 -11 -14 -11 -14 -11 -14 -10 -13 -11 -14 -10 -14 -10 -15 -11 -14 -9 -15 -9 -16 -9 -15 -9 -16 -9 -15 -9 -16 -9 -16 -9 -17 -10 -17 -8 -17 -10 -17 -8 -17 -9 -17 -9 -17 -9 -17 -8 -17 -9 -17 -8 0 0 0 0 0 0 0 0 0 0 ]
63,1782983834.008615,18.2733,-66,CSI_DATA,AP,98:F4:AB:29:67:94,-66,11,1,6,1,1,1,1,0,0,0,-96,1,6,1,33890849,0,84,0,0,34.2738,384,[84 -64 4 0 0 0 0 0 0 0 0 0 12 -13 12 -13 13 -14 14 -13 13 -12 14 -12 14 -12 14 -13 16 -12 14 -11 16 -12 16 -12 15 -11 16 -11 16 -11 17 -11 16 -11 16 -10 16 -10 16 -9 17 -10 16 -9 15 -10 15 -10 16 -11 16 -11 0 0 15 -11 16 -11 15 -11 15 -12 14 -11 14 -12 15 -12 14 -13 15 -13 13 -13 14 -14 14 -12 14 -14 13 -14 14 -15 14 -14 14 -14 13 -16 14 -16 13 -16 14 -16 13 -16 13 -15 13 -17 12 -17 13 -16 0 0 0 0 0 0 0 0 0 0 ]
64,1782983834.096581,17.7130,-66,CSI_DATA,AP,98:F4:AB:29:67:94,-66,11,1,6,1,1,1,1,0,0,0,-96,1,6,1,33979878,0,84,0,0,34.3629,384,[84 -64 4 0 0 0 0 0 0 0 0 0 1 -17 1 -17 1 -18 2 -17 3 -17 3 -17 4 -17 3 -17 4 -17 5 -17 5 -18 5 -18 6 -17 7 -17 6 -17 5 -19 6 -17 5 -18 5 -16 6 -16 6 -16 6 -16 6 -15 6 -16 6 -16 5 -16 0 0 5 -17 5 -17 5 -17 5 -18 4 -16 4 -17 4 -17 3 -17 3 -18 3 -18 2 -17 3 -17 3 -18 2 -17 2 -19 1 -18 2 -19 1 -18 1 -19 0 -19 1 -19 1 -19 1 -19 1 -20 0 -19 0 -18 0 0 0 0 0 0 0 0 0 0 ]
65,1782983834.185545,17.6082,-66,CSI_DATA,AP,98:F4:AB:29:67:94,-66,11,1,6,1,1,1,1,0,0,0,-96,1,6,1,34068311,0,84,0,0,34.4513,384,[84 -64 4 0 0 0 0 0 0 0 0 0 -10 13 -10 12 -11 13 -12 13 -12 12 -12 12 -13 11 -14 12 -13 10 -13 11 -13 11 -14 11 -15 10 -15 10 -14 10 -15 10 -15 10 -15 9 -15 10 -15 9 -14 9 -15 9 -14 10 -14 9 -15 9 -14 10 0 0 -14 10 -14 10 -14 10 -13 10 -13 9 -14 10 -15 10 -14 11 -14 11 -14 11 -13 13 -13 11 -13 12 -13 12 -13 12 -14 12 -13 11 -13 12 -14 12 -13 12 -14 13 -13 12 -12 13 -13 13 -13 14 -12 13 0 0 0 0 0 0 0 0 0 0 ]
66,1782983834.273715,17.8586,-67,CSI_DATA,AP,98:F4:AB:29:67:94,-67,11,1,7,1,1,1,1,0,0,0,-96,1,6,1,34161248,0,84,0,0,34.5443,384,[84 -64 4 0 0 0 0 0 0 0 0 0 -2 -17 -2 -17 -1 -17 -1 -17 0 -17 1 -17 2 -18 1 -18 1 -18 2 -18 2 -18 2 -18 3 -19 2 -19 2 -18 3 -19 3 -17 2 -17 3 -17 4 -17 3 -18 3 -18 3 -18 3 -18 3 -18 3 -18 0 0 3 -18 2 -18 3 -18 2 -18 2 -18 2 -18 1 -18 1 -18 2 -19 0 -19 0 -18 0 -18 0 -19 0 -18 0 -19 0 -19 -1 -20 -1 -19 -1 -19 -1 -20 -1 -19 -1 -19 -1 -19 -2 -19 -2 -19 -2 -19 0 0 0 0 0 0 0 0 0 0 ]
67,1782983834.362562,17.9148,-67,CSI_DATA,AP,98:F4:AB:29:67:94,-67,11,1,7,1,1,1,1,0,0,0,-96,1,6,1,34248416,0,84,0,0,34.6314,384,[84 -64 4 0 0 0 0 0 0 0 0 0 -1 16 -1 16 -1 16 -3 16 -3 17 -4 16 -4 16 -3 17 -4 17 -5 17 -5 17 -5 17 -5 17 -5 17 -5 15 -7 17 -6 16 -6 17 -6 15 -7 16 -6 16 -6 16 -7 16 -6 16 -7 16 -6 16 0 0 -5 17 -6 17 -6 16 -5 17 -6 16 -5 16 -5 16 -5 16 -5 17 -6 16 -5 17 -5 17 -5 17 -3 18 -4 17 -3 18 -4 18 -3 17 -3 19 -3 18 -3 19 -4 18 -4 19 -4 18 -4 18 -2 18 0 0 0 0 0 0 0 0 0 0 ]
68,1782983834.452584,17.9278,-67,CSI_DATA,AP,98:F4:AB:29:67:94,-67,11,1,7,1,1,1,1,0,0,0,-96,1,6,1,34337632,0,84,0,0,34.7206,384,[84 -64 4 0 0 0 0 0 0 0 0 0 4 -16 5 -16 4 -17 5 -17 6 -17 6 -16 7 -16 7 -17 7 -17 8 -16 8 -17 9 -17 9 -16 9 -16 9 -15 10 -16 9 -16 9 -15 9 -14 9 -15 10 -14 9 -15 9 -15 10 -15 10 -15 9 -16 0 0 10 -16 9 -16 8 -16 8 -16 8 -15 9 -16 8 -16 8 -17 8 -16 8 -17 7 -17 7 -17 8 -17 7 -17 7 -18 7 -18 7 -18 6 -18 7 -18 6 -19 7 -18 6 -19 7 -18 6 -19 6 -19 6 -19 0 0 0 0 0 0 0 0 0 0 ]
69,1782983834.540903,16.5432,-67,CSI_DATA,AP,98:F4:AB:29:67:94,-67,11,1,7,1,1,1,1,0,0,0,-96,1,6,1,34427640,0,84,0,0,34.8107,384,[84 -64 4 0 0 0 0 0 0 0 0 0 2 14 1 14 0 15 0 15 -1 15 0 14 -1 15 -2 15 -2 15 -2 15 -2 16 -2 17 -3 16 -3 16 -3 15 -4 16 -3 16 -4 15 -4 14 -4 15 -4 15 -4 15 -2 16 -4 15 -4 15 -4 15 0 0 -4 15 -3 15 -3 16 -2 15 -3 14 -2 15 -2 15 -2 15 -2 15 -1 15 -1 16 -2 16 -1 16 0 17 -1 16 0 16 -1 16 0 16 0 17 0 16 -1 17 0 17 0 16 1 18 0 17 0 16 0 0 0 0 0 0 0 0 0 0 ]
70,1782983834.627132,16.4523,-67,CSI_DATA,AP,98:F4:AB:29:67:94,-67,11,1,7,1,1,1,1,0,0,0,-96,1,6,1,34518694,0,84,0,0,34.9017,384,[84 -64 4 0 0 0 0 0 0 0 0 0 -11 -11 -11 -11 -11 -12 -11 -12 -10 -13 -11 -13 -10 -13 -9 -14 -10 -13 -9 -13 -10 -14 -9 -14 -9 -15 -9 -14 -9 -14 -10 -15 -8 -15 -8 -14 -9 -14 -8 -14 -8 -14 -8 -15 -8 -14 -8 -14 -8 -15 -9 -14 0 0 -9 -14 -9 -14 -9 -14 -9 -13 -9 -14 -10 -14 -9 -14 -10 -13 -10 -13 -11 -13 -11 -13 -11 -13 -11 -13 -12 -14 -12 -13 -12 -13 -12 -13 -12 -13 -12 -13 -13 -12 -12 -13 -13 -13 -13 -13 -13 -12 -13 -13 -13 -12 0 0 0 0 0 0 0 0 0 0 ]
71,1782983834.715428,16.5614,-67,CSI_DATA,AP,98:F4:AB:29:67:94,-67,11,1,7,1,1,1,1,0,0,0,-96,1,6,1,34612015,0,84,0,0,34.9949,384,[84 -64 4 0 0 0 0 0 0 0 0 0 15 7 15 8 15 8 15 8 14 9 15 9 15 9 14 10 15 10 14 11 14 10 14 11 13 11 14 12 13 12 13 12 13 12 13 12 13 11 13 11 13 11 13 11 13 12 15 11 14 10 14 11 0 0 13 11 13 11 14 10 14 10 13 9 13 10 14 10 14 9 15 9 15 9 15 9 15 9 15 9 15 9 16 8 16 8 17 9 17 7 17 8 17 7 17 8 17 8 17 9 17 7 17 8 17 7 0 0 0 0 0 0 0 0 0 0 ]
72,1782983834.801685,17.0133,-67,CSI_DATA,AP,98:F4:AB:29:67:94,-67,11,1,7,1,1,1,1,0,0,1,-96,1,6,1,34699886,0,84,0,0,35.0829,384,[84 -64 4 0 0 0 0 0 0 0 0 0 -2 -17 -2 -16 -1 -18 0 -18 -1 -17 0 -17 0 -18 1 -17 1 -18 2 -17 3 -18 3 -19 3 -18 3 -19 3 -17 3 -19 4 -18 4 -18 3 -16 4 -18 4 -18 4 -18 5 -17 5 -18 4 -17 4 -18 0 0 4 -18 4 -18 3 -18 2 -18 3 -16 2 -17 2 -17 2 -17 2 -18 2 -18 2 -18 2 -18 2 -18 1 -18 1 -18 0 -19 1 -19 0 -19 0 -19 0 -19 0 -18 0 -19 1 -20 0 -20 0 -19 0 -19 0 0 0 0 0 0 0 0 0 0 ]
73,1782983834.889547,17.0474,-66,CSI_DATA,AP,98:F4:AB:29:67:94,-66,11,1,6,1,1,1,1,0,0,0,-96,1,6,1,34794002,0,84,0,0,35.177,384,[84 -64 4 0 0 0 0 0 0 0 0 0 -10 12 -10 11 -11 13 -11 12 -12 12 -11 10 -12 11 -13 10 -13 11 -13 11 -14 10 -13 10 -14 10 -15 10 -13 9 -16 11 -14 9 -14 10 -14 9 -14 9 -15 9 -14 9 -15 9 -14 8 -14 9 -14 10 0 0 -13 10 -14 10 -13 10 -13 10 -13 9 -13 10 -13 9 -13 10 -13 11 -14 12 -13 12 -13 11 -13 11 -13 11 -12 13 -12 12 -13 13 -12 14 -13 13 -12 14 -13 13 -12 13 -13 14 -12 14 -12 14 -11 14 0 0 0 0 0 0 0 0 0 0 ]
74,1782983834.976088,18.2806,-67,CSI_DATA,AP,98:F4:AB:29:67:94,-67,11,1,7,1,1,1,1,0,0,1,-96,1,6,1,34882928,0,84,0,0,35.2659,384,[84 -64 4 0 0 0 0 0 0 0 0 0 -17 -5 -18 -6 -18 -6 -17 -7 -18 -8 -17 -7 -17 -8 -17 -9 -18 -9 -17 -10 -18 -9 -17 -10 -18 -10 -18 -11 -17 -11 -17 -11 -16 -11 -17 -11 -16 -11 -16 -11 -15 -11 -16 -11 -17 -11 -16 -11 -16 -11 -17 -11 0 0 -17 -11 -17 -11 -17 -11 -16 -10 -16 -9 -18 -10 -17 -10 -17 -9 -19 -8 -18 -9 -19 -8 -18 -9 -18 -8 -19 -7 -19 -8 -19 -8 -20 -8 -19 -7 -19 -7 -20 -8 -19 -9 -20 -8 -20 -7 -20 -7 -20 -7 -21 -7 0 0 0 0 0 0 0 0 0 0 ]
75,1782983835.063677,18.3782,-67,CSI_DATA,AP,98:F4:AB:29:67:94,-67,11,1,7,1,1,1,1,0,0,1,-96,1,6,1,34971691,0,84,0,0,35.3547,384,[84 -64 4 0 0 0 0 0 0 0 0 0 -14 -8 -14 -8 -15 -9 -15 -9 -14 -10 -14 -10 -14 -10 -13 -10 -14 -11 -13 -11 -13 -12 -14 -12 -13 -13 -13 -12 -13 -12 -13 -13 -12 -12 -11 -13 -12 -13 -12 -13 -12 -12 -12 -13 -12 -13 -12 -13 -12 -13 -12 -14 0 0 -12 -13 -12 -13 -12 -13 -12 -13 -11 -13 -13 -13 -12 -12 -13 -13 -13 -12 -13 -13 -14 -12 -13 -12 -14 -12 -13 -12 -14 -12 -14 -12 -14 -13 -14 -12 -15 -12 -15 -12 -15 -12 -15 -13 -14 -13 -15 -12 -14 -12 -15 -11 0 0 0 0 0 0 0 0 0 0 ]
76,1782983835.149716,17.6201,-67,CSI_DATA,AP,98:F4:AB:29:67:94,-67,11,1,7,1,1,1,1,0,0,1,-96,1,6,1,35057769,0,84,0,0,35.4408,384,[84 -64 4 0 0 0 0 0 0 0 0 0 14 4 14 5 15 5 15 5 15 5 15 6 15 7 14 7 15 7 13 8 15 8 14 9 15 8 14 9 13 9 14 10 14 9 13 9 13 9 13 9 13 10 11 18 12 9 13 9 13 10 13 9 0 0 13 10 14 9 14 9 14 8 12 8 13 9 13 9 13 8 14 8 14 8 15 7 14 8 14 8 15 8 15 7 15 7 16 8 16 7 15 7 16 7 16 7 16 8 16 7 16 7 16 8 16 8 0 0 0 0 0 0 0 0 0 0 ]
77,1782983835.236227,18.8701,-67,CSI_DATA,AP,98:F4:AB:29:67:94,-67,11,1,7,1,1,1,1,0,0,1,-96,1,6,1,35154073,0,84,0,0,35.5371,384,[84 -64 4 0 0 0 0 0 0 0 0 0 6 -16 8 -16 8 -15 8 -16 8 -16 9 -15 9 -15 11 -16 10 -16 11 -15 12 -16 12 -16 11 -15 13 -15 11 -14 12 -15 12 -14 12 -14 12 -14 13 -13 13 -14 13 -14 13 -14 13 -14 13 -15 12 -14 0 0 12 -14 12 -15 12 -15 11 -15 12 -14 12 -14 11 -15 12 -15 12 -15 11 -16 10 -17 11 -16 11 -15 11 -15 10 -17 10 -17 12 -18 10 -17 10 -17 10 -18 11 -18 10 -18 11 -18 9 -18 10 -18 10 -18 0 0 0 0 0 0 0 0 0 0 ]
78,1782983835.324892,18.2876,-67,CSI_DATA,AP,98:F4:AB:29:67:94,-67,11,1,7,1,1,1,1,0,0,0,-96,1,6,1,35242625,0,84,0,0,35.6256,384,[84 -64 4 0 0 0 0 0 0 0 0 0 -10 10 -11 10 -11 10 -12 10 -13 10 -13 10 -13 9 -14 9 -14 9 -14 8 -15 9 -15 9 -15 8 -16 8 -15 7 -16 8 -15 8 -15 7 -15 7 -15 7 -15 7 -15 7 -15 7 -16 6 -16 7 -15 9 0 0 -15 7 -15 8 -15 8 -15 8 -15 7 -15 8 -14 8 -14 9 -15 9 -15 9 -15 11 -15 9 -15 9 -15 10 -14 10 -15 10 -16 10 -14 11 -16 11 -15 11 -14 11 -15 10 -15 11 -15 11 -14 11 -15 12 0 0 0 0 0 0 0 0 0 0 ]
79,1782983835.412725,18.5847,-66,CSI_DATA,AP,98:F4:AB:29:67:94,-66,11,1,5,1,1,1,1,0,0,0,-96,1,6,1,35331545,0,84,0,0,35.7144,384,[84 -64 4 0 0 0 0 0 0 0 0 0 -16 -5 -16 -6 -16 -7 -16 -7 -16 -7 -15 -8 -17 -8 -16 -8 -16 -9 -16 -10 -17 -10 -16 -11 -16 -11 -16 -10 -16 -11 -17 -11 -16 -11 -15 -11 -15 -12 -15 -11 -16 -12 -15 -12 -15 -11 -15 -11 -15 -12 -16 -11 0 0 -16 -10 -16 -11 -16 -11 -16 -10 -15 -10 -16 -10 -17 -9 -16 -9 -16 -9 -17 -9 -18 -9 -17 -9 -17 -9 -18 -8 -18 -8 -18 -8 -19 -9 -18 -8 -19 -7 -19 -8 -19 -7 -19 -8 -19 -8 -19 -7 -19 -7 -19 -7 0 0 0 0 0 0 0 0 0 0 ]
80,1782983835.501143,17.1562,-67,CSI_DATA,AP,98:F4:AB:29:67:94,-67,11,1,7,1,1,1,1,0,0,0,-96,1,6,1,35427895,0,84,0,0,35.8109,384,[84 -64 4 0 0 0 0 0 0 0 0 0 -9 11 -9 11 -11 12 -10 11 -11 12 -11 11 -12 11 -12 11 -12 11 -12 11 -12 10 -12 10 -13 10 -14 10 -13 9 -14 11 -14 10 -13 9 -14 9 -14 9 -13 9 -13 9 -13 9 -13 9 -13 9 -14 9 0 0 -13 9 -13 10 -12 10 -12 10 -13 10 -12 10 -13 10 -12 10 -12 11 -13 12 -12 12 -12 11 -12 11 -12 12 -13 12 -11 13 -13 13 -11 12 -12 13 -13 14 -12 14 -12 13 -12 14 -12 14 -12 13 -11 14 0 0 0 0 0 0 0 0 0 0 ]
81,1782983835.591115,16.2745,-68,CSI_DATA,AP,98:F4:AB:29:67:94,-68,11,1,7,1,1,1,1,0,0,0,-96,1,6,1,35512036,0,84,0,0,35.8951,384,[84 -64 4 0 0 0 0 0 0 0 0 0 -15 -2 -14 -3 -15 -2 -16 -3 -15 -4 -15 -4 -16 -4 -15 -5 -15 -4 -14 -4 -16 -5 -16 -5 -15 -6 -15 -6 -15 -6 -16 -6 -15 -6 -16 -5 -15 -6 -15 -8 -13 -6 -15 -5 -13 1 -16 -6 -15 -6 -15 -6 0 0 -15 -6 -15 -6 -15 -5 -15 -5 -15 -6 -15 -6 -16 -5 -15 -6 -16 -4 -16 -4 -17 -4 -16 -3 -16 -4 -16 -5 -16 -4 -17 -4 -18 -4 -17 -3 -17 -4 -17 -3 -17 -3 -17 -3 -18 -3 -19 -3 -18 -3 -18 -2 0 0 0 0 0 0 0 0 0 0 ]
82,1782983835.680619,14.6308,-67,CSI_DATA,AP,98:F4:AB:29:67:94,-67,11,1,6,1,1,1,1,0,0,0,-96,1,6,1,35605297,0,84,0,0,35.9882,384,[84 -64 4 0 0 0 0 0 0 0 0 0 5 -12 5 -13 5 -13 7 -13 6 -13 6 -12 8 -13 7 -12 7 -13 7 -12 8 -13 8 -12 9 -12 9 -12 9 -12 10 -13 10 -12 9 -12 9 -11 9 -11 9 -11 9 -11 10 -11 9 -11 9 -11 9 -12 0 0 9 -12 9 -12 10 -11 8 -12 9 -11 9 -12 9 -12 9 -12 9 -13 9 -13 8 -14 9 -12 9 -14 9 -13 8 -14 8 -14 9 -14 8 -15 9 -14 8 -15 8 -14 9 -15 9 -15 8 -15 8 -15 8 -15 0 0 0 0 0 0 0 0 0 0 ]
83,1782983835.770615,14.8643,-67,CSI_DATA,AP,98:F4:AB:29:67:94,-67,11,1,6,1,1,1,1,0,0,0,-96,1,6,1,35698232,0,84,0,0,36.0812,384,[84 -64 4 0 0 0 0 0 0 0 0 0 12 6 13 7 13 7 13 8 13 9 13 9 13 10 12 10 12 9 13 10 12 10 12 11 12 11 12 11 11 12 12 12 11 12 11 11 11 12 10 11 10 12 11 12 10 11 10 12 11 12 12 12 0 0 11 12 12 11 11 12 12 11 11 11 12 11 11 12 12 11 13 11 13 11 13 11 13 11 14 11 14 11 13 12 14 11 14 12 14 11 14 12 15 11 14 11 14 11 15 11 15 11 15 11 15 10 0 0 0 0 0 0 0 0 0 0 ]
84,1782983835.859321,16.0706,-67,CSI_DATA,AP,98:F4:AB:29:67:94,-67,11,1,6,1,1,1,1,0,0,0,-96,1,6,1,35779525,0,84,0,0,36.1625,384,[84 -64 4 0 0 0 0 0 0 0 0 0 -14 8 -14 7 -15 7 -15 6 -17 6 -15 5 -16 6 -16 5 -16 5 -17 4 -18 5 -18 4 -18 3 -17 3 -16 3 -20 4 -17 3 -17 3 -18 3 -17 3 -17 3 -17 3 -18 3 -18 2 -17 3 -18 3 0 0 -17 4 -18 4 -17 4 -17 5 -17 3 -17 4 -17 5 -17 5 -17 6 -17 6 -17 7 -17 5 -17 5 -17 6 -18 6 -17 7 -19 7 -17 7 -18 7 -17 8 -18 8 -17 8 -18 7 -18 9 -17 7 -17 8 0 0 0 0 0 0 0 0 0 0 ]
85,1782983835.951370,15.2158,-67,CSI_DATA,AP,98:F4:AB:29:67:94,-67,11,1,6,1,1,1,1,0,0,0,-96,1,6,1,35869929,0,84,0,0,36.253,384,[84 -64 4 0 0 0 0 0 0 0 0 0 10 -9 10 -9 11 -10 11 -8 12 -9 12 -9 12 -8 12 -7 13 -8 14 -8 14 -8 14 -7 14 -6 14 -7 14 -6 15 -7 14 -6 14 -6 14 -6 14 -5 14 -5 15 -6 15 -6 14 -6 14 -5 14 -6 0 0 14 -6 15 -6 14 -6 14 -6 14 -6 14 -6 15 -6 14 -6 14 -7 14 -8 14 -8 13 -7 13 -7 14 -8 14 -8 14 -8 15 -8 14 -8 15 -8 14 -9 15 -9 14 -9 15 -9 15 -9 14 -9 14 -9 0 0 0 0 0 0 0 0 0 0 ]
86,1782983836.037930,16.6266,-67,CSI_DATA,AP,98:F4:AB:29:67:94,-67,11,1,6,1,1,1,1,0,0,0,-96,1,6,1,35966625,0,84,0,0,36.3496,384,[84 -64 4 0 0 0 0 0 0 0 0 0 9 -13 9 -13 10 -13 10 -12 12 -12 12 -12 12 -13 13 -11 13 -12 12 -12 13 -12 13 -12 14 -11 14 -11 14 -11 14 -12 14 -10 14 -10 14 -10 14 -10 15 -9 14 -10 14 -10 14 -11 14 -11 14 -11 0 0 13 -11 13 -11 13 -11 14 -12 13 -10 14 -10 14 -11 13 -11 13 -12 13 -12 13 -13 13 -12 13 -13 13 -13 13 -14 13 -14 13 -13 13 -14 13 -14 12 -14 14 -14 12 -13 13 -13 12 -15 12 -14 12 -14 0 0 0 0 0 0 0 0 0 0 ]
87,1782983836.128715,18.4999,-67,CSI_DATA,AP,98:F4:AB:29:67:94,-67,11,1,6,1,1,1,1,0,0,0,-96,1,6,1,36053039,0,84,0,0,36.4359,384,[84 -64 4 0 0 0 0 0 0 0 0 0 5 -15 5 -15 6 -16 6 -16 7 -15 7 -15 7 -15 8 -15 9 -16 9 -15 9 -16 9 -15 10 -16 10 -16 10 -14 11 -16 10 -15 10 -15 10 -14 10 -15 11 -14 10 -15 10 -15 11 -14 11 -15 11 -15 0 0 10 -16 11 -15 10 -15 9 -16 9 -14 10 -16 9 -15 9 -15 10 -17 9 -17 8 -17 9 -16 9 -17 7 -16 9 -17 8 -17 8 -17 7 -18 8 -18 7 -17 8 -18 7 -17 8 -18 8 -19 7 -18 6 -18 0 0 0 0 0 0 0 0 0 0 ]
88,1782983836.218714,17.5389,-68,CSI_DATA,AP,98:F4:AB:29:67:94,-68,11,1,7,1,1,1,1,0,0,0,-96,1,6,1,36137770,0,84,0,0,36.5208,384,[84 -64 4 0 0 0 0 0 0 0 0 0 -13 -3 -12 -4 -14 -4 -13 -5 -13 -5 -13 -6 -13 -5 -13 -7 -12 -6 -13 -7 -14 -7 -13 -7 -13 -8 -13 -8 -13 -8 -14 -9 -12 -7 -12 -8 -13 -9 -12 -8 -13 -9 -13 -9 -13 -9 -12 -9 -13 -9 -12 -8 0 0 -12 -8 -13 -8 -12 -7 -14 -8 -12 -9 -13 -8 -12 -8 -12 -8 -13 -8 -14 -7 -14 -7 -14 -7 -14 -7 -13 -6 -14 -7 -14 -6 -14 -7 -14 -6 -15 -7 -15 -7 -14 -6 -15 -7 -15 -7 -15 -7 -15 -6 -14 -6 0 0 0 0 0 0 0 0 0 0 ]
89,1782983836.306168,19.3132,-68,CSI_DATA,AP,98:F4:AB:29:67:94,-68,11,1,7,1,1,1,1,0,0,0,-96,1,6,1,36230273,0,84,0,0,36.6133,384,[84 -64 4 0 0 0 0 0 0 0 0 0 9 -16 9 -17 10 -17 11 -16 12 -16 11 -16 12 -16 13 -16 13 -16 13 -15 14 -16 14 -16 14 -15 16 -14 14 -15 16 -14 16 -15 16 -14 14 -14 16 -13 14 -13 15 -14 15 -13 15 -14 15 -13 15 -14 0 0 15 -14 15 -14 16 -14 14 -14 14 -13 14 -14 15 -14 13 -14 14 -15 15 -15 14 -16 13 -15 13 -16 13 -16 13 -16 12 -17 13 -17 13 -17 13 -16 13 -18 13 -17 13 -17 13 -17 12 -18 13 -18 11 -17 0 0 0 0 0 0 0 0 0 0 ]
90,1782983836.394759,18.4417,-68,CSI_DATA,AP,98:F4:AB:29:67:94,-68,11,1,7,1,1,1,1,0,0,0,-96,1,6,1,36319562,0,84,0,0,36.7026,384,[84 -64 4 0 0 0 0 0 0 0 0 0 -9 -12 -9 -12 -8 -13 -8 -13 -8 -13 -8 -14 -7 -14 -7 -14 -7 -15 -6 -14 -7 -15 -7 -16 -7 -15 -6 -16 -5 -16 -5 -16 -5 -16 -5 -16 -5 -16 -4 -16 -5 -15 -4 -16 -4 -15 -5 -16 -4 -17 -5 -16 0 0 -5 -16 -5 -16 -4 -15 -5 -15 -5 -15 -5 -15 -5 -16 -6 -15 -6 -16 -7 -15 -7 -16 -6 -15 -7 -15 -7 -16 -7 -15 -7 -16 -6 -16 -7 -16 -7 -16 -7 -15 -7 -15 -8 -15 -7 -16 -8 -16 -7 -16 -9 -15 0 0 0 0 0 0 0 0 0 0 ]
91,1782983836.483488,18.2076,-68,CSI_DATA,AP,98:F4:AB:29:67:94,-68,11,1,7,1,1,1,1,0,0,0,-96,1,6,1,36410047,0,84,0,0,36.7931,384,[84 -64 4 0 0 0 0 0 0 0 0 0 -2 16 -2 15 -3 16 -3 15 -3 17 -3 16 -4 17 -5 16 -4 16 -5 17 -6 16 -6 17 -7 17 -6 17 -7 16 -7 17 -7 16 -8 17 -7 15 -6 15 -8 16 -6 15 -6 17 -7 15 -8 16 -7 16 0 0 -7 17 -7 17 -6 16 -5 17 -5 15 -5 16 -5 16 -5 17 -5 18 -4 18 -4 18 -4 17 -4 17 -4 18 -3 18 -3 18 -4 19 -2 18 -3 19 -2 18 -2 19 -2 18 -3 18 -2 18 -2 18 -2 18 0 0 0 0 0 0 0 0 0 0 ]
92,1782983836.571694,16.6092,-68,CSI_DATA,AP,98:F4:AB:29:67:94,-68,11,1,7,1,1,1,1,0,0,0,-96,1,6,1,36497587,0,84,0,0,36.8806,384,[84 -64 4 0 0 0 0 0 0 0 0 0 -1 -14 0 -15 0 -16 1 -15 1 -15 0 -15 1 -16 2 -16 2 -16 3 -16 3 -17 3 -16 3 -17 3 -16 4 -17 4 -17 3 -16 4 -17 5 -15 4 -15 5 -15 4 -15 4 -15 4 -16 5 -15 5 -16 0 0 4 -15 3 -16 4 -16 3 -16 4 -16 3 -16 3 -16 3 -16 3 -16 2 -16 2 -17 2 -16 2 -17 3 -17 1 -16 1 -17 2 -17 1 -17 1 -17 1 -16 1 -17 1 -17 1 -17 1 -17 0 -17 0 -17 0 0 0 0 0 0 0 0 0 0 ]
93,1782983836.659649,16.3023,-68,CSI_DATA,AP,98:F4:AB:29:67:94,-68,11,1,7,1,1,1,1,0,0,0,-96,1,6,1,36590358,0,84,0,0,36.9734,384,[84 -64 4 0 0 0 0 0 0 0 0 0 -15 1 -15 0 -15 0 -16 0 -16 -1 -15 -1 -15 -2 -15 -2 -16 -3 -16 -3 -16 -3 -16 -3 -17 -3 -16 -3 -16 -4 -17 -4 -16 -4 -16 -3 -15 -4 -15 -5 -16 -5 -15 -5 -15 -5 -16 -4 -16 -4 -16 -4 0 0 -16 -4 -15 -4 -16 -4 -16 -3 -15 -4 -15 -3 -16 -3 -16 -3 -16 -3 -16 -2 -17 -2 -16 -1 -16 -1 -16 -2 -17 -2 -17 -1 -17 -2 -17 -1 -17 -1 -17 -1 -17 -1 -17 -1 -17 -1 -17 0 -17 0 -17 0 0 0 0 0 0 0 0 0 0 0 ]
94,1782983836.748583,17.3341,-68,CSI_DATA,AP,98:F4:AB:29:67:94,-68,11,1,7,1,1,1,1,0,0,0,-96,1,6,1,36677857,0,84,0,0,37.0609,384,[84 -64 4 0 0 0 0 0 0 0 0 0 -12 -10 -12 -11 -12 -12 -13 -13 -12 -13 -12 -13 -11 -14 -12 -14 -11 -14 -10 -15 -11 -15 -10 -16 -10 -16 -10 -15 -10 -16 -10 -17 -9 -16 -9 -16 -9 -16 -9 -16 -9 -16 -8 -17 -9 -16 -9 -16 -8 -17 -9 -16 0 0 -10 -16 -10 -16 -9 -16 -10 -15 -9 -15 -9 -16 -10 -16 -10 -15 -11 -15 -11 -15 -11 -15 -11 -15 -11 -16 -11 -15 -12 -15 -12 -15 -12 -15 -11 -14 -12 -15 -12 -15 -12 -15 -13 -15 -13 -15 -13 -15 -12 -15 -13 -14 0 0 0 0 0 0 0 0 0 0 ]
95,1782983836.836837,15.7837,-67,CSI_DATA,AP,98:F4:AB:29:67:94,-67,11,1,6,1,1,1,1,0,0,0,-96,1,6,1,36777471,0,84,0,0,37.1604,384,[84 -64 4 0 0 0 0 0 0 0 0 0 13 -3 14 -3 14 -3 14 -2 15 -1 14 -2 15 -1 14 0 15 0 15 -1 15 0 16 1 15 1 15 1 15 1 16 2 15 2 15 2 14 2 15 1 14 2 15 2 14 2 14 1 15 2 15 1 0 0 15 1 16 1 14 1 15 0 15 1 15 0 15 1 15 1 15 0 15 -1 15 -1 15 0 15 0 16 -1 14 -1 16 -1 16 -1 15 -1 15 -1 15 -2 15 -2 15 -2 16 -2 16 -3 15 -3 15 -3 0 0 0 0 0 0 0 0 0 0 ]
96,1782983836.925490,16.4461,-67,CSI_DATA,AP,98:F4:AB:29:67:94,-67,11,1,6,1,1,1,1,0,0,0,-96,1,6,1,36857576,0,84,0,0,37.2405,384,[84 -64 4 0 0 0 0 0 0 0 0 0 15 -4 15 -4 15 -4 16 -5 17 -3 15 -4 16 -3 16 -2 17 -2 17 -1 17 -1 17 0 18 -1 18 -1 16 0 18 0 18 0 17 0 17 1 17 1 17 2 17 1 17 1 16 1 17 1 17 1 0 0 17 0 17 0 17 0 16 -1 16 0 17 0 17 0 17 -1 17 -1 17 -1 18 -2 17 -1 17 -2 17 -2 17 -3 18 -3 19 -2 18 -3 18 -2 17 -4 18 -3 17 -3 18 -3 18 -4 18 -3 17 -4 0 0 0 0 0 0 0 0 0 0 ]
97,1782983837.015868,16.7077,-67,CSI_DATA,AP,98:F4:AB:29:67:94,-67,11,1,6,1,1,1,1,0,0,0,-96,1,6,1,36947736,0,84,0,0,37.3307,384,[84 -64 4 0 0 0 0 0 0 0 0 0 -4 15 -5 15 -6 15 -7 15 -7 14 -7 14 -8 15 -9 14 -9 14 -8 14 -9 15 -9 15 -9 14 -11 14 -10 14 -11 14 -11 14 -11 13 -11 13 -11 13 -11 13 -12 13 -11 13 -11 13 -12 12 -11 14 0 0 -12 14 -11 14 -11 14 -9 14 -10 13 -10 13 -10 14 -10 13 -10 14 -9 14 -10 15 -10 14 -9 14 -9 16 -10 15 -10 16 -10 15 -8 15 -10 16 -8 16 -9 15 -10 15 -9 15 -9 16 -8 16 -7 15 0 0 0 0 0 0 0 0 0 0 ]
98,1782983837.104764,18.6428,-67,CSI_DATA,AP,98:F4:AB:29:67:94,-67,11,1,6,1,1,1,1,0,0,0,-96,1,6,1,37038819,0,84,0,0,37.4218,384,[84 -64 4 0 0 0 0 0 0 0 0 0 4 -18 4 -18 5 -19 5 -18 6 -18 6 -17 7 -18 8 -18 7 -18 8 -18 9 -18 10 -18 10 -18 9 -17 10 -17 11 -18 11 -17 10 -17 9 -17 10 -15 11 -17 11 -16 10 -17 10 -16 11 -17 9 -17 0 0 10 -18 10 -17 9 -16 10 -18 10 -16 9 -18 10 -17 8 -18 8 -18 9 -18 8 -19 8 -18 8 -18 7 -18 8 -19 7 -20 8 -19 7 -19 7 -20 7 -20 7 -19 7 -19 7 -20 6 -20 7 -20 6 -20 0 0 0 0 0 0 0 0 0 0 ]
99,1782983837.206722,18.2551,-67,CSI_DATA,AP,98:F4:AB:29:67:94,-67,11,1,6,1,1,1,1,0,0,0,-96,1,6,1,37134447,0,84,0,0,37.5175,384,[84 -64 4 0 0 0 0 0 0 0 0 0 -14 -4 -14 -4 -15 -5 -15 -5 -15 -6 -14 -6 -14 -6 -14 -7 -14 -7 -14 -7 -14 -8 -15 -9 -13 -9 -14 -10 -13 -9 -14 -10 -13 -8 -13 -9 -13 -9 -13 -10 -12 -9 -12 -9 -13 -9 -12 -10 -13 -10 -13 -9 0 0 -13 -9 -14 -8 -13 -9 -13 -8 -13 -8 -14 -8 -13 -8 -14 -8 -14 -8 -15 -8 -14 -7 -14 -8 -14 -8 -15 -7 -15 -7 -15 -6 -15 -7 -15 -7 -15 -7 -15 -6 -15 -6 -15 -6 -15 -7 -15 -6 -15 -7 -16 -6 0 0 0 0 0 0 0 0 0 0 ]
100,1782983837.294885,20.7842,-66,CSI_DATA,AP,AC:3D:CB:BB:D5:D2,-66,11,0,0,0,0,0,0,0,0,0,-96,0,6,1,37189233,0,79,0,0,37.5723,128,[79 -16 4 0 0 0 0 0 0 0 0 0 20 -15 19 -14 21 -13 20 -13 21 -10 20 -12 19 -10 19 -9 21 -10 22 -10 23 -11 25 -11 25 -12 25 -11 24 -10 26 -11 24 -10 25 -9 24 -10 23 -10 23 -8 22 -9 22 -8 21 -7 21 -8 20 -8 0 0 19 -8 20 -9 18 -8 18 -9 17 -8 16 -10 15 -10 15 -10 15 -10 15 -9 14 -11 14 -10 13 -11 13 -12 12 -11 11 -11 10 -11 10 -10 9 -10 9 -9 9 -10 8 -10 9 -9 8 -11 9 -10 7 -10 0 0 0 0 0 0 0 0 0 0 ]
101,1782983837.385123,21.6728,-68,CSI_DATA,AP,98:F4:AB:29:67:94,-68,11,1,7,1,1,1,1,0,0,0,-96,1,6,1,37221609,0,84,0,0,37.6061,384,[84 -64 4 0 0 0 0 0 0 0 0 0 -7 -19 -7 -17 -7 -18 -6 -19 -7 -20 -4 -19 -4 -21 -3 -20 -4 -21 -3 -20 -3 -21 -2 -21 -2 -21 -2 -22 -2 -21 -3 -21 -3 -21 -1 -20 -1 -20 -1 -20 -1 -21 -2 -21 -1 -20 -1 -20 -1 -21 -1 -21 0 0 -2 -20 -2 -21 -1 -19 -3 -20 -3 -20 -3 -20 -3 -20 -3 -19 -4 -19 -4 -19 -4 -20 -4 -19 -3 -20 -4 -19 -5 -20 -6 -20 -5 -22 -7 -19 -6 -20 -6 -19 -6 -21 -7 -21 -5 -21 -7 -21 -5 -20 -7 -20 0 0 0 0 0 0 0 0 0 0 ]
102,1782983837.474334,20.6552,-67,CSI_DATA,AP,98:F4:AB:29:67:94,-67,11,1,6,1,1,1,1,0,0,0,-96,1,6,1,37314899,0,84,0,0,37.698,384,[84 -64 4 0 0 0 0 0 0 0 0 0 -15 8 -16 8 -18 8 -18 7 -17 6 -17 6 -18 5 -18 4 -18 5 -19 4 -19 5 -20 4 -20 4 -19 4 -19 3 -20 4 -19 3 -19 3 -19 3 -19 3 -19 2 -19 2 -19 2 -19 2 -19 1 -19 3 0 0 -19 3 -19 4 -19 4 -19 3 -18 3 -19 3 -19 3 -18 4 -19 5 -19 6 -19 6 -19 6 -19 6 -19 5 -19 7 -18 7 -20 6 -19 7 -19 6 -19 7 -20 6 -19 7 -20 7 -19 8 -18 8 -19 8 0 0 0 0 0 0 0 0 0 0 ]
103,1782983837.564563,20.5467,-68,CSI_DATA,AP,98:F4:AB:29:67:94,-68,11,1,7,1,1,1,1,0,0,0,-96,1,6,1,37397691,0,84,0,0,37.7807,384,[84 -64 4 0 0 0 0 0 0 0 0 0 1 18 0 17 -1 18 -1 19 -1 20 -2 18 -2 18 -3 19 -2 19 -4 18 -5 19 -4 20 -5 20 -5 20 -4 18 -5 20 -5 19 -5 20 -5 18 -4 19 -5 19 -4 18 -5 19 -6 19 -6 19 -4 19 0 0 -4 19 -4 20 -5 18 -4 20 -4 18 -3 19 -2 18 -4 18 -2 19 -2 20 -2 20 -2 19 -1 18 -1 19 0 20 0 19 -1 21 0 19 1 20 2 19 1 20 2 20 1 21 1 20 1 20 1 20 0 0 0 0 0 0 0 0 0 0 ]
104,1782983837.654881,19.2560,-68,CSI_DATA,AP,98:F4:AB:29:67:94,-68,11,1,7,1,1,1,1,0,0,0,-96,1,6,1,37488999,0,84,0,0,37.872,384,[84 -64 4 0 0 0 0 0 0 0 0 0 -15 3 -16 3 -17 3 -16 3 -18 3 -16 2 -17 2 -17 1 -18 2 -18 0 -18 -1 -18 -1 -18 -1 -19 -1 -17 -1 -19 -1 -17 -1 -17 -2 -18 -2 -17 -2 -17 -3 -17 -2 -17 -2 -18 -3 -18 -2 -18 -2 0 0 -17 -1 -18 -2 -17 -1 -18 -1 -16 -2 -17 -1 -17 0 -18 0 -18 1 -18 0 -18 1 -17 0 -18 0 -18 1 -18 2 -17 2 -19 1 -18 1 -18 2 -18 1 -18 1 -18 2 -19 2 -19 3 -18 2 -18 2 0 0 0 0 0 0 0 0 0 0 ]
105,1782983837.745569,16.7202,-67,CSI_DATA,AP,98:F4:AB:29:67:94,-67,11,1,6,1,1,1,1,0,0,0,-96,1,6,1,37588952,0,84,0,0,37.9719,384,[84 -64 4 0 0 0 0 0 0 0 0 0 13 6 13 7 13 7 14 8 13 8 13 8 14 9 12 9 14 9 12 11 13 11 12 12 13 12 12 12 12 12 13 12 12 11 12 12 12 11 12 11 11 12 11 12 10 11 10 12 12 11 12 11 0 0 11 11 13 12 12 11 12 11 11 11 12 11 12 10 12 11 12 10 13 11 14 10 13 10 12 10 13 10 14 10 14 9 14 11 13 9 14 9 15 9 14 9 14 9 15 10 15 9 14 9 14 9 0 0 0 0 0 0 0 0 0 0 ]
106,1782983837.835159,18.3904,-68,CSI_DATA,AP,98:F4:AB:29:67:94,-68,11,1,7,1,1,1,1,0,0,0,-96,1,6,1,37669824,0,84,0,0,38.0528,384,[84 -64 4 0 0 0 0 0 0 0 0 0 -14 -12 -14 -13 -14 -14 -13 -14 -15 -16 -13 -16 -13 -16 -12 -15 -11 -16 -11 -17 -12 -17 -12 -16 -11 -18 -11 -18 -10 -19 -10 -19 -10 -18 -10 -17 -9 -18 -10 -18 -9 -18 -9 -18 -9 -18 -10 -18 -9 -19 -9 -18 0 0 -10 -17 -10 -18 -10 -16 -10 -17 -10 -17 -9 -17 -10 -17 -11 -17 -11 -16 -11 -16 -12 -17 -11 -15 -12 -16 -12 -17 -13 -16 -12 -17 -13 -16 -13 -16 -14 -17 -14 -16 -13 -16 -13 -16 -13 -17 -13 -16 -13 -16 -15 -15 0 0 0 0 0 0 0 0 0 0 ]
107,1782983837.925300,17.4299,-67,CSI_DATA,AP,98:F4:AB:29:67:94,-67,11,1,6,1,1,1,1,0,0,0,-96,1,6,1,37766747,0,84,0,0,38.1497,384,[84 -64 4 0 0 0 0 0 0 0 0 0 -15 4 -16 2 -16 3 -17 2 -17 1 -16 1 -19 1 -18 2 -18 0 -18 0 -18 0 -18 0 -18 -1 -18 -2 -18 -1 -19 -1 -18 -3 -19 -2 -18 -4 -17 -2 -18 -2 -19 -3 -17 -2 -18 -2 -17 -3 -18 -2 0 0 -18 -2 -17 -1 -19 -1 -17 0 -17 -2 -18 0 -19 -1 -17 0 -18 1 -18 2 -19 0 -17 1 -18 1 -17 2 -18 1 -19 2 -19 0 -17 2 -19 2 -18 2 -19 3 -18 3 -18 2 -19 3 -18 2 -18 3 0 0 0 0 0 0 0 0 0 0 ]
108,1782983838.015545,17.6230,-68,CSI_DATA,AP,98:F4:AB:29:67:94,-68,11,1,7,1,1,1,1,0,0,0,-96,1,6,1,37847961,0,84,0,0,38.2311,384,[84 -64 4 0 0 0 0 0 0 0 0 0 -14 5 -15 7 -16 8 -15 6 -17 7 -16 5 -17 6 -17 6 -17 6 -17 4 -17 4 -19 3 -18 2 -19 4 -17 4 -19 3 -18 3 -19 3 -18 2 -17 3 -18 2 -18 2 -17 3 -18 2 -18 1 -17 2 0 0 -17 3 -18 4 -17 4 -17 4 -16 2 -17 3 -17 4 -18 4 -18 5 -18 5 -17 5 -17 5 -17 5 -17 4 -18 5 -17 6 -19 6 -17 7 -18 6 -18 6 -18 6 -17 7 -18 7 -18 7 -17 6 -17 7 0 0 0 0 0 0 0 0 0 0 ]
109,1782983838.112247,17.4793,-67,CSI_DATA,AP,98:F4:AB:29:67:94,-67,11,1,6,1,1,1,1,0,0,0,-96,1,6,1,37938627,0,84,0,0,38.3216,384,[84 -64 4 0 0 0 0 0 0 0 0 0 -5 -16 -5 -16 -4 -16 -5 -17 -4 -17 -3 -17 -3 -18 -2 -18 -2 -19 -2 -18 -2 -18 -1 -17 -1 -18 -1 -19 -1 -18 0 -19 -1 -18 -1 -18 0 -18 0 -18 0 -18 0 -18 1 -17 0 -18 1 -18 0 -18 0 0 -1 -18 -1 -18 -1 -17 -1 -18 0 -17 -1 -18 -1 -18 -2 -17 -2 -18 -2 -18 -3 -19 -3 -17 -3 -17 -3 -18 -3 -18 -4 -18 -4 -19 -4 -18 -4 -19 -5 -19 -4 -19 -4 -18 -4 -18 -5 -19 -5 -18 -5 -19 0 0 0 0 0 0 0 0 0 0 ]
110,1782983838.200778,18.3830,-67,CSI_DATA,AP,98:F4:AB:29:67:94,-67,11,1,6,1,1,1,1,0,0,0,-96,1,6,1,38028206,0,84,0,0,38.4112,384,[84 -64 4 0 0 0 0 0 0 0 0 0 10 -12 11 -12 11 -13 12 -12 12 -11 12 -11 13 -10 13 -11 14 -10 14 -11 14 -11 14 -11 14 -11 15 -10 14 -9 15 -10 15 -9 15 -9 15 -9 15 -8 15 -8 15 -8 15 -8 15 -8 15 -10 14 -9 0 0 15 -9 15 -9 15 -9 14 -10 14 -9 15 -9 14 -10 14 -9 14 -11 14 -11 14 -11 14 -10 14 -12 14 -11 14 -11 13 -11 14 -11 13 -12 14 -12 13 -12 12 -13 14 -12 13 -13 13 -13 12 -13 13 -12 0 0 0 0 0 0 0 0 0 0 ]
111,1782983838.294619,19.9069,-67,CSI_DATA,AP,98:F4:AB:29:67:94,-67,11,1,6,1,1,1,1,0,0,0,-96,1,6,1,38117559,0,84,0,0,38.5006,384,[84 -64 4 0 0 0 0 0 0 0 0 0 -11 -14 -11 -14 -11 -15 -10 -16 -9 -17 -11 -17 -10 -17 -10 -19 -9 -18 -9 -18 -9 -19 -8 -19 -8 -19 -8 -19 -7 -19 -7 -21 -7 -18 -7 -20 -7 -19 -7 -20 -7 -19 -6 -19 -6 -19 -6 -19 -6 -20 -7 -19 0 0 -7 -19 -6 -19 -7 -19 -7 -18 -7 -18 -6 -19 -7 -19 -8 -19 -8 -19 -9 -18 -9 -18 -9 -18 -9 -19 -9 -19 -10 -19 -10 -18 -10 -19 -10 -18 -10 -19 -11 -18 -10 -19 -11 -19 -10 -19 -11 -18 -11 -18 -11 -18 0 0 0 0 0 0 0 0 0 0 ]
112,1782983838.379872,17.5415,-67,CSI_DATA,AP,98:F4:AB:29:67:94,-67,11,1,6,1,1,1,1,0,0,0,-96,1,6,1,38207777,0,84,0,0,38.5908,384,[84 -64 4 0 0 0 0 0 0 0 0 0 11 10 10 8 10 9 9 9 10 10 9 10 9 11 9 12 10 12 8 12 8 13 8 13 7 13 8 13 7 12 9 14 8 13 7 13 7 13 7 13 6 13 7 13 6 13 7 13 6 14 7 13 0 0 7 12 8 13 7 12 8 12 7 11 8 12 8 12 8 12 8 11 9 12 10 12 8 12 9 12 9 11 11 12 9 11 10 13 10 12 10 12 10 11 10 12 11 11 11 12 11 11 11 12 11 11 0 0 0 0 0 0 0 0 0 0 ]
113,1782983838.470743,17.8989,-68,CSI_DATA,AP,98:F4:AB:29:67:94,-68,11,1,7,1,1,1,1,0,0,0,-96,1,6,1,38298390,0,84,0,0,38.6813,384,[84 -64 4 0 0 0 0 0 0 0 0 0 -12 11 -13 10 -14 11 -13 10 -15 10 -14 9 -15 10 -15 8 -14 10 -16 9 -16 9 -16 8 -17 8 -16 8 -16 6 -17 7 -16 7 -16 6 -17 7 -17 6 -17 7 -17 6 -16 7 -17 6 -17 7 -16 8 0 0 -16 7 -16 8 -16 7 -16 8 -16 6 -16 7 -16 7 -16 7 -16 9 -16 10 -16 10 -15 9 -15 10 -15 9 -15 10 -15 10 -16 10 -15 10 -16 10 -15 11 -15 10 -16 10 -15 11 -15 12 -15 11 -14 11 0 0 0 0 0 0 0 0 0 0 ]
114,1782983838.560610,18.2374,-68,CSI_DATA,AP,98:F4:AB:29:67:94,-68,11,1,7,1,1,1,1,0,0,0,-96,1,6,1,38387887,0,84,0,0,38.7709,384,[84 -64 4 0 0 0 0 0 0 0 0 0 -16 6 -16 4 -17 4 -18 3 -17 3 -17 3 -17 2 -17 2 -18 2 -18 1 -19 1 -18 1 -19 1 -19 1 -19 1 -19 0 -18 0 -17 1 -19 -1 -18 -1 -18 -1 -17 -1 -18 -1 -18 -1 -19 0 -18 1 0 0 -18 1 -18 0 -18 0 -17 1 -18 0 -18 -1 -18 0 -18 0 -17 2 -18 2 -19 3 -18 2 -18 2 -17 3 -19 3 -19 3 -19 2 -19 3 -19 3 -18 4 -19 3 -19 2 -18 3 -18 4 -18 4 -18 4 0 0 0 0 0 0 0 0 0 0 ]
115,1782983838.649485,16.2297,-68,CSI_DATA,AP,98:F4:AB:29:67:94,-68,11,1,7,1,1,1,1,0,0,0,-96,1,6,1,38479943,0,84,0,0,38.863,384,[84 -64 4 0 0 0 0 0 0 0 0 0 -6 12 -6 12 -7 13 -8 12 -8 13 -8 12 -8 13 -8 13 -9 12 -9 12 -10 13 -11 13 -10 12 -11 12 -10 12 -11 13 -11 12 -10 11 -10 11 -11 12 -10 12 -10 12 -10 12 -11 11 -10 11 -11 11 0 0 -11 12 -11 12 -10 12 -9 12 -10 12 -9 12 -9 11 -9 12 -9 13 -9 14 -9 13 -9 13 -8 14 -8 14 -8 14 -8 14 -8 13 -8 14 -7 15 -7 14 -8 14 -8 14 -7 14 -7 15 -7 14 -7 15 0 0 0 0 0 0 0 0 0 0 ]
116,1782983838.739666,16.5169,-67,CSI_DATA,AP,98:F4:AB:29:67:94,-67,11,1,6,1,1,1,1,0,0,0,-96,1,6,1,38583002,0,84,0,0,38.9659,384,[84 -64 4 0 0 0 0 0 0 0 0 0 12 -9 13 -9 14 -8 14 -8 15 -7 14 -8 15 -8 15 -7 15 -6 16 -7 16 -6 17 -6 16 -6 16 -5 16 -5 17 -6 17 -5 17 -5 16 -5 17 -5 17 -5 17 -4 17 -5 16 -5 16 -5 16 -6 0 0 16 -5 17 -6 16 -5 16 -6 15 -6 16 -6 16 -5 15 -7 16 -8 17 -8 15 -7 16 -8 15 -8 15 -8 16 -9 15 -10 16 -9 15 -9 15 -10 15 -9 16 -11 15 -10 16 -10 16 -10 15 -10 14 -10 0 0 0 0 0 0 0 0 0 0 ]
117,1782983838.829014,16.2956,-67,CSI_DATA,AP,98:F4:AB:29:67:94,-67,11,1,6,1,1,1,1,0,0,0,-96,1,6,1,38675764,0,84,0,0,39.0587,384,[84 -64 4 0 0 0 0 0 0 0 0 0 -9 13 -10 13 -11 12 -11 12 -12 11 -12 12 -12 12 -13 12 -13 11 -13 10 -14 12 -13 12 -14 12 -14 11 -14 11 -15 10 -15 11 -14 10 -15 11 -15 9 -14 10 -14 10 -14 10 -14 10 -14 10 -15 11 0 0 -14 11 -14 11 -14 12 -13 11 -13 10 -13 11 -14 11 -13 11 -13 13 -13 13 -12 14 -12 13 -12 12 -12 14 -12 14 -11 14 -12 13 -11 14 -11 14 -11 14 -12 15 -12 14 -11 14 -11 15 -10 15 -10 15 0 0 0 0 0 0 0 0 0 0 ]
118,1782983838.916546,15.8852,-68,CSI_DATA,AP,98:F4:AB:29:67:94,-68,11,1,7,1,1,1,1,0,0,0,-96,1,6,1,38747705,0,84,0,0,39.1307,384,[84 -64 4 0 0 0 0 0 0 0 0 0 1 -15 1 -15 2 -14 1 -15 2 -15 2 -15 3 -15 3 -16 3 -15 4 -16 4 -16 4 -16 5 -15 5 -16 5 -15 5 -16 5 -15 5 -15 5 -14 7 -15 5 -15 7 -15 5 -15 6 -15 5 -15 6 -15 0 0 5 -15 5 -15 6 -15 5 -14 5 -15 5 -15 5 -15 4 -16 4 -15 4 -16 3 -16 3 -15 4 -16 3 -17 3 -17 3 -17 3 -16 2 -16 3 -17 2 -17 2 -17 2 -17 2 -16 1 -16 1 -17 1 -17 0 0 0 0 0 0 0 0 0 0 ]
119,1782983839.004901,16.6689,-67,CSI_DATA,AP,98:F4:AB:29:67:94,-67,11,1,6,1,1,1,1,0,0,0,-96,1,6,1,38840417,0,84,0,0,39.2235,384,[84 -64 4 0 0 0 0 0 0 0 0 0 -3 14 -4 15 -4 15 -4 17 -5 16 -6 16 -6 16 -6 16 -6 17 -7 16 -7 16 -7 16 -8 16 -7 17 -7 15 -9 16 -9 16 -9 16 -8 14 -9 15 -9 16 -9 15 -9 14 -9 14 -9 15 -8 16 0 0 -8 16 -9 16 -8 15 -8 16 -7 14 -7 15 -7 16 -7 15 -7 16 -7 16 -7 17 -6 17 -6 16 -6 17 -6 17 -5 18 -6 18 -4 17 -5 18 -4 18 -5 17 -5 18 -5 18 -4 18 -4 18 -5 17 0 0 0 0 0 0 0 0 0 0 ]
120,1782983839.093918,16.2803,-67,CSI_DATA,AP,98:F4:AB:29:67:94,-67,11,1,6,1,1,1,1,0,0,0,-96,1,6,1,38928618,0,84,0,0,39.3116,384,[84 -64 4 0 0 0 0 0 0 0 0 0 10 -11 10 -9 11 -10 11 -11 11 -10 11 -9 12 -9 12 -9 13 -9 13 -8 14 -8 14 -8 13 -7 14 -8 13 -8 14 -8 14 -8 13 -7 14 -7 13 -6 13 -6 14 -7 14 -7 14 -7 14 -7 13 -7 0 0 14 -8 15 -8 13 -6 12 -9 13 -8 13 -7 13 -7 13 -9 13 -9 13 -10 12 -9 12 -9 13 -10 12 -10 12 -10 13 -11 13 -10 12 -10 12 -11 11 -11 12 -10 12 -11 12 -11 12 -11 12 -12 11 -11 0 0 0 0 0 0 0 0 0 0 ]
121,1782983839.183599,16.9413,-67,CSI_DATA,AP,98:F4:AB:29:67:94,-67,11,1,6,1,1,1,1,0,0,0,-96,1,6,1,39026948,0,84,0,0,39.41,384,[84 -64 4 0 0 0 0 0 0 0 0 0 6 13 5 14 7 15 6 14 6 16 5 15 6 16 5 15 5 16 4 17 3 17 2 17 2 17 3 17 2 16 2 18 2 17 2 18 2 16 2 17 2 17 2 16 1 17 1 17 1 17 2 17 0 0 2 16 3 17 3 16 3 17 3 16 4 16 3 17 3 17 4 17 4 17 4 16 4 16 4 17 5 16 6 18 6 16 6 18 6 17 6 17 7 16 7 17 7 17 6 18 7 17 6 17 6 16 0 0 0 0 0 0 0 0 0 0 ]
122,1782983839.271562,17.4991,-67,CSI_DATA,AP,98:F4:AB:29:67:94,-67,11,1,6,1,1,1,1,0,0,0,-96,1,6,1,39108755,0,84,0,0,39.4917,384,[84 -64 4 0 0 0 0 0 0 0 0 0 12 -10 13 -9 13 -10 14 -10 13 -10 14 -9 15 -9 15 -9 15 -8 14 -8 16 -8 16 -8 16 -8 16 -7 16 -7 16 -6 17 -7 16 -7 16 -6 16 -6 16 -5 15 -6 15 -6 15 -6 17 -7 17 -7 0 0 15 -7 16 -7 16 -8 15 -7 15 -7 15 -7 15 -7 15 -7 15 -9 15 -9 15 -9 16 -9 14 -9 15 -9 14 -10 16 -10 15 -10 15 -11 15 -10 15 -11 15 -10 15 -11 15 -11 14 -11 14 -11 14 -11 0 0 0 0 0 0 0 0 0 0 ]
123,1782983839.359356,16.9968,-68,CSI_DATA,AP,98:F4:AB:29:67:94,-68,11,1,7,1,1,1,1,0,0,0,-96,1,6,1,39197560,0,84,0,0,39.5806,384,[84 -64 4 0 0 0 0 0 0 0 0 0 14 -1 14 0 15 0 14 0 14 0 14 0 16 1 15 1 15 1 15 2 16 2 16 3 15 3 15 3 15 3 16 3 15 3 15 4 15 4 16 3 14 3 15 4 14 4 14 4 15 4 15 4 0 0 15 3 15 3 14 3 15 2 14 3 15 3 15 2 15 2 15 1 16 1 16 2 15 2 16 2 15 2 16 1 15 0 17 2 15 1 16 0 16 0 16 0 16 0 16 1 17 0 16 0 17 -1 0 0 0 0 0 0 0 0 0 0 ]
124,1782983839.448540,17.3402,-68,CSI_DATA,AP,98:F4:AB:29:67:94,-68,11,1,7,1,1,1,1,0,0,0,-96,1,6,1,39289243,0,84,0,0,39.6722,384,[84 -64 4 0 0 0 0 0 0 0 0 0 1 -15 1 -15 1 -15 3 -16 3 -16 3 -16 3 -16 4 -16 4 -16 5 -15 5 -15 5 -16 6 -16 6 -15 6 -15 7 -16 6 -14 6 -14 6 -15 6 -15 7 -15 6 -14 7 -14 7 -14 7 -16 6 -15 0 0 6 -15 6 -15 6 -15 5 -15 6 -15 6 -15 5 -15 5 -15 4 -16 4 -15 4 -16 4 -15 5 -16 4 -16 4 -16 3 -17 4 -16 4 -16 4 -16 3 -16 4 -16 4 -17 4 -16 3 -17 3 -16 3 -17 0 0 0 0 0 0 0 0 0 0 ]
125,1782983839.536810,16.8694,-68,CSI_DATA,AP,98:F4:AB:29:67:94,-68,11,1,7,1,1,1,1,0,0,0,-96,1,6,1,39378718,0,84,0,0,39.7618,384,[84 -64 4 0 0 0 0 0 0 0 0 0 16 2 15 2 16 4 16 5 16 5 16 5 15 6 16 6 17 6 16 6 16 8 15 6 16 7 16 8 15 8 17 9 15 9 15 9 16 9 15 8 15 10 15 9 15 9 15 9 15 8 16 8 0 0 16 9 16 8 15 8 16 7 14 7 16 7 16 7 15 7 17 7 16 6 17 6 16 5 17 6 17 6 17 5 18 6 19 6 17 5 18 5 17 4 17 5 18 5 19 4 18 4 18 4 18 4 0 0 0 0 0 0 0 0 0 0 ]
126,1782983839.625157,17.0993,-67,CSI_DATA,AP,98:F4:AB:29:67:94,-67,11,1,6,1,1,1,1,0,0,0,-96,1,6,1,39471604,0,84,0,0,39.8546,384,[84 -64 4 0 0 0 0 0 0 0 0 0 9 -12 10 -12 12 -12 11 -12 12 -12 12 -11 12 -11 13 -11 13 -12 14 -11 14 -11 15 -10 15 -10 15 -11 14 -9 16 -10 14 -9 15 -10 15 -9 15 -9 15 -8 16 -9 14 -9 15 -9 15 -8 15 -9 0 0 14 -9 15 -10 15 -9 14 -10 14 -9 15 -9 14 -9 14 -10 14 -10 14 -11 14 -11 13 -10 14 -11 14 -10 13 -11 13 -12 15 -12 14 -12 14 -12 14 -12 14 -12 14 -12 14 -13 14 -12 14 -13 12 -13 0 0 0 0 0 0 0 0 0 0 ]
127,1782983839.713155,17.8704,-68,CSI_DATA,AP,98:F4:AB:29:67:94,-68,11,1,7,1,1,1,1,0,0,0,-96,1,6,1,39570266,0,84,0,0,39.9533,384,[84 -64 4 0 0 0 0 0 0 0 0 0 -16 -9 -14 -8 -15 -10 -14 -10 -14 -10 -13 -11 -14 -11 -14 -11 -14 -12 -14 -12 -15 -12 -13 -13 -14 -13 -14 -13 -12 -13 -14 -15 -14 -14 -13 -13 -13 -14 -12 -14 -12 -14 -12 -14 -13 -14 -13 -13 -13 -13 -13 -13 0 0 -13 -13 -14 -13 -12 -13 -13 -12 -13 -12 -13 -13 -13 -13 -14 -12 -15 -12 -15 -12 -15 -10 -14 -11 -15 -11 -15 -11 -16 -10 -16 -10 -16 -12 -16 -10 -16 -11 -16 -11 -16 -10 -18 -11 -18 -10 -18 -9 -17 -9 -17 -10 0 0 0 0 0 0 0 0 0 0 ]
128,1782983839.801635,17.4211,-68,CSI_DATA,AP,98:F4:AB:29:67:94,-68,11,1,7,1,1,1,1,0,0,0,-96,1,6,1,39650157,0,84,0,0,40.0332,384,[84 -64 4 0 0 0 0 0 0 0 0 0 6 15 5 14 4 15 4 16 3 16 3 16 3 16 2 17 3 17 2 17 2 19 2 17 1 18 1 18 1 18 0 18 0 18 0 17 0 17 0 17 0 18 0 17 -1 17 -1 18 0 17 0 17 0 0 -1 17 1 18 0 16 1 17 0 17 0 17 1 17 1 16 2 17 3 17 3 18 2 17 3 18 3 18 3 18 3 17 4 18 3 17 3 18 4 18 4 18 4 18 5 18 4 18 4 18 5 18 0 0 0 0 0 0 0 0 0 0 ]
129,1782983839.889995,17.5822,-67,CSI_DATA,AP,98:F4:AB:29:67:94,-67,11,1,6,1,1,1,1,0,0,0,-96,1,6,1,39740546,0,84,0,0,40.1237,384,[84 -64 4 0 0 0 0 0 0 0 0 0 4 16 3 14 3 17 1 16 1 18 1 15 0 16 -1 17 0 17 -2 17 -2 18 -1 18 -3 17 -3 17 -3 17 -2 19 -2 17 -4 17 -4 15 -4 16 -4 17 -3 17 -4 17 -4 17 -4 17 -3 17 0 0 -4 16 -3 17 -3 16 -2 18 -2 16 -3 16 -2 17 -1 17 -1 19 -2 16 -1 17 -3 17 -2 18 -1 16 0 18 0 17 -1 20 -1 17 -1 18 0 19 -2 19 0 17 1 21 -1 19 0 18 0 18 0 0 0 0 0 0 0 0 0 0 ]
130,1782983839.979712,18.1043,-67,CSI_DATA,AP,98:F4:AB:29:67:94,-67,11,1,6,1,1,1,1,0,0,0,-96,1,6,1,39828250,0,84,0,0,40.2112,384,[84 -64 4 0 0 0 0 0 0 0 0 0 -10 -13 -9 -14 -10 -15 -9 -16 -9 -16 -8 -16 -8 -16 -8 -16 -7 -17 -7 -17 -7 -17 -6 -18 -7 -17 -6 -18 -5 -17 -7 -18 -5 -17 -6 -18 -5 -18 -5 -18 -4 -16 -5 -17 -5 -18 -5 -17 -5 -18 -6 -17 0 0 -6 -17 -6 -16 -6 -17 -7 -17 -6 -16 -6 -17 -6 -16 -8 -17 -7 -17 -9 -17 -9 -16 -8 -16 -9 -16 -8 -17 -10 -17 -9 -17 -10 -17 -9 -16 -10 -17 -10 -17 -10 -17 -10 -16 -10 -17 -11 -16 -11 -16 -11 -15 0 0 0 0 0 0 0 0 0 0 ]
131,1782983840.074031,17.8894,-67,CSI_DATA,AP,98:F4:AB:29:67:94,-67,11,1,6,1,1,1,1,0,0,0,-96,1,6,1,39918726,0,84,0,0,40.3017,384,[84 -64 4 0 0 0 0 0 0 0 0 0 4 -16 4 -16 5 -16 6 -16 6 -16 6 -16 6 -16 7 -17 7 -17 8 -15 8 -16 8 -17 9 -16 9 -16 9 -16 10 -17 10 -15 10 -15 10 -15 9 -15 9 -15 10 -15 9 -14 10 -14 10 -14 10 -16 0 0 10 -15 10 -15 9 -14 9 -15 9 -14 9 -15 9 -15 9 -15 8 -15 8 -16 8 -17 8 -16 8 -16 8 -16 9 -17 8 -17 8 -17 7 -17 7 -17 6 -17 8 -17 7 -18 7 -18 7 -18 7 -18 6 -18 0 0 0 0 0 0 0 0 0 0 ]
132,1782983840.162410,16.9659,-67,CSI_DATA,AP,98:F4:AB:29:67:94,-67,11,1,6,1,1,1,1,0,0,0,-96,1,6,1,40009879,0,84,0,0,40.3929,384,[84 -64 4 0 0 0 0 0 0 0 0 0 -14 -3 -14 -3 -16 -4 -14 -4 -15 -5 -15 -5 -15 -5 -15 -6 -15 -6 -15 -6 -15 -7 -15 -8 -14 -8 -15 -8 -15 -7 -16 -8 -14 -7 -15 -8 -14 -7 -15 -7 -14 -7 -15 -7 -14 -8 -14 -8 -14 -8 -14 -7 0 0 -15 -7 -15 -7 -14 -6 -15 -7 -14 -7 -14 -6 -15 -5 -15 -7 -15 -6 -16 -6 -16 -6 -15 -6 -15 -5 -15 -5 -16 -4 -16 -4 -17 -5 -16 -4 -16 -4 -17 -4 -16 -4 -16 -3 -17 -4 -17 -3 -16 -4 -17 -3 0 0 0 0 0 0 0 0 0 0 ]
133,1782983840.249197,17.4270,-68,CSI_DATA,AP,98:F4:AB:29:67:94,-68,11,1,7,1,1,1,1,0,0,0,-96,1,6,1,40100576,0,84,0,0,40.4836,384,[84 -64 4 0 0 0 0 0 0 0 0 0 3 -17 3 -16 5 -17 5 -17 6 -16 6 -16 7 -17 7 -17 8 -17 8 -17 7 -16 9 -17 9 -17 9 -15 8 -16 9 -17 9 -16 9 -15 9 -16 10 -15 9 -16 10 -15 10 -15 10 -15 11 -15 9 -15 0 0 9 -15 8 -16 9 -15 8 -16 9 -15 10 -15 7 -16 7 -16 7 -16 7 -18 7 -17 7 -17 7 -17 6 -17 6 -18 6 -19 7 -18 6 -18 6 -17 6 -18 6 -18 6 -19 6 -19 5 -19 4 -18 5 -18 0 0 0 0 0 0 0 0 0 0 ]
134,1782983840.337732,17.2927,-68,CSI_DATA,AP,98:F4:AB:29:67:94,-68,11,1,7,1,1,1,1,0,0,0,-96,1,6,1,40190461,0,84,0,0,40.5735,384,[84 -64 4 0 0 0 0 0 0 0 0 0 15 -5 15 -3 16 -4 16 -3 17 -3 17 -2 18 -2 17 -2 18 -1 17 0 18 -2 17 -1 18 -1 18 0 17 0 18 0 17 0 17 0 17 1 18 1 17 1 16 0 17 0 17 1 17 1 18 0 0 0 17 0 18 0 18 -1 17 -2 16 -1 17 0 17 -1 17 -1 17 -2 17 -3 18 -3 17 -3 18 -3 17 -3 17 -3 17 -4 18 -4 18 -5 17 -4 18 -5 17 -4 17 -5 18 -4 18 -6 17 -5 18 -5 0 0 0 0 0 0 0 0 0 0 ]
135,1782983840.424989,17.4621,-67,CSI_DATA,AP,98:F4:AB:29:67:94,-67,11,1,6,1,1,1,1,0,0,0,-96,1,6,1,40286338,0,84,0,0,40.6693,384,[84 -64 4 0 0 0 0 0 0 0 0 0 -8 14 -9 13 -9 13 -10 13 -10 13 -11 11 -11 13 -12 13 -12 13 -11 11 -13 12 -13 13 -13 12 -14 12 -14 12 -14 12 -14 13 -14 11 -14 11 -14 10 -14 11 -14 10 -14 11 -14 10 -14 11 -14 11 0 0 -13 12 -13 11 -14 11 -13 11 -13 10 -12 10 -13 11 -12 12 -13 13 -12 13 -12 13 -12 13 -12 13 -11 14 -12 13 -12 14 -12 13 -11 14 -12 14 -11 15 -12 15 -11 14 -11 14 -10 14 -11 15 -11 14 0 0 0 0 0 0 0 0 0 0 ]
136,1782983840.514719,16.3789,-68,CSI_DATA,AP,98:F4:AB:29:67:94,-68,11,1,7,1,1,1,1,0,0,0,-96,1,6,1,40370305,0,84,0,0,40.7533,384,[84 -64 4 0 0 0 0 0 0 0 0 0 6 -14 6 -14 6 -14 7 -14 7 -14 7 -13 8 -13 8 -13 8 -14 9 -13 9 -13 10 -13 10 -12 10 -13 10 -12 11 -13 10 -12 10 -12 10 -11 10 -12 10 -12 11 -12 10 -11 11 -11 11 -11 11 -12 0 0 10 -12 10 -12 10 -12 9 -13 9 -12 10 -12 10 -12 10 -12 9 -13 9 -13 9 -14 9 -12 9 -13 9 -14 8 -14 8 -14 9 -15 9 -15 8 -13 7 -15 8 -14 8 -15 9 -15 8 -14 8 -15 7 -14 0 0 0 0 0 0 0 0 0 0 ]
137,1782983840.602065,15.1154,-68,CSI_DATA,AP,98:F4:AB:29:67:94,-68,11,1,7,1,1,1,1,0,0,0,-96,1,6,1,40474353,0,84,0,0,40.8574,384,[84 -64 4 0 0 0 0 0 0 0 0 0 14 3 13 3 14 3 14 4 15 5 14 5 14 5 14 5 15 5 14 7 14 7 14 7 14 7 13 7 14 7 14 8 14 7 13 8 13 7 14 8 13 8 12 8 13 8 13 8 12 8 13 7 0 0 14 7 14 8 13 7 14 7 13 7 14 7 13 6 13 6 14 6 15 6 15 6 13 6 15 6 14 6 15 6 15 5 16 5 15 5 16 6 15 4 15 5 16 5 15 5 16 4 15 5 16 5 0 0 0 0 0 0 0 0 0 0 ]
138,1782983840.688746,14.6393,-67,CSI_DATA,AP,98:F4:AB:29:67:94,-67,11,1,6,1,1,1,1,0,0,0,-96,1,6,1,40551252,0,84,0,0,40.9342,384,[84 -64 4 0 0 0 0 0 0 0 0 0 2 14 2 13 1 16 -1 9 1 15 1 15 -1 15 -1 15 -1 16 -1 15 -2 15 -2 15 -2 15 -3 16 -2 16 -2 16 -3 15 -3 15 -3 15 -3 15 -3 15 -4 15 -3 14 -2 15 -3 15 -3 15 0 0 -3 15 -3 15 -2 15 -2 16 -2 15 -2 15 -2 16 -1 15 -1 16 -1 16 0 16 0 15 0 15 -1 15 0 16 0 16 0 17 1 16 1 16 1 16 1 16 1 16 2 16 1 16 2 16 1 16 0 0 0 0 0 0 0 0 0 0 ]
139,1782983840.776305,15.6846,-67,CSI_DATA,AP,98:F4:AB:29:67:94,-67,11,1,6,1,1,1,1,0,0,0,-96,1,6,1,40641113,0,84,0,0,41.0241,384,[84 -64 4 0 0 0 0 0 0 0 0 0 -3 -15 -4 -15 -4 -15 -4 -15 -4 -15 -4 -15 -3 -17 -2 -16 -2 -16 -2 -16 -2 -17 -2 -17 -1 -16 -1 -16 -1 -16 -1 -17 0 -17 -1 -17 0 -16 1 -16 0 -16 0 -16 0 -16 0 -16 1 -17 0 -16 0 0 0 -16 0 -16 1 -16 -1 -16 -1 -15 -1 -17 0 -16 -2 -15 -1 -17 -2 -17 -2 -17 -2 -16 -2 -16 -2 -16 -2 -17 -3 -17 -2 -17 -3 -17 -3 -17 -3 -17 -3 -17 -3 -16 -3 -17 -4 -18 -3 -17 -4 -17 0 0 0 0 0 0 0 0 0 0 ]
140,1782983840.863564,16.9183,-64,CSI_DATA,AP,98:F4:AB:29:67:94,-64,11,1,3,1,1,1,1,0,0,0,-96,1,6,1,40738430,0,84,0,0,41.1214,384,[84 -64 4 0 0 0 0 0 0 0 0 0 -15 -7 -14 -7 -16 -8 -15 -9 -16 -9 -14 -9 -14 -10 -15 -10 -14 -9 -14 -11 -14 -11 -15 -12 -14 -12 -14 -12 -14 -12 -14 -12 -13 -11 -14 -12 -13 -11 -13 -12 -13 -12 -13 -12 -13 -12 -13 -12 -13 -12 -14 -11 0 0 -13 -11 -14 -12 -14 -11 -14 -11 -10 -11 -13 -11 -15 -11 -14 -11 -14 -10 -15 -10 -16 -10 -15 -9 -15 -9 -16 -9 -16 -9 -16 -8 -17 -10 -15 -8 -17 -9 -17 -9 -17 -9 -18 -9 -17 -9 -17 -9 -17 -8 -17 -8 0 0 0 0 0 0 0 0 0 0 ]
141,1782983840.949666,16.4414,-67,CSI_DATA,AP,98:F4:AB:29:67:94,-67,11,1,6,1,1,1,1,0,0,0,-96,1,6,1,40819883,0,84,0,0,41.2029,384,[84 -64 4 0 0 0 0 0 0 0 0 0 10 -12 9 -12 10 -12 11 -12 11 -11 10 -11 12 -11 11 -11 12 -11 12 -10 12 -11 13 -10 13 -10 13 -10 12 -9 13 -10 13 -9 13 -9 13 -9 13 -8 13 -9 13 -9 12 -8 13 -9 13 -9 13 -9 0 0 13 -9 13 -9 12 -10 12 -10 12 -10 12 -10 13 -10 11 -10 11 -10 12 -11 11 -12 11 -11 11 -11 11 -11 11 -12 11 -12 12 -12 11 -13 11 -12 11 -13 11 -13 11 -12 11 -13 11 -14 11 -13 11 -13 0 0 0 0 0 0 0 0 0 0 ]
142,1782983841.037984,16.3577,-67,CSI_DATA,AP,98:F4:AB:29:67:94,-67,11,1,6,1,1,1,1,0,0,0,-96,1,6,1,40907954,0,84,0,0,41.291,384,[84 -64 4 0 0 0 0 0 0 0 0 0 -5 -14 -4 -14 -4 -16 -3 -16 -3 -16 -2 -15 -2 -16 -2 -16 -2 -16 -1 -16 -1 -17 -1 -17 -1 -16 -1 -17 0 -16 0 -17 -1 -16 0 -16 1 -16 0 -16 0 -17 1 -16 0 -16 0 -15 0 -16 0 -17 0 0 -1 -16 0 -16 0 -16 -1 -16 0 -16 -2 -15 -2 -16 -2 -16 -2 -16 -3 -17 -3 -17 -3 -15 -3 -17 -3 -15 -3 -16 -4 -16 -3 -17 -4 -17 -5 -17 -5 -16 -4 -16 -5 -17 -5 -16 -5 -17 -5 -16 -5 -16 0 0 0 0 0 0 0 0 0 0 ]
143,1782983841.124293,16.0182,-67,CSI_DATA,AP,98:F4:AB:29:67:94,-67,11,1,6,1,1,1,1,0,0,0,-96,1,6,1,40997623,0,84,0,0,41.3806,384,[84 -64 4 0 0 0 0 0 0 0 0 0 12 -6 13 -6 15 -5 15 -4 15 -5 14 -4 14 -5 14 -4 16 -3 15 -3 16 -3 16 -3 16 -2 16 -2 15 -2 17 -2 15 -2 15 -2 15 -1 16 -1 15 -2 15 -1 15 -2 15 -1 15 -1 16 -2 0 0 15 -1 15 -2 15 -2 15 -3 15 -2 15 -3 15 -3 15 -3 15 -3 15 -4 15 -4 14 -4 16 -4 15 -4 15 -4 15 -5 16 -5 15 -5 15 -5 16 -6 16 -6 15 -6 16 -6 14 -6 16 -5 16 -6 0 0 0 0 0 0 0 0 0 0 ]
144,1782983841.212032,16.7919,-66,CSI_DATA,AP,98:F4:AB:29:67:94,-66,11,1,5,1,1,1,1,0,0,0,-96,1,6,1,41088600,0,84,0,0,41.4716,384,[84 -64 4 0 0 0 0 0 0 0 0 0 -3 16 -3 15 -3 16 -4 15 -4 16 -5 15 -5 17 -6 16 -6 16 -7 16 -7 16 -7 16 -7 16 -8 16 -8 15 -8 18 -7 15 -7 16 -8 15 -8 15 -8 15 -8 15 -8 15 -8 15 -9 15 -8 15 0 0 -7 15 -7 16 -6 15 -7 17 -6 15 -6 16 -6 16 -6 15 -6 16 -5 17 -5 17 -6 16 -5 16 -4 16 -4 18 -4 17 -5 18 -4 17 -4 18 -3 18 -4 18 -4 18 -4 19 -4 18 -3 18 -3 18 0 0 0 0 0 0 0 0 0 0 ]
145,1782983841.298234,17.0650,-66,CSI_DATA,AP,98:F4:AB:29:67:94,-66,11,1,5,1,1,1,1,0,0,0,-96,1,6,1,41180712,0,84,0,0,41.5637,384,[84 -64 4 0 0 0 0 0 0 0 0 0 15 6 15 6 15 7 15 8 15 8 14 8 14 9 14 10 14 10 13 10 15 10 14 11 14 11 14 11 13 11 14 12 13 12 13 11 12 11 12 11 11 12 12 12 12 12 12 11 12 12 13 12 0 0 12 12 13 12 13 12 13 11 12 10 13 11 13 11 13 11 14 10 14 10 14 10 14 9 14 10 14 10 15 10 14 9 16 10 15 10 14 9 15 9 15 11 15 10 16 10 16 9 15 9 16 9 0 0 0 0 0 0 0 0 0 0 ]
146,1782983841.385085,16.0885,-66,CSI_DATA,AP,98:F4:AB:29:67:94,-66,11,1,5,1,1,1,1,0,0,0,-96,1,6,1,41267869,0,84,0,0,41.6508,384,[84 -64 4 0 0 0 0 0 0 0 0 0 9 10 10 11 10 12 9 12 8 12 9 12 9 13 8 13 8 13 8 13 8 14 7 14 7 14 7 14 7 13 7 15 7 14 7 14 7 13 6 13 6 13 7 14 6 14 6 13 7 14 7 14 0 0 7 14 8 13 7 14 7 12 6 12 7 13 8 13 8 12 9 13 9 13 9 14 8 12 9 12 9 12 9 13 10 13 10 13 10 12 11 12 10 12 11 12 11 12 11 13 11 13 11 11 11 12 0 0 0 0 0 0 0 0 0 0 ]
147,1782983841.477825,16.9549,-66,CSI_DATA,AP,98:F4:AB:29:67:94,-66,11,1,5,1,1,1,1,0,0,0,-96,1,6,1,41358184,0,84,0,0,41.7412,384,[84 -64 4 0 0 0 0 0 0 0 0 0 13 10 12 9 12 11 12 11 13 11 12 11 12 12 11 12 12 13 10 13 11 14 10 15 10 14 11 14 10 14 11 15 10 14 10 15 9 14 9 14 9 14 10 14 10 15 9 14 10 15 10 14 0 0 10 14 10 15 10 13 11 13 10 12 10 13 11 14 11 13 11 13 11 13 12 13 11 13 11 13 12 12 13 13 13 12 14 13 13 12 13 12 14 12 13 13 14 12 14 13 14 12 14 12 14 12 0 0 0 0 0 0 0 0 0 0 ]
148,1782983841.564951,16.6565,-74,CSI_DATA,AP,AC:3D:CB:BC:E1:F7,-74,11,0,0,0,0,0,0,0,0,0,-96,0,6,1,41386020,0,86,0,0,41.772,128,[86 96 5 0 0 0 0 0 0 0 0 0 19 -1 19 0 20 0 18 1 14 1 16 1 14 0 10 2 9 0 9 0 9 1 11 -1 10 0 11 1 8 -2 6 -1 5 -1 6 -3 5 -1 4 -1 3 -2 2 -2 0 -1 0 1 -4 0 -4 1 0 0 -7 2 -11 3 -8 5 -13 7 -14 6 -14 9 -17 6 -17 8 -23 8 -23 13 -24 11 -26 11 -27 12 -28 14 -27 13 -27 13 -28 13 -28 13 -27 12 -28 13 -30 14 -30 13 -33 16 -34 16 -35 16 -33 15 0 0 0 0 0 0 0 0 0 0 ]
149,1782983841.651759,16.9692,-67,CSI_DATA,AP,98:F4:AB:29:67:94,-67,11,1,6,1,1,1,1,0,0,0,-96,1,6,1,41443276,0,84,0,0,41.8263,384,[84 -64 4 0 0 0 0 0 0 0 0 0 -1 -16 0 -15 -1 -16 1 -16 1 -17 1 -16 2 -17 3 -16 3 -16 3 -16 3 -17 4 -16 4 -16 4 -16 4 -16 5 -17 4 -15 5 -15 4 -15 5 -16 5 -16 5 -16 5 -15 4 -15 5 -16 5 -16 0 0 5 -15 5 -16 5 -16 4 -16 5 -15 5 -17 4 -16 3 -16 4 -16 3 -16 3 -17 3 -15 3 -17 3 -17 3 -17 2 -17 3 -17 2 -18 2 -17 2 -18 3 -17 3 -17 2 -17 1 -18 1 -17 2 -18 0 0 0 0 0 0 0 0 0 0 ]
150,1782983841.739941,15.8565,-66,CSI_DATA,AP,98:F4:AB:29:67:94,-66,11,1,6,1,1,1,1,0,0,0,-96,1,6,1,41542310,0,84,0,0,41.9253,384,[84 -64 4 0 0 0 0 0 0 0 0 0 0 -14 1 -14 1 -15 2 -15 1 -15 2 -15 2 -15 4 -15 4 -15 4 -15 3 -16 4 -15 4 -15 4 -15 4 -14 4 -16 4 -15 4 -15 4 -15 5 -14 5 -14 4 -15 5 -14 5 -14 5 -14 4 -15 0 0 4 -15 4 -15 4 -15 3 -15 3 -14 4 -15 4 -15 4 -15 3 -15 2 -16 1 -16 2 -15 2 -16 2 -15 1 -16 1 -16 1 -17 1 -16 1 -16 1 -16 1 -16 0 -17 1 -17 0 -16 0 -16 0 -16 0 0 0 0 0 0 0 0 0 0 ]
151,1782983841.829274,15.3809,-66,CSI_DATA,AP,98:F4:AB:29:67:94,-66,11,1,6,1,1,1,1,0,0,0,-96,1,6,1,41636438,0,84,0,0,42.0194,384,[84 -64 4 0 0 0 0 0 0 0 0 0 -3 14 -3 14 -5 15 -5 14 -5 15 -5 14 -6 15 -7 15 -7 14 -8 14 -8 15 -8 14 -7 15 -8 14 -8 14 -9 15 -8 14 -9 14 -9 13 -9 13 -9 13 -10 13 -8 13 -8 14 -9 13 -9 14 0 0 -9 13 -8 14 -8 14 -8 15 -8 13 -8 14 -8 14 -7 14 -7 15 -7 16 -7 15 -7 14 -5 14 -6 16 -7 15 -6 16 -7 16 -6 15 -7 16 -6 17 -7 16 -6 16 -7 17 -5 17 -6 17 -5 17 0 0 0 0 0 0 0 0 0 0 ]
152,1782983841.916867,16.0405,-66,CSI_DATA,AP,98:F4:AB:29:67:94,-66,11,1,6,1,1,1,1,0,0,0,-96,1,6,1,41719485,0,84,0,0,42.1025,384,[84 -64 4 0 0 0 0 0 0 0 0 0 0 -16 0 -16 1 -16 1 -17 1 -16 2 -16 3 -17 3 -16 3 -17 4 -16 4 -17 4 -17 5 -16 5 -16 5 -17 5 -17 5 -16 5 -15 6 -16 5 -16 6 -16 6 -16 5 -16 6 -15 6 -16 6 -16 0 0 5 -17 6 -16 5 -17 5 -17 5 -16 5 -16 5 -17 4 -16 4 -17 4 -17 3 -17 4 -16 4 -17 4 -17 3 -17 3 -18 4 -18 3 -18 3 -17 3 -18 3 -19 3 -17 3 -18 2 -18 3 -18 2 -18 0 0 0 0 0 0 0 0 0 0 ]
153,1782983842.004757,16.5642,-66,CSI_DATA,AP,98:F4:AB:29:67:94,-66,11,1,6,1,1,1,1,0,0,0,-96,1,6,1,41807604,0,84,0,0,42.1906,384,[84 -64 4 0 0 0 0 0 0 0 0 0 13 -7 13 -7 15 -7 14 -6 15 -6 14 -6 15 -6 15 -4 15 -6 16 -4 16 -4 16 -4 16 -3 16 -4 16 -3 17 -4 15 -3 16 -4 16 -3 16 -3 16 -2 15 -3 16 -3 16 -2 17 -2 16 -3 0 0 16 -3 16 -4 16 -3 15 -4 15 -3 16 -4 16 -3 16 -5 16 -5 16 -5 16 -6 16 -4 16 -5 15 -5 16 -6 16 -7 17 -6 16 -6 17 -7 15 -7 16 -7 16 -6 18 -7 17 -7 17 -7 16 -7 0 0 0 0 0 0 0 0 0 0 ]
154,1782983842.093106,17.3389,-66,CSI_DATA,AP,98:F4:AB:29:67:94,-66,11,1,6,1,1,1,1,0,0,0,-96,1,6,1,41897562,0,84,0,0,42.2806,384,[84 -64 4 0 0 0 0 0 0 0 0 0 -8 -14 -7 -14 -7 -15 -6 -15 -7 -16 -6 -15 -6 -17 -6 -17 -5 -17 -5 -18 -5 -17 -6 -17 -4 -17 -4 -17 -4 -17 -4 -19 -4 -17 -3 -17 -3 -17 -3 -17 -3 -17 -3 -17 -3 -17 -3 -17 -3 -17 -4 -17 0 0 -3 -17 -4 -17 -3 -17 -4 -17 -4 -16 -4 -17 -4 -17 -4 -17 -4 -17 -6 -17 -6 -18 -5 -17 -6 -17 -5 -17 -6 -17 -6 -18 -6 -18 -6 -17 -6 -18 -7 -18 -7 -18 -6 -17 -7 -18 -8 -18 -7 -18 -7 -17 0 0 0 0 0 0 0 0 0 0 ]
155,1782983842.179842,17.3958,-67,CSI_DATA,AP,98:F4:AB:29:67:94,-67,11,1,7,1,1,1,1,0,0,0,-96,1,6,1,41990428,0,84,0,0,42.3733,384,[84 -64 4 0 0 0 0 0 0 0 0 0 15 -6 15 -5 15 -5 16 -4 16 -4 16 -4 16 -4 17 -3 16 -3 16 -3 17 -2 17 -1 17 -2 17 -1 17 -1 18 -1 17 -1 17 0 16 0 16 0 17 0 17 0 16 -1 17 0 17 -1 17 -1 0 0 17 -1 17 -2 17 -2 17 -3 17 -2 17 -2 17 -3 17 -3 17 -2 17 -4 18 -4 17 -4 17 -3 18 -4 18 -4 18 -5 18 -4 18 -5 18 -5 17 -6 18 -6 17 -5 17 -5 18 -7 18 -4 17 -6 0 0 0 0 0 0 0 0 0 0 ]
156,1782983842.270068,17.3615,-67,CSI_DATA,AP,98:F4:AB:29:67:94,-67,11,1,7,1,1,1,1,0,0,0,-96,1,6,1,42083260,0,84,0,0,42.4663,384,[84 -64 4 0 0 0 0 0 0 0 0 0 -5 13 -5 12 -6 13 -6 13 -7 13 -7 13 -7 13 -8 13 -8 13 -9 13 -9 13 -9 13 -10 12 -9 13 -10 12 -10 13 -10 12 -10 12 -9 12 -9 12 -10 12 -10 12 -10 12 -9 12 -10 12 -10 13 0 0 -8 13 -10 13 -8 13 -8 13 -9 12 -9 13 -8 13 -8 13 -8 13 -8 14 -8 14 -8 13 -8 13 -7 14 -8 15 -7 15 -7 15 -7 14 -7 15 -6 15 -7 15 -7 15 -7 16 -7 16 -7 14 -6 15 0 0 0 0 0 0 0 0 0 0 ]
157,1782983842.357941,17.7842,-67,CSI_DATA,AP,98:F4:AB:29:67:94,-67,11,1,7,1,1,1,1,0,0,0,-96,1,6,1,42169028,0,84,0,0,42.552,384,[84 -64 4 0 0 0 0 0 0 0 0 0 -11 11 -12 11 -13 11 -14 11 -13 10 -14 10 -14 11 -15 9 -15 9 -15 8 -16 9 -15 8 -16 8 -16 8 -16 7 -16 8 -16 8 -16 7 -16 7 -16 6 -16 6 -16 7 -16 7 -16 7 -16 7 -16 7 0 0 -16 7 -16 8 -16 7 -16 8 -16 6 -17 8 -16 7 -16 8 -16 8 -16 9 -16 9 -16 8 -16 10 -16 9 -16 9 -15 9 -16 9 -17 10 -16 10 -17 11 -16 10 -16 10 -17 9 -16 10 -16 10 -16 10 0 0 0 0 0 0 0 0 0 0 ]
158,1782983842.448191,17.3394,-67,CSI_DATA,AP,98:F4:AB:29:67:94,-67,11,1,7,1,1,1,1,0,0,0,-96,1,6,1,42262437,0,84,0,0,42.6455,384,[84 -64 4 0 0 0 0 0 0 0 0 0 12 7 11 8 12 8 11 9 12 9 11 10 11 9 11 10 11 10 9 11 10 12 10 11 10 11 10 12 9 12 10 12 9 12 9 12 9 12 8 11 9 12 9 12 9 12 8 12 8 13 9 12 0 0 8 12 9 12 9 12 9 11 9 11 9 12 9 12 9 11 10 11 10 11 11 11 10 11 11 12 10 12 11 11 11 11 11 12 11 12 11 12 11 11 11 12 11 12 11 12 11 12 11 12 12 11 0 0 0 0 0 0 0 0 0 0 ]
159,1782983842.539296,16.5407,-67,CSI_DATA,AP,98:F4:AB:29:67:94,-67,11,1,7,1,1,1,1,0,0,0,-96,1,6,1,42347565,0,84,0,0,42.7306,384,[84 -64 4 0 0 0 0 0 0 0 0 0 4 15 3 15 4 16 3 16 2 17 2 16 2 16 2 16 2 17 1 17 1 17 0 17 1 17 0 18 0 16 0 17 0 17 0 17 0 17 0 17 -1 16 0 17 0 16 0 17 1 16 0 17 0 0 1 17 1 18 2 17 2 16 1 15 2 16 2 17 2 16 3 17 3 17 3 18 3 16 3 17 4 16 3 17 5 17 4 18 4 17 4 18 6 17 5 17 5 19 6 18 5 17 5 18 6 18 0 0 0 0 0 0 0 0 0 0 ]
160,1782983842.629249,16.4209,-66,CSI_DATA,AP,98:F4:AB:29:67:94,-66,11,1,6,1,1,1,1,0,0,0,-96,1,6,1,42444588,0,84,0,0,42.8275,384,[84 -64 4 0 0 0 0 0 0 0 0 0 -14 8 -14 7 -16 5 -16 6 -16 5 -17 4 -16 4 -17 5 -17 5 -17 3 -18 3 -18 3 -18 3 -18 2 -17 3 -19 2 -18 3 -17 2 -18 1 -18 2 -17 2 -17 2 -17 2 -17 2 -17 2 -17 3 0 0 -18 3 -18 3 -18 3 -17 4 -17 2 -17 3 -18 4 -17 4 -16 5 -15 5 -17 6 -17 5 -18 5 -18 5 -17 5 -18 6 -18 5 -18 6 -18 7 -17 8 -17 6 -18 7 -18 6 -17 7 -18 7 -18 7 0 0 0 0 0 0 0 0 0 0 ]
161,1782983842.716776,17.4527,-66,CSI_DATA,AP,98:F4:AB:29:67:94,-66,11,1,6,1,1,1,1,0,0,0,-96,1,6,1,42531775,0,84,0,0,42.9148,384,[84 -64 4 0 0 0 0 0 0 0 0 0 -14 -8 -15 -8 -15 -9 -15 -9 -15 -9 -14 -10 -15 -10 -14 -11 -14 -11 -13 -11 -14 -12 -13 -13 -13 -12 -13 -12 -13 -12 -14 -12 -14 -12 -12 -12 -12 -13 -12 -12 -12 -12 -13 -12 -12 -13 -12 -12 -13 -13 -13 -13 0 0 -13 -12 -14 -12 -13 -12 -13 -11 -13 -11 -14 -11 -14 -11 -14 -11 -15 -11 -15 -11 -15 -11 -15 -10 -15 -10 -15 -10 -16 -10 -17 -10 -16 -10 -16 -10 -16 -10 -16 -9 -16 -10 -17 -9 -16 -10 -17 -10 -17 -10 -17 -10 0 0 0 0 0 0 0 0 0 0 ]
162,1782983842.806483,19.1197,-66,CSI_DATA,AP,98:F4:AB:29:67:94,-66,11,1,6,1,1,1,1,0,0,0,-96,1,6,1,42621178,0,84,0,0,43.0042,384,[84 -64 4 0 0 0 0 0 0 0 0 0 -1 -19 0 -18 0 -19 1 -19 1 -19 1 -19 4 -19 4 -19 3 -19 4 -19 4 -20 4 -20 4 -20 5 -20 4 -19 5 -21 5 -19 6 -19 6 -19 6 -18 6 -19 6 -19 6 -18 6 -19 6 -19 5 -20 0 0 5 -19 4 -19 4 -19 4 -20 4 -18 4 -19 5 -20 4 -19 4 -19 3 -20 3 -21 2 -20 2 -20 2 -20 2 -22 2 -21 2 -21 3 -21 2 -22 1 -22 2 -21 1 -21 2 -21 0 -21 1 -22 0 -22 0 0 0 0 0 0 0 0 0 0 ]
163,1782983842.894919,18.3785,-65,CSI_DATA,AP,98:F4:AB:29:67:94,-65,11,1,5,1,1,1,1,0,0,0,-96,1,6,1,42721505,0,84,0,0,43.1045,384,[84 -64 4 0 0 0 0 0 0 0 0 0 14 -6 14 -5 16 -6 15 -5 16 -6 16 -4 16 -4 16 -2 16 -4 16 -2 17 -3 17 -2 18 -2 17 -1 16 -1 18 -1 17 -2 17 -2 17 -1 17 0 16 1 17 -1 16 0 16 0 17 0 17 -1 0 0 16 0 17 -1 17 -1 17 -1 16 0 17 -1 16 -1 17 -1 17 -2 17 -3 18 -3 17 -2 17 -2 17 -2 18 -3 17 -4 19 -3 17 -4 18 -3 17 -4 18 -3 18 -4 18 -3 18 -4 19 -4 18 -4 0 0 0 0 0 0 0 0 0 0 ]
164,1782983842.983125,16.6883,-66,CSI_DATA,AP,98:F4:AB:29:67:94,-66,11,1,6,1,1,1,1,0,0,0,-96,1,6,1,42803937,0,84,0,0,43.1869,384,[84 -64 4 0 0 0 0 0 0 0 0 0 2 13 2 13 2 14 1 15 1 14 1 15 1 15 0 14 0 15 0 16 -1 15 -1 15 -1 15 -1 15 -2 15 -2 16 -2 15 -2 15 -2 15 -2 15 -2 15 -2 14 -3 14 -2 15 -2 15 -2 15 0 0 -1 15 -2 15 -2 15 -1 15 -2 15 -1 14 -1 15 -1 15 -1 16 0 16 0 16 0 15 0 15 1 16 3 19 -1 16 3 16 1 16 1 17 2 16 1 16 1 16 1 16 2 16 2 16 2 16 0 0 0 0 0 0 0 0 0 0 ]
165,1782983843.072456,17.2796,-66,CSI_DATA,AP,98:F4:AB:29:67:94,-66,11,1,6,1,1,1,1,0,0,0,-96,1,6,1,42888488,0,84,0,0,43.2715,384,[84 -64 4 0 0 0 0 0 0 0 0 0 -8 -15 -8 -15 -7 -15 -7 -16 -8 -16 -6 -16 -6 -17 -5 -17 -6 -17 -4 -16 -5 -18 -5 -18 -5 -18 -5 -18 -4 -17 -4 -19 -4 -18 -4 -17 -3 -18 -3 -17 -3 -17 -3 -18 -3 -17 -4 -17 -3 -18 -4 -18 0 0 -3 -18 -4 -18 -4 -17 -5 -17 -5 -17 -3 -17 -5 -18 -4 -17 -5 -18 -6 -17 -7 -17 -6 -17 -6 -18 -6 -17 -7 -18 -7 -18 -7 -19 -7 -18 -7 -18 -8 -18 -7 -18 -7 -18 -7 -19 -9 -18 -8 -18 -8 -17 0 0 0 0 0 0 0 0 0 0 ]
166,1782983843.159692,18.6491,-63,CSI_DATA,AP,98:F4:AB:29:67:94,-63,11,1,4,1,1,1,1,0,0,0,-96,1,6,1,42996800,0,84,0,0,43.3798,384,[84 -64 4 0 0 0 0 0 0 0 0 0 -15 -9 -15 -10 -15 -10 -15 -11 -15 -11 -13 -12 -15 -12 -14 -13 -15 -13 -15 -14 -14 -14 -14 -14 -14 -14 -14 -14 -13 -14 -14 -14 -13 -14 -13 -14 -13 -14 -12 -14 -12 -14 -13 -15 -12 -14 -13 -14 -13 -15 -13 -14 0 0 -14 -13 -14 -14 -14 -14 -15 -12 -13 -12 -14 -13 -14 -13 -15 -13 -15 -12 -16 -13 -16 -13 -15 -13 -15 -13 -16 -12 -16 -11 -17 -11 -17 -12 -16 -12 -17 -11 -18 -11 -18 -11 -17 -11 -18 -12 -18 -11 -17 -11 -18 -11 0 0 0 0 0 0 0 0 0 0 ]
167,1782983843.248255,17.9022,-65,CSI_DATA,AP,98:F4:AB:29:67:94,-65,11,1,5,1,1,1,1,0,0,0,-96,1,6,1,43069908,0,84,0,0,43.4529,384,[84 -64 4 0 0 0 0 0 0 0 0 0 -11 13 -10 12 -12 12 -12 12 -12 11 -13 11 -12 11 -13 10 -14 11 -14 10 -14 11 -15 10 -15 9 -15 10 -14 10 -16 10 -14 9 -15 9 -15 9 -14 8 -14 8 -15 9 -14 9 -15 8 -15 8 -15 9 0 0 -14 10 -15 10 -14 9 -14 10 -14 9 -14 9 -14 9 -14 11 -14 11 -13 12 -14 12 -14 11 -14 11 -14 12 -13 11 -13 12 -14 12 -13 12 -14 12 -13 12 -13 13 -14 13 -14 13 -13 13 -14 12 -13 13 0 0 0 0 0 0 0 0 0 0 ]
168,1782983843.338231,17.5201,-65,CSI_DATA,AP,98:F4:AB:29:67:94,-65,11,1,5,1,1,1,1,0,0,0,-96,1,6,1,43172392,0,84,0,0,43.5554,384,[84 -64 4 0 0 0 0 0 0 0 0 0 -13 11 -13 9 -14 10 -14 10 -14 9 -14 9 -15 9 -16 7 -15 8 -15 8 -16 8 -16 8 -16 7 -16 7 -16 7 -16 7 -16 7 -16 7 -16 7 -16 6 -16 6 -17 6 -16 6 -16 6 -16 7 -16 7 0 0 -16 6 -16 8 -16 8 -15 8 -15 7 -16 6 -16 7 -15 8 -16 9 -15 10 -16 10 -15 9 -15 9 -15 9 -16 10 -15 10 -17 11 -15 11 -16 10 -15 10 -15 10 -15 10 -14 11 -15 11 -15 11 -15 11 0 0 0 0 0 0 0 0 0 0 ]
169,1782983843.428729,17.2802,-65,CSI_DATA,AP,98:F4:AB:29:67:94,-65,11,1,5,1,1,1,1,0,0,0,-96,1,6,1,43250689,0,84,0,0,43.6337,384,[84 -64 4 0 0 0 0 0 0 0 0 0 11 -11 11 -11 12 -11 11 -11 13 -11 13 -10 13 -11 13 -10 14 -10 15 -9 15 -9 15 -9 16 -8 15 -8 14 -8 15 -9 14 -8 15 -8 15 -8 15 -8 16 -8 15 -9 15 -8 15 -8 16 -7 14 -8 0 0 14 -8 15 -10 14 -9 15 -10 14 -9 14 -9 14 -9 14 -10 13 -9 13 -11 14 -11 14 -10 14 -10 12 -11 14 -13 12 -12 14 -12 13 -12 14 -13 13 -13 14 -13 12 -13 14 -14 14 -13 13 -12 13 -13 0 0 0 0 0 0 0 0 0 0 ]
170,1782983843.519342,17.4366,-65,CSI_DATA,AP,98:F4:AB:29:67:94,-65,11,1,5,1,1,1,1,0,0,0,-96,1,6,1,43338835,0,84,0,0,43.7218,384,[84 -64 4 0 0 0 0 0 0 0 0 0 -1 16 -2 16 -2 16 -2 16 -3 16 -3 16 -4 16 -4 16 -5 16 -5 16 -5 16 -6 16 -5 16 -6 16 -6 16 -6 17 -7 16 -5 16 -7 15 -6 15 -7 15 -7 15 -6 15 -6 15 -7 16 -6 16 0 0 -6 16 -6 16 -6 16 -5 16 -6 15 -5 16 -6 16 -6 16 -5 17 -3 17 -4 17 -4 17 -4 17 -3 17 -3 17 -3 17 -4 18 -3 17 -4 17 -3 18 -4 18 -3 18 -3 18 -2 18 -2 18 -2 18 0 0 0 0 0 0 0 0 0 0 ]
171,1782983843.610812,17.9854,-65,CSI_DATA,AP,98:F4:AB:29:67:94,-65,11,1,5,1,1,1,1,0,0,0,-96,1,6,1,43430743,0,84,0,0,43.8138,384,[84 -64 4 0 0 0 0 0 0 0 0 0 -15 7 -14 7 -16 7 -16 6 -16 6 -16 5 -16 5 -16 5 -17 4 -17 4 -18 4 -18 4 -18 4 -18 3 -17 2 -19 3 -17 3 -17 2 -17 2 -18 2 -17 1 -18 2 -17 2 -17 2 -18 2 -17 2 0 0 -17 3 -17 3 -17 3 -17 3 -16 2 -17 3 -17 3 -17 3 -17 4 -18 4 -18 5 -17 4 -18 4 -17 5 -18 5 -18 5 -19 4 -17 5 -18 6 -18 6 -18 5 -18 5 -19 6 -18 6 -18 5 -18 7 0 0 0 0 0 0 0 0 0 0 ]
172,1782983843.700604,17.2312,-65,CSI_DATA,AP,98:F4:AB:29:67:94,-65,11,1,5,1,1,1,1,0,0,0,-96,1,6,1,43524763,0,84,0,0,43.9077,384,[84 -64 4 0 0 0 0 0 0 0 0 0 4 -14 4 -14 6 -15 6 -15 7 -14 6 -14 7 -14 7 -14 7 -14 7 -14 8 -15 8 -14 9 -13 9 -13 7 -12 9 -12 10 -11 10 -12 8 -13 9 -13 9 -13 9 -13 9 -12 9 -12 10 -13 8 -13 0 0 8 -14 9 -13 9 -13 9 -14 7 -12 8 -14 7 -13 8 -14 7 -15 7 -15 7 -14 7 -14 7 -14 7 -15 6 -15 6 -15 8 -17 6 -14 6 -16 5 -15 6 -17 6 -16 6 -16 6 -16 6 -16 6 -16 0 0 0 0 0 0 0 0 0 0 ]
173,1782983843.789068,15.8082,-65,CSI_DATA,AP,98:F4:AB:29:67:94,-65,11,1,5,1,1,1,1,0,0,0,-96,1,6,1,43614250,0,84,0,0,43.9972,384,[84 -64 4 0 0 0 0 0 0 0 0 0 15 2 15 2 16 3 15 3 16 4 16 5 16 5 15 4 16 5 16 6 15 7 15 7 16 7 15 7 15 7 17 7 15 7 15 6 14 7 15 7 15 7 16 7 15 7 14 7 14 7 15 7 0 0 16 6 15 6 15 6 16 5 14 5 16 6 15 5 16 5 16 5 16 4 17 4 16 4 17 4 16 4 18 3 17 3 18 3 18 3 17 2 18 2 17 3 18 2 18 3 18 2 18 3 18 2 0 0 0 0 0 0 0 0 0 0 ]
174,1782983843.876580,15.2635,-66,CSI_DATA,AP,98:F4:AB:29:67:94,-66,11,1,6,1,1,1,1,0,0,0,-96,1,6,1,43697904,0,84,0,0,44.0809,384,[84 -64 4 0 0 0 0 0 0 0 0 0 11 -8 12 -8 13 -8 13 -8 13 -7 14 -7 14 -7 14 -7 15 -6 15 -6 14 -7 15 -6 15 -5 15 -5 14 -6 16 -5 14 -5 14 -4 14 -5 14 -4 14 -4 15 -4 15 -4 14 -5 15 -5 15 -5 0 0 14 -6 14 -6 15 -6 14 -6 13 -5 15 -6 14 -6 14 -7 14 -6 14 -7 14 -8 14 -7 14 -8 14 -8 14 -8 14 -9 15 -8 14 -9 14 -9 14 -9 14 -9 15 -9 14 -9 14 -10 14 -10 14 -10 0 0 0 0 0 0 0 0 0 0 ]
175,1782983843.967634,16.3076,-66,CSI_DATA,AP,98:F4:AB:29:67:94,-66,11,1,6,1,1,1,1,0,0,0,-96,1,6,1,43788003,0,84,0,0,44.171,384,[84 -64 4 0 0 0 0 0 0 0 0 0 11 11 11 12 10 12 10 13 9 13 9 13 9 13 9 13 9 14 7 14 8 15 8 15 8 15 8 15 7 15 8 16 7 16 7 15 7 15 7 15 7 15 8 16 7 16 5 15 6 16 7 16 0 0 7 15 7 15 8 15 8 15 7 15 8 14 8 14 8 14 9 14 10 14 9 15 9 14 9 15 10 15 10 15 11 14 10 15 10 15 11 14 11 14 11 14 11 14 11 15 11 15 11 15 12 14 0 0 0 0 0 0 0 0 0 0 ]
176,1782983844.055573,17.7577,-66,CSI_DATA,AP,98:F4:AB:29:67:94,-66,11,1,6,1,1,1,1,0,0,0,-96,1,6,1,43880717,0,84,0,0,44.2637,384,[84 -64 4 0 0 0 0 0 0 0 0 0 -16 -5 -15 -5 -16 -6 -16 -6 -16 -7 -16 -8 -15 -9 -16 -8 -16 -9 -15 -9 -16 -10 -16 -10 -16 -10 -16 -11 -15 -10 -16 -11 -14 -10 -14 -11 -15 -10 -14 -10 -15 -12 -15 -10 -14 -11 -14 -11 -15 -11 -14 -11 0 0 -15 -10 -15 -10 -15 -10 -16 -10 -14 -10 -16 -9 -16 -10 -16 -10 -16 -8 -17 -8 -16 -9 -16 -9 -16 -9 -16 -9 -18 -9 -17 -8 -17 -9 -17 -8 -17 -9 -17 -8 -18 -8 -18 -9 -18 -8 -18 -8 -18 -8 -19 -7 0 0 0 0 0 0 0 0 0 0 ]
177,1782983844.143381,17.6839,-66,CSI_DATA,AP,98:F4:AB:29:67:94,-66,11,1,6,1,1,1,1,0,0,0,-96,1,6,1,43969164,0,84,0,0,44.3522,384,[84 -64 4 0 0 0 0 0 0 0 0 0 -11 12 -11 11 -13 11 -14 11 -13 11 -14 10 -15 10 -14 9 -15 9 -16 9 -15 9 -15 9 -16 9 -16 9 -15 8 -17 9 -15 8 -16 8 -16 7 -16 8 -16 7 -16 7 -16 7 -16 7 -16 7 -16 8 0 0 -16 8 -16 8 -15 8 -15 9 -15 7 -15 8 -15 8 -15 8 -15 9 -16 10 -16 11 -15 10 -15 10 -15 10 -15 11 -15 12 -16 11 -15 11 -15 11 -15 12 -16 11 -15 11 -16 11 -15 12 -15 12 -15 12 0 0 0 0 0 0 0 0 0 0 ]
178,1782983844.231426,18.1579,-66,CSI_DATA,AP,98:F4:AB:29:67:94,-66,11,1,6,1,1,1,1,0,0,0,-96,1,6,1,44057979,0,84,0,0,44.441,384,[84 -64 4 0 0 0 0 0 0 0 0 0 10 -12 11 -12 12 -12 12 -12 12 -11 13 -11 13 -10 13 -10 14 -11 14 -10 14 -11 14 -10 15 -9 15 -9 15 -9 15 -10 15 -9 16 -8 15 -8 15 -8 15 -7 15 -8 15 -8 14 -8 16 -8 15 -9 0 0 15 -9 15 -8 15 -9 14 -9 15 -9 15 -9 15 -9 14 -10 14 -10 14 -11 14 -11 14 -10 14 -11 14 -11 14 -11 14 -11 15 -11 15 -12 14 -12 14 -12 15 -12 15 -12 15 -12 14 -13 14 -13 14 -12 0 0 0 0 0 0 0 0 0 0 ]
179,1782983844.320287,17.0060,-66,CSI_DATA,AP,98:F4:AB:29:67:94,-66,11,1,6,1,1,1,1,0,0,0,-96,1,6,1,44147354,0,84,0,0,44.5304,384,[84 -64 4 0 0 0 0 0 0 0 0 0 2 14 1 14 1 15 0 15 0 15 0 14 0 15 -1 15 -1 15 -2 15 -2 16 -3 15 -3 16 -3 16 -2 15 -3 16 -3 15 -6 11 -4 14 -4 14 -4 15 -3 15 -3 15 -4 14 -4 15 -4 15 0 0 -3 15 -3 15 -3 15 -2 15 -3 14 -3 15 -2 16 -3 15 -2 15 -1 16 -2 16 -2 15 -2 15 -1 16 -1 16 -1 16 -2 16 0 16 -1 16 0 16 -1 17 0 17 -1 17 -1 17 -1 17 0 16 0 0 0 0 0 0 0 0 0 0 ]
180,1782983844.410224,16.3199,-65,CSI_DATA,AP,98:F4:AB:29:67:94,-65,11,1,5,1,1,1,1,0,0,0,-96,1,6,1,44258370,0,84,0,0,44.6413,384,[84 -64 4 0 0 0 0 0 0 0 0 0 14 -2 14 -1 15 0 14 0 15 1 15 1 15 1 15 2 16 2 14 3 15 2 15 2 15 2 15 3 15 4 15 4 14 4 14 4 14 4 14 5 14 5 15 4 13 4 14 3 15 5 14 3 0 0 14 4 15 4 14 3 15 3 13 3 14 3 15 3 15 3 15 2 15 2 15 1 15 2 16 2 15 2 16 2 16 1 16 2 16 1 16 2 16 1 16 2 16 2 17 1 17 0 17 0 17 0 0 0 0 0 0 0 0 0 0 0 ]
181,1782983844.498406,16.5480,-66,CSI_DATA,AP,98:F4:AB:29:67:94,-66,11,1,6,1,1,1,1,0,0,0,-96,1,6,1,44328847,0,84,0,0,44.7117,384,[84 -64 4 0 0 0 0 0 0 0 0 0 -17 -1 -16 -1 -18 -1 -17 -1 -18 -2 -17 -2 -17 -3 -17 -4 -18 -3 -17 -5 -17 -5 -17 -5 -17 -5 -17 -5 -17 -5 -19 -5 -17 -5 -18 -6 -17 -6 -17 -6 -17 -6 -17 -6 -16 -7 -17 -6 -16 -6 -17 -6 0 0 -17 -5 -18 -5 -17 -5 -18 -4 -17 -5 -18 -5 -18 -4 -17 -5 -17 -4 -18 -4 -18 -4 -17 -4 -18 -3 -18 -4 -18 -3 -18 -3 -20 -3 -18 -2 -19 -3 -20 -3 -18 -3 -20 -2 -19 -3 -20 -2 -19 -2 -19 -2 0 0 0 0 0 0 0 0 0 0 ]
182,1782983844.586240,15.5670,-63,CSI_DATA,AP,98:F4:AB:29:67:94,-63,11,1,4,1,1,1,1,0,0,0,-96,1,6,1,44420399,0,84,0,0,44.8034,384,[84 -64 4 0 0 0 0 0 0 0 0 0 13 7 13 7 13 8 13 8 13 8 13 9 13 9 12 10 12 10 12 10 13 10 12 11 13 11 12 11 12 11 13 12 12 11 11 11 11 12 11 10 10 12 11 12 11 11 11 11 11 11 11 12 0 0 11 11 12 11 12 11 12 10 11 11 12 11 12 11 12 10 12 10 13 10 14 10 13 9 14 10 14 10 14 9 14 9 14 9 15 9 15 9 15 9 14 9 14 9 14 9 16 8 15 8 16 8 0 0 0 0 0 0 0 0 0 0 ]
183,1782983844.673720,16.9026,-65,CSI_DATA,AP,98:F4:AB:29:67:94,-65,11,1,5,1,1,1,1,0,0,0,-96,1,6,1,44511862,0,84,0,0,44.8948,384,[84 -64 4 0 0 0 0 0 0 0 0 0 1 17 0 17 -1 18 -2 18 -1 18 -2 18 -2 18 -3 18 -3 19 -4 19 -4 18 -4 19 -4 18 -5 18 -5 18 -5 19 -5 19 -5 18 -5 17 -5 17 -6 18 -6 18 -5 18 -5 18 -5 18 -4 19 0 0 -5 18 -4 19 -4 18 -4 19 -4 17 -3 18 -4 18 -3 18 -3 19 -2 20 -2 19 -2 19 -2 19 -2 19 -2 20 -1 20 -1 20 -1 20 -1 21 -1 20 0 20 0 20 0 21 0 20 0 20 0 20 0 0 0 0 0 0 0 0 0 0 ]
184,1782983844.763768,17.6869,-65,CSI_DATA,AP,98:F4:AB:29:67:94,-65,11,1,5,1,1,1,1,0,0,0,-96,1,6,1,44597596,0,84,0,0,44.9806,384,[84 -64 4 0 0 0 0 0 0 0 0 0 -13 10 -13 10 -14 9 -14 10 -15 10 -14 8 -15 9 -15 9 -14 9 -16 7 -17 8 -17 8 -16 7 -17 6 -16 7 -18 7 -16 7 -17 7 -15 7 -16 6 -17 6 -16 7 -16 6 -16 6 -17 6 -17 7 0 0 -16 7 -17 8 -16 7 -16 9 -15 7 -16 8 -16 8 -16 8 -15 9 -16 9 -15 10 -15 8 -15 9 -15 9 -16 10 -15 10 -16 11 -16 11 -15 11 -15 12 -16 10 -15 11 -16 11 -15 11 -16 11 -15 11 0 0 0 0 0 0 0 0 0 0 ]
185,1782983844.854165,19.3844,-65,CSI_DATA,AP,98:F4:AB:29:67:94,-65,11,1,5,1,1,1,1,0,0,0,-96,1,6,1,44708357,0,84,0,0,45.0914,384,[84 -64 4 0 0 0 0 0 0 0 0 0 -13 -11 -13 -12 -15 -14 -14 -13 -14 -14 -13 -15 -12 -14 -13 -15 -12 -15 -12 -15 -12 -16 -12 -16 -11 -16 -11 -17 -11 -17 -11 -18 -11 -17 -11 -17 -11 -17 -10 -17 -10 -16 -10 -17 -10 -17 -10 -16 -10 -17 -11 -16 0 0 -11 -16 -11 -17 -11 -16 -11 -16 -12 -16 -12 -16 -12 -16 -13 -15 -12 -16 -13 -15 -14 -16 -13 -16 -13 -16 -14 -16 -14 -16 -14 -16 -15 -16 -14 -15 -15 -16 -15 -15 -15 -16 -15 -16 -15 -15 -16 -15 -15 -15 -16 -14 0 0 0 0 0 0 0 0 0 0 ]
186,1782983844.944038,19.1055,-65,CSI_DATA,AP,98:F4:AB:29:67:94,-65,11,1,5,1,1,1,1,0,0,0,-96,1,6,1,44779450,0,84,0,0,45.1625,384,[84 -64 4 0 0 0 0 0 0 0 0 0 -14 8 -14 7 -16 7 -15 7 -16 7 -15 6 -16 6 -16 6 -17 5 -17 5 -18 6 -17 5 -18 4 -18 4 -17 4 -18 5 -18 4 -17 4 -17 3 -17 4 -18 3 -17 4 -17 3 -17 4 -17 4 -17 5 0 0 -16 4 -17 5 -17 5 -16 5 -16 5 -17 5 -17 5 -17 6 -16 7 -16 7 -16 8 -16 7 -16 7 -17 8 -17 8 -17 8 -17 8 -16 9 -17 9 -16 9 -17 9 -17 9 -17 9 -16 10 -16 10 -17 10 0 0 0 0 0 0 0 0 0 0 ]
187,1782983845.033091,18.9146,-65,CSI_DATA,AP,98:F4:AB:29:67:94,-65,11,1,5,1,1,1,1,0,0,0,-96,1,6,1,44867714,0,84,0,0,45.2507,384,[84 -64 4 0 0 0 0 0 0 0 0 0 -3 -16 -2 -16 -3 -17 -1 -16 -1 -17 -1 -17 -1 -18 0 -17 1 -18 1 -17 1 -18 1 -18 1 -17 2 -18 2 -18 2 -19 3 -18 2 -17 3 -17 3 -17 3 -17 3 -17 3 -17 2 -17 3 -18 1 -18 0 0 0 -17 2 -19 1 -18 1 -18 2 -16 0 -17 0 -18 0 -18 0 -17 -1 -18 -1 -18 0 -18 0 -18 -1 -18 -2 -19 -1 -19 -1 -19 -2 -19 -2 -19 -3 -19 -2 -19 -2 -19 -3 -20 -3 -19 -2 -19 -3 -20 0 0 0 0 0 0 0 0 0 0 ]
188,1782983845.122281,17.5863,-63,CSI_DATA,AP,98:F4:AB:29:67:94,-63,11,1,4,1,1,1,1,0,0,0,-96,1,6,1,44959182,0,84,0,0,45.3422,384,[84 -64 4 0 0 0 0 0 0 0 0 0 4 -15 4 -15 5 -16 5 -15 6 -16 6 -14 7 -15 7 -15 7 -15 9 -15 8 -15 9 -15 9 -14 9 -14 9 -14 9 -15 9 -14 10 -14 9 -13 9 -14 9 -13 10 -14 10 -13 10 -13 10 -13 10 -14 0 0 9 -14 9 -14 9 -14 9 -15 8 -13 9 -14 9 -14 9 -15 8 -15 9 -15 7 -16 8 -14 8 -15 8 -15 8 -16 7 -16 8 -17 7 -16 7 -16 8 -17 8 -16 7 -17 8 -17 7 -17 7 -17 7 -17 0 0 0 0 0 0 0 0 0 0 ]
189,1782983845.212672,17.2800,-64,CSI_DATA,AP,98:F4:AB:29:67:94,-64,11,1,4,1,1,1,1,0,0,0,-96,1,6,1,45050469,0,84,0,0,45.4335,384,[84 -64 4 0 0 0 0 0 0 0 0 0 13 -2 13 -2 13 -1 13 -1 14 -1 13 0 14 1 13 1 14 1 14 2 14 1 15 2 14 2 14 3 13 2 15 2 14 2 14 2 13 2 14 2 13 3 14 2 13 3 13 3 13 3 14 2 0 0 14 2 14 2 14 1 14 1 12 1 14 1 14 1 14 0 14 0 14 -1 15 0 14 1 14 0 14 0 15 -1 14 -1 16 -1 14 -1 15 -1 14 -2 15 -1 15 -2 15 -2 15 -2 15 -2 15 -2 0 0 0 0 0 0 0 0 0 0 ]
190,1782983845.302019,18.0688,-63,CSI_DATA,AP,98:F4:AB:29:67:94,-63,11,1,4,1,1,1,1,0,0,0,-96,1,6,1,45139958,0,84,0,0,45.523,384,[84 -64 4 0 0 0 0 0 0 0 0 0 3 -18 4 -16 4 -18 5 -18 5 -18 5 -17 7 -18 7 -18 8 -17 8 -17 7 -18 8 -18 8 -18 8 -18 8 -16 9 -18 9 -17 9 -17 9 -16 10 -16 10 -16 10 -16 9 -16 9 -16 9 -17 9 -17 0 0 9 -17 9 -17 9 -16 8 -17 8 -15 9 -17 9 -17 8 -17 7 -17 7 -18 6 -19 7 -17 6 -19 6 -19 6 -19 6 -19 7 -20 6 -19 8 -19 7 -20 6 -20 7 -19 6 -20 4 -21 7 -19 6 -21 0 0 0 0 0 0 0 0 0 0 ]
191,1782983845.394571,17.4211,-63,CSI_DATA,AP,98:F4:AB:29:67:94,-63,11,1,4,1,1,1,1,0,0,0,-96,1,6,1,45228285,0,84,0,0,45.6113,384,[84 -64 4 0 0 0 0 0 0 0 0 0 10 -12 10 -11 11 -12 12 -12 12 -11 11 -11 12 -11 13 -10 13 -10 13 -10 14 -10 14 -10 14 -9 15 -9 14 -9 15 -9 14 -9 14 -9 13 -8 14 -8 14 -8 14 -8 14 -8 14 -8 15 -8 14 -9 0 0 14 -9 14 -9 14 -9 13 -10 13 -9 13 -9 13 -10 13 -11 13 -11 13 -11 12 -12 12 -10 13 -11 13 -11 13 -12 13 -12 14 -12 13 -12 12 -13 12 -12 13 -13 12 -13 13 -13 12 -13 12 -13 12 -13 0 0 0 0 0 0 0 0 0 0 ]
192,1782983845.483499,15.6568,-65,CSI_DATA,AP,98:F4:AB:29:67:94,-65,11,1,5,1,1,1,1,0,0,0,-96,1,6,1,45322719,0,84,0,0,45.7057,384,[84 -64 4 0 0 0 0 0 0 0 0 0 13 5 13 5 13 6 13 7 12 6 12 7 13 7 13 8 13 8 11 8 13 9 12 9 13 9 13 10 12 9 13 10 12 10 11 10 11 9 11 10 11 10 11 10 11 10 11 10 11 10 11 9 0 0 11 10 12 10 12 10 12 9 11 9 12 9 12 9 12 8 13 9 12 8 14 9 13 8 13 9 13 9 14 8 13 8 14 8 13 8 14 8 13 7 15 8 14 8 14 8 15 7 14 8 14 8 0 0 0 0 0 0 0 0 0 0 ]
193,1782983845.574611,16.7280,-65,CSI_DATA,AP,98:F4:AB:29:67:94,-65,11,1,5,1,1,1,1,0,0,0,-96,1,6,1,45409397,0,84,0,0,45.7924,384,[84 -64 4 0 0 0 0 0 0 0 0 0 -16 -4 -15 -5 -16 -5 -16 -5 -17 -6 -15 -7 -16 -8 -16 -8 -16 -9 -16 -8 -16 -9 -16 -9 -16 -9 -16 -11 -14 -11 -18 -12 -17 -9 -15 -10 -11 -11 -14 -10 -14 -11 -14 -11 -14 -11 -14 -10 -14 -11 -15 -11 0 0 -14 -11 -15 -10 -14 -11 -14 -11 -13 -10 -15 -11 -15 -11 -15 -11 -15 -10 -15 -10 -17 -10 -15 -10 -16 -10 -16 -9 -17 -10 -16 -9 -17 -11 -16 -10 -16 -11 -16 -10 -17 -10 -16 -10 -17 -10 -17 -10 -18 -10 -20 -9 0 0 0 0 0 0 0 0 0 0 ]
194,1782983845.665953,16.8653,-65,CSI_DATA,AP,98:F4:AB:29:67:94,-65,11,1,5,1,1,1,1,0,0,0,-96,1,6,1,45498073,0,84,0,0,45.8811,384,[84 -64 4 0 0 0 0 0 0 0 0 0 14 -8 14 -7 15 -7 15 -6 16 -6 15 -6 15 -5 15 -5 16 -5 16 -4 16 -4 17 -4 17 -4 17 -3 17 -4 17 -3 17 -3 17 -3 16 -3 17 -3 17 -3 17 -3 17 -2 16 -2 17 -2 16 -3 0 0 17 -3 17 -3 17 -2 16 -3 16 -3 18 -3 16 -4 16 -4 16 -5 16 -6 17 -5 17 -5 18 -5 17 -6 17 -5 17 -6 17 -5 17 -6 18 -6 17 -7 17 -7 17 -6 17 -7 18 -6 17 -6 17 -7 0 0 0 0 0 0 0 0 0 0 ]
195,1782983845.758858,17.3493,-65,CSI_DATA,AP,98:F4:AB:29:67:94,-65,11,1,5,1,1,1,1,0,0,0,-96,1,6,1,45589185,0,84,0,0,45.9722,384,[84 -64 4 0 0 0 0 0 0 0 0 0 16 2 16 1 16 2 16 3 16 3 15 3 16 4 16 4 16 4 16 6 16 6 16 6 16 6 16 6 16 7 17 6 15 7 16 6 15 7 16 7 15 6 15 6 15 6 15 7 16 7 16 6 0 0 15 6 16 6 16 6 16 6 15 5 16 5 16 5 16 5 17 4 17 5 17 4 16 4 17 5 16 4 17 4 18 3 18 4 17 3 18 3 18 2 18 3 18 3 18 3 19 3 18 3 18 3 0 0 0 0 0 0 0 0 0 0 ]
196,1782983845.849933,18.2840,-65,CSI_DATA,AP,98:F4:AB:29:67:94,-65,11,1,5,1,1,1,1,0,0,0,-96,1,6,1,45679162,0,84,0,0,46.0621,384,[84 -64 4 0 0 0 0 0 0 0 0 0 -4 -18 -4 -17 -3 -18 -3 -18 -3 -19 -2 -19 -1 -20 0 -19 0 -20 1 -20 0 -20 1 -21 1 -20 1 -21 2 -20 1 -21 1 -20 1 -21 1 -19 2 -19 3 -19 2 -20 3 -20 1 -19 2 -19 1 -19 0 0 1 -19 1 -20 0 -19 0 -20 0 -18 0 -19 0 -20 -1 -20 0 -20 -2 -21 -2 -21 -2 -20 -1 -20 -2 -20 -3 -22 -3 -21 -3 -23 -2 -21 -2 -22 -3 -21 -3 -21 -3 -21 -3 -22 -4 -21 -4 -22 -4 -21 0 0 0 0 0 0 0 0 0 0 ]
197,1782983845.938289,18.6376,-65,CSI_DATA,AP,98:F4:AB:29:67:94,-65,11,1,5,1,1,1,1,0,0,0,-96,1,6,1,45769036,0,84,0,0,46.152,384,[84 -64 4 0 0 0 0 0 0 0 0 0 -16 4 -16 4 -17 3 -17 3 -17 2 -17 2 -17 1 -17 1 -18 1 -18 0 -18 0 -18 0 -19 -1 -18 -1 -18 -1 -19 -1 -18 -1 -18 -1 -18 -2 -17 -2 -18 -2 -17 -2 -18 -2 -18 -2 -18 -3 -18 -2 0 0 -18 -2 -18 -2 -18 -2 -18 -1 -17 -2 -18 -1 -18 -1 -18 -1 -18 0 -18 0 -18 0 -19 0 -18 0 -19 0 -19 0 -18 1 -19 0 -19 1 -19 1 -19 0 -19 1 -19 1 -20 1 -20 1 -20 1 -19 2 0 0 0 0 0 0 0 0 0 0 ]
198,1782983846.029718,18.0346,-66,CSI_DATA,AP,98:F4:AB:29:67:94,-66,11,1,6,1,1,1,1,0,0,0,-96,1,6,1,45860198,0,84,0,0,46.2433,384,[84 -64 4 0 0 0 0 0 0 0 0 0 -4 15 -4 16 -6 16 -5 16 -6 15 -7 15 -7 15 -8 15 -7 15 -8 16 -8 15 -8 15 -8 16 -9 15 -10 15 -9 15 -9 15 -10 14 -9 14 -10 13 -10 14 -10 14 -9 14 -9 14 -10 14 -9 15 0 0 -9 15 -9 16 -8 14 -8 15 -8 15 -8 15 -9 15 -8 15 -8 16 -8 16 -7 17 -7 16 -7 17 -6 16 -7 18 -6 17 -7 18 -5 17 -7 17 -6 17 -6 18 -5 19 -6 18 -5 18 -5 18 -5 18 0 0 0 0 0 0 0 0 0 0 ]
199,1782983846.119317,18.0454,-66,CSI_DATA,AP,98:F4:AB:29:67:94,-66,11,1,6,1,1,1,1,0,0,0,-96,1,6,1,45951933,0,84,0,0,46.3349,384,[84 -64 4 0 0 0 0 0 0 0 0 0 13 3 13 2 15 3 14 4 14 4 14 4 14 4 14 5 15 5 14 5 14 6 15 6 14 6 14 7 13 6 14 7 14 7 14 7 13 7 13 7 14 7 13 7 13 6 14 7 13 7 14 7 0 0 14 7 13 6 14 7 14 5 13 6 14 6 14 6 15 5 14 6 14 6 15 6 15 5 15 5 15 5 15 5 15 4 16 5 16 5 16 4 16 3 16 4 15 4 17 4 15 4 16 4 16 4 0 0 0 0 0 0 0 0 0 0 ]
200,1782983846.209696,16.8594,-66,CSI_DATA,AP,98:F4:AB:29:67:94,-66,11,1,6,1,1,1,1,0,0,0,-96,1,6,1,46039636,0,84,0,0,46.4226,384,[84 -64 4 0 0 0 0 0 0 0 0 0 11 -9 12 -9 12 -10 12 -8 13 -9 12 -8 13 -9 12 -7 13 -7 14 -6 15 -7 15 -7 15 -6 15 -6 15 -5 15 -7 14 -6 15 -6 15 -5 15 -5 15 -6 15 -6 14 -5 15 -5 15 -5 14 -5 0 0 14 -6 15 -6 14 -6 14 -7 13 -6 14 -7 14 -7 14 -7 14 -8 14 -8 14 -8 14 -7 14 -8 14 -8 15 -9 14 -9 15 -10 13 -10 14 -9 14 -9 14 -9 14 -9 15 -9 14 -10 14 -9 14 -10 0 0 0 0 0 0 0 0 0 0 ]
201,1782983846.300895,17.0413,-66,CSI_DATA,AP,98:F4:AB:29:67:94,-66,11,1,6,1,1,1,1,0,0,0,-96,1,6,1,46129041,0,84,0,0,46.512,384,[84 -64 4 0 0 0 0 0 0 0 0 0 -8 -15 -8 -15 -7 -16 -8 -16 -8 -16 -6 -17 -6 -17 -5 -17 -5 -17 -4 -18 -5 -18 -4 -18 -4 -18 -4 -18 -4 -17 -4 -20 -4 -18 -4 -18 -4 -18 -3 -18 -3 -18 -3 -18 -3 -17 -4 -18 -3 -18 -4 -17 0 0 -4 -17 -5 -17 -4 -17 -5 -17 -5 -17 -4 -17 -5 -18 -6 -17 -6 -17 -7 -17 -7 -17 -7 -16 -7 -17 -6 -17 -7 -17 -8 -17 -7 -18 -8 -18 -8 -18 -8 -18 -8 -18 -9 -18 -9 -18 -9 -18 -8 -18 -10 -17 0 0 0 0 0 0 0 0 0 0 ]
202,1782983846.390756,17.1963,-65,CSI_DATA,AP,98:F4:AB:29:67:94,-65,11,1,5,1,1,1,1,0,0,0,-96,1,6,1,46223650,0,84,0,0,46.6066,384,[84 -64 4 0 0 0 0 0 0 0 0 0 8 -13 10 -13 11 -13 11 -13 11 -12 11 -12 12 -13 12 -12 13 -11 13 -12 14 -12 14 -11 13 -11 14 -11 13 -11 14 -11 14 -11 14 -11 14 -10 14 -10 14 -9 14 -10 13 -9 14 -10 15 -10 13 -11 0 0 13 -10 13 -11 13 -11 13 -12 13 -11 14 -11 13 -11 13 -12 12 -12 12 -13 11 -13 12 -12 12 -13 12 -13 13 -14 12 -15 13 -14 12 -14 12 -14 12 -15 12 -15 12 -14 12 -15 12 -16 11 -15 12 -15 0 0 0 0 0 0 0 0 0 0 ]
203,1782983846.482267,17.2959,-66,CSI_DATA,AP,98:F4:AB:29:67:94,-66,11,1,6,1,1,1,1,0,0,0,-96,1,6,1,46310571,0,84,0,0,46.6936,384,[84 -64 4 0 0 0 0 0 0 0 0 0 9 12 9 12 9 13 10 13 9 14 8 14 9 14 7 15 8 15 7 15 8 16 7 15 7 16 6 16 6 15 7 17 6 16 6 16 5 15 6 16 5 16 6 16 5 15 5 15 6 16 6 16 0 0 6 15 6 16 7 15 7 15 5 15 6 16 7 15 7 15 8 15 8 15 8 16 8 15 9 15 9 15 9 16 9 16 10 16 9 15 10 16 10 16 9 15 10 15 10 16 10 16 10 15 10 15 0 0 0 0 0 0 0 0 0 0 ]
204,1782983846.573016,17.1338,-66,CSI_DATA,AP,98:F4:AB:29:67:94,-66,11,1,6,1,1,1,1,0,0,0,-96,1,6,1,46403594,0,84,0,0,46.7866,384,[84 -64 4 0 0 0 0 0 0 0 0 0 14 -8 14 -8 16 -7 14 -6 14 -7 14 -5 17 -6 16 -5 17 -5 17 -4 18 -5 17 -4 17 -4 17 -3 16 -3 18 -4 16 -4 18 -4 16 -3 17 -3 16 -3 17 -3 17 -3 17 -3 17 -2 16 -3 0 0 17 -5 16 -4 16 -4 17 -4 16 -4 16 -5 16 -6 17 -5 17 -5 18 -6 17 -6 16 -6 16 -6 16 -6 17 -7 16 -7 18 -7 17 -7 17 -7 17 -8 17 -7 17 -8 17 -8 17 -9 18 -8 17 -9 0 0 0 0 0 0 0 0 0 0 ]
205,1782983846.665194,17.7960,-66,CSI_DATA,AP,98:F4:AB:29:67:94,-66,11,1,6,1,1,1,1,0,0,0,-96,1,6,1,46490299,0,84,0,0,46.8732,384,[84 -64 4 0 0 0 0 0 0 0 0 0 -16 4 -16 4 -17 3 -17 3 -17 2 -17 1 -17 1 -18 0 -18 1 -18 0 -18 0 -18 0 -19 -1 -18 -1 -18 -1 -19 -1 -18 -2 -18 -2 -17 -2 -17 -2 -18 -3 -18 -3 -17 -2 -17 -2 -18 -2 -17 -2 0 0 -18 -1 -18 -1 -18 -1 -18 -1 -18 -1 -17 -1 -18 -1 -18 -1 -18 0 -19 1 -18 1 -18 0 -18 1 -19 1 -19 1 -19 1 -19 1 -18 2 -19 2 -19 2 -19 2 -19 2 -19 2 -20 2 -19 2 -20 3 0 0 0 0 0 0 0 0 0 0 ]
206,1782983846.754766,16.8217,-66,CSI_DATA,AP,98:F4:AB:29:67:94,-66,11,1,6,1,1,1,1,0,0,0,-96,1,6,1,46580280,0,84,0,0,46.9633,384,[84 -64 4 0 0 0 0 0 0 0 0 0 -8 -13 -8 -14 -7 -14 -7 -15 -6 -14 -6 -15 -5 -15 -6 -15 -4 -16 -5 -15 -5 -16 -5 -16 -4 -16 -3 -18 -4 -17 -4 -18 -3 -14 -2 -15 -5 -17 -3 -16 -3 -16 -3 -16 -3 -15 -7 -14 -4 -15 -3 -13 0 0 -4 -16 -3 -16 -4 -16 -4 -16 -4 -16 -4 -16 -4 -16 -4 -16 -5 -16 -6 -15 -6 -16 -6 -16 -6 -16 -6 -16 -6 -16 -6 -17 -7 -16 -7 -16 -6 -17 -7 -16 -7 -16 -7 -16 -7 -16 -8 -16 -8 -16 -8 -16 0 0 0 0 0 0 0 0 0 0 ]
207,1782983846.845511,16.7124,-66,CSI_DATA,AP,98:F4:AB:29:67:94,-66,11,1,6,1,1,1,1,0,0,0,-96,1,6,1,46668761,0,84,0,0,47.0518,384,[84 -64 4 0 0 0 0 0 0 0 0 0 10 -13 10 -12 11 -12 12 -12 13 -12 12 -11 12 -11 13 -11 13 -11 14 -10 14 -11 14 -11 14 -10 15 -10 15 -9 15 -10 15 -9 14 -9 15 -9 14 -8 15 -8 14 -9 15 -9 14 -8 15 -8 15 -9 0 0 14 -9 15 -9 15 -9 14 -10 13 -8 13 -10 15 -10 14 -10 14 -11 13 -12 14 -11 13 -10 14 -11 14 -11 14 -12 14 -12 15 -12 13 -13 13 -12 14 -14 14 -12 14 -14 15 -13 14 -13 13 -13 13 -13 0 0 0 0 0 0 0 0 0 0 ]
208,1782983846.936088,16.0648,-66,CSI_DATA,AP,98:F4:AB:29:67:94,-66,11,1,6,1,1,1,1,0,0,0,-96,1,6,1,46766310,0,84,0,0,47.1493,384,[84 -64 4 0 0 0 0 0 0 0 0 0 -6 -14 -6 -14 -5 -15 -5 -15 -5 -16 -4 -15 -4 -16 -3 -15 -3 -16 -3 -16 -3 -17 -2 -17 -2 -17 -2 -17 -2 -16 -2 -18 -2 -16 -2 -17 -1 -16 -1 -15 -1 -16 -1 -16 -1 -16 -1 -16 -1 -16 -2 -16 0 0 -2 -16 -2 -16 -2 -16 -2 -16 -2 -15 -2 -16 -3 -16 -3 -16 -3 -16 -4 -16 -4 -16 -4 -16 -4 -16 -4 -16 -5 -16 -5 -16 -5 -18 -5 -16 -5 -17 -6 -16 -5 -17 -6 -17 -5 -17 -6 -17 -5 -17 -7 -17 0 0 0 0 0 0 0 0 0 0 ]
209,1782983847.026132,17.1369,-66,CSI_DATA,AP,98:F4:AB:29:67:94,-66,11,1,6,1,1,1,1,0,0,0,-96,1,6,1,46850614,0,84,0,0,47.2337,384,[84 -64 4 0 0 0 0 0 0 0 0 0 -16 0 -16 0 -17 -1 -17 -2 -17 -2 -17 -2 -17 -3 -17 -4 -18 -4 -17 -4 -19 -5 -18 -5 -18 -6 -19 -5 -17 -6 -18 -6 -17 -5 -17 -7 -16 -7 -16 -7 -16 -7 -17 -6 -17 -6 -17 -6 -17 -7 -17 -6 0 0 -17 -7 -17 -6 -17 -6 -17 -5 -16 -6 -17 -6 -17 -5 -18 -5 -17 -5 -18 -5 -18 -4 -18 -5 -18 -4 -18 -4 -18 -5 -18 -3 -19 -4 -19 -4 -19 -3 -19 -3 -19 -4 -19 -4 -19 -4 -19 -2 -20 -4 -19 -3 0 0 0 0 0 0 0 0 0 0 ]
210,1782983847.116708,16.8312,-65,CSI_DATA,AP,98:F4:AB:29:67:94,-65,11,1,5,1,1,1,1,0,0,0,-96,1,6,1,46949149,0,84,0,0,47.3321,384,[84 -64 4 0 0 0 0 0 0 0 0 0 13 8 12 9 13 10 13 10 13 10 11 10 12 11 11 11 11 11 11 12 12 12 11 14 10 14 11 13 10 14 11 14 10 13 10 14 13 9 9 13 9 14 9 13 10 13 9 13 9 14 10 13 0 0 9 13 10 13 10 13 10 13 9 12 10 13 10 14 10 13 11 13 12 13 12 13 11 12 11 13 12 12 13 12 13 12 13 13 13 13 13 13 13 11 13 13 13 13 13 13 14 12 14 13 13 12 0 0 0 0 0 0 0 0 0 0 ]
211,1782983847.221712,17.3533,-66,CSI_DATA,AP,98:F4:AB:29:67:94,-66,11,1,6,1,1,1,1,0,0,0,-96,1,6,1,47042662,0,84,0,0,47.4256,384,[84 -64 4 0 0 0 0 0 0 0 0 0 9 -14 9 -13 9 -14 10 -14 11 -13 10 -13 12 -12 12 -12 12 -12 13 -12 13 -13 13 -12 13 -12 14 -12 12 -11 14 -12 14 -10 14 -11 14 -11 14 -11 14 -10 14 -10 13 -11 14 -11 14 -10 14 -11 0 0 13 -11 13 -12 13 -11 12 -12 13 -11 12 -12 13 -12 12 -12 12 -13 11 -13 12 -14 12 -13 12 -13 12 -13 12 -14 11 -15 13 -15 12 -15 12 -14 11 -15 12 -14 12 -15 12 -15 11 -16 11 -15 11 -16 0 0 0 0 0 0 0 0 0 0 ]
212,1782983847.335639,16.2937,-66,CSI_DATA,AP,98:F4:AB:29:67:94,-66,11,1,6,1,1,1,1,0,0,0,-96,1,6,1,47119902,0,84,0,0,47.5029,384,[84 -64 4 0 0 0 0 0 0 0 0 0 11 8 11 9 11 9 10 9 10 10 10 10 10 11 10 11 10 11 9 12 10 12 9 13 9 13 9 13 9 12 9 14 9 12 8 13 8 12 8 13 8 13 8 13 8 12 8 13 8 13 8 13 0 0 8 12 9 12 9 12 10 12 8 11 9 11 9 12 10 11 10 11 10 11 11 11 10 12 11 11 11 11 12 11 12 10 12 11 12 10 12 11 12 11 12 11 12 11 12 11 13 11 12 11 13 11 0 0 0 0 0 0 0 0 0 0 ]
213,1782983847.497073,15.3684,-66,CSI_DATA,AP,98:F4:AB:29:67:94,-66,11,1,6,1,1,1,1,0,0,0,-96,1,6,1,47207210,0,84,0,0,47.5901,384,[84 -64 4 0 0 0 0 0 0 0 0 0 13 -6 12 -4 15 -6 14 -4 15 -4 14 -4 15 -2 15 -2 15 -2 15 -1 16 -1 16 -3 16 -2 16 -2 16 -1 16 -1 15 -1 16 -1 15 -1 16 0 15 0 15 0 15 -1 14 -1 15 -1 15 -1 0 0 15 -1 16 -1 15 -1 15 -2 14 -2 15 -1 15 -2 15 -2 15 -1 15 -3 16 -5 15 -3 15 -4 16 -3 15 -4 15 -4 17 -5 15 -4 16 -5 16 -4 16 -4 16 -4 16 -5 16 -6 15 -5 16 -6 0 0 0 0 0 0 0 0 0 0 ]
214,1782983847.608872,15.4695,-65,CSI_DATA,AP,98:F4:AB:29:67:94,-65,11,1,5,1,1,1,1,0,0,0,-96,1,6,1,47300469,0,84,0,0,47.6835,384,[84 -64 4 0 0 0 0 0 0 0 0 0 -6 -14 -5 -15 -5 -15 -4 -15 -5 -15 -4 -15 -3 -16 -3 -16 -3 -16 -2 -17 -3 -17 -3 -16 -2 -16 -2 -17 -3 -16 -2 -18 -2 -16 -2 -16 -1 -15 0 -16 -1 -16 -1 -15 -1 -16 -2 -16 -1 -16 -2 -16 0 0 -2 -16 -2 -16 -2 -16 -3 -16 -2 -14 -3 -16 -2 -16 -3 -16 -3 -16 -4 -16 -5 -17 -4 -16 -5 -16 -4 -16 -4 -16 -5 -16 -5 -18 -5 -16 -5 -17 -6 -16 -5 -17 -5 -17 -5 -17 -7 -17 -6 -16 -6 -16 0 0 0 0 0 0 0 0 0 0 ]
215,1782983847.722349,16.2983,-64,CSI_DATA,AP,98:F4:AB:29:67:94,-64,11,1,3,1,1,1,1,0,0,0,-96,1,6,1,47391791,0,84,0,0,47.7747,384,[84 -64 4 0 0 0 0 0 0 0 0 0 -5 14 -5 14 -6 14 -6 14 -7 14 -7 14 -7 14 -8 14 -7 15 -8 14 -9 15 -9 14 -10 14 -10 14 -9 14 -10 15 -10 14 -8 14 -9 13 -9 13 -9 13 -9 13 -9 13 -9 12 -10 14 -9 14 0 0 -8 14 -9 15 -8 15 -7 14 -8 13 -7 14 -8 14 -7 14 -6 15 -6 16 -7 15 -7 14 -6 15 -6 16 -5 16 -5 17 -6 18 -5 16 -5 17 -4 17 -5 17 -5 17 -5 17 -5 17 -4 17 -4 17 0 0 0 0 0 0 0 0 0 0 ]
216,1782983847.829841,16.7979,-65,CSI_DATA,AP,98:F4:AB:29:67:94,-65,11,1,5,1,1,1,1,0,0,0,-96,1,6,1,47478029,0,84,0,0,47.861,384,[84 -64 4 0 0 0 0 0 0 0 0 0 -14 -11 -12 -11 -14 -12 -12 -11 -12 -13 -11 -13 -12 -14 -11 -13 -11 -14 -11 -15 -11 -15 -11 -15 -10 -15 -10 -16 -10 -15 -11 -16 -10 -15 -10 -15 -9 -15 -9 -15 -9 -15 -9 -15 -9 -15 -9 -15 -9 -15 -10 -15 0 0 -10 -15 -11 -15 -10 -15 -12 -14 -9 -14 -11 -15 -11 -15 -11 -15 -12 -13 -12 -14 -12 -14 -11 -14 -12 -14 -12 -14 -14 -14 -13 -14 -14 -14 -13 -14 -14 -14 -13 -14 -13 -15 -14 -14 -14 -15 -14 -14 -14 -13 -14 -13 0 0 0 0 0 0 0 0 0 0 ]
217,1782983847.923036,17.2723,-65,CSI_DATA,AP,98:F4:AB:29:67:94,-65,11,1,5,1,1,1,1,0,0,0,-96,1,6,1,47568911,0,84,0,0,47.9519,384,[84 -64 4 0 0 0 0 0 0 0 0 0 15 -4 15 -5 16 -4 16 -4 15 -3 16 -3 16 -2 16 -1 16 -1 17 0 17 -1 17 -1 17 0 17 0 16 0 17 0 17 1 17 1 17 1 16 2 16 2 17 1 17 1 17 1 17 1 17 1 0 0 16 1 17 1 17 1 16 0 16 0 16 1 17 1 16 1 17 1 17 -1 18 -1 17 0 17 -1 17 -1 18 -1 17 -2 18 -2 18 -1 18 -1 18 -2 18 -1 18 -1 18 -1 18 -3 17 -2 18 -2 0 0 0 0 0 0 0 0 0 0 ]
218,1782983848.017853,18.0047,-65,CSI_DATA,AP,98:F4:AB:29:67:94,-65,11,1,5,1,1,1,1,0,0,0,-96,1,6,1,47657880,0,84,0,0,48.0409,384,[84 -64 4 0 0 0 0 0 0 0 0 0 -10 -14 -9 -14 -9 -15 -10 -15 -8 -15 -8 -15 -8 -16 -7 -16 -8 -17 -7 -16 -8 -17 -7 -17 -6 -17 -7 -17 -7 -16 -7 -18 -6 -17 -6 -17 -6 -17 -5 -17 -6 -16 -6 -17 -5 -17 -6 -16 -6 -17 -6 -17 0 0 -6 -17 -7 -17 -6 -17 -7 -16 -6 -16 -7 -16 -8 -16 -7 -16 -7 -16 -7 -16 -9 -17 -9 -16 -9 -16 -9 -16 -10 -17 -10 -17 -10 -17 -9 -16 -11 -17 -10 -16 -10 -17 -10 -17 -11 -17 -11 -16 -11 -16 -11 -16 0 0 0 0 0 0 0 0 0 0 ]
219,1782983848.106967,17.8083,-65,CSI_DATA,AP,98:F4:AB:29:67:94,-65,11,1,5,1,1,1,1,0,0,0,-96,1,6,1,47749144,0,84,0,0,48.1321,384,[84 -64 4 0 0 0 0 0 0 0 0 0 11 11 11 11 10 12 9 12 10 13 9 13 9 14 9 13 9 14 8 14 8 15 8 15 8 15 8 16 7 15 8 16 7 15 8 15 6 14 7 15 7 16 7 15 7 15 6 15 7 15 7 15 0 0 7 15 8 14 7 14 8 14 7 13 8 14 8 15 9 14 9 14 10 14 10 14 9 13 9 14 10 14 10 13 11 14 11 15 11 14 12 14 12 13 11 14 12 14 12 14 12 14 11 14 13 13 0 0 0 0 0 0 0 0 0 0 ]
220,1782983848.196565,16.8953,-63,CSI_DATA,AP,98:F4:AB:29:67:94,-63,11,1,4,1,1,1,1,0,0,0,-96,1,6,1,47840060,0,84,0,0,48.2231,384,[84 -64 4 0 0 0 0 0 0 0 0 0 6 14 6 13 7 14 6 14 6 16 4 14 5 15 4 15 5 16 3 16 3 17 3 17 3 17 2 17 3 15 3 18 2 16 2 16 2 16 2 16 1 16 2 15 1 16 1 16 2 16 2 16 0 0 3 16 3 16 3 15 3 16 2 15 3 16 3 16 3 15 4 16 5 16 5 16 4 15 4 16 5 16 6 16 6 16 6 18 5 16 6 17 6 16 5 16 6 16 6 17 6 16 6 16 7 16 0 0 0 0 0 0 0 0 0 0 ]
221,1782983848.287556,17.4614,-63,CSI_DATA,AP,98:F4:AB:29:67:94,-63,11,1,4,1,1,1,1,0,0,0,-96,1,6,1,47937694,0,84,0,0,48.3207,384,[84 -64 4 0 0 0 0 0 0 0 0 0 17 -3 16 -3 18 -2 18 -2 18 -2 17 -1 18 -1 17 0 18 0 19 2 18 1 18 2 19 2 19 2 18 2 21 2 18 2 19 1 17 2 18 2 18 4 18 2 18 3 17 3 18 2 18 2 0 0 17 1 20 1 18 1 19 0 17 2 18 1 18 0 18 1 18 0 19 -1 19 -1 18 0 19 -1 18 -1 19 -2 19 -3 21 -2 19 -2 19 -2 19 -3 20 -2 19 -4 20 -2 19 -3 20 -3 19 -4 0 0 0 0 0 0 0 0 0 0 ]
222,1782983848.377986,16.4972,-63,CSI_DATA,AP,98:F4:AB:29:67:94,-63,11,1,4,1,1,1,1,0,0,0,-96,1,6,1,48018217,0,84,0,0,48.4011,384,[84 -64 4 0 0 0 0 0 0 0 0 0 14 5 14 5 15 6 14 6 14 7 14 8 14 8 14 8 14 9 13 10 14 9 13 10 13 10 13 10 13 10 13 10 13 10 12 10 12 10 12 10 13 10 12 10 12 10 12 10 12 11 12 10 0 0 13 10 13 10 12 10 13 9 12 9 13 9 13 10 13 9 14 9 14 9 14 9 13 9 14 9 15 9 15 8 15 8 16 8 15 8 16 8 15 7 15 8 15 8 16 8 16 7 15 8 16 7 0 0 0 0 0 0 0 0 0 0 ]
223,1782983848.467978,16.5046,-63,CSI_DATA,AP,98:F4:AB:29:67:94,-63,11,1,4,1,1,1,1,0,0,0,-96,1,6,1,48112122,0,84,0,0,48.4951,384,[84 -64 4 0 0 0 0 0 0 0 0 0 -5 -16 -4 -16 -4 -16 -4 -16 -4 -17 -2 -17 -3 -17 -3 -17 -1 -17 -1 -17 -1 -18 -1 -18 0 -18 0 -17 0 -18 1 -19 1 -17 1 -17 1 -14 1 -18 1 -17 0 -17 1 -17 0 -17 1 -17 0 -17 0 0 0 -17 0 -17 0 -17 -1 -18 -1 -16 -1 -17 1 -19 -1 -17 1 -18 -2 -18 -2 -18 -2 -17 -2 -18 -2 -18 -3 -18 -3 -18 -3 -19 -3 -18 -4 -18 -4 -18 -5 -18 -4 -18 -4 -19 -4 -19 -4 -19 -4 -17 0 0 0 0 0 0 0 0 0 0 ]
224,1782983848.560932,17.3295,-65,CSI_DATA,AP,98:F4:AB:29:67:94,-65,11,1,5,1,1,1,1,0,0,0,-96,1,6,1,48201164,0,84,0,0,48.5842,384,[84 -64 4 0 0 0 0 0 0 0 0 0 4 -16 4 -16 4 -17 5 -15 6 -17 5 -15 6 -16 7 -16 7 -16 8 -16 8 -17 9 -16 9 -15 9 -16 8 -15 9 -17 8 -15 9 -16 8 -14 9 -15 9 -15 9 -15 9 -15 9 -14 10 -15 9 -15 0 0 9 -15 9 -16 8 -15 8 -17 7 -14 7 -16 8 -16 7 -16 7 -17 7 -18 7 -17 7 -16 7 -17 6 -16 6 -18 6 -17 7 -18 6 -18 6 -18 5 -17 6 -18 5 -18 7 -19 5 -19 5 -18 5 -18 0 0 0 0 0 0 0 0 0 0 ]
225,1782983848.651089,17.4808,-65,CSI_DATA,AP,98:F4:AB:29:67:94,-65,11,1,5,1,1,1,1,0,0,0,-96,1,6,1,48287886,0,84,0,0,48.671,384,[84 -64 4 0 0 0 0 0 0 0 0 0 15 3 15 3 16 4 16 4 16 4 15 6 15 6 14 7 16 7 15 8 15 7 15 8 16 8 15 9 14 9 15 10 14 9 14 9 14 9 13 9 13 10 13 10 13 9 14 9 14 10 14 9 0 0 14 10 15 9 14 9 14 9 13 9 14 9 15 9 14 9 15 9 16 8 15 7 15 8 15 7 15 8 16 8 16 8 16 8 16 7 16 9 16 8 16 8 16 8 16 8 17 7 17 7 16 7 0 0 0 0 0 0 0 0 0 0 ]
226,1782983848.741219,17.5121,-65,CSI_DATA,AP,98:F4:AB:29:67:94,-65,11,1,5,1,1,1,1,0,0,0,-96,1,6,1,48377579,0,84,0,0,48.7606,384,[84 -64 4 0 0 0 0 0 0 0 0 0 15 -4 15 -3 16 -2 15 -2 16 -3 16 -2 17 -1 17 -1 17 -1 17 0 17 1 18 1 17 1 17 1 17 1 18 1 17 2 16 2 16 2 17 2 17 2 17 2 16 2 17 3 17 3 17 2 0 0 17 1 17 1 17 1 16 0 16 1 17 0 17 0 17 -1 17 -1 17 -2 18 -1 17 -1 17 0 18 -1 17 -1 18 -2 19 -1 18 -2 18 -2 19 -4 18 -2 18 -3 18 -3 18 -3 18 -2 18 -3 0 0 0 0 0 0 0 0 0 0 ]
227,1782983848.830688,17.4473,-63,CSI_DATA,AP,98:F4:AB:29:67:94,-63,11,1,4,1,1,1,1,0,0,0,-96,1,6,1,48471582,0,84,0,0,48.8546,384,[84 -64 4 0 0 0 0 0 0 0 0 0 -3 -19 -2 -20 -2 -20 -1 -20 -1 -21 -1 -21 1 -21 1 -21 1 -22 2 -21 3 -22 3 -22 3 -22 4 -22 4 -20 3 -22 4 -21 4 -21 4 -21 4 -21 5 -20 4 -21 5 -20 4 -20 5 -21 4 -21 0 0 4 -21 4 -21 4 -21 3 -21 4 -19 3 -21 3 -21 2 -21 3 -22 2 -22 1 -22 2 -22 2 -22 2 -22 1 -23 0 -23 2 -23 1 -23 1 -23 1 -23 1 -23 1 -23 1 -24 1 -24 1 -23 0 -24 0 0 0 0 0 0 0 0 0 0 ]
228,1782983848.922941,18.1237,-61,CSI_DATA,AP,98:F4:AB:29:67:94,-61,11,1,0,1,1,1,1,0,0,0,-96,1,6,1,48566237,0,84,0,0,48.9493,384,[84 -64 4 0 0 0 0 0 0 0 0 0 7 -15 6 -15 7 -16 8 -16 8 -15 9 -14 9 -15 10 -14 10 -15 10 -14 11 -15 11 -15 12 -14 11 -15 11 -13 12 -15 11 -14 11 -13 11 -12 11 -14 12 -13 12 -14 11 -12 12 -13 12 -14 12 -14 0 0 11 -14 11 -15 10 -14 10 -15 10 -13 10 -15 11 -15 10 -15 10 -16 10 -16 9 -16 9 -15 10 -16 9 -16 10 -17 9 -17 10 -18 8 -17 9 -17 7 -17 9 -17 8 -17 9 -17 8 -18 9 -18 8 -18 0 0 0 0 0 0 0 0 0 0 ]
229,1782983849.016640,16.9720,-65,CSI_DATA,AP,98:F4:AB:29:67:94,-65,11,1,5,1,1,1,1,0,0,0,-96,1,6,1,48662579,0,84,0,0,49.0456,384,[84 -64 4 0 0 0 0 0 0 0 0 0 -15 1 -15 0 -16 -1 -16 -1 -16 -2 -15 -2 -16 -2 -16 -2 -16 -3 -16 -4 -16 -4 -17 -4 -16 -4 -16 -5 -16 -5 -17 -5 -16 -5 -16 -4 -15 -5 -15 -5 -16 -6 -16 -5 -15 -6 -15 -5 -15 -6 -16 -5 0 0 -16 -5 -16 -4 -15 -4 -16 -3 -15 -4 -16 -4 -16 -4 -16 -4 -17 -3 -17 -3 -17 -3 -16 -3 -16 -3 -16 -3 -17 -2 -17 -1 -18 -2 -17 -2 -18 -2 -17 -2 -17 -2 -18 -2 -18 -2 -18 -1 -17 -2 -17 -1 0 0 0 0 0 0 0 0 0 0 ]
230,1782983849.107126,16.8643,-63,CSI_DATA,AP,98:F4:AB:29:67:94,-63,11,1,4,1,1,1,1,0,0,0,-96,1,6,1,48737565,0,84,0,0,49.1206,384,[84 -64 4 0 0 0 0 0 0 0 0 0 11 -11 12 -10 12 -11 12 -11 13 -10 12 -9 13 -9 14 -9 14 -9 14 -8 15 -8 15 -8 16 -8 15 -7 15 -7 16 -8 15 -8 15 -7 14 -6 15 -6 15 -6 14 -7 14 -6 14 -6 16 -6 14 -7 0 0 15 -7 15 -7 15 -7 14 -8 14 -6 15 -7 15 -7 14 -8 14 -8 14 -9 15 -9 14 -8 15 -9 14 -9 14 -10 14 -10 15 -9 15 -10 15 -10 14 -10 15 -10 14 -10 15 -10 15 -11 15 -10 14 -11 0 0 0 0 0 0 0 0 0 0 ]
231,1782983849.199255,18.2790,-63,CSI_DATA,AP,98:F4:AB:29:67:94,-63,11,1,4,1,1,1,1,0,0,0,-96,1,6,1,48827485,0,84,0,0,49.2105,384,[84 -64 4 0 0 0 0 0 0 0 0 0 17 0 16 1 17 2 16 2 19 2 17 3 18 4 17 4 18 4 18 6 18 5 18 6 17 6 18 6 17 5 19 6 17 5 18 5 16 6 17 6 17 6 17 6 17 7 17 6 18 7 17 6 0 0 18 5 19 5 17 4 19 4 16 4 18 4 17 4 18 3 18 2 19 4 19 3 17 4 18 3 19 2 20 1 19 1 21 0 19 2 19 1 21 1 21 0 20 1 20 0 19 2 20 1 19 0 0 0 0 0 0 0 0 0 0 0 ]
232,1782983849.291141,17.6369,-63,CSI_DATA,AP,98:F4:AB:29:67:94,-63,11,1,4,1,1,1,1,0,0,0,-96,1,6,1,48918008,0,84,0,0,49.301,384,[84 -64 4 0 0 0 0 0 0 0 0 0 -3 -15 -3 -16 -2 -16 -3 -16 -2 -16 -1 -16 -1 -17 0 -17 0 -17 1 -17 1 -17 1 -17 1 -17 1 -17 1 -17 2 -18 1 -18 1 -17 2 -16 2 -17 3 -17 2 -17 3 -16 3 -16 2 -17 2 -17 0 0 2 -17 1 -18 1 -17 1 -17 1 -16 1 -17 1 -17 1 -17 1 -17 0 -18 0 -17 1 -17 0 -18 -1 -18 -2 -18 -1 -19 -1 -19 -1 -18 -1 -19 -2 -19 -1 -19 -2 -18 -1 -19 -1 -19 -2 -19 -2 -18 0 0 0 0 0 0 0 0 0 0 ]
233,1782983849.382684,16.8192,-63,CSI_DATA,AP,98:F4:AB:29:67:94,-63,11,1,4,1,1,1,1,0,0,0,-96,1,6,1,49009233,0,84,0,0,49.3922,384,[84 -64 4 0 0 0 0 0 0 0 0 0 14 -4 14 -3 15 -3 15 -3 15 -2 15 -2 16 -1 15 0 16 0 16 0 16 0 16 0 16 0 17 0 16 0 17 1 17 1 16 1 16 1 15 2 16 2 16 2 15 1 15 1 16 1 16 1 0 0 16 1 16 0 16 1 16 0 15 1 16 0 16 1 16 0 16 -1 17 -1 17 -2 15 -2 17 -2 17 -1 17 -2 17 -3 18 -2 17 -3 17 -2 17 -3 17 -2 18 -3 17 -3 18 -4 17 -4 17 -4 0 0 0 0 0 0 0 0 0 0 ]
234,1782983849.473395,18.0546,-65,CSI_DATA,AP,98:F4:AB:29:67:94,-65,11,1,5,1,1,1,1,0,0,0,-96,1,6,1,49102292,0,84,0,0,49.4854,384,[84 -64 4 0 0 0 0 0 0 0 0 0 -14 -9 -14 -8 -14 -9 -14 -10 -15 -10 -13 -11 -13 -12 -13 -11 -13 -12 -13 -12 -14 -12 -13 -12 -14 -13 -13 -13 -12 -13 -13 -13 -13 -13 -13 -13 -12 -13 -12 -13 -12 -13 -12 -14 -12 -13 -12 -13 -13 -14 -13 -13 0 0 -13 -12 -13 -13 -13 -12 -13 -12 -12 -12 -14 -12 -13 -12 -14 -12 -14 -12 -15 -12 -15 -11 -15 -11 -15 -12 -15 -11 -16 -11 -16 -11 -16 -12 -16 -11 -16 -11 -16 -11 -16 -11 -17 -11 -16 -11 -17 -11 -16 -11 -16 -11 0 0 0 0 0 0 0 0 0 0 ]
235,1782983849.563963,17.0826,-65,CSI_DATA,AP,98:F4:AB:29:67:94,-65,11,1,5,1,1,1,1,0,0,0,-96,1,6,1,49190881,0,84,0,0,49.574,384,[84 -64 4 0 0 0 0 0 0 0 0 0 15 -2 15 -1 16 -1 15 -1 16 -1 15 0 16 1 16 1 17 1 17 2 17 2 17 2 17 2 17 3 16 3 18 3 16 3 17 3 16 3 16 3 16 3 16 3 17 3 16 3 16 3 16 3 0 0 16 2 17 2 17 2 17 1 16 2 17 2 17 2 16 2 17 1 18 0 17 0 17 1 18 0 17 0 18 -1 18 -1 19 0 18 0 18 -1 18 -1 17 -1 19 -2 19 -1 18 -3 18 -1 19 -2 0 0 0 0 0 0 0 0 0 0 ]
236,1782983849.666479,17.5035,-65,CSI_DATA,AP,98:F4:AB:29:67:94,-65,11,1,5,1,1,1,1,0,0,0,-96,1,6,1,49279513,0,84,0,0,49.6626,384,[84 -64 4 0 0 0 0 0 0 0 0 0 -14 6 -15 5 -16 5 -16 5 -16 4 -16 4 -17 4 -17 3 -18 3 -17 2 -18 3 -18 2 -18 2 -18 1 -18 2 -19 2 -18 2 -18 2 -17 1 -18 1 -17 1 -18 1 -18 1 -17 1 -18 0 -18 1 0 0 -17 2 -18 2 -17 3 -18 4 -17 2 -17 3 -17 2 -18 2 -17 3 -18 4 -18 5 -18 4 -17 4 -17 4 -18 5 -18 6 -19 5 -18 5 -18 6 -18 6 -18 5 -18 5 -19 5 -18 7 -18 6 -18 7 0 0 0 0 0 0 0 0 0 0 ]
237,1782983849.764854,16.6747,-65,CSI_DATA,AP,98:F4:AB:29:67:94,-65,11,1,5,1,1,1,1,0,0,0,-96,1,6,1,49370338,0,84,0,0,49.7533,384,[84 -64 4 0 0 0 0 0 0 0 0 0 -13 7 -13 6 -14 6 -14 6 -14 5 -14 4 -15 4 -15 3 -15 3 -16 4 -16 4 -16 4 -16 4 -16 4 -16 3 -18 3 -16 3 -15 3 -16 2 -17 2 -16 1 -16 1 -16 2 -16 2 -16 1 -15 2 0 0 -16 2 -16 2 -16 3 -15 3 -15 3 -16 3 -16 2 -16 2 -16 3 -16 4 -16 5 -15 4 -16 5 -16 4 -16 5 -16 5 -17 5 -16 5 -17 5 -16 5 -17 4 -16 4 -17 6 -17 7 -16 6 -16 6 0 0 0 0 0 0 0 0 0 0 ]
238,1782983849.866066,17.3302,-65,CSI_DATA,AP,98:F4:AB:29:67:94,-65,11,1,5,1,1,1,1,0,0,0,-96,1,6,1,49460816,0,84,0,0,49.8437,384,[84 -64 4 0 0 0 0 0 0 0 0 0 -16 -1 -17 -1 -17 -2 -17 -2 -17 -3 -17 -3 -17 -4 -17 -4 -17 -4 -17 -5 -17 -5 -18 -6 -18 -6 -17 -6 -17 -6 -17 -5 -17 -6 -17 -6 -16 -6 -16 -6 -16 -7 -17 -7 -17 -6 -16 -6 -17 -6 -17 -6 0 0 -18 -5 -17 -5 -18 -6 -17 -5 -16 -5 -17 -5 -18 -4 -18 -4 -18 -4 -17 -3 -19 -3 -18 -3 -18 -3 -19 -3 -19 -3 -19 -2 -19 -3 -19 -2 -19 -2 -19 -1 -19 -2 -19 -2 -19 -2 -19 -1 -19 -1 -20 -1 0 0 0 0 0 0 0 0 0 0 ]
239,1782983849.964188,17.5422,-65,CSI_DATA,AP,98:F4:AB:29:67:94,-65,11,1,5,1,1,1,1,0,0,0,-96,1,6,1,49549857,0,84,0,0,49.9329,384,[84 -64 4 0 0 0 0 0 0 0 0 0 -16 -1 -16 -1 -17 -1 -17 -2 -17 -2 -17 -3 -17 -3 -17 -4 -17 -4 -17 -5 -17 -5 -18 -5 -18 -5 -18 -6 -17 -6 -18 -6 -17 -6 -17 -6 -17 -6 -16 -6 -16 -6 -17 -6 -17 -7 -16 -7 -17 -6 -17 -6 0 0 -17 -6 -17 -5 -18 -5 -17 -4 -16 -5 -17 -5 -17 -5 -17 -5 -18 -5 -18 -3 -19 -3 -17 -4 -18 -4 -18 -4 -19 -3 -19 -3 -19 -4 -19 -3 -19 -3 -19 -2 -20 -3 -19 -3 -20 -3 -20 -2 -19 -3 -19 -3 0 0 0 0 0 0 0 0 0 0 ]
240,1782983850.057516,18.4469,-64,CSI_DATA,AP,98:F4:AB:29:67:94,-64,11,1,4,1,1,1,1,0,0,0,-96,1,6,1,49642003,0,84,0,0,50.025,384,[84 -64 4 0 0 0 0 0 0 0 0 0 10 13 8 12 9 15 8 14 9 15 8 14 8 16 7 16 7 17 6 18 6 17 6 18 6 17 6 17 6 16 6 19 6 17 6 17 5 17 5 17 5 17 5 17 5 17 5 16 5 18 6 17 0 0 6 17 7 18 6 16 7 17 6 15 7 17 7 17 7 17 8 16 8 16 9 17 8 16 9 17 9 16 10 17 10 16 11 18 9 16 10 17 10 17 10 17 10 17 11 18 11 17 11 17 11 16 0 0 0 0 0 0 0 0 0 0 ]
241,1782983850.148518,17.5174,-66,CSI_DATA,AP,98:F4:AB:29:67:94,-66,11,1,6,1,1,1,1,0,0,0,-96,1,6,1,49729350,0,84,0,0,50.1123,384,[84 -64 4 0 0 0 0 0 0 0 0 0 -13 6 -14 5 -14 5 -15 5 -15 4 -15 4 -15 3 -16 3 -15 3 -16 3 -16 3 -16 2 -17 2 -16 2 -16 2 -17 2 -16 1 -16 2 -16 1 -16 1 -16 1 -16 0 -15 1 -16 1 -16 1 -17 1 0 0 -16 1 -16 1 -16 2 -15 3 -16 2 -16 2 -16 2 -16 2 -16 3 -16 4 -17 4 -16 4 -17 4 -16 4 -17 4 -17 4 -17 4 -17 4 -17 4 -17 5 -17 4 -17 4 -17 4 -17 6 -17 5 -17 5 0 0 0 0 0 0 0 0 0 0 ]
242,1782983850.240425,15.8167,-66,CSI_DATA,AP,98:F4:AB:29:67:94,-66,11,1,6,1,1,1,1,0,0,0,-96,1,6,1,49828578,0,84,0,0,50.2116,384,[84 -64 4 0 0 0 0 0 0 0 0 0 13 -6 13 -6 14 -6 14 -5 14 -5 14 -5 14 -4 15 -3 15 -4 16 -2 15 -3 16 -3 15 -2 15 -2 15 -2 16 -2 15 -2 15 -1 15 -1 15 -1 15 -1 16 -1 14 -1 15 -1 15 -1 15 -1 0 0 15 -1 15 -2 16 -2 15 -2 15 -1 15 -2 15 -1 15 -2 15 -3 15 -3 16 -3 15 -2 15 -3 16 -3 15 -4 16 -4 16 -4 16 -4 16 -4 16 -5 16 -4 16 -4 16 -4 16 -4 16 -4 16 -5 0 0 0 0 0 0 0 0 0 0 ]
243,1782983850.330977,15.7725,-66,CSI_DATA,AP,98:F4:AB:29:67:94,-66,11,1,6,1,1,1,1,0,0,0,-96,1,6,1,49907490,0,84,0,0,50.2905,384,[84 -64 4 0 0 0 0 0 0 0 0 0 -15 -2 -14 -2 -15 -3 -15 -3 -16 -4 -14 -4 -15 -5 -15 -6 -16 -5 -16 -6 -15 -6 -16 -7 -16 -7 -16 -7 -15 -7 -16 -7 -15 -7 -15 -7 -15 -7 -14 -8 -14 -8 -14 -8 -14 -7 -14 -7 -15 -7 -15 -7 0 0 -14 -7 -15 -7 -14 -6 -16 -6 -14 -7 -15 -7 -15 -7 -15 -7 -15 -7 -16 -5 -17 -5 -15 -5 -17 -5 -16 -5 -17 -5 -16 -4 -18 -6 -16 -5 -16 -5 -17 -5 -17 -6 -17 -5 -17 -5 -17 -3 -17 -4 -16 -3 0 0 0 0 0 0 0 0 0 0 ]
244,1782983850.421851,18.0257,-66,CSI_DATA,AP,98:F4:AB:29:67:94,-66,11,1,6,1,1,1,1,0,0,0,-96,1,6,1,49998156,0,84,0,0,50.3811,384,[84 -64 4 0 0 0 0 0 0 0 0 0 -16 -9 -17 -9 -17 -9 -17 -10 -16 -11 -16 -11 -16 -12 -16 -12 -16 -12 -15 -13 -16 -13 -16 -14 -14 -15 -15 -15 -15 -14 -15 -15 -15 -15 -14 -15 -15 -16 -14 -15 -14 -15 -14 -14 -14 -15 -14 -14 -14 -14 -14 -15 0 0 -14 -14 -15 -14 -15 -14 -16 -14 -14 -14 -15 -14 -15 -13 -16 -14 -16 -13 -16 -13 -17 -13 -17 -12 -16 -13 -16 -12 -16 -12 -18 -12 -18 -14 -17 -12 -18 -13 -18 -13 -17 -13 -18 -12 -18 -13 -19 -12 -18 -13 -19 -12 0 0 0 0 0 0 0 0 0 0 ]
245,1782983850.514488,17.7385,-66,CSI_DATA,AP,98:F4:AB:29:67:94,-66,11,1,6,1,1,1,1,0,0,0,-96,1,6,1,50089670,0,84,0,0,50.4727,384,[84 -64 4 0 0 0 0 0 0 0 0 0 -4 15 -4 15 -5 16 -5 15 -6 15 -6 15 -7 16 -8 17 -8 15 -8 15 -9 15 -8 16 -9 15 -9 16 -9 14 -10 16 -9 15 -10 14 -9 13 -10 14 -10 14 -10 14 -11 14 -8 14 -9 15 -9 15 0 0 -9 14 -10 14 -8 15 -9 15 -8 14 -9 15 -8 16 -8 15 -7 16 -7 15 -7 17 -8 15 -6 16 -7 17 -6 17 -6 17 -7 17 -7 17 -7 17 -6 17 -7 17 -6 17 -7 18 -5 18 -5 17 -5 18 0 0 0 0 0 0 0 0 0 0 ]
246,1782983850.604430,17.6642,-66,CSI_DATA,AP,98:F4:AB:29:67:94,-66,11,1,6,1,1,1,1,0,0,0,-96,1,6,1,50177900,0,84,0,0,50.5608,384,[84 -64 4 0 0 0 0 0 0 0 0 0 13 -10 13 -10 14 -10 13 -9 14 -9 14 -9 14 -9 14 -8 16 -8 16 -7 15 -7 16 -8 16 -6 16 -7 16 -7 17 -6 16 -6 16 -7 15 -6 16 -5 17 -5 16 -6 16 -5 15 -5 16 -6 15 -6 0 0 16 -7 17 -7 16 -7 16 -8 15 -7 16 -7 16 -8 15 -8 15 -9 15 -9 15 -10 14 -9 14 -10 15 -10 16 -10 16 -11 15 -11 15 -11 16 -12 15 -12 15 -12 15 -12 15 -12 15 -13 15 -12 14 -12 0 0 0 0 0 0 0 0 0 0 ]
247,1782983850.694528,15.9888,-66,CSI_DATA,AP,98:F4:AB:29:67:94,-66,11,1,6,1,1,1,1,0,0,0,-96,1,6,1,50269322,0,84,0,0,50.6523,384,[84 -64 4 0 0 0 0 0 0 0 0 0 9 10 10 10 10 10 10 11 10 11 9 11 9 12 9 12 9 12 8 12 8 14 8 14 7 13 7 14 7 13 9 14 7 13 7 14 7 13 7 13 7 13 7 13 7 13 6 13 7 13 7 14 0 0 7 13 8 13 8 12 9 13 8 13 8 12 8 13 8 13 9 13 9 13 9 13 9 12 9 13 10 13 11 13 11 12 11 13 10 12 11 12 11 12 11 12 11 12 11 13 11 12 11 12 11 12 0 0 0 0 0 0 0 0 0 0 ]
248,1782983850.787987,16.2912,-66,CSI_DATA,AP,98:F4:AB:29:67:94,-66,11,1,6,1,1,1,1,0,0,0,-96,1,6,1,50363361,0,84,0,0,50.7463,384,[84 -64 4 0 0 0 0 0 0 0 0 0 1 -15 1 -14 1 -15 2 -15 3 -15 2 -15 3 -16 4 -15 4 -16 4 -15 4 -16 5 -16 6 -16 5 -16 5 -15 6 -16 5 -15 5 -15 5 -14 6 -15 6 -14 6 -15 6 -14 6 -15 7 -15 6 -15 0 0 6 -15 5 -16 5 -14 5 -16 5 -14 5 -16 5 -15 5 -15 4 -16 4 -17 3 -17 3 -16 4 -16 3 -16 3 -17 3 -17 4 -18 3 -17 3 -18 3 -17 3 -17 3 -18 4 -17 2 -18 2 -18 2 -17 0 0 0 0 0 0 0 0 0 0 ]
249,1782983850.878427,16.0858,-67,CSI_DATA,AP,98:F4:AB:29:67:94,-67,11,1,7,1,1,1,1,0,0,0,-96,1,6,1,50447657,0,84,0,0,50.8307,384,[84 -64 4 0 0 0 0 0 0 0 0 0 -9 11 -10 10 -11 10 -11 10 -11 10 -12 10 -12 10 -12 10 -13 9 -13 9 -13 9 -13 9 -13 9 -14 9 -13 8 -14 9 -14 8 -13 8 -14 8 -14 8 -13 7 -14 8 -13 8 -13 7 -14 8 -13 8 0 0 -13 9 -13 9 -14 9 -13 9 -13 9 -12 9 -13 9 -13 9 -12 11 -12 11 -12 11 -12 10 -12 11 -12 11 -12 12 -12 12 -13 11 -12 12 -12 12 -11 13 -12 12 -12 13 -12 13 -11 13 -12 13 -11 13 0 0 0 0 0 0 0 0 0 0 ]
250,1782983850.967796,15.6154,-66,CSI_DATA,AP,98:F4:AB:29:67:94,-66,11,1,6,1,1,1,1,0,0,0,-96,1,6,1,50553184,0,84,0,0,50.9361,384,[84 -64 4 0 0 0 0 0 0 0 0 0 -8 12 -9 12 -9 12 -10 11 -10 11 -10 11 -11 12 -11 11 -11 11 -12 10 -11 11 -12 11 -12 10 -13 11 -12 10 -13 11 -12 11 -12 10 -12 10 -12 10 -13 9 -12 9 -12 9 -12 9 -12 10 -12 10 0 0 -12 9 -12 11 -12 11 -11 11 -12 10 -11 11 -11 11 -11 11 -11 12 -10 12 -11 13 -10 12 -11 12 -11 13 -11 13 -10 13 -11 13 -10 13 -10 14 -10 13 -11 13 -10 13 -10 13 -10 14 -10 14 -10 14 0 0 0 0 0 0 0 0 0 0 ]
251,1782983851.057715,15.4119,-67,CSI_DATA,AP,98:F4:AB:29:67:94,-67,11,1,7,1,1,1,1,0,0,0,-96,1,6,1,50627706,0,84,0,0,51.0107,384,[84 -64 4 0 0 0 0 0 0 0 0 0 -6 13 -6 13 -7 14 -6 13 -7 13 -7 13 -7 13 -9 12 -8 13 -9 13 -10 13 -10 13 -10 12 -10 12 -10 12 -10 13 -10 12 -11 12 -10 11 -11 12 -10 11 -10 12 -11 11 -11 11 -11 12 -10 12 0 0 -10 12 -11 13 -9 12 -9 12 -9 12 -9 13 -9 13 -9 12 -8 13 -9 14 -9 15 -9 13 -8 14 -7 13 -8 15 -7 14 -8 15 -8 15 -8 15 -7 15 -8 15 -7 15 -9 16 -9 15 -7 15 -7 15 0 0 0 0 0 0 0 0 0 0 ]
252,1782983851.145266,15.6578,-67,CSI_DATA,AP,98:F4:AB:29:67:94,-67,11,1,7,1,1,1,1,0,0,0,-96,1,6,1,50717703,0,84,0,0,51.1007,384,[84 -64 4 0 0 0 0 0 0 0 0 0 -15 8 -14 7 -16 7 -16 6 -16 6 -16 6 -16 7 -17 5 -17 5 -18 5 -18 4 -17 4 -18 3 -19 3 -17 4 -20 3 -18 3 -18 3 -18 2 -18 2 -17 2 -18 3 -17 3 -20 3 -19 4 -16 1 0 0 -20 2 -18 4 -18 2 -18 3 -18 2 -18 3 -18 3 -18 4 -17 4 -18 5 -18 6 -17 4 -18 5 -17 5 -18 6 -18 6 -19 6 -18 6 -18 6 -18 6 -19 6 -19 6 -19 6 -19 6 -19 7 -17 7 0 0 0 0 0 0 0 0 0 0 ]
253,1782983851.234486,15.8809,-67,CSI_DATA,AP,98:F4:AB:29:67:94,-67,11,1,7,1,1,1,1,0,0,0,-96,1,6,1,50813324,0,84,0,0,51.1964,384,[84 -64 4 0 0 0 0 0 0 0 0 0 5 -14 6 -14 6 -14 6 -14 8 -13 8 -13 8 -12 9 -13 9 -13 10 -13 9 -13 10 -14 10 -12 10 -13 10 -11 10 -12 11 -12 11 -11 11 -12 12 -12 10 -11 11 -12 10 -11 10 -11 11 -11 11 -12 0 0 11 -12 10 -12 11 -12 10 -13 10 -11 10 -12 10 -12 10 -12 10 -13 9 -13 9 -13 9 -13 9 -13 11 -13 9 -14 10 -14 10 -14 10 -15 10 -14 9 -14 9 -14 10 -13 9 -15 9 -15 10 -14 9 -15 0 0 0 0 0 0 0 0 0 0 ]
254,1782983851.322097,17.7766,-66,CSI_DATA,AP,98:F4:AB:29:67:94,-66,11,1,6,1,1,1,1,0,0,0,-96,1,6,1,50898112,0,84,0,0,51.281,384,[84 -64 4 0 0 0 0 0 0 0 0 0 -12 -12 -13 -12 -12 -13 -12 -14 -11 -13 -11 -14 -10 -14 -10 -14 -12 -14 -10 -15 -10 -16 -9 -16 -10 -15 -9 -16 -9 -16 -10 -16 -10 -16 -9 -16 -9 -16 -9 -15 -9 -16 -9 -16 -9 -16 -9 -16 -9 -16 -9 -17 0 0 -9 -16 -10 -15 -9 -15 -10 -15 -9 -15 -10 -15 -11 -14 -10 -15 -10 -14 -11 -15 -11 -15 -11 -14 -11 -14 -12 -15 -12 -15 -13 -15 -13 -15 -13 -15 -13 -15 -14 -15 -13 -15 -13 -14 -13 -15 -13 -15 -13 -15 -12 -14 0 0 0 0 0 0 0 0 0 0 ]
255,1782983851.410474,17.6851,-66,CSI_DATA,AP,98:F4:AB:29:67:94,-66,11,1,6,1,1,1,1,0,0,0,-96,1,6,1,50988588,0,84,0,0,51.3716,384,[84 -64 4 0 0 0 0 0 0 0 0 0 12 -11 12 -10 13 -11 13 -11 15 -10 14 -9 14 -9 14 -8 15 -9 17 -8 16 -8 16 -7 16 -7 17 -7 14 -6 17 -8 16 -7 16 -7 16 -7 15 -6 16 -6 16 -6 17 -6 15 -6 16 -6 16 -7 0 0 15 -6 16 -8 15 -7 16 -8 15 -7 16 -8 16 -7 16 -8 15 -9 15 -10 15 -9 14 -8 15 -8 15 -9 16 -11 15 -11 17 -10 15 -11 15 -10 15 -11 16 -11 15 -10 17 -11 16 -11 16 -10 16 -11 0 0 0 0 0 0 0 0 0 0 ]
256,1782983851.499338,16.8469,-66,CSI_DATA,AP,98:F4:AB:29:67:94,-66,11,1,6,1,1,1,1,0,0,0,-96,1,6,1,51086532,0,84,0,0,51.4695,384,[84 -64 4 0 0 0 0 0 0 0 0 0 14 4 13 4 14 4 13 5 14 5 13 5 13 6 14 7 14 7 13 8 14 8 13 8 13 8 13 8 13 8 14 8 13 8 14 8 13 8 13 8 12 8 13 9 12 8 12 9 13 9 13 8 0 0 13 8 13 8 14 8 14 7 12 8 13 7 14 7 13 7 14 6 15 6 15 6 14 7 14 6 15 7 15 6 15 5 16 7 15 6 15 5 16 5 16 6 16 5 16 6 16 5 16 5 16 5 0 0 0 0 0 0 0 0 0 0 ]
257,1782983851.588103,16.5507,-66,CSI_DATA,AP,98:F4:AB:29:67:94,-66,11,1,6,1,1,1,1,0,0,0,-96,1,6,1,51167521,0,84,0,0,51.5505,384,[84 -64 4 0 0 0 0 0 0 0 0 0 -9 13 -10 13 -11 12 -12 13 -12 13 -11 13 -12 12 -12 12 -12 11 -14 12 -14 12 -13 12 -14 10 -14 11 -14 10 -15 12 -14 11 -15 10 -14 10 -15 9 -14 9 -14 9 -14 9 -14 10 -14 9 -14 10 0 0 -15 10 -15 11 -14 11 -13 11 -14 11 -13 11 -14 11 -13 12 -14 11 -14 13 -13 13 -13 12 -13 13 -13 13 -13 13 -13 14 -14 13 -13 14 -13 14 -13 14 -14 14 -13 15 -13 14 -12 15 -13 14 -13 14 0 0 0 0 0 0 0 0 0 0 ]
258,1782983851.678213,17.1761,-67,CSI_DATA,AP,98:F4:AB:29:67:94,-67,11,1,7,1,1,1,1,0,0,0,-96,1,6,1,51270337,0,84,0,0,51.6533,384,[84 -64 4 0 0 0 0 0 0 0 0 0 -3 16 -3 16 -4 16 -4 16 -5 16 -6 16 -5 16 -7 16 -6 16 -7 16 -7 16 -7 16 -7 17 -8 16 -8 16 -10 16 -9 15 -9 15 -9 15 -8 14 -10 14 -9 14 -8 14 -9 15 -9 15 -9 16 0 0 -8 15 -8 16 -9 15 -8 15 -8 15 -8 15 -7 16 -7 16 -7 16 -7 17 -7 18 -7 16 -6 17 -6 17 -6 17 -6 18 -7 18 -6 18 -8 19 -6 18 -6 17 -7 17 -6 19 -5 19 -5 18 -5 18 0 0 0 0 0 0 0 0 0 0 ]
259,1782983851.767635,17.5241,-67,CSI_DATA,AP,98:F4:AB:29:67:94,-67,11,1,7,1,1,1,1,0,0,0,-96,1,6,1,51347679,0,84,0,0,51.7307,384,[84 -64 4 0 0 0 0 0 0 0 0 0 -16 -9 -14 -9 -14 -9 -14 -11 -15 -11 -14 -12 -13 -12 -14 -12 -14 -13 -13 -14 -14 -13 -13 -14 -13 -14 -12 -14 -11 -14 -13 -15 -12 -14 -12 -15 -12 -14 -12 -14 -12 -14 -11 -15 -11 -15 -11 -14 -11 -14 -12 -14 0 0 -11 -14 -13 -14 -12 -14 -12 -14 -11 -13 -13 -14 -12 -14 -14 -14 -13 -14 -13 -14 -14 -12 -14 -13 -14 -13 -14 -13 -15 -13 -15 -12 -15 -14 -15 -13 -14 -13 -15 -13 -16 -13 -15 -13 -14 -13 -15 -13 -16 -13 -15 -13 0 0 0 0 0 0 0 0 0 0 ]
260,1782983851.855878,16.5686,-67,CSI_DATA,AP,98:F4:AB:29:67:94,-67,11,1,7,1,1,1,1,0,0,0,-96,1,6,1,51439585,0,84,0,0,51.8226,384,[84 -64 4 0 0 0 0 0 0 0 0 0 -9 -13 -8 -13 -8 -13 -8 -14 -8 -14 -7 -14 -7 -14 -6 -15 -7 -15 -6 -15 -6 -16 -6 -16 -6 -16 -6 -16 -6 -15 -6 -17 -6 -16 -5 -16 -5 -16 -5 -16 -5 -15 -5 -15 -5 -15 -5 -16 -5 -15 -6 -15 0 0 -6 -15 -6 -15 -6 -16 -7 -15 -6 -15 -7 -15 -7 -16 -7 -15 -7 -14 -8 -14 -8 -15 -8 -14 -8 -15 -9 -15 -8 -15 -9 -14 -10 -15 -10 -15 -9 -16 -10 -15 -9 -15 -11 -16 -9 -15 -11 -15 -10 -15 -10 -15 0 0 0 0 0 0 0 0 0 0 ]
261,1782983851.945316,14.7302,-67,CSI_DATA,AP,98:F4:AB:29:67:94,-67,11,1,7,1,1,1,1,0,0,0,-96,1,6,1,51527671,0,84,0,0,51.9107,384,[84 -64 4 0 0 0 0 0 0 0 0 0 11 8 12 8 12 8 11 9 11 10 11 10 11 11 10 10 11 11 11 11 11 11 11 11 10 12 11 12 10 11 9 13 10 12 10 12 9 10 8 12 9 11 10 13 8 13 8 11 8 11 9 12 0 0 10 11 10 12 10 12 10 10 9 12 9 11 10 12 11 11 11 11 11 10 11 10 11 11 11 11 12 11 12 11 12 10 12 10 13 10 12 10 13 10 12 10 13 10 13 11 13 10 13 11 13 10 0 0 0 0 0 0 0 0 0 0 ]
262,1782983852.033123,16.1208,-67,CSI_DATA,AP,98:F4:AB:29:67:94,-67,11,1,7,1,1,1,1,0,0,0,-96,1,6,1,51618440,0,84,0,0,52.0013,384,[84 -64 4 0 0 0 0 0 0 0 0 0 -6 -16 -7 -15 -6 -16 -5 -17 -4 -17 -4 -18 -4 -18 -3 -18 -3 -17 -3 -18 -3 -18 -3 -19 -3 -18 -2 -19 -3 -18 -2 -19 -3 -18 -1 -18 -1 -18 -2 -18 -2 -17 -2 -19 -2 -18 -2 -18 -2 -18 -3 -18 0 0 -4 -18 -3 -18 -3 -18 -4 -17 -3 -17 -4 -18 -4 -18 -3 -18 -5 -17 -6 -18 -6 -18 -6 -17 -6 -18 -7 -19 -7 -18 -7 -18 -8 -20 -7 -18 -8 -18 -8 -18 -8 -19 -8 -19 -8 -20 -9 -19 -9 -19 -9 -18 0 0 0 0 0 0 0 0 0 0 ]
263,1782983852.122171,16.0450,-67,CSI_DATA,AP,98:F4:AB:29:67:94,-67,11,1,7,1,1,1,1,0,0,0,-96,1,6,1,51708283,0,84,0,0,52.0913,384,[84 -64 4 0 0 0 0 0 0 0 0 0 7 14 6 13 6 15 6 15 6 15 5 15 5 16 4 16 5 16 4 17 5 16 3 17 3 17 3 17 3 16 3 17 3 17 3 17 2 16 2 16 2 16 2 16 1 17 1 17 2 16 3 16 0 0 3 17 4 18 3 17 4 17 2 16 3 16 4 17 3 17 4 17 6 17 5 18 4 17 5 17 6 17 5 17 6 17 6 18 5 18 5 18 7 18 6 18 6 19 6 18 7 18 6 19 6 16 0 0 0 0 0 0 0 0 0 0 ]
264,1782983852.212880,16.8787,-67,CSI_DATA,AP,98:F4:AB:29:67:94,-67,11,1,7,1,1,1,1,0,0,0,-96,1,6,1,51819336,0,84,0,0,52.2024,384,[84 -64 4 0 0 0 0 0 0 0 0 0 11 10 11 11 11 13 10 12 11 13 10 13 9 14 10 13 8 15 8 14 9 15 9 15 8 15 9 16 7 15 8 17 8 16 8 16 7 15 7 15 6 16 7 16 7 16 7 15 6 16 7 15 0 0 8 15 7 15 8 15 8 14 8 15 9 15 8 15 9 15 9 14 9 15 10 15 9 14 10 15 10 15 9 15 11 15 11 16 10 15 11 15 11 14 11 15 11 14 11 15 11 15 12 14 12 14 0 0 0 0 0 0 0 0 0 0 ]
265,1782983852.301986,16.4189,-67,CSI_DATA,AP,98:F4:AB:29:67:94,-67,11,1,7,1,1,1,1,0,0,1,-96,1,6,1,51889437,0,84,0,0,52.2724,384,[84 -64 4 0 0 0 0 0 0 0 0 0 -4 -15 -4 -15 -3 -15 -3 -15 -3 -16 -3 -15 -2 -16 -2 -15 -2 -16 -1 -16 -1 -17 -1 -16 0 -17 0 -15 0 -17 0 -16 3 -16 1 -16 -1 -18 1 -14 1 -16 1 -16 1 -16 1 -16 1 -16 1 -16 0 0 1 -17 0 -16 1 -16 0 -16 0 -15 0 -16 0 -16 0 -16 -1 -16 -1 -16 -1 -17 -1 -16 -7 -17 -1 -16 -2 -17 -2 -18 -1 -17 -1 -17 -1 -17 -2 -17 -2 -18 -2 -18 -2 -17 -3 -18 -2 -18 -3 -18 0 0 0 0 0 0 0 0 0 0 ]
266,1782983852.391097,18.1127,-67,CSI_DATA,AP,98:F4:AB:29:67:94,-67,11,1,7,1,1,1,1,0,0,1,-96,1,6,1,51978725,0,84,0,0,52.3617,384,[84 -64 4 0 0 0 0 0 0 0 0 0 -16 -5 -16 -6 -16 -7 -17 -8 -16 -6 -16 -7 -16 -7 -16 -8 -16 -9 -15 -10 -17 -9 -16 -10 -16 -10 -16 -10 -16 -9 -15 -11 -16 -10 -15 -11 -15 -11 -14 -11 -15 -11 -14 -11 -14 -11 -14 -11 -16 -11 -15 -10 0 0 -15 -10 -15 -10 -16 -9 -15 -9 -15 -9 -16 -11 -16 -8 -16 -10 -17 -9 -16 -9 -17 -8 -17 -9 -17 -9 -18 -8 -17 -7 -18 -6 -19 -8 -18 -8 -18 -8 -18 -8 -18 -8 -19 -7 -18 -8 -19 -7 -18 -8 -19 -6 0 0 0 0 0 0 0 0 0 0 ]
267,1782983852.480661,17.4771,-67,CSI_DATA,AP,98:F4:AB:29:67:94,-67,11,1,7,1,1,1,1,0,0,1,-96,1,6,1,52067695,0,84,0,0,52.4507,384,[84 -64 4 0 0 0 0 0 0 0 0 0 -5 -15 -5 -15 -8 -24 -5 -14 -4 -16 -4 -15 -4 -16 -4 -15 -4 -16 -3 -16 -2 -16 -1 -16 -1 -17 -1 -16 -1 -16 -2 -17 -2 -15 -2 -16 -1 -16 -1 -17 0 -16 -1 -17 -1 -16 -1 -16 0 -16 -1 -16 0 0 -1 -16 -1 -17 -1 -16 -2 -17 -1 -15 -2 -16 -2 -16 -2 -15 -3 -16 -3 -17 -3 -17 -3 -15 -3 -16 -3 -16 -4 -17 -5 -16 -5 -17 -4 -17 -4 -18 -5 -16 -4 -17 -5 -17 -4 -18 -6 -17 -4 -17 -5 -17 0 0 0 0 0 0 0 0 0 0 ]
268,1782983852.569427,18.3420,-67,CSI_DATA,AP,98:F4:AB:29:67:94,-67,11,1,7,1,1,1,1,0,0,1,-96,1,6,1,52164288,0,84,0,0,52.5473,384,[84 -64 4 0 0 0 0 0 0 0 0 0 0 -17 0 -17 0 -17 0 -17 0 -18 2 -18 2 -18 2 -17 3 -19 3 -17 4 -18 4 -18 4 -18 5 -18 5 -18 4 -18 5 -18 4 -18 5 -18 4 -17 5 -18 5 -18 5 -17 5 -17 4 -18 5 -17 0 0 4 -17 4 -18 4 -18 4 -18 4 -18 3 -18 2 -18 2 -18 2 -19 1 -18 2 -19 1 -18 1 -19 1 -19 1 -20 0 -20 0 -20 1 -20 0 -20 0 -20 0 -20 0 -20 1 -20 -1 -21 0 -20 -1 -20 0 0 0 0 0 0 0 0 0 0 ]
269,1782983852.659065,17.9649,-67,CSI_DATA,AP,98:F4:AB:29:67:94,-67,11,1,7,1,1,1,1,0,0,1,-96,1,6,1,52248427,0,84,0,0,52.6314,384,[84 -64 4 0 0 0 0 0 0 0 0 0 14 -9 15 -8 15 -7 14 -8 16 -7 15 -6 16 -7 16 -5 17 -6 16 -5 16 -6 17 -6 17 -5 17 -5 17 -3 19 -4 17 -4 17 -4 17 -3 17 -3 17 -3 17 -3 18 -4 17 -4 17 -3 17 -4 0 0 16 -4 17 -4 17 -4 17 -4 16 -4 17 -5 17 -4 17 -5 17 -6 17 -6 16 -7 17 -6 17 -7 17 -7 17 -7 17 -7 18 -8 17 -7 17 -7 17 -8 18 -8 18 -7 18 -9 17 -10 17 -9 17 -8 0 0 0 0 0 0 0 0 0 0 ]
270,1782983852.747054,17.3222,-67,CSI_DATA,AP,98:F4:AB:29:67:94,-67,11,1,7,1,1,1,1,0,0,1,-96,1,6,1,52339192,0,84,0,0,52.7222,384,[84 -64 4 0 0 0 0 0 0 0 0 0 13 -9 13 -8 13 -9 15 -7 14 -8 15 -7 15 -8 15 -7 16 -7 16 -5 16 -6 17 -6 17 -6 18 -5 17 -5 17 -5 17 -4 16 -4 16 -4 17 -4 16 -4 17 -4 16 -3 17 -4 17 -3 17 -4 0 0 17 -5 17 -5 17 -5 16 -6 16 -5 17 -5 16 -5 17 -5 17 -6 17 -7 17 -7 16 -6 17 -7 17 -7 17 -7 18 -8 18 -7 18 -8 18 -8 17 -9 17 -8 18 -8 18 -9 17 -9 17 -9 17 -9 0 0 0 0 0 0 0 0 0 0 ]
271,1782983852.835829,16.8423,-66,CSI_DATA,AP,98:F4:AB:29:67:94,-66,11,1,6,1,1,1,1,0,0,0,-96,1,6,1,52432366,0,84,0,0,52.8152,384,[84 -64 4 0 0 0 0 0 0 0 0 0 -8 14 -7 14 -8 13 -9 14 -10 14 -9 13 -9 13 -10 13 -10 13 -12 13 -12 13 -11 13 -13 11 -13 13 -13 12 -13 13 -12 12 -13 11 -12 12 -13 11 -13 11 -13 11 -13 11 -13 11 -13 11 -13 12 0 0 -12 12 -13 12 -13 12 -12 12 -12 12 -12 11 -12 12 -12 12 -12 13 -11 13 -12 13 -12 13 -12 13 -12 13 -11 15 -11 15 -12 15 -11 14 -12 15 -10 15 -11 15 -11 15 -12 15 -11 15 -11 15 -11 16 0 0 0 0 0 0 0 0 0 0 ]
272,1782983852.922559,16.5853,-67,CSI_DATA,AP,98:F4:AB:29:67:94,-67,11,1,7,1,1,1,1,0,0,1,-96,1,6,1,52522918,0,84,0,0,52.9059,384,[84 -64 4 0 0 0 0 0 0 0 0 0 -13 6 -14 7 -14 6 -14 6 -14 6 -14 5 -15 4 -16 4 -15 4 -16 3 -15 4 -16 3 -16 2 -16 2 -16 3 -17 4 -17 3 -16 2 -16 2 -16 2 -16 3 -16 2 -15 3 -16 2 -16 2 -15 3 0 0 -16 3 -15 4 -16 4 -15 4 -15 3 -16 3 -16 3 -16 3 -15 4 -16 5 -16 5 -15 5 -16 5 -16 5 -16 5 -16 6 -17 6 -15 6 -16 6 -16 7 -16 6 -16 7 -16 6 -16 7 -16 7 -16 7 0 0 0 0 0 0 0 0 0 0 ]
273,1782983853.010746,17.3559,-67,CSI_DATA,AP,98:F4:AB:29:67:94,-67,11,1,7,1,1,1,1,0,0,1,-96,1,6,1,52607984,0,84,0,0,52.991,384,[84 -64 4 0 0 0 0 0 0 0 0 0 -9 -15 -9 -14 -9 -14 -7 -16 -8 -16 -7 -16 -7 -17 -7 -17 -6 -17 -5 -16 -7 -17 -5 -18 -5 -18 -5 -18 -5 -17 -5 -19 -5 -18 -5 -18 -3 -16 -4 -17 -4 -17 -5 -18 -5 -17 -4 -17 -5 -18 -5 -18 0 0 -6 -17 -6 -17 -5 -17 -6 -17 -6 -17 -6 -17 -6 -17 -7 -16 -7 -18 -7 -18 -9 -16 -8 -16 -9 -18 -8 -17 -8 -18 -10 -17 -9 -18 -9 -17 -10 -17 -10 -16 -9 -17 -9 -17 -10 -18 -11 -17 -10 -17 -10 -17 0 0 0 0 0 0 0 0 0 0 ]
274,1782983853.105055,16.7072,-67,CSI_DATA,AP,98:F4:AB:29:67:94,-67,11,1,7,1,1,1,1,0,0,1,-96,1,6,1,52697578,0,84,0,0,53.0806,384,[84 -64 4 0 0 0 0 0 0 0 0 0 -10 -10 -11 -11 -10 -11 -10 -12 -10 -12 -10 -14 -9 -13 -8 -13 -10 -13 -8 -14 -9 -14 -9 -14 -8 -15 -8 -15 -8 -14 -8 -14 -8 -14 -7 -14 -7 -15 -6 -14 -7 -14 -8 -14 -8 -15 -7 -14 -8 -14 -8 -14 0 0 -8 -14 -9 -14 -8 -14 -8 -14 -8 -14 -8 -14 -10 -14 -9 -14 -10 -13 -10 -14 -11 -15 -10 -13 -9 -14 -10 -14 -10 -14 -10 -13 -11 -14 -11 -14 -11 -14 -12 -13 -11 -14 -11 -14 -11 -13 -11 -15 -13 -13 -11 -12 0 0 0 0 0 0 0 0 0 0 ]
275,1782983853.193343,16.9961,-67,CSI_DATA,AP,98:F4:AB:29:67:94,-67,11,1,7,1,1,1,1,0,0,0,-96,1,6,1,52788487,0,84,0,0,53.1715,384,[84 -64 4 0 0 0 0 0 0 0 0 0 -1 16 -2 16 -2 16 -3 16 -2 16 -5 16 -4 16 -5 16 -5 16 -6 17 -6 16 -6 17 -7 17 -6 16 -5 16 -6 17 -6 16 -6 16 -6 16 -6 15 -7 15 -6 15 -7 15 -6 16 -7 16 -7 16 0 0 -6 16 -4 17 -5 16 -5 17 -5 16 -5 16 -5 16 -5 16 -3 17 -5 18 -3 18 -4 17 -3 18 -3 18 -3 18 -1 19 -3 19 -2 18 -2 19 -2 19 -2 19 -1 19 -2 19 -1 18 -1 19 -1 19 0 0 0 0 0 0 0 0 0 0 ]
276,1782983853.284589,17.7953,-67,CSI_DATA,AP,98:F4:AB:29:67:94,-67,11,1,7,1,1,1,1,0,0,0,-96,1,6,1,52877730,0,84,0,0,53.2607,384,[84 -64 4 0 0 0 0 0 0 0 0 0 15 2 15 2 15 3 16 3 15 3 15 4 16 5 15 5 16 5 15 6 16 6 16 7 16 6 15 7 15 7 16 7 16 7 15 8 15 8 15 8 14 8 15 8 14 9 15 7 16 8 15 7 0 0 16 8 16 8 16 7 16 7 15 7 15 7 15 7 16 7 16 6 17 6 18 5 16 6 17 6 17 6 17 5 17 5 18 6 17 6 18 5 17 5 18 6 18 5 18 5 18 4 18 5 18 5 0 0 0 0 0 0 0 0 0 0 ]
277,1782983853.372297,17.2677,-67,CSI_DATA,AP,98:F4:AB:29:67:94,-67,11,1,7,1,1,1,1,0,0,0,-96,1,6,1,52976949,0,84,0,0,53.36,384,[84 -64 4 0 0 0 0 0 0 0 0 0 15 5 15 5 14 5 15 6 15 6 14 7 15 7 14 8 15 8 14 9 15 9 14 10 14 10 14 10 14 9 14 11 13 10 13 10 13 11 13 10 13 10 13 11 13 11 12 11 13 11 13 10 0 0 13 11 13 11 14 10 13 10 13 10 14 10 14 10 15 10 13 10 15 10 15 9 14 10 15 10 15 10 15 9 15 9 16 10 15 10 15 10 16 10 16 10 16 9 16 10 17 9 16 10 17 9 0 0 0 0 0 0 0 0 0 0 ]
278,1782983853.461390,16.9550,-67,CSI_DATA,AP,98:F4:AB:29:67:94,-67,11,1,7,1,1,1,1,0,0,0,-96,1,6,1,53070388,0,84,0,0,53.4534,384,[84 -64 4 0 0 0 0 0 0 0 0 0 -13 -6 -13 -6 -14 -8 -14 -8 -15 -8 -13 -8 -13 -9 -13 -9 -13 -10 -13 -10 -14 -10 -13 -10 -13 -10 -13 -10 -12 -10 -13 -11 -13 -11 -12 -11 -13 -11 -12 -11 -12 -10 -12 -11 -12 -11 -12 -11 -12 -11 -12 -11 0 0 -13 -11 -13 -10 -13 -11 -13 -9 -12 -10 -13 -10 -13 -9 -13 -10 -13 -10 -13 -9 -15 -10 -13 -9 -14 -9 -15 -9 -14 -9 -15 -9 -15 -9 -16 -8 -15 -9 -15 -9 -15 -9 -16 -10 -15 -9 -16 -8 -16 -9 -16 -9 0 0 0 0 0 0 0 0 0 0 ]
279,1782983853.550533,16.5099,-66,CSI_DATA,AP,98:F4:AB:29:67:94,-66,11,1,6,1,1,1,1,0,0,0,-96,1,6,1,53162150,0,84,0,0,53.5451,384,[84 -64 4 0 0 0 0 0 0 0 0 0 -8 -12 -8 -13 -7 -14 -7 -14 -7 -14 -7 -14 -6 -15 -5 -15 -6 -16 -5 -15 -5 -15 -5 -16 -5 -16 -4 -16 -5 -16 -4 -17 -4 -16 -4 -15 -4 -15 -3 -15 -4 -15 -3 -16 -4 -15 -4 -16 -4 -16 -4 -16 0 0 -4 -16 -4 -16 -4 -16 -5 -16 -4 -15 -5 -15 -6 -16 -5 -16 -6 -15 -7 -16 -6 -16 -6 -16 -7 -16 -4 -18 -6 -16 -7 -16 -7 -17 -7 -16 -6 -17 -7 -16 -7 -17 -7 -17 -7 -17 -7 -16 -8 -17 -7 -16 0 0 0 0 0 0 0 0 0 0 ]
280,1782983853.643188,17.0134,-67,CSI_DATA,AP,98:F4:AB:29:67:94,-67,11,1,7,1,1,1,1,0,0,0,-96,1,6,1,53241522,0,84,0,0,53.6244,384,[84 -64 4 0 0 0 0 0 0 0 0 0 9 -14 9 -14 10 -13 9 -14 10 -13 11 -13 11 -14 12 -13 12 -13 12 -13 13 -13 12 -13 12 -13 13 -13 12 -12 14 -13 13 -12 13 -12 13 -12 13 -12 13 -12 13 -12 13 -11 13 -12 13 -12 13 -12 0 0 13 -13 13 -13 13 -12 12 -13 12 -12 13 -13 12 -12 11 -13 12 -14 11 -14 12 -15 12 -14 12 -15 12 -15 12 -15 11 -15 12 -16 11 -16 11 -16 11 -15 12 -16 12 -16 11 -16 11 -17 11 -17 10 -16 0 0 0 0 0 0 0 0 0 0 ]
281,1782983853.739465,16.1489,-66,CSI_DATA,AP,98:F4:AB:29:67:94,-66,11,1,6,1,1,1,1,0,0,0,-96,1,6,1,53341071,0,84,0,0,53.724,384,[84 -64 4 0 0 0 0 0 0 0 0 0 -8 13 -9 11 -10 12 -10 11 -10 12 -10 11 -11 12 -11 11 -11 11 -12 11 -13 11 -13 10 -12 10 -13 10 -12 11 -18 13 -13 9 -13 10 -13 11 -12 10 -12 10 -12 10 -12 10 -11 10 -12 10 -12 10 0 0 -12 10 -12 11 -11 11 -11 12 -11 11 -11 11 -11 11 -10 12 -11 12 -11 13 -11 13 -9 12 -10 13 -10 13 -10 14 -10 14 -10 15 -10 14 -10 14 -9 15 -10 14 -10 15 -10 14 -10 15 -10 14 -9 14 0 0 0 0 0 0 0 0 0 0 ]
282,1782983853.831877,16.1235,-67,CSI_DATA,AP,98:F4:AB:29:67:94,-67,11,1,7,1,1,1,1,0,0,0,-96,1,6,1,53420288,0,84,0,0,53.8033,384,[84 -64 4 0 0 0 0 0 0 0 0 0 -3 -15 -2 -15 -1 -14 -1 -16 0 -15 0 -16 0 -16 0 -16 0 -17 1 -16 2 -17 1 -17 2 -16 2 -16 3 -16 2 -17 2 -16 3 -15 3 -16 3 -15 4 -16 3 -15 3 -16 3 -16 4 -16 3 -16 0 0 3 -15 3 -16 3 -16 2 -15 3 -16 3 -16 2 -16 2 -16 2 -17 0 -17 1 -17 1 -16 1 -17 1 -17 1 -17 1 -17 1 -17 0 -17 1 -18 0 -17 0 -17 0 -18 0 -18 0 -18 0 -17 -1 -18 0 0 0 0 0 0 0 0 0 0 ]
283,1782983853.929532,17.6463,-66,CSI_DATA,AP,98:F4:AB:29:67:94,-66,11,1,6,1,1,1,1,0,0,0,-96,1,6,1,53511539,0,84,0,0,53.8945,384,[84 -64 4 0 0 0 0 0 0 0 0 0 -13 -10 -12 -9 -14 -11 -13 -11 -13 -12 -11 -12 -12 -12 -11 -13 -13 -12 -12 -13 -11 -13 -11 -14 -10 -15 -11 -14 -11 -14 -12 -15 -11 -14 -11 -14 -10 -14 -11 -15 -11 -14 -11 -14 -10 -15 -10 -15 -11 -15 -10 -14 0 0 -11 -14 -12 -15 -11 -14 -12 -13 -10 -13 -12 -13 -13 -13 -12 -13 -14 -13 -13 -14 -13 -13 -13 -13 -13 -13 -13 -13 -15 -13 -15 -12 -15 -13 -15 -12 -15 -12 -15 -12 -14 -13 -16 -11 -16 -13 -16 -13 -16 -12 -16 -11 0 0 0 0 0 0 0 0 0 0 ]
284,1782983854.022597,17.0435,-66,CSI_DATA,AP,98:F4:AB:29:67:94,-66,11,1,6,1,1,1,1,0,0,0,-96,1,6,1,53598330,0,84,0,0,53.9813,384,[84 -64 4 0 0 0 0 0 0 0 0 0 14 -6 14 -5 15 -6 15 -3 15 -4 16 -4 16 -3 15 -1 16 -2 16 -1 17 -1 17 -1 18 -1 17 -1 17 0 18 0 17 1 17 1 17 1 16 1 17 1 19 1 16 1 18 5 20 4 16 1 0 0 16 2 18 0 18 1 17 1 17 1 17 1 17 1 17 1 18 -1 18 0 17 0 17 0 17 0 18 0 18 0 18 -1 19 0 18 0 19 -1 19 -1 19 0 19 -1 19 0 19 -1 19 -1 18 -1 0 0 0 0 0 0 0 0 0 0 ]
285,1782983854.118456,16.2701,-66,CSI_DATA,AP,98:F4:AB:29:67:94,-66,11,1,6,1,1,1,1,0,0,0,-96,1,6,1,53691934,0,84,0,0,54.0749,384,[84 -64 4 0 0 0 0 0 0 0 0 0 -2 14 -2 13 -3 14 -3 14 -4 14 -4 14 -5 14 -6 14 -6 15 -6 14 -6 15 -6 15 -7 15 -7 15 -6 13 -8 15 -7 14 -7 13 -8 14 -8 13 -8 13 -8 14 -8 13 -8 13 -8 13 -8 14 0 0 -8 13 -8 14 -8 14 -7 14 -7 13 -7 14 -7 14 -6 13 -7 15 -6 15 -6 15 -6 14 -6 15 -6 15 -6 15 -5 15 -6 16 -5 15 -5 16 -6 16 -6 16 -6 16 -6 15 -5 17 -5 16 -5 16 0 0 0 0 0 0 0 0 0 0 ]
286,1782983854.207574,16.2736,-66,CSI_DATA,AP,98:F4:AB:29:67:94,-66,11,1,6,1,1,1,1,0,0,0,-96,1,6,1,53777566,0,84,0,0,54.1606,384,[84 -64 4 0 0 0 0 0 0 0 0 0 14 4 14 5 14 5 14 6 15 6 14 6 15 8 14 7 14 7 14 8 14 9 15 9 14 10 14 10 14 9 15 11 14 10 14 10 13 10 13 9 14 10 13 10 13 10 13 10 13 10 14 10 0 0 14 10 14 9 13 9 15 8 14 8 14 9 14 9 14 9 15 7 16 8 15 8 15 9 15 8 16 8 16 7 16 6 18 8 16 6 17 8 16 6 17 7 18 7 17 7 18 6 18 6 17 6 0 0 0 0 0 0 0 0 0 0 ]
287,1782983854.296027,15.7972,-66,CSI_DATA,AP,98:F4:AB:29:67:94,-66,11,1,6,1,1,1,1,0,0,0,-96,1,6,1,53870945,0,84,0,0,54.2538,384,[84 -64 4 0 0 0 0 0 0 0 0 0 3 -14 3 -13 5 -15 4 -14 5 -15 4 -14 6 -15 6 -14 7 -15 7 -14 7 -15 8 -14 8 -14 8 -14 8 -13 9 -14 8 -14 8 -14 9 -13 9 -13 8 -13 9 -14 9 -13 9 -13 9 -13 9 -13 0 0 8 -14 8 -14 8 -13 8 -15 8 -13 8 -14 8 -14 7 -14 7 -14 7 -15 7 -15 7 -14 7 -15 8 -15 6 -16 6 -16 7 -16 6 -16 7 -16 6 -16 7 -16 6 -16 6 -16 7 -17 6 -16 6 -16 0 0 0 0 0 0 0 0 0 0 ]
288,1782983854.385949,15.4277,-67,CSI_DATA,AP,98:F4:AB:29:67:94,-67,11,1,7,1,1,1,1,0,0,0,-96,1,6,1,53958304,0,84,0,0,54.3413,384,[84 -64 4 0 0 0 0 0 0 0 0 0 12 6 11 7 12 7 12 8 11 8 11 9 11 10 10 9 11 10 11 10 11 10 10 10 10 12 11 11 10 12 10 12 10 12 10 11 8 12 9 12 8 13 9 12 9 11 8 12 10 12 9 12 0 0 9 12 9 11 9 11 10 10 9 12 10 11 10 12 11 11 11 11 11 11 12 10 10 10 12 11 12 11 11 11 12 11 11 11 12 11 11 11 12 10 12 12 12 12 12 11 13 11 12 10 13 11 0 0 0 0 0 0 0 0 0 0 ]
289,1782983854.475337,15.6071,-67,CSI_DATA,AP,98:F4:AB:29:67:94,-67,11,1,7,1,1,1,1,0,0,0,-96,1,6,1,54047974,0,84,0,0,54.431,384,[84 -64 4 0 0 0 0 0 0 0 0 0 -5 -15 -4 -14 -4 -15 -3 -15 -2 -14 -2 -16 -2 -15 -1 -16 -1 -15 -1 -16 -1 -16 -1 -17 0 -16 0 -17 0 -16 1 -16 1 -16 1 -17 1 -15 1 -16 1 -16 1 -16 1 -16 2 -16 1 -16 1 -16 0 0 1 -16 1 -16 1 -16 0 -16 0 -16 0 -17 0 -16 0 -16 -1 -17 -3 -17 -1 -17 -1 -16 -2 -17 -2 -17 -1 -18 -2 -17 -3 -17 -3 -17 -3 -17 -4 -17 -2 -18 -3 -17 -3 -17 -3 -17 -3 -18 -3 -17 0 0 0 0 0 0 0 0 0 0 ]
290,1782983854.562969,15.9815,-67,CSI_DATA,AP,98:F4:AB:29:67:94,-67,11,1,7,1,1,1,1,0,0,0,-96,1,6,1,54142274,0,84,0,0,54.5253,384,[84 -64 4 0 0 0 0 0 0 0 0 0 7 -12 8 -12 9 -12 9 -13 10 -12 9 -11 10 -11 10 -12 11 -11 11 -12 11 -11 11 -12 12 -10 11 -11 11 -11 12 -11 11 -10 12 -10 11 -10 12 -11 12 -10 12 -10 12 -11 12 -10 12 -11 11 -11 0 0 11 -11 12 -11 12 -11 11 -12 11 -11 10 -11 10 -12 10 -12 11 -13 10 -13 10 -13 10 -12 10 -13 10 -13 10 -14 10 -14 10 -14 9 -14 10 -14 9 -15 9 -15 9 -14 10 -15 8 -15 9 -16 9 -15 0 0 0 0 0 0 0 0 0 0 ]
291,1782983854.655442,15.8971,-66,CSI_DATA,AP,98:F4:AB:29:67:94,-66,11,1,6,1,1,1,1,0,0,0,-96,1,6,1,54233751,0,84,0,0,54.6167,384,[84 -64 4 0 0 0 0 0 0 0 0 0 -14 -8 -13 -8 -14 -10 -14 -11 -14 -11 -12 -11 -13 -12 -13 -12 -13 -12 -12 -13 -13 -13 -13 -14 -12 -14 -12 -13 -12 -14 -13 -14 -12 -13 -11 -14 -11 -14 -11 -13 -11 -14 -12 -14 -11 -14 -11 -14 -12 -14 -12 -14 0 0 -12 -14 -12 -14 -11 -14 -13 -14 -11 -13 -12 -14 -12 -14 -13 -14 -12 -13 -14 -13 -14 -13 -13 -13 -13 -13 -13 -13 -15 -12 -14 -12 -15 -14 -14 -12 -14 -13 -15 -12 -15 -13 -15 -13 -15 -13 -15 -12 -15 -13 -16 -12 0 0 0 0 0 0 0 0 0 0 ]
292,1782983854.744158,15.9758,-67,CSI_DATA,AP,98:F4:AB:29:67:94,-67,11,1,7,1,1,1,1,0,0,0,-96,1,6,1,54325775,0,84,0,0,54.7088,384,[84 -64 4 0 0 0 0 0 0 0 0 0 -3 14 -3 13 -5 14 -5 14 -5 14 -6 13 -5 14 -7 13 -7 14 -7 14 -7 14 -7 14 -8 13 -8 14 -8 13 -9 15 -8 13 -9 13 -8 12 -9 12 -8 13 -9 13 -8 13 -9 13 -10 12 -8 13 0 0 -8 13 -8 14 -8 13 -8 14 -8 13 -7 14 -8 14 -7 13 -7 14 -7 14 -7 16 -6 14 -7 14 -7 14 -6 15 -6 15 -7 15 -6 15 -7 16 -6 15 -6 16 -6 16 -7 16 -5 16 -6 16 -6 16 0 0 0 0 0 0 0 0 0 0 ]
293,1782983854.835301,15.7721,-67,CSI_DATA,AP,98:F4:AB:29:67:94,-67,11,1,7,1,1,1,1,0,0,0,-96,1,6,1,54409515,0,84,0,0,54.7925,384,[84 -64 4 0 0 0 0 0 0 0 0 0 6 12 6 12 4 12 5 14 4 13 4 14 5 14 3 14 4 14 3 14 4 14 3 16 3 15 2 15 2 15 3 15 2 15 2 14 2 14 1 15 1 15 2 15 2 14 1 15 2 15 2 15 0 0 3 15 2 16 3 16 3 15 3 14 3 15 2 15 2 15 3 15 4 14 4 15 3 15 4 16 4 16 4 15 5 15 4 16 5 16 6 16 5 15 6 16 5 15 5 15 6 16 6 15 6 15 0 0 0 0 0 0 0 0 0 0 ]
294,1782983854.924325,16.2559,-67,CSI_DATA,AP,98:F4:AB:29:67:94,-67,11,1,7,1,1,1,1,0,0,0,-96,1,6,1,54515901,0,84,0,0,54.8989,384,[84 -64 4 0 0 0 0 0 0 0 0 0 -11 -11 -11 -11 -11 -11 -10 -13 -10 -12 -9 -13 -9 -13 -8 -13 -9 -14 -8 -13 -9 -14 -9 -14 -8 -15 -7 -14 -7 -15 -8 -15 -7 -14 -7 -14 -6 -15 -6 -15 -6 -14 -6 -15 -7 -15 -6 -15 -8 -15 -7 -15 0 0 -7 -15 -7 -15 -8 -15 -8 -14 -7 -15 -7 -14 -7 -15 -7 -15 -8 -15 -10 -15 -9 -14 -9 -13 -9 -14 -9 -14 -10 -15 -10 -15 -9 -15 -10 -15 -10 -15 -11 -15 -9 -15 -10 -15 -10 -15 -11 -14 -10 -14 -11 -15 0 0 0 0 0 0 0 0 0 0 ]
295,1782983855.015760,16.5465,-66,CSI_DATA,AP,98:F4:AB:29:67:94,-66,11,1,6,1,1,1,1,0,0,0,-96,1,6,1,54593873,0,84,0,0,54.9769,384,[84 -64 4 0 0 0 0 0 0 0 0 0 0 16 0 15 -1 17 -1 16 -2 17 -2 15 -2 17 -2 16 -3 17 -4 17 -4 17 -5 17 -4 17 -5 18 -4 15 -5 18 -4 16 -4 17 -5 16 -5 16 -5 16 -4 17 -5 17 -5 16 -5 16 -5 16 0 0 -4 17 -4 17 -4 17 -4 17 -3 16 -3 17 -3 16 -3 16 -3 18 -3 18 -2 18 -2 18 -2 18 -2 17 -1 19 -1 18 -1 19 0 16 -1 19 0 18 0 18 0 18 0 20 0 19 0 18 0 19 0 0 0 0 0 0 0 0 0 0 ]
296,1782983855.104411,16.5641,-66,CSI_DATA,AP,98:F4:AB:29:67:94,-66,11,1,6,1,1,1,1,0,0,0,-96,1,6,1,54682267,0,84,0,0,55.0651,384,[84 -64 4 0 0 0 0 0 0 0 0 0 1 -15 1 -15 2 -16 2 -15 2 -16 3 -15 4 -15 4 -15 5 -15 5 -15 4 -16 4 -16 5 -15 5 -15 5 -15 6 -16 5 -15 5 -15 5 -14 6 -15 6 -15 6 -15 6 -15 6 -15 6 -15 6 -15 0 0 5 -15 5 -16 5 -16 5 -16 5 -14 5 -15 4 -15 4 -16 4 -15 3 -16 3 -17 3 -16 3 -17 3 -16 3 -17 2 -16 3 -18 2 -17 3 -18 2 -17 3 -18 2 -17 2 -18 2 -18 2 -17 2 -18 0 0 0 0 0 0 0 0 0 0 ]
297,1782983855.195607,14.3828,-66,CSI_DATA,AP,98:F4:AB:29:67:94,-66,11,1,6,1,1,1,1,0,0,0,-96,1,6,1,54774365,0,84,0,0,55.1574,384,[84 -64 4 0 0 0 0 0 0 0 0 0 -11 -5 -10 -5 -12 -6 -12 -6 -12 -6 -10 -6 -10 -7 -11 -7 -11 -8 -10 -8 -11 -8 -11 -9 -11 -8 -11 -9 -10 -9 -11 -10 -10 -9 -10 -9 -9 -9 -10 -10 -9 -10 -9 -10 -9 -9 -10 -9 -9 -9 -10 -9 0 0 -10 -10 -10 -10 -10 -9 -10 -9 -9 -9 -10 -9 -10 -9 -10 -9 -10 -9 -11 -9 -11 -8 -11 -9 -11 -8 -11 -9 -12 -8 -12 -8 -12 -9 -11 -8 -11 -8 -12 -8 -12 -8 -11 -8 -12 -9 -12 -8 -12 -8 -12 -8 0 0 0 0 0 0 0 0 0 0 ]
298,1782983855.284922,14.9541,-66,CSI_DATA,AP,98:F4:AB:29:67:94,-66,11,1,6,1,1,1,1,0,0,0,-96,1,6,1,54860757,0,84,0,0,55.2437,384,[84 -64 4 0 0 0 0 0 0 0 0 0 11 10 11 11 11 12 12 11 11 11 10 12 10 13 10 13 9 12 9 14 10 15 10 14 9 14 10 14 9 14 10 16 8 15 8 14 8 14 9 15 9 15 8 14 8 14 8 14 8 14 9 15 0 0 9 14 9 14 10 14 9 14 9 14 10 14 10 14 10 13 11 13 11 14 12 13 11 14 12 13 12 13 13 14 13 12 13 14 12 12 14 13 13 12 12 13 13 13 13 13 14 12 14 12 13 12 0 0 0 0 0 0 0 0 0 0 ]
299,1782983855.376293,16.5115,-67,CSI_DATA,AP,98:F4:AB:29:67:94,-67,11,1,7,1,1,1,1,0,0,0,-96,1,6,1,54949783,0,84,0,0,55.3328,384,[84 -64 4 0 0 0 0 0 0 0 0 0 -12 -12 -11 -13 -12 -13 -11 -13 -11 -14 -10 -14 -10 -14 -9 -14 -9 -15 -9 -16 -10 -16 -9 -16 -9 -16 -9 -16 -8 -16 -9 -17 -9 -17 -9 -16 -8 -17 -8 -16 -8 -17 -9 -17 -7 -16 -8 -16 -8 -16 -8 -16 0 0 -8 -16 -9 -16 -9 -16 -9 -15 -9 -16 -10 -16 -9 -16 -10 -15 -10 -15 -11 -15 -11 -17 -11 -16 -12 -15 -11 -15 -12 -16 -12 -15 -12 -16 -12 -15 -13 -15 -12 -15 -12 -16 -14 -15 -12 -16 -14 -15 -13 -15 -13 -15 0 0 0 0 0 0 0 0 0 0 ]
300,1782983855.465357,16.9017,-67,CSI_DATA,AP,98:F4:AB:29:67:94,-67,11,1,7,1,1,1,1,0,0,0,-96,1,6,1,55038465,0,84,0,0,55.4216,384,[84 -64 4 0 0 0 0 0 0 0 0 0 15 0 15 1 16 0 16 2 17 3 17 2 16 3 16 3 17 4 16 4 17 3 17 4 17 4 17 4 16 5 17 6 17 5 16 5 16 6 16 6 16 6 16 6 16 6 16 5 16 5 16 5 0 0 17 5 16 5 17 6 16 4 15 5 16 5 17 4 16 4 17 4 17 3 17 2 17 4 18 3 18 3 18 3 18 2 19 2 18 2 18 3 18 2 19 3 19 2 18 2 19 0 19 1 19 1 0 0 0 0 0 0 0 0 0 0 ]
301,1782983855.554397,16.9858,-67,CSI_DATA,AP,98:F4:AB:29:67:94,-67,11,1,7,1,1,1,1,0,0,0,-96,1,6,1,55127949,0,84,0,0,55.5109,384,[84 -64 4 0 0 0 0 0 0 0 0 0 -14 -4 -15 -4 -15 -5 -15 -5 -15 -6 -14 -6 -15 -7 -15 -7 -15 -7 -14 -8 -15 -7 -15 -8 -14 -8 -15 -9 -14 -9 -15 -9 -14 -9 -14 -9 -14 -10 -14 -9 -14 -9 -14 -9 -13 -9 -13 -8 -14 -9 -14 -10 0 0 -14 -8 -15 -9 -14 -9 -14 -7 -13 -8 -15 -8 -15 -8 -15 -7 -14 -7 -16 -7 -16 -7 -15 -7 -16 -7 -16 -7 -16 -7 -16 -7 -17 -6 -16 -6 -17 -6 -16 -6 -17 -7 -17 -6 -17 -6 -17 -6 -16 -6 -16 -6 0 0 0 0 0 0 0 0 0 0 ]
302,1782983855.641087,17.1975,-67,CSI_DATA,AP,98:F4:AB:29:67:94,-67,11,1,7,1,1,1,1,0,0,0,-96,1,6,1,55219301,0,84,0,0,55.6023,384,[84 -64 4 0 0 0 0 0 0 0 0 0 14 -6 15 -6 15 -5 16 -5 16 -5 16 -4 16 -3 16 -3 18 -3 18 -2 18 -3 18 -2 17 -1 17 -2 17 -1 18 -1 17 -1 17 -1 17 1 17 1 18 0 17 0 17 0 17 1 17 1 18 -1 0 0 17 0 17 0 18 -1 17 -1 17 -1 18 -1 17 -1 18 -1 18 -2 19 -2 18 -3 18 -2 18 -2 18 -2 18 -2 18 -3 19 -2 18 -3 19 -3 18 -4 19 -3 19 -2 18 -2 19 -3 18 -2 19 -4 0 0 0 0 0 0 0 0 0 0 ]
303,1782983855.728277,16.2929,-67,CSI_DATA,AP,98:F4:AB:29:67:94,-67,11,1,7,1,1,1,1,0,0,0,-96,1,6,1,55310378,0,84,0,0,55.6934,384,[84 -64 4 0 0 0 0 0 0 0 0 0 14 0 13 0 14 1 14 1 14 2 14 3 14 3 14 4 15 4 14 5 15 4 15 5 14 5 15 5 14 5 15 5 14 5 14 5 14 5 14 6 14 5 15 5 13 5 13 5 14 6 13 5 0 0 14 6 15 5 14 5 14 5 14 5 14 5 15 5 15 5 14 5 16 4 15 4 14 4 14 4 15 4 16 3 15 3 16 4 15 3 16 3 16 3 16 4 16 3 16 4 17 3 16 3 15 2 0 0 0 0 0 0 0 0 0 0 ]
304,1782983855.816568,15.6957,-67,CSI_DATA,AP,98:F4:AB:29:67:94,-67,11,1,7,1,1,1,1,0,0,0,-96,1,6,1,55399033,0,84,0,0,55.7819,384,[84 -64 4 0 0 0 0 0 0 0 0 0 13 -5 13 -4 14 -4 14 -3 14 -4 14 -3 14 -2 15 -2 15 -2 15 -2 15 -2 16 -2 15 -1 16 -1 15 -1 16 -1 15 0 15 -1 15 0 14 0 15 1 16 0 15 0 15 0 15 -1 15 0 0 0 16 -1 15 -1 15 -1 15 -1 16 -1 15 -1 15 -1 15 -2 15 -2 15 -3 15 -4 15 -3 15 -3 16 -3 15 -3 16 -4 16 -4 16 -3 16 -4 16 -4 16 -4 16 -4 16 -4 16 -5 16 -5 16 -5 0 0 0 0 0 0 0 0 0 0 ]
305,1782983855.904681,16.8601,-66,CSI_DATA,AP,98:F4:AB:29:67:94,-66,11,1,6,1,1,1,1,0,0,0,-96,1,6,1,55492903,0,84,0,0,55.8759,384,[84 -64 4 0 0 0 0 0 0 0 0 0 -14 7 -14 7 -15 7 -15 7 -15 6 -15 7 -16 5 -17 6 -17 4 -17 5 -17 5 -17 5 -17 5 -17 4 -17 4 -18 4 -17 3 -18 4 -17 2 -18 1 -17 2 -18 3 -17 3 -17 3 -18 3 -17 3 0 0 -17 4 -18 3 -18 3 -17 4 -16 3 -17 3 -17 3 -18 3 -17 4 -17 5 -18 6 -17 5 -17 6 -18 6 -17 6 -18 6 -18 6 -18 6 -18 6 -17 6 -18 6 -19 6 -18 6 -18 8 -17 7 -18 7 0 0 0 0 0 0 0 0 0 0 ]
306,1782983855.994643,17.5782,-65,CSI_DATA,AP,98:F4:AB:29:67:94,-65,11,1,5,1,1,1,1,0,0,0,-96,1,6,1,55581438,0,84,0,0,55.9645,384,[84 -64 4 0 0 0 0 0 0 0 0 0 -15 -6 -14 -8 -15 -8 -15 -9 -14 -9 -14 -10 -15 -10 -14 -10 -14 -10 -14 -11 -14 -11 -14 -12 -13 -12 -13 -12 -13 -12 -14 -12 -13 -12 -13 -12 -13 -13 -13 -12 -13 -13 -13 -13 -12 -12 -12 -13 -13 -13 -14 -13 0 0 -13 -12 -14 -12 -13 -13 -14 -11 -12 -11 -14 -12 -14 -12 -14 -11 -15 -11 -15 -11 -15 -11 -14 -11 -15 -11 -15 -10 -16 -11 -16 -10 -17 -12 -16 -10 -16 -11 -17 -10 -17 -11 -17 -10 -16 -10 -17 -10 -16 -11 -17 -10 0 0 0 0 0 0 0 0 0 0 ]
307,1782983856.081347,17.8515,-67,CSI_DATA,AP,98:F4:AB:29:67:94,-67,11,1,7,1,1,1,1,0,0,0,-96,1,6,1,55683155,0,84,0,0,56.0661,384,[84 -64 4 0 0 0 0 0 0 0 0 0 -9 -15 -8 -15 -9 -15 -8 -16 -8 -16 -7 -16 -6 -16 -7 -17 -6 -18 -6 -17 -6 -17 -5 -18 -5 -18 -4 -18 -5 -18 -5 -19 -3 -18 -4 -18 -3 -18 -3 -18 -3 -18 -4 -19 -3 -18 -3 -17 -3 -18 -4 -18 0 0 -5 -18 -5 -18 -4 -17 -4 -18 -5 -17 -5 -18 -5 -18 -5 -17 -6 -17 -7 -18 -6 -17 -6 -18 -6 -18 -6 -18 -6 -18 -7 -19 -7 -19 -6 -18 -7 -18 -8 -18 -8 -18 -8 -19 -8 -19 -7 -19 -8 -19 -8 -19 0 0 0 0 0 0 0 0 0 0 ]
308,1782983856.169318,17.7394,-66,CSI_DATA,AP,98:F4:AB:29:67:94,-66,11,1,6,1,1,1,1,0,0,0,-96,1,6,1,55762442,0,84,0,0,56.1455,384,[84 -64 4 0 0 0 0 0 0 0 0 0 15 1 15 1 16 2 15 3 16 4 16 4 16 5 15 5 16 5 16 6 16 6 16 6 16 6 16 7 15 7 16 7 15 7 15 7 15 7 15 8 15 8 16 8 14 7 15 7 15 7 16 7 0 0 15 7 16 7 16 7 16 6 15 6 15 6 16 6 16 6 16 5 17 5 17 4 16 4 17 4 17 5 17 5 18 5 18 5 18 4 18 4 18 4 18 4 18 4 18 5 19 3 18 4 18 3 0 0 0 0 0 0 0 0 0 0 ]
309,1782983856.258771,18.1311,-65,CSI_DATA,AP,98:F4:AB:29:67:94,-65,11,1,5,1,1,1,1,0,0,0,-96,1,6,1,55852446,0,84,0,0,56.2355,384,[84 -64 4 0 0 0 0 0 0 0 0 0 -15 -6 -14 -7 -15 -7 -15 -8 -15 -8 -15 -9 -15 -9 -14 -9 -15 -10 -14 -11 -15 -11 -15 -10 -15 -11 -15 -11 -14 -10 -15 -11 -14 -12 -14 -12 -14 -10 -14 -11 -14 -12 -14 -12 -14 -11 -15 -10 -14 -11 -14 -11 0 0 -14 -11 -15 -10 -15 -10 -15 -9 -14 -10 -15 -9 -15 -9 -15 -9 -15 -9 -16 -9 -17 -8 -16 -9 -17 -8 -17 -8 -17 -8 -17 -8 -18 -8 -17 -7 -18 -7 -19 -7 -18 -7 -18 -8 -18 -6 -19 -6 -17 -6 -18 -7 0 0 0 0 0 0 0 0 0 0 ]
310,1782983856.347452,17.5922,-66,CSI_DATA,AP,98:F4:AB:29:67:94,-66,11,1,6,1,1,1,1,0,0,0,-96,1,6,1,55937722,0,84,0,0,56.3207,384,[84 -64 4 0 0 0 0 0 0 0 0 0 -16 -1 -16 -1 -17 -2 -17 -3 -17 -3 -16 -4 -17 -3 -17 -5 -18 -4 -18 -6 -17 -5 -18 -6 -18 -7 -17 -7 -17 -6 -18 -6 -17 -7 -18 -6 -16 -7 -17 -6 -17 -7 -17 -6 -17 -7 -17 -6 -16 -6 -16 -6 0 0 -17 -6 -17 -5 -17 -5 -18 -5 -16 -6 -17 -5 -18 -5 -18 -4 -18 -3 -18 -3 -19 -4 -18 -4 -19 -3 -18 -3 -19 -2 -19 -2 -20 -3 -19 -2 -19 -2 -19 -2 -20 -3 -20 -2 -21 -2 -20 -2 -20 -1 -19 -2 0 0 0 0 0 0 0 0 0 0 ]
311,1782983856.435213,16.3580,-66,CSI_DATA,AP,98:F4:AB:29:67:94,-66,11,1,6,1,1,1,1,0,0,0,-96,1,6,1,56029397,0,84,0,0,56.4125,384,[84 -64 4 0 0 0 0 0 0 0 0 0 13 3 13 4 14 5 13 5 14 5 13 6 14 7 13 7 13 7 13 8 14 8 13 9 13 8 13 9 12 8 13 8 13 9 13 9 12 8 12 9 12 9 12 9 12 9 11 9 12 10 12 9 0 0 12 8 13 9 12 8 13 8 12 8 13 8 12 8 13 8 13 8 13 7 14 8 13 8 13 7 14 8 15 8 14 7 15 8 14 7 15 7 15 6 14 7 15 7 15 8 16 7 15 7 15 7 0 0 0 0 0 0 0 0 0 0 ]
312,1782983856.522991,16.2638,-66,CSI_DATA,AP,98:F4:AB:29:67:94,-66,11,1,6,1,1,1,1,0,0,0,-96,1,6,1,56119721,0,84,0,0,56.5026,384,[84 -64 4 0 0 0 0 0 0 0 0 0 14 5 14 6 14 7 14 7 14 8 13 8 14 10 13 9 13 10 13 11 14 10 13 11 13 11 12 11 12 11 13 12 12 12 12 12 12 11 11 12 11 12 11 12 12 12 12 11 12 12 12 12 0 0 11 12 12 11 12 12 12 11 12 11 12 11 13 11 13 11 13 11 15 10 15 11 14 9 14 10 14 11 15 11 14 10 15 11 15 10 15 10 15 10 15 10 16 11 15 10 16 10 15 10 15 10 0 0 0 0 0 0 0 0 0 0 ]
313,1782983856.611964,16.6290,-66,CSI_DATA,AP,98:F4:AB:29:67:94,-66,11,1,6,1,1,1,1,0,0,0,-96,1,6,1,56207561,0,84,0,0,56.5906,384,[84 -64 4 0 0 0 0 0 0 0 0 0 11 -12 11 -11 12 -12 13 -11 14 -11 13 -10 13 -11 13 -10 14 -10 15 -9 15 -9 15 -10 15 -9 15 -9 15 -8 16 -10 15 -9 16 -9 15 -8 15 -8 15 -8 15 -8 15 -8 15 -8 16 -8 15 -9 0 0 14 -9 15 -9 14 -9 14 -10 13 -8 14 -10 14 -10 14 -11 14 -11 14 -12 14 -11 14 -11 14 -11 14 -12 14 -12 13 -13 14 -13 13 -13 13 -13 13 -14 13 -14 13 -14 14 -14 13 -14 13 -14 12 -14 0 0 0 0 0 0 0 0 0 0 ]
314,1782983856.699764,15.9550,-65,CSI_DATA,AP,98:F4:AB:29:67:94,-65,11,1,5,1,1,1,1,0,0,0,-96,1,6,1,56303884,0,84,0,0,56.6868,384,[84 -64 4 0 0 0 0 0 0 0 0 0 -6 12 -6 13 -6 13 -7 14 -8 13 -8 13 -9 13 -9 12 -9 13 -9 12 -11 12 -10 12 -10 12 -11 11 -11 11 -11 12 -11 12 -11 11 -11 11 -11 11 -11 10 -11 11 -10 11 -11 11 -12 10 -11 12 0 0 -11 11 -11 11 -11 12 -10 11 -11 11 -11 11 -10 12 -10 12 -10 12 -9 12 -10 13 -10 13 -10 13 -10 13 -9 13 -10 14 -9 14 -9 14 -10 14 -9 14 -9 14 -10 14 -10 14 -9 14 -10 14 -9 14 0 0 0 0 0 0 0 0 0 0 ]
315,1782983856.786756,15.7131,-66,CSI_DATA,AP,98:F4:AB:29:67:94,-66,11,1,6,1,1,1,1,0,0,0,-96,1,6,1,56390111,0,84,0,0,56.7731,384,[84 -64 4 0 0 0 0 0 0 0 0 0 11 -10 11 -9 12 -10 12 -9 13 -8 12 -8 13 -9 13 -8 14 -9 14 -7 14 -7 14 -8 14 -7 15 -7 13 -6 15 -7 14 -6 14 -6 14 -6 14 -7 14 -6 14 -6 14 -6 14 -6 14 -6 14 -7 0 0 14 -7 15 -7 13 -7 14 -7 13 -6 14 -7 14 -8 14 -8 13 -9 14 -9 13 -9 13 -9 13 -9 13 -10 13 -10 13 -10 14 -10 13 -10 14 -10 13 -11 14 -11 14 -11 13 -10 14 -11 13 -12 14 -11 0 0 0 0 0 0 0 0 0 0 ]
316,1782983856.875009,16.0586,-66,CSI_DATA,AP,98:F4:AB:29:67:94,-66,11,1,6,1,1,1,1,0,0,0,-96,1,6,1,56477932,0,84,0,0,56.8609,384,[84 -64 4 0 0 0 0 0 0 0 0 0 15 -2 16 -1 15 0 17 0 16 0 16 1 16 1 17 2 17 1 16 2 17 2 17 2 17 2 18 3 17 3 18 4 17 4 16 4 16 5 16 4 16 5 16 5 15 4 16 3 16 4 17 4 0 0 16 4 17 4 17 4 16 3 16 4 17 4 16 4 17 3 17 4 17 2 18 2 17 3 18 2 18 1 18 2 18 1 18 2 18 1 18 2 18 1 18 1 19 2 18 2 19 1 18 1 19 1 0 0 0 0 0 0 0 0 0 0 ]
317,1782983856.964406,15.8705,-65,CSI_DATA,AP,98:F4:AB:29:67:94,-65,11,1,5,1,1,1,1,0,0,0,-96,1,6,1,56574281,0,84,0,0,56.9572,384,[84 -64 4 0 0 0 0 0 0 0 0 0 -9 -12 -8 -13 -9 -14 -8 -13 -8 -14 -7 -14 -7 -14 -7 -14 -7 -15 -6 -15 -6 -16 -6 -15 -6 -16 -5 -16 -5 -15 -6 -16 -5 -16 -5 -15 -5 -15 -5 -15 -4 -15 -5 -15 -5 -15 -4 -15 -5 -15 -5 -16 0 0 -6 -15 -6 -16 -6 -14 -6 -15 -5 -14 -6 -15 -7 -15 -7 -15 -6 -15 -7 -15 -8 -15 -8 -15 -7 -14 -7 -15 -8 -15 -8 -15 -8 -16 -8 -15 -9 -15 -9 -15 -8 -15 -8 -15 -9 -15 -10 -15 -9 -15 -9 -15 0 0 0 0 0 0 0 0 0 0 ]
318,1782983857.051633,16.3604,-65,CSI_DATA,AP,98:F4:AB:29:67:94,-65,11,1,5,1,1,1,1,0,0,0,-96,1,6,1,56658409,0,84,0,0,57.0414,384,[84 -64 4 0 0 0 0 0 0 0 0 0 -3 16 -3 15 -3 16 -4 15 -4 17 -4 14 -5 16 -7 15 -6 16 -7 16 -7 16 -8 16 -8 16 -8 16 -8 14 -8 17 -8 15 -8 15 -8 14 -8 15 -9 14 -8 15 -8 15 -8 15 -8 15 -8 15 0 0 -8 15 -8 16 -7 15 -7 16 -7 14 -7 15 -7 15 -7 15 -6 16 -6 17 -5 17 -6 16 -6 16 -6 16 -5 18 -5 17 -6 19 -4 17 -5 18 -5 17 -5 18 -4 18 -5 19 -5 18 -5 18 -5 18 0 0 0 0 0 0 0 0 0 0 ]
319,1782983857.140020,16.9574,-65,CSI_DATA,AP,98:F4:AB:29:67:94,-65,11,1,5,1,1,1,1,0,0,0,-96,1,6,1,56747571,0,84,0,0,57.1306,384,[84 -64 4 0 0 0 0 0 0 0 0 0 2 -16 2 -14 3 -16 3 -16 4 -17 4 -15 5 -16 5 -15 5 -17 7 -16 7 -16 7 -17 7 -16 7 -16 7 -15 8 -17 6 -15 7 -16 7 -15 7 -15 7 -15 8 -15 8 -15 8 -15 8 -15 7 -16 0 0 7 -15 7 -17 6 -15 6 -17 6 -15 7 -16 7 -17 6 -16 5 -17 6 -18 5 -17 6 -17 5 -17 5 -16 4 -18 3 -18 5 -19 4 -18 4 -18 4 -19 4 -19 4 -19 5 -19 4 -19 4 -19 4 -19 0 0 0 0 0 0 0 0 0 0 ]
320,1782983857.229444,17.1735,-65,CSI_DATA,AP,98:F4:AB:29:67:94,-65,11,1,5,1,1,1,1,0,0,0,-96,1,6,1,56839684,0,84,0,0,57.2226,384,[84 -64 4 0 0 0 0 0 0 0 0 0 1 15 0 16 -1 16 -1 16 -1 15 -2 15 -2 16 -4 16 -4 16 -4 17 -4 17 -4 17 -4 17 -5 17 -5 16 -5 17 -6 16 -6 16 -6 15 -6 15 -7 15 -7 15 -6 15 -6 15 -6 16 -6 17 0 0 -6 16 -5 16 -5 16 -4 16 -6 15 -5 15 -5 16 -5 16 -5 17 -4 17 -3 17 -4 16 -4 17 -3 17 -4 17 -3 18 -4 18 -3 18 -4 18 -3 18 -4 18 -4 18 -3 19 -2 18 -3 19 -3 18 0 0 0 0 0 0 0 0 0 0 ]
321,1782983857.321223,17.2134,-65,CSI_DATA,AP,98:F4:AB:29:67:94,-65,11,1,5,1,1,1,1,0,0,0,-96,1,6,1,56929232,0,84,0,0,57.3122,384,[84 -64 4 0 0 0 0 0 0 0 0 0 -15 6 -16 5 -17 5 -17 4 -18 5 -17 5 -18 4 -18 4 -18 3 -19 3 -20 2 -19 2 -20 2 -19 2 -19 1 -21 1 -19 2 -20 1 -19 1 -19 1 -18 1 -19 1 -19 1 -19 0 -20 0 -20 1 0 0 -19 1 -20 2 -19 1 -19 2 -18 1 -19 2 -19 2 -20 2 -19 4 -19 4 -20 3 -19 3 -19 3 -20 3 -20 3 -20 4 -21 4 -20 4 -20 4 -20 5 -21 4 -20 5 -21 4 -20 5 -20 5 -20 6 0 0 0 0 0 0 0 0 0 0 ]
322,1782983857.411943,17.4560,-64,CSI_DATA,AP,98:F4:AB:29:67:94,-64,11,1,4,1,1,1,1,0,0,0,-96,1,6,1,57027537,0,84,0,0,57.4105,384,[84 -64 4 0 0 0 0 0 0 0 0 0 13 3 12 3 12 4 12 4 13 4 12 5 12 5 11 5 12 6 12 6 12 6 12 7 13 7 13 6 12 6 12 8 12 7 11 7 11 7 11 7 11 7 12 7 11 7 11 7 12 7 12 7 0 0 12 7 12 6 12 7 11 6 11 6 12 6 12 6 12 5 12 6 13 6 13 5 13 5 13 5 13 5 13 5 14 5 14 5 13 4 14 4 14 4 14 4 14 5 14 4 14 4 14 4 14 4 0 0 0 0 0 0 0 0 0 0 ]
323,1782983857.501899,17.3969,-65,CSI_DATA,AP,98:F4:AB:29:67:94,-65,11,1,5,1,1,1,1,0,0,0,-96,1,6,1,57110576,0,84,0,0,57.4936,384,[84 -64 4 0 0 0 0 0 0 0 0 0 2 -19 12 -18 3 -15 5 -14 6 -16 6 -15 6 -15 7 -15 7 -16 8 -15 8 -15 9 -15 9 -15 9 -14 8 -14 8 -16 8 -15 9 -16 8 -14 8 -15 8 -14 8 -15 9 -14 8 -15 8 -15 8 -16 0 0 7 -15 7 -16 6 -15 6 -17 6 -15 6 -16 6 -16 6 -16 5 -16 5 -17 4 -17 4 -16 4 -17 4 -16 4 -18 3 -18 4 -19 4 -18 3 -19 2 -18 4 -19 2 -18 3 -18 2 -19 3 -19 1 -18 0 0 0 0 0 0 0 0 0 0 ]
324,1782983857.592551,16.9564,-65,CSI_DATA,AP,98:F4:AB:29:67:94,-65,11,1,5,1,1,1,1,0,0,0,-96,1,6,1,57197562,0,84,0,0,57.5806,384,[84 -64 4 0 0 0 0 0 0 0 0 0 -6 14 -6 14 -7 14 -8 14 -8 13 -8 14 -9 14 -10 14 -9 13 -9 13 -9 14 -9 13 -10 14 -11 13 -11 13 -11 14 -11 13 -11 13 -11 12 -11 12 -11 12 -12 12 -11 12 -11 12 -11 12 -11 13 0 0 -11 13 -11 13 -10 13 -10 13 -11 13 -10 13 -10 13 -10 13 -9 14 -9 14 -10 15 -9 14 -9 15 -9 14 -9 15 -9 16 -9 15 -9 15 -10 16 -9 15 -9 15 -9 15 -9 16 -9 16 -9 16 -9 16 0 0 0 0 0 0 0 0 0 0 ]
325,1782983857.683935,16.9902,-65,CSI_DATA,AP,98:F4:AB:29:67:94,-65,11,1,5,1,1,1,1,0,0,0,-96,1,6,1,57287527,0,84,0,0,57.6705,384,[84 -64 4 0 0 0 0 0 0 0 0 0 -16 2 -16 1 -16 1 -16 1 -17 0 -16 -1 -17 -1 -16 -1 -17 -2 -17 -3 -17 -2 -17 -3 -17 -2 -17 -2 -17 -2 -18 -3 -17 -3 -17 -3 -17 -3 -17 -4 -16 -3 -17 -3 -17 -4 -16 -3 -17 -3 -17 -3 0 0 -17 -2 -18 -3 -17 -2 -17 -2 -16 -2 -17 -2 -18 -2 -17 -2 -18 -1 -18 0 -18 0 -18 0 -18 1 -18 1 -17 0 -18 1 -19 0 -18 1 -19 1 -18 2 -18 2 -19 1 -19 2 -20 3 -19 2 -19 2 0 0 0 0 0 0 0 0 0 0 ]
326,1782983857.782212,17.8126,-64,CSI_DATA,AP,98:F4:AB:29:67:94,-64,11,1,4,1,1,1,1,0,0,0,-96,1,6,1,57381239,0,84,0,0,57.7642,384,[84 -64 4 0 0 0 0 0 0 0 0 0 1 -16 2 -17 3 -17 3 -17 3 -18 4 -17 4 -18 4 -17 5 -18 6 -18 6 -18 7 -18 6 -18 6 -17 6 -17 6 -18 7 -18 6 -17 6 -16 7 -17 7 -17 6 -17 7 -17 8 -17 7 -17 7 -17 0 0 7 -17 6 -18 6 -17 5 -18 5 -17 4 -18 5 -18 5 -18 4 -19 4 -19 4 -19 4 -18 4 -18 4 -18 3 -20 3 -20 4 -21 3 -20 3 -20 2 -20 3 -20 3 -20 3 -21 2 -21 2 -21 2 -20 0 0 0 0 0 0 0 0 0 0 ]
327,1782983857.871560,18.0157,-64,CSI_DATA,AP,98:F4:AB:29:67:94,-64,11,1,4,1,1,1,1,0,0,0,-96,1,6,1,57471742,0,84,0,0,57.8547,384,[84 -64 4 0 0 0 0 0 0 0 0 0 -14 -10 -13 -10 -14 -11 -13 -11 -14 -12 -13 -12 -13 -13 -12 -13 -12 -14 -12 -15 -13 -15 -11 -14 -12 -15 -12 -15 -11 -14 -12 -16 -12 -15 -12 -15 -11 -15 -10 -16 -10 -15 -11 -15 -11 -15 -11 -14 -10 -15 -11 -15 0 0 -12 -14 -12 -15 -12 -14 -13 -15 -11 -13 -12 -15 -12 -15 -12 -14 -13 -14 -14 -14 -13 -13 -13 -14 -14 -13 -14 -13 -15 -13 -15 -13 -16 -14 -15 -14 -15 -14 -15 -13 -15 -14 -16 -13 -16 -15 -16 -13 -16 -13 -15 -13 0 0 0 0 0 0 0 0 0 0 ]
328,1782983857.966721,18.6693,-64,CSI_DATA,AP,98:F4:AB:29:67:94,-64,11,1,4,1,1,1,1,0,0,0,-96,1,6,1,57557206,0,84,0,0,57.9401,384,[84 -64 4 0 0 0 0 0 0 0 0 0 -1 -17 0 -17 0 -18 1 -17 1 -18 2 -17 3 -18 3 -18 3 -18 3 -18 4 -18 4 -19 3 -19 4 -19 4 -18 5 -19 5 -18 5 -18 5 -17 6 -17 6 -18 5 -18 5 -17 4 -17 5 -18 5 -18 0 0 4 -18 4 -18 4 -18 4 -18 4 -17 4 -18 4 -18 4 -19 4 -19 2 -19 1 -19 2 -19 2 -19 2 -19 2 -20 1 -20 2 -20 1 -20 2 -20 1 -20 1 -20 1 -20 1 -20 0 -21 0 -20 0 -21 0 0 0 0 0 0 0 0 0 0 ]
329,1782983858.059986,17.6934,-64,CSI_DATA,AP,98:F4:AB:29:67:94,-64,11,1,3,1,1,1,1,0,0,0,-96,1,6,1,57653567,0,84,0,0,58.0365,384,[84 -64 4 0 0 0 0 0 0 0 0 0 1 -15 1 -14 1 -15 2 -15 2 -15 3 -15 3 -15 4 -15 4 -16 4 -15 5 -16 6 -16 6 -16 5 -16 5 -15 6 -16 5 -15 6 -15 6 -15 5 -14 7 -15 7 -15 6 -14 6 -14 7 -15 6 -15 0 0 6 -16 6 -15 6 -15 6 -16 6 -14 5 -16 5 -16 5 -15 6 -16 5 -16 4 -16 4 -16 4 -16 4 -17 4 -17 4 -17 5 -17 4 -17 4 -17 3 -18 4 -17 3 -18 4 -18 3 -18 3 -18 3 -18 0 0 0 0 0 0 0 0 0 0 ]
330,1782983858.154371,16.2156,-64,CSI_DATA,AP,98:F4:AB:29:67:94,-64,11,1,4,1,1,1,1,0,0,0,-96,1,6,1,57737572,0,84,0,0,58.1206,384,[84 -64 4 0 0 0 0 0 0 0 0 0 12 8 10 8 11 9 11 9 12 10 10 9 10 11 10 11 10 11 10 13 10 13 9 13 10 12 9 13 9 12 10 14 9 12 9 13 8 12 9 12 8 13 9 13 8 13 8 13 8 13 8 13 0 0 8 13 10 13 8 13 10 13 8 12 9 12 9 12 9 12 10 12 11 13 10 12 10 12 11 12 10 11 12 13 12 12 12 13 11 12 11 12 12 12 12 13 12 12 12 13 12 12 12 13 12 12 0 0 0 0 0 0 0 0 0 0 ]
331,1782983858.240403,16.8095,-64,CSI_DATA,AP,98:F4:AB:29:67:94,-64,11,1,4,1,1,1,1,0,0,0,-96,1,6,1,57827731,0,84,0,0,58.2108,384,[84 -64 4 0 0 0 0 0 0 0 0 0 4 -16 4 -16 5 -17 5 -17 5 -16 5 -16 6 -17 8 -16 8 -17 9 -16 9 -16 9 -17 8 -16 9 -16 9 -15 10 -16 9 -16 9 -16 9 -15 9 -15 10 -15 10 -15 10 -15 10 -15 10 -15 10 -16 0 0 10 -16 9 -16 10 -16 8 -16 9 -15 9 -16 9 -16 8 -16 9 -16 9 -17 8 -17 8 -17 8 -17 8 -17 8 -18 7 -18 8 -19 7 -18 8 -19 7 -18 8 -18 8 -18 8 -19 7 -19 8 -19 7 -19 0 0 0 0 0 0 0 0 0 0 ]
332,1782983858.330118,17.5208,-64,CSI_DATA,AP,98:F4:AB:29:67:94,-64,11,1,4,1,1,1,1,0,0,0,-96,1,6,1,57918332,0,84,0,0,58.3013,384,[84 -64 4 0 0 0 0 0 0 0 0 0 -17 2 -17 1 -18 0 -17 0 -17 0 -17 1 -17 -1 -18 -2 -18 -2 -18 -2 -19 -2 -19 -3 -19 -2 -19 -3 -18 -3 -19 -3 -18 -3 -18 -4 -18 -4 -18 -4 -18 -4 -18 -4 -18 -4 -17 -4 -18 -4 -18 -3 0 0 -18 -3 -19 -3 -19 -3 -18 -2 -18 -3 -19 -2 -19 -2 -18 -2 -18 -1 -19 0 -19 -1 -19 -1 -20 0 -20 -1 -20 0 -20 0 -20 0 -20 1 -20 1 -20 0 -20 0 -21 0 -20 0 -21 2 -20 1 -20 1 0 0 0 0 0 0 0 0 0 0 ]
333,1782983858.420121,16.5271,-64,CSI_DATA,AP,98:F4:AB:29:67:94,-64,11,1,4,1,1,1,1,0,0,0,-96,1,6,1,58012042,0,84,0,0,58.395,384,[84 -64 4 0 0 0 0 0 0 0 0 0 14 3 14 5 13 5 14 5 14 6 13 6 14 7 14 7 14 7 13 8 14 8 14 9 14 8 13 9 13 8 14 9 14 9 13 8 13 9 12 8 12 9 13 9 13 8 12 9 13 9 13 9 0 0 14 8 13 8 14 8 13 7 13 8 14 8 13 8 14 7 14 7 14 7 15 6 14 7 14 6 16 7 15 6 16 6 16 6 16 6 16 6 16 5 16 6 16 6 16 6 17 5 16 5 16 5 0 0 0 0 0 0 0 0 0 0 ]
334,1782983858.512402,16.1364,-64,CSI_DATA,AP,98:F4:AB:29:67:94,-64,11,1,4,1,1,1,1,0,0,0,-96,1,6,1,58098259,0,84,0,0,58.4813,384,[84 -64 4 0 0 0 0 0 0 0 0 0 -12 10 -12 9 -13 9 -13 9 -13 9 -13 8 -14 8 -14 7 -15 9 -15 7 -16 7 -16 7 -16 7 -16 7 -15 6 -17 7 -15 7 -15 7 -15 6 -15 6 -16 6 -16 6 -15 6 -16 6 -15 6 -15 6 0 0 -15 6 -16 8 -14 7 -15 8 -14 7 -15 7 -15 7 -14 8 -15 8 -15 9 -15 10 -14 8 -14 9 -14 9 -15 11 -14 10 -15 10 -14 10 -14 10 -14 11 -14 10 -14 11 -15 11 -15 11 -14 11 -13 11 0 0 0 0 0 0 0 0 0 0 ]
335,1782983858.602462,16.0377,-64,CSI_DATA,AP,98:F4:AB:29:67:94,-64,11,1,4,1,1,1,1,0,0,0,-96,1,6,1,58188762,0,84,0,0,58.5718,384,[84 -64 4 0 0 0 0 0 0 0 0 0 -11 10 -11 9 -13 10 -13 9 -13 9 -13 9 -14 8 -14 8 -14 8 -15 7 -15 8 -16 8 -15 7 -16 7 -14 7 -16 7 -15 7 -15 7 -16 6 -15 6 -15 6 -15 6 -15 6 -15 7 -15 6 -15 7 0 0 -15 7 -16 8 -15 8 -14 9 -14 7 -14 8 -15 8 -14 8 -15 9 -15 9 -14 10 -14 9 -14 9 -14 10 -14 11 -13 11 -15 11 -14 11 -14 11 -14 11 -14 11 -14 11 -14 11 -14 12 -14 11 -13 11 0 0 0 0 0 0 0 0 0 0 ]
336,1782983858.689979,17.0215,-65,CSI_DATA,AP,98:F4:AB:29:67:94,-65,11,1,5,1,1,1,1,0,0,0,-96,1,6,1,58284885,0,84,0,0,58.6679,384,[84 -64 4 0 0 0 0 0 0 0 0 0 8 -14 9 -13 9 -14 9 -13 10 -13 9 -12 10 -13 10 -12 11 -11 12 -13 12 -12 12 -13 13 -13 12 -12 13 -11 13 -12 12 -12 12 -12 12 -12 12 -12 12 -11 13 -11 11 -12 12 -11 13 -12 13 -12 0 0 12 -12 11 -13 10 -12 11 -14 11 -11 12 -12 11 -12 12 -13 12 -13 11 -13 9 -14 10 -13 10 -14 10 -14 10 -21 10 -15 11 -16 10 -16 11 -15 9 -16 11 -16 10 -16 10 -15 9 -16 9 -15 10 -16 0 0 0 0 0 0 0 0 0 0 ]
337,1782983858.787946,18.9705,-65,CSI_DATA,AP,98:F4:AB:29:67:94,-65,11,1,5,1,1,1,1,0,0,0,-96,1,6,1,58368591,0,84,0,0,58.7515,384,[84 -64 4 0 0 0 0 0 0 0 0 0 -7 -17 -7 -17 -6 -17 -6 -17 -6 -18 -5 -17 -4 -19 -4 -18 -4 -19 -3 -19 -4 -19 -3 -19 -4 -19 -3 -19 -2 -18 -3 -21 -2 -19 -2 -20 -2 -18 -2 -19 -2 -19 -2 -19 -1 -20 -1 -19 -2 -20 -2 -20 0 0 -3 -19 -3 -20 -3 -19 -3 -20 -3 -18 -3 -19 -3 -19 -4 -18 -3 -19 -5 -20 -6 -19 -4 -19 -5 -20 -5 -19 -6 -20 -6 -20 -6 -21 -6 -19 -6 -20 -7 -20 -6 -20 -7 -21 -6 -20 -7 -20 -7 -20 -7 -19 0 0 0 0 0 0 0 0 0 0 ]
338,1782983858.900359,18.2070,-65,CSI_DATA,AP,98:F4:AB:29:67:94,-65,11,1,5,1,1,1,1,0,0,0,-96,1,6,1,58467361,0,84,0,0,58.8504,384,[84 -64 4 0 0 0 0 0 0 0 0 0 -3 15 -4 14 -5 15 -4 15 -5 15 -4 14 -5 16 -6 15 -6 16 -7 14 -8 15 -8 15 -8 15 -8 14 -7 14 -9 16 -8 15 -8 15 -8 14 -8 14 -9 14 -8 14 -9 14 -9 14 -9 14 -8 15 0 0 -8 14 -8 15 -8 14 -8 15 -8 14 -7 15 -7 14 -7 15 -7 16 -6 16 -6 17 -7 15 -7 15 -6 16 -6 16 -6 17 -7 17 -5 16 -6 17 -5 17 -6 17 -5 17 -6 18 -5 17 -6 17 -5 17 0 0 0 0 0 0 0 0 0 0 ]
339,1782983858.989935,17.5113,-64,CSI_DATA,AP,98:F4:AB:29:67:94,-64,11,1,4,1,1,1,1,0,0,0,-96,1,6,1,58558479,0,84,0,0,58.9414,384,[84 -64 4 0 0 0 0 0 0 0 0 0 -4 -15 -4 -15 -3 -16 -3 -15 -3 -16 -2 -15 -2 -16 -2 -16 -1 -17 0 -17 -1 -17 0 -17 1 -17 1 -17 0 -16 0 -18 0 -17 0 -17 1 -16 0 -16 0 -16 0 -17 1 -16 1 -16 1 -17 1 -16 0 0 -1 -17 -1 -17 -1 -16 -1 -17 0 -15 -2 -17 -2 -17 -2 -16 -2 -17 -3 -17 -3 -17 -2 -17 -2 -17 -3 -17 -4 -18 -4 -17 -3 -18 -4 -17 -4 -17 -5 -17 -4 -17 -5 -17 -4 -18 -4 -18 -4 -18 -5 -17 0 0 0 0 0 0 0 0 0 0 ]
340,1782983859.084562,16.8961,-65,CSI_DATA,AP,98:F4:AB:29:67:94,-65,11,1,5,1,1,1,1,0,0,0,-96,1,6,1,58639410,0,84,0,0,59.0224,384,[84 -64 4 0 0 0 0 0 0 0 0 0 15 1 15 2 16 3 15 3 15 4 15 4 15 4 15 5 15 5 15 6 16 6 16 5 16 6 15 6 15 6 16 7 15 7 15 6 14 7 14 7 14 7 15 7 14 7 15 7 15 7 15 7 0 0 15 7 15 7 16 7 15 6 15 6 15 6 15 7 15 6 15 5 16 5 16 5 16 5 16 5 16 5 16 5 17 4 17 5 17 3 17 4 17 3 17 4 17 4 17 4 18 3 17 4 17 4 0 0 0 0 0 0 0 0 0 0 ]
341,1782983859.178291,16.9567,-65,CSI_DATA,AP,98:F4:AB:29:67:94,-65,11,1,5,1,1,1,1,0,0,0,-96,1,6,1,58728450,0,84,0,0,59.1115,384,[84 -64 4 0 0 0 0 0 0 0 0 0 1 14 0 15 1 14 -3 22 -1 15 -2 15 -1 17 -1 15 -2 16 -3 16 -3 16 -3 16 -3 16 -3 16 -4 16 -4 17 -4 16 -3 16 -4 15 -4 15 -5 15 -4 15 -4 15 -4 15 -5 16 -4 16 0 0 -4 16 -4 17 -3 16 -4 16 -3 15 -3 16 -3 16 -2 16 -2 16 -1 17 -1 17 -2 16 -1 16 -2 17 0 17 -1 18 -1 18 0 17 -1 18 0 18 0 17 0 18 0 19 0 18 0 17 1 17 0 0 0 0 0 0 0 0 0 0 ]
342,1782983859.271740,17.1968,-65,CSI_DATA,AP,98:F4:AB:29:67:94,-65,11,1,5,1,1,1,1,0,0,0,-96,1,6,1,58817953,0,84,0,0,59.201,384,[84 -64 4 0 0 0 0 0 0 0 0 0 -15 -7 -15 -7 -15 -7 -15 -8 -15 -9 -15 -9 -14 -9 -14 -10 -14 -10 -13 -10 -14 -12 -14 -12 -13 -12 -14 -12 -13 -12 -14 -12 -13 -12 -13 -11 -13 -12 -12 -12 -12 -12 -13 -12 -13 -12 -12 -12 -12 -13 -13 -12 0 0 -13 -12 -13 -11 -13 -11 -14 -11 -13 -11 -14 -11 -14 -12 -14 -12 -14 -10 -15 -11 -15 -11 -14 -11 -15 -10 -15 -11 -16 -10 -16 -10 -15 -11 -15 -10 -16 -10 -15 -10 -16 -10 -16 -10 -16 -11 -16 -10 -16 -11 -16 -10 0 0 0 0 0 0 0 0 0 0 ]
343,1782983859.363210,16.5413,-65,CSI_DATA,AP,98:F4:AB:29:67:94,-65,11,1,5,1,1,1,1,0,0,0,-96,1,6,1,58907671,0,84,0,0,59.2907,384,[84 -64 4 0 0 0 0 0 0 0 0 0 5 12 5 12 4 12 5 14 4 13 4 13 3 14 3 14 3 14 1 14 2 14 2 15 2 15 2 15 1 14 2 16 1 15 2 15 1 14 1 14 0 14 1 14 1 14 1 15 1 15 1 14 0 0 1 15 2 14 2 15 2 15 2 14 2 15 2 15 3 14 3 15 4 15 4 15 3 14 4 14 4 15 5 15 6 15 5 16 6 15 5 15 6 14 5 15 6 14 5 15 6 15 6 15 6 15 0 0 0 0 0 0 0 0 0 0 ]
344,1782983859.454789,16.2499,-65,CSI_DATA,AP,98:F4:AB:29:67:94,-65,11,1,5,1,1,1,1,0,0,0,-96,1,6,1,59000738,0,84,0,0,59.3838,384,[84 -64 4 0 0 0 0 0 0 0 0 0 -8 12 -8 13 -9 13 -10 13 -10 12 -10 13 -11 12 -11 12 -12 12 -12 11 -12 13 -12 13 -13 12 -13 11 -13 11 -14 11 -14 11 -13 10 -14 11 -13 10 -14 10 -13 11 -13 10 -13 10 -13 10 -13 11 0 0 -13 11 -14 11 -13 11 -12 11 -12 11 -13 11 -13 11 -12 11 -13 12 -12 12 -12 13 -12 13 -12 13 -12 13 -12 13 -12 14 -12 13 -12 13 -13 14 -12 14 -12 13 -12 14 -12 14 -11 14 -12 14 -12 14 0 0 0 0 0 0 0 0 0 0 ]
345,1782983859.543347,17.2868,-65,CSI_DATA,AP,98:F4:AB:29:67:94,-65,11,1,5,1,1,1,1,0,0,0,-96,1,6,1,59089397,0,84,0,0,59.4723,384,[84 -64 4 0 0 0 0 0 0 0 0 0 9 14 8 15 8 16 8 16 8 15 7 16 7 16 6 17 5 17 5 18 5 17 5 19 5 18 4 18 4 17 4 18 4 18 4 17 4 18 3 17 3 17 4 18 3 18 4 17 3 18 4 17 0 0 4 17 5 18 5 17 5 16 4 18 5 17 5 18 6 17 6 18 6 18 7 17 6 17 7 18 7 18 7 18 8 18 8 18 8 18 8 18 8 17 7 18 8 18 8 18 9 18 8 18 9 17 0 0 0 0 0 0 0 0 0 0 ]
346,1782983859.631536,15.9759,-65,CSI_DATA,AP,98:F4:AB:29:67:94,-65,11,1,5,1,1,1,1,0,0,0,-96,1,6,1,59177577,0,84,0,0,59.5606,384,[84 -64 4 0 0 0 0 0 0 0 0 0 -9 -9 -10 -10 -10 -10 -9 -10 -9 -10 -9 -11 -9 -11 -7 -11 -8 -12 -8 -12 -8 -12 -8 -13 -8 -12 -7 -13 -7 -12 -8 -13 -7 -12 -7 -12 -7 -12 -7 -13 -6 -13 -7 -13 -6 -13 -6 -13 -6 -13 -7 -12 0 0 -6 -13 -8 -13 -8 -11 -7 -12 -7 -12 -8 -13 -7 -12 -7 -12 -8 -12 -9 -12 -9 -12 -8 -12 -8 -12 -9 -11 -9 -12 -10 -12 -9 -12 -10 -12 -9 -12 -9 -12 -9 -12 -10 -12 -10 -12 -10 -12 -9 -12 -9 -12 0 0 0 0 0 0 0 0 0 0 ]
347,1782983859.720130,16.6066,-65,CSI_DATA,AP,98:F4:AB:29:67:94,-65,11,1,5,1,1,1,1,0,0,0,-96,1,6,1,59268108,0,84,0,0,59.6511,384,[84 -64 4 0 0 0 0 0 0 0 0 0 10 -12 10 -11 11 -11 12 -11 12 -11 12 -11 13 -10 13 -10 13 -10 13 -10 14 -11 14 -10 14 -10 15 -9 14 -8 15 -9 14 -8 14 -9 14 -8 15 -7 15 -8 15 -8 15 -8 14 -8 15 -8 14 -9 0 0 15 -8 14 -9 14 -9 14 -9 14 -8 14 -8 14 -8 14 -9 14 -9 14 -9 14 -11 13 -10 14 -10 14 -10 14 -10 14 -11 14 -11 14 -12 14 -11 14 -11 15 -12 14 -12 15 -12 14 -12 14 -13 14 -12 0 0 0 0 0 0 0 0 0 0 ]
348,1782983859.812205,15.9346,-66,CSI_DATA,AP,98:F4:AB:29:67:94,-66,11,1,6,1,1,1,1,0,0,0,-96,1,6,1,59359556,0,84,0,0,59.7426,384,[84 -64 4 0 0 0 0 0 0 0 0 0 -5 -14 -5 -14 -5 -15 -4 -15 -4 -15 -3 -15 -3 -15 -2 -15 -2 -16 -2 -16 -2 -16 -2 -16 -1 -16 -2 -17 -2 -16 -1 -17 -1 -16 -1 -15 0 -15 0 -15 0 -15 0 -16 0 -15 0 -15 -1 -16 -1 -16 0 0 -1 -16 -2 -16 -1 -16 -1 -16 -1 -15 -1 -15 -2 -16 -2 -16 -2 -16 -3 -16 -3 -16 -3 -15 -4 -16 -4 -16 -3 -17 -4 -16 -4 -17 -3 -16 -4 -17 -4 -16 -4 -17 -4 -17 -4 -17 -5 -17 -5 -17 -5 -17 0 0 0 0 0 0 0 0 0 0 ]
349,1782983859.900550,16.5370,-66,CSI_DATA,AP,98:F4:AB:29:67:94,-66,11,1,6,1,1,1,1,0,0,0,-96,1,6,1,59449854,0,84,0,0,59.8328,384,[84 -64 4 0 0 0 0 0 0 0 0 0 14 10 13 10 14 11 13 12 13 11 12 12 12 13 12 13 12 14 12 14 13 14 12 14 12 15 12 15 10 15 12 15 11 15 10 15 11 15 10 15 10 15 10 16 10 16 11 15 10 14 12 15 0 0 10 15 11 15 10 15 11 14 10 14 11 14 11 15 11 14 11 15 13 14 13 14 12 14 14 14 13 15 12 14 14 15 14 14 14 14 14 15 13 14 14 14 13 15 13 14 15 14 15 14 14 14 0 0 0 0 0 0 0 0 0 0 ]
350,1782983859.991520,17.2322,-66,CSI_DATA,AP,98:F4:AB:29:67:94,-66,11,1,6,1,1,1,1,0,0,0,-96,1,6,1,59540451,0,84,0,0,59.9235,384,[84 -64 4 0 0 0 0 0 0 0 0 0 -10 -13 -10 -13 -10 -15 -9 -14 -9 -15 -8 -14 -8 -15 -8 -15 -8 -16 -7 -16 -7 -17 -6 -17 -6 -17 -6 -17 -8 -16 -6 -16 -5 -17 -5 -19 -9 -19 -5 -17 -6 -16 -5 -17 -5 -17 -5 -16 -5 -17 -5 -17 0 0 -6 -17 -6 -17 -5 -15 -7 -16 -6 -15 -6 -16 -7 -16 -6 -16 -7 -16 -8 -17 -8 -16 -7 -17 -8 -16 -8 -17 -9 -17 -9 -16 -8 -18 -8 -16 -8 -16 -10 -17 -8 -16 -10 -16 -9 -17 -9 -17 -10 -17 -10 -16 0 0 0 0 0 0 0 0 0 0 ]
351,1782983860.081011,16.8931,-66,CSI_DATA,AP,98:F4:AB:29:67:94,-66,11,1,6,1,1,1,1,0,0,0,-96,1,6,1,59635743,0,84,0,0,60.0187,384,[84 -64 4 0 0 0 0 0 0 0 0 0 14 1 15 1 16 1 16 2 16 3 15 3 15 3 15 3 16 4 15 6 16 6 16 6 16 6 16 5 15 6 16 6 16 5 15 6 15 5 15 6 14 7 14 6 15 7 15 6 15 6 15 6 0 0 15 6 16 5 15 5 16 4 15 5 16 5 16 4 15 4 16 4 17 4 17 4 16 4 17 4 16 3 17 3 18 2 18 2 17 2 17 3 17 2 19 2 18 2 18 2 19 2 18 2 18 2 0 0 0 0 0 0 0 0 0 0 ]
352,1782983860.169491,15.6020,-66,CSI_DATA,AP,98:F4:AB:29:67:94,-66,11,1,6,1,1,1,1,0,0,0,-96,1,6,1,59722146,0,84,0,0,60.1052,384,[84 -64 4 0 0 0 0 0 0 0 0 0 3 13 3 14 2 13 2 14 2 14 1 14 1 15 0 15 0 15 -1 15 0 15 -1 15 -1 15 -1 15 -1 15 -1 16 -1 15 -2 15 -2 14 -2 15 -2 14 -2 14 -2 14 -2 14 -3 14 -1 15 0 0 -2 15 -1 15 -1 15 -1 15 -1 14 -1 14 -1 15 0 14 0 15 0 15 1 16 0 15 1 15 1 15 1 15 1 15 1 16 2 15 1 15 2 16 1 16 1 16 2 16 2 16 2 16 2 16 0 0 0 0 0 0 0 0 0 0 ]
353,1782983860.259900,17.8482,-66,CSI_DATA,AP,98:F4:AB:29:67:94,-66,11,1,6,1,1,1,1,0,0,0,-96,1,6,1,59807983,0,84,0,0,60.1909,384,[84 -64 4 0 0 0 0 0 0 0 0 0 -15 -11 -15 -11 -14 -12 -14 -12 -14 -14 -13 -12 -14 -13 -13 -14 -14 -14 -13 -15 -13 -16 -13 -15 -12 -15 -13 -15 -12 -15 -13 -16 -12 -16 -12 -16 -12 -15 -11 -15 -11 -15 -12 -16 -12 -16 -11 -15 -12 -16 -12 -15 0 0 -12 -15 -13 -16 -13 -15 -13 -15 -12 -14 -14 -15 -13 -15 -14 -14 -15 -15 -15 -14 -15 -15 -14 -14 -15 -14 -15 -15 -16 -14 -15 -14 -16 -15 -15 -13 -16 -14 -16 -13 -17 -14 -16 -14 -16 -15 -17 -13 -16 -14 -17 -13 0 0 0 0 0 0 0 0 0 0 ]
354,1782983860.349219,17.6922,-67,CSI_DATA,AP,98:F4:AB:29:67:94,-67,11,1,7,1,1,1,1,0,0,0,-96,1,6,1,59897520,0,84,0,0,60.2805,384,[84 -64 4 0 0 0 0 0 0 0 0 0 14 -6 14 -5 15 -5 15 -4 15 -4 16 -4 16 -3 16 -3 16 -3 17 -2 16 -2 17 -2 17 -2 17 -1 17 -1 17 -1 16 -1 16 -1 16 0 16 -1 17 0 16 -1 16 0 17 0 17 0 16 -1 0 0 17 -1 17 -1 16 -1 17 -1 16 0 16 -1 16 -1 17 -1 16 -1 17 -3 17 -2 17 -1 17 -3 17 -2 18 -2 17 -3 18 -3 17 -3 18 -4 17 -4 18 -4 19 -3 19 -3 18 -5 17 -4 18 -4 0 0 0 0 0 0 0 0 0 0 ]
355,1782983860.438250,17.5957,-67,CSI_DATA,AP,98:F4:AB:29:67:94,-67,11,1,7,1,1,1,1,0,0,0,-96,1,6,1,59989384,0,84,0,0,60.3724,384,[84 -64 4 0 0 0 0 0 0 0 0 0 -15 7 -14 5 -16 6 -15 5 -16 5 -16 4 -16 4 -17 3 -17 3 -18 3 -17 3 -17 3 -18 2 -17 2 -17 2 -19 2 -16 2 -17 2 -17 1 -18 2 -17 1 -17 1 -18 1 -18 2 -17 1 -17 2 0 0 -17 2 -17 3 -17 2 -18 3 -16 2 -18 2 -18 3 -17 3 -17 3 -18 4 -18 5 -16 4 -17 5 -17 4 -18 5 -17 6 -18 4 -18 5 -18 5 -18 5 -18 5 -18 5 -19 6 -18 6 -19 6 -18 6 0 0 0 0 0 0 0 0 0 0 ]
356,1782983860.528476,17.1091,-67,CSI_DATA,AP,98:F4:AB:29:67:94,-67,11,1,7,1,1,1,1,0,0,0,-96,1,6,1,60080907,0,84,0,0,60.4639,384,[84 -64 4 0 0 0 0 0 0 0 0 0 -4 15 -5 15 -6 14 -6 15 -7 15 -7 15 -7 14 -7 15 -8 15 -8 14 -8 15 -9 15 -9 14 -10 15 -9 14 -10 15 -10 15 -10 14 -10 13 -10 14 -10 13 -9 13 -9 15 -9 14 -10 14 -9 15 0 0 -10 14 -9 14 -9 14 -9 14 -9 14 -9 14 -9 14 -8 15 -8 16 -7 15 -7 16 -7 15 -7 16 -7 16 -8 16 -7 16 -8 17 -8 17 -8 17 -7 16 -6 17 -7 18 -6 17 -6 17 -6 17 -6 17 0 0 0 0 0 0 0 0 0 0 ]
357,1782983860.617392,17.6397,-67,CSI_DATA,AP,98:F4:AB:29:67:94,-67,11,1,7,1,1,1,1,0,0,0,-96,1,6,1,60170703,0,84,0,0,60.5537,384,[84 -64 4 0 0 0 0 0 0 0 0 0 -14 -7 -15 -8 -15 -9 -15 -10 -14 -9 -14 -10 -13 -10 -14 -11 -14 -10 -14 -11 -14 -12 -14 -12 -14 -12 -13 -13 -13 -11 -14 -13 -14 -11 -13 -12 -12 -12 -12 -12 -13 -13 -13 -12 -12 -12 -12 -12 -12 -13 -13 -13 0 0 -13 -12 -13 -12 -13 -12 -13 -11 -13 -11 -14 -11 -14 -12 -14 -10 -14 -10 -15 -11 -15 -10 -14 -11 -15 -11 -15 -10 -16 -10 -16 -10 -16 -10 -16 -9 -16 -10 -17 -9 -17 -9 -17 -10 -17 -10 -17 -10 -18 -10 -17 -9 0 0 0 0 0 0 0 0 0 0 ]
358,1782983860.705950,18.5764,-66,CSI_DATA,AP,98:F4:AB:29:67:94,-66,11,1,6,1,1,1,1,0,0,0,-96,1,6,1,60259763,0,84,0,0,60.6427,384,[84 -64 4 0 0 0 0 0 0 0 0 0 18 -3 17 -3 17 -2 17 -3 17 -2 18 -2 18 -1 17 0 18 -1 18 0 19 1 19 2 18 2 19 2 19 1 19 1 19 1 18 2 18 2 18 2 18 2 18 2 17 2 18 2 19 3 18 2 0 0 18 1 19 1 18 0 18 0 17 0 18 -1 18 0 18 -1 20 -3 19 -2 19 -2 18 -1 19 -1 19 -3 20 -3 20 -4 20 -3 20 -3 19 -4 20 -4 20 -4 20 -5 20 -4 20 -4 20 -4 19 -4 0 0 0 0 0 0 0 0 0 0 ]
359,1782983860.796264,18.0391,-67,CSI_DATA,AP,98:F4:AB:29:67:94,-67,11,1,7,1,1,1,1,0,0,0,-96,1,6,1,60347900,0,84,0,0,60.7309,384,[84 -64 4 0 0 0 0 0 0 0 0 0 -7 -15 -5 -15 -6 -16 -4 -16 -4 -17 -4 -17 -3 -17 -2 -17 -2 -17 -2 -18 -3 -18 -2 -18 -2 -17 -2 -18 -1 -18 -1 -19 0 -18 0 -18 1 -17 0 -18 1 -18 1 -17 0 -17 0 -17 0 -17 -1 -18 0 0 0 -17 -1 -18 -1 -17 -2 -17 -1 -17 0 -17 -1 -17 -1 -17 -1 -18 -2 -19 -3 -18 -3 -17 -2 -18 -3 -18 -3 -18 -4 -19 -3 -19 -3 -19 -3 -19 -4 -18 -3 -18 -4 -19 -4 -19 -4 -19 -4 -19 -4 -19 0 0 0 0 0 0 0 0 0 0 ]
360,1782983860.886008,17.5672,-67,CSI_DATA,AP,98:F4:AB:29:67:94,-67,11,1,7,1,1,1,1,0,0,0,-96,1,6,1,60439358,0,84,0,0,60.8224,384,[84 -64 4 0 0 0 0 0 0 0 0 0 -14 -7 -14 -8 -15 -9 -15 -9 -15 -10 -14 -11 -14 -10 -13 -10 -13 -11 -13 -12 -13 -12 -14 -12 -13 -13 -14 -13 -13 -13 -12 -13 -13 -13 -12 -12 -11 -13 -12 -13 -11 -13 -12 -14 -12 -13 -11 -13 -12 -14 -12 -13 0 0 -12 -13 -13 -13 -13 -13 -12 -13 -12 -13 -12 -13 -13 -13 -12 -13 -13 -12 -14 -12 -15 -12 -13 -12 -14 -12 -14 -13 -14 -12 -14 -12 -15 -13 -14 -12 -15 -13 -14 -12 -15 -12 -15 -13 -15 -12 -16 -12 -15 -13 -16 -12 0 0 0 0 0 0 0 0 0 0 ]
361,1782983860.974728,17.0004,-67,CSI_DATA,AP,98:F4:AB:29:67:94,-67,11,1,7,1,1,1,1,0,0,0,-96,1,6,1,60530113,0,84,0,0,60.9131,384,[84 -64 4 0 0 0 0 0 0 0 0 0 6 -16 4 -14 6 -16 7 -15 8 -15 7 -14 7 -15 8 -14 8 -15 10 -14 10 -16 10 -15 10 -14 10 -15 10 -14 11 -15 8 -14 10 -15 10 -13 10 -14 10 -14 10 -14 9 -13 9 -14 10 -14 9 -14 0 0 9 -15 9 -15 8 -14 8 -16 8 -14 8 -15 9 -15 7 -14 6 -17 8 -18 8 -17 7 -16 7 -16 6 -16 7 -18 5 -17 7 -18 5 -17 6 -17 5 -17 6 -18 5 -18 6 -19 5 -18 5 -18 5 -17 0 0 0 0 0 0 0 0 0 0 ]
362,1782983861.064087,17.1116,-66,CSI_DATA,AP,98:F4:AB:29:67:94,-66,11,1,6,1,1,1,1,0,0,0,-96,1,6,1,60618366,0,84,0,0,61.0013,384,[84 -64 4 0 0 0 0 0 0 0 0 0 -16 1 -16 1 -16 0 -17 0 -17 0 -16 0 -17 0 -17 -1 -17 -1 -18 -3 -17 -3 -17 -3 -17 -4 -18 -4 -17 -3 -19 -4 -17 -3 -17 -4 -17 -4 -17 -3 -17 -4 -17 -4 -17 -4 -17 -4 -17 -5 -17 -4 0 0 -17 -3 -18 -3 -17 -3 -18 -3 -16 -4 -18 -3 -17 -2 -17 -2 -18 -1 -18 -1 -18 -2 -17 -2 -18 -1 -18 -1 -19 -1 -18 0 -20 -1 -19 0 -18 1 -19 1 -19 0 -18 1 -19 -1 -20 -1 -19 0 -19 0 0 0 0 0 0 0 0 0 0 0 ]
363,1782983861.154303,17.4879,-66,CSI_DATA,AP,98:F4:AB:29:67:94,-66,11,1,6,1,1,1,1,0,0,0,-96,1,6,1,60709015,0,84,0,0,61.092,384,[84 -64 4 0 0 0 0 0 0 0 0 0 -4 -16 -3 -15 -3 -16 -2 -17 -2 -17 -1 -17 -1 -17 -1 -17 1 -17 1 -17 0 -18 1 -18 0 -17 1 -18 1 -17 2 -18 1 -18 1 -17 1 -17 2 -17 2 -18 2 -17 1 -17 1 -17 2 -17 1 -17 0 0 0 -17 1 -17 0 -18 1 -17 0 -16 1 -18 0 -18 -1 -18 0 -18 -1 -17 -3 -18 -2 -17 -3 -17 -2 -18 -2 -18 -3 -18 -3 -18 -3 -19 -3 -19 -3 -19 -3 -18 -3 -19 -3 -18 -4 -18 -4 -18 -4 -19 0 0 0 0 0 0 0 0 0 0 ]
364,1782983861.243255,16.9904,-66,CSI_DATA,AP,98:F4:AB:29:67:94,-66,11,1,6,1,1,1,1,0,0,0,-96,1,6,1,60799284,0,84,0,0,61.1823,384,[84 -64 4 0 0 0 0 0 0 0 0 0 11 -8 11 -8 12 -9 12 -8 12 -8 12 -7 13 -6 12 -7 14 -6 13 -6 13 -6 14 -6 15 -6 15 -6 14 -6 15 -5 14 -5 14 -5 13 -4 14 -4 14 -5 15 -5 14 -5 14 -5 14 -4 14 -5 0 0 14 -5 14 -5 14 -5 14 -6 13 -5 14 -5 14 -5 13 -6 13 -6 14 -7 14 -8 13 -6 14 -7 14 -7 14 -7 14 -8 15 -8 14 -8 15 -8 14 -8 15 -8 14 -8 15 -8 14 -9 14 -9 14 -8 0 0 0 0 0 0 0 0 0 0 ]
365,1782983861.334421,16.4458,-66,CSI_DATA,AP,98:F4:AB:29:67:94,-66,11,1,6,1,1,1,1,0,0,0,-96,1,6,1,60887667,0,84,0,0,61.2707,384,[84 -64 4 0 0 0 0 0 0 0 0 0 6 -14 7 -14 7 -14 8 -14 8 -14 9 -14 9 -14 9 -13 9 -14 11 -13 11 -14 11 -14 11 -13 10 -13 11 -13 11 -14 11 -13 11 -12 11 -13 12 -13 11 -13 11 -13 11 -12 11 -13 11 -12 11 -14 0 0 10 -14 10 -14 10 -14 10 -14 9 -13 10 -14 10 -14 9 -15 9 -15 8 -15 8 -15 8 -15 8 -15 8 -16 8 -16 8 -17 8 -17 8 -17 7 -17 7 -17 7 -17 7 -16 7 -18 7 -18 7 -17 7 -17 0 0 0 0 0 0 0 0 0 0 ]
366,1782983861.423288,16.7717,-66,CSI_DATA,AP,98:F4:AB:29:67:94,-66,11,1,6,1,1,1,1,0,0,0,-96,1,6,1,60980190,0,84,0,0,61.3632,384,[84 -64 4 0 0 0 0 0 0 0 0 0 -14 7 -14 6 -16 6 -16 5 -16 5 -15 4 -16 5 -17 4 -16 4 -17 3 -18 4 -17 3 -17 3 -18 3 -17 2 -19 3 -17 3 -18 3 -17 2 -17 2 -17 2 -17 2 -17 2 -17 2 -17 3 -17 3 0 0 -17 3 -17 5 -17 4 -17 5 -16 4 -16 5 -17 4 -16 5 -17 5 -18 6 -17 6 -16 5 -16 6 -16 6 -17 8 -16 7 -18 8 -17 7 -17 7 -16 8 -18 7 -16 8 -18 8 -17 8 -17 8 -17 9 0 0 0 0 0 0 0 0 0 0 ]
367,1782983861.514547,16.9918,-66,CSI_DATA,AP,98:F4:AB:29:67:94,-66,11,1,6,1,1,1,1,0,0,0,-96,1,6,1,61067560,0,84,0,0,61.4506,384,[84 -64 4 0 0 0 0 0 0 0 0 0 -6 -15 -6 -15 -5 -16 -5 -16 -4 -16 -4 -17 -3 -17 -3 -17 -2 -17 -2 -16 -3 -18 -3 -17 -3 -17 -2 -17 -2 -17 -2 -19 -2 -18 -2 -17 -1 -18 -1 -18 -1 -18 -1 -18 -1 -17 -1 -17 -1 -17 -2 -18 0 0 -2 -18 -2 -18 -2 -17 -3 -17 -2 -16 -2 -18 -3 -17 -2 -17 -4 -17 -4 -17 -5 -18 -4 -17 -5 -17 -5 -18 -5 -18 -5 -18 -6 -19 -6 -18 -5 -18 -6 -17 -5 -18 -6 -18 -6 -18 -7 -17 -6 -18 -6 -17 0 0 0 0 0 0 0 0 0 0 ]
368,1782983861.603695,16.9036,-66,CSI_DATA,AP,98:F4:AB:29:67:94,-66,11,1,6,1,1,1,1,0,0,0,-96,1,6,1,61160011,0,84,0,0,61.543,384,[84 -64 4 0 0 0 0 0 0 0 0 0 -11 11 -12 11 -12 11 -13 10 -13 10 -13 9 -13 10 -14 10 -14 9 -14 9 -15 9 -15 8 -16 8 -16 8 -15 7 -16 8 -15 8 -16 7 -15 8 -15 7 -16 7 -15 7 -15 7 -15 7 -15 7 -15 8 0 0 -15 7 -15 8 -15 8 -15 9 -15 8 -15 8 -14 8 -14 8 -15 9 -15 10 -15 11 -14 9 -15 10 -14 11 -14 11 -14 11 -16 11 -14 10 -15 11 -14 12 -14 12 -15 12 -15 12 -14 12 -14 12 -15 12 0 0 0 0 0 0 0 0 0 0 ]
369,1782983861.693776,16.2487,-66,CSI_DATA,AP,98:F4:AB:29:67:94,-66,11,1,6,1,1,1,1,0,0,0,-96,1,6,1,61258272,0,84,0,0,61.6413,384,[84 -64 4 0 0 0 0 0 0 0 0 0 1 -15 2 -14 2 -15 3 -15 4 -15 4 -14 5 -15 4 -15 4 -15 5 -15 6 -15 6 -15 6 -15 7 -15 7 -14 7 -15 6 -15 6 -15 6 -13 7 -14 7 -14 7 -14 7 -14 7 -13 8 -14 6 -14 0 0 6 -15 6 -15 6 -14 6 -14 6 -14 5 -15 6 -15 5 -15 5 -15 4 -16 5 -15 5 -15 6 -15 4 -15 5 -16 4 -16 5 -17 3 -16 4 -17 3 -16 4 -16 3 -17 4 -16 3 -17 4 -17 4 -16 0 0 0 0 0 0 0 0 0 0 ]
370,1782983861.783858,17.2257,-66,CSI_DATA,AP,98:F4:AB:29:67:94,-66,11,1,6,1,1,1,1,0,0,0,-96,1,6,1,61338380,0,84,0,0,61.7213,384,[84 -64 4 0 0 0 0 0 0 0 0 0 -8 -15 -6 -15 -7 -16 -6 -15 -7 -16 -5 -15 -6 -17 -5 -16 -5 -17 -3 -17 -4 -17 -3 -18 -3 -18 -3 -18 -2 -16 -3 -18 -3 -17 -2 -17 -2 -17 -3 -18 -2 -17 -2 -17 -2 -17 -2 -17 -2 -18 -3 -18 0 0 -3 -17 -3 -18 -3 -17 -3 -17 -2 -17 -4 -17 -4 -17 -4 -17 -4 -18 -5 -18 -5 -18 -5 -17 -5 -17 -5 -17 -6 -18 -6 -17 -6 -18 -6 -18 -6 -18 -7 -18 -6 -18 -6 -18 -6 -19 -7 -18 -6 -18 -6 -18 0 0 0 0 0 0 0 0 0 0 ]
371,1782983861.873196,16.2400,-66,CSI_DATA,AP,98:F4:AB:29:67:94,-66,11,1,6,1,1,1,1,0,0,0,-96,1,6,1,61427540,0,84,0,0,61.8106,384,[84 -64 4 0 0 0 0 0 0 0 0 0 10 11 10 11 9 12 9 13 8 13 8 14 8 13 7 14 8 14 7 14 8 15 7 15 7 15 6 15 6 15 7 16 6 16 6 15 5 15 6 15 5 15 6 15 5 15 6 15 6 14 6 15 0 0 6 15 7 15 7 15 6 14 6 15 7 14 5 15 7 14 7 15 8 15 8 14 8 14 8 15 9 15 8 15 9 15 9 15 9 14 9 15 9 14 9 15 9 15 9 14 10 14 10 15 10 14 0 0 0 0 0 0 0 0 0 0 ]
372,1782983861.962396,16.1403,-67,CSI_DATA,AP,98:F4:AB:29:67:94,-67,11,1,7,1,1,1,1,0,0,0,-96,1,6,1,61522352,0,84,0,0,61.9053,384,[84 -64 4 0 0 0 0 0 0 0 0 0 -14 -1 -14 -2 -14 -1 -15 -3 -14 -3 -14 -4 -14 -4 -15 -4 -15 -4 -15 -5 -15 -5 -15 -5 -15 -6 -16 -6 -15 -6 -16 -6 -15 -6 -14 -6 -14 -6 -14 -6 -15 -6 -15 -7 -14 -6 -15 -6 -15 -6 -15 -7 0 0 -15 -5 -14 -6 -15 -6 -14 -5 -15 -6 -14 -6 -16 -5 -15 -5 -15 -5 -16 -4 -16 -4 -15 -4 -15 -4 -16 -4 -16 -4 -17 -3 -16 -3 -16 -3 -16 -3 -17 -3 -16 -3 -17 -3 -17 -3 -17 -2 -17 -3 -17 -2 0 0 0 0 0 0 0 0 0 0 ]
373,1782983862.052082,16.1360,-67,CSI_DATA,AP,98:F4:AB:29:67:94,-67,11,1,7,1,1,1,1,0,0,0,-96,1,6,1,61608431,0,84,0,0,61.9914,384,[84 -64 4 0 0 0 0 0 0 0 0 0 -9 13 -9 13 -11 13 -11 13 -11 12 -11 12 -12 12 -12 11 -12 12 -12 11 -13 12 -13 12 -13 11 -14 11 -14 10 -14 11 -14 10 -13 11 -13 10 -14 10 -14 10 -14 10 -13 10 -14 10 -13 10 -14 11 0 0 -13 11 -13 11 -14 11 -12 12 -14 10 -12 11 -13 11 -13 11 -13 12 -12 13 -13 13 -13 12 -12 12 -12 13 -12 14 -12 14 -12 13 -12 13 -12 14 -12 14 -12 15 -11 14 -12 14 -12 14 -11 14 -11 14 0 0 0 0 0 0 0 0 0 0 ]
374,1782983862.141735,15.2596,-67,CSI_DATA,AP,98:F4:AB:29:67:94,-67,11,1,7,1,1,1,1,0,0,0,-96,1,6,1,61698309,0,84,0,0,62.0813,384,[84 -64 4 0 0 0 0 0 0 0 0 0 10 9 9 9 10 8 10 9 10 10 10 10 9 12 10 11 9 11 8 12 9 12 8 13 8 12 8 13 7 12 8 14 7 12 8 14 7 13 7 13 7 13 7 13 7 13 6 13 7 13 7 13 0 0 7 13 8 14 7 12 8 12 7 12 8 13 7 12 8 13 8 12 9 13 9 13 8 12 9 12 8 12 10 13 10 12 10 13 9 12 9 12 10 11 10 12 10 12 10 13 10 13 10 12 11 12 0 0 0 0 0 0 0 0 0 0 ]
375,1782983862.231669,16.0332,-67,CSI_DATA,AP,98:F4:AB:29:67:94,-67,11,1,7,1,1,1,1,0,0,0,-96,1,6,1,61790061,0,84,0,0,62.1731,384,[84 -64 4 0 0 0 0 0 0 0 0 0 -7 -15 -8 -14 -7 -15 -6 -15 -6 -16 -6 -16 -5 -17 -5 -16 -4 -17 -4 -16 -5 -18 -3 -17 -4 -17 -3 -18 -1 -17 -3 -19 -3 -17 -3 -18 -2 -17 -2 -18 -2 -18 -2 -17 -3 -18 -2 -18 -2 -17 -3 -17 0 0 -3 -17 -4 -17 -2 -17 -3 -17 -3 -17 -3 -16 -4 -18 -3 -17 -4 -17 -4 -17 -5 -17 -5 -18 -5 -17 -5 -17 -5 -18 -5 -18 -5 -19 -6 -18 -5 -19 -5 -18 -5 -18 -5 -18 -5 -19 -6 -19 -6 -18 -7 -18 0 0 0 0 0 0 0 0 0 0 ]
376,1782983862.321751,15.8680,-67,CSI_DATA,AP,98:F4:AB:29:67:94,-67,11,1,7,1,1,1,1,0,0,0,-96,1,6,1,61879740,0,84,0,0,62.2627,384,[84 -64 4 0 0 0 0 0 0 0 0 0 -12 6 -12 7 -13 7 -14 6 -14 6 -13 5 -14 6 -13 6 -15 6 -15 5 -15 5 -14 4 -15 4 -15 4 -15 3 -16 4 -15 4 -16 3 -15 4 -15 4 -15 4 -16 4 -15 4 -15 3 -15 4 -15 4 0 0 -14 4 -15 4 -15 4 -16 5 -15 4 -14 5 -14 5 -14 5 -15 5 -15 6 -16 6 -14 6 -15 6 -14 6 -15 7 -15 7 -16 7 -15 7 -15 7 -15 7 -14 7 -15 7 -15 7 -15 8 -15 7 -15 8 0 0 0 0 0 0 0 0 0 0 ]
377,1782983862.411755,16.0941,-67,CSI_DATA,AP,98:F4:AB:29:67:94,-67,11,1,7,1,1,1,1,0,0,0,-96,1,6,1,61967475,0,84,0,0,62.3505,384,[84 -64 4 0 0 0 0 0 0 0 0 0 2 15 1 14 1 15 0 15 -1 16 0 15 -1 16 -1 16 -1 17 -1 16 -2 17 -2 17 -3 16 -2 16 -3 16 -4 17 -3 17 -3 17 -4 17 -4 16 -4 16 -4 16 -4 16 -4 16 -3 16 -4 16 0 0 -4 16 -3 17 -3 16 -3 16 -4 16 -3 16 -3 16 -3 16 -2 16 -2 17 -2 17 -2 17 -2 16 -2 17 -2 17 -1 18 -1 18 -1 18 -1 18 0 18 -1 17 -2 18 -1 19 0 19 -2 17 0 18 0 0 0 0 0 0 0 0 0 0 ]
378,1782983862.499993,17.5011,-67,CSI_DATA,AP,98:F4:AB:29:67:94,-67,11,1,7,1,1,1,1,0,0,0,-96,1,6,1,62069595,0,84,0,0,62.4525,384,[84 -64 4 0 0 0 0 0 0 0 0 0 15 6 15 7 15 9 14 9 15 9 14 10 14 10 15 10 14 10 14 11 15 11 14 12 13 12 14 12 13 12 15 12 14 12 13 12 12 12 13 11 12 12 13 12 13 12 12 12 14 12 13 12 0 0 14 12 14 13 14 12 15 12 13 11 14 12 15 11 15 11 15 11 16 12 16 10 15 10 17 11 17 10 17 10 16 9 17 11 16 9 17 9 17 9 18 11 18 10 18 10 18 9 17 10 18 8 0 0 0 0 0 0 0 0 0 0 ]
379,1782983862.587551,17.7884,-67,CSI_DATA,AP,98:F4:AB:29:67:94,-67,11,1,7,1,1,1,1,0,0,1,-96,1,6,1,62150068,0,84,0,0,62.5331,384,[84 -64 4 0 0 0 0 0 0 0 0 0 -14 7 -14 7 -15 7 -15 5 -15 5 -15 5 -16 5 -15 4 -16 5 -16 4 -17 5 -17 4 -17 3 -18 3 -17 3 -18 3 -18 3 -17 3 -16 2 -17 2 -16 2 -17 2 -17 2 -17 2 -17 3 -16 3 0 0 -17 3 -17 3 -17 4 -17 4 -17 3 -17 3 -17 4 -16 4 -17 5 -17 6 -17 6 -16 4 -17 5 -17 5 -17 6 -18 6 -18 6 -17 6 -17 6 -18 7 -18 6 -17 7 -18 7 -18 6 -17 7 -17 7 0 0 0 0 0 0 0 0 0 0 ]
380,1782983862.674736,16.1273,-67,CSI_DATA,AP,98:F4:AB:29:67:94,-67,11,1,7,1,1,1,1,0,0,1,-96,1,6,1,62238776,0,84,0,0,62.6218,384,[84 -64 4 0 0 0 0 0 0 0 0 0 5 12 5 13 5 13 4 13 4 13 3 13 3 14 3 14 2 14 2 14 2 15 2 14 1 15 2 14 1 14 1 16 1 15 1 15 0 14 0 14 0 14 0 14 1 14 1 14 1 14 1 14 0 0 2 14 2 15 2 15 3 15 1 14 2 14 3 14 3 14 3 14 4 15 4 14 3 14 4 14 4 15 4 15 5 14 4 15 5 14 5 16 5 15 5 14 5 15 5 16 6 15 6 14 6 15 0 0 0 0 0 0 0 0 0 0 ]
381,1782983862.765482,15.6477,-67,CSI_DATA,AP,98:F4:AB:29:67:94,-67,11,1,7,1,1,1,1,0,0,1,-96,1,6,1,62329048,0,84,0,0,62.7121,384,[84 -64 4 0 0 0 0 0 0 0 0 0 4 14 3 14 4 15 2 15 3 15 2 16 2 16 1 15 2 16 0 17 1 17 0 17 -1 16 1 17 0 16 0 18 -1 17 0 17 -1 15 0 16 -1 16 0 16 -2 16 -1 16 -1 16 -1 17 0 0 0 16 0 17 0 17 1 16 0 15 1 16 1 16 1 16 1 16 2 17 2 16 2 16 2 17 3 17 3 17 3 17 2 18 3 17 4 17 3 18 3 18 3 18 3 17 3 18 3 18 4 17 0 0 0 0 0 0 0 0 0 0 ]
382,1782983862.854824,15.6793,-67,CSI_DATA,AP,98:F4:AB:29:67:94,-67,11,1,7,1,1,1,1,0,0,1,-96,1,6,1,62417771,0,84,0,0,62.8008,384,[84 -64 4 0 0 0 0 0 0 0 0 0 14 -4 14 -3 15 -2 16 -3 15 -2 16 -1 15 -1 16 -1 16 -1 17 -1 16 0 17 0 17 1 17 0 16 2 17 2 16 1 17 1 16 2 16 2 16 2 16 2 16 3 16 1 16 1 16 1 0 0 16 1 17 1 17 1 16 0 15 2 16 1 16 2 16 1 16 -1 17 -1 17 -1 17 0 18 -1 17 -1 17 -1 18 -1 18 -2 17 -2 18 -2 17 -1 18 -2 18 -1 18 -1 19 -3 18 -2 17 -2 0 0 0 0 0 0 0 0 0 0 ]
383,1782983862.945791,16.7946,-67,CSI_DATA,AP,98:F4:AB:29:67:94,-67,11,1,7,1,1,1,1,0,0,1,-96,1,6,1,62507607,0,84,0,0,62.8906,384,[84 -64 4 0 0 0 0 0 0 0 0 0 -16 0 -16 -1 -17 -1 -16 -2 -17 -2 -16 -2 -16 -3 -17 -4 -16 -4 -17 -5 -17 -4 -18 -4 -17 -5 -17 -5 -17 -5 -18 -5 -16 -5 -17 -5 -16 -6 -16 -6 -16 -6 -16 -6 -16 -6 -16 -6 -17 -6 -16 -5 0 0 -16 -5 -17 -5 -16 -6 -17 -5 -16 -5 -16 -5 -17 -5 -17 -5 -17 -4 -18 -4 -18 -4 -17 -4 -18 -3 -17 -3 -18 -4 -18 -3 -19 -4 -18 -3 -19 -3 -19 -3 -19 -4 -19 -3 -19 -4 -19 -3 -18 -3 -19 -3 0 0 0 0 0 0 0 0 0 0 ]
384,1782983863.035642,16.6188,-67,CSI_DATA,AP,98:F4:AB:29:67:94,-67,11,1,7,1,1,1,1,0,0,1,-96,1,6,1,62598318,0,84,0,0,62.9813,384,[84 -64 4 0 0 0 0 0 0 0 0 0 2 -15 2 -15 2 -16 3 -15 4 -17 4 -15 5 -16 5 -16 6 -16 5 -15 5 -16 6 -16 7 -15 6 -15 6 -15 7 -16 7 -16 7 -16 7 -15 7 -15 7 -15 8 -16 7 -15 7 -15 7 -15 6 -16 0 0 8 -16 8 -16 7 -16 6 -16 7 -15 7 -16 7 -16 5 -16 6 -17 6 -17 5 -17 6 -17 6 -17 6 -17 5 -17 5 -17 6 -18 5 -18 5 -19 5 -18 5 -18 4 -18 5 -19 5 -19 5 -19 5 -18 0 0 0 0 0 0 0 0 0 0 ]
385,1782983863.126373,17.1516,-67,CSI_DATA,AP,98:F4:AB:29:67:94,-67,11,1,7,1,1,1,1,0,0,1,-96,1,6,1,62688805,0,84,0,0,63.0718,384,[84 -64 4 0 0 0 0 0 0 0 0 0 -14 0 -15 0 -17 -2 -16 -1 -16 -2 -15 -2 -17 -1 -16 -3 -17 -2 -17 -4 -17 -4 -17 -5 -18 -4 -17 -5 -16 -5 -18 -5 -16 -4 -17 -5 -17 -5 -15 -6 -16 -5 -16 -6 -16 -5 -17 -5 -16 -6 -16 -5 0 0 -17 -4 -18 -4 -17 -4 -18 -4 -17 -4 -15 -5 -17 -4 -17 -4 -17 -3 -18 -3 -17 -3 -17 -3 -18 -3 -18 -3 -18 -2 -18 -2 -19 -2 -19 -2 -18 -2 -19 -2 -19 -2 -19 -2 -19 -2 -20 -1 -19 -1 -19 -2 0 0 0 0 0 0 0 0 0 0 ]
386,1782983863.215562,17.1378,-66,CSI_DATA,AP,98:F4:AB:29:67:94,-66,11,1,6,1,1,1,1,0,0,0,-96,1,6,1,62790266,0,84,0,0,63.1732,384,[84 -64 4 0 0 0 0 0 0 0 0 0 -3 14 -3 13 -4 15 -4 14 -5 15 -5 14 -4 15 -4 15 -4 15 -6 16 -7 15 -7 15 -8 15 -7 14 -7 14 -7 16 -6 15 -7 16 -6 13 -7 14 -8 14 -6 15 -7 15 -8 14 -8 15 -9 15 0 0 -7 15 -7 16 -6 14 -5 17 -5 14 -6 14 -4 14 -6 16 -5 16 -6 16 -5 17 -5 16 -5 15 -4 16 -4 17 -3 17 -4 18 -4 17 -3 18 -3 18 -2 17 -3 18 -4 18 -4 18 -4 18 -3 17 0 0 0 0 0 0 0 0 0 0 ]
387,1782983863.306490,16.8678,-67,CSI_DATA,AP,98:F4:AB:29:67:94,-67,11,1,7,1,1,1,1,0,0,1,-96,1,6,1,62874163,0,84,0,0,63.257,384,[84 -64 4 0 0 0 0 0 0 0 0 0 -14 -3 -14 -3 -15 -4 -15 -4 -14 -4 -14 -5 -14 -5 -14 -6 -14 -6 -15 -6 -15 -7 -15 -7 -14 -7 -14 -7 -13 -8 -15 -8 -14 -8 -13 -8 -13 -7 -14 -8 -13 -8 -13 -8 -14 -8 -13 -8 -14 -8 -14 -8 0 0 -13 -8 -14 -8 -14 -8 -14 -8 -13 -7 -14 -8 -14 -7 -13 -7 -14 -8 -15 -7 -15 -6 -15 -6 -15 -7 -15 -6 -15 -6 -15 -7 -15 -7 -16 -7 -15 -7 -16 -6 -15 -6 -16 -7 -15 -6 -16 -6 -16 -6 -16 -6 0 0 0 0 0 0 0 0 0 0 ]
388,1782983863.396701,17.7772,-67,CSI_DATA,AP,98:F4:AB:29:67:94,-67,11,1,7,1,1,1,1,0,0,1,-96,1,6,1,62959576,0,84,0,0,63.3426,384,[84 -64 4 0 0 0 0 0 0 0 0 0 -6 -14 -5 -15 -5 -16 -5 -16 -5 -16 -4 -16 -4 -16 -4 -16 -3 -17 -3 -17 -3 -17 -3 -17 -2 -18 -2 -18 -1 -17 -2 -18 -2 -18 -2 -17 -1 -17 0 -17 0 -17 -1 -17 -1 -17 -1 -16 -1 -18 -2 -17 0 0 -2 -18 -1 -17 -1 -18 -1 -16 -1 -17 -2 -17 -2 -18 -3 -17 -2 -18 -4 -17 -4 -18 -4 -18 -4 -18 -4 -18 -3 -18 -4 -19 -5 -20 -4 -19 -5 -19 -5 -18 -5 -19 -5 -19 -4 -19 -5 -18 -5 -19 -6 -19 0 0 0 0 0 0 0 0 0 0 ]
389,1782983863.486646,16.7170,-67,CSI_DATA,AP,98:F4:AB:29:67:94,-67,11,1,7,1,1,1,1,0,0,0,-96,1,6,1,63049338,0,84,0,0,63.4323,384,[84 -64 4 0 0 0 0 0 0 0 0 0 5 13 5 14 5 15 4 15 5 15 5 15 4 15 4 15 4 16 3 16 3 16 2 17 2 16 3 17 2 15 2 16 2 17 2 16 1 15 1 16 1 15 2 16 1 16 1 17 1 16 1 16 0 0 1 17 2 17 2 16 2 16 2 16 2 16 2 16 3 16 4 16 5 17 4 17 4 16 4 17 3 17 5 17 4 16 4 18 4 18 4 17 5 17 4 17 5 17 4 17 4 17 5 17 4 17 0 0 0 0 0 0 0 0 0 0 ]
390,1782983863.576316,16.1845,-67,CSI_DATA,AP,98:F4:AB:29:67:94,-67,11,1,7,1,1,1,1,0,0,0,-96,1,6,1,63140356,0,84,0,0,63.5234,384,[84 -64 4 0 0 0 0 0 0 0 0 0 4 -15 4 -15 5 -16 5 -15 5 -16 6 -15 6 -15 7 -15 6 -15 8 -15 7 -16 8 -15 7 -15 9 -15 9 -15 9 -15 8 -15 9 -14 9 -14 9 -14 9 -14 9 -14 9 -14 9 -14 9 -14 8 -15 0 0 8 -15 9 -15 8 -15 8 -15 8 -14 8 -16 8 -16 8 -15 7 -17 7 -17 7 -17 7 -16 7 -16 7 -16 6 -18 5 -17 7 -17 5 -18 6 -18 6 -18 6 -18 6 -18 7 -18 6 -18 6 -18 6 -18 0 0 0 0 0 0 0 0 0 0 ]
391,1782983863.668339,16.5964,-67,CSI_DATA,AP,98:F4:AB:29:67:94,-67,11,1,7,1,1,1,1,0,0,0,-96,1,6,1,63227516,0,84,0,0,63.6105,384,[84 -64 4 0 0 0 0 0 0 0 0 0 -5 -15 -4 -16 -4 -16 -3 -16 -3 -17 -3 -17 -2 -17 -2 -17 -1 -17 -1 -17 -2 -17 -2 -17 -1 -19 -1 -17 0 -17 0 -18 0 -18 -1 -16 0 -17 1 -17 0 -16 1 -17 0 -17 -1 -17 0 -17 -1 -18 0 0 -2 -17 -1 -18 -1 -17 -1 -16 -1 -16 -1 -17 -1 -18 -1 -18 -2 -17 -4 -17 -3 -18 -3 -18 -4 -18 -3 -18 -3 -17 -5 -18 -3 -18 -4 -18 -4 -19 -4 -18 -4 -19 -3 -20 -5 -18 -6 -19 -5 -19 -5 -19 0 0 0 0 0 0 0 0 0 0 ]
392,1782983863.758658,17.0833,-67,CSI_DATA,AP,98:F4:AB:29:67:94,-67,11,1,7,1,1,1,1,0,0,0,-96,1,6,1,63317481,0,84,0,0,63.7005,384,[84 -64 4 0 0 0 0 0 0 0 0 0 -11 -8 -11 -10 -12 -9 -10 -9 -12 -10 -11 -10 -10 -10 -11 -10 -12 -12 -11 -12 -10 -12 -10 -13 -10 -13 -10 -13 -9 -12 -10 -13 -9 -13 -10 -12 -9 -13 -9 -13 -9 -12 -9 -13 -9 -13 -8 -13 -7 -16 -9 -11 0 0 -9 -12 -10 -13 -9 -12 -10 -13 -9 -12 -10 -12 -10 -13 -10 -13 -11 -12 -11 -12 -11 -12 -11 -12 -11 -12 -11 -12 -12 -12 -12 -12 -12 -13 -12 -12 -12 -12 -12 -12 -12 -12 -12 -12 -12 -13 -13 -13 -12 -12 -12 -12 0 0 0 0 0 0 0 0 0 0 ]
393,1782983863.848213,17.4500,-67,CSI_DATA,AP,98:F4:AB:29:67:94,-67,11,1,7,1,1,1,1,0,0,1,-96,1,6,1,63408612,0,84,0,0,63.7916,384,[84 -64 4 0 0 0 0 0 0 0 0 0 -7 -14 -7 -15 -8 -15 -7 -15 -6 -15 -6 -15 -6 -15 -5 -16 -5 -16 -5 -17 -6 -17 -5 -16 -4 -17 -4 -17 -4 -16 -4 -17 -4 -16 -4 -17 -4 -16 -3 -17 -3 -16 -4 -17 -4 -17 -4 -16 -3 -17 -4 -17 0 0 -5 -16 -5 -16 -5 -17 -6 -16 -5 -16 -5 -16 -6 -16 -7 -17 -7 -16 -7 -17 -7 -17 -6 -17 -7 -17 -7 -15 -8 -17 -9 -16 -8 -17 -9 -17 -8 -17 -9 -17 -8 -16 -9 -18 -9 -18 -10 -18 -8 -17 -9 -17 0 0 0 0 0 0 0 0 0 0 ]
394,1782983863.938535,18.5498,-67,CSI_DATA,AP,98:F4:AB:29:67:94,-67,11,1,7,1,1,1,1,0,0,1,-96,1,6,1,63505647,0,84,0,0,63.8886,384,[84 -64 4 0 0 0 0 0 0 0 0 0 -11 -14 -11 -14 -11 -15 -11 -14 -10 -17 -9 -16 -9 -17 -8 -16 -9 -18 -7 -18 -9 -17 -8 -18 -8 -18 -7 -17 -7 -17 -8 -20 -7 -17 -7 -19 -7 -17 -7 -17 -7 -18 -7 -18 -7 -18 -7 -18 -7 -18 -7 -17 0 0 -8 -18 -8 -18 -8 -17 -8 -18 -8 -17 -8 -18 -8 -18 -10 -17 -10 -18 -11 -18 -10 -18 -9 -17 -11 -18 -10 -17 -11 -18 -12 -17 -12 -18 -11 -17 -11 -18 -12 -17 -11 -19 -12 -18 -11 -18 -11 -18 -12 -18 -12 -18 0 0 0 0 0 0 0 0 0 0 ]
395,1782983864.028062,17.7135,-67,CSI_DATA,AP,98:F4:AB:29:67:94,-67,11,1,7,1,1,1,1,0,0,1,-96,1,6,1,63590910,0,84,0,0,63.9738,384,[84 -64 4 0 0 0 0 0 0 0 0 0 -7 13 -9 13 -11 9 -8 13 -10 12 -10 12 -11 12 -11 12 -11 11 -12 12 -11 12 -12 12 -13 11 -12 12 -12 10 -13 12 -13 11 -12 11 -13 11 -13 10 -13 9 -13 10 -12 10 -13 11 -13 10 -13 11 0 0 -12 10 -13 11 -13 11 -12 12 -12 10 -12 11 -13 11 -12 12 -12 12 -12 13 -11 13 -11 13 -12 13 -12 13 -12 14 -11 14 -12 14 -11 13 -13 14 -11 14 -13 14 -13 14 -12 14 -12 15 -12 14 -11 15 0 0 0 0 0 0 0 0 0 0 ]
396,1782983864.149442,17.6037,-67,CSI_DATA,AP,98:F4:AB:29:67:94,-67,11,1,7,1,1,1,1,0,0,1,-96,1,6,1,63678617,0,84,0,0,64.0616,384,[84 -64 4 0 0 0 0 0 0 0 0 0 -10 -12 -9 -12 -10 -13 -9 -14 -10 -14 -9 -14 -8 -15 -8 -14 -8 -14 -8 -15 -8 -16 -8 -16 -8 -16 -7 -16 -8 -16 -7 -17 -7 -16 -7 -16 -1 -21 -6 -16 -6 -15 -7 -16 -6 -16 -7 -16 -7 -16 -7 -15 0 0 -7 -15 -7 -16 -7 -16 -8 -15 -7 -15 -8 -15 -8 -16 -8 -16 -9 -16 -10 -15 -10 -15 -9 -16 -10 -15 -10 -15 -10 -16 -10 -16 -11 -17 -10 -16 -11 -16 -12 -15 -11 -16 -11 -17 -11 -16 -12 -16 -11 -16 -12 -16 0 0 0 0 0 0 0 0 0 0 ]
397,1782983864.268496,17.4718,-67,CSI_DATA,AP,98:F4:AB:29:67:94,-67,11,1,7,1,1,1,1,0,0,0,-96,1,6,1,63774381,0,84,0,0,64.1573,384,[84 -64 4 0 0 0 0 0 0 0 0 0 -12 -10 -12 -11 -11 -11 -12 -13 -12 -12 -11 -12 -12 -12 -12 -12 -10 -13 -10 -13 -10 -14 -10 -14 -10 -15 -9 -15 -9 -15 -10 -15 -9 -15 -9 -14 -9 -15 -8 -15 -9 -14 -9 -15 -9 -15 -8 -14 -9 -15 -9 -14 0 0 -9 -15 -10 -15 -9 -14 -10 -14 -9 -14 -10 -14 -10 -14 -9 -14 -12 -20 -10 -15 -10 -13 -11 -15 -11 -14 -11 -14 -11 -14 -12 -14 -13 -15 -13 -15 -13 -15 -13 -14 -13 -14 -13 -14 -13 -15 -13 -15 -12 -15 -13 -14 0 0 0 0 0 0 0 0 0 0 ]
398,1782983864.359527,17.5227,-67,CSI_DATA,AP,98:F4:AB:29:67:94,-67,11,1,7,1,1,1,1,0,0,1,-96,1,6,1,63859635,0,84,0,0,64.2427,384,[84 -64 4 0 0 0 0 0 0 0 0 0 3 15 3 15 2 16 2 15 2 16 1 15 1 16 0 16 0 16 -2 15 -1 17 -1 16 -2 16 -2 17 -2 16 -2 17 -3 16 -2 16 -2 16 -3 16 -2 15 -1 16 -3 15 -2 17 -2 16 -3 16 0 0 -2 16 -1 16 -1 17 -1 17 -2 16 -1 16 0 17 -1 16 1 17 1 17 0 18 0 17 0 17 1 18 1 18 1 18 1 19 2 17 1 19 2 18 2 19 2 19 1 18 1 19 2 18 2 18 0 0 0 0 0 0 0 0 0 0 ]
399,1782983864.449944,16.9449,-67,CSI_DATA,AP,98:F4:AB:29:67:94,-67,11,1,7,1,1,1,1,0,0,1,-96,1,6,1,63950250,0,84,0,0,64.3333,384,[84 -64 4 0 0 0 0 0 0 0 0 0 5 15 3 14 3 15 3 15 3 16 1 16 1 16 1 16 2 17 0 16 0 16 0 17 -1 17 0 17 -1 16 -1 18 0 17 -1 16 -1 17 -2 17 -2 16 -2 16 -1 16 -2 17 -1 17 -1 17 0 0 -2 17 0 18 0 17 -1 17 -1 17 -1 17 0 18 0 17 1 18 1 18 1 19 1 18 1 18 1 18 1 18 3 19 2 19 1 19 2 19 2 19 1 20 2 20 2 20 2 19 2 19 2 19 0 0 0 0 0 0 0 0 0 0 ]
400,1782983864.541026,16.2641,-66,CSI_DATA,AP,98:F4:AB:29:67:94,-66,11,1,7,1,1,1,1,0,0,1,-96,1,6,1,64040879,0,84,0,0,64.4239,384,[84 -64 4 0 0 0 0 0 0 0 0 0 -12 4 -13 4 -14 3 -14 3 -15 2 -14 3 -14 3 -15 2 -15 2 -15 2 -15 0 -15 1 -15 0 -15 1 -15 0 -17 0 -15 0 -15 0 -15 0 -15 -1 -15 0 -15 -1 -16 -1 -15 0 -16 -1 -15 -1 0 0 -16 0 -16 -1 -16 -1 -15 1 -15 -1 -16 0 -16 0 -15 1 -16 2 -16 2 -17 0 -16 0 -17 1 -16 1 -17 2 -17 1 -17 1 -16 2 -16 2 -17 2 -17 2 -17 2 -17 1 -18 2 -17 1 -16 3 0 0 0 0 0 0 0 0 0 0 ]
401,1782983864.630095,17.0858,-67,CSI_DATA,AP,98:F4:AB:29:67:94,-67,11,1,7,1,1,1,1,0,0,0,-96,1,6,1,64129633,0,84,0,0,64.5126,384,[84 -64 4 0 0 0 0 0 0 0 0 0 6 14 5 13 7 15 6 15 6 15 5 15 6 16 5 15 5 16 3 17 3 17 3 18 3 17 2 17 2 17 3 19 3 16 3 16 2 17 2 18 2 17 3 18 2 17 2 18 2 18 2 17 0 0 2 17 3 17 3 17 4 17 4 17 3 17 4 17 5 17 5 18 4 19 5 17 4 17 5 17 4 17 6 19 7 18 6 20 7 19 6 18 6 17 5 19 6 19 6 19 7 19 7 18 6 17 0 0 0 0 0 0 0 0 0 0 ]
402,1782983864.720840,16.0683,-67,CSI_DATA,AP,98:F4:AB:29:67:94,-67,11,1,7,1,1,1,1,0,0,0,-96,1,6,1,64217374,0,84,0,0,64.6004,384,[84 -64 4 0 0 0 0 0 0 0 0 0 -1 14 -2 13 -2 13 -3 14 -3 14 -3 14 -3 15 -4 14 -4 15 -5 13 -5 15 -6 15 -5 14 -5 14 -6 14 -6 15 -6 15 -6 14 -6 14 -7 14 -7 14 -7 14 -5 14 -6 13 -6 14 -6 15 0 0 -6 14 -5 15 -5 15 -5 15 -6 14 -5 14 -6 15 -5 14 -4 16 -4 16 -3 16 -4 15 -4 16 -4 16 -5 16 -4 17 -5 17 -3 17 -4 17 -3 17 -4 17 -3 16 -4 17 -3 17 -3 17 -3 18 0 0 0 0 0 0 0 0 0 0 ]
403,1782983864.809713,15.4620,-67,CSI_DATA,AP,98:F4:AB:29:67:94,-67,11,1,7,1,1,1,1,0,0,0,-96,1,6,1,64307786,0,84,0,0,64.6907,384,[84 -64 4 0 0 0 0 0 0 0 0 0 11 -8 12 -7 12 -7 13 -6 14 -6 14 -6 14 -6 14 -4 14 -4 14 -5 14 -5 15 -5 14 -5 15 -5 15 -4 15 -4 15 -4 14 -4 15 -3 15 -4 14 -4 15 -3 14 -3 15 -4 15 -3 16 -4 0 0 15 -4 15 -4 16 -4 15 -5 15 -4 15 -4 15 -5 15 -5 15 -5 15 -6 15 -6 14 -6 15 -6 15 -6 15 -6 15 -7 15 -6 16 -7 17 -7 15 -7 16 -7 15 -7 15 -7 15 -8 15 -8 15 -8 0 0 0 0 0 0 0 0 0 0 ]
404,1782983864.898289,16.3072,-67,CSI_DATA,AP,98:F4:AB:29:67:94,-67,11,1,7,1,1,1,1,0,0,0,-96,1,6,1,64398265,0,84,0,0,64.7813,384,[84 -64 4 0 0 0 0 0 0 0 0 0 -7 -15 -6 -16 -6 -16 -5 -16 -5 -16 -5 -17 -5 -17 -4 -17 -3 -18 -3 -17 -3 -18 -4 -18 -2 -19 -2 -18 -2 -17 -2 -19 -2 -18 -2 -18 -2 -18 -3 -17 -2 -18 -2 -17 -2 -18 -1 -18 -2 -17 -2 -17 0 0 -2 -18 -4 -18 -3 -18 -4 -17 -3 -18 -3 -17 -3 -18 -4 -18 -4 -18 -5 -18 -5 -19 -4 -18 -4 -19 -4 -18 -5 -18 -5 -19 -5 -20 -5 -19 -5 -19 -6 -18 -5 -18 -6 -19 -5 -20 -6 -20 -6 -19 -6 -18 0 0 0 0 0 0 0 0 0 0 ]
405,1782983864.988512,16.5759,-66,CSI_DATA,AP,98:F4:AB:29:67:94,-66,11,1,6,1,1,1,1,0,0,0,-96,1,6,1,64490176,0,84,0,0,64.8731,384,[84 -64 4 0 0 0 0 0 0 0 0 0 4 -15 4 -15 4 -15 5 -15 6 -16 6 -14 7 -15 7 -15 7 -15 7 -15 8 -15 8 -15 9 -14 9 -15 8 -14 8 -15 8 -14 9 -14 9 -13 9 -14 9 -15 9 -15 9 -15 10 -15 10 -14 9 -15 0 0 8 -15 8 -15 8 -15 7 -16 8 -14 8 -15 8 -15 8 -15 7 -15 8 -16 7 -16 7 -16 7 -16 6 -16 7 -17 7 -17 8 -18 6 -17 7 -18 6 -18 6 -18 7 -18 7 -18 6 -18 7 -18 6 -18 0 0 0 0 0 0 0 0 0 0 ]
406,1782983865.074808,17.1750,-67,CSI_DATA,AP,98:F4:AB:29:67:94,-67,11,1,7,1,1,1,1,0,0,1,-96,1,6,1,64582151,0,84,0,0,64.9652,384,[84 -64 4 0 0 0 0 0 0 0 0 0 11 -12 10 -12 11 -12 10 -12 11 -11 12 -11 12 -11 13 -11 13 -11 13 -10 14 -11 14 -10 14 -10 14 -10 13 -9 14 -11 13 -10 14 -10 14 -9 14 -10 14 -9 14 -10 15 -9 14 -9 14 -10 14 -10 0 0 13 -11 14 -10 14 -10 14 -12 13 -11 13 -12 13 -11 13 -12 13 -12 14 -13 12 -13 13 -12 13 -12 12 -12 13 -14 12 -14 13 -14 12 -13 13 -14 12 -14 13 -14 12 -15 12 -14 12 -15 12 -14 11 -14 0 0 0 0 0 0 0 0 0 0 ]
407,1782983865.168936,17.6434,-67,CSI_DATA,AP,98:F4:AB:29:67:94,-67,11,1,7,1,1,1,1,0,0,1,-96,1,6,1,64671877,0,84,0,0,65.055,384,[84 -64 4 0 0 0 0 0 0 0 0 0 -15 -4 -15 -4 -15 -4 -16 -5 -16 -6 -16 -7 -15 -6 -15 -7 -16 -6 -16 -8 -16 -8 -16 -7 -16 -8 -16 -8 -15 -8 -15 -8 -15 -8 -15 -8 -16 -8 -15 -9 -15 -10 -15 -9 -13 -6 -15 -9 -15 -9 -15 -8 0 0 -16 -9 -16 -8 -17 -8 -16 -7 -15 -7 -16 -8 -16 -8 -16 -8 -17 -7 -18 -6 -17 -6 -16 -7 -17 -6 -17 -7 -18 -6 -18 -5 -19 -6 -18 -6 -18 -6 -19 -6 -18 -7 -18 -6 -19 -5 -19 -5 -18 -5 -18 -6 0 0 0 0 0 0 0 0 0 0 ]
408,1782983865.258456,17.7052,-67,CSI_DATA,AP,98:F4:AB:29:67:94,-67,11,1,7,1,1,1,1,0,0,1,-96,1,6,1,64760031,0,84,0,0,65.143,384,[84 -64 4 0 0 0 0 0 0 0 0 0 -10 -15 -10 -15 -10 -16 -9 -17 -10 -16 -9 -17 -9 -17 -8 -17 -8 -18 -8 -18 -9 -18 -8 -19 -7 -19 -7 -20 -6 -19 -7 -19 -7 -20 -6 -19 -7 -19 -6 -19 -6 -19 -6 -20 -6 -19 -7 -18 -6 -19 -7 -19 0 0 -6 -18 -7 -19 -7 -19 -7 -18 -6 -19 -7 -19 -7 -18 -8 -19 -8 -19 -9 -19 -9 -19 -9 -18 -9 -19 -9 -19 -10 -19 -10 -20 -10 -19 -10 -19 -10 -19 -10 -19 -10 -19 -10 -20 -10 -20 -12 -19 -11 -19 -11 -19 0 0 0 0 0 0 0 0 0 0 ]
409,1782983865.350897,17.7646,-67,CSI_DATA,AP,98:F4:AB:29:67:94,-67,11,1,7,1,1,1,1,0,0,1,-96,1,6,1,64848309,0,84,0,0,65.2313,384,[84 -64 4 0 0 0 0 0 0 0 0 0 -15 -3 -16 -6 -16 -5 -16 -6 -16 -5 -16 -6 -15 -6 -16 -7 -15 -7 -16 -8 -16 -8 -16 -8 -16 -8 -16 -8 -16 -9 -17 -8 -16 -8 -16 -8 -15 -9 -15 -8 -15 -9 -15 -9 -14 -9 -15 -9 -15 -9 -15 -9 0 0 -16 -8 -17 -8 -16 -8 -17 -7 -15 -8 -16 -8 -16 -7 -17 -8 -16 -7 -17 -8 -18 -6 -16 -7 -17 -6 -18 -6 -18 -6 -19 -5 -19 -6 -19 -5 -18 -6 -18 -4 -19 -6 -19 -6 -19 -7 -19 -5 -19 -6 -19 -4 0 0 0 0 0 0 0 0 0 0 ]
410,1782983865.440054,18.3452,-67,CSI_DATA,AP,98:F4:AB:29:67:94,-67,11,1,7,1,1,1,1,0,0,1,-96,1,6,1,64939243,0,84,0,0,65.3223,384,[84 -64 4 0 0 0 0 0 0 0 0 0 -13 -9 -13 -10 -14 -11 -13 -11 -13 -11 -12 -12 -13 -11 -12 -12 -12 -12 -12 -14 -13 -13 -12 -14 -12 -14 -11 -14 -11 -13 -12 -15 -12 -14 -10 -14 -11 -14 -10 -15 -11 -14 -10 -15 -10 -14 -10 -14 -11 -15 -11 -14 0 0 -11 -15 -11 -15 -11 -14 -12 -13 -11 -15 -11 -14 -11 -15 -11 -15 -11 -14 -12 -15 -12 -14 -12 -15 -12 -15 -12 -14 -12 -14 -13 -14 -14 -15 -13 -15 -13 -14 -13 -14 -13 -15 -13 -15 -13 -15 -14 -15 -13 -15 -14 -14 0 0 0 0 0 0 0 0 0 0 ]
411,1782983865.530097,18.1528,-66,CSI_DATA,AP,98:F4:AB:29:67:94,-66,11,1,6,1,1,1,1,0,0,0,-96,1,6,1,65031695,0,84,0,0,65.4146,384,[84 -64 4 0 0 0 0 0 0 0 0 0 15 0 15 0 15 1 15 2 16 2 15 3 15 4 16 3 16 4 16 4 17 4 16 4 16 4 16 5 16 5 16 6 15 6 16 6 15 6 15 7 15 6 16 6 15 6 15 6 16 7 16 5 0 0 16 7 16 5 16 6 16 5 15 6 16 6 15 6 16 6 16 6 17 5 17 3 16 4 16 4 17 4 17 4 17 4 18 5 16 4 18 4 18 4 17 4 18 4 17 4 18 3 18 3 18 3 0 0 0 0 0 0 0 0 0 0 ]
412,1782983865.621238,17.4914,-66,CSI_DATA,AP,98:F4:AB:29:67:94,-66,11,1,6,1,1,1,1,0,0,0,-96,1,6,1,65129501,0,84,0,0,65.5126,384,[84 -64 4 0 0 0 0 0 0 0 0 0 15 -4 17 -4 18 -3 17 -2 18 -3 17 -1 17 -2 17 -1 18 -1 18 0 18 0 18 0 19 1 18 0 18 1 19 0 19 1 17 1 18 1 18 1 18 1 19 2 18 1 18 1 19 1 19 1 0 0 19 0 19 1 19 0 18 0 18 1 19 0 19 1 18 0 19 -1 18 -1 19 -1 19 -1 19 -1 20 -2 20 -2 20 -3 20 -2 19 -3 20 -2 19 -3 20 -2 20 -3 20 -3 20 -3 20 -4 20 -4 0 0 0 0 0 0 0 0 0 0 ]
413,1782983865.711088,17.3630,-67,CSI_DATA,AP,98:F4:AB:29:67:94,-67,11,1,7,1,1,1,1,0,0,1,-96,1,6,1,65207659,0,84,0,0,65.5907,384,[84 -64 4 0 0 0 0 0 0 0 0 0 2 -16 3 -15 3 -16 3 -16 4 -16 4 -15 4 -17 4 -16 5 -16 6 -16 6 -16 7 -16 7 -16 7 -16 7 -16 7 -16 7 -16 7 -17 7 -15 7 -16 9 -15 7 -16 8 -14 7 -15 9 -15 7 -15 0 0 8 -16 7 -17 7 -16 7 -17 7 -15 7 -16 7 -17 6 -16 6 -17 7 -17 6 -17 6 -16 6 -16 6 -16 6 -18 6 -18 6 -18 6 -18 5 -18 5 -18 6 -18 5 -18 6 -18 6 -19 5 -18 5 -18 0 0 0 0 0 0 0 0 0 0 ]
414,1782983865.799326,18.7167,-67,CSI_DATA,AP,98:F4:AB:29:67:94,-67,11,1,7,1,1,1,1,0,0,1,-96,1,6,1,65298706,0,84,0,0,65.6817,384,[84 -64 4 0 0 0 0 0 0 0 0 0 -14 11 -15 9 -15 10 -16 9 -16 8 -16 8 -17 8 -17 8 -18 7 -18 8 -18 8 -18 8 -19 8 -20 8 -18 5 -19 4 -21 4 -19 7 -22 10 -19 5 -18 5 -19 5 -18 6 -18 6 -19 5 -18 7 0 0 -19 7 -19 7 -18 8 -18 7 -18 8 -18 6 -19 7 -18 8 -18 8 -19 8 -17 10 -18 9 -17 10 -19 9 -18 10 -19 10 -18 9 -18 11 -18 10 -18 10 -18 10 -18 11 -18 10 -18 12 -18 11 -18 12 0 0 0 0 0 0 0 0 0 0 ]
415,1782983865.887638,17.3373,-67,CSI_DATA,AP,98:F4:AB:29:67:94,-67,11,1,7,1,1,1,1,0,0,0,-96,1,6,1,65393166,0,84,0,0,65.7762,384,[84 -64 4 0 0 0 0 0 0 0 0 0 13 -5 14 -5 14 -5 14 -4 15 -3 15 -3 15 -3 16 -3 16 -3 16 -2 17 -3 17 -3 16 -1 16 -2 16 -1 17 -1 16 -1 16 -1 16 0 16 0 16 1 17 0 16 0 17 0 16 0 17 -1 0 0 16 0 17 -1 17 -2 17 -1 16 -1 17 0 17 -1 16 -1 17 -2 17 -3 18 -3 16 -3 17 -3 17 -2 17 -3 18 -4 18 -3 18 -3 18 -3 18 -4 18 -3 17 -3 18 -4 18 -5 17 -4 17 -5 0 0 0 0 0 0 0 0 0 0 ]
416,1782983865.976538,17.5517,-66,CSI_DATA,AP,98:F4:AB:29:67:94,-66,11,1,6,1,1,1,1,0,0,0,-96,1,6,1,65482428,0,84,0,0,65.8654,384,[84 -64 4 0 0 0 0 0 0 0 0 0 -4 -15 -4 -16 -3 -16 -3 -15 -3 -16 -2 -16 -2 -17 -2 -17 -1 -17 -1 -17 -1 -17 -1 -18 -1 -17 0 -17 0 -17 1 -18 1 -17 1 -17 2 -16 2 -16 1 -17 2 -18 1 -18 1 -16 1 -18 0 -18 0 0 1 -18 1 -17 1 -17 1 -17 1 -17 0 -18 1 -18 0 -17 0 -18 -2 -18 -1 -18 0 -17 -1 -18 -1 -18 -1 -18 -1 -19 -1 -19 -1 -19 -1 -19 -2 -19 -1 -19 -2 -19 -2 -19 -2 -19 -2 -19 -2 -19 0 0 0 0 0 0 0 0 0 0 ]
417,1782983866.064636,15.7281,-67,CSI_DATA,AP,98:F4:AB:29:67:94,-67,11,1,7,1,1,1,1,0,0,0,-96,1,6,1,65570266,0,84,0,0,65.9533,384,[84 -64 4 0 0 0 0 0 0 0 0 0 11 -7 11 -7 12 -7 13 -6 12 -7 13 -6 13 -6 12 -6 13 -6 14 -5 14 -5 14 -5 14 -4 15 -5 14 -5 15 -5 14 -5 14 -4 14 -4 14 -3 14 -4 14 -4 14 -4 15 -4 14 -4 15 -4 0 0 14 -5 15 -5 14 -5 14 -5 14 -4 14 -5 14 -5 14 -5 14 -6 15 -6 14 -6 14 -5 14 -6 14 -6 15 -7 14 -7 15 -7 14 -7 14 -8 15 -7 15 -7 14 -8 15 -8 15 -8 14 -8 14 -8 0 0 0 0 0 0 0 0 0 0 ]
418,1782983866.153394,16.2180,-66,CSI_DATA,AP,98:F4:AB:29:67:94,-66,11,1,6,1,1,1,1,0,0,0,-96,1,6,1,65662617,0,84,0,0,66.0456,384,[84 -64 4 0 0 0 0 0 0 0 0 0 -1 -15 -1 -16 -1 -17 0 -16 -1 -17 0 -17 0 -17 1 -17 1 -17 3 -17 2 -17 3 -17 2 -17 3 -17 3 -17 3 -18 3 -17 3 -18 4 -16 4 -17 3 -17 3 -17 4 -17 4 -16 4 -17 3 -17 0 0 2 -18 2 -19 3 -17 2 -18 3 -17 1 -17 2 -18 2 -18 1 -18 2 -18 1 -18 1 -17 2 -18 1 -17 -1 -19 0 -18 0 -20 -1 -19 -1 -19 -1 -19 0 -18 -1 -19 0 -19 -1 -20 0 -19 -1 -19 0 0 0 0 0 0 0 0 0 0 ]
419,1782983866.243915,17.0055,-67,CSI_DATA,AP,98:F4:AB:29:67:94,-67,11,1,7,1,1,1,1,0,0,0,-96,1,6,1,65748655,0,84,0,0,66.1315,384,[84 -64 4 0 0 0 0 0 0 0 0 0 -11 11 -11 11 -12 11 -12 11 -12 11 -13 10 -13 11 -14 10 -13 10 -14 10 -14 10 -15 10 -15 9 -15 9 -15 9 -16 9 -15 9 -15 9 -14 8 -15 8 -15 8 -16 8 -15 8 -15 8 -16 8 -15 8 0 0 -15 9 -15 9 -16 9 -15 10 -15 9 -15 9 -16 9 -15 9 -15 10 -14 10 -14 12 -14 11 -14 11 -16 11 -15 11 -15 11 -15 12 -14 12 -15 12 -14 12 -15 12 -15 12 -14 13 -14 13 -15 12 -14 13 0 0 0 0 0 0 0 0 0 0 ]
420,1782983866.333132,17.7333,-67,CSI_DATA,AP,98:F4:AB:29:67:94,-67,11,1,7,1,1,1,1,0,0,0,-96,1,6,1,65837668,0,84,0,0,66.2207,384,[84 -64 4 0 0 0 0 0 0 0 0 0 -9 13 -10 12 -10 13 -10 13 -11 12 -11 12 -11 12 -11 11 -12 11 -13 11 -13 11 -13 11 -14 10 -14 11 -13 10 -14 12 -14 11 -14 11 -14 10 -14 10 -15 10 -14 10 -14 10 -15 10 -15 10 -15 10 0 0 -14 10 -15 11 -14 11 -13 11 -15 10 -13 11 -14 11 -13 11 -14 11 -13 12 -14 12 -14 11 -13 11 -13 12 -14 13 -13 13 -14 13 -14 13 -14 14 -13 13 -13 13 -13 13 -14 14 -13 14 -13 14 -12 13 0 0 0 0 0 0 0 0 0 0 ]
421,1782983866.422133,18.2475,-66,CSI_DATA,AP,98:F4:AB:29:67:94,-66,11,1,6,1,1,1,1,0,0,0,-96,1,6,1,65929335,0,84,0,0,66.3123,384,[84 -64 4 0 0 0 0 0 0 0 0 0 -16 -2 -16 -2 -18 -3 -16 -4 -18 -3 -16 -4 -18 -4 -17 -5 -17 -5 -17 -7 -17 -6 -18 -7 -17 -7 -16 -6 -17 -6 -18 -6 -16 -6 -17 -6 -15 -7 -17 -7 -16 -8 -17 -7 -17 -7 -17 -7 -17 -7 -16 -7 0 0 -17 -6 -18 -6 -16 -6 -18 -5 -16 -6 -17 -5 -18 -5 -17 -6 -17 -4 -18 -4 -18 -4 -17 -4 -18 -4 -19 -3 -20 -3 -19 -2 -20 -4 -19 -3 -19 -3 -19 -2 -19 -4 -19 -2 -20 -3 -20 -2 -19 -2 -20 -2 0 0 0 0 0 0 0 0 0 0 ]
422,1782983866.512448,18.4099,-66,CSI_DATA,AP,98:F4:AB:29:67:94,-66,11,1,6,1,1,1,1,0,0,0,-96,1,6,1,66020494,0,84,0,0,66.4035,384,[84 -64 4 0 0 0 0 0 0 0 0 0 -12 8 -11 7 -13 8 -13 7 -10 7 -13 7 -14 6 -14 7 -14 6 -14 7 -15 7 -15 6 -15 5 -15 4 -15 5 -17 6 -14 4 -15 3 -15 8 -15 5 -15 5 -15 5 -15 5 -16 6 -15 5 -15 6 0 0 -15 6 -16 6 -16 6 -15 6 -14 6 -15 5 -15 6 -15 6 -15 6 -15 8 -15 8 -15 7 -15 8 -15 8 -15 9 -15 8 -15 8 -14 9 -15 9 -14 9 -14 9 -14 9 -15 9 -14 10 -14 10 -14 9 0 0 0 0 0 0 0 0 0 0 ]
423,1782983866.601423,18.7626,-66,CSI_DATA,AP,98:F4:AB:29:67:94,-66,11,1,6,1,1,1,1,0,0,0,-96,1,6,1,66109856,0,84,0,0,66.4929,384,[84 -64 4 0 0 0 0 0 0 0 0 0 -11 12 -12 11 -12 11 -13 12 -13 11 -13 11 -13 10 -14 10 -15 10 -15 9 -16 11 -15 10 -15 9 -16 10 -15 9 -16 10 -15 9 -15 9 -15 8 -16 9 -16 8 -16 8 -16 8 -15 8 -16 9 -16 9 0 0 -15 9 -16 9 -16 10 -15 10 -15 9 -15 9 -15 9 -15 10 -16 11 -15 11 -15 12 -14 11 -15 11 -15 11 -15 12 -15 12 -15 11 -15 13 -16 12 -15 12 -15 13 -15 13 -15 12 -14 13 -15 13 -14 13 0 0 0 0 0 0 0 0 0 0 ]
424,1782983866.691720,18.8925,-66,CSI_DATA,AP,98:F4:AB:29:67:94,-66,11,1,6,1,1,1,1,0,0,0,-96,1,6,1,66200812,0,84,0,0,66.5838,384,[84 -64 4 0 0 0 0 0 0 0 0 0 15 -3 15 -3 17 -2 16 -1 16 -1 17 -1 17 -1 17 0 17 0 17 0 18 1 18 1 18 1 18 2 17 1 19 2 17 2 17 2 17 3 18 3 18 3 18 3 17 3 17 3 18 3 17 3 0 0 17 2 18 2 17 2 18 2 17 3 18 1 18 1 18 1 17 1 18 0 19 0 18 0 18 0 19 0 19 0 19 -1 19 0 19 -1 19 -1 19 -1 19 -1 19 -1 20 0 19 -1 18 -1 19 -2 0 0 0 0 0 0 0 0 0 0 ]
425,1782983866.780697,18.4385,-66,CSI_DATA,AP,98:F4:AB:29:67:94,-66,11,1,6,1,1,1,1,0,0,0,-96,1,6,1,66302756,0,84,0,0,66.6858,384,[84 -64 4 0 0 0 0 0 0 0 0 0 -8 14 -8 13 -10 14 -9 13 -10 14 -10 13 -10 13 -11 13 -11 13 -12 13 -13 14 -12 13 -12 13 -13 13 -13 12 -14 13 -13 12 -13 12 -13 11 -13 12 -14 11 -13 12 -13 12 -13 11 -14 12 -13 12 0 0 -13 13 -14 13 -13 12 -13 13 -13 13 -13 12 -14 12 -13 13 -13 13 -13 13 -13 14 -12 14 -12 14 -12 14 -12 15 -11 14 -13 15 -12 14 -13 15 -12 15 -12 15 -12 14 -12 15 -11 16 -12 15 -11 16 0 0 0 0 0 0 0 0 0 0 ]
426,1782983866.869712,18.2774,-65,CSI_DATA,AP,98:F4:AB:29:67:94,-65,11,1,5,1,1,1,1,0,0,0,-96,1,6,1,66379052,0,84,0,0,66.762,384,[84 -64 4 0 0 0 0 0 0 0 0 0 -14 8 -15 8 -15 6 -16 6 -17 6 -16 6 -16 6 -17 5 -17 5 -17 3 -17 5 -18 4 -18 4 -18 4 -17 3 -19 3 -17 3 -17 3 -17 3 -17 2 -18 2 -18 3 -18 2 -18 3 -18 2 -18 3 0 0 -17 3 -18 3 -18 4 -18 4 -17 2 -17 3 -18 3 -18 4 -18 4 -19 5 -18 5 -17 4 -18 5 -18 6 -18 5 -18 6 -19 6 -18 6 -18 5 -19 6 -19 6 -18 6 -19 6 -19 6 -19 7 -18 7 0 0 0 0 0 0 0 0 0 0 ]
427,1782983866.958890,17.8196,-66,CSI_DATA,AP,98:F4:AB:29:67:94,-66,11,1,6,1,1,1,1,0,0,0,-96,1,6,1,66467435,0,84,0,0,66.8504,384,[84 -64 4 0 0 0 0 0 0 0 0 0 13 -3 13 -4 14 -3 15 -3 15 -2 14 -2 15 -1 15 -2 15 -1 15 -1 15 -1 15 0 15 -1 15 0 15 0 15 1 16 1 15 1 15 1 15 1 15 2 15 1 15 1 15 1 16 2 15 1 0 0 16 1 16 1 16 2 15 1 15 1 15 2 15 2 15 0 16 -1 14 -2 16 0 16 0 15 0 15 0 16 0 17 -1 17 -1 16 -1 16 0 16 -2 17 -1 17 -1 17 -2 16 -1 16 -1 16 -1 0 0 0 0 0 0 0 0 0 0 ]
428,1782983867.047961,18.0812,-66,CSI_DATA,AP,98:F4:AB:29:67:94,-66,11,1,6,1,1,1,1,0,0,0,-96,1,6,1,66562289,0,84,0,0,66.9453,384,[84 -64 4 0 0 0 0 0 0 0 0 0 14 2 14 3 14 4 14 4 14 5 13 5 15 5 13 6 14 6 13 6 14 6 14 7 13 7 14 7 13 7 14 8 14 8 13 8 13 7 13 8 13 8 14 8 13 8 12 8 13 8 14 7 0 0 13 8 14 8 14 8 14 6 13 7 14 7 14 7 13 7 14 6 14 6 15 6 14 7 14 6 15 7 15 6 15 6 15 6 15 6 16 6 15 6 15 6 15 6 16 5 15 5 15 6 15 5 0 0 0 0 0 0 0 0 0 0 ]
429,1782983867.138796,17.4429,-66,CSI_DATA,AP,98:F4:AB:29:67:94,-66,11,1,6,1,1,1,1,0,0,0,-96,1,6,1,66648724,0,84,0,0,67.0317,384,[84 -64 4 0 0 0 0 0 0 0 0 0 15 -5 15 -5 16 -3 15 -4 16 -3 16 -2 16 -2 17 -2 17 -1 17 -1 17 -1 17 0 17 0 17 0 16 0 18 -1 16 0 17 0 17 1 16 1 17 1 17 0 17 1 17 0 17 1 17 1 0 0 17 0 17 0 17 0 17 -1 16 0 17 0 17 -1 17 -1 18 -1 17 -2 17 -1 17 -1 17 -1 17 -2 18 -2 17 -3 19 -2 18 -3 18 -2 18 -3 19 -2 18 -3 18 -2 18 -2 18 -3 18 -4 0 0 0 0 0 0 0 0 0 0 ]
430,1782983867.226486,16.7122,-66,CSI_DATA,AP,98:F4:AB:29:67:94,-66,11,1,6,1,1,1,1,0,0,0,-96,1,6,1,66738623,0,84,0,0,67.1216,384,[84 -64 4 0 0 0 0 0 0 0 0 0 -12 8 -12 7 -13 7 -14 8 -14 8 -14 7 -14 7 -15 6 -14 6 -16 5 -15 6 -15 6 -16 5 -16 5 -16 5 -17 5 -15 5 -15 5 -15 4 -15 4 -16 3 -16 4 -15 4 -16 4 -16 4 -16 4 0 0 -16 4 -16 5 -16 5 -15 5 -15 4 -15 4 -16 4 -16 4 -15 5 -15 5 -16 6 -15 5 -16 6 -16 6 -16 6 -16 7 -16 6 -16 6 -16 6 -16 6 -16 6 -16 7 -16 7 -16 8 -15 7 -16 7 0 0 0 0 0 0 0 0 0 0 ]
431,1782983867.316256,16.8593,-66,CSI_DATA,AP,98:F4:AB:29:67:94,-66,11,1,6,1,1,1,1,0,0,0,-96,1,6,1,66827518,0,84,0,0,67.2105,384,[84 -64 4 0 0 0 0 0 0 0 0 0 12 -10 12 -10 12 -10 13 -10 13 -10 13 -9 14 -9 14 -8 15 -8 14 -8 15 -8 15 -9 16 -7 16 -7 15 -8 17 -7 16 -7 15 -7 15 -6 15 -7 15 -7 16 -6 15 -6 16 -6 16 -7 16 -7 0 0 16 -7 16 -7 16 -7 16 -7 15 -6 16 -7 16 -8 15 -7 15 -8 15 -8 15 -9 15 -8 16 -9 15 -9 15 -9 15 -10 16 -9 15 -10 15 -10 15 -11 16 -10 16 -9 16 -9 15 -11 16 -10 15 -10 0 0 0 0 0 0 0 0 0 0 ]
432,1782983867.403853,18.1226,-66,CSI_DATA,AP,98:F4:AB:29:67:94,-66,11,1,6,1,1,1,1,0,0,0,-96,1,6,1,66920552,0,84,0,0,67.3036,384,[84 -64 4 0 0 0 0 0 0 0 0 0 13 11 13 11 13 12 13 11 13 12 13 13 13 14 12 13 13 14 11 14 12 14 12 15 12 15 11 15 12 15 11 15 11 16 11 16 11 15 11 15 11 15 11 16 10 15 10 16 11 16 11 15 0 0 11 15 12 15 12 16 11 15 11 14 11 15 12 15 12 15 13 15 13 14 13 15 13 15 13 15 14 14 14 14 15 15 14 14 14 14 14 14 14 13 14 13 15 13 15 14 15 14 16 14 15 13 0 0 0 0 0 0 0 0 0 0 ]
433,1782983867.494196,18.1856,-66,CSI_DATA,AP,98:F4:AB:29:67:94,-66,11,1,6,1,1,1,1,0,0,0,-96,1,6,1,67010057,0,84,0,0,67.3931,384,[84 -64 4 0 0 0 0 0 0 0 0 0 -13 -9 -12 -10 -14 -11 -13 -10 -13 -11 -12 -11 -13 -12 -12 -12 -12 -13 -12 -13 -13 -13 -12 -14 -12 -14 -11 -14 -11 -13 -12 -15 -11 -13 -12 -14 -11 -14 -11 -14 -11 -14 -11 -14 -11 -15 -11 -14 -11 -14 -11 -14 0 0 -12 -13 -12 -14 -11 -14 -13 -14 -11 -13 -12 -13 -12 -13 -12 -13 -13 -13 -14 -14 -13 -13 -12 -13 -13 -13 -13 -12 -14 -13 -14 -12 -15 -14 -14 -12 -14 -12 -15 -13 -14 -12 -15 -13 -15 -13 -15 -13 -14 -12 -15 -12 0 0 0 0 0 0 0 0 0 0 ]
434,1782983867.581681,18.1247,-66,CSI_DATA,AP,98:F4:AB:29:67:94,-66,11,1,6,1,1,1,1,0,0,0,-96,1,6,1,67098489,0,84,0,0,67.4815,384,[84 -64 4 0 0 0 0 0 0 0 0 0 -16 0 -16 0 -17 -1 -16 -1 -17 -1 -17 -2 -18 -2 -16 -3 -17 -3 -17 -4 -18 -4 -17 -4 -18 -5 -17 -4 -17 -5 -18 -3 -17 -4 -17 -5 -17 -5 -17 -5 -17 -6 -18 -5 -17 -5 -17 -5 -17 -5 -17 -5 0 0 -18 -5 -18 -5 -17 -4 -18 -4 -17 -4 -18 -5 -17 -5 -17 -4 -17 -4 -19 -4 -19 -4 -18 -4 -18 -3 -18 -3 -19 -3 -19 -2 -20 -3 -19 -3 -19 -3 -19 -2 -19 -3 -20 -2 -20 -3 -19 -2 -19 -3 -19 -2 0 0 0 0 0 0 0 0 0 0 ]
435,1782983867.671501,17.9438,-66,CSI_DATA,AP,98:F4:AB:29:67:94,-66,11,1,6,1,1,1,1,0,0,0,-96,1,6,1,67200473,0,84,0,0,67.5835,384,[84 -64 4 0 0 0 0 0 0 0 0 0 15 4 14 4 15 4 15 5 15 5 15 5 14 7 14 7 15 7 14 7 15 8 14 8 14 8 15 8 14 9 15 8 14 8 15 9 16 8 17 7 13 10 14 8 13 9 14 9 15 9 15 9 0 0 15 8 15 9 15 8 15 8 15 8 15 8 16 8 14 6 15 8 16 7 16 7 15 7 15 8 15 7 17 7 17 6 18 7 17 6 17 6 16 6 17 7 18 6 17 6 18 6 17 6 17 6 0 0 0 0 0 0 0 0 0 0 ]
436,1782983867.761091,17.1559,-66,CSI_DATA,AP,98:F4:AB:29:67:94,-66,11,1,6,1,1,1,1,0,0,0,-96,1,6,1,67285692,0,84,0,0,67.6689,384,[84 -64 4 0 0 0 0 0 0 0 0 0 8 12 8 12 7 13 7 14 7 14 6 14 6 15 6 15 6 15 5 15 6 16 6 17 4 15 4 16 4 15 5 17 4 16 5 17 4 16 4 16 4 16 4 16 3 16 3 16 4 16 4 17 0 0 5 16 5 17 4 16 5 16 4 16 5 16 5 16 5 15 6 16 6 16 6 16 6 15 6 16 7 16 7 17 7 17 7 17 7 16 7 17 8 15 8 17 7 17 8 16 8 16 8 16 8 17 0 0 0 0 0 0 0 0 0 0 ]
437,1782983867.850946,16.6601,-66,CSI_DATA,AP,98:F4:AB:29:67:94,-66,11,1,6,1,1,1,1,0,0,0,-96,1,6,1,67369012,0,84,0,0,67.7519,384,[84 -64 4 0 0 0 0 0 0 0 0 0 15 1 15 2 16 3 15 2 15 3 15 4 15 4 15 5 16 4 15 5 15 6 15 6 16 6 16 7 15 6 16 6 16 5 15 6 15 6 15 6 15 7 15 6 14 7 15 7 15 7 15 7 0 0 15 6 15 6 16 5 16 5 15 5 17 5 16 5 16 5 16 4 17 4 17 4 16 5 17 4 17 4 18 3 18 3 18 4 17 3 17 3 18 2 18 3 18 2 18 3 18 2 18 3 18 2 0 0 0 0 0 0 0 0 0 0 ]
438,1782983867.939949,16.9510,-63,CSI_DATA,AP,98:F4:AB:29:67:94,-63,11,1,4,1,1,1,1,0,0,0,-96,1,6,1,67460354,0,84,0,0,67.8433,384,[84 -64 4 0 0 0 0 0 0 0 0 0 16 0 15 1 17 1 17 1 17 1 17 2 17 3 16 4 17 4 17 5 17 4 17 4 18 5 18 5 17 5 18 6 17 6 17 5 16 6 16 6 16 7 17 6 16 7 17 5 17 5 17 5 0 0 17 6 17 5 17 5 17 5 17 5 17 6 17 6 18 5 18 5 18 4 18 3 18 3 19 3 18 4 19 3 19 2 20 4 19 3 19 4 19 3 20 4 19 3 19 3 19 2 19 2 20 3 0 0 0 0 0 0 0 0 0 0 ]
439,1782983868.030836,17.5275,-66,CSI_DATA,AP,98:F4:AB:29:67:94,-66,11,1,6,1,1,1,1,0,0,0,-96,1,6,1,67551446,0,84,0,0,67.9345,384,[84 -64 4 0 0 0 0 0 0 0 0 0 -14 -9 -13 -9 -14 -10 -14 -10 -14 -11 -12 -11 -13 -12 -13 -13 -13 -13 -12 -12 -13 -13 -12 -14 -13 -13 -13 -14 -12 -14 -13 -15 -11 -14 -12 -13 -11 -14 -11 -14 -12 -14 -11 -15 -12 -13 -11 -14 -12 -14 -12 -15 0 0 -12 -14 -12 -14 -12 -15 -12 -14 -11 -14 -12 -14 -12 -15 -12 -14 -13 -14 -13 -14 -13 -13 -13 -13 -13 -13 -13 -13 -14 -13 -14 -13 -14 -14 -14 -13 -14 -14 -14 -13 -14 -14 -15 -14 -14 -14 -15 -13 -14 -13 -15 -13 0 0 0 0 0 0 0 0 0 0 ]
440,1782983868.120449,18.2929,-66,CSI_DATA,AP,98:F4:AB:29:67:94,-66,11,1,6,1,1,1,1,0,0,0,-96,1,6,1,67637450,0,84,0,0,68.0204,384,[84 -64 4 0 0 0 0 0 0 0 0 0 -17 -2 -16 -3 -18 -2 -17 -2 -18 -3 -17 -3 -17 -4 -17 -5 -17 -5 -18 -6 -18 -5 -18 -6 -17 -7 -17 -6 -17 -7 -18 -7 -17 -6 -17 -7 -16 -7 -17 -7 -16 -8 -17 -8 -16 -7 -17 -8 -17 -8 -17 -8 0 0 -17 -8 -18 -8 -17 -7 -18 -7 -16 -7 -17 -7 -17 -7 -18 -8 -17 -6 -18 -6 -18 -6 -18 -7 -17 -6 -18 -6 -19 -5 -19 -5 -19 -5 -18 -6 -18 -6 -19 -6 -19 -6 -19 -5 -19 -7 -19 -5 -18 -5 -19 -5 0 0 0 0 0 0 0 0 0 0 ]
441,1782983868.209782,17.7009,-66,CSI_DATA,AP,98:F4:AB:29:67:94,-66,11,1,6,1,1,1,1,0,0,0,-96,1,6,1,67727548,0,84,0,0,68.1105,384,[84 -64 4 0 0 0 0 0 0 0 0 0 12 -8 12 -8 13 -7 13 -7 14 -7 13 -7 14 -6 14 -6 14 -5 16 -4 15 -6 16 -5 15 -4 16 -5 14 -5 16 -5 15 -5 16 -5 15 -4 15 -4 15 -3 15 -3 15 -4 15 -4 16 -4 16 -4 0 0 15 -5 15 -5 15 -5 15 -6 15 -4 16 -5 15 -5 15 -5 16 -6 15 -7 16 -7 15 -5 16 -6 15 -6 15 -7 15 -7 16 -8 16 -8 15 -7 16 -8 16 -8 15 -8 16 -8 15 -8 15 -7 15 -8 0 0 0 0 0 0 0 0 0 0 ]
442,1782983868.298382,18.4271,-65,CSI_DATA,AP,98:F4:AB:29:67:94,-65,11,1,5,1,1,1,1,0,0,0,-96,1,6,1,67819774,0,84,0,0,68.2028,384,[84 -64 4 0 0 0 0 0 0 0 0 0 -15 -6 -15 -6 -17 -7 -16 -7 -16 -9 -16 -8 -15 -9 -15 -10 -16 -10 -15 -10 -15 -10 -16 -11 -16 -11 -15 -11 -15 -11 -16 -12 -15 -12 -15 -12 -14 -12 -14 -12 -14 -13 -14 -13 -14 -13 -14 -12 -14 -12 -15 -13 0 0 -14 -13 -14 -12 -14 -12 -15 -12 -14 -11 -14 -12 -15 -12 -14 -12 -15 -12 -16 -11 -16 -11 -15 -11 -16 -11 -16 -11 -17 -11 -17 -11 -17 -12 -17 -11 -17 -12 -16 -11 -16 -12 -17 -12 -17 -11 -17 -10 -17 -10 -17 -10 0 0 0 0 0 0 0 0 0 0 ]
443,1782983868.387235,18.2640,-65,CSI_DATA,AP,98:F4:AB:29:67:94,-65,11,1,5,1,1,1,1,0,0,0,-96,1,6,1,67908790,0,84,0,0,68.2918,384,[84 -64 4 0 0 0 0 0 0 0 0 0 4 -16 4 -16 6 -16 6 -16 7 -16 7 -16 8 -16 8 -16 7 -16 8 -16 8 -17 9 -16 9 -16 9 -16 9 -15 11 -16 9 -15 10 -15 9 -15 10 -15 10 -14 10 -15 10 -14 10 -15 10 -15 9 -16 0 0 10 -16 10 -15 10 -16 9 -16 9 -14 9 -16 9 -15 10 -16 9 -17 8 -17 8 -17 8 -16 9 -16 8 -17 8 -17 8 -18 8 -18 7 -18 8 -18 7 -18 8 -18 8 -17 8 -18 7 -18 7 -18 7 -17 0 0 0 0 0 0 0 0 0 0 ]
444,1782983868.476465,18.1042,-65,CSI_DATA,AP,98:F4:AB:29:67:94,-65,11,1,5,1,1,1,1,0,0,0,-96,1,6,1,67997128,0,84,0,0,68.38,384,[84 -64 4 0 0 0 0 0 0 0 0 0 12 11 11 11 12 12 11 12 11 12 10 13 10 13 9 13 10 14 9 14 10 15 9 14 9 15 9 15 8 15 9 16 9 14 8 15 7 15 8 15 8 15 8 15 8 16 7 15 8 16 9 15 0 0 8 15 9 16 9 15 8 15 8 15 8 15 8 15 9 15 9 15 9 14 10 15 9 14 10 15 10 15 10 14 11 14 11 15 10 14 11 14 10 14 11 15 11 15 10 15 11 14 11 14 11 14 0 0 0 0 0 0 0 0 0 0 ]
445,1782983868.565291,17.1095,-65,CSI_DATA,AP,98:F4:AB:29:67:94,-65,11,1,5,1,1,1,1,0,0,0,-96,1,6,1,68092473,0,84,0,0,68.4755,384,[84 -64 4 0 0 0 0 0 0 0 0 0 -15 -3 -14 -4 -16 -4 -15 -5 -16 -5 -15 -5 -16 -5 -15 -6 -16 -5 -16 -7 -16 -7 -16 -7 -16 -7 -15 -8 -15 -7 -16 -8 -14 -6 -16 -7 -15 -6 -17 -5 -15 -8 -14 -7 -15 -8 -15 -7 -15 -7 -15 -7 0 0 -15 -6 -16 -6 -15 -5 -16 -6 -15 -5 -16 -6 -16 -6 -16 -5 -16 -4 -17 -5 -17 -4 -16 -4 -17 -4 -16 -4 -17 -3 -17 -2 -18 -3 -17 -3 -18 -3 -17 -1 -17 -3 -17 -2 -18 -2 -17 -2 -17 -2 -16 -2 0 0 0 0 0 0 0 0 0 0 ]
446,1782983868.653652,17.2391,-66,CSI_DATA,AP,98:F4:AB:29:67:94,-66,11,1,6,1,1,1,1,0,0,0,-96,1,6,1,68178233,0,84,0,0,68.5612,384,[84 -64 4 0 0 0 0 0 0 0 0 0 1 -17 2 -17 2 -17 3 -17 3 -17 3 -17 4 -17 4 -17 5 -18 5 -17 5 -18 5 -18 5 -18 6 -17 5 -17 6 -18 6 -17 6 -17 6 -16 7 -16 6 -16 7 -17 6 -15 6 -16 6 -17 6 -17 0 0 6 -18 6 -18 6 -17 5 -17 5 -17 6 -17 6 -17 5 -17 5 -18 4 -18 3 -18 3 -17 3 -18 4 -18 3 -19 3 -20 4 -19 3 -19 4 -19 3 -19 3 -19 3 -19 3 -18 2 -19 2 -19 2 -20 0 0 0 0 0 0 0 0 0 0 ]
447,1782983868.743176,17.5975,-65,CSI_DATA,AP,98:F4:AB:29:67:94,-65,11,1,5,1,1,1,1,0,0,0,-96,1,6,1,68274593,0,84,0,0,68.6575,384,[84 -64 4 0 0 0 0 0 0 0 0 0 -3 -17 -3 -17 -2 -17 -2 -17 -1 -17 -1 -18 0 -18 1 -18 0 -18 1 -18 1 -19 1 -19 1 -19 1 -18 2 -18 2 -19 2 -19 1 -18 2 -18 3 -17 2 -18 2 -18 2 -17 2 -17 2 -18 2 -19 0 0 1 -18 2 -18 1 -19 1 -19 2 -18 1 -18 1 -19 0 -18 0 -19 -1 -19 0 -19 -1 -18 0 -18 -1 -18 -2 -19 -1 -19 -1 -19 -1 -19 -2 -20 -2 -19 -1 -19 -2 -19 -2 -19 -3 -19 -2 -19 -2 -19 0 0 0 0 0 0 0 0 0 0 ]
448,1782983868.833852,17.9828,-66,CSI_DATA,AP,98:F4:AB:29:67:94,-66,11,1,6,1,1,1,1,0,0,0,-96,1,6,1,68362870,0,84,0,0,68.7459,384,[84 -64 4 0 0 0 0 0 0 0 0 0 11 14 9 15 10 15 9 16 9 17 9 17 9 17 8 17 8 18 7 18 7 19 7 19 7 19 6 19 6 18 7 19 6 19 6 18 6 18 7 18 6 18 6 18 6 18 6 17 6 19 7 18 0 0 7 19 7 19 7 18 7 18 7 17 7 18 8 18 9 18 8 18 9 19 9 18 9 18 9 18 9 18 10 18 10 18 10 18 10 17 11 17 11 17 11 17 12 17 11 17 11 18 11 18 11 17 0 0 0 0 0 0 0 0 0 0 ]
449,1782983868.923326,18.2037,-66,CSI_DATA,AP,98:F4:AB:29:67:94,-66,11,1,6,1,1,1,1,0,0,0,-96,1,6,1,68451749,0,84,0,0,68.8348,384,[84 -64 4 0 0 0 0 0 0 0 0 0 0 15 0 14 -1 15 -1 15 -1 16 -1 15 -2 16 -2 15 -2 16 -4 15 -4 16 -5 16 -4 15 -5 15 -4 15 -4 16 -5 15 -4 15 -5 15 -5 15 -5 15 -4 14 -5 15 -5 16 -5 15 -5 16 0 0 -4 15 -4 16 -4 16 -3 16 -4 15 -3 16 -4 16 -3 15 -3 16 -3 16 -3 16 -3 16 -2 16 -2 15 -1 16 -1 16 -1 17 -1 17 -2 17 -1 16 -1 17 -1 17 -1 17 -1 17 -1 17 -1 17 0 0 0 0 0 0 0 0 0 0 ]
450,1782983869.012663,18.4291,-65,CSI_DATA,AP,98:F4:AB:29:67:94,-65,11,1,5,1,1,1,1,0,0,0,-96,1,6,1,68540468,0,84,0,0,68.9234,384,[84 -64 4 0 0 0 0 0 0 0 0 0 2 -16 3 -17 4 -18 4 -17 4 -17 4 -17 5 -17 6 -17 6 -17 6 -17 5 -18 7 -18 7 -18 7 -17 7 -17 7 -18 7 -17 7 -16 7 -16 8 -16 8 -16 8 -16 8 -16 7 -17 7 -17 8 -17 0 0 7 -17 7 -17 7 -18 6 -17 7 -16 7 -18 6 -17 6 -17 5 -18 5 -18 4 -18 4 -17 5 -18 4 -17 4 -19 4 -20 4 -19 4 -19 4 -20 4 -19 4 -19 3 -19 4 -19 3 -20 3 -19 3 -19 0 0 0 0 0 0 0 0 0 0 ]
451,1782983869.102445,18.3917,-66,CSI_DATA,AP,98:F4:AB:29:67:94,-66,11,1,6,1,1,1,1,0,0,0,-96,1,6,1,68627523,0,84,0,0,69.0105,384,[84 -64 4 0 0 0 0 0 0 0 0 0 8 13 8 14 7 13 7 15 7 15 7 15 7 13 6 16 6 17 6 16 6 16 5 17 4 17 5 17 6 17 5 19 5 17 4 17 4 16 5 16 4 17 4 17 5 16 4 17 4 18 4 18 0 0 5 17 5 18 4 17 8 17 5 16 5 16 6 17 8 17 6 16 6 17 6 18 6 16 5 17 7 16 6 17 7 17 8 18 7 17 8 17 8 16 8 17 9 17 8 17 9 17 8 17 8 16 0 0 0 0 0 0 0 0 0 0 ]
452,1782983869.191042,17.7322,-66,CSI_DATA,AP,98:F4:AB:29:67:94,-66,11,1,6,1,1,1,1,0,0,0,-96,1,6,1,68718901,0,84,0,0,69.1018,384,[84 -64 4 0 0 0 0 0 0 0 0 0 -15 1 -15 0 -16 1 -16 0 -17 0 -16 -1 -16 -1 -16 -2 -16 -2 -16 -2 -17 -3 -17 -4 -16 -4 -17 -4 -16 -4 -17 -4 -16 -4 -16 -4 -16 -5 -15 -4 -15 -5 -16 -5 -16 -5 -16 -5 -16 -5 -16 -5 0 0 -16 -5 -16 -4 -16 -4 -17 -4 -15 -4 -16 -4 -17 -4 -16 -4 -17 -3 -17 -4 -18 -3 -16 -3 -17 -4 -17 -3 -17 -3 -17 -2 -18 -3 -17 -2 -17 -2 -17 -2 -18 -3 -17 -2 -18 -3 -18 -3 -17 -2 -17 -2 0 0 0 0 0 0 0 0 0 0 ]
453,1782983869.280866,17.6159,-66,CSI_DATA,AP,98:F4:AB:29:67:94,-66,11,1,6,1,1,1,1,0,0,0,-96,1,6,1,68807767,0,84,0,0,69.1908,384,[84 -64 4 0 0 0 0 0 0 0 0 0 8 -15 8 -15 9 -14 9 -14 11 -13 10 -13 12 -13 12 -14 11 -13 12 -13 13 -13 12 -13 13 -13 13 -12 13 -13 13 -14 14 -12 13 -12 13 -12 13 -12 13 -12 13 -11 13 -12 13 -12 14 -11 13 -13 0 0 13 -12 13 -13 12 -13 12 -14 12 -12 12 -13 12 -13 12 -13 12 -14 12 -13 11 -14 12 -13 11 -14 12 -15 12 -15 11 -15 12 -15 11 -15 12 -15 11 -15 11 -15 11 -16 12 -16 11 -16 11 -15 11 -15 0 0 0 0 0 0 0 0 0 0 ]
454,1782983869.376432,17.3284,-65,CSI_DATA,AP,98:F4:AB:29:67:94,-65,11,1,5,1,1,1,1,0,0,0,-96,1,6,1,68899474,0,84,0,0,69.2825,384,[84 -64 4 0 0 0 0 0 0 0 0 0 16 -2 16 -1 17 -1 17 1 17 1 17 1 17 2 16 2 16 1 17 2 17 2 17 2 17 2 17 3 17 3 17 4 18 4 17 4 17 4 16 5 17 5 16 4 16 5 17 4 17 4 17 4 0 0 17 4 17 4 17 4 17 3 17 4 17 3 17 5 17 4 17 3 18 2 18 1 17 2 18 2 18 2 18 2 19 1 19 2 18 1 19 3 18 1 19 2 19 2 18 2 19 1 18 1 19 1 0 0 0 0 0 0 0 0 0 0 ]
455,1782983869.471918,18.6006,-65,CSI_DATA,AP,98:F4:AB:29:67:94,-65,11,1,5,1,1,1,1,0,0,0,-96,1,6,1,68987474,0,84,0,0,69.3705,384,[84 -64 4 0 0 0 0 0 0 0 0 0 5 17 4 17 3 17 3 17 3 18 2 18 2 17 1 18 1 18 1 19 0 19 0 20 -1 19 0 20 -1 19 0 20 0 20 0 19 -2 18 -1 19 -2 18 -1 19 -2 19 -2 19 -1 20 -1 19 0 0 -1 19 -1 19 -1 19 -1 19 -1 18 0 18 -1 19 0 19 0 20 1 21 1 20 1 20 1 19 2 20 2 20 1 21 2 21 2 20 2 21 2 20 2 21 1 21 2 21 2 21 2 21 3 21 0 0 0 0 0 0 0 0 0 0 ]
456,1782983869.568149,19.3007,-65,CSI_DATA,AP,98:F4:AB:29:67:94,-65,11,1,5,1,1,1,1,0,0,0,-96,1,6,1,69079510,0,84,0,0,69.4625,384,[84 -64 4 0 0 0 0 0 0 0 0 0 3 17 3 17 2 18 2 17 1 19 1 18 1 18 0 18 0 19 -1 19 -1 20 -2 20 -1 20 -2 19 -1 18 -1 21 -2 19 -1 19 -2 18 -2 19 -3 18 -1 19 -3 19 -3 19 -3 19 -2 19 0 0 -1 19 -1 21 -1 18 0 20 -1 18 -1 19 0 20 0 19 0 19 1 20 1 20 1 19 1 19 2 19 2 21 3 20 2 22 2 20 3 21 3 20 2 20 3 20 3 21 3 21 3 21 4 20 0 0 0 0 0 0 0 0 0 0 ]
457,1782983869.656947,19.1360,-65,CSI_DATA,AP,98:F4:AB:29:67:94,-65,11,1,5,1,1,1,1,0,0,0,-96,1,6,1,69174434,0,84,0,0,69.5574,384,[84 -64 4 0 0 0 0 0 0 0 0 0 -10 14 -10 13 -11 14 -11 13 -12 13 -11 12 -12 13 -13 13 -13 12 -14 12 -13 12 -14 13 -14 12 -14 12 -13 11 -15 12 -14 11 -13 12 -13 11 -14 11 -14 10 -14 11 -14 11 -14 11 -14 12 -14 12 0 0 -13 12 -14 13 -13 12 -13 13 -13 11 -13 12 -13 12 -13 13 -13 14 -13 14 -12 15 -12 13 -12 14 -11 14 -12 15 -11 15 -13 16 -11 15 -12 15 -11 15 -12 16 -11 17 -12 16 -11 16 -11 16 -11 15 0 0 0 0 0 0 0 0 0 0 ]
458,1782983869.745634,17.6814,-66,CSI_DATA,AP,98:F4:AB:29:67:94,-66,11,1,6,1,1,1,1,0,0,0,-96,1,6,1,69258133,0,84,0,0,69.6412,384,[84 -64 4 0 0 0 0 0 0 0 0 0 8 -14 8 -13 8 -13 9 -13 9 -12 10 -12 10 -12 10 -12 10 -12 11 -12 12 -12 12 -12 11 -12 11 -11 12 -10 12 -12 12 -10 12 -11 12 -10 13 -10 12 -11 13 -11 12 -11 12 -10 12 -11 12 -11 0 0 13 -11 12 -12 12 -11 12 -12 12 -11 12 -12 12 -12 12 -12 11 -12 11 -13 10 -14 10 -13 11 -13 11 -13 11 -14 11 -14 12 -14 11 -14 12 -14 11 -14 11 -14 11 -14 11 -14 11 -15 10 -14 10 -15 0 0 0 0 0 0 0 0 0 0 ]
459,1782983869.834778,16.5840,-66,CSI_DATA,AP,98:F4:AB:29:67:94,-66,11,1,6,1,1,1,1,0,0,0,-96,1,6,1,69349976,0,84,0,0,69.733,384,[84 -64 4 0 0 0 0 0 0 0 0 0 9 -12 9 -12 10 -11 10 -11 12 -11 11 -11 11 -11 12 -10 12 -11 12 -10 13 -10 13 -9 13 -9 13 -9 12 -9 14 -10 14 -9 13 -9 13 -9 13 -9 14 -8 14 -8 14 -8 13 -8 14 -8 13 -9 0 0 13 -10 13 -9 14 -9 13 -10 13 -9 13 -9 13 -10 13 -10 12 -11 13 -11 13 -11 12 -10 13 -10 13 -11 13 -11 13 -12 13 -12 13 -11 13 -12 13 -12 13 -12 13 -12 14 -12 14 -13 13 -12 12 -13 0 0 0 0 0 0 0 0 0 0 ]
460,1782983869.925133,15.8929,-66,CSI_DATA,AP,98:F4:AB:29:67:94,-66,11,1,6,1,1,1,1,0,0,0,-96,1,6,1,69442795,0,84,0,0,69.8258,384,[84 -64 4 0 0 0 0 0 0 0 0 0 14 -3 15 -3 14 -3 16 -1 15 -2 14 -1 16 -1 15 -1 15 -1 15 0 17 1 16 1 16 1 15 1 15 1 16 1 16 1 15 1 15 1 15 2 16 1 15 2 15 1 16 2 16 2 15 1 0 0 16 1 15 1 16 1 15 0 15 0 16 -1 16 0 16 0 17 -1 16 -2 16 -1 15 -1 16 -1 16 -2 17 -2 17 -2 18 -2 17 -3 17 -2 17 -3 16 -3 17 -3 17 -2 17 -3 17 -2 17 -3 0 0 0 0 0 0 0 0 0 0 ]
461,1782983870.013542,17.0981,-66,CSI_DATA,AP,98:F4:AB:29:67:94,-66,11,1,6,1,1,1,1,0,0,0,-96,1,6,1,69530907,0,84,0,0,69.9138,384,[84 -64 4 0 0 0 0 0 0 0 0 0 -9 -14 -9 -23 -12 -13 -10 -15 -9 -15 -9 -16 -9 -17 -7 -17 -8 -16 -7 -17 -7 -18 -6 -18 -7 -17 -7 -18 -6 -16 -6 -19 -6 -17 -6 -18 -5 -17 -5 -18 -4 -18 -6 -17 -5 -17 -5 -17 -6 -18 -6 -18 0 0 -6 -18 -6 -18 -6 -18 -6 -18 -6 -18 -6 -18 -7 -18 -7 -18 -7 -18 -8 -18 -8 -18 -7 -17 -7 -18 -8 -17 -8 -18 -9 -18 -9 -20 -9 -18 -8 -19 -8 -18 -7 -19 -8 -19 -8 -19 -9 -19 -8 -19 -9 -18 0 0 0 0 0 0 0 0 0 0 ]
462,1782983870.103586,16.0836,-66,CSI_DATA,AP,98:F4:AB:29:67:94,-66,11,1,6,1,1,1,1,0,0,0,-96,1,6,1,69626304,0,84,0,0,70.0093,384,[84 -64 4 0 0 0 0 0 0 0 0 0 14 5 13 4 15 5 14 5 14 6 13 7 14 6 14 7 14 7 13 8 14 8 14 8 13 9 13 9 12 8 14 9 13 9 12 9 13 9 13 8 13 9 13 8 13 9 12 9 13 9 13 9 0 0 13 8 13 8 13 8 14 8 13 8 14 7 14 8 13 7 14 6 15 7 15 7 14 7 15 7 15 6 16 6 15 6 16 6 15 6 15 6 16 5 16 5 16 5 16 6 16 6 16 6 16 6 0 0 0 0 0 0 0 0 0 0 ]
463,1782983870.193024,16.0800,-66,CSI_DATA,AP,98:F4:AB:29:67:94,-66,11,1,6,1,1,1,1,0,0,0,-96,1,6,1,69707975,0,84,0,0,70.091,384,[84 -64 4 0 0 0 0 0 0 0 0 0 -17 1 -17 0 -17 0 -18 0 -18 0 -18 0 -18 -2 -18 -1 -19 -2 -18 -2 -19 -2 -19 -2 -18 -3 -19 -3 -18 -3 -19 -3 -18 -4 -18 -3 -18 -4 -18 -4 -18 -3 -18 -3 -17 -4 -17 -4 -18 -4 -18 -4 0 0 -18 -3 -19 -3 -19 -3 -19 -2 -18 -2 -19 -2 -18 -2 -18 -2 -19 -2 -19 -1 -19 -1 -19 -1 -19 -1 -19 -1 -19 0 -20 0 -20 -1 -20 0 -21 0 -19 1 -20 1 -20 0 -21 -1 -20 0 -20 1 -20 1 0 0 0 0 0 0 0 0 0 0 ]
464,1782983870.283682,16.1932,-65,CSI_DATA,AP,98:F4:AB:29:67:94,-65,11,1,5,1,1,1,1,0,0,0,-96,1,6,1,69815317,0,84,0,0,70.1983,384,[84 -64 4 0 0 0 0 0 0 0 0 0 -1 -17 -1 -17 0 -17 0 -18 0 -17 1 -17 2 -18 3 -18 2 -19 2 -18 2 -18 3 -18 3 -19 3 -18 3 -19 3 -19 3 -18 4 -18 3 -18 4 -18 4 -18 4 -18 4 -16 3 -17 4 -18 3 -18 0 0 3 -19 3 -19 3 -18 2 -18 2 -18 3 -18 2 -18 2 -19 3 -19 2 -18 1 -19 1 -19 1 -19 0 -19 0 -20 0 -20 1 -20 0 -20 1 -20 0 -20 1 -21 0 -20 0 -20 -1 -20 -1 -20 -1 -20 0 0 0 0 0 0 0 0 0 0 ]
465,1782983870.374088,16.9950,-67,CSI_DATA,AP,98:F4:AB:29:67:94,-67,11,1,7,1,1,1,1,0,0,0,-96,1,6,1,69891244,0,84,0,0,70.2742,384,[84 -64 4 0 0 0 0 0 0 0 0 0 15 6 14 7 15 8 14 8 15 8 14 9 14 9 13 9 15 10 14 11 14 11 14 12 13 12 14 11 13 11 14 11 13 11 14 12 13 11 13 11 13 11 13 11 13 11 12 11 12 12 14 12 0 0 14 12 14 11 13 11 15 11 13 10 13 11 14 11 14 11 14 10 15 10 16 10 14 10 15 11 15 10 16 10 17 9 16 10 16 10 17 10 17 9 16 10 16 9 17 10 17 10 16 10 17 9 0 0 0 0 0 0 0 0 0 0 ]
466,1782983870.464287,16.4882,-67,CSI_DATA,AP,98:F4:AB:29:67:94,-67,11,1,7,1,1,1,1,0,0,0,-96,1,6,1,69986717,0,84,0,0,70.3697,384,[84 -64 4 0 0 0 0 0 0 0 0 0 13 -8 12 -8 13 -9 14 -8 13 -8 13 -7 14 -7 14 -6 14 -7 15 -6 15 -6 15 -7 15 -6 15 -6 14 -6 16 -5 15 -5 15 -5 14 -5 15 -5 15 -4 15 -5 15 -5 15 -4 15 -5 16 -5 0 0 15 -6 15 -6 15 -6 15 -6 14 -5 15 -6 15 -6 15 -6 15 -7 15 -7 15 -8 15 -8 15 -7 15 -7 15 -8 15 -8 16 -8 15 -8 15 -9 15 -9 15 -8 15 -9 16 -9 15 -10 15 -9 15 -8 0 0 0 0 0 0 0 0 0 0 ]
467,1782983870.555121,16.8540,-67,CSI_DATA,AP,98:F4:AB:29:67:94,-67,11,1,7,1,1,1,1,0,0,0,-96,1,6,1,70084208,0,84,0,0,70.4672,384,[84 -64 4 0 0 0 0 0 0 0 0 0 -8 -14 -7 -14 -7 -15 -7 -14 -7 -15 -5 -15 -5 -16 -5 -15 -5 -16 -4 -16 -4 -17 -5 -17 -4 -17 -4 -16 -4 -15 -4 -17 -4 -16 -4 -17 -3 -16 -3 -16 -3 -17 -3 -17 -4 -16 -3 -16 -3 -17 -3 -16 0 0 -4 -16 -5 -17 -5 -16 -5 -16 -4 -16 -4 -17 -5 -17 -5 -16 -5 -16 -6 -16 -7 -17 -6 -16 -6 -16 -6 -16 -7 -16 -7 -17 -6 -17 -7 -17 -7 -17 -8 -17 -7 -17 -7 -17 -7 -17 -8 -17 -8 -17 -8 -16 0 0 0 0 0 0 0 0 0 0 ]
468,1782983870.645344,17.6365,-65,CSI_DATA,AP,98:F4:AB:29:67:94,-65,11,1,5,1,1,1,1,0,0,0,-96,1,6,1,70161505,0,84,0,0,70.5445,384,[84 -64 4 0 0 0 0 0 0 0 0 0 -16 -8 -15 -8 -16 -9 -16 -8 -16 -9 -15 -9 -14 -10 -15 -11 -14 -11 -15 -11 -15 -11 -15 -12 -15 -12 -15 -13 -14 -12 -15 -12 -15 -12 -15 -12 -14 -12 -13 -12 -13 -12 -14 -12 -14 -12 -13 -12 -14 -12 -14 -12 0 0 -15 -12 -15 -12 -15 -11 -15 -11 -13 -11 -15 -11 -15 -11 -15 -11 -16 -11 -16 -10 -16 -10 -16 -10 -17 -11 -16 -10 -18 -10 -17 -10 -18 -10 -17 -9 -17 -10 -18 -9 -18 -10 -18 -9 -19 -9 -18 -9 -18 -9 -18 -9 0 0 0 0 0 0 0 0 0 0 ]
469,1782983870.736026,18.1717,-66,CSI_DATA,AP,98:F4:AB:29:67:94,-66,11,1,6,1,1,1,1,0,0,0,-96,1,6,1,70259091,0,84,0,0,70.6421,384,[84 -64 4 0 0 0 0 0 0 0 0 0 15 -4 16 -3 17 -3 17 -3 17 -3 16 -2 17 -1 18 0 18 -1 17 1 18 0 18 0 18 0 18 1 17 1 18 0 17 1 18 1 17 1 17 2 17 2 17 2 17 1 17 2 18 2 18 1 0 0 17 1 18 1 18 1 17 0 17 1 18 1 18 1 18 0 19 0 19 -1 19 -1 18 0 18 -1 18 -1 19 -2 19 -3 20 -1 19 -2 19 -2 18 -3 20 -2 19 -2 20 -1 19 -2 19 -2 19 -3 0 0 0 0 0 0 0 0 0 0 ]
470,1782983870.825671,18.3845,-66,CSI_DATA,AP,98:F4:AB:29:67:94,-66,11,1,7,1,1,1,1,0,0,0,-96,1,6,1,70340330,0,84,0,0,70.7233,384,[84 -64 4 0 0 0 0 0 0 0 0 0 13 9 13 10 13 11 13 11 13 11 11 12 12 13 12 12 12 14 11 13 12 13 12 13 11 15 11 13 11 13 11 15 11 14 11 14 11 14 10 13 10 14 11 14 10 14 10 14 11 14 11 14 0 0 11 13 12 13 12 14 12 13 12 14 12 14 12 13 12 13 13 13 13 13 14 12 13 12 14 13 14 12 15 13 15 12 15 13 15 12 15 12 16 12 15 13 15 13 15 12 16 12 16 12 16 11 0 0 0 0 0 0 0 0 0 0 ]
471,1782983870.915003,19.7225,-63,CSI_DATA,AP,98:F4:AB:29:67:94,-63,11,1,4,1,1,1,1,0,0,0,-96,1,6,1,70430178,0,84,0,0,70.8131,384,[84 -64 4 0 0 0 0 0 0 0 0 0 8 -16 9 -16 10 -16 10 -16 10 -15 11 -16 11 -16 11 -15 12 -16 12 -14 12 -15 13 -15 13 -15 13 -15 13 -14 14 -15 13 -14 13 -14 13 -13 13 -13 13 -13 14 -13 13 -14 13 -13 14 -14 13 -15 0 0 13 -14 14 -15 13 -15 13 -15 13 -14 12 -15 13 -15 12 -16 12 -16 12 -16 11 -17 12 -16 12 -17 12 -17 12 -17 12 -18 12 -18 11 -17 12 -18 11 -18 12 -18 12 -18 12 -18 11 -18 12 -18 11 -19 0 0 0 0 0 0 0 0 0 0 ]
472,1782983871.003752,18.2978,-65,CSI_DATA,AP,98:F4:AB:29:67:94,-65,11,1,6,1,1,1,1,0,0,0,-96,1,6,1,70521167,0,84,0,0,70.9042,384,[84 -64 4 0 0 0 0 0 0 0 0 0 -6 -15 -5 -15 -5 -16 -5 -15 -5 -16 -4 -16 -4 -16 -3 -16 -3 -17 -2 -16 -2 -17 -2 -17 -2 -17 -2 -17 -2 -17 -2 -18 -2 -17 -2 -17 -2 -16 -1 -17 -2 -17 -1 -17 -1 -16 -1 -17 -1 -17 -2 -17 0 0 -2 -18 -3 -17 -2 -17 -3 -17 -2 -16 -2 -17 -3 -17 -3 -17 -3 -17 -5 -17 -5 -16 -4 -17 -4 -17 -4 -17 -5 -17 -5 -17 -5 -18 -5 -17 -6 -18 -5 -17 -5 -18 -5 -17 -6 -18 -7 -18 -6 -17 -6 -18 0 0 0 0 0 0 0 0 0 0 ]
473,1782983871.093216,17.1648,-66,CSI_DATA,AP,98:F4:AB:29:67:94,-66,11,1,6,1,1,1,1,0,0,0,-96,1,6,1,70608671,0,84,0,0,70.9917,384,[84 -64 4 0 0 0 0 0 0 0 0 0 5 -15 5 -14 5 -16 5 -15 6 -16 6 -14 6 -14 8 -15 7 -15 8 -15 9 -15 9 -15 10 -14 9 -15 8 -14 9 -16 8 -13 9 -14 9 -14 9 -14 9 -13 9 -14 9 -14 9 -13 10 -13 9 -14 0 0 9 -14 9 -15 8 -14 9 -16 8 -13 8 -15 8 -15 8 -15 8 -15 8 -16 7 -16 8 -15 8 -16 7 -15 7 -17 6 -16 8 -18 6 -16 6 -17 6 -17 6 -17 6 -16 7 -18 7 -17 7 -16 6 -17 0 0 0 0 0 0 0 0 0 0 ]
474,1782983871.183008,16.1180,-65,CSI_DATA,AP,98:F4:AB:29:67:94,-65,11,1,6,1,1,1,1,0,0,0,-96,1,6,1,70698384,0,84,0,0,71.0814,384,[84 -64 4 0 0 0 0 0 0 0 0 0 5 14 4 14 4 14 3 14 4 15 3 15 3 15 2 16 2 16 2 15 2 16 2 16 1 16 1 17 1 16 1 17 0 16 0 16 0 16 0 16 -1 16 -1 16 0 16 0 15 -1 16 0 16 0 0 0 17 1 16 1 16 1 16 0 15 0 16 1 15 1 16 1 16 2 17 2 16 1 16 2 17 2 17 3 17 3 17 3 17 3 17 3 17 3 17 2 17 3 17 3 17 3 17 3 18 3 17 0 0 0 0 0 0 0 0 0 0 ]
475,1782983871.275017,16.2249,-65,CSI_DATA,AP,98:F4:AB:29:67:94,-65,11,1,6,1,1,1,1,0,0,0,-96,1,6,1,70787753,0,84,0,0,71.1707,384,[84 -64 4 0 0 0 0 0 0 0 0 0 -8 -14 -7 -14 -7 -15 -6 -15 -6 -16 -5 -15 -6 -15 -5 -15 -4 -17 -4 -16 -4 -16 -4 -17 -4 -17 -4 -17 -4 -16 -3 -18 -3 -16 -3 -17 -2 -16 -2 -16 -3 -16 -3 -17 -3 -16 -2 -16 -3 -17 -3 -16 0 0 -4 -16 -4 -17 -4 -16 -4 -17 -3 -16 -4 -17 -5 -17 -5 -16 -5 -17 -6 -17 -5 -17 -5 -16 -5 -17 -6 -17 -6 -17 -7 -17 -6 -18 -6 -17 -6 -18 -7 -17 -7 -17 -7 -18 -7 -18 -6 -17 -6 -17 -7 -17 0 0 0 0 0 0 0 0 0 0 ]
476,1782983871.363261,17.2556,-66,CSI_DATA,AP,98:F4:AB:29:67:94,-66,11,1,6,1,1,1,1,0,0,0,-96,1,6,1,70877987,0,84,0,0,71.261,384,[84 -64 4 0 0 0 0 0 0 0 0 0 -16 -5 -15 -5 -17 -6 -16 -6 -17 -7 -15 -7 -16 -9 -16 -8 -16 -8 -17 -10 -17 -10 -16 -10 -16 -10 -16 -10 -16 -9 -17 -10 -15 -9 -17 -10 -16 -10 -16 -10 -16 -10 -16 -9 -16 -11 -15 -11 -16 -10 -15 -9 0 0 -16 -9 -17 -9 -17 -8 -18 -8 -16 -9 -16 -9 -17 -8 -18 -8 -18 -8 -18 -9 -18 -7 -18 -8 -18 -7 -18 -7 -19 -7 -18 -6 -20 -7 -20 -7 -19 -7 -19 -6 -20 -7 -20 -5 -20 -7 -20 -7 -20 -5 -20 -6 0 0 0 0 0 0 0 0 0 0 ]
477,1782983871.453612,17.4343,-66,CSI_DATA,AP,98:F4:AB:29:67:94,-66,11,1,6,1,1,1,1,0,0,0,-96,1,6,1,70969686,0,84,0,0,71.3526,384,[84 -64 4 0 0 0 0 0 0 0 0 0 16 -2 16 -1 17 0 16 -1 17 -1 16 0 17 1 17 1 17 1 17 2 18 3 18 2 17 3 17 3 17 3 18 3 17 3 18 3 16 4 16 3 17 4 16 3 17 3 17 3 17 3 17 3 0 0 16 2 18 2 17 2 17 2 16 3 18 2 18 1 18 1 18 1 19 1 18 1 18 1 18 0 17 0 19 0 19 -1 20 0 19 0 20 0 19 -2 19 -1 20 -1 20 0 20 -1 19 0 19 -2 0 0 0 0 0 0 0 0 0 0 ]
478,1782983871.545485,17.1364,-66,CSI_DATA,AP,98:F4:AB:29:67:94,-66,11,1,6,1,1,1,1,0,0,0,-96,1,6,1,71058306,0,84,0,0,71.4414,384,[84 -64 4 0 0 0 0 0 0 0 0 0 -1 -16 -1 -15 -1 -16 0 -16 1 -16 1 -16 1 -16 2 -17 2 -16 2 -17 3 -17 2 -16 3 -17 3 -17 4 -16 3 -17 4 -16 3 -16 4 -16 4 -16 4 -16 4 -16 4 -16 4 -15 4 -16 3 -16 0 0 4 -17 4 -17 3 -17 3 -17 3 -16 3 -16 3 -17 2 -17 2 -17 1 -17 1 -17 2 -16 1 -18 1 -18 1 -18 0 -19 1 -19 1 -19 1 -19 1 -19 1 -19 1 -18 0 -19 0 -19 0 -19 0 -18 0 0 0 0 0 0 0 0 0 0 ]
479,1782983871.635113,16.3210,-67,CSI_DATA,AP,98:F4:AB:29:67:94,-67,11,1,7,1,1,1,1,0,0,0,-96,1,6,1,71156941,0,84,0,0,71.5399,384,[84 -64 4 0 0 0 0 0 0 0 0 0 12 8 12 8 13 10 12 9 12 9 11 10 12 10 10 11 10 10 12 11 11 11 11 11 11 11 11 12 11 11 11 12 10 12 10 12 10 12 9 12 9 13 9 12 10 12 9 12 10 12 11 12 0 0 10 12 11 12 11 12 11 11 10 11 11 11 11 12 11 11 12 11 11 10 12 11 11 11 12 12 12 11 12 11 13 11 13 11 13 11 13 11 13 11 13 11 13 11 13 11 14 10 14 10 14 11 0 0 0 0 0 0 0 0 0 0 ]
480,1782983871.723662,17.5706,-67,CSI_DATA,AP,98:F4:AB:29:67:94,-67,11,1,7,1,1,1,1,0,0,0,-96,1,6,1,71237829,0,84,0,0,71.6209,384,[84 -64 4 0 0 0 0 0 0 0 0 0 -14 -10 -14 -11 -14 -11 -15 -12 -13 -11 -14 -12 -13 -12 -13 -13 -13 -13 -12 -14 -13 -14 -13 -14 -13 -15 -12 -14 -12 -15 -13 -15 -12 -14 -13 -15 -11 -15 -12 -16 -12 -14 -12 -15 -11 -15 -11 -14 -11 -15 -13 -15 0 0 -13 -14 -13 -14 -13 -14 -13 -14 -13 -13 -13 -14 -13 -14 -14 -13 -14 -14 -14 -14 -15 -12 -14 -14 -15 -13 -16 -13 -16 -13 -16 -12 -16 -13 -16 -13 -16 -13 -16 -13 -16 -13 -16 -14 -17 -13 -17 -13 -16 -12 -17 -12 0 0 0 0 0 0 0 0 0 0 ]
481,1782983871.813994,18.1731,-66,CSI_DATA,AP,98:F4:AB:29:67:94,-66,11,1,7,1,1,1,1,0,0,0,-96,1,6,1,71332311,0,84,0,0,71.7153,384,[84 -64 4 0 0 0 0 0 0 0 0 0 -4 16 -4 16 -5 17 -6 16 -6 17 -6 16 -6 17 -8 17 -7 16 -8 16 -9 17 -9 16 -9 16 -11 16 -10 15 -9 16 -9 16 -10 15 -9 16 -10 15 -10 15 -10 15 -10 16 -9 15 -10 15 -9 15 0 0 -9 15 -9 16 -9 16 -9 16 -9 16 -8 16 -8 16 -9 17 -8 17 -8 17 -8 17 -8 16 -8 18 -8 17 -8 18 -7 18 -8 19 -6 18 -8 18 -7 19 -8 18 -7 19 -7 18 -7 19 -7 19 -7 19 0 0 0 0 0 0 0 0 0 0 ]
482,1782983871.903166,16.7363,-65,CSI_DATA,AP,98:F4:AB:29:67:94,-65,11,1,6,1,1,1,1,0,0,0,-96,1,6,1,71418836,0,84,0,0,71.8018,384,[84 -64 4 0 0 0 0 0 0 0 0 0 1 14 0 15 -1 15 -1 16 -1 15 -1 15 -2 16 -3 16 -2 16 -3 16 -2 16 -4 16 -4 16 -4 16 -4 16 -5 16 -4 16 -4 15 -4 15 -5 15 -5 15 -5 15 -5 15 -5 15 -5 15 -4 16 0 0 -5 15 -4 16 -4 16 -4 16 -4 15 -4 15 -4 16 -4 15 -4 16 -3 16 -3 17 -3 16 -3 16 -3 17 -2 17 -2 17 -3 17 -3 17 -3 18 -2 17 -2 18 -3 17 -2 18 -2 17 -3 17 -2 17 0 0 0 0 0 0 0 0 0 0 ]
483,1782983871.995291,15.8486,-66,CSI_DATA,AP,98:F4:AB:29:67:94,-66,11,1,7,1,1,1,1,0,0,0,-96,1,6,1,71507789,0,84,0,0,71.8908,384,[84 -64 4 0 0 0 0 0 0 0 0 0 11 -10 11 -9 11 -10 12 -9 13 -9 12 -10 13 -9 13 -8 13 -8 14 -8 15 -9 15 -9 14 -8 14 -8 14 -7 15 -8 15 -7 14 -7 15 -7 15 -7 14 -6 14 -8 14 -7 15 -6 14 -7 15 -7 0 0 14 -8 14 -8 14 -8 14 -9 14 -7 14 -8 14 -9 13 -8 13 -9 14 -10 14 -11 14 -9 13 -10 13 -11 14 -11 14 -11 14 -11 14 -12 14 -12 13 -12 13 -12 13 -12 14 -12 14 -13 13 -12 14 -12 0 0 0 0 0 0 0 0 0 0 ]
484,1782983872.084923,15.9894,-67,CSI_DATA,AP,98:F4:AB:29:67:94,-67,11,1,7,1,1,1,1,0,0,0,-96,1,6,1,71598990,0,84,0,0,71.982,384,[84 -64 4 0 0 0 0 0 0 0 0 0 9 -12 10 -11 11 -12 10 -11 11 -11 11 -11 11 -11 12 -11 13 -11 13 -10 13 -10 13 -11 14 -9 13 -9 13 -9 14 -10 13 -9 14 -10 13 -9 14 -9 13 -8 14 -9 14 -9 14 -9 14 -9 13 -9 0 0 13 -9 14 -10 13 -9 13 -10 12 -9 13 -10 13 -9 13 -10 13 -11 13 -12 13 -12 13 -11 13 -11 12 -10 13 -13 11 -12 14 -13 13 -12 13 -12 12 -13 13 -13 12 -12 14 -13 13 -13 13 -12 12 -13 0 0 0 0 0 0 0 0 0 0 ]
485,1782983872.173106,16.9871,-66,CSI_DATA,AP,98:F4:AB:29:67:94,-66,11,1,6,1,1,1,1,0,0,0,-96,1,6,1,71701066,0,84,0,0,72.0841,384,[84 -64 4 0 0 0 0 0 0 0 0 0 15 6 15 7 15 8 15 8 15 8 14 9 14 9 14 9 15 9 14 11 15 11 14 11 14 11 14 11 13 11 14 12 13 11 13 11 13 12 13 11 13 11 13 12 13 12 13 11 13 12 13 11 0 0 14 11 14 12 14 11 14 11 13 10 14 10 15 10 14 9 14 10 16 9 15 10 15 11 16 10 15 10 16 9 16 9 16 10 16 9 16 10 17 9 16 9 17 9 17 10 17 9 17 10 17 9 0 0 0 0 0 0 0 0 0 0 ]
486,1782983872.262325,17.8543,-66,CSI_DATA,AP,98:F4:AB:29:67:94,-66,11,1,6,1,1,1,1,0,0,0,-96,1,6,1,71778211,0,84,0,0,72.1611,384,[84 -64 4 0 0 0 0 0 0 0 0 0 -15 0 -16 -1 -16 -1 -17 -3 -17 -2 -17 -3 -16 -3 -16 -3 -16 -3 -16 -4 -17 -4 -17 -5 -17 -5 -16 -5 -16 -5 -17 -6 -16 -5 -15 -5 -16 -6 -16 -6 -16 -6 -16 -6 -16 -5 -15 -5 -17 -6 -16 -5 0 0 -16 -6 -16 -6 -17 -5 -16 -5 -16 -5 -16 -5 -16 -5 -16 -4 -16 -4 -16 -4 -17 -3 -17 -4 -18 -3 -18 -4 -18 -4 -19 -3 -18 -4 -18 -3 -18 -3 -19 -3 -18 -3 -19 -3 -19 -3 -19 -2 -18 -2 -19 -2 0 0 0 0 0 0 0 0 0 0 ]
487,1782983872.352401,18.7611,-66,CSI_DATA,AP,98:F4:AB:29:67:94,-66,11,1,6,1,1,1,1,0,0,0,-96,1,6,1,71868620,0,84,0,0,72.2516,384,[84 -64 4 0 0 0 0 0 0 0 0 0 2 -17 3 -16 4 -18 4 -17 5 -17 5 -16 6 -17 6 -17 6 -18 7 -17 6 -18 7 -17 8 -17 7 -18 7 -16 8 -17 8 -17 8 -17 9 -16 8 -16 8 -16 9 -16 8 -16 8 -16 9 -17 8 -17 0 0 8 -17 8 -16 7 -17 7 -18 7 -16 7 -17 8 -18 7 -17 7 -18 5 -18 6 -18 7 -17 6 -18 6 -18 6 -19 6 -19 6 -19 6 -19 6 -19 6 -19 6 -19 6 -19 6 -19 5 -20 5 -20 6 -19 0 0 0 0 0 0 0 0 0 0 ]
488,1782983872.441327,18.8785,-66,CSI_DATA,AP,98:F4:AB:29:67:94,-66,11,1,7,1,1,1,1,0,0,0,-96,1,6,1,71959885,0,84,0,0,72.3429,384,[84 -64 4 0 0 0 0 0 0 0 0 0 -8 15 -8 14 -9 14 -9 15 -10 14 -8 15 -9 14 -11 14 -11 14 -12 14 -12 14 -12 14 -13 13 -12 13 -11 14 -13 14 -13 14 -13 13 -12 13 -12 13 -13 13 -12 13 -13 13 -12 13 -13 13 -13 14 0 0 -11 15 -13 14 -12 14 -11 15 -12 13 -11 14 -11 15 -11 15 -11 16 -12 16 -11 17 -10 15 -10 16 -11 16 -10 16 -10 17 -10 17 -10 18 -10 17 -10 17 -10 17 -11 18 -10 18 -9 18 -10 18 -9 18 0 0 0 0 0 0 0 0 0 0 ]
489,1782983872.529746,17.6557,-67,CSI_DATA,AP,98:F4:AB:29:67:94,-67,11,1,7,1,1,1,1,0,0,0,-96,1,6,1,72049049,0,84,0,0,72.432,384,[84 -64 4 0 0 0 0 0 0 0 0 0 14 0 14 1 14 2 15 3 14 2 14 3 14 3 15 4 15 4 14 4 15 5 15 5 15 5 16 5 14 5 15 5 15 5 14 6 14 6 15 5 14 6 14 6 15 5 15 5 15 6 15 5 0 0 14 5 15 4 15 5 15 4 15 5 16 5 16 4 15 4 15 4 15 3 16 3 16 4 16 3 16 3 16 2 17 2 17 3 18 2 17 3 17 2 17 3 17 3 17 2 17 1 17 2 17 1 0 0 0 0 0 0 0 0 0 0 ]
490,1782983872.617796,16.3944,-67,CSI_DATA,AP,98:F4:AB:29:67:94,-67,11,1,7,1,1,1,1,0,0,0,-96,1,6,1,72146318,0,84,0,0,72.5293,384,[84 -64 4 0 0 0 0 0 0 0 0 0 14 -4 14 -3 14 -3 14 -3 15 -2 15 -2 16 -2 15 0 15 -1 15 0 16 -1 16 -1 16 -1 16 0 15 0 16 0 15 0 15 0 16 0 15 1 15 1 16 1 15 0 15 0 15 1 16 0 0 0 16 0 16 -1 16 0 15 0 15 0 16 0 15 0 15 -1 16 -2 15 -3 16 -2 16 -2 16 -2 16 -2 16 -3 17 -3 17 -3 16 -4 17 -3 16 -3 17 -3 17 -3 16 -3 17 -5 17 -3 17 -4 0 0 0 0 0 0 0 0 0 0 ]
491,1782983872.705485,16.2111,-67,CSI_DATA,AP,98:F4:AB:29:67:94,-67,11,1,7,1,1,1,1,0,0,0,-96,1,6,1,72227731,0,84,0,0,72.6107,384,[84 -64 4 0 0 0 0 0 0 0 0 0 15 -5 15 -4 16 -3 16 -3 17 -3 16 -2 16 -3 17 -2 18 -2 18 -1 17 -1 17 0 17 0 17 0 17 1 18 0 17 1 18 0 16 1 17 1 17 1 17 1 17 1 16 1 17 0 16 0 0 0 17 0 18 0 17 0 18 -1 16 0 17 0 18 -1 17 -1 18 -2 18 -2 18 -2 18 -2 19 -1 18 -2 19 -3 18 -3 19 -3 19 -3 19 -3 18 -4 19 -3 18 -3 20 -3 18 -4 19 -3 18 -4 0 0 0 0 0 0 0 0 0 0 ]
492,1782983872.794289,16.8075,-67,CSI_DATA,AP,98:F4:AB:29:67:94,-67,11,1,7,1,1,1,1,0,0,0,-96,1,6,1,72317442,0,84,0,0,72.7005,384,[84 -64 4 0 0 0 0 0 0 0 0 0 6 -15 6 -15 7 -16 7 -15 9 -15 8 -15 9 -15 10 -15 9 -15 11 -15 11 -15 11 -14 11 -14 11 -15 11 -14 11 -15 10 -14 11 -14 11 -13 11 -13 12 -13 11 -14 11 -13 11 -14 12 -14 11 -14 0 0 11 -14 11 -15 11 -15 11 -16 10 -14 10 -15 9 -16 10 -15 10 -16 9 -16 10 -16 10 -15 9 -16 10 -16 8 -18 8 -17 10 -19 9 -17 8 -17 9 -18 10 -17 8 -18 10 -18 9 -18 9 -18 8 -18 0 0 0 0 0 0 0 0 0 0 ]
493,1782983872.883480,16.5801,-67,CSI_DATA,AP,98:F4:AB:29:67:94,-67,11,1,7,1,1,1,1,0,0,0,-96,1,6,1,72409099,0,84,0,0,72.7921,384,[84 -64 4 0 0 0 0 0 0 0 0 0 13 -11 13 -9 16 -8 16 -9 15 -7 15 -7 15 -7 16 -7 15 -6 16 -6 16 -6 16 -6 17 -6 17 -6 16 -4 17 -5 17 -6 17 -5 17 -4 17 -4 16 -4 17 -5 17 -4 17 -4 16 -5 16 -6 0 0 17 -6 17 -6 17 -6 16 -7 16 -5 17 -6 18 -6 16 -7 16 -7 17 -8 16 -8 16 -8 16 -7 17 -8 16 -9 17 -9 17 -9 17 -9 17 -8 18 -9 17 -9 17 -9 18 -9 18 -10 17 -10 17 -10 0 0 0 0 0 0 0 0 0 0 ]
494,1782983872.971643,17.3022,-67,CSI_DATA,AP,98:F4:AB:29:67:94,-67,11,1,7,1,1,1,1,0,0,1,-96,1,6,1,72499637,0,84,0,0,72.8826,384,[84 -64 4 0 0 0 0 0 0 0 0 0 5 -16 6 -15 7 -16 7 -17 7 -15 7 -15 8 -15 9 -15 9 -16 9 -15 9 -15 10 -15 10 -15 10 -15 10 -14 11 -15 10 -14 10 -14 10 -14 10 -13 11 -14 11 -14 10 -14 11 -14 11 -14 11 -14 0 0 11 -15 10 -14 11 -14 10 -15 10 -15 11 -15 10 -14 10 -15 9 -15 10 -16 8 -16 9 -16 9 -16 9 -16 9 -17 9 -17 9 -16 9 -18 9 -17 9 -18 10 -17 9 -17 9 -18 9 -18 9 -18 9 -18 0 0 0 0 0 0 0 0 0 0 ]
495,1782983873.060703,17.0923,-67,CSI_DATA,AP,98:F4:AB:29:67:94,-67,11,1,7,1,1,1,1,0,0,1,-96,1,6,1,72589230,0,84,0,0,72.9722,384,[84 -64 4 0 0 0 0 0 0 0 0 0 -8 11 -8 12 -9 11 -9 12 -10 11 -9 11 -10 11 -10 10 -11 11 -11 11 -11 11 -12 11 -12 11 -12 10 -12 10 -12 11 -12 10 -12 9 -12 9 -12 10 -12 9 -12 10 -12 9 -12 10 -13 10 -12 11 0 0 -12 10 -12 11 -12 10 -11 11 -12 9 -12 11 -12 10 -12 10 -11 11 -11 12 -11 11 -11 11 -12 11 -11 12 -11 12 -11 13 -12 12 -11 13 -12 13 -11 13 -11 13 -11 13 -12 13 -10 14 -11 13 -11 14 0 0 0 0 0 0 0 0 0 0 ]
496,1782983873.149561,18.2057,-65,CSI_DATA,AP,98:F4:AB:29:67:94,-65,11,1,5,1,1,1,1,0,0,0,-96,1,6,1,72682188,0,84,0,0,73.0651,384,[84 -64 4 0 0 0 0 0 0 0 0 0 -13 -10 -13 -10 -13 -11 -14 -11 -14 -12 -12 -12 -12 -12 -12 -12 -12 -13 -11 -14 -12 -13 -12 -14 -12 -14 -11 -14 -11 -14 -13 -15 -12 -14 -11 -14 -11 -14 -10 -14 -11 -15 -10 -14 -11 -14 -11 -14 -11 -15 -11 -14 0 0 -12 -13 -12 -14 -11 -14 -13 -13 -11 -13 -13 -14 -12 -13 -13 -14 -12 -13 -13 -14 -14 -14 -13 -13 -13 -13 -13 -13 -15 -13 -15 -12 -16 -14 -15 -13 -15 -14 -15 -12 -15 -13 -15 -13 -15 -13 -16 -13 -16 -13 -15 -12 0 0 0 0 0 0 0 0 0 0 ]
497,1782983873.238419,16.9779,-67,CSI_DATA,AP,98:F4:AB:29:67:94,-67,11,1,7,1,1,1,1,0,0,1,-96,1,6,1,72769127,0,84,0,0,73.1521,384,[84 -64 4 0 0 0 0 0 0 0 0 0 10 9 10 9 9 10 11 10 10 10 10 11 9 12 10 12 10 12 8 12 9 12 9 12 9 13 8 13 8 13 8 13 8 13 9 13 7 13 7 13 7 13 7 13 7 13 8 13 8 13 8 13 0 0 8 13 8 13 8 14 9 12 8 13 8 13 9 13 8 13 9 14 8 12 11 12 10 12 10 13 10 13 10 12 11 13 11 13 11 14 11 13 11 13 10 14 10 13 10 13 12 13 12 13 11 13 0 0 0 0 0 0 0 0 0 0 ]
498,1782983873.326603,17.6920,-67,CSI_DATA,AP,98:F4:AB:29:67:94,-67,11,1,7,1,1,1,1,0,0,1,-96,1,6,1,72868474,0,84,0,0,73.2515,384,[84 -64 4 0 0 0 0 0 0 0 0 0 5 -15 6 -15 7 -17 7 -17 7 -15 8 -15 8 -16 9 -15 9 -16 9 -16 9 -16 9 -16 10 -15 10 -15 10 -14 10 -16 9 -15 10 -14 10 -14 10 -14 10 -15 11 -15 11 -15 10 -15 11 -15 10 -15 0 0 10 -15 10 -16 10 -15 9 -16 9 -14 9 -16 10 -15 9 -17 10 -17 9 -16 8 -17 8 -17 8 -17 8 -17 8 -18 8 -18 9 -18 8 -19 8 -18 7 -18 9 -18 8 -19 9 -18 8 -19 7 -18 7 -18 0 0 0 0 0 0 0 0 0 0 ]
499,1782983873.416661,17.5174,-67,CSI_DATA,AP,98:F4:AB:29:67:94,-67,11,1,7,1,1,1,1,0,0,0,-96,1,6,1,72954431,0,84,0,0,73.3374,384,[84 -64 4 0 0 0 0 0 0 0 0 0 -8 13 -9 13 -10 14 -11 14 -11 13 -10 12 -11 12 -12 12 -12 13 -13 12 -13 12 -13 13 -14 13 -14 13 -13 12 -14 12 -13 12 -14 12 -14 11 -13 12 -14 11 -14 11 -14 11 -13 12 -14 11 -13 12 0 0 -13 12 -14 13 -13 13 -13 13 -13 12 -13 12 -13 13 -12 13 -13 14 -12 14 -13 14 -13 14 -13 15 -12 14 -12 15 -12 15 -14 16 -12 15 -12 15 -13 15 -12 16 -12 15 -12 16 -11 15 -11 17 -11 16 0 0 0 0 0 0 0 0 0 0 ]
500,1782983873.505919,16.2816,-67,CSI_DATA,AP,98:F4:AB:29:67:94,-67,11,1,7,1,1,1,1,0,0,0,-96,1,6,1,73038102,0,84,0,0,73.4211,384,[84 -64 4 0 0 0 0 0 0 0 0 0 12 6 11 7 12 7 12 8 13 8 12 8 12 9 11 9 12 9 11 10 12 10 11 11 12 10 11 11 11 10 12 11 11 11 11 10 11 10 11 11 10 11 11 11 11 10 11 11 11 11 12 10 0 0 11 10 12 10 11 11 12 10 11 10 12 10 12 10 12 9 12 9 13 9 13 9 13 10 13 9 13 9 14 9 13 8 14 10 14 9 14 9 14 8 14 10 14 9 15 9 15 9 14 9 14 8 0 0 0 0 0 0 0 0 0 0 ]
501,1782983873.594927,17.7044,-67,CSI_DATA,AP,98:F4:AB:29:67:94,-67,11,1,7,1,1,1,1,0,0,0,-96,1,6,1,73129964,0,84,0,0,73.513,384,[84 -64 4 0 0 0 0 0 0 0 0 0 -11 -13 -11 -13 -11 -13 -11 -14 -12 -14 -10 -14 -10 -14 -10 -15 -9 -16 -9 -16 -9 -16 -9 -17 -8 -16 -9 -16 -8 -16 -8 -18 -8 -17 -8 -17 -8 -17 -7 -17 -7 -17 -6 -17 -7 -18 -7 -16 -8 -17 -8 -17 0 0 -7 -17 -8 -17 -8 -17 -9 -17 -7 -17 -8 -17 -8 -17 -8 -17 -8 -17 -9 -17 -10 -17 -10 -17 -10 -17 -10 -17 -11 -18 -11 -17 -11 -18 -10 -18 -10 -17 -11 -18 -9 -18 -11 -17 -11 -17 -11 -17 -10 -17 -10 -17 0 0 0 0 0 0 0 0 0 0 ]
502,1782983873.683615,17.2097,-67,CSI_DATA,AP,98:F4:AB:29:67:94,-67,11,1,7,1,1,1,1,0,0,0,-96,1,6,1,73217314,0,84,0,0,73.6002,384,[84 -64 4 0 0 0 0 0 0 0 0 0 -12 -9 -12 -9 -12 -10 -12 -11 -12 -10 -11 -10 -12 -11 -11 -12 -12 -12 -10 -12 -11 -12 -12 -12 -11 -13 -11 -13 -11 -13 -10 -13 -11 -13 -10 -13 -10 -13 -10 -13 -10 -13 -10 -14 -10 -13 -10 -13 -10 -13 -11 -13 0 0 -11 -13 -10 -13 -10 -14 -11 -12 -11 -13 -11 -12 -11 -12 -12 -12 -11 -13 -12 -13 -12 -12 -12 -12 -12 -12 -12 -12 -12 -12 -13 -13 -12 -13 -13 -13 -13 -13 -14 -12 -13 -13 -14 -12 -13 -12 -13 -12 -13 -12 -14 -12 0 0 0 0 0 0 0 0 0 0 ]
503,1782983873.775543,16.7946,-67,CSI_DATA,AP,98:F4:AB:29:67:94,-67,11,1,7,1,1,1,1,0,0,0,-96,1,6,1,73308279,0,84,0,0,73.6913,384,[84 -64 4 0 0 0 0 0 0 0 0 0 0 -15 0 -15 1 -15 1 -16 1 -15 2 -15 2 -15 3 -15 3 -16 4 -16 4 -16 3 -16 4 -16 4 -16 4 -16 4 -16 4 -16 5 -16 5 -16 5 -15 5 -15 5 -16 5 -15 5 -15 5 -16 5 -16 0 0 5 -16 4 -16 5 -16 4 -16 5 -15 5 -16 4 -16 3 -16 4 -16 3 -17 2 -17 4 -16 3 -16 3 -16 3 -17 2 -17 3 -17 2 -17 3 -17 2 -18 3 -17 3 -17 3 -17 2 -18 2 -17 1 -17 0 0 0 0 0 0 0 0 0 0 ]
504,1782983873.863704,16.6208,-67,CSI_DATA,AP,98:F4:AB:29:67:94,-67,11,1,7,1,1,1,1,0,0,0,-96,1,6,1,73399536,0,84,0,0,73.7825,384,[84 -64 4 0 0 0 0 0 0 0 0 0 -10 -12 -9 -11 -10 -12 -9 -12 -9 -13 -8 -13 -9 -14 -8 -14 -9 -14 -8 -15 -8 -15 -7 -15 -8 -14 -8 -15 -7 -14 -8 -16 -7 -14 -8 -15 -7 -14 -7 -14 -7 -14 -8 -15 -7 -15 -7 -15 -7 -15 -7 -15 0 0 -7 -14 -9 -15 -8 -14 -9 -15 -8 -13 -9 -14 -8 -14 -9 -14 -10 -14 -10 -14 -11 -14 -10 -13 -10 -13 -10 -13 -12 -14 -11 -13 -12 -15 -11 -13 -12 -13 -12 -13 -12 -14 -12 -14 -12 -14 -12 -14 -12 -13 -12 -14 0 0 0 0 0 0 0 0 0 0 ]
505,1782983873.953299,16.9034,-67,CSI_DATA,AP,98:F4:AB:29:67:94,-67,11,1,7,1,1,1,1,0,0,1,-96,1,6,1,73490711,0,84,0,0,73.8737,384,[84 -64 4 0 0 0 0 0 0 0 0 0 10 -13 11 -12 11 -13 12 -13 12 -13 12 -12 12 -12 12 -12 13 -11 13 -11 14 -12 14 -12 14 -11 14 -11 14 -10 15 -11 15 -11 14 -10 14 -10 15 -9 15 -10 14 -10 15 -10 15 -10 15 -9 14 -10 0 0 14 -11 15 -10 15 -11 14 -11 14 -11 14 -11 15 -11 13 -11 13 -12 13 -12 14 -14 14 -12 14 -13 13 -13 14 -13 14 -14 15 -14 13 -14 15 -14 13 -14 15 -14 14 -14 14 -14 13 -15 14 -14 14 -15 0 0 0 0 0 0 0 0 0 0 ]
506,1782983874.041111,16.7956,-67,CSI_DATA,AP,98:F4:AB:29:67:94,-67,11,1,7,1,1,1,1,0,0,1,-96,1,6,1,73581777,0,84,0,0,73.9648,384,[84 -64 4 0 0 0 0 0 0 0 0 0 -15 1 -15 0 -15 0 -16 0 -15 -1 -15 -1 -16 -2 -16 -1 -15 -2 -16 -3 -16 -2 -16 -2 -16 -3 -16 -3 -17 -3 -16 -4 -16 -4 -15 -4 -16 -4 -16 -3 -16 -4 -15 -4 -16 -4 -16 -3 -16 -4 -16 -3 0 0 -17 -3 -16 -3 -16 -3 -16 -3 -15 -3 -16 -4 -16 -3 -17 -2 -16 -3 -17 -2 -17 -2 -17 -2 -17 -2 -17 -1 -17 -2 -18 -1 -17 -2 -17 -1 -18 -1 -17 -2 -18 -2 -18 -1 -17 -1 -17 0 -18 0 -18 0 0 0 0 0 0 0 0 0 0 0 ]
507,1782983874.130547,16.3777,-67,CSI_DATA,AP,98:F4:AB:29:67:94,-67,11,1,7,1,1,1,1,0,0,1,-96,1,6,1,73672363,0,84,0,0,74.0554,384,[84 -64 4 0 0 0 0 0 0 0 0 0 2 14 2 14 3 14 2 14 2 15 2 14 3 14 1 14 1 15 0 15 1 16 0 15 -1 15 -1 15 -1 14 -1 17 -1 15 -1 15 -2 15 -1 15 -2 15 -1 15 -1 15 -2 15 -2 15 -1 15 0 0 -1 15 -1 16 -1 16 -2 16 -1 15 -1 15 -1 15 -1 15 -1 15 0 16 0 16 0 16 1 16 1 16 0 16 1 16 1 17 1 16 0 17 1 17 1 17 1 17 0 17 1 17 1 18 1 15 0 0 0 0 0 0 0 0 0 0 ]
508,1782983874.217963,16.7154,-67,CSI_DATA,AP,98:F4:AB:29:67:94,-67,11,1,7,1,1,1,1,0,0,1,-96,1,6,1,73759565,0,84,0,0,74.1426,384,[84 -64 4 0 0 0 0 0 0 0 0 0 7 -15 7 -14 8 -14 9 -14 9 -15 8 -15 10 -14 10 -14 11 -14 10 -14 11 -14 12 -13 11 -13 11 -13 12 -13 12 -13 11 -13 12 -13 12 -13 12 -13 13 -13 12 -13 13 -13 12 -13 13 -12 12 -13 0 0 13 -13 12 -13 12 -14 12 -14 11 -13 12 -14 12 -14 11 -13 11 -15 12 -15 11 -16 11 -14 11 -15 11 -14 11 -16 11 -16 12 -16 12 -17 11 -16 11 -16 10 -16 11 -16 11 -17 10 -17 10 -16 12 -17 0 0 0 0 0 0 0 0 0 0 ]
509,1782983874.307989,16.8004,-67,CSI_DATA,AP,98:F4:AB:29:67:94,-67,11,1,7,1,1,1,1,0,0,0,-96,1,6,1,73851341,0,84,0,0,74.2343,384,[84 -64 4 0 0 0 0 0 0 0 0 0 14 6 14 6 14 7 14 8 14 7 14 8 14 10 13 9 15 9 13 10 14 9 14 11 13 10 14 11 13 11 14 11 13 10 13 11 13 11 13 11 12 11 14 11 12 11 13 11 13 11 13 11 0 0 13 11 15 10 14 11 14 9 14 10 14 11 14 10 15 10 15 10 16 9 15 9 15 10 14 10 15 9 15 9 15 9 16 10 16 9 16 9 16 9 15 10 17 9 17 9 17 9 16 9 16 9 0 0 0 0 0 0 0 0 0 0 ]
510,1782983874.395471,16.3895,-66,CSI_DATA,AP,98:F4:AB:29:67:94,-66,11,1,6,1,1,1,1,0,0,0,-96,1,6,1,73942293,0,84,0,0,74.3252,384,[84 -64 4 0 0 0 0 0 0 0 0 0 16 -2 14 -2 16 -1 15 -1 16 0 16 0 17 2 16 2 16 1 16 3 16 3 18 2 17 3 17 2 16 3 17 4 17 3 16 3 16 3 16 4 16 4 16 4 16 3 16 3 16 3 16 3 0 0 17 4 17 3 17 3 17 3 16 3 17 3 17 3 16 2 18 2 17 1 17 1 17 1 18 2 18 1 17 1 18 1 19 1 18 0 18 2 18 1 18 1 19 1 18 1 19 0 18 0 18 0 0 0 0 0 0 0 0 0 0 0 ]
511,1782983874.484165,16.5562,-67,CSI_DATA,AP,98:F4:AB:29:67:94,-67,11,1,7,1,1,1,1,0,0,1,-96,1,6,1,74027721,0,84,0,0,74.4107,384,[84 -64 4 0 0 0 0 0 0 0 0 0 7 -13 7 -12 8 -13 9 -13 9 -12 9 -12 9 -12 9 -12 10 -13 10 -12 10 -12 10 -12 10 -13 10 -11 10 -11 11 -12 11 -12 11 -11 11 -11 10 -11 11 -11 11 -11 11 -11 12 -11 12 -11 11 -12 0 0 11 -12 10 -12 11 -12 10 -13 10 -11 11 -12 11 -13 9 -14 9 -14 10 -13 9 -14 9 -13 10 -13 10 -14 9 -14 10 -15 10 -15 9 -15 9 -15 9 -15 9 -14 10 -15 9 -14 9 -16 9 -14 9 -15 0 0 0 0 0 0 0 0 0 0 ]
512,1782983874.573735,16.0899,-67,CSI_DATA,AP,98:F4:AB:29:67:94,-67,11,1,7,1,1,1,1,0,0,0,-96,1,6,1,74119376,0,84,0,0,74.5024,384,[84 -64 4 0 0 0 0 0 0 0 0 0 -10 -11 -9 -11 -10 -12 -9 -12 -9 -13 -9 -13 -8 -13 -8 -13 -8 -14 -8 -14 -8 -14 -8 -15 -7 -14 -8 -15 -7 -15 -8 -16 -6 -14 -7 -15 -7 -15 -6 -15 -6 -15 -6 -15 -6 -15 -7 -15 -6 -15 -7 -15 0 0 -7 -15 -8 -15 -7 -14 -8 -15 -7 -14 -8 -15 -8 -16 -8 -15 -9 -15 -9 -15 -9 -14 -9 -14 -9 -14 -9 -15 -10 -14 -10 -14 -10 -16 -10 -14 -10 -15 -10 -15 -9 -16 -10 -15 -10 -16 -10 -15 -10 -15 -11 -15 0 0 0 0 0 0 0 0 0 0 ]
513,1782983874.660141,17.3353,-67,CSI_DATA,AP,98:F4:AB:29:67:94,-67,11,1,7,1,1,1,1,0,0,0,-96,1,6,1,74207623,0,84,0,0,74.5906,384,[84 -64 4 0 0 0 0 0 0 0 0 0 3 -16 4 -16 3 -16 5 -17 5 -16 5 -17 5 -17 7 -16 7 -18 6 -16 8 -17 8 -17 8 -16 8 -17 8 -17 8 -17 9 -17 8 -15 8 -16 9 -15 9 -16 8 -16 8 -15 8 -16 9 -16 9 -16 0 0 9 -16 8 -16 8 -17 7 -17 8 -16 8 -16 8 -17 7 -16 8 -17 8 -17 7 -18 7 -17 7 -18 7 -18 7 -18 7 -19 8 -19 7 -19 8 -19 7 -19 8 -19 7 -19 7 -19 6 -20 6 -20 7 -19 0 0 0 0 0 0 0 0 0 0 ]
514,1782983874.749658,16.6823,-67,CSI_DATA,AP,98:F4:AB:29:67:94,-67,11,1,7,1,1,1,1,0,0,0,-96,1,6,1,74314726,0,84,0,0,74.6977,384,[84 -64 4 0 0 0 0 0 0 0 0 0 3 -14 4 -14 4 -15 5 -14 5 -14 6 -14 5 -14 6 -14 6 -13 7 -14 8 -14 8 -15 8 -13 8 -14 7 -12 8 -14 8 -13 8 -13 9 -13 8 -13 8 -13 9 -13 8 -13 9 -13 9 -13 8 -14 0 0 8 -13 8 -14 8 -14 8 -15 8 -14 7 -15 7 -14 7 -14 7 -15 6 -16 6 -15 2 -14 7 -17 5 -13 7 -16 7 -16 8 -17 7 -16 7 -16 6 -16 6 -16 6 -16 7 -16 7 -16 7 -17 7 -16 0 0 0 0 0 0 0 0 0 0 ]
515,1782983874.841255,16.2834,-67,CSI_DATA,AP,98:F4:AB:29:67:94,-67,11,1,7,1,1,1,1,0,0,1,-96,1,6,1,74388024,0,84,0,0,74.771,384,[84 -64 4 0 0 0 0 0 0 0 0 0 -1 15 -1 15 -1 16 -3 15 -2 16 -3 15 -3 16 -3 15 -4 16 -4 15 -4 16 -5 16 -5 16 -5 17 -5 15 -5 18 -6 16 -6 16 -6 15 -6 16 -6 15 -6 16 -5 15 -6 16 -5 15 -5 17 0 0 -5 16 -5 16 -5 17 -5 17 -5 16 -5 16 -4 17 -5 16 -5 17 -3 17 -3 18 -4 16 -4 17 -3 18 -3 18 -3 18 -4 19 -3 18 -3 19 -3 18 -3 19 -4 18 -2 19 -3 20 -4 20 -2 19 0 0 0 0 0 0 0 0 0 0 ]
516,1782983874.930072,16.2606,-67,CSI_DATA,AP,98:F4:AB:29:67:94,-67,11,1,7,1,1,1,1,0,0,1,-96,1,6,1,74479997,0,84,0,0,74.863,384,[84 -64 4 0 0 0 0 0 0 0 0 0 -1 15 0 14 -1 15 -2 15 -2 15 -2 15 -3 15 -3 15 -3 16 -5 15 -5 16 -5 16 -6 15 -6 16 -5 15 -6 17 -5 16 -6 16 -6 14 -6 15 -6 15 -6 16 -7 15 -6 15 -7 15 -6 16 0 0 -6 16 -6 17 -5 16 -5 16 -5 15 -5 15 -6 16 -5 16 -5 16 -5 17 -4 17 -5 16 -4 16 -4 16 -4 18 -4 18 -4 19 -4 18 -5 18 -4 18 -4 18 -5 18 -5 19 -4 19 -5 18 -4 18 0 0 0 0 0 0 0 0 0 0 ]
517,1782983875.018911,16.4177,-68,CSI_DATA,AP,98:F4:AB:29:67:94,-68,11,1,7,1,1,1,1,0,0,1,-96,1,6,1,74568841,0,84,0,0,74.9518,384,[84 -64 4 0 0 0 0 0 0 0 0 0 -11 -11 -11 -11 -11 -12 -10 -11 -10 -12 -11 -13 -10 -12 -10 -13 -10 -14 -10 -13 -10 -14 -10 -14 -10 -15 -9 -15 -8 -14 -10 -14 -9 -15 -9 -14 -9 -14 -8 -14 -8 -15 -8 -14 -9 -15 -8 -14 -9 -14 -9 -15 0 0 -9 -14 -10 -14 -9 -15 -10 -14 -9 -14 -10 -14 -10 -15 -11 -14 -10 -14 -11 -15 -11 -14 -11 -14 -12 -14 -12 -14 -12 -14 -12 -15 -12 -14 -13 -14 -13 -15 -13 -14 -12 -14 -12 -15 -12 -15 -13 -15 -12 -15 -12 -14 0 0 0 0 0 0 0 0 0 0 ]
518,1782983875.107265,16.2426,-68,CSI_DATA,AP,98:F4:AB:29:67:94,-68,11,1,7,1,1,1,1,0,0,1,-96,1,6,1,74657937,0,84,0,0,75.0408,384,[84 -64 4 0 0 0 0 0 0 0 0 0 9 -11 10 -11 10 -11 10 -10 11 -10 11 -10 11 -10 11 -10 12 -10 13 -10 13 -9 13 -9 14 -9 13 -8 13 -7 17 -5 15 -10 13 -9 14 -7 14 -9 14 -9 13 -9 13 -8 14 -9 14 -8 14 -9 0 0 13 -10 14 -10 13 -9 14 -10 14 -9 13 -10 14 -10 14 -10 14 -11 13 -11 14 -12 13 -11 14 -11 13 -10 14 -12 14 -12 15 -12 14 -12 14 -13 13 -13 14 -12 14 -12 14 -13 14 -13 14 -12 14 -13 0 0 0 0 0 0 0 0 0 0 ]
519,1782983875.196992,16.6606,-67,CSI_DATA,AP,98:F4:AB:29:67:94,-67,11,1,7,1,1,1,1,0,0,1,-96,1,6,1,74752464,0,84,0,0,75.1355,384,[84 -64 4 0 0 0 0 0 0 0 0 0 10 -12 10 -11 11 -12 11 -11 12 -11 11 -10 12 -11 12 -11 12 -10 14 -10 14 -10 14 -10 14 -9 14 -9 14 -9 15 -9 14 -9 15 -9 14 -8 15 -9 14 -9 14 -9 14 -9 14 -8 15 -8 14 -9 0 0 14 -9 14 -10 14 -10 14 -10 14 -9 14 -9 15 -10 14 -10 15 -11 14 -12 14 -12 14 -11 14 -11 15 -12 15 -12 14 -12 15 -12 14 -12 15 -13 14 -13 15 -13 15 -13 14 -12 14 -12 15 -13 15 -13 0 0 0 0 0 0 0 0 0 0 ]
520,1782983875.285703,17.6288,-67,CSI_DATA,AP,98:F4:AB:29:67:94,-67,11,1,7,1,1,1,1,0,0,1,-96,1,6,1,74838334,0,84,0,0,75.2214,384,[84 -64 4 0 0 0 0 0 0 0 0 0 -12 -10 -12 -11 -12 -11 -13 -11 -12 -13 -11 -12 -11 -12 -11 -13 -10 -14 -10 -13 -10 -14 -10 -14 -11 -14 -10 -14 -9 -15 -10 -15 -9 -15 -9 -15 -9 -14 -9 -15 -9 -15 -9 -16 -8 -15 -8 -15 -9 -16 -10 -15 0 0 -9 -16 -9 -15 -9 -15 -10 -15 -8 -15 -9 -16 -10 -16 -9 -15 -10 -16 -10 -16 -11 -16 -10 -15 -11 -15 -10 -16 -11 -16 -11 -16 -10 -17 -11 -16 -11 -17 -11 -16 -10 -16 -11 -17 -10 -17 -11 -17 -11 -17 -11 -16 0 0 0 0 0 0 0 0 0 0 ]
521,1782983875.375086,17.3005,-67,CSI_DATA,AP,98:F4:AB:29:67:94,-67,11,1,7,1,1,1,1,0,0,1,-96,1,6,1,74930347,0,84,0,0,75.3134,384,[84 -64 4 0 0 0 0 0 0 0 0 0 13 -4 13 -3 12 -4 14 -3 13 -3 14 -2 14 -2 14 -2 15 -2 15 -1 14 -1 15 -2 15 -1 15 -1 15 0 15 -1 15 0 15 0 15 1 14 0 14 0 15 0 14 0 15 0 14 0 15 0 0 0 15 0 15 0 15 0 15 0 15 0 15 -1 15 0 14 -1 16 -2 15 -2 15 -2 15 -2 16 -2 15 -2 16 -2 16 -2 16 -2 15 -2 16 -2 15 -3 16 -3 15 -2 16 -2 16 -3 15 -2 16 -3 0 0 0 0 0 0 0 0 0 0 ]
522,1782983875.464904,17.1195,-66,CSI_DATA,AP,98:F4:AB:29:67:94,-66,11,1,6,1,1,1,1,0,0,0,-96,1,6,1,75044989,0,84,0,0,75.428,384,[84 -64 4 0 0 0 0 0 0 0 0 0 -9 -15 -8 -16 -8 -16 -8 -17 -8 -17 -7 -18 -7 -18 -6 -18 -6 -18 -5 -19 -5 -19 -4 -19 -5 -19 -4 -20 -4 -19 -5 -20 -3 -19 -4 -19 -4 -19 -4 -19 -4 -18 -4 -19 -4 -19 -4 -19 -5 -19 -4 -19 0 0 -5 -19 -4 -20 -4 -19 -5 -19 -4 -18 -5 -19 -5 -19 -6 -19 -6 -19 -6 -20 -6 -19 -6 -19 -6 -19 -7 -19 -7 -19 -7 -20 -7 -20 -7 -19 -8 -19 -8 -19 -8 -19 -8 -19 -8 -20 -8 -19 -8 -19 -9 -19 0 0 0 0 0 0 0 0 0 0 ]
523,1782983875.554332,17.5514,-67,CSI_DATA,AP,98:F4:AB:29:67:94,-67,11,1,7,1,1,1,1,0,0,0,-96,1,6,1,75124136,0,84,0,0,75.5071,384,[84 -64 4 0 0 0 0 0 0 0 0 0 4 -17 5 -16 5 -15 6 -16 7 -16 7 -16 7 -15 8 -15 8 -15 8 -15 9 -16 9 -16 8 -15 9 -15 9 -15 10 -15 9 -15 10 -15 9 -14 10 -14 10 -14 10 -14 9 -14 9 -13 9 -15 10 -15 0 0 9 -15 9 -16 9 -15 9 -16 9 -14 9 -15 9 -15 10 -15 9 -15 7 -16 7 -17 7 -16 8 -17 8 -17 8 -18 7 -17 8 -17 7 -17 7 -17 6 -16 8 -16 7 -17 7 -17 6 -17 5 -18 6 -17 0 0 0 0 0 0 0 0 0 0 ]
524,1782983875.642712,16.5375,-67,CSI_DATA,AP,98:F4:AB:29:67:94,-67,11,1,7,1,1,1,1,0,0,1,-96,1,6,1,75199459,0,84,0,0,75.5825,384,[84 -64 4 0 0 0 0 0 0 0 0 0 16 2 16 2 16 3 16 3 16 3 15 4 16 4 16 5 16 5 16 6 15 6 16 6 16 6 15 7 15 7 16 8 16 7 15 6 15 7 16 7 15 7 14 7 14 7 15 8 14 8 16 7 0 0 15 7 16 6 16 7 16 6 14 7 16 6 15 6 15 7 16 6 16 5 17 5 16 6 16 5 17 6 16 5 17 4 17 5 17 4 18 5 18 4 18 4 18 5 17 4 19 5 19 4 17 3 0 0 0 0 0 0 0 0 0 0 ]
525,1782983875.732566,16.0911,-67,CSI_DATA,AP,98:F4:AB:29:67:94,-67,11,1,7,1,1,1,1,0,0,0,-96,1,6,1,75287966,0,84,0,0,75.671,384,[84 -64 4 0 0 0 0 0 0 0 0 0 -2 15 -3 14 -4 15 -3 15 -4 16 -5 16 -4 15 -5 15 -7 16 -5 15 -6 15 -6 15 -7 15 -7 15 -7 14 -8 15 -7 15 -8 14 -7 15 -8 13 -9 14 -8 14 -8 14 -7 14 -8 14 -7 15 0 0 -7 15 -7 15 -8 15 -7 15 -7 14 -6 15 -6 14 -8 15 -6 17 -6 16 -5 16 -5 16 -5 16 -5 16 -5 16 -6 17 -5 17 -5 17 -5 17 -4 17 -5 16 -4 16 -4 16 -3 18 -3 16 -5 17 0 0 0 0 0 0 0 0 0 0 ]
526,1782983875.821911,17.4485,-66,CSI_DATA,AP,98:F4:AB:29:67:94,-66,11,1,7,1,1,1,1,0,0,0,-96,1,6,1,75379101,0,84,0,0,75.7621,384,[84 -64 4 0 0 0 0 0 0 0 0 0 17 2 17 3 17 4 18 4 17 4 17 6 17 5 17 6 17 6 18 7 18 7 18 7 18 7 17 7 17 8 18 8 17 8 16 9 17 8 16 8 16 9 16 9 16 9 16 8 17 8 18 8 0 0 17 7 18 8 17 8 18 7 17 7 18 7 17 7 17 7 18 6 18 5 18 5 18 6 19 5 19 5 19 4 19 5 20 5 19 4 19 4 19 4 19 4 20 4 19 3 20 3 19 3 20 3 0 0 0 0 0 0 0 0 0 0 ]
527,1782983875.910376,17.5638,-66,CSI_DATA,AP,98:F4:AB:29:67:94,-66,11,1,7,1,1,1,1,0,0,0,-96,1,6,1,75469277,0,84,0,0,75.8522,384,[84 -64 4 0 0 0 0 0 0 0 0 0 -13 11 -13 10 -13 10 -14 9 -14 10 -14 9 -15 9 -16 9 -15 9 -16 8 -16 8 -17 8 -16 8 -17 7 -16 8 -18 8 -17 7 -16 7 -17 6 -16 6 -16 6 -16 6 -16 7 -15 6 -16 7 -17 7 0 0 -16 7 -16 8 -17 8 -16 9 -15 7 -16 7 -16 8 -16 8 -16 9 -16 9 -16 10 -15 8 -14 9 -15 9 -15 10 -15 10 -16 9 -15 10 -16 11 -15 10 -16 10 -15 10 -15 10 -16 10 -15 11 -15 11 0 0 0 0 0 0 0 0 0 0 ]
528,1782983875.998482,17.4024,-66,CSI_DATA,AP,98:F4:AB:29:67:94,-66,11,1,7,1,1,1,1,0,0,0,-96,1,6,1,75558567,0,84,0,0,75.9416,384,[84 -64 4 0 0 0 0 0 0 0 0 0 -15 0 -15 -1 -16 -2 -16 -2 -17 -2 -16 -2 -16 -3 -16 -4 -16 -4 -16 -5 -17 -4 -16 -5 -17 -5 -17 -5 -16 -6 -16 -5 -15 -6 -15 -6 -15 -6 -15 -6 -15 -7 -15 -7 -15 -6 -16 -6 -16 -6 -16 -7 0 0 -15 -6 -16 -5 -16 -6 -16 -5 -15 -5 -16 -5 -16 -5 -15 -6 -16 -5 -17 -4 -17 -4 -16 -4 -17 -4 -17 -3 -18 -4 -17 -4 -17 -4 -17 -3 -17 -4 -17 -3 -17 -4 -17 -3 -18 -4 -17 -2 -17 -2 -17 -2 0 0 0 0 0 0 0 0 0 0 ]
529,1782983876.087806,17.1824,-65,CSI_DATA,AP,98:F4:AB:29:67:94,-65,11,1,6,1,1,1,1,0,0,0,-96,1,6,1,75652378,0,84,0,0,76.0353,384,[84 -64 4 0 0 0 0 0 0 0 0 0 -12 -9 -12 -10 -13 -10 -12 -11 -12 -11 -12 -11 -11 -12 -11 -12 -11 -12 -11 -13 -11 -13 -11 -13 -10 -13 -10 -13 -11 -14 -8 -14 -10 -14 -10 -12 -9 -15 -9 -14 -9 -14 -9 -14 -9 -13 -9 -14 -9 -14 -10 -14 0 0 -10 -14 -10 -13 -10 -13 -11 -13 -9 -13 -10 -14 -10 -13 -11 -13 -11 -13 -12 -13 -12 -13 -11 -13 -12 -13 -11 -12 -13 -13 -12 -13 -12 -13 -13 -12 -13 -13 -12 -13 -12 -13 -13 -12 -13 -13 -13 -12 -13 -12 -13 -12 0 0 0 0 0 0 0 0 0 0 ]
530,1782983876.176028,17.5903,-66,CSI_DATA,AP,98:F4:AB:29:67:94,-66,11,1,7,1,1,1,1,0,0,1,-96,1,6,1,75740001,0,84,0,0,76.123,384,[84 -64 4 0 0 0 0 0 0 0 0 0 -7 16 -7 16 -8 15 -8 15 -9 14 -9 15 -10 15 -10 15 -11 15 -11 15 -10 15 -10 15 -11 14 -11 15 -12 13 -12 14 -12 14 -12 14 -12 13 -12 13 -12 13 -12 13 -12 13 -12 13 -12 13 -11 14 0 0 -12 13 -12 14 -11 14 -11 14 -12 13 -11 14 -12 14 -11 15 -11 15 -10 15 -10 16 -10 15 -11 16 -10 16 -11 15 -10 17 -11 16 -10 16 -11 17 -10 16 -10 17 -11 16 -10 17 -10 17 -9 17 -9 17 0 0 0 0 0 0 0 0 0 0 ]
531,1782983876.266083,18.2764,-65,CSI_DATA,AP,98:F4:AB:29:67:94,-65,11,1,7,1,1,1,1,0,0,1,-96,1,6,1,75832435,0,84,0,0,76.2155,384,[84 -64 4 0 0 0 0 0 0 0 0 0 -18 0 -18 0 -18 -1 -18 -1 -18 -2 -18 -2 -18 -2 -18 -3 -19 -4 -19 -4 -19 -5 -19 -5 -19 -6 -19 -5 -18 -5 -19 -5 -18 -5 -19 -6 -17 -6 -18 -6 -17 -6 -18 -6 -17 -6 -18 -6 -18 -6 -18 -6 0 0 -19 -6 -19 -6 -18 -5 -19 -5 -18 -6 -18 -6 -18 -5 -18 -5 -19 -4 -19 -4 -20 -4 -19 -5 -19 -4 -19 -4 -20 -3 -20 -3 -21 -4 -20 -3 -19 -3 -20 -3 -20 -3 -21 -3 -21 -3 -21 -3 -20 -3 -21 -2 0 0 0 0 0 0 0 0 0 0 ]
532,1782983876.356471,17.7481,-65,CSI_DATA,AP,98:F4:AB:29:67:94,-65,11,1,7,1,1,1,1,0,0,1,-96,1,6,1,75922095,0,84,0,0,76.3051,384,[84 -64 4 0 0 0 0 0 0 0 0 0 5 -15 4 -15 6 -15 6 -15 6 -15 6 -15 7 -15 8 -15 8 -15 8 -14 9 -15 9 -14 10 -13 10 -14 9 -13 10 -14 9 -13 10 -14 10 -13 10 -13 10 -13 10 -14 10 -13 10 -13 11 -13 10 -14 0 0 10 -14 10 -14 9 -14 9 -15 9 -13 9 -14 10 -14 9 -14 10 -14 9 -15 8 -15 9 -14 9 -15 9 -15 9 -16 8 -16 9 -16 8 -16 9 -16 8 -16 9 -16 8 -16 9 -16 8 -16 8 -16 7 -16 0 0 0 0 0 0 0 0 0 0 ]
533,1782983876.444444,16.5617,-66,CSI_DATA,AP,98:F4:AB:29:67:94,-66,11,1,7,1,1,1,1,0,0,1,-96,1,6,1,76009430,0,84,0,0,76.3925,384,[84 -64 4 0 0 0 0 0 0 0 0 0 14 2 14 3 14 4 14 3 14 4 13 4 14 5 13 5 14 5 13 6 14 6 14 6 14 7 14 6 14 7 14 7 14 7 14 7 13 6 13 7 13 7 13 7 13 7 13 7 14 7 14 7 0 0 14 6 15 6 15 6 15 6 14 7 15 6 15 6 12 6 15 7 15 6 18 1 16 5 16 5 15 4 16 4 16 4 16 5 17 4 17 4 16 3 17 4 16 4 17 4 17 3 17 3 17 3 0 0 0 0 0 0 0 0 0 0 ]
534,1782983876.535711,16.2335,-66,CSI_DATA,AP,98:F4:AB:29:67:94,-66,11,1,7,1,1,1,1,0,0,1,-96,1,6,1,76116260,0,84,0,0,76.4993,384,[84 -64 4 0 0 0 0 0 0 0 0 0 14 -1 14 -1 14 0 15 0 15 1 15 2 16 2 15 2 15 1 16 3 15 4 16 4 15 4 16 3 15 4 16 4 15 4 15 3 15 4 14 5 15 5 15 4 15 4 16 5 16 5 16 5 0 0 16 4 16 4 17 4 16 4 16 5 17 4 17 4 16 4 17 3 17 3 17 3 17 4 18 4 17 3 18 3 18 2 19 3 19 2 19 2 18 2 18 3 18 3 19 3 19 3 18 4 18 2 0 0 0 0 0 0 0 0 0 0 ]
535,1782983876.625977,15.7570,-66,CSI_DATA,AP,98:F4:AB:29:67:94,-66,11,1,7,1,1,1,1,0,0,1,-96,1,6,1,76190440,0,84,0,0,76.5733,384,[84 -64 4 0 0 0 0 0 0 0 0 0 8 11 7 11 7 12 7 12 7 13 7 12 6 13 6 13 6 13 6 13 6 14 6 14 5 14 5 14 5 13 5 15 5 15 5 14 4 14 5 14 5 14 5 15 5 15 4 14 5 15 5 15 0 0 6 15 5 16 6 15 6 15 5 15 6 15 7 15 7 15 7 15 7 15 8 15 7 14 8 16 9 15 8 15 8 15 8 17 9 16 8 16 9 15 9 16 9 16 9 16 9 16 8 16 9 16 0 0 0 0 0 0 0 0 0 0 ]
536,1782983876.716120,15.2568,-66,CSI_DATA,AP,98:F4:AB:29:67:94,-66,11,1,7,1,1,1,1,0,0,1,-96,1,6,1,76278182,0,84,0,0,76.6612,384,[84 -64 4 0 0 0 0 0 0 0 0 0 -3 -13 -3 -13 -4 -14 -4 -13 -3 -14 -3 -14 -2 -14 -1 -14 -1 -15 -1 -15 -1 -15 -1 -15 -1 -15 0 -15 0 -15 -1 -16 -1 -15 0 -16 0 -15 0 -15 1 -15 0 -16 0 -15 0 -16 0 -15 0 -16 0 0 0 -16 0 -15 0 -16 -1 -16 0 -15 0 -16 0 -15 0 -16 -1 -16 -1 -17 -1 -17 -1 -16 -1 -16 -1 -16 -1 -17 -2 -17 -1 -18 -2 -17 0 -18 -2 -17 -1 -17 -1 -17 -1 -18 -2 -19 -2 -18 -2 -18 0 0 0 0 0 0 0 0 0 0 ]
537,1782983876.805944,15.2294,-66,CSI_DATA,AP,98:F4:AB:29:67:94,-66,11,1,7,1,1,1,1,0,0,0,-96,1,6,1,76368683,0,84,0,0,76.7516,384,[84 -64 4 0 0 0 0 0 0 0 0 0 14 -4 13 -4 15 -4 15 -3 14 -3 14 -3 15 -2 15 -2 16 -1 15 -1 16 -1 16 0 17 -1 17 0 16 0 17 0 16 0 16 1 16 1 16 1 16 1 16 2 16 1 16 1 16 1 16 1 0 0 17 1 17 0 17 0 17 0 16 1 17 1 17 0 17 0 17 0 17 0 18 -1 18 -1 18 -1 18 0 17 -1 18 -2 19 -1 18 -1 19 -1 18 -2 20 0 18 -1 19 0 19 -1 19 -2 19 -2 0 0 0 0 0 0 0 0 0 0 ]
538,1782983876.897370,15.1927,-66,CSI_DATA,AP,98:F4:AB:29:67:94,-66,11,1,7,1,1,1,1,0,0,1,-96,1,6,1,76460221,0,84,0,0,76.8432,384,[84 -64 4 0 0 0 0 0 0 0 0 0 -8 12 -8 12 -8 10 -9 11 -10 12 -9 11 -10 12 -9 11 -10 11 -10 11 -12 10 -12 11 -12 11 -12 11 -11 10 -12 12 -11 10 -12 11 -11 10 -11 10 -12 10 -11 11 -12 10 -12 10 -12 10 -11 10 0 0 -10 11 -11 12 -11 12 -11 12 -10 11 -10 12 -10 12 -10 12 -10 13 -11 13 -10 13 -11 11 -11 13 -10 13 -10 13 -10 14 -11 14 -10 14 -10 14 -9 14 -10 14 -10 14 -10 15 -10 15 -10 14 -10 15 0 0 0 0 0 0 0 0 0 0 ]
539,1782983876.986735,15.4652,-66,CSI_DATA,AP,98:F4:AB:29:67:94,-66,11,1,7,1,1,1,1,0,0,1,-96,1,6,1,76549387,0,84,0,0,76.9324,384,[84 -64 4 0 0 0 0 0 0 0 0 0 10 -11 11 -11 12 -11 11 -11 13 -10 13 -10 13 -10 13 -10 13 -10 14 -9 15 -9 15 -9 15 -8 15 -8 15 -8 15 -8 15 -8 15 -8 15 -8 14 -8 15 -7 15 -8 15 -8 15 -7 15 -8 15 -8 0 0 15 -8 16 -9 14 -9 15 -9 15 -8 15 -9 15 -9 15 -9 14 -10 15 -10 15 -10 15 -9 15 -10 15 -10 15 -11 15 -11 16 -11 15 -11 15 -11 15 -12 15 -11 15 -12 16 -11 15 -11 15 -12 15 -12 0 0 0 0 0 0 0 0 0 0 ]
540,1782983877.076663,15.4488,-66,CSI_DATA,AP,98:F4:AB:29:67:94,-66,11,1,7,1,1,1,1,0,0,1,-96,1,6,1,76638544,0,84,0,0,77.0215,384,[84 -64 4 0 0 0 0 0 0 0 0 0 13 -5 13 -5 13 -4 13 -4 14 -3 14 -3 15 -3 14 -2 15 -2 14 -1 15 -2 14 -1 15 -2 14 -2 14 -2 15 -1 15 -1 14 -2 15 0 15 -1 14 0 14 -1 13 0 15 0 15 0 15 -1 0 0 14 -1 15 0 15 -1 14 -2 16 -1 14 -1 15 0 15 -2 15 -2 16 -3 16 -3 15 -3 15 -2 16 -3 16 -4 16 -4 17 -4 17 -3 17 -4 16 -4 16 -3 16 -3 17 -3 17 -4 17 -4 16 -4 0 0 0 0 0 0 0 0 0 0 ]
541,1782983877.166380,16.9705,-66,CSI_DATA,AP,98:F4:AB:29:67:94,-66,11,1,7,1,1,1,1,0,0,0,-96,1,6,1,76727935,0,84,0,0,77.1109,384,[84 -64 4 0 0 0 0 0 0 0 0 0 -15 -7 -15 -7 -15 -8 -16 -8 -15 -9 -14 -9 -14 -10 -14 -10 -15 -10 -15 -10 -14 -11 -15 -10 -15 -11 -14 -11 -14 -11 -14 -12 -13 -12 -13 -11 -13 -12 -13 -12 -13 -12 -13 -13 -12 -12 -13 -12 -13 -12 -13 -12 0 0 -13 -12 -14 -12 -14 -12 -13 -11 -13 -11 -14 -11 -14 -12 -14 -11 -15 -12 -15 -11 -16 -11 -15 -11 -15 -11 -15 -11 -16 -10 -16 -10 -16 -11 -16 -11 -16 -11 -16 -10 -16 -11 -17 -11 -16 -11 -16 -11 -17 -10 -17 -10 0 0 0 0 0 0 0 0 0 0 ]
542,1782983877.255104,17.0017,-66,CSI_DATA,AP,98:F4:AB:29:67:94,-66,11,1,7,1,1,1,1,0,0,0,-96,1,6,1,76830343,0,84,0,0,77.2134,384,[84 -64 4 0 0 0 0 0 0 0 0 0 12 9 12 10 12 10 12 11 12 11 11 12 11 12 11 13 11 13 10 13 11 13 11 13 9 13 10 14 10 14 9 15 10 14 9 13 9 14 9 14 8 14 8 14 8 13 9 14 9 14 10 14 0 0 9 14 10 14 9 14 9 13 9 13 10 13 9 14 10 13 10 14 10 13 11 13 10 13 11 13 11 14 11 13 11 13 12 14 11 12 11 13 12 12 11 13 11 13 12 13 12 14 12 13 12 12 0 0 0 0 0 0 0 0 0 0 ]
543,1782983877.344285,19.1028,-66,CSI_DATA,AP,98:F4:AB:29:67:94,-66,11,1,6,1,1,1,1,0,0,0,-96,1,6,1,76920273,0,84,0,0,77.3032,384,[84 -64 4 0 0 0 0 0 0 0 0 0 -3 17 -4 16 -6 17 -5 18 -6 17 -6 16 -7 18 -7 17 -8 17 -8 17 -8 17 -9 18 -10 17 -10 18 -10 17 -10 18 -10 17 -10 16 -9 16 -10 16 -10 16 -10 17 -10 16 -10 16 -11 17 -10 17 0 0 -9 17 -10 18 -10 18 -9 17 -9 17 -9 18 -9 18 -9 18 -9 18 -9 19 -8 19 -9 19 -8 19 -8 20 -8 20 -8 19 -8 20 -7 19 -8 21 -8 20 -7 21 -8 20 -8 20 -8 20 -8 20 -7 21 0 0 0 0 0 0 0 0 0 0 ]
544,1782983877.434572,18.6992,-67,CSI_DATA,AP,98:F4:AB:29:67:94,-67,11,1,7,1,1,1,1,0,0,0,-96,1,6,1,76998267,0,84,0,0,77.3812,384,[84 -64 4 0 0 0 0 0 0 0 0 0 13 6 11 6 13 7 13 7 13 8 13 8 13 8 11 8 13 8 13 10 13 9 12 10 13 10 12 10 12 10 13 10 11 11 12 11 12 10 12 11 12 10 12 11 12 11 12 11 13 11 13 10 0 0 13 10 14 10 14 10 13 10 12 10 14 10 13 10 14 9 14 10 14 9 15 9 14 10 15 9 15 9 15 9 16 9 16 10 16 8 16 9 17 8 17 9 16 8 17 9 17 9 16 9 16 8 0 0 0 0 0 0 0 0 0 0 ]
545,1782983877.524566,17.5610,-67,CSI_DATA,AP,98:F4:AB:29:67:94,-67,11,1,7,1,1,1,1,0,0,0,-96,1,6,1,77087480,0,84,0,0,77.4705,384,[84 -64 4 0 0 0 0 0 0 0 0 0 6 -13 7 -13 8 -12 7 -13 9 -13 8 -13 8 -13 9 -13 9 -13 10 -12 10 -13 10 -12 10 -12 10 -13 10 -11 10 -12 10 -11 10 -11 10 -12 10 -12 11 -12 10 -12 10 -12 10 -11 11 -12 10 -12 0 0 9 -13 10 -13 9 -12 9 -13 9 -12 9 -13 9 -13 8 -13 8 -13 8 -14 7 -14 8 -14 8 -14 8 -14 8 -15 6 -15 8 -15 7 -15 8 -15 7 -15 7 -15 7 -16 7 -15 7 -15 6 -15 6 -15 0 0 0 0 0 0 0 0 0 0 ]
546,1782983877.614797,18.8008,-66,CSI_DATA,AP,98:F4:AB:29:67:94,-66,11,1,5,1,1,1,1,0,0,0,-96,1,6,1,77182834,0,84,0,0,77.5658,384,[84 -64 4 0 0 0 0 0 0 0 0 0 -10 -16 -9 -16 -9 -16 -8 -17 -8 -18 -7 -18 -8 -18 -7 -18 -6 -18 -6 -18 -7 -19 -7 -19 -6 -19 -6 -19 -6 -19 -6 -20 -5 -19 -5 -19 -5 -19 -5 -19 -5 -18 -5 -19 -5 -19 -5 -19 -6 -19 -6 -20 0 0 -7 -19 -7 -20 -6 -19 -7 -19 -6 -18 -8 -19 -8 -19 -8 -18 -8 -19 -9 -19 -9 -19 -8 -19 -10 -19 -9 -19 -10 -19 -11 -20 -10 -19 -10 -19 -10 -19 -11 -19 -10 -19 -11 -19 -11 -19 -12 -19 -11 -19 -11 -18 0 0 0 0 0 0 0 0 0 0 ]
547,1782983877.703935,17.5646,-67,CSI_DATA,AP,98:F4:AB:29:67:94,-67,11,1,6,1,1,1,1,0,0,0,-96,1,6,1,77271538,0,84,0,0,77.6545,384,[84 -64 4 0 0 0 0 0 0 0 0 0 -2 -15 0 -15 -1 -17 0 -16 1 -17 0 -16 1 -17 2 -16 1 -17 3 -17 3 -18 3 -17 3 -18 4 -17 3 -17 3 -18 3 -16 3 -17 3 -16 3 -17 3 -17 3 -17 3 -16 4 -16 3 -16 3 -17 0 0 2 -17 1 -18 2 -17 1 -18 1 -17 1 -19 1 -18 0 -18 1 -19 -1 -19 0 -19 1 -19 0 -19 0 -18 -1 -20 -1 -19 -1 -21 -1 -19 -1 -19 -1 -19 -1 -20 -2 -20 -1 -21 -2 -20 -2 -19 -1 -20 0 0 0 0 0 0 0 0 0 0 ]
548,1782983877.794363,17.1850,-67,CSI_DATA,AP,98:F4:AB:29:67:94,-67,11,1,6,1,1,1,1,0,0,0,-96,1,6,1,77359092,0,84,0,0,77.7421,384,[84 -64 4 0 0 0 0 0 0 0 0 0 -16 1 -16 0 -18 -1 -17 0 -18 -1 -17 -1 -17 -2 -17 -2 -16 -3 -19 -3 -18 -3 -18 -3 -18 -3 -18 -3 -17 -3 -19 -4 -18 -3 -17 -3 -17 -4 -17 -4 -17 -4 -18 -4 -17 -4 -18 -3 -17 -4 -18 -3 0 0 -18 -2 -19 -2 -18 -3 -18 -1 -18 -3 -19 -3 -18 -2 -19 -3 -19 -2 -20 0 -20 0 -19 -2 -19 -1 -19 -1 -21 0 -20 0 -21 0 -21 0 -21 0 -21 0 -21 0 -21 0 -21 -1 -21 0 -21 0 -21 0 0 0 0 0 0 0 0 0 0 0 ]
549,1782983877.884748,16.2959,-67,CSI_DATA,AP,98:F4:AB:29:67:94,-67,11,1,6,1,1,1,1,0,0,0,-96,1,6,1,77448930,0,84,0,0,77.8319,384,[84 -64 4 0 0 0 0 0 0 0 0 0 -7 12 -8 13 -9 12 -10 12 -10 11 -10 12 -10 12 -10 11 -12 11 -10 10 -12 12 -12 12 -11 11 -13 11 -12 11 -12 11 -12 11 -11 11 -12 10 -12 10 -12 10 -12 10 -11 10 -12 10 -12 11 -12 11 0 0 -12 11 -12 12 -13 12 -11 11 -12 12 -12 12 -12 12 -11 12 -11 13 -10 12 -11 14 -11 13 -11 13 -11 14 -11 14 -11 14 -12 15 -11 15 -12 15 -11 14 -12 15 -12 14 -10 14 -11 15 -11 14 -11 16 0 0 0 0 0 0 0 0 0 0 ]
550,1782983877.973674,16.2051,-66,CSI_DATA,AP,98:F4:AB:29:67:94,-66,11,1,6,1,1,1,1,0,0,0,-96,1,6,1,77556185,0,84,0,0,77.9392,384,[84 -64 4 0 0 0 0 0 0 0 0 0 -2 16 -3 15 -3 16 -4 16 -3 16 -4 16 -4 16 -5 16 -5 16 -7 16 -7 16 -7 16 -7 16 -8 17 -7 15 -8 17 -8 16 -8 16 -8 15 -8 15 -9 15 -8 15 -8 15 -8 15 -8 15 -8 16 0 0 -7 16 -8 17 -7 16 -7 16 -6 16 -7 16 -6 17 -7 16 -7 16 -6 17 -6 17 -6 16 -6 18 -5 18 -5 18 -5 18 -6 19 -6 18 -6 19 -5 18 -5 18 -5 19 -6 19 -5 19 -5 19 -5 19 0 0 0 0 0 0 0 0 0 0 ]
551,1782983878.063168,15.7528,-66,CSI_DATA,AP,98:F4:AB:29:67:94,-66,11,1,6,1,1,1,1,0,0,0,-96,1,6,1,77627210,0,84,0,0,78.0101,384,[84 -64 4 0 0 0 0 0 0 0 0 0 1 14 1 14 0 14 0 14 0 15 -2 15 -1 15 -2 15 -2 16 -3 15 -3 16 -3 15 -3 16 -4 16 -3 15 -3 16 -4 15 -3 15 -4 15 -4 14 -5 14 -4 15 -4 14 -4 14 -4 15 -3 15 0 0 -3 15 -3 16 -3 16 -2 15 -3 15 -2 16 -3 15 -3 15 -2 16 -1 16 -1 16 -1 16 -2 16 -1 16 0 16 0 17 0 17 0 17 0 16 0 17 0 17 0 17 0 17 1 17 0 17 1 16 0 0 0 0 0 0 0 0 0 0 ]
552,1782983878.153808,17.9263,-66,CSI_DATA,AP,98:F4:AB:29:67:94,-66,11,1,6,1,1,1,1,0,0,0,-96,1,6,1,77730568,0,84,0,0,78.1136,384,[84 -64 4 0 0 0 0 0 0 0 0 0 -5 -16 -5 -16 -5 -17 -4 -17 -5 -18 -3 -18 -3 -19 -3 -18 -2 -19 -1 -19 -2 -20 -1 -19 -1 -19 -1 -19 -1 -18 0 -19 0 -19 -1 -20 0 -18 0 -19 0 -18 0 -19 0 -18 0 -18 0 -20 -1 -18 0 0 -1 -19 -1 -19 -1 -18 -2 -18 -1 -18 -3 -19 -2 -19 -2 -19 -2 -19 -4 -20 -3 -20 -3 -19 -3 -19 -4 -20 -4 -20 -5 -20 -5 -21 -4 -20 -4 -20 -5 -20 -4 -20 -5 -21 -5 -21 -6 -21 -5 -21 -5 -20 0 0 0 0 0 0 0 0 0 0 ]
553,1782983878.243179,17.5199,-68,CSI_DATA,AP,98:F4:AB:29:67:94,-68,11,1,7,1,1,1,1,0,0,0,-96,1,6,1,77818299,0,84,0,0,78.2013,384,[84 -64 4 0 0 0 0 0 0 0 0 0 -4 -15 -4 -14 -3 -15 -3 -15 -2 -15 -1 -16 -1 -17 0 -16 0 -16 1 -16 0 -17 1 -17 1 -17 2 -17 2 -17 1 -17 2 -17 2 -16 2 -16 4 -16 3 -15 3 -16 3 -15 2 -16 2 -16 2 -17 0 0 3 -16 2 -17 2 -17 1 -17 2 -16 2 -16 1 -17 2 -16 1 -17 0 -17 1 -17 1 -17 0 -16 1 -17 0 -17 1 -18 0 -18 1 -18 0 -18 0 -18 1 -18 1 -18 0 -18 -1 -19 0 -18 -1 -18 0 0 0 0 0 0 0 0 0 0 ]
554,1782983878.332865,17.8828,-68,CSI_DATA,AP,98:F4:AB:29:67:94,-68,11,1,7,1,1,1,1,0,0,0,-96,1,6,1,77897458,0,84,0,0,78.2805,384,[84 -64 4 0 0 0 0 0 0 0 0 0 -11 -13 -10 -13 -10 -14 -10 -15 -9 -15 -9 -16 -9 -16 -9 -15 -9 -16 -9 -16 -9 -16 -8 -18 -8 -17 -9 -17 -8 -16 -8 -18 -7 -17 -7 -17 -6 -17 -7 -17 -8 -17 -6 -17 -7 -17 -7 -17 -7 -17 -8 -17 0 0 -8 -16 -8 -17 -8 -17 -9 -15 -9 -17 -9 -16 -10 -17 -9 -17 -10 -17 -11 -17 -11 -16 -10 -16 -11 -16 -11 -16 -10 -17 -12 -16 -12 -17 -12 -17 -13 -16 -13 -17 -12 -16 -12 -16 -12 -16 -13 -16 -13 -16 -12 -15 0 0 0 0 0 0 0 0 0 0 ]
555,1782983878.422966,17.7473,-67,CSI_DATA,AP,98:F4:AB:29:67:94,-67,11,1,7,1,1,1,1,0,0,0,-96,1,6,1,77988353,0,84,0,0,78.3713,384,[84 -64 4 0 0 0 0 0 0 0 0 0 -13 -9 -13 -9 -13 -9 -12 -9 -12 -10 -13 -11 -13 -11 -12 -11 -13 -11 -12 -12 -12 -13 -12 -13 -11 -13 -12 -13 -11 -13 -12 -14 -11 -12 -12 -14 -11 -13 -11 -14 -11 -13 -11 -13 -11 -14 -10 -14 -10 -14 -11 -14 0 0 -11 -14 -11 -14 -11 -14 -12 -13 -11 -13 -12 -14 -11 -13 -12 -13 -12 -13 -12 -13 -13 -13 -12 -13 -13 -14 -13 -13 -13 -14 -14 -12 -14 -14 -13 -13 -14 -13 -14 -13 -13 -14 -15 -12 -14 -14 -14 -14 -13 -13 -14 -13 0 0 0 0 0 0 0 0 0 0 ]
556,1782983878.511003,18.9114,-67,CSI_DATA,AP,98:F4:AB:29:67:94,-67,11,1,7,1,1,1,1,0,0,0,-96,1,6,1,78078466,0,84,0,0,78.4615,384,[84 -64 4 0 0 0 0 0 0 0 0 0 -18 -2 -17 -1 -18 -1 -18 -2 -18 -3 -18 -3 -18 -3 -18 -4 -18 -4 -19 -4 -19 -4 -19 -5 -20 -5 -20 -5 -18 -5 -19 -6 -18 -5 -19 -6 -18 -6 -19 -7 -19 -7 -19 -6 -18 -6 -19 -6 -18 -6 -19 -7 0 0 -19 -6 -19 -5 -20 -5 -20 -5 -19 -6 -19 -7 -19 -6 -19 -6 -20 -6 -21 -4 -20 -4 -19 -5 -20 -4 -20 -5 -20 -3 -21 -4 -21 -4 -20 -4 -21 -4 -21 -4 -21 -4 -21 -5 -21 -4 -22 -3 -21 -4 -22 -3 0 0 0 0 0 0 0 0 0 0 ]
557,1782983878.600676,18.2545,-67,CSI_DATA,AP,98:F4:AB:29:67:94,-67,11,1,7,1,1,1,1,0,0,0,-96,1,6,1,78168333,0,84,0,0,78.5513,384,[84 -64 4 0 0 0 0 0 0 0 0 0 -14 -5 -14 -6 -14 -7 -15 -8 -14 -8 -14 -8 -14 -8 -14 -9 -14 -9 -14 -9 -14 -10 -14 -10 -13 -10 -14 -10 -13 -10 -15 -11 -14 -10 -13 -11 -14 -11 -13 -11 -13 -11 -13 -11 -13 -11 -14 -10 -14 -11 -14 -10 0 0 -14 -11 -14 -11 -15 -11 -15 -10 -13 -11 -14 -10 -15 -11 -13 -10 -15 -10 -15 -10 -16 -10 -15 -10 -16 -9 -16 -10 -16 -10 -16 -9 -16 -10 -16 -9 -17 -10 -17 -10 -16 -10 -17 -9 -17 -10 -17 -10 -16 -8 -17 -9 0 0 0 0 0 0 0 0 0 0 ]
558,1782983878.688477,18.9881,-68,CSI_DATA,AP,98:F4:AB:29:67:94,-68,11,1,7,1,1,1,1,0,0,0,-96,1,6,1,78258700,0,84,0,0,78.6417,384,[84 -64 4 0 0 0 0 0 0 0 0 0 -12 10 -14 9 -14 9 -14 9 -14 9 -15 9 -15 9 -15 8 -15 8 -16 7 -16 8 -17 7 -17 7 -17 7 -17 6 -17 7 -18 6 -17 6 -17 6 -17 6 -17 6 -17 6 -17 6 -16 5 -18 7 -18 7 0 0 -18 7 -18 7 -18 7 -17 8 -17 6 -17 6 -17 8 -17 8 -18 8 -18 8 -18 9 -17 8 -18 8 -18 9 -18 9 -18 10 -18 9 -18 9 -18 10 -18 10 -18 9 -17 10 -17 10 -19 10 -19 10 -18 10 0 0 0 0 0 0 0 0 0 0 ]
559,1782983878.777600,19.0808,-68,CSI_DATA,AP,98:F4:AB:29:67:94,-68,11,1,7,1,1,1,1,0,0,0,-96,1,6,1,78349685,0,84,0,0,78.7327,384,[84 -64 4 0 0 0 0 0 0 0 0 0 -7 14 -7 14 -8 15 -8 15 -9 14 -9 14 -9 15 -11 14 -10 15 -11 13 -12 14 -12 14 -11 14 -12 14 -12 14 -12 15 -12 14 -13 14 -13 13 -13 13 -12 13 -13 14 -12 13 -13 13 -14 13 -13 13 0 0 -12 14 -12 15 -12 14 -11 15 -12 14 -12 15 -12 15 -11 15 -11 16 -11 16 -11 17 -11 15 -12 15 -11 16 -10 17 -10 17 -11 17 -10 17 -10 17 -9 18 -11 17 -10 18 -11 17 -11 17 -10 18 -10 17 0 0 0 0 0 0 0 0 0 0 ]
560,1782983878.867018,17.7163,-67,CSI_DATA,AP,98:F4:AB:29:67:94,-67,11,1,7,1,1,1,1,0,0,0,-96,1,6,1,78438761,0,84,0,0,78.8217,384,[84 -64 4 0 0 0 0 0 0 0 0 0 2 14 2 15 0 16 0 15 -1 15 -1 15 -1 16 -2 15 -1 16 -3 16 -2 16 -2 16 -2 16 -3 17 -3 16 -3 17 -2 17 -3 16 -4 16 -3 16 -5 15 -4 16 -4 16 -3 16 -4 16 -3 16 0 0 -2 17 -2 17 -2 17 -2 17 -2 15 -2 17 -2 16 -2 17 -1 17 -1 17 0 17 -1 17 -1 17 0 16 1 17 2 17 1 18 1 17 1 18 1 18 1 17 1 18 1 17 2 18 2 18 2 18 0 0 0 0 0 0 0 0 0 0 ]
561,1782983878.955912,16.8510,-67,CSI_DATA,AP,98:F4:AB:29:67:94,-67,11,1,7,1,1,1,1,0,0,0,-96,1,6,1,78530262,0,84,0,0,78.9133,384,[84 -64 4 0 0 0 0 0 0 0 0 0 1 14 0 14 0 15 -1 16 -2 15 -2 16 -3 15 -3 16 -3 17 -3 15 -3 17 -3 16 -4 17 -4 16 -5 16 -5 17 -5 17 -5 16 -5 16 -5 15 -6 15 -6 15 -6 16 -4 15 -5 16 -4 16 0 0 -5 16 -5 16 -5 16 -4 16 -4 15 -3 16 -4 16 -4 16 -4 17 -2 17 -1 17 -3 17 -2 18 -2 17 -2 16 -1 18 -2 18 -1 17 -2 18 -2 17 -2 18 -3 18 -2 17 -1 18 -1 18 0 18 0 0 0 0 0 0 0 0 0 0 ]
562,1782983879.044570,17.7211,-65,CSI_DATA,AP,98:F4:AB:29:67:94,-65,11,1,5,1,1,1,1,0,0,0,-96,1,6,1,78621374,0,84,0,0,79.0043,384,[84 -64 4 0 0 0 0 0 0 0 0 0 15 7 13 8 14 9 14 9 14 9 14 10 14 10 14 11 14 11 13 11 14 12 14 12 13 13 12 12 13 12 13 14 12 12 13 12 12 13 12 13 11 13 12 13 12 13 11 13 12 14 13 13 0 0 12 13 12 13 13 13 13 12 12 12 13 12 13 12 14 12 13 11 14 12 14 12 14 12 14 12 15 12 15 12 14 12 15 12 15 12 15 12 16 11 16 11 16 11 15 11 16 11 15 11 15 11 0 0 0 0 0 0 0 0 0 0 ]
563,1782983879.133796,17.3961,-65,CSI_DATA,AP,98:F4:AB:29:67:94,-65,11,1,5,1,1,1,1,0,0,0,-96,1,6,1,78728624,0,84,0,0,79.1116,384,[84 -64 4 0 0 0 0 0 0 0 0 0 6 15 5 15 5 17 4 16 5 17 4 16 3 17 2 17 3 18 3 18 3 18 3 19 3 19 2 19 1 18 1 19 1 19 1 18 0 17 -1 18 -1 18 -1 17 0 18 1 18 0 18 1 18 0 0 0 18 0 19 1 19 1 18 0 17 0 19 0 19 0 18 1 19 2 19 3 19 3 19 3 19 3 19 3 19 3 19 3 20 4 19 2 20 2 19 3 19 3 19 3 19 4 20 5 20 4 20 0 0 0 0 0 0 0 0 0 0 ]
564,1782983879.221588,16.7865,-66,CSI_DATA,AP,98:F4:AB:29:67:94,-66,11,1,6,1,1,1,1,0,0,0,-96,1,6,1,78810283,0,84,0,0,79.1933,384,[84 -64 4 0 0 0 0 0 0 0 0 0 5 -14 6 -13 6 -14 7 -13 7 -13 7 -13 9 -14 8 -13 8 -14 9 -13 9 -14 10 -12 9 -13 10 -12 9 -12 10 -13 10 -12 10 -12 10 -12 9 -13 10 -12 10 -12 10 -11 10 -12 11 -12 10 -12 0 0 10 -12 10 -13 9 -13 8 -14 9 -12 8 -13 9 -14 8 -13 8 -14 8 -14 8 -14 8 -14 8 -14 8 -14 7 -15 7 -15 8 -15 7 -15 7 -16 7 -15 7 -16 6 -16 8 -16 7 -16 7 -16 6 -16 0 0 0 0 0 0 0 0 0 0 ]
565,1782983879.310011,16.6373,-66,CSI_DATA,AP,98:F4:AB:29:67:94,-66,11,1,6,1,1,1,1,0,0,0,-96,1,6,1,78887495,0,84,0,0,79.2705,384,[84 -64 4 0 0 0 0 0 0 0 0 0 7 14 6 14 6 15 5 15 5 15 4 15 3 16 3 16 2 17 2 17 2 17 3 17 2 17 2 17 1 16 1 19 0 17 0 18 1 16 -1 17 0 17 1 17 1 17 1 16 1 17 1 17 0 0 0 17 1 17 1 16 2 16 1 15 1 17 1 17 1 16 2 17 3 17 3 18 3 17 3 18 3 17 3 18 3 18 3 18 4 17 4 17 4 17 4 18 3 18 4 18 5 18 4 18 4 18 0 0 0 0 0 0 0 0 0 0 ]
566,1782983879.399471,17.6010,-66,CSI_DATA,AP,98:F4:AB:29:67:94,-66,11,1,6,1,1,1,1,0,0,0,-96,1,6,1,78981184,0,84,0,0,79.3642,384,[84 -64 4 0 0 0 0 0 0 0 0 0 -14 9 -15 8 -15 8 -16 8 -15 7 -15 7 -16 7 -16 7 -16 6 -17 5 -17 6 -17 4 -18 4 -18 4 -18 4 -19 4 -18 4 -17 4 -18 3 -18 3 -17 3 -18 3 -16 3 -17 3 -18 3 -17 4 0 0 -17 3 -17 4 -18 3 -17 5 -17 3 -17 4 -17 3 -17 4 -17 5 -17 5 -18 5 -17 5 -18 5 -17 6 -18 6 -18 7 -17 6 -17 6 -18 7 -17 7 -18 7 -18 7 -18 6 -18 7 -18 7 -18 8 0 0 0 0 0 0 0 0 0 0 ]
567,1782983879.487592,17.9578,-66,CSI_DATA,AP,98:F4:AB:29:67:94,-66,11,1,6,1,1,1,1,0,0,0,-96,1,6,1,79067698,0,84,0,0,79.4507,384,[84 -64 4 0 0 0 0 0 0 0 0 0 -17 3 -16 4 -17 3 -16 3 -18 3 -17 2 -18 2 -17 1 -19 2 -19 0 -18 0 -19 0 -19 -1 -18 -1 -17 -1 -20 0 -17 0 -19 0 -18 -1 -18 -1 -17 -2 -19 -1 -18 -1 -17 -1 -18 -1 -17 0 0 0 -18 1 -18 1 -17 0 -19 1 -17 -1 -18 0 -17 1 -17 1 -18 2 -19 2 -19 3 -17 2 -18 2 -18 2 -19 4 -18 4 -19 3 -18 4 -19 4 -18 5 -19 5 -19 5 -20 4 -19 5 -19 4 -19 5 0 0 0 0 0 0 0 0 0 0 ]
568,1782983879.580593,17.7999,-66,CSI_DATA,AP,98:F4:AB:29:67:94,-66,11,1,6,1,1,1,1,0,0,0,-96,1,6,1,79159539,0,84,0,0,79.5425,384,[84 -64 4 0 0 0 0 0 0 0 0 0 -11 12 -12 11 -12 13 -12 11 -13 11 -13 10 -14 10 -14 11 -13 10 -15 9 -15 10 -15 10 -16 9 -16 9 -15 8 -16 9 -16 9 -15 9 -15 8 -16 7 -16 7 -16 8 -15 8 -15 8 -15 8 -16 8 0 0 -15 8 -15 9 -15 9 -15 10 -15 9 -15 8 -15 9 -15 9 -15 10 -15 10 -14 11 -14 10 -14 10 -14 11 -14 11 -14 12 -15 12 -14 11 -15 12 -15 12 -15 12 -15 12 -15 12 -15 13 -14 12 -15 12 0 0 0 0 0 0 0 0 0 0 ]
569,1782983879.669462,18.1060,-66,CSI_DATA,AP,98:F4:AB:29:67:94,-66,11,1,6,1,1,1,1,0,0,0,-96,1,6,1,79249563,0,84,0,0,79.6326,384,[84 -64 4 0 0 0 0 0 0 0 0 0 -16 1 -16 0 -18 0 -18 -1 -18 -2 -17 -1 -18 -3 -17 -2 -18 -3 -18 -3 -18 -3 -18 -3 -18 -4 -18 -4 -18 -4 -19 -4 -18 -4 -17 -4 -17 -4 -17 -4 -18 -4 -17 -4 -17 -4 -16 -4 -18 -3 -18 -3 0 0 -19 -2 -17 -2 -17 -2 -18 -2 -17 -2 -18 -3 -18 -2 -18 -1 -18 0 -18 0 -19 0 -18 0 -19 0 -19 0 -19 1 -19 2 -20 1 -19 2 -19 1 -19 2 -19 2 -19 2 -19 2 -19 3 -19 3 -19 3 0 0 0 0 0 0 0 0 0 0 ]
570,1782983879.759079,17.7413,-66,CSI_DATA,AP,98:F4:AB:29:67:94,-66,11,1,6,1,1,1,1,0,0,0,-96,1,6,1,79339284,0,84,0,0,79.7222,384,[84 -64 4 0 0 0 0 0 0 0 0 0 8 -14 8 -14 9 -14 10 -14 10 -13 10 -13 11 -13 11 -13 12 -13 12 -13 12 -13 13 -13 13 -12 13 -12 12 -11 14 -13 13 -12 12 -11 13 -11 12 -12 13 -11 13 -11 12 -11 12 -11 13 -12 13 -12 0 0 12 -11 12 -12 12 -12 12 -13 12 -11 12 -13 12 -13 11 -13 12 -14 11 -14 11 -14 11 -13 11 -13 11 -15 10 -14 11 -15 11 -15 10 -16 11 -16 10 -15 11 -15 10 -16 11 -15 10 -16 10 -16 10 -16 0 0 0 0 0 0 0 0 0 0 ]
571,1782983879.846820,17.6826,-66,CSI_DATA,AP,98:F4:AB:29:67:94,-66,11,1,6,1,1,1,1,0,0,0,-96,1,6,1,79433100,0,84,0,0,79.8161,384,[84 -64 4 0 0 0 0 0 0 0 0 0 -14 -11 -13 -11 -13 -11 -13 -12 -13 -12 -12 -11 -12 -13 -12 -14 -12 -13 -11 -14 -12 -15 -11 -15 -11 -15 -11 -15 -10 -14 -11 -15 -10 -15 -11 -15 -9 -15 -10 -15 -10 -15 -10 -15 -10 -15 -10 -14 -9 -15 -10 -15 0 0 -10 -15 -11 -15 -10 -14 -11 -14 -10 -14 -11 -14 -11 -14 -12 -14 -11 -13 -12 -14 -13 -14 -11 -13 -12 -13 -13 -14 -14 -14 -13 -12 -14 -14 -14 -14 -13 -14 -14 -13 -14 -14 -14 -13 -14 -15 -14 -14 -14 -14 -14 -14 0 0 0 0 0 0 0 0 0 0 ]
572,1782983879.936498,16.4314,-67,CSI_DATA,AP,98:F4:AB:29:67:94,-67,11,1,7,1,1,1,1,0,0,0,-96,1,6,1,79517892,0,84,0,0,79.9009,384,[84 -64 4 0 0 0 0 0 0 0 0 0 -9 12 -10 11 -10 11 -10 11 -10 10 -11 10 -11 11 -12 10 -12 10 -12 10 -12 10 -12 10 -13 10 -13 10 -12 9 -13 9 -13 9 -13 8 -21 11 -13 9 -13 8 -13 8 -13 8 -13 8 -13 8 -13 9 0 0 -13 9 -13 9 -13 9 -12 9 -13 8 -13 9 -13 9 -13 9 -13 10 -12 10 -12 10 -12 10 -12 10 -12 10 -12 11 -12 11 -13 11 -12 11 -13 11 -12 11 -13 11 -13 12 -12 12 -12 13 -12 12 -12 12 0 0 0 0 0 0 0 0 0 0 ]
573,1782983880.032353,16.2055,-67,CSI_DATA,AP,98:F4:AB:29:67:94,-67,11,1,7,1,1,1,1,0,0,0,-96,1,6,1,79610689,0,84,0,0,79.9937,384,[84 -64 4 0 0 0 0 0 0 0 0 0 -9 -13 -8 -13 -7 -14 -7 -14 -7 -14 -7 -13 -8 -15 -6 -15 -5 -15 -6 -15 -6 -15 -5 -15 -6 -15 -5 -16 -5 -15 -5 -17 -4 -16 -5 -15 -4 -14 -4 -15 -3 -17 -4 -16 -4 -15 -4 -15 -5 -16 -4 -16 0 0 -4 -14 -4 -16 -5 -16 -5 -16 -4 -15 -5 -15 -5 -16 -6 -15 -6 -16 -7 -15 -6 -15 -6 -16 -6 -15 -6 -15 -6 -16 -7 -16 -7 -16 -7 -16 -7 -16 -6 -16 -7 -16 -7 -16 -7 -16 -8 -16 -7 -15 -9 -16 0 0 0 0 0 0 0 0 0 0 ]
574,1782983880.119908,16.2054,-67,CSI_DATA,AP,98:F4:AB:29:67:94,-67,11,1,7,1,1,1,1,0,0,0,-96,1,6,1,79702303,0,84,0,0,80.0853,384,[84 -64 4 0 0 0 0 0 0 0 0 0 14 -8 14 -7 15 -7 15 -6 16 -6 15 -6 16 -5 16 -5 17 -5 17 -5 16 -4 17 -5 17 -3 17 -3 17 -2 18 -3 17 -2 17 -3 16 -3 17 -2 17 -2 17 -2 17 -2 17 -2 17 -1 16 -3 0 0 16 -3 17 -3 17 -3 17 -4 16 -3 16 -4 17 -4 16 -4 17 -5 17 -6 18 -4 16 -4 17 -5 17 -5 17 -6 17 -6 18 -6 17 -6 18 -6 17 -6 17 -6 17 -7 18 -6 18 -6 18 -6 17 -7 0 0 0 0 0 0 0 0 0 0 ]
575,1782983880.209351,16.3168,-67,CSI_DATA,AP,98:F4:AB:29:67:94,-67,11,1,7,1,1,1,1,0,0,0,-96,1,6,1,79790982,0,84,0,0,80.174,384,[84 -64 4 0 0 0 0 0 0 0 0 0 16 2 16 3 16 4 15 5 15 5 15 5 15 5 15 6 16 6 16 6 16 7 16 7 15 7 16 8 15 7 16 7 15 7 15 7 15 7 15 7 14 7 15 6 15 8 15 7 15 7 15 7 0 0 16 5 16 5 16 6 17 5 15 5 16 5 16 5 16 4 17 3 17 4 17 3 16 4 17 4 17 3 17 2 18 2 19 2 18 2 18 1 19 1 18 1 18 1 19 1 18 2 19 1 18 1 0 0 0 0 0 0 0 0 0 0 ]
576,1782983880.299988,17.3739,-66,CSI_DATA,AP,98:F4:AB:29:67:94,-66,11,1,6,1,1,1,1,0,0,0,-96,1,6,1,79886323,0,84,0,0,80.2693,384,[84 -64 4 0 0 0 0 0 0 0 0 0 2 15 1 15 0 17 0 16 0 17 -1 16 -1 16 -2 17 -1 17 -3 17 -4 17 -2 17 -4 17 -3 16 -3 16 -3 18 -4 17 -4 16 -3 16 -3 16 -4 16 -4 16 -6 17 -6 17 -6 17 -4 16 0 0 -3 17 -3 17 -3 17 -2 17 -2 16 -2 16 -1 17 -1 17 -1 17 -1 16 -1 17 -1 16 -1 17 1 17 1 17 1 18 0 19 1 17 1 18 2 17 1 18 1 18 1 19 2 18 1 18 2 18 0 0 0 0 0 0 0 0 0 0 ]
577,1782983880.390539,17.4383,-67,CSI_DATA,AP,98:F4:AB:29:67:94,-67,11,1,7,1,1,1,1,0,0,0,-96,1,6,1,79970324,0,84,0,0,80.3532,384,[84 -64 4 0 0 0 0 0 0 0 0 0 15 -6 16 -5 16 -6 16 -5 17 -5 16 -5 16 -4 17 -5 17 -4 17 -3 17 -4 17 -4 18 -3 17 -2 17 -2 18 -2 17 -2 17 -1 16 -2 16 -2 16 -1 17 -1 16 -1 16 -2 17 -2 16 -2 0 0 17 -3 18 -4 17 -3 16 -4 17 -2 16 -4 17 -3 16 -4 16 -5 17 -6 17 -6 16 -5 17 -6 17 -6 17 -6 17 -7 19 -6 17 -7 17 -7 17 -7 18 -8 17 -8 18 -8 18 -8 17 -8 16 -8 0 0 0 0 0 0 0 0 0 0 ]
578,1782983880.480387,17.4800,-66,CSI_DATA,AP,98:F4:AB:29:67:94,-66,11,1,6,1,1,1,1,0,0,0,-96,1,6,1,80057978,0,84,0,0,80.441,384,[84 -64 4 0 0 0 0 0 0 0 0 0 -5 15 -5 15 -6 15 -7 15 -7 15 -7 14 -7 16 -8 16 -8 15 -9 14 -10 15 -9 15 -10 15 -10 14 -9 14 -11 15 -10 15 -10 14 -10 14 -9 13 -10 13 -10 14 -10 14 -10 13 -10 14 -9 14 0 0 -9 14 -9 14 -9 14 -8 15 -9 14 -8 14 -8 15 -8 15 -8 16 -8 16 -8 16 -8 15 -8 16 -7 16 -7 17 -6 17 -7 18 -6 17 -7 17 -6 17 -6 17 -7 18 -7 18 -6 18 -6 17 -6 18 0 0 0 0 0 0 0 0 0 0 ]
579,1782983880.572129,17.5493,-66,CSI_DATA,AP,98:F4:AB:29:67:94,-66,11,1,6,1,1,1,1,0,0,0,-96,1,6,1,80150989,0,84,0,0,80.534,384,[84 -64 4 0 0 0 0 0 0 0 0 0 5 15 5 15 6 16 5 15 5 15 4 15 4 16 4 16 3 17 1 17 2 17 2 17 2 17 2 17 1 17 2 18 1 16 1 17 0 16 1 16 0 16 2 16 1 17 0 16 1 17 1 16 0 0 2 16 2 17 2 16 3 17 2 16 2 16 3 17 2 16 4 16 4 16 4 17 3 16 4 17 5 17 5 17 6 16 5 18 5 16 5 17 6 17 5 17 6 17 6 18 6 17 5 17 6 17 0 0 0 0 0 0 0 0 0 0 ]
580,1782983880.661583,17.3549,-66,CSI_DATA,AP,98:F4:AB:29:67:94,-66,11,1,6,1,1,1,1,0,0,0,-96,1,6,1,80237495,0,84,0,0,80.6205,384,[84 -64 4 0 0 0 0 0 0 0 0 0 10 13 9 13 9 13 9 14 8 14 7 14 8 14 7 15 7 15 6 15 7 16 7 16 6 16 6 16 6 16 6 16 6 16 5 15 6 16 6 15 5 15 5 16 5 15 5 16 6 16 6 15 0 0 6 15 7 15 6 15 7 15 7 15 8 15 7 15 7 15 8 14 9 14 9 15 9 14 9 14 9 15 9 15 10 14 11 15 11 15 11 14 11 14 11 15 11 14 11 14 12 14 11 14 12 14 0 0 0 0 0 0 0 0 0 0 ]
581,1782983880.752708,16.9285,-66,CSI_DATA,AP,98:F4:AB:29:67:94,-66,11,1,6,1,1,1,1,0,0,0,-96,1,6,1,80329936,0,84,0,0,80.7129,384,[84 -64 4 0 0 0 0 0 0 0 0 0 0 -15 0 -15 0 -15 0 -15 1 -16 2 -16 2 -16 2 -16 3 -16 3 -16 3 -16 3 -16 4 -16 4 -16 4 -16 4 -17 4 -17 4 -15 4 -15 5 -15 5 -15 5 -15 4 -15 4 -14 5 -16 4 -16 0 0 4 -16 4 -16 4 -15 3 -16 3 -14 3 -15 3 -16 2 -16 3 -16 2 -16 2 -17 2 -16 1 -16 1 -16 1 -16 1 -17 1 -17 1 -18 1 -18 0 -17 1 -17 1 -18 0 -18 0 -18 0 -17 0 -18 0 0 0 0 0 0 0 0 0 0 ]
582,1782983880.842803,16.9114,-67,CSI_DATA,AP,98:F4:AB:29:67:94,-67,11,1,7,1,1,1,1,0,0,0,-96,1,6,1,80420034,0,84,0,0,80.803,384,[84 -64 4 0 0 0 0 0 0 0 0 0 12 -11 12 -11 13 -11 13 -11 14 -10 13 -10 14 -11 15 -9 15 -10 15 -9 16 -9 16 -10 16 -8 15 -8 15 -8 15 -9 15 -9 15 -9 15 -8 15 -8 15 -8 15 -9 15 -9 15 -8 15 -9 15 -9 0 0 14 -10 15 -10 14 -10 14 -11 14 -10 14 -10 13 -11 13 -11 14 -11 13 -12 13 -13 13 -11 14 -12 13 -12 14 -13 13 -13 13 -13 13 -14 12 -14 11 -15 12 -16 13 -14 12 -14 13 -14 13 -15 12 -14 0 0 0 0 0 0 0 0 0 0 ]
583,1782983880.930289,17.0543,-67,CSI_DATA,AP,98:F4:AB:29:67:94,-67,11,1,7,1,1,1,1,0,0,0,-96,1,6,1,80508969,0,84,0,0,80.8921,384,[84 -64 4 0 0 0 0 0 0 0 0 0 2 14 2 13 1 14 1 14 1 15 1 14 0 15 -1 14 -1 15 -1 15 -2 16 -2 16 -3 16 -2 15 -2 15 -3 16 -3 15 -2 15 -3 15 -3 14 -3 14 -3 15 -3 14 -3 15 -4 14 -3 14 0 0 -3 15 -2 15 -2 15 -2 14 -3 14 -2 14 -1 15 -1 15 -1 15 -2 15 -1 16 -2 15 -1 16 0 16 -1 15 0 16 0 16 0 16 0 16 0 16 0 16 0 16 0 16 1 16 0 16 1 16 0 0 0 0 0 0 0 0 0 0 ]
584,1782983881.019489,17.0627,-65,CSI_DATA,AP,98:F4:AB:29:67:94,-65,11,1,5,1,1,1,1,0,0,0,-96,1,6,1,80610274,0,84,0,0,80.9932,384,[84 -64 4 0 0 0 0 0 0 0 0 0 12 -11 11 -11 13 -10 12 -10 13 -10 14 -9 14 -9 14 -9 14 -10 15 -9 15 -9 15 -8 16 -8 16 -7 16 -7 16 -8 15 -6 16 -7 15 -6 15 -7 15 -6 15 -7 16 -6 15 -6 16 -6 15 -6 0 0 15 -7 15 -7 15 -7 15 -8 15 -7 15 -7 15 -7 15 -8 15 -9 15 -9 15 -10 14 -9 15 -9 15 -9 15 -10 15 -10 16 -10 15 -10 15 -11 15 -11 15 -11 15 -10 16 -10 15 -11 16 -11 15 -11 0 0 0 0 0 0 0 0 0 0 ]
585,1782983881.108852,17.6579,-67,CSI_DATA,AP,98:F4:AB:29:67:94,-67,11,1,7,1,1,1,1,0,0,0,-96,1,6,1,80687550,0,84,0,0,81.0704,384,[84 -64 4 0 0 0 0 0 0 0 0 0 -15 7 -17 5 -16 5 -17 5 -17 5 -15 5 -16 4 -17 4 -17 3 -18 4 -18 3 -19 2 -18 1 -18 2 -18 2 -18 2 -18 2 -17 2 -18 1 -18 2 -17 1 -17 1 -17 2 -17 1 -18 2 -18 2 0 0 -17 2 -18 4 -18 3 -17 3 -17 3 -17 3 -17 3 -17 4 -17 5 -17 4 -18 6 -17 4 -18 5 -18 6 -17 6 -18 5 -18 5 -18 7 -19 6 -18 7 -17 7 -18 7 -18 8 -19 7 -18 7 -18 8 0 0 0 0 0 0 0 0 0 0 ]
586,1782983881.198536,17.0513,-67,CSI_DATA,AP,98:F4:AB:29:67:94,-67,11,1,7,1,1,1,1,0,0,0,-96,1,6,1,80779483,0,84,0,0,81.1625,384,[84 -64 4 0 0 0 0 0 0 0 0 0 15 -4 15 -4 16 -3 16 -3 16 -3 16 -2 17 -2 17 -1 17 -1 17 0 17 0 17 0 17 0 17 0 16 1 17 0 17 1 16 1 16 1 16 2 16 2 17 1 16 1 16 1 16 2 16 1 0 0 16 1 17 1 17 1 16 0 16 1 17 1 17 1 16 0 17 0 17 -1 18 -1 17 -1 18 -1 17 -1 18 -1 18 -2 19 -1 18 -2 18 -2 18 -3 18 -2 19 -2 19 -2 18 -2 18 -2 18 -3 0 0 0 0 0 0 0 0 0 0 ]
587,1782983881.287922,16.9501,-65,CSI_DATA,AP,98:F4:AB:29:67:94,-65,11,1,5,1,1,1,1,0,0,0,-96,1,6,1,80874941,0,84,0,0,81.2579,384,[84 -64 4 0 0 0 0 0 0 0 0 0 0 -17 0 -16 0 -17 1 -17 2 -17 2 -16 2 -17 3 -17 3 -17 4 -17 4 -18 5 -18 6 -17 5 -18 5 -17 5 -18 5 -16 5 -17 5 -16 5 -17 5 -17 5 -16 5 -16 6 -15 6 -16 6 -17 0 0 5 -16 5 -17 5 -17 4 -17 5 -15 4 -17 5 -17 4 -17 4 -17 3 -18 3 -18 4 -16 3 -18 3 -17 2 -18 2 -18 3 -20 2 -19 3 -19 2 -19 2 -19 2 -19 3 -20 2 -19 3 -20 2 -19 0 0 0 0 0 0 0 0 0 0 ]
588,1782983881.380730,16.4080,-66,CSI_DATA,AP,98:F4:AB:29:67:94,-66,11,1,6,1,1,1,1,0,0,0,-96,1,6,1,80965800,0,84,0,0,81.3488,384,[84 -64 4 0 0 0 0 0 0 0 0 0 -12 -10 -11 -10 -12 -12 -11 -12 -11 -12 -11 -12 -11 -12 -10 -14 -10 -13 -9 -14 -11 -14 -10 -14 -9 -14 -9 -14 -8 -13 -9 -15 -9 -14 -9 -14 -8 -14 -8 -14 -8 -14 -8 -15 -7 -15 -8 -13 -8 -14 -8 -14 0 0 -9 -14 -9 -13 -9 -13 -9 -13 -8 -13 -9 -14 -8 -14 -9 -14 -9 -14 -10 -13 -10 -13 -10 -13 -11 -13 -10 -13 -11 -14 -11 -13 -12 -14 -12 -13 -11 -14 -11 -14 -10 -14 -12 -13 -11 -14 -12 -14 -12 -13 -12 -13 0 0 0 0 0 0 0 0 0 0 ]
589,1782983881.470176,17.1447,-66,CSI_DATA,AP,98:F4:AB:29:67:94,-66,11,1,6,1,1,1,1,0,0,0,-96,1,6,1,81049050,0,84,0,0,81.432,384,[84 -64 4 0 0 0 0 0 0 0 0 0 -17 4 -16 3 -18 3 -17 2 -18 2 -18 1 -18 1 -19 1 -18 1 -18 0 -19 0 -19 0 -19 -1 -19 -1 -18 -1 -20 0 -18 -1 -18 0 -17 -1 -18 -2 -18 -2 -18 -1 -18 -1 -18 -1 -18 -1 -18 0 0 0 -17 1 -18 0 -18 0 -18 1 -18 0 -18 1 -18 1 -18 1 -17 2 -18 3 -18 2 -18 2 -18 3 -18 4 -19 4 -18 4 -19 4 -18 4 -19 4 -18 5 -19 5 -19 5 -19 6 -19 6 -19 6 -19 6 0 0 0 0 0 0 0 0 0 0 ]
590,1782983881.559013,17.7387,-65,CSI_DATA,AP,98:F4:AB:29:67:94,-65,11,1,5,1,1,1,1,0,0,0,-96,1,6,1,81157964,0,84,0,0,81.5409,384,[84 -64 4 0 0 0 0 0 0 0 0 0 -7 -15 -7 -16 -8 -17 -6 -17 -5 -16 -5 -17 -5 -17 -5 -18 -4 -18 -4 -18 -4 -18 -3 -18 -4 -18 -3 -19 -3 -18 -3 -19 -3 -18 -3 -18 -2 -18 -2 -18 -2 -18 -2 -18 -2 -17 -1 -17 -2 -18 -3 -18 0 0 -3 -18 -3 -18 -3 -17 -4 -17 -3 -17 -3 -18 -3 -18 -4 -18 -4 -18 -5 -18 -5 -18 -6 -17 -5 -17 -6 -18 -6 -18 -6 -19 -6 -19 -6 -18 -6 -18 -6 -18 -6 -18 -7 -18 -7 -19 -7 -19 -7 -18 -7 -18 0 0 0 0 0 0 0 0 0 0 ]
591,1782983881.647975,18.1221,-66,CSI_DATA,AP,98:F4:AB:29:67:94,-66,11,1,6,1,1,1,1,0,0,0,-96,1,6,1,81228683,0,84,0,0,81.6117,384,[84 -64 4 0 0 0 0 0 0 0 0 0 -4 -16 -4 -17 -3 -18 -3 -17 -2 -18 -1 -18 -1 -18 0 -18 0 -19 1 -19 1 -19 1 -18 2 -19 2 -19 1 -18 1 -19 1 -18 1 -18 2 -18 2 -17 1 -18 2 -18 2 -17 2 -18 2 -18 2 -17 0 0 2 -18 1 -18 1 -18 1 -18 0 -17 0 -17 0 -18 -1 -17 0 -18 -1 -18 -1 -18 0 -18 -1 -18 -1 -18 -2 -18 -2 -19 -1 -19 -1 -19 -2 -19 -2 -19 -1 -20 -2 -19 -2 -20 -2 -20 -2 -19 -3 -20 0 0 0 0 0 0 0 0 0 0 ]
592,1782983881.735605,17.8328,-66,CSI_DATA,AP,98:F4:AB:29:67:94,-66,11,1,6,1,1,1,1,0,0,0,-96,1,6,1,81324907,0,84,0,0,81.7079,384,[84 -64 4 0 0 0 0 0 0 0 0 0 -9 -13 -9 -13 -9 -14 -9 -14 -8 -14 -8 -14 -7 -15 -7 -14 -7 -16 -6 -16 -7 -16 -6 -17 -6 -17 -6 -17 -5 -15 -5 -16 -6 -15 -5 -15 -5 -15 -4 -16 -6 -15 -5 -16 -4 -16 -5 -15 -6 -16 -5 -16 0 0 -4 -14 -7 -15 -5 -14 -6 -14 -6 -14 -6 -16 -6 -16 -6 -15 -8 -15 -7 -14 -8 -15 -6 -15 -7 -15 -7 -15 -8 -15 -9 -15 -9 -16 -8 -15 -9 -16 -9 -15 -9 -15 -9 -15 -9 -16 -9 -16 -9 -16 -9 -15 0 0 0 0 0 0 0 0 0 0 ]
593,1782983881.824385,17.4791,-65,CSI_DATA,AP,98:F4:AB:29:67:94,-65,11,1,5,1,1,1,1,0,0,0,-96,1,6,1,81408409,0,84,0,0,81.7913,384,[84 -64 4 0 0 0 0 0 0 0 0 0 16 0 16 0 17 0 16 2 16 2 16 3 16 3 17 3 17 4 16 4 17 5 17 4 17 5 17 5 17 5 17 5 16 5 16 6 16 6 15 5 16 6 16 6 15 6 15 6 16 6 17 5 0 0 16 5 16 5 16 5 16 5 15 4 16 4 16 4 17 4 17 3 18 3 17 2 16 2 17 2 18 3 18 2 18 1 19 2 18 1 18 1 18 1 18 1 18 1 18 1 19 1 18 1 18 1 0 0 0 0 0 0 0 0 0 0 ]
594,1782983881.913756,16.3414,-65,CSI_DATA,AP,98:F4:AB:29:67:94,-65,11,1,5,1,1,1,1,0,0,0,-96,1,6,1,81506753,0,84,0,0,81.8898,384,[84 -64 4 0 0 0 0 0 0 0 0 0 12 -9 12 -8 14 -8 13 -8 14 -7 13 -6 14 -7 14 -6 14 -7 15 -6 15 -6 16 -5 15 -5 15 -5 14 -4 16 -5 14 -5 15 -4 14 -4 14 -4 15 -4 15 -5 14 -4 14 -4 15 -4 14 -5 0 0 14 -5 15 -6 14 -5 14 -6 14 -5 14 -6 14 -6 14 -7 14 -7 14 -7 14 -7 14 -7 15 -7 14 -8 14 -9 14 -9 15 -9 13 -9 14 -9 14 -10 14 -9 14 -10 15 -10 15 -10 14 -10 14 -10 0 0 0 0 0 0 0 0 0 0 ]
595,1782983882.001576,16.5691,-65,CSI_DATA,AP,98:F4:AB:29:67:94,-65,11,1,5,1,1,1,1,0,0,0,-96,1,6,1,81587538,0,84,0,0,81.9705,384,[84 -64 4 0 0 0 0 0 0 0 0 0 -16 -5 -15 -5 -16 -6 -15 -5 -16 -6 -15 -7 -15 -7 -14 -8 -15 -8 -14 -10 -15 -9 -15 -9 -14 -9 -14 -9 -14 -9 -15 -10 -15 -9 -14 -9 -14 -9 -13 -9 -14 -9 -14 -8 -13 -10 -13 -9 -14 -10 -14 -10 0 0 -14 -9 -15 -9 -14 -8 -15 -8 -14 -8 -14 -9 -14 -8 -14 -8 -15 -7 -16 -7 -16 -7 -15 -7 -15 -7 -15 -7 -16 -7 -16 -6 -18 -7 -16 -6 -17 -6 -17 -6 -17 -7 -17 -5 -17 -6 -17 -6 -16 -6 -17 -6 0 0 0 0 0 0 0 0 0 0 ]
596,1782983882.091067,16.4615,-65,CSI_DATA,AP,98:F4:AB:29:67:94,-65,11,1,5,1,1,1,1,0,0,0,-96,1,6,1,81682687,0,84,0,0,82.0657,384,[84 -64 4 0 0 0 0 0 0 0 0 0 16 -4 15 -3 17 -2 17 -3 18 -2 17 -1 18 -1 17 0 17 0 18 0 18 0 18 0 18 1 18 1 17 1 18 2 17 1 17 1 16 2 17 3 17 3 17 2 17 2 16 2 17 2 17 2 0 0 17 1 18 1 17 1 17 0 16 1 17 0 17 1 18 0 17 -1 17 -1 18 -2 17 -2 17 -1 17 -1 18 -2 17 -3 19 -2 18 -2 18 -2 18 -3 19 -3 18 -3 19 -3 18 -3 18 -3 18 -4 0 0 0 0 0 0 0 0 0 0 ]
597,1782983882.181299,16.7259,-65,CSI_DATA,AP,98:F4:AB:29:67:94,-65,11,1,5,1,1,1,1,0,0,0,-96,1,6,1,81767317,0,84,0,0,82.1503,384,[84 -64 4 0 0 0 0 0 0 0 0 0 -16 5 -16 4 -18 6 -22 0 -17 3 -17 3 -18 2 -18 2 -18 2 -19 1 -19 2 -19 1 -19 1 -19 1 -18 0 -20 1 -19 0 -18 0 -18 -1 -18 -1 -18 -1 -18 -1 -18 0 -18 0 -18 -1 -18 0 0 0 -18 1 -19 1 -19 1 -18 2 -17 0 -18 0 -18 1 -18 1 -18 2 -18 3 -19 3 -18 3 -18 3 -18 3 -19 3 -19 4 -20 4 -18 4 -19 4 -18 4 -19 4 -20 4 -19 4 -19 4 -18 5 -19 5 0 0 0 0 0 0 0 0 0 0 ]
598,1782983882.271205,16.8841,-65,CSI_DATA,AP,98:F4:AB:29:67:94,-65,11,1,5,1,1,1,1,0,0,0,-96,1,6,1,81859313,0,84,0,0,82.2424,384,[84 -64 4 0 0 0 0 0 0 0 0 0 -1 17 0 17 -2 19 -3 18 -2 20 -3 18 -3 18 -3 19 -4 19 -4 19 -5 19 -6 19 -6 19 -6 19 -6 18 -6 20 -6 18 -6 18 -6 17 -5 18 -7 18 -6 18 -6 18 -6 18 -7 18 -6 18 0 0 -5 18 -5 19 -4 18 -4 19 -5 17 -4 19 -4 19 -3 19 -3 19 -4 20 -3 19 -3 19 -3 19 -2 19 -3 20 -1 20 -2 21 -1 20 -1 21 0 21 -1 21 0 21 -1 21 -1 21 -1 20 -1 21 0 0 0 0 0 0 0 0 0 0 ]
599,1782983882.361438,16.7452,-65,CSI_DATA,AP,98:F4:AB:29:67:94,-65,11,1,5,1,1,1,1,0,0,0,-96,1,6,1,81949189,0,84,0,0,82.3322,384,[84 -64 4 0 0 0 0 0 0 0 0 0 -2 14 -3 14 -3 15 -4 14 -3 16 -4 14 -4 15 -5 14 -5 15 -6 15 -7 15 -7 15 -7 15 -7 15 -6 14 -8 16 -6 14 -7 14 -7 13 -7 14 -8 14 -7 14 -8 14 -7 14 -8 14 -8 14 0 0 -7 14 -7 15 -6 14 -6 15 -6 13 -6 14 -6 15 -6 14 -5 15 -6 16 -5 16 -6 14 -6 15 -5 15 -4 16 -4 16 -4 17 -4 15 -4 16 -4 16 -4 17 -3 16 -4 17 -4 16 -4 16 -4 17 0 0 0 0 0 0 0 0 0 0 ]
600,1782983882.450941,16.7296,-65,CSI_DATA,AP,98:F4:AB:29:67:94,-65,11,1,5,1,1,1,1,0,0,0,-96,1,6,1,82037235,0,84,0,0,82.4202,384,[84 -64 4 0 0 0 0 0 0 0 0 0 -11 10 -12 10 -13 10 -13 9 -14 9 -13 8 -14 8 -14 7 -15 8 -15 8 -14 8 -15 8 -15 8 -15 7 -15 6 -16 7 -15 7 -15 6 -15 6 -15 6 -15 6 -15 6 -14 6 -15 6 -15 7 -14 6 0 0 -15 7 -15 8 -14 7 -15 8 -13 7 -14 7 -15 7 -15 7 -14 8 -14 9 -13 10 -14 9 -14 9 -14 10 -14 10 -13 10 -14 11 -13 10 -14 10 -13 11 -14 10 -14 11 -14 11 -13 12 -13 11 -12 11 0 0 0 0 0 0 0 0 0 0 ]
601,1782983882.541225,17.8410,-65,CSI_DATA,AP,98:F4:AB:29:67:94,-65,11,1,5,1,1,1,1,0,0,0,-96,1,6,1,82131218,0,84,0,0,82.5141,384,[84 -64 4 0 0 0 0 0 0 0 0 0 4 -16 4 -15 6 -17 6 -16 7 -16 7 -15 7 -17 8 -17 8 -17 8 -16 9 -16 10 -16 9 -16 10 -16 8 -16 10 -16 9 -16 10 -15 9 -15 9 -15 10 -15 10 -15 10 -15 10 -14 11 -15 9 -15 0 0 9 -16 10 -16 9 -16 9 -16 8 -14 8 -16 8 -16 8 -16 8 -16 7 -18 7 -17 8 -16 8 -17 7 -17 7 -18 7 -18 7 -19 6 -18 7 -18 5 -18 6 -18 5 -18 6 -19 6 -19 6 -18 5 -18 0 0 0 0 0 0 0 0 0 0 ]
602,1782983882.631469,17.2948,-65,CSI_DATA,AP,98:F4:AB:29:67:94,-65,11,1,5,1,1,1,1,0,0,0,-96,1,6,1,82219238,0,84,0,0,82.6022,384,[84 -64 4 0 0 0 0 0 0 0 0 0 13 9 12 9 13 10 14 10 13 11 12 10 13 11 12 12 13 12 11 14 11 13 11 14 10 14 11 14 11 13 11 14 10 13 10 14 9 13 10 13 9 14 11 13 10 14 9 14 9 14 10 13 0 0 11 14 12 13 11 13 11 13 10 12 11 13 11 13 11 12 12 12 12 12 12 12 11 12 12 13 12 12 13 12 13 11 14 13 13 12 14 12 14 11 14 11 14 11 14 12 14 12 13 12 14 11 0 0 0 0 0 0 0 0 0 0 ]
603,1782983882.720289,16.9204,-66,CSI_DATA,AP,98:F4:AB:29:67:94,-66,11,1,6,1,1,1,1,0,0,0,-96,1,6,1,82307800,0,84,0,0,82.6908,384,[84 -64 4 0 0 0 0 0 0 0 0 0 13 10 12 10 12 10 12 11 12 11 11 11 12 13 10 12 11 13 11 14 11 14 10 14 11 14 11 14 10 13 10 15 10 14 10 14 9 14 9 13 8 15 9 14 9 14 9 14 9 14 10 14 0 0 10 13 10 14 10 13 12 13 10 12 11 13 11 14 11 13 10 13 12 13 13 12 12 12 12 12 12 12 14 12 14 11 15 13 14 11 13 12 14 11 14 12 14 12 14 12 15 12 15 12 15 11 0 0 0 0 0 0 0 0 0 0 ]
604,1782983882.810016,16.5738,-66,CSI_DATA,AP,98:F4:AB:29:67:94,-66,11,1,6,1,1,1,1,0,0,0,-96,1,6,1,82399422,0,84,0,0,82.7824,384,[84 -64 4 0 0 0 0 0 0 0 0 0 -15 -4 -16 -4 -16 -5 -15 -5 -15 -6 -15 -5 -16 -7 -15 -7 -15 -7 -14 -8 -16 -7 -15 -8 -15 -8 -15 -8 -14 -8 -15 -9 -14 -9 -14 -8 -14 -9 -13 -9 -14 -9 -13 -9 -13 -8 -14 -9 -14 -9 -14 -9 0 0 -14 -9 -14 -9 -15 -9 -14 -8 -14 -8 -14 -9 -14 -8 -14 -8 -15 -8 -16 -8 -16 -7 -15 -7 -15 -7 -16 -7 -16 -7 -17 -7 -15 -8 -15 -7 -16 -7 -16 -8 -16 -7 -16 -7 -16 -7 -17 -7 -17 -6 -17 -6 0 0 0 0 0 0 0 0 0 0 ]
605,1782983882.900773,16.6656,-66,CSI_DATA,AP,98:F4:AB:29:67:94,-66,11,1,6,1,1,1,1,0,0,0,-96,1,6,1,82488996,0,84,0,0,82.872,384,[84 -64 4 0 0 0 0 0 0 0 0 0 8 12 8 13 9 14 7 15 7 15 7 15 7 16 6 15 6 16 5 16 5 17 5 17 5 17 4 16 5 17 4 18 4 17 4 17 3 16 2 16 3 16 3 17 3 16 3 17 4 17 4 17 0 0 3 17 4 17 4 17 4 16 3 16 4 16 4 16 5 16 5 17 5 16 6 16 5 16 5 16 6 17 6 17 7 17 6 18 6 17 6 18 7 17 7 17 7 17 6 17 7 17 6 17 8 17 0 0 0 0 0 0 0 0 0 0 ]
606,1782983882.988859,16.5800,-65,CSI_DATA,AP,98:F4:AB:29:67:94,-65,11,1,5,1,1,1,1,0,0,0,-96,1,6,1,82579016,0,84,0,0,82.962,384,[84 -64 4 0 0 0 0 0 0 0 0 0 10 -11 10 -10 11 -11 11 -11 12 -10 12 -10 12 -10 13 -10 13 -9 13 -9 13 -9 13 -9 14 -9 14 -9 14 -8 13 -9 13 -8 13 -8 13 -8 13 -7 13 -8 14 -8 13 -8 13 -8 14 -8 14 -8 0 0 13 -9 13 -8 13 -10 12 -10 12 -9 13 -9 12 -9 12 -9 12 -10 11 -11 11 -11 12 -10 12 -11 12 -11 12 -11 11 -12 12 -12 11 -12 11 -12 12 -13 12 -12 12 -12 12 -13 11 -13 11 -12 11 -13 0 0 0 0 0 0 0 0 0 0 ]
607,1782983883.078840,15.4424,-66,CSI_DATA,AP,98:F4:AB:29:67:94,-66,11,1,6,1,1,1,1,0,0,0,-96,1,6,1,82675246,0,84,0,0,83.0583,384,[84 -64 4 0 0 0 0 0 0 0 0 0 11 9 11 9 12 10 11 10 11 10 10 10 11 11 10 11 11 11 10 12 10 12 9 13 9 14 9 14 9 12 10 14 9 12 9 13 8 12 8 12 8 12 8 13 8 13 8 13 7 13 8 13 0 0 9 12 9 13 9 12 10 12 8 12 9 11 9 12 10 12 11 11 10 12 10 12 9 12 10 12 10 11 11 12 12 12 12 13 11 11 12 11 11 11 11 12 12 11 12 13 12 12 11 11 13 13 0 0 0 0 0 0 0 0 0 0 ]
608,1782983883.167020,16.1462,-66,CSI_DATA,AP,98:F4:AB:29:67:94,-66,11,1,6,1,1,1,1,0,0,0,-96,1,6,1,82757500,0,84,0,0,83.1405,384,[84 -64 4 0 0 0 0 0 0 0 0 0 3 16 1 16 1 16 1 17 0 17 0 17 0 17 -1 17 -1 17 -1 17 -2 18 -2 18 -3 17 -3 17 -3 17 -4 17 -3 17 -3 16 -3 17 -3 16 -4 16 -3 17 -3 16 -3 17 -3 17 -3 18 0 0 -2 17 -2 17 -3 17 -2 17 -3 17 -2 17 -2 17 -2 17 -2 18 -1 17 0 18 -1 17 0 18 0 18 0 17 0 18 0 18 1 18 1 18 1 18 1 19 1 19 1 18 2 18 1 19 2 19 0 0 0 0 0 0 0 0 0 0 ]
609,1782983883.255964,16.9019,-65,CSI_DATA,AP,98:F4:AB:29:67:94,-65,11,1,5,1,1,1,1,0,0,0,-96,1,6,1,82849166,0,84,0,0,83.2322,384,[84 -64 4 0 0 0 0 0 0 0 0 0 8 -15 8 -14 8 -15 9 -15 10 -15 9 -15 11 -14 10 -15 11 -15 12 -14 12 -14 12 -14 12 -13 13 -13 12 -13 13 -13 12 -13 12 -13 12 -12 12 -12 13 -12 13 -13 13 -12 12 -13 13 -12 12 -13 0 0 12 -13 12 -13 12 -13 11 -13 11 -12 12 -13 12 -13 11 -14 11 -14 11 -15 10 -15 10 -14 11 -15 10 -15 10 -16 11 -15 12 -16 10 -16 10 -16 10 -16 10 -16 10 -16 10 -17 10 -17 10 -17 10 -17 0 0 0 0 0 0 0 0 0 0 ]
610,1782983883.351689,17.5172,-68,CSI_DATA,AP,AC:3D:CB:BB:D5:D2,-68,11,0,0,0,0,0,0,0,0,0,-96,0,6,1,82858998,0,79,0,0,83.2678,128,[79 -16 4 0 0 0 0 0 0 0 0 0 2 28 0 26 1 26 1 27 -1 25 -2 25 -1 23 -2 23 -1 25 -3 26 -1 29 -2 30 -3 30 -5 32 -4 29 -4 30 -6 28 -7 26 -7 26 -6 24 -6 22 -5 21 -4 20 -4 19 -4 17 -3 17 0 0 -2 14 0 12 2 11 4 9 6 8 7 8 9 7 10 6 12 5 15 6 16 5 18 6 21 5 22 7 22 6 22 6 21 6 21 6 21 6 22 5 22 6 23 6 25 7 25 7 27 7 26 7 0 0 0 0 0 0 0 0 0 0 ]
611,1782983883.446712,18.5491,-65,CSI_DATA,AP,98:F4:AB:29:67:94,-65,11,1,5,1,1,1,1,0,0,0,-96,1,6,1,82937354,0,84,0,0,83.3204,384,[84 -64 4 0 0 0 0 0 0 0 0 0 -16 -6 -15 -7 -17 -9 -16 -8 -16 -9 -15 -9 -16 -9 -16 -10 -15 -10 -15 -11 -15 -12 -15 -12 -15 -12 -15 -12 -14 -11 -15 -11 -14 -11 -15 -12 -13 -11 -14 -11 -14 -12 -15 -12 -14 -12 -14 -11 -14 -12 -14 -11 0 0 -14 -11 -16 -10 -15 -10 -16 -10 -14 -10 -15 -11 -15 -10 -16 -10 -16 -9 -17 -9 -16 -9 -16 -9 -16 -9 -17 -9 -17 -9 -18 -7 -19 -9 -17 -8 -17 -8 -18 -8 -18 -8 -18 -8 -18 -8 -18 -8 -18 -8 -18 -7 0 0 0 0 0 0 0 0 0 0 ]
612,1782983883.535969,17.9771,-65,CSI_DATA,AP,98:F4:AB:29:67:94,-65,11,1,5,1,1,1,1,0,0,0,-96,1,6,1,83029356,0,84,0,0,83.4123,384,[84 -64 4 0 0 0 0 0 0 0 0 0 16 1 16 1 17 2 17 2 17 2 16 3 17 4 16 4 17 4 17 5 17 5 17 5 16 5 17 5 16 6 17 7 16 5 16 6 15 6 16 7 15 7 16 7 15 7 15 7 16 6 16 6 0 0 16 5 16 5 17 5 17 4 15 5 16 5 16 6 16 4 16 4 18 4 18 4 17 3 17 3 17 3 18 2 17 2 19 4 18 2 18 3 18 2 19 3 19 2 19 3 19 2 19 1 18 1 0 0 0 0 0 0 0 0 0 0 ]
613,1782983883.626050,18.0123,-65,CSI_DATA,AP,98:F4:AB:29:67:94,-65,11,1,5,1,1,1,1,0,0,0,-96,1,6,1,83118556,0,84,0,0,83.5016,384,[84 -64 4 0 0 0 0 0 0 0 0 0 -13 9 -14 9 -15 9 -15 9 -16 8 -16 8 -16 8 -16 7 -16 7 -17 7 -17 7 -17 7 -17 6 -17 6 -17 5 -19 6 -18 5 -17 6 -17 5 -17 4 -17 4 -17 4 -18 5 -17 4 -17 5 -18 5 0 0 -17 5 -17 6 -17 5 -17 6 -17 5 -17 6 -17 5 -17 6 -17 6 -17 7 -17 8 -16 7 -17 8 -18 7 -17 8 -16 9 -18 8 -18 8 -18 8 -17 8 -18 9 -17 8 -18 9 -18 9 -17 9 -17 9 0 0 0 0 0 0 0 0 0 0 ]
614,1782983883.716178,17.7804,-66,CSI_DATA,AP,98:F4:AB:29:67:94,-66,11,1,6,1,1,1,1,0,0,0,-96,1,6,1,83208045,0,84,0,0,83.591,384,[84 -64 4 0 0 0 0 0 0 0 0 0 -3 -15 -3 -15 -2 -16 -1 -16 -1 -15 -2 -19 0 -16 -1 -17 0 -17 1 -17 0 -17 1 -17 1 -17 2 -17 1 -17 2 -18 2 -16 1 -16 2 -16 3 -16 2 -16 2 -17 2 -16 2 -16 2 -16 2 -16 0 0 1 -17 1 -16 2 -16 1 -17 1 -15 1 -16 1 -17 1 -16 0 -17 -1 -17 -1 -17 -1 -17 0 -17 0 -17 -1 -17 -1 -18 -1 -18 0 -17 -1 -18 -2 -18 -1 -18 -1 -17 -1 -18 -2 -18 -2 -17 -2 -18 0 0 0 0 0 0 0 0 0 0 ]
615,1782983883.805477,17.4023,-66,CSI_DATA,AP,98:F4:AB:29:67:94,-66,11,1,6,1,1,1,1,0,0,0,-96,1,6,1,83298102,0,84,0,0,83.6811,384,[84 -64 4 0 0 0 0 0 0 0 0 0 3 16 3 16 2 17 2 16 1 18 0 16 0 18 0 17 0 18 -1 17 -1 18 -1 17 -1 17 -1 17 -1 16 -2 19 -2 17 -1 18 -3 16 -2 17 -2 17 -2 16 -3 17 -2 18 -3 17 -2 17 0 0 -2 17 -1 18 -1 17 0 17 0 16 -1 17 0 18 -1 17 1 17 0 18 1 18 1 17 1 18 1 17 2 17 2 18 2 20 2 18 2 18 2 19 2 19 3 18 2 19 3 18 2 19 2 18 0 0 0 0 0 0 0 0 0 0 ]
616,1782983883.895852,17.5087,-66,CSI_DATA,AP,98:F4:AB:29:67:94,-66,11,1,6,1,1,1,1,0,0,0,-96,1,6,1,83391374,0,84,0,0,83.7744,384,[84 -64 4 0 0 0 0 0 0 0 0 0 -11 -13 -10 -14 -10 -15 -10 -15 -10 -16 -9 -15 -10 -16 -9 -17 -8 -16 -7 -17 -7 -17 -8 -18 -6 -17 -7 -18 -7 -17 -7 -18 -7 -18 -7 -17 -6 -17 -7 -17 -5 -17 -6 -17 -6 -17 -5 -18 -6 -17 -6 -17 0 0 -6 -17 -7 -17 -7 -17 -8 -17 -7 -17 -7 -18 -7 -17 -9 -18 -9 -17 -8 -17 -9 -17 -8 -16 -8 -16 -8 -17 -10 -17 -10 -17 -10 -17 -10 -17 -11 -18 -11 -17 -10 -17 -11 -17 -10 -17 -11 -18 -10 -17 -10 -16 0 0 0 0 0 0 0 0 0 0 ]
617,1782983883.986196,17.7608,-66,CSI_DATA,AP,98:F4:AB:29:67:94,-66,11,1,6,1,1,1,1,0,0,0,-96,1,6,1,83478584,0,84,0,0,83.8616,384,[84 -64 4 0 0 0 0 0 0 0 0 0 -2 -17 -1 -17 0 -18 0 -18 1 -18 1 -17 1 -18 1 -18 2 -17 2 -17 3 -18 3 -18 3 -18 3 -19 4 -19 3 -19 4 -18 4 -18 4 -17 3 -17 4 -17 4 -17 3 -17 3 -18 4 -18 3 -18 0 0 2 -18 3 -17 4 -18 3 -18 2 -18 2 -18 2 -19 2 -18 2 -18 0 -19 1 -19 1 -18 1 -19 0 -18 0 -19 0 -19 1 -20 -1 -19 0 -20 0 -19 -1 -20 0 -20 0 -19 -2 -20 -1 -20 -2 -20 0 0 0 0 0 0 0 0 0 0 ]
618,1782983884.084067,17.6806,-66,CSI_DATA,AP,98:F4:AB:29:67:94,-66,11,1,6,1,1,1,1,0,0,0,-96,1,6,1,83575854,0,84,0,0,83.9588,384,[84 -64 4 0 0 0 0 0 0 0 0 0 -4 16 -4 16 -6 16 -5 16 -6 16 -6 16 -7 16 -8 16 -8 16 -9 15 -8 16 -9 16 -9 15 -9 16 -9 15 -10 15 -10 16 -10 15 -10 14 -10 14 -11 14 -11 14 -10 15 -9 14 -10 14 -10 15 0 0 -10 14 -10 15 -10 15 -9 15 -10 14 -9 14 -10 15 -9 15 -9 15 -9 15 -9 16 -8 15 -8 17 -9 16 -9 17 -8 17 -9 17 -8 16 -10 17 -8 17 -9 17 -9 17 -9 17 -7 17 -8 17 -8 17 0 0 0 0 0 0 0 0 0 0 ]
619,1782983884.164470,17.3950,-66,CSI_DATA,AP,98:F4:AB:29:67:94,-66,11,1,6,1,1,1,1,0,0,0,-96,1,6,1,83662120,0,84,0,0,84.045,384,[84 -64 4 0 0 0 0 0 0 0 0 0 4 15 3 15 3 16 3 17 2 17 2 16 2 17 0 17 0 17 0 17 -1 17 -1 18 -2 17 -2 18 -1 17 -1 18 -2 18 -1 18 -1 17 -1 17 -2 17 -1 17 -1 17 -2 17 -2 17 -1 18 0 0 -1 18 -1 17 0 17 0 16 0 17 0 17 0 17 1 17 2 17 1 17 1 17 0 18 1 17 1 18 2 18 2 18 2 19 3 19 2 19 4 18 3 18 3 18 3 18 3 18 2 18 3 18 0 0 0 0 0 0 0 0 0 0 ]
620,1782983884.252901,16.4100,-67,CSI_DATA,AP,98:F4:AB:29:67:94,-67,11,1,7,1,1,1,1,0,0,0,-96,1,6,1,83752795,0,84,0,0,84.1358,384,[84 -64 4 0 0 0 0 0 0 0 0 0 -4 14 -4 15 -5 15 -6 14 -5 15 -5 14 -5 15 -6 15 -6 15 -8 14 -7 15 -7 14 -8 14 -8 14 -8 13 -8 15 -8 14 -9 14 -8 13 -8 13 -9 13 -9 13 -8 14 -8 13 -9 13 -8 13 0 0 -8 13 -8 14 -7 14 -7 15 -7 13 -7 13 -7 14 -8 14 -7 15 -7 15 -7 15 -7 15 -7 15 -6 14 -6 16 -6 16 -6 16 -6 15 -6 16 -5 16 -6 16 -5 16 -6 16 -5 16 -5 17 -5 16 0 0 0 0 0 0 0 0 0 0 ]
621,1782983884.341088,16.5340,-66,CSI_DATA,AP,98:F4:AB:29:67:94,-66,11,1,6,1,1,1,1,0,0,0,-96,1,6,1,83843371,0,84,0,0,84.2263,384,[84 -64 4 0 0 0 0 0 0 0 0 0 -14 5 -14 4 -15 4 -15 4 -16 4 -16 3 -16 2 -16 1 -16 1 -17 1 -17 2 -17 1 -16 1 -17 1 -16 1 -18 0 -17 1 -17 1 -16 -1 -16 0 -16 -1 -16 0 -16 -1 -16 0 -17 0 -16 0 0 0 -17 -1 -17 1 -16 1 -16 1 -15 0 -16 0 -17 1 -16 0 -17 2 -18 3 -17 3 -16 2 -16 3 -17 2 -17 3 -17 3 -17 3 -17 3 -17 3 -17 3 -17 3 -17 3 -18 4 -18 5 -17 4 -17 4 0 0 0 0 0 0 0 0 0 0 ]
622,1782983884.429931,16.6365,-66,CSI_DATA,AP,98:F4:AB:29:67:94,-66,11,1,6,1,1,1,1,0,0,0,-96,1,6,1,83935399,0,84,0,0,84.3184,384,[84 -64 4 0 0 0 0 0 0 0 0 0 -7 -14 -7 -13 -7 -14 -7 -15 -7 -14 -6 -15 -5 -16 -5 -15 -5 -16 -5 -16 -5 -17 -5 -16 -4 -17 -4 -17 -4 -16 -4 -17 -4 -17 -3 -16 -3 -16 -3 -16 -3 -16 -3 -16 -3 -15 -3 -16 -3 -17 -3 -16 0 0 -4 -17 -3 -16 -3 -16 -4 -16 -4 -15 -4 -16 -4 -16 -5 -16 -5 -16 -5 -16 -5 -16 -5 -16 -5 -16 -6 -16 -6 -16 -6 -16 -6 -17 -6 -16 -7 -17 -6 -16 -6 -17 -6 -17 -7 -17 -7 -17 -7 -17 -7 -17 0 0 0 0 0 0 0 0 0 0 ]
623,1782983884.518819,17.0694,-67,CSI_DATA,AP,98:F4:AB:29:67:94,-67,11,1,7,1,1,1,1,0,0,0,-96,1,6,1,84019341,0,84,0,0,84.4023,384,[84 -64 4 0 0 0 0 0 0 0 0 0 16 1 16 1 17 1 16 2 18 2 16 3 17 3 16 3 17 3 17 5 17 5 17 6 17 6 16 7 16 5 17 6 17 6 16 5 16 6 17 5 16 6 16 6 16 6 15 6 16 7 16 6 0 0 16 5 17 5 17 5 18 4 16 5 17 4 17 4 17 5 18 3 18 3 18 2 17 4 17 3 17 2 19 2 17 2 18 3 18 2 19 2 18 1 18 2 19 2 19 2 19 2 19 2 20 1 0 0 0 0 0 0 0 0 0 0 ]
624,1782983884.608083,17.0861,-67,CSI_DATA,AP,98:F4:AB:29:67:94,-67,11,1,7,1,1,1,1,0,0,0,-96,1,6,1,84107422,0,84,0,0,84.4904,384,[84 -64 4 0 0 0 0 0 0 0 0 0 -15 4 -15 3 -15 3 -16 3 -16 3 -16 2 -16 2 -16 1 -16 1 -17 0 -17 1 -17 0 -17 0 -17 -1 -17 0 -18 0 -16 0 -17 0 -16 -1 -17 -1 -16 -2 -16 0 -16 -1 -16 -1 -17 -1 -16 -1 0 0 -16 0 -17 0 -16 0 -17 1 -16 0 -17 0 -16 0 -17 0 -16 1 -17 1 -17 2 -17 1 -16 2 -17 2 -17 3 -17 4 -17 3 -17 3 -17 4 -17 3 -18 3 -16 4 -18 3 -17 5 -17 4 -19 5 0 0 0 0 0 0 0 0 0 0 ]
625,1782983884.697382,17.2188,-67,CSI_DATA,AP,98:F4:AB:29:67:94,-67,11,1,7,1,1,1,1,0,0,0,-96,1,6,1,84199932,0,84,0,0,84.5829,384,[84 -64 4 0 0 0 0 0 0 0 0 0 0 17 -1 17 0 16 -2 17 -1 17 -2 17 -3 17 -4 17 -4 17 -4 17 -5 17 -5 17 -6 18 -6 18 -5 17 -5 18 -6 17 -6 17 -5 16 -6 17 -7 16 -6 16 -7 16 -6 16 -6 17 -6 16 0 0 -6 16 -5 18 -5 17 -5 17 -4 16 -5 17 -5 17 -5 17 -4 17 -4 18 -4 18 -4 17 -3 18 -3 18 -3 18 -3 18 -4 19 -3 18 -3 19 -3 19 -3 19 -4 19 -3 19 -3 19 -2 19 -2 19 0 0 0 0 0 0 0 0 0 0 ]
626,1782983884.785803,17.4904,-66,CSI_DATA,AP,98:F4:AB:29:67:94,-66,11,1,6,1,1,1,1,0,0,0,-96,1,6,1,84288598,0,84,0,0,84.6716,384,[84 -64 4 0 0 0 0 0 0 0 0 0 -10 -14 -9 -14 -10 -15 -9 -15 -9 -16 -8 -16 -7 -17 -8 -16 -7 -17 -7 -17 -6 -17 -7 -19 -6 -18 -6 -18 -6 -17 -6 -18 -6 -17 -6 -18 -5 -17 -6 -17 -6 -18 -6 -18 -5 -17 -5 -17 -5 -18 -6 -17 0 0 -7 -18 -6 -17 -6 -17 -7 -16 -6 -17 -7 -17 -8 -17 -7 -17 -8 -17 -9 -17 -8 -16 -8 -17 -8 -16 -9 -17 -9 -17 -9 -17 -10 -17 -9 -17 -10 -16 -10 -16 -10 -17 -11 -17 -10 -18 -11 -17 -10 -17 -11 -17 0 0 0 0 0 0 0 0 0 0 ]
627,1782983884.876027,18.3716,-66,CSI_DATA,AP,98:F4:AB:29:67:94,-66,11,1,6,1,1,1,1,0,0,0,-96,1,6,1,84378020,0,84,0,0,84.7609,384,[84 -64 4 0 0 0 0 0 0 0 0 0 -17 0 -16 0 -18 0 -18 -1 -18 -2 -18 -1 -18 -2 -18 -2 -18 -3 -18 -4 -18 -5 -18 -4 -18 -6 -18 -6 -17 -5 -20 -6 -17 -6 -16 -6 -22 -5 -18 -5 -17 -6 -18 -5 -17 -5 -17 -5 -18 -5 -17 -5 0 0 -18 -5 -18 -5 -18 -4 -19 -4 -17 -4 -18 -4 -18 -4 -18 -4 -18 -3 -18 -4 -18 -3 -18 -3 -19 -3 -18 -3 -19 -2 -19 -1 -20 -2 -17 0 -20 -2 -20 -1 -20 -1 -20 -1 -19 -3 -20 -2 -19 -1 -20 -1 0 0 0 0 0 0 0 0 0 0 ]
628,1782983884.963758,17.5948,-66,CSI_DATA,AP,98:F4:AB:29:67:94,-66,11,1,6,1,1,1,1,0,0,0,-96,1,6,1,84468098,0,84,0,0,84.8511,384,[84 -64 4 0 0 0 0 0 0 0 0 0 16 -1 16 0 16 0 16 2 17 2 17 2 17 2 17 3 17 3 17 4 18 4 17 5 17 5 16 5 16 4 18 5 16 5 17 5 16 5 16 5 16 5 16 6 17 5 16 5 16 5 16 6 0 0 16 4 17 4 17 4 17 3 16 4 17 4 17 4 17 4 16 3 17 2 18 2 17 3 18 3 18 3 18 2 19 1 19 2 18 1 18 2 18 0 19 1 18 1 20 1 18 1 19 1 18 0 0 0 0 0 0 0 0 0 0 0 ]
629,1782983885.052500,18.9385,-63,CSI_DATA,AP,98:F4:AB:29:67:94,-63,11,1,4,1,1,1,1,0,0,0,-96,1,6,1,84560267,0,84,0,0,84.9432,384,[84 -64 4 0 0 0 0 0 0 0 0 0 -16 -10 -14 -10 -15 -11 -15 -11 -14 -13 -14 -13 -14 -13 -14 -14 -14 -15 -13 -15 -14 -15 -14 -15 -13 -15 -13 -16 -12 -15 -13 -17 -12 -15 -12 -16 -11 -15 -11 -16 -11 -16 -11 -16 -10 -16 -11 -15 -12 -16 -12 -16 0 0 -11 -16 -13 -16 -12 -15 -12 -15 -12 -15 -11 -16 -12 -16 -13 -15 -13 -15 -14 -15 -15 -14 -14 -14 -14 -15 -13 -14 -15 -15 -15 -14 -15 -15 -14 -14 -14 -15 -14 -15 -14 -15 -15 -16 -15 -15 -16 -15 -16 -14 -16 -14 0 0 0 0 0 0 0 0 0 0 ]
630,1782983885.140316,16.8182,-66,CSI_DATA,AP,98:F4:AB:29:67:94,-66,11,1,6,1,1,1,1,0,0,0,-96,1,6,1,84648411,0,84,0,0,85.0314,384,[84 -64 4 0 0 0 0 0 0 0 0 0 6 13 5 13 4 15 5 14 5 14 4 14 4 15 3 15 3 15 2 16 2 16 2 16 2 15 2 16 1 15 2 16 1 16 1 16 0 15 1 15 0 15 0 15 1 15 0 15 0 15 1 15 0 0 1 15 1 16 2 16 1 15 1 15 1 16 1 15 2 15 2 16 3 16 4 15 3 15 3 15 4 15 3 16 4 16 4 16 4 16 4 16 4 16 4 16 5 16 4 16 6 16 4 16 5 16 0 0 0 0 0 0 0 0 0 0 ]
631,1782983885.231783,17.1748,-66,CSI_DATA,AP,98:F4:AB:29:67:94,-66,11,1,6,1,1,1,1,0,0,0,-96,1,6,1,84738658,0,84,0,0,85.1217,384,[84 -64 4 0 0 0 0 0 0 0 0 0 13 -10 13 -9 15 -10 14 -10 15 -10 15 -9 15 -8 15 -8 16 -9 16 -7 17 -8 16 -7 17 -6 17 -7 15 -6 18 -6 16 -6 16 -6 16 -6 17 -6 17 -6 16 -6 16 -5 16 -5 17 -5 16 -5 0 0 16 -6 17 -8 16 -6 17 -8 16 -6 16 -8 16 -7 16 -7 16 -8 17 -8 16 -9 16 -8 15 -8 15 -9 16 -10 15 -10 17 -10 16 -10 15 -10 16 -12 16 -10 15 -10 17 -11 16 -11 16 -10 15 -11 0 0 0 0 0 0 0 0 0 0 ]
632,1782983885.320505,17.4587,-65,CSI_DATA,AP,98:F4:AB:29:67:94,-65,11,1,5,1,1,1,1,0,0,0,-96,1,6,1,84829315,0,84,0,0,85.2123,384,[84 -64 4 0 0 0 0 0 0 0 0 0 -2 16 -3 16 -4 17 -4 16 -5 17 -5 16 -6 17 -6 16 -6 16 -7 17 -6 17 -7 17 -8 17 -7 17 -7 15 -8 17 -8 16 -8 17 -8 15 -8 16 -8 15 -8 15 -8 16 -8 15 -8 16 -8 16 0 0 -7 16 -7 17 -7 16 -7 17 -6 14 -6 16 -7 16 -6 16 -6 16 -7 17 -5 18 -5 17 -4 17 -5 17 -4 18 -4 18 -4 19 -4 18 -4 18 -4 18 -4 18 -4 18 -4 19 -3 19 -3 19 -3 18 0 0 0 0 0 0 0 0 0 0 ]
633,1782983885.407741,17.1765,-65,CSI_DATA,AP,98:F4:AB:29:67:94,-65,11,1,5,1,1,1,1,0,0,0,-96,1,6,1,84922185,0,84,0,0,85.3052,384,[84 -64 4 0 0 0 0 0 0 0 0 0 10 12 10 12 9 13 9 14 10 14 9 14 9 15 8 15 8 15 7 15 8 16 8 16 8 16 7 16 7 15 7 17 7 16 6 16 5 16 6 16 5 16 6 16 5 16 6 15 6 16 6 16 0 0 7 16 7 16 7 16 7 16 6 15 7 16 8 16 7 15 8 16 9 14 9 15 9 15 9 15 9 15 9 15 11 15 10 16 10 15 10 16 10 15 9 15 10 15 10 16 11 16 10 15 10 14 0 0 0 0 0 0 0 0 0 0 ]
634,1782983885.493803,17.6287,-65,CSI_DATA,AP,98:F4:AB:29:67:94,-65,11,1,5,1,1,1,1,0,0,0,-96,1,6,1,85007311,0,84,0,0,85.3903,384,[84 -64 4 0 0 0 0 0 0 0 0 0 -15 7 -16 7 -17 6 -17 6 -17 6 -17 5 -17 5 -17 5 -17 5 -18 4 -19 5 -18 4 -18 3 -18 3 -18 3 -19 3 -18 3 -18 3 -18 3 -17 2 -18 2 -18 3 -18 2 -18 2 -18 3 -17 3 0 0 -18 3 -18 4 -17 4 -18 4 -17 3 -17 4 -18 4 -17 5 -17 5 -18 6 -18 7 -16 5 -17 6 -17 5 -18 7 -18 8 -19 7 -17 8 -18 8 -17 9 -18 8 -18 8 -17 8 -18 8 -18 8 -18 9 0 0 0 0 0 0 0 0 0 0 ]
635,1782983885.584946,17.9574,-65,CSI_DATA,AP,98:F4:AB:29:67:94,-65,11,1,5,1,1,1,1,0,0,0,-96,1,6,1,85099627,0,84,0,0,85.4825,384,[84 -64 4 0 0 0 0 0 0 0 0 0 -16 3 -17 3 -19 2 -17 2 -18 2 -17 1 -18 1 -18 1 -18 0 -22 -4 -18 -1 -18 -1 -19 -2 -19 -2 -18 -1 -20 -1 -18 -1 -18 -1 -18 -2 -18 -2 -18 -2 -18 -2 -18 -2 -18 -2 -18 -2 -18 -2 0 0 -18 -1 -19 -1 -18 0 -18 1 -17 0 -19 -1 -18 0 -18 1 -18 1 -18 1 -18 2 -18 1 -18 1 -18 2 -20 3 -18 3 -20 2 -18 3 -19 3 -19 4 -20 3 -19 4 -20 2 -20 3 -19 3 -19 4 0 0 0 0 0 0 0 0 0 0 ]
636,1782983885.672635,16.7330,-66,CSI_DATA,AP,98:F4:AB:29:67:94,-66,11,1,6,1,1,1,1,0,0,0,-96,1,6,1,85189366,0,84,0,0,85.5724,384,[84 -64 4 0 0 0 0 0 0 0 0 0 13 -9 12 -8 14 -8 14 -8 15 -7 14 -7 15 -7 14 -6 15 -7 15 -5 15 -5 15 -5 15 -5 15 -5 15 -4 16 -5 15 -4 15 -4 15 -4 15 -4 15 -4 15 -4 15 -4 15 -3 15 -4 15 -4 0 0 15 -5 15 -5 15 -5 15 -6 15 -5 15 -5 15 -5 15 -6 15 -6 14 -6 15 -7 15 -6 15 -7 14 -6 15 -8 15 -8 16 -7 15 -8 15 -8 15 -9 15 -8 15 -8 16 -8 16 -9 15 -8 15 -9 0 0 0 0 0 0 0 0 0 0 ]
637,1782983885.766358,16.3360,-66,CSI_DATA,AP,98:F4:AB:29:67:94,-66,11,1,6,1,1,1,1,0,0,0,-96,1,6,1,85277372,0,84,0,0,85.6604,384,[84 -64 4 0 0 0 0 0 0 0 0 0 -9 12 -10 12 -10 11 -10 11 -11 12 -11 11 -11 11 -12 11 -12 10 -13 10 -13 10 -14 10 -14 10 -14 10 -13 9 -14 9 -14 9 -14 9 -13 9 -14 8 -14 8 -13 8 -14 8 -14 8 -14 8 -14 9 0 0 -13 9 -13 10 -13 9 -13 9 -13 9 -13 9 -14 9 -13 9 -13 10 -12 10 -13 11 -12 10 -13 10 -13 11 -12 11 -13 11 -13 11 -13 11 -13 11 -13 11 -13 11 -13 11 -13 12 -12 12 -12 12 -12 12 0 0 0 0 0 0 0 0 0 0 ]
638,1782983885.856287,16.0801,-66,CSI_DATA,AP,98:F4:AB:29:67:94,-66,11,1,6,1,1,1,1,0,0,0,-96,1,6,1,85369095,0,84,0,0,85.7521,384,[84 -64 4 0 0 0 0 0 0 0 0 0 -15 2 -15 1 -16 1 -16 1 -16 1 -17 0 -16 0 -16 -1 -17 -1 -17 -2 -17 -2 -17 -2 -17 -3 -17 -3 -16 -3 -17 -3 -16 -4 -16 -4 -16 -4 -16 -4 -16 -4 -16 -4 -15 -4 -16 -4 -16 -4 -16 -3 0 0 -16 -3 -16 -3 -16 -3 -16 -2 -16 -3 -16 -4 -16 -3 -16 -3 -17 -2 -17 -2 -17 -2 -16 -2 -18 -2 -17 -1 -17 -1 -18 -1 -18 -2 -17 -1 -18 -1 -18 -1 -18 -1 -18 -1 -18 -1 -18 0 -18 -1 -18 -1 0 0 0 0 0 0 0 0 0 0 ]
639,1782983885.944021,16.9859,-66,CSI_DATA,AP,98:F4:AB:29:67:94,-66,11,1,6,1,1,1,1,0,0,0,-96,1,6,1,85460346,0,84,0,0,85.8434,384,[84 -64 4 0 0 0 0 0 0 0 0 0 6 -16 6 -15 7 -17 7 -15 9 -16 8 -15 8 -17 9 -15 9 -16 11 -15 11 -16 11 -15 12 -14 11 -14 10 -14 11 -15 11 -15 11 -14 11 -14 11 -14 11 -13 11 -14 11 -13 11 -13 12 -13 11 -14 0 0 10 -14 10 -16 10 -14 10 -16 10 -14 10 -15 10 -15 10 -15 9 -15 9 -16 9 -16 10 -15 9 -15 8 -15 8 -18 8 -17 8 -18 7 -16 8 -17 7 -18 8 -18 7 -18 9 -19 8 -19 8 -18 7 -18 0 0 0 0 0 0 0 0 0 0 ]
640,1782983886.035108,17.1752,-66,CSI_DATA,AP,98:F4:AB:29:67:94,-66,11,1,6,1,1,1,1,0,0,0,-96,1,6,1,85550530,0,84,0,0,85.9335,384,[84 -64 4 0 0 0 0 0 0 0 0 0 -13 11 -13 10 -15 11 -14 10 -15 10 -15 9 -15 10 -16 9 -16 10 -17 8 -17 8 -17 8 -17 7 -17 8 -16 7 -18 8 -17 7 -17 8 -16 7 -17 6 -17 6 -17 6 -17 7 -17 7 -17 6 -16 7 0 0 -16 7 -17 8 -16 8 -16 8 -16 7 -16 7 -16 7 -16 8 -17 8 -17 9 -16 10 -15 8 -17 10 -16 9 -16 10 -16 10 -17 9 -16 10 -16 11 -16 11 -17 10 -16 11 -17 11 -17 11 -16 11 -16 11 0 0 0 0 0 0 0 0 0 0 ]
641,1782983886.125047,17.4958,-66,CSI_DATA,AP,98:F4:AB:29:67:94,-66,11,1,6,1,1,1,1,0,0,0,-96,1,6,1,85638258,0,84,0,0,86.0213,384,[84 -64 4 0 0 0 0 0 0 0 0 0 9 -14 10 -14 10 -14 11 -13 12 -13 12 -13 11 -13 13 -13 12 -13 13 -13 12 -13 13 -12 14 -12 14 -12 14 -11 14 -13 13 -12 14 -11 14 -12 13 -11 14 -11 14 -11 13 -11 13 -11 13 -11 14 -12 0 0 12 -12 13 -13 13 -13 12 -13 12 -12 12 -13 12 -13 12 -12 12 -13 12 -14 12 -15 11 -13 11 -14 12 -15 10 -15 11 -16 11 -15 11 -15 11 -15 10 -16 11 -16 10 -16 11 -17 10 -17 10 -17 10 -16 0 0 0 0 0 0 0 0 0 0 ]
642,1782983886.214650,17.4472,-67,CSI_DATA,AP,98:F4:AB:29:67:94,-67,11,1,7,1,1,1,1,0,0,0,-96,1,6,1,85731861,0,84,0,0,86.1149,384,[84 -64 4 0 0 0 0 0 0 0 0 0 -16 -2 -15 -3 -16 -4 -16 -4 -16 -5 -15 -4 -15 -5 -15 -6 -16 -6 -16 -7 -15 -6 -16 -7 -16 -7 -16 -6 -15 -8 -16 -8 -15 -8 -15 -8 -15 -9 -14 -8 -14 -8 -14 -8 -14 -7 -14 -8 -15 -8 -15 -8 0 0 -15 -8 -15 -8 -15 -8 -15 -7 -14 -7 -15 -8 -15 -7 -15 -7 -15 -7 -16 -6 -16 -6 -15 -6 -16 -6 -16 -6 -16 -6 -16 -5 -17 -7 -16 -6 -17 -5 -17 -5 -17 -6 -17 -6 -17 -5 -18 -5 -17 -5 -18 -5 0 0 0 0 0 0 0 0 0 0 ]
643,1782983886.304315,17.4772,-67,CSI_DATA,AP,98:F4:AB:29:67:94,-67,11,1,7,1,1,1,1,0,0,0,-96,1,6,1,85821785,0,84,0,0,86.2048,384,[84 -64 4 0 0 0 0 0 0 0 0 0 -7 -14 -7 -15 -7 -15 -6 -15 -6 -15 -5 -15 -5 -16 -5 -17 -5 -16 -3 -16 -4 -17 -3 -17 -3 -16 -3 -17 -3 -16 -3 -17 -3 -17 -2 -17 -3 -16 -3 -16 -2 -16 -3 -17 -2 -16 -2 -16 -3 -17 -3 -17 0 0 -3 -16 -3 -16 -3 -16 -4 -16 -4 -16 -4 -16 -4 -16 -4 -16 -4 -16 -5 -17 -5 -16 -5 -16 -6 -16 -5 -15 -6 -17 -6 -17 -6 -17 -6 -16 -7 -16 -7 -17 -7 -16 -7 -16 -6 -17 -6 -17 -6 -17 -7 -16 0 0 0 0 0 0 0 0 0 0 ]
644,1782983886.394846,18.2713,-67,CSI_DATA,AP,98:F4:AB:29:67:94,-67,11,1,7,1,1,1,1,0,0,0,-96,1,6,1,85908911,0,84,0,0,86.2918,384,[84 -64 4 0 0 0 0 0 0 0 0 0 -17 2 -17 2 -17 1 -18 1 -18 0 -18 1 -18 -1 -18 -1 -18 -1 -19 -3 -18 -2 -19 -2 -18 -3 -18 -2 -18 -2 -19 -2 -18 -3 -19 -3 -18 -4 -18 -4 -17 -4 -19 -3 -18 -4 -19 -3 -18 -4 -18 -3 0 0 -18 -3 -19 -2 -18 -2 -19 -1 -18 -3 -18 -2 -18 -2 -19 -2 -19 -1 -19 -1 -19 0 -18 -1 -18 0 -19 0 -19 0 -19 1 -20 0 -20 1 -20 1 -20 2 -20 0 -20 2 -20 1 -21 1 -20 2 -20 2 0 0 0 0 0 0 0 0 0 0 ]
645,1782983886.482957,17.4548,-67,CSI_DATA,AP,98:F4:AB:29:67:94,-67,11,1,7,1,1,1,1,0,0,0,-96,1,6,1,85997882,0,84,0,0,86.3809,384,[84 -64 4 0 0 0 0 0 0 0 0 0 -15 -4 -15 -4 -15 -5 -16 -6 -15 -6 -15 -6 -15 -6 -15 -6 -15 -7 -14 -8 -16 -8 -16 -8 -15 -8 -15 -8 -15 -8 -15 -9 -14 -9 -14 -9 -14 -9 -14 -8 -14 -9 -14 -9 -13 -9 -13 -8 -14 -9 -14 -8 0 0 -14 -9 -15 -9 -15 -8 -15 -8 -14 -9 -14 -9 -15 -8 -15 -8 -15 -8 -15 -6 -16 -7 -16 -7 -16 -7 -16 -7 -16 -7 -16 -7 -16 -7 -16 -6 -17 -7 -17 -6 -16 -7 -16 -7 -16 -7 -17 -6 -17 -6 -17 -6 0 0 0 0 0 0 0 0 0 0 ]
646,1782983886.571939,16.8484,-66,CSI_DATA,AP,98:F4:AB:29:67:94,-66,11,1,6,1,1,1,1,0,0,0,-96,1,6,1,86092264,0,84,0,0,86.4752,384,[84 -64 4 0 0 0 0 0 0 0 0 0 -6 -16 -6 -16 -5 -17 -5 -17 -5 -17 -3 -18 -3 -18 -3 -18 -3 -18 -2 -18 -2 -18 -2 -19 -2 -19 -2 -19 -2 -18 -2 -20 -1 -18 -1 -18 -1 -18 0 -18 -1 -18 -1 -19 -1 -17 -1 -18 -1 -17 -1 -18 0 0 -1 -18 -1 -18 -2 -19 -2 -18 -1 -17 -2 -18 -2 -19 -3 -18 -4 -18 -5 -19 -4 -18 -3 -18 -4 -18 -4 -18 -5 -19 -6 -19 -5 -19 -5 -19 -5 -19 -6 -18 -6 -19 -5 -19 -6 -19 -7 -19 -6 -20 -6 -18 0 0 0 0 0 0 0 0 0 0 ]
647,1782983886.662440,16.7866,-67,CSI_DATA,AP,98:F4:AB:29:67:94,-67,11,1,7,1,1,1,1,0,0,0,-96,1,6,1,86180247,0,84,0,0,86.5633,384,[84 -64 4 0 0 0 0 0 0 0 0 0 -16 -9 -15 -9 -15 -10 -15 -11 -15 -11 -14 -10 -15 -12 -14 -12 -14 -12 -14 -13 -14 -14 -14 -15 -14 -14 -13 -13 -13 -14 -14 -14 -13 -13 -12 -13 -12 -15 -12 -14 -12 -14 -13 -14 -11 -14 -12 -15 -12 -15 -12 -14 0 0 -13 -14 -14 -14 -13 -13 -13 -13 -12 -14 -13 -13 -13 -13 -14 -13 -14 -12 -14 -12 -15 -13 -13 -13 -15 -12 -14 -13 -15 -12 -16 -12 -16 -12 -15 -12 -16 -13 -15 -12 -15 -13 -17 -12 -16 -13 -16 -12 -16 -12 -16 -12 0 0 0 0 0 0 0 0 0 0 ]
648,1782983886.751270,16.3075,-67,CSI_DATA,AP,98:F4:AB:29:67:94,-67,11,1,7,1,1,1,1,0,0,0,-96,1,6,1,86268832,0,84,0,0,86.6518,384,[84 -64 4 0 0 0 0 0 0 0 0 0 -8 -13 -7 -14 -7 -15 -6 -14 -6 -15 -5 -15 -5 -16 -5 -15 -4 -16 -4 -16 -5 -17 -4 -17 -4 -17 -4 -17 -3 -16 -3 -17 -3 -16 -2 -16 -2 -16 -1 -16 -1 -17 -2 -16 -2 -16 -2 -16 -2 -16 -3 -16 0 0 -2 -16 -3 -17 -3 -16 -3 -17 -2 -16 -3 -17 -3 -17 -3 -16 -3 -17 -4 -17 -5 -16 -4 -16 -5 -17 -4 -16 -5 -16 -6 -17 -5 -17 -6 -17 -5 -17 -5 -18 -5 -17 -5 -17 -5 -17 -6 -17 -6 -17 -6 -17 0 0 0 0 0 0 0 0 0 0 ]
649,1782983886.840078,17.2313,-67,CSI_DATA,AP,98:F4:AB:29:67:94,-67,11,1,7,1,1,1,1,0,0,0,-96,1,6,1,86358398,0,84,0,0,86.7414,384,[84 -64 4 0 0 0 0 0 0 0 0 0 0 17 0 17 0 17 -1 17 -1 17 -2 17 -2 17 -2 17 -3 18 -4 16 -4 17 -5 18 -4 17 -4 18 -5 17 -5 19 -5 18 -5 16 -5 17 -6 17 -6 17 -5 17 -6 16 -6 17 -6 17 -5 17 0 0 -5 17 -5 18 -5 18 -5 17 -5 16 -4 17 -5 17 -4 17 -4 18 -3 18 -3 18 -3 17 -3 18 -2 18 -3 18 -2 19 -3 19 -3 18 -2 20 -1 19 -2 19 -2 19 -3 19 -1 20 -2 19 -1 19 0 0 0 0 0 0 0 0 0 0 ]
650,1782983886.930039,16.3951,-66,CSI_DATA,AP,98:F4:AB:29:67:94,-66,11,1,6,1,1,1,1,0,0,0,-96,1,6,1,86452212,0,84,0,0,86.8352,384,[84 -64 4 0 0 0 0 0 0 0 0 0 -2 14 -3 15 -3 14 -3 15 -4 15 -5 15 -5 15 -5 15 -5 15 -5 14 -6 15 -6 15 -6 15 -6 15 -7 15 -7 15 -7 15 -7 14 -7 14 -7 14 -8 14 -8 14 -7 13 -7 14 -7 14 -7 15 0 0 -6 14 -7 15 -6 15 -6 15 -6 14 -6 14 -6 15 -5 15 -5 15 -5 15 -5 16 -5 15 -4 16 -4 16 -4 16 -4 17 -4 16 -4 17 -4 17 -3 17 -4 17 -3 17 -3 16 -3 17 -2 17 -3 17 0 0 0 0 0 0 0 0 0 0 ]
651,1782983887.019356,17.1090,-66,CSI_DATA,AP,98:F4:AB:29:67:94,-66,11,1,6,1,1,1,1,0,0,0,-96,1,6,1,86537619,0,84,0,0,86.9206,384,[84 -64 4 0 0 0 0 0 0 0 0 0 1 -17 1 -16 2 -18 2 -17 2 -17 3 -17 4 -18 3 -18 4 -18 5 -18 5 -18 6 -18 6 -18 6 -17 5 -17 6 -18 5 -17 6 -17 6 -17 6 -15 6 -17 6 -16 7 -17 6 -17 6 -17 6 -17 0 0 5 -18 5 -18 4 -17 4 -18 5 -17 3 -18 3 -18 3 -17 3 -18 2 -18 2 -18 3 -18 3 -18 2 -18 2 -20 2 -19 2 -21 1 -19 1 -20 1 -18 1 -20 1 -19 2 -20 1 -20 1 -20 0 -19 0 0 0 0 0 0 0 0 0 0 ]
652,1782983887.107817,16.9406,-66,CSI_DATA,AP,98:F4:AB:29:67:94,-66,11,1,6,1,1,1,1,0,0,0,-96,1,6,1,86630694,0,84,0,0,87.0136,384,[84 -64 4 0 0 0 0 0 0 0 0 0 15 5 15 5 15 6 16 7 15 6 16 6 16 8 15 8 15 8 15 8 15 8 15 9 15 9 15 9 14 9 15 10 14 9 14 9 14 10 14 10 14 10 13 9 14 9 14 9 14 9 14 9 0 0 15 8 14 8 15 9 15 8 14 7 15 8 15 8 15 7 15 6 16 6 16 6 16 6 16 6 17 5 17 5 17 5 18 5 16 5 18 5 17 4 18 4 18 5 17 4 17 3 18 3 17 4 0 0 0 0 0 0 0 0 0 0 ]
653,1782983887.194990,17.0984,-66,CSI_DATA,AP,98:F4:AB:29:67:94,-66,11,1,6,1,1,1,0,0,0,0,-96,0,6,1,86704805,0,82,0,0,87.0878,384,[82 -96 4 0 0 0 0 0 0 0 0 0 -2 15 -1 15 -3 16 -4 16 -3 16 -4 16 -5 16 -4 15 -5 16 -6 16 -6 16 -6 16 -7 16 -7 17 -6 15 -7 17 -7 15 -7 16 -7 14 -7 15 -8 15 -7 15 -8 15 -7 15 -8 15 -7 15 0 0 -7 16 -6 16 -6 15 -6 16 -6 15 -6 16 -5 16 -5 16 -5 17 -5 17 -4 17 -4 16 -4 17 -4 16 -4 18 -3 17 -4 18 -3 17 -3 18 -2 17 -3 18 -3 18 -3 19 -3 18 -2 18 -3 18 0 0 0 0 0 0 0 0 0 0 ]
654,1782983887.283281,17.2325,-65,CSI_DATA,AP,98:F4:AB:29:67:94,-65,11,1,5,1,1,1,1,0,0,0,-96,1,6,1,86721292,0,84,0,0,87.1191,384,[84 -64 4 0 0 0 0 0 0 0 0 0 5 14 4 14 4 15 3 15 3 16 3 16 3 16 2 16 2 16 2 16 1 17 1 17 0 17 1 17 0 16 0 18 0 17 -1 16 -1 16 -1 16 -2 16 -1 16 -1 16 -1 16 -1 17 -1 16 0 0 0 17 0 17 0 17 0 16 0 16 0 16 0 16 0 17 1 17 2 17 2 17 1 17 2 17 2 17 3 17 3 18 3 18 3 17 3 18 3 17 3 18 3 17 3 18 3 18 3 17 4 17 0 0 0 0 0 0 0 0 0 0 ]
655,1782983887.373428,17.7936,-66,CSI_DATA,AP,98:F4:AB:29:67:94,-66,11,1,6,1,1,1,1,0,0,0,-96,1,6,1,86807846,0,84,0,0,87.1909,384,[84 -64 4 0 0 0 0 0 0 0 0 0 -16 -2 -15 -2 -17 -4 -17 -3 -16 -4 -16 -5 -16 -5 -17 -6 -16 -6 -16 -7 -16 -7 -17 -8 -17 -7 -16 -7 -16 -8 -17 -8 -15 -8 -16 -8 -15 -8 -16 -8 -15 -8 -16 -8 -15 -8 -15 -9 -16 -9 -16 -7 0 0 -16 -7 -16 -8 -15 -8 -17 -7 -15 -7 -16 -7 -16 -6 -16 -6 -17 -6 -17 -5 -18 -6 -17 -6 -18 -6 -18 -5 -16 -7 -19 -5 -18 -6 -18 -5 -18 -5 -18 -5 -18 -5 -18 -5 -19 -6 -19 -5 -18 -4 -18 -4 0 0 0 0 0 0 0 0 0 0 ]
656,1782983887.462268,17.5593,-66,CSI_DATA,AP,98:F4:AB:29:67:94,-66,11,1,6,1,1,1,1,0,0,0,-96,1,6,1,86897461,0,84,0,0,87.2805,384,[84 -64 4 0 0 0 0 0 0 0 0 0 -5 -15 -4 -15 -4 -16 -3 -16 -4 -17 -3 -16 -2 -18 -1 -17 -2 -17 -1 -18 -1 -18 -1 -18 0 -18 0 -18 0 -17 0 -19 -1 -17 0 -18 1 -18 0 -16 2 -16 1 -17 2 -17 1 -17 1 -17 0 -17 0 0 0 -18 0 -17 0 -17 -1 -18 0 -17 0 -18 -1 -17 -1 -17 -2 -18 -2 -18 -3 -18 -1 -17 -2 -17 -3 -18 -3 -18 -3 -18 -2 -20 -2 -19 -2 -19 -3 -18 -2 -19 -3 -19 -3 -19 -3 -19 -2 -19 -3 -18 0 0 0 0 0 0 0 0 0 0 ]
657,1782983887.551583,17.5507,-65,CSI_DATA,AP,98:F4:AB:29:67:94,-65,11,1,5,1,1,1,1,0,0,0,-96,1,6,1,86991689,0,84,0,0,87.3747,384,[84 -64 4 0 0 0 0 0 0 0 0 0 -11 -12 -10 -13 -10 -13 -10 -14 -10 -14 -9 -14 -9 -15 -8 -15 -9 -15 -8 -16 -9 -16 -8 -17 -8 -16 -8 -17 -7 -15 -7 -17 -7 -16 -7 -16 -6 -16 -6 -16 -6 -17 -7 -16 -6 -16 -6 -17 -7 -16 -7 -16 0 0 -8 -16 -8 -16 -7 -16 -8 -16 -7 -15 -8 -16 -8 -16 -9 -16 -9 -16 -9 -17 -10 -15 -9 -15 -9 -15 -9 -15 -10 -16 -11 -15 -10 -17 -10 -15 -11 -16 -11 -16 -11 -16 -11 -16 -10 -16 -12 -16 -11 -15 -12 -16 0 0 0 0 0 0 0 0 0 0 ]
658,1782983887.641416,17.4758,-65,CSI_DATA,AP,98:F4:AB:29:67:94,-65,11,1,5,1,1,1,1,0,0,0,-96,1,6,1,87080324,0,84,0,0,87.4633,384,[84 -64 4 0 0 0 0 0 0 0 0 0 -16 -2 -16 -3 -17 -3 -17 -4 -17 -4 -16 -5 -16 -5 -16 -6 -16 -7 -16 -6 -17 -7 -16 -7 -16 -7 -17 -7 -16 -7 -17 -8 -16 -7 -16 -8 -16 -8 -15 -8 -16 -8 -16 -8 -15 -8 -16 -7 -16 -7 -16 -7 0 0 -16 -7 -16 -7 -17 -8 -16 -6 -16 -7 -16 -7 -16 -7 -16 -7 -17 -5 -17 -4 -18 -5 -18 -5 -17 -5 -18 -4 -18 -5 -18 -4 -19 -5 -18 -4 -19 -5 -18 -4 -18 -4 -19 -4 -19 -4 -19 -2 -19 -3 -19 -3 0 0 0 0 0 0 0 0 0 0 ]
659,1782983887.731779,18.2566,-65,CSI_DATA,AP,98:F4:AB:29:67:94,-65,11,1,5,1,1,1,1,0,0,0,-96,1,6,1,87167996,0,84,0,0,87.551,384,[84 -64 4 0 0 0 0 0 0 0 0 0 10 -15 9 -15 11 -15 11 -14 12 -15 11 -13 12 -14 12 -14 13 -14 14 -13 14 -14 14 -13 14 -12 15 -13 14 -12 15 -12 14 -12 14 -12 14 -11 14 -12 14 -11 15 -12 15 -12 15 -11 15 -11 14 -12 0 0 14 -12 16 -12 15 -11 15 -13 14 -11 14 -13 14 -13 14 -13 14 -13 14 -14 13 -14 14 -13 14 -13 13 -13 14 -15 14 -15 14 -15 13 -15 14 -15 13 -16 14 -16 14 -16 15 -15 14 -16 14 -16 13 -16 0 0 0 0 0 0 0 0 0 0 ]
660,1782983887.824359,18.3224,-64,CSI_DATA,AP,98:F4:AB:29:67:94,-64,11,1,4,1,1,1,1,0,0,0,-96,1,6,1,87260684,0,84,0,0,87.6436,384,[84 -64 4 0 0 0 0 0 0 0 0 0 -17 1 -16 1 -18 1 -18 0 -19 0 -18 -1 -18 -1 -18 -2 -19 -2 -19 -3 -19 -3 -19 -4 -19 -4 -19 -4 -18 -4 -20 -4 -18 -3 -19 -4 -17 -5 -18 -4 -17 -5 -18 -4 -18 -5 -18 -4 -18 -4 -18 -4 0 0 -18 -3 -19 -3 -18 -3 -19 -2 -18 -3 -18 -3 -19 -2 -18 -3 -19 -1 -19 -1 -19 -1 -19 -2 -19 -1 -19 -1 -20 1 -19 1 -21 0 -20 1 -20 1 -21 1 -20 1 -20 1 -21 1 -21 1 -20 2 -20 2 0 0 0 0 0 0 0 0 0 0 ]
661,1782983887.917488,17.8722,-65,CSI_DATA,AP,98:F4:AB:29:67:94,-65,11,1,5,1,1,1,1,0,0,0,-96,1,6,1,87347488,0,84,0,0,87.7304,384,[84 -64 4 0 0 0 0 0 0 0 0 0 10 -12 12 -10 12 -11 13 -10 13 -11 13 -10 14 -9 14 -9 14 -10 14 -9 14 -10 15 -10 15 -9 15 -9 15 -8 16 -9 15 -8 15 -8 15 -8 15 -7 15 -7 15 -8 15 -8 15 -8 15 -8 14 -9 0 0 14 -9 15 -9 14 -9 14 -10 14 -9 14 -9 14 -10 14 -10 14 -10 14 -11 14 -11 14 -11 13 -12 13 -11 14 -12 14 -12 14 -12 13 -12 14 -13 12 -13 14 -13 14 -12 14 -13 12 -14 13 -14 13 -14 0 0 0 0 0 0 0 0 0 0 ]
662,1782983888.006626,17.9877,-65,CSI_DATA,AP,98:F4:AB:29:67:94,-65,11,1,5,1,1,1,1,0,0,0,-96,1,6,1,87439731,0,84,0,0,87.8228,384,[84 -64 4 0 0 0 0 0 0 0 0 0 -15 -7 -15 -8 -15 -9 -15 -8 -14 -8 -14 -9 -15 -10 -15 -10 -15 -10 -14 -10 -14 -10 -14 -12 -14 -12 -14 -12 -14 -11 -14 -12 -13 -12 -13 -12 -12 -12 -12 -12 -13 -12 -13 -12 -12 -12 -13 -13 -13 -13 -13 -12 0 0 -14 -12 -14 -12 -13 -12 -14 -11 -13 -11 -14 -11 -14 -11 -15 -11 -15 -10 -15 -10 -16 -11 -15 -10 -15 -10 -15 -10 -15 -10 -17 -10 -16 -11 -17 -10 -16 -10 -16 -10 -17 -10 -17 -10 -16 -10 -17 -10 -17 -9 -17 -10 0 0 0 0 0 0 0 0 0 0 ]
663,1782983888.095227,17.7071,-64,CSI_DATA,AP,98:F4:AB:29:67:94,-64,11,1,4,1,1,1,1,0,0,0,-96,1,6,1,87529712,0,84,0,0,87.9127,384,[84 -64 4 0 0 0 0 0 0 0 0 0 16 3 15 3 17 4 16 5 17 6 16 5 16 6 16 7 16 7 16 8 16 8 16 8 16 9 16 9 16 9 16 9 15 9 16 9 15 9 15 9 15 9 15 9 15 9 15 9 15 9 16 9 0 0 16 8 16 8 16 8 17 7 15 7 16 7 16 7 16 6 17 6 17 6 17 6 17 6 17 6 17 5 18 6 18 5 20 6 18 5 18 5 18 4 19 5 19 4 20 5 19 4 19 4 18 4 0 0 0 0 0 0 0 0 0 0 ]
664,1782983888.185051,17.6338,-65,CSI_DATA,AP,98:F4:AB:29:67:94,-65,11,1,5,1,1,1,1,0,0,0,-96,1,6,1,87624776,0,84,0,0,88.0078,384,[84 -64 4 0 0 0 0 0 0 0 0 0 -15 -8 -14 -9 -15 -9 -15 -9 -15 -9 -14 -10 -14 -10 -13 -11 -14 -11 -14 -12 -14 -12 -14 -13 -14 -13 -14 -13 -13 -12 -14 -13 -13 -12 -13 -12 -13 -12 -13 -12 -13 -13 -13 -12 -13 -12 -12 -13 -13 -12 -13 -12 0 0 -14 -11 -14 -12 -14 -11 -14 -11 -13 -11 -14 -12 -14 -11 -14 -11 -14 -11 -15 -10 -16 -10 -15 -10 -15 -10 -16 -10 -16 -10 -17 -9 -17 -10 -16 -9 -17 -10 -17 -9 -17 -9 -17 -8 -18 -9 -18 -9 -17 -8 -17 -9 0 0 0 0 0 0 0 0 0 0 ]
665,1782983888.275035,17.6662,-65,CSI_DATA,AP,98:F4:AB:29:67:94,-65,11,1,5,1,1,1,1,0,0,0,-96,1,6,1,87707436,0,84,0,0,88.0904,384,[84 -64 4 0 0 0 0 0 0 0 0 0 -15 -6 -15 -7 -15 -8 -15 -8 -15 -9 -15 -9 -15 -10 -15 -10 -14 -11 -14 -11 -15 -11 -14 -11 -15 -11 -14 -11 -13 -12 -14 -12 -14 -12 -13 -12 -13 -12 -13 -12 -13 -12 -15 -12 -12 -12 -13 -12 -13 -12 -14 -12 0 0 -13 -11 -14 -12 -13 -12 -14 -11 -13 -11 -14 -11 -13 -12 -15 -11 -14 -11 -15 -10 -16 -10 -14 -9 -16 -9 -16 -10 -17 -10 -16 -10 -17 -10 -16 -10 -16 -10 -17 -10 -16 -10 -17 -10 -17 -10 -18 -9 -17 -9 -17 -9 0 0 0 0 0 0 0 0 0 0 ]
666,1782983888.365608,17.1183,-65,CSI_DATA,AP,98:F4:AB:29:67:94,-65,11,1,5,1,1,1,1,0,0,0,-96,1,6,1,87799318,0,84,0,0,88.1823,384,[84 -64 4 0 0 0 0 0 0 0 0 0 11 -11 12 -10 13 -10 13 -10 13 -9 13 -9 14 -8 14 -8 15 -8 15 -8 15 -7 16 -7 16 -6 16 -7 15 -6 18 -7 15 -6 16 -6 14 -5 16 -5 16 -6 16 -6 16 -6 15 -5 16 -6 16 -6 0 0 15 -6 17 -7 15 -7 15 -7 15 -7 15 -7 15 -6 15 -8 16 -7 16 -9 15 -9 15 -8 15 -8 15 -9 16 -10 16 -10 16 -10 15 -10 16 -10 15 -11 15 -10 16 -10 15 -11 15 -11 15 -11 15 -11 0 0 0 0 0 0 0 0 0 0 ]
667,1782983888.455686,18.2157,-63,CSI_DATA,AP,98:F4:AB:29:67:94,-63,11,1,4,1,1,1,1,0,0,0,-96,1,6,1,87888742,0,84,0,0,88.2718,384,[84 -64 4 0 0 0 0 0 0 0 0 0 -9 -15 -8 -15 -8 -17 -7 -16 -7 -17 -6 -17 -6 -18 -6 -18 -5 -18 -5 -19 -5 -19 -4 -19 -4 -19 -4 -19 -3 -18 -3 -20 -3 -18 -4 -19 -3 -18 -3 -19 -3 -19 -3 -19 -2 -19 -2 -19 -3 -19 -3 -19 0 0 -4 -18 -4 -19 -4 -18 -5 -18 -4 -18 -5 -19 -5 -19 -5 -18 -5 -18 -6 -20 -6 -19 -6 -18 -7 -18 -6 -18 -8 -19 -8 -18 -7 -20 -7 -19 -7 -20 -8 -18 -7 -19 -8 -19 -8 -20 -9 -20 -8 -19 -9 -18 0 0 0 0 0 0 0 0 0 0 ]
668,1782983888.545254,18.4990,-64,CSI_DATA,AP,98:F4:AB:29:67:94,-64,11,1,4,1,1,1,1,0,0,0,-96,1,6,1,87977405,0,84,0,0,88.3604,384,[84 -64 4 0 0 0 0 0 0 0 0 0 0 -17 0 -16 1 -18 1 -17 2 -19 2 -17 3 -19 4 -18 4 -18 5 -18 5 -18 6 -18 6 -18 6 -18 5 -17 6 -19 5 -17 5 -18 6 -17 6 -18 6 -17 6 -18 7 -17 7 -17 7 -17 6 -17 0 0 6 -17 5 -18 5 -18 5 -19 4 -17 4 -18 4 -18 5 -18 3 -19 3 -20 3 -19 4 -19 3 -18 3 -19 2 -20 2 -20 3 -21 2 -20 3 -20 2 -20 3 -20 2 -20 2 -20 2 -21 3 -20 2 -20 0 0 0 0 0 0 0 0 0 0 ]
669,1782983888.634918,18.7826,-63,CSI_DATA,AP,98:F4:AB:29:67:94,-63,11,1,4,1,1,1,1,0,0,0,-96,1,6,1,88068258,0,84,0,0,88.4512,384,[84 -64 4 0 0 0 0 0 0 0 0 0 17 -3 16 -2 17 -2 17 0 17 -1 17 0 17 1 17 1 18 1 18 2 18 2 18 2 18 3 18 3 18 3 18 4 18 4 17 3 17 4 17 4 17 4 18 4 17 4 17 4 18 4 17 3 0 0 18 4 18 4 18 3 18 3 17 3 17 3 18 3 18 2 18 2 19 1 19 1 18 1 19 1 19 1 19 1 20 0 20 1 19 0 20 1 20 0 20 1 19 1 20 0 20 -1 19 0 20 -1 0 0 0 0 0 0 0 0 0 0 ]
670,1782983888.724999,17.8938,-63,CSI_DATA,AP,98:F4:AB:29:67:94,-63,11,1,4,1,1,1,1,0,0,0,-96,1,6,1,88158388,0,84,0,0,88.5414,384,[84 -64 4 0 0 0 0 0 0 0 0 0 -7 14 -7 13 -9 14 -9 13 -9 13 -9 12 -10 13 -10 13 -11 13 -11 12 -11 13 -11 13 -12 12 -12 12 -11 12 -13 13 -12 12 -12 11 -11 11 -12 11 -12 11 -12 11 -12 11 -12 11 -12 12 -12 12 0 0 -11 12 -12 13 -11 12 -11 13 -10 11 -11 12 -11 13 -11 13 -11 13 -11 14 -10 15 -10 14 -10 14 -10 14 -10 15 -9 15 -10 16 -9 14 -9 16 -9 16 -10 15 -9 15 -9 16 -9 16 -9 16 -9 16 0 0 0 0 0 0 0 0 0 0 ]
671,1782983888.816900,17.1985,-65,CSI_DATA,AP,98:F4:AB:29:67:94,-65,11,1,5,1,1,1,1,0,0,0,-96,1,6,1,88247505,0,84,0,0,88.6305,384,[84 -64 4 0 0 0 0 0 0 0 0 0 6 15 5 14 5 16 4 15 4 16 3 16 3 16 3 16 3 16 2 17 2 17 1 17 1 17 1 17 1 16 2 18 1 16 1 16 0 15 1 16 0 16 1 16 0 16 1 16 1 17 1 16 0 0 1 16 2 17 2 16 3 16 2 15 2 16 2 17 2 16 4 17 4 17 4 18 4 17 4 17 4 17 5 17 5 17 5 18 5 17 5 17 6 17 5 17 6 17 6 18 6 17 6 18 6 17 0 0 0 0 0 0 0 0 0 0 ]
672,1782983888.903493,18.2517,-62,CSI_DATA,AP,98:F4:AB:29:67:94,-62,11,1,1,1,1,1,1,0,0,0,-96,1,6,1,88358146,0,84,0,0,88.7411,384,[84 -64 4 0 0 0 0 0 0 0 0 0 15 -8 16 -7 17 -7 17 -6 17 -6 18 -5 18 -5 18 -4 19 -4 19 -3 19 -4 19 -4 19 -4 19 -3 19 -3 20 -3 18 -3 18 -3 18 -2 19 -2 19 -1 19 -2 18 -2 18 -3 19 -3 19 -3 0 0 18 -3 19 -3 19 -3 18 -4 17 -3 18 -3 18 -3 18 -4 18 -4 18 -6 19 -6 18 -5 19 -6 19 -6 19 -6 19 -7 20 -7 19 -7 20 -6 19 -7 20 -7 19 -7 19 -7 19 -8 19 -8 19 -8 0 0 0 0 0 0 0 0 0 0 ]
673,1782983888.995915,18.0509,-65,CSI_DATA,AP,98:F4:AB:29:67:94,-65,11,1,5,1,1,1,1,0,0,0,-96,1,6,1,88433126,0,84,0,0,88.8161,384,[84 -64 4 0 0 0 0 0 0 0 0 0 -15 5 -16 5 -17 4 -17 3 -17 3 -17 2 -18 2 -17 1 -18 1 -18 0 -17 1 -18 1 -19 0 -18 0 -18 0 -19 0 -18 0 -18 -1 -17 -1 -17 -1 -17 -2 -17 -1 -17 -1 -17 -1 -18 0 -18 -1 0 0 -18 0 -18 0 -18 0 -18 1 -17 0 -18 0 -17 1 -18 0 -18 0 -18 2 -18 3 -18 2 -19 3 -18 3 -19 3 -18 4 -18 3 -19 4 -19 3 -19 3 -18 3 -19 3 -19 4 -19 5 -19 4 -19 5 0 0 0 0 0 0 0 0 0 0 ]
674,1782983889.085771,17.1359,-65,CSI_DATA,AP,98:F4:AB:29:67:94,-65,11,1,5,1,1,1,1,0,0,0,-96,1,6,1,88521567,0,84,0,0,88.9046,384,[84 -64 4 0 0 0 0 0 0 0 0 0 1 16 0 16 0 17 -1 16 -1 17 -2 17 -2 16 -2 17 -3 17 -4 17 -3 17 -3 18 -4 17 -4 17 -4 16 -5 18 -4 16 -4 17 -4 16 -5 16 -5 16 -5 16 -5 16 -4 16 -4 16 -4 17 0 0 -3 16 -3 18 -3 17 -3 17 -3 16 -3 17 -3 17 -3 17 -2 17 -1 18 -1 18 -1 17 -1 18 0 18 0 18 0 18 -1 19 0 18 0 19 0 18 0 19 0 19 0 19 1 19 1 18 1 18 0 0 0 0 0 0 0 0 0 0 ]
675,1782983889.174622,17.6685,-65,CSI_DATA,AP,98:F4:AB:29:67:94,-65,11,1,5,1,1,1,1,0,0,0,-96,1,6,1,88607725,0,84,0,0,88.9907,384,[84 -64 4 0 0 0 0 0 0 0 0 0 15 -10 16 -10 16 -10 17 -9 17 -8 18 -8 18 -7 17 -7 19 -7 18 -5 18 -6 19 -6 19 -5 19 -5 19 -5 19 -5 19 -5 18 -5 18 -5 18 -4 18 -4 18 -4 18 -4 18 -4 18 -4 18 -5 0 0 18 -6 18 -5 18 -6 18 -7 17 -6 17 -7 17 -6 17 -8 18 -7 18 -8 18 -9 17 -8 18 -9 17 -8 18 -10 17 -10 18 -9 17 -11 17 -10 18 -10 18 -10 18 -10 19 -10 18 -11 18 -11 18 -11 0 0 0 0 0 0 0 0 0 0 ]
676,1782983889.262480,18.1073,-65,CSI_DATA,AP,98:F4:AB:29:67:94,-65,11,1,5,1,1,1,1,0,0,0,-96,1,6,1,88698666,0,84,0,0,89.0817,384,[84 -64 4 0 0 0 0 0 0 0 0 0 9 -17 9 -15 10 -16 10 -16 11 -16 11 -15 12 -16 12 -14 13 -15 14 -14 14 -15 13 -14 14 -14 14 -14 14 -13 14 -15 13 -13 14 -13 13 -12 14 -12 14 -12 14 -12 14 -12 13 -12 14 -12 14 -13 0 0 13 -13 14 -14 12 -13 13 -15 13 -12 13 -13 13 -13 13 -14 13 -15 13 -15 12 -16 12 -14 12 -15 12 -14 12 -17 12 -16 13 -16 12 -16 12 -17 12 -16 13 -17 12 -16 13 -16 12 -17 12 -17 12 -17 0 0 0 0 0 0 0 0 0 0 ]
677,1782983889.352547,19.5635,-64,CSI_DATA,AP,98:F4:AB:29:67:94,-64,11,1,4,1,1,1,1,0,0,0,-96,1,6,1,88789838,0,84,0,0,89.1729,384,[84 -64 4 0 0 0 0 0 0 0 0 0 -8 -18 -7 -18 -7 -20 -6 -19 -6 -20 -5 -20 -4 -21 -3 -21 -3 -20 -3 -21 -3 -21 -3 -21 -2 -21 -3 -21 -2 -20 -1 -22 -1 -20 -1 -21 -1 -19 0 -20 0 -20 -1 -20 -1 -19 -1 -19 -1 -20 -1 -21 0 0 -1 -20 -2 -21 -2 -21 -3 -20 -2 -19 -2 -20 -3 -20 -3 -20 -2 -20 -4 -20 -5 -20 -5 -20 -5 -21 -4 -21 -5 -21 -5 -21 -5 -21 -5 -21 -5 -22 -5 -21 -4 -21 -5 -22 -6 -22 -7 -22 -6 -21 -7 -21 0 0 0 0 0 0 0 0 0 0 ]
678,1782983889.440557,18.4418,-64,CSI_DATA,AP,98:F4:AB:29:67:94,-64,11,1,4,1,1,1,1,0,0,0,-96,1,6,1,88877505,0,84,0,0,89.2605,384,[84 -64 4 0 0 0 0 0 0 0 0 0 15 -6 16 -6 16 -6 16 -5 17 -5 17 -4 17 -3 16 -3 18 -3 17 -2 17 -2 17 -2 18 -1 18 -1 17 -1 18 -1 18 -1 17 -1 17 -1 17 -1 17 -1 17 -1 16 -1 16 0 17 -1 17 -1 0 0 17 -2 17 -2 17 -2 17 -3 16 -2 17 -3 17 -3 17 -3 17 -4 17 -5 18 -5 17 -3 17 -4 17 -5 18 -5 18 -5 19 -5 18 -5 19 -6 18 -6 19 -6 18 -5 19 -5 19 -6 18 -6 18 -6 0 0 0 0 0 0 0 0 0 0 ]
679,1782983889.529075,17.3943,-64,CSI_DATA,AP,98:F4:AB:29:67:94,-64,11,1,4,1,1,1,1,0,0,0,-96,1,6,1,88970928,0,84,0,0,89.3539,384,[84 -64 4 0 0 0 0 0 0 0 0 0 14 9 12 9 13 10 12 11 12 12 11 11 12 12 11 12 12 12 11 13 10 13 10 14 10 14 10 14 10 13 10 15 9 14 10 13 9 13 9 13 10 13 10 13 9 14 9 14 9 14 9 13 0 0 10 13 11 13 10 13 11 13 10 12 11 12 11 13 12 13 12 12 13 13 12 13 11 13 12 13 11 13 13 13 13 12 14 14 13 12 13 13 14 12 14 13 14 13 14 13 14 13 13 13 13 12 0 0 0 0 0 0 0 0 0 0 ]
680,1782983889.618127,16.7440,-64,CSI_DATA,AP,98:F4:AB:29:67:94,-64,11,1,4,1,1,1,1,0,0,0,-96,1,6,1,89057378,0,84,0,0,89.4404,384,[84 -64 4 0 0 0 0 0 0 0 0 0 -7 14 -7 13 -9 14 -9 13 -9 14 -9 13 -10 14 -11 13 -10 14 -11 13 -11 13 -12 13 -12 13 -12 13 -11 12 -13 13 -11 12 -12 13 -11 11 -12 11 -12 12 -12 12 -12 12 -12 12 -12 12 -12 13 0 0 -10 13 -11 14 -11 13 -11 14 -10 12 -11 13 -11 14 -11 14 -10 14 -11 15 -10 15 -10 14 -10 15 -10 14 -10 16 -9 16 -10 17 -9 15 -10 16 -9 16 -10 16 -9 16 -10 17 -9 17 -9 16 -9 16 0 0 0 0 0 0 0 0 0 0 ]
681,1782983889.707337,16.6644,-65,CSI_DATA,AP,98:F4:AB:29:67:94,-65,11,1,5,1,1,1,1,0,0,0,-96,1,6,1,89154532,0,84,0,0,89.5375,384,[84 -64 4 0 0 0 0 0 0 0 0 0 -5 -14 -5 -15 -6 -16 -5 -16 -4 -16 -3 -16 -4 -16 -3 -17 -3 -17 -3 -17 -2 -17 -2 -17 -2 -17 -2 -17 -2 -17 -2 -18 -2 -17 -2 -16 -1 -16 -1 -17 -1 -17 -2 -17 -1 -17 -2 -17 -2 -17 -2 -17 0 0 -3 -17 -3 -17 -3 -16 -4 -17 -3 -17 -3 -17 -3 -17 -4 -17 -4 -17 -5 -18 -5 -18 -5 -17 -5 -17 -4 -17 -6 -18 -6 -18 -4 -19 -5 -18 -5 -18 -6 -18 -5 -18 -6 -18 -5 -18 -6 -18 -7 -17 -6 -17 0 0 0 0 0 0 0 0 0 0 ]
682,1782983889.795442,17.0410,-65,CSI_DATA,AP,98:F4:AB:29:67:94,-65,11,1,5,1,1,1,1,0,0,0,-96,1,6,1,89252204,0,84,0,0,89.6352,384,[84 -64 4 0 0 0 0 0 0 0 0 0 13 -8 13 -7 15 -7 14 -8 16 -7 15 -6 15 -7 15 -5 16 -6 16 -5 16 -5 16 -5 16 -5 17 -4 16 -4 17 -4 16 -4 16 -4 15 -3 15 -3 16 -2 16 -3 16 -3 15 -4 17 -4 16 -4 0 0 16 -4 17 -5 16 -5 16 -5 16 -5 16 -5 17 -5 16 -6 16 -6 17 -7 16 -7 15 -6 16 -6 16 -7 17 -7 16 -7 17 -7 17 -8 17 -7 16 -8 16 -7 16 -7 16 -7 16 -9 16 -7 16 -8 0 0 0 0 0 0 0 0 0 0 ]
683,1782983889.882940,16.4820,-65,CSI_DATA,AP,98:F4:AB:29:67:94,-65,11,1,5,1,1,1,1,0,0,0,-96,1,6,1,89330308,0,84,0,0,89.7133,384,[84 -64 4 0 0 0 0 0 0 0 0 0 15 1 15 1 16 2 15 2 16 3 16 4 16 4 16 4 16 4 16 5 16 5 16 6 16 6 16 6 15 6 16 7 16 6 16 6 15 7 15 7 15 6 15 6 14 6 15 6 15 7 15 6 0 0 16 6 15 7 16 6 16 6 15 6 16 5 16 5 16 5 17 5 17 4 17 4 16 5 16 5 17 4 17 4 18 4 18 4 18 4 17 4 17 3 17 4 17 4 17 4 17 3 17 4 18 3 0 0 0 0 0 0 0 0 0 0 ]
684,1782983889.971229,16.3757,-65,CSI_DATA,AP,98:F4:AB:29:67:94,-65,11,1,5,1,1,1,1,0,0,0,-96,1,6,1,89417462,0,84,0,0,89.8005,384,[84 -64 4 0 0 0 0 0 0 0 0 0 15 -1 16 0 16 1 16 2 16 2 16 2 17 3 15 3 16 3 17 4 17 4 17 4 17 5 17 4 17 4 17 5 16 5 16 5 15 5 15 5 15 5 16 5 15 5 15 5 16 5 16 5 0 0 16 4 16 4 17 4 16 3 16 4 17 4 17 4 16 3 17 3 17 2 18 2 17 2 17 2 18 3 17 1 18 1 19 2 18 1 18 2 17 1 18 2 18 1 18 1 18 1 17 0 17 0 0 0 0 0 0 0 0 0 0 0 ]
685,1782983890.059909,17.1862,-65,CSI_DATA,AP,98:F4:AB:29:67:94,-65,11,1,5,1,1,1,1,0,0,0,-96,1,6,1,89510753,0,84,0,0,89.8937,384,[84 -64 4 0 0 0 0 0 0 0 0 0 -4 16 -4 16 -5 16 -5 16 -5 16 -6 15 -6 17 -7 16 -7 16 -8 16 -9 16 -8 16 -9 16 -9 16 -7 16 -8 18 -7 15 -9 14 -6 13 -8 14 -9 14 -8 15 -8 15 -8 14 -9 15 -8 15 0 0 -8 16 -8 16 -8 15 -7 15 -7 15 -7 15 -7 16 -7 16 -7 16 -6 16 -6 17 -6 16 -6 17 -6 16 -5 17 -5 18 -5 18 -5 17 -4 18 -4 18 -5 17 -5 18 -4 18 -4 18 -4 17 -4 17 0 0 0 0 0 0 0 0 0 0 ]
686,1782983890.150630,17.4128,-65,CSI_DATA,AP,98:F4:AB:29:67:94,-65,11,1,5,1,1,1,1,0,0,0,-96,1,6,1,89618248,0,84,0,0,90.0012,384,[84 -64 4 0 0 0 0 0 0 0 0 0 -7 -18 -6 -18 -7 -19 -6 -18 -5 -20 -5 -18 -4 -20 -3 -19 -4 -20 -2 -21 -3 -21 -1 -20 -2 -21 -1 -20 -2 -20 -2 -21 -3 -19 -2 -20 -2 -20 -1 -19 -1 -20 -1 -19 -1 -20 -1 -20 -1 -20 -1 -19 0 0 -2 -19 -3 -20 -3 -19 -4 -20 -3 -19 -3 -20 -3 -20 -3 -20 -5 -19 -5 -21 -5 -20 -5 -20 -5 -19 -4 -19 -6 -21 -7 -19 -6 -21 -6 -20 -6 -20 -7 -20 -5 -20 -7 -19 -7 -21 -7 -20 -6 -20 -7 -19 0 0 0 0 0 0 0 0 0 0 ]
687,1782983890.238706,18.7909,-65,CSI_DATA,AP,98:F4:AB:29:67:94,-65,11,1,5,1,1,1,1,0,0,0,-96,1,6,1,89688173,0,84,0,0,90.0711,384,[84 -64 4 0 0 0 0 0 0 0 0 0 12 -14 12 -13 14 -14 14 -13 15 -13 14 -12 16 -13 16 -11 16 -12 17 -10 17 -11 18 -10 17 -10 17 -9 16 -9 18 -11 16 -10 17 -10 16 -9 17 -9 17 -9 16 -10 17 -9 17 -9 17 -9 16 -10 0 0 16 -10 16 -10 16 -10 16 -12 15 -10 15 -11 16 -11 15 -12 15 -12 16 -12 15 -13 15 -11 15 -12 15 -11 15 -14 14 -13 16 -14 15 -13 15 -14 14 -14 15 -13 14 -13 16 -13 14 -15 15 -13 14 -14 0 0 0 0 0 0 0 0 0 0 ]
688,1782983890.328001,18.7207,-65,CSI_DATA,AP,98:F4:AB:29:67:94,-65,11,1,5,1,1,1,1,0,0,0,-96,1,6,1,89778531,0,84,0,0,90.1615,384,[84 -64 4 0 0 0 0 0 0 0 0 0 17 6 16 7 17 8 17 8 16 9 16 9 17 11 16 11 16 11 15 11 16 11 16 12 15 13 16 12 15 12 16 13 15 12 14 12 14 12 14 12 14 13 14 12 13 11 14 12 14 12 15 12 0 0 14 11 15 12 15 12 15 11 14 11 15 11 15 11 15 10 16 11 16 9 17 9 16 10 17 10 16 9 16 9 17 8 18 10 17 8 18 9 17 8 17 9 17 9 17 9 18 8 17 8 18 7 0 0 0 0 0 0 0 0 0 0 ]
689,1782983890.418485,18.7041,-65,CSI_DATA,AP,98:F4:AB:29:67:94,-65,11,1,5,1,1,1,1,0,0,0,-96,1,6,1,89868250,0,84,0,0,90.2512,384,[84 -64 4 0 0 0 0 0 0 0 0 0 -15 7 -16 6 -17 5 -17 5 -17 5 -17 5 -17 4 -18 4 -17 3 -18 4 -18 4 -18 4 -18 4 -18 3 -18 3 -19 3 -17 3 -17 3 -18 2 -17 2 -17 1 -17 3 -17 3 -16 3 -18 3 -18 4 0 0 -17 5 -18 5 -17 4 -16 5 -16 4 -17 4 -17 4 -17 4 -16 6 -17 7 -16 7 -17 8 -16 7 -16 7 -16 7 -17 8 -16 8 -16 9 -16 8 -15 8 -15 8 -16 8 -15 9 -15 10 -14 8 -16 9 0 0 0 0 0 0 0 0 0 0 ]
690,1782983890.506494,18.4105,-66,CSI_DATA,AP,98:F4:AB:29:67:94,-66,11,1,5,1,1,1,1,0,0,0,-96,1,6,1,89959599,0,84,0,0,90.3426,384,[84 -64 4 0 0 0 0 0 0 0 0 0 -7 16 -7 15 -7 16 -8 15 -8 16 -8 16 -9 16 -9 16 -10 16 -10 15 -10 15 -11 15 -11 15 -11 14 -12 14 -12 15 -12 14 -11 14 -11 14 -11 14 -12 14 -11 14 -11 14 -10 14 -11 14 -11 15 0 0 -10 15 -10 15 -10 15 -10 15 -9 14 -10 15 -9 15 -9 16 -9 15 -8 17 -9 17 -8 15 -9 16 -8 17 -8 18 -7 18 -8 17 -7 17 -8 18 -6 17 -7 16 -6 16 -6 17 -6 17 -6 17 -7 17 0 0 0 0 0 0 0 0 0 0 ]
691,1782983890.596924,17.7575,-67,CSI_DATA,AP,98:F4:AB:29:67:94,-67,11,1,6,1,1,1,1,0,0,0,-96,1,6,1,90049557,0,84,0,0,90.4326,384,[84 -64 4 0 0 0 0 0 0 0 0 0 16 4 15 5 16 6 15 6 17 6 16 7 15 7 15 8 16 8 15 9 16 9 16 10 15 10 15 9 14 9 16 10 14 9 15 9 14 9 14 9 14 10 15 9 14 10 13 10 14 10 14 9 0 0 15 8 16 8 15 8 16 7 14 8 16 8 16 7 15 7 16 7 17 7 16 6 16 7 16 6 16 6 17 6 17 5 17 6 17 4 17 5 17 4 18 5 18 4 18 5 18 5 17 5 18 4 0 0 0 0 0 0 0 0 0 0 ]
692,1782983890.685850,17.7231,-67,CSI_DATA,AP,98:F4:AB:29:67:94,-67,11,1,6,1,1,1,1,0,0,0,-96,1,6,1,90137635,0,84,0,0,90.5206,384,[84 -64 4 0 0 0 0 0 0 0 0 0 17 1 17 1 18 1 18 3 18 3 17 4 18 4 16 5 17 5 17 6 17 6 17 5 17 6 17 6 17 7 17 6 17 6 16 7 16 7 16 6 16 7 16 6 15 7 16 7 17 6 17 6 0 0 16 5 16 5 16 5 16 4 16 4 17 5 16 5 17 4 17 3 17 2 18 3 17 3 17 3 17 3 18 3 18 1 19 3 19 1 18 2 18 2 18 2 18 2 18 1 19 0 17 1 18 1 0 0 0 0 0 0 0 0 0 0 ]
693,1782983890.777163,16.9759,-67,CSI_DATA,AP,98:F4:AB:29:67:94,-67,11,1,6,1,1,1,1,0,0,0,-96,1,6,1,90230407,0,84,0,0,90.6134,384,[84 -64 4 0 0 0 0 0 0 0 0 0 -14 -8 -14 -9 -14 -10 -15 -10 -14 -11 -13 -10 -14 -11 -13 -11 -13 -12 -13 -11 -14 -12 -13 -12 -13 -13 -13 -13 -12 -12 -13 -13 -12 -12 -12 -12 -11 -12 -11 -12 -12 -13 -11 -13 -11 -12 -12 -12 -12 -12 -12 -12 0 0 -12 -11 -13 -11 -12 -11 -13 -11 -12 -10 -12 -12 -13 -11 -14 -11 -13 -10 -14 -10 -14 -10 -14 -9 -15 -10 -15 -10 -15 -10 -15 -9 -15 -10 -14 -9 -15 -9 -14 -9 -15 -9 -15 -9 -15 -9 -16 -8 -15 -8 -15 -8 0 0 0 0 0 0 0 0 0 0 ]
694,1782983890.868182,16.4658,-66,CSI_DATA,AP,98:F4:AB:29:67:94,-66,11,1,6,1,1,1,1,0,0,0,-96,1,6,1,90318322,0,84,0,0,90.7013,384,[84 -64 4 0 0 0 0 0 0 0 0 0 -10 13 -11 13 -12 13 -12 13 -12 11 -13 12 -13 12 -13 12 -14 11 -13 10 -14 11 -15 10 -15 10 -15 11 -15 10 -16 9 -15 10 -14 9 -15 9 -14 9 -14 9 -14 8 -13 9 -14 8 -14 9 -14 9 0 0 -14 10 -14 9 -15 10 -13 10 -13 9 -13 10 -13 10 -12 10 -13 11 -12 11 -13 12 -13 10 -13 11 -13 12 -13 11 -12 13 -12 12 -12 12 -12 12 -12 12 -12 12 -13 12 -11 12 -12 12 -12 12 -12 13 0 0 0 0 0 0 0 0 0 0 ]
695,1782983890.957965,16.5668,-66,CSI_DATA,AP,98:F4:AB:29:67:94,-66,11,1,6,1,1,1,1,0,0,0,-96,1,6,1,90407704,0,84,0,0,90.7907,384,[84 -64 4 0 0 0 0 0 0 0 0 0 -16 7 -16 7 -17 7 -17 7 -18 6 -17 5 -17 5 -18 3 -18 4 -19 4 -18 4 -18 3 -19 3 -18 4 -17 3 -19 4 -17 3 -17 3 -17 2 -17 2 -17 1 -17 1 -17 2 -17 2 -17 2 -17 3 0 0 -16 3 -16 4 -16 4 -17 5 -16 4 -16 4 -17 4 -16 4 -16 5 -16 6 -17 6 -16 6 -16 5 -16 6 -17 7 -16 7 -17 7 -16 7 -17 7 -16 6 -16 7 -16 7 -17 7 -16 8 -15 7 -16 7 0 0 0 0 0 0 0 0 0 0 ]
696,1782983891.048581,17.0809,-64,CSI_DATA,AP,98:F4:AB:29:67:94,-64,11,1,4,1,1,1,1,0,0,0,-96,1,6,1,90500342,0,84,0,0,90.8833,384,[84 -64 4 0 0 0 0 0 0 0 0 0 0 19 0 17 -1 20 -1 18 -1 19 -3 18 -2 19 -3 18 -3 19 -4 18 -5 19 -5 19 -5 19 -5 18 -5 17 -5 20 -5 18 -5 18 -5 16 -5 17 -5 17 -4 17 -5 17 -5 17 -5 17 -4 17 0 0 -4 17 -4 18 -4 17 -3 18 -3 16 -2 17 -3 17 -2 17 -2 17 -2 18 -1 18 -1 17 -1 18 -1 18 -1 19 0 18 0 19 0 18 0 19 1 18 0 18 0 18 0 19 1 19 1 18 1 18 0 0 0 0 0 0 0 0 0 0 ]
697,1782983891.139688,18.0236,-66,CSI_DATA,AP,98:F4:AB:29:67:94,-66,11,1,6,1,1,1,1,0,0,0,-96,1,6,1,90591474,0,84,0,0,90.9745,384,[84 -64 4 0 0 0 0 0 0 0 0 0 -2 -18 -2 -18 -2 -19 -1 -18 -1 -18 0 -18 0 -18 1 -18 2 -19 2 -19 1 -19 2 -19 2 -19 2 -19 3 -17 3 -19 2 -18 3 -18 3 -16 4 -17 3 -17 3 -17 3 -16 2 -17 3 -18 3 -18 0 0 2 -17 2 -17 2 -17 1 -17 2 -16 2 -17 2 -18 2 -17 1 -18 0 -18 0 -18 0 -17 0 -18 0 -18 0 -18 -1 -19 -1 -18 0 -18 0 -19 -1 -18 -1 -18 0 -18 -1 -19 -2 -18 -2 -18 -2 -19 0 0 0 0 0 0 0 0 0 0 ]
698,1782983891.228943,17.6529,-66,CSI_DATA,AP,98:F4:AB:29:67:94,-66,11,1,6,1,1,1,1,0,0,0,-96,1,6,1,90679732,0,84,0,0,91.0627,384,[84 -64 4 0 0 0 0 0 0 0 0 0 -6 -18 -6 -18 -5 -18 -4 -18 -4 -19 -4 -18 -3 -18 -3 -19 -3 -19 -2 -18 -3 -19 -2 -19 -2 -19 -1 -19 -1 -18 -1 -19 -1 -18 -1 -18 0 -17 -1 -18 -1 -18 -1 -17 -1 -17 -1 -17 0 -17 -2 -17 0 0 -2 -18 -2 -18 -3 -17 -3 -17 -3 -17 -2 -17 -4 -17 -4 -17 -4 -18 -5 -18 -5 -17 -4 -17 -4 -17 -4 -17 -5 -18 -5 -17 -5 -19 -5 -17 -5 -18 -6 -17 -6 -17 -6 -17 -6 -17 -7 -18 -6 -17 -6 -16 0 0 0 0 0 0 0 0 0 0 ]
699,1782983891.318152,17.9761,-65,CSI_DATA,AP,98:F4:AB:29:67:94,-65,11,1,5,1,1,1,1,0,0,0,-96,1,6,1,90768487,0,84,0,0,91.1515,384,[84 -64 4 0 0 0 0 0 0 0 0 0 -17 6 -17 5 -19 6 -17 4 -19 4 -17 3 -19 4 -19 3 -19 3 -20 2 -19 2 -19 1 -19 0 -19 1 -18 1 -20 1 -18 1 -19 1 -17 0 -17 0 -18 0 -18 0 -18 0 -18 1 -18 0 -17 1 0 0 -18 2 -18 2 -17 2 -18 2 -17 2 -17 2 -17 2 -17 2 -18 3 -18 4 -17 5 -17 3 -17 3 -17 3 -18 5 -17 5 -18 5 -18 5 -17 5 -17 6 -18 4 -17 5 -19 6 -18 6 -17 6 -16 6 0 0 0 0 0 0 0 0 0 0 ]
700,1782983891.408759,18.8135,-65,CSI_DATA,AP,98:F4:AB:29:67:94,-65,11,1,5,1,1,1,1,0,0,0,-96,1,6,1,90858941,0,84,0,0,91.242,384,[84 -64 4 0 0 0 0 0 0 0 0 0 17 9 16 10 16 11 16 11 16 11 15 11 16 13 14 13 15 13 14 15 15 14 14 15 14 14 14 15 13 14 14 15 13 14 12 15 12 14 12 14 12 15 12 14 11 14 12 14 12 15 13 14 0 0 13 14 13 14 13 13 14 13 13 12 13 13 13 13 14 12 14 12 15 12 15 12 14 12 15 12 14 11 16 11 15 11 16 12 15 12 16 11 15 10 15 11 16 11 16 11 16 10 16 10 16 10 0 0 0 0 0 0 0 0 0 0 ]
701,1782983891.499320,20.2762,-65,CSI_DATA,AP,98:F4:AB:29:67:94,-65,11,1,5,1,1,1,1,0,0,0,-96,1,6,1,90948202,0,84,0,0,91.3312,384,[84 -64 4 0 0 0 0 0 0 0 0 0 -16 12 -18 11 -19 11 -20 10 -20 10 -19 10 -21 9 -20 7 -21 9 -20 7 -21 8 -21 8 -20 7 -22 7 -21 7 -23 7 -20 6 -21 5 -20 6 -21 5 -20 6 -21 5 -20 5 -20 5 -20 6 -20 6 0 0 -21 6 -20 7 -20 7 -19 8 -18 6 -19 8 -20 7 -19 7 -19 11 -19 10 -19 10 -19 9 -19 10 -19 10 -19 11 -18 11 -19 11 -18 10 -19 12 -19 12 -19 12 -19 11 -18 12 -18 12 -17 12 -17 13 0 0 0 0 0 0 0 0 0 0 ]
702,1782983891.590209,20.1814,-66,CSI_DATA,AP,98:F4:AB:29:67:94,-66,11,1,5,1,1,1,1,0,0,0,-96,1,6,1,91038027,0,84,0,0,91.421,384,[84 -64 4 0 0 0 0 0 0 0 0 0 -17 3 -17 4 -18 3 -18 3 -18 1 -18 2 -17 1 -19 1 -18 0 -19 0 -19 0 -19 0 -20 -1 -19 -2 -18 -1 -19 -2 -18 -1 -17 -2 -18 -2 -17 -2 -17 -3 -18 -2 -17 -2 -17 -2 -19 -2 -18 -2 0 0 -18 -1 -18 -1 -18 -1 -17 0 -16 0 -18 -1 -18 0 -18 0 -18 0 -18 0 -19 1 -17 1 -18 1 -18 1 -18 2 -18 2 -19 1 -19 2 -18 2 -18 3 -18 2 -18 2 -19 2 -18 2 -19 2 -18 3 0 0 0 0 0 0 0 0 0 0 ]
703,1782983891.679949,17.5383,-66,CSI_DATA,AP,98:F4:AB:29:67:94,-66,11,1,5,1,1,1,1,0,0,0,-96,1,6,1,91139569,0,84,0,0,91.5226,384,[84 -64 4 0 0 0 0 0 0 0 0 0 -2 -15 -2 -15 -1 -15 0 -15 0 -16 0 -15 0 -16 1 -16 1 -16 2 -16 2 -17 2 -16 2 -16 2 -16 3 -16 2 -16 3 -16 2 -16 2 -16 2 -15 2 -15 3 -15 3 -15 2 -15 3 -15 2 -16 0 0 1 -16 1 -16 1 -16 1 -16 1 -15 1 -16 0 -16 1 -16 1 -16 -1 -17 -1 -16 -1 -16 -1 -16 -1 -16 -1 -16 -1 -17 -1 -17 -1 -17 -1 -17 -2 -17 -1 -17 -2 -17 -2 -17 -3 -17 -2 -16 -2 -17 0 0 0 0 0 0 0 0 0 0 ]
704,1782983891.769896,16.6097,-66,CSI_DATA,AP,98:F4:AB:29:67:94,-66,11,1,5,1,1,1,1,0,0,0,-96,1,6,1,91223940,0,84,0,0,91.6069,384,[84 -64 4 0 0 0 0 0 0 0 0 0 0 -17 0 -16 0 -17 1 -17 2 -17 2 -17 2 -17 3 -17 2 -18 4 -18 5 -17 4 -17 5 -17 5 -17 4 -17 4 -18 4 -16 4 -17 4 -16 5 -16 5 -16 4 -17 5 -16 5 -16 5 -16 4 -16 0 0 3 -16 3 -17 3 -16 3 -17 3 -16 2 -17 3 -17 3 -18 2 -17 1 -19 2 -18 2 -17 2 -18 0 -17 0 -19 0 -19 1 -19 1 -18 0 -18 -1 -18 0 -18 0 -18 1 -19 1 -18 -1 -19 -1 -18 0 0 0 0 0 0 0 0 0 0 ]
705,1782983891.860731,16.4015,-66,CSI_DATA,AP,98:F4:AB:29:67:94,-66,11,1,5,1,1,1,1,0,0,0,-96,1,6,1,91308188,0,84,0,0,91.6912,384,[84 -64 4 0 0 0 0 0 0 0 0 0 -5 15 -6 15 -6 15 -7 15 -7 15 -8 16 -8 15 -8 15 -9 15 -9 14 -10 15 -9 15 -10 14 -10 14 -10 14 -11 15 -10 14 -10 13 -10 13 -9 13 -10 14 -10 13 -9 13 -10 13 -10 14 -10 15 0 0 -9 14 -9 15 -9 15 -8 14 -9 14 -8 15 -8 15 -8 15 -8 15 -7 16 -7 16 -7 15 -7 16 -7 16 -7 16 -6 17 -7 17 -7 16 -7 17 -6 16 -6 17 -6 16 -5 17 -6 18 -6 17 -5 17 0 0 0 0 0 0 0 0 0 0 ]
706,1782983891.952106,15.7746,-66,CSI_DATA,AP,98:F4:AB:29:67:94,-66,11,1,5,1,1,1,1,0,0,0,-96,1,6,1,91399457,0,84,0,0,91.7825,384,[84 -64 4 0 0 0 0 0 0 0 0 0 3 16 3 16 2 17 2 17 0 18 1 17 1 17 0 17 0 18 -1 17 -1 17 -1 18 -2 17 -1 18 -2 16 -2 18 -2 17 -2 16 -2 16 -3 16 -2 16 -2 17 -3 16 -2 16 -2 16 -1 16 0 0 -1 17 0 17 -1 17 0 17 -1 16 0 17 0 17 0 17 1 17 2 17 1 17 1 16 1 17 2 18 1 17 1 18 2 18 2 17 2 18 3 17 2 18 3 17 3 17 3 18 3 17 3 17 0 0 0 0 0 0 0 0 0 0 ]
707,1782983892.040840,16.1339,-64,CSI_DATA,AP,98:F4:AB:29:67:94,-64,11,1,4,1,1,1,1,0,0,0,-96,1,6,1,91491511,0,84,0,0,91.8745,384,[84 -64 4 0 0 0 0 0 0 0 0 0 17 -3 16 -1 18 -2 18 -2 18 -1 17 0 18 1 18 1 18 0 18 3 18 2 18 3 18 3 18 3 17 3 19 3 17 2 17 2 16 3 17 3 17 3 17 3 17 3 17 3 17 3 18 2 0 0 18 2 18 2 18 2 18 1 17 2 18 2 18 1 18 1 18 1 19 0 19 -1 18 0 18 0 18 0 19 -1 19 -2 21 -1 19 -1 19 -1 19 -2 19 -1 19 -2 21 -1 19 -2 19 -2 19 -2 0 0 0 0 0 0 0 0 0 0 ]
708,1782983892.131461,15.8929,-66,CSI_DATA,AP,98:F4:AB:29:67:94,-66,11,1,5,1,1,1,1,0,0,0,-96,1,6,1,91578123,0,84,0,0,91.9611,384,[84 -64 4 0 0 0 0 0 0 0 0 0 7 14 7 14 7 15 6 15 6 15 5 15 5 15 4 16 5 16 4 16 4 16 4 17 4 17 3 17 3 16 3 17 4 16 3 16 3 16 3 16 2 16 3 16 2 15 3 17 3 16 4 16 0 0 4 15 5 16 5 16 6 15 4 15 5 16 5 16 5 15 6 16 7 16 8 16 7 15 7 16 7 16 8 16 8 15 8 17 8 16 8 16 8 15 8 16 8 15 8 16 9 16 9 16 8 15 0 0 0 0 0 0 0 0 0 0 ]
709,1782983892.222172,15.9234,-66,CSI_DATA,AP,98:F4:AB:29:67:94,-66,11,1,5,1,1,1,1,0,0,0,-96,1,6,1,91669942,0,84,0,0,92.0529,384,[84 -64 4 0 0 0 0 0 0 0 0 0 1 -15 0 -15 1 -15 2 -15 2 -15 3 -16 3 -15 4 -16 4 -15 4 -15 4 -16 4 -16 5 -16 5 -16 6 -14 6 -16 5 -15 5 -14 5 -14 6 -14 7 -15 6 -15 6 -14 5 -14 5 -15 5 -15 0 0 5 -15 6 -15 5 -15 5 -15 5 -14 5 -15 6 -15 5 -15 4 -16 3 -16 3 -16 3 -16 3 -16 4 -16 4 -16 3 -17 4 -17 3 -17 4 -17 4 -17 4 -17 4 -17 3 -16 3 -17 3 -17 2 -18 0 0 0 0 0 0 0 0 0 0 ]
710,1782983892.310046,17.6142,-64,CSI_DATA,AP,98:F4:AB:29:67:94,-64,11,1,4,1,1,1,1,0,0,0,-96,1,6,1,91758559,0,84,0,0,92.1415,384,[84 -64 4 0 0 0 0 0 0 0 0 0 -11 13 -12 13 -13 14 -14 13 -14 13 -14 12 -15 12 -15 12 -15 12 -16 11 -16 11 -16 11 -16 11 -16 10 -16 10 -17 11 -16 10 -16 9 -16 10 -16 9 -16 9 -16 10 -16 10 -15 10 -16 9 -16 11 0 0 -15 11 -16 11 -16 11 -15 12 -15 10 -14 11 -15 11 -15 12 -15 12 -14 14 -14 14 -14 13 -13 12 -15 14 -15 13 -14 14 -15 15 -14 14 -15 14 -14 14 -14 14 -14 15 -14 14 -13 15 -13 14 -13 15 0 0 0 0 0 0 0 0 0 0 ]
711,1782983892.402230,18.4832,-64,CSI_DATA,AP,98:F4:AB:29:67:94,-64,11,1,4,1,1,1,1,0,0,0,-96,1,6,1,91848736,0,84,0,0,92.2318,384,[84 -64 4 0 0 0 0 0 0 0 0 0 18 -6 17 -5 19 -6 18 -5 19 -5 17 -4 19 -3 19 -3 19 -3 20 -1 20 -2 19 -1 19 0 19 0 18 -1 21 0 18 -1 19 -1 18 -1 19 -1 18 0 18 -1 19 0 18 0 18 0 18 -1 0 0 18 -1 19 -2 17 -3 19 -3 17 -2 19 -3 19 -3 18 -3 18 -4 19 -4 19 -4 18 -3 18 -4 18 -4 20 -6 18 -6 20 -5 19 -5 18 -5 19 -6 19 -6 18 -6 20 -6 18 -6 18 -5 18 -6 0 0 0 0 0 0 0 0 0 0 ]
712,1782983892.492263,17.8795,-64,CSI_DATA,AP,98:F4:AB:29:67:94,-64,11,1,4,1,1,1,1,0,0,0,-96,1,6,1,91937585,0,84,0,0,92.3206,384,[84 -64 4 0 0 0 0 0 0 0 0 0 -7 15 -8 15 -9 16 -9 15 -9 16 -10 15 -10 15 -10 14 -11 15 -12 14 -11 14 -12 14 -12 13 -13 13 -12 13 -13 14 -12 13 -12 13 -12 12 -13 12 -13 12 -12 13 -12 12 -12 12 -12 12 -12 13 0 0 -12 13 -11 13 -11 13 -11 14 -11 12 -11 13 -11 13 -11 13 -11 14 -10 15 -10 15 -10 14 -10 14 -10 14 -10 16 -9 15 -10 16 -10 15 -10 16 -9 16 -10 15 -9 15 -10 16 -8 16 -9 15 -9 15 0 0 0 0 0 0 0 0 0 0 ]
713,1782983892.582735,18.5179,-64,CSI_DATA,AP,98:F4:AB:29:67:94,-64,11,1,4,1,1,1,1,0,0,0,-96,1,6,1,92027649,0,84,0,0,92.4107,384,[84 -64 4 0 0 0 0 0 0 0 0 0 13 13 13 14 13 15 13 15 13 15 12 15 12 16 11 16 10 17 10 17 11 17 10 18 10 18 9 18 9 17 9 18 9 18 9 17 8 17 8 17 8 17 8 17 8 17 9 16 9 17 9 17 0 0 9 17 9 17 9 16 10 16 9 16 9 16 10 17 10 16 11 16 11 16 12 16 11 15 12 16 12 16 12 15 12 16 13 17 12 16 12 16 13 16 13 16 13 15 13 16 13 15 13 15 13 14 0 0 0 0 0 0 0 0 0 0 ]
714,1782983892.673561,19.0434,-65,CSI_DATA,AP,98:F4:AB:29:67:94,-65,11,1,5,1,1,1,1,0,0,0,-96,1,6,1,92119457,0,84,0,0,92.5025,384,[84 -64 4 0 0 0 0 0 0 0 0 0 2 17 1 18 0 18 0 19 0 18 -1 18 -1 18 -2 19 -2 19 -3 18 -4 18 -4 19 -3 19 -4 19 -4 18 -4 18 -4 18 -4 17 -4 17 -4 17 -4 18 -4 17 -4 17 -4 17 -5 18 -4 18 0 0 -3 17 -3 18 -3 18 -3 17 -3 16 -2 18 -2 18 -2 17 -1 18 -1 19 -2 19 -1 17 -2 18 -1 19 -1 19 -1 19 -1 20 0 18 0 19 0 19 -1 19 1 19 0 19 0 20 0 18 1 19 0 0 0 0 0 0 0 0 0 0 ]
715,1782983892.765109,18.7528,-65,CSI_DATA,AP,98:F4:AB:29:67:94,-65,11,1,5,1,1,1,1,0,0,0,-96,1,6,1,92209441,0,84,0,0,92.5925,384,[84 -64 4 0 0 0 0 0 0 0 0 0 5 17 4 17 5 18 4 18 4 18 3 17 3 18 2 18 3 18 1 18 2 18 0 19 0 20 1 19 1 18 1 19 0 18 0 18 0 18 0 18 0 19 0 18 -1 18 0 17 0 18 0 17 0 0 1 17 1 18 2 18 2 18 1 17 2 18 2 18 3 17 3 18 3 18 4 18 3 17 4 19 4 18 5 18 5 18 5 19 5 18 6 19 6 18 5 18 6 18 5 19 6 18 5 18 6 17 0 0 0 0 0 0 0 0 0 0 ]
716,1782983892.855772,18.8149,-65,CSI_DATA,AP,98:F4:AB:29:67:94,-65,11,1,5,1,1,1,1,0,0,0,-96,1,6,1,92300404,0,84,0,0,92.6834,384,[84 -64 4 0 0 0 0 0 0 0 0 0 -18 -3 -18 -5 -19 -6 -18 -5 -18 -6 -17 -7 -18 -9 -18 -9 -19 -8 -18 -9 -18 -9 -17 -10 -18 -10 -17 -9 -17 -10 -18 -10 -16 -10 -17 -10 -16 -9 -16 -10 -16 -11 -16 -10 -16 -11 -16 -10 -16 -10 -16 -10 0 0 -16 -10 -17 -9 -17 -9 -17 -9 -16 -9 -17 -8 -17 -9 -17 -9 -17 -9 -18 -8 -18 -7 -17 -8 -18 -8 -18 -7 -19 -8 -19 -6 -19 -7 -18 -7 -19 -8 -19 -7 -19 -8 -19 -6 -19 -7 -19 -8 -19 -6 -19 -6 0 0 0 0 0 0 0 0 0 0 ]
717,1782983892.946749,18.6789,-65,CSI_DATA,AP,98:F4:AB:29:67:94,-65,11,1,5,1,1,1,1,0,0,0,-96,1,6,1,92389205,0,84,0,0,92.7722,384,[84 -64 4 0 0 0 0 0 0 0 0 0 15 -9 16 -9 17 -8 17 -7 17 -7 16 -6 18 -6 17 -5 18 -6 17 -6 18 -6 19 -5 18 -4 19 -4 17 -4 19 -4 18 -4 18 -4 17 -4 17 -4 18 -3 17 -4 17 -4 17 -3 18 -4 17 -4 0 0 17 -6 18 -5 18 -5 17 -6 16 -4 17 -5 17 -5 17 -6 17 -7 17 -8 17 -8 16 -7 17 -8 17 -8 17 -8 17 -9 18 -9 17 -9 17 -9 16 -10 17 -10 17 -9 17 -10 17 -11 16 -10 16 -11 0 0 0 0 0 0 0 0 0 0 ]
718,1782983893.037126,17.2355,-65,CSI_DATA,AP,98:F4:AB:29:67:94,-65,11,1,5,1,1,1,1,0,0,0,-96,1,6,1,92492955,0,84,0,0,92.876,384,[84 -64 4 0 0 0 0 0 0 0 0 0 12 -11 12 -11 13 -11 13 -11 13 -10 13 -10 14 -9 14 -9 15 -9 15 -9 15 -9 15 -9 15 -8 15 -8 15 -7 16 -8 15 -7 15 -7 15 -7 15 -7 16 -6 14 -7 14 -6 15 -6 15 -7 15 -7 0 0 14 -7 15 -7 15 -8 14 -8 14 -7 15 -8 15 -8 14 -9 14 -9 13 -9 14 -10 14 -9 14 -9 15 -10 14 -10 15 -10 15 -10 14 -11 15 -11 14 -11 14 -10 14 -11 15 -11 14 -11 14 -11 14 -11 0 0 0 0 0 0 0 0 0 0 ]
719,1782983893.125739,16.6741,-65,CSI_DATA,AP,98:F4:AB:29:67:94,-65,11,1,5,1,1,1,1,0,0,0,-96,1,6,1,92569916,0,84,0,0,92.9528,384,[84 -64 4 0 0 0 0 0 0 0 0 0 -2 17 -3 16 -4 17 -5 16 -5 17 -5 16 -6 17 -6 16 -6 17 -7 16 -8 16 -8 16 -8 16 -8 15 -7 15 -8 17 -8 16 -8 15 -8 14 -8 15 -8 15 -8 15 -8 14 -8 15 -8 15 -8 15 0 0 -7 15 -7 16 -7 16 -6 16 -7 14 -7 15 -6 16 -7 16 -7 16 -7 17 -6 16 -6 16 -6 16 -5 17 -5 17 -5 17 -6 18 -5 17 -5 18 -4 17 -5 18 -4 17 -5 18 -5 18 -5 18 -5 17 0 0 0 0 0 0 0 0 0 0 ]
720,1782983893.216730,15.6315,-65,CSI_DATA,AP,98:F4:AB:29:67:94,-65,11,1,5,1,1,1,1,0,0,0,-96,1,6,1,92657866,0,84,0,0,93.0409,384,[84 -64 4 0 0 0 0 0 0 0 0 0 11 -11 12 -10 13 -10 13 -9 13 -9 13 -8 14 -8 14 -8 14 -8 14 -7 14 -8 15 -8 15 -7 14 -7 14 -6 15 -7 15 -6 14 -6 13 -6 14 -5 15 -2 15 -5 13 -6 13 -6 14 -6 14 -6 0 0 13 -6 14 -6 14 -7 14 -7 13 -6 14 -6 14 -6 14 -6 14 -7 13 -8 14 -9 13 -9 13 -9 13 -8 14 -9 14 -10 14 -9 14 -10 14 -9 14 -9 15 -9 14 -9 14 -9 14 -10 13 -9 14 -10 0 0 0 0 0 0 0 0 0 0 ]
721,1782983893.308523,15.8244,-66,CSI_DATA,AP,98:F4:AB:29:67:94,-66,11,1,6,1,1,1,1,0,0,0,-96,1,6,1,92752218,0,84,0,0,93.1352,384,[84 -64 4 0 0 0 0 0 0 0 0 0 8 -15 10 -15 10 -15 10 -15 11 -14 10 -15 11 -14 12 -14 12 -13 12 -13 13 -14 13 -12 13 -13 13 -12 13 -12 14 -13 13 -12 12 -11 13 -11 12 -11 13 -11 13 -11 12 -11 13 -11 13 -11 13 -12 0 0 13 -12 12 -12 12 -12 12 -13 11 -12 12 -12 12 -13 11 -13 11 -14 10 -14 11 -14 11 -13 11 -14 11 -14 11 -14 10 -15 11 -15 10 -15 11 -15 11 -15 11 -15 11 -15 11 -15 10 -16 10 -15 11 -16 0 0 0 0 0 0 0 0 0 0 ]
722,1782983893.400121,15.0527,-66,CSI_DATA,AP,98:F4:AB:29:67:94,-66,11,1,6,1,1,1,1,0,0,0,-96,1,6,1,92838260,0,84,0,0,93.2213,384,[84 -64 4 0 0 0 0 0 0 0 0 0 6 14 5 14 5 14 5 15 5 14 5 15 4 15 3 16 1 15 2 15 3 16 1 17 1 15 2 16 2 15 1 16 2 15 2 14 2 15 1 15 1 14 1 14 0 14 1 15 2 15 2 15 0 0 3 15 3 14 3 15 3 14 2 14 3 13 4 14 3 14 5 13 5 14 6 14 4 14 4 14 5 14 5 14 6 14 6 15 6 15 6 15 7 15 6 14 6 13 7 14 7 13 7 14 6 13 0 0 0 0 0 0 0 0 0 0 ]
723,1782983893.488606,15.5252,-66,CSI_DATA,AP,98:F4:AB:29:67:94,-66,11,1,6,1,1,1,1,0,0,0,-96,1,6,1,92928615,0,84,0,0,93.3116,384,[84 -64 4 0 0 0 0 0 0 0 0 0 7 14 6 14 5 15 6 14 6 16 4 15 4 17 3 16 3 17 3 16 3 17 2 17 2 16 2 16 2 16 2 17 1 16 2 16 1 15 1 16 1 16 1 16 0 15 1 15 1 16 3 16 0 0 2 15 3 17 3 16 3 15 2 15 3 15 3 16 3 15 4 16 4 16 5 16 4 15 5 15 5 16 5 17 6 16 5 17 5 16 6 17 6 16 5 16 6 17 6 18 6 16 6 16 7 16 0 0 0 0 0 0 0 0 0 0 ]
724,1782983893.578565,16.3570,-66,CSI_DATA,AP,98:F4:AB:29:67:94,-66,11,1,6,1,1,1,1,0,0,0,-96,1,6,1,93018480,0,84,0,0,93.4015,384,[84 -64 4 0 0 0 0 0 0 0 0 0 -3 -16 -2 -16 -2 -17 -1 -17 -2 -17 0 -17 0 -18 1 -17 1 -18 2 -16 2 -18 1 -18 2 -18 1 -18 2 -17 3 -17 3 -17 2 -16 3 -16 4 -16 3 -17 4 -16 2 -16 2 -16 2 -17 2 -17 0 0 2 -17 1 -17 2 -18 1 -16 1 -17 2 -17 2 -17 1 -17 1 -17 0 -17 -1 -18 0 -18 -1 -18 -1 -18 -1 -18 -1 -19 0 -19 -1 -19 -1 -19 0 -19 0 -19 -1 -19 -1 -18 -2 -19 -2 -18 -2 -19 0 0 0 0 0 0 0 0 0 0 ]
725,1782983893.668928,17.0723,-66,CSI_DATA,AP,98:F4:AB:29:67:94,-66,11,1,5,1,1,1,1,0,0,0,-96,1,6,1,93127076,0,84,0,0,93.51,384,[84 -64 4 0 0 0 0 0 0 0 0 0 14 9 14 10 13 11 14 12 14 12 12 12 13 13 12 13 13 13 12 14 12 14 12 14 11 15 11 14 12 13 12 15 11 14 10 14 10 14 10 14 10 14 10 14 9 13 10 13 10 14 11 13 0 0 12 13 12 13 12 12 12 12 11 12 12 12 12 12 13 12 13 11 13 11 13 11 12 12 13 12 14 12 15 10 15 10 16 12 13 10 15 11 15 10 16 10 15 10 16 11 16 10 16 10 16 10 0 0 0 0 0 0 0 0 0 0 ]
726,1782983893.756907,17.5453,-66,CSI_DATA,AP,98:F4:AB:29:67:94,-66,11,1,6,1,1,1,1,0,0,0,-96,1,6,1,93201268,0,84,0,0,93.5843,384,[84 -64 4 0 0 0 0 0 0 0 0 0 3 -17 3 -16 4 -17 4 -17 5 -17 6 -16 6 -17 6 -16 7 -17 7 -16 8 -17 8 -17 8 -16 8 -16 8 -15 8 -16 8 -15 9 -14 8 -14 8 -14 8 -14 8 -14 8 -14 8 -14 8 -15 7 -15 0 0 7 -15 7 -15 6 -15 7 -15 7 -14 6 -15 6 -16 6 -15 7 -16 5 -16 5 -17 5 -16 5 -16 5 -16 5 -17 4 -17 5 -18 4 -17 4 -17 4 -16 4 -18 4 -17 4 -18 4 -17 4 -17 3 -17 0 0 0 0 0 0 0 0 0 0 ]
727,1782983893.848900,17.5690,-65,CSI_DATA,AP,98:F4:AB:29:67:94,-65,11,1,5,1,1,1,1,0,0,0,-96,1,6,1,93303684,0,84,0,0,93.6867,384,[84 -64 4 0 0 0 0 0 0 0 0 0 -15 -7 -16 -8 -16 -9 -16 -9 -15 -10 -15 -10 -15 -10 -15 -10 -15 -10 -14 -10 -14 -12 -15 -12 -14 -12 -14 -12 -14 -12 -13 -13 -14 -11 -13 -10 -13 -12 -13 -11 -13 -11 -13 -12 -13 -11 -13 -12 -12 -12 -13 -11 0 0 -14 -11 -14 -11 -14 -11 -13 -10 -13 -10 -14 -10 -14 -10 -14 -10 -14 -9 -15 -9 -15 -9 -15 -9 -16 -9 -16 -8 -16 -8 -16 -8 -16 -9 -15 -8 -16 -8 -16 -7 -17 -8 -17 -7 -17 -7 -17 -7 -17 -7 -16 -7 0 0 0 0 0 0 0 0 0 0 ]
728,1782983893.939398,17.3614,-65,CSI_DATA,AP,98:F4:AB:29:67:94,-65,11,1,5,1,1,1,1,0,0,0,-96,1,6,1,93379386,0,84,0,0,93.7623,384,[84 -64 4 0 0 0 0 0 0 0 0 0 -4 -16 -4 -17 -3 -17 -2 -17 -3 -17 -2 -18 -1 -18 -1 -18 -1 -18 0 -17 -1 -18 0 -18 0 -18 1 -18 1 -17 1 -18 1 -17 1 -17 1 -17 1 -16 2 -16 3 -17 2 -16 1 -17 1 -17 1 -17 0 0 0 -17 1 -17 0 -17 0 -17 1 -17 1 -17 0 -17 0 -17 0 -16 -2 -17 -1 -17 -2 -17 -2 -17 -1 -18 -2 -17 -3 -17 -1 -18 -2 -18 -2 -18 -2 -18 -2 -19 -2 -18 -2 -19 -3 -18 -3 -18 -4 -18 0 0 0 0 0 0 0 0 0 0 ]
729,1782983894.028589,17.2855,-64,CSI_DATA,AP,98:F4:AB:29:67:94,-64,11,1,3,1,1,1,1,0,0,0,-96,1,6,1,93470024,0,84,0,0,93.853,384,[84 -64 4 0 0 0 0 0 0 0 0 0 -10 -15 -9 -16 -9 -17 -9 -17 -8 -17 -8 -17 -7 -17 -7 -18 -6 -18 -6 -18 -6 -18 -6 -18 -5 -18 -6 -18 -5 -18 -6 -19 -5 -18 -5 -18 -4 -17 -4 -17 -4 -18 -4 -18 -4 -17 -5 -17 -5 -18 -5 -17 0 0 -6 -17 -6 -17 -6 -17 -7 -17 -6 -16 -6 -17 -7 -17 -7 -17 -8 -17 -9 -17 -9 -16 -9 -16 -9 -16 -9 -16 -10 -17 -10 -16 -9 -17 -9 -17 -9 -17 -10 -16 -9 -17 -10 -17 -11 -17 -11 -16 -11 -16 -11 -16 0 0 0 0 0 0 0 0 0 0 ]
730,1782983894.118367,17.0497,-65,CSI_DATA,AP,98:F4:AB:29:67:94,-65,11,1,5,1,1,1,1,0,0,0,-96,1,6,1,93560949,0,84,0,0,93.944,384,[84 -64 4 0 0 0 0 0 0 0 0 0 16 6 16 6 17 7 17 8 17 8 16 8 16 8 15 9 16 9 15 10 16 11 16 11 15 11 15 11 15 10 16 10 15 10 15 10 14 10 14 10 14 11 15 10 14 10 14 10 14 11 15 10 0 0 15 8 16 9 15 9 16 7 15 7 16 7 16 7 16 7 16 7 17 7 17 7 16 6 17 7 17 6 18 5 18 5 19 6 18 5 18 5 18 4 19 4 19 4 19 5 18 5 18 4 18 4 0 0 0 0 0 0 0 0 0 0 ]
731,1782983894.207926,17.1755,-65,CSI_DATA,AP,98:F4:AB:29:67:94,-65,11,1,5,1,1,1,1,0,0,0,-96,1,6,1,93650841,0,84,0,0,94.0338,384,[84 -64 4 0 0 0 0 0 0 0 0 0 -18 6 -17 6 -19 5 -18 5 -20 5 -18 4 -19 4 -19 3 -19 3 -20 2 -19 1 -20 1 -20 1 -20 0 -19 0 -22 1 -19 1 -19 1 -19 0 -19 0 -19 -1 -19 0 -18 0 -18 -1 -19 -1 -18 1 0 0 -18 1 -19 1 -19 1 -19 2 -18 1 -18 1 -19 2 -19 2 -19 3 -20 3 -19 4 -19 3 -19 3 -18 3 -20 4 -19 5 -21 3 -19 4 -20 4 -20 5 -20 4 -20 5 -21 4 -20 4 -19 4 -19 5 0 0 0 0 0 0 0 0 0 0 ]
732,1782983894.298997,17.8046,-64,CSI_DATA,AP,98:F4:AB:29:67:94,-64,11,1,4,1,1,1,1,0,0,0,-96,1,6,1,93740102,0,84,0,0,94.1231,384,[84 -64 4 0 0 0 0 0 0 0 0 0 -18 1 -19 0 -19 -1 -19 -2 -19 -2 -19 -2 -19 -2 -19 -3 -19 -3 -19 -4 -20 -4 -19 -5 -19 -4 -19 -5 -18 -4 -20 -5 -18 -5 -18 -5 -18 -5 -18 -5 -18 -5 -18 -5 -17 -5 -17 -5 -18 -5 -18 -5 0 0 -18 -4 -18 -4 -18 -4 -18 -3 -17 -3 -18 -3 -18 -2 -18 -3 -18 -2 -18 -1 -19 -1 -19 -1 -18 -1 -19 -1 -19 -1 -19 0 -20 0 -19 0 -20 1 -19 1 -19 1 -19 1 -19 1 -20 1 -19 1 -19 2 0 0 0 0 0 0 0 0 0 0 ]
733,1782983894.387455,19.3531,-65,CSI_DATA,AP,98:F4:AB:29:67:94,-65,11,1,5,1,1,1,1,0,0,0,-96,1,6,1,93829287,0,84,0,0,94.2123,384,[84 -64 4 0 0 0 0 0 0 0 0 0 -4 -19 -3 -19 -2 -20 -2 -19 -2 -21 -1 -20 0 -20 -1 -20 0 -20 1 -20 1 -20 1 -20 2 -20 2 -20 2 -19 2 -20 3 -20 2 -19 2 -18 3 -19 3 -19 2 -19 2 -18 1 -18 2 -20 2 -19 0 0 1 -19 1 -19 1 -18 0 -19 0 -18 -1 -19 -1 -19 -1 -19 0 -19 -2 -20 -2 -19 -2 -19 -2 -20 -3 -19 -2 -20 -4 -20 -3 -20 -3 -19 -4 -20 -4 -21 -5 -20 -4 -20 -4 -20 -4 -20 -5 -20 -5 -20 0 0 0 0 0 0 0 0 0 0 ]
734,1782983894.476388,18.8210,-64,CSI_DATA,AP,98:F4:AB:29:67:94,-64,11,1,4,1,1,1,1,0,0,0,-96,1,6,1,93919211,0,84,0,0,94.3022,384,[84 -64 4 0 0 0 0 0 0 0 0 0 12 13 11 13 12 14 11 15 11 15 10 14 10 15 9 15 10 16 9 16 9 17 8 16 8 17 8 17 8 16 8 18 8 17 7 16 7 16 7 16 7 16 7 16 7 15 7 15 7 16 8 15 0 0 8 16 8 16 9 15 9 15 8 14 9 14 9 15 9 14 10 15 10 15 11 14 10 14 11 15 11 15 12 15 11 14 12 15 11 13 12 14 12 14 12 14 13 14 13 14 13 13 13 13 13 13 0 0 0 0 0 0 0 0 0 0 ]
735,1782983894.566640,19.0000,-64,CSI_DATA,AP,98:F4:AB:29:67:94,-64,11,1,4,1,1,1,1,0,0,0,-96,1,6,1,94007096,0,84,0,0,94.39,384,[84 -64 4 0 0 0 0 0 0 0 0 0 -2 20 -3 19 -4 21 -3 18 -4 21 -5 19 -6 20 -7 19 -6 20 -8 20 -9 20 -9 20 -9 19 -9 19 -8 18 -9 21 -8 18 -8 19 -8 17 -9 17 -9 17 -8 18 -10 18 -9 18 -8 17 -8 18 0 0 -7 18 -7 19 -7 18 -7 19 -6 17 -6 18 -6 19 -6 18 -6 19 -5 20 -4 20 -5 19 -5 19 -4 19 -4 21 -3 19 -4 22 -3 20 -4 21 -3 21 -4 21 -3 21 -4 22 -3 21 -3 20 -2 20 0 0 0 0 0 0 0 0 0 0 ]
736,1782983894.655853,18.0590,-63,CSI_DATA,AP,98:F4:AB:29:67:94,-63,11,1,4,1,1,1,1,0,0,0,-96,1,6,1,94097468,0,84,0,0,94.4805,384,[84 -64 4 0 0 0 0 0 0 0 0 0 16 6 16 6 16 7 17 8 16 8 16 8 15 9 15 10 16 10 15 10 16 11 15 10 15 10 16 11 15 10 15 12 15 11 14 10 13 10 13 11 13 11 14 11 13 11 14 10 14 10 14 11 0 0 14 10 15 10 15 10 15 9 14 9 14 9 15 9 15 9 15 8 15 8 16 7 16 8 17 8 17 7 16 7 17 7 17 7 17 7 17 8 17 7 17 8 17 7 18 7 18 6 17 5 18 6 0 0 0 0 0 0 0 0 0 0 ]
737,1782983894.744833,17.0346,-63,CSI_DATA,AP,98:F4:AB:29:67:94,-63,11,1,4,1,1,1,1,0,0,0,-96,1,6,1,94194268,0,84,0,0,94.5773,384,[84 -64 4 0 0 0 0 0 0 0 0 0 -13 -11 -12 -12 -13 -13 -13 -12 -12 -13 -11 -13 -11 -14 -10 -14 -10 -15 -10 -15 -11 -14 -10 -14 -11 -15 -10 -15 -9 -15 -10 -16 -9 -15 -9 -15 -6 -11 -8 -15 -8 -15 -8 -15 -8 -15 -9 -14 -9 -14 -10 -14 0 0 -9 -14 -10 -14 -10 -14 -10 -13 -9 -13 -9 -14 -10 -14 -10 -14 -10 -14 -11 -13 -12 -12 -11 -12 -12 -12 -12 -13 -13 -13 -13 -13 -13 -14 -12 -12 -12 -13 -12 -13 -11 -13 -12 -13 -12 -12 -14 -12 -13 -12 -13 -12 0 0 0 0 0 0 0 0 0 0 ]
738,1782983894.832496,16.3036,-65,CSI_DATA,AP,98:F4:AB:29:67:94,-65,11,1,5,1,1,1,1,0,0,0,-96,1,6,1,94277856,0,84,0,0,94.6609,384,[84 -64 4 0 0 0 0 0 0 0 0 0 12 -12 11 -13 14 -12 13 -11 14 -12 14 -11 14 -10 15 -10 15 -10 15 -9 15 -8 16 -9 16 -8 16 -9 16 -7 17 -8 15 -7 15 -8 15 -7 15 -7 15 -7 15 -7 15 -7 15 -7 15 -7 14 -8 0 0 15 -8 14 -8 14 -8 14 -8 14 -7 14 -8 14 -8 14 -9 14 -9 14 -10 14 -11 14 -9 14 -9 14 -10 14 -10 13 -12 15 -11 14 -10 14 -10 14 -11 14 -11 14 -11 15 -11 14 -11 14 -11 14 -11 0 0 0 0 0 0 0 0 0 0 ]
739,1782983894.920674,15.9578,-64,CSI_DATA,AP,98:F4:AB:29:67:94,-64,11,1,4,1,1,1,1,0,0,0,-96,1,6,1,94374296,0,84,0,0,94.7572,384,[84 -64 4 0 0 0 0 0 0 0 0 0 -5 16 -5 14 -5 16 -6 15 -6 16 -7 15 -7 15 -8 15 -7 15 -9 15 -8 15 -9 14 -10 14 -10 14 -10 14 -9 15 -9 14 -8 14 -9 12 -9 13 -9 13 -9 13 -9 13 -9 13 -9 14 -8 14 0 0 -8 14 -8 14 -8 14 -6 14 -7 13 -7 14 -7 15 -7 14 -7 14 -6 15 -5 15 -6 15 -5 14 -5 15 -5 16 -4 16 -5 16 -4 16 -5 16 -4 16 -5 16 -5 17 -4 16 -3 17 -3 17 -5 17 0 0 0 0 0 0 0 0 0 0 ]
740,1782983895.009513,16.7210,-65,CSI_DATA,AP,98:F4:AB:29:67:94,-65,11,1,5,1,1,1,1,0,0,0,-96,1,6,1,94458753,0,84,0,0,94.8418,384,[84 -64 4 0 0 0 0 0 0 0 0 0 5 18 4 18 3 18 2 18 2 19 2 19 1 20 0 20 0 20 0 19 -1 20 -1 19 0 20 -2 19 -1 18 -2 20 -2 19 -1 19 -2 18 -2 18 -2 18 -2 18 -2 18 -1 17 -1 18 -1 18 0 0 -1 18 0 19 -1 19 0 18 -1 18 1 18 1 18 0 17 1 18 2 18 3 18 2 18 2 18 3 19 3 19 4 19 3 20 3 18 2 19 3 19 3 20 3 18 4 18 5 18 6 20 5 17 0 0 0 0 0 0 0 0 0 0 ]
741,1782983895.100190,17.0271,-65,CSI_DATA,AP,98:F4:AB:29:67:94,-65,11,1,5,1,1,1,1,0,0,0,-96,1,6,1,94549139,0,84,0,0,94.9321,384,[84 -64 4 0 0 0 0 0 0 0 0 0 -17 3 -17 2 -18 1 -18 1 -18 1 -18 1 -18 0 -18 -1 -18 -1 -19 -2 -18 -2 -18 -2 -18 -2 -19 -2 -18 -3 -18 -3 -18 -2 -18 -3 -17 -3 -17 -3 -17 -3 -17 -2 -17 -3 -17 -3 -17 -3 -17 -2 0 0 -18 -1 -18 -2 -17 -2 -17 -1 -17 -1 -17 -1 -18 0 -17 0 -17 0 -18 1 -18 0 -17 0 -18 1 -18 1 -18 1 -18 2 -19 1 -17 2 -18 1 -18 2 -18 2 -19 2 -18 2 -18 2 -18 3 -18 3 0 0 0 0 0 0 0 0 0 0 ]
742,1782983895.188943,16.9945,-65,CSI_DATA,AP,98:F4:AB:29:67:94,-65,11,1,5,1,1,1,1,0,0,0,-96,1,6,1,94638520,0,84,0,0,95.0215,384,[84 -64 4 0 0 0 0 0 0 0 0 0 10 -14 10 -13 11 -14 11 -14 12 -13 11 -12 12 -13 13 -13 13 -12 13 -12 14 -12 14 -12 14 -11 14 -11 13 -10 14 -11 13 -11 14 -11 13 -10 13 -10 14 -10 13 -11 13 -11 14 -10 13 -10 12 -11 0 0 13 -11 13 -12 11 -11 12 -12 11 -11 12 -12 12 -12 11 -13 11 -13 11 -13 11 -13 11 -12 12 -13 11 -13 11 -15 11 -14 11 -15 10 -15 11 -15 10 -15 11 -14 10 -14 11 -15 10 -15 11 -15 9 -15 0 0 0 0 0 0 0 0 0 0 ]
743,1782983895.279323,17.0486,-65,CSI_DATA,AP,98:F4:AB:29:67:94,-65,11,1,5,1,1,1,1,0,0,0,-96,1,6,1,94737941,0,84,0,0,95.1209,384,[84 -64 4 0 0 0 0 0 0 0 0 0 -17 -9 -17 -9 -18 -10 -17 -11 -17 -12 -17 -11 -19 -11 -16 -13 -15 -13 -16 -13 -16 -13 -17 -13 -16 -13 -16 -14 -14 -13 -15 -14 -15 -14 -14 -13 -14 -14 -14 -14 -14 -14 -14 -14 -13 -13 -14 -13 -15 -13 -14 -13 0 0 -15 -13 -15 -13 -15 -12 -15 -11 -14 -12 -15 -12 -16 -11 -16 -12 -17 -11 -17 -10 -18 -11 -17 -10 -18 -10 -17 -10 -17 -10 -19 -10 -18 -11 -17 -9 -18 -9 -18 -9 -18 -10 -18 -9 -19 -9 -20 -9 -18 -8 -19 -8 0 0 0 0 0 0 0 0 0 0 ]
744,1782983895.367617,17.9023,-66,CSI_DATA,AP,98:F4:AB:29:67:94,-66,11,1,6,1,1,1,1,0,0,0,-96,1,6,1,94817374,0,84,0,0,95.2003,384,[84 -64 4 0 0 0 0 0 0 0 0 0 12 15 10 15 10 17 10 16 10 17 8 17 8 17 7 17 8 18 7 18 7 19 6 18 7 19 6 18 5 18 7 19 5 18 5 18 4 17 4 19 4 18 5 18 5 18 5 17 5 18 6 18 0 0 5 17 7 18 7 17 6 18 5 17 5 17 6 17 7 17 7 18 8 17 8 16 8 18 8 17 8 17 9 17 9 17 9 18 8 17 9 18 8 18 8 18 9 18 10 18 10 17 10 17 9 17 0 0 0 0 0 0 0 0 0 0 ]
745,1782983895.457706,19.0570,-66,CSI_DATA,AP,98:F4:AB:29:67:94,-66,11,1,6,1,1,1,1,0,0,0,-96,1,6,1,94908795,0,84,0,0,95.2918,384,[84 -64 4 0 0 0 0 0 0 0 0 0 18 3 18 3 18 5 17 5 18 6 17 6 17 7 18 8 18 8 19 7 18 8 18 8 17 8 18 9 17 9 18 9 17 10 16 8 16 10 15 9 16 9 16 10 15 9 16 8 17 9 16 8 0 0 16 8 17 8 17 8 17 6 16 7 16 7 17 7 17 6 18 6 18 5 18 4 18 6 19 5 19 5 18 5 20 4 20 5 18 4 19 4 19 4 19 4 19 4 19 4 19 3 20 3 19 3 0 0 0 0 0 0 0 0 0 0 ]
746,1782983895.546052,17.7838,-66,CSI_DATA,AP,98:F4:AB:29:67:94,-66,11,1,6,1,1,1,1,0,0,0,-96,1,6,1,94998791,0,84,0,0,95.3818,384,[84 -64 4 0 0 0 0 0 0 0 0 0 16 5 15 5 17 6 16 6 16 8 14 7 16 7 16 8 16 8 15 9 15 9 14 10 14 10 14 11 13 10 15 11 13 10 13 11 13 10 13 9 12 10 13 10 12 10 12 9 13 10 13 9 0 0 13 9 14 9 13 9 14 9 13 8 14 8 14 8 15 8 14 7 15 7 15 8 14 9 14 8 15 7 16 7 15 6 16 7 16 6 16 6 15 5 16 6 16 6 16 7 16 7 17 6 16 6 0 0 0 0 0 0 0 0 0 0 ]
747,1782983895.634480,17.8606,-66,CSI_DATA,AP,98:F4:AB:29:67:94,-66,11,1,6,1,1,1,1,0,0,0,-96,1,6,1,95089004,0,84,0,0,95.472,384,[84 -64 4 0 0 0 0 0 0 0 0 0 11 15 10 14 11 16 11 15 10 17 8 15 10 17 8 17 9 18 8 18 8 18 8 18 7 19 7 19 7 17 7 19 7 17 7 18 6 17 7 18 7 17 7 17 6 17 6 18 6 17 6 17 0 0 8 16 9 17 8 16 9 16 8 15 9 16 10 15 10 16 11 15 11 16 11 16 10 15 11 15 11 15 12 16 12 14 13 16 12 15 14 14 13 14 13 16 14 14 13 16 13 15 12 15 13 14 0 0 0 0 0 0 0 0 0 0 ]
748,1782983895.722232,17.7441,-66,CSI_DATA,AP,98:F4:AB:29:67:94,-66,11,1,6,1,1,1,1,0,0,0,-96,1,6,1,95178342,0,84,0,0,95.5613,384,[84 -64 4 0 0 0 0 0 0 0 0 0 -7 16 -7 15 -9 15 -9 15 -9 16 -10 15 -10 14 -11 14 -11 14 -12 14 -11 15 -11 14 -12 14 -12 13 -12 12 -13 14 -12 13 -11 13 -12 12 -12 11 -13 12 -13 12 -11 12 -12 12 -12 13 -11 13 0 0 -11 12 -11 13 -10 13 -10 14 -11 12 -10 13 -11 13 -11 13 -10 13 -10 14 -10 15 -9 14 -9 14 -9 15 -9 15 -9 15 -10 15 -9 15 -9 16 -9 16 -9 16 -9 15 -9 16 -8 16 -7 16 -8 16 0 0 0 0 0 0 0 0 0 0 ]
749,1782983895.809744,17.2985,-66,CSI_DATA,AP,98:F4:AB:29:67:94,-66,11,1,6,1,1,1,1,0,0,0,-96,1,6,1,95269224,0,84,0,0,95.6522,384,[84 -64 4 0 0 0 0 0 0 0 0 0 -13 -13 -13 -12 -12 -13 -12 -14 -11 -14 -11 -15 -12 -14 -11 -15 -10 -15 -10 -15 -10 -16 -10 -16 -10 -17 -10 -16 -8 -15 -9 -17 -9 -16 -8 -16 -8 -16 -8 -15 -9 -15 -9 -16 -8 -15 -8 -16 -8 -15 -9 -15 0 0 -9 -16 -10 -15 -9 -15 -10 -14 -9 -14 -10 -15 -10 -15 -10 -14 -11 -14 -12 -14 -11 -14 -11 -14 -11 -14 -12 -13 -12 -14 -12 -15 -12 -14 -12 -14 -13 -14 -12 -13 -12 -13 -13 -13 -13 -13 -13 -14 -13 -14 -13 -13 0 0 0 0 0 0 0 0 0 0 ]
750,1782983895.899100,17.0862,-67,CSI_DATA,AP,98:F4:AB:29:67:94,-67,11,1,7,1,1,1,1,0,0,0,-96,1,6,1,95357812,0,84,0,0,95.7409,384,[84 -64 4 0 0 0 0 0 0 0 0 0 6 15 6 15 5 16 5 16 4 16 5 16 4 17 3 17 4 16 2 17 2 18 2 17 1 18 2 18 2 17 2 18 1 17 1 17 1 16 1 17 1 16 2 16 2 16 1 16 1 17 2 16 0 0 3 16 3 16 3 16 3 16 2 15 4 16 4 16 3 16 5 16 5 16 5 16 4 16 5 16 5 16 6 17 6 16 6 17 6 16 7 16 7 16 6 16 7 16 7 17 7 16 7 15 7 15 0 0 0 0 0 0 0 0 0 0 ]
751,1782983895.993112,15.4163,-67,CSI_DATA,AP,98:F4:AB:29:67:94,-67,11,1,7,1,1,1,1,0,0,0,-96,1,6,1,95447022,0,84,0,0,95.83,384,[84 -64 4 0 0 0 0 0 0 0 0 0 10 10 10 11 11 10 10 10 10 12 10 11 10 12 9 12 9 13 8 13 8 13 8 13 7 13 8 13 8 13 8 13 7 13 8 13 7 13 7 13 7 13 7 13 7 13 7 13 7 13 7 13 0 0 8 13 8 12 8 11 9 12 7 11 8 12 8 12 9 12 9 11 10 11 10 11 9 11 10 11 10 11 10 11 11 10 10 12 11 11 11 11 11 10 10 11 11 11 11 11 12 11 11 10 11 10 0 0 0 0 0 0 0 0 0 0 ]
752,1782983896.076591,15.5701,-67,CSI_DATA,AP,98:F4:AB:29:67:94,-67,11,1,7,1,1,1,1,0,0,0,-96,1,6,1,95540315,0,84,0,0,95.9233,384,[84 -64 4 0 0 0 0 0 0 0 0 0 0 -18 1 -18 1 -18 2 -19 2 -18 3 -18 3 -18 4 -17 4 -18 4 -17 5 -18 5 -19 5 -17 6 -18 5 -17 5 -18 6 -17 5 -16 6 -16 6 -16 7 -16 6 -17 6 -16 6 -16 5 -16 5 -16 0 0 6 -16 5 -18 5 -16 5 -17 5 -16 5 -16 4 -17 4 -17 4 -17 3 -18 3 -17 3 -17 3 -18 4 -17 3 -19 3 -18 3 -19 3 -18 3 -18 1 -19 3 -18 3 -17 3 -19 2 -19 2 -19 2 -19 0 0 0 0 0 0 0 0 0 0 ]
753,1782983896.164783,16.1716,-67,CSI_DATA,AP,98:F4:AB:29:67:94,-67,11,1,7,1,1,1,1,0,0,0,-96,1,6,1,95627382,0,84,0,0,96.0104,384,[84 -64 4 0 0 0 0 0 0 0 0 0 -17 5 -17 5 -18 4 -19 5 -18 2 -18 3 -18 4 -19 2 -18 2 -18 1 -19 1 -19 1 -19 1 -19 0 -18 0 -20 0 -18 0 -17 0 -17 -1 -18 0 -18 0 -17 0 -18 0 -17 0 -17 0 -17 1 0 0 -17 2 -18 2 -17 2 -17 2 -17 2 -17 2 -18 3 -17 3 -18 3 -18 3 -18 5 -17 3 -17 4 -18 4 -17 5 -17 4 -19 5 -18 5 -17 5 -18 5 -18 5 -17 5 -18 5 -18 6 -17 6 -17 5 0 0 0 0 0 0 0 0 0 0 ]
754,1782983896.252177,16.8731,-65,CSI_DATA,AP,98:F4:AB:29:67:94,-65,11,1,5,1,1,1,1,0,0,0,-96,1,6,1,95722335,0,84,0,0,96.1053,384,[84 -64 4 0 0 0 0 0 0 0 0 0 -17 9 -17 8 -18 8 -18 7 -19 8 -18 7 -18 6 -19 5 -19 6 -19 5 -20 5 -20 5 -20 4 -20 4 -19 3 -21 4 -20 3 -19 3 -19 3 -19 3 -19 3 -19 4 -18 4 -19 3 -19 3 -18 4 0 0 -18 4 -19 5 -19 5 -18 5 -18 4 -17 5 -18 5 -18 6 -18 7 -18 7 -19 7 -18 7 -18 7 -18 7 -19 8 -18 9 -19 8 -18 8 -18 8 -18 9 -18 8 -18 9 -18 9 -17 9 -18 9 -18 9 0 0 0 0 0 0 0 0 0 0 ]
755,1782983896.340946,17.2300,-66,CSI_DATA,AP,98:F4:AB:29:67:94,-66,11,1,6,1,1,1,1,0,0,0,-96,1,6,1,95810068,0,84,0,0,96.193,384,[84 -64 4 0 0 0 0 0 0 0 0 0 5 16 3 15 4 17 3 16 3 17 2 17 1 17 1 17 1 17 0 17 0 18 -1 17 -1 18 0 18 -1 18 0 18 -1 17 -1 17 -1 15 -2 16 -1 16 -2 16 -2 16 -1 16 -2 17 -1 17 0 0 0 16 1 16 1 16 1 16 0 15 1 16 0 16 0 15 2 16 3 17 3 17 2 17 3 17 3 16 4 17 4 16 4 17 4 16 4 17 4 17 3 17 4 17 4 17 5 17 5 16 5 16 0 0 0 0 0 0 0 0 0 0 ]
756,1782983896.429255,17.1460,-67,CSI_DATA,AP,98:F4:AB:29:67:94,-67,11,1,7,1,1,1,1,0,0,0,-96,1,6,1,95908209,0,84,0,0,96.2912,384,[84 -64 4 0 0 0 0 0 0 0 0 0 -18 9 -16 8 -19 8 -19 7 -20 6 -19 5 -19 6 -20 4 -19 5 -21 3 -21 4 -21 4 -21 3 -20 2 -20 3 -22 4 -19 3 -20 3 -20 2 -19 1 -19 1 -19 2 -20 3 -18 3 -20 2 -19 4 0 0 -18 4 -20 5 -19 4 -19 5 -18 3 -18 4 -18 4 -19 5 -19 6 -20 6 -19 7 -18 6 -19 6 -18 7 -20 8 -18 8 -19 8 -19 8 -20 9 -19 9 -19 9 -19 9 -19 9 -19 10 -19 9 -18 10 0 0 0 0 0 0 0 0 0 0 ]
757,1782983896.518487,17.0230,-67,CSI_DATA,AP,98:F4:AB:29:67:94,-67,11,1,7,1,1,1,1,0,0,0,-96,1,6,1,95988890,0,84,0,0,96.3719,384,[84 -64 4 0 0 0 0 0 0 0 0 0 15 6 15 6 16 7 15 8 15 8 15 9 14 9 15 9 15 9 14 10 15 11 14 10 14 11 13 11 14 10 13 11 13 11 12 11 13 11 11 11 12 11 12 11 11 10 11 10 12 11 13 10 0 0 12 10 13 11 13 10 13 10 12 10 12 10 13 11 12 10 13 10 14 10 14 9 13 10 13 10 15 10 14 10 15 9 14 9 14 9 15 9 15 9 14 10 15 9 14 9 16 9 15 9 15 9 0 0 0 0 0 0 0 0 0 0 ]
758,1782983896.607539,17.5070,-66,CSI_DATA,AP,98:F4:AB:29:67:94,-66,11,1,6,1,1,1,1,0,0,0,-96,1,6,1,96078684,0,84,0,0,96.4617,384,[84 -64 4 0 0 0 0 0 0 0 0 0 -17 1 -17 0 -18 -1 -17 -1 -19 -1 -18 -1 -18 -1 -17 -2 -18 -3 -18 -4 -18 -4 -18 -4 -19 -4 -18 -5 -17 -5 -19 -5 -18 -4 -17 -5 -16 -5 -17 -6 -16 -5 -16 -5 -17 -5 -17 -4 -17 -5 -16 -5 0 0 -16 -4 -17 -4 -17 -4 -18 -4 -15 -5 -17 -4 -17 -4 -17 -4 -17 -4 -18 -3 -18 -2 -17 -3 -17 -2 -17 -3 -18 -2 -17 -1 -19 -2 -18 -1 -18 -1 -17 -2 -19 -2 -18 -3 -19 -2 -19 -1 -19 -1 -18 -1 0 0 0 0 0 0 0 0 0 0 ]
759,1782983896.695021,18.8669,-66,CSI_DATA,AP,98:F4:AB:29:67:94,-66,11,1,6,1,1,1,1,0,0,0,-96,1,6,1,96172464,0,84,0,0,96.5555,384,[84 -64 4 0 0 0 0 0 0 0 0 0 -5 18 -5 16 -6 18 -7 18 -7 19 -7 17 -9 17 -7 18 -8 18 -11 16 -11 18 -10 17 -11 17 -10 16 -11 16 -11 18 -10 17 -10 17 -9 16 -11 15 -11 15 -10 16 -11 16 -10 15 -10 17 -11 16 0 0 -10 17 -8 17 -9 18 -9 19 -8 16 -7 16 -7 18 -6 16 -8 18 -7 18 -7 18 -7 17 -6 18 -6 18 -6 18 -5 18 -6 19 -5 19 -6 19 -5 19 -6 20 -5 19 -6 20 -4 20 -6 17 -4 18 0 0 0 0 0 0 0 0 0 0 ]
760,1782983896.787485,18.6812,-66,CSI_DATA,AP,98:F4:AB:29:67:94,-66,11,1,6,1,1,1,1,0,0,0,-96,1,6,1,96276040,0,84,0,0,96.6591,384,[84 -64 4 0 0 0 0 0 0 0 0 0 -20 6 -19 5 -20 5 -21 5 -19 4 -20 3 -21 4 -20 3 -19 2 -19 1 -21 2 -21 1 -21 -1 -22 0 -20 0 -21 0 -19 0 -21 0 -19 -1 -20 0 -19 -1 -20 -1 -20 0 -18 -1 -18 0 -20 1 0 0 -19 2 -20 2 -20 1 -20 3 -18 0 -19 0 -19 3 -19 3 -20 2 -20 4 -20 4 -19 4 -20 4 -19 4 -20 5 -20 6 -21 4 -19 5 -20 5 -20 5 -20 5 -20 5 -20 5 -20 6 -20 6 -19 6 0 0 0 0 0 0 0 0 0 0 ]
761,1782983896.874271,17.7362,-67,CSI_DATA,AP,98:F4:AB:29:67:94,-67,11,1,7,1,1,1,1,0,0,0,-96,1,6,1,96347666,0,84,0,0,96.7306,384,[84 -64 4 0 0 0 0 0 0 0 0 0 -8 14 -9 15 -10 14 -10 15 -11 14 -11 14 -11 14 -12 13 -12 14 -12 13 -13 13 -13 13 -14 13 -14 13 -13 12 -13 12 -13 12 -13 11 -13 11 -13 11 -13 12 -14 11 -13 12 -12 11 -13 11 -12 12 0 0 -12 12 -13 12 -13 12 -12 13 -11 11 -11 13 -12 13 -11 13 -11 13 -11 14 -10 14 -11 14 -11 14 -11 14 -10 14 -11 15 -11 14 -10 15 -10 15 -10 15 -10 15 -10 15 -10 16 -10 16 -9 16 -9 15 0 0 0 0 0 0 0 0 0 0 ]
762,1782983896.963596,17.6998,-66,CSI_DATA,AP,98:F4:AB:29:67:94,-66,11,1,6,1,1,1,1,0,0,0,-96,1,6,1,96442081,0,84,0,0,96.825,384,[84 -64 4 0 0 0 0 0 0 0 0 0 3 17 2 16 1 17 1 17 0 16 0 17 0 17 -1 17 -1 18 -2 17 -2 18 -3 17 -3 17 -3 17 -3 16 -3 18 -4 17 -4 16 -4 16 -4 16 -4 16 -4 16 -4 16 -3 16 -4 17 -3 17 0 0 -3 16 -2 17 -3 17 -2 16 -3 16 -2 16 -2 16 -2 16 -1 16 -1 16 -1 17 -1 16 -1 17 0 17 -1 17 1 17 0 17 0 17 0 18 0 17 0 18 1 17 0 17 1 17 1 17 2 18 0 0 0 0 0 0 0 0 0 0 ]
763,1782983897.057983,17.7268,-67,CSI_DATA,AP,98:F4:AB:29:67:94,-67,11,1,7,1,1,1,1,0,0,0,-96,1,6,1,96530668,0,84,0,0,96.9137,384,[84 -64 4 0 0 0 0 0 0 0 0 0 3 -18 3 -17 4 -18 5 -17 5 -18 5 -17 6 -18 6 -17 7 -18 8 -17 8 -17 7 -17 8 -16 8 -17 8 -16 8 -18 7 -16 8 -17 7 -15 8 -16 8 -15 8 -16 8 -15 8 -15 8 -16 8 -15 0 0 7 -16 7 -17 6 -15 6 -17 6 -15 6 -16 6 -17 6 -17 4 -17 4 -18 5 -18 5 -17 5 -17 4 -17 3 -19 4 -18 4 -19 3 -18 4 -18 3 -19 3 -18 3 -19 3 -18 3 -18 3 -19 3 -18 0 0 0 0 0 0 0 0 0 0 ]
764,1782983897.145759,17.5985,-67,CSI_DATA,AP,98:F4:AB:29:67:94,-67,11,1,7,1,1,1,1,0,0,0,-96,1,6,1,96626214,0,84,0,0,97.0092,384,[84 -64 4 0 0 0 0 0 0 0 0 0 -8 15 -9 15 -9 17 -9 15 -11 15 -11 14 -12 14 -12 14 -12 14 -12 13 -12 14 -12 14 -13 12 -13 13 -14 12 -13 13 -12 12 -13 12 -12 12 -13 10 -13 12 -13 11 -12 11 -12 12 -12 11 -12 13 0 0 -12 12 -12 13 -11 12 -12 14 -11 12 -11 13 -10 12 -12 13 -11 14 -10 14 -10 15 -10 14 -10 14 -10 14 -10 15 -9 15 -10 15 -10 15 -10 16 -9 15 -10 16 -10 15 -10 15 -9 16 -9 16 -9 16 0 0 0 0 0 0 0 0 0 0 ]
765,1782983897.235393,17.8144,-67,CSI_DATA,AP,98:F4:AB:29:67:94,-67,11,1,7,1,1,1,1,0,0,0,-96,1,6,1,96707425,0,84,0,0,97.0904,384,[84 -64 4 0 0 0 0 0 0 0 0 0 -18 3 -18 2 -17 0 -18 1 -18 0 -18 0 -18 0 -18 -1 -18 -2 -18 -3 -18 -2 -20 -3 -19 -3 -18 -4 -18 -2 -18 -4 -18 -3 -18 -3 -17 -4 -17 -3 -17 -3 -18 -3 -16 -3 -17 -3 -18 -3 -17 -2 0 0 -17 -2 -18 -2 -17 -2 -18 -1 -17 -2 -17 -1 -17 -1 -17 0 -18 0 -18 0 -19 1 -18 1 -17 0 -18 1 -18 2 -19 1 -20 0 -19 2 -19 3 -19 3 -19 3 -17 2 -19 3 -19 3 -18 3 -20 3 0 0 0 0 0 0 0 0 0 0 ]
766,1782983897.323345,18.3136,-67,CSI_DATA,AP,98:F4:AB:29:67:94,-67,11,1,7,1,1,1,1,0,0,0,-96,1,6,1,96798771,0,84,0,0,97.1818,384,[84 -64 4 0 0 0 0 0 0 0 0 0 -5 18 -4 20 -6 19 -7 18 -8 19 -6 18 -7 19 -8 18 -7 19 -9 18 -9 18 -10 17 -10 17 -9 18 -10 17 -10 19 -10 17 -10 18 -10 16 -10 17 -10 16 -9 17 -10 16 -11 16 -10 16 -10 17 0 0 -8 17 -9 18 -8 17 -8 18 -8 16 -7 17 -7 18 -7 18 -7 19 -7 19 -5 19 -7 19 -6 18 -5 18 -7 19 -5 19 -6 20 -6 19 -5 20 -5 20 -6 19 -5 19 -5 20 -6 20 -6 20 -5 19 0 0 0 0 0 0 0 0 0 0 ]
767,1782983897.411122,17.6048,-67,CSI_DATA,AP,98:F4:AB:29:67:94,-67,11,1,7,1,1,1,1,0,0,0,-96,1,6,1,96889638,0,84,0,0,97.2726,384,[84 -64 4 0 0 0 0 0 0 0 0 0 3 -16 3 -15 3 -16 4 -16 4 -16 5 -15 5 -16 5 -15 6 -16 7 -15 7 -16 7 -15 6 -14 8 -16 7 -14 7 -15 7 -15 7 -14 7 -14 8 -13 8 -13 7 -15 7 -14 8 -13 8 -15 7 -14 0 0 6 -13 6 -14 6 -14 6 -16 5 -14 5 -14 8 -15 6 -14 6 -16 6 -15 5 -15 5 -15 5 -15 6 -15 6 -15 4 -16 5 -17 5 -15 5 -15 4 -16 5 -15 5 -16 5 -16 5 -16 5 -16 5 -15 0 0 0 0 0 0 0 0 0 0 ]
768,1782983897.500669,17.4260,-66,CSI_DATA,AP,98:F4:AB:29:67:94,-66,11,1,6,1,1,1,1,0,0,0,-96,1,6,1,96989334,0,84,0,0,97.3723,384,[84 -64 4 0 0 0 0 0 0 0 0 0 -4 -17 -3 -17 -3 -18 -3 -18 -2 -19 -1 -18 -2 -18 -2 -17 -1 -18 0 -18 0 -18 1 -18 1 -19 1 -19 1 -18 1 -19 1 -18 1 -18 2 -17 1 -18 1 -17 1 -18 2 -18 1 -17 1 -17 1 -17 0 0 0 -16 0 -18 0 -17 -1 -17 0 -17 -1 -18 -1 -18 -1 -18 -2 -18 -3 -18 -2 -17 -3 -18 -2 -18 -3 -17 -4 -19 -4 -18 -3 -19 -3 -19 -4 -19 -4 -18 -3 -19 -3 -19 -4 -18 -4 -19 -4 -18 -4 -17 0 0 0 0 0 0 0 0 0 0 ]
769,1782983897.588959,16.8564,-67,CSI_DATA,AP,98:F4:AB:29:67:94,-67,11,1,7,1,1,1,1,0,0,0,-96,1,6,1,97067885,0,84,0,0,97.4508,384,[84 -64 4 0 0 0 0 0 0 0 0 0 15 8 14 9 15 9 14 10 14 10 13 11 13 11 13 11 13 11 12 12 12 13 12 12 12 13 12 13 11 12 12 14 11 13 11 13 11 13 11 12 10 12 11 12 11 12 11 12 11 12 12 11 0 0 12 12 12 12 11 12 13 11 12 11 12 11 13 10 13 11 13 10 14 10 14 10 14 10 14 10 14 10 14 10 15 9 15 10 15 9 15 10 15 9 15 9 14 10 16 10 15 10 15 9 15 9 0 0 0 0 0 0 0 0 0 0 ]
770,1782983897.675477,16.5302,-67,CSI_DATA,AP,98:F4:AB:29:67:94,-67,11,1,7,1,1,1,1,0,0,0,-96,1,6,1,97158454,0,84,0,0,97.5415,384,[84 -64 4 0 0 0 0 0 0 0 0 0 6 16 5 16 4 16 4 17 4 17 2 17 4 17 3 17 2 17 1 17 0 18 1 18 0 18 0 17 0 17 1 19 0 18 1 17 0 17 1 17 1 17 1 16 0 17 0 17 -1 17 0 16 0 0 1 16 3 17 3 16 3 17 1 16 2 16 3 17 3 16 3 17 3 17 4 17 4 16 3 16 4 17 5 17 5 17 4 18 6 17 6 17 5 17 5 17 6 18 4 17 6 18 5 17 5 17 0 0 0 0 0 0 0 0 0 0 ]
