packet_idx,epoch_s,sub30_amplitude,rssi_dbm,raw_line
1,1782983929.864340,25.9615,-57,CSI_DATA,AP,98:F4:AB:29:67:94,-57,11,0,0,0,0,0,0,0,0,0,-96,0,6,1,27973578,0,28,0,0,28.3586,128,[28 -64 1 0 0 0 0 0 0 0 0 0 -21 12 -21 11 -23 12 -23 12 -24 10 -22 8 -23 8 -23 6 -25 7 -24 8 -25 8 -26 9 -26 7 -26 8 -24 6 -28 6 -25 5 -23 6 -23 4 -24 3 -23 3 -24 4 -22 5 -24 5 -25 7 -24 5 0 0 -24 7 -26 7 -25 7 -24 9 -21 7 -24 7 -24 7 -23 6 -23 10 -23 7 -25 9 -22 9 -24 12 -24 8 -25 8 -27 9 -27 11 -23 9 -26 8 -24 9 -25 8 -25 10 -25 10 -25 12 -23 12 -24 12 0 0 0 0 0 0 0 0 0 0 ]
2,1782983929.912800,23.8537,-57,CSI_DATA,AP,98:F4:AB:29:67:94,-57,11,0,0,0,0,0,0,0,0,0,-96,0,6,1,27977776,0,157,0,0,28.3915,128,[-99 -48 9 0 0 0 0 0 0 0 0 0 -20 -9 -20 -10 -21 -10 -22 -11 -20 -12 -18 -13 -19 -14 -17 -14 -18 -15 -18 -13 -20 -14 -21 -14 -20 -15 -20 -14 -18 -15 -20 -16 -18 -15 -17 -13 -16 -14 -16 -16 -15 -15 -17 -15 -15 -12 -18 -14 -20 -13 -18 -15 0 0 -19 -13 -19 -14 -21 -14 -20 -11 -18 -12 -19 -13 -19 -13 -18 -13 -20 -11 -18 -12 -22 -12 -20 -10 -23 -9 -21 -12 -21 -12 -23 -13 -23 -12 -21 -11 -21 -13 -21 -11 -21 -12 -22 -12 -21 -10 -23 -9 -22 -7 -23 -9 0 0 0 0 0 0 0 0 0 0 ]
3,1782983929.958504,22.8035,-57,CSI_DATA,AP,98:F4:AB:29:67:94,-57,11,0,0,0,0,0,0,0,0,0,-96,0,6,1,28068195,0,135,0,0,28.453,128,[-121 112 8 0 0 0 0 0 0 0 0 0 0 22 -1 21 -1 23 -1 24 -3 22 -4 21 -4 22 -5 20 -5 23 -5 21 -6 23 -5 24 -7 23 -6 23 -6 21 -7 24 -7 22 -6 20 -6 19 -7 19 -7 19 -6 21 -5 18 -7 21 -6 22 -7 21 0 0 -4 22 -5 23 -5 23 -3 23 -4 20 -4 21 -3 22 -4 20 -1 23 -5 21 -4 23 -3 21 -1 24 -3 23 -4 23 -4 25 -3 25 -3 22 -4 22 -2 22 -3 23 -2 24 -2 23 -2 24 0 23 0 24 0 0 0 0 0 0 0 0 0 0 ]
4,1782983930.469529,16.0312,-66,CSI_DATA,AP,98:F4:AB:29:67:94,-66,11,1,7,1,1,1,0,0,0,1,-96,0,6,1,28588255,0,390,0,0,28.973,384,[-122 -31 23 0 0 0 0 0 0 0 0 0 5 14 5 15 5 15 5 16 5 16 4 15 4 16 3 16 4 17 3 17 2 17 2 17 2 17 1 17 2 16 1 18 1 17 1 17 1 16 0 16 0 16 0 16 0 16 1 16 1 16 1 17 0 0 1 16 1 17 2 17 1 16 1 16 2 16 3 16 2 16 3 17 3 17 3 17 3 16 4 16 4 17 4 17 4 17 4 17 4 17 5 17 5 17 5 17 5 17 6 17 6 17 6 17 5 17 0 0 0 0 0 0 0 0 0 0 ]
5,1782983930.515431,18.7883,-66,CSI_DATA,AP,98:F4:AB:29:67:94,-66,11,1,7,1,1,1,0,0,0,1,-96,0,6,1,28635191,0,390,0,0,29.0197,384,[-122 -31 23 0 0 0 0 0 0 0 0 0 13 12 12 12 13 13 13 13 14 14 11 14 11 14 10 15 11 16 10 16 10 17 10 17 9 17 10 17 8 17 11 18 9 16 9 17 8 16 8 17 8 16 8 17 8 17 8 17 8 17 9 16 0 0 9 16 10 16 9 15 9 16 9 15 9 16 10 16 10 16 10 15 11 16 12 15 10 16 11 15 11 15 13 16 12 14 10 19 12 15 13 16 13 15 12 16 13 15 12 17 14 15 13 15 12 15 0 0 0 0 0 0 0 0 0 0 ]
6,1782983930.562093,16.7631,-66,CSI_DATA,AP,98:F4:AB:29:67:94,-66,11,1,7,1,1,1,0,0,0,1,-96,0,6,1,28677484,0,82,0,0,29.062,384,[82 -96 4 0 0 0 0 0 0 0 0 0 9 13 8 13 9 14 8 13 9 16 8 14 7 15 7 16 7 15 6 16 6 17 5 17 5 17 5 17 5 15 6 18 5 16 5 17 4 15 5 15 4 15 5 16 3 16 5 15 5 16 5 16 0 0 5 15 7 16 6 15 8 16 6 15 6 15 7 15 7 14 8 15 8 15 8 15 8 14 9 15 8 14 10 14 10 14 10 15 10 13 10 14 11 14 10 14 10 13 11 14 11 13 12 13 10 13 0 0 0 0 0 0 0 0 0 0 ]
7,1782983930.624442,18.3576,-66,CSI_DATA,AP,98:F4:AB:29:67:94,-66,11,1,7,1,1,1,0,0,0,1,-96,0,6,1,28729650,0,82,0,0,29.1142,384,[82 -96 4 0 0 0 0 0 0 0 0 0 -9 13 -11 13 -11 13 -12 12 -12 13 -13 11 -13 11 -14 11 -14 10 -14 11 -14 12 -15 9 -14 9 -16 9 -15 8 -18 8 -15 11 -14 9 -18 7 -16 8 -16 8 -15 9 -15 8 -15 9 -16 9 -14 9 0 0 -15 8 -15 9 -15 9 -14 10 -15 9 -14 9 -15 9 -14 10 -14 10 -15 10 -14 11 -13 10 -14 11 -15 11 -14 12 -14 11 -14 12 -14 12 -15 13 -13 12 -15 12 -14 12 -14 13 -13 13 -14 12 -12 12 0 0 0 0 0 0 0 0 0 0 ]
8,1782983930.979720,16.2788,-66,CSI_DATA,AP,98:F4:AB:29:67:94,-66,11,1,7,1,1,1,0,0,0,1,-96,0,6,1,29082721,0,82,0,0,29.4674,384,[82 -96 4 0 0 0 0 0 0 0 0 0 -8 -14 -7 -13 -7 -14 -7 -15 -7 -14 -6 -15 -6 -15 -5 -16 -4 -16 -5 -16 -5 -17 -5 -16 -4 -16 -4 -16 -3 -16 -4 -18 -2 -16 -3 -16 -2 -16 -2 -16 -2 -16 -2 -16 -3 -15 -3 -16 -3 -16 -3 -16 0 0 -3 -16 -4 -16 -4 -16 -4 -16 -3 -15 -3 -16 -3 -16 -4 -16 -4 -16 -5 -16 -5 -16 -5 -15 -5 -15 -5 -15 -5 -16 -5 -16 -5 -17 -5 -16 -5 -17 -5 -16 -5 -16 -5 -16 -6 -16 -7 -16 -6 -15 -7 -15 0 0 0 0 0 0 0 0 0 0 ]
9,1782983931.464020,17.0294,-66,CSI_DATA,AP,98:F4:AB:29:67:94,-66,11,1,7,1,1,1,0,0,0,1,-96,0,6,1,29579893,0,82,0,0,29.9645,384,[82 -96 4 0 0 0 0 0 0 0 0 0 15 6 16 7 16 7 15 7 15 7 15 8 15 10 14 9 15 10 14 9 14 9 15 11 15 10 15 11 14 11 14 12 14 12 12 11 13 11 13 11 12 11 12 11 12 10 13 10 13 11 13 10 0 0 13 10 14 9 14 10 14 9 13 9 14 9 14 10 14 8 14 8 15 7 15 7 16 7 15 7 16 8 15 7 16 7 16 8 16 7 16 7 17 6 17 7 17 6 16 6 17 5 18 5 17 5 0 0 0 0 0 0 0 0 0 0 ]
10,1782983931.619491,16.4012,-66,CSI_DATA,AP,98:F4:AB:29:67:94,-66,11,1,7,1,1,1,0,0,0,1,-96,0,6,1,29728445,0,82,0,0,30.113,384,[82 -96 4 0 0 0 0 0 0 0 0 0 16 5 15 6 16 6 16 6 15 8 15 8 15 8 15 9 15 9 15 10 15 11 15 10 15 10 14 11 14 10 14 10 14 11 13 10 13 10 13 10 13 11 13 10 12 10 13 10 13 10 14 10 0 0 13 9 14 10 14 9 14 8 13 9 14 9 15 9 15 9 14 8 15 8 16 7 15 8 15 7 15 7 16 7 16 7 17 7 16 6 17 6 16 7 17 7 17 6 18 7 17 6 16 6 16 6 0 0 0 0 0 0 0 0 0 0 ]
11,1782983931.839210,17.3386,-58,CSI_DATA,AP,98:F4:AB:29:67:94,-58,11,0,0,0,0,0,0,0,0,0,-96,0,6,1,29946091,0,82,0,0,30.3308,128,[82 -96 4 0 0 0 0 0 0 0 0 0 0 -7 0 -7 0 -8 0 -8 1 -7 1 -7 1 -7 2 -7 2 -7 1 -7 2 -7 2 -8 2 -7 2 -7 2 -7 2 -8 2 -7 1 -7 3 -7 2 -6 2 -7 3 -7 1 -6 2 -7 1 -7 2 -6 0 0 2 -7 1 -7 1 -7 0 -8 1 -7 2 -7 1 -7 1 -7 1 -7 1 -7 0 -8 0 -7 -1 -8 1 -7 0 -8 1 -8 1 -8 1 -7 1 -7 1 -7 1 -7 0 -8 1 -7 1 -9 0 -8 0 -8 0 0 0 0 0 0 0 0 0 0 ]
12,1782983931.870987,17.1846,-58,CSI_DATA,AP,98:F4:AB:29:67:94,-58,11,0,0,0,0,0,0,0,0,0,-96,0,6,1,29946755,0,82,0,0,30.3578,128,[82 -96 4 0 0 0 0 0 0 0 0 0 -8 -1 -7 -1 -8 -2 -8 -2 -7 -2 -7 -3 -7 -3 -7 -3 -7 -3 -7 -3 -7 -4 -7 -4 -7 -4 -7 -3 -6 -3 -8 -4 -7 -3 -7 -3 -6 -4 -6 -3 -6 -4 -6 -4 -6 -3 -6 -3 -7 -3 -6 -3 0 0 -7 -3 -7 -3 -7 -2 -8 -2 -6 -3 -7 -3 -7 -2 -6 -3 -7 -1 -7 -3 -8 -2 -7 -2 -8 -1 -7 -2 -8 -2 -8 -2 -8 -2 -7 -2 -8 -2 -7 -2 -7 -2 -8 -2 -7 -2 -8 -2 -7 -1 -7 -2 0 0 0 0 0 0 0 0 0 0 ]
13,1782983931.901960,16.7968,-58,CSI_DATA,AP,98:F4:AB:29:67:94,-58,11,0,0,0,0,0,0,0,0,0,-96,0,6,1,29947126,0,82,0,0,30.3978,128,[82 -96 4 0 0 0 0 0 0 0 0 0 5 4 5 3 5 4 5 3 5 4 4 4 5 4 4 4 5 4 4 5 4 5 4 5 4 6 4 5 4 5 5 5 4 5 5 4 3 4 3 5 3 5 4 5 3 4 4 4 4 5 3 5 0 0 4 5 5 5 5 4 6 4 4 4 4 4 5 4 4 4 5 3 4 4 4 4 4 4 5 4 5 4 6 4 5 4 6 5 5 4 5 4 5 3 5 4 5 4 6 4 5 4 6 3 5 3 0 0 0 0 0 0 0 0 0 0 ]
14,1782983931.949059,20.5252,-56,CSI_DATA,AP,98:F4:AB:29:67:94,-56,11,0,0,0,0,0,0,0,0,0,-96,0,6,1,30052108,0,37,0,0,30.4368,128,[37 80 2 0 0 0 0 0 0 0 0 0 -23 4 -20 4 -25 5 -23 4 -25 4 -21 1 -24 2 -22 0 -24 2 -24 0 -25 -1 -26 -1 -25 -3 -24 -2 -21 -1 -28 0 -22 -1 -24 0 -21 -1 -22 -1 -22 -1 -23 0 -22 -1 -23 -2 -24 -1 -22 -3 0 0 -22 1 -26 1 -23 2 -26 4 -20 2 -23 2 -23 3 -22 2 -23 6 -24 1 -25 2 -22 2 -24 4 -22 2 -26 4 -24 4 -28 5 -22 4 -24 4 -23 6 -24 5 -24 7 -26 5 -25 5 -24 6 -23 6 0 0 0 0 0 0 0 0 0 0 ]
15,1782983931.996031,18.3017,-57,CSI_DATA,AP,98:F4:AB:29:67:94,-57,11,0,0,0,0,0,0,0,0,0,-96,0,6,1,30104504,0,37,0,0,30.489,128,[37 80 2 0 0 0 0 0 0 0 0 0 -14 0 -14 -1 -15 -1 -16 -2 -15 -2 -14 -3 -14 -4 -14 -4 -15 -4 -14 -3 -15 -4 -16 -4 -15 -5 -15 -3 -13 -5 -16 -5 -14 -5 -13 -4 -13 -5 -13 -6 -13 -6 -13 -5 -12 -4 -14 -5 -14 -4 -14 -5 0 0 -14 -4 -15 -4 -15 -4 -15 -3 -13 -3 -14 -4 -14 -4 -14 -4 -15 -2 -13 -4 -15 -3 -14 -2 -15 -1 -14 -3 -15 -3 -16 -4 -16 -3 -14 -3 -15 -4 -14 -3 -14 -4 -15 -3 -14 -3 -15 -2 -14 -1 -15 -1 0 0 0 0 0 0 0 0 0 0 ]
16,1782983932.041961,18.2074,-66,CSI_DATA,AP,98:F4:AB:29:67:94,-66,11,1,7,1,1,1,0,0,0,1,-96,0,6,1,30111090,0,84,0,0,30.5244,384,[84 -64 4 0 0 0 0 0 0 0 0 0 -17 6 -17 5 -18 5 -17 4 -18 4 -17 3 -19 3 -18 3 -19 3 -18 1 -19 1 -19 0 -19 0 -19 0 -19 1 -20 2 -19 0 -20 0 -18 0 -18 0 -18 0 -19 0 -18 -1 -18 -1 -18 0 -18 0 0 0 -18 0 -19 1 -17 2 -18 2 -17 1 -18 1 -18 1 -18 1 -18 3 -18 3 -19 3 -18 3 -18 3 -18 3 -18 4 -18 5 -20 4 -19 4 -19 5 -19 4 -18 4 -19 5 -20 4 -18 5 -19 5 -18 6 0 0 0 0 0 0 0 0 0 0 ]
17,1782983932.088906,18.5074,-66,CSI_DATA,AP,98:F4:AB:29:67:94,-66,11,1,7,1,1,1,0,0,0,1,-96,0,6,1,30112677,0,84,0,0,30.5646,384,[84 -64 4 0 0 0 0 0 0 0 0 0 -13 -12 -12 -12 -13 -13 -12 -13 -12 -13 -10 -15 -12 -15 -10 -15 -11 -15 -9 -16 -10 -17 -10 -17 -10 -17 -10 -16 -9 -16 -10 -17 -9 -16 -9 -16 -9 -16 -10 -16 -9 -16 -8 -16 -8 -16 -9 -16 -9 -16 -9 -15 0 0 -9 -16 -11 -16 -10 -15 -11 -15 -10 -15 -11 -16 -11 -15 -11 -15 -12 -14 -12 -15 -12 -14 -12 -14 -12 -14 -12 -14 -13 -15 -13 -14 -14 -15 -13 -14 -14 -14 -14 -14 -14 -14 -15 -13 -14 -14 -15 -13 -14 -13 -14 -13 0 0 0 0 0 0 0 0 0 0 ]
18,1782983932.123143,16.4987,-66,CSI_DATA,AP,98:F4:AB:29:67:94,-66,11,1,7,1,1,1,0,0,0,1,-96,0,6,1,30135474,0,84,0,0,30.6126,384,[84 -64 4 0 0 0 0 0 0 0 0 0 13 -7 14 -5 14 -6 15 -6 15 -5 14 -4 16 -5 17 -4 16 -2 15 -3 16 -3 16 -4 17 -3 16 -2 15 -2 17 -2 16 -2 15 -2 16 -2 14 -3 16 -2 15 -2 15 -2 16 -2 15 -3 15 -2 0 0 15 -3 16 -4 15 -4 15 -5 14 -4 14 -5 14 -4 14 -4 15 -6 14 -5 15 -7 14 -6 15 -7 14 -6 16 -7 15 -8 15 -7 15 -7 14 -8 15 -8 14 -7 14 -8 14 -8 13 -10 12 -8 15 -9 0 0 0 0 0 0 0 0 0 0 ]
19,1782983932.169778,17.3104,-67,CSI_DATA,AP,98:F4:AB:29:67:94,-67,11,1,7,1,1,1,0,0,0,1,-96,0,6,1,30224459,0,84,0,0,30.6529,384,[84 -64 4 0 0 0 0 0 0 0 0 0 -10 -14 -10 -15 -9 -14 -8 -15 -8 -16 -8 -16 -7 -16 -8 -16 -7 -17 -7 -17 -7 -18 -6 -18 -6 -18 -5 -18 -6 -17 -6 -18 -5 -18 -5 -18 -5 -17 -4 -18 -5 -17 -5 -17 -5 -17 -4 -17 -5 -18 -5 -18 0 0 -6 -17 -6 -17 -6 -17 -7 -17 -6 -16 -7 -17 -7 -17 -7 -17 -8 -17 -8 -17 -8 -17 -8 -17 -8 -16 -8 -17 -8 -17 -9 -18 -9 -18 -9 -18 -10 -17 -10 -17 -9 -18 -9 -17 -10 -18 -10 -17 -10 -17 -10 -17 0 0 0 0 0 0 0 0 0 0 ]
20,1782983932.216434,17.2329,-67,CSI_DATA,AP,98:F4:AB:29:67:94,-67,11,1,7,1,1,1,0,0,0,1,-96,0,6,1,30313274,0,84,0,0,30.6999,384,[84 -64 4 0 0 0 0 0 0 0 0 0 -13 10 -13 10 -14 10 -13 9 -14 8 -14 8 -14 9 -14 8 -15 9 -15 8 -16 7 -16 7 -16 6 -16 6 -16 6 -17 7 -16 6 -16 6 -15 6 -16 6 -16 6 -16 5 -17 6 -16 5 -17 5 -16 6 0 0 -16 7 -16 7 -16 8 -16 8 -15 6 -16 7 -16 7 -15 7 -15 9 -16 8 -16 8 -16 7 -15 8 -16 8 -15 10 -15 9 -16 9 -15 9 -16 11 -15 10 -16 10 -16 10 -16 9 -16 9 -15 9 -15 10 0 0 0 0 0 0 0 0 0 0 ]
21,1782983932.289628,16.9421,-67,CSI_DATA,AP,98:F4:AB:29:67:94,-67,11,1,7,1,1,1,1,0,0,1,-96,1,6,1,30404618,0,84,0,0,30.7893,384,[84 -64 4 0 0 0 0 0 0 0 0 0 5 14 4 15 4 14 4 15 3 16 2 16 2 16 2 15 2 17 1 16 1 17 1 17 0 17 0 16 0 17 0 18 0 17 0 17 0 17 0 16 0 16 0 17 -1 16 -1 16 -1 17 0 16 0 0 0 16 1 18 1 16 1 16 0 16 1 16 1 17 0 16 2 16 2 17 2 17 1 17 2 17 3 17 3 17 2 17 3 18 2 17 3 17 3 18 3 17 2 17 3 18 4 17 3 17 4 17 0 0 0 0 0 0 0 0 0 0 ]
22,1782983932.400565,15.8036,-68,CSI_DATA,AP,98:F4:AB:29:67:94,-68,11,1,7,1,1,1,1,0,0,1,-96,1,6,1,30496129,0,84,0,0,30.8807,384,[84 -64 4 0 0 0 0 0 0 0 0 0 10 10 9 11 9 12 9 12 9 12 8 12 9 12 9 12 8 14 7 14 8 14 8 14 6 14 7 15 7 14 7 16 6 15 6 15 5 14 6 15 5 14 6 15 5 15 5 14 6 14 6 14 0 0 6 15 7 13 7 15 7 14 6 14 7 14 8 14 7 13 8 14 8 14 9 14 8 13 8 14 8 14 9 14 9 14 8 14 9 14 9 14 10 14 9 13 9 13 9 13 10 14 10 14 10 13 0 0 0 0 0 0 0 0 0 0 ]
23,1782983932.486971,15.3218,-68,CSI_DATA,AP,98:F4:AB:29:67:94,-68,11,1,7,1,1,1,1,0,0,1,-96,1,6,1,30584430,0,84,0,0,30.969,384,[84 -64 4 0 0 0 0 0 0 0 0 0 6 14 5 14 4 14 4 15 4 14 3 14 4 15 3 15 2 15 2 16 2 16 2 16 2 16 1 16 2 16 1 17 1 16 0 16 1 17 1 15 1 16 1 16 1 15 1 15 2 15 1 16 0 0 1 16 2 16 2 16 3 16 2 16 2 16 2 17 3 16 3 16 4 16 4 16 4 16 5 16 4 17 4 16 5 17 4 16 4 16 5 16 5 16 5 16 5 16 5 16 7 17 6 16 6 15 0 0 0 0 0 0 0 0 0 0 ]
24,1782983932.569243,17.8265,-68,CSI_DATA,AP,98:F4:AB:29:67:94,-68,11,1,7,1,1,1,1,0,0,1,-96,1,6,1,30675341,0,84,0,0,31.0599,384,[84 -64 4 0 0 0 0 0 0 0 0 0 -9 -16 -8 -15 -9 -17 -8 -17 -6 -17 -6 -17 -7 -17 -7 -18 -7 -17 -6 -19 -5 -19 -4 -19 -5 -19 -4 -19 -4 -18 -4 -20 -3 -18 -4 -17 -4 -18 -3 -18 -4 -18 -3 -19 -3 -18 -2 -19 -2 -19 -3 -19 0 0 -4 -19 -3 -19 -5 -18 -4 -18 -3 -17 -4 -18 -4 -18 -5 -17 -6 -19 -7 -18 -6 -17 -6 -18 -6 -18 -6 -17 -7 -18 -7 -18 -8 -18 -7 -18 -8 -18 -8 -18 -9 -18 -8 -17 -9 -18 -9 -18 -8 -18 -9 -18 0 0 0 0 0 0 0 0 0 0 ]
25,1782983932.652648,17.6533,-67,CSI_DATA,AP,98:F4:AB:29:67:94,-67,11,1,7,1,1,1,0,0,0,1,-96,0,6,1,30750737,0,82,0,0,31.1354,384,[82 -96 4 0 0 0 0 0 0 0 0 0 -14 8 -15 7 -16 7 -15 6 -16 6 -16 6 -17 6 -16 6 -17 5 -17 5 -18 5 -18 5 -18 5 -19 4 -18 5 -18 4 -18 3 -17 4 -24 4 -17 3 -17 4 -18 3 -17 4 -17 3 -18 4 -18 3 0 0 -17 4 -17 5 -18 4 -17 5 -16 4 -17 5 -17 5 -17 5 -17 5 -17 6 -17 7 -17 6 -17 7 -17 7 -17 6 -17 6 -16 7 -16 7 -16 7 -16 8 -17 9 -16 8 -16 9 -17 9 -16 8 -16 9 0 0 0 0 0 0 0 0 0 0 ]
26,1782983932.735824,18.2891,-67,CSI_DATA,AP,98:F4:AB:29:67:94,-67,11,1,7,1,1,1,1,0,0,0,-96,1,6,1,30767582,0,84,0,0,31.1667,384,[84 -64 4 0 0 0 0 0 0 0 0 0 -9 -13 -9 -13 -10 -14 -8 -15 -8 -15 -8 -15 -7 -15 -6 -17 -7 -16 -6 -16 -7 -17 -7 -17 -6 -18 -6 -18 -6 -17 -6 -18 -6 -16 -6 -17 -4 -17 -5 -17 -5 -17 -5 -18 -4 -18 -4 -17 -5 -17 -5 -17 0 0 -4 -17 -6 -17 -6 -17 -6 -17 -5 -17 -6 -17 -6 -18 -6 -17 -6 -17 -7 -17 -7 -16 -6 -16 -7 -16 -7 -16 -8 -17 -8 -17 -7 -17 -8 -16 -7 -16 -8 -16 -8 -17 -9 -16 -8 -17 -9 -16 -8 -16 -8 -16 0 0 0 0 0 0 0 0 0 0 ]
27,1782983932.821076,17.4671,-68,CSI_DATA,AP,98:F4:AB:29:67:94,-68,11,1,7,1,1,1,1,0,0,1,-96,1,6,1,30854011,0,84,0,0,31.2386,384,[84 -64 4 0 0 0 0 0 0 0 0 0 13 6 14 6 15 6 14 7 14 8 14 8 13 8 13 8 13 10 13 9 13 9 14 10 13 10 13 10 13 10 12 11 13 10 12 11 12 11 12 10 11 11 12 10 11 10 11 10 12 11 12 11 0 0 12 10 12 10 12 10 12 9 12 10 12 10 12 9 13 8 13 8 13 8 12 8 14 8 13 9 14 7 14 7 13 8 13 8 14 7 14 7 14 6 14 7 14 7 14 7 14 6 15 6 14 6 0 0 0 0 0 0 0 0 0 0 ]
28,1782983932.907492,17.8643,-68,CSI_DATA,AP,98:F4:AB:29:67:94,-68,11,1,7,1,1,1,1,0,0,1,-96,1,6,1,30945227,0,84,0,0,31.3299,384,[84 -64 4 0 0 0 0 0 0 0 0 0 -18 -1 -18 -3 -19 -3 -18 -2 -19 -3 -18 -4 -18 -4 -18 -5 -19 -4 -19 -6 -19 -6 -19 -6 -19 -6 -18 -7 -19 -7 -19 -8 -17 -7 -18 -8 -17 -7 -18 -7 -17 -7 -18 -7 -17 -7 -17 -8 -17 -7 -18 -7 0 0 -18 -7 -18 -7 -18 -7 -18 -6 -16 -6 -18 -7 -17 -5 -18 -5 -18 -5 -19 -4 -19 -4 -18 -5 -18 -4 -18 -5 -20 -4 -19 -4 -19 -3 -19 -3 -19 -4 -19 -3 -20 -3 -19 -3 -20 -4 -19 -3 -19 -3 -20 -2 0 0 0 0 0 0 0 0 0 0 ]
29,1782983932.991504,18.1206,-67,CSI_DATA,AP,98:F4:AB:29:67:94,-67,11,1,6,1,1,1,1,0,0,0,-96,1,6,1,31034737,0,84,0,0,31.4192,384,[84 -64 4 0 0 0 0 0 0 0 0 0 -4 15 -3 15 -5 16 -4 16 -6 16 -5 16 -6 16 -7 15 -6 17 -9 16 -9 16 -9 16 -8 16 -9 16 -8 15 -9 16 -9 15 -9 15 -9 14 -9 15 -9 15 -8 15 -9 15 -9 14 -9 15 -8 15 0 0 -8 15 -8 16 -8 16 -8 16 -8 15 -6 15 -6 16 -7 16 -6 15 -6 16 -6 16 -6 16 -6 17 -5 17 -5 17 -5 17 -5 18 -4 17 -5 18 -4 18 -4 18 -4 17 -5 18 -5 18 -5 17 -5 17 0 0 0 0 0 0 0 0 0 0 ]
30,1782983933.076052,18.6241,-68,CSI_DATA,AP,98:F4:AB:29:67:94,-68,11,1,7,1,1,1,1,0,0,0,-96,1,6,1,31124440,0,84,0,0,31.5091,384,[84 -64 4 0 0 0 0 0 0 0 0 0 -16 6 -17 5 -18 5 -17 4 -18 5 -17 3 -19 3 -19 3 -19 3 -20 2 -20 2 -20 2 -19 1 -20 1 -19 0 -21 1 -19 2 -19 0 -18 0 -20 0 -19 -1 -20 0 -19 0 -19 0 -19 1 -20 1 0 0 -19 1 -19 2 -20 0 -19 1 -19 0 -19 1 -19 2 -19 2 -19 2 -19 3 -20 3 -19 3 -19 3 -19 3 -19 3 -20 5 -21 3 -20 4 -19 4 -19 4 -20 4 -19 4 -20 5 -20 6 -20 5 -19 5 0 0 0 0 0 0 0 0 0 0 ]
31,1782983933.159423,17.0822,-67,CSI_DATA,AP,98:F4:AB:29:67:94,-67,11,1,7,1,1,1,1,0,0,0,-96,1,6,1,31215960,0,84,0,0,31.6006,384,[84 -64 4 0 0 0 0 0 0 0 0 0 5 14 5 16 4 16 3 15 4 16 4 16 3 17 4 16 3 17 3 16 2 18 2 17 1 17 2 17 2 16 1 18 1 17 1 17 1 18 1 16 0 16 1 17 1 17 1 16 1 16 1 17 0 0 2 17 3 18 2 17 3 17 2 16 3 17 3 17 3 16 3 17 4 17 4 17 5 16 5 17 5 17 4 17 6 17 6 18 5 16 6 17 6 16 6 17 7 17 7 16 7 17 6 16 7 16 0 0 0 0 0 0 0 0 0 0 ]
32,1782983933.244991,16.5330,-67,CSI_DATA,AP,98:F4:AB:29:67:94,-67,11,1,7,1,1,1,1,0,0,0,-96,1,6,1,31313209,0,84,0,0,31.6978,384,[84 -64 4 0 0 0 0 0 0 0 0 0 -13 -8 -13 -8 -13 -9 -13 -10 -12 -10 -13 -10 -13 -12 -12 -11 -12 -11 -12 -12 -13 -13 -12 -13 -11 -13 -11 -13 -11 -13 -12 -13 -11 -12 -11 -12 -12 -12 -11 -13 -11 -13 -10 -13 -10 -12 -11 -13 -11 -13 -11 -13 0 0 -11 -12 -12 -11 -12 -12 -12 -11 -12 -11 -13 -12 -13 -12 -12 -11 -13 -11 -13 -11 -14 -11 -13 -10 -13 -11 -13 -11 -14 -11 -15 -10 -14 -11 -14 -11 -14 -10 -14 -10 -15 -10 -15 -10 -14 -10 -15 -10 -14 -9 -15 -10 0 0 0 0 0 0 0 0 0 0 ]
33,1782983933.329999,17.9487,-67,CSI_DATA,AP,98:F4:AB:29:67:94,-67,11,1,7,1,1,1,1,0,0,0,-96,1,6,1,31398249,0,84,0,0,31.7829,384,[84 -64 4 0 0 0 0 0 0 0 0 0 -2 -17 -1 -18 -1 -19 -1 -18 -1 -18 0 -18 1 -19 2 -18 2 -19 3 -18 3 -19 2 -18 3 -19 3 -19 3 -19 3 -20 4 -18 3 -18 4 -18 4 -18 4 -19 3 -18 3 -18 4 -18 4 -19 3 -19 0 0 3 -19 2 -19 2 -19 2 -19 2 -18 1 -19 2 -19 1 -18 2 -20 1 -19 0 -20 2 -18 0 -19 1 -19 0 -20 0 -20 0 -20 0 -20 0 -21 -1 -20 0 -20 0 -20 0 -20 -1 -20 -2 -20 -1 -21 0 0 0 0 0 0 0 0 0 0 ]
34,1782983933.414994,17.9719,-66,CSI_DATA,AP,98:F4:AB:29:67:94,-66,11,1,6,1,1,1,1,0,0,0,-96,1,6,1,31486986,0,84,0,0,31.8715,384,[84 -64 4 0 0 0 0 0 0 0 0 0 16 0 16 1 17 2 16 2 17 2 17 3 17 4 16 4 16 4 17 5 18 5 17 6 17 5 17 6 17 5 18 5 17 5 16 6 16 6 16 5 16 6 16 5 17 6 17 5 16 6 17 5 0 0 17 5 18 5 17 4 18 3 16 4 17 4 17 4 17 4 17 3 18 2 18 3 17 3 18 3 18 3 18 1 18 1 19 2 19 2 19 1 19 0 19 1 19 0 20 1 19 0 19 1 19 0 0 0 0 0 0 0 0 0 0 0 ]
35,1782983933.497830,18.2169,-67,CSI_DATA,AP,98:F4:AB:29:67:94,-67,11,1,7,1,1,1,1,0,0,0,-96,1,6,1,31575709,0,84,0,0,31.9603,384,[84 -64 4 0 0 0 0 0 0 0 0 0 4 -17 4 -17 5 -17 5 -16 6 -17 6 -16 7 -16 7 -17 7 -17 7 -17 9 -17 8 -17 8 -17 9 -16 9 -16 9 -17 9 -16 10 -15 9 -15 10 -15 11 -15 10 -16 9 -16 9 -15 9 -16 8 -16 0 0 9 -16 10 -16 8 -16 8 -17 8 -15 8 -17 9 -16 8 -16 8 -18 7 -18 7 -18 8 -17 8 -18 7 -18 7 -18 7 -19 8 -19 6 -18 8 -19 7 -19 7 -19 7 -19 6 -19 6 -20 6 -19 7 -19 0 0 0 0 0 0 0 0 0 0 ]
36,1782983933.582217,18.5969,-67,CSI_DATA,AP,98:F4:AB:29:67:94,-67,11,1,7,1,1,1,1,0,0,0,-96,1,6,1,31670186,0,84,0,0,32.0548,384,[84 -64 4 0 0 0 0 0 0 0 0 0 -3 16 -4 16 -5 16 -5 17 -6 16 -6 16 -6 15 -6 16 -8 16 -6 15 -8 16 -8 17 -8 16 -8 16 -8 15 -9 16 -10 15 -9 15 -9 15 -9 14 -9 14 -10 15 -9 15 -9 15 -10 16 -9 16 0 0 -10 16 -9 15 -9 15 -8 15 -9 15 -9 16 -10 15 -9 15 -9 17 -8 17 -8 16 -8 16 -8 16 -9 17 -9 16 -8 17 -9 17 -9 17 -9 18 -7 18 -8 18 -8 17 -8 18 -8 18 -8 18 -7 18 0 0 0 0 0 0 0 0 0 0 ]
37,1782983933.666440,17.8560,-67,CSI_DATA,AP,98:F4:AB:29:67:94,-67,11,1,7,1,1,1,0,0,0,0,-96,0,6,1,31727977,0,82,0,0,32.1125,384,[82 -96 4 0 0 0 0 0 0 0 0 0 14 5 13 7 15 6 14 8 14 7 14 8 15 9 13 9 14 8 15 9 14 10 14 9 14 11 14 11 13 9 15 10 14 10 14 11 13 10 14 10 13 10 13 10 14 10 14 10 14 10 14 10 0 0 14 10 16 10 14 9 15 9 14 9 15 9 16 9 15 9 16 9 16 9 16 8 16 8 16 8 16 8 17 7 16 6 19 8 17 7 18 7 17 6 18 7 18 6 19 7 18 7 18 7 17 7 0 0 0 0 0 0 0 0 0 0 ]
38,1782983933.748439,18.3562,-66,CSI_DATA,AP,98:F4:AB:29:67:94,-66,11,1,6,1,1,1,1,0,0,0,-96,1,6,1,31755457,0,84,0,0,32.1406,384,[84 -64 4 0 0 0 0 0 0 0 0 0 -15 -8 -14 -9 -16 -9 -14 -8 -15 -10 -13 -10 -14 -11 -14 -11 -14 -11 -13 -13 -14 -13 -14 -13 -13 -13 -13 -13 -13 -12 -15 -13 -13 -12 -13 -13 -12 -12 -13 -12 -12 -13 -13 -13 -13 -14 -12 -13 -12 -14 -13 -13 0 0 -13 -13 -14 -13 -13 -12 -15 -12 -13 -12 -14 -12 -14 -13 -15 -12 -14 -11 -15 -12 -15 -12 -14 -12 -15 -12 -15 -11 -17 -11 -16 -10 -17 -13 -15 -11 -16 -11 -16 -11 -16 -11 -17 -10 -16 -13 -17 -11 -17 -11 -16 -11 0 0 0 0 0 0 0 0 0 0 ]
39,1782983933.833957,17.6232,-66,CSI_DATA,AP,98:F4:AB:29:67:94,-66,11,1,6,1,1,1,1,0,0,0,-96,1,6,1,31844007,0,84,0,0,32.2286,384,[84 -64 4 0 0 0 0 0 0 0 0 0 9 11 10 11 9 12 10 13 9 13 9 14 9 14 8 14 8 15 8 14 8 15 8 15 7 15 9 15 7 15 7 17 7 15 7 15 6 16 6 16 6 15 6 16 5 16 7 15 6 16 7 16 0 0 7 15 7 15 7 15 7 15 7 16 7 15 6 16 8 15 8 15 8 15 9 15 8 14 9 15 9 15 9 15 9 15 10 15 9 16 9 15 10 15 9 16 10 16 10 16 11 15 10 16 10 15 0 0 0 0 0 0 0 0 0 0 ]
40,1782983933.916995,17.4436,-66,CSI_DATA,AP,98:F4:AB:29:67:94,-66,11,1,6,1,1,1,1,0,0,0,-96,1,6,1,31935850,0,84,0,0,32.3205,384,[84 -64 4 0 0 0 0 0 0 0 0 0 12 -10 13 -10 14 -10 13 -9 14 -10 14 -9 14 -9 14 -8 15 -8 15 -8 16 -8 15 -8 16 -8 16 -7 15 -7 17 -8 16 -7 16 -6 15 -6 16 -7 16 -6 16 -6 16 -6 16 -6 16 -7 16 -7 0 0 16 -8 16 -8 15 -8 15 -8 15 -7 16 -8 16 -8 15 -8 15 -8 15 -9 15 -10 15 -9 14 -9 15 -10 15 -10 15 -10 16 -10 15 -11 15 -10 14 -11 15 -11 15 -11 15 -11 15 -12 14 -11 14 -12 0 0 0 0 0 0 0 0 0 0 ]
41,1782983934.001692,17.3052,-66,CSI_DATA,AP,98:F4:AB:29:67:94,-66,11,1,6,1,1,1,1,0,0,0,-96,1,6,1,32023383,0,84,0,0,32.408,384,[84 -64 4 0 0 0 0 0 0 0 0 0 -13 9 -13 9 -14 9 -14 9 -14 9 -14 9 -15 8 -15 8 -15 8 -16 7 -17 8 -16 8 -16 7 -16 7 -16 7 -18 6 -17 6 -17 7 -16 6 -16 5 -16 5 -17 6 -17 5 -17 6 -17 6 -16 6 0 0 -16 7 -17 8 -16 6 -16 7 -16 6 -16 7 -17 7 -15 7 -16 8 -16 8 -16 9 -16 8 -15 8 -16 8 -16 9 -15 9 -16 9 -15 10 -16 9 -16 10 -16 9 -15 9 -16 10 -15 11 -15 10 -14 10 0 0 0 0 0 0 0 0 0 0 ]
42,1782983934.087695,18.0548,-65,CSI_DATA,AP,98:F4:AB:29:67:94,-65,11,1,5,1,1,1,1,0,0,0,-96,1,6,1,32123503,0,84,0,0,32.5081,384,[84 -64 4 0 0 0 0 0 0 0 0 0 14 8 13 9 14 10 15 11 14 11 14 12 13 12 14 12 13 13 13 13 14 13 13 14 13 15 13 15 13 15 13 16 12 15 11 15 11 15 11 15 11 15 11 14 10 15 10 14 11 15 12 14 0 0 11 15 11 14 12 15 11 14 11 15 12 13 12 14 12 14 13 14 12 13 13 14 12 13 13 14 13 14 13 13 14 14 14 13 14 13 15 13 14 12 14 14 14 13 15 13 15 13 14 13 15 12 0 0 0 0 0 0 0 0 0 0 ]
43,1782983934.170090,17.2443,-68,CSI_DATA,AP,98:F4:AB:29:67:94,-68,11,1,7,1,1,1,1,0,0,0,-96,1,6,1,32203574,0,84,0,0,32.5882,384,[84 -64 4 0 0 0 0 0 0 0 0 0 0 -16 1 -15 1 -17 2 -16 2 -17 2 -15 3 -16 4 -17 4 -16 4 -17 5 -17 5 -17 5 -16 5 -16 6 -16 6 -17 6 -16 6 -16 6 -16 7 -16 7 -15 7 -16 5 -15 6 -16 6 -15 6 -16 0 0 6 -16 6 -16 5 -16 5 -17 6 -15 6 -17 6 -16 5 -16 6 -16 4 -17 4 -17 4 -17 4 -17 3 -17 4 -18 4 -18 4 -17 2 -17 4 -18 3 -18 3 -18 3 -18 3 -17 2 -18 2 -18 2 -18 0 0 0 0 0 0 0 0 0 0 ]
44,1782983934.257482,17.6442,-67,CSI_DATA,AP,98:F4:AB:29:67:94,-67,11,1,7,1,1,1,1,0,0,0,-96,1,6,1,32293871,0,84,0,0,32.6785,384,[84 -64 4 0 0 0 0 0 0 0 0 0 -14 -8 -14 -9 -13 -10 -13 -10 -14 -11 -12 -11 -13 -12 -13 -12 -12 -12 -12 -13 -13 -13 -13 -14 -12 -13 -12 -14 -11 -14 -12 -15 -11 -15 -10 -13 -11 -14 -11 -13 -10 -14 -10 -14 -11 -14 -11 -13 -12 -14 -12 -14 0 0 -11 -13 -12 -13 -12 -14 -12 -13 -11 -13 -12 -13 -11 -13 -12 -13 -12 -12 -12 -13 -13 -13 -12 -12 -13 -12 -13 -13 -13 -13 -14 -12 -14 -12 -14 -12 -14 -12 -14 -11 -14 -12 -15 -12 -14 -12 -14 -12 -14 -12 -15 -12 0 0 0 0 0 0 0 0 0 0 ]
45,1782983934.345030,17.4522,-67,CSI_DATA,AP,98:F4:AB:29:67:94,-67,11,1,7,1,1,1,1,0,0,0,-96,1,6,1,32386960,0,84,0,0,32.7716,384,[84 -64 4 0 0 0 0 0 0 0 0 0 13 -6 15 -5 14 -5 15 -4 15 -4 16 -3 16 -5 15 -2 17 -2 16 -3 16 -2 17 -2 17 -1 18 -1 16 -1 17 -1 17 0 16 0 17 -1 17 0 15 0 16 -1 15 0 17 0 17 0 16 -1 0 0 16 -1 16 -1 17 -1 15 -1 15 -1 17 -2 17 -2 16 -2 17 -2 16 -3 16 -4 15 -3 16 -3 17 -3 17 -4 17 -4 17 -4 17 -4 17 -4 17 -5 18 -5 17 -4 17 -5 18 -6 16 -4 17 -5 0 0 0 0 0 0 0 0 0 0 ]
46,1782983934.429853,17.6213,-66,CSI_DATA,AP,98:F4:AB:29:67:94,-66,11,1,6,1,1,1,1,0,0,0,-96,1,6,1,32491678,0,84,0,0,32.8762,384,[84 -64 4 0 0 0 0 0 0 0 0 0 10 13 9 14 9 14 9 15 9 15 8 15 8 16 7 16 8 17 6 16 7 18 6 17 6 17 6 17 6 17 5 19 5 17 6 17 5 17 5 17 5 17 6 17 5 16 5 17 5 17 4 17 0 0 5 17 6 17 6 16 7 16 5 16 6 16 7 17 7 16 8 16 9 16 8 17 9 15 8 16 9 17 9 16 10 16 9 16 10 16 10 17 10 16 9 17 11 16 11 17 11 17 11 16 11 16 0 0 0 0 0 0 0 0 0 0 ]
47,1782983934.515533,17.7230,-65,CSI_DATA,AP,98:F4:AB:29:67:94,-65,11,1,5,1,1,1,1,0,0,0,-96,1,6,1,32566972,0,84,0,0,32.9515,384,[84 -64 4 0 0 0 0 0 0 0 0 0 6 15 5 16 5 16 5 16 5 16 3 17 3 17 2 18 2 19 1 18 1 19 1 19 0 18 1 19 1 18 1 19 1 18 1 18 1 18 0 18 -1 18 0 18 -1 18 0 17 0 18 1 17 0 0 0 18 2 19 0 18 2 18 1 17 2 18 1 18 2 17 3 18 3 19 4 18 3 17 3 18 3 18 4 17 5 18 5 19 5 18 5 19 6 18 4 18 5 18 5 19 6 18 5 19 6 18 0 0 0 0 0 0 0 0 0 0 ]
48,1782983934.599050,18.6573,-66,CSI_DATA,AP,98:F4:AB:29:67:94,-66,11,1,6,1,1,1,1,0,0,0,-96,1,6,1,32654840,0,84,0,0,33.0395,384,[84 -64 4 0 0 0 0 0 0 0 0 0 -17 4 -17 4 -18 3 -18 2 -19 3 -18 2 -19 1 -18 1 -19 1 -19 1 -19 0 -19 1 -20 -1 -20 -1 -19 -1 -21 -1 -20 -1 -19 -1 -18 -3 -18 -1 -19 -2 -20 -2 -18 -2 -19 -2 -19 -2 -19 -1 0 0 -19 -1 -19 -1 -20 -1 -19 0 -18 -1 -18 0 -19 -1 -19 0 -19 1 -20 0 -20 1 -19 0 -19 1 -20 1 -19 2 -20 2 -20 2 -20 2 -20 2 -19 2 -20 2 -20 2 -20 3 -20 3 -20 2 -20 3 0 0 0 0 0 0 0 0 0 0 ]
49,1782983934.684041,17.8358,-66,CSI_DATA,AP,98:F4:AB:29:67:94,-66,11,1,5,1,1,1,1,0,0,0,-96,1,6,1,32746812,0,84,0,0,33.1314,384,[84 -64 4 0 0 0 0 0 0 0 0 0 14 7 14 8 14 8 15 9 15 10 14 10 14 10 13 11 14 12 13 12 14 11 13 12 13 13 13 13 12 13 13 14 12 13 11 13 12 13 11 13 11 13 11 13 11 13 11 13 11 13 12 13 0 0 12 13 12 12 12 13 12 12 12 12 13 12 13 13 13 12 13 12 13 11 14 12 13 12 14 12 14 12 14 11 15 11 15 11 14 11 15 11 15 11 15 11 15 12 14 10 16 11 15 11 16 10 0 0 0 0 0 0 0 0 0 0 ]
50,1782983934.767972,17.8321,-67,CSI_DATA,AP,98:F4:AB:29:67:94,-67,11,1,6,1,1,1,1,0,0,0,-96,1,6,1,32837103,0,84,0,0,33.2218,384,[84 -64 4 0 0 0 0 0 0 0 0 0 13 -11 13 -10 14 -11 14 -9 15 -10 14 -10 14 -10 16 -9 16 -9 17 -8 17 -8 17 -8 17 -8 18 -7 16 -7 18 -7 16 -7 17 -7 17 -7 17 -7 16 -6 16 -6 17 -6 17 -6 17 -5 16 -7 0 0 16 -7 17 -7 16 -7 16 -8 16 -6 16 -7 15 -7 16 -8 16 -9 16 -8 16 -9 16 -8 16 -8 15 -9 16 -10 16 -11 17 -10 16 -10 16 -10 15 -11 16 -11 16 -11 17 -11 16 -12 15 -11 15 -12 0 0 0 0 0 0 0 0 0 0 ]
51,1782983934.853813,17.8305,-67,CSI_DATA,AP,98:F4:AB:29:67:94,-67,11,1,6,1,1,1,1,0,0,0,-96,1,6,1,32925741,0,84,0,0,33.3104,384,[84 -64 4 0 0 0 0 0 0 0 0 0 -9 -13 -9 -13 -9 -13 -9 -14 -8 -14 -8 -15 -8 -15 -7 -15 -7 -16 -6 -16 -7 -17 -6 -17 -6 -16 -6 -17 -6 -16 -5 -17 -6 -17 -5 -16 -5 -16 -4 -16 -4 -17 -5 -16 -4 -17 -5 -16 -5 -17 -5 -17 0 0 -5 -17 -6 -16 -6 -16 -6 -16 -5 -16 -6 -16 -5 -16 -6 -16 -5 -16 -7 -16 -7 -16 -7 -15 -7 -15 -7 -15 -8 -16 -8 -15 -7 -16 -8 -16 -9 -16 -8 -16 -8 -16 -8 -15 -9 -17 -9 -16 -9 -16 -9 -15 0 0 0 0 0 0 0 0 0 0 ]
52,1782983934.939433,17.3838,-67,CSI_DATA,AP,98:F4:AB:29:67:94,-67,11,1,6,1,1,1,1,0,0,0,-96,1,6,1,33015890,0,84,0,0,33.4005,384,[84 -64 4 0 0 0 0 0 0 0 0 0 -4 -15 -2 -16 -2 -17 -2 -17 -1 -17 -1 -17 0 -17 -1 -17 1 -17 1 -18 0 -17 1 -17 1 -18 1 -18 1 -17 3 -18 2 -17 3 -17 2 -17 3 -17 2 -17 3 -18 3 -17 2 -16 2 -17 2 -18 0 0 2 -17 2 -17 2 -16 2 -17 1 -16 1 -17 1 -17 0 -16 1 -17 0 -17 -1 -17 -1 -16 0 -16 -1 -17 -1 -17 -1 -18 -1 -18 -2 -18 -2 -18 -2 -17 -2 -18 -2 -18 -2 -18 -3 -18 -2 -17 -3 -18 0 0 0 0 0 0 0 0 0 0 ]
53,1782983935.024504,17.0859,-64,CSI_DATA,AP,98:F4:AB:29:67:94,-64,11,1,4,1,1,1,1,0,0,0,-96,1,6,1,33107049,0,84,0,0,33.4916,384,[84 -64 4 0 0 0 0 0 0 0 0 0 -3 15 -3 16 -4 16 -4 16 -4 16 -5 16 -7 16 -6 16 -6 16 -6 16 -7 16 -7 17 -8 16 -8 16 -8 16 -9 16 -8 16 -9 15 -8 15 -8 15 -9 15 -10 15 -8 14 -8 15 -9 15 -9 16 0 0 -8 15 -8 16 -9 15 -7 15 -7 15 -8 15 -8 15 -7 15 -6 16 -6 16 -6 16 -5 16 -6 17 -6 17 -6 17 -5 17 -5 17 -5 16 -6 17 -5 17 -5 18 -5 17 -4 17 -4 18 -4 17 -4 18 0 0 0 0 0 0 0 0 0 0 ]
54,1782983935.111263,17.4455,-64,CSI_DATA,AP,98:F4:AB:29:67:94,-64,11,1,4,1,1,1,1,0,0,0,-96,1,6,1,33208501,0,84,0,0,33.5931,384,[84 -64 4 0 0 0 0 0 0 0 0 0 -6 14 -7 15 -8 15 -9 16 -8 15 -9 14 -9 15 -9 14 -9 15 -10 14 -11 15 -10 15 -11 14 -12 14 -11 14 -13 14 -13 14 -11 12 -12 13 -11 13 -11 13 -12 13 -11 13 -12 13 -12 13 -11 14 0 0 -11 14 -11 14 -12 14 -10 14 -11 13 -10 14 -11 14 -9 14 -10 14 -9 15 -10 16 -9 15 -9 15 -8 16 -9 15 -9 16 -9 16 -8 15 -8 17 -7 16 -8 16 -8 16 -7 17 -7 17 -7 16 -7 17 0 0 0 0 0 0 0 0 0 0 ]
55,1782983935.199286,17.6177,-66,CSI_DATA,AP,98:F4:AB:29:67:94,-66,11,1,5,1,1,1,1,0,0,0,-96,1,6,1,33285331,0,84,0,0,33.6699,384,[84 -64 4 0 0 0 0 0 0 0 0 0 15 -9 15 -7 16 -7 17 -7 17 -5 16 -6 17 -5 17 -4 18 -4 18 -4 18 -4 19 -4 18 -4 19 -4 18 -2 20 -2 18 -3 18 -2 18 -1 17 -1 18 -1 18 -1 18 -1 18 -2 18 -1 18 -2 0 0 18 -2 19 -3 18 -2 18 -3 17 -2 18 -2 18 -2 18 -3 17 -3 18 -4 18 -5 17 -4 17 -4 18 -4 18 -5 18 -6 18 -5 18 -5 18 -6 18 -6 19 -6 17 -5 18 -5 17 -5 18 -6 18 -7 0 0 0 0 0 0 0 0 0 0 ]
56,1782983935.288040,17.7983,-65,CSI_DATA,AP,98:F4:AB:29:67:94,-65,11,1,5,1,1,1,1,0,0,0,-96,1,6,1,33373912,0,84,0,0,33.7585,384,[84 -64 4 0 0 0 0 0 0 0 0 0 15 0 15 0 15 1 16 2 16 2 16 2 16 2 15 3 16 4 16 4 16 5 16 5 16 5 16 5 16 4 16 6 15 6 15 6 14 6 15 5 15 6 15 6 14 6 15 5 15 6 15 6 0 0 15 5 16 5 16 5 15 5 14 5 15 5 15 4 15 3 16 4 15 3 16 3 15 3 16 3 16 3 15 3 16 3 16 2 16 2 17 2 16 2 17 2 17 2 17 1 17 1 16 1 17 1 0 0 0 0 0 0 0 0 0 0 ]
57,1782983935.375073,17.1597,-65,CSI_DATA,AP,98:F4:AB:29:67:94,-65,11,1,5,1,1,1,1,0,0,0,-96,1,6,1,33465339,0,84,0,0,33.8499,384,[84 -64 4 0 0 0 0 0 0 0 0 0 8 -14 7 -13 9 -14 9 -13 9 -13 9 -12 10 -13 10 -13 11 -13 12 -12 12 -12 13 -12 12 -12 13 -12 12 -12 13 -12 12 -10 13 -11 12 -10 12 -11 12 -10 13 -11 13 -11 12 -11 13 -10 13 -11 0 0 13 -11 12 -12 12 -11 13 -11 11 -10 12 -12 11 -11 11 -12 11 -12 11 -13 11 -12 11 -12 10 -12 10 -12 10 -14 10 -13 11 -14 10 -13 9 -14 9 -14 10 -14 9 -14 10 -14 10 -15 10 -14 9 -14 0 0 0 0 0 0 0 0 0 0 ]
58,1782983935.461602,17.3597,-64,CSI_DATA,AP,98:F4:AB:29:67:94,-64,11,1,4,1,1,1,1,0,0,0,-96,1,6,1,33558872,0,84,0,0,33.9435,384,[84 -64 4 0 0 0 0 0 0 0 0 0 -17 -2 -17 -3 -19 -3 -19 -4 -19 -5 -18 -5 -19 -5 -19 -5 -19 -5 -19 -8 -19 -7 -19 -7 -19 -8 -19 -8 -18 -8 -20 -8 -18 -7 -19 -8 -18 -7 -18 -7 -18 -8 -19 -8 -18 -8 -18 -8 -18 -9 -17 -8 0 0 -18 -7 -20 -6 -18 -6 -19 -6 -17 -6 -19 -6 -19 -5 -19 -5 -19 -5 -20 -5 -20 -4 -19 -5 -20 -4 -19 -4 -20 -3 -20 -2 -22 -3 -19 -2 -21 -2 -21 -1 -21 -2 -20 -1 -21 -1 -21 -1 -20 -1 -20 -1 0 0 0 0 0 0 0 0 0 0 ]
59,1782983935.548053,17.5316,-66,CSI_DATA,AP,98:F4:AB:29:67:94,-66,11,1,5,1,1,1,1,0,0,0,-96,1,6,1,33647767,0,84,0,0,34.0324,384,[84 -64 4 0 0 0 0 0 0 0 0 0 -13 12 -13 11 -14 10 -14 10 -15 9 -14 9 -16 9 -16 8 -17 8 -17 8 -17 8 -17 8 -17 8 -18 8 -17 7 -19 7 -18 7 -18 7 -18 6 -18 6 -18 5 -18 5 -18 5 -17 6 -17 6 -17 6 0 0 -17 6 -17 6 -18 7 -17 7 -17 6 -17 6 -17 6 -17 6 -17 7 -17 7 -17 9 -16 8 -17 9 -17 8 -17 9 -17 9 -17 9 -17 9 -17 9 -17 8 -17 9 -17 10 -17 9 -16 11 -16 10 -16 11 0 0 0 0 0 0 0 0 0 0 ]
60,1782983935.635260,16.5268,-66,CSI_DATA,AP,98:F4:AB:29:67:94,-66,11,1,5,1,1,1,1,0,0,0,-96,1,6,1,33739542,0,84,0,0,34.1242,384,[84 -64 4 0 0 0 0 0 0 0 0 0 11 9 10 10 10 11 10 11 10 11 10 12 9 13 9 12 9 13 9 13 9 14 9 14 9 14 9 14 9 14 8 15 8 15 7 14 8 14 7 14 7 15 7 14 7 14 7 14 7 14 8 14 0 0 8 13 9 14 8 14 8 13 8 13 9 13 8 14 9 12 8 13 10 12 10 12 10 12 10 13 10 12 11 12 11 13 11 13 11 13 11 13 11 11 11 12 11 12 12 12 12 11 12 11 12 11 0 0 0 0 0 0 0 0 0 0 ]
61,1782983935.721461,16.7253,-64,CSI_DATA,AP,98:F4:AB:29:67:94,-64,11,1,4,1,1,1,1,0,0,0,-96,1,6,1,33823587,0,84,0,0,34.2082,384,[84 -64 4 0 0 0 0 0 0 0 0 0 13 -9 13 -8 13 -8 14 -8 14 -8 15 -7 16 -7 15 -7 15 -6 16 -6 16 -6 17 -5 17 -5 18 -4 16 -5 18 -6 17 -4 16 -5 16 -5 16 -5 16 -4 16 -4 16 -4 16 -4 17 -3 16 -5 0 0 16 -5 17 -4 16 -4 15 -6 16 -5 16 -5 16 -5 16 -6 16 -7 16 -7 16 -8 16 -6 15 -6 15 -7 16 -8 16 -8 16 -9 16 -9 15 -9 14 -9 16 -9 15 -9 15 -9 15 -9 15 -9 15 -9 0 0 0 0 0 0 0 0 0 0 ]
62,1782983935.805962,18.1309,-64,CSI_DATA,AP,98:F4:AB:29:67:94,-64,11,1,4,1,1,1,1,0,0,0,-96,1,6,1,33918426,0,84,0,0,34.3031,384,[84 -64 4 0 0 0 0 0 0 0 0 0 11 14 10 14 10 16 10 15 10 16 8 15 9 16 8 16 8 17 7 18 6 18 6 19 5 18 6 18 5 17 6 20 6 18 7 17 5 17 6 18 5 18 6 18 4 18 4 18 4 19 4 18 0 0 5 18 6 19 5 18 6 19 5 16 6 18 7 17 7 17 7 17 7 17 7 17 6 17 8 17 8 17 9 18 9 16 9 18 8 17 9 17 9 17 9 17 11 17 9 17 10 17 10 18 10 16 0 0 0 0 0 0 0 0 0 0 ]
63,1782983935.893848,19.0243,-64,CSI_DATA,AP,98:F4:AB:29:67:94,-64,11,1,4,1,1,1,1,0,0,0,-96,1,6,1,34003525,0,84,0,0,34.3881,384,[84 -64 4 0 0 0 0 0 0 0 0 0 15 -8 16 -7 18 -7 17 -7 17 -7 18 -5 18 -5 18 -4 18 -4 19 -4 19 -4 19 -4 20 -4 20 -3 19 -3 20 -2 19 -3 19 -3 19 -2 18 -2 18 -1 19 -1 19 -2 18 -3 19 -2 19 -2 0 0 19 -3 18 -3 19 -3 18 -4 18 -3 19 -3 19 -3 18 -3 18 -5 18 -5 18 -6 18 -5 18 -6 18 -5 18 -7 19 -7 19 -6 19 -7 19 -7 18 -7 19 -6 18 -7 18 -7 18 -9 18 -8 17 -8 0 0 0 0 0 0 0 0 0 0 ]
64,1782983935.980132,17.9111,-64,CSI_DATA,AP,98:F4:AB:29:67:94,-64,11,1,4,1,1,1,1,0,0,0,-96,1,6,1,34095734,0,84,0,0,34.4804,384,[84 -64 4 0 0 0 0 0 0 0 0 0 -7 12 -8 12 -9 12 -8 12 -9 12 -9 12 -9 12 -10 11 -11 12 -10 11 -11 12 -11 11 -12 12 -12 11 -12 11 -12 11 -12 11 -11 11 -11 10 -12 10 -12 10 -12 10 -12 10 -12 10 -12 11 -12 10 0 0 -12 11 -12 11 -11 11 -11 11 -11 10 -11 11 -11 11 -10 11 -11 11 -10 12 -10 12 -9 12 -10 12 -10 12 -9 13 -9 13 -10 13 -9 13 -9 14 -9 13 -9 13 -9 14 -9 14 -9 13 -8 14 -8 13 0 0 0 0 0 0 0 0 0 0 ]
65,1782983936.082159,17.4898,-66,CSI_DATA,AP,98:F4:AB:29:67:94,-66,11,1,5,1,1,1,1,0,0,0,-96,1,6,1,34183652,0,84,0,0,34.5683,384,[84 -64 4 0 0 0 0 0 0 0 0 0 -14 -6 -14 -5 -16 -7 -16 -6 -15 -7 -15 -7 -15 -8 -14 -9 -15 -9 -16 -10 -15 -10 -15 -10 -14 -10 -14 -11 -14 -10 -15 -12 -14 -11 -14 -11 -14 -10 -13 -11 -14 -11 -13 -11 -13 -11 -13 -11 -13 -11 -13 -11 0 0 -13 -11 -15 -11 -14 -11 -14 -10 -13 -10 -14 -10 -14 -10 -14 -10 -15 -10 -15 -10 -15 -10 -14 -9 -15 -10 -15 -9 -16 -9 -15 -8 -16 -10 -14 -8 -15 -9 -16 -9 -16 -9 -16 -8 -16 -9 -16 -8 -16 -8 -16 -8 0 0 0 0 0 0 0 0 0 0 ]
66,1782983936.171174,17.3091,-65,CSI_DATA,AP,98:F4:AB:29:67:94,-65,11,1,5,1,1,1,1,0,0,0,-96,1,6,1,34277485,0,84,0,0,34.6621,384,[84 -64 4 0 0 0 0 0 0 0 0 0 -13 8 -13 8 -15 9 -14 8 -15 8 -14 6 -15 7 -15 6 -15 7 -17 5 -17 5 -17 4 -17 4 -17 4 -16 4 -18 6 -16 5 -17 5 -16 5 -16 5 -16 5 -16 5 -16 4 -17 4 -17 4 -17 4 0 0 -16 6 -17 6 -15 6 -16 7 -14 5 -15 6 -16 7 -15 7 -15 8 -15 8 -16 7 -15 7 -15 7 -14 8 -15 10 -14 9 -16 10 -14 9 -14 10 -14 10 -14 10 -14 11 -15 10 -14 10 -14 10 -14 10 0 0 0 0 0 0 0 0 0 0 ]
67,1782983936.256509,17.5824,-66,CSI_DATA,AP,98:F4:AB:29:67:94,-66,11,1,5,1,1,1,1,0,0,0,-96,1,6,1,34369203,0,84,0,0,34.7538,384,[84 -64 4 0 0 0 0 0 0 0 0 0 -2 -17 -2 -18 -1 -18 -1 -19 -1 -19 0 -18 0 -19 1 -19 2 -19 2 -19 2 -20 2 -20 2 -20 2 -21 2 -19 3 -21 2 -19 2 -19 3 -19 4 -18 4 -18 3 -18 4 -18 3 -19 3 -18 3 -19 0 0 2 -19 2 -19 2 -18 2 -19 3 -18 2 -19 2 -19 2 -19 1 -19 1 -19 -1 -19 1 -19 -1 -19 0 -19 -1 -20 -1 -20 -2 -20 -1 -20 -1 -20 -1 -20 -1 -20 -2 -20 -2 -20 -2 -21 -2 -20 -3 -20 0 0 0 0 0 0 0 0 0 0 ]
68,1782983936.378336,18.6155,-64,CSI_DATA,AP,98:F4:AB:29:67:94,-64,11,1,3,1,1,1,1,0,0,0,-96,1,6,1,34472543,0,84,0,0,34.8571,384,[84 -64 4 0 0 0 0 0 0 0 0 0 -12 -13 -11 -11 -12 -14 -11 -14 -12 -14 -9 -14 -11 -14 -10 -15 -10 -15 -9 -16 -9 -16 -8 -17 -9 -18 -9 -17 -8 -16 -9 -18 -8 -16 -9 -17 -8 -17 -8 -17 -8 -17 -8 -17 -7 -17 -6 -16 -7 -18 -8 -17 0 0 -8 -16 -9 -17 -9 -16 -10 -17 -9 -16 -9 -17 -9 -16 -9 -16 -10 -15 -10 -17 -10 -16 -10 -16 -10 -16 -10 -14 -12 -16 -12 -14 -13 -17 -11 -15 -11 -14 -13 -15 -12 -16 -13 -14 -12 -17 -13 -15 -12 -15 -12 -14 0 0 0 0 0 0 0 0 0 0 ]
69,1782983936.467253,18.5605,-64,CSI_DATA,AP,98:F4:AB:29:67:94,-64,11,1,4,1,1,1,1,0,0,0,-96,1,6,1,34549148,0,84,0,0,34.9337,384,[84 -64 4 0 0 0 0 0 0 0 0 0 -2 -17 -2 -16 -2 -18 -1 -17 0 -18 -1 -18 0 -18 1 -18 1 -18 1 -18 1 -18 2 -19 2 -19 2 -19 3 -19 3 -19 3 -19 4 -18 3 -17 4 -17 3 -18 4 -18 4 -17 3 -17 3 -18 3 -18 0 0 3 -18 3 -19 3 -18 2 -19 3 -17 2 -18 2 -18 1 -17 2 -19 0 -18 0 -18 1 -18 0 -18 0 -19 -3 -16 0 -19 0 -19 -1 -18 0 -19 -1 -19 -1 -18 -2 -19 -1 -18 -2 -19 -2 -19 -2 -18 0 0 0 0 0 0 0 0 0 0 ]
70,1782983936.555405,17.4448,-65,CSI_DATA,AP,98:F4:AB:29:67:94,-65,11,1,5,1,1,1,1,0,0,0,-96,1,6,1,34639796,0,84,0,0,35.0244,384,[84 -64 4 0 0 0 0 0 0 0 0 0 10 12 10 11 10 13 9 12 9 13 9 13 9 14 8 14 8 14 7 15 7 15 7 16 7 16 6 16 6 15 7 17 6 15 6 16 5 15 5 15 6 15 6 15 5 16 5 16 5 16 5 16 0 0 6 15 7 16 7 14 7 15 6 14 7 15 7 15 7 14 7 15 8 15 8 15 7 15 7 14 8 14 9 15 9 14 9 15 8 14 9 14 10 13 9 14 10 14 9 14 9 14 9 14 10 14 0 0 0 0 0 0 0 0 0 0 ]
71,1782983936.643515,18.0957,-64,CSI_DATA,AP,98:F4:AB:29:67:94,-64,11,1,4,1,1,1,1,0,0,0,-96,1,6,1,34723189,0,84,0,0,35.108,384,[84 -64 4 0 0 0 0 0 0 0 0 0 -12 11 -12 10 -14 11 -13 11 -15 11 -14 10 -16 10 -15 9 -15 10 -17 9 -16 9 -16 9 -17 9 -17 8 -15 7 -19 9 -15 8 -17 8 -16 7 -17 7 -17 7 -16 7 -17 7 -16 7 -17 7 -17 7 0 0 -16 8 -17 9 -15 8 -17 9 -14 7 -15 8 -16 9 -16 8 -14 9 -16 12 -15 11 -14 10 -14 10 -14 9 -15 12 -13 11 -17 12 -14 11 -15 12 -15 12 -15 12 -14 11 -15 13 -14 13 -13 12 -13 12 0 0 0 0 0 0 0 0 0 0 ]
72,1782983936.730884,19.0223,-64,CSI_DATA,AP,98:F4:AB:29:67:94,-64,11,1,4,1,1,1,1,0,0,0,-96,1,6,1,34819528,0,84,0,0,35.2041,384,[84 -64 4 0 0 0 0 0 0 0 0 0 -15 -8 -15 -9 -15 -10 -15 -11 -15 -10 -14 -11 -14 -12 -14 -13 -13 -13 -13 -13 -14 -13 -14 -14 -13 -14 -14 -14 -13 -14 -13 -15 -12 -15 -12 -14 -12 -15 -12 -15 -11 -15 -12 -15 -11 -15 -11 -14 -12 -15 -12 -15 0 0 -12 -14 -13 -14 -12 -14 -12 -14 -11 -13 -12 -14 -12 -14 -13 -14 -13 -13 -14 -13 -14 -13 -14 -12 -14 -13 -14 -13 -14 -13 -15 -12 -14 -13 -14 -12 -14 -12 -14 -12 -14 -13 -15 -12 -16 -12 -16 -11 -14 -12 -16 -11 0 0 0 0 0 0 0 0 0 0 ]
73,1782983936.819203,18.5475,-64,CSI_DATA,AP,98:F4:AB:29:67:94,-64,11,1,4,1,1,1,1,0,0,0,-96,1,6,1,34910114,0,84,0,0,35.2947,384,[84 -64 4 0 0 0 0 0 0 0 0 0 5 15 4 16 5 16 4 17 4 16 4 16 3 17 3 17 2 17 2 17 2 18 2 18 2 18 1 18 1 18 1 19 0 18 1 18 0 17 0 17 1 17 1 17 0 16 0 17 1 18 0 18 0 0 1 17 2 18 2 18 2 17 1 16 3 17 3 17 3 17 3 17 4 17 4 17 4 17 4 17 5 17 5 17 5 17 6 18 6 17 6 17 7 16 6 16 6 17 6 16 7 17 7 16 7 16 0 0 0 0 0 0 0 0 0 0 ]
74,1782983936.908164,18.1843,-64,CSI_DATA,AP,98:F4:AB:29:67:94,-64,11,1,4,1,1,1,1,0,0,0,-96,1,6,1,34995007,0,84,0,0,35.3797,384,[84 -64 4 0 0 0 0 0 0 0 0 0 -14 9 -14 8 -15 9 -15 8 -16 8 -15 7 -17 7 -17 6 -17 7 -18 6 -18 6 -18 5 -18 5 -18 5 -18 5 -20 6 -18 5 -18 5 -18 4 -18 5 -18 4 -18 4 -19 4 -17 4 -18 4 -18 4 0 0 -17 5 -17 6 -17 6 -17 7 -16 5 -17 6 -17 6 -17 7 -17 7 -17 8 -17 8 -16 8 -16 8 -16 8 -17 10 -16 10 -18 10 -16 10 -17 10 -16 10 -16 9 -15 11 -17 10 -16 11 -15 10 -16 11 0 0 0 0 0 0 0 0 0 0 ]
75,1782983936.994699,18.1937,-65,CSI_DATA,AP,98:F4:AB:29:67:94,-65,11,1,5,1,1,1,1,0,0,0,-96,1,6,1,35085116,0,84,0,0,35.4697,384,[84 -64 4 0 0 0 0 0 0 0 0 0 13 7 13 8 13 8 13 8 14 9 13 9 12 10 12 11 12 11 12 13 12 12 12 12 12 12 12 12 11 12 11 14 11 13 11 12 10 12 10 13 10 13 10 13 10 13 10 12 11 13 11 13 0 0 11 12 11 13 11 13 11 12 10 12 11 12 11 13 11 12 11 12 12 11 13 11 12 11 13 11 12 11 12 11 13 11 13 11 13 11 13 12 13 11 13 11 13 11 13 11 14 10 14 10 14 10 0 0 0 0 0 0 0 0 0 0 ]
76,1782983937.082110,18.1122,-65,CSI_DATA,AP,98:F4:AB:29:67:94,-65,11,1,5,1,1,1,1,0,0,0,-96,1,6,1,35175668,0,84,0,0,35.5603,384,[84 -64 4 0 0 0 0 0 0 0 0 0 -5 -15 -5 -16 -5 -16 -4 -17 -3 -16 -3 -18 -3 -17 -2 -18 -1 -18 -2 -18 -1 -19 -1 -18 -1 -18 0 -18 0 -19 0 -18 1 -18 1 -18 1 -17 1 -18 1 -17 1 -17 1 -16 1 -17 1 -18 0 -18 0 0 0 -18 1 -18 0 -18 0 -17 1 -17 0 -18 -1 -17 -1 -17 -1 -17 -2 -18 -1 -18 -2 -17 -1 -18 -3 -18 -2 -17 -2 -19 -2 -18 -2 -18 -3 -19 -3 -18 -3 -18 -3 -19 -3 -18 -4 -19 -4 -18 -4 -19 0 0 0 0 0 0 0 0 0 0 ]
77,1782983937.171463,17.5856,-65,CSI_DATA,AP,98:F4:AB:29:67:94,-65,11,1,5,1,1,1,1,0,0,0,-96,1,6,1,35263618,0,84,0,0,35.6482,384,[84 -64 4 0 0 0 0 0 0 0 0 0 -12 10 -12 10 -13 10 -13 10 -14 10 -14 9 -14 9 -14 10 -15 9 -15 8 -16 8 -17 8 -16 8 -16 7 -16 7 -18 7 -16 7 -16 7 -16 7 -16 7 -15 7 -16 7 -16 6 -16 6 -16 6 -16 7 0 0 -15 7 -16 7 -15 8 -15 8 -15 7 -15 8 -15 8 -15 8 -15 9 -15 10 -15 10 -14 8 -15 9 -14 10 -14 10 -14 10 -15 11 -14 11 -14 11 -14 11 -14 11 -13 12 -14 11 -14 12 -14 12 -13 12 0 0 0 0 0 0 0 0 0 0 ]
78,1782983937.259189,17.6265,-64,CSI_DATA,AP,98:F4:AB:29:67:94,-64,11,1,4,1,1,1,1,0,0,0,-96,1,6,1,35359473,0,84,0,0,35.7441,384,[84 -64 4 0 0 0 0 0 0 0 0 0 -5 16 -4 15 -5 16 -6 16 -6 16 -6 15 -7 16 -8 16 -7 16 -9 16 -10 16 -10 15 -10 15 -10 16 -9 15 -10 16 -9 15 -10 16 -9 14 -10 15 -10 14 -10 16 -11 14 -10 14 -11 14 -10 14 0 0 -9 15 -10 16 -9 15 -8 16 -8 14 -8 15 -8 16 -9 15 -7 16 -8 17 -7 17 -8 15 -7 16 -7 16 -6 18 -6 17 -6 19 -6 16 -5 17 -5 17 -5 18 -4 17 -6 18 -5 18 -6 17 -5 17 0 0 0 0 0 0 0 0 0 0 ]
79,1782983937.349089,18.0585,-65,CSI_DATA,AP,98:F4:AB:29:67:94,-65,11,1,5,1,1,1,1,0,0,0,-96,1,6,1,35447570,0,84,0,0,35.8322,384,[84 -64 4 0 0 0 0 0 0 0 0 0 10 -14 11 -13 12 -14 12 -14 12 -13 13 -13 14 -12 14 -12 15 -12 15 -12 14 -12 15 -12 16 -12 15 -12 15 -10 17 -12 15 -11 16 -11 15 -11 15 -10 16 -10 16 -10 16 -10 15 -11 16 -10 16 -11 0 0 15 -11 15 -12 15 -11 15 -12 14 -11 15 -11 15 -11 14 -12 14 -12 14 -13 13 -13 13 -13 13 -14 13 -13 13 -14 13 -15 14 -15 13 -15 13 -14 13 -15 13 -15 13 -15 13 -16 12 -16 12 -16 12 -16 0 0 0 0 0 0 0 0 0 0 ]
80,1782983937.438106,17.4551,-65,CSI_DATA,AP,98:F4:AB:29:67:94,-65,11,1,5,1,1,1,1,0,0,0,-96,1,6,1,35540148,0,84,0,0,35.9247,384,[84 -64 4 0 0 0 0 0 0 0 0 0 -9 13 -8 13 -10 13 -10 13 -10 13 -11 13 -11 13 -11 12 -12 12 -13 13 -13 12 -13 13 -14 12 -14 12 -13 11 -14 12 -14 11 -14 10 -14 10 -14 10 -14 10 -15 10 -13 10 -14 10 -14 10 -14 11 0 0 -13 11 -14 11 -14 11 -13 10 -14 10 -13 10 -13 11 -13 11 -13 11 -13 12 -13 13 -12 12 -13 13 -12 13 -12 13 -12 13 -13 13 -12 13 -12 13 -12 13 -12 13 -12 13 -11 14 -11 15 -12 14 -11 14 0 0 0 0 0 0 0 0 0 0 ]
81,1782983937.527514,17.8894,-65,CSI_DATA,AP,98:F4:AB:29:67:94,-65,11,1,5,1,1,1,1,0,0,0,-96,1,6,1,35625618,0,84,0,0,36.0103,384,[84 -64 4 0 0 0 0 0 0 0 0 0 -7 -15 -6 -15 -6 -16 -6 -16 -6 -16 -4 -16 -5 -17 -5 -17 -4 -18 -4 -17 -3 -18 -3 -19 -3 -18 -3 -18 -3 -17 -3 -19 -2 -18 -3 -19 -2 -18 -2 -18 -2 -18 -2 -18 -1 -18 -2 -18 -1 -18 -2 -18 0 0 -2 -17 -3 -19 -3 -18 -4 -18 -2 -17 -3 -17 -3 -18 -4 -17 -4 -18 -5 -18 -4 -18 -4 -17 -5 -18 -4 -17 -6 -18 -5 -18 -6 -19 -5 -17 -5 -17 -6 -17 -6 -18 -6 -18 -6 -18 -7 -18 -6 -18 -6 -17 0 0 0 0 0 0 0 0 0 0 ]
82,1782983937.617215,17.1589,-64,CSI_DATA,AP,98:F4:AB:29:67:94,-64,11,1,4,1,1,1,1,0,0,0,-96,1,6,1,35715039,0,84,0,0,36.0996,384,[84 -64 4 0 0 0 0 0 0 0 0 0 7 -13 8 -13 8 -13 8 -13 9 -13 9 -12 10 -12 11 -12 11 -13 11 -11 11 -12 12 -11 13 -11 12 -12 12 -11 13 -9 12 -11 12 -11 12 -11 12 -10 13 -11 13 -11 12 -10 12 -10 13 -10 12 -11 0 0 12 -11 12 -12 12 -11 11 -12 11 -10 11 -11 12 -11 11 -11 11 -12 11 -12 10 -13 11 -12 10 -12 10 -13 10 -14 9 -14 11 -14 10 -13 10 -13 10 -14 10 -14 10 -14 10 -14 9 -15 9 -14 9 -14 0 0 0 0 0 0 0 0 0 0 ]
83,1782983937.706046,18.0279,-65,CSI_DATA,AP,98:F4:AB:29:67:94,-65,11,1,5,1,1,1,1,0,0,0,-96,1,6,1,35817061,0,84,0,0,36.2017,384,[84 -64 4 0 0 0 0 0 0 0 0 0 -7 -17 -6 -16 -7 -19 -6 -17 -6 -18 -5 -18 -5 -19 -4 -19 -5 -19 -3 -20 -3 -20 -3 -20 -3 -20 -3 -20 -2 -19 -3 -22 -4 -19 -3 -20 -3 -19 -3 -19 -3 -19 -3 -20 -1 -20 -2 -19 -1 -19 -2 -19 0 0 -4 -19 -5 -20 -3 -18 -4 -19 -4 -18 -4 -19 -5 -19 -6 -19 -6 -18 -6 -20 -6 -19 -6 -19 -6 -18 -6 -18 -10 -17 -8 -18 -8 -20 -8 -18 -9 -18 -9 -19 -9 -18 -10 -18 -9 -19 -10 -19 -8 -19 -9 -18 0 0 0 0 0 0 0 0 0 0 ]
84,1782983937.797095,18.8897,-64,CSI_DATA,AP,98:F4:AB:29:67:94,-64,11,1,4,1,1,1,1,0,0,0,-96,1,6,1,35893524,0,84,0,0,36.2782,384,[84 -64 4 0 0 0 0 0 0 0 0 0 -17 -2 -18 -2 -17 -3 -18 -3 -18 -4 -17 -5 -17 -5 -17 -6 -18 -6 -18 -6 -18 -6 -18 -7 -18 -7 -19 -8 -18 -7 -18 -9 -18 -8 -16 -8 -16 -8 -16 -8 -16 -8 -17 -9 -16 -9 -17 -8 -17 -9 -17 -8 0 0 -17 -8 -17 -7 -17 -8 -17 -7 -16 -7 -17 -7 -17 -7 -17 -7 -18 -7 -17 -6 -17 -6 -18 -6 -18 -6 -18 -6 -18 -6 -19 -6 -19 -6 -18 -5 -18 -5 -19 -5 -19 -5 -19 -5 -18 -5 -19 -4 -19 -4 -19 -4 0 0 0 0 0 0 0 0 0 0 ]
85,1782983937.886127,19.1412,-64,CSI_DATA,AP,98:F4:AB:29:67:94,-64,11,1,4,1,1,1,1,0,0,0,-96,1,6,1,35984597,0,84,0,0,36.3692,384,[84 -64 4 0 0 0 0 0 0 0 0 0 18 3 17 4 18 5 18 5 18 5 17 6 18 7 17 8 18 8 18 9 18 9 18 9 18 10 18 10 17 10 19 10 17 10 17 9 16 10 16 10 16 11 17 10 16 10 17 10 16 10 16 10 0 0 16 9 17 9 17 9 18 8 16 8 17 8 17 9 18 8 18 7 18 7 19 7 17 7 18 7 18 6 19 5 19 5 20 6 19 5 20 5 20 4 19 6 20 5 20 6 20 5 19 4 20 5 0 0 0 0 0 0 0 0 0 0 ]
86,1782983937.975019,18.5846,-64,CSI_DATA,AP,98:F4:AB:29:67:94,-64,11,1,4,1,1,1,1,0,0,0,-96,1,6,1,36073926,0,84,0,0,36.4586,384,[84 -64 4 0 0 0 0 0 0 0 0 0 -9 15 -9 13 -10 15 -10 14 -11 14 -11 13 -13 13 -13 13 -13 13 -14 13 -13 13 -14 13 -14 13 -14 13 -14 12 -15 13 -14 12 -14 12 -14 11 -15 11 -15 10 -14 11 -15 11 -14 11 -14 11 -15 12 0 0 -14 11 -14 13 -12 12 -13 13 -12 10 -13 11 -14 12 -13 12 -13 13 -13 13 -12 14 -12 13 -12 14 -11 13 -12 15 -11 14 -12 15 -11 14 -12 14 -11 15 -11 15 -11 15 -11 16 -10 16 -10 16 -9 16 0 0 0 0 0 0 0 0 0 0 ]
87,1782983938.064350,18.4474,-64,CSI_DATA,AP,98:F4:AB:29:67:94,-64,11,1,4,1,1,1,1,0,0,0,-96,1,6,1,36163984,0,84,0,0,36.5486,384,[84 -64 4 0 0 0 0 0 0 0 0 0 -12 -14 -11 -13 -12 -14 -11 -14 -11 -15 -10 -15 -10 -15 -10 -17 -9 -17 -9 -17 -9 -17 -9 -17 -9 -17 -8 -17 -8 -17 -9 -18 -8 -17 -8 -17 -8 -17 -7 -17 -7 -18 -7 -17 -7 -17 -7 -18 -7 -17 -8 -17 0 0 -8 -17 -9 -17 -7 -17 -8 -16 -8 -16 -9 -17 -9 -16 -9 -16 -9 -17 -10 -16 -11 -16 -10 -16 -10 -16 -10 -16 -11 -16 -11 -16 -11 -16 -11 -16 -11 -16 -12 -15 -11 -16 -12 -15 -12 -16 -12 -15 -12 -15 -12 -15 0 0 0 0 0 0 0 0 0 0 ]
88,1782983938.153636,18.1101,-65,CSI_DATA,AP,98:F4:AB:29:67:94,-65,11,1,5,1,1,1,1,0,0,0,-96,1,6,1,36259520,0,84,0,0,36.6441,384,[84 -64 4 0 0 0 0 0 0 0 0 0 13 -9 13 -9 14 -9 15 -9 15 -8 15 -8 15 -7 15 -7 15 -7 16 -7 16 -7 16 -6 17 -6 17 -6 17 -6 18 -5 17 -5 16 -5 16 -5 17 -4 16 -5 16 -5 16 -5 16 -4 17 -5 16 -5 0 0 16 -6 16 -6 16 -6 15 -6 15 -6 15 -6 16 -6 15 -7 15 -7 15 -8 15 -8 15 -7 15 -8 16 -8 15 -7 16 -8 16 -9 15 -9 15 -9 15 -9 15 -10 16 -9 15 -10 15 -11 15 -10 15 -11 0 0 0 0 0 0 0 0 0 0 ]
89,1782983938.242592,18.5830,-65,CSI_DATA,AP,98:F4:AB:29:67:94,-65,11,1,5,1,1,1,1,0,0,0,-96,1,6,1,36343480,0,84,0,0,36.7281,384,[84 -64 4 0 0 0 0 0 0 0 0 0 -17 5 -17 4 -19 4 -18 3 -20 3 -18 3 -20 2 -19 2 -20 2 -20 1 -20 1 -21 1 -20 0 -21 0 -19 0 -22 0 -19 0 -21 0 -19 0 -19 0 -19 -1 -19 0 -20 -1 -19 -1 -19 -1 -19 0 0 0 -19 1 -20 1 -19 1 -20 2 -18 1 -19 1 -19 2 -19 2 -19 3 -20 4 -20 3 -19 2 -19 3 -19 4 -19 5 -19 6 -20 5 -19 5 -19 5 -19 6 -19 6 -19 5 -20 6 -20 6 -20 5 -19 6 0 0 0 0 0 0 0 0 0 0 ]
90,1782983938.331263,18.1888,-65,CSI_DATA,AP,98:F4:AB:29:67:94,-65,11,1,5,1,1,1,1,0,0,0,-96,1,6,1,36434231,0,84,0,0,36.8189,384,[84 -64 4 0 0 0 0 0 0 0 0 0 -16 3 -16 3 -18 2 -17 1 -18 1 -17 1 -18 0 -18 -1 -18 0 -19 -1 -18 -1 -19 -2 -18 -2 -19 -2 -18 -2 -19 -2 -17 -2 -18 -2 -18 -2 -18 -2 -18 -3 -17 -2 -17 -3 -18 -3 -18 -3 -18 -2 0 0 -18 -2 -18 -2 -18 -1 -18 0 -16 -2 -17 -1 -17 -1 -17 -1 -18 0 -18 1 -19 1 -17 0 -17 1 -18 1 -18 1 -18 2 -19 1 -18 2 -18 2 -18 3 -18 2 -18 3 -19 3 -19 3 -18 3 -18 3 0 0 0 0 0 0 0 0 0 0 ]
91,1782983938.425164,17.6747,-65,CSI_DATA,AP,98:F4:AB:29:67:94,-65,11,1,5,1,1,1,1,0,0,0,-96,1,6,1,36524271,0,84,0,0,36.9089,384,[84 -64 4 0 0 0 0 0 0 0 0 0 -16 1 -16 0 -17 0 -17 0 -17 0 -17 -1 -18 -1 -18 -1 -18 -1 -18 -2 -19 -3 -18 -3 -18 -3 -19 -3 -18 -3 -19 -4 -18 -3 -18 -4 -17 -5 -17 -4 -17 -4 -17 -4 -17 -3 -17 -4 -17 -4 -17 -4 0 0 -17 -3 -17 -3 -18 -3 -17 -2 -17 -3 -18 -3 -17 -3 -18 -3 -18 -2 -19 -1 -18 -1 -17 -1 -18 -1 -18 -1 -18 0 -19 0 -19 0 -18 0 -18 0 -19 1 -18 0 -18 1 -19 1 -18 2 -18 1 -18 1 0 0 0 0 0 0 0 0 0 0 ]
92,1782983938.513496,16.6935,-65,CSI_DATA,AP,98:F4:AB:29:67:94,-65,11,1,5,1,1,1,1,0,0,0,-96,1,6,1,36615299,0,84,0,0,36.9999,384,[84 -64 4 0 0 0 0 0 0 0 0 0 8 13 7 14 7 14 7 14 7 15 6 14 6 15 6 15 5 16 5 16 5 17 6 16 5 16 5 16 5 16 4 18 4 16 4 16 3 16 4 16 3 16 3 16 4 16 4 16 4 16 4 16 0 0 4 16 5 16 4 17 5 16 4 15 5 15 5 16 6 15 5 16 6 16 7 15 6 15 7 16 7 16 7 15 7 16 7 16 7 15 7 15 8 15 8 15 8 15 9 15 9 15 9 15 9 14 0 0 0 0 0 0 0 0 0 0 ]
93,1782983938.603105,17.5528,-64,CSI_DATA,AP,98:F4:AB:29:67:94,-64,11,1,3,1,1,1,1,0,0,0,-96,1,6,1,36706643,0,84,0,0,37.0912,384,[84 -64 4 0 0 0 0 0 0 0 0 0 -9 -15 -8 -14 -9 -16 -9 -16 -8 -16 -7 -16 -7 -17 -6 -17 -7 -17 -6 -18 -5 -18 -5 -19 -5 -19 -6 -18 -4 -17 -5 -19 -5 -18 -5 -18 -4 -17 -4 -18 -4 -18 -4 -19 -3 -19 -4 -18 -3 -18 -3 -18 0 0 -5 -18 -5 -18 -4 -17 -5 -18 -6 -17 -5 -17 -6 -18 -6 -17 -6 -17 -7 -18 -7 -17 -6 -17 -7 -17 -7 -17 -8 -18 -8 -17 -8 -19 -8 -17 -8 -18 -9 -17 -8 -18 -9 -17 -9 -17 -9 -18 -8 -17 -9 -16 0 0 0 0 0 0 0 0 0 0 ]
94,1782983938.693728,17.0284,-65,CSI_DATA,AP,98:F4:AB:29:67:94,-65,11,1,5,1,1,1,1,0,0,0,-96,1,6,1,36798164,0,84,0,0,37.1828,384,[84 -64 4 0 0 0 0 0 0 0 0 0 9 -13 9 -12 10 -14 10 -13 11 -13 10 -11 11 -13 12 -12 12 -12 13 -11 13 -11 14 -11 15 -11 14 -10 13 -10 15 -12 13 -11 14 -11 13 -10 13 -10 14 -9 14 -10 15 -9 14 -10 14 -9 14 -10 0 0 13 -10 14 -11 13 -10 14 -12 12 -10 13 -11 12 -11 13 -11 12 -12 13 -12 12 -13 12 -11 13 -12 12 -12 12 -13 11 -13 14 -14 12 -13 12 -13 11 -13 12 -14 12 -14 12 -14 12 -14 12 -14 12 -14 0 0 0 0 0 0 0 0 0 0 ]
95,1782983938.783494,17.4272,-65,CSI_DATA,AP,98:F4:AB:29:67:94,-65,11,1,5,1,1,1,1,0,0,0,-96,1,6,1,36885472,0,84,0,0,37.2701,384,[84 -64 4 0 0 0 0 0 0 0 0 0 -15 6 -15 5 -16 4 -16 4 -17 4 -17 3 -17 3 -17 2 -17 3 -18 2 -18 1 -18 2 -18 1 -18 1 -18 0 -19 1 -18 0 -18 1 -18 0 -17 0 -17 -1 -18 0 -17 -1 -18 0 -18 -1 -17 -1 0 0 -17 0 -18 1 -18 1 -18 1 -17 1 -18 1 -17 0 -18 1 -17 1 -18 2 -18 3 -17 2 -18 3 -17 2 -18 3 -18 3 -19 3 -17 3 -18 3 -18 3 -18 4 -18 4 -18 4 -18 5 -18 4 -18 4 0 0 0 0 0 0 0 0 0 0 ]
96,1782983938.874172,17.7006,-64,CSI_DATA,AP,98:F4:AB:29:67:94,-64,11,1,4,1,1,1,1,0,0,0,-96,1,6,1,36974961,0,84,0,0,37.3595,384,[84 -64 4 0 0 0 0 0 0 0 0 0 -19 -2 -19 -2 -20 -2 -20 -2 -20 -4 -20 -4 -20 -5 -20 -5 -20 -6 -20 -6 -20 -6 -20 -6 -21 -7 -21 -6 -21 -7 -21 -8 -20 -7 -19 -8 -19 -8 -19 -7 -19 -8 -20 -7 -18 -7 -19 -7 -19 -8 -20 -7 0 0 -20 -7 -20 -7 -20 -7 -19 -6 -19 -6 -20 -6 -19 -6 -20 -6 -20 -5 -21 -4 -21 -4 -20 -4 -21 -4 -21 -4 -21 -4 -22 -3 -22 -4 -20 -3 -22 -3 -21 -3 -20 -2 -21 -3 -21 -2 -22 -1 -21 -1 -22 -1 0 0 0 0 0 0 0 0 0 0 ]
97,1782983938.964887,18.0632,-64,CSI_DATA,AP,98:F4:AB:29:67:94,-64,11,1,4,1,1,1,1,0,0,0,-96,1,6,1,37063519,0,84,0,0,37.4481,384,[84 -64 4 0 0 0 0 0 0 0 0 0 0 -18 1 -17 1 -18 1 -17 1 -19 2 -17 1 -18 2 -18 2 -19 5 -18 5 -19 6 -19 6 -18 5 -18 4 -17 5 -20 4 -18 5 -19 4 -17 4 -19 4 -17 4 -18 6 -18 6 -17 6 -17 5 -17 0 0 4 -18 3 -19 3 -17 3 -20 2 -17 3 -18 2 -18 2 -18 2 -19 1 -19 2 -19 2 -18 1 -19 0 -18 -1 -20 -1 -19 0 -21 0 -19 -1 -20 -2 -20 -1 -20 -3 -19 -1 -20 -1 -19 -1 -19 -1 -18 0 0 0 0 0 0 0 0 0 0 ]
98,1782983939.055036,18.6100,-64,CSI_DATA,AP,98:F4:AB:29:67:94,-64,11,1,4,1,1,1,1,0,0,0,-96,1,6,1,37157801,0,84,0,0,37.5425,384,[84 -64 4 0 0 0 0 0 0 0 0 0 2 16 2 16 2 17 0 17 0 18 -1 16 0 18 -1 18 -1 18 -2 18 -2 18 -4 18 -4 18 -4 18 -3 17 -4 20 -4 18 -4 18 -4 16 -4 17 -4 17 -4 17 -5 17 -5 17 -5 18 -5 17 0 0 -4 17 -4 19 -2 17 -3 18 -3 16 -3 17 -3 17 -3 18 -2 17 -2 18 -2 18 -2 17 -1 18 0 18 0 18 0 18 0 20 0 17 0 18 1 18 0 18 1 18 0 19 1 19 1 19 1 18 0 0 0 0 0 0 0 0 0 0 ]
99,1782983939.145610,18.9302,-64,CSI_DATA,AP,98:F4:AB:29:67:94,-64,11,1,4,1,1,1,1,0,0,0,-96,1,6,1,37243387,0,84,0,0,37.628,384,[84 -64 4 0 0 0 0 0 0 0 0 0 -9 -15 -9 -15 -9 -16 -8 -17 -8 -17 -8 -17 -7 -18 -7 -18 -6 -18 -6 -17 -6 -19 -6 -18 -5 -19 -6 -19 -5 -18 -5 -20 -4 -19 -4 -18 -4 -18 -4 -18 -4 -19 -4 -18 -3 -18 -4 -18 -4 -18 -5 -19 0 0 -5 -18 -5 -18 -5 -19 -5 -18 -5 -17 -5 -18 -5 -18 -6 -18 -6 -18 -7 -18 -7 -18 -7 -17 -7 -17 -8 -17 -8 -18 -8 -18 -8 -18 -8 -18 -8 -18 -8 -17 -8 -17 -8 -17 -9 -17 -10 -17 -10 -17 -10 -17 0 0 0 0 0 0 0 0 0 0 ]
100,1782983939.236190,18.5685,-65,CSI_DATA,AP,98:F4:AB:29:67:94,-65,11,1,5,1,1,1,1,0,0,0,-96,1,6,1,37339502,0,84,0,0,37.7241,384,[84 -64 4 0 0 0 0 0 0 0 0 0 -10 13 -11 12 -12 13 -12 12 -12 12 -12 11 -12 12 -14 11 -14 12 -14 11 -14 11 -14 11 -14 11 -15 11 -15 10 -16 11 -15 10 -15 10 -15 10 -15 9 -15 9 -15 9 -14 9 -14 10 -15 10 -14 10 0 0 -14 9 -15 10 -15 10 -14 10 -13 9 -14 10 -14 10 -14 11 -14 11 -14 12 -14 12 -13 11 -13 12 -14 12 -13 12 -13 13 -13 12 -12 12 -13 13 -12 12 -13 13 -13 13 -12 13 -12 14 -12 14 -12 13 0 0 0 0 0 0 0 0 0 0 ]
101,1782983939.327148,17.8928,-65,CSI_DATA,AP,98:F4:AB:29:67:94,-65,11,1,5,1,1,1,1,0,0,0,-96,1,6,1,37435503,0,84,0,0,37.8201,384,[84 -64 4 0 0 0 0 0 0 0 0 0 9 -13 11 -12 11 -13 12 -13 11 -12 12 -11 13 -12 13 -11 14 -11 14 -11 14 -12 14 -12 14 -11 14 -10 15 -10 15 -10 15 -10 15 -9 14 -9 14 -9 15 -9 15 -8 14 -9 14 -9 15 -9 14 -10 0 0 15 -9 15 -10 15 -10 14 -10 14 -9 14 -9 15 -10 14 -11 14 -11 13 -12 13 -12 13 -11 13 -11 13 -12 13 -11 14 -12 14 -12 13 -12 14 -12 13 -12 13 -13 13 -13 13 -13 13 -13 12 -13 12 -13 0 0 0 0 0 0 0 0 0 0 ]
102,1782983939.419317,19.0152,-65,CSI_DATA,AP,98:F4:AB:29:67:94,-65,11,1,5,1,1,1,1,0,0,0,-96,1,6,1,37514887,0,84,0,0,37.8995,384,[84 -64 4 0 0 0 0 0 0 0 0 0 -9 -16 -8 -16 -9 -18 -7 -18 -8 -18 -7 -18 -6 -19 -5 -19 -6 -19 -5 -19 -6 -20 -5 -21 -5 -21 -5 -20 -4 -19 -4 -22 -4 -20 -4 -21 -4 -19 -3 -19 -3 -19 -3 -20 -3 -19 -3 -19 -3 -20 -4 -20 0 0 -4 -19 -5 -20 -5 -19 -6 -19 -5 -18 -5 -19 -5 -19 -6 -19 -6 -19 -6 -19 -8 -19 -7 -19 -8 -18 -8 -19 -8 -19 -8 -18 -9 -19 -8 -18 -9 -19 -9 -19 -9 -18 -10 -18 -10 -19 -10 -18 -9 -18 -10 -18 0 0 0 0 0 0 0 0 0 0 ]
103,1782983939.510030,19.6295,-65,CSI_DATA,AP,98:F4:AB:29:67:94,-65,11,1,5,1,1,1,1,0,0,0,-96,1,6,1,37609254,0,84,0,0,37.9939,384,[84 -64 4 0 0 0 0 0 0 0 0 0 14 -11 15 -10 16 -10 16 -9 17 -9 16 -9 17 -8 17 -7 18 -8 17 -7 18 -7 18 -7 19 -6 19 -7 18 -6 20 -5 19 -6 18 -5 18 -5 19 -5 18 -4 18 -4 18 -5 18 -5 19 -5 18 -5 0 0 18 -4 18 -6 18 -6 18 -6 18 -5 18 -6 18 -5 18 -6 17 -6 18 -7 17 -8 17 -8 18 -8 18 -8 17 -8 18 -9 19 -9 17 -9 17 -8 17 -9 18 -9 18 -9 18 -9 17 -10 18 -10 17 -11 0 0 0 0 0 0 0 0 0 0 ]
104,1782983939.608840,18.4663,-65,CSI_DATA,AP,98:F4:AB:29:67:94,-65,11,1,5,1,1,1,1,0,0,0,-96,1,6,1,37711693,0,84,0,0,38.0963,384,[84 -64 4 0 0 0 0 0 0 0 0 0 -13 -11 -12 -11 -13 -11 -13 -12 -13 -13 -11 -13 -11 -14 -11 -14 -11 -14 -11 -15 -11 -15 -11 -15 -11 -15 -10 -15 -9 -15 -10 -16 -10 -15 -10 -15 -9 -15 -8 -15 -9 -16 -9 -15 -9 -15 -9 -15 -9 -15 -9 -15 0 0 -9 -15 -10 -14 -10 -15 -11 -15 -10 -14 -11 -14 -10 -14 -11 -15 -11 -14 -12 -14 -12 -14 -12 -13 -12 -14 -12 -13 -13 -13 -13 -13 -13 -14 -13 -12 -12 -14 -13 -13 -13 -14 -13 -13 -13 -14 -14 -13 -14 -13 -14 -13 0 0 0 0 0 0 0 0 0 0 ]
105,1782983939.700428,17.1443,-65,CSI_DATA,AP,98:F4:AB:29:67:94,-65,11,1,5,1,1,1,1,0,0,0,-96,1,6,1,37784789,0,84,0,0,38.1693,384,[84 -64 4 0 0 0 0 0 0 0 0 0 15 0 16 0 16 1 16 2 16 1 15 2 16 2 16 3 17 3 16 5 16 5 17 5 16 5 16 5 16 5 17 5 16 5 16 4 15 6 16 5 16 5 16 5 15 6 15 6 15 6 15 5 0 0 16 4 17 4 16 5 16 4 15 5 16 3 16 4 16 3 16 2 17 3 17 3 16 4 16 4 16 2 17 1 17 1 18 2 17 2 16 1 17 0 17 1 17 1 18 1 18 1 17 1 17 0 0 0 0 0 0 0 0 0 0 0 ]
106,1782983939.790042,16.9371,-65,CSI_DATA,AP,98:F4:AB:29:67:94,-65,11,1,5,1,1,1,1,0,0,0,-96,1,6,1,37878195,0,84,0,0,38.2628,384,[84 -64 4 0 0 0 0 0 0 0 0 0 17 1 16 2 18 3 17 3 18 4 17 4 18 5 17 7 17 6 18 7 18 7 18 7 17 7 17 8 17 8 18 8 16 8 17 7 16 9 16 8 16 9 16 8 15 8 16 8 15 9 16 8 0 0 16 9 18 8 16 7 18 7 16 7 17 7 17 7 17 7 17 7 18 6 18 6 17 7 18 6 17 6 19 5 18 4 20 5 18 5 19 4 19 4 19 5 19 4 19 5 19 4 18 4 19 4 0 0 0 0 0 0 0 0 0 0 ]
107,1782983939.880484,17.5962,-66,CSI_DATA,AP,98:F4:AB:29:67:94,-66,11,1,6,1,1,1,1,0,0,0,-96,1,6,1,37963525,0,84,0,0,38.3482,384,[84 -64 4 0 0 0 0 0 0 0 0 0 14 -11 14 -10 14 -10 15 -10 15 -10 15 -9 16 -9 16 -8 17 -8 16 -8 17 -8 18 -7 17 -7 18 -7 18 -7 18 -7 18 -6 17 -6 17 -6 18 -5 18 -6 18 -5 17 -5 17 -5 18 -5 17 -6 0 0 17 -6 18 -6 18 -6 17 -7 17 -6 17 -6 18 -7 16 -7 18 -8 17 -9 16 -9 16 -8 17 -8 17 -8 17 -8 17 -9 18 -8 17 -10 17 -9 17 -10 17 -9 17 -10 17 -9 17 -10 17 -10 16 -11 0 0 0 0 0 0 0 0 0 0 ]
108,1782983939.969852,17.3481,-66,CSI_DATA,AP,98:F4:AB:29:67:94,-66,11,1,6,1,1,1,1,0,0,0,-96,1,6,1,38053504,0,84,0,0,38.4381,384,[84 -64 4 0 0 0 0 0 0 0 0 0 -9 -13 -9 -14 -9 -14 -8 -14 -8 -16 -8 -15 -7 -15 -7 -16 -6 -17 -6 -17 -6 -17 -6 -18 -5 -17 -5 -17 -5 -17 -5 -18 -4 -17 -5 -17 -4 -17 -3 -17 -4 -17 -4 -17 -3 -17 -4 -17 -3 -17 -4 -18 0 0 -4 -16 -5 -17 -5 -16 -4 -17 -3 -16 -5 -16 -5 -17 -5 -17 -5 -17 -7 -17 -6 -17 -5 -15 -6 -17 -6 -17 -7 -16 -7 -17 -7 -17 -6 -17 -6 -16 -7 -17 -7 -17 -8 -17 -7 -17 -8 -17 -7 -17 -8 -15 0 0 0 0 0 0 0 0 0 0 ]
109,1782983940.063290,17.4634,-66,CSI_DATA,AP,98:F4:AB:29:67:94,-66,11,1,6,1,1,1,1,0,0,0,-96,1,6,1,38143482,0,84,0,0,38.5281,384,[84 -64 4 0 0 0 0 0 0 0 0 0 14 10 13 9 15 11 13 10 14 11 13 11 14 12 12 12 14 12 12 14 13 14 12 15 12 15 12 15 11 14 14 15 12 14 12 14 11 14 11 14 11 15 12 14 11 15 11 14 11 14 11 14 0 0 12 14 13 13 12 13 13 13 13 12 12 13 12 13 13 13 13 12 14 14 13 13 13 13 13 13 13 11 15 13 14 11 15 13 15 11 15 12 15 11 15 12 16 11 16 12 16 11 15 11 16 10 0 0 0 0 0 0 0 0 0 0 ]
110,1782983940.153300,17.4188,-66,CSI_DATA,AP,98:F4:AB:29:67:94,-66,11,1,6,1,1,1,1,0,0,0,-96,1,6,1,38235101,0,84,0,0,38.6197,384,[84 -64 4 0 0 0 0 0 0 0 0 0 -13 9 -13 8 -15 8 -14 7 -15 8 -14 7 -16 7 -16 6 -16 6 -16 5 -17 5 -18 6 -17 4 -17 5 -16 4 -18 5 -16 4 -17 5 -17 4 -17 3 -16 3 -17 3 -17 3 -16 4 -17 4 -17 4 0 0 -17 3 -16 4 -16 4 -17 5 -16 4 -16 5 -17 4 -16 4 -17 5 -17 6 -16 7 -16 6 -16 6 -15 6 -17 7 -17 8 -18 7 -16 7 -16 7 -17 7 -17 7 -15 7 -16 7 -17 8 -16 7 -16 8 0 0 0 0 0 0 0 0 0 0 ]
111,1782983940.244702,16.9764,-66,CSI_DATA,AP,98:F4:AB:29:67:94,-66,11,1,6,1,1,1,1,0,0,0,-96,1,6,1,38326163,0,84,0,0,38.7108,384,[84 -64 4 0 0 0 0 0 0 0 0 0 1 15 0 15 0 16 0 15 -1 16 -1 16 -1 16 -3 16 -3 17 -3 16 -3 17 -3 17 -4 17 -5 17 -4 16 -5 17 -4 16 -5 16 -5 16 -5 15 -6 15 -5 16 -5 15 -5 15 -4 16 -5 16 0 0 -5 16 -5 16 -5 16 -3 15 -4 15 -4 15 -4 16 -4 16 -3 17 -2 17 -3 17 -2 16 -2 16 -2 17 -2 17 -2 17 -2 17 -1 16 -2 17 -1 17 -2 18 -1 17 -1 17 0 17 0 17 -1 17 0 0 0 0 0 0 0 0 0 0 ]
112,1782983940.335577,17.7819,-65,CSI_DATA,AP,98:F4:AB:29:67:94,-65,11,1,5,1,1,1,1,0,0,0,-96,1,6,1,38423542,0,84,0,0,38.8081,384,[84 -64 4 0 0 0 0 0 0 0 0 0 -12 -12 -12 -13 -12 -13 -12 -14 -11 -14 -10 -13 -10 -15 -9 -16 -10 -15 -10 -15 -9 -15 -10 -16 -9 -17 -10 -17 -8 -15 -9 -17 -8 -16 -8 -16 -8 -16 -7 -16 -7 -16 -7 -17 -7 -16 -7 -16 -8 -16 -8 -16 0 0 -8 -16 -9 -16 -8 -16 -9 -15 -8 -15 -8 -16 -8 -16 -9 -16 -9 -15 -10 -15 -10 -15 -10 -15 -10 -15 -10 -15 -10 -14 -11 -15 -10 -16 -11 -14 -11 -15 -11 -15 -11 -15 -11 -15 -11 -14 -12 -15 -11 -14 -11 -14 0 0 0 0 0 0 0 0 0 0 ]
113,1782983940.427917,19.1784,-66,CSI_DATA,AP,98:F4:AB:29:67:94,-66,11,1,6,1,1,1,1,0,0,0,-96,1,6,1,38504527,0,84,0,0,38.889,384,[84 -64 4 0 0 0 0 0 0 0 0 0 -7 -17 -7 -16 -7 -18 -6 -18 -6 -19 -5 -18 -5 -19 -5 -19 -4 -19 -3 -19 -3 -21 -2 -19 -3 -20 -2 -20 -3 -20 -3 -21 -2 -19 -2 -20 -2 -19 -3 -20 -3 -19 -3 -20 -2 -19 -2 -19 -2 -20 -3 -19 0 0 -4 -19 -4 -19 -3 -19 -4 -18 -4 -19 -5 -19 -5 -19 -6 -19 -6 -19 -7 -18 -6 -19 -6 -18 -6 -19 -6 -18 -8 -19 -8 -18 -8 -18 -9 -18 -9 -18 -10 -18 -9 -18 -10 -18 -9 -19 -9 -18 -9 -18 -9 -18 0 0 0 0 0 0 0 0 0 0 ]
114,1782983940.521666,18.1052,-66,CSI_DATA,AP,98:F4:AB:29:67:94,-66,11,1,6,1,1,1,1,0,0,0,-96,1,6,1,38594539,0,84,0,0,38.9792,384,[84 -64 4 0 0 0 0 0 0 0 0 0 16 0 15 0 16 0 16 1 16 2 15 2 16 3 15 3 16 4 15 5 17 4 16 4 16 5 17 4 16 4 16 5 16 5 16 5 15 5 16 5 15 6 15 5 15 5 15 6 16 6 15 5 0 0 15 5 16 5 16 4 16 5 15 4 16 4 16 4 16 4 16 4 17 3 16 2 16 3 16 2 17 3 17 2 17 2 18 3 16 1 17 2 17 2 16 2 17 1 18 2 18 0 17 1 17 0 0 0 0 0 0 0 0 0 0 0 ]
115,1782983940.614625,17.1062,-65,CSI_DATA,AP,98:F4:AB:29:67:94,-65,11,1,5,1,1,1,1,0,0,0,-96,1,6,1,38685548,0,84,0,0,39.0702,384,[84 -64 4 0 0 0 0 0 0 0 0 0 1 15 0 16 0 16 0 17 -1 16 -2 16 -2 17 -3 16 -2 17 -3 16 -3 17 -4 18 -4 18 -4 17 -4 17 -4 18 -4 17 -4 16 -5 16 -4 16 -5 17 -4 16 -4 16 -4 16 -4 16 -4 17 0 0 -3 16 -4 17 -3 17 -2 16 -3 16 -2 16 -3 16 -1 16 -2 17 -1 17 -1 18 -1 17 -1 17 0 17 0 17 0 17 0 17 0 17 0 18 1 17 0 18 1 17 1 17 2 17 2 17 2 17 0 0 0 0 0 0 0 0 0 0 ]
116,1782983940.704945,17.0389,-65,CSI_DATA,AP,98:F4:AB:29:67:94,-65,11,1,5,1,1,1,1,0,0,0,-96,1,6,1,38777257,0,84,0,0,39.162,384,[84 -64 4 0 0 0 0 0 0 0 0 0 5 -16 6 -15 6 -16 6 -16 8 -15 8 -15 9 -15 8 -15 9 -15 9 -14 10 -15 10 -15 10 -14 11 -15 10 -14 12 -16 10 -14 11 -14 10 -14 11 -13 12 -13 11 -13 11 -13 11 -13 11 -13 10 -14 0 0 10 -14 10 -14 11 -14 10 -14 10 -13 10 -14 10 -15 10 -15 10 -15 9 -15 9 -16 9 -15 9 -15 8 -16 9 -16 9 -17 8 -16 8 -17 9 -16 8 -16 8 -16 7 -17 7 -17 7 -17 7 -17 7 -18 0 0 0 0 0 0 0 0 0 0 ]
117,1782983940.792444,16.9957,-67,CSI_DATA,AP,AC:3D:CB:BB:D5:D2,-67,11,0,0,0,0,0,0,0,0,0,-96,0,6,1,38797132,0,79,0,0,39.1955,128,[79 -16 4 0 0 0 0 0 0 0 0 0 -13 16 -15 17 -14 17 -13 17 -14 16 -15 19 -15 19 -13 19 -15 20 -16 23 -17 25 -19 27 -20 27 -21 30 -21 27 -21 28 -21 28 -20 27 -21 26 -21 26 -21 24 -20 24 -19 23 -19 21 -19 21 -17 20 0 0 -18 18 -16 16 -14 14 -13 13 -13 11 -10 10 -10 8 -7 7 -7 5 -5 4 -3 3 -2 2 -1 1 0 1 2 0 2 -2 1 -2 3 -2 4 -4 5 -4 5 -6 5 -7 7 -7 5 -9 7 -9 6 -9 0 0 0 0 0 0 0 0 0 0 ]
118,1782983940.879425,16.7244,-65,CSI_DATA,AP,98:F4:AB:29:67:94,-65,11,1,5,1,1,1,1,0,0,0,-96,1,6,1,38860704,0,84,0,0,39.2455,384,[84 -64 4 0 0 0 0 0 0 0 0 0 -6 15 -6 14 -7 15 -8 14 -7 15 -8 14 -9 15 -10 14 -9 14 -10 14 -10 15 -11 14 -11 14 -11 14 -11 14 -12 15 -11 14 -10 13 -11 13 -11 12 -11 13 -11 13 -11 12 -11 13 -11 13 -11 13 0 0 -10 13 -10 14 -10 14 -9 14 -9 13 -9 14 -10 14 -9 14 -9 14 -8 15 -8 16 -8 15 -7 15 -8 16 -8 16 -7 16 -7 16 -7 16 -7 16 -7 16 -7 16 -6 17 -6 17 -5 17 -6 16 -5 17 0 0 0 0 0 0 0 0 0 0 ]
119,1782983940.966894,17.1363,-65,CSI_DATA,AP,98:F4:AB:29:67:94,-65,11,1,5,1,1,1,1,0,0,0,-96,1,6,1,38953903,0,84,0,0,39.3386,384,[84 -64 4 0 0 0 0 0 0 0 0 0 -16 -7 -14 -8 -15 -9 -15 -8 -15 -9 -14 -10 -14 -10 -13 -11 -14 -11 -14 -12 -15 -11 -14 -12 -14 -12 -15 -12 -14 -12 -15 -13 -14 -12 -14 -12 -13 -12 -13 -12 -13 -13 -13 -13 -12 -12 -14 -12 -13 -12 -13 -12 0 0 -14 -12 -14 -11 -14 -11 -14 -10 -13 -11 -14 -11 -15 -11 -14 -11 -15 -11 -15 -9 -16 -9 -15 -9 -15 -9 -15 -9 -16 -8 -17 -8 -17 -9 -15 -9 -16 -9 -17 -9 -16 -9 -16 -8 -17 -8 -18 -7 -17 -8 -17 -7 0 0 0 0 0 0 0 0 0 0 ]
120,1782983941.053258,18.2589,-66,CSI_DATA,AP,98:F4:AB:29:67:94,-66,11,1,6,1,1,1,1,0,0,0,-96,1,6,1,39043522,0,84,0,0,39.4282,384,[84 -64 4 0 0 0 0 0 0 0 0 0 16 5 16 6 16 7 16 8 16 8 16 8 16 9 16 9 16 10 15 10 16 10 16 11 16 10 16 11 15 11 15 12 14 12 13 11 15 11 14 11 14 12 13 11 14 11 14 11 15 12 15 11 0 0 14 11 15 11 16 11 15 10 14 10 15 11 15 10 16 9 15 10 16 9 17 9 16 9 17 8 17 8 16 9 17 9 17 8 17 7 18 8 17 7 18 7 18 7 18 7 18 7 17 6 17 6 0 0 0 0 0 0 0 0 0 0 ]
121,1782983941.146226,18.7544,-66,CSI_DATA,AP,98:F4:AB:29:67:94,-66,11,1,6,1,1,1,1,0,0,0,-96,1,6,1,39133524,0,84,0,0,39.5182,384,[84 -64 4 0 0 0 0 0 0 0 0 0 1 17 0 17 0 18 0 18 0 19 -1 17 -1 19 -2 18 -2 18 -3 19 -3 19 -3 19 -3 19 -4 19 -3 18 -4 21 -4 18 -4 19 -5 18 -4 18 -5 18 -4 17 -5 18 -4 18 -5 18 -4 18 0 0 -3 18 -3 19 -3 18 -3 18 -2 17 -2 18 -1 18 -2 19 0 18 -1 19 0 19 0 17 0 18 0 18 1 20 1 19 1 20 1 19 2 19 2 19 1 19 2 19 2 20 2 19 3 19 3 19 0 0 0 0 0 0 0 0 0 0 ]
122,1782983941.229709,19.1786,-66,CSI_DATA,AP,98:F4:AB:29:67:94,-66,11,1,6,1,1,1,1,0,0,0,-96,1,6,1,39223277,0,84,0,0,39.6078,384,[84 -64 4 0 0 0 0 0 0 0 0 0 9 -16 9 -15 10 -16 10 -16 11 -16 11 -15 12 -16 12 -14 12 -15 13 -14 14 -15 14 -14 14 -14 14 -14 13 -13 15 -15 15 -14 14 -13 13 -12 14 -13 15 -12 14 -13 14 -13 14 -13 14 -12 14 -13 0 0 13 -13 13 -14 13 -14 13 -14 13 -13 13 -14 12 -14 12 -14 13 -14 13 -15 12 -15 12 -14 12 -15 12 -15 11 -16 11 -17 13 -17 10 -15 12 -17 10 -17 10 -16 10 -17 12 -17 10 -17 10 -17 9 -16 0 0 0 0 0 0 0 0 0 0 ]
123,1782983941.316918,19.7420,-66,CSI_DATA,AP,98:F4:AB:29:67:94,-66,11,1,6,1,1,1,1,0,0,0,-96,1,6,1,39313446,0,84,0,0,39.6981,384,[84 -64 4 0 0 0 0 0 0 0 0 0 9 -16 10 -15 11 -15 12 -15 12 -15 12 -14 13 -14 13 -14 13 -14 13 -13 14 -14 15 -14 15 -12 14 -14 14 -13 15 -13 15 -13 15 -12 15 -12 15 -12 15 -10 15 -11 14 -12 15 -12 15 -12 15 -13 0 0 14 -13 14 -12 15 -12 14 -12 13 -12 14 -12 14 -12 13 -13 14 -14 13 -15 12 -14 13 -13 12 -14 13 -15 13 -15 12 -15 13 -15 13 -15 12 -15 12 -16 12 -15 13 -16 12 -16 11 -17 12 -17 11 -16 0 0 0 0 0 0 0 0 0 0 ]
124,1782983941.407083,19.9644,-66,CSI_DATA,AP,98:F4:AB:29:67:94,-66,11,1,6,1,1,1,1,0,0,0,-96,1,6,1,39404574,0,84,0,0,39.7892,384,[84 -64 4 0 0 0 0 0 0 0 0 0 2 -18 2 -17 3 -18 4 -19 5 -19 5 -18 6 -18 5 -19 7 -18 6 -18 7 -19 7 -19 8 -18 8 -19 8 -18 9 -19 8 -18 8 -17 8 -17 8 -17 9 -17 9 -17 8 -17 8 -17 9 -18 8 -18 0 0 8 -18 7 -18 8 -18 7 -18 7 -17 7 -17 7 -17 6 -18 6 -18 6 -19 5 -18 6 -18 5 -18 5 -19 6 -19 5 -19 6 -20 5 -19 4 -19 5 -19 5 -19 4 -20 4 -20 2 -20 4 -20 3 -20 0 0 0 0 0 0 0 0 0 0 ]
125,1782983941.494079,19.7266,-66,CSI_DATA,AP,98:F4:AB:29:67:94,-66,11,1,6,1,1,1,1,0,0,0,-96,1,6,1,39493498,0,84,0,0,39.8781,384,[84 -64 4 0 0 0 0 0 0 0 0 0 0 -18 0 -18 0 -19 1 -19 1 -20 2 -19 3 -19 4 -20 3 -19 5 -19 5 -20 5 -20 5 -19 5 -19 6 -19 5 -19 7 -19 6 -18 6 -18 6 -18 7 -18 6 -19 7 -17 7 -17 7 -18 6 -18 0 0 7 -18 6 -18 6 -18 6 -18 5 -18 5 -19 5 -19 5 -18 5 -20 5 -19 5 -19 4 -18 6 -18 4 -19 3 -20 3 -20 5 -21 4 -20 4 -20 3 -20 3 -20 2 -20 3 -21 3 -20 3 -20 2 -20 0 0 0 0 0 0 0 0 0 0 ]
126,1782983941.582164,18.8557,-67,CSI_DATA,AP,98:F4:AB:29:67:94,-67,11,1,7,1,1,1,1,0,0,0,-96,1,6,1,39583542,0,84,0,0,39.9682,384,[84 -64 4 0 0 0 0 0 0 0 0 0 -15 7 -15 7 -17 7 -16 6 -17 6 -16 5 -17 5 -17 5 -17 5 -18 3 -19 3 -18 3 -18 3 -18 3 -17 3 -19 4 -17 3 -18 3 -17 3 -18 2 -17 2 -18 2 -18 1 -18 2 -18 2 -18 2 0 0 -18 2 -18 3 -17 3 -18 4 -17 3 -17 3 -18 3 -18 4 -17 4 -18 5 -19 5 -17 4 -17 5 -16 5 -17 6 -17 5 -19 5 -18 6 -17 5 -18 6 -17 5 -17 7 -18 6 -18 6 -18 6 -17 7 0 0 0 0 0 0 0 0 0 0 ]
127,1782983941.671741,17.5260,-65,CSI_DATA,AP,98:F4:AB:29:67:94,-65,11,1,5,1,1,1,1,0,0,0,-96,1,6,1,39675947,0,84,0,0,40.0605,384,[84 -64 4 0 0 0 0 0 0 0 0 0 5 15 5 15 4 16 4 16 3 17 3 17 2 17 1 17 1 18 1 17 1 18 0 18 0 18 0 18 0 17 0 19 0 18 0 18 -1 18 -1 17 -1 17 -1 17 -1 17 -1 17 0 17 0 17 0 0 -1 17 1 18 1 17 1 18 0 16 1 17 0 17 1 17 1 17 1 17 3 17 3 17 3 17 3 17 4 17 4 17 4 18 4 17 3 18 4 17 3 18 5 18 4 17 6 17 5 17 6 17 0 0 0 0 0 0 0 0 0 0 ]
128,1782983941.759989,16.8494,-65,CSI_DATA,AP,98:F4:AB:29:67:94,-65,11,1,5,1,1,1,1,0,0,0,-96,1,6,1,39779030,0,84,0,0,40.1637,384,[84 -64 4 0 0 0 0 0 0 0 0 0 16 -3 15 -3 17 -2 16 -2 17 -2 16 0 17 -1 17 0 18 0 18 1 18 2 17 2 18 2 17 2 17 2 19 2 17 2 17 2 16 3 17 2 17 3 16 2 17 3 17 3 17 3 17 2 0 0 16 3 18 2 17 1 17 1 16 1 17 1 17 1 16 1 17 0 17 0 17 0 16 0 17 0 17 -1 17 -1 17 -2 19 -1 17 -1 18 -2 17 -2 18 -2 18 -2 18 -2 18 -3 17 -1 18 -3 0 0 0 0 0 0 0 0 0 0 ]
129,1782983941.848085,16.5390,-67,CSI_DATA,AP,98:F4:AB:29:67:94,-67,11,1,7,1,1,1,1,0,0,0,-96,1,6,1,39855233,0,84,0,0,40.2399,384,[84 -64 4 0 0 0 0 0 0 0 0 0 10 12 9 12 10 13 11 13 9 14 8 14 9 14 9 14 8 15 8 15 8 16 8 16 8 16 7 16 7 14 7 17 7 16 7 16 6 16 7 16 7 16 6 16 6 16 6 15 6 16 6 15 0 0 6 15 7 16 7 15 7 15 7 14 8 16 8 15 8 15 8 15 9 15 9 15 9 15 8 15 9 15 9 15 9 15 11 15 10 14 11 14 11 15 11 14 12 14 11 14 12 14 11 14 11 14 0 0 0 0 0 0 0 0 0 0 ]
130,1782983941.942615,16.7867,-66,CSI_DATA,AP,98:F4:AB:29:67:94,-66,11,1,6,1,1,1,1,0,0,0,-96,1,6,1,39949958,0,84,0,0,40.3347,384,[84 -64 4 0 0 0 0 0 0 0 0 0 -9 12 -10 13 -10 13 -11 12 -12 12 -12 12 -12 12 -13 11 -13 12 -13 11 -15 11 -15 11 -15 10 -15 11 -14 10 -16 10 -14 10 -15 10 -14 9 -14 10 -15 10 -14 10 -15 10 -15 9 -15 9 -15 10 0 0 -14 10 -14 11 -13 10 -14 11 -13 10 -13 11 -13 11 -13 11 -13 12 -13 12 -14 13 -13 10 -13 11 -13 12 -12 13 -12 13 -12 13 -12 12 -12 13 -11 13 -12 14 -11 13 -12 14 -12 13 -12 14 -12 13 0 0 0 0 0 0 0 0 0 0 ]
131,1782983942.026684,16.9238,-66,CSI_DATA,AP,98:F4:AB:29:67:94,-66,11,1,6,1,1,1,1,0,0,0,-96,1,6,1,40034431,0,84,0,0,40.419,384,[84 -64 4 0 0 0 0 0 0 0 0 0 -18 -3 -18 -4 -19 -5 -18 -5 -19 -6 -18 -6 -18 -7 -19 -9 -18 -8 -19 -9 -20 -9 -19 -9 -20 -9 -19 -9 -18 -11 -19 -10 -18 -10 -17 -10 -18 -10 -16 -11 -17 -11 -16 -10 -17 -11 -17 -11 -17 -10 -18 -10 0 0 -17 -10 -18 -10 -18 -9 -18 -10 -17 -9 -18 -10 -17 -9 -17 -10 -18 -8 -19 -7 -20 -8 -19 -8 -19 -7 -19 -7 -20 -7 -20 -6 -20 -8 -20 -6 -19 -7 -19 -7 -20 -8 -19 -7 -20 -6 -21 -5 -21 -5 -21 -5 0 0 0 0 0 0 0 0 0 0 ]
132,1782983942.114889,18.0234,-66,CSI_DATA,AP,98:F4:AB:29:67:94,-66,11,1,6,1,1,1,1,0,0,0,-96,1,6,1,40125728,0,84,0,0,40.5103,384,[84 -64 4 0 0 0 0 0 0 0 0 0 -4 17 -4 18 -6 17 -6 18 -7 17 -6 17 -7 17 -8 18 -9 18 -8 17 -8 18 -9 17 -9 17 -10 17 -10 18 -10 18 -11 17 -11 16 -11 16 -10 16 -11 16 -10 16 -10 16 -10 16 -10 16 -11 17 0 0 -9 17 -10 17 -10 17 -10 16 -9 16 -9 16 -9 17 -9 17 -9 17 -8 17 -8 18 -8 17 -8 18 -7 19 -8 17 -8 19 -8 18 -7 18 -7 19 -7 19 -6 19 -7 19 -7 19 -6 19 -6 19 -6 20 0 0 0 0 0 0 0 0 0 0 ]
133,1782983942.203309,18.0350,-66,CSI_DATA,AP,98:F4:AB:29:67:94,-66,11,1,6,1,1,1,1,0,0,0,-96,1,6,1,40214740,0,84,0,0,40.5994,384,[84 -64 4 0 0 0 0 0 0 0 0 0 13 -8 13 -8 14 -8 14 -7 15 -8 14 -7 15 -7 15 -6 16 -6 17 -5 17 -5 17 -5 17 -4 17 -4 16 -5 18 -5 17 -4 17 -4 16 -4 16 -4 16 -3 16 -4 16 -4 16 -4 17 -3 16 -3 0 0 16 -4 16 -4 17 -5 16 -6 15 -4 16 -5 16 -5 16 -6 16 -6 16 -7 16 -6 15 -6 16 -6 16 -7 15 -8 16 -8 16 -8 15 -8 16 -8 15 -9 16 -8 15 -9 16 -9 16 -9 15 -9 15 -8 0 0 0 0 0 0 0 0 0 0 ]
134,1782983942.294262,17.8547,-66,CSI_DATA,AP,98:F4:AB:29:67:94,-66,11,1,6,1,1,1,1,0,0,0,-96,1,6,1,40304521,0,84,0,0,40.6891,384,[84 -64 4 0 0 0 0 0 0 0 0 0 -17 4 -16 3 -17 4 -16 4 -17 3 -16 2 -18 3 -17 1 -18 2 -19 0 -18 0 -18 0 -19 -1 -18 -1 -17 0 -20 1 -18 1 -18 0 -17 0 -18 -1 -18 -1 -18 0 -17 -1 -18 -1 -17 -1 -17 -1 0 0 -17 0 -18 1 -17 1 -18 2 -17 0 -17 0 -17 1 -18 1 -17 2 -18 3 -18 3 -17 2 -17 2 -17 3 -18 4 -16 4 -19 3 -17 4 -18 4 -18 5 -17 4 -17 5 -19 4 -19 5 -18 5 -17 5 0 0 0 0 0 0 0 0 0 0 ]
135,1782983942.381778,17.9432,-67,CSI_DATA,AP,98:F4:AB:29:67:94,-67,11,1,7,1,1,1,1,0,0,0,-96,1,6,1,40395620,0,84,0,0,40.7803,384,[84 -64 4 0 0 0 0 0 0 0 0 0 3 -16 3 -16 4 -16 4 -17 5 -16 5 -17 5 -17 6 -16 7 -17 7 -16 7 -17 7 -17 8 -17 7 -17 8 -16 8 -17 9 -17 8 -15 8 -15 9 -15 9 -15 10 -16 8 -15 7 -15 8 -16 8 -16 0 0 9 -15 8 -16 8 -17 7 -17 8 -16 7 -17 8 -15 7 -16 7 -17 6 -17 5 -17 6 -17 6 -17 6 -17 6 -17 6 -18 6 -17 5 -18 5 -18 5 -18 6 -18 5 -17 4 -18 3 -19 4 -18 5 -19 0 0 0 0 0 0 0 0 0 0 ]
136,1782983942.471209,17.7582,-67,CSI_DATA,AP,98:F4:AB:29:67:94,-67,11,1,7,1,1,1,1,0,0,0,-96,1,6,1,40484460,0,84,0,0,40.8691,384,[84 -64 4 0 0 0 0 0 0 0 0 0 -14 9 -14 9 -14 9 -16 8 -16 8 -16 8 -16 7 -16 7 -16 6 -16 7 -17 8 -18 7 -17 6 -17 5 -17 5 -19 6 -18 5 -17 4 -18 4 -17 4 -17 4 -18 4 -17 4 -17 4 -17 5 -17 5 0 0 -17 5 -17 5 -18 5 -16 6 -17 4 -17 5 -17 5 -17 5 -17 6 -16 6 -17 7 -16 7 -16 8 -17 8 -17 7 -16 9 -16 7 -16 7 -16 7 -16 8 -16 8 -17 8 -16 8 -16 9 -17 9 -16 10 0 0 0 0 0 0 0 0 0 0 ]
137,1782983942.560834,15.9510,-67,CSI_DATA,AP,98:F4:AB:29:67:94,-67,11,1,7,1,1,1,1,0,0,0,-96,1,6,1,40575599,0,84,0,0,40.9602,384,[84 -64 4 0 0 0 0 0 0 0 0 0 13 7 12 7 12 8 12 7 12 8 11 8 12 9 12 9 12 9 11 10 12 10 12 11 11 11 11 11 10 11 11 12 10 12 10 12 10 11 9 11 9 11 10 11 10 11 9 12 10 11 10 11 0 0 10 11 9 11 10 11 11 11 10 10 11 10 10 11 10 10 10 11 10 10 11 10 11 10 11 10 11 10 12 10 12 10 12 11 11 10 12 10 12 9 13 9 12 9 12 9 13 9 13 9 13 9 0 0 0 0 0 0 0 0 0 0 ]
138,1782983942.648388,15.8389,-67,CSI_DATA,AP,98:F4:AB:29:67:94,-67,11,1,7,1,1,1,1,0,0,0,-96,1,6,1,40664255,0,84,0,0,41.0489,384,[84 -64 4 0 0 0 0 0 0 0 0 0 10 12 10 11 9 13 9 13 10 14 7 14 9 15 8 14 9 15 6 16 7 16 7 16 6 17 6 17 6 16 7 18 7 16 7 16 7 16 6 17 6 16 6 16 5 17 5 16 4 16 6 16 0 0 6 15 7 16 7 15 8 16 6 14 7 15 7 15 7 15 7 15 7 16 9 15 8 15 8 15 9 14 10 15 9 14 9 15 10 14 9 14 10 14 9 15 11 14 11 16 10 14 11 14 10 14 0 0 0 0 0 0 0 0 0 0 ]
139,1782983942.738104,15.8619,-67,CSI_DATA,AP,98:F4:AB:29:67:94,-67,11,1,7,1,1,1,1,0,0,0,-96,1,6,1,40771560,0,84,0,0,41.1562,384,[84 -64 4 0 0 0 0 0 0 0 0 0 -14 1 -14 2 -15 2 -15 1 -16 1 -15 0 -16 1 -16 0 -16 0 -16 -2 -17 -2 -17 -2 -17 -2 -16 -2 -16 -3 -18 -2 -16 -3 -16 -2 -16 -2 -15 -2 -16 -3 -16 -3 -16 -2 -15 -3 -16 -4 -15 -2 0 0 -16 -2 -16 -2 -15 -2 -16 -1 -15 -2 -17 -1 -16 -1 -16 0 -16 0 -17 -1 -17 0 -16 0 -16 0 -16 -1 -17 0 -16 1 -17 0 -16 1 -17 2 -16 2 -17 1 -16 2 -17 2 -17 3 -16 2 -16 1 0 0 0 0 0 0 0 0 0 0 ]
140,1782983942.827515,17.1723,-66,CSI_DATA,AP,98:F4:AB:29:67:94,-66,11,1,6,1,1,1,1,0,0,0,-96,1,6,1,40846532,0,84,0,0,41.231,384,[84 -64 4 0 0 0 0 0 0 0 0 0 -16 -2 -17 -3 -17 -3 -17 -3 -17 -4 -17 -4 -17 -4 -17 -5 -17 -5 -17 -6 -17 -6 -17 -6 -17 -6 -17 -7 -17 -6 -17 -8 -16 -8 -16 -7 -16 -7 -16 -7 -16 -7 -17 -7 -16 -7 -16 -7 -17 -7 -17 -7 0 0 -16 -6 -17 -7 -17 -6 -16 -6 -15 -6 -16 -6 -17 -6 -16 -5 -17 -5 -18 -4 -17 -5 -17 -4 -17 -4 -18 -4 -17 -4 -18 -3 -18 -4 -18 -3 -18 -3 -18 -2 -18 -2 -18 -3 -18 -2 -18 -2 -18 -3 -18 -2 0 0 0 0 0 0 0 0 0 0 ]
141,1782983942.915204,16.3424,-67,CSI_DATA,AP,98:F4:AB:29:67:94,-67,11,1,7,1,1,1,1,0,0,0,-96,1,6,1,40933441,0,84,0,0,41.3181,384,[84 -64 4 0 0 0 0 0 0 0 0 0 12 -7 12 -6 14 -7 13 -6 14 -7 13 -5 14 -6 13 -6 14 -5 15 -5 16 -4 15 -4 16 -4 15 -4 15 -3 15 -4 15 -4 15 -4 15 -4 16 -4 15 -3 15 -3 14 -4 15 -2 15 -3 15 -3 0 0 14 -4 15 -4 14 -4 14 -5 14 -4 14 -5 15 -5 14 -6 14 -5 14 -7 15 -6 13 -6 14 -5 14 -6 15 -7 14 -7 15 -7 14 -7 13 -8 13 -9 14 -8 13 -8 14 -8 14 -8 14 -8 14 -8 0 0 0 0 0 0 0 0 0 0 ]
142,1782983943.004322,17.1308,-67,CSI_DATA,AP,98:F4:AB:29:67:94,-67,11,1,7,1,1,1,1,0,0,0,-96,1,6,1,41024356,0,84,0,0,41.409,384,[84 -64 4 0 0 0 0 0 0 0 0 0 -11 -13 -11 -13 -11 -15 -10 -15 -11 -15 -9 -14 -10 -15 -9 -15 -10 -16 -8 -16 -9 -17 -8 -17 -8 -16 -8 -17 -8 -16 -8 -17 -8 -17 -8 -17 -8 -17 -8 -17 -7 -17 -7 -16 -6 -17 -7 -16 -7 -16 -8 -17 0 0 -8 -16 -8 -16 -8 -16 -9 -16 -8 -15 -9 -15 -9 -16 -10 -15 -10 -15 -10 -15 -11 -15 -10 -15 -10 -15 -11 -15 -12 -15 -12 -14 -11 -15 -11 -15 -12 -15 -12 -14 -12 -14 -13 -14 -13 -14 -13 -14 -13 -14 -12 -14 0 0 0 0 0 0 0 0 0 0 ]
143,1782983943.091866,17.7151,-67,CSI_DATA,AP,98:F4:AB:29:67:94,-67,11,1,7,1,1,1,1,0,0,0,-96,1,6,1,41115571,0,84,0,0,41.5002,384,[84 -64 4 0 0 0 0 0 0 0 0 0 -4 -17 -5 -15 -4 -17 -4 -16 -4 -17 -3 -17 -2 -18 -2 -17 -2 -18 -1 -18 -1 -18 -1 -19 -1 -19 -1 -18 0 -17 0 -18 2 -19 0 -17 0 -18 1 -18 1 -18 1 -18 1 -18 1 -18 1 -18 1 -18 0 0 0 -18 -1 -18 0 -18 -1 -17 -1 -18 -1 -18 -1 -18 -2 -18 -2 -18 -2 -18 -2 -18 -2 -18 -2 -17 -3 -18 -3 -18 -3 -18 -2 -19 -3 -19 -3 -18 -3 -19 -3 -19 -3 -18 -3 -18 -4 -19 -3 -19 -4 -18 0 0 0 0 0 0 0 0 0 0 ]
144,1782983943.181756,17.6365,-66,CSI_DATA,AP,98:F4:AB:29:67:94,-66,11,1,6,1,1,1,1,0,0,0,-96,1,6,1,41205419,0,84,0,0,41.59,384,[84 -64 4 0 0 0 0 0 0 0 0 0 -15 6 -15 6 -16 6 -16 5 -16 5 -16 5 -17 4 -17 3 -18 3 -17 3 -18 3 -19 3 -18 3 -18 2 -18 2 -19 1 -18 1 -17 1 -18 0 -17 1 -18 1 -17 0 -16 1 -18 1 -17 1 -17 1 0 0 -18 1 -17 1 -17 2 -16 1 -16 1 -17 1 -17 2 -17 2 -18 3 -17 3 -17 3 -16 4 -17 3 -17 4 -17 3 -18 4 -18 3 -17 4 -18 4 -17 5 -18 4 -17 5 -18 5 -17 6 -18 5 -17 6 0 0 0 0 0 0 0 0 0 0 ]
145,1782983943.270240,17.6163,-66,CSI_DATA,AP,98:F4:AB:29:67:94,-66,11,1,6,1,1,1,1,0,0,0,-96,1,6,1,41295710,0,84,0,0,41.6803,384,[84 -64 4 0 0 0 0 0 0 0 0 0 7 13 7 14 7 14 7 15 7 15 6 15 5 15 5 15 5 16 4 16 4 16 4 17 4 17 4 17 3 16 4 18 3 17 3 16 3 16 3 16 3 16 3 16 2 16 3 16 2 17 2 16 0 0 4 16 4 16 4 16 4 16 4 15 5 16 5 15 5 15 5 16 6 16 6 16 5 16 6 16 6 16 7 16 7 15 7 16 6 15 8 16 8 15 8 15 8 15 7 16 8 16 7 15 8 15 0 0 0 0 0 0 0 0 0 0 ]
146,1782983943.359113,17.3048,-66,CSI_DATA,AP,98:F4:AB:29:67:94,-66,11,1,6,1,1,1,1,0,0,0,-96,1,6,1,41399440,0,84,0,0,41.7841,384,[84 -64 4 0 0 0 0 0 0 0 0 0 -1 -17 0 -16 0 -17 1 -17 2 -18 1 -17 2 -17 3 -17 3 -17 3 -17 5 -18 6 -17 6 -18 6 -17 6 -18 5 -18 6 -17 6 -17 6 -16 6 -16 6 -17 6 -16 8 -15 7 -15 6 -16 6 -17 0 0 6 -16 6 -16 6 -16 6 -17 5 -16 5 -16 6 -17 6 -16 6 -18 4 -17 4 -17 4 -16 5 -17 4 -17 5 -18 4 -17 5 -18 4 -17 5 -18 3 -17 4 -18 4 -18 5 -20 4 -18 4 -17 2 -18 0 0 0 0 0 0 0 0 0 0 ]
147,1782983943.447183,16.2207,-66,CSI_DATA,AP,98:F4:AB:29:67:94,-66,11,1,6,1,1,1,1,0,0,0,-96,1,6,1,41477188,0,84,0,0,41.8617,384,[84 -64 4 0 0 0 0 0 0 0 0 0 15 -6 15 -5 16 -5 15 -4 16 -4 15 -3 17 -4 16 -2 17 -3 16 -2 17 -2 17 -2 17 -1 17 -1 17 -1 18 -1 17 0 17 0 16 0 17 0 17 1 16 0 16 1 16 0 16 0 16 0 0 0 17 0 17 0 17 0 17 0 16 0 17 0 16 0 17 -1 16 -1 16 -2 17 -2 16 -2 17 -2 17 -2 17 -2 17 -2 18 -3 17 -3 17 -3 17 -3 17 -2 16 -3 18 -3 17 -4 17 -3 16 -4 0 0 0 0 0 0 0 0 0 0 ]
148,1782983943.536063,16.5486,-67,CSI_DATA,AP,98:F4:AB:29:67:94,-67,11,1,7,1,1,1,1,0,0,0,-96,1,6,1,41565498,0,84,0,0,41.9501,384,[84 -64 4 0 0 0 0 0 0 0 0 0 6 14 7 14 6 15 5 16 5 16 5 16 4 17 4 17 3 16 3 16 4 17 3 17 2 18 3 17 2 17 2 18 1 17 1 16 2 17 1 17 1 17 1 17 1 16 2 17 1 17 3 18 0 0 2 17 3 16 2 16 2 15 2 16 3 16 2 16 4 16 4 16 4 16 5 17 5 16 5 17 5 16 5 16 5 16 5 17 5 17 5 17 5 16 6 17 6 17 6 17 7 16 7 16 7 16 0 0 0 0 0 0 0 0 0 0 ]
149,1782983943.622570,16.7532,-67,CSI_DATA,AP,98:F4:AB:29:67:94,-67,11,1,7,1,1,1,1,0,0,0,-96,1,6,1,41655527,0,84,0,0,42.0401,384,[84 -64 4 0 0 0 0 0 0 0 0 0 -2 16 -2 16 -3 17 -3 16 -4 17 -4 16 -4 16 -4 16 -5 17 -6 17 -6 18 -7 16 -6 17 -7 17 -7 16 -7 17 -7 16 -7 16 -7 15 -7 15 -6 16 -7 17 -7 16 -7 16 -7 16 -7 16 0 0 -6 16 -6 17 -5 15 -6 16 -5 14 -5 16 -5 16 -4 16 -4 17 -4 18 -4 17 -4 17 -3 17 -4 17 -3 17 -3 17 -3 18 -2 17 -2 18 -2 18 -3 17 -1 18 -1 19 -2 18 -2 17 -1 18 0 0 0 0 0 0 0 0 0 0 ]
150,1782983943.711028,17.0120,-67,CSI_DATA,AP,98:F4:AB:29:67:94,-67,11,1,7,1,1,1,1,0,0,0,-96,1,6,1,41747889,0,84,0,0,42.1325,384,[84 -64 4 0 0 0 0 0 0 0 0 0 -13 -11 -13 -11 -13 -12 -14 -11 -14 -12 -12 -12 -13 -13 -13 -13 -12 -13 -12 -14 -12 -15 -11 -16 -12 -16 -11 -15 -11 -15 -12 -15 -11 -15 -11 -15 -10 -15 -11 -15 -10 -15 -10 -15 -10 -15 -10 -15 -10 -15 -10 -15 0 0 -11 -15 -11 -15 -11 -15 -12 -14 -11 -14 -11 -15 -11 -14 -12 -14 -12 -13 -12 -14 -13 -13 -12 -13 -12 -12 -12 -12 -14 -13 -13 -12 -14 -13 -14 -12 -14 -13 -15 -13 -13 -13 -15 -12 -14 -14 -15 -13 -14 -12 -14 -12 0 0 0 0 0 0 0 0 0 0 ]
151,1782983943.798304,17.3753,-67,CSI_DATA,AP,98:F4:AB:29:67:94,-67,11,1,7,1,1,1,1,0,0,0,-96,1,6,1,41833456,0,84,0,0,42.2181,384,[84 -64 4 0 0 0 0 0 0 0 0 0 -14 -10 -13 -10 -14 -11 -14 -11 -13 -12 -13 -12 -13 -13 -13 -14 -12 -14 -13 -14 -12 -15 -12 -15 -11 -14 -12 -15 -11 -14 -12 -16 -11 -15 -11 -15 -11 -15 -10 -15 -10 -15 -10 -15 -11 -15 -10 -15 -10 -15 -10 -14 0 0 -11 -15 -12 -15 -11 -14 -11 -14 -11 -14 -11 -15 -11 -14 -12 -14 -11 -13 -12 -13 -13 -13 -13 -13 -12 -14 -12 -13 -13 -13 -13 -13 -14 -13 -13 -13 -13 -14 -14 -12 -13 -13 -14 -13 -15 -13 -15 -13 -14 -13 -15 -13 0 0 0 0 0 0 0 0 0 0 ]
152,1782983943.885892,17.9470,-67,CSI_DATA,AP,98:F4:AB:29:67:94,-67,11,1,7,1,1,1,1,0,0,0,-96,1,6,1,41923609,0,84,0,0,42.3082,384,[84 -64 4 0 0 0 0 0 0 0 0 0 -8 13 -9 14 -10 13 -10 14 -10 13 -10 13 -11 13 -12 13 -12 13 -12 13 -12 13 -13 13 -13 13 -13 13 -13 13 -13 12 -13 12 -13 12 -13 11 -13 11 -14 11 -13 11 -13 11 -13 11 -13 12 -13 13 0 0 -12 12 -12 12 -13 12 -12 12 -12 12 -12 12 -12 12 -11 12 -11 14 -11 13 -10 15 -11 14 -11 14 -11 14 -11 14 -11 15 -10 14 -10 15 -11 15 -10 15 -10 16 -10 16 -10 14 -9 16 -9 16 -9 16 0 0 0 0 0 0 0 0 0 0 ]
153,1782983943.980643,17.7044,-66,CSI_DATA,AP,98:F4:AB:29:67:94,-66,11,1,6,1,1,1,1,0,0,0,-96,1,6,1,42024495,0,84,0,0,42.4091,384,[84 -64 4 0 0 0 0 0 0 0 0 0 -2 15 -2 15 -2 15 -4 16 -4 16 -3 15 -4 16 -5 17 -5 15 -6 16 -6 16 -6 17 -7 17 -7 16 -7 16 -8 17 -8 16 -8 15 -7 15 -7 15 -8 15 -8 15 -7 15 -7 15 -8 15 -7 15 0 0 -7 16 -7 16 -7 15 -6 16 -6 15 -6 15 -6 16 -5 15 -6 16 -4 16 -4 16 -5 16 -4 16 -5 17 -5 16 -5 17 -4 17 -4 17 -4 17 -3 17 -3 17 -3 18 -2 17 -2 17 -3 17 -2 17 0 0 0 0 0 0 0 0 0 0 ]
154,1782983944.069071,18.1516,-67,CSI_DATA,AP,98:F4:AB:29:67:94,-67,11,1,7,1,1,1,1,0,0,0,-96,1,6,1,42105818,0,84,0,0,42.4904,384,[84 -64 4 0 0 0 0 0 0 0 0 0 -14 9 -14 9 -15 8 -15 8 -15 8 -15 8 -16 8 -16 8 -17 7 -17 6 -18 7 -18 6 -18 5 -18 5 -18 5 -19 4 -17 5 -18 5 -17 5 -18 5 -17 4 -17 5 -18 4 -17 4 -18 4 -17 5 0 0 -16 5 -17 6 -16 5 -17 7 -16 5 -17 6 -17 7 -16 6 -17 7 -17 7 -16 7 -17 7 -16 7 -15 7 -16 8 -16 8 -17 8 -16 8 -16 9 -16 9 -16 9 -16 9 -17 9 -17 10 -16 9 -16 10 0 0 0 0 0 0 0 0 0 0 ]
155,1782983944.158134,17.9032,-67,CSI_DATA,AP,98:F4:AB:29:67:94,-67,11,1,7,1,1,1,1,0,0,0,-96,1,6,1,42196782,0,84,0,0,42.5813,384,[84 -64 4 0 0 0 0 0 0 0 0 0 -14 8 -15 7 -16 7 -15 9 -15 7 -16 7 -17 6 -17 6 -17 6 -18 6 -17 6 -17 5 -18 5 -18 5 -18 4 -20 4 -18 4 -19 4 -17 5 -17 3 -18 3 -18 3 -16 3 -17 5 -17 4 -17 3 0 0 -17 4 -18 5 -17 4 -17 5 -16 5 -17 4 -18 4 -17 4 -17 6 -17 6 -17 7 -16 7 -16 7 -17 7 -17 7 -17 8 -17 7 -17 7 -18 7 -16 8 -18 7 -18 8 -17 9 -17 8 -16 9 -16 9 0 0 0 0 0 0 0 0 0 0 ]
156,1782983944.248257,17.0931,-67,CSI_DATA,AP,98:F4:AB:29:67:94,-67,11,1,7,1,1,1,1,0,0,0,-96,1,6,1,42283624,0,84,0,0,42.6682,384,[84 -64 4 0 0 0 0 0 0 0 0 0 -10 9 -11 10 -11 10 -12 10 -12 10 -13 10 -13 10 -13 9 -14 9 -13 8 -14 10 -14 8 -14 9 -14 8 -15 7 -16 7 -15 8 -14 7 -14 7 -14 6 -14 6 -15 7 -13 7 -14 7 -15 7 -15 8 0 0 -14 7 -14 7 -15 8 -13 7 -14 8 -14 7 -14 8 -13 8 -14 8 -13 8 -13 9 -13 9 -13 9 -13 9 -13 9 -13 10 -13 8 -13 10 -13 10 -12 10 -13 10 -12 10 -13 11 -13 11 -12 11 -13 11 0 0 0 0 0 0 0 0 0 0 ]
157,1782983944.338359,16.9955,-66,CSI_DATA,AP,98:F4:AB:29:67:94,-66,11,1,6,1,1,1,1,0,0,0,-96,1,6,1,42375287,0,84,0,0,42.7599,384,[84 -64 4 0 0 0 0 0 0 0 0 0 2 15 2 15 1 16 1 16 0 16 0 16 0 17 -1 16 -1 17 -2 17 -3 17 -2 18 -4 17 -3 17 -3 17 -3 18 -3 17 -3 16 -3 16 -4 16 -4 16 -4 16 -4 16 -4 16 -4 17 -4 16 0 0 -3 16 -3 17 -3 17 -2 16 -2 16 -2 17 -2 17 -1 17 -2 17 -1 17 -1 17 -1 17 -1 16 0 17 0 17 1 17 0 18 0 17 0 17 1 17 1 17 1 17 1 18 1 18 1 17 1 17 0 0 0 0 0 0 0 0 0 0 ]
158,1782983944.428882,16.3931,-66,CSI_DATA,AP,98:F4:AB:29:67:94,-66,11,1,6,1,1,1,1,0,0,0,-96,1,6,1,42463911,0,84,0,0,42.8485,384,[84 -64 4 0 0 0 0 0 0 0 0 0 8 14 6 13 8 15 6 15 6 14 5 15 6 16 4 16 5 16 4 16 4 17 3 17 3 17 3 18 3 16 3 18 3 17 3 17 2 17 3 17 3 16 3 16 2 16 2 16 2 16 2 17 0 0 3 16 4 16 4 16 4 17 4 15 4 17 5 16 5 16 5 16 5 16 5 16 5 15 5 16 6 16 7 16 7 16 7 16 7 16 7 16 8 16 7 15 8 16 8 16 8 16 7 15 8 16 0 0 0 0 0 0 0 0 0 0 ]
159,1782983944.523610,15.9688,-66,CSI_DATA,AP,98:F4:AB:29:67:94,-66,11,1,6,1,1,1,1,0,0,0,-96,1,6,1,42553455,0,84,0,0,42.9381,384,[84 -64 4 0 0 0 0 0 0 0 0 0 -15 -4 -15 -4 -15 -4 -15 -4 -15 -5 -15 -6 -15 -6 -14 -7 -15 -6 -14 -7 -15 -8 -15 -8 -15 -8 -15 -8 -15 -8 -15 -8 -14 -8 -14 -8 -14 -8 -13 -8 -14 -9 -14 -9 -14 -9 -14 -9 -14 -8 -14 -9 0 0 -14 -9 -14 -8 -14 -8 -14 -7 -14 -7 -14 -8 -15 -7 -15 -8 -14 -7 -15 -6 -16 -7 -15 -7 -15 -6 -15 -6 -16 -6 -16 -5 -16 -6 -16 -5 -16 -5 -16 -5 -16 -5 -16 -5 -16 -5 -17 -4 -16 -5 -16 -5 0 0 0 0 0 0 0 0 0 0 ]
160,1782983944.607266,17.4889,-64,CSI_DATA,AP,98:F4:AB:29:67:94,-64,11,1,4,1,1,1,1,0,0,0,-96,1,6,1,42646099,0,84,0,0,43.0307,384,[84 -64 4 0 0 0 0 0 0 0 0 0 -16 6 -16 6 -18 5 -18 5 -18 4 -18 4 -18 3 -18 3 -19 3 -19 3 -20 2 -19 2 -20 2 -20 1 -19 1 -20 0 -19 0 -19 0 -19 0 -18 0 -19 0 -19 0 -18 0 -18 0 -19 -1 -19 0 0 0 -19 1 -19 1 -20 1 -18 2 -17 1 -18 1 -19 2 -19 2 -18 2 -18 3 -19 3 -18 3 -19 3 -18 4 -19 4 -19 4 -19 4 -18 5 -19 5 -18 5 -18 5 -19 5 -19 5 -19 6 -18 5 -19 6 0 0 0 0 0 0 0 0 0 0 ]
161,1782983944.696819,17.0595,-66,CSI_DATA,AP,98:F4:AB:29:67:94,-66,11,1,6,1,1,1,1,0,0,0,-96,1,6,1,42737284,0,84,0,0,43.1219,384,[84 -64 4 0 0 0 0 0 0 0 0 0 13 -9 14 -9 14 -9 15 -8 16 -7 15 -7 16 -7 16 -7 16 -7 16 -6 17 -6 18 -5 18 -5 17 -5 16 -4 18 -5 17 -4 17 -4 16 -3 17 -4 17 -4 16 -4 17 -3 16 -3 16 -3 17 -4 0 0 16 -3 17 -4 16 -5 16 -5 15 -4 16 -5 16 -5 16 -5 16 -5 16 -6 16 -7 15 -6 16 -6 15 -7 16 -7 16 -7 17 -7 16 -7 16 -8 16 -8 16 -8 15 -7 16 -8 16 -8 16 -8 16 -8 0 0 0 0 0 0 0 0 0 0 ]
162,1782983944.784468,16.7681,-65,CSI_DATA,AP,98:F4:AB:29:67:94,-65,11,1,5,1,1,1,1,0,0,0,-96,1,6,1,42840742,0,84,0,0,43.2253,384,[84 -64 4 0 0 0 0 0 0 0 0 0 13 -10 13 -9 14 -9 15 -9 15 -9 14 -8 15 -8 15 -7 16 -7 16 -7 17 -7 17 -6 17 -6 17 -6 16 -6 18 -6 17 -5 17 -6 16 -5 16 -5 16 -5 17 -5 16 -4 16 -5 16 -4 16 -5 0 0 16 -5 17 -6 16 -5 16 -6 16 -6 16 -6 16 -6 16 -6 15 -7 15 -8 15 -8 15 -7 15 -8 16 -8 16 -9 16 -9 16 -9 15 -9 16 -10 15 -10 15 -9 15 -9 15 -10 16 -10 15 -10 15 -11 0 0 0 0 0 0 0 0 0 0 ]
163,1782983944.871600,17.5353,-65,CSI_DATA,AP,98:F4:AB:29:67:94,-65,11,1,5,1,1,1,1,0,0,0,-96,1,6,1,42913198,0,84,0,0,43.2977,384,[84 -64 4 0 0 0 0 0 0 0 0 0 14 -8 14 -8 15 -8 15 -7 16 -7 16 -7 16 -6 17 -5 17 -5 17 -5 18 -5 18 -4 17 -4 18 -4 17 -4 18 -3 18 -3 17 -3 17 -2 17 -3 17 -2 17 -2 17 -2 17 -3 18 -2 17 -3 0 0 17 -3 18 -3 17 -3 16 -4 16 -3 17 -3 17 -4 17 -4 17 -3 17 -6 17 -5 16 -5 17 -6 17 -5 17 -5 17 -6 18 -6 17 -7 17 -6 16 -6 17 -6 17 -6 17 -7 17 -8 17 -7 16 -8 0 0 0 0 0 0 0 0 0 0 ]
164,1782983944.959414,18.0692,-65,CSI_DATA,AP,98:F4:AB:29:67:94,-65,11,1,5,1,1,1,1,0,0,0,-96,1,6,1,43005701,0,84,0,0,43.3903,384,[84 -64 4 0 0 0 0 0 0 0 0 0 -13 -12 -12 -13 -13 -13 -13 -14 -11 -14 -11 -14 -11 -15 -11 -14 -11 -15 -10 -15 -10 -16 -10 -16 -10 -16 -10 -17 -9 -16 -9 -17 -9 -17 -9 -16 -8 -17 -9 -16 -9 -16 -8 -17 -8 -16 -8 -16 -8 -16 -9 -16 0 0 -9 -15 -10 -15 -9 -16 -10 -15 -9 -14 -9 -15 -10 -15 -10 -15 -11 -15 -12 -15 -12 -15 -11 -14 -11 -14 -12 -14 -12 -14 -13 -14 -13 -15 -12 -13 -13 -14 -13 -13 -13 -14 -13 -13 -14 -14 -14 -14 -13 -13 -14 -13 0 0 0 0 0 0 0 0 0 0 ]
165,1782983945.048089,17.5874,-65,CSI_DATA,AP,98:F4:AB:29:67:94,-65,11,1,5,1,1,1,1,0,0,0,-96,1,6,1,43096104,0,84,0,0,43.4807,384,[84 -64 4 0 0 0 0 0 0 0 0 0 7 14 6 15 6 16 6 15 5 16 5 15 5 17 5 16 4 17 3 17 2 18 2 18 1 18 2 18 2 17 2 19 1 17 1 18 1 17 1 17 1 17 2 17 0 18 1 17 0 17 1 17 0 0 2 17 2 17 1 17 2 17 2 16 3 16 4 17 3 16 3 16 4 18 3 18 3 17 4 17 4 16 4 17 6 17 5 18 5 17 5 17 6 17 5 17 6 17 5 18 6 17 5 17 6 16 0 0 0 0 0 0 0 0 0 0 ]
166,1782983945.136577,17.4995,-65,CSI_DATA,AP,98:F4:AB:29:67:94,-65,11,1,5,1,1,1,1,0,0,0,-96,1,6,1,43186287,0,84,0,0,43.5709,384,[84 -64 4 0 0 0 0 0 0 0 0 0 -2 17 -2 15 -3 17 -3 17 -4 17 -4 17 -5 16 -6 16 -6 16 -7 16 -7 17 -7 17 -7 17 -7 16 -8 15 -8 18 -8 16 -8 16 -8 15 -8 15 -8 16 -8 16 -9 15 -8 15 -9 15 -8 15 0 0 -7 15 -7 17 -7 15 -7 16 -7 15 -7 15 -7 15 -7 16 -6 16 -7 17 -6 16 -6 16 -6 16 -5 17 -5 18 -4 18 -5 18 -5 17 -5 17 -4 17 -6 18 -5 18 -4 18 -4 18 -4 17 -4 18 0 0 0 0 0 0 0 0 0 0 ]
167,1782983945.224067,16.5533,-66,CSI_DATA,AP,98:F4:AB:29:67:94,-66,11,1,6,1,1,1,1,0,0,0,-96,1,6,1,43275483,0,84,0,0,43.6601,384,[84 -64 4 0 0 0 0 0 0 0 0 0 15 -1 16 0 16 0 16 0 17 0 17 2 17 2 17 2 17 3 16 2 18 4 17 3 17 4 17 4 17 4 17 6 17 5 15 5 15 6 16 5 15 5 15 5 15 6 15 5 15 5 16 5 0 0 15 5 16 5 16 5 16 4 15 5 16 4 16 4 16 4 16 4 16 3 17 3 17 3 17 3 16 3 17 3 17 3 18 3 16 2 17 3 18 2 17 2 17 2 18 2 18 1 17 2 17 2 0 0 0 0 0 0 0 0 0 0 ]
168,1782983945.312174,17.1497,-66,CSI_DATA,AP,98:F4:AB:29:67:94,-66,11,1,6,1,1,1,1,0,0,0,-96,1,6,1,43363555,0,84,0,0,43.7482,384,[84 -64 4 0 0 0 0 0 0 0 0 0 -9 -14 -8 -15 -7 -15 -8 -15 -7 -17 -7 -16 -6 -17 -6 -17 -6 -17 -6 -17 -5 -18 -5 -18 -5 -18 -5 -18 -4 -18 -5 -18 -4 -18 -4 -18 -4 -17 -3 -18 -3 -17 -3 -18 -3 -17 -3 -18 -3 -18 -4 -17 0 0 -3 -18 -4 -17 -4 -18 -5 -17 -4 -17 -5 -17 -5 -16 -5 -17 -5 -18 -6 -16 -6 -17 -6 -16 -6 -17 -7 -17 -6 -18 -7 -17 -7 -17 -7 -17 -7 -17 -8 -17 -7 -17 -8 -17 -8 -17 -8 -17 -8 -17 -8 -17 0 0 0 0 0 0 0 0 0 0 ]
169,1782983945.401200,17.4958,-66,CSI_DATA,AP,98:F4:AB:29:67:94,-66,11,1,6,1,1,1,1,0,0,0,-96,1,6,1,43454083,0,84,0,0,43.8387,384,[84 -64 4 0 0 0 0 0 0 0 0 0 2 16 1 15 1 16 0 16 1 17 0 16 -1 17 -2 17 -1 17 -3 17 -3 18 -3 17 -4 18 -4 17 -3 17 -4 18 -3 17 -4 16 -4 16 -4 17 -4 16 -4 17 -5 16 -4 15 -5 17 -4 16 0 0 -4 16 -4 18 -3 17 -2 17 -3 15 -3 16 -3 16 -2 17 -2 17 -2 17 -2 17 -2 16 -2 16 -1 17 -1 17 -1 17 -1 19 0 17 0 17 0 18 0 17 1 17 0 18 0 18 0 17 0 17 0 0 0 0 0 0 0 0 0 0 ]
170,1782983945.488204,17.2860,-66,CSI_DATA,AP,98:F4:AB:29:67:94,-66,11,1,6,1,1,1,1,0,0,0,-96,1,6,1,43543934,0,84,0,0,43.9286,384,[84 -64 4 0 0 0 0 0 0 0 0 0 -9 13 -9 13 -10 14 -11 14 -11 13 -11 12 -12 13 -13 12 -13 12 -13 11 -14 12 -14 11 -14 11 -15 11 -14 10 -15 12 -15 10 -14 10 -14 10 -14 10 -15 10 -15 9 -14 10 -15 9 -14 9 -14 9 0 0 -14 10 -14 11 -13 10 -14 11 -13 9 -13 10 -13 10 -13 10 -13 12 -14 12 -14 12 -13 11 -13 11 -12 12 -12 12 -12 13 -13 13 -12 12 -13 13 -12 14 -12 13 -12 13 -13 14 -12 14 -12 13 -12 14 0 0 0 0 0 0 0 0 0 0 ]
171,1782983945.574764,18.0567,-65,CSI_DATA,AP,98:F4:AB:29:67:94,-65,11,1,5,1,1,1,1,0,0,0,-96,1,6,1,43645563,0,84,0,0,44.0301,384,[84 -64 4 0 0 0 0 0 0 0 0 0 5 17 5 17 3 18 3 18 3 19 2 17 2 19 2 19 1 19 -1 20 0 20 -1 20 -1 20 -1 20 0 18 0 20 -1 19 -1 19 -1 17 -1 19 -1 18 -1 19 -2 18 -2 18 -2 19 -1 19 0 0 0 18 0 20 0 18 1 20 0 17 0 18 1 19 1 19 1 19 1 20 2 19 1 18 2 19 3 19 3 20 4 19 4 20 3 19 4 19 4 19 3 19 4 19 3 20 5 20 4 19 5 19 0 0 0 0 0 0 0 0 0 0 ]
172,1782983945.666292,18.4933,-66,CSI_DATA,AP,98:F4:AB:29:67:94,-66,11,1,6,1,1,1,1,0,0,0,-96,1,6,1,43723364,0,84,0,0,44.1079,384,[84 -64 4 0 0 0 0 0 0 0 0 0 -12 10 -12 10 -13 10 -14 10 -14 10 -14 9 -14 9 -14 9 -14 9 -16 8 -16 8 -16 8 -16 8 -17 8 -16 7 -18 7 -17 7 -16 7 -16 6 -16 6 -16 7 -16 6 -15 6 -16 7 -17 7 -16 7 0 0 -16 8 -16 7 -16 7 -15 8 -15 7 -15 8 -15 8 -16 8 -15 9 -15 10 -15 10 -15 9 -14 10 -15 10 -15 11 -14 10 -15 11 -14 10 -15 11 -14 11 -14 11 -14 11 -14 11 -14 12 -14 11 -14 12 0 0 0 0 0 0 0 0 0 0 ]
173,1782983945.757333,19.8499,-66,CSI_DATA,AP,98:F4:AB:29:67:94,-66,11,1,6,1,1,1,1,0,0,0,-96,1,6,1,43817631,0,84,0,0,44.2023,384,[84 -64 4 0 0 0 0 0 0 0 0 0 -17 5 -18 5 -18 5 -19 3 -19 4 -19 3 -20 2 -19 1 -19 2 -20 0 -20 0 -20 0 -21 0 -21 -1 -20 -2 -22 -1 -20 -1 -20 -1 -20 -2 -20 -1 -20 -2 -20 -2 -20 -2 -20 -2 -20 -2 -19 -1 0 0 -20 -1 -20 -1 -20 -1 -20 0 -19 -2 -20 -1 -20 0 -20 0 -20 0 -20 1 -21 1 -19 0 -20 1 -20 2 -20 2 -20 3 -21 2 -20 2 -20 3 -20 3 -20 2 -21 3 -21 3 -21 3 -20 2 -20 4 0 0 0 0 0 0 0 0 0 0 ]
174,1782983945.848291,19.2163,-65,CSI_DATA,AP,98:F4:AB:29:67:94,-65,11,1,5,1,1,1,1,0,0,0,-96,1,6,1,43903503,0,84,0,0,44.2881,384,[84 -64 4 0 0 0 0 0 0 0 0 0 -16 7 -16 6 -16 6 -17 6 -16 6 -17 6 -17 5 -17 3 -18 3 -18 3 -19 4 -19 2 -18 2 -18 1 -18 1 -19 1 -18 1 -18 1 -18 2 -19 0 -18 -1 -18 0 -17 0 -18 1 -18 0 -18 1 0 0 -18 1 -19 1 -18 1 -17 2 -18 1 -18 1 -17 1 -18 2 -17 2 -18 3 -19 3 -18 3 -18 3 -19 3 -18 4 -18 4 -19 4 -17 4 -18 3 -17 4 -18 4 -18 4 -18 4 -18 5 -18 5 -18 5 0 0 0 0 0 0 0 0 0 0 ]
175,1782983945.938648,17.3005,-65,CSI_DATA,AP,98:F4:AB:29:67:94,-65,11,1,5,1,1,1,1,0,0,0,-96,1,6,1,43999723,0,84,0,0,44.3843,384,[84 -64 4 0 0 0 0 0 0 0 0 0 8 -13 8 -12 9 -13 9 -13 10 -12 10 -12 11 -11 11 -11 12 -11 12 -11 12 -12 12 -12 13 -11 12 -11 12 -10 14 -11 13 -10 13 -10 13 -9 12 -9 13 -9 13 -8 12 -9 12 -10 13 -9 13 -10 0 0 13 -9 13 -10 12 -10 11 -10 12 -10 12 -10 12 -10 12 -10 12 -10 12 -11 11 -12 11 -11 11 -11 11 -11 11 -12 11 -12 12 -12 11 -12 11 -12 11 -12 11 -12 11 -12 11 -12 10 -14 10 -13 10 -13 0 0 0 0 0 0 0 0 0 0 ]
176,1782983946.029200,16.7249,-65,CSI_DATA,AP,98:F4:AB:29:67:94,-65,11,1,5,1,1,1,1,0,0,0,-96,1,6,1,44083551,0,84,0,0,44.4682,384,[84 -64 4 0 0 0 0 0 0 0 0 0 -1 15 -2 16 -3 16 -3 17 -3 16 -4 16 -4 17 -4 17 -5 17 -5 16 -7 17 -7 17 -7 17 -7 17 -7 16 -8 17 -8 17 -7 16 -8 15 -7 16 -7 16 -8 16 -8 15 -7 15 -8 15 -7 16 0 0 -7 16 -7 16 -7 16 -6 16 -7 15 -6 15 -7 16 -6 16 -6 16 -5 16 -6 17 -6 16 -5 16 -4 16 -5 17 -4 17 -5 17 -4 17 -4 18 -3 17 -4 17 -4 17 -3 18 -3 17 -4 17 -3 17 0 0 0 0 0 0 0 0 0 0 ]
177,1782983946.119303,16.6887,-65,CSI_DATA,AP,98:F4:AB:29:67:94,-65,11,1,5,1,1,1,1,0,0,0,-96,1,6,1,44173837,0,84,0,0,44.5584,384,[84 -64 4 0 0 0 0 0 0 0 0 0 1 16 0 15 0 17 -1 16 -1 18 -2 16 -2 17 -4 16 -4 18 -4 16 -4 18 -5 17 -4 18 -4 18 -4 16 -5 19 -4 17 -5 17 -4 17 -5 17 -5 16 -4 17 -5 17 -5 16 -5 17 -5 17 0 0 -4 17 -4 18 -3 16 -3 18 -3 16 -3 16 -3 17 -3 17 -2 17 -2 18 -1 18 -1 16 -1 17 -1 17 0 17 1 18 1 19 1 17 1 17 1 18 0 18 2 17 1 18 2 18 1 18 2 17 0 0 0 0 0 0 0 0 0 0 ]
178,1782983946.208975,16.8321,-66,CSI_DATA,AP,98:F4:AB:29:67:94,-66,11,1,6,1,1,1,1,0,0,0,-96,1,6,1,44265370,0,84,0,0,44.65,384,[84 -64 4 0 0 0 0 0 0 0 0 0 -10 12 -11 11 -12 12 -12 11 -13 11 -12 11 -13 11 -14 10 -14 11 -15 11 -15 11 -15 10 -15 10 -15 10 -15 9 -16 10 -15 10 -14 9 -15 9 -15 8 -15 8 -15 10 -15 9 -14 9 -14 10 -15 9 0 0 -14 9 -14 10 -14 10 -14 11 -13 10 -14 11 -13 10 -13 11 -13 11 -13 11 -13 12 -12 11 -12 12 -12 12 -13 13 -12 13 -12 13 -12 13 -12 13 -11 13 -11 13 -11 13 -12 14 -10 16 -12 14 -11 14 0 0 0 0 0 0 0 0 0 0 ]
179,1782983946.297233,17.0320,-66,CSI_DATA,AP,98:F4:AB:29:67:94,-66,11,1,6,1,1,1,1,0,0,0,-96,1,6,1,44355693,0,84,0,0,44.7403,384,[84 -64 4 0 0 0 0 0 0 0 0 0 -16 -7 -14 -9 -16 -9 -16 -9 -15 -11 -14 -10 -13 -11 -14 -12 -14 -11 -15 -11 -14 -12 -14 -13 -13 -13 -13 -12 -13 -12 -14 -14 -13 -13 -12 -13 -12 -13 -13 -13 -13 -13 -13 -13 -12 -13 -12 -13 -12 -13 -12 -13 0 0 -13 -13 -14 -13 -13 -12 -13 -12 -12 -12 -14 -13 -13 -12 -13 -11 -14 -12 -14 -11 -15 -11 -15 -11 -14 -11 -15 -11 -15 -11 -15 -11 -15 -10 -15 -10 -16 -11 -15 -10 -15 -10 -15 -10 -16 -9 -16 -9 -16 -10 -16 -9 0 0 0 0 0 0 0 0 0 0 ]
180,1782983946.388024,17.1891,-66,CSI_DATA,AP,98:F4:AB:29:67:94,-66,11,1,6,1,1,1,1,0,0,0,-96,1,6,1,44443321,0,84,0,0,44.8278,384,[84 -64 4 0 0 0 0 0 0 0 0 0 11 -11 11 -11 12 -11 13 -10 13 -11 13 -10 13 -10 14 -10 13 -10 14 -9 15 -10 15 -9 16 -9 15 -9 16 -9 16 -9 15 -8 15 -8 15 -8 15 -8 15 -7 15 -8 15 -8 15 -7 16 -7 15 -8 0 0 15 -8 15 -8 15 -8 15 -8 14 -8 15 -8 15 -9 14 -9 14 -10 14 -10 15 -10 13 -10 13 -10 13 -10 13 -10 14 -11 14 -11 15 -11 13 -11 13 -12 13 -12 13 -12 13 -12 14 -13 13 -12 13 -12 0 0 0 0 0 0 0 0 0 0 ]
181,1782983946.478396,17.7079,-66,CSI_DATA,AP,98:F4:AB:29:67:94,-66,11,1,6,1,1,1,1,0,0,0,-96,1,6,1,44533746,0,84,0,0,44.9184,384,[84 -64 4 0 0 0 0 0 0 0 0 0 1 16 1 15 1 16 0 17 0 17 -1 16 -1 17 -2 16 -1 17 -2 17 -3 17 -3 17 -4 18 -4 18 -3 16 -3 18 -3 16 -3 17 -4 16 -4 17 -4 16 -3 16 -5 16 -4 15 -4 17 -4 16 0 0 -3 17 -2 18 -2 16 -2 17 -2 17 -1 17 -2 17 -2 17 -1 17 -1 17 0 17 -1 16 -1 17 0 16 1 18 1 17 1 18 1 17 1 18 2 16 1 17 2 17 2 19 3 18 1 17 2 17 0 0 0 0 0 0 0 0 0 0 ]
182,1782983946.565766,17.8101,-66,CSI_DATA,AP,98:F4:AB:29:67:94,-66,11,1,6,1,1,1,1,0,0,0,-96,1,6,1,44623403,0,84,0,0,45.008,384,[84 -64 4 0 0 0 0 0 0 0 0 0 -17 -8 -16 -8 -17 -8 -17 -9 -16 -11 -16 -10 -16 -11 -15 -12 -15 -12 -16 -13 -16 -14 -16 -13 -15 -14 -16 -14 -15 -13 -15 -14 -15 -13 -15 -14 -14 -14 -14 -14 -15 -15 -14 -15 -14 -14 -14 -14 -15 -14 -15 -14 0 0 -15 -13 -15 -14 -15 -14 -16 -13 -14 -12 -14 -13 -14 -13 -15 -13 -15 -12 -16 -12 -16 -12 -16 -12 -17 -12 -16 -12 -18 -12 -18 -12 -18 -12 -18 -12 -17 -12 -17 -11 -17 -12 -18 -11 -18 -12 -19 -10 -18 -10 -18 -11 0 0 0 0 0 0 0 0 0 0 ]
183,1782983946.653375,18.5104,-66,CSI_DATA,AP,98:F4:AB:29:67:94,-66,11,1,6,1,1,1,1,0,0,0,-96,1,6,1,44715509,0,84,0,0,45.1001,384,[84 -64 4 0 0 0 0 0 0 0 0 0 -15 -6 -16 -7 -15 -7 -16 -8 -15 -8 -15 -8 -15 -9 -15 -9 -15 -10 -15 -10 -16 -10 -15 -11 -15 -11 -15 -11 -15 -11 -15 -12 -15 -12 -14 -11 -14 -12 -13 -11 -13 -12 -13 -12 -14 -12 -14 -12 -14 -12 -14 -11 0 0 -15 -11 -15 -11 -15 -11 -14 -10 -13 -10 -14 -11 -14 -10 -15 -10 -15 -10 -16 -10 -16 -9 -16 -9 -17 -9 -16 -8 -16 -9 -16 -9 -16 -9 -16 -8 -17 -9 -17 -7 -17 -8 -17 -8 -17 -8 -18 -7 -17 -7 -17 -7 0 0 0 0 0 0 0 0 0 0 ]
184,1782983946.739523,17.7720,-67,CSI_DATA,AP,98:F4:AB:29:67:94,-67,11,1,7,1,1,1,1,0,0,0,-96,1,6,1,44805381,0,84,0,0,45.19,384,[84 -64 4 0 0 0 0 0 0 0 0 0 3 16 2 15 1 16 0 17 1 16 0 16 0 16 -1 17 -1 17 -2 16 -2 17 -3 17 -2 18 -3 17 -3 17 -3 19 -2 18 -2 17 -4 16 -4 17 -3 16 -3 17 -3 15 -4 16 -3 17 -3 16 0 0 -3 16 -3 17 -2 17 -2 16 -3 16 -2 17 -2 17 -1 16 -1 17 -1 16 -1 18 -1 17 0 17 0 17 0 16 0 18 0 18 1 17 0 18 2 17 2 19 2 18 1 18 1 18 2 17 2 18 0 0 0 0 0 0 0 0 0 0 ]
185,1782983946.827687,16.8873,-67,CSI_DATA,AP,98:F4:AB:29:67:94,-67,11,1,7,1,1,1,1,0,0,0,-96,1,6,1,44898174,0,84,0,0,45.2828,384,[84 -64 4 0 0 0 0 0 0 0 0 0 12 10 12 10 12 12 13 11 11 12 11 12 12 13 11 12 11 13 11 13 10 14 10 15 9 15 10 15 9 13 10 16 10 14 9 15 9 15 9 14 9 13 9 14 9 14 9 14 9 14 10 14 0 0 10 14 10 14 10 13 10 14 10 13 11 13 11 13 10 12 11 12 11 12 11 13 11 12 12 12 11 12 13 12 13 11 13 13 13 11 14 11 13 10 13 11 14 10 13 12 13 10 13 11 13 11 0 0 0 0 0 0 0 0 0 0 ]
186,1782983946.914567,18.7406,-67,CSI_DATA,AP,98:F4:AB:29:67:94,-67,11,1,7,1,1,1,1,0,0,0,-96,1,6,1,44983530,0,84,0,0,45.3681,384,[84 -64 4 0 0 0 0 0 0 0 0 0 -14 12 -15 11 -15 12 -15 12 -16 10 -16 10 -17 10 -17 10 -18 9 -18 9 -19 9 -19 9 -19 9 -20 9 -19 8 -20 8 -19 8 -19 8 -19 7 -19 7 -19 6 -19 7 -19 6 -19 8 -19 7 -19 7 0 0 -18 7 -18 8 -18 8 -18 9 -17 7 -18 8 -18 8 -17 9 -18 9 -17 9 -17 11 -17 10 -17 11 -18 10 -17 11 -18 12 -17 11 -18 11 -18 11 -16 12 -17 11 -17 11 -17 12 -16 13 -17 13 -16 13 0 0 0 0 0 0 0 0 0 0 ]
187,1782983947.002776,18.3217,-67,CSI_DATA,AP,98:F4:AB:29:67:94,-67,11,1,7,1,1,1,1,0,0,0,-96,1,6,1,45075472,0,84,0,0,45.4601,384,[84 -64 4 0 0 0 0 0 0 0 0 0 16 -2 16 -1 17 -1 16 1 17 -1 17 0 17 1 16 1 17 2 16 2 17 2 17 2 18 4 18 3 17 3 18 4 17 4 16 4 16 4 16 5 16 5 16 5 16 5 16 4 17 4 17 4 0 0 16 4 16 4 18 4 16 3 16 3 17 3 16 4 17 3 16 3 16 3 17 2 17 2 17 1 17 2 17 2 19 2 18 1 18 1 19 2 17 1 18 1 18 1 18 1 18 0 18 0 19 0 0 0 0 0 0 0 0 0 0 0 ]
188,1782983947.090175,18.4439,-67,CSI_DATA,AP,98:F4:AB:29:67:94,-67,11,1,7,1,1,1,1,0,0,0,-96,1,6,1,45165134,0,84,0,0,45.5497,384,[84 -64 4 0 0 0 0 0 0 0 0 0 -6 16 -6 15 -7 16 -7 16 -8 15 -9 15 -8 15 -9 16 -10 15 -10 14 -11 15 -10 15 -11 14 -11 14 -11 14 -12 14 -11 14 -11 14 -11 12 -12 13 -12 13 -12 14 -12 12 -11 13 -12 14 -11 13 0 0 -11 13 -11 14 -11 14 -10 14 -10 14 -10 14 -10 14 -10 14 -10 15 -9 15 -9 16 -9 14 -9 15 -9 16 -9 15 -8 17 -9 16 -8 16 -8 16 -8 17 -8 16 -8 17 -8 16 -8 17 -7 17 -9 17 0 0 0 0 0 0 0 0 0 0 ]
189,1782983947.177936,17.7479,-66,CSI_DATA,AP,98:F4:AB:29:67:94,-66,11,1,6,1,1,1,1,0,0,0,-96,1,6,1,45267520,0,84,0,0,45.6521,384,[84 -64 4 0 0 0 0 0 0 0 0 0 5 -15 6 -16 6 -16 7 -16 7 -16 7 -15 8 -15 8 -16 9 -15 9 -15 10 -16 10 -15 10 -15 11 -15 11 -15 11 -14 11 -14 10 -13 11 -14 11 -13 11 -13 11 -13 10 -12 10 -13 11 -13 11 -14 0 0 10 -14 10 -13 11 -14 9 -14 10 -13 10 -14 9 -14 9 -14 10 -15 8 -15 9 -15 8 -15 9 -15 8 -16 9 -15 9 -17 9 -16 8 -17 8 -16 7 -16 8 -16 8 -16 7 -16 8 -17 8 -17 7 -17 0 0 0 0 0 0 0 0 0 0 ]
190,1782983947.266801,18.0011,-67,CSI_DATA,AP,98:F4:AB:29:67:94,-67,11,1,7,1,1,1,1,0,0,0,-96,1,6,1,45344122,0,84,0,0,45.7287,384,[84 -64 4 0 0 0 0 0 0 0 0 0 -2 -16 -1 -17 0 -18 0 -18 0 -18 1 -17 1 -18 2 -18 2 -19 4 -18 3 -19 3 -18 3 -19 4 -18 3 -17 4 -18 4 -18 5 -18 4 -17 4 -17 5 -16 5 -17 5 -17 4 -16 4 -18 5 -17 0 0 5 -17 4 -17 4 -17 3 -17 3 -16 4 -17 4 -18 3 -17 4 -17 2 -18 1 -18 2 -18 2 -18 2 -18 2 -19 2 -19 1 -19 1 -18 2 -19 1 -18 1 -19 1 -19 1 -20 0 -19 1 -20 0 -19 0 0 0 0 0 0 0 0 0 0 ]
191,1782983947.354922,18.4026,-67,CSI_DATA,AP,98:F4:AB:29:67:94,-67,11,1,7,1,1,1,1,0,0,0,-96,1,6,1,45436703,0,84,0,0,45.8213,384,[84 -64 4 0 0 0 0 0 0 0 0 0 -12 -12 -11 -14 -11 -13 -11 -15 -10 -15 -10 -15 -10 -15 -9 -16 -9 -16 -9 -16 -9 -17 -8 -17 -9 -17 -8 -17 -8 -16 -8 -18 -8 -18 -7 -17 -7 -17 -7 -16 -7 -17 -7 -16 -7 -16 -8 -17 -8 -17 -8 -16 0 0 -7 -17 -8 -16 -7 -17 -8 -15 -8 -16 -8 -16 -9 -17 -9 -15 -9 -16 -10 -15 -10 -15 -10 -15 -10 -16 -10 -16 -10 -15 -11 -16 -11 -16 -11 -16 -11 -15 -11 -16 -11 -15 -12 -15 -12 -15 -12 -15 -12 -15 -12 -15 0 0 0 0 0 0 0 0 0 0 ]
192,1782983947.442517,18.4501,-65,CSI_DATA,AP,98:F4:AB:29:67:94,-65,11,1,5,1,1,1,1,0,0,0,-96,1,6,1,45531311,0,84,0,0,45.9159,384,[84 -64 4 0 0 0 0 0 0 0 0 0 -11 -13 -11 -13 -10 -14 -11 -14 -10 -14 -10 -15 -9 -16 -9 -16 -8 -16 -7 -16 -8 -16 -8 -17 -8 -17 -9 -18 -8 -17 -9 -17 -6 -17 -6 -17 -7 -16 -6 -16 -6 -17 -6 -17 -5 -16 -6 -17 -7 -17 -7 -17 0 0 -7 -17 -7 -17 -7 -17 -7 -16 -7 -16 -7 -16 -7 -16 -8 -16 -7 -17 -10 -15 -9 -15 -9 -15 -9 -16 -9 -16 -9 -16 -10 -16 -10 -16 -10 -16 -10 -16 -10 -15 -10 -15 -10 -16 -10 -16 -11 -15 -11 -15 -12 -16 0 0 0 0 0 0 0 0 0 0 ]
193,1782983947.529731,18.5373,-65,CSI_DATA,AP,AC:3D:CB:BB:D5:D2,-65,11,0,0,0,0,0,0,0,0,0,-96,0,6,1,45615808,0,79,0,0,46.0006,128,[79 -16 4 0 0 0 0 0 0 0 0 0 13 9 11 9 11 9 11 9 11 8 11 10 11 9 11 8 11 8 13 9 13 9 15 10 16 10 16 10 16 9 17 9 17 9 17 8 17 8 19 8 19 8 19 7 20 7 21 8 21 8 22 8 0 0 24 9 24 8 25 8 25 9 26 9 26 9 27 10 26 10 27 10 27 12 27 12 27 12 27 13 29 13 25 12 24 12 23 11 22 11 20 11 19 11 19 10 18 11 20 12 18 11 18 12 16 11 0 0 0 0 0 0 0 0 0 0 ]
194,1782983947.618939,18.8954,-62,CSI_DATA,AP,98:F4:AB:29:67:94,-62,11,1,1,1,1,1,1,0,0,0,-96,1,6,1,45620380,0,84,0,0,46.0297,384,[84 -64 4 0 0 0 0 0 0 0 0 0 13 -13 13 -12 14 -13 15 -12 15 -12 15 -11 16 -10 16 -10 17 -10 18 -10 18 -10 18 -10 18 -9 18 -9 17 -8 19 -9 17 -8 17 -9 17 -7 18 -8 17 -8 18 -8 17 -7 17 -7 18 -7 17 -8 0 0 16 -8 17 -9 16 -9 16 -10 16 -8 17 -9 16 -9 16 -9 16 -10 16 -11 16 -11 15 -10 16 -11 16 -11 16 -12 16 -12 17 -12 15 -12 16 -12 15 -13 16 -12 15 -13 16 -13 15 -14 15 -13 14 -13 0 0 0 0 0 0 0 0 0 0 ]
195,1782983947.705422,17.5222,-66,CSI_DATA,AP,98:F4:AB:29:67:94,-66,11,1,6,1,1,1,1,0,0,0,-96,1,6,1,45703606,0,84,0,0,46.0883,384,[84 -64 4 0 0 0 0 0 0 0 0 0 -8 -13 -7 -14 -8 -14 -7 -14 -6 -15 -6 -14 -6 -15 -5 -15 -5 -16 -4 -16 -5 -16 -4 -17 -4 -16 -4 -16 -4 -16 -4 -17 -3 -16 -3 -16 -3 -15 -2 -16 -3 -16 -3 -16 -3 -16 -3 -16 -3 -16 -4 -16 0 0 -4 -15 -4 -15 -4 -15 -4 -15 -5 -14 -4 -15 -4 -15 -5 -16 -5 -14 -6 -16 -6 -15 -6 -15 -6 -15 -6 -15 -7 -15 -7 -15 -7 -15 -7 -15 -7 -15 -8 -15 -7 -15 -8 -15 -8 -16 -8 -15 -8 -15 -8 -15 0 0 0 0 0 0 0 0 0 0 ]
196,1782983947.796343,17.4577,-66,CSI_DATA,AP,98:F4:AB:29:67:94,-66,11,1,6,1,1,1,1,0,0,0,-96,1,6,1,45793968,0,84,0,0,46.1786,384,[84 -64 4 0 0 0 0 0 0 0 0 0 16 -2 16 -2 16 -1 17 -1 17 0 16 -1 17 1 17 1 17 1 17 2 18 2 17 2 18 3 18 2 17 3 18 3 17 3 16 3 16 4 16 3 16 3 17 3 16 3 15 3 17 3 16 3 0 0 16 2 17 2 17 2 16 2 16 2 16 1 16 1 16 1 17 1 17 0 17 0 17 0 17 0 17 0 17 0 17 -2 18 -1 17 -1 18 -1 17 -2 18 -1 18 -1 18 -2 18 -3 17 -2 18 -3 0 0 0 0 0 0 0 0 0 0 ]
197,1782983947.885950,17.9875,-66,CSI_DATA,AP,98:F4:AB:29:67:94,-66,11,1,6,1,1,1,1,0,0,0,-96,1,6,1,45889218,0,84,0,0,46.2738,384,[84 -64 4 0 0 0 0 0 0 0 0 0 -7 17 -8 17 -9 17 -9 17 -9 17 -9 16 -10 17 -10 16 -10 16 -11 16 -12 16 -12 17 -12 16 -12 16 -13 15 -13 16 -13 16 -13 15 -12 14 -12 15 -12 15 -12 15 -12 15 -12 14 -12 15 -12 16 0 0 -11 15 -11 16 -11 16 -10 15 -9 15 -9 16 -10 16 -9 16 -10 18 -9 17 -9 17 -9 17 -8 17 -8 18 -7 18 -8 19 -8 18 -8 19 -8 18 -7 18 -7 19 -7 19 -7 19 -6 19 -6 19 -7 19 0 0 0 0 0 0 0 0 0 0 ]
198,1782983947.974986,18.2011,-66,CSI_DATA,AP,98:F4:AB:29:67:94,-66,11,1,6,1,1,1,1,0,0,0,-96,1,6,1,45975126,0,84,0,0,46.3597,384,[84 -64 4 0 0 0 0 0 0 0 0 0 17 4 17 4 18 5 18 5 17 6 17 6 18 7 17 7 18 7 18 9 18 8 17 10 18 10 16 9 16 9 18 10 17 9 17 9 15 10 16 9 16 10 17 9 16 10 16 9 16 9 16 9 0 0 16 8 18 9 17 8 17 8 16 8 16 7 17 7 17 7 18 6 19 7 18 6 17 6 18 7 19 6 20 6 19 5 20 6 19 4 19 5 19 4 20 4 19 5 20 5 20 4 19 5 19 5 0 0 0 0 0 0 0 0 0 0 ]
199,1782983948.062207,16.6217,-65,CSI_DATA,AP,98:F4:AB:29:67:94,-65,11,1,5,1,1,1,1,0,0,0,-96,1,6,1,46071363,0,84,0,0,46.456,384,[84 -64 4 0 0 0 0 0 0 0 0 0 7 -14 7 -14 8 -14 8 -14 9 -14 9 -13 10 -13 10 -12 10 -13 11 -12 11 -12 12 -12 12 -12 11 -11 11 -11 12 -12 12 -11 11 -11 12 -10 11 -10 12 -11 12 -11 11 -10 11 -11 12 -10 12 -11 0 0 11 -11 12 -12 11 -12 10 -12 11 -11 11 -12 11 -12 11 -12 10 -12 10 -12 10 -12 11 -12 11 -12 12 -13 10 -14 9 -14 10 -14 10 -14 10 -14 9 -14 9 -14 8 -15 9 -15 9 -15 9 -14 9 -14 0 0 0 0 0 0 0 0 0 0 ]
200,1782983948.149275,17.9198,-65,CSI_DATA,AP,98:F4:AB:29:67:94,-65,11,1,5,1,1,1,1,0,0,0,-96,1,6,1,46167687,0,84,0,0,46.5523,384,[84 -64 4 0 0 0 0 0 0 0 0 0 -9 17 -9 16 -10 17 -10 15 -11 16 -12 15 -12 15 -14 14 -12 15 -13 14 -14 15 -14 15 -15 14 -15 14 -14 14 -15 14 -15 14 -15 13 -14 13 -14 13 -15 13 -14 13 -14 13 -14 13 -14 13 -14 13 0 0 -14 14 -14 14 -13 15 -13 15 -13 13 -12 14 -12 15 -12 14 -12 15 -11 16 -12 17 -11 16 -11 16 -11 16 -10 17 -10 18 -11 18 -10 18 -11 18 -10 18 -11 18 -10 18 -10 18 -9 19 -10 18 -10 19 0 0 0 0 0 0 0 0 0 0 ]
201,1782983948.236243,17.1859,-65,CSI_DATA,AP,98:F4:AB:29:67:94,-65,11,1,5,1,1,1,1,0,0,0,-96,1,6,1,46243687,0,84,0,0,46.6283,384,[84 -64 4 0 0 0 0 0 0 0 0 0 13 9 13 9 13 11 13 11 12 12 12 12 12 12 13 12 12 13 11 13 11 14 11 14 11 14 11 15 10 13 10 15 11 14 9 13 10 14 10 13 10 14 10 14 9 13 9 14 10 13 11 14 0 0 11 13 11 14 11 14 10 12 10 13 11 13 11 13 12 12 12 12 13 12 13 12 12 12 13 12 13 12 13 12 14 11 14 12 14 11 14 12 14 11 14 12 14 11 14 11 14 10 14 11 15 10 0 0 0 0 0 0 0 0 0 0 ]
202,1782983948.324090,16.5720,-65,CSI_DATA,AP,98:F4:AB:29:67:94,-65,11,1,5,1,1,1,1,0,0,0,-96,1,6,1,46334313,0,84,0,0,46.719,384,[84 -64 4 0 0 0 0 0 0 0 0 0 -10 17 -5 13 -5 14 -6 14 -6 15 -6 13 -7 15 -8 14 -7 14 -10 13 -9 14 -10 13 -11 12 -10 13 -10 12 -10 13 -9 13 -10 12 -10 12 -10 12 -10 12 -10 12 -11 12 -11 11 -12 11 -11 12 0 0 -10 12 -11 12 -10 12 -10 12 -10 11 -10 12 -10 12 -9 12 -9 12 -10 13 -10 13 -10 12 -10 12 -9 13 -10 14 -8 13 -10 14 -8 13 -9 14 -9 14 -9 13 -9 13 -9 14 -9 14 -10 13 -8 14 0 0 0 0 0 0 0 0 0 0 ]
203,1782983948.411754,17.2597,-66,CSI_DATA,AP,98:F4:AB:29:67:94,-66,11,1,6,1,1,1,1,0,0,0,-96,1,6,1,46423684,0,84,0,0,46.8083,384,[84 -64 4 0 0 0 0 0 0 0 0 0 -7 -16 -6 -16 -6 -16 -5 -16 -5 -16 -5 -16 -4 -18 -3 -17 -3 -18 -4 -17 -3 -19 -3 -18 -3 -18 -3 -18 -2 -17 -2 -19 -2 -18 -2 -18 -1 -17 -1 -17 -1 -18 -1 -18 -2 -17 -1 -18 -1 -18 -2 -18 0 0 -2 -18 -2 -17 -2 -18 -2 -17 -2 -17 -2 -17 -3 -18 -3 -17 -3 -18 -4 -17 -4 -18 -4 -17 -5 -17 -5 -18 -5 -17 -5 -18 -5 -18 -5 -18 -5 -18 -5 -18 -5 -18 -6 -18 -6 -18 -7 -18 -7 -17 -6 -18 0 0 0 0 0 0 0 0 0 0 ]
204,1782983948.499428,17.0057,-66,CSI_DATA,AP,98:F4:AB:29:67:94,-66,11,1,6,1,1,1,1,0,0,0,-96,1,6,1,46518049,0,84,0,0,46.9027,384,[84 -64 4 0 0 0 0 0 0 0 0 0 9 12 9 13 9 13 9 14 9 14 8 15 8 15 6 15 8 16 7 15 8 16 7 15 7 16 6 16 6 16 5 16 5 17 6 16 5 15 5 16 5 16 5 15 5 16 5 16 5 16 6 15 0 0 6 15 7 16 7 16 6 14 6 15 6 15 7 15 7 15 7 15 8 14 9 15 8 14 9 15 9 15 9 14 9 14 9 15 10 14 10 15 10 14 9 14 10 14 11 14 12 14 10 14 11 14 0 0 0 0 0 0 0 0 0 0 ]
205,1782983948.586470,16.9618,-66,CSI_DATA,AP,98:F4:AB:29:67:94,-66,11,1,6,1,1,1,1,0,0,0,-96,1,6,1,46607419,0,84,0,0,46.992,384,[84 -64 4 0 0 0 0 0 0 0 0 0 11 -12 12 -11 12 -11 13 -11 13 -11 14 -10 13 -11 14 -10 15 -9 14 -9 16 -10 15 -9 15 -8 16 -9 15 -8 16 -8 15 -9 15 -8 15 -7 15 -7 15 -8 15 -8 15 -7 15 -7 16 -7 15 -8 0 0 15 -8 15 -8 15 -9 15 -9 14 -8 14 -8 14 -9 14 -10 14 -10 14 -10 14 -11 13 -10 14 -10 13 -11 13 -11 14 -11 14 -11 13 -12 14 -12 13 -12 13 -12 13 -13 13 -13 13 -13 13 -12 13 -13 0 0 0 0 0 0 0 0 0 0 ]
206,1782983948.675325,18.9569,-66,CSI_DATA,AP,98:F4:AB:29:67:94,-66,11,1,6,1,1,1,1,0,0,0,-96,1,6,1,46694978,0,84,0,0,47.0795,384,[84 -64 4 0 0 0 0 0 0 0 0 0 -8 -18 -8 -18 -9 -18 -7 -18 -7 -19 -5 -18 -5 -20 -5 -20 -6 -20 -3 -21 -4 -21 -3 -21 -3 -20 -3 -21 -4 -20 -4 -22 -4 -20 -3 -20 -3 -19 -3 -20 -2 -20 -3 -20 -2 -20 -2 -20 -2 -20 -3 -20 0 0 -5 -20 -5 -21 -5 -19 -6 -20 -4 -18 -6 -19 -5 -19 -6 -19 -7 -19 -6 -20 -7 -20 -7 -19 -7 -19 -7 -18 -10 -19 -9 -19 -9 -20 -9 -19 -10 -19 -10 -19 -10 -19 -11 -19 -10 -20 -11 -19 -9 -19 -10 -18 0 0 0 0 0 0 0 0 0 0 ]
207,1782983948.763314,18.9367,-66,CSI_DATA,AP,98:F4:AB:29:67:94,-66,11,1,6,1,1,1,1,0,0,0,-96,1,6,1,46786891,0,84,0,0,47.1715,384,[84 -64 4 0 0 0 0 0 0 0 0 0 -1 -17 -1 -16 0 -17 0 -17 1 -18 1 -17 2 -18 4 -18 3 -18 4 -18 3 -19 4 -18 5 -18 4 -18 5 -18 5 -19 4 -17 5 -17 5 -16 6 -16 6 -17 6 -17 5 -16 5 -16 5 -17 5 -17 0 0 5 -17 5 -18 4 -17 4 -17 4 -17 5 -17 4 -17 4 -18 3 -17 3 -17 1 -18 2 -17 2 -18 2 -18 2 -18 2 -19 2 -19 1 -18 2 -18 1 -19 2 -19 1 -18 1 -19 0 -19 0 -18 1 -18 0 0 0 0 0 0 0 0 0 0 ]
208,1782983948.850832,18.6358,-66,CSI_DATA,AP,98:F4:AB:29:67:94,-66,11,1,6,1,1,1,1,0,0,0,-96,1,6,1,46874510,0,84,0,0,47.2592,384,[84 -64 4 0 0 0 0 0 0 0 0 0 -18 1 -18 1 -17 0 -18 -1 -17 0 -17 -1 -17 -2 -18 -3 -18 -2 -18 -3 -18 -3 -18 -4 -18 -4 -18 -4 -18 -4 -19 -5 -18 -5 -17 -5 -17 -5 -17 -5 -17 -5 -18 -6 -16 -5 -17 -5 -17 -6 -17 -4 0 0 -17 -5 -17 -4 -18 -4 -17 -3 -16 -3 -17 -4 -17 -3 -17 -3 -17 -3 -18 -2 -18 -2 -18 -2 -19 -3 -18 -1 -18 -2 -18 -2 -19 -2 -18 -2 -18 -1 -18 -2 -18 -1 -19 -1 -19 0 -19 0 -19 -1 -19 0 0 0 0 0 0 0 0 0 0 0 ]
209,1782983948.938479,17.9279,-67,CSI_DATA,AP,98:F4:AB:29:67:94,-67,11,1,7,1,1,1,1,0,0,0,-96,1,6,1,46968993,0,84,0,0,47.3537,384,[84 -64 4 0 0 0 0 0 0 0 0 0 -17 -4 -16 -4 -17 -5 -17 -5 -17 -6 -16 -7 -16 -7 -17 -7 -17 -8 -17 -8 -15 -8 -16 -8 -18 -9 -17 -10 -16 -10 -16 -9 -16 -9 -16 -10 -16 -10 -15 -10 -15 -9 -15 -10 -16 -9 -15 -9 -15 -9 -16 -9 0 0 -16 -8 -16 -9 -16 -9 -16 -7 -15 -8 -16 -8 -16 -8 -16 -8 -17 -8 -17 -6 -18 -6 -17 -7 -17 -6 -17 -7 -17 -6 -18 -6 -18 -6 -18 -5 -17 -6 -18 -5 -18 -5 -18 -5 -18 -5 -18 -5 -19 -5 -19 -5 0 0 0 0 0 0 0 0 0 0 ]
210,1782983949.024786,18.1703,-64,CSI_DATA,AP,98:F4:AB:29:67:94,-64,11,1,3,1,1,1,1,0,0,0,-96,1,6,1,47062390,0,84,0,0,47.4471,384,[84 -64 4 0 0 0 0 0 0 0 0 0 -3 17 -4 16 -5 17 -5 17 -6 17 -7 16 -7 17 -7 17 -7 17 -9 16 -9 17 -10 17 -10 16 -10 16 -10 15 -10 17 -9 16 -9 16 -10 15 -10 15 -9 15 -10 15 -10 15 -10 15 -10 15 -10 15 0 0 -9 15 -9 16 -9 16 -8 17 -8 15 -8 16 -8 16 -7 16 -8 16 -8 17 -7 17 -7 16 -7 17 -6 17 -6 18 -6 18 -6 18 -6 17 -6 18 -6 18 -6 18 -5 18 -6 18 -5 19 -5 18 -5 18 0 0 0 0 0 0 0 0 0 0 ]
211,1782983949.113533,17.1692,-67,CSI_DATA,AP,98:F4:AB:29:67:94,-67,11,1,7,1,1,1,1,0,0,0,-96,1,6,1,47145384,0,84,0,0,47.53,384,[84 -64 4 0 0 0 0 0 0 0 0 0 2 -17 1 -18 2 -18 3 -17 3 -17 4 -17 4 -17 5 -17 5 -18 6 -17 5 -18 6 -18 5 -17 6 -18 6 -17 6 -18 6 -18 6 -17 6 -16 6 -16 6 -16 6 -16 6 -16 6 -16 6 -16 6 -17 0 0 5 -17 5 -17 5 -17 5 -17 5 -16 5 -16 5 -18 4 -17 4 -18 3 -18 2 -18 2 -17 3 -17 3 -18 3 -18 2 -18 2 -19 2 -19 2 -19 2 -18 1 -18 1 -19 1 -19 0 -19 1 -19 2 -20 0 0 0 0 0 0 0 0 0 0 ]
212,1782983949.209540,16.4002,-67,CSI_DATA,AP,98:F4:AB:29:67:94,-67,11,1,7,1,1,1,1,0,0,0,-96,1,6,1,47235476,0,84,0,0,47.6201,384,[84 -64 4 0 0 0 0 0 0 0 0 0 3 -14 5 -15 5 -15 7 -15 6 -14 6 -15 8 -14 7 -14 8 -15 7 -13 9 -14 9 -14 9 -14 9 -13 9 -13 10 -13 9 -13 9 -12 9 -13 10 -12 10 -12 10 -12 9 -12 9 -13 10 -13 8 -13 0 0 9 -14 9 -13 9 -13 8 -14 8 -12 8 -13 8 -13 7 -14 7 -14 6 -14 7 -15 6 -14 7 -15 7 -15 7 -15 7 -15 7 -15 6 -15 7 -15 6 -15 6 -15 6 -16 6 -16 5 -16 6 -16 6 -16 0 0 0 0 0 0 0 0 0 0 ]
213,1782983949.303332,15.9578,-66,CSI_DATA,AP,98:F4:AB:29:67:94,-66,11,1,6,1,1,1,1,0,0,0,-96,1,6,1,47338393,0,84,0,0,47.723,384,[84 -64 4 0 0 0 0 0 0 0 0 0 -6 -14 -5 -15 -4 -15 -5 -15 -3 -15 -3 -16 -3 -16 -3 -16 -3 -16 -1 -17 -2 -17 -2 -16 -2 -16 -2 -17 -1 -16 -1 -17 -1 -16 -1 -16 0 -15 -1 -16 -1 -15 0 -16 0 -16 -1 -16 -2 -16 -1 -16 0 0 -2 -16 -2 -16 -2 -16 -2 -15 -2 -15 -2 -15 -3 -16 -4 -16 -2 -17 -5 -16 -4 -16 -4 -14 -4 -15 -5 -16 -4 -16 -6 -17 -6 -16 -6 -15 -6 -16 -7 -16 -6 -16 -6 -15 -8 -15 -8 -17 -8 -17 -7 -16 0 0 0 0 0 0 0 0 0 0 ]
214,1782983949.390455,15.8192,-66,CSI_DATA,AP,98:F4:AB:29:67:94,-66,11,1,6,1,1,1,1,0,0,0,-96,1,6,1,47413415,0,84,0,0,47.798,384,[84 -64 4 0 0 0 0 0 0 0 0 0 16 0 15 2 17 1 15 3 16 2 15 3 17 4 16 4 17 4 16 6 16 5 16 6 16 6 15 6 15 6 17 6 15 5 16 5 15 6 15 6 15 6 15 5 15 6 15 6 15 7 15 6 0 0 15 5 15 5 15 5 16 5 15 5 16 5 16 5 15 5 15 3 16 4 16 3 15 4 18 3 16 3 17 2 16 2 18 3 17 2 18 3 17 2 17 3 17 3 18 2 17 1 16 2 18 2 0 0 0 0 0 0 0 0 0 0 ]
215,1782983949.478715,17.0516,-66,CSI_DATA,AP,98:F4:AB:29:67:94,-66,11,1,6,1,1,1,1,0,0,0,-96,1,6,1,47506147,0,84,0,0,47.8908,384,[84 -64 4 0 0 0 0 0 0 0 0 0 17 -3 17 -3 19 -3 18 -2 18 -2 17 -1 19 0 18 0 19 0 19 0 20 0 19 0 19 1 19 2 18 2 20 1 18 2 18 2 18 2 17 3 18 2 18 2 17 1 17 3 18 2 19 2 0 0 17 1 18 0 18 1 19 -1 18 0 18 0 19 0 19 -1 20 -1 19 -2 19 -3 18 -1 19 -2 19 -1 19 -2 19 -3 20 -2 19 -3 20 -2 19 -3 19 -2 19 -3 20 -3 20 -5 19 -4 20 -4 0 0 0 0 0 0 0 0 0 0 ]
216,1782983949.566939,16.1350,-66,CSI_DATA,AP,98:F4:AB:29:67:94,-66,11,1,6,1,1,1,1,0,0,0,-96,1,6,1,47593470,0,84,0,0,47.9781,384,[84 -64 4 0 0 0 0 0 0 0 0 0 -2 14 -2 14 -2 15 -3 15 -4 14 -4 15 -4 14 -4 15 -5 14 -5 14 -6 14 -5 14 -6 14 -6 14 -6 14 -7 14 -7 14 -7 13 -7 13 -6 13 -6 13 -7 13 -6 13 -7 13 -7 13 -6 13 0 0 -6 13 -6 14 -6 14 -5 13 -6 13 -6 13 -6 14 -5 14 -6 14 -5 14 -4 15 -5 14 -4 15 -4 15 -5 15 -5 16 -4 15 -4 15 -5 15 -3 16 -4 16 -4 16 -4 16 -3 16 -4 16 -3 16 0 0 0 0 0 0 0 0 0 0 ]
217,1782983949.654450,17.1833,-66,CSI_DATA,AP,98:F4:AB:29:67:94,-66,11,1,6,1,1,1,1,0,0,0,-96,1,6,1,47685136,0,84,0,0,48.0697,384,[84 -64 4 0 0 0 0 0 0 0 0 0 -8 15 -8 16 -8 17 -9 16 -10 17 -10 15 -11 16 -11 15 -10 15 -12 15 -13 15 -13 15 -13 14 -13 14 -13 13 -14 15 -13 13 -13 14 -13 13 -13 13 -13 13 -13 13 -13 13 -13 13 -13 13 -13 14 0 0 -13 14 -13 14 -13 14 -12 14 -12 13 -12 14 -12 15 -12 15 -11 15 -12 16 -11 16 -11 15 -12 15 -12 15 -11 17 -10 17 -12 17 -10 17 -11 17 -10 18 -10 17 -10 17 -11 17 -10 18 -11 17 -10 17 0 0 0 0 0 0 0 0 0 0 ]
218,1782983949.748669,16.3632,-67,CSI_DATA,AP,98:F4:AB:29:67:94,-67,11,1,7,1,1,1,1,0,0,0,-96,1,6,1,47775560,0,84,0,0,48.1602,384,[84 -64 4 0 0 0 0 0 0 0 0 0 -9 -13 -8 -12 -9 -13 -9 -14 -7 -14 -8 -14 -7 -14 -6 -15 -7 -15 -6 -14 -6 -16 -5 -16 -5 -16 -5 -16 -5 -15 -5 -17 -4 -16 -5 -16 -5 -15 -4 -15 -4 -15 -4 -16 -4 -16 -4 -15 -3 -15 -4 -15 0 0 -4 -15 -5 -15 -5 -14 -5 -15 -5 -15 -5 -15 -5 -15 -6 -16 -6 -15 -6 -15 -7 -15 -6 -15 -6 -16 -6 -14 -8 -15 -8 -15 -7 -16 -7 -16 -8 -15 -8 -15 -7 -15 -8 -15 -7 -16 -8 -15 -8 -16 -8 -15 0 0 0 0 0 0 0 0 0 0 ]
219,1782983949.838422,17.1229,-67,CSI_DATA,AP,98:F4:AB:29:67:94,-67,11,1,7,1,1,1,1,0,0,0,-96,1,6,1,47863552,0,84,0,0,48.2482,384,[84 -64 4 0 0 0 0 0 0 0 0 0 -15 -7 -15 -7 -15 -7 -16 -8 -14 -8 -15 -9 -15 -9 -15 -10 -15 -10 -14 -11 -14 -11 -14 -11 -15 -12 -13 -12 -14 -11 -15 -13 -13 -12 -13 -13 -13 -12 -13 -12 -12 -12 -12 -12 -13 -12 -13 -11 -13 -12 -13 -11 0 0 -13 -12 -13 -11 -13 -12 -14 -11 -13 -11 -14 -10 -14 -11 -15 -10 -15 -11 -15 -10 -16 -10 -15 -10 -16 -9 -16 -9 -15 -10 -17 -10 -16 -10 -16 -9 -17 -10 -17 -9 -16 -10 -16 -10 -17 -9 -17 -10 -17 -10 -17 -10 0 0 0 0 0 0 0 0 0 0 ]
220,1782983949.923478,18.1096,-64,CSI_DATA,AP,98:F4:AB:29:67:94,-64,11,1,4,1,1,1,1,0,0,0,-96,1,6,1,47977280,0,84,0,0,48.3618,384,[84 -64 4 0 0 0 0 0 0 0 0 0 6 -16 5 -16 6 -17 7 -16 7 -17 8 -16 8 -17 9 -16 9 -17 9 -15 11 -16 11 -16 11 -15 11 -15 10 -15 11 -16 10 -15 11 -15 10 -14 10 -15 10 -14 11 -15 12 -14 11 -14 12 -14 11 -14 0 0 11 -15 10 -16 9 -15 10 -16 9 -15 10 -16 9 -16 9 -16 8 -17 9 -17 8 -16 9 -16 8 -16 8 -16 8 -18 7 -18 9 -19 8 -18 8 -18 7 -18 7 -18 7 -18 8 -19 7 -19 8 -18 7 -18 0 0 0 0 0 0 0 0 0 0 ]
221,1782983950.011397,17.6965,-67,CSI_DATA,AP,98:F4:AB:29:67:94,-67,11,1,7,1,1,1,1,0,0,0,-96,1,6,1,48045301,0,84,0,0,48.4299,384,[84 -64 4 0 0 0 0 0 0 0 0 0 -13 5 -14 5 -14 5 -15 5 -14 4 -14 4 -15 4 -15 3 -16 3 -15 2 -17 2 -17 1 -16 1 -17 1 -15 1 -17 1 -16 1 -16 1 -16 1 -15 0 -16 1 -16 0 -15 1 -15 1 -17 0 -16 1 0 0 -16 2 -16 2 -16 2 -15 3 -15 2 -16 2 -16 2 -15 3 -16 3 -15 3 -16 4 -15 3 -16 3 -15 4 -16 4 -16 5 -17 4 -16 5 -16 5 -16 5 -16 5 -16 5 -16 5 -16 5 -16 5 -16 5 0 0 0 0 0 0 0 0 0 0 ]
222,1782983950.098001,17.3487,-67,CSI_DATA,AP,98:F4:AB:29:67:94,-67,11,1,7,1,1,1,1,0,0,0,-96,1,6,1,48137487,0,84,0,0,48.5221,384,[84 -64 4 0 0 0 0 0 0 0 0 0 9 -13 9 -12 11 -13 10 -12 12 -13 12 -12 12 -13 12 -12 13 -13 13 -11 15 -11 15 -11 15 -10 14 -10 14 -10 15 -10 14 -10 15 -10 14 -10 14 -10 14 -9 14 -10 14 -9 14 -8 15 -8 14 -10 0 0 14 -10 14 -10 14 -10 13 -11 13 -9 14 -10 14 -11 14 -11 14 -11 14 -12 13 -12 14 -11 14 -11 13 -11 13 -13 13 -13 14 -13 13 -13 13 -13 13 -14 13 -13 13 -13 14 -13 13 -14 13 -13 13 -13 0 0 0 0 0 0 0 0 0 0 ]
223,1782983950.185453,18.2164,-66,CSI_DATA,AP,98:F4:AB:29:67:94,-66,11,1,6,1,1,1,1,0,0,0,-96,1,6,1,48227600,0,84,0,0,48.6122,384,[84 -64 4 0 0 0 0 0 0 0 0 0 14 11 13 11 14 12 13 12 14 12 12 13 12 14 11 14 12 14 10 15 12 15 11 16 11 16 11 15 10 15 11 17 10 15 10 16 9 16 10 15 9 16 10 15 9 16 10 15 10 16 9 16 0 0 10 16 11 15 11 15 11 15 10 14 11 15 11 15 11 14 11 14 12 14 13 14 12 13 13 14 13 14 14 13 14 14 15 14 14 14 14 15 14 14 14 14 14 14 15 15 16 13 15 14 15 13 0 0 0 0 0 0 0 0 0 0 ]
224,1782983950.272734,17.3438,-66,CSI_DATA,AP,98:F4:AB:29:67:94,-66,11,1,6,1,1,1,1,0,0,0,-96,1,6,1,48314949,0,84,0,0,48.6996,384,[84 -64 4 0 0 0 0 0 0 0 0 0 14 -8 14 -7 15 -8 15 -7 15 -7 14 -6 16 -6 16 -5 15 -5 16 -4 16 -5 17 -5 17 -4 17 -3 16 -4 17 -4 16 -3 16 -3 16 -3 16 -3 16 -4 17 -3 15 -3 16 -3 16 -3 16 -4 0 0 16 -4 17 -4 16 -4 16 -5 15 -5 16 -5 16 -5 16 -6 16 -6 16 -7 16 -7 15 -7 15 -7 16 -7 16 -8 16 -8 17 -7 16 -8 17 -8 15 -9 16 -8 16 -9 16 -9 16 -9 16 -8 15 -9 0 0 0 0 0 0 0 0 0 0 ]
225,1782983950.359608,17.1385,-66,CSI_DATA,AP,98:F4:AB:29:67:94,-66,11,1,6,1,1,1,1,0,0,0,-96,1,6,1,48405492,0,84,0,0,48.7901,384,[84 -64 4 0 0 0 0 0 0 0 0 0 14 6 14 6 15 7 13 7 14 7 14 7 14 9 14 9 13 10 14 9 14 9 14 10 14 10 13 11 14 10 14 11 13 10 13 11 13 10 12 10 13 10 14 10 13 10 12 10 13 11 13 10 0 0 14 9 14 10 14 9 14 9 13 8 14 8 14 7 14 7 15 8 15 6 15 7 14 8 15 7 15 8 16 7 16 7 17 7 16 6 16 6 16 5 17 5 17 5 17 6 17 5 17 5 17 5 0 0 0 0 0 0 0 0 0 0 ]
226,1782983950.447429,16.7339,-66,CSI_DATA,AP,98:F4:AB:29:67:94,-66,11,1,6,1,1,1,1,0,0,0,-96,1,6,1,48494477,0,84,0,0,48.8791,384,[84 -64 4 0 0 0 0 0 0 0 0 0 -9 14 -9 13 -11 15 -11 12 -11 13 -11 12 -12 13 -12 12 -12 11 -14 12 -14 12 -13 12 -14 11 -14 11 -13 10 -15 12 -13 11 -15 11 -14 10 -15 9 -14 10 -14 10 -14 11 -14 10 -14 10 -13 10 0 0 -13 11 -14 12 -12 11 -14 12 -13 11 -13 11 -13 12 -12 12 -14 12 -13 13 -12 13 -12 12 -12 12 -12 12 -12 14 -11 13 -13 14 -12 13 -13 15 -12 15 -12 13 -12 14 -12 14 -11 15 -12 14 -11 14 0 0 0 0 0 0 0 0 0 0 ]
227,1782983950.535357,16.9618,-66,CSI_DATA,AP,98:F4:AB:29:67:94,-66,11,1,6,1,1,1,1,0,0,0,-96,1,6,1,48584972,0,84,0,0,48.9695,384,[84 -64 4 0 0 0 0 0 0 0 0 0 -16 3 -16 3 -16 3 -17 2 -17 2 -17 1 -17 0 -17 0 -18 0 -18 0 -18 -1 -18 0 -18 -1 -18 0 -17 -2 -19 -2 -18 -1 -18 -1 -18 -2 -17 -3 -17 -2 -18 -3 -17 -2 -17 -2 -18 -2 -17 -1 0 0 -18 -1 -18 -1 -18 -1 -18 0 -17 0 -18 -1 -18 0 -18 0 -18 0 -18 1 -18 2 -18 1 -18 3 -18 2 -18 2 -19 3 -19 2 -18 2 -18 2 -18 2 -18 3 -18 2 -18 3 -18 4 -18 4 -18 4 0 0 0 0 0 0 0 0 0 0 ]
228,1782983950.620939,17.4232,-67,CSI_DATA,AP,98:F4:AB:29:67:94,-67,11,1,7,1,1,1,1,0,0,0,-96,1,6,1,48678007,0,84,0,0,49.0626,384,[84 -64 4 0 0 0 0 0 0 0 0 0 2 -17 2 -17 3 -16 3 -16 4 -17 4 -17 5 -17 5 -17 5 -17 6 -16 6 -17 6 -18 7 -18 7 -18 7 -16 8 -17 8 -17 8 -17 7 -16 7 -16 8 -16 8 -16 8 -15 8 -15 7 -17 7 -17 0 0 7 -16 7 -16 7 -17 7 -17 7 -16 6 -17 7 -17 6 -17 6 -18 5 -17 5 -18 6 -17 6 -18 5 -18 6 -18 5 -19 6 -19 5 -18 5 -18 4 -18 4 -19 5 -18 4 -19 4 -19 4 -19 4 -18 0 0 0 0 0 0 0 0 0 0 ]
229,1782983950.709078,18.0995,-67,CSI_DATA,AP,98:F4:AB:29:67:94,-67,11,1,7,1,1,1,1,0,0,0,-96,1,6,1,48765276,0,84,0,0,49.15,384,[84 -64 4 0 0 0 0 0 0 0 0 0 -10 -13 -11 -14 -10 -15 -11 -14 -9 -16 -9 -16 -9 -16 -8 -16 -8 -16 -8 -16 -7 -17 -7 -18 -7 -17 -6 -18 -7 -17 -7 -18 -6 -17 -7 -18 -6 -17 -6 -17 -6 -17 -6 -17 -6 -17 -5 -17 -6 -17 -6 -17 0 0 -7 -18 -6 -17 -7 -17 -7 -17 -7 -16 -7 -17 -7 -17 -8 -17 -8 -17 -8 -17 -8 -17 -8 -16 -8 -17 -8 -16 -9 -17 -10 -17 -9 -17 -9 -17 -10 -16 -10 -17 -9 -17 -10 -17 -10 -17 -10 -17 -9 -17 -10 -16 0 0 0 0 0 0 0 0 0 0 ]
230,1782983950.797642,17.7229,-66,CSI_DATA,AP,98:F4:AB:29:67:94,-66,11,1,6,1,1,1,1,0,0,0,-96,1,6,1,48873232,0,84,0,0,49.258,384,[84 -64 4 0 0 0 0 0 0 0 0 0 7 -15 9 -15 10 -14 10 -14 10 -14 9 -14 11 -13 10 -13 12 -13 12 -13 12 -14 13 -13 13 -12 13 -13 12 -12 13 -12 12 -12 12 -11 12 -12 12 -12 12 -12 13 -12 12 -12 12 -12 12 -12 12 -12 0 0 13 -13 12 -13 13 -13 11 -13 12 -12 11 -13 12 -13 11 -13 11 -14 10 -14 10 -15 10 -14 11 -14 11 -15 11 -14 10 -15 10 -15 10 -16 10 -15 9 -15 9 -15 10 -15 10 -16 9 -16 9 -16 8 -16 0 0 0 0 0 0 0 0 0 0 ]
231,1782983950.884542,16.4473,-67,CSI_DATA,AP,98:F4:AB:29:67:94,-67,11,1,7,1,1,1,1,0,0,0,-96,1,6,1,48943630,0,84,0,0,49.3281,384,[84 -64 4 0 0 0 0 0 0 0 0 0 -4 13 -5 13 -6 14 -7 14 -6 14 -7 14 -7 14 -8 13 -8 14 -8 14 -9 13 -9 13 -9 14 -10 14 -9 13 -10 13 -9 12 -9 12 -9 12 -9 12 -10 12 -9 12 -9 11 -10 12 -10 12 -9 13 0 0 -9 13 -9 13 -9 13 -9 13 -8 12 -8 13 -9 13 -8 13 -8 14 -8 13 -7 14 -7 14 -8 14 -7 14 -7 15 -8 14 -7 14 -7 14 -7 15 -6 15 -6 14 -7 14 -6 15 -6 15 -6 14 -6 15 0 0 0 0 0 0 0 0 0 0 ]
232,1782983950.971595,16.0758,-67,CSI_DATA,AP,98:F4:AB:29:67:94,-67,11,1,7,1,1,1,1,0,0,0,-96,1,6,1,49033471,0,84,0,0,49.4182,384,[84 -64 4 0 0 0 0 0 0 0 0 0 1 -15 1 -15 2 -15 3 -16 2 -16 4 -15 4 -16 4 -16 4 -16 5 -16 5 -17 6 -16 5 -17 6 -16 5 -15 6 -16 6 -15 6 -15 6 -14 6 -15 6 -15 6 -15 6 -14 6 -15 6 -15 6 -15 0 0 5 -15 6 -15 6 -15 5 -15 6 -14 5 -15 5 -15 4 -15 4 -15 4 -16 3 -16 3 -15 3 -16 4 -17 3 -17 3 -16 3 -16 2 -16 3 -16 2 -17 2 -16 3 -16 2 -17 2 -16 2 -17 1 -17 0 0 0 0 0 0 0 0 0 0 ]
233,1782983951.060423,16.6026,-66,CSI_DATA,AP,98:F4:AB:29:67:94,-66,11,1,6,1,1,1,1,0,0,0,-96,1,6,1,49127180,0,84,0,0,49.5118,384,[84 -64 4 0 0 0 0 0 0 0 0 0 -15 8 -14 8 -15 8 -16 8 -16 7 -16 6 -16 7 -16 6 -17 6 -16 5 -18 5 -18 5 -18 4 -18 5 -17 4 -18 4 -18 4 -17 4 -18 3 -17 4 -17 3 -17 3 -16 4 -17 3 -17 3 -17 4 0 0 -17 5 -17 5 -17 4 -16 5 -16 4 -16 5 -16 5 -16 6 -17 6 -17 7 -16 7 -16 6 -17 7 -16 6 -16 8 -16 8 -17 7 -16 8 -16 8 -16 9 -17 8 -16 8 -17 9 -16 9 -16 9 -16 9 0 0 0 0 0 0 0 0 0 0 ]
234,1782983951.150447,17.2728,-65,CSI_DATA,AP,98:F4:AB:29:67:94,-65,11,1,5,1,1,1,1,0,0,0,-96,1,6,1,49235514,0,84,0,0,49.6201,384,[84 -64 4 0 0 0 0 0 0 0 0 0 15 7 15 8 16 9 16 10 15 11 15 10 16 11 15 11 15 12 14 12 15 13 15 13 15 13 14 13 14 13 14 14 13 14 13 13 14 13 13 13 13 13 13 13 13 13 13 13 13 13 14 13 0 0 14 13 14 13 14 13 14 12 14 11 14 12 15 12 15 12 15 11 16 10 16 11 16 10 16 10 16 11 16 10 17 10 17 11 18 10 17 10 17 8 17 9 18 9 17 9 18 9 18 8 17 8 0 0 0 0 0 0 0 0 0 0 ]
235,1782983951.237423,16.9414,-62,CSI_DATA,AP,98:F4:AB:29:67:94,-62,11,1,2,1,1,1,1,0,0,0,-96,1,6,1,49314952,0,84,0,0,49.6995,384,[84 -64 4 0 0 0 0 0 0 0 0 0 -5 15 -5 14 -5 16 -6 15 -7 17 -6 15 -7 16 -8 15 -7 16 -9 15 -10 15 -11 15 -10 14 -10 14 -9 13 -10 16 -8 14 -9 15 -9 13 -9 15 -9 14 -8 14 -10 13 -10 13 -10 13 -9 13 0 0 -8 14 -8 16 -7 14 -7 16 -7 13 -7 15 -6 15 -6 15 -5 15 -6 17 -7 16 -7 14 -6 16 -5 15 -5 18 -4 16 -5 18 -4 16 -3 17 -3 17 -4 17 -3 18 -4 18 -4 18 -4 17 -3 17 0 0 0 0 0 0 0 0 0 0 ]
236,1782983951.327473,19.0237,-66,CSI_DATA,AP,98:F4:AB:29:67:94,-66,11,1,6,1,1,1,1,0,0,0,-96,1,6,1,49394506,0,84,0,0,49.7791,384,[84 -64 4 0 0 0 0 0 0 0 0 0 -9 -16 -8 -17 -8 -18 -8 -19 -7 -18 -5 -19 -6 -19 -6 -19 -5 -20 -5 -19 -5 -20 -4 -20 -4 -20 -4 -20 -4 -20 -4 -21 -3 -20 -4 -19 -3 -20 -4 -19 -3 -20 -3 -20 -3 -19 -4 -19 -4 -20 -4 -19 0 0 -5 -19 -4 -20 -4 -19 -5 -19 -5 -19 -6 -19 -6 -18 -6 -19 -6 -18 -8 -18 -7 -18 -7 -18 -7 -19 -8 -19 -8 -19 -9 -18 -9 -19 -9 -18 -10 -19 -10 -18 -9 -19 -9 -18 -10 -18 -10 -18 -10 -18 -10 -18 0 0 0 0 0 0 0 0 0 0 ]
237,1782983951.418480,18.4616,-66,CSI_DATA,AP,98:F4:AB:29:67:94,-66,11,1,6,1,1,1,1,0,0,0,-96,1,6,1,49488401,0,84,0,0,49.873,384,[84 -64 4 0 0 0 0 0 0 0 0 0 5 -16 6 -15 6 -16 7 -15 8 -16 8 -15 8 -15 9 -16 8 -15 10 -16 10 -15 10 -15 11 -15 10 -16 10 -14 11 -16 10 -14 10 -14 10 -13 10 -14 10 -14 11 -14 10 -14 11 -13 11 -13 10 -15 0 0 10 -15 10 -15 9 -14 8 -16 9 -14 8 -15 8 -15 8 -15 8 -16 7 -16 7 -16 7 -14 7 -16 6 -17 6 -16 7 -17 7 -17 6 -16 6 -18 6 -17 6 -18 6 -17 6 -18 5 -17 5 -18 5 -17 0 0 0 0 0 0 0 0 0 0 ]
238,1782983951.507362,18.6527,-65,CSI_DATA,AP,98:F4:AB:29:67:94,-65,11,1,5,1,1,1,1,0,0,0,-96,1,6,1,49580243,0,84,0,0,49.9648,384,[84 -64 4 0 0 0 0 0 0 0 0 0 -8 -16 -6 -15 -6 -17 -5 -17 -5 -17 -4 -17 -4 -18 -3 -19 -4 -18 -2 -19 -2 -19 -2 -19 -2 -19 -2 -19 -2 -18 -2 -20 -1 -18 -2 -19 -1 -18 -2 -18 -1 -18 -2 -18 -1 -18 -1 -18 -1 -18 -1 -18 0 0 -2 -17 -3 -19 -4 -17 -4 -18 -3 -17 -4 -18 -3 -18 -4 -17 -4 -17 -5 -18 -6 -18 -5 -17 -6 -17 -5 -17 -7 -18 -7 -17 -7 -18 -6 -17 -7 -17 -8 -18 -7 -17 -8 -17 -8 -18 -9 -17 -8 -17 -8 -17 0 0 0 0 0 0 0 0 0 0 ]
239,1782983951.597436,19.3631,-65,CSI_DATA,AP,98:F4:AB:29:67:94,-65,11,1,5,1,1,1,1,0,0,0,-96,1,6,1,49667007,0,84,0,0,50.0515,384,[84 -64 4 0 0 0 0 0 0 0 0 0 -1 -18 0 -20 0 -19 1 -20 1 -20 2 -20 3 -20 4 -19 4 -20 5 -19 3 -21 5 -21 4 -20 4 -20 5 -19 5 -21 4 -20 5 -20 5 -20 6 -19 6 -19 5 -18 6 -18 4 -19 5 -19 4 -20 0 0 4 -19 3 -19 4 -20 3 -19 3 -19 3 -20 4 -19 3 -19 3 -20 1 -20 1 -20 1 -20 0 -20 1 -20 -1 -20 0 -21 0 -20 0 -21 0 -21 0 -21 0 -21 -1 -21 0 -21 -3 -21 0 -21 -1 -20 0 0 0 0 0 0 0 0 0 0 ]
240,1782983951.683971,18.7686,-65,CSI_DATA,AP,98:F4:AB:29:67:94,-65,11,1,5,1,1,1,1,0,0,0,-96,1,6,1,49755350,0,84,0,0,50.14,384,[84 -64 4 0 0 0 0 0 0 0 0 0 -9 -15 -9 -16 -8 -16 -8 -16 -8 -17 -6 -17 -6 -18 -6 -17 -6 -18 -6 -18 -5 -18 -5 -18 -4 -18 -4 -18 -4 -18 -3 -19 -3 -18 -4 -17 -3 -18 -3 -18 -4 -17 -3 -18 -3 -17 -3 -17 -3 -18 -4 -18 0 0 -4 -17 -4 -18 -4 -18 -5 -17 -4 -16 -5 -17 -5 -17 -6 -17 -5 -17 -7 -17 -6 -18 -7 -17 -6 -17 -7 -17 -7 -17 -8 -18 -7 -18 -8 -17 -8 -18 -8 -16 -8 -17 -8 -17 -9 -18 -9 -18 -9 -17 -9 -17 0 0 0 0 0 0 0 0 0 0 ]
241,1782983951.772467,17.5399,-65,CSI_DATA,AP,98:F4:AB:29:67:94,-65,11,1,5,1,1,1,1,0,0,0,-96,1,6,1,49843545,0,84,0,0,50.2282,384,[84 -64 4 0 0 0 0 0 0 0 0 0 13 11 11 11 12 12 12 12 12 13 11 12 11 14 10 14 11 14 10 15 9 15 9 16 9 15 9 16 9 14 10 16 9 15 9 15 8 14 8 15 8 14 9 15 8 15 7 14 8 15 8 14 0 0 9 14 10 14 9 13 11 13 8 13 10 13 10 13 10 12 11 13 12 14 11 13 10 14 11 13 11 13 13 13 12 12 14 14 12 12 13 12 13 11 12 12 14 11 13 13 13 13 12 12 13 12 0 0 0 0 0 0 0 0 0 0 ]
242,1782983951.861394,17.9105,-65,CSI_DATA,AP,98:F4:AB:29:67:94,-65,11,1,5,1,1,1,1,0,0,0,-96,1,6,1,49939530,0,84,0,0,50.3241,384,[84 -64 4 0 0 0 0 0 0 0 0 0 15 -11 16 -11 16 -10 16 -9 18 -9 16 -8 18 -9 18 -8 19 -8 19 -7 19 -7 19 -6 19 -5 19 -5 18 -5 20 -6 18 -6 19 -6 17 -5 18 -5 19 -4 17 -5 19 -4 18 -4 18 -5 18 -5 0 0 18 -6 18 -6 18 -6 18 -7 16 -5 18 -6 18 -6 17 -7 17 -7 19 -8 18 -8 17 -6 18 -7 17 -8 18 -9 17 -9 19 -10 17 -9 17 -9 18 -11 18 -9 17 -10 18 -10 17 -11 18 -10 17 -10 0 0 0 0 0 0 0 0 0 0 ]
243,1782983951.949880,18.6022,-66,CSI_DATA,AP,98:F4:AB:29:67:94,-66,11,1,6,1,1,1,1,0,0,0,-96,1,6,1,50024537,0,84,0,0,50.4091,384,[84 -64 4 0 0 0 0 0 0 0 0 0 -10 15 -9 15 -11 16 -11 15 -11 15 -12 15 -13 15 -13 14 -14 14 -13 13 -14 15 -14 14 -15 14 -15 14 -15 13 -16 13 -15 13 -15 13 -15 13 -15 12 -15 12 -15 12 -14 12 -14 12 -15 12 -14 13 0 0 -15 13 -14 13 -14 13 -13 13 -14 12 -13 13 -14 14 -13 14 -13 14 -12 15 -13 16 -12 14 -12 16 -12 15 -12 16 -12 16 -12 16 -11 17 -12 16 -11 17 -11 16 -11 17 -10 17 -11 17 -10 17 -11 17 0 0 0 0 0 0 0 0 0 0 ]
244,1782983952.037185,17.8917,-66,CSI_DATA,AP,98:F4:AB:29:67:94,-66,11,1,6,1,1,1,1,0,0,0,-96,1,6,1,50113487,0,84,0,0,50.4981,384,[84 -64 4 0 0 0 0 0 0 0 0 0 -5 15 -5 16 -6 15 -7 15 -6 15 -6 15 -7 15 -8 15 -9 15 -9 15 -8 16 -9 16 -9 14 -9 15 -8 14 -11 15 -10 14 -10 14 -10 13 -10 13 -10 13 -10 14 -9 14 -9 14 -10 14 -10 15 0 0 -9 14 -10 15 -9 14 -8 15 -8 13 -8 14 -8 14 -7 15 -8 16 -7 16 -7 16 -7 16 -7 16 -7 16 -7 16 -7 16 -6 16 -6 15 -7 16 -6 16 -6 17 -6 16 -6 17 -5 17 -6 17 -5 17 0 0 0 0 0 0 0 0 0 0 ]
245,1782983952.124514,17.1998,-66,CSI_DATA,AP,98:F4:AB:29:67:94,-66,11,1,6,1,1,1,1,0,0,0,-96,1,6,1,50204700,0,84,0,0,50.5893,384,[84 -64 4 0 0 0 0 0 0 0 0 0 3 15 2 15 2 16 1 16 2 17 0 15 1 17 0 17 0 17 -2 17 -1 17 -1 17 -2 17 -2 18 -2 16 -2 18 -2 16 -1 17 -2 16 -2 16 -2 16 -1 16 -3 16 -2 16 -2 17 -1 17 0 0 -1 16 0 18 0 16 0 17 -1 15 1 16 0 17 1 16 2 16 1 18 1 17 2 16 2 17 2 16 3 17 4 16 3 17 3 16 3 16 4 17 3 17 4 17 4 18 4 17 3 17 4 17 0 0 0 0 0 0 0 0 0 0 ]
246,1782983952.211751,17.4538,-66,CSI_DATA,AP,98:F4:AB:29:67:94,-66,11,1,6,1,1,1,1,0,0,0,-96,1,6,1,50297007,0,84,0,0,50.6816,384,[84 -64 4 0 0 0 0 0 0 0 0 0 2 -16 3 -16 3 -18 5 -16 4 -17 4 -16 5 -17 6 -16 6 -17 7 -16 7 -17 8 -16 8 -17 7 -17 8 -16 8 -18 8 -16 8 -16 7 -15 8 -16 8 -15 8 -16 8 -15 8 -16 9 -15 8 -15 0 0 7 -16 7 -16 6 -16 7 -17 6 -15 7 -17 7 -17 6 -16 6 -17 5 -17 5 -17 5 -17 4 -18 5 -16 4 -18 3 -18 4 -19 4 -18 4 -18 3 -18 4 -18 2 -17 4 -18 3 -18 4 -18 3 -18 0 0 0 0 0 0 0 0 0 0 ]
247,1782983952.299838,17.0290,-66,CSI_DATA,AP,98:F4:AB:29:67:94,-66,11,1,6,1,1,1,1,0,0,0,-96,1,6,1,50383045,0,84,0,0,50.7676,384,[84 -64 4 0 0 0 0 0 0 0 0 0 11 -12 13 -11 13 -12 13 -11 13 -10 13 -11 14 -10 14 -10 15 -9 15 -9 15 -9 15 -9 16 -9 16 -9 16 -7 16 -8 16 -8 15 -7 16 -7 15 -7 16 -6 16 -7 15 -6 15 -6 16 -7 15 -8 0 0 16 -8 15 -8 16 -7 14 -9 14 -7 15 -8 15 -8 15 -8 15 -9 14 -9 15 -9 14 -9 14 -9 14 -9 14 -10 15 -10 15 -9 14 -10 15 -10 14 -11 15 -10 14 -10 14 -10 14 -12 15 -11 14 -12 0 0 0 0 0 0 0 0 0 0 ]
248,1782983952.388017,16.6502,-66,CSI_DATA,AP,98:F4:AB:29:67:94,-66,11,1,6,1,1,1,1,0,0,0,-96,1,6,1,50474248,0,84,0,0,50.8589,384,[84 -64 4 0 0 0 0 0 0 0 0 0 -4 15 -5 16 -6 15 -7 16 -7 15 -7 15 -9 15 -8 15 -8 15 -9 14 -9 16 -10 15 -9 15 -9 14 -10 15 -11 15 -10 14 -10 14 -10 14 -9 14 -10 13 -10 13 -10 14 -10 14 -10 13 -9 14 0 0 -9 14 -9 14 -9 14 -8 14 -8 14 -8 14 -8 15 -7 14 -8 15 -7 15 -6 15 -6 15 -6 16 -6 16 -6 17 -6 17 -5 17 -5 17 -6 17 -5 17 -5 17 -4 17 -4 17 -4 17 -5 18 -4 17 0 0 0 0 0 0 0 0 0 0 ]
249,1782983952.479923,17.0861,-67,CSI_DATA,AP,98:F4:AB:29:67:94,-67,11,1,7,1,1,1,1,0,0,0,-96,1,6,1,50563427,0,84,0,0,50.948,384,[84 -64 4 0 0 0 0 0 0 0 0 0 -16 2 -17 2 -18 2 -17 1 -18 1 -17 1 -17 0 -18 0 -18 -1 -18 -2 -19 -2 -18 -3 -18 -3 -18 -3 -18 -3 -19 -3 -18 -3 -17 -4 -17 -3 -17 -3 -17 -4 -18 -4 -18 -3 -17 -4 -17 -4 -17 -3 0 0 -17 -2 -18 -2 -17 -2 -17 -2 -16 -3 -18 -2 -17 -2 -18 -1 -17 -1 -19 -1 -18 0 -17 -1 -17 -1 -18 -1 -18 0 -18 1 -18 0 -18 1 -19 1 -19 1 -19 1 -18 1 -19 1 -19 2 -19 1 -19 2 0 0 0 0 0 0 0 0 0 0 ]
250,1782983952.564655,17.6971,-67,CSI_DATA,AP,98:F4:AB:29:67:94,-67,11,1,7,1,1,1,1,0,0,0,-96,1,6,1,50654564,0,84,0,0,51.0392,384,[84 -64 4 0 0 0 0 0 0 0 0 0 17 6 17 6 17 9 17 9 17 8 17 9 16 10 17 10 16 9 16 12 17 12 16 12 15 11 15 12 15 12 15 12 16 12 14 12 14 12 14 11 15 13 14 11 15 12 15 12 14 12 15 12 0 0 16 12 15 11 15 11 16 10 15 11 16 11 16 11 16 11 17 10 16 9 18 9 17 9 17 10 17 9 18 9 19 9 18 9 18 8 18 9 18 8 17 9 18 9 18 8 19 7 18 7 18 8 0 0 0 0 0 0 0 0 0 0 ]
251,1782983952.651787,17.6630,-67,CSI_DATA,AP,98:F4:AB:29:67:94,-67,11,1,7,1,1,1,1,0,0,0,-96,1,6,1,50743333,0,84,0,0,51.1279,384,[84 -64 4 0 0 0 0 0 0 0 0 0 13 -10 13 -10 14 -10 14 -9 14 -9 14 -9 15 -8 15 -9 16 -8 16 -8 16 -9 16 -8 16 -8 16 -7 16 -7 17 -7 16 -6 16 -6 15 -7 16 -7 16 -7 16 -6 15 -6 15 -7 16 -7 16 -8 0 0 15 -8 16 -7 16 -8 14 -8 15 -7 15 -8 15 -8 14 -9 15 -9 14 -10 14 -10 15 -10 14 -10 14 -10 14 -10 15 -11 15 -10 14 -11 15 -11 14 -11 14 -11 14 -11 14 -12 13 -13 14 -13 13 -12 0 0 0 0 0 0 0 0 0 0 ]
252,1782983952.739396,17.9182,-64,CSI_DATA,AP,98:F4:AB:29:67:94,-64,11,1,4,1,1,1,1,0,0,0,-96,1,6,1,50837714,0,84,0,0,51.2223,384,[84 -64 4 0 0 0 0 0 0 0 0 0 14 9 14 9 14 9 14 10 14 10 13 12 13 11 13 12 13 12 12 12 12 13 12 13 12 13 12 13 12 13 11 14 11 14 10 14 10 13 11 13 11 14 10 14 10 14 10 13 11 14 12 14 0 0 11 13 12 13 12 14 12 12 11 12 12 13 12 13 12 12 13 13 13 12 13 13 12 11 13 12 14 12 14 12 14 12 14 13 14 12 14 12 15 11 14 12 14 12 14 11 15 12 14 11 15 11 0 0 0 0 0 0 0 0 0 0 ]
253,1782983952.828466,17.8633,-67,CSI_DATA,AP,98:F4:AB:29:67:94,-67,11,1,7,1,1,1,1,0,0,0,-96,1,6,1,50923940,0,84,0,0,51.3086,384,[84 -64 4 0 0 0 0 0 0 0 0 0 19 1 19 1 19 1 18 2 20 3 17 3 19 3 18 5 19 4 18 7 19 6 19 7 18 7 18 8 17 6 20 7 17 7 18 6 17 7 18 6 17 6 18 6 17 7 17 7 18 7 17 6 0 0 18 5 19 5 17 5 18 5 18 5 18 5 19 4 19 3 19 3 18 3 19 3 18 4 19 3 18 3 20 2 19 1 21 3 20 2 20 1 20 0 20 1 20 0 21 2 20 0 20 1 19 1 0 0 0 0 0 0 0 0 0 0 ]
254,1782983952.918468,18.9952,-66,CSI_DATA,AP,98:F4:AB:29:67:94,-66,11,1,6,1,1,1,1,0,0,0,-96,1,6,1,51014986,0,84,0,0,51.3996,384,[84 -64 4 0 0 0 0 0 0 0 0 0 -15 -11 -14 -11 -16 -12 -15 -12 -15 -13 -14 -14 -14 -14 -13 -15 -13 -15 -12 -15 -14 -16 -13 -16 -13 -16 -13 -16 -12 -16 -12 -17 -12 -16 -12 -16 -12 -15 -10 -15 -11 -16 -11 -16 -11 -16 -12 -16 -12 -16 -12 -16 0 0 -12 -16 -13 -15 -13 -14 -13 -14 -12 -15 -13 -15 -13 -15 -13 -15 -13 -14 -15 -14 -15 -14 -14 -14 -15 -13 -15 -14 -15 -13 -16 -13 -16 -14 -16 -12 -15 -14 -15 -14 -16 -14 -16 -13 -16 -13 -18 -13 -17 -12 -18 -13 0 0 0 0 0 0 0 0 0 0 ]
255,1782983953.007469,17.6306,-66,CSI_DATA,AP,98:F4:AB:29:67:94,-66,11,1,6,1,1,1,1,0,0,0,-96,1,6,1,51107279,0,84,0,0,51.4919,384,[84 -64 4 0 0 0 0 0 0 0 0 0 -15 -3 -15 -4 -15 -4 -16 -4 -15 -4 -15 -6 -15 -5 -16 -6 -15 -6 -14 -6 -15 -6 -15 -6 -15 -7 -14 -8 -15 -7 -15 -9 -15 -9 -13 -8 -13 -9 -14 -8 -15 -8 -14 -9 -13 -7 -13 -8 -14 -8 -15 -8 0 0 -15 -8 -14 -8 -14 -8 -14 -7 -13 -6 -14 -7 -14 -7 -14 -8 -14 -6 -14 -4 -15 -5 -15 -6 -16 -6 -17 -6 -15 -7 -16 -6 -16 -5 -15 -5 -16 -5 -16 -5 -16 -5 -16 -5 -15 -4 -15 -5 -17 -6 -16 -4 0 0 0 0 0 0 0 0 0 0 ]
256,1782983953.096471,17.1823,-66,CSI_DATA,AP,98:F4:AB:29:67:94,-66,11,1,6,1,1,1,1,0,0,0,-96,1,6,1,51193999,0,84,0,0,51.5786,384,[84 -64 4 0 0 0 0 0 0 0 0 0 10 -13 10 -11 11 -12 12 -11 13 -11 12 -10 13 -11 13 -11 14 -11 14 -10 14 -9 15 -9 15 -9 15 -8 14 -8 15 -9 14 -8 15 -9 14 -8 14 -8 15 -9 14 -8 15 -8 14 -7 15 -8 14 -8 0 0 14 -9 15 -9 14 -9 14 -9 14 -8 14 -9 14 -9 13 -10 13 -10 13 -11 13 -11 13 -11 14 -10 13 -11 13 -11 13 -11 14 -12 13 -12 13 -12 12 -13 12 -13 12 -12 12 -13 13 -13 13 -12 12 -13 0 0 0 0 0 0 0 0 0 0 ]
257,1782983953.185469,16.9688,-66,CSI_DATA,AP,98:F4:AB:29:67:94,-66,11,1,6,1,1,1,1,0,0,0,-96,1,6,1,51283803,0,84,0,0,51.6684,384,[84 -64 4 0 0 0 0 0 0 0 0 0 15 -3 16 -3 17 -2 16 -2 16 -1 15 -2 16 -1 16 -1 17 -1 17 1 16 2 17 2 17 1 17 2 16 2 18 2 16 1 17 1 16 3 16 2 16 1 16 1 16 2 16 2 17 3 16 2 0 0 16 1 17 1 16 0 16 0 15 1 16 0 16 -1 16 -1 16 -1 17 -1 17 -1 16 -1 17 -1 16 -2 17 -3 17 -3 18 -3 16 -2 17 -4 16 -4 17 -4 16 -5 18 -3 18 -4 17 -3 17 -4 0 0 0 0 0 0 0 0 0 0 ]
258,1782983953.274476,16.7886,-66,CSI_DATA,AP,98:F4:AB:29:67:94,-66,11,1,6,1,1,1,1,0,0,0,-96,1,6,1,51376359,0,84,0,0,51.761,384,[84 -64 4 0 0 0 0 0 0 0 0 0 -16 -10 -14 -10 -14 -11 -14 -11 -14 -12 -13 -12 -13 -13 -12 -12 -12 -13 -12 -13 -12 -15 -11 -14 -11 -14 -11 -15 -11 -14 -11 -15 -11 -14 -11 -14 -11 -14 -10 -14 -11 -14 -10 -14 -10 -14 -9 -14 -10 -14 -10 -14 0 0 -10 -13 -11 -14 -11 -14 -12 -13 -11 -13 -12 -13 -11 -13 -12 -13 -12 -13 -13 -13 -13 -13 -12 -13 -13 -13 -13 -13 -14 -12 -13 -11 -14 -13 -14 -12 -13 -13 -14 -12 -13 -13 -15 -12 -14 -13 -15 -13 -14 -12 -15 -12 0 0 0 0 0 0 0 0 0 0 ]
259,1782983953.361220,17.8857,-67,CSI_DATA,AP,98:F4:AB:29:67:94,-67,11,1,7,1,1,1,1,0,0,0,-96,1,6,1,51465299,0,84,0,0,51.8499,384,[84 -64 4 0 0 0 0 0 0 0 0 0 -13 14 -13 14 -14 12 -15 13 -15 12 -15 12 -17 12 -16 11 -15 10 -16 11 -17 11 -17 11 -18 10 -18 10 -18 9 -18 9 -17 10 -17 8 -18 8 -18 9 -18 8 -18 8 -16 9 -17 8 -17 8 -17 10 0 0 -16 9 -17 10 -17 10 -17 10 -17 9 -16 10 -16 9 -16 11 -17 11 -16 12 -16 13 -15 11 -16 11 -16 12 -16 13 -15 13 -16 13 -16 13 -17 13 -15 14 -16 14 -16 13 -15 14 -16 14 -15 14 -15 15 0 0 0 0 0 0 0 0 0 0 ]
260,1782983953.448517,18.4212,-65,CSI_DATA,AP,98:F4:AB:29:67:94,-65,11,1,5,1,1,1,1,0,0,0,-96,1,6,1,51556128,0,84,0,0,51.9407,384,[84 -64 4 0 0 0 0 0 0 0 0 0 8 -16 10 -15 11 -16 11 -16 11 -15 12 -15 12 -13 13 -15 13 -14 13 -14 13 -15 14 -14 14 -14 14 -14 14 -13 15 -13 14 -13 13 -13 15 -13 14 -12 14 -12 15 -12 14 -12 13 -12 14 -12 14 -13 0 0 14 -13 14 -13 13 -13 13 -14 13 -13 13 -14 13 -13 13 -13 13 -14 12 -15 12 -15 11 -15 11 -15 12 -15 11 -15 12 -16 13 -16 11 -16 12 -16 11 -17 11 -17 12 -16 12 -17 11 -18 12 -17 11 -17 0 0 0 0 0 0 0 0 0 0 ]
261,1782983953.535452,17.7989,-67,CSI_DATA,AP,98:F4:AB:29:67:94,-67,11,1,7,1,1,1,1,0,0,0,-96,1,6,1,51646121,0,84,0,0,52.0307,384,[84 -64 4 0 0 0 0 0 0 0 0 0 12 -12 13 -10 13 -11 14 -9 15 -9 14 -8 15 -9 15 -8 15 -9 16 -8 15 -8 16 -7 17 -7 16 -6 14 -7 16 -7 15 -6 16 -6 15 -6 15 -6 15 -6 16 -6 15 -5 16 -6 16 -6 16 -6 0 0 15 -6 16 -7 15 -7 15 -8 14 -6 14 -7 15 -7 14 -8 15 -9 14 -9 15 -9 15 -8 15 -9 15 -8 16 -10 14 -10 16 -9 15 -11 15 -10 15 -11 15 -10 14 -10 15 -11 15 -12 15 -11 14 -11 0 0 0 0 0 0 0 0 0 0 ]
262,1782983953.624500,17.4314,-67,CSI_DATA,AP,98:F4:AB:29:67:94,-67,11,1,7,1,1,1,1,0,0,0,-96,1,6,1,51733487,0,84,0,0,52.1181,384,[84 -64 4 0 0 0 0 0 0 0 0 0 9 -14 10 -14 10 -15 11 -13 10 -13 11 -12 11 -12 12 -12 12 -12 13 -13 13 -12 14 -12 14 -12 14 -12 13 -11 14 -11 13 -11 14 -11 13 -11 14 -11 13 -10 13 -12 14 -10 13 -11 13 -11 14 -12 0 0 13 -11 13 -11 12 -11 13 -13 12 -11 13 -12 12 -12 13 -12 12 -12 12 -13 11 -13 11 -12 12 -13 12 -14 11 -13 11 -15 12 -14 12 -14 11 -14 11 -15 12 -14 11 -15 12 -14 11 -15 11 -15 11 -15 0 0 0 0 0 0 0 0 0 0 ]
263,1782983953.720229,17.6296,-67,CSI_DATA,AP,98:F4:AB:29:67:94,-67,11,1,7,1,1,1,1,0,0,0,-96,1,6,1,51832088,0,84,0,0,52.2167,384,[84 -64 4 0 0 0 0 0 0 0 0 0 -14 9 -13 9 -16 9 -14 8 -16 7 -15 7 -16 7 -16 5 -16 6 -18 5 -17 6 -17 6 -18 5 -17 5 -16 5 -19 5 -17 4 -17 5 -18 4 -17 3 -18 3 -17 3 -17 4 -17 4 -17 5 -17 5 0 0 -17 5 -17 6 -16 6 -17 6 -16 5 -16 5 -17 6 -16 6 -17 7 -17 7 -17 8 -16 8 -15 8 -16 7 -16 8 -16 9 -17 8 -16 8 -17 8 -16 8 -17 8 -16 9 -16 10 -16 10 -16 9 -15 9 0 0 0 0 0 0 0 0 0 0 ]
264,1782983953.808604,17.4195,-66,CSI_DATA,AP,98:F4:AB:29:67:94,-66,11,1,6,1,1,1,1,0,0,0,-96,1,6,1,51919753,0,84,0,0,52.3042,384,[84 -64 4 0 0 0 0 0 0 0 0 0 12 9 12 10 11 10 12 12 12 12 10 12 11 12 10 12 10 13 10 13 9 14 10 14 10 14 10 14 9 14 8 15 9 14 8 14 8 14 8 13 8 14 8 14 8 13 8 14 8 15 9 14 0 0 9 14 9 14 9 14 8 13 8 13 9 12 10 13 10 12 10 14 11 12 11 13 11 12 11 13 11 13 11 13 11 13 12 14 11 12 12 12 13 12 11 11 12 12 13 13 12 11 13 11 12 13 0 0 0 0 0 0 0 0 0 0 ]
265,1782983953.895917,17.4704,-66,CSI_DATA,AP,98:F4:AB:29:67:94,-66,11,1,6,1,1,1,1,0,0,0,-96,1,6,1,52004282,0,84,0,0,52.3889,384,[84 -64 4 0 0 0 0 0 0 0 0 0 12 -14 12 -13 13 -14 13 -13 14 -14 13 -11 13 -13 14 -11 15 -13 16 -12 16 -11 16 -11 16 -10 17 -11 15 -10 17 -11 16 -10 17 -10 15 -9 16 -10 16 -9 15 -10 16 -9 16 -9 16 -9 16 -10 0 0 15 -10 16 -11 15 -10 15 -12 15 -10 14 -11 15 -12 14 -12 15 -12 15 -13 14 -13 14 -11 15 -12 14 -12 14 -14 14 -14 15 -15 14 -14 14 -14 13 -15 14 -15 14 -15 15 -15 14 -16 14 -15 14 -15 0 0 0 0 0 0 0 0 0 0 ]
266,1782983953.997800,17.2022,-66,CSI_DATA,AP,98:F4:AB:29:67:94,-66,11,1,6,1,1,1,1,0,0,0,-96,1,6,1,52105148,0,84,0,0,52.4898,384,[84 -64 4 0 0 0 0 0 0 0 0 0 -3 15 -3 15 -3 16 -4 16 -4 15 -5 14 -5 15 -6 15 -6 16 -7 16 -8 16 -7 16 -8 15 -8 15 -7 15 -8 17 -7 16 -7 15 -8 15 -7 15 -8 15 -8 15 -7 15 -8 14 -8 15 -8 15 0 0 -7 15 -7 16 -6 15 -6 16 -7 14 -6 15 -6 15 -6 16 -5 16 -5 16 -5 16 -5 15 -5 17 -4 16 -3 17 -3 16 -4 18 -3 16 -3 17 -2 17 -2 17 -2 17 -3 18 -2 17 -3 18 -2 17 0 0 0 0 0 0 0 0 0 0 ]
267,1782983954.085761,17.0298,-66,CSI_DATA,AP,98:F4:AB:29:67:94,-66,11,1,6,1,1,1,1,0,0,0,-96,1,6,1,52185618,0,84,0,0,52.5702,384,[84 -64 4 0 0 0 0 0 0 0 0 0 4 -16 4 -15 5 -17 4 -17 5 -16 6 -16 6 -16 6 -16 7 -16 7 -16 7 -17 8 -16 8 -15 8 -15 7 -15 8 -16 7 -15 8 -15 8 -15 8 -15 9 -14 8 -15 8 -15 8 -15 8 -15 8 -15 0 0 7 -16 7 -16 7 -16 6 -16 8 -15 7 -15 7 -16 6 -16 6 -17 6 -17 5 -17 4 -17 6 -17 5 -16 5 -18 5 -17 5 -18 3 -17 4 -18 4 -18 4 -18 4 -19 4 -18 3 -19 3 -18 3 -18 0 0 0 0 0 0 0 0 0 0 ]
268,1782983954.173721,16.9917,-66,CSI_DATA,AP,98:F4:AB:29:67:94,-66,11,1,6,1,1,1,1,0,0,0,-96,1,6,1,52275526,0,84,0,0,52.6601,384,[84 -64 4 0 0 0 0 0 0 0 0 0 -1 16 0 15 -1 16 -2 16 -1 17 -2 15 -3 16 -4 16 -3 16 -4 17 -5 17 -5 16 -5 16 -5 16 -5 16 -6 17 -5 16 -6 16 -6 15 -6 15 -6 15 -7 15 -6 15 -5 14 -6 15 -5 15 0 0 -5 16 -6 16 -6 16 -5 16 -5 15 -5 15 -5 16 -5 16 -5 16 -4 17 -3 18 -4 16 -4 16 -3 17 -3 17 -3 17 -4 18 -3 16 -3 18 -2 17 -3 17 -3 17 -2 17 -2 18 -2 17 -2 18 0 0 0 0 0 0 0 0 0 0 ]
269,1782983954.259750,17.1105,-67,CSI_DATA,AP,98:F4:AB:29:67:94,-67,11,1,7,1,1,1,1,0,0,0,-96,1,6,1,52363792,0,84,0,0,52.7484,384,[84 -64 4 0 0 0 0 0 0 0 0 0 7 -16 6 -14 7 -15 7 -15 8 -15 8 -14 9 -14 9 -14 10 -14 10 -14 11 -15 11 -14 12 -14 11 -14 10 -13 11 -13 11 -13 11 -13 11 -13 11 -12 12 -12 12 -13 11 -13 11 -13 12 -12 12 -13 0 0 11 -13 11 -13 11 -14 10 -14 10 -12 11 -13 11 -14 10 -14 11 -14 10 -14 9 -15 10 -14 10 -15 10 -14 10 -16 9 -16 10 -15 10 -16 9 -15 9 -15 9 -16 9 -17 10 -15 9 -17 9 -17 9 -16 0 0 0 0 0 0 0 0 0 0 ]
270,1782983954.347662,16.9800,-67,CSI_DATA,AP,98:F4:AB:29:67:94,-67,11,1,7,1,1,1,1,0,0,0,-96,1,6,1,52457261,0,84,0,0,52.8419,384,[84 -64 4 0 0 0 0 0 0 0 0 0 -10 -11 -10 -11 -10 -12 -10 -12 -10 -12 -10 -13 -9 -13 -9 -13 -9 -14 -8 -14 -9 -15 -8 -15 -8 -15 -7 -15 -7 -14 -8 -16 -7 -15 -8 -15 -7 -14 -6 -14 -6 -15 -6 -15 -6 -15 -6 -14 -7 -15 -6 -14 0 0 -7 -15 -8 -14 -7 -14 -8 -15 -6 -14 -6 -14 -7 -14 -8 -14 -8 -14 -8 -14 -8 -15 -8 -14 -8 -14 -8 -14 -9 -14 -9 -14 -9 -14 -9 -14 -9 -15 -9 -14 -9 -15 -10 -14 -10 -15 -10 -15 -10 -14 -10 -14 0 0 0 0 0 0 0 0 0 0 ]
271,1782983954.435107,16.8081,-67,CSI_DATA,AP,98:F4:AB:29:67:94,-67,11,1,7,1,1,1,1,0,0,0,-96,1,6,1,52546162,0,84,0,0,52.9308,384,[84 -64 4 0 0 0 0 0 0 0 0 0 10 -14 10 -15 11 -16 12 -14 12 -15 12 -14 13 -15 12 -15 13 -15 13 -13 14 -14 15 -14 15 -13 16 -12 13 -13 15 -13 14 -12 15 -12 14 -12 14 -12 14 -13 14 -13 15 -12 14 -11 15 -12 15 -13 0 0 14 -13 15 -13 15 -12 14 -14 14 -12 13 -14 13 -14 13 -15 14 -15 13 -14 13 -15 13 -14 13 -14 13 -15 14 -16 13 -15 14 -16 13 -17 13 -17 12 -17 12 -16 12 -16 13 -16 12 -17 13 -17 13 -17 0 0 0 0 0 0 0 0 0 0 ]
272,1782983954.523355,17.0216,-67,CSI_DATA,AP,98:F4:AB:29:67:94,-67,11,1,7,1,1,1,1,0,0,0,-96,1,6,1,52635581,0,84,0,0,53.0201,384,[84 -64 4 0 0 0 0 0 0 0 0 0 13 -8 15 -8 15 -7 15 -7 16 -7 16 -6 16 -5 16 -5 16 -5 16 -5 17 -5 16 -5 17 -4 17 -4 16 -3 17 -3 17 -4 17 -3 16 -3 16 -3 17 -3 17 -3 16 -3 17 -3 17 -3 16 -4 0 0 17 -3 16 -4 17 -4 16 -5 15 -4 16 -4 16 -4 16 -5 17 -5 16 -7 17 -6 16 -6 16 -6 17 -5 16 -6 17 -6 17 -7 17 -7 17 -6 16 -7 17 -7 16 -8 17 -8 17 -7 17 -8 16 -8 0 0 0 0 0 0 0 0 0 0 ]
273,1782983954.611809,16.6148,-67,CSI_DATA,AP,98:F4:AB:29:67:94,-67,11,1,7,1,1,1,1,0,0,0,-96,1,6,1,52724654,0,84,0,0,53.1093,384,[84 -64 4 0 0 0 0 0 0 0 0 0 13 -11 12 -10 14 -10 14 -10 14 -9 14 -9 14 -9 15 -8 15 -9 15 -8 16 -8 16 -7 16 -7 16 -7 15 -8 16 -7 16 -7 16 -7 15 -7 15 -7 15 -6 15 -7 16 -7 15 -6 15 -6 15 -6 0 0 14 -8 15 -7 15 -8 15 -9 15 -7 15 -9 15 -9 15 -8 15 -9 15 -9 14 -10 15 -8 14 -9 15 -11 15 -11 14 -11 14 -11 14 -11 15 -11 14 -12 14 -11 13 -11 15 -11 14 -12 15 -12 14 -12 0 0 0 0 0 0 0 0 0 0 ]
274,1782983954.699899,17.0437,-67,CSI_DATA,AP,98:F4:AB:29:67:94,-67,11,1,7,1,1,1,1,0,0,0,-96,1,6,1,52813668,0,84,0,0,53.1983,384,[84 -64 4 0 0 0 0 0 0 0 0 0 -10 12 -11 12 -11 13 -12 13 -12 12 -12 12 -13 11 -13 11 -14 11 -13 10 -14 11 -14 10 -15 10 -14 10 -14 9 -15 10 -14 10 -14 9 -14 9 -14 10 -15 8 -15 9 -14 9 -14 9 -15 9 -14 10 0 0 -15 10 -13 10 -14 10 -14 10 -13 10 -14 10 -14 10 -13 10 -14 11 -13 11 -13 12 -13 11 -13 12 -13 12 -13 13 -13 12 -14 12 -13 13 -13 12 -13 13 -13 13 -13 12 -13 13 -13 14 -12 14 -12 13 0 0 0 0 0 0 0 0 0 0 ]
275,1782983954.792720,17.2544,-67,CSI_DATA,AP,98:F4:AB:29:67:94,-67,11,1,7,1,1,1,1,0,0,1,-96,1,6,1,52907442,0,84,0,0,53.2921,384,[84 -64 4 0 0 0 0 0 0 0 0 0 -13 11 -13 10 -13 10 -14 11 -14 11 -14 10 -14 9 -15 10 -15 9 -15 9 -16 9 -14 9 -16 7 -16 8 -17 7 -17 7 -16 6 -15 6 -17 6 -16 8 -16 6 -16 6 -15 6 -15 6 -16 6 -16 7 0 0 -16 7 -16 6 -16 7 -15 8 -15 6 -16 7 -17 7 -15 7 -16 8 -14 8 -16 10 -14 8 -15 9 -16 9 -15 9 -16 10 -16 8 -15 9 -16 9 -15 9 -15 10 -16 9 -15 10 -15 10 -16 10 -15 11 0 0 0 0 0 0 0 0 0 0 ]
276,1782983954.881782,17.3553,-66,CSI_DATA,AP,98:F4:AB:29:67:94,-66,11,1,6,1,1,1,1,0,0,0,-96,1,6,1,52996876,0,84,0,0,53.3814,384,[84 -64 4 0 0 0 0 0 0 0 0 0 4 -17 4 -15 4 -17 5 -16 5 -17 6 -16 7 -16 7 -16 7 -16 7 -16 7 -16 8 -16 8 -16 9 -16 8 -15 9 -16 9 -15 9 -14 8 -14 8 -14 9 -15 9 -14 7 -14 8 -14 9 -15 8 -15 0 0 8 -15 8 -16 8 -15 7 -16 8 -14 7 -16 7 -16 6 -15 6 -16 5 -16 5 -16 6 -15 6 -16 5 -17 6 -17 5 -17 6 -18 5 -18 5 -17 5 -17 5 -18 4 -17 5 -18 4 -18 4 -17 4 -18 0 0 0 0 0 0 0 0 0 0 ]
277,1782983954.971520,17.7557,-67,CSI_DATA,AP,98:F4:AB:29:67:94,-67,11,1,7,1,1,1,1,0,0,1,-96,1,6,1,53085293,0,84,0,0,53.4699,384,[84 -64 4 0 0 0 0 0 0 0 0 0 -12 13 -11 13 -13 13 -13 12 -13 13 -13 11 -14 10 -15 10 -14 11 -16 10 -16 10 -16 10 -16 9 -16 9 -15 10 -16 10 -16 10 -16 8 -16 9 -15 9 -16 8 -16 8 -16 9 -15 7 -16 8 -16 9 0 0 -15 9 -15 10 -15 9 -15 10 -15 10 -14 10 -15 9 -14 11 -14 11 -15 11 -15 12 -13 10 -14 11 -14 12 -14 13 -13 13 -14 12 -14 12 -14 12 -14 13 -13 12 -13 13 -13 12 -13 14 -13 13 -13 13 0 0 0 0 0 0 0 0 0 0 ]
278,1782983955.061522,17.6289,-67,CSI_DATA,AP,98:F4:AB:29:67:94,-67,11,1,7,1,1,1,1,0,0,1,-96,1,6,1,53176433,0,84,0,0,53.5611,384,[84 -64 4 0 0 0 0 0 0 0 0 0 -15 2 -16 2 -17 1 -17 1 -16 1 -16 0 -16 0 -16 -1 -16 -1 -17 -2 -17 -2 -17 -2 -17 -2 -17 -2 -16 -2 -18 -2 -16 -2 -16 -2 -16 -2 -16 -3 -16 -3 -17 -2 -16 -2 -16 -2 -16 -2 -16 -2 0 0 -16 -1 -16 -1 -16 -1 -16 -1 -16 -1 -17 -1 -16 -1 -17 0 -16 1 -17 1 -17 1 -16 1 -16 2 -16 1 -16 2 -17 3 -17 3 -17 3 -17 3 -16 3 -17 3 -17 3 -17 4 -17 5 -17 4 -16 4 0 0 0 0 0 0 0 0 0 0 ]
279,1782983955.166744,17.8593,-67,CSI_DATA,AP,98:F4:AB:29:67:94,-67,11,1,7,1,1,1,1,0,0,1,-96,1,6,1,53265649,0,84,0,0,53.6503,384,[84 -64 4 0 0 0 0 0 0 0 0 0 11 -13 13 -13 13 -13 14 -12 13 -12 13 -12 14 -11 14 -12 14 -12 15 -11 15 -11 16 -11 16 -10 16 -9 16 -9 16 -10 16 -9 16 -8 16 -9 16 -9 16 -8 16 -9 15 -9 15 -8 16 -8 15 -9 0 0 15 -9 15 -10 15 -9 15 -9 15 -10 15 -10 15 -10 14 -10 14 -11 14 -11 14 -11 14 -11 14 -11 14 -12 14 -12 14 -12 14 -12 15 -13 14 -13 14 -13 13 -12 13 -12 14 -13 13 -13 14 -13 13 -14 0 0 0 0 0 0 0 0 0 0 ]
280,1782983955.247520,17.7442,-67,CSI_DATA,AP,98:F4:AB:29:67:94,-67,11,1,7,1,1,1,1,0,0,1,-96,1,6,1,53353734,0,84,0,0,53.7382,384,[84 -64 4 0 0 0 0 0 0 0 0 0 -18 -2 -17 -3 -17 -3 -18 -3 -18 -5 -18 -4 -18 -4 -18 -6 -18 -6 -18 -6 -19 -7 -18 -5 -19 -8 -18 -7 -18 -6 -18 -8 -17 -7 -18 -7 -18 -7 -17 -6 -17 -8 -18 -7 -17 -7 -18 -7 -18 -7 -17 -7 0 0 -19 -6 -18 -6 -17 -6 -19 -5 -18 -6 -18 -5 -18 -6 -18 -5 -18 -4 -19 -4 -19 -5 -19 -5 -18 -5 -18 -4 -20 -3 -19 -3 -20 -4 -20 -2 -19 -3 -18 -3 -19 -2 -20 -2 -21 -2 -20 -3 -19 -2 -21 -1 0 0 0 0 0 0 0 0 0 0 ]
281,1782983955.341172,17.0334,-67,CSI_DATA,AP,98:F4:AB:29:67:94,-67,11,1,7,1,1,1,1,0,0,0,-96,1,6,1,53445413,0,84,0,0,53.83,384,[84 -64 4 0 0 0 0 0 0 0 0 0 12 -8 12 -7 14 -7 14 -7 14 -7 13 -6 14 -7 14 -6 14 -6 15 -5 16 -5 16 -4 15 -4 16 -4 15 -4 16 -4 15 -5 15 -4 15 -4 15 -4 15 -4 15 -4 15 -3 15 -3 16 -4 15 -4 0 0 15 -4 15 -5 15 -5 15 -6 15 -4 15 -5 15 -6 14 -6 15 -6 16 -7 15 -7 15 -6 15 -7 15 -6 15 -8 15 -8 16 -8 15 -7 15 -8 15 -8 15 -8 15 -8 16 -8 16 -9 15 -8 15 -9 0 0 0 0 0 0 0 0 0 0 ]
282,1782983955.425066,16.4073,-67,CSI_DATA,AP,98:F4:AB:29:67:94,-67,11,1,7,1,1,1,1,0,0,0,-96,1,6,1,53533529,0,84,0,0,53.9181,384,[84 -64 4 0 0 0 0 0 0 0 0 0 -2 -15 -1 -15 -1 -15 -1 -16 0 -15 -1 -16 0 -16 0 -16 1 -16 2 -16 1 -17 1 -16 2 -17 2 -16 2 -16 2 -17 2 -17 3 -16 3 -16 3 -16 3 -16 3 -16 3 -16 3 -15 3 -16 3 -16 0 0 2 -16 2 -17 3 -17 2 -17 2 -16 2 -16 2 -17 2 -17 2 -17 0 -18 1 -17 1 -17 0 -17 1 -17 0 -18 -1 -18 0 -18 0 -19 0 -19 0 -18 0 -18 0 -18 0 -18 -1 -18 -1 -18 -1 -18 0 0 0 0 0 0 0 0 0 0 ]
283,1782983955.512227,15.2015,-67,CSI_DATA,AP,98:F4:AB:29:67:94,-67,11,1,7,1,1,1,1,0,0,0,-96,1,6,1,53624176,0,84,0,0,54.0088,384,[84 -64 4 0 0 0 0 0 0 0 0 0 8 -12 8 -11 9 -12 10 -12 10 -10 10 -10 11 -10 12 -11 12 -10 11 -9 12 -10 11 -11 12 -9 11 -10 12 -9 13 -10 12 -10 12 -8 12 -8 12 -9 12 -9 12 -9 11 -9 12 -9 12 -9 11 -10 0 0 11 -10 11 -10 11 -10 11 -10 11 -10 11 -10 11 -11 11 -11 11 -11 11 -12 11 -13 11 -11 10 -12 10 -13 11 -12 11 -14 11 -13 10 -13 11 -14 10 -13 10 -14 10 -13 10 -14 10 -14 10 -15 10 -14 0 0 0 0 0 0 0 0 0 0 ]
284,1782983955.621418,16.2807,-67,CSI_DATA,AP,98:F4:AB:29:67:94,-67,11,1,7,1,1,1,1,0,0,0,-96,1,6,1,53717007,0,84,0,0,54.1016,384,[84 -64 4 0 0 0 0 0 0 0 0 0 6 -14 8 -15 8 -15 9 -14 9 -14 9 -13 10 -13 10 -12 11 -13 11 -12 12 -13 12 -13 12 -13 11 -12 11 -12 13 -13 12 -12 11 -11 11 -11 12 -11 12 -12 12 -12 12 -11 11 -11 13 -12 11 -12 0 0 12 -12 11 -12 11 -12 10 -13 10 -12 11 -13 12 -13 10 -13 10 -14 9 -14 9 -14 9 -15 10 -14 10 -14 10 -14 10 -15 10 -16 9 -16 10 -16 9 -16 10 -16 10 -15 9 -16 8 -17 9 -16 10 -16 0 0 0 0 0 0 0 0 0 0 ]
285,1782983955.705790,15.6021,-67,CSI_DATA,AP,98:F4:AB:29:67:94,-67,11,1,6,1,1,1,1,0,0,0,-96,1,6,1,53817252,0,84,0,0,54.2018,384,[84 -64 4 0 0 0 0 0 0 0 0 0 8 12 7 13 8 14 6 15 7 14 6 14 5 15 5 15 5 15 4 14 5 15 4 16 4 16 4 16 4 15 3 16 3 15 4 16 3 15 3 15 3 15 3 15 3 15 3 15 3 15 4 15 0 0 3 15 4 15 4 15 4 14 4 14 5 15 5 14 5 14 6 15 6 14 6 16 6 15 6 15 6 15 6 15 6 15 7 15 7 14 7 15 8 15 8 15 8 15 7 15 9 15 8 15 8 15 0 0 0 0 0 0 0 0 0 0 ]
286,1782983955.795538,16.6016,-67,CSI_DATA,AP,98:F4:AB:29:67:94,-67,11,1,7,1,1,1,1,0,0,1,-96,1,6,1,53899286,0,84,0,0,54.2839,384,[84 -64 4 0 0 0 0 0 0 0 0 0 -16 -4 -16 -5 -17 -5 -16 -6 -16 -6 -16 -6 -16 -6 -15 -9 -16 -8 -15 -8 -16 -9 -15 -9 -15 -9 -15 -9 -15 -9 -16 -10 -15 -9 -15 -9 -15 -9 -14 -9 -15 -10 -14 -9 -14 -9 -15 -9 -15 -9 -15 -9 0 0 -16 -8 -15 -8 -15 -8 -15 -8 -14 -7 -15 -8 -16 -7 -16 -7 -15 -6 -17 -7 -17 -6 -16 -6 -17 -5 -16 -5 -17 -5 -17 -4 -18 -5 -18 -5 -18 -5 -19 -5 -19 -5 -18 -4 -18 -5 -19 -3 -19 -4 -19 -4 0 0 0 0 0 0 0 0 0 0 ]
287,1782983955.882174,16.4869,-67,CSI_DATA,AP,98:F4:AB:29:67:94,-67,11,1,7,1,1,1,1,0,0,1,-96,1,6,1,53984556,0,84,0,0,54.3692,384,[84 -64 4 0 0 0 0 0 0 0 0 0 14 -6 15 -6 16 -5 16 -5 16 -5 16 -4 16 -4 15 -4 16 -4 17 -2 17 -3 18 -2 17 -2 18 -1 17 -1 17 -1 17 -1 16 -1 16 0 17 0 16 0 16 -1 16 0 15 0 16 -1 17 -1 0 0 16 -1 17 -2 17 -2 17 -1 15 -1 17 -1 17 -2 16 -3 16 -2 16 -3 17 -3 16 -2 17 -3 17 -4 16 -3 17 -4 18 -4 17 -5 18 -5 17 -5 17 -5 18 -6 18 -4 18 -5 17 -5 17 -6 0 0 0 0 0 0 0 0 0 0 ]
288,1782983955.968997,15.9199,-67,CSI_DATA,AP,98:F4:AB:29:67:94,-67,11,1,7,1,1,1,1,0,0,1,-96,1,6,1,54073410,0,84,0,0,54.4579,384,[84 -64 4 0 0 0 0 0 0 0 0 0 3 14 3 14 2 14 2 14 2 14 1 14 1 15 0 15 1 15 -1 16 -1 15 -2 16 -2 15 -2 15 -2 14 -1 16 -1 15 -2 15 -2 14 -2 15 -2 14 -2 14 -2 15 -2 14 -3 15 -1 14 0 0 -2 14 -2 15 -1 15 0 14 -1 13 0 14 -1 15 -1 14 0 15 1 15 1 15 -1 14 0 15 1 15 1 15 2 15 1 16 2 16 2 15 3 15 2 16 2 16 2 17 1 16 2 16 2 16 0 0 0 0 0 0 0 0 0 0 ]
289,1782983956.057769,16.8888,-67,CSI_DATA,AP,98:F4:AB:29:67:94,-67,11,1,7,1,1,1,1,0,0,1,-96,1,6,1,54163447,0,84,0,0,54.5481,384,[84 -64 4 0 0 0 0 0 0 0 0 0 -8 -14 -8 -15 -8 -15 -7 -15 -8 -16 -7 -15 -7 -17 -6 -16 -5 -16 -5 -17 -5 -17 -4 -18 -4 -18 -4 -17 -4 -17 -4 -18 -3 -16 -4 -17 -3 -17 -3 -17 -3 -17 -3 -17 -3 -17 -3 -17 -4 -17 -4 -17 0 0 -4 -17 -5 -17 -4 -16 -5 -16 -4 -15 -5 -17 -5 -16 -5 -16 -6 -16 -7 -18 -6 -16 -7 -16 -7 -16 -6 -16 -7 -16 -7 -16 -7 -18 -8 -16 -7 -17 -8 -17 -8 -17 -9 -17 -8 -17 -8 -17 -8 -18 -9 -16 0 0 0 0 0 0 0 0 0 0 ]
290,1782983956.144975,17.2613,-67,CSI_DATA,AP,98:F4:AB:29:67:94,-67,11,1,7,1,1,1,1,0,0,1,-96,1,6,1,54257469,0,84,0,0,54.6421,384,[84 -64 4 0 0 0 0 0 0 0 0 0 -16 4 -17 2 -18 2 -16 1 -18 2 -17 0 -17 0 -17 -2 -19 -1 -18 -2 -18 -1 -18 0 -18 -1 -16 -2 -17 -2 -18 -2 -18 -1 -17 -1 -17 -2 -16 -2 -17 -3 -17 -3 -16 -3 -17 -3 -17 -3 -17 -2 0 0 -16 -2 -17 -3 -17 -2 -17 0 -15 0 -17 -1 -17 0 -17 1 -17 0 -17 0 -18 2 -17 2 -17 1 -17 2 -18 2 -18 2 -18 2 -18 2 -18 3 -18 3 -18 3 -18 3 -19 3 -18 4 -18 3 -18 4 0 0 0 0 0 0 0 0 0 0 ]
291,1782983956.255720,16.7958,-65,CSI_DATA,AP,98:F4:AB:29:67:94,-65,11,1,5,1,1,1,1,0,0,0,-96,1,6,1,54363239,0,84,0,0,54.7478,384,[84 -64 4 0 0 0 0 0 0 0 0 0 14 6 13 5 15 7 14 7 15 7 13 7 14 8 14 9 15 9 14 10 13 10 13 11 13 11 13 11 12 10 13 11 12 11 13 11 12 10 12 10 12 11 12 10 12 11 11 11 12 11 12 11 0 0 13 10 13 10 13 9 14 9 12 9 13 10 13 9 14 9 13 9 15 9 14 9 13 8 15 8 15 8 16 8 16 7 17 8 15 8 16 8 17 7 16 8 16 7 17 8 17 8 17 8 16 7 0 0 0 0 0 0 0 0 0 0 ]
292,1782983956.346462,17.1662,-67,CSI_DATA,AP,98:F4:AB:29:67:94,-67,11,1,7,1,1,1,1,0,0,1,-96,1,6,1,54433926,0,84,0,0,54.8185,384,[84 -64 4 0 0 0 0 0 0 0 0 0 1 -16 1 -16 2 -18 2 -16 2 -18 3 -17 2 -17 4 -17 4 -18 5 -17 6 -17 6 -17 6 -17 6 -17 6 -16 6 -18 6 -16 6 -16 5 -15 5 -16 5 -16 6 -17 7 -16 6 -16 7 -16 6 -17 0 0 5 -17 5 -17 5 -17 4 -17 5 -15 4 -17 3 -17 3 -18 4 -18 3 -18 3 -18 4 -18 4 -18 3 -18 2 -19 2 -19 3 -19 2 -19 2 -19 1 -19 1 -19 1 -19 2 -20 1 -20 2 -19 2 -19 0 0 0 0 0 0 0 0 0 0 ]
293,1782983956.434799,17.3853,-67,CSI_DATA,AP,98:F4:AB:29:67:94,-67,11,1,7,1,1,1,1,0,0,0,-96,1,6,1,54524609,0,84,0,0,54.9092,384,[84 -64 4 0 0 0 0 0 0 0 0 0 -16 -4 -16 -4 -16 -5 -16 -5 -17 -5 -15 -5 -16 -6 -15 -7 -17 -7 -16 -9 -16 -8 -16 -9 -15 -9 -16 -9 -15 -9 -17 -8 -15 -8 -15 -8 -15 -9 -15 -8 -15 -9 -15 -8 -15 -8 -15 -9 -15 -9 -15 -9 0 0 -15 -8 -16 -7 -16 -7 -16 -7 -15 -7 -15 -7 -16 -7 -16 -7 -17 -6 -18 -6 -17 -6 -16 -6 -17 -6 -17 -6 -19 -5 -18 -5 -19 -6 -18 -5 -18 -5 -19 -5 -18 -6 -19 -4 -20 -5 -19 -4 -19 -4 -18 -4 0 0 0 0 0 0 0 0 0 0 ]
294,1782983956.522409,17.7774,-67,CSI_DATA,AP,98:F4:AB:29:67:94,-67,11,1,7,1,1,1,1,0,0,0,-96,1,6,1,54615669,0,84,0,0,55.0003,384,[84 -64 4 0 0 0 0 0 0 0 0 0 -17 0 -16 -1 -17 -2 -17 -2 -18 -2 -17 -3 -17 -3 -17 -4 -17 -4 -18 -5 -18 -5 -17 -5 -18 -6 -17 -5 -16 -6 -18 -7 -16 -6 -17 -6 -17 -7 -15 -6 -17 -7 -16 -6 -16 -7 -16 -6 -16 -7 -16 -6 0 0 -16 -7 -17 -6 -16 -5 -16 -5 -16 -5 -17 -5 -17 -5 -17 -5 -17 -3 -18 -3 -18 -4 -17 -4 -18 -4 -18 -3 -18 -3 -18 -2 -19 -3 -18 -2 -18 -3 -19 -2 -18 -2 -19 -3 -19 -3 -19 -2 -19 -2 -19 -2 0 0 0 0 0 0 0 0 0 0 ]
295,1782983956.609184,17.5572,-67,CSI_DATA,AP,98:F4:AB:29:67:94,-67,11,1,7,1,1,1,1,0,0,0,-96,1,6,1,54706655,0,84,0,0,55.0913,384,[84 -64 4 0 0 0 0 0 0 0 0 0 15 -3 16 -3 16 -3 17 -1 16 -1 16 -1 17 0 16 0 17 1 16 1 17 1 17 1 16 2 17 2 17 2 17 3 17 3 15 3 16 3 16 3 16 3 16 3 16 3 16 2 17 3 16 2 0 0 16 2 17 2 16 2 16 1 15 2 16 2 16 2 17 1 16 1 17 1 17 0 16 0 17 0 18 0 17 0 18 0 18 0 17 -1 18 0 17 -1 18 -1 18 -1 18 -1 18 -2 18 0 18 -2 0 0 0 0 0 0 0 0 0 0 ]
296,1782983956.709209,17.7084,-66,CSI_DATA,AP,98:F4:AB:29:67:94,-66,11,1,6,1,1,1,1,0,0,0,-96,1,6,1,54816434,0,84,0,0,55.201,384,[84 -64 4 0 0 0 0 0 0 0 0 0 0 -18 1 -18 1 -19 2 -18 3 -19 3 -18 4 -19 5 -18 5 -19 5 -18 6 -19 6 -19 6 -18 6 -19 6 -18 6 -19 6 -18 6 -18 6 -17 6 -18 7 -18 7 -18 7 -17 6 -17 7 -18 6 -19 0 0 6 -19 6 -19 5 -18 5 -19 4 -17 5 -19 5 -18 4 -19 5 -19 3 -20 3 -20 3 -19 3 -19 4 -19 2 -20 2 -21 3 -21 2 -20 2 -21 1 -21 2 -21 2 -21 2 -21 1 -22 1 -21 1 -21 0 0 0 0 0 0 0 0 0 0 ]
297,1782983956.796637,17.1202,-67,CSI_DATA,AP,98:F4:AB:29:67:94,-67,11,1,7,1,1,1,1,0,0,0,-96,1,6,1,54883221,0,84,0,0,55.2677,384,[84 -64 4 0 0 0 0 0 0 0 0 0 -8 13 -7 14 -8 15 -8 13 -9 14 -8 13 -9 15 -10 14 -9 15 -11 14 -12 14 -12 12 -12 12 -12 13 -11 11 -12 15 -10 12 -12 13 -11 12 -11 13 -11 12 -11 13 -13 12 -12 12 -12 12 -11 11 0 0 -10 12 -11 14 -9 13 -11 15 -9 12 -10 13 -9 14 -9 14 -9 14 -9 16 -9 15 -10 15 -9 14 -9 14 -9 16 -7 15 -9 17 -8 15 -8 16 -8 17 -8 16 -7 16 -9 17 -9 17 -9 17 -7 16 0 0 0 0 0 0 0 0 0 0 ]
298,1782983956.882969,16.8873,-67,CSI_DATA,AP,98:F4:AB:29:67:94,-67,11,1,7,1,1,1,1,0,0,0,-96,1,6,1,54975623,0,84,0,0,55.3602,384,[84 -64 4 0 0 0 0 0 0 0 0 0 -7 -15 -6 -16 -7 -16 -6 -17 -5 -16 -4 -16 -4 -17 -4 -17 -3 -17 -3 -17 -3 -18 -2 -18 -2 -18 -3 -18 -2 -17 -2 -19 -1 -18 -1 -17 -1 -17 -1 -18 -1 -17 -1 -17 -1 -17 -2 -17 -1 -17 -2 -17 0 0 -2 -17 -2 -17 -2 -17 -3 -17 -2 -16 -2 -17 -3 -18 -3 -17 -3 -17 -4 -18 -5 -17 -4 -17 -4 -18 -5 -17 -4 -17 -6 -17 -5 -18 -6 -18 -6 -18 -6 -18 -6 -18 -6 -18 -6 -18 -6 -18 -6 -19 -6 -18 0 0 0 0 0 0 0 0 0 0 ]
299,1782983956.970037,17.1481,-66,CSI_DATA,AP,98:F4:AB:29:67:94,-66,11,1,6,1,1,1,1,0,0,0,-96,1,6,1,55063634,0,84,0,0,55.4482,384,[84 -64 4 0 0 0 0 0 0 0 0 0 12 10 11 10 11 11 11 11 11 12 10 12 10 12 9 13 9 13 9 13 9 13 9 14 9 14 9 14 8 14 8 15 8 14 7 14 8 14 7 14 7 14 7 14 8 14 8 14 8 14 8 14 0 0 7 14 8 14 8 14 7 13 8 13 8 13 8 14 9 13 9 13 10 13 10 13 10 13 10 14 10 13 10 13 11 14 10 14 11 13 11 13 11 13 11 13 11 14 10 13 12 13 11 13 12 13 0 0 0 0 0 0 0 0 0 0 ]
300,1782983957.057413,16.6850,-66,CSI_DATA,AP,98:F4:AB:29:67:94,-66,11,1,6,1,1,1,1,0,0,0,-96,1,6,1,55160100,0,84,0,0,55.5447,384,[84 -64 4 0 0 0 0 0 0 0 0 0 12 -11 12 -10 13 -11 13 -10 13 -10 12 -9 14 -9 14 -8 15 -9 15 -7 14 -8 16 -8 15 -7 15 -7 15 -7 16 -7 15 -7 15 -7 15 -6 16 -5 15 -6 16 -6 15 -6 15 -6 15 -7 15 -7 0 0 15 -7 14 -7 15 -7 15 -7 15 -7 15 -7 15 -7 15 -8 15 -8 15 -8 15 -10 14 -9 15 -9 15 -10 15 -10 14 -10 16 -10 15 -10 15 -10 15 -10 15 -9 15 -10 15 -11 14 -11 15 -10 15 -10 0 0 0 0 0 0 0 0 0 0 ]
301,1782983957.143634,16.9203,-67,CSI_DATA,AP,98:F4:AB:29:67:94,-67,11,1,6,1,1,1,1,0,0,0,-96,1,6,1,55243375,0,84,0,0,55.628,384,[84 -64 4 0 0 0 0 0 0 0 0 0 -13 -10 -12 -10 -13 -12 -12 -12 -13 -12 -11 -13 -11 -13 -11 -13 -10 -13 -10 -14 -11 -15 -10 -15 -10 -15 -11 -15 -9 -13 -10 -13 -11 -14 -10 -13 -12 -15 -8 -15 -9 -14 -9 -15 -8 -14 -9 -15 -9 -15 -9 -15 0 0 -9 -14 -10 -14 -10 -14 -10 -14 -10 -14 -10 -14 -10 -14 -11 -14 -10 -13 -11 -13 -12 -14 -11 -14 -11 -13 -11 -13 -12 -13 -13 -13 -13 -14 -13 -13 -13 -14 -13 -14 -12 -13 -13 -13 -13 -14 -14 -13 -14 -14 -13 -13 0 0 0 0 0 0 0 0 0 0 ]
302,1782983957.230943,16.5597,-67,CSI_DATA,AP,98:F4:AB:29:67:94,-67,11,1,6,1,1,1,1,0,0,0,-96,1,6,1,55334246,0,84,0,0,55.7189,384,[84 -64 4 0 0 0 0 0 0 0 0 0 11 -10 11 -11 12 -10 13 -10 13 -10 13 -9 13 -8 13 -8 15 -8 14 -8 15 -8 15 -8 15 -7 15 -7 15 -6 15 -7 15 -7 16 -7 14 -7 15 -6 15 -6 15 -6 15 -5 15 -6 15 -6 15 -7 0 0 15 -7 15 -6 14 -7 14 -8 14 -7 13 -8 15 -7 14 -7 14 -8 14 -9 14 -9 14 -8 14 -9 14 -10 14 -10 13 -10 15 -11 13 -10 14 -10 14 -10 14 -11 14 -10 15 -10 14 -12 13 -12 14 -11 0 0 0 0 0 0 0 0 0 0 ]
303,1782983957.317378,15.8794,-67,CSI_DATA,AP,98:F4:AB:29:67:94,-67,11,1,6,1,1,1,1,0,0,0,-96,1,6,1,55428319,0,84,0,0,55.8129,384,[84 -64 4 0 0 0 0 0 0 0 0 0 9 12 9 13 7 13 8 13 7 13 7 14 7 14 7 14 6 15 5 14 5 15 6 16 6 16 5 15 4 15 5 16 4 16 4 15 3 15 5 15 4 15 4 15 4 15 4 15 4 15 5 15 0 0 4 15 4 16 4 15 5 15 5 15 5 14 6 15 6 15 6 15 6 15 6 15 6 15 6 15 7 15 7 15 7 16 8 15 7 15 8 15 8 15 8 15 8 15 9 15 9 16 9 16 8 15 0 0 0 0 0 0 0 0 0 0 ]
304,1782983957.404573,15.7640,-67,CSI_DATA,AP,98:F4:AB:29:67:94,-67,11,1,7,1,1,1,1,0,0,0,-96,1,6,1,55515658,0,84,0,0,55.9003,384,[84 -64 4 0 0 0 0 0 0 0 0 0 15 -5 15 -5 16 -5 16 -4 16 -3 16 -3 16 -3 16 -2 16 -3 16 -1 16 0 17 0 16 0 17 0 16 0 18 0 16 1 16 0 16 0 16 -1 16 0 16 0 16 0 16 0 16 1 16 -1 0 0 16 -1 17 -1 16 0 17 -1 15 -1 16 -1 17 -2 17 -2 16 -3 18 -4 16 -3 16 -1 17 -2 17 -3 18 -3 17 -4 18 -4 19 -4 17 -4 18 -5 17 -5 17 -5 18 -4 19 -5 17 -4 18 -5 0 0 0 0 0 0 0 0 0 0 ]
305,1782983957.493716,15.5389,-67,CSI_DATA,AP,98:F4:AB:29:67:94,-67,11,1,7,1,1,1,1,0,0,0,-96,1,6,1,55607890,0,84,0,0,55.9924,384,[84 -64 4 0 0 0 0 0 0 0 0 0 15 0 15 1 17 2 16 2 16 3 15 3 15 3 16 4 14 5 15 6 15 5 16 5 15 5 15 6 15 5 16 7 14 6 14 7 15 7 13 6 15 6 15 7 14 7 14 6 14 7 15 6 0 0 14 6 15 6 14 6 16 6 14 6 15 6 15 6 16 5 15 4 16 5 16 5 15 5 15 5 16 5 16 5 17 4 17 4 16 4 18 4 16 4 17 4 17 3 17 4 19 4 16 3 16 3 0 0 0 0 0 0 0 0 0 0 ]
306,1782983957.581224,16.8741,-67,CSI_DATA,AP,98:F4:AB:29:67:94,-67,11,1,7,1,1,1,1,0,0,0,-96,1,6,1,55695471,0,84,0,0,56.0801,384,[84 -64 4 0 0 0 0 0 0 0 0 0 -16 4 -16 4 -17 3 -17 3 -17 1 -17 1 -18 1 -17 0 -17 0 -17 -2 -18 -1 -18 -1 -19 -1 -18 -1 -17 -2 -18 -1 -17 -2 -18 -2 -17 -2 -16 -3 -17 -3 -17 -2 -17 -3 -17 -2 -18 -2 -17 -2 0 0 -17 -2 -18 -2 -17 -1 -17 -1 -16 -1 -18 -2 -17 0 -18 -2 -17 0 -18 -1 -18 0 -18 -1 -18 0 -18 1 -18 0 -18 1 -19 1 -18 1 -19 1 -19 0 -19 2 -19 0 -19 1 -19 2 -19 2 -19 1 0 0 0 0 0 0 0 0 0 0 ]
307,1782983957.669583,18.1739,-67,CSI_DATA,AP,98:F4:AB:29:67:94,-67,11,1,7,1,1,1,1,0,0,0,-96,1,6,1,55785729,0,84,0,0,56.1703,384,[84 -64 4 0 0 0 0 0 0 0 0 0 13 13 12 13 12 13 11 14 11 15 10 14 10 15 9 16 9 17 9 15 9 16 9 17 8 17 9 16 8 16 8 17 8 17 8 17 7 17 8 16 7 16 7 17 7 16 8 17 8 17 8 16 0 0 8 16 9 16 8 17 8 15 8 16 9 16 9 17 9 15 9 16 10 15 11 16 10 15 10 16 11 16 10 17 11 15 12 16 11 15 12 16 12 16 11 16 12 16 13 16 12 15 12 17 13 16 0 0 0 0 0 0 0 0 0 0 ]
308,1782983957.784953,17.5370,-67,CSI_DATA,AP,98:F4:AB:29:67:94,-67,11,1,7,1,1,1,1,0,0,0,-96,1,6,1,55877595,0,84,0,0,56.2622,384,[84 -64 4 0 0 0 0 0 0 0 0 0 -12 -13 -12 -14 -11 -15 -12 -15 -11 -16 -10 -17 -10 -16 -10 -16 -9 -17 -9 -18 -9 -18 -8 -18 -8 -18 -8 -18 -8 -17 -8 -19 -9 -18 -8 -17 -8 -18 -8 -17 -8 -18 -7 -18 -7 -17 -7 -17 -7 -18 -8 -18 0 0 -7 -17 -8 -18 -8 -17 -9 -18 -9 -17 -9 -17 -9 -18 -10 -17 -10 -17 -10 -18 -11 -18 -10 -17 -10 -18 -11 -18 -11 -18 -11 -18 -11 -18 -11 -17 -12 -18 -12 -17 -12 -18 -13 -18 -11 -19 -12 -18 -12 -18 -12 -18 0 0 0 0 0 0 0 0 0 0 ]
309,1782983957.875125,16.2622,-67,CSI_DATA,AP,98:F4:AB:29:67:94,-67,11,1,7,1,1,1,1,0,0,0,-96,1,6,1,55965411,0,84,0,0,56.35,384,[84 -64 4 0 0 0 0 0 0 0 0 0 -11 9 -11 8 -13 8 -13 9 -13 8 -13 7 -13 6 -13 6 -14 7 -15 6 -14 7 -14 6 -14 6 -14 5 -14 6 -15 6 -14 5 -15 5 -14 4 -14 5 -15 5 -14 5 -14 4 -14 5 -14 5 -14 6 0 0 -13 5 -14 6 -13 6 -13 6 -14 6 -14 6 -13 6 -14 6 -13 7 -14 7 -14 9 -14 7 -14 8 -14 8 -14 8 -14 9 -15 9 -14 9 -14 9 -13 9 -13 9 -14 9 -14 9 -13 10 -13 9 -13 10 0 0 0 0 0 0 0 0 0 0 ]
310,1782983957.960592,16.9783,-67,CSI_DATA,AP,98:F4:AB:29:67:94,-67,11,1,7,1,1,1,1,0,0,0,-96,1,6,1,56055900,0,84,0,0,56.4405,384,[84 -64 4 0 0 0 0 0 0 0 0 0 -16 -5 -15 -6 -15 -6 -16 -7 -16 -8 -15 -8 -15 -8 -15 -8 -15 -9 -15 -9 -16 -10 -15 -10 -14 -10 -14 -11 -14 -10 -15 -11 -14 -10 -13 -10 -13 -11 -13 -10 -13 -11 -13 -10 -12 -10 -13 -11 -14 -11 -14 -11 0 0 -14 -10 -14 -10 -15 -10 -13 -9 -13 -10 -15 -9 -15 -10 -14 -10 -15 -8 -15 -9 -16 -9 -16 -9 -16 -9 -16 -9 -15 -9 -17 -9 -17 -10 -17 -9 -16 -9 -17 -9 -17 -9 -17 -8 -16 -9 -18 -9 -17 -8 -17 -8 0 0 0 0 0 0 0 0 0 0 ]
311,1782983958.050593,16.5658,-68,CSI_DATA,AP,98:F4:AB:29:67:94,-68,11,1,7,1,1,1,1,0,0,1,-96,1,6,1,56144778,0,84,0,0,56.5294,384,[84 -64 4 0 0 0 0 0 0 0 0 0 12 -9 12 -10 13 -9 13 -10 13 -8 14 -8 14 -8 14 -7 15 -7 14 -7 15 -8 15 -8 14 -7 15 -7 15 -6 15 -6 16 -6 15 -6 15 -6 15 -5 14 -5 14 -6 14 -6 14 -5 15 -6 15 -7 0 0 15 -8 15 -7 15 -7 14 -7 14 -7 14 -7 15 -7 14 -8 15 -9 15 -9 13 -9 14 -9 15 -9 15 -9 15 -9 14 -10 15 -9 14 -10 14 -10 14 -10 15 -11 14 -10 15 -10 15 -11 14 -10 14 -11 0 0 0 0 0 0 0 0 0 0 ]
312,1782983958.139093,16.5045,-68,CSI_DATA,AP,98:F4:AB:29:67:94,-68,11,1,7,1,1,1,1,0,0,1,-96,1,6,1,56247838,0,84,0,0,56.6325,384,[84 -64 4 0 0 0 0 0 0 0 0 0 2 -16 3 -15 3 -17 4 -16 4 -16 4 -15 5 -15 6 -15 6 -16 6 -15 6 -15 6 -16 8 -16 7 -15 7 -15 7 -16 8 -15 8 -15 7 -14 8 -14 8 -16 7 -15 7 -14 8 -15 8 -15 7 -15 0 0 7 -15 7 -15 6 -15 7 -15 6 -14 6 -15 6 -16 5 -16 6 -16 6 -16 5 -17 5 -16 5 -16 5 -16 5 -17 5 -18 4 -18 4 -17 5 -18 4 -17 4 -19 4 -18 4 -18 3 -18 4 -19 4 -19 0 0 0 0 0 0 0 0 0 0 ]
313,1782983958.228610,16.2746,-67,CSI_DATA,AP,98:F4:AB:29:67:94,-67,11,1,7,1,1,1,1,0,0,1,-96,1,6,1,56323882,0,84,0,0,56.7084,384,[84 -64 4 0 0 0 0 0 0 0 0 0 3 15 2 15 2 15 1 15 0 17 0 15 -1 17 -2 16 -2 16 -3 17 -2 17 -2 17 -3 16 -3 16 -2 16 -3 17 -3 17 -3 16 -3 16 -3 15 -5 15 -3 15 -3 15 -3 15 -4 16 -3 16 0 0 -3 16 -2 16 -2 16 -1 16 -2 15 -2 16 -1 16 -1 15 0 16 0 17 1 16 0 16 0 16 1 16 1 17 1 18 1 17 1 17 0 17 2 17 1 18 2 18 1 17 3 17 2 17 2 17 0 0 0 0 0 0 0 0 0 0 ]
314,1782983958.316507,17.1822,-68,CSI_DATA,AP,98:F4:AB:29:67:94,-68,11,1,7,1,1,1,1,0,0,1,-96,1,6,1,56414754,0,84,0,0,56.7994,384,[84 -64 4 0 0 0 0 0 0 0 0 0 -16 5 -16 5 -16 5 -17 3 -16 4 -17 3 -17 3 -18 2 -17 2 -18 2 -17 1 -18 1 -17 1 -18 1 -17 0 -18 -1 -18 0 -17 0 -17 0 -16 0 -17 -1 -18 -1 -17 0 -17 0 -18 0 -17 -1 0 0 -16 1 -17 1 -18 1 -17 2 -16 0 -16 1 -17 1 -17 2 -17 2 -18 3 -17 4 -17 3 -17 3 -18 3 -18 3 -18 4 -19 3 -18 4 -18 4 -18 5 -18 4 -18 4 -18 5 -18 5 -19 5 -18 5 0 0 0 0 0 0 0 0 0 0 ]
315,1782983958.403706,16.7198,-67,CSI_DATA,AP,98:F4:AB:29:67:94,-67,11,1,7,1,1,1,1,0,0,1,-96,1,6,1,56503432,0,84,0,0,56.8881,384,[84 -64 4 0 0 0 0 0 0 0 0 0 15 -4 14 -4 15 -4 16 -4 16 -4 15 -3 16 -2 16 -2 17 -3 16 -2 17 -2 17 -1 16 -1 17 -1 16 -1 17 1 17 0 16 0 16 1 16 1 16 0 16 0 15 0 15 0 16 1 16 0 0 0 17 -1 17 -1 16 0 16 -1 16 -1 17 -2 16 -2 16 -3 17 -2 17 -2 17 -3 16 -2 17 -2 18 -3 17 -2 17 -4 18 -3 17 -3 18 -3 17 -4 17 -5 17 -4 18 -5 18 -5 18 -4 18 -5 0 0 0 0 0 0 0 0 0 0 ]
316,1782983958.489894,16.7374,-65,CSI_DATA,AP,98:F4:AB:29:67:94,-65,11,1,5,1,1,1,1,0,0,0,-96,1,6,1,56598647,0,84,0,0,56.9832,384,[84 -64 4 0 0 0 0 0 0 0 0 0 14 0 15 0 15 0 16 1 16 1 15 1 15 2 16 3 16 3 15 4 16 4 15 4 16 5 15 5 15 5 16 6 15 6 15 5 15 5 14 5 15 6 15 6 14 6 14 6 15 6 15 6 0 0 15 5 15 5 15 5 15 4 15 6 15 5 15 5 15 4 15 5 16 4 17 4 16 4 16 4 17 4 16 3 17 3 17 4 16 3 17 3 17 3 17 2 18 3 17 3 17 3 18 4 18 2 0 0 0 0 0 0 0 0 0 0 ]
317,1782983958.577097,17.6477,-67,CSI_DATA,AP,98:F4:AB:29:67:94,-67,11,1,7,1,1,1,1,0,0,1,-96,1,6,1,56685559,0,84,0,0,57.0702,384,[84 -64 4 0 0 0 0 0 0 0 0 0 9 14 9 15 9 16 8 15 8 17 8 16 7 17 7 17 6 17 5 16 6 18 5 19 5 19 4 18 5 17 5 20 4 19 3 18 4 18 4 18 3 17 4 17 3 18 3 17 3 18 5 18 0 0 5 17 5 18 6 17 5 17 4 17 5 18 6 17 6 17 6 17 7 17 7 17 7 17 7 17 7 17 8 16 9 17 9 17 9 18 9 18 9 17 9 19 9 18 9 18 10 18 9 18 10 17 0 0 0 0 0 0 0 0 0 0 ]
318,1782983958.682416,16.7245,-68,CSI_DATA,AP,98:F4:AB:29:67:94,-68,11,1,7,1,1,1,1,0,0,0,-96,1,6,1,56794868,0,84,0,0,57.1794,384,[84 -64 4 0 0 0 0 0 0 0 0 0 14 5 14 6 14 7 14 7 14 8 14 8 14 9 14 8 14 9 13 10 13 10 12 10 12 11 13 11 13 10 14 11 12 10 13 10 12 11 12 10 13 11 13 11 11 11 11 11 12 11 12 10 0 0 13 11 13 11 13 10 14 10 13 10 13 10 14 9 13 9 14 9 15 8 14 8 14 9 15 9 15 8 15 8 15 8 16 8 16 7 16 8 17 6 17 7 17 7 16 7 17 7 16 7 16 7 0 0 0 0 0 0 0 0 0 0 ]
319,1782983958.761130,16.0237,-67,CSI_DATA,AP,98:F4:AB:29:67:94,-67,11,1,7,1,1,1,1,0,0,0,-96,1,6,1,56868468,0,84,0,0,57.2531,384,[84 -64 4 0 0 0 0 0 0 0 0 0 15 -1 15 -1 15 0 16 0 17 0 16 1 16 2 16 1 16 3 16 2 16 2 17 3 16 4 17 4 17 4 17 4 16 5 15 5 16 4 16 5 16 4 16 5 15 4 15 5 15 5 16 4 0 0 16 4 17 4 16 4 15 3 15 4 16 3 16 3 16 3 16 3 16 2 17 2 17 2 17 3 16 2 17 3 17 2 17 2 18 1 18 1 18 2 18 1 18 1 18 1 19 0 18 1 19 1 0 0 0 0 0 0 0 0 0 0 ]
320,1782983958.859133,17.1414,-67,CSI_DATA,AP,98:F4:AB:29:67:94,-67,11,1,7,1,1,1,1,0,0,0,-96,1,6,1,56959565,0,84,0,0,57.3442,384,[84 -64 4 0 0 0 0 0 0 0 0 0 -12 -12 -12 -12 -11 -13 -11 -13 -11 -13 -11 -13 -10 -14 -10 -13 -9 -14 -10 -16 -10 -16 -9 -15 -9 -16 -9 -15 -8 -14 -8 -16 -7 -15 -8 -14 -6 -17 -8 -16 -8 -15 -7 -15 -8 -15 -8 -15 -8 -16 -9 -15 0 0 -9 -15 -9 -15 -9 -15 -9 -15 -9 -15 -9 -15 -9 -15 -9 -15 -10 -16 -11 -15 -11 -14 -10 -15 -11 -15 -11 -14 -11 -15 -12 -14 -12 -15 -12 -15 -12 -14 -13 -14 -12 -14 -11 -14 -12 -14 -14 -15 -13 -15 -14 -14 0 0 0 0 0 0 0 0 0 0 ]
321,1782983958.942647,16.4422,-67,CSI_DATA,AP,98:F4:AB:29:67:94,-67,11,1,7,1,1,1,1,0,0,0,-96,1,6,1,57043913,0,84,0,0,57.4284,384,[84 -64 4 0 0 0 0 0 0 0 0 0 4 13 3 14 3 15 2 15 3 15 2 15 2 16 1 15 0 15 0 16 1 17 -1 16 0 16 -1 16 0 15 -1 17 0 15 -1 15 -1 15 -1 16 -2 15 0 15 -1 15 -1 16 -1 16 -1 16 0 0 0 16 0 16 1 16 1 16 0 15 1 16 1 17 1 16 1 16 2 16 2 17 3 16 2 17 3 16 3 17 3 17 3 18 3 17 3 18 4 17 4 16 4 16 5 17 5 17 5 17 5 17 0 0 0 0 0 0 0 0 0 0 ]
322,1782983959.030827,16.8167,-67,CSI_DATA,AP,98:F4:AB:29:67:94,-67,11,1,7,1,1,1,1,0,0,0,-96,1,6,1,57135582,0,84,0,0,57.5202,384,[84 -64 4 0 0 0 0 0 0 0 0 0 -16 0 -16 0 -16 0 -16 -2 -17 -2 -16 -3 -16 -3 -17 -4 -17 -4 -18 -4 -18 -5 -17 -5 -17 -5 -17 -5 -17 -5 -17 -6 -17 -5 -16 -5 -16 -6 -16 -6 -16 -6 -15 -6 -15 -6 -16 -6 -16 -6 -16 -5 0 0 -16 -5 -17 -5 -17 -5 -16 -5 -15 -5 -16 -5 -17 -5 -17 -4 -17 -4 -18 -3 -17 -3 -18 -3 -18 -3 -18 -3 -18 -3 -18 -1 -18 -3 -19 -2 -19 -2 -18 -2 -19 -3 -19 -3 -20 -3 -19 -1 -19 -2 -19 -2 0 0 0 0 0 0 0 0 0 0 ]
323,1782983959.116892,17.3453,-67,CSI_DATA,AP,98:F4:AB:29:67:94,-67,11,1,7,1,1,1,1,0,0,0,-96,1,6,1,57225999,0,84,0,0,57.6106,384,[84 -64 4 0 0 0 0 0 0 0 0 0 -7 13 -8 13 -9 14 -10 14 -10 13 -10 13 -10 13 -11 12 -10 13 -12 12 -12 12 -13 12 -13 12 -13 12 -13 12 -13 11 -13 11 -13 10 -13 11 -13 11 -13 11 -12 11 -12 11 -13 10 -13 12 -13 12 0 0 -12 12 -12 12 -12 12 -11 12 -11 12 -12 12 -11 12 -11 13 -11 14 -11 14 -11 14 -11 13 -11 14 -11 14 -10 14 -11 15 -11 14 -11 16 -10 14 -10 16 -10 15 -9 15 -9 15 -9 16 -10 15 -9 16 0 0 0 0 0 0 0 0 0 0 ]
324,1782983959.210435,17.4186,-67,CSI_DATA,AP,98:F4:AB:29:67:94,-67,11,1,7,1,1,1,1,0,0,1,-96,1,6,1,57314105,0,84,0,0,57.6987,384,[84 -64 4 0 0 0 0 0 0 0 0 0 -13 -8 -12 -8 -13 -8 -12 -9 -13 -10 -11 -10 -12 -10 -12 -10 -12 -11 -12 -12 -12 -12 -11 -12 -11 -12 -11 -13 -10 -12 -12 -13 -10 -12 -10 -13 -10 -13 -11 -12 -9 -11 -11 -12 -10 -12 -10 -12 -11 -13 -10 -12 0 0 -11 -12 -11 -12 -11 -11 -12 -11 -10 -12 -11 -10 -12 -11 -12 -11 -13 -10 -13 -11 -13 -11 -12 -10 -12 -10 -13 -10 -14 -10 -14 -10 -14 -11 -13 -9 -14 -10 -15 -9 -14 -10 -15 -9 -15 -10 -14 -10 -15 -10 -15 -9 0 0 0 0 0 0 0 0 0 0 ]
325,1782983959.298091,15.0467,-67,CSI_DATA,AP,98:F4:AB:29:67:94,-67,11,1,7,1,1,1,1,0,0,1,-96,1,6,1,57403569,0,84,0,0,57.7882,384,[84 -64 4 0 0 0 0 0 0 0 0 0 -4 12 -5 11 -6 12 -7 12 -6 12 -7 11 -7 11 -8 11 -8 11 -9 11 -8 11 -8 11 -9 12 -9 12 -9 10 -10 11 -9 11 -10 10 -9 10 -9 10 -10 10 -10 10 -10 10 -9 11 -9 10 -9 11 0 0 -10 10 -10 11 -9 10 -9 11 -9 11 -10 11 -9 11 -9 11 -9 12 -9 12 -8 12 -8 12 -8 12 -8 12 -8 12 -8 13 -9 12 -8 12 -8 13 -9 13 -8 12 -8 13 -9 12 -7 14 -7 13 -8 13 0 0 0 0 0 0 0 0 0 0 ]
326,1782983959.414609,15.6439,-66,CSI_DATA,AP,98:F4:AB:29:67:94,-66,11,1,6,1,1,1,1,0,0,0,-96,1,6,1,57518870,0,84,0,0,57.9036,384,[84 -64 4 0 0 0 0 0 0 0 0 0 -16 1 -16 -2 -16 -2 -17 -2 -15 -3 -16 -3 -16 -4 -16 -3 -16 -5 -16 -4 -17 -4 -16 -3 -17 -4 -17 -5 -16 -5 -16 -6 -16 -5 -16 -5 -15 -6 -15 -5 -16 -6 -16 -7 -15 -6 -16 -5 -16 -5 -17 -5 0 0 -17 -5 -17 -6 -16 -5 -17 -5 -17 -6 -17 -6 -16 -5 -17 -4 -17 -6 -17 -3 -17 -3 -17 -2 -18 -4 -18 -4 -18 -4 -19 -3 -19 -3 -19 -4 -19 -4 -19 -2 -19 -2 -19 -3 -19 -3 -19 -2 -19 -2 -19 -2 0 0 0 0 0 0 0 0 0 0 ]
327,1782983959.502720,17.6057,-67,CSI_DATA,AP,98:F4:AB:29:67:94,-67,11,1,7,1,1,1,1,0,0,0,-96,1,6,1,57590349,0,84,0,0,57.9749,384,[84 -64 4 0 0 0 0 0 0 0 0 0 -17 3 -17 1 -19 2 -18 1 -19 1 -19 0 -18 0 -17 0 -18 -1 -19 -1 -19 -2 -20 -1 -20 -2 -19 -3 -20 -2 -20 -3 -19 -3 -18 -3 -18 -3 -18 -2 -19 -2 -18 -2 -19 -3 -18 -2 -19 -2 -19 -2 0 0 -19 -2 -20 -2 -20 -2 -19 0 -18 -1 -19 -1 -19 -1 -20 -1 -19 0 -20 1 -21 0 -21 1 -20 0 -25 0 -21 1 -22 2 -22 1 -21 2 -21 2 -21 3 -21 1 -21 2 -22 2 -22 3 -22 2 -21 3 0 0 0 0 0 0 0 0 0 0 ]
328,1782983959.587775,17.8091,-67,CSI_DATA,AP,98:F4:AB:29:67:94,-67,11,1,7,1,1,1,1,0,0,1,-96,1,6,1,57675822,0,84,0,0,58.0604,384,[84 -64 4 0 0 0 0 0 0 0 0 0 -16 -6 -15 -5 -16 -6 -15 -7 -16 -7 -15 -8 -15 -8 -15 -9 -15 -8 -15 -10 -16 -9 -15 -10 -15 -11 -14 -10 -15 -10 -16 -11 -15 -10 -15 -10 -14 -10 -14 -9 -14 -10 -15 -10 -14 -11 -14 -10 -14 -11 -14 -11 0 0 -15 -10 -16 -10 -15 -10 -16 -9 -15 -9 -16 -9 -16 -8 -15 -9 -16 -8 -17 -9 -17 -9 -16 -8 -17 -8 -16 -8 -18 -7 -18 -6 -19 -8 -17 -7 -18 -8 -18 -7 -18 -7 -18 -7 -18 -8 -19 -6 -18 -7 -20 -6 0 0 0 0 0 0 0 0 0 0 ]
329,1782983959.674456,17.1461,-67,CSI_DATA,AP,98:F4:AB:29:67:94,-67,11,1,7,1,1,1,1,0,0,0,-96,1,6,1,57766236,0,84,0,0,58.1509,384,[84 -64 4 0 0 0 0 0 0 0 0 0 10 12 10 12 9 13 9 13 9 13 8 14 8 14 8 13 9 14 7 15 8 15 8 15 6 15 7 15 6 15 7 17 6 15 6 15 6 15 6 15 5 15 6 15 6 15 6 15 6 15 6 15 0 0 7 14 7 16 8 15 7 15 7 14 8 15 8 15 8 14 9 14 10 14 10 14 9 14 9 15 9 13 10 15 10 14 11 15 10 13 10 15 12 14 10 14 11 14 11 14 12 14 11 14 11 13 0 0 0 0 0 0 0 0 0 0 ]
330,1782983959.761281,16.1704,-67,CSI_DATA,AP,98:F4:AB:29:67:94,-67,11,1,6,1,1,1,1,0,0,0,-96,1,6,1,57859888,0,84,0,0,58.2444,384,[84 -64 4 0 0 0 0 0 0 0 0 0 13 8 11 9 11 9 11 11 11 10 10 10 10 12 9 11 10 12 9 12 10 13 10 12 10 12 10 13 9 12 10 13 9 13 9 12 9 12 8 12 8 12 8 13 9 12 10 13 9 12 9 13 0 0 9 12 10 12 9 13 10 11 9 11 10 12 10 13 10 12 11 12 10 12 12 11 11 11 12 11 12 11 12 11 13 11 13 12 12 12 13 11 11 12 13 12 13 11 13 11 14 10 14 11 13 11 0 0 0 0 0 0 0 0 0 0 ]
331,1782983959.846250,15.1738,-68,CSI_DATA,AP,98:F4:AB:29:67:94,-68,11,1,7,1,1,1,1,0,0,0,-96,1,6,1,57947078,0,84,0,0,58.3318,384,[84 -64 4 0 0 0 0 0 0 0 0 0 12 8 12 8 12 9 12 9 12 10 12 9 11 10 11 10 10 11 10 11 11 11 10 12 10 12 10 13 9 12 10 13 9 12 9 12 9 12 9 13 8 12 9 12 8 12 7 12 9 12 10 11 0 0 10 12 9 12 10 13 10 12 9 12 10 11 10 12 11 12 11 12 11 11 11 12 11 11 11 12 12 12 12 11 11 12 12 12 12 12 13 12 13 11 12 12 13 11 13 12 14 11 13 11 13 13 0 0 0 0 0 0 0 0 0 0 ]
332,1782983959.933865,15.1462,-67,CSI_DATA,AP,98:F4:AB:29:67:94,-67,11,1,6,1,1,1,1,0,0,0,-96,1,6,1,58040066,0,84,0,0,58.4246,384,[84 -64 4 0 0 0 0 0 0 0 0 0 6 -14 6 -14 7 -14 7 -13 8 -13 8 -13 8 -13 8 -13 9 -13 10 -12 10 -12 11 -12 11 -12 11 -11 11 -11 11 -12 11 -11 11 -11 11 -11 10 -11 11 -11 11 -11 11 -11 11 -11 11 -11 11 -12 0 0 11 -11 11 -12 11 -12 11 -12 10 -12 11 -13 10 -12 10 -13 11 -13 10 -13 10 -14 11 -13 11 -13 10 -13 10 -14 10 -14 12 -13 11 -14 11 -15 10 -15 10 -15 10 -15 11 -15 11 -15 11 -15 11 -15 0 0 0 0 0 0 0 0 0 0 ]
333,1782983960.025689,15.0937,-68,CSI_DATA,AP,98:F4:AB:29:67:94,-68,11,1,7,1,1,1,1,0,0,0,-96,1,6,1,58123540,0,84,0,0,58.5081,384,[84 -64 4 0 0 0 0 0 0 0 0 0 -8 12 -9 13 -10 12 -9 11 -10 12 -10 11 -11 12 -11 11 -11 12 -11 11 -12 11 -12 11 -11 10 -12 10 -12 10 -13 12 -12 11 -12 10 -12 10 -12 11 -12 10 -12 11 -11 11 -11 11 -11 11 -12 11 0 0 -10 12 -11 13 -11 12 -10 12 -10 12 -11 12 -11 13 -10 12 -10 13 -10 14 -10 14 -10 13 -10 14 -10 15 -9 15 -9 15 -9 16 -9 15 -9 16 -8 16 -9 15 -8 16 -9 17 -9 17 -9 16 -9 17 0 0 0 0 0 0 0 0 0 0 ]
334,1782983960.109643,15.3506,-68,CSI_DATA,AP,98:F4:AB:29:67:94,-68,11,1,7,1,1,1,1,0,0,0,-96,1,6,1,58215542,0,84,0,0,58.6002,384,[84 -64 4 0 0 0 0 0 0 0 0 0 12 6 12 8 13 8 13 8 12 9 12 9 12 10 12 10 12 10 12 11 12 11 11 12 11 11 11 11 11 11 11 11 10 11 10 11 10 11 10 10 11 11 11 11 10 10 10 11 11 12 12 11 0 0 12 11 12 11 12 11 12 10 12 10 12 11 13 10 13 9 13 9 14 9 14 10 14 9 14 10 15 10 14 9 15 9 15 10 15 9 14 9 16 7 16 9 16 8 15 9 16 8 15 8 16 9 0 0 0 0 0 0 0 0 0 0 ]
335,1782983960.197644,15.1135,-67,CSI_DATA,AP,98:F4:AB:29:67:94,-67,11,1,6,1,1,1,1,0,0,0,-96,1,6,1,58305981,0,84,0,0,58.6906,384,[84 -64 4 0 0 0 0 0 0 0 0 0 -16 -7 -16 -8 -17 -7 -16 -9 -16 -10 -15 -9 -15 -9 -16 -10 -17 -10 -15 -11 -15 -11 -16 -11 -15 -12 -15 -12 -14 -11 -15 -13 -14 -12 -14 -12 -14 -11 -14 -11 -14 -12 -14 -12 -14 -12 -14 -11 -15 -12 -15 -11 0 0 -15 -11 -15 -11 -15 -11 -15 -11 -15 -10 -16 -11 -16 -10 -16 -10 -17 -10 -17 -9 -17 -10 -18 -11 -18 -11 -17 -10 -18 -10 -18 -9 -19 -11 -18 -9 -19 -10 -19 -9 -19 -10 -19 -10 -20 -10 -19 -9 -19 -9 -20 -9 0 0 0 0 0 0 0 0 0 0 ]
336,1782983960.285811,16.0715,-67,CSI_DATA,AP,98:F4:AB:29:67:94,-67,11,1,6,1,1,1,1,0,0,0,-96,1,6,1,58396580,0,84,0,0,58.7812,384,[84 -64 4 0 0 0 0 0 0 0 0 0 -5 -16 -4 -15 -4 -16 -4 -16 -3 -16 -2 -16 -2 -16 -3 -16 -2 -17 -1 -16 -1 -17 -1 -17 -1 -17 0 -17 0 -16 0 -17 0 -16 0 -16 -1 -16 0 -16 0 -16 0 -16 1 -16 0 -16 0 -16 0 -17 0 0 -1 -16 -1 -16 -1 -17 -2 -16 -1 -16 -1 -17 -2 -17 -2 -17 -2 -17 -3 -17 -3 -18 -3 -17 -3 -17 -3 -17 -3 -18 -4 -18 -3 -19 -4 -18 -3 -18 -5 -18 -3 -18 -4 -18 -4 -18 -5 -19 -4 -19 -5 -18 0 0 0 0 0 0 0 0 0 0 ]
337,1782983960.378720,16.3777,-65,CSI_DATA,AP,98:F4:AB:29:67:94,-65,11,1,5,1,1,1,1,0,0,0,-96,1,6,1,58490173,0,84,0,0,58.8748,384,[84 -64 4 0 0 0 0 0 0 0 0 0 8 -13 9 -12 8 -14 8 -13 9 -13 10 -12 10 -13 10 -11 10 -13 12 -12 12 -12 12 -11 12 -11 12 -11 12 -10 12 -12 12 -11 11 -11 11 -11 11 -11 12 -11 12 -11 12 -10 12 -10 12 -10 12 -11 0 0 11 -12 11 -13 11 -12 11 -13 11 -12 10 -13 10 -12 10 -13 11 -13 11 -14 10 -14 10 -14 11 -13 10 -14 10 -16 9 -15 11 -16 10 -15 9 -15 9 -16 10 -16 8 -17 10 -16 10 -17 10 -16 9 -16 0 0 0 0 0 0 0 0 0 0 ]
338,1782983960.464784,16.3007,-66,CSI_DATA,AP,98:F4:AB:29:67:94,-66,11,1,6,1,1,1,1,0,0,0,-96,1,6,1,58575024,0,84,0,0,58.9595,384,[84 -64 4 0 0 0 0 0 0 0 0 0 -5 -17 -4 -16 -4 -17 -3 -18 -3 -18 -3 -17 -1 -18 -1 -18 -1 -18 -1 -18 -2 -19 0 -19 0 -18 0 -19 0 -17 0 -19 0 -18 1 -19 0 -18 0 -17 1 -18 0 -18 1 -18 0 -18 0 -18 0 -19 0 0 -1 -19 0 -20 -1 -19 -1 -19 -1 -18 -1 -19 -1 -19 -1 -19 -1 -19 -3 -20 -3 -19 -2 -19 -3 -20 -2 -19 -3 -19 -3 -20 -3 -21 -3 -19 -3 -21 -4 -21 -4 -20 -3 -21 -5 -20 -6 -20 -5 -21 -5 -21 0 0 0 0 0 0 0 0 0 0 ]
339,1782983960.552654,15.9615,-67,CSI_DATA,AP,98:F4:AB:29:67:94,-67,11,1,6,1,1,1,1,0,0,0,-96,1,6,1,58665193,0,84,0,0,59.0498,384,[84 -64 4 0 0 0 0 0 0 0 0 0 11 -10 11 -9 13 -10 12 -9 13 -9 13 -8 13 -8 13 -7 14 -8 14 -6 15 -8 14 -7 15 -6 15 -6 14 -6 16 -6 15 -5 14 -6 14 -6 15 -5 14 -5 15 -6 15 -5 14 -6 15 -5 15 -6 0 0 15 -5 15 -6 15 -6 14 -6 14 -5 14 -6 15 -7 15 -7 14 -8 14 -9 15 -7 15 -7 15 -8 15 -8 15 -8 15 -8 16 -9 15 -9 15 -9 15 -10 16 -9 15 -9 16 -9 16 -10 15 -9 15 -10 0 0 0 0 0 0 0 0 0 0 ]
340,1782983960.658256,17.0172,-67,CSI_DATA,AP,98:F4:AB:29:67:94,-67,11,1,6,1,1,1,1,0,0,0,-96,1,6,1,58755494,0,84,0,0,59.1401,384,[84 -64 4 0 0 0 0 0 0 0 0 0 -16 -6 -15 -5 -18 -6 -17 -7 -17 -7 -16 -7 -16 -8 -16 -8 -16 -8 -16 -10 -16 -10 -16 -10 -16 -11 -16 -10 -15 -10 -17 -10 -16 -10 -15 -10 -15 -9 -15 -10 -16 -10 -16 -11 -15 -11 -14 -10 -15 -10 -15 -10 0 0 -16 -9 -17 -9 -16 -9 -17 -8 -15 -9 -16 -9 -17 -9 -18 -9 -18 -7 -18 -8 -18 -8 -17 -9 -18 -8 -17 -8 -19 -7 -20 -6 -20 -8 -19 -7 -20 -8 -19 -6 -20 -8 -20 -6 -20 -8 -20 -7 -19 -7 -20 -6 0 0 0 0 0 0 0 0 0 0 ]
341,1782983960.748091,16.8122,-65,CSI_DATA,AP,98:F4:AB:29:67:94,-65,11,1,5,1,1,1,1,0,0,0,-96,1,6,1,58851631,0,84,0,0,59.2363,384,[84 -64 4 0 0 0 0 0 0 0 0 0 5 -15 6 -14 6 -15 7 -14 7 -14 7 -13 8 -14 9 -14 8 -15 9 -13 10 -14 10 -13 11 -13 11 -13 10 -12 10 -15 9 -13 10 -13 9 -12 10 -13 10 -13 10 -13 10 -13 10 -13 11 -12 10 -13 0 0 9 -14 10 -14 9 -14 9 -16 9 -14 8 -14 9 -15 9 -15 8 -15 9 -16 8 -16 8 -14 8 -15 8 -15 8 -17 7 -18 8 -18 7 -17 7 -17 7 -18 8 -18 6 -17 8 -18 7 -18 8 -17 7 -17 0 0 0 0 0 0 0 0 0 0 ]
342,1782983960.837656,16.6768,-64,CSI_DATA,AP,98:F4:AB:29:67:94,-64,11,1,4,1,1,1,1,0,0,0,-96,1,6,1,58934795,0,84,0,0,59.3194,384,[84 -64 4 0 0 0 0 0 0 0 0 0 -15 -10 -15 -10 -16 -11 -15 -11 -15 -12 -15 -13 -14 -13 -13 -13 -14 -14 -14 -14 -14 -14 -13 -14 -14 -15 -14 -15 -13 -15 -13 -16 -12 -15 -13 -15 -12 -15 -12 -14 -14 -16 -12 -15 -12 -15 -12 -15 -13 -15 -14 -16 0 0 -13 -14 -15 -14 -14 -15 -14 -15 -13 -14 -14 -14 -15 -15 -14 -14 -14 -14 -16 -14 -17 -13 -16 -13 -16 -14 -16 -14 -17 -14 -17 -14 -17 -13 -16 -14 -18 -14 -17 -14 -16 -13 -18 -14 -17 -13 -18 -13 -17 -13 -18 -13 0 0 0 0 0 0 0 0 0 0 ]
343,1782983960.924957,16.9055,-65,CSI_DATA,AP,98:F4:AB:29:67:94,-65,11,1,5,1,1,1,1,0,0,0,-96,1,6,1,59023442,0,84,0,0,59.408,384,[84 -64 4 0 0 0 0 0 0 0 0 0 7 -15 8 -14 8 -14 9 -14 9 -14 10 -13 10 -13 10 -13 11 -14 11 -13 12 -13 12 -13 12 -13 12 -12 12 -12 13 -13 12 -12 12 -12 12 -12 11 -12 12 -11 12 -12 12 -11 12 -11 12 -12 12 -12 0 0 12 -13 12 -13 11 -13 12 -13 11 -12 11 -13 11 -13 11 -13 11 -14 11 -14 11 -15 10 -14 11 -14 10 -14 11 -15 10 -15 11 -15 10 -15 10 -15 10 -16 10 -16 10 -16 11 -16 10 -16 10 -15 10 -16 0 0 0 0 0 0 0 0 0 0 ]
344,1782983961.011560,17.2213,-65,CSI_DATA,AP,98:F4:AB:29:67:94,-65,11,1,5,1,1,1,1,0,0,0,-96,1,6,1,59113452,0,84,0,0,59.4981,384,[84 -64 4 0 0 0 0 0 0 0 0 0 -7 -15 -7 -14 -7 -15 -7 -15 -7 -16 -6 -15 -6 -16 -5 -16 -5 -16 -4 -17 -4 -17 -4 -17 -3 -18 -4 -17 -4 -16 -4 -18 -4 -16 -4 -17 -3 -16 -3 -16 -3 -16 -4 -16 -3 -18 -3 -17 -3 -17 -4 -17 0 0 -4 -17 -5 -17 -4 -16 -5 -17 -4 -16 -4 -17 -5 -17 -5 -17 -6 -18 -6 -18 -6 -18 -6 -17 -6 -17 -7 -17 -7 -18 -7 -17 -8 -19 -7 -17 -7 -18 -8 -18 -7 -18 -8 -18 -8 -18 -9 -19 -7 -18 -8 -17 0 0 0 0 0 0 0 0 0 0 ]
345,1782983961.097833,18.9090,-64,CSI_DATA,AP,98:F4:AB:29:67:94,-64,11,1,4,1,1,1,1,0,0,0,-96,1,6,1,59204963,0,84,0,0,59.5896,384,[84 -64 4 0 0 0 0 0 0 0 0 0 -17 -3 -17 -3 -19 -3 -18 -4 -19 -5 -17 -6 -18 -6 -18 -7 -17 -7 -18 -8 -18 -8 -18 -8 -18 -8 -18 -8 -17 -8 -19 -8 -17 -8 -17 -8 -16 -8 -17 -9 -17 -10 -18 -9 -17 -9 -17 -9 -18 -9 -18 -9 0 0 -17 -9 -19 -9 -18 -8 -19 -7 -17 -8 -18 -8 -18 -9 -19 -9 -19 -8 -19 -8 -20 -7 -19 -7 -20 -7 -20 -7 -20 -7 -21 -6 -21 -7 -20 -6 -21 -8 -21 -7 -20 -8 -21 -8 -21 -7 -21 -6 -21 -6 -21 -7 0 0 0 0 0 0 0 0 0 0 ]
346,1782983961.203060,19.2119,-65,CSI_DATA,AP,98:F4:AB:29:67:94,-65,11,1,5,1,1,1,1,0,0,0,-96,1,6,1,59305378,0,84,0,0,59.69,384,[84 -64 4 0 0 0 0 0 0 0 0 0 -17 2 -17 1 -18 0 -18 -1 -19 0 -18 -1 -18 -2 -18 -3 -18 -2 -18 -3 -19 -3 -19 -4 -19 -5 -19 -4 -19 -4 -19 -3 -19 -4 -18 -4 -18 -5 -18 -5 -17 -4 -18 -5 -18 -5 -18 -4 -18 -5 -18 -4 0 0 -19 -4 -19 -4 -19 -4 -19 -3 -18 -3 -18 -3 -19 -3 -19 -3 -19 -2 -19 -1 -20 -2 -19 -2 -20 -2 -20 -2 -20 -1 -21 -1 -22 -2 -21 -1 -21 -2 -21 -1 -21 -1 -21 0 -22 -1 -22 0 -21 -1 -21 0 0 0 0 0 0 0 0 0 0 0 ]
347,1782983961.282582,17.7417,-65,CSI_DATA,AP,98:F4:AB:29:67:94,-65,11,1,5,1,1,1,1,0,0,0,-96,1,6,1,59383397,0,84,0,0,59.7679,384,[84 -64 4 0 0 0 0 0 0 0 0 0 12 -11 12 -11 12 -11 12 -11 13 -11 12 -10 14 -11 13 -9 14 -10 15 -9 14 -9 16 -9 15 -8 16 -8 14 -8 15 -8 15 -7 16 -9 14 -8 15 -8 15 -7 15 -8 15 -7 14 -7 15 -6 15 -8 0 0 15 -8 15 -9 14 -9 14 -9 14 -8 14 -9 15 -9 14 -10 14 -9 14 -10 15 -10 15 -9 15 -9 14 -9 15 -10 15 -11 16 -11 15 -10 15 -11 15 -12 15 -11 14 -12 15 -12 16 -12 15 -11 15 -12 0 0 0 0 0 0 0 0 0 0 ]
348,1782983961.369548,17.9449,-65,CSI_DATA,AP,98:F4:AB:29:67:94,-65,11,1,5,1,1,1,1,0,0,0,-96,1,6,1,59474231,0,84,0,0,59.8588,384,[84 -64 4 0 0 0 0 0 0 0 0 0 17 -3 16 -3 18 -2 17 -1 19 -1 17 0 17 0 17 0 18 0 19 2 18 2 18 2 18 3 19 2 18 2 20 3 17 3 18 2 16 3 18 2 17 3 18 2 18 3 17 3 18 3 18 3 0 0 18 2 19 1 18 1 19 1 17 1 18 1 18 1 18 1 19 0 20 0 19 0 18 1 20 0 19 0 20 -2 20 -2 21 -1 19 -1 20 -2 20 -2 20 -2 20 -2 21 -1 20 -2 20 -1 21 -2 0 0 0 0 0 0 0 0 0 0 ]
349,1782983961.455777,18.0496,-65,CSI_DATA,AP,98:F4:AB:29:67:94,-65,11,1,5,1,1,1,1,0,0,0,-96,1,6,1,59563345,0,84,0,0,59.948,384,[84 -64 4 0 0 0 0 0 0 0 0 0 -3 -16 -2 -17 -1 -16 -1 -17 -1 -17 -1 -17 0 -17 1 -17 1 -18 2 -17 1 -17 2 -17 2 -17 2 -18 2 -16 2 -18 3 -17 2 -17 2 -17 3 -16 3 -17 3 -17 3 -16 2 -17 3 -18 2 -17 0 0 2 -17 1 -17 2 -17 1 -16 1 -17 1 -18 2 -18 1 -18 1 -18 0 -18 0 -18 -1 -17 0 -18 0 -18 -1 -19 0 -19 -1 -20 -1 -19 0 -20 -1 -19 -1 -19 -1 -19 -1 -19 -2 -20 -1 -19 -1 -19 0 0 0 0 0 0 0 0 0 0 ]
350,1782983961.544168,16.9288,-65,CSI_DATA,AP,98:F4:AB:29:67:94,-65,11,1,5,1,1,1,1,0,0,0,-96,1,6,1,59653491,0,84,0,0,60.0381,384,[84 -64 4 0 0 0 0 0 0 0 0 0 4 14 4 15 3 15 3 15 2 16 2 15 1 16 1 16 1 16 1 16 1 16 0 16 1 17 0 17 0 16 -1 17 0 16 0 15 -1 15 -1 16 -2 16 -1 16 -1 15 -1 16 0 16 0 16 0 0 0 16 1 17 0 17 1 16 1 15 1 16 1 17 1 16 1 16 2 16 3 17 2 16 3 17 3 17 2 17 3 18 3 18 3 17 3 17 4 17 3 17 3 17 4 17 4 18 4 18 4 18 0 0 0 0 0 0 0 0 0 0 ]
351,1782983961.630743,16.4995,-64,CSI_DATA,AP,98:F4:AB:29:67:94,-64,11,1,3,1,1,1,1,0,0,0,-96,1,6,1,59746954,0,84,0,0,60.1315,384,[84 -64 4 0 0 0 0 0 0 0 0 0 -5 15 -5 15 -7 16 -7 15 -7 15 -7 15 -8 14 -8 15 -8 15 -9 15 -9 15 -9 16 -10 15 -9 15 -9 14 -11 14 -10 14 -10 13 -10 14 -10 13 -10 13 -10 13 -9 13 -9 14 -10 14 -10 15 0 0 -9 15 -9 15 -9 15 -9 14 -9 13 -9 15 -9 15 -8 15 -8 16 -8 16 -8 17 -8 16 -8 17 -7 17 -8 17 -8 18 -8 17 -7 17 -8 18 -7 18 -8 18 -8 18 -7 18 -7 18 -7 18 -7 19 0 0 0 0 0 0 0 0 0 0 ]
352,1782983961.730465,17.4225,-65,CSI_DATA,AP,98:F4:AB:29:67:94,-65,11,1,5,1,1,1,1,0,0,0,-96,1,6,1,59838013,0,84,0,0,60.2227,384,[84 -64 4 0 0 0 0 0 0 0 0 0 -18 -3 -17 -3 -19 -4 -18 -5 -18 -4 -17 -5 -18 -5 -18 -7 -18 -6 -18 -8 -18 -8 -18 -8 -18 -9 -18 -8 -18 -8 -19 -9 -18 -8 -18 -8 -17 -8 -17 -8 -17 -8 -17 -7 -17 -8 -17 -8 -17 -8 -17 -9 0 0 -18 -8 -19 -7 -19 -6 -19 -7 -17 -7 -18 -7 -19 -5 -19 -6 -19 -6 -20 -5 -20 -6 -19 -6 -20 -6 -19 -6 -21 -5 -20 -4 -22 -5 -21 -4 -21 -3 -21 -3 -22 -4 -22 -3 -22 -5 -22 -5 -21 -4 -21 -4 0 0 0 0 0 0 0 0 0 0 ]
353,1782983961.818014,17.7475,-65,CSI_DATA,AP,98:F4:AB:29:67:94,-65,11,1,5,1,1,1,1,0,0,0,-96,1,6,1,59924857,0,84,0,0,60.3095,384,[84 -64 4 0 0 0 0 0 0 0 0 0 11 12 11 13 11 14 11 14 9 13 10 14 8 15 8 15 9 15 8 15 9 15 8 16 8 16 8 16 7 16 8 17 7 16 6 16 7 16 7 16 7 16 7 16 7 16 7 15 8 16 7 16 0 0 7 15 9 16 9 16 8 15 8 15 8 16 9 16 9 15 10 16 9 15 11 16 11 16 11 16 11 16 12 15 12 16 12 17 12 16 12 16 12 17 11 17 12 16 12 17 14 16 13 16 13 16 0 0 0 0 0 0 0 0 0 0 ]
354,1782983961.918793,18.4918,-65,CSI_DATA,AP,98:F4:AB:29:67:94,-65,11,1,5,1,1,1,1,0,0,0,-96,1,6,1,60016534,0,84,0,0,60.4011,384,[84 -64 4 0 0 0 0 0 0 0 0 0 -14 -10 -15 -12 -14 -12 -14 -12 -14 -12 -13 -13 -13 -14 -13 -14 -13 -13 -12 -14 -13 -15 -12 -15 -12 -15 -12 -15 -12 -14 -12 -16 -12 -16 -11 -15 -12 -15 -11 -15 -11 -15 -11 -15 -11 -15 -11 -14 -11 -15 -12 -15 0 0 -12 -14 -13 -15 -13 -15 -13 -13 -12 -14 -13 -14 -13 -14 -14 -14 -13 -14 -14 -13 -16 -14 -14 -13 -15 -13 -15 -14 -15 -14 -16 -14 -16 -14 -15 -14 -16 -14 -17 -14 -16 -14 -16 -14 -17 -14 -17 -13 -16 -13 -17 -14 0 0 0 0 0 0 0 0 0 0 ]
355,1782983962.007459,18.3263,-64,CSI_DATA,AP,98:F4:AB:29:67:94,-64,11,1,4,1,1,1,1,0,0,0,-96,1,6,1,60105375,0,84,0,0,60.4899,384,[84 -64 4 0 0 0 0 0 0 0 0 0 13 8 12 9 13 10 13 10 13 10 12 10 12 11 12 11 12 12 11 12 12 13 11 14 11 13 11 13 11 12 11 13 11 13 11 12 10 13 10 13 11 12 10 13 10 13 10 13 10 14 11 13 0 0 11 12 12 13 12 12 12 12 11 11 12 12 12 12 12 11 13 12 13 11 13 11 13 11 13 12 14 11 14 12 15 11 15 12 14 10 15 12 15 10 15 11 15 11 15 12 16 11 15 11 15 11 0 0 0 0 0 0 0 0 0 0 ]
356,1782983962.094000,18.0448,-64,CSI_DATA,AP,98:F4:AB:29:67:94,-64,11,1,4,1,1,1,1,0,0,0,-96,1,6,1,60195244,0,84,0,0,60.5799,384,[84 -64 4 0 0 0 0 0 0 0 0 0 3 -16 2 -15 4 -17 3 -16 4 -18 5 -15 5 -17 5 -16 6 -17 7 -17 8 -16 8 -16 8 -16 8 -16 7 -15 7 -18 6 -15 6 -17 6 -15 7 -16 7 -15 6 -16 8 -16 7 -15 8 -16 7 -16 0 0 6 -16 6 -18 5 -16 5 -19 5 -16 5 -17 5 -18 5 -17 5 -18 5 -19 4 -19 5 -17 4 -18 3 -17 3 -20 2 -19 4 -21 4 -19 3 -20 3 -20 4 -20 2 -19 4 -21 2 -21 3 -20 3 -20 0 0 0 0 0 0 0 0 0 0 ]
357,1782983962.180357,17.8922,-64,CSI_DATA,AP,98:F4:AB:29:67:94,-64,11,1,4,1,1,1,1,0,0,0,-96,1,6,1,60286725,0,84,0,0,60.6713,384,[84 -64 4 0 0 0 0 0 0 0 0 0 -16 4 -16 2 -17 2 -17 2 -17 2 -17 1 -17 0 -17 -1 -17 -1 -18 -2 -18 -1 -18 -1 -18 -1 -18 -1 -17 -2 -19 -1 -18 -2 -17 -2 -17 -2 -17 -2 -17 -3 -17 -2 -17 -3 -17 -2 -18 -2 -18 -2 0 0 -18 -2 -18 -2 -18 -2 -18 -1 -17 -2 -18 -2 -18 -2 -18 -2 -18 -2 -18 -1 -19 0 -19 -1 -19 0 -19 0 -20 0 -19 1 -20 0 -19 0 -20 0 -20 0 -20 0 -20 0 -20 0 -20 1 -20 1 -20 1 0 0 0 0 0 0 0 0 0 0 ]
358,1782983962.267929,18.5054,-64,CSI_DATA,AP,98:F4:AB:29:67:94,-64,11,1,4,1,1,1,1,0,0,0,-96,1,6,1,60383625,0,84,0,0,60.7682,384,[84 -64 4 0 0 0 0 0 0 0 0 0 17 -2 17 0 18 -1 18 1 18 1 18 2 17 3 17 4 18 3 18 4 19 3 19 4 18 4 19 4 18 4 18 4 18 4 17 5 17 5 17 6 17 7 18 5 17 5 17 4 18 5 18 5 0 0 18 5 19 5 18 4 18 3 17 4 18 5 18 5 19 5 18 5 19 3 20 2 19 2 20 2 20 3 21 2 20 2 21 3 20 2 20 3 20 3 21 4 20 3 21 2 21 1 20 1 21 2 0 0 0 0 0 0 0 0 0 0 ]
359,1782983962.384034,17.7934,-65,CSI_DATA,AP,98:F4:AB:29:67:94,-65,11,1,5,1,1,1,1,0,0,0,-96,1,6,1,60487848,0,84,0,0,60.8725,384,[84 -64 4 0 0 0 0 0 0 0 0 0 -16 2 -15 2 -17 2 -16 1 -16 1 -16 0 -17 0 -17 0 -17 0 -17 -2 -17 -1 -17 -2 -17 -2 -17 -2 -16 -2 -18 -2 -16 -2 -17 -2 -16 -3 -17 -3 -17 -2 -16 -2 -17 -3 -17 -3 -17 -3 -17 -2 0 0 -17 -2 -18 -1 -18 -1 -18 -1 -16 -1 -17 0 -18 -1 -18 -1 -17 0 -18 1 -19 0 -17 -1 -18 0 -18 0 -19 1 -18 1 -20 1 -18 1 -19 1 -19 2 -19 1 -19 2 -19 1 -20 2 -20 1 -19 1 0 0 0 0 0 0 0 0 0 0 ]
360,1782983962.461817,18.0779,-65,CSI_DATA,AP,98:F4:AB:29:67:94,-65,11,1,5,1,1,1,1,0,0,0,-96,1,6,1,60554861,0,84,0,0,60.9395,384,[84 -64 4 0 0 0 0 0 0 0 0 0 -17 -4 -18 -4 -18 -5 -17 -4 -18 -5 -17 -7 -17 -7 -17 -7 -16 -6 -17 -7 -16 -9 -17 -9 -17 -9 -17 -9 -17 -9 -18 -9 -16 -9 -17 -8 -16 -8 -16 -9 -16 -9 -17 -9 -16 -10 -16 -10 -16 -10 -16 -10 0 0 -17 -9 -18 -9 -17 -9 -18 -8 -16 -8 -17 -9 -17 -8 -17 -8 -19 -8 -20 -8 -19 -8 -18 -9 -19 -8 -19 -7 -20 -8 -20 -6 -20 -8 -19 -7 -20 -7 -20 -6 -21 -8 -21 -7 -20 -8 -21 -7 -20 -9 -20 -7 0 0 0 0 0 0 0 0 0 0 ]
361,1782983962.548183,17.3365,-65,CSI_DATA,AP,98:F4:AB:29:67:94,-65,11,1,5,1,1,1,1,0,0,0,-96,1,6,1,60643585,0,84,0,0,61.0282,384,[84 -64 4 0 0 0 0 0 0 0 0 0 -3 14 -2 14 -4 16 -4 14 -5 15 -5 14 -5 15 -6 15 -6 15 -6 14 -7 15 -7 15 -7 15 -7 15 -7 14 -8 16 -7 14 -7 14 -7 14 -7 14 -8 14 -8 13 -8 14 -7 15 -7 15 -7 15 0 0 -7 14 -6 16 -7 15 -6 15 -6 15 -6 15 -7 15 -6 15 -7 16 -6 17 -5 17 -4 16 -5 17 -5 17 -5 17 -5 17 -5 18 -4 18 -5 18 -5 18 -6 18 -5 18 -5 18 -4 18 -4 18 -4 18 0 0 0 0 0 0 0 0 0 0 ]
362,1782983962.653298,17.2831,-66,CSI_DATA,AP,98:F4:AB:29:67:94,-66,11,1,5,1,1,1,1,0,0,0,-96,1,6,1,60751611,0,84,0,0,61.1362,384,[84 -64 4 0 0 0 0 0 0 0 0 0 14 -8 15 -7 16 -8 16 -7 16 -7 15 -6 16 -6 16 -6 17 -6 18 -5 17 -5 18 -4 18 -4 17 -4 16 -3 18 -5 16 -4 17 -4 16 -4 17 -4 17 -4 17 -4 17 -4 17 -3 17 -3 17 -4 0 0 17 -5 17 -5 17 -5 17 -6 16 -5 16 -5 18 -6 17 -6 17 -7 18 -7 18 -8 17 -6 18 -7 18 -7 18 -9 18 -9 19 -9 18 -9 18 -8 18 -10 20 -9 18 -10 19 -9 19 -9 19 -9 18 -9 0 0 0 0 0 0 0 0 0 0 ]
363,1782983962.738914,16.1057,-65,CSI_DATA,AP,98:F4:AB:29:67:94,-65,11,1,5,1,1,1,1,0,0,0,-96,1,6,1,60823642,0,84,0,0,61.2082,384,[84 -64 4 0 0 0 0 0 0 0 0 0 -14 -5 -13 -6 -14 -7 -13 -7 -14 -8 -13 -7 -13 -7 -13 -8 -13 -8 -13 -9 -13 -10 -13 -9 -13 -10 -12 -10 -11 -10 -13 -11 -12 -9 -12 -10 -11 -10 -12 -10 -12 -10 -12 -10 -12 -10 -11 -10 -12 -10 -12 -10 0 0 -12 -10 -13 -9 -12 -9 -13 -10 -12 -9 -12 -9 -13 -10 -13 -9 -14 -9 -14 -9 -14 -9 -14 -9 -13 -9 -14 -9 -15 -9 -15 -9 -15 -10 -14 -9 -15 -10 -15 -9 -14 -10 -15 -9 -15 -10 -15 -9 -15 -10 -15 -9 0 0 0 0 0 0 0 0 0 0 ]
364,1782983962.825184,15.8638,-65,CSI_DATA,AP,98:F4:AB:29:67:94,-65,11,1,5,1,1,1,1,0,0,0,-96,1,6,1,60914615,0,84,0,0,61.2992,384,[84 -64 4 0 0 0 0 0 0 0 0 0 -8 13 -9 13 -10 13 -9 14 -10 13 -10 12 -11 12 -11 12 -11 12 -12 12 -12 12 -12 12 -13 11 -12 11 -12 11 -13 12 -12 11 -12 11 -12 11 -12 11 -12 10 -12 11 -12 10 -11 11 -12 11 -12 11 0 0 -11 12 -11 13 -11 12 -11 13 -11 11 -11 13 -11 12 -11 13 -11 14 -11 14 -11 15 -11 13 -10 14 -10 14 -10 16 -10 15 -10 16 -10 15 -11 15 -10 15 -11 15 -9 16 -11 16 -9 17 -10 16 -10 16 0 0 0 0 0 0 0 0 0 0 ]
365,1782983962.920739,16.6701,-67,CSI_DATA,AP,98:F4:AB:29:67:94,-67,11,1,6,1,1,1,1,0,0,0,-96,1,6,1,61007915,0,84,0,0,61.3925,384,[84 -64 4 0 0 0 0 0 0 0 0 0 -17 -4 -16 -6 -18 -7 -16 -6 -18 -8 -16 -7 -17 -9 -16 -8 -16 -9 -16 -10 -17 -10 -16 -10 -16 -10 -17 -10 -15 -10 -17 -12 -15 -9 -15 -11 -15 -11 -15 -10 -15 -11 -15 -11 -15 -11 -15 -10 -15 -10 -16 -10 0 0 -16 -10 -16 -11 -16 -10 -16 -10 -16 -10 -16 -10 -17 -10 -16 -10 -17 -10 -17 -9 -19 -9 -18 -9 -18 -8 -18 -8 -20 -9 -18 -8 -20 -10 -19 -8 -19 -9 -20 -9 -19 -9 -20 -10 -19 -10 -20 -8 -19 -8 -19 -8 0 0 0 0 0 0 0 0 0 0 ]
366,1782983963.007694,17.1002,-67,CSI_DATA,AP,98:F4:AB:29:67:94,-67,11,1,6,1,1,1,1,0,0,0,-96,1,6,1,61099360,0,84,0,0,61.484,384,[84 -64 4 0 0 0 0 0 0 0 0 0 2 16 1 16 1 15 1 17 -1 15 -1 16 -1 16 -1 16 -2 17 -3 15 -3 17 -2 17 -2 17 -3 16 -2 17 -3 17 -3 17 -3 16 -3 16 -3 16 -3 16 -3 16 -3 16 -2 17 -3 17 -2 17 0 0 -2 17 -2 18 -1 17 -1 17 -2 17 0 17 -2 17 -1 17 -1 18 0 18 1 19 1 19 0 18 0 19 0 18 0 19 0 20 1 19 0 20 1 20 1 19 1 19 1 19 1 19 0 20 1 19 0 0 0 0 0 0 0 0 0 0 ]
367,1782983963.097037,18.0709,-65,CSI_DATA,AP,98:F4:AB:29:67:94,-65,11,1,6,1,1,1,1,0,0,0,-96,1,6,1,61183410,0,84,0,0,61.568,384,[84 -64 4 0 0 0 0 0 0 0 0 0 1 -17 1 -17 2 -17 2 -17 3 -18 3 -17 4 -17 4 -18 4 -18 5 -17 5 -18 6 -17 6 -17 6 -17 6 -16 6 -18 6 -17 6 -16 6 -16 7 -17 6 -16 6 -17 7 -17 7 -16 7 -17 6 -17 0 0 6 -17 6 -18 6 -17 5 -17 5 -17 5 -18 5 -17 4 -17 5 -18 4 -19 4 -18 4 -18 5 -19 4 -18 4 -19 4 -19 5 -20 4 -19 4 -19 3 -20 4 -19 3 -19 4 -20 4 -20 4 -20 3 -20 0 0 0 0 0 0 0 0 0 0 ]
368,1782983963.187713,17.2134,-67,CSI_DATA,AP,98:F4:AB:29:67:94,-67,11,1,6,1,1,1,1,0,0,0,-96,1,6,1,61277064,0,84,0,0,61.6617,384,[84 -64 4 0 0 0 0 0 0 0 0 0 16 2 13 1 16 5 16 6 15 5 14 6 15 7 14 7 15 7 14 8 15 8 14 8 15 9 14 8 13 8 15 8 14 8 14 9 14 9 13 8 14 9 14 9 13 9 13 9 13 9 14 8 0 0 14 7 15 7 14 7 15 7 14 8 14 7 14 8 15 7 15 7 16 7 16 7 16 6 16 7 16 7 17 6 16 5 18 7 18 6 18 6 18 5 17 7 18 5 18 6 19 5 18 6 18 5 0 0 0 0 0 0 0 0 0 0 ]
369,1782983963.277720,17.9187,-66,CSI_DATA,AP,98:F4:AB:29:67:94,-66,11,1,6,1,1,1,1,0,0,0,-96,1,6,1,61366051,0,84,0,0,61.7507,384,[84 -64 4 0 0 0 0 0 0 0 0 0 -18 -1 -16 -1 -18 -1 -17 -2 -18 -2 -17 -3 -17 -3 -18 -5 -18 -4 -18 -5 -18 -4 -18 -5 -18 -5 -18 -6 -17 -6 -18 -6 -17 -6 -17 -6 -17 -7 -16 -6 -16 -7 -16 -7 -16 -7 -17 -7 -17 -7 -18 -6 0 0 -17 -7 -18 -6 -17 -6 -17 -5 -16 -5 -17 -6 -17 -7 -17 -6 -17 -6 -18 -5 -18 -4 -18 -4 -19 -4 -19 -5 -19 -4 -19 -5 -20 -5 -18 -4 -19 -5 -19 -5 -19 -5 -19 -4 -19 -5 -20 -4 -20 -4 -20 -4 0 0 0 0 0 0 0 0 0 0 ]
370,1782983963.395554,17.2179,-63,CSI_DATA,AP,98:F4:AB:29:67:94,-63,11,1,4,1,1,1,1,0,0,0,-96,1,6,1,61497767,0,84,0,0,61.8824,384,[84 -64 4 0 0 0 0 0 0 0 0 0 -13 7 -14 6 -16 6 -15 5 -16 6 -15 5 -16 4 -16 3 -16 3 -17 3 -16 4 -16 3 -17 3 -17 2 -16 3 -17 2 -16 2 -16 3 -16 2 -16 2 -16 2 -17 2 -15 2 -16 2 -16 2 -16 2 0 0 -16 3 -17 4 -16 4 -16 3 -16 3 -16 3 -16 3 -16 3 -16 4 -16 4 -16 5 -15 5 -16 6 -16 5 -16 6 -16 6 -17 6 -16 6 -17 6 -16 6 -17 6 -16 6 -16 7 -16 7 -16 7 -16 8 0 0 0 0 0 0 0 0 0 0 ]
371,1782983963.483480,16.4647,-64,CSI_DATA,AP,98:F4:AB:29:67:94,-64,11,1,5,1,1,1,1,0,0,0,-96,1,6,1,61545357,0,84,0,0,61.9298,384,[84 -64 4 0 0 0 0 0 0 0 0 0 5 -14 5 -14 5 -14 6 -15 7 -14 7 -14 7 -14 7 -14 8 -14 8 -14 9 -14 9 -14 9 -14 10 -13 9 -13 10 -13 10 -12 10 -13 10 -12 10 -13 10 -13 10 -13 9 -12 10 -12 10 -13 10 -13 0 0 9 -13 9 -13 9 -13 9 -13 9 -12 9 -13 9 -13 8 -13 8 -14 9 -14 8 -14 8 -13 8 -14 8 -14 8 -15 8 -16 8 -15 8 -15 8 -15 7 -16 8 -15 8 -16 7 -15 7 -16 7 -16 7 -16 0 0 0 0 0 0 0 0 0 0 ]
372,1782983963.570920,15.9651,-65,CSI_DATA,AP,98:F4:AB:29:67:94,-65,11,1,6,1,1,1,1,0,0,0,-96,1,6,1,61636569,0,84,0,0,62.0212,384,[84 -64 4 0 0 0 0 0 0 0 0 0 -16 4 -14 3 -16 3 -15 3 -16 2 -16 2 -16 2 -16 1 -16 1 -16 0 -17 0 -17 0 -17 -1 -17 -1 -16 -1 -18 -1 -16 -1 -16 -1 -16 -1 -16 -1 -16 -2 -16 -1 -16 -1 -16 -1 -16 -1 -16 0 0 0 -16 -1 -17 0 -16 0 -16 1 -16 0 -16 0 -16 1 -16 1 -16 1 -17 2 -17 2 -16 2 -16 2 -16 2 -17 3 -17 3 -17 3 -17 3 -17 4 -17 4 -17 3 -16 4 -17 4 -18 4 -17 4 -17 4 0 0 0 0 0 0 0 0 0 0 ]
373,1782983963.660053,15.7334,-64,CSI_DATA,AP,98:F4:AB:29:67:94,-64,11,1,5,1,1,1,1,0,0,0,-96,1,6,1,61724723,0,84,0,0,62.1093,384,[84 -64 4 0 0 0 0 0 0 0 0 0 -14 12 -13 12 -15 13 -15 12 -16 12 -16 11 -17 10 -17 10 -17 11 -18 10 -18 11 -18 10 -18 9 -19 9 -18 8 -20 10 -18 9 -19 8 -18 8 -18 8 -19 8 -18 8 -17 8 -18 8 -18 8 -18 9 0 0 -18 9 -18 10 -17 9 -18 10 -17 9 -18 10 -18 8 -17 9 -17 11 -17 11 -17 12 -17 11 -17 11 -17 11 -17 13 -17 12 -18 13 -16 13 -18 13 -18 13 -17 13 -17 13 -18 13 -16 14 -17 13 -17 14 0 0 0 0 0 0 0 0 0 0 ]
374,1782983963.749219,16.3386,-64,CSI_DATA,AP,98:F4:AB:29:67:94,-64,11,1,5,1,1,1,1,0,0,0,-96,1,6,1,61816073,0,84,0,0,62.2007,384,[84 -64 4 0 0 0 0 0 0 0 0 0 -5 -15 -5 -15 -5 -16 -4 -16 -4 -16 -3 -16 -3 -16 -2 -16 -2 -17 -2 -16 -2 -17 -2 -17 -1 -17 -1 -17 -1 -17 -1 -17 -1 -17 -1 -17 0 -16 0 -16 -1 -17 0 -16 0 -16 -1 -16 -1 -17 -1 -17 0 0 -1 -16 -1 -17 -1 -17 -1 -17 -2 -16 -1 -16 -2 -17 -2 -16 -2 -17 -3 -16 -3 -17 -3 -16 -3 -17 -4 -17 -3 -17 -4 -18 -4 -17 -4 -17 -4 -17 -5 -17 -4 -17 -4 -17 -5 -17 -5 -17 -5 -17 -5 -17 0 0 0 0 0 0 0 0 0 0 ]
375,1782983963.839757,18.2552,-64,CSI_DATA,AP,98:F4:AB:29:67:94,-64,11,1,5,1,1,1,1,0,0,0,-96,1,6,1,61903459,0,84,0,0,62.2881,384,[84 -64 4 0 0 0 0 0 0 0 0 0 13 14 12 13 13 14 11 15 12 15 10 15 11 16 10 17 11 17 9 18 9 18 8 18 8 18 8 18 8 17 9 18 8 17 9 18 8 17 8 18 8 17 8 17 7 18 7 17 7 18 8 17 0 0 9 17 9 17 9 16 10 17 8 16 9 17 10 17 10 17 11 16 11 17 11 16 10 16 10 16 11 15 13 15 13 14 14 17 12 16 13 15 14 15 13 16 14 15 13 17 14 16 13 16 13 15 0 0 0 0 0 0 0 0 0 0 ]
376,1782983963.929731,19.1450,-64,CSI_DATA,AP,98:F4:AB:29:67:94,-64,11,1,5,1,1,1,1,0,0,0,-96,1,6,1,61994207,0,84,0,0,62.3788,384,[84 -64 4 0 0 0 0 0 0 0 0 0 16 -7 16 -6 18 -6 16 -5 18 -5 16 -4 18 -4 18 -2 19 -3 18 -2 19 -2 19 -2 19 -1 19 -1 18 -1 20 -2 18 -2 19 -2 18 -1 18 -1 18 0 18 -1 18 0 18 -1 19 0 19 -1 0 0 18 -2 19 -2 18 -3 19 -3 17 -2 19 -2 19 -2 18 -3 19 -3 19 -4 19 -5 18 -3 19 -4 18 -4 19 -5 18 -6 20 -5 18 -5 20 -5 18 -6 19 -5 18 -6 20 -5 19 -7 19 -6 19 -7 0 0 0 0 0 0 0 0 0 0 ]
377,1782983964.020738,18.4285,-66,CSI_DATA,AP,98:F4:AB:29:67:94,-66,11,1,6,1,1,1,1,0,0,0,-96,1,6,1,62084841,0,84,0,0,62.4695,384,[84 -64 4 0 0 0 0 0 0 0 0 0 16 -1 16 0 16 1 16 1 17 1 16 2 17 3 17 3 17 3 17 4 17 4 17 4 17 4 17 5 17 5 17 5 16 5 16 5 16 5 17 5 16 6 17 5 16 6 16 6 16 5 17 5 0 0 17 5 17 5 17 5 17 4 16 4 17 4 17 4 17 4 17 3 17 3 18 3 17 3 18 3 18 3 18 3 18 2 19 3 18 2 19 3 19 2 18 2 18 2 19 2 20 1 19 1 19 1 0 0 0 0 0 0 0 0 0 0 ]
378,1782983964.111020,17.9232,-66,CSI_DATA,AP,98:F4:AB:29:67:94,-66,11,1,6,1,1,1,1,0,0,0,-96,1,6,1,62174198,0,84,0,0,62.5588,384,[84 -64 4 0 0 0 0 0 0 0 0 0 -12 10 -12 11 -14 10 -15 11 -14 9 -13 9 -15 9 -16 9 -15 9 -15 9 -16 8 -16 8 -16 8 -16 8 -16 7 -17 6 -16 7 -16 6 -16 7 -15 6 -16 7 -16 7 -15 7 -15 7 -16 7 -16 8 0 0 -16 8 -17 9 -16 9 -15 9 -15 7 -16 8 -16 8 -16 9 -16 10 -15 10 -15 10 -15 10 -15 11 -16 11 -15 11 -16 11 -15 11 -15 12 -15 11 -15 12 -16 12 -16 12 -15 12 -15 12 -15 13 -15 12 0 0 0 0 0 0 0 0 0 0 ]
379,1782983964.203906,17.3898,-66,CSI_DATA,AP,98:F4:AB:29:67:94,-66,11,1,6,1,1,1,1,0,0,0,-96,1,6,1,62263159,0,84,0,0,62.6477,384,[84 -64 4 0 0 0 0 0 0 0 0 0 -12 -11 -12 -11 -13 -11 -12 -11 -12 -11 -11 -13 -11 -12 -11 -13 -11 -13 -10 -14 -10 -15 -10 -15 -10 -15 -10 -14 -9 -15 -11 -15 -10 -14 -10 -14 -10 -14 -10 -14 -10 -15 -10 -14 -9 -14 -9 -14 -9 -14 -10 -15 0 0 -10 -14 -11 -14 -11 -14 -11 -13 -10 -14 -12 -14 -12 -14 -12 -14 -12 -13 -13 -13 -13 -14 -12 -13 -12 -13 -12 -14 -14 -13 -14 -13 -13 -14 -14 -14 -14 -14 -15 -13 -13 -14 -14 -13 -14 -15 -13 -14 -13 -14 -14 -13 0 0 0 0 0 0 0 0 0 0 ]
380,1782983964.295007,17.6863,-65,CSI_DATA,AP,98:F4:AB:29:67:94,-65,11,1,5,1,1,1,1,0,0,0,-96,1,6,1,62359598,0,84,0,0,62.7442,384,[84 -64 4 0 0 0 0 0 0 0 0 0 -10 -15 -9 -15 -9 -17 -8 -16 -9 -16 -7 -16 -8 -16 -7 -16 -8 -17 -6 -18 -6 -18 -6 -19 -5 -18 -5 -19 -5 -18 -6 -19 -5 -18 -6 -19 -5 -18 -5 -18 -6 -17 -6 -18 -5 -19 -4 -18 -5 -18 -5 -18 0 0 -6 -18 -7 -19 -6 -18 -7 -19 -6 -17 -8 -18 -8 -19 -8 -18 -9 -18 -9 -19 -8 -18 -8 -18 -8 -19 -9 -18 -10 -19 -10 -18 -10 -20 -10 -19 -9 -18 -11 -18 -11 -19 -11 -19 -10 -20 -10 -19 -10 -19 -11 -19 0 0 0 0 0 0 0 0 0 0 ]
381,1782983964.386615,16.3192,-67,CSI_DATA,AP,98:F4:AB:29:67:94,-67,11,1,6,1,1,1,1,0,0,0,-96,1,6,1,62443485,0,84,0,0,62.8281,384,[84 -64 4 0 0 0 0 0 0 0 0 0 -5 14 -6 13 -7 14 -7 14 -7 14 -8 13 -8 13 -8 13 -9 13 -9 13 -9 12 -10 13 -10 12 -10 12 -9 13 -10 13 -9 12 -11 12 -10 12 -10 12 -10 12 -10 12 -10 12 -10 11 -10 12 -9 13 0 0 -10 13 -10 13 -11 13 -10 13 -9 12 -10 13 -9 13 -9 14 -10 14 -9 14 -9 15 -9 14 -9 14 -9 14 -9 15 -9 15 -10 15 -9 15 -9 15 -8 16 -9 15 -9 15 -9 16 -9 16 -9 16 -8 16 0 0 0 0 0 0 0 0 0 0 ]
382,1782983964.478748,17.4377,-65,CSI_DATA,AP,98:F4:AB:29:67:94,-65,11,1,5,1,1,1,1,0,0,0,-96,1,6,1,62535397,0,84,0,0,62.92,384,[84 -64 4 0 0 0 0 0 0 0 0 0 -16 -7 -15 -8 -16 -8 -16 -8 -17 -9 -15 -9 -16 -10 -16 -10 -15 -10 -15 -11 -16 -11 -16 -12 -16 -11 -15 -12 -16 -11 -15 -13 -15 -13 -14 -12 -15 -11 -15 -12 -15 -12 -14 -13 -15 -12 -15 -12 -14 -13 -16 -11 0 0 -15 -12 -16 -12 -15 -12 -15 -10 -15 -11 -15 -12 -16 -11 -17 -11 -16 -11 -16 -11 -17 -11 -17 -11 -17 -11 -17 -10 -18 -11 -18 -11 -18 -11 -18 -11 -18 -11 -18 -10 -18 -11 -19 -11 -19 -11 -19 -9 -18 -11 -19 -10 0 0 0 0 0 0 0 0 0 0 ]
383,1782983964.569720,16.7809,-65,CSI_DATA,AP,98:F4:AB:29:67:94,-65,11,1,5,1,1,1,1,0,0,0,-96,1,6,1,62629468,0,84,0,0,63.0141,384,[84 -64 4 0 0 0 0 0 0 0 0 0 13 -7 14 -6 14 -6 14 -6 15 -6 15 -5 15 -5 15 -4 16 -4 16 -4 16 -4 16 -4 16 -3 16 -3 15 -2 16 -2 16 -3 16 -3 16 -2 16 -3 16 -3 16 -2 16 -3 16 -3 16 -3 16 -3 0 0 16 -3 16 -3 16 -4 15 -4 16 -3 16 -3 16 -4 16 -5 16 -5 15 -6 16 -7 15 -5 16 -6 16 -7 16 -6 17 -7 17 -7 16 -7 17 -7 16 -8 17 -7 16 -7 17 -7 17 -9 17 -8 17 -9 0 0 0 0 0 0 0 0 0 0 ]
384,1782983964.660754,18.3435,-64,CSI_DATA,AP,98:F4:AB:29:67:94,-64,11,1,3,1,1,1,1,0,0,0,-96,1,6,1,62716096,0,84,0,0,63.1007,384,[84 -64 4 0 0 0 0 0 0 0 0 0 -3 -18 -2 -18 -2 -19 -1 -18 -1 -19 0 -18 1 -20 1 -19 1 -19 3 -19 3 -20 3 -20 4 -20 4 -20 3 -18 3 -21 2 -19 2 -20 4 -18 3 -19 4 -19 3 -20 4 -19 4 -19 4 -19 4 -19 0 0 2 -20 2 -21 1 -19 1 -21 1 -18 2 -20 2 -20 1 -20 1 -20 1 -21 1 -21 1 -20 1 -20 0 -20 -1 -22 -2 -21 0 -23 0 -21 0 -22 0 -22 0 -22 -2 -21 0 -23 -1 -22 0 -21 -1 -22 0 0 0 0 0 0 0 0 0 0 ]
385,1782983964.751770,19.7021,-65,CSI_DATA,AP,98:F4:AB:29:67:94,-65,11,1,5,1,1,1,1,0,0,0,-96,1,6,1,62804726,0,84,0,0,63.1894,384,[84 -64 4 0 0 0 0 0 0 0 0 0 -13 -13 -11 -14 -12 -15 -11 -14 -10 -15 -10 -15 -9 -17 -8 -16 -9 -17 -9 -17 -10 -17 -9 -17 -8 -17 -8 -18 -8 -16 -8 -19 -8 -17 -8 -17 -7 -16 -7 -17 -7 -17 -7 -17 -8 -17 -7 -16 -8 -18 -8 -17 0 0 -8 -17 -10 -18 -9 -17 -9 -17 -8 -17 -9 -17 -9 -17 -10 -17 -9 -17 -12 -18 -10 -17 -12 -16 -12 -18 -11 -17 -12 -18 -13 -17 -11 -18 -12 -18 -12 -17 -12 -17 -12 -17 -13 -17 -13 -18 -13 -16 -13 -17 -14 -16 0 0 0 0 0 0 0 0 0 0 ]
386,1782983964.840764,18.2627,-65,CSI_DATA,AP,98:F4:AB:29:67:94,-65,11,1,5,1,1,1,1,0,0,0,-96,1,6,1,62894915,0,84,0,0,63.2795,384,[84 -64 4 0 0 0 0 0 0 0 0 0 5 -15 6 -15 6 -15 7 -15 8 -14 8 -14 8 -14 8 -14 8 -14 9 -14 10 -14 9 -14 10 -13 10 -14 9 -13 10 -13 11 -13 9 -12 10 -13 10 -12 10 -13 10 -13 10 -12 10 -12 10 -13 10 -13 0 0 10 -13 10 -13 10 -14 10 -14 10 -13 9 -14 10 -14 9 -14 9 -15 9 -15 9 -15 9 -14 10 -15 9 -16 10 -15 9 -16 10 -16 10 -16 9 -16 9 -16 10 -16 9 -17 9 -17 9 -17 9 -17 9 -17 0 0 0 0 0 0 0 0 0 0 ]
387,1782983964.932759,16.6514,-65,CSI_DATA,AP,98:F4:AB:29:67:94,-65,11,1,5,1,1,1,1,0,0,0,-96,1,6,1,62985356,0,84,0,0,63.3699,384,[84 -64 4 0 0 0 0 0 0 0 0 0 12 9 11 11 10 10 11 11 11 12 10 11 9 12 9 12 9 13 9 12 10 13 10 13 9 14 9 14 8 14 9 14 8 13 8 14 8 13 8 13 7 14 8 14 8 13 9 12 9 13 10 13 0 0 9 13 10 13 9 13 9 13 9 13 10 13 9 13 11 13 9 12 8 13 12 12 12 12 12 12 12 13 13 13 12 12 13 13 13 12 12 13 13 12 13 13 13 13 14 12 14 11 14 11 14 12 0 0 0 0 0 0 0 0 0 0 ]
388,1782983965.023225,16.0811,-65,CSI_DATA,AP,98:F4:AB:29:67:94,-65,11,1,5,1,1,1,1,0,0,0,-96,1,6,1,63075142,0,84,0,0,63.4598,384,[84 -64 4 0 0 0 0 0 0 0 0 0 -13 -8 -13 -8 -13 -8 -13 -9 -13 -10 -12 -10 -12 -11 -11 -11 -11 -11 -11 -12 -12 -12 -12 -12 -11 -12 -12 -12 -10 -12 -12 -13 -10 -12 -12 -12 -10 -12 -10 -12 -10 -12 -10 -12 -10 -12 -11 -12 -11 -12 -11 -12 0 0 -11 -12 -12 -12 -12 -11 -12 -11 -11 -11 -11 -12 -11 -11 -11 -12 -12 -12 -13 -11 -13 -11 -13 -11 -13 -11 -13 -11 -14 -11 -14 -10 -14 -11 -14 -11 -14 -11 -14 -11 -14 -11 -15 -11 -14 -11 -15 -10 -14 -10 -15 -10 0 0 0 0 0 0 0 0 0 0 ]
389,1782983965.114208,15.8912,-65,CSI_DATA,AP,98:F4:AB:29:67:94,-65,11,1,5,1,1,1,1,0,0,0,-96,1,6,1,63163450,0,84,0,0,63.5481,384,[84 -64 4 0 0 0 0 0 0 0 0 0 16 3 15 3 16 4 16 5 16 5 16 6 16 7 15 7 15 7 15 8 17 8 16 8 15 8 15 9 15 9 15 10 15 9 14 9 14 9 14 9 13 9 14 9 14 9 14 8 14 9 15 9 0 0 14 9 15 8 15 8 15 7 14 7 15 8 15 8 15 8 16 7 16 7 17 6 16 6 16 6 16 6 17 6 17 6 18 6 17 6 17 6 17 6 18 6 18 6 18 5 18 5 18 5 18 5 0 0 0 0 0 0 0 0 0 0 ]
390,1782983965.203851,17.1092,-65,CSI_DATA,AP,98:F4:AB:29:67:94,-65,11,1,5,1,1,1,1,0,0,0,-96,1,6,1,63253493,0,84,0,0,63.6381,384,[84 -64 4 0 0 0 0 0 0 0 0 0 -18 1 -18 1 -19 1 -19 0 -19 -1 -19 -1 -19 -2 -19 -2 -19 -2 -19 -3 -19 -3 -19 -3 -19 -4 -19 -4 -19 -4 -20 -4 -19 -4 -18 -4 -18 -4 -18 -4 -18 -4 -18 -3 -17 -4 -18 -4 -18 -4 -18 -4 0 0 -19 -3 -18 -3 -19 -3 -18 -2 -18 -3 -19 -2 -19 -2 -19 -1 -19 -1 -19 -1 -20 -2 -19 -2 -20 -1 -20 0 -20 0 -20 0 -20 0 -20 1 -20 1 -20 1 -20 1 -21 1 -21 1 -21 1 -20 2 -21 1 0 0 0 0 0 0 0 0 0 0 ]
391,1782983965.293705,17.9797,-65,CSI_DATA,AP,98:F4:AB:29:67:94,-65,11,1,5,1,1,1,1,0,0,0,-96,1,6,1,63344573,0,84,0,0,63.7292,384,[84 -64 4 0 0 0 0 0 0 0 0 0 12 14 12 14 12 15 12 14 12 16 10 15 11 16 10 17 10 18 9 17 9 17 8 18 8 18 9 18 8 17 9 19 8 16 8 17 8 17 7 16 7 17 8 17 7 17 7 17 6 18 7 17 0 0 8 16 9 17 8 17 9 16 8 15 9 16 9 16 10 16 10 15 10 16 10 16 10 16 10 16 11 16 12 16 12 16 13 16 11 15 12 16 12 15 12 16 13 15 12 17 13 15 13 16 12 15 0 0 0 0 0 0 0 0 0 0 ]
392,1782983965.382626,17.6029,-65,CSI_DATA,AP,98:F4:AB:29:67:94,-65,11,1,5,1,1,1,1,0,0,0,-96,1,6,1,63436024,0,84,0,0,63.8206,384,[84 -64 4 0 0 0 0 0 0 0 0 0 14 7 13 8 15 8 14 9 14 10 13 10 13 11 13 11 13 11 12 12 13 12 13 13 12 12 12 13 12 12 13 13 11 12 11 12 11 12 11 12 10 13 11 13 10 13 10 12 11 12 11 13 0 0 11 12 13 12 11 12 12 12 11 11 12 12 12 12 12 12 13 12 13 12 14 12 12 11 13 12 14 11 14 12 14 11 15 12 14 11 13 12 14 11 14 12 15 12 15 12 15 12 14 11 14 11 0 0 0 0 0 0 0 0 0 0 ]
393,1782983965.473519,17.7564,-66,CSI_DATA,AP,98:F4:AB:29:67:94,-66,11,1,6,1,1,1,1,0,0,0,-96,1,6,1,63524419,0,84,0,0,63.909,384,[84 -64 4 0 0 0 0 0 0 0 0 0 -14 -9 -13 -10 -14 -10 -14 -11 -13 -10 -13 -11 -13 -12 -13 -12 -13 -13 -12 -12 -13 -13 -12 -14 -12 -13 -12 -14 -12 -13 -11 -15 -11 -14 -11 -13 -11 -14 -11 -14 -11 -13 -11 -14 -10 -14 -11 -13 -11 -14 -12 -14 0 0 -11 -14 -11 -13 -12 -14 -11 -12 -11 -14 -12 -14 -12 -13 -13 -12 -13 -13 -13 -12 -13 -13 -13 -13 -13 -13 -14 -13 -13 -13 -14 -13 -15 -14 -15 -13 -14 -13 -15 -12 -14 -13 -14 -13 -14 -13 -15 -13 -15 -12 -15 -13 0 0 0 0 0 0 0 0 0 0 ]
394,1782983965.562528,18.6136,-66,CSI_DATA,AP,98:F4:AB:29:67:94,-66,11,1,6,1,1,1,1,0,0,0,-96,1,6,1,63626804,0,84,0,0,64.0114,384,[84 -64 4 0 0 0 0 0 0 0 0 0 -17 3 -16 3 -17 2 -17 2 -17 1 -18 1 -18 1 -18 0 -18 0 -18 -1 -18 -2 -18 -2 -18 -2 -18 -2 -17 -2 -19 -2 -17 -2 -18 -1 -17 -2 -17 -2 -17 -3 -17 -2 -17 -3 -17 -2 -18 -3 -18 -2 0 0 -17 -2 -18 -2 -18 -1 -18 -1 -17 -1 -18 -1 -18 0 -17 0 -18 0 -19 0 -19 0 -18 0 -19 0 -19 0 -19 1 -19 2 -20 2 -18 1 -19 2 -19 2 -19 1 -19 2 -19 2 -20 2 -19 2 -19 2 0 0 0 0 0 0 0 0 0 0 ]
395,1782983965.651524,16.9557,-66,CSI_DATA,AP,98:F4:AB:29:67:94,-66,11,1,6,1,1,1,1,0,0,0,-96,1,6,1,63703475,0,84,0,0,64.0881,384,[84 -64 4 0 0 0 0 0 0 0 0 0 -13 8 -13 7 -13 7 -14 7 -14 7 -14 5 -14 6 -15 5 -15 5 -15 5 -15 4 -16 4 -16 3 -16 4 -15 3 -16 4 -15 4 -16 3 -15 3 -15 3 -15 3 -15 4 -15 3 -15 3 -15 3 -15 3 0 0 -15 4 -16 4 -15 5 -15 5 -14 4 -15 4 -15 4 -15 5 -15 5 -16 5 -16 6 -15 4 -16 6 -15 6 -15 7 -15 7 -17 6 -16 6 -15 7 -16 7 -17 7 -15 7 -17 7 -15 8 -16 7 -16 8 0 0 0 0 0 0 0 0 0 0 ]
396,1782983965.741991,17.5818,-66,CSI_DATA,AP,98:F4:AB:29:67:94,-66,11,1,6,1,1,1,1,0,0,0,-96,1,6,1,63803504,0,84,0,0,64.1881,384,[84 -64 4 0 0 0 0 0 0 0 0 0 5 17 4 17 4 18 4 17 4 18 2 18 2 18 1 19 1 19 -1 19 -2 19 -1 19 -1 19 -1 19 -1 18 -1 19 -1 18 0 20 -1 18 0 18 -1 18 -1 18 -2 18 -2 18 -2 19 -1 18 0 0 0 18 0 19 0 18 1 19 1 18 2 18 1 18 1 18 2 19 2 18 2 20 2 19 2 19 3 19 4 20 4 19 4 21 3 19 4 19 5 19 3 20 5 20 4 21 4 21 4 20 4 20 0 0 0 0 0 0 0 0 0 0 ]
397,1782983965.831719,16.4878,-66,CSI_DATA,AP,98:F4:AB:29:67:94,-66,11,1,6,1,1,1,1,0,0,0,-96,1,6,1,63885321,0,84,0,0,64.2699,384,[84 -64 4 0 0 0 0 0 0 0 0 0 15 -5 15 -5 16 -4 16 -4 17 -4 15 -3 16 -2 17 -2 16 -1 17 -2 17 -1 16 -1 17 0 17 0 16 0 17 0 17 0 16 -1 16 0 16 0 16 0 16 0 15 1 15 1 16 0 16 0 0 0 16 -1 16 -1 16 -1 16 -1 15 -2 16 -1 16 -2 16 -2 16 -2 16 -3 16 -4 16 -3 17 -4 16 -4 17 -3 17 -4 18 -4 18 -5 17 -4 17 -5 17 -5 17 -4 17 -5 17 -5 18 -4 17 -5 0 0 0 0 0 0 0 0 0 0 ]
398,1782983965.920055,16.5266,-66,CSI_DATA,AP,98:F4:AB:29:67:94,-66,11,1,6,1,1,1,1,0,0,0,-96,1,6,1,63975208,0,84,0,0,64.3598,384,[84 -64 4 0 0 0 0 0 0 0 0 0 -13 -11 -12 -12 -12 -13 -12 -13 -11 -13 -11 -14 -11 -15 -11 -15 -11 -14 -10 -15 -10 -15 -11 -15 -9 -16 -9 -16 -8 -15 -9 -17 -8 -16 -8 -15 -8 -15 -8 -15 -8 -15 -9 -15 -8 -15 -8 -15 -8 -15 -8 -15 0 0 -9 -14 -9 -14 -9 -14 -10 -14 -10 -14 -10 -14 -10 -14 -10 -14 -11 -13 -11 -14 -11 -14 -11 -13 -11 -14 -12 -14 -11 -13 -12 -14 -12 -14 -12 -14 -13 -13 -13 -14 -13 -13 -13 -14 -13 -14 -13 -13 -13 -13 -14 -13 0 0 0 0 0 0 0 0 0 0 ]
399,1782983966.011828,17.1213,-67,CSI_DATA,AP,98:F4:AB:29:67:94,-67,11,1,7,1,1,1,1,0,0,0,-96,1,6,1,64065502,0,84,0,0,64.4501,384,[84 -64 4 0 0 0 0 0 0 0 0 0 -6 15 -6 15 -7 16 -7 15 -8 16 -8 15 -8 15 -9 15 -9 15 -10 15 -11 15 -12 14 -11 14 -11 14 -10 14 -12 15 -10 13 -11 14 -11 13 -11 13 -11 13 -11 13 -12 13 -11 12 -12 13 -11 12 0 0 -10 13 -10 14 -9 14 -9 14 -9 12 -9 14 -9 14 -9 14 -8 14 -8 15 -8 14 -8 14 -8 15 -7 15 -8 16 -7 17 -7 17 -7 16 -7 17 -6 17 -7 17 -5 17 -7 17 -7 17 -6 16 -7 16 0 0 0 0 0 0 0 0 0 0 ]
400,1782983966.103055,18.1169,-66,CSI_DATA,AP,98:F4:AB:29:67:94,-66,11,1,6,1,1,1,1,0,0,0,-96,1,6,1,64173161,0,84,0,0,64.5577,384,[84 -64 4 0 0 0 0 0 0 0 0 0 11 14 10 13 10 14 11 16 9 15 9 16 9 16 9 16 8 16 8 16 8 17 8 18 8 18 8 18 6 17 7 19 7 17 7 16 6 18 6 18 7 18 7 18 6 16 7 17 7 17 8 17 0 0 8 16 8 18 9 17 8 17 8 16 9 17 8 17 10 16 9 16 10 16 11 16 11 16 11 17 11 16 11 16 12 17 12 17 12 16 12 16 12 16 12 16 12 16 12 15 14 15 12 16 14 16 0 0 0 0 0 0 0 0 0 0 ]
401,1782983966.191355,18.9053,-67,CSI_DATA,AP,98:F4:AB:29:67:94,-67,11,1,7,1,1,1,1,0,0,0,-96,1,6,1,64245208,0,84,0,0,64.6298,384,[84 -64 4 0 0 0 0 0 0 0 0 0 10 14 10 14 10 15 9 16 8 16 8 17 7 16 7 17 7 17 7 18 8 18 6 18 6 19 6 18 6 17 6 18 5 17 5 17 5 17 5 18 5 18 5 17 4 17 6 17 6 18 6 17 0 0 6 17 7 17 7 17 8 16 7 17 7 16 7 18 8 16 8 17 9 17 10 17 8 16 9 16 10 17 9 17 10 19 10 18 10 17 10 18 10 17 10 18 11 18 12 17 12 17 11 17 12 17 0 0 0 0 0 0 0 0 0 0 ]
402,1782983966.282444,19.0422,-67,CSI_DATA,AP,98:F4:AB:29:67:94,-67,11,1,7,1,1,1,1,0,0,0,-96,1,6,1,64338104,0,84,0,0,64.7227,384,[84 -64 4 0 0 0 0 0 0 0 0 0 -10 14 -10 14 -11 13 -13 13 -12 13 -13 13 -13 13 -13 13 -14 13 -14 12 -15 12 -16 11 -15 11 -15 10 -16 10 -16 10 -16 9 -15 10 -15 10 -15 10 -16 9 -16 10 -15 9 -15 9 -16 10 -15 10 0 0 -16 9 -15 10 -15 10 -14 10 -15 9 -15 10 -16 10 -14 11 -15 12 -15 12 -15 13 -14 12 -15 11 -15 12 -15 11 -15 12 -15 12 -15 12 -15 12 -15 13 -15 13 -15 14 -15 13 -15 14 -15 13 -14 13 0 0 0 0 0 0 0 0 0 0 ]
403,1782983966.372662,18.5979,-66,CSI_DATA,AP,98:F4:AB:29:67:94,-66,11,1,7,1,1,1,1,0,0,0,-96,1,6,1,64423425,0,84,0,0,64.808,384,[84 -64 4 0 0 0 0 0 0 0 0 0 12 11 12 11 13 12 13 12 12 13 10 13 12 14 10 14 11 14 10 16 10 16 9 16 9 17 9 17 8 15 10 17 9 15 9 17 8 16 8 15 8 16 9 16 7 16 7 16 7 16 8 17 0 0 9 15 9 17 9 15 9 16 9 14 9 15 10 15 9 14 10 16 10 15 10 15 10 15 10 15 10 15 12 16 11 14 12 16 12 15 11 15 12 14 11 16 13 14 12 16 12 15 11 15 13 14 0 0 0 0 0 0 0 0 0 0 ]
404,1782983966.461529,19.3034,-66,CSI_DATA,AP,98:F4:AB:29:67:94,-66,11,1,7,1,1,1,1,0,0,0,-96,1,6,1,64516419,0,84,0,0,64.9009,384,[84 -64 4 0 0 0 0 0 0 0 0 0 12 12 11 12 11 14 12 14 11 15 10 14 11 15 10 16 10 15 9 17 10 16 9 17 9 17 9 17 8 17 9 18 8 17 7 17 7 16 7 16 8 17 8 17 6 17 7 16 8 18 8 17 0 0 8 17 8 17 9 17 9 16 8 16 10 16 9 17 8 16 10 16 10 16 11 17 11 16 10 16 11 16 11 16 12 16 11 17 12 16 11 15 12 16 12 16 13 16 12 16 14 16 12 16 12 15 0 0 0 0 0 0 0 0 0 0 ]
405,1782983966.551450,18.3698,-66,CSI_DATA,AP,98:F4:AB:29:67:94,-66,11,1,7,1,1,1,1,0,0,0,-96,1,6,1,64605015,0,84,0,0,64.9896,384,[84 -64 4 0 0 0 0 0 0 0 0 0 -15 -7 -15 -7 -15 -7 -16 -8 -15 -9 -14 -9 -15 -9 -15 -9 -15 -10 -15 -10 -15 -11 -15 -10 -16 -11 -15 -11 -14 -11 -14 -12 -13 -11 -13 -11 -14 -12 -13 -10 -14 -12 -13 -11 -13 -11 -13 -11 -14 -11 -14 -11 0 0 -15 -10 -15 -10 -14 -11 -14 -10 -14 -10 -14 -10 -15 -10 -15 -10 -15 -9 -16 -9 -16 -9 -15 -9 -16 -9 -17 -8 -17 -9 -17 -9 -17 -9 -17 -8 -16 -9 -17 -8 -17 -9 -17 -9 -18 -9 -18 -7 -17 -8 -17 -7 0 0 0 0 0 0 0 0 0 0 ]
406,1782983966.642022,17.8766,-66,CSI_DATA,AP,98:F4:AB:29:67:94,-66,11,1,7,1,1,1,1,0,0,0,-96,1,6,1,64700251,0,84,0,0,65.0849,384,[84 -64 4 0 0 0 0 0 0 0 0 0 8 13 8 14 7 14 7 14 7 14 6 15 6 15 5 15 5 16 5 15 5 16 5 16 4 17 3 17 3 15 3 17 3 17 4 15 3 16 2 16 3 16 3 17 2 16 3 16 3 17 3 17 0 0 4 17 4 16 4 17 4 15 3 16 4 16 5 17 5 16 4 17 6 16 6 17 6 16 5 16 7 17 6 16 7 17 7 17 7 16 7 17 7 16 7 17 7 16 7 17 7 17 7 17 7 16 0 0 0 0 0 0 0 0 0 0 ]
407,1782983966.733131,17.6088,-66,CSI_DATA,AP,98:F4:AB:29:67:94,-66,11,1,7,1,1,1,1,0,0,1,-96,1,6,1,64785657,0,84,0,0,65.1704,384,[84 -64 4 0 0 0 0 0 0 0 0 0 8 15 8 15 9 15 8 16 8 16 6 17 6 17 7 17 6 17 5 18 5 19 4 19 4 19 4 19 4 18 4 20 4 18 4 17 3 18 4 19 4 18 4 19 2 18 3 18 4 18 4 18 0 0 4 18 5 19 5 18 6 18 4 18 5 18 5 18 5 18 7 18 7 19 6 19 6 18 6 18 7 18 7 18 8 17 8 20 8 19 8 19 9 18 8 19 9 18 8 19 9 19 8 19 8 18 0 0 0 0 0 0 0 0 0 0 ]
408,1782983966.821901,17.9066,-67,CSI_DATA,AP,AC:3D:CB:BC:E1:F7,-67,11,0,0,0,0,0,0,0,0,0,-96,0,6,1,64787410,0,79,0,0,65.1973,128,[79 -16 4 0 0 0 0 0 0 0 0 0 -7 17 -7 14 -7 16 -9 17 -10 17 -9 18 -10 16 -11 18 -12 18 -14 21 -13 24 -14 24 -16 25 -17 25 -18 23 -20 25 -19 23 -21 21 -21 21 -22 20 -21 19 -20 19 -20 19 -18 21 -17 19 -18 19 0 0 -19 18 -17 18 -16 18 -17 17 -15 17 -15 16 -14 15 -13 15 -15 14 -11 15 -8 16 -9 16 -9 17 -8 17 -7 15 -7 15 -4 15 -6 14 -5 12 -4 11 -3 11 -3 11 -2 12 0 11 0 11 0 10 0 0 0 0 0 0 0 0 0 0 ]
409,1782983966.917701,18.6541,-66,CSI_DATA,AP,98:F4:AB:29:67:94,-66,11,1,7,1,1,1,1,0,0,1,-96,1,6,1,64870866,0,84,0,0,65.2556,384,[84 -64 4 0 0 0 0 0 0 0 0 0 3 -18 4 -18 5 -17 5 -19 5 -18 7 -18 7 -17 7 -17 8 -17 9 -18 8 -18 8 -17 9 -18 9 -18 9 -17 11 -18 10 -17 10 -16 9 -17 10 -16 11 -17 10 -16 10 -16 9 -17 9 -17 10 -18 0 0 10 -17 9 -17 10 -17 8 -18 9 -17 9 -17 9 -18 8 -18 9 -18 8 -18 7 -19 7 -18 7 -19 8 -19 7 -19 6 -20 7 -20 6 -20 8 -20 7 -20 7 -20 7 -20 7 -20 5 -21 5 -20 6 -21 0 0 0 0 0 0 0 0 0 0 ]
410,1782983967.007758,18.8935,-66,CSI_DATA,AP,98:F4:AB:29:67:94,-66,11,1,7,1,1,1,1,0,0,1,-96,1,6,1,64963634,0,84,0,0,65.3483,384,[84 -64 4 0 0 0 0 0 0 0 0 0 11 13 10 14 10 14 10 15 9 15 9 16 9 17 7 16 8 16 7 17 7 17 7 18 7 18 6 18 6 18 6 19 6 19 5 17 6 18 5 18 5 18 5 18 6 17 5 17 5 18 7 18 0 0 6 18 6 18 7 18 7 17 6 17 7 17 8 18 7 17 8 17 7 17 7 18 8 17 8 18 10 18 8 17 9 18 8 17 9 18 9 18 10 18 9 18 9 18 10 18 10 18 8 18 9 18 0 0 0 0 0 0 0 0 0 0 ]
411,1782983967.097736,17.8972,-66,CSI_DATA,AP,98:F4:AB:29:67:94,-66,11,1,7,1,1,1,1,0,0,1,-96,1,6,1,65053356,0,84,0,0,65.438,384,[84 -64 4 0 0 0 0 0 0 0 0 0 9 13 9 12 9 13 8 13 8 13 7 14 9 15 8 15 7 14 7 15 7 16 7 15 6 16 5 16 6 15 6 16 6 15 5 16 6 15 5 15 5 16 5 16 5 14 5 15 5 16 5 15 0 0 7 14 6 14 7 15 7 15 7 14 8 14 7 15 8 14 9 15 8 15 8 15 7 15 8 15 9 14 9 15 9 15 10 15 9 14 10 14 11 14 9 14 10 15 10 15 11 14 10 14 10 14 0 0 0 0 0 0 0 0 0 0 ]
412,1782983967.189975,17.7581,-67,CSI_DATA,AP,98:F4:AB:29:67:94,-67,11,1,7,1,1,1,1,0,0,1,-96,1,6,1,65143684,0,84,0,0,65.5283,384,[84 -64 4 0 0 0 0 0 0 0 0 0 16 1 16 1 17 3 16 3 17 4 16 4 17 4 17 5 17 4 17 5 17 7 17 7 16 7 16 6 16 7 16 7 16 7 16 7 15 8 16 8 15 7 15 7 15 8 15 7 16 8 15 7 0 0 16 6 17 7 16 7 16 5 15 7 16 6 16 6 17 5 17 5 17 5 17 5 16 5 17 5 18 4 18 4 17 4 18 4 19 5 18 4 19 4 18 5 18 3 19 4 19 3 19 4 18 4 0 0 0 0 0 0 0 0 0 0 ]
413,1782983967.281811,16.6143,-67,CSI_DATA,AP,98:F4:AB:29:67:94,-67,11,1,7,1,1,1,1,0,0,0,-96,1,6,1,65243361,0,84,0,0,65.628,384,[84 -64 4 0 0 0 0 0 0 0 0 0 -1 14 -2 15 -2 15 -2 16 -3 14 -3 15 -3 16 -2 16 -3 15 -5 14 -4 15 -6 15 -5 15 -5 15 -6 15 -7 15 -7 16 -6 14 -7 15 -6 14 -6 15 -5 14 -5 13 -7 14 -6 15 -6 15 0 0 -5 15 -5 16 -5 17 -5 14 -6 15 -4 14 -4 16 -5 15 -4 15 -2 17 -4 16 -4 16 -4 16 -3 17 -3 16 -5 17 -4 16 -3 17 -2 17 -2 17 -2 18 -3 16 -2 16 -3 17 -3 17 -2 18 0 0 0 0 0 0 0 0 0 0 ]
414,1782983967.370310,17.3733,-66,CSI_DATA,AP,98:F4:AB:29:67:94,-66,11,1,6,1,1,1,1,0,0,0,-96,1,6,1,65351387,0,84,0,0,65.736,384,[84 -64 4 0 0 0 0 0 0 0 0 0 -7 -15 -7 -15 -6 -16 -6 -16 -6 -16 -5 -16 -4 -17 -4 -17 -4 -17 -4 -17 -4 -17 -4 -18 -3 -18 -3 -18 -3 -17 -3 -18 -3 -18 -2 -17 -2 -17 -2 -17 -3 -17 -2 -18 -1 -17 -3 -17 -3 -18 -3 -17 0 0 -3 -17 -4 -18 -4 -18 -4 -18 -4 -17 -4 -17 -4 -18 -4 -18 -5 -18 -5 -18 -6 -18 -5 -17 -6 -18 -6 -18 -6 -18 -7 -18 -6 -19 -6 -18 -7 -18 -7 -18 -7 -18 -6 -18 -7 -19 -7 -19 -7 -19 -7 -19 0 0 0 0 0 0 0 0 0 0 ]
415,1782983967.461683,16.4922,-67,CSI_DATA,AP,98:F4:AB:29:67:94,-67,11,1,7,1,1,1,1,0,0,0,-96,1,6,1,65417010,0,84,0,0,65.8016,384,[84 -64 4 0 0 0 0 0 0 0 0 0 -15 -5 -15 -5 -16 -5 -15 -6 -15 -6 -14 -7 -14 -8 -14 -8 -14 -8 -14 -8 -14 -8 -15 -10 -14 -9 -14 -9 -14 -9 -15 -10 -14 -10 -13 -10 -13 -10 -13 -9 -13 -10 -13 -11 -14 -10 -13 -10 -13 -10 -14 -10 0 0 -14 -10 -13 -9 -14 -9 -14 -9 -13 -9 -14 -9 -14 -8 -14 -9 -15 -8 -15 -8 -15 -8 -15 -8 -16 -8 -16 -7 -16 -8 -16 -8 -16 -9 -16 -8 -16 -8 -16 -7 -16 -8 -16 -8 -16 -7 -16 -7 -16 -7 -16 -7 0 0 0 0 0 0 0 0 0 0 ]
416,1782983967.552259,16.9136,-67,CSI_DATA,AP,98:F4:AB:29:67:94,-67,11,1,7,1,1,1,1,0,0,0,-96,1,6,1,65508078,0,84,0,0,65.8927,384,[84 -64 4 0 0 0 0 0 0 0 0 0 -6 16 -7 15 -8 16 -8 15 -8 16 -10 14 -9 15 -11 14 -11 14 -11 14 -11 14 -11 14 -12 13 -12 14 -12 12 -13 13 -11 13 -13 13 -12 12 -12 12 -12 12 -13 13 -12 12 -12 12 -13 12 -12 13 0 0 -12 12 -11 14 -10 12 -11 14 -11 12 -12 12 -11 13 -10 13 -11 14 -11 14 -10 16 -11 14 -12 14 -11 14 -10 16 -10 15 -11 16 -10 14 -10 15 -11 16 -10 15 -10 16 -11 16 -10 16 -10 16 -10 16 0 0 0 0 0 0 0 0 0 0 ]
417,1782983967.645859,16.7909,-67,CSI_DATA,AP,98:F4:AB:29:67:94,-67,11,1,7,1,1,1,1,0,0,0,-96,1,6,1,65593325,0,84,0,0,65.9779,384,[84 -64 4 0 0 0 0 0 0 0 0 0 15 -9 14 -9 15 -9 15 -8 15 -7 16 -7 16 -8 17 -6 18 -6 17 -6 17 -6 17 -5 17 -5 17 -4 17 -4 18 -5 17 -4 17 -4 17 -4 17 -4 17 -3 16 -4 16 -3 17 -4 16 -4 16 -5 0 0 17 -5 16 -5 17 -5 16 -5 16 -5 16 -5 17 -6 16 -6 16 -6 16 -7 18 -8 16 -7 17 -7 17 -7 17 -8 17 -8 17 -9 17 -9 17 -8 17 -8 17 -8 17 -9 17 -9 17 -9 17 -9 16 -9 0 0 0 0 0 0 0 0 0 0 ]
418,1782983967.737792,17.8194,-67,CSI_DATA,AP,98:F4:AB:29:67:94,-67,11,1,7,1,1,1,1,0,0,0,-96,1,6,1,65687427,0,84,0,0,66.072,384,[84 -64 4 0 0 0 0 0 0 0 0 0 -15 -8 -15 -8 -15 -9 -16 -10 -16 -10 -15 -11 -14 -11 -14 -12 -15 -13 -14 -12 -15 -12 -14 -13 -14 -14 -13 -13 -14 -13 -14 -14 -13 -13 -12 -13 -13 -13 -13 -14 -13 -14 -12 -14 -12 -13 -12 -13 -12 -14 -13 -13 0 0 -13 -14 -13 -13 -13 -13 -13 -12 -13 -13 -14 -13 -14 -13 -14 -13 -14 -13 -15 -12 -15 -13 -15 -13 -15 -13 -15 -12 -15 -13 -16 -13 -16 -13 -16 -13 -16 -13 -16 -13 -16 -13 -16 -13 -16 -12 -17 -11 -16 -12 -17 -12 0 0 0 0 0 0 0 0 0 0 ]
419,1782983967.831831,17.3005,-66,CSI_DATA,AP,98:F4:AB:29:67:94,-66,11,1,7,1,1,1,1,0,0,0,-96,1,6,1,65777240,0,84,0,0,66.1619,384,[84 -64 4 0 0 0 0 0 0 0 0 0 13 8 13 9 13 8 12 9 13 10 12 10 12 11 12 11 12 12 11 12 11 12 12 12 11 12 11 12 10 11 11 12 10 12 10 11 10 12 11 12 10 12 11 12 10 11 11 11 11 12 11 11 0 0 11 11 11 11 13 11 12 10 11 11 12 11 12 11 12 10 13 10 13 10 14 10 13 10 14 10 15 10 14 10 14 9 15 10 15 9 14 10 15 10 15 10 14 10 15 10 15 9 16 9 15 9 0 0 0 0 0 0 0 0 0 0 ]
420,1782983967.921293,16.7090,-66,CSI_DATA,AP,98:F4:AB:29:67:94,-66,11,1,7,1,1,1,1,0,0,0,-96,1,6,1,65871672,0,84,0,0,66.2563,384,[84 -64 4 0 0 0 0 0 0 0 0 0 14 7 14 7 14 8 14 9 15 9 14 9 14 9 13 10 14 10 13 11 13 12 12 12 12 12 13 12 12 12 13 12 12 12 12 12 12 11 12 11 12 11 12 11 12 12 11 12 12 11 12 12 0 0 12 11 14 11 12 11 14 10 12 10 14 11 14 10 14 9 15 9 15 9 15 10 14 10 14 10 14 8 16 9 15 9 17 10 16 9 16 9 16 8 16 9 17 9 17 9 16 8 16 9 16 9 0 0 0 0 0 0 0 0 0 0 ]
421,1782983968.010417,16.3169,-65,CSI_DATA,AP,98:F4:AB:29:67:94,-65,11,1,5,1,1,1,1,0,0,0,-96,1,6,1,65963722,0,84,0,0,66.3483,384,[84 -64 4 0 0 0 0 0 0 0 0 0 14 9 14 9 14 10 14 10 14 10 13 11 13 11 13 12 13 12 13 13 13 13 12 13 11 14 13 14 12 12 13 14 13 12 12 13 11 13 11 13 12 13 12 13 11 14 11 13 12 14 12 13 0 0 13 12 14 13 12 12 13 12 11 11 13 12 14 13 14 12 14 12 15 12 15 12 14 12 15 12 15 11 17 11 16 11 17 12 16 11 16 11 16 10 16 11 17 11 16 11 17 11 16 11 15 11 0 0 0 0 0 0 0 0 0 0 ]
422,1782983968.100829,18.3621,-66,CSI_DATA,AP,98:F4:AB:29:67:94,-66,11,1,7,1,1,1,1,0,0,0,-96,1,6,1,66043428,0,84,0,0,66.4279,384,[84 -64 4 0 0 0 0 0 0 0 0 0 -16 -5 -16 -6 -17 -7 -17 -7 -17 -8 -16 -8 -17 -8 -16 -9 -17 -9 -17 -9 -17 -10 -18 -10 -16 -11 -17 -11 -16 -12 -17 -12 -16 -12 -15 -12 -17 -12 -17 -11 -16 -11 -16 -12 -15 -12 -16 -11 -16 -12 -17 -12 0 0 -17 -10 -17 -11 -16 -10 -16 -10 -15 -10 -17 -10 -17 -10 -17 -10 -18 -10 -18 -9 -19 -10 -19 -9 -19 -9 -19 -9 -18 -9 -20 -9 -19 -9 -20 -8 -19 -9 -19 -8 -19 -8 -20 -7 -19 -8 -20 -8 -19 -8 -20 -8 0 0 0 0 0 0 0 0 0 0 ]
423,1782983968.190658,18.5229,-67,CSI_DATA,AP,98:F4:AB:29:67:94,-67,11,1,7,1,1,1,1,0,0,0,-96,1,6,1,66134755,0,84,0,0,66.5194,384,[84 -64 4 0 0 0 0 0 0 0 0 0 14 -8 15 -7 15 -7 15 -6 16 -6 15 -5 16 -6 17 -5 17 -4 17 -4 18 -3 19 -3 18 -3 17 -3 16 -3 18 -3 17 -3 17 -3 17 -2 17 -2 16 -3 17 -2 17 -3 17 -3 18 -3 17 -4 0 0 17 -4 17 -5 16 -4 17 -4 16 -4 16 -5 17 -6 17 -7 16 -6 17 -7 17 -7 17 -7 16 -7 17 -8 17 -7 17 -8 18 -9 17 -8 16 -9 16 -10 17 -9 16 -10 17 -10 17 -10 17 -10 16 -9 0 0 0 0 0 0 0 0 0 0 ]
424,1782983968.281073,18.2028,-67,CSI_DATA,AP,98:F4:AB:29:67:94,-67,11,1,7,1,1,1,1,0,0,0,-96,1,6,1,66223942,0,84,0,0,66.6086,384,[84 -64 4 0 0 0 0 0 0 0 0 0 -13 7 -13 6 -14 7 -15 6 -15 6 -14 5 -15 6 -15 4 -15 5 -17 4 -16 3 -17 4 -17 3 -17 3 -17 3 -17 4 -17 3 -17 3 -16 3 -16 2 -16 3 -16 3 -16 3 -16 3 -17 2 -16 3 0 0 -15 3 -16 4 -15 4 -16 5 -16 4 -15 4 -16 5 -16 4 -15 5 -16 6 -16 6 -15 6 -15 5 -16 6 -15 7 -15 7 -16 7 -16 8 -15 8 -15 8 -15 8 -15 8 -16 8 -15 9 -15 8 -14 8 0 0 0 0 0 0 0 0 0 0 ]
425,1782983968.370537,16.8142,-66,CSI_DATA,AP,98:F4:AB:29:67:94,-66,11,1,6,1,1,1,1,0,0,0,-96,1,6,1,66315439,0,84,0,0,66.7001,384,[84 -64 4 0 0 0 0 0 0 0 0 0 12 9 12 9 13 10 13 9 13 10 12 10 12 12 12 12 11 12 10 13 12 13 11 14 11 14 11 14 10 13 10 15 10 14 9 14 9 14 9 14 8 14 9 14 9 14 9 14 9 13 10 14 0 0 9 14 11 14 10 13 10 13 10 13 9 13 10 14 10 13 10 13 11 14 12 13 11 12 11 12 11 13 12 13 12 12 13 14 12 13 11 13 12 12 11 13 12 13 13 13 13 12 13 12 12 12 0 0 0 0 0 0 0 0 0 0 ]
426,1782983968.459581,16.8652,-66,CSI_DATA,AP,98:F4:AB:29:67:94,-66,11,1,6,1,1,1,1,0,0,0,-96,1,6,1,66403550,0,84,0,0,66.7883,384,[84 -64 4 0 0 0 0 0 0 0 0 0 4 14 4 15 3 15 3 15 3 15 2 16 1 16 1 16 1 17 0 16 0 17 -1 17 0 17 0 17 -1 17 -2 18 -1 17 -1 16 -1 16 -1 15 -1 16 -2 16 -2 16 -1 17 -2 17 -2 17 0 0 0 17 0 17 0 17 0 17 -1 16 0 16 0 17 0 16 1 17 1 17 1 17 2 17 2 18 2 18 2 17 2 18 2 18 2 17 3 18 3 18 3 17 3 18 4 18 4 18 4 17 4 17 0 0 0 0 0 0 0 0 0 0 ]
427,1782983968.548589,17.2566,-66,CSI_DATA,AP,98:F4:AB:29:67:94,-66,11,1,6,1,1,1,1,0,0,0,-96,1,6,1,66494040,0,84,0,0,66.8786,384,[84 -64 4 0 0 0 0 0 0 0 0 0 -14 8 -16 6 -16 6 -16 6 -16 6 -16 6 -17 5 -16 4 -17 4 -17 4 -18 3 -19 3 -19 3 -18 3 -18 2 -20 2 -18 2 -18 2 -18 2 -18 1 -18 1 -18 1 -18 1 -18 1 -18 1 -17 2 0 0 -18 2 -19 3 -18 2 -18 3 -17 2 -18 3 -18 3 -18 4 -18 5 -18 4 -19 5 -18 4 -18 4 -18 4 -19 5 -19 6 -19 5 -18 5 -18 5 -19 6 -19 6 -18 6 -19 6 -19 6 -19 6 -19 7 0 0 0 0 0 0 0 0 0 0 ]
428,1782983968.638748,17.7928,-66,CSI_DATA,AP,98:F4:AB:29:67:94,-66,11,1,6,1,1,1,1,0,0,0,-96,1,6,1,66588404,0,84,0,0,66.9731,384,[84 -64 4 0 0 0 0 0 0 0 0 0 -4 -16 -3 -16 -3 -17 -4 -17 -3 -17 -1 -17 -2 -17 -1 -18 -1 -18 0 -19 0 -18 1 -19 1 -18 1 -18 1 -18 1 -19 1 -18 1 -18 2 -17 1 -18 2 -17 2 -17 2 -18 2 -17 2 -18 1 -18 0 0 1 -17 0 -19 1 -17 0 -18 1 -17 0 -18 0 -18 -1 -18 0 -19 -2 -20 -1 -19 -1 -19 -1 -19 -1 -19 -1 -20 -2 -19 -2 -21 -2 -20 -2 -20 -3 -20 -1 -20 -3 -20 -2 -20 -3 -20 -3 -20 -3 -19 0 0 0 0 0 0 0 0 0 0 ]
429,1782983968.730046,16.5736,-67,CSI_DATA,AP,98:F4:AB:29:67:94,-67,11,1,7,1,1,1,1,0,0,0,-96,1,6,1,66674050,0,84,0,0,67.0587,384,[84 -64 4 0 0 0 0 0 0 0 0 0 14 -4 13 -4 13 -7 13 -3 15 -2 14 -2 15 -1 15 -1 16 0 16 -1 15 -1 17 0 16 0 16 0 15 1 16 1 16 1 16 1 15 1 16 2 15 2 16 2 15 1 15 1 16 1 16 0 0 0 16 1 16 0 16 0 16 -1 15 0 17 0 16 0 16 -1 16 -1 17 -2 16 -2 16 -1 17 -2 17 -2 18 -3 17 -4 18 -2 17 -2 17 -2 17 -4 16 -2 17 -3 17 -3 17 -5 17 -3 17 -3 0 0 0 0 0 0 0 0 0 0 ]
430,1782983968.819784,17.0797,-66,CSI_DATA,AP,98:F4:AB:29:67:94,-66,11,1,6,1,1,1,1,0,0,0,-96,1,6,1,66769828,0,84,0,0,67.1543,384,[84 -64 4 0 0 0 0 0 0 0 0 0 8 -13 8 -13 9 -14 9 -14 10 -12 10 -12 10 -12 10 -12 12 -12 12 -12 11 -13 12 -13 12 -12 13 -12 13 -11 14 -12 13 -11 13 -11 13 -10 13 -11 13 -11 14 -10 13 -10 13 -11 14 -11 13 -11 0 0 13 -12 13 -11 13 -11 13 -11 13 -12 13 -11 14 -12 13 -13 14 -13 13 -14 12 -14 12 -12 12 -13 12 -13 13 -14 13 -14 13 -14 12 -14 13 -14 13 -14 13 -14 13 -14 12 -14 12 -14 12 -15 12 -16 0 0 0 0 0 0 0 0 0 0 ]
431,1782983968.914300,17.2936,-67,CSI_DATA,AP,98:F4:AB:29:67:94,-67,11,1,7,1,1,1,1,0,0,0,-96,1,6,1,66853450,0,84,0,0,67.2381,384,[84 -64 4 0 0 0 0 0 0 0 0 0 -4 15 -4 14 -5 15 -6 14 -5 15 -6 15 -6 16 -7 15 -7 15 -9 16 -9 16 -9 15 -9 15 -10 15 -9 14 -10 16 -9 15 -10 15 -9 14 -9 14 -9 15 -10 15 -10 14 -10 14 -10 14 -10 16 0 0 -9 15 -10 16 -9 15 -8 17 -9 14 -8 16 -8 16 -8 17 -8 16 -9 17 -8 17 -8 16 -8 16 -7 17 -8 17 -7 18 -8 19 -7 17 -6 18 -6 19 -7 17 -6 18 -6 19 -6 19 -7 18 -6 18 0 0 0 0 0 0 0 0 0 0 ]
432,1782983968.999562,18.9039,-67,CSI_DATA,AP,98:F4:AB:29:67:94,-67,11,1,7,1,1,1,1,0,0,0,-96,1,6,1,66945846,0,84,0,0,67.3305,384,[84 -64 4 0 0 0 0 0 0 0 0 0 -12 11 -11 10 -13 11 -13 10 -14 10 -13 10 -15 10 -15 10 -15 9 -16 9 -17 9 -17 8 -17 8 -16 7 -16 8 -17 8 -16 8 -17 7 -16 8 -16 8 -17 8 -17 8 -17 7 -17 7 -18 7 -16 7 0 0 -16 8 -17 9 -15 8 -16 10 -16 8 -15 9 -16 10 -15 9 -16 11 -17 11 -16 11 -16 10 -16 10 -15 11 -16 12 -15 11 -17 13 -15 12 -15 12 -15 12 -16 12 -15 13 -16 13 -15 14 -16 12 -15 13 0 0 0 0 0 0 0 0 0 0 ]
433,1782983969.089024,18.1642,-66,CSI_DATA,AP,98:F4:AB:29:67:94,-66,11,1,7,1,1,1,1,0,0,0,-96,1,6,1,67034973,0,84,0,0,67.4196,384,[84 -64 4 0 0 0 0 0 0 0 0 0 -8 -14 -8 -13 -7 -14 -7 -15 -7 -15 -6 -16 -6 -16 -5 -16 -5 -16 -5 -16 -5 -17 -4 -17 -4 -17 -5 -17 -4 -17 -4 -18 -3 -17 -4 -17 -3 -17 -3 -17 -3 -17 -3 -17 -3 -16 -3 -17 -3 -17 -4 -17 0 0 -3 -17 -3 -17 -4 -17 -4 -17 -3 -17 -5 -17 -4 -17 -4 -16 -4 -18 -6 -17 -6 -17 -5 -17 -5 -17 -6 -17 -5 -17 -6 -18 -6 -19 -6 -20 -5 -18 -6 -17 -5 -19 -6 -17 -6 -18 -7 -18 -7 -17 -7 -17 0 0 0 0 0 0 0 0 0 0 ]
434,1782983969.178504,18.3993,-66,CSI_DATA,AP,98:F4:AB:29:67:94,-66,11,1,7,1,1,1,1,0,0,0,-96,1,6,1,67125570,0,84,0,0,67.5102,384,[84 -64 4 0 0 0 0 0 0 0 0 0 16 -2 16 0 17 0 17 2 17 1 17 2 18 4 17 3 18 3 18 4 17 4 18 4 18 4 18 5 18 6 18 6 18 5 17 5 17 6 17 6 17 6 17 6 17 5 18 5 18 5 18 5 0 0 18 5 18 5 18 6 17 4 17 5 18 5 19 5 18 5 19 4 19 3 19 2 19 3 19 3 19 3 18 4 20 2 20 3 19 2 20 3 19 2 20 3 20 3 20 2 20 1 19 2 20 1 0 0 0 0 0 0 0 0 0 0 ]
435,1782983969.268256,18.5515,-66,CSI_DATA,AP,98:F4:AB:29:67:94,-66,11,1,7,1,1,1,1,0,0,0,-96,1,6,1,67214503,0,84,0,0,67.5991,384,[84 -64 4 0 0 0 0 0 0 0 0 0 9 15 8 14 8 16 8 16 8 17 7 16 7 17 7 17 7 18 6 18 6 19 5 18 5 19 5 18 5 18 5 19 5 18 5 18 5 17 6 17 5 17 6 18 5 18 5 18 5 18 6 17 0 0 7 18 7 18 7 18 7 17 6 17 7 18 7 18 9 17 8 17 9 17 9 17 8 17 9 18 10 17 10 17 10 17 11 18 11 17 11 17 11 16 11 17 11 15 12 17 12 16 11 16 11 16 0 0 0 0 0 0 0 0 0 0 ]
436,1782983969.357412,18.7168,-66,CSI_DATA,AP,98:F4:AB:29:67:94,-66,11,1,7,1,1,1,1,0,0,0,-96,1,6,1,67305218,0,84,0,0,67.6899,384,[84 -64 4 0 0 0 0 0 0 0 0 0 -15 -8 -14 -8 -15 -9 -15 -9 -15 -9 -13 -10 -14 -11 -13 -12 -15 -12 -13 -12 -14 -12 -14 -14 -13 -14 -13 -13 -12 -12 -14 -14 -13 -12 -14 -13 -17 -11 -13 -13 -12 -13 -13 -12 -12 -13 -13 -12 -13 -13 -13 -13 0 0 -14 -12 -15 -11 -14 -12 -15 -11 -13 -12 -13 -12 -14 -12 -15 -12 -15 -11 -15 -11 -16 -11 -15 -11 -15 -11 -15 -10 -16 -10 -16 -10 -16 -11 -16 -10 -17 -10 -17 -9 -16 -10 -16 -9 -17 -10 -17 -9 -16 -9 -16 -8 0 0 0 0 0 0 0 0 0 0 ]
437,1782983969.447440,18.1735,-66,CSI_DATA,AP,98:F4:AB:29:67:94,-66,11,1,7,1,1,1,1,0,0,1,-96,1,6,1,67397349,0,84,0,0,67.7821,384,[84 -64 4 0 0 0 0 0 0 0 0 0 -1 -16 0 -17 0 -17 0 -17 1 -18 2 -18 2 -18 2 -17 2 -18 4 -17 3 -18 4 -18 4 -18 4 -17 4 -18 4 -19 5 -18 4 -18 5 -17 5 -18 5 -17 5 -18 5 -16 5 -16 4 -17 4 -18 0 0 4 -18 4 -17 3 -17 2 -18 3 -17 3 -17 3 -18 4 -18 3 -18 2 -19 1 -19 1 -18 2 -18 2 -18 1 -18 2 -19 0 -19 1 -19 1 -19 0 -19 1 -18 1 -18 0 -18 0 -19 0 -18 -1 -18 0 0 0 0 0 0 0 0 0 0 ]
438,1782983969.537194,18.3092,-66,CSI_DATA,AP,98:F4:AB:29:67:94,-66,11,1,7,1,1,1,1,0,0,1,-96,1,6,1,67484563,0,84,0,0,67.8691,384,[84 -64 4 0 0 0 0 0 0 0 0 0 -17 0 -16 0 -17 -1 -18 -2 -17 -2 -17 -3 -18 -3 -18 -4 -17 -5 -17 -3 -18 -4 -19 -5 -18 -5 -18 -5 -17 -5 -18 -6 -18 -6 -17 -6 -17 -6 -17 -6 -17 -6 -17 -7 -17 -6 -17 -6 -18 -5 -17 -6 0 0 -18 -5 -17 -6 -18 -5 -17 -5 -16 -5 -17 -5 -17 -5 -17 -4 -18 -4 -17 -3 -18 -2 -19 -3 -19 -3 -19 -3 -18 -3 -19 -2 -18 -3 -19 -2 -19 -3 -18 -3 -19 -2 -19 -2 -19 -1 -19 0 -19 -1 -19 0 0 0 0 0 0 0 0 0 0 0 ]
439,1782983969.626980,18.2429,-66,CSI_DATA,AP,98:F4:AB:29:67:94,-66,11,1,7,1,1,1,1,0,0,1,-96,1,6,1,67574802,0,84,0,0,67.9594,384,[84 -64 4 0 0 0 0 0 0 0 0 0 -17 -7 -17 -8 -18 -8 -17 -8 -18 -9 -16 -10 -17 -10 -16 -11 -18 -11 -16 -12 -17 -13 -16 -13 -16 -13 -17 -13 -16 -13 -16 -14 -14 -12 -15 -14 -15 -13 -15 -13 -15 -13 -16 -13 -15 -13 -14 -14 -15 -14 -15 -13 0 0 -15 -13 -16 -13 -15 -12 -16 -12 -15 -12 -16 -12 -16 -11 -17 -12 -17 -11 -18 -11 -17 -11 -17 -11 -17 -12 -17 -11 -17 -11 -18 -10 -19 -12 -17 -11 -18 -11 -19 -10 -19 -11 -19 -10 -19 -11 -19 -10 -18 -10 -19 -9 0 0 0 0 0 0 0 0 0 0 ]
440,1782983969.715256,18.5722,-66,CSI_DATA,AP,98:F4:AB:29:67:94,-66,11,1,7,1,1,1,1,0,0,1,-96,1,6,1,67663331,0,84,0,0,68.0479,384,[84 -64 4 0 0 0 0 0 0 0 0 0 14 -5 15 -4 16 -5 16 -4 16 -2 16 -3 16 -2 16 -1 17 -2 16 0 17 -1 17 -1 18 -1 17 0 16 0 18 0 17 0 17 0 17 0 17 1 16 0 17 0 16 0 17 0 17 1 17 0 0 0 17 0 16 -2 17 -1 16 -2 16 -1 17 -1 17 -1 17 -2 17 -3 17 -3 17 -4 16 -3 17 -3 17 -4 18 -4 17 -5 18 -4 17 -4 17 -5 17 -5 17 -5 17 -6 18 -5 17 -6 17 -6 17 -6 0 0 0 0 0 0 0 0 0 0 ]
441,1782983969.804407,19.2340,-66,CSI_DATA,AP,98:F4:AB:29:67:94,-66,11,1,7,1,1,1,1,0,0,1,-96,1,6,1,67755277,0,84,0,0,68.1399,384,[84 -64 4 0 0 0 0 0 0 0 0 0 -19 -2 -17 -3 -18 -4 -19 -5 -19 -4 -18 -5 -18 -6 -18 -6 -18 -7 -19 -4 -19 -8 -19 -7 -19 -8 -19 -7 -18 -7 -18 -8 -18 -7 -17 -8 -18 -8 -17 -7 -18 -8 -17 -8 -18 -8 -18 -7 -18 -8 -17 -8 0 0 -18 -6 -19 -6 -19 -6 -18 -6 -18 -6 -19 -6 -19 -6 -19 -6 -19 -5 -20 -3 -20 -4 -19 -4 -21 -4 -20 -4 -21 -3 -21 -3 -21 -4 -21 -3 -22 -3 -20 -2 -21 -2 -21 -2 -20 -3 -21 -1 -21 -1 -21 -2 0 0 0 0 0 0 0 0 0 0 ]
442,1782983969.894073,18.0773,-66,CSI_DATA,AP,98:F4:AB:29:67:94,-66,11,1,7,1,1,1,1,0,0,1,-96,1,6,1,67847568,0,84,0,0,68.2322,384,[84 -64 4 0 0 0 0 0 0 0 0 0 3 -16 5 -16 5 -15 5 -16 6 -15 6 -15 6 -15 7 -15 7 -15 7 -14 8 -15 9 -15 9 -14 8 -15 9 -14 10 -16 9 -15 9 -13 8 -14 9 -14 9 -14 9 -14 9 -14 8 -14 9 -14 8 -15 0 0 9 -14 9 -15 8 -14 8 -15 9 -14 7 -15 9 -15 8 -15 9 -16 7 -16 7 -16 7 -15 7 -16 7 -17 7 -16 8 -18 7 -17 7 -17 8 -16 7 -17 7 -18 6 -17 7 -17 5 -18 6 -17 6 -17 0 0 0 0 0 0 0 0 0 0 ]
443,1782983969.984519,17.1889,-66,CSI_DATA,AP,98:F4:AB:29:67:94,-66,11,1,7,1,1,1,1,0,0,1,-96,1,6,1,67934067,0,84,0,0,68.3187,384,[84 -64 4 0 0 0 0 0 0 0 0 0 -13 11 -12 10 -13 10 -12 9 -15 9 -14 9 -15 9 -15 8 -15 8 -15 7 -15 8 -16 7 -16 8 -16 6 -15 6 -17 8 -16 7 -15 6 -16 6 -16 7 -15 6 -16 6 -16 6 -16 6 -16 6 -16 7 0 0 -15 7 -15 8 -16 8 -16 8 -14 7 -16 7 -15 8 -15 8 -15 9 -16 9 -16 9 -15 9 -15 9 -15 10 -15 11 -15 11 -16 10 -15 10 -15 10 -14 10 -15 10 -14 11 -15 11 -15 12 -15 11 -14 11 0 0 0 0 0 0 0 0 0 0 ]
444,1782983970.073849,17.1702,-67,CSI_DATA,AP,98:F4:AB:29:67:94,-67,11,1,7,1,1,1,1,0,0,1,-96,1,6,1,68025775,0,84,0,0,68.4104,384,[84 -64 4 0 0 0 0 0 0 0 0 0 14 -9 14 -8 16 -9 16 -8 16 -8 16 -7 16 -6 17 -6 17 -7 18 -5 18 -5 18 -5 18 -5 17 -5 16 -5 19 -5 17 -4 17 -5 17 -5 17 -5 17 -4 18 -4 18 -4 17 -4 17 -4 18 -5 0 0 17 -5 18 -6 17 -7 18 -7 16 -5 17 -6 18 -6 17 -7 17 -7 17 -8 16 -9 17 -8 16 -8 16 -8 17 -9 16 -9 18 -9 16 -10 17 -9 17 -10 16 -9 16 -11 17 -10 17 -11 16 -10 16 -11 0 0 0 0 0 0 0 0 0 0 ]
445,1782983970.164719,16.9584,-67,CSI_DATA,AP,98:F4:AB:29:67:94,-67,11,1,7,1,1,1,1,0,0,1,-96,1,6,1,68113327,0,84,0,0,68.4979,384,[84 -64 4 0 0 0 0 0 0 0 0 0 7 14 7 14 6 16 5 16 5 16 5 17 5 17 4 17 4 17 4 16 5 17 4 17 4 18 4 17 4 18 3 18 2 18 2 17 2 18 3 17 2 18 2 17 3 18 3 16 3 17 3 17 0 0 3 18 4 18 3 18 3 17 3 17 4 18 4 18 4 17 4 18 5 17 6 17 6 18 6 18 7 18 5 17 6 19 6 18 7 18 6 18 7 18 6 18 7 18 7 18 7 17 7 18 7 17 0 0 0 0 0 0 0 0 0 0 ]
446,1782983970.254556,16.8474,-66,CSI_DATA,AP,98:F4:AB:29:67:94,-66,11,1,7,1,1,1,1,0,0,1,-96,1,6,1,68203300,0,84,0,0,68.5878,384,[84 -64 4 0 0 0 0 0 0 0 0 0 -18 -3 -18 -3 -18 -5 -18 -6 -18 -5 -19 -6 -18 -7 -18 -7 -18 -7 -18 -8 -19 -8 -19 -9 -18 -9 -18 -8 -18 -9 -19 -10 -18 -10 -18 -9 -18 -9 -16 -9 -17 -10 -17 -10 -17 -10 -16 -10 -18 -9 -18 -9 0 0 -17 -8 -17 -9 -18 -9 -18 -8 -17 -8 -18 -9 -18 -9 -18 -8 -18 -8 -19 -6 -19 -7 -19 -7 -19 -6 -19 -7 -19 -7 -20 -6 -20 -6 -20 -5 -19 -6 -21 -5 -20 -6 -20 -6 -20 -6 -20 -5 -19 -4 -19 -6 0 0 0 0 0 0 0 0 0 0 ]
447,1782983970.341979,17.0021,-66,CSI_DATA,AP,98:F4:AB:29:67:94,-66,11,1,7,1,1,1,1,0,0,1,-96,1,6,1,68295185,0,84,0,0,68.6798,384,[84 -64 4 0 0 0 0 0 0 0 0 0 10 -13 10 -13 11 -13 11 -13 11 -12 12 -12 13 -12 13 -12 13 -11 14 -12 15 -12 15 -12 15 -10 15 -10 14 -10 15 -10 14 -10 15 -10 15 -10 14 -10 14 -9 15 -9 14 -10 14 -9 15 -9 15 -10 0 0 14 -10 14 -10 14 -11 13 -11 13 -10 14 -11 14 -11 13 -11 13 -11 13 -12 13 -13 13 -11 13 -12 13 -12 13 -13 13 -13 14 -13 13 -12 13 -13 13 -13 13 -13 13 -13 13 -13 13 -14 12 -13 12 -13 0 0 0 0 0 0 0 0 0 0 ]
448,1782983970.436916,17.6463,-66,CSI_DATA,AP,98:F4:AB:29:67:94,-66,11,1,7,1,1,1,1,0,0,1,-96,1,6,1,68386224,0,84,0,0,68.7708,384,[84 -64 4 0 0 0 0 0 0 0 0 0 4 -16 4 -16 5 -17 5 -16 6 -16 6 -17 6 -16 6 -16 7 -16 7 -16 9 -16 8 -16 8 -16 8 -16 8 -16 8 -17 8 -16 8 -16 8 -15 7 -15 8 -16 8 -15 8 -15 8 -15 8 -16 8 -16 0 0 7 -16 7 -16 7 -17 7 -17 6 -15 6 -16 6 -16 6 -17 5 -17 5 -17 5 -17 5 -16 5 -17 4 -17 4 -18 4 -18 5 -19 4 -19 3 -19 3 -18 4 -18 2 -18 4 -18 2 -19 3 -18 3 -19 0 0 0 0 0 0 0 0 0 0 ]
449,1782983970.525679,17.5247,-66,CSI_DATA,AP,98:F4:AB:29:67:94,-66,11,1,7,1,1,1,1,0,0,1,-96,1,6,1,68474227,0,84,0,0,68.8589,384,[84 -64 4 0 0 0 0 0 0 0 0 0 6 15 5 15 5 15 4 16 5 16 3 16 3 16 3 16 3 17 3 17 3 17 2 17 2 18 2 17 0 17 1 18 1 17 1 17 0 16 0 16 -1 16 1 16 0 17 1 16 1 17 1 17 0 0 1 17 2 17 1 16 2 16 1 16 2 16 3 17 2 17 3 17 3 17 4 17 3 16 3 17 4 17 4 17 5 17 4 18 5 17 4 18 4 17 5 17 5 17 4 18 6 17 5 17 6 17 0 0 0 0 0 0 0 0 0 0 ]
450,1782983970.614875,18.0151,-66,CSI_DATA,AP,98:F4:AB:29:67:94,-66,11,1,7,1,1,1,1,0,0,1,-96,1,6,1,68566917,0,84,0,0,68.9515,384,[84 -64 4 0 0 0 0 0 0 0 0 0 -12 11 -13 10 -14 11 -14 10 -14 11 -14 9 -15 9 -15 8 -15 8 -16 8 -16 8 -16 8 -16 7 -16 7 -15 7 -18 7 -17 7 -16 7 -16 6 -16 7 -16 6 -16 6 -16 6 -16 6 -17 6 -16 6 0 0 -16 6 -17 6 -16 7 -16 7 -15 6 -16 7 -16 7 -16 7 -16 9 -15 8 -16 9 -15 8 -16 8 -16 9 -16 8 -17 9 -16 9 -16 9 -16 10 -16 9 -15 9 -16 9 -16 9 -16 10 -16 9 -16 9 0 0 0 0 0 0 0 0 0 0 ]
451,1782983970.703954,19.3788,-65,CSI_DATA,AP,98:F4:AB:29:67:94,-65,11,1,6,1,1,1,1,0,0,0,-96,1,6,1,68655992,0,84,0,0,69.0406,384,[84 -64 4 0 0 0 0 0 0 0 0 0 -13 12 -14 11 -15 11 -15 11 -15 11 -15 9 -16 9 -17 10 -16 10 -17 8 -17 8 -18 8 -18 7 -18 7 -18 7 -20 8 -18 7 -18 7 -17 7 -17 7 -18 7 -18 7 -17 6 -17 6 -19 6 -17 7 0 0 -18 7 -18 8 -17 8 -18 9 -17 8 -17 9 -17 9 -17 9 -17 9 -18 9 -18 9 -17 9 -17 9 -17 10 -17 10 -17 11 -18 10 -17 11 -17 11 -17 12 -17 11 -16 11 -18 11 -17 11 -17 11 -17 11 0 0 0 0 0 0 0 0 0 0 ]
452,1782983970.793408,17.7139,-66,CSI_DATA,AP,98:F4:AB:29:67:94,-66,11,1,7,1,1,1,1,0,0,1,-96,1,6,1,68743473,0,84,0,0,69.1281,384,[84 -64 4 0 0 0 0 0 0 0 0 0 -6 14 -6 13 -8 14 -8 13 -9 14 -9 12 -9 14 -11 12 -10 13 -11 13 -11 13 -12 13 -11 13 -12 12 -12 11 -12 13 -11 12 -12 12 -11 11 -12 12 -13 11 -12 11 -12 11 -12 11 -12 11 -12 12 0 0 -12 12 -12 14 -11 12 -12 13 -11 11 -11 12 -11 12 -12 12 -11 13 -12 13 -11 14 -11 13 -11 13 -11 13 -11 14 -10 14 -10 15 -10 14 -11 15 -11 14 -11 14 -10 14 -11 15 -10 15 -11 14 -10 15 0 0 0 0 0 0 0 0 0 0 ]
453,1782983970.883612,18.0988,-66,CSI_DATA,AP,98:F4:AB:29:67:94,-66,11,1,7,1,1,1,1,0,0,1,-96,1,6,1,68834919,0,84,0,0,69.2196,384,[84 -64 4 0 0 0 0 0 0 0 0 0 -2 -16 -1 -17 -1 -17 0 -17 0 -16 1 -18 2 -18 2 -17 2 -18 3 -17 2 -18 3 -18 3 -18 3 -17 4 -17 3 -18 4 -18 4 -17 4 -17 4 -17 4 -17 4 -17 5 -16 4 -17 4 -18 4 -17 0 0 3 -18 3 -17 3 -17 3 -18 3 -17 3 -18 3 -18 3 -18 2 -19 1 -18 1 -19 1 -18 1 -18 1 -18 1 -19 0 -20 1 -19 1 -20 1 -20 1 -19 1 -18 1 -18 1 -19 0 -19 0 -19 0 -19 0 0 0 0 0 0 0 0 0 0 ]
454,1782983970.972740,18.3228,-66,CSI_DATA,AP,98:F4:AB:29:67:94,-66,11,1,7,1,1,1,1,0,0,0,-96,1,6,1,68931032,0,84,0,0,69.3156,384,[84 -64 4 0 0 0 0 0 0 0 0 0 6 -15 7 -15 7 -15 8 -15 9 -14 9 -14 10 -14 9 -14 10 -14 11 -14 11 -14 10 -14 11 -14 11 -14 11 -14 11 -14 11 -14 11 -13 11 -13 11 -13 11 -13 11 -13 11 -13 11 -13 12 -14 10 -13 0 0 10 -14 11 -14 11 -14 10 -14 10 -13 10 -14 10 -14 10 -15 9 -15 9 -16 9 -16 9 -15 9 -16 9 -16 9 -17 9 -16 9 -16 8 -17 9 -16 8 -17 7 -17 8 -16 9 -16 7 -17 8 -16 7 -17 0 0 0 0 0 0 0 0 0 0 ]
455,1782983971.061638,17.8376,-66,CSI_DATA,AP,98:F4:AB:29:67:94,-66,11,1,7,1,1,1,1,0,0,0,-96,1,6,1,69018320,0,84,0,0,69.4028,384,[84 -64 4 0 0 0 0 0 0 0 0 0 10 -13 10 -13 11 -13 11 -13 12 -13 12 -12 13 -12 13 -12 12 -12 14 -11 14 -11 14 -11 14 -11 14 -11 14 -11 15 -12 14 -10 14 -11 14 -10 14 -10 14 -9 14 -9 14 -10 15 -10 15 -9 14 -11 0 0 14 -10 14 -11 14 -10 14 -12 13 -11 14 -11 14 -11 13 -11 14 -12 13 -13 13 -13 13 -12 13 -12 13 -12 14 -13 13 -13 15 -14 14 -13 13 -13 13 -14 13 -14 13 -14 14 -14 13 -15 14 -13 13 -13 0 0 0 0 0 0 0 0 0 0 ]
456,1782983971.151027,17.6359,-66,CSI_DATA,AP,98:F4:AB:29:67:94,-66,11,1,7,1,1,1,1,0,0,0,-96,1,6,1,69105336,0,84,0,0,69.49,384,[84 -64 4 0 0 0 0 0 0 0 0 0 9 -15 8 -13 8 -14 10 -14 10 -15 11 -14 11 -14 11 -14 11 -14 12 -13 13 -14 12 -13 13 -12 12 -12 11 -12 13 -12 13 -13 12 -12 12 -12 12 -12 13 -12 12 -13 13 -12 13 -12 13 -12 13 -13 0 0 13 -14 13 -13 12 -13 12 -14 12 -13 11 -14 12 -14 12 -14 12 -15 12 -15 11 -16 12 -14 11 -15 11 -15 11 -16 11 -16 12 -16 11 -16 12 -16 10 -17 11 -15 11 -17 11 -16 11 -17 11 -16 11 -16 0 0 0 0 0 0 0 0 0 0 ]
457,1782983971.240075,16.8837,-66,CSI_DATA,AP,98:F4:AB:29:67:94,-66,11,1,7,1,1,1,1,0,0,0,-96,1,6,1,69193648,0,84,0,0,69.5782,384,[84 -64 4 0 0 0 0 0 0 0 0 0 -11 10 -12 9 -13 10 -12 9 -13 8 -13 9 -13 9 -13 8 -14 7 -14 7 -15 8 -15 8 -15 7 -15 7 -14 7 -15 7 -15 7 -15 7 -15 6 -15 7 -15 6 -15 7 -14 7 -14 7 -15 7 -14 7 0 0 -15 7 -14 8 -14 8 -14 8 -14 8 -15 8 -15 9 -14 9 -14 9 -14 10 -14 10 -14 10 -14 10 -14 10 -14 10 -14 11 -15 11 -14 11 -15 11 -14 11 -12 10 -13 11 -14 11 -14 12 -13 12 -14 12 0 0 0 0 0 0 0 0 0 0 ]
458,1782983971.329435,17.0863,-66,CSI_DATA,AP,98:F4:AB:29:67:94,-66,11,1,7,1,1,1,1,0,0,0,-96,1,6,1,69284205,0,84,0,0,69.6688,384,[84 -64 4 0 0 0 0 0 0 0 0 0 14 7 13 8 14 9 14 9 15 10 13 10 13 11 12 10 13 11 12 12 13 11 13 12 13 12 12 12 11 12 12 13 11 12 11 12 11 12 11 13 11 13 11 13 11 12 11 12 12 13 12 11 0 0 11 13 12 13 12 13 11 12 11 12 11 12 12 13 12 12 12 13 13 11 14 12 13 12 13 12 14 12 13 12 14 12 14 12 14 12 14 12 14 12 14 12 14 12 14 12 15 10 14 11 14 11 0 0 0 0 0 0 0 0 0 0 ]
459,1782983971.418552,16.0003,-66,CSI_DATA,AP,98:F4:AB:29:67:94,-66,11,1,7,1,1,1,1,0,0,1,-96,1,6,1,69373378,0,84,0,0,69.758,384,[84 -64 4 0 0 0 0 0 0 0 0 0 6 -13 5 -14 7 -14 7 -13 8 -14 8 -13 8 -13 9 -12 9 -13 10 -12 10 -13 11 -12 11 -12 10 -11 10 -11 11 -13 10 -11 11 -12 10 -11 10 -11 10 -12 11 -12 10 -11 10 -11 11 -11 10 -11 0 0 10 -11 11 -13 10 -12 10 -13 10 -12 10 -13 10 -13 9 -13 9 -14 9 -14 9 -14 10 -12 10 -13 9 -14 9 -15 9 -15 10 -14 9 -14 9 -14 9 -15 10 -14 9 -14 11 -15 10 -15 9 -14 9 -14 0 0 0 0 0 0 0 0 0 0 ]
460,1782983971.509050,16.6995,-66,CSI_DATA,AP,98:F4:AB:29:67:94,-66,11,1,7,1,1,1,1,0,0,1,-96,1,6,1,69463688,0,84,0,0,69.8483,384,[84 -64 4 0 0 0 0 0 0 0 0 0 16 3 16 2 16 4 15 5 17 5 15 5 16 7 15 7 16 7 15 8 16 8 16 8 16 8 15 8 14 7 16 9 14 9 15 8 14 8 14 8 14 9 14 9 15 8 14 9 15 9 14 8 0 0 15 8 15 8 14 7 15 8 14 7 15 8 16 8 15 7 16 8 16 7 16 7 15 7 16 7 16 7 17 7 16 6 17 7 17 6 17 6 16 5 16 7 17 6 18 7 18 6 17 6 17 5 0 0 0 0 0 0 0 0 0 0 ]
461,1782983971.599421,17.2353,-66,CSI_DATA,AP,98:F4:AB:29:67:94,-66,11,1,7,1,1,1,1,0,0,1,-96,1,6,1,69558219,0,84,0,0,69.9428,384,[84 -64 4 0 0 0 0 0 0 0 0 0 16 3 17 4 16 5 16 5 16 6 15 6 16 7 15 7 15 7 16 9 16 8 16 8 16 9 15 9 15 9 15 10 15 10 14 9 14 9 15 9 14 9 14 9 14 9 15 9 15 9 15 9 0 0 15 8 16 8 16 9 16 8 15 8 15 8 16 8 16 8 16 7 16 7 17 7 17 7 18 7 17 7 17 7 18 7 18 7 18 6 18 6 18 5 18 7 18 6 18 6 18 5 18 6 19 6 0 0 0 0 0 0 0 0 0 0 ]
462,1782983971.693251,17.1972,-66,CSI_DATA,AP,98:F4:AB:29:67:94,-66,11,1,7,1,1,1,1,0,0,1,-96,1,6,1,69643320,0,84,0,0,70.0279,384,[84 -64 4 0 0 0 0 0 0 0 0 0 13 -6 13 -5 14 -6 14 -5 13 -5 14 -4 14 -4 14 -3 15 -3 14 -3 15 -3 14 -3 15 -2 15 -2 14 -2 15 -2 15 -1 14 -2 15 -1 14 -2 15 -1 15 -1 14 -1 15 -2 15 -1 15 -3 0 0 15 -2 14 -2 15 -2 14 -3 15 -2 15 -3 15 -3 15 -3 16 -4 14 -4 15 -5 14 -4 14 -5 16 -5 15 -5 16 -5 15 -5 15 -6 15 -5 15 -5 16 -5 16 -5 15 -6 16 -7 15 -6 15 -6 0 0 0 0 0 0 0 0 0 0 ]
463,1782983971.776229,16.4589,-67,CSI_DATA,AP,98:F4:AB:29:67:94,-67,11,1,7,1,1,1,1,0,0,0,-96,1,6,1,69738640,0,84,0,0,70.1232,384,[84 -64 4 0 0 0 0 0 0 0 0 0 12 -7 12 -7 14 -7 14 -6 14 -6 15 -6 14 -6 14 -5 15 -5 15 -5 16 -4 16 -4 15 -4 15 -3 15 -3 16 -4 15 -3 15 -4 14 -3 14 -3 15 -4 14 -3 15 -4 15 -4 15 -3 15 -4 0 0 15 -4 16 -5 14 -5 15 -6 14 -5 15 -6 14 -6 14 -6 14 -7 15 -7 15 -7 14 -7 15 -6 15 -8 14 -8 15 -9 15 -9 15 -9 14 -9 14 -10 15 -9 15 -9 15 -9 15 -10 14 -9 15 -9 0 0 0 0 0 0 0 0 0 0 ]
464,1782983971.865637,16.7401,-67,CSI_DATA,AP,98:F4:AB:29:67:94,-67,11,1,7,1,1,1,1,0,0,1,-96,1,6,1,69825765,0,84,0,0,70.2104,384,[84 -64 4 0 0 0 0 0 0 0 0 0 6 -16 6 -16 7 -16 8 -16 7 -15 8 -15 8 -15 10 -14 10 -16 10 -15 10 -15 10 -15 12 -14 10 -14 10 -14 11 -14 11 -13 11 -13 10 -13 10 -12 11 -13 11 -13 10 -13 10 -13 11 -13 10 -14 0 0 10 -14 9 -14 9 -14 10 -14 9 -13 9 -14 9 -15 9 -14 9 -16 9 -16 8 -16 8 -15 8 -15 8 -16 9 -16 8 -16 9 -16 8 -17 8 -16 8 -17 8 -17 8 -17 9 -17 8 -17 8 -17 8 -18 0 0 0 0 0 0 0 0 0 0 ]
465,1782983971.954394,17.1149,-67,CSI_DATA,AP,98:F4:AB:29:67:94,-67,11,1,7,1,1,1,1,0,0,1,-96,1,6,1,69915233,0,84,0,0,70.2998,384,[84 -64 4 0 0 0 0 0 0 0 0 0 3 -16 4 -16 5 -17 5 -17 6 -16 6 -16 6 -15 7 -15 8 -16 8 -16 8 -16 9 -16 8 -16 8 -16 9 -15 9 -16 9 -14 9 -14 8 -14 10 -14 10 -13 9 -14 9 -14 8 -14 9 -15 9 -15 0 0 9 -15 9 -15 8 -15 8 -16 8 -15 8 -15 8 -15 8 -15 8 -16 7 -16 6 -16 8 -16 9 -16 8 -16 7 -17 7 -18 8 -17 7 -17 8 -17 6 -18 8 -18 6 -17 7 -17 6 -18 6 -18 6 -18 0 0 0 0 0 0 0 0 0 0 ]
466,1782983972.042590,17.2619,-67,CSI_DATA,AP,98:F4:AB:29:67:94,-67,11,1,7,1,1,1,1,0,0,1,-96,1,6,1,70004425,0,84,0,0,70.3891,384,[84 -64 4 0 0 0 0 0 0 0 0 0 -16 -5 -16 -6 -16 -7 -16 -8 -15 -8 -15 -8 -14 -9 -15 -9 -14 -10 -15 -10 -15 -9 -15 -10 -15 -10 -15 -11 -14 -11 -14 -11 -14 -11 -13 -11 -14 -11 -13 -11 -13 -11 -12 -12 -13 -11 -13 -10 -14 -10 -14 -10 0 0 -14 -10 -15 -10 -14 -10 -14 -9 -14 -10 -14 -10 -14 -9 -15 -9 -15 -10 -16 -9 -16 -8 -16 -8 -17 -9 -16 -9 -16 -9 -16 -8 -17 -9 -17 -9 -16 -9 -17 -9 -17 -9 -17 -9 -17 -8 -18 -7 -18 -6 -18 -7 0 0 0 0 0 0 0 0 0 0 ]
467,1782983972.133363,16.2581,-67,CSI_DATA,AP,98:F4:AB:29:67:94,-67,11,1,7,1,1,1,1,0,0,0,-96,1,6,1,70095210,0,84,0,0,70.4798,384,[84 -64 4 0 0 0 0 0 0 0 0 0 9 14 9 13 9 13 8 14 9 14 8 14 8 15 8 14 8 15 6 16 6 16 6 16 6 16 5 16 5 15 5 17 5 16 6 16 6 15 5 15 6 15 5 15 5 15 4 16 4 15 5 15 0 0 6 14 7 16 7 14 7 15 6 15 7 15 7 15 7 14 8 15 8 16 8 15 9 15 8 15 8 15 9 15 10 14 10 16 9 14 10 15 10 14 9 14 10 15 10 15 9 15 9 14 10 14 0 0 0 0 0 0 0 0 0 0 ]
468,1782983972.221999,16.6119,-67,CSI_DATA,AP,98:F4:AB:29:67:94,-67,11,1,7,1,1,1,1,0,0,0,-96,1,6,1,70187734,0,84,0,0,70.5724,384,[84 -64 4 0 0 0 0 0 0 0 0 0 -9 14 -9 13 -10 14 -11 13 -11 13 -12 12 -11 12 -12 12 -12 12 -13 11 -13 12 -13 12 -13 11 -14 11 -13 10 -14 11 -13 11 -13 10 -13 10 -13 11 -13 10 -13 11 -13 10 -13 10 -13 11 -13 12 0 0 -13 12 -12 12 -12 12 -12 13 -12 11 -11 12 -12 12 -12 12 -12 13 -12 14 -11 14 -10 13 -11 14 -10 14 -10 14 -10 15 -11 14 -11 15 -11 15 -10 15 -11 15 -10 15 -10 15 -10 16 -10 16 -10 16 0 0 0 0 0 0 0 0 0 0 ]
469,1782983972.312064,15.9475,-67,CSI_DATA,AP,98:F4:AB:29:67:94,-67,11,1,7,1,1,1,1,0,0,0,-96,1,6,1,70275156,0,84,0,0,70.6598,384,[84 -64 4 0 0 0 0 0 0 0 0 0 1 -16 1 -16 3 -16 2 -16 2 -16 3 -15 4 -15 4 -15 4 -16 5 -14 5 -16 5 -15 5 -15 5 -15 5 -15 6 -16 6 -15 6 -14 6 -14 6 -15 6 -14 5 -14 6 -14 6 -14 5 -15 5 -16 0 0 5 -15 5 -15 5 -15 5 -15 5 -15 5 -15 3 -16 4 -15 3 -16 2 -16 3 -16 2 -16 3 -16 3 -16 3 -16 2 -17 2 -17 2 -17 2 -17 1 -17 1 -17 2 -17 1 -17 1 -17 1 -17 1 -17 0 0 0 0 0 0 0 0 0 0 ]
470,1782983972.400685,17.2561,-66,CSI_DATA,AP,98:F4:AB:29:67:94,-66,11,1,6,1,1,1,1,0,0,0,-96,1,6,1,70377197,0,84,0,0,70.7618,384,[84 -64 4 0 0 0 0 0 0 0 0 0 4 18 3 18 1 17 1 19 2 18 0 19 -1 19 -2 19 -1 19 -2 19 -2 20 -1 20 -2 20 -1 18 -3 19 -3 19 -3 19 -2 18 -2 18 -4 19 -3 18 -3 17 -3 18 -2 18 -2 18 -2 19 0 0 -2 19 -1 19 -1 18 -1 19 -1 18 0 18 0 18 0 18 -1 19 1 19 1 19 1 18 1 19 2 19 2 19 2 21 2 20 2 20 2 20 3 20 2 20 3 20 3 19 4 20 3 19 4 20 0 0 0 0 0 0 0 0 0 0 ]
471,1782983972.491171,17.8197,-67,CSI_DATA,AP,98:F4:AB:29:67:94,-67,11,1,7,1,1,1,1,0,0,0,-96,1,6,1,70453240,0,84,0,0,70.8377,384,[84 -64 4 0 0 0 0 0 0 0 0 0 -17 -3 -15 -3 -18 -4 -18 -4 -19 -4 -17 -5 -17 -5 -17 -5 -18 -5 -17 -7 -17 -7 -18 -8 -17 -8 -16 -8 -16 -7 -18 -8 -15 -8 -16 -8 -14 -8 -17 -8 -16 -8 -16 -7 -16 -9 -15 -9 -16 -8 -16 -8 0 0 -16 -7 -17 -7 -16 -6 -18 -6 -15 -7 -17 -7 -17 -6 -17 -5 -17 -6 -17 -4 -19 -6 -18 -5 -18 -5 -17 -5 -19 -5 -18 -5 -20 -5 -18 -4 -18 -3 -18 -3 -18 -4 -18 -3 -18 -4 -20 -4 -18 -5 -19 -4 0 0 0 0 0 0 0 0 0 0 ]
472,1782983972.580420,17.6809,-67,CSI_DATA,AP,98:F4:AB:29:67:94,-67,11,1,7,1,1,1,1,0,0,0,-96,1,6,1,70543515,0,84,0,0,70.9281,384,[84 -64 4 0 0 0 0 0 0 0 0 0 6 -16 6 -16 7 -16 7 -16 8 -16 8 -15 9 -17 9 -15 10 -16 10 -15 10 -16 11 -15 10 -15 11 -15 10 -14 10 -15 10 -14 10 -14 10 -14 10 -13 10 -13 10 -15 10 -14 10 -14 10 -14 10 -15 0 0 9 -15 9 -15 8 -14 8 -15 8 -14 8 -16 8 -15 7 -15 7 -16 7 -16 6 -17 6 -16 6 -16 6 -17 6 -17 5 -18 6 -17 5 -18 6 -18 4 -17 5 -17 5 -18 5 -18 4 -19 4 -18 4 -18 0 0 0 0 0 0 0 0 0 0 ]
473,1782983972.668719,18.8361,-66,CSI_DATA,AP,98:F4:AB:29:67:94,-66,11,1,6,1,1,1,1,0,0,0,-96,1,6,1,70635666,0,84,0,0,71.0203,384,[84 -64 4 0 0 0 0 0 0 0 0 0 -19 -2 -19 -4 -20 -4 -19 -5 -20 -6 -20 -6 -19 -7 -19 -7 -18 -7 -18 -8 -19 -8 -18 -8 -19 -8 -19 -8 -18 -8 -19 -9 -18 -9 -17 -9 -18 -9 -16 -9 -17 -10 -17 -9 -17 -8 -17 -8 -18 -8 -18 -8 0 0 -18 -8 -18 -8 -18 -7 -19 -7 -17 -7 -18 -8 -18 -7 -19 -6 -18 -6 -19 -6 -20 -5 -19 -5 -20 -4 -20 -4 -20 -4 -20 -3 -21 -4 -20 -3 -21 -4 -21 -4 -20 -4 -20 -4 -20 -3 -22 -3 -21 -3 -20 -2 0 0 0 0 0 0 0 0 0 0 ]
474,1782983972.758161,18.8226,-66,CSI_DATA,AP,98:F4:AB:29:67:94,-66,11,1,6,1,1,1,1,0,0,0,-96,1,6,1,70724803,0,84,0,0,71.1094,384,[84 -64 4 0 0 0 0 0 0 0 0 0 -15 -10 -15 -10 -15 -10 -14 -11 -14 -12 -13 -11 -13 -11 -13 -11 -12 -13 -12 -12 -13 -13 -13 -14 -12 -14 -12 -14 -11 -13 -12 -15 -11 -15 -11 -14 -10 -14 -10 -13 -10 -14 -11 -14 -11 -13 -10 -14 -11 -14 -12 -13 0 0 -12 -14 -11 -13 -12 -13 -12 -12 -11 -12 -12 -12 -12 -13 -13 -13 -13 -13 -13 -12 -13 -13 -13 -12 -13 -12 -13 -13 -14 -12 -14 -12 -14 -13 -14 -12 -14 -13 -15 -12 -14 -12 -15 -12 -14 -12 -15 -12 -15 -12 -15 -11 0 0 0 0 0 0 0 0 0 0 ]
475,1782983972.850952,17.3714,-66,CSI_DATA,AP,98:F4:AB:29:67:94,-66,11,1,6,1,1,1,1,0,0,0,-96,1,6,1,70815564,0,84,0,0,71.2002,384,[84 -64 4 0 0 0 0 0 0 0 0 0 15 5 14 5 16 6 15 6 15 6 15 7 15 7 15 8 15 8 15 9 15 8 14 10 14 10 14 10 14 9 15 10 14 9 14 9 13 9 14 8 14 10 14 9 13 9 13 9 13 9 14 9 0 0 15 7 15 8 15 7 15 7 14 8 15 6 15 7 15 6 15 5 16 6 16 6 15 6 16 6 16 5 16 5 17 4 18 4 17 4 17 4 17 3 17 3 18 3 18 4 18 3 17 4 18 3 0 0 0 0 0 0 0 0 0 0 ]
476,1782983972.940325,16.7147,-66,CSI_DATA,AP,98:F4:AB:29:67:94,-66,11,1,6,1,1,1,1,0,0,0,-96,1,6,1,70904568,0,84,0,0,71.2892,384,[84 -64 4 0 0 0 0 0 0 0 0 0 -13 10 -13 10 -14 10 -15 10 -15 8 -15 8 -15 8 -17 8 -16 8 -16 7 -16 7 -16 6 -17 6 -18 6 -16 6 -18 6 -16 5 -16 5 -17 5 -16 5 -16 5 -16 6 -16 4 -16 5 -16 5 -16 5 0 0 -16 5 -16 6 -16 6 -17 6 -16 6 -16 6 -16 6 -15 6 -15 7 -16 7 -16 7 -16 7 -17 7 -16 8 -16 8 -15 9 -17 8 -16 9 -16 8 -16 9 -16 8 -16 9 -16 9 -16 9 -16 9 -16 10 0 0 0 0 0 0 0 0 0 0 ]
477,1782983973.034677,15.7424,-67,CSI_DATA,AP,98:F4:AB:29:67:94,-67,11,1,7,1,1,1,1,0,0,0,-96,1,6,1,70995884,0,84,0,0,71.3805,384,[84 -64 4 0 0 0 0 0 0 0 0 0 -6 -14 -5 -15 -5 -15 -4 -15 -4 -16 -3 -15 -2 -16 -2 -16 -2 -16 -1 -16 -2 -17 -1 -17 -1 -16 -1 -16 -1 -16 -1 -17 -1 -16 0 -16 1 -15 0 -15 1 -16 -1 -16 0 -16 0 -16 0 -16 0 -15 0 0 0 -16 -1 -16 -1 -16 -1 -16 -1 -15 -1 -15 -1 -16 -2 -15 -2 -16 -3 -16 -3 -17 -2 -16 -2 -16 -2 -16 -4 -16 -4 -16 -2 -18 -4 -16 -3 -17 -3 -17 -3 -16 -4 -16 -3 -17 -4 -17 -3 -17 -5 -16 0 0 0 0 0 0 0 0 0 0 ]
478,1782983973.130787,16.0220,-67,CSI_DATA,AP,98:F4:AB:29:67:94,-67,11,1,7,1,1,1,1,0,0,0,-96,1,6,1,71083784,0,84,0,0,71.4684,384,[84 -64 4 0 0 0 0 0 0 0 0 0 7 -16 8 -15 8 -16 9 -15 10 -14 9 -13 10 -14 11 -14 11 -14 12 -13 12 -13 12 -13 13 -13 12 -13 12 -13 13 -13 12 -12 12 -12 12 -12 11 -12 12 -12 11 -12 11 -12 12 -12 12 -12 12 -12 0 0 11 -13 11 -13 10 -14 10 -14 10 -13 11 -14 10 -14 9 -14 9 -15 9 -15 8 -16 9 -15 9 -15 9 -15 9 -15 9 -16 9 -16 9 -17 8 -17 8 -16 9 -16 8 -17 8 -16 7 -18 7 -16 8 -17 0 0 0 0 0 0 0 0 0 0 ]
479,1782983973.224534,17.0403,-67,CSI_DATA,AP,98:F4:AB:29:67:94,-67,11,1,7,1,1,1,1,0,0,0,-96,1,6,1,71182882,0,84,0,0,71.5675,384,[84 -64 4 0 0 0 0 0 0 0 0 0 -9 -14 -9 -15 -8 -16 -7 -16 -8 -17 -6 -16 -6 -17 -6 -17 -5 -17 -5 -18 -6 -19 -5 -17 -5 -18 -5 -18 -4 -17 -5 -19 -4 -17 -4 -17 -4 -17 -3 -17 -3 -17 -5 -17 -3 -17 -3 -17 -4 -18 -4 -18 0 0 -4 -17 -4 -17 -4 -17 -6 -17 -5 -17 -4 -18 -6 -17 -6 -17 -6 -17 -7 -17 -8 -17 -7 -16 -8 -17 -7 -17 -7 -17 -8 -17 -8 -17 -8 -17 -8 -17 -9 -17 -8 -17 -8 -17 -8 -17 -10 -18 -9 -16 -9 -16 0 0 0 0 0 0 0 0 0 0 ]
480,1782983973.316427,18.4156,-67,CSI_DATA,AP,98:F4:AB:29:67:94,-67,11,1,7,1,1,1,1,0,0,0,-96,1,6,1,71263790,0,84,0,0,71.6483,384,[84 -64 4 0 0 0 0 0 0 0 0 0 -16 -3 -16 -3 -18 -3 -17 -5 -18 -5 -17 -5 -17 -7 -16 -6 -17 -7 -17 -8 -17 -8 -17 -9 -16 -9 -17 -8 -15 -9 -18 -10 -16 -8 -15 -10 -14 -9 -16 -9 -15 -10 -15 -10 -15 -10 -15 -9 -16 -10 -16 -10 0 0 -14 -9 -16 -10 -15 -9 -16 -9 -15 -9 -16 -10 -16 -9 -15 -9 -16 -8 -17 -9 -17 -8 -17 -8 -17 -9 -16 -7 -18 -8 -17 -7 -17 -8 -18 -8 -17 -8 -18 -8 -16 -8 -18 -8 -19 -7 -18 -7 -17 -8 -18 -7 0 0 0 0 0 0 0 0 0 0 ]
481,1782983973.407978,18.3255,-67,CSI_DATA,AP,98:F4:AB:29:67:94,-67,11,1,7,1,1,1,1,0,0,0,-96,1,6,1,71353849,0,84,0,0,71.7385,384,[84 -64 4 0 0 0 0 0 0 0 0 0 -10 13 -11 13 -12 12 -12 12 -12 13 -13 11 -13 11 -14 11 -14 12 -15 11 -15 12 -15 11 -15 11 -15 10 -14 10 -16 10 -16 9 -15 9 -15 9 -15 9 -15 8 -15 8 -16 8 -14 9 -15 9 -15 10 0 0 -14 10 -15 9 -15 10 -15 9 -14 10 -14 9 -14 10 -14 10 -14 10 -14 11 -14 12 -13 11 -14 12 -14 11 -14 12 -14 13 -14 12 -13 12 -14 12 -13 13 -14 12 -13 12 -14 12 -14 13 -13 13 -13 14 0 0 0 0 0 0 0 0 0 0 ]
482,1782983973.497612,17.5897,-66,CSI_DATA,AP,98:F4:AB:29:67:94,-66,11,1,6,1,1,1,1,0,0,0,-96,1,6,1,71448710,0,84,0,0,71.8333,384,[84 -64 4 0 0 0 0 0 0 0 0 0 -5 15 -7 14 -8 15 -8 15 -8 15 -9 14 -9 15 -9 14 -10 14 -10 13 -11 14 -10 14 -11 14 -11 13 -11 12 -12 14 -12 13 -11 13 -11 12 -11 12 -10 12 -11 13 -10 11 -11 12 -10 13 -10 13 0 0 -11 13 -10 14 -10 14 -10 13 -9 13 -10 13 -10 14 -10 14 -9 15 -9 14 -9 15 -8 15 -8 15 -8 16 -8 15 -8 16 -8 16 -8 15 -8 16 -7 16 -8 16 -8 16 -7 16 -7 17 -7 16 -8 17 0 0 0 0 0 0 0 0 0 0 ]
483,1782983973.588723,17.4181,-67,CSI_DATA,AP,98:F4:AB:29:67:94,-67,11,1,7,1,1,1,1,0,0,0,-96,1,6,1,71538050,0,84,0,0,71.9227,384,[84 -64 4 0 0 0 0 0 0 0 0 0 17 -2 16 -1 17 0 17 0 18 0 16 1 17 2 16 1 17 3 17 4 17 3 17 4 17 5 17 5 16 4 18 5 16 4 16 4 16 5 16 5 16 5 15 4 15 5 16 5 16 5 16 4 0 0 16 4 17 4 16 3 16 3 15 3 16 3 16 2 17 2 16 2 17 2 17 1 17 2 17 2 17 1 18 2 17 0 19 1 18 1 18 0 17 -1 18 0 18 0 18 0 18 0 18 0 17 0 0 0 0 0 0 0 0 0 0 0 ]
484,1782983973.677871,16.9217,-66,CSI_DATA,AP,98:F4:AB:29:67:94,-66,11,1,6,1,1,1,1,0,0,0,-96,1,6,1,71624670,0,84,0,0,72.0092,384,[84 -64 4 0 0 0 0 0 0 0 0 0 0 -16 1 -17 2 -18 2 -17 2 -18 4 -18 4 -17 4 -17 5 -17 5 -17 5 -18 6 -16 6 -17 6 -16 6 -16 7 -17 7 -17 6 -16 7 -15 7 -15 7 -16 7 -16 6 -15 7 -16 6 -16 6 -16 0 0 6 -16 6 -17 6 -16 6 -17 5 -15 5 -16 6 -16 5 -17 5 -17 4 -18 4 -17 4 -17 4 -17 4 -17 3 -18 4 -18 4 -19 3 -18 4 -18 2 -19 4 -18 3 -18 3 -18 2 -19 2 -19 3 -19 0 0 0 0 0 0 0 0 0 0 ]
485,1782983973.767205,16.6749,-66,CSI_DATA,AP,98:F4:AB:29:67:94,-66,11,1,6,1,1,1,1,0,0,0,-96,1,6,1,71716455,0,84,0,0,72.1011,384,[84 -64 4 0 0 0 0 0 0 0 0 0 -8 -16 -8 -15 -7 -17 -7 -16 -7 -17 -6 -16 -5 -18 -4 -17 -5 -17 -4 -17 -5 -17 -5 -18 -4 -17 -4 -17 -3 -17 -3 -19 -2 -17 -3 -18 -3 -17 -2 -17 -2 -18 -3 -17 -3 -17 -3 -17 -3 -17 -4 -17 0 0 -4 -17 -5 -18 -4 -17 -5 -16 -4 -16 -4 -17 -5 -17 -6 -16 -6 -18 -7 -17 -7 -16 -7 -16 -7 -16 -7 -16 -7 -17 -8 -16 -8 -18 -8 -17 -8 -18 -9 -17 -8 -17 -8 -17 -9 -17 -9 -16 -9 -16 -9 -17 0 0 0 0 0 0 0 0 0 0 ]
486,1782983973.859473,15.8866,-66,CSI_DATA,AP,98:F4:AB:29:67:94,-66,11,1,6,1,1,1,1,0,0,0,-96,1,6,1,71810863,0,84,0,0,72.1955,384,[84 -64 4 0 0 0 0 0 0 0 0 0 -2 16 -3 16 -3 17 -4 16 -4 16 -4 17 -5 15 -6 16 -6 16 -7 16 -7 16 -7 17 -7 16 -7 16 -8 16 -8 16 -8 16 -8 14 -8 15 -8 15 -8 15 -8 14 -7 14 -7 15 -7 14 -7 15 0 0 -6 15 -7 15 -8 16 -6 15 -6 14 -6 15 -6 15 -5 16 -5 16 -4 16 -5 17 -4 16 -5 17 -4 17 -4 17 -4 18 -4 17 -3 17 -3 18 -3 17 -2 18 -3 17 -3 17 -2 18 -2 18 -2 18 0 0 0 0 0 0 0 0 0 0 ]
487,1782983973.950773,15.8808,-66,CSI_DATA,AP,98:F4:AB:29:67:94,-66,11,1,6,1,1,1,1,0,0,0,-96,1,6,1,71893078,0,84,0,0,72.2776,384,[84 -64 4 0 0 0 0 0 0 0 0 0 16 1 16 1 17 1 17 1 16 2 16 3 17 3 16 4 17 4 16 5 16 6 16 5 17 6 16 6 16 5 16 6 16 6 16 6 15 6 15 6 15 7 15 6 15 6 14 7 15 7 15 6 0 0 15 5 16 5 16 5 15 4 15 5 16 5 16 4 16 4 16 3 16 3 16 3 16 4 17 4 17 3 17 2 17 2 18 3 17 2 17 2 18 2 17 2 17 1 18 3 17 2 17 2 18 0 0 0 0 0 0 0 0 0 0 0 ]
488,1782983974.038760,16.9678,-66,CSI_DATA,AP,98:F4:AB:29:67:94,-66,11,1,6,1,1,1,1,0,0,0,-96,1,6,1,71985367,0,84,0,0,72.37,384,[84 -64 4 0 0 0 0 0 0 0 0 0 -14 -9 -14 -9 -14 -10 -14 -11 -14 -11 -13 -12 -13 -12 -12 -13 -13 -13 -12 -13 -13 -14 -12 -14 -11 -14 -12 -14 -12 -14 -12 -15 -11 -14 -11 -14 -11 -14 -11 -14 -11 -14 -11 -14 -10 -14 -10 -12 -11 -14 -12 -13 0 0 -11 -14 -13 -13 -12 -13 -13 -12 -12 -12 -12 -12 -13 -12 -13 -12 -13 -11 -16 -12 -14 -13 -14 -11 -14 -11 -13 -11 -15 -10 -15 -11 -16 -11 -15 -10 -15 -11 -16 -10 -15 -11 -16 -10 -15 -10 -16 -10 -16 -10 -16 -10 0 0 0 0 0 0 0 0 0 0 ]
489,1782983974.128354,16.3326,-67,CSI_DATA,AP,98:F4:AB:29:67:94,-67,11,1,7,1,1,1,1,0,0,0,-96,1,6,1,72074428,0,84,0,0,72.459,384,[84 -64 4 0 0 0 0 0 0 0 0 0 10 10 10 10 9 11 9 12 9 11 9 12 8 13 8 13 8 13 7 13 7 14 8 14 7 14 7 14 6 14 7 14 6 14 6 14 7 14 6 13 6 14 6 14 6 13 5 13 6 14 6 13 0 0 7 13 7 13 7 14 8 13 7 12 7 13 7 13 7 12 9 13 9 12 8 12 8 13 9 12 9 12 9 12 10 13 10 12 10 12 10 12 9 12 10 12 11 13 10 12 11 11 11 11 10 11 0 0 0 0 0 0 0 0 0 0 ]
490,1782983974.218869,16.2774,-67,CSI_DATA,AP,98:F4:AB:29:67:94,-67,11,1,7,1,1,1,1,0,0,0,-96,1,6,1,72164285,0,84,0,0,72.5489,384,[84 -64 4 0 0 0 0 0 0 0 0 0 16 -1 16 0 16 0 16 1 17 1 17 2 17 1 16 3 17 3 17 3 17 4 17 4 16 5 16 5 16 4 17 5 16 5 16 5 16 4 17 5 16 5 16 5 15 6 16 5 15 6 16 5 0 0 16 4 17 4 16 4 16 3 15 3 16 3 16 3 16 3 17 2 17 2 18 2 16 3 18 2 17 2 18 1 18 1 19 1 18 1 18 0 17 0 18 1 17 1 18 0 18 0 18 1 17 0 0 0 0 0 0 0 0 0 0 0 ]
491,1782983974.310611,17.8218,-67,CSI_DATA,AP,98:F4:AB:29:67:94,-67,11,1,7,1,1,1,1,0,0,0,-96,1,6,1,72265036,0,84,0,0,72.6496,384,[84 -64 4 0 0 0 0 0 0 0 0 0 -17 -3 -17 -3 -17 -4 -18 -5 -18 -5 -17 -6 -17 -6 -17 -7 -17 -7 -16 -8 -17 -8 -18 -8 -17 -8 -17 -8 -17 -9 -17 -9 -16 -9 -16 -9 -16 -9 -16 -9 -16 -8 -15 -9 -15 -8 -15 -8 -17 -9 -16 -8 0 0 -17 -8 -16 -8 -17 -8 -17 -7 -16 -8 -16 -8 -16 -8 -16 -8 -17 -7 -17 -6 -18 -6 -18 -7 -17 -7 -18 -6 -17 -6 -18 -7 -18 -6 -18 -5 -18 -7 -18 -5 -19 -6 -18 -5 -19 -5 -18 -4 -18 -4 -19 -5 0 0 0 0 0 0 0 0 0 0 ]
492,1782983974.400689,17.6586,-67,CSI_DATA,AP,98:F4:AB:29:67:94,-67,11,1,7,1,1,1,1,0,0,0,-96,1,6,1,72343317,0,84,0,0,72.7279,384,[84 -64 4 0 0 0 0 0 0 0 0 0 14 -8 15 -6 16 -6 16 -6 17 -5 16 -5 17 -4 17 -3 17 -3 17 -2 17 -3 18 -3 18 -3 17 -2 17 -1 18 -2 16 -1 16 -2 17 -1 17 -1 17 -1 16 -1 16 0 17 -2 17 -2 17 -2 0 0 16 -2 17 -2 17 -2 17 -3 16 -2 17 -2 17 -2 17 -3 17 -4 17 -4 17 -5 16 -4 17 -4 18 -5 17 -5 17 -5 18 -5 17 -6 17 -5 18 -6 17 -6 17 -6 17 -6 18 -7 16 -7 16 -7 0 0 0 0 0 0 0 0 0 0 ]
493,1782983974.490070,16.4033,-67,CSI_DATA,AP,98:F4:AB:29:67:94,-67,11,1,7,1,1,1,1,0,0,0,-96,1,6,1,72433397,0,84,0,0,72.818,384,[84 -64 4 0 0 0 0 0 0 0 0 0 14 4 14 5 13 7 14 6 14 7 13 7 13 8 13 7 13 8 13 8 13 9 12 8 13 8 13 9 12 9 13 10 11 10 12 9 11 9 11 10 11 9 12 10 11 9 11 9 12 9 12 9 0 0 13 9 12 9 12 9 12 8 12 8 12 8 12 8 12 7 13 8 13 7 13 7 13 7 14 7 14 7 14 8 14 8 14 8 15 6 14 7 15 6 15 7 15 6 14 6 15 5 15 6 15 5 0 0 0 0 0 0 0 0 0 0 ]
494,1782983974.581567,15.6374,-67,CSI_DATA,AP,98:F4:AB:29:67:94,-67,11,1,7,1,1,1,1,0,0,0,-96,1,6,1,72524434,0,84,0,0,72.9091,384,[84 -64 4 0 0 0 0 0 0 0 0 0 11 -10 11 -11 12 -10 12 -9 12 -10 12 -9 13 -9 13 -9 14 -8 15 -8 13 -8 14 -7 14 -7 14 -6 13 -7 15 -8 14 -7 14 -7 14 -6 14 -7 14 -6 14 -7 14 -6 14 -6 14 -6 14 -6 0 0 14 -7 14 -8 13 -7 13 -7 14 -7 13 -7 14 -8 14 -8 13 -8 13 -9 13 -9 13 -8 13 -8 13 -9 13 -9 13 -10 14 -9 13 -10 13 -9 12 -10 13 -10 13 -10 14 -10 13 -10 13 -10 13 -10 0 0 0 0 0 0 0 0 0 0 ]
495,1782983974.672322,16.3709,-67,CSI_DATA,AP,98:F4:AB:29:67:94,-67,11,1,7,1,1,1,1,0,0,0,-96,1,6,1,72618810,0,84,0,0,73.0034,384,[84 -64 4 0 0 0 0 0 0 0 0 0 1 15 0 16 0 17 0 17 0 17 -1 17 -2 18 -2 17 -2 18 -3 17 -3 18 -4 17 -4 18 -4 17 -4 17 -4 18 -4 17 -4 17 -5 17 -4 16 -4 16 -4 17 -4 15 -4 16 -4 17 -4 17 0 0 -3 17 -3 17 -4 17 -2 17 -3 16 -3 16 -2 17 -3 16 -2 18 -2 18 -1 18 -2 17 -2 17 0 17 -1 18 0 17 -1 19 0 17 0 18 2 18 0 18 1 19 0 18 1 18 1 17 2 19 0 0 0 0 0 0 0 0 0 0 ]
496,1782983974.764337,16.0058,-67,CSI_DATA,AP,98:F4:AB:29:67:94,-67,11,1,7,1,1,1,1,0,0,1,-96,1,6,1,72704040,0,84,0,0,73.0886,384,[84 -64 4 0 0 0 0 0 0 0 0 0 -14 7 -14 7 -15 7 -14 6 -15 5 -16 5 -15 5 -16 4 -16 3 -16 3 -17 3 -17 3 -17 3 -16 2 -15 2 -17 3 -16 3 -16 2 -16 1 -16 1 -17 1 -16 2 -15 1 -16 2 -16 2 -15 2 0 0 -16 2 -16 3 -15 3 -15 3 -15 3 -16 2 -16 3 -15 3 -15 3 -15 4 -15 5 -16 4 -15 4 -15 4 -16 5 -15 6 -16 5 -16 6 -17 6 -17 5 -16 5 -15 5 -16 5 -16 7 -15 6 -15 7 0 0 0 0 0 0 0 0 0 0 ]
497,1782983974.854143,17.6518,-67,CSI_DATA,AP,98:F4:AB:29:67:94,-67,11,1,7,1,1,1,1,0,0,1,-96,1,6,1,72795617,0,84,0,0,73.1802,384,[84 -64 4 0 0 0 0 0 0 0 0 0 -17 -5 -17 -6 -17 -6 -17 -6 -18 -7 -16 -8 -16 -8 -16 -8 -17 -9 -16 -9 -17 -10 -17 -9 -17 -10 -17 -10 -16 -10 -15 -10 -15 -10 -15 -10 -15 -10 -15 -10 -15 -10 -15 -11 -15 -10 -15 -10 -16 -10 -16 -10 0 0 -16 -9 -16 -9 -16 -10 -16 -8 -15 -8 -16 -9 -16 -8 -17 -9 -17 -9 -17 -7 -17 -7 -18 -8 -18 -7 -18 -7 -18 -7 -18 -7 -17 -8 -17 -6 -18 -7 -18 -6 -18 -7 -19 -7 -19 -6 -19 -5 -19 -6 -19 -6 0 0 0 0 0 0 0 0 0 0 ]
498,1782983974.944774,16.5606,-67,CSI_DATA,AP,98:F4:AB:29:67:94,-67,11,1,7,1,1,1,1,0,0,1,-96,1,6,1,72885551,0,84,0,0,73.2702,384,[84 -64 4 0 0 0 0 0 0 0 0 0 7 12 7 12 7 14 6 13 6 14 5 14 4 15 5 14 4 15 4 14 3 15 4 16 3 15 3 15 3 15 2 16 2 15 2 15 2 14 2 15 2 15 2 15 1 14 2 15 2 15 3 15 0 0 2 15 3 15 3 14 3 15 2 14 3 14 4 14 3 14 4 15 5 15 5 16 5 14 5 14 5 15 5 15 5 15 5 15 6 15 6 15 6 15 5 15 5 15 6 15 6 15 6 15 6 14 0 0 0 0 0 0 0 0 0 0 ]
499,1782983975.035796,17.1102,-67,CSI_DATA,AP,98:F4:AB:29:67:94,-67,11,1,7,1,1,1,1,0,0,1,-96,1,6,1,72974797,0,84,0,0,73.3594,384,[84 -64 4 0 0 0 0 0 0 0 0 0 12 -13 12 -12 13 -12 13 -12 13 -12 14 -12 15 -11 15 -10 15 -10 15 -10 16 -10 16 -9 16 -9 16 -10 16 -9 16 -9 16 -9 16 -8 15 -8 15 -8 15 -8 15 -8 16 -8 15 -7 16 -8 15 -8 0 0 15 -9 16 -10 15 -10 14 -11 14 -9 15 -9 15 -9 15 -10 15 -11 15 -10 14 -12 14 -10 15 -10 15 -11 14 -12 14 -12 16 -15 15 -12 14 -12 15 -12 14 -12 14 -12 15 -12 14 -14 14 -13 14 -13 0 0 0 0 0 0 0 0 0 0 ]
500,1782983975.122235,16.9736,-67,CSI_DATA,AP,98:F4:AB:29:67:94,-67,11,1,7,1,1,1,1,0,0,1,-96,1,6,1,73064592,0,84,0,0,73.4492,384,[84 -64 4 0 0 0 0 0 0 0 0 0 9 14 9 14 9 14 8 15 8 15 7 15 7 16 7 16 5 17 6 17 5 17 6 17 6 17 5 17 4 16 5 18 4 17 4 17 4 16 4 16 3 16 4 16 3 17 3 16 3 16 3 17 0 0 5 17 5 17 5 17 5 15 4 16 5 17 5 16 4 16 5 16 7 16 7 16 7 16 7 15 7 16 7 16 8 16 8 16 8 16 8 16 8 16 7 17 7 17 8 17 9 17 8 16 9 16 0 0 0 0 0 0 0 0 0 0 ]
501,1782983975.209444,16.4906,-67,CSI_DATA,AP,98:F4:AB:29:67:94,-67,11,1,7,1,1,1,1,0,0,1,-96,1,6,1,73155240,0,84,0,0,73.5398,384,[84 -64 4 0 0 0 0 0 0 0 0 0 1 14 1 15 0 14 0 15 -1 15 -1 16 -1 15 -2 15 -2 15 -3 15 -3 16 -3 16 -3 16 -3 16 -3 15 -4 15 -4 14 -4 14 -3 15 -4 15 -4 15 -4 14 -4 14 -4 15 -4 15 -3 15 0 0 -3 15 -3 15 -3 16 -2 15 -3 15 -2 15 -2 16 -2 15 -2 15 -1 15 -1 16 -2 15 -1 16 -1 16 -1 16 0 17 0 17 0 16 0 17 0 16 0 16 0 16 1 16 2 16 1 16 2 16 0 0 0 0 0 0 0 0 0 0 ]
502,1782983975.298157,15.8814,-67,CSI_DATA,AP,98:F4:AB:29:67:94,-67,11,1,7,1,1,1,1,0,0,1,-96,1,6,1,73244413,0,84,0,0,73.6291,384,[84 -64 4 0 0 0 0 0 0 0 0 0 -12 -10 -11 -10 -12 -11 -12 -11 -10 -11 -10 -12 -11 -12 -10 -13 -11 -13 -9 -13 -10 -13 -9 -14 -9 -14 -8 -14 -8 -14 -9 -15 -9 -14 -8 -14 -8 -14 -8 -14 -8 -14 -8 -14 -8 -13 -8 -14 -8 -14 -9 -14 0 0 -9 -14 -9 -14 -9 -14 -9 -13 -9 -13 -9 -14 -10 -14 -10 -13 -10 -14 -10 -13 -10 -13 -10 -13 -10 -13 -11 -13 -11 -13 -11 -13 -11 -14 -11 -13 -12 -13 -12 -12 -11 -13 -13 -14 -12 -13 -12 -13 -12 -13 -12 -12 0 0 0 0 0 0 0 0 0 0 ]
503,1782983975.384244,16.8074,-67,CSI_DATA,AP,98:F4:AB:29:67:94,-67,11,1,7,1,1,1,1,0,0,1,-96,1,6,1,73336412,0,84,0,0,73.721,384,[84 -64 4 0 0 0 0 0 0 0 0 0 -12 11 -11 12 -12 12 -13 12 -12 12 -12 11 -15 11 -14 11 -15 11 -16 10 -16 10 -16 10 -16 9 -15 9 -15 9 -17 10 -15 9 -16 9 -14 9 -15 8 -16 8 -16 8 -16 9 -16 8 -16 9 -16 9 0 0 -15 10 -16 9 -14 10 -16 10 -14 9 -15 10 -15 10 -14 11 -15 11 -15 11 -16 12 -14 10 -14 12 -13 11 -14 13 -14 13 -14 13 -13 13 -14 14 -13 13 -14 13 -13 13 -14 14 -13 14 -13 13 -13 14 0 0 0 0 0 0 0 0 0 0 ]
504,1782983975.471219,17.6045,-67,CSI_DATA,AP,98:F4:AB:29:67:94,-67,11,1,7,1,1,1,1,0,0,1,-96,1,6,1,73423779,0,84,0,0,73.8083,384,[84 -64 4 0 0 0 0 0 0 0 0 0 5 16 4 15 5 16 3 16 3 17 2 16 1 17 2 17 1 17 0 17 0 18 0 19 -1 18 0 18 0 17 -1 19 -2 18 -2 17 -2 17 -1 17 -2 17 -1 17 -2 17 -1 17 -1 18 0 18 0 0 -1 18 0 17 0 17 0 17 0 17 0 17 -1 18 0 17 1 18 1 18 1 17 2 18 2 18 2 17 2 18 2 18 2 19 2 17 1 19 2 18 2 18 1 19 2 18 4 19 4 18 3 18 0 0 0 0 0 0 0 0 0 0 ]
505,1782983975.559742,18.3668,-67,CSI_DATA,AP,98:F4:AB:29:67:94,-67,11,1,7,1,1,1,1,0,0,1,-96,1,6,1,73514658,0,84,0,0,73.8993,384,[84 -64 4 0 0 0 0 0 0 0 0 0 4 16 4 16 3 16 3 16 3 17 2 16 1 17 1 17 1 18 1 17 0 17 -1 18 0 18 -1 18 -1 17 -1 19 -2 17 -2 17 -1 17 -1 17 -2 17 -3 17 -2 17 -2 17 -2 18 -1 17 0 0 -2 18 -1 18 -2 18 -2 17 -2 17 -1 17 -1 18 -1 17 -1 18 1 18 0 18 -1 18 -1 19 1 19 -1 19 0 19 1 19 1 18 1 20 1 20 0 19 1 19 2 19 1 19 1 18 1 19 0 0 0 0 0 0 0 0 0 0 ]
506,1782983975.646198,17.9707,-67,CSI_DATA,AP,98:F4:AB:29:67:94,-67,11,1,7,1,1,1,1,0,0,1,-96,1,6,1,73605499,0,84,0,0,73.9901,384,[84 -64 4 0 0 0 0 0 0 0 0 0 7 14 7 14 7 15 6 15 6 16 5 16 5 16 4 16 4 17 4 16 4 18 3 18 3 17 3 18 3 17 2 18 3 18 2 17 2 17 2 17 2 17 2 17 2 17 2 17 2 17 2 17 0 0 3 17 4 18 4 18 4 17 3 16 4 17 5 17 5 16 5 17 6 17 5 18 5 17 5 17 6 17 6 17 7 17 6 18 7 17 6 18 7 18 7 17 8 18 7 17 7 17 8 17 7 17 0 0 0 0 0 0 0 0 0 0 ]
507,1782983975.737061,17.3766,-67,CSI_DATA,AP,98:F4:AB:29:67:94,-67,11,1,7,1,1,1,1,0,0,1,-96,1,6,1,73695200,0,84,0,0,74.0798,384,[84 -64 4 0 0 0 0 0 0 0 0 0 -13 7 -13 7 -14 7 -14 6 -15 6 -14 5 -15 6 -15 5 -16 4 -16 4 -17 4 -17 4 -16 4 -16 4 -16 4 -17 3 -16 4 -16 3 -16 3 -16 3 -16 3 -16 3 -16 3 -16 3 -16 3 -16 4 0 0 -16 4 -16 4 -16 4 -16 5 -16 4 -16 4 -16 4 -16 5 -16 5 -17 6 -17 7 -16 6 -16 6 -16 6 -16 7 -16 7 -17 7 -16 7 -16 7 -16 7 -16 8 -16 8 -17 7 -16 8 -16 8 -16 7 0 0 0 0 0 0 0 0 0 0 ]
508,1782983975.824143,17.3743,-66,CSI_DATA,AP,98:F4:AB:29:67:94,-66,11,1,7,1,1,1,1,0,0,0,-96,1,6,1,73788537,0,84,0,0,74.1732,384,[84 -64 4 0 0 0 0 0 0 0 0 0 13 -10 13 -9 14 -9 14 -9 15 -8 15 -9 16 -9 16 -8 16 -8 17 -7 17 -7 17 -8 18 -6 16 -6 17 -6 17 -6 17 -6 17 -6 17 -6 16 -6 17 -5 17 -5 16 -5 16 -6 17 -6 17 -5 0 0 17 -7 17 -7 17 -7 17 -8 16 -7 17 -7 17 -7 16 -8 17 -9 16 -9 16 -10 16 -9 17 -9 17 -10 16 -10 16 -11 16 -11 17 -12 17 -10 16 -11 16 -11 16 -11 16 -10 16 -12 16 -11 16 -12 0 0 0 0 0 0 0 0 0 0 ]
509,1782983975.909433,17.1333,-66,CSI_DATA,AP,98:F4:AB:29:67:94,-66,11,1,6,1,1,1,1,0,0,0,-96,1,6,1,73877624,0,84,0,0,74.2622,384,[84 -64 4 0 0 0 0 0 0 0 0 0 11 -9 11 -9 13 -9 13 -8 14 -8 13 -8 14 -7 14 -7 15 -7 14 -7 15 -6 16 -6 16 -5 16 -5 15 -5 16 -6 16 -5 15 -5 15 -5 15 -5 15 -5 16 -5 15 -4 15 -5 16 -5 15 -5 0 0 16 -6 17 -6 16 -6 16 -6 15 -5 16 -6 16 -7 15 -7 16 -8 16 -7 15 -9 16 -7 16 -8 16 -8 16 -9 16 -9 17 -9 16 -8 17 -9 16 -10 16 -9 16 -10 16 -9 16 -10 16 -10 16 -10 0 0 0 0 0 0 0 0 0 0 ]
510,1782983975.997333,15.5775,-67,CSI_DATA,AP,98:F4:AB:29:67:94,-67,11,1,7,1,1,1,1,0,0,1,-96,1,6,1,73963391,0,84,0,0,74.348,384,[84 -64 4 0 0 0 0 0 0 0 0 0 6 12 6 12 5 13 5 13 4 13 4 13 4 14 4 13 3 14 3 15 2 15 3 14 2 15 2 15 2 14 2 15 2 15 1 15 2 14 1 14 1 15 1 15 1 14 1 14 2 15 2 14 0 0 2 15 2 15 2 15 3 14 2 14 2 14 2 15 3 14 3 16 4 15 4 15 3 15 4 16 5 15 4 15 5 15 4 16 4 15 4 15 5 16 4 16 5 15 5 16 5 15 5 15 5 16 0 0 0 0 0 0 0 0 0 0 ]
511,1782983976.083327,16.0834,-67,CSI_DATA,AP,98:F4:AB:29:67:94,-67,11,1,7,1,1,1,1,0,0,1,-96,1,6,1,74054948,0,84,0,0,74.4396,384,[84 -64 4 0 0 0 0 0 0 0 0 0 15 -1 15 -1 16 -1 17 0 16 0 16 0 17 1 17 1 17 1 17 3 17 3 17 2 17 3 17 4 17 2 18 2 17 3 17 3 17 3 16 3 17 3 17 2 17 4 17 3 17 4 17 3 0 0 17 2 18 1 17 1 17 0 17 1 18 1 18 0 17 0 18 0 18 0 18 -1 18 0 18 0 17 -1 18 -2 18 -2 20 -2 18 -2 19 -2 19 -4 19 -2 19 -3 19 -2 20 -3 19 -2 19 -3 0 0 0 0 0 0 0 0 0 0 ]
512,1782983976.170152,16.0106,-66,CSI_DATA,AP,98:F4:AB:29:67:94,-66,11,1,6,1,1,1,1,0,0,0,-96,1,6,1,74145562,0,84,0,0,74.5301,384,[84 -64 4 0 0 0 0 0 0 0 0 0 15 2 14 3 15 3 15 4 15 4 15 5 15 5 15 6 15 6 15 7 15 7 15 6 15 6 15 7 14 7 15 8 14 7 14 7 14 8 14 8 14 8 14 8 14 8 14 8 14 8 14 8 0 0 14 8 14 7 15 7 16 7 14 7 15 8 15 8 15 7 16 7 16 6 16 6 16 6 16 6 16 6 17 6 17 6 17 6 17 6 17 6 17 6 17 6 17 6 17 6 18 5 17 5 17 5 0 0 0 0 0 0 0 0 0 0 ]
513,1782983976.256246,17.5136,-67,CSI_DATA,AP,98:F4:AB:29:67:94,-67,11,1,7,1,1,1,1,0,0,0,-96,1,6,1,74233716,0,84,0,0,74.6184,384,[84 -64 4 0 0 0 0 0 0 0 0 0 -16 -4 -16 -3 -16 -4 -16 -5 -16 -5 -16 -5 -16 -7 -16 -6 -17 -7 -16 -8 -16 -8 -16 -8 -16 -8 -16 -9 -16 -8 -17 -10 -16 -9 -16 -9 -16 -9 -16 -9 -16 -9 -16 -9 -15 -9 -16 -10 -16 -9 -16 -9 0 0 -17 -8 -16 -8 -17 -9 -17 -7 -16 -8 -16 -8 -16 -8 -17 -8 -18 -7 -17 -7 -18 -7 -17 -7 -18 -7 -19 -7 -18 -7 -19 -6 -19 -7 -19 -6 -19 -7 -18 -6 -19 -6 -19 -6 -19 -6 -20 -5 -19 -5 -20 -6 0 0 0 0 0 0 0 0 0 0 ]
514,1782983976.345736,17.0138,-67,CSI_DATA,AP,98:F4:AB:29:67:94,-67,11,1,7,1,1,1,1,0,0,0,-96,1,6,1,74324958,0,84,0,0,74.7096,384,[84 -64 4 0 0 0 0 0 0 0 0 0 2 -15 2 -14 3 -15 3 -15 4 -15 4 -15 5 -15 5 -14 6 -14 7 -15 6 -15 7 -15 7 -14 7 -15 6 -14 7 -15 7 -14 8 -14 7 -13 8 -14 8 -14 8 -14 7 -14 7 -14 8 -14 7 -15 0 0 8 -15 7 -15 7 -15 7 -15 7 -14 7 -14 7 -15 7 -15 7 -15 6 -15 6 -16 7 -16 6 -16 6 -16 6 -16 5 -17 7 -17 6 -17 5 -17 6 -17 6 -16 6 -16 6 -17 5 -17 5 -17 5 -17 0 0 0 0 0 0 0 0 0 0 ]
515,1782983976.431830,16.5589,-67,CSI_DATA,AP,98:F4:AB:29:67:94,-67,11,1,7,1,1,1,1,0,0,0,-96,1,6,1,74415653,0,84,0,0,74.8003,384,[84 -64 4 0 0 0 0 0 0 0 0 0 13 -6 14 -5 14 -5 14 -5 14 -4 14 -4 15 -3 14 -2 15 -3 15 -2 15 -1 16 -1 16 -1 16 -1 15 -1 16 -1 16 -1 16 -2 14 -1 15 0 16 0 15 -1 15 0 15 0 16 0 15 0 0 0 16 -1 15 -2 16 -2 15 -2 16 -2 16 -2 16 -2 15 -3 15 -3 16 -4 16 -4 15 -3 16 -3 15 -4 16 -4 15 -5 17 -4 15 -5 16 -4 16 -5 16 -4 16 -4 17 -5 16 -5 16 -4 16 -5 0 0 0 0 0 0 0 0 0 0 ]
516,1782983976.517860,15.5355,-67,CSI_DATA,AP,98:F4:AB:29:67:94,-67,11,1,7,1,1,1,1,0,0,0,-96,1,6,1,74504833,0,84,0,0,74.8895,384,[84 -64 4 0 0 0 0 0 0 0 0 0 5 -14 5 -14 6 -14 7 -14 7 -14 7 -14 9 -14 8 -13 8 -13 8 -13 9 -13 8 -13 9 -13 9 -13 9 -12 10 -13 10 -12 10 -12 10 -12 10 -12 10 -12 10 -12 9 -12 10 -12 9 -12 10 -13 0 0 10 -13 9 -13 10 -13 10 -13 9 -12 9 -13 10 -13 10 -13 9 -14 8 -14 8 -14 8 -14 9 -14 9 -14 8 -15 8 -14 9 -15 8 -15 9 -15 9 -15 9 -14 9 -15 8 -15 7 -16 7 -16 7 -16 0 0 0 0 0 0 0 0 0 0 ]
517,1782983976.609603,15.8356,-66,CSI_DATA,AP,98:F4:AB:29:67:94,-66,11,1,6,1,1,1,1,0,0,0,-96,1,6,1,74594818,0,84,0,0,74.9794,384,[84 -64 4 0 0 0 0 0 0 0 0 0 16 1 16 1 16 1 16 2 16 2 16 3 16 4 16 3 16 4 16 4 16 5 16 4 16 5 16 5 16 5 17 6 17 6 15 6 14 6 15 6 15 6 15 6 15 6 15 6 15 7 16 5 0 0 16 5 17 5 17 6 16 4 16 5 16 5 16 4 16 4 17 4 17 3 17 4 17 4 17 4 18 3 17 4 18 4 18 4 17 3 19 3 17 3 17 2 18 3 17 2 18 2 18 3 18 2 0 0 0 0 0 0 0 0 0 0 ]
518,1782983976.698636,16.0238,-66,CSI_DATA,AP,98:F4:AB:29:67:94,-66,11,1,6,1,1,1,1,0,0,0,-96,1,6,1,74690524,0,84,0,0,75.0751,384,[84 -64 4 0 0 0 0 0 0 0 0 0 -13 -11 -12 -12 -13 -12 -13 -13 -12 -13 -11 -14 -11 -14 -11 -14 -11 -15 -10 -15 -11 -15 -10 -16 -10 -15 -10 -16 -10 -15 -9 -17 -9 -16 -9 -16 -9 -16 -9 -15 -9 -16 -9 -16 -9 -15 -8 -16 -10 -16 -10 -15 0 0 -10 -16 -10 -16 -10 -16 -10 -16 -10 -15 -10 -15 -10 -15 -11 -15 -11 -16 -11 -15 -12 -16 -11 -15 -11 -16 -12 -16 -12 -15 -12 -16 -12 -16 -12 -16 -12 -15 -13 -15 -13 -15 -13 -16 -13 -15 -13 -15 -13 -15 -13 -15 0 0 0 0 0 0 0 0 0 0 ]
519,1782983976.787724,15.5703,-67,CSI_DATA,AP,98:F4:AB:29:67:94,-67,11,1,7,1,1,1,1,0,0,0,-96,1,6,1,74775678,0,84,0,0,75.1603,384,[84 -64 4 0 0 0 0 0 0 0 0 0 -8 13 -8 12 -9 13 -9 12 -9 12 -9 12 -10 12 -10 12 -10 12 -12 11 -11 11 -12 11 -13 10 -12 11 -11 11 -13 12 -12 11 -12 11 -11 10 -11 10 -12 10 -12 10 -12 10 -12 10 -12 10 -12 10 0 0 -12 11 -11 11 -11 12 -10 12 -11 10 -11 11 -11 12 -11 12 -11 12 -10 12 -11 14 -11 12 -11 13 -11 13 -10 14 -10 14 -11 14 -10 14 -11 14 -10 14 -10 14 -9 14 -11 14 -9 15 -9 14 -9 14 0 0 0 0 0 0 0 0 0 0 ]
520,1782983976.877480,16.4385,-66,CSI_DATA,AP,98:F4:AB:29:67:94,-66,11,1,6,1,1,1,1,0,0,0,-96,1,6,1,74868668,0,84,0,0,75.2533,384,[84 -64 4 0 0 0 0 0 0 0 0 0 -1 -17 0 -16 0 -17 1 -16 1 -17 1 -17 4 -17 3 -17 4 -17 4 -17 4 -19 4 -18 4 -17 4 -18 4 -17 5 -18 4 -18 5 -17 5 -16 6 -17 6 -17 5 -17 5 -17 4 -17 4 -17 5 -17 0 0 5 -18 3 -18 4 -17 3 -19 4 -17 4 -18 4 -18 4 -18 3 -18 3 -19 2 -19 3 -18 2 -19 3 -19 1 -19 2 -19 2 -20 2 -20 3 -20 1 -20 2 -19 1 -19 2 -20 -1 -20 0 -20 1 -19 0 0 0 0 0 0 0 0 0 0 ]
521,1782983976.966054,17.9482,-66,CSI_DATA,AP,98:F4:AB:29:67:94,-66,11,1,6,1,1,1,1,0,0,0,-96,1,6,1,74953252,0,84,0,0,75.3378,384,[84 -64 4 0 0 0 0 0 0 0 0 0 -11 12 -12 11 -13 12 -13 10 -13 11 -13 10 -13 10 -14 10 -14 10 -15 10 -15 10 -15 10 -15 9 -15 9 -15 9 -17 9 -16 9 -16 9 -16 8 -16 9 -16 8 -16 9 -16 9 -15 9 -16 9 -15 10 0 0 -15 10 -16 10 -15 10 -15 11 -15 10 -14 11 -15 10 -14 11 -15 11 -14 12 -14 13 -14 12 -15 12 -15 12 -15 13 -14 13 -16 13 -15 13 -15 13 -14 14 -14 14 -14 13 -14 13 -14 14 -14 14 -14 14 0 0 0 0 0 0 0 0 0 0 ]
522,1782983977.054855,18.1218,-66,CSI_DATA,AP,98:F4:AB:29:67:94,-66,11,1,6,1,1,1,1,0,0,0,-96,1,6,1,75046632,0,84,0,0,75.4313,384,[84 -64 4 0 0 0 0 0 0 0 0 0 -2 15 -2 16 -3 16 -3 16 -3 16 -4 16 -4 16 -4 17 -5 16 -6 16 -6 17 -7 17 -7 16 -7 16 -6 16 -6 17 -7 16 -6 16 -7 15 -6 15 -6 16 -6 16 -7 16 -7 16 -7 16 -6 17 0 0 -7 17 -7 17 -5 17 -6 17 -6 16 -6 17 -6 17 -6 17 -5 16 -5 18 -5 18 -5 18 -5 17 -4 19 -4 18 -5 19 -4 18 -5 19 -4 18 -4 19 -4 19 -4 19 -4 18 -4 20 -4 19 -4 19 0 0 0 0 0 0 0 0 0 0 ]
523,1782983977.151636,18.7243,-66,CSI_DATA,AP,98:F4:AB:29:67:94,-66,11,1,6,1,1,1,1,0,0,0,-96,1,6,1,75145646,0,84,0,0,75.5302,384,[84 -64 4 0 0 0 0 0 0 0 0 0 -8 -15 -7 -15 -7 -16 -6 -16 -6 -17 -5 -16 -5 -17 -5 -17 -5 -18 -4 -17 -4 -18 -3 -18 -3 -18 -3 -18 -4 -18 -4 -19 -3 -18 -3 -18 -3 -18 -3 -17 -3 -18 -4 -18 -3 -17 -2 -18 -2 -18 -3 -18 0 0 -3 -18 -4 -18 -4 -18 -4 -18 -4 -18 -4 -18 -5 -19 -4 -18 -5 -19 -5 -18 -5 -19 -6 -18 -5 -18 -5 -18 -6 -19 -6 -18 -6 -20 -6 -19 -6 -20 -6 -19 -6 -19 -6 -19 -6 -19 -7 -19 -6 -19 -6 -19 0 0 0 0 0 0 0 0 0 0 ]
524,1782983977.240923,17.2934,-67,CSI_DATA,AP,98:F4:AB:29:67:94,-67,11,1,7,1,1,1,1,0,0,0,-96,1,6,1,75226291,0,84,0,0,75.6109,384,[84 -64 4 0 0 0 0 0 0 0 0 0 13 -4 13 -4 15 -4 14 -3 15 -3 14 -2 15 -2 15 -2 15 -1 16 -2 16 -2 16 0 15 -1 15 -1 15 -1 16 0 15 0 15 0 15 0 15 1 15 1 16 0 15 0 16 0 16 0 15 0 0 0 15 -1 16 -1 16 -1 16 -2 15 -1 16 -1 16 0 16 -1 16 -2 17 -3 17 -2 16 -2 16 -2 17 -2 16 -3 17 -3 18 -3 16 -4 17 -3 17 -3 17 -3 16 -3 17 -3 17 -4 17 -4 17 -3 0 0 0 0 0 0 0 0 0 0 ]
525,1782983977.331778,16.1620,-66,CSI_DATA,AP,98:F4:AB:29:67:94,-66,11,1,6,1,1,1,1,0,0,0,-96,1,6,1,75319159,0,84,0,0,75.7037,384,[84 -64 4 0 0 0 0 0 0 0 0 0 -9 11 -9 11 -11 10 -12 10 -11 10 -12 9 -11 9 -12 10 -12 9 -13 8 -13 9 -13 9 -14 9 -13 8 -14 7 -14 8 -15 8 -14 7 -13 7 -14 8 -15 9 -13 7 -14 8 -14 7 -14 7 -14 8 0 0 -14 8 -14 8 -14 8 -13 8 -14 8 -14 8 -15 8 -14 8 -14 9 -13 10 -14 10 -14 9 -14 10 -15 10 -14 10 -14 11 -14 10 -14 10 -15 10 -15 11 -14 11 -15 9 -14 10 -15 11 -14 11 -13 10 0 0 0 0 0 0 0 0 0 0 ]
526,1782983977.420139,15.4431,-67,CSI_DATA,AP,98:F4:AB:29:67:94,-67,11,1,7,1,1,1,1,0,0,0,-96,1,6,1,75405589,0,84,0,0,75.7902,384,[84 -64 4 0 0 0 0 0 0 0 0 0 9 -11 9 -11 10 -12 10 -11 11 -11 10 -10 11 -11 11 -10 12 -10 12 -10 13 -10 13 -10 13 -9 13 -10 13 -9 13 -10 13 -9 13 -9 13 -9 13 -10 13 -9 13 -9 13 -9 13 -8 13 -9 13 -10 0 0 13 -10 12 -10 13 -10 13 -11 12 -10 13 -11 12 -11 12 -11 12 -11 12 -12 12 -12 12 -11 12 -12 12 -12 12 -13 11 -13 13 -13 12 -13 12 -13 12 -14 12 -13 11 -13 12 -13 12 -13 11 -13 11 -12 0 0 0 0 0 0 0 0 0 0 ]
527,1782983977.511091,17.0925,-66,CSI_DATA,AP,98:F4:AB:29:67:94,-66,11,1,7,1,1,1,1,0,0,0,-96,1,6,1,75493941,0,84,0,0,75.8786,384,[84 -64 4 0 0 0 0 0 0 0 0 0 -17 0 -16 -1 -18 -1 -17 -1 -18 -2 -18 -3 -17 -3 -17 -4 -18 -3 -18 -5 -19 -4 -17 -6 -18 -5 -18 -5 -17 -5 -19 -6 -17 -5 -18 -6 -17 -5 -17 -6 -17 -7 -17 -7 -18 -7 -18 -6 -18 -6 -17 -6 0 0 -18 -6 -19 -5 -18 -6 -19 -4 -17 -6 -18 -7 -18 -6 -18 -6 -18 -5 -19 -5 -20 -4 -19 -4 -20 -4 -19 -5 -19 -5 -19 -4 -21 -6 -20 -4 -20 -4 -21 -4 -20 -5 -20 -5 -20 -5 -20 -4 -20 -5 -20 -4 0 0 0 0 0 0 0 0 0 0 ]
528,1782983977.599179,17.9430,-67,CSI_DATA,AP,98:F4:AB:29:67:94,-67,11,1,7,1,1,1,1,0,0,0,-96,1,6,1,75587364,0,84,0,0,75.972,384,[84 -64 4 0 0 0 0 0 0 0 0 0 -17 -1 -17 -1 -17 -2 -18 -2 -18 -3 -16 -3 -17 -3 -17 -5 -18 -4 -18 -5 -18 -5 -18 -5 -19 -6 -18 -5 -18 -5 -20 -5 -18 -6 -18 -5 -17 -6 -18 -6 -18 -7 -17 -6 -17 -6 -17 -6 -18 -5 -18 -5 0 0 -19 -5 -19 -5 -18 -5 -19 -4 -18 -4 -19 -5 -18 -5 -19 -5 -19 -4 -19 -4 -21 -3 -19 -3 -20 -2 -19 -2 -20 -2 -20 -2 -21 -3 -20 -2 -21 -3 -20 -3 -20 -3 -20 -3 -21 -2 -21 -1 -20 -1 -21 -2 0 0 0 0 0 0 0 0 0 0 ]
529,1782983977.687522,16.0874,-65,CSI_DATA,AP,98:F4:AB:29:67:94,-65,11,1,6,1,1,1,1,0,0,0,-96,1,6,1,75686200,0,84,0,0,76.0708,384,[84 -64 4 0 0 0 0 0 0 0 0 0 -2 13 -3 13 -3 14 -3 13 -4 14 -4 14 -4 13 -5 13 -5 14 -5 13 -6 14 -6 14 -6 14 -6 13 -5 13 -6 15 -6 13 -6 13 -6 13 -6 13 -6 13 -6 13 -6 13 -6 13 -6 13 -5 14 0 0 -5 14 -5 14 -5 14 -4 14 -5 14 -5 14 -4 14 -4 14 -2 16 -4 15 -4 15 -4 14 -3 15 -3 15 -3 15 -2 15 -3 16 -3 16 -3 16 -3 15 -3 16 -3 16 -3 15 -1 16 -3 15 -2 16 0 0 0 0 0 0 0 0 0 0 ]
530,1782983977.776400,16.1110,-66,CSI_DATA,AP,98:F4:AB:29:67:94,-66,11,1,7,1,1,1,1,0,0,0,-96,1,6,1,75765043,0,84,0,0,76.1496,384,[84 -64 4 0 0 0 0 0 0 0 0 0 6 14 4 14 4 14 4 15 4 16 3 15 3 16 3 15 3 16 1 15 1 16 1 17 1 17 1 16 1 15 1 18 1 15 2 16 2 15 1 16 1 16 2 16 1 16 0 16 1 16 2 16 0 0 2 16 2 17 3 16 3 16 2 15 2 16 3 17 3 15 4 17 4 17 4 17 3 16 4 17 4 17 6 16 5 16 6 18 5 17 5 17 6 17 5 17 6 17 6 17 6 17 5 17 6 16 0 0 0 0 0 0 0 0 0 0 ]
531,1782983977.865392,16.4153,-66,CSI_DATA,AP,98:F4:AB:29:67:94,-66,11,1,7,1,1,1,1,0,0,0,-96,1,6,1,75853602,0,84,0,0,76.2382,384,[84 -64 4 0 0 0 0 0 0 0 0 0 10 -13 9 -12 10 -13 10 -12 11 -12 12 -11 13 -11 12 -10 13 -11 13 -10 14 -10 14 -10 14 -9 13 -10 13 -8 14 -10 13 -9 14 -9 13 -8 14 -8 14 -8 14 -9 14 -8 14 -9 14 -9 14 -9 0 0 14 -9 14 -10 14 -9 13 -10 13 -9 14 -8 14 -9 14 -9 13 -10 14 -10 13 -11 13 -10 14 -11 14 -10 14 -12 13 -11 15 -11 14 -11 14 -11 14 -12 14 -11 14 -11 14 -11 14 -12 13 -11 13 -12 0 0 0 0 0 0 0 0 0 0 ]
532,1782983977.954248,18.2466,-66,CSI_DATA,AP,98:F4:AB:29:67:94,-66,11,1,6,1,1,1,1,0,0,0,-96,1,6,1,75947382,0,84,0,0,76.332,384,[84 -64 4 0 0 0 0 0 0 0 0 0 -14 -11 -13 -12 -14 -12 -13 -13 -14 -14 -12 -14 -12 -14 -12 -15 -11 -15 -11 -16 -12 -15 -12 -15 -12 -16 -11 -16 -11 -14 -11 -17 -10 -16 -11 -16 -11 -15 -10 -16 -10 -16 -10 -16 -10 -16 -10 -15 -10 -17 -11 -16 0 0 -11 -15 -12 -16 -11 -15 -12 -15 -11 -15 -12 -16 -12 -16 -12 -16 -12 -15 -13 -16 -14 -15 -13 -15 -13 -15 -13 -15 -14 -15 -14 -15 -15 -16 -14 -15 -14 -15 -14 -14 -14 -15 -14 -14 -14 -15 -15 -14 -15 -14 -14 -14 0 0 0 0 0 0 0 0 0 0 ]
533,1782983978.044322,17.4900,-65,CSI_DATA,AP,98:F4:AB:29:67:94,-65,11,1,6,1,1,1,1,0,0,0,-96,1,6,1,76035712,0,84,0,0,76.4203,384,[84 -64 4 0 0 0 0 0 0 0 0 0 14 5 13 6 13 7 13 8 14 7 13 8 13 9 12 9 13 9 13 10 13 9 12 9 13 10 13 10 12 10 12 11 12 11 11 11 12 11 11 11 11 12 11 12 11 11 11 11 12 11 12 11 0 0 12 11 12 11 12 11 12 10 11 11 12 10 12 11 13 10 13 11 13 10 14 10 13 10 13 10 14 11 13 10 14 10 15 10 14 9 14 11 14 10 14 10 14 10 14 10 15 9 14 9 15 9 0 0 0 0 0 0 0 0 0 0 ]
534,1782983978.132390,16.8448,-65,CSI_DATA,AP,98:F4:AB:29:67:94,-65,11,1,6,1,1,1,1,0,0,0,-96,1,6,1,76125635,0,84,0,0,76.5103,384,[84 -64 4 0 0 0 0 0 0 0 0 0 4 -15 3 -15 4 -16 5 -16 6 -15 6 -15 6 -15 6 -15 7 -16 7 -15 8 -15 8 -15 9 -15 8 -15 8 -15 8 -15 8 -15 8 -15 8 -14 8 -14 8 -15 8 -14 9 -14 9 -14 9 -14 8 -15 0 0 8 -15 7 -15 8 -15 8 -15 8 -14 7 -15 7 -16 8 -16 6 -16 7 -16 7 -17 7 -15 6 -16 6 -16 6 -17 6 -17 6 -18 6 -17 6 -17 6 -18 6 -17 5 -17 6 -17 6 -17 6 -17 5 -18 0 0 0 0 0 0 0 0 0 0 ]
535,1782983978.222265,16.8255,-66,CSI_DATA,AP,98:F4:AB:29:67:94,-66,11,1,6,1,1,1,1,0,0,0,-96,1,6,1,76216927,0,84,0,0,76.6015,384,[84 -64 4 0 0 0 0 0 0 0 0 0 12 10 12 10 12 12 11 12 11 12 10 13 10 13 10 13 10 14 9 14 10 15 9 15 8 16 10 15 9 14 9 16 9 15 8 15 8 15 8 14 8 15 8 16 8 16 8 15 8 15 9 15 0 0 9 14 10 15 9 15 9 15 9 15 9 15 10 14 9 14 10 14 11 14 11 14 10 14 11 15 11 14 12 15 11 14 12 15 12 14 11 15 13 14 11 15 12 14 12 14 13 14 12 14 13 14 0 0 0 0 0 0 0 0 0 0 ]
536,1782983978.311572,17.6009,-66,CSI_DATA,AP,98:F4:AB:29:67:94,-66,11,1,6,1,1,1,1,0,0,0,-96,1,6,1,76307958,0,84,0,0,76.6925,384,[84 -64 4 0 0 0 0 0 0 0 0 0 -4 -16 -2 -16 -3 -16 -3 -17 -2 -16 -1 -17 0 -17 0 -18 0 -18 0 -17 0 -18 0 -18 1 -18 1 -18 1 -18 2 -19 1 -18 1 -18 2 -18 2 -18 2 -18 2 -18 2 -17 1 -18 1 -18 1 -18 0 0 1 -17 0 -18 0 -18 0 -18 0 -17 1 -18 0 -18 0 -18 0 -19 -1 -18 -2 -19 -1 -18 -2 -18 -2 -19 -1 -19 -3 -19 -2 -19 -2 -20 -2 -20 -2 -19 -2 -19 -3 -19 -3 -19 -4 -19 -4 -19 -3 -19 0 0 0 0 0 0 0 0 0 0 ]
537,1782983978.402942,17.0397,-67,CSI_DATA,AP,98:F4:AB:29:67:94,-67,11,1,7,1,1,1,1,0,0,0,-96,1,6,1,76397080,0,84,0,0,76.7816,384,[84 -64 4 0 0 0 0 0 0 0 0 0 10 -10 11 -9 11 -9 12 -8 12 -8 13 -8 13 -8 13 -7 14 -7 13 -6 14 -6 14 -6 15 -6 14 -7 14 -6 15 -6 14 -5 15 -5 14 -5 14 -5 14 -5 15 -5 14 -4 14 -4 15 -5 15 -5 0 0 15 -5 14 -5 15 -5 14 -5 14 -5 15 -5 14 -6 14 -6 15 -6 14 -7 14 -7 15 -6 15 -6 15 -7 15 -6 15 -7 15 -7 15 -8 15 -8 14 -8 15 -7 15 -8 15 -7 15 -9 15 -7 15 -8 0 0 0 0 0 0 0 0 0 0 ]
538,1782983978.489647,16.0019,-67,CSI_DATA,AP,98:F4:AB:29:67:94,-67,11,1,7,1,1,1,1,0,0,0,-96,1,6,1,76483288,0,84,0,0,76.8679,384,[84 -64 4 0 0 0 0 0 0 0 0 0 7 -12 7 -12 8 -12 8 -12 8 -12 8 -13 9 -13 9 -12 10 -13 10 -11 11 -12 11 -12 11 -11 11 -11 11 -10 12 -11 12 -11 11 -11 11 -10 11 -11 11 -10 12 -11 12 -10 12 -10 12 -10 12 -10 0 0 11 -11 11 -11 12 -12 12 -12 11 -10 10 -11 11 -11 11 -12 11 -12 11 -12 11 -12 10 -12 11 -12 11 -12 11 -13 11 -14 12 -14 11 -13 10 -14 10 -14 11 -14 10 -14 11 -13 10 -14 11 -13 10 -13 0 0 0 0 0 0 0 0 0 0 ]
539,1782983978.580402,15.2969,-67,CSI_DATA,AP,98:F4:AB:29:67:94,-67,11,1,7,1,1,1,1,0,0,0,-96,1,6,1,76575858,0,84,0,0,76.9605,384,[84 -64 4 0 0 0 0 0 0 0 0 0 -8 11 -9 11 -10 11 -10 10 -10 11 -10 10 -11 10 -12 10 -12 10 -13 9 -13 9 -13 10 -13 9 -13 9 -13 8 -15 10 -13 9 -13 9 -13 8 -14 8 -14 8 -13 8 -14 8 -13 8 -14 8 -13 9 0 0 -13 9 -14 10 -13 9 -13 10 -13 8 -13 9 -13 9 -13 9 -12 10 -12 11 -12 12 -13 10 -13 11 -12 11 -12 11 -12 12 -14 12 -12 12 -13 12 -13 11 -12 12 -12 12 -13 12 -12 13 -12 13 -12 13 0 0 0 0 0 0 0 0 0 0 ]
540,1782983978.670613,15.3944,-67,CSI_DATA,AP,98:F4:AB:29:67:94,-67,11,1,7,1,1,1,1,0,0,0,-96,1,6,1,76663933,0,84,0,0,77.0486,384,[84 -64 4 0 0 0 0 0 0 0 0 0 -4 14 -4 13 -5 14 -6 13 -5 13 -6 13 -7 13 -8 13 -7 14 -8 12 -8 14 -8 14 -9 13 -9 13 -9 13 -9 13 -9 13 -9 13 -9 13 -9 13 -9 13 -9 12 -9 13 -10 12 -9 13 -9 13 0 0 -9 14 -9 14 -8 13 -8 14 -9 13 -8 14 -8 15 -8 13 -8 14 -8 14 -8 15 -8 15 -7 14 -7 15 -7 15 -7 15 -8 15 -7 15 -7 16 -6 16 -7 15 -7 15 -6 16 -6 16 -6 15 -6 17 0 0 0 0 0 0 0 0 0 0 ]
541,1782983978.759307,15.5862,-67,CSI_DATA,AP,98:F4:AB:29:67:94,-67,11,1,7,1,1,1,1,0,0,0,-96,1,6,1,76755636,0,84,0,0,77.1402,384,[84 -64 4 0 0 0 0 0 0 0 0 0 -4 14 -4 13 -5 14 -5 14 -5 14 -6 14 -6 13 -7 13 -7 14 -7 13 -8 14 -9 14 -9 14 -8 14 -8 14 -8 14 -9 14 -8 14 -9 13 -9 13 -9 12 -9 13 -9 13 -9 12 -9 13 -8 14 0 0 -8 14 -8 14 -8 14 -7 14 -8 13 -7 13 -8 15 -7 14 -8 14 -7 16 -7 15 -7 15 -7 15 -6 16 -6 16 -6 16 -6 16 -6 16 -6 16 -6 16 -6 16 -6 17 -6 16 -5 17 -5 16 -5 17 0 0 0 0 0 0 0 0 0 0 ]
542,1782983978.847173,15.9134,-65,CSI_DATA,AP,98:F4:AB:29:67:94,-65,11,1,5,1,1,1,1,0,0,0,-96,1,6,1,76857454,0,84,0,0,77.2421,384,[84 -64 4 0 0 0 0 0 0 0 0 0 12 9 11 10 13 11 12 11 12 11 11 12 11 12 11 12 11 13 11 13 11 14 11 14 11 14 11 14 10 13 10 16 9 14 9 14 9 14 9 14 9 14 9 15 9 15 8 14 9 15 10 15 0 0 9 15 10 15 10 15 10 14 9 14 10 14 10 15 11 14 10 14 11 14 11 14 11 14 12 15 12 14 11 14 12 15 12 15 12 14 12 14 12 14 12 15 13 14 13 14 13 14 13 14 13 14 0 0 0 0 0 0 0 0 0 0 ]
543,1782983978.936648,15.5840,-67,CSI_DATA,AP,98:F4:AB:29:67:94,-67,11,1,7,1,1,1,1,0,0,0,-96,1,6,1,76938799,0,84,0,0,77.3234,384,[84 -64 4 0 0 0 0 0 0 0 0 0 -10 12 -11 13 -11 12 -12 12 -11 12 -12 11 -13 12 -13 10 -14 11 -14 11 -14 11 -15 11 -16 10 -15 10 -15 10 -17 10 -15 10 -16 9 -15 9 -15 10 -15 8 -15 10 -15 9 -15 9 -15 10 -15 10 0 0 -15 10 -16 11 -15 10 -15 11 -14 9 -15 10 -15 10 -15 11 -15 11 -16 12 -14 12 -15 12 -15 11 -15 12 -14 13 -14 13 -15 13 -14 13 -15 12 -15 13 -15 14 -14 14 -15 13 -15 14 -14 13 -14 14 0 0 0 0 0 0 0 0 0 0 ]
544,1782983979.026587,17.0747,-67,CSI_DATA,AP,98:F4:AB:29:67:94,-67,11,1,7,1,1,1,1,0,0,0,-96,1,6,1,77024264,0,84,0,0,77.4089,384,[84 -64 4 0 0 0 0 0 0 0 0 0 9 -13 9 -13 10 -13 11 -12 11 -13 13 -11 12 -12 13 -12 14 -13 13 -11 14 -11 14 -12 14 -11 14 -11 15 -11 15 -11 15 -11 14 -10 15 -11 15 -10 16 -11 15 -10 15 -10 15 -10 15 -10 15 -11 0 0 15 -10 14 -10 15 -11 14 -12 15 -11 15 -11 14 -12 14 -12 14 -12 14 -12 15 -13 13 -12 14 -13 14 -13 14 -13 15 -14 15 -13 14 -14 14 -14 13 -15 14 -14 14 -14 13 -14 13 -15 14 -14 14 -15 0 0 0 0 0 0 0 0 0 0 ]
545,1782983979.113569,16.6472,-66,CSI_DATA,AP,98:F4:AB:29:67:94,-66,11,1,7,1,1,1,1,0,0,0,-96,1,6,1,77114019,0,84,0,0,77.4987,384,[84 -64 4 0 0 0 0 0 0 0 0 0 -8 -11 -8 -12 -8 -12 -7 -13 -7 -13 -6 -13 -7 -13 -6 -13 -6 -14 -5 -14 -5 -14 -6 -14 -5 -15 -5 -14 -5 -14 -5 -15 -5 -15 -5 -15 -4 -14 -4 -14 -4 -15 -4 -14 -5 -15 -4 -15 -4 -15 -5 -15 0 0 -5 -15 -6 -15 -5 -14 -6 -14 -5 -14 -5 -14 -6 -15 -6 -14 -7 -15 -7 -14 -7 -15 -6 -14 -7 -14 -8 -15 -8 -15 -8 -15 -8 -15 -8 -14 -7 -14 -8 -14 -8 -15 -8 -15 -8 -15 -9 -14 -8 -14 -9 -14 0 0 0 0 0 0 0 0 0 0 ]
546,1782983979.204546,17.1840,-66,CSI_DATA,AP,98:F4:AB:29:67:94,-66,11,1,6,1,1,1,1,0,0,0,-96,1,6,1,77206562,0,84,0,0,77.5912,384,[84 -64 4 0 0 0 0 0 0 0 0 0 7 13 7 14 7 14 6 15 6 15 6 16 5 16 5 15 6 16 4 16 4 17 3 17 3 18 4 17 3 16 4 18 3 17 3 17 3 16 3 17 2 16 3 17 3 17 2 17 2 17 3 17 0 0 3 17 4 17 4 17 4 18 3 17 4 17 4 17 4 16 5 17 5 18 5 17 5 17 5 17 5 17 7 18 7 16 7 18 7 17 6 17 7 17 6 17 7 17 7 17 7 18 6 17 7 17 0 0 0 0 0 0 0 0 0 0 ]
547,1782983979.293107,17.3683,-66,CSI_DATA,AP,98:F4:AB:29:67:94,-66,11,1,6,1,1,1,1,0,0,0,-96,1,6,1,77295767,0,84,0,0,77.6804,384,[84 -64 4 0 0 0 0 0 0 0 0 0 12 10 11 11 12 11 11 12 11 12 10 13 10 12 9 13 10 13 9 14 11 14 10 14 10 14 9 14 9 14 9 16 9 15 9 15 8 15 8 14 8 15 8 15 8 15 8 14 9 15 9 14 0 0 9 15 9 15 9 15 10 14 8 14 9 14 10 14 10 14 11 14 10 14 11 14 11 13 11 14 11 14 12 13 12 13 13 15 12 13 12 15 12 13 12 14 13 14 13 14 14 13 13 13 13 12 0 0 0 0 0 0 0 0 0 0 ]
548,1782983979.381673,16.9034,-66,CSI_DATA,AP,98:F4:AB:29:67:94,-66,11,1,6,1,1,1,1,0,0,0,-96,1,6,1,77385134,0,84,0,0,77.7698,384,[84 -64 4 0 0 0 0 0 0 0 0 0 -12 7 -12 7 -14 7 -13 7 -14 7 -14 6 -15 7 -14 5 -15 6 -16 5 -16 5 -16 5 -16 5 -16 5 -16 4 -17 4 -16 4 -16 4 -16 3 -16 4 -16 3 -16 3 -15 3 -16 4 -16 3 -16 4 0 0 -16 3 -16 4 -16 4 -16 4 -15 3 -16 4 -16 5 -16 4 -17 5 -17 5 -17 6 -16 5 -16 5 -16 6 -16 5 -16 6 -17 5 -16 7 -17 6 -16 7 -17 6 -17 6 -17 6 -16 6 -16 6 -16 7 0 0 0 0 0 0 0 0 0 0 ]
549,1782983979.474375,15.8296,-66,CSI_DATA,AP,98:F4:AB:29:67:94,-66,11,1,6,1,1,1,1,0,0,0,-96,1,6,1,77473685,0,84,0,0,77.8583,384,[84 -64 4 0 0 0 0 0 0 0 0 0 11 8 10 9 11 9 10 9 11 10 11 10 11 11 10 11 11 11 9 12 10 12 10 13 10 12 9 13 9 12 9 13 9 12 9 12 9 12 9 12 9 12 9 12 8 12 9 12 9 12 9 12 0 0 10 12 10 12 9 12 11 12 10 11 10 11 11 12 11 11 11 11 11 11 12 11 11 11 11 12 12 10 13 11 13 10 13 11 13 10 13 10 13 10 13 10 14 10 13 10 13 10 13 10 13 10 0 0 0 0 0 0 0 0 0 0 ]
550,1782983979.562284,16.2221,-66,CSI_DATA,AP,98:F4:AB:29:67:94,-66,11,1,6,1,1,1,1,0,0,0,-96,1,6,1,77564763,0,84,0,0,77.9493,384,[84 -64 4 0 0 0 0 0 0 0 0 0 -1 15 -1 15 -1 16 -1 15 -1 16 -1 15 -3 17 -2 16 -2 17 -5 17 -5 17 -5 16 -5 17 -5 17 -5 16 -6 17 -4 17 -6 16 -5 15 -5 16 -6 16 -5 16 -6 16 -6 16 -6 16 -6 16 0 0 -4 16 -5 17 -4 16 -5 17 -4 16 -4 16 -4 17 -3 17 -3 18 -4 18 -3 18 -3 17 -3 17 -2 17 -2 19 -2 18 -2 19 -2 18 -1 18 -1 19 -2 18 -1 18 -2 19 -2 19 -2 18 -1 18 0 0 0 0 0 0 0 0 0 0 ]
551,1782983979.653118,16.3664,-67,CSI_DATA,AP,98:F4:AB:29:67:94,-67,11,1,7,1,1,1,1,0,0,0,-96,1,6,1,77657051,0,84,0,0,78.0417,384,[84 -64 4 0 0 0 0 0 0 0 0 0 9 12 9 13 10 13 9 14 9 14 8 14 7 15 7 15 8 16 6 16 7 16 6 16 6 16 6 16 5 16 6 17 6 17 5 16 5 16 6 16 4 16 5 15 4 17 5 17 5 16 5 16 0 0 6 16 5 16 7 16 6 16 6 16 6 17 6 17 6 16 7 17 8 17 8 17 8 16 8 17 8 17 8 16 9 16 9 17 8 18 9 17 9 16 8 17 9 16 8 17 10 16 9 17 10 17 0 0 0 0 0 0 0 0 0 0 ]
552,1782983979.739326,15.9698,-67,CSI_DATA,AP,98:F4:AB:29:67:94,-67,11,1,7,1,1,1,1,0,0,0,-96,1,6,1,77743347,0,84,0,0,78.128,384,[84 -64 4 0 0 0 0 0 0 0 0 0 8 10 8 11 8 12 8 12 8 13 7 12 7 13 7 13 8 14 6 14 6 14 7 14 7 14 7 14 5 14 6 16 5 15 5 14 5 14 5 14 6 14 5 14 5 14 5 15 5 15 5 14 0 0 6 15 7 15 6 14 6 14 6 13 6 14 7 14 7 14 7 14 7 14 7 14 7 14 8 14 8 14 8 14 8 14 8 15 9 13 8 14 9 13 9 14 9 14 9 14 10 13 10 13 9 13 0 0 0 0 0 0 0 0 0 0 ]
553,1782983979.828595,16.9678,-67,CSI_DATA,AP,98:F4:AB:29:67:94,-67,11,1,7,1,1,1,1,0,0,0,-96,1,6,1,77852414,0,84,0,0,78.2371,384,[84 -64 4 0 0 0 0 0 0 0 0 0 -4 16 -5 15 -5 16 -7 15 -7 16 -8 15 -9 16 -10 16 -9 15 -10 15 -10 15 -10 16 -11 15 -10 14 -10 14 -10 15 -11 14 -11 14 -10 13 -11 14 -11 14 -11 14 -11 14 -11 14 -11 14 -11 15 0 0 -11 15 -11 16 -11 15 -10 15 -10 14 -10 15 -10 16 -10 15 -10 15 -10 16 -8 17 -9 16 -9 16 -9 16 -8 16 -9 17 -9 17 -8 17 -9 17 -9 17 -9 17 -9 17 -9 17 -8 18 -9 17 -8 18 0 0 0 0 0 0 0 0 0 0 ]
554,1782983979.918996,17.4513,-67,CSI_DATA,AP,98:F4:AB:29:67:94,-67,11,1,7,1,1,1,1,0,0,0,-96,1,6,1,77923379,0,84,0,0,78.3079,384,[84 -64 4 0 0 0 0 0 0 0 0 0 3 -14 4 -15 4 -16 5 -15 5 -15 6 -15 7 -15 7 -15 7 -15 7 -15 7 -14 8 -15 9 -14 8 -14 9 -14 9 -15 8 -14 8 -13 9 -14 8 -13 9 -14 9 -14 9 -13 9 -13 10 -14 9 -14 0 0 9 -14 8 -14 9 -14 7 -15 7 -13 8 -14 9 -14 8 -14 8 -15 8 -15 7 -16 7 -15 7 -15 7 -15 7 -16 7 -16 7 -16 7 -16 6 -16 6 -16 7 -17 6 -16 7 -17 5 -17 7 -16 6 -16 0 0 0 0 0 0 0 0 0 0 ]
555,1782983980.007843,16.7283,-67,CSI_DATA,AP,98:F4:AB:29:67:94,-67,11,1,7,1,1,1,1,0,0,0,-96,1,6,1,78018754,0,84,0,0,78.4034,384,[84 -64 4 0 0 0 0 0 0 0 0 0 4 14 3 14 3 14 2 14 3 15 2 15 1 16 1 15 1 16 0 16 1 16 0 16 -1 17 -1 17 -1 15 -1 17 -1 16 0 15 -1 16 -2 15 -1 16 -2 16 -2 16 -2 15 -2 16 -2 16 0 0 -1 15 0 17 0 16 0 16 -1 16 0 16 -1 16 0 16 0 16 0 16 1 16 0 16 1 17 1 16 2 17 2 16 1 17 1 16 1 17 2 17 1 17 2 16 2 17 2 17 2 17 3 16 0 0 0 0 0 0 0 0 0 0 ]
556,1782983980.097207,17.1541,-67,CSI_DATA,AP,98:F4:AB:29:67:94,-67,11,1,7,1,1,1,1,0,0,0,-96,1,6,1,78109460,0,84,0,0,78.4941,384,[84 -64 4 0 0 0 0 0 0 0 0 0 -7 -15 -7 -14 -6 -16 -5 -16 -5 -15 -4 -16 -4 -17 -3 -16 -3 -17 -3 -17 -3 -18 -3 -18 -3 -17 -3 -18 -2 -16 -2 -18 -1 -17 -2 -16 -1 -16 -1 -17 -1 -17 -2 -17 -1 -16 -1 -17 -2 -17 -1 -17 0 0 -1 -17 -2 -17 -2 -17 -2 -17 -2 -16 -2 -17 -3 -17 -3 -17 -3 -17 -4 -17 -4 -17 -4 -16 -3 -17 -4 -17 -4 -17 -4 -18 -4 -19 -4 -18 -5 -17 -5 -18 -4 -18 -5 -17 -5 -18 -6 -18 -6 -17 -5 -17 0 0 0 0 0 0 0 0 0 0 ]
557,1782983980.188462,17.1714,-66,CSI_DATA,AP,98:F4:AB:29:67:94,-66,11,1,6,1,1,1,1,0,0,0,-96,1,6,1,78199922,0,84,0,0,78.5845,384,[84 -64 4 0 0 0 0 0 0 0 0 0 -4 -15 -4 -15 -4 -16 -3 -16 -3 -16 -2 -16 -2 -16 -2 -16 -1 -17 -1 -17 -1 -16 -1 -17 -1 -17 0 -18 -1 -17 -1 -18 0 -17 0 -18 0 -16 1 -16 0 -17 0 -17 0 -17 0 -16 1 -17 0 -16 0 0 -1 -17 -1 -18 -1 -16 -1 -18 -1 -16 -1 -17 -1 -17 -2 -17 -2 -16 -3 -18 -2 -17 -2 -17 -3 -17 -3 -17 -3 -17 -4 -17 -4 -18 -4 -17 -4 -17 -4 -18 -5 -18 -5 -18 -4 -18 -5 -17 -4 -17 -6 -18 0 0 0 0 0 0 0 0 0 0 ]
558,1782983980.278015,16.4220,-67,CSI_DATA,AP,98:F4:AB:29:67:94,-67,11,1,7,1,1,1,1,0,0,0,-96,1,6,1,78284779,0,84,0,0,78.6694,384,[84 -64 4 0 0 0 0 0 0 0 0 0 11 10 11 10 11 10 11 11 11 10 10 11 10 12 10 12 10 12 10 14 9 14 9 14 9 14 9 14 9 13 9 15 8 13 8 13 8 13 9 13 7 13 8 14 7 14 7 14 8 14 8 14 0 0 8 13 9 14 8 13 9 13 8 13 8 12 9 13 9 12 10 13 10 13 10 13 10 12 10 12 10 13 11 13 11 13 11 14 11 12 11 12 11 12 11 13 12 12 11 13 11 13 11 13 12 12 0 0 0 0 0 0 0 0 0 0 ]
559,1782983980.366975,16.5529,-67,CSI_DATA,AP,98:F4:AB:29:67:94,-67,11,1,7,1,1,1,1,0,0,0,-96,1,6,1,78375972,0,84,0,0,78.7606,384,[84 -64 4 0 0 0 0 0 0 0 0 0 6 15 6 15 7 16 6 15 5 15 4 16 4 17 4 17 3 17 3 17 3 18 3 17 2 17 2 17 2 16 1 18 1 18 1 17 0 17 1 17 1 17 1 17 0 17 1 17 2 17 2 17 0 0 3 16 3 18 2 17 2 16 3 16 4 17 4 17 4 16 3 17 4 16 5 17 4 17 5 17 5 18 4 17 5 18 6 18 6 18 4 18 5 18 5 17 6 16 5 17 7 18 6 17 6 17 0 0 0 0 0 0 0 0 0 0 ]
560,1782983980.455919,16.5616,-66,CSI_DATA,AP,98:F4:AB:29:67:94,-66,11,1,6,1,1,1,1,0,0,0,-96,1,6,1,78463387,0,84,0,0,78.848,384,[84 -64 4 0 0 0 0 0 0 0 0 0 -3 15 -5 15 -5 15 -5 15 -6 15 -5 15 -7 15 -7 15 -7 16 -8 15 -8 15 -9 15 -9 15 -9 14 -9 15 -9 15 -9 14 -10 14 -10 14 -9 14 -10 14 -10 14 -9 15 -10 14 -10 13 -9 15 0 0 -9 14 -9 15 -9 15 -9 15 -8 14 -9 15 -8 14 -9 15 -9 15 -8 17 -8 16 -8 16 -8 16 -7 17 -7 17 -7 17 -8 17 -7 16 -7 17 -6 17 -7 17 -7 17 -7 17 -6 17 -7 17 -6 17 0 0 0 0 0 0 0 0 0 0 ]
561,1782983980.545553,17.7381,-64,CSI_DATA,AP,98:F4:AB:29:67:94,-64,11,1,5,1,1,1,1,0,0,0,-96,1,6,1,78557988,0,84,0,0,78.9426,384,[84 -64 4 0 0 0 0 0 0 0 0 0 12 10 12 12 12 12 11 13 11 13 11 13 11 14 10 14 10 15 10 15 10 16 10 16 9 16 10 16 8 15 9 17 9 16 8 15 8 15 8 16 8 16 8 16 8 16 8 15 8 17 9 15 0 0 8 15 9 16 9 16 9 14 8 14 9 15 9 15 10 14 10 15 11 14 11 15 10 14 11 15 11 15 12 15 12 14 13 15 11 14 12 14 13 14 12 15 13 14 12 15 13 14 13 13 13 14 0 0 0 0 0 0 0 0 0 0 ]
562,1782983980.633207,16.5137,-66,CSI_DATA,AP,98:F4:AB:29:67:94,-66,11,1,6,1,1,1,1,0,0,0,-96,1,6,1,78643179,0,84,0,0,79.0277,384,[84 -64 4 0 0 0 0 0 0 0 0 0 12 -8 12 -8 13 -8 13 -8 14 -7 13 -7 14 -6 15 -6 16 -6 15 -6 16 -6 15 -5 16 -4 16 -4 15 -5 16 -4 15 -5 15 -4 15 -4 15 -3 15 -4 15 -4 15 -3 15 -3 15 -3 15 -4 0 0 14 -4 15 -5 15 -5 14 -6 14 -5 14 -5 15 -5 15 -6 14 -7 15 -6 14 -7 14 -7 15 -7 14 -7 14 -8 14 -8 15 -8 14 -8 14 -8 14 -9 14 -8 13 -9 14 -9 14 -10 14 -9 13 -9 0 0 0 0 0 0 0 0 0 0 ]
563,1782983980.721529,17.8767,-66,CSI_DATA,AP,98:F4:AB:29:67:94,-66,11,1,6,1,1,1,1,0,0,0,-96,1,6,1,78735072,0,84,0,0,79.1197,384,[84 -64 4 0 0 0 0 0 0 0 0 0 -2 -18 -2 -18 -1 -19 0 -18 0 -19 1 -19 2 -19 2 -18 2 -19 4 -19 4 -19 4 -19 4 -20 5 -20 4 -19 5 -19 5 -19 4 -19 5 -17 5 -18 6 -18 5 -18 5 -18 5 -19 5 -18 5 -19 0 0 5 -18 4 -18 3 -18 3 -18 3 -17 3 -18 3 -19 3 -18 3 -18 1 -19 1 -19 1 -19 1 -19 1 -19 0 -19 0 -19 0 -20 0 -19 1 -20 -1 -19 0 -19 0 -19 0 -19 -1 -20 -1 -19 -1 -19 0 0 0 0 0 0 0 0 0 0 ]
564,1782983980.811066,18.1637,-65,CSI_DATA,AP,98:F4:AB:29:67:94,-65,11,1,6,1,1,1,1,0,0,0,-96,1,6,1,78825570,0,84,0,0,79.2102,384,[84 -64 4 0 0 0 0 0 0 0 0 0 5 16 5 16 5 17 4 18 4 18 3 18 3 19 2 19 2 19 1 19 1 19 1 19 1 19 0 20 0 19 0 20 -1 20 0 19 -1 18 -1 19 -1 19 -1 19 -1 18 -1 18 -2 18 -1 18 0 0 -1 19 0 18 0 19 0 17 0 17 1 18 1 18 0 18 1 18 2 18 2 19 2 17 2 19 2 19 2 18 3 18 3 19 3 19 3 19 4 18 4 18 4 19 4 19 5 18 4 18 5 18 0 0 0 0 0 0 0 0 0 0 ]
565,1782983980.899299,18.3468,-65,CSI_DATA,AP,98:F4:AB:29:67:94,-65,11,1,6,1,1,1,1,0,0,0,-96,1,6,1,78916687,0,84,0,0,79.3013,384,[84 -64 4 0 0 0 0 0 0 0 0 0 -9 -14 -9 -14 -9 -16 -8 -15 -8 -15 -7 -16 -8 -16 -7 -17 -6 -17 -6 -17 -5 -18 -5 -18 -5 -18 -4 -17 -4 -17 -4 -18 -4 -18 -4 -18 -3 -17 -4 -18 -3 -17 -3 -18 -2 -17 -3 -18 -3 -18 -4 -17 0 0 -4 -17 -4 -18 -4 -17 -4 -17 -3 -16 -4 -16 -4 -17 -5 -16 -4 -17 -6 -17 -6 -17 -6 -17 -6 -16 -5 -16 -6 -17 -7 -17 -7 -18 -7 -17 -7 -17 -7 -16 -7 -16 -8 -16 -7 -17 -8 -17 -8 -16 -8 -16 0 0 0 0 0 0 0 0 0 0 ]
566,1782983980.986274,17.5849,-65,CSI_DATA,AP,98:F4:AB:29:67:94,-65,11,1,6,1,1,1,1,0,0,0,-96,1,6,1,79007116,0,84,0,0,79.3917,384,[84 -64 4 0 0 0 0 0 0 0 0 0 16 2 15 2 17 2 16 2 17 3 15 4 16 4 16 4 17 4 17 6 17 7 16 7 17 8 16 7 15 6 17 7 15 6 16 6 15 6 16 6 16 7 16 6 16 7 15 7 15 7 15 6 0 0 15 5 16 5 15 4 16 5 15 5 16 4 16 4 16 4 16 2 17 3 16 3 15 4 16 3 16 2 18 1 16 0 18 1 17 1 17 0 17 -1 17 1 17 -1 18 0 18 0 17 0 17 0 0 0 0 0 0 0 0 0 0 0 ]
567,1782983981.073549,17.1329,-65,CSI_DATA,AP,98:F4:AB:29:67:94,-65,11,1,6,1,1,1,1,0,0,0,-96,1,6,1,79093372,0,84,0,0,79.478,384,[84 -64 4 0 0 0 0 0 0 0 0 0 -2 16 -3 16 -4 16 -4 17 -4 17 -4 17 -6 17 -6 16 -6 17 -7 16 -7 16 -7 17 -7 17 -7 16 -8 16 -8 17 -8 16 -8 16 -9 16 -7 15 -9 15 -8 15 -8 14 -8 15 -8 15 -7 15 0 0 -7 15 -7 16 -7 15 -7 15 -6 14 -7 14 -6 15 -6 16 -5 16 -5 17 -4 16 -4 16 -5 16 -4 16 -4 16 -4 17 -4 18 -3 17 -4 17 -4 17 -4 17 -3 17 -2 17 -2 18 -2 17 -2 17 0 0 0 0 0 0 0 0 0 0 ]
568,1782983981.161590,17.0394,-66,CSI_DATA,AP,98:F4:AB:29:67:94,-66,11,1,7,1,1,1,1,0,0,0,-96,1,6,1,79183682,0,84,0,0,79.5683,384,[84 -64 4 0 0 0 0 0 0 0 0 0 -16 1 -17 1 -18 0 -17 0 -19 0 -18 -1 -17 -2 -18 -1 -18 -2 -19 -3 -19 -2 -19 -2 -18 -3 -18 -4 -19 -4 -19 -5 -18 -5 -18 -5 -17 -5 -17 -5 -17 -5 -17 -5 -17 -5 -17 -4 -17 -4 -18 -4 0 0 -18 -4 -18 -3 -18 -4 -17 -3 -17 -4 -16 -2 -18 -3 -17 -3 -18 -2 -17 -1 -18 -1 -18 -1 -19 0 -18 0 -17 -1 -18 1 -19 0 -17 0 -18 1 -18 1 -18 1 -18 1 -18 1 -18 1 -18 2 -19 3 0 0 0 0 0 0 0 0 0 0 ]
569,1782983981.249850,17.0246,-65,CSI_DATA,AP,98:F4:AB:29:67:94,-65,11,1,6,1,1,1,1,0,0,0,-96,1,6,1,79294035,0,84,0,0,79.6786,384,[84 -64 4 0 0 0 0 0 0 0 0 0 4 -16 5 -15 6 -15 6 -16 7 -16 7 -16 9 -16 9 -15 9 -16 9 -15 10 -16 9 -15 9 -15 10 -14 11 -14 11 -15 10 -15 10 -14 10 -14 11 -13 11 -13 11 -14 10 -13 10 -14 10 -14 11 -14 0 0 10 -14 10 -14 10 -14 8 -14 9 -13 10 -14 9 -14 8 -15 8 -14 8 -15 7 -15 7 -15 7 -15 7 -15 7 -16 7 -16 7 -17 6 -17 7 -17 6 -16 6 -17 6 -17 6 -18 5 -18 5 -17 5 -17 0 0 0 0 0 0 0 0 0 0 ]
570,1782983981.338234,16.0533,-66,CSI_DATA,AP,98:F4:AB:29:67:94,-66,11,1,7,1,1,1,1,0,0,0,-96,1,6,1,79367313,0,84,0,0,79.7518,384,[84 -64 4 0 0 0 0 0 0 0 0 0 15 2 15 2 16 3 16 3 17 5 15 4 16 5 15 6 16 5 16 7 16 7 16 7 16 8 15 8 14 7 16 8 15 8 15 7 14 8 15 7 14 7 15 7 15 7 14 7 14 7 15 7 0 0 14 6 15 6 15 5 16 4 14 5 15 5 15 6 15 4 16 3 16 3 16 3 15 4 16 4 16 3 17 2 17 1 17 2 16 2 16 2 17 0 17 1 17 1 17 0 17 0 17 0 17 0 0 0 0 0 0 0 0 0 0 0 ]
571,1782983981.427810,17.0431,-66,CSI_DATA,AP,98:F4:AB:29:67:94,-66,11,1,7,1,1,1,1,0,0,0,-96,1,6,1,79453609,0,84,0,0,79.8382,384,[84 -64 4 0 0 0 0 0 0 0 0 0 13 10 13 12 14 12 13 12 13 13 12 13 13 14 11 15 12 15 11 14 12 16 11 15 11 16 11 16 11 16 10 17 10 16 9 16 10 16 9 16 9 16 9 16 9 15 9 15 10 15 10 15 0 0 10 14 10 15 11 14 11 14 9 14 11 14 10 14 11 13 11 14 11 13 12 14 12 13 12 13 14 12 13 12 14 12 13 12 14 12 13 13 14 12 14 12 14 11 15 12 16 11 14 11 14 11 0 0 0 0 0 0 0 0 0 0 ]
572,1782983981.517129,16.2075,-66,CSI_DATA,AP,98:F4:AB:29:67:94,-66,11,1,7,1,1,1,1,0,0,0,-96,1,6,1,79543783,0,84,0,0,79.9284,384,[84 -64 4 0 0 0 0 0 0 0 0 0 5 14 5 15 5 15 4 16 4 15 3 16 3 16 2 16 3 16 2 17 1 17 1 17 1 17 1 17 1 16 0 18 1 17 0 16 0 16 1 16 0 16 0 16 0 16 0 15 1 16 0 16 0 0 0 16 2 16 1 16 1 15 1 15 2 15 2 15 2 15 3 15 3 15 3 16 3 15 3 15 4 15 4 15 5 16 5 16 5 15 5 15 5 15 6 15 6 15 7 15 7 15 6 14 7 15 0 0 0 0 0 0 0 0 0 0 ]
573,1782983981.609004,16.4082,-66,CSI_DATA,AP,98:F4:AB:29:67:94,-66,11,1,7,1,1,1,1,0,0,0,-96,1,6,1,79633517,0,84,0,0,80.0181,384,[84 -64 4 0 0 0 0 0 0 0 0 0 1 16 1 15 0 16 -1 16 0 17 -1 16 -2 17 -2 17 -3 17 -4 17 -4 17 -5 16 -5 17 -5 16 -5 16 -5 17 -5 16 -5 16 -5 15 -5 15 -6 15 -5 15 -6 15 -6 15 -6 15 -5 15 0 0 -5 15 -5 16 -4 15 -4 15 -4 14 -4 15 -4 15 -4 15 -4 16 -3 15 -4 16 -3 15 -2 15 -2 16 -2 17 -2 16 -2 17 -1 16 -1 17 -1 16 -1 17 -1 16 -1 17 -1 17 -1 17 -1 17 0 0 0 0 0 0 0 0 0 0 ]
574,1782983981.699416,16.7185,-67,CSI_DATA,AP,98:F4:AB:29:67:94,-67,11,1,7,1,1,1,1,0,0,0,-96,1,6,1,79723312,0,84,0,0,80.1079,384,[84 -64 4 0 0 0 0 0 0 0 0 0 8 15 7 15 7 17 6 17 6 17 5 17 5 17 4 18 5 18 4 18 3 19 2 19 3 19 3 19 3 18 2 19 2 18 2 18 2 18 2 17 1 17 2 17 1 17 1 17 1 17 2 16 0 0 2 17 4 17 3 16 4 17 3 15 4 15 3 17 4 16 4 17 5 16 6 17 5 16 5 15 7 16 7 16 7 15 7 16 8 15 8 15 8 15 8 15 8 15 8 15 9 15 9 14 8 15 0 0 0 0 0 0 0 0 0 0 ]
575,1782983981.791157,17.6547,-64,CSI_DATA,AP,98:F4:AB:29:67:94,-64,11,1,5,1,1,1,1,0,0,0,-96,1,6,1,79816617,0,84,0,0,80.2012,384,[84 -64 4 0 0 0 0 0 0 0 0 0 10 14 8 15 8 16 8 15 8 16 7 16 7 17 5 17 6 18 6 18 7 18 5 18 5 19 5 18 4 18 4 19 4 18 5 18 3 18 3 18 2 18 2 18 3 18 4 18 3 18 4 18 0 0 4 18 5 18 4 18 5 17 5 17 4 17 5 17 4 17 6 17 7 17 8 17 8 16 9 16 8 18 8 17 9 17 9 17 8 17 8 17 9 17 8 17 9 17 9 17 11 16 10 15 10 15 0 0 0 0 0 0 0 0 0 0 ]
576,1782983981.879298,17.9870,-66,CSI_DATA,AP,98:F4:AB:29:67:94,-66,11,1,7,1,1,1,1,0,0,0,-96,1,6,1,79903309,0,84,0,0,80.2879,384,[84 -64 4 0 0 0 0 0 0 0 0 0 9 -14 9 -13 10 -14 11 -13 11 -14 11 -13 11 -13 12 -13 13 -13 13 -12 14 -12 13 -12 14 -11 14 -12 13 -11 14 -12 14 -11 14 -12 13 -10 14 -10 14 -10 14 -11 14 -11 13 -10 15 -10 14 -10 0 0 13 -10 14 -11 13 -11 12 -12 13 -10 12 -12 12 -12 12 -12 12 -12 11 -13 12 -13 12 -12 12 -13 11 -12 12 -13 11 -13 12 -14 11 -14 11 -14 10 -14 12 -14 11 -14 12 -14 12 -15 11 -14 10 -14 0 0 0 0 0 0 0 0 0 0 ]
577,1782983981.968475,18.4159,-66,CSI_DATA,AP,98:F4:AB:29:67:94,-66,11,1,7,1,1,1,1,0,0,0,-96,1,6,1,79993329,0,84,0,0,80.3779,384,[84 -64 4 0 0 0 0 0 0 0 0 0 -16 3 -16 2 -17 3 -17 2 -17 2 -17 1 -17 0 -18 0 -18 1 -19 0 -18 -1 -19 -1 -18 -1 -18 -1 -18 -2 -19 -1 -18 -2 -17 -2 -18 -2 -17 -2 -17 -3 -17 -3 -17 -2 -17 -2 -18 -2 -16 -2 0 0 -17 -1 -18 0 -16 -1 -17 0 -16 0 -16 -1 -17 0 -17 0 -18 0 -17 2 -18 2 -17 1 -18 1 -17 1 -18 2 -17 3 -19 2 -17 2 -17 2 -18 3 -18 3 -18 3 -18 3 -18 3 -17 3 -18 4 0 0 0 0 0 0 0 0 0 0 ]
578,1782983982.057755,18.4150,-64,CSI_DATA,AP,98:F4:AB:29:67:94,-64,11,1,5,1,1,1,1,0,0,0,-96,1,6,1,80091331,0,84,0,0,80.4759,384,[84 -64 4 0 0 0 0 0 0 0 0 0 16 9 15 10 15 10 15 10 15 11 14 12 15 12 13 13 14 13 13 14 13 14 13 14 12 15 12 15 12 14 13 15 12 14 12 15 11 14 11 14 11 14 12 14 11 15 11 14 11 14 11 14 0 0 12 14 12 14 12 14 13 13 12 13 13 13 13 12 13 12 13 12 14 12 14 12 13 12 14 12 14 12 15 11 15 11 16 12 15 11 15 11 16 10 16 11 16 10 15 12 16 10 16 11 15 10 0 0 0 0 0 0 0 0 0 0 ]
579,1782983982.149179,18.1925,-66,CSI_DATA,AP,98:F4:AB:29:67:94,-66,11,1,6,1,1,1,1,0,0,0,-96,1,6,1,80175785,0,84,0,0,80.5603,384,[84 -64 4 0 0 0 0 0 0 0 0 0 16 8 14 8 15 9 16 9 15 10 14 11 15 11 14 12 14 12 13 13 14 13 13 14 14 14 13 14 13 13 12 15 12 13 13 14 12 14 11 13 12 14 12 13 10 14 11 14 11 14 12 13 0 0 12 14 12 13 12 12 13 13 12 13 13 12 12 12 13 12 13 12 13 11 14 11 13 11 13 12 14 12 14 11 15 10 15 11 15 10 15 11 15 10 15 11 15 10 15 11 16 10 15 10 15 10 0 0 0 0 0 0 0 0 0 0 ]
580,1782983982.240226,18.0193,-65,CSI_DATA,AP,98:F4:AB:29:67:94,-65,11,1,6,1,1,1,1,0,0,0,-96,1,6,1,80270230,0,84,0,0,80.6549,384,[84 -64 4 0 0 0 0 0 0 0 0 0 -11 15 -11 15 -12 15 -12 15 -12 14 -13 14 -13 14 -14 13 -15 13 -15 13 -16 13 -16 13 -16 12 -16 12 -15 11 -16 12 -16 12 -16 11 -16 11 -16 10 -16 10 -16 10 -16 10 -15 10 -16 11 -16 11 0 0 -15 11 -15 12 -15 11 -15 12 -14 11 -14 11 -14 12 -14 12 -14 12 -13 13 -13 14 -13 13 -13 13 -13 14 -13 14 -12 15 -13 15 -13 14 -14 14 -12 15 -12 14 -13 15 -12 15 -11 16 -12 16 -12 16 0 0 0 0 0 0 0 0 0 0 ]
581,1782983982.331184,18.3392,-65,CSI_DATA,AP,98:F4:AB:29:67:94,-65,11,1,6,1,1,1,1,0,0,0,-96,1,6,1,80356978,0,84,0,0,80.7416,384,[84 -64 4 0 0 0 0 0 0 0 0 0 7 -18 8 -17 9 -17 9 -17 10 -17 10 -17 11 -16 11 -17 12 -16 11 -15 12 -16 13 -16 13 -15 13 -15 13 -14 14 -15 14 -14 13 -14 13 -14 13 -13 13 -13 14 -13 12 -13 13 -14 13 -13 13 -14 0 0 13 -14 12 -14 12 -14 11 -15 12 -13 11 -14 12 -14 10 -15 10 -15 10 -16 10 -16 10 -14 10 -16 10 -16 9 -16 9 -17 10 -17 9 -17 9 -18 9 -18 10 -17 9 -17 9 -17 8 -18 8 -18 8 -18 0 0 0 0 0 0 0 0 0 0 ]
582,1782983982.419426,17.9535,-65,CSI_DATA,AP,98:F4:AB:29:67:94,-65,11,1,6,1,1,1,1,0,0,0,-96,1,6,1,80448039,0,84,0,0,80.8327,384,[84 -64 4 0 0 0 0 0 0 0 0 0 -16 10 -16 10 -18 11 -16 10 -18 10 -17 8 -18 8 -18 7 -19 8 -20 7 -19 6 -20 5 -20 5 -20 5 -19 5 -21 6 -19 5 -19 6 -18 5 -18 5 -18 5 -18 5 -18 5 -18 4 -19 5 -18 5 0 0 -18 6 -18 7 -17 6 -17 8 -16 6 -16 7 -17 7 -17 8 -17 9 -18 9 -17 8 -17 8 -17 8 -16 8 -17 10 -16 11 -18 10 -16 9 -17 11 -16 12 -16 11 -16 12 -17 11 -16 12 -17 11 -16 12 0 0 0 0 0 0 0 0 0 0 ]
583,1782983982.509200,18.2641,-64,CSI_DATA,AP,98:F4:AB:29:67:94,-64,11,1,5,1,1,1,1,0,0,0,-96,1,6,1,80539430,0,84,0,0,80.924,384,[84 -64 4 0 0 0 0 0 0 0 0 0 19 -2 18 -1 20 0 19 0 20 1 19 2 19 3 19 4 19 3 20 4 20 4 19 4 20 5 19 5 18 5 20 5 18 5 19 4 17 5 18 6 18 7 18 5 18 5 18 5 18 5 18 5 0 0 17 5 20 4 18 4 18 3 17 3 18 4 18 3 18 3 18 2 20 2 19 0 18 1 19 1 19 0 20 0 19 -1 21 0 20 -1 19 0 20 -1 20 0 20 -1 20 -1 20 -2 19 -1 19 -2 0 0 0 0 0 0 0 0 0 0 ]
584,1782983982.598040,17.6525,-65,CSI_DATA,AP,98:F4:AB:29:67:94,-65,11,1,6,1,1,1,1,0,0,0,-96,1,6,1,80625255,0,84,0,0,81.0099,384,[84 -64 4 0 0 0 0 0 0 0 0 0 14 9 14 10 14 9 14 10 13 11 12 11 13 11 12 12 13 11 12 12 12 12 12 13 12 13 11 14 11 13 11 15 11 14 10 13 11 13 10 13 11 13 10 12 10 12 10 13 11 13 10 13 0 0 11 13 11 12 11 12 11 11 11 11 11 11 12 11 12 11 12 11 12 10 13 11 13 10 13 11 14 11 14 10 14 10 14 10 14 10 15 10 15 9 14 10 15 10 15 9 15 9 15 8 15 9 0 0 0 0 0 0 0 0 0 0 ]
585,1782983982.686570,16.7531,-65,CSI_DATA,AP,98:F4:AB:29:67:94,-65,11,1,6,1,1,1,1,0,0,0,-96,1,6,1,80713372,0,84,0,0,81.098,384,[84 -64 4 0 0 0 0 0 0 0 0 0 7 15 6 15 6 16 6 16 6 16 5 16 5 16 5 16 4 16 2 16 3 17 3 18 2 17 2 18 3 17 3 17 2 17 2 17 1 16 2 16 2 16 3 16 1 16 1 16 2 16 2 16 0 0 2 16 3 17 3 16 4 16 3 16 3 15 3 16 4 16 4 16 4 16 5 16 4 16 4 16 5 16 6 16 7 15 7 17 6 16 6 16 7 16 7 16 7 16 7 16 8 16 7 15 7 16 0 0 0 0 0 0 0 0 0 0 ]
586,1782983982.775230,17.1568,-64,CSI_DATA,AP,98:F4:AB:29:67:94,-64,11,1,5,1,1,1,1,0,0,0,-96,1,6,1,80806946,0,84,0,0,81.1916,384,[84 -64 4 0 0 0 0 0 0 0 0 0 -11 13 -11 13 -12 14 -12 13 -13 13 -12 12 -13 13 -13 12 -13 12 -15 11 -15 11 -15 11 -15 11 -15 10 -14 10 -17 11 -15 10 -15 10 -14 10 -14 10 -15 10 -15 10 -15 10 -14 10 -15 10 -15 10 0 0 -14 11 -14 12 -13 11 -13 12 -12 10 -13 12 -13 12 -12 12 -13 13 -13 13 -13 13 -13 12 -12 12 -12 13 -12 15 -11 14 -13 16 -11 14 -11 15 -11 15 -11 15 -10 15 -12 15 -12 16 -12 15 -11 15 0 0 0 0 0 0 0 0 0 0 ]
587,1782983982.865759,16.9330,-64,CSI_DATA,AP,98:F4:AB:29:67:94,-64,11,1,5,1,1,1,1,0,0,0,-96,1,6,1,80895670,0,84,0,0,81.2802,384,[84 -64 4 0 0 0 0 0 0 0 0 0 6 -17 5 -16 7 -18 7 -16 8 -17 8 -15 9 -16 9 -15 9 -16 10 -15 10 -16 11 -15 11 -15 11 -15 11 -14 12 -15 10 -14 11 -14 11 -13 11 -13 12 -13 11 -13 11 -13 12 -13 11 -13 11 -13 0 0 11 -13 11 -14 10 -14 9 -15 10 -13 10 -14 10 -14 10 -14 9 -15 10 -16 9 -16 9 -15 10 -15 8 -15 9 -17 8 -16 10 -17 9 -17 9 -16 8 -17 9 -16 8 -16 9 -17 8 -17 8 -17 8 -17 0 0 0 0 0 0 0 0 0 0 ]
588,1782983982.955351,16.9147,-64,CSI_DATA,AP,98:F4:AB:29:67:94,-64,11,1,5,1,1,1,1,0,0,0,-96,1,6,1,80985555,0,84,0,0,81.3702,384,[84 -64 4 0 0 0 0 0 0 0 0 0 -10 13 -10 12 -11 12 -11 13 -12 12 -12 12 -13 12 -13 12 -13 12 -13 11 -14 11 -14 11 -15 11 -14 11 -13 10 -15 11 -15 11 -14 10 -14 10 -13 10 -13 10 -14 10 -14 10 -14 9 -14 10 -14 10 0 0 -13 10 -13 11 -13 11 -13 11 -12 11 -12 11 -12 12 -12 12 -12 12 -12 13 -12 13 -11 13 -12 12 -12 13 -12 14 -11 14 -12 14 -11 14 -11 15 -11 15 -11 15 -10 15 -11 15 -10 15 -10 15 -10 15 0 0 0 0 0 0 0 0 0 0 ]
589,1782983983.042479,16.3399,-65,CSI_DATA,AP,98:F4:AB:29:67:94,-65,11,1,5,1,1,1,1,0,0,0,-96,1,6,1,81073045,0,84,0,0,81.4577,384,[84 -64 4 0 0 0 0 0 0 0 0 0 14 -6 14 -5 15 -6 15 -4 15 -5 15 -4 15 -4 15 -3 16 -4 16 -2 17 -2 17 -2 17 -1 16 -1 16 -2 17 -2 15 -2 17 -2 15 -1 16 -1 16 -1 16 -1 16 -1 16 -1 16 -1 16 -2 0 0 15 -2 16 -2 15 -2 16 -3 15 -2 16 -3 16 -3 16 -3 15 -4 16 -5 16 -5 15 -4 15 -4 16 -5 16 -5 16 -6 17 -6 16 -6 16 -7 16 -7 16 -6 16 -7 17 -6 16 -7 16 -6 15 -7 0 0 0 0 0 0 0 0 0 0 ]
590,1782983983.132550,16.2118,-66,CSI_DATA,AP,98:F4:AB:29:67:94,-66,11,1,6,1,1,1,1,0,0,0,-96,1,6,1,81164170,0,84,0,0,81.5488,384,[84 -64 4 0 0 0 0 0 0 0 0 0 -7 15 -7 14 -8 15 -8 14 -8 15 -9 14 -10 15 -10 14 -9 14 -11 14 -11 14 -11 13 -12 14 -12 13 -11 13 -12 14 -12 13 -12 13 -11 12 -11 13 -11 13 -11 12 -12 13 -12 12 -11 12 -12 13 0 0 -11 13 -11 14 -10 13 -10 14 -10 13 -11 13 -9 14 -10 14 -10 14 -10 16 -10 15 -10 15 -9 15 -9 14 -9 16 -8 16 -9 16 -8 16 -8 16 -8 16 -9 16 -8 17 -9 17 -7 17 -8 16 -7 17 0 0 0 0 0 0 0 0 0 0 ]
591,1782983983.221089,16.6322,-66,CSI_DATA,AP,98:F4:AB:29:67:94,-66,11,1,6,1,1,1,1,0,0,0,-96,1,6,1,81257747,0,84,0,0,81.6424,384,[84 -64 4 0 0 0 0 0 0 0 0 0 10 -12 11 -12 11 -11 13 -12 13 -12 12 -10 13 -10 13 -9 14 -9 15 -9 14 -11 14 -10 15 -10 14 -9 14 -9 16 -9 14 -8 15 -9 14 -7 15 -8 15 -8 15 -8 14 -8 15 -9 15 -8 14 -9 0 0 15 -9 14 -9 14 -9 13 -10 13 -9 14 -10 15 -8 14 -10 14 -10 14 -11 13 -12 12 -11 13 -11 13 -11 13 -12 13 -12 13 -13 13 -11 14 -12 13 -12 14 -12 13 -12 14 -12 12 -13 13 -14 12 -13 0 0 0 0 0 0 0 0 0 0 ]
592,1782983983.310415,16.0492,-66,CSI_DATA,AP,98:F4:AB:29:67:94,-66,11,1,6,1,1,1,1,0,0,0,-96,1,6,1,81344289,0,84,0,0,81.7289,384,[84 -64 4 0 0 0 0 0 0 0 0 0 0 14 1 13 0 14 -1 15 -1 15 -1 14 -1 15 -2 15 -2 15 -3 15 -3 16 -3 16 -3 15 -4 15 -4 16 -3 16 -4 15 -4 15 -4 15 -4 15 -4 15 -4 14 -3 14 -4 14 -4 15 -3 15 0 0 -3 15 -3 15 -3 16 -3 15 -3 15 -2 15 -2 15 -2 15 -2 16 -1 15 0 16 -1 15 0 16 0 16 0 15 1 16 1 16 1 16 1 16 2 16 1 16 1 16 1 16 2 16 2 16 2 16 0 0 0 0 0 0 0 0 0 0 ]
593,1782983983.400813,16.6989,-65,CSI_DATA,AP,98:F4:AB:29:67:94,-65,11,1,5,1,1,1,1,0,0,0,-96,1,6,1,81438308,0,84,0,0,81.8229,384,[84 -64 4 0 0 0 0 0 0 0 0 0 13 -9 13 -9 16 -8 15 -8 16 -7 16 -7 16 -6 16 -7 16 -5 18 -6 17 -5 17 -5 18 -5 18 -5 17 -4 19 -4 18 -4 18 -4 17 -3 18 -3 17 -3 18 -3 17 -4 17 -3 17 -3 17 -4 0 0 17 -4 17 -4 17 -5 17 -5 17 -4 16 -5 17 -5 17 -5 17 -6 17 -6 17 -7 17 -6 17 -6 17 -6 17 -7 17 -8 19 -8 17 -8 18 -7 17 -8 18 -7 17 -8 18 -7 17 -9 17 -9 17 -9 0 0 0 0 0 0 0 0 0 0 ]
594,1782983983.487475,16.3682,-65,CSI_DATA,AP,98:F4:AB:29:67:94,-65,11,1,6,1,1,1,1,0,0,0,-96,1,6,1,81528254,0,84,0,0,81.9129,384,[84 -64 4 0 0 0 0 0 0 0 0 0 -7 13 -7 13 -8 13 -9 13 -9 13 -9 12 -9 13 -10 12 -10 12 -11 12 -12 12 -12 12 -12 12 -12 11 -11 11 -12 12 -12 12 -12 11 -11 11 -11 11 -12 11 -12 12 -12 11 -12 11 -12 11 -12 11 0 0 -11 11 -11 13 -11 11 -11 13 -10 12 -10 12 -10 12 -10 13 -10 13 -10 14 -10 13 -10 13 -9 13 -8 14 -9 15 -8 14 -9 15 -9 14 -8 15 -8 15 -8 15 -7 15 -9 15 -8 15 -8 15 -8 15 0 0 0 0 0 0 0 0 0 0 ]
595,1782983983.577166,17.0051,-66,CSI_DATA,AP,98:F4:AB:29:67:94,-66,11,1,6,1,1,1,1,0,0,0,-96,1,6,1,81613638,0,84,0,0,81.9982,384,[84 -64 4 0 0 0 0 0 0 0 0 0 -15 -3 -15 -3 -16 -4 -16 -5 -16 -5 -15 -5 -15 -6 -16 -6 -17 -7 -16 -7 -15 -7 -16 -8 -16 -7 -15 -8 -15 -8 -15 -9 -15 -8 -14 -9 -15 -9 -14 -9 -14 -9 -14 -10 -14 -8 -14 -8 -15 -9 -14 -8 0 0 -14 -9 -14 -8 -15 -8 -15 -7 -14 -7 -15 -8 -14 -8 -15 -7 -15 -7 -15 -6 -16 -7 -15 -7 -16 -6 -16 -6 -17 -6 -16 -6 -16 -6 -17 -6 -17 -7 -16 -6 -17 -6 -17 -6 -17 -5 -17 -5 -17 -5 -17 -5 0 0 0 0 0 0 0 0 0 0 ]
596,1782983983.666147,17.8521,-65,CSI_DATA,AP,98:F4:AB:29:67:94,-65,11,1,5,1,1,1,1,0,0,0,-96,1,6,1,81703718,0,84,0,0,82.0883,384,[84 -64 4 0 0 0 0 0 0 0 0 0 15 8 14 8 15 9 15 9 14 10 14 10 14 11 13 11 14 11 13 11 13 12 13 13 13 13 13 13 13 13 13 14 12 14 11 13 11 13 12 12 12 13 12 13 11 13 11 13 11 14 12 13 0 0 12 12 13 13 12 12 13 11 12 12 13 11 12 12 13 11 14 11 14 10 15 10 14 10 14 11 15 11 14 11 15 11 16 10 15 10 15 10 16 9 16 10 16 10 16 10 16 9 15 9 16 9 0 0 0 0 0 0 0 0 0 0 ]
597,1782983983.755237,16.4524,-65,CSI_DATA,AP,98:F4:AB:29:67:94,-65,11,1,5,1,1,1,1,0,0,0,-96,1,6,1,81799986,0,84,0,0,82.1846,384,[84 -64 4 0 0 0 0 0 0 0 0 0 6 12 5 13 5 14 4 14 5 14 4 15 4 14 3 15 3 15 2 15 2 15 2 16 2 16 1 15 1 15 2 16 1 15 1 15 1 15 1 15 0 15 0 15 0 14 0 14 0 15 1 15 0 0 1 15 2 15 1 14 1 14 1 14 1 15 2 15 2 14 2 15 3 15 3 15 3 15 3 14 3 15 3 16 4 15 4 16 3 15 4 15 4 15 4 15 4 16 4 15 5 15 5 16 5 16 0 0 0 0 0 0 0 0 0 0 ]
598,1782983983.846581,17.2638,-65,CSI_DATA,AP,98:F4:AB:29:67:94,-65,11,1,5,1,1,1,1,0,0,0,-96,1,6,1,81899032,0,84,0,0,82.2837,384,[84 -64 4 0 0 0 0 0 0 0 0 0 -13 -11 -12 -10 -13 -11 -13 -11 -13 -13 -12 -12 -11 -13 -11 -13 -12 -14 -11 -14 -12 -14 -11 -15 -11 -15 -11 -15 -10 -14 -10 -16 -10 -15 -10 -15 -10 -14 -9 -15 -9 -15 -9 -16 -9 -15 -9 -14 -10 -15 -10 -15 0 0 -10 -15 -10 -14 -10 -14 -10 -14 -10 -14 -11 -14 -11 -14 -11 -14 -11 -14 -12 -13 -12 -14 -13 -13 -15 -13 -11 -14 -12 -14 -13 -14 -14 -14 -13 -13 -13 -14 -14 -13 -14 -13 -14 -13 -13 -13 -14 -13 -14 -13 -14 -12 0 0 0 0 0 0 0 0 0 0 ]
599,1782983983.937212,17.6705,-65,CSI_DATA,AP,98:F4:AB:29:67:94,-65,11,1,5,1,1,1,1,0,0,0,-96,1,6,1,81977765,0,84,0,0,82.3624,384,[84 -64 4 0 0 0 0 0 0 0 0 0 -5 -15 -6 -15 -6 -16 -4 -16 -4 -16 -4 -16 -3 -17 -2 -18 -2 -17 -2 -18 -2 -18 -2 -18 -1 -18 -1 -18 0 -17 -1 -18 -1 -18 -1 -17 0 -17 1 -18 1 -17 1 -17 1 -17 0 -17 1 -18 0 -18 0 0 0 -18 -1 -18 0 -17 -1 -18 -1 -16 0 -17 -1 -18 0 -17 0 -18 -2 -18 -3 -18 -2 -17 -3 -18 -2 -17 -3 -18 -4 -18 -2 -19 -3 -18 -2 -19 -3 -18 -2 -18 -3 -18 -3 -19 -4 -19 -4 -19 -4 -19 0 0 0 0 0 0 0 0 0 0 ]
600,1782983984.029224,17.7329,-65,CSI_DATA,AP,98:F4:AB:29:67:94,-65,11,1,5,1,1,1,1,0,0,0,-96,1,6,1,82064142,0,84,0,0,82.4489,384,[84 -64 4 0 0 0 0 0 0 0 0 0 -10 13 -10 12 -11 13 -12 12 -12 12 -12 11 -12 12 -12 12 -13 12 -13 11 -14 11 -15 10 -15 10 -15 10 -15 10 -16 10 -15 10 -15 9 -15 8 -14 9 -14 9 -15 9 -15 8 -15 8 -15 9 -15 9 0 0 -14 9 -15 10 -14 10 -14 9 -13 9 -14 10 -14 10 -13 10 -13 11 -14 11 -14 11 -14 10 -14 11 -13 11 -13 12 -13 12 -13 12 -13 12 -13 13 -12 12 -13 13 -13 13 -13 13 -13 13 -13 13 -12 13 0 0 0 0 0 0 0 0 0 0 ]
601,1782983984.118881,18.0351,-65,CSI_DATA,AP,98:F4:AB:29:67:94,-65,11,1,5,1,1,1,1,0,0,0,-96,1,6,1,82153423,0,84,0,0,82.5381,384,[84 -64 4 0 0 0 0 0 0 0 0 0 8 15 7 15 7 16 6 17 7 17 5 16 6 17 5 18 6 18 4 18 4 18 4 19 3 19 3 19 3 18 3 20 2 18 3 19 3 18 3 18 2 19 3 18 2 19 1 18 1 18 2 18 0 0 3 17 4 18 4 17 5 18 3 17 4 17 4 18 5 17 5 18 5 18 6 18 5 17 5 18 6 17 7 18 8 17 7 19 7 17 7 17 7 17 7 18 8 17 8 19 9 17 8 17 8 17 0 0 0 0 0 0 0 0 0 0 ]
602,1782983984.210557,18.5226,-67,CSI_DATA,AP,98:F4:AB:29:67:94,-67,11,1,6,1,1,1,1,0,0,0,-96,1,6,1,82248175,0,84,0,0,82.6328,384,[84 -64 4 0 0 0 0 0 0 0 0 0 -14 -11 -13 -11 -15 -12 -14 -12 -14 -13 -12 -13 -13 -14 -12 -14 -13 -14 -12 -15 -12 -15 -11 -16 -12 -16 -12 -16 -11 -16 -12 -16 -10 -15 -12 -15 -10 -16 -10 -16 -10 -16 -11 -15 -10 -17 -10 -16 -10 -16 -10 -16 0 0 -12 -15 -13 -16 -12 -15 -13 -15 -11 -15 -12 -15 -12 -16 -13 -15 -13 -15 -14 -15 -14 -15 -13 -14 -14 -14 -14 -13 -15 -14 -15 -13 -16 -15 -14 -13 -15 -14 -15 -13 -15 -14 -16 -13 -17 -14 -17 -13 -16 -13 -15 -13 0 0 0 0 0 0 0 0 0 0 ]
603,1782983984.300226,18.2519,-68,CSI_DATA,AP,98:F4:AB:29:67:94,-68,11,1,6,1,1,1,1,0,0,0,-96,1,6,1,82339915,0,84,0,0,82.7245,384,[84 -64 4 0 0 0 0 0 0 0 0 0 -14 1 -15 1 -16 1 -15 0 -16 0 -16 -1 -16 -1 -17 -2 -16 -2 -16 -2 -16 -3 -17 -3 -18 -3 -17 -3 -17 -3 -18 -3 -16 -3 -16 -3 -17 -4 -16 -4 -16 -4 -17 -3 -16 -4 -16 -4 -17 -4 -17 -4 0 0 -17 -3 -17 -3 -17 -3 -17 -2 -16 -3 -16 -3 -17 -3 -17 -3 -17 -2 -19 -2 -18 0 -18 -1 -18 -1 -18 0 -19 -1 -18 1 -20 0 -18 -1 -19 0 -19 0 -19 -1 -18 -1 -19 0 -18 1 -19 0 -19 0 0 0 0 0 0 0 0 0 0 0 ]
604,1782983984.391242,17.9115,-67,CSI_DATA,AP,98:F4:AB:29:67:94,-67,11,1,6,1,1,1,1,0,0,0,-96,1,6,1,82427337,0,84,0,0,82.8119,384,[84 -64 4 0 0 0 0 0 0 0 0 0 -6 16 -6 15 -7 16 -8 17 -8 16 -9 16 -9 16 -9 16 -10 16 -10 16 -10 15 -10 16 -11 15 -11 15 -12 14 -12 15 -12 15 -12 15 -11 14 -11 14 -12 14 -11 14 -11 14 -12 14 -12 13 -11 15 0 0 -11 14 -11 15 -11 15 -10 15 -10 14 -10 14 -10 14 -10 15 -10 15 -9 16 -10 17 -9 16 -9 16 -10 16 -9 16 -10 17 -10 17 -9 17 -10 17 -9 17 -9 17 -9 18 -9 17 -8 18 -8 18 -8 18 0 0 0 0 0 0 0 0 0 0 ]
605,1782983984.482008,17.8173,-66,CSI_DATA,AP,98:F4:AB:29:67:94,-66,11,1,6,1,1,1,1,0,0,0,-96,1,6,1,82514364,0,84,0,0,82.899,384,[84 -64 4 0 0 0 0 0 0 0 0 0 -17 -1 -16 -1 -17 -2 -17 -2 -17 -2 -16 -3 -17 -3 -16 -4 -17 -3 -17 -5 -17 -4 -17 -5 -17 -5 -17 -5 -15 -5 -17 -5 -16 -5 -16 -5 -15 -5 -14 -7 -16 -2 -16 -5 -16 -5 -15 -5 -15 -5 -16 -5 0 0 -15 -4 -16 -4 -16 -3 -16 -3 -15 -3 -15 -3 -16 -3 -16 -2 -16 -2 -17 -1 -16 -1 -16 -2 -16 -1 -16 -1 -17 0 -16 0 -18 0 -16 0 -17 0 -17 1 -17 1 -16 1 -17 1 -17 1 -17 1 -16 2 0 0 0 0 0 0 0 0 0 0 ]
606,1782983984.571501,16.6000,-67,CSI_DATA,AP,98:F4:AB:29:67:94,-67,11,1,6,1,1,1,1,0,0,0,-96,1,6,1,82604508,0,84,0,0,82.9891,384,[84 -64 4 0 0 0 0 0 0 0 0 0 5 15 4 14 4 15 3 16 3 15 3 16 1 16 0 17 1 17 1 16 1 17 0 17 0 17 0 17 -1 16 0 18 -1 17 -1 16 -1 16 -1 16 -2 17 0 16 -1 16 -2 16 -1 16 -1 16 0 0 -1 17 1 17 1 16 1 17 1 17 1 16 0 17 1 17 0 17 3 18 4 18 2 17 3 18 3 18 3 18 4 18 3 20 3 19 4 19 3 19 2 19 4 19 3 19 5 18 5 18 4 18 0 0 0 0 0 0 0 0 0 0 ]
607,1782983984.663714,15.5074,-66,CSI_DATA,AP,98:F4:AB:29:67:94,-66,11,1,6,1,1,1,1,0,0,0,-96,1,6,1,82698149,0,84,0,0,83.0828,384,[84 -64 4 0 0 0 0 0 0 0 0 0 15 0 15 0 15 1 16 1 15 1 15 2 15 3 15 3 15 4 15 4 16 3 16 4 16 5 16 4 15 5 16 5 16 5 15 5 15 5 14 6 15 5 14 5 14 6 15 5 15 5 16 5 0 0 15 5 15 5 16 4 16 4 14 4 15 5 16 5 16 4 15 4 15 3 17 3 16 2 17 3 17 3 17 3 17 2 17 3 18 2 18 3 17 2 18 3 18 2 17 2 18 1 18 2 17 2 0 0 0 0 0 0 0 0 0 0 ]
608,1782983984.754307,16.1947,-64,CSI_DATA,AP,98:F4:AB:29:67:94,-64,11,1,5,1,1,1,1,0,0,0,-96,1,6,1,82786899,0,84,0,0,83.1716,384,[84 -64 4 0 0 0 0 0 0 0 0 0 11 -10 12 -10 13 -10 13 -10 13 -9 13 -9 14 -8 14 -9 16 -9 15 -8 15 -8 16 -8 16 -8 16 -7 15 -7 17 -7 16 -7 15 -6 15 -6 16 -5 15 -6 16 -6 16 -5 15 -6 16 -6 16 -7 0 0 15 -6 16 -7 16 -7 15 -7 15 -6 15 -8 16 -8 15 -8 16 -8 15 -9 15 -9 14 -9 15 -9 16 -10 15 -10 16 -10 15 -10 15 -10 15 -10 15 -11 16 -11 15 -11 15 -10 15 -11 15 -11 15 -11 0 0 0 0 0 0 0 0 0 0 ]
609,1782983984.843725,16.2010,-66,CSI_DATA,AP,98:F4:AB:29:67:94,-66,11,1,7,1,1,1,1,0,0,0,-96,1,6,1,82874409,0,84,0,0,83.259,384,[84 -64 4 0 0 0 0 0 0 0 0 0 14 2 14 2 15 2 15 3 15 3 14 4 15 4 14 4 15 4 15 6 15 5 16 7 15 6 14 6 14 6 16 6 15 6 15 6 14 6 15 6 15 7 15 6 15 7 15 6 15 7 15 6 0 0 15 6 16 5 16 4 16 5 15 5 16 5 16 4 16 5 16 4 16 4 17 4 16 5 16 4 16 4 18 4 18 3 19 3 17 2 18 3 18 1 18 3 17 2 19 3 18 3 18 3 18 3 0 0 0 0 0 0 0 0 0 0 ]
610,1782983984.930051,16.2057,-67,CSI_DATA,AP,98:F4:AB:29:67:94,-67,11,1,7,1,1,1,1,0,0,0,-96,1,6,1,82967708,0,84,0,0,83.3523,384,[84 -64 4 0 0 0 0 0 0 0 0 0 9 -13 8 -12 10 -13 10 -12 11 -12 11 -11 11 -11 11 -11 12 -11 12 -10 12 -11 13 -10 13 -10 13 -10 12 -10 13 -10 12 -9 13 -9 12 -9 12 -10 13 -8 13 -9 12 -9 13 -9 13 -10 13 -9 0 0 12 -10 13 -10 12 -10 12 -11 11 -9 12 -11 12 -11 11 -11 12 -11 11 -12 11 -13 11 -11 11 -12 11 -13 11 -13 11 -14 11 -14 10 -13 11 -13 10 -14 11 -14 10 -14 11 -14 10 -15 10 -14 11 -14 0 0 0 0 0 0 0 0 0 0 ]
611,1782983985.020368,17.2363,-68,CSI_DATA,AP,98:F4:AB:29:67:94,-68,11,1,7,1,1,1,1,0,0,0,-96,1,6,1,83053167,0,84,0,0,83.4377,384,[84 -64 4 0 0 0 0 0 0 0 0 0 -6 14 -6 14 -7 14 -7 15 -8 16 -8 15 -9 15 -11 14 -10 14 -11 14 -10 15 -11 15 -12 14 -11 15 -12 15 -12 14 -11 14 -12 13 -11 13 -11 13 -11 13 -12 12 -11 13 -11 13 -11 14 -11 14 0 0 -11 14 -12 14 -11 15 -9 14 -10 13 -10 14 -9 15 -9 15 -9 15 -8 15 -8 16 -8 15 -8 16 -8 17 -8 16 -8 18 -8 16 -8 17 -8 17 -7 18 -7 18 -8 18 -8 17 -6 18 -7 18 -7 18 0 0 0 0 0 0 0 0 0 0 ]
612,1782983985.110018,17.2161,-68,CSI_DATA,AP,98:F4:AB:29:67:94,-68,11,1,7,1,1,1,1,0,0,0,-96,1,6,1,83144423,0,84,0,0,83.529,384,[84 -64 4 0 0 0 0 0 0 0 0 0 5 15 5 15 6 16 5 15 5 16 3 17 4 17 4 17 4 19 2 18 2 19 2 19 1 18 2 19 1 18 0 20 1 19 0 19 -1 18 0 19 0 19 1 19 -1 18 -1 18 0 19 0 19 0 0 1 19 1 20 1 19 1 18 1 19 2 19 2 19 1 19 2 20 3 20 3 19 2 18 2 20 4 19 3 19 3 20 4 20 3 19 4 21 4 20 5 20 5 19 5 20 5 20 4 20 4 20 0 0 0 0 0 0 0 0 0 0 ]
613,1782983985.199077,17.8598,-68,CSI_DATA,AP,98:F4:AB:29:67:94,-68,11,1,7,1,1,1,1,0,0,0,-96,1,6,1,83233583,0,84,0,0,83.6182,384,[84 -64 4 0 0 0 0 0 0 0 0 0 -6 -14 -6 -14 -7 -15 -5 -17 -5 -15 -4 -15 -4 -17 -4 -16 -4 -17 -3 -17 -3 -17 -3 -19 -2 -17 -1 -18 -2 -17 -3 -20 -2 -17 -3 -18 -2 -17 -2 -17 -2 -18 -2 -18 -2 -17 -1 -18 -2 -18 -2 -18 0 0 -2 -18 -3 -18 -3 -18 -4 -18 -2 -17 -4 -19 -3 -18 -4 -18 -4 -17 -4 -19 -5 -19 -4 -18 -5 -18 -4 -18 -5 -19 -6 -19 -6 -20 -5 -18 -6 -19 -7 -19 -6 -19 -7 -18 -6 -20 -7 -19 -7 -19 -7 -19 0 0 0 0 0 0 0 0 0 0 ]
614,1782983985.286999,17.0203,-68,CSI_DATA,AP,98:F4:AB:29:67:94,-68,11,1,7,1,1,1,1,0,0,0,-96,1,6,1,83323305,0,84,0,0,83.7079,384,[84 -64 4 0 0 0 0 0 0 0 0 0 1 -14 1 -14 2 -15 2 -14 2 -16 3 -14 4 -15 4 -16 3 -16 4 -16 4 -17 5 -15 4 -15 5 -16 5 -14 5 -17 5 -16 6 -16 5 -15 5 -16 5 -15 5 -15 6 -15 5 -15 5 -15 6 -16 0 0 4 -16 4 -16 4 -16 4 -17 4 -15 4 -16 5 -17 4 -16 4 -17 2 -18 2 -16 2 -17 2 -16 2 -16 2 -18 1 -18 2 -19 1 -18 2 -18 1 -18 2 -18 1 -19 1 -19 0 -19 0 -18 0 -18 0 0 0 0 0 0 0 0 0 0 ]
615,1782983985.376035,17.2418,-68,CSI_DATA,AP,98:F4:AB:29:67:94,-68,11,1,7,1,1,1,1,0,0,0,-96,1,6,1,83417861,0,84,0,0,83.8025,384,[84 -64 4 0 0 0 0 0 0 0 0 0 0 -15 1 -15 1 -15 2 -15 2 -15 2 -16 2 -15 5 -16 3 -17 4 -15 5 -16 5 -16 5 -17 5 -16 5 -16 5 -17 5 -15 5 -16 5 -15 6 -15 6 -15 6 -16 6 -15 6 -15 7 -16 6 -17 0 0 6 -16 5 -15 6 -16 5 -16 5 -15 5 -16 6 -15 5 -16 5 -17 4 -16 4 -16 4 -16 5 -17 4 -17 5 -18 4 -18 4 -18 3 -17 4 -18 4 -18 4 -18 4 -18 3 -17 3 -19 3 -19 3 -18 0 0 0 0 0 0 0 0 0 0 ]
616,1782983985.465222,16.5755,-67,CSI_DATA,AP,98:F4:AB:29:67:94,-67,11,1,7,1,1,1,1,0,0,0,-96,1,6,1,83507737,0,84,0,0,83.8923,384,[84 -64 4 0 0 0 0 0 0 0 0 0 11 7 12 6 12 6 11 7 12 7 12 9 12 9 12 10 12 9 11 10 12 10 12 11 11 11 12 10 10 11 11 12 11 11 10 11 11 11 10 12 10 12 10 12 10 12 10 11 10 13 10 12 0 0 10 12 11 12 11 12 11 11 10 11 11 10 10 12 10 11 11 12 12 12 13 11 12 11 12 11 12 11 12 11 13 11 13 12 13 11 13 11 13 11 12 12 13 11 13 12 14 10 14 11 14 10 0 0 0 0 0 0 0 0 0 0 ]
617,1782983985.553478,15.5051,-68,CSI_DATA,AP,98:F4:AB:29:67:94,-68,11,1,7,1,1,1,1,0,0,1,-96,1,6,1,83594762,0,84,0,0,83.9794,384,[84 -64 4 0 0 0 0 0 0 0 0 0 4 13 4 12 4 13 3 13 4 14 3 13 3 14 2 14 3 15 1 15 1 16 0 15 0 15 0 16 0 15 0 16 0 16 0 16 -1 15 1 15 -1 16 1 15 -1 15 -2 16 -1 15 -1 15 0 0 0 16 0 16 0 15 1 16 0 15 0 15 1 17 1 16 2 16 2 16 2 17 0 16 1 16 2 16 2 17 2 16 3 18 3 16 3 17 3 16 3 16 3 16 3 17 3 17 3 16 3 16 0 0 0 0 0 0 0 0 0 0 ]
618,1782983985.642662,16.1584,-67,CSI_DATA,AP,98:F4:AB:29:67:94,-67,11,1,6,1,1,1,1,0,0,0,-96,1,6,1,83691734,0,84,0,0,84.0763,384,[84 -64 4 0 0 0 0 0 0 0 0 0 -14 0 -15 0 -17 -1 -16 0 -16 -1 -16 -2 -16 -2 -17 -2 -17 -2 -17 -4 -17 -4 -17 -4 -17 -4 -17 -5 -16 -5 -18 -6 -17 -5 -18 -4 -17 -5 -17 -5 -16 -5 -17 -5 -16 -6 -16 -6 -16 -6 -17 -5 0 0 -17 -5 -17 -5 -17 -4 -18 -4 -16 -5 -18 -4 -17 -3 -18 -3 -17 -3 -18 -2 -18 -2 -17 -2 -17 -3 -18 -2 -18 -2 -18 -2 -19 -2 -18 -1 -19 -1 -18 0 -19 -1 -18 -1 -19 0 -20 0 -19 -1 -19 0 0 0 0 0 0 0 0 0 0 0 ]
619,1782983985.730924,16.7414,-68,CSI_DATA,AP,98:F4:AB:29:67:94,-68,11,1,7,1,1,1,1,0,0,0,-96,1,6,1,83780039,0,84,0,0,84.1646,384,[84 -64 4 0 0 0 0 0 0 0 0 0 9 11 8 11 10 12 9 12 9 13 7 14 8 15 8 14 7 15 6 15 7 16 7 16 6 16 6 16 5 16 6 16 6 16 4 16 3 16 5 16 4 15 4 16 4 15 5 16 4 17 4 16 0 0 4 16 6 17 5 16 4 15 4 15 6 16 6 16 5 15 6 16 7 15 6 16 6 17 6 16 7 16 8 15 9 16 7 17 8 16 8 16 9 16 8 17 9 16 8 16 9 16 8 16 9 16 0 0 0 0 0 0 0 0 0 0 ]
620,1782983985.819839,17.8003,-68,CSI_DATA,AP,98:F4:AB:29:67:94,-68,11,1,7,1,1,1,1,0,0,1,-96,1,6,1,83865950,0,84,0,0,84.2505,384,[84 -64 4 0 0 0 0 0 0 0 0 0 -17 0 -17 -2 -18 -2 -17 -3 -18 -2 -18 -4 -17 -4 -17 -4 -17 -4 -17 -5 -18 -5 -18 -5 -17 -7 -19 -6 -18 -7 -18 -7 -18 -7 -18 -6 -17 -8 -17 -8 -17 -8 -16 -8 -17 -7 -17 -7 -17 -7 -17 -7 0 0 -17 -7 -17 -7 -17 -7 -16 -5 -17 -6 -17 -6 -18 -6 -18 -6 -17 -5 -18 -4 -18 -5 -19 -5 -19 -4 -19 -4 -18 -4 -19 -2 -19 -3 -19 -3 -19 -4 -19 -4 -19 -4 -20 -4 -20 -2 -20 -2 -20 -3 -19 -2 0 0 0 0 0 0 0 0 0 0 ]
621,1782983985.908112,18.8544,-68,CSI_DATA,AP,98:F4:AB:29:67:94,-68,11,1,7,1,1,1,1,0,0,1,-96,1,6,1,83953291,0,84,0,0,84.3379,384,[84 -64 4 0 0 0 0 0 0 0 0 0 -13 -11 -13 -11 -13 -12 -13 -11 -12 -14 -12 -14 -12 -15 -12 -15 -11 -15 -9 -15 -11 -17 -12 -17 -11 -16 -10 -18 -10 -17 -11 -17 -10 -16 -9 -17 -9 -16 -9 -17 -10 -15 -8 -16 -9 -16 -9 -16 -8 -17 -10 -16 0 0 -10 -16 -11 -15 -11 -16 -11 -15 -11 -17 -10 -15 -11 -16 -11 -16 -11 -14 -12 -16 -12 -15 -12 -15 -13 -14 -13 -15 -12 -15 -14 -15 -14 -15 -13 -14 -14 -14 -14 -14 -14 -15 -15 -14 -14 -14 -15 -14 -14 -14 -14 -14 0 0 0 0 0 0 0 0 0 0 ]
622,1782983985.997388,18.2171,-67,CSI_DATA,AP,98:F4:AB:29:67:94,-67,11,1,7,1,1,1,1,0,0,0,-96,1,6,1,84043864,0,84,0,0,84.4285,384,[84 -64 4 0 0 0 0 0 0 0 0 0 -14 5 -14 5 -15 4 -15 4 -16 4 -16 3 -16 3 -17 2 -17 2 -18 1 -18 2 -17 1 -18 1 -18 1 -17 0 -19 0 -17 0 -17 0 -17 -1 -17 -1 -16 -1 -17 0 -17 -1 -17 0 -17 0 -17 0 0 0 -17 0 -17 1 -17 1 -17 1 -15 0 -16 0 -17 1 -16 1 -16 1 -17 2 -17 3 -16 2 -17 3 -17 3 -18 3 -17 4 -18 3 -17 3 -18 4 -18 4 -17 4 -17 4 -18 4 -18 5 -17 5 -17 5 0 0 0 0 0 0 0 0 0 0 ]
623,1782983986.086308,18.2593,-66,CSI_DATA,AP,98:F4:AB:29:67:94,-66,11,1,6,1,1,1,1,0,0,0,-96,1,6,1,84139504,0,84,0,0,84.5241,384,[84 -64 4 0 0 0 0 0 0 0 0 0 2 17 1 16 1 18 0 18 0 18 0 17 -3 19 -3 18 -3 17 -3 18 -4 18 -3 19 -4 18 -4 18 -5 18 -5 19 -4 18 -5 17 -5 17 -6 17 -6 17 -5 17 -6 17 -5 16 -5 17 -5 17 0 0 -5 17 -5 19 -4 17 -4 18 -4 17 -5 17 -4 18 -4 18 -4 18 -3 19 -1 18 -1 18 -2 18 -2 18 -2 19 -1 19 -1 19 -1 19 -2 19 -1 19 -2 19 -1 20 -1 20 0 20 0 19 0 20 0 0 0 0 0 0 0 0 0 0 ]
624,1782983986.176169,18.2677,-66,CSI_DATA,AP,98:F4:AB:29:67:94,-66,11,1,6,1,1,1,1,0,0,0,-96,1,6,1,84225854,0,84,0,0,84.6104,384,[84 -64 4 0 0 0 0 0 0 0 0 0 4 -16 5 -17 5 -17 6 -17 7 -17 8 -17 8 -16 8 -17 9 -17 10 -16 11 -17 11 -16 11 -16 11 -15 12 -15 13 -16 12 -15 12 -15 12 -14 11 -14 12 -15 12 -15 11 -13 12 -14 12 -14 10 -15 0 0 12 -15 11 -15 12 -14 10 -15 10 -14 11 -15 11 -15 10 -16 11 -16 10 -16 9 -16 10 -16 10 -16 11 -17 10 -17 10 -17 10 -17 9 -17 10 -17 9 -18 9 -18 9 -17 10 -18 10 -18 10 -18 9 -19 0 0 0 0 0 0 0 0 0 0 ]
625,1782983986.267478,17.8059,-67,CSI_DATA,AP,98:F4:AB:29:67:94,-67,11,1,7,1,1,1,1,0,0,0,-96,1,6,1,84314825,0,84,0,0,84.6994,384,[84 -64 4 0 0 0 0 0 0 0 0 0 17 -5 16 -4 18 -3 18 -3 19 -3 17 -2 18 -1 18 0 19 -1 19 2 19 2 19 2 19 2 19 2 18 3 21 2 18 2 19 2 19 2 18 3 17 3 18 2 18 3 18 4 17 3 18 3 0 0 19 2 18 2 18 1 19 1 17 2 19 1 18 1 18 1 19 0 19 0 19 -1 18 0 19 0 18 0 20 -1 19 -2 21 -1 20 -2 19 -2 19 -2 20 -1 19 -2 21 -2 20 -3 20 -1 19 -3 0 0 0 0 0 0 0 0 0 0 ]
626,1782983986.359005,16.5758,-67,CSI_DATA,AP,98:F4:AB:29:67:94,-67,11,1,7,1,1,1,1,0,0,0,-96,1,6,1,84406010,0,84,0,0,84.7906,384,[84 -64 4 0 0 0 0 0 0 0 0 0 -13 9 -14 9 -14 9 -15 8 -15 9 -16 8 -16 7 -16 6 -16 6 -17 6 -17 6 -17 5 -17 5 -17 5 -17 4 -17 5 -17 5 -17 4 -17 3 -17 4 -18 3 -17 3 -16 3 -17 3 -16 3 -17 4 0 0 -16 4 -17 5 -16 6 -17 6 -16 4 -16 5 -16 5 -16 5 -16 6 -16 6 -16 6 -16 5 -17 6 -17 7 -17 7 -17 8 -16 7 -17 8 -18 8 -16 7 -17 8 -16 8 -17 8 -17 9 -17 8 -16 8 0 0 0 0 0 0 0 0 0 0 ]
627,1782983986.448716,16.5269,-67,CSI_DATA,AP,98:F4:AB:29:67:94,-67,11,1,7,1,1,1,1,0,0,0,-96,1,6,1,84494274,0,84,0,0,84.8789,384,[84 -64 4 0 0 0 0 0 0 0 0 0 0 15 0 16 -1 16 -2 17 -2 16 -3 16 -2 16 -4 17 -4 17 -5 16 -5 17 -5 17 -5 16 -6 17 -6 16 -6 17 -6 16 -6 15 -6 15 -7 16 -6 15 -6 15 -6 15 -5 15 -7 16 -6 16 0 0 -5 16 -5 15 -6 16 -5 15 -5 16 -4 16 -5 16 -4 15 -4 17 -2 16 -3 17 -3 17 -2 17 -2 17 -3 17 -2 18 -2 18 -1 16 -2 18 -2 17 0 17 -2 17 -1 18 -1 18 0 17 -1 17 0 0 0 0 0 0 0 0 0 0 ]
628,1782983986.540400,16.7475,-66,CSI_DATA,AP,98:F4:AB:29:67:94,-66,11,1,6,1,1,1,1,0,0,0,-96,1,6,1,84584918,0,84,0,0,84.9694,384,[84 -64 4 0 0 0 0 0 0 0 0 0 -11 11 -12 10 -13 11 -13 10 -13 10 -14 9 -14 10 -14 9 -15 9 -16 8 -16 8 -17 8 -16 8 -16 8 -15 7 -17 7 -16 7 -16 6 -16 7 -15 7 -15 6 -15 6 -15 6 -15 6 -16 6 -15 7 0 0 -15 7 -15 7 -16 7 -14 7 -15 7 -15 7 -15 7 -14 9 -15 9 -14 9 -15 10 -15 9 -14 9 -15 10 -14 10 -15 10 -16 10 -15 10 -15 11 -13 11 -15 12 -14 11 -14 12 -14 12 -14 12 -14 11 0 0 0 0 0 0 0 0 0 0 ]
629,1782983986.632283,16.9016,-66,CSI_DATA,AP,98:F4:AB:29:67:94,-66,11,1,6,1,1,1,1,0,0,0,-96,1,6,1,84674943,0,84,0,0,85.0595,384,[84 -64 4 0 0 0 0 0 0 0 0 0 14 -9 12 -8 14 -9 14 -8 15 -7 15 -7 15 -7 15 -7 16 -6 16 -4 16 -5 17 -4 16 -4 17 -4 15 -4 16 -4 16 -4 17 -4 16 -3 15 -3 17 -3 16 -4 17 -2 16 -3 17 -2 16 -4 0 0 15 -4 16 -4 15 -5 16 -5 15 -4 15 -5 16 -5 15 -5 16 -6 16 -7 15 -6 15 -6 15 -5 15 -6 16 -8 15 -7 17 -7 16 -7 16 -8 15 -9 16 -8 15 -9 16 -8 16 -9 17 -8 16 -9 0 0 0 0 0 0 0 0 0 0 ]
630,1782983986.723289,17.2068,-66,CSI_DATA,AP,98:F4:AB:29:67:94,-66,11,1,6,1,1,1,1,0,0,0,-96,1,6,1,84764133,0,84,0,0,85.1487,384,[84 -64 4 0 0 0 0 0 0 0 0 0 2 18 1 17 1 18 0 18 0 19 -1 18 -2 19 -2 18 -3 19 -3 19 -4 19 -4 19 -4 20 -5 18 -5 18 -5 20 -5 19 -5 18 -5 18 -6 17 -6 18 -6 17 -5 17 -6 18 -6 18 -5 18 0 0 -5 19 -4 19 -4 17 -3 18 -4 17 -4 17 -4 17 -3 17 -4 18 -3 19 -2 19 -2 18 -1 19 -2 19 -1 20 -1 19 -1 20 -1 19 -1 20 -1 20 -1 20 -1 20 0 20 1 20 1 20 0 19 0 0 0 0 0 0 0 0 0 0 ]
631,1782983986.812287,17.6965,-66,CSI_DATA,AP,98:F4:AB:29:67:94,-66,11,1,6,1,1,1,1,0,0,0,-96,1,6,1,84855928,0,84,0,0,85.2406,384,[84 -64 4 0 0 0 0 0 0 0 0 0 17 2 17 2 18 3 18 5 17 3 18 5 18 6 17 7 18 7 17 7 18 7 17 8 17 8 17 8 17 8 17 9 18 9 16 8 16 9 16 9 16 9 16 9 14 9 16 9 16 8 17 8 0 0 16 9 16 8 17 7 16 7 16 8 16 7 16 7 16 7 18 7 16 6 18 6 18 6 18 6 18 6 18 5 19 5 19 5 19 5 19 4 19 4 19 5 19 5 19 4 20 4 19 5 19 4 0 0 0 0 0 0 0 0 0 0 ]
632,1782983986.902056,18.0560,-67,CSI_DATA,AP,98:F4:AB:29:67:94,-67,11,1,7,1,1,1,1,0,0,0,-96,1,6,1,84943846,0,84,0,0,85.3285,384,[84 -64 4 0 0 0 0 0 0 0 0 0 -7 -15 -7 -15 -6 -16 -6 -16 -6 -16 -5 -16 -5 -17 -4 -18 -4 -18 -3 -18 -4 -19 -3 -18 -3 -18 -2 -18 -2 -18 -2 -19 -2 -18 -3 -18 -2 -17 -2 -18 -2 -17 -2 -17 -2 -17 -2 -18 -3 -18 -2 -17 0 0 -3 -17 -3 -16 -3 -17 -5 -16 -4 -17 -4 -17 -4 -17 -5 -16 -5 -17 -6 -18 -7 -17 -6 -17 -7 -17 -7 -17 -8 -17 -8 -17 -8 -17 -8 -17 -8 -18 -9 -17 -8 -17 -8 -17 -9 -17 -9 -18 -9 -17 -9 -16 0 0 0 0 0 0 0 0 0 0 ]
633,1782983986.989535,17.0962,-67,CSI_DATA,AP,98:F4:AB:29:67:94,-67,11,1,7,1,1,1,1,0,0,0,-96,1,6,1,85034188,0,84,0,0,85.4188,384,[84 -64 4 0 0 0 0 0 0 0 0 0 14 4 15 5 15 5 15 5 16 5 15 7 14 7 14 7 15 8 15 9 16 9 15 9 14 10 15 10 14 9 15 10 13 9 14 10 13 10 14 10 12 11 13 10 12 10 13 10 13 9 13 10 0 0 13 9 14 9 13 8 14 8 12 8 14 8 14 8 14 8 14 8 15 7 15 7 14 7 15 8 15 7 16 8 16 6 16 7 16 6 16 7 16 7 17 6 16 6 16 6 17 5 18 6 16 6 0 0 0 0 0 0 0 0 0 0 ]
634,1782983987.081777,17.1565,-66,CSI_DATA,AP,98:F4:AB:29:67:94,-66,11,1,6,1,1,1,1,0,0,0,-96,1,6,1,85132422,0,84,0,0,85.517,384,[84 -64 4 0 0 0 0 0 0 0 0 0 4 -15 4 -14 5 -15 5 -15 6 -15 6 -15 6 -15 8 -15 8 -16 9 -15 9 -15 10 -14 10 -14 10 -14 9 -14 10 -15 9 -14 9 -15 9 -14 9 -14 9 -14 9 -14 10 -13 10 -13 10 -14 9 -13 0 0 9 -14 8 -15 8 -14 7 -16 7 -14 8 -15 7 -15 7 -15 6 -15 7 -16 7 -16 7 -15 6 -15 6 -15 5 -17 5 -17 6 -18 4 -17 5 -17 4 -18 5 -18 4 -18 5 -18 5 -18 5 -17 4 -18 0 0 0 0 0 0 0 0 0 0 ]
635,1782983987.174301,16.9735,-67,CSI_DATA,AP,98:F4:AB:29:67:94,-67,11,1,7,1,1,1,1,0,0,0,-96,1,6,1,85214746,0,84,0,0,85.5994,384,[84 -64 4 0 0 0 0 0 0 0 0 0 11 9 12 9 12 9 12 10 12 11 12 12 11 11 11 11 11 12 11 13 12 13 10 13 11 13 9 14 9 14 10 14 10 14 8 14 9 14 9 14 8 13 9 14 7 12 8 14 10 14 9 13 0 0 10 14 9 13 10 14 10 12 9 12 10 12 10 12 10 12 11 13 11 11 12 12 11 12 12 12 13 12 12 12 12 11 13 12 13 11 14 12 14 11 14 12 13 11 14 12 14 11 14 11 14 11 0 0 0 0 0 0 0 0 0 0 ]
636,1782983987.261405,17.3930,-67,CSI_DATA,AP,98:F4:AB:29:67:94,-67,11,1,7,1,1,1,1,0,0,0,-96,1,6,1,85307387,0,84,0,0,85.6919,384,[84 -64 4 0 0 0 0 0 0 0 0 0 -6 -16 -5 -16 -4 -16 -4 -16 -3 -17 -3 -17 -3 -17 -3 -17 -2 -18 -2 -17 -2 -18 -1 -18 -1 -18 -1 -18 -1 -17 0 -19 0 -18 0 -18 0 -17 0 -17 0 -17 0 -18 0 -17 0 -17 -1 -18 -1 -17 0 0 -2 -18 -2 -17 -2 -17 -2 -17 -2 -17 -2 -17 -3 -18 -3 -17 -3 -18 -4 -17 -5 -18 -4 -17 -4 -17 -5 -18 -5 -17 -5 -18 -5 -18 -5 -18 -6 -18 -7 -18 -6 -18 -6 -18 -7 -18 -7 -18 -6 -18 -7 -18 0 0 0 0 0 0 0 0 0 0 ]
637,1782983987.351278,17.1548,-67,CSI_DATA,AP,98:F4:AB:29:67:94,-67,11,1,7,1,1,1,1,0,0,0,-96,1,6,1,85396667,0,84,0,0,85.7813,384,[84 -64 4 0 0 0 0 0 0 0 0 0 16 -1 15 0 16 0 16 1 16 0 16 2 16 2 16 3 16 3 15 5 16 4 17 5 16 5 16 5 15 5 17 5 15 4 16 5 15 5 15 4 15 5 16 5 15 5 15 5 16 5 15 4 0 0 16 3 17 3 15 3 16 2 15 3 16 3 16 2 16 2 16 2 17 2 17 0 16 2 16 1 17 1 17 0 16 -1 18 0 17 -1 18 -1 18 -1 18 -1 18 -1 18 -1 19 -2 18 -1 18 -2 0 0 0 0 0 0 0 0 0 0 ]
638,1782983987.437200,18.2224,-67,CSI_DATA,AP,98:F4:AB:29:67:94,-67,11,1,6,1,1,1,1,0,0,0,-96,1,6,1,85484946,0,84,0,0,85.8696,384,[84 -64 4 0 0 0 0 0 0 0 0 0 -15 8 -15 8 -17 8 -17 7 -17 7 -17 6 -18 6 -18 4 -18 4 -19 4 -19 5 -20 5 -19 4 -19 3 -19 2 -20 2 -19 3 -19 2 -19 2 -19 1 -19 1 -19 1 -19 1 -19 3 -19 2 -18 2 0 0 -19 2 -19 3 -19 3 -19 4 -18 2 -19 3 -19 3 -19 3 -18 3 -18 4 -18 5 -19 5 -19 5 -19 5 -19 6 -19 6 -20 6 -19 6 -20 5 -20 5 -20 6 -20 6 -21 6 -20 8 -19 7 -20 7 0 0 0 0 0 0 0 0 0 0 ]
639,1782983987.524035,18.0368,-65,CSI_DATA,AP,98:F4:AB:29:67:94,-65,11,1,5,1,1,1,1,0,0,0,-96,1,6,1,85577972,0,84,0,0,85.9625,384,[84 -64 4 0 0 0 0 0 0 0 0 0 16 -2 16 -1 17 0 17 0 18 1 17 1 17 2 18 3 18 2 19 3 19 3 19 3 18 3 18 3 18 4 19 5 18 4 17 5 18 4 17 5 18 5 17 5 17 4 17 4 17 4 18 4 0 0 18 3 18 3 18 4 17 2 17 3 18 3 18 2 17 2 18 2 18 0 19 0 18 0 19 0 19 0 18 0 19 0 20 -1 19 -1 20 -1 19 -1 19 -2 20 -1 20 -1 20 -3 20 -2 20 -3 0 0 0 0 0 0 0 0 0 0 ]
640,1782983987.611911,18.0302,-66,CSI_DATA,AP,98:F4:AB:29:67:94,-66,11,1,6,1,1,1,1,0,0,0,-96,1,6,1,85665543,0,84,0,0,86.0502,384,[84 -64 4 0 0 0 0 0 0 0 0 0 -14 -7 -14 -7 -15 -9 -15 -9 -14 -9 -13 -11 -13 -11 -13 -10 -13 -11 -14 -12 -13 -11 -13 -13 -13 -12 -13 -12 -12 -12 -14 -14 -12 -12 -12 -12 -12 -13 -12 -13 -12 -13 -11 -13 -12 -13 -12 -12 -12 -13 -12 -12 0 0 -13 -12 -13 -12 -12 -11 -13 -12 -12 -12 -12 -12 -13 -12 -14 -12 -13 -11 -14 -11 -15 -11 -15 -11 -15 -10 -14 -10 -15 -10 -16 -10 -16 -11 -15 -10 -16 -10 -16 -10 -16 -10 -16 -10 -17 -10 -17 -9 -16 -9 -16 -10 0 0 0 0 0 0 0 0 0 0 ]
641,1782983987.700537,18.1956,-64,CSI_DATA,AP,98:F4:AB:29:67:94,-64,11,1,4,1,1,1,1,0,0,0,-96,1,6,1,85760074,0,84,0,0,86.1447,384,[84 -64 4 0 0 0 0 0 0 0 0 0 -8 -15 -7 -15 -7 -17 -7 -16 -7 -17 -5 -17 -5 -17 -5 -17 -5 -18 -3 -18 -4 -19 -3 -19 -3 -19 -3 -19 -3 -18 -2 -19 -3 -18 -3 -19 -2 -18 -3 -18 -2 -18 -3 -18 -2 -17 -1 -18 -1 -18 -2 -18 0 0 -3 -17 -4 -19 -3 -17 -4 -18 -4 -17 -4 -18 -4 -18 -5 -17 -5 -17 -6 -18 -6 -18 -5 -17 -6 -17 -6 -17 -7 -18 -7 -18 -7 -19 -7 -18 -8 -18 -9 -18 -8 -18 -8 -17 -9 -19 -8 -18 -8 -18 -8 -18 0 0 0 0 0 0 0 0 0 0 ]
642,1782983987.787552,18.0516,-67,CSI_DATA,AP,98:F4:AB:29:67:94,-67,11,1,6,1,1,1,1,0,0,0,-96,1,6,1,85843452,0,84,0,0,86.2281,384,[84 -64 4 0 0 0 0 0 0 0 0 0 -18 -1 -19 -2 -18 -3 -17 -2 -19 -3 -17 -3 -18 -4 -18 -6 -19 -6 -19 -6 -20 -7 -18 -7 -19 -7 -19 -7 -17 -7 -19 -8 -19 -7 -18 -7 -17 -8 -17 -7 -17 -8 -17 -7 -16 -8 -18 -8 -16 -8 -17 -8 0 0 -17 -6 -18 -6 -19 -6 -18 -5 -17 -6 -18 -7 -19 -6 -18 -6 -19 -4 -19 -5 -19 -5 -19 -4 -19 -4 -19 -4 -20 -4 -20 -3 -21 -3 -21 -3 -21 -3 -21 -3 -21 -3 -20 -1 -21 -3 -21 -2 -21 -3 -21 -2 0 0 0 0 0 0 0 0 0 0 ]
643,1782983987.874022,17.9016,-67,CSI_DATA,AP,98:F4:AB:29:67:94,-67,11,1,6,1,1,1,1,0,0,0,-96,1,6,1,85933273,0,84,0,0,86.3179,384,[84 -64 4 0 0 0 0 0 0 0 0 0 -4 -16 -3 -15 -3 -17 -2 -17 -2 -17 -2 -17 -1 -17 -1 -17 1 -17 1 -17 1 -18 2 -17 2 -18 2 -17 2 -17 2 -18 3 -17 3 -17 2 -16 2 -16 3 -17 3 -16 2 -16 2 -16 3 -18 2 -17 0 0 2 -17 2 -17 2 -17 1 -16 2 -16 1 -17 0 -17 0 -17 1 -17 -1 -17 -1 -17 -1 -16 -1 -17 -1 -17 -1 -18 -1 -18 -1 -19 -1 -18 -2 -18 -2 -19 -2 -19 -2 -18 -2 -19 -3 -18 -2 -19 -2 -18 0 0 0 0 0 0 0 0 0 0 ]
644,1782983987.961193,18.7341,-65,CSI_DATA,AP,98:F4:AB:29:67:94,-65,11,1,5,1,1,1,1,0,0,0,-96,1,6,1,86028886,0,84,0,0,86.4135,384,[84 -64 4 0 0 0 0 0 0 0 0 0 -10 -16 -9 -17 -8 -16 -9 -17 -8 -18 -7 -18 -7 -18 -7 -19 -6 -19 -6 -19 -6 -19 -5 -20 -5 -20 -5 -19 -5 -19 -5 -21 -4 -20 -4 -18 -3 -19 -3 -18 -4 -19 -4 -19 -3 -18 -3 -19 -3 -19 -4 -19 0 0 -4 -18 -5 -18 -4 -19 -5 -18 -5 -18 -5 -18 -5 -19 -6 -18 -7 -18 -7 -18 -7 -19 -6 -19 -7 -19 -8 -19 -8 -19 -8 -19 -9 -19 -8 -19 -9 -18 -10 -18 -9 -20 -10 -19 -10 -19 -10 -19 -9 -19 -10 -18 0 0 0 0 0 0 0 0 0 0 ]
645,1782983988.046051,18.9150,-65,CSI_DATA,AP,98:F4:AB:29:67:94,-65,11,1,5,1,1,1,1,0,0,0,-96,1,6,1,86115106,0,84,0,0,86.4996,384,[84 -64 4 0 0 0 0 0 0 0 0 0 -1 17 -2 16 -3 18 -3 18 -4 18 -4 18 -5 19 -6 18 -5 18 -6 18 -8 18 -8 18 -8 17 -8 18 -7 17 -9 19 -7 17 -8 17 -8 16 -7 17 -8 16 -8 16 -9 16 -8 16 -8 17 -8 17 0 0 -7 16 -7 18 -6 17 -6 17 -6 16 -6 17 -6 18 -5 18 -4 17 -4 18 -5 19 -5 17 -4 18 -4 18 -3 20 -3 19 -3 20 -4 19 -3 20 -2 19 -3 20 -2 19 -3 20 -2 21 -2 19 -2 19 0 0 0 0 0 0 0 0 0 0 ]
646,1782983988.134324,18.0540,-65,CSI_DATA,AP,98:F4:AB:29:67:94,-65,11,1,5,1,1,1,1,0,0,0,-96,1,6,1,86203749,0,84,0,0,86.5884,384,[84 -64 4 0 0 0 0 0 0 0 0 0 1 16 -1 15 -2 17 -2 16 -2 17 -3 16 -4 16 -4 16 -4 17 -5 17 -5 17 -6 17 -5 17 -5 17 -5 16 -6 18 -6 16 -6 16 -6 15 -6 15 -7 16 -6 16 -6 15 -6 16 -6 16 -5 16 0 0 -5 16 -4 16 -4 16 -4 16 -4 15 -4 15 -4 16 -4 16 -4 17 -3 17 -2 17 -2 17 -1 17 -2 17 -2 17 -1 17 -2 18 -1 18 -1 18 -1 18 -1 18 0 18 -1 19 1 18 1 18 0 18 0 0 0 0 0 0 0 0 0 0 ]
647,1782983988.222032,18.7987,-65,CSI_DATA,AP,98:F4:AB:29:67:94,-65,11,1,5,1,1,1,1,0,0,0,-96,1,6,1,86293390,0,84,0,0,86.678,384,[84 -64 4 0 0 0 0 0 0 0 0 0 3 17 2 17 1 18 0 18 -1 18 0 18 -2 19 -2 19 -3 19 -3 18 -3 19 -4 19 -4 19 -4 19 -5 18 -5 19 -5 19 -5 18 -5 17 -5 17 -5 18 -5 17 -5 18 -4 17 -5 19 -5 18 0 0 -4 18 -4 18 -4 19 -3 18 -4 17 -3 17 -3 18 -3 18 -3 19 -1 19 -2 19 -1 18 -1 19 -1 20 -1 19 -1 20 0 20 0 19 -1 20 0 20 0 20 0 20 1 20 1 20 1 19 1 20 0 0 0 0 0 0 0 0 0 0 ]
648,1782983988.316329,18.0246,-66,CSI_DATA,AP,98:F4:AB:29:67:94,-66,11,1,6,1,1,1,1,0,0,0,-96,1,6,1,86385518,0,84,0,0,86.7701,384,[84 -64 4 0 0 0 0 0 0 0 0 0 -16 -1 -16 -1 -17 -3 -17 -3 -17 -4 -17 -5 -16 -5 -16 -6 -18 -6 -16 -6 -17 -7 -17 -8 -17 -7 -16 -8 -17 -8 -17 -8 -16 -8 -15 -8 -15 -8 -15 -8 -15 -8 -16 -8 -14 -8 -16 -8 -15 -8 -15 -8 0 0 -15 -7 -16 -7 -15 -8 -15 -6 -15 -7 -16 -8 -16 -6 -16 -7 -16 -6 -16 -7 -17 -6 -17 -6 -17 -6 -16 -6 -18 -5 -17 -4 -19 -5 -17 -5 -18 -5 -18 -5 -18 -6 -18 -4 -18 -5 -18 -5 -18 -5 -18 -4 0 0 0 0 0 0 0 0 0 0 ]
649,1782983988.408330,16.5994,-66,CSI_DATA,AP,98:F4:AB:29:67:94,-66,11,1,6,1,1,1,1,0,0,0,-96,1,6,1,86473526,0,84,0,0,86.8581,384,[84 -64 4 0 0 0 0 0 0 0 0 0 14 7 12 7 14 9 13 9 13 10 11 10 12 11 12 11 12 11 11 12 11 12 11 13 11 13 11 13 10 12 11 14 10 13 10 13 9 12 10 13 9 13 10 14 9 13 9 13 8 14 9 13 0 0 9 13 11 12 10 11 10 12 10 12 11 12 11 12 11 11 11 12 12 12 12 12 11 11 12 11 11 10 13 12 12 10 13 12 12 10 13 11 13 10 13 12 13 10 14 12 14 11 13 12 14 10 0 0 0 0 0 0 0 0 0 0 ]
650,1782983988.498767,17.7881,-66,CSI_DATA,AP,98:F4:AB:29:67:94,-66,11,1,6,1,1,1,1,0,0,0,-96,1,6,1,86564743,0,84,0,0,86.9494,384,[84 -64 4 0 0 0 0 0 0 0 0 0 10 14 9 14 9 15 9 16 8 16 6 16 7 18 6 17 6 18 5 18 5 18 5 18 5 18 5 19 4 18 4 20 3 18 4 19 3 18 3 18 4 18 4 17 3 17 4 17 4 19 4 18 0 0 4 17 5 18 4 17 5 18 5 17 5 17 5 18 6 17 6 17 8 17 8 17 7 17 8 17 8 17 8 17 9 17 9 17 9 16 9 18 9 18 9 17 10 17 10 18 11 17 11 17 11 16 0 0 0 0 0 0 0 0 0 0 ]
651,1782983988.587080,16.7323,-66,CSI_DATA,AP,98:F4:AB:29:67:94,-66,11,1,6,1,1,1,1,0,0,0,-96,1,6,1,86658818,0,84,0,0,87.0434,384,[84 -64 4 0 0 0 0 0 0 0 0 0 6 14 6 15 5 15 5 15 4 15 3 16 3 16 2 16 2 17 2 17 2 17 1 17 1 17 1 17 1 17 0 17 1 17 1 16 1 16 0 16 0 16 0 16 0 16 0 16 1 16 1 16 0 0 2 16 2 16 2 16 2 16 2 15 3 15 2 16 2 15 3 15 4 16 5 16 4 16 4 16 4 16 5 16 5 16 5 17 6 16 6 16 7 16 6 16 6 16 6 16 7 17 6 16 7 16 0 0 0 0 0 0 0 0 0 0 ]
652,1782983988.674001,17.0444,-65,CSI_DATA,AP,98:F4:AB:29:67:94,-65,11,1,5,1,1,1,1,0,0,0,-96,1,6,1,86755522,0,84,0,0,87.1401,384,[84 -64 4 0 0 0 0 0 0 0 0 0 -16 -7 -15 -8 -16 -8 -16 -9 -15 -10 -16 -9 -15 -10 -15 -11 -15 -11 -14 -11 -15 -11 -15 -12 -15 -12 -14 -12 -14 -12 -14 -13 -13 -13 -13 -12 -13 -13 -12 -12 -13 -13 -13 -13 -13 -12 -13 -12 -13 -12 -14 -12 0 0 -14 -12 -13 -11 -15 -12 -14 -10 -13 -11 -14 -10 -15 -10 -15 -10 -15 -10 -15 -9 -15 -9 -15 -9 -16 -9 -16 -10 -16 -9 -17 -9 -16 -9 -17 -8 -17 -9 -17 -8 -17 -9 -18 -8 -17 -8 -18 -7 -17 -7 -18 -8 0 0 0 0 0 0 0 0 0 0 ]
653,1782983988.762416,17.0838,-66,CSI_DATA,AP,98:F4:AB:29:67:94,-66,11,1,6,1,1,1,1,0,0,0,-96,1,6,1,86836193,0,84,0,0,87.2207,384,[84 -64 4 0 0 0 0 0 0 0 0 0 -1 -17 0 -16 0 -17 1 -17 1 -18 2 -17 3 -18 3 -17 3 -18 5 -17 4 -18 5 -17 6 -18 5 -17 5 -17 5 -18 5 -17 5 -17 5 -16 5 -15 5 -16 5 -17 4 -15 5 -16 6 -16 5 -16 0 0 4 -16 4 -17 3 -16 3 -17 4 -16 3 -17 3 -17 2 -17 2 -18 2 -18 1 -18 2 -17 2 -17 1 -17 0 -18 0 -18 1 -19 0 -19 0 -19 -1 -18 0 -19 -1 -19 0 -19 0 -19 0 -19 -1 -19 0 0 0 0 0 0 0 0 0 0 ]
654,1782983988.847795,16.9428,-66,CSI_DATA,AP,98:F4:AB:29:67:94,-66,11,1,6,1,1,1,1,0,0,0,-96,1,6,1,86925562,0,84,0,0,87.3102,384,[84 -64 4 0 0 0 0 0 0 0 0 0 -3 15 -4 15 -4 17 -6 16 -6 16 -5 16 -7 16 -8 15 -8 15 -8 15 -8 15 -8 16 -9 16 -10 15 -9 14 -10 16 -9 14 -9 14 -9 13 -10 14 -10 13 -10 14 -9 14 -9 14 -9 14 -10 14 0 0 -9 14 -9 15 -8 14 -8 14 -8 13 -9 14 -9 15 -8 15 -7 15 -7 16 -7 16 -7 15 -7 16 -7 15 -6 17 -6 16 -7 17 -6 16 -7 18 -6 17 -6 17 -6 17 -6 17 -6 18 -5 17 -6 18 0 0 0 0 0 0 0 0 0 0 ]
655,1782983988.938860,18.5661,-66,CSI_DATA,AP,98:F4:AB:29:67:94,-66,11,1,6,1,1,1,1,0,0,0,-96,1,6,1,87016775,0,84,0,0,87.4014,384,[84 -64 4 0 0 0 0 0 0 0 0 0 -8 16 -9 16 -9 17 -10 16 -12 15 -11 14 -12 15 -13 15 -13 15 -13 14 -14 15 -13 14 -14 14 -14 14 -15 13 -16 13 -15 13 -14 12 -14 12 -15 12 -15 12 -15 12 -14 12 -14 12 -15 13 -14 13 0 0 -14 13 -13 13 -13 13 -13 13 -13 13 -13 13 -13 13 -13 14 -13 15 -13 15 -11 16 -12 15 -12 16 -11 14 -12 16 -12 16 -12 16 -12 17 -12 17 -12 17 -12 17 -13 17 -12 17 -11 18 -11 17 -11 18 0 0 0 0 0 0 0 0 0 0 ]
656,1782983989.024306,17.9613,-66,CSI_DATA,AP,98:F4:AB:29:67:94,-66,11,1,6,1,1,1,1,0,0,0,-96,1,6,1,87108718,0,84,0,0,87.4933,384,[84 -64 4 0 0 0 0 0 0 0 0 0 -15 5 -16 4 -17 3 -18 3 -17 2 -18 2 -18 2 -18 1 -18 2 -18 0 -18 0 -18 0 -19 -1 -18 -1 -18 -1 -19 -2 -18 -1 -18 -1 -17 -1 -17 -2 -17 -2 -18 -2 -16 -2 -17 -2 -17 -1 -17 -1 0 0 -17 -1 -17 0 -18 0 -17 0 -17 0 -17 0 -17 1 -17 1 -17 1 -17 2 -18 2 -18 2 -18 2 -18 2 -19 2 -19 3 -19 3 -19 4 -19 3 -18 3 -19 3 -18 4 -19 4 -19 5 -18 3 -19 5 0 0 0 0 0 0 0 0 0 0 ]
657,1782983989.110236,18.3452,-66,CSI_DATA,AP,98:F4:AB:29:67:94,-66,11,1,6,1,1,1,1,0,0,0,-96,1,6,1,87196275,0,84,0,0,87.5809,384,[84 -64 4 0 0 0 0 0 0 0 0 0 -16 6 -16 4 -17 5 -16 4 -17 4 -17 3 -17 3 -18 3 -17 3 -18 2 -19 2 -18 1 -18 0 -18 -1 -17 0 -18 0 -17 0 -18 1 -17 0 -17 0 -17 0 -17 1 -17 0 -17 0 -18 0 -17 1 0 0 -17 1 -18 2 -17 2 -18 2 -16 2 -16 2 -17 3 -17 3 -17 3 -17 4 -18 4 -17 3 -17 4 -17 5 -18 6 -17 6 -18 6 -17 5 -17 7 -17 7 -18 6 -17 7 -18 7 -18 7 -17 7 -17 7 0 0 0 0 0 0 0 0 0 0 ]
658,1782983989.201208,17.6154,-66,CSI_DATA,AP,98:F4:AB:29:67:94,-66,11,1,6,1,1,1,1,0,0,0,-96,1,6,1,87285383,0,84,0,0,87.67,384,[84 -64 4 0 0 0 0 0 0 0 0 0 -3 -16 -2 -17 -2 -17 -2 -17 -1 -17 -1 -18 0 -18 1 -18 1 -18 1 -17 1 -18 2 -18 2 -19 2 -18 3 -18 2 -19 3 -18 2 -17 3 -17 3 -17 3 -17 4 -18 3 -16 3 -17 3 -17 2 -17 0 0 2 -17 2 -17 2 -18 1 -17 2 -17 2 -17 2 -18 0 -18 1 -18 0 -18 0 -19 0 -18 0 -18 0 -19 0 -19 0 -19 0 -19 -1 -19 -1 -19 -1 -19 -1 -19 -1 -19 -2 -19 -1 -19 -2 -19 -2 -19 0 0 0 0 0 0 0 0 0 0 ]
659,1782983989.289688,17.6505,-66,CSI_DATA,AP,98:F4:AB:29:67:94,-66,11,1,6,1,1,1,1,0,0,0,-96,1,6,1,87375631,0,84,0,0,87.7602,384,[84 -64 4 0 0 0 0 0 0 0 0 0 -16 -5 -16 -6 -17 -6 -16 -7 -16 -7 -15 -8 -16 -8 -15 -9 -16 -10 -15 -10 -16 -10 -15 -10 -15 -11 -15 -12 -15 -11 -15 -12 -14 -11 -15 -11 -14 -11 -14 -11 -13 -11 -14 -11 -13 -11 -13 -11 -14 -11 -14 -11 0 0 -14 -10 -15 -10 -14 -10 -14 -9 -14 -9 -15 -10 -15 -9 -15 -9 -15 -8 -16 -9 -17 -8 -16 -8 -16 -9 -17 -8 -17 -8 -17 -8 -17 -8 -17 -7 -17 -8 -17 -8 -17 -8 -18 -7 -18 -7 -18 -7 -18 -7 -18 -7 0 0 0 0 0 0 0 0 0 0 ]
660,1782983989.377176,17.0553,-66,CSI_DATA,AP,98:F4:AB:29:67:94,-66,11,1,6,1,1,1,1,0,0,0,-96,1,6,1,87464064,0,84,0,0,87.8487,384,[84 -64 4 0 0 0 0 0 0 0 0 0 15 -3 16 -1 17 -3 16 -2 17 -1 16 -1 17 -1 17 0 17 0 17 1 17 2 18 2 17 2 17 2 16 2 18 2 16 2 17 2 16 3 16 2 16 2 16 2 16 3 15 3 16 3 16 2 0 0 16 1 17 1 16 0 16 0 16 1 16 0 16 0 16 -1 16 -1 17 -1 17 -1 16 0 17 -1 17 -1 17 -3 18 -3 18 -3 17 -3 18 -3 18 -4 18 -4 17 -4 18 -3 18 -4 17 -3 17 -4 0 0 0 0 0 0 0 0 0 0 ]
661,1782983989.466190,15.9317,-66,CSI_DATA,AP,98:F4:AB:29:67:94,-66,11,1,6,1,1,1,1,0,0,0,-96,1,6,1,87553635,0,84,0,0,87.9382,384,[84 -64 4 0 0 0 0 0 0 0 0 0 14 -8 14 -8 15 -8 15 -7 16 -7 16 -6 16 -6 16 -5 17 -5 17 -3 18 -3 17 -3 18 -3 16 -3 16 -3 18 -3 16 -3 17 -3 17 -2 16 -3 17 -1 16 -3 16 -2 16 -2 16 -1 16 -2 0 0 16 -3 16 -3 15 -3 16 -4 16 -4 17 -4 16 -4 15 -6 15 -6 17 -6 15 -6 16 -6 15 -6 15 -6 16 -7 15 -7 17 -7 16 -7 16 -8 16 -8 17 -8 16 -8 17 -8 16 -9 17 -8 16 -8 0 0 0 0 0 0 0 0 0 0 ]
662,1782983989.554829,16.2810,-67,CSI_DATA,AP,98:F4:AB:29:67:94,-67,11,1,7,1,1,1,1,0,0,0,-96,1,6,1,87643457,0,84,0,0,88.0281,384,[84 -64 4 0 0 0 0 0 0 0 0 0 15 -6 15 -5 16 -5 17 -4 17 -4 16 -4 17 -3 18 -2 17 -2 18 -1 18 -2 18 -1 18 -1 18 -1 17 -1 18 0 17 -1 17 0 16 0 16 0 17 0 16 0 16 0 17 -1 17 -1 17 -1 0 0 17 -1 17 -2 16 -3 16 -3 16 -2 16 -2 17 -3 16 -3 17 -4 16 -4 17 -5 17 -4 16 -5 16 -5 17 -5 17 -6 17 -6 17 -6 18 -6 16 -7 18 -6 17 -6 17 -6 17 -8 17 -7 17 -7 0 0 0 0 0 0 0 0 0 0 ]
663,1782983989.644664,17.0700,-67,CSI_DATA,AP,98:F4:AB:29:67:94,-67,11,1,7,1,1,1,0,0,0,0,-96,0,6,1,87728789,0,82,0,0,88.1134,384,[82 -96 4 0 0 0 0 0 0 0 0 0 -8 -16 -8 -16 -7 -17 -7 -17 -6 -17 -5 -18 -6 -18 -5 -18 -4 -18 -3 -18 -4 -19 -3 -19 -3 -19 -4 -18 -2 -17 -2 -19 -3 -18 -3 -18 -2 -18 -3 -17 -2 -18 -2 -17 -2 -17 -2 -17 -2 -18 -3 -17 0 0 -3 -15 -5 -17 -3 -17 -5 -17 -4 -17 -4 -17 -5 -17 -5 -17 -6 -17 -7 -16 -7 -17 -7 -17 -6 -17 -7 -18 -7 -17 -8 -17 -8 -18 -8 -18 -9 -18 -8 -17 -8 -17 -9 -17 -9 -18 -10 -17 -9 -17 -9 -17 0 0 0 0 0 0 0 0 0 0 ]
664,1782983989.734179,17.0200,-66,CSI_DATA,AP,98:F4:AB:29:67:94,-66,11,1,6,1,1,1,1,0,0,0,-96,1,6,1,87738294,0,84,0,0,88.1493,384,[84 -64 4 0 0 0 0 0 0 0 0 0 10 11 10 12 10 13 10 13 10 14 10 14 8 15 9 15 8 16 8 15 7 15 7 16 7 16 7 16 6 15 6 16 6 15 6 15 5 15 6 15 6 16 6 15 4 15 6 15 5 16 6 14 0 0 6 15 7 15 7 15 7 14 7 14 7 14 7 14 8 13 8 14 9 14 9 13 9 14 9 14 9 14 10 14 10 14 10 15 10 14 11 14 11 14 10 14 10 14 11 15 11 14 10 14 11 14 0 0 0 0 0 0 0 0 0 0 ]
665,1782983989.823333,18.9858,-65,CSI_DATA,AP,98:F4:AB:29:67:94,-65,11,1,5,1,1,1,1,0,0,0,-96,1,6,1,87830270,0,84,0,0,88.2149,384,[84 -64 4 0 0 0 0 0 0 0 0 0 -18 -4 -19 -5 -19 -6 -19 -8 -19 -7 -19 -8 -18 -9 -19 -9 -18 -10 -17 -10 -18 -10 -18 -10 -18 -11 -18 -11 -18 -11 -17 -11 -17 -11 -16 -11 -16 -11 -16 -11 -16 -11 -17 -11 -15 -10 -16 -10 -17 -10 -17 -11 0 0 -17 -10 -17 -10 -17 -10 -17 -8 -16 -8 -17 -9 -18 -8 -18 -9 -18 -8 -18 -6 -19 -7 -18 -7 -19 -7 -20 -7 -19 -7 -21 -6 -20 -6 -20 -6 -20 -6 -20 -6 -20 -6 -21 -6 -21 -5 -21 -5 -21 -5 -21 -5 0 0 0 0 0 0 0 0 0 0 ]
666,1782983989.912435,18.6091,-67,CSI_DATA,AP,98:F4:AB:29:67:94,-67,11,1,7,1,1,1,1,0,0,0,-96,1,6,1,87915096,0,84,0,0,88.2997,384,[84 -64 4 0 0 0 0 0 0 0 0 0 -9 13 -9 13 -11 14 -10 13 -11 13 -11 12 -12 13 -13 12 -12 13 -13 12 -14 11 -14 12 -14 11 -14 11 -14 10 -15 11 -13 11 -14 11 -13 10 -13 11 -14 10 -13 11 -14 10 -13 10 -14 11 -14 11 0 0 -12 11 -12 12 -12 12 -12 12 -11 12 -11 12 -12 13 -12 12 -11 13 -11 14 -11 13 -11 13 -11 13 -10 14 -11 15 -10 15 -11 15 -10 15 -10 15 -9 16 -10 15 -9 16 -10 16 -9 15 -10 15 -10 16 0 0 0 0 0 0 0 0 0 0 ]
667,1782983990.002056,17.8346,-65,CSI_DATA,AP,98:F4:AB:29:67:94,-65,11,1,5,1,1,1,1,0,0,0,-96,1,6,1,88009241,0,84,0,0,88.3938,384,[84 -64 4 0 0 0 0 0 0 0 0 0 -1 15 -1 15 -2 16 -3 16 -4 18 -4 16 -4 17 -5 17 -5 16 -6 16 -7 18 -6 16 -7 17 -7 16 -7 15 -7 18 -7 16 -6 16 -7 15 -7 16 -7 15 -7 15 -7 16 -7 15 -7 15 -6 16 0 0 -6 16 -6 16 -4 15 -5 16 -5 15 -5 16 -5 16 -4 16 -4 17 -3 18 -2 17 -3 16 -2 16 -3 17 -2 18 -2 18 -2 19 -2 18 -2 18 -1 18 -2 18 -1 18 -2 19 0 19 0 18 0 18 0 0 0 0 0 0 0 0 0 0 ]
668,1782983990.092379,17.4617,-67,CSI_DATA,AP,98:F4:AB:29:67:94,-67,11,1,7,1,1,1,1,0,0,0,-96,1,6,1,88094628,0,84,0,0,88.4792,384,[84 -64 4 0 0 0 0 0 0 0 0 0 -3 -17 -3 -17 -2 -18 -2 -18 -2 -18 0 -17 -1 -18 0 -18 0 -19 1 -18 0 -18 2 -19 2 -19 1 -19 2 -17 3 -19 3 -17 2 -17 2 -17 3 -16 3 -17 2 -17 2 -17 2 -17 3 -17 2 -17 0 0 2 -17 2 -18 2 -18 1 -17 1 -16 1 -18 1 -18 0 -17 0 -18 -1 -17 -1 -18 -1 -18 -1 -19 -1 -18 -1 -18 -2 -19 -1 -19 -2 -19 -2 -19 -3 -19 -2 -19 -3 -19 -3 -19 -3 -19 -2 -19 -2 -19 0 0 0 0 0 0 0 0 0 0 ]
669,1782983990.178266,17.3409,-66,CSI_DATA,AP,98:F4:AB:29:67:94,-66,11,1,6,1,1,1,1,0,0,0,-96,1,6,1,88184256,0,84,0,0,88.5689,384,[84 -64 4 0 0 0 0 0 0 0 0 0 17 3 18 3 18 4 17 4 18 5 17 7 18 6 18 7 18 6 17 8 18 9 17 8 17 8 17 8 16 8 18 10 16 9 15 10 16 9 16 9 15 9 15 9 15 9 15 9 15 9 15 9 0 0 15 8 17 8 17 8 17 8 16 7 16 8 17 7 17 7 17 7 18 7 18 6 18 7 18 6 18 6 19 5 19 5 20 6 19 5 19 5 20 4 20 5 20 5 21 5 20 5 19 5 19 5 0 0 0 0 0 0 0 0 0 0 ]
670,1782983990.263278,16.7823,-66,CSI_DATA,AP,98:F4:AB:29:67:94,-66,11,1,6,1,1,1,1,0,0,0,-96,1,6,1,88273306,0,84,0,0,88.6579,384,[84 -64 4 0 0 0 0 0 0 0 0 0 -16 6 -15 6 -17 6 -16 5 -18 5 -16 4 -18 3 -18 3 -18 3 -18 2 -19 2 -18 1 -18 1 -18 1 -17 1 -19 1 -17 2 -17 2 -17 1 -17 0 -18 0 -17 1 -17 1 -17 1 -17 1 -17 1 0 0 -17 2 -18 3 -16 3 -17 4 -17 2 -17 3 -17 3 -16 4 -16 5 -17 5 -18 6 -16 5 -17 5 -16 6 -17 7 -16 7 -17 7 -17 6 -17 7 -18 7 -17 7 -17 8 -18 7 -17 8 -17 7 -16 7 0 0 0 0 0 0 0 0 0 0 ]
671,1782983990.348753,15.9154,-66,CSI_DATA,AP,98:F4:AB:29:67:94,-66,11,1,6,1,1,1,1,0,0,0,-96,1,6,1,88365766,0,84,0,0,88.7504,384,[84 -64 4 0 0 0 0 0 0 0 0 0 1 16 0 15 0 17 -1 17 -1 17 -1 16 -3 17 -4 17 -4 16 -5 15 -5 17 -5 17 -5 16 -5 16 -6 16 -6 17 -6 16 -6 15 -6 15 -6 15 -7 14 -7 15 -5 14 -6 15 -5 15 -6 16 0 0 -6 16 -5 16 -5 15 -5 15 -5 15 -5 15 -4 16 -5 16 -3 18 -3 16 -3 17 -3 16 -3 17 -3 16 -3 17 -2 18 -3 18 -2 17 -3 18 -2 17 -3 18 -3 18 -2 18 -1 18 -1 17 -1 18 0 0 0 0 0 0 0 0 0 0 ]
672,1782983990.435279,16.2686,-66,CSI_DATA,AP,98:F4:AB:29:67:94,-66,11,1,6,1,1,1,1,0,0,0,-96,1,6,1,88454130,0,84,0,0,88.8388,384,[84 -64 4 0 0 0 0 0 0 0 0 0 7 -15 7 -15 8 -15 9 -16 9 -15 9 -15 10 -14 10 -14 11 -14 11 -14 10 -14 11 -14 12 -14 11 -13 11 -13 13 -13 12 -13 12 -12 11 -13 11 -12 12 -11 12 -12 11 -12 11 -12 12 -12 11 -12 0 0 12 -13 10 -13 11 -13 10 -13 10 -12 10 -13 11 -13 9 -14 9 -15 8 -15 9 -15 8 -14 9 -15 9 -15 10 -15 9 -16 9 -16 8 -16 8 -16 8 -16 8 -17 9 -16 8 -17 7 -17 8 -17 8 -17 0 0 0 0 0 0 0 0 0 0 ]
673,1782983990.521503,17.8163,-67,CSI_DATA,AP,98:F4:AB:29:67:94,-67,11,1,7,1,1,1,1,0,0,0,-96,1,6,1,88543720,0,84,0,0,88.9283,384,[84 -64 4 0 0 0 0 0 0 0 0 0 7 17 8 16 7 18 6 17 7 18 5 18 5 19 5 18 5 19 4 18 2 20 2 20 2 20 2 20 3 19 2 20 1 19 2 18 1 18 2 19 2 18 3 19 1 19 2 18 1 19 2 18 0 0 3 18 3 18 4 17 4 18 4 18 4 17 5 17 5 17 6 18 7 19 7 18 6 18 7 18 7 19 7 19 8 18 8 19 8 18 9 19 9 18 9 19 9 18 9 20 9 18 8 18 9 19 0 0 0 0 0 0 0 0 0 0 ]
674,1782983990.607129,17.0203,-67,CSI_DATA,AP,98:F4:AB:29:67:94,-67,11,1,7,1,1,1,1,0,0,0,-96,1,6,1,88634587,0,84,0,0,89.0192,384,[84 -64 4 0 0 0 0 0 0 0 0 0 -13 6 -14 6 -15 6 -16 4 -15 5 -16 4 -16 3 -16 3 -16 2 -17 2 -16 2 -16 2 -16 1 -16 1 -16 1 -17 2 -16 1 -16 1 -16 0 -16 1 -16 0 -15 1 -16 0 -15 1 -16 0 -16 1 0 0 -15 2 -16 3 -15 2 -15 2 -14 2 -15 2 -15 3 -15 3 -15 3 -16 3 -15 5 -15 4 -16 3 -16 5 -16 5 -16 5 -17 5 -16 5 -16 5 -17 6 -16 5 -16 6 -16 5 -16 6 -16 6 -16 6 0 0 0 0 0 0 0 0 0 0 ]
675,1782983990.693303,16.8770,-66,CSI_DATA,AP,98:F4:AB:29:67:94,-66,11,1,6,1,1,1,1,0,0,0,-96,1,6,1,88726207,0,84,0,0,89.1108,384,[84 -64 4 0 0 0 0 0 0 0 0 0 0 16 0 16 -2 16 -2 16 -2 16 -3 17 -3 16 -5 16 -5 17 -5 16 -5 17 -6 17 -5 17 -6 17 -6 15 -6 17 -6 16 -6 15 -6 15 -7 14 -7 15 -7 15 -6 15 -6 15 -6 15 -5 15 0 0 -5 15 -5 16 -5 15 -5 16 -5 14 -5 16 -5 16 -4 15 -5 16 -4 17 -3 17 -3 16 -3 17 -3 16 -3 17 -2 17 -3 18 -3 17 -2 18 -2 18 -3 18 -2 18 -3 18 -1 18 -1 18 -1 17 0 0 0 0 0 0 0 0 0 0 ]
676,1782983990.779388,17.5863,-67,CSI_DATA,AP,98:F4:AB:29:67:94,-67,11,1,7,1,1,1,1,0,0,0,-96,1,6,1,88818040,0,84,0,0,89.2027,384,[84 -64 4 0 0 0 0 0 0 0 0 0 9 -17 9 -16 11 -16 12 -16 12 -16 12 -15 13 -15 13 -15 14 -15 14 -14 14 -14 14 -14 15 -14 15 -13 14 -12 15 -14 15 -12 15 -11 15 -12 15 -12 15 -11 15 -12 15 -13 14 -13 14 -12 14 -13 0 0 13 -13 14 -13 14 -13 13 -13 13 -13 14 -13 13 -14 13 -15 13 -15 12 -16 12 -16 12 -15 12 -15 12 -16 12 -16 12 -17 13 -17 11 -18 13 -17 11 -18 12 -17 12 -18 12 -18 11 -18 12 -18 11 -19 0 0 0 0 0 0 0 0 0 0 ]
677,1782983990.865552,16.7874,-66,CSI_DATA,AP,98:F4:AB:29:67:94,-66,11,1,6,1,1,1,1,0,0,0,-96,1,6,1,88912844,0,84,0,0,89.2974,384,[84 -64 4 0 0 0 0 0 0 0 0 0 4 15 4 15 3 15 2 15 1 16 2 15 0 17 0 16 -1 17 0 18 -1 17 -1 16 -1 17 0 17 -1 16 -2 17 -2 17 -1 17 -2 17 -2 17 -2 15 -2 16 -2 16 -1 16 -2 16 0 16 0 0 0 16 0 16 0 16 0 16 0 16 1 15 1 17 1 16 1 17 3 17 4 16 4 15 3 18 3 16 3 15 4 17 3 18 4 17 5 17 3 16 4 16 4 17 5 16 4 17 4 17 4 16 0 0 0 0 0 0 0 0 0 0 ]
678,1782983990.954975,18.1451,-67,CSI_DATA,AP,98:F4:AB:29:67:94,-67,11,1,7,1,1,1,1,0,0,0,-96,1,6,1,88993063,0,84,0,0,89.3776,384,[84 -64 4 0 0 0 0 0 0 0 0 0 17 7 17 7 18 8 17 8 16 9 16 10 15 11 15 11 15 12 15 12 16 12 15 13 15 13 15 13 14 14 15 14 14 13 13 12 13 13 13 12 13 12 13 12 13 12 13 13 14 13 14 13 0 0 13 12 14 12 15 12 15 11 14 11 15 12 15 12 15 11 15 11 16 10 17 10 16 10 17 10 17 10 16 11 18 9 18 11 18 10 18 11 17 9 18 9 18 9 18 10 19 9 18 10 18 10 0 0 0 0 0 0 0 0 0 0 ]
679,1782983991.045611,19.0195,-66,CSI_DATA,AP,98:F4:AB:29:67:94,-66,11,1,6,1,1,1,1,0,0,0,-96,1,6,1,89087611,0,84,0,0,89.4722,384,[84 -64 4 0 0 0 0 0 0 0 0 0 -8 16 -9 15 -11 16 -10 16 -11 16 -12 15 -13 16 -13 15 -14 15 -14 14 -14 15 -14 15 -14 13 -14 14 -14 12 -15 14 -14 13 -14 13 -14 12 -15 12 -15 12 -14 12 -14 12 -14 12 -15 12 -14 13 0 0 -14 13 -14 14 -13 13 -13 14 -13 13 -13 13 -14 14 -13 13 -13 15 -12 15 -13 16 -12 14 -11 15 -12 15 -11 16 -12 17 -12 17 -12 17 -13 17 -12 17 -11 17 -12 17 -12 17 -11 18 -11 17 -11 18 0 0 0 0 0 0 0 0 0 0 ]
680,1782983991.135842,19.5401,-66,CSI_DATA,AP,98:F4:AB:29:67:94,-66,11,1,6,1,1,1,1,0,0,0,-96,1,6,1,89173814,0,84,0,0,89.5584,384,[84 -64 4 0 0 0 0 0 0 0 0 0 -18 3 -19 3 -21 2 -21 1 -20 1 -19 0 -19 0 -20 -1 -20 -2 -20 -2 -21 -2 -21 -2 -21 -3 -20 -3 -21 -3 -21 -4 -20 -3 -20 -2 -20 -4 -19 -3 -19 -4 -19 -3 -19 -3 -18 -4 -19 -4 -19 -3 0 0 -19 -2 -20 -2 -20 -1 -19 -1 -18 -1 -19 0 -19 -1 -19 1 -19 1 -19 2 -20 1 -20 1 -20 1 -20 1 -20 2 -21 3 -21 2 -21 3 -21 3 -21 3 -21 3 -21 3 -21 3 -21 4 -21 4 -21 4 0 0 0 0 0 0 0 0 0 0 ]
681,1782983991.225051,17.6675,-65,CSI_DATA,AP,98:F4:AB:29:67:94,-65,11,1,5,1,1,1,1,0,0,0,-96,1,6,1,89268391,0,84,0,0,89.653,384,[84 -64 4 0 0 0 0 0 0 0 0 0 15 4 16 4 16 5 16 5 16 5 15 7 15 7 15 7 15 8 15 8 15 9 15 10 15 9 15 10 14 9 15 10 14 10 14 10 13 9 14 9 14 9 13 9 13 9 13 9 13 9 14 9 0 0 14 9 14 7 14 8 15 7 13 7 14 7 15 7 15 7 15 7 16 6 16 6 16 7 16 6 16 6 17 6 17 5 18 6 17 5 17 6 17 5 17 5 17 5 18 5 18 5 18 5 18 4 0 0 0 0 0 0 0 0 0 0 ]
682,1782983991.313570,17.5586,-66,CSI_DATA,AP,98:F4:AB:29:67:94,-66,11,1,6,1,1,1,1,0,0,0,-96,1,6,1,89355868,0,84,0,0,89.7405,384,[84 -64 4 0 0 0 0 0 0 0 0 0 14 10 14 10 14 11 14 12 14 12 13 13 13 14 12 14 13 14 11 15 12 15 11 16 11 16 11 15 10 15 11 17 11 16 10 16 10 15 10 15 10 15 10 15 10 15 9 15 9 15 10 15 0 0 10 15 11 14 11 14 12 14 11 13 12 14 12 14 12 13 12 14 13 13 13 13 13 13 13 13 13 13 14 13 15 13 16 13 15 13 14 13 15 12 15 12 15 12 16 13 16 13 15 13 15 13 0 0 0 0 0 0 0 0 0 0 ]
683,1782983991.406495,16.7223,-66,CSI_DATA,AP,98:F4:AB:29:67:94,-66,11,1,6,1,1,1,1,0,0,0,-96,1,6,1,89443633,0,84,0,0,89.8282,384,[84 -64 4 0 0 0 0 0 0 0 0 0 -6 15 -6 15 -7 15 -8 15 -7 15 -8 14 -9 14 -9 15 -10 15 -10 14 -10 15 -11 14 -10 14 -10 14 -11 13 -11 13 -11 13 -11 12 -12 12 -10 11 -12 12 -11 12 -11 13 -10 12 -11 12 -11 12 0 0 -10 13 -11 14 -10 13 -9 14 -9 12 -9 14 -10 13 -9 13 -9 14 -8 14 -8 15 -8 15 -8 14 -9 15 -8 16 -8 16 -8 16 -8 15 -8 16 -8 17 -8 16 -8 16 -8 17 -7 17 -6 16 -7 17 0 0 0 0 0 0 0 0 0 0 ]
684,1782983991.497114,16.5495,-66,CSI_DATA,AP,98:F4:AB:29:67:94,-66,11,1,6,1,1,1,1,0,0,0,-96,1,6,1,89533963,0,84,0,0,89.9186,384,[84 -64 4 0 0 0 0 0 0 0 0 0 -17 1 -17 1 -18 0 -17 -1 -16 -1 -17 -1 -18 -2 -17 -2 -18 -3 -17 -4 -17 -4 -18 -4 -18 -4 -18 -4 -18 -5 -18 -6 -18 -5 -16 -6 -16 -6 -16 -6 -17 -5 -16 -6 -16 -5 -16 -5 -17 -5 -16 -4 0 0 -16 -4 -17 -5 -17 -4 -16 -4 -16 -4 -16 -4 -17 -3 -17 -3 -18 -3 -17 -2 -18 -2 -18 -2 -18 -2 -18 -2 -17 -2 -18 -2 -18 -2 -18 -1 -19 -1 -19 -1 -18 -1 -18 -2 -18 -1 -18 -1 -19 -1 -18 0 0 0 0 0 0 0 0 0 0 0 ]
685,1782983991.589036,16.4987,-66,CSI_DATA,AP,98:F4:AB:29:67:94,-66,11,1,6,1,1,1,1,0,0,0,-96,1,6,1,89624365,0,84,0,0,90.009,384,[84 -64 4 0 0 0 0 0 0 0 0 0 -6 16 -6 15 -7 15 -7 15 -8 15 -8 14 -8 15 -10 14 -9 15 -10 14 -11 14 -11 14 -11 14 -12 13 -11 13 -11 14 -11 13 -11 13 -11 13 -10 13 -11 13 -10 13 -10 13 -10 12 -11 13 -10 13 0 0 -9 13 -9 14 -9 14 -8 15 -8 14 -8 14 -8 14 -8 15 -7 15 -8 16 -7 16 -8 14 -7 15 -6 16 -6 17 -6 16 -6 17 -6 16 -5 16 -5 17 -6 17 -5 17 -5 17 -6 17 -6 17 -5 16 0 0 0 0 0 0 0 0 0 0 ]
686,1782983991.680411,18.0278,-66,CSI_DATA,AP,98:F4:AB:29:67:94,-66,11,1,6,1,1,1,1,0,0,0,-96,1,6,1,89715683,0,84,0,0,90.1003,384,[84 -64 4 0 0 0 0 0 0 0 0 0 12 -14 12 -12 14 -13 13 -12 14 -13 14 -11 16 -11 15 -11 16 -11 16 -10 17 -10 18 -10 17 -9 16 -10 16 -8 18 -9 16 -9 17 -9 16 -9 17 -8 17 -8 16 -8 16 -9 15 -8 17 -9 16 -9 0 0 15 -10 16 -11 15 -10 16 -12 15 -10 15 -11 14 -12 15 -11 15 -12 14 -13 14 -13 14 -12 14 -12 13 -13 14 -15 13 -14 14 -16 13 -15 13 -14 13 -16 14 -15 12 -16 13 -16 13 -17 12 -15 12 -16 0 0 0 0 0 0 0 0 0 0 ]
687,1782983991.770407,17.1916,-66,CSI_DATA,AP,98:F4:AB:29:67:94,-66,11,1,6,1,1,1,1,0,0,0,-96,1,6,1,89817458,0,84,0,0,90.2021,384,[84 -64 4 0 0 0 0 0 0 0 0 0 -5 15 -5 15 -6 15 -7 15 -7 15 -7 14 -8 15 -9 14 -9 15 -9 15 -10 14 -10 15 -10 13 -10 14 -10 13 -11 15 -10 13 -10 13 -10 12 -10 13 -11 13 -10 12 -11 12 -10 12 -10 13 -11 13 0 0 -10 13 -10 14 -9 14 -9 14 -9 13 -9 13 -9 14 -8 14 -7 14 -6 14 -8 15 -8 14 -8 15 -7 15 -7 16 -7 16 -8 17 -7 16 -7 16 -7 16 -8 16 -6 16 -7 17 -7 16 -6 16 -6 16 0 0 0 0 0 0 0 0 0 0 ]
688,1782983991.863292,18.5880,-66,CSI_DATA,AP,98:F4:AB:29:67:94,-66,11,1,6,1,1,1,1,0,0,0,-96,1,6,1,89894027,0,84,0,0,90.2785,384,[84 -64 4 0 0 0 0 0 0 0 0 0 -18 -4 -18 -5 -18 -5 -18 -6 -19 -7 -18 -7 -18 -8 -18 -8 -18 -8 -18 -9 -18 -9 -18 -10 -18 -10 -18 -10 -16 -9 -18 -11 -16 -10 -17 -10 -16 -10 -16 -10 -16 -10 -17 -10 -16 -10 -16 -11 -16 -10 -17 -10 0 0 -16 -9 -17 -9 -17 -8 -17 -8 -17 -9 -17 -8 -17 -7 -18 -7 -17 -7 -18 -7 -19 -7 -18 -6 -19 -6 -20 -6 -20 -6 -20 -5 -20 -6 -19 -5 -20 -5 -20 -5 -20 -6 -21 -5 -21 -5 -21 -4 -20 -5 -21 -4 0 0 0 0 0 0 0 0 0 0 ]
689,1782983991.953715,18.1744,-66,CSI_DATA,AP,98:F4:AB:29:67:94,-66,11,1,6,1,1,1,1,0,0,0,-96,1,6,1,89983767,0,84,0,0,90.3684,384,[84 -64 4 0 0 0 0 0 0 0 0 0 -15 7 -15 6 -16 7 -16 6 -17 6 -16 5 -16 5 -16 4 -17 5 -17 3 -18 3 -17 3 -18 3 -18 2 -16 3 -19 4 -17 3 -17 3 -17 2 -16 3 -16 3 -16 3 -17 3 -17 2 -17 2 -16 2 0 0 -16 4 -17 4 -15 5 -16 5 -15 4 -16 5 -15 6 -15 6 -16 7 -16 6 -16 7 -15 6 -16 7 -15 8 -16 9 -16 9 -16 9 -15 8 -15 10 -15 10 -16 9 -15 10 -15 10 -16 10 -16 10 -15 10 0 0 0 0 0 0 0 0 0 0 ]
690,1782983992.046419,19.9278,-66,CSI_DATA,AP,98:F4:AB:29:67:94,-66,11,1,6,1,1,1,1,0,0,0,-96,1,6,1,90074043,0,84,0,0,90.4587,384,[84 -64 4 0 0 0 0 0 0 0 0 0 -20 -1 -20 -2 -21 -3 -22 -3 -20 -3 -20 -4 -21 -6 -20 -6 -21 -5 -22 -8 -21 -8 -21 -8 -21 -8 -20 -9 -20 -9 -21 -9 -20 -9 -19 -10 -19 -10 -19 -9 -19 -11 -19 -9 -17 -10 -19 -9 -19 -9 -20 -9 0 0 -19 -9 -20 -9 -20 -8 -20 -7 -19 -8 -20 -8 -20 -8 -21 -9 -20 -7 -20 -6 -21 -6 -20 -6 -21 -6 -21 -7 -22 -6 -22 -5 -23 -7 -22 -4 -23 -6 -22 -5 -22 -6 -22 -5 -24 -6 -23 -4 -23 -5 -23 -5 0 0 0 0 0 0 0 0 0 0 ]
691,1782983992.135416,18.4554,-66,CSI_DATA,AP,98:F4:AB:29:67:94,-66,11,1,6,1,1,1,1,0,0,0,-96,1,6,1,90167706,0,84,0,0,90.5523,384,[84 -64 4 0 0 0 0 0 0 0 0 0 16 4 17 4 16 5 16 6 15 6 16 8 16 9 15 8 16 9 15 10 16 9 15 10 16 10 15 10 15 10 15 11 15 10 14 10 14 10 14 10 15 11 13 11 13 10 14 10 14 10 14 10 0 0 15 10 15 9 15 10 15 8 15 10 16 10 15 10 15 9 15 8 16 8 17 7 16 8 16 8 17 8 17 7 18 7 18 8 17 6 18 8 18 7 18 8 18 7 18 7 19 7 19 7 19 6 0 0 0 0 0 0 0 0 0 0 ]
692,1782983992.226042,17.9810,-67,CSI_DATA,AP,98:F4:AB:29:67:94,-67,11,1,7,1,1,1,1,0,0,0,-96,1,6,1,90254317,0,84,0,0,90.6389,384,[84 -64 4 0 0 0 0 0 0 0 0 0 -13 -11 -12 -11 -13 -12 -12 -12 -12 -13 -12 -13 -10 -13 -12 -14 -11 -14 -10 -15 -10 -16 -11 -15 -10 -15 -10 -16 -9 -15 -9 -16 -8 -15 -9 -15 -8 -15 -9 -15 -9 -15 -8 -15 -8 -15 -9 -14 -9 -15 -9 -14 0 0 -10 -15 -10 -15 -10 -14 -10 -14 -10 -13 -10 -14 -10 -13 -11 -14 -11 -13 -12 -14 -12 -13 -12 -13 -12 -13 -12 -14 -13 -13 -13 -13 -13 -13 -14 -12 -13 -13 -14 -13 -13 -13 -14 -13 -15 -13 -15 -12 -13 -13 -14 -12 0 0 0 0 0 0 0 0 0 0 ]
693,1782983992.316337,17.3988,-67,CSI_DATA,AP,98:F4:AB:29:67:94,-67,11,1,7,1,1,1,1,0,0,0,-96,1,6,1,90345176,0,84,0,0,90.7298,384,[84 -64 4 0 0 0 0 0 0 0 0 0 12 -10 13 -9 13 -9 14 -9 14 -8 15 -7 15 -8 15 -7 16 -7 16 -6 17 -6 16 -6 17 -5 16 -5 16 -4 17 -6 16 -4 16 -5 15 -4 16 -5 15 -5 15 -4 15 -4 15 -4 17 -4 16 -5 0 0 15 -5 16 -5 15 -6 15 -7 15 -5 15 -6 15 -6 15 -7 15 -7 15 -7 15 -8 14 -7 15 -8 16 -8 15 -9 15 -9 15 -9 16 -9 15 -9 15 -10 15 -10 15 -10 15 -11 16 -10 15 -10 15 -10 0 0 0 0 0 0 0 0 0 0 ]
694,1782983992.409429,17.0554,-67,CSI_DATA,AP,98:F4:AB:29:67:94,-67,11,1,7,1,1,1,1,0,0,0,-96,1,6,1,90437394,0,84,0,0,90.822,384,[84 -64 4 0 0 0 0 0 0 0 0 0 -1 -16 1 -16 0 -17 2 -17 2 -17 3 -17 3 -17 4 -17 3 -17 4 -17 5 -17 5 -17 6 -18 5 -17 5 -16 5 -18 6 -16 6 -16 5 -16 6 -16 6 -16 7 -15 6 -15 6 -16 6 -16 5 -16 0 0 5 -16 5 -16 5 -16 4 -17 4 -15 5 -17 4 -17 3 -17 3 -17 2 -17 3 -17 3 -16 3 -17 2 -17 2 -18 1 -18 2 -19 2 -19 1 -19 1 -18 1 -18 0 -18 1 -19 0 -19 0 -19 0 -19 0 0 0 0 0 0 0 0 0 0 ]
695,1782983992.498720,16.7072,-67,CSI_DATA,AP,98:F4:AB:29:67:94,-67,11,1,6,1,1,1,1,0,0,0,-96,1,6,1,90527105,0,84,0,0,90.9116,384,[84 -64 4 0 0 0 0 0 0 0 0 0 -7 -14 -7 -15 -6 -16 -6 -16 -5 -17 -5 -16 -4 -17 -3 -16 -4 -17 -2 -17 -3 -18 -2 -18 -2 -18 -2 -18 -2 -17 -1 -18 -1 -18 -1 -17 -1 -17 0 -17 -1 -17 0 -17 -1 -16 -2 -16 -1 -17 -1 -17 0 0 -1 -17 -2 -16 -1 -17 -2 -17 -2 -16 -2 -16 -2 -17 -2 -16 -3 -17 -4 -16 -5 -16 -4 -16 -4 -16 -4 -17 -5 -17 -5 -17 -5 -18 -5 -17 -5 -18 -6 -17 -5 -18 -5 -17 -6 -18 -6 -17 -6 -18 -6 -17 0 0 0 0 0 0 0 0 0 0 ]
696,1782983992.588983,16.3121,-67,CSI_DATA,AP,98:F4:AB:29:67:94,-67,11,1,7,1,1,1,1,0,0,0,-96,1,6,1,90615013,0,84,0,0,90.9997,384,[84 -64 4 0 0 0 0 0 0 0 0 0 14 7 14 7 14 8 15 9 13 9 14 9 12 11 12 11 12 11 12 11 12 12 13 12 11 13 12 12 10 12 11 13 11 13 10 12 10 12 10 12 10 13 10 12 10 12 10 12 11 12 11 12 0 0 10 12 11 12 11 12 11 11 10 11 11 12 11 11 12 10 12 11 11 10 13 10 13 11 13 10 14 11 13 10 14 11 14 11 14 10 14 10 14 9 15 10 14 9 14 10 16 9 14 10 15 10 0 0 0 0 0 0 0 0 0 0 ]
697,1782983992.681221,15.6798,-67,CSI_DATA,AP,98:F4:AB:29:67:94,-67,11,1,7,1,1,1,1,0,0,0,-96,1,6,1,90705025,0,84,0,0,91.0896,384,[84 -64 4 0 0 0 0 0 0 0 0 0 -3 15 -3 15 -4 16 -4 16 -5 17 -5 16 -6 15 -7 16 -6 16 -8 16 -8 16 -8 15 -9 16 -9 16 -8 14 -9 16 -9 15 -8 15 -8 14 -8 14 -8 14 -8 14 -9 14 -9 14 -8 14 -8 14 0 0 -8 15 -7 15 -7 15 -7 15 -7 14 -6 15 -6 15 -6 15 -6 16 -6 17 -5 16 -6 16 -5 16 -6 16 -4 18 -4 17 -5 18 -4 16 -5 17 -4 18 -4 17 -4 18 -5 18 -4 18 -4 18 -4 18 0 0 0 0 0 0 0 0 0 0 ]
698,1782983992.768464,16.8534,-65,CSI_DATA,AP,98:F4:AB:29:67:94,-65,11,1,5,1,1,1,1,0,0,0,-96,1,6,1,90797883,0,84,0,0,91.1825,384,[84 -64 4 0 0 0 0 0 0 0 0 0 -14 -9 -14 -9 -14 -10 -14 -11 -14 -12 -13 -11 -13 -12 -13 -13 -13 -13 -12 -14 -13 -13 -12 -14 -12 -14 -11 -14 -12 -13 -12 -15 -11 -14 -11 -14 -11 -14 -11 -14 -10 -14 -11 -13 -10 -14 -11 -14 -11 -14 -11 -14 0 0 -12 -13 -12 -13 -12 -12 -13 -12 -11 -13 -12 -12 -13 -12 -13 -12 -13 -12 -14 -12 -15 -11 -14 -11 -14 -11 -14 -11 -15 -12 -15 -11 -16 -11 -15 -11 -16 -11 -16 -11 -15 -11 -15 -10 -16 -11 -17 -10 -16 -10 -16 -10 0 0 0 0 0 0 0 0 0 0 ]
699,1782983992.857490,17.0282,-65,CSI_DATA,AP,98:F4:AB:29:67:94,-65,11,1,5,1,1,1,1,0,0,0,-96,1,6,1,90892991,0,84,0,0,91.2776,384,[84 -64 4 0 0 0 0 0 0 0 0 0 16 7 15 8 15 9 16 9 15 10 15 11 14 11 14 12 14 13 13 13 14 14 14 13 13 14 14 13 12 14 13 15 13 14 12 14 11 13 11 14 11 14 11 14 11 14 12 13 11 13 12 14 0 0 11 13 13 12 13 13 13 12 12 12 13 12 13 12 13 12 14 12 15 11 15 11 15 11 15 11 15 11 16 11 16 11 17 10 17 10 17 11 16 10 16 11 17 10 17 10 18 9 17 11 18 10 0 0 0 0 0 0 0 0 0 0 ]
700,1782983992.946608,18.6905,-64,CSI_DATA,AP,98:F4:AB:29:67:94,-64,11,1,4,1,1,1,1,0,0,0,-96,1,6,1,90978482,0,84,0,0,91.3631,384,[84 -64 4 0 0 0 0 0 0 0 0 0 1 18 0 18 0 19 -2 19 -1 20 -3 19 -3 20 -3 19 -3 19 -5 19 -5 20 -6 20 -5 20 -5 20 -6 19 -6 20 -7 19 -6 19 -6 18 -6 19 -6 18 -6 18 -6 18 -5 17 -6 18 -5 18 0 0 -5 19 -4 19 -5 19 -4 18 -4 17 -3 18 -3 19 -3 18 -3 19 -2 20 -2 19 -2 19 -2 19 -1 19 -2 21 -1 20 -1 21 -1 20 0 21 0 21 0 21 1 21 0 21 1 22 1 21 1 21 0 0 0 0 0 0 0 0 0 0 ]
701,1782983993.035078,17.4646,-66,CSI_DATA,AP,98:F4:AB:29:67:94,-66,11,1,6,1,1,1,1,0,0,0,-96,1,6,1,91066361,0,84,0,0,91.451,384,[84 -64 4 0 0 0 0 0 0 0 0 0 -16 -6 -15 -7 -16 -8 -16 -8 -16 -8 -14 -8 -15 -9 -14 -9 -15 -9 -14 -10 -14 -11 -14 -12 -14 -11 -14 -11 -13 -11 -15 -12 -14 -11 -14 -11 -13 -11 -13 -11 -12 -12 -13 -11 -12 -11 -13 -11 -12 -11 -13 -11 0 0 -14 -10 -14 -10 -14 -9 -15 -10 -13 -9 -14 -9 -14 -9 -15 -9 -16 -8 -16 -8 -16 -8 -15 -8 -15 -8 -15 -8 -17 -8 -16 -7 -17 -8 -17 -7 -17 -7 -17 -6 -17 -7 -17 -7 -18 -8 -18 -6 -18 -8 -18 -6 0 0 0 0 0 0 0 0 0 0 ]
702,1782983993.128454,17.1342,-66,CSI_DATA,AP,98:F4:AB:29:67:94,-66,11,1,6,1,1,1,1,0,0,0,-96,1,6,1,91154908,0,84,0,0,91.5395,384,[84 -64 4 0 0 0 0 0 0 0 0 0 4 -15 4 -15 4 -17 6 -16 6 -16 6 -15 8 -16 8 -16 8 -16 8 -15 8 -16 10 -15 9 -15 9 -15 9 -15 9 -15 9 -14 9 -14 9 -14 9 -14 10 -12 10 -14 10 -13 9 -14 9 -14 10 -14 0 0 9 -14 9 -15 8 -14 8 -15 8 -14 8 -15 9 -15 7 -15 7 -16 7 -16 7 -17 7 -16 7 -16 7 -16 6 -17 6 -16 7 -17 6 -17 6 -17 6 -18 6 -17 5 -17 7 -17 6 -19 5 -18 6 -17 0 0 0 0 0 0 0 0 0 0 ]
703,1782983993.217702,17.0120,-66,CSI_DATA,AP,98:F4:AB:29:67:94,-66,11,1,6,1,1,1,1,0,0,0,-96,1,6,1,91243022,0,84,0,0,91.6275,384,[84 -64 4 0 0 0 0 0 0 0 0 0 -6 14 -7 13 -7 15 -9 15 -9 14 -10 14 -10 13 -10 14 -10 13 -10 13 -11 14 -12 13 -12 13 -12 13 -12 12 -13 13 -13 12 -12 12 -12 11 -12 11 -13 11 -13 11 -12 11 -12 11 -12 12 -12 12 0 0 -12 12 -11 13 -11 13 -10 13 -11 12 -10 12 -11 12 -10 13 -10 13 -11 14 -11 14 -10 14 -10 14 -10 15 -10 14 -10 16 -10 15 -9 15 -10 16 -9 15 -9 16 -9 15 -10 14 -9 16 -9 15 -8 17 0 0 0 0 0 0 0 0 0 0 ]
704,1782983993.304566,18.1558,-65,CSI_DATA,AP,98:F4:AB:29:67:94,-65,11,1,5,1,1,1,1,0,0,0,-96,1,6,1,91334035,0,84,0,0,91.7187,384,[84 -64 4 0 0 0 0 0 0 0 0 0 -17 -9 -16 -10 -17 -11 -16 -11 -16 -12 -15 -12 -15 -14 -15 -13 -15 -15 -14 -15 -14 -15 -15 -15 -14 -15 -13 -15 -13 -15 -14 -16 -13 -15 -12 -16 -12 -14 -12 -15 -11 -15 -13 -16 -12 -16 -12 -14 -12 -15 -12 -15 0 0 -13 -15 -14 -14 -13 -14 -14 -14 -13 -13 -13 -14 -14 -14 -14 -13 -14 -13 -16 -13 -16 -13 -15 -13 -16 -12 -16 -12 -17 -13 -17 -12 -18 -14 -17 -12 -17 -13 -17 -12 -17 -12 -18 -13 -18 -12 -19 -11 -18 -11 -18 -11 0 0 0 0 0 0 0 0 0 0 ]
705,1782983993.394791,18.8330,-65,CSI_DATA,AP,98:F4:AB:29:67:94,-65,11,1,5,1,1,1,1,0,0,0,-96,1,6,1,91424526,0,84,0,0,91.8091,384,[84 -64 4 0 0 0 0 0 0 0 0 0 -18 6 -18 5 -19 5 -19 5 -20 4 -19 2 -20 3 -20 2 -20 2 -21 1 -21 1 -20 -1 -21 -1 -21 -1 -20 0 -22 0 -20 -1 -21 -1 -20 -1 -20 -1 -20 -2 -19 0 -20 -1 -19 -1 -19 -2 -18 0 0 0 -19 0 -21 1 -19 1 -20 2 -19 0 -19 1 -20 1 -18 1 -19 3 -21 3 -21 3 -20 2 -20 2 -19 4 -20 5 -20 5 -22 4 -20 4 -21 5 -20 5 -21 4 -21 6 -22 4 -21 5 -21 5 -20 5 0 0 0 0 0 0 0 0 0 0 ]
706,1782983993.484627,18.5431,-65,CSI_DATA,AP,98:F4:AB:29:67:94,-65,11,1,5,1,1,1,1,0,0,0,-96,1,6,1,91516920,0,84,0,0,91.9015,384,[84 -64 4 0 0 0 0 0 0 0 0 0 8 16 6 16 6 17 6 17 5 18 3 18 4 18 3 18 2 19 2 19 2 19 1 20 1 20 2 20 1 18 1 20 1 19 1 19 0 18 0 18 0 19 0 18 0 18 0 18 1 18 1 18 0 0 1 19 1 19 2 19 2 19 2 18 2 18 2 18 2 18 3 19 4 19 5 18 5 18 5 19 4 19 5 18 5 18 6 20 5 19 5 19 6 19 6 19 7 19 7 19 7 20 7 19 7 19 0 0 0 0 0 0 0 0 0 0 ]
707,1782983993.572906,18.3996,-65,CSI_DATA,AP,98:F4:AB:29:67:94,-65,11,1,5,1,1,1,1,0,0,0,-96,1,6,1,91603491,0,84,0,0,91.9881,384,[84 -64 4 0 0 0 0 0 0 0 0 0 -10 14 -11 13 -12 13 -12 13 -12 12 -12 12 -12 12 -13 12 -14 12 -14 12 -13 12 -15 12 -14 11 -15 11 -14 10 -16 11 -15 11 -14 10 -14 10 -14 9 -15 10 -14 10 -14 10 -14 9 -15 10 -13 11 0 0 -13 11 -13 12 -13 11 -13 12 -13 11 -12 12 -13 12 -13 12 -12 13 -12 14 -12 14 -12 13 -11 13 -12 14 -12 14 -12 14 -12 15 -11 14 -11 15 -11 15 -11 15 -11 16 -11 16 -11 16 -11 16 -11 15 0 0 0 0 0 0 0 0 0 0 ]
708,1782983993.660549,20.0254,-64,CSI_DATA,AP,98:F4:AB:29:67:94,-64,11,1,4,1,1,1,1,0,0,0,-96,1,6,1,91695933,0,84,0,0,92.0805,384,[84 -64 4 0 0 0 0 0 0 0 0 0 -16 -12 -16 -12 -17 -13 -16 -13 -16 -14 -15 -14 -14 -15 -14 -15 -15 -16 -14 -16 -14 -17 -13 -17 -14 -17 -13 -17 -13 -17 -13 -18 -12 -17 -12 -17 -12 -17 -12 -17 -12 -17 -12 -17 -12 -17 -11 -16 -12 -17 -12 -17 0 0 -13 -16 -13 -16 -13 -16 -13 -15 -13 -15 -14 -15 -13 -15 -15 -15 -14 -15 -15 -14 -15 -14 -15 -14 -15 -15 -15 -15 -17 -14 -16 -14 -17 -15 -16 -14 -17 -15 -18 -14 -18 -14 -17 -13 -18 -13 -18 -14 -18 -13 -18 -14 0 0 0 0 0 0 0 0 0 0 ]
709,1782983993.748593,18.8902,-66,CSI_DATA,AP,98:F4:AB:29:67:94,-66,11,1,6,1,1,1,1,0,0,0,-96,1,6,1,91786782,0,84,0,0,92.1714,384,[84 -64 4 0 0 0 0 0 0 0 0 0 0 -17 0 -17 2 -17 2 -17 3 -18 2 -17 4 -18 4 -17 4 -18 5 -17 6 -16 6 -17 7 -17 6 -17 6 -17 7 -18 6 -16 6 -17 6 -16 6 -17 7 -15 6 -16 7 -16 6 -15 7 -16 6 -16 0 0 6 -16 5 -16 5 -16 4 -16 4 -16 5 -17 4 -17 4 -17 4 -17 3 -18 3 -18 3 -17 3 -17 3 -17 2 -18 2 -19 2 -19 2 -19 2 -19 1 -18 2 -18 0 -18 1 -19 1 -19 1 -19 0 -19 0 0 0 0 0 0 0 0 0 0 ]
710,1782983993.836677,17.6124,-66,CSI_DATA,AP,98:F4:AB:29:67:94,-66,11,1,6,1,1,1,1,0,0,0,-96,1,6,1,91875584,0,84,0,0,92.2602,384,[84 -64 4 0 0 0 0 0 0 0 0 0 1 -16 2 -16 3 -17 4 -17 4 -16 4 -17 6 -16 6 -17 6 -17 7 -16 7 -16 7 -16 8 -16 7 -16 7 -15 8 -17 7 -15 7 -16 8 -15 8 -15 8 -14 8 -15 7 -15 8 -15 7 -15 8 -15 0 0 7 -15 7 -16 6 -15 6 -17 6 -15 6 -16 6 -16 5 -16 6 -16 5 -17 4 -17 5 -17 4 -17 5 -17 4 -18 3 -18 4 -19 4 -18 5 -18 3 -19 4 -18 4 -18 4 -19 3 -19 3 -18 3 -18 0 0 0 0 0 0 0 0 0 0 ]
711,1782983993.925781,16.8220,-66,CSI_DATA,AP,98:F4:AB:29:67:94,-66,11,1,6,1,1,1,1,0,0,0,-96,1,6,1,91963094,0,84,0,0,92.3476,384,[84 -64 4 0 0 0 0 0 0 0 0 0 17 -3 19 -3 18 -2 18 -1 19 -1 19 -1 18 1 20 0 19 1 19 2 20 2 19 2 19 2 20 3 19 3 18 5 19 5 17 4 18 4 17 3 18 4 18 4 17 4 17 4 17 4 18 3 0 0 18 3 18 4 20 3 18 2 17 3 18 3 19 2 19 2 18 2 19 0 19 1 19 1 19 2 20 0 20 1 20 1 19 1 20 0 21 0 20 0 21 -1 20 0 20 -1 20 -1 21 -1 21 -1 0 0 0 0 0 0 0 0 0 0 ]
712,1782983994.015291,15.8686,-66,CSI_DATA,AP,98:F4:AB:29:67:94,-66,11,1,6,1,1,1,1,0,0,0,-96,1,6,1,92055195,0,84,0,0,92.4398,384,[84 -64 4 0 0 0 0 0 0 0 0 0 14 -6 14 -6 16 -6 16 -6 16 -5 16 -4 16 -3 16 -3 17 -3 17 -2 17 -1 17 -2 16 -2 17 -2 16 -1 18 -1 16 -2 17 -1 16 -1 17 0 17 -1 16 -1 16 0 16 -1 16 -1 16 -1 0 0 15 -2 17 -3 16 -1 16 -2 15 -2 16 -2 16 -2 16 -3 17 -3 17 -4 17 -4 16 -3 16 -4 16 -4 17 -5 17 -5 18 -5 17 -5 17 -6 16 -6 17 -6 17 -5 18 -5 18 -6 17 -5 16 -6 0 0 0 0 0 0 0 0 0 0 ]
713,1782983994.113299,15.9022,-66,CSI_DATA,AP,98:F4:AB:29:67:94,-66,11,1,6,1,1,1,1,0,0,0,-96,1,6,1,92143305,0,84,0,0,92.5279,384,[84 -64 4 0 0 0 0 0 0 0 0 0 13 -10 13 -9 15 -9 14 -9 15 -9 14 -7 15 -7 15 -7 16 -8 16 -6 17 -7 16 -6 16 -6 16 -6 16 -5 17 -6 15 -5 16 -5 15 -5 15 -5 16 -4 16 -5 16 -5 15 -5 16 -5 16 -5 0 0 16 -6 16 -6 15 -7 15 -8 14 -6 15 -8 15 -7 15 -8 15 -8 15 -9 15 -9 14 -8 16 -7 15 -9 15 -10 14 -11 16 -11 15 -11 14 -11 14 -11 15 -11 14 -12 15 -11 15 -12 14 -11 13 -11 0 0 0 0 0 0 0 0 0 0 ]
714,1782983994.196804,17.2103,-66,CSI_DATA,AP,98:F4:AB:29:67:94,-66,11,1,6,1,1,1,1,0,0,0,-96,1,6,1,92236664,0,84,0,0,92.6213,384,[84 -64 4 0 0 0 0 0 0 0 0 0 -11 14 -12 14 -13 15 -13 13 -13 14 -14 13 -15 13 -15 13 -15 12 -16 12 -17 12 -16 12 -17 11 -16 12 -16 10 -17 12 -15 11 -16 10 -16 10 -16 9 -16 10 -16 10 -15 10 -16 10 -16 9 -16 11 0 0 -15 11 -15 12 -14 11 -15 12 -14 11 -15 11 -15 12 -15 13 -14 13 -14 14 -13 14 -14 13 -13 14 -14 15 -13 16 -13 15 -14 16 -13 15 -13 15 -13 16 -13 15 -13 15 -13 16 -12 17 -12 16 -13 16 0 0 0 0 0 0 0 0 0 0 ]
715,1782983994.285468,18.7452,-66,CSI_DATA,AP,98:F4:AB:29:67:94,-66,11,1,6,1,1,1,1,0,0,0,-96,1,6,1,92325501,0,84,0,0,92.7101,384,[84 -64 4 0 0 0 0 0 0 0 0 0 -14 -13 -13 -12 -14 -13 -14 -15 -14 -15 -11 -15 -12 -16 -11 -16 -11 -16 -11 -17 -11 -17 -10 -18 -10 -18 -10 -18 -10 -18 -10 -18 -9 -17 -9 -17 -9 -18 -9 -18 -9 -17 -9 -17 -9 -17 -9 -18 -8 -18 -10 -17 0 0 -10 -16 -11 -17 -10 -16 -10 -16 -10 -16 -10 -17 -11 -17 -11 -16 -12 -16 -12 -16 -13 -17 -12 -16 -12 -16 -12 -16 -14 -17 -13 -16 -14 -17 -13 -16 -13 -16 -14 -16 -14 -16 -14 -16 -14 -17 -14 -17 -14 -16 -15 -16 0 0 0 0 0 0 0 0 0 0 ]
716,1782983994.377475,18.1891,-67,CSI_DATA,AP,98:F4:AB:29:67:94,-67,11,1,7,1,1,1,1,0,0,0,-96,1,6,1,92413368,0,84,0,0,92.798,384,[84 -64 4 0 0 0 0 0 0 0 0 0 16 -5 16 -5 16 -3 17 -3 16 -3 16 -3 17 -3 16 -2 18 -2 17 -1 18 0 18 0 17 0 17 1 17 0 18 0 16 1 17 1 17 1 18 0 17 1 16 0 16 0 16 2 17 1 16 1 0 0 17 0 18 0 17 0 17 0 16 -1 17 -1 17 -1 16 -2 17 -2 17 -2 18 -2 16 -2 17 -2 17 -3 18 -3 17 -4 18 -3 17 -3 17 -4 18 -5 17 -3 17 -4 18 -4 18 -5 18 -3 17 -5 0 0 0 0 0 0 0 0 0 0 ]
717,1782983994.467770,19.1379,-66,CSI_DATA,AP,98:F4:AB:29:67:94,-66,11,1,6,1,1,1,1,0,0,0,-96,1,6,1,92505000,0,84,0,0,92.8896,384,[84 -64 4 0 0 0 0 0 0 0 0 0 -9 16 -9 15 -10 16 -9 15 -11 15 -12 15 -12 15 -12 15 -13 15 -14 14 -15 14 -15 13 -15 13 -15 14 -14 13 -14 14 -14 12 -13 14 -14 13 -14 13 -14 13 -14 13 -14 12 -13 12 -14 13 -13 13 0 0 -13 14 -13 14 -12 14 -13 16 -12 14 -11 14 -11 15 -11 15 -11 15 -12 17 -11 16 -11 15 -11 16 -10 16 -10 18 -9 18 -10 18 -9 17 -10 18 -9 18 -10 18 -9 19 -9 18 -8 18 -9 18 -9 18 0 0 0 0 0 0 0 0 0 0 ]
718,1782983994.558475,18.4362,-67,CSI_DATA,AP,98:F4:AB:29:67:94,-67,11,1,7,1,1,1,1,0,0,0,-96,1,6,1,92593492,0,84,0,0,92.9781,384,[84 -64 4 0 0 0 0 0 0 0 0 0 16 -2 16 -1 16 0 17 0 17 1 17 2 17 2 16 3 17 3 17 2 17 3 17 5 17 3 17 4 17 5 17 5 16 5 16 5 15 5 16 5 16 6 16 5 15 5 16 5 16 5 16 5 0 0 16 5 16 4 16 4 16 4 15 4 16 4 16 4 16 3 16 3 17 2 17 2 16 2 17 2 18 2 16 2 17 1 18 2 18 1 18 1 17 1 18 1 18 1 18 2 18 0 18 0 18 1 0 0 0 0 0 0 0 0 0 0 ]
719,1782983994.651483,17.4874,-67,CSI_DATA,AP,98:F4:AB:29:67:94,-67,11,1,7,1,1,1,1,0,0,0,-96,1,6,1,92687215,0,84,0,0,93.0718,384,[84 -64 4 0 0 0 0 0 0 0 0 0 -2 -17 -2 -17 -1 -17 0 -18 0 -18 0 -17 1 -18 2 -18 2 -18 2 -18 3 -18 3 -19 3 -18 3 -18 4 -18 4 -18 4 -18 3 -17 4 -18 4 -17 3 -18 3 -17 3 -17 4 -17 3 -17 3 -17 0 0 2 -18 2 -17 1 -18 2 -18 2 -17 1 -17 1 -18 1 -17 0 -18 0 -18 -1 -18 -1 -18 0 -18 0 -19 -1 -19 -1 -20 -2 -19 -2 -19 -1 -19 -1 -19 -2 -19 -2 -19 -2 -19 -3 -20 -2 -20 -3 -19 0 0 0 0 0 0 0 0 0 0 ]
720,1782983994.741457,16.9196,-67,CSI_DATA,AP,98:F4:AB:29:67:94,-67,11,1,7,1,1,1,1,0,0,0,-96,1,6,1,92778874,0,84,0,0,93.1634,384,[84 -64 4 0 0 0 0 0 0 0 0 0 -1 16 -1 16 -2 17 -2 17 -2 17 -4 16 -3 17 -5 16 -4 17 -5 17 -5 16 -6 17 -7 17 -6 17 -6 16 -7 17 -7 17 -6 16 -7 16 -7 15 -6 15 -6 16 -6 16 -6 15 -6 16 -6 16 0 0 -5 17 -5 17 -5 16 -4 16 -5 15 -4 17 -3 16 -4 16 -3 17 -2 17 -2 17 -3 17 -2 18 -2 18 -2 17 -2 18 -2 18 -1 18 -2 18 -2 18 -2 18 -2 18 -1 19 -1 18 -1 19 0 18 0 0 0 0 0 0 0 0 0 0 ]
721,1782983994.830486,17.7999,-67,CSI_DATA,AP,98:F4:AB:29:67:94,-67,11,1,7,1,1,1,1,0,0,0,-96,1,6,1,92863626,0,84,0,0,93.2482,384,[84 -64 4 0 0 0 0 0 0 0 0 0 6 16 6 17 6 18 4 17 6 19 3 18 3 19 4 20 3 20 1 18 2 20 0 21 2 19 0 19 1 19 1 21 1 19 1 20 -1 19 1 19 0 19 1 18 1 19 0 18 0 19 2 19 0 0 2 18 2 20 3 18 3 18 4 18 4 18 4 18 5 17 5 18 5 17 5 19 5 18 5 18 6 20 6 18 6 18 8 20 7 18 7 18 8 19 7 20 8 18 7 20 9 19 8 19 8 19 0 0 0 0 0 0 0 0 0 0 ]
722,1782983994.920484,17.1764,-67,CSI_DATA,AP,98:F4:AB:29:67:94,-67,11,1,7,1,1,1,1,0,0,0,-96,1,6,1,92953389,0,84,0,0,93.338,384,[84 -64 4 0 0 0 0 0 0 0 0 0 13 5 12 6 13 6 14 7 12 8 13 8 12 8 12 9 12 9 12 9 12 9 12 10 11 11 11 10 11 10 11 11 11 11 11 10 11 10 10 10 10 10 10 11 10 10 10 9 11 10 11 10 0 0 11 10 11 9 12 9 11 9 10 9 12 8 12 9 12 8 12 8 12 8 13 8 13 8 13 8 13 8 14 8 13 7 14 8 14 7 13 8 14 7 14 7 14 7 14 7 14 7 14 7 14 6 0 0 0 0 0 0 0 0 0 0 ]
723,1782983995.010391,17.1058,-67,CSI_DATA,AP,98:F4:AB:29:67:94,-67,11,1,7,1,1,1,1,0,0,0,-96,1,6,1,93045018,0,84,0,0,93.4296,384,[84 -64 4 0 0 0 0 0 0 0 0 0 11 11 11 13 11 13 10 13 10 13 10 13 8 16 8 14 7 13 8 15 9 15 8 16 7 16 7 15 7 15 7 17 6 16 5 15 7 15 6 15 5 15 6 16 6 15 6 15 6 16 7 15 0 0 7 15 7 14 7 16 7 15 7 15 7 15 8 14 8 14 8 15 8 14 9 15 9 14 9 15 10 15 9 15 10 14 10 15 10 14 11 14 11 14 11 14 11 15 12 15 11 14 11 14 12 13 0 0 0 0 0 0 0 0 0 0 ]
724,1782983995.098830,17.5957,-67,CSI_DATA,AP,98:F4:AB:29:67:94,-67,11,1,7,1,1,1,1,0,0,1,-96,1,6,1,93135771,0,84,0,0,93.5204,384,[84 -64 4 0 0 0 0 0 0 0 0 0 -15 -6 -16 -7 -16 -8 -16 -8 -16 -9 -15 -9 -15 -10 -15 -10 -16 -11 -14 -11 -15 -12 -14 -12 -14 -12 -14 -12 -14 -12 -15 -12 -13 -13 -13 -13 -13 -12 -13 -12 -13 -13 -13 -12 -13 -12 -12 -12 -13 -12 -13 -12 0 0 -14 -12 -13 -11 -14 -12 -14 -11 -13 -10 -14 -11 -14 -10 -14 -10 -14 -10 -15 -10 -15 -10 -15 -9 -15 -10 -16 -10 -17 -10 -16 -9 -17 -10 -17 -9 -17 -10 -17 -9 -16 -9 -16 -9 -17 -10 -18 -9 -17 -10 -18 -9 0 0 0 0 0 0 0 0 0 0 ]
725,1782983995.187034,17.8416,-67,CSI_DATA,AP,98:F4:AB:29:67:94,-67,11,1,7,1,1,1,1,0,0,1,-96,1,6,1,93227278,0,84,0,0,93.6119,384,[84 -64 4 0 0 0 0 0 0 0 0 0 8 -15 7 -15 8 -16 9 -15 9 -15 9 -14 10 -15 10 -14 11 -15 12 -14 12 -15 12 -14 12 -13 12 -13 11 -13 12 -14 11 -12 13 -13 12 -11 12 -12 12 -12 12 -12 12 -12 11 -12 12 -13 12 -13 0 0 11 -13 12 -13 10 -14 11 -14 9 -13 9 -14 10 -14 9 -14 10 -15 9 -15 8 -15 9 -14 9 -15 9 -15 9 -16 8 -17 9 -17 8 -17 8 -16 8 -17 9 -17 8 -17 9 -18 8 -17 7 -17 8 -16 0 0 0 0 0 0 0 0 0 0 ]
726,1782983995.277884,16.8355,-67,CSI_DATA,AP,98:F4:AB:29:67:94,-67,11,1,7,1,1,1,1,0,0,1,-96,1,6,1,93315452,0,84,0,0,93.7001,384,[84 -64 4 0 0 0 0 0 0 0 0 0 14 8 13 8 14 9 13 10 13 10 13 11 13 11 12 12 12 11 12 12 12 13 13 12 12 13 11 13 10 13 11 13 11 13 10 12 10 13 11 12 10 13 10 13 10 13 11 12 11 12 11 13 0 0 11 12 12 11 12 11 12 11 11 10 12 11 13 11 12 10 12 11 13 10 14 10 14 9 14 9 15 9 15 10 15 9 15 9 15 9 15 10 15 8 15 9 15 8 15 9 17 8 17 8 16 8 0 0 0 0 0 0 0 0 0 0 ]
727,1782983995.366126,16.9969,-67,CSI_DATA,AP,98:F4:AB:29:67:94,-67,11,1,7,1,1,1,1,0,0,1,-96,1,6,1,93417121,0,84,0,0,93.8017,384,[84 -64 4 0 0 0 0 0 0 0 0 0 -5 -16 -5 -15 -6 -17 -4 -16 -4 -17 -2 -17 -3 -18 -2 -18 -2 -18 -1 -18 -1 -18 0 -19 0 -19 0 -18 1 -18 1 -19 1 -18 1 -19 2 -17 1 -17 2 -17 1 -17 2 -17 2 -16 2 -17 1 -17 0 0 1 -18 0 -19 1 -17 -1 -17 0 -17 0 -18 0 -18 0 -17 -1 -18 -2 -18 -2 -18 -1 -18 -1 -20 0 -18 -2 -18 -2 -19 -2 -20 -2 -19 -3 -18 -3 -18 -3 -19 -3 -18 -2 -19 -3 -20 -2 -19 -4 -19 0 0 0 0 0 0 0 0 0 0 ]
728,1782983995.454386,16.7241,-67,CSI_DATA,AP,98:F4:AB:29:67:94,-67,11,1,7,1,1,1,1,0,0,1,-96,1,6,1,93500021,0,84,0,0,93.8846,384,[84 -64 4 0 0 0 0 0 0 0 0 0 -1 16 -1 17 -1 17 -3 17 -2 17 -4 17 -3 16 -4 16 -4 17 -4 16 -4 16 -5 17 -6 17 -6 17 -6 16 -6 17 -7 16 -6 16 -6 15 -6 16 -7 15 -6 15 -7 15 -6 15 -6 16 -5 16 0 0 -5 15 -5 16 -5 17 -4 16 -4 16 -4 15 -4 16 -4 16 -4 16 -2 17 -2 18 -3 17 -3 17 -1 17 -2 17 -1 19 -2 17 -1 17 -2 18 -2 18 -2 18 -1 18 0 19 -1 19 -1 18 -1 18 0 0 0 0 0 0 0 0 0 0 ]
729,1782983995.541943,16.5597,-67,CSI_DATA,AP,98:F4:AB:29:67:94,-67,11,1,7,1,1,1,1,0,0,1,-96,1,6,1,93584663,0,84,0,0,93.9693,384,[84 -64 4 0 0 0 0 0 0 0 0 0 0 -17 2 -17 2 -18 2 -17 3 -18 4 -17 5 -18 5 -17 5 -17 6 -17 5 -18 6 -17 7 -17 7 -16 6 -16 8 -17 7 -17 7 -16 6 -15 7 -15 8 -15 8 -16 8 -15 6 -15 7 -15 6 -16 0 0 7 -16 7 -16 6 -15 5 -17 6 -15 5 -16 6 -17 5 -16 6 -16 5 -17 4 -17 4 -17 5 -17 5 -17 4 -18 3 -18 4 -19 4 -18 4 -18 3 -18 5 -18 4 -18 5 -19 3 -19 3 -19 3 -19 0 0 0 0 0 0 0 0 0 0 ]
730,1782983995.633916,16.7797,-67,CSI_DATA,AP,98:F4:AB:29:67:94,-67,11,1,7,1,1,1,1,0,0,1,-96,1,6,1,93673322,0,84,0,0,94.058,384,[84 -64 4 0 0 0 0 0 0 0 0 0 -15 6 -16 6 -16 5 -17 5 -17 5 -17 4 -16 4 -17 4 -17 3 -18 3 -18 3 -18 3 -18 3 -18 2 -18 1 -18 0 -18 2 -17 1 -18 2 -18 1 -17 1 -17 1 -17 2 -17 1 -17 1 -17 2 0 0 -17 3 -17 2 -18 3 -17 3 -17 3 -16 3 -18 4 -17 4 -17 4 -17 4 -18 6 -17 5 -17 6 -17 6 -17 6 -18 6 -17 6 -18 7 -18 7 -18 7 -18 7 -17 7 -17 7 -17 8 -17 8 -18 8 0 0 0 0 0 0 0 0 0 0 ]
731,1782983995.722971,17.3491,-67,CSI_DATA,AP,98:F4:AB:29:67:94,-67,11,1,7,1,1,1,1,0,0,1,-96,1,6,1,93764708,0,84,0,0,94.1493,384,[84 -64 4 0 0 0 0 0 0 0 0 0 -14 8 -14 9 -16 9 -15 8 -16 7 -15 7 -16 7 -16 6 -17 6 -17 5 -18 5 -17 5 -18 5 -17 5 -18 4 -19 5 -17 3 -17 4 -17 3 -17 3 -16 3 -17 3 -17 3 -17 4 -17 4 -17 4 0 0 -17 5 -17 5 -17 5 -16 6 -17 4 -16 5 -16 5 -16 6 -17 6 -16 7 -16 7 -16 6 -17 7 -17 7 -17 7 -17 8 -17 7 -16 8 -16 8 -16 8 -16 8 -17 8 -17 8 -17 10 -16 8 -16 9 0 0 0 0 0 0 0 0 0 0 ]
732,1782983995.812257,17.1634,-67,CSI_DATA,AP,98:F4:AB:29:67:94,-67,11,1,7,1,1,1,1,0,0,1,-96,1,6,1,93856054,0,84,0,0,94.2407,384,[84 -64 4 0 0 0 0 0 0 0 0 0 -12 -14 -12 -14 -12 -16 -11 -16 -12 -16 -10 -17 -10 -17 -10 -16 -9 -19 -9 -18 -8 -18 -8 -19 -7 -19 -7 -19 -6 -19 -7 -20 -7 -18 -7 -18 -6 -18 -7 -18 -5 -18 -7 -19 -6 -18 -6 -18 -6 -18 -6 -18 0 0 -6 -18 -7 -18 -8 -18 -8 -18 -7 -17 -8 -18 -8 -17 -9 -18 -9 -18 -10 -17 -9 -18 -10 -17 -10 -18 -10 -18 -10 -18 -12 -19 -10 -19 -11 -19 -11 -18 -11 -18 -11 -18 -11 -18 -11 -18 -12 -17 -12 -18 -12 -18 0 0 0 0 0 0 0 0 0 0 ]
733,1782983995.900572,17.3271,-67,CSI_DATA,AP,98:F4:AB:29:67:94,-67,11,1,7,1,1,1,1,0,0,1,-96,1,6,1,93943246,0,84,0,0,94.3279,384,[84 -64 4 0 0 0 0 0 0 0 0 0 -8 -14 -8 -15 -7 -16 -7 -16 -8 -17 -6 -17 -6 -17 -5 -17 -4 -18 -4 -17 -4 -18 -4 -18 -3 -18 -4 -18 -4 -18 -3 -18 -3 -17 -3 -18 -2 -17 -2 -17 -3 -17 -2 -16 -3 -17 -3 -17 -3 -17 -4 -17 0 0 -4 -17 -4 -18 -4 -16 -5 -16 -3 -16 -4 -16 -5 -17 -5 -16 -5 -17 -6 -17 -7 -17 -6 -16 -6 -17 -7 -16 -6 -17 -7 -17 -8 -17 -8 -17 -7 -17 -8 -17 -8 -17 -8 -17 -8 -17 -8 -17 -8 -17 -9 -17 0 0 0 0 0 0 0 0 0 0 ]
734,1782983995.988128,16.5281,-67,CSI_DATA,AP,98:F4:AB:29:67:94,-67,11,1,7,1,1,1,1,0,0,1,-96,1,6,1,94039552,0,84,0,0,94.4242,384,[84 -64 4 0 0 0 0 0 0 0 0 0 -2 16 -3 15 -4 16 -4 16 -4 16 -5 16 -6 16 -5 15 -6 16 -8 16 -7 16 -7 16 -8 15 -8 15 -8 14 -8 15 -8 15 -8 15 -8 15 -7 14 -8 14 -8 14 -8 14 -8 14 -7 14 -7 15 0 0 -7 15 -7 15 -6 15 -6 15 -6 15 -6 15 -6 15 -5 15 -5 15 -4 16 -5 17 -5 16 -5 17 -3 17 -3 16 -4 18 -4 17 -3 18 -4 18 -3 17 -4 17 -4 18 -4 18 -1 18 -3 17 -3 18 0 0 0 0 0 0 0 0 0 0 ]
735,1782983996.076958,18.4504,-67,CSI_DATA,AP,98:F4:AB:29:67:94,-67,11,1,7,1,1,1,1,0,0,1,-96,1,6,1,94125407,0,84,0,0,94.51,384,[84 -64 4 0 0 0 0 0 0 0 0 0 -4 -18 -4 -17 -5 -19 -2 -20 -2 -19 -3 -19 -1 -20 -1 -19 -1 -19 1 -19 0 -20 0 -19 2 -20 1 -20 1 -19 2 -21 2 -18 2 -20 2 -19 3 -19 2 -19 1 -20 1 -19 1 -19 2 -20 2 -20 0 0 0 -19 1 -20 1 -20 0 -19 0 -19 1 -19 0 -19 -1 -19 -1 -20 -2 -20 -2 -19 -2 -19 -2 -19 -2 -20 -2 -19 -3 -21 -3 -21 -3 -20 -4 -21 -4 -20 -4 -21 -4 -21 -4 -22 -4 -21 -5 -21 -5 -21 0 0 0 0 0 0 0 0 0 0 ]
736,1782983996.165020,17.8332,-67,CSI_DATA,AP,98:F4:AB:29:67:94,-67,11,1,7,1,1,1,1,0,0,1,-96,1,6,1,94216370,0,84,0,0,94.6009,384,[84 -64 4 0 0 0 0 0 0 0 0 0 -14 9 -14 7 -15 8 -16 6 -16 8 -16 6 -16 6 -16 4 -16 4 -17 4 -18 4 -18 3 -18 4 -17 3 -17 2 -19 2 -18 2 -17 2 -17 1 -18 1 -17 1 -16 1 -16 1 -17 1 -17 1 -17 2 0 0 -17 1 -17 2 -17 2 -16 3 -16 1 -17 2 -17 2 -17 3 -17 3 -17 4 -17 4 -17 3 -17 3 -18 3 -18 3 -17 4 -19 3 -18 4 -18 4 -17 5 -18 5 -18 4 -18 5 -18 5 -18 4 -18 7 0 0 0 0 0 0 0 0 0 0 ]
737,1782983996.253404,17.0258,-67,CSI_DATA,AP,98:F4:AB:29:67:94,-67,11,1,7,1,1,1,1,0,0,1,-96,1,6,1,94305569,0,84,0,0,94.6902,384,[84 -64 4 0 0 0 0 0 0 0 0 0 4 15 3 15 3 17 2 15 3 17 1 15 1 17 0 17 0 18 -1 17 0 17 -1 18 -1 17 -2 18 -1 16 -1 18 -2 16 -1 17 -2 15 -2 16 -2 16 -2 16 -2 17 -2 15 -2 16 -1 15 0 0 -1 16 -1 16 0 15 0 17 -1 15 0 16 0 17 1 16 1 17 1 17 2 16 1 16 2 17 2 16 3 17 3 16 3 19 3 17 3 17 3 16 3 18 4 17 3 18 5 17 5 17 4 17 0 0 0 0 0 0 0 0 0 0 ]
738,1782983996.343865,17.6999,-67,CSI_DATA,AP,98:F4:AB:29:67:94,-67,11,1,7,1,1,1,1,0,0,1,-96,1,6,1,94401790,0,84,0,0,94.7864,384,[84 -64 4 0 0 0 0 0 0 0 0 0 -16 -10 -16 -10 -17 -11 -16 -10 -16 -11 -16 -12 -15 -15 -14 -13 -15 -15 -14 -15 -15 -15 -14 -15 -14 -15 -14 -15 -13 -15 -14 -16 -13 -15 -13 -15 -12 -15 -12 -15 -11 -17 -12 -16 -12 -15 -13 -14 -12 -14 -12 -15 0 0 -13 -14 -14 -14 -12 -14 -14 -13 -13 -14 -13 -15 -13 -14 -14 -15 -14 -13 -15 -14 -16 -13 -15 -14 -16 -14 -15 -14 -15 -14 -17 -13 -17 -15 -17 -13 -17 -14 -16 -13 -17 -14 -17 -14 -17 -15 -19 -12 -17 -13 -17 -13 0 0 0 0 0 0 0 0 0 0 ]
739,1782983996.431521,16.7241,-67,CSI_DATA,AP,98:F4:AB:29:67:94,-67,11,1,7,1,1,1,1,0,0,1,-96,1,6,1,94485810,0,84,0,0,94.8704,384,[84 -64 4 0 0 0 0 0 0 0 0 0 14 -6 16 -6 16 -5 16 -5 17 -5 16 -3 17 -3 17 -3 17 -2 17 -2 17 -1 17 -1 17 -1 17 -1 18 -1 18 0 16 -1 16 0 17 -1 16 0 16 0 16 0 16 -1 17 -1 16 -1 16 -2 0 0 17 -2 16 -2 16 -2 16 -3 15 -2 16 -2 16 -3 16 -4 17 -4 16 -6 16 -5 15 -5 16 -4 17 -5 16 -5 17 -5 18 -5 17 -6 17 -5 16 -6 17 -6 17 -6 17 -7 17 -8 16 -7 17 -7 0 0 0 0 0 0 0 0 0 0 ]
740,1782983996.521958,15.7285,-67,CSI_DATA,AP,98:F4:AB:29:67:94,-67,11,1,7,1,1,1,1,0,0,1,-96,1,6,1,94573826,0,84,0,0,94.9584,384,[84 -64 4 0 0 0 0 0 0 0 0 0 3 -15 3 -14 5 -15 5 -15 6 -15 6 -14 7 -14 7 -15 7 -15 8 -15 7 -14 7 -14 9 -13 9 -12 8 -13 9 -14 9 -13 8 -13 9 -12 9 -12 8 -12 8 -13 8 -13 8 -12 8 -13 8 -13 0 0 8 -13 8 -14 7 -12 7 -14 7 -12 7 -13 6 -14 7 -14 6 -14 6 -15 5 -14 5 -14 6 -15 5 -14 6 -15 5 -15 6 -16 5 -16 5 -16 4 -16 5 -16 4 -17 5 -16 5 -16 5 -17 4 -16 0 0 0 0 0 0 0 0 0 0 ]
741,1782983996.613256,16.1056,-67,CSI_DATA,AP,98:F4:AB:29:67:94,-67,11,1,7,1,1,1,1,0,0,0,-96,1,6,1,94664692,0,84,0,0,95.0493,384,[84 -64 4 0 0 0 0 0 0 0 0 0 2 -16 2 -16 2 -18 3 -17 4 -17 4 -17 5 -16 6 -16 6 -17 6 -17 6 -16 8 -17 8 -17 8 -16 8 -15 8 -17 8 -16 8 -15 8 -15 7 -15 8 -15 8 -15 8 -14 8 -14 8 -15 8 -15 0 0 7 -16 7 -15 7 -16 6 -15 7 -14 6 -16 6 -16 6 -16 6 -16 6 -17 4 -17 5 -17 5 -16 5 -18 5 -18 5 -18 5 -18 4 -18 5 -18 4 -18 4 -17 4 -18 5 -19 4 -19 4 -18 4 -18 0 0 0 0 0 0 0 0 0 0 ]
742,1782983996.702527,16.6452,-67,CSI_DATA,AP,98:F4:AB:29:67:94,-67,11,1,7,1,1,1,1,0,0,1,-96,1,6,1,94756384,0,84,0,0,95.141,384,[84 -64 4 0 0 0 0 0 0 0 0 0 -11 -13 -11 -13 -12 -14 -11 -15 -10 -15 -10 -15 -10 -16 -9 -16 -9 -16 -7 -16 -8 -17 -7 -17 -7 -17 -7 -17 -7 -16 -7 -18 -7 -17 -7 -16 -7 -17 -6 -16 -6 -16 -6 -17 -6 -16 -6 -16 -7 -16 -7 -16 0 0 -8 -15 -7 -15 -7 -15 -8 -15 -8 -15 -8 -16 -9 -16 -8 -15 -10 -15 -10 -16 -10 -16 -10 -15 -10 -16 -10 -15 -11 -15 -11 -15 -11 -16 -11 -15 -11 -15 -11 -15 -11 -16 -11 -14 -12 -16 -13 -15 -11 -15 -12 -15 0 0 0 0 0 0 0 0 0 0 ]
743,1782983996.791529,17.0078,-67,CSI_DATA,AP,98:F4:AB:29:67:94,-67,11,1,7,1,1,1,1,0,0,1,-96,1,6,1,94843413,0,84,0,0,95.2281,384,[84 -64 4 0 0 0 0 0 0 0 0 0 -15 8 -14 7 -16 7 -16 6 -16 6 -16 6 -17 5 -17 5 -18 5 -17 3 -18 4 -18 3 -18 4 -18 4 -17 3 -18 2 -17 3 -18 3 -17 2 -17 2 -17 2 -17 2 -17 2 -16 3 -17 3 -17 3 0 0 -16 3 -18 4 -17 3 -16 5 -15 4 -16 4 -17 4 -16 4 -16 6 -17 5 -17 6 -16 6 -17 7 -17 7 -16 7 -16 7 -18 7 -17 7 -17 8 -16 9 -17 8 -16 9 -18 8 -16 10 -17 8 -17 8 0 0 0 0 0 0 0 0 0 0 ]
744,1782983996.882532,17.9207,-67,CSI_DATA,AP,98:F4:AB:29:67:94,-67,11,1,7,1,1,1,1,0,0,0,-96,1,6,1,94933550,0,84,0,0,95.3181,384,[84 -64 4 0 0 0 0 0 0 0 0 0 -17 0 -17 0 -18 -2 -18 -2 -17 -2 -17 -3 -18 -3 -18 -4 -18 -5 -18 -5 -17 -6 -18 -6 -18 -6 -17 -5 -17 -5 -19 -6 -17 -5 -17 -7 -16 -6 -16 -6 -16 -6 -16 -6 -16 -6 -16 -6 -17 -7 -16 -6 0 0 -17 -5 -18 -5 -17 -5 -17 -3 -16 -4 -16 -4 -17 -3 -18 -3 -18 -2 -18 -3 -18 -2 -18 -3 -17 -2 -17 -3 -18 -2 -18 -1 -19 -2 -19 -1 -19 -1 -19 -1 -19 -1 -18 -1 -19 -2 -19 -1 -19 -1 -20 0 0 0 0 0 0 0 0 0 0 0 ]
745,1782983996.973450,17.5821,-67,CSI_DATA,AP,98:F4:AB:29:67:94,-67,11,1,7,1,1,1,1,0,0,0,-96,1,6,1,95035492,0,84,0,0,95.4201,384,[84 -64 4 0 0 0 0 0 0 0 0 0 15 -5 14 -5 17 -5 16 -4 17 -4 16 -4 17 -3 17 -1 18 -2 18 -1 17 -1 17 -1 18 -1 18 0 17 0 18 0 17 1 17 0 17 1 16 1 16 0 17 1 16 1 17 0 16 0 16 -1 0 0 17 -1 16 -1 17 -1 16 -2 16 -1 17 -1 16 -1 16 -2 16 -3 17 -4 17 -4 16 -4 17 -4 17 -4 17 -5 16 -4 18 -4 17 -4 17 -5 17 -5 17 -4 17 -5 18 -5 17 -6 17 -5 18 -5 0 0 0 0 0 0 0 0 0 0 ]
746,1782983997.063536,17.2388,-67,CSI_DATA,AP,98:F4:AB:29:67:94,-67,11,1,7,1,1,1,1,0,0,0,-96,1,6,1,95113304,0,84,0,0,95.4979,384,[84 -64 4 0 0 0 0 0 0 0 0 0 -9 14 -9 13 -10 14 -11 13 -11 13 -12 13 -13 12 -13 12 -13 12 -13 11 -13 12 -14 12 -14 12 -14 11 -14 11 -15 10 -15 10 -14 9 -15 10 -14 10 -15 9 -14 9 -13 9 -13 10 -14 10 -14 11 0 0 -13 10 -13 11 -13 11 -12 11 -13 10 -13 11 -13 12 -12 12 -11 12 -11 13 -12 14 -11 13 -11 13 -11 14 -11 14 -12 14 -11 14 -10 14 -12 14 -11 14 -11 15 -11 15 -10 15 -10 15 -10 15 -10 15 0 0 0 0 0 0 0 0 0 0 ]
747,1782983997.156539,17.4840,-67,CSI_DATA,AP,98:F4:AB:29:67:94,-67,11,1,7,1,1,1,1,0,0,0,-96,1,6,1,95204542,0,84,0,0,95.5892,384,[84 -64 4 0 0 0 0 0 0 0 0 0 -16 -8 -15 -8 -16 -8 -15 -9 -16 -9 -16 -10 -16 -10 -15 -11 -15 -11 -14 -12 -15 -12 -14 -11 -14 -13 -14 -12 -14 -14 -14 -13 -12 -12 -13 -12 -13 -12 -13 -13 -13 -13 -13 -12 -12 -12 -12 -13 -13 -12 -13 -12 0 0 -13 -11 -13 -11 -13 -11 -13 -11 -13 -11 -14 -11 -14 -11 -14 -10 -15 -10 -15 -10 -15 -10 -15 -10 -16 -9 -16 -9 -16 -9 -16 -9 -16 -9 -16 -9 -17 -9 -17 -8 -17 -9 -18 -8 -17 -8 -18 -8 -18 -8 -18 -8 0 0 0 0 0 0 0 0 0 0 ]
748,1782983997.249242,16.7112,-66,CSI_DATA,AP,98:F4:AB:29:67:94,-66,11,1,6,1,1,1,1,0,0,0,-96,1,6,1,95308470,0,84,0,0,95.6931,384,[84 -64 4 0 0 0 0 0 0 0 0 0 -9 13 -9 14 -10 14 -11 13 -10 12 -12 13 -12 13 -12 12 -11 13 -13 12 -13 12 -14 12 -13 12 -14 10 -14 10 -15 10 -13 11 -13 10 -14 10 -14 10 -13 10 -13 9 -13 9 -13 10 -13 9 -14 11 0 0 -13 10 -12 11 -12 11 -12 11 -12 11 -12 11 -12 11 -11 11 -12 12 -10 11 -11 12 -11 12 -11 13 -11 13 -11 13 -11 14 -10 14 -11 13 -10 14 -10 14 -10 14 -10 14 -10 15 -10 15 -9 16 -10 15 0 0 0 0 0 0 0 0 0 0 ]
749,1782983997.337733,14.3341,-67,CSI_DATA,AP,98:F4:AB:29:67:94,-67,11,1,7,1,1,1,1,0,0,0,-96,1,6,1,95393337,0,84,0,0,95.778,384,[84 -64 4 0 0 0 0 0 0 0 0 0 -5 12 -5 12 -5 12 -6 12 -7 13 -7 12 -8 12 -7 11 -8 12 -9 12 -9 12 -9 11 -10 11 -9 11 -9 11 -10 11 -9 10 -9 10 -8 10 -9 10 -9 9 -9 10 -10 10 -10 10 -9 10 -9 10 0 0 -9 10 -8 11 -8 11 -8 11 -8 10 -8 11 -7 11 -7 11 -7 11 -7 11 -7 11 -7 12 -7 12 -7 12 -6 13 -6 13 -7 13 -7 13 -6 13 -6 13 -6 13 -6 14 -6 14 -6 14 -6 13 -5 13 0 0 0 0 0 0 0 0 0 0 ]
750,1782983997.429186,14.7666,-67,CSI_DATA,AP,98:F4:AB:29:67:94,-67,11,1,7,1,1,1,1,0,0,1,-96,1,6,1,95473477,0,84,0,0,95.8581,384,[84 -64 4 0 0 0 0 0 0 0 0 0 -4 16 -4 16 -5 16 -6 17 -6 15 -7 16 -7 16 -8 16 -8 16 -8 15 -8 17 -9 16 -9 15 -9 14 -9 14 -11 15 -10 14 -10 14 -10 14 -10 13 -10 13 -9 13 -10 14 -9 13 -10 13 -9 15 0 0 -10 13 -8 14 -9 14 -9 14 -8 13 -8 14 -9 15 -8 15 -7 15 -8 16 -7 16 -7 15 -8 15 -7 16 -7 16 -7 17 -7 16 -6 17 -7 17 -6 17 -6 17 -7 17 -6 17 -5 18 -6 17 -6 18 0 0 0 0 0 0 0 0 0 0 ]
751,1782983997.518481,15.4448,-67,CSI_DATA,AP,98:F4:AB:29:67:94,-67,11,1,7,1,1,1,1,0,0,1,-96,1,6,1,95567551,0,84,0,0,95.9522,384,[84 -64 4 0 0 0 0 0 0 0 0 0 3 15 3 15 2 16 2 18 2 17 1 17 1 16 0 18 -1 17 -1 17 -1 18 -1 17 -2 18 -3 18 -2 16 -3 18 -3 18 -2 17 -3 17 -3 16 -2 16 -2 16 -3 16 -2 16 -3 16 -2 16 0 0 -1 16 -1 17 -1 17 -1 16 -1 16 0 16 0 16 1 16 0 17 2 16 2 17 0 17 1 17 1 17 2 17 3 17 2 18 3 17 3 18 3 16 3 18 3 18 3 17 4 17 3 17 3 18 0 0 0 0 0 0 0 0 0 0 ]
752,1782983997.606299,16.0055,-67,CSI_DATA,AP,98:F4:AB:29:67:94,-67,11,1,7,1,1,1,1,0,0,0,-96,1,6,1,95662899,0,84,0,0,96.0475,384,[84 -64 4 0 0 0 0 0 0 0 0 0 -15 -12 -15 -12 -16 -13 -14 -14 -15 -14 -13 -14 -13 -15 -14 -15 -12 -16 -13 -17 -12 -16 -12 -16 -12 -17 -12 -18 -11 -17 -11 -18 -10 -18 -10 -17 -11 -16 -10 -16 -10 -16 -11 -17 -9 -17 -10 -16 -11 -17 -11 -17 0 0 -10 -16 -12 -16 -11 -16 -12 -15 -11 -16 -12 -16 -13 -15 -13 -15 -12 -16 -15 -15 -13 -16 -14 -15 -14 -15 -14 -15 -14 -15 -14 -14 -15 -15 -14 -14 -15 -16 -16 -15 -15 -15 -16 -15 -16 -15 -18 -14 -16 -15 -16 -14 0 0 0 0 0 0 0 0 0 0 ]
753,1782983997.695818,16.3486,-66,CSI_DATA,AP,98:F4:AB:29:67:94,-66,11,1,6,1,1,1,1,0,0,0,-96,1,6,1,95744684,0,84,0,0,96.1292,384,[84 -64 4 0 0 0 0 0 0 0 0 0 6 -16 7 -15 8 -15 7 -14 8 -16 9 -15 9 -14 10 -15 10 -14 11 -14 10 -15 10 -14 11 -14 11 -14 11 -12 11 -13 11 -13 12 -13 11 -13 11 -13 12 -12 11 -12 11 -12 10 -12 11 -12 11 -13 0 0 10 -13 10 -13 10 -13 9 -14 10 -13 10 -14 10 -13 10 -13 9 -14 8 -15 8 -15 8 -14 9 -15 9 -15 8 -16 7 -16 10 -17 8 -16 8 -16 8 -17 8 -17 8 -16 9 -17 7 -17 7 -17 8 -16 0 0 0 0 0 0 0 0 0 0 ]
754,1782983997.784630,17.8526,-67,CSI_DATA,AP,98:F4:AB:29:67:94,-67,11,1,7,1,1,1,1,0,0,0,-96,1,6,1,95834983,0,84,0,0,96.2196,384,[84 -64 4 0 0 0 0 0 0 0 0 0 -14 -12 -13 -11 -13 -13 -13 -12 -12 -14 -11 -14 -12 -14 -11 -14 -11 -15 -11 -15 -11 -16 -9 -16 -10 -16 -9 -16 -9 -15 -10 -16 -9 -16 -8 -16 -9 -15 -9 -15 -9 -15 -9 -15 -8 -15 -9 -15 -9 -16 -9 -15 0 0 -9 -14 -10 -15 -9 -15 -10 -14 -10 -14 -10 -14 -11 -14 -11 -14 -12 -14 -12 -13 -12 -14 -11 -13 -12 -13 -12 -14 -13 -13 -13 -14 -13 -14 -13 -13 -14 -13 -14 -13 -13 -14 -14 -13 -14 -14 -15 -14 -14 -14 -14 -13 0 0 0 0 0 0 0 0 0 0 ]
755,1782983997.875094,17.5981,-67,CSI_DATA,AP,98:F4:AB:29:67:94,-67,11,1,7,1,1,1,1,0,0,0,-96,1,6,1,95924434,0,84,0,0,96.3091,384,[84 -64 4 0 0 0 0 0 0 0 0 0 2 16 1 16 1 16 0 17 0 17 -1 17 -2 17 -2 17 -3 17 -3 17 -4 17 -3 18 -4 18 -4 17 -4 16 -4 18 -5 17 -4 16 -4 17 -5 16 -4 15 -5 16 -5 16 -5 16 -5 16 -4 16 0 0 -4 16 -3 17 -3 16 -4 16 -3 16 -3 16 -3 17 -2 16 -2 17 -1 17 -1 18 -2 17 -1 17 -1 18 -1 18 0 18 -1 18 0 19 -1 19 1 18 0 18 0 18 1 19 1 19 0 19 0 18 0 0 0 0 0 0 0 0 0 0 ]
756,1782983997.963316,17.6246,-66,CSI_DATA,AP,98:F4:AB:29:67:94,-66,11,1,6,1,1,1,1,0,0,0,-96,1,6,1,96021343,0,84,0,0,96.4059,384,[84 -64 4 0 0 0 0 0 0 0 0 0 -16 -12 -14 -11 -15 -12 -15 -14 -15 -13 -13 -15 -13 -14 -13 -15 -13 -16 -12 -16 -13 -17 -12 -17 -11 -17 -11 -17 -12 -16 -12 -17 -11 -16 -11 -16 -11 -16 -11 -17 -11 -16 -10 -16 -10 -16 -10 -16 -11 -17 -11 -16 0 0 -12 -16 -11 -16 -12 -15 -12 -15 -12 -15 -12 -16 -13 -15 -14 -15 -13 -15 -14 -14 -14 -15 -14 -15 -14 -15 -15 -15 -15 -14 -15 -14 -17 -15 -15 -14 -16 -15 -16 -14 -16 -14 -16 -14 -17 -14 -17 -14 -17 -15 -16 -14 0 0 0 0 0 0 0 0 0 0 ]
757,1782983998.052430,18.0643,-67,CSI_DATA,AP,98:F4:AB:29:67:94,-67,11,1,7,1,1,1,1,0,0,0,-96,1,6,1,96105703,0,84,0,0,96.4903,384,[84 -64 4 0 0 0 0 0 0 0 0 0 17 3 18 3 17 5 18 5 18 5 18 6 18 7 17 8 17 8 17 8 18 9 17 9 17 10 17 9 17 9 17 10 16 9 16 10 15 10 16 10 15 10 16 10 16 10 16 10 15 10 17 10 0 0 16 8 16 8 16 8 18 7 15 8 17 8 17 7 17 7 18 7 19 6 18 7 17 6 18 6 18 7 19 6 19 4 21 7 19 6 19 4 21 5 20 6 20 4 21 6 21 5 19 5 20 5 0 0 0 0 0 0 0 0 0 0 ]
758,1782983998.140923,17.8491,-67,CSI_DATA,AP,98:F4:AB:29:67:94,-67,11,1,7,1,1,1,1,0,0,0,-96,1,6,1,96195867,0,84,0,0,96.5805,384,[84 -64 4 0 0 0 0 0 0 0 0 0 18 1 18 2 18 3 18 3 19 4 19 5 19 6 18 7 18 6 18 7 18 8 19 8 17 7 18 8 17 8 18 9 17 9 16 9 17 9 16 9 16 8 16 9 16 8 16 8 16 8 16 9 0 0 17 9 17 7 17 8 17 7 17 8 16 8 17 8 18 7 18 6 17 6 19 6 18 6 19 6 20 6 19 6 20 5 20 7 19 5 20 6 20 5 20 6 21 5 21 5 20 4 20 6 20 4 0 0 0 0 0 0 0 0 0 0 ]
759,1782983998.229392,17.9934,-66,CSI_DATA,AP,98:F4:AB:29:67:94,-66,11,1,6,1,1,1,1,0,0,0,-96,1,6,1,96284303,0,84,0,0,96.6689,384,[84 -64 4 0 0 0 0 0 0 0 0 0 10 15 9 15 9 15 9 17 8 16 8 17 7 18 7 17 6 18 6 17 6 19 6 18 6 18 7 18 5 18 4 20 4 19 4 18 4 18 4 18 3 19 3 18 4 17 4 17 4 18 5 18 0 0 5 18 5 18 5 18 5 17 5 18 6 17 5 18 6 17 7 18 7 17 7 17 7 17 8 18 8 18 7 18 9 19 9 18 9 19 8 18 9 18 9 18 10 19 9 18 10 18 9 18 10 18 0 0 0 0 0 0 0 0 0 0 ]
760,1782983998.318162,17.2912,-66,CSI_DATA,AP,98:F4:AB:29:67:94,-66,11,1,6,1,1,1,1,0,0,0,-96,1,6,1,96377046,0,84,0,0,96.7617,384,[84 -64 4 0 0 0 0 0 0 0 0 0 14 8 13 8 14 8 13 10 13 9 12 10 12 11 11 11 13 11 11 11 12 12 11 13 11 13 11 13 11 12 12 13 11 12 11 12 11 13 11 12 11 12 12 12 10 12 10 12 11 12 11 12 0 0 11 11 12 11 12 11 12 11 11 10 12 11 13 11 13 10 13 10 14 9 14 10 13 10 13 10 14 9 15 9 15 9 16 10 15 9 15 9 15 8 15 8 16 8 16 9 16 8 16 9 16 9 0 0 0 0 0 0 0 0 0 0 ]
761,1782983998.406576,17.3445,-66,CSI_DATA,AP,98:F4:AB:29:67:94,-66,11,1,6,1,1,1,1,0,0,0,-96,1,6,1,96463031,0,84,0,0,96.8475,384,[84 -64 4 0 0 0 0 0 0 0 0 0 -16 2 -15 2 -17 0 -17 0 -18 0 -18 -1 -17 -2 -16 -2 -18 -2 -18 -3 -18 -3 -18 -3 -18 -3 -17 -3 -17 -4 -19 -4 -17 -4 -17 -4 -16 -5 -17 -5 -17 -5 -16 -5 -17 -5 -16 -5 -17 -5 -17 -4 0 0 -17 -4 -18 -4 -17 -4 -18 -3 -17 -3 -17 -4 -17 -3 -17 -3 -18 -3 -18 -2 -18 -1 -18 -2 -18 -1 -18 -1 -19 -1 -17 -1 -19 -1 -19 0 -18 0 -18 0 -19 -1 -19 0 -20 -1 -19 0 -19 1 -19 1 0 0 0 0 0 0 0 0 0 0 ]
762,1782983998.495827,17.6034,-65,CSI_DATA,AP,98:F4:AB:29:67:94,-65,11,1,5,1,1,1,1,0,0,0,-96,1,6,1,96566666,0,84,0,0,96.9512,384,[84 -64 4 0 0 0 0 0 0 0 0 0 -5 -18 -5 -18 -5 -19 -5 -18 -4 -20 -3 -19 -2 -20 -1 -20 -2 -19 0 -20 0 -20 1 -20 0 -20 0 -21 0 -19 0 -22 1 -20 0 -21 1 -20 1 -20 1 -19 1 -20 1 -19 1 -20 1 -20 0 -20 0 0 0 -20 -1 -20 -1 -19 -1 -20 -1 -19 -1 -19 -2 -20 -3 -20 -3 -20 -3 -21 -3 -21 -3 -18 -4 -20 -3 -20 -4 -21 -5 -20 -5 -21 -3 -20 -5 -20 -6 -20 -5 -21 -6 -20 -5 -22 -6 -21 -5 -20 -6 -20 0 0 0 0 0 0 0 0 0 0 ]
763,1782983998.583713,18.0672,-64,CSI_DATA,AP,98:F4:AB:29:67:94,-64,11,1,4,1,1,1,1,0,0,0,-96,1,6,1,96647735,0,84,0,0,97.0323,384,[84 -64 4 0 0 0 0 0 0 0 0 0 -3 -18 -3 -17 -2 -18 -1 -18 0 -18 0 -18 1 -18 1 -19 1 -18 2 -18 3 -19 3 -19 3 -19 3 -19 3 -19 4 -19 4 -18 4 -18 3 -17 3 -17 4 -18 5 -18 4 -17 4 -17 4 -18 4 -19 0 0 3 -18 4 -19 4 -18 3 -19 3 -17 3 -18 2 -18 2 -18 3 -19 2 -18 1 -19 1 -18 1 -19 1 -19 1 -20 0 -20 1 -20 0 -19 0 -20 -1 -19 0 -20 0 -20 0 -20 -1 -21 0 -20 0 -20 0 0 0 0 0 0 0 0 0 0 ]
764,1782983998.672713,19.0267,-66,CSI_DATA,AP,98:F4:AB:29:67:94,-66,11,1,6,1,1,1,1,0,0,0,-96,1,6,1,96734203,0,84,0,0,97.1188,384,[84 -64 4 0 0 0 0 0 0 0 0 0 1 18 0 18 0 19 -1 18 -2 19 -3 17 -3 19 -4 18 -3 18 -5 18 -6 19 -5 18 -6 19 -6 19 -6 18 -6 20 -6 18 -5 17 -6 18 -6 17 -6 17 -7 17 -7 17 -6 17 -7 18 -6 18 0 0 -5 18 -5 18 -4 18 -4 18 -4 17 -4 18 -4 18 -4 18 -3 19 -3 19 -3 19 -2 18 -4 19 -2 19 -2 20 -2 20 -2 21 -2 19 -2 20 -1 20 -1 20 -1 20 -1 20 -1 21 -1 20 -1 21 0 0 0 0 0 0 0 0 0 0 ]
765,1782983998.763322,18.4636,-65,CSI_DATA,AP,98:F4:AB:29:67:94,-65,11,1,5,1,1,1,1,0,0,0,-96,1,6,1,96824498,0,84,0,0,97.2091,384,[84 -64 4 0 0 0 0 0 0 0 0 0 -17 -2 -16 -3 -19 -3 -17 -4 -18 -4 -17 -4 -17 -6 -17 -6 -18 -5 -17 -7 -18 -7 -17 -8 -17 -8 -17 -7 -16 -8 -18 -7 -17 -8 -17 -8 -15 -8 -16 -8 -16 -8 -16 -8 -16 -8 -16 -8 -16 -8 -15 -8 0 0 -16 -7 -17 -7 -17 -6 -17 -6 -16 -6 -16 -6 -17 -6 -17 -6 -17 -5 -19 -5 -18 -5 -17 -5 -18 -4 -17 -4 -19 -4 -19 -3 -20 -4 -18 -3 -19 -3 -19 -3 -19 -4 -19 -3 -19 -3 -20 -3 -19 -3 -19 -2 0 0 0 0 0 0 0 0 0 0 ]
766,1782983998.852149,17.5704,-64,CSI_DATA,AP,98:F4:AB:29:67:94,-64,11,1,3,1,1,1,1,0,0,0,-96,1,6,1,96917842,0,84,0,0,97.3024,384,[84 -64 4 0 0 0 0 0 0 0 0 0 13 -11 13 -11 14 -10 14 -10 15 -10 15 -9 16 -8 16 -8 17 -8 17 -8 17 -9 17 -8 17 -8 18 -7 16 -6 18 -7 17 -6 16 -6 16 -5 17 -5 17 -4 17 -5 16 -5 16 -5 16 -5 16 -6 0 0 16 -6 17 -6 16 -6 16 -7 16 -6 16 -7 16 -6 16 -7 16 -8 16 -9 16 -9 15 -8 16 -9 16 -8 16 -9 16 -10 17 -9 16 -10 17 -9 16 -10 17 -10 16 -9 17 -11 16 -12 16 -11 16 -11 0 0 0 0 0 0 0 0 0 0 ]
767,1782983998.947939,17.7205,-65,CSI_DATA,AP,98:F4:AB:29:67:94,-65,11,1,5,1,1,1,1,0,0,0,-96,1,6,1,97003433,0,84,0,0,97.388,384,[84 -64 4 0 0 0 0 0 0 0 0 0 -11 13 -11 13 -12 12 -13 12 -13 12 -13 12 -14 12 -14 11 -15 12 -15 11 -15 11 -15 10 -16 10 -16 10 -15 9 -17 9 -16 8 -15 8 -15 8 -16 8 -16 7 -16 8 -15 8 -15 8 -16 8 -15 9 0 0 -15 8 -15 9 -15 9 -14 9 -14 8 -14 9 -15 9 -14 10 -14 10 -14 11 -14 12 -14 11 -13 11 -14 11 -14 12 -15 12 -15 13 -13 12 -14 12 -13 12 -15 12 -14 13 -14 13 -14 13 -14 13 -14 13 0 0 0 0 0 0 0 0 0 0 ]
768,1782983999.037860,18.3478,-65,CSI_DATA,AP,98:F4:AB:29:67:94,-65,11,1,5,1,1,1,1,0,0,0,-96,1,6,1,97093809,0,84,0,0,97.4785,384,[84 -64 4 0 0 0 0 0 0 0 0 0 4 17 3 16 3 18 3 18 2 19 2 18 1 19 0 18 1 19 -1 20 0 20 -2 19 -2 19 -1 20 -1 18 -1 20 -1 19 -1 19 -1 18 -1 18 -2 18 0 18 -1 18 -2 18 -1 19 -2 18 0 0 0 18 1 19 1 18 2 18 1 17 2 18 2 19 3 18 3 18 4 19 4 19 3 18 3 18 4 18 5 19 6 18 6 20 6 18 7 19 7 18 6 20 8 19 6 20 8 19 7 19 7 19 0 0 0 0 0 0 0 0 0 0 ]
769,1782983999.129586,18.4128,-65,CSI_DATA,AP,98:F4:AB:29:67:94,-65,11,1,5,1,1,1,1,0,0,0,-96,1,6,1,97184999,0,84,0,0,97.5695,384,[84 -64 4 0 0 0 0 0 0 0 0 0 10 15 8 15 9 16 8 17 8 17 7 17 7 17 6 18 6 18 5 18 5 19 5 19 4 18 5 19 4 18 5 20 5 18 4 18 4 18 4 18 3 17 4 18 2 18 4 18 4 18 4 17 0 0 4 18 6 18 6 18 6 17 5 17 6 17 6 18 6 17 7 16 7 17 9 17 7 17 9 17 9 17 9 17 10 17 10 18 10 17 10 17 10 17 9 18 11 17 10 17 11 17 10 17 10 18 0 0 0 0 0 0 0 0 0 0 ]
770,1782983999.222670,17.8300,-65,CSI_DATA,AP,98:F4:AB:29:67:94,-65,11,1,5,1,1,1,1,0,0,0,-96,1,6,1,97276770,0,84,0,0,97.6614,384,[84 -64 4 0 0 0 0 0 0 0 0 0 12 13 11 13 11 14 10 15 10 15 10 16 9 17 8 17 8 16 8 17 8 18 8 18 8 18 7 17 7 17 7 19 6 18 5 17 5 17 6 18 5 18 5 18 5 17 5 17 5 17 7 17 0 0 6 17 7 17 6 17 7 16 6 16 6 16 7 17 7 16 8 16 9 17 10 17 9 16 9 16 9 17 9 17 10 16 11 18 10 16 10 17 10 17 10 17 10 17 10 17 12 16 11 16 11 16 0 0 0 0 0 0 0 0 0 0 ]
771,1782983999.313596,16.8952,-65,CSI_DATA,AP,98:F4:AB:29:67:94,-65,11,1,5,1,1,1,1,0,0,0,-96,1,6,1,97364308,0,84,0,0,97.7489,384,[84 -64 4 0 0 0 0 0 0 0 0 0 14 -7 13 -7 15 -8 15 -7 16 -6 16 -6 16 -6 16 -5 17 -5 17 -4 17 -4 17 -3 17 -3 16 -3 16 -2 18 -2 16 -3 17 -2 16 -2 16 -3 17 -2 16 -2 16 -3 16 -2 16 -2 16 -3 0 0 16 -4 16 -3 16 -3 16 -4 15 -3 16 -4 16 -4 15 -5 16 -5 17 -6 16 -6 16 -5 16 -5 16 -6 16 -6 16 -6 17 -6 16 -7 17 -7 16 -8 17 -7 16 -8 17 -7 18 -7 17 -8 16 -8 0 0 0 0 0 0 0 0 0 0 ]
772,1782983999.404012,17.3960,-65,CSI_DATA,AP,98:F4:AB:29:67:94,-65,11,1,5,1,1,1,1,0,0,0,-96,1,6,1,97455836,0,84,0,0,97.8405,384,[84 -64 4 0 0 0 0 0 0 0 0 0 7 16 7 16 7 16 6 17 7 17 5 16 5 18 5 18 4 18 3 19 3 19 3 20 2 19 2 19 2 18 3 20 3 18 3 18 3 18 3 17 3 17 3 18 1 18 2 18 2 18 3 18 0 0 3 17 4 18 4 17 6 18 4 17 6 17 7 18 6 17 7 17 7 17 8 18 7 17 7 17 7 17 8 17 9 17 10 18 9 16 9 16 11 17 10 17 11 16 10 17 11 18 10 18 10 17 0 0 0 0 0 0 0 0 0 0 ]
773,1782983999.494612,18.4563,-65,CSI_DATA,AP,98:F4:AB:29:67:94,-65,11,1,5,1,1,1,1,0,0,0,-96,1,6,1,97545976,0,84,0,0,97.9306,384,[84 -64 4 0 0 0 0 0 0 0 0 0 -17 -7 -16 -8 -18 -8 -17 -8 -18 -10 -16 -9 -17 -11 -15 -11 -16 -12 -15 -12 -16 -12 -17 -12 -16 -13 -16 -13 -15 -12 -16 -14 -15 -13 -15 -13 -14 -13 -14 -13 -14 -13 -14 -13 -15 -13 -14 -12 -15 -12 -15 -13 0 0 -15 -13 -16 -11 -16 -11 -16 -11 -14 -11 -16 -12 -15 -11 -16 -11 -16 -11 -18 -10 -18 -9 -17 -10 -18 -10 -17 -10 -19 -10 -18 -9 -19 -10 -18 -9 -18 -10 -19 -10 -18 -10 -19 -9 -20 -9 -20 -8 -19 -8 -20 -8 0 0 0 0 0 0 0 0 0 0 ]
774,1782983999.586039,19.6040,-64,CSI_DATA,AP,98:F4:AB:29:67:94,-64,11,1,4,1,1,1,1,0,0,0,-96,1,6,1,97634965,0,84,0,0,98.0195,384,[84 -64 4 0 0 0 0 0 0 0 0 0 6 -18 6 -18 6 -18 7 -19 8 -18 9 -17 9 -17 11 -18 10 -17 10 -17 11 -18 12 -17 12 -17 12 -17 12 -16 12 -16 11 -17 12 -16 11 -15 12 -16 13 -15 11 -16 12 -15 12 -15 12 -16 12 -16 0 0 11 -16 11 -16 11 -17 10 -17 10 -16 10 -17 10 -16 10 -17 9 -18 8 -17 8 -18 8 -18 8 -18 9 -19 8 -19 8 -20 8 -20 7 -20 8 -20 8 -20 8 -20 8 -20 8 -20 6 -21 7 -21 7 -20 0 0 0 0 0 0 0 0 0 0 ]
775,1782983999.678715,18.1118,-65,CSI_DATA,AP,98:F4:AB:29:67:94,-65,11,1,5,1,1,1,1,0,0,0,-96,1,6,1,97727554,0,84,0,0,98.1122,384,[84 -64 4 0 0 0 0 0 0 0 0 0 10 -13 10 -13 11 -14 11 -13 11 -13 11 -12 13 -12 12 -12 13 -11 14 -11 13 -11 14 -11 14 -11 15 -10 14 -9 15 -11 14 -9 15 -10 14 -10 14 -9 14 -9 14 -9 14 -9 14 -9 14 -9 14 -10 0 0 13 -9 14 -10 14 -9 13 -10 13 -9 13 -11 13 -10 13 -11 13 -11 12 -12 13 -12 12 -12 13 -12 12 -13 13 -13 13 -13 14 -13 12 -13 13 -13 12 -13 13 -14 12 -14 13 -14 13 -15 12 -14 12 -14 0 0 0 0 0 0 0 0 0 0 ]
776,1782983999.770693,17.6078,-65,CSI_DATA,AP,98:F4:AB:29:67:94,-65,11,1,5,1,1,1,1,0,0,0,-96,1,6,1,97815437,0,84,0,0,98.2001,384,[84 -64 4 0 0 0 0 0 0 0 0 0 12 -12 10 -12 12 -12 12 -12 13 -10 12 -10 14 -10 14 -10 14 -11 16 -10 15 -10 15 -8 15 -8 15 -8 15 -8 16 -9 15 -8 16 -9 14 -8 14 -8 15 -7 15 -8 15 -8 14 -7 16 -7 15 -8 0 0 14 -10 14 -10 13 -9 14 -10 13 -9 14 -9 14 -9 14 -10 14 -12 14 -11 13 -11 14 -10 13 -11 13 -12 14 -13 13 -13 14 -13 13 -12 13 -13 13 -14 13 -13 13 -14 13 -14 13 -14 13 -14 12 -13 0 0 0 0 0 0 0 0 0 0 ]
777,1782983999.855608,19.5992,-64,CSI_DATA,AP,98:F4:AB:29:67:94,-64,11,1,4,1,1,1,1,0,0,0,-96,1,6,1,97909361,0,84,0,0,98.294,384,[84 -64 4 0 0 0 0 0 0 0 0 0 -18 7 -18 5 -19 6 -19 5 -21 5 -19 3 -21 4 -20 3 -21 3 -21 0 -21 2 -21 0 -21 0 -21 1 -21 0 -22 1 -20 1 -21 0 -20 0 -20 0 -20 0 -20 1 -20 0 -19 -1 -21 -1 -19 1 0 0 -20 1 -21 3 -19 2 -20 3 -18 2 -20 2 -20 3 -20 4 -20 5 -21 5 -21 5 -20 4 -20 5 -19 5 -21 7 -19 7 -22 6 -20 6 -20 7 -21 8 -21 7 -21 8 -21 7 -21 7 -21 7 -20 8 0 0 0 0 0 0 0 0 0 0 ]
778,1782983999.942606,20.7909,-64,CSI_DATA,AP,98:F4:AB:29:67:94,-64,11,1,4,1,1,1,1,0,0,0,-96,1,6,1,97993590,0,84,0,0,98.3782,384,[84 -64 4 0 0 0 0 0 0 0 0 0 -19 1 -19 0 -20 0 -20 0 -21 -2 -19 -2 -20 -2 -20 -3 -21 -3 -20 -4 -21 -4 -21 -5 -21 -6 -21 -6 -21 -5 -21 -6 -19 -5 -20 -6 -19 -6 -19 -5 -20 -5 -20 -5 -19 -6 -18 -6 -20 -6 -19 -5 0 0 -19 -5 -21 -4 -20 -4 -20 -3 -19 -4 -20 -3 -20 -3 -20 -2 -21 -2 -21 -1 -21 -2 -20 -2 -21 -2 -21 0 -21 -1 -21 0 -23 0 -21 0 -22 0 -22 1 -22 1 -22 0 -22 0 -22 1 -22 1 -22 1 0 0 0 0 0 0 0 0 0 0 ]
779,1782984000.034290,18.2937,-64,CSI_DATA,AP,98:F4:AB:29:67:94,-64,11,1,4,1,1,1,1,0,0,0,-96,1,6,1,98085892,0,84,0,0,98.4705,384,[84 -64 4 0 0 0 0 0 0 0 0 0 9 -13 9 -12 10 -13 10 -12 11 -12 11 -12 12 -11 12 -11 12 -11 12 -11 13 -11 13 -11 13 -10 14 -10 12 -9 14 -10 12 -9 13 -9 12 -8 12 -9 13 -8 13 -9 13 -9 13 -9 13 -9 12 -10 0 0 12 -10 12 -10 12 -10 11 -10 12 -10 12 -11 11 -11 12 -11 11 -12 11 -12 10 -12 10 -12 11 -12 11 -12 11 -13 10 -13 11 -14 10 -13 11 -14 10 -14 10 -14 10 -14 11 -14 10 -15 10 -14 9 -14 0 0 0 0 0 0 0 0 0 0 ]
780,1782984000.123954,17.1871,-64,CSI_DATA,AP,98:F4:AB:29:67:94,-64,11,1,4,1,1,1,1,0,0,0,-96,1,6,1,98173571,0,84,0,0,98.5582,384,[84 -64 4 0 0 0 0 0 0 0 0 0 -1 17 -1 16 -1 17 -2 17 -2 18 -3 17 -3 17 -5 17 -4 18 -7 17 -6 18 -6 18 -7 17 -6 17 -6 16 -6 19 -6 16 -6 18 -6 16 -6 17 -6 16 -5 16 -7 16 -6 16 -6 16 -6 16 0 0 -4 17 -4 18 -3 16 -4 18 -4 16 -3 17 -4 16 -3 17 -2 18 -2 18 -2 17 -3 17 -2 18 -1 17 0 19 1 17 0 21 0 18 0 19 1 19 0 18 1 18 1 20 1 19 1 18 1 18 0 0 0 0 0 0 0 0 0 0 ]
781,1782984000.213392,16.9175,-65,CSI_DATA,AP,98:F4:AB:29:67:94,-65,11,1,5,1,1,1,1,0,0,0,-96,1,6,1,98265337,0,84,0,0,98.6499,384,[84 -64 4 0 0 0 0 0 0 0 0 0 -14 -9 -14 -10 -15 -10 -14 -11 -14 -11 -13 -12 -13 -13 -12 -13 -13 -13 -12 -14 -13 -14 -13 -15 -12 -14 -12 -14 -11 -14 -12 -15 -12 -14 -11 -14 -11 -14 -10 -14 -10 -15 -11 -14 -11 -14 -11 -14 -11 -14 -11 -14 0 0 -11 -14 -12 -13 -12 -14 -13 -13 -11 -12 -12 -13 -12 -14 -12 -13 -12 -13 -14 -12 -14 -12 -13 -11 -15 -12 -14 -12 -15 -12 -15 -12 -16 -13 -15 -12 -15 -12 -15 -12 -15 -13 -16 -12 -15 -13 -17 -12 -15 -11 -16 -12 0 0 0 0 0 0 0 0 0 0 ]
782,1782984000.302913,17.9400,-65,CSI_DATA,AP,98:F4:AB:29:67:94,-65,11,1,5,1,1,1,1,0,0,0,-96,1,6,1,98354107,0,84,0,0,98.7387,384,[84 -64 4 0 0 0 0 0 0 0 0 0 6 17 7 16 7 17 6 17 5 18 5 18 4 18 4 18 4 19 3 18 3 19 2 19 2 20 2 20 2 19 1 20 0 19 1 18 0 17 0 19 0 18 1 17 0 18 0 18 0 19 1 19 0 0 1 19 1 19 1 19 2 18 1 18 2 19 2 18 2 18 3 19 3 19 3 19 3 18 3 19 4 19 3 19 4 20 4 20 4 19 4 20 5 20 5 19 5 20 5 20 5 20 5 19 5 19 0 0 0 0 0 0 0 0 0 0 ]
783,1782984000.391311,19.2728,-65,CSI_DATA,AP,98:F4:AB:29:67:94,-65,11,1,5,1,1,1,1,0,0,0,-96,1,6,1,98446067,0,84,0,0,98.8307,384,[84 -64 4 0 0 0 0 0 0 0 0 0 -8 -17 -7 -16 -6 -19 -7 -19 -6 -19 -5 -19 -5 -19 -4 -19 -4 -20 -3 -19 -3 -20 -4 -21 -3 -21 -3 -21 -3 -19 -2 -22 -2 -20 -2 -20 -1 -19 -1 -20 -2 -19 -1 -20 -1 -19 -2 -19 -2 -20 -3 -20 0 0 -4 -19 -4 -20 -3 -19 -4 -19 -4 -18 -4 -19 -4 -19 -5 -19 -5 -19 -6 -20 -6 -20 -7 -18 -7 -19 -7 -19 -7 -20 -8 -20 -7 -20 -7 -19 -7 -20 -8 -20 -8 -20 -9 -19 -9 -20 -10 -19 -9 -19 -9 -19 0 0 0 0 0 0 0 0 0 0 ]
784,1782984000.478823,18.0995,-65,CSI_DATA,AP,98:F4:AB:29:67:94,-65,11,1,5,1,1,1,1,0,0,0,-96,1,6,1,98537081,0,84,0,0,98.9217,384,[84 -64 4 0 0 0 0 0 0 0 0 0 11 12 10 12 11 13 9 13 10 14 9 14 10 14 8 14 9 14 7 16 7 17 6 16 5 16 7 16 7 14 7 17 6 16 6 16 4 15 6 15 6 15 6 15 5 16 4 15 5 16 5 15 0 0 6 15 7 15 6 14 7 15 6 14 7 14 8 15 8 14 8 15 9 15 8 15 8 14 8 15 8 14 12 15 10 14 10 16 10 14 11 14 11 14 10 15 12 14 11 15 11 15 10 15 11 14 0 0 0 0 0 0 0 0 0 0 ]
