packet_idx,epoch_s,sub30_amplitude,rssi_dbm,raw_line
1,1782973851.646939,19.7990,-63,CSI_DATA,AP,98:F4:AB:29:67:94,-63,11,0,0,0,0,0,0,0,0,0,-96,0,6,1,40447744,0,28,0,0,40.8315,128,[28 -64 1 0 0 0 0 0 0 0 0 0 15 9 15 7 18 9 16 10 17 11 14 11 16 12 13 14 15 14 14 15 14 15 15 15 14 16 15 16 13 13 16 15 13 13 15 14 13 13 13 14 12 14 14 13 13 14 14 13 14 14 14 14 0 0 15 13 16 14 15 12 17 12 16 10 19 12 17 15 16 11 21 12 20 14 18 11 20 9 19 13 18 12 20 10 18 7 19 11 19 7 23 12 29 11 18 10 25 4 32 13 22 10 32 17 25 9 0 0 0 0 0 0 0 0 0 0 ]
2,1782973851.678545,19.4165,-63,CSI_DATA,AP,98:F4:AB:29:67:94,-63,11,0,0,0,0,0,0,0,0,0,-96,0,6,1,40450651,0,157,0,0,40.8643,128,[-99 -48 9 0 0 0 0 0 0 0 0 0 17 -1 18 -1 20 -1 20 0 19 0 19 2 19 1 18 4 20 1 20 5 21 5 21 6 20 7 20 5 18 4 22 4 19 4 19 3 18 3 19 3 19 3 20 2 18 3 19 4 19 4 19 4 0 0 20 1 22 -1 20 -1 21 -4 20 -2 21 -2 20 -2 20 -1 21 -8 22 1 24 -2 20 -6 22 -4 21 -6 26 -2 24 -7 25 -12 21 -4 22 -6 27 4 22 -6 21 -12 26 3 21 -5 29 -12 24 -5 0 0 0 0 0 0 0 0 0 0 ]
3,1782973851.725973,18.9737,-63,CSI_DATA,AP,98:F4:AB:29:67:94,-63,11,0,0,0,0,0,0,0,0,0,-96,0,6,1,40451595,0,157,0,0,40.9021,128,[-99 -48 9 0 0 0 0 0 0 0 0 0 14 -8 13 -7 17 -9 14 -7 17 -8 14 -5 17 -7 17 -5 17 -6 19 -5 18 -4 19 -4 19 -4 19 -4 15 -4 21 -5 16 -5 18 -5 15 -4 16 -6 16 -4 17 -6 18 -4 17 -6 18 -6 17 -5 0 0 16 -7 19 -8 15 -8 19 -9 16 -9 16 -9 17 -9 18 -11 16 -13 19 -8 19 -6 17 -11 18 -12 18 -11 17 -12 15 -11 20 -13 16 -16 19 -10 14 -16 12 -22 17 -12 19 -16 20 -1 19 -16 20 -13 0 0 0 0 0 0 0 0 0 0 ]
4,1782973851.763420,14.8661,-64,CSI_DATA,AP,98:F4:AB:29:67:94,-64,11,0,0,0,0,0,0,0,0,0,-96,0,6,1,40574443,0,135,0,0,40.9579,128,[-121 112 8 0 0 0 0 0 0 0 0 0 10 8 9 8 11 9 11 9 11 11 9 10 10 10 9 11 10 11 10 12 10 12 10 13 10 13 10 13 8 12 10 14 9 12 9 12 8 12 9 12 7 12 9 11 9 12 10 11 10 11 11 12 0 0 11 11 13 12 12 10 12 11 12 8 12 10 12 11 12 14 13 11 12 11 16 9 13 12 16 11 13 11 18 9 18 9 13 14 15 9 12 9 21 10 23 7 17 6 17 15 18 -5 14 16 12 14 0 0 0 0 0 0 0 0 0 0 ]
5,1782973852.281474,21.2132,-66,CSI_DATA,AP,98:F4:AB:29:67:94,-66,11,0,0,0,0,0,0,0,0,0,-96,0,6,1,41086335,0,390,0,0,41.4703,128,[-122 -31 23 0 0 0 0 0 0 0 0 0 5 16 3 15 3 18 3 19 1 20 1 19 1 20 0 20 -1 21 -1 21 -1 21 -2 23 -3 22 -2 24 -2 20 -3 24 -3 21 -4 21 -3 19 -3 21 -4 20 -2 21 -4 20 -3 21 -3 21 -3 21 0 0 -2 21 -2 23 -1 21 0 21 0 19 0 20 0 20 0 19 3 20 0 21 2 21 2 19 4 20 3 20 2 20 3 20 4 20 3 17 3 19 4 17 5 18 4 18 5 18 6 18 5 17 6 17 0 0 0 0 0 0 0 0 0 0 ]
6,1782973852.332394,27.0740,-65,CSI_DATA,AP,98:F4:AB:29:67:94,-65,11,0,0,0,0,0,0,0,0,0,-96,0,6,1,41134948,0,390,0,0,41.5186,128,[-122 -31 23 0 0 0 0 0 0 0 0 0 -12 -23 -9 -22 -10 -26 -8 -24 -8 -27 -5 -24 -6 -27 -4 -25 -5 -28 -3 -30 -5 -29 -2 -30 -2 -30 -2 -30 -1 -26 -3 -32 -3 -26 -2 -28 0 -24 -2 -27 0 -25 -3 -28 -1 -26 -2 -26 -2 -27 -2 -25 0 0 -4 -25 -5 -28 -6 -24 -9 -27 -5 -23 -7 -25 -6 -25 -7 -24 -10 -23 -9 -25 -10 -24 -10 -23 -11 -24 -10 -22 -12 -25 -12 -22 -15 -26 -11 -21 -12 -21 -14 -21 -13 -21 -16 -20 -15 -21 -15 -21 -14 -19 -15 -20 0 0 0 0 0 0 0 0 0 0 ]
7,1782973852.393195,20.0250,-64,CSI_DATA,AP,98:F4:AB:29:67:94,-64,11,0,0,0,0,0,0,0,0,0,-96,0,6,1,41193506,0,82,0,0,41.5768,128,[82 -96 4 0 0 0 0 0 0 0 0 0 -1 20 -2 19 -2 23 -3 20 -4 22 -4 19 -6 21 -7 21 -7 22 -7 22 -5 22 -5 23 -6 23 -6 23 -6 19 -6 23 -5 20 -5 20 -4 18 -5 19 -6 18 -5 19 -4 18 -1 20 -1 20 -2 19 0 0 0 20 1 21 1 19 3 23 3 17 5 18 8 24 2 19 14 15 10 23 9 15 17 14 6 22 6 20 5 15 13 10 6 14 13 10 8 23 11 26 12 14 14 21 6 21 12 14 6 10 8 14 0 0 0 0 0 0 0 0 0 0 ]
8,1782973852.429235,21.5870,-64,CSI_DATA,AP,98:F4:AB:29:67:94,-64,11,0,0,0,0,0,0,0,0,0,-96,0,6,1,41212708,0,82,0,0,41.6066,128,[82 -96 4 0 0 0 0 0 0 0 0 0 20 -2 19 -1 22 -1 21 1 21 1 20 3 22 2 20 3 22 3 22 5 22 5 22 5 21 7 22 6 20 5 23 7 20 6 19 5 18 5 20 5 18 5 19 5 18 4 19 4 21 5 19 4 0 0 20 2 21 3 20 1 21 1 19 1 20 -2 20 0 19 -1 21 -1 21 -1 22 -1 20 -2 21 -3 20 -2 22 -3 22 -2 23 -4 20 -3 21 -3 21 -4 20 -5 21 -6 22 -5 21 -6 20 -6 19 -4 0 0 0 0 0 0 0 0 0 0 ]
9,1782973852.775207,20.6155,-64,CSI_DATA,AP,98:F4:AB:29:67:94,-64,11,0,0,0,0,0,0,0,0,0,-96,0,6,1,41582645,0,82,0,0,41.9661,128,[82 -96 4 0 0 0 0 0 0 0 0 0 -9 18 -8 17 -10 19 -10 18 -12 18 -11 16 -12 17 -13 16 -13 17 -14 17 -12 17 -14 17 -15 17 -14 17 -13 15 -16 18 -14 15 -14 16 -13 14 -15 15 -15 14 -14 15 -14 14 -13 15 -13 16 -14 15 0 0 -12 16 -14 17 -12 16 -12 17 -11 14 -11 16 -11 16 -11 16 -10 18 -12 17 -11 19 -10 17 -10 18 -11 18 -11 20 -11 19 -11 21 -10 17 -12 19 -11 19 -11 19 -11 19 -11 20 -11 20 -10 19 -10 19 0 0 0 0 0 0 0 0 0 0 ]
10,1782973853.267516,20.6155,-64,CSI_DATA,AP,98:F4:AB:29:67:94,-64,11,0,0,0,0,0,0,0,0,0,-96,0,6,1,42082680,0,82,0,0,42.4662,128,[82 -96 4 0 0 0 0 0 0 0 0 0 2 4 2 4 3 5 2 4 2 5 1 4 2 4 1 5 2 5 2 5 3 5 2 5 2 4 2 4 2 4 3 5 3 4 2 4 2 4 2 4 3 4 2 4 2 4 3 3 3 3 2 3 0 0 2 3 4 3 4 2 4 4 3 3 3 3 4 2 3 3 4 2 3 3 4 3 4 2 5 2 5 1 4 2 5 2 4 1 3 1 5 1 4 1 5 2 5 2 2 -2 7 1 -2 3 0 6 0 0 0 0 0 0 0 0 0 0 ]
11,1782973853.308122,20.6807,-64,CSI_DATA,AP,98:F4:AB:29:67:94,-64,11,0,0,0,0,0,0,0,0,0,-96,0,6,1,42083088,0,82,0,0,42.4887,128,[82 -96 4 0 0 0 0 0 0 0 0 0 -6 -1 -5 -1 -6 -1 -6 -1 -7 -1 -6 -1 -6 -2 -6 -1 -6 -2 -6 -2 -6 -1 -6 -2 -6 -2 -6 -2 -6 -2 -6 -2 -6 -2 -6 -1 -5 -1 -6 -2 -5 -2 -6 -1 -5 -2 -6 -2 -7 -1 -7 -1 0 0 -5 0 -6 -1 -6 0 -5 0 -4 -1 -5 1 -6 -1 -4 0 -6 0 -5 0 -5 -1 -6 0 -6 1 -6 1 -4 1 -5 1 -6 2 -4 2 -7 1 -3 2 -7 1 -5 -2 -6 0 -3 2 3 0 -10 5 0 0 0 0 0 0 0 0 0 0 ]
12,1782973853.615409,16.7103,-67,CSI_DATA,AP,98:F4:AB:29:67:94,-67,11,0,0,0,0,0,0,0,0,0,-96,0,6,1,42426589,0,82,0,0,42.81,128,[82 -96 4 0 0 0 0 0 0 0 0 0 -4 -17 -3 -17 -2 -19 -1 -19 0 -18 1 -16 2 -17 3 -17 4 -17 4 -17 4 -17 5 -17 6 -16 7 -15 8 -14 8 -16 9 -13 8 -13 8 -11 8 -11 8 -11 10 -11 8 -10 9 -10 10 -11 10 -11 0 0 9 -10 10 -11 10 -8 9 -11 7 -11 12 -11 10 -7 9 -8 10 -9 8 -12 10 -8 9 -11 15 -14 12 -7 12 -12 19 -4 15 -14 11 -6 11 6 13 -13 14 -11 21 -15 22 -2 25 -12 15 -13 9 -24 0 0 0 0 0 0 0 0 0 0 ]
13,1782973853.667640,14.8381,-66,CSI_DATA,AP,98:F4:AB:29:67:94,-66,11,0,0,0,0,0,0,0,0,0,-96,0,6,1,42427269,0,82,0,0,42.8424,128,[82 -96 4 0 0 0 0 0 0 0 0 0 -8 17 -7 16 -10 17 -8 17 -9 16 -8 15 -10 16 -10 15 -10 17 -9 16 -9 17 -9 17 -10 17 -10 17 -8 15 -11 18 -9 16 -8 15 -8 13 -7 14 -8 14 -9 14 -7 14 -7 14 -6 15 -5 16 0 0 -4 15 -5 17 -2 12 -2 17 -3 12 -3 15 -1 15 -1 13 -4 16 -2 13 4 15 9 16 1 13 3 18 5 21 1 13 8 5 6 8 2 8 10 8 -1 16 4 22 1 15 0 17 -4 11 -10 17 0 0 0 0 0 0 0 0 0 0 ]
14,1782973853.697212,13.6759,-66,CSI_DATA,AP,98:F4:AB:29:67:94,-66,11,0,0,0,0,0,0,0,0,0,-96,0,6,1,42427877,0,82,0,0,42.8817,128,[82 -96 4 0 0 0 0 0 0 0 0 0 17 -10 16 -8 18 -8 17 -7 18 -6 17 -4 18 -4 17 -3 18 -2 18 -1 18 0 19 0 17 1 18 2 17 2 18 3 17 4 15 5 13 6 15 5 15 6 15 6 13 6 14 6 14 7 13 7 0 0 13 7 14 7 14 7 15 7 13 6 12 5 10 8 12 8 11 11 16 10 15 11 17 4 12 11 12 10 14 11 10 9 13 4 2 12 18 7 12 -1 16 10 5 5 -7 22 6 11 -11 5 19 20 0 0 0 0 0 0 0 0 0 0 ]
15,1782973853.743186,17.4643,-64,CSI_DATA,AP,98:F4:AB:29:67:94,-64,11,0,0,0,0,0,0,0,0,0,-96,0,6,1,42542882,0,37,0,0,42.9262,128,[37 80 2 0 0 0 0 0 0 0 0 0 -17 -1 -16 -2 -19 -4 -18 -3 -18 -3 -17 -4 -18 -5 -17 -6 -19 -5 -18 -6 -19 -6 -20 -7 -20 -7 -20 -6 -17 -7 -20 -8 -18 -8 -17 -7 -16 -7 -17 -8 -17 -9 -17 -8 -17 -8 -18 -7 -19 -8 -18 -7 0 0 -18 -7 -18 -8 -18 -7 -17 -6 -18 -5 -17 -7 -17 -7 -20 -4 -18 -5 -17 -7 -20 -8 -16 -4 -17 -4 -17 -6 -18 -4 -17 -5 -22 -4 -14 -8 -19 -4 -18 -8 -29 -18 -15 -5 -20 -2 -1 15 -19 -1 -16 0 0 0 0 0 0 0 0 0 0 0 ]
16,1782973853.780949,11.4131,-65,CSI_DATA,AP,98:F4:AB:29:67:94,-65,11,0,0,0,0,0,0,0,0,0,-96,0,6,1,42593113,0,37,0,0,42.9762,128,[37 80 2 0 0 0 0 0 0 0 0 0 -2 3 -2 3 -1 4 -2 3 -2 4 -2 4 -2 3 -2 4 -3 4 -2 4 -3 4 -3 4 -4 4 -4 4 -4 4 -3 4 -3 3 -3 4 -3 4 -4 3 -3 3 -4 4 -3 3 -4 3 -4 4 -4 3 0 0 -4 4 -3 4 -3 3 -3 4 -2 4 -4 4 -3 3 -3 5 -3 4 -3 5 -3 4 -3 4 -3 4 -3 3 -4 4 -3 4 -4 6 -1 2 -5 3 -2 6 -2 6 -3 5 -5 4 -6 4 -5 5 -4 5 0 0 0 0 0 0 0 0 0 0 ]
17,1782973853.822213,6.4180,-66,CSI_DATA,AP,98:F4:AB:29:67:94,-66,11,0,0,0,0,0,0,0,0,0,-96,0,6,1,42594177,0,37,0,0,43.0031,128,[37 80 2 0 0 0 0 0 0 0 0 0 -2 4 -2 4 -2 5 -2 4 -2 4 -2 4 -3 4 -2 4 -3 5 -3 4 -4 4 -4 5 -4 5 -4 5 -4 4 -4 4 -4 4 -4 3 -4 3 -4 4 -5 3 -4 4 -4 3 -5 4 -4 4 -4 4 0 0 -4 3 -5 4 -4 4 -5 3 -4 3 -4 3 -5 3 -3 3 -5 5 -5 3 -6 3 -5 4 -5 5 -5 4 -6 3 -6 3 -5 4 -5 1 -8 5 -5 3 -2 0 -4 2 -8 2 -2 8 -6 -1 -5 1 0 0 0 0 0 0 0 0 0 0 ]
18,1782973853.864817,10.9911,-65,CSI_DATA,AP,98:F4:AB:29:67:94,-65,11,0,0,0,0,0,0,0,0,0,-96,0,6,1,42599923,0,84,0,0,43.0383,128,[84 -64 4 0 0 0 0 0 0 0 0 0 9 -10 9 -9 10 -10 10 -10 10 -10 11 -9 13 -10 13 -9 13 -10 13 -10 12 -10 14 -10 14 -11 14 -10 12 -9 15 -9 13 -10 12 -9 12 -7 14 -9 14 -8 14 -9 13 -9 13 -11 13 -11 13 -10 0 0 13 -10 14 -10 13 -11 12 -12 11 -9 11 -11 13 -10 13 -11 14 -16 10 -12 16 -11 11 -11 7 -13 11 -13 10 -12 4 -9 13 -18 14 -3 4 -7 20 -12 6 -24 11 -25 -2 -15 21 -13 0 -8 19 -25 0 0 0 0 0 0 0 0 0 0 ]
19,1782973853.910868,13.8844,-66,CSI_DATA,AP,98:F4:AB:29:67:94,-66,11,0,0,0,0,0,0,0,0,0,-96,0,6,1,42606315,0,84,0,0,43.0809,128,[84 -64 4 0 0 0 0 0 0 0 0 0 -3 12 -4 12 -4 13 -4 13 -4 13 -5 12 -5 14 -6 13 -5 14 -6 15 -6 16 -6 15 -7 15 -6 16 -6 14 -6 17 -5 15 -5 14 -4 15 -5 15 -6 15 -4 15 -4 15 -3 15 -2 16 -3 16 0 0 -2 15 -1 18 1 16 3 16 1 15 2 14 2 20 1 15 1 21 -1 15 3 18 2 10 8 18 5 16 3 16 10 21 15 14 3 17 7 14 19 3 4 15 22 15 -5 33 7 17 6 -8 6 11 0 0 0 0 0 0 0 0 0 0 ]
20,1782973853.953477,16.3223,-64,CSI_DATA,AP,98:F4:AB:29:67:94,-64,11,0,0,0,0,0,0,0,0,0,-96,0,6,1,42606866,0,84,0,0,43.1193,128,[84 -64 4 0 0 0 0 0 0 0 0 0 -13 4 -12 4 -14 4 -13 4 -14 3 -13 3 -15 3 -16 1 -17 3 -17 2 -17 2 -17 2 -18 2 -18 2 -16 1 -18 2 -16 2 -16 3 -15 2 -16 2 -16 1 -16 3 -16 2 -16 4 -16 4 -16 3 0 0 -16 4 -17 6 -15 7 -14 7 -14 6 -15 5 -17 7 -14 4 -17 10 -14 7 -15 4 -17 1 -12 12 -17 6 -16 7 -9 14 -8 17 -5 9 -12 17 -2 3 -22 15 -14 6 -24 11 -23 5 -15 -7 -9 14 0 0 0 0 0 0 0 0 0 0 ]
21,1782973853.979715,18.1844,-66,CSI_DATA,AP,98:F4:AB:29:67:94,-66,11,0,0,0,0,0,0,0,0,0,-96,0,6,1,42618239,0,84,0,0,43.1598,128,[84 -64 4 0 0 0 0 0 0 0 0 0 -1 -13 0 -12 0 -15 0 -14 0 -14 1 -13 -1 -15 2 -15 -1 -15 1 -17 1 -18 1 -17 1 -17 0 -16 1 -15 1 -19 0 -15 -1 -15 0 -14 -2 -16 0 -16 -3 -16 -1 -17 -2 -17 -3 -17 -3 -16 0 0 -5 -14 -6 -19 -6 -16 -6 -15 -7 -14 -7 -14 -6 -17 -6 -10 -11 -14 -5 -13 -6 -14 -12 -14 -6 -14 -7 -11 -17 -12 -14 -15 -19 -23 -7 -13 -18 -13 -20 -6 -29 -12 -8 -20 -24 -21 -36 -17 -18 -8 0 -23 0 0 0 0 0 0 0 0 0 0 ]
22,1782973854.281955,18.6220,-66,CSI_DATA,AP,98:F4:AB:29:67:94,-66,11,0,0,0,0,0,0,0,0,0,-96,0,6,1,42621421,0,84,0,0,43.2037,128,[84 -64 4 0 0 0 0 0 0 0 0 0 -1 12 -2 12 -1 15 0 15 0 15 1 14 0 13 1 16 0 17 4 16 6 15 7 15 6 16 8 15 6 16 8 16 8 14 9 13 9 12 9 12 12 12 11 13 14 8 14 6 16 6 14 5 0 0 15 6 18 4 16 2 17 -2 17 1 16 -3 20 -5 13 -6 13 -3 16 -6 14 -7 10 -13 16 -9 16 -13 12 -9 21 -8 9 -5 3 -12 18 -27 29 -9 5 -33 12 -11 -10 -13 0 -43 16 -17 8 -29 0 0 0 0 0 0 0 0 0 0 ]
23,1782973854.521573,19.1886,-69,CSI_DATA,AP,98:F4:AB:29:67:94,-69,11,0,0,0,0,0,0,0,0,0,-96,0,6,1,42706277,0,84,0,0,43.2422,128,[84 -64 4 0 0 0 0 0 0 0 0 0 19 -12 18 -14 26 -16 26 -17 29 -12 29 -11 30 -14 33 -11 34 -12 38 -14 39 -15 40 -13 39 -9 42 -12 39 -6 48 -14 41 -11 42 -7 41 -9 44 -8 42 -6 46 -7 44 -5 47 -9 48 -7 47 -5 0 0 47 -8 51 -11 47 -11 52 -16 43 -13 49 -11 49 -12 47 -11 48 -13 49 -11 53 -15 47 -13 50 -17 48 -12 55 -16 52 -16 56 -18 52 -13 53 -12 52 -18 53 -12 52 -16 56 -15 54 -18 54 -16 51 -17 0 0 0 0 0 0 0 0 0 0 ]
24,1782973854.756143,19.5118,-66,CSI_DATA,AP,98:F4:AB:29:67:94,-66,11,0,0,0,0,0,0,0,0,0,-96,0,6,1,42799597,0,84,0,0,43.2857,128,[84 -64 4 0 0 0 0 0 0 0 0 0 -10 2 -11 1 -12 1 -14 0 -14 0 -13 -1 -14 -2 -15 -3 -16 -3 -16 -4 -17 -4 -18 -4 -17 -6 -18 -6 -15 -7 -18 -8 -16 -7 -15 -8 -15 -8 -14 -10 -14 -10 -15 -10 -14 -9 -14 -9 -15 -10 -15 -11 0 0 -14 -10 -17 -11 -15 -11 -16 -11 -15 -9 -15 -12 -16 -12 -15 -14 -14 -14 -17 -11 -17 -8 -11 -12 -15 -7 -16 -10 -16 -16 -9 -13 -19 -22 -18 -10 -13 -21 -27 -6 -23 -20 -15 -18 -18 -22 -23 -7 -5 -2 -16 -18 0 0 0 0 0 0 0 0 0 0 ]
25,1782973854.979789,18.6958,-67,CSI_DATA,AP,98:F4:AB:29:67:94,-67,11,0,0,0,0,0,0,0,0,0,-96,0,6,1,42895605,0,84,0,0,43.3319,128,[84 -64 4 0 0 0 0 0 0 0 0 0 -12 -14 -10 -13 -12 -15 -13 -14 -12 -16 -12 -15 -13 -18 -11 -18 -12 -19 -13 -20 -13 -19 -13 -20 -13 -21 -12 -21 -9 -20 -12 -24 -10 -20 -12 -20 -8 -18 -10 -20 -10 -21 -10 -21 -9 -21 -11 -20 -12 -21 -10 -22 0 0 -12 -20 -13 -22 -13 -20 -14 -19 -13 -19 -14 -20 -14 -20 -13 -20 -14 -19 -15 -22 -15 -20 -15 -18 -17 -19 -13 -19 -17 -21 -15 -19 -17 -21 -14 -18 -15 -21 -16 -20 -15 -20 -15 -19 -17 -21 -18 -19 -16 -19 -15 -18 0 0 0 0 0 0 0 0 0 0 ]
26,1782973855.217911,17.7246,-69,CSI_DATA,AP,98:F4:AB:29:67:94,-69,11,0,0,0,0,0,0,0,0,0,-96,0,6,1,42977635,0,84,0,0,43.3829,128,[84 -64 4 0 0 0 0 0 0 0 0 0 -9 -6 -10 -6 -12 -7 -11 -6 -11 -8 -11 -8 -12 -10 -10 -10 -10 -11 -11 -13 -12 -14 -10 -15 -9 -15 -9 -16 -7 -16 -8 -19 -6 -14 -8 -16 -6 -15 -6 -17 -5 -17 -7 -18 -3 -18 -4 -19 -3 -20 -2 -19 0 0 -3 -18 -2 -18 -3 -16 -6 -16 -2 -14 -2 -23 -9 -19 -5 -18 -10 -12 6 -14 4 -13 8 -29 5 -11 5 -15 -1 -23 -8 -13 -10 -30 1 -5 -6 -27 -13 -13 -4 -27 5 -7 21 -21 4 -19 18 -8 -7 -15 0 0 0 0 0 0 0 0 0 0 ]
27,1782973855.467919,19.8708,-72,CSI_DATA,AP,98:F4:AB:29:67:94,-72,11,1,3,1,1,1,1,0,0,0,-96,1,6,1,43087464,0,84,0,0,43.4708,384,[84 -64 4 0 0 0 0 0 0 0 0 0 -18 -12 -17 -14 -19 -15 -17 -15 -16 -15 -15 -16 -16 -19 -18 -18 -15 -19 -15 -18 -15 -21 -15 -20 -14 -20 -13 -21 -14 -20 -14 -21 -12 -21 -12 -20 -11 -18 -11 -19 -12 -18 -11 -18 -12 -17 -11 -18 -11 -19 -12 -17 0 0 -12 -18 -11 -18 -11 -15 -14 -14 -10 -15 -13 -16 -13 -15 -12 -15 -14 -15 -14 -13 -16 -12 -14 -13 -14 -12 -15 -13 -15 -12 -15 -10 -15 -12 -14 -11 -15 -10 -16 -11 -16 -10 -16 -10 -15 -10 -17 -8 -15 -10 -16 -9 0 0 0 0 0 0 0 0 0 0 ]
28,1782973855.711963,19.1819,-76,CSI_DATA,AP,98:F4:AB:29:67:94,-76,11,1,2,1,1,1,1,0,0,0,-96,1,6,1,43177990,0,84,0,0,43.5612,384,[84 -64 4 0 0 0 0 0 0 0 0 0 11 4 12 6 10 8 11 8 11 9 13 11 12 10 12 11 14 10 12 13 13 12 13 12 12 12 14 14 10 12 14 13 10 14 12 13 8 12 8 13 10 14 13 13 11 13 11 12 10 13 12 11 0 0 11 10 12 12 11 10 12 11 10 8 10 8 13 8 13 7 13 7 13 9 13 8 12 7 13 8 13 8 13 6 13 8 13 7 12 4 14 4 12 4 12 5 12 4 11 5 12 5 12 4 9 5 0 0 0 0 0 0 0 0 0 0 ]
29,1782973855.965864,20.6989,-75,CSI_DATA,AP,98:F4:AB:29:67:94,-75,11,0,0,0,0,0,0,0,0,0,-96,0,6,1,43213160,0,82,0,0,43.5964,128,[82 -96 4 0 0 0 0 0 0 0 0 0 -8 54 -15 52 -29 73 -27 67 -25 55 -20 49 -23 56 -35 55 -47 71 -40 60 -43 74 -50 66 -45 73 -55 62 -40 55 -52 64 -44 55 -39 44 -51 41 -51 51 -51 44 -53 46 -44 40 -36 53 -48 61 -37 52 0 0 -42 60 -46 62 -31 61 -27 57 -22 46 -22 46 -26 60 -17 61 -26 51 -31 49 -28 61 -16 56 -12 49 -18 48 -17 56 -24 52 -20 56 -19 41 -20 49 -10 55 -18 53 -10 47 -10 44 -5 47 -15 36 3 31 0 0 0 0 0 0 0 0 0 0 ]
30,1782973856.200792,18.5583,-78,CSI_DATA,AP,98:F4:AB:29:67:94,-78,11,1,4,1,1,1,1,0,0,0,-96,1,6,1,43273217,0,84,0,0,43.6564,384,[84 -64 4 0 0 0 0 0 0 0 0 0 13 -4 15 -1 18 1 16 1 15 0 16 1 17 -2 19 4 19 3 20 3 18 3 16 2 16 6 17 5 15 4 18 5 18 1 14 4 15 3 17 4 16 2 17 4 18 2 15 3 16 4 18 4 0 0 17 -1 18 1 17 2 19 0 17 -1 17 -3 17 1 18 -2 20 -4 19 -4 20 -4 19 -3 18 -4 18 -4 20 -3 16 -3 17 -3 14 -6 17 -6 16 -4 16 -9 16 -6 15 -6 15 -5 15 -5 14 -4 0 0 0 0 0 0 0 0 0 0 ]
31,1782973856.425916,17.3735,-78,CSI_DATA,AP,98:F4:AB:29:67:94,-78,11,1,3,1,1,1,1,0,0,0,-96,1,6,1,43392517,0,84,0,0,43.7757,384,[84 -64 4 0 0 0 0 0 0 0 0 0 -10 8 -9 12 -11 9 -11 8 -12 7 -10 9 -10 9 -13 6 -12 8 -11 6 -12 7 -15 3 -13 4 -15 3 -12 4 -15 5 -13 4 -12 4 -13 5 -12 3 -16 6 -15 7 -20 6 -17 6 -16 6 -17 6 0 0 -15 6 -16 7 -19 6 -20 8 -16 7 -16 7 -17 8 -19 7 -16 9 -23 9 -19 9 -17 7 -21 7 -16 10 -16 7 -17 11 -18 9 -16 8 -18 10 -17 7 -20 6 -17 8 -16 9 -17 7 -18 7 -14 7 0 0 0 0 0 0 0 0 0 0 ]
32,1782973856.662785,17.5474,-77,CSI_DATA,AP,98:F4:AB:29:67:94,-77,11,1,1,1,1,1,1,0,0,0,-96,1,6,1,43442675,0,84,0,0,43.8259,384,[84 -64 4 0 0 0 0 0 0 0 0 0 -7 -2 -8 -4 -7 -3 -8 -3 -7 -4 -7 -7 -7 -6 -8 -7 -10 -6 -8 -11 -7 -11 -9 -12 -7 -12 -9 -13 -10 -13 -8 -12 -10 -14 -8 -13 -9 -12 -6 -13 -6 -11 -9 -13 -9 -14 -7 -16 -10 -16 -10 -14 0 0 -12 -16 -9 -16 -11 -15 -10 -15 -9 -14 -13 -16 -11 -15 -14 -14 -14 -16 -14 -16 -14 -16 -11 -13 -14 -13 -14 -17 -15 -15 -13 -15 -14 -17 -12 -15 -16 -16 -16 -14 -15 -14 -15 -13 -15 -16 -14 -13 -15 -12 -14 -13 0 0 0 0 0 0 0 0 0 0 ]
33,1782973856.919132,17.0096,-72,CSI_DATA,AP,98:F4:AB:29:67:94,-72,11,1,0,1,1,1,1,0,0,0,-96,1,6,1,43537605,0,84,0,0,43.9209,384,[84 -64 4 0 0 0 0 0 0 0 0 0 7 -7 8 -8 8 -6 8 -7 8 -7 10 -6 8 -9 11 -8 11 -8 11 -6 12 -7 14 -8 15 -6 13 -7 14 -6 16 -9 14 -8 14 -7 14 -7 16 -8 16 -7 15 -8 16 -8 17 -6 16 -7 17 -6 0 0 17 -8 17 -7 18 -8 17 -9 16 -6 17 -9 17 -9 17 -9 16 -10 17 -11 18 -11 17 -8 17 -10 17 -11 19 -10 17 -11 19 -11 17 -12 16 -12 15 -14 16 -13 16 -12 17 -11 18 -13 16 -12 16 -13 0 0 0 0 0 0 0 0 0 0 ]
34,1782973857.161393,16.1561,-70,CSI_DATA,AP,98:F4:AB:29:67:94,-70,11,1,0,1,1,1,1,0,0,0,-96,1,6,1,43629758,0,84,0,0,44.013,384,[84 -64 4 0 0 0 0 0 0 0 0 0 -13 -6 -12 -7 -13 -6 -12 -9 -13 -10 -12 -10 -11 -10 -10 -10 -11 -12 -10 -11 -11 -13 -10 -14 -9 -13 -9 -14 -8 -14 -10 -15 -9 -13 -9 -13 -6 -12 -7 -14 -6 -14 -7 -14 -6 -15 -5 -14 -6 -15 -7 -14 0 0 -5 -14 -5 -16 -5 -13 -8 -16 -4 -12 -5 -16 -5 -18 -6 -13 -4 -11 -1 -16 -4 -16 -9 -14 -6 -15 -8 -13 -4 -11 -6 -6 -7 -17 -3 -8 0 -14 -4 -18 -5 -15 6 -16 0 0 -2 -6 -5 -21 -13 2 0 0 0 0 0 0 0 0 0 0 ]
35,1782973857.404846,14.9404,-80,CSI_DATA,AP,98:F4:AB:29:67:94,-80,11,1,2,1,1,1,0,0,0,0,-96,0,6,1,44153086,0,84,0,0,44.5364,384,[84 -64 4 0 0 0 0 0 0 0 0 0 3 1 -1 -1 -3 2 -2 4 -1 2 0 3 -4 5 -7 6 -4 4 -9 7 -12 10 -10 6 -8 6 -10 6 -11 3 -12 2 -11 7 -14 8 -10 6 -11 6 -12 7 -13 8 -15 8 -11 5 -13 7 -13 7 0 0 -14 10 -16 10 -12 9 -17 10 -11 10 -12 9 -16 13 -17 11 -14 12 -14 14 -16 17 -16 17 -15 14 -16 15 -15 18 -15 16 -17 19 -19 15 -17 19 -16 20 -19 17 -16 20 -20 17 -16 18 -21 18 -18 20 0 0 0 0 0 0 0 0 0 0 ]
36,1782973857.654873,15.0293,-77,CSI_DATA,AP,98:F4:AB:29:67:94,-77,11,1,4,1,1,1,0,0,0,0,-96,0,6,1,44209019,0,82,0,0,44.5918,384,[82 -96 4 0 0 0 0 0 0 0 0 0 -12 3 -10 2 -11 0 -10 1 -9 2 -10 2 -10 4 -13 2 -9 4 -13 4 -13 7 -14 4 -14 7 -15 2 -16 4 -17 4 -14 4 -17 3 -15 6 -15 3 -14 6 -14 6 -17 4 -16 6 -15 3 -20 7 0 0 -17 7 -18 7 -17 8 -18 9 -16 4 -18 8 -18 6 -17 8 -19 10 -19 10 -19 10 -20 7 -19 7 -19 9 -22 10 -23 10 -21 8 -21 10 -23 9 -21 8 -23 8 -21 7 -23 9 -24 8 -23 9 -24 9 0 0 0 0 0 0 0 0 0 0 ]
37,1782973857.903905,14.4466,-72,CSI_DATA,AP,98:F4:AB:29:67:94,-72,11,1,2,1,1,1,0,0,0,0,-96,0,6,1,44325918,0,84,0,0,44.7091,384,[84 -64 4 0 0 0 0 0 0 0 0 0 8 13 7 14 7 15 6 14 6 14 6 14 5 14 5 13 6 13 5 12 7 14 6 14 5 13 6 15 6 12 6 14 4 13 6 13 4 13 5 12 3 12 5 12 5 13 4 13 6 13 6 13 0 0 7 12 8 13 6 13 9 11 7 14 8 13 7 12 7 11 9 12 9 12 10 14 9 13 10 13 9 13 11 14 11 11 9 15 11 13 12 13 12 13 11 13 9 13 10 15 11 14 11 14 11 14 0 0 0 0 0 0 0 0 0 0 ]
38,1782973858.139458,13.1210,-76,CSI_DATA,AP,98:F4:AB:29:67:94,-76,11,1,4,1,1,1,0,0,0,0,-96,0,6,1,44414226,0,84,0,0,44.7973,384,[84 -64 4 0 0 0 0 0 0 0 0 0 -5 -1 -4 2 -7 1 -6 3 -6 2 -6 3 -5 1 -8 4 -9 5 -9 5 -10 4 -11 5 -11 5 -11 4 -10 4 -10 5 -11 5 -13 4 -12 2 -13 7 -10 3 -12 6 -14 6 -14 3 -13 3 -15 6 0 0 -17 4 -17 7 -14 4 -16 7 -15 6 -17 8 -17 6 -18 8 -16 7 -19 7 -18 8 -19 5 -19 5 -19 7 -21 9 -20 7 -23 8 -19 7 -21 6 -19 9 -20 5 -21 6 -23 6 -23 7 -22 4 -21 6 0 0 0 0 0 0 0 0 0 0 ]
39,1782973858.361468,14.6236,-76,CSI_DATA,AP,98:F4:AB:29:67:94,-76,11,1,4,1,1,1,0,0,0,0,-96,0,6,1,44504447,0,84,0,0,44.8878,384,[84 -64 4 0 0 0 0 0 0 0 0 0 -12 13 -11 9 -12 10 -13 12 -14 9 -13 10 -12 9 -14 10 -13 11 -14 9 -12 10 -13 11 -16 8 -15 9 -15 7 -19 10 -13 10 -13 7 -15 6 -15 6 -14 8 -13 8 -16 8 -14 8 -14 7 -16 8 0 0 -16 7 -14 8 -12 9 -16 9 -12 7 -13 7 -13 9 -13 10 -14 9 -15 9 -15 12 -14 9 -15 11 -15 10 -15 11 -14 12 -17 11 -14 12 -17 12 -17 13 -16 12 -17 12 -16 11 -17 14 -16 10 -18 14 0 0 0 0 0 0 0 0 0 0 ]
40,1782973858.601324,14.1100,-75,CSI_DATA,AP,98:F4:AB:29:67:94,-75,11,1,4,1,1,1,0,0,0,0,-96,0,6,1,44600854,0,84,0,0,44.9841,384,[84 -64 4 0 0 0 0 0 0 0 0 0 -10 9 -7 8 -9 7 -9 7 -10 8 -9 9 -10 10 -10 9 -9 9 -8 8 -11 10 -10 8 -10 8 -9 8 -10 10 -11 10 -11 10 -11 10 -10 7 -11 8 -11 8 -11 8 -10 8 -11 11 -12 8 -11 10 0 0 -12 10 -13 12 -12 10 -10 11 -13 8 -13 10 -12 10 -13 11 -14 12 -14 13 -15 13 -14 12 -15 14 -15 13 -16 13 -16 14 -17 14 -14 13 -17 14 -16 16 -17 13 -16 12 -16 12 -17 13 -18 12 -17 13 0 0 0 0 0 0 0 0 0 0 ]
41,1782973858.874615,14.0357,-75,CSI_DATA,AP,98:F4:AB:29:67:94,-75,11,1,4,1,1,1,0,0,0,0,-96,0,6,1,44685693,0,84,0,0,45.0689,384,[84 -64 4 0 0 0 0 0 0 0 0 0 3 -10 3 -8 6 -8 4 -8 7 -9 5 -8 5 -9 6 -9 7 -10 6 -10 6 -8 7 -11 7 -11 6 -11 6 -10 9 -11 9 -11 9 -12 8 -10 7 -11 8 -10 9 -10 7 -10 8 -11 8 -11 9 -12 0 0 7 -13 9 -13 8 -13 7 -13 7 -13 8 -13 8 -13 7 -15 9 -15 7 -17 7 -17 7 -16 8 -17 8 -15 7 -19 8 -19 10 -17 8 -18 8 -19 9 -20 10 -17 8 -18 8 -20 8 -19 8 -19 8 -20 0 0 0 0 0 0 0 0 0 0 ]
42,1782973859.289351,14.5370,-77,CSI_DATA,AP,98:F4:AB:29:67:94,-77,11,1,4,1,1,1,0,0,0,0,-96,0,6,1,44775005,0,84,0,0,45.1582,384,[84 -64 4 0 0 0 0 0 0 0 0 0 8 -8 9 -7 8 -9 6 -8 6 -8 6 -6 5 -8 3 -9 6 -10 5 -8 6 -8 5 -10 4 -7 6 -10 7 -7 5 -13 3 -10 6 -12 5 -9 3 -11 4 -10 5 -12 5 -13 6 -13 6 -13 8 -16 0 0 4 -16 4 -19 2 -14 2 -18 4 -14 5 -19 3 -17 2 -18 4 -19 5 -20 5 -20 7 -18 8 -19 6 -19 6 -21 6 -23 8 -22 9 -21 8 -22 8 -21 10 -21 8 -20 10 -21 9 -21 8 -22 9 -22 0 0 0 0 0 0 0 0 0 0 ]
43,1782973859.614721,14.5204,-76,CSI_DATA,AP,98:F4:AB:29:67:94,-76,11,0,0,0,0,0,0,0,0,0,-96,0,6,1,44889989,0,84,0,0,45.2733,128,[84 -64 4 0 0 0 0 0 0 0 0 0 33 -2 34 -5 34 -1 31 -1 30 0 24 4 25 2 19 2 22 5 18 2 14 3 18 1 17 2 17 -2 15 0 20 -1 14 -1 13 -2 10 -3 8 -2 11 0 15 -3 9 -7 10 -6 14 -3 12 -9 0 0 12 -10 12 -7 9 -13 11 -12 8 -9 8 -12 10 -14 9 -15 11 -16 14 -16 16 -17 10 -16 15 -19 11 -16 17 -18 15 -16 21 -22 11 -16 15 -16 17 -20 20 -16 15 -22 19 -16 17 -17 17 -18 20 -18 0 0 0 0 0 0 0 0 0 0 ]
44,1782973859.879985,14.4337,-78,CSI_DATA,AP,98:F4:AB:29:67:94,-78,11,1,4,1,1,1,0,0,0,0,-96,0,6,1,44956473,0,84,0,0,45.3396,384,[84 -64 4 0 0 0 0 0 0 0 0 0 -13 -18 -10 -18 -11 -16 -10 -14 -9 -17 -7 -14 -7 -14 -4 -11 -6 -13 -6 -11 -6 -11 -4 -11 -3 -10 -6 -12 -7 -6 -7 -10 -6 -9 -3 -8 -9 -8 -5 -9 -7 -4 -7 -5 -7 -6 -6 -6 -9 -6 -10 -6 0 0 -12 -5 -13 -4 -14 -3 -14 -3 -10 -6 -13 -5 -14 -5 -13 -7 -16 -2 -16 0 -16 -1 -17 -3 -17 -4 -15 -4 -18 -4 -20 -4 -20 -5 -21 -5 -18 -7 -19 -6 -20 -3 -23 -6 -21 -8 -22 -9 -22 -6 -22 -5 0 0 0 0 0 0 0 0 0 0 ]
45,1782973860.145639,13.2162,-78,CSI_DATA,AP,98:F4:AB:29:67:94,-78,11,1,4,1,1,1,0,0,0,0,-96,0,6,1,45225437,0,84,0,0,45.6087,384,[84 -64 4 0 0 0 0 0 0 0 0 0 7 -14 6 -12 8 -11 9 -9 8 -9 8 -7 8 -10 6 -8 5 -7 5 -7 5 -6 4 -6 6 -7 5 -7 2 -7 3 -8 0 -8 2 -10 2 -7 3 -7 1 -10 -1 -11 0 -10 3 -11 3 -12 -2 -11 0 0 1 -11 -2 -11 0 -14 1 -11 2 -11 1 -12 0 -14 0 -15 -1 -15 0 -17 -1 -18 -2 -16 -1 -17 1 -15 -1 -18 0 -16 1 -20 2 -17 2 -19 2 -20 1 -19 3 -21 5 -20 3 -20 2 -22 3 -21 0 0 0 0 0 0 0 0 0 0 ]
46,1782973860.407859,13.2594,-80,CSI_DATA,AP,98:F4:AB:29:67:94,-80,11,1,2,1,1,1,0,0,0,0,-96,0,6,1,45326418,0,84,0,0,45.7097,384,[84 -64 4 0 0 0 0 0 0 0 0 0 13 -20 13 -16 16 -19 14 -13 13 -16 14 -14 12 -15 12 -12 14 -11 11 -11 11 -8 11 -7 9 -10 10 -9 7 -7 5 -9 7 -9 5 -10 6 -11 3 -8 4 -6 2 -7 3 -6 1 -7 1 -6 0 -8 0 0 -3 -9 -3 -9 -4 -6 -7 -8 -3 -7 -6 -7 -7 -8 -8 -8 -8 -6 -8 -10 -8 -5 -12 -9 -10 -10 -13 -11 -14 -9 -15 -9 -15 -11 -16 -11 -17 -12 -17 -12 -18 -11 -18 -12 -19 -11 -19 -13 -18 -12 -17 -13 0 0 0 0 0 0 0 0 0 0 ]
47,1782973860.667009,9.9792,-80,CSI_DATA,AP,98:F4:AB:29:67:94,-80,11,1,2,1,1,1,0,0,0,0,-96,0,6,1,45406761,0,84,0,0,45.79,384,[84 -64 4 0 0 0 0 0 0 0 0 0 -5 13 -8 15 -7 14 -6 11 -7 8 -8 7 -6 11 -5 9 -4 6 -2 6 -3 8 0 7 -2 3 -1 7 -2 6 1 8 0 9 0 8 4 7 3 3 7 3 4 6 5 6 5 9 4 7 8 6 0 0 8 9 6 8 8 9 10 11 7 10 10 8 10 11 12 9 12 11 12 8 10 11 13 10 12 13 16 13 14 15 17 16 13 14 14 15 14 14 19 13 15 16 15 17 12 16 17 18 14 19 16 20 0 0 0 0 0 0 0 0 0 0 ]
48,1782973860.937191,9.2852,-79,CSI_DATA,AP,98:F4:AB:29:67:94,-79,11,1,2,1,1,1,0,0,0,0,-96,0,6,1,45497295,0,84,0,0,45.8806,384,[84 -64 4 0 0 0 0 0 0 0 0 0 -18 -4 -16 -2 -14 -5 -15 -4 -14 -5 -11 -6 -9 -5 -9 -4 -8 -3 -6 -5 -8 -3 -5 -2 -6 -2 -6 2 -3 2 -8 1 -6 3 -3 3 -7 0 -3 3 -3 5 -1 5 -4 4 -4 7 -5 9 -2 9 0 0 -5 8 -3 12 -3 10 -4 14 -5 10 -3 10 -4 14 -3 13 -1 14 -2 14 -4 14 -5 16 -4 16 -6 18 -6 21 -7 17 -7 20 -4 15 -8 21 -8 20 -6 17 -9 21 -10 22 -12 22 -11 21 -11 22 0 0 0 0 0 0 0 0 0 0 ]
49,1782973861.194999,8.1628,-79,CSI_DATA,AP,98:F4:AB:29:67:94,-79,11,1,4,1,1,1,0,0,0,0,-96,0,6,1,45585192,0,84,0,0,45.9684,384,[84 -64 4 0 0 0 0 0 0 0 0 0 -10 10 -8 10 -12 12 -8 10 -8 7 -7 9 -7 7 -4 7 -7 3 -4 3 -2 3 -3 3 0 2 0 5 1 2 1 6 -1 2 1 3 3 4 4 5 5 1 3 2 7 3 8 3 8 2 7 4 0 0 10 4 11 4 8 4 12 1 10 4 11 5 12 2 14 5 15 2 19 3 20 4 16 6 19 1 19 4 19 5 19 7 20 5 20 5 23 5 21 4 22 5 24 6 23 5 23 5 26 7 24 7 0 0 0 0 0 0 0 0 0 0 ]
50,1782973861.442824,8.6311,-76,CSI_DATA,AP,98:F4:AB:29:67:94,-76,11,1,4,1,1,1,0,0,0,0,-96,0,6,1,45673969,0,84,0,0,46.0571,384,[84 -64 4 0 0 0 0 0 0 0 0 0 -8 4 -9 5 -9 5 -8 3 -8 3 -7 4 -7 5 -6 5 -6 5 -6 5 -6 4 -4 7 -6 5 -6 7 -3 6 -6 7 -4 7 -5 7 -2 7 -3 7 -4 8 -3 8 -4 9 -1 10 -3 10 -2 11 0 0 -4 12 -3 13 -4 12 -2 12 -3 12 -3 13 -3 15 -1 15 -2 16 -1 17 -3 16 -5 15 -5 18 -5 16 -7 19 -3 19 -6 20 -4 17 -6 18 -6 17 -6 19 -8 19 -8 20 -9 18 -10 21 -10 20 0 0 0 0 0 0 0 0 0 0 ]
51,1782973861.684179,13.7911,-75,CSI_DATA,AP,98:F4:AB:29:67:94,-75,11,1,4,1,1,1,0,0,0,0,-96,0,6,1,45765920,0,84,0,0,46.1492,384,[84 -64 4 0 0 0 0 0 0 0 0 0 -12 13 -12 9 -9 9 -4 8 -9 6 -5 7 -4 9 -3 9 -3 11 -3 9 -1 10 -1 11 1 10 -2 14 -1 12 -3 14 0 12 -2 11 -1 11 1 14 -2 13 2 15 2 14 1 16 2 18 2 16 0 0 6 17 1 18 1 16 4 20 0 18 2 18 5 22 4 18 5 19 1 25 4 24 2 22 3 21 4 23 4 24 5 24 3 25 2 24 3 23 3 25 3 27 3 25 3 26 3 28 2 26 3 25 0 0 0 0 0 0 0 0 0 0 ]
52,1782973861.935171,17.7082,-76,CSI_DATA,AP,98:F4:AB:29:67:94,-76,11,1,4,1,1,1,0,0,0,0,-96,0,6,1,45854219,0,84,0,0,46.2375,384,[84 -64 4 0 0 0 0 0 0 0 0 0 -16 -17 -13 -17 -13 -18 -11 -15 -11 -15 -9 -17 -9 -13 -8 -11 -11 -12 -8 -12 -10 -12 -10 -12 -10 -11 -10 -12 -9 -13 -12 -14 -10 -11 -10 -7 -9 -8 -11 -8 -10 -8 -12 -8 -15 -12 -14 -7 -16 -9 -16 -7 0 0 -13 -9 -16 -10 -16 -7 -17 -12 -15 -8 -16 -11 -17 -10 -16 -11 -18 -9 -22 -11 -21 -9 -18 -10 -16 -10 -17 -12 -21 -15 -20 -12 -20 -15 -19 -15 -20 -17 -18 -16 -18 -17 -19 -15 -19 -19 -20 -15 -17 -18 -18 -16 0 0 0 0 0 0 0 0 0 0 ]
53,1782973862.205752,14.7442,-78,CSI_DATA,AP,98:F4:AB:29:67:94,-78,11,1,2,1,1,1,0,0,0,0,-96,0,6,1,45945415,0,84,0,0,46.3287,384,[84 -64 4 0 0 0 0 0 0 0 0 0 -30 -15 -22 -13 -23 -17 -22 -16 -19 -18 -17 -15 -15 -14 -13 -14 -12 -13 -8 -11 -9 -9 -10 -9 -9 -5 -7 -4 -8 -4 -8 -3 -8 -2 -10 0 -7 3 -8 2 -6 2 -7 4 -7 4 -8 6 -7 6 -7 8 0 0 -8 9 -4 11 -5 9 -8 11 -5 8 -6 9 -4 11 -3 12 -8 12 -7 15 -6 17 -6 17 -3 18 -4 17 -4 23 -1 19 -4 23 -4 22 -5 21 -5 22 -5 23 -4 23 -8 24 -7 27 -6 29 -6 25 0 0 0 0 0 0 0 0 0 0 ]
54,1782973862.444093,13.9497,-77,CSI_DATA,AP,98:F4:AB:29:67:94,-77,11,1,2,1,1,1,0,0,0,0,-96,0,6,1,46125654,0,84,0,0,46.5089,384,[84 -64 4 0 0 0 0 0 0 0 0 0 1 5 -1 3 0 5 -3 4 -3 2 -2 1 -3 2 -6 1 -7 1 -8 -1 -10 -1 -8 -3 -8 -3 -10 -5 -8 -3 -11 -7 -10 -5 -8 -3 -10 -3 -10 -4 -11 -7 -10 -6 -12 -8 -13 -5 -11 -5 -14 -5 0 0 -16 -5 -14 -7 -15 -6 -15 -5 -15 -4 -15 -4 -17 -5 -18 -5 -19 -6 -20 -5 -21 -6 -20 -5 -20 -2 -19 -6 -24 -5 -20 -5 -23 -4 -21 -4 -22 -6 -22 -5 -23 -3 -25 -4 -24 -4 -25 -4 -27 -4 -25 -4 0 0 0 0 0 0 0 0 0 0 ]
55,1782973862.705667,14.5188,-76,CSI_DATA,AP,98:F4:AB:29:67:94,-76,11,1,4,1,1,1,0,0,0,0,-96,0,6,1,46214291,0,84,0,0,46.5975,384,[84 -64 4 0 0 0 0 0 0 0 0 0 1 -9 2 -9 -1 -9 0 -8 -1 -7 -2 -5 -4 -7 -4 -7 -4 -5 -4 -8 -5 -8 -6 -8 -5 -7 -5 -8 -5 -8 -7 -10 -7 -9 -8 -9 -7 -8 -8 -8 -7 -10 -10 -7 -11 -8 -13 -11 -10 -11 -10 -12 0 0 -13 -12 -13 -14 -13 -10 -12 -13 -11 -12 -14 -13 -12 -13 -15 -15 -15 -12 -16 -16 -14 -15 -13 -17 -16 -15 -13 -12 -18 -15 -17 -12 -16 -17 -16 -16 -17 -16 -17 -16 -18 -16 -17 -16 -18 -18 -16 -18 -16 -19 -16 -19 0 0 0 0 0 0 0 0 0 0 ]
56,1782973862.960765,16.2499,-74,CSI_DATA,AP,98:F4:AB:29:67:94,-74,11,1,4,1,1,1,0,0,0,0,-96,0,6,1,46305893,0,84,0,0,46.6891,384,[84 -64 4 0 0 0 0 0 0 0 0 0 1 -9 1 -8 0 -10 1 -8 1 -13 0 -11 2 -12 3 -13 4 -14 4 -14 4 -15 5 -14 7 -14 9 -14 7 -15 8 -14 7 -12 9 -15 8 -13 8 -15 9 -14 7 -14 10 -16 9 -15 9 -15 9 -16 0 0 11 -15 9 -14 9 -15 8 -15 10 -14 8 -15 10 -15 9 -15 11 -16 10 -18 9 -18 10 -15 10 -16 10 -15 11 -16 10 -15 10 -16 10 -17 9 -17 10 -18 9 -17 9 -17 9 -16 9 -17 8 -17 9 -17 0 0 0 0 0 0 0 0 0 0 ]
57,1782973863.189880,16.5749,-76,CSI_DATA,AP,98:F4:AB:29:67:94,-76,11,1,4,1,1,1,0,0,0,0,-96,0,6,1,46394723,0,84,0,0,46.7778,384,[84 -64 4 0 0 0 0 0 0 0 0 0 5 12 4 10 3 12 4 13 3 12 6 10 8 9 7 10 8 9 7 13 8 13 7 13 8 13 4 13 6 11 7 14 8 14 7 15 9 13 7 15 9 14 7 15 8 18 7 12 7 16 8 15 0 0 11 15 9 16 10 16 12 17 9 14 11 17 11 15 11 15 14 16 15 18 14 16 11 17 13 17 13 19 13 20 15 19 12 18 13 17 15 18 15 20 14 19 14 18 12 21 10 22 14 21 14 21 0 0 0 0 0 0 0 0 0 0 ]
58,1782973863.445905,16.7892,-73,CSI_DATA,AP,98:F4:AB:29:67:94,-73,11,1,2,1,1,1,0,0,0,0,-96,0,6,1,46489848,0,84,0,0,46.8731,384,[84 -64 4 0 0 0 0 0 0 0 0 0 -15 14 -14 13 -15 11 -16 12 -17 10 -15 11 -16 10 -17 10 -15 10 -17 9 -18 10 -17 9 -17 8 -17 8 -16 7 -19 7 -15 8 -16 7 -16 6 -14 5 -15 7 -15 5 -15 8 -15 6 -15 7 -15 7 0 0 -14 8 -15 8 -14 8 -13 9 -13 8 -12 9 -13 8 -11 8 -12 9 -12 11 -12 12 -11 9 -10 10 -10 10 -12 13 -11 11 -11 12 -10 12 -11 13 -9 11 -11 11 -10 11 -10 12 -8 12 -9 12 -11 14 0 0 0 0 0 0 0 0 0 0 ]
59,1782973863.695039,15.4724,-74,CSI_DATA,AP,98:F4:AB:29:67:94,-74,11,1,4,1,1,1,0,0,0,0,-96,0,6,1,46574447,0,84,0,0,46.9577,384,[84 -64 4 0 0 0 0 0 0 0 0 0 -15 8 -12 8 -15 9 -13 7 -14 8 -13 7 -17 7 -13 6 -14 7 -14 5 -16 5 -16 4 -16 4 -15 3 -16 3 -17 6 -14 5 -14 5 -13 4 -13 4 -14 4 -15 6 -16 5 -16 3 -14 4 -14 5 0 0 -14 5 -15 8 -14 5 -16 7 -14 6 -13 7 -15 6 -15 5 -16 9 -17 10 -17 8 -15 6 -16 8 -15 7 -17 9 -15 8 -18 8 -17 9 -16 9 -16 11 -18 8 -16 9 -20 6 -18 7 -18 7 -18 8 0 0 0 0 0 0 0 0 0 0 ]
60,1782973863.934987,19.1054,-73,CSI_DATA,AP,98:F4:AB:29:67:94,-73,11,0,0,0,0,0,0,0,0,0,-96,0,6,1,46672195,0,84,0,0,47.0555,128,[84 -64 4 0 0 0 0 0 0 0 0 0 -7 -26 -5 -24 -6 -25 -5 -25 -5 -26 -3 -23 -2 -24 0 -24 0 -25 -1 -25 -1 -27 1 -26 1 -27 0 -25 2 -22 1 -26 2 -24 0 -23 3 -20 2 -20 3 -20 0 -20 2 -19 2 -20 3 -21 1 -18 0 0 0 -17 -3 -19 -3 -18 -4 -16 -3 -14 -5 -17 -6 -16 -5 -16 -8 -14 -6 -17 -6 -17 -8 -15 -11 -17 -8 -15 -10 -17 -9 -20 -10 -17 -9 -16 -9 -18 -10 -17 -9 -18 -13 -18 -10 -17 -10 -18 -11 -20 -11 -19 0 0 0 0 0 0 0 0 0 0 ]
61,1782973864.227281,16.5187,-77,CSI_DATA,AP,98:F4:AB:29:67:94,-77,11,1,2,1,1,1,0,0,0,0,-96,0,6,1,46852418,0,84,0,0,47.2357,384,[84 -64 4 0 0 0 0 0 0 0 0 0 3 -8 4 -7 4 -7 4 -6 4 -5 5 -7 2 -6 3 -6 3 -7 3 -6 2 -7 1 -8 2 -7 4 -8 3 -7 4 -9 1 -8 1 -8 0 -8 0 -8 1 -9 2 -9 2 -9 3 -12 1 -12 1 -12 0 0 1 -13 1 -11 3 -13 2 -12 3 -12 2 -13 3 -12 2 -13 1 -14 1 -14 2 -14 1 -14 2 -14 2 -14 2 -16 3 -16 3 -15 2 -16 4 -16 3 -14 2 -16 3 -17 4 -16 2 -16 5 -16 3 -16 0 0 0 0 0 0 0 0 0 0 ]
62,1782973864.513468,13.0851,-75,CSI_DATA,AP,98:F4:AB:29:67:94,-75,11,1,4,1,1,1,0,0,0,0,-96,0,6,1,47026121,0,84,0,0,47.4094,384,[84 -64 4 0 0 0 0 0 0 0 0 0 8 -4 8 -4 7 -4 8 -5 9 -4 8 -4 9 -5 9 -5 10 -6 10 -4 11 -4 10 -6 11 -3 10 -3 11 -4 13 -5 10 -3 11 -4 11 -3 11 -3 10 -3 11 -3 13 -3 12 -3 11 -3 12 -4 0 0 12 -4 13 -4 11 -5 12 -5 11 -3 11 -5 12 -3 12 -4 13 -6 12 -6 13 -8 12 -6 12 -6 13 -7 14 -7 13 -8 13 -7 14 -8 14 -9 14 -9 16 -7 14 -7 13 -8 14 -8 15 -7 16 -7 0 0 0 0 0 0 0 0 0 0 ]
63,1782973864.902112,11.6843,-73,CSI_DATA,AP,98:F4:AB:29:67:94,-73,11,1,4,1,1,1,0,0,0,0,-96,0,6,1,47125162,0,84,0,0,47.5084,384,[84 -64 4 0 0 0 0 0 0 0 0 0 8 5 9 6 8 7 8 8 8 7 9 8 9 8 8 9 9 11 8 11 10 11 10 13 9 14 7 13 6 13 7 14 6 12 6 13 5 13 5 13 6 11 6 12 6 12 5 12 6 13 6 13 0 0 5 13 7 13 7 11 8 13 7 11 6 11 6 12 7 11 9 12 10 11 10 12 9 12 10 12 10 11 11 12 11 11 10 13 11 12 13 12 13 11 12 11 12 12 11 14 13 12 14 13 13 12 0 0 0 0 0 0 0 0 0 0 ]
64,1782973865.236112,13.0870,-65,CSI_DATA,AP,98:F4:AB:29:67:94,-65,11,0,0,0,0,0,0,0,0,0,-96,0,6,1,47207139,0,84,0,0,47.5904,128,[84 -64 4 0 0 0 0 0 0 0 0 0 -7 -8 -6 -7 -7 -9 -8 -9 -8 -10 -6 -9 -7 -10 -5 -10 -7 -11 -7 -11 -8 -13 -8 -13 -7 -13 -7 -12 -6 -12 -8 -14 -6 -12 -6 -13 -5 -13 -5 -13 -5 -12 -6 -13 -6 -12 -6 -13 -7 -14 -6 -14 0 0 -7 -13 -6 -14 -7 -13 -10 -14 -12 -11 -8 -12 -10 -16 -14 -13 -11 -9 -13 -16 -4 -19 -8 -12 -14 -16 -15 -15 -8 -15 -4 -13 -15 -13 -9 -7 -14 -16 -13 -15 -8 -11 -11 -15 -14 -16 -6 -18 -16 -15 -14 -17 0 0 0 0 0 0 0 0 0 0 ]
65,1782973865.499240,10.3692,-73,CSI_DATA,AP,98:F4:AB:29:67:94,-73,11,1,2,1,1,1,0,0,0,0,-96,0,6,1,47307016,0,84,0,0,47.6903,384,[84 -64 4 0 0 0 0 0 0 0 0 0 4 2 5 2 5 1 6 1 7 1 7 1 7 2 7 2 9 1 7 1 8 2 9 3 8 3 9 3 9 3 9 3 8 3 8 3 6 3 8 2 8 2 8 2 9 3 9 3 8 3 9 2 0 0 10 1 9 2 9 1 12 1 10 2 11 1 11 1 11 0 12 -1 14 -1 14 -1 13 2 15 1 15 0 15 1 15 -1 17 0 16 -1 17 -1 17 0 19 -1 18 1 19 0 19 1 19 2 19 2 0 0 0 0 0 0 0 0 0 0 ]
66,1782973865.742682,14.3129,-66,CSI_DATA,AP,98:F4:AB:29:67:94,-66,11,0,0,0,0,0,0,0,0,0,-96,0,6,1,47478298,0,84,0,0,47.8616,128,[84 -64 4 0 0 0 0 0 0 0 0 0 5 -16 5 -15 6 -16 5 -17 6 -17 6 -16 6 -15 7 -16 7 -16 5 -17 5 -17 4 -18 7 -18 4 -18 5 -17 6 -19 4 -18 4 -17 4 -16 4 -16 3 -16 3 -17 1 -16 2 -17 0 -18 0 -18 0 0 -2 -18 -2 -19 -4 -19 -6 -19 -7 -16 -6 -17 -7 -19 -7 -16 -12 -19 -7 -18 -9 -16 -12 -21 -13 -18 -12 -15 -18 -24 -15 -21 -21 -29 -3 -14 -13 -23 -20 -11 -29 -22 -10 -13 -28 -26 -25 -29 -21 -26 -14 -21 0 0 0 0 0 0 0 0 0 0 ]
67,1782973866.019856,16.9893,-64,CSI_DATA,AP,98:F4:AB:29:67:94,-64,11,0,0,0,0,0,0,0,0,0,-96,0,6,1,47567436,0,84,0,0,47.9508,128,[84 -64 4 0 0 0 0 0 0 0 0 0 -2 14 -2 13 -3 15 -3 15 -3 16 -3 13 -4 15 -4 14 -4 16 -5 15 -4 16 -4 17 -5 18 -4 18 -5 15 -5 19 -4 17 -4 17 -4 14 -4 15 -5 15 -3 16 -3 16 -3 17 -2 18 -2 17 0 0 -1 16 -1 20 1 18 1 20 1 16 0 17 4 19 2 18 4 21 3 19 4 21 7 19 5 22 5 20 5 23 4 19 5 18 5 20 6 22 15 17 7 22 5 29 7 9 6 20 -4 28 1 19 0 0 0 0 0 0 0 0 0 0 ]
68,1782973866.253536,19.9942,-63,CSI_DATA,AP,98:F4:AB:29:67:94,-63,11,0,0,0,0,0,0,0,0,0,-96,0,6,1,47658268,0,84,0,0,48.0416,128,[84 -64 4 0 0 0 0 0 0 0 0 0 -7 -17 -6 -17 -8 -19 -7 -18 -7 -20 -4 -19 -4 -20 -3 -19 -5 -20 -3 -21 -4 -22 -4 -22 -3 -23 -4 -22 -3 -20 -4 -24 -3 -21 -5 -21 -3 -19 -3 -20 -2 -19 -4 -20 -2 -19 -3 -20 -4 -20 -4 -20 0 0 -6 -17 -6 -21 -7 -19 -11 -18 -5 -16 -7 -18 -11 -16 -10 -10 -11 -14 -10 -19 -4 -20 -13 -12 -13 -13 -10 -15 -11 -17 -11 -14 -18 -22 -13 -16 -11 -17 -18 -15 -16 -15 -17 -14 -13 -20 -20 -7 -9 -19 -7 -18 0 0 0 0 0 0 0 0 0 0 ]
69,1782973866.527290,19.3439,-70,CSI_DATA,AP,98:F4:AB:29:67:94,-70,11,1,4,1,1,1,0,0,0,0,-96,0,6,1,47744132,0,84,0,0,48.1274,384,[84 -64 4 0 0 0 0 0 0 0 0 0 -2 -18 -1 -18 -1 -19 1 -19 2 -20 2 -19 3 -19 2 -19 3 -19 4 -17 4 -20 2 -19 5 -18 5 -19 6 -17 6 -19 5 -17 5 -16 7 -15 5 -15 6 -16 6 -15 6 -14 4 -15 6 -15 4 -16 0 0 3 -16 3 -16 4 -15 3 -16 4 -15 2 -15 2 -15 1 -16 1 -17 0 -16 -1 -17 0 -16 0 -18 1 -18 0 -20 -2 -17 -1 -19 -1 -19 -1 -20 -1 -19 -1 -20 0 -19 0 -21 -2 -20 -2 -21 -2 -21 0 0 0 0 0 0 0 0 0 0 ]
70,1782973866.784424,19.5655,-70,CSI_DATA,AP,98:F4:AB:29:67:94,-70,11,1,4,1,1,1,0,0,0,0,-96,0,6,1,47834771,0,84,0,0,48.2181,384,[84 -64 4 0 0 0 0 0 0 0 0 0 17 -4 15 -4 18 -2 16 -1 16 -1 17 0 17 0 18 0 18 0 18 2 18 1 19 0 17 3 18 3 16 2 19 4 18 2 17 3 15 3 16 3 15 4 16 3 16 2 14 2 17 3 16 1 0 0 15 1 15 2 17 0 17 -1 14 1 16 -1 17 -1 16 -2 17 -3 18 -2 18 -3 17 -2 19 -3 18 -2 19 -3 20 -3 21 -3 20 -4 21 -4 20 -5 20 -4 21 -2 22 -3 20 -4 21 -4 21 -3 0 0 0 0 0 0 0 0 0 0 ]
71,1782973867.040196,16.7733,-72,CSI_DATA,AP,98:F4:AB:29:67:94,-72,11,1,4,1,1,1,0,0,0,0,-96,0,6,1,47926674,0,84,0,0,48.3098,384,[84 -64 4 0 0 0 0 0 0 0 0 0 7 14 7 16 7 15 4 14 5 15 6 16 5 15 5 15 5 16 5 17 5 16 4 16 6 17 4 17 3 15 2 17 4 17 3 15 2 16 2 17 2 15 3 14 6 14 4 14 4 15 5 14 0 0 5 13 7 13 6 14 8 14 5 13 8 13 9 14 10 12 9 14 10 14 13 14 10 15 10 14 11 15 13 16 13 15 13 16 13 15 14 17 13 17 14 19 13 19 14 18 14 21 14 18 13 20 0 0 0 0 0 0 0 0 0 0 ]
72,1782973867.297299,15.8780,-72,CSI_DATA,AP,98:F4:AB:29:67:94,-72,11,1,4,1,1,1,0,0,0,0,-96,0,6,1,48024282,0,84,0,0,48.4075,384,[84 -64 4 0 0 0 0 0 0 0 0 0 -3 15 -2 14 -2 16 -3 14 -5 16 -5 14 -7 16 -5 17 -4 16 -6 15 -6 17 -8 19 -8 17 -8 17 -7 15 -10 19 -9 16 -9 16 -8 14 -7 13 -9 13 -9 15 -9 16 -8 15 -8 14 -7 17 0 0 -8 18 -9 18 -6 15 -7 18 -8 14 -6 18 -6 20 -6 19 -3 22 -6 22 -5 22 -6 20 -5 22 -6 21 -6 26 -5 24 -6 27 -5 23 -5 26 -4 24 -7 26 -8 26 -8 28 -8 27 -9 27 -8 27 0 0 0 0 0 0 0 0 0 0 ]
73,1782973867.552287,16.0593,-72,CSI_DATA,AP,98:F4:AB:29:67:94,-72,11,1,4,1,1,1,0,0,0,0,-96,0,6,1,48109233,0,84,0,0,48.4925,384,[84 -64 4 0 0 0 0 0 0 0 0 0 -9 9 -9 8 -10 8 -10 9 -13 8 -13 7 -12 7 -12 5 -12 7 -13 8 -14 8 -16 7 -16 6 -16 8 -14 7 -17 10 -13 8 -14 8 -12 8 -15 7 -14 8 -13 6 -15 8 -14 8 -15 8 -15 9 0 0 -15 10 -15 11 -12 11 -14 13 -14 12 -15 12 -14 11 -14 14 -16 14 -17 15 -18 17 -16 15 -15 14 -15 15 -17 17 -16 17 -19 18 -17 17 -17 16 -18 18 -20 16 -17 17 -19 18 -17 16 -19 16 -17 16 0 0 0 0 0 0 0 0 0 0 ]
74,1782973867.811314,17.8063,-66,CSI_DATA,AP,98:F4:AB:29:67:94,-66,11,0,0,0,0,0,0,0,0,0,-96,0,6,1,48208039,0,84,0,0,48.5914,128,[84 -64 4 0 0 0 0 0 0 0 0 0 14 0 14 2 18 2 16 1 19 2 14 3 17 4 17 6 18 5 20 6 22 5 20 6 21 7 22 8 17 8 22 9 18 8 20 8 16 8 18 10 16 10 18 9 18 9 19 8 19 7 19 9 0 0 18 8 22 7 20 6 23 4 18 4 20 7 21 5 20 7 23 4 24 7 25 5 24 4 26 3 23 6 29 5 26 6 31 6 25 5 27 8 27 7 27 10 29 8 30 9 30 7 29 6 28 7 0 0 0 0 0 0 0 0 0 0 ]
75,1782973868.066007,16.8543,-71,CSI_DATA,AP,98:F4:AB:29:67:94,-71,11,1,2,1,1,1,0,0,0,0,-96,0,6,1,48285205,0,84,0,0,48.6685,384,[84 -64 4 0 0 0 0 0 0 0 0 0 1 11 2 11 0 12 0 13 1 12 0 12 1 14 0 13 0 15 0 13 1 17 1 16 -2 15 -2 15 -1 15 -1 18 -1 16 -1 16 -2 14 -3 13 -1 14 -1 16 -1 15 -1 16 -2 17 0 18 0 0 1 16 0 18 -1 16 2 16 -1 15 1 17 1 18 2 17 3 18 4 19 3 20 3 19 2 20 3 20 5 22 6 21 4 23 4 21 6 22 5 23 4 24 4 23 3 25 4 25 4 25 3 24 0 0 0 0 0 0 0 0 0 0 ]
76,1782973868.326072,19.4206,-70,CSI_DATA,AP,98:F4:AB:29:67:94,-70,11,1,4,1,1,1,0,0,0,0,-96,0,6,1,48379445,0,84,0,0,48.7627,384,[84 -64 4 0 0 0 0 0 0 0 0 0 -15 0 -13 -1 -15 0 -15 -2 -16 -3 -15 -2 -16 -1 -17 -5 -19 -3 -19 -4 -18 -6 -19 -5 -18 -7 -17 -8 -19 -6 -21 -7 -20 -5 -20 -7 -16 -7 -17 -7 -17 -7 -19 -7 -18 -8 -17 -8 -18 -8 -17 -7 0 0 -19 -6 -20 -5 -17 -5 -20 -4 -16 -4 -20 -4 -19 -3 -20 -3 -20 -2 -22 -2 -23 -3 -19 -4 -22 -3 -19 -2 -25 0 -20 0 -24 -1 -21 0 -23 -1 -25 0 -26 -1 -25 1 -27 0 -25 -2 -26 -2 -24 -1 0 0 0 0 0 0 0 0 0 0 ]
77,1782973868.578709,18.4501,-70,CSI_DATA,AP,98:F4:AB:29:67:94,-70,11,1,2,1,1,1,0,0,0,0,-96,0,6,1,48484444,0,84,0,0,48.8677,384,[84 -64 4 0 0 0 0 0 0 0 0 0 -10 7 -10 8 -12 5 -11 8 -14 7 -12 6 -13 7 -13 6 -13 6 -15 6 -15 7 -17 6 -16 5 -16 4 -16 4 -18 5 -16 4 -16 5 -15 5 -15 5 -15 4 -15 4 -16 5 -16 3 -16 4 -14 5 0 0 -14 6 -16 5 -14 6 -15 8 -13 6 -14 7 -16 8 -15 8 -15 10 -15 11 -15 11 -15 9 -15 9 -14 11 -16 13 -15 12 -16 11 -15 12 -15 13 -14 13 -15 13 -16 13 -17 13 -16 14 -17 13 -17 13 0 0 0 0 0 0 0 0 0 0 ]
78,1782973868.834041,18.2365,-72,CSI_DATA,AP,98:F4:AB:29:67:94,-72,11,1,4,1,1,1,0,0,0,0,-96,0,6,1,48557695,0,84,0,0,48.941,384,[84 -64 4 0 0 0 0 0 0 0 0 0 4 -14 4 -13 5 -14 5 -15 7 -14 7 -14 6 -15 6 -15 7 -15 8 -13 8 -17 8 -16 8 -14 9 -16 8 -14 10 -17 9 -16 7 -14 9 -13 8 -14 9 -14 10 -14 8 -14 7 -14 7 -16 8 -14 0 0 5 -17 6 -16 6 -16 4 -16 6 -16 5 -18 6 -18 4 -18 3 -20 3 -19 3 -19 4 -20 3 -20 3 -21 2 -21 1 -21 3 -23 2 -22 2 -23 1 -24 1 -25 4 -25 4 -24 3 -25 3 -25 3 -25 0 0 0 0 0 0 0 0 0 0 ]
79,1782973869.096028,18.4860,-71,CSI_DATA,AP,98:F4:AB:29:67:94,-71,11,1,4,1,1,1,0,0,0,0,-96,0,6,1,48644911,0,84,0,0,49.028,384,[84 -64 4 0 0 0 0 0 0 0 0 0 -19 1 -18 2 -22 1 -20 0 -21 1 -20 0 -21 -1 -20 -1 -21 -1 -21 -2 -22 -2 -22 -3 -21 -4 -21 -4 -19 -3 -22 -4 -20 -3 -21 -2 -19 -4 -19 -4 -19 -5 -19 -4 -21 -5 -18 -5 -19 -4 -20 -4 0 0 -19 -4 -20 -2 -18 -1 -18 -1 -18 -2 -18 -1 -20 -2 -19 1 -20 2 -22 2 -22 3 -20 1 -21 3 -21 2 -24 3 -23 5 -25 4 -24 3 -25 3 -26 3 -26 3 -26 3 -27 3 -27 2 -27 3 -27 2 0 0 0 0 0 0 0 0 0 0 ]
80,1782973869.351948,17.6085,-73,CSI_DATA,AP,98:F4:AB:29:67:94,-73,11,1,4,1,1,1,0,0,0,0,-96,0,6,1,48735347,0,84,0,0,49.1186,384,[84 -64 4 0 0 0 0 0 0 0 0 0 -15 -3 -13 -4 -15 -4 -14 -4 -15 -6 -15 -4 -14 -5 -15 -3 -14 -4 -15 -5 -15 -6 -16 -6 -15 -8 -15 -6 -14 -7 -15 -6 -14 -6 -15 -7 -13 -7 -13 -6 -14 -7 -15 -6 -13 -6 -13 -6 -15 -8 -15 -7 0 0 -15 -4 -16 -5 -15 -3 -16 -4 -14 -2 -15 -3 -16 -2 -17 -1 -17 -1 -20 -2 -19 0 -17 -3 -18 -2 -19 -1 -22 0 -20 0 -22 -1 -22 0 -23 0 -23 1 -24 -1 -24 -1 -23 -1 -24 -2 -25 -3 -24 -2 0 0 0 0 0 0 0 0 0 0 ]
81,1782973869.604592,16.2128,-73,CSI_DATA,AP,98:F4:AB:29:67:94,-73,11,1,4,1,1,1,0,0,0,0,-96,0,6,1,48826129,0,84,0,0,49.2094,384,[84 -64 4 0 0 0 0 0 0 0 0 0 -4 -13 -5 -14 -3 -15 -4 -15 -5 -15 -2 -13 -4 -15 -3 -15 -4 -17 -3 -16 -3 -17 -3 -16 -2 -16 -2 -18 0 -16 -3 -18 -2 -17 -1 -17 0 -16 0 -16 0 -17 0 -17 0 -16 -3 -17 1 -16 -2 -17 0 0 -4 -18 -4 -17 -1 -16 -4 -16 -1 -15 -3 -17 -2 -17 -4 -16 -4 -18 -6 -17 -6 -19 -6 -17 -5 -19 -5 -19 -6 -21 -8 -19 -7 -19 -7 -19 -8 -20 -7 -20 -7 -19 -6 -20 -5 -21 -6 -21 -6 -22 -6 -20 0 0 0 0 0 0 0 0 0 0 ]
82,1782973869.853672,13.9912,-70,CSI_DATA,AP,98:F4:AB:29:67:94,-70,11,1,4,1,1,1,0,0,0,0,-96,0,6,1,48915950,0,84,0,0,49.2992,384,[84 -64 4 0 0 0 0 0 0 0 0 0 10 -7 10 -6 12 -5 11 -5 13 -5 11 -5 13 -4 12 -5 13 -5 13 -4 14 -4 15 -4 14 -3 14 -4 13 -3 16 -3 14 -3 14 -3 12 -1 13 -3 14 -3 13 -2 13 -2 13 -2 13 -2 14 -5 0 0 13 -5 14 -5 13 -4 14 -5 12 -3 13 -4 14 -5 13 -6 14 -7 13 -7 14 -8 14 -7 14 -7 13 -7 15 -9 14 -8 15 -8 14 -8 15 -9 14 -9 15 -10 16 -9 16 -8 15 -8 17 -10 16 -9 0 0 0 0 0 0 0 0 0 0 ]
83,1782973870.228816,15.9955,-72,CSI_DATA,AP,98:F4:AB:29:67:94,-72,11,1,4,1,1,1,0,0,0,0,-96,0,6,1,49005135,0,84,0,0,49.3884,384,[84 -64 4 0 0 0 0 0 0 0 0 0 11 -16 11 -15 11 -17 10 -15 11 -17 11 -16 11 -15 12 -17 13 -17 15 -14 14 -17 16 -15 14 -15 16 -15 13 -12 15 -17 16 -14 15 -14 16 -12 16 -14 17 -12 15 -14 14 -12 13 -12 15 -11 15 -14 0 0 13 -14 14 -14 14 -12 13 -15 9 -11 11 -14 11 -14 9 -14 11 -16 10 -17 8 -16 12 -15 9 -16 8 -18 11 -21 9 -18 11 -19 7 -18 10 -19 8 -19 9 -20 8 -17 12 -19 11 -21 11 -19 10 -20 0 0 0 0 0 0 0 0 0 0 ]
84,1782973870.615039,18.1049,-73,CSI_DATA,AP,98:F4:AB:29:67:94,-73,11,1,4,1,1,1,0,0,0,0,-96,0,6,1,49096297,0,84,0,0,49.4795,384,[84 -64 4 0 0 0 0 0 0 0 0 0 -2 14 0 13 0 14 1 11 0 16 -4 13 -3 15 0 16 0 16 -4 16 -2 18 -4 19 -6 18 -5 18 -5 16 -5 20 -4 18 -5 19 -5 16 -6 18 -6 16 -5 15 -6 18 -5 16 -7 18 -5 17 0 0 -4 17 -5 18 -3 17 -4 19 -4 17 -4 16 -3 18 -2 17 -2 19 -2 22 -1 20 -1 18 -4 20 -3 18 -1 21 -2 22 -5 22 -1 20 -3 21 -2 20 -1 20 -4 21 -5 24 -3 21 -5 20 -1 23 0 0 0 0 0 0 0 0 0 0 ]
85,1782973870.948946,18.6285,-73,CSI_DATA,AP,98:F4:AB:29:67:94,-73,11,1,4,1,1,1,0,0,0,0,-96,0,6,1,49184815,0,84,0,0,49.5681,384,[84 -64 4 0 0 0 0 0 0 0 0 0 9 -12 11 -14 12 -13 9 -13 11 -14 13 -15 12 -14 12 -14 15 -13 14 -14 15 -16 16 -13 15 -13 15 -13 14 -11 18 -12 16 -12 16 -12 14 -11 15 -10 15 -9 14 -9 15 -9 13 -9 15 -11 15 -13 0 0 16 -13 15 -12 13 -11 12 -14 13 -11 12 -12 12 -13 12 -13 15 -13 12 -15 12 -16 12 -15 13 -14 12 -14 11 -16 11 -17 13 -17 12 -16 12 -17 11 -17 12 -16 13 -17 12 -17 13 -18 15 -18 15 -17 0 0 0 0 0 0 0 0 0 0 ]
86,1782973871.219653,21.5363,-67,CSI_DATA,AP,98:F4:AB:29:67:94,-67,11,0,0,0,0,0,0,0,0,0,-96,0,6,1,49284082,0,84,0,0,49.6674,128,[84 -64 4 0 0 0 0 0 0 0 0 0 -2 23 -3 21 -2 24 -1 22 -2 23 -4 21 -3 21 -3 21 -5 22 -3 21 -3 23 -2 23 -4 24 -3 25 -5 22 -5 26 -5 23 -5 22 -4 20 -6 22 -6 21 -6 22 -4 20 -4 22 -4 22 -4 22 0 0 -4 21 -4 22 -2 22 -2 21 -3 19 -2 20 -2 21 -1 20 0 23 -2 23 -1 22 0 22 1 23 1 23 -1 24 -1 24 -1 27 -1 22 -1 24 0 25 -1 25 -1 25 0 26 -1 26 0 24 -3 24 0 0 0 0 0 0 0 0 0 0 ]
87,1782973871.498317,20.8718,-74,CSI_DATA,AP,98:F4:AB:29:67:94,-74,11,1,4,1,1,1,0,0,0,0,-96,0,6,1,49371435,0,84,0,0,49.7547,384,[84 -64 4 0 0 0 0 0 0 0 0 0 20 3 18 1 20 2 18 3 19 6 19 3 17 3 20 2 19 6 18 5 20 3 21 6 22 5 19 5 18 6 21 6 20 7 20 6 18 6 17 5 16 6 17 5 18 5 17 6 18 6 16 6 0 0 17 4 18 4 15 5 18 4 15 4 15 2 15 0 17 1 18 -2 17 -1 17 -2 18 -1 19 0 17 0 19 -3 21 -2 21 0 19 -3 20 -3 21 -5 21 -2 21 -4 20 -1 21 -2 20 -1 22 -2 0 0 0 0 0 0 0 0 0 0 ]
88,1782973871.763211,20.7319,-70,CSI_DATA,AP,98:F4:AB:29:67:94,-70,11,1,2,1,1,1,0,0,0,0,-96,0,6,1,49463292,0,84,0,0,49.8466,384,[84 -64 4 0 0 0 0 0 0 0 0 0 -11 -20 -11 -20 -9 -22 -9 -22 -11 -22 -7 -21 -8 -23 -5 -24 -6 -24 -5 -22 -6 -24 -7 -26 -4 -22 -5 -22 -4 -22 -5 -25 -3 -22 -4 -22 -3 -20 -2 -21 -3 -20 -2 -20 -2 -20 -3 -18 -3 -19 -3 -18 0 0 -4 -18 -5 -18 -4 -16 -5 -17 -4 -15 -6 -16 -6 -15 -6 -14 -7 -14 -9 -14 -10 -15 -8 -14 -9 -14 -10 -13 -11 -14 -12 -14 -12 -15 -11 -13 -12 -14 -13 -13 -13 -15 -12 -14 -13 -15 -15 -15 -14 -15 -13 -15 0 0 0 0 0 0 0 0 0 0 ]
89,1782973872.024194,19.8361,-74,CSI_DATA,AP,98:F4:AB:29:67:94,-74,11,1,4,1,1,1,0,0,0,0,-96,0,6,1,49547819,0,84,0,0,49.9311,384,[84 -64 4 0 0 0 0 0 0 0 0 0 -11 -11 -14 -8 -15 -11 -12 -10 -15 -10 -13 -11 -12 -13 -14 -11 -14 -13 -14 -13 -14 -13 -14 -14 -13 -15 -15 -14 -11 -14 -13 -15 -15 -16 -12 -15 -13 -14 -12 -12 -11 -14 -10 -15 -12 -13 -12 -14 -13 -13 -10 -12 0 0 -12 -13 -14 -13 -10 -10 -13 -10 -13 -9 -13 -11 -14 -10 -14 -10 -15 -8 -15 -6 -16 -9 -16 -10 -15 -8 -17 -9 -18 -10 -18 -9 -20 -9 -18 -9 -19 -10 -19 -11 -22 -12 -20 -12 -19 -12 -20 -12 -20 -11 -21 -14 0 0 0 0 0 0 0 0 0 0 ]
90,1782973872.283689,18.8443,-74,CSI_DATA,AP,98:F4:AB:29:67:94,-74,11,1,4,1,1,1,0,0,0,0,-96,0,6,1,49635036,0,84,0,0,50.0183,384,[84 -64 4 0 0 0 0 0 0 0 0 0 -1 4 0 5 1 1 1 2 3 3 2 3 1 4 2 2 1 4 0 2 1 3 0 4 1 4 1 4 1 5 1 4 0 3 1 4 1 3 0 4 0 4 2 4 -1 3 0 4 0 4 1 4 0 0 1 4 1 4 1 4 2 3 1 3 2 4 1 3 2 4 2 3 3 3 2 4 2 4 2 5 3 5 3 5 3 5 3 5 3 5 3 5 3 6 3 6 2 6 2 7 3 7 3 6 2 7 0 0 0 0 0 0 0 0 0 0 ]
91,1782973872.548775,17.0182,-66,CSI_DATA,AP,98:F4:AB:29:67:94,-66,11,0,0,0,0,0,0,0,0,0,-96,0,6,1,49727045,0,84,0,0,50.1104,128,[84 -64 4 0 0 0 0 0 0 0 0 0 -6 -10 -6 -10 -7 -12 -8 -11 -8 -13 -6 -11 -8 -13 -6 -13 -8 -14 -7 -15 -8 -15 -8 -16 -6 -17 -7 -16 -5 -14 -8 -18 -6 -15 -8 -16 -6 -15 -7 -15 -7 -15 -7 -15 -7 -15 -7 -15 -8 -15 -6 -16 0 0 -8 -14 -10 -16 -11 -13 -12 -14 -11 -11 -12 -11 -12 -14 -13 -14 -15 -8 -16 -16 -12 -14 -13 -9 -13 -11 -12 -11 -19 -17 -18 -16 -14 -11 -15 -10 -19 -7 -27 -20 -17 -6 -19 -4 -28 -20 -6 -14 -27 -11 -25 -10 0 0 0 0 0 0 0 0 0 0 ]
92,1782973872.849539,14.4367,-67,CSI_DATA,AP,98:F4:AB:29:67:94,-67,11,0,0,0,0,0,0,0,0,0,-96,0,6,1,49821763,0,84,0,0,50.2052,128,[84 -64 4 0 0 0 0 0 0 0 0 0 -2 -11 -2 -10 -2 -12 -3 -11 -4 -11 -2 -9 -5 -11 -4 -10 -5 -12 -4 -12 -5 -13 -5 -13 -5 -14 -6 -13 -5 -11 -7 -14 -6 -12 -7 -13 -6 -10 -6 -12 -7 -11 -9 -11 -8 -13 -8 -12 -8 -12 -8 -12 0 0 -10 -10 -11 -11 -11 -9 -13 -10 -10 -6 -12 -8 -11 -8 -12 -10 -13 -7 -13 -7 -16 -8 -12 -10 -15 -13 -14 -8 -19 -8 -24 -2 -16 -13 -10 -7 -4 -2 -19 -6 -21 -1 -11 3 -11 -6 -22 3 -20 -12 -4 -3 0 0 0 0 0 0 0 0 0 0 ]
93,1782973873.134641,13.3392,-69,CSI_DATA,AP,98:F4:AB:29:67:94,-69,11,0,0,0,0,0,0,0,0,0,-96,0,6,1,49909958,0,84,0,0,50.2933,128,[84 -64 4 0 0 0 0 0 0 0 0 0 12 12 12 13 11 12 12 13 10 12 10 12 9 13 8 13 9 14 9 12 11 13 12 13 11 14 11 15 8 14 9 15 9 16 7 12 6 13 7 13 5 14 6 13 6 10 7 12 8 11 7 12 0 0 7 11 8 11 8 12 9 10 8 10 7 8 6 10 8 11 7 10 10 11 11 11 14 9 11 11 10 11 11 12 12 10 17 8 6 5 15 17 21 9 12 17 19 6 5 -4 15 9 25 -3 5 20 0 0 0 0 0 0 0 0 0 0 ]
94,1782973873.425917,16.6358,-75,CSI_DATA,AP,98:F4:AB:29:67:94,-75,11,1,4,1,1,1,0,0,0,0,-96,0,6,1,49996365,0,84,0,0,50.3796,384,[84 -64 4 0 0 0 0 0 0 0 0 0 -27 2 -24 4 -22 3 -22 2 -23 0 -23 3 -21 0 -20 2 -22 2 -22 1 -24 -1 -22 -1 -24 0 -25 -3 -22 -4 -25 -3 -24 -2 -21 -3 -19 -5 -19 -1 -19 -2 -19 -2 -21 0 -18 -3 -20 -5 -19 -2 0 0 -20 -3 -18 0 -19 -1 -19 0 -17 -1 -17 -1 -17 1 -17 3 -20 3 -20 3 -21 4 -19 4 -20 2 -19 3 -21 4 -20 3 -21 5 -19 4 -19 4 -21 7 -20 7 -20 6 -20 6 -22 4 -23 4 -22 3 0 0 0 0 0 0 0 0 0 0 ]
95,1782973873.681482,17.6478,-74,CSI_DATA,AP,98:F4:AB:29:67:94,-74,11,1,4,1,1,1,0,0,0,0,-96,0,6,1,50090673,0,84,0,0,50.474,384,[84 -64 4 0 0 0 0 0 0 0 0 0 6 17 9 14 7 15 6 17 7 18 6 14 7 16 6 17 4 18 5 17 6 17 4 19 4 18 2 21 1 18 1 22 1 19 1 16 0 15 1 18 -1 16 1 16 1 16 1 17 1 18 2 17 0 0 1 18 0 16 2 16 4 17 2 14 5 15 5 14 5 18 5 16 7 18 5 17 6 17 4 14 4 19 5 18 6 16 5 19 7 17 7 18 5 18 6 18 8 20 6 18 5 19 5 21 6 17 0 0 0 0 0 0 0 0 0 0 ]
96,1782973873.997466,16.5781,-72,CSI_DATA,AP,98:F4:AB:29:67:94,-72,11,1,2,1,1,1,0,0,0,0,-96,0,6,1,50177476,0,84,0,0,50.5608,384,[84 -64 4 0 0 0 0 0 0 0 0 0 -7 -10 -6 -10 -8 -10 -6 -10 -7 -11 -6 -11 -8 -13 -9 -12 -8 -13 -5 -13 -8 -15 -6 -14 -6 -14 -5 -15 -6 -12 -8 -15 -7 -13 -7 -14 -6 -12 -7 -13 -6 -14 -7 -13 -8 -14 -6 -13 -6 -13 -9 -13 0 0 -10 -12 -10 -13 -8 -10 -11 -12 -8 -11 -11 -12 -12 -13 -11 -13 -13 -12 -14 -14 -13 -14 -11 -14 -13 -13 -12 -12 -15 -15 -15 -13 -15 -15 -14 -12 -14 -12 -16 -12 -16 -14 -15 -14 -14 -17 -15 -15 -15 -15 -15 -16 0 0 0 0 0 0 0 0 0 0 ]
97,1782973874.633248,16.8728,-71,CSI_DATA,AP,98:F4:AB:29:67:94,-71,11,1,4,1,1,1,0,0,0,0,-96,0,6,1,50264016,0,84,0,0,50.6473,384,[84 -64 4 0 0 0 0 0 0 0 0 0 -13 -9 -12 -9 -12 -10 -11 -10 -12 -10 -12 -11 -12 -11 -12 -11 -12 -11 -12 -12 -13 -13 -14 -13 -12 -14 -12 -16 -10 -13 -12 -15 -11 -14 -12 -14 -9 -15 -9 -13 -10 -14 -11 -14 -11 -15 -11 -13 -10 -14 -11 -14 0 0 -12 -13 -10 -13 -10 -12 -11 -12 -10 -12 -11 -11 -11 -12 -13 -11 -13 -11 -13 -11 -15 -10 -13 -11 -13 -12 -13 -11 -15 -12 -15 -11 -15 -11 -15 -11 -16 -11 -16 -10 -16 -12 -16 -11 -17 -11 -16 -12 -17 -11 -17 -11 0 0 0 0 0 0 0 0 0 0 ]
98,1782973875.043069,15.2096,-66,CSI_DATA,AP,98:F4:AB:29:67:94,-66,11,0,0,0,0,0,0,0,0,0,-96,0,6,1,50364469,0,84,0,0,50.7478,128,[84 -64 4 0 0 0 0 0 0 0 0 0 9 8 9 7 10 9 10 8 8 8 7 8 10 9 8 10 8 9 10 10 11 9 11 10 10 10 9 10 8 11 11 12 9 11 8 11 7 11 7 11 8 10 7 10 8 10 8 9 9 10 9 11 0 0 7 10 9 11 10 11 8 9 11 7 11 11 6 10 11 6 14 14 7 12 20 14 14 15 14 11 8 10 11 6 12 11 4 14 15 1 12 12 18 12 4 9 12 9 19 14 19 12 18 10 19 9 0 0 0 0 0 0 0 0 0 0 ]
99,1782973875.548435,17.2468,-72,CSI_DATA,AP,98:F4:AB:29:67:94,-72,11,1,4,1,1,1,0,0,0,0,-96,0,6,1,50444038,0,84,0,0,50.8273,384,[84 -64 4 0 0 0 0 0 0 0 0 0 -8 -18 -7 -17 -8 -18 -7 -15 -8 -18 -7 -16 -7 -18 -7 -17 -7 -19 -4 -19 -6 -20 -5 -19 -4 -21 -4 -19 -4 -17 -5 -22 -4 -19 -4 -20 -3 -17 -3 -18 -2 -18 -2 -19 -3 -19 -4 -17 -2 -19 -3 -18 0 0 -3 -19 -6 -18 -2 -16 -5 -19 -3 -15 -5 -16 -5 -16 -6 -16 -8 -18 -8 -19 -8 -18 -6 -17 -7 -18 -6 -19 -10 -20 -9 -18 -9 -22 -7 -19 -9 -20 -8 -19 -8 -20 -9 -20 -7 -21 -9 -22 -8 -22 -9 -22 0 0 0 0 0 0 0 0 0 0 ]
100,1782973876.000358,15.0999,-75,CSI_DATA,AP,98:F4:AB:29:67:94,-75,11,1,4,1,1,1,0,0,0,0,-96,0,6,1,50534178,0,84,0,0,50.9174,384,[84 -64 4 0 0 0 0 0 0 0 0 0 15 0 15 1 16 3 14 3 16 0 15 4 15 3 15 4 15 3 14 3 15 2 16 2 13 2 15 4 12 2 16 5 15 3 16 3 12 4 13 3 10 3 13 1 12 2 12 1 13 1 13 1 0 0 13 -1 12 0 12 -1 13 0 11 -1 13 -2 12 -2 11 -3 13 -4 15 -4 14 -5 13 -4 16 -4 15 -3 16 -6 16 -4 16 -6 16 -5 17 -3 15 -6 17 -5 17 -5 17 -4 18 -3 17 -5 17 -4 0 0 0 0 0 0 0 0 0 0 ]
101,1782973876.412272,14.7951,-74,CSI_DATA,AP,98:F4:AB:29:67:94,-74,11,1,4,1,1,1,0,0,0,0,-96,0,6,1,50625459,0,84,0,0,51.0088,384,[84 -64 4 0 0 0 0 0 0 0 0 0 9 10 7 12 5 12 6 12 6 13 7 12 8 14 8 15 10 13 9 14 9 15 6 14 8 16 7 16 5 15 6 17 5 14 6 14 5 14 4 15 5 13 5 13 7 14 4 13 7 14 6 14 0 0 8 13 8 14 7 14 7 12 9 13 8 14 8 15 9 12 11 14 12 14 13 14 12 16 10 15 13 15 13 16 12 16 13 17 12 15 13 17 13 13 13 17 12 19 14 17 14 18 13 18 15 18 0 0 0 0 0 0 0 0 0 0 ]
102,1782973876.999071,14.6153,-74,CSI_DATA,AP,98:F4:AB:29:67:94,-74,11,1,4,1,1,1,0,0,0,0,-96,0,6,1,50714202,0,84,0,0,51.0975,384,[84 -64 4 0 0 0 0 0 0 0 0 0 -12 -1 -12 2 -14 1 -13 0 -13 0 -14 0 -15 0 -14 -1 -14 -1 -15 -2 -16 -1 -16 -2 -16 -2 -16 -1 -14 -1 -16 -5 -15 -3 -15 -4 -14 -3 -15 -4 -13 -5 -14 -3 -14 -4 -13 -5 -15 -4 -13 -3 0 0 -16 -3 -13 -3 -13 -2 -14 -2 -13 -2 -15 -3 -16 -2 -15 -2 -15 -1 -15 0 -15 -1 -15 -2 -16 -1 -17 -2 -18 -2 -18 -1 -19 -2 -18 -1 -18 -2 -18 -1 -19 -2 -18 -4 -18 -3 -19 -2 -21 -3 -20 -2 0 0 0 0 0 0 0 0 0 0 ]
103,1782973877.390204,14.4290,-74,CSI_DATA,AP,98:F4:AB:29:67:94,-74,11,1,4,1,1,1,0,0,0,0,-96,0,6,1,50803878,0,84,0,0,51.1871,384,[84 -64 4 0 0 0 0 0 0 0 0 0 -3 14 -4 12 -4 15 -3 11 -3 15 -5 12 -3 16 -6 13 -3 15 -6 15 -6 15 -5 15 -6 15 -7 15 -6 15 -7 17 -6 13 -6 14 -6 11 -8 12 -6 12 -7 11 -7 13 -7 12 -8 12 -7 13 0 0 -4 14 -5 13 -5 13 -4 14 -4 12 -3 13 -4 13 -3 14 -2 14 -1 18 -2 17 -2 16 -4 16 -3 16 -2 20 -2 17 -3 20 -2 18 -2 17 -2 18 -2 20 -2 20 -5 20 -3 20 -4 21 -4 21 0 0 0 0 0 0 0 0 0 0 ]
104,1782973877.740817,17.6789,-72,CSI_DATA,AP,98:F4:AB:29:67:94,-72,11,1,4,1,1,1,0,0,0,0,-96,0,6,1,50899948,0,84,0,0,51.2832,384,[84 -64 4 0 0 0 0 0 0 0 0 0 -19 -4 -16 -5 -17 -5 -17 -4 -17 -8 -16 -6 -17 -6 -17 -6 -18 -7 -18 -7 -16 -7 -19 -7 -20 -9 -18 -11 -16 -8 -21 -9 -17 -8 -17 -8 -14 -8 -15 -7 -14 -8 -15 -8 -16 -7 -16 -7 -18 -6 -17 -5 0 0 -16 -6 -18 -4 -18 -5 -19 -3 -15 -3 -16 -3 -16 -1 -16 -1 -17 0 -18 0 -19 0 -19 0 -21 0 -20 -1 -23 1 -23 1 -24 1 -20 -1 -23 0 -23 1 -22 1 -22 0 -23 -1 -24 2 -25 2 -24 -1 0 0 0 0 0 0 0 0 0 0 ]
105,1782973878.183437,18.5964,-70,CSI_DATA,AP,98:F4:AB:29:67:94,-70,11,1,2,1,1,1,0,0,0,0,-96,0,6,1,50994389,0,84,0,0,51.3776,384,[84 -64 4 0 0 0 0 0 0 0 0 0 -7 19 -8 17 -7 19 -8 18 -8 20 -9 16 -10 19 -11 18 -9 18 -11 17 -11 17 -13 18 -12 17 -12 16 -12 15 -12 21 -11 17 -12 17 -12 14 -12 15 -13 14 -10 14 -12 15 -11 15 -11 15 -11 16 0 0 -9 16 -11 18 -8 15 -9 18 -9 15 -8 16 -9 16 -7 18 -5 18 -6 20 -5 20 -7 18 -7 20 -5 18 -5 23 -5 21 -7 23 -6 19 -6 22 -5 22 -5 22 -4 22 -7 24 -6 22 -5 21 -5 23 0 0 0 0 0 0 0 0 0 0 ]
106,1782973878.617271,20.0465,-64,CSI_DATA,AP,98:F4:AB:29:67:94,-64,11,0,0,0,0,0,0,0,0,0,-96,0,6,1,51075705,0,84,0,0,51.4591,128,[84 -64 4 0 0 0 0 0 0 0 0 0 -18 9 -17 7 -21 8 -20 7 -20 6 -18 5 -20 6 -19 4 -21 5 -21 5 -21 6 -22 6 -22 4 -21 5 -20 3 -23 5 -20 4 -20 4 -19 2 -19 3 -19 3 -19 4 -19 3 -19 4 -20 4 -19 4 0 0 -18 5 -20 6 -18 7 -20 8 -16 7 -17 6 -17 8 -16 7 -17 9 -19 8 -16 8 -17 10 -16 11 -16 9 -18 9 -19 9 -18 13 -22 7 -17 9 -16 10 -14 5 -18 12 -17 11 -19 13 -17 10 -17 8 0 0 0 0 0 0 0 0 0 0 ]
107,1782973879.037100,20.7607,-64,CSI_DATA,AP,98:F4:AB:29:67:94,-64,11,0,0,0,0,0,0,0,0,0,-96,0,6,1,51166788,0,84,0,0,51.5501,128,[84 -64 4 0 0 0 0 0 0 0 0 0 -17 -9 -15 -10 -18 -12 -17 -10 -17 -12 -14 -11 -16 -11 -14 -13 -16 -13 -15 -14 -16 -15 -15 -14 -14 -16 -14 -15 -12 -14 -16 -17 -13 -15 -14 -16 -11 -14 -11 -15 -12 -15 -12 -15 -11 -14 -10 -15 -11 -16 -9 -15 0 0 -10 -14 -14 -16 -10 -15 -14 -14 -11 -11 -8 -19 -9 -15 -13 -12 -6 -13 -3 -18 -10 -15 -8 -14 -20 -15 -11 -15 -15 -11 -14 -9 -12 -19 -10 -17 -7 2 -13 -10 -8 -18 -18 6 -12 -2 -12 -14 -14 -23 -11 0 0 0 0 0 0 0 0 0 0 0 ]
108,1782973879.425631,19.9912,-67,CSI_DATA,AP,98:F4:AB:29:67:94,-67,11,0,0,0,0,0,0,0,0,0,-96,0,6,1,51256674,0,84,0,0,51.64,128,[84 -64 4 0 0 0 0 0 0 0 0 0 21 3 19 3 22 3 21 3 20 4 18 6 19 6 17 8 20 8 18 8 20 7 20 8 19 9 19 8 17 10 20 11 18 9 18 10 16 10 15 12 13 11 15 11 14 11 15 10 15 11 13 11 0 0 14 11 16 10 14 8 15 8 12 5 12 7 15 6 14 8 14 5 17 9 11 8 11 5 14 4 12 10 17 11 17 7 9 8 5 6 8 8 15 8 10 2 7 0 17 -2 12 13 20 12 22 2 0 0 0 0 0 0 0 0 0 0 ]
109,1782973879.775413,18.4926,-72,CSI_DATA,AP,98:F4:AB:29:67:94,-72,11,1,2,1,1,1,0,0,0,0,-96,0,6,1,51346260,0,84,0,0,51.7295,384,[84 -64 4 0 0 0 0 0 0 0 0 0 -1 -16 -1 -16 1 -16 1 -16 0 -16 1 -16 2 -17 2 -17 1 -17 3 -16 1 -19 3 -17 3 -17 4 -18 3 -16 3 -19 4 -18 4 -17 5 -15 6 -17 5 -16 4 -15 4 -15 3 -15 3 -16 2 -17 0 0 2 -16 2 -16 1 -16 0 -16 1 -15 0 -16 2 -18 0 -17 -1 -17 -2 -19 -2 -19 -2 -18 -2 -19 -1 -20 0 -21 -2 -20 -1 -22 0 -23 1 -20 0 -23 2 -23 0 -22 -2 -20 -1 -24 -2 -21 -1 -23 0 0 0 0 0 0 0 0 0 0 ]
110,1782973880.179317,16.9382,-65,CSI_DATA,AP,98:F4:AB:29:67:94,-65,11,0,0,0,0,0,0,0,0,0,-96,0,6,1,51442339,0,84,0,0,51.8257,128,[84 -64 4 0 0 0 0 0 0 0 0 0 0 -16 0 -16 2 -16 1 -17 1 -16 1 -15 2 -16 3 -15 2 -18 3 -17 4 -19 4 -20 5 -20 4 -20 5 -17 6 -20 6 -18 6 -17 8 -16 7 -16 7 -16 8 -16 7 -15 7 -16 7 -16 7 -17 0 0 6 -16 7 -18 7 -19 6 -18 4 -16 6 -19 7 -19 6 -16 2 -20 10 -23 7 -19 2 -17 -2 -15 3 -20 13 -24 18 -20 3 -22 10 -19 -3 -29 15 -23 5 -18 -5 -29 7 -28 7 -11 10 -23 -6 -33 0 0 0 0 0 0 0 0 0 0 ]
111,1782973880.551755,14.6145,-65,CSI_DATA,AP,98:F4:AB:29:67:94,-65,11,0,0,0,0,0,0,0,0,0,-96,0,6,1,51528539,0,84,0,0,51.9119,128,[84 -64 4 0 0 0 0 0 0 0 0 0 11 7 10 7 14 6 12 5 15 8 12 7 12 8 13 7 14 8 14 7 13 7 14 7 13 9 13 8 12 7 16 7 13 6 16 6 12 6 14 6 12 5 14 5 13 5 13 5 13 5 13 5 0 0 14 2 16 2 13 1 18 -1 14 -1 15 -1 16 -1 13 -3 13 -2 14 -1 15 -4 14 -5 15 -4 14 -5 18 -5 17 -6 17 -8 14 -6 11 -7 11 -11 17 -1 21 -17 29 -3 15 -1 6 -14 8 -2 0 0 0 0 0 0 0 0 0 0 ]
112,1782973880.950801,15.3482,-64,CSI_DATA,AP,98:F4:AB:29:67:94,-64,11,0,0,0,0,0,0,0,0,0,-96,0,6,1,51617070,0,84,0,0,52.0003,128,[84 -64 4 0 0 0 0 0 0 0 0 0 -10 -17 -8 -17 -8 -20 -8 -19 -8 -19 -5 -17 -4 -20 -2 -19 -4 -20 -3 -20 -4 -20 -4 -21 -2 -22 -4 -20 0 -19 -2 -22 0 -20 0 -19 1 -18 2 -18 3 -18 2 -18 1 -18 0 -19 1 -18 2 -18 0 0 1 -17 2 -19 1 -18 0 -19 0 -16 1 -18 1 -17 1 -15 -2 -17 1 -17 1 -21 0 -16 -6 -19 -1 -19 1 -20 4 -25 -3 -19 3 -23 8 -15 6 -22 0 -24 4 -26 0 -25 -5 -11 4 -22 -9 -12 0 0 0 0 0 0 0 0 0 0 ]
113,1782973881.395320,15.9220,-73,CSI_DATA,AP,98:F4:AB:29:67:94,-73,11,1,4,1,1,1,0,0,0,0,-96,0,6,1,51794781,0,84,0,0,52.178,384,[84 -64 4 0 0 0 0 0 0 0 0 0 17 3 17 5 17 4 14 6 17 5 15 4 15 5 16 4 16 6 17 6 17 5 17 6 17 4 20 6 16 6 18 7 17 6 18 6 15 8 16 8 16 6 17 7 17 7 15 8 15 9 17 7 0 0 17 8 18 7 16 7 17 7 14 5 17 6 17 8 15 4 17 7 18 6 18 3 17 5 18 5 19 3 17 3 19 4 21 6 20 5 20 4 21 4 20 4 21 6 21 6 20 4 21 7 21 6 0 0 0 0 0 0 0 0 0 0 ]
114,1782973881.849726,14.3154,-74,CSI_DATA,AP,98:F4:AB:29:67:94,-74,11,1,4,1,1,1,0,0,0,0,-96,0,6,1,51974522,0,84,0,0,52.3578,384,[84 -64 4 0 0 0 0 0 0 0 0 0 1 14 1 17 0 15 1 15 1 17 0 15 -1 15 -1 16 -3 15 -2 15 -1 17 -2 15 -3 15 -4 17 -4 15 -4 17 -3 16 -4 16 -4 13 -6 15 -3 13 -4 13 -6 15 -5 13 -4 12 -5 13 0 0 -3 12 -2 14 -2 12 -2 12 -2 12 -3 12 0 13 0 15 0 14 1 14 2 15 3 14 3 15 2 14 3 16 3 17 3 16 2 16 2 19 3 16 2 18 0 18 2 19 3 17 2 18 3 18 0 0 0 0 0 0 0 0 0 0 ]
115,1782973882.297369,12.3253,-74,CSI_DATA,AP,98:F4:AB:29:67:94,-74,11,1,4,1,1,1,0,0,0,0,-96,0,6,1,52154455,0,84,0,0,52.5377,384,[84 -64 4 0 0 0 0 0 0 0 0 0 -10 -5 -10 -7 -11 -8 -10 -8 -10 -7 -7 -6 -11 -8 -10 -8 -9 -9 -9 -7 -11 -7 -11 -9 -9 -9 -11 -9 -8 -8 -9 -9 -9 -10 -10 -9 -8 -8 -8 -10 -8 -8 -8 -8 -10 -8 -9 -7 -9 -7 -8 -6 0 0 -11 -6 -10 -7 -11 -6 -11 -5 -9 -6 -11 -7 -10 -6 -11 -5 -12 -4 -13 -4 -14 -4 -14 -4 -13 -4 -13 -5 -15 -4 -14 -5 -12 -5 -14 -7 -14 -4 -14 -5 -16 -6 -14 -7 -14 -6 -16 -5 -15 -5 -16 -6 0 0 0 0 0 0 0 0 0 0 ]
116,1782973882.770287,13.3929,-75,CSI_DATA,AP,98:F4:AB:29:67:94,-75,11,1,4,1,1,1,0,0,0,0,-96,0,6,1,52244957,0,84,0,0,52.6282,384,[84 -64 4 0 0 0 0 0 0 0 0 0 -12 -11 -11 -11 -12 -11 -9 -11 -12 -13 -9 -9 -10 -13 -10 -10 -11 -11 -10 -13 -10 -11 -11 -12 -8 -14 -10 -13 -9 -12 -12 -14 -10 -11 -10 -11 -8 -10 -8 -12 -9 -12 -11 -11 -10 -11 -9 -12 -10 -11 -9 -11 0 0 -13 -10 -13 -11 -12 -10 -15 -8 -12 -10 -13 -10 -13 -9 -15 -9 -16 -7 -20 -9 -17 -9 -15 -10 -14 -10 -16 -7 -19 -8 -18 -7 -20 -10 -19 -8 -19 -9 -21 -9 -19 -9 -20 -8 -21 -12 -18 -12 -18 -12 -19 -10 0 0 0 0 0 0 0 0 0 0 ]
117,1782973883.234015,14.7472,-73,CSI_DATA,AP,98:F4:AB:29:67:94,-73,11,1,4,1,1,1,0,0,0,0,-96,0,6,1,52335163,0,84,0,0,52.7183,384,[84 -64 4 0 0 0 0 0 0 0 0 0 -4 16 -4 14 -5 17 -3 15 -7 13 -3 16 -5 14 -7 16 -6 16 -6 15 -5 18 -9 16 -8 15 -7 13 -6 14 -9 17 -9 16 -8 14 -7 14 -8 14 -8 11 -6 13 -7 14 -7 12 -8 14 -5 14 0 0 -8 13 -5 15 -6 13 -6 13 -7 13 -6 15 -7 16 -6 15 -5 14 -6 16 -6 17 -6 15 -5 16 -7 16 -6 20 -5 17 -9 19 -6 17 -8 20 -6 19 -8 17 -9 18 -8 18 -9 20 -12 18 -10 19 0 0 0 0 0 0 0 0 0 0 ]
118,1782973883.662570,17.9081,-73,CSI_DATA,AP,98:F4:AB:29:67:94,-73,11,1,4,1,1,1,0,0,0,0,-96,0,6,1,52425954,0,84,0,0,52.8092,384,[84 -64 4 0 0 0 0 0 0 0 0 0 -17 11 -18 9 -20 8 -18 7 -19 7 -19 7 -19 8 -19 8 -18 9 -19 9 -20 8 -19 8 -20 8 -19 8 -19 7 -22 8 -20 7 -19 7 -19 6 -20 4 -18 5 -18 5 -18 6 -16 6 -19 6 -19 7 0 0 -16 8 -17 8 -17 8 -17 9 -17 8 -15 9 -16 9 -13 11 -17 13 -17 13 -16 15 -15 13 -16 12 -17 13 -16 14 -17 15 -18 14 -18 15 -19 17 -17 15 -20 16 -18 14 -20 15 -20 17 -18 16 -18 14 0 0 0 0 0 0 0 0 0 0 ]
119,1782973884.224076,16.4648,-73,CSI_DATA,AP,98:F4:AB:29:67:94,-73,11,1,4,1,1,1,0,0,0,0,-96,0,6,1,52514498,0,84,0,0,52.8977,384,[84 -64 4 0 0 0 0 0 0 0 0 0 4 12 3 13 3 14 3 13 3 13 3 13 4 13 3 14 3 14 2 14 2 14 3 15 1 14 2 14 2 13 3 16 2 15 1 15 3 14 1 14 1 12 1 14 2 13 0 12 1 14 3 11 0 0 3 14 3 14 3 12 5 13 2 11 4 12 5 12 5 13 5 13 5 12 6 14 5 12 7 12 5 12 8 12 7 13 6 14 8 13 7 15 7 15 6 14 7 15 7 15 6 16 8 15 6 15 0 0 0 0 0 0 0 0 0 0 ]
120,1782973884.692615,17.3784,-73,CSI_DATA,AP,98:F4:AB:29:67:94,-73,11,1,4,1,1,1,0,0,0,0,-96,0,6,1,52604465,0,84,0,0,52.9877,384,[84 -64 4 0 0 0 0 0 0 0 0 0 16 -12 16 -11 17 -12 15 -11 14 -11 13 -11 17 -12 16 -10 17 -12 18 -11 17 -11 16 -11 18 -9 18 -9 15 -10 19 -11 18 -9 19 -10 15 -8 14 -8 15 -9 16 -9 15 -6 16 -8 16 -6 16 -6 0 0 16 -9 15 -10 14 -8 15 -10 14 -9 14 -10 13 -9 13 -12 14 -12 15 -14 14 -13 13 -11 15 -12 13 -11 14 -15 14 -16 18 -17 15 -15 16 -15 16 -15 17 -13 15 -15 18 -14 15 -15 17 -14 16 -16 0 0 0 0 0 0 0 0 0 0 ]
121,1782973885.147638,17.9802,-74,CSI_DATA,AP,98:F4:AB:29:67:94,-74,11,1,4,1,1,1,0,0,0,0,-96,0,6,1,52697198,0,84,0,0,53.0804,384,[84 -64 4 0 0 0 0 0 0 0 0 0 17 7 15 8 17 8 16 7 15 9 15 9 15 10 15 10 16 10 16 10 15 8 15 12 16 11 16 11 13 11 15 11 14 10 14 12 13 12 12 10 13 11 12 11 13 10 13 10 14 11 15 9 0 0 13 9 13 7 13 9 14 8 12 8 13 8 14 8 13 6 16 6 15 5 17 6 16 5 15 6 18 7 17 8 18 7 19 7 18 6 19 8 19 4 20 8 19 9 19 9 20 8 19 8 18 9 0 0 0 0 0 0 0 0 0 0 ]
122,1782973885.564847,15.0931,-74,CSI_DATA,AP,98:F4:AB:29:67:94,-74,11,1,4,1,1,1,0,0,0,0,-96,0,6,1,52794318,0,84,0,0,53.1776,384,[84 -64 4 0 0 0 0 0 0 0 0 0 -12 5 -13 5 -15 5 -13 5 -13 2 -13 3 -13 5 -14 4 -13 4 -13 3 -13 5 -13 4 -12 3 -12 2 -12 1 -15 4 -11 2 -15 4 -13 2 -10 1 -13 3 -11 0 -13 3 -12 3 -11 3 -11 2 0 0 -11 3 -11 4 -10 3 -10 3 -10 5 -10 4 -11 4 -12 7 -11 6 -11 8 -10 7 -9 7 -10 7 -9 6 -12 8 -11 9 -11 8 -12 8 -11 8 -13 7 -12 8 -13 7 -13 8 -12 9 -14 8 -15 8 0 0 0 0 0 0 0 0 0 0 ]
123,1782973885.883546,14.5271,-72,CSI_DATA,AP,98:F4:AB:29:67:94,-72,11,1,2,1,1,1,0,0,0,0,-96,0,6,1,52876107,0,84,0,0,53.2593,384,[84 -64 4 0 0 0 0 0 0 0 0 0 -15 8 -15 8 -14 7 -14 8 -13 7 -14 8 -15 7 -14 8 -14 6 -14 7 -15 8 -16 9 -15 7 -15 6 -14 6 -18 7 -16 7 -14 6 -14 4 -15 5 -14 6 -15 4 -13 5 -14 6 -14 6 -14 6 0 0 -14 7 -15 7 -13 6 -13 8 -12 6 -14 7 -14 8 -14 8 -13 10 -13 10 -14 11 -15 10 -14 10 -14 9 -15 11 -16 11 -16 11 -13 11 -17 12 -15 12 -17 12 -16 11 -17 11 -17 10 -17 11 -17 12 0 0 0 0 0 0 0 0 0 0 ]
124,1782973886.297303,14.7565,-73,CSI_DATA,AP,98:F4:AB:29:67:94,-73,11,1,2,1,1,1,0,0,0,0,-96,0,6,1,52971054,0,84,0,0,53.3543,384,[84 -64 4 0 0 0 0 0 0 0 0 0 -2 -17 -3 -16 -2 -16 -3 -13 -2 -17 -1 -17 -4 -16 -2 -16 -3 -17 -1 -15 -2 -18 -2 -18 -2 -17 0 -17 0 -16 -1 -19 -1 -16 0 -16 0 -15 0 -17 -1 -16 -1 -17 0 -15 -1 -15 -1 -17 -2 -17 0 0 -1 -17 -1 -17 -3 -17 -3 -18 -3 -17 -3 -17 -1 -18 -3 -17 -5 -19 -5 -19 -6 -20 -3 -18 -3 -19 -3 -19 -4 -23 -5 -21 -2 -24 -3 -22 -3 -23 -4 -23 -2 -23 -1 -22 -2 -25 -1 -24 -1 -24 -1 -24 0 0 0 0 0 0 0 0 0 0 ]
125,1782973886.758686,16.8130,-69,CSI_DATA,AP,98:F4:AB:29:67:94,-69,11,1,2,1,1,1,0,0,0,0,-96,0,6,1,75560088,0,84,0,0,75.9433,384,[84 -64 4 0 0 0 0 0 0 0 0 0 -6 12 -7 11 -8 12 -7 13 -8 11 -9 11 -9 13 -10 11 -10 12 -10 13 -9 14 -10 15 -10 14 -12 14 -11 13 -13 15 -11 13 -12 14 -11 12 -12 12 -12 12 -13 13 -12 14 -13 14 -12 15 -13 15 0 0 -14 15 -14 15 -13 14 -12 16 -14 13 -14 15 -15 14 -14 15 -14 16 -14 17 -12 19 -12 16 -13 16 -13 18 -13 19 -13 19 -13 18 -11 18 -14 18 -14 18 -13 19 -15 18 -14 19 -13 20 -15 20 -14 20 0 0 0 0 0 0 0 0 0 0 ]
126,1782973887.184177,17.3311,-71,CSI_DATA,AP,98:F4:AB:29:67:94,-71,11,1,4,1,1,1,0,0,0,0,-96,0,6,1,75645531,0,84,0,0,76.0288,384,[84 -64 4 0 0 0 0 0 0 0 0 0 7 9 8 8 10 9 6 9 9 11 8 10 9 12 8 11 9 12 7 12 9 14 8 14 7 13 8 14 7 13 10 15 7 12 9 15 9 13 8 14 9 12 10 14 9 17 8 14 7 15 8 17 0 0 9 16 10 16 9 15 11 16 9 14 9 15 9 15 11 15 13 16 13 16 12 17 11 16 10 17 11 15 13 18 12 15 14 18 12 16 14 17 14 16 13 18 13 16 12 19 12 18 12 19 12 18 0 0 0 0 0 0 0 0 0 0 ]
127,1782973887.590554,18.4666,-70,CSI_DATA,AP,98:F4:AB:29:67:94,-70,11,1,4,1,1,1,0,0,0,0,-96,0,6,1,75735195,0,84,0,0,76.1184,384,[84 -64 4 0 0 0 0 0 0 0 0 0 11 -4 12 -6 13 -5 13 -6 11 -5 12 -5 13 -6 14 -3 14 -4 15 -2 15 -3 16 -3 15 -2 15 -3 15 -3 19 -4 15 -4 17 -3 15 -2 16 -2 18 -2 17 -4 18 -2 17 -2 18 -2 18 -2 0 0 18 -2 19 -4 19 -3 20 -4 16 -2 19 -3 19 -3 17 -5 18 -4 20 -4 19 -6 19 -4 19 -4 18 -4 22 -6 17 -7 23 -6 21 -6 21 -7 21 -7 22 -6 22 -6 24 -6 23 -6 21 -6 21 -6 0 0 0 0 0 0 0 0 0 0 ]
128,1782973887.978204,19.4826,-71,CSI_DATA,AP,98:F4:AB:29:67:94,-71,11,1,4,1,1,1,0,0,0,0,-96,0,6,1,75824228,0,84,0,0,76.2075,384,[84 -64 4 0 0 0 0 0 0 0 0 0 9 -8 11 -7 10 -9 11 -7 10 -8 11 -8 13 -6 12 -8 12 -9 13 -8 14 -7 15 -9 14 -8 15 -6 14 -7 15 -8 16 -7 14 -7 14 -6 16 -6 14 -6 15 -6 17 -7 16 -8 18 -5 16 -8 0 0 17 -8 18 -8 16 -7 17 -9 16 -7 17 -8 17 -6 17 -9 18 -11 18 -10 17 -10 16 -8 18 -8 18 -9 19 -10 19 -12 20 -11 19 -10 21 -10 20 -12 21 -10 21 -10 22 -8 21 -11 19 -12 20 -11 0 0 0 0 0 0 0 0 0 0 ]
129,1782973888.275365,18.9827,-69,CSI_DATA,AP,98:F4:AB:29:67:94,-69,11,1,2,1,1,1,0,0,0,0,-96,0,6,1,75918083,0,84,0,0,76.3013,384,[84 -64 4 0 0 0 0 0 0 0 0 0 10 6 11 8 11 9 11 9 10 9 11 9 10 9 11 9 11 10 11 10 12 12 13 12 11 11 12 12 11 12 12 14 12 11 12 12 9 13 12 13 11 14 11 14 12 15 11 14 12 14 13 15 0 0 12 15 13 15 13 14 14 14 11 14 12 14 12 15 13 15 15 15 15 14 15 15 14 15 14 16 14 16 16 16 17 16 17 15 15 17 16 18 15 16 16 18 15 16 16 17 16 18 16 17 16 19 0 0 0 0 0 0 0 0 0 0 ]
130,1782973888.625936,17.9439,-71,CSI_DATA,AP,98:F4:AB:29:67:94,-71,11,1,4,1,1,1,0,0,0,0,-96,0,6,1,76004221,0,84,0,0,76.3875,384,[84 -64 4 0 0 0 0 0 0 0 0 0 4 12 4 10 3 13 4 11 3 13 3 12 5 14 4 12 5 14 2 15 3 16 1 17 3 15 2 17 3 14 4 18 4 15 3 16 2 15 3 15 3 15 4 17 2 17 1 17 3 16 3 17 0 0 3 17 5 19 3 17 6 19 4 15 5 16 5 18 4 17 5 18 7 22 5 19 4 18 6 19 5 17 8 20 7 19 7 24 7 18 8 19 8 20 8 20 8 20 6 22 6 22 8 22 7 21 0 0 0 0 0 0 0 0 0 0 ]
131,1782973888.960599,18.3395,-71,CSI_DATA,AP,98:F4:AB:29:67:94,-71,11,1,4,1,1,1,0,0,0,0,-96,0,6,1,76097199,0,84,0,0,76.4804,384,[84 -64 4 0 0 0 0 0 0 0 0 0 -11 -7 -11 -8 -12 -10 -11 -8 -13 -10 -11 -10 -10 -10 -11 -10 -13 -10 -11 -11 -12 -11 -13 -13 -12 -13 -12 -13 -11 -12 -14 -15 -12 -13 -13 -14 -11 -13 -12 -14 -11 -14 -11 -14 -12 -17 -11 -15 -12 -15 -12 -15 0 0 -13 -15 -13 -15 -12 -14 -15 -14 -10 -14 -12 -15 -13 -15 -12 -15 -14 -15 -15 -15 -16 -16 -12 -15 -15 -15 -14 -15 -17 -15 -16 -14 -18 -16 -17 -15 -17 -15 -17 -17 -17 -16 -16 -16 -16 -18 -18 -16 -17 -17 -17 -15 0 0 0 0 0 0 0 0 0 0 ]
132,1782973889.383109,17.9740,-71,CSI_DATA,AP,98:F4:AB:29:67:94,-71,11,1,4,1,1,1,0,0,0,0,-96,0,6,1,76183914,0,84,0,0,76.567,384,[84 -64 4 0 0 0 0 0 0 0 0 0 -12 -6 -10 -7 -12 -8 -11 -8 -12 -10 -11 -10 -13 -10 -13 -10 -14 -9 -11 -11 -12 -11 -13 -11 -12 -13 -14 -11 -12 -12 -14 -13 -13 -12 -13 -13 -11 -12 -13 -13 -13 -13 -13 -13 -13 -13 -13 -14 -13 -14 -14 -13 0 0 -14 -12 -15 -14 -14 -14 -15 -13 -14 -13 -15 -13 -15 -13 -15 -11 -17 -12 -18 -13 -18 -12 -17 -13 -17 -13 -17 -12 -19 -14 -18 -12 -19 -15 -18 -12 -19 -13 -19 -13 -20 -14 -18 -14 -18 -14 -19 -13 -19 -14 -19 -14 0 0 0 0 0 0 0 0 0 0 ]
133,1782973889.813454,18.6310,-71,CSI_DATA,AP,98:F4:AB:29:67:94,-71,11,1,4,1,1,1,0,0,0,0,-96,0,6,1,76277368,0,84,0,0,76.6606,384,[84 -64 4 0 0 0 0 0 0 0 0 0 -10 8 -9 7 -11 7 -11 8 -12 8 -11 7 -11 8 -12 9 -13 9 -12 7 -13 9 -14 10 -14 7 -14 8 -14 8 -15 9 -15 8 -15 9 -14 7 -14 7 -15 8 -15 8 -15 9 -16 8 -17 8 -16 10 0 0 -17 11 -17 10 -16 9 -16 10 -16 7 -16 9 -18 9 -16 10 -17 12 -16 12 -18 12 -16 12 -18 11 -18 13 -18 13 -17 14 -18 12 -17 14 -19 15 -17 13 -19 14 -18 14 -19 13 -19 14 -19 13 -20 14 0 0 0 0 0 0 0 0 0 0 ]
134,1782973890.232943,19.4756,-70,CSI_DATA,AP,98:F4:AB:29:67:94,-70,11,1,4,1,1,1,0,0,0,0,-96,0,6,1,76367300,0,84,0,0,76.7505,384,[84 -64 4 0 0 0 0 0 0 0 0 0 -7 -10 -6 -12 -8 -11 -7 -12 -7 -13 -7 -13 -8 -13 -7 -14 -7 -13 -6 -14 -9 -15 -7 -16 -7 -16 -6 -16 -5 -15 -7 -17 -7 -17 -7 -16 -5 -16 -6 -16 -6 -17 -6 -17 -7 -18 -6 -17 -5 -19 -7 -19 0 0 -7 -19 -5 -20 -6 -18 -7 -20 -4 -19 -7 -20 -6 -19 -8 -20 -8 -19 -9 -20 -8 -20 -7 -20 -7 -21 -7 -19 -8 -22 -10 -20 -8 -22 -9 -21 -9 -21 -10 -22 -10 -21 -8 -21 -7 -23 -8 -23 -8 -23 -8 -23 0 0 0 0 0 0 0 0 0 0 ]
135,1782973890.580035,19.6977,-71,CSI_DATA,AP,98:F4:AB:29:67:94,-71,11,1,4,1,1,1,0,0,0,0,-96,0,6,1,76456442,0,84,0,0,76.8397,384,[84 -64 4 0 0 0 0 0 0 0 0 0 7 -12 6 -11 6 -13 7 -11 8 -13 7 -11 8 -12 8 -13 7 -14 10 -13 9 -14 10 -12 11 -13 11 -13 11 -14 11 -15 11 -14 10 -15 10 -12 10 -14 12 -14 10 -13 12 -16 11 -15 12 -15 12 -15 0 0 11 -15 12 -16 11 -16 12 -18 11 -15 10 -16 12 -16 11 -16 9 -18 10 -20 11 -19 11 -17 11 -17 10 -18 12 -21 10 -20 11 -20 11 -20 10 -20 11 -20 11 -20 10 -20 12 -21 13 -21 12 -21 12 -21 0 0 0 0 0 0 0 0 0 0 ]
136,1782973890.865141,18.5477,-70,CSI_DATA,AP,98:F4:AB:29:67:94,-70,11,1,4,1,1,1,0,0,0,0,-96,0,6,1,76545019,0,84,0,0,76.9283,384,[84 -64 4 0 0 0 0 0 0 0 0 0 9 -10 10 -8 11 -9 11 -9 12 -9 12 -9 12 -8 10 -8 13 -9 12 -9 14 -10 14 -9 13 -9 14 -9 15 -8 18 -9 13 -10 14 -9 13 -8 15 -10 16 -8 15 -9 15 -10 16 -10 14 -11 17 -10 0 0 16 -9 16 -10 16 -11 16 -11 16 -9 16 -9 15 -11 16 -11 16 -12 16 -13 16 -13 16 -10 17 -14 17 -13 17 -13 17 -14 18 -13 17 -14 17 -14 16 -15 18 -14 18 -13 18 -13 17 -15 17 -16 18 -13 0 0 0 0 0 0 0 0 0 0 ]
137,1782973891.185259,19.2238,-69,CSI_DATA,AP,98:F4:AB:29:67:94,-69,11,1,2,1,1,1,0,0,0,0,-96,0,6,1,76639989,0,84,0,0,77.0233,384,[84 -64 4 0 0 0 0 0 0 0 0 0 1 -13 1 -14 2 -15 2 -14 3 -16 3 -16 3 -15 4 -14 3 -16 4 -16 4 -18 4 -19 5 -17 5 -18 5 -18 5 -19 5 -18 5 -20 6 -16 7 -18 6 -19 7 -19 7 -19 7 -18 8 -18 7 -20 0 0 6 -20 7 -20 7 -20 6 -21 6 -17 8 -20 7 -18 6 -19 7 -22 6 -22 4 -22 6 -22 5 -21 5 -22 6 -24 5 -22 6 -23 5 -23 6 -24 5 -23 7 -24 7 -23 6 -24 5 -25 6 -25 5 -24 0 0 0 0 0 0 0 0 0 0 ]
138,1782973891.467749,19.2441,-65,CSI_DATA,AP,98:F4:AB:29:67:94,-65,11,0,0,0,0,0,0,0,0,0,-96,0,6,1,76727295,0,84,0,0,77.1107,128,[84 -64 4 0 0 0 0 0 0 0 0 0 -10 -12 -10 -11 -12 -14 -11 -13 -11 -14 -9 -13 -10 -14 -11 -14 -11 -15 -11 -16 -11 -17 -12 -17 -12 -18 -12 -18 -11 -15 -15 -20 -13 -16 -13 -17 -11 -15 -12 -17 -12 -17 -13 -17 -13 -18 -14 -19 -14 -20 -12 -20 0 0 -15 -18 -16 -21 -16 -19 -18 -19 -14 -17 -16 -18 -16 -18 -16 -18 -20 -18 -16 -21 -17 -21 -16 -19 -18 -19 -16 -19 -20 -22 -19 -20 -22 -22 -18 -19 -19 -21 -21 -19 -20 -21 -21 -20 -21 -23 -20 -23 -18 -21 -19 -21 0 0 0 0 0 0 0 0 0 0 ]
139,1782973891.761414,18.6086,-71,CSI_DATA,AP,98:F4:AB:29:67:94,-71,11,1,4,1,1,1,0,0,0,0,-96,0,6,1,76817125,0,84,0,0,77.2004,384,[84 -64 4 0 0 0 0 0 0 0 0 0 -12 -7 -12 -5 -12 -7 -11 -8 -12 -10 -13 -9 -12 -9 -12 -9 -13 -10 -12 -12 -13 -11 -14 -11 -12 -11 -13 -12 -12 -11 -15 -13 -14 -12 -13 -13 -13 -11 -14 -12 -12 -11 -14 -12 -15 -13 -13 -15 -13 -13 -14 -14 0 0 -13 -14 -15 -14 -13 -13 -15 -13 -13 -14 -14 -14 -14 -14 -13 -13 -16 -14 -17 -15 -16 -14 -14 -15 -16 -16 -14 -13 -18 -15 -19 -14 -19 -17 -17 -14 -18 -15 -18 -15 -18 -16 -19 -15 -17 -18 -19 -17 -18 -17 -18 -15 0 0 0 0 0 0 0 0 0 0 ]
140,1782973892.060142,18.5979,-70,CSI_DATA,AP,98:F4:AB:29:67:94,-70,11,1,4,1,1,1,0,0,0,0,-96,0,6,1,76905815,0,84,0,0,77.2889,384,[84 -64 4 0 0 0 0 0 0 0 0 0 5 10 3 10 3 9 2 10 2 10 3 10 2 10 2 12 3 12 2 11 2 13 3 12 3 13 2 12 2 12 2 14 2 13 1 13 1 12 1 14 2 14 1 14 2 15 2 14 2 14 2 15 0 0 1 16 2 15 1 15 2 14 1 14 2 15 1 16 1 15 1 15 3 17 3 16 2 16 2 17 2 16 3 17 3 17 3 18 3 16 3 19 2 16 2 18 2 17 3 18 3 17 3 18 3 19 0 0 0 0 0 0 0 0 0 0 ]
141,1782973892.363396,17.8579,-70,CSI_DATA,AP,98:F4:AB:29:67:94,-70,11,1,4,1,1,1,0,0,0,0,-96,0,6,1,76994993,0,84,0,0,77.3782,384,[84 -64 4 0 0 0 0 0 0 0 0 0 11 6 11 8 10 7 11 8 10 7 11 7 11 9 11 9 12 9 12 9 13 10 13 11 12 12 12 11 12 10 12 11 14 11 13 11 11 12 11 11 12 10 13 11 14 12 12 14 11 13 15 14 0 0 14 13 13 13 14 13 15 12 13 12 15 13 15 12 16 11 15 12 16 13 16 11 15 12 16 13 17 12 17 11 19 12 17 13 18 12 18 12 19 11 19 12 18 13 19 13 18 14 20 13 19 15 0 0 0 0 0 0 0 0 0 0 ]
142,1782973892.677394,18.0860,-69,CSI_DATA,AP,98:F4:AB:29:67:94,-69,11,1,2,1,1,1,0,0,0,0,-96,0,6,1,77085030,0,84,0,0,77.4683,384,[84 -64 4 0 0 0 0 0 0 0 0 0 -11 6 -11 5 -13 7 -12 5 -13 6 -12 5 -13 5 -14 4 -13 5 -15 4 -15 5 -16 4 -16 5 -15 5 -15 3 -18 6 -16 5 -16 5 -14 4 -16 3 -16 4 -17 5 -18 4 -17 4 -18 5 -18 5 0 0 -18 5 -19 5 -16 5 -18 6 -17 3 -18 5 -18 5 -18 5 -18 7 -20 9 -20 8 -17 5 -19 6 -18 6 -20 8 -18 8 -22 8 -19 8 -19 7 -20 9 -21 7 -20 7 -22 8 -21 7 -21 7 -20 8 0 0 0 0 0 0 0 0 0 0 ]
143,1782973893.002203,19.1326,-65,CSI_DATA,AP,98:F4:AB:29:67:94,-65,11,0,0,0,0,0,0,0,0,0,-96,0,6,1,77177988,0,84,0,0,77.5613,128,[84 -64 4 0 0 0 0 0 0 0 0 0 1 -12 2 -13 1 -14 2 -14 2 -14 2 -13 3 -14 3 -13 3 -15 2 -15 2 -16 2 -17 3 -17 2 -18 3 -16 3 -18 3 -17 2 -17 3 -16 3 -16 4 -17 3 -18 2 -16 2 -19 2 -20 2 -19 0 0 2 -20 2 -21 1 -19 -1 -21 1 -18 3 -20 3 -19 1 -19 -1 -23 4 -23 1 -20 -2 -17 -1 -16 -1 -21 -2 -24 0 -29 -4 -18 -5 -19 5 -15 -5 -18 -1 -21 10 -26 6 -17 -4 -24 2 -24 0 -37 0 0 0 0 0 0 0 0 0 0 ]
144,1782973893.290057,19.3680,-65,CSI_DATA,AP,98:F4:AB:29:67:94,-65,11,0,0,0,0,0,0,0,0,0,-96,0,6,1,77270209,0,84,0,0,77.6536,128,[84 -64 4 0 0 0 0 0 0 0 0 0 12 1 12 2 13 2 13 2 13 3 13 3 14 3 13 3 14 3 13 2 15 2 16 2 16 2 16 2 16 3 18 4 17 4 16 2 15 3 16 3 16 4 17 3 16 2 18 2 19 2 19 3 0 0 18 1 20 3 19 1 19 -1 17 2 20 1 19 2 18 0 21 -1 19 2 19 -3 23 -1 21 -5 18 -3 19 -3 16 1 25 -12 27 -1 25 2 17 1 22 3 24 0 20 -1 19 -3 22 -3 24 -3 0 0 0 0 0 0 0 0 0 0 ]
145,1782973893.581297,19.2669,-69,CSI_DATA,AP,98:F4:AB:29:67:94,-69,11,1,2,1,1,1,0,0,0,0,-96,0,6,1,77356992,0,84,0,0,77.7402,384,[84 -64 4 0 0 0 0 0 0 0 0 0 0 -12 0 -13 1 -14 2 -14 1 -15 1 -13 1 -15 2 -14 1 -15 2 -15 2 -15 2 -17 4 -16 4 -18 2 -16 4 -18 4 -16 4 -16 5 -15 4 -17 5 -16 5 -17 5 -18 6 -17 6 -18 5 -18 0 0 5 -17 6 -19 5 -18 4 -19 5 -15 5 -18 4 -17 5 -18 4 -19 3 -19 3 -20 5 -19 4 -20 4 -20 5 -21 3 -21 5 -22 3 -20 4 -22 3 -21 3 -22 4 -21 4 -22 4 -21 4 -22 4 -21 0 0 0 0 0 0 0 0 0 0 ]
146,1782973893.897659,19.0793,-64,CSI_DATA,AP,98:F4:AB:29:67:94,-64,11,0,0,0,0,0,0,0,0,0,-96,0,6,1,77446962,0,84,0,0,77.8303,128,[84 -64 4 0 0 0 0 0 0 0 0 0 -5 11 -4 10 -5 14 -4 12 -6 14 -5 11 -6 13 -6 12 -5 14 -7 14 -8 14 -8 15 -8 15 -8 15 -7 13 -8 18 -7 14 -8 16 -7 14 -8 15 -7 14 -7 15 -8 16 -9 16 -10 16 -10 15 0 0 -7 16 -9 20 -7 15 -7 21 -5 15 -7 16 -8 19 -8 19 -5 16 -11 20 -7 15 -10 17 -7 20 -12 19 -2 22 -6 20 -16 25 -1 28 -4 19 -7 17 -4 28 1 22 -13 14 -3 20 -11 22 -13 10 0 0 0 0 0 0 0 0 0 0 ]
147,1782973894.582989,18.9588,-64,CSI_DATA,AP,98:F4:AB:29:67:94,-64,11,0,0,0,0,0,0,0,0,0,-96,0,6,1,77539788,0,84,0,0,77.9231,128,[84 -64 4 0 0 0 0 0 0 0 0 0 6 9 6 10 7 10 8 10 8 11 6 11 6 11 7 11 8 12 8 12 8 13 9 13 8 14 10 14 8 13 10 15 10 14 10 13 10 12 10 13 9 12 11 13 9 12 11 14 12 14 12 15 0 0 13 13 14 13 15 13 17 10 15 9 15 11 16 10 11 9 16 13 15 13 11 9 11 10 19 10 15 10 18 11 21 8 25 11 19 -1 17 10 15 4 22 23 24 8 25 14 12 23 15 6 19 14 0 0 0 0 0 0 0 0 0 0 ]
148,1782973895.032119,19.1526,-65,CSI_DATA,AP,98:F4:AB:29:67:94,-65,11,0,0,0,0,0,0,0,0,0,-96,0,6,1,77627059,0,84,0,0,78.0105,128,[84 -64 4 0 0 0 0 0 0 0 0 0 -12 4 -12 3 -14 4 -14 5 -14 3 -13 2 -14 2 -15 3 -15 3 -16 4 -16 5 -17 4 -17 3 -17 3 -16 2 -19 4 -16 3 -17 3 -17 3 -17 2 -17 3 -18 3 -17 4 -18 3 -19 4 -19 3 0 0 -19 5 -20 4 -19 4 -21 7 -18 6 -20 3 -17 5 -19 7 -23 6 -22 6 -23 8 -20 13 -19 3 -17 7 -24 3 -16 14 -14 9 -16 2 -29 7 -29 16 -25 -1 -17 8 -23 14 -18 10 -13 8 -24 1 0 0 0 0 0 0 0 0 0 0 ]
149,1782973895.417237,18.9658,-64,CSI_DATA,AP,98:F4:AB:29:67:94,-64,11,0,0,0,0,0,0,0,0,0,-96,0,6,1,77716910,0,84,0,0,78.1003,128,[84 -64 4 0 0 0 0 0 0 0 0 0 -2 -4 -1 -4 -3 -4 -2 -5 -2 -5 -2 -5 -1 -4 -3 -5 -2 -5 -3 -4 -3 -4 -3 -4 -3 -5 -3 -5 -3 -5 -4 -5 -3 -4 -4 -4 -4 -4 -4 -4 -4 -4 -5 -4 -4 -4 -5 -4 -5 -4 -5 -4 0 0 -6 -3 -6 -4 -6 -4 -6 -1 -4 -2 -7 -2 -6 -2 -6 -1 -6 -2 -6 -2 -7 -2 -5 0 -8 -2 -8 -1 -6 -1 -7 -1 -9 0 -5 3 -11 0 -4 5 -9 5 -5 -4 -12 2 0 0 -14 -2 -6 -6 0 0 0 0 0 0 0 0 0 0 ]
150,1782973895.773827,19.3507,-70,CSI_DATA,AP,98:F4:AB:29:67:94,-70,11,1,4,1,1,1,0,0,0,0,-96,0,6,1,77806482,0,84,0,0,78.1898,384,[84 -64 4 0 0 0 0 0 0 0 0 0 -3 12 -4 12 -2 13 -5 13 -4 14 -5 12 -5 14 -5 14 -4 15 -7 14 -6 15 -7 16 -9 15 -9 15 -7 13 -9 18 -8 15 -7 16 -8 15 -8 14 -8 16 -9 16 -9 16 -9 16 -10 17 -10 17 0 0 -9 17 -9 18 -10 16 -8 18 -8 14 -8 17 -10 18 -9 18 -8 18 -9 20 -9 19 -9 18 -8 18 -8 17 -9 22 -8 19 -11 22 -8 21 -9 21 -8 21 -10 20 -9 21 -12 21 -11 22 -9 21 -9 20 0 0 0 0 0 0 0 0 0 0 ]
151,1782973896.172876,19.5731,-70,CSI_DATA,AP,98:F4:AB:29:67:94,-70,11,1,4,1,1,1,0,0,0,0,-96,0,6,1,77894167,0,84,0,0,78.2774,384,[84 -64 4 0 0 0 0 0 0 0 0 0 -10 -8 -9 -8 -11 -9 -10 -8 -11 -11 -11 -10 -11 -12 -11 -11 -11 -12 -11 -12 -13 -12 -13 -14 -11 -12 -12 -13 -10 -13 -14 -15 -12 -13 -12 -14 -11 -13 -11 -15 -11 -15 -12 -15 -12 -15 -11 -15 -12 -16 -12 -16 0 0 -12 -16 -14 -17 -11 -15 -15 -16 -12 -14 -12 -15 -12 -16 -13 -16 -14 -16 -16 -17 -15 -16 -14 -16 -14 -17 -13 -15 -17 -17 -17 -15 -16 -19 -15 -16 -17 -17 -16 -17 -15 -18 -16 -17 -16 -19 -17 -17 -16 -17 -17 -17 0 0 0 0 0 0 0 0 0 0 ]
152,1782973896.566281,18.7925,-69,CSI_DATA,AP,98:F4:AB:29:67:94,-69,11,1,2,1,1,1,0,0,0,0,-96,0,6,1,77987732,0,84,0,0,78.371,384,[84 -64 4 0 0 0 0 0 0 0 0 0 11 5 10 6 10 6 10 8 10 8 12 8 11 7 11 8 12 9 11 9 13 8 13 8 13 9 13 10 11 10 14 11 13 10 13 10 11 13 11 12 11 11 11 11 12 11 13 12 13 12 14 11 0 0 14 12 15 12 13 10 14 11 12 12 13 12 13 13 13 11 15 11 14 10 17 11 15 11 15 11 16 12 16 11 17 11 16 11 16 11 18 12 16 12 17 12 16 13 17 12 18 12 18 11 19 12 0 0 0 0 0 0 0 0 0 0 ]
153,1782973896.918393,18.7236,-71,CSI_DATA,AP,98:F4:AB:29:67:94,-71,11,1,4,1,1,1,0,0,0,0,-96,0,6,1,78077643,0,84,0,0,78.4609,384,[84 -64 4 0 0 0 0 0 0 0 0 0 -7 10 -8 9 -9 11 -8 12 -10 12 -9 12 -9 13 -10 11 -10 12 -10 12 -10 12 -12 12 -12 12 -12 11 -12 11 -14 14 -12 13 -13 11 -14 11 -12 11 -13 10 -14 11 -13 11 -14 12 -15 11 -14 14 0 0 -14 12 -14 14 -13 13 -14 14 -14 11 -15 14 -14 13 -14 13 -14 15 -15 15 -15 16 -13 15 -15 15 -14 15 -15 17 -16 16 -15 17 -14 16 -15 16 -14 19 -15 19 -16 16 -16 15 -16 16 -17 16 -17 18 0 0 0 0 0 0 0 0 0 0 ]
154,1782973897.269428,18.3467,-71,CSI_DATA,AP,98:F4:AB:29:67:94,-71,11,1,4,1,1,1,0,0,0,0,-96,0,6,1,78164514,0,84,0,0,78.5477,384,[84 -64 4 0 0 0 0 0 0 0 0 0 0 -13 1 -13 0 -15 -1 -12 0 -13 0 -13 0 -15 1 -15 0 -16 2 -16 2 -16 2 -17 3 -16 3 -17 2 -17 2 -20 3 -18 2 -19 4 -16 2 -16 4 -17 1 -19 1 -20 3 -18 4 -18 5 -18 0 0 2 -19 3 -21 2 -18 1 -21 2 -18 2 -19 3 -20 1 -20 1 -20 1 -23 0 -22 1 -21 1 -21 1 -19 -1 -23 0 -21 1 -25 -1 -22 -2 -22 -2 -23 -1 -23 -2 -22 0 -24 1 -24 -1 -23 -1 -24 0 0 0 0 0 0 0 0 0 0 ]
155,1782973897.681471,17.6368,-66,CSI_DATA,AP,98:F4:AB:29:67:94,-66,11,0,0,0,0,0,0,0,0,0,-96,0,6,1,78257366,0,84,0,0,78.6407,128,[84 -64 4 0 0 0 0 0 0 0 0 0 8 -9 8 -9 8 -9 9 -9 10 -9 -3 -3 11 -9 11 -8 12 -8 11 -8 12 -10 13 -9 13 -8 13 -10 13 -8 14 -10 14 -10 12 -7 15 -8 0 -2 14 -8 16 -9 14 -8 14 -9 15 -9 16 -8 0 0 17 -8 17 -10 18 -10 16 -10 16 -9 17 -7 18 -8 18 -10 20 -10 17 -6 13 -7 19 -7 17 -8 17 -9 19 -6 21 -6 21 -8 21 -14 20 -2 22 -11 33 -9 21 -10 19 -3 24 -18 14 -6 19 -9 0 0 0 0 0 0 0 0 0 0 ]
156,1782973898.099485,18.6921,-65,CSI_DATA,AP,98:F4:AB:29:67:94,-65,11,0,0,0,0,0,0,0,0,0,-96,0,6,1,78349769,0,84,0,0,78.7331,128,[84 -64 4 0 0 0 0 0 0 0 0 0 12 -1 12 0 14 1 14 1 13 1 12 2 14 1 14 2 15 2 15 2 16 2 16 1 17 2 17 1 15 2 19 1 18 2 17 2 16 2 17 2 17 3 17 2 17 2 19 2 20 1 19 3 0 0 18 3 21 2 21 1 22 0 18 -2 20 2 21 1 15 2 21 -1 21 0 19 -2 23 0 24 -2 22 1 25 2 25 1 26 2 16 0 26 0 23 4 29 12 24 0 23 0 6 3 24 0 24 3 0 0 0 0 0 0 0 0 0 0 ]
157,1782973898.513093,18.5695,-65,CSI_DATA,AP,98:F4:AB:29:67:94,-65,11,0,0,0,0,0,0,0,0,0,-96,0,6,1,78437584,0,84,0,0,78.8209,128,[84 -64 4 0 0 0 0 0 0 0 0 0 6 2 7 2 9 1 8 1 9 2 8 2 8 3 8 1 10 2 9 1 9 2 10 2 10 3 11 2 10 2 11 2 10 2 11 1 10 1 10 2 10 2 12 1 11 1 12 2 13 1 12 2 0 0 12 0 13 0 13 0 13 -1 9 0 14 0 12 0 13 -2 15 -1 12 0 12 -1 16 0 15 -2 12 0 14 -3 15 0 11 -3 17 -4 13 -4 19 -4 18 0 11 -6 20 -4 20 -4 18 -5 19 -4 0 0 0 0 0 0 0 0 0 0 ]
158,1782973898.929414,19.7052,-69,CSI_DATA,AP,98:F4:AB:29:67:94,-69,11,1,2,1,1,1,0,0,0,0,-96,0,6,1,78525324,0,84,0,0,78.9086,384,[84 -64 4 0 0 0 0 0 0 0 0 0 -8 -11 -6 -9 -8 -11 -7 -11 -7 -13 -7 -11 -7 -12 -8 -13 -8 -13 -7 -13 -8 -16 -8 -15 -8 -16 -7 -16 -6 -14 -9 -19 -7 -15 -10 -17 -7 -15 -8 -15 -8 -17 -8 -17 -6 -19 -7 -18 -7 -19 -8 -19 0 0 -8 -19 -10 -20 -8 -17 -9 -19 -8 -17 -8 -19 -8 -19 -9 -19 -11 -18 -10 -21 -11 -19 -10 -19 -9 -19 -9 -19 -13 -21 -12 -19 -11 -23 -12 -21 -11 -21 -13 -21 -11 -21 -10 -21 -10 -24 -11 -24 -10 -22 -11 -21 0 0 0 0 0 0 0 0 0 0 ]
159,1782973899.277803,19.6217,-71,CSI_DATA,AP,98:F4:AB:29:67:94,-71,11,1,4,1,1,1,0,0,0,0,-96,0,6,1,78616140,0,84,0,0,78.9994,384,[84 -64 4 0 0 0 0 0 0 0 0 0 4 11 5 8 6 10 4 12 5 11 4 11 5 12 4 12 7 11 4 12 6 13 5 14 6 15 4 15 7 12 6 14 5 15 6 14 4 15 5 16 4 15 4 14 6 14 5 16 6 18 6 17 0 0 7 18 7 18 8 18 9 16 6 17 6 17 8 17 8 17 10 17 9 18 8 19 7 18 8 18 8 18 11 19 9 19 9 20 10 18 10 19 9 19 9 19 9 20 9 21 10 19 9 20 9 20 0 0 0 0 0 0 0 0 0 0 ]
160,1782973899.696031,19.4209,-71,CSI_DATA,AP,98:F4:AB:29:67:94,-71,11,1,4,1,1,1,0,0,0,0,-96,0,6,1,78707709,0,84,0,0,79.0909,384,[84 -64 4 0 0 0 0 0 0 0 0 0 9 -4 9 -6 11 -7 12 -6 10 -5 12 -6 13 -5 12 -6 13 -6 12 -5 14 -6 15 -8 14 -5 15 -5 15 -6 16 -6 16 -6 16 -6 15 -4 15 -4 15 -4 17 -6 17 -6 17 -5 18 -5 18 -5 0 0 19 -5 18 -5 17 -5 20 -5 16 -4 18 -4 19 -5 18 -4 19 -5 19 -6 20 -8 19 -5 19 -6 20 -6 21 -7 20 -6 22 -6 20 -6 20 -5 21 -6 23 -6 20 -5 21 -5 22 -6 22 -7 22 -6 0 0 0 0 0 0 0 0 0 0 ]
161,1782973900.108355,18.8833,-71,CSI_DATA,AP,98:F4:AB:29:67:94,-71,11,1,4,1,1,1,0,0,0,0,-96,0,6,1,78796037,0,84,0,0,79.1793,384,[84 -64 4 0 0 0 0 0 0 0 0 0 7 -7 9 -9 9 -7 9 -8 8 -7 10 -9 11 -8 12 -8 11 -10 11 -9 11 -9 12 -9 13 -10 14 -8 13 -9 14 -11 13 -9 13 -10 13 -8 14 -8 15 -9 15 -10 14 -10 15 -9 16 -9 16 -10 0 0 15 -11 16 -10 15 -10 15 -11 16 -8 17 -11 16 -10 16 -11 16 -12 16 -13 17 -13 15 -11 16 -11 16 -11 17 -13 19 -14 17 -12 17 -12 17 -13 18 -14 17 -12 17 -14 16 -11 19 -14 20 -14 17 -13 0 0 0 0 0 0 0 0 0 0 ]
162,1782973900.447084,18.2923,-69,CSI_DATA,AP,98:F4:AB:29:67:94,-69,11,1,2,1,1,1,0,0,0,0,-96,0,6,1,78885937,0,84,0,0,79.2692,384,[84 -64 4 0 0 0 0 0 0 0 0 0 12 1 12 1 12 1 13 0 14 0 13 2 13 1 13 1 15 0 16 3 16 2 17 3 15 4 15 4 14 2 19 2 16 3 17 2 16 2 17 3 16 3 18 3 19 3 18 3 18 4 19 3 0 0 18 2 19 2 18 3 21 2 17 3 20 2 19 2 20 1 21 1 23 1 22 1 20 4 21 2 19 1 25 0 21 -2 24 -1 22 0 24 0 24 -2 22 0 22 0 24 0 24 1 24 1 23 1 0 0 0 0 0 0 0 0 0 0 ]
163,1782973900.862273,17.0613,-71,CSI_DATA,AP,98:F4:AB:29:67:94,-71,11,1,4,1,1,1,0,0,0,0,-96,0,6,1,78973989,0,84,0,0,79.3572,384,[84 -64 4 0 0 0 0 0 0 0 0 0 0 11 0 10 -1 12 -1 12 -2 12 -2 12 -3 13 0 13 -1 12 -3 14 -1 15 -2 15 -2 16 -3 15 -3 15 -3 17 -3 15 -2 16 -5 16 -5 17 -5 16 -3 16 -4 17 -3 16 -4 16 -4 18 0 0 -3 18 -5 18 -4 18 -4 17 -5 16 -5 18 -4 18 -4 18 -4 19 -3 20 -3 21 -4 19 -2 20 -3 20 -1 22 -2 23 -3 22 -3 21 -3 22 -4 20 -5 22 -4 22 -5 22 -3 22 -4 22 -4 22 0 0 0 0 0 0 0 0 0 0 ]
164,1782973901.196000,17.3323,-71,CSI_DATA,AP,98:F4:AB:29:67:94,-71,11,1,4,1,1,1,0,0,0,0,-96,0,6,1,79066466,0,84,0,0,79.4497,384,[84 -64 4 0 0 0 0 0 0 0 0 0 -4 10 -4 10 -6 12 -6 10 -5 12 -7 11 -7 12 -7 12 -6 13 -6 12 -6 13 -7 14 -8 13 -9 14 -10 11 -9 15 -9 14 -10 14 -10 13 -9 14 -9 14 -12 13 -10 15 -11 13 -12 14 -10 15 0 0 -12 15 -12 15 -12 14 -12 15 -11 13 -12 15 -13 14 -12 15 -11 16 -10 18 -11 18 -13 15 -12 16 -11 16 -13 19 -12 16 -13 18 -12 18 -13 19 -11 17 -13 19 -12 18 -15 19 -14 19 -13 19 -13 19 0 0 0 0 0 0 0 0 0 0 ]
165,1782973901.491426,17.4268,-70,CSI_DATA,AP,98:F4:AB:29:67:94,-70,11,1,4,1,1,1,0,0,0,0,-96,0,6,1,79154150,0,84,0,0,79.5373,384,[84 -64 4 0 0 0 0 0 0 0 0 0 -3 11 -4 11 -4 12 -4 12 -5 11 -5 11 -5 13 -5 13 -6 12 -5 14 -5 14 -5 16 -7 15 -6 15 -8 13 -8 17 -8 15 -8 15 -8 13 -8 14 -7 15 -9 12 -8 16 -9 15 -10 15 -9 17 0 0 -10 17 -9 16 -9 16 -10 17 -11 14 -12 19 -8 16 -7 18 -8 19 -9 19 -7 19 -10 18 -10 19 -9 19 -11 21 -9 21 -10 20 -8 20 -8 21 -9 21 -8 23 -9 20 -12 21 -9 23 -10 20 -9 19 0 0 0 0 0 0 0 0 0 0 ]
166,1782973901.832363,18.0327,-70,CSI_DATA,AP,98:F4:AB:29:67:94,-70,11,1,4,1,1,1,0,0,0,0,-96,0,6,1,79246197,0,84,0,0,79.6294,384,[84 -64 4 0 0 0 0 0 0 0 0 0 13 -1 12 0 12 0 12 0 13 1 12 0 13 0 14 2 15 0 15 1 15 1 16 2 15 2 16 2 15 4 18 1 16 2 17 1 15 3 16 3 16 3 17 3 17 4 16 2 18 3 18 4 0 0 17 2 19 4 18 2 22 1 17 1 17 1 18 1 19 1 21 0 20 -1 21 1 19 1 20 2 19 0 23 -2 21 -2 22 0 22 -3 22 -2 22 -2 23 -1 22 -1 24 0 22 0 24 0 22 -1 0 0 0 0 0 0 0 0 0 0 ]
167,1782973902.136274,18.2496,-69,CSI_DATA,AP,98:F4:AB:29:67:94,-69,11,1,2,1,1,1,0,0,0,0,-96,0,6,1,79335464,0,84,0,0,79.7187,384,[84 -64 4 0 0 0 0 0 0 0 0 0 14 -1 12 0 15 0 15 1 16 2 15 1 15 2 15 2 17 1 17 3 19 1 18 2 19 2 18 4 18 4 20 5 19 2 19 3 17 4 18 5 19 6 19 5 20 5 19 4 21 5 22 4 0 0 22 3 23 5 22 4 23 3 20 4 22 4 22 4 23 3 22 3 23 2 24 1 24 2 24 2 23 2 27 2 24 0 27 2 24 0 27 1 26 1 28 2 25 1 26 1 27 1 26 0 27 1 0 0 0 0 0 0 0 0 0 0 ]
168,1782973902.429292,18.7285,-71,CSI_DATA,AP,98:F4:AB:29:67:94,-71,11,1,4,1,1,1,0,0,0,0,-96,0,6,1,79426346,0,84,0,0,79.8096,384,[84 -64 4 0 0 0 0 0 0 0 0 0 -9 10 -8 11 -11 13 -11 10 -10 11 -11 12 -11 13 -13 11 -13 11 -13 11 -12 13 -14 13 -14 12 -15 12 -14 11 -15 12 -14 12 -15 11 -15 9 -15 11 -16 10 -18 11 -15 11 -16 12 -17 12 -16 13 0 0 -16 14 -19 12 -18 12 -17 15 -16 11 -16 12 -18 13 -17 13 -18 14 -17 17 -18 16 -17 15 -18 14 -17 16 -19 17 -17 18 -17 16 -18 17 -20 18 -19 17 -19 17 -18 16 -21 16 -18 18 -20 16 -18 17 0 0 0 0 0 0 0 0 0 0 ]
169,1782973902.738389,19.0351,-71,CSI_DATA,AP,98:F4:AB:29:67:94,-71,11,1,4,1,1,1,0,0,0,0,-96,0,6,1,79515686,0,84,0,0,79.8989,384,[84 -64 4 0 0 0 0 0 0 0 0 0 12 -3 11 -4 12 -3 12 -5 13 -5 13 -3 14 -3 15 -3 15 -4 16 -2 16 -3 16 -3 15 -1 17 -2 15 -1 18 0 16 -2 16 -2 15 -2 17 -1 16 -1 17 -2 17 -2 18 -2 19 0 18 -1 0 0 20 -3 19 -3 19 -2 20 -3 17 1 19 -1 20 -2 19 -2 19 -3 20 -4 21 -3 19 -4 20 -2 19 -3 21 -4 22 -6 24 -4 21 -5 22 -4 22 -5 22 -4 21 -3 23 -4 22 -4 22 -4 23 -5 0 0 0 0 0 0 0 0 0 0 ]
170,1782973903.062357,19.1194,-70,CSI_DATA,AP,98:F4:AB:29:67:94,-70,11,1,3,1,1,1,0,0,0,0,-96,0,6,1,79604095,0,84,0,0,79.9874,384,[84 -64 4 0 0 0 0 0 0 0 0 0 9 -8 9 -8 10 -8 9 -7 12 -8 10 -7 13 -8 13 -8 13 -9 13 -8 13 -10 15 -9 14 -7 15 -7 14 -7 16 -10 14 -8 16 -7 13 -6 14 -7 16 -7 16 -8 17 -8 18 -8 17 -8 16 -8 0 0 17 -8 17 -8 16 -8 19 -10 15 -8 17 -9 17 -7 17 -10 18 -10 19 -11 17 -12 18 -9 18 -10 17 -8 20 -12 18 -12 21 -11 19 -11 20 -12 18 -12 20 -10 18 -14 22 -12 21 -14 21 -13 19 -12 0 0 0 0 0 0 0 0 0 0 ]
171,1782973903.368201,21.5245,-65,CSI_DATA,AP,98:F4:AB:29:67:94,-65,11,0,0,0,0,0,0,0,0,0,-96,0,6,1,79698808,0,84,0,0,80.0821,128,[84 -64 4 0 0 0 0 0 0 0 0 0 10 9 9 11 10 12 10 13 11 13 9 13 9 14 8 14 10 15 9 14 11 15 12 15 11 17 12 16 10 16 12 17 11 17 11 16 9 16 9 16 9 17 11 17 10 16 13 18 13 19 11 19 0 0 12 18 13 20 15 19 16 17 13 17 13 19 13 19 13 18 16 18 13 19 16 20 15 17 18 18 15 20 17 20 17 22 18 21 16 20 15 22 16 20 15 22 16 21 17 21 19 21 18 21 18 21 0 0 0 0 0 0 0 0 0 0 ]
172,1782973903.662303,19.2354,-70,CSI_DATA,AP,98:F4:AB:29:67:94,-70,11,1,3,1,1,1,0,0,0,0,-96,0,6,1,79786655,0,84,0,0,80.1699,384,[84 -64 4 0 0 0 0 0 0 0 0 0 8 8 10 8 8 10 9 10 10 11 10 11 9 10 9 10 10 12 9 11 11 11 10 13 10 12 10 12 11 13 9 14 9 14 10 13 8 13 8 13 9 15 9 15 9 14 9 14 7 15 11 14 0 0 10 14 10 17 10 16 12 15 9 14 10 15 11 16 11 16 12 16 13 15 14 16 11 16 13 16 12 17 14 16 13 17 14 17 13 16 14 18 15 16 14 18 14 17 14 17 14 18 15 18 14 17 0 0 0 0 0 0 0 0 0 0 ]
173,1782973903.954624,18.6540,-70,CSI_DATA,AP,98:F4:AB:29:67:94,-70,11,1,3,1,1,1,0,0,0,0,-96,0,6,1,79876906,0,84,0,0,80.26,384,[84 -64 4 0 0 0 0 0 0 0 0 0 -13 -1 -14 0 -15 -1 -15 -2 -15 -1 -15 -3 -16 -2 -16 -3 -15 -2 -15 -2 -16 -2 -18 -4 -17 -4 -17 -5 -15 -4 -19 -5 -18 -3 -18 -5 -15 -5 -17 -5 -17 -6 -17 -5 -19 -4 -18 -4 -18 -5 -19 -5 0 0 -19 -4 -19 -6 -17 -6 -19 -4 -17 -5 -19 -6 -19 -4 -21 -4 -21 -4 -20 -5 -22 -3 -20 -5 -22 -3 -20 -4 -23 -4 -22 -4 -22 -4 -22 -3 -24 -5 -22 -3 -23 -5 -23 -5 -24 -6 -23 -4 -24 -5 -24 -5 0 0 0 0 0 0 0 0 0 0 ]
174,1782973904.249919,17.6297,-70,CSI_DATA,AP,98:F4:AB:29:67:94,-70,11,1,3,1,1,1,0,0,0,0,-96,0,6,1,79965231,0,84,0,0,80.3485,384,[84 -64 4 0 0 0 0 0 0 0 0 0 13 -3 12 -3 13 -2 13 -2 14 -1 13 -2 14 -2 14 0 17 -2 14 -1 16 0 16 0 16 0 17 -1 14 0 18 -2 15 -1 18 -2 15 0 17 -1 17 0 17 -1 19 -1 17 0 17 1 19 0 0 0 19 -2 19 -3 17 -2 20 -4 16 -1 18 -3 19 -3 18 -4 18 -4 21 -5 20 -5 19 -3 19 -4 19 -5 20 -6 20 -7 21 -6 20 -6 21 -8 21 -6 21 -7 21 -8 23 -6 22 -7 23 -7 21 -6 0 0 0 0 0 0 0 0 0 0 ]
175,1782973904.546902,17.6690,-71,CSI_DATA,AP,98:F4:AB:29:67:94,-71,11,1,3,1,1,1,0,0,0,0,-96,0,6,1,80055285,0,84,0,0,80.4385,384,[84 -64 4 0 0 0 0 0 0 0 0 0 -7 8 -9 8 -11 10 -9 10 -11 9 -10 8 -12 10 -12 10 -12 11 -11 9 -12 11 -13 11 -13 10 -13 10 -14 10 -15 11 -15 11 -14 10 -14 9 -15 9 -15 8 -14 11 -15 9 -15 9 -15 11 -15 10 0 0 -16 10 -16 12 -16 11 -16 11 -15 9 -17 10 -16 10 -15 10 -15 11 -15 12 -16 13 -16 12 -17 13 -16 14 -17 15 -16 14 -17 14 -16 14 -18 14 -18 14 -18 14 -17 15 -20 13 -18 14 -19 16 -18 15 0 0 0 0 0 0 0 0 0 0 ]
176,1782973904.846030,17.7551,-71,CSI_DATA,AP,98:F4:AB:29:67:94,-71,11,1,3,1,1,1,0,0,0,0,-96,0,6,1,80146169,0,84,0,0,80.5294,384,[84 -64 4 0 0 0 0 0 0 0 0 0 5 -12 6 -13 5 -12 6 -12 7 -12 8 -13 7 -13 7 -14 7 -13 7 -14 7 -14 9 -15 8 -13 9 -14 9 -13 11 -15 9 -14 10 -15 9 -12 9 -13 10 -13 11 -14 11 -14 12 -14 12 -14 11 -14 0 0 12 -15 13 -15 12 -15 13 -16 11 -14 13 -16 12 -15 13 -15 12 -16 12 -16 12 -19 11 -16 13 -17 12 -16 12 -17 12 -19 14 -19 12 -18 13 -19 12 -17 14 -18 13 -17 13 -18 14 -17 15 -19 14 -19 0 0 0 0 0 0 0 0 0 0 ]
177,1782973905.144682,18.3851,-71,CSI_DATA,AP,98:F4:AB:29:67:94,-71,11,1,3,1,1,1,0,0,0,0,-96,0,6,1,80236456,0,84,0,0,80.6197,384,[84 -64 4 0 0 0 0 0 0 0 0 0 2 13 2 14 0 15 1 15 1 15 0 14 0 15 1 17 1 15 -1 16 0 17 0 17 -1 18 -1 19 -1 18 -1 19 -1 19 -2 18 -2 17 -2 15 -2 20 -2 19 -2 19 -2 19 -3 19 -1 21 0 0 0 20 -2 20 -1 20 -1 21 -1 19 -2 19 -1 21 -1 20 0 21 2 22 1 22 -1 21 0 21 0 23 2 23 3 22 0 24 2 24 1 25 3 24 1 24 2 23 1 24 2 25 2 24 0 26 0 0 0 0 0 0 0 0 0 0 ]
178,1782973905.407486,18.7880,-71,CSI_DATA,AP,98:F4:AB:29:67:94,-71,11,1,3,1,1,1,0,0,0,0,-96,0,6,1,80325740,0,84,0,0,80.709,384,[84 -64 4 0 0 0 0 0 0 0 0 0 9 8 9 9 9 13 7 10 8 12 7 10 11 11 8 12 9 11 7 14 9 13 9 14 8 15 9 15 8 14 10 17 9 15 9 15 7 15 8 15 6 16 10 17 9 18 8 16 6 18 9 18 0 0 9 18 8 18 11 16 11 19 8 16 10 17 10 17 9 18 11 17 14 18 12 19 11 17 10 18 9 18 14 21 13 19 13 21 11 18 13 20 12 21 12 21 11 21 13 22 12 19 13 21 12 20 0 0 0 0 0 0 0 0 0 0 ]
179,1782973905.664048,18.6420,-71,CSI_DATA,AP,98:F4:AB:29:67:94,-71,11,1,3,1,1,1,0,0,0,0,-96,0,6,1,80414167,0,84,0,0,80.7974,384,[84 -64 4 0 0 0 0 0 0 0 0 0 12 1 12 1 12 1 13 1 12 3 13 3 15 3 13 4 16 3 14 4 16 5 17 3 16 5 16 4 15 5 17 7 16 5 17 7 17 8 15 5 14 7 16 8 18 7 17 6 17 6 18 8 0 0 18 8 19 7 17 7 19 6 17 6 19 8 18 8 17 7 18 6 22 7 20 6 20 8 19 7 20 7 22 8 21 6 22 9 21 7 23 7 23 8 23 7 21 8 22 9 23 7 22 7 22 8 0 0 0 0 0 0 0 0 0 0 ]
180,1782973905.917495,18.5478,-71,CSI_DATA,AP,98:F4:AB:29:67:94,-71,11,1,3,1,1,1,0,0,0,0,-96,0,6,1,80506441,0,84,0,0,80.8897,384,[84 -64 4 0 0 0 0 0 0 0 0 0 -11 5 -11 4 -12 3 -14 1 -13 4 -13 2 -15 3 -13 3 -14 3 -14 1 -16 2 -16 1 -16 1 -17 1 -16 1 -18 1 -18 2 -17 1 -17 0 -17 1 -16 -1 -17 -1 -18 0 -17 0 -18 0 -21 0 0 0 -19 0 -20 0 -18 0 -20 0 -18 -1 -20 0 -19 0 -19 0 -20 -1 -21 1 -21 1 -19 1 -20 0 -21 -1 -22 1 -20 1 -23 0 -21 3 -21 2 -22 2 -23 1 -22 0 -21 0 -24 1 -24 1 -23 1 0 0 0 0 0 0 0 0 0 0 ]
181,1782973906.156312,18.1935,-71,CSI_DATA,AP,98:F4:AB:29:67:94,-71,11,1,3,1,1,1,0,0,0,0,-96,0,6,1,80597558,0,84,0,0,80.9807,384,[84 -64 4 0 0 0 0 0 0 0 0 0 -10 7 -9 5 -12 7 -10 5 -12 7 -11 6 -12 7 -11 6 -14 6 -12 5 -14 5 -15 6 -14 6 -14 6 -15 7 -17 6 -16 5 -16 7 -15 5 -15 5 -16 5 -16 5 -17 6 -16 5 -17 3 -18 6 0 0 -17 6 -18 4 -18 6 -17 7 -17 4 -18 6 -17 7 -18 6 -19 8 -18 7 -18 9 -18 7 -19 7 -18 9 -20 8 -20 8 -21 8 -19 9 -21 8 -19 9 -20 8 -20 8 -21 7 -21 8 -21 8 -20 9 0 0 0 0 0 0 0 0 0 0 ]
182,1782973906.438095,18.5367,-71,CSI_DATA,AP,98:F4:AB:29:67:94,-71,11,1,3,1,1,1,0,0,0,0,-96,0,6,1,80688708,0,84,0,0,81.0719,384,[84 -64 4 0 0 0 0 0 0 0 0 0 2 13 2 11 3 12 1 12 2 15 2 13 2 16 3 15 4 14 3 14 2 17 1 17 1 16 1 16 2 16 2 20 1 17 2 18 0 16 2 17 1 18 1 17 0 19 0 17 0 20 0 18 0 0 1 18 1 21 1 19 3 21 -1 18 3 20 2 20 2 19 3 22 3 22 4 23 2 21 3 19 3 21 6 24 5 20 4 23 5 21 5 23 5 23 4 25 4 24 3 24 4 24 4 24 4 22 0 0 0 0 0 0 0 0 0 0 ]
183,1782973907.027687,18.5759,-71,CSI_DATA,AP,98:F4:AB:29:67:94,-71,11,1,3,1,1,1,0,0,0,0,-96,0,6,1,80779308,0,84,0,0,81.1626,384,[84 -64 4 0 0 0 0 0 0 0 0 0 2 -11 3 -11 3 -12 3 -12 3 -14 3 -12 4 -14 4 -13 4 -15 6 -14 4 -15 6 -14 5 -15 6 -14 6 -14 6 -17 6 -15 6 -16 7 -14 7 -15 7 -14 6 -16 8 -17 7 -17 9 -16 7 -17 0 0 7 -17 8 -18 7 -17 7 -17 8 -15 8 -18 7 -19 6 -17 6 -18 6 -19 6 -20 7 -17 6 -19 6 -18 6 -21 5 -20 7 -21 5 -20 5 -21 5 -19 6 -21 5 -20 6 -21 7 -21 6 -21 6 -20 0 0 0 0 0 0 0 0 0 0 ]
184,1782973907.470914,18.3232,-71,CSI_DATA,AP,98:F4:AB:29:67:94,-71,11,1,3,1,1,1,0,0,0,0,-96,0,6,1,80864089,0,84,0,0,81.2473,384,[84 -64 4 0 0 0 0 0 0 0 0 0 -13 6 -15 6 -14 7 -14 6 -14 6 -17 7 -15 7 -15 4 -15 6 -17 6 -17 5 -19 6 -18 5 -18 4 -19 5 -20 6 -22 6 -19 5 -19 5 -19 3 -21 5 -20 6 -20 5 -22 5 -22 6 -22 6 0 0 -23 5 -23 5 -23 4 -22 6 -22 4 -24 5 -23 5 -22 4 -25 6 -24 7 -25 7 -24 5 -24 5 -24 6 -25 8 -25 7 -26 6 -27 7 -26 7 -25 7 -26 6 -27 6 -26 7 -28 8 -29 9 -28 7 0 0 0 0 0 0 0 0 0 0 ]
185,1782973907.857899,18.4857,-71,CSI_DATA,AP,98:F4:AB:29:67:94,-71,11,1,3,1,1,1,0,0,0,0,-96,0,6,1,80961170,0,84,0,0,81.3444,384,[84 -64 4 0 0 0 0 0 0 0 0 0 8 -8 8 -7 10 -9 9 -7 10 -9 10 -7 12 -8 11 -8 12 -8 12 -7 13 -9 14 -9 12 -7 13 -7 13 -8 14 -8 14 -7 14 -9 13 -8 13 -8 14 -9 14 -9 15 -9 16 -7 16 -9 15 -10 0 0 15 -10 15 -9 15 -10 15 -11 14 -8 16 -10 15 -10 15 -9 17 -10 16 -11 16 -12 16 -10 16 -11 16 -12 17 -13 17 -12 18 -13 17 -13 17 -13 17 -13 15 -13 17 -13 18 -13 17 -13 17 -13 18 -13 0 0 0 0 0 0 0 0 0 0 ]
186,1782973908.236653,19.7839,-71,CSI_DATA,AP,98:F4:AB:29:67:94,-71,11,1,3,1,1,1,0,0,0,0,-96,0,6,1,81044205,0,84,0,0,81.4274,384,[84 -64 4 0 0 0 0 0 0 0 0 0 -8 -10 -8 -10 -6 -13 -7 -11 -7 -13 -6 -15 -9 -13 -5 -14 -8 -15 -7 -16 -8 -16 -7 -17 -7 -16 -8 -17 -7 -15 -8 -19 -6 -17 -9 -19 -2 -20 -9 -17 -7 -17 -8 -18 -7 -20 -6 -17 -5 -20 -7 -19 0 0 -7 -19 -8 -21 -6 -17 -9 -20 -7 -20 -7 -17 -7 -18 -9 -20 -9 -19 -10 -21 -10 -23 -8 -20 -9 -19 -9 -19 -11 -21 -11 -19 -11 -23 -10 -20 -12 -21 -12 -21 -11 -21 -12 -21 -10 -23 -11 -24 -10 -24 -11 -23 0 0 0 0 0 0 0 0 0 0 ]
187,1782973908.650687,18.6354,-71,CSI_DATA,AP,98:F4:AB:29:67:94,-71,11,1,3,1,1,1,0,0,0,0,-96,0,6,1,81138862,0,84,0,0,81.5221,384,[84 -64 4 0 0 0 0 0 0 0 0 0 11 1 12 1 14 3 12 2 12 4 13 2 14 3 13 3 15 3 13 5 16 5 15 3 16 5 16 4 14 5 17 5 16 6 17 4 14 6 15 6 15 5 18 4 18 6 17 5 16 6 19 7 0 0 18 6 19 6 18 6 20 5 18 6 18 5 19 5 18 6 20 6 20 6 21 5 19 6 20 5 19 5 23 4 22 4 23 5 22 5 22 4 22 4 23 4 23 4 23 6 21 4 23 5 23 5 0 0 0 0 0 0 0 0 0 0 ]
188,1782973909.053469,21.8455,-65,CSI_DATA,AP,98:F4:AB:29:67:94,-65,11,0,0,0,0,0,0,0,0,0,-96,0,6,1,81227938,0,84,0,0,81.6113,128,[84 -64 4 0 0 0 0 0 0 0 0 0 1 -14 1 -13 1 -15 2 -16 2 -16 2 -15 2 -15 2 -16 2 -16 1 -17 2 -18 2 -18 3 -19 3 -19 2 -18 4 -21 5 -19 4 -19 4 -18 4 -19 4 -19 4 -20 3 -19 3 -20 4 -24 4 -22 0 0 3 -23 4 -23 4 -24 3 -23 3 -21 4 -23 3 -23 3 -22 2 -25 3 -23 4 -25 3 -23 4 -25 4 -25 5 -26 5 -26 4 -26 3 -23 5 -25 3 -25 4 -25 3 -27 4 -26 4 -27 3 -27 4 -27 0 0 0 0 0 0 0 0 0 0 ]
189,1782973909.430999,16.7289,-65,CSI_DATA,AP,98:F4:AB:29:67:94,-65,11,0,0,0,0,0,0,0,0,0,-96,0,6,1,81322642,0,84,0,0,81.706,128,[84 -64 4 0 0 0 0 0 0 0 0 0 6 4 6 4 6 4 7 5 7 4 6 4 7 4 6 4 8 5 8 4 8 5 9 5 9 6 9 5 8 5 9 6 9 5 8 4 8 5 9 4 9 5 10 5 9 5 10 5 11 5 10 5 0 0 11 4 12 6 11 6 11 5 10 4 11 4 11 4 11 3 13 4 10 4 12 5 11 3 16 3 12 4 14 4 9 4 13 6 14 3 17 3 12 2 12 2 18 0 14 6 16 6 15 5 20 8 0 0 0 0 0 0 0 0 0 0 ]
190,1782973909.871798,16.9799,-71,CSI_DATA,AP,98:F4:AB:29:67:94,-71,11,1,3,1,1,1,0,0,0,0,-96,0,6,1,81495367,0,84,0,0,81.8786,384,[84 -64 4 0 0 0 0 0 0 0 0 0 10 7 9 9 9 10 10 9 9 10 11 10 10 10 10 11 12 9 9 10 11 11 13 11 11 12 11 10 10 12 13 14 12 12 10 12 10 12 12 11 11 13 11 14 13 12 12 14 12 14 13 14 0 0 14 13 15 14 14 13 14 12 11 12 13 15 13 16 13 14 17 12 16 14 16 14 15 13 16 12 15 13 18 13 16 13 19 13 17 14 17 15 17 14 18 14 18 14 18 15 18 15 19 14 18 15 0 0 0 0 0 0 0 0 0 0 ]
191,1782973910.282607,17.2538,-69,CSI_DATA,AP,98:F4:AB:29:67:94,-69,11,1,2,1,1,1,0,0,0,0,-96,0,6,1,81589345,0,84,0,0,81.9726,384,[84 -64 4 0 0 0 0 0 0 0 0 0 -13 -4 -13 -3 -13 -5 -12 -4 -13 -6 -14 -6 -13 -5 -13 -6 -14 -6 -14 -7 -14 -7 -16 -6 -17 -7 -16 -6 -14 -8 -17 -8 -15 -8 -17 -8 -15 -8 -15 -8 -16 -10 -16 -9 -16 -9 -17 -9 -16 -9 -17 -8 0 0 -17 -9 -19 -9 -17 -9 -19 -9 -17 -9 -17 -9 -18 -10 -18 -8 -19 -9 -20 -7 -21 -7 -19 -8 -20 -7 -20 -8 -21 -7 -22 -8 -22 -9 -21 -8 -22 -9 -22 -8 -22 -9 -21 -10 -21 -9 -21 -8 -22 -9 -23 -10 0 0 0 0 0 0 0 0 0 0 ]
192,1782973910.716028,18.2611,-69,CSI_DATA,AP,98:F4:AB:29:67:94,-69,11,1,2,1,1,1,0,0,0,0,-96,0,6,1,81676540,0,84,0,0,82.0598,384,[84 -64 4 0 0 0 0 0 0 0 0 0 -3 -13 -2 -13 0 -14 -2 -14 -2 -15 -2 -14 -1 -15 -1 -15 0 -16 0 -16 -1 -16 0 -17 0 -16 -1 -17 1 -16 1 -18 1 -18 1 -18 1 -16 2 -17 2 -17 1 -17 1 -18 1 -17 2 -19 1 -19 0 0 2 -19 0 -20 1 -19 0 -21 1 -18 2 -20 3 -20 0 -19 0 -22 -1 -23 -1 -23 -1 -20 1 -21 1 -21 0 -23 0 -23 0 -24 0 -22 1 -23 0 -23 1 -23 1 -22 1 -24 0 -24 1 -24 0 -24 0 0 0 0 0 0 0 0 0 0 ]
193,1782973911.122748,18.4779,-65,CSI_DATA,AP,98:F4:AB:29:67:94,-65,11,0,0,0,0,0,0,0,0,0,-96,0,6,1,81772839,0,84,0,0,82.1562,128,[84 -64 4 0 0 0 0 0 0 0 0 0 6 11 6 10 7 12 7 10 8 12 5 11 6 12 6 12 7 12 7 14 7 15 6 14 7 15 8 15 6 13 9 16 8 13 9 14 7 13 9 13 8 13 10 14 8 16 8 16 10 16 8 16 0 0 10 15 11 18 12 16 13 15 10 13 12 15 12 15 11 15 14 14 12 18 13 18 11 16 13 15 12 16 15 17 14 17 16 18 12 15 14 17 15 16 14 16 16 16 15 18 15 18 14 18 13 18 0 0 0 0 0 0 0 0 0 0 ]
194,1782973911.542491,19.4205,-71,CSI_DATA,AP,98:F4:AB:29:67:94,-71,11,1,3,1,1,1,0,0,0,0,-96,0,6,1,81944354,0,84,0,0,82.3277,384,[84 -64 4 0 0 0 0 0 0 0 0 0 -9 11 -8 9 -10 10 -11 11 -12 11 -10 11 -11 10 -10 12 -11 12 -10 11 -10 12 -13 12 -14 11 -13 12 -14 12 -17 14 -14 12 -14 13 -16 10 -14 11 -13 11 -13 11 -14 12 -14 11 -15 13 -15 14 0 0 -15 15 -16 12 -15 12 -14 14 -15 13 -15 12 -15 14 -15 15 -14 15 -14 16 -14 15 -16 16 -14 16 -15 17 -15 17 -15 17 -15 17 -14 17 -16 18 -14 18 -15 18 -16 18 -16 19 -16 18 -17 19 -16 19 0 0 0 0 0 0 0 0 0 0 ]
195,1782973911.957154,19.0742,-70,CSI_DATA,AP,98:F4:AB:29:67:94,-70,11,1,2,1,1,1,0,0,0,0,-96,0,6,1,82040030,0,84,0,0,82.4233,384,[84 -64 4 0 0 0 0 0 0 0 0 0 10 -4 12 -4 13 -4 12 -4 14 -3 14 -4 13 -3 13 -4 14 -3 15 -3 16 -4 16 -3 15 -3 16 -2 15 -3 18 -2 16 -2 17 -2 15 -1 16 -2 17 -3 17 -2 17 -2 18 -2 18 -1 19 -1 0 0 18 -1 20 -3 19 -2 18 -3 17 -1 19 -2 19 -2 18 -3 20 -3 20 -5 20 -5 20 -2 20 -3 20 -3 21 -4 21 -3 23 -4 20 -3 23 -3 22 -7 23 -4 22 -4 22 -3 23 -3 23 -3 23 -4 0 0 0 0 0 0 0 0 0 0 ]
196,1782973912.347965,19.4820,-65,CSI_DATA,AP,98:F4:AB:29:67:94,-65,11,0,0,0,0,0,0,0,0,0,-96,0,6,1,82128469,0,84,0,0,82.5117,128,[84 -64 4 0 0 0 0 0 0 0 0 0 12 5 11 5 14 5 12 4 14 5 11 5 14 5 13 5 14 3 15 5 15 5 16 4 16 5 16 3 14 3 19 2 15 1 18 0 15 2 16 1 17 1 18 -1 17 0 18 0 19 0 17 0 0 0 17 -3 21 -5 18 -4 21 -7 18 -6 19 -8 18 -6 19 -7 15 -11 22 -9 20 -6 19 -8 22 -10 16 -10 21 -15 15 -8 21 -15 13 -18 11 -12 21 -21 18 -8 22 -9 9 -22 23 -16 26 -12 23 -8 0 0 0 0 0 0 0 0 0 0 ]
197,1782973912.733467,19.4371,-71,CSI_DATA,AP,98:F4:AB:29:67:94,-71,11,1,3,1,1,1,0,0,0,0,-96,0,6,1,82216123,0,84,0,0,82.5994,384,[84 -64 4 0 0 0 0 0 0 0 0 0 3 -13 5 -13 5 -14 5 -14 6 -14 4 -15 6 -13 6 -13 6 -14 6 -13 4 -15 5 -17 7 -16 8 -17 6 -15 8 -17 7 -17 5 -15 8 -16 8 -15 9 -16 8 -18 7 -17 7 -17 7 -18 7 -18 0 0 8 -19 10 -20 9 -17 8 -18 9 -19 8 -19 8 -18 7 -17 6 -20 8 -19 6 -21 7 -19 6 -20 7 -21 6 -22 7 -21 9 -22 7 -22 8 -22 8 -22 8 -23 9 -22 9 -22 6 -23 8 -24 9 -22 0 0 0 0 0 0 0 0 0 0 ]
198,1782973913.117669,19.5791,-71,CSI_DATA,AP,98:F4:AB:29:67:94,-71,11,1,3,1,1,1,0,0,0,0,-96,0,6,1,82304748,0,84,0,0,82.688,384,[84 -64 4 0 0 0 0 0 0 0 0 0 8 -8 9 -8 12 -7 11 -7 13 -9 11 -7 13 -9 13 -8 13 -8 13 -8 14 -8 15 -9 13 -9 15 -8 14 -8 18 -8 16 -7 16 -9 15 -6 15 -7 17 -8 16 -10 16 -8 16 -9 17 -8 17 -9 0 0 16 -9 18 -9 16 -9 16 -9 16 -7 18 -8 17 -8 18 -10 17 -12 19 -12 18 -11 18 -11 19 -12 18 -12 19 -14 19 -12 20 -13 18 -14 19 -13 19 -14 19 -13 20 -13 20 -14 20 -13 21 -14 20 -13 0 0 0 0 0 0 0 0 0 0 ]
199,1782973913.568368,18.1006,-71,CSI_DATA,AP,98:F4:AB:29:67:94,-71,11,1,3,1,1,1,0,0,0,0,-96,0,6,1,82395976,0,84,0,0,82.7792,384,[84 -64 4 0 0 0 0 0 0 0 0 0 6 11 5 11 6 12 7 11 6 12 6 12 6 13 6 14 7 14 6 15 5 15 5 15 6 16 5 16 5 15 7 17 5 16 6 17 4 15 5 16 4 16 4 17 6 18 4 17 5 20 6 18 0 0 5 19 6 19 5 17 7 19 5 17 6 18 6 19 6 18 8 19 9 20 8 19 6 19 7 20 8 20 8 22 10 21 8 23 9 20 9 21 10 20 9 23 8 23 7 22 7 23 7 23 7 23 0 0 0 0 0 0 0 0 0 0 ]
200,1782973913.870433,19.3576,-71,CSI_DATA,AP,98:F4:AB:29:67:94,-71,11,1,3,1,1,1,0,0,0,0,-96,0,6,1,82488206,0,84,0,0,82.8715,384,[84 -64 4 0 0 0 0 0 0 0 0 0 -11 -8 -9 -7 -9 -8 -11 -8 -11 -9 -10 -9 -12 -10 -12 -9 -12 -9 -11 -11 -11 -11 -12 -11 -10 -12 -12 -11 -12 -9 -15 -11 -12 -10 -13 -12 -11 -11 -12 -11 -12 -12 -14 -13 -14 -13 -13 -13 -14 -14 -12 -13 0 0 -14 -13 -16 -12 -14 -10 -16 -12 -13 -11 -16 -11 -16 -11 -15 -12 -17 -11 -19 -10 -17 -12 -15 -12 -16 -11 -16 -10 -20 -12 -19 -9 -20 -13 -17 -9 -20 -11 -20 -11 -20 -10 -20 -9 -20 -14 -19 -12 -21 -12 -19 -12 0 0 0 0 0 0 0 0 0 0 ]
201,1782973914.173078,17.5043,-69,CSI_DATA,AP,98:F4:AB:29:67:94,-69,11,1,2,1,1,1,0,0,0,0,-96,0,6,1,82575457,0,84,0,0,82.9587,384,[84 -64 4 0 0 0 0 0 0 0 0 0 -11 4 -11 2 -13 2 -13 2 -13 1 -13 1 -13 1 -14 1 -14 2 -15 1 -14 2 -15 1 -15 0 -15 0 -15 -2 -18 0 -16 1 -16 0 -15 0 -16 0 -15 -2 -16 -1 -17 0 -16 0 -16 -1 -18 0 0 0 -18 -1 -18 -1 -19 1 -20 1 -17 -1 -17 -3 -20 -5 -17 -1 -22 0 -18 4 -19 5 -15 -3 -20 5 -17 1 -21 2 -22 -1 -23 -3 -20 5 -22 -6 -28 1 -21 -4 -21 11 -11 4 -19 4 -12 7 -37 -2 0 0 0 0 0 0 0 0 0 0 ]
202,1782973914.411264,18.2212,-65,CSI_DATA,AP,98:F4:AB:29:67:94,-65,11,0,0,0,0,0,0,0,0,0,-96,0,6,1,82679844,0,84,0,0,83.0632,128,[84 -64 4 0 0 0 0 0 0 0 0 0 9 -10 9 -8 11 -9 11 -10 10 -10 10 -8 12 -8 12 -7 13 -8 12 -8 13 -10 13 -10 15 -9 14 -10 14 -8 17 -10 15 -8 16 -9 15 -7 15 -8 15 -6 16 -8 16 -8 17 -8 17 -9 17 -7 0 0 18 -7 20 -9 18 -9 20 -11 17 -7 19 -7 19 -7 19 -6 18 -8 20 -8 22 -8 19 -4 22 -10 18 -7 20 -9 23 -7 20 -3 16 -5 20 -3 18 -8 21 -3 25 -5 21 -6 21 -6 19 -11 18 -11 0 0 0 0 0 0 0 0 0 0 ]
203,1782973914.746729,18.7033,-77,CSI_DATA,AP,98:F4:AB:29:67:94,-77,11,1,3,1,1,1,0,0,0,0,-96,0,6,1,103544663,0,84,0,0,103.928,384,[84 -64 4 0 0 0 0 0 0 0 0 0 6 -6 6 -5 7 -5 5 -4 7 -5 7 -5 7 -4 7 -5 6 -5 7 -5 6 -6 8 -5 7 -4 8 -6 8 -5 9 -4 8 -4 8 -4 8 -4 8 -4 8 -3 7 -4 9 -5 8 -5 8 -3 9 -5 0 0 8 -4 10 -6 8 -5 8 -5 7 -4 8 -5 8 -5 8 -5 7 -6 7 -8 8 -7 8 -5 8 -7 8 -7 9 -7 9 -6 9 -8 9 -7 10 -8 9 -9 10 -9 10 -9 11 -8 12 -9 11 -9 11 -9 0 0 0 0 0 0 0 0 0 0 ]
204,1782973914.962768,17.8845,-73,CSI_DATA,AP,98:F4:AB:29:67:94,-73,11,0,0,0,0,0,0,0,0,0,-96,0,6,1,103647153,0,84,0,0,104.031,128,[84 -64 4 0 0 0 0 0 0 0 0 0 -11 22 -11 19 -11 23 -11 20 -12 19 -13 16 -10 15 -12 14 -8 14 -8 14 -7 16 -6 14 -8 16 -3 16 -6 16 -6 17 -5 18 -5 15 -4 15 -5 15 -3 14 -5 14 -2 16 -2 19 -2 17 -3 19 0 0 -3 21 -3 20 -3 20 -1 21 -3 19 -1 20 -5 21 -1 21 0 22 -2 21 0 23 0 22 4 26 0 26 1 29 0 30 1 30 -1 27 -3 28 -1 29 -3 31 0 32 -3 34 -2 36 -2 34 -5 36 0 0 0 0 0 0 0 0 0 0 ]
205,1782973915.232129,11.3081,-78,CSI_DATA,AP,98:F4:AB:29:67:94,-78,11,1,3,1,1,1,0,0,0,0,-96,0,6,1,103728196,0,84,0,0,104.111,384,[84 -64 4 0 0 0 0 0 0 0 0 0 10 6 9 6 8 7 8 6 7 9 8 7 7 9 8 8 6 6 5 6 8 6 7 5 5 7 6 4 6 4 7 6 5 6 6 7 4 6 6 5 6 6 5 3 5 5 7 4 5 5 7 4 0 0 6 4 7 4 6 3 7 3 5 2 8 4 7 2 6 2 7 3 9 3 9 3 9 1 9 1 9 1 9 1 9 0 13 1 12 1 11 0 13 0 12 2 12 0 14 2 14 1 15 2 15 3 0 0 0 0 0 0 0 0 0 0 ]
206,1782973915.533490,8.9795,-76,CSI_DATA,AP,98:F4:AB:29:67:94,-76,11,1,3,1,1,1,0,0,0,0,-96,0,6,1,103816135,0,84,0,0,104.199,384,[84 -64 4 0 0 0 0 0 0 0 0 0 -10 6 -10 6 -10 5 -9 4 -9 5 -7 3 -8 4 -9 4 -7 4 -10 3 -8 4 -8 6 -9 5 -8 5 -7 3 -10 6 -9 3 -9 5 -9 4 -9 4 -7 4 -9 5 -10 4 -10 5 -9 4 -10 7 0 0 -10 5 -9 6 -9 7 -9 7 -10 6 -10 5 -10 6 -10 5 -10 8 -10 9 -11 8 -11 7 -12 8 -11 8 -12 9 -12 9 -12 9 -12 9 -13 9 -14 8 -14 9 -13 7 -15 9 -15 10 -17 8 -16 10 0 0 0 0 0 0 0 0 0 0 ]
207,1782973915.814688,10.8354,-74,CSI_DATA,AP,98:F4:AB:29:67:94,-74,11,0,0,0,0,0,0,0,0,0,-96,0,6,1,103919553,0,84,0,0,104.303,128,[84 -64 4 0 0 0 0 0 0 0 0 0 20 -7 16 -6 19 -7 17 -6 19 -6 16 -2 16 -4 14 -1 12 -4 12 -3 13 -3 12 -3 11 -4 10 -6 9 -8 10 -9 7 -8 8 -8 9 -8 8 -9 7 -7 4 -13 5 -13 6 -10 9 -12 8 -15 0 0 7 -17 7 -19 5 -18 5 -23 6 -16 5 -21 5 -20 6 -22 4 -21 7 -23 7 -25 7 -23 4 -26 8 -26 7 -31 8 -30 8 -35 8 -30 10 -30 7 -33 10 -34 8 -37 15 -38 15 -38 13 -37 15 -37 0 0 0 0 0 0 0 0 0 0 ]
208,1782973916.125346,7.5229,-80,CSI_DATA,AP,98:F4:AB:29:67:94,-80,11,1,3,1,1,1,0,0,0,0,-96,0,6,1,103995085,0,84,0,0,104.378,384,[84 -64 4 0 0 0 0 0 0 0 0 0 5 -8 5 -7 5 -9 6 -7 6 -6 5 -7 6 -7 6 -6 6 -7 4 -4 4 -5 5 -5 4 -6 4 -5 3 -5 3 -6 3 -5 4 -6 3 -5 2 -5 1 -4 1 -5 0 -6 0 -8 2 -6 0 -8 0 0 2 -7 -1 -8 0 -8 0 -10 0 -9 -1 -10 0 -9 -1 -11 -1 -9 -3 -12 -1 -11 -1 -11 -1 -11 0 -13 -3 -14 -2 -14 -1 -14 -3 -14 -3 -16 -1 -15 -2 -16 -2 -16 -1 -16 0 -18 0 -18 1 -17 0 0 0 0 0 0 0 0 0 0 ]
209,1782973916.420542,8.8154,-77,CSI_DATA,AP,98:F4:AB:29:67:94,-77,11,1,3,1,1,1,0,0,0,0,-96,0,6,1,104084779,0,84,0,0,104.468,384,[84 -64 4 0 0 0 0 0 0 0 0 0 -7 8 -6 9 -6 8 -7 9 -8 9 -7 9 -5 7 -8 8 -8 7 -7 8 -7 9 -9 8 -9 7 -7 8 -7 6 -8 9 -8 8 -7 10 -8 7 -7 6 -7 6 -9 7 -8 8 -7 7 -9 7 -9 7 0 0 -9 7 -9 6 -8 7 -9 8 -8 6 -9 6 -9 7 -8 9 -8 7 -7 9 -8 8 -9 8 -7 9 -9 9 -9 11 -7 9 -9 11 -9 11 -6 11 -8 14 -9 11 -8 13 -11 13 -10 12 -9 12 -11 15 0 0 0 0 0 0 0 0 0 0 ]
210,1782973916.712926,9.0348,-79,CSI_DATA,AP,98:F4:AB:29:67:94,-79,11,1,3,1,1,1,0,0,0,0,-96,0,6,1,104173891,0,84,0,0,104.557,384,[84 -64 4 0 0 0 0 0 0 0 0 0 5 10 3 7 5 8 3 9 4 8 2 10 1 11 0 10 2 9 1 7 2 7 3 8 4 8 4 6 3 7 4 7 3 7 4 9 4 6 3 7 2 6 4 5 4 7 4 7 5 8 5 6 0 0 5 7 6 6 4 6 7 7 4 6 6 6 6 7 6 6 9 7 10 6 8 7 7 6 7 9 9 7 10 8 9 6 9 8 10 8 10 8 10 8 10 9 11 9 11 9 12 10 12 10 10 12 0 0 0 0 0 0 0 0 0 0 ]
211,1782973916.996371,9.2651,-76,CSI_DATA,AP,98:F4:AB:29:67:94,-76,11,1,3,1,1,1,0,0,0,0,-96,0,6,1,104269013,0,84,0,0,104.652,384,[84 -64 4 0 0 0 0 0 0 0 0 0 9 8 8 7 7 9 8 9 6 10 8 10 7 11 8 9 6 8 6 11 6 6 7 8 6 10 6 9 7 9 8 11 6 9 6 9 5 9 4 9 4 9 4 8 6 9 5 9 5 8 7 10 0 0 6 10 6 8 6 9 6 8 5 9 5 8 5 8 5 8 6 8 7 8 7 7 6 7 9 8 8 9 9 7 10 7 9 9 8 8 9 5 10 8 11 9 12 7 10 7 12 9 12 9 11 9 0 0 0 0 0 0 0 0 0 0 ]
212,1782973917.685060,11.2858,-76,CSI_DATA,AP,98:F4:AB:29:67:94,-76,11,1,3,1,1,1,0,0,0,0,-96,0,6,1,104353954,0,84,0,0,104.737,384,[84 -64 4 0 0 0 0 0 0 0 0 0 -5 15 -4 14 -6 13 -6 14 -8 13 -6 12 -7 13 -7 11 -6 10 -6 11 -6 9 -8 12 -6 10 -7 9 -8 10 -7 11 -6 10 -7 10 -7 8 -7 9 -6 6 -6 9 -6 10 -5 9 -5 10 -5 9 0 0 -6 9 -6 11 -4 11 -4 11 -5 9 -5 10 -4 9 -4 9 -3 10 -3 12 -4 13 -2 10 -2 12 -3 12 -3 12 -2 13 -4 13 -1 15 -3 15 -2 16 -2 14 -3 15 -3 16 -2 17 -3 17 -3 17 0 0 0 0 0 0 0 0 0 0 ]
213,1782973917.987803,14.8383,-74,CSI_DATA,AP,98:F4:AB:29:67:94,-74,11,1,2,1,1,1,0,0,0,0,-96,0,6,1,104445624,0,84,0,0,104.829,384,[84 -64 4 0 0 0 0 0 0 0 0 0 -12 -11 -11 -11 -12 -13 -12 -10 -11 -14 -9 -12 -11 -12 -9 -14 -11 -14 -10 -15 -12 -13 -9 -14 -7 -13 -9 -14 -7 -13 -10 -13 -8 -13 -10 -13 -7 -12 -7 -13 -6 -12 -8 -11 -7 -15 -7 -11 -9 -13 -7 -11 0 0 -9 -12 -11 -13 -9 -11 -11 -11 -8 -11 -9 -12 -9 -12 -12 -10 -11 -9 -11 -11 -10 -9 -11 -10 -10 -10 -12 -10 -15 -10 -13 -9 -15 -11 -13 -9 -15 -10 -17 -11 -15 -13 -15 -12 -16 -13 -17 -13 -17 -12 -17 -13 0 0 0 0 0 0 0 0 0 0 ]
214,1782973918.251231,17.2258,-74,CSI_DATA,AP,98:F4:AB:29:67:94,-74,11,1,3,1,1,1,0,0,0,0,-96,0,6,1,104537131,0,84,0,0,104.92,384,[84 -64 4 0 0 0 0 0 0 0 0 0 -16 -3 -15 -7 -17 -8 -17 -5 -18 -7 -15 -8 -17 -6 -16 -10 -16 -9 -16 -10 -16 -9 -18 -10 -16 -9 -15 -10 -15 -11 -17 -10 -17 -11 -16 -12 -14 -11 -14 -11 -13 -11 -13 -12 -14 -11 -14 -12 -14 -10 -15 -11 0 0 -16 -10 -15 -10 -14 -9 -15 -8 -13 -8 -13 -8 -14 -8 -14 -7 -15 -7 -16 -7 -16 -5 -13 -6 -15 -6 -16 -4 -17 -2 -16 -4 -17 -4 -18 -4 -17 -3 -19 -3 -19 -4 -17 -3 -18 -2 -20 -2 -20 0 -19 -1 0 0 0 0 0 0 0 0 0 0 ]
215,1782973918.543215,17.2060,-67,CSI_DATA,AP,98:F4:AB:29:67:94,-67,11,0,0,0,0,0,0,0,0,0,-96,0,6,1,104627510,0,84,0,0,105.011,128,[84 -64 4 0 0 0 0 0 0 0 0 0 6 -8 7 -7 9 -10 8 -9 10 -9 9 -8 10 -8 10 -7 11 -8 10 -8 11 -8 11 -8 12 -8 12 -7 12 -7 13 -7 12 -6 13 -7 12 -5 13 -4 12 -5 13 -6 12 -5 13 -5 15 -6 14 -5 0 0 13 -5 15 -5 13 -5 13 -7 11 -4 13 -5 12 -5 12 -6 12 -5 12 -5 14 -4 10 -7 18 -8 15 -5 13 -6 7 -11 18 -3 16 -12 19 1 22 -7 21 -7 22 -3 20 2 19 -13 5 -6 21 -7 0 0 0 0 0 0 0 0 0 0 ]
216,1782973918.817647,16.9493,-76,CSI_DATA,AP,98:F4:AB:29:67:94,-76,11,1,3,1,1,1,0,0,0,0,-96,0,6,1,104714006,0,84,0,0,105.097,384,[84 -64 4 0 0 0 0 0 0 0 0 0 -12 -6 -12 -6 -12 -8 -12 -7 -12 -8 -12 -9 -11 -6 -11 -8 -12 -6 -12 -8 -12 -8 -11 -8 -11 -7 -12 -7 -12 -6 -13 -8 -12 -7 -11 -6 -9 -9 -8 -7 -11 -8 -9 -8 -10 -7 -9 -7 -11 -9 -10 -7 0 0 -12 -6 -12 -7 -12 -6 -11 -5 -10 -7 -9 -6 -13 -5 -11 -5 -12 -4 -12 -3 -13 -3 -13 -3 -13 -3 -12 -4 -15 -3 -15 -2 -15 -3 -14 -3 -14 0 -17 -1 -15 0 -17 -3 -16 -1 -17 -3 -18 -2 -17 -4 0 0 0 0 0 0 0 0 0 0 ]
217,1782973919.094538,18.6945,-74,CSI_DATA,AP,98:F4:AB:29:67:94,-74,11,0,0,0,0,0,0,0,0,0,-96,0,6,1,104812044,0,84,0,0,105.195,128,[84 -64 4 0 0 0 0 0 0 0 0 0 14 4 9 0 11 2 10 0 13 0 10 -1 12 -2 11 0 11 -1 11 -1 11 -4 13 -6 14 -7 13 -5 14 -7 16 -9 15 -7 14 -6 12 -6 14 -6 15 -6 12 -10 14 -7 13 -7 17 -7 18 -6 0 0 15 -8 17 -9 16 -9 17 -10 16 -12 18 -13 16 -11 16 -12 18 -13 20 -11 19 -15 19 -14 20 -15 20 -11 25 -15 25 -16 27 -19 23 -16 26 -16 28 -18 32 -16 30 -19 33 -19 34 -17 33 -15 34 -17 0 0 0 0 0 0 0 0 0 0 ]
218,1782973919.354527,16.7777,-81,CSI_DATA,AP,98:F4:AB:29:67:94,-81,11,1,3,1,1,1,0,0,0,0,-96,0,6,1,105613969,0,84,0,0,105.997,384,[84 -64 4 0 0 0 0 0 0 0 0 0 -9 -10 -8 -10 -6 -11 -7 -9 -6 -10 -5 -8 -4 -10 -5 -10 -5 -9 -4 -8 -4 -8 -3 -8 -2 -6 -3 -7 -2 -7 -4 -6 -3 -6 -2 -7 -2 -6 -3 -7 -3 -6 -2 -4 -1 -5 -3 -6 -2 -7 -2 -6 0 0 -3 -6 -3 -4 -2 -4 -5 -2 -3 -3 -4 -5 -4 -4 -5 -4 -4 -3 -5 -5 -4 -5 -5 -3 -5 -3 -5 -3 -7 -2 -6 -1 -7 -3 -6 -3 -8 -7 -8 -2 -8 -4 -6 -4 -8 -5 -9 -3 -10 -2 -9 -3 0 0 0 0 0 0 0 0 0 0 ]
219,1782973919.618067,15.0644,-74,CSI_DATA,AP,98:F4:AB:29:67:94,-74,11,0,0,0,0,0,0,0,0,0,-96,0,6,1,105737511,0,84,0,0,106.121,128,[84 -64 4 0 0 0 0 0 0 0 0 0 -43 -2 -42 -1 -42 -6 -40 -3 -40 -2 -34 -5 -36 -4 -32 -6 -33 -7 -30 -5 -28 -6 -28 -6 -26 -6 -22 -2 -22 -4 -23 -3 -20 0 -18 1 -16 -1 -14 0 -15 -1 -16 0 -12 3 -13 3 -13 4 -11 7 0 0 -9 9 -13 9 -12 8 -12 11 -10 10 -8 9 -10 10 -9 10 -10 11 -10 9 -10 10 -11 10 -10 8 -8 8 -12 9 -9 10 -10 9 -9 8 -11 7 -9 7 -8 7 -7 7 -10 4 -10 3 -7 4 -7 4 0 0 0 0 0 0 0 0 0 0 ]
220,1782973919.871442,13.6168,-76,CSI_DATA,AP,98:F4:AB:29:67:94,-76,11,1,2,1,1,1,0,0,0,0,-96,0,6,1,105799007,0,84,0,0,106.182,384,[84 -64 4 0 0 0 0 0 0 0 0 0 -15 -28 -13 -26 -13 -24 -9 -23 -10 -24 -9 -22 -8 -23 -9 -22 -9 -22 -5 -21 -5 -20 -6 -21 -3 -19 -5 -18 -5 -15 -8 -18 -8 -15 -6 -15 -5 -14 -7 -11 -6 -13 -5 -13 -7 -12 -6 -10 -8 -12 -10 -11 0 0 -10 -10 -11 -10 -10 -12 -11 -8 -9 -7 -9 -10 -13 -11 -10 -9 -10 -10 -11 -9 -10 -9 -12 -8 -12 -9 -10 -10 -11 -9 -11 -9 -9 -10 -10 -8 -9 -7 -9 -7 -7 -7 -8 -6 -8 -7 -7 -7 -6 -6 -7 -6 0 0 0 0 0 0 0 0 0 0 ]
221,1782973920.131992,10.7337,-79,CSI_DATA,AP,98:F4:AB:29:67:94,-79,11,1,3,1,1,1,0,0,0,0,-96,0,6,1,105884280,0,84,0,0,106.267,384,[84 -64 4 0 0 0 0 0 0 0 0 0 -27 -13 -26 -11 -25 -12 -23 -12 -22 -11 -19 -12 -20 -11 -18 -11 -19 -11 -17 -11 -16 -13 -15 -13 -13 -10 -15 -10 -13 -8 -17 -9 -13 -8 -14 -8 -9 -8 -11 -6 -12 -6 -11 -5 -10 -4 -9 -5 -10 -3 -10 -2 0 0 -11 -2 -12 -2 -8 -1 -11 1 -10 -4 -8 -3 -7 0 -7 1 -2 1 -10 0 -6 1 -9 4 -5 1 -6 2 -7 1 -7 2 -5 2 -5 0 -4 2 -2 1 -6 3 -4 3 -4 1 -4 1 -2 4 -2 4 0 0 0 0 0 0 0 0 0 0 ]
222,1782973920.389251,4.2215,-84,CSI_DATA,AP,98:F4:AB:29:67:94,-84,11,1,3,1,1,1,0,0,0,0,-96,0,6,1,105974392,0,84,0,0,106.358,384,[84 -64 4 0 0 0 0 0 0 0 0 0 15 11 15 10 12 12 10 9 11 9 9 9 11 11 8 8 8 9 7 8 7 8 5 7 5 6 4 5 4 5 7 5 3 4 4 3 4 2 1 -1 2 3 2 1 1 -1 0 0 1 -1 1 -3 0 0 0 -2 0 -3 1 -4 2 -4 -1 0 0 -4 0 -4 0 -4 -2 -7 -2 -7 -4 -5 -2 -6 -3 -4 -2 -5 -1 -7 -4 -5 -4 -5 -4 -5 -5 -4 -4 -5 -5 -7 -8 -7 -5 -6 -5 -7 -7 -5 -5 -5 0 0 0 0 0 0 0 0 0 0 ]
223,1782973920.655236,6.6565,-70,CSI_DATA,AP,98:F4:AB:29:67:94,-70,11,0,0,0,0,0,0,0,0,0,-96,0,6,1,106252239,0,84,0,0,106.636,128,[84 -64 4 0 0 0 0 0 0 0 0 0 16 -18 15 -15 17 -16 16 -15 17 -15 16 -11 16 -11 16 -10 16 -10 16 -8 16 -8 15 -8 16 -7 15 -6 12 -6 15 -7 13 -6 12 -7 11 -5 11 -6 10 -4 11 -5 10 -5 9 -5 10 -6 8 -5 0 0 8 -6 9 -8 7 -6 8 -9 3 -7 7 -8 6 -8 12 -7 6 -8 7 -8 10 -10 4 -5 5 -7 7 -6 6 -11 5 -11 10 -9 2 -6 5 -10 9 -10 20 -24 2 -7 6 -12 35 -13 2 -12 0 -12 0 0 0 0 0 0 0 0 0 0 ]
224,1782973920.924258,12.5142,-67,CSI_DATA,AP,98:F4:AB:29:67:94,-67,11,0,0,0,0,0,0,0,0,0,-96,0,6,1,106339157,0,84,0,0,106.723,128,[84 -64 4 0 0 0 0 0 0 0 0 0 -25 5 -25 2 -25 0 -25 1 -25 -1 -22 -3 -22 -4 -21 -6 -22 -6 -19 -7 -21 -7 -21 -6 -21 -7 -20 -5 -17 -7 -20 -9 -18 -7 -17 -8 -15 -9 -15 -8 -16 -10 -16 -10 -15 -7 -16 -8 -16 -9 -15 -11 0 0 -15 -11 -16 -7 -16 -10 -16 -10 -14 -9 -14 -10 -14 -10 -12 -11 -13 -9 -13 -12 -12 -9 -10 -14 -13 -7 -16 -13 -13 -5 -14 -15 -27 -12 -14 -3 -9 -6 -7 -19 -9 -12 -9 -10 -14 -13 -15 -11 -16 -18 -16 -4 0 0 0 0 0 0 0 0 0 0 ]
225,1782973921.187259,13.8477,-65,CSI_DATA,AP,98:F4:AB:29:67:94,-65,11,0,0,0,0,0,0,0,0,0,-96,0,6,1,106428893,0,84,0,0,106.812,128,[84 -64 4 0 0 0 0 0 0 0 0 0 18 10 18 11 17 11 17 12 16 12 14 12 15 11 13 13 14 12 13 12 14 12 14 12 13 11 13 11 11 10 12 12 12 11 10 9 10 9 10 9 10 9 10 8 10 9 11 8 11 8 11 7 0 0 11 7 12 8 13 7 13 7 10 8 12 5 13 7 13 3 10 4 11 7 11 0 10 3 15 4 12 4 12 6 14 3 14 0 2 -1 12 2 9 9 21 -7 11 1 9 -3 27 -5 19 9 17 -1 0 0 0 0 0 0 0 0 0 0 ]
226,1782973921.448668,16.8565,-65,CSI_DATA,AP,98:F4:AB:29:67:94,-65,11,0,0,0,0,0,0,0,0,0,-96,0,6,1,106618537,0,84,0,0,107.002,128,[84 -64 4 0 0 0 0 0 0 0 0 0 16 11 15 11 16 12 16 12 15 11 13 12 14 12 13 12 14 12 13 12 14 12 15 12 15 12 15 10 13 10 15 11 14 11 13 10 12 9 13 10 12 10 14 10 13 9 14 9 15 8 14 10 0 0 14 8 17 8 16 8 16 7 13 7 16 6 14 7 14 5 18 6 14 9 14 8 18 4 16 3 15 8 14 7 17 5 18 13 11 0 14 9 11 -3 16 -2 17 11 9 -3 8 -2 8 1 9 0 0 0 0 0 0 0 0 0 0 0 ]
