packet_idx,epoch_s,sub30_amplitude,rssi_dbm,raw_line
1,1782976384.918762,9.0000,-67,CSI_DATA,AP,98:F4:AB:29:67:94,-67,11,0,0,0,0,0,0,0,0,0,-96,0,6,1,39879870,0,28,0,0,40.2633,128,[28 -64 1 0 0 0 0 0 0 0 0 0 0 14 -1 14 -1 15 -1 15 -3 13 -3 13 -3 12 -3 13 -3 11 -3 11 -2 12 -2 11 -3 11 -2 11 -3 10 -2 11 -2 10 -2 9 -2 9 -2 8 -2 9 -2 8 -1 7 0 9 0 9 -1 9 0 0 0 8 1 8 1 8 1 8 1 8 1 7 1 8 0 7 2 7 1 8 1 8 2 7 2 7 2 7 1 7 2 7 2 5 2 5 3 6 2 6 2 5 2 6 3 5 2 5 2 5 3 5 0 0 0 0 0 0 0 0 0 0 ]
2,1782976384.950769,11.0454,-66,CSI_DATA,AP,98:F4:AB:29:67:94,-66,11,0,0,0,0,0,0,0,0,0,-96,0,6,1,39911879,0,157,0,0,40.2948,128,[-99 -48 9 0 0 0 0 0 0 0 0 0 5 20 3 19 2 19 3 19 2 18 0 17 0 18 -2 17 0 17 -1 16 0 17 0 16 0 16 1 14 0 13 0 16 0 13 1 13 0 12 0 12 0 12 1 12 0 10 2 12 1 11 1 11 0 0 2 10 3 11 4 11 4 11 4 9 3 10 3 9 3 9 4 9 4 10 4 10 4 9 5 8 4 8 4 8 4 8 5 7 5 7 4 7 5 6 4 6 4 7 4 6 5 6 5 5 5 4 0 0 0 0 0 0 0 0 0 0 ]
3,1782976384.998807,21.9545,-67,CSI_DATA,AP,98:F4:AB:29:67:94,-67,11,0,0,0,0,0,0,0,0,0,-96,0,6,1,39953147,0,135,0,0,40.3364,128,[-121 112 8 0 0 0 0 0 0 0 0 0 -33 -15 -28 -16 -32 -17 -31 -16 -29 -18 -23 -17 -25 -19 -23 -19 -24 -18 -22 -20 -23 -18 -23 -18 -20 -18 -21 -16 -17 -14 -22 -16 -18 -14 -21 -14 -17 -12 -17 -13 -17 -13 -18 -11 -16 -11 -18 -11 -19 -11 -17 -10 0 0 -18 -10 -20 -9 -18 -8 -20 -7 -17 -6 -17 -6 -18 -7 -17 -7 -19 -5 -19 -7 -19 -6 -17 -6 -19 -4 -16 -6 -18 -5 -18 -4 -18 -4 -15 -3 -17 -4 -16 -3 -16 -3 -16 -2 -16 -2 -16 -2 -15 -2 -14 -1 0 0 0 0 0 0 0 0 0 0 ]
4,1782976385.508623,20.8087,-69,CSI_DATA,AP,98:F4:AB:29:67:94,-69,11,0,0,0,0,0,0,0,0,0,-96,0,6,1,40466318,0,390,0,0,40.85,128,[-122 -31 23 0 0 0 0 0 0 0 0 0 -20 33 -21 31 -23 31 -22 31 -23 28 -22 24 -24 24 -24 20 -24 23 -23 20 -22 22 -21 22 -20 19 -19 20 -18 18 -19 20 -17 18 -16 16 -16 17 -15 16 -15 14 -13 16 -12 15 -10 16 -12 17 -10 16 0 0 -9 15 -8 16 -8 17 -7 16 -6 13 -5 14 -6 15 -4 15 -3 16 -4 13 -4 16 -4 15 -1 17 -2 13 -1 13 -1 12 0 15 0 14 0 13 1 13 0 13 3 13 1 12 3 14 4 12 3 11 0 0 0 0 0 0 0 0 0 0 ]
5,1782976385.559500,19.4165,-69,CSI_DATA,AP,98:F4:AB:29:67:94,-69,11,0,0,0,0,0,0,0,0,0,-96,0,6,1,40515557,0,390,0,0,40.899,128,[-122 -31 23 0 0 0 0 0 0 0 0 0 8 -38 9 -36 9 -38 10 -35 11 -35 10 -31 12 -32 12 -29 12 -31 14 -29 14 -29 11 -26 14 -25 12 -24 10 -22 12 -26 9 -22 7 -21 7 -19 7 -21 7 -18 6 -20 5 -18 5 -18 4 -19 5 -17 0 0 3 -16 1 -18 2 -17 0 -18 -1 -13 -1 -15 -2 -16 -2 -15 -4 -15 -3 -15 -4 -16 -2 -13 -5 -13 -3 -13 -5 -12 -7 -13 -7 -13 -6 -12 -7 -10 -8 -11 -8 -11 -9 -11 -7 -11 -10 -12 -8 -11 -7 -10 0 0 0 0 0 0 0 0 0 0 ]
6,1782976385.683289,18.7883,-69,CSI_DATA,AP,98:F4:AB:29:67:94,-69,11,0,0,0,0,0,0,0,0,0,-96,0,6,1,40644585,0,82,0,0,41.0277,128,[82 -96 4 0 0 0 0 0 0 0 0 0 -15 36 -15 31 -17 36 -15 32 -17 34 -15 28 -18 29 -18 24 -18 26 -19 25 -18 23 -20 24 -17 22 -16 22 -15 18 -16 23 -12 19 -12 19 -12 16 -11 17 -10 15 -9 17 -11 17 -7 16 -8 17 -8 15 0 0 -5 14 -5 16 -2 16 -2 17 -1 13 -1 15 0 14 0 14 2 15 0 15 1 16 0 13 3 12 2 12 3 14 5 11 6 13 5 11 6 11 6 11 7 11 8 11 7 11 7 11 7 10 6 9 0 0 0 0 0 0 0 0 0 0 ]
7,1782976385.906800,27.5136,-73,CSI_DATA,AP,BC:D2:2C:1C:F0:6B,-73,11,0,0,0,0,0,0,0,0,0,-96,0,6,1,40866787,0,135,0,0,41.2501,128,[-121 112 8 0 0 0 0 0 0 0 0 0 -15 10 -14 8 -16 11 -15 8 -15 8 -15 7 -16 7 -15 8 -17 8 -19 9 -21 9 -24 9 -22 10 -25 11 -23 11 -25 9 -23 10 -25 9 -24 7 -25 7 -23 9 -24 7 -24 8 -26 8 -26 9 -26 10 0 0 -26 7 -26 8 -26 8 -26 8 -24 6 -26 9 -26 7 -24 7 -27 8 -26 8 -26 7 -23 7 -23 10 -24 9 -21 6 -22 7 -20 7 -18 7 -18 6 -18 6 -16 6 -17 7 -16 6 -17 8 -15 6 -16 8 0 0 0 0 0 0 0 0 0 0 ]
8,1782976386.002517,15.8114,-69,CSI_DATA,AP,98:F4:AB:29:67:94,-69,11,0,0,0,0,0,0,0,0,0,-96,0,6,1,40960875,0,82,0,0,41.344,128,[82 -96 4 0 0 0 0 0 0 0 0 0 25 19 23 20 23 21 22 21 20 20 17 19 16 21 14 21 16 21 14 18 16 19 16 18 15 18 16 18 14 17 16 17 13 15 12 14 10 13 12 14 10 13 11 12 11 11 13 9 13 9 12 9 0 0 12 8 14 8 14 7 13 6 12 5 13 5 13 5 13 4 13 4 12 3 14 4 11 2 13 2 12 2 12 1 12 1 12 0 11 0 11 0 11 0 11 0 11 -2 10 -1 10 -2 9 -2 10 -1 0 0 0 0 0 0 0 0 0 0 ]
9,1782976386.497306,14.1421,-74,CSI_DATA,AP,98:F4:AB:29:67:94,-74,11,1,4,1,1,1,0,0,0,0,-96,0,6,1,41461080,0,82,0,0,41.8441,384,[82 -96 4 0 0 0 0 0 0 0 0 0 29 -5 25 -4 29 -3 24 -3 27 -3 23 -1 26 -1 25 0 27 1 26 1 23 1 23 1 21 1 21 1 18 2 21 0 18 0 18 2 16 0 17 0 15 1 15 -2 17 0 15 -2 14 -2 13 -3 0 0 15 -4 13 -4 12 -5 13 -7 12 -4 11 -5 11 -6 10 -7 12 -8 13 -8 11 -7 12 -7 10 -7 9 -7 13 -9 10 -8 11 -7 7 -8 8 -8 8 -8 9 -7 7 -9 9 -10 6 -9 8 -8 5 -9 0 0 0 0 0 0 0 0 0 0 ]
10,1782976386.672292,12.7279,-74,CSI_DATA,AP,98:F4:AB:29:67:94,-74,11,1,4,1,1,1,0,0,0,0,-96,0,6,1,41638662,0,82,0,0,42.0217,384,[82 -96 4 0 0 0 0 0 0 0 0 0 20 19 16 19 17 18 16 18 16 19 13 19 13 21 12 21 11 20 11 19 13 19 9 17 10 17 10 18 10 15 9 15 8 14 8 15 9 13 8 12 7 12 9 12 9 11 9 11 9 9 9 11 0 0 8 10 11 7 10 9 11 8 10 7 10 7 9 8 12 7 12 6 12 7 14 5 11 6 11 4 11 4 11 6 11 3 11 4 11 4 11 4 11 3 12 2 11 2 11 3 10 1 12 4 9 2 0 0 0 0 0 0 0 0 0 0 ]
11,1782976386.897802,11.1694,-74,CSI_DATA,AP,98:F4:AB:29:67:94,-74,11,1,4,1,1,1,0,0,0,0,-96,0,6,1,41858691,0,82,0,0,42.2417,384,[82 -96 4 0 0 0 0 0 0 0 0 0 -26 6 -26 7 -26 5 -21 3 -26 3 -24 1 -24 4 -24 1 -23 -1 -24 -1 -21 1 -21 1 -22 0 -20 -2 -19 0 -20 0 -18 -1 -18 0 -17 0 -16 -2 -16 0 -15 0 -16 2 -14 2 -15 2 -15 3 0 0 -14 4 -14 3 -14 3 -15 6 -13 4 -14 4 -14 4 -13 5 -14 5 -15 8 -13 7 -12 7 -13 6 -12 6 -12 6 -11 7 -12 8 -12 6 -12 8 -11 8 -12 7 -10 8 -12 7 -11 8 -10 8 -9 8 0 0 0 0 0 0 0 0 0 0 ]
12,1782976386.952207,13.4637,-67,CSI_DATA,AP,98:F4:AB:29:67:94,-67,11,0,0,0,0,0,0,0,0,0,-96,0,6,1,41898739,0,37,0,0,42.2819,128,[37 80 2 0 0 0 0 0 0 0 0 0 -29 -13 -27 -13 -29 -15 -27 -14 -25 -16 -23 -15 -23 -16 -21 -15 -22 -15 -21 -16 -20 -16 -20 -16 -20 -17 -19 -15 -17 -13 -19 -15 -16 -13 -15 -12 -14 -10 -15 -11 -14 -10 -15 -11 -14 -9 -15 -9 -16 -8 -15 -7 0 0 -15 -5 -17 -6 -15 -5 -17 -4 -15 -4 -14 -3 -16 -2 -15 -2 -17 -1 -16 -2 -17 -1 -15 -1 -16 0 -15 -1 -16 0 -15 0 -16 0 -14 1 -14 1 -14 2 -14 2 -14 3 -15 3 -14 1 -14 2 -14 4 0 0 0 0 0 0 0 0 0 0 ]
13,1782976386.993464,17.5163,-65,CSI_DATA,AP,98:F4:AB:29:67:94,-65,11,0,0,0,0,0,0,0,0,0,-96,0,6,1,41945090,0,37,0,0,42.328,128,[37 80 2 0 0 0 0 0 0 0 0 0 -15 29 -15 27 -17 29 -17 28 -16 26 -18 24 -18 23 -20 21 -19 22 -19 20 -19 22 -18 21 -18 20 -17 21 -16 18 -17 20 -15 17 -14 17 -14 16 -14 16 -13 14 -13 16 -11 14 -10 17 -10 17 -11 16 0 0 -9 16 -8 18 -8 18 -5 17 -5 16 -6 16 -6 16 -5 16 -3 17 -5 17 -4 18 -3 16 -1 17 -2 16 -2 17 -2 16 -1 16 0 15 -1 15 0 14 -1 16 1 15 0 15 2 16 3 14 1 14 0 0 0 0 0 0 0 0 0 0 ]
14,1782976387.043279,17.8313,-71,CSI_DATA,AP,98:F4:AB:29:67:94,-71,11,1,4,1,1,1,0,0,0,0,-96,0,6,1,41949369,0,84,0,0,42.3625,384,[84 -64 4 0 0 0 0 0 0 0 0 0 -17 -23 -14 -23 -17 -24 -13 -21 -13 -23 -12 -22 -11 -24 -10 -22 -11 -23 -9 -23 -9 -23 -8 -24 -8 -21 -8 -21 -8 -18 -8 -22 -7 -18 -7 -18 -7 -17 -7 -16 -6 -16 -8 -16 -7 -16 -8 -14 -8 -15 -6 -15 0 0 -9 -14 -10 -14 -11 -13 -11 -12 -9 -11 -9 -11 -10 -11 -10 -11 -10 -11 -12 -12 -12 -10 -9 -10 -11 -8 -11 -8 -12 -9 -12 -7 -12 -8 -12 -7 -12 -7 -13 -6 -12 -5 -10 -6 -13 -7 -12 -5 -11 -6 -12 -6 0 0 0 0 0 0 0 0 0 0 ]
15,1782976387.081562,17.6591,-71,CSI_DATA,AP,98:F4:AB:29:67:94,-71,11,1,4,1,1,1,0,0,0,0,-96,0,6,1,41954365,0,84,0,0,42.4085,384,[84 -64 4 0 0 0 0 0 0 0 0 0 -31 -6 -28 -8 -30 -5 -26 -7 -26 -7 -25 -9 -28 -11 -26 -11 -25 -11 -24 -12 -24 -12 -24 -13 -22 -11 -23 -10 -20 -12 -22 -11 -18 -9 -18 -9 -15 -9 -20 -12 -18 -11 -19 -8 -15 -8 -18 -9 -15 -6 -16 -6 0 0 -17 -6 -16 -4 -19 -4 -18 -7 -14 -7 -22 0 -20 -5 -16 1 -17 -4 -19 -4 -18 -2 -15 -2 -14 2 -15 1 -15 2 -14 2 -15 2 -15 2 -15 4 -16 4 -14 2 -14 4 -14 5 -15 4 -14 2 -15 2 0 0 0 0 0 0 0 0 0 0 ]
16,1782976387.128930,19.0886,-72,CSI_DATA,AP,98:F4:AB:29:67:94,-72,11,0,0,0,0,0,0,0,0,0,-96,0,6,1,42053694,0,84,0,0,42.4529,128,[84 -64 4 0 0 0 0 0 0 0 0 0 -34 9 -32 9 -37 8 -32 8 -35 7 -30 5 -33 7 -28 4 -31 3 -30 2 -30 2 -30 2 -29 0 -28 1 -25 0 -29 2 -24 2 -22 2 -21 2 -20 2 -20 1 -20 3 -17 3 -18 3 -18 4 -16 2 0 0 -15 5 -16 5 -13 6 -13 6 -11 7 -10 6 -10 7 -9 5 -8 9 -10 8 -8 9 -9 7 -6 8 -6 6 -6 8 -6 8 -4 8 -3 5 -1 7 1 8 1 9 1 8 0 10 1 9 1 9 2 8 0 0 0 0 0 0 0 0 0 0 ]
17,1782976387.215362,16.5960,-73,CSI_DATA,AP,98:F4:AB:29:67:94,-73,11,1,3,1,1,1,1,0,0,0,-96,1,6,1,42163375,0,84,0,0,42.5466,384,[84 -64 4 0 0 0 0 0 0 0 0 0 10 -17 11 -17 11 -17 11 -15 12 -17 12 -17 13 -15 12 -14 11 -15 11 -15 11 -15 12 -14 12 -14 12 -13 10 -13 13 -13 11 -12 11 -11 10 -10 10 -11 11 -10 10 -10 9 -10 8 -10 7 -10 7 -10 0 0 6 -10 7 -9 7 -9 5 -9 4 -7 4 -7 4 -9 4 -9 3 -7 3 -8 3 -9 3 -9 2 -6 2 -8 2 -6 2 -7 1 -7 1 -6 1 -5 -1 -6 -1 -6 -2 -6 -1 -5 -2 -6 -2 -5 -3 -4 0 0 0 0 0 0 0 0 0 0 ]
18,1782976387.281575,15.1670,-73,CSI_DATA,AP,98:F4:AB:29:67:94,-73,11,1,3,1,1,1,1,0,0,0,-96,1,6,1,42226580,0,84,0,0,42.6096,384,[84 -64 4 0 0 0 0 0 0 0 0 0 -21 -8 -21 -9 -22 -10 -19 -9 -21 -10 -20 -10 -18 -11 -19 -11 -20 -10 -17 -11 -18 -11 -17 -11 -16 -11 -16 -11 -15 -11 -17 -11 -15 -11 -15 -11 -13 -10 -14 -8 -12 -10 -13 -10 -13 -8 -12 -9 -14 -9 -12 -8 0 0 -12 -7 -12 -6 -11 -5 -12 -4 -10 -4 -10 -3 -11 -4 -11 -4 -11 -4 -12 -2 -12 -2 -10 -1 -9 -1 -8 -1 -10 1 -9 0 -9 -1 -8 0 -8 1 -8 1 -9 -1 -7 4 -7 1 -6 1 -6 2 -6 1 0 0 0 0 0 0 0 0 0 0 ]
19,1782976387.358876,12.9889,-74,CSI_DATA,AP,98:F4:AB:29:67:94,-74,11,1,4,1,1,1,1,0,0,0,-96,1,6,1,42316752,0,84,0,0,42.6998,384,[84 -64 4 0 0 0 0 0 0 0 0 0 22 0 19 4 21 1 18 2 19 4 18 3 18 4 18 4 18 4 18 5 16 5 17 6 15 5 15 5 14 3 17 3 14 2 14 4 12 3 14 1 12 3 12 1 12 3 11 2 13 1 13 2 0 0 12 -1 12 -1 11 0 13 -3 11 0 12 -2 11 -3 11 -3 11 -3 12 -4 11 -4 11 -3 10 -3 10 -4 10 -4 10 -4 9 -6 9 -4 8 -4 8 -6 8 -4 8 -5 8 -5 8 -6 9 -5 8 -6 0 0 0 0 0 0 0 0 0 0 ]
20,1782976387.467197,9.0081,-74,CSI_DATA,AP,98:F4:AB:29:67:94,-74,11,1,2,1,1,1,1,0,0,0,-96,1,6,1,42429180,0,84,0,0,42.8122,384,[84 -64 4 0 0 0 0 0 0 0 0 0 -4 23 -6 21 -5 22 -6 21 -6 20 -6 20 -9 18 -9 19 -9 19 -8 16 -6 17 -7 17 -6 16 -6 14 -6 13 -6 13 -6 13 -4 12 -3 10 -4 11 -3 11 -2 10 -2 9 -1 9 -1 8 0 9 0 0 0 7 2 8 3 6 3 7 3 6 3 6 3 7 3 6 4 4 6 5 4 4 4 4 5 4 5 4 6 4 6 2 5 4 6 2 5 2 6 2 7 3 5 1 5 1 6 0 6 0 6 0 0 0 0 0 0 0 0 0 0 0 ]
21,1782976387.542154,8.0859,-74,CSI_DATA,AP,98:F4:AB:29:67:94,-74,11,1,1,1,1,1,1,0,0,0,-96,1,6,1,42500719,0,84,0,0,42.8837,384,[84 -64 4 0 0 0 0 0 0 0 0 0 13 -22 12 -21 12 -18 11 -20 11 -19 12 -16 14 -16 15 -15 13 -17 13 -15 13 -16 11 -16 11 -12 11 -14 10 -12 11 -13 9 -12 9 -10 8 -10 8 -10 8 -8 7 -9 6 -9 5 -9 3 -9 4 -9 0 0 3 -8 2 -9 2 -8 1 -8 1 -8 0 -7 0 -8 0 -8 -1 -8 -2 -8 -3 -8 -1 -8 -2 -8 -3 -6 -4 -7 -4 -5 -3 -6 -5 -5 -4 -7 -5 -6 -3 -5 -5 -4 -6 -5 -5 -5 -6 -4 -5 -5 0 0 0 0 0 0 0 0 0 0 ]
22,1782976387.858160,7.0235,-78,CSI_DATA,AP,98:F4:AB:29:67:94,-78,11,1,3,1,1,1,1,0,0,0,-96,1,6,1,42587394,0,84,0,0,42.9704,384,[84 -64 4 0 0 0 0 0 0 0 0 0 -17 -7 -16 -7 -14 -7 -14 -8 -14 -8 -11 -7 -12 -9 -14 -9 -11 -7 -10 -10 -11 -9 -9 -8 -10 -7 -9 -8 -7 -6 -8 -6 -7 -6 -7 -6 -7 -5 -7 -4 -6 -3 -6 -4 -7 -2 -6 -3 -7 -3 -7 -1 0 0 -6 -1 -6 0 -6 1 -5 2 -6 1 -6 1 -6 3 -7 2 -7 3 -9 4 -7 4 -7 3 -6 3 -6 3 -8 6 -7 4 -8 4 -9 5 -9 5 -8 3 -9 5 -9 6 -8 6 -9 5 -9 6 -7 5 0 0 0 0 0 0 0 0 0 0 ]
23,1782976388.217977,4.5415,-78,CSI_DATA,AP,98:F4:AB:29:67:94,-78,11,1,1,1,1,1,1,0,0,0,-96,1,6,1,42682309,0,84,0,0,43.0654,384,[84 -64 4 0 0 0 0 0 0 0 0 0 -20 -8 -18 -8 -20 -8 -17 -7 -16 -9 -17 -9 -15 -7 -15 -7 -15 -9 -13 -9 -13 -8 -13 -8 -11 -7 -10 -7 -10 -7 -10 -7 -8 -6 -7 -4 -6 -5 -6 -3 -6 -4 -6 -2 -6 -2 -5 -1 -4 0 -3 -1 0 0 -3 1 -2 1 -2 2 0 3 0 3 0 4 0 4 1 5 2 5 1 7 2 6 2 7 3 5 3 6 4 6 4 6 4 6 5 7 5 6 5 6 7 7 5 7 7 7 6 7 6 6 6 6 0 0 0 0 0 0 0 0 0 0 ]
24,1782976388.535928,3.2331,-79,CSI_DATA,AP,98:F4:AB:29:67:94,-79,11,1,3,1,1,1,1,0,0,0,-96,1,6,1,42766018,0,84,0,0,43.149,384,[84 -64 4 0 0 0 0 0 0 0 0 0 -19 -13 -17 -12 -16 -11 -16 -12 -14 -12 -14 -9 -14 -11 -12 -11 -14 -11 -12 -12 -12 -10 -11 -11 -9 -12 -9 -7 -8 -9 -9 -9 -8 -6 -8 -8 -5 -3 -5 -4 -6 -3 -6 -3 -5 -4 -5 -3 -4 -2 -3 0 0 0 -3 1 -2 1 -2 2 -1 2 -1 4 -1 3 -1 5 -2 5 0 5 1 8 1 7 0 8 0 6 2 7 3 8 2 8 4 8 4 7 4 8 4 11 2 10 4 9 7 11 5 10 5 9 4 10 0 0 0 0 0 0 0 0 0 0 ]
25,1782976388.811530,2.9499,-79,CSI_DATA,AP,98:F4:AB:29:67:94,-79,11,1,2,1,1,1,1,0,0,0,-96,1,6,1,42857835,0,84,0,0,43.2409,384,[84 -64 4 0 0 0 0 0 0 0 0 0 -17 -5 -16 -5 -14 -5 -16 -5 -15 -5 -14 -6 -13 -5 -13 -8 -13 -7 -13 -8 -13 -6 -13 -7 -10 -7 -11 -7 -10 -6 -10 -6 -12 -6 -8 -5 -7 -3 -5 -5 -6 -4 -7 -3 -5 -1 -3 -4 -4 -1 -3 -2 0 0 -2 0 -1 1 -2 2 -2 1 -1 2 0 2 -1 2 0 1 0 3 2 4 2 3 1 3 2 3 3 4 3 4 4 3 4 4 3 3 6 5 5 4 6 5 7 4 7 4 7 5 7 4 7 4 0 0 0 0 0 0 0 0 0 0 ]
26,1782976389.054979,3.9236,-78,CSI_DATA,AP,98:F4:AB:29:67:94,-78,11,1,2,1,1,1,1,0,0,0,-96,1,6,1,42950488,0,84,0,0,43.3335,384,[84 -64 4 0 0 0 0 0 0 0 0 0 14 10 11 11 13 11 11 10 11 10 10 11 12 9 9 10 10 11 10 9 8 11 8 10 9 10 7 9 6 7 8 9 7 7 7 7 5 5 5 5 4 5 4 5 5 4 4 4 4 3 4 3 0 0 2 1 3 1 2 1 2 0 2 -1 1 -4 0 -2 0 -4 2 -3 2 -4 2 -3 0 -3 0 -4 0 -4 -2 -4 -2 -5 -3 -5 -5 -6 -2 -6 -3 -7 -5 -8 -5 -7 -4 -8 -6 -7 -4 -8 -5 -6 0 0 0 0 0 0 0 0 0 0 ]
27,1782976389.289299,3.1569,-80,CSI_DATA,AP,98:F4:AB:29:67:94,-80,11,1,3,1,1,1,1,0,0,0,-96,1,6,1,43037327,0,84,0,0,43.4204,384,[84 -64 4 0 0 0 0 0 0 0 0 0 8 10 7 10 6 9 8 11 9 11 6 10 6 10 5 11 6 10 6 11 5 9 4 10 4 8 4 10 2 7 3 8 3 8 4 5 2 7 3 7 3 6 2 6 1 5 2 4 0 3 3 3 0 0 2 2 2 1 2 -1 3 0 2 -2 2 -1 2 0 0 -2 2 -3 2 -2 1 -4 1 -3 0 -4 1 -3 1 -4 0 -6 0 -7 0 -7 -1 -7 0 -9 1 -9 0 -9 1 -9 -1 -8 0 -9 -1 -9 0 0 0 0 0 0 0 0 0 0 ]
28,1782976389.548752,3.2900,-83,CSI_DATA,AP,98:F4:AB:29:67:94,-83,11,1,3,1,1,1,1,0,0,0,-96,1,6,1,43136173,0,84,0,0,43.5192,384,[84 -64 4 0 0 0 0 0 0 0 0 0 10 7 6 5 9 5 8 6 8 5 8 5 7 4 8 4 8 4 6 5 7 4 5 4 6 3 6 3 5 4 5 3 4 3 3 3 4 2 3 3 2 1 2 2 1 3 0 3 1 2 0 2 0 0 1 1 -1 3 -1 1 -1 2 -2 2 -3 2 -4 2 -3 2 -4 3 -5 2 -4 3 -4 3 -3 3 -2 5 -3 6 -2 6 -4 7 -3 7 -4 7 -3 7 -4 8 -3 8 -4 8 -3 7 -3 9 -3 7 0 0 0 0 0 0 0 0 0 0 ]
29,1782976389.811060,3.9028,-79,CSI_DATA,AP,98:F4:AB:29:67:94,-79,11,1,0,1,1,1,1,0,0,0,-96,1,6,1,43230453,0,84,0,0,43.6136,384,[84 -64 4 0 0 0 0 0 0 0 0 0 -8 -9 -10 -9 -9 -10 -11 -7 -8 -8 -7 -8 -6 -9 -6 -9 -6 -9 -6 -8 -7 -7 -6 -7 -6 -7 -6 -6 -4 -6 -6 -7 -5 -7 -4 -5 -3 -4 -2 -5 -2 -5 -2 -4 -2 -4 -2 -3 -2 -4 -1 -4 0 0 -1 -2 0 -3 1 -1 1 -4 1 -2 2 -3 2 -2 2 -2 3 -2 3 -4 2 -2 2 -2 3 -4 3 -3 3 -4 4 -5 3 -5 2 -6 3 -6 3 -6 5 -7 5 -6 4 -6 5 -6 3 -6 3 -7 0 0 0 0 0 0 0 0 0 0 ]
30,1782976390.045141,4.2817,-79,CSI_DATA,AP,98:F4:AB:29:67:94,-79,11,1,0,1,1,1,1,0,0,0,-96,1,6,1,43313975,0,84,0,0,43.697,384,[84 -64 4 0 0 0 0 0 0 0 0 0 13 6 9 7 12 6 11 7 9 5 9 7 10 6 10 6 8 5 9 6 9 5 9 3 9 4 8 2 7 3 9 2 8 4 6 3 5 2 5 2 5 1 4 1 4 1 4 1 4 2 3 1 0 0 3 0 3 -1 2 1 1 1 1 0 0 1 0 0 -1 1 0 0 -1 1 0 1 -1 0 1 1 1 1 0 1 -1 2 0 1 1 2 1 3 0 4 1 4 1 3 1 2 1 4 1 3 2 3 0 0 0 0 0 0 0 0 0 0 ]
31,1782976390.284161,5.0307,-78,CSI_DATA,AP,98:F4:AB:29:67:94,-78,11,1,1,1,1,1,1,0,0,0,-96,1,6,1,43399527,0,84,0,0,43.7827,384,[84 -64 4 0 0 0 0 0 0 0 0 0 -19 -1 -16 0 -18 1 -17 -1 -15 0 -15 0 -16 -2 -15 -1 -16 -2 -13 -2 -14 -3 -15 -3 -12 -3 -13 -1 -12 0 -12 -1 -12 -1 -11 -2 -9 -2 -10 -2 -9 0 -9 0 -8 0 -8 -1 -7 0 -7 -1 0 0 -7 0 -6 0 -5 1 -5 1 -4 0 -4 2 -5 2 -3 1 -3 0 -5 1 -3 1 -3 1 -2 0 -2 0 -1 2 0 0 0 -2 0 0 0 0 2 0 1 -1 2 -1 2 -2 2 1 2 0 2 -1 0 0 0 0 0 0 0 0 0 0 ]
32,1782976390.528812,8.1300,-77,CSI_DATA,AP,98:F4:AB:29:67:94,-77,11,1,4,1,1,1,1,0,0,0,-96,1,6,1,43483133,0,84,0,0,43.8663,384,[84 -64 4 0 0 0 0 0 0 0 0 0 -18 -10 -17 -11 -16 -10 -16 -11 -15 -13 -15 -10 -15 -14 -15 -11 -14 -13 -13 -13 -11 -14 -11 -11 -10 -11 -10 -12 -10 -12 -10 -9 -9 -10 -9 -7 -9 -8 -7 -6 -9 -5 -8 -6 -9 -5 -8 -5 -9 -4 -10 -4 0 0 -9 -1 -7 -2 -10 -1 -8 1 -10 -2 -10 -1 -11 -1 -12 -1 -11 0 -12 -1 -12 2 -10 1 -11 2 -10 1 -10 2 -11 1 -10 3 -11 3 -11 3 -12 5 -13 5 -13 6 -13 4 -10 4 -14 5 -12 4 0 0 0 0 0 0 0 0 0 0 ]
33,1782976390.761801,10.1421,-75,CSI_DATA,AP,98:F4:AB:29:67:94,-75,11,1,3,1,1,1,1,0,0,0,-96,1,6,1,43572919,0,84,0,0,43.956,384,[84 -64 4 0 0 0 0 0 0 0 0 0 -7 -22 -7 -21 -6 -23 -7 -19 -5 -19 -4 -20 -2 -18 -2 -19 -4 -20 -1 -18 -1 -16 -2 -18 -1 -15 -1 -15 -3 -12 -1 -17 -3 -12 -3 -14 -1 -11 -4 -11 -3 -12 -3 -12 -4 -10 -3 -10 -5 -9 -6 -10 0 0 -7 -9 -6 -9 -7 -10 -7 -8 -10 -8 -10 -9 -9 -10 -8 -9 -10 -10 -11 -11 -10 -10 -9 -10 -11 -10 -9 -9 -12 -9 -11 -8 -11 -10 -11 -9 -12 -11 -14 -10 -12 -9 -14 -12 -12 -11 -14 -12 -12 -10 -12 -11 0 0 0 0 0 0 0 0 0 0 ]
34,1782976390.993682,11.4031,-75,CSI_DATA,AP,98:F4:AB:29:67:94,-75,11,1,3,1,1,1,0,0,0,0,-96,0,6,1,43639625,0,82,0,0,44.0227,384,[82 -96 4 0 0 0 0 0 0 0 0 0 24 1 23 3 22 4 21 3 20 3 20 4 19 6 17 5 18 6 17 6 17 6 14 6 15 6 14 5 13 6 14 6 13 4 11 5 10 2 11 3 11 4 10 2 9 2 9 2 10 1 9 -1 0 0 9 0 9 0 8 -1 8 -4 6 -2 9 -3 8 -3 8 -5 9 -3 7 -4 8 -5 8 -6 9 -5 8 -6 7 -7 7 -7 7 -6 6 -6 8 -8 8 -8 8 -8 9 -7 8 -6 8 -7 8 -9 7 -8 0 0 0 0 0 0 0 0 0 0 ]
35,1782976391.239683,12.1600,-75,CSI_DATA,AP,98:F4:AB:29:67:94,-75,11,1,3,1,1,1,1,0,0,0,-96,1,6,1,43662505,0,84,0,0,44.0491,384,[84 -64 4 0 0 0 0 0 0 0 0 0 -24 -7 -22 -9 -24 -10 -21 -10 -20 -9 -21 -8 -19 -8 -20 -10 -19 -10 -18 -11 -18 -12 -15 -12 -15 -9 -16 -10 -14 -9 -14 -7 -13 -8 -13 -7 -12 -6 -13 -6 -13 -6 -12 -5 -11 -4 -10 -4 -10 -4 -10 -4 0 0 -9 -2 -10 -1 -9 0 -9 1 -10 1 -10 2 -10 2 -9 4 -10 4 -10 5 -10 3 -8 4 -8 4 -8 5 -8 5 -8 5 -10 6 -9 6 -8 7 -8 7 -7 7 -8 7 -8 8 -7 9 -7 9 -6 8 0 0 0 0 0 0 0 0 0 0 ]
36,1782976391.545738,11.7798,-72,CSI_DATA,AP,98:F4:AB:29:67:94,-72,11,1,3,1,1,1,1,0,0,0,-96,1,6,1,43754181,0,84,0,0,44.1372,384,[84 -64 4 0 0 0 0 0 0 0 0 0 -20 18 -19 16 -20 17 -20 15 -21 15 -19 13 -20 12 -22 11 -21 12 -20 10 -20 10 -19 8 -20 8 -18 8 -17 7 -19 9 -16 8 -17 8 -14 8 -14 6 -13 6 -12 7 -14 7 -12 7 -12 7 -12 7 0 0 -10 7 -10 8 -9 8 -8 10 -8 7 -8 9 -7 9 -7 8 -7 10 -7 9 -6 9 -5 9 -5 8 -4 8 -4 10 -4 8 -3 9 -4 9 -2 9 -1 9 -2 10 -1 9 -1 9 -1 9 0 9 1 8 0 0 0 0 0 0 0 0 0 0 ]
37,1782976391.797641,10.9189,-72,CSI_DATA,AP,98:F4:AB:29:67:94,-72,11,1,3,1,1,1,1,0,0,0,-96,1,6,1,43844438,0,84,0,0,44.2275,384,[84 -64 4 0 0 0 0 0 0 0 0 0 -7 29 -8 26 -10 28 -10 25 -11 26 -11 24 -13 24 -12 23 -12 23 -13 24 -13 22 -12 21 -12 20 -11 19 -12 17 -12 20 -11 19 -12 19 -10 16 -9 17 -9 15 -10 14 -9 15 -7 14 -6 15 -6 15 0 0 -6 14 -4 15 -5 14 -3 14 -4 12 -2 14 -2 14 0 13 -1 14 0 14 -1 13 0 12 1 13 2 12 1 13 2 11 2 11 3 11 2 11 4 11 4 10 3 10 5 10 5 9 5 10 4 9 0 0 0 0 0 0 0 0 0 0 ]
38,1782976392.035331,10.4927,-72,CSI_DATA,AP,98:F4:AB:29:67:94,-72,11,1,4,1,1,1,1,0,0,0,-96,1,6,1,43933925,0,84,0,0,44.317,384,[84 -64 4 0 0 0 0 0 0 0 0 0 -29 9 -28 7 -29 7 -28 5 -27 4 -27 3 -28 3 -26 1 -25 1 -26 1 -25 1 -24 0 -23 -1 -23 -1 -22 -1 -23 0 -21 -1 -20 -1 -19 -1 -18 0 -18 0 -17 1 -18 0 -17 0 -16 1 -16 2 0 0 -17 2 -15 2 -15 4 -14 3 -13 4 -13 5 -14 5 -13 6 -13 5 -15 7 -13 8 -13 7 -11 8 -12 7 -12 8 -11 9 -10 7 -9 8 -10 10 -10 9 -10 10 -9 12 -10 10 -10 12 -9 11 -7 11 0 0 0 0 0 0 0 0 0 0 ]
39,1782976392.261318,12.4001,-72,CSI_DATA,AP,98:F4:AB:29:67:94,-72,11,1,4,1,1,1,1,0,0,0,-96,1,6,1,44023846,0,84,0,0,44.4069,384,[84 -64 4 0 0 0 0 0 0 0 0 0 -22 18 -21 16 -22 16 -21 15 -23 14 -23 14 -23 12 -23 10 -23 11 -22 9 -22 8 -21 8 -21 7 -22 8 -19 7 -19 8 -18 8 -18 6 -18 5 -16 8 -16 7 -16 7 -15 7 -14 6 -13 6 -13 8 0 0 -12 9 -12 8 -11 7 -12 9 -10 8 -9 10 -9 11 -10 9 -8 10 -9 10 -8 10 -9 9 -8 11 -8 12 -7 11 -6 13 -7 12 -7 12 -6 11 -5 14 -6 13 -5 14 -5 12 -5 13 -4 13 -3 11 0 0 0 0 0 0 0 0 0 0 ]
40,1782976392.498675,12.2297,-73,CSI_DATA,AP,98:F4:AB:29:67:94,-73,11,1,4,1,1,1,1,0,0,0,-96,1,6,1,44112978,0,84,0,0,44.496,384,[84 -64 4 0 0 0 0 0 0 0 0 0 18 -19 18 -17 20 -17 16 -14 19 -15 18 -15 20 -14 19 -12 19 -13 19 -10 21 -11 18 -10 18 -9 16 -10 16 -8 18 -11 16 -10 15 -11 13 -7 14 -9 13 -8 12 -8 13 -8 11 -7 10 -7 10 -9 0 0 9 -9 10 -11 7 -9 7 -12 6 -8 6 -11 7 -10 5 -11 6 -10 6 -11 4 -11 3 -10 4 -12 3 -10 3 -13 2 -10 2 -12 1 -11 1 -12 -1 -12 0 -11 0 -12 0 -10 -1 -13 0 -11 -1 -13 0 0 0 0 0 0 0 0 0 0 ]
41,1782976392.744261,11.4271,-74,CSI_DATA,AP,98:F4:AB:29:67:94,-74,11,1,4,1,1,1,1,0,0,0,-96,1,6,1,44198576,0,84,0,0,44.5817,384,[84 -64 4 0 0 0 0 0 0 0 0 0 13 21 10 20 9 22 9 20 8 21 8 21 6 22 6 21 6 21 5 20 5 18 5 19 5 18 3 18 5 16 5 16 3 16 3 14 4 12 3 12 4 12 4 12 4 11 6 11 4 10 5 10 0 0 5 7 6 9 6 9 7 7 6 7 5 8 6 8 8 5 6 7 9 7 8 5 8 5 8 3 10 3 8 2 9 3 10 2 10 1 10 1 8 -1 9 1 10 0 9 0 10 -1 9 -1 9 0 0 0 0 0 0 0 0 0 0 0 ]
42,1782976392.990829,12.6818,-73,CSI_DATA,AP,98:F4:AB:29:67:94,-73,11,1,4,1,1,1,1,0,0,0,-96,1,6,1,44295954,0,84,0,0,44.679,384,[84 -64 4 0 0 0 0 0 0 0 0 0 26 -3 25 -2 25 -3 24 -2 24 0 24 1 24 0 23 4 22 3 21 3 21 1 20 3 19 3 20 4 18 3 16 4 18 4 16 2 13 3 17 1 15 2 15 2 13 0 14 1 13 0 13 0 0 0 14 -3 14 -3 14 -3 15 -3 13 -4 14 -3 13 -2 14 -4 14 -4 15 -6 14 -7 14 -5 14 -6 14 -5 15 -7 14 -7 14 -8 14 -8 14 -7 15 -7 15 -9 13 -8 15 -7 14 -9 14 -8 12 -9 0 0 0 0 0 0 0 0 0 0 ]
43,1782976393.268949,13.0901,-72,CSI_DATA,AP,98:F4:AB:29:67:94,-72,11,1,3,1,1,1,1,0,0,0,-96,1,6,1,44385863,0,84,0,0,44.7689,384,[84 -64 4 0 0 0 0 0 0 0 0 0 25 0 23 2 24 2 22 4 22 4 21 4 21 5 19 5 21 5 19 7 19 6 19 6 18 6 18 6 15 6 16 6 14 5 15 4 14 4 13 4 15 3 13 1 15 2 13 2 13 2 12 1 0 0 14 -1 14 0 14 -2 14 -4 13 -3 15 -4 14 -5 14 -5 13 -4 15 -4 17 -5 14 -5 14 -6 14 -7 16 -7 13 -7 15 -7 15 -8 14 -7 16 -8 15 -7 13 -9 16 -8 15 -9 17 -8 14 -7 0 0 0 0 0 0 0 0 0 0 ]
44,1782976393.599047,12.5764,-73,CSI_DATA,AP,98:F4:AB:29:67:94,-73,11,1,4,1,1,1,1,0,0,0,-96,1,6,1,44472705,0,84,0,0,44.8558,384,[84 -64 4 0 0 0 0 0 0 0 0 0 20 -12 19 -11 21 -10 19 -8 21 -7 19 -7 19 -7 20 -7 18 -5 19 -4 18 -5 19 -4 17 -3 16 -3 14 -4 18 -4 15 -3 14 -4 14 -4 13 -4 12 -2 12 -5 12 -5 11 -6 11 -5 11 -6 0 0 10 -8 10 -9 10 -7 9 -10 8 -8 9 -10 9 -10 8 -11 10 -12 9 -12 9 -11 9 -11 7 -12 7 -11 8 -14 7 -13 7 -13 7 -12 7 -14 7 -15 7 -15 7 -15 8 -14 7 -15 7 -14 7 -14 0 0 0 0 0 0 0 0 0 0 ]
45,1782976393.879279,11.8063,-72,CSI_DATA,AP,98:F4:AB:29:67:94,-72,11,1,2,1,1,1,1,0,0,0,-96,1,6,1,44566098,0,84,0,0,44.9491,384,[84 -64 4 0 0 0 0 0 0 0 0 0 -3 23 -4 19 -4 20 -5 20 -6 21 -5 19 -7 20 -8 18 -7 17 -6 17 -10 17 -9 18 -7 15 -9 15 -6 14 -8 16 -7 13 -7 13 -6 12 -5 12 -5 12 -4 11 -4 12 -4 10 -3 11 -3 10 0 0 -2 10 -1 11 -1 10 0 10 -1 10 0 9 0 11 1 9 1 8 1 11 3 11 3 9 2 9 3 9 4 10 4 8 5 8 4 8 5 8 6 8 6 9 5 8 5 8 7 9 5 6 5 7 0 0 0 0 0 0 0 0 0 0 ]
46,1782976394.187094,11.5284,-75,CSI_DATA,AP,98:F4:AB:29:67:94,-75,11,1,3,1,1,1,1,0,0,0,-96,1,6,1,44655256,0,84,0,0,45.0382,384,[84 -64 4 0 0 0 0 0 0 0 0 0 -18 -11 -18 -10 -19 -11 -17 -11 -16 -12 -15 -11 -16 -13 -16 -12 -14 -13 -14 -14 -15 -12 -12 -13 -13 -13 -14 -14 -12 -11 -12 -11 -11 -10 -10 -11 -11 -8 -10 -10 -11 -9 -9 -11 -9 -8 -9 -6 -9 -8 -10 -8 0 0 -9 -6 -10 -4 -9 -5 -8 -5 -8 -4 -9 -4 -7 -3 -10 -2 -9 -2 -10 -2 -9 -1 -8 -1 -9 0 -10 0 -9 0 -9 1 -8 2 -7 2 -8 2 -8 2 -7 3 -9 4 -7 3 -9 5 -9 4 -9 5 0 0 0 0 0 0 0 0 0 0 ]
47,1782976394.457690,10.7317,-76,CSI_DATA,AP,98:F4:AB:29:67:94,-76,11,1,3,1,1,1,1,0,0,0,-96,1,6,1,44743144,0,84,0,0,45.1262,384,[84 -64 4 0 0 0 0 0 0 0 0 0 -18 -12 -17 -13 -16 -15 -16 -14 -16 -14 -15 -14 -14 -14 -14 -14 -13 -15 -13 -15 -11 -15 -12 -14 -11 -14 -11 -14 -10 -13 -8 -12 -9 -12 -9 -12 -8 -10 -8 -10 -8 -10 -9 -7 -9 -9 -7 -8 -8 -7 -9 -6 0 0 -8 -5 -8 -5 -8 -3 -10 -4 -9 -4 -9 -2 -11 -2 -10 -2 -11 -1 -10 -2 -11 0 -10 0 -10 0 -10 2 -11 0 -9 3 -11 2 -11 3 -11 3 -10 4 -12 4 -12 5 -12 6 -12 5 -13 5 -12 6 0 0 0 0 0 0 0 0 0 0 ]
48,1782976394.703028,10.0678,-76,CSI_DATA,AP,98:F4:AB:29:67:94,-76,11,1,3,1,1,1,1,0,0,0,-96,1,6,1,44833926,0,84,0,0,45.2171,384,[84 -64 4 0 0 0 0 0 0 0 0 0 -15 -11 -13 -10 -14 -12 -13 -12 -14 -13 -11 -10 -13 -12 -11 -14 -10 -12 -10 -13 -10 -12 -9 -13 -9 -13 -9 -11 -7 -12 -9 -10 -7 -10 -7 -10 -7 -9 -6 -8 -8 -9 -5 -8 -7 -6 -7 -7 -8 -6 -8 -6 0 0 -8 -4 -9 -5 -8 -3 -9 -2 -8 -2 -10 -2 -8 -3 -8 -2 -8 -1 -10 0 -8 -1 -9 -1 -9 0 -10 -1 -10 1 -9 2 -10 2 -9 2 -9 3 -9 4 -10 3 -10 3 -10 4 -10 2 -11 3 -10 3 0 0 0 0 0 0 0 0 0 0 ]
49,1782976394.945236,10.7571,-78,CSI_DATA,AP,98:F4:AB:29:67:94,-78,11,1,3,1,1,1,1,0,0,0,-96,1,6,1,44922709,0,84,0,0,45.3058,384,[84 -64 4 0 0 0 0 0 0 0 0 0 16 4 15 6 13 7 14 6 13 7 12 5 12 7 11 10 10 7 10 7 10 6 9 6 9 6 8 7 10 6 8 7 7 5 5 2 6 5 5 4 6 5 4 3 6 1 4 0 5 1 5 -1 0 0 5 0 5 -1 6 -2 5 -3 5 -2 4 -3 5 -3 5 -4 5 -3 4 -5 5 -5 5 -6 4 -6 4 -5 4 -8 3 -6 4 -7 3 -8 2 -8 3 -9 3 -9 3 -8 4 -10 3 -11 3 -9 2 -8 0 0 0 0 0 0 0 0 0 0 ]
50,1782976395.191223,8.0426,-75,CSI_DATA,AP,98:F4:AB:29:67:94,-75,11,1,2,1,1,1,1,0,0,0,-96,1,6,1,45014815,0,84,0,0,45.3979,384,[84 -64 4 0 0 0 0 0 0 0 0 0 -5 -21 -3 -20 -2 -20 -3 -19 -1 -17 0 -18 1 -19 3 -16 2 -17 1 -16 0 -16 1 -14 1 -14 1 -14 1 -13 2 -13 2 -10 2 -9 2 -8 0 -8 0 -8 -2 -8 -1 -8 -2 -6 -3 -6 -4 -6 0 0 -4 -7 -5 -6 -5 -6 -6 -5 -6 -4 -7 -4 -8 -6 -7 -4 -10 -4 -9 -2 -9 -4 -9 -4 -9 -4 -10 -3 -10 -2 -10 -3 -11 -1 -11 -1 -10 -2 -12 -2 -12 -1 -13 -2 -12 -2 -13 -1 -14 -1 -13 1 0 0 0 0 0 0 0 0 0 0 ]
51,1782976395.445504,6.2983,-77,CSI_DATA,AP,98:F4:AB:29:67:94,-77,11,1,3,1,1,1,1,0,0,0,-96,1,6,1,45103224,0,84,0,0,45.4863,384,[84 -64 4 0 0 0 0 0 0 0 0 0 19 8 18 8 17 9 17 9 16 10 16 8 17 10 13 10 13 10 12 8 13 9 12 11 11 9 11 8 9 8 10 8 8 7 9 6 7 5 7 5 7 3 7 5 6 4 5 3 6 2 5 1 0 0 5 0 6 -2 5 -1 6 -2 5 -2 4 -3 3 -3 4 -3 5 -6 5 -4 4 -6 4 -5 4 -5 3 -6 4 -7 2 -8 2 -9 3 -9 1 -8 2 -10 3 -10 3 -10 1 -11 2 -10 3 -12 1 -10 0 0 0 0 0 0 0 0 0 0 ]
52,1782976395.683266,6.1916,-75,CSI_DATA,AP,98:F4:AB:29:67:94,-75,11,1,3,1,1,1,1,0,0,0,-96,1,6,1,45193915,0,84,0,0,45.577,384,[84 -64 4 0 0 0 0 0 0 0 0 0 14 -17 13 -15 14 -16 13 -13 15 -15 15 -13 13 -13 15 -11 14 -12 15 -11 15 -10 15 -9 14 -8 11 -9 10 -7 12 -10 9 -8 10 -8 8 -7 8 -5 7 -7 6 -6 6 -7 4 -5 5 -5 5 -5 0 0 4 -7 1 -7 1 -6 2 -7 0 -7 0 -6 0 -6 -1 -6 -1 -5 -1 -7 -3 -6 -3 -5 -3 -5 -3 -4 -4 -5 -5 -4 -6 -4 -6 -4 -7 -3 -7 -3 -7 -2 -7 -4 -7 -4 -8 -2 -7 -3 -8 -2 0 0 0 0 0 0 0 0 0 0 ]
53,1782976395.930296,7.2806,-75,CSI_DATA,AP,98:F4:AB:29:67:94,-75,11,1,3,1,1,1,1,0,0,0,-96,1,6,1,45286821,0,84,0,0,45.6699,384,[84 -64 4 0 0 0 0 0 0 0 0 0 22 12 20 12 20 14 18 12 18 13 15 14 17 14 16 14 17 14 13 14 14 13 14 13 14 12 11 11 10 11 12 13 11 8 10 9 10 9 9 7 8 8 9 7 9 5 8 5 8 4 7 5 0 0 7 2 7 2 7 2 7 1 5 0 7 -1 7 -1 6 -3 6 -4 7 -3 6 -2 5 -3 5 -5 3 -3 3 -5 2 -5 3 -6 3 -6 2 -7 2 -8 3 -7 2 -8 3 -8 2 -8 1 -8 0 -8 0 0 0 0 0 0 0 0 0 0 ]
54,1782976396.175801,6.2219,-77,CSI_DATA,AP,98:F4:AB:29:67:94,-77,11,1,3,1,1,1,1,0,0,0,-96,1,6,1,45375378,0,84,0,0,45.7584,384,[84 -64 4 0 0 0 0 0 0 0 0 0 -15 -17 -13 -17 -10 -16 -11 -16 -10 -17 -10 -15 -8 -17 -8 -16 -7 -17 -7 -14 -7 -12 -7 -15 -6 -14 -6 -13 -7 -11 -5 -12 -5 -11 -4 -9 -4 -8 -5 -7 -3 -6 -5 -6 -4 -5 -4 -5 -4 -4 -5 -3 0 0 -5 -2 -5 0 -5 0 -4 0 -4 1 -5 2 -4 1 -6 3 -6 5 -5 4 -4 5 -3 4 -3 6 -2 6 -3 7 -2 7 -4 8 -2 7 -3 10 -1 8 0 10 -2 9 -1 10 0 11 1 11 0 11 0 0 0 0 0 0 0 0 0 0 ]
55,1782976396.416719,4.5635,-74,CSI_DATA,AP,98:F4:AB:29:67:94,-74,11,1,0,1,1,1,1,0,0,0,-96,1,6,1,45496498,0,84,0,0,45.8796,384,[84 -64 4 0 0 0 0 0 0 0 0 0 -5 12 -5 12 -5 11 -6 10 -6 10 -6 8 -7 9 -7 8 -6 7 -6 6 -5 6 -6 5 -5 5 -5 5 -4 4 -4 5 -3 3 -2 3 -1 3 -1 2 -1 3 0 3 0 4 2 3 2 3 3 4 0 0 4 3 3 4 4 4 5 4 3 4 6 5 5 5 6 5 6 5 5 5 7 5 5 5 7 6 6 5 8 6 8 5 9 6 9 5 9 5 9 6 9 7 10 7 9 7 11 7 9 7 11 7 0 0 0 0 0 0 0 0 0 0 ]
56,1782976396.659207,4.6053,-75,CSI_DATA,AP,98:F4:AB:29:67:94,-75,11,1,3,1,1,1,1,0,0,0,-96,1,6,1,45554536,0,84,0,0,45.9375,384,[84 -64 4 0 0 0 0 0 0 0 0 0 0 17 0 15 -2 16 -3 14 -2 15 -3 12 -4 13 -3 12 -5 12 -5 10 -5 12 -5 9 -4 9 -4 8 -4 8 -2 8 -2 6 -2 8 -2 5 -2 6 -1 5 0 6 -1 6 1 6 1 5 1 6 0 0 2 8 3 7 3 6 5 6 3 6 4 7 4 7 4 8 4 7 6 8 5 8 4 7 5 7 5 7 7 7 8 7 8 9 7 8 8 10 7 7 8 9 8 9 8 10 10 9 9 9 9 9 0 0 0 0 0 0 0 0 0 0 ]
57,1782976396.905087,6.8765,-74,CSI_DATA,AP,98:F4:AB:29:67:94,-74,11,1,3,1,1,1,1,0,0,0,-96,1,6,1,45643577,0,84,0,0,46.0267,384,[84 -64 4 0 0 0 0 0 0 0 0 0 -8 -18 -4 -19 -5 -19 -4 -17 -3 -17 -3 -17 0 -18 -1 -16 -1 -16 -1 -14 -1 -15 -2 -15 -2 -13 -1 -13 -1 -12 0 -13 -1 -11 -1 -11 -1 -10 -2 -8 -4 -10 -3 -10 -2 -9 -6 -8 -4 -8 -5 -9 0 0 -7 -10 -7 -9 -6 -10 -7 -9 -7 -9 -8 -9 -8 -10 -9 -10 -8 -9 -9 -9 -10 -9 -10 -9 -10 -8 -10 -9 -11 -9 -11 -8 -12 -10 -12 -9 -11 -10 -12 -8 -12 -10 -12 -8 -12 -9 -12 -9 -13 -9 -14 -9 0 0 0 0 0 0 0 0 0 0 ]
58,1782976397.148952,9.9635,-73,CSI_DATA,AP,98:F4:AB:29:67:94,-73,11,1,3,1,1,1,1,0,0,0,-96,1,6,1,45734844,0,84,0,0,46.1179,384,[84 -64 4 0 0 0 0 0 0 0 0 0 -16 -13 -13 -11 -13 -12 -14 -12 -14 -13 -11 -13 -11 -15 -11 -13 -10 -14 -10 -13 -10 -15 -10 -14 -9 -13 -9 -12 -9 -12 -8 -13 -7 -11 -7 -10 -7 -11 -8 -9 -10 -11 -9 -10 -8 -9 -7 -10 -8 -8 -9 -9 0 0 -9 -8 -11 -8 -11 -8 -11 -9 -11 -7 -12 -8 -11 -8 -13 -8 -12 -7 -12 -7 -13 -8 -12 -7 -13 -6 -12 -8 -12 -8 -13 -6 -14 -6 -13 -7 -14 -7 -14 -6 -14 -8 -13 -6 -13 -7 -14 -8 -14 -7 -14 -7 0 0 0 0 0 0 0 0 0 0 ]
59,1782976397.383311,16.4223,-71,CSI_DATA,AP,98:F4:AB:29:67:94,-71,11,1,1,1,1,1,1,0,0,0,-96,1,6,1,45825254,0,84,0,0,46.2083,384,[84 -64 4 0 0 0 0 0 0 0 0 0 -1 23 -1 21 -2 22 -3 20 -4 22 -3 19 -4 20 -4 19 -5 19 -5 18 -7 18 -6 18 -5 16 -7 16 -6 15 -6 17 -5 15 -4 14 -3 14 -3 11 -1 16 -2 14 -2 5 -5 7 1 19 -8 12 0 0 -8 11 -6 10 6 12 1 12 1 13 3 15 1 14 3 13 4 14 4 14 4 14 4 13 5 13 5 12 4 13 5 13 6 14 6 12 6 12 7 11 6 14 5 13 5 15 8 12 6 12 8 12 0 0 0 0 0 0 0 0 0 0 ]
60,1782976397.639869,14.0093,-77,CSI_DATA,AP,98:F4:AB:29:67:94,-77,11,1,3,1,1,1,1,0,0,0,-96,1,6,1,45915037,0,84,0,0,46.2981,384,[84 -64 4 0 0 0 0 0 0 0 0 0 -22 6 -18 6 -21 2 -19 4 -18 3 -19 2 -20 1 -17 0 -18 0 -16 -1 -16 0 -15 -1 -15 -1 -14 0 -13 -1 -16 0 -11 -2 -12 -1 -11 0 -11 1 -9 0 -8 1 -10 0 -9 2 -9 1 -7 2 0 0 -7 4 -7 4 -6 5 -6 6 -6 6 -5 7 -6 7 -7 6 -6 7 -5 8 -6 7 -4 8 -4 8 -3 8 -5 8 -2 9 -2 9 -4 10 -3 11 -3 10 -2 11 -3 11 -3 12 -3 11 -3 12 -2 12 0 0 0 0 0 0 0 0 0 0 ]
61,1782976397.875731,11.4214,-77,CSI_DATA,AP,98:F4:AB:29:67:94,-77,11,1,3,1,1,1,1,0,0,0,-96,1,6,1,46002868,0,84,0,0,46.3859,384,[84 -64 4 0 0 0 0 0 0 0 0 0 -9 14 -11 14 -11 13 -10 12 -10 10 -11 10 -11 9 -11 9 -11 8 -9 7 -9 7 -9 7 -10 6 -9 6 -7 4 -7 6 -7 6 -4 5 -6 5 -3 5 -4 5 -5 5 -3 5 -1 6 -3 7 -2 6 0 0 -1 7 -1 8 0 7 0 7 0 8 0 8 1 9 0 9 2 9 2 8 2 11 1 10 2 10 2 9 3 11 3 10 4 11 3 11 4 11 3 11 3 13 3 12 4 12 4 12 5 13 4 12 0 0 0 0 0 0 0 0 0 0 ]
62,1782976398.133417,8.8552,-74,CSI_DATA,AP,98:F4:AB:29:67:94,-74,11,1,2,1,1,1,1,0,0,0,-96,1,6,1,46102975,0,84,0,0,46.486,384,[84 -64 4 0 0 0 0 0 0 0 0 0 5 16 2 15 2 14 1 14 1 14 0 14 0 13 0 13 -1 12 0 11 -2 12 -1 11 0 10 1 9 -1 9 0 9 1 9 0 9 1 7 0 6 1 7 2 7 3 9 1 6 3 6 3 7 0 0 4 7 5 8 6 7 6 7 6 7 5 7 6 9 6 8 6 8 6 8 8 8 7 7 8 8 8 7 7 7 9 7 9 7 9 7 9 7 8 7 9 9 8 8 8 7 10 7 10 7 10 8 0 0 0 0 0 0 0 0 0 0 ]
63,1782976398.383927,7.6008,-74,CSI_DATA,AP,98:F4:AB:29:67:94,-74,11,1,0,1,1,1,1,0,0,0,-96,1,6,1,46191482,0,84,0,0,46.5746,384,[84 -64 4 0 0 0 0 0 0 0 0 0 -12 -1 -11 -3 -12 -1 -10 -2 -10 -2 -9 -3 -10 -4 -8 -4 -10 -4 -9 -3 -9 -3 -10 -3 -9 -3 -8 -3 -7 -4 -9 -3 -7 -3 -6 -2 -6 -1 -7 -1 -7 -2 -7 0 -7 -1 -7 -1 -8 -1 -6 -1 0 0 -7 1 -8 1 -7 0 -8 0 -8 0 -8 0 -9 1 -8 1 -4 2 -8 4 -9 1 -7 1 -8 2 -9 2 -8 2 -9 3 -10 5 -8 3 -9 3 -9 4 -10 4 -10 4 -9 4 -9 4 -10 4 -10 4 0 0 0 0 0 0 0 0 0 0 ]
64,1782976398.632610,6.0218,-72,CSI_DATA,AP,98:F4:AB:29:67:94,-72,11,1,0,1,1,1,1,0,0,0,-96,1,6,1,46292590,0,84,0,0,46.6756,384,[84 -64 4 0 0 0 0 0 0 0 0 0 8 -9 7 -7 8 -9 8 -7 8 -7 8 -5 8 -6 9 -5 9 -5 7 -5 8 -6 7 -5 8 -6 7 -5 7 -4 7 -4 6 -4 5 -3 6 -4 6 -4 6 -4 5 -5 5 -4 5 -6 5 -6 5 -5 0 0 5 -6 5 -7 5 -7 4 -7 5 -7 5 -8 6 -7 5 -8 5 -9 5 -9 5 -9 5 -8 6 -9 5 -10 6 -9 6 -10 6 -9 6 -9 6 -9 6 -9 6 -9 6 -9 5 -10 6 -10 6 -10 7 -10 0 0 0 0 0 0 0 0 0 0 ]
65,1782976398.879525,5.5632,-75,CSI_DATA,AP,98:F4:AB:29:67:94,-75,11,1,3,1,1,1,1,0,0,0,-96,1,6,1,46363097,0,84,0,0,46.7462,384,[84 -64 4 0 0 0 0 0 0 0 0 0 -2 16 -4 15 -4 14 -4 14 -4 12 -5 12 -6 13 -5 12 -5 12 -6 11 -6 11 -5 10 -4 11 -6 8 -4 8 -5 8 -3 11 -2 9 1 2 -3 9 -2 8 -2 8 -2 8 -1 8 -1 8 -2 9 0 0 -1 8 -1 8 1 9 1 9 0 8 0 9 0 10 1 10 0 10 0 10 1 11 1 11 2 10 1 10 2 11 2 11 2 10 1 11 1 11 2 10 2 11 1 12 1 12 3 10 2 12 3 11 0 0 0 0 0 0 0 0 0 0 ]
66,1782976399.124804,6.1025,-76,CSI_DATA,AP,98:F4:AB:29:67:94,-76,11,1,3,1,1,1,1,0,0,0,-96,1,6,1,46452666,0,84,0,0,46.8357,384,[84 -64 4 0 0 0 0 0 0 0 0 0 9 9 9 8 9 9 7 9 7 8 7 11 6 9 6 9 5 7 5 7 5 8 4 9 5 7 3 6 4 6 2 6 3 6 4 5 5 5 3 3 4 4 5 3 5 4 5 4 5 4 7 2 0 0 8 3 7 4 8 3 8 4 9 2 8 3 9 3 9 4 9 3 9 3 9 3 8 5 10 4 9 3 9 4 9 4 11 4 11 4 11 3 10 4 10 4 10 4 10 5 10 5 10 5 10 4 0 0 0 0 0 0 0 0 0 0 ]
67,1782976399.374605,6.1785,-76,CSI_DATA,AP,98:F4:AB:29:67:94,-76,11,1,4,1,1,1,0,0,0,0,-96,0,6,1,46544006,0,84,0,0,46.9271,384,[84 -64 4 0 0 0 0 0 0 0 0 0 10 6 8 6 8 6 7 5 8 5 7 7 6 6 5 6 7 6 7 6 6 6 6 6 5 6 5 4 5 5 6 5 4 4 6 4 4 2 5 2 4 2 5 2 6 3 6 2 5 3 6 3 0 0 8 2 8 2 8 2 8 2 7 2 9 2 9 3 9 2 9 2 9 3 9 3 8 2 8 2 9 3 9 2 9 2 10 2 9 3 9 2 9 3 10 3 10 3 10 3 10 3 9 4 9 3 0 0 0 0 0 0 0 0 0 0 ]
68,1782976399.627302,7.7243,-72,CSI_DATA,AP,98:F4:AB:29:67:94,-72,11,0,0,0,0,0,0,0,0,0,-96,0,6,1,46640088,0,84,0,0,47.0233,128,[84 -64 4 0 0 0 0 0 0 0 0 0 22 17 17 16 22 19 19 16 18 17 16 15 16 16 13 16 15 16 14 17 12 19 13 16 10 15 12 14 9 12 12 14 10 10 11 8 8 7 11 7 12 8 12 6 12 7 11 6 14 5 13 6 0 0 14 3 17 2 17 1 18 0 15 2 18 0 18 0 18 2 20 -2 21 3 21 5 18 4 17 4 21 0 20 -1 19 0 25 0 18 1 20 1 21 -1 21 1 20 -1 22 3 23 1 19 0 18 0 0 0 0 0 0 0 0 0 0 0 ]
69,1782976399.880249,8.2789,-76,CSI_DATA,AP,98:F4:AB:29:67:94,-76,11,1,2,1,1,1,0,0,0,0,-96,0,6,1,46730743,0,84,0,0,47.1138,384,[84 -64 4 0 0 0 0 0 0 0 0 0 -16 6 -12 5 -16 4 -12 4 -13 3 -11 3 -13 3 -13 3 -13 2 -13 1 -11 1 -12 1 -10 0 -10 2 -8 -1 -10 1 -8 1 -7 2 -7 2 -7 3 -7 3 -6 3 -7 3 -6 4 -6 3 -6 4 0 0 -6 5 -6 6 -5 6 -5 7 -5 6 -7 7 -8 8 -8 7 -6 8 -8 9 -6 9 -7 6 -7 9 -7 8 -7 10 -5 9 -7 10 -5 9 -7 10 -7 10 -8 9 -8 10 -8 11 -8 10 -7 10 -7 9 0 0 0 0 0 0 0 0 0 0 ]
70,1782976400.110627,9.3737,-75,CSI_DATA,AP,98:F4:AB:29:67:94,-75,11,1,4,1,1,1,0,0,0,0,-96,0,6,1,46814240,0,84,0,0,47.1973,384,[84 -64 4 0 0 0 0 0 0 0 0 0 -18 -4 -19 -6 -19 -5 -19 -5 -16 -5 -18 -9 -18 -7 -16 -8 -15 -7 -13 -7 -14 -8 -15 -8 -13 -8 -14 -8 -12 -6 -12 -8 -11 -6 -10 -6 -12 -5 -10 -5 -11 -4 -11 -4 -9 -4 -10 -3 -11 -2 -10 -3 0 0 -10 -1 -10 -2 -10 0 -10 0 -9 -1 -10 0 -12 0 -11 -1 -12 1 -12 3 -10 1 -11 1 -13 2 -11 2 -10 3 -11 2 -10 3 -9 3 -10 3 -11 5 -12 4 -11 5 -11 3 -11 4 -10 4 -11 3 0 0 0 0 0 0 0 0 0 0 ]
71,1782976400.373971,10.8938,-73,CSI_DATA,AP,98:F4:AB:29:67:94,-73,11,1,4,1,1,1,0,0,0,0,-96,0,6,1,46904281,0,84,0,0,47.2872,384,[84 -64 4 0 0 0 0 0 0 0 0 0 6 17 6 18 5 17 3 15 3 16 3 15 4 16 2 15 4 16 1 15 1 16 0 15 0 14 0 13 0 13 0 15 1 11 1 12 0 11 1 11 2 12 2 12 2 10 2 10 3 11 3 11 0 0 4 11 4 11 4 9 6 11 4 10 4 10 5 11 5 11 4 13 5 13 6 11 5 12 5 12 6 10 7 12 6 11 6 10 5 10 8 12 7 11 6 11 7 11 5 11 5 11 7 12 6 11 0 0 0 0 0 0 0 0 0 0 ]
72,1782976400.619014,13.4683,-72,CSI_DATA,AP,98:F4:AB:29:67:94,-72,11,1,4,1,1,1,0,0,0,0,-96,0,6,1,46994381,0,84,0,0,47.3774,384,[84 -64 4 0 0 0 0 0 0 0 0 0 -16 -15 -14 -16 -15 -16 -12 -15 -14 -16 -12 -16 -11 -18 -9 -16 -11 -17 -10 -16 -9 -16 -9 -16 -10 -15 -10 -15 -9 -13 -9 -15 -8 -13 -9 -12 -8 -11 -9 -11 -9 -12 -9 -11 -8 -10 -9 -10 -10 -10 -10 -10 0 0 -11 -10 -11 -8 -11 -7 -11 -9 -12 -6 -12 -8 -13 -8 -13 -9 -12 -7 -14 -9 -15 -7 -13 -8 -13 -6 -13 -6 -14 -6 -14 -5 -15 -7 -14 -6 -15 -7 -14 -5 -14 -5 -14 -6 -14 -7 -13 -7 -14 -6 -13 -6 0 0 0 0 0 0 0 0 0 0 ]
73,1782976400.877596,16.3898,-71,CSI_DATA,AP,98:F4:AB:29:67:94,-71,11,1,4,1,1,1,0,0,0,0,-96,0,6,1,47085275,0,84,0,0,47.4684,384,[84 -64 4 0 0 0 0 0 0 0 0 0 -17 -17 -15 -19 -15 -17 -13 -18 -14 -17 -13 -20 -10 -19 -12 -18 -11 -18 -10 -17 -10 -17 -10 -17 -10 -17 -9 -17 -9 -15 -9 -16 -9 -15 -9 -13 -9 -13 -8 -13 -8 -12 -10 -13 -8 -12 -10 -12 -11 -12 -10 -12 0 0 -11 -11 -11 -10 -11 -9 -12 -10 -13 -9 -12 -9 -11 -10 -13 -9 -13 -9 -13 -8 -15 -9 -13 -8 -13 -8 -13 -8 -14 -7 -15 -7 -15 -8 -15 -9 -14 -6 -14 -6 -15 -7 -14 -7 -15 -6 -14 -7 -14 -6 -13 -6 0 0 0 0 0 0 0 0 0 0 ]
74,1782976401.144695,15.8580,-71,CSI_DATA,AP,98:F4:AB:29:67:94,-71,11,1,4,1,1,1,0,0,0,0,-96,0,6,1,47175286,0,84,0,0,47.5584,384,[84 -64 4 0 0 0 0 0 0 0 0 0 -19 -7 -20 -8 -20 -8 -18 -9 -17 -10 -17 -9 -16 -10 -15 -10 -16 -10 -15 -9 -15 -10 -14 -10 -14 -10 -14 -9 -13 -9 -12 -9 -12 -9 -12 -8 -12 -8 -11 -7 -11 -7 -12 -6 -12 -6 -11 -6 -12 -5 -12 -6 0 0 -12 -4 -11 -4 -12 -4 -13 -3 -12 -3 -13 -3 -13 -2 -13 -2 -13 -2 -13 -2 -14 -1 -13 -1 -13 -1 -13 -1 -13 -1 -14 -1 -14 -1 -13 0 -13 0 -14 0 -14 0 -14 0 -13 0 -13 1 -14 1 -13 1 0 0 0 0 0 0 0 0 0 0 ]
75,1782976401.377528,16.0505,-70,CSI_DATA,AP,98:F4:AB:29:67:94,-70,11,1,2,1,1,1,0,0,0,0,-96,0,6,1,47263904,0,84,0,0,47.647,384,[84 -64 4 0 0 0 0 0 0 0 0 0 12 -21 13 -18 13 -19 13 -17 12 -16 13 -14 14 -14 14 -13 14 -13 14 -11 14 -13 12 -12 12 -12 14 -12 12 -10 14 -12 11 -11 11 -11 9 -10 10 -10 11 -11 9 -10 10 -10 9 -10 10 -11 9 -11 0 0 9 -11 8 -12 8 -13 6 -13 7 -12 8 -13 8 -12 7 -12 7 -13 7 -14 7 -14 6 -12 6 -14 7 -13 6 -15 5 -15 6 -14 5 -15 6 -16 5 -15 6 -15 6 -15 5 -16 4 -16 6 -15 5 -15 0 0 0 0 0 0 0 0 0 0 ]
76,1782976401.647850,14.2309,-72,CSI_DATA,AP,98:F4:AB:29:67:94,-72,11,1,4,1,1,1,0,0,0,0,-96,0,6,1,47352733,0,84,0,0,47.7359,384,[84 -64 4 0 0 0 0 0 0 0 0 0 -6 24 -7 22 -7 23 -7 20 -9 21 -10 19 -12 19 -10 18 -11 19 -12 15 -11 17 -12 16 -11 15 -11 15 -11 13 -10 14 -9 12 -9 12 -8 12 -10 11 -8 12 -9 13 -7 11 -7 12 -6 11 -5 12 0 0 -6 13 -4 14 -4 13 -4 13 -4 13 -4 12 -2 13 -4 14 -3 12 -3 15 -3 15 -3 14 -1 14 -1 14 -2 16 0 14 -1 15 0 15 -1 15 0 16 -1 15 0 16 0 16 1 16 0 16 2 16 0 0 0 0 0 0 0 0 0 0 ]
77,1782976401.922242,10.8009,-72,CSI_DATA,AP,98:F4:AB:29:67:94,-72,11,1,4,1,1,1,0,0,0,0,-96,0,6,1,47442755,0,84,0,0,47.8258,384,[84 -64 4 0 0 0 0 0 0 0 0 0 21 -4 20 -1 21 -2 19 -2 19 -1 19 0 19 1 18 2 18 3 17 3 16 2 16 3 15 2 14 1 13 2 14 3 13 2 12 2 10 1 11 1 10 0 10 0 10 -1 9 0 9 -3 10 -3 0 0 8 -3 10 -4 9 -3 8 -6 8 -5 8 -6 9 -7 8 -7 9 -7 9 -8 7 -8 8 -8 7 -9 7 -8 8 -9 7 -10 8 -10 8 -10 9 -11 8 -11 9 -10 8 -10 8 -11 7 -12 8 -11 8 -13 0 0 0 0 0 0 0 0 0 0 ]
78,1782976402.276727,7.9903,-74,CSI_DATA,AP,98:F4:AB:29:67:94,-74,11,1,4,1,1,1,0,0,0,0,-96,0,6,1,47535552,0,84,0,0,47.9186,384,[84 -64 4 0 0 0 0 0 0 0 0 0 24 4 22 5 23 7 19 7 21 7 20 7 18 7 17 8 18 8 16 9 16 9 15 8 14 8 13 8 12 8 12 6 11 6 10 5 8 5 9 4 8 3 9 3 7 2 8 1 8 1 9 0 0 0 7 -2 9 -2 7 -1 6 -5 6 -2 5 -4 7 -4 5 -6 6 -6 5 -7 4 -7 3 -7 4 -7 2 -8 3 -7 2 -9 2 -9 3 -9 3 -11 2 -10 1 -10 2 -10 1 -11 0 -11 0 -11 0 -11 0 0 0 0 0 0 0 0 0 0 ]
79,1782976402.738792,7.9851,-73,CSI_DATA,AP,98:F4:AB:29:67:94,-73,11,1,4,1,1,1,0,0,0,0,-96,0,6,1,47624284,0,84,0,0,48.0072,384,[84 -64 4 0 0 0 0 0 0 0 0 0 -4 -26 -2 -24 -3 -24 -1 -22 -1 -25 0 -22 1 -22 2 -22 2 -21 3 -19 3 -21 2 -20 4 -17 3 -17 2 -15 2 -17 2 -15 3 -15 1 -14 1 -13 1 -13 0 -14 0 -13 -1 -12 -1 -11 -2 -11 0 0 -4 -10 -4 -11 -6 -11 -5 -10 -5 -9 -6 -9 -6 -10 -6 -10 -7 -9 -7 -11 -8 -10 -7 -9 -8 -10 -8 -9 -10 -9 -10 -7 -10 -9 -10 -8 -10 -9 -12 -7 -11 -8 -11 -8 -11 -9 -11 -7 -12 -7 -12 -7 0 0 0 0 0 0 0 0 0 0 ]
80,1782976403.127810,10.0293,-73,CSI_DATA,AP,98:F4:AB:29:67:94,-73,11,1,4,1,1,1,0,0,0,0,-96,0,6,1,47712974,0,84,0,0,48.096,384,[84 -64 4 0 0 0 0 0 0 0 0 0 -20 -16 -17 -15 -20 -16 -17 -15 -17 -17 -15 -16 -14 -18 -14 -18 -14 -18 -12 -18 -11 -16 -11 -16 -11 -16 -9 -16 -9 -15 -10 -16 -10 -12 -9 -13 -9 -11 -9 -10 -9 -10 -9 -11 -10 -12 -8 -10 -8 -10 -10 -10 0 0 -10 -8 -11 -6 -11 -8 -12 -7 -11 -5 -13 -5 -13 -7 -12 -6 -12 -6 -12 -5 -14 -5 -13 -5 -12 -4 -13 -3 -15 -2 -14 -1 -15 -2 -14 -2 -15 -3 -16 -2 -16 -3 -14 -1 -15 -2 -15 -2 -16 -1 -16 0 0 0 0 0 0 0 0 0 0 0 ]
81,1782976403.419183,12.4146,-73,CSI_DATA,AP,98:F4:AB:29:67:94,-73,11,1,4,1,1,1,0,0,0,0,-96,0,6,1,47802689,0,84,0,0,48.1858,384,[84 -64 4 0 0 0 0 0 0 0 0 0 -23 5 -24 5 -25 2 -24 4 -23 3 -22 1 -23 0 -21 -1 -23 -1 -20 -1 -20 0 -21 -1 -21 -2 -20 -2 -19 -5 -20 -4 -18 -2 -15 -2 -17 -3 -17 -3 -15 -2 -15 -3 -14 -2 -15 -2 -14 -3 -16 0 0 0 -12 -1 -12 1 -13 0 -11 2 -12 2 -13 1 -13 2 -12 3 -13 2 -13 3 -12 5 -11 5 -10 3 -12 4 -10 4 -11 6 -10 5 -10 6 -11 7 -11 7 -11 8 -9 8 -10 7 -9 8 -10 8 -8 8 0 0 0 0 0 0 0 0 0 0 ]
82,1782976403.682567,12.6953,-75,CSI_DATA,AP,98:F4:AB:29:67:94,-75,11,1,4,1,1,1,0,0,0,0,-96,0,6,1,47893327,0,84,0,0,48.2764,384,[84 -64 4 0 0 0 0 0 0 0 0 0 -6 25 -6 23 -8 23 -7 23 -9 21 -9 21 -10 19 -11 20 -10 20 -10 20 -11 18 -10 19 -11 15 -10 16 -8 15 -10 15 -7 15 -9 14 -7 11 -7 13 -6 12 -6 11 -7 11 -5 12 -5 10 -4 10 0 0 -2 10 0 9 -1 8 0 8 0 8 2 6 3 7 4 4 3 5 4 6 5 6 5 4 4 4 5 4 6 4 5 2 7 3 6 2 7 3 9 2 9 1 10 0 11 -1 8 0 10 -1 12 0 0 0 0 0 0 0 0 0 0 0 ]
83,1782976403.939706,11.9385,-76,CSI_DATA,AP,98:F4:AB:29:67:94,-76,11,1,2,1,1,1,0,0,0,0,-96,0,6,1,47987415,0,84,0,0,48.3705,384,[84 -64 4 0 0 0 0 0 0 0 0 0 -25 -8 -23 -8 -24 -8 -20 -10 -21 -10 -20 -9 -21 -10 -20 -10 -19 -12 -17 -10 -18 -10 -15 -11 -16 -11 -15 -9 -12 -10 -14 -9 -12 -8 -14 -6 -9 -6 -11 -7 -10 -6 -11 -5 -10 -2 -8 -3 -9 -4 -8 -1 0 0 -7 -1 -7 0 -6 0 -6 2 -5 2 -5 2 -5 3 -5 4 -3 4 -6 4 -4 5 -3 4 -3 3 -3 4 -2 4 -1 6 0 4 -1 6 1 6 1 6 2 7 2 6 2 7 2 8 3 8 2 6 0 0 0 0 0 0 0 0 0 0 ]
84,1782976404.197823,11.6183,-70,CSI_DATA,AP,98:F4:AB:29:67:94,-70,11,0,0,0,0,0,0,0,0,0,-96,0,6,1,48079883,0,84,0,0,48.4631,128,[84 -64 4 0 0 0 0 0 0 0 0 0 -18 32 -15 30 -16 35 -15 31 -17 32 -17 25 -18 29 -18 26 -17 29 -20 26 -21 26 -19 26 -22 25 -19 25 -16 22 -18 27 -16 23 -14 21 -14 18 -14 19 -12 17 -11 18 -10 17 -11 16 -10 17 -10 14 0 0 -7 14 -7 15 -5 13 -3 14 -3 9 -2 10 -1 11 -2 9 2 10 1 9 0 9 0 7 0 8 0 5 2 6 1 4 2 4 2 1 2 2 2 2 3 0 4 -1 4 0 4 -1 4 -2 5 -3 0 0 0 0 0 0 0 0 0 0 ]
85,1782976404.449777,14.3183,-75,CSI_DATA,AP,98:F4:AB:29:67:94,-75,11,1,2,1,1,1,0,0,0,0,-96,0,6,1,48165933,0,84,0,0,48.549,384,[84 -64 4 0 0 0 0 0 0 0 0 0 -24 -11 -28 -14 -24 -16 -21 -16 -21 -13 -21 -17 -22 -16 -20 -17 -21 -16 -17 -14 -19 -17 -18 -17 -18 -16 -15 -14 -15 -14 -15 -16 -14 -15 -14 -13 -13 -12 -15 -13 -11 -11 -14 -11 -13 -9 -13 -8 -13 -9 -14 -7 0 0 -11 -7 -10 -8 -12 -5 -11 -4 -9 -5 -12 -2 -12 -1 -12 0 -15 0 -12 1 -15 0 -11 -1 -10 2 -12 0 -11 1 -11 3 -10 3 -8 5 -10 4 -9 5 -9 6 -8 5 -9 7 -7 7 -8 7 -8 8 0 0 0 0 0 0 0 0 0 0 ]
86,1782976404.723158,15.6974,-75,CSI_DATA,AP,98:F4:AB:29:67:94,-75,11,0,0,0,0,0,0,0,0,0,-96,0,6,1,48258868,0,84,0,0,48.6421,128,[84 -64 4 0 0 0 0 0 0 0 0 0 -39 -14 -38 -11 -39 -13 -38 -14 -34 -13 -30 -14 -30 -14 -28 -11 -32 -11 -32 -12 -31 -14 -30 -13 -28 -14 -29 -14 -25 -8 -27 -16 -23 -13 -19 -13 -17 -10 -18 -7 -11 -7 -17 -3 -15 -4 -14 -4 -16 -3 -12 -5 0 0 -9 -1 -12 0 -8 1 -6 6 -3 2 -3 4 -6 8 -6 7 -4 11 -6 9 -7 9 -6 10 -3 7 -2 7 -2 5 -2 7 1 8 1 7 2 8 1 9 4 8 3 9 3 7 3 6 5 6 5 6 0 0 0 0 0 0 0 0 0 0 ]
87,1782976404.995008,16.7642,-77,CSI_DATA,AP,98:F4:AB:29:67:94,-77,11,1,4,1,1,1,0,0,0,0,-96,0,6,1,48354995,0,84,0,0,48.7381,384,[84 -64 4 0 0 0 0 0 0 0 0 0 -34 -5 -27 -5 -31 -9 -27 -10 -26 -8 -25 -9 -25 -9 -25 -12 -25 -10 -24 -9 -22 -9 -23 -10 -24 -11 -24 -11 -20 -12 -21 -11 -18 -9 -18 -10 -15 -11 -14 -11 -18 -12 -16 -7 -15 -8 -14 -7 -16 -6 -15 -7 0 0 -14 -8 -15 -3 -14 -3 -14 0 -13 -1 -13 -1 -14 0 -12 -1 -14 2 -14 3 -17 3 -14 -1 -14 2 -14 3 -13 3 -13 3 -14 5 -13 2 -11 6 -12 3 -14 3 -13 6 -12 4 -14 5 -13 5 -13 7 0 0 0 0 0 0 0 0 0 0 ]
88,1782976405.254067,16.4170,-76,CSI_DATA,AP,98:F4:AB:29:67:94,-76,11,1,2,1,1,1,0,0,0,0,-96,0,6,1,48436130,0,84,0,0,48.8191,384,[84 -64 4 0 0 0 0 0 0 0 0 0 2 31 3 27 2 29 2 27 0 28 -3 25 -2 25 -1 23 -1 24 -5 24 -2 24 -4 23 -3 22 -1 18 -2 18 -4 23 -2 19 -3 17 -4 15 -2 16 -3 17 -2 17 -2 17 0 15 -2 15 0 15 0 0 0 14 2 16 2 12 2 11 1 10 3 12 2 11 3 12 3 11 5 12 4 13 3 10 6 11 4 11 6 11 7 12 7 11 6 10 5 11 5 9 7 10 8 11 6 10 9 10 8 10 8 11 0 0 0 0 0 0 0 0 0 0 ]
89,1782976405.521544,14.2930,-78,CSI_DATA,AP,98:F4:AB:29:67:94,-78,11,1,2,1,1,1,0,0,0,0,-96,0,6,1,48523438,0,84,0,0,48.9065,384,[84 -64 4 0 0 0 0 0 0 0 0 0 18 20 17 20 16 18 16 17 13 16 14 18 9 16 11 16 12 16 10 13 11 16 10 17 10 15 11 12 9 13 8 15 8 13 7 12 6 11 8 7 7 10 6 9 7 11 6 7 9 7 7 7 0 0 6 5 5 4 7 4 6 2 6 2 5 2 6 1 7 0 7 0 7 0 8 -1 7 -2 9 0 8 -2 6 -1 8 -2 8 -1 7 -1 6 -2 9 -4 8 -3 7 -3 6 -4 7 -4 8 -5 6 -4 0 0 0 0 0 0 0 0 0 0 ]
90,1782976405.790510,13.5186,-76,CSI_DATA,AP,98:F4:AB:29:67:94,-76,11,1,4,1,1,1,0,0,0,0,-96,0,6,1,48706944,0,84,0,0,49.09,384,[84 -64 4 0 0 0 0 0 0 0 0 0 -26 -10 -22 -9 -24 -11 -21 -10 -23 -11 -20 -12 -19 -12 -20 -12 -18 -12 -17 -12 -16 -10 -17 -13 -16 -12 -19 -12 -17 -13 -16 -10 -16 -14 -15 -10 -12 -11 -11 -9 -11 -10 -12 -9 -13 -10 -10 -9 -11 -7 -13 -9 0 0 -12 -5 -11 -6 -11 -5 -11 -5 -10 -4 -10 -3 -14 -3 -12 -2 -12 0 -13 1 -13 0 -11 1 -11 0 -12 2 -13 1 -11 3 -16 3 -13 1 -14 2 -13 3 -12 1 -12 3 -14 2 -15 5 -17 3 -11 7 0 0 0 0 0 0 0 0 0 0 ]
91,1782976406.044825,13.9927,-70,CSI_DATA,AP,98:F4:AB:29:67:94,-70,11,1,2,1,1,1,0,0,0,0,-96,0,6,1,48794302,0,84,0,0,49.1774,384,[84 -64 4 0 0 0 0 0 0 0 0 0 -23 1 -20 0 -22 0 -20 -2 -22 -1 -19 -4 -21 -3 -19 -5 -21 -4 -19 -6 -19 -5 -18 -6 -18 -7 -18 -7 -16 -6 -21 -6 -17 -6 -18 -6 -15 -5 -16 -6 -15 -6 -15 -6 -15 -6 -15 -6 -14 -6 -15 -6 0 0 -15 -4 -16 -2 -13 -3 -14 -2 -12 -2 -14 -1 -14 -2 -14 0 -15 0 -15 0 -14 1 -13 1 -14 2 -13 2 -14 2 -14 2 -15 3 -14 3 -15 4 -15 4 -15 4 -14 4 -15 4 -15 4 -13 5 -14 6 0 0 0 0 0 0 0 0 0 0 ]
92,1782976406.317805,15.6766,-70,CSI_DATA,AP,98:F4:AB:29:67:94,-70,11,1,4,1,1,1,0,0,0,0,-96,0,6,1,48882614,0,84,0,0,49.2657,384,[84 -64 4 0 0 0 0 0 0 0 0 0 7 21 3 20 4 22 3 21 2 21 2 21 2 23 1 22 -1 21 0 22 0 21 0 21 -1 21 -2 21 -2 20 -2 20 -3 21 -3 20 -5 19 -4 19 -4 18 -5 19 -4 18 -3 17 -4 18 -2 20 0 0 -3 18 -2 17 -2 18 -1 17 -1 16 -1 17 -1 17 1 17 0 17 2 17 2 17 2 17 3 18 3 15 2 18 3 17 3 18 4 16 3 17 5 17 3 19 3 18 4 18 7 17 6 16 7 16 0 0 0 0 0 0 0 0 0 0 ]
93,1782976406.592229,16.7188,-73,CSI_DATA,AP,98:F4:AB:29:67:94,-73,11,1,4,1,1,1,0,0,0,0,-96,0,6,1,48974456,0,84,0,0,49.3575,384,[84 -64 4 0 0 0 0 0 0 0 0 0 -2 -22 -1 -22 -1 -22 0 -21 2 -22 2 -21 2 -21 4 -20 1 -22 3 -21 4 -21 5 -22 4 -22 5 -20 4 -21 6 -23 6 -21 5 -19 6 -20 6 -17 6 -18 4 -18 5 -18 6 -18 5 -17 4 -18 0 0 6 -16 5 -15 5 -15 3 -15 5 -14 2 -17 2 -17 2 -17 3 -18 2 -16 2 -15 2 -17 1 -15 2 -15 1 -17 1 -16 0 -16 0 -15 0 -15 -3 -16 -4 -16 -2 -16 -2 -16 0 -17 -4 -15 -3 -15 0 0 0 0 0 0 0 0 0 0 ]
94,1782976406.862884,18.0831,-73,CSI_DATA,AP,98:F4:AB:29:67:94,-73,11,1,4,1,1,1,0,0,0,0,-96,0,6,1,49066742,0,84,0,0,49.4498,384,[84 -64 4 0 0 0 0 0 0 0 0 0 21 -10 21 -9 20 -8 21 -8 22 -7 22 -6 22 -5 20 -4 21 -6 21 -4 23 -4 22 -3 21 -4 22 -3 22 -2 21 -2 20 -3 20 -2 20 -1 19 -2 18 -1 19 -2 17 -3 18 -2 18 -1 17 -3 0 0 16 -4 16 -2 17 -4 16 -5 16 -4 15 -4 16 -5 15 -5 15 -6 14 -7 14 -6 14 -7 13 -8 13 -8 13 -9 14 -8 15 -9 14 -9 13 -9 12 -10 13 -11 11 -11 10 -10 10 -13 11 -12 10 -10 0 0 0 0 0 0 0 0 0 0 ]
95,1782976407.131483,18.1862,-73,CSI_DATA,AP,98:F4:AB:29:67:94,-73,11,1,4,1,1,1,0,0,0,0,-96,0,6,1,49152547,0,84,0,0,49.5355,384,[84 -64 4 0 0 0 0 0 0 0 0 0 14 16 14 16 14 16 11 15 13 17 10 16 11 17 9 17 10 16 8 18 9 18 8 18 10 17 8 18 7 16 9 19 6 16 8 18 5 17 7 14 6 14 5 15 6 16 7 14 6 15 5 14 0 0 7 14 7 15 6 12 6 13 6 11 7 12 6 11 7 10 9 12 8 11 9 10 9 10 9 10 9 8 10 9 11 8 10 8 10 6 11 8 10 7 13 8 12 6 12 7 13 5 12 6 13 5 0 0 0 0 0 0 0 0 0 0 ]
96,1782976407.403851,20.0142,-72,CSI_DATA,AP,98:F4:AB:29:67:94,-72,11,1,4,1,1,1,0,0,0,0,-96,0,6,1,49243627,0,84,0,0,49.6267,384,[84 -64 4 0 0 0 0 0 0 0 0 0 25 5 24 6 26 9 25 7 24 9 22 10 23 11 21 10 23 12 21 10 21 9 23 11 21 10 21 12 21 10 21 13 20 12 19 10 17 12 15 11 17 11 17 12 17 9 17 9 17 11 16 10 0 0 16 8 18 8 17 8 17 7 15 7 17 6 16 7 16 6 15 5 17 4 15 1 16 2 15 2 16 3 16 2 17 2 16 2 14 0 16 1 15 0 16 -2 14 -1 16 -1 16 -4 15 -4 14 -4 0 0 0 0 0 0 0 0 0 0 ]
97,1782976407.661781,19.5239,-73,CSI_DATA,AP,98:F4:AB:29:67:94,-73,11,1,4,1,1,1,0,0,0,0,-96,0,6,1,49334579,0,84,0,0,49.7176,384,[84 -64 4 0 0 0 0 0 0 0 0 0 24 -10 22 -8 23 -7 21 -7 23 -7 23 -4 23 -3 21 -4 21 -5 22 -3 24 -3 23 -3 23 -1 22 -1 22 -3 24 -1 21 0 21 -2 19 1 20 0 18 -1 19 0 18 -1 18 0 18 0 16 0 0 0 16 -2 17 -1 15 -4 15 -3 13 -1 15 -4 14 -4 12 -5 13 -5 13 -5 11 -5 12 -5 11 -7 13 -6 11 -9 12 -8 13 -10 10 -10 9 -10 11 -11 11 -11 8 -12 9 -11 10 -12 10 -11 8 -13 0 0 0 0 0 0 0 0 0 0 ]
98,1782976407.929252,18.7079,-72,CSI_DATA,AP,98:F4:AB:29:67:94,-72,11,1,4,1,1,1,0,0,0,0,-96,0,6,1,49426921,0,84,0,0,49.81,384,[84 -64 4 0 0 0 0 0 0 0 0 0 1 25 0 24 -1 23 -1 24 -2 23 -2 22 -2 23 -4 23 -6 21 -4 21 -4 22 -5 21 -6 21 -4 21 -4 19 -6 22 -6 20 -4 20 -6 17 -5 18 -5 19 -5 18 -6 16 -5 17 -4 18 -4 17 0 0 -4 15 -4 17 -3 16 -2 16 -3 14 -3 15 -2 14 -2 15 0 15 0 15 1 15 0 13 1 15 1 15 1 15 3 15 2 14 1 13 2 14 4 13 5 14 5 13 5 14 6 14 4 12 6 13 0 0 0 0 0 0 0 0 0 0 ]
99,1782976408.190441,17.6508,-70,CSI_DATA,AP,98:F4:AB:29:67:94,-70,11,1,4,1,1,1,0,0,0,0,-96,0,6,1,49517456,0,84,0,0,49.9005,384,[84 -64 4 0 0 0 0 0 0 0 0 0 29 -14 26 -13 29 -12 26 -12 28 -10 27 -10 29 -8 28 -8 28 -8 27 -6 29 -6 27 -5 27 -6 27 -4 25 -4 29 -4 26 -3 25 -4 25 -3 26 -2 24 -3 23 -3 23 -3 22 -3 22 -2 23 -4 0 0 22 -2 22 -4 20 -5 20 -5 18 -4 19 -5 19 -5 17 -6 18 -6 18 -8 16 -8 17 -8 16 -9 15 -8 16 -9 15 -10 16 -11 15 -9 15 -10 14 -10 15 -11 14 -11 14 -12 13 -11 12 -13 12 -13 0 0 0 0 0 0 0 0 0 0 ]
100,1782976408.451632,19.3420,-67,CSI_DATA,AP,98:F4:AB:29:67:94,-67,11,0,0,0,0,0,0,0,0,0,-96,0,6,1,49608091,0,84,0,0,49.9912,128,[84 -64 4 0 0 0 0 0 0 0 0 0 -18 36 -19 31 -19 34 -19 32 -21 31 -19 25 -22 26 -22 23 -21 25 -18 24 -19 27 -17 28 -18 25 -18 26 -17 20 -20 24 -18 20 -15 19 -16 18 -16 17 -16 16 -15 18 -13 16 -13 18 -11 18 -11 17 0 0 -11 15 -10 17 -9 16 -7 17 -7 14 -7 14 -6 14 -5 12 -3 13 -3 13 -3 14 -2 12 -1 13 -1 12 -1 12 0 11 1 12 1 9 1 10 2 9 1 10 4 9 3 8 5 8 6 7 7 7 0 0 0 0 0 0 0 0 0 0 ]
101,1782976408.718590,18.6041,-75,CSI_DATA,AP,98:F4:AB:29:67:94,-75,11,1,4,1,1,1,0,0,0,0,-96,0,6,1,49692711,0,84,0,0,50.0758,384,[84 -64 4 0 0 0 0 0 0 0 0 0 29 10 26 7 29 9 27 10 27 9 25 11 25 11 24 10 23 11 23 13 22 13 22 13 21 13 22 14 18 13 20 11 17 11 16 11 17 12 16 9 15 8 15 10 16 8 14 10 15 9 14 7 0 0 14 9 12 5 11 7 11 4 11 4 12 5 10 3 11 2 10 3 11 3 11 2 12 3 12 3 10 1 9 1 10 1 11 -2 9 -1 9 0 10 -1 8 -2 10 -2 7 -4 10 -3 8 -3 9 -4 0 0 0 0 0 0 0 0 0 0 ]
102,1782976408.980465,17.8789,-75,CSI_DATA,AP,98:F4:AB:29:67:94,-75,11,1,2,1,1,1,0,0,0,0,-96,0,6,1,49788795,0,84,0,0,50.1719,384,[84 -64 4 0 0 0 0 0 0 0 0 0 -17 29 -18 27 -18 28 -19 28 -17 24 -18 23 -17 24 -16 21 -18 24 -15 19 -17 20 -19 21 -17 20 -15 19 -16 18 -15 20 -14 18 -14 18 -13 15 -13 15 -13 15 -12 14 -11 12 -12 12 -11 13 -13 16 0 0 -7 12 -10 13 -7 14 -6 12 -5 12 -4 10 -4 12 -3 11 -4 11 -4 14 -3 11 -2 8 -2 11 -2 11 1 9 2 9 0 10 2 8 2 9 2 9 2 7 4 8 3 9 5 8 5 9 4 8 0 0 0 0 0 0 0 0 0 0 ]
103,1782976409.239459,17.7806,-74,CSI_DATA,AP,98:F4:AB:29:67:94,-74,11,1,4,1,1,1,0,0,0,0,-96,0,6,1,49876306,0,84,0,0,50.2593,384,[84 -64 4 0 0 0 0 0 0 0 0 0 25 7 28 8 26 10 25 5 24 8 22 9 25 10 24 10 24 7 24 10 24 11 23 10 24 12 21 11 19 12 25 12 20 10 21 11 19 11 18 9 17 11 19 10 17 12 19 8 16 9 16 9 0 0 16 6 16 5 15 7 14 5 14 7 15 5 16 4 13 4 15 4 15 1 14 1 12 2 13 3 15 0 15 1 13 0 12 2 11 0 11 1 10 0 10 0 9 -1 11 -2 12 -2 10 0 11 -4 0 0 0 0 0 0 0 0 0 0 ]
104,1782976409.523858,19.2841,-66,CSI_DATA,AP,98:F4:AB:29:67:94,-66,11,0,0,0,0,0,0,0,0,0,-96,0,6,1,49966443,0,84,0,0,50.3496,128,[84 -64 4 0 0 0 0 0 0 0 0 0 -13 -27 -10 -27 -12 -30 -12 -29 -8 -29 -7 -24 -7 -27 -5 -26 -7 -28 -7 -27 -8 -27 -10 -28 -7 -27 -8 -27 -5 -25 -5 -29 -4 -25 -4 -22 -3 -22 -4 -22 -3 -21 -3 -22 -5 -19 -5 -22 -6 -20 -4 -21 0 0 -5 -19 -6 -19 -6 -19 -8 -17 -6 -15 -5 -16 -6 -14 -8 -13 -8 -14 -7 -15 -9 -17 -8 -14 -8 -12 -6 -13 -8 -13 -8 -14 -7 -12 -8 -10 -8 -11 -8 -10 -9 -10 -9 -8 -10 -9 -11 -6 -11 -6 -11 -5 0 0 0 0 0 0 0 0 0 0 ]
105,1782976409.955570,16.8479,-78,CSI_DATA,AP,98:F4:AB:29:67:94,-78,11,1,4,1,1,1,0,0,0,0,-96,0,6,1,50055128,0,84,0,0,50.4382,384,[84 -64 4 0 0 0 0 0 0 0 0 0 30 -6 26 -3 29 -3 27 -5 28 -3 28 -1 27 0 24 -4 27 -1 26 -1 24 0 23 1 25 0 24 2 21 1 24 1 22 2 22 -1 19 2 17 -1 18 2 15 1 16 0 16 0 15 0 16 -1 0 0 14 -2 15 -2 12 -1 13 -2 14 -2 12 -3 11 -4 9 -3 9 -3 9 -5 8 -3 9 -3 7 -6 7 -4 7 -5 7 -6 8 -6 3 -8 3 -3 4 -7 5 -6 3 -9 2 -7 1 -4 1 -8 1 -7 0 0 0 0 0 0 0 0 0 0 ]
106,1782976410.294553,20.6202,-72,CSI_DATA,AP,98:F4:AB:29:67:94,-72,11,1,4,1,1,1,0,0,0,0,-96,0,6,1,50143854,0,84,0,0,50.5269,384,[84 -64 4 0 0 0 0 0 0 0 0 0 24 13 21 14 22 15 20 14 24 15 21 17 20 15 17 15 20 17 19 18 19 18 22 19 19 18 20 19 16 18 20 18 18 18 19 17 16 16 16 18 16 15 15 16 15 18 14 15 18 15 15 16 0 0 15 14 16 13 14 10 18 12 15 10 14 10 15 9 15 9 15 10 15 8 15 7 15 8 14 7 14 6 18 4 17 4 16 3 15 2 15 4 16 4 16 3 15 2 14 1 16 -2 14 1 14 -1 0 0 0 0 0 0 0 0 0 0 ]
107,1782976410.556158,21.5623,-72,CSI_DATA,AP,98:F4:AB:29:67:94,-72,11,1,4,1,1,1,0,0,0,0,-96,0,6,1,50234418,0,84,0,0,50.6175,384,[84 -64 4 0 0 0 0 0 0 0 0 0 -20 24 -18 22 -21 22 -20 21 -20 20 -20 17 -21 19 -22 17 -22 18 -23 16 -23 16 -22 16 -21 15 -23 14 -19 14 -22 15 -21 13 -22 14 -21 11 -19 11 -18 12 -16 12 -17 10 -17 11 -18 12 -17 10 0 0 -15 11 -15 11 -13 11 -11 11 -12 11 -12 11 -12 12 -9 12 -9 11 -10 13 -9 13 -8 11 -8 12 -7 12 -7 11 -6 12 -6 12 -5 12 -5 12 -3 11 -5 12 -4 12 -2 12 -2 12 -1 11 0 12 0 0 0 0 0 0 0 0 0 0 ]
108,1782976410.860713,22.6527,-65,CSI_DATA,AP,98:F4:AB:29:67:94,-65,11,0,0,0,0,0,0,0,0,0,-96,0,6,1,50326428,0,84,0,0,50.7096,128,[84 -64 4 0 0 0 0 0 0 0 0 0 31 0 29 1 31 3 31 2 29 4 29 6 28 7 26 7 27 7 26 6 28 5 29 4 27 7 28 5 25 7 27 8 25 8 23 6 22 7 21 8 19 9 21 7 19 5 21 5 22 3 20 5 0 0 20 4 20 3 20 3 19 0 17 1 18 1 17 1 16 0 17 -2 15 -1 17 -2 15 -2 17 -5 17 -3 16 -4 17 -4 16 -4 15 -6 16 -4 15 -6 14 -5 15 -7 13 -7 14 -8 12 -9 13 -9 0 0 0 0 0 0 0 0 0 0 ]
109,1782976411.145340,22.7841,-66,CSI_DATA,AP,98:F4:AB:29:67:94,-66,11,0,0,0,0,0,0,0,0,0,-96,0,6,1,50419061,0,84,0,0,50.8022,128,[84 -64 4 0 0 0 0 0 0 0 0 0 10 -36 10 -34 12 -35 13 -36 14 -32 15 -28 14 -30 15 -27 15 -29 13 -26 15 -28 15 -29 16 -27 15 -26 14 -24 16 -26 14 -23 13 -22 13 -19 12 -20 11 -18 11 -19 10 -18 11 -18 8 -20 9 -18 0 0 7 -18 8 -19 5 -18 4 -18 4 -16 3 -16 1 -16 1 -15 -1 -17 0 -15 -1 -16 -1 -15 -2 -16 -2 -16 -2 -15 -3 -16 -5 -16 -4 -14 -5 -14 -6 -14 -6 -14 -7 -14 -8 -15 -8 -15 -8 -13 -9 -14 0 0 0 0 0 0 0 0 0 0 ]
110,1782976411.454507,22.7750,-72,CSI_DATA,AP,98:F4:AB:29:67:94,-72,11,1,2,1,1,1,0,0,0,0,-96,0,6,1,50505447,0,84,0,0,50.8885,384,[84 -64 4 0 0 0 0 0 0 0 0 0 33 -16 33 -12 35 -11 33 -11 34 -10 30 -7 30 -7 31 -5 30 -7 29 -4 31 -7 29 -7 28 -5 27 -3 25 -2 28 -4 25 -3 25 -3 21 -3 21 -3 19 -1 20 -3 20 -2 17 -5 16 -6 17 -5 0 0 15 -6 15 -7 11 -8 13 -9 11 -7 10 -8 11 -9 10 -10 10 -9 8 -12 8 -12 5 -10 6 -10 5 -10 5 -14 5 -13 4 -14 3 -14 2 -13 2 -14 2 -13 2 -13 1 -14 -2 -15 0 -15 -2 -15 0 0 0 0 0 0 0 0 0 0 ]
111,1782976411.767720,18.8058,-73,CSI_DATA,AP,98:F4:AB:29:67:94,-73,11,1,4,1,1,1,0,0,0,0,-96,0,6,1,50592657,0,84,0,0,50.9756,384,[84 -64 4 0 0 0 0 0 0 0 0 0 29 2 29 5 29 5 26 7 27 7 26 9 26 9 25 9 24 8 22 9 24 8 22 8 23 9 21 8 20 9 20 9 19 7 19 8 15 6 16 8 18 5 16 4 15 4 14 4 16 3 16 3 0 0 15 3 15 1 14 0 13 -1 13 0 13 -1 13 0 13 -2 15 -3 14 -4 13 -4 12 -5 13 -5 12 -5 13 -6 11 -7 12 -6 11 -7 10 -8 9 -9 10 -9 9 -8 9 -9 9 -9 11 -9 9 -10 0 0 0 0 0 0 0 0 0 0 ]
112,1782976412.068809,19.4358,-74,CSI_DATA,AP,98:F4:AB:29:67:94,-74,11,1,4,1,1,1,0,0,0,0,-96,0,6,1,50684461,0,84,0,0,51.0675,384,[84 -64 4 0 0 0 0 0 0 0 0 0 25 15 23 14 21 15 21 18 20 17 19 18 18 18 16 17 17 15 15 14 17 16 16 16 14 15 16 14 13 14 15 14 13 13 13 9 12 11 11 9 10 9 11 9 11 7 10 8 11 6 11 7 0 0 10 5 11 3 10 3 10 2 9 2 10 1 9 2 9 -1 9 -1 10 -1 9 -3 9 -2 8 -4 10 -2 10 -3 7 -3 9 -5 7 -6 8 -6 7 -6 8 -6 8 -7 7 -6 6 -8 6 -8 7 -8 0 0 0 0 0 0 0 0 0 0 ]
113,1782976412.329772,10.7973,-79,CSI_DATA,AP,98:F4:AB:29:67:94,-79,11,1,2,1,1,1,0,0,0,0,-96,0,6,1,50777860,0,84,0,0,51.161,384,[84 -64 4 0 0 0 0 0 0 0 0 0 -20 15 -20 13 -21 14 -20 13 -19 11 -18 9 -17 9 -16 8 -16 6 -16 7 -16 8 -15 7 -13 5 -12 7 -12 6 -14 6 -9 5 -7 6 -9 3 -6 5 -5 6 -5 5 -5 5 -4 5 -2 5 -2 5 0 0 0 5 1 6 1 5 2 5 1 3 2 4 3 5 5 4 4 5 5 7 5 6 6 4 5 4 7 5 6 4 6 3 8 4 6 3 7 2 8 2 9 3 9 3 8 1 10 2 7 1 8 3 0 0 0 0 0 0 0 0 0 0 ]
114,1782976412.587018,10.0498,-74,CSI_DATA,AP,98:F4:AB:29:67:94,-74,11,0,0,0,0,0,0,0,0,0,-96,0,6,1,50966063,0,84,0,0,51.3492,128,[84 -64 4 0 0 0 0 0 0 0 0 0 20 -40 19 -34 21 -41 19 -37 21 -35 19 -30 19 -31 19 -27 18 -29 18 -27 20 -26 16 -26 15 -23 14 -25 13 -22 13 -27 12 -23 10 -22 9 -19 10 -17 8 -16 8 -15 6 -15 6 -14 4 -13 3 -11 0 0 3 -11 2 -13 2 -12 1 -12 2 -9 0 -10 -1 -9 -1 -7 -2 -7 -2 -6 -2 -7 -2 -5 -2 -5 -1 -3 -1 -4 -2 -6 -1 -6 -4 -3 -1 -3 -2 -5 -1 -4 -2 -3 0 -2 -1 -3 -2 -3 -1 -1 0 0 0 0 0 0 0 0 0 0 ]
115,1782976412.867244,10.9554,-74,CSI_DATA,AP,98:F4:AB:29:67:94,-74,11,1,2,1,1,1,0,0,0,0,-96,0,6,1,51049044,0,84,0,0,51.4321,384,[84 -64 4 0 0 0 0 0 0 0 0 0 32 21 28 22 28 21 26 24 26 22 23 21 23 22 20 24 20 22 19 21 20 21 19 21 19 19 19 17 17 18 19 23 17 13 17 15 14 16 14 15 12 15 13 14 13 13 13 12 12 10 11 10 0 0 13 8 12 8 12 6 12 4 9 5 12 5 11 2 10 2 12 2 12 0 10 -1 9 -1 10 -3 9 -1 12 -2 8 -4 9 -4 9 -6 8 -6 8 -4 8 -8 8 -7 5 -6 6 -9 7 -11 4 -8 0 0 0 0 0 0 0 0 0 0 ]
116,1782976413.139540,15.0450,-71,CSI_DATA,AP,98:F4:AB:29:67:94,-71,11,1,2,1,1,1,0,0,0,0,-96,0,6,1,51134640,0,84,0,0,51.5177,384,[84 -64 4 0 0 0 0 0 0 0 0 0 30 -4 27 -2 30 -2 28 1 29 -1 27 1 27 2 28 3 28 0 26 4 26 4 27 5 24 5 24 4 23 4 25 2 22 4 24 4 19 5 20 3 19 3 20 2 18 2 18 1 18 2 17 1 0 0 16 0 16 -1 16 -2 15 -3 13 -2 13 -4 12 -2 13 -5 11 -4 12 -6 12 -6 11 -6 11 -6 10 -7 11 -7 9 -8 11 -9 10 -8 8 -9 7 -9 9 -10 8 -9 8 -10 7 -10 7 -11 5 -10 0 0 0 0 0 0 0 0 0 0 ]
117,1782976413.399452,17.6819,-67,CSI_DATA,AP,98:F4:AB:29:67:94,-67,11,0,0,0,0,0,0,0,0,0,-96,0,6,1,51226685,0,84,0,0,51.6099,128,[84 -64 4 0 0 0 0 0 0 0 0 0 -13 -27 -12 -25 -15 -27 -13 -26 -11 -26 -8 -24 -10 -26 -8 -23 -9 -24 -7 -24 -6 -25 -7 -25 -5 -25 -5 -23 -5 -20 -7 -25 -6 -21 -7 -21 -5 -18 -5 -19 -5 -17 -6 -18 -5 -18 -4 -18 -5 -18 -4 -17 0 0 -6 -15 -8 -16 -9 -14 -9 -14 -7 -13 -8 -14 -9 -12 -8 -12 -11 -10 -8 -12 -9 -12 -8 -11 -10 -10 -9 -9 -10 -11 -10 -10 -11 -10 -9 -9 -9 -8 -11 -7 -10 -8 -11 -7 -10 -9 -11 -8 -11 -8 -10 -7 0 0 0 0 0 0 0 0 0 0 ]
118,1782976413.702799,20.8503,-71,CSI_DATA,AP,98:F4:AB:29:67:94,-71,11,0,0,0,0,0,0,0,0,0,-96,0,6,1,51319867,0,84,0,0,51.703,128,[84 -64 4 0 0 0 0 0 0 0 0 0 29 -30 26 -26 26 -29 26 -28 29 -27 27 -20 28 -23 26 -19 25 -20 28 -18 27 -19 25 -19 25 -18 25 -18 21 -18 24 -19 20 -16 21 -17 20 -12 18 -14 19 -11 17 -16 15 -11 16 -12 15 -14 14 -11 0 0 12 -12 13 -14 9 -14 9 -14 8 -11 7 -13 7 -12 7 -11 4 -13 5 -11 6 -10 5 -9 3 -12 3 -11 3 -10 2 -11 0 -12 1 -10 -1 -9 -1 -10 0 -8 -2 -9 -1 -9 -3 -7 -3 -8 -5 -8 0 0 0 0 0 0 0 0 0 0 ]
119,1782976413.972373,20.5846,-77,CSI_DATA,AP,98:F4:AB:29:67:94,-77,11,1,2,1,1,1,0,0,0,0,-96,0,6,1,51405468,0,84,0,0,51.7884,384,[84 -64 4 0 0 0 0 0 0 0 0 0 18 22 18 21 14 25 15 24 14 23 16 25 12 22 11 22 12 22 12 20 12 20 15 20 12 20 13 18 10 19 11 21 10 17 11 18 13 18 9 18 8 14 6 17 9 16 5 15 8 15 8 14 0 0 10 14 10 10 9 9 8 9 6 10 5 8 8 8 8 7 11 8 6 6 9 5 8 5 9 5 7 5 8 4 8 5 7 2 6 3 9 3 7 2 6 0 9 2 6 2 5 1 5 3 7 0 0 0 0 0 0 0 0 0 0 0 ]
120,1782976414.243279,19.0521,-75,CSI_DATA,AP,98:F4:AB:29:67:94,-75,11,1,2,1,1,1,0,0,0,0,-96,0,6,1,51497262,0,84,0,0,51.8803,384,[84 -64 4 0 0 0 0 0 0 0 0 0 -17 35 -13 31 -20 34 -17 30 -15 31 -17 26 -18 28 -18 27 -17 27 -18 25 -17 23 -16 22 -16 23 -17 20 -12 21 -16 23 -12 19 -14 21 -11 16 -11 17 -9 15 -8 18 -9 13 -10 12 -7 14 -7 13 0 0 -4 13 -3 11 -2 9 -4 13 0 10 0 10 0 9 3 10 4 12 4 10 4 10 2 9 3 9 5 7 4 9 4 7 7 6 5 6 5 6 8 5 8 5 6 6 7 4 6 4 6 4 5 4 0 0 0 0 0 0 0 0 0 0 ]
121,1782976414.510473,20.3206,-70,CSI_DATA,AP,98:F4:AB:29:67:94,-70,11,1,2,1,1,1,0,0,0,0,-96,0,6,1,51587227,0,84,0,0,51.9703,384,[84 -64 4 0 0 0 0 0 0 0 0 0 17 -32 16 -30 19 -32 17 -29 19 -31 19 -26 19 -27 20 -25 20 -26 19 -24 21 -26 19 -25 20 -22 18 -22 18 -20 19 -23 18 -19 18 -20 16 -17 16 -19 15 -17 15 -18 15 -17 13 -17 14 -16 12 -17 0 0 12 -16 10 -17 9 -15 9 -16 8 -14 7 -15 6 -16 6 -15 5 -15 4 -16 2 -15 4 -14 2 -13 2 -14 1 -14 -1 -13 -1 -14 0 -12 -1 -14 -1 -13 -1 -14 -2 -13 -1 -12 -4 -11 -3 -12 -5 -11 0 0 0 0 0 0 0 0 0 0 ]
122,1782976414.768636,22.3877,-65,CSI_DATA,AP,98:F4:AB:29:67:94,-65,11,0,0,0,0,0,0,0,0,0,-96,0,6,1,51677555,0,84,0,0,52.0607,128,[84 -64 4 0 0 0 0 0 0 0 0 0 -10 32 -12 30 -11 31 -13 32 -14 29 -14 26 -15 26 -16 24 -15 25 -13 24 -14 26 -13 27 -14 25 -13 25 -14 22 -15 25 -14 22 -12 21 -13 19 -13 18 -13 18 -12 18 -10 17 -11 20 -10 21 -10 18 0 0 -9 18 -8 19 -7 19 -5 18 -6 15 -5 16 -5 17 -5 15 -3 16 -4 16 -2 17 -2 16 0 17 -1 15 -2 16 0 17 0 16 1 14 0 14 1 14 0 14 2 13 2 13 4 14 4 12 5 13 0 0 0 0 0 0 0 0 0 0 ]
123,1782976415.022064,20.4529,-65,CSI_DATA,AP,98:F4:AB:29:67:94,-65,11,0,0,0,0,0,0,0,0,0,-96,0,6,1,51765476,0,84,0,0,52.1487,128,[84 -64 4 0 0 0 0 0 0 0 0 0 -4 -35 -3 -32 -4 -35 -3 -35 0 -33 2 -30 1 -31 3 -28 2 -31 2 -28 3 -30 1 -29 3 -28 3 -28 3 -26 3 -29 4 -25 2 -23 2 -22 3 -22 3 -20 2 -22 1 -19 1 -21 0 -21 1 -20 0 0 -1 -18 -2 -20 -2 -19 -4 -18 -3 -15 -3 -16 -5 -16 -5 -15 -7 -16 -5 -15 -6 -16 -6 -14 -9 -15 -7 -14 -7 -14 -7 -15 -9 -14 -8 -12 -9 -12 -9 -11 -9 -12 -10 -11 -10 -11 -10 -11 -9 -9 -10 -10 0 0 0 0 0 0 0 0 0 0 ]
124,1782976415.293156,20.1306,-72,CSI_DATA,AP,98:F4:AB:29:67:94,-72,11,1,4,1,1,1,0,0,0,0,-96,0,6,1,51854365,0,84,0,0,52.2375,384,[84 -64 4 0 0 0 0 0 0 0 0 0 -5 29 -5 29 -8 29 -9 27 -10 27 -8 25 -9 25 -11 23 -8 22 -10 23 -10 24 -10 23 -12 22 -9 22 -11 20 -12 22 -10 20 -12 20 -9 19 -9 19 -8 18 -9 18 -7 16 -9 16 -8 17 -7 17 0 0 -6 17 -6 15 -3 16 -5 16 -4 14 -2 15 -3 15 -3 14 1 15 0 15 -2 16 -1 14 0 15 0 16 1 17 3 15 2 16 3 15 3 13 3 12 4 14 5 14 4 13 4 13 5 12 5 13 0 0 0 0 0 0 0 0 0 0 ]
125,1782976415.549787,17.2452,-65,CSI_DATA,AP,98:F4:AB:29:67:94,-65,11,0,0,0,0,0,0,0,0,0,-96,0,6,1,51944753,0,84,0,0,52.3279,128,[84 -64 4 0 0 0 0 0 0 0 0 0 -1 25 -1 22 -3 29 -3 25 -9 23 -8 19 -4 20 -8 21 -6 19 -4 21 -5 21 -4 20 -5 18 -5 17 -5 16 -4 21 -3 17 -4 18 -5 16 -4 14 -3 16 -4 16 -1 13 -2 15 -1 15 -2 14 0 0 0 14 0 14 2 13 4 14 2 12 2 13 3 12 3 13 4 12 4 12 5 13 4 10 6 11 4 10 6 12 7 11 8 11 6 10 6 9 8 9 6 9 8 9 8 10 8 9 8 8 8 8 0 0 0 0 0 0 0 0 0 0 ]
126,1782976415.818017,17.5200,-66,CSI_DATA,AP,98:F4:AB:29:67:94,-66,11,0,0,0,0,0,0,0,0,0,-96,0,6,1,52042076,0,84,0,0,52.4252,128,[84 -64 4 0 0 0 0 0 0 0 0 0 26 -13 25 -11 29 -13 27 -11 28 -9 24 -6 26 -7 24 -4 25 -6 24 -4 26 -4 25 -5 25 -3 24 -5 21 -3 25 -4 21 -4 21 -5 19 -3 20 -3 19 -2 19 -4 17 -3 18 -3 18 -5 17 -4 0 0 16 -6 18 -7 16 -7 15 -9 13 -6 15 -7 14 -8 13 -7 13 -11 14 -9 14 -10 13 -9 13 -11 11 -9 13 -11 12 -11 13 -11 11 -11 11 -10 10 -12 11 -10 10 -12 11 -11 10 -12 9 -12 9 -11 0 0 0 0 0 0 0 0 0 0 ]
127,1782976416.079756,19.0118,-65,CSI_DATA,AP,98:F4:AB:29:67:94,-65,11,0,0,0,0,0,0,0,0,0,-96,0,6,1,52124953,0,84,0,0,52.508,128,[84 -64 4 0 0 0 0 0 0 0 0 0 33 -2 31 -1 34 0 33 0 32 3 27 4 29 3 27 4 28 4 26 3 28 5 28 3 27 6 27 4 24 4 28 4 24 4 23 4 22 4 20 4 20 4 22 2 19 1 21 2 21 1 20 2 0 0 20 -1 21 -1 20 -2 20 -3 16 -2 18 -3 17 -4 16 -4 17 -6 17 -3 18 -4 16 -4 16 -6 16 -5 17 -6 16 -6 17 -6 14 -5 14 -6 13 -7 13 -7 12 -8 13 -7 13 -9 11 -9 11 -9 0 0 0 0 0 0 0 0 0 0 ]
128,1782976416.339280,19.4259,-67,CSI_DATA,AP,98:F4:AB:29:67:94,-67,11,0,0,0,0,0,0,0,0,0,-96,0,6,1,52218258,0,84,0,0,52.6014,128,[84 -64 4 0 0 0 0 0 0 0 0 0 -32 16 -30 14 -34 15 -33 13 -31 10 -29 6 -29 9 -26 6 -29 8 -28 6 -29 5 -29 7 -28 5 -27 7 -24 5 -27 6 -24 4 -23 5 -21 3 -20 4 -19 5 -20 6 -17 6 -19 5 -19 6 -19 6 0 0 -17 8 -17 8 -17 9 -15 9 -13 8 -13 10 -13 11 -12 11 -12 13 -13 11 -14 12 -12 12 -13 12 -11 12 -12 13 -12 13 -12 14 -9 11 -9 11 -7 14 -9 13 -7 14 -8 14 -8 14 -6 14 -7 14 0 0 0 0 0 0 0 0 0 0 ]
129,1782976416.599863,15.2564,-75,CSI_DATA,AP,98:F4:AB:29:67:94,-75,11,1,2,1,1,1,0,0,0,0,-96,0,6,1,52307781,0,84,0,0,52.6909,384,[84 -64 4 0 0 0 0 0 0 0 0 0 -42 0 -39 -2 -39 -1 -37 -1 -39 -3 -35 -3 -36 -5 -34 -8 -30 -6 -32 -5 -31 -6 -31 -7 -28 -6 -28 -5 -26 -7 -27 -6 -24 -4 -22 -5 -20 -4 -20 -4 -19 -4 -18 -3 -17 -2 -16 -1 -13 0 -17 0 0 0 -14 2 -15 1 -11 2 -12 5 -8 3 -9 5 -9 5 -8 5 -7 5 -7 6 -7 8 -6 9 -4 9 -5 9 -2 8 -3 9 -2 7 -3 10 0 9 2 9 -2 12 2 10 2 9 4 10 3 10 4 10 0 0 0 0 0 0 0 0 0 0 ]
130,1782976416.853813,15.6882,-67,CSI_DATA,AP,98:F4:AB:29:67:94,-67,11,0,0,0,0,0,0,0,0,0,-96,0,6,1,52395274,0,84,0,0,52.7784,128,[84 -64 4 0 0 0 0 0 0 0 0 0 5 32 3 31 2 32 1 33 0 29 -3 27 -3 27 -4 26 -3 26 -1 24 0 26 1 26 -1 26 0 26 -2 22 -1 24 -2 22 -2 20 -2 18 -2 17 -2 16 0 17 1 14 2 15 4 17 2 16 0 0 3 13 3 14 5 13 6 12 5 11 5 12 6 11 5 10 9 11 8 10 9 10 9 9 11 9 9 9 9 10 11 9 11 9 10 7 10 9 10 8 11 9 11 7 11 6 12 6 11 5 12 6 0 0 0 0 0 0 0 0 0 0 ]
131,1782976417.115719,16.8926,-72,CSI_DATA,AP,98:F4:AB:29:67:94,-72,11,1,2,1,1,1,0,0,0,0,-96,0,6,1,52485627,0,84,0,0,52.8687,384,[84 -64 4 0 0 0 0 0 0 0 0 0 3 -35 5 -29 7 -30 8 -29 8 -28 7 -26 9 -24 7 -25 9 -25 7 -25 10 -24 9 -24 6 -22 8 -24 8 -20 9 -20 8 -20 7 -18 6 -16 6 -17 5 -18 3 -17 3 -17 2 -16 3 -17 2 -16 0 0 0 -16 0 -16 -2 -15 0 -16 -1 -13 -1 -16 -2 -18 -5 -16 -2 -17 -6 -15 -6 -17 -6 -16 -5 -17 -6 -16 -6 -18 -8 -18 -6 -17 -9 -15 -8 -18 -7 -17 -6 -17 -7 -17 -10 -19 -9 -18 -8 -17 -9 -18 0 0 0 0 0 0 0 0 0 0 ]
132,1782976417.378665,15.9420,-68,CSI_DATA,AP,98:F4:AB:29:67:94,-68,11,0,0,0,0,0,0,0,0,0,-96,0,6,1,52577147,0,84,0,0,52.9603,128,[84 -64 4 0 0 0 0 0 0 0 0 0 17 -28 16 -24 18 -27 19 -26 19 -23 17 -19 18 -20 17 -17 17 -19 17 -18 17 -18 17 -17 17 -15 16 -16 14 -14 16 -15 14 -13 12 -13 11 -11 11 -11 9 -10 9 -11 7 -11 7 -12 7 -13 6 -10 0 0 3 -11 3 -13 3 -12 1 -13 1 -12 2 -12 0 -12 0 -12 -2 -12 -1 -13 -1 -14 -1 -13 -3 -15 -2 -14 -2 -15 -3 -15 -3 -14 -4 -13 -3 -15 -5 -13 -4 -14 -4 -14 -5 -13 -5 -14 -5 -13 -6 -13 0 0 0 0 0 0 0 0 0 0 ]
133,1782976417.630496,15.4210,-74,CSI_DATA,AP,98:F4:AB:29:67:94,-74,11,1,4,1,1,1,0,0,0,0,-96,0,6,1,52663355,0,84,0,0,53.0464,384,[84 -64 4 0 0 0 0 0 0 0 0 0 30 -20 28 -13 30 -14 28 -13 30 -14 27 -13 27 -9 29 -9 27 -8 25 -8 25 -10 24 -7 22 -7 25 -7 19 -10 21 -11 20 -8 20 -7 17 -8 16 -6 15 -6 13 -9 15 -7 13 -8 13 -9 10 -8 0 0 10 -10 9 -9 9 -12 7 -13 9 -10 8 -11 6 -11 4 -12 6 -13 5 -13 3 -14 2 -14 1 -12 4 -13 3 -14 1 -15 2 -15 0 -13 -1 -13 -2 -15 -1 -15 -2 -14 -2 -15 -4 -15 -3 -14 -2 -14 0 0 0 0 0 0 0 0 0 0 ]
134,1782976417.870637,14.2140,-75,CSI_DATA,AP,98:F4:AB:29:67:94,-75,11,1,4,1,1,1,0,0,0,0,-96,0,6,1,52753212,0,84,0,0,53.1363,384,[84 -64 4 0 0 0 0 0 0 0 0 0 0 26 0 24 1 28 -4 26 -1 26 -4 26 -5 20 -6 22 -4 25 -6 22 -6 25 -5 21 -7 22 -5 20 -8 20 -8 23 -9 21 -6 18 -9 16 -8 14 -7 17 -5 15 -6 15 -7 15 -6 13 -4 14 0 0 -5 12 -2 11 -3 13 -2 12 -3 11 -2 9 -3 11 0 9 0 10 3 10 4 9 5 9 4 10 4 10 6 9 6 10 5 9 6 8 6 7 6 8 8 8 8 7 8 9 10 8 8 7 11 7 0 0 0 0 0 0 0 0 0 0 ]
135,1782976418.132002,14.6767,-70,CSI_DATA,AP,98:F4:AB:29:67:94,-70,11,1,4,1,1,1,0,0,0,0,-96,0,6,1,52846762,0,84,0,0,53.2298,384,[84 -64 4 0 0 0 0 0 0 0 0 0 18 18 16 17 18 20 15 18 15 19 12 19 13 20 13 19 12 19 12 20 13 20 11 20 10 19 11 18 10 18 11 21 10 19 9 18 9 16 8 17 7 16 8 16 8 15 9 14 8 14 8 14 0 0 9 14 10 11 8 12 10 12 9 11 9 10 10 11 9 9 11 9 12 8 12 8 12 7 11 7 13 6 14 6 13 5 14 6 13 5 13 4 13 4 13 5 14 3 14 4 13 2 14 3 15 2 0 0 0 0 0 0 0 0 0 0 ]
136,1782976418.381121,15.4652,-69,CSI_DATA,AP,98:F4:AB:29:67:94,-69,11,1,4,1,1,1,0,0,0,0,-96,0,6,1,52934429,0,84,0,0,53.3175,384,[84 -64 4 0 0 0 0 0 0 0 0 0 13 20 13 21 12 22 11 21 10 23 8 21 8 22 7 22 8 22 5 21 7 21 7 21 6 21 6 20 5 19 6 21 5 19 5 18 4 17 4 17 4 16 5 16 5 16 6 15 6 14 6 15 0 0 7 14 6 12 7 12 8 13 7 12 8 12 9 11 10 11 10 11 11 11 11 11 10 11 11 10 13 10 13 10 14 10 14 11 13 10 14 10 15 10 15 12 14 10 15 10 15 10 15 11 15 10 0 0 0 0 0 0 0 0 0 0 ]
137,1782976418.631919,15.8873,-71,CSI_DATA,AP,98:F4:AB:29:67:94,-71,11,1,4,1,1,1,0,0,0,0,-96,0,6,1,53022944,0,84,0,0,53.406,384,[84 -64 4 0 0 0 0 0 0 0 0 0 -8 -25 -7 -23 -6 -24 -4 -22 -4 -24 -2 -21 -2 -23 -1 -21 -3 -22 -1 -21 0 -23 0 -21 0 -20 -1 -19 -1 -18 -1 -20 -1 -18 -2 -18 -1 -16 -2 -15 -2 -14 -2 -15 -3 -16 -2 -16 -3 -15 -3 -14 0 0 -4 -14 -7 -14 -7 -13 -8 -14 -6 -13 -9 -13 -8 -13 -8 -13 -9 -14 -12 -14 -12 -14 -10 -12 -10 -14 -10 -12 -12 -14 -12 -13 -12 -15 -11 -14 -11 -15 -12 -12 -13 -15 -14 -14 -11 -16 -14 -14 -14 -15 -14 -14 0 0 0 0 0 0 0 0 0 0 ]
138,1782976418.882407,14.8596,-74,CSI_DATA,AP,98:F4:AB:29:67:94,-74,11,1,4,1,1,1,0,0,0,0,-96,0,6,1,53112620,0,84,0,0,53.4957,384,[84 -64 4 0 0 0 0 0 0 0 0 0 2 -26 4 -25 3 -24 4 -22 6 -24 7 -22 7 -20 7 -20 8 -20 8 -20 7 -19 7 -19 7 -15 5 -18 6 -15 6 -15 5 -16 4 -13 5 -14 4 -12 3 -11 3 -12 2 -13 2 -12 1 -14 0 -12 0 0 0 -13 -1 -14 0 -13 -2 -14 -2 -11 -2 -13 -2 -13 -3 -15 -3 -15 -7 -15 -6 -16 -6 -14 -5 -15 -5 -17 -5 -17 -6 -17 -5 -17 -6 -16 -6 -18 -6 -17 -4 -18 -5 -17 -3 -17 -7 -16 -5 -20 -6 -16 0 0 0 0 0 0 0 0 0 0 ]
139,1782976419.142216,14.4582,-78,CSI_DATA,AP,98:F4:AB:29:67:94,-78,11,1,4,1,1,1,0,0,0,0,-96,0,6,1,53206750,0,84,0,0,53.5898,384,[84 -64 4 0 0 0 0 0 0 0 0 0 -9 16 -9 14 -8 15 -9 12 -10 11 -9 11 -9 10 -8 9 -9 8 -9 8 -8 8 -8 9 -7 8 -6 7 -5 7 -8 7 -7 6 -6 6 -4 6 -4 6 -4 6 -3 7 -3 5 -3 7 -4 7 -2 7 0 0 -1 6 -1 7 -1 7 -1 6 0 7 2 6 0 6 1 8 1 6 2 7 1 8 1 7 2 7 1 7 0 8 2 8 3 7 2 8 -1 7 2 8 1 7 2 8 3 7 1 8 1 8 1 7 0 0 0 0 0 0 0 0 0 0 ]
140,1782976419.396360,14.7607,-76,CSI_DATA,AP,98:F4:AB:29:67:94,-76,11,1,4,1,1,1,0,0,0,0,-96,0,6,1,53294067,0,84,0,0,53.6771,384,[84 -64 4 0 0 0 0 0 0 0 0 0 16 -14 17 -13 17 -13 16 -11 16 -11 16 -10 15 -8 15 -8 15 -7 13 -7 13 -7 14 -6 12 -7 11 -7 11 -6 11 -6 10 -5 9 -5 8 -5 6 -4 6 -4 5 -5 6 -5 4 -5 4 -6 3 -6 0 0 2 -8 1 -6 1 -7 0 -6 -1 -6 -1 -6 -1 -7 -2 -6 -1 -7 -2 -7 -3 -7 -2 -6 -3 -8 -4 -7 -5 -6 -5 -6 -4 -7 -4 -6 -7 -7 -6 -6 -5 -6 -7 -5 -7 -6 -7 -5 -8 -5 -8 -6 0 0 0 0 0 0 0 0 0 0 ]
141,1782976419.649088,14.0556,-72,CSI_DATA,AP,98:F4:AB:29:67:94,-72,11,1,4,1,1,1,0,0,0,0,-96,0,6,1,53385155,0,84,0,0,53.7682,384,[84 -64 4 0 0 0 0 0 0 0 0 0 24 -11 23 -9 24 -10 22 -9 23 -8 22 -5 23 -6 23 -6 22 -6 21 -5 22 -4 21 -3 19 -3 18 -3 16 -4 20 -4 17 -3 18 -4 14 -3 15 -3 14 -4 14 -4 15 -5 12 -4 13 -4 12 -5 0 0 11 -5 10 -5 10 -6 11 -7 9 -5 8 -7 8 -8 8 -7 8 -8 7 -8 7 -9 6 -7 7 -8 5 -8 7 -10 5 -9 5 -9 5 -10 4 -9 4 -9 3 -8 4 -9 4 -9 3 -9 3 -8 2 -9 0 0 0 0 0 0 0 0 0 0 ]
142,1782976419.924082,16.0283,-68,CSI_DATA,AP,98:F4:AB:29:67:94,-68,11,0,0,0,0,0,0,0,0,0,-96,0,6,1,53475664,0,84,0,0,53.8588,128,[84 -64 4 0 0 0 0 0 0 0 0 0 31 -3 31 -2 32 -2 34 -1 30 0 28 2 30 2 27 6 29 3 26 2 28 1 29 0 27 1 27 0 24 3 27 1 24 3 21 1 21 3 20 3 19 3 20 3 17 0 19 -1 18 -2 18 0 0 0 16 -3 17 -3 16 -4 15 -5 13 -4 14 -5 14 -4 13 -5 13 -6 12 -6 13 -7 11 -8 12 -9 11 -6 11 -7 12 -7 11 -8 9 -7 10 -6 8 -6 9 -7 9 -7 8 -8 7 -8 5 -9 7 -8 0 0 0 0 0 0 0 0 0 0 ]
143,1782976420.213008,18.6546,-72,CSI_DATA,AP,98:F4:AB:29:67:94,-72,11,0,0,0,0,0,0,0,0,0,-96,0,6,1,53577517,0,84,0,0,53.9607,128,[84 -64 4 0 0 0 0 0 0 0 0 0 21 31 18 31 21 31 20 31 17 32 15 32 17 30 13 29 17 29 15 27 19 26 18 30 18 27 18 26 14 24 19 27 15 22 13 21 12 20 11 18 10 18 11 18 11 13 11 15 14 14 10 13 0 0 11 10 10 11 10 10 10 9 6 8 7 6 8 4 6 5 9 3 7 2 7 3 5 1 8 2 6 2 7 3 5 4 4 3 4 5 3 3 2 2 0 3 1 4 1 3 1 0 0 2 2 1 0 0 0 0 0 0 0 0 0 0 ]
144,1782976420.507518,15.6270,-74,CSI_DATA,AP,98:F4:AB:29:67:94,-74,11,0,0,0,0,0,0,0,0,0,-96,0,6,1,53662122,0,84,0,0,54.0452,128,[84 -64 4 0 0 0 0 0 0 0 0 0 11 36 10 33 12 34 10 35 9 32 5 25 9 26 7 25 6 24 3 22 5 22 5 23 3 21 6 17 3 18 2 21 3 16 2 14 0 15 -3 15 -7 12 -4 11 -6 11 -7 10 -8 9 -9 7 0 0 -9 8 -11 9 -11 9 -9 11 -10 8 -10 9 -11 11 -12 9 -12 14 -14 10 -15 12 -13 11 -12 12 -12 12 -11 14 -11 15 -9 17 -8 12 -6 17 -6 20 -6 19 -5 19 -4 21 -3 22 -1 21 0 20 0 0 0 0 0 0 0 0 0 0 ]
145,1782976420.803444,8.5460,-79,CSI_DATA,AP,98:F4:AB:29:67:94,-79,11,1,4,1,1,1,0,0,0,0,-96,0,6,1,53748713,0,84,0,0,54.1318,384,[84 -64 4 0 0 0 0 0 0 0 0 0 13 5 12 4 9 3 10 5 9 5 8 5 8 4 8 5 9 4 7 3 7 5 6 5 6 4 4 3 4 3 3 3 3 3 1 2 0 1 0 0 -2 0 -1 1 -1 -3 -1 -3 -3 -1 -4 -5 0 0 -4 -3 -4 -4 -4 -5 -6 -5 -6 -6 -7 -6 -8 -7 -7 -7 -7 -7 -8 -8 -7 -8 -9 -8 -8 -8 -10 -7 -10 -6 -10 -8 -12 -7 -12 -8 -14 -6 -12 -7 -13 -8 -14 -8 -14 -8 -14 -7 -14 -7 -14 -8 0 0 0 0 0 0 0 0 0 0 ]
146,1782976421.082879,10.6299,-71,CSI_DATA,AP,98:F4:AB:29:67:94,-71,11,0,0,0,0,0,0,0,0,0,-96,0,6,1,53837790,0,84,0,0,54.221,128,[84 -64 4 0 0 0 0 0 0 0 0 0 -6 -27 -3 -26 -5 -26 -2 -28 -1 -25 -1 -23 -1 -24 1 -22 1 -23 0 -20 0 -21 -1 -22 1 -22 0 -21 0 -18 -1 -18 0 -16 -1 -14 -1 -13 -1 -12 -2 -12 -3 -13 -3 -12 -5 -12 -8 -13 -7 -14 0 0 -9 -13 -10 -12 -12 -11 -13 -10 -12 -11 -14 -13 -14 -12 -14 -15 -16 -14 -14 -15 -17 -16 -16 -13 -18 -14 -16 -16 -17 -15 -19 -18 -19 -16 -20 -16 -19 -18 -20 -16 -18 -18 -20 -19 -21 -18 -21 -20 -22 -18 -22 -20 0 0 0 0 0 0 0 0 0 0 ]
147,1782976421.341448,9.2746,-75,CSI_DATA,AP,98:F4:AB:29:67:94,-75,11,1,4,1,1,1,0,0,0,0,-96,0,6,1,53924397,0,84,0,0,54.3075,384,[84 -64 4 0 0 0 0 0 0 0 0 0 10 -21 11 -18 13 -16 10 -18 11 -19 13 -15 11 -16 12 -15 12 -16 10 -13 12 -14 12 -13 12 -11 11 -11 9 -10 10 -11 10 -10 9 -10 7 -9 6 -9 6 -8 5 -9 4 -11 3 -11 4 -9 3 -12 0 0 2 -10 0 -11 0 -12 1 -14 -2 -11 -2 -13 -1 -14 -2 -15 -2 -15 -2 -16 -2 -15 -1 -15 -3 -15 -4 -14 -6 -17 -5 -16 -5 -17 -5 -16 -5 -17 -6 -17 -5 -19 -5 -18 -6 -19 -5 -20 -5 -21 -5 -20 0 0 0 0 0 0 0 0 0 0 ]
148,1782976421.592758,8.2274,-75,CSI_DATA,AP,98:F4:AB:29:67:94,-75,11,1,4,1,1,1,0,0,0,0,-96,0,6,1,54013585,0,84,0,0,54.3966,384,[84 -64 4 0 0 0 0 0 0 0 0 0 -3 11 -2 11 -4 11 -3 12 -3 11 -4 10 -5 11 -5 12 -6 13 -7 11 -6 11 -7 10 -6 10 -8 8 -6 9 -7 10 -5 8 -6 8 -5 7 -5 8 -5 8 -4 9 -5 9 -4 8 -2 9 -4 8 0 0 -3 9 -4 10 -2 10 -1 11 -2 10 -1 11 -3 10 -1 12 -2 11 -3 12 -2 12 -3 13 -2 12 -1 13 0 13 0 14 0 14 0 14 0 14 0 14 1 17 -1 15 -2 16 -1 17 1 16 -1 14 0 0 0 0 0 0 0 0 0 0 ]
149,1782976421.854111,9.7807,-72,CSI_DATA,AP,98:F4:AB:29:67:94,-72,11,1,4,1,1,1,0,0,0,0,-96,0,6,1,54104471,0,84,0,0,54.4875,384,[84 -64 4 0 0 0 0 0 0 0 0 0 8 15 8 14 7 16 6 15 5 15 5 15 6 16 4 16 4 16 2 14 3 16 1 15 1 15 1 14 2 14 2 15 2 15 3 14 2 11 0 13 0 13 3 13 1 12 1 11 1 12 3 12 0 0 1 10 1 12 3 11 3 13 3 10 4 12 4 13 6 13 5 13 5 14 5 13 4 12 5 13 6 11 7 12 7 12 6 13 7 13 8 14 9 14 7 14 7 13 7 16 8 15 8 15 6 14 0 0 0 0 0 0 0 0 0 0 ]
150,1782976422.104509,9.0748,-73,CSI_DATA,AP,98:F4:AB:29:67:94,-73,11,1,4,1,1,1,0,0,0,0,-96,0,6,1,54192634,0,84,0,0,54.5757,384,[84 -64 4 0 0 0 0 0 0 0 0 0 -10 14 -11 13 -12 13 -13 13 -13 14 -14 12 -13 11 -14 10 -14 11 -13 8 -14 10 -14 9 -13 8 -13 7 -12 8 -13 7 -12 5 -11 4 -9 5 -10 4 -10 6 -9 5 -9 6 -9 4 -7 5 -7 6 0 0 -6 7 -5 8 -5 8 -3 7 -4 8 -4 8 -4 9 -5 10 -4 11 -2 11 -3 12 -2 11 -3 11 -2 12 -2 12 -1 12 -2 13 -1 14 -2 15 -1 15 -1 16 -1 16 -3 16 -1 15 -1 16 1 17 0 0 0 0 0 0 0 0 0 0 ]
151,1782976422.356840,13.7063,-68,CSI_DATA,AP,98:F4:AB:29:67:94,-68,11,1,4,1,1,1,0,0,0,0,-96,0,6,1,54293957,0,84,0,0,54.677,384,[84 -64 4 0 0 0 0 0 0 0 0 0 7 -26 8 -25 8 -23 10 -23 10 -23 10 -22 13 -21 13 -21 13 -21 12 -19 12 -19 12 -19 11 -18 13 -17 12 -16 12 -18 11 -17 11 -15 10 -15 10 -15 10 -14 10 -14 9 -14 8 -14 7 -15 7 -15 0 0 7 -15 6 -15 5 -16 3 -16 3 -15 5 -17 4 -18 3 -17 2 -18 2 -18 2 -18 1 -18 2 -19 2 -18 1 -19 0 -19 0 -19 0 -20 0 -20 -1 -21 0 -21 -1 -20 0 -20 -2 -20 -2 -21 -1 -22 0 0 0 0 0 0 0 0 0 0 ]
152,1782976422.615635,14.9003,-71,CSI_DATA,AP,98:F4:AB:29:67:94,-71,11,1,4,1,1,1,0,0,0,0,-96,0,6,1,54372542,0,84,0,0,54.7555,384,[84 -64 4 0 0 0 0 0 0 0 0 0 -19 -5 -17 -5 -19 -6 -16 -5 -19 -6 -16 -8 -16 -7 -13 -8 -16 -7 -16 -9 -15 -8 -14 -8 -12 -8 -12 -8 -12 -8 -15 -7 -11 -5 -14 -4 -12 -5 -13 -4 -12 -4 -13 -4 -14 -4 -12 -3 -12 -3 -14 -3 0 0 -14 -2 -15 -1 -14 0 -17 0 -15 0 -17 0 -17 1 -17 0 -18 1 -19 0 -18 1 -18 0 -17 1 -16 2 -19 3 -18 3 -21 2 -19 2 -20 3 -20 4 -21 2 -21 3 -23 1 -22 2 -22 1 -21 1 0 0 0 0 0 0 0 0 0 0 ]
153,1782976422.865664,15.4320,-72,CSI_DATA,AP,98:F4:AB:29:67:94,-72,11,1,4,1,1,1,0,0,0,0,-96,0,6,1,54463903,0,84,0,0,54.847,384,[84 -64 4 0 0 0 0 0 0 0 0 0 18 4 19 7 19 7 16 8 17 9 17 8 17 10 15 10 16 10 14 11 15 11 15 11 15 11 13 11 13 10 14 11 14 10 13 10 12 10 13 9 12 9 12 9 12 10 11 8 11 8 12 7 0 0 12 6 13 6 13 5 13 4 13 4 13 4 13 4 14 4 15 2 15 3 14 4 14 3 14 2 15 1 16 0 16 0 16 -1 16 -1 18 -1 17 -1 17 -2 17 -2 18 -2 18 -2 18 -2 17 -2 0 0 0 0 0 0 0 0 0 0 ]
154,1782976423.116344,17.0506,-70,CSI_DATA,AP,98:F4:AB:29:67:94,-70,11,1,4,1,1,1,0,0,0,0,-96,0,6,1,54554751,0,84,0,0,54.9378,384,[84 -64 4 0 0 0 0 0 0 0 0 0 -11 -19 -10 -19 -9 -20 -8 -21 -8 -20 -7 -21 -6 -21 -6 -21 -5 -21 -6 -22 -7 -21 -6 -22 -6 -22 -5 -22 -4 -19 -5 -22 -4 -20 -4 -20 -4 -19 -4 -19 -4 -18 -3 -19 -3 -18 -5 -17 -4 -18 -5 -19 0 0 -6 -19 -6 -18 -6 -17 -7 -18 -7 -17 -7 -18 -6 -18 -6 -18 -8 -18 -10 -18 -11 -19 -9 -16 -10 -18 -10 -18 -10 -20 -10 -18 -9 -18 -12 -19 -10 -19 -10 -20 -10 -19 -10 -18 -10 -19 -12 -19 -11 -19 -11 -19 0 0 0 0 0 0 0 0 0 0 ]
155,1782976423.358377,14.6487,-71,CSI_DATA,AP,98:F4:AB:29:67:94,-71,11,1,4,1,1,1,0,0,0,0,-96,0,6,1,54645365,0,84,0,0,55.0284,384,[84 -64 4 0 0 0 0 0 0 0 0 0 -8 22 -8 21 -10 21 -9 20 -10 20 -10 19 -11 20 -13 18 -12 16 -11 15 -13 15 -12 16 -12 14 -11 14 -11 13 -12 15 -11 12 -10 13 -10 11 -9 10 -8 10 -8 11 -6 11 -6 9 -6 11 -5 11 0 0 -4 12 -4 14 -3 13 -4 13 -2 12 -2 13 -2 14 -1 14 0 14 1 16 0 16 0 16 -1 16 0 16 0 17 1 17 1 17 1 17 2 19 1 17 1 17 1 18 2 19 1 18 0 19 2 19 0 0 0 0 0 0 0 0 0 0 ]
156,1782976423.621669,14.3120,-70,CSI_DATA,AP,98:F4:AB:29:67:94,-70,11,1,4,1,1,1,0,0,0,0,-96,0,6,1,54733497,0,84,0,0,55.1165,384,[84 -64 4 0 0 0 0 0 0 0 0 0 22 -5 21 -4 22 -4 21 -3 22 -2 20 -1 20 1 19 1 19 1 18 1 18 1 18 0 17 1 17 2 15 1 17 1 14 1 15 0 13 0 13 0 13 0 13 -1 12 -1 12 -2 12 -2 12 -3 0 0 12 -4 12 -5 11 -5 12 -5 11 -5 12 -6 13 -7 12 -7 14 -7 13 -8 13 -9 12 -8 13 -9 12 -9 13 -10 12 -10 14 -11 13 -9 13 -11 13 -11 15 -11 13 -12 14 -12 14 -13 14 -11 13 -11 0 0 0 0 0 0 0 0 0 0 ]
157,1782976423.872636,15.3107,-71,CSI_DATA,AP,98:F4:AB:29:67:94,-71,11,1,4,1,1,1,0,0,0,0,-96,0,6,1,54824082,0,84,0,0,55.2072,384,[84 -64 4 0 0 0 0 0 0 0 0 0 -16 -24 -13 -23 -14 -25 -11 -22 -11 -23 -10 -22 -9 -23 -8 -23 -9 -23 -7 -23 -8 -22 -7 -23 -6 -21 -6 -21 -5 -20 -8 -22 -6 -19 -8 -20 -6 -18 -5 -17 -6 -18 -6 -17 -6 -17 -8 -16 -7 -16 -9 -17 0 0 -9 -15 -9 -16 -8 -14 -11 -16 -9 -14 -10 -14 -11 -14 -11 -14 -12 -14 -13 -16 -13 -15 -13 -15 -12 -15 -13 -14 -14 -16 -13 -14 -14 -16 -14 -14 -14 -15 -14 -14 -14 -16 -14 -14 -14 -16 -14 -14 -14 -15 -15 -15 0 0 0 0 0 0 0 0 0 0 ]
158,1782976424.129031,15.6985,-70,CSI_DATA,AP,98:F4:AB:29:67:94,-70,11,1,4,1,1,1,0,0,0,0,-96,0,6,1,54915802,0,84,0,0,55.2988,384,[84 -64 4 0 0 0 0 0 0 0 0 0 -18 22 -18 20 -18 20 -19 18 -19 18 -20 17 -20 16 -21 13 -20 14 -19 14 -18 15 -19 15 -19 13 -18 13 -18 13 -18 12 -18 13 -16 11 -16 11 -16 11 -16 10 -14 10 -15 10 -12 10 -11 12 -12 12 0 0 -12 13 -10 13 -10 13 -9 14 -9 13 -10 14 -10 14 -9 14 -9 16 -7 16 -6 18 -7 16 -7 16 -7 18 -6 17 -5 19 -6 18 -7 18 -7 19 -7 18 -7 19 -7 19 -6 18 -4 20 -5 19 -6 18 0 0 0 0 0 0 0 0 0 0 ]
159,1782976424.379043,15.7221,-73,CSI_DATA,AP,98:F4:AB:29:67:94,-73,11,1,4,1,1,1,0,0,0,0,-96,0,6,1,55005904,0,84,0,0,55.389,384,[84 -64 4 0 0 0 0 0 0 0 0 0 30 -9 29 -4 30 -5 28 -2 29 -3 26 0 27 -1 26 0 27 0 24 1 24 0 22 1 21 1 22 0 21 -1 21 -1 18 2 17 0 17 -1 17 -2 15 -1 14 -3 15 -3 15 -5 15 -4 16 -9 0 0 15 -8 14 -8 15 -9 15 -10 13 -9 15 -11 15 -11 15 -12 16 -13 16 -14 17 -13 14 -14 16 -14 16 -12 18 -14 15 -15 18 -15 16 -15 16 -16 15 -16 17 -16 15 -16 15 -16 17 -17 15 -17 18 -16 0 0 0 0 0 0 0 0 0 0 ]
160,1782976424.721596,16.3460,-72,CSI_DATA,AP,98:F4:AB:29:67:94,-72,11,1,4,1,1,1,0,0,0,0,-96,0,6,1,79662556,0,84,0,0,80.0455,384,[84 -64 4 0 0 0 0 0 0 0 0 0 -15 16 -15 16 -16 18 -15 16 -16 14 -17 14 -18 15 -16 11 -15 12 -16 13 -16 12 -17 13 -17 13 -16 12 -13 11 -17 12 -15 12 -15 11 -15 8 -15 10 -14 9 -14 11 -15 11 -14 10 -14 10 -14 11 0 0 -14 10 -13 11 -12 11 -13 12 -11 11 -12 12 -12 13 -12 12 -11 13 -12 14 -11 14 -12 12 -11 12 -10 12 -12 14 -10 14 -11 14 -11 13 -10 15 -12 14 -12 15 -11 12 -10 16 -10 16 -11 14 -10 14 0 0 0 0 0 0 0 0 0 0 ]
161,1782976424.933722,20.0229,-72,CSI_DATA,AP,98:F4:AB:29:67:94,-72,11,1,4,1,1,1,0,0,0,0,-96,0,6,1,79753553,0,84,0,0,80.1366,384,[84 -64 4 0 0 0 0 0 0 0 0 0 -24 -11 -23 -10 -23 -12 -23 -11 -22 -12 -21 -11 -19 -14 -19 -14 -19 -14 -19 -13 -20 -14 -20 -12 -18 -13 -18 -13 -17 -14 -17 -14 -16 -14 -17 -14 -16 -13 -14 -14 -14 -14 -15 -13 -14 -13 -16 -11 -16 -14 -16 -11 0 0 -15 -12 -17 -11 -17 -11 -17 -11 -15 -10 -15 -11 -16 -11 -16 -12 -14 -11 -16 -10 -18 -9 -17 -9 -17 -9 -18 -9 -18 -9 -18 -8 -19 -8 -17 -7 -18 -9 -17 -7 -20 -9 -18 -9 -19 -8 -19 -8 -21 -8 -20 -7 0 0 0 0 0 0 0 0 0 0 ]
162,1782976425.175371,19.4479,-72,CSI_DATA,AP,98:F4:AB:29:67:94,-72,11,1,4,1,1,1,0,0,0,0,-96,0,6,1,79844991,0,84,0,0,80.2281,384,[84 -64 4 0 0 0 0 0 0 0 0 0 3 22 4 20 3 21 2 20 1 20 -1 21 0 22 0 21 1 20 -1 21 -1 21 0 21 -2 19 -3 21 -2 18 -1 20 -2 20 -2 19 -3 16 -1 15 -3 17 -2 17 -2 17 -2 16 -2 18 0 17 0 0 -1 17 -1 17 0 16 0 17 0 15 0 17 1 16 1 16 2 18 1 17 2 17 2 18 2 16 2 16 1 16 2 17 2 17 2 17 3 18 2 16 3 17 2 17 3 18 4 18 3 19 3 18 0 0 0 0 0 0 0 0 0 0 ]
163,1782976425.438187,19.9254,-72,CSI_DATA,AP,98:F4:AB:29:67:94,-72,11,1,4,1,1,1,0,0,0,0,-96,0,6,1,79935245,0,84,0,0,80.3183,384,[84 -64 4 0 0 0 0 0 0 0 0 0 23 -6 24 -5 25 -3 21 -4 24 -2 23 -1 24 -1 23 -1 22 0 21 0 23 1 23 1 22 3 21 2 21 1 22 1 21 0 21 0 18 1 19 1 18 2 18 1 20 -1 19 -1 19 1 17 0 0 0 19 0 19 -1 18 -1 19 -3 17 0 20 -2 19 -3 18 -5 19 -4 19 -3 20 -5 18 -3 18 -4 17 -5 20 -5 18 -6 18 -5 19 -6 19 -5 18 -7 18 -7 17 -7 20 -6 21 -6 18 -6 20 -7 0 0 0 0 0 0 0 0 0 0 ]
164,1782976425.695356,21.2359,-70,CSI_DATA,AP,98:F4:AB:29:67:94,-70,11,1,2,1,1,1,0,0,0,0,-96,0,6,1,80026093,0,84,0,0,80.4092,384,[84 -64 4 0 0 0 0 0 0 0 0 0 5 -27 4 -24 5 -26 5 -24 5 -24 7 -23 7 -23 8 -22 8 -25 10 -23 9 -23 10 -22 9 -22 9 -22 8 -20 9 -23 8 -20 9 -22 9 -19 8 -21 9 -19 7 -19 9 -19 8 -20 9 -19 7 -20 0 0 6 -20 6 -22 5 -20 5 -23 6 -18 3 -21 3 -19 5 -19 4 -20 4 -22 2 -23 4 -20 2 -21 3 -20 2 -24 1 -22 2 -25 3 -21 2 -22 0 -22 2 -22 1 -22 1 -24 2 -23 2 -24 1 -22 0 0 0 0 0 0 0 0 0 0 ]
165,1782976425.955081,20.1586,-66,CSI_DATA,AP,98:F4:AB:29:67:94,-66,11,0,0,0,0,0,0,0,0,0,-96,0,6,1,80120472,0,84,0,0,80.5036,128,[84 -64 4 0 0 0 0 0 0 0 0 0 19 13 16 13 19 13 18 14 17 15 15 14 15 15 12 16 14 16 14 14 15 15 15 16 15 17 15 14 12 14 15 16 13 15 13 13 11 13 12 14 11 14 13 14 12 13 13 13 15 13 13 14 0 0 14 13 15 14 16 12 16 12 13 12 14 13 14 13 13 12 16 12 13 13 17 14 15 11 17 11 14 13 16 13 15 14 18 13 15 11 15 13 16 12 15 13 16 13 16 12 17 12 16 11 17 13 0 0 0 0 0 0 0 0 0 0 ]
166,1782976426.224094,19.0742,-71,CSI_DATA,AP,98:F4:AB:29:67:94,-71,11,1,4,1,1,1,0,0,0,0,-96,0,6,1,80203319,0,84,0,0,80.5864,384,[84 -64 4 0 0 0 0 0 0 0 0 0 -19 13 -19 11 -20 12 -18 11 -20 11 -20 11 -20 10 -19 9 -20 11 -18 8 -19 8 -18 9 -20 9 -20 7 -19 7 -19 9 -17 8 -18 7 -17 7 -16 7 -17 6 -17 8 -17 6 -17 7 -17 7 -16 8 0 0 -16 8 -16 10 -16 10 -15 9 -15 9 -16 9 -15 8 -16 10 -15 11 -15 9 -16 12 -15 10 -15 9 -16 11 -15 13 -15 12 -16 11 -15 12 -17 12 -14 13 -14 13 -15 11 -15 14 -16 13 -16 13 -15 14 0 0 0 0 0 0 0 0 0 0 ]
167,1782976426.482638,21.1138,-71,CSI_DATA,AP,98:F4:AB:29:67:94,-71,11,1,4,1,1,1,0,0,0,0,-96,0,6,1,80292283,0,84,0,0,80.6753,384,[84 -64 4 0 0 0 0 0 0 0 0 0 -25 -4 -24 -5 -23 -5 -22 -6 -25 -7 -23 -6 -23 -8 -22 -8 -22 -9 -22 -8 -22 -9 -23 -9 -22 -9 -22 -9 -21 -8 -22 -10 -20 -7 -21 -8 -19 -9 -19 -8 -19 -9 -19 -7 -19 -8 -18 -8 -21 -8 -19 -8 0 0 -20 -7 -20 -7 -21 -5 -21 -6 -19 -5 -20 -7 -19 -6 -20 -5 -20 -5 -22 -5 -22 -5 -19 -4 -20 -4 -20 -6 -21 -3 -21 -4 -22 -3 -22 -3 -22 -4 -22 -2 -21 -5 -22 -2 -23 -3 -22 -2 -22 -3 -22 -3 0 0 0 0 0 0 0 0 0 0 ]
168,1782976426.738923,20.9617,-71,CSI_DATA,AP,98:F4:AB:29:67:94,-71,11,1,4,1,1,1,0,0,0,0,-96,0,6,1,80383887,0,84,0,0,80.7669,384,[84 -64 4 0 0 0 0 0 0 0 0 0 -5 -27 -4 -23 -4 -26 -3 -23 -2 -25 -3 -23 0 -24 0 -25 -1 -24 1 -25 1 -24 2 -25 1 -22 1 -23 0 -22 0 -25 0 -22 1 -23 2 -19 2 -21 1 -20 1 -20 1 -21 1 -21 1 -21 1 -20 0 0 0 -21 -1 -21 -2 -20 -4 -22 -1 -20 -2 -20 -2 -20 -1 -21 -3 -21 -4 -21 -5 -22 -4 -20 -4 -20 -3 -20 -5 -22 -5 -20 -6 -22 -4 -20 -4 -21 -6 -20 -5 -21 -7 -22 -5 -23 -6 -22 -6 -22 -5 -21 0 0 0 0 0 0 0 0 0 0 ]
169,1782976426.999766,18.5994,-72,CSI_DATA,AP,98:F4:AB:29:67:94,-72,11,1,4,1,1,1,0,0,0,0,-96,0,6,1,80472769,0,84,0,0,80.8558,384,[84 -64 4 0 0 0 0 0 0 0 0 0 24 -7 21 -7 23 -7 23 -6 23 -4 23 -4 22 -2 22 -3 22 0 21 -1 22 -2 21 -3 22 -1 19 -3 19 -1 21 1 19 -1 20 -1 18 -1 16 0 16 1 18 -1 15 -1 17 -1 17 -1 16 -1 0 0 18 -1 17 -3 17 -4 17 -4 14 -3 16 -3 15 -4 17 -3 17 -5 18 -7 18 -7 16 -6 16 -5 17 -5 16 -6 17 -6 17 -8 17 -7 17 -6 16 -5 17 -8 18 -7 17 -8 16 -9 17 -8 15 -8 0 0 0 0 0 0 0 0 0 0 ]
170,1782976427.248278,16.0634,-74,CSI_DATA,AP,98:F4:AB:29:67:94,-74,11,1,4,1,1,1,0,0,0,0,-96,0,6,1,80563832,0,84,0,0,80.9469,384,[84 -64 4 0 0 0 0 0 0 0 0 0 -20 -7 -20 -7 -21 -7 -19 -7 -18 -7 -17 -8 -18 -8 -16 -9 -17 -9 -15 -10 -16 -9 -16 -10 -15 -10 -15 -9 -14 -9 -15 -10 -15 -10 -13 -9 -12 -8 -13 -9 -15 -7 -13 -9 -13 -7 -13 -8 -13 -7 -14 -6 0 0 -14 -7 -14 -7 -15 -6 -14 -5 -12 -6 -13 -6 -14 -6 -14 -4 -16 -6 -16 -4 -16 -3 -16 -4 -15 -5 -15 -6 -17 -5 -15 -6 -17 -5 -17 -4 -16 -4 -16 -6 -18 -5 -17 -5 -17 -6 -17 -5 -18 -4 -17 -6 0 0 0 0 0 0 0 0 0 0 ]
171,1782976427.500410,13.6023,-74,CSI_DATA,AP,98:F4:AB:29:67:94,-74,11,1,4,1,1,1,0,0,0,0,-96,0,6,1,80652989,0,84,0,0,81.0361,384,[84 -64 4 0 0 0 0 0 0 0 0 0 -16 9 -15 6 -16 6 -16 7 -16 6 -14 6 -17 6 -16 5 -15 6 -15 4 -15 5 -15 3 -15 3 -13 4 -13 4 -15 4 -13 6 -15 2 -13 4 -13 5 -13 2 -13 4 -12 4 -13 6 -12 5 -13 5 0 0 -14 5 -13 5 -13 6 -14 7 -11 6 -12 6 -12 6 -12 7 -13 8 -12 7 -12 8 -14 6 -13 7 -12 8 -14 7 -12 8 -14 9 -12 8 -12 10 -12 10 -12 8 -12 9 -13 9 -13 10 -14 9 -13 9 0 0 0 0 0 0 0 0 0 0 ]
172,1782976427.736415,12.7017,-75,CSI_DATA,AP,98:F4:AB:29:67:94,-75,11,1,4,1,1,1,0,0,0,0,-96,0,6,1,80743037,0,84,0,0,81.1261,384,[84 -64 4 0 0 0 0 0 0 0 0 0 2 -18 3 -17 4 -19 4 -16 3 -17 5 -17 5 -17 4 -17 5 -15 5 -14 5 -15 7 -15 6 -15 6 -14 5 -14 6 -16 5 -13 5 -14 5 -12 4 -13 3 -13 3 -14 3 -12 4 -15 5 -14 4 -15 0 0 5 -13 4 -15 3 -13 3 -13 1 -13 2 -14 2 -16 2 -15 2 -15 1 -16 1 -16 1 -15 1 -15 1 -15 3 -17 2 -15 0 -15 1 -15 1 -17 0 -16 2 -17 1 -16 3 -15 1 -15 0 -16 2 -18 0 0 0 0 0 0 0 0 0 0 ]
173,1782976427.992849,12.6625,-74,CSI_DATA,AP,98:F4:AB:29:67:94,-74,11,1,4,1,1,1,0,0,0,0,-96,0,6,1,80833269,0,84,0,0,81.2164,384,[84 -64 4 0 0 0 0 0 0 0 0 0 18 -8 19 -8 17 -8 15 -6 17 -7 18 -5 18 -5 18 -6 18 -5 17 -2 16 -5 18 -3 15 -5 16 -6 15 -4 17 -3 15 -3 13 -3 13 -4 15 -5 16 -4 15 -3 15 -3 13 -6 13 -6 14 -4 0 0 14 -5 15 -5 13 -7 15 -5 12 -6 15 -5 15 -5 14 -5 15 -7 15 -8 13 -8 15 -8 13 -8 15 -7 15 -7 14 -9 14 -8 15 -9 15 -8 15 -10 16 -8 15 -8 17 -8 16 -10 16 -9 17 -9 0 0 0 0 0 0 0 0 0 0 ]
174,1782976428.230103,13.6274,-75,CSI_DATA,AP,98:F4:AB:29:67:94,-75,11,1,4,1,1,1,0,0,0,0,-96,0,6,1,80923022,0,84,0,0,81.3061,384,[84 -64 4 0 0 0 0 0 0 0 0 0 -18 0 -17 1 -21 -1 -18 -1 -19 -1 -17 -3 -18 -3 -17 -2 -16 -2 -16 -3 -16 -2 -15 -3 -17 -2 -15 -3 -16 -2 -17 -2 -14 -3 -15 -2 -14 -2 -16 -1 -15 -1 -14 -2 -16 -3 -15 -2 -15 -2 -14 -1 0 0 -14 1 -15 1 -14 0 -16 0 -13 1 -14 0 -14 0 -15 2 -16 3 -16 4 -17 2 -14 0 -13 1 -14 1 -16 1 -15 3 -17 3 -16 2 -14 4 -15 3 -15 4 -16 6 -16 2 -16 4 -17 3 -17 3 0 0 0 0 0 0 0 0 0 0 ]
175,1782976428.484295,14.6099,-75,CSI_DATA,AP,98:F4:AB:29:67:94,-75,11,1,4,1,1,1,0,0,0,0,-96,0,6,1,81020553,0,84,0,0,81.4036,384,[84 -64 4 0 0 0 0 0 0 0 0 0 17 12 14 11 16 11 13 10 15 10 13 12 13 10 13 11 13 11 11 10 11 10 10 12 10 11 12 10 11 10 13 11 11 10 12 10 10 10 10 9 10 9 11 7 10 9 11 8 11 11 10 9 0 0 11 8 12 7 11 6 11 8 10 6 11 6 12 7 13 6 14 7 14 8 14 7 13 5 13 7 13 5 14 5 15 6 14 4 15 7 15 4 15 3 15 3 15 5 15 6 14 5 17 6 15 6 0 0 0 0 0 0 0 0 0 0 ]
176,1782976428.754703,14.8231,-74,CSI_DATA,AP,98:F4:AB:29:67:94,-74,11,1,4,1,1,1,0,0,0,0,-96,0,6,1,81102445,0,84,0,0,81.4854,384,[84 -64 4 0 0 0 0 0 0 0 0 0 -21 6 -19 4 -18 7 -17 4 -19 4 -17 3 -18 2 -18 1 -17 2 -17 1 -18 1 -16 2 -18 3 -18 2 -13 1 -16 2 -15 1 -16 1 -15 2 -14 2 -13 2 -15 2 -13 1 -15 2 -14 2 -14 3 0 0 -13 3 -15 1 -14 3 -14 4 -13 2 -14 3 -14 4 -13 5 -14 4 -17 4 -15 4 -16 5 -14 5 -14 4 -15 5 -14 6 -15 5 -15 4 -15 5 -15 6 -16 6 -15 4 -17 3 -16 6 -15 4 -16 6 0 0 0 0 0 0 0 0 0 0 ]
177,1782976429.029467,16.5545,-75,CSI_DATA,AP,98:F4:AB:29:67:94,-75,11,1,4,1,1,1,0,0,0,0,-96,0,6,1,81193171,0,84,0,0,81.5762,384,[84 -64 4 0 0 0 0 0 0 0 0 0 20 -4 18 -4 19 -4 18 -6 20 -5 20 -3 18 0 18 -2 18 0 17 0 18 -1 17 0 18 1 17 -2 16 -2 17 1 17 2 14 1 15 0 13 -1 15 0 14 0 15 -1 15 -1 16 0 16 -1 0 0 14 0 16 -2 17 -3 14 -1 15 -4 14 1 14 -2 15 -3 19 -1 15 -4 15 -4 15 -5 15 -4 15 -2 15 -4 16 -4 16 -4 16 -2 18 -4 16 -4 18 -2 16 -2 17 -2 18 -4 17 -3 16 -3 0 0 0 0 0 0 0 0 0 0 ]
178,1782976429.311401,15.9857,-75,CSI_DATA,AP,98:F4:AB:29:67:94,-75,11,1,4,1,1,1,0,0,0,0,-96,0,6,1,81283594,0,84,0,0,81.6667,384,[84 -64 4 0 0 0 0 0 0 0 0 0 -19 -7 -18 -6 -18 -6 -18 -6 -17 -7 -15 -9 -15 -10 -14 -9 -16 -8 -15 -9 -14 -8 -14 -7 -16 -9 -15 -9 -15 -9 -14 -9 -14 -9 -14 -8 -14 -8 -12 -9 -14 -7 -12 -6 -14 -8 -13 -9 -12 -8 -12 -6 0 0 -14 -7 -14 -7 -14 -6 -14 -7 -12 -7 -14 -5 -14 -6 -14 -6 -14 -6 -17 -6 -17 -5 -15 -5 -14 -6 -15 -5 -16 -4 -17 -3 -16 -5 -16 -4 -17 -5 -17 -4 -17 -5 -16 -5 -17 -6 -16 -6 -17 -5 -17 -4 0 0 0 0 0 0 0 0 0 0 ]
179,1782976429.602937,13.9376,-74,CSI_DATA,AP,98:F4:AB:29:67:94,-74,11,1,4,1,1,1,0,0,0,0,-96,0,6,1,81377198,0,84,0,0,81.7603,384,[84 -64 4 0 0 0 0 0 0 0 0 0 15 -12 16 -10 15 -12 15 -9 16 -9 15 -9 15 -11 14 -9 14 -8 15 -6 15 -9 15 -7 15 -7 15 -6 14 -6 15 -7 13 -6 14 -7 12 -5 12 -5 12 -6 11 -6 12 -5 13 -6 11 -6 13 -8 0 0 12 -9 12 -7 10 -8 12 -7 11 -7 11 -9 11 -9 12 -9 12 -10 11 -10 10 -11 12 -9 12 -10 11 -10 12 -10 11 -12 12 -11 12 -10 12 -12 11 -11 11 -11 11 -11 11 -12 11 -12 11 -10 12 -13 0 0 0 0 0 0 0 0 0 0 ]
180,1782976429.891017,13.7466,-74,CSI_DATA,AP,98:F4:AB:29:67:94,-74,11,1,4,1,1,1,0,0,0,0,-96,0,6,1,81464440,0,84,0,0,81.8475,384,[84 -64 4 0 0 0 0 0 0 0 0 0 -19 -1 -19 -4 -20 -1 -18 -2 -19 -3 -17 -3 -16 -4 -15 -2 -17 -3 -18 -3 -17 -2 -16 -3 -16 -4 -16 -5 -16 -5 -17 -5 -15 -5 -14 -5 -15 -5 -14 -3 -14 -4 -12 -3 -14 -5 -14 -4 -14 -4 -14 -4 0 0 -14 -3 -15 -2 -13 -2 -13 -2 -12 -3 -15 -1 -15 -1 -15 -4 -14 -1 -17 -2 -16 -1 -14 0 -14 -1 -14 -2 -16 1 -16 -1 -17 -1 -16 -2 -17 -1 -15 0 -18 -1 -17 1 -17 -2 -18 -1 -17 -2 -17 0 0 0 0 0 0 0 0 0 0 0 ]
181,1782976430.170055,14.1889,-73,CSI_DATA,AP,98:F4:AB:29:67:94,-73,11,1,2,1,1,1,0,0,0,0,-96,0,6,1,81555892,0,84,0,0,81.939,384,[84 -64 4 0 0 0 0 0 0 0 0 0 21 7 19 8 19 7 18 7 18 8 16 9 16 9 15 10 16 11 14 8 16 8 16 10 16 10 15 9 14 11 16 9 14 11 13 11 13 10 11 9 12 9 14 9 13 9 13 7 13 8 14 7 0 0 15 9 14 7 14 8 15 6 13 6 15 7 14 8 15 7 15 7 16 7 16 5 16 7 16 6 16 6 16 7 17 6 17 6 16 4 17 6 16 5 17 6 17 5 15 5 18 5 18 6 19 6 0 0 0 0 0 0 0 0 0 0 ]
182,1782976430.417723,13.9369,-74,CSI_DATA,AP,98:F4:AB:29:67:94,-74,11,1,4,1,1,1,0,0,0,0,-96,0,6,1,81643244,0,84,0,0,82.0263,384,[84 -64 4 0 0 0 0 0 0 0 0 0 13 12 11 13 13 14 12 11 12 12 11 12 10 12 9 12 9 13 8 13 8 13 9 15 8 13 10 13 7 12 8 13 8 13 9 12 6 10 8 11 7 10 6 10 8 10 8 10 8 11 8 10 0 0 10 10 10 10 9 11 9 11 9 8 8 9 10 10 11 9 10 10 11 9 9 9 11 11 11 10 10 10 12 9 10 10 11 10 11 9 10 10 13 8 12 9 12 9 12 9 13 10 11 9 12 9 0 0 0 0 0 0 0 0 0 0 ]
183,1782976430.668656,14.1976,-68,CSI_DATA,AP,98:F4:AB:29:67:94,-68,11,0,0,0,0,0,0,0,0,0,-96,0,6,1,81742141,0,84,0,0,82.1253,128,[84 -64 4 0 0 0 0 0 0 0 0 0 3 -28 4 -25 4 -27 5 -26 5 -24 6 -21 6 -23 7 -20 6 -24 5 -22 6 -22 5 -22 6 -22 5 -23 6 -21 6 -22 6 -20 4 -19 5 -17 4 -18 5 -19 4 -20 3 -18 3 -20 3 -22 4 -20 0 0 2 -20 2 -22 1 -21 0 -21 0 -18 0 -20 0 -21 1 -20 -2 -22 0 -21 -1 -23 0 -21 -1 -21 0 -21 0 -23 -1 -24 0 -23 -1 -21 -2 -21 -3 -22 -1 -22 -3 -22 -2 -23 -2 -23 -2 -22 -2 -24 0 0 0 0 0 0 0 0 0 0 ]
184,1782976430.918216,13.6548,-74,CSI_DATA,AP,98:F4:AB:29:67:94,-74,11,1,4,1,1,1,0,0,0,0,-96,0,6,1,81825072,0,84,0,0,82.2081,384,[84 -64 4 0 0 0 0 0 0 0 0 0 -18 9 -15 7 -16 11 -15 10 -15 8 -16 5 -15 7 -16 6 -15 7 -17 5 -15 6 -15 5 -15 4 -15 5 -13 4 -16 6 -14 3 -14 3 -13 4 -13 4 -15 3 -14 4 -14 5 -14 5 -12 5 -14 5 0 0 -12 5 -14 7 -12 5 -13 6 -13 4 -14 5 -13 6 -14 5 -13 6 -14 7 -14 8 -14 8 -13 7 -12 6 -15 8 -13 6 -14 7 -14 7 -13 7 -14 8 -14 8 -15 9 -16 8 -16 9 -15 9 -14 8 0 0 0 0 0 0 0 0 0 0 ]
185,1782976431.157846,13.2475,-74,CSI_DATA,AP,98:F4:AB:29:67:94,-74,11,1,4,1,1,1,0,0,0,0,-96,0,6,1,81915248,0,84,0,0,82.2983,384,[84 -64 4 0 0 0 0 0 0 0 0 0 13 13 11 13 12 13 10 13 10 15 9 12 8 14 7 14 7 16 5 12 8 14 6 14 7 15 8 13 8 14 17 12 8 10 3 14 8 5 5 10 4 14 6 11 5 12 6 13 5 12 6 12 0 0 3 13 5 14 6 12 7 12 4 11 4 12 5 13 5 13 5 12 5 14 7 15 7 14 6 12 6 12 5 14 7 13 7 15 7 13 8 15 5 15 4 15 5 15 4 14 7 15 6 14 5 15 0 0 0 0 0 0 0 0 0 0 ]
186,1782976431.428301,12.8883,-74,CSI_DATA,AP,98:F4:AB:29:67:94,-74,11,1,4,1,1,1,0,0,0,0,-96,0,6,1,82003514,0,84,0,0,82.3866,384,[84 -64 4 0 0 0 0 0 0 0 0 0 18 -1 18 0 19 -1 19 1 18 0 16 1 15 1 16 1 16 1 16 2 15 3 15 3 14 1 16 3 14 1 17 3 13 3 14 3 13 1 13 0 13 0 14 0 13 1 12 3 13 0 14 1 0 0 15 -1 14 -1 12 -2 12 -1 13 0 15 -1 14 -2 14 -3 13 -2 15 -3 16 -2 15 -1 14 0 15 -1 15 -2 15 -1 16 -3 14 -4 17 -3 14 -5 15 -4 14 -3 15 -3 16 -4 16 -2 14 -3 0 0 0 0 0 0 0 0 0 0 ]
187,1782976431.681289,14.1648,-73,CSI_DATA,AP,98:F4:AB:29:67:94,-73,11,1,2,1,1,1,0,0,0,0,-96,0,6,1,82096850,0,84,0,0,82.4799,384,[84 -64 4 0 0 0 0 0 0 0 0 0 0 19 -1 18 0 19 0 17 -2 18 -2 16 -2 16 -2 16 -4 17 -3 15 -4 16 -3 16 -4 16 -4 16 -5 14 -5 17 -4 15 -4 15 -3 14 -4 13 -4 14 -4 15 -4 14 -3 13 -2 15 -3 14 0 0 -3 15 -2 15 -2 14 0 14 -2 13 -2 15 -2 13 -3 14 -2 15 -1 16 0 15 -2 14 0 14 -1 14 -1 18 -1 15 -1 16 0 15 1 15 1 16 0 17 0 16 -1 17 0 18 -1 16 0 16 0 0 0 0 0 0 0 0 0 0 ]
188,1782976431.932588,14.7391,-74,CSI_DATA,AP,98:F4:AB:29:67:94,-74,11,1,4,1,1,1,0,0,0,0,-96,0,6,1,82187250,0,84,0,0,82.5703,384,[84 -64 4 0 0 0 0 0 0 0 0 0 -11 -16 -9 -14 -11 -16 -9 -14 -9 -14 -9 -12 -7 -13 -8 -12 -7 -15 -7 -13 -8 -14 -6 -14 -7 -15 -7 -15 -6 -12 -7 -14 -6 -13 -6 -14 -4 -13 -6 -13 -6 -13 -5 -11 -4 -13 -5 -11 -6 -14 -6 -13 0 0 -6 -13 -8 -13 -6 -12 -7 -12 -5 -13 -8 -12 -7 -12 -7 -13 -9 -15 -10 -14 -8 -14 -8 -12 -8 -14 -7 -11 -9 -13 -10 -14 -9 -14 -9 -12 -9 -14 -9 -14 -9 -15 -9 -14 -7 -15 -8 -15 -9 -14 -9 -15 0 0 0 0 0 0 0 0 0 0 ]
189,1782976432.185291,13.8726,-75,CSI_DATA,AP,98:F4:AB:29:67:94,-75,11,1,4,1,1,1,0,0,0,0,-96,0,6,1,82273712,0,84,0,0,82.6568,384,[84 -64 4 0 0 0 0 0 0 0 0 0 -15 11 -14 10 -14 10 -14 10 -15 8 -14 7 -14 6 -15 6 -15 7 -15 8 -13 7 -14 8 -14 6 -15 7 -13 6 -16 6 -15 7 -13 5 -13 6 -13 5 -12 4 -13 4 -11 5 -12 8 -12 5 -12 7 0 0 -12 8 -12 10 -13 6 -12 6 -12 8 -11 10 -12 9 -12 9 -12 8 -13 10 -12 10 -12 9 -13 10 -13 10 -14 11 -13 9 -13 10 -12 10 -13 9 -14 10 -15 9 -13 9 -15 8 -16 12 -14 12 -16 12 0 0 0 0 0 0 0 0 0 0 ]
190,1782976432.433703,13.6588,-76,CSI_DATA,AP,98:F4:AB:29:67:94,-76,11,1,4,1,1,1,0,0,0,0,-96,0,6,1,82366598,0,84,0,0,82.7496,384,[84 -64 4 0 0 0 0 0 0 0 0 0 -5 -15 -3 -15 -3 -15 -4 -13 -4 -18 -5 -13 -3 -13 -2 -14 -4 -13 -2 -13 -3 -14 -3 -14 -2 -13 -2 -13 -2 -12 -3 -15 -2 -12 -3 -12 -3 -11 -3 -10 -2 -12 -3 -11 -2 -12 -4 -12 -2 -12 -3 -12 0 0 -5 -12 -4 -12 -5 -12 -5 -13 -4 -12 -6 -11 -6 -13 -5 -11 -4 -13 -6 -11 -6 -11 -7 -11 -5 -11 -6 -12 -6 -13 -7 -12 -7 -12 -7 -12 -6 -13 -8 -13 -6 -15 -8 -13 -7 -15 -6 -14 -7 -15 -7 -14 0 0 0 0 0 0 0 0 0 0 ]
191,1782976432.698973,12.8378,-74,CSI_DATA,AP,98:F4:AB:29:67:94,-74,11,1,2,1,1,1,0,0,0,0,-96,0,6,1,82454199,0,84,0,0,82.8373,384,[84 -64 4 0 0 0 0 0 0 0 0 0 -14 5 -14 4 -16 3 -15 4 -16 5 -14 1 -15 1 -15 3 -14 2 -14 1 -14 2 -14 1 -14 2 -14 3 -15 2 -14 0 -11 0 -14 2 -13 1 -12 1 -11 -1 -12 1 -12 1 -13 2 -12 2 -12 2 0 0 -12 3 -13 3 -13 2 -12 4 -11 3 -13 3 -13 4 -12 4 -13 5 -14 3 -12 6 -12 4 -14 4 -14 4 -14 4 -13 5 -13 4 -12 5 -14 4 -14 5 -15 6 -14 4 -15 5 -15 6 -14 4 -15 5 0 0 0 0 0 0 0 0 0 0 ]
192,1782976432.956903,12.4442,-76,CSI_DATA,AP,98:F4:AB:29:67:94,-76,11,1,4,1,1,1,0,0,0,0,-96,0,6,1,82542417,0,84,0,0,82.9254,384,[84 -64 4 0 0 0 0 0 0 0 0 0 -16 -10 -14 -8 -14 -8 -13 -8 -12 -9 -11 -8 -11 -9 -11 -9 -11 -9 -9 -8 -11 -9 -11 -9 -10 -8 -10 -8 -10 -9 -11 -8 -9 -7 -10 -8 -8 -7 -10 -7 -11 -8 -10 -7 -9 -8 -10 -7 -10 -8 -11 -8 0 0 -11 -5 -11 -7 -10 -6 -10 -6 -10 -6 -12 -6 -13 -6 -12 -7 -12 -7 -13 -5 -14 -5 -12 -7 -13 -7 -12 -6 -13 -6 -13 -6 -13 -6 -13 -6 -14 -7 -14 -5 -13 -6 -14 -6 -14 -7 -13 -8 -15 -8 -12 -6 0 0 0 0 0 0 0 0 0 0 ]
193,1782976433.204563,11.1468,-76,CSI_DATA,AP,98:F4:AB:29:67:94,-76,11,1,4,1,1,1,0,0,0,0,-96,0,6,1,82634903,0,84,0,0,83.018,384,[84 -64 4 0 0 0 0 0 0 0 0 0 11 8 10 11 10 9 7 9 9 8 9 10 9 11 8 11 7 9 7 10 10 10 7 10 7 10 8 10 7 10 7 12 5 10 6 9 5 9 5 8 6 7 6 9 7 9 5 7 7 8 7 5 0 0 7 7 7 7 7 8 8 8 7 6 7 8 9 8 8 8 8 9 10 8 11 7 9 6 9 9 10 8 10 9 9 9 10 9 9 7 10 9 10 8 11 9 10 8 12 8 11 8 11 9 11 8 0 0 0 0 0 0 0 0 0 0 ]
194,1782976433.449337,10.9706,-76,CSI_DATA,AP,98:F4:AB:29:67:94,-76,11,1,4,1,1,1,0,0,0,0,-96,0,6,1,82724859,0,84,0,0,83.1079,384,[84 -64 4 0 0 0 0 0 0 0 0 0 -2 16 -2 13 -1 14 -3 15 -5 14 -2 12 -3 13 -3 13 -2 12 -4 11 -3 13 -4 13 -3 10 -4 12 -3 12 -5 13 -3 11 -5 12 -4 9 -2 11 -3 10 -2 10 -2 11 -2 11 -1 12 -3 10 0 0 -2 11 -1 11 -3 11 -2 12 -2 10 0 12 -2 12 -1 12 0 13 0 12 0 13 -2 13 -1 12 0 12 -1 13 0 13 0 14 0 12 1 13 2 14 1 14 0 14 1 14 0 14 0 14 1 13 0 0 0 0 0 0 0 0 0 0 ]
195,1782976433.699493,11.7975,-76,CSI_DATA,AP,98:F4:AB:29:67:94,-76,11,1,4,1,1,1,0,0,0,0,-96,0,6,1,82816998,0,84,0,0,83.2001,384,[84 -64 4 0 0 0 0 0 0 0 0 0 -15 0 -17 2 -17 -1 -16 0 -16 -1 -15 -2 -15 -1 -14 -3 -13 -2 -13 -1 -13 -1 -14 -2 -13 -1 -14 -1 -12 -3 -15 -1 -14 -1 -13 -3 -12 -3 -11 -2 -12 -2 -13 -2 -12 -1 -12 -2 -13 -1 -13 -1 0 0 -13 -2 -13 -1 -13 0 -13 -1 -13 -1 -14 0 -12 0 -12 0 -13 1 -15 0 -14 2 -14 1 -13 -1 -13 -1 -14 1 -14 1 -13 1 -12 -1 -14 0 -14 1 -14 1 -15 0 -15 0 -16 1 -16 1 -15 1 0 0 0 0 0 0 0 0 0 0 ]
196,1782976433.954091,11.3274,-76,CSI_DATA,AP,98:F4:AB:29:67:94,-76,11,1,4,1,1,1,0,0,0,0,-96,0,6,1,82906669,0,84,0,0,83.2897,384,[84 -64 4 0 0 0 0 0 0 0 0 0 11 11 10 11 10 10 9 12 10 11 7 11 8 12 6 11 6 12 6 11 8 11 7 12 6 10 6 10 7 10 7 12 7 9 7 10 4 9 5 9 6 10 6 10 5 9 5 10 6 9 8 9 0 0 6 10 6 11 7 8 7 9 8 6 8 8 7 10 9 10 8 10 8 10 9 9 7 8 9 9 7 8 11 9 9 8 9 8 9 8 9 9 10 9 10 10 10 9 11 10 10 9 9 10 9 9 0 0 0 0 0 0 0 0 0 0 ]
197,1782976434.187471,11.4080,-74,CSI_DATA,AP,98:F4:AB:29:67:94,-74,11,1,2,1,1,1,0,0,0,0,-96,0,6,1,82997690,0,84,0,0,83.3808,384,[84 -64 4 0 0 0 0 0 0 0 0 0 15 0 15 0 16 -1 15 0 14 1 13 1 15 3 13 1 11 3 11 3 12 1 13 1 12 2 12 2 11 2 13 2 12 2 11 2 11 2 10 2 12 3 11 1 10 2 9 1 11 0 10 0 0 0 11 0 10 0 12 -1 11 -1 10 0 11 -2 11 -1 11 -1 11 -1 12 -1 13 -2 11 -2 11 -2 12 -2 12 -2 13 -2 13 -2 12 -3 13 -2 14 -3 13 -3 13 -2 11 -2 12 -3 14 -3 14 -3 0 0 0 0 0 0 0 0 0 0 ]
198,1782976434.451420,11.6221,-75,CSI_DATA,AP,98:F4:AB:29:67:94,-75,11,1,4,1,1,1,0,0,0,0,-96,0,6,1,83083602,0,84,0,0,83.4667,384,[84 -64 4 0 0 0 0 0 0 0 0 0 -13 12 -13 11 -12 11 -12 10 -13 9 -13 9 -12 8 -12 7 -12 10 -13 8 -11 7 -13 8 -13 7 -13 9 -13 6 -15 7 -11 6 -12 5 -10 6 -12 5 -10 7 -10 6 -10 7 -9 6 -10 6 -10 6 0 0 -10 8 -9 7 -10 8 -8 7 -10 6 -11 8 -10 7 -10 8 -10 8 -11 9 -10 8 -10 9 -11 7 -10 9 -10 9 -9 9 -10 9 -9 9 -9 10 -9 10 -10 9 -11 9 -12 9 -10 10 -12 9 -9 9 0 0 0 0 0 0 0 0 0 0 ]
199,1782976434.696522,11.7926,-76,CSI_DATA,AP,98:F4:AB:29:67:94,-76,11,1,4,1,1,1,0,0,0,0,-96,0,6,1,83175397,0,84,0,0,83.5584,384,[84 -64 4 0 0 0 0 0 0 0 0 0 -15 10 -14 6 -15 8 -13 6 -16 7 -14 5 -13 5 -16 4 -14 5 -15 4 -14 2 -12 2 -14 3 -14 5 -14 3 -15 3 -13 4 -13 3 -12 4 -12 3 -10 3 -13 4 -13 3 -11 5 -11 5 -11 4 0 0 -12 5 -11 5 -11 5 -11 8 -11 6 -11 5 -11 5 -10 6 -11 6 -11 6 -10 8 -11 7 -11 7 -11 8 -10 7 -10 8 -11 7 -11 8 -10 8 -11 9 -12 8 -12 9 -13 10 -11 9 -12 8 -12 10 0 0 0 0 0 0 0 0 0 0 ]
200,1782976435.112170,11.6393,-76,CSI_DATA,AP,98:F4:AB:29:67:94,-76,11,1,4,1,1,1,0,0,0,0,-96,0,6,1,83262168,0,84,0,0,83.6452,384,[84 -64 4 0 0 0 0 0 0 0 0 0 12 -14 11 -14 12 -13 11 -13 11 -12 12 -10 10 -12 12 -9 11 -11 10 -8 11 -10 11 -8 10 -9 9 -10 10 -8 11 -8 11 -9 9 -7 10 -9 12 -7 10 -7 10 -7 10 -8 9 -8 8 -8 9 -6 0 0 9 -7 9 -8 9 -8 8 -8 8 -8 7 -9 8 -8 8 -9 8 -9 9 -11 8 -10 8 -10 9 -12 8 -10 9 -9 8 -9 8 -11 9 -11 8 -10 7 -12 9 -12 7 -12 8 -11 8 -12 9 -11 10 -12 0 0 0 0 0 0 0 0 0 0 ]
201,1782976435.466286,11.4520,-76,CSI_DATA,AP,98:F4:AB:29:67:94,-76,11,1,4,1,1,1,0,0,0,0,-96,0,6,1,83354673,0,84,0,0,83.7377,384,[84 -64 4 0 0 0 0 0 0 0 0 0 11 12 10 12 10 11 9 12 9 13 8 13 6 12 6 13 7 13 7 11 6 12 7 12 7 11 7 12 7 11 7 13 5 12 7 11 5 11 6 10 5 10 6 9 6 11 5 11 8 8 6 9 0 0 7 10 7 9 7 9 7 7 8 7 8 8 6 10 8 8 8 9 9 7 9 8 9 9 9 8 8 10 9 8 10 8 11 7 11 8 10 9 10 9 11 9 10 7 10 8 12 8 10 8 11 9 0 0 0 0 0 0 0 0 0 0 ]
202,1782976435.740639,11.3217,-76,CSI_DATA,AP,98:F4:AB:29:67:94,-76,11,1,4,1,1,1,0,0,0,0,-96,0,6,1,83447162,0,84,0,0,83.8302,384,[84 -64 4 0 0 0 0 0 0 0 0 0 -14 12 -14 11 -13 10 -13 7 -15 9 -14 6 -14 6 -12 6 -13 7 -14 6 -13 7 -14 7 -14 6 -13 7 -12 6 -13 5 -12 6 -12 6 -11 6 -12 5 -11 5 -10 5 -11 4 -11 6 -10 5 -12 6 0 0 -10 6 -10 6 -8 7 -9 8 -8 7 -9 8 -9 8 -9 8 -9 8 -9 10 -10 9 -9 7 -10 8 -9 8 -10 10 -10 9 -9 9 -8 11 -8 10 -9 10 -9 11 -9 11 -10 10 -10 12 -10 11 -10 12 0 0 0 0 0 0 0 0 0 0 ]
203,1782976436.012595,11.8959,-76,CSI_DATA,AP,98:F4:AB:29:67:94,-76,11,1,4,1,1,1,0,0,0,0,-96,0,6,1,83538307,0,84,0,0,83.9214,384,[84 -64 4 0 0 0 0 0 0 0 0 0 15 -6 14 -5 16 -6 16 -7 16 -5 14 -4 15 -5 14 -4 15 -3 16 -2 13 -5 13 -2 13 -2 13 -3 12 -3 14 -3 11 -2 12 -2 10 -4 10 -3 11 -3 11 -3 10 -4 10 -4 12 -4 11 -3 0 0 11 -5 10 -5 11 -4 11 -6 9 -5 10 -6 12 -6 10 -5 11 -7 11 -8 10 -6 10 -5 12 -6 11 -6 11 -7 11 -8 12 -7 11 -9 11 -9 12 -9 13 -9 12 -9 13 -8 12 -9 13 -8 12 -8 0 0 0 0 0 0 0 0 0 0 ]
204,1782976436.273994,12.0685,-74,CSI_DATA,AP,98:F4:AB:29:67:94,-74,11,1,2,1,1,1,0,0,0,0,-96,0,6,1,83626409,0,84,0,0,84.0095,384,[84 -64 4 0 0 0 0 0 0 0 0 0 -18 -3 -17 -3 -18 -2 -15 -4 -16 -3 -14 -6 -15 -5 -15 -5 -15 -5 -15 -5 -15 -5 -12 -6 -14 -6 -14 -5 -12 -6 -15 -5 -13 -4 -13 -5 -11 -5 -12 -4 -12 -5 -11 -4 -14 -5 -12 -3 -13 -6 -13 -4 0 0 -13 -4 -13 -4 -13 -3 -14 -4 -11 -2 -14 -3 -12 -2 -13 -3 -13 -3 -15 -3 -14 -3 -13 -2 -14 -2 -13 -2 -15 -2 -13 0 -16 -1 -14 -2 -14 -1 -15 -1 -16 -3 -15 -2 -16 -3 -17 -4 -16 -3 -16 -2 0 0 0 0 0 0 0 0 0 0 ]
205,1782976436.538541,11.5070,-75,CSI_DATA,AP,98:F4:AB:29:67:94,-75,11,1,4,1,1,1,0,0,0,0,-96,0,6,1,83714992,0,84,0,0,84.0981,384,[84 -64 4 0 0 0 0 0 0 0 0 0 -17 -2 -14 -3 -16 -3 -14 -4 -15 -4 -14 -5 -14 -5 -14 -4 -12 -5 -12 -4 -12 -4 -12 -4 -12 -4 -11 -3 -11 -3 -12 -4 -12 -5 -12 -5 -10 -4 -10 -4 -10 -5 -11 -4 -11 -4 -11 -4 -10 -4 -12 -3 0 0 -11 -3 -11 -2 -11 -2 -11 -1 -12 -2 -12 -2 -12 -2 -11 -2 -12 -2 -11 -3 -13 -2 -11 -1 -12 -2 -11 -2 -13 -2 -13 -2 -14 -2 -13 -1 -14 -2 -15 -1 -14 -1 -14 -2 -14 -2 -15 -1 -14 -1 -15 -1 0 0 0 0 0 0 0 0 0 0 ]
206,1782976436.795264,11.5400,-74,CSI_DATA,AP,98:F4:AB:29:67:94,-74,11,1,2,1,1,1,0,0,0,0,-96,0,6,1,83807421,0,84,0,0,84.1906,384,[84 -64 4 0 0 0 0 0 0 0 0 0 13 11 12 11 13 12 11 11 11 11 10 11 10 12 10 12 7 12 7 11 8 12 8 11 7 11 8 10 7 9 9 12 7 10 8 9 6 9 6 10 7 8 7 9 6 10 6 7 8 9 8 9 0 0 8 8 8 8 8 7 9 6 7 8 9 6 10 8 10 6 11 7 11 7 12 8 9 7 11 7 11 7 12 8 12 7 12 8 11 8 12 7 12 6 13 8 12 8 13 8 14 8 12 8 13 7 0 0 0 0 0 0 0 0 0 0 ]
207,1782976437.077665,10.6679,-75,CSI_DATA,AP,98:F4:AB:29:67:94,-75,11,1,4,1,1,1,0,0,0,0,-96,0,6,1,83895237,0,84,0,0,84.2783,384,[84 -64 4 0 0 0 0 0 0 0 0 0 -1 17 -2 17 -1 17 -2 14 -1 14 -3 15 -2 15 -3 15 -3 15 -6 12 -4 16 -3 14 -3 13 -3 13 -4 12 -3 14 -2 12 -1 14 -1 10 -1 11 -3 11 -2 11 -2 11 -2 11 -1 10 -1 12 0 0 1 12 1 12 1 10 1 13 1 11 1 12 1 12 0 12 2 11 2 14 2 14 -1 13 2 12 1 10 2 13 2 12 5 14 3 12 5 14 5 14 2 15 5 13 4 14 5 14 3 14 3 14 0 0 0 0 0 0 0 0 0 0 ]
208,1782976437.345889,11.7638,-75,CSI_DATA,AP,98:F4:AB:29:67:94,-75,11,1,4,1,1,1,0,0,0,0,-96,0,6,1,83985245,0,84,0,0,84.3683,384,[84 -64 4 0 0 0 0 0 0 0 0 0 14 8 13 9 13 9 14 7 11 10 10 9 11 11 9 10 10 10 10 9 10 9 11 9 10 9 10 9 8 9 10 9 8 10 10 9 8 7 8 8 7 8 7 8 9 8 8 7 10 8 9 8 0 0 10 7 10 7 9 7 9 6 9 5 10 6 9 6 8 7 11 7 11 5 11 5 11 5 11 6 11 6 10 6 11 4 13 6 13 7 12 7 13 7 13 7 13 6 13 7 13 5 14 6 14 6 0 0 0 0 0 0 0 0 0 0 ]
209,1782976437.615773,12.9396,-75,CSI_DATA,AP,98:F4:AB:29:67:94,-75,11,1,4,1,1,1,0,0,0,0,-96,0,6,1,84074443,0,84,0,0,84.4574,384,[84 -64 4 0 0 0 0 0 0 0 0 0 -17 -4 -15 -4 -16 -4 -17 -4 -17 -6 -15 -3 -13 -5 -15 -4 -13 -5 -14 -4 -14 -6 -15 -3 -14 -4 -15 -6 -12 -4 -14 -6 -12 -5 -13 -4 -13 -5 -13 -5 -13 -4 -13 -5 -12 -4 -12 -3 -13 -4 -13 -3 0 0 -12 -1 -12 -2 -13 -2 -14 -1 -12 -1 -12 0 -12 -2 -14 0 -15 0 -15 0 -15 0 -13 1 -14 1 -14 1 -16 0 -13 2 -15 1 -13 1 -15 2 -14 2 -14 2 -14 2 -16 2 -15 4 -16 2 -17 1 0 0 0 0 0 0 0 0 0 0 ]
210,1782976437.873086,12.8659,-75,CSI_DATA,AP,98:F4:AB:29:67:94,-75,11,1,4,1,1,1,0,0,0,0,-96,0,6,1,84162983,0,84,0,0,84.546,384,[84 -64 4 0 0 0 0 0 0 0 0 0 -16 5 -18 3 -18 5 -16 3 -15 2 -15 2 -15 2 -15 1 -14 2 -15 1 -14 2 -15 1 -15 1 -14 2 -14 1 -13 2 -15 1 -13 1 -12 1 -13 2 -11 3 -12 2 -13 2 -10 2 -12 3 -11 3 0 0 -9 5 -13 4 -11 4 -11 4 -11 5 -11 5 -11 5 -12 5 -12 7 -12 5 -12 5 -11 7 -11 6 -12 7 -11 6 -13 7 -13 8 -13 7 -14 6 -12 7 -14 8 -12 8 -15 8 -15 8 -14 9 -13 8 0 0 0 0 0 0 0 0 0 0 ]
211,1782976438.151472,11.9224,-75,CSI_DATA,AP,98:F4:AB:29:67:94,-75,11,1,4,1,1,1,0,0,0,0,-96,0,6,1,84254601,0,84,0,0,84.6377,384,[84 -64 4 0 0 0 0 0 0 0 0 0 16 5 15 4 15 5 14 4 16 3 15 4 14 6 13 6 13 5 13 5 12 7 13 6 12 7 11 7 12 6 11 6 11 5 11 5 10 5 10 6 9 5 9 4 10 4 11 6 9 6 10 4 0 0 12 4 12 4 10 3 11 2 11 3 11 2 12 3 12 3 13 4 14 3 14 4 11 2 12 3 12 2 15 4 12 2 13 2 14 1 15 2 15 3 14 4 14 2 14 3 14 4 14 4 15 2 0 0 0 0 0 0 0 0 0 0 ]
212,1782976438.436728,11.4763,-74,CSI_DATA,AP,98:F4:AB:29:67:94,-74,11,1,2,1,1,1,0,0,0,0,-96,0,6,1,84344457,0,84,0,0,84.7275,384,[84 -64 4 0 0 0 0 0 0 0 0 0 -14 8 -12 8 -14 9 -14 8 -13 7 -13 5 -12 6 -13 4 -13 5 -14 4 -13 5 -13 4 -13 5 -11 6 -12 3 -13 5 -11 3 -12 3 -10 3 -10 3 -10 4 -11 4 -11 5 -12 4 -10 5 -12 5 0 0 -9 5 -10 6 -11 5 -9 7 -9 6 -10 6 -10 6 -9 6 -9 8 -9 7 -11 8 -10 6 -10 7 -10 8 -11 9 -10 9 -12 9 -10 9 -11 10 -9 10 -11 9 -10 8 -12 10 -10 9 -12 10 -12 10 0 0 0 0 0 0 0 0 0 0 ]
213,1782976438.754932,12.1601,-75,CSI_DATA,AP,98:F4:AB:29:67:94,-75,11,1,4,1,1,1,0,0,0,0,-96,0,6,1,84434954,0,84,0,0,84.818,384,[84 -64 4 0 0 0 0 0 0 0 0 0 -9 13 -11 14 -10 13 -11 11 -12 11 -11 10 -11 9 -13 9 -10 10 -11 10 -11 9 -11 10 -12 9 -11 9 -11 9 -10 10 -11 7 -10 8 -8 8 -11 6 -11 7 -9 8 -8 8 -9 9 -9 9 -9 9 0 0 -7 9 -8 9 -8 9 -5 10 -8 9 -9 10 -7 11 -7 11 -7 12 -7 12 -5 12 -7 12 -6 12 -7 13 -7 12 -7 12 -7 15 -6 12 -8 13 -7 15 -8 14 -8 13 -6 13 -8 14 -7 14 -7 15 0 0 0 0 0 0 0 0 0 0 ]
214,1782976439.070810,12.5022,-73,CSI_DATA,AP,98:F4:AB:29:67:94,-73,11,1,2,1,1,1,0,0,0,0,-96,0,6,1,84524524,0,84,0,0,84.9076,384,[84 -64 4 0 0 0 0 0 0 0 0 0 -18 4 -17 3 -17 3 -17 2 -18 1 -15 1 -16 1 -13 2 -15 -1 -16 0 -16 -1 -14 -1 -14 1 -16 0 -13 -1 -15 -1 -15 0 -14 -1 -13 -2 -13 -1 -12 -1 -13 -1 -13 1 -14 2 -13 0 -13 -1 0 0 -12 0 -14 2 -12 2 -13 2 -13 1 -14 2 -14 3 -13 2 -14 2 -15 4 -15 5 -14 3 -14 4 -15 3 -15 4 -15 4 -16 4 -14 3 -16 4 -18 3 -17 4 -15 3 -16 4 -16 4 -18 2 -16 4 0 0 0 0 0 0 0 0 0 0 ]
215,1782976439.362694,12.1659,-75,CSI_DATA,AP,98:F4:AB:29:67:94,-75,11,1,4,1,1,1,0,0,0,0,-96,0,6,1,84614266,0,84,0,0,84.9973,384,[84 -64 4 0 0 0 0 0 0 0 0 0 17 -1 15 0 14 1 16 0 16 1 12 2 14 4 15 1 14 3 14 2 13 4 13 4 12 2 13 2 12 1 14 4 12 2 13 3 9 2 11 1 11 2 13 2 11 2 10 1 12 0 11 1 0 0 13 -1 11 1 12 1 12 -1 11 0 12 0 12 0 12 0 14 -1 14 -2 14 -2 13 -1 12 -1 12 -2 14 -3 12 -4 15 -3 15 -3 13 -4 16 -3 15 -3 14 0 15 1 16 -3 17 0 15 -3 0 0 0 0 0 0 0 0 0 0 ]
216,1782976439.647234,12.5227,-75,CSI_DATA,AP,98:F4:AB:29:67:94,-75,11,1,4,1,1,1,0,0,0,0,-96,0,6,1,84706855,0,84,0,0,85.0899,384,[84 -64 4 0 0 0 0 0 0 0 0 0 -9 14 -9 12 -11 13 -9 11 -9 13 -9 11 -10 10 -10 10 -9 10 -10 10 -9 11 -10 10 -11 9 -10 9 -8 8 -10 10 -9 9 -9 9 -8 8 -8 9 -8 8 -8 9 -8 9 -8 9 -9 9 -8 11 0 0 -7 9 -6 11 -7 11 -6 12 -6 10 -7 10 -6 10 -6 11 -6 12 -5 11 -5 12 -6 12 -6 13 -5 11 -5 14 -4 13 -5 14 -6 14 -5 14 -6 14 -6 13 -6 14 -7 14 -6 15 -6 15 -7 14 0 0 0 0 0 0 0 0 0 0 ]
217,1782976439.901546,12.7444,-75,CSI_DATA,AP,98:F4:AB:29:67:94,-75,11,1,4,1,1,1,0,0,0,0,-96,0,6,1,84792229,0,84,0,0,85.1752,384,[84 -64 4 0 0 0 0 0 0 0 0 0 -17 -4 -13 -5 -15 -5 -12 -5 -14 -5 -13 -5 -12 -6 -11 -6 -13 -5 -14 -7 -13 -6 -12 -8 -12 -6 -11 -6 -11 -6 -12 -6 -11 -5 -11 -6 -10 -5 -9 -5 -9 -6 -11 -7 -10 -6 -11 -5 -12 -5 -10 -5 0 0 -8 -5 -12 -4 -10 -4 -12 -6 -11 -5 -11 -5 -12 -5 -11 -6 -12 -3 -13 -3 -13 -4 -11 -5 -12 -5 -12 -3 -13 -5 -13 -4 -13 -5 -11 -5 -13 -4 -14 -4 -13 -6 -13 -4 -13 -5 -14 -5 -14 -6 -15 -5 0 0 0 0 0 0 0 0 0 0 ]
218,1782976440.175173,13.1873,-75,CSI_DATA,AP,98:F4:AB:29:67:94,-75,11,1,4,1,1,1,0,0,0,0,-96,0,6,1,84885836,0,84,0,0,85.2689,384,[84 -64 4 0 0 0 0 0 0 0 0 0 14 8 12 7 14 7 13 6 12 8 12 9 12 9 11 8 12 8 11 9 10 8 10 8 10 8 10 8 9 8 11 9 10 8 10 9 9 8 9 7 8 7 10 6 10 7 9 6 9 6 10 7 0 0 10 6 10 5 10 5 11 4 10 5 10 4 9 5 11 4 13 4 13 4 13 4 12 5 13 4 13 5 13 4 13 3 14 4 14 4 13 4 14 3 14 5 15 5 14 5 14 6 15 5 14 6 0 0 0 0 0 0 0 0 0 0 ]
219,1782976440.425229,13.1650,-75,CSI_DATA,AP,98:F4:AB:29:67:94,-75,11,1,4,1,1,1,0,0,0,0,-96,0,6,1,84972414,0,84,0,0,85.3555,384,[84 -64 4 0 0 0 0 0 0 0 0 0 -7 -14 -6 -15 -6 -16 -7 -15 -5 -14 -6 -14 -3 -16 -4 -15 -5 -16 -3 -14 -3 -13 -4 -14 -4 -13 -3 -11 -2 -15 -2 -14 -2 -12 -4 -14 -3 -11 -4 -14 -3 -12 -5 -10 -2 -13 -4 -11 -4 -14 -4 -13 0 0 -5 -13 -4 -10 -6 -12 -7 -11 -5 -11 -7 -13 -6 -11 -6 -13 -6 -13 -9 -14 -8 -12 -9 -11 -8 -13 -6 -13 -9 -14 -10 -12 -10 -14 -9 -12 -8 -12 -10 -11 -10 -13 -11 -13 -10 -14 -10 -13 -10 -14 -9 -14 0 0 0 0 0 0 0 0 0 0 ]
220,1782976440.683428,12.3825,-75,CSI_DATA,AP,98:F4:AB:29:67:94,-75,11,1,4,1,1,1,0,0,0,0,-96,0,6,1,85064519,0,84,0,0,85.4476,384,[84 -64 4 0 0 0 0 0 0 0 0 0 2 15 2 18 -1 16 2 15 0 15 0 13 -1 14 -2 14 -2 14 -2 12 -1 14 -2 13 -1 11 -1 13 0 12 -2 14 -1 11 -1 13 -2 11 0 13 -2 12 -1 10 -2 11 0 12 0 12 1 12 0 0 -1 11 0 13 1 12 0 13 0 12 0 11 0 11 0 11 0 13 1 13 3 13 2 12 2 14 4 15 2 14 3 13 3 13 2 15 1 14 3 13 3 15 2 15 2 16 4 15 2 16 1 15 0 0 0 0 0 0 0 0 0 0 ]
221,1782976440.950868,12.2380,-75,CSI_DATA,AP,98:F4:AB:29:67:94,-75,11,1,4,1,1,1,0,0,0,0,-96,0,6,1,85152618,0,84,0,0,85.5357,384,[84 -64 4 0 0 0 0 0 0 0 0 0 -9 14 -10 12 -8 13 -10 11 -10 10 -10 11 -10 11 -9 10 -10 9 -11 10 -9 11 -11 10 -10 10 -10 10 -10 8 -11 9 -11 8 -9 6 -11 6 -8 7 -9 9 -11 9 -10 7 -8 8 -9 9 -9 10 0 0 -9 9 -9 9 -9 8 -9 10 -9 8 -8 8 -10 9 -9 9 -9 10 -9 11 -7 10 -8 11 -9 11 -9 10 -9 10 -8 9 -10 11 -8 11 -10 13 -9 12 -10 12 -10 11 -10 13 -9 14 -11 11 -10 14 0 0 0 0 0 0 0 0 0 0 ]
222,1782976441.208294,12.0425,-75,CSI_DATA,AP,98:F4:AB:29:67:94,-75,11,1,4,1,1,1,0,0,0,0,-96,0,6,1,85243223,0,84,0,0,85.6263,384,[84 -64 4 0 0 0 0 0 0 0 0 0 19 3 17 6 15 3 15 5 15 5 14 5 14 6 14 6 14 4 15 5 14 6 15 4 13 5 14 5 12 6 14 6 13 6 12 7 13 6 13 4 12 5 12 5 13 5 12 4 11 5 14 4 0 0 14 4 13 4 13 2 14 3 13 5 12 2 16 2 12 2 14 2 15 2 14 1 15 2 14 1 14 2 18 1 16 0 17 1 15 0 17 2 17 0 18 1 17 1 17 4 18 3 18 3 17 2 0 0 0 0 0 0 0 0 0 0 ]
223,1782976441.509845,13.1444,-75,CSI_DATA,AP,98:F4:AB:29:67:94,-75,11,1,4,1,1,1,0,0,0,0,-96,0,6,1,85334012,0,84,0,0,85.7171,384,[84 -64 4 0 0 0 0 0 0 0 0 0 -17 -4 -17 -4 -18 -3 -14 -3 -16 -4 -13 -5 -15 -4 -13 -5 -15 -5 -16 -6 -14 -7 -14 -5 -13 -6 -13 -6 -12 -6 -14 -8 -10 -5 -12 -6 -12 -4 -13 -5 -12 -5 -12 -5 -13 -5 -12 -4 -13 -5 -12 -4 0 0 -11 -4 -14 -4 -11 -3 -15 -3 -12 -5 -14 -5 -13 -5 -15 -6 -14 -2 -15 -3 -15 -3 -12 -4 -15 -3 -14 -4 -16 -4 -14 -2 -15 -3 -15 -3 -16 -3 -16 -2 -16 -5 -18 -4 -17 -4 -18 -3 -17 -5 -16 -4 0 0 0 0 0 0 0 0 0 0 ]
224,1782976441.786380,14.3755,-74,CSI_DATA,AP,98:F4:AB:29:67:94,-74,11,1,2,1,1,1,0,0,0,0,-96,0,6,1,85424650,0,84,0,0,85.8077,384,[84 -64 4 0 0 0 0 0 0 0 0 0 7 -16 6 -14 8 -16 6 -13 9 -14 7 -11 9 -12 9 -12 9 -14 8 -13 8 -13 9 -12 11 -12 9 -13 9 -10 9 -13 8 -10 7 -12 8 -9 7 -11 7 -11 8 -11 8 -12 7 -11 9 -12 7 -11 0 0 7 -11 7 -12 6 -12 6 -12 6 -12 5 -12 6 -12 6 -13 6 -14 6 -14 5 -15 6 -14 7 -14 6 -14 4 -15 6 -14 6 -15 6 -15 5 -15 5 -16 7 -16 7 -15 7 -16 6 -18 8 -17 7 -17 0 0 0 0 0 0 0 0 0 0 ]
225,1782976442.036599,12.4127,-75,CSI_DATA,AP,98:F4:AB:29:67:94,-75,11,1,4,1,1,1,0,0,0,0,-96,0,6,1,85512222,0,84,0,0,85.8952,384,[84 -64 4 0 0 0 0 0 0 0 0 0 14 5 13 4 13 6 11 5 13 5 11 6 11 6 10 6 12 5 10 7 10 6 10 6 10 6 10 5 10 4 11 7 10 5 9 5 8 3 8 3 9 5 11 2 9 3 10 3 10 3 10 5 0 0 10 3 11 3 9 4 11 3 10 2 11 2 11 2 11 2 12 2 12 2 11 1 11 1 10 1 12 1 12 1 11 0 13 0 12 0 13 0 14 -2 13 0 13 0 14 0 14 0 15 1 13 1 0 0 0 0 0 0 0 0 0 0 ]
226,1782976442.284382,13.0389,-75,CSI_DATA,AP,98:F4:AB:29:67:94,-75,11,1,4,1,1,1,0,0,0,0,-96,0,6,1,85604960,0,84,0,0,85.988,384,[84 -64 4 0 0 0 0 0 0 0 0 0 -12 -15 -11 -11 -12 -11 -9 -10 -11 -12 -8 -12 -8 -12 -9 -13 -10 -14 -9 -15 -8 -13 -8 -13 -9 -12 -7 -12 -7 -13 -9 -13 -6 -12 -7 -13 -6 -10 -8 -10 -7 -10 -9 -9 -7 -11 -8 -10 -8 -11 -7 -10 0 0 -9 -10 -9 -9 -9 -10 -8 -10 -8 -8 -9 -9 -10 -10 -10 -9 -10 -10 -11 -9 -11 -10 -11 -10 -11 -8 -11 -11 -12 -10 -12 -9 -12 -11 -12 -10 -12 -10 -13 -10 -12 -10 -13 -10 -13 -11 -14 -11 -13 -10 -13 -12 0 0 0 0 0 0 0 0 0 0 ]
227,1782976442.523051,12.2734,-75,CSI_DATA,AP,98:F4:AB:29:67:94,-75,11,1,4,1,1,1,0,0,0,0,-96,0,6,1,85692275,0,84,0,0,86.0753,384,[84 -64 4 0 0 0 0 0 0 0 0 0 -10 -13 -9 -15 -9 -14 -8 -13 -9 -14 -7 -13 -6 -13 -8 -13 -7 -13 -7 -14 -5 -13 -7 -15 -6 -13 -7 -13 -7 -12 -7 -15 -5 -12 -7 -13 -6 -11 -5 -11 -6 -11 -6 -11 -5 -12 -7 -10 -6 -10 -8 -13 0 0 -9 -10 -8 -12 -9 -10 -8 -11 -6 -11 -9 -12 -9 -11 -11 -10 -9 -9 -10 -11 -10 -11 -10 -11 -10 -12 -12 -9 -13 -11 -11 -11 -11 -12 -11 -10 -13 -10 -12 -11 -12 -11 -12 -11 -12 -12 -13 -12 -14 -12 -12 -11 0 0 0 0 0 0 0 0 0 0 ]
228,1782976442.781141,11.9279,-75,CSI_DATA,AP,98:F4:AB:29:67:94,-75,11,1,4,1,1,1,0,0,0,0,-96,0,6,1,85783266,0,84,0,0,86.1664,384,[84 -64 4 0 0 0 0 0 0 0 0 0 -14 8 -14 9 -13 8 -15 8 -13 8 -12 6 -14 5 -14 6 -13 5 -13 5 -14 6 -13 6 -13 5 -14 4 -14 6 -16 4 -14 5 -12 5 -14 5 -14 4 -12 4 -11 3 -12 4 -10 5 -11 5 -11 6 0 0 -11 4 -12 7 -13 6 -11 5 -12 5 -11 5 -11 5 -12 6 -13 7 -13 6 -13 7 -13 6 -13 8 -14 6 -12 6 -13 8 -11 9 -13 8 -12 9 -14 7 -14 7 -13 7 -13 8 -13 10 -15 9 -17 8 0 0 0 0 0 0 0 0 0 0 ]
229,1782976443.030854,12.1539,-75,CSI_DATA,AP,98:F4:AB:29:67:94,-75,11,1,4,1,1,1,0,0,0,0,-96,0,6,1,85872419,0,84,0,0,86.2555,384,[84 -64 4 0 0 0 0 0 0 0 0 0 -11 14 -11 10 -11 10 -11 11 -11 11 -10 10 -12 10 -10 11 -9 11 -10 9 -10 10 -11 10 -10 9 -12 10 -10 7 -12 10 -10 10 -10 9 -10 8 -8 9 -8 9 -8 9 -8 9 -8 9 -8 10 -9 9 0 0 -6 11 -7 11 -7 11 -6 11 -8 10 -8 12 -7 12 -5 12 -8 12 -7 14 -5 13 -5 11 -5 12 -7 13 -6 12 -5 13 -5 14 -6 14 -5 14 -3 13 -5 13 -5 14 -5 14 -4 15 -5 17 -6 14 0 0 0 0 0 0 0 0 0 0 ]
230,1782976443.279294,11.8602,-74,CSI_DATA,AP,98:F4:AB:29:67:94,-74,11,1,2,1,1,1,0,0,0,0,-96,0,6,1,85966050,0,84,0,0,86.3492,384,[84 -64 4 0 0 0 0 0 0 0 0 0 2 16 1 16 -2 17 -3 13 0 16 -2 14 -2 15 -1 16 -2 14 -3 14 -3 14 -2 15 -2 15 -3 14 -2 13 -1 14 -3 14 -1 13 -1 11 -3 13 -3 12 -2 13 0 13 -2 12 0 12 0 13 0 0 0 13 2 13 1 12 2 13 0 15 2 11 3 13 4 12 4 14 3 15 3 13 2 13 4 13 2 14 5 15 5 15 5 14 5 13 6 14 6 15 5 15 5 13 5 16 5 15 4 16 4 16 0 0 0 0 0 0 0 0 0 0 ]
231,1782976443.530768,12.3474,-75,CSI_DATA,AP,98:F4:AB:29:67:94,-75,11,1,4,1,1,1,0,0,0,0,-96,0,6,1,86054541,0,84,0,0,86.4376,384,[84 -64 4 0 0 0 0 0 0 0 0 0 10 12 8 11 10 13 9 10 9 12 8 12 10 12 7 10 8 11 7 12 6 13 6 13 7 10 8 12 4 12 8 13 6 11 8 11 5 10 5 10 6 11 6 8 7 10 4 9 8 10 7 9 0 0 6 10 9 10 8 10 9 9 7 9 7 9 8 10 6 9 8 10 9 10 10 10 7 10 10 10 9 10 10 9 12 9 12 12 9 9 11 12 12 11 12 10 10 11 11 11 11 12 11 12 10 12 0 0 0 0 0 0 0 0 0 0 ]
232,1782976443.781753,12.0547,-75,CSI_DATA,AP,98:F4:AB:29:67:94,-75,11,1,4,1,1,1,0,0,0,0,-96,0,6,1,86144705,0,84,0,0,86.5278,384,[84 -64 4 0 0 0 0 0 0 0 0 0 16 -8 13 -5 15 -4 14 -5 15 -5 13 -5 15 -2 14 -3 14 -3 13 -3 13 -3 13 -3 14 -2 14 -2 13 -1 13 -2 13 -2 12 -2 11 -3 11 -1 11 -2 11 -1 11 -3 12 -3 11 -4 11 -6 0 0 13 -5 13 -4 11 -3 12 -5 10 -3 12 -5 11 -5 13 -5 11 -6 12 -7 14 -7 13 -5 12 -6 14 -5 13 -7 14 -7 14 -6 13 -7 14 -6 13 -7 15 -7 14 -7 12 -8 14 -9 14 -5 15 -9 0 0 0 0 0 0 0 0 0 0 ]
233,1782976444.022532,12.7544,-75,CSI_DATA,AP,98:F4:AB:29:67:94,-75,11,1,4,1,1,1,0,0,0,0,-96,0,6,1,86242734,0,84,0,0,86.6258,384,[84 -64 4 0 0 0 0 0 0 0 0 0 -11 -11 -10 -11 -10 -12 -9 -12 -9 -11 -9 -14 -9 -12 -9 -13 -7 -13 -9 -13 -9 -13 -9 -13 -7 -11 -10 -12 -9 -11 -7 -13 -7 -13 -7 -12 -8 -12 -6 -11 -7 -12 -7 -11 -8 -10 -7 -8 -8 -10 -8 -11 0 0 -8 -9 -7 -12 -9 -9 -9 -11 -8 -10 -9 -10 -9 -11 -9 -9 -10 -11 -11 -9 -11 -11 -11 -9 -11 -9 -12 -9 -11 -8 -13 -9 -12 -10 -11 -9 -12 -10 -12 -10 -13 -11 -13 -10 -12 -12 -14 -11 -14 -12 -15 -11 0 0 0 0 0 0 0 0 0 0 ]
234,1782976444.279231,12.5422,-75,CSI_DATA,AP,98:F4:AB:29:67:94,-75,11,1,4,1,1,1,0,0,0,0,-96,0,6,1,86326802,0,84,0,0,86.7097,384,[84 -64 4 0 0 0 0 0 0 0 0 0 -17 0 -17 1 -15 2 -16 0 -17 0 -15 -2 -15 -1 -15 -1 -15 -1 -15 -1 -13 -2 -14 -1 -14 -2 -14 -1 -13 -1 -15 -2 -14 0 -13 -3 -12 -2 -12 -1 -11 0 -13 -1 -12 -1 -14 -2 -12 -1 -13 -1 0 0 -13 0 -13 -1 -13 1 -13 0 -12 -1 -13 1 -13 2 -14 0 -14 1 -14 2 -15 1 -14 1 -15 1 -14 2 -14 2 -15 1 -14 2 -14 1 -15 2 -15 2 -17 3 -15 3 -15 3 -16 3 -18 1 -16 2 0 0 0 0 0 0 0 0 0 0 ]
235,1782976444.589252,11.9178,-78,CSI_DATA,AP,98:F4:AB:29:67:94,-78,11,1,4,1,1,1,0,0,0,0,-96,0,6,1,99555386,0,84,0,0,99.9384,384,[84 -64 4 0 0 0 0 0 0 0 0 0 24 2 20 0 23 4 21 3 20 2 19 3 18 3 18 3 16 2 16 6 17 6 18 6 16 5 15 4 13 6 17 3 13 4 12 4 11 5 10 5 10 4 8 2 9 2 8 2 8 3 8 1 0 0 6 1 8 -1 8 -1 5 -3 7 -2 5 -3 5 -5 6 -5 6 -3 7 -6 7 -6 6 -6 6 -5 6 -6 5 -9 5 -7 5 -8 5 -7 5 -8 4 -9 4 -9 4 -9 4 -9 5 -10 6 -11 5 -9 0 0 0 0 0 0 0 0 0 0 ]
236,1782976444.797402,10.9712,-77,CSI_DATA,AP,98:F4:AB:29:67:94,-77,11,1,4,1,1,1,0,0,0,0,-96,0,6,1,99648077,0,82,0,0,100.031,384,[82 -96 4 0 0 0 0 0 0 0 0 0 -13 16 -14 15 -13 14 -15 14 -14 14 -14 13 -17 12 -14 10 -14 10 -13 10 -13 10 -13 9 -13 10 -12 8 -12 9 -11 7 -12 9 -12 8 -12 5 -11 6 -10 5 -10 6 -9 6 -7 5 -6 8 -7 7 0 0 -7 7 -5 5 -4 7 -4 7 -4 8 -2 6 -2 6 -3 6 -2 7 1 8 -1 7 -2 8 -2 8 -2 8 1 8 0 7 0 6 0 7 1 7 2 7 2 8 3 7 2 10 4 8 6 7 5 8 0 0 0 0 0 0 0 0 0 0 ]
237,1782976445.044147,9.8336,-76,CSI_DATA,AP,98:F4:AB:29:67:94,-76,11,1,2,1,1,1,0,0,0,0,-96,0,6,1,99652999,0,84,0,0,100.06,384,[84 -64 4 0 0 0 0 0 0 0 0 0 8 -23 9 -20 8 -23 8 -20 9 -20 9 -17 11 -18 10 -16 9 -17 11 -14 8 -16 8 -15 9 -14 8 -13 7 -12 8 -16 7 -13 6 -12 7 -11 5 -10 6 -9 6 -10 6 -10 5 -9 4 -9 2 -9 0 0 2 -9 1 -9 1 -9 -1 -10 1 -8 0 -10 -1 -9 -2 -9 -1 -8 -3 -8 -3 -9 -3 -7 -4 -7 -3 -10 -5 -9 -4 -7 -4 -9 -5 -6 -6 -6 -6 -6 -5 -7 -6 -7 -8 -8 -9 -6 -8 -6 -9 -9 0 0 0 0 0 0 0 0 0 0 ]
238,1782976445.296313,11.6025,-73,CSI_DATA,AP,98:F4:AB:29:67:94,-73,11,0,0,0,0,0,0,0,0,0,-96,0,6,1,99736992,0,84,0,0,100.12,128,[84 -64 4 0 0 0 0 0 0 0 0 0 -16 48 -17 44 -18 45 -17 44 -19 40 -19 36 -17 35 -17 30 -18 31 -15 28 -19 28 -15 30 -16 27 -13 26 -13 24 -10 25 -9 23 -9 19 -11 17 -8 17 -7 14 -6 15 -4 13 -5 14 -4 13 -1 12 0 0 0 10 1 10 4 12 5 10 5 10 3 8 6 9 7 8 6 8 6 8 10 7 7 6 8 6 9 5 11 5 9 4 10 0 7 1 9 0 9 -1 11 -3 10 -6 12 -7 14 -7 14 -7 16 -7 0 0 0 0 0 0 0 0 0 0 ]
239,1782976445.541664,10.2776,-75,CSI_DATA,AP,98:F4:AB:29:67:94,-75,11,1,2,1,1,1,0,0,0,0,-96,0,6,1,99826215,0,84,0,0,100.209,384,[84 -64 4 0 0 0 0 0 0 0 0 0 -25 -1 -27 1 -26 1 -25 0 -24 -2 -24 -3 -22 -2 -21 -3 -22 -3 -19 -5 -21 -3 -19 -4 -17 -3 -17 0 -16 -2 -17 -4 -15 -1 -14 -1 -13 -3 -13 -2 -11 -1 -12 -2 -11 -2 -8 0 -9 1 -10 1 0 0 -7 2 -6 2 -6 2 -7 2 -5 3 -6 2 -6 2 -6 2 -4 3 -4 2 -4 3 -3 3 -2 2 -2 2 -4 2 -3 1 -2 2 -2 1 -2 1 -1 1 -1 1 -2 0 1 -1 2 -2 1 -1 2 -2 0 0 0 0 0 0 0 0 0 0 ]
240,1782976445.789346,11.0859,-74,CSI_DATA,AP,98:F4:AB:29:67:94,-74,11,1,2,1,1,1,0,0,0,0,-96,0,6,1,99915525,0,84,0,0,100.299,384,[84 -64 4 0 0 0 0 0 0 0 0 0 10 -25 7 -23 8 -26 11 -22 11 -25 10 -21 11 -20 12 -19 11 -18 12 -17 10 -17 10 -17 9 -16 9 -16 7 -12 9 -16 8 -14 7 -14 6 -12 7 -13 7 -9 5 -11 6 -11 4 -10 5 -11 3 -10 0 0 3 -9 2 -11 1 -10 -1 -11 1 -9 -1 -9 -1 -8 0 -9 0 -7 -1 -8 -3 -8 -1 -7 -3 -7 -2 -6 -1 -6 -3 -7 -2 -5 -2 -5 -2 -5 -3 -5 -2 -5 -2 -4 -2 -4 -2 -2 -2 -2 -3 -3 0 0 0 0 0 0 0 0 0 0 ]
241,1782976446.028122,10.5388,-76,CSI_DATA,AP,98:F4:AB:29:67:94,-76,11,1,4,1,1,1,0,0,0,0,-96,0,6,1,100004376,0,84,0,0,100.387,384,[84 -64 4 0 0 0 0 0 0 0 0 0 6 24 4 24 6 24 5 23 3 22 2 22 2 23 1 21 2 21 1 19 3 20 1 17 1 16 2 16 1 15 2 17 2 14 1 14 1 12 2 12 2 11 2 10 2 11 3 9 4 9 5 10 0 0 5 7 5 8 5 7 7 7 6 6 5 6 5 5 6 5 5 4 5 4 5 3 5 3 7 2 7 2 5 2 5 3 6 1 5 1 5 2 6 1 4 1 2 1 4 0 2 -1 3 0 2 -1 0 0 0 0 0 0 0 0 0 0 ]
242,1782976446.281945,12.2459,-73,CSI_DATA,AP,98:F4:AB:29:67:94,-73,11,1,2,1,1,1,0,0,0,0,-96,0,6,1,100098342,0,84,0,0,100.481,384,[84 -64 4 0 0 0 0 0 0 0 0 0 21 16 21 16 20 17 18 17 19 18 16 17 14 17 15 19 15 17 14 17 15 17 13 16 11 14 12 16 11 15 12 14 10 13 10 12 8 13 10 11 9 10 9 11 10 9 10 8 11 8 11 7 0 0 11 6 12 7 11 5 11 5 10 5 9 4 9 4 9 3 10 3 10 2 9 1 11 0 10 -1 11 -1 11 0 10 1 11 -1 9 0 8 1 8 1 8 0 6 0 8 0 6 -2 6 -3 5 -3 0 0 0 0 0 0 0 0 0 0 ]
243,1782976446.520346,13.4159,-73,CSI_DATA,AP,98:F4:AB:29:67:94,-73,11,1,2,1,1,1,0,0,0,0,-96,0,6,1,100185181,0,84,0,0,100.568,384,[84 -64 4 0 0 0 0 0 0 0 0 0 29 -8 26 -7 26 -9 26 -7 25 -6 26 -5 24 -4 24 -1 24 -2 21 -1 22 -3 22 -1 20 -1 20 -2 19 -1 20 -2 18 -1 17 -2 14 -2 15 -1 14 -2 15 -3 14 -2 12 -2 13 -3 12 -3 0 0 12 -5 10 -5 10 -5 10 -5 8 -5 9 -5 8 -5 8 -6 8 -7 6 -8 7 -8 7 -6 6 -8 7 -8 7 -8 6 -8 5 -7 6 -8 4 -6 5 -5 4 -6 3 -5 3 -6 3 -6 3 -6 1 -6 0 0 0 0 0 0 0 0 0 0 ]
244,1782976446.776906,15.2206,-73,CSI_DATA,AP,98:F4:AB:29:67:94,-73,11,1,2,1,1,1,0,0,0,0,-96,0,6,1,100278880,0,84,0,0,100.662,384,[84 -64 4 0 0 0 0 0 0 0 0 0 -31 14 -28 11 -31 12 -28 10 -30 10 -28 7 -29 8 -27 6 -28 7 -26 6 -27 7 -25 6 -24 6 -23 7 -21 5 -23 7 -19 7 -19 6 -18 5 -19 5 -15 5 -17 5 -14 5 -13 7 -14 7 -12 6 0 0 -11 8 -10 8 -11 8 -8 9 -9 7 -7 7 -8 6 -5 8 -5 7 -5 9 -3 11 -5 9 -4 10 -5 9 -4 10 -3 8 -4 9 -3 8 -1 7 -2 7 -1 6 -2 5 -1 6 1 4 0 5 0 3 0 0 0 0 0 0 0 0 0 0 ]
245,1782976447.065854,11.6644,-78,CSI_DATA,AP,98:F4:AB:29:67:94,-78,11,1,4,1,1,1,0,0,0,0,-96,0,6,1,100368827,0,84,0,0,100.752,384,[84 -64 4 0 0 0 0 0 0 0 0 0 17 15 15 15 16 15 15 17 13 15 12 15 12 15 10 16 11 13 8 15 11 13 9 13 7 13 8 13 7 12 9 11 8 9 8 10 7 10 6 8 8 9 5 7 7 6 6 6 6 5 7 5 0 0 6 5 6 5 6 4 6 1 4 2 6 2 4 2 6 0 6 0 6 -1 5 -1 6 1 6 -1 4 -2 3 1 3 -1 2 0 1 0 2 -1 -1 -1 1 -2 0 -3 -2 -2 -2 -3 -2 -2 -2 -4 0 0 0 0 0 0 0 0 0 0 ]
246,1782976447.353169,9.5776,-78,CSI_DATA,AP,98:F4:AB:29:67:94,-78,11,1,4,1,1,1,0,0,0,0,-96,0,6,1,100453897,0,84,0,0,100.837,384,[84 -64 4 0 0 0 0 0 0 0 0 0 5 -20 7 -21 5 -21 6 -19 5 -19 8 -17 6 -17 6 -16 6 -14 8 -14 7 -14 7 -14 4 -14 6 -14 5 -13 6 -13 5 -13 4 -11 4 -11 5 -11 3 -10 4 -8 4 -8 3 -10 4 -8 3 -8 0 0 2 -8 1 -8 0 -8 1 -7 -2 -7 0 -7 0 -5 0 -6 -2 -6 -2 -4 -2 -6 -2 -6 -1 -4 -2 -5 -4 -3 -3 -3 -4 -1 -5 -2 -5 -1 -2 0 -3 -2 -4 0 -5 -1 -5 1 -5 1 -5 1 0 0 0 0 0 0 0 0 0 0 ]
247,1782976447.642190,8.6406,-78,CSI_DATA,AP,98:F4:AB:29:67:94,-78,11,1,4,1,1,1,0,0,0,0,-96,0,6,1,100542558,0,84,0,0,100.926,384,[84 -64 4 0 0 0 0 0 0 0 0 0 -10 19 -9 19 -11 23 -8 18 -14 20 -11 15 -13 17 -13 13 -11 17 -13 13 -12 14 -11 13 -10 12 -10 11 -11 10 -12 12 -9 10 -11 12 -9 9 -8 9 -9 8 -6 7 -7 9 -7 9 -6 7 -4 8 0 0 -3 10 -4 7 -2 8 -2 9 0 8 0 8 0 9 0 10 0 8 1 9 2 9 1 10 4 9 2 10 3 10 3 6 5 10 4 9 5 7 7 10 6 9 8 9 7 9 7 10 7 8 7 8 0 0 0 0 0 0 0 0 0 0 ]
248,1782976447.931746,8.3853,-73,CSI_DATA,AP,98:F4:AB:29:67:94,-73,11,1,4,1,1,1,0,0,0,0,-96,0,6,1,100636803,0,84,0,0,101.02,384,[84 -64 4 0 0 0 0 0 0 0 0 0 18 4 16 5 17 5 15 5 16 4 15 7 16 7 16 8 14 7 15 8 15 8 13 6 13 7 12 8 12 5 13 6 9 6 12 6 9 5 9 4 9 4 8 4 10 5 9 3 9 2 8 1 0 0 8 1 9 1 10 1 10 -1 7 -1 8 0 8 -1 9 -2 8 -1 9 -2 10 -3 9 -2 9 -2 9 -2 9 -4 7 -5 10 -4 9 -2 8 -2 8 -3 8 -3 8 -4 9 -4 7 -3 8 -3 8 -3 0 0 0 0 0 0 0 0 0 0 ]
249,1782976448.366456,9.4091,-74,CSI_DATA,AP,98:F4:AB:29:67:94,-74,11,1,4,1,1,1,0,0,0,0,-96,0,6,1,100724375,0,84,0,0,101.107,384,[84 -64 4 0 0 0 0 0 0 0 0 0 -23 -9 -24 -9 -22 -9 -23 -9 -20 -10 -20 -8 -21 -11 -20 -10 -19 -10 -16 -10 -17 -10 -18 -9 -17 -9 -16 -7 -16 -8 -16 -9 -16 -8 -15 -7 -13 -7 -11 -6 -12 -8 -12 -7 -12 -5 -12 -3 -11 -5 -12 -3 0 0 -12 -3 -11 -2 -10 -1 -10 -1 -10 -1 -10 -1 -8 -2 -8 -1 -8 1 -7 0 -8 2 -7 0 -7 1 -7 1 -7 1 -7 0 -7 -1 -7 0 -5 0 -5 0 -6 -1 -5 -1 -4 0 -4 -2 -4 -1 -4 -2 0 0 0 0 0 0 0 0 0 0 ]
250,1782976448.726852,8.1192,-73,CSI_DATA,AP,98:F4:AB:29:67:94,-73,11,0,0,0,0,0,0,0,0,0,-96,0,6,1,100817604,0,84,0,0,101.201,128,[84 -64 4 0 0 0 0 0 0 0 0 0 -40 -6 -35 -6 -39 -6 -38 -8 -38 -11 -31 -10 -32 -10 -27 -12 -29 -12 -25 -11 -27 -13 -23 -10 -22 -10 -23 -10 -18 -7 -21 -7 -17 -8 -17 -6 -14 -7 -13 -6 -12 -3 -12 -2 -6 -2 -6 -2 -7 -1 -8 2 0 0 -7 3 -5 5 -3 4 -3 6 -1 3 -1 6 1 9 -1 9 5 11 1 10 3 14 1 13 4 14 1 13 4 14 5 13 6 13 6 12 5 15 10 14 12 14 10 14 12 17 12 17 14 16 16 16 0 0 0 0 0 0 0 0 0 0 ]
251,1782976448.995528,11.7704,-74,CSI_DATA,AP,98:F4:AB:29:67:94,-74,11,1,4,1,1,1,0,0,0,0,-96,0,6,1,100902460,0,84,0,0,101.286,384,[84 -64 4 0 0 0 0 0 0 0 0 0 -37 0 -32 -1 -38 -4 -32 -3 -35 -4 -32 -6 -29 -8 -28 -11 -28 -6 -29 -10 -28 -10 -27 -9 -24 -7 -23 -6 -20 -5 -26 -7 -20 -7 -22 -6 -19 -5 -20 -6 -16 -5 -18 -3 -17 -4 -17 -1 -15 -1 -15 0 0 0 -13 4 -14 3 -14 3 -13 4 -13 5 -12 5 -13 7 -13 8 -13 8 -13 10 -13 10 -11 10 -12 12 -10 10 -14 13 -9 12 -12 13 -10 12 -8 13 -10 12 -8 14 -8 16 -7 14 -7 13 -9 15 -7 15 0 0 0 0 0 0 0 0 0 0 ]
252,1782976449.253719,15.3935,-76,CSI_DATA,AP,98:F4:AB:29:67:94,-76,11,1,4,1,1,1,0,0,0,0,-96,0,6,1,100993750,0,84,0,0,101.377,384,[84 -64 4 0 0 0 0 0 0 0 0 0 -23 -15 -21 -16 -22 -16 -19 -15 -20 -18 -18 -15 -19 -18 -14 -16 -16 -17 -15 -17 -15 -15 -15 -14 -13 -15 -14 -16 -13 -12 -16 -13 -14 -12 -12 -14 -12 -12 -10 -10 -11 -11 -10 -11 -12 -9 -11 -9 -13 -9 -12 -8 0 0 -12 -8 -12 -6 -12 -5 -12 -4 -12 -4 -10 -4 -12 -5 -11 -4 -13 -3 -14 -4 -11 -2 -11 -2 -13 -4 -11 -1 -12 -1 -9 0 -13 -2 -9 -1 -12 -1 -11 0 -10 0 -9 1 -10 0 -9 1 -9 2 -11 1 0 0 0 0 0 0 0 0 0 0 ]
253,1782976449.510331,13.9115,-74,CSI_DATA,AP,98:F4:AB:29:67:94,-74,11,1,2,1,1,1,0,0,0,0,-96,0,6,1,101087060,0,84,0,0,101.47,384,[84 -64 4 0 0 0 0 0 0 0 0 0 -2 25 -1 25 -2 25 -4 22 -4 23 -5 21 -5 20 -7 19 -7 20 -7 18 -6 19 -5 18 -5 17 -5 17 -6 14 -4 16 -4 15 -4 14 -4 12 -4 11 -4 11 -3 10 -2 10 -2 10 -1 10 -1 8 0 0 0 9 1 8 0 8 1 7 1 7 1 6 3 6 3 6 3 5 3 7 4 6 4 5 5 6 5 5 5 4 3 5 3 3 3 3 3 2 3 2 5 0 3 1 5 1 4 0 5 -1 3 -2 0 0 0 0 0 0 0 0 0 0 ]
254,1782976449.745799,13.6133,-74,CSI_DATA,AP,98:F4:AB:29:67:94,-74,11,1,4,1,1,1,0,0,0,0,-96,0,6,1,101176065,0,84,0,0,101.559,384,[84 -64 4 0 0 0 0 0 0 0 0 0 -34 -4 -33 -3 -33 -5 -31 -6 -29 -7 -28 -6 -28 -8 -27 -7 -27 -7 -23 -9 -25 -8 -23 -8 -21 -8 -20 -7 -18 -6 -21 -6 -17 -5 -17 -6 -16 -5 -15 -4 -16 -3 -15 -2 -13 -2 -12 -1 -12 -1 -13 -1 0 0 -12 1 -12 2 -11 2 -11 3 -10 4 -10 4 -9 5 -10 6 -9 6 -9 8 -9 6 -7 8 -7 6 -7 9 -8 8 -8 8 -7 7 -6 8 -6 8 -5 6 -5 9 -5 8 -3 8 -3 9 -2 9 -2 7 0 0 0 0 0 0 0 0 0 0 ]
255,1782976450.002190,9.2349,-79,CSI_DATA,AP,98:F4:AB:29:67:94,-79,11,1,4,1,1,1,0,0,0,0,-96,0,6,1,101265667,0,84,0,0,101.649,384,[84 -64 4 0 0 0 0 0 0 0 0 0 -29 -6 -27 -6 -28 -7 -24 -8 -26 -8 -21 -8 -22 -10 -21 -10 -20 -10 -17 -8 -16 -9 -14 -7 -14 -7 -12 -3 -11 -7 -11 -4 -11 -5 -10 -3 -10 -3 -10 -3 -8 -3 -6 -1 -6 2 -7 0 -7 0 -6 4 0 0 -5 2 -6 4 -3 6 -4 7 -3 6 -5 6 -4 7 -4 9 -1 7 -1 9 -1 10 -3 8 -2 11 -1 9 0 12 -1 10 -2 11 0 9 0 9 2 9 3 12 4 11 4 11 3 10 4 12 1 12 0 0 0 0 0 0 0 0 0 0 ]
256,1782976450.243124,12.0318,-73,CSI_DATA,AP,98:F4:AB:29:67:94,-73,11,1,4,1,1,1,0,0,0,0,-96,0,6,1,101353577,0,84,0,0,101.737,384,[84 -64 4 0 0 0 0 0 0 0 0 0 21 22 19 21 20 24 16 21 17 22 13 21 15 22 14 23 12 22 12 21 12 20 12 22 10 19 10 19 10 16 12 20 11 16 11 17 10 14 11 15 9 16 10 14 9 14 9 13 10 12 11 11 0 0 9 10 13 9 10 9 13 9 11 9 10 8 11 9 12 6 14 7 13 7 14 7 12 6 13 7 13 6 13 6 14 4 12 5 13 4 14 4 12 2 12 3 14 2 12 3 14 2 12 2 13 2 0 0 0 0 0 0 0 0 0 0 ]
257,1782976450.504911,14.3095,-71,CSI_DATA,AP,98:F4:AB:29:67:94,-71,11,1,2,1,1,1,0,0,0,0,-96,0,6,1,101447173,0,84,0,0,101.83,384,[84 -64 4 0 0 0 0 0 0 0 0 0 -6 37 -3 34 -5 35 -7 32 -5 32 -8 31 -9 31 -9 29 -9 29 -9 26 -9 27 -9 26 -8 24 -8 24 -8 24 -7 24 -7 21 -6 20 -6 18 -4 20 -5 18 -5 16 -5 15 -4 15 -3 16 -2 15 0 0 -2 13 0 14 1 13 1 13 1 11 2 10 2 11 2 9 2 10 3 9 4 9 3 7 5 9 4 6 5 7 3 7 2 6 3 5 2 4 2 5 2 4 2 4 2 3 2 1 3 1 2 2 0 0 0 0 0 0 0 0 0 0 ]
258,1782976450.755532,10.9384,-77,CSI_DATA,AP,98:F4:AB:29:67:94,-77,11,1,4,1,1,1,0,0,0,0,-96,0,6,1,101533418,0,84,0,0,101.916,384,[84 -64 4 0 0 0 0 0 0 0 0 0 -20 -21 -18 -20 -18 -21 -16 -18 -19 -20 -17 -18 -16 -18 -16 -17 -15 -17 -11 -15 -14 -16 -12 -14 -14 -13 -11 -14 -11 -12 -13 -12 -10 -10 -11 -9 -9 -10 -9 -9 -7 -8 -9 -8 -9 -8 -6 -7 -5 -6 -6 -6 0 0 -4 -5 -5 -6 -4 -4 -5 -4 -2 -5 -2 -5 -3 -4 -3 -5 -1 -6 -2 -6 -1 -6 -1 -5 -1 -6 -1 -6 -3 -6 -2 -7 -3 -9 -1 -8 -2 -9 -4 -7 -4 -10 -5 -8 -4 -11 -2 -10 -5 -10 -5 -10 0 0 0 0 0 0 0 0 0 0 ]
259,1782976451.000262,10.5776,-75,CSI_DATA,AP,98:F4:AB:29:67:94,-75,11,1,2,1,1,1,0,0,0,0,-96,0,6,1,101624430,0,84,0,0,102.007,384,[84 -64 4 0 0 0 0 0 0 0 0 0 15 6 12 6 14 8 12 7 11 7 7 6 8 7 8 5 8 4 7 3 8 2 6 2 8 1 8 -1 8 0 8 -1 6 0 7 -2 7 -4 8 -3 8 -4 9 -6 9 -4 9 -6 9 -6 10 -6 0 0 10 -8 11 -9 10 -10 10 -10 9 -8 14 -11 12 -10 12 -11 12 -12 14 -14 13 -14 15 -12 15 -12 14 -12 16 -15 15 -14 16 -16 17 -14 16 -13 17 -15 18 -14 18 -14 18 -14 18 -17 20 -14 19 -13 0 0 0 0 0 0 0 0 0 0 ]
260,1782976451.232748,13.6311,-72,CSI_DATA,AP,98:F4:AB:29:67:94,-72,11,1,4,1,1,1,0,0,0,0,-96,0,6,1,101712833,0,84,0,0,102.096,384,[84 -64 4 0 0 0 0 0 0 0 0 0 -13 25 -14 23 -13 22 -15 20 -15 21 -16 18 -18 16 -13 17 -14 16 -13 15 -11 16 -12 14 -11 14 -11 15 -11 14 -12 15 -12 13 -10 15 -11 12 -9 12 -9 12 -9 14 -9 13 -8 14 -8 15 -7 15 0 0 -9 14 -7 17 -5 16 -7 17 -5 15 -8 17 -6 16 -6 15 -5 18 -4 18 -4 18 -5 17 -5 18 -6 18 -6 20 -7 19 -7 20 -5 18 -6 18 -6 18 -5 19 -7 19 -7 18 -7 19 -7 18 -6 18 0 0 0 0 0 0 0 0 0 0 ]
261,1782976451.536302,15.7975,-74,CSI_DATA,AP,98:F4:AB:29:67:94,-74,11,1,4,1,1,1,0,0,0,0,-96,0,6,1,101803380,0,84,0,0,102.186,384,[84 -64 4 0 0 0 0 0 0 0 0 0 -5 44 -6 41 -6 38 -6 38 -9 34 -8 34 -12 30 -11 29 -11 29 -12 25 -8 26 -9 28 -8 25 -9 22 -5 21 -8 22 -7 21 -5 19 -4 20 -5 17 -8 17 -4 17 -3 16 -2 13 1 15 0 13 0 0 0 11 3 12 3 13 4 11 4 10 2 11 4 10 4 8 5 9 8 10 8 8 6 9 7 8 9 9 8 10 9 7 7 9 6 7 7 9 7 8 8 8 8 6 9 6 7 5 8 4 10 3 0 0 0 0 0 0 0 0 0 0 ]
262,1782976451.776974,12.2227,-75,CSI_DATA,AP,98:F4:AB:29:67:94,-75,11,0,0,0,0,0,0,0,0,0,-96,0,6,1,101898546,0,84,0,0,102.282,128,[84 -64 4 0 0 0 0 0 0 0 0 0 7 -49 9 -41 11 -46 5 -40 5 -48 6 -36 8 -37 7 -29 7 -34 5 -29 7 -29 3 -27 5 -26 2 -24 2 -20 3 -20 1 -17 2 -15 0 -13 2 -10 3 -9 0 -10 4 -5 3 -7 2 -8 2 -3 0 0 3 -1 4 0 3 0 4 0 1 3 6 4 6 2 4 3 7 4 6 5 6 3 7 5 8 4 8 4 7 3 8 5 8 2 8 0 7 0 9 -1 9 0 10 -3 9 -2 10 -4 10 -7 13 -4 0 0 0 0 0 0 0 0 0 0 ]
263,1782976452.026743,9.4175,-80,CSI_DATA,AP,98:F4:AB:29:67:94,-80,11,1,4,1,1,1,0,0,0,0,-96,0,6,1,101984340,0,84,0,0,102.367,384,[84 -64 4 0 0 0 0 0 0 0 0 0 10 4 10 4 10 5 6 5 10 5 7 5 5 2 5 4 6 1 4 2 4 2 3 1 5 0 2 -2 4 -1 4 -2 3 -2 1 -3 4 -3 3 -2 3 -3 3 -4 3 -7 4 -6 4 -8 3 -6 0 0 4 -7 4 -9 5 -8 5 -8 5 -9 4 -10 4 -11 7 -10 5 -9 7 -10 3 -11 6 -11 6 -11 7 -12 8 -11 7 -10 8 -12 6 -11 7 -13 8 -11 7 -13 7 -12 9 -13 8 -14 8 -12 8 -12 0 0 0 0 0 0 0 0 0 0 ]
264,1782976452.270275,7.2341,-78,CSI_DATA,AP,98:F4:AB:29:67:94,-78,11,1,4,1,1,1,0,0,0,0,-96,0,6,1,102073722,0,84,0,0,102.457,384,[84 -64 4 0 0 0 0 0 0 0 0 0 -11 -12 -8 -11 -9 -11 -7 -11 -9 -11 -7 -10 -7 -12 -6 -12 -6 -11 -5 -10 -6 -9 -6 -8 -5 -8 -6 -8 -5 -7 -6 -7 -5 -6 -5 -6 -6 -5 -5 -6 -5 -6 -5 -4 -7 -5 -7 -4 -6 -4 -8 -4 0 0 -9 -3 -8 -2 -7 -4 -9 -2 -8 -3 -10 -2 -10 -3 -10 -3 -12 -2 -12 -4 -12 -4 -10 -3 -11 -4 -13 -2 -12 -4 -12 -3 -13 -4 -12 -4 -12 -4 -14 -5 -13 -4 -13 -4 -12 -6 -11 -6 -13 -5 -12 -4 0 0 0 0 0 0 0 0 0 0 ]
265,1782976452.527200,6.2169,-78,CSI_DATA,AP,98:F4:AB:29:67:94,-78,11,1,2,1,1,1,0,0,0,0,-96,0,6,1,102170555,0,84,0,0,102.554,384,[84 -64 4 0 0 0 0 0 0 0 0 0 4 -17 4 -13 4 -16 5 -13 4 -12 4 -10 6 -11 4 -12 4 -10 5 -11 2 -12 4 -11 3 -10 3 -11 2 -9 3 -12 3 -9 4 -8 4 -9 3 -9 2 -5 2 -7 0 -9 0 -8 1 -8 1 -8 0 0 -1 -6 0 -8 0 -9 -2 -9 -1 -7 -3 -8 0 -8 -1 -10 -1 -10 -3 -9 -2 -10 -2 -10 -2 -9 -2 -9 -3 -11 -3 -10 -1 -9 -1 -11 -2 -11 -3 -10 -1 -11 -4 -11 -1 -11 -2 -9 -2 -11 -1 -11 0 0 0 0 0 0 0 0 0 0 ]
266,1782976452.785588,6.5806,-79,CSI_DATA,AP,98:F4:AB:29:67:94,-79,11,1,2,1,1,1,0,0,0,0,-96,0,6,1,102258813,0,84,0,0,102.642,384,[84 -64 4 0 0 0 0 0 0 0 0 0 -5 -18 -5 -19 -4 -20 -4 -19 -3 -20 -2 -17 -4 -17 -4 -16 -3 -18 -2 -17 -3 -17 -4 -17 -4 -15 -4 -16 -4 -14 -3 -16 -3 -13 -1 -14 0 -12 2 -11 -1 -9 -1 -8 -1 -6 -1 -5 -1 -7 -2 -4 0 0 -2 -3 -2 -2 -1 -3 -2 0 -2 1 -2 2 -1 1 -3 3 -3 2 -2 4 -2 4 -3 3 -3 5 -2 5 -3 5 -2 6 -1 6 -1 6 -1 8 -1 9 -2 9 1 9 0 10 1 9 3 10 2 9 0 0 0 0 0 0 0 0 0 0 ]
267,1782976453.029156,8.6667,-73,CSI_DATA,AP,98:F4:AB:29:67:94,-73,11,0,0,0,0,0,0,0,0,0,-96,0,6,1,102351473,0,84,0,0,102.735,128,[84 -64 4 0 0 0 0 0 0 0 0 0 -32 -13 -31 -15 -32 -15 -32 -12 -29 -14 -24 -13 -22 -11 -21 -12 -21 -13 -20 -12 -20 -12 -19 -9 -16 -12 -15 -9 -12 -10 -14 -13 -9 -11 -9 -11 -5 -10 -1 -10 -1 -8 -1 -10 0 -10 0 -8 3 -11 6 -11 0 0 8 -11 11 -13 10 -13 11 -14 11 -15 13 -14 14 -13 15 -12 13 -16 17 -14 15 -19 14 -14 15 -20 15 -18 15 -22 16 -22 16 -27 14 -22 15 -22 15 -24 14 -27 11 -29 13 -25 15 -31 11 -30 10 -30 0 0 0 0 0 0 0 0 0 0 ]
268,1782976453.264090,9.3504,-76,CSI_DATA,AP,98:F4:AB:29:67:94,-76,11,1,2,1,1,1,0,0,0,0,-96,0,6,1,102438762,0,84,0,0,102.822,384,[84 -64 4 0 0 0 0 0 0 0 0 0 11 6 9 7 10 6 6 5 8 7 7 6 6 6 3 7 4 7 3 7 2 8 1 7 0 7 0 6 -2 6 -3 7 -3 5 -3 7 -5 5 -6 6 -6 7 -7 6 -8 6 -10 5 -9 6 -9 6 0 0 -10 6 -11 7 -11 7 -13 9 -11 7 -12 8 -13 10 -13 8 -15 9 -16 11 -14 12 -14 11 -13 11 -12 12 -13 15 -12 16 -14 15 -12 14 -11 14 -11 16 -12 16 -9 16 -13 17 -9 16 -11 16 -10 16 0 0 0 0 0 0 0 0 0 0 ]
269,1782976453.519573,10.2251,-71,CSI_DATA,AP,98:F4:AB:29:67:94,-71,11,0,0,0,0,0,0,0,0,0,-96,0,6,1,102525649,0,84,0,0,102.909,128,[84 -64 4 0 0 0 0 0 0 0 0 0 -13 2 -10 0 -10 1 -9 -1 -7 -4 -5 -3 -3 -4 -3 -6 -1 -8 0 -7 0 -9 2 -10 4 -9 3 -10 4 -10 6 -12 6 -12 7 -12 7 -12 10 -12 9 -13 11 -15 9 -15 12 -17 14 -18 14 -16 0 0 16 -17 17 -18 17 -21 14 -21 16 -19 16 -20 17 -21 17 -21 16 -24 17 -21 18 -24 17 -23 17 -26 19 -22 19 -22 20 -25 21 -24 16 -23 18 -22 15 -22 17 -22 16 -23 15 -23 13 -25 12 -24 13 -23 0 0 0 0 0 0 0 0 0 0 ]
270,1782976453.757793,20.3419,-71,CSI_DATA,AP,98:F4:AB:29:67:94,-71,11,0,0,0,0,0,0,0,0,0,-96,0,6,1,102627194,0,84,0,0,103.01,128,[84 -64 4 0 0 0 0 0 0 0 0 0 -11 -6 -11 -4 -14 -2 -15 -2 -14 -4 -12 -2 -14 -3 -13 -3 -16 -2 -14 0 -18 1 -20 1 -20 -1 -21 1 -19 -3 -20 -3 -19 -5 -19 -1 -19 -3 -20 -5 -21 -5 -23 -2 -18 -2 -21 -1 -25 -2 -24 -3 0 0 -24 -4 -26 -3 -26 -3 -26 -2 -24 -3 -27 -6 -27 -5 -22 -6 -27 -3 -25 -5 -28 -5 -25 -5 -28 -4 -25 -9 -24 -8 -26 -8 -24 -7 -22 -6 -23 -8 -22 -6 -23 -8 -23 -6 -21 -5 -24 -5 -23 -2 -22 -4 0 0 0 0 0 0 0 0 0 0 ]
271,1782976454.012601,17.7506,-75,CSI_DATA,AP,98:F4:AB:29:67:94,-75,11,1,4,1,1,1,0,0,0,0,-96,0,6,1,102703343,0,84,0,0,103.086,384,[84 -64 4 0 0 0 0 0 0 0 0 0 -8 9 -9 10 -9 10 -8 9 -8 9 -9 9 -10 10 -9 9 -9 9 -11 7 -10 8 -10 7 -11 8 -10 8 -10 8 -11 9 -9 8 -10 8 -10 7 -10 8 -10 7 -9 7 -10 7 -9 6 -9 7 -9 6 0 0 -9 8 -9 8 -8 7 -8 8 -8 7 -7 7 -8 7 -9 8 -8 8 -8 10 -8 11 -8 7 -7 8 -6 7 -6 8 -7 9 -7 9 -6 8 -7 8 -6 8 -6 9 -7 8 -8 9 -5 8 -7 8 -6 7 0 0 0 0 0 0 0 0 0 0 ]
272,1782976454.252636,15.9525,-75,CSI_DATA,AP,98:F4:AB:29:67:94,-75,11,1,4,1,1,1,0,0,0,0,-96,0,6,1,102792637,0,84,0,0,103.176,384,[84 -64 4 0 0 0 0 0 0 0 0 0 -14 -13 -13 -13 -14 -13 -13 -12 -13 -12 -12 -12 -12 -12 -12 -14 -9 -13 -10 -13 -11 -11 -10 -13 -11 -12 -10 -11 -9 -10 -10 -11 -8 -12 -8 -10 -8 -11 -8 -10 -9 -9 -9 -10 -9 -9 -9 -10 -10 -9 -9 -9 0 0 -10 -8 -11 -8 -11 -6 -10 -8 -9 -8 -10 -6 -10 -6 -11 -6 -12 -7 -12 -6 -11 -5 -12 -6 -11 -6 -11 -5 -12 -6 -12 -5 -12 -7 -11 -5 -11 -5 -12 -4 -11 -5 -13 -3 -11 -6 -13 -4 -11 -4 -11 -5 0 0 0 0 0 0 0 0 0 0 ]
273,1782976454.507130,15.7914,-74,CSI_DATA,AP,98:F4:AB:29:67:94,-74,11,1,4,1,1,1,0,0,0,0,-96,0,6,1,102884296,0,84,0,0,103.267,384,[84 -64 4 0 0 0 0 0 0 0 0 0 6 -29 8 -27 10 -29 10 -27 9 -25 11 -22 12 -22 12 -23 10 -21 9 -22 11 -22 10 -19 9 -18 8 -20 9 -17 10 -18 8 -17 7 -14 6 -14 7 -15 5 -14 6 -15 4 -15 3 -14 2 -15 3 -13 0 0 1 -14 0 -14 1 -14 -2 -14 0 -15 -1 -13 -2 -16 -3 -14 -7 -14 -6 -15 -6 -15 -5 -13 -6 -12 -6 -14 -7 -16 -7 -17 -7 -15 -8 -11 -7 -13 -9 -14 -9 -14 -8 -13 -9 -12 -10 -12 -10 -14 -10 -14 0 0 0 0 0 0 0 0 0 0 ]
274,1782976454.746652,15.8789,-72,CSI_DATA,AP,98:F4:AB:29:67:94,-72,11,1,2,1,1,1,0,0,0,0,-96,0,6,1,102975982,0,84,0,0,103.359,384,[84 -64 4 0 0 0 0 0 0 0 0 0 6 23 6 21 5 24 3 22 4 24 3 21 1 22 1 21 2 22 1 21 1 21 0 21 -1 18 0 19 -1 18 0 21 -1 18 0 16 -1 16 1 15 1 15 2 16 2 16 2 14 4 16 3 15 0 0 4 16 3 15 5 14 5 14 5 13 5 13 6 15 6 15 7 16 7 16 9 17 7 16 8 15 8 16 9 16 9 15 9 17 9 15 9 14 11 15 11 16 9 15 12 16 11 18 11 18 9 15 0 0 0 0 0 0 0 0 0 0 ]
275,1782976455.001684,16.2896,-72,CSI_DATA,AP,98:F4:AB:29:67:94,-72,11,1,2,1,1,1,0,0,0,0,-96,0,6,1,103070382,0,84,0,0,103.453,384,[84 -64 4 0 0 0 0 0 0 0 0 0 -8 -27 -6 -24 -5 -25 -2 -24 -3 -23 -1 -23 -1 -23 -1 -23 -2 -23 0 -20 0 -21 0 -22 0 -20 1 -21 2 -19 1 -21 1 -19 2 -20 -1 -16 1 -17 2 -15 0 -17 1 -17 0 -16 -2 -17 -2 -17 0 0 -2 -17 -2 -17 -3 -15 -5 -17 -1 -13 -2 -15 -3 -16 -6 -17 -6 -17 -5 -19 -8 -19 -4 -17 -6 -18 -5 -19 -7 -19 -8 -19 -7 -19 -6 -17 -7 -20 -9 -18 -7 -19 -8 -19 -6 -20 -7 -21 -7 -20 -9 -21 0 0 0 0 0 0 0 0 0 0 ]
276,1782976455.241195,15.8322,-72,CSI_DATA,AP,98:F4:AB:29:67:94,-72,11,1,2,1,1,1,0,0,0,0,-96,0,6,1,103161013,0,84,0,0,103.544,384,[84 -64 4 0 0 0 0 0 0 0 0 0 15 -13 14 -11 16 -13 14 -12 14 -11 13 -9 16 -9 14 -9 15 -9 17 -9 16 -9 16 -9 16 -9 16 -9 15 -6 16 -8 14 -7 15 -8 13 -7 14 -7 14 -6 14 -8 16 -7 14 -8 14 -8 15 -8 0 0 14 -6 16 -8 13 -7 14 -10 13 -7 13 -8 14 -9 14 -7 14 -10 14 -10 16 -11 14 -10 13 -10 13 -10 14 -10 13 -10 15 -12 12 -10 14 -9 11 -11 13 -11 13 -10 12 -11 12 -13 13 -9 13 -10 0 0 0 0 0 0 0 0 0 0 ]
277,1782976455.495939,16.9043,-72,CSI_DATA,AP,98:F4:AB:29:67:94,-72,11,1,4,1,1,1,0,0,0,0,-96,0,6,1,103243330,0,84,0,0,103.626,384,[84 -64 4 0 0 0 0 0 0 0 0 0 -7 -11 -6 -13 -7 -13 -8 -12 -7 -13 -7 -13 -9 -14 -7 -15 -7 -16 -6 -14 -7 -16 -7 -16 -8 -15 -7 -16 -7 -17 -6 -17 -6 -17 -5 -16 -5 -16 -6 -15 -6 -17 -5 -18 -6 -18 -7 -16 -5 -17 -6 -18 0 0 -6 -18 -6 -19 -5 -18 -6 -18 -4 -16 -5 -18 -6 -18 -6 -18 -8 -19 -7 -19 -8 -19 -7 -19 -7 -17 -6 -17 -7 -18 -7 -18 -7 -18 -9 -17 -7 -18 -8 -17 -8 -18 -8 -17 -9 -18 -9 -18 -8 -18 -9 -19 0 0 0 0 0 0 0 0 0 0 ]
