packet_idx,epoch_s,sub30_amplitude,rssi_dbm,raw_line
2,1783416197.747914,20.5183,-74,CSI_DATA,AP,98:F4:AB:29:67:94,-74,11,0,0,0,0,0,0,0,0,0,-96,0,6,1,39470678,0,28,0,0,39.853,128,[28 -64 1 0 0 0 0 0 0 0 0 0 -23 -28 -21 -27 -21 -30 -20 -24 -19 -26 -16 -21 -17 -24 -16 -23 -19 -21 -18 -20 -17 -20 -18 -19 -16 -20 -19 -18 -16 -14 -20 -18 -16 -16 -15 -15 -14 -13 -15 -15 -14 -15 -15 -14 -13 -13 -11 -14 -15 -14 -12 -13 0 0 -13 -13 -13 -13 -11 -11 -13 -13 -7 -12 -10 -14 -10 -15 -8 -14 -9 -14 -8 -15 -8 -15 -9 -15 -9 -15 -8 -17 -10 -18 -11 -19 -12 -22 -9 -21 -10 -22 -10 -22 -9 -24 -10 -23 -11 -25 -13 -26 -11 -28 -12 -27 0 0 0 0 0 0 0 0 0 0 ]
3,1783416197.794997,15.8114,-74,CSI_DATA,AP,98:F4:AB:29:67:94,-74,11,0,0,0,0,0,0,0,0,0,-96,0,6,1,39473652,0,157,0,0,39.8928,128,[-99 -48 9 0 0 0 0 0 0 0 0 0 -25 25 -22 21 -24 25 -21 22 -22 22 -19 18 -18 18 -18 17 -17 19 -18 18 -16 18 -16 18 -17 18 -15 17 -11 18 -15 20 -12 15 -11 18 -13 15 -11 16 -10 15 -11 15 -11 14 -11 14 -9 13 -12 12 0 0 -10 11 -13 12 -10 11 -12 13 -9 9 -11 9 -12 10 -12 10 -11 11 -13 11 -14 10 -13 8 -13 10 -15 9 -16 13 -17 12 -19 13 -18 11 -20 12 -21 15 -19 14 -21 15 -24 17 -24 18 -24 15 -24 18 0 0 0 0 0 0 0 0 0 0 ]
4,1783416197.888850,11.1803,-78,CSI_DATA,AP,98:F4:AB:29:67:94,-78,11,0,0,0,0,0,0,0,0,0,-96,0,6,1,39618999,0,135,0,0,40.0014,128,[-121 112 8 0 0 0 0 0 0 0 0 0 5 -43 6 -40 7 -43 6 -38 5 -40 7 -35 5 -32 5 -30 7 -32 3 -31 3 -28 2 -27 3 -25 3 -28 1 -23 2 -25 2 -21 1 -20 -1 -16 -1 -17 0 -16 0 -17 2 -13 -2 -12 -2 -11 -1 -11 0 0 -1 -12 1 -9 -3 -8 -1 -6 -1 -5 0 -6 1 -4 -3 -5 0 -4 0 -5 3 -5 5 -3 4 -5 7 -3 7 -5 6 -3 11 -5 11 -3 12 -2 13 -4 14 -2 17 -4 18 -5 19 -7 19 -6 21 -6 0 0 0 0 0 0 0 0 0 0 ]
5,1783416198.401909,8.5440,-82,CSI_DATA,AP,98:F4:AB:29:67:94,-82,11,1,4,1,1,1,0,0,0,0,-96,0,6,1,40127493,0,390,0,0,40.5097,384,[-122 -31 23 0 0 0 0 0 0 0 0 0 -3 14 -3 12 -1 12 -2 12 -2 10 -4 10 -2 12 -2 12 -1 9 -2 10 -3 9 0 9 -1 10 -1 10 0 9 0 10 0 9 -2 8 -1 8 -1 9 1 9 0 6 -1 6 0 6 -3 8 0 7 0 0 -1 6 -2 6 -1 6 0 6 -1 5 -2 6 -1 6 -1 4 0 5 0 5 -3 3 -2 3 -4 5 -4 4 -4 4 -4 4 -4 3 -5 2 -5 1 -7 3 -6 2 -7 2 -8 1 -8 1 -9 3 -9 1 0 0 0 0 0 0 0 0 0 0 ]
6,1783416198.450692,6.4031,-82,CSI_DATA,AP,98:F4:AB:29:67:94,-82,11,1,4,1,1,1,0,0,0,0,-96,0,6,1,40178216,0,390,0,0,40.5602,384,[-122 -31 23 0 0 0 0 0 0 0 0 0 14 -7 12 -8 12 -7 11 -3 10 -4 11 -4 8 -4 10 -5 8 -5 9 -5 7 -5 8 -5 7 -4 7 -4 7 -3 8 -3 7 -5 8 -2 7 -5 7 -3 5 -3 6 -3 5 -2 5 -3 5 -4 4 -3 0 0 6 -3 5 -1 5 0 3 -3 3 -1 4 -3 4 -1 4 0 5 -1 6 1 5 -1 5 0 6 -1 5 1 5 1 7 1 9 0 6 1 8 2 9 3 8 2 9 1 10 2 12 3 13 3 12 2 0 0 0 0 0 0 0 0 0 0 ]
7,1783416198.497734,8.0623,-83,CSI_DATA,AP,98:F4:AB:29:67:94,-83,11,1,4,1,1,1,0,0,0,0,-96,0,6,1,40220966,0,82,0,0,40.6029,384,[82 -96 4 0 0 0 0 0 0 0 0 0 -15 0 -15 -2 -15 0 -12 2 -12 1 -11 1 -12 0 -11 1 -9 1 -9 0 -13 2 -9 3 -12 1 -12 0 -9 3 -11 2 -11 1 -10 2 -10 2 -10 2 -9 2 -9 1 -10 1 -7 1 -8 1 -10 1 0 0 -7 -1 -6 0 -7 1 -8 2 -5 0 -5 1 -6 0 -6 1 -6 2 -5 1 -6 -1 -4 -2 -4 0 -5 -2 -4 -1 -4 -3 -4 -4 -3 -2 -3 -6 -3 -4 -3 -5 -3 -6 -2 -6 -2 -7 -1 -9 -1 -9 0 0 0 0 0 0 0 0 0 0 ]
8,1783416198.900009,14.0357,-76,CSI_DATA,AP,98:F4:AB:29:67:94,-76,11,0,0,0,0,0,0,0,0,0,-96,0,6,1,40626445,0,82,0,0,41.0086,128,[82 -96 4 0 0 0 0 0 0 0 0 0 34 4 31 5 32 4 29 7 25 4 22 4 23 7 20 6 19 2 19 3 18 1 18 0 18 -1 21 -3 16 1 18 -2 15 0 15 -1 14 -2 15 -1 13 0 15 0 13 -1 12 -1 14 -1 14 -1 0 0 13 1 14 -1 14 0 15 2 11 2 13 3 12 3 12 4 12 4 14 6 16 3 15 5 18 5 18 6 20 8 20 8 23 8 22 7 22 10 25 10 27 11 27 9 30 12 31 11 31 10 32 10 0 0 0 0 0 0 0 0 0 0 ]
9,1783416199.477132,7.0000,-82,CSI_DATA,AP,98:F4:AB:29:67:94,-82,11,1,4,1,1,1,0,0,0,0,-96,0,6,1,41205835,0,82,0,0,41.5879,384,[82 -96 4 0 0 0 0 0 0 0 0 0 -3 19 -4 17 -4 18 -6 15 -3 15 -3 13 -3 13 -3 11 -2 14 -4 12 -2 11 -1 12 1 11 0 9 0 9 0 11 0 7 2 8 -1 8 0 9 2 7 -1 7 0 6 0 6 0 7 1 8 0 0 1 6 2 6 1 6 0 6 0 6 -2 5 0 4 0 4 1 5 1 5 -1 5 0 4 -2 6 -2 6 -3 7 -2 7 -3 8 -2 7 -3 9 -4 9 -5 9 -5 10 -5 10 -6 9 -6 10 -6 11 0 0 0 0 0 0 0 0 0 0 ]
10,1783416199.695905,9.0554,-81,CSI_DATA,AP,98:F4:AB:29:67:94,-81,11,1,4,1,1,1,0,0,0,0,-96,0,6,1,41425528,0,82,0,0,41.8075,384,[82 -96 4 0 0 0 0 0 0 0 0 0 9 -19 9 -14 9 -15 9 -14 8 -15 8 -12 7 -12 8 -10 6 -13 6 -12 6 -9 4 -13 5 -8 7 -12 4 -8 4 -10 5 -8 4 -11 3 -9 5 -9 4 -9 1 -8 3 -8 1 -7 1 -9 1 -6 0 0 2 -7 3 -6 3 -7 1 -8 1 -5 1 -6 2 -6 1 -5 3 -6 3 -6 2 -6 3 -7 2 -5 6 -5 5 -5 3 -5 5 -6 8 -4 7 -7 6 -5 7 -6 8 -6 10 -7 8 -6 10 -6 11 -8 0 0 0 0 0 0 0 0 0 0 ]
11,1783416199.743742,10.8030,-76,CSI_DATA,AP,98:F4:AB:29:67:94,-76,11,0,0,0,0,0,0,0,0,0,-96,0,6,1,41464161,0,37,0,0,41.8462,128,[37 80 2 0 0 0 0 0 0 0 0 0 -21 -38 -19 -34 -19 -37 -20 -34 -15 -30 -12 -30 -14 -29 -9 -28 -11 -28 -11 -28 -16 -26 -16 -24 -14 -25 -15 -23 -12 -20 -12 -23 -11 -20 -10 -16 -8 -17 -8 -16 -7 -16 -7 -14 -6 -13 -8 -15 -9 -13 -7 -11 0 0 -5 -12 -5 -14 -5 -13 -4 -10 -4 -12 -2 -12 -2 -11 -2 -10 -2 -10 -3 -11 -3 -10 -3 -10 -5 -13 -3 -13 -4 -15 -1 -15 -2 -19 -2 -18 0 -21 0 -20 1 -23 -1 -24 -2 -26 -4 -27 -4 -28 -4 -29 0 0 0 0 0 0 0 0 0 0 ]
12,1783416199.790299,11.6704,-80,CSI_DATA,AP,98:F4:AB:29:67:94,-80,11,0,0,0,0,0,0,0,0,0,-96,0,6,1,41512890,0,37,0,0,41.8949,128,[37 80 2 0 0 0 0 0 0 0 0 0 45 -13 41 -12 45 -9 37 -8 36 -9 31 -5 35 -5 26 -4 26 -7 24 -9 23 -8 20 -8 19 -8 18 -10 16 -10 17 -11 18 -10 12 -7 11 -10 11 -11 6 -10 7 -9 6 -10 7 -10 5 -10 5 -7 0 0 4 -7 7 -5 5 -6 4 -5 3 -3 4 -4 3 -4 2 -4 5 -3 6 -5 6 -5 5 -2 6 -7 10 -2 13 0 9 1 15 0 15 2 18 5 13 1 18 3 22 4 23 4 26 8 28 10 30 6 0 0 0 0 0 0 0 0 0 0 ]
13,1783416199.823022,7.1627,-84,CSI_DATA,AP,98:F4:AB:29:67:94,-84,11,1,2,1,1,1,0,0,0,0,-96,0,6,1,41517306,0,84,0,0,41.9244,384,[84 -64 4 0 0 0 0 0 0 0 0 0 -5 12 -5 10 -6 11 -5 10 -5 10 -4 8 -4 7 -5 7 -4 6 -3 7 -2 5 -2 6 -2 7 -2 6 -2 6 -2 5 -2 5 0 4 -1 6 1 3 -1 4 0 3 1 3 0 2 0 3 1 3 0 0 1 2 -1 3 0 4 0 1 -1 2 -1 1 0 0 -2 1 -2 0 -1 1 0 2 -2 2 -1 3 -2 2 -4 2 -4 2 -4 2 -5 1 -6 2 -6 1 -6 2 -6 2 -7 2 -8 2 -8 2 -10 3 0 0 0 0 0 0 0 0 0 0 ]
14,1783416199.855082,4.6617,-83,CSI_DATA,AP,98:F4:AB:29:67:94,-83,11,1,2,1,1,1,0,0,0,0,-96,0,6,1,41520460,0,84,0,0,41.9594,384,[84 -64 4 0 0 0 0 0 0 0 0 0 12 0 11 1 12 1 10 1 10 1 9 0 8 2 8 1 8 -1 7 0 6 -1 7 -1 5 -1 7 -1 4 -1 7 -2 4 -2 5 -2 4 -1 4 -2 4 -3 3 -2 3 -1 3 -2 4 -2 5 -3 0 0 4 -2 2 -2 3 -2 2 -3 2 -2 1 -1 1 -1 3 1 2 -1 2 0 2 0 1 0 2 0 3 2 3 1 3 2 4 3 3 3 3 3 4 4 3 5 3 5 4 7 4 7 5 7 4 7 0 0 0 0 0 0 0 0 0 0 ]
15,1783416199.885740,3.6007,-82,CSI_DATA,AP,98:F4:AB:29:67:94,-82,11,1,2,1,1,1,0,0,0,0,-96,0,6,1,41527616,0,84,0,0,41.9931,384,[84 -64 4 0 0 0 0 0 0 0 0 0 9 8 8 7 7 8 8 7 6 5 6 8 6 5 5 5 6 3 6 5 6 3 6 3 5 3 6 4 7 4 7 2 7 3 6 2 4 2 6 2 6 1 5 1 5 3 5 0 5 1 5 1 0 0 2 2 4 1 3 1 3 1 3 1 3 2 3 3 2 2 2 2 2 2 2 3 2 1 2 2 3 4 1 4 1 4 2 5 2 5 0 6 1 5 0 6 -1 7 -1 8 1 8 -1 8 -1 9 0 0 0 0 0 0 0 0 0 0 ]
16,1783416199.917722,3.5565,-83,CSI_DATA,AP,98:F4:AB:29:67:94,-83,11,1,2,1,1,1,0,0,0,0,-96,0,6,1,41527994,0,84,0,0,42.0245,384,[84 -64 4 0 0 0 0 0 0 0 0 0 -10 -9 -9 -8 -8 -11 -8 -9 -9 -9 -6 -8 -7 -7 -7 -7 -6 -6 -7 -4 -7 -5 -8 -3 -7 -3 -8 -4 -7 -2 -7 -3 -7 -3 -7 -2 -7 -4 -6 -2 -7 -2 -7 -2 -8 -1 -7 -2 -5 -2 -5 -1 0 0 -6 0 -4 -1 -5 0 -3 0 -3 -1 -4 0 -5 -1 -4 -1 -4 -2 -3 -1 -4 -2 -3 -2 -4 -2 -4 -3 -3 -3 -3 -4 -4 -4 -3 -5 -2 -5 -4 -5 -4 -5 -3 -7 -4 -8 -4 -9 -3 -9 -5 -9 0 0 0 0 0 0 0 0 0 0 ]
17,1783416199.964736,4.4365,-78,CSI_DATA,AP,98:F4:AB:29:67:94,-78,11,0,0,0,0,0,0,0,0,0,-96,0,6,1,41528554,0,84,0,0,42.0644,128,[84 -64 4 0 0 0 0 0 0 0 0 0 -40 5 -36 7 -38 6 -34 5 -32 4 -26 6 -28 4 -25 3 -26 4 -24 7 -24 8 -23 8 -21 11 -20 13 -19 9 -23 13 -21 11 -18 8 -16 8 -15 8 -18 9 -16 11 -15 10 -14 11 -16 8 -16 8 0 0 -11 8 -14 9 -8 7 -11 7 -9 6 -9 4 -13 5 -11 4 -8 4 -9 1 -11 3 -12 2 -12 1 -12 -2 -16 -2 -14 -3 -15 -3 -13 -6 -16 -10 -15 -11 -14 -10 -19 -14 -20 -15 -20 -13 -21 -17 -23 -20 0 0 0 0 0 0 0 0 0 0 ]
18,1783416200.009731,4.9532,-83,CSI_DATA,AP,98:F4:AB:29:67:94,-83,11,1,2,1,1,1,0,0,0,0,-96,0,6,1,41614960,0,84,0,0,42.1065,384,[84 -64 4 0 0 0 0 0 0 0 0 0 -17 1 -15 1 -16 2 -14 2 -15 0 -13 0 -13 1 -10 0 -11 1 -10 -1 -9 0 -10 1 -9 0 -9 1 -8 2 -8 2 -8 2 -7 1 -5 1 -5 1 -6 1 -6 1 -6 0 -5 1 -4 2 -4 2 0 0 -4 2 -5 2 -3 0 -4 2 -3 2 -3 1 -4 1 -4 0 -4 0 -6 1 -4 0 -4 -2 -5 -1 -5 0 -6 -2 -6 -1 -6 -3 -6 -3 -7 -2 -9 -3 -8 -4 -8 -5 -6 -7 -8 -7 -8 -7 -9 -5 0 0 0 0 0 0 0 0 0 0 ]
19,1783416200.042750,4.6717,-78,CSI_DATA,AP,98:F4:AB:29:67:94,-78,11,0,0,0,0,0,0,0,0,0,-96,0,6,1,41616844,0,84,0,0,42.1444,128,[84 -64 4 0 0 0 0 0 0 0 0 0 9 -44 11 -39 11 -39 12 -33 11 -32 9 -28 8 -30 5 -26 5 -25 3 -25 3 -25 1 -23 1 -21 1 -21 2 -24 -1 -22 -2 -19 -2 -21 -2 -15 -6 -13 -2 -15 -3 -13 -4 -10 -3 -15 -6 -13 -4 -12 0 0 -3 -11 -6 -12 -3 -9 -2 -7 -3 -8 0 -8 -6 -8 -4 -8 -5 -11 -3 -9 -4 -10 1 -10 -1 -12 0 -12 3 -13 2 -16 4 -15 4 -15 5 -16 5 -18 8 -19 8 -20 11 -23 7 -23 11 -23 12 -27 0 0 0 0 0 0 0 0 0 0 ]
20,1783416200.089407,5.8621,-81,CSI_DATA,AP,98:F4:AB:29:67:94,-81,11,1,2,1,1,1,0,0,0,0,-96,0,6,1,41705813,0,84,0,0,42.1864,384,[84 -64 4 0 0 0 0 0 0 0 0 0 -9 12 -9 10 -11 11 -8 9 -8 10 -8 7 -6 8 -7 7 -5 7 -6 7 -4 7 -4 8 -5 8 -4 8 -3 7 -5 7 -4 6 -4 6 -2 4 -3 5 -3 6 -1 5 -3 4 -4 4 -3 5 -2 3 0 0 -3 3 -2 5 -2 3 -3 1 -2 2 -2 4 -3 2 -3 3 -3 2 -4 2 -3 3 -5 2 -4 2 -5 3 -5 2 -4 3 -7 4 -5 2 -6 4 -6 4 -7 3 -8 5 -8 5 -9 4 -8 5 -9 5 0 0 0 0 0 0 0 0 0 0 ]
21,1783416200.119706,5.9563,-81,CSI_DATA,AP,98:F4:AB:29:67:94,-81,11,1,2,1,1,1,0,0,0,0,-96,0,6,1,41706737,0,84,0,0,42.2224,384,[84 -64 4 0 0 0 0 0 0 0 0 0 0 16 -1 13 -1 14 -2 13 -2 13 -1 13 0 11 0 9 0 11 1 10 0 11 0 10 2 8 1 10 1 8 0 7 1 8 2 7 2 9 1 7 1 6 1 6 1 5 0 4 0 5 1 5 0 0 1 5 1 5 0 3 0 3 -2 2 0 5 -2 3 -1 4 -1 3 0 3 0 3 -2 6 -1 5 -2 6 -1 6 -1 5 -3 6 -2 7 -2 6 -3 7 -2 8 -4 7 -3 10 -3 9 -4 11 -4 9 0 0 0 0 0 0 0 0 0 0 ]
22,1783416200.150408,6.7048,-81,CSI_DATA,AP,98:F4:AB:29:67:94,-81,11,1,2,1,1,1,0,0,0,0,-96,0,6,1,41792461,0,84,0,0,42.2568,384,[84 -64 4 0 0 0 0 0 0 0 0 0 -12 4 -11 4 -13 5 -10 4 -11 4 -10 3 -7 4 -9 3 -8 5 -7 5 -6 4 -6 4 -6 5 -7 4 -7 4 -5 6 -4 4 -5 4 -5 3 -4 3 -4 4 -4 4 -3 4 -4 5 -4 5 -4 4 0 0 -3 4 -4 3 -3 3 -3 2 -4 2 -3 3 -3 3 -4 2 -3 2 -4 3 -4 2 -5 2 -4 2 -5 3 -5 3 -5 2 -6 2 -6 2 -8 1 -7 1 -8 1 -8 2 -9 1 -10 2 -11 0 -11 0 0 0 0 0 0 0 0 0 0 0 ]
23,1783416200.196748,6.1015,-77,CSI_DATA,AP,98:F4:AB:29:67:94,-77,11,0,0,0,0,0,0,0,0,0,-96,0,6,1,41792977,0,84,0,0,42.2931,128,[84 -64 4 0 0 0 0 0 0 0 0 0 4 -39 9 -35 8 -36 5 -32 7 -31 7 -26 7 -27 3 -25 2 -24 0 -23 -2 -25 -1 -24 -1 -26 -3 -26 -4 -20 -3 -22 -7 -21 -6 -18 -3 -19 -5 -20 -4 -18 -3 -18 -6 -16 -6 -16 -7 -14 -5 -16 0 0 -5 -15 -3 -13 -4 -15 -3 -13 -3 -10 -2 -12 -3 -11 0 -11 0 -11 0 -12 0 -11 1 -11 -1 -15 2 -12 4 -18 4 -16 6 -18 7 -16 9 -17 8 -18 9 -18 11 -21 13 -20 13 -28 12 -25 15 -27 0 0 0 0 0 0 0 0 0 0 ]
24,1783416200.232495,6.9299,-82,CSI_DATA,AP,98:F4:AB:29:67:94,-82,11,1,2,1,1,1,0,0,0,0,-96,0,6,1,41880373,0,84,0,0,42.3358,384,[84 -64 4 0 0 0 0 0 0 0 0 0 4 -13 4 -12 4 -12 4 -11 4 -11 2 -9 3 -9 2 -8 2 -10 1 -10 -1 -6 0 -9 1 -9 -2 -9 1 -7 -1 -6 -1 -7 -2 -7 0 -6 -1 -6 -1 -6 -2 -7 -2 -7 -2 -6 -1 -7 0 -6 0 0 -2 -6 -2 -7 -1 -5 -2 -4 -1 -6 -1 -7 0 -5 0 -4 -1 -5 -1 -5 -1 -5 0 -6 0 -5 1 -4 0 -6 1 -5 2 -7 2 -6 2 -6 3 -6 3 -8 3 -6 5 -8 3 -8 3 -8 4 -8 0 0 0 0 0 0 0 0 0 0 ]
25,1783416200.278990,7.1440,-82,CSI_DATA,AP,98:F4:AB:29:67:94,-82,11,1,4,1,1,1,0,0,0,0,-96,0,6,1,41971058,0,84,0,0,42.3757,384,[84 -64 4 0 0 0 0 0 0 0 0 0 -12 11 -11 9 -11 8 -10 9 -7 9 -8 10 -8 9 -8 8 -7 8 -7 9 -5 7 -4 8 -6 10 -5 9 -5 7 -4 8 -3 9 -4 7 -4 7 -4 7 -5 7 -4 8 -4 5 -3 6 -3 6 -3 6 0 0 -2 4 -2 5 -1 5 -3 5 -4 3 -2 5 -3 4 -3 4 -2 5 -5 4 -5 3 -4 5 -3 4 -3 5 -4 3 -3 3 -5 5 -6 4 -6 3 -7 6 -8 4 -8 4 -7 5 -9 5 -7 5 -10 5 0 0 0 0 0 0 0 0 0 0 ]
26,1783416200.338369,7.6600,-80,CSI_DATA,AP,98:F4:AB:29:67:94,-80,11,1,2,1,1,1,1,0,0,0,-96,1,6,1,42063336,0,84,0,0,42.4455,384,[84 -64 4 0 0 0 0 0 0 0 0 0 -11 -12 -8 -13 -9 -12 -10 -12 -10 -12 -7 -10 -7 -10 -5 -10 -7 -9 -7 -9 -8 -7 -7 -8 -7 -6 -7 -5 -7 -7 -8 -6 -5 -4 -7 -5 -6 -5 -6 -4 -6 -4 -7 -3 -5 -4 -4 -3 -7 -3 -4 -4 0 0 -6 -4 -5 -2 -5 -2 -5 -3 -4 -2 -3 -4 -2 -3 -3 -3 -4 -3 -4 -4 -5 -4 -4 -4 -5 -4 -4 -3 -6 -4 -5 -4 -5 -6 -5 -5 -5 -7 -5 -6 -6 -8 -7 -7 -6 -7 -8 -6 -7 -7 -7 -8 0 0 0 0 0 0 0 0 0 0 ]
27,1783416200.431549,7.8242,-79,CSI_DATA,AP,98:F4:AB:29:67:94,-79,11,1,0,1,1,1,1,0,0,0,-96,1,6,1,42155777,0,84,0,0,42.5378,384,[84 -64 4 0 0 0 0 0 0 0 0 0 -14 8 -13 7 -15 9 -11 6 -14 6 -10 5 -11 5 -11 4 -10 6 -12 5 -11 5 -9 5 -10 5 -10 4 -7 3 -8 6 -6 5 -7 4 -7 4 -7 4 -6 3 -6 5 -6 3 -6 3 -7 3 -5 3 0 0 -5 4 -5 4 -4 3 -4 2 -5 1 -5 1 -5 2 -5 2 -5 1 -4 2 -4 1 -4 2 -5 2 -4 0 -7 1 -6 2 -8 1 -7 1 -7 0 -8 1 -8 -1 -9 1 -10 1 -10 2 -11 2 -10 2 0 0 0 0 0 0 0 0 0 0 ]
28,1783416200.477963,6.4560,-82,CSI_DATA,AP,98:F4:AB:29:67:94,-82,11,1,4,1,1,1,0,0,0,0,-96,0,6,1,42206930,0,82,0,0,42.589,384,[82 -96 4 0 0 0 0 0 0 0 0 0 0 16 1 14 0 11 -2 12 -2 12 -2 11 1 9 0 11 1 11 -2 9 1 9 0 9 2 9 1 9 1 9 1 8 0 7 1 7 2 8 1 5 1 7 0 6 1 6 1 7 2 5 2 5 0 0 1 5 -2 5 0 5 2 4 -1 5 1 4 0 4 0 3 1 5 0 4 -1 5 -2 4 -1 4 -2 5 -3 4 -2 5 -4 6 -3 6 -3 6 -4 6 -5 6 -5 7 -6 6 -6 7 -6 6 -6 7 0 0 0 0 0 0 0 0 0 0 ]
29,1783416200.513116,6.6078,-80,CSI_DATA,AP,98:F4:AB:29:67:94,-80,11,1,3,1,1,1,1,0,0,0,-96,1,6,1,42245510,0,84,0,0,42.6274,384,[84 -64 4 0 0 0 0 0 0 0 0 0 12 -9 10 -10 12 -9 12 -8 12 -8 11 -7 10 -8 9 -7 8 -6 8 -6 7 -7 8 -8 9 -6 8 -6 7 -6 7 -7 6 -7 6 -6 5 -6 7 -6 6 -5 6 -6 5 -4 5 -5 5 -5 4 -5 0 0 5 -5 5 -5 5 -3 5 -5 3 -4 4 -3 4 -3 4 -4 6 -4 4 -4 4 -4 5 -4 6 -3 5 -4 5 -3 4 -3 6 -3 7 -3 7 -2 7 -4 9 -2 9 -5 8 -4 9 -4 10 -4 8 -4 0 0 0 0 0 0 0 0 0 0 ]
30,1783416200.604445,7.0215,-81,CSI_DATA,AP,98:F4:AB:29:67:94,-81,11,1,4,1,1,1,1,0,0,0,-96,1,6,1,42330256,0,84,0,0,42.7123,384,[84 -64 4 0 0 0 0 0 0 0 0 0 -4 -13 -4 -13 -5 -13 -4 -13 -4 -11 -4 -9 -4 -11 -4 -12 -3 -10 -4 -9 -4 -10 -4 -9 -4 -11 -3 -9 -4 -8 -4 -9 -3 -8 -6 -8 -4 -9 -4 -7 -3 -8 -3 -7 -3 -6 -4 -7 -3 -7 -3 -6 0 0 -4 -6 -2 -6 -3 -5 -2 -5 -1 -5 -1 -5 -2 -5 -2 -5 -3 -5 -1 -4 -3 -6 -2 -6 0 -7 0 -6 -1 -7 0 -8 -1 -7 -1 -6 0 -8 0 -8 1 -9 1 -9 2 -10 3 -10 3 -11 0 -10 0 0 0 0 0 0 0 0 0 0 ]
31,1783416200.697226,5.9240,-82,CSI_DATA,AP,98:F4:AB:29:67:94,-82,11,1,2,1,1,1,1,0,0,0,-96,1,6,1,42430996,0,84,0,0,42.813,384,[84 -64 4 0 0 0 0 0 0 0 0 0 15 -3 13 -2 16 -3 13 -4 13 -3 10 -3 10 -1 8 -2 9 -2 9 -4 8 -4 9 -4 8 -3 7 -5 6 -4 7 -5 8 -4 6 -5 5 -3 6 -3 5 -4 5 -5 4 -3 4 -3 5 -2 5 -3 0 0 4 -1 5 -2 4 -2 4 0 4 -1 4 -1 4 -2 4 -1 3 -1 5 0 4 -1 4 -1 5 -1 5 2 5 1 7 1 5 3 5 2 7 2 7 3 7 3 7 3 8 3 8 4 8 5 8 4 0 0 0 0 0 0 0 0 0 0 ]
32,1783416200.842340,6.4221,-85,CSI_DATA,AP,98:F4:AB:29:67:94,-85,11,1,1,1,1,1,1,0,0,0,-96,1,6,1,42513663,0,84,0,0,42.8957,384,[84 -64 4 0 0 0 0 0 0 0 0 0 7 11 6 8 7 11 5 8 4 8 3 6 3 7 4 7 4 6 3 5 3 5 4 4 4 3 3 2 3 3 5 2 4 2 2 1 2 2 2 0 2 0 2 0 3 1 2 0 3 0 3 1 0 0 2 0 2 1 1 0 1 1 0 0 1 -1 1 0 1 0 1 1 2 1 2 1 1 1 2 1 -1 2 1 4 1 3 0 5 1 3 0 6 -1 5 0 4 0 6 -2 8 0 8 0 8 -2 7 0 0 0 0 0 0 0 0 0 0 ]
33,1783416200.962916,6.7214,-81,CSI_DATA,AP,98:F4:AB:29:67:94,-81,11,1,3,1,1,1,1,0,0,0,-96,1,6,1,42599971,0,84,0,0,42.9819,384,[84 -64 4 0 0 0 0 0 0 0 0 0 12 7 11 9 11 9 10 7 8 6 11 7 10 5 8 5 9 4 9 5 8 3 11 3 10 1 7 2 8 4 9 3 8 2 8 2 8 1 8 -1 8 0 7 1 6 0 7 2 7 1 7 1 0 0 6 2 7 2 6 0 5 1 5 1 4 1 6 2 6 1 6 1 6 2 7 2 6 3 4 3 5 4 8 4 6 4 5 7 6 4 7 5 7 6 6 7 8 7 8 9 8 9 9 10 7 9 0 0 0 0 0 0 0 0 0 0 ]
34,1783416201.080889,6.0436,-83,CSI_DATA,AP,98:F4:AB:29:67:94,-83,11,1,2,1,1,1,1,0,0,0,-96,1,6,1,42697648,0,84,0,0,43.0797,384,[84 -64 4 0 0 0 0 0 0 0 0 0 -12 -10 -12 -10 -11 -11 -9 -8 -9 -8 -8 -9 -8 -6 -6 -8 -8 -7 -7 -5 -8 -6 -7 -6 -8 -4 -7 -4 -7 -3 -7 -4 -7 -3 -7 -3 -5 -3 -5 -3 -4 -2 -6 -4 -5 -4 -5 -2 -5 -2 -6 -3 0 0 -5 -2 -4 -2 -4 -4 -3 -4 -2 -2 -1 -4 -2 -3 -2 -4 -2 -3 -2 -4 -2 -6 -1 -5 -1 -6 -1 -5 -1 -6 -2 -7 -2 -7 -1 -8 0 -8 0 -8 1 -9 0 -9 -1 -11 0 -11 0 -13 -1 -11 0 0 0 0 0 0 0 0 0 0 ]
35,1783416201.200526,6.5286,-81,CSI_DATA,AP,98:F4:AB:29:67:94,-81,11,1,3,1,1,1,1,0,0,0,-96,1,6,1,42779681,0,84,0,0,43.1617,384,[84 -64 4 0 0 0 0 0 0 0 0 0 -6 -17 -9 -14 -8 -16 -8 -15 -7 -14 -6 -13 -5 -11 -5 -12 -6 -10 -7 -11 -8 -11 -7 -11 -9 -10 -7 -9 -8 -9 -8 -10 -7 -9 -7 -9 -5 -7 -6 -7 -8 -6 -5 -7 -6 -8 -4 -6 -5 -5 -5 -6 0 0 -6 -6 -6 -6 -4 -5 -5 -6 -3 -7 -4 -6 -4 -8 -3 -6 -5 -7 -3 -8 -4 -7 -2 -7 -3 -8 -3 -9 -3 -9 -4 -9 -2 -12 -4 -11 -3 -13 -3 -13 -2 -13 -4 -12 -3 -15 -4 -14 -6 -16 -3 -16 0 0 0 0 0 0 0 0 0 0 ]
36,1783416201.321115,7.2964,-80,CSI_DATA,AP,98:F4:AB:29:67:94,-80,11,1,2,1,1,1,1,0,0,0,-96,1,6,1,42871099,0,84,0,0,43.2531,384,[84 -64 4 0 0 0 0 0 0 0 0 0 -15 2 -17 0 -16 2 -14 2 -16 2 -13 1 -12 2 -12 3 -11 1 -14 3 -12 3 -11 3 -11 4 -13 2 -10 3 -11 4 -10 3 -9 3 -8 3 -9 3 -8 2 -8 3 -8 3 -8 1 -7 3 -8 3 0 0 -7 2 -7 3 -8 2 -8 1 -7 2 -6 1 -7 0 -6 1 -7 0 -7 1 -8 0 -7 0 -9 -1 -8 0 -9 -1 -9 -1 -10 -1 -10 -3 -10 -2 -11 -2 -11 -3 -11 -3 -12 -3 -11 -3 -13 -3 -12 -2 0 0 0 0 0 0 0 0 0 0 ]
37,1783416201.440093,6.7019,-82,CSI_DATA,AP,98:F4:AB:29:67:94,-82,11,1,3,1,1,1,1,0,0,0,-96,1,6,1,42960976,0,84,0,0,43.343,384,[84 -64 4 0 0 0 0 0 0 0 0 0 6 -16 5 -15 6 -14 4 -11 3 -12 4 -13 3 -12 3 -13 3 -10 3 -12 0 -10 1 -10 -1 -10 1 -11 0 -8 3 -10 2 -9 0 -8 -1 -7 2 -9 0 -8 2 -8 0 -8 2 -6 0 -6 -1 -6 0 0 0 -6 2 -8 2 -6 3 -5 2 -4 3 -4 2 -4 2 -6 1 -5 3 -3 2 -4 3 -5 3 -3 4 -4 5 -4 5 -5 5 -7 6 -6 8 -5 7 -7 7 -6 8 -7 9 -8 9 -8 10 -7 9 -7 0 0 0 0 0 0 0 0 0 0 ]
38,1783416201.560067,6.5360,-80,CSI_DATA,AP,98:F4:AB:29:67:94,-80,11,1,2,1,1,1,0,0,0,0,-96,0,6,1,43057502,0,84,0,0,43.4396,384,[84 -64 4 0 0 0 0 0 0 0 0 0 11 8 9 11 12 9 9 9 9 8 9 8 9 7 7 7 8 7 8 5 8 5 9 4 9 4 7 2 8 3 9 5 7 3 8 4 6 3 6 3 6 3 7 3 6 3 5 3 6 3 6 2 0 0 6 2 5 2 5 2 5 3 3 4 4 3 4 3 4 3 4 3 3 2 4 3 3 5 4 4 3 5 5 5 3 5 3 7 3 5 3 7 4 8 4 9 3 9 4 8 4 9 5 10 5 9 0 0 0 0 0 0 0 0 0 0 ]
39,1783416201.681489,7.0064,-81,CSI_DATA,AP,98:F4:AB:29:67:94,-81,11,1,2,1,1,1,0,0,0,0,-96,0,6,1,43152514,0,84,0,0,43.5345,384,[84 -64 4 0 0 0 0 0 0 0 0 0 4 -16 4 -15 3 -13 3 -12 5 -13 3 -12 4 -11 3 -11 0 -12 2 -11 1 -11 1 -12 1 -11 2 -11 1 -10 2 -10 0 -10 1 -10 0 -8 1 -8 1 -8 0 -8 0 -8 2 -8 1 -7 0 -5 0 0 2 -6 2 -6 3 -6 1 -5 3 -4 2 -5 2 -5 2 -3 3 -4 2 -5 3 -4 3 -3 3 -4 4 -4 4 -5 4 -6 6 -5 6 -7 6 -6 6 -4 7 -5 7 -6 7 -6 7 -6 7 -6 8 -7 0 0 0 0 0 0 0 0 0 0 ]
40,1783416201.803222,5.9327,-83,CSI_DATA,AP,98:F4:AB:29:67:94,-83,11,1,4,1,1,1,0,0,0,0,-96,0,6,1,43211552,0,82,0,0,43.5935,384,[82 -96 4 0 0 0 0 0 0 0 0 0 -3 17 -4 15 -4 16 -4 13 -3 13 -2 11 -2 12 -2 11 -1 11 0 11 -1 12 -1 11 0 9 1 9 0 8 1 9 -1 8 1 7 0 7 1 4 -1 6 -1 6 1 6 1 6 0 5 0 5 0 0 1 3 1 4 1 3 -1 3 0 4 1 2 -1 3 0 2 1 3 0 2 -1 2 1 3 0 5 0 4 1 3 -1 4 -2 6 -1 4 -2 6 -1 5 -2 6 -2 8 -1 8 -2 9 -2 10 -3 9 0 0 0 0 0 0 0 0 0 0 ]
41,1783416201.925119,5.0579,-81,CSI_DATA,AP,98:F4:AB:29:67:94,-81,11,1,2,1,1,1,0,0,0,0,-96,0,6,1,43234208,0,84,0,0,43.6193,384,[84 -64 4 0 0 0 0 0 0 0 0 0 11 11 8 13 9 15 8 10 8 11 5 10 7 8 6 9 7 7 8 8 8 7 7 7 6 4 9 5 5 4 8 4 6 3 6 3 5 2 5 0 4 1 5 0 5 2 5 1 5 1 3 1 0 0 5 0 4 0 4 0 4 0 4 0 4 -1 4 -1 4 -1 3 1 4 0 4 1 4 2 5 0 5 0 6 1 6 1 7 2 7 3 7 4 8 3 8 5 7 4 9 5 8 4 10 4 11 4 0 0 0 0 0 0 0 0 0 0 ]
42,1783416202.049204,4.8899,-82,CSI_DATA,AP,98:F4:AB:29:67:94,-82,11,1,2,1,1,1,0,0,0,0,-96,0,6,1,43321581,0,84,0,0,43.7036,384,[84 -64 4 0 0 0 0 0 0 0 0 0 10 6 9 6 9 5 7 5 9 5 6 3 8 4 7 2 7 3 7 2 7 1 7 1 5 1 6 -1 7 -1 8 0 7 0 7 0 5 -1 5 1 4 0 7 -1 5 -2 5 -2 5 -1 6 -1 0 0 6 0 5 1 5 1 6 -1 4 0 5 0 3 1 4 1 4 0 4 1 5 0 6 2 5 4 4 4 4 4 5 5 4 6 4 4 2 6 3 7 4 9 2 7 4 10 2 7 4 9 5 10 0 0 0 0 0 0 0 0 0 0 ]
43,1783416202.169194,6.3982,-82,CSI_DATA,AP,98:F4:AB:29:67:94,-82,11,1,4,1,1,1,0,0,0,0,-96,0,6,1,43414857,0,84,0,0,43.7969,384,[84 -64 4 0 0 0 0 0 0 0 0 0 11 -8 9 -6 11 -9 11 -6 9 -7 6 -7 7 -7 5 -8 7 -8 6 -7 5 -9 5 -8 5 -10 5 -10 6 -9 4 -9 5 -10 4 -8 4 -8 4 -8 6 -6 4 -9 3 -6 3 -7 4 -7 3 -6 0 0 2 -7 3 -5 3 -6 3 -5 4 -3 4 -4 4 -5 4 -4 2 -3 2 -5 6 -3 5 -2 4 -5 5 -4 5 -5 6 -4 6 -4 7 -5 9 -4 7 -5 8 -4 9 -3 9 -5 8 -5 10 -5 10 -5 0 0 0 0 0 0 0 0 0 0 ]
44,1783416202.291995,7.4052,-82,CSI_DATA,AP,98:F4:AB:29:67:94,-82,11,1,4,1,1,1,0,0,0,0,-96,0,6,1,43504072,0,84,0,0,43.8861,384,[84 -64 4 0 0 0 0 0 0 0 0 0 -5 13 -4 14 -3 14 -3 15 -4 13 -2 12 -1 11 -3 9 -3 11 -2 9 -2 10 -2 10 -1 10 -1 11 -1 10 0 10 -2 8 0 10 -1 8 0 8 0 7 -1 8 -1 9 -1 9 -1 8 -1 8 0 0 -1 8 -1 8 -2 7 -2 7 -4 7 -2 6 -3 5 -3 5 -3 5 -3 5 -3 7 -3 6 -3 6 -7 6 -6 6 -7 6 -8 6 -8 6 -9 4 -10 7 -11 5 -11 7 -11 5 -11 6 -11 7 -10 6 0 0 0 0 0 0 0 0 0 0 ]
45,1783416202.416602,7.1101,-81,CSI_DATA,AP,98:F4:AB:29:67:94,-81,11,1,2,1,1,1,0,0,0,0,-96,0,6,1,43596438,0,84,0,0,43.9785,384,[84 -64 4 0 0 0 0 0 0 0 0 0 -10 -12 -9 -13 -9 -11 -9 -12 -10 -13 -9 -10 -7 -10 -7 -9 -8 -7 -7 -8 -8 -8 -7 -8 -8 -8 -8 -7 -9 -5 -7 -6 -6 -4 -8 -6 -7 -5 -7 -3 -6 -5 -7 -5 -6 -4 -5 -4 -5 -3 -5 -5 0 0 -5 -5 -5 -4 -4 -6 -5 -5 -4 -4 -3 -3 -5 -4 -3 -4 -3 -4 -5 -5 -4 -6 -5 -5 -4 -7 -4 -6 -4 -8 -4 -8 -4 -10 -2 -10 -2 -9 -3 -9 -2 -11 -2 -9 -3 -11 -3 -11 -3 -10 -3 -11 0 0 0 0 0 0 0 0 0 0 ]
46,1783416202.539476,7.8310,-80,CSI_DATA,AP,98:F4:AB:29:67:94,-80,11,1,2,1,1,1,0,0,0,0,-96,0,6,1,43683843,0,84,0,0,44.0659,384,[84 -64 4 0 0 0 0 0 0 0 0 0 -4 -15 -3 -13 -3 -13 -4 -12 -3 -11 -3 -12 -2 -10 -3 -10 -4 -10 -3 -9 -4 -9 -5 -8 -3 -8 -5 -7 -5 -6 -5 -9 -4 -8 -5 -7 -4 -7 -3 -7 -4 -8 -4 -6 -4 -7 -4 -5 -5 -6 -4 -5 0 0 -4 -6 -2 -6 -1 -6 -4 -4 -2 -5 -1 -5 -1 -7 -2 -5 -2 -5 -2 -5 -1 -6 -1 -6 -1 -7 -1 -8 1 -8 1 -7 3 -8 2 -8 3 -8 3 -9 5 -9 5 -8 3 -10 3 -10 4 -10 4 -12 0 0 0 0 0 0 0 0 0 0 ]
47,1783416202.661918,8.0380,-80,CSI_DATA,AP,98:F4:AB:29:67:94,-80,11,1,2,1,1,1,0,0,0,0,-96,0,6,1,43770707,0,84,0,0,44.1528,384,[84 -64 4 0 0 0 0 0 0 0 0 0 -6 -14 -6 -13 -7 -14 -5 -11 -6 -12 -4 -10 -4 -9 -3 -9 -6 -9 -7 -9 -6 -7 -8 -10 -6 -8 -6 -8 -7 -7 -7 -9 -8 -7 -6 -8 -7 -7 -7 -7 -6 -6 -6 -7 -4 -5 -6 -4 -6 -5 -5 -4 0 0 -5 -5 -5 -4 -5 -5 -5 -4 -4 -4 -3 -5 -3 -5 -4 -3 -4 -5 -5 -5 -4 -5 -2 -6 -3 -5 -3 -7 -4 -7 -2 -8 -2 -9 -2 -9 -2 -9 -2 -9 -2 -10 -4 -10 -2 -10 -3 -12 -3 -12 -2 -12 0 0 0 0 0 0 0 0 0 0 ]
48,1783416202.784927,8.2471,-81,CSI_DATA,AP,98:F4:AB:29:67:94,-81,11,1,2,1,1,1,0,0,0,0,-96,0,6,1,43860452,0,84,0,0,44.2426,384,[84 -64 4 0 0 0 0 0 0 0 0 0 0 12 0 13 2 14 0 12 1 12 2 8 2 10 2 9 2 8 1 9 2 10 1 10 2 9 1 9 2 7 3 8 3 6 3 8 2 5 2 5 0 5 2 6 3 6 2 4 2 5 0 5 0 0 1 5 2 6 0 5 -1 5 0 3 -1 6 1 4 -2 4 0 3 -1 4 -1 6 -2 5 -2 5 -4 5 -2 6 -3 6 -4 8 -4 7 -4 7 -4 8 -6 8 -5 8 -7 8 -7 9 -7 9 -6 8 0 0 0 0 0 0 0 0 0 0 ]
49,1783416202.907389,8.1251,-75,CSI_DATA,AP,98:F4:AB:29:67:94,-75,11,0,0,0,0,0,0,0,0,0,-96,0,6,1,43958168,0,84,0,0,44.3403,128,[84 -64 4 0 0 0 0 0 0 0 0 0 -33 2 -26 -3 -33 7 -28 8 -26 3 -20 -2 -26 7 -24 7 -24 6 -22 2 -17 3 -21 9 -20 7 -26 2 -13 11 -28 5 -20 5 -15 12 -12 12 -24 2 -16 4 -14 11 -21 4 -7 3 -12 8 -11 5 0 0 -14 3 -13 5 -10 2 -11 -1 -13 1 -11 4 -10 4 -12 0 -10 1 -13 -1 -12 0 -12 1 -14 -1 -13 -2 -17 -3 -16 -5 -19 -4 -17 -7 -18 -7 -18 -10 -18 -9 -21 -8 -24 -10 -24 -10 -22 -9 -24 -8 0 0 0 0 0 0 0 0 0 0 ]
50,1783416203.033910,12.6871,-76,CSI_DATA,AP,98:F4:AB:29:67:94,-76,11,0,0,0,0,0,0,0,0,0,-96,0,6,1,44050566,0,84,0,0,44.4327,128,[84 -64 4 0 0 0 0 0 0 0 0 0 33 -15 30 -13 34 -13 32 -14 28 -12 27 -12 27 -11 24 -9 24 -11 24 -12 24 -15 23 -15 21 -14 19 -17 20 -14 19 -16 19 -14 18 -13 17 -12 16 -12 17 -10 17 -12 14 -8 13 -9 13 -10 12 -9 0 0 13 -7 13 -8 10 -7 13 -7 8 -3 11 -6 10 -1 12 -4 10 -2 12 -2 14 -3 11 -1 16 -1 15 0 17 2 16 4 19 3 18 5 18 6 22 8 20 7 23 7 22 10 26 9 27 7 27 9 0 0 0 0 0 0 0 0 0 0 ]
51,1783416203.155890,10.5467,-84,CSI_DATA,AP,98:F4:AB:29:67:94,-84,11,1,4,1,1,1,0,0,0,0,-96,0,6,1,44129643,0,84,0,0,44.5116,384,[84 -64 4 0 0 0 0 0 0 0 0 0 -18 2 -14 2 -16 1 -13 1 -11 1 -14 0 -11 1 -10 2 -10 1 -8 2 -9 3 -10 3 -8 4 -11 3 -8 2 -9 3 -9 3 -9 1 -7 2 -7 0 -7 2 -7 2 -6 1 -5 1 -7 2 -6 2 0 0 -6 1 -5 1 -3 0 -7 0 -5 -1 -5 -1 -4 -2 -5 0 -4 -1 -5 -1 -5 0 -4 -4 -4 -2 -5 -3 -6 -4 -6 -3 -5 -4 -6 -5 -5 -5 -6 -6 -6 -8 -6 -6 -8 -8 -6 -7 -7 -6 -10 -8 0 0 0 0 0 0 0 0 0 0 ]
52,1783416203.279639,8.1175,-83,CSI_DATA,AP,98:F4:AB:29:67:94,-83,11,1,4,1,1,1,0,0,0,0,-96,0,6,1,44206822,0,82,0,0,44.5889,384,[82 -96 4 0 0 0 0 0 0 0 0 0 -4 -16 -5 -14 -4 -13 -2 -15 -6 -14 -3 -12 -3 -10 -5 -12 -6 -9 -3 -10 -4 -10 -4 -10 -4 -9 -5 -10 -4 -8 -3 -8 -3 -8 -4 -8 -3 -6 -4 -6 -3 -9 -4 -7 -4 -5 -3 -6 -3 -5 -3 -6 0 0 -2 -7 -2 -7 -1 -6 -1 -6 1 -5 0 -6 1 -4 1 -6 2 -4 0 -4 1 -5 1 -4 2 -4 3 -5 3 -6 3 -6 3 -6 4 -6 4 -5 6 -6 5 -4 4 -6 5 -6 7 -6 6 -7 8 -7 0 0 0 0 0 0 0 0 0 0 ]
53,1783416203.402418,7.3432,-81,CSI_DATA,AP,98:F4:AB:29:67:94,-81,11,1,2,1,1,1,0,0,0,0,-96,0,6,1,44223623,0,84,0,0,44.6193,384,[84 -64 4 0 0 0 0 0 0 0 0 0 -14 -2 -14 -3 -14 -3 -12 -2 -13 -2 -9 -4 -10 -2 -8 -2 -9 -1 -11 -1 -9 -1 -10 0 -9 0 -7 -2 -8 -1 -9 0 -9 0 -8 -1 -7 0 -8 0 -7 1 -6 0 -7 0 -5 2 -7 -1 -7 0 0 0 -5 -1 -6 -1 -7 -2 -5 -1 -3 -2 -4 -2 -3 -2 -3 -2 -5 -3 -5 -2 -3 -3 -3 -3 -6 -3 -3 -3 -5 -4 -5 -5 -6 -5 -3 -5 -5 -6 -5 -7 -5 -7 -5 -8 -5 -8 -6 -8 -7 -7 -6 -9 0 0 0 0 0 0 0 0 0 0 ]
54,1783416203.523807,7.5571,-84,CSI_DATA,AP,98:F4:AB:29:67:94,-84,11,1,4,1,1,1,0,0,0,0,-96,0,6,1,44312797,0,84,0,0,44.6948,384,[84 -64 4 0 0 0 0 0 0 0 0 0 14 -9 11 -8 12 -8 12 -6 11 -6 10 -4 10 -9 7 -7 8 -6 7 -6 6 -8 7 -7 7 -7 5 -5 6 -7 6 -9 6 -6 5 -6 4 -6 4 -7 3 -7 5 -6 4 -6 4 -5 4 -8 3 -4 0 0 3 -4 4 -5 1 -4 3 -4 5 -4 3 -4 6 -4 3 -2 3 -3 4 -3 3 -3 4 -2 3 -1 6 -3 7 -4 6 -1 8 -1 7 -1 8 -1 6 0 9 0 8 1 9 1 10 1 11 0 11 0 0 0 0 0 0 0 0 0 0 0 ]
55,1783416203.645602,5.9695,-83,CSI_DATA,AP,98:F4:AB:29:67:94,-83,11,1,4,1,1,1,0,0,0,0,-96,0,6,1,44401688,0,84,0,0,44.7837,384,[84 -64 4 0 0 0 0 0 0 0 0 0 1 -18 0 -16 3 -15 1 -14 3 -11 1 -15 2 -13 1 -12 0 -11 0 -11 -1 -9 2 -11 -1 -11 0 -10 0 -9 0 -10 0 -8 1 -8 0 -9 1 -7 0 -7 0 -5 -2 -5 -2 -4 -1 -6 -1 -4 0 0 -1 -3 -1 -4 -2 -5 0 -3 1 -5 0 -6 -1 -4 -1 -4 -2 -3 1 -2 0 -3 2 -6 2 -5 1 -4 1 -5 2 -6 3 -6 4 -7 3 -7 3 -8 4 -7 6 -9 5 -9 5 -8 6 -8 6 -9 0 0 0 0 0 0 0 0 0 0 ]
56,1783416203.768226,4.8326,-81,CSI_DATA,AP,98:F4:AB:29:67:94,-81,11,1,4,1,1,1,0,0,0,0,-96,0,6,1,44491999,0,84,0,0,44.874,384,[84 -64 4 0 0 0 0 0 0 0 0 0 -2 19 0 18 -2 18 -1 15 0 17 -1 15 -1 11 2 14 0 13 0 12 1 12 1 12 -1 12 0 11 -1 10 0 11 1 11 -1 10 -1 6 3 8 0 9 -1 7 -1 6 0 9 0 5 0 6 0 0 -1 6 -1 8 -2 7 -2 4 -2 4 -2 4 -2 4 -3 3 -2 4 -2 5 -3 5 -2 5 -4 4 -4 5 -2 6 -4 8 -7 8 -5 5 -5 6 -5 7 -5 7 -7 8 -6 9 -4 8 -5 11 -5 9 0 0 0 0 0 0 0 0 0 0 ]
57,1783416203.892361,4.9513,-80,CSI_DATA,AP,98:F4:AB:29:67:94,-80,11,1,4,1,1,1,0,0,0,0,-96,0,6,1,44580680,0,84,0,0,44.9627,384,[84 -64 4 0 0 0 0 0 0 0 0 0 -7 15 -6 12 -6 12 -6 13 -4 11 -5 11 -4 10 -4 11 -3 12 -3 11 -3 11 -3 10 -3 11 -3 9 -3 10 -3 10 -2 9 -2 8 -4 8 -2 7 -2 7 -1 7 -2 7 -2 8 -2 6 -2 5 0 0 -2 5 -2 7 -3 6 -3 5 -3 4 -3 4 -1 5 -2 5 -3 4 -4 3 -3 5 -3 5 -5 6 -4 5 -4 4 -5 6 -5 7 -7 5 -6 6 -7 5 -7 6 -6 6 -7 8 -9 8 -7 7 -8 9 0 0 0 0 0 0 0 0 0 0 ]
58,1783416204.014512,5.8311,-81,CSI_DATA,AP,98:F4:AB:29:67:94,-81,11,1,4,1,1,1,0,0,0,0,-96,0,6,1,44675657,0,84,0,0,45.0577,384,[84 -64 4 0 0 0 0 0 0 0 0 0 16 4 14 4 13 5 13 4 14 3 12 4 11 3 12 3 10 4 11 2 12 1 10 3 10 2 9 1 11 0 9 1 9 1 8 0 9 1 10 0 9 1 8 0 9 1 9 2 7 0 6 1 0 0 5 0 6 2 5 1 5 1 5 2 6 2 5 2 5 2 5 2 4 3 4 2 4 3 4 4 6 3 5 5 6 4 5 5 5 5 6 6 6 5 5 7 5 6 8 6 7 7 8 8 8 7 0 0 0 0 0 0 0 0 0 0 ]
59,1783416204.137056,8.7473,-81,CSI_DATA,AP,98:F4:AB:29:67:94,-81,11,1,4,1,1,1,0,0,0,0,-96,0,6,1,44764676,0,84,0,0,45.1467,384,[84 -64 4 0 0 0 0 0 0 0 0 0 -17 3 -15 2 -15 2 -13 2 -12 2 -14 3 -12 2 -13 1 -13 4 -13 4 -14 5 -12 5 -11 4 -11 4 -12 4 -12 4 -11 3 -11 4 -11 3 -10 2 -10 1 -11 3 -10 3 -9 4 -10 2 -10 3 0 0 -11 3 -8 1 -8 1 -7 3 -7 1 -8 1 -8 0 -8 0 -7 -1 -8 1 -7 -1 -10 -1 -9 -1 -9 -1 -10 -2 -9 -2 -11 -4 -10 -4 -11 -4 -10 -5 -12 -6 -11 -5 -13 -7 -14 -4 -12 -7 -14 -5 0 0 0 0 0 0 0 0 0 0 ]
60,1783416204.260165,8.1497,-82,CSI_DATA,AP,98:F4:AB:29:67:94,-82,11,1,2,1,1,1,0,0,0,0,-96,0,6,1,44852660,0,84,0,0,45.2346,384,[84 -64 4 0 0 0 0 0 0 0 0 0 -13 6 -13 5 -12 6 -12 6 -12 4 -11 3 -10 4 -10 4 -9 3 -9 3 -8 4 -8 6 -7 4 -6 4 -8 4 -8 3 -6 3 -8 4 -6 3 -5 3 -6 4 -6 4 -6 3 -4 2 -4 3 -4 2 0 0 -4 2 -5 2 -5 2 -5 2 -3 0 -4 0 -3 0 -3 -1 -3 -1 -4 0 -6 0 -5 -1 -5 -1 -6 0 -6 -2 -6 -2 -7 -3 -7 -4 -8 -5 -7 -4 -7 -5 -9 -4 -8 -6 -8 -5 -9 -6 -10 -5 0 0 0 0 0 0 0 0 0 0 ]
61,1783416204.384038,6.3323,-82,CSI_DATA,AP,98:F4:AB:29:67:94,-82,11,1,4,1,1,1,0,0,0,0,-96,0,6,1,44940264,0,84,0,0,45.3223,384,[84 -64 4 0 0 0 0 0 0 0 0 0 -14 13 -11 11 -11 11 -11 8 -10 11 -9 8 -7 9 -9 9 -8 9 -7 9 -7 9 -5 9 -6 9 -5 10 -6 7 -5 10 -4 8 -5 9 -5 6 -4 7 -3 7 -4 7 -4 8 -3 5 -3 5 -4 5 0 0 -3 5 -3 5 -5 4 -5 4 -3 4 -5 4 -5 3 -5 4 -4 4 -5 3 -4 4 -5 4 -8 4 -5 2 -7 4 -7 4 -8 4 -8 3 -8 4 -8 3 -10 3 -9 4 -10 6 -10 6 -11 4 -11 4 0 0 0 0 0 0 0 0 0 0 ]
62,1783416204.507217,6.9634,-81,CSI_DATA,AP,98:F4:AB:29:67:94,-81,11,1,4,1,1,1,0,0,0,0,-96,0,6,1,45029463,0,84,0,0,45.4115,384,[84 -64 4 0 0 0 0 0 0 0 0 0 -14 4 -15 3 -17 3 -14 1 -12 2 -13 1 -13 1 -13 1 -11 4 -12 3 -9 5 -11 5 -11 3 -10 2 -9 4 -11 5 -8 6 -7 3 -8 5 -8 4 -8 4 -7 3 -6 5 -7 4 -6 5 -5 4 0 0 -6 4 -8 4 -6 3 -6 3 -7 2 -6 2 -5 2 -6 2 -4 2 -6 3 -6 1 -7 2 -8 3 -7 1 -7 1 -8 1 -9 1 -9 0 -9 -1 -10 -1 -10 0 -11 -2 -12 -1 -13 1 -13 0 -11 0 0 0 0 0 0 0 0 0 0 0 ]
63,1783416204.631223,8.3798,-82,CSI_DATA,AP,98:F4:AB:29:67:94,-82,11,1,4,1,1,1,0,0,0,0,-96,0,6,1,45123787,0,84,0,0,45.5058,384,[84 -64 4 0 0 0 0 0 0 0 0 0 -15 -4 -13 -4 -12 -3 -13 -4 -13 -4 -13 -2 -13 -2 -11 -3 -11 -1 -13 -3 -11 2 -12 1 -11 -1 -11 0 -12 1 -11 1 -11 0 -11 0 -11 1 -11 2 -9 0 -8 0 -8 -1 -10 -1 -9 0 -8 1 0 0 -9 1 -8 0 -8 0 -9 1 -7 0 -9 -1 -6 -1 -6 -2 -5 -2 -6 -2 -6 -2 -8 -2 -8 -3 -6 -4 -8 -5 -8 -6 -8 -7 -7 -6 -9 -7 -8 -9 -8 -10 -9 -9 -9 -9 -8 -9 -10 -11 -11 -11 0 0 0 0 0 0 0 0 0 0 ]
64,1783416204.756577,8.6541,-80,CSI_DATA,AP,98:F4:AB:29:67:94,-80,11,1,2,1,1,1,0,0,0,0,-96,0,6,1,45216661,0,84,0,0,45.5987,384,[84 -64 4 0 0 0 0 0 0 0 0 0 -12 9 -12 8 -11 10 -11 8 -11 6 -10 8 -8 8 -9 7 -10 8 -7 7 -6 7 -6 8 -5 8 -5 8 -5 7 -4 9 -4 8 -5 8 -4 7 -3 6 -4 7 -5 8 -2 7 -5 6 -4 7 -3 5 0 0 -2 5 -4 7 -4 5 -5 5 -4 4 -5 5 -5 4 -4 5 -5 3 -6 6 -5 4 -6 3 -8 5 -8 4 -8 5 -8 4 -10 4 -10 4 -11 4 -11 5 -11 3 -13 6 -12 5 -13 6 -13 5 -13 5 0 0 0 0 0 0 0 0 0 0 ]
65,1783416204.882772,7.0362,-80,CSI_DATA,AP,98:F4:AB:29:67:94,-80,11,1,2,1,1,1,0,0,0,0,-96,0,6,1,45308872,0,84,0,0,45.6909,384,[84 -64 4 0 0 0 0 0 0 0 0 0 13 5 11 6 12 7 11 5 12 6 9 5 8 4 8 4 8 2 8 2 8 1 9 3 8 0 8 0 8 0 7 0 6 0 8 1 8 0 6 -1 7 -1 7 -2 8 -1 5 -1 6 0 5 -1 0 0 6 -1 6 -1 5 -2 6 0 4 0 4 0 5 0 4 0 5 2 4 0 5 1 5 3 5 3 5 4 7 4 6 4 7 5 5 6 6 7 6 8 6 7 7 7 7 9 7 9 7 9 8 9 0 0 0 0 0 0 0 0 0 0 ]
66,1783416205.009134,6.3153,-82,CSI_DATA,AP,98:F4:AB:29:67:94,-82,11,1,2,1,1,1,0,0,0,0,-96,0,6,1,45393703,0,84,0,0,45.7758,384,[84 -64 4 0 0 0 0 0 0 0 0 0 11 -9 11 -9 10 -6 8 -8 8 -7 7 -7 7 -6 6 -6 7 -5 4 -6 3 -6 5 -6 3 -7 4 -7 3 -7 3 -7 2 -7 3 -6 1 -7 1 -6 2 -7 0 -7 3 -6 3 -5 2 -6 1 -4 0 0 3 -7 2 -5 1 -4 1 -3 3 -4 3 -5 3 -3 4 -3 3 -2 3 -4 3 -2 4 -2 3 -3 6 -3 4 -3 6 -1 6 -1 7 -1 7 0 8 0 8 -1 10 0 10 -1 9 0 11 -1 11 -1 0 0 0 0 0 0 0 0 0 0 ]
67,1783416205.133988,6.7238,-81,CSI_DATA,AP,98:F4:AB:29:67:94,-81,11,1,2,1,1,1,0,0,0,0,-96,0,6,1,45486402,0,84,0,0,45.8684,384,[84 -64 4 0 0 0 0 0 0 0 0 0 -14 -15 -10 -15 -14 -15 -12 -13 -10 -14 -9 -11 -8 -11 -8 -11 -8 -9 -9 -9 -8 -7 -8 -8 -9 -6 -8 -6 -8 -3 -8 -5 -9 -3 -7 -4 -7 -4 -7 -2 -8 -3 -5 -3 -5 -4 -6 -2 -7 -2 -6 -3 0 0 -5 -3 -3 -3 -6 -3 -3 -2 -2 -3 -3 -2 -4 -5 -3 -4 -4 -5 -4 -5 -5 -3 -4 -2 -4 -3 -7 -4 -6 -6 -6 -7 -6 -6 -6 -9 -5 -8 -7 -8 -7 -7 -8 -9 -8 -8 -10 -8 -11 -9 -10 -10 0 0 0 0 0 0 0 0 0 0 ]
68,1783416205.261743,6.7302,-80,CSI_DATA,AP,98:F4:AB:29:67:94,-80,11,1,4,1,1,1,0,0,0,0,-96,0,6,1,45574244,0,84,0,0,45.9562,384,[84 -64 4 0 0 0 0 0 0 0 0 0 12 11 13 11 15 11 13 11 11 10 11 9 13 9 12 9 13 8 10 8 9 8 10 6 11 7 10 6 9 5 8 5 8 6 8 4 9 5 9 5 8 4 7 5 7 5 7 4 6 3 6 3 0 0 6 3 5 3 7 4 5 3 3 4 3 4 3 4 3 4 5 3 5 5 5 5 5 6 5 5 5 6 5 8 4 8 6 10 5 8 6 9 6 10 7 11 5 11 6 10 6 13 7 12 7 13 0 0 0 0 0 0 0 0 0 0 ]
69,1783416205.390710,7.6912,-81,CSI_DATA,AP,98:F4:AB:29:67:94,-81,11,1,4,1,1,1,0,0,0,0,-96,0,6,1,45660346,0,84,0,0,46.0424,384,[84 -64 4 0 0 0 0 0 0 0 0 0 -17 3 -16 0 -18 1 -15 0 -13 3 -11 1 -13 2 -13 1 -10 1 -12 -2 -11 1 -12 3 -10 4 -10 3 -11 3 -11 4 -7 4 -9 5 -9 2 -11 2 -8 2 -8 3 -8 2 -8 4 -8 2 -7 3 0 0 -9 1 -8 1 -8 0 -8 2 -6 0 -6 1 -6 0 -7 0 -6 1 -7 -2 -10 1 -7 -2 -8 -1 -8 -2 -9 -2 -9 -1 -10 -4 -12 -4 -12 -5 -10 -4 -12 -5 -13 -5 -13 -6 -14 -5 -14 -5 -14 -5 0 0 0 0 0 0 0 0 0 0 ]
70,1783416205.516752,7.0439,-82,CSI_DATA,AP,98:F4:AB:29:67:94,-82,11,1,4,1,1,1,0,0,0,0,-96,0,6,1,45759701,0,84,0,0,46.1417,384,[84 -64 4 0 0 0 0 0 0 0 0 0 -17 -6 -14 -4 -15 -5 -12 -5 -14 -6 -10 -4 -12 -3 -10 -4 -11 -4 -10 -2 -9 -4 -9 -3 -9 -2 -10 -2 -8 -1 -9 0 -8 -2 -8 0 -8 -1 -7 -2 -7 -2 -9 -2 -7 -1 -9 -1 -7 -2 -5 -2 0 0 -6 -2 -5 -2 -6 -3 -7 -2 -4 -2 -4 -4 -5 -3 -4 -3 -3 -2 -4 -4 -4 -3 -4 -4 -4 -2 -5 -5 -6 -4 -6 -5 -5 -7 -4 -5 -4 -7 -5 -9 -6 -9 -5 -9 -5 -11 -5 -9 -4 -9 -6 -9 0 0 0 0 0 0 0 0 0 0 ]
71,1783416205.643616,6.7879,-80,CSI_DATA,AP,98:F4:AB:29:67:94,-80,11,1,2,1,1,1,0,0,0,0,-96,0,6,1,45841854,0,84,0,0,46.224,384,[84 -64 4 0 0 0 0 0 0 0 0 0 -16 8 -15 7 -15 7 -13 8 -12 7 -11 4 -10 6 -11 4 -7 2 -10 7 -9 6 -9 7 -8 5 -8 7 -8 5 -6 7 -6 6 -6 7 -5 4 -5 4 -6 4 -5 6 -5 6 -3 5 -5 4 -5 6 0 0 -5 4 -5 3 -5 4 -5 3 -5 3 -6 3 -4 2 -5 2 -5 2 -6 2 -7 4 -6 4 -6 2 -6 2 -8 1 -9 1 -10 1 -8 1 -9 1 -10 2 -11 1 -12 2 -12 0 -13 0 -13 0 -13 0 0 0 0 0 0 0 0 0 0 0 ]
72,1783416205.767930,6.2181,-80,CSI_DATA,AP,98:F4:AB:29:67:94,-80,11,1,2,1,1,1,0,0,0,0,-96,0,6,1,45932251,0,84,0,0,46.3143,384,[84 -64 4 0 0 0 0 0 0 0 0 0 15 5 15 3 14 3 14 4 13 4 12 4 10 3 9 3 11 4 10 2 10 1 9 2 10 1 9 1 8 0 9 -1 9 -1 9 -1 8 -1 7 -1 6 -3 7 0 8 0 7 0 5 -2 6 -1 0 0 6 0 6 0 6 0 6 2 5 -1 5 0 6 1 4 0 6 1 5 1 5 1 5 1 5 3 5 3 5 4 6 4 6 4 5 6 6 6 6 7 6 8 6 8 6 10 7 10 6 10 7 11 0 0 0 0 0 0 0 0 0 0 ]
73,1783416205.895188,7.5839,-82,CSI_DATA,AP,98:F4:AB:29:67:94,-82,11,1,4,1,1,1,0,0,0,0,-96,0,6,1,46020155,0,84,0,0,46.4022,384,[84 -64 4 0 0 0 0 0 0 0 0 0 17 -3 14 1 16 0 13 -3 11 -2 13 -2 11 -1 12 -1 9 -4 10 -5 11 -2 10 -3 10 -3 9 -4 7 -3 7 -5 8 -5 7 -5 5 -3 5 -4 6 -4 5 -4 7 -4 6 -4 7 -5 5 -4 0 0 6 -4 5 -3 2 -4 4 -3 4 -2 6 -4 4 -4 4 -2 4 -2 5 -1 6 -2 4 0 6 -2 6 -2 8 -2 7 -2 9 0 8 0 10 1 8 0 10 2 11 1 13 2 13 0 10 2 13 4 0 0 0 0 0 0 0 0 0 0 ]
74,1783416206.019255,7.4380,-76,CSI_DATA,AP,98:F4:AB:29:67:94,-76,11,0,0,0,0,0,0,0,0,0,-96,0,6,1,46121423,0,84,0,0,46.5036,128,[84 -64 4 0 0 0 0 0 0 0 0 0 33 -21 28 -15 29 -18 26 -17 29 -17 23 -15 23 -15 17 -16 18 -16 18 -19 20 -18 14 -18 14 -19 15 -17 14 -18 16 -19 10 -17 13 -18 11 -15 11 -18 11 -16 10 -17 12 -16 11 -16 11 -14 10 -14 0 0 11 -13 10 -13 10 -10 11 -12 9 -10 7 -11 11 -9 10 -9 10 -10 11 -7 15 -7 12 -7 13 -8 16 -6 18 -6 18 -4 19 -4 20 -3 18 -2 23 -1 24 -1 25 -2 28 -1 30 0 32 -2 32 -1 0 0 0 0 0 0 0 0 0 0 ]
75,1783416206.145381,6.8756,-82,CSI_DATA,AP,98:F4:AB:29:67:94,-82,11,1,4,1,1,1,0,0,0,0,-96,0,6,1,46202197,0,84,0,0,46.5842,384,[84 -64 4 0 0 0 0 0 0 0 0 0 -10 -9 -7 -7 -8 -9 -8 -7 -7 -8 -6 -7 -5 -7 -7 -7 -8 -3 -6 -6 -7 -5 -7 -3 -6 -3 -7 -5 -9 -4 -7 -3 -7 -3 -9 -2 -7 -2 -9 -2 -8 -3 -7 -2 -5 -2 -6 -5 -6 -3 -6 -5 0 0 -6 -3 -6 -4 -6 -5 -5 -3 -4 -3 -4 -3 -4 -5 -5 -3 -4 -5 -5 -4 -3 -5 -4 -5 -4 -6 -3 -6 -4 -7 -5 -7 -3 -9 -3 -9 -2 -8 -2 -10 -2 -11 -4 -10 -3 -10 -1 -11 -1 -13 -3 -13 0 0 0 0 0 0 0 0 0 0 ]
76,1783416206.268619,7.0936,-83,CSI_DATA,AP,98:F4:AB:29:67:94,-83,11,1,4,1,1,1,0,0,0,0,-96,0,6,1,46293058,0,84,0,0,46.675,384,[84 -64 4 0 0 0 0 0 0 0 0 0 8 6 9 5 9 5 5 5 7 6 4 3 6 1 6 2 6 1 6 2 6 0 6 -1 7 -1 6 1 5 -1 7 -2 6 -1 7 -1 5 -2 5 -1 6 -3 6 -3 5 -3 7 -2 7 -2 5 -2 0 0 7 -2 6 -2 4 -2 4 -2 5 -2 5 1 5 0 5 -1 4 -1 4 -2 4 1 5 0 5 2 5 1 4 1 4 2 6 1 6 2 6 4 7 5 8 5 6 6 8 4 5 6 8 7 7 7 0 0 0 0 0 0 0 0 0 0 ]
77,1783416206.393837,6.9888,-83,CSI_DATA,AP,98:F4:AB:29:67:94,-83,11,1,2,1,1,1,0,0,0,0,-96,0,6,1,46386983,0,84,0,0,46.769,384,[84 -64 4 0 0 0 0 0 0 0 0 0 7 -9 6 -7 5 -7 7 -6 6 -7 2 -6 4 -8 3 -6 1 -5 1 -5 -2 -5 -1 -5 -1 -6 -1 -6 -1 -4 -2 -5 -3 -4 -4 -7 -3 -4 -2 -6 -2 -6 -4 -6 -2 -7 -3 -5 -3 -6 -3 -6 0 0 -3 -6 -2 -5 -2 -5 -3 -4 -1 -5 -2 -5 -2 -5 -2 -4 -2 -5 -2 -6 -1 -5 -1 -5 -1 -4 -1 -6 -1 -6 -1 -6 1 -6 2 -6 1 -6 1 -8 2 -8 2 -7 5 -9 3 -9 3 -9 3 -9 0 0 0 0 0 0 0 0 0 0 ]
78,1783416206.518403,6.2126,-83,CSI_DATA,AP,98:F4:AB:29:67:94,-83,11,1,2,1,1,1,0,0,0,0,-96,0,6,1,46470758,0,84,0,0,46.8528,384,[84 -64 4 0 0 0 0 0 0 0 0 0 -13 -3 -12 -4 -12 -3 -10 -4 -11 -3 -7 -3 -7 -1 -7 -1 -5 0 -7 1 -6 2 -5 1 -5 3 -6 3 -5 3 -6 4 -5 4 -4 6 -4 3 -5 4 -3 4 -4 6 -5 5 -3 3 -4 4 -5 4 0 0 -4 4 -3 5 -3 5 -3 3 -3 2 -3 2 -3 3 -3 3 -3 2 -5 3 -5 2 -4 2 -4 2 -5 1 -5 -1 -6 1 -7 -1 -6 -1 -8 -1 -8 -2 -7 -4 -7 -2 -8 -3 -9 -2 -9 -4 -10 -3 0 0 0 0 0 0 0 0 0 0 ]
79,1783416206.643900,6.7868,-81,CSI_DATA,AP,98:F4:AB:29:67:94,-81,11,0,0,0,0,0,0,0,0,0,-96,0,6,1,46567481,0,84,0,0,46.9496,128,[84 -64 4 0 0 0 0 0 0 0 0 0 51 21 45 19 46 22 42 22 39 21 28 17 27 14 25 13 19 13 20 7 22 4 22 2 14 -1 20 -3 14 -1 16 -4 13 -9 16 -8 14 -10 9 -10 13 -10 12 -16 10 -12 10 -12 8 -13 7 -11 0 0 7 -14 6 -13 5 -10 4 -11 7 -8 5 -9 4 -10 1 -6 9 -10 8 -9 6 -7 7 -9 12 -4 12 -3 14 2 12 2 19 4 18 5 17 6 20 9 23 10 26 9 28 10 30 15 31 12 34 14 0 0 0 0 0 0 0 0 0 0 ]
80,1783416206.768772,7.8778,-79,CSI_DATA,AP,98:F4:AB:29:67:94,-79,11,0,0,0,0,0,0,0,0,0,-96,0,6,1,46656380,0,84,0,0,47.0385,128,[84 -64 4 0 0 0 0 0 0 0 0 0 -52 -24 -49 -23 -45 -21 -45 -20 -37 -22 -32 -22 -27 -19 -24 -16 -24 -16 -20 -11 -23 -6 -22 -7 -19 -5 -22 -6 -20 -3 -18 -6 -14 -4 -15 -5 -11 -1 -11 1 -12 -1 -9 2 -7 -1 -7 2 -8 4 -5 3 0 0 -6 2 -8 2 -5 -3 -4 -1 -6 -1 -5 -2 -2 -3 -4 -4 -4 -6 -4 -3 -7 -4 -7 -4 -8 -1 -10 -5 -10 -10 -14 -8 -12 -12 -12 -6 -15 -12 -16 -12 -19 -13 -22 -12 -23 -11 -26 -10 -28 -10 -30 -11 0 0 0 0 0 0 0 0 0 0 ]
81,1783416206.894910,6.7984,-82,CSI_DATA,AP,98:F4:AB:29:67:94,-82,11,1,4,1,1,1,0,0,0,0,-96,0,6,1,46742674,0,84,0,0,47.1247,384,[84 -64 4 0 0 0 0 0 0 0 0 0 14 -17 12 -13 12 -15 10 -16 12 -15 9 -12 9 -9 10 -9 7 -10 7 -9 5 -10 7 -8 6 -8 7 -9 6 -10 6 -8 4 -8 4 -8 5 -5 4 -6 4 -5 3 -6 3 -6 3 -5 3 -5 2 -3 0 0 4 -5 2 -3 2 -3 3 -4 5 -4 3 -3 4 -4 5 -2 3 -4 5 -3 4 -2 4 -2 5 -5 5 -4 7 -6 6 -6 9 -6 8 -4 10 -3 9 -6 7 -4 10 -5 12 -5 11 -6 10 -7 10 -8 0 0 0 0 0 0 0 0 0 0 ]
82,1783416207.020327,8.1297,-80,CSI_DATA,AP,98:F4:AB:29:67:94,-80,11,1,4,1,1,1,0,0,0,0,-96,0,6,1,46829575,0,84,0,0,47.2116,384,[84 -64 4 0 0 0 0 0 0 0 0 0 -19 -2 -17 -1 -18 -2 -17 -3 -17 -3 -15 0 -14 -1 -15 -3 -12 -3 -13 -3 -15 0 -13 0 -13 -1 -13 -1 -12 0 -13 1 -12 1 -11 1 -10 0 -11 -2 -10 -1 -10 0 -11 -2 -9 1 -9 -2 -8 -1 0 0 -6 -2 -8 -1 -8 -1 -6 -1 -6 -2 -7 -1 -7 -3 -6 -3 -7 -2 -8 -2 -6 -3 -7 -2 -6 -2 -8 -4 -6 -4 -8 -4 -9 -4 -9 -5 -8 -5 -10 -6 -9 -6 -9 -7 -8 -7 -10 -8 -10 -8 -11 -7 0 0 0 0 0 0 0 0 0 0 ]
83,1783416207.145309,7.9072,-81,CSI_DATA,AP,98:F4:AB:29:67:94,-81,11,1,4,1,1,1,0,0,0,0,-96,0,6,1,46923660,0,84,0,0,47.3057,384,[84 -64 4 0 0 0 0 0 0 0 0 0 9 -12 7 -12 9 -13 6 -11 7 -10 7 -9 5 -10 5 -9 5 -8 6 -7 5 -8 4 -10 5 -7 3 -10 5 -10 3 -9 5 -9 3 -9 4 -9 3 -9 3 -8 2 -8 3 -7 2 -7 3 -6 3 -8 0 0 3 -7 3 -7 5 -7 4 -6 4 -6 3 -5 5 -5 4 -6 4 -5 2 -6 2 -5 1 -5 6 -4 5 -5 7 -4 5 -5 7 -5 6 -5 7 -3 7 -2 9 -3 8 -4 10 -4 9 -5 9 -5 12 -5 0 0 0 0 0 0 0 0 0 0 ]
84,1783416207.269937,8.1190,-80,CSI_DATA,AP,98:F4:AB:29:67:94,-80,11,1,4,1,1,1,0,0,0,0,-96,0,6,1,47015045,0,84,0,0,47.3971,384,[84 -64 4 0 0 0 0 0 0 0 0 0 -13 -7 -12 -6 -12 -7 -12 -8 -10 -7 -12 -6 -11 -7 -12 -5 -10 -4 -8 -4 -10 -5 -10 -4 -11 -4 -9 -3 -9 -4 -9 -5 -10 -3 -10 -2 -10 -4 -9 -1 -10 -3 -9 -2 -8 -3 -6 -3 -8 -2 -8 -2 0 0 -7 -3 -6 -3 -6 -3 -6 -4 -7 -3 -6 -3 -5 -5 -5 -2 -4 -3 -5 -4 -6 -4 -4 -3 -5 -5 -6 -5 -6 -4 -8 -6 -6 -7 -7 -7 -7 -7 -6 -8 -5 -8 -5 -8 -6 -9 -5 -11 -4 -9 -6 -9 0 0 0 0 0 0 0 0 0 0 ]
85,1783416207.395957,7.5366,-80,CSI_DATA,AP,98:F4:AB:29:67:94,-80,11,1,4,1,1,1,0,0,0,0,-96,0,6,1,47099516,0,84,0,0,47.4814,384,[84 -64 4 0 0 0 0 0 0 0 0 0 0 -16 -1 -14 1 -16 1 -15 0 -15 1 -14 -1 -14 0 -14 -2 -10 1 -10 -1 -11 -1 -10 -2 -10 -3 -11 -2 -9 -3 -11 -3 -9 -2 -9 -2 -10 -2 -8 -1 -10 -1 -9 -1 -9 -1 -8 0 -7 0 -8 0 0 -1 -6 1 -8 0 -7 1 -6 0 -7 2 -6 2 -7 1 -6 1 -5 2 -6 1 -6 2 -7 2 -7 3 -6 3 -7 2 -8 4 -8 4 -8 4 -7 4 -7 5 -8 5 -6 6 -9 5 -11 6 -9 4 -10 0 0 0 0 0 0 0 0 0 0 ]
86,1783416207.521941,7.6296,-80,CSI_DATA,AP,98:F4:AB:29:67:94,-80,11,1,4,1,1,1,0,0,0,0,-96,0,6,1,47192990,0,84,0,0,47.575,384,[84 -64 4 0 0 0 0 0 0 0 0 0 -15 -17 -13 -13 -13 -15 -12 -16 -11 -17 -11 -13 -9 -13 -9 -12 -8 -12 -9 -11 -10 -10 -10 -8 -9 -8 -7 -9 -9 -7 -9 -9 -8 -6 -8 -10 -8 -6 -7 -7 -7 -7 -7 -8 -7 -7 -5 -5 -6 -5 -5 -6 0 0 -4 -7 -5 -8 -6 -7 -5 -5 -4 -7 -2 -6 -2 -6 -2 -5 -3 -6 -2 -7 -5 -7 -5 -7 -3 -6 -3 -6 -4 -10 -5 -9 -4 -12 -5 -10 -2 -11 -4 -11 -2 -11 -5 -11 -4 -11 -4 -13 -6 -12 -5 -13 0 0 0 0 0 0 0 0 0 0 ]
87,1783416207.648166,7.4328,-81,CSI_DATA,AP,98:F4:AB:29:67:94,-81,11,1,4,1,1,1,0,0,0,0,-96,0,6,1,47284758,0,84,0,0,47.6668,384,[84 -64 4 0 0 0 0 0 0 0 0 0 5 -19 2 -17 5 -18 2 -15 6 -16 3 -14 7 -13 4 -12 4 -11 5 -12 3 -10 4 -11 3 -11 3 -13 1 -10 1 -13 3 -9 3 -10 1 -9 2 -8 2 -8 2 -8 2 -8 2 -6 3 -7 2 -7 0 0 3 -5 3 -6 2 -5 3 -7 3 -4 3 -6 3 -5 4 -4 3 -4 4 -5 3 -4 3 -4 4 -5 5 -5 5 -5 5 -6 5 -7 5 -6 7 -5 5 -10 6 -7 7 -8 7 -10 8 -8 8 -9 8 -8 0 0 0 0 0 0 0 0 0 0 ]
88,1783416207.773384,7.9176,-80,CSI_DATA,AP,98:F4:AB:29:67:94,-80,11,1,4,1,1,1,0,0,0,0,-96,0,6,1,47373344,0,84,0,0,47.7554,384,[84 -64 4 0 0 0 0 0 0 0 0 0 -17 -10 -14 -10 -16 -10 -14 -10 -14 -11 -12 -10 -12 -7 -9 -7 -10 -9 -10 -9 -12 -7 -11 -7 -10 -7 -12 -7 -10 -6 -10 -5 -10 -5 -10 -5 -10 -6 -9 -5 -9 -4 -9 -4 -9 -4 -8 -6 -7 -5 -8 -5 0 0 -5 -6 -7 -5 -6 -5 -6 -5 -6 -4 -5 -6 -5 -5 -7 -5 -5 -5 -5 -6 -5 -5 -5 -4 -5 -7 -4 -6 -5 -7 -5 -8 -4 -8 -4 -9 -7 -8 -6 -10 -5 -10 -7 -10 -6 -11 -5 -11 -5 -11 -8 -13 0 0 0 0 0 0 0 0 0 0 ]
89,1783416207.902836,7.0955,-80,CSI_DATA,AP,98:F4:AB:29:67:94,-80,11,1,4,1,1,1,0,0,0,0,-96,0,6,1,47460332,0,84,0,0,47.8424,384,[84 -64 4 0 0 0 0 0 0 0 0 0 -5 14 -3 13 -4 15 -4 11 -3 13 -2 10 -2 10 -3 10 -1 11 -2 10 -2 10 0 11 -1 10 -1 10 1 8 0 9 0 8 0 9 0 8 0 7 0 6 0 8 -1 7 0 6 -1 6 -1 6 0 0 0 7 -2 7 -2 7 -2 7 -2 6 -1 5 -1 5 -2 6 -2 5 -2 5 -2 6 -2 7 -4 6 -4 6 -5 7 -3 8 -6 6 -5 6 -6 7 -5 7 -5 8 -6 8 -7 9 -6 8 -8 8 -7 9 0 0 0 0 0 0 0 0 0 0 ]
90,1783416208.033150,8.1930,-80,CSI_DATA,AP,98:F4:AB:29:67:94,-80,11,1,4,1,1,1,0,0,0,0,-96,0,6,1,47555391,0,84,0,0,47.9374,384,[84 -64 4 0 0 0 0 0 0 0 0 0 15 7 15 8 16 10 12 8 12 7 12 5 11 5 9 5 13 6 10 5 11 3 11 2 12 4 10 2 9 1 10 2 10 2 9 2 10 2 9 0 8 3 9 1 9 1 8 2 9 1 8 2 0 0 7 1 9 2 8 1 7 1 6 2 6 0 6 2 5 2 7 2 6 1 6 2 5 2 5 3 7 4 8 3 7 4 7 2 8 4 7 5 9 5 9 6 9 6 10 7 10 6 10 6 12 7 0 0 0 0 0 0 0 0 0 0 ]
91,1783416208.160027,7.5602,-80,CSI_DATA,AP,98:F4:AB:29:67:94,-80,11,1,4,1,1,1,0,0,0,0,-96,0,6,1,47639474,0,84,0,0,48.0215,384,[84 -64 4 0 0 0 0 0 0 0 0 0 -18 5 -17 5 -17 6 -15 0 -15 1 -15 4 -14 5 -13 3 -13 4 -13 4 -12 4 -10 5 -11 3 -9 3 -9 4 -12 4 -9 4 -10 3 -10 2 -9 3 -8 4 -8 3 -8 3 -8 3 -7 2 -6 3 0 0 -7 3 -7 1 -7 1 -7 1 -7 0 -6 -1 -7 -1 -5 1 -7 0 -5 -1 -6 0 -8 -1 -7 0 -7 -1 -8 -2 -7 0 -9 -1 -9 -3 -10 -1 -11 -1 -11 -2 -12 -1 -11 -2 -13 -3 -14 -1 -14 -1 0 0 0 0 0 0 0 0 0 0 ]
92,1783416208.286455,7.9576,-74,CSI_DATA,AP,98:F4:AB:29:67:94,-74,11,0,0,0,0,0,0,0,0,0,-96,0,6,1,47738067,0,84,0,0,48.1202,128,[84 -64 4 0 0 0 0 0 0 0 0 0 -4 -43 0 -38 -4 -41 -1 -36 -2 -37 0 -32 0 -31 -2 -30 -1 -29 -4 -27 -3 -28 -3 -25 1 -23 -2 -25 2 -19 -4 -24 -8 -21 -8 -21 -4 -7 -6 -20 -1 -19 -4 -17 -3 -16 -3 -15 -4 -15 -3 -15 0 0 -2 -16 -2 -15 -1 -14 -2 -15 -1 -13 0 -14 -1 -11 1 -12 0 -15 4 -13 2 -14 2 -16 1 -15 4 -16 3 -18 5 -18 7 -20 6 -18 7 -19 6 -20 7 -23 8 -22 8 -23 7 -25 8 -27 9 -28 0 0 0 0 0 0 0 0 0 0 ]
93,1783416208.413450,8.1306,-80,CSI_DATA,AP,98:F4:AB:29:67:94,-80,11,1,4,1,1,1,0,0,0,0,-96,0,6,1,47824028,0,84,0,0,48.206,384,[84 -64 4 0 0 0 0 0 0 0 0 0 -18 -7 -16 -7 -19 -8 -16 -7 -15 -7 -12 -5 -13 -5 -14 -7 -13 -5 -11 -6 -11 -4 -11 -4 -12 -4 -11 -4 -10 -5 -10 -4 -9 -3 -11 -3 -8 -2 -9 -2 -9 -3 -8 -3 -8 -2 -7 -1 -8 -3 -7 -2 0 0 -7 -4 -8 -4 -6 -3 -5 -3 -7 -4 -6 -3 -7 -2 -5 -4 -5 -5 -5 -4 -7 -4 -6 -5 -5 -3 -7 -6 -7 -6 -8 -6 -9 -6 -8 -8 -7 -7 -9 -6 -9 -7 -9 -9 -9 -8 -11 -8 -8 -9 -10 -8 0 0 0 0 0 0 0 0 0 0 ]
94,1783416208.539436,8.8634,-80,CSI_DATA,AP,98:F4:AB:29:67:94,-80,11,1,4,1,1,1,0,0,0,0,-96,0,6,1,47909819,0,84,0,0,48.2919,384,[84 -64 4 0 0 0 0 0 0 0 0 0 -3 17 -4 17 -3 17 -6 14 -4 15 -2 12 -3 15 -2 11 -3 12 -3 12 0 11 -1 11 -1 9 0 11 0 11 -1 13 -1 11 -1 9 -3 8 -1 8 -2 10 -1 8 -2 9 0 8 1 9 1 8 0 0 -2 7 -1 9 -1 8 -3 6 -5 7 -2 6 -2 5 -4 6 -1 5 -2 7 -3 6 -4 7 -6 7 -4 7 -5 7 -5 8 -6 7 -6 6 -6 6 -5 6 -6 8 -8 9 -9 10 -8 8 -7 8 -9 10 0 0 0 0 0 0 0 0 0 0 ]
95,1783416208.668407,8.7873,-80,CSI_DATA,AP,98:F4:AB:29:67:94,-80,11,1,4,1,1,1,0,0,0,0,-96,0,6,1,47999424,0,84,0,0,48.3815,384,[84 -64 4 0 0 0 0 0 0 0 0 0 -18 6 -16 6 -18 6 -15 4 -16 5 -13 3 -14 5 -13 5 -15 5 -12 4 -12 5 -11 5 -13 5 -12 6 -11 3 -11 6 -10 4 -10 5 -9 3 -9 4 -9 4 -8 6 -8 4 -8 4 -8 3 -10 4 0 0 -7 2 -7 3 -6 3 -6 2 -7 2 -7 1 -7 1 -7 2 -7 -1 -7 -1 -8 1 -6 0 -7 -2 -7 0 -8 1 -9 -1 -11 -1 -9 0 -10 -1 -11 -2 -10 -2 -11 0 -11 -1 -12 -2 -13 -1 -13 -2 0 0 0 0 0 0 0 0 0 0 ]
96,1783416208.796013,9.1615,-74,CSI_DATA,AP,98:F4:AB:29:67:94,-74,11,0,0,0,0,0,0,0,0,0,-96,0,6,1,48094589,0,84,0,0,48.4767,128,[84 -64 4 0 0 0 0 0 0 0 0 0 -8 42 -6 36 -8 40 -6 35 -7 37 -6 30 -5 33 -6 28 -4 29 -8 28 -2 27 -3 27 -5 25 -2 25 -2 23 0 27 1 20 -2 22 0 20 0 21 0 19 1 19 -1 18 0 19 -1 18 -3 15 0 0 -1 17 -3 17 0 15 0 15 -3 13 -5 14 -5 12 -4 13 -3 12 -7 12 -7 13 -5 13 -7 14 -7 12 -8 16 -8 16 -10 19 -11 16 -12 17 -13 18 -13 18 -13 19 -15 21 -12 21 -14 22 -12 24 0 0 0 0 0 0 0 0 0 0 ]
97,1783416208.925711,9.2615,-74,CSI_DATA,AP,98:F4:AB:29:67:94,-74,11,0,0,0,0,0,0,0,0,0,-96,0,6,1,48185142,0,84,0,0,48.5673,128,[84 -64 4 0 0 0 0 0 0 0 0 0 -40 -1 -38 1 -40 -1 -36 -2 -34 -3 -31 -1 -32 -1 -28 -3 -27 0 -26 -1 -29 -2 -27 1 -27 0 -26 2 -22 3 -25 4 -21 4 -21 2 -19 1 -18 0 -17 1 -18 3 -18 1 -19 1 -17 1 -16 1 0 0 -15 1 -16 0 -15 0 -15 0 -14 -1 -15 -3 -13 -4 -14 -4 -15 0 -14 -4 -16 -4 -15 -3 -16 -3 -16 -6 -19 -4 -19 -6 -22 -8 -19 -8 -23 -9 -21 -9 -21 -12 -23 -10 -25 -12 -25 -12 -28 -10 -27 -8 0 0 0 0 0 0 0 0 0 0 ]
98,1783416209.054498,10.8236,-78,CSI_DATA,AP,98:F4:AB:29:67:94,-78,11,1,2,1,1,1,0,0,0,0,-96,0,6,1,48271041,0,84,0,0,48.6531,384,[84 -64 4 0 0 0 0 0 0 0 0 0 -24 8 -23 8 -21 6 -20 6 -21 7 -22 4 -20 4 -18 3 -18 4 -18 4 -18 5 -15 5 -16 7 -13 5 -15 8 -16 4 -14 6 -13 5 -16 6 -11 6 -13 3 -13 5 -12 3 -13 4 -11 4 -7 5 0 0 -10 1 -10 3 -9 2 -8 1 -11 2 -9 2 -10 0 -10 2 -7 1 -10 1 -11 1 -10 -1 -11 -2 -10 0 -11 -2 -15 -1 -14 -2 -12 -3 -16 -2 -14 -5 -15 -5 -14 -4 -17 -4 -18 -3 -17 -6 -19 -5 0 0 0 0 0 0 0 0 0 0 ]
99,1783416209.182805,9.7290,-80,CSI_DATA,AP,98:F4:AB:29:67:94,-80,11,1,4,1,1,1,0,0,0,0,-96,0,6,1,48364805,0,84,0,0,48.7469,384,[84 -64 4 0 0 0 0 0 0 0 0 0 -12 15 -8 12 -9 14 -10 12 -10 11 -9 11 -8 11 -7 10 -8 11 -7 11 -7 10 -7 11 -6 12 -7 9 -5 8 -6 10 -5 8 -5 8 -5 10 -6 10 -9 8 -5 8 -5 8 -4 8 -5 7 -5 7 0 0 -5 6 -5 7 -6 6 -5 7 -5 4 -5 6 -5 3 -5 4 -6 4 -5 5 -6 4 -8 4 -5 4 -7 6 -9 6 -7 6 -8 4 -9 4 -10 4 -9 3 -11 4 -10 5 -12 5 -13 5 -11 6 -12 7 0 0 0 0 0 0 0 0 0 0 ]
100,1783416209.313035,9.0138,-80,CSI_DATA,AP,98:F4:AB:29:67:94,-80,11,1,4,1,1,1,0,0,0,0,-96,0,6,1,48449681,0,84,0,0,48.8317,384,[84 -64 4 0 0 0 0 0 0 0 0 0 2 -17 1 -14 1 -15 2 -14 1 -13 2 -13 0 -13 2 -12 0 -12 1 -11 1 -11 -1 -11 1 -11 -1 -9 -2 -9 -3 -11 -1 -9 -3 -9 -2 -9 -1 -7 -1 -9 -2 -9 -1 -9 0 -9 -1 -8 -1 -7 0 0 -2 -7 -2 -6 -1 -7 -1 -7 -1 -6 0 -7 -1 -6 0 -7 -2 -6 -1 -6 -1 -6 1 -6 1 -6 1 -7 0 -8 -1 -8 2 -9 1 -9 1 -10 1 -8 2 -10 1 -9 3 -11 2 -12 3 -11 3 -11 0 0 0 0 0 0 0 0 0 0 ]
101,1783416209.442072,7.4446,-80,CSI_DATA,AP,98:F4:AB:29:67:94,-80,11,1,4,1,1,1,0,0,0,0,-96,0,6,1,48541301,0,84,0,0,48.9232,384,[84 -64 4 0 0 0 0 0 0 0 0 0 17 3 15 4 15 3 15 5 16 6 12 3 14 1 12 2 10 3 12 3 10 3 10 2 11 2 10 1 10 0 12 0 9 0 10 -1 8 0 10 0 10 0 10 -1 9 1 6 0 7 0 6 -1 0 0 7 0 7 0 6 0 7 -1 7 0 5 0 6 2 6 2 5 1 7 1 6 0 6 2 6 1 6 1 8 2 8 2 9 2 8 3 8 3 7 4 9 4 10 4 10 3 12 2 12 4 12 3 0 0 0 0 0 0 0 0 0 0 ]
102,1783416209.573355,7.0346,-79,CSI_DATA,AP,98:F4:AB:29:67:94,-79,11,1,2,1,1,1,0,0,0,0,-96,0,6,1,48630675,0,84,0,0,49.0127,384,[84 -64 4 0 0 0 0 0 0 0 0 0 8 -15 8 -14 8 -14 7 -14 7 -13 5 -11 6 -11 7 -11 7 -10 5 -9 5 -9 5 -10 3 -10 5 -11 3 -9 4 -10 4 -9 2 -10 3 -7 3 -9 4 -8 2 -8 3 -6 3 -7 3 -7 2 -7 0 0 3 -6 3 -6 4 -5 2 -5 3 -6 3 -5 4 -4 4 -5 4 -5 4 -4 4 -3 4 -5 5 -5 4 -5 6 -5 6 -6 6 -6 6 -5 8 -5 7 -6 9 -5 8 -4 9 -6 9 -7 11 -5 10 -7 0 0 0 0 0 0 0 0 0 0 ]
103,1783416209.706728,7.0365,-80,CSI_DATA,AP,98:F4:AB:29:67:94,-80,11,1,4,1,1,1,0,0,0,0,-96,0,6,1,48722058,0,84,0,0,49.1041,384,[84 -64 4 0 0 0 0 0 0 0 0 0 -15 11 -15 12 -14 11 -13 10 -12 9 -12 10 -12 8 -10 8 -11 7 -10 8 -8 7 -9 8 -10 6 -9 7 -6 8 -7 8 -7 8 -8 9 -6 6 -5 7 -6 7 -7 7 -6 6 -8 4 -6 5 -7 6 0 0 -8 4 -6 5 -7 3 -5 4 -7 3 -5 1 -9 3 -7 1 -6 2 -9 2 -6 1 -8 2 -8 2 -9 1 -10 2 -9 1 -10 2 -9 1 -11 1 -10 1 -10 1 -10 1 -13 -1 -13 2 -12 0 -13 1 0 0 0 0 0 0 0 0 0 0 ]
104,1783416209.829356,7.8482,-80,CSI_DATA,AP,98:F4:AB:29:67:94,-80,11,1,4,1,1,1,0,0,0,0,-96,0,6,1,48810222,0,84,0,0,49.1923,384,[84 -64 4 0 0 0 0 0 0 0 0 0 0 -17 0 -17 2 -17 0 -17 2 -16 1 -15 1 -16 1 -14 -2 -13 2 -13 -2 -13 -2 -12 0 -12 -2 -11 -1 -10 -2 -11 -1 -10 -2 -10 -2 -9 -2 -10 -3 -10 -2 -9 -1 -9 -1 -8 0 -9 -1 -8 0 0 -2 -8 1 -8 0 -8 0 -8 -1 -7 0 -8 1 -7 1 -7 2 -6 1 -7 1 -8 1 -7 2 -7 1 -7 3 -8 2 -9 4 -8 2 -9 5 -10 3 -10 5 -9 4 -11 5 -10 5 -11 4 -11 4 -12 0 0 0 0 0 0 0 0 0 0 ]
105,1783416209.959266,7.9210,-81,CSI_DATA,AP,98:F4:AB:29:67:94,-81,11,1,4,1,1,1,0,0,0,0,-96,0,6,1,48900329,0,84,0,0,49.2824,384,[84 -64 4 0 0 0 0 0 0 0 0 0 13 -11 11 -10 11 -9 12 -9 12 -6 9 -8 8 -7 9 -6 8 -7 8 -8 6 -7 7 -8 6 -8 6 -7 5 -8 6 -8 5 -7 6 -8 6 -7 6 -8 6 -6 5 -7 5 -6 4 -7 4 -7 3 -6 0 0 4 -5 3 -7 5 -6 3 -5 4 -4 4 -5 5 -4 5 -3 3 -4 3 -4 4 -4 5 -3 6 -5 6 -5 7 -4 6 -4 7 -4 8 -4 8 -5 8 -3 9 -3 8 -3 9 -4 9 -4 10 -4 9 -4 0 0 0 0 0 0 0 0 0 0 ]
106,1783416210.086386,8.0448,-80,CSI_DATA,AP,98:F4:AB:29:67:94,-80,11,1,4,1,1,1,0,0,0,0,-96,0,6,1,48990540,0,84,0,0,49.3726,384,[84 -64 4 0 0 0 0 0 0 0 0 0 -3 18 -4 15 -3 13 -4 13 -4 13 -5 11 -2 11 -3 11 -2 10 -2 9 -1 11 -1 9 -2 9 -1 9 1 9 -2 10 0 7 0 7 -2 9 0 7 0 8 -1 7 1 7 -1 7 -1 6 -1 8 0 0 0 5 0 8 -1 7 -1 4 -1 5 0 4 -2 5 -2 5 -2 6 -1 5 -2 6 -2 5 -2 6 -3 5 -3 6 -3 7 -3 8 -2 7 -3 8 -3 8 -4 7 -4 9 -5 9 -4 9 -5 10 -3 10 0 0 0 0 0 0 0 0 0 0 ]
107,1783416210.215272,9.4092,-80,CSI_DATA,AP,98:F4:AB:29:67:94,-80,11,1,4,1,1,1,0,0,0,0,-96,0,6,1,49082488,0,84,0,0,49.4645,384,[84 -64 4 0 0 0 0 0 0 0 0 0 10 -16 9 -16 10 -14 9 -14 8 -14 9 -12 7 -11 8 -14 8 -12 7 -11 5 -11 5 -11 5 -11 5 -9 5 -11 6 -10 5 -11 4 -9 3 -8 5 -9 6 -7 5 -9 4 -7 6 -7 7 -7 4 -8 0 0 5 -7 3 -5 4 -6 5 -6 6 -4 5 -5 5 -4 4 -4 5 -6 4 -4 5 -3 4 -3 6 -4 5 -4 6 -2 8 -4 7 -5 7 -6 9 -5 10 -6 9 -3 9 -6 10 -5 10 -6 10 -5 12 -7 0 0 0 0 0 0 0 0 0 0 ]
108,1783416210.342349,9.8764,-80,CSI_DATA,AP,98:F4:AB:29:67:94,-80,11,1,4,1,1,1,0,0,0,0,-96,0,6,1,49172164,0,84,0,0,49.5542,384,[84 -64 4 0 0 0 0 0 0 0 0 0 -1 -18 -1 -20 -1 -19 -2 -16 -3 -18 -2 -14 -1 -14 1 -14 -2 -13 -1 -14 -4 -11 0 -13 -1 -13 -3 -12 -2 -11 -2 -12 -4 -11 -4 -10 -1 -10 -2 -9 -3 -11 -2 -10 -2 -9 -2 -9 0 -9 -1 -11 0 0 0 -7 0 -9 0 -8 0 -8 1 -7 1 -7 -1 -7 1 -8 1 -6 0 -7 2 -6 1 -7 2 -7 1 -7 0 -8 3 -8 3 -6 5 -10 2 -9 4 -9 4 -10 4 -9 5 -11 4 -11 6 -11 6 -11 0 0 0 0 0 0 0 0 0 0 ]
109,1783416210.470546,9.1932,-80,CSI_DATA,AP,98:F4:AB:29:67:94,-80,11,1,4,1,1,1,0,0,0,0,-96,0,6,1,49260698,0,84,0,0,49.6426,384,[84 -64 4 0 0 0 0 0 0 0 0 0 -16 -7 -14 -5 -15 -4 -14 -4 -13 -6 -12 -6 -12 -7 -13 -6 -11 -4 -11 -5 -12 -5 -11 -4 -11 -5 -11 -5 -9 -3 -11 -4 -9 -3 -11 -4 -9 -3 -8 -3 -10 -3 -9 -4 -8 -4 -8 -4 -8 -3 -8 -4 0 0 -7 -3 -5 -4 -5 -4 -6 -4 -6 -4 -5 -4 -6 -3 -5 -4 -5 -5 -5 -4 -6 -5 -4 -5 -4 -6 -5 -7 -7 -7 -6 -6 -5 -8 -7 -7 -6 -8 -5 -7 -6 -10 -5 -9 -8 -8 -6 -10 -6 -9 -8 -9 0 0 0 0 0 0 0 0 0 0 ]
110,1783416210.597852,8.8357,-79,CSI_DATA,AP,98:F4:AB:29:67:94,-79,11,1,4,1,1,1,0,0,0,0,-96,0,6,1,49351088,0,84,0,0,49.7331,384,[84 -64 4 0 0 0 0 0 0 0 0 0 -17 9 -17 9 -18 7 -14 7 -16 7 -12 6 -13 5 -12 6 -13 8 -13 6 -9 8 -12 7 -11 5 -9 8 -10 6 -9 7 -9 7 -8 6 -8 6 -9 6 -10 6 -8 6 -7 5 -9 7 -7 5 -7 4 0 0 -6 5 -7 5 -6 4 -6 4 -6 3 -7 3 -7 2 -5 2 -5 2 -6 1 -7 3 -6 1 -8 4 -6 3 -7 4 -9 4 -9 4 -10 4 -9 3 -8 4 -9 3 -9 4 -11 5 -11 3 -11 5 -12 7 0 0 0 0 0 0 0 0 0 0 ]
111,1783416210.726423,8.4451,-80,CSI_DATA,AP,98:F4:AB:29:67:94,-80,11,1,4,1,1,1,0,0,0,0,-96,0,6,1,49442046,0,84,0,0,49.8241,384,[84 -64 4 0 0 0 0 0 0 0 0 0 -15 -14 -13 -14 -13 -12 -12 -10 -12 -12 -11 -10 -12 -10 -11 -9 -12 -9 -11 -9 -10 -8 -11 -8 -9 -8 -9 -7 -9 -6 -11 -9 -8 -6 -9 -6 -9 -7 -7 -5 -9 -5 -8 -5 -8 -7 -7 -6 -6 -6 -6 -5 0 0 -6 -6 -7 -5 -7 -5 -7 -5 -4 -6 -5 -5 -4 -5 -6 -4 -5 -5 -4 -4 -5 -5 -3 -6 -4 -5 -5 -6 -7 -7 -5 -7 -7 -9 -5 -7 -5 -7 -7 -8 -7 -10 -6 -9 -6 -11 -6 -10 -7 -8 -7 -11 0 0 0 0 0 0 0 0 0 0 ]
112,1783416210.852443,7.5327,-80,CSI_DATA,AP,98:F4:AB:29:67:94,-80,11,1,4,1,1,1,0,0,0,0,-96,0,6,1,49531049,0,84,0,0,49.9131,384,[84 -64 4 0 0 0 0 0 0 0 0 0 -4 17 -4 18 -5 16 -5 14 -4 14 -3 13 -3 14 -4 12 0 13 0 12 -1 11 -2 12 -2 12 -1 13 -2 12 1 12 -1 12 0 8 0 8 0 8 0 10 -2 10 -1 9 -1 8 1 7 0 7 0 0 -1 8 -1 7 -1 8 -1 6 -2 6 -1 6 -1 5 -2 6 0 6 -1 8 -1 7 -2 3 -1 7 -1 7 -1 9 -2 10 -3 10 -1 8 -1 9 -3 9 -3 9 -2 9 -4 11 -2 11 -3 11 -4 11 0 0 0 0 0 0 0 0 0 0 ]
113,1783416210.980419,8.3279,-81,CSI_DATA,AP,98:F4:AB:29:67:94,-81,11,1,4,1,1,1,0,0,0,0,-96,0,6,1,49619835,0,84,0,0,50.0019,384,[84 -64 4 0 0 0 0 0 0 0 0 0 17 -8 16 -7 16 -5 15 -7 15 -5 12 -4 15 -4 13 -5 12 -6 11 -5 10 -4 11 -6 11 -6 11 -5 9 -5 10 -5 8 -5 7 -5 8 -3 9 -5 10 -4 8 -4 6 -4 6 -4 8 -5 6 -4 0 0 7 -3 7 -2 6 -3 7 -3 6 -3 8 -3 5 -2 5 -1 6 -2 7 -2 7 -2 5 -1 7 0 7 -1 10 -1 8 0 10 -1 9 0 10 0 9 0 10 1 10 0 11 2 12 0 12 0 13 -1 0 0 0 0 0 0 0 0 0 0 ]
114,1783416211.106232,8.1894,-80,CSI_DATA,AP,98:F4:AB:29:67:94,-80,11,1,4,1,1,1,0,0,0,0,-96,0,6,1,49713937,0,84,0,0,50.096,384,[84 -64 4 0 0 0 0 0 0 0 0 0 -8 17 -5 16 -7 17 -5 14 -6 12 -7 13 -7 14 -5 13 -5 10 -7 13 -3 12 -4 10 -6 11 -4 11 -5 10 -4 12 -4 10 -3 9 -5 8 -4 7 -5 7 -4 8 -3 5 -5 8 -4 7 -5 8 0 0 -5 6 -4 5 -7 5 -5 5 -4 4 -4 4 -5 4 -6 4 -6 5 -4 2 -6 2 -7 4 -5 5 -8 5 -8 3 -7 4 -7 5 -8 3 -9 3 -9 3 -10 4 -11 4 -11 4 -12 4 -12 4 -12 4 0 0 0 0 0 0 0 0 0 0 ]
115,1783416211.233294,8.2278,-79,CSI_DATA,AP,98:F4:AB:29:67:94,-79,11,1,2,1,1,1,0,0,0,0,-96,0,6,1,49806206,0,84,0,0,50.1883,384,[84 -64 4 0 0 0 0 0 0 0 0 0 5 19 3 16 3 17 3 16 2 15 3 14 4 14 4 10 4 13 3 13 3 13 4 11 4 12 4 10 2 11 4 11 4 9 3 10 5 9 3 9 3 9 3 9 4 9 3 7 3 8 3 9 0 0 2 7 1 7 1 6 2 7 0 6 1 8 0 7 0 6 1 6 0 6 1 6 1 7 1 7 0 7 0 9 0 8 -1 10 -1 10 -2 10 -1 10 -1 11 -2 12 -2 13 -1 12 -1 14 -1 15 0 0 0 0 0 0 0 0 0 0 ]
116,1783416211.358571,8.4725,-79,CSI_DATA,AP,98:F4:AB:29:67:94,-79,11,1,2,1,1,1,0,0,0,0,-96,0,6,1,49898260,0,84,0,0,50.2803,384,[84 -64 4 0 0 0 0 0 0 0 0 0 15 9 12 6 13 7 12 7 13 7 10 8 10 6 10 6 10 6 9 5 10 6 9 6 9 4 8 5 9 3 9 5 9 4 8 5 7 4 8 3 7 5 6 5 6 5 8 4 7 5 6 3 0 0 6 3 4 3 5 3 4 5 3 4 4 4 3 5 2 4 3 4 3 5 3 5 2 5 3 6 2 6 4 8 3 6 3 7 4 7 3 9 3 9 4 8 3 8 3 10 5 9 4 10 5 10 0 0 0 0 0 0 0 0 0 0 ]
117,1783416211.486700,8.6385,-80,CSI_DATA,AP,98:F4:AB:29:67:94,-80,11,1,4,1,1,1,0,0,0,0,-96,0,6,1,49979436,0,84,0,0,50.3614,384,[84 -64 4 0 0 0 0 0 0 0 0 0 17 -2 19 -3 18 -4 16 -3 15 -3 14 -2 15 -2 14 -2 12 -3 13 -2 12 -5 12 -3 13 -4 13 -4 11 -2 10 -2 10 -3 10 -3 9 -2 9 -1 10 -2 7 -2 7 -1 8 -3 8 -2 7 -1 0 0 6 -1 9 -1 7 0 7 -1 8 0 7 0 6 1 8 -1 5 0 6 0 6 -1 6 1 8 0 6 2 7 0 8 1 8 1 9 2 9 3 7 2 9 1 10 2 11 3 10 2 11 2 11 3 0 0 0 0 0 0 0 0 0 0 ]
118,1783416211.612754,7.8703,-81,CSI_DATA,AP,98:F4:AB:29:67:94,-81,11,1,4,1,1,1,0,0,0,0,-96,0,6,1,50073313,0,84,0,0,50.4553,384,[84 -64 4 0 0 0 0 0 0 0 0 0 17 6 15 8 16 6 13 6 13 5 13 4 13 6 12 5 12 6 11 3 10 4 10 3 10 2 12 5 11 2 10 3 10 3 9 3 8 2 10 2 9 2 9 2 7 3 8 1 7 2 7 2 0 0 6 2 6 2 7 2 5 3 4 3 5 4 5 2 5 3 5 2 5 3 2 3 4 3 6 3 6 3 6 3 7 6 8 7 7 4 7 5 7 6 8 8 6 7 7 6 9 6 9 8 9 7 0 0 0 0 0 0 0 0 0 0 ]
119,1783416211.737492,8.4054,-80,CSI_DATA,AP,98:F4:AB:29:67:94,-80,11,1,4,1,1,1,0,0,0,0,-96,0,6,1,50159513,0,84,0,0,50.5416,384,[84 -64 4 0 0 0 0 0 0 0 0 0 -18 -7 -16 -8 -17 -9 -15 -9 -14 -9 -15 -7 -15 -6 -14 -5 -13 -5 -13 -6 -13 -6 -13 -4 -10 -6 -11 -3 -11 -4 -11 -4 -12 -3 -11 -3 -10 -2 -9 -3 -9 -2 -8 -4 -9 -3 -9 -3 -9 -1 -8 -3 0 0 -7 -2 -9 -2 -8 -3 -7 -3 -6 -3 -8 -3 -5 -4 -6 -2 -7 -2 -5 -3 -8 -3 -6 -4 -7 -3 -8 -3 -8 -3 -7 -5 -9 -5 -7 -6 -8 -8 -8 -7 -9 -8 -9 -7 -11 -7 -10 -9 -11 -7 -11 -8 0 0 0 0 0 0 0 0 0 0 ]
120,1783416211.861376,8.3348,-79,CSI_DATA,AP,98:F4:AB:29:67:94,-79,11,1,2,1,1,1,0,0,0,0,-96,0,6,1,50251927,0,84,0,0,50.634,384,[84 -64 4 0 0 0 0 0 0 0 0 0 -4 17 -4 14 -5 17 -3 15 -4 15 -3 11 -4 11 -4 12 -3 12 -2 11 -4 10 -3 13 -2 11 -1 11 -1 10 -2 11 -1 9 -2 9 -2 8 -2 9 -3 9 -1 7 -2 8 -2 7 -2 8 -1 6 0 0 -2 5 -2 8 -1 5 -2 7 -3 5 -4 5 -3 6 -4 6 -3 5 -3 5 -3 7 -3 4 -4 6 -4 5 -5 7 -5 7 -6 7 -7 5 -6 7 -7 8 -8 7 -7 8 -7 9 -7 9 -8 9 -8 10 0 0 0 0 0 0 0 0 0 0 ]
121,1783416211.987473,8.4095,-74,CSI_DATA,AP,98:F4:AB:29:67:94,-74,11,0,0,0,0,0,0,0,0,0,-96,0,6,1,50346329,0,84,0,0,50.7285,128,[84 -64 4 0 0 0 0 0 0 0 0 0 30 -17 30 -17 33 -17 28 -16 28 -17 24 -13 24 -15 24 -13 23 -13 22 -12 22 -15 19 -15 19 -14 19 -14 18 -14 19 -15 16 -14 17 -13 14 -11 14 -13 14 -11 13 -12 12 -11 13 -10 11 -11 12 -8 0 0 10 -9 13 -10 12 -9 13 -10 9 -7 13 -6 12 -6 11 -6 11 -5 13 -3 12 -6 13 -4 13 -6 13 -4 17 -5 17 -6 19 -4 18 -4 20 -3 19 -4 21 -3 21 -5 22 -4 23 -4 24 -5 25 -6 0 0 0 0 0 0 0 0 0 0 ]
122,1783416212.111952,8.3891,-80,CSI_DATA,AP,98:F4:AB:29:67:94,-80,11,1,4,1,1,1,0,0,0,0,-96,0,6,1,50431556,0,84,0,0,50.8136,384,[84 -64 4 0 0 0 0 0 0 0 0 0 14 -11 13 -10 14 -9 14 -9 13 -9 13 -6 10 -9 12 -7 10 -8 11 -8 7 -8 11 -7 8 -10 9 -7 8 -8 9 -9 7 -8 7 -7 7 -7 7 -7 9 -6 7 -7 6 -6 7 -6 6 -6 7 -5 0 0 6 -5 5 -4 7 -4 6 -5 7 -3 5 -4 6 -4 4 -5 5 -3 4 -5 5 -4 6 -4 7 -5 6 -3 8 -3 9 -2 10 -3 9 -3 8 -3 8 -2 10 -3 11 -4 11 -4 11 -3 12 -4 13 -5 0 0 0 0 0 0 0 0 0 0 ]
123,1783416212.238078,8.7267,-80,CSI_DATA,AP,98:F4:AB:29:67:94,-80,11,1,4,1,1,1,0,0,0,0,-96,0,6,1,50524889,0,84,0,0,50.9069,384,[84 -64 4 0 0 0 0 0 0 0 0 0 15 10 13 10 12 9 14 10 14 10 11 9 12 8 9 5 9 7 9 8 10 6 10 6 8 5 8 5 9 4 11 7 9 5 9 4 8 4 9 4 10 6 7 5 6 4 6 4 8 3 5 3 0 0 6 4 6 4 4 3 5 5 5 4 5 4 4 4 5 6 3 4 4 4 2 3 4 5 4 4 6 7 5 6 4 8 5 7 6 7 6 8 6 8 5 8 4 8 7 9 7 9 7 10 8 9 0 0 0 0 0 0 0 0 0 0 ]
124,1783416212.362122,8.5693,-80,CSI_DATA,AP,98:F4:AB:29:67:94,-80,11,1,4,1,1,1,0,0,0,0,-96,0,6,1,50610638,0,84,0,0,50.9927,384,[84 -64 4 0 0 0 0 0 0 0 0 0 -8 -18 -8 -15 -7 -18 -5 -16 -4 -17 -4 -16 -5 -15 -4 -14 -4 -13 -4 -12 -5 -10 -8 -10 -5 -10 -5 -10 -6 -11 -8 -11 -6 -9 -6 -9 -5 -9 -5 -7 -7 -8 -6 -8 -7 -7 -5 -6 -6 -6 -6 -7 0 0 -4 -5 -5 -7 -3 -6 -6 -6 -4 -6 -2 -6 -3 -6 -4 -6 -4 -6 -4 -7 -5 -7 -3 -7 -4 -7 -2 -8 -4 -8 -5 -8 -3 -10 -4 -10 -4 -10 -4 -9 -4 -11 -5 -11 -4 -11 -7 -12 -6 -11 -7 -14 0 0 0 0 0 0 0 0 0 0 ]
125,1783416212.483455,8.0985,-80,CSI_DATA,AP,98:F4:AB:29:67:94,-80,11,1,4,1,1,1,0,0,0,0,-96,0,6,1,50703108,0,84,0,0,51.0851,384,[84 -64 4 0 0 0 0 0 0 0 0 0 19 -5 16 -4 16 -3 14 -4 15 -3 13 -3 14 -2 12 -3 13 -4 11 -5 12 -5 12 -4 10 -5 11 -4 9 -5 12 -5 9 -4 9 -4 9 -4 10 -4 8 -5 7 -3 7 -4 7 -5 7 -3 7 -3 0 0 7 -3 7 -3 5 -4 7 -3 6 -2 6 -3 6 -2 7 -2 5 -3 6 -2 6 -2 6 -2 5 -2 8 -2 8 -2 8 -2 10 0 7 -2 9 -1 9 -2 8 -1 10 -2 11 0 10 -2 12 -3 13 -2 0 0 0 0 0 0 0 0 0 0 ]
126,1783416212.605901,8.5416,-80,CSI_DATA,AP,98:F4:AB:29:67:94,-80,11,1,4,1,1,1,0,0,0,0,-96,0,6,1,50789411,0,84,0,0,51.1714,384,[84 -64 4 0 0 0 0 0 0 0 0 0 2 17 3 17 1 18 1 16 2 17 1 15 1 13 2 13 1 13 0 13 3 13 2 10 2 11 2 12 1 10 1 13 2 12 3 10 3 8 1 8 2 9 2 8 2 9 1 8 1 9 0 8 0 0 0 7 1 8 0 7 -1 6 -2 6 0 6 -1 6 -2 7 0 5 -2 5 -4 5 -1 5 -2 7 -2 7 -2 8 -2 9 -3 10 -3 8 -4 7 -4 9 -5 8 -5 9 -6 9 -5 10 -5 9 -5 12 0 0 0 0 0 0 0 0 0 0 ]
127,1783416212.729819,9.0032,-80,CSI_DATA,AP,98:F4:AB:29:67:94,-80,11,1,4,1,1,1,0,0,0,0,-96,0,6,1,50881771,0,84,0,0,51.2638,384,[84 -64 4 0 0 0 0 0 0 0 0 0 11 16 11 13 10 16 7 14 8 12 9 14 6 13 9 11 7 11 7 11 7 8 7 9 8 9 8 9 7 9 6 7 8 7 7 7 5 6 5 6 5 7 6 4 5 7 4 6 5 8 7 5 0 0 7 6 5 7 4 4 3 5 2 6 3 6 2 4 2 6 2 5 2 3 5 6 3 5 3 6 2 5 5 7 5 8 4 8 5 7 2 7 4 10 3 8 4 10 4 11 5 10 4 10 5 11 0 0 0 0 0 0 0 0 0 0 ]
128,1783416212.853957,8.7565,-80,CSI_DATA,AP,98:F4:AB:29:67:94,-80,11,1,4,1,1,1,0,0,0,0,-96,0,6,1,50969430,0,84,0,0,51.3515,384,[84 -64 4 0 0 0 0 0 0 0 0 0 11 13 8 9 10 12 8 10 10 11 7 10 6 10 7 9 8 8 6 8 8 7 6 8 6 7 6 6 6 6 7 5 5 5 7 5 6 4 5 5 5 5 6 4 6 4 4 3 4 4 4 6 0 0 5 4 4 5 3 5 4 4 3 4 3 3 2 4 3 4 3 5 4 4 3 4 3 5 3 5 3 5 4 5 4 6 3 7 3 8 4 6 4 7 3 8 4 7 3 8 4 8 4 10 5 9 0 0 0 0 0 0 0 0 0 0 ]
129,1783416212.984829,8.4128,-78,CSI_DATA,AP,98:F4:AB:29:67:94,-78,11,1,2,1,1,1,0,0,0,0,-96,0,6,1,51063596,0,84,0,0,51.4457,384,[84 -64 4 0 0 0 0 0 0 0 0 0 -10 -15 -8 -15 -8 -16 -9 -13 -9 -14 -8 -11 -7 -11 -7 -11 -7 -13 -6 -12 -7 -10 -7 -9 -8 -10 -7 -10 -6 -9 -7 -9 -6 -9 -7 -8 -5 -9 -7 -9 -5 -7 -5 -8 -5 -7 -3 -8 -5 -6 -4 -8 0 0 -4 -7 -4 -7 -3 -6 -4 -6 -1 -7 -2 -5 -3 -6 -2 -6 -4 -7 -3 -6 -2 -6 -2 -6 -1 -7 -2 -7 -2 -8 -3 -8 -2 -9 -1 -10 0 -11 -1 -10 -1 -11 -1 -11 -1 -12 -2 -12 -1 -13 -2 -12 0 0 0 0 0 0 0 0 0 0 ]
130,1783416213.113525,8.0834,-80,CSI_DATA,AP,98:F4:AB:29:67:94,-80,11,1,4,1,1,1,0,0,0,0,-96,0,6,1,51153489,0,84,0,0,51.5355,384,[84 -64 4 0 0 0 0 0 0 0 0 0 -9 -18 -9 -16 -9 -17 -9 -16 -7 -16 -6 -14 -7 -14 -5 -13 -8 -12 -5 -12 -7 -11 -5 -11 -5 -11 -6 -10 -6 -8 -8 -11 -6 -10 -6 -9 -5 -9 -4 -9 -5 -7 -4 -9 -4 -7 -4 -8 -4 -7 -5 -6 0 0 -3 -5 -3 -8 -2 -5 -3 -6 -3 -6 -3 -5 -2 -7 -2 -6 -2 -6 -2 -7 -2 -6 -1 -7 0 -6 -2 -8 -1 -8 -4 -8 -2 -9 0 -9 -1 -10 -3 -10 1 -9 -1 -13 -1 -11 -2 -12 -1 -11 -2 -12 0 0 0 0 0 0 0 0 0 0 ]
131,1783416213.236159,7.3551,-80,CSI_DATA,AP,98:F4:AB:29:67:94,-80,11,1,4,1,1,1,0,0,0,0,-96,0,6,1,51240360,0,84,0,0,51.6224,384,[84 -64 4 0 0 0 0 0 0 0 0 0 -18 0 -17 0 -18 -2 -18 -3 -17 -1 -14 -4 -14 -3 -14 0 -14 -2 -12 0 -13 0 -11 0 -12 0 -11 1 -12 2 -12 1 -11 2 -11 1 -10 3 -9 0 -10 1 -8 0 -9 0 -9 0 -7 0 -9 1 0 0 -7 0 -8 1 -7 0 -8 -1 -8 -1 -8 -1 -8 0 -7 -1 -7 -1 -7 -2 -6 -1 -8 1 -10 -1 -9 -1 -9 -2 -7 -2 -8 -4 -9 -2 -13 -3 -10 -3 -13 -3 -11 -3 -11 -3 -13 -1 -12 -4 -13 -2 0 0 0 0 0 0 0 0 0 0 ]
132,1783416213.360247,7.4868,-74,CSI_DATA,AP,98:F4:AB:29:67:94,-74,11,0,0,0,0,0,0,0,0,0,-96,0,6,1,51342230,0,84,0,0,51.7244,128,[84 -64 4 0 0 0 0 0 0 0 0 0 31 -28 27 -25 31 -26 28 -22 28 -23 26 -19 24 -18 21 -18 22 -20 22 -19 19 -20 20 -19 19 -18 17 -21 16 -16 16 -21 14 -17 13 -17 14 -15 13 -15 13 -16 11 -15 12 -14 11 -14 11 -15 11 -13 0 0 12 -12 13 -13 11 -12 11 -11 9 -10 12 -9 11 -9 11 -9 11 -9 11 -8 14 -9 11 -8 13 -10 13 -8 16 -10 17 -7 20 -10 18 -8 21 -8 21 -9 22 -8 21 -8 24 -12 23 -12 25 -11 25 -12 0 0 0 0 0 0 0 0 0 0 ]
133,1783416213.488566,8.7126,-80,CSI_DATA,AP,98:F4:AB:29:67:94,-80,11,1,4,1,1,1,0,0,0,0,-96,0,6,1,51420144,0,84,0,0,51.8022,384,[84 -64 4 0 0 0 0 0 0 0 0 0 -7 -18 -6 -17 -6 -18 -8 -16 -6 -16 -7 -13 -6 -14 -8 -11 -5 -15 -7 -12 -6 -12 -7 -11 -7 -12 -4 -9 -6 -10 -7 -11 -5 -8 -7 -9 -7 -9 -4 -10 -5 -9 -5 -9 -4 -10 -4 -9 -7 -7 -4 -7 0 0 -4 -6 -3 -7 -3 -6 -4 -8 -1 -8 -2 -7 -2 -8 -2 -9 -3 -6 -2 -6 -3 -7 -3 -7 -2 -9 -3 -7 -4 -8 -2 -10 -3 -10 -2 -11 -1 -10 -2 -12 -2 -10 -2 -10 -4 -13 -4 -13 -3 -12 -2 -12 0 0 0 0 0 0 0 0 0 0 ]
134,1783416213.612803,9.0330,-80,CSI_DATA,AP,98:F4:AB:29:67:94,-80,11,1,4,1,1,1,0,0,0,0,-96,0,6,1,51509407,0,84,0,0,51.8914,384,[84 -64 4 0 0 0 0 0 0 0 0 0 1 -17 0 -15 3 -15 3 -15 3 -16 2 -12 2 -13 2 -13 1 -12 1 -11 1 -12 1 -13 0 -12 0 -11 -1 -10 -1 -9 0 -9 0 -10 1 -10 1 -7 0 -9 1 -8 -1 -8 2 -7 0 -9 0 -7 0 0 1 -6 1 -7 2 -7 1 -6 2 -5 2 -6 2 -7 2 -6 1 -6 1 -6 1 -6 1 -6 2 -8 2 -7 2 -6 3 -7 6 -8 4 -8 4 -9 2 -8 4 -8 5 -8 6 -9 5 -8 5 -9 5 -10 0 0 0 0 0 0 0 0 0 0 ]
135,1783416213.735520,8.4201,-80,CSI_DATA,AP,98:F4:AB:29:67:94,-80,11,1,4,1,1,1,0,0,0,0,-96,0,6,1,51599714,0,84,0,0,51.9817,384,[84 -64 4 0 0 0 0 0 0 0 0 0 -7 12 -8 11 -9 13 -8 12 -9 11 -8 10 -7 10 -8 11 -5 9 -6 9 -6 8 -4 8 -5 9 -5 9 -4 8 -3 10 -2 9 -3 9 -4 7 -3 6 -3 6 -3 9 -4 7 -3 6 -3 7 -2 6 0 0 -3 6 -2 4 -3 5 -3 4 -3 5 -4 4 -4 4 -3 4 -4 2 -2 3 -3 5 -4 5 -4 5 -4 6 -4 5 -5 5 -5 5 -5 5 -6 5 -7 5 -6 6 -5 7 -7 7 -6 7 -7 8 -7 9 0 0 0 0 0 0 0 0 0 0 ]
136,1783416213.859148,7.8896,-80,CSI_DATA,AP,98:F4:AB:29:67:94,-80,11,1,4,1,1,1,0,0,0,0,-96,0,6,1,51691649,0,84,0,0,52.0737,384,[84 -64 4 0 0 0 0 0 0 0 0 0 15 6 12 8 13 8 11 8 12 6 11 6 10 5 9 5 11 4 11 4 10 3 10 1 10 2 10 2 8 1 9 2 8 3 9 1 7 1 8 0 8 2 6 1 7 1 6 1 7 1 6 1 0 0 6 1 5 1 7 0 6 1 6 0 5 1 5 1 4 1 6 2 6 0 6 2 4 1 5 0 5 1 7 2 8 0 8 2 8 3 7 3 8 1 8 4 8 2 10 3 10 2 10 3 10 3 0 0 0 0 0 0 0 0 0 0 ]
137,1783416213.985179,7.9050,-80,CSI_DATA,AP,98:F4:AB:29:67:94,-80,11,1,4,1,1,1,0,0,0,0,-96,0,6,1,51779818,0,84,0,0,52.1619,384,[84 -64 4 0 0 0 0 0 0 0 0 0 7 -18 6 -15 7 -18 6 -16 8 -16 7 -14 6 -13 5 -12 5 -12 5 -12 2 -13 3 -10 3 -13 2 -13 2 -11 1 -10 2 -10 1 -9 2 -11 2 -9 0 -9 1 -10 0 -8 0 -8 0 -8 0 -8 0 0 -2 -7 0 -8 0 -8 0 -7 1 -7 1 -7 1 -7 -1 -7 1 -8 0 -6 -1 -6 -1 -7 0 -8 1 -7 1 -10 1 -9 2 -8 3 -8 3 -10 1 -11 3 -12 3 -12 1 -12 3 -12 0 -14 2 -12 0 0 0 0 0 0 0 0 0 0 ]
138,1783416214.108261,10.0693,-73,CSI_DATA,AP,98:F4:AB:29:67:94,-73,11,0,0,0,0,0,0,0,0,0,-96,0,6,1,51876420,0,84,0,0,52.259,128,[84 -64 4 0 0 0 0 0 0 0 0 0 -32 0 -31 1 -35 -1 -22 -4 -28 -7 -21 0 -20 1 -24 -4 -20 -4 -25 3 -17 5 -22 -4 -24 2 -21 6 -22 -1 -22 3 -25 1 -23 -2 -15 0 -16 7 -10 9 -14 3 -13 6 -17 8 -12 0 -16 -2 0 0 -12 3 -13 4 -13 2 -14 1 -11 2 -7 0 -14 0 -15 -5 -12 1 -13 3 -13 -4 -14 -3 -12 -1 -11 -3 -16 -3 -14 -3 -17 -6 -16 -3 -17 -2 -20 -2 -20 -5 -21 -4 -22 -7 -21 -8 -23 -4 -24 -5 0 0 0 0 0 0 0 0 0 0 ]
139,1783416214.232501,9.7645,-73,CSI_DATA,AP,98:F4:AB:29:67:94,-73,11,0,0,0,0,0,0,0,0,0,-96,0,6,1,51965771,0,84,0,0,52.3479,128,[84 -64 4 0 0 0 0 0 0 0 0 0 23 -31 29 -24 25 -26 28 -23 26 -22 16 -21 22 -24 17 -14 22 -24 9 -17 14 -19 16 -23 18 -24 16 -17 11 -21 9 -25 13 -27 11 -25 6 -18 12 -22 9 -23 4 -19 10 -20 3 -16 2 -16 7 -12 0 0 7 -16 6 -17 7 -16 7 -14 6 -14 3 -15 3 -12 5 -12 4 -12 4 -13 5 -14 6 -15 6 -15 8 -15 8 -16 10 -16 10 -18 8 -17 11 -17 11 -18 12 -20 11 -19 12 -21 11 -23 10 -23 12 -23 0 0 0 0 0 0 0 0 0 0 ]
140,1783416214.356255,12.6143,-74,CSI_DATA,AP,98:F4:AB:29:67:94,-74,11,0,0,0,0,0,0,0,0,0,-96,0,6,1,52058681,0,84,0,0,52.4409,128,[84 -64 4 0 0 0 0 0 0 0 0 0 29 25 26 21 29 23 23 22 24 22 18 17 22 19 17 18 20 15 21 15 19 16 22 13 21 15 19 11 18 9 22 11 16 9 18 9 15 7 16 9 15 8 15 9 15 8 14 8 13 6 12 8 0 0 12 7 14 6 10 7 12 8 9 6 11 7 9 8 10 7 10 8 11 10 10 9 9 10 11 10 9 11 12 11 10 13 14 16 11 14 12 16 12 15 12 18 13 16 14 18 16 19 14 19 14 18 0 0 0 0 0 0 0 0 0 0 ]
141,1783416214.478143,10.9905,-80,CSI_DATA,AP,98:F4:AB:29:67:94,-80,11,1,4,1,1,1,0,0,0,0,-96,0,6,1,52140175,0,84,0,0,52.5222,384,[84 -64 4 0 0 0 0 0 0 0 0 0 18 -4 16 -3 17 -2 17 -2 16 -3 13 -2 14 -3 13 -1 12 -2 12 -3 11 -3 10 -3 10 -5 10 -4 11 -2 10 -3 10 -4 9 -3 9 -3 8 -3 8 -3 9 -3 7 -4 7 -4 8 -3 7 -2 0 0 7 -3 8 -2 6 -3 7 -2 5 -4 7 0 7 -1 5 -2 5 0 6 -1 5 -2 4 -1 6 -2 7 1 9 -1 8 0 10 0 9 -1 10 1 10 1 11 2 10 1 11 0 11 -1 12 0 12 0 0 0 0 0 0 0 0 0 0 0 ]
142,1783416214.598909,9.4165,-80,CSI_DATA,AP,98:F4:AB:29:67:94,-80,11,1,4,1,1,1,0,0,0,0,-96,0,6,1,52229407,0,84,0,0,52.6113,384,[84 -64 4 0 0 0 0 0 0 0 0 0 5 17 5 16 4 16 7 14 5 16 4 14 7 12 4 12 4 10 3 11 4 11 6 10 4 9 4 10 5 10 6 9 4 8 4 8 4 9 5 7 5 7 3 8 2 9 4 7 3 7 1 8 0 0 2 6 3 7 1 6 2 7 1 6 0 7 -1 6 0 5 1 7 1 6 0 6 -1 6 0 6 -1 8 -2 8 -1 8 -1 9 -2 10 0 9 -2 9 -2 11 -2 11 -3 12 -2 11 -3 11 -3 13 0 0 0 0 0 0 0 0 0 0 ]
143,1783416214.723151,8.5092,-80,CSI_DATA,AP,98:F4:AB:29:67:94,-80,11,1,4,1,1,1,0,0,0,0,-96,0,6,1,52320385,0,84,0,0,52.7024,384,[84 -64 4 0 0 0 0 0 0 0 0 0 8 16 6 17 5 15 7 15 6 16 4 13 4 13 3 12 6 11 4 11 7 9 3 11 6 12 6 11 7 9 7 10 4 10 5 7 5 8 4 8 4 8 4 8 4 8 3 6 4 7 3 6 0 0 4 6 3 7 2 4 3 6 2 5 0 6 2 7 2 6 2 6 2 6 2 6 0 5 2 8 3 8 1 10 0 8 4 8 1 8 0 9 1 9 0 10 2 10 2 10 2 11 2 13 3 13 0 0 0 0 0 0 0 0 0 0 ]
144,1783416214.844726,8.7755,-80,CSI_DATA,AP,98:F4:AB:29:67:94,-80,11,1,4,1,1,1,0,0,0,0,-96,0,6,1,52411132,0,84,0,0,52.7932,384,[84 -64 4 0 0 0 0 0 0 0 0 0 3 -20 1 -18 3 -16 3 -16 3 -15 1 -15 4 -14 4 -14 2 -15 3 -14 1 -13 2 -14 0 -14 3 -12 2 -10 -1 -14 0 -12 0 -11 0 -9 2 -11 1 -10 2 -9 1 -10 0 -9 2 -10 2 -8 0 0 3 -7 1 -8 2 -6 2 -7 3 -7 2 -6 2 -7 3 -6 2 -6 1 -7 3 -6 2 -6 4 -7 4 -7 4 -7 2 -8 5 -10 4 -8 7 -8 5 -9 6 -7 7 -10 8 -10 8 -9 8 -11 4 -9 0 0 0 0 0 0 0 0 0 0 ]
145,1783416214.967863,7.1400,-78,CSI_DATA,AP,98:F4:AB:29:67:94,-78,11,1,2,1,1,1,0,0,0,0,-96,0,6,1,52505223,0,84,0,0,52.8873,384,[84 -64 4 0 0 0 0 0 0 0 0 0 0 17 0 14 -1 17 0 15 0 16 -1 13 0 14 -1 14 0 11 -1 11 1 11 1 12 0 11 0 11 -1 10 0 11 0 9 2 9 0 8 1 9 -1 9 0 8 -1 8 1 7 -1 7 -1 7 0 0 -2 7 0 7 -1 7 0 5 -2 6 -2 6 -1 5 -3 5 -2 6 -4 5 -2 7 -3 6 -3 6 -4 6 -3 7 -3 6 -5 9 -4 7 -4 7 -6 7 -5 7 -5 9 -6 9 -6 9 -6 9 -6 11 0 0 0 0 0 0 0 0 0 0 ]
146,1783416215.090525,7.4452,-80,CSI_DATA,AP,98:F4:AB:29:67:94,-80,11,1,4,1,1,1,0,0,0,0,-96,0,6,1,52593766,0,84,0,0,52.9758,384,[84 -64 4 0 0 0 0 0 0 0 0 0 -17 -9 -14 -9 -16 -11 -14 -9 -14 -9 -14 -9 -12 -8 -10 -10 -12 -7 -11 -7 -12 -6 -10 -5 -12 -6 -12 -6 -10 -7 -10 -2 -9 -4 -11 -4 -10 -3 -10 -4 -9 -4 -10 -4 -8 -4 -8 -2 -8 -4 -11 -3 0 0 -7 -4 -7 -3 -8 -3 -8 -3 -8 -3 -7 -4 -6 -3 -6 -4 -5 -4 -6 -3 -8 -3 -6 -4 -6 -4 -6 -3 -10 -4 -7 -5 -9 -7 -8 -6 -9 -6 -9 -6 -9 -7 -9 -6 -10 -7 -12 -7 -9 -9 -10 -7 0 0 0 0 0 0 0 0 0 0 ]
147,1783416215.212205,7.5210,-80,CSI_DATA,AP,98:F4:AB:29:67:94,-80,11,1,4,1,1,1,0,0,0,0,-96,0,6,1,52680755,0,84,0,0,53.0628,384,[84 -64 4 0 0 0 0 0 0 0 0 0 -16 10 -16 10 -18 8 -15 9 -13 10 -13 7 -13 8 -12 7 -11 6 -12 8 -9 7 -12 7 -10 8 -8 9 -9 8 -8 8 -9 5 -7 6 -7 5 -6 6 -7 6 -6 6 -7 6 -7 6 -6 5 -7 5 0 0 -5 4 -6 4 -5 4 -5 4 -6 3 -6 2 -6 4 -6 3 -7 5 -6 4 -4 3 -6 4 -8 4 -7 3 -8 5 -9 3 -8 3 -9 4 -10 4 -11 3 -10 5 -10 4 -11 4 -12 5 -12 5 -14 5 0 0 0 0 0 0 0 0 0 0 ]
148,1783416215.337115,8.9418,-80,CSI_DATA,AP,98:F4:AB:29:67:94,-80,11,1,4,1,1,1,0,0,0,0,-96,0,6,1,52769468,0,84,0,0,53.1515,384,[84 -64 4 0 0 0 0 0 0 0 0 0 12 -17 10 -13 12 -15 11 -13 11 -12 11 -10 8 -11 8 -12 6 -13 6 -10 7 -10 6 -10 6 -9 5 -11 4 -8 7 -10 4 -11 6 -10 4 -9 5 -7 5 -8 4 -10 2 -8 4 -8 5 -8 4 -8 0 0 5 -6 4 -6 4 -6 4 -5 3 -3 5 -4 4 -5 5 -5 5 -6 3 -4 4 -6 4 -4 5 -4 6 -3 5 -6 7 -6 8 -6 6 -5 7 -7 8 -6 7 -6 8 -6 9 -6 9 -6 11 -7 9 -6 0 0 0 0 0 0 0 0 0 0 ]
149,1783416215.458577,8.6588,-80,CSI_DATA,AP,98:F4:AB:29:67:94,-80,11,1,4,1,1,1,0,0,0,0,-96,0,6,1,52861900,0,84,0,0,53.244,384,[84 -64 4 0 0 0 0 0 0 0 0 0 -6 18 -7 16 -8 16 -6 13 -5 16 -6 12 -5 12 -4 12 -2 13 -4 14 -4 12 -1 12 -1 11 -1 10 -1 11 -1 12 0 12 0 12 -1 10 -3 10 -1 10 1 9 -1 8 -1 8 -1 8 -1 7 0 0 0 7 -2 8 -1 8 -1 7 -1 6 -2 7 -2 6 -2 6 -3 7 -1 5 -2 6 -3 6 -2 7 -2 7 -3 9 -2 7 -4 10 -4 9 -3 9 -3 9 -3 11 -3 10 -4 10 -3 10 -3 11 -4 13 0 0 0 0 0 0 0 0 0 0 ]
150,1783416215.580496,9.6503,-79,CSI_DATA,AP,98:F4:AB:29:67:94,-79,11,1,2,1,1,1,0,0,0,0,-96,0,6,1,52955354,0,84,0,0,53.3374,384,[84 -64 4 0 0 0 0 0 0 0 0 0 -17 -7 -16 -6 -16 -6 -14 -7 -15 -5 -13 -5 -12 -5 -13 -5 -12 -4 -13 -4 -13 -3 -12 -4 -12 -4 -12 -4 -12 -3 -11 -4 -11 -3 -10 -3 -9 -3 -9 -3 -9 -3 -9 -3 -8 -2 -8 -3 -9 -2 -7 -3 0 0 -7 -3 -6 -3 -5 -2 -7 -3 -6 -3 -4 -4 -6 -3 -5 -3 -5 -4 -6 -4 -5 -3 -5 -3 -5 -3 -6 -5 -7 -6 -7 -6 -6 -5 -7 -6 -7 -7 -7 -7 -7 -9 -6 -8 -7 -8 -8 -8 -9 -8 -9 -9 0 0 0 0 0 0 0 0 0 0 ]
151,1783416215.703486,9.2735,-80,CSI_DATA,AP,98:F4:AB:29:67:94,-80,11,1,4,1,1,1,0,0,0,0,-96,0,6,1,53042699,0,84,0,0,53.4247,384,[84 -64 4 0 0 0 0 0 0 0 0 0 -7 -19 -6 -17 -5 -17 -4 -18 -5 -16 -5 -14 -4 -13 -5 -12 -6 -14 -6 -11 -6 -13 -7 -11 -5 -12 -7 -12 -7 -11 -5 -11 -5 -10 -5 -8 -5 -9 -6 -9 -6 -10 -5 -10 -3 -8 -4 -8 -5 -8 -4 -8 0 0 -3 -5 -4 -6 -4 -9 -3 -9 -2 -8 -3 -6 -1 -6 -2 -7 -2 -7 -3 -6 -3 -7 -3 -8 -2 -7 -1 -8 -1 -9 -3 -8 -3 -11 -2 -9 0 -9 -2 -11 -2 -12 -1 -11 0 -11 -2 -14 -2 -12 -3 -11 0 0 0 0 0 0 0 0 0 0 ]
152,1783416215.826981,8.9097,-80,CSI_DATA,AP,98:F4:AB:29:67:94,-80,11,1,4,1,1,1,0,0,0,0,-96,0,6,1,53133498,0,84,0,0,53.5155,384,[84 -64 4 0 0 0 0 0 0 0 0 0 3 17 3 16 1 18 2 16 2 17 0 14 1 15 3 16 2 14 1 12 3 12 4 13 3 12 4 10 3 10 4 10 4 10 5 10 2 9 2 8 4 8 1 8 0 9 2 8 3 8 2 6 0 0 0 5 2 5 2 6 1 7 0 5 1 6 -2 5 -2 6 1 7 0 5 0 6 1 6 0 6 0 7 0 8 1 7 0 8 -1 8 -1 8 1 9 1 10 0 11 -1 9 0 10 0 12 0 12 0 0 0 0 0 0 0 0 0 0 ]
153,1783416215.950197,7.5708,-78,CSI_DATA,AP,98:F4:AB:29:67:94,-78,11,1,2,1,1,1,0,0,0,0,-96,0,6,1,53221770,0,84,0,0,53.6038,384,[84 -64 4 0 0 0 0 0 0 0 0 0 10 14 10 13 8 12 8 11 8 10 7 11 6 10 7 11 6 10 5 9 8 9 7 8 7 8 7 8 7 9 8 9 7 8 6 6 5 6 5 6 4 6 4 6 5 6 4 5 4 5 5 7 0 0 3 4 5 5 4 5 3 5 2 4 1 4 0 6 2 6 2 6 2 5 2 5 2 5 2 6 2 7 3 6 3 7 2 8 3 8 3 9 3 9 2 9 2 8 4 9 3 9 2 10 4 11 0 0 0 0 0 0 0 0 0 0 ]
154,1783416216.072221,8.3622,-80,CSI_DATA,AP,98:F4:AB:29:67:94,-80,11,1,4,1,1,1,0,0,0,0,-96,0,6,1,53311345,0,84,0,0,53.6934,384,[84 -64 4 0 0 0 0 0 0 0 0 0 15 -11 16 -10 15 -9 14 -9 13 -9 11 -8 11 -9 12 -8 10 -9 10 -8 9 -9 9 -10 10 -9 8 -9 8 -10 7 -9 6 -7 6 -7 6 -7 9 -7 7 -6 6 -8 7 -6 6 -6 6 -7 5 -6 0 0 5 -6 4 -6 6 -6 6 -5 5 -3 5 -4 4 -5 4 -2 5 -5 4 -3 5 -4 6 -4 7 -5 8 -5 7 -5 7 -5 8 -5 6 -4 9 -5 8 -4 8 -5 8 -5 10 -6 10 -6 11 -7 11 -6 0 0 0 0 0 0 0 0 0 0 ]
155,1783416216.193366,7.6756,-79,CSI_DATA,AP,98:F4:AB:29:67:94,-79,11,1,2,1,1,1,0,0,0,0,-96,0,6,1,53406522,0,84,0,0,53.7886,384,[84 -64 4 0 0 0 0 0 0 0 0 0 -15 11 -14 9 -14 10 -14 8 -13 8 -11 7 -11 9 -10 8 -10 7 -9 5 -10 7 -9 6 -9 8 -9 8 -8 6 -8 8 -7 7 -5 7 -7 6 -7 6 -6 5 -6 5 -6 5 -7 6 -6 5 -5 5 0 0 -7 4 -6 5 -7 4 -5 2 -7 3 -5 3 -6 2 -7 2 -6 3 -5 2 -7 2 -5 3 -6 2 -5 3 -8 3 -7 4 -9 3 -9 2 -10 3 -10 4 -9 2 -11 4 -12 4 -12 5 -11 3 -11 4 0 0 0 0 0 0 0 0 0 0 ]
156,1783416216.317771,8.1283,-81,CSI_DATA,AP,98:F4:AB:29:67:94,-81,11,1,4,1,1,1,0,0,0,0,-96,0,6,1,53490058,0,84,0,0,53.8721,384,[84 -64 4 0 0 0 0 0 0 0 0 0 1 19 0 16 0 17 0 17 -1 12 -1 14 0 12 1 13 4 12 1 13 1 11 3 10 2 13 1 11 2 10 4 11 3 10 2 9 4 9 3 9 2 10 3 8 2 8 2 8 3 8 3 8 0 0 2 8 1 7 0 7 1 7 1 6 1 7 2 6 -1 6 1 5 1 5 -1 5 0 7 1 7 0 8 1 8 1 8 0 9 0 9 -2 8 -1 10 -2 10 0 11 -2 9 0 10 -1 11 -1 13 0 0 0 0 0 0 0 0 0 0 ]
157,1783416216.439713,8.2669,-74,CSI_DATA,AP,98:F4:AB:29:67:94,-74,11,0,0,0,0,0,0,0,0,0,-96,0,6,1,53585205,0,84,0,0,53.9673,128,[84 -64 4 0 0 0 0 0 0 0 0 0 -21 30 -21 24 -20 28 -21 27 -19 24 -18 20 -18 21 -17 20 -18 19 -13 19 -12 20 -11 23 -13 22 -13 21 -12 19 -12 19 -12 19 -11 16 -11 16 -11 15 -13 14 -9 14 -8 14 -9 16 -9 15 -8 14 0 0 -11 11 -12 11 -10 12 -9 11 -10 9 -11 9 -12 8 -10 7 -10 9 -9 8 -11 9 -11 8 -11 9 -14 7 -15 8 -16 9 -17 10 -16 7 -20 8 -19 6 -21 8 -21 9 -21 10 -23 12 -21 11 -22 12 0 0 0 0 0 0 0 0 0 0 ]
158,1783416216.561255,9.1697,-80,CSI_DATA,AP,98:F4:AB:29:67:94,-80,11,1,4,1,1,1,0,0,0,0,-96,0,6,1,53674608,0,84,0,0,54.0567,384,[84 -64 4 0 0 0 0 0 0 0 0 0 2 17 1 16 1 16 1 14 2 16 1 15 2 15 1 14 1 13 2 11 3 11 2 13 3 11 4 13 2 10 3 10 1 9 3 11 3 8 0 8 1 7 2 10 1 8 1 8 3 9 2 7 0 0 2 7 1 7 -1 7 1 7 0 7 -1 5 -1 7 -2 5 -1 5 -1 6 0 6 -1 6 -2 6 -2 7 -2 8 -1 8 -2 8 -2 9 -2 9 -4 8 -4 10 -2 9 -2 11 -1 10 -3 10 -3 11 0 0 0 0 0 0 0 0 0 0 ]
159,1783416216.683976,7.5625,-78,CSI_DATA,AP,98:F4:AB:29:67:94,-78,11,1,2,1,1,1,0,0,0,0,-96,0,6,1,53763307,0,84,0,0,54.1453,384,[84 -64 4 0 0 0 0 0 0 0 0 0 15 4 13 3 16 4 14 2 14 3 11 5 12 3 12 3 12 3 11 2 12 2 12 3 10 2 10 2 11 1 9 1 9 1 9 0 9 1 9 1 9 1 9 1 8 2 7 2 6 1 7 1 0 0 8 1 6 2 6 2 6 2 5 2 6 3 5 2 4 3 4 3 5 4 6 3 4 3 4 3 4 2 5 4 6 5 5 4 7 6 7 5 6 7 7 8 7 7 7 7 8 6 10 8 8 7 0 0 0 0 0 0 0 0 0 0 ]
160,1783416216.807581,7.6945,-80,CSI_DATA,AP,98:F4:AB:29:67:94,-80,11,1,4,1,1,1,0,0,0,0,-96,0,6,1,53851878,0,84,0,0,54.234,384,[84 -64 4 0 0 0 0 0 0 0 0 0 -10 17 -8 16 -10 16 -9 13 -8 14 -9 11 -9 14 -7 12 -7 10 -7 11 -6 11 -6 12 -6 12 -5 10 -6 9 -6 10 -5 10 -6 9 -5 8 -4 8 -5 8 -5 7 -4 8 -3 6 -5 6 -5 6 0 0 -6 6 -4 6 -5 5 -5 4 -5 5 -5 3 -6 4 -6 2 -5 4 -6 5 -5 5 -7 4 -6 4 -6 3 -6 5 -6 5 -9 3 -8 5 -8 5 -10 4 -9 4 -9 6 -10 5 -11 5 -11 7 -11 7 0 0 0 0 0 0 0 0 0 0 ]
161,1783416216.929193,6.8385,-80,CSI_DATA,AP,98:F4:AB:29:67:94,-80,11,1,4,1,1,1,0,0,0,0,-96,0,6,1,53940662,0,84,0,0,54.3227,384,[84 -64 4 0 0 0 0 0 0 0 0 0 12 11 10 11 10 10 10 9 10 9 10 8 8 9 9 9 7 8 8 7 8 7 7 6 8 4 6 6 7 6 7 7 8 5 7 5 7 4 5 5 6 4 6 5 6 5 6 5 4 5 5 5 0 0 4 5 3 4 3 4 4 5 3 5 2 4 3 5 1 4 3 4 3 5 2 5 1 5 3 5 3 5 3 6 3 7 3 8 4 7 3 8 3 7 2 9 2 9 4 10 4 9 4 10 4 9 0 0 0 0 0 0 0 0 0 0 ]
162,1783416217.053814,8.2511,-79,CSI_DATA,AP,98:F4:AB:29:67:94,-79,11,1,4,1,1,1,0,0,0,0,-96,0,6,1,54029442,0,84,0,0,54.4115,384,[84 -64 4 0 0 0 0 0 0 0 0 0 -3 18 -3 18 -2 17 -2 15 -3 18 0 14 -1 15 -3 12 -2 13 -2 13 -1 12 -1 11 -1 12 -1 12 0 9 -1 13 -1 12 -1 10 -2 8 -1 10 -1 7 -1 9 0 7 -1 8 -1 10 -2 7 0 0 -2 7 -3 8 -3 7 -2 6 -2 6 -3 3 -3 7 -3 5 -2 4 -3 5 -4 6 -4 6 -4 5 -5 6 -5 7 -5 9 -5 8 -5 8 -6 8 -6 7 -8 9 -4 9 -7 9 -8 10 -7 9 -8 10 0 0 0 0 0 0 0 0 0 0 ]
163,1783416217.177355,7.5108,-78,CSI_DATA,AP,98:F4:AB:29:67:94,-78,11,1,2,1,1,1,0,0,0,0,-96,0,6,1,54122860,0,84,0,0,54.5049,384,[84 -64 4 0 0 0 0 0 0 0 0 0 10 12 7 11 8 11 6 12 8 11 7 9 7 10 5 9 7 8 6 9 7 9 7 7 6 6 7 7 5 6 6 6 7 5 6 7 6 6 5 6 5 5 5 5 5 6 4 5 5 5 5 5 0 0 4 4 5 5 4 6 3 4 3 3 2 3 2 4 2 4 3 4 3 3 3 5 2 4 3 5 3 4 4 7 4 6 3 8 4 7 4 8 4 5 4 9 3 8 4 9 4 8 5 8 5 9 0 0 0 0 0 0 0 0 0 0 ]
164,1783416217.299008,9.1753,-80,CSI_DATA,AP,98:F4:AB:29:67:94,-80,11,1,4,1,1,1,0,0,0,0,-96,0,6,1,54211759,0,84,0,0,54.5938,384,[84 -64 4 0 0 0 0 0 0 0 0 0 -11 -16 -13 -17 -12 -16 -10 -14 -9 -17 -9 -13 -9 -13 -8 -12 -10 -10 -9 -12 -7 -12 -7 -11 -8 -9 -10 -10 -8 -10 -7 -8 -10 -8 -6 -7 -8 -7 -7 -8 -7 -8 -6 -8 -6 -8 -5 -8 -6 -8 -7 -7 0 0 -6 -9 -6 -6 -4 -7 -4 -7 -5 -7 -4 -7 -3 -7 -4 -7 -1 -8 -4 -7 -4 -8 -4 -7 -3 -7 -4 -9 -4 -9 -4 -9 -3 -10 -3 -10 -3 -11 -3 -11 -3 -10 -4 -11 -3 -14 -4 -11 -5 -12 -3 -12 0 0 0 0 0 0 0 0 0 0 ]
165,1783416217.422136,8.7755,-80,CSI_DATA,AP,98:F4:AB:29:67:94,-80,11,1,4,1,1,1,0,0,0,0,-96,0,6,1,54300744,0,84,0,0,54.6828,384,[84 -64 4 0 0 0 0 0 0 0 0 0 2 19 -1 16 0 19 -3 15 0 17 -1 13 -1 15 -1 14 0 13 -2 13 0 14 2 12 0 14 -1 10 -1 11 1 13 2 12 1 11 0 10 0 10 -1 10 1 9 0 9 1 8 0 8 2 8 0 0 0 8 0 8 -1 6 -1 7 -1 7 -1 6 -2 6 -2 8 -1 6 -3 7 -1 6 -2 8 -2 6 -2 7 -4 8 -2 8 -5 9 -4 8 -3 9 -6 9 -6 8 -5 11 -5 12 -5 12 -4 11 -5 13 0 0 0 0 0 0 0 0 0 0 ]
166,1783416217.544641,8.9597,-80,CSI_DATA,AP,98:F4:AB:29:67:94,-80,11,1,4,1,1,1,0,0,0,0,-96,0,6,1,54393909,0,84,0,0,54.7759,384,[84 -64 4 0 0 0 0 0 0 0 0 0 -14 -10 -13 -9 -14 -10 -11 -9 -12 -8 -12 -8 -12 -8 -11 -7 -11 -6 -11 -8 -10 -5 -11 -6 -11 -4 -11 -5 -11 -4 -11 -5 -9 -3 -10 -3 -9 -3 -8 -4 -8 -2 -9 -3 -8 -3 -8 -3 -8 -3 -8 -4 0 0 -8 -2 -6 -3 -6 -2 -6 -3 -6 -2 -5 -4 -6 -2 -6 -4 -4 -4 -6 -3 -6 -4 -6 -4 -6 -4 -7 -3 -6 -4 -8 -4 -9 -5 -8 -5 -9 -5 -8 -4 -8 -5 -9 -6 -9 -6 -9 -6 -9 -5 -10 -7 0 0 0 0 0 0 0 0 0 0 ]
167,1783416217.665480,8.0761,-79,CSI_DATA,AP,98:F4:AB:29:67:94,-79,11,1,4,1,1,1,0,0,0,0,-96,0,6,1,54482596,0,84,0,0,54.8645,384,[84 -64 4 0 0 0 0 0 0 0 0 0 -14 11 -13 8 -13 9 -11 8 -11 10 -10 6 -10 8 -10 6 -8 7 -9 7 -9 7 -9 7 -9 6 -8 8 -9 6 -8 8 -7 8 -6 8 -7 5 -7 5 -6 6 -6 6 -6 6 -6 6 -5 5 -5 5 0 0 -5 4 -6 5 -5 3 -5 3 -5 3 -4 4 -5 3 -6 2 -5 3 -6 3 -6 4 -6 3 -7 3 -7 3 -7 4 -6 4 -8 4 -8 4 -9 3 -9 5 -9 3 -9 5 -10 4 -10 5 -9 5 -11 5 0 0 0 0 0 0 0 0 0 0 ]
168,1783416217.790762,8.7421,-80,CSI_DATA,AP,98:F4:AB:29:67:94,-80,11,1,4,1,1,1,0,0,0,0,-96,0,6,1,54570729,0,84,0,0,54.9528,384,[84 -64 4 0 0 0 0 0 0 0 0 0 -17 -12 -16 -9 -14 -10 -18 -10 -14 -10 -13 -8 -13 -8 -13 -8 -14 -9 -12 -9 -13 -8 -12 -7 -11 -6 -12 -6 -11 -4 -12 -6 -13 -5 -11 -6 -10 -3 -11 -5 -9 -6 -10 -4 -10 -5 -9 -5 -8 -5 -7 -4 0 0 -8 -4 -8 -6 -7 -4 -6 -6 -5 -3 -5 -7 -6 -5 -5 -5 -6 -3 -7 -5 -4 -5 -5 -5 -5 -6 -5 -7 -6 -6 -7 -8 -7 -10 -7 -10 -6 -10 -6 -9 -6 -9 -7 -10 -9 -9 -8 -11 -8 -10 -10 -12 0 0 0 0 0 0 0 0 0 0 ]
169,1783416217.911728,9.1559,-80,CSI_DATA,AP,98:F4:AB:29:67:94,-80,11,1,4,1,1,1,0,0,0,0,-96,0,6,1,54659470,0,84,0,0,55.0415,384,[84 -64 4 0 0 0 0 0 0 0 0 0 4 -17 5 -16 4 -17 1 -16 3 -14 5 -13 3 -13 3 -12 1 -12 3 -12 1 -12 0 -11 0 -11 1 -12 2 -11 -1 -10 0 -9 0 -11 2 -9 1 -8 0 -9 1 -8 0 -9 1 -8 -1 -10 1 -10 0 0 0 -8 1 -6 0 -6 2 -7 2 -6 0 -7 1 -6 1 -6 1 -6 0 -6 1 -5 1 -6 3 -8 3 -8 2 -8 2 -9 3 -8 3 -8 4 -9 4 -10 3 -10 4 -10 4 -10 4 -12 4 -11 4 -11 0 0 0 0 0 0 0 0 0 0 ]
170,1783416218.036282,8.5803,-80,CSI_DATA,AP,98:F4:AB:29:67:94,-80,11,1,4,1,1,1,0,0,0,0,-96,0,6,1,54749528,0,84,0,0,55.1316,384,[84 -64 4 0 0 0 0 0 0 0 0 0 -11 14 -10 12 -11 11 -12 11 -11 9 -10 10 -9 9 -8 9 -7 10 -9 8 -6 7 -6 10 -7 9 -7 9 -6 7 -5 9 -5 8 -5 7 -5 7 -4 7 -5 7 -5 6 -4 7 -5 7 -5 6 -3 6 0 0 -4 5 -4 5 -5 3 -4 6 -4 4 -4 5 -5 4 -4 3 -3 4 -3 4 -4 5 -4 4 -5 5 -5 6 -6 6 -6 6 -7 6 -7 6 -7 6 -6 6 -8 6 -8 7 -8 7 -8 7 -8 8 -9 8 0 0 0 0 0 0 0 0 0 0 ]
171,1783416218.258264,8.2618,-80,CSI_DATA,AP,98:F4:AB:29:67:94,-80,11,1,4,1,1,1,0,0,0,0,-96,0,6,1,54839825,0,84,0,0,55.2219,384,[84 -64 4 0 0 0 0 0 0 0 0 0 -2 15 -2 14 -4 15 -2 13 -3 14 -2 12 -1 12 -3 11 -2 12 -3 12 -1 12 -1 11 -2 9 -1 10 -1 9 -1 10 1 8 -1 7 -2 8 -2 8 -2 6 -2 6 -3 7 -1 7 -2 8 -1 7 0 0 -2 6 -2 7 -2 5 -1 6 -2 7 -2 5 -4 5 -4 6 -4 5 -3 6 -4 6 -4 5 -4 5 -5 5 -5 6 -5 7 -6 8 -6 6 -6 6 -7 7 -6 7 -7 7 -8 8 -7 8 -7 8 -7 9 0 0 0 0 0 0 0 0 0 0 ]
172,1783416218.390489,7.1562,-80,CSI_DATA,AP,98:F4:AB:29:67:94,-80,11,1,4,1,1,1,0,0,0,0,-96,0,6,1,54933327,0,84,0,0,55.3154,384,[84 -64 4 0 0 0 0 0 0 0 0 0 3 16 4 14 3 14 2 14 2 14 2 13 3 13 2 12 3 11 2 10 2 10 1 11 2 10 2 10 1 9 3 11 3 10 3 10 2 8 3 8 1 7 1 7 0 8 1 6 0 6 1 6 0 0 0 5 0 7 0 6 -1 7 0 5 -3 5 -2 5 -3 5 -2 5 -1 5 -2 5 -2 6 -3 6 -2 6 -3 6 -3 7 -4 8 -3 7 -3 7 -5 8 -6 8 -6 10 -6 8 -8 9 -5 10 -6 9 0 0 0 0 0 0 0 0 0 0 ]
173,1783416218.524575,7.2193,-73,CSI_DATA,AP,98:F4:AB:29:67:94,-73,11,0,0,0,0,0,0,0,0,0,-96,0,6,1,55025738,0,84,0,0,55.4079,128,[84 -64 4 0 0 0 0 0 0 0 0 0 28 27 20 28 30 25 24 29 20 30 19 28 22 22 18 23 14 22 15 23 20 17 25 14 17 16 22 19 20 6 12 11 11 10 18 6 22 4 11 13 8 15 13 6 9 9 12 7 12 12 10 7 0 0 11 8 13 9 8 10 11 9 6 7 11 9 10 9 7 12 8 10 8 9 9 11 8 10 9 11 9 11 11 13 10 15 11 16 11 14 10 17 8 16 10 19 11 18 11 20 15 21 14 20 15 21 0 0 0 0 0 0 0 0 0 0 ]
174,1783416218.656093,7.2209,-80,CSI_DATA,AP,98:F4:AB:29:67:94,-80,11,1,4,1,1,1,0,0,0,0,-96,0,6,1,55112547,0,84,0,0,55.4946,384,[84 -64 4 0 0 0 0 0 0 0 0 0 10 -13 9 -12 10 -11 10 -11 9 -11 8 -11 7 -9 8 -10 6 -9 7 -9 6 -9 5 -12 5 -11 5 -10 4 -9 4 -9 4 -9 4 -8 4 -7 4 -9 4 -8 3 -8 5 -6 4 -7 4 -6 3 -6 0 0 4 -5 4 -7 4 -5 4 -5 3 -4 5 -5 5 -4 4 -5 4 -4 4 -3 4 -5 4 -4 5 -4 6 -5 5 -4 6 -3 6 -5 6 -5 8 -6 7 -4 7 -6 9 -6 9 -6 9 -7 9 -7 9 -6 0 0 0 0 0 0 0 0 0 0 ]
175,1783416218.783615,8.1293,-80,CSI_DATA,AP,98:F4:AB:29:67:94,-80,11,1,4,1,1,1,0,0,0,0,-96,0,6,1,55201313,0,84,0,0,55.5832,384,[84 -64 4 0 0 0 0 0 0 0 0 0 17 10 14 9 14 10 15 8 14 8 12 8 11 7 13 7 10 5 11 7 10 8 12 6 10 5 9 4 8 6 9 4 9 5 9 4 8 4 7 5 8 4 8 6 7 4 6 5 8 5 7 3 0 0 6 2 6 3 5 5 5 3 4 5 5 5 4 4 4 4 4 3 5 4 5 5 4 2 5 5 5 6 4 8 6 6 5 7 6 7 5 9 8 8 4 9 6 9 5 9 6 9 7 11 8 10 0 0 0 0 0 0 0 0 0 0 ]
176,1783416218.910628,7.4379,-79,CSI_DATA,AP,98:F4:AB:29:67:94,-79,11,1,4,1,1,1,0,0,0,0,-96,0,6,1,55292424,0,84,0,0,55.6745,384,[84 -64 4 0 0 0 0 0 0 0 0 0 -8 -16 -6 -15 -7 -16 -5 -15 -5 -15 -5 -14 -5 -12 -5 -11 -5 -12 -7 -11 -6 -10 -6 -11 -6 -11 -6 -9 -7 -6 -7 -10 -5 -8 -7 -9 -7 -7 -6 -7 -6 -7 -5 -7 -6 -7 -5 -6 -3 -6 -5 -6 0 0 -6 -6 -4 -6 -3 -7 -5 -6 -4 -5 -4 -6 -3 -4 -1 -6 -4 -5 -4 -6 -3 -6 -3 -7 -4 -7 -2 -6 -4 -6 -4 -7 -3 -8 -4 -9 -4 -9 -4 -10 -3 -11 -6 -8 -4 -12 -4 -10 -6 -11 -5 -12 0 0 0 0 0 0 0 0 0 0 ]
177,1783416219.038780,6.9317,-79,CSI_DATA,AP,98:F4:AB:29:67:94,-79,11,1,4,1,1,1,0,0,0,0,-96,0,6,1,55385006,0,84,0,0,55.767,384,[84 -64 4 0 0 0 0 0 0 0 0 0 -15 -10 -14 -9 -14 -9 -12 -9 -12 -9 -11 -8 -10 -8 -10 -8 -11 -7 -9 -7 -8 -8 -10 -7 -10 -5 -10 -6 -9 -5 -11 -7 -10 -3 -10 -5 -8 -5 -8 -5 -7 -5 -7 -4 -6 -5 -7 -4 -6 -3 -6 -4 0 0 -6 -5 -6 -6 -6 -5 -6 -4 -5 -4 -6 -5 -5 -5 -4 -4 -5 -6 -5 -5 -5 -5 -5 -5 -7 -5 -5 -6 -7 -5 -7 -7 -5 -7 -6 -7 -6 -7 -6 -8 -7 -10 -7 -8 -7 -8 -8 -8 -9 -10 -9 -8 0 0 0 0 0 0 0 0 0 0 ]
178,1783416219.164845,8.3790,-80,CSI_DATA,AP,98:F4:AB:29:67:94,-80,11,1,4,1,1,1,0,0,0,0,-96,0,6,1,55470249,0,84,0,0,55.8523,384,[84 -64 4 0 0 0 0 0 0 0 0 0 1 -18 1 -16 1 -16 1 -15 2 -14 1 -14 2 -10 1 -14 0 -13 0 -11 -1 -11 0 -13 1 -12 0 -12 -1 -10 0 -11 -2 -11 -1 -10 0 -9 0 -10 0 -10 0 -11 -1 -8 0 -8 -1 -9 0 -9 0 0 0 -7 0 -6 2 -7 1 -7 1 -6 0 -6 1 -6 1 -6 2 -6 -1 -6 2 -5 0 -6 1 -6 2 -7 2 -8 4 -8 3 -8 3 -8 4 -9 3 -8 6 -10 5 -8 6 -10 3 -11 6 -9 4 -10 0 0 0 0 0 0 0 0 0 0 ]
179,1783416219.290643,9.1942,-79,CSI_DATA,AP,98:F4:AB:29:67:94,-79,11,1,4,1,1,1,0,0,0,0,-96,0,6,1,55561797,0,84,0,0,55.9438,384,[84 -64 4 0 0 0 0 0 0 0 0 0 -10 -17 -9 -17 -7 -18 -6 -17 -8 -16 -6 -13 -8 -13 -7 -12 -8 -12 -7 -14 -5 -12 -9 -12 -7 -10 -7 -11 -8 -10 -9 -10 -8 -9 -9 -10 -7 -8 -6 -9 -6 -8 -6 -9 -6 -8 -4 -8 -6 -7 -6 -9 0 0 -5 -6 -4 -8 -3 -8 -4 -7 -3 -6 -4 -6 -2 -8 -2 -7 -4 -8 -3 -7 -3 -7 -2 -6 -2 -8 -2 -8 -3 -10 -3 -9 -4 -10 -3 -11 -4 -11 -3 -10 -3 -13 -3 -13 -4 -14 -6 -12 -3 -13 -4 -12 0 0 0 0 0 0 0 0 0 0 ]
180,1783416219.417020,8.1993,-79,CSI_DATA,AP,98:F4:AB:29:67:94,-79,11,1,4,1,1,1,0,0,0,0,-96,0,6,1,55649837,0,84,0,0,56.0319,384,[84 -64 4 0 0 0 0 0 0 0 0 0 -14 14 -13 12 -14 12 -13 11 -13 11 -11 10 -12 11 -11 10 -10 9 -11 10 -9 11 -8 11 -8 8 -10 10 -9 8 -9 8 -8 10 -8 8 -8 8 -7 8 -7 6 -8 8 -7 8 -6 5 -6 4 -6 5 0 0 -6 5 -7 6 -6 5 -7 4 -5 3 -7 4 -6 3 -6 3 -6 4 -6 3 -7 4 -5 2 -6 3 -7 2 -8 5 -8 4 -11 4 -10 3 -12 3 -9 3 -11 3 -10 4 -12 5 -10 6 -11 5 -11 7 0 0 0 0 0 0 0 0 0 0 ]
181,1783416219.543499,8.1206,-80,CSI_DATA,AP,98:F4:AB:29:67:94,-80,11,1,4,1,1,1,0,0,0,0,-96,0,6,1,55743177,0,84,0,0,56.1252,384,[84 -64 4 0 0 0 0 0 0 0 0 0 -9 -16 -7 -15 -8 -15 -7 -13 -6 -13 -6 -12 -6 -12 -6 -10 -4 -11 -7 -12 -7 -10 -6 -8 -5 -8 -7 -10 -5 -8 -7 -10 -7 -9 -6 -10 -6 -8 -4 -7 -4 -8 -5 -7 -5 -7 -4 -7 -4 -7 -4 -6 0 0 -4 -6 -3 -7 -3 -7 -4 -6 -2 -6 -2 -6 -2 -6 -2 -5 -3 -7 -3 -5 -3 -7 -2 -5 -3 -7 -2 -7 -4 -8 -4 -9 -1 -9 -2 -8 -2 -8 -2 -11 -2 -11 -4 -11 -3 -11 -4 -11 -5 -12 -4 -12 0 0 0 0 0 0 0 0 0 0 ]
182,1783416219.670660,6.4735,-80,CSI_DATA,AP,98:F4:AB:29:67:94,-80,11,1,4,1,1,1,0,0,0,0,-96,0,6,1,55829734,0,84,0,0,56.2118,384,[84 -64 4 0 0 0 0 0 0 0 0 0 10 12 8 11 10 12 8 11 9 10 7 9 7 9 7 9 6 9 7 9 7 9 9 9 7 8 6 8 5 7 8 7 6 6 6 5 4 5 6 5 5 4 5 6 4 5 4 4 4 4 4 5 0 0 4 6 3 6 3 5 4 4 3 5 1 4 1 5 2 5 2 6 2 5 2 5 2 6 2 6 2 5 2 7 2 7 0 9 1 7 3 9 1 8 2 9 1 10 2 10 2 10 2 11 3 11 0 0 0 0 0 0 0 0 0 0 ]
183,1783416219.796530,7.1993,-73,CSI_DATA,AP,98:F4:AB:29:67:94,-73,11,0,0,0,0,0,0,0,0,0,-96,0,6,1,55923533,0,84,0,0,56.3057,128,[84 -64 4 0 0 0 0 0 0 0 0 0 -26 -28 -22 -25 -25 -28 -23 -24 -24 -23 -18 -21 -20 -21 -16 -19 -19 -19 -18 -20 -20 -18 -19 -18 -19 -17 -17 -16 -18 -14 -22 -15 -16 -13 -17 -11 -15 -11 -16 -11 -15 -12 -16 -12 -15 -13 -15 -12 -15 -12 -13 -11 0 0 -13 -10 -14 -12 -11 -10 -13 -11 -9 -10 -9 -12 -8 -11 -9 -11 -8 -10 -9 -13 -10 -12 -8 -12 -10 -11 -8 -14 -11 -16 -9 -16 -12 -18 -10 -18 -9 -19 -10 -20 -10 -21 -13 -21 -11 -23 -12 -23 -14 -22 -13 -23 0 0 0 0 0 0 0 0 0 0 ]
184,1783416219.924784,7.3603,-80,CSI_DATA,AP,98:F4:AB:29:67:94,-80,11,1,4,1,1,1,0,0,0,0,-96,0,6,1,56010953,0,84,0,0,56.3929,384,[84 -64 4 0 0 0 0 0 0 0 0 0 -12 11 -13 9 -13 10 -11 9 -10 9 -10 7 -8 8 -10 7 -10 8 -9 8 -8 8 -7 6 -8 8 -9 8 -7 7 -7 7 -6 6 -6 6 -7 5 -6 7 -6 6 -6 6 -7 5 -7 5 -6 5 -5 5 0 0 -5 2 -7 4 -6 5 -5 5 -6 3 -6 3 -6 2 -7 3 -6 3 -6 2 -7 4 -7 2 -6 3 -7 3 -7 3 -8 3 -9 4 -9 1 -8 2 -9 3 -10 2 -10 4 -10 5 -11 5 -11 5 -11 4 0 0 0 0 0 0 0 0 0 0 ]
185,1783416220.053713,7.9655,-80,CSI_DATA,AP,98:F4:AB:29:67:94,-80,11,1,4,1,1,1,0,0,0,0,-96,0,6,1,56101781,0,84,0,0,56.4838,384,[84 -64 4 0 0 0 0 0 0 0 0 0 -16 -6 -15 -4 -17 -5 -14 -4 -15 -4 -12 -5 -12 -5 -13 -4 -12 -4 -11 -3 -12 -4 -12 -3 -11 -3 -12 -3 -11 -2 -10 -2 -10 -2 -11 -1 -10 -2 -8 -2 -9 -2 -9 -3 -8 -2 -8 -1 -8 -2 -7 -3 0 0 -8 -3 -7 -3 -8 -2 -6 -3 -6 -3 -6 -3 -6 -5 -5 -4 -5 -3 -7 -2 -6 -4 -5 -3 -6 -3 -7 -3 -8 -5 -7 -5 -7 -7 -7 -6 -8 -7 -9 -5 -8 -8 -7 -7 -7 -7 -10 -6 -10 -6 -11 -7 0 0 0 0 0 0 0 0 0 0 ]
186,1783416220.180290,7.0654,-78,CSI_DATA,AP,98:F4:AB:29:67:94,-78,11,1,2,1,1,1,0,0,0,0,-96,0,6,1,56192332,0,84,0,0,56.5744,384,[84 -64 4 0 0 0 0 0 0 0 0 0 -17 12 -13 10 -15 11 -13 9 -13 9 -11 8 -11 9 -10 5 -9 9 -11 7 -11 6 -9 7 -9 7 -11 9 -8 6 -10 9 -7 6 -8 6 -8 7 -7 6 -7 5 -7 6 -7 4 -8 3 -6 3 -6 4 0 0 -6 3 -8 4 -7 3 -7 3 -5 3 -7 3 -7 2 -5 2 -6 2 -7 1 -7 2 -6 1 -7 1 -8 2 -10 2 -9 2 -11 2 -9 1 -10 2 -10 0 -12 1 -11 2 -13 1 -13 0 -13 1 -13 2 0 0 0 0 0 0 0 0 0 0 ]
187,1783416220.306720,7.1779,-80,CSI_DATA,AP,98:F4:AB:29:67:94,-80,11,1,4,1,1,1,0,0,0,0,-96,0,6,1,56281462,0,84,0,0,56.6635,384,[84 -64 4 0 0 0 0 0 0 0 0 0 -15 -5 -14 -5 -15 -6 -14 -7 -14 -4 -13 -4 -12 -4 -12 -4 -12 -3 -12 -4 -11 -4 -10 -4 -11 -4 -10 -4 -11 -1 -11 -3 -9 -3 -11 -2 -9 -3 -8 -3 -8 -2 -9 -3 -8 -2 -8 -1 -7 -2 -8 -3 0 0 -7 -3 -6 -1 -7 -3 -6 -3 -6 -4 -7 -3 -5 -4 -4 -3 -5 -5 -6 -4 -6 -3 -5 -4 -6 -4 -7 -4 -6 -5 -6 -7 -7 -7 -8 -6 -6 -6 -7 -8 -9 -8 -9 -7 -9 -8 -8 -8 -9 -8 -10 -9 0 0 0 0 0 0 0 0 0 0 ]
188,1783416220.434140,8.2796,-79,CSI_DATA,AP,98:F4:AB:29:67:94,-79,11,1,4,1,1,1,0,0,0,0,-96,0,6,1,56371501,0,84,0,0,56.7535,384,[84 -64 4 0 0 0 0 0 0 0 0 0 -15 -11 -14 -10 -14 -9 -13 -8 -13 -8 -10 -7 -11 -8 -10 -7 -11 -7 -10 -7 -10 -6 -10 -7 -10 -6 -10 -5 -9 -6 -10 -5 -8 -6 -9 -6 -9 -6 -8 -7 -7 -5 -7 -5 -8 -6 -7 -4 -7 -5 -6 -5 0 0 -7 -6 -5 -4 -5 -6 -6 -5 -4 -5 -3 -6 -4 -5 -3 -5 -4 -5 -4 -6 -6 -6 -4 -7 -4 -7 -4 -7 -4 -7 -4 -7 -2 -9 -4 -9 -2 -9 -4 -10 -4 -11 -4 -10 -4 -11 -5 -11 -4 -12 -5 -12 0 0 0 0 0 0 0 0 0 0 ]
189,1783416220.562336,7.3927,-80,CSI_DATA,AP,98:F4:AB:29:67:94,-80,11,1,4,1,1,1,0,0,0,0,-96,0,6,1,56461238,0,84,0,0,56.8433,384,[84 -64 4 0 0 0 0 0 0 0 0 0 16 -1 14 0 14 0 14 -1 12 -1 12 -1 11 -1 12 -1 12 -2 10 -2 9 -3 10 -2 11 -3 10 -3 10 -3 10 -2 9 -1 7 -3 9 -2 8 -2 9 -3 8 -2 7 -2 7 -2 6 -2 7 -2 0 0 6 -1 8 -1 7 -1 5 0 5 0 5 0 5 -1 5 0 6 0 5 0 5 0 5 0 6 1 6 0 8 1 9 3 8 1 9 3 9 2 9 1 9 2 9 2 9 2 10 1 11 2 11 2 0 0 0 0 0 0 0 0 0 0 ]
190,1783416220.694922,7.0506,-80,CSI_DATA,AP,98:F4:AB:29:67:94,-80,11,1,4,1,1,1,0,0,0,0,-96,0,6,1,56549471,0,84,0,0,56.9315,384,[84 -64 4 0 0 0 0 0 0 0 0 0 -15 -8 -14 -8 -14 -11 -14 -7 -14 -7 -12 -6 -11 -6 -11 -7 -10 -5 -11 -5 -10 -5 -10 -5 -12 -5 -10 -5 -8 -4 -11 -5 -10 -5 -8 -4 -9 -4 -9 -5 -8 -4 -9 -4 -8 -4 -7 -3 -6 -4 -7 -3 0 0 -7 -3 -8 -4 -5 -3 -6 -5 -4 -3 -6 -4 -6 -5 -5 -3 -6 -4 -7 -3 -4 -4 -5 -6 -6 -4 -5 -5 -7 -5 -6 -7 -6 -6 -6 -8 -6 -7 -7 -8 -6 -8 -7 -8 -8 -8 -7 -9 -8 -8 -9 -9 0 0 0 0 0 0 0 0 0 0 ]
191,1783416220.823757,7.6269,-80,CSI_DATA,AP,98:F4:AB:29:67:94,-80,11,1,4,1,1,1,0,0,0,0,-96,0,6,1,56644169,0,84,0,0,57.0262,384,[84 -64 4 0 0 0 0 0 0 0 0 0 -16 -6 -13 -6 -15 -5 -14 -5 -14 -5 -13 -5 -13 -5 -11 -5 -11 -3 -12 -4 -11 -3 -11 -3 -12 -3 -12 -2 -11 -2 -11 -2 -10 -2 -11 -2 -10 -1 -8 -1 -10 -2 -8 -2 -7 -2 -8 -2 -8 -2 -8 -3 0 0 -7 -2 -8 -2 -6 -2 -7 -3 -6 -3 -6 -4 -6 -2 -7 -3 -6 -3 -6 -3 -8 -3 -7 -4 -7 -3 -6 -3 -8 -4 -8 -4 -8 -5 -8 -5 -9 -5 -8 -4 -9 -6 -10 -5 -10 -6 -11 -5 -10 -7 -11 -5 0 0 0 0 0 0 0 0 0 0 ]
192,1783416220.950866,7.8259,-80,CSI_DATA,AP,98:F4:AB:29:67:94,-80,11,1,4,1,1,1,0,0,0,0,-96,0,6,1,56730612,0,84,0,0,57.1125,384,[84 -64 4 0 0 0 0 0 0 0 0 0 -4 -16 -4 -17 -4 -15 -3 -15 -3 -14 -3 -14 -2 -13 -2 -11 -2 -11 -3 -11 -4 -12 -4 -11 -4 -10 -4 -12 -4 -11 -3 -9 -3 -10 -3 -10 -2 -9 -1 -9 -2 -10 -2 -9 -2 -9 -2 -8 -2 -8 -3 -8 0 0 -2 -9 -1 -8 -2 -8 -1 -7 -2 -6 1 -7 1 -6 1 -5 0 -6 -1 -6 0 -8 0 -7 0 -7 2 -8 1 -7 2 -8 2 -10 2 -9 1 -9 3 -8 3 -10 3 -9 4 -10 3 -10 3 -12 2 -12 0 0 0 0 0 0 0 0 0 0 ]
193,1783416221.077791,7.8164,-79,CSI_DATA,AP,98:F4:AB:29:67:94,-79,11,1,4,1,1,1,0,0,0,0,-96,0,6,1,56822317,0,84,0,0,57.2044,384,[84 -64 4 0 0 0 0 0 0 0 0 0 8 -14 9 -13 8 -13 8 -11 8 -11 9 -9 7 -12 6 -9 7 -8 7 -11 5 -10 5 -10 4 -9 4 -9 5 -9 5 -10 4 -10 4 -8 3 -9 5 -7 5 -8 4 -8 4 -5 3 -6 4 -6 4 -7 0 0 5 -7 5 -6 4 -5 3 -6 4 -5 5 -6 5 -4 5 -5 4 -3 4 -4 3 -5 4 -3 5 -7 4 -5 6 -6 6 -6 7 -6 6 -6 6 -5 8 -5 8 -5 8 -5 8 -6 8 -7 9 -7 8 -7 0 0 0 0 0 0 0 0 0 0 ]
194,1783416221.205540,7.4596,-80,CSI_DATA,AP,98:F4:AB:29:67:94,-80,11,1,4,1,1,1,0,0,0,0,-96,0,6,1,56911844,0,84,0,0,57.2939,384,[84 -64 4 0 0 0 0 0 0 0 0 0 5 17 5 17 5 15 5 15 4 16 4 14 4 14 5 12 5 13 3 12 5 12 4 10 4 10 3 11 3 11 5 9 3 9 4 9 2 10 5 8 2 8 3 8 2 8 0 9 1 7 3 7 0 0 2 7 2 7 1 6 2 6 2 6 1 6 1 7 0 6 2 7 1 7 2 5 -2 7 0 7 1 7 1 8 0 8 -2 9 -2 9 -2 9 0 10 -2 10 -1 12 -4 11 -1 13 -2 12 -1 13 0 0 0 0 0 0 0 0 0 0 ]
195,1783416221.332916,6.5854,-78,CSI_DATA,AP,98:F4:AB:29:67:94,-78,11,1,2,1,1,1,0,0,0,0,-96,0,6,1,57004182,0,84,0,0,57.3862,384,[84 -64 4 0 0 0 0 0 0 0 0 0 15 1 13 1 14 1 13 1 14 1 11 1 11 1 11 2 10 1 10 1 10 0 10 0 10 0 9 0 9 -1 9 0 9 -1 8 0 8 -1 8 0 7 0 7 -1 6 0 7 0 6 0 5 0 0 0 7 0 6 -1 5 -1 5 0 5 0 6 1 4 1 4 1 4 1 6 2 5 2 5 2 5 2 5 2 7 3 7 3 7 4 8 5 8 4 8 4 7 4 8 5 8 5 9 4 9 4 10 4 0 0 0 0 0 0 0 0 0 0 ]
196,1783416221.461772,7.0529,-79,CSI_DATA,AP,98:F4:AB:29:67:94,-79,11,1,4,1,1,1,0,0,0,0,-96,0,6,1,57093644,0,84,0,0,57.4757,384,[84 -64 4 0 0 0 0 0 0 0 0 0 9 -13 10 -12 11 -12 9 -11 9 -11 8 -10 9 -10 8 -9 7 -10 7 -10 8 -11 6 -10 5 -8 6 -10 5 -8 5 -9 4 -8 4 -9 5 -8 4 -8 4 -7 3 -7 3 -6 4 -7 4 -7 2 -8 0 0 4 -6 4 -6 3 -6 3 -6 3 -5 3 -6 4 -4 4 -5 3 -5 5 -5 4 -5 4 -4 5 -6 4 -6 3 -8 4 -6 6 -7 5 -6 6 -6 6 -6 6 -6 7 -8 8 -8 8 -8 7 -9 7 -8 0 0 0 0 0 0 0 0 0 0 ]
197,1783416221.591685,7.0264,-79,CSI_DATA,AP,98:F4:AB:29:67:94,-79,11,1,4,1,1,1,0,0,0,0,-96,0,6,1,57181292,0,84,0,0,57.5633,384,[84 -64 4 0 0 0 0 0 0 0 0 0 18 1 18 3 17 3 16 2 16 2 13 3 13 1 15 1 11 0 13 0 12 1 11 -1 13 -1 11 -1 11 0 13 -1 11 -1 10 -1 8 1 10 -2 9 1 11 -1 8 0 8 0 7 0 9 0 0 0 6 0 7 1 7 0 7 0 6 0 6 1 5 3 4 0 7 1 6 0 5 0 6 3 8 2 7 3 9 1 9 2 10 3 7 2 10 3 11 3 10 3 10 5 11 4 11 5 12 3 13 3 0 0 0 0 0 0 0 0 0 0 ]
198,1783416221.718895,6.6435,-78,CSI_DATA,AP,98:F4:AB:29:67:94,-78,11,1,2,1,1,1,0,0,0,0,-96,0,6,1,57273164,0,84,0,0,57.6552,384,[84 -64 4 0 0 0 0 0 0 0 0 0 4 17 2 16 3 17 2 14 3 16 0 13 3 13 3 12 4 12 3 12 3 11 3 11 4 10 3 10 3 8 4 11 4 10 5 9 3 8 3 8 4 8 4 8 3 7 3 7 2 6 2 6 0 0 3 6 3 7 2 6 1 7 1 5 2 5 0 6 1 5 1 6 0 7 2 5 2 6 0 6 1 7 2 8 3 9 1 9 1 8 1 10 2 10 2 10 2 11 1 12 2 11 2 11 2 11 0 0 0 0 0 0 0 0 0 0 ]
199,1783416221.846856,6.6894,-80,CSI_DATA,AP,98:F4:AB:29:67:94,-80,11,1,4,1,1,1,0,0,0,0,-96,0,6,1,57363374,0,84,0,0,57.7454,384,[84 -64 4 0 0 0 0 0 0 0 0 0 16 4 12 5 15 6 13 4 14 5 12 3 10 4 10 2 11 1 11 3 9 2 10 4 9 2 11 2 10 2 10 2 8 1 9 1 8 2 8 2 9 2 8 1 7 0 7 1 7 2 7 1 0 0 6 2 6 2 6 1 6 1 4 2 6 3 3 1 4 2 5 3 4 3 4 3 3 3 6 2 4 4 6 4 6 3 7 6 7 5 8 5 7 4 7 6 8 5 9 7 8 5 9 6 9 6 0 0 0 0 0 0 0 0 0 0 ]
200,1783416221.973641,7.0024,-80,CSI_DATA,AP,98:F4:AB:29:67:94,-80,11,1,4,1,1,1,0,0,0,0,-96,0,6,1,57452736,0,84,0,0,57.8347,384,[84 -64 4 0 0 0 0 0 0 0 0 0 -11 -12 -9 -11 -10 -12 -9 -12 -11 -11 -7 -10 -9 -11 -8 -9 -9 -10 -8 -10 -7 -8 -9 -9 -6 -8 -10 -8 -7 -8 -8 -6 -9 -7 -8 -7 -6 -7 -6 -7 -6 -6 -7 -6 -6 -7 -7 -7 -5 -5 -5 -5 0 0 -6 -6 -5 -6 -4 -5 -5 -6 -4 -5 -3 -6 -5 -5 -3 -6 -4 -5 -5 -5 -4 -6 -4 -5 -3 -6 -3 -8 -5 -7 -4 -7 -4 -9 -4 -9 -3 -9 -4 -10 -5 -9 -3 -9 -5 -10 -5 -11 -6 -10 -6 -11 0 0 0 0 0 0 0 0 0 0 ]
201,1783416222.104492,7.2512,-79,CSI_DATA,AP,98:F4:AB:29:67:94,-79,11,1,4,1,1,1,0,0,0,0,-96,0,6,1,57544008,0,84,0,0,57.9261,384,[84 -64 4 0 0 0 0 0 0 0 0 0 16 0 15 1 14 0 14 1 12 1 12 1 12 0 10 2 11 0 13 0 10 -1 11 1 10 0 10 -2 9 -1 10 0 9 -1 9 -1 9 -1 9 -1 9 -2 7 0 8 -1 7 -1 7 -1 7 -1 0 0 6 0 7 -1 7 0 5 2 5 1 6 0 6 1 5 1 5 3 6 1 6 0 5 1 7 1 6 1 8 2 8 3 8 3 8 4 10 3 9 3 9 2 8 3 10 4 11 2 10 3 11 3 0 0 0 0 0 0 0 0 0 0 ]
202,1783416222.233799,7.2601,-80,CSI_DATA,AP,98:F4:AB:29:67:94,-80,11,1,4,1,1,1,0,0,0,0,-96,0,6,1,57632703,0,84,0,0,58.0147,384,[84 -64 4 0 0 0 0 0 0 0 0 0 -10 12 -10 12 -11 12 -10 11 -9 9 -9 8 -9 8 -9 8 -7 10 -8 8 -7 9 -8 9 -7 8 -6 8 -6 8 -7 8 -7 8 -4 7 -7 6 -7 6 -6 7 -5 6 -6 6 -5 5 -6 6 -4 5 0 0 -5 4 -6 6 -4 5 -5 3 -6 3 -5 3 -5 2 -6 2 -5 3 -6 2 -6 2 -6 3 -6 3 -8 3 -7 0 -7 2 -9 3 -8 4 -9 3 -10 2 -11 3 -10 3 -10 2 -11 3 -11 3 -12 4 0 0 0 0 0 0 0 0 0 0 ]
203,1783416222.360738,7.1183,-78,CSI_DATA,AP,98:F4:AB:29:67:94,-78,11,1,2,1,1,1,0,0,0,0,-96,0,6,1,57728394,0,84,0,0,58.1105,384,[84 -64 4 0 0 0 0 0 0 0 0 0 -17 -4 -16 -4 -16 -3 -15 -4 -14 -5 -13 -4 -13 -2 -12 -4 -12 -3 -13 -4 -13 -2 -13 -3 -12 -1 -13 -3 -11 -2 -11 -2 -11 0 -11 -1 -10 -1 -11 -1 -10 -1 -10 -2 -8 -2 -9 -2 -8 -2 -8 -2 0 0 -8 -1 -8 -2 -8 -1 -7 -2 -7 -2 -8 -1 -7 -3 -7 -3 -6 -3 -8 -3 -7 -3 -7 -2 -8 -3 -8 -4 -9 -4 -8 -3 -8 -4 -9 -4 -9 -5 -10 -5 -9 -6 -10 -5 -11 -6 -11 -6 -13 -6 -12 -5 0 0 0 0 0 0 0 0 0 0 ]
204,1783416222.487784,6.6339,-80,CSI_DATA,AP,98:F4:AB:29:67:94,-80,11,1,4,1,1,1,0,0,0,0,-96,0,6,1,57812499,0,84,0,0,58.1945,384,[84 -64 4 0 0 0 0 0 0 0 0 0 -7 14 -9 14 -9 13 -9 12 -8 10 -7 12 -7 10 -7 10 -6 9 -6 9 -6 8 -4 9 -5 11 -4 10 -5 10 -4 10 -5 9 -3 10 -3 8 -4 8 -3 7 -2 9 -3 7 -4 6 -2 6 -2 7 0 0 -3 6 -3 6 -4 6 -2 5 -4 4 -4 3 -4 5 -4 4 -4 5 -5 5 -4 4 -5 6 -4 6 -4 5 -4 4 -7 6 -6 6 -5 6 -6 7 -5 6 -7 7 -8 7 -6 9 -7 9 -7 8 -8 9 0 0 0 0 0 0 0 0 0 0 ]
205,1783416222.615175,7.3029,-80,CSI_DATA,AP,98:F4:AB:29:67:94,-80,11,1,4,1,1,1,0,0,0,0,-96,0,6,1,57903888,0,84,0,0,58.2859,384,[84 -64 4 0 0 0 0 0 0 0 0 0 8 -12 9 -10 9 -12 9 -9 7 -12 7 -10 8 -11 7 -9 6 -10 8 -9 5 -9 6 -9 5 -9 6 -9 6 -9 4 -8 5 -9 5 -9 4 -7 5 -9 4 -9 5 -9 3 -6 3 -6 4 -7 4 -5 0 0 3 -6 5 -6 3 -6 4 -4 4 -4 4 -5 4 -4 4 -5 3 -5 3 -6 3 -6 3 -4 6 -5 5 -5 5 -5 6 -6 6 -7 6 -6 7 -6 7 -7 7 -5 7 -6 8 -8 8 -8 8 -7 8 -8 0 0 0 0 0 0 0 0 0 0 ]
206,1783416222.743740,9.3092,-80,CSI_DATA,AP,98:F4:AB:29:67:94,-80,11,1,4,1,1,1,0,0,0,0,-96,0,6,1,58000482,0,84,0,0,58.3825,384,[84 -64 4 0 0 0 0 0 0 0 0 0 13 -16 11 -12 11 -13 10 -12 10 -12 11 -11 11 -10 9 -11 9 -11 9 -9 8 -11 7 -9 7 -8 6 -11 6 -9 8 -10 5 -7 6 -10 4 -9 6 -8 5 -8 4 -9 4 -7 7 -6 5 -9 6 -7 0 0 5 -8 5 -6 5 -5 5 -6 3 -4 5 -6 6 -3 4 -5 5 -4 4 -4 4 -4 6 -4 7 -5 5 -3 7 -5 6 -5 8 -5 8 -5 8 -5 9 -5 10 -5 9 -4 11 -7 10 -8 10 -7 11 -8 0 0 0 0 0 0 0 0 0 0 ]
207,1783416222.872614,8.4067,-78,CSI_DATA,AP,98:F4:AB:29:67:94,-78,11,1,2,1,1,1,0,0,0,0,-96,0,6,1,58080548,0,84,0,0,58.4626,384,[84 -64 4 0 0 0 0 0 0 0 0 0 1 -18 3 -13 2 -17 1 -13 2 -15 2 -12 1 -13 1 -13 1 -11 2 -12 0 -11 -1 -11 0 -11 0 -11 -1 -9 1 -12 -1 -9 -1 -10 -1 -8 1 -8 -1 -9 1 -10 -1 -8 1 -7 1 -7 0 -7 0 0 0 -7 1 -7 0 -5 1 -6 2 -6 1 -6 2 -5 2 -6 2 -5 2 -5 2 -6 2 -6 3 -6 3 -5 4 -7 2 -6 4 -7 4 -7 4 -6 3 -7 5 -8 5 -8 6 -10 5 -10 5 -10 4 -10 0 0 0 0 0 0 0 0 0 0 ]
208,1783416223.000829,8.9954,-80,CSI_DATA,AP,98:F4:AB:29:67:94,-80,11,1,4,1,1,1,0,0,0,0,-96,0,6,1,58170554,0,84,0,0,58.5525,384,[84 -64 4 0 0 0 0 0 0 0 0 0 20 -2 17 -1 15 -2 17 -1 16 -1 14 0 14 0 14 -1 12 0 13 -1 12 -3 13 -3 11 -4 13 -3 11 -2 10 -1 11 -4 9 -3 11 -3 9 -1 9 -1 8 -3 7 -2 7 -2 9 -2 9 0 0 0 8 0 7 0 8 0 5 0 5 2 7 0 6 2 7 -1 6 1 5 0 5 0 6 -1 7 2 8 1 6 2 10 2 9 3 7 1 10 3 9 2 10 3 9 4 10 3 11 2 12 3 13 2 0 0 0 0 0 0 0 0 0 0 ]
209,1783416223.128103,10.5837,-78,CSI_DATA,AP,98:F4:AB:29:67:94,-78,11,1,2,1,1,1,0,0,0,0,-96,0,6,1,58263075,0,84,0,0,58.6451,384,[84 -64 4 0 0 0 0 0 0 0 0 0 -14 5 -17 1 -20 9 -18 3 -15 2 -15 10 -12 2 -10 2 -8 8 -12 5 -11 3 -13 4 -6 6 -11 2 -9 7 -4 1 -12 5 -12 1 -5 -3 -13 4 -10 1 -9 8 -9 3 -6 5 -11 2 -5 3 0 0 -8 1 -6 1 -7 1 -8 1 -9 2 -5 0 -7 1 -7 -2 -7 2 -6 1 -8 0 -7 0 -7 0 -8 1 -9 1 -8 0 -11 -2 -9 -2 -10 -1 -11 -1 -11 -1 -12 -1 -12 -1 -13 0 -13 -1 -12 0 0 0 0 0 0 0 0 0 0 0 ]
210,1783416223.255797,9.0063,-80,CSI_DATA,AP,98:F4:AB:29:67:94,-80,11,1,4,1,1,1,0,0,0,0,-96,0,6,1,58350113,0,84,0,0,58.7321,384,[84 -64 4 0 0 0 0 0 0 0 0 0 11 -11 9 -11 11 -12 11 -9 9 -9 9 -7 10 -10 7 -7 9 -8 7 -9 7 -8 8 -9 7 -8 6 -7 6 -6 5 -10 5 -7 5 -8 5 -6 5 -9 5 -6 5 -7 4 -5 6 -6 5 -5 6 -5 0 0 5 -4 5 -4 5 -4 6 -4 5 -5 6 -4 5 -2 4 -3 4 -3 5 -4 5 -3 4 -2 6 -3 6 -3 6 -4 7 -3 7 -2 7 -3 8 -1 8 -3 9 -1 10 -2 9 -3 10 -3 10 -3 11 -5 0 0 0 0 0 0 0 0 0 0 ]
211,1783416223.383807,7.8765,-79,CSI_DATA,AP,98:F4:AB:29:67:94,-79,11,1,4,1,1,1,0,0,0,0,-96,0,6,1,58439943,0,84,0,0,58.822,384,[84 -64 4 0 0 0 0 0 0 0 0 0 7 -14 7 -16 7 -14 6 -14 6 -13 5 -11 4 -11 5 -10 6 -12 5 -11 4 -11 5 -10 3 -11 3 -9 4 -11 3 -10 3 -9 3 -9 4 -8 3 -9 4 -8 4 -9 3 -5 2 -8 4 -6 2 -8 0 0 3 -6 3 -6 4 -7 3 -5 4 -5 4 -6 4 -4 4 -3 4 -4 4 -4 4 -5 3 -6 5 -5 6 -4 6 -4 5 -5 5 -6 8 -6 8 -5 7 -6 9 -6 9 -5 9 -6 9 -6 9 -7 9 -6 0 0 0 0 0 0 0 0 0 0 ]
212,1783416223.513113,12.7572,-74,CSI_DATA,AP,98:F4:AB:29:67:94,-74,11,0,0,0,0,0,0,0,0,0,-96,0,6,1,58532661,0,84,0,0,58.9148,128,[84 -64 4 0 0 0 0 0 0 0 0 0 24 27 23 26 23 25 22 23 21 24 18 20 18 24 14 20 18 19 17 18 17 16 20 16 18 15 18 13 16 14 19 14 16 12 15 11 14 13 14 12 12 13 12 12 10 11 12 10 13 11 12 11 0 0 12 11 10 10 9 12 9 9 7 10 7 12 5 13 5 10 7 10 7 12 8 11 8 10 8 13 7 12 8 15 8 15 7 17 7 17 4 20 6 19 6 21 6 19 9 21 9 22 10 22 10 23 0 0 0 0 0 0 0 0 0 0 ]
213,1783416223.639883,9.9728,-80,CSI_DATA,AP,98:F4:AB:29:67:94,-80,11,1,4,1,1,1,0,0,0,0,-96,0,6,1,58621533,0,84,0,0,59.0036,384,[84 -64 4 0 0 0 0 0 0 0 0 0 10 13 8 11 8 12 7 11 6 11 7 10 7 9 6 10 7 10 6 7 7 10 5 8 7 8 7 8 5 7 6 8 6 7 6 7 5 8 5 6 6 6 6 5 4 6 5 5 3 6 4 4 0 0 4 5 2 5 3 4 4 4 1 4 1 5 1 5 1 4 3 5 2 4 2 5 0 5 1 5 2 7 2 7 2 8 1 8 1 8 2 8 2 8 3 9 2 10 2 11 0 11 1 10 3 13 0 0 0 0 0 0 0 0 0 0 ]
214,1783416223.767949,8.7410,-80,CSI_DATA,AP,98:F4:AB:29:67:94,-80,11,1,4,1,1,1,0,0,0,0,-96,0,6,1,58712396,0,84,0,0,59.0944,384,[84 -64 4 0 0 0 0 0 0 0 0 0 14 10 12 6 11 9 12 7 11 7 10 6 8 7 8 7 9 6 9 7 11 5 10 6 7 5 8 6 7 4 9 6 8 4 7 4 7 5 7 3 5 4 7 4 7 3 4 4 7 4 5 4 0 0 4 3 5 5 5 5 4 3 4 3 2 4 2 5 3 4 2 4 2 4 3 6 3 4 3 5 3 6 3 6 3 7 2 7 2 8 2 8 3 7 2 8 2 11 2 10 3 11 4 11 3 11 0 0 0 0 0 0 0 0 0 0 ]
215,1783416223.897956,8.0461,-80,CSI_DATA,AP,98:F4:AB:29:67:94,-80,11,1,4,1,1,1,0,0,0,0,-96,0,6,1,58806309,0,84,0,0,59.1884,384,[84 -64 4 0 0 0 0 0 0 0 0 0 13 -12 15 -12 14 -11 15 -11 14 -10 11 -9 12 -8 11 -10 9 -8 9 -10 9 -7 8 -11 8 -9 8 -8 7 -11 9 -10 5 -9 8 -9 7 -8 7 -8 7 -9 5 -8 6 -7 6 -7 5 -6 6 -7 0 0 4 -5 4 -7 6 -6 6 -6 4 -5 5 -3 6 -5 5 -5 6 -4 6 -6 5 -6 6 -4 7 -4 5 -5 6 -5 6 -6 9 -6 9 -5 8 -5 9 -6 9 -6 9 -7 11 -7 9 -8 11 -8 10 -8 0 0 0 0 0 0 0 0 0 0 ]
216,1783416224.025136,7.5782,-80,CSI_DATA,AP,98:F4:AB:29:67:94,-80,11,1,4,1,1,1,0,0,0,0,-96,0,6,1,58894652,0,84,0,0,59.2767,384,[84 -64 4 0 0 0 0 0 0 0 0 0 9 -13 8 -14 8 -11 11 -13 8 -10 9 -10 9 -9 7 -9 7 -9 6 -10 7 -10 6 -10 5 -10 5 -8 4 -9 5 -9 3 -8 4 -8 4 -7 4 -9 3 -6 5 -7 3 -6 3 -7 5 -6 4 -6 0 0 5 -6 5 -5 4 -6 4 -6 4 -4 4 -5 4 -4 4 -4 4 -4 4 -5 4 -4 4 -5 6 -5 7 -4 6 -6 6 -5 6 -5 6 -5 8 -4 7 -5 9 -5 8 -6 9 -5 10 -7 9 -5 10 -7 0 0 0 0 0 0 0 0 0 0 ]
217,1783416224.155212,6.5092,-79,CSI_DATA,AP,98:F4:AB:29:67:94,-79,11,1,4,1,1,1,0,0,0,0,-96,0,6,1,58980835,0,84,0,0,59.3628,384,[84 -64 4 0 0 0 0 0 0 0 0 0 -18 -4 -16 -5 -16 -2 -16 -4 -15 -4 -13 -3 -11 -3 -12 -3 -11 -2 -11 -2 -11 -2 -11 0 -12 -2 -11 -2 -10 -1 -12 -1 -10 -1 -10 -1 -9 -1 -9 -1 -9 1 -8 0 -8 -2 -7 -1 -7 -1 -8 -2 0 0 -7 -2 -6 -2 -7 -1 -7 -3 -5 -3 -7 -2 -6 -3 -7 -1 -6 -3 -7 -3 -7 -2 -6 -2 -6 -4 -6 -2 -7 -3 -7 -4 -9 -4 -8 -5 -9 -6 -8 -6 -8 -5 -8 -6 -9 -6 -10 -7 -10 -7 -11 -6 0 0 0 0 0 0 0 0 0 0 ]
218,1783416224.284782,6.8078,-79,CSI_DATA,AP,98:F4:AB:29:67:94,-79,11,1,4,1,1,1,0,0,0,0,-96,0,6,1,59071323,0,84,0,0,59.4534,384,[84 -64 4 0 0 0 0 0 0 0 0 0 -2 -17 -1 -17 -1 -14 0 -14 -2 -16 -1 -13 -2 -14 0 -12 -3 -13 -2 -13 -3 -11 -3 -11 -3 -10 -3 -9 -2 -11 -3 -11 -4 -9 -3 -10 -2 -9 -1 -9 -2 -9 -2 -8 -3 -9 -3 -7 -3 -7 0 -7 0 0 -3 -7 -3 -7 -1 -7 -3 -7 -1 -5 -1 -7 1 -6 -2 -7 -2 -6 -1 -7 -1 -6 0 -6 -1 -7 -2 -7 -3 -8 -2 -8 0 -11 0 -10 0 -10 0 -10 0 -10 1 -10 0 -11 -1 -11 0 -11 -1 -11 0 0 0 0 0 0 0 0 0 0 ]
219,1783416224.412572,7.1684,-78,CSI_DATA,AP,98:F4:AB:29:67:94,-78,11,1,2,1,1,1,0,0,0,0,-96,0,6,1,59160995,0,84,0,0,59.543,384,[84 -64 4 0 0 0 0 0 0 0 0 0 -17 0 -15 -1 -18 -1 -16 0 -17 -1 -13 -1 -14 -1 -13 -1 -14 -1 -12 -1 -11 0 -13 -1 -11 0 -12 1 -11 0 -10 2 -11 2 -11 1 -9 1 -10 1 -8 1 -9 1 -9 -1 -8 1 -9 1 -6 0 0 0 -7 0 -8 1 -6 0 -8 -1 -7 -1 -6 -2 -6 -2 -7 -1 -6 -1 -6 -1 -8 -1 -7 -3 -7 -1 -7 -2 -9 -2 -8 -2 -10 -3 -10 -2 -10 -4 -10 -3 -11 -4 -12 -4 -12 -3 -14 -2 -13 -4 -12 -3 0 0 0 0 0 0 0 0 0 0 ]
220,1783416224.541872,7.2646,-78,CSI_DATA,AP,98:F4:AB:29:67:94,-78,11,1,2,1,1,1,0,0,0,0,-96,0,6,1,59255352,0,84,0,0,59.6374,384,[84 -64 4 0 0 0 0 0 0 0 0 0 17 -1 15 0 16 1 16 1 15 1 13 0 12 0 12 1 13 -2 12 -4 11 -2 11 0 11 -1 10 -1 9 -1 10 0 8 -2 10 -1 9 -2 9 -1 9 -2 8 -2 8 0 7 -1 8 -1 7 0 0 0 7 0 9 0 6 0 7 0 6 1 6 0 6 1 5 1 5 2 7 2 7 1 6 2 6 1 7 2 7 2 8 1 9 2 8 3 9 3 9 3 10 3 9 4 11 4 11 2 12 4 12 4 0 0 0 0 0 0 0 0 0 0 ]
221,1783416224.670893,8.0024,-80,CSI_DATA,AP,98:F4:AB:29:67:94,-80,11,1,4,1,1,1,0,0,0,0,-96,0,6,1,59341605,0,84,0,0,59.7236,384,[84 -64 4 0 0 0 0 0 0 0 0 0 -11 -17 -10 -16 -11 -17 -8 -15 -7 -14 -8 -13 -7 -12 -11 -11 -8 -11 -8 -12 -9 -10 -8 -11 -9 -10 -8 -11 -8 -9 -9 -10 -7 -9 -7 -8 -6 -8 -7 -8 -7 -6 -6 -6 -7 -8 -6 -8 -6 -7 -6 -6 0 0 -6 -7 -4 -6 -6 -7 -5 -7 -4 -7 -3 -6 -2 -5 -4 -6 -2 -6 -4 -7 -4 -8 -4 -7 -3 -6 -4 -8 -4 -8 -3 -8 -4 -9 -4 -9 -4 -10 -7 -11 -5 -12 -5 -10 -5 -12 -6 -11 -5 -13 -6 -14 0 0 0 0 0 0 0 0 0 0 ]
222,1783416224.800456,8.4188,-79,CSI_DATA,AP,98:F4:AB:29:67:94,-79,11,1,4,1,1,1,0,0,0,0,-96,0,6,1,59431462,0,84,0,0,59.8135,384,[84 -64 4 0 0 0 0 0 0 0 0 0 -17 -6 -14 -5 -15 -5 -13 -4 -14 -6 -14 -3 -12 -5 -11 -4 -12 -3 -11 -3 -10 -4 -12 -3 -11 -2 -11 -2 -10 -4 -10 -1 -9 -2 -9 -3 -9 -2 -9 -2 -8 -2 -8 -3 -8 -4 -8 -3 -6 -3 -7 -3 0 0 -6 -3 -6 -2 -7 -2 -6 -3 -6 -5 -5 -4 -6 -3 -5 -3 -6 -4 -6 -4 -7 -4 -5 -3 -7 -3 -6 -4 -7 -2 -8 -6 -7 -6 -7 -6 -7 -7 -8 -7 -8 -8 -7 -6 -8 -6 -11 -8 -10 -8 -9 -7 0 0 0 0 0 0 0 0 0 0 ]
223,1783416224.928466,7.3773,-78,CSI_DATA,AP,98:F4:AB:29:67:94,-78,11,1,2,1,1,1,0,0,0,0,-96,0,6,1,59527705,0,84,0,0,59.9098,384,[84 -64 4 0 0 0 0 0 0 0 0 0 -17 7 -15 6 -16 6 -15 5 -15 6 -13 4 -12 4 -12 4 -12 6 -12 4 -10 4 -10 5 -10 4 -10 6 -9 5 -11 6 -9 5 -10 6 -9 5 -9 4 -9 6 -8 5 -8 3 -7 4 -6 5 -7 3 0 0 -6 4 -8 4 -7 3 -7 4 -6 2 -5 2 -7 3 -7 2 -5 0 -6 1 -6 3 -6 2 -6 3 -7 3 -8 3 -8 4 -10 4 -9 4 -10 3 -11 3 -11 3 -10 4 -11 3 -11 5 -12 4 -12 5 0 0 0 0 0 0 0 0 0 0 ]
224,1783416225.059409,6.7021,-80,CSI_DATA,AP,98:F4:AB:29:67:94,-80,11,1,4,1,1,1,0,0,0,0,-96,0,6,1,59612069,0,84,0,0,59.9941,384,[84 -64 4 0 0 0 0 0 0 0 0 0 -3 14 -4 15 -3 14 -3 13 -3 12 -4 12 -4 12 -4 12 -1 12 -2 10 -3 10 -1 11 -2 11 -1 10 -2 11 -2 10 -1 9 0 9 -2 9 -1 8 -1 8 -1 6 -1 7 -2 7 -1 6 -2 6 0 0 -2 5 -1 7 -2 7 -1 5 -2 6 -3 4 -2 6 -2 5 -2 5 -2 4 -2 5 -3 6 -3 6 -3 5 -4 7 -2 6 -4 9 -5 6 -6 8 -6 8 -5 8 -6 9 -5 10 -6 8 -4 9 -5 11 0 0 0 0 0 0 0 0 0 0 ]
225,1783416225.188174,7.0060,-81,CSI_DATA,AP,98:F4:AB:29:67:94,-81,11,1,4,1,1,1,0,0,0,0,-96,0,6,1,59702648,0,84,0,0,60.0846,384,[84 -64 4 0 0 0 0 0 0 0 0 0 -15 -8 -14 -7 -15 -7 -14 -7 -14 -7 -11 -6 -11 -5 -10 -5 -10 -5 -11 -5 -11 -4 -10 -4 -10 -5 -9 -1 -11 -3 -10 -5 -10 -3 -8 -2 -10 -3 -8 -3 -9 -3 -9 -2 -8 -2 -6 -2 -7 -3 -7 -4 0 0 -6 -3 -6 -3 -6 -3 -7 -4 -4 -2 -7 -3 -5 -4 -5 -4 -5 -4 -7 -4 -5 -4 -5 -4 -6 -3 -5 -5 -7 -5 -7 -6 -8 -6 -9 -6 -8 -8 -8 -8 -7 -9 -8 -7 -9 -9 -9 -7 -10 -8 -10 -8 0 0 0 0 0 0 0 0 0 0 ]
226,1783416225.317374,7.3712,-80,CSI_DATA,AP,98:F4:AB:29:67:94,-80,11,1,4,1,1,1,0,0,0,0,-96,0,6,1,59790306,0,84,0,0,60.1723,384,[84 -64 4 0 0 0 0 0 0 0 0 0 9 14 6 12 9 13 7 10 7 11 6 10 6 9 5 10 6 9 6 9 6 9 7 9 5 9 7 8 5 6 5 7 6 7 5 7 5 7 6 6 5 7 4 5 4 6 4 6 6 5 4 5 0 0 4 5 4 5 1 5 2 6 2 4 3 6 1 6 2 5 1 5 1 5 1 5 2 6 1 7 1 8 1 6 3 8 2 8 1 8 1 9 1 9 2 9 1 9 0 10 2 11 3 10 3 11 0 0 0 0 0 0 0 0 0 0 ]
227,1783416225.446789,9.0494,-78,CSI_DATA,AP,98:F4:AB:29:67:94,-78,11,1,2,1,1,1,0,0,0,0,-96,0,6,1,59884044,0,84,0,0,60.2661,384,[84 -64 4 0 0 0 0 0 0 0 0 0 -7 -15 -6 -14 -7 -18 -5 -14 -7 -16 -5 -13 -6 -12 -5 -14 -5 -12 -4 -13 -6 -11 -6 -10 -7 -11 -6 -10 -6 -9 -8 -11 -5 -9 -7 -9 -5 -8 -5 -8 -5 -8 -5 -7 -5 -8 -5 -8 -5 -9 -5 -8 0 0 -4 -6 -5 -8 -2 -6 -4 -6 -3 -6 -3 -7 -3 -7 -2 -6 -3 -7 -3 -7 -3 -8 -2 -7 -3 -6 -3 -7 -4 -10 -4 -8 -4 -10 -3 -9 -3 -9 -4 -12 -4 -12 -4 -10 -3 -13 -4 -12 -5 -13 -4 -12 0 0 0 0 0 0 0 0 0 0 ]
228,1783416225.576488,8.8530,-80,CSI_DATA,AP,98:F4:AB:29:67:94,-80,11,1,4,1,1,1,0,0,0,0,-96,0,6,1,59973510,0,84,0,0,60.3556,384,[84 -64 4 0 0 0 0 0 0 0 0 0 13 -10 13 -10 13 -10 11 -8 12 -7 10 -9 10 -7 10 -8 9 -7 9 -7 10 -7 8 -6 8 -8 7 -8 7 -7 8 -8 6 -7 6 -7 7 -7 6 -6 7 -6 5 -5 5 -6 6 -6 6 -5 5 -5 0 0 6 -4 5 -3 5 -5 4 -4 4 -3 5 -2 5 -3 6 -4 6 -3 3 -3 4 -3 5 -3 7 -4 6 -3 6 -2 7 -4 8 -3 9 -4 8 -3 8 -2 9 -3 9 -2 10 -4 11 -5 10 -3 9 -4 0 0 0 0 0 0 0 0 0 0 ]
229,1783416225.707254,8.5998,-80,CSI_DATA,AP,98:F4:AB:29:67:94,-80,11,1,4,1,1,1,0,0,0,0,-96,0,6,1,60061757,0,84,0,0,60.4438,384,[84 -64 4 0 0 0 0 0 0 0 0 0 15 -3 15 -5 15 -4 14 -4 13 -5 11 -5 13 -3 12 -3 12 -4 11 -2 11 -3 11 -3 9 -3 9 -4 9 -3 9 -3 10 -2 10 -2 6 -2 7 -3 8 -1 8 -1 8 -1 7 -2 6 -1 6 -1 0 0 6 -1 6 0 8 -1 5 0 6 1 4 1 5 1 5 1 7 2 5 1 5 1 5 1 6 2 6 2 6 3 8 4 7 3 6 3 7 4 8 5 8 5 7 5 7 5 9 6 11 7 11 6 0 0 0 0 0 0 0 0 0 0 ]
230,1783416225.839239,9.2852,-80,CSI_DATA,AP,98:F4:AB:29:67:94,-80,11,1,4,1,1,1,0,0,0,0,-96,0,6,1,60153924,0,84,0,0,60.536,384,[84 -64 4 0 0 0 0 0 0 0 0 0 5 -18 5 -16 5 -16 5 -16 5 -16 6 -14 4 -14 7 -12 5 -13 7 -12 5 -14 4 -13 3 -13 3 -10 3 -11 3 -13 2 -12 3 -10 3 -8 3 -11 3 -9 2 -9 4 -8 3 -8 3 -9 2 -8 0 0 3 -7 3 -6 5 -6 3 -6 4 -6 4 -7 6 -5 3 -4 5 -7 4 -4 5 -4 5 -5 4 -4 7 -5 6 -6 7 -7 7 -7 6 -6 8 -4 10 -7 10 -6 10 -7 11 -6 10 -8 11 -7 10 -9 0 0 0 0 0 0 0 0 0 0 ]
231,1783416225.970558,7.5761,-80,CSI_DATA,AP,98:F4:AB:29:67:94,-80,11,1,4,1,1,1,0,0,0,0,-96,0,6,1,60243654,0,84,0,0,60.6257,384,[84 -64 4 0 0 0 0 0 0 0 0 0 0 16 0 14 0 16 0 13 0 14 -1 12 0 12 -1 11 0 11 -1 10 1 11 0 10 1 10 0 9 1 9 1 10 1 7 0 10 -1 8 0 6 1 7 1 7 0 7 0 7 1 6 0 7 0 0 1 5 0 7 -1 5 0 7 0 5 -1 5 -2 4 -1 6 -1 5 -3 7 -1 7 -2 6 -1 5 -1 6 -1 7 -1 8 -2 9 -3 7 -4 7 -4 8 -4 9 -3 10 -4 10 -3 11 -3 12 -3 11 0 0 0 0 0 0 0 0 0 0 ]
232,1783416226.098305,6.8624,-81,CSI_DATA,AP,98:F4:AB:29:67:94,-81,11,1,4,1,1,1,0,0,0,0,-96,0,6,1,60334137,0,84,0,0,60.7162,384,[84 -64 4 0 0 0 0 0 0 0 0 0 -17 -4 -15 -4 -15 -3 -15 -4 -14 -4 -12 -2 -13 -3 -13 -3 -11 -4 -11 -3 -12 -2 -12 -2 -11 -2 -11 -1 -11 -1 -11 -1 -10 -1 -10 -1 -9 -2 -8 -1 -9 -1 -9 -1 -8 -3 -7 -1 -7 -1 -8 -1 0 0 -7 -2 -7 -2 -6 -2 -7 -2 -5 -2 -8 -4 -4 -2 -6 -2 -5 -3 -5 -3 -7 -3 -6 -3 -7 -3 -5 -5 -8 -3 -8 -4 -9 -6 -8 -5 -9 -6 -9 -6 -9 -7 -7 -6 -7 -8 -10 -6 -10 -7 -10 -6 0 0 0 0 0 0 0 0 0 0 ]
233,1783416226.229978,7.0077,-78,CSI_DATA,AP,98:F4:AB:29:67:94,-78,11,1,2,1,1,1,0,0,0,0,-96,0,6,1,60430103,0,84,0,0,60.8121,384,[84 -64 4 0 0 0 0 0 0 0 0 0 -13 -11 -11 -10 -11 -10 -10 -10 -12 -10 -8 -9 -9 -8 -8 -8 -9 -8 -8 -8 -9 -8 -10 -7 -8 -7 -9 -6 -8 -6 -9 -6 -8 -6 -8 -5 -7 -6 -8 -5 -7 -5 -6 -5 -6 -5 -6 -5 -6 -5 -6 -5 0 0 -6 -6 -5 -5 -6 -5 -4 -5 -4 -5 -4 -5 -4 -5 -3 -5 -3 -6 -3 -6 -4 -5 -4 -5 -4 -6 -3 -7 -5 -7 -5 -8 -4 -8 -3 -8 -4 -9 -4 -9 -4 -9 -4 -9 -5 -10 -6 -10 -5 -8 -6 -11 0 0 0 0 0 0 0 0 0 0 ]
234,1783416226.358171,7.0062,-80,CSI_DATA,AP,98:F4:AB:29:67:94,-80,11,1,4,1,1,1,0,0,0,0,-96,0,6,1,60509925,0,84,0,0,60.8918,384,[84 -64 4 0 0 0 0 0 0 0 0 0 -10 13 -10 12 -10 11 -9 12 -9 11 -9 10 -7 9 -8 9 -7 10 -8 9 -5 8 -8 10 -6 8 -5 8 -5 6 -4 9 -5 8 -5 8 -5 7 -5 6 -5 6 -5 7 -5 7 -4 6 -5 6 -4 6 0 0 -4 4 -4 5 -5 4 -4 5 -4 4 -4 5 -7 3 -5 4 -5 4 -5 5 -5 4 -4 5 -3 4 -6 4 -5 4 -7 5 -7 5 -8 4 -7 5 -8 5 -9 5 -10 6 -10 7 -8 7 -9 6 -10 7 0 0 0 0 0 0 0 0 0 0 ]
235,1783416226.484623,7.0390,-80,CSI_DATA,AP,98:F4:AB:29:67:94,-80,11,1,4,1,1,1,0,0,0,0,-96,0,6,1,60600583,0,84,0,0,60.9826,384,[84 -64 4 0 0 0 0 0 0 0 0 0 9 -13 9 -11 11 -12 10 -11 10 -12 7 -10 8 -9 7 -9 7 -10 8 -9 5 -9 7 -8 5 -10 7 -9 6 -7 6 -10 4 -7 5 -6 5 -9 6 -8 3 -8 4 -7 4 -6 6 -6 5 -5 4 -5 0 0 4 -3 5 -6 4 -4 4 -5 4 -3 4 -4 5 -4 4 -4 6 -4 5 -4 5 -3 5 -4 6 -3 5 -4 5 -5 8 -4 8 -5 8 -3 9 -3 10 -5 8 -4 8 -4 11 -4 10 -5 11 -6 10 -5 0 0 0 0 0 0 0 0 0 0 ]
236,1783416226.614242,8.1970,-80,CSI_DATA,AP,98:F4:AB:29:67:94,-80,11,1,4,1,1,1,0,0,0,0,-96,0,6,1,60689377,0,84,0,0,61.0714,384,[84 -64 4 0 0 0 0 0 0 0 0 0 -14 -9 -13 -10 -15 -9 -11 -9 -14 -8 -11 -7 -10 -8 -10 -7 -11 -6 -11 -6 -10 -5 -9 -5 -9 -5 -10 -5 -9 -5 -10 -4 -9 -4 -10 -3 -9 -4 -8 -4 -8 -4 -7 -4 -7 -3 -7 -3 -8 -4 -6 -3 0 0 -7 -2 -7 -3 -6 -4 -6 -2 -4 -5 -5 -2 -5 -4 -6 -4 -4 -4 -4 -4 -6 -4 -4 -4 -6 -4 -8 -5 -7 -4 -6 -5 -7 -6 -7 -6 -7 -7 -10 -7 -8 -8 -9 -8 -9 -7 -10 -7 -8 -8 -10 -7 0 0 0 0 0 0 0 0 0 0 ]
237,1783416226.741775,8.6220,-80,CSI_DATA,AP,98:F4:AB:29:67:94,-80,11,1,4,1,1,1,0,0,0,0,-96,0,6,1,60782008,0,84,0,0,61.164,384,[84 -64 4 0 0 0 0 0 0 0 0 0 -7 -16 -7 -15 -6 -16 -4 -15 -5 -13 -5 -13 -4 -13 -4 -13 -5 -13 -6 -12 -5 -11 -6 -11 -4 -9 -5 -9 -4 -9 -6 -9 -3 -9 -4 -9 -5 -8 -3 -8 -4 -7 -4 -8 -4 -7 -3 -8 -4 -7 -5 -7 0 0 -3 -7 -3 -7 -1 -7 -3 -6 -1 -6 -1 -6 -1 -7 -1 -6 -3 -6 -3 -7 -2 -6 -3 -6 -2 -7 -1 -7 -2 -9 -1 -8 0 -10 -1 -10 1 -8 0 -9 -1 -11 1 -10 0 -11 -1 -11 0 -11 -1 -13 0 0 0 0 0 0 0 0 0 0 ]
238,1783416226.868366,7.8971,-80,CSI_DATA,AP,98:F4:AB:29:67:94,-80,11,1,4,1,1,1,0,0,0,0,-96,0,6,1,60871994,0,84,0,0,61.254,384,[84 -64 4 0 0 0 0 0 0 0 0 0 13 -10 12 -10 13 -10 11 -9 11 -8 10 -7 9 -9 9 -7 9 -7 8 -8 9 -7 7 -8 9 -8 8 -7 8 -7 8 -7 8 -7 6 -6 6 -8 5 -6 6 -5 7 -6 5 -5 7 -5 6 -4 6 -5 0 0 5 -4 6 -5 6 -4 5 -3 5 -2 5 -3 5 -3 4 -2 7 -2 6 -3 4 -3 6 -2 5 -1 6 -3 7 -2 8 -1 9 -2 7 -2 8 -1 8 -3 8 -2 8 -1 10 0 11 -1 11 0 12 -2 0 0 0 0 0 0 0 0 0 0 ]
239,1783416226.995774,7.9493,-74,CSI_DATA,AP,98:F4:AB:29:67:94,-74,11,0,0,0,0,0,0,0,0,0,-96,0,6,1,60965200,0,84,0,0,61.3474,128,[84 -64 4 0 0 0 0 0 0 0 0 0 -22 30 -18 29 -21 30 -19 28 -18 29 -17 22 -16 23 -17 20 -15 22 -14 21 -14 21 -14 20 -13 19 -11 22 -10 19 -12 21 -10 19 -9 17 -10 18 -11 15 -9 16 -10 15 -8 15 -8 13 -9 13 -11 13 0 0 -11 11 -11 12 -10 12 -12 13 -10 10 -11 9 -11 9 -12 8 -10 7 -12 7 -11 9 -10 8 -11 9 -14 8 -17 10 -17 10 -18 9 -16 8 -19 8 -21 9 -20 8 -19 10 -24 10 -23 11 -24 11 -23 12 0 0 0 0 0 0 0 0 0 0 ]
240,1783416227.126001,8.1218,-80,CSI_DATA,AP,98:F4:AB:29:67:94,-80,11,1,4,1,1,1,0,0,0,0,-96,0,6,1,61051215,0,84,0,0,61.4333,384,[84 -64 4 0 0 0 0 0 0 0 0 0 -4 -16 -3 -15 -4 -15 -4 -14 -3 -15 -3 -14 -4 -14 -4 -13 -4 -12 -2 -12 -3 -11 -4 -11 -3 -11 -5 -11 -2 -10 -6 -11 -2 -9 -4 -9 -4 -9 -3 -9 -2 -8 -2 -8 -3 -8 -3 -8 -4 -7 -3 -8 0 0 -3 -8 -2 -8 -2 -7 -2 -7 -1 -5 -2 -6 -2 -6 -1 -6 -1 -5 -3 -6 -1 -6 -2 -6 0 -6 0 -7 -2 -9 -1 -9 0 -10 1 -10 0 -9 -1 -10 0 -10 0 -11 -1 -11 0 -11 0 -12 0 -12 0 0 0 0 0 0 0 0 0 0 ]
241,1783416227.254919,7.1848,-80,CSI_DATA,AP,98:F4:AB:29:67:94,-80,11,1,4,1,1,1,0,0,0,0,-96,0,6,1,61139314,0,84,0,0,61.5212,384,[84 -64 4 0 0 0 0 0 0 0 0 0 3 16 2 16 1 14 2 13 0 14 2 11 2 12 2 13 2 9 1 12 2 11 3 10 2 9 4 7 3 7 1 5 2 9 4 7 -4 6 2 8 1 8 3 8 0 6 2 7 1 7 2 6 0 0 0 7 0 7 0 7 0 7 -1 6 -1 4 -1 6 -1 6 0 6 1 7 -1 5 -2 6 -1 6 -1 6 -1 7 -1 7 -2 8 -2 8 -2 8 -1 7 -2 9 -2 10 -2 11 -1 10 -2 11 -3 11 0 0 0 0 0 0 0 0 0 0 ]
242,1783416227.382746,7.3201,-80,CSI_DATA,AP,98:F4:AB:29:67:94,-80,11,1,4,1,1,1,0,0,0,0,-96,0,6,1,61231508,0,84,0,0,61.6135,384,[84 -64 4 0 0 0 0 0 0 0 0 0 7 -16 10 -14 10 -15 9 -14 8 -14 7 -13 7 -14 6 -12 5 -13 5 -11 4 -11 5 -12 5 -12 6 -11 5 -12 4 -11 5 -11 4 -11 4 -12 4 -8 4 -9 3 -11 3 -8 3 -8 3 -7 3 -8 0 0 3 -7 4 -9 4 -6 3 -7 4 -6 4 -4 5 -5 4 -5 3 -7 3 -5 3 -7 4 -6 5 -7 4 -7 5 -7 6 -6 6 -8 6 -7 7 -7 6 -8 7 -8 8 -9 8 -8 9 -10 9 -9 7 -11 0 0 0 0 0 0 0 0 0 0 ]
243,1783416227.510777,6.7341,-80,CSI_DATA,AP,98:F4:AB:29:67:94,-80,11,1,4,1,1,1,0,0,0,0,-96,0,6,1,61319422,0,84,0,0,61.7014,384,[84 -64 4 0 0 0 0 0 0 0 0 0 9 14 8 13 9 12 7 12 7 11 7 11 7 10 6 10 5 9 7 11 6 6 7 7 8 8 7 7 6 6 7 8 6 5 7 6 6 5 6 6 4 6 6 5 5 5 5 5 4 5 3 4 0 0 5 4 4 4 4 3 3 4 2 4 4 5 2 5 3 5 2 6 2 4 4 5 4 5 3 5 3 4 4 7 4 6 5 6 4 6 5 7 4 7 4 8 3 7 5 8 6 8 6 9 5 9 0 0 0 0 0 0 0 0 0 0 ]
244,1783416227.637870,7.2450,-80,CSI_DATA,AP,98:F4:AB:29:67:94,-80,11,1,4,1,1,1,0,0,0,0,-96,0,6,1,61410155,0,84,0,0,61.7922,384,[84 -64 4 0 0 0 0 0 0 0 0 0 2 -16 3 -15 2 -16 1 -15 3 -15 0 -12 2 -13 1 -12 0 -12 0 -11 -1 -12 0 -11 -1 -11 1 -10 -2 -11 -1 -11 0 -10 -1 -8 -2 -10 0 -9 -1 -9 -2 -9 0 -9 0 -9 0 -8 0 -7 0 0 0 -7 0 -8 0 -7 0 -7 1 -6 0 -8 1 -6 -1 -5 1 -7 1 -7 0 -6 1 -7 0 -7 1 -6 1 -8 0 -9 3 -10 2 -8 3 -9 2 -9 3 -9 3 -10 4 -11 3 -12 2 -12 2 -12 0 0 0 0 0 0 0 0 0 0 ]
245,1783416227.766023,7.6822,-80,CSI_DATA,AP,98:F4:AB:29:67:94,-80,11,1,4,1,1,1,0,0,0,0,-96,0,6,1,61499485,0,84,0,0,61.8815,384,[84 -64 4 0 0 0 0 0 0 0 0 0 -6 -16 -6 -15 -6 -14 -5 -13 -6 -14 -6 -13 -5 -13 -4 -12 -6 -12 -5 -11 -4 -11 -6 -10 -6 -10 -6 -10 -5 -9 -6 -9 -5 -10 -4 -8 -4 -8 -5 -7 -4 -7 -6 -7 -4 -8 -4 -6 -4 -7 -4 -7 0 0 -3 -8 -3 -7 -2 -5 -4 -6 -1 -7 -2 -7 -1 -6 -1 -7 -2 -7 -2 -7 -2 -7 -2 -6 -2 -6 0 -7 -2 -8 -3 -7 -2 -10 -1 -9 -3 -9 -1 -10 -2 -10 -2 -10 -1 -11 -2 -11 -2 -12 -1 -12 0 0 0 0 0 0 0 0 0 0 ]
246,1783416227.893574,8.0589,-80,CSI_DATA,AP,98:F4:AB:29:67:94,-80,11,1,4,1,1,1,0,0,0,0,-96,0,6,1,61590353,0,84,0,0,61.9724,384,[84 -64 4 0 0 0 0 0 0 0 0 0 -10 -13 -9 -14 -9 -15 -8 -11 -9 -11 -7 -11 -6 -11 -7 -10 -6 -10 -8 -8 -7 -9 -7 -8 -7 -8 -9 -9 -6 -8 -9 -8 -7 -7 -7 -7 -7 -7 -3 -7 -6 -7 -5 -8 -6 -7 -5 -6 -6 -5 -4 -5 0 0 -5 -6 -4 -7 -4 -6 -5 -5 -4 -5 -1 -6 -4 -6 -4 -5 -3 -5 -4 -6 -5 -7 -3 -6 -5 -6 -3 -6 -4 -9 -5 -8 -3 -8 -4 -8 -4 -9 -4 -9 -3 -9 -4 -10 -3 -11 -4 -11 -5 -11 -5 -10 0 0 0 0 0 0 0 0 0 0 ]
247,1783416228.020663,8.0032,-74,CSI_DATA,AP,98:F4:AB:29:67:94,-74,11,0,0,0,0,0,0,0,0,0,-96,0,6,1,61686635,0,84,0,0,62.0688,128,[84 -64 4 0 0 0 0 0 0 0 0 0 29 27 25 20 27 25 24 21 24 21 19 18 20 21 19 19 20 14 18 17 19 16 17 16 18 17 17 14 16 12 19 14 16 11 17 11 14 10 15 12 13 11 13 10 12 12 12 10 12 9 12 11 0 0 11 10 13 10 10 9 11 10 8 10 9 12 5 11 7 12 7 9 6 11 9 12 5 10 9 12 8 13 8 15 8 15 8 18 6 17 6 17 7 18 7 20 8 21 8 22 10 23 10 22 10 23 0 0 0 0 0 0 0 0 0 0 ]
248,1783416228.150066,8.4115,-78,CSI_DATA,AP,98:F4:AB:29:67:94,-78,11,1,2,1,1,1,0,0,0,0,-96,0,6,1,61791359,0,84,0,0,62.1735,384,[84 -64 4 0 0 0 0 0 0 0 0 0 -17 -7 -16 -7 -17 -6 -14 -5 -15 -5 -13 -5 -14 -4 -13 -6 -12 -5 -13 -5 -12 -4 -11 -3 -11 -4 -11 -3 -10 -3 -12 -2 -10 -2 -10 -3 -8 -3 -9 -3 -9 -2 -9 -1 -8 -3 -8 -2 -7 -5 -7 -4 0 0 -8 -4 -7 -2 -7 -2 -8 -3 -6 -2 -5 -4 -6 -3 -6 -3 -5 -5 -5 -5 -7 -4 -5 -3 -6 -4 -8 -5 -7 -5 -9 -5 -9 -5 -8 -7 -8 -5 -8 -7 -9 -8 -8 -8 -10 -8 -10 -8 -10 -7 -10 -9 0 0 0 0 0 0 0 0 0 0 ]
249,1783416228.277181,8.4623,-74,CSI_DATA,AP,98:F4:AB:29:67:94,-74,11,0,0,0,0,0,0,0,0,0,-96,0,6,1,61873832,0,84,0,0,62.256,128,[84 -64 4 0 0 0 0 0 0 0 0 0 -35 -12 -33 -14 -34 -14 -32 -15 -31 -12 -27 -11 -25 -12 -25 -13 -26 -12 -24 -11 -25 -6 -28 -6 -25 -7 -24 -6 -22 -4 -23 -5 -21 -4 -19 -5 -20 -4 -19 -5 -18 -8 -17 -6 -16 -5 -16 -4 -19 -3 -17 -4 0 0 -15 -5 -17 -5 -15 -4 -15 -5 -13 -4 -14 -6 -12 -7 -12 -8 -10 -5 -11 -6 -13 -7 -11 -6 -15 -7 -13 -9 -16 -8 -15 -11 -17 -12 -16 -12 -17 -14 -17 -13 -17 -14 -17 -15 -20 -15 -19 -13 -23 -13 -24 -15 0 0 0 0 0 0 0 0 0 0 ]
250,1783416228.403542,7.7814,-80,CSI_DATA,AP,98:F4:AB:29:67:94,-80,11,1,4,1,1,1,0,0,0,0,-96,0,6,1,61950975,0,84,0,0,62.3329,384,[84 -64 4 0 0 0 0 0 0 0 0 0 -11 13 -10 11 -11 12 -10 10 -11 11 -9 9 -8 8 -8 8 -7 9 -8 8 -9 9 -7 9 -8 7 -7 8 -6 9 -6 8 -5 7 -6 7 -6 7 -5 5 -7 6 -7 6 -7 5 -5 5 -5 5 -3 5 0 0 -5 4 -6 6 -4 3 -4 3 -4 3 -5 4 -5 3 -4 3 -6 3 -5 2 -7 3 -6 4 -7 2 -7 4 -7 2 -7 2 -9 3 -8 3 -9 3 -9 4 -10 3 -10 4 -10 3 -11 5 -11 3 -11 4 0 0 0 0 0 0 0 0 0 0 ]
251,1783416228.530565,7.5896,-80,CSI_DATA,AP,98:F4:AB:29:67:94,-80,11,1,4,1,1,1,0,0,0,0,-96,0,6,1,62040941,0,84,0,0,62.423,384,[84 -64 4 0 0 0 0 0 0 0 0 0 -11 -15 -9 -13 -8 -13 -8 -13 -8 -13 -7 -13 -6 -14 -6 -11 -6 -12 -6 -11 -7 -9 -7 -10 -6 -9 -6 -8 -7 -9 -7 -9 -7 -9 -7 -7 -7 -7 -5 -6 -6 -7 -6 -6 -4 -7 -6 -6 -5 -6 -5 -6 0 0 -4 -6 -4 -6 -4 -5 -4 -6 -3 -5 -2 -6 -2 -6 -2 -6 -2 -5 -4 -5 -3 -5 -4 -6 -3 -7 -4 -6 -3 -8 -4 -8 -3 -8 -2 -10 -3 -10 -4 -10 -3 -9 -3 -10 -4 -9 -5 -10 -5 -11 -5 -11 0 0 0 0 0 0 0 0 0 0 ]
252,1783416228.660699,8.0351,-79,CSI_DATA,AP,98:F4:AB:29:67:94,-79,11,1,4,1,1,1,0,0,0,0,-96,0,6,1,62130294,0,84,0,0,62.5123,384,[84 -64 4 0 0 0 0 0 0 0 0 0 -16 10 -13 6 -15 7 -12 7 -14 6 -11 6 -12 6 -10 6 -10 5 -11 6 -9 7 -9 6 -9 5 -9 6 -9 5 -8 8 -7 6 -7 5 -7 5 -6 5 -7 5 -8 4 -6 4 -6 4 -7 5 -6 5 0 0 -6 5 -6 3 -6 4 -6 3 -6 2 -7 4 -6 2 -5 2 -4 2 -5 3 -7 2 -6 3 -7 3 -6 2 -7 2 -7 3 -9 4 -8 3 -9 4 -9 4 -10 4 -9 2 -10 4 -10 5 -9 5 -10 6 0 0 0 0 0 0 0 0 0 0 ]
253,1783416228.792141,7.4827,-80,CSI_DATA,AP,98:F4:AB:29:67:94,-80,11,1,4,1,1,1,0,0,0,0,-96,0,6,1,62219979,0,84,0,0,62.602,384,[84 -64 4 0 0 0 0 0 0 0 0 0 4 14 4 14 5 14 3 14 5 12 2 12 3 10 3 10 3 12 3 11 3 10 3 10 4 9 3 8 4 10 3 9 4 8 2 8 3 7 3 7 3 7 3 6 3 6 3 6 2 7 2 5 0 0 1 6 1 6 0 5 2 5 0 7 1 5 -1 5 0 5 1 6 2 5 1 5 0 7 -1 6 1 6 1 7 0 8 0 9 0 7 0 8 -1 8 -1 9 -1 9 -1 9 1 10 0 11 0 10 0 0 0 0 0 0 0 0 0 0 ]
254,1783416228.922217,8.1353,-80,CSI_DATA,AP,98:F4:AB:29:67:94,-80,11,1,4,1,1,1,0,0,0,0,-96,0,6,1,62310799,0,84,0,0,62.6928,384,[84 -64 4 0 0 0 0 0 0 0 0 0 6 -14 5 -14 6 -13 7 -15 4 -14 6 -12 4 -13 4 -11 5 -12 4 -11 3 -11 3 -12 4 -11 4 -10 2 -10 2 -11 1 -11 3 -10 2 -8 3 -8 3 -8 3 -8 2 -7 2 -7 3 -8 3 -7 0 0 2 -6 3 -8 3 -6 2 -6 2 -7 4 -5 2 -5 4 -4 3 -4 3 -5 2 -5 4 -4 4 -5 4 -5 4 -7 5 -6 7 -7 6 -6 6 -7 6 -6 6 -7 7 -7 7 -7 8 -8 9 -8 7 -8 0 0 0 0 0 0 0 0 0 0 ]
255,1783416229.078986,7.3799,-80,CSI_DATA,AP,98:F4:AB:29:67:94,-80,11,1,4,1,1,1,0,0,0,0,-96,0,6,1,62399608,0,84,0,0,62.7817,384,[84 -64 4 0 0 0 0 0 0 0 0 0 14 6 12 6 13 6 12 7 13 6 12 4 12 4 12 5 11 4 10 4 9 4 9 5 10 3 9 3 10 3 9 3 8 3 7 4 8 2 7 3 9 2 7 2 6 3 6 2 6 3 5 2 0 0 6 2 5 3 5 1 5 3 4 2 3 3 5 4 4 3 4 3 4 3 6 4 3 3 5 4 6 3 6 4 5 6 6 5 6 6 6 6 8 7 7 8 7 6 7 7 8 6 7 8 8 6 0 0 0 0 0 0 0 0 0 0 ]
256,1783416229.218403,7.4971,-74,CSI_DATA,AP,98:F4:AB:29:67:94,-74,11,0,0,0,0,0,0,0,0,0,-96,0,6,1,62496593,0,84,0,0,62.8787,128,[84 -64 4 0 0 0 0 0 0 0 0 0 -7 37 -5 35 -9 34 -9 31 -8 31 -6 27 -8 27 -7 25 -8 25 -6 23 -3 24 -2 25 -3 23 -3 24 -3 20 -3 24 -3 20 -1 20 -3 19 -4 20 -4 15 -3 18 -1 15 -3 15 -1 16 -3 16 0 0 -3 14 -3 16 -5 15 -3 13 -5 11 -6 14 -6 11 -7 9 -6 11 -6 11 -7 11 -4 12 -6 13 -6 13 -10 14 -12 16 -11 17 -11 15 -14 16 -14 16 -13 16 -15 17 -13 17 -14 21 -14 19 -14 23 0 0 0 0 0 0 0 0 0 0 ]
257,1783416229.350928,7.0133,-80,CSI_DATA,AP,98:F4:AB:29:67:94,-80,11,1,4,1,1,1,0,0,0,0,-96,0,6,1,62581839,0,84,0,0,62.9639,384,[84 -64 4 0 0 0 0 0 0 0 0 0 13 11 12 9 10 10 12 9 10 8 10 7 9 6 10 7 8 7 7 7 8 5 8 7 10 5 8 6 7 5 9 6 8 5 6 6 7 4 6 5 6 4 7 3 6 4 7 4 6 3 6 3 0 0 6 3 6 4 5 2 4 5 4 5 3 4 4 3 3 3 4 4 5 5 4 3 4 3 5 3 4 4 5 5 5 6 4 4 5 6 5 7 6 8 5 8 6 8 8 7 7 9 7 8 7 8 0 0 0 0 0 0 0 0 0 0 ]
258,1783416229.483627,6.5828,-80,CSI_DATA,AP,98:F4:AB:29:67:94,-80,11,1,4,1,1,1,0,0,0,0,-96,0,6,1,62669380,0,84,0,0,63.0513,384,[84 -64 4 0 0 0 0 0 0 0 0 0 10 10 10 8 12 10 9 9 10 10 9 9 8 10 7 8 9 7 8 7 7 5 7 8 8 6 8 6 7 5 8 6 8 6 7 7 6 4 7 5 5 6 4 4 5 5 5 4 4 5 6 6 0 0 5 4 5 5 3 3 4 6 4 5 3 5 2 5 2 4 4 5 2 4 3 3 1 4 2 5 3 5 4 7 3 5 4 7 3 7 2 8 3 8 1 9 3 9 1 11 3 10 3 11 4 11 0 0 0 0 0 0 0 0 0 0 ]
259,1783416229.612257,6.6591,-80,CSI_DATA,AP,98:F4:AB:29:67:94,-80,11,1,4,1,1,1,0,0,0,0,-96,0,6,1,62761881,0,84,0,0,63.1439,384,[84 -64 4 0 0 0 0 0 0 0 0 0 9 13 9 12 8 12 6 10 8 11 8 11 7 10 6 9 7 10 5 9 6 8 6 10 6 7 6 8 6 7 6 7 4 6 6 6 5 6 5 6 4 5 5 6 5 5 4 4 4 6 6 6 0 0 4 6 3 7 2 5 3 5 1 5 2 5 1 5 1 4 1 4 2 5 2 4 0 5 1 6 3 6 3 7 2 7 3 8 2 8 1 7 3 7 2 9 3 9 2 10 2 10 1 10 3 10 0 0 0 0 0 0 0 0 0 0 ]
260,1783416229.737810,7.9451,-80,CSI_DATA,AP,98:F4:AB:29:67:94,-80,11,1,4,1,1,1,0,0,0,0,-96,0,6,1,62851947,0,84,0,0,63.234,384,[84 -64 4 0 0 0 0 0 0 0 0 0 -14 13 -15 9 -16 10 -13 9 -16 8 -11 10 -13 10 -12 9 -12 8 -10 8 -9 10 -9 8 -10 8 -8 9 -9 8 -9 9 -9 7 -9 7 -7 6 -8 6 -6 6 -6 6 -4 6 -7 6 -7 6 -6 5 0 0 -6 4 -6 4 -6 5 -6 5 -6 3 -6 3 -7 3 -6 1 -8 4 -7 3 -5 4 -8 3 -7 3 -8 3 -8 4 -8 3 -9 4 -9 4 -9 4 -9 4 -10 4 -12 5 -12 5 -12 4 -12 4 -13 7 0 0 0 0 0 0 0 0 0 0 ]
261,1783416229.864665,8.8806,-78,CSI_DATA,AP,98:F4:AB:29:67:94,-78,11,1,2,1,1,1,0,0,0,0,-96,0,6,1,62941466,0,84,0,0,63.3235,384,[84 -64 4 0 0 0 0 0 0 0 0 0 -18 -5 -16 -5 -17 -6 -16 -4 -15 -4 -15 -6 -14 -4 -14 -4 -12 -3 -14 -4 -11 -4 -12 -3 -11 -3 -11 -3 -12 -3 -12 -2 -11 -2 -10 -2 -10 -3 -10 -4 -10 -4 -9 -4 -9 -3 -9 -3 -8 -4 -8 -2 0 0 -8 -4 -7 -4 -7 -4 -7 -3 -5 -3 -6 -3 -7 -4 -5 -3 -5 -4 -5 -6 -6 -5 -6 -4 -7 -4 -6 -5 -8 -6 -8 -5 -8 -8 -7 -6 -7 -6 -8 -7 -8 -9 -7 -8 -9 -9 -8 -9 -9 -11 -9 -9 0 0 0 0 0 0 0 0 0 0 ]
262,1783416229.994586,8.9180,-78,CSI_DATA,AP,98:F4:AB:29:67:94,-78,11,1,2,1,1,1,0,0,0,0,-96,0,6,1,63031444,0,84,0,0,63.4135,384,[84 -64 4 0 0 0 0 0 0 0 0 0 -3 -19 -4 -17 -3 -18 -2 -15 -4 -16 -3 -15 -2 -14 -3 -13 -3 -12 -1 -12 -3 -13 -3 -12 -3 -11 -3 -13 -2 -10 -4 -12 -3 -11 -4 -10 -3 -11 -1 -10 -2 -10 -3 -9 -1 -9 -1 -8 -1 -8 -2 -8 0 0 -1 -8 0 -8 -1 -7 -1 -6 0 -6 0 -7 0 -8 0 -6 0 -6 -1 -6 0 -7 0 -7 1 -8 1 -8 1 -10 0 -9 2 -10 2 -9 2 -9 2 -9 3 -10 3 -10 4 -12 2 -12 3 -12 3 -12 0 0 0 0 0 0 0 0 0 0 ]
263,1783416230.124217,8.9104,-80,CSI_DATA,AP,98:F4:AB:29:67:94,-80,11,1,4,1,1,1,0,0,0,0,-96,0,6,1,63121165,0,84,0,0,63.5032,384,[84 -64 4 0 0 0 0 0 0 0 0 0 -13 -12 -11 -13 -11 -12 -12 -11 -10 -10 -9 -11 -8 -10 -9 -10 -10 -10 -8 -8 -8 -9 -8 -8 -8 -7 -10 -7 -8 -8 -8 -7 -8 -7 -8 -6 -7 -5 -7 -4 -7 -6 -7 -5 -6 -6 -6 -5 -6 -6 -6 -5 0 0 -5 -4 -7 -4 -5 -7 -4 -6 -5 -5 -5 -4 -5 -5 -5 -6 -3 -6 -4 -6 -5 -6 -4 -5 -4 -5 -3 -7 -4 -6 -6 -8 -4 -8 -4 -7 -5 -9 -5 -9 -5 -10 -5 -9 -5 -9 -7 -10 -6 -10 -9 -10 0 0 0 0 0 0 0 0 0 0 ]
264,1783416230.260229,9.0357,-80,CSI_DATA,AP,98:F4:AB:29:67:94,-80,11,1,4,1,1,1,0,0,0,0,-96,0,6,1,63214028,0,84,0,0,63.5961,384,[84 -64 4 0 0 0 0 0 0 0 0 0 -10 -13 -8 -14 -9 -13 -7 -11 -8 -13 -7 -10 -8 -13 -6 -11 -6 -9 -8 -9 -8 -9 -8 -9 -7 -7 -8 -7 -7 -8 -7 -8 -8 -8 -6 -8 -7 -6 -6 -7 -7 -7 -7 -6 -6 -6 -6 -5 -7 -5 -6 -6 0 0 -5 -5 -7 -5 -4 -5 -5 -6 -4 -6 -3 -6 -2 -5 -3 -5 -4 -5 -4 -5 -4 -5 -4 -5 -3 -6 -1 -7 -6 -7 -6 -8 -4 -9 -5 -9 -4 -8 -4 -8 -5 -9 -3 -11 -4 -9 -4 -11 -5 -11 -5 -10 0 0 0 0 0 0 0 0 0 0 ]
265,1783416230.389861,8.7333,-79,CSI_DATA,AP,98:F4:AB:29:67:94,-79,11,1,4,1,1,1,0,0,0,0,-96,0,6,1,63301369,0,84,0,0,63.6834,384,[84 -64 4 0 0 0 0 0 0 0 0 0 -14 -9 -14 -9 -14 -9 -13 -8 -14 -10 -11 -8 -11 -6 -11 -7 -12 -7 -10 -7 -11 -6 -10 -5 -10 -6 -10 -5 -9 -4 -10 -5 -8 -5 -9 -4 -7 -5 -8 -4 -7 -5 -7 -5 -7 -3 -7 -5 -7 -5 -7 -4 0 0 -6 -4 -6 -3 -7 -5 -6 -5 -5 -4 -5 -5 -4 -5 -5 -5 -4 -3 -4 -5 -5 -5 -5 -4 -5 -4 -5 -7 -5 -6 -6 -7 -6 -7 -6 -6 -5 -7 -6 -7 -6 -8 -6 -8 -7 -10 -6 -10 -7 -10 -8 -9 0 0 0 0 0 0 0 0 0 0 ]
266,1783416230.519028,7.8576,-80,CSI_DATA,AP,98:F4:AB:29:67:94,-80,11,1,4,1,1,1,0,0,0,0,-96,0,6,1,63390849,0,84,0,0,63.7728,384,[84 -64 4 0 0 0 0 0 0 0 0 0 11 13 8 12 8 11 10 10 9 10 7 9 7 8 6 9 7 7 7 7 7 7 6 7 7 6 8 6 7 6 8 7 7 5 7 6 5 5 5 5 7 4 5 5 5 5 4 4 6 4 4 5 0 0 5 3 3 4 4 4 4 6 3 4 3 4 3 6 3 3 4 4 4 3 3 4 4 5 4 5 4 5 6 6 3 7 3 8 4 7 4 8 5 7 4 7 4 7 6 9 6 7 6 9 7 9 0 0 0 0 0 0 0 0 0 0 ]
267,1783416230.647636,7.3804,-80,CSI_DATA,AP,98:F4:AB:29:67:94,-80,11,1,4,1,1,1,0,0,0,0,-96,0,6,1,63480442,0,84,0,0,63.8625,384,[84 -64 4 0 0 0 0 0 0 0 0 0 -14 9 -12 9 -14 9 -12 8 -14 8 -11 8 -11 7 -10 7 -9 7 -11 7 -9 7 -8 8 -10 7 -7 6 -8 8 -7 8 -7 6 -8 7 -7 5 -7 4 -6 5 -7 4 -6 5 -7 5 -6 5 -6 4 0 0 -6 3 -6 5 -6 2 -6 4 -6 3 -5 2 -5 1 -5 2 -6 1 -6 2 -7 2 -7 1 -7 2 -7 2 -7 3 -9 2 -10 1 -9 2 -9 2 -8 1 -9 2 -11 2 -11 2 -12 2 -11 4 -12 3 0 0 0 0 0 0 0 0 0 0 ]
268,1783416230.777029,6.4342,-80,CSI_DATA,AP,98:F4:AB:29:67:94,-80,11,1,4,1,1,1,0,0,0,0,-96,0,6,1,63570218,0,84,0,0,63.9523,384,[84 -64 4 0 0 0 0 0 0 0 0 0 10 9 9 10 10 8 9 11 12 8 8 9 10 9 9 7 9 7 9 6 8 6 9 6 9 6 9 7 6 6 9 5 8 5 6 5 7 6 7 5 5 3 5 3 5 5 6 5 5 4 5 4 0 0 4 5 5 6 3 4 3 5 4 4 2 4 2 5 3 5 3 4 3 5 3 4 4 4 3 6 1 6 3 7 2 7 2 7 2 7 2 7 2 8 2 8 1 10 3 10 3 10 5 10 4 12 0 0 0 0 0 0 0 0 0 0 ]
269,1783416230.905486,6.4916,-80,CSI_DATA,AP,98:F4:AB:29:67:94,-80,11,1,4,1,1,1,0,0,0,0,-96,0,6,1,63661430,0,84,0,0,64.0435,384,[84 -64 4 0 0 0 0 0 0 0 0 0 7 -17 6 -13 7 -16 7 -12 7 -14 5 -14 5 -11 4 -10 4 -12 5 -11 4 -11 4 -11 4 -10 2 -9 3 -10 4 -9 0 -8 3 -9 2 -8 2 -7 3 -9 3 -8 2 -7 3 -8 1 -7 1 -9 0 0 3 -8 3 -6 2 -6 2 -7 2 -7 4 -7 2 -6 3 -6 3 -4 4 -6 3 -6 3 -6 2 -6 3 -6 4 -5 5 -8 6 -6 5 -5 6 -6 6 -7 7 -8 7 -7 7 -8 8 -9 7 -9 8 -8 0 0 0 0 0 0 0 0 0 0 ]
270,1783416231.034915,6.7709,-80,CSI_DATA,AP,98:F4:AB:29:67:94,-80,11,1,4,1,1,1,0,0,0,0,-96,0,6,1,63751120,0,84,0,0,64.1332,384,[84 -64 4 0 0 0 0 0 0 0 0 0 -12 13 -10 12 -11 11 -10 11 -9 11 -9 11 -9 9 -8 8 -7 8 -8 8 -8 10 -6 8 -9 9 -7 8 -6 8 -7 7 -7 9 -6 7 -6 7 -7 7 -7 5 -6 5 -5 5 -5 5 -5 5 -5 5 0 0 -5 3 -5 4 -5 4 -5 4 -6 3 -5 3 -5 3 -4 2 -4 3 -6 3 -5 4 -4 3 -7 4 -7 4 -6 4 -6 3 -9 4 -8 2 -9 3 -9 3 -9 4 -10 4 -9 4 -11 3 -12 4 -11 5 0 0 0 0 0 0 0 0 0 0 ]
271,1783416231.162265,7.9407,-80,CSI_DATA,AP,98:F4:AB:29:67:94,-80,11,1,4,1,1,1,0,0,0,0,-96,0,6,1,63840031,0,84,0,0,64.2221,384,[84 -64 4 0 0 0 0 0 0 0 0 0 1 -15 1 -15 2 -15 3 -15 1 -14 0 -13 2 -13 2 -13 0 -12 0 -11 0 -13 1 -12 -1 -11 -1 -12 0 -9 -1 -10 0 -11 -1 -9 1 -10 1 -10 -1 -10 1 -7 1 -8 1 -7 0 -9 -1 -7 0 0 1 -8 1 -8 1 -8 0 -7 2 -7 1 -5 2 -7 2 -6 3 -5 1 -7 1 -6 2 -6 2 -5 2 -7 2 -8 3 -8 4 -8 3 -8 4 -8 4 -8 5 -8 5 -9 6 -9 4 -12 4 -10 5 -11 0 0 0 0 0 0 0 0 0 0 ]
272,1783416231.291145,8.3054,-80,CSI_DATA,AP,98:F4:AB:29:67:94,-80,11,1,4,1,1,1,0,0,0,0,-96,0,6,1,63929589,0,84,0,0,64.3116,384,[84 -64 4 0 0 0 0 0 0 0 0 0 16 -6 15 -5 15 -5 14 -4 13 -5 12 -5 11 -3 11 -3 10 -4 11 -5 10 -3 11 -5 10 -5 11 -4 9 -4 9 -4 8 -5 7 -4 8 -3 8 -5 7 -3 7 -3 7 -3 8 -4 8 -2 6 -2 0 0 6 0 8 0 6 -2 6 -2 6 -2 7 0 6 -1 5 -2 5 -2 7 -1 6 0 7 -1 6 0 7 0 8 1 8 0 8 1 8 1 9 2 9 1 10 1 9 1 12 3 11 2 11 2 10 1 0 0 0 0 0 0 0 0 0 0 ]
273,1783416231.425731,7.4076,-80,CSI_DATA,AP,98:F4:AB:29:67:94,-80,11,1,4,1,1,1,0,0,0,0,-96,0,6,1,64021195,0,84,0,0,64.4033,384,[84 -64 4 0 0 0 0 0 0 0 0 0 3 14 1 15 3 15 3 13 1 12 3 11 2 12 2 11 4 11 2 12 2 11 1 10 2 9 3 9 2 8 3 10 2 9 3 7 3 8 2 7 2 6 4 6 2 7 3 7 1 6 2 7 0 0 2 6 1 6 1 5 1 6 0 5 0 5 1 6 1 4 0 5 0 7 1 5 1 5 0 6 0 7 1 6 0 7 0 8 0 8 0 9 0 8 1 9 -1 9 0 10 0 10 1 11 0 11 0 0 0 0 0 0 0 0 0 0 ]
274,1783416231.554531,8.1162,-80,CSI_DATA,AP,98:F4:AB:29:67:94,-80,11,1,4,1,1,1,0,0,0,0,-96,0,6,1,64111858,0,84,0,0,64.494,384,[84 -64 4 0 0 0 0 0 0 0 0 0 10 -13 10 -12 11 -13 9 -9 11 -11 8 -10 11 -8 9 -10 8 -7 11 -8 8 -9 7 -8 7 -9 6 -6 7 -7 8 -8 6 -7 6 -6 8 -6 9 -5 6 -4 7 -5 5 -3 6 -4 6 -6 5 -4 0 0 6 -2 6 -4 6 -4 5 -4 5 0 5 -3 5 -2 5 -2 12 0 12 -9 4 0 6 1 5 0 5 2 8 1 6 -2 7 3 8 1 7 3 8 3 7 2 8 3 10 5 10 5 10 5 11 5 0 0 0 0 0 0 0 0 0 0 ]
275,1783416231.760340,8.2413,-80,CSI_DATA,AP,98:F4:AB:29:67:94,-80,11,1,4,1,1,1,0,0,0,0,-96,0,6,1,64203824,0,84,0,0,64.5858,384,[84 -64 4 0 0 0 0 0 0 0 0 0 15 -3 14 -3 16 -3 14 -5 14 -2 11 -2 11 -3 12 -2 11 -3 12 -3 11 -3 11 -4 10 -2 10 -3 7 -3 10 -4 9 -4 10 -3 9 -3 8 -3 7 -2 9 -3 7 -2 8 -1 8 -1 7 0 0 0 5 0 7 -1 5 0 7 -2 6 -1 6 -1 5 -1 6 0 5 0 5 0 6 -1 6 -2 6 -1 7 0 7 0 7 1 8 1 7 2 9 1 9 3 9 2 10 2 11 1 12 1 11 3 12 2 0 0 0 0 0 0 0 0 0 0 ]
276,1783416231.886243,8.4044,-80,CSI_DATA,AP,98:F4:AB:29:67:94,-80,11,1,4,1,1,1,0,0,0,0,-96,0,6,1,64290293,0,84,0,0,64.6723,384,[84 -64 4 0 0 0 0 0 0 0 0 0 -5 16 -4 15 -4 15 -5 13 -6 13 -4 11 -4 11 -3 11 -3 11 -4 11 -4 9 -4 12 -3 11 -2 9 -1 8 0 11 -3 8 -1 10 -3 9 -2 8 -1 9 -2 7 -3 7 -2 7 -3 8 -1 7 0 0 -2 5 -2 7 -3 6 -2 6 -3 6 -4 5 -3 6 -3 6 -4 6 -3 6 -3 4 -3 4 -3 4 -3 6 -4 6 -4 8 -6 7 -5 7 -5 7 -5 7 -5 7 -6 8 -6 8 -6 10 -6 9 -7 9 0 0 0 0 0 0 0 0 0 0 ]
277,1783416232.010231,8.5548,-74,CSI_DATA,AP,98:F4:AB:29:67:94,-74,11,0,0,0,0,0,0,0,0,0,-96,0,6,1,64387474,0,84,0,0,64.7696,128,[84 -64 4 0 0 0 0 0 0 0 0 0 27 28 25 23 25 26 24 25 23 23 17 20 19 21 18 19 18 20 17 17 17 15 17 15 18 14 18 16 16 11 18 14 16 12 15 14 15 12 13 13 12 12 14 11 11 11 13 10 12 11 10 9 0 0 10 10 10 9 9 10 10 12 8 8 9 11 6 11 6 10 6 10 7 11 7 12 8 12 8 13 6 12 8 15 5 16 8 17 6 17 6 18 7 20 6 20 8 21 9 23 9 24 10 22 9 23 0 0 0 0 0 0 0 0 0 0 ]
278,1783416232.135951,8.3078,-80,CSI_DATA,AP,98:F4:AB:29:67:94,-80,11,1,4,1,1,1,0,0,0,0,-96,0,6,1,64473791,0,84,0,0,64.8558,384,[84 -64 4 0 0 0 0 0 0 0 0 0 9 11 9 12 9 12 7 12 9 10 6 12 8 11 7 10 5 9 6 9 7 9 6 8 7 8 6 7 6 7 8 7 6 6 7 7 6 5 6 5 6 5 5 5 4 6 5 5 5 3 4 5 0 0 6 5 5 4 5 3 3 4 4 4 4 5 3 4 2 3 2 4 2 4 4 4 4 4 4 5 3 4 3 5 3 7 4 8 4 6 4 6 4 8 4 9 5 8 4 11 4 9 5 9 5 8 0 0 0 0 0 0 0 0 0 0 ]
279,1783416232.260624,8.4721,-74,CSI_DATA,AP,98:F4:AB:29:67:94,-74,11,0,0,0,0,0,0,0,0,0,-96,0,6,1,64570362,0,84,0,0,64.9525,128,[84 -64 4 0 0 0 0 0 0 0 0 0 -25 -30 -22 -28 -24 -28 -22 -28 -23 -25 -17 -23 -18 -24 -16 -22 -18 -20 -17 -21 -18 -19 -19 -18 -18 -19 -16 -18 -16 -13 -21 -17 -17 -14 -15 -12 -15 -12 -14 -13 -13 -13 -15 -14 -13 -13 -12 -12 -15 -12 -12 -12 0 0 -12 -12 -11 -12 -11 -12 -11 -12 -10 -10 -9 -11 -8 -11 -5 -12 -9 -11 -8 -11 -8 -12 -9 -10 -8 -12 -7 -15 -10 -16 -10 -15 -11 -18 -9 -16 -9 -20 -10 -20 -9 -22 -11 -19 -10 -22 -12 -23 -11 -23 -12 -24 0 0 0 0 0 0 0 0 0 0 ]
280,1783416232.382167,8.5997,-78,CSI_DATA,AP,98:F4:AB:29:67:94,-78,11,1,2,1,1,1,0,0,0,0,-96,0,6,1,64656736,0,84,0,0,65.0388,384,[84 -64 4 0 0 0 0 0 0 0 0 0 -17 4 -18 2 -17 3 -16 3 -15 3 -14 1 -15 2 -13 1 -14 2 -13 1 -12 4 -11 4 -11 3 -11 3 -10 3 -12 1 -10 4 -9 2 -10 2 -11 2 -10 3 -8 1 -7 2 -8 2 -8 3 -8 2 0 0 -8 1 -8 2 -8 2 -6 0 -6 1 -8 0 -6 1 -7 0 -7 -1 -6 0 -7 0 -8 0 -7 0 -8 0 -9 -1 -8 -1 -9 0 -10 -2 -10 -2 -11 -2 -12 -2 -11 -2 -12 -2 -13 -2 -12 -1 -12 -1 0 0 0 0 0 0 0 0 0 0 ]
281,1783416232.505071,13.2676,-74,CSI_DATA,AP,98:F4:AB:29:67:94,-74,11,0,0,0,0,0,0,0,0,0,-96,0,6,1,64749344,0,84,0,0,65.1315,128,[84 -64 4 0 0 0 0 0 0 0 0 0 37 9 36 7 36 8 32 9 30 9 26 7 28 8 24 6 27 5 25 6 24 5 24 3 23 5 22 4 20 2 24 3 20 2 20 2 19 1 20 3 16 2 19 1 17 2 16 2 16 3 15 3 0 0 15 2 15 3 13 2 14 3 12 4 14 4 12 5 11 5 11 3 12 4 12 3 12 6 13 7 13 6 13 7 14 10 17 8 15 10 15 13 16 11 15 11 18 11 20 13 21 12 19 12 21 12 0 0 0 0 0 0 0 0 0 0 ]
282,1783416232.626630,11.1381,-78,CSI_DATA,AP,98:F4:AB:29:67:94,-78,11,1,2,1,1,1,0,0,0,0,-96,0,6,1,64837013,0,84,0,0,65.2191,384,[84 -64 4 0 0 0 0 0 0 0 0 0 19 2 15 2 16 1 15 1 15 2 12 1 13 1 12 2 11 1 11 0 13 0 11 1 10 -1 12 -1 11 -1 11 0 10 -1 9 -1 8 0 8 0 9 0 8 0 7 0 6 1 8 0 7 0 0 0 6 1 7 1 7 0 6 0 5 2 6 1 5 2 5 1 5 2 6 1 6 2 6 3 5 2 6 3 7 3 7 4 7 4 7 4 8 5 6 6 8 5 9 6 8 4 10 5 10 6 9 6 0 0 0 0 0 0 0 0 0 0 ]
283,1783416232.749310,8.9401,-80,CSI_DATA,AP,98:F4:AB:29:67:94,-80,11,1,4,1,1,1,0,0,0,0,-96,0,6,1,64921484,0,84,0,0,65.3034,384,[84 -64 4 0 0 0 0 0 0 0 0 0 9 -13 10 -12 9 -12 9 -10 10 -10 9 -10 9 -9 10 -10 6 -10 8 -9 4 -11 5 -11 5 -9 4 -10 4 -9 4 -10 4 -11 4 -7 4 -7 4 -8 4 -6 5 -8 4 -7 3 -7 4 -6 1 -6 0 0 3 -6 4 -6 4 -6 3 -5 4 -7 4 -5 4 -5 4 -3 4 -6 3 -4 3 -5 4 -5 4 -6 4 -6 5 -6 5 -5 7 -7 6 -6 6 -5 7 -6 7 -6 7 -7 8 -6 6 -8 7 -8 8 -9 0 0 0 0 0 0 0 0 0 0 ]
284,1783416232.871699,8.3790,-80,CSI_DATA,AP,98:F4:AB:29:67:94,-80,11,1,4,1,1,1,0,0,0,0,-96,0,6,1,65010452,0,84,0,0,65.3925,384,[84 -64 4 0 0 0 0 0 0 0 0 0 -16 7 -14 5 -15 6 -14 6 -15 6 -12 5 -13 5 -12 4 -13 3 -11 4 -11 5 -10 4 -11 4 -12 4 -10 5 -11 4 -8 3 -9 5 -8 3 -8 4 -8 4 -7 4 -7 3 -8 3 -8 2 -7 3 0 0 -6 2 -8 3 -5 3 -7 1 -5 2 -6 -1 -7 1 -6 0 -7 -1 -7 1 -8 2 -6 2 -6 0 -8 1 -8 -1 -10 0 -10 0 -10 -2 -10 -1 -9 -1 -11 -1 -11 -3 -11 -1 -11 -1 -12 -1 -13 0 0 0 0 0 0 0 0 0 0 0 ]
285,1783416232.994459,7.0737,-78,CSI_DATA,AP,98:F4:AB:29:67:94,-78,11,1,2,1,1,1,0,0,0,0,-96,0,6,1,65100401,0,84,0,0,65.4825,384,[84 -64 4 0 0 0 0 0 0 0 0 0 -10 12 -9 11 -10 12 -10 11 -11 9 -8 9 -8 9 -8 6 -8 9 -8 7 -8 7 -7 8 -7 8 -7 7 -7 8 -6 7 -5 7 -5 7 -6 6 -6 6 -6 6 -5 6 -5 4 -5 5 -5 5 -4 5 0 0 -4 5 -5 3 -5 4 -6 4 -5 2 -5 3 -5 2 -5 1 -5 2 -7 2 -6 3 -7 3 -5 2 -7 3 -7 3 -8 2 -8 3 -8 2 -8 1 -9 3 -9 2 -9 2 -11 1 -11 3 -12 2 -10 4 0 0 0 0 0 0 0 0 0 0 ]
286,1783416233.117068,6.6704,-80,CSI_DATA,AP,98:F4:AB:29:67:94,-80,11,1,4,1,1,1,0,0,0,0,-96,0,6,1,65190363,0,84,0,0,65.5724,384,[84 -64 4 0 0 0 0 0 0 0 0 0 16 -5 13 -4 14 -4 13 -4 14 -3 12 -2 12 -4 12 -4 10 -5 11 -3 11 -2 8 -2 10 -3 10 -4 8 -4 10 -4 7 -2 8 -4 7 -2 8 -4 8 -2 7 -5 7 -4 6 -2 7 -3 7 -4 0 0 6 -2 6 -2 6 -3 5 -2 6 -1 5 -1 4 1 5 -1 6 0 5 -2 5 -1 7 -1 6 -2 6 1 8 -1 7 0 9 0 8 0 8 0 8 1 8 1 9 1 10 0 9 0 10 0 11 1 0 0 0 0 0 0 0 0 0 0 ]
287,1783416233.241323,7.4540,-80,CSI_DATA,AP,98:F4:AB:29:67:94,-80,11,1,4,1,1,1,0,0,0,0,-96,0,6,1,65284888,0,84,0,0,65.6669,384,[84 -64 4 0 0 0 0 0 0 0 0 0 -13 14 -14 15 -12 13 -12 12 -13 12 -11 11 -10 10 -9 10 -9 9 -9 8 -9 9 -8 10 -7 10 -6 10 -7 8 -6 10 -8 10 -7 8 -7 6 -6 8 -7 7 -7 8 -5 7 -6 7 -6 7 -5 7 0 0 -5 6 -5 7 -5 6 -5 7 -5 6 -6 4 -6 4 -4 3 -2 4 -5 5 -6 5 -7 5 -7 6 -5 6 -7 5 -7 4 -8 6 -9 6 -8 5 -9 5 -10 7 -8 8 -11 6 -10 7 -10 7 -11 9 0 0 0 0 0 0 0 0 0 0 ]
288,1783416233.364376,8.2125,-79,CSI_DATA,AP,98:F4:AB:29:67:94,-79,11,1,4,1,1,1,0,0,0,0,-96,0,6,1,65376154,0,84,0,0,65.7582,384,[84 -64 4 0 0 0 0 0 0 0 0 0 -18 3 -17 1 -20 0 -17 -1 -16 2 -14 1 -17 0 -13 0 -14 1 -14 1 -14 2 -14 2 -14 2 -13 2 -11 3 -13 2 -11 2 -12 1 -11 1 -11 2 -10 0 -9 1 -10 1 -9 3 -9 2 -7 3 0 0 -8 3 -8 3 -8 1 -8 2 -6 1 -9 -1 -7 1 -6 -2 -8 -1 -7 -1 -6 2 -5 1 -9 0 -9 0 -9 0 -8 0 -11 -2 -11 -2 -9 -2 -12 -2 -10 -2 -12 -2 -12 0 -14 1 -13 -1 -12 -1 0 0 0 0 0 0 0 0 0 0 ]
289,1783416233.487663,7.9037,-78,CSI_DATA,AP,98:F4:AB:29:67:94,-78,11,1,2,1,1,1,0,0,0,0,-96,0,6,1,65463734,0,84,0,0,65.8458,384,[84 -64 4 0 0 0 0 0 0 0 0 0 -14 -6 -14 -6 -14 -6 -14 -5 -13 -5 -10 -7 -11 -5 -9 -6 -11 -5 -10 -6 -10 -5 -10 -3 -11 -5 -9 -4 -10 -4 -10 -4 -8 -2 -8 -4 -7 -2 -7 -3 -9 -3 -8 -3 -7 -3 -8 -3 -7 -2 -7 -2 0 0 -7 -3 -7 -3 -6 -3 -7 -3 -6 -2 -7 -3 -5 -4 -5 -3 -5 -3 -5 -4 -5 -3 -5 -3 -6 -4 -5 -4 -6 -4 -7 -4 -7 -5 -7 -6 -7 -6 -7 -6 -8 -7 -8 -5 -9 -6 -9 -6 -9 -8 -11 -6 0 0 0 0 0 0 0 0 0 0 ]
290,1783416233.610656,9.2663,-80,CSI_DATA,AP,98:F4:AB:29:67:94,-80,11,1,4,1,1,1,0,0,0,0,-96,0,6,1,65553963,0,84,0,0,65.936,384,[84 -64 4 0 0 0 0 0 0 0 0 0 -8 17 -6 15 -9 17 -6 14 -7 16 -7 12 -6 14 -5 12 -6 11 -7 11 -5 13 -5 12 -6 11 -5 11 -5 9 -4 11 -3 10 -2 11 -3 8 -2 8 -4 9 -2 9 -3 9 -3 9 -3 9 -5 8 0 0 -4 6 -2 8 -3 8 -4 5 -2 5 -4 6 -4 7 -4 3 -2 5 -4 5 -5 7 -5 5 -5 4 -6 6 -6 7 -5 6 -7 9 -5 6 -7 7 -9 6 -9 8 -7 7 -9 8 -10 9 -8 9 -8 8 0 0 0 0 0 0 0 0 0 0 ]
291,1783416233.731561,8.9310,-80,CSI_DATA,AP,98:F4:AB:29:67:94,-80,11,1,4,1,1,1,0,0,0,0,-96,0,6,1,65640892,0,84,0,0,66.0228,384,[84 -64 4 0 0 0 0 0 0 0 0 0 11 -13 10 -12 10 -11 10 -9 10 -10 8 -9 9 -9 8 -8 8 -8 9 -8 8 -8 6 -10 6 -9 6 -10 6 -8 5 -7 6 -6 5 -7 7 -8 3 -7 6 -5 5 -5 4 -6 4 -7 3 -6 4 -7 0 0 4 -4 5 -6 3 -5 5 -3 5 -5 5 -4 5 -2 5 -4 4 -2 4 -3 5 -3 5 -5 6 -3 5 -3 7 -4 7 -4 8 -3 8 -3 8 -3 9 -3 8 -3 7 -4 11 -4 9 -6 10 -4 10 -5 0 0 0 0 0 0 0 0 0 0 ]
292,1783416233.855246,7.2155,-80,CSI_DATA,AP,98:F4:AB:29:67:94,-80,11,1,4,1,1,1,0,0,0,0,-96,0,6,1,65729673,0,84,0,0,66.1117,384,[84 -64 4 0 0 0 0 0 0 0 0 0 18 4 17 6 17 6 16 7 15 6 14 3 11 4 14 3 12 4 12 5 13 3 12 5 13 3 10 4 9 1 10 2 11 1 10 1 9 2 9 2 10 0 8 0 9 2 7 1 7 1 7 1 0 0 8 1 8 1 7 2 5 1 6 0 6 1 5 1 4 2 6 2 6 0 7 1 6 2 7 1 8 2 8 2 9 3 9 3 8 3 8 3 9 3 10 5 10 4 10 4 11 4 11 3 12 2 0 0 0 0 0 0 0 0 0 0 ]
293,1783416233.979001,6.3449,-80,CSI_DATA,AP,98:F4:AB:29:67:94,-80,11,1,4,1,1,1,0,0,0,0,-96,0,6,1,65821837,0,84,0,0,66.2039,384,[84 -64 4 0 0 0 0 0 0 0 0 0 -13 11 -11 10 -12 10 -11 9 -11 9 -9 8 -10 7 -9 8 -8 7 -8 8 1 7 -7 7 -8 8 -8 8 -7 7 -7 7 -6 5 -6 7 -7 5 -6 6 -5 6 -7 6 -7 4 -6 4 -5 4 -6 4 0 0 -6 4 -5 4 -6 2 -6 4 -6 1 -6 3 -5 2 -5 1 -6 2 -5 1 -6 2 -6 2 -7 2 -7 2 -8 1 -8 1 -9 2 -9 3 -9 1 -9 1 -9 1 -10 0 -10 1 -10 0 -12 1 -12 2 0 0 0 0 0 0 0 0 0 0 ]
294,1783416234.103306,6.6867,-78,CSI_DATA,AP,98:F4:AB:29:67:94,-78,11,1,2,1,1,1,0,0,0,0,-96,0,6,1,65911339,0,84,0,0,66.2934,384,[84 -64 4 0 0 0 0 0 0 0 0 0 -15 9 -14 6 -15 7 -13 6 -14 9 -12 5 -12 8 -10 5 -11 5 -12 7 -10 5 -11 5 -9 7 -9 6 -8 6 -10 6 -7 6 -8 6 -8 5 -8 5 -8 5 -8 5 -7 3 -7 3 -7 3 -5 4 0 0 -7 2 -7 4 -7 3 -6 3 -6 3 -7 2 -7 1 -6 1 -6 2 -7 3 -6 3 -7 3 -8 4 -7 2 -9 3 -9 2 -10 2 -9 1 -10 2 -11 2 -11 2 -11 2 -12 2 -12 3 -12 3 -11 2 0 0 0 0 0 0 0 0 0 0 ]
295,1783416234.227650,6.8813,-81,CSI_DATA,AP,98:F4:AB:29:67:94,-81,11,1,4,1,1,1,0,0,0,0,-96,0,6,1,66001023,0,84,0,0,66.3831,384,[84 -64 4 0 0 0 0 0 0 0 0 0 -17 -9 -15 -5 -14 -7 -14 -7 -15 -7 -11 -6 -11 -5 -12 -5 -12 -5 -11 -5 -11 -5 -11 -4 -10 -2 -9 -4 -9 -4 -11 -4 -9 -4 -9 -3 -7 -2 -8 -3 -8 -2 -7 -3 -7 -3 -8 -3 -7 -3 -7 -4 0 0 -6 -2 -8 -2 -5 -3 -6 -3 -5 -5 -6 -4 -6 -4 -4 -6 -6 -5 -5 -4 -7 -4 -6 -5 -5 -5 -6 -5 -6 -5 -6 -6 -6 -6 -7 -8 -7 -9 -6 -8 -6 -8 -6 -8 -7 -9 -7 -9 -8 -10 -9 -10 0 0 0 0 0 0 0 0 0 0 ]
296,1783416234.350311,7.0413,-80,CSI_DATA,AP,98:F4:AB:29:67:94,-80,11,1,4,1,1,1,0,0,0,0,-96,0,6,1,66091224,0,84,0,0,66.4733,384,[84 -64 4 0 0 0 0 0 0 0 0 0 16 0 15 0 15 0 15 2 13 0 13 -1 11 0 12 0 12 -2 11 -1 11 -1 11 -1 11 -3 9 -1 10 -3 10 -2 8 -3 8 -2 7 -2 8 -3 8 -3 7 -2 8 -3 8 -2 7 -1 6 -2 0 0 7 -1 6 -3 7 -2 6 -1 5 -1 5 -2 6 0 5 -1 6 -1 5 -2 6 -1 7 -1 7 0 5 0 7 -1 8 -1 8 -1 9 1 8 0 9 0 9 1 7 0 9 1 9 -1 10 0 11 1 0 0 0 0 0 0 0 0 0 0 ]
297,1783416234.475483,7.8911,-80,CSI_DATA,AP,98:F4:AB:29:67:94,-80,11,1,4,1,1,1,0,0,0,0,-96,0,6,1,66183349,0,84,0,0,66.5654,384,[84 -64 4 0 0 0 0 0 0 0 0 0 -8 15 -7 13 -8 13 -5 12 -7 11 -6 11 -7 12 -6 10 -4 9 -5 10 -5 10 -3 11 -5 10 -5 8 -4 9 -5 10 -3 7 -3 9 -4 7 -4 7 -4 7 -4 7 -3 7 -4 6 -4 7 -3 6 0 0 -4 5 -5 5 -3 5 -4 6 -4 4 -5 5 -5 4 -4 3 -5 3 -5 4 -5 4 -4 3 -5 5 -5 4 -7 3 -6 5 -7 6 -8 3 -8 4 -8 5 -8 5 -8 7 -9 7 -9 5 -10 6 -9 7 0 0 0 0 0 0 0 0 0 0 ]
298,1783416234.601168,7.1176,-80,CSI_DATA,AP,98:F4:AB:29:67:94,-80,11,1,4,1,1,1,0,0,0,0,-96,0,6,1,66276228,0,84,0,0,66.6583,384,[84 -64 4 0 0 0 0 0 0 0 0 0 16 -1 14 -1 16 0 13 0 15 1 11 -1 13 -1 11 -1 11 -1 11 -1 10 0 9 0 10 -2 10 0 9 -1 10 -1 8 -1 10 -1 9 -2 8 -2 8 -1 8 -2 6 0 7 -1 6 -1 8 -2 0 0 6 -1 6 -1 5 -1 7 -1 5 1 4 -1 6 0 5 0 5 1 6 1 7 0 5 0 6 0 5 2 7 0 6 1 8 3 8 1 8 2 9 3 8 3 7 1 10 3 10 2 10 2 10 2 0 0 0 0 0 0 0 0 0 0 ]
299,1783416234.724074,6.7957,-80,CSI_DATA,AP,98:F4:AB:29:67:94,-80,11,1,4,1,1,1,0,0,0,0,-96,0,6,1,66359069,0,84,0,0,66.741,384,[84 -64 4 0 0 0 0 0 0 0 0 0 17 -1 17 0 15 0 15 2 14 1 12 1 12 -1 12 0 12 -1 11 -2 11 -3 10 -2 9 -3 10 -3 10 -3 10 -3 9 -2 8 -3 7 -4 8 -3 8 -2 8 -3 6 -2 7 -2 6 -3 6 -2 0 0 7 -3 7 -2 6 -3 6 -2 5 -1 6 -2 6 -2 4 -3 4 -1 6 -1 5 -2 6 -2 6 -2 7 -1 6 -1 8 -3 9 -2 9 -1 9 -2 9 -1 10 0 9 -1 9 -3 9 -5 11 -1 11 -2 0 0 0 0 0 0 0 0 0 0 ]
300,1783416234.848697,7.6407,-80,CSI_DATA,AP,98:F4:AB:29:67:94,-80,11,1,4,1,1,1,0,0,0,0,-96,0,6,1,66451459,0,84,0,0,66.8335,384,[84 -64 4 0 0 0 0 0 0 0 0 0 4 -17 3 -15 5 -14 5 -15 5 -14 2 -12 6 -13 4 -10 2 -13 5 -12 5 -12 2 -11 2 -9 3 -10 2 -10 2 -11 2 -9 4 -8 3 -9 4 -8 2 -8 1 -8 3 -7 2 -8 1 -8 0 -8 0 0 1 -7 1 -8 1 -6 1 -6 2 -5 2 -6 2 -6 3 -5 2 -4 3 -6 3 -4 2 -5 3 -6 3 -6 4 -7 4 -8 5 -7 4 -7 5 -7 6 -6 6 -8 5 -9 5 -7 7 -8 7 -9 6 -12 0 0 0 0 0 0 0 0 0 0 ]
301,1783416234.973272,6.9401,-79,CSI_DATA,AP,98:F4:AB:29:67:94,-79,11,1,4,1,1,1,0,0,0,0,-96,0,6,1,66546573,0,84,0,0,66.9286,384,[84 -64 4 0 0 0 0 0 0 0 0 0 19 9 15 7 15 6 16 9 14 4 14 6 12 5 13 5 12 3 12 4 10 5 12 4 11 4 10 3 10 4 12 4 9 3 8 3 10 4 9 2 8 4 6 3 8 3 7 3 6 3 7 3 0 0 8 3 6 4 4 2 6 3 5 4 6 3 3 3 5 3 5 3 4 2 6 3 5 3 4 5 6 5 6 5 5 5 6 4 7 6 8 7 7 7 7 7 7 7 7 9 8 9 8 9 9 9 0 0 0 0 0 0 0 0 0 0 ]
302,1783416235.098502,7.5262,-80,CSI_DATA,AP,98:F4:AB:29:67:94,-80,11,1,4,1,1,1,0,0,0,0,-96,0,6,1,66720598,0,84,0,0,67.1026,384,[84 -64 4 0 0 0 0 0 0 0 0 0 3 -15 4 -14 4 -16 5 -13 6 -14 4 -13 4 -12 3 -13 1 -12 3 -11 3 -12 2 -11 2 -10 2 -12 1 -9 1 -12 0 -10 1 -10 1 -9 2 -8 1 -9 3 -7 2 -9 0 -8 1 -8 1 -9 0 0 0 -7 -1 -7 1 -5 0 -5 1 -6 2 -5 0 -5 1 -6 0 -5 0 -6 1 -6 1 -6 1 -6 2 -7 3 -7 3 -7 4 -9 1 -9 4 -9 3 -8 4 -9 3 -10 5 -10 3 -11 4 -12 4 -12 0 0 0 0 0 0 0 0 0 0 ]
303,1783416235.226392,8.2032,-79,CSI_DATA,AP,98:F4:AB:29:67:94,-79,11,1,4,1,1,1,0,0,0,0,-96,0,6,1,66809868,0,84,0,0,67.1919,384,[84 -64 4 0 0 0 0 0 0 0 0 0 -11 -11 -9 -11 -10 -12 -9 -12 -9 -12 -8 -12 -7 -10 -8 -10 -8 -8 -8 -10 -9 -8 -7 -9 -7 -7 -7 -8 -7 -7 -9 -7 -7 -5 -8 -6 -7 -5 -8 -5 -7 -6 -5 -7 -6 -6 -5 -5 -7 -5 -6 -5 0 0 -7 -6 -5 -6 -5 -5 -6 -5 -5 -4 -5 -5 -4 -5 -4 -4 -4 -5 -5 -6 -5 -5 -4 -5 -5 -5 -5 -4 -5 -7 -5 -7 -5 -7 -6 -8 -7 -8 -8 -8 -6 -9 -6 -8 -7 -8 -6 -9 -8 -10 -9 -10 0 0 0 0 0 0 0 0 0 0 ]
304,1783416235.350985,8.4971,-74,CSI_DATA,AP,98:F4:AB:29:67:94,-74,11,0,0,0,0,0,0,0,0,0,-96,0,6,1,66904176,0,84,0,0,67.2863,128,[84 -64 4 0 0 0 0 0 0 0 0 0 14 33 11 30 16 33 11 30 14 30 10 25 11 26 10 23 10 22 10 23 12 24 12 22 12 22 12 20 9 16 13 18 10 16 11 16 10 15 10 16 8 15 8 15 7 15 8 14 9 14 7 13 0 0 7 13 8 14 6 11 6 12 4 12 5 14 4 12 3 13 3 12 2 14 4 13 4 13 5 14 2 14 3 17 2 15 3 21 3 17 0 19 1 20 0 21 3 20 1 25 3 26 3 24 3 26 0 0 0 0 0 0 0 0 0 0 ]
305,1783416235.474327,8.5998,-78,CSI_DATA,AP,98:F4:AB:29:67:94,-78,11,1,2,1,1,1,0,0,0,0,-96,0,6,1,67001077,0,84,0,0,67.3831,384,[84 -64 4 0 0 0 0 0 0 0 0 0 -18 -4 -16 -4 -18 -4 -15 -4 -17 -4 -14 -4 -13 -5 -13 -4 -13 -3 -13 -4 -13 -3 -12 -4 -11 -4 -11 -3 -11 -1 -12 -2 -9 -1 -10 -2 -9 -2 -9 -2 -9 -1 -10 -1 -8 -3 -8 -2 -8 -2 -8 -2 0 0 -7 -2 -8 -2 -6 -3 -7 -3 -6 -3 -7 -4 -6 -3 -5 -3 -6 -4 -8 -4 -6 -2 -6 -4 -7 -5 -6 -4 -8 -6 -8 -4 -8 -6 -8 -5 -10 -6 -9 -7 -8 -7 -10 -7 -10 -8 -10 -8 -10 -8 -11 -7 0 0 0 0 0 0 0 0 0 0 ]
306,1783416235.599492,8.5355,-74,CSI_DATA,AP,98:F4:AB:29:67:94,-74,11,0,0,0,0,0,0,0,0,0,-96,0,6,1,67088316,0,84,0,0,67.4704,128,[84 -64 4 0 0 0 0 0 0 0 0 0 -37 -3 -36 -3 -38 -5 -36 -6 -32 -4 -30 -6 -30 -3 -28 -5 -25 -4 -26 -4 -27 1 -27 2 -27 -1 -24 0 -21 1 -24 -1 -21 0 -20 2 -18 -1 -20 -1 -19 -2 -17 -1 -17 0 -18 0 -18 2 -18 0 0 0 -16 -1 -15 0 -16 -2 -14 -2 -14 -2 -13 -3 -13 -5 -12 -3 -13 -2 -13 -4 -14 -3 -14 -5 -15 -3 -14 -6 -17 -7 -18 -6 -19 -9 -17 -7 -19 -10 -20 -11 -19 -9 -21 -11 -20 -11 -24 -9 -24 -8 -25 -11 0 0 0 0 0 0 0 0 0 0 ]
307,1783416235.723082,7.9140,-80,CSI_DATA,AP,98:F4:AB:29:67:94,-80,11,1,4,1,1,1,0,0,0,0,-96,0,6,1,67171336,0,84,0,0,67.5533,384,[84 -64 4 0 0 0 0 0 0 0 0 0 16 -4 16 -3 16 -1 14 -2 12 -1 11 -1 13 -3 12 -1 11 -2 12 -2 11 -2 11 -2 11 -3 10 -3 9 -3 10 -1 10 -3 9 -3 8 -3 7 -4 9 -3 8 -3 8 -3 6 -2 7 -2 7 -2 0 0 5 -2 6 -2 6 -3 6 -1 7 -1 5 0 6 0 5 0 6 -1 4 -1 4 0 7 0 7 -1 6 -1 7 1 8 0 8 1 8 0 8 2 8 1 10 0 9 0 9 0 10 0 11 2 12 0 0 0 0 0 0 0 0 0 0 0 ]
308,1783416235.847894,7.0317,-80,CSI_DATA,AP,98:F4:AB:29:67:94,-80,11,1,4,1,1,1,0,0,0,0,-96,0,6,1,67263287,0,84,0,0,67.6453,384,[84 -64 4 0 0 0 0 0 0 0 0 0 17 -2 14 0 15 -1 15 -2 15 -2 12 -2 12 -1 13 -1 12 -1 12 0 10 -2 11 -2 11 -3 10 -1 9 -3 10 -2 9 -2 9 -2 9 -2 9 -2 8 -2 9 0 8 0 7 -2 7 0 7 -2 0 0 6 -2 6 -1 6 0 6 0 5 0 5 0 5 0 4 1 6 0 6 0 6 1 5 1 6 -1 7 0 7 1 7 1 8 2 9 1 8 2 7 3 9 3 11 2 10 2 11 1 11 2 11 2 0 0 0 0 0 0 0 0 0 0 ]
309,1783416235.970999,8.4864,-78,CSI_DATA,AP,98:F4:AB:29:67:94,-78,11,1,2,1,1,1,0,0,0,0,-96,0,6,1,67353663,0,84,0,0,67.7357,384,[84 -64 4 0 0 0 0 0 0 0 0 0 -12 14 -10 12 -12 13 -10 10 -11 13 -9 8 -10 9 -10 9 -9 10 -9 9 -7 9 -9 9 -7 9 -8 9 -7 8 -6 10 -6 8 -6 9 -5 7 -6 7 -6 5 -6 5 -6 6 -6 6 -8 6 -5 5 0 0 -5 5 -5 5 -6 4 -6 5 -4 3 -5 3 -4 4 -5 3 -5 3 -7 3 -6 5 -6 2 -7 5 -6 4 -7 5 -6 5 -8 6 -7 5 -9 4 -9 5 -9 5 -9 5 -10 6 -10 6 -11 5 -11 7 0 0 0 0 0 0 0 0 0 0 ]
310,1783416236.094567,8.2698,-80,CSI_DATA,AP,98:F4:AB:29:67:94,-80,11,1,4,1,1,1,0,0,0,0,-96,0,6,1,67441502,0,84,0,0,67.8235,384,[84 -64 4 0 0 0 0 0 0 0 0 0 16 -12 12 -12 15 -11 13 -8 14 -9 12 -10 11 -8 11 -9 11 -8 10 -8 9 -8 11 -8 10 -7 8 -8 8 -9 10 -7 9 -8 9 -6 9 -6 8 -6 7 -5 7 -6 6 -4 6 -5 6 -5 7 -5 0 0 6 -3 7 -3 6 -4 6 -2 6 -3 6 -2 7 -1 7 -1 5 0 6 -2 4 -2 6 -1 6 -2 7 -2 9 -2 7 -2 8 -2 8 0 10 0 9 -1 11 -1 9 1 12 -2 12 -1 12 -3 13 -2 0 0 0 0 0 0 0 0 0 0 ]
311,1783416236.221944,7.4926,-80,CSI_DATA,AP,98:F4:AB:29:67:94,-80,11,1,4,1,1,1,0,0,0,0,-96,0,6,1,67529719,0,84,0,0,67.9118,384,[84 -64 4 0 0 0 0 0 0 0 0 0 14 -7 15 -6 16 -6 14 -6 13 -5 11 -5 11 -4 10 -5 10 -7 10 -6 10 -6 9 -7 7 -5 10 -6 8 -6 8 -5 8 -7 8 -5 7 -4 6 -4 7 -4 6 -5 5 -4 4 -5 5 -5 5 -4 0 0 5 -6 5 -3 6 -4 4 -4 5 -4 6 -3 5 -2 4 -2 4 -1 5 -4 5 -2 5 -3 7 -2 6 -2 7 -3 7 -3 6 -3 7 -4 8 -3 9 -4 9 -4 9 -4 10 -5 11 -4 9 -4 10 -4 0 0 0 0 0 0 0 0 0 0 ]
312,1783416236.347711,7.2644,-80,CSI_DATA,AP,98:F4:AB:29:67:94,-80,11,1,4,1,1,1,0,0,0,0,-96,0,6,1,67622850,0,84,0,0,68.0049,384,[84 -64 4 0 0 0 0 0 0 0 0 0 1 -16 2 -17 3 -16 4 -14 3 -14 1 -14 0 -13 1 -13 0 -12 0 -11 0 -11 -1 -10 -1 -12 -1 -10 0 -10 -2 -11 -1 -10 -1 -11 0 -9 -1 -9 -1 -7 -1 -8 -1 -8 -2 -7 -1 -7 -3 -8 0 0 -2 -7 0 -7 -1 -6 -1 -8 -1 -6 -2 -6 0 -6 1 -7 -1 -7 -2 -6 -1 -6 -1 -5 2 -8 1 -7 -1 -8 -1 -8 0 -10 1 -9 0 -9 0 -9 1 -10 0 -11 1 -11 0 -12 -1 -12 1 -12 0 0 0 0 0 0 0 0 0 0 ]
313,1783416236.472356,6.6708,-80,CSI_DATA,AP,98:F4:AB:29:67:94,-80,11,1,4,1,1,1,0,0,0,0,-96,0,6,1,67716678,0,84,0,0,68.0987,384,[84 -64 4 0 0 0 0 0 0 0 0 0 12 9 10 7 13 9 13 10 11 8 9 7 10 6 10 9 8 5 10 6 9 5 7 4 9 3 10 5 8 3 10 5 8 5 8 3 6 4 7 3 7 3 7 2 5 4 6 4 5 4 6 4 0 0 6 2 6 3 5 2 5 2 4 3 5 2 4 3 5 3 5 3 4 4 5 3 5 4 4 5 5 5 6 5 6 6 6 5 6 6 6 6 4 6 7 7 7 6 6 8 7 8 7 8 9 7 0 0 0 0 0 0 0 0 0 0 ]
314,1783416236.596744,6.2231,-79,CSI_DATA,AP,98:F4:AB:29:67:94,-79,11,1,4,1,1,1,0,0,0,0,-96,0,6,1,67809361,0,84,0,0,68.1914,384,[84 -64 4 0 0 0 0 0 0 0 0 0 -13 10 -13 9 -11 9 -11 9 -12 8 -10 7 -11 8 -12 7 -8 8 -7 6 -8 7 -9 7 -9 8 -8 8 -6 8 -7 8 -6 7 -6 5 -7 7 -7 5 -7 5 -5 4 -6 5 -6 5 -5 4 -5 6 0 0 -4 5 -8 5 -5 5 -4 4 -5 3 -5 4 -7 2 -4 2 -5 3 -5 5 -5 5 -5 4 -6 5 -7 5 -6 5 -7 6 -8 5 -9 4 -8 4 -7 3 -8 4 -9 5 -9 7 -11 6 -10 6 -10 6 0 0 0 0 0 0 0 0 0 0 ]
315,1783416236.721988,7.0229,-78,CSI_DATA,AP,98:F4:AB:29:67:94,-78,11,1,2,1,1,1,0,0,0,0,-96,0,6,1,67890898,0,84,0,0,68.2728,384,[84 -64 4 0 0 0 0 0 0 0 0 0 -9 -18 -6 -15 -8 -16 -7 -15 -7 -15 -5 -13 -6 -14 -6 -13 -5 -11 -5 -13 -6 -13 -5 -12 -6 -11 -5 -10 -7 -10 -6 -9 -6 -10 -5 -9 -4 -9 -6 -8 -5 -8 -5 -7 -4 -8 -3 -8 -4 -7 -5 -7 0 0 -5 -8 -5 -9 -4 -8 -3 -7 -3 -8 -3 -7 -1 -7 -1 -6 -2 -7 -2 -8 -2 -7 -1 -8 -2 -7 -2 -8 -2 -9 -2 -10 -2 -9 -2 -10 -1 -11 0 -11 -1 -11 -1 -11 -1 -12 -1 -11 -2 -12 -2 -13 0 0 0 0 0 0 0 0 0 0 ]
316,1783416236.846481,7.4483,-78,CSI_DATA,AP,98:F4:AB:29:67:94,-78,11,1,2,1,1,1,0,0,0,0,-96,0,6,1,67983472,0,84,0,0,68.3655,384,[84 -64 4 0 0 0 0 0 0 0 0 0 11 14 11 12 12 11 10 9 10 11 8 9 9 9 8 9 9 9 8 7 9 8 8 8 8 8 7 7 7 6 8 6 7 6 8 6 6 6 7 5 5 6 7 6 6 6 6 6 5 6 5 6 0 0 5 5 5 5 5 4 4 6 4 4 3 6 3 4 2 4 3 5 4 5 4 6 3 4 4 6 3 6 5 7 4 7 4 8 5 8 3 7 5 8 3 10 4 10 4 11 4 9 4 11 4 11 0 0 0 0 0 0 0 0 0 0 ]
317,1783416236.972263,7.7133,-80,CSI_DATA,AP,98:F4:AB:29:67:94,-80,11,1,4,1,1,1,0,0,0,0,-96,0,6,1,68069404,0,84,0,0,68.4515,384,[84 -64 4 0 0 0 0 0 0 0 0 0 13 -10 11 -7 12 -9 11 -10 10 -8 9 -8 9 -8 10 -8 7 -8 8 -8 7 -9 7 -9 7 -8 7 -8 6 -8 7 -8 5 -8 6 -8 6 -6 5 -7 6 -7 4 -6 5 -6 5 -7 5 -6 4 -6 0 0 4 -6 5 -6 4 -6 5 -5 4 -4 3 -4 5 -5 5 -5 5 -5 4 -5 5 -4 5 -5 5 -5 5 -5 6 -4 5 -4 8 -7 7 -4 8 -4 6 -7 9 -5 8 -6 9 -7 8 -7 8 -6 10 -6 0 0 0 0 0 0 0 0 0 0 ]
318,1783416237.096084,6.9173,-78,CSI_DATA,AP,98:F4:AB:29:67:94,-78,11,1,2,1,1,1,0,0,0,0,-96,0,6,1,68164174,0,84,0,0,68.5462,384,[84 -64 4 0 0 0 0 0 0 0 0 0 8 14 6 12 6 12 5 11 4 12 6 11 4 10 5 10 5 9 4 8 5 8 5 7 6 7 6 8 4 8 4 7 5 6 5 5 5 6 4 6 4 6 4 6 4 6 2 6 3 5 4 6 0 0 3 6 3 4 3 6 2 5 2 4 2 5 1 5 0 5 2 5 1 5 3 5 2 4 2 5 2 7 2 6 1 6 2 7 2 7 2 7 2 8 1 9 1 9 2 9 4 9 3 10 3 10 0 0 0 0 0 0 0 0 0 0 ]
319,1783416237.220668,7.3037,-80,CSI_DATA,AP,98:F4:AB:29:67:94,-80,11,1,4,1,1,1,0,0,0,0,-96,0,6,1,68249607,0,84,0,0,68.6316,384,[84 -64 4 0 0 0 0 0 0 0 0 0 -17 4 -14 3 -17 2 -16 2 -14 2 -13 1 -14 3 -12 2 -12 2 -11 3 -10 3 -11 1 -10 5 -10 3 -9 3 -9 2 -9 4 -9 3 -7 3 -9 3 -8 2 -9 2 -7 1 -7 2 -7 1 -8 1 0 0 -7 2 -8 1 -6 1 -8 2 -8 1 -6 -1 -6 1 -8 -1 -5 2 -6 0 -5 -1 -8 -1 -8 -1 -7 -2 -8 0 -9 0 -9 0 -6 -2 -11 -1 -10 -3 -9 -1 -11 -2 -11 -1 -11 0 -11 -1 -12 -1 0 0 0 0 0 0 0 0 0 0 ]
320,1783416237.343241,7.0069,-80,CSI_DATA,AP,98:F4:AB:29:67:94,-80,11,1,4,1,1,1,0,0,0,0,-96,0,6,1,68344506,0,84,0,0,68.7265,384,[84 -64 4 0 0 0 0 0 0 0 0 0 15 -5 15 -4 15 -4 14 -4 13 -5 10 -3 13 -5 11 -3 10 -3 11 -4 9 -3 10 -2 10 -2 9 -4 8 -3 9 -5 7 -4 8 -3 6 -3 7 -4 8 -3 8 -3 7 -2 7 -2 7 -1 6 -2 0 0 7 -1 7 -2 5 -2 6 -2 4 0 5 -2 6 0 4 0 5 -2 4 0 6 0 4 0 6 -1 5 1 7 0 6 1 9 1 8 1 9 2 8 1 8 1 10 3 9 3 10 3 11 3 12 1 0 0 0 0 0 0 0 0 0 0 ]
321,1783416237.469099,7.7543,-80,CSI_DATA,AP,98:F4:AB:29:67:94,-80,11,1,4,1,1,1,0,0,0,0,-96,0,6,1,68434836,0,84,0,0,68.8169,384,[84 -64 4 0 0 0 0 0 0 0 0 0 -6 -16 -5 -14 -6 -14 -4 -13 -5 -15 -3 -12 -3 -13 -4 -12 -3 -12 -3 -11 -4 -10 -3 -10 -4 -11 -2 -10 -4 -8 -3 -11 -5 -9 -5 -10 -3 -9 -3 -8 -4 -8 -4 -9 -3 -8 -3 -8 -3 -8 -2 -7 0 0 -1 -7 -3 -7 -2 -7 -1 -5 -2 -6 0 -5 -2 -7 0 -6 -1 -4 -1 -7 0 -8 0 -7 1 -7 1 -8 0 -8 -1 -10 0 -10 0 -8 1 -9 1 -9 1 -11 1 -10 2 -12 2 -12 3 -11 1 -12 0 0 0 0 0 0 0 0 0 0 ]
322,1783416237.593391,7.4373,-80,CSI_DATA,AP,98:F4:AB:29:67:94,-80,11,1,4,1,1,1,0,0,0,0,-96,0,6,1,68522102,0,84,0,0,68.9041,384,[84 -64 4 0 0 0 0 0 0 0 0 0 13 -10 13 -9 12 -10 12 -8 11 -8 9 -7 9 -7 9 -7 8 -9 8 -7 7 -8 7 -8 7 -8 7 -7 6 -5 6 -8 5 -8 6 -8 5 -6 6 -6 6 -6 6 -5 5 -4 5 -4 5 -5 5 -5 0 0 5 -5 5 -5 5 -5 4 -4 5 -4 4 -4 4 -4 5 -3 5 -4 4 -4 4 -5 4 -4 4 -4 6 -3 5 -5 6 -6 7 -5 7 -4 7 -4 8 -3 7 -4 8 -2 9 -3 9 -6 10 -5 10 -6 0 0 0 0 0 0 0 0 0 0 ]
323,1783416237.719148,6.7804,-80,CSI_DATA,AP,98:F4:AB:29:67:94,-80,11,1,4,1,1,1,0,0,0,0,-96,0,6,1,68615858,0,84,0,0,68.9978,384,[84 -64 4 0 0 0 0 0 0 0 0 0 -7 -15 -6 -16 -6 -14 -5 -13 -5 -14 -5 -12 -4 -12 -6 -11 -5 -10 -4 -9 -7 -12 -5 -11 -4 -9 -6 -10 -7 -9 -7 -9 -6 -9 -5 -9 -5 -8 -5 -7 -5 -8 -6 -8 -4 -8 -4 -8 -4 -5 -4 -6 0 0 -3 -7 -3 -5 -3 -7 -2 -7 -3 -6 -1 -7 -1 -7 -1 -6 -3 -6 -2 -5 0 -6 -2 -6 -2 -7 -1 -6 -3 -8 -3 -6 -2 -9 -3 -8 -2 -8 -2 -9 0 -9 0 -12 -1 -10 -2 -10 -4 -10 -3 -12 0 0 0 0 0 0 0 0 0 0 ]
324,1783416237.846328,6.4433,-80,CSI_DATA,AP,98:F4:AB:29:67:94,-80,11,1,4,1,1,1,0,0,0,0,-96,0,6,1,68703009,0,84,0,0,69.085,384,[84 -64 4 0 0 0 0 0 0 0 0 0 -16 9 -14 6 -15 6 -13 5 -14 5 -12 5 -10 6 -11 3 -11 6 -10 4 -10 6 -9 5 -8 5 -8 4 -8 5 -8 6 -7 5 -6 5 -7 5 -6 4 -7 4 -7 4 -6 3 -5 4 -6 2 -6 2 0 0 -6 4 -6 4 -6 3 -5 3 -6 2 -6 2 -4 2 -7 2 -4 3 -6 1 -6 2 -6 3 -5 1 -5 2 -8 3 -8 4 -7 2 -8 4 -9 2 -8 3 -10 3 -9 4 -11 4 -11 5 -10 3 -10 5 0 0 0 0 0 0 0 0 0 0 ]
325,1783416237.969464,8.0838,-79,CSI_DATA,AP,98:F4:AB:29:67:94,-79,11,1,2,1,1,1,0,0,0,0,-96,0,6,1,68792359,0,84,0,0,69.1744,384,[84 -64 4 0 0 0 0 0 0 0 0 0 -17 -3 -16 -4 -17 -4 -14 -4 -16 -3 -12 -3 -14 -3 -12 -4 -13 -3 -13 -3 -14 0 -12 -1 -11 0 -11 -1 -10 0 -12 -1 -10 0 -11 0 -10 0 -9 0 -8 -1 -9 0 -9 0 -9 -1 -9 -2 -8 0 0 0 -7 -1 -7 0 -7 -2 -7 -2 -6 0 -8 -3 -7 -3 -6 -3 -6 -3 -8 -3 -6 -2 -7 -1 -7 -1 -7 -3 -9 -2 -8 -4 -9 -3 -9 -4 -10 -3 -10 -4 -10 -4 -9 -4 -11 -4 -11 -4 -12 -5 -13 -5 0 0 0 0 0 0 0 0 0 0 ]
326,1783416238.095285,7.3445,-79,CSI_DATA,AP,98:F4:AB:29:67:94,-79,11,1,2,1,1,1,0,0,0,0,-96,0,6,1,68882657,0,84,0,0,69.2647,384,[84 -64 4 0 0 0 0 0 0 0 0 0 14 11 12 10 12 10 10 9 10 10 8 7 9 10 9 8 9 9 9 7 10 7 9 5 8 6 9 6 8 5 9 5 7 5 8 6 7 5 6 3 5 5 6 5 5 5 6 5 5 4 5 4 0 0 5 3 4 4 5 5 4 4 3 4 3 5 2 4 2 4 2 4 3 4 3 5 3 4 3 4 3 6 4 6 4 6 4 7 4 8 3 8 4 8 3 9 3 9 3 10 5 11 5 10 6 10 0 0 0 0 0 0 0 0 0 0 ]
327,1783416238.219661,8.2888,-79,CSI_DATA,AP,98:F4:AB:29:67:94,-79,11,1,4,1,1,1,0,0,0,0,-96,0,6,1,68970788,0,84,0,0,69.3528,384,[84 -64 4 0 0 0 0 0 0 0 0 0 20 -1 16 -2 20 -2 14 -2 16 -1 12 0 16 -1 14 -1 13 -2 14 0 12 -1 15 -2 13 -1 11 -2 11 -2 10 -4 9 -2 10 -2 9 -3 8 -3 7 -3 8 -2 9 -1 8 0 9 -1 8 0 0 0 7 -1 7 -1 6 0 6 -2 5 -1 6 -1 4 0 7 0 5 1 7 1 7 0 5 0 8 -1 6 1 9 0 7 1 8 0 9 1 10 2 8 0 10 1 11 1 12 1 10 1 11 2 12 2 0 0 0 0 0 0 0 0 0 0 ]
328,1783416238.345022,7.6066,-80,CSI_DATA,AP,98:F4:AB:29:67:94,-80,11,1,4,1,1,1,0,0,0,0,-96,0,6,1,69063323,0,84,0,0,69.4453,384,[84 -64 4 0 0 0 0 0 0 0 0 0 -14 8 -12 8 -15 7 -13 6 -14 6 -11 5 -11 6 -9 5 -9 6 -8 5 -9 6 -9 5 -10 6 -9 6 -9 5 -9 6 -6 4 -7 4 -6 5 -8 5 -7 5 -6 4 -5 5 -7 3 -5 5 -4 3 0 0 -6 3 -6 5 -5 2 -5 4 -6 1 -5 2 -4 1 -6 2 -6 2 -7 1 -6 1 -7 2 -7 2 -6 3 -8 2 -8 1 -9 2 -7 1 -8 2 -9 2 -9 2 -10 2 -10 2 -12 2 -9 3 -11 3 0 0 0 0 0 0 0 0 0 0 ]
329,1783416238.470851,8.0109,-80,CSI_DATA,AP,98:F4:AB:29:67:94,-80,11,1,4,1,1,1,0,0,0,0,-96,0,6,1,69149356,0,84,0,0,69.5314,384,[84 -64 4 0 0 0 0 0 0 0 0 0 15 10 14 10 14 10 13 10 14 8 10 9 11 10 10 9 13 8 12 6 10 5 11 4 10 7 9 5 9 5 9 6 9 4 8 4 8 5 7 4 8 4 9 4 9 2 7 4 7 4 5 3 0 0 6 4 6 4 5 3 6 4 4 3 5 4 4 4 3 5 3 5 2 5 4 4 4 4 5 6 4 5 5 5 5 7 5 8 5 7 4 7 6 6 6 8 6 8 5 8 7 8 7 8 9 11 0 0 0 0 0 0 0 0 0 0 ]
330,1783416238.597120,7.6059,-80,CSI_DATA,AP,98:F4:AB:29:67:94,-80,11,1,4,1,1,1,0,0,0,0,-96,0,6,1,69240828,0,84,0,0,69.6229,384,[84 -64 4 0 0 0 0 0 0 0 0 0 16 -1 13 -1 15 1 13 1 14 0 13 0 13 -1 10 0 10 -2 11 0 11 -1 11 -2 10 -2 11 0 9 -2 9 -1 9 -2 8 -2 8 -1 8 -1 6 -1 8 -2 6 0 6 0 7 -1 6 -1 0 0 6 -1 7 -1 5 0 6 -1 4 0 6 0 4 0 6 0 5 1 6 -1 5 0 5 0 5 1 4 2 6 -1 6 -1 8 1 7 0 9 1 8 1 8 4 9 1 9 2 10 1 10 1 11 1 0 0 0 0 0 0 0 0 0 0 ]
331,1783416238.722063,7.9341,-81,CSI_DATA,AP,98:F4:AB:29:67:94,-81,11,1,4,1,1,1,0,0,0,0,-96,0,6,1,69333215,0,84,0,0,69.7151,384,[84 -64 4 0 0 0 0 0 0 0 0 0 0 -18 1 -17 0 -15 2 -16 1 -14 1 -13 0 -12 -1 -13 -1 -12 0 -10 0 -11 -1 -13 0 -10 -1 -11 0 -10 -1 -10 -3 -10 -1 -10 -1 -8 -1 -8 -1 -8 0 -9 -1 -8 0 -8 -1 -8 0 -7 0 0 -1 -7 0 -6 0 -6 0 -7 1 -6 -1 -6 1 -6 0 -7 1 -7 0 -6 0 -6 1 -7 1 -6 1 -7 1 -8 0 -7 1 -9 2 -8 2 -9 -1 -8 2 -9 3 -9 1 -11 1 -11 0 -10 2 -11 0 0 0 0 0 0 0 0 0 0 ]
332,1783416238.848943,7.3634,-79,CSI_DATA,AP,98:F4:AB:29:67:94,-79,11,1,2,1,1,1,0,0,0,0,-96,0,6,1,69422069,0,84,0,0,69.8041,384,[84 -64 4 0 0 0 0 0 0 0 0 0 6 17 4 14 5 16 4 13 5 13 4 12 5 12 3 11 5 11 3 10 4 11 4 11 5 11 4 10 4 8 6 10 4 8 5 9 2 7 3 7 3 7 4 6 3 6 3 6 2 7 2 7 0 0 2 5 3 6 3 5 2 7 2 4 0 5 0 6 2 5 1 5 2 5 0 5 2 5 0 5 0 5 2 7 2 7 1 10 2 8 1 7 1 9 0 9 1 9 2 11 3 12 1 10 2 10 0 0 0 0 0 0 0 0 0 0 ]
333,1783416238.974421,7.8442,-80,CSI_DATA,AP,98:F4:AB:29:67:94,-80,11,1,4,1,1,1,0,0,0,0,-96,0,6,1,69516162,0,84,0,0,69.8982,384,[84 -64 4 0 0 0 0 0 0 0 0 0 -18 -7 -19 -7 -18 -9 -16 -7 -16 -6 -14 -6 -13 -7 -13 -4 -11 -5 -14 -5 -14 -4 -12 -6 -13 -4 -12 -5 -10 -5 -11 -5 -11 -5 -10 -5 -11 -3 -10 -3 -8 -4 -9 -5 -8 -3 -6 -4 -7 -5 -8 -4 0 0 -6 -4 -8 -3 -6 -3 -6 -4 -6 -4 -3 -5 -7 -4 -6 -5 -7 -4 -5 -5 -5 -5 -4 -7 -5 -6 -5 -4 -8 -7 -6 -6 -6 -9 -6 -9 -6 -7 -7 -9 -6 -10 -7 -8 -9 -10 -7 -10 -9 -10 -9 -10 0 0 0 0 0 0 0 0 0 0 ]
334,1783416239.099281,7.8852,-80,CSI_DATA,AP,98:F4:AB:29:67:94,-80,11,1,4,1,1,1,0,0,0,0,-96,0,6,1,69599431,0,84,0,0,69.9815,384,[84 -64 4 0 0 0 0 0 0 0 0 0 11 -9 11 -9 11 -9 12 -9 12 -7 11 -7 10 -8 8 -7 9 -7 9 -8 10 -6 9 -7 8 -7 7 -7 7 -6 8 -8 6 -6 6 -7 6 -7 5 -6 6 -6 6 -6 5 -4 5 -4 6 -5 6 -5 0 0 6 -3 5 -3 5 -4 4 -4 4 -3 5 -3 5 -2 4 -2 4 -2 5 -2 5 -2 5 -2 5 -3 6 -3 6 -2 6 -1 8 -2 7 -3 8 -1 7 -1 7 -1 10 -3 9 -3 10 -4 11 -2 11 -3 0 0 0 0 0 0 0 0 0 0 ]
335,1783416239.222380,8.1211,-80,CSI_DATA,AP,98:F4:AB:29:67:94,-80,11,1,4,1,1,1,0,0,0,0,-96,0,6,1,69691784,0,84,0,0,70.0738,384,[84 -64 4 0 0 0 0 0 0 0 0 0 -16 10 -17 7 -16 7 -16 8 -15 7 -12 6 -12 8 -13 8 -12 8 -12 6 -10 7 -10 8 -8 8 -10 8 -8 5 -9 7 -7 6 -7 8 -7 7 -7 4 -8 6 -6 6 -8 6 -6 5 -6 5 -7 4 0 0 -4 5 -6 5 -6 4 -5 4 -4 3 -6 3 -5 2 -6 3 -5 4 -4 3 -5 3 -6 5 -6 4 -6 3 -6 5 -8 5 -8 6 -7 5 -8 5 -7 6 -8 6 -9 6 -9 6 -8 9 -9 8 -9 8 0 0 0 0 0 0 0 0 0 0 ]
336,1783416239.350033,7.9144,-80,CSI_DATA,AP,98:F4:AB:29:67:94,-80,11,1,4,1,1,1,0,0,0,0,-96,0,6,1,69782447,0,84,0,0,70.1645,384,[84 -64 4 0 0 0 0 0 0 0 0 0 -20 2 -18 1 -19 2 -17 2 -16 1 -17 0 -16 0 -14 2 -15 2 -12 0 -13 1 -12 1 -12 2 -13 3 -10 1 -11 3 -11 2 -11 3 -9 1 -10 2 -11 0 -9 1 -8 1 -9 -1 -8 0 -8 -1 0 0 -8 0 -9 0 -8 -1 -7 0 -5 -3 -7 -3 -6 -1 -7 -2 -6 -3 -7 -1 -8 0 -6 -1 -6 -2 -8 -2 -8 -3 -8 -4 -10 -3 -10 -4 -9 -5 -11 -4 -10 -4 -10 -4 -12 -5 -11 -6 -12 -5 -14 -3 0 0 0 0 0 0 0 0 0 0 ]
337,1783416239.477316,8.3427,-79,CSI_DATA,AP,98:F4:AB:29:67:94,-79,11,1,2,1,1,1,0,0,0,0,-96,0,6,1,69881976,0,84,0,0,70.264,384,[84 -64 4 0 0 0 0 0 0 0 0 0 -4 19 -4 17 -3 18 -3 16 -5 16 -4 15 -3 16 -4 15 -3 13 -4 14 -3 12 -2 12 -3 12 -2 11 -2 10 -1 11 -1 10 -2 10 -2 9 -2 9 -2 8 -2 8 -2 8 -3 8 -2 8 -1 7 0 0 -2 8 -2 7 -2 7 -2 6 -2 5 -3 6 -3 5 -3 5 -2 6 -4 6 -4 5 -4 6 -4 8 -4 5 -4 7 -4 6 -6 8 -6 7 -6 8 -7 8 -6 8 -7 9 -7 10 -6 11 -7 11 -6 12 0 0 0 0 0 0 0 0 0 0 ]
338,1783416239.603795,8.0482,-75,CSI_DATA,AP,98:F4:AB:29:67:94,-75,11,0,0,0,0,0,0,0,0,0,-96,0,6,1,69968182,0,84,0,0,70.3503,128,[84 -64 4 0 0 0 0 0 0 0 0 0 38 16 34 16 37 18 32 15 33 18 29 14 28 16 26 15 24 14 26 11 26 10 27 9 26 9 24 8 21 10 23 8 20 7 19 7 18 7 19 7 17 7 16 8 14 5 17 4 16 5 17 5 0 0 14 6 14 7 13 6 13 6 11 6 12 8 11 6 10 9 9 8 10 8 12 9 8 8 12 7 12 11 14 13 15 12 15 16 13 12 13 16 14 17 13 16 16 18 17 19 19 17 20 16 22 17 0 0 0 0 0 0 0 0 0 0 ]
339,1783416239.728785,7.4902,-81,CSI_DATA,AP,98:F4:AB:29:67:94,-81,11,1,4,1,1,1,0,0,0,0,-96,0,6,1,70062249,0,84,0,0,70.4443,384,[84 -64 4 0 0 0 0 0 0 0 0 0 0 -18 -1 -16 -1 -15 -2 -15 0 -14 -2 -13 0 -15 0 -12 -1 -12 -1 -10 -2 -9 -3 -12 -3 -11 -2 -9 -2 -10 -2 -9 -2 -9 -1 -9 0 -9 -1 -8 0 -7 -1 -9 -1 -8 0 -7 0 -7 0 -6 0 0 -1 -6 -1 -6 1 -6 1 -5 1 -6 2 -5 1 -7 2 -5 0 -6 0 -5 0 -5 1 -5 1 -6 1 -6 1 -7 2 -7 4 -9 1 -7 4 -8 3 -8 4 -8 3 -9 4 -9 3 -11 2 -10 3 -10 0 0 0 0 0 0 0 0 0 0 ]
340,1783416239.854764,7.0054,-80,CSI_DATA,AP,98:F4:AB:29:67:94,-80,11,1,4,1,1,1,0,0,0,0,-96,0,6,1,70142165,0,84,0,0,70.5241,384,[84 -64 4 0 0 0 0 0 0 0 0 0 17 -4 15 -3 17 -5 15 -4 14 -4 11 -2 10 -1 12 -2 12 -3 12 -3 11 -3 9 -4 9 -1 9 -5 7 -3 9 -4 7 -1 8 -2 8 -2 7 -1 7 -1 7 -2 7 -2 6 0 7 -1 7 -2 0 0 6 -1 6 0 4 -1 5 0 4 0 5 0 4 1 4 1 5 1 5 1 6 1 4 1 5 1 6 2 8 2 6 2 8 2 6 2 7 4 8 4 10 3 7 2 8 5 9 4 9 2 9 4 0 0 0 0 0 0 0 0 0 0 ]
341,1783416239.979217,6.6855,-80,CSI_DATA,AP,98:F4:AB:29:67:94,-80,11,1,4,1,1,1,0,0,0,0,-96,0,6,1,70232835,0,84,0,0,70.6149,384,[84 -64 4 0 0 0 0 0 0 0 0 0 14 5 14 6 15 7 13 6 12 6 9 7 12 5 10 4 10 5 10 5 9 3 10 3 8 4 10 3 9 4 10 3 9 3 7 2 8 1 7 1 6 2 8 2 5 2 5 1 6 3 5 1 0 0 6 1 5 2 3 2 4 2 4 2 5 2 4 2 4 3 5 2 4 3 5 2 3 2 5 1 4 0 6 3 5 2 6 4 7 4 6 3 7 3 5 5 7 4 8 5 8 5 9 5 8 4 0 0 0 0 0 0 0 0 0 0 ]
342,1783416240.108740,7.1694,-80,CSI_DATA,AP,98:F4:AB:29:67:94,-80,11,1,4,1,1,1,0,0,0,0,-96,0,6,1,70323899,0,84,0,0,70.7059,384,[84 -64 4 0 0 0 0 0 0 0 0 0 4 -19 2 -19 2 -18 4 -18 3 -17 2 -14 2 -15 3 -13 2 -14 3 -13 2 -13 1 -13 2 -12 1 -13 0 -11 0 -12 0 -12 1 -10 0 -10 2 -9 1 -9 1 -10 1 -9 3 -9 0 -8 0 -9 0 0 0 -8 1 -8 2 -8 1 -7 1 -6 2 -5 2 -5 3 -6 2 -5 2 -7 2 -7 2 -7 3 -7 2 -7 2 -8 1 -9 2 -8 4 -9 4 -9 4 -9 5 -9 5 -10 4 -10 5 -12 5 -11 5 -12 0 0 0 0 0 0 0 0 0 0 ]
343,1783416240.232937,6.3761,-80,CSI_DATA,AP,98:F4:AB:29:67:94,-80,11,1,4,1,1,1,0,0,0,0,-96,0,6,1,70409625,0,84,0,0,70.7917,384,[84 -64 4 0 0 0 0 0 0 0 0 0 11 10 11 9 12 11 9 8 10 8 9 9 7 7 8 8 7 7 7 6 7 7 7 7 8 8 8 4 7 6 9 6 6 5 7 4 5 5 5 5 5 5 6 5 4 4 5 4 4 4 4 4 0 0 3 4 3 5 3 4 4 4 2 4 2 4 2 4 1 4 2 4 3 5 2 4 1 3 3 5 2 6 2 6 2 7 2 7 2 6 2 7 3 8 3 9 3 7 3 10 3 11 2 9 4 9 0 0 0 0 0 0 0 0 0 0 ]
344,1783416240.362480,7.1030,-81,CSI_DATA,AP,98:F4:AB:29:67:94,-81,11,1,4,1,1,1,0,0,0,0,-96,0,6,1,70507006,0,84,0,0,70.889,384,[84 -64 4 0 0 0 0 0 0 0 0 0 -16 -1 -14 -1 -17 -3 -14 -3 -14 -3 -11 -2 -12 -3 -13 -3 -12 -1 -12 -1 -11 0 -12 -2 -11 -1 -10 -1 -9 -1 -12 0 -11 1 -10 0 -10 -1 -9 -1 -9 -2 -7 -1 -8 0 -8 -1 -8 -1 -8 -2 0 0 -6 -2 -7 -1 -6 -2 -7 -3 -5 -2 -6 -2 -6 -3 -5 -3 -4 -2 -5 -1 -6 -2 -5 -3 -5 -4 -6 -3 -7 -3 -6 -4 -8 -5 -8 -4 -8 -5 -10 -4 -8 -4 -8 -4 -9 -5 -12 -5 -11 -5 -11 -5 0 0 0 0 0 0 0 0 0 0 ]
345,1783416240.484956,8.4174,-80,CSI_DATA,AP,98:F4:AB:29:67:94,-80,11,1,4,1,1,1,0,0,0,0,-96,0,6,1,70590457,0,84,0,0,70.9725,384,[84 -64 4 0 0 0 0 0 0 0 0 0 -15 -12 -13 -14 -13 -13 -12 -14 -13 -12 -10 -11 -10 -11 -10 -9 -11 -11 -10 -9 -12 -10 -12 -8 -10 -9 -10 -6 -10 -7 -10 -7 -10 -8 -10 -7 -8 -6 -9 -6 -8 -7 -8 -6 -7 -6 -6 -5 -7 -6 -8 -5 0 0 -7 -6 -6 -5 -4 -6 -5 -6 -5 -6 -5 -4 -5 -7 -5 -6 -5 -6 -6 -6 -5 -5 -6 -4 -4 -5 -5 -7 -6 -7 -6 -7 -5 -9 -6 -8 -6 -9 -7 -9 -6 -10 -6 -8 -7 -9 -7 -11 -8 -9 -8 -10 0 0 0 0 0 0 0 0 0 0 ]
346,1783416240.613223,7.6416,-80,CSI_DATA,AP,98:F4:AB:29:67:94,-80,11,1,4,1,1,1,0,0,0,0,-96,0,6,1,70687475,0,84,0,0,71.0695,384,[84 -64 4 0 0 0 0 0 0 0 0 0 16 -3 14 -3 13 -1 13 -3 12 -2 12 -2 11 -1 11 -2 12 -2 10 -3 11 -2 11 -3 13 -3 11 -2 8 -3 10 -3 8 -3 9 -2 8 -1 9 -2 7 -2 7 -1 7 -1 7 -1 6 -2 7 -1 0 0 5 0 6 0 5 0 6 0 3 1 6 1 4 1 5 1 4 2 5 1 6 2 6 2 5 2 5 2 5 1 8 3 8 3 6 3 7 5 8 2 8 3 6 3 8 5 10 3 9 4 10 3 0 0 0 0 0 0 0 0 0 0 ]
347,1783416240.743863,7.4738,-80,CSI_DATA,AP,98:F4:AB:29:67:94,-80,11,1,4,1,1,1,0,0,0,0,-96,0,6,1,70778561,0,84,0,0,71.1606,384,[84 -64 4 0 0 0 0 0 0 0 0 0 5 18 3 17 4 17 1 16 1 16 2 14 2 14 2 13 3 13 5 12 3 12 4 10 3 9 5 11 3 9 3 11 3 8 2 9 2 11 3 9 2 9 1 7 0 8 2 6 1 7 2 7 0 0 0 7 1 7 -1 6 -1 6 -2 6 -3 7 -2 5 -1 5 -1 5 -1 4 0 6 -2 6 -1 8 -1 6 -1 7 -2 7 -5 8 -2 8 -3 8 -3 9 -4 9 -4 8 -5 10 -3 12 -4 10 -2 12 0 0 0 0 0 0 0 0 0 0 ]
348,1783416240.869771,8.1164,-80,CSI_DATA,AP,98:F4:AB:29:67:94,-80,11,1,4,1,1,1,0,0,0,0,-96,0,6,1,70861112,0,84,0,0,71.2431,384,[84 -64 4 0 0 0 0 0 0 0 0 0 9 -14 8 -12 9 -13 7 -11 12 -11 7 -12 6 -10 8 -9 7 -10 6 -9 5 -10 5 -9 5 -10 5 -10 6 -8 3 -9 4 -8 6 -10 4 -8 5 -7 5 -7 5 -7 3 -6 5 -6 5 -7 3 -7 0 0 5 -6 4 -6 3 -3 4 -4 5 -3 3 -4 4 -4 5 -5 4 -3 4 -3 4 -4 5 -4 6 -3 4 -3 7 -5 6 -5 6 -6 6 -6 7 -5 8 -3 8 -3 8 -4 8 -4 10 -5 10 -4 9 -5 0 0 0 0 0 0 0 0 0 0 ]
349,1783416240.993701,7.6596,-80,CSI_DATA,AP,98:F4:AB:29:67:94,-80,11,1,4,1,1,1,0,0,0,0,-96,0,6,1,70949593,0,84,0,0,71.3316,384,[84 -64 4 0 0 0 0 0 0 0 0 0 -5 -14 -4 -16 -4 -17 -2 -14 -3 -13 -3 -13 -4 -12 -1 -12 -2 -12 -3 -11 -4 -12 -4 -13 -4 -11 -5 -11 -3 -10 -5 -10 -5 -9 -4 -7 -4 -8 -3 -8 -2 -8 -2 -9 -3 -7 -3 -8 -2 -7 -3 -6 0 0 -2 -6 -3 -6 -1 -7 -2 -7 -1 -5 0 -8 1 -7 0 -5 0 -6 -2 -6 -1 -6 0 -6 -1 -7 0 -7 -1 -8 -2 -8 2 -9 0 -9 -1 -8 -1 -9 0 -10 0 -10 0 -10 0 -12 -1 -10 -2 -12 0 0 0 0 0 0 0 0 0 0 ]
350,1783416241.120709,7.8558,-74,CSI_DATA,AP,98:F4:AB:29:67:94,-74,11,0,0,0,0,0,0,0,0,0,-96,0,6,1,71042597,0,84,0,0,71.4247,128,[84 -64 4 0 0 0 0 0 0 0 0 0 -34 15 -34 14 -35 13 -34 12 -30 11 -28 10 -27 12 -25 9 -25 11 -25 9 -23 9 -22 12 -22 13 -23 11 -19 8 -21 11 -19 11 -17 10 -18 8 -17 8 -16 9 -17 8 -14 8 -16 7 -15 6 -14 7 0 0 -15 6 -14 5 -13 3 -14 4 -12 3 -13 1 -13 3 -12 1 -13 3 -12 2 -14 0 -12 1 -14 2 -15 0 -14 1 -18 2 -20 0 -19 -1 -20 -1 -20 1 -21 0 -21 2 -22 0 -23 0 -21 1 -25 3 0 0 0 0 0 0 0 0 0 0 ]
351,1783416241.246118,8.5334,-80,CSI_DATA,AP,98:F4:AB:29:67:94,-80,11,1,4,1,1,1,0,0,0,0,-96,0,6,1,71129371,0,84,0,0,71.5114,384,[84 -64 4 0 0 0 0 0 0 0 0 0 0 -17 0 -16 0 -16 1 -15 0 -14 2 -13 0 -11 -1 -13 0 -12 -1 -11 0 -11 -2 -13 -2 -11 -2 -11 -1 -10 -1 -10 -1 -10 -1 -9 -2 -9 -1 -9 -2 -10 0 -9 -1 -8 0 -8 -1 -9 0 -8 0 0 -1 -8 1 -7 0 -7 1 -7 1 -6 2 -6 1 -7 2 -6 1 -5 1 -5 0 -6 1 -5 1 -8 2 -7 1 -7 -1 -8 1 -8 0 -8 3 -7 2 -9 0 -9 2 -9 2 -10 1 -11 1 -10 1 -11 0 0 0 0 0 0 0 0 0 0 ]
352,1783416241.369483,8.0265,-80,CSI_DATA,AP,98:F4:AB:29:67:94,-80,11,1,4,1,1,1,0,0,0,0,-96,0,6,1,71223422,0,84,0,0,71.6055,384,[84 -64 4 0 0 0 0 0 0 0 0 0 -8 -16 -5 -14 -6 -17 -6 -13 -5 -15 -5 -11 -7 -12 -4 -11 -7 -13 -5 -12 -5 -11 -5 -11 -4 -12 -5 -11 -6 -8 -5 -10 -4 -8 -6 -7 -5 -8 -5 -8 -4 -7 -4 -8 -4 -7 -5 -8 -2 -7 -4 -7 0 0 -3 -6 -3 -7 -3 -8 -2 -7 -3 -5 0 -6 -3 -7 -2 -6 -3 -6 -3 -5 -4 -6 -1 -7 -2 -4 -1 -8 -2 -7 -3 -8 -2 -8 -3 -9 -2 -10 -3 -10 -3 -9 -3 -8 -3 -9 -3 -9 -3 -10 -4 -11 0 0 0 0 0 0 0 0 0 0 ]
353,1783416241.495099,7.2886,-80,CSI_DATA,AP,98:F4:AB:29:67:94,-80,11,1,4,1,1,1,0,0,0,0,-96,0,6,1,71310466,0,84,0,0,71.6925,384,[84 -64 4 0 0 0 0 0 0 0 0 0 -18 1 -15 0 -16 0 -15 1 -16 -3 -13 -1 -12 -2 -12 0 -13 1 -13 0 -12 3 -11 1 -13 1 -11 1 -9 1 -10 0 -10 1 -9 1 -10 0 -10 0 -7 0 -8 -1 -7 -1 -7 1 -7 -1 -8 0 0 0 -8 -2 -7 -1 -6 -2 -7 -2 -4 -1 -5 -3 -6 -4 -5 -3 -6 -2 -5 -2 -5 -2 -6 -2 -7 -3 -6 -3 -7 -4 -7 -4 -7 -5 -6 -3 -7 -5 -8 -5 -9 -6 -9 -5 -9 -5 -10 -6 -10 -5 -12 -6 0 0 0 0 0 0 0 0 0 0 ]
354,1783416241.620554,7.2597,-78,CSI_DATA,AP,98:F4:AB:29:67:94,-78,11,1,2,1,1,1,0,0,0,0,-96,0,6,1,71404259,0,84,0,0,71.7863,384,[84 -64 4 0 0 0 0 0 0 0 0 0 17 3 17 3 17 4 14 1 14 3 14 3 13 3 12 3 13 2 10 2 12 0 11 0 12 1 10 2 11 2 10 1 10 1 10 1 9 1 8 -1 7 1 8 1 7 0 6 0 7 1 7 1 0 0 7 1 6 1 6 2 6 2 4 2 5 2 4 3 4 4 3 3 4 2 5 2 4 2 5 4 5 3 5 4 6 4 6 4 5 6 7 5 7 5 8 6 7 5 8 6 9 5 8 6 10 7 0 0 0 0 0 0 0 0 0 0 ]
355,1783416241.746453,7.1597,-78,CSI_DATA,AP,98:F4:AB:29:67:94,-78,11,1,2,1,1,1,0,0,0,0,-96,0,6,1,71494304,0,84,0,0,71.8764,384,[84 -64 4 0 0 0 0 0 0 0 0 0 -12 -13 -9 -13 -11 -14 -10 -12 -11 -13 -9 -10 -10 -11 -9 -12 -9 -10 -8 -10 -10 -10 -8 -10 -9 -9 -9 -9 -9 -7 -10 -8 -8 -7 -9 -8 -7 -8 -8 -7 -6 -8 -7 -5 -5 -7 -6 -7 -6 -6 -5 -7 0 0 -5 -7 -5 -5 -5 -5 -4 -6 -4 -5 -3 -7 -3 -7 -4 -7 -5 -7 -3 -6 -4 -5 -4 -4 -4 -7 -3 -6 -5 -7 -5 -7 -6 -8 -4 -8 -5 -10 -5 -8 -5 -9 -5 -9 -6 -10 -6 -10 -6 -11 -6 -10 0 0 0 0 0 0 0 0 0 0 ]
356,1783416241.872806,7.1951,-80,CSI_DATA,AP,98:F4:AB:29:67:94,-80,11,1,4,1,1,1,0,0,0,0,-96,0,6,1,71579882,0,84,0,0,71.9618,384,[84 -64 4 0 0 0 0 0 0 0 0 0 -17 -1 -15 -1 -17 -1 -14 0 -14 -1 -14 -2 -13 0 -13 0 -12 0 -12 -1 -11 0 -12 -1 -11 0 -10 1 -10 1 -11 2 -9 1 -11 1 -9 0 -7 0 -8 -1 -9 1 -8 0 -7 0 -8 0 -7 -1 0 0 -8 -1 -6 -1 -7 -1 -7 -1 -8 -1 -7 -2 -7 -2 -6 -1 -5 -2 -5 -1 -6 -1 -6 -2 -6 -2 -6 -1 -7 -2 -8 -2 -8 -3 -8 -5 -8 -4 -9 -3 -8 -4 -10 -3 -10 -3 -12 -3 -10 -3 -11 -3 0 0 0 0 0 0 0 0 0 0 ]
357,1783416241.997605,7.9854,-80,CSI_DATA,AP,98:F4:AB:29:67:94,-80,11,1,4,1,1,1,0,0,0,0,-96,0,6,1,71671558,0,84,0,0,72.0536,384,[84 -64 4 0 0 0 0 0 0 0 0 0 18 -6 18 -4 16 -4 16 -2 17 -4 13 -1 14 -1 14 -3 13 -3 14 -5 12 -4 13 -5 11 -3 12 -3 11 -4 10 -5 11 -4 9 -5 9 -3 10 -3 10 -4 8 -3 8 -2 8 -3 8 -3 8 -3 0 0 7 -1 7 -2 8 -2 8 -3 5 0 5 -2 7 0 6 -1 4 0 5 1 6 0 6 1 8 -2 7 0 8 0 7 -1 8 -1 7 1 9 1 9 1 8 0 10 1 12 -1 10 -1 12 -2 12 0 0 0 0 0 0 0 0 0 0 0 ]
358,1783416242.120047,8.3153,-80,CSI_DATA,AP,98:F4:AB:29:67:94,-80,11,1,4,1,1,1,0,0,0,0,-96,0,6,1,71760555,0,84,0,0,72.1426,384,[84 -64 4 0 0 0 0 0 0 0 0 0 12 16 11 13 12 13 9 12 11 12 9 12 8 10 9 11 9 9 8 11 10 11 8 11 8 9 9 10 7 8 9 8 8 7 6 8 6 7 6 6 5 6 4 6 5 7 5 5 4 7 5 7 0 0 3 6 4 6 3 6 2 6 1 5 2 5 3 6 2 5 1 6 1 5 1 5 2 5 3 6 1 6 2 8 3 7 3 10 3 8 2 8 2 9 1 11 1 10 1 10 2 10 2 11 3 11 0 0 0 0 0 0 0 0 0 0 ]
359,1783416242.244818,8.5697,-80,CSI_DATA,AP,98:F4:AB:29:67:94,-80,11,1,4,1,1,1,0,0,0,0,-96,0,6,1,71850445,0,84,0,0,72.2325,384,[84 -64 4 0 0 0 0 0 0 0 0 0 -2 -19 0 -18 1 -20 1 -18 0 -18 0 -15 1 -16 -2 -14 0 -14 1 -15 -1 -13 -3 -13 -3 -14 -2 -13 -1 -13 -3 -12 -2 -12 -3 -11 -2 -10 -2 -11 -1 -9 -2 -9 -1 -10 -1 -10 -3 -8 0 -10 0 0 -3 -9 -1 -7 0 -8 0 -8 -1 -7 -1 -6 -1 -5 -1 -5 1 -7 0 -6 0 -9 -1 -8 1 -8 1 -7 -1 -9 0 -9 0 -9 1 -9 1 -9 1 -9 1 -10 0 -11 0 -13 -2 -12 -1 -12 0 -13 0 0 0 0 0 0 0 0 0 0 ]
360,1783416242.367476,8.1321,-78,CSI_DATA,AP,98:F4:AB:29:67:94,-78,11,1,2,1,1,1,0,0,0,0,-96,0,6,1,71942148,0,84,0,0,72.3242,384,[84 -64 4 0 0 0 0 0 0 0 0 0 10 -12 10 -10 11 -11 9 -9 10 -10 9 -9 8 -9 7 -8 8 -8 8 -9 7 -8 8 -8 7 -9 5 -9 5 -7 6 -8 5 -6 6 -8 4 -5 6 -7 6 -7 5 -7 5 -5 5 -5 4 -6 4 -4 0 0 4 -5 5 -4 5 -4 5 -5 4 -2 5 -3 5 -3 5 -4 4 -3 4 -3 5 -2 5 -2 5 -2 6 -2 4 -4 5 -4 6 -4 6 -3 7 -3 8 -4 7 -3 8 -4 10 -4 8 -5 8 -4 9 -6 0 0 0 0 0 0 0 0 0 0 ]
361,1783416242.493935,8.4846,-80,CSI_DATA,AP,98:F4:AB:29:67:94,-80,11,1,4,1,1,1,0,0,0,0,-96,0,6,1,72029460,0,84,0,0,72.4115,384,[84 -64 4 0 0 0 0 0 0 0 0 0 -6 -16 -6 -16 -5 -16 -5 -14 -5 -12 -3 -14 -3 -13 -4 -12 -3 -12 -5 -10 -4 -12 -6 -10 -5 -10 -4 -11 -2 -9 -5 -10 -4 -9 -4 -9 -3 -10 -3 -8 -3 -9 -4 -8 -3 -7 -3 -7 -3 -8 -4 -7 0 0 -2 -7 -2 -8 -2 -7 -2 -7 0 -7 -1 -6 0 -7 1 -7 -1 -4 -1 -6 -1 -6 0 -6 -1 -8 -1 -7 0 -8 -1 -8 0 -8 0 -10 -1 -10 0 -9 1 -9 0 -10 1 -11 0 -11 0 -11 0 -13 0 0 0 0 0 0 0 0 0 0 ]
362,1783416242.618390,8.6778,-79,CSI_DATA,AP,98:F4:AB:29:67:94,-79,11,1,4,1,1,1,0,0,0,0,-96,0,6,1,72120484,0,84,0,0,72.5025,384,[84 -64 4 0 0 0 0 0 0 0 0 0 -3 -17 -3 -16 -3 -15 -3 -15 -4 -15 -2 -12 -4 -13 -3 -14 -3 -14 -2 -12 -2 -12 -3 -12 -1 -11 -2 -12 -2 -8 -4 -11 -1 -10 -4 -11 -3 -7 -2 -9 -1 -9 -2 -9 -1 -8 -1 -7 1 -9 -1 -8 0 0 1 -6 -1 -7 0 -5 -1 -6 1 -6 1 -6 2 -5 1 -5 2 -7 1 -6 0 -7 1 -6 1 -8 1 -7 2 -6 2 -7 3 -8 2 -7 3 -8 3 -9 3 -9 3 -10 4 -10 4 -9 5 -9 4 -11 0 0 0 0 0 0 0 0 0 0 ]
363,1783416242.742196,8.6056,-80,CSI_DATA,AP,98:F4:AB:29:67:94,-80,11,1,4,1,1,1,0,0,0,0,-96,0,6,1,72211393,0,84,0,0,72.5934,384,[84 -64 4 0 0 0 0 0 0 0 0 0 15 4 13 4 14 4 13 5 14 4 10 5 10 4 11 3 12 3 11 5 11 2 9 4 10 2 10 3 9 1 8 2 8 3 8 2 7 1 8 1 7 1 6 3 6 2 7 3 5 1 7 1 0 0 5 3 5 2 5 3 5 4 4 3 4 3 4 3 4 4 4 4 4 4 3 4 5 4 3 4 6 4 6 5 5 4 4 5 6 4 6 6 6 6 6 7 6 6 7 7 7 7 7 7 9 7 0 0 0 0 0 0 0 0 0 0 ]
364,1783416242.868661,6.9896,-80,CSI_DATA,AP,98:F4:AB:29:67:94,-80,11,1,4,1,1,1,0,0,0,0,-96,0,6,1,72299427,0,84,0,0,72.6813,384,[84 -64 4 0 0 0 0 0 0 0 0 0 8 -14 7 -13 8 -15 8 -12 8 -12 7 -12 7 -11 7 -10 5 -9 4 -11 5 -11 4 -11 5 -10 4 -9 4 -8 2 -10 2 -8 2 -10 4 -8 3 -8 3 -8 3 -7 3 -8 3 -7 3 -5 4 -6 0 0 3 -7 2 -7 3 -5 3 -6 3 -5 4 -5 4 -5 4 -4 3 -3 2 -4 4 -4 3 -4 4 -6 2 -5 4 -6 4 -6 5 -7 6 -6 5 -6 5 -6 5 -5 4 -7 7 -10 7 -8 4 -9 5 -9 0 0 0 0 0 0 0 0 0 0 ]
365,1783416242.993498,6.1260,-78,CSI_DATA,AP,98:F4:AB:29:67:94,-78,11,1,2,1,1,1,0,0,0,0,-96,0,6,1,72398609,0,84,0,0,72.7807,384,[84 -64 4 0 0 0 0 0 0 0 0 0 16 -3 12 -2 14 -3 14 -3 13 -2 10 -2 12 -3 11 -2 11 -2 12 -2 10 -3 10 -3 10 -2 8 -4 9 -2 9 -3 8 -2 8 -3 6 -1 9 -3 7 0 8 -2 7 -2 7 -1 6 -1 6 -1 0 0 6 -2 7 -2 4 1 6 0 6 -1 5 1 4 -1 6 1 4 1 5 1 4 0 5 -1 6 0 5 0 6 1 7 1 8 1 6 1 8 1 8 2 8 1 8 1 9 1 10 -1 9 0 11 -1 0 0 0 0 0 0 0 0 0 0 ]
366,1783416243.118183,6.6069,-79,CSI_DATA,AP,98:F4:AB:29:67:94,-79,11,1,2,1,1,1,0,0,0,0,-96,0,6,1,72486875,0,84,0,0,72.869,384,[84 -64 4 0 0 0 0 0 0 0 0 0 15 8 14 8 15 7 16 8 13 8 12 6 10 7 10 7 10 6 10 5 9 5 10 4 11 4 10 3 9 3 9 5 9 3 8 4 7 5 7 4 7 4 7 4 6 3 7 2 7 3 7 4 0 0 7 4 6 3 5 4 5 4 4 3 4 4 4 4 4 5 4 3 3 4 3 3 3 4 4 4 5 4 5 5 6 5 5 6 7 6 5 7 6 6 6 6 6 7 7 8 8 7 9 7 11 9 0 0 0 0 0 0 0 0 0 0 ]
367,1783416243.242026,8.1058,-80,CSI_DATA,AP,98:F4:AB:29:67:94,-80,11,1,4,1,1,1,0,0,0,0,-96,0,6,1,72571084,0,84,0,0,72.9531,384,[84 -64 4 0 0 0 0 0 0 0 0 0 -21 -6 -19 -5 -18 -4 -16 -4 -18 -5 -15 -4 -14 -4 -15 -5 -13 -4 -13 -5 -13 -3 -12 -5 -12 -5 -14 -3 -9 -3 -13 -5 -11 -1 -12 -5 -10 -3 -11 -4 -8 -3 -11 -3 -8 -3 -9 -4 -9 -3 -9 -4 0 0 -7 -3 -7 -4 -6 -4 -8 -4 -6 -4 -7 -4 -5 -5 -6 -4 -4 -3 -5 -5 -8 -6 -6 -5 -6 -5 -6 -6 -7 -5 -8 -5 -7 -7 -6 -6 -7 -8 -8 -8 -8 -8 -10 -6 -8 -8 -10 -8 -10 -9 -10 -9 0 0 0 0 0 0 0 0 0 0 ]
368,1783416243.366219,7.6428,-80,CSI_DATA,AP,98:F4:AB:29:67:94,-80,11,1,4,1,1,1,0,0,0,0,-96,0,6,1,72659713,0,84,0,0,73.0417,384,[84 -64 4 0 0 0 0 0 0 0 0 0 -16 4 -15 5 -15 3 -14 5 -15 3 -13 4 -13 3 -12 2 -12 3 -12 2 -11 4 -11 2 -10 2 -11 3 -10 2 -10 3 -9 3 -10 2 -10 2 -9 2 -9 2 -8 2 -7 0 -8 2 -7 0 -6 0 0 0 -6 1 -6 1 -6 1 -8 -1 -6 -1 -8 -2 -6 0 -5 0 -6 -3 -7 -3 -7 -2 -5 0 -7 0 -6 -1 -8 -2 -7 -1 -10 -2 -8 -3 -8 -3 -10 -3 -10 -3 -9 -2 -9 -4 -10 -1 -11 -2 -11 -1 0 0 0 0 0 0 0 0 0 0 ]
369,1783416243.493179,7.5207,-80,CSI_DATA,AP,98:F4:AB:29:67:94,-80,11,1,4,1,1,1,0,0,0,0,-96,0,6,1,72749402,0,84,0,0,73.1314,384,[84 -64 4 0 0 0 0 0 0 0 0 0 -7 14 -9 13 -8 15 -7 13 -8 11 -6 11 -5 10 -8 9 -4 9 -6 9 -3 11 -6 10 -6 10 -4 10 -4 7 -3 11 -3 9 -3 8 -3 9 -4 7 -5 7 -4 6 -5 7 -2 6 -4 6 -3 5 0 0 -4 5 -4 6 -3 5 -3 4 -3 4 -3 6 -4 4 -4 3 -4 4 -4 6 -4 5 -4 4 -4 4 -5 4 -5 6 -6 6 -6 6 -5 5 -6 6 -7 7 -7 7 -7 7 -7 9 -8 7 -7 9 -7 9 0 0 0 0 0 0 0 0 0 0 ]
370,1783416243.619869,6.2854,-80,CSI_DATA,AP,98:F4:AB:29:67:94,-80,11,1,4,1,1,1,0,0,0,0,-96,0,6,1,72845802,0,84,0,0,73.2279,384,[84 -64 4 0 0 0 0 0 0 0 0 0 8 -13 8 -13 9 -13 10 -11 9 -12 7 -11 8 -11 5 -11 4 -10 6 -10 5 -11 4 -9 5 -10 6 -10 4 -9 4 -10 4 -8 3 -8 3 -9 3 -8 2 -9 2 -6 4 -7 4 -6 2 -5 2 -7 0 0 2 -7 2 -7 4 -6 3 -6 3 -4 2 -5 4 -5 3 -5 2 -4 2 -4 3 -5 3 -6 4 -6 3 -6 3 -8 4 -8 4 -8 4 -8 6 -7 5 -7 5 -8 6 -9 5 -9 5 -11 6 -10 6 -10 0 0 0 0 0 0 0 0 0 0 ]
371,1783416243.746010,7.2984,-80,CSI_DATA,AP,98:F4:AB:29:67:94,-80,11,1,4,1,1,1,0,0,0,0,-96,0,6,1,72932010,0,84,0,0,73.314,384,[84 -64 4 0 0 0 0 0 0 0 0 0 -15 -9 -14 -7 -15 -8 -12 -8 -13 -7 -10 -7 -11 -6 -11 -7 -10 -7 -11 -7 -9 -6 -10 -5 -11 -6 -10 -4 -9 -5 -10 -6 -9 -5 -9 -5 -8 -4 -9 -3 -8 -5 -7 -3 -6 -5 -8 -3 -7 -4 -7 -4 0 0 -6 -5 -6 -3 -7 -4 -6 -4 -6 -5 -3 -4 -5 -5 -5 -5 -6 -4 -6 -4 -6 -4 -4 -5 -5 -4 -5 -5 -6 -7 -6 -4 -7 -6 -6 -6 -7 -7 -7 -8 -7 -7 -7 -8 -7 -9 -8 -8 -7 -7 -8 -8 0 0 0 0 0 0 0 0 0 0 ]
372,1783416243.873656,7.6085,-74,CSI_DATA,AP,98:F4:AB:29:67:94,-74,11,0,0,0,0,0,0,0,0,0,-96,0,6,1,73035015,0,84,0,0,73.4172,128,[84 -64 4 0 0 0 0 0 0 0 0 0 -42 9 -38 9 -41 7 -39 6 -37 6 -34 5 -31 6 -31 6 -30 5 -28 5 -29 7 -28 7 -27 6 -25 8 -25 8 -28 9 -24 6 -24 5 -20 5 -22 5 -20 3 -20 3 -18 3 -18 3 -20 3 -17 4 0 0 -19 1 -18 0 -16 0 -18 2 -14 0 -16 0 -15 -1 -14 -3 -16 -1 -16 -3 -17 -2 -16 -3 -16 -2 -17 -3 -18 -5 -19 -6 -21 -4 -20 -6 -22 -6 -20 -6 -22 -8 -23 -6 -25 -8 -27 -5 -26 -7 -28 -7 0 0 0 0 0 0 0 0 0 0 ]
373,1783416243.999292,7.0503,-80,CSI_DATA,AP,98:F4:AB:29:67:94,-80,11,1,4,1,1,1,0,0,0,0,-96,0,6,1,73109509,0,84,0,0,73.4914,384,[84 -64 4 0 0 0 0 0 0 0 0 0 -15 8 -14 5 -15 6 -14 5 -13 5 -12 4 -12 4 -11 4 -12 5 -10 4 -10 5 -10 6 -9 5 -10 5 -10 6 -8 6 -8 6 -9 5 -7 4 -8 4 -8 2 -8 3 -6 4 -7 3 -6 3 -7 3 0 0 -6 3 -7 3 -5 2 -6 3 -6 0 -6 1 -6 0 -6 1 -6 0 -7 2 -7 1 -5 1 -7 3 -8 2 -7 3 -6 1 -9 1 -8 1 -8 2 -9 1 -10 1 -9 2 -10 3 -11 4 -11 5 -10 4 0 0 0 0 0 0 0 0 0 0 ]
374,1783416244.124924,6.7798,-80,CSI_DATA,AP,98:F4:AB:29:67:94,-80,11,1,4,1,1,1,0,0,0,0,-96,0,6,1,73202346,0,84,0,0,73.5844,384,[84 -64 4 0 0 0 0 0 0 0 0 0 -17 10 -15 9 -19 10 -15 9 -15 7 -14 7 -13 7 -12 5 -12 7 -11 6 -10 7 -11 8 -10 8 -10 9 -10 7 -10 8 -10 7 -9 7 -9 5 -8 6 -8 4 -8 5 -9 6 -8 5 -6 4 -9 5 0 0 -7 3 -6 4 -7 3 -6 2 -6 2 -7 1 -7 3 -7 1 -7 2 -6 2 -7 4 -6 2 -7 2 -9 3 -7 2 -8 2 -11 3 -9 1 -9 2 -10 1 -11 2 -13 1 -11 3 -13 3 -11 4 -13 4 0 0 0 0 0 0 0 0 0 0 ]
375,1783416244.249103,7.0146,-74,CSI_DATA,AP,98:F4:AB:29:67:94,-74,11,0,0,0,0,0,0,0,0,0,-96,0,6,1,73293479,0,84,0,0,73.6756,128,[84 -64 4 0 0 0 0 0 0 0 0 0 -17 -36 -14 -31 -15 -35 -14 -29 -14 -31 -12 -27 -12 -25 -13 -27 -12 -26 -11 -26 -12 -25 -12 -22 -11 -24 -14 -23 -12 -19 -14 -23 -12 -17 -13 -19 -9 -16 -10 -18 -9 -16 -9 -15 -7 -15 -7 -15 -8 -16 -7 -15 0 0 -6 -13 -8 -16 -6 -12 -6 -15 -5 -12 -5 -12 -3 -15 -4 -13 -4 -12 -2 -14 -3 -14 -2 -13 -3 -14 -3 -14 -3 -16 -3 -19 -2 -22 -1 -19 -1 -20 -1 -20 -1 -20 -3 -21 -2 -23 -2 -23 -3 -23 -6 -24 0 0 0 0 0 0 0 0 0 0 ]
376,1783416244.375594,7.8869,-80,CSI_DATA,AP,98:F4:AB:29:67:94,-80,11,1,4,1,1,1,0,0,0,0,-96,0,6,1,73382868,0,84,0,0,73.7649,384,[84 -64 4 0 0 0 0 0 0 0 0 0 13 13 11 12 12 12 12 12 11 11 11 10 11 10 10 9 8 10 8 8 8 8 8 8 9 8 10 8 9 8 9 7 8 8 7 7 8 6 7 5 7 4 6 6 6 5 7 6 7 4 4 5 0 0 4 5 5 5 2 6 5 5 2 4 2 6 2 5 1 3 1 6 2 6 3 6 1 7 2 6 4 7 3 7 2 8 3 9 3 9 3 8 3 9 3 8 3 9 3 11 4 11 3 9 3 10 0 0 0 0 0 0 0 0 0 0 ]
377,1783416244.503541,7.8076,-80,CSI_DATA,AP,98:F4:AB:29:67:94,-80,11,1,4,1,1,1,0,0,0,0,-96,0,6,1,73472061,0,84,0,0,73.8541,384,[84 -64 4 0 0 0 0 0 0 0 0 0 -3 17 -3 14 -3 15 -4 14 -3 13 -2 12 -3 10 -3 12 -3 11 -3 9 -3 12 -1 11 -2 10 -1 11 -2 9 -1 11 -2 9 -2 9 -1 8 -2 7 -1 7 -1 7 -1 8 -2 6 -1 7 -2 6 0 0 -2 6 -2 6 -2 6 -2 6 -3 4 -2 5 -2 4 -3 4 -4 5 -2 5 -2 5 -2 5 -3 5 -4 7 -3 6 -3 7 -4 7 -4 8 -4 7 -3 7 -4 8 -4 9 -5 8 -3 9 -4 10 -3 9 0 0 0 0 0 0 0 0 0 0 ]
378,1783416244.630208,7.5677,-80,CSI_DATA,AP,98:F4:AB:29:67:94,-80,11,1,4,1,1,1,0,0,0,0,-96,0,6,1,73561702,0,84,0,0,73.9437,384,[84 -64 4 0 0 0 0 0 0 0 0 0 -6 -15 -4 -16 -4 -16 -6 -14 -5 -15 -4 -13 -3 -11 -4 -12 -5 -11 -5 -11 -4 -11 -5 -12 -4 -11 -5 -10 -4 -9 -6 -10 -3 -9 -5 -9 -4 -7 -4 -8 -5 -8 -5 -8 -4 -7 -4 -6 -3 -7 -4 -7 0 0 -3 -7 -2 -7 -2 -7 -3 -6 -2 -6 -2 -6 -1 -6 -1 -6 -1 -6 -2 -6 -1 -7 -2 -6 0 -6 0 -8 -2 -8 0 -8 -1 -8 -1 -10 -2 -10 -2 -8 0 -9 -1 -10 -1 -12 -1 -10 -1 -10 -1 -12 0 0 0 0 0 0 0 0 0 0 ]
379,1783416244.755817,7.5696,-73,CSI_DATA,AP,98:F4:AB:29:67:94,-73,11,0,0,0,0,0,0,0,0,0,-96,0,6,1,73654975,0,84,0,0,74.0371,128,[84 -64 4 0 0 0 0 0 0 0 0 0 18 34 16 29 18 34 15 30 16 29 13 26 14 25 13 23 14 23 12 24 15 22 14 23 13 20 12 19 12 19 15 20 13 18 12 17 10 17 11 16 8 16 9 16 9 14 8 15 9 12 7 14 0 0 6 13 5 15 5 13 6 13 3 13 3 13 3 12 1 13 3 11 3 14 2 13 2 12 3 14 1 14 3 16 1 17 1 20 1 16 1 18 0 19 0 19 2 21 0 22 2 22 3 22 2 24 0 0 0 0 0 0 0 0 0 0 ]
380,1783416244.880922,8.2355,-78,CSI_DATA,AP,98:F4:AB:29:67:94,-78,11,1,2,1,1,1,0,0,0,0,-96,0,6,1,73743799,0,84,0,0,74.1259,384,[84 -64 4 0 0 0 0 0 0 0 0 0 -14 10 -12 9 -15 9 -13 8 -14 9 -11 7 -11 8 -11 6 -10 7 -12 6 -10 7 -10 7 -9 7 -9 6 -7 7 -8 7 -8 7 -8 7 -7 5 -9 5 -8 5 -7 4 -8 4 -7 4 -8 4 -6 4 0 0 -8 3 -7 4 -5 3 -6 3 -6 2 -6 2 -6 1 -6 1 -5 2 -5 2 -7 1 -6 2 -6 2 -7 1 -8 3 -7 2 -8 2 -8 1 -10 2 -10 2 -10 0 -10 2 -11 2 -12 2 -11 2 -11 3 0 0 0 0 0 0 0 0 0 0 ]
381,1783416245.005503,9.2233,-80,CSI_DATA,AP,98:F4:AB:29:67:94,-80,11,1,4,1,1,1,0,0,0,0,-96,0,6,1,73831956,0,84,0,0,74.2139,384,[84 -64 4 0 0 0 0 0 0 0 0 0 -18 -1 -16 -1 -15 -3 -15 -2 -15 -1 -12 -1 -13 -3 -12 -3 -14 -1 -12 -2 -11 -2 -12 0 -12 0 -13 0 -10 -1 -12 0 -9 0 -9 -2 -9 0 -9 -2 -9 -1 -9 0 -8 -1 -8 -1 -9 -2 -8 0 0 0 -8 -2 -7 -1 -8 -1 -8 -2 -7 -3 -5 -4 -6 -1 -6 -3 -6 -3 -6 -3 -6 -2 -6 -1 -7 -3 -7 -2 -6 -4 -7 -3 -7 -4 -7 -4 -7 -4 -9 -5 -9 -5 -10 -5 -8 -4 -10 -5 -10 -5 -10 -5 0 0 0 0 0 0 0 0 0 0 ]
382,1783416245.131573,9.1237,-80,CSI_DATA,AP,98:F4:AB:29:67:94,-80,11,1,4,1,1,1,0,0,0,0,-96,0,6,1,73921705,0,84,0,0,74.3037,384,[84 -64 4 0 0 0 0 0 0 0 0 0 10 -18 7 -16 11 -16 9 -15 8 -14 8 -13 8 -11 8 -12 8 -12 7 -9 4 -12 7 -11 6 -10 8 -12 5 -13 5 -12 3 -10 5 -9 2 -9 4 -10 6 -9 4 -8 4 -9 4 -7 5 -7 3 -7 0 0 3 -8 2 -6 5 -7 4 -5 5 -7 4 -5 5 -6 3 -5 5 -3 5 -4 4 -6 4 -5 6 -4 5 -7 6 -5 6 -6 7 -6 7 -6 8 -6 7 -5 7 -6 8 -6 8 -7 7 -6 9 -8 9 -10 0 0 0 0 0 0 0 0 0 0 ]
383,1783416245.256386,8.6058,-80,CSI_DATA,AP,98:F4:AB:29:67:94,-80,11,1,4,1,1,1,0,0,0,0,-96,0,6,1,74014001,0,84,0,0,74.396,384,[84 -64 4 0 0 0 0 0 0 0 0 0 -16 -4 -15 -4 -17 -4 -16 -4 -15 -4 -13 -4 -14 -3 -13 -5 -12 -2 -13 -4 -12 -2 -11 -3 -10 -2 -11 -1 -11 -1 -11 -2 -9 0 -10 -1 -10 -2 -10 -2 -9 -2 -10 -1 -7 -2 -7 -1 -8 -1 -7 -1 0 0 -8 -1 -8 -2 -6 -2 -8 -2 -7 -2 -6 -3 -6 -2 -6 -2 -5 -4 -5 -4 -6 -3 -5 -3 -6 -2 -6 -3 -7 -4 -8 -4 -10 -4 -8 -4 -8 -5 -8 -4 -8 -5 -10 -4 -10 -4 -11 -4 -12 -5 -10 -4 0 0 0 0 0 0 0 0 0 0 ]
384,1783416245.381445,7.8645,-79,CSI_DATA,AP,98:F4:AB:29:67:94,-79,11,1,4,1,1,1,0,0,0,0,-96,0,6,1,74102922,0,84,0,0,74.485,384,[84 -64 4 0 0 0 0 0 0 0 0 0 -3 -20 -3 -16 -4 -18 -2 -18 -2 -16 -1 -15 -1 -16 -2 -15 -1 -14 0 -15 -2 -12 -4 -14 -2 -13 -2 -12 -1 -11 -3 -13 -2 -12 -3 -12 -1 -11 -1 -13 0 -10 -2 -10 -1 -10 0 -7 -2 -7 -2 -9 0 0 1 -7 -1 -9 1 -7 1 -8 0 -5 1 -8 0 -7 2 -5 2 -5 2 -6 2 -5 0 -7 1 -8 3 -7 3 -8 3 -8 4 -10 3 -8 4 -11 3 -9 6 -9 4 -10 5 -11 5 -10 6 -13 5 -13 0 0 0 0 0 0 0 0 0 0 ]
385,1783416245.506220,8.2741,-73,CSI_DATA,AP,98:F4:AB:29:67:94,-73,11,0,0,0,0,0,0,0,0,0,-96,0,6,1,74193835,0,84,0,0,74.576,128,[84 -64 4 0 0 0 0 0 0 0 0 0 -27 22 -29 22 -30 22 -29 19 -25 20 -25 18 -24 16 -24 15 -22 17 -22 17 -19 17 -17 19 -17 17 -16 19 -17 16 -17 17 -15 14 -13 11 -13 11 -16 14 -14 15 -15 11 -13 12 -15 8 -12 10 -12 9 0 0 -14 7 -11 10 -12 10 -13 8 -11 6 -12 5 -14 3 -12 5 -12 5 -12 4 -13 6 -13 3 -14 4 -15 4 -17 3 -18 6 -21 4 -19 1 -19 1 -19 0 -20 0 -21 0 -21 1 -22 7 -22 7 -23 6 0 0 0 0 0 0 0 0 0 0 ]
386,1783416245.633024,7.5099,-80,CSI_DATA,AP,98:F4:AB:29:67:94,-80,11,1,4,1,1,1,0,0,0,0,-96,0,6,1,74279577,0,84,0,0,74.6616,384,[84 -64 4 0 0 0 0 0 0 0 0 0 4 16 2 15 2 16 1 14 3 14 2 12 2 13 1 13 3 11 2 12 2 11 2 11 3 9 4 9 3 8 3 9 3 8 2 9 3 9 2 6 2 7 3 7 2 7 1 7 1 7 2 6 0 0 1 6 1 6 0 7 2 5 0 7 -1 6 1 5 -1 5 0 5 0 5 0 5 -1 6 -1 7 0 7 0 6 0 7 -1 8 -1 8 -1 7 -1 7 0 9 -2 9 -2 8 -2 10 -1 11 -1 9 0 0 0 0 0 0 0 0 0 0 ]
387,1783416245.758575,7.4426,-80,CSI_DATA,AP,98:F4:AB:29:67:94,-80,11,1,4,1,1,1,0,0,0,0,-96,0,6,1,74371515,0,84,0,0,74.7536,384,[84 -64 4 0 0 0 0 0 0 0 0 0 8 -14 7 -14 6 -13 7 -13 7 -13 6 -11 6 -10 5 -10 5 -10 6 -9 5 -11 4 -11 4 -12 4 -9 4 -9 3 -11 3 -9 3 -9 2 -10 5 -7 4 -8 4 -7 3 -7 4 -8 4 -7 3 -6 0 0 2 -7 3 -7 3 -6 2 -7 4 -3 3 -4 4 -5 4 -3 2 -4 3 -4 4 -5 3 -6 4 -6 4 -5 3 -6 5 -6 7 -7 6 -6 5 -6 5 -6 7 -7 6 -6 6 -8 6 -9 7 -8 7 -9 0 0 0 0 0 0 0 0 0 0 ]
388,1783416245.882326,7.6388,-74,CSI_DATA,AP,98:F4:AB:29:67:94,-74,11,0,0,0,0,0,0,0,0,0,-96,0,6,1,74474229,0,84,0,0,74.8564,128,[84 -64 4 0 0 0 0 0 0 0 0 0 19 -34 14 -31 18 -32 17 -30 16 -31 14 -26 12 -25 13 -22 13 -25 13 -23 13 -24 10 -23 11 -24 11 -23 9 -20 10 -23 8 -20 6 -21 7 -19 8 -17 8 -17 7 -17 9 -15 7 -15 8 -13 8 -15 0 0 6 -15 8 -13 8 -13 7 -13 7 -11 8 -11 8 -10 8 -10 7 -10 9 -8 10 -10 10 -8 11 -10 12 -8 12 -12 11 -11 14 -12 14 -11 16 -10 16 -12 18 -11 17 -13 19 -14 19 -15 19 -16 20 -15 0 0 0 0 0 0 0 0 0 0 ]
389,1783416246.008997,7.3658,-80,CSI_DATA,AP,98:F4:AB:29:67:94,-80,11,1,4,1,1,1,0,0,0,0,-96,0,6,1,74550754,0,84,0,0,74.9327,384,[84 -64 4 0 0 0 0 0 0 0 0 0 14 -10 12 -6 14 -6 14 -7 12 -7 12 -8 11 -5 10 -6 9 -7 9 -5 10 -6 9 -8 10 -8 8 -7 7 -6 9 -7 7 -6 7 -6 8 -5 7 -6 7 -7 8 -4 5 -5 5 -5 6 -4 6 -6 0 0 6 -4 6 -4 6 -4 6 -3 5 -3 5 -3 6 -4 6 -3 4 -4 4 -3 4 -4 6 -3 3 -3 6 -2 5 -5 6 -3 7 -4 8 -4 9 -4 8 -4 8 -5 7 -5 9 -6 9 -7 9 -6 10 -7 0 0 0 0 0 0 0 0 0 0 ]
390,1783416246.136518,8.1139,-80,CSI_DATA,AP,98:F4:AB:29:67:94,-80,11,1,4,1,1,1,0,0,0,0,-96,0,6,1,74644545,0,84,0,0,75.0266,384,[84 -64 4 0 0 0 0 0 0 0 0 0 13 13 11 12 12 13 8 15 10 12 8 12 9 10 8 9 9 9 9 9 9 9 9 8 8 9 9 7 9 6 8 8 9 7 8 6 5 7 8 7 6 7 7 5 5 5 6 5 6 6 5 5 0 0 6 6 5 5 5 6 5 6 3 4 3 4 3 4 3 4 4 5 5 5 3 5 3 5 4 6 4 5 4 7 6 6 3 7 6 7 6 7 4 8 6 9 4 8 6 8 7 9 7 10 7 9 0 0 0 0 0 0 0 0 0 0 ]
391,1783416246.260978,8.5087,-73,CSI_DATA,AP,98:F4:AB:29:67:94,-73,11,0,0,0,0,0,0,0,0,0,-96,0,6,1,74739609,0,84,0,0,75.1217,128,[84 -64 4 0 0 0 0 0 0 0 0 0 -36 0 -34 4 -33 8 -32 -1 -27 3 -24 -5 -31 -3 -20 -1 -24 3 -21 2 -23 2 -24 4 -23 -1 -26 5 -22 8 -17 4 -19 -3 -15 6 -22 -4 -24 2 -18 -5 -17 -4 -17 4 -14 0 -17 1 -14 -3 0 0 -15 -2 -15 -2 -11 -3 -15 1 -12 -4 -12 -3 -14 -6 -11 -5 -10 -4 -12 -5 -11 -6 -10 -5 -12 -7 -11 -7 -12 -9 -15 -10 -15 -10 -14 -11 -12 -12 -14 -12 -12 -14 -14 -13 -15 -15 -16 -14 -17 -14 -17 -15 0 0 0 0 0 0 0 0 0 0 ]
392,1783416246.387827,8.6264,-78,CSI_DATA,AP,98:F4:AB:29:67:94,-78,11,1,2,1,1,1,0,0,0,0,-96,0,6,1,74820417,0,84,0,0,75.2025,384,[84 -64 4 0 0 0 0 0 0 0 0 0 -15 -10 -13 -8 -13 -9 -14 -7 -12 -7 -10 -8 -10 -7 -10 -8 -10 -7 -9 -7 -12 -8 -10 -6 -9 -6 -8 -7 -8 -7 -9 -6 -9 -5 -8 -6 -7 -5 -7 -6 -7 -5 -6 -6 -6 -7 -6 -6 -6 -6 -6 -4 0 0 -4 -5 -5 -6 -4 -6 -4 -6 -3 -6 -4 -5 -3 -5 -2 -6 -3 -6 -2 -5 -3 -7 -1 -5 -3 -6 -2 -6 -3 -7 -2 -7 -3 -9 -2 -8 -2 -8 -2 -9 -2 -10 0 -9 -1 -10 -1 -11 -1 -11 -2 -10 0 0 0 0 0 0 0 0 0 0 ]
393,1783416246.514239,8.6442,-75,CSI_DATA,AP,98:F4:AB:29:67:94,-75,11,0,0,0,0,0,0,0,0,0,-96,0,6,1,74914435,0,84,0,0,75.2966,128,[84 -64 4 0 0 0 0 0 0 0 0 0 -69 -74 -74 -69 -74 -74 -67 -73 -61 -66 -54 -55 -53 -63 -51 -62 -53 -64 -55 -55 -58 -53 -64 -55 -60 -55 -48 -37 -38 -41 -50 -47 -49 -40 -45 -28 -49 -38 -45 -44 -42 -49 -33 -49 -29 -44 -38 -36 -37 -43 -38 -46 0 0 -24 -40 -31 -40 -25 -41 -25 -38 -11 -27 -13 -40 -20 -46 -25 -39 -24 -38 -19 -42 -19 -45 -20 -41 -22 -48 -12 -54 -20 -45 -15 -40 -19 -58 -16 -54 -16 -62 -17 -62 -15 -63 -20 -64 -22 -68 -27 -75 -32 -65 -28 -71 0 0 0 0 0 0 0 0 0 0 ]
394,1783416246.643781,7.2332,-80,CSI_DATA,AP,98:F4:AB:29:67:94,-80,11,1,4,1,1,1,0,0,0,0,-96,0,6,1,75002246,0,84,0,0,75.3843,384,[84 -64 4 0 0 0 0 0 0 0 0 0 4 15 2 12 3 17 3 13 3 13 4 11 3 13 4 11 5 11 2 11 2 11 4 10 2 11 3 8 3 9 5 10 5 10 4 8 3 8 3 7 3 7 3 7 3 7 3 6 1 6 2 6 0 0 2 6 1 6 0 6 1 6 -1 4 0 5 1 5 1 5 1 6 1 7 0 5 -1 6 -1 6 -1 6 0 7 -1 7 -1 8 1 6 0 9 0 9 0 9 -2 8 0 9 1 10 1 10 0 10 0 0 0 0 0 0 0 0 0 0 ]
395,1783416246.774190,8.2558,-80,CSI_DATA,AP,98:F4:AB:29:67:94,-80,11,1,4,1,1,1,0,0,0,0,-96,0,6,1,75090232,0,84,0,0,75.4723,384,[84 -64 4 0 0 0 0 0 0 0 0 0 -13 -9 -13 -9 -14 -9 -13 -8 -13 -9 -12 -8 -11 -7 -10 -8 -11 -7 -11 -8 -10 -7 -10 -6 -11 -6 -11 -5 -9 -6 -10 -5 -9 -5 -10 -4 -8 -5 -8 -4 -8 -6 -8 -5 -8 -6 -7 -5 -7 -6 -7 -5 0 0 -7 -5 -7 -4 -6 -4 -6 -4 -5 -4 -5 -6 -4 -4 -4 -4 -5 -5 -4 -5 -5 -6 -4 -5 -4 -5 -5 -6 -7 -7 -5 -6 -6 -8 -6 -7 -5 -7 -7 -8 -5 -8 -8 -8 -6 -9 -7 -9 -7 -8 -8 -7 0 0 0 0 0 0 0 0 0 0 ]
396,1783416246.906245,6.9808,-80,CSI_DATA,AP,98:F4:AB:29:67:94,-80,11,1,4,1,1,1,0,0,0,0,-96,0,6,1,75180308,0,84,0,0,75.5624,384,[84 -64 4 0 0 0 0 0 0 0 0 0 2 19 3 15 2 15 1 13 3 14 2 13 2 11 1 13 1 11 1 10 2 9 0 9 3 9 3 9 1 9 3 10 2 10 1 8 0 9 0 8 1 7 0 8 1 9 0 8 2 6 0 6 0 0 0 7 -2 8 -2 7 0 6 -2 5 -3 4 -2 5 -1 4 -1 5 -3 6 -2 6 -3 6 -3 7 -3 7 -2 6 -3 6 -3 7 -4 6 -4 7 -4 7 -5 8 -5 8 -6 8 -4 10 -4 9 -3 10 0 0 0 0 0 0 0 0 0 0 ]
397,1783416247.034678,7.6596,-79,CSI_DATA,AP,98:F4:AB:29:67:94,-79,11,1,4,1,1,1,0,0,0,0,-96,0,6,1,75271185,0,84,0,0,75.6531,384,[84 -64 4 0 0 0 0 0 0 0 0 0 -12 -10 -12 -10 -12 -12 -10 -10 -12 -10 -10 -9 -8 -9 -10 -9 -8 -10 -10 -7 -10 -7 -9 -7 -11 -6 -9 -6 -9 -7 -8 -7 -9 -6 -8 -7 -8 -6 -7 -5 -7 -7 -7 -5 -8 -6 -7 -5 -6 -6 -7 -5 0 0 -6 -4 -4 -5 -5 -4 -4 -5 -4 -5 -4 -6 -4 -6 -5 -6 -4 -5 -3 -6 -6 -6 -4 -6 -5 -6 -4 -7 -3 -7 -4 -7 -4 -8 -3 -9 -5 -9 -4 -8 -5 -9 -4 -9 -5 -9 -5 -7 -7 -10 -6 -9 0 0 0 0 0 0 0 0 0 0 ]
398,1783416247.161969,8.6491,-80,CSI_DATA,AP,98:F4:AB:29:67:94,-80,11,1,4,1,1,1,0,0,0,0,-96,0,6,1,75363848,0,84,0,0,75.7459,384,[84 -64 4 0 0 0 0 0 0 0 0 0 5 -17 4 -15 3 -15 5 -16 2 -13 3 -13 3 -12 3 -12 3 -11 3 -11 2 -10 1 -11 2 -11 3 -11 0 -11 1 -10 1 -10 2 -9 3 -8 3 -9 3 -9 -1 -8 3 -7 2 -7 3 -9 2 -8 0 0 3 -7 2 -6 3 -6 2 -5 4 -4 3 -6 3 -4 3 -4 3 -3 4 -5 3 -4 4 -4 5 -5 4 -4 6 -6 5 -6 8 -6 7 -6 7 -4 7 -6 8 -5 7 -7 8 -5 8 -7 9 -4 8 -7 0 0 0 0 0 0 0 0 0 0 ]
399,1783416247.290580,7.6916,-80,CSI_DATA,AP,98:F4:AB:29:67:94,-80,11,1,4,1,1,1,0,0,0,0,-96,0,6,1,75449835,0,84,0,0,75.8319,384,[84 -64 4 0 0 0 0 0 0 0 0 0 -4 16 -3 14 -5 15 -3 13 -4 14 -4 11 -3 11 -4 10 -3 12 -3 10 -2 12 -3 10 -2 10 -3 10 -3 10 -2 10 -2 8 -2 9 -3 8 -2 7 -2 8 -3 8 -3 7 -3 7 -3 6 -2 7 0 0 -4 5 -4 7 -4 4 -4 6 -4 5 -3 4 -4 5 -5 3 -3 5 -5 6 -5 5 -4 5 -3 5 -4 5 -6 5 -5 5 -6 6 -6 4 -6 7 -6 6 -8 6 -8 6 -7 7 -7 8 -8 7 -8 8 0 0 0 0 0 0 0 0 0 0 ]
400,1783416247.416204,7.8851,-80,CSI_DATA,AP,98:F4:AB:29:67:94,-80,11,1,4,1,1,1,0,0,0,0,-96,0,6,1,75544856,0,84,0,0,75.9269,384,[84 -64 4 0 0 0 0 0 0 0 0 0 -12 -13 -9 -12 -10 -13 -9 -11 -11 -13 -7 -11 -7 -12 -7 -10 -8 -10 -8 -10 -8 -9 -7 -10 -7 -8 -8 -9 -7 -8 -7 -9 -8 -6 -7 -9 -7 -7 -6 -7 -4 -7 -7 -7 -4 -7 -6 -7 -5 -6 -6 -7 0 0 -4 -7 -4 -7 -5 -5 -5 -6 -4 -6 -2 -6 -4 -6 -2 -8 -4 -7 -4 -5 -3 -7 -3 -6 -2 -8 -3 -7 -4 -7 -4 -6 -3 -8 -2 -7 -3 -9 -5 -9 -3 -9 -2 -9 -3 -13 -5 -10 -5 -11 -4 -11 0 0 0 0 0 0 0 0 0 0 ]
401,1783416247.543868,8.0402,-79,CSI_DATA,AP,98:F4:AB:29:67:94,-79,11,1,4,1,1,1,0,0,0,0,-96,0,6,1,75629394,0,84,0,0,76.0114,384,[84 -64 4 0 0 0 0 0 0 0 0 0 -14 8 -14 7 -15 7 -13 5 -12 6 -10 6 -12 6 -10 7 -10 7 -11 5 -10 7 -9 6 -10 6 -8 7 -8 8 -9 7 -8 6 -8 5 -7 4 -6 4 -6 5 -6 5 -5 4 -8 6 -7 4 -6 4 0 0 -4 4 -6 4 -7 3 -6 4 -7 2 -7 3 -6 2 -7 3 -6 1 -7 2 -6 3 -6 3 -8 2 -5 4 -7 2 -7 3 -8 2 -8 3 -9 3 -8 4 -9 4 -9 4 -10 3 -10 5 -10 4 -11 5 0 0 0 0 0 0 0 0 0 0 ]
402,1783416247.671485,8.0966,-80,CSI_DATA,AP,98:F4:AB:29:67:94,-80,11,1,4,1,1,1,0,0,0,0,-96,0,6,1,75719725,0,84,0,0,76.1018,384,[84 -64 4 0 0 0 0 0 0 0 0 0 -6 -17 -4 -15 -5 -16 -5 -14 -6 -14 -4 -12 -3 -13 -4 -12 -4 -13 -5 -13 -6 -10 -5 -10 -5 -11 -5 -11 -5 -10 -6 -11 -5 -9 -6 -10 -4 -9 -3 -8 -4 -7 -5 -9 -4 -8 -2 -6 -4 -7 -2 -7 0 0 -3 -8 -3 -8 -2 -7 -1 -7 -1 -6 -1 -7 -2 -6 -2 -8 -1 -5 -1 -6 -1 -6 0 -6 -1 -8 -1 -9 -1 -9 -1 -9 -1 -9 0 -9 1 -9 0 -8 0 -9 0 -9 -1 -11 -2 -11 -1 -12 -1 -12 0 0 0 0 0 0 0 0 0 0 ]
403,1783416247.800191,8.0394,-78,CSI_DATA,AP,98:F4:AB:29:67:94,-78,11,1,2,1,1,1,0,0,0,0,-96,0,6,1,75814593,0,84,0,0,76.1967,384,[84 -64 4 0 0 0 0 0 0 0 0 0 -14 12 -12 9 -14 11 -12 9 -12 11 -11 7 -10 10 -10 8 -11 10 -10 8 -9 8 -10 7 -9 9 -10 7 -8 8 -9 8 -8 7 -8 7 -7 6 -7 7 -8 7 -8 5 -7 6 -8 5 -8 6 -6 3 0 0 -6 4 -8 4 -7 4 -6 3 -7 3 -6 3 -7 1 -6 2 -7 2 -7 3 -7 4 -7 2 -7 2 -8 2 -8 2 -7 2 -10 2 -9 2 -9 3 -8 2 -10 1 -11 3 -10 3 -12 2 -12 4 -13 5 0 0 0 0 0 0 0 0 0 0 ]
404,1783416247.930542,8.1334,-80,CSI_DATA,AP,98:F4:AB:29:67:94,-80,11,1,4,1,1,1,0,0,0,0,-96,0,6,1,75900119,0,84,0,0,76.2822,384,[84 -64 4 0 0 0 0 0 0 0 0 0 -15 8 -13 8 -15 6 -14 7 -14 5 -12 6 -12 4 -10 5 -12 4 -11 4 -11 5 -10 7 -10 6 -9 6 -11 7 -9 5 -7 6 -8 3 -9 4 -8 3 -9 4 -8 3 -7 3 -7 3 -8 3 -7 3 0 0 -7 2 -8 4 -7 2 -6 1 -7 0 -7 1 -7 1 -6 0 -6 0 -7 2 -6 1 -6 2 -7 0 -7 0 -9 1 -7 0 -9 0 -9 0 -10 0 -9 0 -9 0 -8 0 -10 0 -11 1 -11 0 -12 0 0 0 0 0 0 0 0 0 0 0 ]
405,1783416248.059429,8.3621,-74,CSI_DATA,AP,98:F4:AB:29:67:94,-74,11,0,0,0,0,0,0,0,0,0,-96,0,6,1,75995617,0,84,0,0,76.3778,128,[84 -64 4 0 0 0 0 0 0 0 0 0 36 -11 32 -9 36 -12 32 -9 32 -10 26 -8 28 -8 26 -5 25 -7 25 -7 24 -12 24 -12 24 -9 23 -10 20 -6 23 -10 19 -8 18 -10 18 -9 19 -7 19 -6 17 -5 17 -6 17 -6 15 -6 17 -5 0 0 15 -4 15 -4 15 -4 15 -3 13 0 13 0 14 1 12 2 13 0 11 1 13 0 14 1 14 0 14 2 15 3 16 2 18 3 16 3 18 5 19 4 19 4 19 5 21 5 23 4 21 2 24 4 0 0 0 0 0 0 0 0 0 0 ]
406,1783416248.189179,7.5371,-80,CSI_DATA,AP,98:F4:AB:29:67:94,-80,11,1,4,1,1,1,0,0,0,0,-96,0,6,1,76080104,0,84,0,0,76.462,384,[84 -64 4 0 0 0 0 0 0 0 0 0 -6 16 -6 13 -7 15 -4 13 -6 13 -5 11 -5 11 -4 10 -5 10 -5 11 -3 11 -2 10 -2 10 -3 10 -4 11 -3 9 -3 10 -2 8 -3 8 -3 7 -3 8 -4 7 -3 7 -4 7 -4 6 -3 6 0 0 -3 6 -6 5 -5 5 -3 5 -3 3 -4 5 -5 5 -5 4 -4 3 -5 3 -4 4 -6 4 -5 4 -6 5 -6 4 -5 3 -7 5 -6 5 -6 4 -9 5 -9 5 -9 5 -7 6 -7 6 -8 7 -9 7 0 0 0 0 0 0 0 0 0 0 ]
407,1783416248.318026,8.2083,-79,CSI_DATA,AP,98:F4:AB:29:67:94,-79,11,1,4,1,1,1,0,0,0,0,-96,0,6,1,76172036,0,84,0,0,76.5541,384,[84 -64 4 0 0 0 0 0 0 0 0 0 -8 16 -9 17 -9 15 -7 15 -8 13 -8 13 -7 12 -5 10 -7 13 -7 11 -7 12 -6 11 -6 11 -6 13 -5 10 -5 11 -4 10 -4 10 -5 10 -5 8 -4 8 -5 8 -6 7 -5 8 -6 6 -3 6 0 0 -6 6 -6 6 -6 6 -7 6 -6 4 -5 5 -6 5 -6 4 -5 4 -6 4 -7 4 -5 4 -6 5 -5 5 -7 6 -7 5 -9 6 -9 5 -8 5 -9 6 -9 6 -8 4 -11 7 -10 7 -11 6 -10 8 0 0 0 0 0 0 0 0 0 0 ]
408,1783416248.445262,7.4237,-80,CSI_DATA,AP,98:F4:AB:29:67:94,-80,11,1,4,1,1,1,0,0,0,0,-96,0,6,1,76261719,0,84,0,0,76.6437,384,[84 -64 4 0 0 0 0 0 0 0 0 0 6 13 6 14 6 15 6 12 5 11 6 11 5 11 4 11 6 10 6 4 7 11 1 6 5 7 4 8 5 8 6 9 4 8 4 8 4 7 4 6 4 8 5 8 4 6 4 7 3 6 3 6 0 0 3 7 3 8 2 6 3 5 0 5 1 4 0 5 0 5 1 5 2 4 2 5 2 6 -1 7 0 6 1 6 1 7 2 7 1 7 1 7 1 8 2 8 0 8 1 9 1 9 3 11 2 9 0 0 0 0 0 0 0 0 0 0 ]
409,1783416248.575403,7.6394,-74,CSI_DATA,AP,98:F4:AB:29:67:94,-74,11,0,0,0,0,0,0,0,0,0,-96,0,6,1,76355851,0,84,0,0,76.738,128,[84 -64 4 0 0 0 0 0 0 0 0 0 14 -37 12 -32 13 -35 14 -32 10 -29 12 -27 11 -27 12 -25 10 -26 9 -26 4 -26 5 -26 4 -26 4 -24 7 -22 6 -23 4 -21 4 -21 6 -19 6 -18 6 -18 6 -19 7 -17 5 -19 4 -18 6 -16 0 0 6 -14 6 -16 5 -15 7 -14 7 -13 6 -13 8 -14 9 -8 8 -12 7 -9 8 -13 7 -12 7 -11 9 -12 11 -12 11 -14 13 -15 12 -14 14 -13 15 -14 15 -13 16 -14 14 -14 15 -19 14 -19 15 -19 0 0 0 0 0 0 0 0 0 0 ]
410,1783416248.704991,7.1390,-80,CSI_DATA,AP,98:F4:AB:29:67:94,-80,11,1,4,1,1,1,0,0,0,0,-96,0,6,1,76441674,0,84,0,0,76.8237,384,[84 -64 4 0 0 0 0 0 0 0 0 0 16 5 11 6 13 5 13 5 12 7 10 4 11 2 10 4 10 2 11 2 11 3 10 3 10 3 11 2 8 3 11 2 9 2 9 2 8 1 9 2 8 0 10 0 7 2 8 2 6 3 7 2 0 0 6 3 7 2 5 2 6 2 4 1 7 2 5 2 4 1 6 3 6 2 5 2 5 0 6 2 5 2 6 2 7 4 6 4 7 2 7 2 7 3 8 3 7 3 9 4 9 4 10 4 8 3 0 0 0 0 0 0 0 0 0 0 ]
411,1783416248.840235,6.9433,-79,CSI_DATA,AP,98:F4:AB:29:67:94,-79,11,1,4,1,1,1,0,0,0,0,-96,0,6,1,76532411,0,84,0,0,76.9145,384,[84 -64 4 0 0 0 0 0 0 0 0 0 -1 -17 -2 -14 -1 -16 1 -15 -2 -14 0 -13 -2 -13 0 -12 0 -13 -1 -13 -2 -12 -1 -12 -1 -11 -1 -11 0 -10 -2 -11 -2 -10 -1 -9 -2 -8 -1 -9 0 -9 -1 -10 -1 -8 0 -8 0 -7 1 -8 0 0 -1 -8 0 -9 0 -7 0 -6 1 -5 1 -7 2 -7 2 -7 3 -6 1 -8 1 -8 0 -6 3 -6 3 -7 3 -8 2 -7 4 -10 3 -9 4 -7 4 -9 4 -8 4 -9 5 -10 4 -10 4 -11 3 -11 0 0 0 0 0 0 0 0 0 0 ]
412,1783416248.969022,7.5787,-79,CSI_DATA,AP,98:F4:AB:29:67:94,-79,11,1,4,1,1,1,0,0,0,0,-96,0,6,1,76619931,0,84,0,0,77.002,384,[84 -64 4 0 0 0 0 0 0 0 0 0 7 -16 8 -14 6 -14 7 -13 6 -13 6 -12 5 -12 6 -13 4 -11 4 -12 2 -10 3 -12 4 -13 4 -11 1 -10 2 -11 2 -10 2 -10 4 -10 3 -10 3 -9 2 -8 1 -8 2 -8 2 -8 2 -7 0 0 2 -7 3 -7 2 -6 1 -6 3 -6 4 -6 2 -5 4 -7 2 -7 3 -4 3 -6 4 -6 3 -6 3 -6 3 -7 3 -6 5 -8 3 -7 4 -8 4 -7 4 -8 6 -9 6 -8 4 -9 5 -10 6 -11 0 0 0 0 0 0 0 0 0 0 ]
413,1783416249.099923,7.4629,-80,CSI_DATA,AP,98:F4:AB:29:67:94,-80,11,1,4,1,1,1,0,0,0,0,-96,0,6,1,76712069,0,84,0,0,77.0941,384,[84 -64 4 0 0 0 0 0 0 0 0 0 7 -15 7 -14 10 -14 7 -13 8 -12 8 -10 8 -14 6 -11 6 -10 7 -9 5 -9 5 -10 5 -11 5 -9 4 -10 4 -11 3 -9 4 -8 3 -8 5 -8 5 -8 5 -8 4 -6 4 -6 4 -6 3 -6 0 0 5 -7 4 -6 4 -4 5 -5 5 -5 4 -6 4 -4 3 -2 5 -3 5 -4 3 -4 4 -5 4 -4 6 -5 6 -6 7 -5 8 -5 6 -4 7 -5 6 -6 8 -5 10 -4 7 -6 7 -6 8 -6 9 -7 0 0 0 0 0 0 0 0 0 0 ]
414,1783416249.228878,7.4130,-78,CSI_DATA,AP,98:F4:AB:29:67:94,-78,11,1,2,1,1,1,0,0,0,0,-96,0,6,1,76803967,0,84,0,0,77.1859,384,[84 -64 4 0 0 0 0 0 0 0 0 0 5 -18 3 -16 6 -17 4 -15 4 -16 4 -12 3 -13 3 -13 3 -14 3 -13 3 -14 1 -13 2 -12 2 -12 1 -11 1 -12 1 -11 1 -12 3 -10 2 -10 1 -10 2 -10 1 -9 2 -9 3 -9 1 -7 0 0 1 -7 2 -7 2 -7 1 -7 4 -6 1 -6 3 -7 4 -4 2 -6 3 -6 3 -6 2 -5 4 -6 5 -7 4 -8 4 -7 4 -9 4 -7 4 -8 5 -8 6 -7 6 -9 6 -10 6 -9 6 -10 6 -11 0 0 0 0 0 0 0 0 0 0 ]
415,1783416249.359637,7.1866,-78,CSI_DATA,AP,98:F4:AB:29:67:94,-78,11,1,2,1,1,1,0,0,0,0,-96,0,6,1,76899156,0,84,0,0,77.2812,384,[84 -64 4 0 0 0 0 0 0 0 0 0 14 11 13 11 14 10 11 10 13 10 9 9 10 10 9 9 11 8 9 9 10 7 9 7 9 7 9 8 7 7 10 5 10 7 8 6 5 5 7 5 7 5 6 6 8 6 6 5 5 5 6 4 0 0 4 5 5 4 5 4 3 6 2 4 3 5 3 5 3 5 4 5 3 5 4 5 2 5 3 6 3 6 4 7 4 7 3 9 3 8 3 8 3 8 4 8 3 8 4 11 5 9 3 10 6 10 0 0 0 0 0 0 0 0 0 0 ]
416,1783416249.487731,7.6142,-80,CSI_DATA,AP,98:F4:AB:29:67:94,-80,11,1,4,1,1,1,0,0,0,0,-96,0,6,1,76982089,0,84,0,0,77.3641,384,[84 -64 4 0 0 0 0 0 0 0 0 0 0 -18 1 -16 2 -16 1 -15 1 -15 1 -14 -2 -15 1 -14 -1 -12 0 -13 0 -12 -1 -11 1 -11 -1 -12 0 -11 -1 -11 0 -10 -1 -10 -1 -9 -1 -8 0 -9 0 -7 -1 -7 0 -8 1 -8 0 -9 0 0 0 -7 1 -8 -1 -6 1 -7 1 -6 1 -6 1 -6 0 -4 1 -7 2 -7 0 -6 1 -6 2 -5 1 -6 1 -7 1 -8 2 -8 2 -8 4 -9 2 -8 3 -9 3 -9 4 -9 3 -10 4 -10 3 -11 0 0 0 0 0 0 0 0 0 0 ]
417,1783416249.618428,8.0561,-74,CSI_DATA,AP,98:F4:AB:29:67:94,-74,11,0,0,0,0,0,0,0,0,0,-96,0,6,1,77076763,0,84,0,0,77.4589,128,[84 -64 4 0 0 0 0 0 0 0 0 0 4 -40 6 -36 5 -36 4 -35 5 -32 4 -30 8 -29 6 -28 4 -28 3 -25 0 -28 -1 -26 1 -27 1 -27 2 -24 1 -24 2 -23 1 -21 0 -20 1 -19 4 -19 3 -19 2 -17 0 -17 1 -19 3 -18 0 0 4 -15 4 -17 0 -14 4 -14 5 -13 6 -13 6 -13 5 -12 6 -12 5 -12 6 -14 4 -12 4 -15 6 -14 6 -17 8 -15 8 -18 8 -17 12 -16 11 -16 12 -19 10 -19 10 -19 9 -21 10 -23 9 -24 0 0 0 0 0 0 0 0 0 0 ]
418,1783416249.748786,8.1944,-74,CSI_DATA,AP,98:F4:AB:29:67:94,-74,11,0,0,0,0,0,0,0,0,0,-96,0,6,1,77171084,0,84,0,0,77.5533,128,[84 -64 4 0 0 0 0 0 0 0 0 0 34 -5 27 -2 32 0 28 -1 31 -7 26 -3 22 -5 29 -9 23 -5 23 -4 15 -4 23 -6 24 -6 25 4 19 -7 19 -9 16 -12 18 -3 17 0 16 -5 17 2 15 -7 17 0 10 -10 15 -4 14 -5 0 0 10 -5 12 -2 9 -6 11 -4 8 -2 12 -1 11 1 10 0 10 1 9 1 12 0 11 -1 13 1 13 0 15 -1 14 0 18 0 16 1 17 4 17 1 19 2 19 1 19 1 22 -1 20 -1 21 0 0 0 0 0 0 0 0 0 0 0 ]
419,1783416249.876830,8.9204,-80,CSI_DATA,AP,98:F4:AB:29:67:94,-80,11,1,4,1,1,1,0,0,0,0,-96,0,6,1,77249334,0,84,0,0,77.6314,384,[84 -64 4 0 0 0 0 0 0 0 0 0 -16 -8 -13 -8 -14 -9 -13 -7 -14 -8 -13 -7 -12 -7 -9 -5 -12 -4 -12 -6 -11 -5 -10 -6 -11 -4 -11 -5 -9 -4 -11 -4 -10 -2 -10 -4 -9 -4 -8 -3 -9 -3 -8 -3 -8 -3 -9 -3 -8 -4 -7 -4 0 0 -6 -3 -8 -5 -6 -3 -7 -3 -6 -2 -6 -3 -6 -3 -6 -4 -5 -3 -5 -4 -5 -3 -5 -4 -6 -4 -7 -4 -7 -5 -7 -4 -8 -6 -8 -5 -9 -7 -8 -5 -8 -5 -9 -5 -10 -8 -9 -4 -10 -5 -12 -6 0 0 0 0 0 0 0 0 0 0 ]
420,1783416250.006416,13.4329,-73,CSI_DATA,AP,98:F4:AB:29:67:94,-73,11,0,0,0,0,0,0,0,0,0,-96,0,6,1,77349607,0,84,0,0,77.7318,128,[84 -64 4 0 0 0 0 0 0 0 0 0 34 19 29 16 33 18 29 15 29 17 23 14 26 14 23 14 23 12 22 13 24 11 22 11 21 12 23 10 19 9 24 8 20 7 20 6 16 7 18 8 17 8 17 7 15 6 15 7 15 7 14 8 0 0 13 8 14 8 13 7 12 6 10 7 12 8 10 9 9 6 11 7 9 9 11 8 11 9 12 10 10 11 15 11 15 10 15 15 13 11 11 13 14 13 13 15 16 13 15 16 17 16 17 15 17 16 0 0 0 0 0 0 0 0 0 0 ]
421,1783416250.134496,10.2952,-80,CSI_DATA,AP,98:F4:AB:29:67:94,-80,11,1,4,1,1,1,0,0,0,0,-96,0,6,1,77429291,0,84,0,0,77.8113,384,[84 -64 4 0 0 0 0 0 0 0 0 0 12 9 12 9 11 9 11 9 8 9 8 8 9 8 9 7 9 8 9 9 9 7 8 6 10 6 8 5 8 6 9 7 7 6 7 6 8 4 6 3 7 3 6 4 7 6 4 5 5 3 5 5 0 0 5 5 4 4 4 4 3 4 3 3 3 6 3 5 3 5 2 6 4 6 3 5 4 5 3 5 4 6 5 6 4 6 3 8 3 6 3 8 2 6 5 8 4 9 5 7 5 8 6 9 6 8 0 0 0 0 0 0 0 0 0 0 ]
422,1783416250.264576,8.7397,-80,CSI_DATA,AP,98:F4:AB:29:67:94,-80,11,1,4,1,1,1,0,0,0,0,-96,0,6,1,77520863,0,84,0,0,77.9028,384,[84 -64 4 0 0 0 0 0 0 0 0 0 12 -12 12 -12 13 -12 11 -9 12 -10 8 -8 10 -9 8 -8 8 -10 7 -8 8 -9 9 -10 8 -9 7 -9 6 -7 7 -8 7 -8 6 -9 4 -5 4 -8 5 -7 6 -8 5 -5 6 -6 4 -6 3 -5 0 0 3 -5 5 -4 5 -5 6 -5 5 -5 4 -4 5 -3 4 -2 3 -5 5 -5 4 -4 5 -4 6 -4 7 -5 6 -6 5 -4 7 -5 6 -4 5 -5 8 -5 7 -4 9 -6 9 -5 9 -7 9 -6 9 -7 0 0 0 0 0 0 0 0 0 0 ]
423,1783416250.392395,7.2600,-79,CSI_DATA,AP,98:F4:AB:29:67:94,-79,11,1,4,1,1,1,0,0,0,0,-96,0,6,1,77610206,0,84,0,0,77.9923,384,[84 -64 4 0 0 0 0 0 0 0 0 0 13 -10 13 -9 14 -8 12 -6 12 -9 11 -8 12 -8 10 -6 9 -7 10 -7 9 -8 10 -8 9 -8 8 -7 6 -7 9 -6 6 -6 5 -6 6 -6 7 -7 6 -5 6 -7 7 -6 5 -6 5 -5 6 -4 0 0 3 -4 5 -5 4 -4 4 -6 5 -4 5 -4 5 -3 5 -2 4 -3 4 -4 4 -4 5 -3 5 -4 6 -3 5 -7 4 -5 8 -6 7 -6 7 -5 7 -7 8 -6 7 -7 9 -7 8 -8 7 -8 8 -9 0 0 0 0 0 0 0 0 0 0 ]
424,1783416250.522374,6.4901,-80,CSI_DATA,AP,98:F4:AB:29:67:94,-80,11,1,4,1,1,1,0,0,0,0,-96,0,6,1,77702710,0,84,0,0,78.0848,384,[84 -64 4 0 0 0 0 0 0 0 0 0 16 -3 15 -2 15 -4 13 -4 15 -3 11 -3 12 0 12 -2 10 -3 12 -2 10 -3 9 -4 9 -4 10 -4 10 -2 10 -3 10 -2 9 -2 8 -3 6 -1 9 -1 9 -2 6 -2 6 -1 7 -2 7 -1 0 0 5 -1 7 0 6 -1 6 0 5 1 6 0 6 0 5 0 5 0 6 1 6 0 6 0 6 -1 8 2 8 1 8 1 7 2 7 1 8 4 8 3 8 2 9 4 8 2 9 2 10 1 11 2 0 0 0 0 0 0 0 0 0 0 ]
425,1783416250.650628,6.3259,-80,CSI_DATA,AP,98:F4:AB:29:67:94,-80,11,1,4,1,1,1,0,0,0,0,-96,0,6,1,77790740,0,84,0,0,78.1728,384,[84 -64 4 0 0 0 0 0 0 0 0 0 13 7 11 7 14 6 11 5 13 5 12 6 11 7 10 7 10 5 11 4 10 4 10 5 10 4 9 5 8 3 10 3 8 3 8 3 8 3 8 4 8 3 7 4 7 4 7 3 7 3 7 2 0 0 5 2 6 3 5 3 5 3 3 2 5 4 5 4 4 5 6 2 7 4 3 4 4 3 4 4 4 4 6 5 5 3 6 6 6 5 7 6 6 5 8 5 7 7 7 7 7 6 9 6 9 7 0 0 0 0 0 0 0 0 0 0 ]
426,1783416250.781276,6.8043,-79,CSI_DATA,AP,98:F4:AB:29:67:94,-79,11,1,4,1,1,1,0,0,0,0,-96,0,6,1,77879608,0,84,0,0,78.2616,384,[84 -64 4 0 0 0 0 0 0 0 0 0 19 -5 19 -3 18 -7 17 -3 15 -4 13 -3 14 -5 15 -6 13 -5 13 -5 12 -5 13 -6 12 -7 10 -5 12 -5 9 -6 10 -4 10 -6 8 -7 9 -5 9 -4 8 -4 8 -4 7 -4 7 -4 7 -2 0 0 7 -4 7 -3 6 -3 6 -1 7 -3 7 -1 6 -3 7 -2 5 -2 6 -4 7 -2 6 -3 7 -3 7 -2 7 -3 8 -4 9 -4 8 -3 10 -3 8 -4 9 -3 10 -3 11 -3 12 -6 12 -4 12 -3 0 0 0 0 0 0 0 0 0 0 ]
427,1783416250.911690,7.3067,-80,CSI_DATA,AP,98:F4:AB:29:67:94,-80,11,1,4,1,1,1,0,0,0,0,-96,0,6,1,77969971,0,84,0,0,78.352,384,[84 -64 4 0 0 0 0 0 0 0 0 0 -18 -6 -13 -5 -16 -7 -13 -6 -15 -7 -13 -5 -12 -6 -12 -5 -12 -4 -10 -4 -11 -4 -11 -5 -11 -4 -10 -4 -9 -3 -11 -4 -10 -2 -11 -4 -8 -4 -9 -2 -9 -4 -8 -3 -8 -4 -8 -3 -7 -4 -7 -2 0 0 -7 -3 -8 -4 -6 -1 -6 -5 -5 -4 -6 -5 -5 -4 -6 -5 -6 -4 -6 -5 -5 -5 -4 -4 -6 -4 -6 -5 -8 -5 -5 -5 -7 -6 -8 -6 -6 -5 -8 -7 -7 -7 -8 -8 -7 -7 -9 -7 -11 -7 -11 -7 0 0 0 0 0 0 0 0 0 0 ]
428,1783416251.041427,7.6987,-80,CSI_DATA,AP,98:F4:AB:29:67:94,-80,11,1,4,1,1,1,0,0,0,0,-96,0,6,1,78060027,0,84,0,0,78.4421,384,[84 -64 4 0 0 0 0 0 0 0 0 0 15 6 13 6 14 6 12 5 14 5 11 4 11 5 10 5 11 4 11 4 12 2 10 4 11 4 10 2 10 3 10 3 9 3 9 2 9 2 8 2 6 2 8 1 7 3 7 2 7 3 8 2 0 0 7 0 6 3 6 1 6 3 3 3 5 3 3 3 4 2 4 2 5 2 5 3 4 4 5 3 4 4 6 4 7 4 6 4 5 5 6 5 6 5 7 5 7 6 8 5 7 5 9 5 8 5 0 0 0 0 0 0 0 0 0 0 ]
429,1783416251.167683,8.3928,-80,CSI_DATA,AP,98:F4:AB:29:67:94,-80,11,1,4,1,1,1,0,0,0,0,-96,0,6,1,78151140,0,84,0,0,78.5332,384,[84 -64 4 0 0 0 0 0 0 0 0 0 12 -11 11 -11 13 -9 11 -10 12 -8 10 -8 9 -8 9 -9 9 -9 9 -8 8 -9 7 -10 8 -8 7 -6 7 -8 8 -8 5 -7 6 -7 5 -7 5 -6 6 -7 7 -7 6 -6 6 -6 6 -5 4 -5 0 0 5 -4 5 -6 6 -4 5 -5 5 -4 4 -5 5 -3 5 -3 5 -4 5 -4 4 -3 4 -5 6 -4 7 -3 7 -4 6 -5 9 -5 8 -5 7 -4 8 -4 9 -4 7 -3 9 -5 9 -5 9 -5 10 -6 0 0 0 0 0 0 0 0 0 0 ]
430,1783416251.297740,9.5070,-79,CSI_DATA,AP,98:F4:AB:29:67:94,-79,11,1,4,1,1,1,0,0,0,0,-96,0,6,1,78240991,0,84,0,0,78.6229,384,[84 -64 4 0 0 0 0 0 0 0 0 0 12 -16 11 -15 13 -14 11 -14 10 -14 9 -11 10 -10 8 -10 9 -11 9 -10 6 -10 7 -12 5 -11 7 -11 8 -11 7 -10 5 -10 6 -10 6 -10 7 -8 5 -10 6 -8 4 -7 6 -8 5 -7 4 -7 0 0 5 -6 5 -6 5 -5 4 -6 5 -4 5 -5 4 -2 6 -5 5 -5 5 -4 6 -5 4 -5 6 -5 5 -5 7 -5 7 -5 9 -7 8 -6 8 -6 8 -6 8 -6 10 -7 8 -7 9 -6 10 -8 10 -9 0 0 0 0 0 0 0 0 0 0 ]
431,1783416251.425279,8.0806,-80,CSI_DATA,AP,98:F4:AB:29:67:94,-80,11,1,4,1,1,1,0,0,0,0,-96,0,6,1,78331106,0,84,0,0,78.7132,384,[84 -64 4 0 0 0 0 0 0 0 0 0 -16 -7 -15 -6 -14 -8 -14 -8 -14 -7 -12 -6 -11 -6 -12 -6 -10 -7 -11 -6 -11 -7 -11 -5 -10 -7 -13 -5 -10 -4 -11 -5 -10 -4 -9 -4 -9 -4 -8 -4 -9 -4 -8 -4 -7 -4 -7 -5 -7 -4 -6 -4 0 0 -6 -4 -6 -5 -6 -4 -5 -5 -5 -4 -6 -6 -4 -6 -4 -5 -5 -6 -5 -5 -5 -5 -5 -5 -4 -5 -5 -7 -6 -7 -5 -7 -5 -9 -5 -7 -5 -9 -5 -7 -6 -9 -6 -9 -6 -11 -6 -8 -7 -10 -9 -9 0 0 0 0 0 0 0 0 0 0 ]
432,1783416251.557156,7.5653,-80,CSI_DATA,AP,98:F4:AB:29:67:94,-80,11,1,4,1,1,1,0,0,0,0,-96,0,6,1,78419819,0,84,0,0,78.8018,384,[84 -64 4 0 0 0 0 0 0 0 0 0 15 2 16 3 16 3 15 2 14 3 12 2 12 2 12 3 11 3 11 1 11 0 12 1 10 1 11 0 10 3 9 0 9 0 9 1 10 0 9 1 9 0 8 2 6 -1 7 1 7 1 7 0 0 0 7 2 6 1 6 1 8 1 6 1 5 2 5 2 5 3 4 1 7 1 5 1 5 0 5 1 7 1 7 3 7 2 6 5 7 3 7 3 8 4 8 5 8 5 9 4 9 4 11 3 10 3 0 0 0 0 0 0 0 0 0 0 ]
433,1783416251.688346,7.6647,-74,CSI_DATA,AP,98:F4:AB:29:67:94,-74,11,0,0,0,0,0,0,0,0,0,-96,0,6,1,78515426,0,84,0,0,78.8976,128,[84 -64 4 0 0 0 0 0 0 0 0 0 -27 31 -24 26 -25 27 -24 26 -24 24 -21 19 -20 20 -18 21 -18 20 -19 21 -16 21 -15 22 -15 19 -16 19 -12 19 -14 20 -13 18 -12 15 -11 17 -12 14 -13 15 -12 15 -10 11 -11 14 -11 13 -13 12 0 0 -12 12 -12 11 -10 12 -10 11 -11 9 -12 8 -11 8 -10 8 -11 6 -12 7 -13 9 -12 8 -11 9 -14 9 -15 9 -18 9 -17 10 -17 10 -18 8 -17 9 -20 9 -18 11 -19 11 -20 13 -19 13 -21 15 0 0 0 0 0 0 0 0 0 0 ]
434,1783416251.818998,7.6631,-80,CSI_DATA,AP,98:F4:AB:29:67:94,-80,11,1,4,1,1,1,0,0,0,0,-96,0,6,1,78600261,0,84,0,0,78.9823,384,[84 -64 4 0 0 0 0 0 0 0 0 0 14 -9 14 -8 15 -7 11 -7 11 -7 11 -7 10 -5 11 -6 9 -7 10 -6 10 -7 10 -5 9 -6 10 -7 6 -6 8 -6 7 -8 8 -6 7 -4 8 -5 6 -5 6 -6 6 -5 6 -5 6 -5 6 -5 0 0 5 -4 6 -3 5 -3 5 -5 5 -4 6 -3 6 -2 5 -3 5 -2 3 -4 4 -2 5 -2 6 -2 7 -2 7 -3 6 -3 8 -3 6 -3 8 -2 7 -3 8 -2 8 -3 10 -3 10 -4 10 -3 10 -4 0 0 0 0 0 0 0 0 0 0 ]
435,1783416251.947413,8.1440,-78,CSI_DATA,AP,98:F4:AB:29:67:94,-78,11,1,2,1,1,1,0,0,0,0,-96,0,6,1,78699960,0,84,0,0,79.082,384,[84 -64 4 0 0 0 0 0 0 0 0 0 -18 -7 -16 -7 -16 -6 -16 -5 -15 -7 -12 -6 -13 -5 -12 -5 -13 -5 -13 -6 -11 -5 -13 -5 -12 -5 -13 -3 -10 -5 -12 -3 -10 -4 -10 -4 -9 -4 -9 -4 -9 -4 -8 -4 -8 -4 -8 -4 -8 -3 -8 -4 0 0 -8 -4 -7 -4 -7 -5 -7 -4 -5 -4 -5 -5 -5 -5 -5 -5 -5 -6 -5 -4 -7 -3 -5 -5 -4 -6 -6 -7 -8 -6 -7 -6 -7 -8 -6 -8 -6 -9 -7 -8 -6 -10 -7 -8 -7 -9 -7 -9 -9 -9 -10 -9 0 0 0 0 0 0 0 0 0 0 ]
436,1783416252.076076,8.4858,-73,CSI_DATA,AP,98:F4:AB:29:67:94,-73,11,0,0,0,0,0,0,0,0,0,-96,0,6,1,78786310,0,84,0,0,79.1685,128,[84 -64 4 0 0 0 0 0 0 0 0 0 0 37 0 34 -2 37 -1 33 -2 34 -1 28 -1 29 -3 27 0 28 -2 25 2 25 2 25 0 24 2 25 1 21 4 27 3 21 2 20 2 18 1 21 0 17 1 18 -2 14 2 16 2 17 0 16 0 0 -1 15 -1 17 0 13 0 15 -1 13 -3 14 -4 13 -5 11 -4 13 -2 14 -3 12 -3 13 -3 16 -5 14 -5 17 -5 16 -5 18 -6 17 -9 18 -9 19 -10 17 -9 19 -9 20 -6 22 -7 22 -8 25 0 0 0 0 0 0 0 0 0 0 ]
437,1783416252.203739,8.3620,-80,CSI_DATA,AP,98:F4:AB:29:67:94,-80,11,1,3,1,1,1,0,0,0,0,-96,0,6,1,78870049,0,84,0,0,79.2521,384,[84 -64 4 0 0 0 0 0 0 0 0 0 2 -17 4 -16 3 -14 3 -14 2 -14 2 -12 2 -13 2 -14 2 -12 2 -11 1 -12 2 -13 1 -12 2 -10 2 -11 0 -11 1 -11 -1 -10 1 -10 1 -10 2 -7 1 -9 2 -9 1 -8 1 -8 1 -7 0 0 2 -7 1 -7 2 -7 1 -7 3 -6 2 -7 3 -6 3 -5 3 -6 1 -6 2 -7 1 -6 2 -6 3 -6 4 -6 3 -7 5 -7 4 -8 5 -7 4 -8 5 -8 5 -9 6 -9 5 -9 6 -10 3 -10 0 0 0 0 0 0 0 0 0 0 ]
438,1783416252.332107,8.5025,-74,CSI_DATA,AP,98:F4:AB:29:67:94,-74,11,0,0,0,0,0,0,0,0,0,-96,0,6,1,78970259,0,84,0,0,79.3524,128,[84 -64 4 0 0 0 0 0 0 0 0 0 -16 33 -14 31 -16 33 -15 31 -15 28 -13 27 -13 27 -11 23 -12 25 -12 23 -9 24 -9 22 -9 21 -8 23 -7 20 -8 23 -7 21 -9 18 -7 19 -7 17 -7 17 -7 18 -8 13 -8 15 -7 16 -8 15 0 0 -8 14 -10 13 -7 13 -9 12 -8 11 -10 13 -9 9 -9 9 -10 10 -9 10 -11 9 -11 10 -11 12 -12 11 -13 12 -14 12 -15 11 -15 11 -18 13 -15 13 -17 12 -18 14 -15 14 -18 16 -18 17 -20 18 0 0 0 0 0 0 0 0 0 0 ]
439,1783416252.458245,7.9181,-79,CSI_DATA,AP,98:F4:AB:29:67:94,-79,11,1,3,1,1,1,0,0,0,0,-96,0,6,1,79051813,0,84,0,0,79.4337,384,[84 -64 4 0 0 0 0 0 0 0 0 0 -2 20 -3 16 -4 20 -4 16 -5 17 -3 13 -5 13 -2 14 -2 13 -2 13 1 12 -2 13 1 13 -1 13 0 10 -2 13 1 10 0 11 0 8 0 10 -2 10 0 8 -1 10 -1 8 -2 7 -2 8 0 0 -1 7 -1 7 -2 8 0 7 -2 8 -2 8 -2 7 -4 5 -2 5 -3 6 -3 6 -2 8 -1 6 -2 8 -3 9 -3 9 -3 10 -3 10 -3 10 -3 8 -5 9 -5 10 -5 11 -3 11 -4 10 -2 12 0 0 0 0 0 0 0 0 0 0 ]
440,1783416252.589268,7.9760,-80,CSI_DATA,AP,98:F4:AB:29:67:94,-80,11,1,3,1,1,1,0,0,0,0,-96,0,6,1,79142227,0,84,0,0,79.5243,384,[84 -64 4 0 0 0 0 0 0 0 0 0 -17 -3 -16 -6 -17 -3 -16 -4 -14 -4 -12 -1 -12 -4 -14 -2 -13 -2 -12 -2 -11 -2 -10 0 -12 -1 -11 -2 -10 -1 -12 0 -9 0 -9 0 -9 0 -8 0 -11 -1 -8 -1 -8 0 -8 -2 -8 -1 -8 -1 0 0 -7 0 -7 -2 -7 -2 -9 -2 -8 -1 -5 -1 -7 -2 -6 -2 -6 -2 -6 -2 -7 -2 -6 -2 -5 -1 -7 -1 -8 -2 -9 -2 -9 -3 -10 -2 -7 -4 -9 -4 -10 -4 -11 -4 -12 -3 -12 -2 -13 -3 -13 -3 0 0 0 0 0 0 0 0 0 0 ]
441,1783416252.721066,8.1331,-74,CSI_DATA,AP,98:F4:AB:29:67:94,-74,11,0,0,0,0,0,0,0,0,0,-96,0,6,1,79235344,0,84,0,0,79.6175,128,[84 -64 4 0 0 0 0 0 0 0 0 0 34 -20 29 -16 32 -18 29 -17 30 -17 26 -14 25 -15 24 -12 23 -15 21 -13 21 -15 21 -17 20 -16 21 -15 16 -14 21 -15 17 -14 17 -14 16 -12 15 -12 15 -11 17 -11 14 -11 15 -10 12 -11 14 -9 0 0 12 -8 13 -8 13 -6 13 -7 11 -5 13 -5 12 -6 12 -5 13 -6 12 -3 13 -4 11 -6 14 -5 15 -4 17 -4 16 -4 20 -4 17 -4 19 -4 20 -5 22 -4 21 -3 23 -4 23 -5 22 -8 26 -6 0 0 0 0 0 0 0 0 0 0 ]
442,1783416252.849941,6.9976,-80,CSI_DATA,AP,98:F4:AB:29:67:94,-80,11,1,3,1,1,1,0,0,0,0,-96,0,6,1,79320203,0,84,0,0,79.7022,384,[84 -64 4 0 0 0 0 0 0 0 0 0 -16 -7 -16 -8 -14 -8 -11 -6 -13 -8 -11 -7 -12 -6 -11 -6 -11 -5 -11 -6 -10 -7 -11 -5 -12 -4 -11 -4 -10 -5 -11 -4 -10 -3 -8 -4 -9 -5 -8 -5 -8 -5 -8 -3 -8 -4 -7 -4 -5 -4 -6 -3 0 0 -6 -6 -6 -3 -6 -4 -7 -4 -4 -4 -5 -5 -4 -4 -5 -5 -5 -5 -5 -6 -5 -5 -5 -5 -5 -5 -4 -6 -7 -6 -6 -8 -6 -6 -6 -8 -6 -6 -6 -9 -6 -9 -8 -9 -7 -10 -8 -8 -8 -8 -8 -8 0 0 0 0 0 0 0 0 0 0 ]
443,1783416252.977686,7.5352,-79,CSI_DATA,AP,98:F4:AB:29:67:94,-79,11,1,3,1,1,1,0,0,0,0,-96,0,6,1,79409516,0,84,0,0,79.7916,384,[84 -64 4 0 0 0 0 0 0 0 0 0 -15 -5 -16 -6 -16 -6 -15 -6 -15 -5 -13 -4 -11 -5 -13 -5 -12 -3 -14 -4 -11 -3 -11 -3 -12 -2 -12 -2 -11 -1 -13 -3 -9 -3 -9 -2 -11 -1 -8 -2 -9 -2 -9 -1 -7 -3 -8 -1 -8 -2 -7 -2 0 0 -7 -2 -8 -3 -7 -3 -7 -4 -5 -1 -5 -3 -6 -3 -5 -4 -6 -1 -7 -3 -7 -3 -7 -4 -7 -3 -7 -2 -7 -4 -8 -5 -8 -4 -7 -5 -8 -5 -9 -5 -8 -6 -11 -5 -10 -5 -11 -6 -10 -4 -11 -5 0 0 0 0 0 0 0 0 0 0 ]
444,1783416253.104897,8.0906,-80,CSI_DATA,AP,98:F4:AB:29:67:94,-80,11,1,3,1,1,1,0,0,0,0,-96,0,6,1,79502504,0,84,0,0,79.8845,384,[84 -64 4 0 0 0 0 0 0 0 0 0 16 -4 14 -3 14 -5 15 -2 12 -3 12 -1 12 -2 11 -4 10 -3 11 -4 11 -3 11 -4 10 -6 10 -5 10 -4 9 -4 8 -5 9 -4 9 -4 9 -3 8 -4 8 -4 7 -2 6 -4 7 -5 6 -2 0 0 5 -3 6 -3 5 -3 6 -3 6 -2 6 -2 7 -1 5 -2 5 -2 5 -2 6 -1 6 -3 6 -2 6 -3 7 -4 7 -3 8 -2 7 -1 9 -1 8 -2 8 -2 9 -1 10 -3 9 -4 10 -3 10 -2 0 0 0 0 0 0 0 0 0 0 ]
445,1783416253.234999,8.3782,-73,CSI_DATA,AP,98:F4:AB:29:67:94,-73,11,0,0,0,0,0,0,0,0,0,-96,0,6,1,79596316,0,84,0,0,79.9785,128,[84 -64 4 0 0 0 0 0 0 0 0 0 38 -2 34 -3 37 -3 33 -2 34 -1 28 0 30 -1 27 1 26 -2 27 -1 27 -1 27 -5 24 -4 25 -5 22 -4 25 -3 21 -3 21 -6 19 -5 19 -2 18 -2 18 -4 18 -3 17 -2 18 -3 17 0 0 0 17 0 17 0 16 0 15 1 13 1 15 2 14 2 11 4 13 2 12 3 13 2 13 3 16 2 16 3 16 6 16 3 19 5 17 6 18 7 21 7 19 8 20 7 21 6 23 7 23 5 25 6 0 0 0 0 0 0 0 0 0 0 ]
446,1783416253.362098,8.4727,-80,CSI_DATA,AP,98:F4:AB:29:67:94,-80,11,1,3,1,1,1,0,0,0,0,-96,0,6,1,79682888,0,84,0,0,80.0649,384,[84 -64 4 0 0 0 0 0 0 0 0 0 -3 -17 -2 -16 -2 -16 -1 -15 -3 -17 -3 -12 -2 -13 -2 -12 -3 -12 -2 -13 -3 -11 -3 -10 -3 -12 -3 -11 -3 -9 -6 -10 -3 -10 -3 -10 -2 -9 -2 -9 -1 -9 -2 -9 0 -8 -1 -7 -2 -8 -2 -8 0 0 -2 -8 -1 -9 -1 -6 -1 -7 0 -6 0 -7 0 -5 -1 -6 1 -7 0 -7 0 -6 0 -7 0 -6 0 -6 -1 -9 0 -8 2 -9 1 -10 2 -10 -1 -9 0 -9 1 -11 1 -11 1 -12 0 -11 1 -11 0 0 0 0 0 0 0 0 0 0 ]
447,1783416253.489820,8.3493,-80,CSI_DATA,AP,98:F4:AB:29:67:94,-80,11,1,3,1,1,1,0,0,0,0,-96,0,6,1,79772115,0,84,0,0,80.154,384,[84 -64 4 0 0 0 0 0 0 0 0 0 -7 -16 -6 -13 -7 -16 -7 -14 -7 -14 -7 -13 -6 -13 -6 -12 -6 -11 -6 -11 -7 -11 -5 -13 -4 -10 -5 -11 -5 -9 -6 -11 -5 -9 -6 -9 -3 -9 -5 -9 -4 -8 -2 -9 -3 -9 -3 -8 -1 -8 -4 -7 0 0 -2 -7 -2 -7 -2 -7 -2 -6 -1 -7 0 -8 1 -6 -1 -7 1 -7 -1 -8 -2 -7 0 -7 -1 -6 1 -8 0 -8 -1 -8 3 -9 0 -9 2 -9 3 -10 2 -9 2 -11 3 -12 2 -11 2 -11 2 -13 0 0 0 0 0 0 0 0 0 0 ]
448,1783416253.618958,7.8191,-80,CSI_DATA,AP,98:F4:AB:29:67:94,-80,11,1,3,1,1,1,0,0,0,0,-96,0,6,1,79861095,0,84,0,0,80.2432,384,[84 -64 4 0 0 0 0 0 0 0 0 0 17 4 13 4 14 5 14 3 13 4 11 5 11 3 13 6 10 2 11 3 11 2 11 3 10 2 11 3 10 2 9 2 10 3 8 2 7 2 8 1 8 3 8 2 6 2 7 2 7 2 7 0 0 0 7 2 4 2 5 1 5 3 4 2 4 3 4 3 4 3 3 4 4 4 5 3 3 4 5 3 5 4 5 3 5 5 5 4 4 6 7 4 6 6 6 6 5 7 5 7 8 7 7 6 9 6 0 0 0 0 0 0 0 0 0 0 ]
449,1783416253.746195,8.0362,-79,CSI_DATA,AP,98:F4:AB:29:67:94,-79,11,1,3,1,1,1,0,0,0,0,-96,0,6,1,79952258,0,84,0,0,80.3343,384,[84 -64 4 0 0 0 0 0 0 0 0 0 -7 -16 -7 -15 -7 -16 -6 -14 -5 -15 -6 -13 -4 -12 -3 -11 -5 -13 -6 -10 -6 -10 -5 -11 -5 -11 -5 -9 -4 -10 -6 -11 -5 -10 -5 -8 -3 -8 -5 -7 -4 -8 -5 -8 -4 -8 -4 -7 -3 -8 -3 -6 0 0 -4 -5 -2 -7 -1 -8 -3 -8 -3 -7 -2 -7 -2 -6 -4 -5 0 -6 -1 -7 -2 -7 -2 -8 -1 -7 -2 -6 -2 -9 -1 -8 -1 -8 -2 -8 -2 -9 -2 -9 -2 -10 -2 -10 -1 -11 -2 -12 -4 -11 -3 -11 0 0 0 0 0 0 0 0 0 0 ]
450,1783416253.876064,7.5982,-78,CSI_DATA,AP,98:F4:AB:29:67:94,-78,11,1,2,1,1,1,0,0,0,0,-96,0,6,1,80044784,0,84,0,0,80.4268,384,[84 -64 4 0 0 0 0 0 0 0 0 0 12 12 12 11 11 12 10 11 11 10 8 9 8 10 7 9 9 10 7 10 8 7 7 7 8 9 8 8 7 8 8 8 8 7 7 7 5 7 5 6 6 6 6 6 5 6 6 7 4 6 4 6 0 0 4 6 4 6 5 6 3 5 2 5 3 5 2 3 1 5 2 5 1 6 1 6 2 6 3 6 1 6 3 9 3 8 1 8 1 9 2 9 2 9 0 10 1 10 1 10 2 11 2 11 2 11 0 0 0 0 0 0 0 0 0 0 ]
451,1783416254.004718,7.7149,-80,CSI_DATA,AP,98:F4:AB:29:67:94,-80,11,1,3,1,1,1,0,0,0,0,-96,0,6,1,80132548,0,84,0,0,80.5146,384,[84 -64 4 0 0 0 0 0 0 0 0 0 -20 -3 -17 -6 -18 -6 -16 -4 -16 -7 -17 -4 -15 -4 -16 -6 -15 -3 -14 -3 -15 -3 -13 -1 -14 -3 -12 -3 -13 -2 -14 -3 -12 -3 -9 -3 -12 -2 -13 -2 -11 -3 -10 -2 -11 -2 -10 -3 -8 -1 -8 -2 0 0 -8 -2 -8 -1 -9 -3 -8 -3 -7 -3 -7 -3 -7 -3 -6 -4 -6 -3 -8 -4 -8 -3 -8 -3 -8 -4 -8 -4 -9 -4 -9 -5 -9 -5 -9 -5 -9 -6 -10 -5 -10 -7 -10 -6 -11 -6 -11 -6 -12 -5 -12 -5 0 0 0 0 0 0 0 0 0 0 ]
452,1783416254.135379,7.6209,-80,CSI_DATA,AP,98:F4:AB:29:67:94,-80,11,1,3,1,1,1,0,0,0,0,-96,0,6,1,80221511,0,84,0,0,80.6035,384,[84 -64 4 0 0 0 0 0 0 0 0 0 1 -18 3 -15 3 -16 3 -15 2 -14 2 -14 3 -14 2 -13 2 -13 2 -13 0 -12 0 -10 0 -11 0 -12 -2 -12 -1 -12 0 -11 1 -10 1 -9 2 -10 1 -10 0 -8 -1 -8 -1 -8 0 -8 -1 -9 0 0 -1 -6 1 -7 1 -7 1 -5 -1 -7 1 -7 1 -8 2 -6 3 -6 1 -7 0 -7 0 -7 1 -8 1 -7 2 -7 1 -8 1 -9 2 -7 3 -10 3 -8 4 -10 2 -8 2 -10 2 -10 2 -12 2 -12 0 0 0 0 0 0 0 0 0 0 ]
453,1783416254.264891,7.4533,-80,CSI_DATA,AP,98:F4:AB:29:67:94,-80,11,1,3,1,1,1,0,0,0,0,-96,0,6,1,80312662,0,84,0,0,80.6947,384,[84 -64 4 0 0 0 0 0 0 0 0 0 -12 12 -10 10 -13 10 -11 9 -10 10 -10 9 -9 10 -11 8 -7 8 -8 8 -10 8 -9 9 -8 9 -7 9 -6 8 -6 8 -6 7 -5 8 -7 7 -6 7 -5 7 -5 6 -5 5 -5 5 -5 5 -5 6 0 0 -4 4 -6 6 -5 4 -5 4 -5 3 -5 4 -6 3 -3 5 -5 3 -5 4 -5 4 -5 3 -6 3 -7 2 -8 5 -6 4 -8 5 -7 4 -9 5 -8 5 -7 5 -8 6 -9 6 -8 7 -8 6 -10 6 0 0 0 0 0 0 0 0 0 0 ]
454,1783416254.394493,6.4027,-80,CSI_DATA,AP,98:F4:AB:29:67:94,-80,11,1,3,1,1,1,0,0,0,0,-96,0,6,1,80398992,0,84,0,0,80.781,384,[84 -64 4 0 0 0 0 0 0 0 0 0 -11 12 -9 12 -11 12 -9 10 -10 10 -9 8 -9 10 -9 8 -6 8 -9 7 -8 10 -8 8 -8 9 -7 7 -7 9 -7 9 -6 8 -5 7 -5 6 -5 6 -6 6 -5 6 -5 7 -7 6 -4 4 -6 5 0 0 -5 5 -4 5 -4 4 -4 4 -4 4 -5 3 -5 4 -6 3 -5 3 -5 3 -4 4 -5 3 -6 3 -6 3 -6 5 -6 4 -9 4 -7 4 -8 5 -8 4 -8 4 -7 5 -10 5 -9 6 -8 6 -10 7 0 0 0 0 0 0 0 0 0 0 ]
455,1783416254.521112,6.4912,-80,CSI_DATA,AP,98:F4:AB:29:67:94,-80,11,1,3,1,1,1,0,0,0,0,-96,0,6,1,80490081,0,84,0,0,80.872,384,[84 -64 4 0 0 0 0 0 0 0 0 0 -6 -17 -4 -15 -5 -18 -4 -15 -5 -17 -3 -13 -5 -13 -4 -13 -3 -11 -3 -11 -3 -12 -4 -12 -4 -11 -5 -10 -3 -9 -5 -9 -4 -11 -5 -8 -2 -8 -2 -9 -2 -9 -3 -9 -4 -7 -2 -6 -1 -7 -2 -7 0 0 -2 -6 -1 -7 -2 -6 -2 -6 -1 -6 0 -7 1 -7 -1 -7 0 -6 -1 -6 -1 -6 0 -6 0 -9 1 -7 0 -9 1 -7 1 -9 2 -8 1 -9 1 -9 2 -9 2 -11 1 -11 2 -13 1 -10 1 -11 0 0 0 0 0 0 0 0 0 0 ]
456,1783416254.650728,7.5389,-80,CSI_DATA,AP,98:F4:AB:29:67:94,-80,11,1,3,1,1,1,0,0,0,0,-96,0,6,1,80580993,0,84,0,0,80.963,384,[84 -64 4 0 0 0 0 0 0 0 0 0 -12 -14 -11 -12 -10 -12 -11 -12 -9 -12 -10 -11 -7 -9 -7 -10 -8 -10 -7 -9 -9 -8 -9 -9 -8 -9 -8 -9 -8 -7 -8 -8 -8 -8 -7 -9 -8 -7 -6 -7 -7 -7 -6 -8 -5 -7 -4 -6 -5 -7 -6 -7 0 0 -5 -7 -5 -6 -5 -6 -4 -6 -2 -5 -2 -7 -2 -7 -2 -5 -3 -7 -3 -6 -3 -7 -3 -6 -3 -6 -2 -8 -4 -8 -2 -8 -3 -9 -3 -9 -3 -9 -2 -10 -3 -11 -2 -10 -4 -11 -4 -11 -4 -10 -5 -13 0 0 0 0 0 0 0 0 0 0 ]
457,1783416254.778472,7.3307,-79,CSI_DATA,AP,98:F4:AB:29:67:94,-79,11,1,3,1,1,1,0,0,0,0,-96,0,6,1,80671328,0,84,0,0,81.0534,384,[84 -64 4 0 0 0 0 0 0 0 0 0 -1 16 -4 15 -2 16 -2 12 -3 14 -3 12 -1 12 -1 11 -1 11 0 11 0 12 0 11 -1 11 0 11 -1 9 0 9 0 10 -1 8 0 9 0 8 -1 7 0 8 0 7 -1 7 0 7 0 7 0 0 -1 6 -1 7 -1 6 -2 6 -2 5 -2 6 -1 6 -1 5 -2 4 -1 6 -1 6 -1 5 -1 7 -1 6 -1 7 -2 6 -3 8 -2 8 -2 8 0 8 -2 8 -3 9 -2 10 -3 9 -2 10 -2 11 0 0 0 0 0 0 0 0 0 0 ]
458,1783416254.906850,8.0803,-80,CSI_DATA,AP,98:F4:AB:29:67:94,-80,11,1,3,1,1,1,0,0,0,0,-96,0,6,1,80759271,0,84,0,0,81.1413,384,[84 -64 4 0 0 0 0 0 0 0 0 0 -15 -8 -14 -8 -16 -9 -13 -7 -14 -7 -12 -5 -12 -7 -12 -6 -12 -6 -12 -6 -11 -7 -11 -5 -10 -5 -10 -4 -9 -5 -11 -5 -9 -5 -10 -2 -9 -4 -9 -5 -8 -4 -8 -4 -7 -4 -6 -4 -8 -3 -8 -5 0 0 -6 -4 -7 -3 -6 -4 -7 -5 -5 -4 -5 -5 -4 -6 -5 -4 -4 -4 -5 -6 -6 -4 -4 -5 -5 -5 -6 -4 -7 -6 -6 -6 -6 -7 -7 -6 -6 -7 -6 -8 -8 -7 -7 -7 -7 -8 -7 -8 -7 -8 -9 -8 0 0 0 0 0 0 0 0 0 0 ]
459,1783416255.036484,7.8764,-80,CSI_DATA,AP,98:F4:AB:29:67:94,-80,11,1,3,1,1,1,0,0,0,0,-96,0,6,1,80850419,0,84,0,0,81.2325,384,[84 -64 4 0 0 0 0 0 0 0 0 0 11 -14 8 -12 9 -12 9 -11 10 -12 8 -11 7 -11 8 -10 6 -11 6 -8 6 -8 8 -9 7 -9 6 -8 5 -9 6 -8 5 -7 5 -9 4 -6 6 -7 4 -8 4 -7 6 -5 4 -5 5 -5 5 -6 0 0 4 -5 4 -6 4 -5 5 -6 5 -3 5 -3 4 -2 4 -3 4 -3 4 -4 5 -5 4 -3 4 -4 6 -3 7 -5 6 -5 7 -5 7 -3 8 -4 8 -4 8 -3 7 -4 10 -4 11 -5 10 -3 10 -5 0 0 0 0 0 0 0 0 0 0 ]
460,1783416255.162597,7.0861,-80,CSI_DATA,AP,98:F4:AB:29:67:94,-80,11,1,3,1,1,1,0,0,0,0,-96,0,6,1,80943628,0,84,0,0,81.3257,384,[84 -64 4 0 0 0 0 0 0 0 0 0 12 8 12 9 13 8 12 8 11 8 11 7 11 7 10 5 10 6 8 6 9 5 9 4 10 4 9 5 8 5 10 4 8 4 8 4 8 3 7 4 6 4 7 2 5 4 6 4 5 4 4 3 0 0 5 3 5 4 5 3 3 4 3 4 4 4 2 3 2 5 4 4 3 4 3 4 3 2 3 5 4 5 5 5 4 5 4 6 4 6 5 7 4 7 4 8 4 9 4 9 6 8 5 7 7 8 0 0 0 0 0 0 0 0 0 0 ]
461,1783416255.293292,7.4074,-80,CSI_DATA,AP,98:F4:AB:29:67:94,-80,11,1,3,1,1,1,0,0,0,0,-96,0,6,1,81029420,0,84,0,0,81.4115,384,[84 -64 4 0 0 0 0 0 0 0 0 0 -7 15 -7 14 -7 13 -8 13 -7 12 -6 13 -6 10 -5 11 -6 11 -5 9 -5 10 -3 9 -5 11 -5 10 -3 9 -3 10 -3 11 -2 8 -3 10 -4 8 -3 8 -2 6 -2 7 -3 6 -3 7 -3 7 0 0 -1 5 -3 6 -3 6 -3 6 -4 4 -4 5 -3 5 -3 5 -3 3 -3 5 -3 4 -4 6 -4 5 -4 6 -5 6 -4 6 -5 5 -3 6 -6 7 -5 7 -5 8 -6 8 -6 9 -6 8 -7 9 -6 9 0 0 0 0 0 0 0 0 0 0 ]
462,1783416255.421387,7.2276,-80,CSI_DATA,AP,98:F4:AB:29:67:94,-80,11,1,3,1,1,1,0,0,0,0,-96,0,6,1,81122531,0,84,0,0,81.5046,384,[84 -64 4 0 0 0 0 0 0 0 0 0 14 -9 13 -7 15 -8 12 -4 14 -7 10 -6 11 -7 10 -6 10 -8 10 -6 9 -8 10 -7 9 -6 10 -6 9 -5 6 -9 6 -8 8 -6 7 -5 6 -6 7 -6 8 -5 5 -5 7 -5 6 -4 6 -5 0 0 6 -4 5 -4 6 -4 5 -5 5 -3 5 -4 4 -3 7 -3 4 -2 6 -2 4 -3 5 -2 6 -3 5 -3 6 -3 6 -4 9 -3 7 -4 8 -1 7 -3 9 -3 8 -4 10 -4 10 -6 10 -4 10 -5 0 0 0 0 0 0 0 0 0 0 ]
463,1783416255.550469,7.4661,-80,CSI_DATA,AP,98:F4:AB:29:67:94,-80,11,1,3,1,1,1,0,0,0,0,-96,0,6,1,81209020,0,84,0,0,81.5909,384,[84 -64 4 0 0 0 0 0 0 0 0 0 -3 16 -2 13 -3 14 -2 15 -4 14 -1 13 -1 14 -4 12 -1 11 -3 10 -2 10 -1 12 -2 9 -1 11 0 10 0 9 0 10 -1 10 -1 7 -1 9 -1 9 0 7 -2 7 -1 6 -1 8 -1 5 0 0 1 7 -1 6 -3 7 -3 6 -1 5 -2 5 -3 5 -1 4 -3 4 -1 6 -2 5 -2 5 -2 6 -2 8 -3 6 -2 6 -3 7 -4 7 -5 7 -4 8 -5 7 -4 7 -5 9 -3 10 -4 9 -4 10 0 0 0 0 0 0 0 0 0 0 ]
464,1783416255.677510,8.5011,-79,CSI_DATA,AP,98:F4:AB:29:67:94,-79,11,1,3,1,1,1,0,0,0,0,-96,0,6,1,81299274,0,84,0,0,81.6813,384,[84 -64 4 0 0 0 0 0 0 0 0 0 5 -18 3 -18 4 -18 5 -17 2 -15 5 -15 4 -13 5 -14 2 -15 2 -15 2 -13 3 -14 0 -14 2 -11 3 -12 1 -12 3 -12 3 -10 2 -12 3 -10 2 -10 4 -9 2 -9 3 -7 3 -9 3 -9 0 0 2 -9 5 -8 4 -8 4 -6 5 -5 4 -6 5 -7 4 -6 4 -6 4 -6 4 -5 2 -7 4 -5 4 -5 6 -7 6 -6 8 -6 8 -7 8 -6 7 -6 6 -5 7 -7 8 -7 9 -7 9 -8 10 -11 0 0 0 0 0 0 0 0 0 0 ]
465,1783416255.806608,8.9730,-79,CSI_DATA,AP,98:F4:AB:29:67:94,-79,11,1,3,1,1,1,0,0,0,0,-96,0,6,1,81389636,0,84,0,0,81.7717,384,[84 -64 4 0 0 0 0 0 0 0 0 0 15 -4 15 -2 15 -1 15 -1 15 -1 12 -3 14 -3 11 -3 11 -3 11 -2 11 -2 10 -5 10 -3 10 -3 10 -5 9 -3 10 -5 8 -3 9 -2 8 -2 8 -2 8 -2 8 -1 7 -2 8 -3 6 -2 0 0 6 -1 8 -1 7 -2 7 -3 5 -1 5 0 7 1 5 0 5 -1 5 0 6 0 6 -1 6 1 7 1 7 1 8 1 8 0 8 2 9 0 8 1 9 1 9 1 9 1 10 0 10 1 11 1 0 0 0 0 0 0 0 0 0 0 ]
466,1783416255.935419,7.9022,-79,CSI_DATA,AP,98:F4:AB:29:67:94,-79,11,1,3,1,1,1,0,0,0,0,-96,0,6,1,81480266,0,84,0,0,81.8623,384,[84 -64 4 0 0 0 0 0 0 0 0 0 15 -5 15 -6 15 -5 13 -4 13 -5 12 -4 9 -4 11 -4 11 -6 12 -5 8 -3 10 -6 11 -4 9 -4 10 -3 9 -6 7 -4 8 -5 8 -4 9 -4 8 -3 8 -3 7 -4 6 -2 6 -2 6 -1 0 0 6 -2 6 -3 5 -3 8 -3 6 -1 6 -1 7 0 4 -2 5 1 5 0 6 -1 6 -1 7 0 5 0 8 -1 6 0 9 0 7 0 8 1 8 0 8 2 9 0 10 1 10 1 11 0 10 0 0 0 0 0 0 0 0 0 0 0 ]
467,1783416256.062652,8.1272,-80,CSI_DATA,AP,98:F4:AB:29:67:94,-80,11,1,3,1,1,1,0,0,0,0,-96,0,6,1,81571064,0,84,0,0,81.9531,384,[84 -64 4 0 0 0 0 0 0 0 0 0 8 -16 7 -14 7 -14 8 -12 7 -13 7 -12 5 -12 5 -11 6 -9 6 -12 4 -12 5 -12 3 -10 4 -11 3 -9 3 -10 3 -11 2 -9 3 -9 3 -8 3 -9 3 -7 2 -7 3 -8 3 -8 4 -8 0 0 3 -6 3 -6 3 -7 4 -6 4 -4 3 -5 4 -5 5 -4 4 -5 3 -5 4 -5 4 -5 5 -6 4 -5 5 -6 5 -5 8 -5 6 -5 9 -4 7 -6 7 -5 7 -4 7 -6 9 -8 9 -6 9 -7 0 0 0 0 0 0 0 0 0 0 ]
468,1783416256.191343,8.2868,-79,CSI_DATA,AP,98:F4:AB:29:67:94,-79,11,1,3,1,1,1,0,0,0,0,-96,0,6,1,81661116,0,84,0,0,82.0432,384,[84 -64 4 0 0 0 0 0 0 0 0 0 2 18 2 18 1 17 2 16 0 18 1 14 1 14 2 15 2 12 0 13 2 13 3 12 3 11 3 10 4 10 3 11 2 10 2 12 1 10 2 9 1 8 2 9 0 8 1 6 2 8 1 8 0 0 -1 7 2 7 0 6 -1 7 -1 7 -1 5 -2 6 -3 5 -1 6 -1 6 0 6 -2 5 -1 6 0 8 0 9 -2 8 -2 9 -3 10 -3 9 -3 10 -3 9 -3 9 -3 11 -1 10 -1 12 -3 11 0 0 0 0 0 0 0 0 0 0 ]
469,1783416256.322176,7.3223,-80,CSI_DATA,AP,98:F4:AB:29:67:94,-80,11,1,3,1,1,1,0,0,0,0,-96,0,6,1,81753131,0,84,0,0,82.1352,384,[84 -64 4 0 0 0 0 0 0 0 0 0 0 16 0 15 -1 13 -1 14 -1 14 -1 13 -1 11 -2 12 0 11 0 11 0 10 0 10 0 11 0 11 0 8 1 11 0 10 0 8 0 7 -1 8 0 9 -1 7 0 9 1 8 0 7 1 7 0 0 0 7 -1 6 -1 7 0 6 -2 5 -3 6 -2 6 -3 6 -2 4 -2 6 -2 6 -1 7 -3 7 -3 7 -2 6 -2 8 -2 9 -2 7 -4 9 -3 8 -2 8 -4 10 -4 10 -4 11 -3 12 -3 12 0 0 0 0 0 0 0 0 0 0 ]
470,1783416256.451441,7.4119,-80,CSI_DATA,AP,98:F4:AB:29:67:94,-80,11,1,3,1,1,1,0,0,0,0,-96,0,6,1,81841985,0,84,0,0,82.2241,384,[84 -64 4 0 0 0 0 0 0 0 0 0 -9 -16 -6 -15 -8 -15 -5 -14 -7 -14 -5 -13 -6 -12 -5 -12 -4 -12 -5 -10 -5 -11 -6 -10 -6 -10 -5 -10 -5 -8 -6 -10 -6 -8 -6 -8 -5 -9 -5 -7 -5 -9 -5 -7 -4 -7 -5 -7 -4 -7 -4 -7 0 0 -3 -7 -4 -6 -3 -8 -3 -6 -2 -6 -2 -6 -2 -6 -2 -7 -2 -6 -3 -7 -3 -6 -3 -6 -3 -7 -2 -8 -3 -9 -3 -8 -3 -9 -2 -9 -2 -10 -3 -9 -1 -10 -1 -11 -2 -10 -4 -11 -2 -11 -4 -11 0 0 0 0 0 0 0 0 0 0 ]
471,1783416256.580705,6.5689,-79,CSI_DATA,AP,98:F4:AB:29:67:94,-79,11,1,3,1,1,1,0,0,0,0,-96,0,6,1,81929396,0,84,0,0,82.3114,384,[84 -64 4 0 0 0 0 0 0 0 0 0 -1 -16 -1 -15 1 -16 1 -14 0 -13 2 -14 3 -14 -1 -12 2 -12 1 -13 -1 -12 -1 -11 1 -11 2 -10 1 -11 1 -12 0 -10 1 -10 1 -10 3 -8 2 -9 1 -9 -1 -10 1 -9 1 -6 1 -8 0 0 2 -7 3 -5 3 -5 2 -6 2 -7 4 -5 2 -6 8 -5 -2 1 4 7 5 -5 5 -6 5 -6 5 -6 5 -4 6 -5 6 -7 7 -5 7 -5 8 -6 7 -5 8 -4 9 -7 8 -7 9 -6 10 -7 0 0 0 0 0 0 0 0 0 0 ]
472,1783416256.710643,5.8408,-80,CSI_DATA,AP,98:F4:AB:29:67:94,-80,11,1,3,1,1,1,0,0,0,0,-96,0,6,1,82019073,0,84,0,0,82.4011,384,[84 -64 4 0 0 0 0 0 0 0 0 0 -14 8 -14 7 -14 4 -15 6 -14 6 -11 5 -11 6 -12 3 -11 7 -11 3 -11 5 -11 4 -10 6 -11 4 -8 6 -9 5 -9 4 -9 5 -9 4 -7 5 -8 5 -7 5 -7 4 -8 3 -5 3 -7 3 0 0 -7 2 -6 4 -5 3 -7 1 -6 2 -6 0 -6 2 -7 1 -6 1 -7 1 -6 1 -7 0 -6 0 -7 2 -7 2 -9 0 -10 2 -9 1 -8 2 -10 1 -10 1 -10 3 -11 3 -11 1 -11 2 -12 2 0 0 0 0 0 0 0 0 0 0 ]
473,1783416256.841557,6.9292,-79,CSI_DATA,AP,98:F4:AB:29:67:94,-79,11,1,3,1,1,1,0,0,0,0,-96,0,6,1,82112796,0,84,0,0,82.4948,384,[84 -64 4 0 0 0 0 0 0 0 0 0 10 -10 11 -9 13 -10 10 -10 11 -10 8 -8 10 -9 9 -9 7 -9 7 -8 7 -9 6 -9 8 -9 8 -9 7 -8 8 -8 5 -8 6 -8 5 -6 5 -8 5 -6 4 -7 4 -6 6 -6 4 -7 5 -5 0 0 5 -6 5 -6 4 -5 5 -5 4 -4 5 -5 4 -3 5 -5 5 -2 4 -3 5 -4 3 -4 5 -4 6 -4 5 -5 6 -6 7 -5 7 -5 8 -4 7 -5 9 -4 8 -6 10 -6 10 -7 10 -5 9 -6 0 0 0 0 0 0 0 0 0 0 ]
474,1783416256.971242,7.7553,-74,CSI_DATA,AP,98:F4:AB:29:67:94,-74,11,0,0,0,0,0,0,0,0,0,-96,0,6,1,82202439,0,84,0,0,82.5846,128,[84 -64 4 0 0 0 0 0 0 0 0 0 25 -30 21 -29 25 -30 23 -25 22 -28 18 -22 19 -25 18 -20 17 -21 18 -22 16 -21 16 -20 16 -20 13 -20 11 -19 14 -22 10 -18 11 -20 11 -16 9 -17 10 -16 10 -16 11 -14 10 -14 11 -14 10 -14 0 0 10 -15 11 -12 9 -13 11 -12 10 -9 10 -10 8 -9 9 -8 9 -10 11 -7 10 -9 11 -8 11 -9 12 -7 14 -12 14 -9 17 -10 14 -9 17 -10 18 -10 20 -9 18 -12 19 -12 21 -12 21 -12 20 -13 0 0 0 0 0 0 0 0 0 0 ]
475,1783416257.101007,7.8914,-80,CSI_DATA,AP,98:F4:AB:29:67:94,-80,11,1,3,1,1,1,0,0,0,0,-96,0,6,1,82291557,0,84,0,0,82.6736,384,[84 -64 4 0 0 0 0 0 0 0 0 0 -11 -13 -10 -13 -9 -13 -8 -13 -8 -13 -9 -11 -7 -12 -7 -10 -9 -9 -6 -9 -9 -9 -9 -10 -9 -9 -8 -8 -8 -9 -10 -9 -5 -7 -6 -8 -7 -8 -6 -7 -5 -7 -5 -6 -4 -7 -6 -7 -5 -6 -6 -7 0 0 -4 -6 -3 -5 -5 -5 -5 -5 -3 -7 -1 -8 -1 -6 -2 -5 -2 -7 -3 -6 -1 -7 -3 -7 -3 -6 -3 -7 -5 -8 -4 -7 -2 -9 -3 -8 -2 -10 -2 -9 -3 -10 -3 -10 -3 -13 -2 -11 -4 -11 -4 -11 0 0 0 0 0 0 0 0 0 0 ]
476,1783416257.230760,8.3813,-79,CSI_DATA,AP,98:F4:AB:29:67:94,-79,11,1,3,1,1,1,0,0,0,0,-96,0,6,1,82379711,0,84,0,0,82.7618,384,[84 -64 4 0 0 0 0 0 0 0 0 0 16 -12 14 -10 16 -8 14 -9 15 -10 12 -9 11 -8 11 -8 12 -5 10 -8 12 -8 11 -8 10 -8 9 -10 9 -8 9 -11 9 -8 8 -7 9 -6 8 -8 8 -7 7 -8 6 -6 8 -6 7 -5 7 -5 0 0 7 -4 6 -5 7 -4 5 -3 6 -2 7 -4 6 -4 7 -4 5 -3 4 -2 7 -1 6 -3 5 -3 7 -3 8 -3 9 -3 8 -4 10 -2 11 -1 10 -2 11 -4 10 -3 10 -3 11 -4 12 -3 13 -4 0 0 0 0 0 0 0 0 0 0 ]
477,1783416257.362314,8.6059,-80,CSI_DATA,AP,98:F4:AB:29:67:94,-80,11,1,3,1,1,1,0,0,0,0,-96,0,6,1,82469916,0,84,0,0,82.852,384,[84 -64 4 0 0 0 0 0 0 0 0 0 9 -13 11 -13 10 -13 8 -12 9 -12 7 -12 7 -10 8 -9 8 -9 8 -10 6 -9 5 -9 5 -9 6 -11 6 -9 6 -9 5 -9 5 -8 4 -8 5 -9 5 -7 4 -7 4 -6 4 -8 5 -6 4 -6 0 0 4 -7 5 -6 4 -4 4 -5 4 -4 5 -4 4 -5 5 -4 6 -4 5 -5 6 -4 5 -4 4 -4 5 -5 6 -4 7 -4 8 -5 8 -4 7 -3 8 -4 8 -3 9 -4 9 -4 9 -6 9 -6 9 -7 0 0 0 0 0 0 0 0 0 0 ]
478,1783416257.491126,9.3228,-79,CSI_DATA,AP,98:F4:AB:29:67:94,-79,11,1,2,1,1,1,0,0,0,0,-96,0,6,1,82562217,0,84,0,0,82.9443,384,[84 -64 4 0 0 0 0 0 0 0 0 0 10 15 9 17 8 10 11 9 8 13 6 12 10 7 10 7 11 9 5 9 6 4 10 6 10 4 4 10 13 4 4 9 7 7 12 5 12 7 4 6 8 3 8 8 2 4 10 3 8 5 9 4 0 0 7 3 5 5 9 5 8 4 6 3 5 4 3 4 4 3 3 4 4 2 4 3 4 3 7 3 7 4 5 4 7 5 8 5 7 5 8 7 5 6 8 6 6 5 9 5 10 5 9 7 11 6 0 0 0 0 0 0 0 0 0 0 ]
479,1783416257.621464,8.1826,-79,CSI_DATA,AP,98:F4:AB:29:67:94,-79,11,1,3,1,1,1,0,0,0,0,-96,0,6,1,82653640,0,84,0,0,83.0357,384,[84 -64 4 0 0 0 0 0 0 0 0 0 14 4 13 5 15 4 13 4 12 4 11 5 12 6 11 2 10 3 10 2 10 2 11 2 10 3 10 1 9 2 10 1 9 2 10 2 7 3 8 2 7 1 8 1 7 1 7 1 7 0 7 2 0 0 6 3 7 2 7 1 6 2 4 2 6 0 4 3 5 2 6 3 5 2 5 1 6 2 7 2 5 2 6 3 6 3 7 4 8 3 7 4 6 4 8 4 9 5 9 5 9 5 10 6 9 6 0 0 0 0 0 0 0 0 0 0 ]
480,1783416257.750772,8.0521,-80,CSI_DATA,AP,98:F4:AB:29:67:94,-80,11,1,3,1,1,1,0,0,0,0,-96,0,6,1,82740513,0,84,0,0,83.1226,384,[84 -64 4 0 0 0 0 0 0 0 0 0 -5 -16 -5 -16 -4 -16 -4 -16 -4 -15 -4 -12 -4 -12 -5 -12 -4 -12 -4 -14 -4 -12 -6 -11 -4 -10 -5 -11 -6 -11 -4 -11 -4 -10 -4 -10 -4 -9 -4 -9 -5 -8 -5 -10 -3 -8 -4 -7 -4 -7 -2 -8 0 0 -2 -7 -2 -8 -2 -7 -2 -8 -3 -5 -1 -7 0 -6 -2 -6 -1 -7 -2 -7 -2 -7 -1 -6 -2 -6 -2 -7 -2 -8 -1 -9 0 -9 -2 -9 -1 -9 -3 -11 -1 -10 -2 -11 -2 -12 -3 -10 -1 -11 -1 -12 0 0 0 0 0 0 0 0 0 0 ]
481,1783416257.881597,7.6527,-80,CSI_DATA,AP,98:F4:AB:29:67:94,-80,11,1,3,1,1,1,0,0,0,0,-96,0,6,1,82829204,0,84,0,0,83.2114,384,[84 -64 4 0 0 0 0 0 0 0 0 0 -17 6 -15 4 -15 6 -15 3 -15 5 -12 3 -14 4 -12 4 -11 3 -12 3 -11 3 -12 4 -11 4 -11 4 -10 4 -11 3 -10 3 -8 3 -10 2 -9 4 -7 4 -8 3 -9 2 -9 3 -8 1 -7 2 0 0 -9 1 -8 1 -7 1 -7 0 -6 -1 -8 0 -7 0 -6 0 -7 0 -7 -1 -6 0 -7 0 -9 0 -8 -1 -8 0 -8 -1 -10 -2 -9 0 -9 -2 -8 -1 -10 -3 -11 -1 -11 -2 -11 1 -12 -2 -14 -1 0 0 0 0 0 0 0 0 0 0 ]
482,1783416258.010771,7.0828,-80,CSI_DATA,AP,98:F4:AB:29:67:94,-80,11,1,3,1,1,1,0,0,0,0,-96,0,6,1,82921594,0,84,0,0,83.3036,384,[84 -64 4 0 0 0 0 0 0 0 0 0 -1 -18 1 -16 0 -16 -1 -14 0 -14 0 -13 0 -13 0 -13 -1 -12 1 -12 -2 -13 -1 -12 0 -12 -1 -11 -2 -9 -1 -12 -1 -9 -1 -11 -2 -10 0 -9 0 -10 0 -9 1 -8 1 -8 -1 -7 -2 -8 0 0 0 -7 -2 -8 1 -6 1 -7 2 -7 0 -6 2 -5 1 -7 3 -7 0 -7 0 -5 2 -7 1 -8 2 -7 2 -9 0 -8 2 -9 3 -8 3 -8 3 -9 4 -9 4 -8 4 -10 4 -10 3 -11 3 -13 0 0 0 0 0 0 0 0 0 0 ]
483,1783416258.140714,7.5825,-74,CSI_DATA,AP,98:F4:AB:29:67:94,-74,11,0,0,0,0,0,0,0,0,0,-96,0,6,1,83012112,0,84,0,0,83.3942,128,[84 -64 4 0 0 0 0 0 0 0 0 0 24 -30 23 -27 22 -28 21 -26 22 -27 21 -23 20 -22 19 -18 18 -21 16 -21 13 -22 13 -22 15 -21 13 -22 13 -17 11 -22 11 -19 12 -18 11 -15 12 -16 13 -14 11 -14 9 -12 10 -13 9 -15 11 -13 0 0 11 -12 12 -12 13 -11 10 -11 10 -10 13 -8 11 -7 11 -7 10 -7 10 -7 11 -9 11 -9 11 -10 14 -9 14 -11 16 -9 16 -10 17 -8 19 -7 20 -7 21 -6 19 -10 20 -10 21 -12 19 -15 21 -13 0 0 0 0 0 0 0 0 0 0 ]
484,1783416258.269615,7.7789,-74,CSI_DATA,AP,98:F4:AB:29:67:94,-74,11,0,0,0,0,0,0,0,0,0,-96,0,6,1,83103085,0,84,0,0,83.4852,128,[84 -64 4 0 0 0 0 0 0 0 0 0 -17 33 -17 30 -17 32 -15 30 -15 29 -13 24 -14 25 -13 24 -12 24 -10 24 -11 23 -9 21 -11 24 -8 23 -7 21 -8 24 -7 19 -8 20 -7 17 -7 18 -7 19 -8 18 -6 15 -6 15 -9 16 -9 15 0 0 -7 14 -8 16 -7 15 -6 13 -8 10 -8 11 -8 11 -10 9 -9 11 -9 12 -9 10 -10 10 -10 11 -9 10 -10 13 -13 11 -15 13 -14 12 -16 12 -14 14 -18 15 -14 16 -17 18 -17 18 -16 18 -17 17 0 0 0 0 0 0 0 0 0 0 ]
485,1783416258.399961,7.8064,-80,CSI_DATA,AP,98:F4:AB:29:67:94,-80,11,1,3,1,1,1,0,0,0,0,-96,0,6,1,83189598,0,84,0,0,83.5716,384,[84 -64 4 0 0 0 0 0 0 0 0 0 -14 -11 -13 -11 -13 -12 -13 -9 -12 -11 -11 -9 -9 -8 -10 -9 -10 -8 -11 -7 -10 -7 -12 -7 -8 -6 -9 -7 -10 -7 -9 -7 -9 -5 -8 -7 -7 -5 -6 -6 -8 -5 -8 -6 -6 -6 -8 -6 -6 -5 -5 -5 0 0 -7 -8 -4 -7 -5 -5 -4 -5 -5 -5 -3 -5 -3 -5 -4 -5 -4 -6 -3 -6 -4 -5 -4 -6 -5 -6 -6 -6 -4 -7 -4 -8 -4 -9 -5 -8 -5 -9 -5 -8 -4 -8 -6 -11 -3 -10 -6 -12 -6 -11 -7 -12 0 0 0 0 0 0 0 0 0 0 ]
486,1783416258.527426,7.4609,-79,CSI_DATA,AP,98:F4:AB:29:67:94,-79,11,1,3,1,1,1,0,0,0,0,-96,0,6,1,83282604,0,84,0,0,83.6646,384,[84 -64 4 0 0 0 0 0 0 0 0 0 17 2 15 2 14 3 14 3 12 4 12 3 13 3 12 1 11 0 11 2 10 0 11 0 10 0 11 -1 9 2 9 1 10 1 10 0 9 1 9 0 8 1 9 0 7 -1 8 -1 7 0 6 0 0 0 7 0 6 1 7 -1 6 1 5 1 3 1 6 2 5 1 4 1 5 2 6 1 5 0 5 1 5 1 6 1 8 2 8 2 8 3 8 3 8 3 8 2 7 3 10 3 9 2 10 3 12 3 0 0 0 0 0 0 0 0 0 0 ]
487,1783416258.658351,7.4866,-80,CSI_DATA,AP,98:F4:AB:29:67:94,-80,11,1,3,1,1,1,0,0,0,0,-96,0,6,1,83369601,0,84,0,0,83.7516,384,[84 -64 4 0 0 0 0 0 0 0 0 0 7 -16 8 -15 8 -13 7 -12 6 -13 7 -12 5 -12 6 -10 6 -10 5 -11 5 -11 4 -10 5 -10 3 -11 4 -11 2 -11 2 -9 3 -9 3 -7 4 -8 3 -7 3 -9 3 -9 3 -7 3 -7 4 -7 0 0 3 -7 3 -7 2 -6 3 -6 2 -5 3 -6 3 -6 3 -6 3 -6 2 -6 2 -5 2 -4 3 -6 3 -6 5 -7 4 -7 4 -8 5 -7 5 -7 6 -9 7 -7 5 -8 7 -7 6 -9 6 -8 4 -11 0 0 0 0 0 0 0 0 0 0 ]
488,1783416258.789483,8.4321,-79,CSI_DATA,AP,98:F4:AB:29:67:94,-79,11,1,3,1,1,1,0,0,0,0,-96,0,6,1,83463518,0,84,0,0,83.8455,384,[84 -64 4 0 0 0 0 0 0 0 0 0 -19 -9 -16 -12 -15 -11 -17 -8 -13 -8 -14 -8 -13 -9 -13 -10 -12 -10 -13 -7 -11 -8 -12 -7 -13 -6 -11 -6 -11 -5 -12 -5 -11 -5 -11 -5 -9 -5 -10 -6 -9 -7 -9 -6 -8 -5 -9 -5 -8 -4 -8 -3 0 0 -8 -4 -6 -3 -7 -5 -8 -5 -4 -5 -5 -4 -5 -5 -7 -7 -5 -5 -6 -6 -6 -4 -5 -5 -5 -4 -7 -7 -6 -7 -6 -7 -7 -7 -6 -7 -6 -10 -7 -10 -6 -9 -7 -11 -8 -10 -10 -9 -9 -10 -11 -10 0 0 0 0 0 0 0 0 0 0 ]
489,1783416258.919596,8.1955,-79,CSI_DATA,AP,98:F4:AB:29:67:94,-79,11,1,3,1,1,1,0,0,0,0,-96,0,6,1,83553949,0,84,0,0,83.936,384,[84 -64 4 0 0 0 0 0 0 0 0 0 16 4 16 5 15 6 17 3 13 4 14 4 14 5 13 5 10 5 13 3 13 2 13 3 12 1 11 2 11 1 9 3 11 3 11 2 11 3 9 2 9 2 8 1 6 2 7 2 8 1 7 2 0 0 8 3 7 2 6 4 7 2 6 2 5 3 5 2 4 3 4 4 5 2 6 4 6 3 6 4 6 3 7 4 6 4 8 5 9 5 7 6 8 6 8 7 8 6 8 7 10 7 9 6 9 7 0 0 0 0 0 0 0 0 0 0 ]
490,1783416259.048406,7.8648,-80,CSI_DATA,AP,98:F4:AB:29:67:94,-80,11,1,3,1,1,1,0,0,0,0,-96,0,6,1,83647576,0,84,0,0,84.0296,384,[84 -64 4 0 0 0 0 0 0 0 0 0 -18 4 -15 3 -16 3 -13 4 -16 2 -15 1 -13 3 -12 2 -13 1 -13 2 -11 1 -10 1 -11 3 -10 2 -11 2 -10 3 -9 3 -9 3 -9 2 -8 2 -9 1 -8 1 -8 2 -7 2 -7 2 -7 1 0 0 -9 0 -7 1 -6 0 -9 0 -5 0 -6 -1 -6 0 -6 -1 -7 -2 -6 -1 -7 -1 -5 -1 -8 0 -8 -1 -9 1 -9 -1 -9 -2 -8 -3 -10 -3 -10 0 -10 -3 -10 -2 -10 -3 -13 -2 -12 -2 -11 -2 0 0 0 0 0 0 0 0 0 0 ]
491,1783416259.181194,8.4595,-80,CSI_DATA,AP,98:F4:AB:29:67:94,-80,11,1,3,1,1,1,0,0,0,0,-96,0,6,1,83730804,0,84,0,0,84.1128,384,[84 -64 4 0 0 0 0 0 0 0 0 0 9 -12 11 -11 11 -13 11 -12 9 -11 10 -10 8 -10 8 -9 7 -9 8 -9 8 -10 8 -9 5 -9 5 -10 4 -7 6 -10 4 -8 4 -8 4 -7 5 -7 6 -7 5 -7 4 -7 4 -7 4 -8 5 -5 0 0 5 -5 3 -4 4 -5 4 -6 4 -4 5 -4 5 -4 4 -4 5 -4 4 -4 4 -3 5 -4 5 -4 5 -6 6 -5 6 -5 6 -6 8 -5 7 -6 7 -6 6 -5 8 -6 8 -6 7 -7 8 -7 8 -7 0 0 0 0 0 0 0 0 0 0 ]
492,1783416259.309869,8.1245,-80,CSI_DATA,AP,98:F4:AB:29:67:94,-80,11,1,3,1,1,1,0,0,0,0,-96,0,6,1,83820830,0,84,0,0,84.2029,384,[84 -64 4 0 0 0 0 0 0 0 0 0 -14 -10 -12 -9 -14 -10 -12 -9 -13 -10 -10 -7 -12 -9 -10 -9 -11 -8 -11 -6 -11 -6 -11 -7 -10 -6 -10 -6 -9 -5 -9 -7 -9 -6 -10 -5 -8 -6 -7 -5 -8 -5 -7 -4 -8 -6 -7 -5 -6 -5 -7 -7 0 0 -5 -6 -6 -5 -4 -5 -5 -5 -5 -5 -5 -6 -3 -6 -3 -5 -3 -4 -4 -4 -5 -5 -2 -5 -4 -5 -4 -6 -4 -8 -5 -8 -4 -8 -3 -9 -5 -9 -5 -8 -5 -9 -5 -9 -5 -11 -5 -10 -5 -10 -6 -10 0 0 0 0 0 0 0 0 0 0 ]
493,1783416259.438254,7.1866,-80,CSI_DATA,AP,98:F4:AB:29:67:94,-80,11,1,3,1,1,1,0,0,0,0,-96,0,6,1,83911968,0,84,0,0,84.294,384,[84 -64 4 0 0 0 0 0 0 0 0 0 -6 15 -4 15 -5 14 -6 13 -4 12 -5 12 -5 12 -6 11 -5 11 -3 10 -3 11 -2 12 -4 11 -4 9 -3 10 -2 10 -1 9 -2 8 -3 7 -3 8 -4 9 -3 7 -3 7 -2 6 -2 6 -3 6 0 0 -2 6 -3 7 -3 6 -3 5 -4 5 -4 5 -3 4 -4 5 -4 6 -4 3 -4 5 -3 6 -3 6 -4 5 -4 6 -4 6 -6 7 -6 5 -5 8 -6 6 -6 7 -7 8 -6 7 -6 9 -7 8 -6 10 0 0 0 0 0 0 0 0 0 0 ]
494,1783416259.566849,7.5557,-80,CSI_DATA,AP,98:F4:AB:29:67:94,-80,11,1,3,1,1,1,0,0,0,0,-96,0,6,1,83999352,0,84,0,0,84.3814,384,[84 -64 4 0 0 0 0 0 0 0 0 0 -18 -3 -15 -2 -16 -2 -14 -2 -15 -3 -13 -3 -13 -4 -12 -3 -13 -2 -11 -3 -10 -2 -13 -3 -12 -2 -10 -1 -10 -2 -12 -2 -11 0 -9 -2 -10 0 -8 -1 -8 -1 -10 0 -8 -1 -8 -1 -8 -2 -7 -3 0 0 -7 -2 -6 -2 -6 -2 -8 -2 -6 -2 -7 -3 -6 -2 -5 -2 -4 -3 -7 -2 -7 -3 -6 -4 -7 -2 -7 -3 -7 -4 -6 -3 -9 -5 -9 -4 -10 -5 -10 -5 -9 -6 -9 -5 -10 -5 -9 -5 -11 -5 -10 -4 0 0 0 0 0 0 0 0 0 0 ]
495,1783416259.696949,7.5377,-79,CSI_DATA,AP,98:F4:AB:29:67:94,-79,11,1,3,1,1,1,0,0,0,0,-96,0,6,1,84090989,0,84,0,0,84.473,384,[84 -64 4 0 0 0 0 0 0 0 0 0 15 7 13 7 15 8 13 7 13 8 12 6 12 6 11 7 11 5 9 5 9 5 10 3 10 3 9 4 8 4 9 3 8 4 7 4 8 4 6 4 7 4 7 2 7 3 7 2 5 2 7 3 0 0 6 3 5 2 5 3 4 4 3 4 5 3 4 3 5 3 5 3 5 2 4 4 5 2 5 4 6 5 6 6 7 4 6 5 6 5 8 6 7 6 6 7 8 7 8 7 7 6 8 5 9 5 0 0 0 0 0 0 0 0 0 0 ]
496,1783416259.822831,7.6953,-78,CSI_DATA,AP,98:F4:AB:29:67:94,-78,11,1,2,1,1,1,0,0,0,0,-96,0,6,1,84190195,0,84,0,0,84.5722,384,[84 -64 4 0 0 0 0 0 0 0 0 0 2 16 2 16 3 16 2 16 2 16 2 13 1 13 1 11 2 13 1 10 3 11 2 12 3 10 2 10 2 9 2 10 3 10 3 8 2 9 1 8 0 9 2 9 0 7 1 7 1 8 0 8 0 0 0 7 1 6 -1 7 0 6 -1 7 0 5 -1 6 -1 5 -1 6 0 5 0 5 0 6 -1 8 -1 7 -2 8 -1 7 -1 9 -2 9 -2 9 -2 7 -3 10 -2 10 -3 10 -2 12 0 13 -2 12 0 0 0 0 0 0 0 0 0 0 ]
497,1783416259.950995,8.3002,-80,CSI_DATA,AP,98:F4:AB:29:67:94,-80,11,1,3,1,1,1,0,0,0,0,-96,0,6,1,84271227,0,84,0,0,84.6532,384,[84 -64 4 0 0 0 0 0 0 0 0 0 -18 -4 -16 -4 -16 -4 -16 -6 -13 -5 -14 -3 -12 -4 -12 -5 -12 -4 -13 -4 -12 -3 -11 -3 -12 -4 -11 -2 -11 -3 -11 -2 -10 0 -9 -2 -8 -1 -10 -1 -8 -3 -9 -1 -8 -2 -8 -2 -8 -3 -8 -1 0 0 -7 -3 -8 -2 -8 -2 -7 -3 -6 -5 -7 -3 -6 -4 -5 -4 -5 -3 -7 -3 -6 -4 -7 -2 -5 -3 -7 -3 -8 -2 -8 -5 -8 -4 -8 -5 -8 -5 -9 -6 -10 -7 -9 -6 -9 -5 -11 -5 -10 -5 -11 -6 0 0 0 0 0 0 0 0 0 0 ]
498,1783416260.077142,8.4627,-80,CSI_DATA,AP,98:F4:AB:29:67:94,-80,11,1,3,1,1,1,0,0,0,0,-96,0,6,1,84359241,0,84,0,0,84.7413,384,[84 -64 4 0 0 0 0 0 0 0 0 0 -6 -18 -6 -15 -4 -15 -3 -15 -6 -14 -3 -13 -4 -12 -5 -11 -5 -12 -5 -11 -5 -12 -6 -11 -5 -11 -5 -10 -5 -12 -6 -11 -5 -8 -6 -8 -3 -8 -4 -8 -3 -8 -4 -8 -3 -8 -3 -8 -4 -7 -2 -8 0 0 -3 -7 -2 -6 -3 -7 -2 -7 -2 -6 -2 -7 -2 -5 -2 -8 -3 -5 -2 -6 -3 -6 -2 -6 -2 -7 -3 -6 -4 -7 -3 -8 -2 -9 -4 -10 -2 -10 -2 -9 -2 -9 -3 -10 -3 -11 -4 -11 -4 -12 -3 -11 0 0 0 0 0 0 0 0 0 0 ]
499,1783416260.208251,8.3076,-73,CSI_DATA,AP,98:F4:AB:29:67:94,-73,11,0,0,0,0,0,0,0,0,0,-96,0,6,1,84455333,0,84,0,0,84.8375,128,[84 -64 4 0 0 0 0 0 0 0 0 0 25 -29 24 -28 27 -28 24 -27 22 -25 22 -22 21 -19 19 -19 20 -20 17 -18 17 -19 15 -21 15 -21 14 -21 12 -17 16 -21 11 -19 11 -18 13 -16 13 -14 13 -13 12 -15 10 -13 10 -14 11 -14 11 -13 0 0 11 -13 12 -11 11 -12 10 -11 11 -8 11 -9 12 -7 11 -7 11 -8 11 -6 12 -8 11 -7 12 -10 15 -8 16 -9 16 -9 18 -10 17 -8 18 -9 18 -8 19 -7 20 -9 22 -10 21 -12 20 -14 21 -12 0 0 0 0 0 0 0 0 0 0 ]
500,1783416260.334729,7.9528,-80,CSI_DATA,AP,98:F4:AB:29:67:94,-80,11,1,3,1,1,1,0,0,0,0,-96,0,6,1,84539786,0,84,0,0,84.9218,384,[84 -64 4 0 0 0 0 0 0 0 0 0 5 16 5 14 3 15 3 14 4 15 4 13 4 12 4 10 4 11 3 10 4 9 3 11 4 8 3 11 3 9 3 10 3 8 4 8 1 6 3 7 3 7 2 8 2 7 1 6 3 7 3 6 0 0 2 6 2 6 1 7 1 6 0 7 0 7 1 7 1 5 1 6 1 5 1 6 0 6 -1 7 0 7 0 7 0 8 -1 8 -1 8 0 8 0 9 -1 8 -1 10 0 7 0 10 0 11 -1 11 0 0 0 0 0 0 0 0 0 0 ]
501,1783416260.459876,8.1093,-80,CSI_DATA,AP,98:F4:AB:29:67:94,-80,11,1,3,1,1,1,0,0,0,0,-96,0,6,1,84634016,0,84,0,0,85.016,384,[84 -64 4 0 0 0 0 0 0 0 0 0 -16 0 -15 -1 -17 -2 -17 -1 -15 -2 -15 -2 -13 -1 -12 -1 -12 0 -14 -2 -13 0 -12 1 -13 2 -12 1 -13 0 -11 0 -9 2 -9 2 -10 2 -8 0 -10 0 -9 0 -10 -1 -8 0 -8 -1 -7 0 0 0 -8 -1 -8 -1 -8 0 -6 -1 -7 -1 -6 -2 -7 -1 -7 -2 -6 -3 -7 -2 -7 -1 -6 -2 -6 1 -7 -2 -9 -3 -9 -2 -9 -1 -8 -3 -10 -1 -11 -2 -12 -3 -11 -3 -10 -2 -12 -1 -12 -3 -12 -2 0 0 0 0 0 0 0 0 0 0 ]
502,1783416260.588269,7.8870,-80,CSI_DATA,AP,98:F4:AB:29:67:94,-80,11,1,3,1,1,1,0,0,0,0,-96,0,6,1,84722448,0,84,0,0,85.1045,384,[84 -64 4 0 0 0 0 0 0 0 0 0 5 -16 5 -15 4 -16 4 -13 5 -15 2 -13 5 -13 4 -11 5 -12 3 -11 4 -12 2 -12 2 -11 3 -10 1 -10 0 -11 1 -9 -1 -10 2 -10 1 -11 2 -9 2 -8 2 -9 2 -9 1 -8 1 -8 0 0 0 -8 2 -8 1 -6 1 -6 1 -6 3 -6 3 -6 1 -7 2 -7 1 -7 2 -6 2 -5 2 -6 3 -7 3 -8 3 -8 4 -10 4 -6 4 -7 4 -10 5 -9 5 -9 5 -10 6 -10 5 -11 5 -11 0 0 0 0 0 0 0 0 0 0 ]
503,1783416260.716100,8.2857,-80,CSI_DATA,AP,98:F4:AB:29:67:94,-80,11,1,3,1,1,1,0,0,0,0,-96,0,6,1,84812297,0,84,0,0,85.1944,384,[84 -64 4 0 0 0 0 0 0 0 0 0 -15 8 -14 5 -7 8 -15 5 -13 6 -17 -1 -11 4 -12 6 -12 9 -10 5 -9 6 -9 6 -9 10 -10 7 -7 3 0 1 -9 6 -7 5 -17 6 -10 4 -6 5 -10 -1 -8 3 -7 3 -8 4 -6 6 0 0 -7 4 -6 5 -7 4 -4 3 -8 4 -6 4 -6 3 -8 3 -5 2 -6 3 -5 4 -5 2 -6 4 -7 4 -7 3 -6 5 -7 5 -7 3 -9 3 -9 5 -9 4 -8 5 -8 7 -8 7 -8 7 -10 7 0 0 0 0 0 0 0 0 0 0 ]
504,1783416260.845050,7.7985,-78,CSI_DATA,AP,98:F4:AB:29:67:94,-78,11,1,2,1,1,1,0,0,0,0,-96,0,6,1,84910460,0,84,0,0,85.2925,384,[84 -64 4 0 0 0 0 0 0 0 0 0 15 2 13 2 15 2 14 2 13 2 12 1 11 2 11 2 12 1 11 1 11 0 12 1 11 0 10 1 9 0 10 0 9 1 7 0 8 1 8 1 9 0 8 1 7 1 7 1 7 1 7 0 0 0 6 1 5 0 6 2 6 2 5 2 5 3 5 3 4 2 4 3 5 3 4 2 4 3 5 3 5 2 5 4 6 3 6 3 6 4 6 5 6 5 6 5 6 5 7 5 8 4 8 5 9 6 0 0 0 0 0 0 0 0 0 0 ]
505,1783416260.971936,6.8854,-80,CSI_DATA,AP,98:F4:AB:29:67:94,-80,11,1,3,1,1,1,0,0,0,0,-96,0,6,1,84989277,0,84,0,0,85.3712,384,[84 -64 4 0 0 0 0 0 0 0 0 0 -10 14 -9 13 -8 12 -8 11 -8 10 -7 10 -8 11 -7 11 -7 11 -7 9 -6 11 -6 9 -7 9 -6 8 -6 8 -6 9 -4 9 -3 8 -5 7 -5 7 -5 8 -5 7 -6 7 -7 6 -4 5 -4 6 0 0 -5 5 -5 5 -4 4 -4 3 -5 3 -6 5 -5 3 -5 3 -5 2 -4 4 -5 4 -5 4 -6 4 -5 5 -7 5 -7 3 -8 3 -8 4 -8 3 -9 4 -8 4 -9 4 -9 4 -10 6 -11 5 -10 6 0 0 0 0 0 0 0 0 0 0 ]
506,1783416261.102090,7.6658,-80,CSI_DATA,AP,98:F4:AB:29:67:94,-80,11,1,3,1,1,1,0,0,0,0,-96,0,6,1,85080648,0,84,0,0,85.4627,384,[84 -64 4 0 0 0 0 0 0 0 0 0 -11 -13 -11 -12 -11 -13 -10 -13 -9 -12 -8 -11 -8 -12 -9 -12 -9 -9 -8 -9 -9 -9 -7 -11 -7 -9 -8 -7 -8 -9 -8 -8 -7 -8 -7 -7 -7 -7 -7 -9 -6 -7 -6 -6 -5 -7 -6 -7 -5 -7 -6 -6 0 0 -5 -7 -4 -8 -2 -5 -4 -6 -3 -7 -2 -6 -1 -6 -2 -7 -3 -7 -1 -6 -3 -5 -3 -5 -1 -6 -2 -7 -3 -8 -3 -7 -3 -8 -1 -9 -1 -10 -2 -11 -2 -10 -2 -10 -1 -11 -1 -12 -2 -10 -4 -12 0 0 0 0 0 0 0 0 0 0 ]
507,1783416261.226614,9.0556,-80,CSI_DATA,AP,98:F4:AB:29:67:94,-80,11,1,3,1,1,1,0,0,0,0,-96,0,6,1,85170202,0,84,0,0,85.5522,384,[84 -64 4 0 0 0 0 0 0 0 0 0 -17 -15 -13 -11 -14 -12 -13 -11 -14 -11 -12 -10 -11 -11 -11 -10 -10 -9 -11 -10 -12 -9 -11 -8 -10 -9 -10 -8 -10 -9 -10 -7 -9 -8 -10 -7 -8 -8 -7 -7 -9 -7 -8 -7 -8 -7 -5 -6 -6 -8 -7 -7 0 0 -5 -8 -5 -5 -5 -6 -5 -6 -5 -7 -4 -6 -3 -7 -4 -7 -2 -6 -3 -7 -5 -7 -3 -6 -4 -6 -3 -8 -5 -8 -3 -10 -4 -9 -2 -10 -4 -11 -4 -11 -2 -12 -4 -11 -5 -13 -4 -11 -6 -12 -5 -12 0 0 0 0 0 0 0 0 0 0 ]
508,1783416261.354873,9.0680,-79,CSI_DATA,AP,98:F4:AB:29:67:94,-79,11,1,3,1,1,1,0,0,0,0,-96,0,6,1,85260552,0,84,0,0,85.6426,384,[84 -64 4 0 0 0 0 0 0 0 0 0 14 -15 12 -14 13 -12 11 -11 12 -11 11 -9 12 -11 11 -10 11 -10 10 -9 8 -11 8 -11 8 -11 8 -10 7 -9 8 -11 8 -11 7 -8 7 -9 8 -8 6 -7 7 -8 7 -7 6 -7 7 -5 6 -7 0 0 6 -6 6 -5 6 -4 6 -3 5 -4 6 -3 5 -4 6 -3 5 -3 5 -3 6 -2 6 -3 8 -2 7 -3 8 -3 9 -2 9 -3 8 -3 9 -2 10 -2 11 -3 10 -3 11 -3 11 -3 12 -3 12 -4 0 0 0 0 0 0 0 0 0 0 ]
509,1783416261.480916,7.7643,-79,CSI_DATA,AP,98:F4:AB:29:67:94,-79,11,1,3,1,1,1,0,0,0,0,-96,0,6,1,85351079,0,84,0,0,85.7331,384,[84 -64 4 0 0 0 0 0 0 0 0 0 12 11 9 10 10 12 10 9 9 10 7 10 9 9 8 8 7 8 8 8 7 7 8 8 7 8 8 8 7 6 7 7 7 7 8 6 8 7 6 5 6 5 7 6 5 5 6 5 5 4 6 4 0 0 6 5 4 4 4 4 3 4 2 4 3 4 2 5 3 4 2 5 4 5 3 5 3 6 4 5 2 5 5 5 5 7 4 8 6 7 3 8 5 7 4 8 4 7 5 9 6 8 5 10 7 10 0 0 0 0 0 0 0 0 0 0 ]
510,1783416261.606452,7.2129,-79,CSI_DATA,AP,98:F4:AB:29:67:94,-79,11,1,3,1,1,1,0,0,0,0,-96,0,6,1,85439476,0,84,0,0,85.8215,384,[84 -64 4 0 0 0 0 0 0 0 0 0 4 17 4 14 3 15 2 14 3 13 3 12 2 12 3 12 3 12 2 11 4 11 3 10 2 10 4 8 2 9 3 16 5 11 3 9 7 3 1 9 0 8 0 9 -1 9 -1 8 -1 7 -1 7 0 0 -1 8 -2 7 -2 7 -2 7 -3 4 -3 6 -3 6 -3 6 -2 5 -2 5 -3 7 -4 6 -3 5 -3 6 -4 6 -3 7 -5 6 -4 7 -5 7 -5 8 -6 7 -7 7 -7 8 -6 9 -6 9 -6 9 0 0 0 0 0 0 0 0 0 0 ]
511,1783416261.730486,6.9543,-79,CSI_DATA,AP,98:F4:AB:29:67:94,-79,11,1,3,1,1,1,0,0,0,0,-96,0,6,1,85533676,0,84,0,0,85.9157,384,[84 -64 4 0 0 0 0 0 0 0 0 0 -2 16 -5 15 -5 15 -4 14 -5 15 -4 13 -5 12 -5 12 -4 13 -2 11 -3 10 -1 11 0 10 -1 11 -2 9 -2 12 0 11 -1 10 -1 9 -1 7 -2 9 0 8 -2 8 -1 6 -1 7 -2 7 0 0 -1 7 0 6 -3 6 -1 7 -4 6 -1 6 -2 6 -2 5 -1 6 -2 6 -1 5 -2 5 -2 6 -3 7 -2 8 -2 5 -3 8 -4 8 -4 8 -2 8 -2 8 -4 10 -4 10 -3 9 -3 10 -2 11 0 0 0 0 0 0 0 0 0 0 ]
512,1783416261.857177,6.7915,-80,CSI_DATA,AP,98:F4:AB:29:67:94,-80,11,1,3,1,1,1,0,0,0,0,-96,0,6,1,85622695,0,84,0,0,86.0047,384,[84 -64 4 0 0 0 0 0 0 0 0 0 16 4 14 4 15 4 13 3 14 3 12 2 12 4 12 4 10 3 11 3 11 0 10 2 11 1 12 1 9 0 10 1 10 1 9 1 8 0 7 1 8 1 7 0 8 1 8 1 7 1 7 2 0 0 7 1 6 2 7 3 6 1 6 3 5 2 6 2 4 1 4 3 5 1 5 2 5 2 5 2 5 3 6 2 6 3 7 2 7 4 7 4 6 4 6 3 8 6 9 5 8 4 11 4 10 5 0 0 0 0 0 0 0 0 0 0 ]
513,1783416261.981566,7.4282,-80,CSI_DATA,AP,98:F4:AB:29:67:94,-80,11,1,3,1,1,1,0,0,0,0,-96,0,6,1,85709228,0,84,0,0,86.0912,384,[84 -64 4 0 0 0 0 0 0 0 0 0 3 17 2 15 3 15 2 12 2 13 1 11 2 11 1 12 3 11 3 11 4 11 3 10 5 9 3 11 3 10 3 9 2 8 3 9 2 6 1 7 1 7 3 8 1 8 1 8 2 8 1 6 0 0 2 7 0 5 1 6 1 6 -1 6 0 5 -1 6 -1 5 1 6 0 4 -1 5 0 6 -2 6 -1 6 0 7 0 6 0 8 0 8 -2 9 -1 9 -2 9 -1 9 -1 10 1 8 0 10 -1 11 0 0 0 0 0 0 0 0 0 0 ]
514,1783416262.106624,8.1383,-79,CSI_DATA,AP,98:F4:AB:29:67:94,-79,11,1,3,1,1,1,0,0,0,0,-96,0,6,1,85800688,0,84,0,0,86.1827,384,[84 -64 4 0 0 0 0 0 0 0 0 0 2 -20 3 -19 2 -20 3 -18 2 -17 4 -16 2 -17 1 -13 3 -15 3 -14 0 -14 1 -14 1 -14 1 -14 1 -12 0 -12 -1 -11 -1 -12 -1 -9 1 -10 1 -10 0 -11 0 -10 1 -9 1 -9 0 -7 0 0 1 -10 -1 -10 2 -9 2 -8 1 -7 2 -8 0 -8 3 -6 0 -6 0 -8 1 -8 0 -6 2 -10 4 -8 2 -10 3 -9 3 -12 3 -9 4 -11 3 -11 4 -11 2 -10 4 -12 4 -11 4 -12 2 -12 0 0 0 0 0 0 0 0 0 0 ]
515,1783416262.230963,8.1631,-80,CSI_DATA,AP,98:F4:AB:29:67:94,-80,11,1,3,1,1,1,0,0,0,0,-96,0,6,1,85891442,0,84,0,0,86.2735,384,[84 -64 4 0 0 0 0 0 0 0 0 0 -13 -11 -11 -10 -11 -12 -12 -11 -10 -11 -9 -10 -9 -11 -10 -9 -9 -9 -10 -10 -10 -8 -10 -8 -9 -7 -9 -8 -9 -8 -9 -6 -9 -5 -7 -6 -7 -5 -8 -6 -9 -6 -6 -6 -6 -6 -7 -6 -6 -5 -5 -5 0 0 -6 -6 -5 -5 -5 -7 -7 -6 -5 -5 -6 -7 -4 -7 -4 -6 -3 -6 -3 -6 -5 -5 -5 -7 -5 -7 -5 -6 -5 -7 -6 -7 -6 -8 -6 -6 -4 -8 -7 -9 -5 -9 -6 -9 -6 -9 -7 -9 -7 -9 -6 -10 0 0 0 0 0 0 0 0 0 0 ]
516,1783416262.357308,8.4933,-78,CSI_DATA,AP,98:F4:AB:29:67:94,-78,11,1,2,1,1,1,0,0,0,0,-96,0,6,1,85981463,0,84,0,0,86.3635,384,[84 -64 4 0 0 0 0 0 0 0 0 0 -13 -11 -12 -10 -13 -10 -11 -9 -11 -10 -8 -8 -11 -8 -10 -9 -9 -8 -9 -9 -9 -8 -9 -7 -8 -8 -9 -7 -8 -6 -9 -6 -8 -5 -7 -6 -8 -7 -7 -7 -7 -7 -8 -6 -6 -6 -7 -4 -6 -5 -7 -5 0 0 -5 -6 -6 -6 -4 -5 -5 -6 -4 -5 -5 -6 -3 -6 -2 -6 -3 -6 -3 -5 -4 -6 -3 -6 -4 -7 -3 -6 -5 -7 -4 -7 -5 -9 -4 -8 -4 -8 -3 -9 -3 -8 -4 -9 -3 -10 -4 -11 -5 -10 -4 -10 0 0 0 0 0 0 0 0 0 0 ]
517,1783416262.482030,8.4944,-78,CSI_DATA,AP,98:F4:AB:29:67:94,-78,11,1,2,1,1,1,0,0,0,0,-96,0,6,1,86071652,0,84,0,0,86.4537,384,[84 -64 4 0 0 0 0 0 0 0 0 0 11 13 11 13 10 13 9 13 10 11 8 10 8 10 7 11 8 9 7 9 8 9 7 9 8 8 7 8 7 8 7 8 7 6 7 6 5 7 6 6 6 8 6 7 4 6 5 6 5 6 5 5 0 0 5 5 4 7 5 4 3 6 3 5 4 4 3 4 2 4 2 5 3 5 3 6 2 6 2 6 2 8 2 7 3 8 4 9 2 9 3 9 3 9 3 10 4 9 2 11 3 10 5 11 6 11 0 0 0 0 0 0 0 0 0 0 ]
518,1783416262.610735,8.1806,-80,CSI_DATA,AP,98:F4:AB:29:67:94,-80,11,1,3,1,1,1,0,0,0,0,-96,0,6,1,86161012,0,84,0,0,86.543,384,[84 -64 4 0 0 0 0 0 0 0 0 0 -10 -14 -9 -12 -10 -13 -8 -15 -8 -13 -7 -11 -8 -10 -7 -11 -7 -10 -7 -9 -8 -10 -7 -10 -7 -10 -7 -9 -8 -8 -9 -7 -8 -8 -9 -8 -7 -8 -6 -6 -5 -8 -5 -8 -5 -8 -5 -6 -4 -7 -5 -6 0 0 -4 -6 -4 -6 -4 -7 -4 -6 -2 -5 -3 -8 -2 -6 -2 -6 -1 -7 -2 -7 -3 -6 -2 -7 -2 -6 -4 -7 -3 -7 -4 -6 -1 -11 -2 -11 -2 -9 -3 -10 -1 -9 -2 -10 -4 -12 -2 -12 -3 -11 -3 -11 0 0 0 0 0 0 0 0 0 0 ]
519,1783416262.738171,7.6887,-79,CSI_DATA,AP,98:F4:AB:29:67:94,-79,11,1,3,1,1,1,0,0,0,0,-96,0,6,1,86251848,0,84,0,0,86.6339,384,[84 -64 4 0 0 0 0 0 0 0 0 0 -5 16 -6 16 -7 13 -4 14 -4 13 -5 13 -4 12 -5 11 -3 12 -5 10 -1 12 -3 11 -1 11 -2 10 -3 9 -3 11 -3 8 -2 8 -3 9 -3 9 -4 8 -2 7 -2 7 -1 8 -2 6 -2 6 0 0 -2 7 -3 7 -2 6 -4 5 -2 6 -4 5 -2 5 -4 5 -4 6 -2 5 -3 6 -3 6 -4 6 -3 7 -3 6 -5 6 -4 6 -5 7 -6 8 -7 7 -6 8 -6 8 -6 8 -6 10 -4 10 -6 11 0 0 0 0 0 0 0 0 0 0 ]
520,1783416262.864213,7.5083,-80,CSI_DATA,AP,98:F4:AB:29:67:94,-80,11,1,3,1,1,1,0,0,0,0,-96,0,6,1,86341318,0,84,0,0,86.7234,384,[84 -64 4 0 0 0 0 0 0 0 0 0 13 7 13 7 13 8 12 7 12 6 9 7 11 7 10 6 10 6 8 5 9 5 9 4 9 5 10 4 8 4 9 5 9 5 7 4 8 4 6 2 8 4 6 4 8 5 6 3 7 3 7 2 0 0 6 4 5 4 5 3 4 4 2 4 5 3 4 5 4 4 3 4 3 5 5 4 4 5 4 5 4 5 4 7 4 6 5 6 5 8 5 7 4 8 5 8 6 8 5 7 6 8 5 9 7 10 0 0 0 0 0 0 0 0 0 0 ]
521,1783416262.989425,7.8866,-79,CSI_DATA,AP,98:F4:AB:29:67:94,-79,11,1,3,1,1,1,0,0,0,0,-96,0,6,1,86431106,0,84,0,0,86.813,384,[84 -64 4 0 0 0 0 0 0 0 0 0 -14 -11 -12 -11 -14 -12 -12 -9 -12 -11 -11 -8 -10 -9 -8 -9 -9 -8 -9 -10 -10 -7 -10 -8 -9 -7 -9 -6 -9 -6 -10 -7 -10 -5 -9 -7 -8 -5 -7 -6 -7 -6 -8 -5 -7 -6 -7 -4 -6 -6 -7 -5 0 0 -5 -4 -5 -5 -6 -6 -6 -5 -5 -5 -4 -6 -3 -5 -4 -5 -5 -6 -4 -7 -5 -6 -5 -5 -4 -6 -4 -6 -6 -7 -5 -6 -6 -8 -3 -7 -5 -9 -5 -10 -4 -10 -6 -9 -6 -10 -6 -9 -6 -9 -7 -10 0 0 0 0 0 0 0 0 0 0 ]
522,1783416263.157790,7.8538,-80,CSI_DATA,AP,98:F4:AB:29:67:94,-80,11,1,3,1,1,1,0,0,0,0,-96,0,6,1,104880132,0,84,0,0,105.262,384,[84 -64 4 0 0 0 0 0 0 0 0 0 -4 -17 -7 -13 -6 -16 -7 -14 -7 -14 -4 -13 -3 -12 -5 -11 -5 -12 -5 -13 -6 -11 -4 -11 -3 -9 -5 -11 -4 -8 -6 -10 -4 -9 -8 -8 -5 -8 -6 -8 -3 -7 -6 -7 -4 -7 -4 -7 -4 -8 -4 -6 0 0 -5 -7 -3 -7 -3 -9 -4 -4 -3 -8 -3 -8 -4 -9 0 -7 0 -5 -3 -6 -4 -8 -4 -8 -2 -6 -1 -9 -2 -10 -4 -9 -2 -9 -2 -10 0 -10 -2 -11 0 -13 -1 -11 0 -12 -2 -13 -1 -12 -1 -14 0 0 0 0 0 0 0 0 0 0 ]
523,1783416263.269852,7.8752,-80,CSI_DATA,AP,98:F4:AB:29:67:94,-80,11,1,3,1,1,1,0,0,0,0,-96,0,6,1,104969394,0,84,0,0,105.351,384,[84 -64 4 0 0 0 0 0 0 0 0 0 -14 -9 -12 -10 -14 -9 -11 -9 -12 -7 -11 -8 -11 -7 -10 -9 -9 -6 -10 -7 -9 -6 -9 -6 -10 -4 -10 -4 -9 -4 -10 -4 -10 -4 -8 -4 -9 -4 -9 -4 -9 -4 -9 -4 -7 -3 -7 -4 -7 -3 -7 -3 0 0 -7 -5 -6 -4 -6 -4 -7 -3 -5 -5 -6 -5 -5 -6 -5 -6 -6 -4 -6 -5 -6 -5 -5 -6 -6 -5 -5 -6 -6 -7 -6 -7 -7 -7 -6 -9 -4 -10 -7 -9 -5 -10 -7 -10 -7 -11 -7 -11 -7 -10 -7 -10 0 0 0 0 0 0 0 0 0 0 ]
524,1783416263.396434,8.3472,-80,CSI_DATA,AP,98:F4:AB:29:67:94,-80,11,1,3,1,1,1,0,0,0,0,-96,0,6,1,105059467,0,84,0,0,105.442,384,[84 -64 4 0 0 0 0 0 0 0 0 0 -15 3 -14 3 -15 4 -15 4 -14 3 -12 4 -12 2 -13 2 -11 2 -11 3 -9 4 -9 3 -11 4 -10 5 -10 4 -9 3 -8 3 -8 4 -8 4 -8 3 -9 4 -7 3 -7 3 -6 5 -8 3 -7 4 0 0 -7 3 -8 2 -6 3 -7 1 -8 3 -6 1 -7 1 -7 1 -7 0 -6 1 -8 2 -6 2 -8 1 -9 2 -9 1 -10 3 -10 2 -10 1 -11 1 -11 1 -11 0 -11 1 -11 2 -12 1 -12 2 -13 0 0 0 0 0 0 0 0 0 0 0 ]
525,1783416263.523540,7.9094,-80,CSI_DATA,AP,98:F4:AB:29:67:94,-80,11,1,3,1,1,1,0,0,0,0,-96,0,6,1,105150885,0,84,0,0,105.533,384,[84 -64 4 0 0 0 0 0 0 0 0 0 -15 4 -14 2 -16 4 -14 1 -17 2 -12 2 -12 3 -11 0 -12 4 -14 3 -10 2 -10 1 -10 3 -10 1 -10 3 -10 4 -7 2 -9 4 -8 3 -9 4 -8 4 -9 5 -7 3 -7 2 -7 3 -6 2 0 0 -6 2 -7 4 -7 3 -6 4 -6 2 -6 3 -7 2 -7 2 -7 2 -7 2 -7 2 -7 0 -7 2 -8 1 -8 3 -8 3 -12 3 -9 1 -10 1 -10 2 -10 1 -9 3 -11 3 -12 1 -11 2 -13 3 0 0 0 0 0 0 0 0 0 0 ]
526,1783416263.650329,8.2168,-74,CSI_DATA,AP,98:F4:AB:29:67:94,-74,11,0,0,0,0,0,0,0,0,0,-96,0,6,1,105244618,0,84,0,0,105.627,128,[84 -64 4 0 0 0 0 0 0 0 0 0 -26 27 -23 24 -26 26 -25 24 -24 24 -21 20 -19 20 -19 18 -19 19 -15 18 -16 17 -14 21 -15 19 -12 20 -11 16 -15 19 -13 17 -12 17 -12 15 -11 16 -10 15 -13 13 -8 12 -9 13 -10 14 -9 13 0 0 -8 12 -11 12 -8 10 -10 12 -10 10 -10 10 -12 9 -12 7 -11 9 -13 8 -13 8 -11 9 -13 11 -12 8 -17 10 -17 9 -19 9 -18 10 -19 8 -20 9 -22 9 -24 10 -24 10 -23 13 -24 13 -25 12 0 0 0 0 0 0 0 0 0 0 ]
527,1783416263.777709,7.3936,-80,CSI_DATA,AP,98:F4:AB:29:67:94,-80,11,1,3,1,1,1,0,0,0,0,-96,0,6,1,105330987,0,84,0,0,105.713,384,[84 -64 4 0 0 0 0 0 0 0 0 0 -8 15 -6 15 -7 14 -6 13 -7 13 -7 10 -4 12 -6 11 -4 10 -6 11 -5 10 -4 11 -4 9 -4 9 -4 9 -2 8 -3 8 -3 9 -2 8 -4 8 -2 7 -2 8 -2 7 -2 6 -3 6 -2 6 0 0 -3 5 -3 6 -4 5 -3 5 -4 6 -5 6 -3 4 -4 5 -2 5 -4 3 -4 4 -5 4 -5 6 -5 5 -5 7 -6 7 -8 7 -8 7 -7 6 -7 7 -8 6 -8 8 -10 7 -10 8 -8 8 -9 8 0 0 0 0 0 0 0 0 0 0 ]
528,1783416263.903445,7.3819,-79,CSI_DATA,AP,98:F4:AB:29:67:94,-79,11,1,3,1,1,1,0,0,0,0,-96,0,6,1,105421700,0,84,0,0,105.804,384,[84 -64 4 0 0 0 0 0 0 0 0 0 -4 -16 -5 -15 -3 -16 -3 -14 -3 -14 -6 -14 -3 -13 -3 -12 -2 -11 -3 -11 -5 -11 -5 -10 -4 -11 -5 -9 -4 -9 -5 -10 -4 -9 -4 -10 -2 -9 -2 -8 -1 -9 -3 -8 -4 -9 -2 -8 -3 -7 -3 -7 0 0 -2 -8 -2 -8 -2 -8 -3 -7 0 -7 -1 -7 -1 -7 0 -8 -2 -7 -1 -8 -1 -7 0 -7 0 -9 0 -7 0 -8 0 -9 1 -10 1 -11 3 -10 2 -10 2 -9 2 -11 3 -12 4 -11 3 -12 2 -13 0 0 0 0 0 0 0 0 0 0 ]
529,1783416264.029991,6.4259,-78,CSI_DATA,AP,98:F4:AB:29:67:94,-78,11,1,2,1,1,1,0,0,0,0,-96,0,6,1,105512550,0,84,0,0,105.895,384,[84 -64 4 0 0 0 0 0 0 0 0 0 0 13 -1 13 0 13 -1 11 0 11 -1 10 0 10 -1 8 0 9 -1 9 0 9 1 8 1 8 0 9 1 8 1 9 1 8 0 6 -1 7 1 8 0 6 1 7 -1 6 1 6 0 6 -1 6 0 0 -1 6 -1 6 -1 6 -1 7 -3 5 -1 4 -2 5 -3 5 -2 5 -2 4 -3 5 -2 5 -3 5 -4 6 -5 5 -7 8 -3 11 -5 6 -6 7 -6 7 -6 7 -7 6 -6 8 -7 8 -9 8 -7 9 0 0 0 0 0 0 0 0 0 0 ]
530,1783416264.162695,7.8690,-80,CSI_DATA,AP,98:F4:AB:29:67:94,-80,11,1,3,1,1,1,0,0,0,0,-96,0,6,1,105602867,0,84,0,0,105.985,384,[84 -64 4 0 0 0 0 0 0 0 0 0 -4 -16 -3 -16 -3 -16 -4 -15 -2 -15 -2 -15 -2 -12 -2 -12 -2 -12 -3 -10 -4 -11 -4 -10 -4 -9 -4 -8 -3 -8 -4 -9 -3 -8 -5 -9 -4 -10 -5 -8 -3 -8 -4 -10 -4 -8 -3 -8 -5 -8 -3 -7 0 0 -4 -7 -2 -8 -3 -7 -4 -7 -3 -8 -2 -6 -1 -6 -1 -7 -2 -6 -2 -6 -3 -6 -1 -7 -2 -8 -1 -7 -1 -8 -1 -9 0 -10 -1 -10 1 -11 0 -11 0 -10 0 -11 -1 -13 0 -12 0 -13 -1 -13 0 0 0 0 0 0 0 0 0 0 ]
531,1783416264.288057,7.3975,-79,CSI_DATA,AP,98:F4:AB:29:67:94,-79,11,1,3,1,1,1,0,0,0,0,-96,0,6,1,105693157,0,84,0,0,106.075,384,[84 -64 4 0 0 0 0 0 0 0 0 0 8 14 7 12 7 12 6 11 6 11 7 11 7 10 6 10 6 9 6 8 5 9 5 9 7 9 9 7 5 7 6 8 6 7 6 7 5 6 4 7 5 4 5 5 5 5 5 4 3 6 5 6 0 0 4 4 4 3 4 6 5 5 3 5 4 5 2 6 1 5 3 5 3 7 4 6 3 6 3 6 4 7 3 8 2 7 3 10 3 9 3 8 3 10 2 10 3 11 2 10 2 11 4 12 3 11 0 0 0 0 0 0 0 0 0 0 ]
532,1783416264.430315,7.1590,-78,CSI_DATA,AP,98:F4:AB:29:67:94,-78,11,1,2,1,1,1,0,0,0,0,-96,0,6,1,105784917,0,84,0,0,106.167,384,[84 -64 4 0 0 0 0 0 0 0 0 0 -3 17 -1 15 -2 17 -4 16 -1 15 -3 12 -2 12 -2 11 -2 12 -2 12 -1 12 -1 11 -1 11 -2 11 0 10 -1 11 0 10 -1 10 -2 8 -1 11 -1 8 -2 8 -2 8 -1 9 -1 7 -1 8 0 0 -2 7 -1 9 -2 7 -1 6 -2 5 -3 6 -4 6 -2 6 -2 6 -4 5 -3 6 -4 7 -3 7 -5 7 -5 7 -5 7 -7 8 -6 8 -6 9 -5 8 -7 8 -7 9 -6 8 -9 10 -8 9 -9 10 0 0 0 0 0 0 0 0 0 0 ]
533,1783416264.557840,7.5296,-79,CSI_DATA,AP,98:F4:AB:29:67:94,-79,11,1,3,1,1,1,0,0,0,0,-96,0,6,1,105869834,0,84,0,0,106.252,384,[84 -64 4 0 0 0 0 0 0 0 0 0 -11 11 -12 9 -11 10 -10 9 -9 10 -9 8 -10 9 -8 7 -9 9 -6 10 -7 7 -6 9 -7 8 -6 9 -6 8 -6 9 -5 8 -5 7 -6 8 -6 6 -6 8 -6 7 -5 6 -7 6 -6 5 -5 5 0 0 -5 5 -4 6 -5 4 -5 5 -6 3 -5 5 -5 3 -5 4 -5 3 -6 3 -6 4 -6 3 -7 2 -8 3 -9 5 -9 4 -8 4 -10 3 -9 3 -11 4 -10 4 -10 4 -12 4 -12 3 -12 3 -12 5 0 0 0 0 0 0 0 0 0 0 ]
534,1783416264.686607,7.2331,-78,CSI_DATA,AP,98:F4:AB:29:67:94,-78,11,1,2,1,1,1,0,0,0,0,-96,0,6,1,105960931,0,84,0,0,106.343,384,[84 -64 4 0 0 0 0 0 0 0 0 0 -13 -13 -11 -7 -10 -9 -9 -10 -13 -8 -7 -8 -12 -8 -9 -11 -11 -7 -9 -9 -10 -6 -9 -10 -8 -9 -8 -4 -7 -5 -9 -5 -9 -7 -8 -7 -8 -5 -8 -7 -6 -7 -7 -6 -7 -6 -7 -7 -6 -3 -6 -5 0 0 -6 -6 -6 -5 -4 -5 -5 -6 -3 -5 -4 -7 -4 -6 -5 -7 -5 -4 -3 -6 -5 -5 -5 -6 -4 -6 -3 -7 -4 -7 -5 -9 -3 -10 -4 -9 -2 -10 -5 -9 -4 -9 -4 -10 -4 -10 -3 -12 -2 -11 -4 -11 0 0 0 0 0 0 0 0 0 0 ]
535,1783416264.819434,8.6846,-79,CSI_DATA,AP,98:F4:AB:29:67:94,-79,11,1,3,1,1,1,0,0,0,0,-96,0,6,1,106051813,0,84,0,0,106.434,384,[84 -64 4 0 0 0 0 0 0 0 0 0 -16 -8 -16 -8 -16 -8 -14 -8 -14 -6 -13 -7 -13 -7 -13 -7 -11 -7 -12 -6 -13 -5 -12 -6 -12 -5 -13 -6 -11 -4 -13 -6 -13 -3 -12 -5 -9 -3 -9 -6 -11 -6 -9 -5 -8 -4 -9 -3 -9 -4 -9 -5 0 0 -7 -4 -8 -6 -8 -4 -8 -3 -7 -4 -8 -5 -7 -5 -6 -4 -5 -6 -5 -6 -7 -6 -6 -5 -6 -5 -6 -6 -8 -5 -7 -7 -8 -8 -8 -9 -8 -8 -8 -10 -8 -11 -9 -10 -9 -10 -10 -11 -9 -11 -9 -11 0 0 0 0 0 0 0 0 0 0 ]
536,1783416264.948960,8.5469,-80,CSI_DATA,AP,98:F4:AB:29:67:94,-80,11,1,3,1,1,1,0,0,0,0,-96,0,6,1,106141842,0,84,0,0,106.524,384,[84 -64 4 0 0 0 0 0 0 0 0 0 -11 -12 -11 -13 -11 -14 -10 -11 -10 -11 -10 -12 -7 -10 -8 -10 -9 -11 -8 -9 -8 -8 -9 -8 -9 -7 -8 -9 -6 -7 -9 -7 -8 -7 -7 -8 -8 -7 -7 -6 -6 -6 -7 -5 -6 -6 -6 -7 -6 -5 -5 -6 0 0 -4 -6 -5 -6 -5 -6 -6 -6 -3 -6 -3 -6 -4 -7 -4 -6 -5 -5 -4 -5 -4 -6 -3 -6 -5 -6 -3 -7 -4 -8 -5 -7 -3 -10 -3 -9 -5 -9 -3 -9 -4 -10 -3 -11 -4 -11 -5 -12 -5 -10 -6 -11 0 0 0 0 0 0 0 0 0 0 ]
537,1783416265.079031,7.7929,-79,CSI_DATA,AP,98:F4:AB:29:67:94,-79,11,1,3,1,1,1,0,0,0,0,-96,0,6,1,106231085,0,84,0,0,106.613,384,[84 -64 4 0 0 0 0 0 0 0 0 0 -9 13 -9 13 -8 11 -9 12 -7 9 -9 8 -8 9 -7 10 -7 10 -7 9 -6 8 -5 10 -7 10 -5 9 -5 7 -4 7 -5 7 -6 7 -6 7 -5 7 -5 7 -5 8 -4 7 -5 8 -4 6 -6 6 0 0 -5 4 -6 6 -4 6 -6 5 -7 3 -5 5 -6 4 -6 4 -7 3 -6 2 -6 4 -8 2 -6 5 -8 4 -7 2 -8 3 -10 3 -9 4 -9 2 -9 2 -10 3 -11 2 -10 4 -12 1 -13 3 -12 5 0 0 0 0 0 0 0 0 0 0 ]
538,1783416265.205339,6.4027,-80,CSI_DATA,AP,98:F4:AB:29:67:94,-80,11,1,3,1,1,1,0,0,0,0,-96,0,6,1,106319416,0,84,0,0,106.701,384,[84 -64 4 0 0 0 0 0 0 0 0 0 -5 16 -6 12 -6 15 -6 13 -5 14 -4 11 -5 11 -4 11 -4 10 -5 11 -5 10 -4 11 -3 10 -2 11 -1 8 -2 9 -2 8 -2 10 -3 7 -2 8 -4 8 -3 9 -3 9 -2 6 -2 5 -2 7 0 0 -1 6 -3 7 -2 6 -2 6 -5 5 -2 5 -3 7 -3 6 -3 6 -2 6 -3 6 -3 6 -5 7 -4 6 -3 7 -3 7 -6 8 -6 8 -6 8 -6 7 -8 8 -6 9 -9 9 -7 9 -8 8 -7 10 0 0 0 0 0 0 0 0 0 0 ]
539,1783416265.332605,7.1520,-80,CSI_DATA,AP,98:F4:AB:29:67:94,-80,11,1,3,1,1,1,0,0,0,0,-96,0,6,1,106410846,0,84,0,0,106.793,384,[84 -64 4 0 0 0 0 0 0 0 0 0 13 -9 10 -11 10 -11 11 -9 12 -9 9 -7 9 -6 8 -9 8 -7 8 -7 7 -9 7 -7 5 -9 7 -9 6 -7 5 -8 5 -9 6 -9 5 -7 6 -7 6 -7 5 -7 3 -6 5 -6 6 -6 4 -5 0 0 5 -5 5 -5 5 -5 5 -5 5 -4 5 -5 5 -5 5 -3 6 -5 4 -3 4 -4 5 -4 7 -4 5 -5 7 -4 7 -5 8 -5 9 -5 9 -4 8 -3 10 -3 9 -4 9 -4 10 -5 12 -5 11 -4 0 0 0 0 0 0 0 0 0 0 ]
540,1783416265.460756,7.3503,-79,CSI_DATA,AP,98:F4:AB:29:67:94,-79,11,1,3,1,1,1,0,0,0,0,-96,0,6,1,106499098,0,84,0,0,106.881,384,[84 -64 4 0 0 0 0 0 0 0 0 0 15 -9 14 -6 14 -8 13 -7 13 -6 11 -5 13 -5 11 -5 9 -6 11 -5 9 -6 9 -7 8 -7 7 -6 7 -6 8 -5 6 -4 7 -7 6 -6 6 -6 7 -3 7 -5 5 -5 6 -4 6 -4 6 -4 0 0 7 -3 6 -4 6 -3 5 -4 6 -2 7 -3 4 -2 6 -2 6 -1 7 -2 6 -2 6 -2 7 -2 7 -3 7 -2 9 -2 9 -1 9 -1 10 2 10 0 11 0 10 -1 10 0 12 0 13 0 12 0 0 0 0 0 0 0 0 0 0 0 ]
541,1783416265.588059,6.8611,-80,CSI_DATA,AP,98:F4:AB:29:67:94,-80,11,1,3,1,1,1,0,0,0,0,-96,0,6,1,106589469,0,84,0,0,106.972,384,[84 -64 4 0 0 0 0 0 0 0 0 0 8 14 7 14 6 14 5 12 6 12 5 11 5 11 5 9 5 10 6 9 6 7 5 8 7 8 7 8 6 6 8 7 7 7 6 7 5 7 5 5 5 5 4 6 3 5 5 4 5 5 5 4 0 0 5 6 4 5 4 5 2 6 1 4 3 7 4 4 2 5 4 5 3 6 2 6 2 5 2 6 4 6 4 7 5 8 3 8 4 9 4 10 3 11 5 10 4 10 4 9 5 11 4 9 5 11 0 0 0 0 0 0 0 0 0 0 ]
542,1783416265.712256,8.1390,-79,CSI_DATA,AP,98:F4:AB:29:67:94,-79,11,1,3,1,1,1,0,0,0,0,-96,0,6,1,106679006,0,84,0,0,107.061,384,[84 -64 4 0 0 0 0 0 0 0 0 0 -15 9 -12 9 -14 8 -12 6 -14 8 -10 7 -11 5 -10 6 -10 6 -10 7 -10 6 -9 7 -8 7 -9 5 -7 7 -9 8 -7 7 -9 7 -7 4 -7 5 -8 5 -7 4 -6 5 -6 3 -7 6 -7 4 0 0 -6 3 -7 4 -6 4 -8 5 -7 2 -6 3 -7 3 -6 2 -6 3 -7 1 -6 4 -7 3 -6 3 -7 2 -9 5 -6 3 -10 3 -9 3 -9 2 -11 2 -11 2 -11 3 -12 3 -12 4 -12 5 -11 3 0 0 0 0 0 0 0 0 0 0 ]
543,1783416265.840226,7.3916,-79,CSI_DATA,AP,98:F4:AB:29:67:94,-79,11,1,3,1,1,1,0,0,0,0,-96,0,6,1,106769283,0,84,0,0,107.151,384,[84 -64 4 0 0 0 0 0 0 0 0 0 14 -4 14 -3 15 -3 13 -2 14 -4 11 -3 13 -3 11 -3 10 -3 11 -4 10 -3 10 -4 10 -3 10 -3 9 -3 8 -4 8 -3 10 -4 7 -3 7 -4 8 -3 7 -4 7 -3 7 -3 6 -2 7 -3 0 0 5 -2 6 -4 5 -2 5 -3 6 -2 7 -1 7 -1 6 0 7 -1 7 -1 6 0 7 0 7 -2 7 -1 9 0 8 -1 10 0 9 0 9 2 11 0 11 0 10 2 11 1 10 1 12 2 12 1 0 0 0 0 0 0 0 0 0 0 ]
544,1783416265.966202,8.6104,-80,CSI_DATA,AP,98:F4:AB:29:67:94,-80,11,1,3,1,1,1,0,0,0,0,-96,0,6,1,106860428,0,84,0,0,107.243,384,[84 -64 4 0 0 0 0 0 0 0 0 0 -8 14 -8 13 -9 12 -8 11 -7 12 -6 11 -6 10 -7 10 -6 11 -7 10 -6 10 -5 9 -4 10 -4 9 -5 9 -4 10 -3 9 -3 8 -3 8 -4 7 -5 7 -4 7 -3 7 -4 7 -5 8 -2 6 0 0 -3 5 -4 6 -5 5 -2 5 -4 5 -5 4 -4 5 -6 4 -4 5 -5 5 -5 6 -5 4 -6 7 -6 6 -5 5 -7 6 -7 6 -7 7 -7 6 -8 6 -8 6 -9 6 -9 7 -9 8 -9 8 -10 8 0 0 0 0 0 0 0 0 0 0 ]
545,1783416266.093975,8.7591,-80,CSI_DATA,AP,98:F4:AB:29:67:94,-80,11,1,3,1,1,1,0,0,0,0,-96,0,6,1,106951268,0,84,0,0,107.333,384,[84 -64 4 0 0 0 0 0 0 0 0 0 -9 -15 -8 -16 -8 -13 -6 -14 -7 -11 -6 -11 -5 -12 -6 -10 -5 -11 -6 -10 -7 -9 -6 -10 -6 -9 -7 -9 -5 -8 -7 -8 -6 -9 -7 -7 -5 -7 -5 -7 -6 -7 -6 -8 -6 -7 -5 -6 -5 -6 -7 -6 0 0 -5 -5 -3 -7 -3 -5 -3 -6 -5 -6 -4 -8 -2 -5 -3 -6 -3 -7 -3 -5 -3 -7 -4 -7 -2 -7 -4 -8 -4 -7 -4 -10 -3 -9 -3 -10 -3 -9 -3 -9 -2 -11 -2 -12 -3 -12 -3 -11 -4 -11 -5 -13 0 0 0 0 0 0 0 0 0 0 ]
546,1783416266.220270,7.2069,-81,CSI_DATA,AP,98:F4:AB:29:67:94,-81,11,1,3,1,1,1,0,0,0,0,-96,0,6,1,107041190,0,84,0,0,107.423,384,[84 -64 4 0 0 0 0 0 0 0 0 0 3 18 1 14 1 16 2 13 2 14 3 12 2 14 1 11 3 10 0 11 3 11 2 11 2 11 3 10 2 7 3 9 1 9 2 8 0 7 2 7 2 8 1 9 2 8 1 6 1 6 2 7 0 0 1 6 0 7 1 7 1 7 0 5 -1 5 -1 7 0 6 0 6 0 8 1 4 0 6 0 7 -1 7 1 8 0 6 0 9 -3 9 -2 8 -3 10 -2 10 -1 9 -3 11 -2 12 -3 10 -2 11 0 0 0 0 0 0 0 0 0 0 ]
547,1783416266.345860,7.3357,-79,CSI_DATA,AP,98:F4:AB:29:67:94,-79,11,1,3,1,1,1,0,0,0,0,-96,0,6,1,107131158,0,84,0,0,107.513,384,[84 -64 4 0 0 0 0 0 0 0 0 0 1 -17 1 -15 0 -17 -1 -14 1 -14 0 -12 0 -13 -1 -11 -1 -11 -1 -12 1 -11 -2 -12 -2 -10 -3 -9 -2 -9 -2 -11 -3 -10 0 -10 -1 -9 -1 -9 -2 -10 0 -9 -2 -10 -2 -7 -1 -8 -2 -7 0 0 -2 -7 -1 -8 -1 -8 -2 -9 0 -7 -1 -8 0 -6 1 -7 -1 -8 0 -9 -2 -6 0 -7 0 -7 0 -8 0 -8 0 -8 2 -9 1 -11 2 -9 0 -10 3 -11 2 -10 3 -12 2 -13 3 -11 3 -12 0 0 0 0 0 0 0 0 0 0 ]
548,1783416266.474820,7.4416,-79,CSI_DATA,AP,98:F4:AB:29:67:94,-79,11,1,3,1,1,1,0,0,0,0,-96,0,6,1,107219121,0,84,0,0,107.601,384,[84 -64 4 0 0 0 0 0 0 0 0 0 11 -11 10 -12 11 -10 11 -10 10 -10 8 -8 9 -9 8 -9 8 -8 7 -7 8 -9 7 -9 6 -9 5 -11 6 -8 5 -8 5 -9 5 -8 6 -8 6 -7 6 -8 7 -8 5 -7 4 -6 4 -7 4 -5 0 0 6 -7 4 -6 5 -5 5 -5 4 -6 5 -5 5 -5 5 -3 5 -5 4 -3 5 -4 6 -4 6 -5 8 -5 7 -4 7 -5 8 -3 7 -5 9 -4 8 -4 10 -3 9 -4 9 -6 10 -6 10 -4 12 -5 0 0 0 0 0 0 0 0 0 0 ]
549,1783416266.601498,8.5212,-80,CSI_DATA,AP,98:F4:AB:29:67:94,-80,11,1,3,1,1,1,0,0,0,0,-96,0,6,1,107310557,0,84,0,0,107.693,384,[84 -64 4 0 0 0 0 0 0 0 0 0 0 -17 0 -16 -1 -14 1 -15 1 -15 -1 -14 -2 -14 0 -13 1 -11 2 -10 0 -12 -3 -11 -1 -10 0 -11 -1 -10 -2 -11 -2 -10 -2 -10 -1 -9 -2 -8 -3 -8 -2 -9 -1 -7 -1 -8 0 -9 -2 -7 0 0 -1 -8 -1 -8 0 -8 0 -8 1 -7 0 -8 1 -7 -1 -7 0 -7 1 -8 1 -8 2 -7 0 -7 2 -8 2 -8 2 -7 3 -10 4 -8 4 -9 4 -10 4 -10 4 -11 6 -11 5 -12 5 -11 6 -11 0 0 0 0 0 0 0 0 0 0 ]
550,1783416266.726884,7.0189,-79,CSI_DATA,AP,98:F4:AB:29:67:94,-79,11,1,3,1,1,1,0,0,0,0,-96,0,6,1,107399177,0,84,0,0,107.781,384,[84 -64 4 0 0 0 0 0 0 0 0 0 2 17 1 14 2 17 2 13 3 13 -1 11 1 13 -1 11 3 10 1 12 3 10 2 10 2 8 2 8 2 9 1 8 2 7 3 8 2 6 3 7 1 6 3 7 2 8 3 6 3 5 3 5 0 0 2 6 2 6 1 6 2 6 0 5 0 6 0 6 0 6 0 5 1 7 0 5 1 6 0 7 -1 7 -1 8 0 7 -2 9 -2 7 -1 8 -1 8 -3 9 -2 9 -1 10 -2 11 -3 11 -3 11 0 0 0 0 0 0 0 0 0 0 ]
551,1783416266.856823,8.0119,-78,CSI_DATA,AP,98:F4:AB:29:67:94,-78,11,1,2,1,1,1,0,0,0,0,-96,0,6,1,107495156,0,84,0,0,107.877,384,[84 -64 4 0 0 0 0 0 0 0 0 0 3 -19 3 -17 3 -16 2 -15 3 -18 3 -14 2 -14 1 -13 2 -13 2 -12 1 -10 1 -12 1 -12 1 -11 1 -11 0 -9 -1 -10 0 -11 1 -9 -1 -9 0 -9 0 -9 0 -8 1 -7 0 -9 0 -8 0 0 0 -8 1 -8 0 -6 0 -7 1 -6 0 -8 2 -7 1 -7 2 -6 1 -8 -1 -7 2 -7 2 -7 3 -8 2 -9 1 -9 4 -10 3 -10 3 -9 4 -9 4 -9 3 -11 5 -12 3 -12 4 -12 4 -12 0 0 0 0 0 0 0 0 0 0 ]
552,1783416266.982712,6.5834,-80,CSI_DATA,AP,98:F4:AB:29:67:94,-80,11,1,3,1,1,1,0,0,0,0,-96,0,6,1,107584068,0,84,0,0,107.966,384,[84 -64 4 0 0 0 0 0 0 0 0 0 11 9 12 12 11 10 11 11 8 8 9 9 9 9 9 7 9 7 8 8 8 6 6 6 9 6 8 5 9 4 8 5 7 5 7 5 6 4 7 5 6 4 6 4 3 3 5 4 5 1 6 3 0 0 5 3 4 3 6 3 3 3 4 3 3 3 2 3 4 1 4 2 5 3 4 2 4 3 4 3 5 3 6 5 6 4 6 5 5 5 5 5 5 8 7 7 6 7 8 4 8 7 8 6 9 7 0 0 0 0 0 0 0 0 0 0 ]
553,1783416267.109619,7.6444,-80,CSI_DATA,AP,98:F4:AB:29:67:94,-80,11,1,3,1,1,1,0,0,0,0,-96,0,6,1,107669406,0,84,0,0,108.051,384,[84 -64 4 0 0 0 0 0 0 0 0 0 -7 -16 -8 -14 -8 -13 -7 -13 -7 -13 -5 -13 -5 -13 -4 -10 -6 -9 -7 -11 -7 -9 -5 -10 -6 -8 -6 -9 -5 -8 -6 -10 -6 -7 -7 -7 -6 -9 -6 -7 -6 -6 -4 -7 -4 -7 -6 -7 -6 -7 -5 -8 0 0 -5 -7 -4 -7 -2 -7 -5 -5 -3 -6 -2 -7 -3 -7 -1 -7 -2 -5 -3 -7 -3 -6 -3 -6 -2 -7 -2 -7 -4 -9 -4 -9 -2 -9 0 -10 -1 -10 -1 -11 -2 -11 -2 -10 -2 -11 -3 -11 -1 -11 -1 -13 0 0 0 0 0 0 0 0 0 0 ]
554,1783416267.234677,7.9524,-80,CSI_DATA,AP,98:F4:AB:29:67:94,-80,11,1,3,1,1,1,0,0,0,0,-96,0,6,1,107763351,0,84,0,0,108.145,384,[84 -64 4 0 0 0 0 0 0 0 0 0 14 9 11 7 11 8 13 8 13 7 10 6 9 6 11 7 10 7 8 7 9 6 8 6 8 6 8 5 10 4 9 4 8 3 8 4 7 3 7 6 6 5 6 2 5 4 5 3 7 3 6 4 0 0 5 4 5 3 4 4 5 4 3 5 3 4 4 4 5 4 5 4 4 4 3 4 2 5 2 5 4 5 5 6 3 6 4 8 5 6 5 9 3 7 5 8 5 8 4 8 6 9 4 11 6 9 0 0 0 0 0 0 0 0 0 0 ]
555,1783416267.362838,7.9117,-79,CSI_DATA,AP,98:F4:AB:29:67:94,-79,11,1,3,1,1,1,0,0,0,0,-96,0,6,1,107851324,0,84,0,0,108.233,384,[84 -64 4 0 0 0 0 0 0 0 0 0 -2 -16 -1 -16 -1 -17 0 -15 0 -14 1 -13 0 -13 0 -12 -1 -14 -1 -11 -2 -11 -3 -11 -3 -10 -2 -11 -3 -11 -3 -9 -3 -10 -2 -9 -3 -10 -2 -10 -2 -8 -2 -8 -2 -8 -3 -7 -4 -7 -3 -9 0 0 -2 -7 -1 -7 -4 -8 -2 -8 -1 -7 -2 -7 -2 -6 -1 -6 0 -7 -4 -8 -3 -6 -1 -7 -2 -8 -1 -9 -1 -10 -2 -9 -1 -10 -2 -10 -1 -12 -1 -10 0 -11 0 -13 0 -12 -1 -11 -1 -13 -2 -12 0 0 0 0 0 0 0 0 0 0 ]
556,1783416267.485698,7.3679,-80,CSI_DATA,AP,98:F4:AB:29:67:94,-80,11,1,3,1,1,1,0,0,0,0,-96,0,6,1,107944419,0,84,0,0,108.326,384,[84 -64 4 0 0 0 0 0 0 0 0 0 0 -18 0 -17 0 -15 0 -17 1 -15 0 -14 1 -12 -1 -16 -1 -12 0 -13 1 -12 -2 -12 -1 -12 0 -11 -2 -10 -2 -11 -2 -10 -3 -11 -2 -9 -2 -7 -1 -10 -1 -8 -2 -9 -1 -8 -1 -7 -1 -8 0 0 -2 -7 -1 -6 -2 -7 -1 -7 0 -5 0 -6 1 -6 0 -6 1 -6 0 -6 -1 -7 -1 -7 -1 -8 -1 -8 1 -9 1 -9 2 -9 1 -10 1 -11 2 -10 3 -10 2 -12 1 -12 1 -12 2 -12 1 -12 0 0 0 0 0 0 0 0 0 0 ]
557,1783416267.612144,6.9395,-80,CSI_DATA,AP,98:F4:AB:29:67:94,-80,11,1,3,1,1,1,0,0,0,0,-96,0,6,1,108031634,0,84,0,0,108.414,384,[84 -64 4 0 0 0 0 0 0 0 0 0 13 11 9 10 13 12 11 11 9 9 9 8 9 7 6 6 8 6 8 8 8 5 8 5 9 6 9 6 7 4 7 5 7 4 7 3 7 3 6 3 7 4 6 2 7 3 6 2 6 2 5 2 0 0 6 0 5 2 6 2 6 3 6 3 4 2 4 3 3 3 4 2 5 3 5 3 5 3 5 4 5 3 5 5 6 4 6 4 6 4 6 4 7 6 7 6 8 6 9 6 9 5 11 5 11 7 0 0 0 0 0 0 0 0 0 0 ]
558,1783416267.735665,6.9218,-80,CSI_DATA,AP,98:F4:AB:29:67:94,-80,11,1,3,1,1,1,0,0,0,0,-96,0,6,1,108120513,0,84,0,0,108.503,384,[84 -64 4 0 0 0 0 0 0 0 0 0 -3 15 -5 12 -5 15 -5 13 -5 13 -3 11 -3 13 -3 11 -2 11 -3 12 -2 9 -2 9 -1 9 -3 10 -2 8 0 10 0 8 0 9 0 7 1 9 -2 7 -2 8 0 6 0 6 -1 7 0 7 0 0 -1 6 -1 8 0 5 -1 7 -1 5 -1 5 -2 5 -2 6 0 4 -2 6 -2 6 -3 6 -3 7 -2 5 -3 8 -3 7 -4 8 -5 7 -6 8 -3 8 -5 8 -5 9 -6 10 -6 11 -5 9 -5 10 0 0 0 0 0 0 0 0 0 0 ]
559,1783416267.860874,6.9185,-80,CSI_DATA,AP,98:F4:AB:29:67:94,-80,11,1,3,1,1,1,0,0,0,0,-96,0,6,1,108210206,0,84,0,0,108.592,384,[84 -64 4 0 0 0 0 0 0 0 0 0 -7 -14 -8 -13 -9 -14 -5 -12 -6 -11 -5 -12 -7 -11 -8 -10 -5 -9 -7 -9 -6 -9 -6 -9 -6 -8 -7 -7 -4 -7 -6 -9 -8 -8 -6 -8 -8 -6 -5 -6 -6 -6 -6 -6 -5 -6 -6 -5 -5 -5 -4 -6 0 0 -4 -5 -4 -6 -5 -6 -4 -5 -2 -7 -3 -7 -3 -4 -3 -6 -4 -4 -4 -6 -3 -7 -2 -7 -5 -7 -2 -7 -4 -8 -4 -9 -3 -10 -4 -9 -3 -11 -3 -10 -2 -11 -3 -10 -2 -11 -4 -12 -3 -11 -3 -13 0 0 0 0 0 0 0 0 0 0 ]
560,1783416267.985251,6.7204,-80,CSI_DATA,AP,98:F4:AB:29:67:94,-80,11,1,3,1,1,1,0,0,0,0,-96,0,6,1,108300825,0,84,0,0,108.683,384,[84 -64 4 0 0 0 0 0 0 0 0 0 6 15 4 14 4 15 3 15 4 12 3 11 4 12 4 12 4 11 6 10 5 11 5 10 4 9 5 10 5 9 6 7 6 8 5 6 3 8 6 7 3 5 5 6 3 7 4 6 4 6 4 5 0 0 5 6 5 5 3 6 3 5 3 5 4 7 2 5 3 4 4 4 2 4 3 4 2 5 4 6 2 7 4 7 3 8 3 7 3 8 3 8 2 10 3 10 2 9 3 11 3 10 5 11 4 12 0 0 0 0 0 0 0 0 0 0 ]
561,1783416268.109056,7.0516,-80,CSI_DATA,AP,98:F4:AB:29:67:94,-80,11,1,3,1,1,1,0,0,0,0,-96,0,6,1,108391463,0,84,0,0,108.774,384,[84 -64 4 0 0 0 0 0 0 0 0 0 -10 12 -10 11 -9 12 -10 10 -8 11 -8 8 -7 9 -8 8 -8 9 -9 9 -7 8 -6 7 -7 9 -8 7 -6 7 -6 8 -5 8 -4 8 -4 7 -5 6 -7 6 -5 6 -4 5 -4 6 -5 6 -4 5 0 0 -5 5 -5 5 -5 4 -5 4 -5 4 -5 2 -6 4 -5 3 -5 4 -6 4 -4 5 -5 4 -5 4 -7 5 -7 5 -7 5 -7 4 -8 4 -9 6 -8 4 -9 2 -10 4 -11 5 -11 4 -11 6 -10 6 0 0 0 0 0 0 0 0 0 0 ]
562,1783416268.232178,6.8067,-80,CSI_DATA,AP,98:F4:AB:29:67:94,-80,11,1,3,1,1,1,0,0,0,0,-96,0,6,1,108480267,0,84,0,0,108.862,384,[84 -64 4 0 0 0 0 0 0 0 0 0 -13 11 -10 8 -13 12 -9 9 -11 9 -7 9 -9 9 -9 9 -8 7 -9 9 -8 8 -7 8 -8 9 -7 8 -6 7 -7 9 -5 7 -6 8 -6 7 -6 7 -5 7 -6 7 -6 5 -4 5 -5 7 -5 5 0 0 -5 5 -5 7 -5 4 -5 4 -6 5 -5 3 -5 4 -4 3 -5 5 -5 3 -6 3 -6 3 -6 3 -5 2 -6 4 -7 4 -9 4 -7 3 -10 3 -8 4 -10 3 -9 4 -11 5 -11 5 -11 5 -10 4 0 0 0 0 0 0 0 0 0 0 ]
563,1783416268.357916,8.7832,-77,CSI_DATA,AP,98:F4:AB:29:67:94,-77,11,1,2,1,1,1,0,0,0,0,-96,0,6,1,108570921,0,84,0,0,108.953,384,[84 -64 4 0 0 0 0 0 0 0 0 0 14 -7 12 -5 15 -4 11 -8 11 -5 12 -10 11 -6 11 -8 6 -4 9 -7 9 -6 9 -7 4 -8 8 -9 9 -6 10 0 7 -7 8 -2 8 -10 9 -6 7 -3 12 -4 10 -3 9 -4 9 -3 6 -4 0 0 6 -2 5 -3 7 -2 6 -1 8 -3 5 0 5 0 7 -3 5 -1 6 1 5 0 5 2 6 2 6 1 7 1 8 0 8 2 9 0 7 2 8 3 7 3 8 3 9 2 10 4 10 2 10 2 0 0 0 0 0 0 0 0 0 0 ]
564,1783416268.479813,9.2607,-79,CSI_DATA,AP,98:F4:AB:29:67:94,-79,11,1,3,1,1,1,0,0,0,0,-96,0,6,1,108660284,0,84,0,0,109.042,384,[84 -64 4 0 0 0 0 0 0 0 0 0 17 2 17 2 15 1 16 3 16 3 13 1 12 3 13 2 13 0 12 2 12 -1 13 0 13 0 12 0 11 1 11 -1 13 2 10 0 11 -1 11 -1 10 -1 10 -2 9 0 9 -1 9 0 9 0 0 0 8 0 8 0 9 1 7 2 7 1 7 2 7 3 6 2 5 3 6 3 6 1 6 2 8 4 8 2 7 3 7 4 7 4 8 4 8 5 7 4 8 6 9 8 8 6 10 6 11 6 10 5 0 0 0 0 0 0 0 0 0 0 ]
565,1783416268.604002,8.7824,-80,CSI_DATA,AP,98:F4:AB:29:67:94,-80,11,1,3,1,1,1,0,0,0,0,-96,0,6,1,108754317,0,84,0,0,109.136,384,[84 -64 4 0 0 0 0 0 0 0 0 0 -9 15 -10 11 -8 13 -8 12 -5 11 -8 11 -6 10 -6 11 -6 10 -5 8 -4 11 -3 10 -4 10 -3 9 -4 10 -3 12 -4 9 -3 8 -4 8 -3 9 -3 7 -3 8 -4 8 -3 7 -3 7 -2 8 0 0 -2 6 -5 7 -4 8 -3 7 -3 5 -2 3 -4 5 -2 4 -2 5 -3 5 -2 7 -3 6 -2 7 -4 7 -3 5 -4 7 -6 7 -5 7 -5 6 -5 8 -6 7 -5 9 -5 9 -5 11 -5 9 -6 9 0 0 0 0 0 0 0 0 0 0 ]
566,1783416268.728152,7.8412,-80,CSI_DATA,AP,98:F4:AB:29:67:94,-80,11,1,3,1,1,1,0,0,0,0,-96,0,6,1,108839826,0,84,0,0,109.222,384,[84 -64 4 0 0 0 0 0 0 0 0 0 -11 12 -9 10 -11 12 -10 9 -9 10 -8 9 -8 7 -9 8 -8 9 -9 9 -6 8 -7 8 -7 9 -8 8 -7 7 -6 9 -6 8 -4 8 -5 6 -6 8 -5 6 -5 8 -4 6 -5 6 -5 5 -4 5 0 0 -5 4 -5 5 -4 5 -5 5 -6 3 -5 3 -5 2 -6 3 -5 4 -5 3 -5 2 -6 4 -5 3 -6 3 -6 3 -7 5 -8 3 -8 4 -8 4 -9 4 -9 4 -9 3 -10 3 -10 6 -11 5 -10 4 0 0 0 0 0 0 0 0 0 0 ]
567,1783416268.851108,7.2957,-80,CSI_DATA,AP,98:F4:AB:29:67:94,-80,11,1,3,1,1,1,0,0,0,0,-96,0,6,1,108933870,0,84,0,0,109.316,384,[84 -64 4 0 0 0 0 0 0 0 0 0 -15 -7 -14 -6 -14 -6 -14 -6 -15 -6 -12 -6 -11 -5 -11 -6 -13 -5 -10 -5 -10 -4 -10 -4 -12 -3 -11 -3 -9 -2 -10 -2 -10 -4 -9 -2 -9 -2 -8 -2 -8 -1 -9 -3 -8 -3 -8 -3 -7 -2 -7 -4 0 0 -7 -2 -7 -4 -6 -2 -8 -3 -5 -2 -6 -4 -6 -4 -6 -3 -6 -3 -7 -4 -5 -3 -6 -4 -6 -3 -7 -4 -8 -4 -6 -4 -8 -6 -7 -5 -8 -7 -8 -6 -8 -6 -9 -7 -9 -9 -9 -6 -10 -7 -11 -7 0 0 0 0 0 0 0 0 0 0 ]
568,1783416268.977450,7.5152,-78,CSI_DATA,AP,98:F4:AB:29:67:94,-78,11,1,2,1,1,1,0,0,0,0,-96,0,6,1,109021228,0,84,0,0,109.403,384,[84 -64 4 0 0 0 0 0 0 0 0 0 5 -18 5 -15 5 -16 6 -15 3 -15 4 -13 5 -13 4 -13 3 -13 4 -12 3 -13 2 -12 2 -13 2 -10 4 -11 3 -12 2 -11 1 -10 2 -10 3 -10 2 -9 2 -10 3 -9 2 -10 1 -8 1 -7 0 0 2 -8 3 -8 2 -7 2 -7 3 -6 2 -7 3 -8 3 -6 3 -6 3 -6 2 -7 3 -6 3 -7 4 -8 4 -8 3 -8 5 -9 4 -9 6 -8 5 -8 7 -8 6 -7 7 -10 6 -11 6 -10 7 -12 0 0 0 0 0 0 0 0 0 0 ]
