packet_idx,epoch_s,sub30_amplitude,rssi_dbm,raw_line
1,1783415865.023607,16.7631,-76,CSI_DATA,AP,98:F4:AB:29:67:94,-76,11,0,0,0,0,0,0,0,0,0,-96,0,6,1,29319342,0,28,0,0,29.7029,128,[28 -64 1 0 0 0 0 0 0 0 0 0 6 -41 5 -37 6 -39 2 -37 6 -32 3 -32 6 -29 5 -29 6 -27 1 -24 1 -28 1 -27 -2 -26 -2 -26 -1 -23 -1 -25 -2 -21 -1 -19 -1 -18 -2 -21 -3 -18 -1 -18 -3 -17 -4 -17 -5 -16 -4 -16 0 0 -3 -16 -2 -16 -3 -14 -5 -13 -4 -13 0 -12 -3 -12 0 -12 1 -12 -1 -9 0 -12 0 -9 4 -10 4 -8 6 -9 8 -10 8 -8 9 -6 12 -5 11 -6 13 -6 15 -7 16 -6 16 -6 17 -5 20 -4 0 0 0 0 0 0 0 0 0 0 ]
2,1783415865.070083,19.2354,-76,CSI_DATA,AP,98:F4:AB:29:67:94,-76,11,0,0,0,0,0,0,0,0,0,-96,0,6,1,29324583,0,157,0,0,29.736,128,[-99 -48 9 0 0 0 0 0 0 0 0 0 -42 -12 -37 -13 -39 -13 -37 -9 -34 -13 -33 -13 -31 -9 -27 -9 -31 -9 -26 -9 -29 -3 -29 -4 -26 -5 -27 -2 -24 -2 -27 -1 -24 0 -23 -1 -22 -2 -21 0 -20 0 -21 1 -19 -1 -20 4 -19 3 -17 0 0 0 -18 1 -19 5 -15 3 -15 4 -15 1 -14 0 -14 0 -13 0 -13 -1 -13 0 -13 2 -13 -3 -11 -2 -12 -4 -10 -7 -10 -8 -10 -11 -10 -9 -9 -11 -8 -12 -8 -14 -6 -15 -7 -16 -8 -18 -7 -19 -7 -20 0 0 0 0 0 0 0 0 0 0 ]
3,1783415865.116926,18.3848,-76,CSI_DATA,AP,98:F4:AB:29:67:94,-76,11,0,0,0,0,0,0,0,0,0,-96,0,6,1,29407342,0,135,0,0,29.7908,128,[-121 112 8 0 0 0 0 0 0 0 0 0 -35 20 -33 17 -34 20 -30 19 -31 13 -26 13 -25 15 -22 13 -25 17 -22 15 -22 14 -22 15 -21 14 -19 14 -16 13 -18 16 -14 12 -15 12 -12 13 -13 12 -12 13 -13 12 -10 13 -10 12 -13 13 -10 11 0 0 -11 12 -10 12 -10 9 -8 9 -7 7 -8 8 -7 8 -6 8 -7 9 -10 7 -9 8 -9 4 -10 5 -8 2 -10 3 -10 0 -12 0 -11 0 -12 -3 -12 -3 -12 -3 -14 -3 -16 -4 -15 -7 -16 -8 -17 -9 0 0 0 0 0 0 0 0 0 0 ]
4,1783415865.616932,7.8102,-81,CSI_DATA,AP,98:F4:AB:29:67:94,-81,11,1,4,1,1,1,0,0,0,0,-96,0,6,1,29917267,0,390,0,0,30.3006,384,[-122 -31 23 0 0 0 0 0 0 0 0 0 12 15 9 13 12 16 9 11 10 12 10 12 10 13 8 11 11 11 9 10 10 12 10 9 9 10 11 8 9 8 10 10 8 6 8 8 9 6 10 6 8 8 9 5 9 7 7 6 6 5 7 6 0 0 6 6 6 4 7 5 7 4 5 5 5 5 5 5 3 4 3 4 2 5 3 5 3 4 2 6 0 6 1 6 0 5 1 4 -2 5 0 7 -2 6 -3 7 -2 7 -4 9 -4 10 -3 10 -5 10 0 0 0 0 0 0 0 0 0 0 ]
5,1783415865.663678,8.0623,-81,CSI_DATA,AP,98:F4:AB:29:67:94,-81,11,1,4,1,1,1,0,0,0,0,-96,0,6,1,29960059,0,390,0,0,30.3431,384,[-122 -31 23 0 0 0 0 0 0 0 0 0 15 10 16 11 16 11 12 10 12 10 14 8 11 10 11 8 11 7 11 6 9 6 12 3 12 5 10 4 8 3 11 2 10 4 10 1 7 4 8 2 8 1 7 0 8 3 5 1 8 1 5 2 0 0 5 2 7 1 6 2 6 2 4 2 5 1 4 2 6 1 6 1 6 3 7 1 7 3 6 4 7 3 7 4 7 4 7 5 8 4 8 5 9 4 8 6 10 7 10 4 12 5 12 8 10 7 0 0 0 0 0 0 0 0 0 0 ]
6,1783415865.710231,8.2462,-80,CSI_DATA,AP,98:F4:AB:29:67:94,-80,11,1,2,1,1,1,0,0,0,0,-96,0,6,1,30006952,0,82,0,0,30.39,384,[82 -96 4 0 0 0 0 0 0 0 0 0 1 22 1 22 1 21 0 18 0 19 0 17 0 17 1 15 0 16 -1 16 0 15 1 14 0 13 2 12 3 13 2 13 1 12 2 11 2 10 2 10 0 9 4 9 1 10 0 8 2 8 4 8 0 0 3 8 2 6 3 6 2 6 2 5 2 5 3 5 2 5 4 3 -1 4 0 4 0 5 -1 4 -2 4 -2 5 -2 5 -2 4 -2 5 -3 5 -3 5 -4 6 -4 6 -5 5 -5 8 -7 5 -6 6 0 0 0 0 0 0 0 0 0 0 ]
7,1783415866.115830,8.0000,-79,CSI_DATA,AP,98:F4:AB:29:67:94,-79,11,1,4,1,1,1,0,0,0,0,-96,0,6,1,30412786,0,82,0,0,30.7959,384,[82 -96 4 0 0 0 0 0 0 0 0 0 -4 19 -4 18 -7 19 -7 16 -5 17 -6 14 -4 15 -5 14 -5 14 -4 15 -4 15 -4 12 -3 14 -3 15 -2 13 -4 12 -3 10 0 13 -2 9 -2 8 -2 9 -3 10 -1 7 -1 9 0 8 1 8 0 0 -1 7 1 8 0 7 0 8 -1 6 2 6 0 7 1 5 0 6 -1 7 -1 7 0 5 1 7 0 7 0 7 0 7 -1 9 -1 6 -1 9 -1 8 -3 8 -1 9 -3 10 -1 11 -4 10 -2 10 0 0 0 0 0 0 0 0 0 0 ]
8,1783415866.618626,8.0623,-80,CSI_DATA,AP,98:F4:AB:29:67:94,-80,11,1,4,1,1,1,0,0,0,0,-96,0,6,1,30918512,0,82,0,0,31.3017,384,[82 -96 4 0 0 0 0 0 0 0 0 0 21 -2 20 0 22 2 21 0 20 1 16 -1 15 -1 14 -2 17 -2 15 -1 13 -2 13 -1 14 -4 13 -2 13 -4 10 -2 10 -2 9 -1 10 -2 8 -4 8 -4 8 -5 7 -3 7 -3 7 -4 7 -4 0 0 6 -3 4 -5 4 -2 5 -5 5 -3 5 -4 6 -3 3 -3 2 -3 3 -2 4 -4 4 -4 5 -3 5 -1 6 -1 4 -3 5 -2 4 -3 8 -1 7 -1 8 -3 8 0 8 1 9 -3 9 1 11 0 0 0 0 0 0 0 0 0 0 0 ]
9,1783415866.669120,8.0000,-80,CSI_DATA,AP,98:F4:AB:29:67:94,-80,11,1,2,1,1,1,0,0,0,0,-96,0,6,1,30924632,0,82,0,0,31.3295,384,[82 -96 4 0 0 0 0 0 0 0 0 0 -19 -3 -17 -4 -19 -4 -17 -3 -18 -4 -17 -5 -13 -3 -14 -5 -13 -2 -14 -3 -14 -1 -13 -2 -13 -2 -13 -2 -10 -1 -11 -2 -10 0 -10 -1 -8 -1 -10 1 -8 0 -8 0 -8 -1 -7 0 -8 0 -6 2 0 0 -7 1 -5 0 -5 1 -5 0 -4 0 -5 0 -4 1 -5 1 -3 -1 -5 0 -4 0 -5 0 -5 -1 -4 0 -6 -1 -6 -2 -6 -2 -6 -2 -5 -3 -8 -3 -6 -4 -8 -4 -7 -4 -7 -5 -9 -6 -9 -5 0 0 0 0 0 0 0 0 0 0 ]
10,1783415866.776131,8.0623,-79,CSI_DATA,AP,98:F4:AB:29:67:94,-79,11,1,4,1,1,1,0,0,0,0,-96,0,6,1,31069262,0,82,0,0,31.4524,384,[82 -96 4 0 0 0 0 0 0 0 0 0 -18 7 -17 7 -18 7 -16 7 -16 6 -16 4 -15 4 -15 4 -14 6 -15 7 -13 6 -13 6 -12 4 -14 4 -13 6 -13 6 -10 6 -11 4 -11 4 -9 5 -9 5 -9 5 -9 3 -10 3 -11 4 -7 4 0 0 -6 4 -6 4 -7 4 -7 4 -6 2 -7 4 -6 2 -7 1 -6 1 -7 1 -6 2 -5 4 -6 1 -5 2 -6 2 -7 1 -8 0 -7 0 -8 1 -9 1 -8 0 -8 0 -10 -2 -9 0 -10 -2 -10 -2 0 0 0 0 0 0 0 0 0 0 ]
11,1783415866.995164,8.6633,-79,CSI_DATA,AP,98:F4:AB:29:67:94,-79,11,1,2,1,1,1,0,0,0,0,-96,0,6,1,31283817,0,82,0,0,31.667,384,[82 -96 4 0 0 0 0 0 0 0 0 0 -18 -8 -16 -8 -16 -6 -16 -6 -16 -9 -13 -7 -14 -7 -14 -7 -14 -5 -14 -4 -13 -3 -12 -3 -13 -3 -14 -3 -12 -2 -14 -3 -13 -3 -11 -2 -10 -2 -12 -2 -10 -4 -10 -2 -10 -1 -11 -1 -10 -2 -11 -1 0 0 -9 -2 -11 0 -8 1 -7 -1 -8 -1 -8 -2 -8 -2 -6 -2 -7 -2 -6 -2 -8 0 -7 -1 -8 -2 -6 -4 -7 -5 -6 -5 -6 -4 -6 -6 -6 -5 -6 -5 -6 -7 -6 -7 -5 -9 -8 -8 -7 -7 -6 -10 0 0 0 0 0 0 0 0 0 0 ]
12,1783415867.043209,9.7155,-75,CSI_DATA,AP,98:F4:AB:29:67:94,-75,11,0,0,0,0,0,0,0,0,0,-96,0,6,1,31323072,0,37,0,0,31.7063,128,[37 80 2 0 0 0 0 0 0 0 0 0 -15 39 -13 37 -15 40 -13 36 -12 33 -12 31 -13 29 -14 25 -12 26 -6 21 -8 23 -11 24 -9 24 -7 23 -8 20 -6 22 -6 18 -5 18 -5 18 -5 17 -4 17 -4 19 -3 16 -3 15 -3 14 -3 13 0 0 -4 11 -1 11 -2 13 -2 10 -2 10 -3 9 -3 9 -4 7 -3 9 -4 9 -5 7 -4 8 -6 8 -5 8 -8 9 -7 8 -9 8 -9 6 -10 7 -13 5 -16 4 -15 6 -17 8 -17 6 -18 8 -19 9 0 0 0 0 0 0 0 0 0 0 ]
13,1783415867.071651,14.6212,-73,CSI_DATA,AP,98:F4:AB:29:67:94,-73,11,0,0,0,0,0,0,0,0,0,-96,0,6,1,31366958,0,37,0,0,31.7501,128,[37 80 2 0 0 0 0 0 0 0 0 0 -42 -5 -37 0 -34 -5 -33 0 -40 0 -35 -2 -35 4 -34 -4 -31 -5 -27 -6 -29 0 -32 -3 -25 1 -22 -2 -27 -5 -33 3 -27 0 -19 -4 -10 0 -24 0 -22 -2 -13 4 -17 1 -16 6 -17 1 -17 5 0 0 -18 6 -15 1 -15 4 -17 4 -14 1 -11 2 -10 4 -13 1 -10 3 -13 2 -13 4 -12 0 -12 1 -12 -1 -14 -2 -14 -3 -16 -3 -13 -4 -15 -5 -15 -7 -16 -7 -16 -7 -17 -10 -19 -10 -18 -11 -19 -11 0 0 0 0 0 0 0 0 0 0 ]
14,1783415867.118953,11.0015,-79,CSI_DATA,AP,98:F4:AB:29:67:94,-79,11,1,2,1,1,1,0,0,0,0,-96,0,6,1,31370170,0,84,0,0,31.7847,384,[84 -64 4 0 0 0 0 0 0 0 0 0 -18 4 -18 4 -18 2 -18 3 -16 3 -15 2 -14 4 -13 2 -14 3 -12 3 -12 4 -12 3 -12 4 -11 4 -13 4 -11 3 -9 4 -9 4 -9 4 -8 3 -8 3 -9 3 -9 3 -8 3 -7 2 -8 4 0 0 -5 4 -6 4 -6 4 -5 3 -5 4 -5 4 -5 3 -6 3 -4 3 -6 1 -4 2 -6 2 -6 2 -5 3 -7 2 -7 2 -7 1 -7 1 -9 1 -7 0 -8 1 -9 0 -9 0 -10 1 -9 0 -11 0 0 0 0 0 0 0 0 0 0 0 ]
15,1783415867.165380,9.4166,-80,CSI_DATA,AP,98:F4:AB:29:67:94,-80,11,1,4,1,1,1,0,0,0,0,-96,0,6,1,31379488,0,84,0,0,31.8218,384,[84 -64 4 0 0 0 0 0 0 0 0 0 -15 -15 -11 -16 -12 -15 -12 -15 -11 -14 -9 -14 -10 -13 -7 -12 -11 -11 -11 -10 -10 -11 -9 -9 -9 -9 -9 -9 -9 -10 -10 -8 -8 -5 -8 -7 -9 -6 -9 -6 -9 -5 -10 -5 -6 -5 -8 -5 -7 -3 -8 -3 0 0 -6 -3 -7 -2 -7 -3 -6 -3 -6 -2 -5 -2 -6 -3 -5 -3 -5 -2 -5 -1 -8 -3 -5 -4 -5 -3 -4 -3 -5 -3 -6 -5 -6 -5 -7 -5 -5 -6 -6 -7 -7 -7 -6 -6 -7 -6 -8 -8 -9 -9 -8 -7 0 0 0 0 0 0 0 0 0 0 ]
16,1783415867.197499,8.7239,-83,CSI_DATA,AP,98:F4:AB:29:67:94,-83,11,1,4,1,1,1,0,0,0,0,-96,0,6,1,31469793,0,84,0,0,31.8656,384,[84 -64 4 0 0 0 0 0 0 0 0 0 -21 5 -18 4 -19 5 -16 4 -17 3 -15 2 -14 1 -13 2 -14 2 -14 2 -11 6 -12 2 -11 4 -13 4 -11 5 -10 5 -9 3 -9 3 -8 3 -6 4 -8 4 -8 3 -8 2 -6 3 -8 3 -4 2 0 0 -6 3 -6 5 -5 2 -6 2 -4 2 -5 1 -4 -1 -4 0 -4 1 -4 1 -6 2 -5 -1 -5 1 -6 1 -4 -1 -7 -1 -6 -1 -7 -1 -6 -3 -6 -2 -6 -5 -8 -3 -8 -4 -9 -3 -9 -5 -9 -5 0 0 0 0 0 0 0 0 0 0 ]
17,1783415867.274827,8.5546,-81,CSI_DATA,AP,98:F4:AB:29:67:94,-81,11,1,2,1,1,1,1,0,0,0,-96,1,6,1,31572621,0,84,0,0,31.9559,384,[84 -64 4 0 0 0 0 0 0 0 0 0 -3 22 -2 20 -2 19 -5 18 -3 18 -3 14 -4 14 -3 13 -2 14 -4 14 -2 13 -1 13 -1 13 -1 13 -2 12 -2 12 0 11 2 10 -1 8 0 9 0 8 0 9 0 8 -1 8 2 9 0 7 0 0 -1 7 0 7 0 5 -1 5 -1 4 -2 4 -1 5 -4 4 0 3 -2 4 -2 4 -2 4 -3 4 -4 7 -3 4 -5 5 -6 5 -6 4 -5 5 -7 3 -6 4 -7 5 -8 5 -9 5 -8 5 -10 6 0 0 0 0 0 0 0 0 0 0 ]
18,1783415867.368543,6.2546,-84,CSI_DATA,AP,98:F4:AB:29:67:94,-84,11,1,3,1,1,1,1,0,0,0,-96,1,6,1,31659158,0,84,0,0,32.0423,384,[84 -64 4 0 0 0 0 0 0 0 0 0 -11 16 -9 14 -10 15 -9 12 -9 13 -6 10 -8 9 -5 11 -6 8 -6 10 -4 8 -4 9 -4 9 -5 10 -3 8 -4 6 -1 8 -3 10 -2 7 -2 6 -1 5 -2 8 -3 5 -2 4 -2 5 -1 4 0 0 -2 5 -2 5 -2 3 -1 3 -2 3 -2 3 0 3 -3 2 -1 2 -3 2 -5 1 -3 2 -4 2 -2 1 -2 1 -5 2 -6 3 -6 2 -5 -1 -4 1 -7 0 -5 0 -10 2 -8 2 -9 2 -10 0 0 0 0 0 0 0 0 0 0 0 ]
19,1783415867.461819,7.9475,-80,CSI_DATA,AP,98:F4:AB:29:67:94,-80,11,1,4,1,1,1,1,0,0,0,-96,1,6,1,31742675,0,84,0,0,32.1258,384,[84 -64 4 0 0 0 0 0 0 0 0 0 -14 -12 -14 -13 -14 -12 -13 -11 -14 -12 -12 -10 -10 -10 -12 -8 -10 -7 -12 -6 -13 -6 -11 -6 -12 -7 -13 -7 -11 -5 -13 -6 -11 -6 -8 -5 -10 -5 -11 -4 -11 -2 -11 -4 -10 -2 -11 -4 -10 -4 -10 -2 0 0 -11 -3 -9 -3 -8 -1 -8 -1 -9 -2 -7 -2 -9 -3 -8 -3 -6 -3 -6 -1 -9 -3 -6 -2 -6 -2 -8 -2 -7 -4 -6 -4 -6 -5 -7 -5 -6 -6 -6 -7 -5 -7 -6 -9 -6 -9 -5 -10 -7 -8 -4 -11 0 0 0 0 0 0 0 0 0 0 ]
20,1783415867.539366,9.0713,-81,CSI_DATA,AP,98:F4:AB:29:67:94,-81,11,1,3,1,1,1,1,0,0,0,-96,1,6,1,31831729,0,84,0,0,32.2149,384,[84 -64 4 0 0 0 0 0 0 0 0 0 -22 6 -17 6 -20 4 -17 5 -17 4 -15 4 -15 2 -14 3 -15 4 -13 6 -11 4 -11 5 -13 4 -13 4 -9 3 -11 5 -8 3 -12 6 -8 3 -10 4 -9 5 -7 4 -9 6 -9 4 -9 5 -8 6 0 0 -8 3 -7 4 -6 2 -6 3 -8 5 -7 0 -5 1 -6 2 -6 2 -8 3 -8 2 -8 2 -7 1 -7 1 -9 0 -8 -1 -8 -1 -10 -2 -10 -2 -10 -2 -10 -5 -11 -4 -12 -5 -13 -5 -13 -6 -13 -4 0 0 0 0 0 0 0 0 0 0 ]
21,1783415867.632511,8.1568,-84,CSI_DATA,AP,98:F4:AB:29:67:94,-84,11,1,3,1,1,1,1,0,0,0,-96,1,6,1,31921977,0,84,0,0,32.3051,384,[84 -64 4 0 0 0 0 0 0 0 0 0 -14 17 -14 16 -13 15 -15 12 -10 13 -12 12 -10 11 -7 10 -5 10 -5 10 -6 13 -7 8 -5 11 -6 11 -5 9 -5 10 -5 11 -4 9 -2 11 -4 11 -2 10 -4 7 -3 8 -3 9 0 7 0 6 0 0 -1 4 0 7 -2 6 -1 4 0 4 0 3 -2 3 -2 5 0 4 1 4 -3 6 -3 4 -3 6 -4 4 -4 3 -5 4 -5 4 -5 4 -7 2 -7 3 -8 4 -9 4 -8 4 -9 5 -12 3 -13 3 0 0 0 0 0 0 0 0 0 0 ]
22,1783415867.710932,10.3750,-80,CSI_DATA,AP,98:F4:AB:29:67:94,-80,11,1,3,1,1,1,1,0,0,0,-96,1,6,1,32007887,0,84,0,0,32.3911,384,[84 -64 4 0 0 0 0 0 0 0 0 0 18 -17 17 -15 15 -17 16 -14 14 -13 13 -13 13 -10 12 -12 11 -11 12 -14 9 -11 9 -11 9 -11 7 -12 7 -11 9 -10 8 -11 9 -10 9 -9 6 -9 8 -11 7 -8 8 -8 5 -8 8 -8 5 -7 0 0 6 -5 6 -7 5 -6 6 -7 5 -7 7 -5 6 -4 4 -4 5 -4 7 -5 6 -6 9 -2 7 -2 7 -2 9 -4 7 -4 12 -3 11 -3 9 -2 11 -2 10 0 12 1 15 -3 14 -4 14 0 14 -2 0 0 0 0 0 0 0 0 0 0 ]
23,1783415867.773531,11.0444,-82,CSI_DATA,AP,98:F4:AB:29:67:94,-82,11,1,3,1,1,1,0,0,0,0,-96,0,6,1,32069824,0,82,0,0,32.453,384,[82 -96 4 0 0 0 0 0 0 0 0 0 5 -20 6 -17 4 -19 5 -16 4 -17 1 -15 4 -15 2 -16 2 -14 -1 -14 -1 -14 0 -14 -1 -14 -1 -14 -1 -14 -2 -13 0 -14 -2 -12 0 -12 -1 -11 -2 -10 -2 -11 0 -9 -2 -8 -2 -9 -1 -8 0 0 -2 -7 -2 -9 -3 -7 -1 -7 -1 -6 -1 -7 -1 -8 -2 -7 -3 -6 0 -5 -1 -7 2 -6 1 -5 0 -7 1 -5 2 -7 2 -8 6 -6 5 -5 3 -6 6 -6 7 -6 7 -7 7 -8 10 -7 8 -5 0 0 0 0 0 0 0 0 0 0 ]
24,1783415867.819093,10.1650,-81,CSI_DATA,AP,98:F4:AB:29:67:94,-81,11,1,2,1,1,1,0,0,0,0,-96,0,6,1,32071455,0,82,0,0,32.4837,384,[82 -96 4 0 0 0 0 0 0 0 0 0 -5 47 -4 42 -11 53 -8 44 -1 49 -4 39 -10 45 -7 36 0 40 9 40 0 44 -1 41 8 46 -3 39 2 27 -1 37 3 37 3 34 2 26 8 31 7 24 8 23 6 22 9 23 10 15 7 27 0 0 5 21 3 14 11 15 0 10 0 12 5 10 7 17 2 14 -7 4 16 16 -6 24 4 16 1 14 -4 13 -9 15 -11 21 -11 19 -5 18 -18 24 -10 20 -17 15 -17 16 -19 16 -15 25 -20 18 -15 22 0 0 0 0 0 0 0 0 0 0 ]
25,1783415867.850917,10.5794,-79,CSI_DATA,AP,98:F4:AB:29:67:94,-79,11,1,2,1,1,1,1,0,0,0,-96,1,6,1,32101857,0,84,0,0,32.5236,384,[84 -64 4 0 0 0 0 0 0 0 0 0 -19 11 -18 8 -19 12 -16 10 -16 8 -14 8 -13 7 -15 7 -12 10 -14 10 -15 13 -14 11 -11 10 -11 11 -10 5 -12 9 -11 8 -10 10 -10 7 -11 7 -9 8 -7 9 -9 6 -6 4 -8 7 -8 4 0 0 -9 7 -8 6 -8 4 -9 8 -6 4 -4 4 -5 6 -5 3 -9 -1 -5 3 -5 5 -8 4 -6 3 -6 3 -8 3 -9 2 -9 0 -8 2 -10 1 -10 0 -10 -1 -10 1 -12 -1 -13 0 -13 -1 -14 0 0 0 0 0 0 0 0 0 0 0 ]
26,1783415867.898606,8.3588,-81,CSI_DATA,AP,98:F4:AB:29:67:94,-81,11,1,2,1,1,1,1,0,0,0,-96,1,6,1,32199834,0,84,0,0,32.583,384,[84 -64 4 0 0 0 0 0 0 0 0 0 -12 16 -13 16 -14 17 -12 13 -9 13 -11 13 -9 12 -10 11 -9 10 -11 10 -8 11 -8 10 -7 11 -6 11 -6 10 -6 12 -6 8 -6 9 -6 8 -5 8 -6 7 -4 7 -3 6 -4 6 -4 5 -2 6 0 0 -3 5 -4 6 -2 4 -4 4 -4 5 -4 1 -5 1 -4 1 -3 2 -2 2 -4 2 -3 3 -2 2 -3 2 -3 2 -5 1 -5 0 -6 -1 -5 0 -7 0 -7 -1 -7 -1 -8 1 -8 1 -10 0 -10 -1 0 0 0 0 0 0 0 0 0 0 ]
27,1783415867.989959,8.3432,-80,CSI_DATA,AP,98:F4:AB:29:67:94,-80,11,1,3,1,1,1,1,0,0,0,-96,1,6,1,32282285,0,84,0,0,32.6655,384,[84 -64 4 0 0 0 0 0 0 0 0 0 17 8 14 7 17 7 14 9 15 7 12 7 14 6 14 4 13 3 14 5 13 4 12 5 14 5 13 4 11 3 14 4 12 4 10 3 12 3 9 2 10 3 12 2 10 3 9 3 9 2 8 2 0 0 7 2 10 3 8 2 9 2 6 2 7 4 6 2 7 3 6 2 7 4 5 3 6 3 5 5 5 5 5 4 4 6 5 6 3 6 4 8 3 7 3 8 2 9 2 9 1 9 1 10 3 10 0 0 0 0 0 0 0 0 0 0 ]
28,1783415868.069282,7.0187,-79,CSI_DATA,AP,98:F4:AB:29:67:94,-79,11,1,2,1,1,1,1,0,0,0,-96,1,6,1,32372160,0,84,0,0,32.7553,384,[84 -64 4 0 0 0 0 0 0 0 0 0 15 11 13 8 15 10 14 8 15 8 12 8 12 6 11 7 13 5 12 7 12 7 12 6 12 6 9 4 9 6 11 5 8 5 9 4 9 2 11 3 10 3 8 3 7 5 8 3 6 4 6 4 0 0 6 3 7 4 5 3 5 1 6 3 5 3 4 3 3 2 4 3 4 3 4 2 4 3 3 4 3 6 3 5 2 5 2 6 2 5 3 7 3 6 2 7 3 7 1 8 2 9 3 8 3 9 0 0 0 0 0 0 0 0 0 0 ]
29,1783415868.163327,8.4100,-80,CSI_DATA,AP,98:F4:AB:29:67:94,-80,11,1,3,1,1,1,1,0,0,0,-96,1,6,1,32460361,0,84,0,0,32.8434,384,[84 -64 4 0 0 0 0 0 0 0 0 0 -19 11 -18 8 -19 9 -18 8 -19 9 -14 7 -17 7 -17 7 -15 8 -15 7 -14 7 -15 8 -14 6 -16 7 -13 7 -14 7 -13 7 -12 5 -11 6 -11 6 -10 5 -9 5 -9 4 -10 5 -9 3 -9 3 0 0 -10 3 -8 3 -7 3 -7 3 -6 1 -5 1 -7 2 -6 1 -7 0 -5 1 -4 2 -5 0 -7 1 -7 1 -6 2 -8 -1 -8 0 -8 -1 -9 -2 -7 -2 -9 -2 -9 -1 -9 -2 -11 -2 -10 0 -14 1 0 0 0 0 0 0 0 0 0 0 ]
30,1783415868.257340,6.8714,-82,CSI_DATA,AP,98:F4:AB:29:67:94,-82,11,1,3,1,1,1,1,0,0,0,-96,1,6,1,32548879,0,84,0,0,32.9321,384,[84 -64 4 0 0 0 0 0 0 0 0 0 1 22 -1 17 0 21 -1 19 -2 20 0 18 0 17 0 17 -2 16 -1 15 0 15 -1 14 1 13 0 12 2 13 2 13 1 10 0 9 0 10 1 8 1 6 2 7 1 6 3 5 1 6 2 7 0 0 0 5 1 5 2 5 1 4 0 4 -1 2 0 2 1 3 0 1 -1 2 0 3 0 2 0 5 0 3 -1 4 0 5 -2 3 -3 5 -3 4 -2 4 -3 6 -4 4 -3 6 -5 7 -5 7 -6 9 0 0 0 0 0 0 0 0 0 0 ]
31,1783415868.349941,6.9804,-82,CSI_DATA,AP,98:F4:AB:29:67:94,-82,11,1,3,1,1,1,1,0,0,0,-96,1,6,1,32637790,0,84,0,0,33.021,384,[84 -64 4 0 0 0 0 0 0 0 0 0 11 -20 9 -18 9 -19 9 -16 8 -15 7 -12 7 -16 7 -14 6 -15 8 -14 6 -13 5 -13 2 -12 3 -13 4 -11 2 -11 2 -11 3 -13 2 -10 2 -10 3 -10 0 -9 1 -9 -1 -8 1 -8 -1 -9 0 0 0 -9 -1 -5 -1 -7 2 -8 1 -6 0 -5 1 -6 1 -6 -1 -7 0 -8 -1 -3 1 -5 2 -5 2 -4 4 -9 5 -6 3 -6 2 -6 7 -6 6 -5 7 -5 8 -7 9 -6 9 -6 11 -8 11 -6 0 0 0 0 0 0 0 0 0 0 ]
32,1783415868.496486,7.2619,-81,CSI_DATA,AP,98:F4:AB:29:67:94,-81,11,1,2,1,1,1,1,0,0,0,-96,1,6,1,32729272,0,84,0,0,33.1124,384,[84 -64 4 0 0 0 0 0 0 0 0 0 -6 18 -5 15 -7 18 -6 14 -6 15 -4 10 -5 13 -5 10 -3 13 -3 12 -3 12 -2 12 -1 11 -2 12 -1 11 -2 12 0 11 1 11 -2 10 0 8 0 8 0 8 0 10 1 7 0 7 1 7 0 0 1 7 1 9 1 6 0 5 0 6 -2 4 -1 3 -1 5 -1 5 -1 4 -2 5 -1 5 -3 4 -2 4 -3 6 -4 4 -5 5 -7 4 -6 3 -7 4 -6 4 -9 5 -10 2 -9 4 -10 4 -10 5 0 0 0 0 0 0 0 0 0 0 ]
33,1783415868.615762,8.4064,-80,CSI_DATA,AP,98:F4:AB:29:67:94,-80,11,1,2,1,1,1,1,0,0,0,-96,1,6,1,32823938,0,84,0,0,33.2071,384,[84 -64 4 0 0 0 0 0 0 0 0 0 -15 8 -17 7 -15 7 -18 8 -15 7 -13 4 -14 7 -12 6 -13 7 -12 6 -11 7 -11 8 -12 7 -11 8 -10 9 -10 8 -10 8 -10 8 -9 5 -9 7 -7 7 -7 6 -8 5 -7 6 -8 5 -7 5 0 0 -6 4 -5 5 -6 4 -5 5 -6 4 -5 4 -5 3 -4 2 -5 3 -3 2 -5 2 -5 2 -5 1 -3 2 -7 1 -5 2 -7 0 -6 1 -6 -1 -8 -1 -9 -1 -9 -1 -9 -1 -11 -2 -10 -3 -11 -2 0 0 0 0 0 0 0 0 0 0 ]
34,1783415868.732093,8.4155,-81,CSI_DATA,AP,98:F4:AB:29:67:94,-81,11,1,2,1,1,1,1,0,0,0,-96,1,6,1,32915124,0,84,0,0,33.2983,384,[84 -64 4 0 0 0 0 0 0 0 0 0 -11 16 -8 15 -10 13 -10 14 -10 14 -9 13 -8 10 -9 13 -9 10 -7 12 -7 11 -6 13 -8 12 -6 12 -5 10 -7 11 -5 11 -5 10 -8 10 -4 8 -6 8 -4 8 -4 7 -4 8 -3 7 -5 8 0 0 -3 8 -4 8 -2 5 -4 7 -2 5 -3 3 -5 5 -4 1 -3 4 -4 5 -1 4 -4 3 -4 3 -4 2 -5 4 -6 2 -6 1 -6 0 -6 1 -7 1 -7 1 -9 0 -8 1 -9 0 -8 1 -10 3 0 0 0 0 0 0 0 0 0 0 ]
35,1783415868.851433,9.0946,-82,CSI_DATA,AP,98:F4:AB:29:67:94,-82,11,1,3,1,1,1,1,0,0,0,-96,1,6,1,33000345,0,84,0,0,33.3835,384,[84 -64 4 0 0 0 0 0 0 0 0 0 7 -20 8 -17 9 -15 7 -18 4 -15 5 -16 8 -15 8 -14 4 -14 7 -14 4 -12 5 -15 4 -13 3 -14 2 -10 1 -13 4 -11 2 -12 2 -10 1 -9 -1 -10 1 -11 1 -9 -1 -9 -2 -9 1 -8 0 0 0 -8 -1 -8 -1 -8 -3 -7 0 -6 0 -4 -1 -6 0 -5 1 -7 0 -5 0 -5 1 -4 2 -7 3 -3 2 -7 5 -6 4 -6 4 -6 4 -6 5 -5 7 -5 5 -5 9 -3 5 -7 6 -7 8 -9 0 0 0 0 0 0 0 0 0 0 ]
36,1783415868.969277,9.5911,-82,CSI_DATA,AP,98:F4:AB:29:67:94,-82,11,1,3,1,1,1,0,0,0,0,-96,0,6,1,33062582,0,82,0,0,33.4456,384,[82 -96 4 0 0 0 0 0 0 0 0 0 -19 7 -16 8 -21 5 -17 6 -15 5 -15 6 -16 6 -14 5 -14 5 -15 4 -12 9 -13 6 -14 4 -12 7 -11 7 -11 6 -9 6 -10 7 -8 6 -6 6 -8 6 -9 6 -6 7 -8 4 -8 6 -8 5 0 0 -5 5 -7 7 -7 3 -4 4 -5 3 -6 4 -5 4 -5 3 -4 2 -4 0 -5 0 -7 2 -8 2 -6 1 -7 1 -9 1 -8 -1 -5 0 -8 -2 -8 -3 -7 -3 -8 -5 -9 -3 -9 -6 -9 -5 -11 -6 0 0 0 0 0 0 0 0 0 0 ]
37,1783415869.088059,8.7392,-81,CSI_DATA,AP,98:F4:AB:29:67:94,-81,11,1,3,1,1,1,1,0,0,0,-96,1,6,1,33088053,0,84,0,0,33.4747,384,[84 -64 4 0 0 0 0 0 0 0 0 0 -21 -3 -19 -2 -21 -1 -19 -1 -19 -2 -15 -3 -17 -2 -15 -3 -17 -3 -17 0 -15 0 -14 -2 -14 1 -11 -3 -15 -1 -15 -1 -12 2 -14 -1 -10 -2 -11 0 -11 -2 -10 -1 -10 0 -9 1 -7 1 -8 -1 0 0 -8 0 -9 -1 -8 -3 -7 0 -4 -2 -7 0 -7 -2 -5 -5 -7 -1 -4 -2 -6 -3 -4 -4 -6 -5 -5 -5 -6 -3 -6 -5 -5 -8 -4 -7 -3 -8 -4 -10 -4 -9 -2 -9 -4 -8 -5 -11 -3 -10 -3 -9 0 0 0 0 0 0 0 0 0 0 ]
38,1783415869.207727,8.2340,-80,CSI_DATA,AP,98:F4:AB:29:67:94,-80,11,1,3,1,1,1,1,0,0,0,-96,1,6,1,33178203,0,84,0,0,33.5614,384,[84 -64 4 0 0 0 0 0 0 0 0 0 6 22 5 22 7 21 7 21 3 20 4 17 3 17 3 18 3 15 6 16 5 17 2 15 4 15 4 14 3 14 4 14 4 10 4 14 5 12 2 8 3 8 4 8 3 10 4 8 4 7 4 7 0 0 1 5 4 6 5 6 5 6 2 4 1 7 1 5 0 5 2 8 1 5 1 6 1 7 0 7 -2 6 -1 6 -1 10 0 7 -3 8 -2 9 -3 8 -3 8 -3 11 -5 10 -4 11 -3 12 -4 10 0 0 0 0 0 0 0 0 0 0 ]
39,1783415869.324804,7.3402,-82,CSI_DATA,AP,98:F4:AB:29:67:94,-82,11,1,2,1,1,1,1,0,0,0,-96,1,6,1,33270672,0,84,0,0,33.6538,384,[84 -64 4 0 0 0 0 0 0 0 0 0 -16 14 -14 13 -15 13 -14 12 -12 12 -12 11 -12 8 -11 9 -10 8 -10 9 -8 10 -10 10 -10 9 -9 8 -4 8 -8 9 -7 8 -7 8 -5 5 -5 7 -4 6 -4 6 -2 4 -4 7 -3 6 -4 6 0 0 -3 5 -3 5 -2 5 -1 3 -1 1 0 3 -3 3 -1 1 -2 4 0 2 -2 3 -1 2 -3 2 -3 2 -3 1 -4 2 -6 0 -5 2 -6 1 -7 -1 -7 0 -8 1 -7 1 -8 1 -9 -1 -9 0 0 0 0 0 0 0 0 0 0 0 ]
40,1783415869.444268,6.8015,-82,CSI_DATA,AP,98:F4:AB:29:67:94,-82,11,1,3,1,1,1,1,0,0,0,-96,1,6,1,33357852,0,84,0,0,33.741,384,[84 -64 4 0 0 0 0 0 0 0 0 0 9 22 7 22 6 22 6 18 6 22 6 19 6 17 5 15 8 16 4 15 5 14 8 14 6 12 5 11 5 10 6 10 6 7 7 9 6 9 5 8 7 6 4 7 6 7 5 3 3 7 4 4 0 0 4 3 4 4 3 3 4 4 4 3 3 1 4 3 3 3 4 2 3 2 3 2 4 4 1 5 2 3 5 5 3 6 2 4 4 4 2 6 3 6 2 8 3 8 3 8 2 8 4 10 3 10 0 0 0 0 0 0 0 0 0 0 ]
41,1783415869.562679,7.1377,-81,CSI_DATA,AP,98:F4:AB:29:67:94,-81,11,1,3,1,1,1,1,0,0,0,-96,1,6,1,33449906,0,84,0,0,33.8331,384,[84 -64 4 0 0 0 0 0 0 0 0 0 11 18 12 13 10 19 8 16 9 16 7 14 9 15 8 16 10 13 8 14 10 13 10 11 10 14 8 10 8 13 11 13 6 11 7 11 7 8 5 8 5 8 5 8 5 6 3 6 5 6 2 7 0 0 1 5 3 5 4 4 3 4 2 4 1 4 2 3 0 4 0 2 1 4 -1 4 -1 5 -1 4 0 5 -3 4 0 4 -1 3 -1 7 -1 4 -3 5 -2 6 -2 5 -4 7 -5 6 -5 8 -5 9 0 0 0 0 0 0 0 0 0 0 ]
42,1783415869.681829,7.9398,-80,CSI_DATA,AP,98:F4:AB:29:67:94,-80,11,1,3,1,1,1,1,0,0,0,-96,1,6,1,33538083,0,84,0,0,33.9213,384,[84 -64 4 0 0 0 0 0 0 0 0 0 5 20 4 21 5 22 4 20 4 16 3 14 5 16 4 15 4 16 3 15 2 14 6 14 1 13 6 12 7 11 4 11 7 13 4 8 2 11 6 11 2 8 4 6 2 8 5 7 4 8 2 7 0 0 6 6 2 7 2 4 2 7 1 8 4 5 -1 5 -1 5 -2 6 3 6 -1 5 0 6 -1 6 0 6 -3 8 -4 7 -3 8 -1 6 -4 7 -3 8 -4 8 -3 9 -4 9 -2 10 -3 10 -4 10 0 0 0 0 0 0 0 0 0 0 ]
43,1783415869.801895,9.6340,-81,CSI_DATA,AP,98:F4:AB:29:67:94,-81,11,1,3,1,1,1,1,0,0,0,-96,1,6,1,33632818,0,84,0,0,34.016,384,[84 -64 4 0 0 0 0 0 0 0 0 0 -15 12 -16 11 -18 13 -15 14 -18 13 -11 12 -13 10 -13 11 -13 10 -12 12 -11 12 -10 11 -12 11 -10 11 -9 9 -8 12 -9 9 -7 8 -6 9 -7 8 -8 8 -8 8 -7 7 -6 6 -5 9 -6 9 0 0 -4 6 -8 8 -5 7 -5 5 -5 4 -5 4 -5 4 -6 4 -6 2 -7 5 -5 3 -6 4 -7 4 -8 3 -8 2 -9 2 -9 0 -10 0 -8 1 -8 1 -9 0 -10 0 -11 0 -9 -1 -12 0 -13 -1 0 0 0 0 0 0 0 0 0 0 ]
44,1783415869.920493,10.2899,-79,CSI_DATA,AP,98:F4:AB:29:67:94,-79,11,1,2,1,1,1,1,0,0,0,-96,1,6,1,33727883,0,84,0,0,34.111,384,[84 -64 4 0 0 0 0 0 0 0 0 0 -1 -21 0 -21 0 -21 -1 -19 -2 -22 0 -17 -3 -20 -2 -19 -3 -17 -1 -19 -2 -17 -2 -16 -2 -16 -2 -17 -4 -15 -3 -15 -3 -13 -4 -13 -2 -11 -3 -11 -2 -12 -2 -11 -1 -10 0 -11 -1 -10 -2 -9 0 0 -1 -9 -3 -8 -2 -9 -3 -7 1 -7 -2 -7 0 -8 -1 -7 0 -5 0 -7 0 -7 0 -7 2 -5 2 -6 3 -6 3 -7 4 -7 4 -6 5 -6 3 -6 5 -7 6 -7 5 -8 8 -8 7 -7 5 -8 0 0 0 0 0 0 0 0 0 0 ]
45,1783415870.040697,11.2691,-81,CSI_DATA,AP,98:F4:AB:29:67:94,-81,11,1,3,1,1,1,1,0,0,0,-96,1,6,1,33808843,0,84,0,0,34.1921,384,[84 -64 4 0 0 0 0 0 0 0 0 0 -13 6 -18 2 -13 5 -15 4 -15 6 -12 4 -12 4 -13 5 -12 6 -12 7 -11 6 -12 7 -12 6 -12 6 -10 6 -11 5 -9 8 -9 5 -9 6 -9 5 -10 4 -8 5 -6 5 -7 6 -8 7 -7 5 0 0 -6 5 -5 3 -8 4 -5 4 -6 1 -7 2 -6 2 -5 2 -6 2 -7 4 -7 1 -7 1 -7 1 -6 1 -6 0 -8 1 -7 -1 -8 -1 -9 -3 -9 -2 -10 -2 -8 -3 -9 -3 -10 -2 -10 -3 -12 -2 0 0 0 0 0 0 0 0 0 0 ]
46,1783415870.160088,9.5914,-83,CSI_DATA,AP,98:F4:AB:29:67:94,-83,11,1,3,1,1,1,1,0,0,0,-96,1,6,1,33899986,0,84,0,0,34.2831,384,[84 -64 4 0 0 0 0 0 0 0 0 0 19 2 19 2 20 3 19 2 18 5 15 3 14 3 15 1 14 3 13 1 12 1 12 1 12 2 12 -1 11 1 10 0 11 -1 9 -1 9 -1 8 0 7 -1 7 0 6 -2 7 1 7 2 7 -2 0 0 6 0 6 -1 4 -2 4 2 3 0 3 0 5 -1 2 0 0 1 4 -2 4 2 2 1 3 4 5 2 2 2 4 3 4 4 2 5 0 5 4 6 4 8 2 7 5 6 3 8 3 6 4 9 0 0 0 0 0 0 0 0 0 0 ]
47,1783415870.279008,9.6128,-81,CSI_DATA,AP,98:F4:AB:29:67:94,-81,11,1,3,1,1,1,1,0,0,0,-96,1,6,1,33988182,0,84,0,0,34.3714,384,[84 -64 4 0 0 0 0 0 0 0 0 0 -27 1 -21 0 -23 2 -23 1 -21 0 -18 2 -20 2 -17 -1 -17 -1 -19 1 -15 5 -18 3 -16 2 -16 3 -14 2 -14 3 -13 1 -11 3 -15 4 -12 2 -12 3 -10 3 -12 3 -10 2 -10 2 -9 2 0 0 -8 1 -8 0 -7 2 -6 0 -8 2 -8 -1 -6 0 -9 -1 -6 0 -8 1 -5 -1 -8 -1 -7 -2 -7 -2 -7 -1 -8 -4 -8 -2 -7 -4 -7 -3 -9 -5 -6 -3 -9 -5 -8 -4 -12 -3 -10 -4 -10 -6 0 0 0 0 0 0 0 0 0 0 ]
48,1783415870.398594,10.4198,-80,CSI_DATA,AP,98:F4:AB:29:67:94,-80,11,1,3,1,1,1,1,0,0,0,-96,1,6,1,34079603,0,84,0,0,34.4628,384,[84 -64 4 0 0 0 0 0 0 0 0 0 -5 -19 -5 -17 -4 -17 -7 -18 -5 -18 -4 -16 -3 -17 -5 -15 -7 -14 -8 -14 -6 -14 -6 -12 -6 -15 -8 -13 -6 -12 -8 -12 -6 -11 -7 -11 -7 -11 -6 -10 -5 -9 -8 -8 -6 -10 -6 -10 -5 -10 -7 -7 0 0 -5 -7 -6 -9 -5 -8 -4 -6 -3 -6 -3 -7 -3 -6 -3 -9 -2 -7 -3 -9 -2 -9 -1 -7 -1 -8 1 -8 0 -6 -1 -10 1 -10 0 -11 1 -10 0 -9 3 -9 3 -8 3 -12 2 -12 4 -11 4 -12 0 0 0 0 0 0 0 0 0 0 ]
49,1783415870.520073,9.4157,-79,CSI_DATA,AP,98:F4:AB:29:67:94,-79,11,1,2,1,1,1,1,0,0,0,-96,1,6,1,34170553,0,84,0,0,34.5537,384,[84 -64 4 0 0 0 0 0 0 0 0 0 -21 3 -19 1 -22 2 -16 2 -19 3 -16 2 -18 2 -18 2 -15 3 -15 2 -16 4 -14 3 -13 4 -15 4 -10 3 -12 5 -12 5 -11 5 -12 3 -10 5 -9 3 -9 4 -11 5 -10 4 -8 4 -9 4 0 0 -7 4 -9 6 -7 3 -7 3 -6 3 -7 2 -6 3 -8 2 -5 1 -5 2 -9 1 -7 -1 -6 1 -7 0 -10 0 -9 0 -8 -1 -9 -2 -9 -2 -9 -4 -10 -4 -9 -5 -10 -6 -9 -6 -12 -6 -11 -5 0 0 0 0 0 0 0 0 0 0 ]
50,1783415870.640431,8.9871,-81,CSI_DATA,AP,98:F4:AB:29:67:94,-81,11,1,3,1,1,1,1,0,0,0,-96,1,6,1,34259949,0,84,0,0,34.6431,384,[84 -64 4 0 0 0 0 0 0 0 0 0 19 8 17 7 17 7 15 8 15 5 15 9 14 5 13 5 12 3 13 3 11 4 15 4 14 5 14 3 11 3 13 0 12 3 10 2 12 3 9 0 11 1 9 -1 9 1 7 -2 9 0 9 2 0 0 8 1 9 1 8 2 7 2 5 2 6 2 6 3 5 1 5 1 4 3 4 2 4 3 3 5 4 5 3 5 4 7 4 6 4 4 3 8 3 6 2 8 3 9 3 8 3 8 2 11 3 10 0 0 0 0 0 0 0 0 0 0 ]
51,1783415870.760549,9.3600,-81,CSI_DATA,AP,98:F4:AB:29:67:94,-81,11,1,3,1,1,1,1,0,0,0,-96,1,6,1,34349307,0,84,0,0,34.7325,384,[84 -64 4 0 0 0 0 0 0 0 0 0 18 5 19 3 17 4 17 6 14 4 16 3 14 1 14 4 16 2 15 1 14 1 16 1 14 2 13 2 13 0 13 1 12 -1 12 -2 12 1 10 1 12 1 11 0 8 -1 10 0 10 -1 8 1 0 0 6 1 9 0 7 0 8 0 7 0 6 2 6 3 8 0 5 2 7 4 6 3 5 3 7 2 4 4 6 7 5 5 7 10 4 6 5 7 5 7 4 9 5 10 3 10 5 9 7 10 6 12 0 0 0 0 0 0 0 0 0 0 ]
52,1783415870.881037,10.0484,-80,CSI_DATA,AP,98:F4:AB:29:67:94,-80,11,1,2,1,1,1,1,0,0,0,-96,1,6,1,34440175,0,84,0,0,34.8233,384,[84 -64 4 0 0 0 0 0 0 0 0 0 14 17 14 13 14 14 12 13 13 14 9 12 9 11 8 11 10 8 12 11 11 8 12 11 11 8 12 7 10 6 13 8 11 7 11 5 9 7 11 4 9 4 10 2 9 5 10 5 10 3 9 3 0 0 7 2 8 4 7 3 8 4 5 4 6 3 7 6 6 5 6 5 6 4 5 5 5 5 4 6 4 5 4 8 5 5 2 9 2 7 2 9 3 10 0 9 3 11 1 12 1 14 -1 12 -1 13 0 0 0 0 0 0 0 0 0 0 ]
53,1783415871.001902,8.5843,-83,CSI_DATA,AP,98:F4:AB:29:67:94,-83,11,1,3,1,1,1,1,0,0,0,-96,1,6,1,34530047,0,84,0,0,34.9132,384,[84 -64 4 0 0 0 0 0 0 0 0 0 17 9 15 10 15 10 12 8 11 8 11 8 10 8 11 7 11 6 11 5 9 3 11 4 9 4 10 3 8 3 9 4 10 1 8 0 7 0 11 3 9 0 7 1 5 1 7 1 7 1 6 0 0 0 5 -1 5 1 7 1 5 -1 2 1 6 0 5 2 3 2 3 0 3 0 3 2 4 1 2 0 3 3 2 3 1 3 0 4 1 7 0 4 0 5 1 8 1 7 -1 9 0 9 1 8 -2 9 0 0 0 0 0 0 0 0 0 0 ]
54,1783415871.123175,6.2886,-83,CSI_DATA,AP,98:F4:AB:29:67:94,-83,11,1,3,1,1,1,1,0,0,0,-96,1,6,1,34619764,0,84,0,0,35.0028,384,[84 -64 4 0 0 0 0 0 0 0 0 0 20 14 14 15 14 12 16 11 11 10 11 9 14 8 13 8 11 8 10 9 12 6 11 6 10 4 10 4 9 3 10 2 7 3 10 2 8 1 7 0 9 1 6 0 6 2 6 -1 5 -1 6 0 0 0 7 -2 4 -1 5 0 3 0 4 0 2 0 2 0 3 -2 1 -1 2 1 4 0 2 0 4 0 2 1 3 3 5 2 4 2 4 3 5 2 6 4 4 6 4 3 4 5 7 5 9 5 8 7 0 0 0 0 0 0 0 0 0 0 ]
55,1783415871.241973,8.8837,-80,CSI_DATA,AP,98:F4:AB:29:67:94,-80,11,1,3,1,1,1,1,0,0,0,-96,1,6,1,34713850,0,84,0,0,35.097,384,[84 -64 4 0 0 0 0 0 0 0 0 0 -6 21 -6 19 -7 22 -7 19 -7 21 -3 17 -7 15 -6 13 -7 16 -4 16 -5 13 -4 15 -3 14 -3 13 -4 12 -4 15 -4 12 -2 12 -4 10 -3 10 -3 10 -3 11 0 9 -2 10 -5 11 -1 9 0 0 -2 8 -4 9 -4 7 -1 8 -2 7 -2 5 -3 6 -4 4 -3 5 -5 8 -5 7 -5 5 -4 3 -5 5 -6 6 -7 6 -8 5 -7 5 -9 4 -9 4 -10 4 -11 5 -11 6 -13 6 -11 6 -13 7 0 0 0 0 0 0 0 0 0 0 ]
56,1783415871.365168,9.3285,-81,CSI_DATA,AP,98:F4:AB:29:67:94,-81,11,1,3,1,1,1,1,0,0,0,-96,1,6,1,34799800,0,84,0,0,35.183,384,[84 -64 4 0 0 0 0 0 0 0 0 0 9 20 9 17 8 18 8 15 8 15 7 14 7 15 8 14 5 14 6 14 8 12 7 13 7 12 7 11 7 12 9 11 7 12 7 10 5 9 8 10 7 9 7 7 5 8 5 9 6 8 5 8 0 0 6 8 4 8 5 6 4 9 3 8 3 5 5 4 1 5 2 4 0 7 3 5 1 6 -1 8 1 5 1 6 1 7 0 8 -1 9 -1 9 -1 11 -2 8 -2 10 -5 12 -4 13 -4 13 -3 12 0 0 0 0 0 0 0 0 0 0 ]
57,1783415871.486605,8.9078,-81,CSI_DATA,AP,98:F4:AB:29:67:94,-81,11,1,3,1,1,1,1,0,0,0,-96,1,6,1,34888314,0,84,0,0,35.2715,384,[84 -64 4 0 0 0 0 0 0 0 0 0 15 10 14 10 16 7 14 8 12 9 11 8 13 9 12 6 12 8 11 5 12 4 11 3 12 4 10 3 11 2 12 4 12 2 9 1 8 0 9 2 9 2 8 2 9 1 8 -1 7 3 7 2 0 0 7 1 7 2 8 3 4 0 4 0 6 0 7 0 4 3 5 3 4 1 5 2 5 3 6 3 6 4 4 4 4 4 5 5 6 5 5 5 7 6 5 6 5 8 7 7 4 8 4 9 3 9 0 0 0 0 0 0 0 0 0 0 ]
58,1783415871.608027,9.4222,-78,CSI_DATA,AP,98:F4:AB:29:67:94,-78,11,1,0,1,1,1,1,0,0,0,-96,1,6,1,34982628,0,84,0,0,35.3658,384,[84 -64 4 0 0 0 0 0 0 0 0 0 20 -6 18 -6 19 -6 19 -6 17 -4 16 -4 16 -4 14 -3 13 -4 14 -5 13 -4 12 -6 11 -6 13 -6 10 -4 11 -5 10 -6 10 -5 9 -3 9 -6 8 -4 9 -4 6 -4 6 -5 8 -5 6 -4 0 0 5 -4 6 -4 6 -4 5 -4 4 -2 5 -3 5 -3 4 -2 5 -2 4 -2 4 -3 5 -3 5 -2 5 -2 6 0 6 0 6 -1 6 1 7 0 6 1 7 1 7 2 9 2 9 3 9 3 8 4 0 0 0 0 0 0 0 0 0 0 ]
59,1783415871.728430,9.9001,-81,CSI_DATA,AP,98:F4:AB:29:67:94,-81,11,1,3,1,1,1,1,0,0,0,-96,1,6,1,35072004,0,84,0,0,35.4552,384,[84 -64 4 0 0 0 0 0 0 0 0 0 8 -17 6 -16 8 -17 8 -16 7 -14 6 -15 5 -12 7 -12 4 -15 6 -13 6 -15 4 -13 5 -12 4 -12 2 -12 1 -14 2 -11 0 -12 1 -10 2 -10 0 -9 0 -12 1 -8 0 -9 2 -10 1 -9 0 0 0 -9 0 -8 0 -10 1 -8 2 -8 1 -8 -1 -7 1 -7 1 -4 0 -9 1 -4 -1 -6 1 -6 3 -6 2 -5 0 -7 4 -6 5 -5 6 -6 5 -6 5 -6 6 -7 9 -7 8 -6 7 -7 8 -6 0 0 0 0 0 0 0 0 0 0 ]
60,1783415871.851553,10.9856,-83,CSI_DATA,AP,98:F4:AB:29:67:94,-83,11,1,3,1,1,1,1,0,0,0,-96,1,6,1,35162917,0,84,0,0,35.5461,384,[84 -64 4 0 0 0 0 0 0 0 0 0 12 -12 10 -8 14 -12 10 -8 10 -12 7 -8 8 -9 7 -8 5 -9 7 -10 6 -11 5 -11 4 -11 4 -12 3 -10 3 -11 2 -8 1 -12 3 -11 3 -10 3 -12 2 -9 2 -9 2 -8 2 -11 4 -6 0 0 3 -10 1 -9 2 -6 1 -9 2 -5 1 -9 2 -7 1 -6 1 -7 1 -6 0 -6 0 -6 2 -7 2 -4 1 -7 4 -6 6 -6 5 -5 5 -3 6 -4 7 -4 6 -4 8 -3 6 -4 7 -3 8 -5 0 0 0 0 0 0 0 0 0 0 ]
61,1783415871.971688,9.3929,-81,CSI_DATA,AP,98:F4:AB:29:67:94,-81,11,1,2,1,1,1,0,0,0,0,-96,0,6,1,35251533,0,84,0,0,35.6347,384,[84 -64 4 0 0 0 0 0 0 0 0 0 10 -12 11 -11 9 -11 8 -9 9 -10 8 -9 8 -9 8 -7 5 -10 6 -8 4 -8 7 -8 4 -10 4 -7 5 -7 3 -6 4 -8 3 -8 4 -7 2 -5 2 -7 2 -6 3 -5 2 -7 2 -7 2 -6 0 0 2 -6 1 -6 3 -5 1 -4 0 -4 2 -3 2 -3 1 -4 1 -3 3 -4 2 -2 2 -1 3 -3 2 -3 4 -2 4 -1 4 -2 2 -1 4 0 6 -1 4 0 5 1 5 2 7 1 6 3 7 2 0 0 0 0 0 0 0 0 0 0 ]
62,1783415872.093692,7.2785,-82,CSI_DATA,AP,98:F4:AB:29:67:94,-82,11,1,2,1,1,1,0,0,0,0,-96,0,6,1,35345380,0,84,0,0,35.7286,384,[84 -64 4 0 0 0 0 0 0 0 0 0 17 -12 17 -8 18 -9 15 -7 14 -9 12 -6 13 -7 11 -6 12 -6 10 -7 7 -7 8 -7 6 -9 6 -8 8 -7 6 -7 5 -7 5 -8 3 -6 3 -6 3 -8 3 -6 2 -8 2 -6 1 -6 1 -5 0 0 1 -6 2 -6 0 -3 0 -6 0 -3 1 -4 2 -4 2 -3 0 -4 -1 -3 -2 -3 0 -3 2 -2 1 -2 3 -2 3 -2 3 -2 4 -1 4 0 3 -1 3 -1 5 -1 5 -2 6 -1 6 0 7 -1 0 0 0 0 0 0 0 0 0 0 ]
63,1783415872.214496,4.0713,-83,CSI_DATA,AP,98:F4:AB:29:67:94,-83,11,1,2,1,1,1,0,0,0,0,-96,0,6,1,35439445,0,84,0,0,35.8225,384,[84 -64 4 0 0 0 0 0 0 0 0 0 19 5 19 8 18 7 16 6 15 6 10 6 13 6 12 2 11 3 8 2 9 1 10 0 9 1 8 1 7 0 8 -1 7 -1 6 -2 7 -2 8 -3 4 -2 4 -2 3 -4 5 -1 2 -3 1 -3 0 0 2 -2 2 -3 3 -3 1 -3 2 -3 0 -1 2 -1 -1 -1 1 -1 1 -2 -1 -1 1 0 0 -1 1 -2 2 0 1 1 2 -2 2 1 3 1 2 1 4 2 4 2 5 0 4 2 6 1 6 3 0 0 0 0 0 0 0 0 0 0 ]
64,1783415872.337245,4.5386,-83,CSI_DATA,AP,98:F4:AB:29:67:94,-83,11,1,4,1,1,1,0,0,0,0,-96,0,6,1,35518220,0,84,0,0,35.9014,384,[84 -64 4 0 0 0 0 0 0 0 0 0 -24 -1 -24 -1 -22 -2 -19 -1 -20 -1 -16 -2 -18 -2 -16 -1 -14 -1 -16 -3 -11 -3 -13 -1 -13 0 -11 0 -11 2 -11 1 -10 0 -10 0 -7 0 -8 0 -7 0 -7 1 -6 -1 -5 0 -7 -1 -5 0 0 0 -4 -1 -5 0 -4 1 -3 0 -5 -2 -3 -2 -4 -2 -3 -1 -3 0 -2 -1 -1 -1 -4 -1 -1 -2 -4 -3 -5 -2 -4 -3 -5 -3 -4 -5 -5 -5 -4 -6 -5 -7 -4 -6 -6 -7 -8 -8 -8 -8 -7 -9 0 0 0 0 0 0 0 0 0 0 ]
65,1783415872.459730,5.5709,-81,CSI_DATA,AP,98:F4:AB:29:67:94,-81,11,1,4,1,1,1,0,0,0,0,-96,0,6,1,35608174,0,84,0,0,35.9913,384,[84 -64 4 0 0 0 0 0 0 0 0 0 -8 -24 -6 -21 -6 -22 -4 -21 -6 -20 -5 -17 -5 -19 -5 -17 -5 -16 -3 -17 -6 -16 -6 -13 -4 -14 -5 -12 -3 -11 -4 -12 -4 -11 -7 -8 -4 -8 -4 -10 -2 -9 -5 -8 -3 -7 -4 -9 -4 -5 -4 -7 0 0 -2 -8 -3 -6 -1 -7 -2 -6 -1 -5 0 -7 -1 -3 -1 -3 1 -5 1 -5 -1 -4 0 -5 0 -8 3 -7 1 -7 1 -5 2 -8 2 -8 3 -7 3 -7 1 -10 3 -9 4 -14 2 -11 4 -11 2 -9 0 0 0 0 0 0 0 0 0 0 ]
66,1783415872.583783,5.9952,-79,CSI_DATA,AP,98:F4:AB:29:67:94,-79,11,1,2,1,1,1,0,0,0,0,-96,0,6,1,35699066,0,84,0,0,36.0823,384,[84 -64 4 0 0 0 0 0 0 0 0 0 20 1 19 4 20 2 18 3 19 1 15 2 15 4 15 4 15 3 13 2 13 2 12 0 14 0 14 0 12 0 11 -1 11 0 11 -1 9 0 10 0 9 -2 7 -2 8 -1 7 -2 7 -1 6 0 0 0 7 -2 7 -1 7 -1 8 0 4 0 4 1 3 0 5 0 3 0 4 0 4 -1 6 1 4 2 6 1 7 2 5 2 7 3 7 3 8 3 8 3 7 4 6 3 8 2 9 2 9 3 10 2 0 0 0 0 0 0 0 0 0 0 ]
67,1783415872.705645,6.5370,-79,CSI_DATA,AP,98:F4:AB:29:67:94,-79,11,1,4,1,1,1,0,0,0,0,-96,0,6,1,35787848,0,84,0,0,36.171,384,[84 -64 4 0 0 0 0 0 0 0 0 0 -2 -25 1 -23 -2 -23 -1 -22 -2 -21 1 -18 -1 -19 0 -17 -2 -18 1 -17 0 -17 -2 -17 -4 -15 -3 -16 -3 -14 -6 -16 -3 -15 -4 -14 -5 -13 -4 -11 -3 -13 -4 -12 -4 -10 -4 -11 -3 -11 -2 -9 0 0 -4 -11 -2 -7 -4 -8 -2 -9 -2 -7 -3 -8 -3 -8 -3 -8 -1 -6 -1 -7 -2 -8 -2 -5 -2 -7 -2 -9 -2 -8 -1 -10 -1 -9 -1 -9 1 -11 1 -11 -1 -10 0 -12 1 -11 1 -13 0 -13 1 -15 0 0 0 0 0 0 0 0 0 0 ]
68,1783415872.826942,9.1817,-79,CSI_DATA,AP,98:F4:AB:29:67:94,-79,11,1,4,1,1,1,0,0,0,0,-96,0,6,1,35880431,0,84,0,0,36.2636,384,[84 -64 4 0 0 0 0 0 0 0 0 0 16 -11 17 -10 17 -11 15 -9 14 -10 14 -9 13 -9 14 -8 13 -9 12 -8 12 -10 11 -10 12 -9 9 -8 9 -9 10 -10 7 -9 8 -9 9 -8 7 -7 8 -9 7 -9 6 -7 7 -6 6 -8 6 -8 0 0 5 -7 6 -5 6 -6 6 -6 4 -5 6 -6 4 -5 5 -5 5 -5 5 -5 4 -4 5 -5 6 -5 5 -4 5 -4 6 -5 9 -4 7 -4 8 -3 8 -2 8 -2 7 -2 9 -4 9 -4 9 -3 11 -3 0 0 0 0 0 0 0 0 0 0 ]
69,1783415872.950103,11.6341,-77,CSI_DATA,AP,98:F4:AB:29:67:94,-77,11,1,2,1,1,1,0,0,0,0,-96,0,6,1,35971072,0,84,0,0,36.3543,384,[84 -64 4 0 0 0 0 0 0 0 0 0 8 -20 9 -18 8 -18 8 -18 8 -17 5 -16 7 -14 8 -15 5 -16 6 -14 5 -14 5 -13 4 -14 5 -14 4 -13 4 -14 3 -13 2 -14 3 -12 2 -12 2 -12 3 -12 2 -11 1 -11 3 -11 3 -11 0 0 1 -10 2 -10 3 -10 0 -9 2 -8 3 -7 3 -7 2 -8 2 -7 3 -6 2 -6 2 -7 2 -6 2 -6 3 -8 4 -7 5 -6 4 -8 6 -8 6 -7 5 -7 6 -7 7 -8 6 -8 9 -8 8 -10 0 0 0 0 0 0 0 0 0 0 ]
70,1783415873.071101,12.1378,-80,CSI_DATA,AP,98:F4:AB:29:67:94,-80,11,1,4,1,1,1,0,0,0,0,-96,0,6,1,36057708,0,84,0,0,36.4409,384,[84 -64 4 0 0 0 0 0 0 0 0 0 -3 -20 -2 -19 -2 -22 -2 -17 -1 -18 -4 -16 -2 -17 -3 -15 -1 -16 -4 -16 -3 -14 -3 -13 -2 -12 -6 -14 -5 -12 -5 -12 -3 -12 -5 -12 -5 -9 -3 -10 -4 -10 -5 -10 -5 -9 -4 -10 -2 -10 -2 -10 0 0 -4 -9 -3 -8 -4 -8 -4 -7 -2 -8 -2 -8 -3 -8 -2 -7 -3 -7 -1 -5 -4 -7 -2 -6 -1 -7 -2 -7 -1 -8 0 -8 0 -10 0 -8 0 -9 0 -9 -1 -10 0 -9 1 -10 0 -11 0 -11 0 -11 0 0 0 0 0 0 0 0 0 0 ]
71,1783415873.193177,10.8106,-79,CSI_DATA,AP,98:F4:AB:29:67:94,-79,11,1,4,1,1,1,0,0,0,0,-96,0,6,1,36151720,0,84,0,0,36.5348,384,[84 -64 4 0 0 0 0 0 0 0 0 0 23 6 22 5 22 6 20 6 22 7 16 4 17 6 16 5 16 4 16 3 14 2 14 4 14 3 15 0 11 2 14 -1 12 1 14 0 8 2 14 1 11 2 10 1 9 1 9 2 9 0 9 0 0 0 8 -1 9 0 6 0 6 -1 5 1 6 2 7 0 5 1 5 0 6 0 7 2 7 1 6 0 6 1 8 2 7 3 9 2 8 3 8 4 6 6 8 4 8 5 11 6 11 5 9 5 11 6 0 0 0 0 0 0 0 0 0 0 ]
72,1783415873.315517,10.4960,-79,CSI_DATA,AP,98:F4:AB:29:67:94,-79,11,1,4,1,1,1,0,0,0,0,-96,0,6,1,36240169,0,84,0,0,36.6233,384,[84 -64 4 0 0 0 0 0 0 0 0 0 -8 -21 -7 -20 -7 -23 -9 -21 -8 -20 -6 -16 -8 -16 -7 -17 -8 -16 -10 -18 -4 -17 -5 -14 -8 -13 -8 -15 -6 -11 -8 -13 -8 -13 -6 -11 -7 -11 -8 -12 -7 -11 -7 -12 -6 -10 -6 -8 -5 -9 -6 -8 0 0 -5 -7 -6 -8 -6 -7 -3 -5 -6 -7 -3 -6 -3 -6 -2 -6 -1 -4 -3 -6 -3 -7 -3 -4 -3 -7 -4 -5 -4 -8 -4 -7 -3 -10 -4 -9 -4 -11 -1 -11 1 -10 0 -13 -2 -12 -1 -11 -3 -12 -2 -11 0 0 0 0 0 0 0 0 0 0 ]
73,1783415873.438797,9.8448,-78,CSI_DATA,AP,98:F4:AB:29:67:94,-78,11,1,4,1,1,1,0,0,0,0,-96,0,6,1,36330747,0,84,0,0,36.7139,384,[84 -64 4 0 0 0 0 0 0 0 0 0 -17 13 -16 12 -16 12 -14 10 -15 11 -11 11 -14 10 -10 8 -13 9 -11 8 -11 10 -9 10 -10 10 -11 10 -9 9 -10 9 -10 9 -6 7 -9 8 -8 7 -6 7 -8 9 -7 9 -6 6 -7 7 -6 7 0 0 -6 7 -5 6 -5 7 -5 6 -5 5 -4 5 -7 5 -5 4 -7 4 -6 4 -6 4 -5 4 -6 3 -7 4 -7 3 -6 3 -7 4 -7 2 -9 2 -9 2 -9 2 -10 4 -9 3 -10 3 -12 4 -11 3 0 0 0 0 0 0 0 0 0 0 ]
74,1783415873.561067,10.0695,-79,CSI_DATA,AP,98:F4:AB:29:67:94,-79,11,1,4,1,1,1,0,0,0,0,-96,0,6,1,36419923,0,84,0,0,36.8031,384,[84 -64 4 0 0 0 0 0 0 0 0 0 -19 5 -18 4 -19 5 -19 6 -17 5 -16 4 -17 3 -16 4 -15 4 -15 5 -15 4 -15 5 -13 6 -13 4 -12 4 -13 4 -11 3 -11 6 -11 5 -10 5 -11 6 -8 4 -10 5 -10 3 -9 5 -9 5 0 0 -7 6 -8 3 -10 1 -8 3 -7 4 -7 4 -8 1 -7 2 -7 1 -7 2 -5 2 -7 1 -7 3 -8 3 -8 3 -8 1 -9 2 -9 1 -8 0 -10 1 -10 0 -9 0 -10 -1 -10 -1 -13 -1 -10 -1 0 0 0 0 0 0 0 0 0 0 ]
75,1783415873.683306,9.6804,-79,CSI_DATA,AP,98:F4:AB:29:67:94,-79,11,1,4,1,1,1,0,0,0,0,-96,0,6,1,36508085,0,84,0,0,36.8912,384,[84 -64 4 0 0 0 0 0 0 0 0 0 5 -20 3 -17 2 -19 5 -16 6 -19 6 -15 3 -16 4 -16 4 -16 4 -14 4 -14 3 -16 -1 -13 2 -13 2 -12 2 -14 0 -12 1 -13 1 -11 2 -10 1 -11 2 -11 2 -11 2 -10 1 -10 2 -8 0 0 3 -8 3 -9 2 -7 1 -8 3 -8 2 -8 3 -7 2 -7 3 -6 4 -7 1 -7 2 -6 1 -5 4 -5 4 -7 4 -5 7 -8 4 -6 6 -6 7 -5 6 -5 8 -5 8 -3 9 -6 10 -6 9 -5 0 0 0 0 0 0 0 0 0 0 ]
76,1783415873.806460,9.6010,-81,CSI_DATA,AP,98:F4:AB:29:67:94,-81,11,1,4,1,1,1,0,0,0,0,-96,0,6,1,36599492,0,84,0,0,36.9827,384,[84 -64 4 0 0 0 0 0 0 0 0 0 22 0 19 0 22 1 19 1 19 1 18 -1 16 2 16 1 16 2 15 0 16 -1 14 0 14 -2 13 -2 12 -2 13 -2 10 -2 13 -1 11 -2 11 -1 12 -3 9 -3 11 -3 10 -2 8 -1 8 -2 0 0 8 -2 8 -3 9 -1 6 -3 5 -1 7 -1 5 -3 6 -1 4 1 4 0 4 -2 5 1 6 0 4 0 10 1 6 -1 8 -1 6 0 10 2 7 2 9 3 10 2 12 3 11 1 11 4 9 3 0 0 0 0 0 0 0 0 0 0 ]
77,1783415873.930818,9.6925,-79,CSI_DATA,AP,98:F4:AB:29:67:94,-79,11,1,4,1,1,1,0,0,0,0,-96,0,6,1,36689295,0,84,0,0,37.0725,384,[84 -64 4 0 0 0 0 0 0 0 0 0 17 -16 17 -14 18 -15 17 -13 16 -14 15 -11 13 -12 15 -12 13 -10 14 -10 11 -11 12 -12 10 -11 8 -10 11 -9 10 -12 9 -10 10 -10 6 -11 7 -10 8 -10 7 -7 7 -7 7 -10 6 -10 5 -10 0 0 4 -7 4 -8 4 -6 4 -7 3 -5 4 -7 5 -7 5 -6 3 -4 5 -7 6 -5 4 -3 5 -6 6 -5 5 -4 5 -6 7 -3 8 -5 8 -7 8 -4 7 -4 9 -4 9 -5 10 -6 9 -7 10 -5 0 0 0 0 0 0 0 0 0 0 ]
78,1783415874.053618,10.0266,-79,CSI_DATA,AP,98:F4:AB:29:67:94,-79,11,1,4,1,1,1,0,0,0,0,-96,0,6,1,36782346,0,84,0,0,37.1655,384,[84 -64 4 0 0 0 0 0 0 0 0 0 7 18 6 15 7 16 9 16 7 16 6 16 7 14 5 14 5 12 6 12 9 12 7 12 8 11 7 12 7 10 6 13 5 11 4 10 5 10 5 9 6 10 5 7 6 8 7 8 4 9 5 7 0 0 4 6 3 8 3 7 2 6 1 4 2 5 1 6 1 6 2 6 0 5 3 5 1 6 1 6 2 6 1 7 -1 9 0 8 -2 8 -1 8 0 8 0 9 -2 9 -3 8 -3 8 -1 10 -2 10 0 0 0 0 0 0 0 0 0 0 ]
79,1783415874.175997,10.1538,-79,CSI_DATA,AP,98:F4:AB:29:67:94,-79,11,1,4,1,1,1,0,0,0,0,-96,0,6,1,36871298,0,84,0,0,37.2544,384,[84 -64 4 0 0 0 0 0 0 0 0 0 -19 -2 -20 -3 -20 -4 -19 -3 -19 -4 -18 -2 -17 -1 -15 -1 -14 -2 -15 -2 -13 -2 -16 0 -14 -1 -14 -1 -13 0 -13 0 -12 0 -11 0 -11 -2 -11 0 -12 1 -10 1 -9 -1 -10 -1 -10 0 -9 -1 0 0 -8 0 -9 0 -7 1 -8 -1 -7 -1 -7 -2 -8 -1 -7 0 -6 -2 -6 -1 -8 -2 -6 -2 -7 -2 -7 -2 -6 -2 -6 -3 -6 -5 -6 -5 -8 -5 -8 -6 -9 -6 -8 -6 -7 -6 -8 -7 -9 -7 -8 -8 0 0 0 0 0 0 0 0 0 0 ]
80,1783415874.298060,9.9367,-79,CSI_DATA,AP,98:F4:AB:29:67:94,-79,11,1,4,1,1,1,0,0,0,0,-96,0,6,1,36959460,0,84,0,0,37.3426,384,[84 -64 4 0 0 0 0 0 0 0 0 0 7 21 5 19 7 21 5 19 5 21 5 17 4 17 5 17 6 14 5 15 5 15 7 15 7 14 4 14 5 11 6 12 4 13 4 11 5 9 5 11 3 11 5 9 4 7 2 11 3 8 3 8 0 0 3 7 3 7 2 7 3 8 1 8 1 5 2 7 1 5 3 5 0 5 0 7 1 6 1 6 -1 7 1 7 0 7 0 10 1 8 -3 7 -1 10 -3 8 -3 10 -2 12 -4 10 -3 9 -3 11 0 0 0 0 0 0 0 0 0 0 ]
81,1783415874.422263,9.3781,-78,CSI_DATA,AP,98:F4:AB:29:67:94,-78,11,1,2,1,1,1,0,0,0,0,-96,0,6,1,37048834,0,84,0,0,37.432,384,[84 -64 4 0 0 0 0 0 0 0 0 0 -16 11 -17 9 -16 12 -16 10 -15 11 -12 9 -13 9 -14 7 -13 9 -14 8 -11 10 -10 9 -12 10 -11 9 -12 8 -10 8 -10 8 -8 8 -8 7 -9 6 -9 6 -8 6 -8 5 -6 6 -6 7 -7 6 0 0 -7 5 -6 5 -6 6 -5 4 -6 4 -7 2 -5 4 -6 3 -6 2 -6 2 -6 3 -6 2 -7 2 -7 2 -7 2 -8 2 -8 1 -9 1 -9 -1 -9 -2 -11 -1 -11 -2 -11 1 -11 1 -12 0 -12 0 0 0 0 0 0 0 0 0 0 0 ]
82,1783415874.545479,9.2577,-80,CSI_DATA,AP,98:F4:AB:29:67:94,-80,11,1,4,1,1,1,0,0,0,0,-96,0,6,1,37142469,0,84,0,0,37.5256,384,[84 -64 4 0 0 0 0 0 0 0 0 0 10 -21 9 -20 10 -21 8 -19 8 -18 9 -18 9 -16 6 -15 6 -16 7 -15 5 -17 7 -15 5 -15 4 -13 4 -13 4 -14 3 -13 3 -12 3 -11 1 -11 2 -14 1 -12 2 -10 3 -10 2 -9 2 -11 0 0 1 -8 1 -9 0 -7 1 -10 3 -8 2 -6 4 -7 3 -5 3 -6 4 -8 2 -6 2 -6 3 -6 4 -7 5 -5 3 -5 4 -7 6 -6 6 -6 6 -6 7 -5 7 -6 8 -6 9 -8 11 -7 10 -7 0 0 0 0 0 0 0 0 0 0 ]
83,1783415874.669600,8.9190,-79,CSI_DATA,AP,98:F4:AB:29:67:94,-79,11,1,4,1,1,1,0,0,0,0,-96,0,6,1,37230219,0,84,0,0,37.6134,384,[84 -64 4 0 0 0 0 0 0 0 0 0 16 11 16 12 15 11 14 10 13 9 12 7 13 10 12 9 12 6 12 8 13 7 12 7 12 6 11 4 11 5 11 4 12 5 9 4 9 4 9 4 8 4 9 5 8 3 9 3 8 4 7 4 0 0 6 3 6 3 7 2 6 2 5 3 5 2 5 2 4 4 4 3 5 3 4 3 5 4 4 3 5 4 3 5 4 5 5 6 4 6 4 7 5 7 5 8 4 6 4 8 4 8 3 8 5 9 0 0 0 0 0 0 0 0 0 0 ]
84,1783415874.792272,9.8711,-77,CSI_DATA,AP,98:F4:AB:29:67:94,-77,11,1,2,1,1,1,0,0,0,0,-96,0,6,1,37324979,0,84,0,0,37.7082,384,[84 -64 4 0 0 0 0 0 0 0 0 0 -17 -12 -15 -11 -16 -15 -15 -10 -16 -11 -13 -10 -13 -8 -14 -9 -16 -9 -12 -9 -12 -9 -13 -8 -11 -9 -15 -7 -12 -6 -15 -6 -12 -5 -13 -6 -10 -5 -13 -3 -12 -5 -11 -5 -10 -5 -9 -5 -10 -4 -7 -4 0 0 -8 -4 -10 -2 -6 -3 -8 -3 -7 -3 -7 -4 -7 -4 -5 -3 -8 -4 -6 -5 -7 -3 -7 -3 -6 -5 -6 -5 -8 -4 -7 -5 -6 -7 -5 -7 -6 -6 -7 -9 -8 -6 -7 -9 -8 -9 -9 -9 -9 -9 -8 -10 0 0 0 0 0 0 0 0 0 0 ]
85,1783415874.916847,10.3010,-79,CSI_DATA,AP,98:F4:AB:29:67:94,-79,11,1,4,1,1,1,0,0,0,0,-96,0,6,1,37409034,0,84,0,0,37.7922,384,[84 -64 4 0 0 0 0 0 0 0 0 0 -23 -10 -22 -9 -19 -10 -21 -11 -16 -10 -18 -11 -17 -8 -16 -9 -16 -8 -16 -8 -14 -5 -16 -7 -16 -5 -13 -4 -13 -4 -16 -6 -12 -5 -12 -4 -13 -5 -13 -5 -10 -4 -12 -4 -11 -5 -10 -3 -10 -3 -10 -1 0 0 -11 -3 -9 -4 -8 -2 -8 -1 -7 -4 -7 -4 -7 -4 -6 -3 -7 -4 -6 -4 -9 -3 -6 -2 -8 -3 -8 -5 -7 -5 -6 -6 -9 -7 -9 -8 -6 -7 -7 -6 -6 -7 -7 -8 -8 -8 -7 -9 -8 -9 -9 -10 0 0 0 0 0 0 0 0 0 0 ]
86,1783415875.040056,9.8920,-73,CSI_DATA,AP,98:F4:AB:29:67:94,-73,11,0,0,0,0,0,0,0,0,0,-96,0,6,1,37504722,0,84,0,0,37.888,128,[84 -64 4 0 0 0 0 0 0 0 0 0 -38 16 -37 17 -39 17 -35 16 -35 15 -30 12 -30 11 -29 11 -28 12 -26 12 -26 12 -27 15 -25 13 -24 12 -21 12 -23 14 -20 13 -19 10 -19 10 -17 11 -17 11 -15 11 -16 9 -15 9 -15 9 -16 10 0 0 -14 7 -13 9 -14 8 -13 8 -10 5 -14 6 -11 5 -12 4 -11 4 -11 3 -12 4 -11 4 -14 4 -13 3 -15 1 -15 -1 -19 0 -15 0 -18 -3 -18 -2 -17 -4 -19 -3 -21 -5 -21 -5 -22 -2 -22 -4 0 0 0 0 0 0 0 0 0 0 ]
87,1783415875.163779,10.1510,-80,CSI_DATA,AP,98:F4:AB:29:67:94,-80,11,1,4,1,1,1,0,0,0,0,-96,0,6,1,37594286,0,84,0,0,37.9775,384,[84 -64 4 0 0 0 0 0 0 0 0 0 22 -6 20 -6 20 -5 19 -6 19 -5 18 -5 16 -4 16 -5 17 -5 16 -5 16 -5 16 -3 12 -6 15 -7 11 -5 15 -6 12 -3 14 -4 11 -5 12 -4 10 -4 10 -4 8 -2 9 -3 10 -2 11 -3 0 0 8 -1 9 -3 8 0 7 -2 7 -1 6 -2 5 -1 7 -1 5 -2 6 -1 5 1 6 0 7 1 7 1 9 0 9 0 9 2 9 3 8 3 9 2 8 3 10 4 10 3 10 5 10 3 10 3 0 0 0 0 0 0 0 0 0 0 ]
88,1783415875.287134,9.7145,-79,CSI_DATA,AP,98:F4:AB:29:67:94,-79,11,1,4,1,1,1,0,0,0,0,-96,0,6,1,37678739,0,84,0,0,38.0618,384,[84 -64 4 0 0 0 0 0 0 0 0 0 8 18 5 18 6 19 7 18 7 18 4 15 5 15 5 12 7 12 6 14 7 12 4 12 6 13 8 11 7 11 7 9 5 10 7 9 7 7 6 9 5 8 7 7 5 7 5 7 6 7 6 6 0 0 6 4 4 6 5 4 5 5 5 4 4 5 2 5 2 4 1 4 3 5 2 5 3 4 4 5 4 5 3 7 4 6 3 8 1 7 3 8 3 7 4 6 2 8 2 9 4 10 3 10 3 9 0 0 0 0 0 0 0 0 0 0 ]
89,1783415875.412447,8.2433,-80,CSI_DATA,AP,98:F4:AB:29:67:94,-80,11,1,4,1,1,1,0,0,0,0,-96,0,6,1,37769480,0,84,0,0,38.1526,384,[84 -64 4 0 0 0 0 0 0 0 0 0 -19 7 -18 6 -20 6 -18 6 -17 6 -15 5 -14 7 -14 6 -13 6 -14 6 -14 8 -12 4 -14 7 -13 5 -11 6 -11 6 -12 7 -11 6 -9 4 -8 6 -9 6 -10 5 -10 4 -7 4 -6 4 -7 5 0 0 -8 3 -8 3 -4 4 -7 3 -6 1 -5 2 -4 1 -7 2 -6 1 -7 2 -5 2 -5 3 -6 1 -7 2 -7 1 -8 0 -8 0 -8 -2 -8 -1 -9 0 -8 -1 -9 -2 -10 -1 -11 -1 -10 -2 -11 -2 0 0 0 0 0 0 0 0 0 0 ]
90,1783415875.536270,9.4210,-80,CSI_DATA,AP,98:F4:AB:29:67:94,-80,11,1,4,1,1,1,0,0,0,0,-96,0,6,1,37952538,0,84,0,0,38.3357,384,[84 -64 4 0 0 0 0 0 0 0 0 0 3 -23 2 -20 3 -23 3 -20 2 -21 3 -18 1 -19 0 -14 2 -16 1 -17 0 -16 2 -15 1 -16 2 -16 1 -14 1 -16 -1 -13 -2 -12 -1 -13 0 -13 -1 -11 1 -11 1 -11 -2 -12 0 -11 0 -9 0 0 -2 -8 0 -10 0 -8 -2 -7 2 -9 0 -8 0 -7 1 -8 0 -6 1 -8 0 -7 1 -7 2 -7 2 -7 2 -9 3 -8 2 -9 4 -8 3 -6 4 -8 6 -9 6 -9 7 -11 6 -9 5 -10 7 -11 0 0 0 0 0 0 0 0 0 0 ]
91,1783415875.662072,9.1681,-78,CSI_DATA,AP,98:F4:AB:29:67:94,-78,11,1,2,1,1,1,0,0,0,0,-96,0,6,1,38040396,0,84,0,0,38.4236,384,[84 -64 4 0 0 0 0 0 0 0 0 0 19 6 18 7 19 7 18 6 18 5 13 5 15 4 14 5 15 3 15 7 15 4 14 4 14 3 11 3 12 2 13 1 11 2 12 0 12 2 11 0 9 1 10 2 9 1 9 2 9 2 9 0 0 0 6 0 8 0 7 -1 7 1 7 1 6 1 6 1 6 2 5 0 6 2 6 2 5 2 7 1 5 3 7 2 7 3 6 4 6 5 6 5 7 5 6 7 7 6 6 6 8 7 6 8 8 7 0 0 0 0 0 0 0 0 0 0 ]
92,1783415875.785537,9.8355,-78,CSI_DATA,AP,98:F4:AB:29:67:94,-78,11,1,2,1,1,1,0,0,0,0,-96,0,6,1,38130314,0,84,0,0,38.5136,384,[84 -64 4 0 0 0 0 0 0 0 0 0 -19 -9 -19 -11 -19 -10 -17 -10 -17 -9 -15 -8 -15 -9 -14 -7 -15 -7 -14 -6 -14 -6 -14 -7 -15 -6 -14 -6 -14 -4 -14 -4 -13 -3 -12 -3 -11 -4 -11 -4 -12 -5 -11 -4 -11 -4 -9 -2 -10 -3 -10 -2 0 0 -9 -2 -7 -3 -7 -3 -7 -2 -8 -1 -8 -2 -5 -3 -6 -2 -6 -2 -5 -2 -6 0 -7 -4 -8 -3 -6 -4 -5 -3 -6 -6 -6 -6 -7 -5 -7 -5 -6 -7 -7 -6 -8 -7 -8 -6 -8 -8 -10 -9 -9 -8 0 0 0 0 0 0 0 0 0 0 ]
93,1783415875.910946,9.5651,-79,CSI_DATA,AP,98:F4:AB:29:67:94,-79,11,1,4,1,1,1,0,0,0,0,-96,0,6,1,38221642,0,84,0,0,38.6048,384,[84 -64 4 0 0 0 0 0 0 0 0 0 9 -23 6 -20 8 -20 7 -21 8 -18 7 -17 5 -16 6 -15 5 -17 5 -17 3 -15 4 -16 3 -15 3 -15 2 -13 0 -13 2 -13 0 -13 2 -13 -1 -13 0 -12 0 -12 1 -12 1 -9 1 -9 0 -11 0 0 0 -12 1 -9 2 -10 0 -8 0 -8 0 -9 2 -7 0 -8 1 -9 -1 -8 0 -7 2 -8 3 -7 3 -9 2 -8 2 -8 4 -8 4 -7 2 -9 5 -9 4 -11 6 -10 5 -9 4 -10 5 -9 6 -10 0 0 0 0 0 0 0 0 0 0 ]
94,1783415876.036716,9.6545,-80,CSI_DATA,AP,98:F4:AB:29:67:94,-80,11,1,4,1,1,1,0,0,0,0,-96,0,6,1,38310981,0,84,0,0,38.6942,384,[84 -64 4 0 0 0 0 0 0 0 0 0 -15 18 -11 16 -14 17 -12 17 -13 15 -12 14 -10 13 -10 11 -13 14 -11 12 -9 13 -10 12 -11 13 -9 12 -7 11 -8 12 -7 11 -8 9 -8 9 -8 7 -9 12 -6 9 -7 8 -6 6 -7 6 -6 6 0 0 -6 7 -5 5 -5 5 -5 5 -6 5 -6 4 -5 3 -6 2 -5 5 -5 4 -6 4 -6 4 -8 3 -8 4 -8 3 -9 3 -9 3 -9 1 -10 1 -11 2 -9 0 -13 2 -10 1 -11 2 -12 0 -13 2 0 0 0 0 0 0 0 0 0 0 ]
95,1783415876.162546,9.0882,-79,CSI_DATA,AP,98:F4:AB:29:67:94,-79,11,1,4,1,1,1,0,0,0,0,-96,0,6,1,38399990,0,84,0,0,38.7831,384,[84 -64 4 0 0 0 0 0 0 0 0 0 15 16 11 12 14 13 10 10 13 10 11 11 11 12 11 10 11 10 10 11 11 8 10 9 9 8 9 8 8 8 8 9 9 6 9 7 7 5 8 7 8 7 8 5 7 6 5 4 7 5 2 4 0 0 5 5 6 4 4 3 4 5 5 2 3 5 3 4 5 4 4 4 5 4 4 5 2 5 3 6 2 6 5 5 2 5 3 7 3 7 2 6 2 6 1 8 3 10 1 9 1 10 1 10 2 10 0 0 0 0 0 0 0 0 0 0 ]
96,1783415876.286088,9.5413,-80,CSI_DATA,AP,98:F4:AB:29:67:94,-80,11,1,4,1,1,1,0,0,0,0,-96,0,6,1,38487844,0,84,0,0,38.871,384,[84 -64 4 0 0 0 0 0 0 0 0 0 -23 -1 -22 0 -22 0 -24 -1 -21 -1 -21 -1 -18 -1 -18 0 -18 0 -18 0 -17 1 -16 1 -16 1 -15 1 -15 0 -16 0 -13 -1 -12 0 -14 2 -11 2 -13 -1 -13 0 -10 0 -11 1 -10 2 -10 1 0 0 -6 0 -8 1 -8 2 -7 0 -8 -2 -6 -3 -7 -2 -7 0 -7 0 -8 -1 -8 0 -8 -1 -7 -2 -8 0 -7 -4 -8 -2 -8 -2 -10 -4 -9 -3 -10 -6 -11 -4 -10 -7 -10 -5 -13 -6 -10 -5 -12 -7 0 0 0 0 0 0 0 0 0 0 ]
97,1783415876.411884,10.2421,-80,CSI_DATA,AP,98:F4:AB:29:67:94,-80,11,1,4,1,1,1,0,0,0,0,-96,0,6,1,38580905,0,84,0,0,38.9641,384,[84 -64 4 0 0 0 0 0 0 0 0 0 -17 14 -15 12 -14 14 -14 10 -15 12 -13 9 -13 11 -11 9 -12 10 -12 9 -12 9 -11 9 -9 9 -8 11 -9 8 -9 9 -9 9 -8 9 -8 7 -7 9 -8 5 -8 8 -5 7 -8 6 -8 7 -6 6 0 0 -5 6 -5 5 -5 5 -3 5 -4 6 -5 3 -5 2 -5 3 -3 4 -5 4 -3 3 -5 3 -5 4 -7 4 -6 5 -7 2 -7 3 -6 3 -9 4 -7 3 -9 3 -10 3 -11 4 -12 3 -10 4 -11 3 0 0 0 0 0 0 0 0 0 0 ]
98,1783415876.536161,9.6471,-80,CSI_DATA,AP,98:F4:AB:29:67:94,-80,11,1,4,1,1,1,0,0,0,0,-96,0,6,1,38668419,0,84,0,0,39.0516,384,[84 -64 4 0 0 0 0 0 0 0 0 0 19 -13 16 -12 20 -13 17 -9 19 -10 14 -9 12 -10 15 -10 12 -11 16 -10 13 -9 12 -9 12 -8 11 -9 9 -7 12 -12 7 -8 10 -11 7 -10 7 -10 9 -9 8 -9 8 -9 7 -8 6 -7 6 -7 0 0 7 -7 5 -7 4 -6 5 -9 5 -5 4 -5 3 -4 3 -5 6 -5 3 -5 4 -6 4 -4 5 -5 6 -3 6 -4 7 -4 8 -4 6 -3 7 -4 8 0 9 -1 9 -5 10 -2 10 -6 11 -3 11 -3 0 0 0 0 0 0 0 0 0 0 ]
99,1783415876.662228,9.6314,-79,CSI_DATA,AP,98:F4:AB:29:67:94,-79,11,1,4,1,1,1,0,0,0,0,-96,0,6,1,38760204,0,84,0,0,39.1434,384,[84 -64 4 0 0 0 0 0 0 0 0 0 10 -17 9 -15 11 -17 9 -14 10 -14 8 -14 10 -14 7 -15 6 -14 8 -14 6 -14 6 -13 6 -12 7 -13 4 -13 5 -12 4 -11 5 -11 5 -10 4 -11 3 -10 4 -11 4 -8 4 -9 4 -9 3 -9 0 0 2 -9 4 -7 5 -8 2 -8 2 -6 3 -6 3 -6 3 -7 2 -4 1 -6 3 -7 3 -6 4 -6 3 -5 4 -6 4 -5 6 -6 5 -7 6 -6 5 -5 7 -5 6 -7 8 -8 8 -8 9 -7 8 -8 0 0 0 0 0 0 0 0 0 0 ]
100,1783415876.788129,11.0281,-80,CSI_DATA,AP,98:F4:AB:29:67:94,-80,11,1,4,1,1,1,0,0,0,0,-96,0,6,1,38848905,0,84,0,0,39.2321,384,[84 -64 4 0 0 0 0 0 0 0 0 0 25 0 24 1 23 2 21 0 20 1 20 1 20 2 17 0 18 -2 18 -3 19 -4 17 -2 16 -1 16 0 17 -1 15 -1 14 -2 11 -4 14 -1 12 -2 13 -2 13 -2 11 -2 11 -4 11 -3 11 -4 0 0 8 -2 9 -2 9 -1 8 -1 6 -3 7 -2 6 0 6 -1 6 -1 7 1 7 -2 4 -1 7 1 8 -1 6 0 9 2 10 2 11 3 11 4 10 1 12 6 10 6 11 3 11 3 12 4 12 5 0 0 0 0 0 0 0 0 0 0 ]
101,1783415876.914212,11.0605,-79,CSI_DATA,AP,98:F4:AB:29:67:94,-79,11,1,4,1,1,1,0,0,0,0,-96,0,6,1,38941605,0,84,0,0,39.3248,384,[84 -64 4 0 0 0 0 0 0 0 0 0 24 -6 18 -4 21 -6 18 -6 19 -6 17 -4 16 -6 19 -4 15 -4 17 -5 16 -5 14 -7 15 -5 13 -6 12 -4 14 -5 14 -6 12 -5 11 -4 10 -6 11 -4 12 -4 11 -5 12 -3 10 -4 8 -3 0 0 9 -2 9 -5 9 -4 8 -2 7 -1 7 -1 7 -1 6 -2 7 -1 6 -2 7 -1 7 2 6 0 8 0 8 1 9 0 9 1 6 2 8 5 9 4 8 3 9 5 7 4 10 6 11 6 12 5 0 0 0 0 0 0 0 0 0 0 ]
102,1783415877.040096,10.2996,-79,CSI_DATA,AP,98:F4:AB:29:67:94,-79,11,1,4,1,1,1,0,0,0,0,-96,0,6,1,39030783,0,84,0,0,39.414,384,[84 -64 4 0 0 0 0 0 0 0 0 0 16 -10 16 -7 18 -8 16 -7 16 -10 14 -8 12 -8 13 -8 12 -8 11 -7 13 -7 9 -8 12 -8 9 -7 10 -8 12 -8 9 -7 10 -7 9 -9 9 -6 7 -5 8 -5 7 -5 6 -5 7 -6 8 -7 0 0 6 -4 5 -6 6 -4 6 -4 5 -5 5 -5 5 -4 4 -4 6 -4 7 -4 6 -4 3 -4 5 -3 5 -2 5 -2 6 -3 8 -1 7 -3 9 -2 8 0 9 -1 9 -1 11 -1 10 -3 10 0 11 -1 0 0 0 0 0 0 0 0 0 0 ]
103,1783415877.167544,9.2975,-79,CSI_DATA,AP,98:F4:AB:29:67:94,-79,11,1,4,1,1,1,0,0,0,0,-96,0,6,1,39118407,0,84,0,0,39.5015,384,[84 -64 4 0 0 0 0 0 0 0 0 0 -21 3 -18 2 -19 3 -18 4 -18 2 -16 2 -17 3 -16 2 -14 2 -14 1 -14 2 -15 2 -15 3 -15 2 -12 3 -13 3 -12 2 -12 4 -11 2 -11 2 -10 2 -10 1 -11 1 -9 2 -8 4 -8 2 0 0 -8 2 -8 1 -7 1 -7 1 -7 1 -7 0 -6 1 -7 1 -6 1 -6 0 -7 1 -6 0 -6 1 -8 1 -8 0 -9 -1 -8 0 -8 -1 -9 -2 -10 -2 -9 -3 -9 -3 -8 -4 -11 -4 -10 -4 -12 -3 0 0 0 0 0 0 0 0 0 0 ]
104,1783415877.295798,8.5260,-79,CSI_DATA,AP,98:F4:AB:29:67:94,-79,11,1,4,1,1,1,0,0,0,0,-96,0,6,1,39211234,0,84,0,0,39.5944,384,[84 -64 4 0 0 0 0 0 0 0 0 0 -15 -12 -15 -13 -14 -12 -14 -14 -15 -11 -13 -13 -13 -12 -12 -12 -14 -8 -12 -8 -12 -9 -10 -8 -13 -10 -10 -7 -12 -7 -12 -7 -12 -7 -11 -5 -9 -7 -10 -7 -8 -8 -8 -5 -9 -4 -8 -5 -8 -3 -8 -4 0 0 -7 -4 -7 -5 -7 -4 -8 -4 -5 -3 -6 -4 -4 -4 -5 -4 -4 -4 -5 -5 -4 -4 -5 -4 -6 -4 -5 -5 -5 -7 -6 -7 -4 -8 -4 -6 -5 -7 -3 -6 -5 -10 -5 -8 -6 -9 -5 -8 -6 -10 -5 -10 0 0 0 0 0 0 0 0 0 0 ]
105,1783415877.422345,10.5496,-80,CSI_DATA,AP,98:F4:AB:29:67:94,-80,11,1,4,1,1,1,0,0,0,0,-96,0,6,1,39298501,0,84,0,0,39.6817,384,[84 -64 4 0 0 0 0 0 0 0 0 0 -13 -21 -11 -19 -13 -19 -11 -17 -11 -17 -10 -16 -10 -14 -10 -15 -10 -15 -11 -16 -11 -15 -9 -14 -10 -11 -9 -13 -9 -12 -10 -12 -11 -9 -10 -11 -9 -10 -8 -9 -10 -10 -9 -10 -8 -7 -8 -9 -8 -10 -6 -8 0 0 -6 -7 -7 -8 -5 -7 -7 -7 -6 -8 -5 -7 -6 -8 -5 -6 -6 -7 -3 -6 -5 -6 -3 -7 -3 -7 -4 -8 -3 -8 -3 -10 -2 -9 -3 -10 -2 -9 -2 -11 -4 -9 -3 -12 -3 -10 -3 -13 -1 -13 -2 -13 0 0 0 0 0 0 0 0 0 0 ]
106,1783415877.549293,10.0184,-78,CSI_DATA,AP,98:F4:AB:29:67:94,-78,11,1,2,1,1,1,0,0,0,0,-96,0,6,1,39394166,0,84,0,0,39.7773,384,[84 -64 4 0 0 0 0 0 0 0 0 0 -22 4 -19 6 -21 7 -19 5 -18 5 -18 5 -17 4 -16 2 -16 4 -16 5 -15 5 -14 5 -14 4 -13 4 -14 4 -15 5 -12 3 -13 4 -12 3 -12 4 -12 3 -12 3 -9 3 -10 2 -9 1 -8 2 0 0 -9 2 -10 2 -8 2 -8 2 -9 1 -8 1 -8 0 -8 -1 -7 0 -7 0 -8 0 -7 0 -7 0 -9 -2 -8 -1 -8 -3 -9 -4 -8 -2 -9 -3 -9 -3 -9 -4 -11 -4 -10 -4 -12 -5 -12 -5 -11 -5 0 0 0 0 0 0 0 0 0 0 ]
107,1783415877.674978,11.2373,-80,CSI_DATA,AP,98:F4:AB:29:67:94,-80,11,1,4,1,1,1,0,0,0,0,-96,0,6,1,39480144,0,84,0,0,39.8633,384,[84 -64 4 0 0 0 0 0 0 0 0 0 7 -24 8 -18 7 -22 6 -18 6 -21 5 -17 6 -17 5 -17 2 -18 7 -16 5 -17 4 -18 2 -16 3 -13 1 -15 4 -15 3 -14 3 -14 2 -12 2 -14 3 -13 1 -11 3 -11 2 -13 1 -12 1 -10 0 0 2 -10 3 -10 2 -9 1 -9 2 -9 1 -8 2 -9 3 -7 3 -7 3 -6 4 -7 3 -8 5 -8 4 -7 5 -7 5 -6 6 -6 7 -6 7 -7 8 -6 8 -6 5 -8 9 -7 11 -9 8 -6 11 -8 0 0 0 0 0 0 0 0 0 0 ]
108,1783415877.800954,10.2727,-73,CSI_DATA,AP,98:F4:AB:29:67:94,-73,11,0,0,0,0,0,0,0,0,0,-96,0,6,1,39578626,0,84,0,0,39.9619,128,[84 -64 4 0 0 0 0 0 0 0 0 0 11 42 9 37 9 40 9 38 10 35 6 31 8 33 5 29 6 31 6 29 8 25 10 25 9 26 10 27 8 22 11 23 9 21 6 20 8 19 7 20 6 20 7 17 7 16 8 16 8 16 6 16 0 0 5 13 5 15 5 15 5 13 4 11 2 13 2 13 2 13 3 11 0 10 1 12 3 12 1 14 -1 14 0 16 -2 16 -1 16 -3 15 -6 17 -6 16 -8 18 -5 19 -7 19 -5 20 -6 20 -6 20 0 0 0 0 0 0 0 0 0 0 ]
109,1783415877.926285,9.6636,-77,CSI_DATA,AP,98:F4:AB:29:67:94,-77,11,1,2,1,1,1,0,0,0,0,-96,0,6,1,39658825,0,84,0,0,40.042,384,[84 -64 4 0 0 0 0 0 0 0 0 0 12 -13 14 -7 17 -16 7 -12 16 -18 10 -10 14 -9 8 -14 6 -14 10 -13 9 -12 8 -13 11 -12 5 -11 0 -5 5 -11 2 -20 12 -6 2 -11 -4 -3 -2 -16 -1 -10 7 -8 1 -11 4 -8 3 -8 0 0 1 -8 1 -9 0 -6 -1 -9 1 -8 -1 -8 0 -9 0 -8 2 -4 0 -7 0 -8 1 -6 1 -8 0 -6 1 -9 3 -8 3 -10 2 -8 2 -9 3 -11 3 -9 3 -10 2 -11 2 -12 3 -12 3 -13 0 0 0 0 0 0 0 0 0 0 ]
110,1783415878.052891,10.1445,-80,CSI_DATA,AP,98:F4:AB:29:67:94,-80,11,1,4,1,1,1,0,0,0,0,-96,0,6,1,39752964,0,84,0,0,40.1362,384,[84 -64 4 0 0 0 0 0 0 0 0 0 13 -19 11 -18 13 -18 11 -17 14 -16 9 -14 11 -14 10 -14 9 -16 8 -14 9 -14 6 -14 7 -14 7 -15 6 -12 7 -14 4 -12 4 -12 5 -14 4 -13 5 -10 5 -13 5 -8 3 -9 3 -10 4 -8 0 0 4 -9 4 -8 2 -8 3 -8 3 -8 2 -7 5 -7 2 -7 3 -5 3 -5 3 -7 5 -6 3 -6 5 -7 5 -7 7 -6 7 -6 5 -7 8 -5 8 -5 8 -5 10 -7 9 -6 9 -6 9 -5 10 -6 0 0 0 0 0 0 0 0 0 0 ]
111,1783415878.176662,9.4594,-80,CSI_DATA,AP,98:F4:AB:29:67:94,-80,11,1,4,1,1,1,0,0,0,0,-96,0,6,1,39844462,0,84,0,0,40.2277,384,[84 -64 4 0 0 0 0 0 0 0 0 0 8 17 7 16 8 19 7 16 5 15 5 14 6 14 5 13 7 10 6 12 5 12 5 11 7 11 5 10 7 9 9 10 6 9 8 8 6 7 8 7 5 8 5 6 6 8 4 7 6 7 5 5 0 0 5 6 5 6 4 5 4 5 3 5 2 3 4 4 3 5 2 5 4 6 3 3 2 6 2 5 2 5 3 5 3 6 4 7 1 7 2 7 1 8 0 8 2 10 3 8 3 9 4 11 1 10 0 0 0 0 0 0 0 0 0 0 ]
112,1783415878.301557,9.2637,-79,CSI_DATA,AP,98:F4:AB:29:67:94,-79,11,1,4,1,1,1,0,0,0,0,-96,0,6,1,39928211,0,84,0,0,40.3113,384,[84 -64 4 0 0 0 0 0 0 0 0 0 -8 21 -7 20 -8 17 -9 20 -8 18 -7 17 -5 16 -6 17 -6 17 -6 16 -7 14 -4 14 -6 15 -2 16 -4 13 -5 15 -4 13 -5 13 -3 13 -4 9 -5 11 -4 9 -3 9 -4 10 -4 9 -2 11 0 0 -3 9 -2 9 -3 7 -3 6 -2 9 -2 5 -4 6 -3 6 -3 6 -2 5 -4 5 -4 6 -4 7 -5 7 -4 6 -5 7 -5 7 -7 6 -7 7 -7 6 -7 6 -7 7 -7 8 -9 9 -8 10 -9 9 0 0 0 0 0 0 0 0 0 0 ]
113,1783415878.428451,9.6971,-79,CSI_DATA,AP,98:F4:AB:29:67:94,-79,11,1,4,1,1,1,0,0,0,0,-96,0,6,1,40017733,0,84,0,0,40.4009,384,[84 -64 4 0 0 0 0 0 0 0 0 0 21 -7 19 -7 19 -6 19 -8 16 -7 15 -7 17 -5 15 -6 15 -4 14 -7 14 -6 15 -6 17 -3 14 -4 14 -5 11 -5 13 -5 12 -5 12 -6 11 -6 11 -4 9 -7 9 -3 10 -3 10 -3 9 -3 0 0 9 -3 10 -3 8 -3 7 -2 6 -1 7 -2 6 -1 6 -1 4 -1 5 -1 5 -3 6 0 7 0 6 -2 9 1 9 0 8 1 9 0 10 2 9 1 8 3 9 4 11 3 10 3 10 3 11 3 0 0 0 0 0 0 0 0 0 0 ]
114,1783415878.553153,10.5492,-78,CSI_DATA,AP,98:F4:AB:29:67:94,-78,11,1,2,1,1,1,0,0,0,0,-96,0,6,1,40111813,0,84,0,0,40.495,384,[84 -64 4 0 0 0 0 0 0 0 0 0 -21 -3 -20 -4 -22 -3 -19 -4 -20 -3 -16 -3 -16 -1 -16 -2 -16 -2 -17 -2 -16 -1 -16 -2 -14 -2 -16 -1 -12 0 -14 0 -12 1 -12 0 -11 -1 -11 0 -11 0 -13 2 -11 1 -10 1 -11 1 -9 0 0 0 -9 0 -10 1 -9 -1 -8 0 -7 -1 -7 -1 -7 0 -6 0 -6 -1 -8 -1 -9 -1 -8 -2 -7 -2 -7 -1 -8 -2 -10 -3 -8 -4 -8 -4 -10 -4 -9 -5 -9 -4 -9 -5 -10 -6 -11 -6 -10 -6 -11 -5 0 0 0 0 0 0 0 0 0 0 ]
115,1783415878.677477,11.3404,-80,CSI_DATA,AP,98:F4:AB:29:67:94,-80,11,1,4,1,1,1,0,0,0,0,-96,0,6,1,40198854,0,84,0,0,40.582,384,[84 -64 4 0 0 0 0 0 0 0 0 0 -11 -23 -10 -21 -9 -19 -8 -18 -10 -17 -8 -17 -8 -16 -8 -16 -9 -13 -8 -17 -9 -14 -7 -15 -10 -13 -8 -13 -8 -13 -9 -12 -8 -10 -7 -12 -8 -12 -7 -12 -7 -11 -6 -12 -7 -10 -6 -11 -6 -9 -4 -8 0 0 -5 -8 -6 -10 -5 -7 -4 -7 -4 -6 -4 -8 -4 -6 -3 -6 -3 -6 -4 -8 -3 -5 -2 -6 -3 -8 -2 -7 -2 -7 -2 -10 1 -10 0 -10 -1 -10 -1 -10 0 -10 1 -11 0 -10 0 -12 1 -15 -1 -12 0 0 0 0 0 0 0 0 0 0 ]
116,1783415878.801381,9.8392,-78,CSI_DATA,AP,98:F4:AB:29:67:94,-78,11,1,2,1,1,1,0,0,0,0,-96,0,6,1,40289244,0,84,0,0,40.6724,384,[84 -64 4 0 0 0 0 0 0 0 0 0 11 18 11 17 9 16 8 17 10 16 8 13 7 14 7 13 8 13 7 14 7 11 9 11 8 10 9 11 9 10 6 12 7 10 7 10 6 8 7 9 7 8 6 7 5 8 7 7 5 7 6 6 0 0 6 6 5 6 6 6 5 5 3 5 3 5 4 5 2 4 3 4 2 4 2 5 1 4 2 5 4 7 2 7 1 8 2 7 1 7 2 8 2 8 1 9 0 10 0 9 0 12 1 11 1 11 0 0 0 0 0 0 0 0 0 0 ]
117,1783415878.925674,9.2019,-79,CSI_DATA,AP,98:F4:AB:29:67:94,-79,11,1,4,1,1,1,0,0,0,0,-96,0,6,1,40380417,0,84,0,0,40.7636,384,[84 -64 4 0 0 0 0 0 0 0 0 0 13 14 13 15 13 13 13 14 14 14 12 13 11 11 9 11 9 10 11 10 8 10 11 9 11 10 10 8 10 7 9 9 9 8 8 8 7 6 8 7 8 7 8 5 7 6 7 6 6 6 6 5 0 0 6 4 4 5 4 6 5 4 5 5 4 6 5 4 3 5 2 4 2 5 2 3 4 4 4 6 3 6 3 5 3 6 2 8 3 7 3 7 1 8 0 8 1 9 0 10 0 9 0 9 2 10 0 0 0 0 0 0 0 0 0 0 ]
118,1783415879.049011,8.0789,-80,CSI_DATA,AP,98:F4:AB:29:67:94,-80,11,1,4,1,1,1,0,0,0,0,-96,0,6,1,40474891,0,84,0,0,40.858,384,[84 -64 4 0 0 0 0 0 0 0 0 0 19 6 20 6 20 6 19 6 20 7 17 5 16 5 17 4 13 3 15 5 14 4 14 1 14 3 16 5 12 2 13 3 15 5 11 1 13 4 11 4 11 3 10 1 11 2 9 2 8 2 9 1 0 0 8 3 9 0 9 2 7 1 7 2 6 3 4 1 5 1 6 2 7 2 4 3 6 2 5 3 6 5 6 3 9 4 7 6 6 4 5 6 5 5 6 8 5 7 8 8 6 10 8 7 7 8 0 0 0 0 0 0 0 0 0 0 ]
119,1783415879.174839,9.3817,-79,CSI_DATA,AP,98:F4:AB:29:67:94,-79,11,1,4,1,1,1,0,0,0,0,-96,0,6,1,40564056,0,84,0,0,40.9472,384,[84 -64 4 0 0 0 0 0 0 0 0 0 -16 -12 -15 -10 -17 -14 -15 -9 -18 -10 -13 -10 -12 -8 -14 -7 -13 -9 -13 -7 -13 -5 -13 -6 -14 -7 -11 -5 -13 -4 -13 -7 -13 -6 -11 -6 -11 -5 -10 -3 -10 -7 -9 -4 -10 -6 -9 -4 -10 -5 -8 -3 0 0 -8 -3 -9 -3 -6 -4 -7 -1 -6 -3 -7 -3 -6 -4 -5 -2 -6 -4 -7 -3 -7 -3 -6 -3 -6 -4 -5 -2 -7 -6 -6 -5 -7 -6 -5 -6 -6 -5 -7 -7 -5 -8 -6 -7 -7 -7 -7 -8 -6 -8 -7 -9 0 0 0 0 0 0 0 0 0 0 ]
120,1783415879.300513,9.8129,-80,CSI_DATA,AP,98:F4:AB:29:67:94,-80,11,1,4,1,1,1,0,0,0,0,-96,0,6,1,40648516,0,84,0,0,41.0316,384,[84 -64 4 0 0 0 0 0 0 0 0 0 4 -23 4 -22 4 -22 5 -19 4 -19 6 -17 2 -18 2 -19 3 -17 3 -19 1 -16 1 -16 1 -16 0 -16 2 -15 0 -15 -1 -13 2 -15 2 -14 0 -12 1 -12 0 -11 2 -13 0 -12 0 -10 0 -10 0 0 0 -10 -1 -11 1 -9 0 -8 1 -9 0 -8 2 -10 2 -9 1 -7 1 -7 1 -5 2 -7 1 -8 2 -7 5 -8 3 -9 3 -9 4 -9 4 -8 5 -9 6 -9 5 -8 6 -9 5 -11 8 -10 6 -11 0 0 0 0 0 0 0 0 0 0 ]
121,1783415879.426018,9.6348,-80,CSI_DATA,AP,98:F4:AB:29:67:94,-80,11,1,4,1,1,1,0,0,0,0,-96,0,6,1,40738982,0,84,0,0,41.1221,384,[84 -64 4 0 0 0 0 0 0 0 0 0 8 24 7 21 7 18 7 18 6 16 6 16 8 17 5 15 4 15 4 15 6 15 4 12 5 12 6 14 5 13 8 13 5 10 7 12 6 12 5 10 3 10 4 8 3 10 3 9 3 9 5 9 0 0 2 7 3 9 2 7 2 6 1 5 1 9 2 6 2 5 2 5 2 5 1 6 0 7 1 6 1 8 1 8 -1 8 -1 9 -1 9 -1 8 -2 7 -4 9 -3 11 -5 10 -3 10 -3 11 -4 11 0 0 0 0 0 0 0 0 0 0 ]
122,1783415879.548143,11.5214,-78,CSI_DATA,AP,98:F4:AB:29:67:94,-78,11,1,2,1,1,1,0,0,0,0,-96,0,6,1,40830221,0,84,0,0,41.2135,384,[84 -64 4 0 0 0 0 0 0 0 0 0 -23 9 -21 9 -22 10 -19 8 -23 6 -18 7 -20 7 -18 4 -15 8 -17 5 -17 7 -15 6 -16 5 -14 6 -11 6 -14 8 -12 8 -13 7 -13 9 -11 6 -11 5 -10 6 -10 5 -10 5 -11 6 -10 7 0 0 -8 6 -9 5 -7 3 -8 4 -8 5 -7 1 -6 2 -6 3 -6 2 -7 2 -7 2 -6 2 -7 2 -8 1 -8 2 -6 2 -12 0 -10 2 -11 1 -11 -1 -12 -1 -12 0 -12 0 -11 -1 -13 -1 -13 0 0 0 0 0 0 0 0 0 0 0 ]
123,1783415879.674241,10.4936,-79,CSI_DATA,AP,98:F4:AB:29:67:94,-79,11,1,2,1,1,1,0,0,0,0,-96,0,6,1,40921470,0,84,0,0,41.3046,384,[84 -64 4 0 0 0 0 0 0 0 0 0 -17 15 -13 12 -16 13 -15 12 -15 13 -13 11 -13 12 -12 9 -13 9 -11 9 -10 10 -10 9 -9 9 -11 9 -8 10 -9 9 -7 8 -8 9 -9 8 -8 7 -7 8 -7 7 -7 7 -6 6 -7 5 -6 6 0 0 -5 5 -7 6 -3 6 -6 5 -6 3 -6 5 -5 3 -5 3 -4 4 -5 2 -6 4 -6 3 -6 3 -7 4 -8 5 -7 4 -9 2 -7 2 -9 2 -8 1 -10 1 -9 1 -11 2 -11 2 -12 1 -12 3 0 0 0 0 0 0 0 0 0 0 ]
124,1783415879.796129,11.1356,-78,CSI_DATA,AP,98:F4:AB:29:67:94,-78,11,1,2,1,1,1,0,0,0,0,-96,0,6,1,41009405,0,84,0,0,41.3926,384,[84 -64 4 0 0 0 0 0 0 0 0 0 -22 6 -23 5 -23 6 -21 5 -23 6 -17 5 -19 6 -19 6 -17 4 -17 6 -15 4 -14 4 -14 5 -15 5 -14 4 -14 5 -13 7 -13 4 -12 5 -13 5 -12 5 -11 5 -10 3 -10 4 -10 5 -10 5 0 0 -10 4 -9 4 -7 3 -7 4 -7 4 -10 1 -8 0 -6 2 -7 -2 -8 1 -8 1 -8 1 -7 1 -9 2 -9 0 -10 -1 -10 -1 -9 -2 -10 -4 -10 -4 -11 -4 -12 -3 -12 -3 -12 -3 -14 -4 -14 -3 0 0 0 0 0 0 0 0 0 0 ]
125,1783415879.919724,9.7433,-79,CSI_DATA,AP,98:F4:AB:29:67:94,-79,11,1,4,1,1,1,0,0,0,0,-96,0,6,1,41102841,0,84,0,0,41.486,384,[84 -64 4 0 0 0 0 0 0 0 0 0 6 19 5 17 4 19 6 17 5 17 3 16 3 16 4 12 4 13 5 15 4 14 5 13 4 13 6 12 4 11 4 11 5 11 5 11 4 8 5 8 4 9 4 8 4 7 1 8 3 8 4 5 0 0 2 7 4 7 1 6 2 4 1 6 1 6 2 5 0 5 1 6 2 7 0 6 0 5 1 5 0 5 -1 7 0 6 -1 8 -1 7 -2 7 -1 7 -2 7 -2 9 -3 9 -3 9 -4 9 -3 10 0 0 0 0 0 0 0 0 0 0 ]
126,1783415880.043918,8.7893,-80,CSI_DATA,AP,98:F4:AB:29:67:94,-80,11,1,4,1,1,1,0,0,0,0,-96,0,6,1,41191408,0,84,0,0,41.5746,384,[84 -64 4 0 0 0 0 0 0 0 0 0 -2 20 1 16 -1 19 0 19 -2 16 -1 15 -1 15 -2 15 -1 15 0 14 0 14 1 13 -2 11 0 14 1 12 1 12 2 12 -1 10 0 11 -1 10 0 10 0 9 -1 8 0 6 0 9 1 6 0 0 1 7 -1 7 1 6 -1 6 0 5 1 6 -1 5 0 5 1 4 0 6 -1 3 -1 5 -1 8 -2 6 -2 6 -1 7 -3 8 -3 6 -3 7 -5 6 -4 8 -4 7 -5 9 -6 9 -5 8 -6 9 0 0 0 0 0 0 0 0 0 0 ]
127,1783415880.168476,8.9049,-80,CSI_DATA,AP,98:F4:AB:29:67:94,-80,11,1,4,1,1,1,0,0,0,0,-96,0,6,1,41282520,0,84,0,0,41.6657,384,[84 -64 4 0 0 0 0 0 0 0 0 0 5 21 4 17 5 21 2 18 4 19 6 16 4 16 5 17 3 15 3 15 4 16 3 15 3 14 6 13 4 13 4 13 4 10 5 11 3 12 4 12 4 10 3 11 3 10 3 9 4 9 3 8 0 0 2 9 3 7 3 8 4 8 1 5 2 6 1 5 0 6 1 6 0 7 2 7 0 8 0 8 1 9 0 8 -2 7 -1 8 -1 8 -1 7 -1 8 -3 10 -2 10 -5 12 -3 9 -4 10 -2 10 0 0 0 0 0 0 0 0 0 0 ]
128,1783415880.291876,7.1925,-80,CSI_DATA,AP,98:F4:AB:29:67:94,-80,11,1,4,1,1,1,0,0,0,0,-96,0,6,1,41370227,0,84,0,0,41.7533,384,[84 -64 4 0 0 0 0 0 0 0 0 0 7 19 6 18 5 17 6 18 6 18 3 15 3 15 5 14 6 15 5 14 6 12 5 11 6 11 6 10 6 10 6 10 4 10 3 7 5 8 4 7 4 8 5 9 4 6 5 7 4 5 4 6 0 0 4 6 5 7 4 5 3 4 3 3 4 4 2 6 1 4 2 5 3 3 3 4 3 4 3 4 2 5 3 6 2 6 1 8 2 7 0 9 0 6 0 8 3 8 1 8 3 10 1 9 2 10 0 0 0 0 0 0 0 0 0 0 ]
129,1783415880.414358,8.0835,-79,CSI_DATA,AP,98:F4:AB:29:67:94,-79,11,1,4,1,1,1,0,0,0,0,-96,0,6,1,41457844,0,84,0,0,41.841,384,[84 -64 4 0 0 0 0 0 0 0 0 0 17 -9 16 -9 17 -9 16 -8 15 -8 15 -8 14 -8 15 -7 11 -9 14 -8 12 -7 13 -10 11 -8 10 -8 9 -7 11 -8 8 -7 9 -8 9 -6 10 -7 8 -7 7 -6 7 -5 7 -6 6 -7 7 -6 0 0 5 -6 6 -5 7 -5 5 -5 5 -4 5 -4 6 -3 5 -3 5 -4 6 -4 6 -4 4 -3 7 -2 7 -3 7 -3 6 -3 7 -4 6 -3 8 -2 7 -2 8 -2 10 -1 10 -1 10 -2 8 -1 11 -2 0 0 0 0 0 0 0 0 0 0 ]
130,1783415880.537431,7.8057,-80,CSI_DATA,AP,98:F4:AB:29:67:94,-80,11,1,4,1,1,1,0,0,0,0,-96,0,6,1,41551956,0,84,0,0,41.9351,384,[84 -64 4 0 0 0 0 0 0 0 0 0 -8 -22 -10 -24 -7 -20 -6 -22 -9 -22 -8 -18 -7 -17 -3 -18 -7 -15 -6 -17 -6 -15 -6 -14 -8 -15 -6 -14 -5 -14 -8 -15 -7 -13 -7 -12 -5 -12 -5 -10 -7 -10 -6 -10 -5 -9 -7 -8 -4 -7 -5 -8 0 0 -5 -7 -3 -9 -3 -9 -4 -8 -4 -6 -3 -7 -3 -6 -2 -6 -1 -7 -2 -8 -2 -6 -1 -9 -2 -5 -1 -7 -3 -9 -2 -9 -2 -9 0 -11 2 -9 1 -11 3 -10 1 -12 3 -13 3 -12 2 -12 2 -12 0 0 0 0 0 0 0 0 0 0 ]
131,1783415880.660561,6.9251,-80,CSI_DATA,AP,98:F4:AB:29:67:94,-80,11,1,4,1,1,1,0,0,0,0,-96,0,6,1,41637778,0,84,0,0,42.0209,384,[84 -64 4 0 0 0 0 0 0 0 0 0 9 15 6 14 6 14 7 14 8 13 7 12 7 11 6 11 6 12 6 10 5 11 6 11 6 10 7 9 5 8 5 8 5 7 4 7 4 6 4 6 3 7 4 5 5 6 5 5 5 4 4 4 0 0 4 5 4 4 4 4 3 5 4 4 3 4 2 4 2 3 3 3 2 4 2 4 3 4 3 5 2 7 1 6 2 6 1 7 2 7 1 6 1 7 1 6 0 6 2 8 1 11 2 8 1 9 0 0 0 0 0 0 0 0 0 0 ]
132,1783415880.783715,8.2996,-80,CSI_DATA,AP,98:F4:AB:29:67:94,-80,11,1,4,1,1,1,0,0,0,0,-96,0,6,1,41728519,0,84,0,0,42.1117,384,[84 -64 4 0 0 0 0 0 0 0 0 0 -13 -17 -9 -16 -11 -19 -8 -16 -10 -17 -8 -14 -9 -14 -8 -14 -9 -12 -9 -14 -9 -12 -11 -12 -10 -11 -9 -10 -8 -10 -10 -9 -9 -8 -9 -9 -9 -9 -10 -8 -8 -8 -10 -7 -7 -7 -7 -7 -7 -6 -9 -6 0 0 -7 -5 -8 -5 -5 -5 -6 -5 -4 -5 -4 -4 -4 -5 -4 -5 -5 -6 -5 -5 -5 -4 -5 -5 -5 -4 -4 -5 -5 -6 -5 -7 -3 -8 -3 -7 -6 -6 -5 -9 -5 -7 -4 -9 -6 -9 -5 -9 -5 -10 -5 -12 0 0 0 0 0 0 0 0 0 0 ]
133,1783415880.905881,9.2028,-79,CSI_DATA,AP,98:F4:AB:29:67:94,-79,11,1,4,1,1,1,0,0,0,0,-96,0,6,1,41819826,0,84,0,0,42.203,384,[84 -64 4 0 0 0 0 0 0 0 0 0 23 0 23 0 22 0 21 0 20 0 16 -2 18 -1 16 1 17 2 17 -2 16 2 15 0 15 -2 17 -1 13 0 13 0 15 0 13 -1 10 0 12 0 11 0 11 -1 10 -1 9 -3 10 -1 9 -2 0 0 10 0 9 0 8 0 8 0 6 1 8 1 8 0 6 1 6 2 7 2 6 0 5 1 6 2 6 3 7 3 7 3 7 3 6 3 8 4 8 4 8 5 7 6 8 5 8 6 8 4 9 5 0 0 0 0 0 0 0 0 0 0 ]
134,1783415881.028785,10.9008,-80,CSI_DATA,AP,98:F4:AB:29:67:94,-80,11,1,4,1,1,1,0,0,0,0,-96,0,6,1,41908253,0,84,0,0,42.2915,384,[84 -64 4 0 0 0 0 0 0 0 0 0 -22 -1 -20 -1 -20 0 -20 -4 -18 -2 -15 0 -15 0 -15 0 -14 0 -14 -2 -15 1 -12 1 -15 1 -13 1 -10 1 -15 0 -10 1 -11 1 -11 1 -11 0 -11 1 -10 2 -12 1 -9 1 -11 1 -7 0 0 0 -8 0 -8 1 -7 0 -7 1 -6 0 -6 -1 -6 0 -5 0 -4 -2 -6 -1 -5 1 -7 1 -8 -1 -6 -1 -8 -1 -8 -1 -9 0 -8 -2 -8 -3 -8 -2 -9 -4 -9 -1 -10 -4 -10 -3 -11 -4 -11 -4 0 0 0 0 0 0 0 0 0 0 ]
135,1783415881.152191,10.8601,-80,CSI_DATA,AP,98:F4:AB:29:67:94,-80,11,1,4,1,1,1,0,0,0,0,-96,0,6,1,41999457,0,84,0,0,42.3827,384,[84 -64 4 0 0 0 0 0 0 0 0 0 -11 -17 -11 -17 -12 -17 -12 -14 -10 -14 -9 -14 -10 -14 -8 -14 -10 -12 -8 -11 -11 -11 -9 -10 -11 -10 -9 -10 -9 -10 -10 -9 -7 -10 -8 -9 -8 -7 -6 -8 -7 -7 -8 -8 -6 -6 -6 -7 -8 -6 -6 -6 0 0 -7 -7 -6 -6 -5 -6 -4 -6 -5 -7 -4 -6 -3 -8 -3 -7 -2 -6 -3 -6 -4 -6 -4 -5 -3 -6 -3 -9 -2 -6 -3 -8 -1 -9 -1 -9 0 -10 0 -9 0 -10 0 -12 -1 -12 -1 -12 0 -11 0 -12 0 0 0 0 0 0 0 0 0 0 ]
136,1783415881.274337,12.7020,-79,CSI_DATA,AP,98:F4:AB:29:67:94,-79,11,1,4,1,1,1,0,0,0,0,-96,0,6,1,42088309,0,84,0,0,42.4714,384,[84 -64 4 0 0 0 0 0 0 0 0 0 -21 -13 -20 -13 -21 -14 -19 -11 -16 -12 -17 -11 -16 -11 -16 -10 -15 -8 -15 -7 -14 -8 -15 -8 -14 -8 -14 -7 -14 -8 -12 -8 -15 -6 -13 -6 -12 -6 -12 -5 -12 -5 -11 -5 -11 -6 -12 -5 -11 -7 -10 -3 0 0 -9 -3 -11 -3 -9 -4 -10 -4 -8 -4 -7 -5 -7 -4 -7 -5 -5 -3 -7 -4 -8 -4 -6 -5 -7 -6 -6 -6 -7 -7 -6 -6 -7 -8 -6 -7 -8 -9 -6 -8 -8 -9 -6 -9 -7 -11 -7 -11 -7 -10 -7 -12 0 0 0 0 0 0 0 0 0 0 ]
137,1783415881.396144,12.1333,-80,CSI_DATA,AP,98:F4:AB:29:67:94,-80,11,1,4,1,1,1,0,0,0,0,-96,0,6,1,42182232,0,84,0,0,42.5654,384,[84 -64 4 0 0 0 0 0 0 0 0 0 22 -5 18 -3 21 -6 20 -6 19 -6 17 -3 18 -4 17 -5 16 -5 17 -4 17 -3 16 -4 16 -4 15 -4 13 -2 13 -5 14 -3 13 -4 9 -4 11 -4 9 -6 10 -4 13 -2 10 -4 10 -3 8 -4 0 0 8 -2 7 -4 7 -2 7 -2 6 -3 6 -1 7 -1 6 -1 6 -1 5 -1 7 -2 7 -2 6 -1 4 -1 9 0 7 0 9 1 8 1 8 2 8 3 7 2 11 4 11 2 12 3 11 5 12 4 0 0 0 0 0 0 0 0 0 0 ]
138,1783415881.517718,9.7758,-80,CSI_DATA,AP,98:F4:AB:29:67:94,-80,11,1,4,1,1,1,0,0,0,0,-96,0,6,1,42268331,0,84,0,0,42.6515,384,[84 -64 4 0 0 0 0 0 0 0 0 0 11 22 7 18 9 19 10 16 10 18 6 16 10 16 8 16 6 14 8 16 7 13 6 15 8 13 7 12 8 9 9 12 8 8 8 10 7 9 9 10 7 9 7 6 6 8 5 9 4 7 6 9 0 0 5 4 5 7 6 5 5 6 3 6 3 6 2 6 3 4 3 5 2 5 3 6 4 7 3 4 1 6 2 7 2 6 2 8 1 10 1 8 1 8 0 10 3 9 2 10 2 11 1 13 2 12 0 0 0 0 0 0 0 0 0 0 ]
139,1783415881.640778,10.1311,-80,CSI_DATA,AP,98:F4:AB:29:67:94,-80,11,1,4,1,1,1,0,0,0,0,-96,0,6,1,42362536,0,84,0,0,42.7457,384,[84 -64 4 0 0 0 0 0 0 0 0 0 -7 -21 -7 -22 -8 -23 -6 -18 -9 -19 -5 -17 -5 -18 -6 -16 -8 -17 -6 -15 -7 -16 -7 -13 -10 -15 -5 -13 -6 -12 -8 -14 -5 -11 -5 -12 -5 -11 -7 -12 -6 -12 -6 -10 -6 -11 -3 -10 -4 -10 -5 -8 0 0 -5 -8 -5 -9 -3 -7 -5 -8 -4 -7 -3 -7 -4 -7 -4 -8 -3 -5 -1 -7 -3 -5 -3 -9 -5 -8 -2 -8 -2 -9 -1 -7 -1 -12 1 -10 1 -10 1 -10 2 -9 3 -10 1 -12 1 -12 2 -12 1 -14 0 0 0 0 0 0 0 0 0 0 ]
140,1783415881.762789,9.9343,-79,CSI_DATA,AP,98:F4:AB:29:67:94,-79,11,1,4,1,1,1,0,0,0,0,-96,0,6,1,42450575,0,84,0,0,42.8337,384,[84 -64 4 0 0 0 0 0 0 0 0 0 17 12 15 8 16 8 15 9 13 9 13 8 13 8 11 8 12 6 14 8 13 7 10 7 11 6 12 6 11 4 12 4 11 5 9 5 10 4 9 4 9 4 9 5 9 5 8 3 10 4 7 2 0 0 6 4 6 4 5 3 7 2 5 3 5 3 4 3 4 2 6 2 4 2 4 1 5 3 4 3 5 4 5 4 4 4 5 5 5 6 5 7 5 6 5 7 4 9 4 9 6 9 4 8 4 8 0 0 0 0 0 0 0 0 0 0 ]
141,1783415881.887549,8.9145,-79,CSI_DATA,AP,98:F4:AB:29:67:94,-79,11,1,4,1,1,1,0,0,0,0,-96,0,6,1,42537554,0,84,0,0,42.9207,384,[84 -64 4 0 0 0 0 0 0 0 0 0 1 22 -1 19 0 23 1 18 2 21 -1 16 1 18 0 16 0 15 -1 17 0 16 1 16 -1 18 1 13 0 13 2 16 1 11 3 14 1 13 1 13 1 13 1 9 -1 10 0 8 1 9 0 10 0 0 0 7 1 9 2 6 1 10 -1 8 0 6 0 6 -1 7 -1 6 -2 7 -1 5 -2 7 -1 6 -1 6 -3 9 -2 8 -4 10 -4 7 -5 9 -5 7 -6 9 -4 8 -7 9 -6 10 -6 9 -5 11 0 0 0 0 0 0 0 0 0 0 ]
142,1783415882.011419,8.5195,-80,CSI_DATA,AP,98:F4:AB:29:67:94,-80,11,1,4,1,1,1,0,0,0,0,-96,0,6,1,42627932,0,84,0,0,43.0111,384,[84 -64 4 0 0 0 0 0 0 0 0 0 -20 6 -19 2 -20 4 -20 2 -20 2 -16 3 -17 4 -13 3 -15 2 -16 1 -13 4 -13 3 -13 4 -15 5 -12 3 -14 5 -10 3 -11 4 -9 3 -11 3 -11 4 -9 5 -10 3 -8 4 -8 3 -10 3 0 0 -9 2 -9 3 -7 2 -7 2 -7 2 -7 2 -6 1 -6 2 -5 2 -6 2 -7 1 -7 1 -7 3 -5 -1 -9 1 -7 0 -9 0 -8 -1 -8 -1 -9 -2 -10 -2 -9 -1 -11 -3 -10 -1 -11 0 -12 -1 0 0 0 0 0 0 0 0 0 0 ]
143,1783415882.133498,8.4979,-79,CSI_DATA,AP,98:F4:AB:29:67:94,-79,11,1,4,1,1,1,0,0,0,0,-96,0,6,1,42721431,0,84,0,0,43.1046,384,[84 -64 4 0 0 0 0 0 0 0 0 0 -9 19 -9 20 -8 19 -8 19 -10 19 -8 15 -8 18 -6 15 -6 15 -6 16 -5 14 -7 14 -6 14 -6 14 -4 13 -7 14 -5 12 -4 11 -3 11 -5 11 -5 10 -4 9 -4 10 -3 9 -4 8 -4 9 0 0 -4 6 -3 7 -3 6 -3 6 -4 6 -4 5 -4 5 -4 6 -3 4 -5 4 -4 5 -6 6 -4 5 -5 5 -7 5 -3 4 -7 6 -7 4 -7 6 -9 4 -8 5 -9 6 -10 4 -9 5 -8 5 -10 6 0 0 0 0 0 0 0 0 0 0 ]
144,1783415882.260748,9.4250,-80,CSI_DATA,AP,98:F4:AB:29:67:94,-80,11,1,4,1,1,1,0,0,0,0,-96,0,6,1,42809841,0,84,0,0,43.193,384,[84 -64 4 0 0 0 0 0 0 0 0 0 24 -5 23 -4 22 -2 19 -3 20 -3 16 -3 19 -3 15 -6 18 -5 16 -5 15 -6 15 -5 14 -5 16 -5 12 -4 14 -6 12 -6 11 -5 9 -5 11 -4 9 -5 10 -6 9 -4 7 -4 9 -5 9 -4 0 0 7 -6 7 -6 6 -4 7 -4 6 -3 8 -4 5 -2 7 -3 5 -3 5 -2 6 -2 5 -1 7 -2 7 -1 9 -2 9 -1 9 -3 7 -2 8 -1 10 0 8 -1 9 -1 9 -1 11 -1 10 -1 11 0 0 0 0 0 0 0 0 0 0 0 ]
145,1783415882.397432,10.3392,-80,CSI_DATA,AP,98:F4:AB:29:67:94,-80,11,1,4,1,1,1,0,0,0,0,-96,0,6,1,42897730,0,84,0,0,43.2809,384,[84 -64 4 0 0 0 0 0 0 0 0 0 -19 -15 -18 -14 -17 -14 -17 -14 -16 -14 -14 -16 -15 -12 -13 -13 -15 -12 -15 -11 -13 -12 -15 -12 -12 -11 -13 -11 -13 -9 -12 -8 -13 -9 -12 -8 -10 -9 -11 -7 -11 -8 -10 -7 -8 -9 -10 -6 -9 -6 -9 -7 0 0 -9 -7 -9 -5 -7 -5 -8 -5 -7 -6 -6 -5 -6 -4 -6 -4 -5 -4 -5 -3 -6 -4 -5 -8 -5 -5 -5 -7 -4 -7 -6 -9 -7 -9 -3 -9 -4 -9 -6 -9 -4 -11 -4 -11 -4 -11 -4 -11 -5 -11 -7 -11 0 0 0 0 0 0 0 0 0 0 ]
146,1783415882.511802,10.7426,-79,CSI_DATA,AP,98:F4:AB:29:67:94,-79,11,1,4,1,1,1,0,0,0,0,-96,0,6,1,42988407,0,84,0,0,43.3716,384,[84 -64 4 0 0 0 0 0 0 0 0 0 14 -17 13 -16 15 -18 14 -17 13 -16 12 -16 11 -17 10 -14 9 -16 11 -14 12 -12 9 -14 10 -13 8 -13 7 -12 8 -14 9 -12 8 -11 6 -9 6 -9 7 -10 7 -9 7 -9 7 -9 6 -8 5 -7 0 0 6 -7 5 -8 4 -7 6 -8 3 -7 4 -5 3 -7 3 -6 5 -4 5 -5 4 -5 5 -4 5 -5 6 -2 5 -5 6 -5 7 -5 7 -5 9 -5 7 -3 8 -3 8 -3 8 -5 11 -4 9 -4 11 -5 0 0 0 0 0 0 0 0 0 0 ]
147,1783415882.638789,9.5319,-78,CSI_DATA,AP,98:F4:AB:29:67:94,-78,11,1,2,1,1,1,0,0,0,0,-96,0,6,1,43080977,0,84,0,0,43.4641,384,[84 -64 4 0 0 0 0 0 0 0 0 0 16 15 14 13 12 14 13 13 14 13 10 11 11 11 10 12 10 10 11 11 12 10 11 10 10 9 10 9 10 8 10 7 10 8 10 8 9 7 8 5 7 7 7 5 7 6 7 5 7 5 7 5 0 0 6 6 7 5 7 4 5 4 4 4 4 4 3 6 4 4 3 3 3 5 4 4 3 5 5 4 4 6 5 6 5 7 2 6 3 6 3 7 2 7 3 8 3 8 3 9 5 9 3 10 4 10 0 0 0 0 0 0 0 0 0 0 ]
148,1783415882.763848,9.5978,-74,CSI_DATA,AP,98:F4:AB:29:67:94,-74,11,0,0,0,0,0,0,0,0,0,-96,0,6,1,43174535,0,84,0,0,43.5578,128,[84 -64 4 0 0 0 0 0 0 0 0 0 -34 25 -32 22 -32 25 -32 23 -31 20 -26 18 -27 19 -24 17 -23 19 -25 17 -24 20 -20 19 -21 17 -22 20 -18 17 -18 19 -18 15 -16 16 -14 14 -15 14 -14 14 -13 14 -12 15 -9 15 -11 13 -11 11 0 0 -11 14 -13 11 -11 11 -10 11 -10 9 -10 8 -10 7 -9 7 -9 8 -11 7 -10 8 -11 7 -11 7 -12 7 -12 5 -15 5 -15 6 -15 3 -16 2 -16 4 -17 1 -17 4 -20 3 -20 3 -21 4 -22 4 0 0 0 0 0 0 0 0 0 0 ]
149,1783415882.892768,10.2745,-73,CSI_DATA,AP,98:F4:AB:29:67:94,-73,11,0,0,0,0,0,0,0,0,0,-96,0,6,1,43263042,0,84,0,0,43.6463,128,[84 -64 4 0 0 0 0 0 0 0 0 0 -33 -28 -29 -28 -33 -28 -27 -26 -28 -27 -23 -22 -24 -21 -22 -23 -25 -21 -22 -22 -24 -18 -23 -18 -24 -17 -22 -17 -19 -15 -25 -16 -20 -13 -20 -13 -18 -12 -18 -12 -18 -11 -17 -12 -15 -11 -14 -10 -17 -9 -17 -11 0 0 -13 -8 -13 -9 -12 -9 -14 -10 -11 -8 -10 -8 -10 -8 -8 -10 -10 -9 -8 -10 -9 -10 -8 -8 -8 -10 -7 -11 -9 -13 -9 -12 -9 -15 -6 -15 -6 -16 -6 -17 -6 -17 -5 -18 -7 -20 -8 -21 -8 -19 -8 -20 0 0 0 0 0 0 0 0 0 0 ]
150,1783415883.023573,9.0639,-80,CSI_DATA,AP,98:F4:AB:29:67:94,-80,11,1,4,1,1,1,0,0,0,0,-96,0,6,1,43351558,0,84,0,0,43.7347,384,[84 -64 4 0 0 0 0 0 0 0 0 0 9 17 7 16 6 18 8 17 7 15 7 13 8 13 7 13 6 11 5 13 4 10 6 11 6 11 6 10 6 10 7 10 6 9 7 8 6 9 7 7 6 7 6 6 4 5 5 7 4 7 4 6 0 0 6 6 5 5 5 6 3 6 3 5 2 6 4 4 2 5 5 4 2 4 3 4 3 5 2 5 1 6 2 8 1 7 2 7 1 7 2 7 1 7 -1 8 2 10 0 9 -1 9 1 9 1 11 0 0 0 0 0 0 0 0 0 0 ]
151,1783415883.149125,8.6161,-78,CSI_DATA,AP,98:F4:AB:29:67:94,-78,11,1,2,1,1,1,0,0,0,0,-96,0,6,1,43447342,0,84,0,0,43.8305,384,[84 -64 4 0 0 0 0 0 0 0 0 0 23 2 20 2 22 3 19 1 18 4 16 4 17 3 17 2 15 1 16 2 15 2 14 1 14 2 12 1 11 1 15 1 12 1 13 1 10 1 11 0 10 0 9 -1 9 0 9 0 9 -1 9 -1 0 0 8 1 8 -1 7 0 8 0 7 1 7 -1 7 2 6 1 6 0 7 0 4 0 6 3 6 1 7 0 6 2 7 2 7 3 7 3 6 5 7 5 7 5 6 5 7 6 8 6 8 5 10 5 0 0 0 0 0 0 0 0 0 0 ]
152,1783415883.276473,8.6215,-80,CSI_DATA,AP,98:F4:AB:29:67:94,-80,11,1,4,1,1,1,0,0,0,0,-96,0,6,1,43534156,0,84,0,0,43.9173,384,[84 -64 4 0 0 0 0 0 0 0 0 0 8 -22 8 -19 9 -22 8 -22 8 -19 8 -17 7 -17 7 -19 7 -16 6 -15 5 -16 4 -15 5 -16 4 -15 3 -15 3 -15 3 -15 4 -13 4 -12 3 -12 3 -13 2 -11 3 -9 1 -11 2 -9 2 -10 0 0 2 -8 2 -9 3 -9 0 -7 2 -7 2 -7 3 -7 3 -7 2 -6 2 -7 1 -6 2 -7 4 -8 4 -6 3 -7 5 -6 4 -7 3 -9 6 -6 6 -7 5 -7 6 -8 7 -8 6 -10 7 -10 8 -10 0 0 0 0 0 0 0 0 0 0 ]
153,1783415883.405166,9.9348,-79,CSI_DATA,AP,98:F4:AB:29:67:94,-79,11,1,4,1,1,1,0,0,0,0,-96,0,6,1,43624184,0,84,0,0,44.0073,384,[84 -64 4 0 0 0 0 0 0 0 0 0 -5 22 -4 20 -6 21 -4 20 -5 19 -6 17 -4 18 -4 17 -4 17 -4 16 -4 15 -6 16 -3 15 -3 15 -3 13 -1 13 0 13 -3 12 -2 12 -1 11 -2 11 -2 11 -3 9 -2 11 -1 11 -2 9 0 0 -1 8 0 9 -1 7 -2 7 -1 6 -2 6 0 6 -3 6 -4 6 -2 5 -3 6 -2 6 -3 8 -1 5 -4 6 -3 7 -5 8 -5 8 -4 7 -6 8 -6 8 -7 7 -7 8 -8 10 -9 9 -7 8 0 0 0 0 0 0 0 0 0 0 ]
154,1783415883.528805,10.5410,-79,CSI_DATA,AP,98:F4:AB:29:67:94,-79,11,1,4,1,1,1,0,0,0,0,-96,0,6,1,43708518,0,84,0,0,44.0917,384,[84 -64 4 0 0 0 0 0 0 0 0 0 -12 16 -11 13 -14 17 -11 15 -13 14 -10 10 -10 14 -11 12 -10 11 -8 11 -8 13 -8 11 -8 12 -7 11 -6 10 -8 11 -7 9 -5 10 -4 9 -4 8 -5 9 -6 8 -5 8 -5 8 -5 9 -4 7 0 0 -5 6 -4 7 -4 5 -3 5 -4 4 -3 5 -4 4 -5 5 -4 5 -5 4 -4 5 -4 5 -4 5 -5 3 -5 6 -4 3 -6 5 -6 4 -8 5 -8 2 -10 3 -8 3 -10 3 -9 6 -10 4 -10 6 0 0 0 0 0 0 0 0 0 0 ]
155,1783415883.656623,9.9983,-79,CSI_DATA,AP,98:F4:AB:29:67:94,-79,11,1,4,1,1,1,0,0,0,0,-96,0,6,1,43800308,0,84,0,0,44.1835,384,[84 -64 4 0 0 0 0 0 0 0 0 0 22 -6 23 -6 20 -7 19 -6 18 -5 17 -7 17 -3 17 -3 16 -4 16 -6 15 -5 15 -5 15 -5 16 -6 12 -3 13 -4 12 -4 11 -4 12 -3 12 -4 9 -4 10 -4 8 -3 12 -3 8 -4 9 -4 0 0 8 -2 7 -4 7 -3 8 -2 8 -2 7 0 6 0 5 0 6 -1 5 -2 5 -3 7 0 6 -1 7 1 8 2 7 1 10 1 8 -1 8 3 7 2 9 2 8 5 10 3 9 4 10 3 12 5 0 0 0 0 0 0 0 0 0 0 ]
156,1783415883.779796,9.4252,-78,CSI_DATA,AP,98:F4:AB:29:67:94,-78,11,1,2,1,1,1,0,0,0,0,-96,0,6,1,43892038,0,84,0,0,44.2752,384,[84 -64 4 0 0 0 0 0 0 0 0 0 -1 19 0 19 0 19 -1 19 -3 19 0 17 0 16 0 16 0 14 1 16 1 14 1 16 2 14 0 12 1 13 0 15 1 12 0 11 2 10 1 9 0 11 0 10 3 9 1 10 0 9 1 8 0 0 2 9 1 7 0 8 1 6 0 6 1 5 0 5 0 6 -2 6 -1 6 0 5 1 7 -1 5 0 6 -2 5 -1 6 -3 9 -2 7 -2 8 -4 9 -4 9 -4 9 -4 8 -3 9 -5 10 -5 11 0 0 0 0 0 0 0 0 0 0 ]
157,1783415883.905992,9.5233,-79,CSI_DATA,AP,98:F4:AB:29:67:94,-79,11,1,4,1,1,1,0,0,0,0,-96,0,6,1,43979012,0,84,0,0,44.3622,384,[84 -64 4 0 0 0 0 0 0 0 0 0 13 16 10 13 11 18 10 14 11 15 9 12 7 12 7 12 10 10 10 11 10 11 9 10 8 11 8 9 9 7 10 8 8 8 7 9 7 7 9 7 8 7 7 6 7 6 7 8 7 7 7 6 0 0 6 5 5 7 5 3 4 5 4 5 4 3 4 4 4 5 3 4 4 5 3 5 3 3 5 6 3 4 4 6 2 5 1 7 2 7 3 7 2 7 2 8 3 8 3 8 3 9 3 10 3 9 0 0 0 0 0 0 0 0 0 0 ]
158,1783415884.030352,10.4964,-79,CSI_DATA,AP,98:F4:AB:29:67:94,-79,11,1,4,1,1,1,0,0,0,0,-96,0,6,1,44068551,0,84,0,0,44.4517,384,[84 -64 4 0 0 0 0 0 0 0 0 0 5 -22 7 -19 3 -22 7 -19 6 -20 5 -18 4 -18 4 -17 2 -16 2 -15 0 -17 1 -17 0 -15 2 -16 -1 -13 1 -16 0 -15 0 -16 2 -14 -1 -14 0 -12 -1 -11 1 -11 1 -10 1 -11 0 -9 0 0 -1 -10 0 -11 0 -8 0 -7 -1 -8 1 -9 0 -8 0 -6 1 -7 0 -7 2 -7 2 -5 2 -8 2 -7 4 -9 2 -9 2 -9 3 -10 5 -8 4 -9 5 -9 4 -9 6 -9 6 -9 6 -10 7 -12 0 0 0 0 0 0 0 0 0 0 ]
159,1783415884.158145,9.8756,-80,CSI_DATA,AP,98:F4:AB:29:67:94,-80,11,1,4,1,1,1,0,0,0,0,-96,0,6,1,44160739,0,84,0,0,44.5439,384,[84 -64 4 0 0 0 0 0 0 0 0 0 -10 21 -11 18 -10 19 -10 17 -9 18 -8 15 -7 14 -8 14 -7 15 -8 15 -7 15 -4 14 -4 13 -5 15 -6 14 -3 14 -4 10 -2 10 -5 13 -5 10 -6 11 -2 10 -3 8 -2 8 -2 9 -3 7 0 0 -4 8 -4 9 -4 8 -4 8 -4 6 -3 6 -4 5 -3 6 -4 7 -3 5 -4 6 -3 5 -4 5 -6 5 -4 6 -6 5 -6 7 -7 5 -10 4 -8 6 -11 4 -8 5 -7 5 -8 7 -9 9 -9 8 0 0 0 0 0 0 0 0 0 0 ]
160,1783415884.285765,9.6174,-73,CSI_DATA,AP,98:F4:AB:29:67:94,-73,11,0,0,0,0,0,0,0,0,0,-96,0,6,1,44260672,0,84,0,0,44.644,128,[84 -64 4 0 0 0 0 0 0 0 0 0 -39 7 -38 8 -38 3 -38 6 -35 2 -31 6 -32 8 -37 3 -30 11 -32 6 -32 5 -25 9 -31 6 -24 3 -29 4 -21 6 -16 11 -19 8 -16 13 -23 6 -25 6 -12 6 -17 7 -21 5 -17 6 -15 10 0 0 -15 7 -18 7 -16 3 -15 3 -15 8 -14 1 -15 1 -11 1 -13 2 -11 3 -13 2 -12 2 -13 1 -14 1 -16 -1 -17 -1 -17 -1 -17 -1 -17 -5 -16 -4 -19 -5 -19 -3 -21 -5 -21 -3 -20 -3 -23 -5 0 0 0 0 0 0 0 0 0 0 ]
161,1783415884.412332,9.0112,-80,CSI_DATA,AP,98:F4:AB:29:67:94,-80,11,1,4,1,1,1,0,0,0,0,-96,0,6,1,44338298,0,84,0,0,44.7214,384,[84 -64 4 0 0 0 0 0 0 0 0 0 21 -4 18 -4 20 -4 17 -4 18 -4 14 -2 16 -3 15 -2 15 -3 18 -3 14 -3 12 -3 12 -2 13 -4 11 -4 14 -4 9 -4 12 -7 10 -5 10 -5 9 -3 10 -5 9 -3 9 -2 8 -3 8 -4 0 0 8 -4 7 -4 6 -3 6 -3 5 -3 6 -3 6 -2 7 -2 5 -1 6 -1 6 -1 6 0 6 -1 6 -1 8 -2 6 0 8 0 7 0 8 1 8 2 8 2 8 1 9 4 9 2 9 2 11 3 0 0 0 0 0 0 0 0 0 0 ]
162,1783415884.541048,9.1474,-79,CSI_DATA,AP,98:F4:AB:29:67:94,-79,11,1,4,1,1,1,0,0,0,0,-96,0,6,1,44428355,0,84,0,0,44.8115,384,[84 -64 4 0 0 0 0 0 0 0 0 0 -19 -10 -17 -11 -17 -10 -18 -10 -16 -11 -14 -10 -14 -10 -14 -10 -15 -9 -13 -8 -14 -7 -14 -6 -13 -8 -12 -5 -14 -6 -15 -6 -11 -6 -13 -5 -10 -4 -10 -6 -11 -4 -12 -5 -9 -5 -9 -3 -8 -5 -9 -4 0 0 -8 -4 -8 -4 -8 -4 -7 -4 -5 -3 -6 -3 -5 -4 -5 -5 -6 -3 -7 -3 -6 -3 -5 -5 -6 -4 -4 -5 -6 -6 -6 -5 -6 -7 -5 -7 -7 -8 -6 -7 -5 -9 -5 -9 -5 -10 -6 -8 -6 -10 -8 -8 0 0 0 0 0 0 0 0 0 0 ]
163,1783415884.667342,9.1073,-79,CSI_DATA,AP,98:F4:AB:29:67:94,-79,11,1,4,1,1,1,0,0,0,0,-96,0,6,1,44520472,0,84,0,0,44.9037,384,[84 -64 4 0 0 0 0 0 0 0 0 0 -15 16 -14 15 -14 14 -13 13 -13 14 -13 11 -11 13 -10 13 -12 14 -9 13 -8 12 -8 11 -10 12 -8 11 -7 10 -8 11 -6 9 -5 9 -7 8 -8 8 -8 9 -5 7 -4 8 -6 9 -4 8 -5 8 0 0 -5 7 -4 7 -5 7 -5 6 -5 4 -3 5 -4 4 -3 5 -5 4 -5 3 -3 4 -6 4 -4 4 -3 4 -6 6 -6 7 -7 4 -7 4 -8 5 -7 5 -8 4 -9 3 -9 6 -8 4 -9 5 -10 5 0 0 0 0 0 0 0 0 0 0 ]
164,1783415884.795871,9.4172,-79,CSI_DATA,AP,98:F4:AB:29:67:94,-79,11,1,4,1,1,1,0,0,0,0,-96,0,6,1,44607774,0,84,0,0,44.9909,384,[84 -64 4 0 0 0 0 0 0 0 0 0 -17 -16 -14 -14 -15 -13 -13 -12 -14 -13 -14 -12 -12 -11 -12 -10 -13 -10 -11 -12 -12 -10 -13 -10 -11 -9 -13 -9 -12 -9 -13 -9 -11 -6 -11 -6 -10 -6 -9 -5 -9 -6 -10 -6 -8 -5 -8 -6 -8 -6 -8 -6 0 0 -6 -4 -8 -6 -7 -5 -5 -5 -6 -5 -6 -5 -5 -5 -6 -6 -6 -5 -5 -5 -4 -3 -5 -4 -5 -5 -4 -5 -5 -6 -4 -6 -5 -8 -2 -6 -5 -9 -4 -8 -4 -8 -4 -9 -4 -9 -6 -10 -4 -10 -4 -10 0 0 0 0 0 0 0 0 0 0 ]
165,1783415884.922108,8.4864,-79,CSI_DATA,AP,98:F4:AB:29:67:94,-79,11,1,4,1,1,1,0,0,0,0,-96,0,6,1,44702362,0,84,0,0,45.0855,384,[84 -64 4 0 0 0 0 0 0 0 0 0 -9 21 -9 16 -9 17 -10 18 -8 16 -7 14 -7 15 -6 12 -5 12 -5 13 -7 13 -6 13 -2 13 -5 13 -3 12 -3 14 -3 13 -2 10 -3 10 -3 10 -1 9 -1 9 -2 10 -2 8 -1 8 -3 10 0 0 -2 7 -2 8 0 7 -2 7 -3 5 -3 4 -2 5 -1 5 -2 4 -2 5 -3 4 -3 6 -2 7 -2 5 -3 6 -4 7 -4 7 -5 6 -4 7 -6 6 -5 7 -6 7 -5 7 -5 8 -8 7 -6 8 0 0 0 0 0 0 0 0 0 0 ]
166,1783415885.051111,7.3105,-79,CSI_DATA,AP,98:F4:AB:29:67:94,-79,11,1,4,1,1,1,0,0,0,0,-96,0,6,1,44787792,0,84,0,0,45.171,384,[84 -64 4 0 0 0 0 0 0 0 0 0 18 10 14 11 17 12 16 10 14 10 12 10 14 10 13 9 12 8 13 8 12 7 12 7 12 6 10 5 12 7 11 5 10 4 11 4 10 4 11 3 9 5 8 3 9 3 8 2 6 3 8 2 0 0 8 2 8 3 7 2 6 2 5 2 6 2 5 2 5 2 5 1 5 2 5 1 5 0 5 3 4 3 5 3 6 3 7 4 5 5 7 5 6 4 7 6 6 5 7 5 10 4 7 5 7 6 0 0 0 0 0 0 0 0 0 0 ]
167,1783415885.178307,8.3161,-79,CSI_DATA,AP,98:F4:AB:29:67:94,-79,11,1,4,1,1,1,0,0,0,0,-96,0,6,1,44880795,0,84,0,0,45.264,384,[84 -64 4 0 0 0 0 0 0 0 0 0 -18 -15 -17 -16 -18 -14 -17 -15 -15 -14 -13 -14 -14 -12 -13 -12 -12 -13 -14 -10 -13 -11 -14 -10 -14 -9 -13 -8 -12 -10 -15 -8 -12 -9 -11 -8 -10 -8 -11 -7 -10 -8 -10 -7 -10 -5 -10 -6 -8 -5 -8 -5 0 0 -8 -6 -7 -7 -7 -5 -5 -5 -7 -6 -7 -5 -6 -6 -5 -5 -4 -4 -6 -5 -5 -5 -4 -6 -5 -5 -6 -6 -6 -8 -7 -6 -6 -9 -6 -9 -4 -8 -4 -9 -4 -11 -4 -9 -5 -10 -6 -10 -6 -10 -6 -12 0 0 0 0 0 0 0 0 0 0 ]
168,1783415885.302309,8.8300,-79,CSI_DATA,AP,98:F4:AB:29:67:94,-79,11,1,4,1,1,1,0,0,0,0,-96,0,6,1,44978943,0,84,0,0,45.3621,384,[84 -64 4 0 0 0 0 0 0 0 0 0 18 9 18 9 16 11 16 10 17 7 15 7 13 7 16 6 13 7 12 7 13 6 12 4 13 4 13 6 11 4 13 6 11 5 10 3 10 1 9 5 9 3 9 4 9 4 8 3 9 1 9 2 0 0 6 3 9 3 7 3 5 3 5 2 6 4 3 4 4 3 5 3 5 3 5 2 4 4 4 5 4 3 5 4 5 5 4 7 4 6 3 6 3 7 5 7 5 8 4 9 5 8 5 9 7 9 0 0 0 0 0 0 0 0 0 0 ]
169,1783415885.426285,10.2951,-79,CSI_DATA,AP,98:F4:AB:29:67:94,-79,11,1,4,1,1,1,0,0,0,0,-96,0,6,1,45058084,0,84,0,0,45.4411,384,[84 -64 4 0 0 0 0 0 0 0 0 0 2 21 1 21 3 26 3 20 1 21 -1 19 1 16 2 17 1 16 2 17 3 15 2 15 1 14 3 15 1 15 5 15 3 13 5 11 2 12 2 12 2 10 4 10 3 9 1 10 3 11 3 8 0 0 2 6 2 8 1 7 1 8 1 6 2 5 0 7 0 8 0 8 0 7 2 7 4 6 1 7 0 6 0 8 0 8 0 9 0 10 -1 9 -2 8 -2 9 -2 10 -3 11 -2 12 -2 13 -3 11 0 0 0 0 0 0 0 0 0 0 ]
170,1783415885.553570,10.6326,-79,CSI_DATA,AP,98:F4:AB:29:67:94,-79,11,1,4,1,1,1,0,0,0,0,-96,0,6,1,45147727,0,84,0,0,45.5309,384,[84 -64 4 0 0 0 0 0 0 0 0 0 -16 20 -13 18 -16 17 -14 15 -14 17 -12 14 -12 13 -12 12 -12 11 -11 13 -12 14 -9 14 -10 13 -7 14 -7 11 -9 13 -8 12 -7 11 -9 11 -7 10 -8 8 -5 10 -6 9 -7 8 -6 8 -4 7 0 0 -4 9 -5 6 -4 5 -4 6 -4 6 -7 5 -4 5 -6 6 -6 5 -5 1 -4 4 -6 4 -5 4 -8 5 -4 5 -6 5 -8 5 -8 5 -9 3 -9 4 -8 2 -9 5 -10 6 -10 6 -11 5 -12 8 0 0 0 0 0 0 0 0 0 0 ]
171,1783415885.676203,9.7903,-79,CSI_DATA,AP,98:F4:AB:29:67:94,-79,11,1,4,1,1,1,0,0,0,0,-96,0,6,1,45241951,0,84,0,0,45.6251,384,[84 -64 4 0 0 0 0 0 0 0 0 0 -15 18 -12 16 -15 20 -13 16 -13 18 -13 13 -11 14 -11 11 -10 14 -10 11 -10 10 -9 12 -8 13 -9 14 -7 11 -10 13 -8 9 -8 11 -7 8 -8 11 -7 11 -5 10 -6 6 -7 7 -5 7 -4 8 0 0 -4 6 -6 6 -6 4 -5 5 -6 5 -6 5 -6 3 -5 5 -5 4 -5 4 -6 4 -6 4 -5 4 -5 6 -7 3 -8 5 -8 4 -6 2 -9 4 -11 4 -10 1 -10 5 -11 3 -9 4 -10 4 -12 4 0 0 0 0 0 0 0 0 0 0 ]
172,1783415885.805407,10.2479,-80,CSI_DATA,AP,98:F4:AB:29:67:94,-80,11,1,4,1,1,1,0,0,0,0,-96,0,6,1,45328312,0,84,0,0,45.7115,384,[84 -64 4 0 0 0 0 0 0 0 0 0 -20 -7 -18 -7 -20 -8 -19 -7 -18 -7 -15 -7 -17 -8 -15 -6 -17 -5 -16 -5 -14 -5 -15 -5 -14 -5 -14 -4 -13 -4 -15 -4 -13 -3 -11 -2 -12 -3 -12 -4 -11 -3 -10 -2 -11 -3 -10 -3 -10 -2 -10 -2 0 0 -10 -2 -9 -2 -8 -4 -7 -3 -5 -4 -9 -3 -5 -2 -6 -3 -5 -1 -6 -1 -7 -3 -6 -3 -6 -3 -6 -3 -5 -4 -7 -3 -6 -7 -6 -7 -5 -6 -6 -7 -6 -6 -6 -7 -8 -9 -8 -8 -8 -10 -8 -8 0 0 0 0 0 0 0 0 0 0 ]
173,1783415885.930396,9.3840,-79,CSI_DATA,AP,98:F4:AB:29:67:94,-79,11,1,4,1,1,1,0,0,0,0,-96,0,6,1,45422451,0,84,0,0,45.8056,384,[84 -64 4 0 0 0 0 0 0 0 0 0 -10 19 -9 17 -10 17 -10 20 -10 17 -6 14 -7 16 -6 14 -8 13 -6 12 -6 13 -6 11 -6 14 -5 13 -4 12 -5 14 -3 12 -3 11 -3 9 -4 10 -4 10 -3 9 -3 10 -3 8 -3 8 -2 9 0 0 -1 7 -1 6 -3 8 0 6 -3 6 -3 5 -2 5 -4 7 -3 5 -2 5 -2 5 -4 5 -3 5 -3 6 -5 6 -3 7 -5 9 -5 6 -4 6 -5 7 -7 6 -6 6 -6 7 -6 7 -5 8 -8 8 0 0 0 0 0 0 0 0 0 0 ]
174,1783415886.057107,9.0635,-79,CSI_DATA,AP,98:F4:AB:29:67:94,-79,11,1,4,1,1,1,0,0,0,0,-96,0,6,1,45509706,0,84,0,0,45.8929,384,[84 -64 4 0 0 0 0 0 0 0 0 0 3 25 -1 20 1 23 2 21 1 21 1 19 3 19 0 17 1 18 2 17 1 16 1 15 3 15 4 14 0 14 5 15 3 12 2 14 2 12 1 12 2 11 2 11 1 12 1 11 1 9 1 7 0 0 2 8 2 8 2 8 0 6 1 7 1 7 -1 6 -2 6 -1 6 1 5 -2 7 0 5 0 8 0 9 -1 8 -2 6 -2 8 -3 7 -4 8 -2 7 -5 7 -5 10 -5 11 -4 9 -6 10 -5 11 0 0 0 0 0 0 0 0 0 0 ]
175,1783415886.182046,8.4576,-79,CSI_DATA,AP,98:F4:AB:29:67:94,-79,11,1,4,1,1,1,0,0,0,0,-96,0,6,1,45601047,0,84,0,0,45.9842,384,[84 -64 4 0 0 0 0 0 0 0 0 0 -6 -21 -6 -19 -7 -20 -8 -18 -5 -19 -4 -17 -6 -15 -6 -16 -6 -18 -3 -17 -6 -15 -5 -14 -4 -15 -5 -14 -6 -13 -4 -13 -5 -11 -6 -10 -3 -11 -4 -12 -3 -10 -4 -11 -3 -10 -4 -9 -4 -8 -4 -8 0 0 -3 -7 -4 -8 -3 -8 -3 -7 -2 -6 -3 -7 -2 -8 -1 -7 -1 -8 -3 -7 -2 -5 -2 -6 -1 -6 1 -7 0 -8 -2 -8 0 -9 2 -6 2 -9 2 -10 2 -10 2 -9 2 -11 1 -10 3 -11 3 -11 0 0 0 0 0 0 0 0 0 0 ]
176,1783415886.306798,8.3462,-80,CSI_DATA,AP,98:F4:AB:29:67:94,-80,11,1,4,1,1,1,0,0,0,0,-96,0,6,1,45688644,0,84,0,0,46.0718,384,[84 -64 4 0 0 0 0 0 0 0 0 0 -4 -22 -3 -19 -4 -21 -3 -21 -5 -20 -1 -18 -2 -15 -5 -14 -4 -17 -4 -14 -4 -14 -3 -16 -5 -15 -6 -14 -6 -13 -5 -14 -6 -13 -5 -10 -5 -10 -5 -10 -5 -10 -4 -10 -5 -11 -5 -8 -4 -11 -4 -8 0 0 -6 -7 -4 -8 -4 -8 -4 -6 -4 -5 -4 -7 -3 -6 -3 -6 -5 -5 -3 -6 -2 -4 -4 -7 -2 -5 -2 -7 -3 -9 -2 -7 -2 -9 -2 -10 -2 -8 -1 -8 -2 -10 -2 -12 -2 -11 -1 -11 -1 -13 -1 -14 0 0 0 0 0 0 0 0 0 0 ]
177,1783415886.432371,9.7939,-78,CSI_DATA,AP,98:F4:AB:29:67:94,-78,11,1,2,1,1,1,0,0,0,0,-96,0,6,1,45781516,0,84,0,0,46.1646,384,[84 -64 4 0 0 0 0 0 0 0 0 0 21 -8 19 -9 20 -9 18 -8 19 -7 16 -6 16 -6 16 -7 16 -6 16 -4 14 -6 15 -6 13 -6 13 -5 11 -6 14 -5 10 -4 10 -5 10 -5 10 -5 9 -3 9 -3 10 -4 9 -3 10 -4 7 -6 0 0 8 -3 8 -3 8 -3 8 -2 7 -2 6 -1 6 -2 5 0 6 -1 6 -1 5 0 6 0 6 0 7 0 9 1 8 1 8 2 7 2 8 2 8 3 9 4 9 3 9 3 9 4 10 5 11 3 0 0 0 0 0 0 0 0 0 0 ]
178,1783415886.557063,9.3674,-79,CSI_DATA,AP,98:F4:AB:29:67:94,-79,11,1,4,1,1,1,0,0,0,0,-96,0,6,1,45869993,0,84,0,0,46.2532,384,[84 -64 4 0 0 0 0 0 0 0 0 0 18 12 14 12 16 12 16 12 16 12 13 11 14 8 10 10 11 8 12 7 13 9 11 9 10 8 11 7 10 5 12 6 10 7 10 6 9 5 9 4 8 5 8 6 8 6 9 3 7 5 8 3 0 0 7 4 7 3 6 4 5 3 3 4 5 5 3 3 3 4 3 5 4 3 3 3 4 3 4 4 4 4 5 4 4 6 5 6 3 6 4 7 5 6 4 5 4 8 3 7 5 8 3 9 5 9 0 0 0 0 0 0 0 0 0 0 ]
179,1783415886.684323,9.7406,-79,CSI_DATA,AP,98:F4:AB:29:67:94,-79,11,1,4,1,1,1,0,0,0,0,-96,0,6,1,45957789,0,84,0,0,46.341,384,[84 -64 4 0 0 0 0 0 0 0 0 0 14 -16 14 -15 15 -14 12 -12 12 -14 12 -13 13 -12 12 -11 10 -10 10 -13 10 -12 7 -12 8 -13 9 -13 6 -12 8 -12 6 -11 6 -10 7 -10 8 -9 6 -11 6 -10 4 -8 5 -9 5 -8 5 -8 0 0 3 -6 4 -5 5 -7 4 -6 3 -6 3 -6 2 -6 3 -5 4 -5 1 -5 2 -6 4 -4 3 -7 3 -6 4 -6 6 -5 7 -6 5 -6 7 -6 6 -7 7 -6 7 -5 6 -5 7 -6 8 -7 8 -7 0 0 0 0 0 0 0 0 0 0 ]
180,1783415886.810525,9.4341,-78,CSI_DATA,AP,98:F4:AB:29:67:94,-78,11,1,2,1,1,1,0,0,0,0,-96,0,6,1,46049617,0,84,0,0,46.4328,384,[84 -64 4 0 0 0 0 0 0 0 0 0 21 -1 19 -2 22 -1 20 -1 19 1 16 1 16 -1 16 -1 17 -1 16 -1 17 -2 16 -1 15 -1 14 -2 13 -2 14 -3 10 -2 12 -2 9 -1 12 -3 10 -3 9 -2 11 -2 11 -2 9 -2 9 -1 0 0 8 -3 8 -1 7 -3 6 -1 7 0 5 -2 7 0 5 -2 5 -1 6 0 6 -1 4 1 7 0 6 1 7 1 8 1 7 1 8 1 5 4 7 3 8 2 8 4 9 4 9 3 10 4 10 4 0 0 0 0 0 0 0 0 0 0 ]
181,1783415886.934687,9.3493,-78,CSI_DATA,AP,98:F4:AB:29:67:94,-78,11,1,2,1,1,1,0,0,0,0,-96,0,6,1,46144681,0,84,0,0,46.5279,384,[84 -64 4 0 0 0 0 0 0 0 0 0 21 -7 20 -6 18 -5 20 -6 18 -6 17 -5 17 -5 16 -4 14 -6 15 -6 15 -5 14 -7 14 -6 12 -5 12 -5 11 -7 13 -5 9 -6 11 -5 8 -7 9 -5 11 -5 8 -4 9 -4 8 -5 7 -5 0 0 8 -4 7 -4 7 -3 7 -4 6 -2 7 -3 5 -2 5 -2 6 -2 5 -2 4 -2 6 -1 6 -2 7 -2 7 -1 8 -1 8 -2 9 -1 7 -1 8 0 10 0 10 1 8 1 10 0 11 1 12 1 0 0 0 0 0 0 0 0 0 0 ]
182,1783415887.061306,9.4956,-74,CSI_DATA,AP,98:F4:AB:29:67:94,-74,11,0,0,0,0,0,0,0,0,0,-96,0,6,1,46234810,0,84,0,0,46.6181,128,[84 -64 4 0 0 0 0 0 0 0 0 0 -18 -41 -18 -37 -18 -38 -16 -35 -15 -33 -11 -30 -12 -31 -9 -32 -13 -30 -13 -28 -13 -28 -13 -27 -12 -25 -15 -25 -11 -23 -14 -24 -13 -23 -12 -21 -11 -20 -10 -20 -10 -18 -11 -18 -9 -16 -9 -16 -10 -17 -8 -15 0 0 -8 -14 -9 -14 -8 -15 -8 -13 -5 -12 -4 -13 -5 -13 -5 -13 -6 -12 -3 -12 -3 -13 -4 -12 -4 -11 -3 -15 0 -16 -1 -16 -1 -18 0 -16 2 -17 2 -19 3 -19 3 -18 3 -20 3 -20 3 -22 3 -23 0 0 0 0 0 0 0 0 0 0 ]
183,1783415887.188708,9.0391,-80,CSI_DATA,AP,98:F4:AB:29:67:94,-80,11,1,4,1,1,1,0,0,0,0,-96,0,6,1,46318399,0,84,0,0,46.7016,384,[84 -64 4 0 0 0 0 0 0 0 0 0 -1 21 -2 18 -2 19 -2 20 -1 17 -2 17 -2 17 -2 15 -3 14 0 14 -3 13 -1 14 -1 15 1 15 0 13 -1 14 0 12 1 10 0 12 0 9 0 10 -1 10 1 8 0 8 0 9 0 9 0 0 -2 8 1 7 0 7 -1 7 -1 6 -1 6 -2 6 -1 5 -2 5 -1 5 -1 5 -2 5 -2 6 -2 6 -2 7 -4 7 -4 8 -4 6 -4 8 -5 5 -6 8 -5 7 -5 7 -5 9 -7 8 -7 8 0 0 0 0 0 0 0 0 0 0 ]
184,1783415887.315724,9.1968,-79,CSI_DATA,AP,98:F4:AB:29:67:94,-79,11,1,4,1,1,1,0,0,0,0,-96,0,6,1,46412672,0,84,0,0,46.7958,384,[84 -64 4 0 0 0 0 0 0 0 0 0 -4 -20 -4 -21 -3 -21 -2 -20 -3 -18 -3 -19 -3 -17 -4 -16 -3 -17 -3 -16 -3 -14 -5 -14 -4 -13 -2 -13 -4 -13 -4 -13 -4 -12 -4 -11 -3 -11 -2 -12 -5 -13 -4 -10 -2 -10 -4 -8 -4 -11 -4 -8 0 0 -4 -8 -2 -10 -1 -6 -2 -6 -3 -7 -1 -7 -1 -8 -1 -6 0 -7 -3 -6 -3 -6 1 -7 -1 -8 0 -7 -1 -7 -1 -8 1 -9 0 -8 1 -8 2 -8 2 -9 1 -10 2 -11 4 -11 3 -10 1 -11 0 0 0 0 0 0 0 0 0 0 ]
185,1783415887.440791,9.6546,-79,CSI_DATA,AP,98:F4:AB:29:67:94,-79,11,1,4,1,1,1,0,0,0,0,-96,0,6,1,46497874,0,84,0,0,46.881,384,[84 -64 4 0 0 0 0 0 0 0 0 0 21 -4 21 -2 19 -3 19 -2 19 -3 16 -3 17 -1 15 -3 14 -2 13 -3 15 -3 14 -3 15 -4 12 -1 11 -4 12 -3 11 -4 10 -3 10 -4 10 -4 10 -1 8 -3 10 -3 10 -2 10 -1 8 -2 0 0 8 -2 7 -3 7 -2 6 -1 5 0 6 0 7 1 6 -2 4 -1 5 -1 5 -3 5 0 5 0 7 1 7 1 7 2 8 1 8 1 8 3 9 1 7 2 9 2 8 4 9 3 8 5 10 4 0 0 0 0 0 0 0 0 0 0 ]
186,1783415887.566798,9.3963,-80,CSI_DATA,AP,98:F4:AB:29:67:94,-80,11,1,4,1,1,1,0,0,0,0,-96,0,6,1,46591908,0,84,0,0,46.9751,384,[84 -64 4 0 0 0 0 0 0 0 0 0 -17 18 -16 14 -17 16 -14 16 -17 13 -14 12 -13 14 -12 13 -12 13 -14 12 -10 12 -12 13 -12 12 -9 14 -8 10 -8 14 -7 11 -7 11 -8 8 -5 11 -5 12 -3 12 -7 9 -5 9 -4 8 -6 8 0 0 -2 8 -3 8 -4 7 -4 6 -6 6 -2 5 -2 6 -5 6 -4 8 -6 7 -5 6 -4 6 -6 5 -4 6 -4 7 -6 7 -7 6 -7 6 -8 7 -8 6 -9 4 -9 8 -8 6 -10 8 -10 8 -10 8 0 0 0 0 0 0 0 0 0 0 ]
187,1783415887.691252,10.0666,-80,CSI_DATA,AP,98:F4:AB:29:67:94,-80,11,1,4,1,1,1,0,0,0,0,-96,0,6,1,46678646,0,84,0,0,47.0618,384,[84 -64 4 0 0 0 0 0 0 0 0 0 18 -8 18 -7 17 -8 18 -8 17 -7 14 -8 14 -7 15 -7 16 -5 15 -7 11 -7 13 -7 14 -8 13 -8 11 -6 13 -6 11 -6 12 -7 8 -6 9 -6 9 -6 8 -6 7 -4 8 -5 9 -5 8 -5 0 0 6 -6 8 -5 6 -3 6 -3 6 -3 7 -2 7 -4 6 -4 5 -3 5 -3 5 -2 4 -3 6 -1 6 -2 7 -2 7 0 7 -2 8 -1 9 -1 10 0 9 1 9 1 10 0 9 0 11 1 10 -1 0 0 0 0 0 0 0 0 0 0 ]
188,1783415887.818062,9.8900,-80,CSI_DATA,AP,98:F4:AB:29:67:94,-80,11,1,4,1,1,1,0,0,0,0,-96,0,6,1,46768408,0,84,0,0,47.1516,384,[84 -64 4 0 0 0 0 0 0 0 0 0 22 9 21 7 19 7 18 6 18 9 17 5 16 7 15 7 16 6 17 4 15 5 15 5 14 6 16 3 12 4 13 5 12 3 13 5 10 5 11 4 11 4 10 5 10 5 9 3 9 4 9 3 0 0 6 4 8 3 6 5 8 2 6 4 6 4 5 4 5 4 6 3 5 3 4 4 3 5 4 6 5 5 4 7 4 8 5 8 5 6 6 8 4 7 3 9 2 8 2 11 4 11 4 11 4 14 0 0 0 0 0 0 0 0 0 0 ]
189,1783415887.943197,9.4821,-79,CSI_DATA,AP,98:F4:AB:29:67:94,-79,11,1,4,1,1,1,0,0,0,0,-96,0,6,1,46861945,0,84,0,0,47.2452,384,[84 -64 4 0 0 0 0 0 0 0 0 0 23 -1 19 0 20 1 18 1 17 0 16 0 15 0 16 0 15 -1 16 -1 14 -2 12 -1 12 -4 15 -5 12 -2 12 -5 11 -4 10 -3 11 -4 10 -4 9 -3 11 -3 10 -3 9 -2 8 -4 8 -2 0 0 6 -4 8 -3 7 -3 8 -3 5 -1 6 -4 4 -2 5 -2 5 -4 4 -4 5 -3 5 -3 5 -1 5 -1 7 -3 7 -2 9 -1 6 -2 8 0 6 -1 8 0 9 0 9 -1 10 -1 11 -1 12 -1 0 0 0 0 0 0 0 0 0 0 ]
190,1783415888.067247,9.8796,-78,CSI_DATA,AP,98:F4:AB:29:67:94,-78,11,1,2,1,1,1,0,0,0,0,-96,0,6,1,46951605,0,84,0,0,47.3348,384,[84 -64 4 0 0 0 0 0 0 0 0 0 -8 -23 -6 -19 -6 -22 -8 -19 -8 -19 -5 -15 -7 -16 -6 -18 -6 -16 -6 -15 -7 -15 -6 -15 -7 -15 -6 -14 -5 -12 -9 -14 -6 -12 -6 -11 -7 -12 -6 -11 -5 -10 -7 -10 -6 -9 -4 -11 -5 -9 -5 -9 0 0 -6 -7 -6 -9 -5 -7 -6 -7 -3 -7 -4 -7 -4 -7 -5 -7 -4 -6 -4 -6 -4 -6 -2 -6 -4 -6 -3 -7 -4 -8 -4 -8 -3 -11 -2 -9 -1 -9 -1 -10 -2 -12 -2 -10 -2 -11 -1 -12 0 -11 -1 -12 0 0 0 0 0 0 0 0 0 0 ]
191,1783415888.193049,9.9108,-80,CSI_DATA,AP,98:F4:AB:29:67:94,-80,11,1,4,1,1,1,0,0,0,0,-96,0,6,1,47042643,0,84,0,0,47.4258,384,[84 -64 4 0 0 0 0 0 0 0 0 0 8 18 7 17 5 19 8 17 7 16 6 16 8 14 7 12 7 14 5 14 7 13 4 13 6 13 5 13 5 9 5 9 7 12 6 11 4 8 6 9 4 9 4 10 3 9 3 7 4 6 4 7 0 0 2 7 4 7 3 7 4 6 2 4 1 5 2 6 2 5 1 6 1 6 2 5 2 4 1 6 2 6 1 7 1 7 1 7 0 8 0 8 -1 7 -2 7 -1 9 -1 8 -1 10 -2 11 -3 8 0 0 0 0 0 0 0 0 0 0 ]
192,1783415888.317295,9.9943,-79,CSI_DATA,AP,98:F4:AB:29:67:94,-79,11,1,4,1,1,1,0,0,0,0,-96,0,6,1,47131833,0,84,0,0,47.515,384,[84 -64 4 0 0 0 0 0 0 0 0 0 2 -22 2 -20 2 -22 0 -20 2 -20 2 -17 1 -17 2 -17 0 -17 0 -16 1 -15 1 -15 0 -15 0 -16 1 -12 0 -12 -1 -13 -1 -11 0 -12 0 -13 -2 -11 -1 -11 0 -9 0 -9 1 -10 0 -7 0 0 0 -8 -1 -8 0 -8 -1 -8 0 -6 0 -8 0 -8 0 -6 1 -6 0 -6 2 -7 1 -5 1 -6 1 -8 2 -6 2 -5 3 -8 3 -7 6 -7 4 -8 5 -6 6 -8 4 -7 5 -9 6 -9 6 -10 0 0 0 0 0 0 0 0 0 0 ]
193,1783415888.446149,10.2410,-80,CSI_DATA,AP,98:F4:AB:29:67:94,-80,11,1,4,1,1,1,0,0,0,0,-96,0,6,1,47221601,0,84,0,0,47.6048,384,[84 -64 4 0 0 0 0 0 0 0 0 0 -1 -24 -1 -25 -2 -23 0 -23 -1 -21 -1 -19 3 -17 -2 -18 -2 -17 -2 -19 -3 -17 -1 -16 -1 -17 0 -16 -1 -16 -3 -14 -1 -15 -2 -14 -2 -12 0 -15 -1 -12 -1 -12 -3 -10 -3 -12 -3 -10 -3 -10 0 0 -2 -9 -1 -9 -3 -9 -2 -9 1 -9 -1 -9 1 -7 -1 -6 -1 -6 -1 -6 -1 -7 0 -7 0 -8 2 -6 2 -9 2 -10 1 -9 3 -9 4 -10 5 -9 6 -10 4 -11 4 -10 4 -9 6 -11 4 -9 0 0 0 0 0 0 0 0 0 0 ]
194,1783415888.570371,10.4849,-78,CSI_DATA,AP,98:F4:AB:29:67:94,-78,11,1,2,1,1,1,0,0,0,0,-96,0,6,1,47311771,0,84,0,0,47.6949,384,[84 -64 4 0 0 0 0 0 0 0 0 0 -6 21 -5 19 -6 22 -6 17 -6 19 -6 15 -4 16 -5 16 -5 16 -5 14 -4 14 -4 14 -5 15 -3 15 -3 13 -2 15 -2 12 -2 12 -2 11 -2 10 -2 9 -2 9 -2 8 -2 9 -3 10 -2 8 0 0 -2 8 -2 8 -2 7 0 6 -3 5 -1 6 -2 6 -3 5 0 6 -2 6 0 5 -2 5 -2 5 -5 5 -4 7 -4 6 -7 8 -6 6 -6 7 -6 8 -7 7 -7 8 -6 8 -8 7 -9 8 -9 9 0 0 0 0 0 0 0 0 0 0 ]
195,1783415888.696222,10.3767,-80,CSI_DATA,AP,98:F4:AB:29:67:94,-80,11,1,4,1,1,1,0,0,0,0,-96,0,6,1,47398451,0,84,0,0,47.7816,384,[84 -64 4 0 0 0 0 0 0 0 0 0 6 19 6 17 7 18 6 19 5 17 5 15 6 14 6 14 6 14 4 14 5 13 7 13 6 12 6 10 5 12 4 11 3 8 3 10 4 9 3 10 4 9 5 8 5 9 4 8 4 7 3 8 0 0 3 5 3 8 3 7 3 6 2 6 1 5 2 6 1 5 1 5 1 4 3 6 2 6 1 7 0 6 0 7 -1 6 0 9 0 7 0 9 -1 7 0 8 1 9 -1 9 0 10 -1 12 0 11 0 0 0 0 0 0 0 0 0 0 ]
196,1783415888.821923,10.2301,-79,CSI_DATA,AP,98:F4:AB:29:67:94,-79,11,1,4,1,1,1,0,0,0,0,-96,0,6,1,47493423,0,84,0,0,47.8766,384,[84 -64 4 0 0 0 0 0 0 0 0 0 -23 -10 -19 -11 -21 -9 -21 -13 -20 -4 -17 -10 -21 -8 -18 -8 -17 -8 -17 -7 -15 -7 -17 -7 -14 -7 -16 -6 -13 -6 -16 -3 -14 -4 -13 -5 -10 -4 -12 -4 -12 -3 -12 -4 -10 -3 -12 -3 -10 -2 -9 -2 0 0 -10 -2 -8 -4 -8 -2 -7 -3 -7 -3 -8 -2 -7 -3 -5 -2 -6 -1 -6 -3 -7 -3 -7 -3 -7 -2 -7 -3 -7 -4 -7 -2 -9 -6 -8 -5 -8 -6 -8 -7 -8 -7 -7 -7 -8 -8 -11 -7 -11 -7 -10 -7 0 0 0 0 0 0 0 0 0 0 ]
197,1783415888.944479,10.2221,-79,CSI_DATA,AP,98:F4:AB:29:67:94,-79,11,1,4,1,1,1,0,0,0,0,-96,0,6,1,47578905,0,84,0,0,47.9621,384,[84 -64 4 0 0 0 0 0 0 0 0 0 21 2 19 1 20 2 19 1 18 2 16 1 17 -2 15 1 17 0 15 1 14 0 14 0 14 0 13 2 13 0 14 1 12 0 11 1 10 0 12 0 11 -1 11 -1 10 -1 8 0 7 1 6 1 0 0 7 0 8 0 5 0 6 0 7 -1 7 1 5 0 5 0 5 1 6 2 4 -1 5 2 7 1 6 2 6 3 5 1 7 3 8 4 5 4 6 3 6 4 8 3 8 5 8 5 8 5 8 6 0 0 0 0 0 0 0 0 0 0 ]
198,1783415889.071013,9.1647,-79,CSI_DATA,AP,98:F4:AB:29:67:94,-79,11,1,4,1,1,1,0,0,0,0,-96,0,6,1,47670339,0,84,0,0,48.0535,384,[84 -64 4 0 0 0 0 0 0 0 0 0 -14 18 -13 17 -15 14 -12 14 -12 13 -11 13 -12 12 -10 12 -11 13 -10 10 -10 11 -8 12 -8 11 -8 11 -7 10 -6 12 -8 9 -6 9 -7 10 -7 8 -6 9 -6 7 -5 8 -6 8 -5 7 -5 8 0 0 -4 7 -5 6 -6 5 -3 6 -5 5 -4 4 -4 4 -4 6 -3 4 -6 5 -4 5 -4 5 -4 5 -6 5 -5 5 -5 3 -7 5 -8 3 -7 3 -8 4 -7 4 -7 4 -9 5 -9 6 -10 6 -9 6 0 0 0 0 0 0 0 0 0 0 ]
199,1783415889.193008,10.2508,-78,CSI_DATA,AP,98:F4:AB:29:67:94,-78,11,1,2,1,1,1,0,0,0,0,-96,0,6,1,47762139,0,84,0,0,48.1453,384,[84 -64 4 0 0 0 0 0 0 0 0 0 15 -17 14 -15 14 -15 14 -13 15 -14 13 -13 13 -13 12 -13 12 -12 11 -12 10 -13 9 -12 9 -13 8 -12 8 -11 7 -12 7 -11 6 -11 8 -10 7 -10 6 -9 6 -9 6 -7 6 -9 6 -10 3 -7 0 0 4 -8 4 -6 6 -6 4 -7 4 -6 5 -6 4 -5 4 -6 5 -5 5 -2 4 -4 4 -5 4 -6 5 -5 7 -5 6 -5 7 -6 6 -4 8 -4 7 -5 8 -4 10 -4 9 -5 10 -6 10 -5 10 -4 0 0 0 0 0 0 0 0 0 0 ]
200,1783415889.319108,9.6536,-79,CSI_DATA,AP,98:F4:AB:29:67:94,-79,11,1,4,1,1,1,0,0,0,0,-96,0,6,1,47850396,0,84,0,0,48.2336,384,[84 -64 4 0 0 0 0 0 0 0 0 0 -18 -15 -16 -14 -17 -14 -15 -13 -15 -13 -13 -11 -14 -11 -13 -12 -12 -11 -11 -10 -14 -9 -13 -10 -12 -8 -12 -8 -12 -8 -12 -9 -11 -7 -10 -7 -9 -7 -10 -6 -9 -5 -10 -5 -8 -6 -7 -5 -8 -4 -6 -5 0 0 -8 -6 -8 -5 -7 -5 -6 -5 -4 -4 -5 -5 -5 -4 -4 -4 -4 -4 -5 -4 -5 -4 -6 -3 -4 -5 -6 -4 -5 -5 -6 -6 -4 -6 -5 -7 -3 -8 -6 -8 -5 -8 -7 -9 -5 -8 -4 -9 -4 -10 -7 -10 0 0 0 0 0 0 0 0 0 0 ]
201,1783415889.443941,9.1142,-79,CSI_DATA,AP,98:F4:AB:29:67:94,-79,11,1,4,1,1,1,0,0,0,0,-96,0,6,1,47941229,0,84,0,0,48.3244,384,[84 -64 4 0 0 0 0 0 0 0 0 0 17 10 17 10 17 9 15 7 15 10 14 9 14 8 13 9 15 9 12 8 10 7 13 7 13 7 13 7 10 6 13 4 11 4 11 4 10 5 9 5 9 4 8 4 9 4 8 5 8 4 9 4 0 0 6 2 6 2 5 1 6 4 6 3 5 3 5 1 5 2 3 2 5 0 6 3 4 3 5 4 4 3 5 4 5 6 6 6 4 6 4 4 6 5 3 5 6 7 6 9 7 8 5 7 7 8 0 0 0 0 0 0 0 0 0 0 ]
202,1783415889.568619,8.4722,-79,CSI_DATA,AP,98:F4:AB:29:67:94,-79,11,1,4,1,1,1,0,0,0,0,-96,0,6,1,48027977,0,84,0,0,48.4111,384,[84 -64 4 0 0 0 0 0 0 0 0 0 3 22 4 20 4 21 4 17 4 18 1 15 2 17 3 17 3 15 0 15 4 13 4 14 3 15 3 11 1 11 2 12 3 11 1 11 3 10 4 9 2 11 2 10 2 9 3 10 2 8 2 8 0 0 2 7 1 9 3 6 2 6 0 8 1 5 1 6 0 6 1 6 0 7 -1 6 0 4 1 6 0 6 1 6 -1 6 0 7 -2 7 -3 8 -2 7 -3 7 -2 8 -3 9 -3 8 -3 11 -3 10 0 0 0 0 0 0 0 0 0 0 ]
203,1783415889.692443,8.5691,-79,CSI_DATA,AP,98:F4:AB:29:67:94,-79,11,1,4,1,1,1,0,0,0,0,-96,0,6,1,48122608,0,84,0,0,48.5058,384,[84 -64 4 0 0 0 0 0 0 0 0 0 -18 1 -19 0 -20 1 -17 -1 -18 -1 -17 0 -16 0 -13 0 -15 0 -15 2 -13 2 -13 2 -12 1 -12 2 -13 2 -12 1 -10 0 -10 1 -10 1 -8 1 -9 2 -10 1 -8 1 -9 2 -9 0 -7 2 0 0 -7 1 -7 2 -6 0 -5 1 -6 0 -5 0 -6 1 -6 -1 -6 0 -7 0 -5 0 -6 0 -6 -1 -7 -1 -9 -1 -6 -1 -8 -1 -8 -3 -7 -2 -9 -2 -8 -4 -8 -3 -8 -4 -10 -3 -9 -3 -10 -4 0 0 0 0 0 0 0 0 0 0 ]
204,1783415889.818474,8.6380,-79,CSI_DATA,AP,98:F4:AB:29:67:94,-79,11,1,4,1,1,1,0,0,0,0,-96,0,6,1,48208190,0,84,0,0,48.5914,384,[84 -64 4 0 0 0 0 0 0 0 0 0 -17 -14 -14 -13 -16 -14 -16 -13 -15 -14 -14 -10 -12 -11 -11 -12 -15 -9 -13 -10 -12 -10 -12 -11 -11 -10 -12 -9 -11 -9 -11 -11 -9 -9 -10 -7 -8 -8 -11 -7 -9 -5 -9 -4 -7 -7 -7 -6 -8 -8 -8 -5 0 0 -6 -4 -7 -4 -7 -5 -6 -4 -7 -4 -5 -3 -7 -6 -4 -5 -6 -5 -4 -3 -5 -4 -5 -5 -4 -4 -4 -4 -5 -6 -6 -6 -4 -8 -4 -7 -5 -7 -4 -9 -4 -8 -4 -10 -4 -9 -5 -9 -5 -10 -5 -10 0 0 0 0 0 0 0 0 0 0 ]
205,1783415889.941823,8.7535,-80,CSI_DATA,AP,98:F4:AB:29:67:94,-80,11,1,4,1,1,1,0,0,0,0,-96,0,6,1,48297707,0,84,0,0,48.6809,384,[84 -64 4 0 0 0 0 0 0 0 0 0 -23 4 -18 3 -21 4 -18 2 -20 3 -16 1 -19 3 -15 2 -17 2 -16 0 -14 0 -18 1 -14 2 -13 2 -12 2 -16 3 -12 4 -11 4 -12 2 -11 1 -13 3 -10 2 -10 0 -10 2 -9 0 -9 1 0 0 -8 0 -8 1 -8 1 -7 1 -7 0 -6 -1 -7 1 -7 -1 -6 1 -7 0 -6 -2 -8 -1 -6 -1 -7 -1 -7 -1 -9 -1 -9 -2 -8 -4 -11 -4 -9 -4 -9 -6 -10 -4 -8 -6 -9 -6 -9 -7 -11 -5 0 0 0 0 0 0 0 0 0 0 ]
206,1783415890.067544,8.8940,-79,CSI_DATA,AP,98:F4:AB:29:67:94,-79,11,1,4,1,1,1,0,0,0,0,-96,0,6,1,48388655,0,84,0,0,48.7718,384,[84 -64 4 0 0 0 0 0 0 0 0 0 -1 19 -1 19 -1 19 -2 19 0 18 -1 18 -1 16 0 15 -1 17 1 14 0 15 0 14 1 15 -1 13 1 12 1 12 0 12 1 9 0 12 0 11 0 11 0 10 1 7 0 8 0 8 1 8 0 0 1 8 0 7 1 8 0 6 0 6 0 7 1 5 -1 6 -1 5 -2 5 1 6 0 6 0 5 1 6 -1 7 -1 7 -1 7 -2 8 -4 9 -3 7 -3 7 -4 9 -5 10 -4 9 -5 9 -4 11 0 0 0 0 0 0 0 0 0 0 ]
207,1783415890.192508,9.7044,-79,CSI_DATA,AP,98:F4:AB:29:67:94,-79,11,1,4,1,1,1,0,0,0,0,-96,0,6,1,48480175,0,84,0,0,48.8634,384,[84 -64 4 0 0 0 0 0 0 0 0 0 -19 -8 -19 -12 -17 -10 -16 -10 -18 -10 -16 -9 -15 -8 -14 -9 -14 -8 -17 -8 -14 -7 -14 -6 -15 -7 -14 -6 -13 -4 -13 -5 -12 -4 -13 -4 -12 -5 -13 -4 -10 -3 -9 -3 -9 -2 -11 -3 -10 -2 -7 -3 0 0 -9 -3 -7 -4 -9 -2 -7 -3 -6 -2 -5 -3 -5 -2 -6 -4 -6 -3 -7 -2 -7 -3 -5 -3 -7 -3 -7 -4 -7 -3 -5 -4 -6 -7 -7 -4 -8 -5 -8 -6 -9 -6 -9 -7 -8 -6 -10 -6 -8 -7 -10 -7 0 0 0 0 0 0 0 0 0 0 ]
208,1783415890.317938,9.5549,-78,CSI_DATA,AP,98:F4:AB:29:67:94,-78,11,1,2,1,1,1,0,0,0,0,-96,0,6,1,48572701,0,84,0,0,48.9559,384,[84 -64 4 0 0 0 0 0 0 0 0 0 20 8 18 8 18 7 19 7 18 7 16 8 15 7 15 4 15 4 14 6 14 4 14 6 15 6 13 3 11 2 14 5 11 2 12 4 13 3 12 1 10 2 12 1 10 2 10 4 9 1 9 1 0 0 7 0 9 2 6 0 7 2 6 1 6 2 5 3 4 0 4 1 4 0 6 2 5 2 6 2 5 3 6 3 7 3 6 5 6 3 7 5 6 3 7 5 9 4 8 5 8 6 10 6 9 7 0 0 0 0 0 0 0 0 0 0 ]
209,1783415890.444853,9.2520,-79,CSI_DATA,AP,98:F4:AB:29:67:94,-79,11,1,4,1,1,1,0,0,0,0,-96,0,6,1,48660865,0,84,0,0,49.044,384,[84 -64 4 0 0 0 0 0 0 0 0 0 19 9 18 7 20 8 16 7 15 10 13 8 15 8 14 8 14 6 12 8 13 4 11 6 13 5 13 6 10 5 12 5 12 4 12 5 9 3 9 4 9 3 11 3 10 2 9 3 8 2 6 3 0 0 6 3 8 2 7 2 7 1 6 3 5 3 6 3 4 2 3 3 5 2 5 3 5 3 6 2 5 5 6 3 6 3 5 5 4 5 5 6 6 6 6 6 5 5 7 7 7 6 7 8 6 7 0 0 0 0 0 0 0 0 0 0 ]
210,1783415890.568059,8.3219,-79,CSI_DATA,AP,98:F4:AB:29:67:94,-79,11,1,4,1,1,1,0,0,0,0,-96,0,6,1,48751264,0,84,0,0,49.1343,384,[84 -64 4 0 0 0 0 0 0 0 0 0 20 -4 20 -1 20 -5 20 -1 19 -1 16 -1 17 -3 16 -1 15 -2 17 -3 15 -2 13 -4 14 -5 14 -3 12 -3 13 -5 10 -3 10 -4 9 -4 11 -4 9 -4 9 -3 8 -3 8 -3 7 -4 8 -4 0 0 7 -4 8 -4 7 -5 6 -1 5 -2 5 -2 7 -3 5 -2 5 -1 5 -2 4 -3 5 -3 6 -3 7 -2 5 -2 7 -2 8 -2 8 0 7 -1 9 -1 8 1 9 0 9 -2 9 -1 9 0 10 -2 0 0 0 0 0 0 0 0 0 0 ]
211,1783415890.693870,8.5873,-79,CSI_DATA,AP,98:F4:AB:29:67:94,-79,11,1,4,1,1,1,0,0,0,0,-96,0,6,1,48841194,0,84,0,0,49.2244,384,[84 -64 4 0 0 0 0 0 0 0 0 0 20 0 18 -2 21 -1 19 -1 17 -1 15 0 16 -2 16 0 14 0 14 -1 13 -2 16 -2 13 -1 14 -1 11 -2 13 -1 11 -4 11 -3 9 -2 9 -1 11 -2 9 -2 8 -1 8 -3 9 -2 7 0 0 0 7 0 7 0 7 0 7 1 5 -2 7 1 6 0 5 0 4 1 3 1 5 1 7 0 6 1 6 1 7 3 6 2 8 2 5 4 7 4 7 3 7 3 8 4 7 5 8 4 8 6 9 6 0 0 0 0 0 0 0 0 0 0 ]
212,1783415890.817548,10.4068,-79,CSI_DATA,AP,98:F4:AB:29:67:94,-79,11,1,4,1,1,1,0,0,0,0,-96,0,6,1,48935318,0,84,0,0,49.3185,384,[84 -64 4 0 0 0 0 0 0 0 0 0 2 -24 2 -22 2 -22 -2 -23 2 -22 2 -20 2 -19 1 -20 2 -16 1 -16 1 -16 0 -17 1 -16 -1 -14 -1 -16 -3 -14 0 -16 -1 -14 0 -13 0 -14 -1 -12 0 -13 -1 -12 -2 -12 -1 -12 -1 -11 0 0 -1 -8 -1 -9 0 -8 0 -8 1 -8 2 -7 1 -8 1 -7 3 -8 0 -7 0 -6 2 -8 1 -7 3 -9 2 -8 2 -8 3 -10 3 -9 4 -9 5 -8 7 -8 7 -9 7 -10 8 -10 8 -8 9 -11 0 0 0 0 0 0 0 0 0 0 ]
213,1783415890.942420,9.4604,-79,CSI_DATA,AP,98:F4:AB:29:67:94,-79,11,1,4,1,1,1,0,0,0,0,-96,0,6,1,49018791,0,84,0,0,49.402,384,[84 -64 4 0 0 0 0 0 0 0 0 0 -21 -7 -17 -8 -21 -7 -18 -8 -18 -8 -17 -7 -16 -5 -15 -6 -15 -6 -15 -3 -15 -4 -14 -4 -15 -2 -15 -3 -14 -4 -14 -3 -13 -3 -13 -2 -12 -1 -12 -2 -11 -3 -12 -3 -10 -1 -10 -1 -8 -1 -8 -2 0 0 -9 -1 -9 0 -8 -1 -8 0 -8 -2 -7 0 -6 -1 -7 -3 -6 0 -7 -1 -8 0 -5 -2 -6 -1 -6 -2 -7 -2 -7 0 -8 -3 -8 -4 -8 -4 -10 -3 -9 -5 -9 -5 -11 -5 -11 -5 -11 -5 -10 -5 0 0 0 0 0 0 0 0 0 0 ]
214,1783415891.066876,8.5579,-80,CSI_DATA,AP,98:F4:AB:29:67:94,-80,11,1,4,1,1,1,0,0,0,0,-96,0,6,1,49109233,0,84,0,0,49.4924,384,[84 -64 4 0 0 0 0 0 0 0 0 0 12 12 11 13 13 16 14 13 11 17 11 14 11 13 9 12 11 11 11 11 10 13 12 11 9 9 12 7 8 8 11 9 9 7 8 7 9 8 8 6 9 7 9 7 6 6 6 5 5 6 7 7 0 0 6 5 6 5 5 5 4 5 5 4 4 4 4 5 3 4 2 4 3 3 2 4 4 3 2 5 3 7 3 6 2 7 1 7 2 7 2 8 2 8 0 8 1 10 1 9 1 11 2 9 3 10 0 0 0 0 0 0 0 0 0 0 ]
215,1783415891.190903,8.2269,-79,CSI_DATA,AP,98:F4:AB:29:67:94,-79,11,1,4,1,1,1,0,0,0,0,-96,0,6,1,49201464,0,84,0,0,49.5846,384,[84 -64 4 0 0 0 0 0 0 0 0 0 -10 -22 -7 -19 -12 -23 -9 -20 -8 -20 -8 -19 -8 -18 -6 -18 -8 -15 -9 -17 -10 -16 -8 -16 -7 -17 -8 -16 -7 -14 -7 -14 -6 -11 -10 -12 -6 -12 -6 -11 -8 -10 -4 -10 -6 -10 -7 -10 -7 -8 -6 -9 0 0 -5 -8 -5 -9 -5 -7 -3 -8 -3 -8 -4 -7 -4 -7 -3 -7 -1 -6 -4 -7 -5 -7 -4 -5 -5 -7 -3 -7 -3 -9 -2 -9 -1 -7 1 -10 1 -11 -2 -9 0 -11 -1 -11 0 -12 0 -12 -1 -12 -1 -13 0 0 0 0 0 0 0 0 0 0 ]
216,1783415891.316234,8.5338,-80,CSI_DATA,AP,98:F4:AB:29:67:94,-80,11,1,4,1,1,1,0,0,0,0,-96,0,6,1,49289586,0,84,0,0,49.6728,384,[84 -64 4 0 0 0 0 0 0 0 0 0 1 -23 -1 -20 0 -21 0 -18 1 -17 0 -17 -1 -16 1 -16 1 -16 -1 -16 -1 -17 0 -16 0 -15 -1 -16 0 -13 -2 -14 0 -12 0 -12 -1 -10 1 -11 -1 -12 0 -11 0 -9 0 -11 1 -9 0 -9 0 0 1 -8 0 -9 -1 -6 0 -7 1 -6 1 -7 0 -6 0 -7 0 -5 1 -6 0 -7 0 -7 -1 -7 2 -6 4 -7 2 -5 2 -8 3 -7 5 -7 5 -8 4 -9 5 -9 6 -8 5 -10 5 -10 7 -11 0 0 0 0 0 0 0 0 0 0 ]
217,1783415891.439037,8.2642,-78,CSI_DATA,AP,98:F4:AB:29:67:94,-78,11,1,2,1,1,1,0,0,0,0,-96,0,6,1,49382269,0,84,0,0,49.7655,384,[84 -64 4 0 0 0 0 0 0 0 0 0 -21 8 -19 8 -21 6 -20 6 -20 7 -17 5 -18 5 -15 5 -16 5 -15 6 -15 6 -14 7 -14 8 -14 6 -11 7 -12 6 -11 6 -12 6 -11 4 -12 6 -10 6 -9 4 -10 5 -9 5 -7 4 -7 6 0 0 -7 4 -8 5 -7 4 -7 4 -6 4 -6 3 -6 3 -6 2 -6 2 -6 1 -6 3 -7 2 -7 2 -6 2 -8 3 -8 3 -9 2 -10 1 -10 3 -11 1 -8 2 -10 2 -9 2 -13 4 -12 1 -12 1 0 0 0 0 0 0 0 0 0 0 ]
218,1783415891.563747,9.2313,-79,CSI_DATA,AP,98:F4:AB:29:67:94,-79,11,1,4,1,1,1,0,0,0,0,-96,0,6,1,49467905,0,84,0,0,49.851,384,[84 -64 4 0 0 0 0 0 0 0 0 0 -19 -10 -16 -11 -18 -9 -18 -9 -16 -10 -15 -9 -15 -10 -13 -9 -16 -6 -14 -10 -14 -8 -13 -6 -13 -5 -14 -7 -12 -6 -12 -7 -13 -7 -11 -6 -10 -6 -10 -4 -10 -3 -10 -4 -9 -5 -11 -3 -10 -3 -9 -3 0 0 -8 -3 -8 -3 -7 -4 -8 -4 -7 -2 -5 -3 -5 -5 -5 -3 -6 -4 -6 -3 -5 -3 -6 -3 -7 -4 -4 -3 -6 -5 -6 -4 -6 -8 -7 -5 -7 -7 -6 -7 -6 -6 -7 -7 -6 -10 -8 -8 -7 -7 -9 -9 0 0 0 0 0 0 0 0 0 0 ]
219,1783415891.690336,8.8665,-80,CSI_DATA,AP,98:F4:AB:29:67:94,-80,11,1,4,1,1,1,0,0,0,0,-96,0,6,1,49557382,0,84,0,0,49.9406,384,[84 -64 4 0 0 0 0 0 0 0 0 0 20 9 17 8 18 6 17 7 17 7 16 8 16 7 15 6 11 4 15 4 13 5 12 3 13 3 14 3 13 4 12 2 13 2 11 1 11 2 9 2 11 2 10 2 9 2 9 3 8 3 7 1 0 0 7 0 7 0 7 2 5 1 6 2 5 1 5 1 5 2 4 2 6 3 4 3 5 2 6 3 5 4 6 3 5 5 6 3 8 5 7 6 6 5 7 6 7 6 6 6 9 6 7 8 10 8 0 0 0 0 0 0 0 0 0 0 ]
220,1783415891.817580,9.6254,-79,CSI_DATA,AP,98:F4:AB:29:67:94,-79,11,1,4,1,1,1,0,0,0,0,-96,0,6,1,49647942,0,84,0,0,50.0311,384,[84 -64 4 0 0 0 0 0 0 0 0 0 20 -9 19 -8 19 -8 15 -6 19 -9 16 -6 15 -5 14 -6 15 -5 14 -7 14 -7 12 -8 12 -7 12 -7 12 -6 12 -7 10 -7 11 -7 11 -5 8 -5 8 -5 10 -5 8 -6 9 -6 8 -6 6 -4 0 0 5 -4 6 -4 6 -5 7 -5 6 -4 5 -3 5 -3 4 -2 4 -1 5 -3 4 -2 5 -3 6 -4 6 -3 7 -2 7 -1 8 -3 8 -2 7 -1 7 -1 9 0 9 -2 10 0 9 0 10 0 11 -1 0 0 0 0 0 0 0 0 0 0 ]
221,1783415891.942797,10.7736,-79,CSI_DATA,AP,98:F4:AB:29:67:94,-79,11,1,4,1,1,1,0,0,0,0,-96,0,6,1,49739021,0,84,0,0,50.1222,384,[84 -64 4 0 0 0 0 0 0 0 0 0 -20 -8 -18 -8 -20 -10 -18 -8 -19 -8 -16 -7 -16 -9 -15 -8 -16 -6 -16 -7 -14 -6 -14 -5 -13 -6 -13 -6 -13 -5 -14 -3 -12 -3 -13 -3 -10 -3 -11 -3 -12 -5 -12 -4 -11 -3 -9 -3 -10 -4 -10 -3 0 0 -8 -2 -8 -3 -7 -3 -7 -1 -6 -3 -7 -3 -6 -3 -6 -3 -5 -4 -7 -3 -7 -3 -7 -4 -7 -2 -6 -4 -7 -4 -6 -6 -8 -6 -8 -6 -7 -6 -8 -7 -7 -8 -7 -7 -8 -8 -9 -8 -9 -10 -10 -9 0 0 0 0 0 0 0 0 0 0 ]
222,1783415892.065585,10.9896,-73,CSI_DATA,AP,98:F4:AB:29:67:94,-73,11,0,0,0,0,0,0,0,0,0,-96,0,6,1,49831414,0,84,0,0,50.2147,128,[84 -64 4 0 0 0 0 0 0 0 0 0 21 37 16 34 18 35 18 34 16 31 14 29 13 31 11 28 13 28 13 26 16 23 15 24 14 22 17 23 11 20 14 21 12 20 11 18 12 17 11 19 8 16 9 15 10 15 11 13 9 13 11 13 0 0 8 12 9 13 6 11 7 12 6 12 5 12 4 10 3 9 5 10 2 9 5 11 4 9 4 10 2 14 3 14 1 14 2 16 0 13 -2 16 -1 16 -3 17 -3 17 -2 19 0 20 -1 20 0 21 0 0 0 0 0 0 0 0 0 0 ]
223,1783415892.191482,9.4619,-79,CSI_DATA,AP,98:F4:AB:29:67:94,-79,11,1,4,1,1,1,0,0,0,0,-96,0,6,1,49918635,0,84,0,0,50.3018,384,[84 -64 4 0 0 0 0 0 0 0 0 0 8 -19 7 -18 9 -20 8 -16 7 -17 6 -15 6 -17 7 -15 6 -15 7 -15 8 -14 5 -13 5 -13 6 -13 3 -12 4 -15 3 -10 2 -12 2 -11 4 -10 3 -9 3 -11 4 -8 3 -9 3 -8 2 -9 0 0 2 -10 2 -7 3 -4 3 -5 3 -7 2 -6 3 -6 2 -7 2 -6 2 -5 3 -5 3 -4 3 -6 3 -5 4 -5 5 -5 6 -6 5 -4 5 -5 7 -5 8 -5 8 -5 8 -5 9 -4 9 -6 8 -7 0 0 0 0 0 0 0 0 0 0 ]
224,1783415892.315331,10.7299,-80,CSI_DATA,AP,98:F4:AB:29:67:94,-80,11,1,4,1,1,1,0,0,0,0,-96,0,6,1,50007882,0,84,0,0,50.391,384,[84 -64 4 0 0 0 0 0 0 0 0 0 -24 0 -23 1 -23 0 -21 2 -21 -1 -18 0 -18 0 -18 -2 -17 1 -19 0 -16 -2 -17 1 -19 -1 -16 1 -16 -1 -17 3 -13 -2 -15 1 -12 0 -12 1 -12 1 -12 1 -11 0 -10 -1 -12 -1 -10 0 0 0 -10 1 -10 0 -9 1 -8 0 -7 0 -7 -2 -6 0 -6 -1 -7 -2 -7 -1 -6 -2 -7 -2 -7 -2 -8 -4 -6 -3 -8 -4 -10 -4 -9 -5 -8 -4 -8 -6 -8 -7 -9 -7 -12 -7 -12 -9 -12 -8 -11 -6 0 0 0 0 0 0 0 0 0 0 ]
225,1783415892.438904,9.8413,-79,CSI_DATA,AP,98:F4:AB:29:67:94,-79,11,1,4,1,1,1,0,0,0,0,-96,0,6,1,50100010,0,84,0,0,50.4832,384,[84 -64 4 0 0 0 0 0 0 0 0 0 20 -6 16 -5 20 -4 17 -5 18 -5 16 -4 15 -6 13 -3 15 -4 16 -4 13 -4 13 -5 13 -5 12 -4 11 -6 13 -4 9 -5 11 -4 11 -5 10 -6 10 -4 9 -4 9 -3 7 -4 8 -4 7 -3 0 0 7 -3 8 -4 6 -4 6 -2 6 -2 7 -2 5 -1 4 -2 4 0 5 -1 5 -2 5 -2 6 -1 5 -1 7 -1 6 1 8 1 8 1 7 2 8 1 8 1 9 0 9 2 9 1 9 2 10 2 0 0 0 0 0 0 0 0 0 0 ]
226,1783415892.564124,9.7443,-79,CSI_DATA,AP,98:F4:AB:29:67:94,-79,11,1,4,1,1,1,0,0,0,0,-96,0,6,1,50192075,0,84,0,0,50.5752,384,[84 -64 4 0 0 0 0 0 0 0 0 0 -6 -22 -5 -20 -3 -20 -4 -19 -3 -19 -4 -17 -5 -16 -3 -16 -3 -15 -4 -16 -4 -16 -5 -16 -4 -16 -4 -13 -5 -13 -7 -13 -5 -10 -5 -12 -5 -11 -4 -12 -3 -11 -5 -10 -4 -9 -3 -8 -4 -9 -4 -9 0 0 -3 -7 -4 -8 -4 -6 -3 -7 -3 -7 -2 -7 -2 -7 -2 -6 -3 -6 -3 -6 -2 -5 -2 -6 -2 -7 -1 -5 -1 -8 -1 -8 -1 -8 -1 -8 1 -9 1 -9 2 -9 0 -10 0 -11 0 -10 1 -11 0 -10 0 0 0 0 0 0 0 0 0 0 ]
227,1783415892.690773,9.0640,-79,CSI_DATA,AP,98:F4:AB:29:67:94,-79,11,1,4,1,1,1,0,0,0,0,-96,0,6,1,50282012,0,84,0,0,50.6651,384,[84 -64 4 0 0 0 0 0 0 0 0 0 15 -17 14 -13 14 -16 12 -14 14 -13 10 -12 11 -12 12 -13 11 -12 10 -12 9 -10 9 -12 9 -12 10 -11 6 -9 9 -13 5 -9 6 -12 6 -9 7 -10 7 -9 4 -8 6 -8 4 -7 4 -8 3 -8 0 0 3 -8 4 -7 5 -7 4 -7 3 -6 4 -7 4 -5 2 -6 2 -6 2 -5 3 -5 2 -7 4 -7 3 -6 3 -6 2 -6 5 -6 7 -6 5 -8 4 -6 5 -5 5 -6 7 -7 7 -7 7 -7 8 -8 0 0 0 0 0 0 0 0 0 0 ]
228,1783415892.821957,8.9093,-79,CSI_DATA,AP,98:F4:AB:29:67:94,-79,11,1,4,1,1,1,0,0,0,0,-96,0,6,1,50367702,0,84,0,0,50.7509,384,[84 -64 4 0 0 0 0 0 0 0 0 0 18 -9 18 -10 20 -8 17 -10 16 -10 14 -6 14 -8 12 -7 13 -7 14 -6 15 -5 14 -7 12 -6 14 -8 11 -7 11 -9 10 -5 8 -7 9 -7 10 -6 8 -5 7 -5 8 -5 7 -6 8 -4 6 -5 0 0 6 -5 7 -6 5 -5 7 -5 6 -3 5 -4 5 -2 5 -2 6 -2 5 -3 5 -3 6 -3 7 -4 7 -3 7 -1 8 -3 7 -2 7 0 8 -1 8 0 7 0 9 1 9 -1 9 1 11 -1 9 0 0 0 0 0 0 0 0 0 0 0 ]
229,1783415892.945685,7.5715,-80,CSI_DATA,AP,98:F4:AB:29:67:94,-80,11,1,4,1,1,1,0,0,0,0,-96,0,6,1,50460595,0,84,0,0,50.8438,384,[84 -64 4 0 0 0 0 0 0 0 0 0 2 21 3 17 1 21 1 18 1 19 0 16 1 17 -1 14 2 15 2 16 2 14 1 14 0 14 3 14 2 11 1 16 1 12 2 12 3 10 2 10 2 10 1 12 2 9 2 10 2 7 2 8 0 0 2 8 3 5 3 7 3 6 2 6 0 7 1 5 1 4 0 7 0 5 -1 7 -1 5 0 5 0 5 -1 8 1 8 -1 7 -3 8 0 9 -2 6 -1 9 -1 8 -3 9 -3 10 -3 9 -2 10 0 0 0 0 0 0 0 0 0 0 ]
230,1783415893.070686,8.2441,-78,CSI_DATA,AP,98:F4:AB:29:67:94,-78,11,1,2,1,1,1,0,0,0,0,-96,0,6,1,50555591,0,84,0,0,50.9388,384,[84 -64 4 0 0 0 0 0 0 0 0 0 -23 5 -21 3 -20 4 -19 4 -19 4 -18 3 -17 3 -17 2 -17 4 -17 3 -17 7 -14 3 -15 3 -15 3 -11 3 -13 3 -11 3 -13 3 -10 3 -13 3 -13 3 -13 4 -11 3 -9 3 -9 2 -9 3 0 0 -8 2 -9 2 -7 1 -8 1 -7 1 -8 1 -7 1 -7 -1 -8 1 -9 1 -6 1 -7 -1 -7 0 -6 0 -7 -1 -7 -1 -10 -2 -9 -2 -10 -3 -10 -3 -10 -4 -10 -2 -12 -3 -12 -2 -11 -4 -11 -4 0 0 0 0 0 0 0 0 0 0 ]
231,1783415893.194054,8.5681,-80,CSI_DATA,AP,98:F4:AB:29:67:94,-80,11,1,4,1,1,1,0,0,0,0,-96,0,6,1,50639272,0,84,0,0,51.0224,384,[84 -64 4 0 0 0 0 0 0 0 0 0 -20 6 -19 5 -20 4 -18 4 -20 4 -16 4 -15 0 -14 4 -15 3 -16 3 -13 3 -13 6 -13 5 -13 5 -13 3 -13 4 -12 3 -10 4 -10 3 -11 4 -9 3 -11 4 -9 3 -8 4 -8 4 -8 4 0 0 -7 2 -7 2 -9 2 -6 3 -5 2 -6 2 -5 1 -5 0 -6 1 -8 3 -6 1 -6 1 -5 2 -7 0 -7 1 -6 0 -8 -3 -9 -1 -8 -1 -9 -1 -8 -2 -10 0 -9 -2 -9 0 -10 -1 -10 -1 0 0 0 0 0 0 0 0 0 0 ]
232,1783415893.320088,8.3000,-80,CSI_DATA,AP,98:F4:AB:29:67:94,-80,11,1,4,1,1,1,0,0,0,0,-96,0,6,1,50729498,0,84,0,0,51.1127,384,[84 -64 4 0 0 0 0 0 0 0 0 0 -21 -9 -17 -9 -19 -10 -18 -10 -17 -9 -17 -8 -15 -8 -15 -9 -16 -8 -15 -7 -14 -5 -15 -9 -15 -6 -12 -5 -13 -5 -13 -5 -12 -5 -11 -4 -10 -4 -10 -4 -10 -4 -10 -6 -9 -5 -8 -4 -8 -2 -10 -4 0 0 -8 -4 -8 -4 -7 -3 -8 -3 -6 -2 -6 -2 -5 -4 -5 -5 -7 -3 -6 -2 -6 -3 -4 -4 -5 -3 -5 -4 -6 -5 -6 -6 -6 -7 -5 -5 -6 -7 -6 -8 -7 -7 -6 -8 -5 -9 -7 -8 -6 -9 -8 -9 0 0 0 0 0 0 0 0 0 0 ]
233,1783415893.443512,8.6348,-77,CSI_DATA,AP,98:F4:AB:29:67:94,-77,11,1,2,1,1,1,0,0,0,0,-96,0,6,1,50822107,0,84,0,0,51.2053,384,[84 -64 4 0 0 0 0 0 0 0 0 0 19 10 14 12 15 6 12 9 18 14 19 8 12 8 13 11 12 12 16 9 15 9 16 7 14 13 11 2 13 5 6 4 9 11 13 5 15 0 12 9 9 3 12 -2 10 6 7 7 4 3 6 3 0 0 8 6 8 5 5 6 6 6 8 2 5 4 2 3 3 0 4 3 4 4 4 5 3 5 4 5 3 5 3 5 2 6 4 8 2 7 3 8 3 9 3 9 2 9 4 8 4 11 2 10 2 12 0 0 0 0 0 0 0 0 0 0 ]
234,1783415893.568386,9.0323,-79,CSI_DATA,AP,98:F4:AB:29:67:94,-79,11,1,4,1,1,1,0,0,0,0,-96,0,6,1,50908758,0,84,0,0,51.2919,384,[84 -64 4 0 0 0 0 0 0 0 0 0 -20 7 -20 7 -20 6 -19 5 -18 5 -16 6 -15 4 -15 4 -14 5 -15 5 -15 6 -12 4 -13 6 -15 5 -13 5 -12 5 -12 4 -12 3 -11 4 -11 5 -9 4 -10 3 -8 3 -10 3 -8 3 -8 4 0 0 -9 2 -8 3 -6 0 -8 3 -7 1 -7 2 -5 2 -6 1 -6 2 -6 1 -7 -1 -5 0 -7 1 -6 0 -8 -1 -6 -1 -9 -1 -7 -2 -8 -2 -8 -3 -9 -3 -11 -2 -9 -2 -10 -3 -10 -5 -11 -3 0 0 0 0 0 0 0 0 0 0 ]
235,1783415893.695572,9.4402,-78,CSI_DATA,AP,98:F4:AB:29:67:94,-78,11,1,2,1,1,1,0,0,0,0,-96,0,6,1,51001489,0,84,0,0,51.3846,384,[84 -64 4 0 0 0 0 0 0 0 0 0 19 -4 20 -3 20 0 18 -2 20 -2 17 -4 16 -3 16 -2 16 -3 15 -4 16 -4 15 -3 15 -4 14 -4 13 -4 12 -4 12 -4 10 -4 10 -4 10 -3 10 -5 9 -4 8 -3 9 -3 9 -4 9 -3 0 0 6 -3 7 -3 7 -2 7 -3 6 -2 7 -2 5 -2 5 -2 6 -1 6 -3 5 -1 5 -3 7 -1 7 -1 7 -1 7 -1 9 1 8 -1 8 1 8 0 9 0 9 1 9 0 11 1 11 1 13 1 0 0 0 0 0 0 0 0 0 0 ]
236,1783415893.820891,10.1159,-80,CSI_DATA,AP,98:F4:AB:29:67:94,-80,11,1,4,1,1,1,0,0,0,0,-96,0,6,1,51090365,0,84,0,0,51.4735,384,[84 -64 4 0 0 0 0 0 0 0 0 0 3 -23 3 -19 3 -22 2 -17 4 -20 4 -16 3 -16 3 -15 2 -15 5 -15 3 -15 2 -16 3 -14 4 -14 2 -12 3 -14 -1 -13 -1 -13 2 -11 2 -13 0 -13 1 -11 1 -9 2 -9 1 -10 0 -9 0 0 3 -8 0 -8 2 -6 2 -8 2 -6 2 -5 1 -7 3 -6 2 -6 2 -4 3 -6 2 -5 2 -4 3 -4 4 -6 4 -6 5 -8 5 -5 5 -4 7 -6 6 -4 6 -6 8 -6 8 -6 8 -5 8 -6 0 0 0 0 0 0 0 0 0 0 ]
237,1783415893.947675,9.4229,-80,CSI_DATA,AP,98:F4:AB:29:67:94,-80,11,1,4,1,1,1,0,0,0,0,-96,0,6,1,51186932,0,84,0,0,51.5701,384,[84 -64 4 0 0 0 0 0 0 0 0 0 -7 21 -4 17 -6 20 -5 17 -6 18 -5 15 -5 16 -4 15 -4 14 -5 13 -4 13 -3 13 -3 15 -3 15 -4 12 -4 14 -2 10 -2 10 -3 9 -2 9 -3 9 -3 10 -1 8 -2 8 -3 8 -3 7 0 0 -2 10 -2 7 -2 6 -1 8 -3 4 -4 6 -1 4 -1 4 -3 4 -3 4 -2 5 -1 4 -4 3 -3 6 -4 6 -4 5 -6 7 -5 4 -6 5 -6 6 -7 5 -7 6 -8 5 -6 6 -8 7 -8 7 0 0 0 0 0 0 0 0 0 0 ]
238,1783415894.074771,8.9082,-73,CSI_DATA,AP,98:F4:AB:29:67:94,-73,11,0,0,0,0,0,0,0,0,0,-96,0,6,1,51272718,0,84,0,0,51.656,128,[84 -64 4 0 0 0 0 0 0 0 0 0 40 -11 39 -9 39 -10 36 -9 36 -8 34 -7 32 -7 32 -5 30 -7 28 -7 28 -10 27 -10 27 -11 27 -9 22 -8 25 -8 22 -8 20 -7 21 -8 19 -5 18 -5 19 -7 16 -5 16 -7 16 -8 15 -7 0 0 16 -6 14 -6 13 -5 13 -5 10 -5 12 -2 12 -2 12 -1 11 -3 11 -1 10 -2 10 -1 11 -1 11 0 14 0 14 2 16 1 13 4 15 5 14 5 14 6 17 6 17 6 19 3 18 6 21 7 0 0 0 0 0 0 0 0 0 0 ]
239,1783415894.200912,9.5447,-79,CSI_DATA,AP,98:F4:AB:29:67:94,-79,11,1,4,1,1,1,0,0,0,0,-96,0,6,1,51360078,0,84,0,0,51.7433,384,[84 -64 4 0 0 0 0 0 0 0 0 0 -4 -20 -3 -21 -4 -21 -2 -19 -4 -20 -1 -17 -2 -16 -3 -16 -4 -16 -2 -15 -3 -15 -4 -15 -5 -15 -4 -15 -4 -13 -5 -15 -5 -12 -3 -12 -3 -10 -3 -10 -5 -12 -3 -10 -1 -10 -3 -9 -3 -10 -4 -9 0 0 -4 -8 -3 -9 -2 -8 -2 -7 -2 -6 -1 -7 -1 -8 -4 -7 -1 -7 -1 -7 0 -7 -2 -6 -1 -8 -2 -7 -2 -6 0 -8 1 -9 0 -9 0 -7 0 -8 3 -8 1 -10 2 -10 2 -12 2 -10 2 -11 0 0 0 0 0 0 0 0 0 0 ]
240,1783415894.328338,9.2202,-80,CSI_DATA,AP,98:F4:AB:29:67:94,-80,11,1,4,1,1,1,0,0,0,0,-96,0,6,1,51447742,0,84,0,0,51.8309,384,[84 -64 4 0 0 0 0 0 0 0 0 0 8 17 8 17 6 20 7 17 8 16 6 15 7 15 6 14 7 13 4 14 6 13 7 14 6 13 7 12 6 10 8 10 7 10 6 9 6 9 7 9 6 9 5 8 4 7 4 7 5 7 4 6 0 0 5 6 5 5 4 6 4 4 2 5 3 6 1 4 2 4 2 4 3 5 2 6 3 5 3 7 2 6 2 7 0 5 2 8 1 7 1 8 1 8 1 9 2 7 2 10 2 10 1 10 2 10 0 0 0 0 0 0 0 0 0 0 ]
241,1783415894.452792,7.4699,-80,CSI_DATA,AP,98:F4:AB:29:67:94,-80,11,1,4,1,1,1,0,0,0,0,-96,0,6,1,51543780,0,84,0,0,51.927,384,[84 -64 4 0 0 0 0 0 0 0 0 0 -12 18 -10 18 -13 17 -9 15 -11 15 -8 13 -10 14 -9 11 -10 13 -8 12 -9 13 -7 12 -7 12 -7 12 -6 11 -5 13 -4 10 -6 10 -6 10 -6 9 -6 9 -4 10 -5 8 -5 8 -4 5 -6 7 0 0 -4 5 -4 8 -4 5 -4 5 -4 5 -5 6 -5 5 -5 6 -4 4 -4 4 -5 3 -5 4 -5 4 -6 5 -5 5 -5 4 -7 4 -8 4 -8 4 -8 6 -8 4 -7 6 -9 4 -10 4 -8 3 -9 5 0 0 0 0 0 0 0 0 0 0 ]
242,1783415894.578875,8.4305,-79,CSI_DATA,AP,98:F4:AB:29:67:94,-79,11,1,2,1,1,1,0,0,0,0,-96,0,6,1,51630221,0,84,0,0,52.0134,384,[84 -64 4 0 0 0 0 0 0 0 0 0 10 -21 10 -19 9 -20 8 -19 8 -18 8 -17 7 -16 7 -15 7 -16 8 -13 16 -11 5 -14 6 -15 5 -15 6 -13 5 -13 5 -13 3 -14 4 -11 4 -12 4 -10 4 -12 4 -10 1 -11 1 -10 3 -9 0 0 4 -8 5 -8 4 -8 2 -8 3 -6 3 -7 5 -6 3 -5 3 -5 3 -6 2 -7 3 -6 3 -7 5 -5 4 -6 5 -6 6 -6 5 -7 7 -5 7 -6 7 -5 6 -6 8 -7 8 -7 8 -7 9 -8 0 0 0 0 0 0 0 0 0 0 ]
243,1783415894.702633,8.7353,-79,CSI_DATA,AP,98:F4:AB:29:67:94,-79,11,1,4,1,1,1,0,0,0,0,-96,0,6,1,51725184,0,84,0,0,52.1084,384,[84 -64 4 0 0 0 0 0 0 0 0 0 1 -22 1 -20 -2 -21 1 -19 1 -18 0 -17 2 -16 1 -15 1 -17 3 -15 0 -14 1 -15 2 -14 0 -14 -1 -14 0 -15 0 -12 0 -13 0 -14 -1 -9 1 -11 -1 -11 0 -8 -1 -9 -1 -9 -2 -8 0 0 0 -8 -1 -8 1 -8 -1 -7 0 -7 0 -8 1 -6 0 -7 0 -6 2 -7 0 -6 2 -5 1 -6 2 -7 2 -8 3 -8 3 -7 3 -6 6 -8 4 -7 7 -8 6 -8 5 -7 4 -8 5 -9 6 -9 0 0 0 0 0 0 0 0 0 0 ]
244,1783415894.829846,8.1127,-80,CSI_DATA,AP,98:F4:AB:29:67:94,-80,11,1,4,1,1,1,0,0,0,0,-96,0,6,1,51810456,0,84,0,0,52.1936,384,[84 -64 4 0 0 0 0 0 0 0 0 0 5 20 3 19 4 20 4 18 4 18 4 14 4 17 4 16 5 15 2 14 5 13 5 13 3 14 4 13 5 12 6 12 3 9 5 8 3 9 6 10 4 9 4 8 2 9 2 9 3 7 3 8 0 0 3 6 3 6 2 6 1 5 2 5 1 5 2 4 1 5 0 4 0 4 0 5 2 6 0 5 1 7 -1 7 0 7 1 8 1 7 0 8 0 8 -1 9 -1 9 0 11 0 9 0 10 -1 10 0 0 0 0 0 0 0 0 0 0 ]
245,1783415894.958028,9.7220,-78,CSI_DATA,AP,98:F4:AB:29:67:94,-78,11,1,4,1,1,1,0,0,0,0,-96,0,6,1,51902425,0,84,0,0,52.2856,384,[84 -64 4 0 0 0 0 0 0 0 0 0 -22 -18 -17 -14 -18 -16 -17 -15 -17 -17 -14 -14 -14 -12 -14 -12 -14 -11 -14 -14 -14 -11 -12 -10 -13 -11 -13 -9 -13 -9 -12 -9 -10 -8 -11 -8 -10 -8 -10 -6 -10 -5 -10 -5 -10 -6 -7 -5 -10 -4 -7 -4 0 0 -8 -5 -8 -4 -7 -4 -10 -2 -6 -4 -7 -5 -7 -6 -5 -3 -5 -7 -5 -3 -5 -5 -6 -3 -6 -7 -8 -5 -6 -6 -7 -6 -6 -8 -6 -7 -7 -7 -6 -7 -8 -10 -7 -8 -7 -10 -9 -11 -8 -10 -7 -11 0 0 0 0 0 0 0 0 0 0 ]
246,1783415895.084541,9.8781,-79,CSI_DATA,AP,98:F4:AB:29:67:94,-79,11,1,4,1,1,1,0,0,0,0,-96,0,6,1,51988143,0,84,0,0,52.3713,384,[84 -64 4 0 0 0 0 0 0 0 0 0 -20 7 -21 5 -21 6 -19 6 -17 5 -17 4 -16 4 -16 4 -15 4 -15 4 -15 5 -17 5 -16 5 -12 4 -12 6 -14 4 -11 4 -12 4 -10 4 -12 4 -9 5 -9 4 -10 3 -8 4 -8 5 -8 5 0 0 -6 3 -8 4 -7 3 -6 3 -7 2 -5 3 -7 2 -7 1 -7 2 -5 2 -6 2 -6 3 -6 3 -7 3 -7 1 -6 2 -9 3 -8 3 -9 1 -9 0 -9 0 -9 2 -10 2 -11 2 -10 1 -12 2 0 0 0 0 0 0 0 0 0 0 ]
247,1783415895.212516,7.8242,-80,CSI_DATA,AP,98:F4:AB:29:67:94,-80,11,1,4,1,1,1,0,0,0,0,-96,0,6,1,52079262,0,84,0,0,52.4625,384,[84 -64 4 0 0 0 0 0 0 0 0 0 1 21 2 20 1 19 0 18 1 19 0 17 0 16 -1 16 2 15 -1 15 1 14 0 14 0 15 1 14 2 11 2 12 1 11 2 12 0 9 1 11 2 9 3 9 1 8 -2 7 1 6 1 7 0 0 2 8 2 7 0 7 1 6 1 5 -1 6 -1 5 -2 6 0 6 1 6 -1 4 0 7 -1 6 -2 7 -1 6 0 6 -2 7 -3 7 -3 7 -3 8 -4 9 -2 9 -4 10 -3 10 -3 9 -3 11 0 0 0 0 0 0 0 0 0 0 ]
248,1783415895.337170,7.8552,-78,CSI_DATA,AP,98:F4:AB:29:67:94,-78,11,1,2,1,1,1,0,0,0,0,-96,0,6,1,52172223,0,84,0,0,52.5555,384,[84 -64 4 0 0 0 0 0 0 0 0 0 -20 2 -19 1 -19 1 -18 1 -19 1 -15 -1 -15 1 -15 0 -16 1 -16 1 -14 3 -12 2 -13 1 -12 2 -13 2 -11 2 -11 3 -10 1 -12 2 -9 2 -10 3 -9 2 -8 2 -8 1 -8 2 -9 1 0 0 -7 1 -9 2 -7 2 -7 1 -6 1 -6 1 -6 0 -6 2 -7 0 -6 1 -6 1 -6 0 -7 0 -7 0 -7 0 -7 0 -8 0 -8 -3 -7 -2 -9 -2 -9 -3 -9 -2 -10 -2 -10 -2 -11 -2 -11 -2 0 0 0 0 0 0 0 0 0 0 ]
249,1783415895.465730,8.5660,-79,CSI_DATA,AP,98:F4:AB:29:67:94,-79,11,1,4,1,1,1,0,0,0,0,-96,0,6,1,52259225,0,84,0,0,52.6424,384,[84 -64 4 0 0 0 0 0 0 0 0 0 15 -15 14 -15 13 -16 12 -12 15 -15 13 -12 11 -13 11 -11 11 -11 12 -11 10 -10 10 -10 9 -10 10 -11 7 -8 8 -10 6 -8 8 -9 8 -9 7 -10 6 -8 7 -7 8 -5 6 -6 7 -6 6 -6 0 0 6 -4 7 -4 4 -6 6 -6 5 -5 6 -3 3 -5 4 -4 3 -2 4 -3 6 -2 6 -2 4 -3 6 -3 6 -4 6 -2 8 -2 8 -2 7 -1 8 -1 9 0 9 -1 9 -1 10 -1 10 0 10 -2 0 0 0 0 0 0 0 0 0 0 ]
250,1783415895.589784,9.1487,-80,CSI_DATA,AP,98:F4:AB:29:67:94,-80,11,1,4,1,1,1,0,0,0,0,-96,0,6,1,52351438,0,84,0,0,52.7347,384,[84 -64 4 0 0 0 0 0 0 0 0 0 7 -23 9 -22 9 -22 6 -22 7 -20 8 -18 7 -19 7 -15 6 -15 6 -17 6 -15 4 -17 1 -17 3 -18 2 -14 2 -16 3 -13 2 -13 2 -14 3 -15 2 -11 2 -11 2 -10 0 -12 1 -10 1 -9 0 0 2 -8 2 -8 0 -9 2 -8 0 -6 1 -8 1 -7 1 -7 2 -8 1 -8 1 -6 1 -6 3 -5 3 -8 1 -8 1 -9 5 -9 2 -7 6 -8 4 -9 4 -9 5 -9 5 -10 3 -10 6 -12 5 -11 0 0 0 0 0 0 0 0 0 0 ]
251,1783415895.715332,9.6212,-78,CSI_DATA,AP,98:F4:AB:29:67:94,-78,11,1,2,1,1,1,0,0,0,0,-96,0,6,1,52462046,0,84,0,0,52.8453,384,[84 -64 4 0 0 0 0 0 0 0 0 0 -15 16 -15 13 -16 15 -13 12 -15 15 -12 11 -14 11 -13 10 -12 11 -13 11 -11 10 -11 10 -10 12 -9 11 -9 10 -10 11 -8 10 -8 10 -8 7 -8 10 -8 7 -7 8 -8 7 -7 7 -6 8 -5 7 0 0 -5 6 -6 6 -5 7 -5 5 -4 3 -4 4 -5 4 -7 4 -5 4 -4 5 -4 3 -5 2 -4 5 -6 4 -7 5 -7 5 -8 4 -8 4 -8 4 -10 3 -11 4 -9 4 -11 4 -10 5 -11 5 -11 5 0 0 0 0 0 0 0 0 0 0 ]
252,1783415895.843078,9.5624,-80,CSI_DATA,AP,98:F4:AB:29:67:94,-80,11,1,4,1,1,1,0,0,0,0,-96,0,6,1,52533493,0,84,0,0,52.9167,384,[84 -64 4 0 0 0 0 0 0 0 0 0 -17 17 -15 14 -15 14 -14 11 -15 13 -12 10 -15 11 -12 12 -10 11 -11 9 -11 11 -10 11 -11 12 -9 11 -9 10 -9 10 -9 10 -8 9 -8 7 -9 8 -9 7 -8 8 -6 6 -6 7 -6 6 -6 6 0 0 -5 4 -7 6 -6 5 -6 5 -5 4 -5 4 -6 4 -4 2 -4 3 -5 3 -6 4 -4 3 -4 3 -5 3 -7 1 -6 2 -8 3 -7 2 -8 1 -8 3 -9 3 -9 2 -10 2 -10 3 -10 3 -10 4 0 0 0 0 0 0 0 0 0 0 ]
253,1783415895.968545,11.1492,-80,CSI_DATA,AP,98:F4:AB:29:67:94,-80,11,1,4,1,1,1,0,0,0,0,-96,0,6,1,52618015,0,84,0,0,53.0012,384,[84 -64 4 0 0 0 0 0 0 0 0 0 -3 -22 -2 -20 -3 -20 -3 -19 -1 -21 0 -16 1 -18 -2 -17 -1 -14 -2 -15 -3 -15 -2 -18 -3 -16 -3 -14 -1 -14 -3 -13 -5 -15 -2 -12 0 -12 -3 -12 -2 -10 -2 -11 -2 -11 -1 -10 -2 -12 -2 -9 0 0 0 -7 -1 -8 -2 -8 -1 -6 0 -5 -1 -8 1 -7 1 -6 -1 -6 -1 -7 0 -6 -1 -5 0 -8 1 -6 2 -7 1 -8 4 -7 3 -6 4 -7 4 -8 5 -9 5 -7 4 -8 3 -9 5 -10 3 -10 0 0 0 0 0 0 0 0 0 0 ]
254,1783415896.099429,11.3650,-79,CSI_DATA,AP,98:F4:AB:29:67:94,-79,11,1,4,1,1,1,0,0,0,0,-96,0,6,1,52709270,0,84,0,0,53.0924,384,[84 -64 4 0 0 0 0 0 0 0 0 0 -18 8 -19 7 -19 8 -18 8 -19 6 -16 7 -14 4 -17 6 -15 6 -16 4 -15 5 -14 4 -11 8 -12 6 -12 7 -12 7 -10 6 -10 5 -11 4 -11 4 -10 5 -9 3 -9 6 -9 4 -10 4 -9 4 0 0 -8 4 -8 5 -7 3 -8 2 -7 2 -6 3 -5 1 -6 3 -5 2 -7 1 -6 1 -6 0 -6 2 -7 3 -7 0 -8 1 -9 0 -9 0 -9 -2 -11 -1 -9 -1 -9 0 -10 -1 -10 0 -11 -2 -12 0 0 0 0 0 0 0 0 0 0 0 ]
255,1783415896.219769,9.9604,-78,CSI_DATA,AP,98:F4:AB:29:67:94,-78,11,1,2,1,1,1,0,0,0,0,-96,0,6,1,52799470,0,84,0,0,53.1827,384,[84 -64 4 0 0 0 0 0 0 0 0 0 12 13 12 12 12 13 11 13 10 13 8 13 9 11 10 10 10 10 8 10 9 10 9 10 9 10 9 7 8 8 9 8 7 6 8 5 7 7 7 5 7 5 8 5 7 6 5 5 5 6 6 5 0 0 7 4 6 5 5 3 4 4 3 4 5 3 5 4 3 4 3 3 3 3 2 4 3 4 4 4 3 5 4 6 4 5 3 6 3 5 3 7 3 6 3 8 3 8 3 8 3 9 3 10 3 10 0 0 0 0 0 0 0 0 0 0 ]
256,1783415896.343157,8.7825,-79,CSI_DATA,AP,98:F4:AB:29:67:94,-79,11,1,4,1,1,1,0,0,0,0,-96,0,6,1,52888225,0,84,0,0,53.2714,384,[84 -64 4 0 0 0 0 0 0 0 0 0 -12 -18 -11 -15 -15 -17 -11 -15 -11 -15 -10 -14 -9 -14 -9 -13 -9 -14 -10 -16 -9 -14 -9 -13 -9 -11 -8 -12 -9 -11 -10 -12 -7 -8 -7 -11 -6 -9 -8 -9 -7 -8 -5 -8 -7 -7 -6 -8 -5 -7 -5 -7 0 0 -4 -6 -6 -8 -5 -7 -6 -8 -3 -6 -4 -7 -4 -7 -4 -5 -4 -5 -4 -5 -4 -6 -2 -6 -4 -6 -3 -6 -3 -6 -3 -7 -2 -10 -3 -7 -2 -9 -2 -9 0 -10 0 -10 0 -11 -1 -9 0 -11 0 -11 0 0 0 0 0 0 0 0 0 0 ]
257,1783415896.468976,9.4936,-79,CSI_DATA,AP,98:F4:AB:29:67:94,-79,11,1,4,1,1,1,0,0,0,0,-96,0,6,1,52980819,0,84,0,0,53.364,384,[84 -64 4 0 0 0 0 0 0 0 0 0 -19 -7 -19 -8 -18 -9 -18 -7 -18 -7 -18 -7 -16 -6 -17 -8 -16 -6 -16 -7 -14 -4 -14 -4 -16 -5 -14 -5 -13 -3 -14 -2 -10 -3 -12 -2 -11 -3 -12 -3 -13 -3 -9 -1 -10 -2 -9 -2 -11 -3 -9 -2 0 0 -9 0 -7 0 -6 0 -7 -2 -8 -1 -8 -2 -8 -1 -6 -1 -6 -2 -6 -1 -6 -1 -7 0 -5 -1 -7 -2 -8 -2 -8 -2 -8 -3 -7 -4 -9 -4 -8 -3 -8 -4 -9 -4 -8 -5 -10 -5 -9 -4 -11 -6 0 0 0 0 0 0 0 0 0 0 ]
258,1783415896.598087,8.1857,-79,CSI_DATA,AP,98:F4:AB:29:67:94,-79,11,1,4,1,1,1,0,0,0,0,-96,0,6,1,53070518,0,84,0,0,53.4537,384,[84 -64 4 0 0 0 0 0 0 0 0 0 12 18 12 19 10 19 10 18 9 18 9 18 10 15 7 16 9 16 9 13 9 15 8 13 8 12 10 12 10 10 8 12 7 11 8 8 7 8 8 9 5 6 7 9 7 8 7 6 4 6 5 7 0 0 5 7 6 5 4 5 5 6 2 5 4 6 3 4 3 4 2 5 1 5 3 6 1 6 5 6 3 7 5 6 4 8 4 8 2 7 2 8 2 8 1 10 3 9 2 10 3 11 1 10 2 11 0 0 0 0 0 0 0 0 0 0 ]
259,1783415896.723024,8.0887,-80,CSI_DATA,AP,98:F4:AB:29:67:94,-80,11,1,4,1,1,1,0,0,0,0,-96,0,6,1,53160924,0,84,0,0,53.5441,384,[84 -64 4 0 0 0 0 0 0 0 0 0 21 7 20 6 19 8 16 7 19 5 15 5 16 5 14 6 14 4 15 5 13 3 13 4 15 3 14 4 12 2 12 3 10 2 12 1 9 3 8 3 10 1 9 0 8 2 8 1 8 3 7 0 0 0 7 0 8 0 6 0 6 -1 5 1 6 0 5 2 4 2 5 1 7 1 7 -1 5 1 6 1 5 0 6 2 6 3 7 2 6 4 6 5 8 4 7 4 7 4 8 3 7 4 8 5 8 4 0 0 0 0 0 0 0 0 0 0 ]
260,1783415896.850158,7.9563,-79,CSI_DATA,AP,98:F4:AB:29:67:94,-79,11,1,4,1,1,1,0,0,0,0,-96,0,6,1,53252697,0,84,0,0,53.6358,384,[84 -64 4 0 0 0 0 0 0 0 0 0 -12 17 -11 15 -13 17 -12 14 -11 17 -10 13 -11 14 -10 11 -9 12 -9 11 -7 11 -8 11 -7 13 -7 11 -5 10 -6 12 -3 10 -4 11 -5 11 -4 8 -5 8 -3 8 -4 10 -3 7 -2 8 -4 7 0 0 -2 7 -3 8 -2 5 -2 6 -4 5 -2 5 -2 5 -3 6 -2 5 -4 5 -4 6 -3 5 -4 6 -3 5 -3 6 -4 5 -6 6 -5 7 -6 5 -5 6 -6 5 -6 7 -9 6 -8 8 -7 8 -8 7 0 0 0 0 0 0 0 0 0 0 ]
261,1783415896.978754,7.8944,-79,CSI_DATA,AP,98:F4:AB:29:67:94,-79,11,1,4,1,1,1,0,0,0,0,-96,0,6,1,53340100,0,84,0,0,53.7233,384,[84 -64 4 0 0 0 0 0 0 0 0 0 -8 22 -7 17 -7 20 -6 18 -5 17 -6 15 -6 16 -5 15 -5 16 -4 15 -3 13 -4 15 -5 14 -5 13 -5 12 -2 12 -1 11 -2 12 -3 10 -3 10 -2 10 -1 9 -3 9 -2 8 -2 8 -2 8 0 0 -1 7 -1 8 -1 7 -2 5 -2 6 -2 5 -2 5 -2 4 -3 5 0 5 -1 5 -2 5 -2 6 -2 5 -4 5 -4 7 -5 7 -5 6 -6 6 -6 7 -7 6 -6 6 -8 9 -7 7 -7 7 -9 9 0 0 0 0 0 0 0 0 0 0 ]
262,1783415897.104324,8.1308,-79,CSI_DATA,AP,98:F4:AB:29:67:94,-79,11,1,4,1,1,1,0,0,0,0,-96,0,6,1,53430263,0,84,0,0,53.8134,384,[84 -64 4 0 0 0 0 0 0 0 0 0 6 -24 3 -23 7 -21 4 -21 5 -20 4 -19 6 -17 9 -17 4 -18 4 -16 4 -16 3 -18 2 -16 2 -19 3 -14 1 -17 1 -16 0 -13 2 -13 3 -11 1 -12 2 -12 1 -12 -1 -10 0 -11 1 -10 0 0 0 -8 2 -11 1 -8 0 -7 2 -8 1 -8 2 -7 2 -8 2 -7 3 -8 3 -7 2 -5 2 -7 2 -9 3 -7 4 -9 3 -8 4 -9 6 -7 6 -6 6 -6 7 -7 7 -8 5 -9 8 -10 7 -9 0 0 0 0 0 0 0 0 0 0 ]
263,1783415897.230133,9.0746,-79,CSI_DATA,AP,98:F4:AB:29:67:94,-79,11,1,4,1,1,1,0,0,0,0,-96,0,6,1,53517800,0,84,0,0,53.901,384,[84 -64 4 0 0 0 0 0 0 0 0 0 -2 21 -1 18 -2 20 -1 18 -2 20 -2 16 -3 16 -2 14 -2 14 -1 15 -2 12 -1 12 -2 13 -2 14 0 11 0 13 0 11 0 12 2 12 -1 8 2 9 -1 10 -1 9 -1 9 -1 9 0 8 0 0 -1 6 1 7 1 7 -1 6 0 6 0 6 -1 8 -2 5 0 5 -1 5 -1 5 -1 6 -1 6 -1 7 -2 6 -2 7 -2 7 -4 6 -4 6 -4 6 -5 7 -3 7 -6 8 -4 10 -6 9 -4 9 0 0 0 0 0 0 0 0 0 0 ]
264,1783415897.356091,8.6633,-79,CSI_DATA,AP,98:F4:AB:29:67:94,-79,11,1,4,1,1,1,0,0,0,0,-96,0,6,1,53609596,0,84,0,0,53.9928,384,[84 -64 4 0 0 0 0 0 0 0 0 0 20 -7 17 -8 19 -9 18 -9 21 -7 13 -5 16 -6 16 -4 15 -6 15 -4 12 -5 15 -6 13 -8 12 -3 12 -5 10 -6 11 -5 11 -4 10 -6 10 -5 11 -4 9 -5 7 -3 8 -2 8 -2 7 -4 0 0 7 -4 7 -4 7 -2 5 -3 5 -2 8 -2 6 -2 5 -2 6 -1 7 -1 5 -2 6 0 5 0 5 1 7 1 6 0 6 0 7 2 8 2 8 2 9 4 8 3 10 5 10 3 9 2 9 3 0 0 0 0 0 0 0 0 0 0 ]
265,1783415897.481250,8.4385,-79,CSI_DATA,AP,98:F4:AB:29:67:94,-79,11,1,4,1,1,1,0,0,0,0,-96,0,6,1,53700555,0,84,0,0,54.0837,384,[84 -64 4 0 0 0 0 0 0 0 0 0 -18 -10 -17 -13 -20 -12 -19 -12 -17 -10 -15 -11 -16 -9 -16 -8 -13 -8 -15 -8 -14 -8 -14 -5 -12 -8 -13 -5 -12 -7 -14 -6 -11 -4 -13 -5 -10 -5 -10 -5 -11 -4 -10 -5 -10 -5 -8 -4 -9 -5 -7 -3 0 0 -7 -4 -9 -3 -7 -4 -6 -3 -6 -4 -6 -3 -5 -3 -4 -4 -7 -4 -7 -3 -7 -3 -6 -3 -6 -5 -6 -4 -6 -5 -6 -4 -6 -6 -6 -7 -7 -7 -6 -7 -7 -7 -7 -7 -8 -8 -6 -9 -8 -8 -7 -8 0 0 0 0 0 0 0 0 0 0 ]
266,1783415897.609036,9.6704,-80,CSI_DATA,AP,98:F4:AB:29:67:94,-80,11,1,4,1,1,1,0,0,0,0,-96,0,6,1,53793122,0,84,0,0,54.1763,384,[84 -64 4 0 0 0 0 0 0 0 0 0 -23 1 -23 -1 -24 -1 -21 -1 -20 0 -20 -2 -20 -1 -20 -1 -18 0 -17 -3 -16 0 -18 1 -17 2 -16 1 -14 2 -13 3 -14 1 -12 0 -12 1 -12 2 -11 2 -10 1 -11 1 -12 1 -10 2 -9 2 0 0 -9 1 -10 2 -8 1 -9 1 -7 0 -7 2 -6 0 -7 -1 -7 1 -5 1 -6 0 -7 0 -6 0 -8 0 -8 -2 -8 -2 -8 -2 -7 -2 -8 -4 -9 -5 -10 -2 -12 -5 -12 -6 -13 -4 -12 -4 -12 -4 0 0 0 0 0 0 0 0 0 0 ]
267,1783415897.732977,9.2610,-79,CSI_DATA,AP,98:F4:AB:29:67:94,-79,11,1,4,1,1,1,0,0,0,0,-96,0,6,1,53877794,0,84,0,0,54.261,384,[84 -64 4 0 0 0 0 0 0 0 0 0 -6 -19 -7 -18 -7 -21 -5 -19 -4 -18 -4 -17 -3 -17 -4 -16 -6 -17 -6 -16 -6 -14 -7 -15 -8 -12 -7 -12 -8 -10 -6 -12 -6 -11 -7 -9 -7 -9 -7 -10 -5 -10 -6 -7 -6 -7 -6 -8 -4 -7 -5 -9 0 0 -6 -4 -6 -7 -4 -6 -5 -6 -3 -6 -4 -4 -4 -5 -5 -5 -3 -4 -5 -3 -4 -4 -5 -5 -3 -5 -4 -6 -6 -6 -5 -8 -6 -7 -4 -8 -5 -8 -4 -8 -4 -11 -5 -9 -7 -8 -7 -9 -7 -9 -6 -10 0 0 0 0 0 0 0 0 0 0 ]
268,1783415897.859217,8.9467,-80,CSI_DATA,AP,98:F4:AB:29:67:94,-80,11,1,4,1,1,1,0,0,0,0,-96,0,6,1,53968420,0,84,0,0,54.3515,384,[84 -64 4 0 0 0 0 0 0 0 0 0 -17 3 -18 4 -16 2 -16 3 -16 2 -17 3 -14 2 -13 0 -15 1 -14 2 -14 3 -14 3 -12 3 -12 3 -11 2 -12 4 -10 3 -11 4 -9 2 -12 1 -9 2 -7 3 -8 2 -7 2 -9 2 -8 3 0 0 -7 1 -8 0 -5 1 -7 2 -7 0 -6 0 -6 0 -5 0 -5 -1 -6 0 -7 0 -5 0 -7 0 -7 -1 -9 -1 -5 -2 -8 -1 -6 -2 -8 -3 -8 -3 -8 -3 -8 -4 -9 -4 -9 -4 -7 -3 -10 -5 0 0 0 0 0 0 0 0 0 0 ]
269,1783415897.984638,10.1267,-80,CSI_DATA,AP,98:F4:AB:29:67:94,-80,11,1,4,1,1,1,0,0,0,0,-96,0,6,1,54060256,0,84,0,0,54.4435,384,[84 -64 4 0 0 0 0 0 0 0 0 0 -10 -22 -5 -24 -8 -22 -6 -20 -5 -21 -6 -20 -5 -19 -5 -19 -6 -17 -7 -16 -7 -16 -8 -15 -9 -13 -6 -13 -7 -14 -9 -14 -10 -14 -7 -11 -8 -11 -8 -12 -7 -9 -8 -10 -6 -10 -8 -9 -6 -9 -8 -9 0 0 -7 -7 -4 -9 -6 -9 -6 -5 -4 -6 -5 -7 -4 -6 -6 -6 -5 -6 -4 -6 -6 -7 -5 -7 -5 -6 -5 -6 -6 -7 -5 -7 -7 -8 -4 -8 -4 -9 -3 -9 -6 -10 -6 -12 -6 -12 -7 -10 -6 -11 -5 -12 0 0 0 0 0 0 0 0 0 0 ]
270,1783415898.109475,9.8023,-80,CSI_DATA,AP,98:F4:AB:29:67:94,-80,11,1,4,1,1,1,0,0,0,0,-96,0,6,1,54147752,0,84,0,0,54.5309,384,[84 -64 4 0 0 0 0 0 0 0 0 0 -2 21 -1 20 -1 20 -3 18 -2 17 -2 16 -3 16 -1 15 0 15 -1 16 -2 15 1 15 1 14 1 12 -1 12 1 12 -1 11 -1 12 -1 11 -1 11 0 9 0 11 -1 8 -1 9 -2 9 0 8 0 0 -2 6 -2 8 -1 6 -1 6 -2 6 -2 5 -2 5 -3 4 -1 3 0 4 -2 3 -2 4 -2 6 -2 6 -3 5 -4 6 -4 6 -5 5 -5 6 -6 8 -5 8 -6 6 -7 7 -8 8 -7 8 -9 8 0 0 0 0 0 0 0 0 0 0 ]
271,1783415898.233688,9.9181,-79,CSI_DATA,AP,98:F4:AB:29:67:94,-79,11,1,4,1,1,1,0,0,0,0,-96,0,6,1,54242828,0,84,0,0,54.626,384,[84 -64 4 0 0 0 0 0 0 0 0 0 20 -7 19 -6 20 -6 19 -4 17 -6 14 -4 17 -4 15 -5 16 -5 14 -4 14 -6 15 -4 13 -6 12 -7 11 -8 11 -5 11 -7 9 -5 9 -6 9 -6 9 -5 8 -4 7 -6 8 -5 9 -4 6 -4 0 0 6 -5 5 -5 6 -5 5 -3 5 -3 5 -4 5 -2 6 -4 6 -3 5 -4 4 -3 6 -2 6 -1 4 -2 8 -1 6 -1 8 -2 8 0 8 -1 8 0 8 -1 9 0 9 0 8 0 11 -1 11 0 0 0 0 0 0 0 0 0 0 0 ]
272,1783415898.359047,10.0944,-80,CSI_DATA,AP,98:F4:AB:29:67:94,-80,11,1,4,1,1,1,0,0,0,0,-96,0,6,1,54329079,0,84,0,0,54.7123,384,[84 -64 4 0 0 0 0 0 0 0 0 0 9 -20 9 -18 9 -20 8 -19 9 -19 7 -16 9 -17 8 -15 4 -16 8 -13 6 -15 5 -14 5 -14 5 -12 3 -13 3 -15 4 -11 3 -11 3 -11 1 -10 3 -11 2 -10 3 -9 2 -9 1 -10 2 -9 0 0 2 -9 1 -8 2 -6 -1 -7 2 -7 1 -7 1 -6 1 -5 2 -6 2 -6 0 -6 0 -6 1 -6 1 -6 2 -7 4 -6 5 -7 5 -6 6 -7 5 -7 6 -7 5 -8 7 -6 6 -9 6 -9 8 -9 0 0 0 0 0 0 0 0 0 0 ]
273,1783415898.482929,11.3287,-79,CSI_DATA,AP,98:F4:AB:29:67:94,-79,11,1,4,1,1,1,0,0,0,0,-96,0,6,1,54419117,0,84,0,0,54.8023,384,[84 -64 4 0 0 0 0 0 0 0 0 0 -22 6 -21 4 -20 8 -20 4 -19 6 -17 4 -17 5 -14 4 -15 5 -16 7 -13 6 -13 4 -14 6 -14 5 -12 3 -11 5 -11 4 -12 4 -10 3 -11 4 -9 4 -9 3 -10 3 -8 4 -11 5 -8 6 0 0 -7 3 -6 3 -6 2 -8 3 -4 1 -8 3 -5 1 -6 2 -6 1 -7 1 -6 2 -6 2 -7 2 -7 2 -9 2 -9 2 -8 1 -9 0 -8 0 -9 0 -10 0 -10 -3 -10 1 -11 0 -12 0 -12 -2 0 0 0 0 0 0 0 0 0 0 ]
274,1783415898.606947,10.1575,-78,CSI_DATA,AP,98:F4:AB:29:67:94,-78,11,1,2,1,1,1,0,0,0,0,-96,0,6,1,54515409,0,84,0,0,54.8986,384,[84 -64 4 0 0 0 0 0 0 0 0 0 6 21 4 20 3 20 4 19 5 19 4 17 3 17 4 16 4 15 4 13 4 14 3 13 4 13 8 13 5 12 5 12 5 11 5 9 5 11 5 9 4 10 4 9 4 8 3 8 4 8 3 9 0 0 4 8 4 7 4 8 3 7 2 6 2 6 2 6 1 5 2 4 2 5 1 5 1 4 2 6 2 7 2 5 1 7 1 8 2 8 1 10 -1 9 -1 9 0 10 1 10 1 10 1 11 1 11 0 0 0 0 0 0 0 0 0 0 ]
275,1783415898.732641,9.4945,-79,CSI_DATA,AP,98:F4:AB:29:67:94,-79,11,1,4,1,1,1,0,0,0,0,-96,0,6,1,54600067,0,84,0,0,54.9832,384,[84 -64 4 0 0 0 0 0 0 0 0 0 6 -23 7 -19 7 -20 6 -18 7 -19 5 -17 6 -16 5 -15 6 -16 4 -16 3 -15 2 -15 2 -13 2 -13 2 -13 3 -13 1 -14 2 -12 1 -11 3 -11 1 -11 3 -11 1 -9 1 -10 1 -9 1 -10 0 0 2 -8 0 -9 1 -7 2 -7 1 -7 2 -7 1 -7 2 -6 3 -5 1 -7 1 -5 0 -5 1 -6 2 -5 1 -8 3 -5 4 -8 5 -7 4 -7 4 -8 4 -7 7 -9 5 -9 5 -8 6 -9 6 -9 0 0 0 0 0 0 0 0 0 0 ]
276,1783415898.858483,10.4559,-78,CSI_DATA,AP,98:F4:AB:29:67:94,-78,11,1,2,1,1,1,0,0,0,0,-96,0,6,1,54696385,0,84,0,0,55.0796,384,[84 -64 4 0 0 0 0 0 0 0 0 0 18 -13 17 -12 17 -11 17 -10 15 -10 14 -9 13 -10 13 -10 15 -10 15 -9 12 -8 12 -10 13 -11 12 -8 10 -10 10 -10 10 -9 8 -10 9 -8 8 -8 8 -7 6 -7 7 -8 6 -7 7 -9 6 -7 0 0 5 -6 6 -7 5 -5 6 -5 5 -4 4 -5 4 -3 4 -5 5 -4 3 -5 4 -4 5 -4 5 -5 7 -4 6 -3 5 -3 7 -4 6 -4 8 -3 7 -2 8 -2 8 -3 11 -3 10 -3 10 -2 11 -4 0 0 0 0 0 0 0 0 0 0 ]
277,1783415898.984775,9.4463,-79,CSI_DATA,AP,98:F4:AB:29:67:94,-79,11,1,4,1,1,1,0,0,0,0,-96,0,6,1,54780148,0,84,0,0,55.1632,384,[84 -64 4 0 0 0 0 0 0 0 0 0 20 1 20 2 19 1 17 2 19 2 17 2 16 1 15 1 15 2 15 1 15 -1 12 0 13 0 15 -1 12 1 14 0 11 -1 10 1 9 1 11 2 10 -1 10 0 9 0 9 1 9 -1 9 -1 0 0 8 0 8 0 8 0 6 0 5 1 5 1 7 2 4 1 6 0 5 2 5 0 7 1 4 2 5 3 5 4 6 3 7 4 6 2 7 4 6 5 6 6 5 7 7 4 7 5 8 6 8 6 0 0 0 0 0 0 0 0 0 0 ]
278,1783415899.110322,8.3008,-78,CSI_DATA,AP,98:F4:AB:29:67:94,-78,11,1,2,1,1,1,0,0,0,0,-96,0,6,1,54873935,0,84,0,0,55.2571,384,[84 -64 4 0 0 0 0 0 0 0 0 0 17 13 18 12 16 13 15 12 15 12 12 10 12 10 13 9 13 12 12 9 13 9 14 8 14 7 12 8 11 8 12 7 11 6 10 6 10 5 8 6 8 5 10 4 7 5 8 4 7 3 8 4 0 0 8 5 7 3 7 5 6 2 5 5 5 2 4 5 5 3 3 4 4 3 3 3 3 5 6 4 4 4 4 6 4 6 4 5 3 6 5 7 4 8 3 8 4 9 4 9 5 10 2 11 3 10 0 0 0 0 0 0 0 0 0 0 ]
279,1783415899.237185,8.5278,-79,CSI_DATA,AP,98:F4:AB:29:67:94,-79,11,1,4,1,1,1,0,0,0,0,-96,0,6,1,54958638,0,84,0,0,55.3418,384,[84 -64 4 0 0 0 0 0 0 0 0 0 -20 13 -20 12 -20 12 -21 12 -22 12 -17 9 -18 10 -16 9 -15 9 -15 8 -16 11 -13 9 -15 10 -10 10 -11 9 -12 10 -11 9 -10 10 -10 7 -7 9 -9 9 -9 7 -8 7 -9 7 -6 7 -7 6 0 0 -6 6 -8 7 -4 6 -4 6 -6 4 -6 5 -4 5 -3 4 -3 4 -5 4 -5 6 -5 4 -6 4 -5 6 -8 4 -7 4 -8 5 -9 5 -10 5 -7 4 -8 4 -9 4 -9 5 -11 5 -11 5 -13 5 0 0 0 0 0 0 0 0 0 0 ]
280,1783415899.361886,8.4302,-79,CSI_DATA,AP,98:F4:AB:29:67:94,-79,11,1,4,1,1,1,0,0,0,0,-96,0,6,1,55049823,0,84,0,0,55.433,384,[84 -64 4 0 0 0 0 0 0 0 0 0 3 21 2 19 2 22 2 18 1 19 2 17 0 17 2 17 2 16 0 16 2 15 1 17 1 14 2 13 2 12 2 14 3 11 3 11 3 10 1 10 2 8 2 9 1 9 1 10 2 8 2 8 0 0 1 7 1 7 1 7 0 8 0 7 0 6 0 4 0 7 -1 3 0 5 -1 5 -1 4 0 5 0 7 0 7 0 6 -1 7 -3 8 -4 8 -2 8 -4 8 -2 9 -4 9 -2 10 -3 9 -2 9 0 0 0 0 0 0 0 0 0 0 ]
281,1783415899.485878,9.8458,-79,CSI_DATA,AP,98:F4:AB:29:67:94,-79,11,1,4,1,1,1,0,0,0,0,-96,0,6,1,55140608,0,84,0,0,55.5238,384,[84 -64 4 0 0 0 0 0 0 0 0 0 3 -25 3 -22 1 -22 2 -22 3 -22 2 -21 0 -18 1 -18 2 -19 1 -17 1 -18 0 -17 0 -17 1 -16 0 -16 0 -16 -1 -14 -1 -14 0 -13 0 -13 0 -14 2 -12 0 -10 -1 -10 0 -11 0 -10 0 0 -1 -8 -2 -8 1 -8 0 -10 1 -9 0 -7 0 -8 -1 -7 1 -5 2 -9 0 -7 0 -7 0 -7 1 -8 2 -7 3 -8 2 -10 3 -11 3 -9 2 -9 5 -10 4 -12 5 -11 5 -11 6 -11 5 -11 0 0 0 0 0 0 0 0 0 0 ]
282,1783415899.612144,10.5484,-79,CSI_DATA,AP,98:F4:AB:29:67:94,-79,11,1,4,1,1,1,0,0,0,0,-96,0,6,1,55228027,0,84,0,0,55.6112,384,[84 -64 4 0 0 0 0 0 0 0 0 0 -10 17 -10 19 -10 17 -10 15 -10 16 -8 13 -8 14 -7 12 -8 14 -9 14 -7 13 -6 13 -6 14 -6 13 -4 10 -6 12 -4 13 -5 10 -4 10 -4 10 -4 10 -3 9 -4 10 -5 8 -3 10 -3 8 0 0 -4 7 -2 8 -5 5 -2 5 -4 7 -3 6 -3 4 -4 4 -3 4 -3 5 -4 4 -4 5 -5 6 -4 5 -4 3 -5 5 -5 5 -6 6 -7 5 -7 4 -7 6 -7 6 -7 5 -9 6 -9 6 -9 7 0 0 0 0 0 0 0 0 0 0 ]
283,1783415899.735886,10.6977,-79,CSI_DATA,AP,98:F4:AB:29:67:94,-79,11,1,4,1,1,1,0,0,0,0,-96,0,6,1,55321328,0,84,0,0,55.7045,384,[84 -64 4 0 0 0 0 0 0 0 0 0 -21 6 -19 4 -19 7 -18 5 -19 6 -16 3 -16 5 -16 4 -16 5 -16 4 -12 6 -13 6 -14 7 -13 8 -13 6 -13 6 -12 4 -11 3 -10 3 -8 5 -9 5 -10 4 -10 3 -8 6 -9 4 -8 5 0 0 -7 3 -7 3 -7 2 -8 4 -7 1 -6 2 -6 4 -5 3 -6 3 -6 1 -6 4 -6 1 -7 2 -7 4 -7 2 -8 2 -9 3 -7 1 -9 2 -10 1 -11 1 -10 0 -12 2 -11 2 -11 1 -11 0 0 0 0 0 0 0 0 0 0 0 ]
284,1783415899.861099,10.7762,-78,CSI_DATA,AP,98:F4:AB:29:67:94,-78,11,1,2,1,1,1,0,0,0,0,-96,0,6,1,55413557,0,84,0,0,55.7967,384,[84 -64 4 0 0 0 0 0 0 0 0 0 -20 -11 -19 -10 -20 -10 -18 -10 -19 -9 -16 -9 -16 -7 -14 -9 -16 -7 -14 -7 -16 -7 -16 -8 -14 -7 -15 -7 -13 -7 -15 -6 -12 -5 -13 -6 -11 -7 -11 -5 -11 -6 -11 -6 -9 -4 -9 -7 -10 -4 -9 -5 0 0 -9 -4 -7 -5 -6 -4 -8 -4 -6 -3 -6 -5 -6 -5 -6 -4 -6 -5 -7 -4 -6 -5 -6 -4 -6 -5 -5 -5 -7 -6 -6 -6 -6 -7 -5 -8 -5 -8 -5 -8 -6 -7 -5 -10 -6 -10 -6 -11 -5 -11 -7 -10 0 0 0 0 0 0 0 0 0 0 ]
285,1783415899.986130,10.0362,-80,CSI_DATA,AP,98:F4:AB:29:67:94,-80,11,1,4,1,1,1,0,0,0,0,-96,0,6,1,55497715,0,84,0,0,55.8808,384,[84 -64 4 0 0 0 0 0 0 0 0 0 13 17 11 15 10 16 10 15 9 15 9 13 10 13 8 13 7 13 7 13 8 12 8 11 7 10 8 12 8 9 8 10 7 9 7 8 7 9 5 7 7 8 5 8 5 7 4 6 4 8 6 7 0 0 5 6 5 7 3 5 4 6 3 4 1 4 2 5 1 4 2 5 0 5 2 5 2 5 2 7 2 4 3 5 2 6 1 8 2 8 1 6 1 7 0 8 1 8 1 9 0 9 2 11 2 9 0 0 0 0 0 0 0 0 0 0 ]
286,1783415900.111007,10.5248,-79,CSI_DATA,AP,98:F4:AB:29:67:94,-79,11,1,4,1,1,1,0,0,0,0,-96,0,6,1,55590704,0,84,0,0,55.9739,384,[84 -64 4 0 0 0 0 0 0 0 0 0 15 -15 15 -16 17 -14 15 -13 14 -15 12 -11 11 -11 12 -11 12 -11 11 -12 9 -12 11 -10 10 -11 9 -12 8 -10 8 -10 8 -8 7 -9 5 -6 7 -8 6 -7 6 -9 5 -7 6 -7 7 -8 5 -9 0 0 5 -6 4 -7 6 -6 5 -6 3 -4 6 -5 4 -5 3 -4 4 -4 3 -3 3 -3 5 -5 5 -4 5 -4 5 -4 6 -2 7 -5 7 -5 10 -2 6 -2 9 -3 8 -3 8 -4 9 -3 9 -3 10 -2 0 0 0 0 0 0 0 0 0 0 ]
287,1783415900.235179,10.0976,-79,CSI_DATA,AP,98:F4:AB:29:67:94,-79,11,1,4,1,1,1,0,0,0,0,-96,0,6,1,55678863,0,84,0,0,56.062,384,[84 -64 4 0 0 0 0 0 0 0 0 0 -19 12 -20 11 -18 14 -17 10 -19 14 -16 10 -17 13 -17 11 -16 10 -18 9 -11 10 -14 9 -12 9 -14 8 -12 7 -12 9 -11 8 -9 7 -9 8 -10 7 -10 7 -9 6 -9 7 -9 6 -9 5 -7 4 0 0 -7 4 -7 5 -7 4 -9 6 -7 3 -6 3 -6 3 -5 2 -7 2 -6 2 -7 2 -7 2 -6 3 -8 2 -9 2 -10 1 -9 0 -11 2 -10 0 -12 0 -10 -2 -11 0 -12 -1 -14 0 -13 1 -13 0 0 0 0 0 0 0 0 0 0 0 ]
288,1783415900.359537,9.3004,-78,CSI_DATA,AP,98:F4:AB:29:67:94,-78,11,1,2,1,1,1,0,0,0,0,-96,0,6,1,55769361,0,84,0,0,56.1526,384,[84 -64 4 0 0 0 0 0 0 0 0 0 -5 -19 -4 -17 -5 -18 -5 -16 -5 -17 -5 -16 -2 -17 -5 -15 -4 -15 -2 -15 -5 -13 -4 -13 -4 -13 -4 -14 -3 -12 -5 -12 -3 -12 -3 -12 -4 -11 -3 -9 -4 -10 -4 -11 -3 -10 -4 -8 -2 -9 -3 -7 0 0 -3 -8 -3 -8 -3 -7 -3 -8 -2 -6 -1 -6 -1 -6 -2 -7 -1 -6 -1 -5 -1 -6 -1 -6 -2 -6 -1 -5 -1 -7 -1 -7 1 -10 0 -9 1 -7 3 -9 2 -9 2 -9 3 -10 1 -10 3 -10 1 -11 0 0 0 0 0 0 0 0 0 0 ]
289,1783415900.488178,7.8284,-80,CSI_DATA,AP,98:F4:AB:29:67:94,-80,11,1,4,1,1,1,0,0,0,0,-96,0,6,1,55858197,0,84,0,0,56.2414,384,[84 -64 4 0 0 0 0 0 0 0 0 0 -4 22 -4 18 -4 21 -6 19 -4 17 -3 16 -2 15 -2 14 -2 15 -1 14 -2 15 0 13 -2 13 0 13 -1 13 0 13 -2 12 -2 12 -1 11 -1 10 -1 10 -1 9 -2 8 -1 7 0 7 1 7 0 0 -1 7 -2 7 -1 6 -1 4 -1 6 -1 5 -1 5 -2 6 -1 4 -1 3 -1 5 -1 4 -2 6 -2 5 -3 4 -2 7 -4 7 -5 8 -6 6 -6 6 -7 7 -6 7 -5 8 -6 8 -7 8 -7 9 0 0 0 0 0 0 0 0 0 0 ]
290,1783415900.614226,7.0199,-79,CSI_DATA,AP,98:F4:AB:29:67:94,-79,11,1,4,1,1,1,0,0,0,0,-96,0,6,1,55949190,0,84,0,0,56.3324,384,[84 -64 4 0 0 0 0 0 0 0 0 0 20 7 18 7 18 8 16 8 17 7 15 6 14 8 15 7 16 5 15 4 12 6 14 4 11 4 12 3 13 3 12 3 11 3 10 5 12 2 10 2 10 3 10 2 7 3 8 3 7 2 8 0 0 0 7 2 6 2 6 1 6 3 5 0 5 2 6 4 4 1 4 1 4 2 4 2 5 1 5 3 5 4 6 4 5 5 4 5 5 6 5 5 5 4 6 7 5 5 6 7 5 7 7 8 7 8 0 0 0 0 0 0 0 0 0 0 ]
291,1783415900.741221,7.8229,-77,CSI_DATA,AP,98:F4:AB:29:67:94,-77,11,1,2,1,1,1,0,0,0,0,-96,0,6,1,56042777,0,84,0,0,56.4259,384,[84 -64 4 0 0 0 0 0 0 0 0 0 18 -6 21 -11 20 -7 15 -11 17 -13 18 -4 14 -6 16 -13 11 -5 17 -9 13 -6 11 -1 15 0 8 1 16 -3 11 -8 21 -7 18 -8 8 -5 18 -10 10 -9 8 -3 11 -8 8 1 9 0 12 -2 0 0 7 -4 5 -2 4 -2 4 -2 7 0 7 -1 8 -4 6 -1 7 -1 6 -3 6 -1 6 -2 6 -2 7 1 8 0 6 0 7 1 7 2 7 2 7 1 8 3 9 3 9 4 9 4 10 6 11 5 0 0 0 0 0 0 0 0 0 0 ]
292,1783415900.865471,8.2449,-80,CSI_DATA,AP,98:F4:AB:29:67:94,-80,11,1,4,1,1,1,0,0,0,0,-96,0,6,1,56131301,0,84,0,0,56.5145,384,[84 -64 4 0 0 0 0 0 0 0 0 0 -10 -19 -8 -18 -7 -21 -9 -18 -7 -17 -7 -15 -7 -15 -6 -14 -8 -14 -7 -15 -9 -16 -7 -13 -7 -14 -9 -14 -8 -11 -7 -12 -7 -12 -8 -10 -5 -9 -5 -9 -6 -10 -6 -10 -6 -9 -5 -9 -4 -8 -5 -8 0 0 -5 -7 -4 -7 -4 -7 -3 -6 -2 -5 -3 -6 -4 -6 -4 -4 -4 -7 -3 -5 -3 -5 -2 -5 -3 -6 -3 -5 -3 -7 -3 -8 -3 -8 -2 -7 -1 -10 -2 -9 -1 -9 -1 -9 0 -9 -2 -10 -1 -11 -2 -11 0 0 0 0 0 0 0 0 0 0 ]
293,1783415900.989782,8.8168,-80,CSI_DATA,AP,98:F4:AB:29:67:94,-80,11,1,4,1,1,1,0,0,0,0,-96,0,6,1,56219163,0,84,0,0,56.6022,384,[84 -64 4 0 0 0 0 0 0 0 0 0 -23 0 -20 1 -21 -1 -19 0 -20 -1 -18 1 -18 -1 -16 -2 -17 -2 -15 1 -14 0 -13 -1 -14 1 -14 -1 -16 0 -13 0 -13 3 -13 2 -12 2 -12 0 -11 1 -11 2 -9 2 -9 1 -9 2 -9 1 0 0 -8 3 -9 1 -8 1 -7 -1 -5 0 -7 -1 -8 -2 -6 0 -4 0 -5 -1 -7 -1 -6 -1 -8 -1 -7 -2 -7 0 -7 -1 -9 -2 -8 -1 -7 -3 -9 -3 -9 -4 -10 -3 -10 -3 -10 -3 -10 -4 -12 -4 0 0 0 0 0 0 0 0 0 0 ]
294,1783415901.113362,8.5436,-80,CSI_DATA,AP,98:F4:AB:29:67:94,-80,11,1,4,1,1,1,0,0,0,0,-96,0,6,1,56308345,0,84,0,0,56.6915,384,[84 -64 4 0 0 0 0 0 0 0 0 0 10 20 8 17 8 18 7 17 8 18 8 15 10 14 8 14 7 15 5 13 9 11 7 13 7 12 8 12 5 11 6 10 7 10 8 10 5 10 6 9 4 8 4 8 6 8 5 8 5 6 4 7 0 0 5 7 3 5 3 6 3 5 2 4 3 6 2 6 1 3 3 3 3 4 3 4 2 5 1 5 2 5 1 6 3 5 2 8 1 6 2 7 0 8 1 9 1 10 2 8 1 9 1 11 2 9 0 0 0 0 0 0 0 0 0 0 ]
295,1783415901.238153,8.1813,-79,CSI_DATA,AP,98:F4:AB:29:67:94,-79,11,1,4,1,1,1,0,0,0,0,-96,0,6,1,56398539,0,84,0,0,56.7817,384,[84 -64 4 0 0 0 0 0 0 0 0 0 16 13 14 11 12 14 14 12 12 9 13 9 12 12 11 10 12 11 11 9 11 9 10 8 11 8 9 10 9 7 10 9 9 6 8 5 7 5 8 6 6 7 8 7 8 6 7 6 6 5 7 5 0 0 6 4 4 6 4 5 5 3 4 3 3 5 3 4 2 3 3 2 3 4 3 4 3 4 4 5 3 4 3 4 2 6 3 7 2 6 4 7 2 8 1 8 0 8 2 9 2 10 3 9 3 9 0 0 0 0 0 0 0 0 0 0 ]
296,1783415901.361994,9.2135,-79,CSI_DATA,AP,98:F4:AB:29:67:94,-79,11,1,4,1,1,1,0,0,0,0,-96,0,6,1,56487747,0,84,0,0,56.8709,384,[84 -64 4 0 0 0 0 0 0 0 0 0 -19 9 -18 6 -20 4 -16 6 -19 6 -17 5 -17 6 -15 5 -16 7 -13 4 -14 6 -15 6 -13 5 -14 6 -12 6 -12 6 -10 5 -11 4 -10 5 -9 3 -11 5 -10 6 -8 4 -8 4 -9 3 -7 3 0 0 -7 2 -8 4 -6 2 -6 2 -5 2 -6 0 -6 2 -5 2 -6 3 -4 2 -6 1 -7 2 -6 1 -7 1 -8 2 -8 1 -8 -1 -8 -1 -10 0 -8 -2 -8 -3 -11 -1 -11 -1 -10 -1 -12 0 -11 0 0 0 0 0 0 0 0 0 0 0 ]
297,1783415901.486291,9.3152,-80,CSI_DATA,AP,98:F4:AB:29:67:94,-80,11,1,4,1,1,1,0,0,0,0,-96,0,6,1,56579617,0,84,0,0,56.9628,384,[84 -64 4 0 0 0 0 0 0 0 0 0 -24 5 -22 0 -24 5 -19 3 -19 1 -19 1 -20 6 -19 3 -18 3 -15 4 -17 4 -16 2 -16 6 -15 6 -15 6 -15 5 -14 5 -14 4 -12 4 -13 3 -10 4 -10 6 -12 3 -10 4 -11 3 -10 3 0 0 -8 2 -8 3 -8 2 -8 2 -8 2 -9 3 -5 0 -6 0 -6 -1 -6 0 -6 3 -9 0 -9 2 -8 1 -8 1 -7 2 -10 -2 -9 -3 -9 -1 -9 -2 -10 -2 -11 -1 -9 -2 -11 -2 -13 -2 -14 -3 0 0 0 0 0 0 0 0 0 0 ]
298,1783415901.609087,9.4139,-80,CSI_DATA,AP,98:F4:AB:29:67:94,-80,11,1,4,1,1,1,0,0,0,0,-96,0,6,1,56668535,0,84,0,0,57.0517,384,[84 -64 4 0 0 0 0 0 0 0 0 0 -19 -8 -18 -8 -21 -8 -18 -6 -18 -7 -16 -7 -14 -5 -14 -7 -15 -6 -16 -5 -14 -5 -13 -5 -15 -5 -13 -4 -13 -5 -14 -5 -12 -4 -11 -2 -12 -3 -12 -3 -9 -3 -10 -3 -9 -3 -8 -2 -9 -3 -8 -3 0 0 -9 -4 -10 -4 -7 -3 -6 -4 -5 -4 -7 -5 -6 -6 -7 -3 -6 -4 -5 -3 -6 -3 -4 -3 -6 -3 -4 -4 -4 -5 -5 -5 -6 -7 -5 -7 -5 -6 -6 -6 -5 -7 -6 -7 -6 -10 -5 -9 -6 -9 -4 -10 0 0 0 0 0 0 0 0 0 0 ]
299,1783415901.734492,9.3341,-78,CSI_DATA,AP,98:F4:AB:29:67:94,-78,11,1,2,1,1,1,0,0,0,0,-96,0,6,1,56763536,0,84,0,0,57.1467,384,[84 -64 4 0 0 0 0 0 0 0 0 0 -13 42 -13 38 -15 38 -14 33 -10 33 -15 29 -14 33 -13 30 -10 31 -10 26 -9 25 -10 27 -10 27 -9 27 -5 21 -9 30 -6 25 -6 20 -5 21 -11 18 -8 19 -4 19 -11 13 -10 21 -8 16 -6 19 0 0 -10 13 -8 15 -5 11 -5 17 -6 13 -5 12 -12 9 -8 9 -6 8 -8 9 -9 11 -8 12 -11 8 -10 10 -15 8 -9 13 -17 10 -15 10 -17 10 -18 11 -16 6 -17 7 -21 10 -20 10 -21 8 -21 13 0 0 0 0 0 0 0 0 0 0 ]
300,1783415901.861847,9.8531,-79,CSI_DATA,AP,98:F4:AB:29:67:94,-79,11,1,4,1,1,1,0,0,0,0,-96,0,6,1,56849466,0,84,0,0,57.2327,384,[84 -64 4 0 0 0 0 0 0 0 0 0 -18 11 -16 11 -18 11 -18 10 -17 10 -14 8 -15 7 -15 8 -13 7 -12 7 -13 7 -13 9 -13 7 -13 7 -12 6 -11 8 -9 7 -11 6 -9 6 -8 7 -9 5 -9 5 -9 5 -8 6 -8 6 -7 4 0 0 -9 4 -5 5 -7 5 -7 3 -7 2 -6 3 -6 3 -5 2 -6 2 -8 4 -7 3 -5 1 -6 4 -6 1 -9 1 -8 1 -8 1 -8 0 -9 -1 -9 -1 -11 -2 -10 0 -9 0 -11 0 -11 -2 -12 0 0 0 0 0 0 0 0 0 0 0 ]
301,1783415901.985981,8.9162,-79,CSI_DATA,AP,98:F4:AB:29:67:94,-79,11,1,4,1,1,1,0,0,0,0,-96,0,6,1,56938612,0,84,0,0,57.3217,384,[84 -64 4 0 0 0 0 0 0 0 0 0 6 20 6 17 5 17 5 16 5 17 3 15 4 15 5 15 4 15 4 14 4 14 7 13 5 13 5 12 3 12 4 13 4 9 4 10 5 10 4 11 3 11 2 9 4 8 4 7 3 7 3 8 0 0 2 7 2 8 3 6 2 7 1 6 2 6 1 5 0 5 0 6 0 5 0 6 1 7 2 6 0 7 0 7 -1 8 -3 8 -2 7 -3 8 -3 7 -3 8 -4 9 -5 9 -4 9 -4 10 -4 9 0 0 0 0 0 0 0 0 0 0 ]
302,1783415902.116288,9.4360,-79,CSI_DATA,AP,98:F4:AB:29:67:94,-79,11,1,4,1,1,1,0,0,0,0,-96,0,6,1,57029211,0,84,0,0,57.4124,384,[84 -64 4 0 0 0 0 0 0 0 0 0 -21 0 -21 0 -22 2 -19 3 -18 2 -17 3 -18 0 -16 1 -15 0 -17 1 -15 -2 -15 -1 -14 1 -14 2 -13 1 -14 1 -11 3 -14 0 -13 1 -11 1 -9 1 -12 1 -9 0 -11 0 -10 0 -10 -1 0 0 -8 -1 -9 -1 -8 -2 -6 -1 -7 -1 -7 -1 -8 -1 -6 1 -6 -2 -7 -2 -7 -1 -6 -3 -6 -1 -7 -2 -7 -2 -8 -3 -7 -3 -7 -6 -7 -5 -8 -6 -6 -6 -8 -5 -10 -6 -8 -7 -8 -6 -9 -8 0 0 0 0 0 0 0 0 0 0 ]
303,1783415902.240809,9.4305,-80,CSI_DATA,AP,98:F4:AB:29:67:94,-80,11,1,4,1,1,1,0,0,0,0,-96,0,6,1,57119359,0,84,0,0,57.5025,384,[84 -64 4 0 0 0 0 0 0 0 0 0 -21 2 -20 3 -21 3 -19 2 -19 2 -15 2 -15 1 -17 2 -16 1 -14 4 -15 4 -15 4 -14 2 -13 3 -12 3 -12 3 -11 3 -11 2 -12 1 -11 2 -11 2 -9 3 -9 2 -8 3 -9 3 -8 1 0 0 -7 2 -10 2 -5 2 -7 1 -7 1 -4 0 -7 1 -7 -1 -6 -1 -5 0 -8 1 -5 0 -7 1 -7 -1 -8 0 -6 -2 -9 -1 -8 -4 -8 -3 -10 -3 -9 -3 -9 -4 -10 -4 -11 -4 -9 -5 -12 -4 0 0 0 0 0 0 0 0 0 0 ]
304,1783415902.367680,8.7430,-78,CSI_DATA,AP,98:F4:AB:29:67:94,-78,11,1,2,1,1,1,0,0,0,0,-96,0,6,1,57211080,0,84,0,0,57.5943,384,[84 -64 4 0 0 0 0 0 0 0 0 0 -17 -11 -14 -9 -15 -8 -14 -9 -16 -10 -12 -9 -14 -9 -12 -9 -12 -8 -13 -8 -12 -8 -14 -8 -11 -7 -11 -7 -10 -6 -12 -7 -11 -5 -10 -5 -9 -5 -10 -5 -9 -5 -9 -5 -9 -6 -8 -5 -7 -5 -8 -5 0 0 -6 -5 -8 -3 -6 -4 -6 -4 -5 -5 -4 -4 -5 -3 -4 -4 -4 -4 -5 -4 -5 -3 -5 -4 -3 -3 -5 -6 -6 -5 -4 -5 -5 -6 -5 -7 -3 -7 -4 -8 -4 -8 -4 -7 -4 -10 -6 -9 -4 -9 -5 -10 0 0 0 0 0 0 0 0 0 0 ]
305,1783415902.490360,8.1451,-80,CSI_DATA,AP,98:F4:AB:29:67:94,-80,11,1,4,1,1,1,0,0,0,0,-96,0,6,1,57299945,0,84,0,0,57.6831,384,[84 -64 4 0 0 0 0 0 0 0 0 0 -22 -2 -19 -1 -20 -2 -19 -1 -18 -1 -17 -1 -17 -3 -17 -2 -14 -1 -17 -1 -14 1 -14 1 -14 0 -16 1 -13 0 -15 1 -12 1 -13 2 -12 -1 -12 1 -11 1 -10 0 -10 2 -11 1 -8 0 -9 1 0 0 -7 1 -8 -1 -8 1 -7 1 -6 0 -6 -1 -5 0 -6 0 -7 -1 -7 -1 -6 0 -8 1 -8 -2 -6 0 -7 -2 -7 -3 -8 -2 -9 -4 -8 -4 -9 -5 -9 -6 -10 -5 -8 -5 -10 -5 -10 -5 -9 -5 0 0 0 0 0 0 0 0 0 0 ]
306,1783415902.616737,10.3047,-79,CSI_DATA,AP,98:F4:AB:29:67:94,-79,11,1,4,1,1,1,0,0,0,0,-96,0,6,1,57389509,0,84,0,0,57.7727,384,[84 -64 4 0 0 0 0 0 0 0 0 0 -25 -1 -22 0 -24 -1 -22 0 -23 0 -20 -2 -17 -3 -18 -1 -18 1 -18 0 -16 1 -15 -1 -17 2 -16 3 -14 1 -17 2 -15 2 -14 -1 -12 2 -13 1 -11 0 -13 0 -12 1 -9 1 -12 -1 -12 1 0 0 -7 1 -10 1 -8 2 -9 -1 -8 0 -7 -1 -6 -1 -9 0 -6 -1 -7 1 -6 0 -6 0 -7 -2 -6 -2 -6 -1 -8 -3 -9 -2 -8 -4 -8 -3 -9 -5 -10 -5 -10 -3 -10 -7 -11 -6 -10 -8 -11 -6 0 0 0 0 0 0 0 0 0 0 ]
307,1783415902.740905,9.9676,-79,CSI_DATA,AP,98:F4:AB:29:67:94,-79,11,1,4,1,1,1,0,0,0,0,-96,0,6,1,57482382,0,84,0,0,57.8655,384,[84 -64 4 0 0 0 0 0 0 0 0 0 -12 15 -12 13 -13 14 -11 13 -12 14 -11 11 -10 11 -10 11 -11 12 -12 12 -10 11 -11 12 -10 12 -6 11 -9 9 -8 11 -6 8 -7 8 -7 9 -7 10 -6 8 -6 7 -6 8 -5 6 -6 7 -5 6 0 0 -5 5 -5 5 -4 5 -5 6 -4 3 -5 5 -4 4 -5 3 -6 2 -6 4 -5 3 -5 2 -4 4 -6 3 -8 4 -6 4 -9 3 -8 3 -9 2 -10 2 -8 2 -9 4 -10 2 -11 4 -11 3 -9 4 0 0 0 0 0 0 0 0 0 0 ]
308,1783415902.866233,9.7775,-79,CSI_DATA,AP,98:F4:AB:29:67:94,-79,11,1,4,1,1,1,0,0,0,0,-96,0,6,1,57568795,0,84,0,0,57.952,384,[84 -64 4 0 0 0 0 0 0 0 0 0 17 -18 16 -15 16 -17 14 -16 15 -18 11 -13 15 -13 13 -13 10 -13 14 -14 10 -12 11 -13 10 -11 9 -14 8 -10 8 -11 8 -10 8 -12 7 -10 5 -11 5 -8 8 -12 7 -9 6 -9 6 -7 4 -8 0 0 5 -7 4 -7 4 -7 3 -6 4 -7 4 -6 4 -6 4 -4 3 -4 3 -5 3 -6 5 -5 4 -5 7 -5 5 -5 5 -5 8 -5 9 -4 10 -4 7 -6 9 -4 9 -4 10 -4 11 -4 12 -6 11 -4 0 0 0 0 0 0 0 0 0 0 ]
309,1783415902.993130,8.8760,-79,CSI_DATA,AP,98:F4:AB:29:67:94,-79,11,1,4,1,1,1,0,0,0,0,-96,0,6,1,57660676,0,84,0,0,58.0437,384,[84 -64 4 0 0 0 0 0 0 0 0 0 18 3 18 1 20 5 19 1 18 3 17 4 15 1 14 4 15 0 13 1 14 1 14 2 14 2 14 0 12 -1 13 -1 11 0 12 0 9 0 9 0 8 0 10 2 8 0 9 1 8 1 8 0 0 0 5 0 5 -1 6 1 7 1 5 1 6 1 5 2 4 2 5 -1 6 1 5 -1 4 2 6 1 6 1 6 2 4 4 6 3 5 5 5 6 7 6 6 4 7 6 6 7 8 7 8 7 8 6 0 0 0 0 0 0 0 0 0 0 ]
310,1783415903.119053,8.7981,-80,CSI_DATA,AP,98:F4:AB:29:67:94,-80,11,1,4,1,1,1,0,0,0,0,-96,0,6,1,57750658,0,84,0,0,58.1338,384,[84 -64 4 0 0 0 0 0 0 0 0 0 20 0 17 2 20 2 17 3 17 2 15 2 16 2 15 3 16 -2 15 1 16 0 16 0 14 0 12 0 13 0 12 -2 11 0 11 -1 10 0 11 -1 10 1 11 -3 9 -1 9 0 9 -1 7 -1 0 0 7 0 7 0 7 0 7 -1 5 0 6 2 6 0 6 -1 5 1 5 0 5 0 7 -1 4 2 6 1 7 2 5 0 7 2 7 3 6 2 5 2 7 5 9 5 8 3 9 5 10 4 10 4 0 0 0 0 0 0 0 0 0 0 ]
311,1783415903.244618,9.2393,-79,CSI_DATA,AP,98:F4:AB:29:67:94,-79,11,1,4,1,1,1,0,0,0,0,-96,0,6,1,57839625,0,84,0,0,58.2228,384,[84 -64 4 0 0 0 0 0 0 0 0 0 -2 -25 -2 -23 -3 -23 -1 -20 -2 -20 -2 -20 -3 -20 -1 -18 -2 -19 -2 -17 -3 -17 -4 -18 -2 -15 -3 -14 -3 -16 -2 -15 -3 -15 -3 -16 -4 -11 -3 -16 -4 -12 -2 -13 -2 -10 -1 -10 -2 -10 -1 -9 0 0 -2 -10 -1 -10 0 -8 1 -8 -1 -7 1 -8 -1 -8 -1 -6 1 -6 0 -7 1 -8 -1 -7 1 -8 2 -7 0 -8 1 -8 2 -10 2 -9 3 -9 3 -9 4 -11 4 -11 3 -9 4 -12 6 -10 4 -12 0 0 0 0 0 0 0 0 0 0 ]
312,1783415903.370722,9.9865,-79,CSI_DATA,AP,98:F4:AB:29:67:94,-79,11,1,4,1,1,1,0,0,0,0,-96,0,6,1,57931005,0,84,0,0,58.3142,384,[84 -64 4 0 0 0 0 0 0 0 0 0 -24 5 -22 5 -23 5 -20 5 -20 4 -20 4 -19 4 -18 4 -17 4 -17 4 -16 4 -16 2 -14 4 -15 4 -15 4 -16 6 -14 4 -15 4 -12 3 -14 4 -12 3 -11 3 -11 2 -9 4 -10 2 -8 3 0 0 -8 2 -9 3 -9 2 -7 2 -7 0 -7 0 -7 1 -7 1 -7 1 -8 1 -8 1 -6 0 -6 0 -8 -2 -8 -2 -9 0 -10 -2 -8 -2 -9 -2 -10 -3 -11 -3 -12 -4 -11 -4 -11 -5 -11 -3 -11 -4 0 0 0 0 0 0 0 0 0 0 ]
313,1783415903.496392,10.4305,-78,CSI_DATA,AP,98:F4:AB:29:67:94,-78,11,1,2,1,1,1,0,0,0,0,-96,0,6,1,58022309,0,84,0,0,58.4055,384,[84 -64 4 0 0 0 0 0 0 0 0 0 -18 12 -20 10 -18 11 -19 10 -18 10 -16 8 -14 7 -15 7 -14 10 -12 7 -12 9 -12 9 -12 11 -13 10 -11 8 -11 9 -9 7 -10 8 -10 7 -9 7 -11 4 -9 5 -8 5 -6 6 -8 7 -8 5 0 0 -7 3 -8 6 -6 5 -4 4 -5 4 -5 5 -6 2 -6 3 -5 3 -5 3 -7 3 -6 2 -7 4 -7 2 -8 3 -8 2 -8 3 -9 2 -8 2 -10 3 -11 3 -10 2 -11 2 -11 3 -11 2 -12 4 0 0 0 0 0 0 0 0 0 0 ]
314,1783415903.621039,10.4289,-78,CSI_DATA,AP,98:F4:AB:29:67:94,-78,11,1,2,1,1,1,0,0,0,0,-96,0,6,1,58112031,0,84,0,0,58.4952,384,[84 -64 4 0 0 0 0 0 0 0 0 0 2 20 1 19 1 22 1 19 1 20 1 17 1 17 2 16 2 15 1 17 2 15 2 15 1 14 1 14 2 12 2 14 2 12 3 11 2 10 2 11 3 11 2 10 2 10 2 7 2 10 2 8 0 0 2 6 1 8 1 7 1 6 0 6 1 6 0 5 0 6 0 4 0 5 0 5 1 4 -1 6 -1 7 0 7 -1 7 -2 8 -2 7 -2 8 -2 9 -4 8 -3 9 -4 10 -4 10 -4 10 -5 11 0 0 0 0 0 0 0 0 0 0 ]
315,1783415903.743881,10.6775,-80,CSI_DATA,AP,98:F4:AB:29:67:94,-80,11,1,4,1,1,1,0,0,0,0,-96,0,6,1,58200301,0,84,0,0,58.5835,384,[84 -64 4 0 0 0 0 0 0 0 0 0 -7 -21 -6 -20 -7 -21 -5 -19 -5 -18 -7 -16 -7 -16 -7 -14 -6 -13 -4 -15 -5 -16 -5 -13 -7 -13 -5 -13 -6 -12 -7 -13 -5 -11 -6 -12 -3 -10 -6 -11 -5 -9 -5 -10 -5 -10 -5 -8 -3 -10 -4 -8 0 0 -5 -7 -2 -7 -4 -6 -2 -7 -3 -7 -3 -5 -2 -6 -2 -6 -1 -6 -1 -6 -2 -5 -2 -7 -4 -8 -2 -7 -3 -8 -2 -8 0 -9 -1 -8 -1 -9 0 -8 2 -9 0 -10 1 -9 0 -9 1 -11 0 -11 0 0 0 0 0 0 0 0 0 0 ]
316,1783415903.869651,10.9546,-78,CSI_DATA,AP,98:F4:AB:29:67:94,-78,11,1,2,1,1,1,0,0,0,0,-96,0,6,1,58290487,0,84,0,0,58.6737,384,[84 -64 4 0 0 0 0 0 0 0 0 0 -13 -18 -9 -19 -16 -22 -8 -18 -9 -18 -15 -13 -9 -14 -6 -12 -11 -9 -11 -15 -7 -12 -11 -13 -9 -6 -7 -15 -12 -10 -5 -9 -10 -11 -9 -14 -1 -11 -10 -13 -8 -10 -13 -9 -5 -10 -6 -7 -5 -12 -8 -6 0 0 -7 -7 -5 -7 -5 -7 -7 -7 -7 -8 -5 -5 -5 -4 -2 -6 -3 -6 -4 -7 -4 -6 -3 -6 -4 -5 -3 -6 -5 -9 -4 -7 -2 -10 -3 -7 -2 -9 -2 -11 -2 -9 -1 -11 -1 -10 -3 -13 0 -12 -2 -12 0 0 0 0 0 0 0 0 0 0 ]
317,1783415903.993982,9.9138,-80,CSI_DATA,AP,98:F4:AB:29:67:94,-80,11,1,4,1,1,1,0,0,0,0,-96,0,6,1,58383212,0,84,0,0,58.7664,384,[84 -64 4 0 0 0 0 0 0 0 0 0 -14 15 -14 14 -14 14 -13 13 -14 14 -13 12 -12 10 -11 12 -10 12 -10 11 -9 11 -10 12 -11 11 -10 10 -10 9 -9 10 -7 9 -8 8 -8 7 -9 6 -9 7 -7 8 -8 6 -7 7 -5 8 -6 6 0 0 -5 3 -5 7 -3 5 -6 4 -5 2 -4 4 -4 3 -5 3 -5 5 -4 5 -5 5 -6 5 -5 3 -6 4 -6 4 -6 3 -6 4 -6 4 -9 1 -8 2 -8 1 -11 3 -8 3 -10 3 -11 4 -10 3 0 0 0 0 0 0 0 0 0 0 ]
318,1783415904.120770,8.8846,-79,CSI_DATA,AP,98:F4:AB:29:67:94,-79,11,1,4,1,1,1,0,0,0,0,-96,0,6,1,58468707,0,84,0,0,58.8518,384,[84 -64 4 0 0 0 0 0 0 0 0 0 15 -17 14 -15 14 -15 14 -14 12 -15 11 -11 12 -11 11 -12 9 -12 11 -10 9 -11 9 -11 8 -13 9 -11 7 -10 7 -11 7 -10 6 -10 7 -10 8 -8 7 -9 6 -8 5 -9 7 -7 5 -7 4 -7 0 0 5 -6 4 -6 4 -6 5 -5 4 -4 6 -5 3 -4 4 -2 4 -3 4 -5 3 -2 3 -4 4 -4 5 -5 5 -4 7 -3 7 -5 6 -4 7 -2 8 -2 6 -2 9 -1 9 -3 9 -4 10 -3 10 -4 0 0 0 0 0 0 0 0 0 0 ]
319,1783415904.246310,8.1707,-79,CSI_DATA,AP,98:F4:AB:29:67:94,-79,11,1,4,1,1,1,0,0,0,0,-96,0,6,1,58559531,0,84,0,0,58.9427,384,[84 -64 4 0 0 0 0 0 0 0 0 0 -18 12 -18 11 -17 11 -13 9 -16 11 -14 9 -12 9 -13 10 -12 11 -14 8 -12 9 -11 9 -13 8 -11 8 -10 9 -8 11 -7 8 -8 8 -9 7 -8 8 -8 6 -7 6 -7 6 -8 4 -7 5 -7 4 0 0 -6 5 -7 6 -5 5 -5 4 -6 4 -7 4 -3 2 -5 3 -4 3 -7 5 -6 5 -5 2 -5 2 -7 4 -6 3 -6 3 -9 2 -8 2 -7 2 -9 1 -10 1 -10 3 -10 1 -11 3 -9 2 -11 2 0 0 0 0 0 0 0 0 0 0 ]
320,1783415904.370020,8.4245,-78,CSI_DATA,AP,98:F4:AB:29:67:94,-78,11,1,2,1,1,1,0,0,0,0,-96,0,6,1,58651388,0,84,0,0,59.0346,384,[84 -64 4 0 0 0 0 0 0 0 0 0 -23 -3 -21 -2 -22 -1 -20 -1 -20 -1 -17 -3 -18 -4 -17 -5 -16 -2 -17 -1 -15 0 -15 -1 -17 0 -14 -1 -14 0 -17 0 -12 0 -12 0 -12 0 -12 1 -12 -1 -11 0 -10 -1 -11 -1 -9 -2 -9 -1 0 0 -8 -1 -8 -1 -9 -1 -8 0 -7 -1 -7 -3 -6 -1 -6 -1 -7 -2 -6 -2 -7 -2 -6 -2 -7 -2 -8 -2 -7 -3 -8 -3 -7 -4 -8 -5 -7 -4 -8 -4 -8 -5 -8 -7 -9 -7 -9 -7 -10 -7 -9 -7 0 0 0 0 0 0 0 0 0 0 ]
321,1783415904.499060,8.0931,-78,CSI_DATA,AP,98:F4:AB:29:67:94,-78,11,1,2,1,1,1,0,0,0,0,-96,0,6,1,58739054,0,84,0,0,59.1222,384,[84 -64 4 0 0 0 0 0 0 0 0 0 7 -19 6 -15 7 -16 7 -16 7 -17 5 -13 6 -14 5 -14 5 -15 5 -14 3 -14 4 -14 5 -13 3 -13 2 -12 2 -13 4 -12 2 -12 2 -9 3 -9 1 -10 3 -10 1 -8 1 -9 1 -8 2 -8 0 0 2 -7 1 -7 1 -7 1 -7 2 -5 2 -6 2 -6 1 -6 2 -5 1 -6 1 -5 3 -6 2 -5 2 -6 3 -5 3 -6 4 -6 5 -6 6 -6 5 -7 7 -6 6 -7 7 -7 7 -8 8 -8 7 -8 0 0 0 0 0 0 0 0 0 0 ]
322,1783415904.628206,9.2823,-79,CSI_DATA,AP,98:F4:AB:29:67:94,-79,11,1,4,1,1,1,0,0,0,0,-96,0,6,1,58827711,0,84,0,0,59.2109,384,[84 -64 4 0 0 0 0 0 0 0 0 0 -9 21 -11 21 -10 19 -13 18 -11 19 -9 16 -9 17 -9 16 -7 15 -6 14 -7 15 -8 14 -6 16 -6 15 -5 13 -8 14 -4 12 -4 13 -4 10 -5 13 -3 11 -4 11 -2 9 -2 9 -3 10 -3 11 0 0 -1 7 -2 7 -2 8 -1 7 -3 7 -3 7 -2 5 -1 5 -3 3 -3 5 -2 5 -4 6 -4 5 -2 5 -2 5 -6 7 -6 7 -6 8 -5 8 -6 6 -7 8 -8 7 -9 8 -8 9 -8 8 -9 9 0 0 0 0 0 0 0 0 0 0 ]
323,1783415904.755308,9.8555,-79,CSI_DATA,AP,98:F4:AB:29:67:94,-79,11,1,4,1,1,1,0,0,0,0,-96,0,6,1,58917698,0,84,0,0,59.3009,384,[84 -64 4 0 0 0 0 0 0 0 0 0 -23 -10 -23 -8 -22 -7 -21 -9 -20 -8 -18 -8 -18 -9 -16 -6 -17 -7 -18 -8 -17 -7 -15 -7 -16 -8 -16 -7 -13 -6 -14 -5 -14 -3 -12 -5 -12 -4 -11 -4 -10 -4 -13 -4 -11 -8 -10 -5 -9 -4 -7 -3 0 0 -10 -4 -9 -3 -9 -4 -9 -4 -6 -4 -7 -4 -5 -5 -7 -5 -5 -2 -5 -5 -7 -5 -6 -4 -6 -4 -7 -4 -5 -6 -6 -8 -6 -8 -6 -7 -6 -8 -5 -8 -4 -9 -7 -10 -4 -10 -5 -11 -5 -10 -6 -11 0 0 0 0 0 0 0 0 0 0 ]
324,1783415904.883850,9.6739,-80,CSI_DATA,AP,98:F4:AB:29:67:94,-80,11,1,4,1,1,1,0,0,0,0,-96,0,6,1,59010598,0,84,0,0,59.3938,384,[84 -64 4 0 0 0 0 0 0 0 0 0 -2 19 -1 17 -4 21 -2 17 -2 19 -1 14 -1 16 -1 15 -2 15 -1 13 1 14 1 13 1 15 0 14 -2 11 2 11 1 12 1 11 1 12 0 10 0 10 1 11 0 8 0 8 0 9 0 8 0 0 0 8 0 8 -1 6 1 8 -1 5 -1 6 -1 5 -1 6 -2 4 -1 5 -1 6 0 4 -1 4 -2 6 -2 7 -2 6 -4 7 -2 8 -4 7 -4 8 -5 7 -4 7 -4 9 -4 10 -4 9 -4 9 0 0 0 0 0 0 0 0 0 0 ]
325,1783415905.008087,10.1275,-79,CSI_DATA,AP,98:F4:AB:29:67:94,-79,11,1,4,1,1,1,0,0,0,0,-96,0,6,1,59098551,0,84,0,0,59.4817,384,[84 -64 4 0 0 0 0 0 0 0 0 0 -13 -22 -10 -21 -12 -21 -10 -17 -13 -19 -7 -19 -10 -17 -10 -14 -9 -16 -9 -16 -11 -13 -10 -14 -9 -14 -11 -13 -10 -12 -9 -12 -7 -10 -9 -11 -7 -12 -7 -12 -8 -12 -8 -10 -6 -12 -5 -6 -6 -8 -5 -7 0 0 -4 -9 -4 -6 -4 -8 -4 -7 -4 -7 -3 -6 -2 -8 -1 -7 -2 -6 -3 -4 -4 -6 -1 -6 -2 -7 -3 -7 -2 -8 -1 -8 0 -11 0 -8 1 -9 0 -11 1 -11 3 -12 2 -13 1 -12 3 -12 1 -13 0 0 0 0 0 0 0 0 0 0 ]
326,1783415905.134184,9.7226,-79,CSI_DATA,AP,98:F4:AB:29:67:94,-79,11,1,4,1,1,1,0,0,0,0,-96,0,6,1,59189631,0,84,0,0,59.5727,384,[84 -64 4 0 0 0 0 0 0 0 0 0 20 3 19 4 19 4 20 4 17 4 16 3 14 2 15 2 14 0 15 -1 14 2 16 0 14 -1 16 0 12 -2 12 1 11 0 11 -1 10 -1 10 -2 9 -2 9 -1 8 -2 8 0 9 -1 9 -1 0 0 7 -2 6 -3 6 -1 6 -1 6 -2 5 -2 7 0 5 0 5 -1 5 -1 7 -1 4 -1 6 0 6 0 6 1 7 1 6 0 7 3 8 2 7 1 10 2 8 2 8 1 8 4 9 2 8 4 0 0 0 0 0 0 0 0 0 0 ]
327,1783415905.262227,9.8284,-80,CSI_DATA,AP,98:F4:AB:29:67:94,-80,11,1,4,1,1,1,0,0,0,0,-96,0,6,1,59278652,0,84,0,0,59.6618,384,[84 -64 4 0 0 0 0 0 0 0 0 0 -22 0 -22 1 -22 0 -19 2 -22 0 -19 -1 -18 1 -18 -1 -18 -1 -19 2 -18 1 -17 0 -17 0 -14 0 -15 -1 -17 1 -15 1 -13 2 -14 2 -11 1 -12 1 -12 1 -11 1 -9 -1 -10 0 -10 2 0 0 -9 0 -9 0 -8 1 -8 0 -7 0 -7 -1 -10 -1 -7 -1 -6 0 -7 0 -7 1 -8 -1 -7 -1 -7 -2 -9 -4 -8 -4 -9 -4 -9 -3 -8 -7 -9 -6 -8 -7 -10 -6 -10 -7 -11 -7 -10 -7 -12 -8 0 0 0 0 0 0 0 0 0 0 ]
328,1783415905.392696,9.8431,-78,CSI_DATA,AP,98:F4:AB:29:67:94,-78,11,1,2,1,1,1,0,0,0,0,-96,0,6,1,59372704,0,84,0,0,59.7559,384,[84 -64 4 0 0 0 0 0 0 0 0 0 19 -12 18 -10 18 -12 17 -9 16 -11 14 -8 14 -9 15 -8 14 -8 12 -9 12 -8 12 -7 13 -8 13 -10 11 -7 11 -9 10 -8 9 -7 9 -7 9 -7 8 -6 8 -7 8 -5 8 -6 8 -6 6 -6 0 0 6 -5 6 -5 6 -4 6 -4 6 -1 5 -5 5 -3 6 -4 3 -3 4 -3 5 -2 5 -2 5 -2 6 -2 8 -1 6 -1 7 -2 8 -2 9 -1 8 0 10 -1 8 -1 10 -1 10 0 11 -1 11 0 0 0 0 0 0 0 0 0 0 0 ]
329,1783415905.516098,9.8294,-80,CSI_DATA,AP,98:F4:AB:29:67:94,-80,11,1,4,1,1,1,0,0,0,0,-96,0,6,1,59459554,0,84,0,0,59.8427,384,[84 -64 4 0 0 0 0 0 0 0 0 0 -4 22 -6 17 -5 22 -4 17 -6 18 -5 15 -5 16 -4 13 -4 14 -5 15 -2 15 -1 13 -4 15 -3 13 0 13 -1 14 0 9 -3 11 -1 10 -1 11 -2 9 0 9 1 8 0 7 -2 8 -1 10 0 0 -1 7 -1 7 -1 5 1 6 -1 6 -2 5 -2 5 -3 6 -2 4 -1 7 -1 7 -2 5 -2 6 -2 5 -3 6 -5 4 -4 6 -4 6 -5 5 -7 7 -6 5 -6 8 -8 7 -7 9 -6 7 -6 8 0 0 0 0 0 0 0 0 0 0 ]
330,1783415905.641722,8.8127,-79,CSI_DATA,AP,98:F4:AB:29:67:94,-79,11,1,4,1,1,1,0,0,0,0,-96,0,6,1,59547961,0,84,0,0,59.9311,384,[84 -64 4 0 0 0 0 0 0 0 0 0 -20 6 -18 6 -21 5 -18 4 -16 7 -16 2 -17 4 -16 3 -13 5 -16 4 -13 5 -13 5 -12 7 -13 7 -12 5 -12 5 -12 4 -11 6 -9 4 -9 5 -11 4 -9 4 -8 4 -8 4 -7 4 -7 4 0 0 -5 3 -7 4 -7 4 -7 3 -6 1 -5 3 -6 0 -6 1 -5 3 -5 2 -6 1 -6 3 -6 2 -7 3 -7 2 -7 1 -7 1 -8 -1 -8 0 -9 -1 -8 1 -10 1 -10 -1 -10 -1 -11 0 -12 -1 0 0 0 0 0 0 0 0 0 0 ]
331,1783415905.766416,9.3074,-78,CSI_DATA,AP,98:F4:AB:29:67:94,-78,11,1,2,1,1,1,0,0,0,0,-96,0,6,1,59640548,0,84,0,0,60.0237,384,[84 -64 4 0 0 0 0 0 0 0 0 0 6 -22 5 -19 4 -20 7 -18 5 -18 5 -16 5 -16 5 -17 4 -16 5 -15 4 -16 3 -16 3 -15 2 -15 2 -13 2 -14 2 -13 1 -13 2 -12 1 -11 3 -11 2 -11 3 -11 1 -9 2 -10 1 -10 0 0 2 -8 1 -8 2 -8 1 -7 2 -6 1 -7 1 -7 3 -5 2 -6 1 -6 1 -6 1 -5 2 -6 4 -6 3 -8 3 -7 6 -8 5 -7 7 -7 6 -5 8 -6 7 -8 9 -6 8 -7 8 -7 9 -8 0 0 0 0 0 0 0 0 0 0 ]
332,1783415905.895534,9.0335,-79,CSI_DATA,AP,98:F4:AB:29:67:94,-79,11,1,4,1,1,1,0,0,0,0,-96,0,6,1,59728531,0,84,0,0,60.1117,384,[84 -64 4 0 0 0 0 0 0 0 0 0 5 23 3 21 3 21 3 19 3 21 1 18 3 17 3 16 2 16 3 17 2 15 3 14 4 14 4 14 3 14 4 14 4 12 3 11 3 12 4 11 5 9 3 11 2 8 5 9 3 8 5 8 0 0 3 7 2 8 3 8 3 7 2 6 1 6 0 6 1 6 0 4 3 5 1 6 -1 6 0 7 0 7 0 8 0 6 -2 10 0 9 -2 10 -2 9 -1 10 -3 10 -3 11 -4 10 -3 10 -3 11 0 0 0 0 0 0 0 0 0 0 ]
333,1783415906.025419,9.4119,-73,CSI_DATA,AP,98:F4:AB:29:67:94,-73,11,0,0,0,0,0,0,0,0,0,-96,0,6,1,59825618,0,84,0,0,60.2089,128,[84 -64 4 0 0 0 0 0 0 0 0 0 27 63 24 59 26 65 25 57 20 56 27 54 8 58 23 55 36 53 22 56 24 45 22 52 41 46 16 38 13 19 32 38 18 34 21 35 17 26 17 32 17 26 14 23 21 19 24 17 32 19 7 18 0 0 20 19 14 22 14 15 11 24 14 16 13 15 9 21 8 16 9 19 7 17 9 19 7 17 9 23 7 20 8 23 3 26 7 29 4 23 0 29 1 29 0 30 1 32 4 34 3 35 5 36 6 33 0 0 0 0 0 0 0 0 0 0 ]
334,1783415906.157907,7.9554,-79,CSI_DATA,AP,98:F4:AB:29:67:94,-79,11,1,4,1,1,1,0,0,0,0,-96,0,6,1,59908175,0,84,0,0,60.2912,384,[84 -64 4 0 0 0 0 0 0 0 0 0 -1 18 0 15 -2 17 -2 16 -2 13 0 14 -1 12 -2 12 -1 13 0 13 0 12 1 12 1 12 -1 11 1 9 1 11 1 11 0 10 0 10 1 9 0 9 0 8 1 9 1 8 0 7 2 8 0 0 1 5 0 6 1 6 0 5 -1 6 0 4 -1 6 -3 4 -1 4 -1 4 -1 5 0 6 -2 5 0 6 -2 6 -3 6 -3 4 -3 6 -4 6 -5 7 -3 7 -4 7 -4 8 -5 6 -5 8 -4 9 0 0 0 0 0 0 0 0 0 0 ]
335,1783415906.293455,8.3690,-79,CSI_DATA,AP,98:F4:AB:29:67:94,-79,11,1,4,1,1,1,0,0,0,0,-96,0,6,1,59998551,0,84,0,0,60.3817,384,[84 -64 4 0 0 0 0 0 0 0 0 0 19 -2 19 -3 20 -2 17 0 20 -3 16 -1 16 0 16 0 15 -3 12 -2 13 -4 14 -2 13 -4 15 -3 13 -2 13 -2 11 -1 11 -3 10 -3 12 0 10 -2 9 -3 10 -2 10 -2 9 -1 6 -2 0 0 7 -1 9 -2 6 0 6 0 5 -1 6 0 7 0 5 -1 5 0 5 -1 5 0 5 1 6 0 5 0 5 1 6 1 6 1 6 2 7 2 6 3 8 3 6 5 7 4 9 6 8 5 10 5 0 0 0 0 0 0 0 0 0 0 ]
336,1783415906.424396,9.6156,-79,CSI_DATA,AP,98:F4:AB:29:67:94,-79,11,1,4,1,1,1,0,0,0,0,-96,0,6,1,60089838,0,84,0,0,60.473,384,[84 -64 4 0 0 0 0 0 0 0 0 0 -15 -16 -13 -15 -13 -15 -14 -16 -11 -14 -12 -13 -12 -14 -9 -13 -9 -11 -10 -12 -12 -10 -12 -9 -10 -12 -11 -9 -11 -9 -10 -9 -11 -8 -12 -8 -9 -6 -7 -7 -9 -8 -8 -6 -6 -6 -7 -7 -9 -6 -8 -7 0 0 -6 -5 -7 -5 -5 -4 -7 -5 -6 -4 -5 -4 -5 -4 -5 -6 -4 -5 -6 -4 -5 -3 -6 -4 -3 -4 -5 -6 -5 -6 -4 -7 -4 -7 -5 -7 -4 -9 -2 -8 -5 -7 -3 -8 -4 -8 -4 -11 -5 -11 -5 -11 0 0 0 0 0 0 0 0 0 0 ]
337,1783415906.557644,9.3810,-79,CSI_DATA,AP,98:F4:AB:29:67:94,-79,11,1,4,1,1,1,0,0,0,0,-96,0,6,1,60180184,0,84,0,0,60.5634,384,[84 -64 4 0 0 0 0 0 0 0 0 0 -8 -19 -8 -18 -6 -19 -6 -19 -7 -17 -5 -16 -5 -16 -6 -16 -6 -14 -5 -14 -6 -15 -8 -12 -6 -13 -6 -12 -6 -11 -8 -12 -8 -11 -6 -10 -7 -10 -5 -9 -6 -8 -6 -10 -6 -9 -6 -8 -5 -7 -4 -8 0 0 -5 -7 -5 -6 -4 -6 -6 -6 -3 -7 -4 -5 -3 -5 -3 -7 -3 -6 -4 -5 -3 -7 -3 -6 -3 -5 -3 -6 -2 -8 -4 -6 -3 -9 -2 -8 -2 -9 -2 -9 -1 -9 -3 -10 -2 -11 -2 -11 0 -10 -1 -12 0 0 0 0 0 0 0 0 0 0 ]
338,1783415906.691052,9.8375,-80,CSI_DATA,AP,98:F4:AB:29:67:94,-80,11,1,4,1,1,1,0,0,0,0,-96,0,6,1,60267619,0,84,0,0,60.6508,384,[84 -64 4 0 0 0 0 0 0 0 0 0 16 -12 15 -14 15 -13 13 -12 13 -13 13 -9 10 -10 13 -10 10 -7 10 -10 10 -7 12 -10 11 -9 10 -11 9 -10 12 -10 5 -9 8 -9 8 -8 8 -9 7 -9 6 -8 6 -7 8 -6 7 -7 6 -7 0 0 5 -5 6 -5 6 -5 5 -3 5 -4 4 -3 5 -2 3 -3 5 -3 4 -3 5 -4 5 -4 5 -3 6 -2 6 -3 7 -3 7 -2 7 -1 7 -1 7 -1 7 -1 8 0 9 0 9 -1 11 0 10 0 0 0 0 0 0 0 0 0 0 0 ]
339,1783415906.818108,9.2182,-78,CSI_DATA,AP,98:F4:AB:29:67:94,-78,11,1,2,1,1,1,0,0,0,0,-96,0,6,1,60363282,0,84,0,0,60.7465,384,[84 -64 4 0 0 0 0 0 0 0 0 0 -15 -17 -13 -15 -14 -17 -13 -14 -15 -16 -12 -13 -12 -14 -9 -13 -12 -10 -12 -14 -12 -11 -11 -11 -11 -10 -12 -12 -10 -10 -13 -11 -10 -8 -11 -9 -9 -7 -9 -8 -7 -8 -10 -7 -8 -8 -8 -7 -6 -6 -9 -8 0 0 -8 -5 -7 -6 -6 -5 -8 -5 -5 -5 -5 -5 -4 -4 -4 -4 -5 -5 -4 -5 -5 -5 -5 -6 -5 -5 -4 -5 -5 -7 -5 -7 -5 -8 -4 -9 -4 -8 -5 -10 -4 -10 -4 -10 -5 -11 -5 -11 -4 -12 -5 -12 0 0 0 0 0 0 0 0 0 0 ]
340,1783415906.947173,9.9948,-78,CSI_DATA,AP,98:F4:AB:29:67:94,-78,11,1,2,1,1,1,0,0,0,0,-96,0,6,1,60453783,0,84,0,0,60.837,384,[84 -64 4 0 0 0 0 0 0 0 0 0 -19 -12 -17 -10 -18 -13 -17 -10 -18 -10 -14 -8 -16 -9 -15 -10 -14 -9 -14 -10 -15 -9 -14 -7 -16 -8 -13 -7 -12 -6 -14 -6 -13 -4 -12 -6 -12 -5 -12 -3 -12 -5 -10 -4 -10 -4 -8 -5 -10 -4 -10 -4 0 0 -8 -2 -9 -5 -8 -3 -7 -4 -6 -3 -7 -4 -5 -5 -4 -4 -7 -4 -7 -3 -6 -3 -5 -4 -7 -4 -6 -4 -7 -6 -8 -6 -6 -6 -6 -6 -7 -8 -5 -9 -6 -8 -5 -8 -8 -8 -9 -9 -7 -9 -7 -9 0 0 0 0 0 0 0 0 0 0 ]
341,1783415907.077597,10.3511,-79,CSI_DATA,AP,98:F4:AB:29:67:94,-79,11,1,4,1,1,1,0,0,0,0,-96,0,6,1,60539595,0,84,0,0,60.9228,384,[84 -64 4 0 0 0 0 0 0 0 0 0 1 23 1 22 0 21 0 19 -2 21 1 17 2 16 1 16 0 17 -1 17 2 15 3 14 3 14 1 16 2 15 4 14 3 14 2 13 1 10 2 10 2 12 1 11 1 10 1 10 0 10 3 9 0 0 3 9 0 7 3 7 2 6 0 6 1 5 1 6 2 7 2 5 -1 6 1 6 2 7 0 8 1 7 1 8 0 10 0 9 -2 10 0 7 -1 8 -3 9 -1 10 -2 10 -1 12 -4 11 -2 12 0 0 0 0 0 0 0 0 0 0 ]
342,1783415907.205316,10.3493,-80,CSI_DATA,AP,98:F4:AB:29:67:94,-80,11,1,4,1,1,1,0,0,0,0,-96,0,6,1,60627247,0,84,0,0,61.0103,384,[84 -64 4 0 0 0 0 0 0 0 0 0 -18 9 -17 4 -20 7 -19 5 -17 6 -14 5 -16 5 -14 8 -15 6 -15 6 -13 9 -12 6 -13 7 -13 6 -12 6 -12 7 -10 6 -9 5 -9 6 -9 7 -8 6 -7 5 -9 5 -7 6 -9 5 -9 5 0 0 -6 5 -6 5 -6 4 -5 4 -6 3 -6 3 -5 4 -6 2 -6 4 -4 4 -7 3 -4 3 -6 4 -6 5 -7 3 -6 4 -8 5 -8 2 -8 3 -9 3 -10 2 -8 2 -10 3 -10 2 -10 4 -10 5 0 0 0 0 0 0 0 0 0 0 ]
343,1783415907.330579,10.4143,-80,CSI_DATA,AP,98:F4:AB:29:67:94,-80,11,1,4,1,1,1,0,0,0,0,-96,0,6,1,60719939,0,84,0,0,61.1031,384,[84 -64 4 0 0 0 0 0 0 0 0 0 -20 -7 -17 -5 -21 -5 -18 -4 -17 -5 -16 -4 -16 -4 -15 -4 -17 -3 -16 -5 -15 -3 -14 -6 -14 -2 -14 -2 -13 -4 -14 -5 -13 -2 -13 -4 -11 -2 -10 -3 -11 -2 -11 -2 -10 -3 -9 -3 -10 -2 -9 -4 0 0 -8 -3 -9 -3 -7 -3 -6 -2 -7 -5 -8 -3 -5 -3 -5 -3 -5 -2 -6 -3 -6 -4 -6 -5 -6 -4 -6 -3 -7 -6 -7 -6 -5 -6 -6 -6 -7 -7 -7 -9 -6 -7 -6 -8 -6 -9 -8 -9 -6 -8 -6 -8 0 0 0 0 0 0 0 0 0 0 ]
344,1783415907.457743,9.9634,-78,CSI_DATA,AP,98:F4:AB:29:67:94,-78,11,1,4,1,1,1,0,0,0,0,-96,0,6,1,60809188,0,84,0,0,61.1924,384,[84 -64 4 0 0 0 0 0 0 0 0 0 9 21 11 19 8 19 8 21 5 18 8 17 7 15 10 15 6 15 5 17 6 17 8 12 8 14 7 14 6 13 6 12 7 12 6 12 4 10 4 10 7 11 7 9 5 10 6 9 5 7 3 8 0 0 1 8 4 9 5 7 3 5 3 7 2 6 2 5 1 6 2 4 2 6 3 3 2 6 0 6 3 8 2 8 2 8 1 11 0 8 0 7 -1 8 0 10 0 10 -1 10 0 11 0 13 -2 13 0 0 0 0 0 0 0 0 0 0 ]
345,1783415907.590333,10.0724,-78,CSI_DATA,AP,98:F4:AB:29:67:94,-78,11,1,2,1,1,1,0,0,0,0,-96,0,6,1,60904594,0,84,0,0,61.2878,384,[84 -64 4 0 0 0 0 0 0 0 0 0 -18 -14 -17 -14 -17 -12 -17 -11 -16 -13 -14 -10 -12 -10 -12 -9 -13 -10 -13 -10 -13 -9 -14 -10 -13 -7 -12 -9 -13 -6 -14 -9 -12 -7 -11 -6 -12 -7 -11 -6 -9 -5 -13 -5 -9 -5 -10 -5 -9 -4 -9 -5 0 0 -9 -3 -9 -5 -8 -3 -8 -3 -7 -4 -7 -5 -6 -3 -6 -4 -7 -4 -6 -5 -6 -2 -5 -3 -7 -4 -6 -4 -8 -6 -7 -5 -7 -8 -6 -5 -6 -8 -6 -7 -7 -9 -6 -9 -7 -9 -8 -10 -8 -9 -7 -10 0 0 0 0 0 0 0 0 0 0 ]
346,1783415907.715703,9.6612,-78,CSI_DATA,AP,98:F4:AB:29:67:94,-78,11,1,2,1,1,1,0,0,0,0,-96,0,6,1,60991711,0,84,0,0,61.3749,384,[84 -64 4 0 0 0 0 0 0 0 0 0 -13 -14 -13 -12 -13 -14 -13 -12 -13 -13 -10 -12 -11 -9 -11 -11 -10 -9 -11 -9 -11 -11 -10 -11 -11 -9 -11 -10 -9 -8 -10 -9 -8 -8 -8 -8 -8 -6 -9 -6 -8 -6 -8 -7 -7 -7 -7 -7 -6 -7 -5 -5 0 0 -6 -7 -6 -7 -5 -4 -4 -5 -4 -5 -5 -6 -5 -5 -3 -5 -4 -4 -4 -5 -5 -5 -3 -6 -4 -7 -3 -5 -4 -6 -4 -7 -2 -7 -2 -8 -2 -8 -2 -8 -2 -8 -2 -9 -1 -10 -1 -10 -2 -10 -3 -11 0 0 0 0 0 0 0 0 0 0 ]
347,1783415907.843433,9.4818,-73,CSI_DATA,AP,98:F4:AB:29:67:94,-73,11,0,0,0,0,0,0,0,0,0,-96,0,6,1,61081919,0,84,0,0,61.4652,128,[84 -64 4 0 0 0 0 0 0 0 0 0 0 42 0 36 0 41 1 37 2 38 -1 30 2 32 -1 30 1 29 0 29 3 30 2 27 2 28 1 27 1 24 5 26 3 22 4 24 4 22 3 20 3 20 2 19 1 19 3 18 3 16 0 15 0 0 2 16 1 15 1 13 2 15 2 14 1 12 -1 13 -1 12 0 10 -2 13 0 13 -1 12 -2 13 -4 10 -4 15 -6 14 -6 16 -6 15 -8 16 -7 15 -9 15 -10 19 -12 17 -11 19 -10 17 -12 20 0 0 0 0 0 0 0 0 0 0 ]
348,1783415907.969867,9.6926,-79,CSI_DATA,AP,98:F4:AB:29:67:94,-79,11,1,4,1,1,1,0,0,0,0,-96,0,6,1,61168374,0,84,0,0,61.5515,384,[84 -64 4 0 0 0 0 0 0 0 0 0 -14 -18 -13 -19 -17 -18 -13 -19 -12 -18 -10 -17 -9 -17 -10 -14 -11 -14 -10 -15 -12 -14 -11 -12 -11 -11 -10 -15 -11 -12 -9 -11 -9 -9 -9 -10 -10 -8 -8 -8 -8 -10 -7 -10 -9 -9 -6 -9 -8 -6 -8 -8 0 0 -8 -9 -7 -7 -6 -6 -5 -6 -5 -6 -6 -7 -5 -7 -4 -6 -4 -5 -4 -7 -5 -5 -5 -7 -3 -5 -5 -7 -4 -8 -3 -8 -3 -11 -4 -9 -2 -9 0 -11 -3 -12 -2 -11 -2 -11 -2 -10 -4 -13 -4 -14 0 0 0 0 0 0 0 0 0 0 ]
349,1783415908.097642,8.8988,-80,CSI_DATA,AP,98:F4:AB:29:67:94,-80,11,1,4,1,1,1,0,0,0,0,-96,0,6,1,61262414,0,84,0,0,61.6456,384,[84 -64 4 0 0 0 0 0 0 0 0 0 16 -13 16 -12 17 -12 16 -12 12 -10 11 -12 13 -9 12 -10 11 -12 12 -9 9 -11 11 -9 10 -10 11 -12 8 -9 9 -10 8 -9 8 -8 7 -9 8 -7 6 -7 6 -8 7 -6 5 -3 5 -7 6 -7 0 0 4 -6 5 -7 4 -5 4 -5 5 -5 4 -5 5 -4 3 -4 5 -3 4 -5 4 -4 4 -5 3 -4 4 -3 5 -3 6 -4 8 -4 8 -4 8 -4 8 -2 7 -3 8 -2 9 -3 10 -3 11 -3 10 -3 0 0 0 0 0 0 0 0 0 0 ]
350,1783415908.222981,9.1059,-78,CSI_DATA,AP,98:F4:AB:29:67:94,-78,11,1,2,1,1,1,0,0,0,0,-96,0,6,1,61348843,0,84,0,0,61.732,384,[84 -64 4 0 0 0 0 0 0 0 0 0 22 -3 19 -4 20 -3 18 -5 19 -2 16 -3 17 -2 16 -4 16 -5 15 -3 15 -3 16 -4 14 -4 15 -4 14 -3 16 -3 10 -2 12 -4 10 -4 11 -2 9 -1 12 -3 9 -1 8 -1 9 -2 9 -2 0 0 8 -2 8 -2 7 -2 7 -3 6 -1 8 -1 6 -1 5 -2 5 -1 5 -1 6 -1 5 1 7 1 7 0 7 0 7 1 8 2 8 2 7 3 6 3 8 4 9 2 8 4 10 3 10 7 9 5 0 0 0 0 0 0 0 0 0 0 ]
351,1783415908.353709,8.6411,-80,CSI_DATA,AP,98:F4:AB:29:67:94,-80,11,1,4,1,1,1,0,0,0,0,-96,0,6,1,61437742,0,84,0,0,61.8208,384,[84 -64 4 0 0 0 0 0 0 0 0 0 -5 -22 -3 -18 -7 -21 -5 -19 -8 -21 -4 -16 -5 -19 -3 -16 -4 -17 -2 -15 -5 -15 -4 -14 -6 -13 -5 -13 -5 -11 -3 -14 -5 -12 -3 -11 -3 -10 -3 -12 -2 -10 -4 -11 -3 -10 -3 -11 -3 -8 -3 -7 0 0 -3 -8 -2 -8 -3 -6 -2 -8 -1 -8 -2 -8 0 -8 -2 -6 0 -6 -3 -6 -1 -6 -2 -8 0 -7 -1 -5 0 -8 0 -8 1 -9 2 -7 1 -8 1 -8 3 -9 4 -8 3 -11 3 -10 3 -10 3 -10 0 0 0 0 0 0 0 0 0 0 ]
352,1783415908.480976,9.6878,-80,CSI_DATA,AP,98:F4:AB:29:67:94,-80,11,1,4,1,1,1,0,0,0,0,-96,0,6,1,61533986,0,84,0,0,61.9172,384,[84 -64 4 0 0 0 0 0 0 0 0 0 -16 -16 -14 -15 -15 -14 -13 -13 -14 -14 -13 -12 -12 -13 -13 -11 -11 -12 -11 -12 -10 -12 -10 -11 -10 -9 -12 -9 -10 -9 -12 -8 -9 -8 -12 -8 -9 -6 -10 -6 -8 -7 -9 -7 -7 -9 -8 -7 -8 -7 -7 -5 0 0 -7 -5 -6 -4 -5 -5 -5 -4 -4 -7 -6 -4 -5 -4 -3 -5 -3 -3 -4 -5 -4 -6 -3 -5 -4 -5 -4 -5 -4 -7 -4 -7 -3 -9 -5 -7 -4 -8 -4 -9 -5 -9 -2 -10 -3 -11 -4 -10 -3 -10 -4 -10 0 0 0 0 0 0 0 0 0 0 ]
353,1783415908.608706,9.5651,-80,CSI_DATA,AP,98:F4:AB:29:67:94,-80,11,1,4,1,1,1,0,0,0,0,-96,0,6,1,61617987,0,84,0,0,62.0011,384,[84 -64 4 0 0 0 0 0 0 0 0 0 14 -15 13 -16 15 -14 13 -14 13 -13 12 -12 12 -13 11 -12 10 -11 9 -12 10 -11 9 -12 9 -11 8 -10 7 -10 8 -12 6 -10 7 -8 6 -9 7 -10 7 -7 6 -10 4 -7 4 -8 6 -7 4 -7 0 0 5 -7 4 -7 6 -5 5 -6 4 -4 5 -5 6 -5 5 -6 6 -5 3 -3 4 -3 3 -4 5 -4 5 -4 6 -4 7 -4 7 -3 6 -3 8 -4 8 -5 9 -3 8 -4 8 -4 8 -4 10 -4 10 -4 0 0 0 0 0 0 0 0 0 0 ]
354,1783415908.735956,8.8882,-78,CSI_DATA,AP,98:F4:AB:29:67:94,-78,11,1,2,1,1,1,0,0,0,0,-96,0,6,1,61708603,0,84,0,0,62.0918,384,[84 -64 4 0 0 0 0 0 0 0 0 0 -2 -22 -3 -21 0 -22 -1 -18 -2 -20 -1 -18 -4 -18 -1 -17 -2 -17 -1 -16 -2 -15 -3 -15 -4 -16 -3 -15 -3 -14 -4 -13 -4 -14 -3 -12 -3 -12 -3 -11 -3 -11 -4 -12 -3 -11 -2 -9 -2 -8 -1 -9 0 0 -3 -9 -3 -10 -2 -8 -3 -7 -1 -9 -1 -6 -1 -6 -2 -7 0 -6 0 -7 -1 -6 0 -6 -2 -8 -2 -8 0 -8 0 -9 -1 -9 1 -9 0 -9 1 -10 2 -10 2 -10 2 -11 2 -10 4 -12 3 -12 0 0 0 0 0 0 0 0 0 0 ]
355,1783415908.864631,8.9920,-80,CSI_DATA,AP,98:F4:AB:29:67:94,-80,11,1,4,1,1,1,0,0,0,0,-96,0,6,1,61797777,0,84,0,0,62.1809,384,[84 -64 4 0 0 0 0 0 0 0 0 0 -10 -17 -8 -16 -11 -19 -10 -16 -13 -17 -7 -14 -11 -15 -8 -15 -8 -14 -8 -14 -8 -13 -8 -12 -7 -12 -7 -12 -9 -12 -10 -12 -8 -10 -7 -8 -6 -9 -7 -9 -6 -9 -6 -10 -7 -11 -7 -8 -6 -7 -5 -8 0 0 -5 -6 -5 -8 -4 -8 -5 -6 -2 -5 -2 -6 -3 -6 -3 -5 -3 -6 -3 -6 -3 -4 -1 -6 -3 -7 -1 -7 -3 -7 -3 -9 -1 -7 -2 -9 -2 -9 2 -8 1 -9 0 -9 1 -11 1 -10 2 -11 1 -12 0 0 0 0 0 0 0 0 0 0 ]
356,1783415908.993972,9.4343,-79,CSI_DATA,AP,98:F4:AB:29:67:94,-79,11,1,4,1,1,1,0,0,0,0,-96,0,6,1,61887892,0,84,0,0,62.2711,384,[84 -64 4 0 0 0 0 0 0 0 0 0 18 11 18 8 21 11 17 12 17 10 15 6 16 8 14 10 14 7 17 5 14 6 16 6 15 7 15 5 13 3 14 6 12 4 12 3 12 5 12 5 12 4 11 5 10 2 9 3 9 4 8 2 0 0 7 3 7 2 7 4 7 2 5 4 4 2 5 0 5 3 5 3 4 2 6 4 6 3 5 3 6 3 7 5 4 5 7 7 5 7 5 5 7 8 6 10 5 8 6 8 5 8 6 9 7 10 0 0 0 0 0 0 0 0 0 0 ]
357,1783415909.122799,9.9405,-80,CSI_DATA,AP,98:F4:AB:29:67:94,-80,11,1,4,1,1,1,0,0,0,0,-96,0,6,1,61979482,0,84,0,0,62.3627,384,[84 -64 4 0 0 0 0 0 0 0 0 0 19 -12 17 -12 17 -14 17 -11 16 -12 14 -11 14 -9 17 -11 15 -10 15 -8 13 -10 13 -9 13 -10 11 -9 11 -8 14 -9 13 -8 12 -7 9 -8 11 -5 11 -8 9 -8 10 -4 10 -5 8 -6 8 -5 0 0 7 -3 8 -5 5 -4 8 -2 7 -2 6 -2 7 -2 5 1 6 -1 5 -3 4 -1 7 -1 7 -3 7 -2 7 -1 9 1 8 2 9 0 8 2 11 -1 9 2 8 3 10 1 13 2 11 2 12 2 0 0 0 0 0 0 0 0 0 0 ]
358,1783415909.249969,10.5963,-79,CSI_DATA,AP,98:F4:AB:29:67:94,-79,11,1,4,1,1,1,0,0,0,0,-96,0,6,1,62071874,0,84,0,0,62.4551,384,[84 -64 4 0 0 0 0 0 0 0 0 0 -12 19 -9 16 -9 18 -8 15 -9 16 -8 15 -9 12 -9 13 -9 13 -8 14 -9 12 -5 13 -5 13 -7 13 -6 11 -5 12 -5 11 -5 11 -6 10 -2 9 -3 9 -5 8 -7 8 -6 8 -6 9 -4 8 0 0 -3 6 -5 8 -4 6 -4 5 -5 5 -4 5 -4 3 -4 4 -3 5 -2 5 -3 5 -4 4 -5 4 -5 5 -6 4 -6 5 -8 4 -6 4 -8 4 -6 4 -7 5 -8 6 -8 3 -9 5 -10 4 -10 4 0 0 0 0 0 0 0 0 0 0 ]
359,1783415909.377066,10.2986,-80,CSI_DATA,AP,98:F4:AB:29:67:94,-80,11,1,4,1,1,1,0,0,0,0,-96,0,6,1,62164000,0,84,0,0,62.5471,384,[84 -64 4 0 0 0 0 0 0 0 0 0 12 -20 12 -18 13 -19 11 -17 12 -18 10 -17 7 -17 8 -15 8 -15 8 -14 9 -14 6 -15 8 -14 6 -13 5 -14 6 -15 5 -12 6 -13 6 -12 4 -12 3 -11 5 -11 4 -10 4 -9 4 -9 4 -9 0 0 2 -9 3 -8 3 -8 1 -7 2 -6 5 -7 4 -7 4 -6 2 -5 2 -5 4 -4 2 -5 3 -6 5 -5 4 -6 6 -7 6 -7 4 -7 8 -5 7 -6 7 -7 8 -7 6 -7 10 -7 8 -8 9 -9 0 0 0 0 0 0 0 0 0 0 ]
360,1783415909.504782,9.2848,-79,CSI_DATA,AP,98:F4:AB:29:67:94,-79,11,1,4,1,1,1,0,0,0,0,-96,0,6,1,62250084,0,84,0,0,62.6333,384,[84 -64 4 0 0 0 0 0 0 0 0 0 -4 19 -5 17 -3 19 -3 18 -4 17 -3 17 -4 15 -5 14 -3 15 -4 15 -2 12 -3 13 -3 14 -2 12 -4 12 -2 13 0 10 -1 9 -2 11 -4 11 -3 10 -5 11 -2 10 -3 10 -2 8 -2 8 0 0 -4 8 -3 8 -2 7 0 6 -3 5 -4 4 -4 3 -5 4 -3 5 -1 5 -2 5 -4 4 -4 3 -6 6 -4 5 -7 6 -8 5 -7 5 -8 4 -7 4 -7 4 -7 4 -9 4 -10 4 -9 5 -9 6 0 0 0 0 0 0 0 0 0 0 ]
361,1783415909.634142,8.4028,-79,CSI_DATA,AP,98:F4:AB:29:67:94,-79,11,1,4,1,1,1,0,0,0,0,-96,0,6,1,62339826,0,84,0,0,62.723,384,[84 -64 4 0 0 0 0 0 0 0 0 0 -20 4 -18 6 -19 8 -17 5 -19 4 -16 5 -18 4 -16 2 -14 4 -16 2 -14 4 -15 3 -14 5 -15 2 -14 3 -12 6 -11 3 -12 4 -9 1 -10 3 -12 2 -10 3 -10 0 -9 2 -8 1 -8 3 0 0 -10 0 -8 0 -7 1 -7 1 -6 -1 -7 0 -7 1 -7 -1 -7 0 -6 -1 -7 -2 -5 -1 -7 0 -5 -2 -7 -2 -7 -3 -8 -5 -7 -3 -7 -5 -7 -4 -8 -6 -8 -5 -10 -6 -8 -6 -8 -6 -9 -7 0 0 0 0 0 0 0 0 0 0 ]
362,1783415909.761750,9.0614,-73,CSI_DATA,AP,98:F4:AB:29:67:94,-73,11,0,0,0,0,0,0,0,0,0,-96,0,6,1,62433755,0,84,0,0,62.817,128,[84 -64 4 0 0 0 0 0 0 0 0 0 -24 35 -23 31 -24 34 -22 32 -23 29 -22 27 -19 27 -19 24 -19 28 -18 25 -16 25 -14 28 -13 23 -14 25 -12 21 -12 25 -11 22 -11 20 -10 18 -10 20 -10 18 -9 18 -8 17 -7 15 -8 17 -8 13 0 0 -6 14 -8 15 -7 14 -6 14 -5 9 -7 10 -7 9 -6 8 -6 10 -8 9 -8 9 -5 10 -9 9 -9 8 -9 8 -12 10 -13 10 -13 8 -14 8 -15 9 -16 6 -17 9 -17 8 -19 10 -18 11 -20 12 0 0 0 0 0 0 0 0 0 0 ]
363,1783415909.888920,9.1906,-79,CSI_DATA,AP,98:F4:AB:29:67:94,-79,11,1,4,1,1,1,0,0,0,0,-96,0,6,1,62518063,0,84,0,0,62.9012,384,[84 -64 4 0 0 0 0 0 0 0 0 0 18 -7 17 -6 17 -7 16 -9 16 -6 16 -5 13 -6 13 -7 16 -5 13 -6 14 -6 13 -6 12 -5 13 -6 10 -4 12 -6 11 -5 11 -4 11 -4 11 -5 7 -6 8 -6 8 -5 7 -6 9 -4 8 -5 0 0 7 -2 8 -4 7 -3 4 -2 6 -1 5 -3 6 -2 6 -2 4 -1 5 -1 5 -1 4 -1 6 -2 6 -1 7 -2 7 0 7 0 7 0 6 1 8 0 8 1 8 1 8 2 9 3 9 3 10 1 0 0 0 0 0 0 0 0 0 0 ]
364,1783415910.018756,9.0451,-78,CSI_DATA,AP,98:F4:AB:29:67:94,-78,11,1,2,1,1,1,0,0,0,0,-96,0,6,1,62615780,0,84,0,0,62.999,384,[84 -64 4 0 0 0 0 0 0 0 0 0 -14 16 -13 14 -14 16 -14 13 -14 15 -12 11 -11 14 -10 12 -10 13 -10 13 -9 12 -9 13 -9 11 -9 12 -7 10 -7 13 -7 11 -6 10 -6 10 -5 10 -5 9 -5 9 -6 10 -7 8 -6 7 -5 7 0 0 -4 7 -4 7 -3 6 -4 6 -4 4 -4 4 -3 4 -3 6 -3 5 -2 6 -3 5 -4 3 -6 6 -5 4 -5 6 -5 5 -6 5 -6 5 -5 7 -8 6 -9 6 -8 5 -10 6 -8 6 -9 6 -9 6 0 0 0 0 0 0 0 0 0 0 ]
365,1783415910.146350,10.4432,-77,CSI_DATA,AP,98:F4:AB:29:67:94,-77,11,1,2,1,1,1,0,0,0,0,-96,0,6,1,62699145,0,84,0,0,63.0823,384,[84 -64 4 0 0 0 0 0 0 0 0 0 1 19 -1 18 -1 16 -1 20 0 13 0 12 1 12 4 15 5 10 -3 9 2 12 1 17 -2 12 4 9 -1 7 2 8 1 5 8 11 5 4 6 9 6 9 1 9 1 11 3 8 8 8 7 10 0 0 5 7 4 8 2 8 -2 5 2 4 0 7 2 7 1 4 -1 5 1 5 1 4 -1 5 0 6 0 5 1 7 0 7 0 6 -1 6 0 7 0 6 -1 8 0 9 -1 9 -1 10 -1 10 -1 10 0 0 0 0 0 0 0 0 0 0 ]
366,1783415910.274714,10.6571,-79,CSI_DATA,AP,98:F4:AB:29:67:94,-79,11,1,4,1,1,1,0,0,0,0,-96,0,6,1,62788741,0,84,0,0,63.1719,384,[84 -64 4 0 0 0 0 0 0 0 0 0 2 -21 3 -20 3 -19 1 -19 2 -16 0 -20 1 -16 3 -16 2 -16 3 -14 1 -14 0 -14 2 -14 0 -14 0 -13 0 -13 1 -12 1 -13 -1 -10 0 -11 2 -11 0 -12 1 -10 0 -10 -1 -10 0 -9 0 0 1 -9 1 -9 0 -7 -1 -7 3 -6 2 -6 1 -5 1 -7 2 -8 1 -6 2 -6 2 -6 1 -6 1 -6 4 -6 2 -6 5 -7 4 -5 5 -5 5 -6 7 -5 7 -6 6 -7 6 -6 8 -8 8 -9 0 0 0 0 0 0 0 0 0 0 ]
367,1783415910.401145,9.2881,-79,CSI_DATA,AP,98:F4:AB:29:67:94,-79,11,1,4,1,1,1,0,0,0,0,-96,0,6,1,62878564,0,84,0,0,63.2618,384,[84 -64 4 0 0 0 0 0 0 0 0 0 -10 19 -9 17 -10 18 -9 15 -10 16 -8 11 -8 15 -8 15 -7 14 -7 14 -7 13 -7 13 -6 13 -6 13 -4 11 -4 13 -3 13 -3 11 -4 10 -4 8 -3 9 -3 9 -3 7 -3 9 -3 7 -3 7 0 0 -1 7 -3 6 -2 5 -2 6 -3 5 -2 6 -3 6 -3 5 -3 4 -3 3 -3 5 -1 3 -3 5 -3 4 -6 5 -4 5 -5 6 -5 5 -6 5 -6 6 -7 6 -6 6 -8 5 -6 8 -9 7 -8 8 0 0 0 0 0 0 0 0 0 0 ]
368,1783415910.529828,9.5837,-79,CSI_DATA,AP,98:F4:AB:29:67:94,-79,11,1,4,1,1,1,0,0,0,0,-96,0,6,1,62972459,0,84,0,0,63.3556,384,[84 -64 4 0 0 0 0 0 0 0 0 0 14 -14 14 -13 17 -14 13 -13 15 -13 12 -11 12 -10 10 -11 10 -12 11 -10 9 -10 10 -12 9 -11 10 -11 9 -9 9 -11 6 -11 6 -11 5 -8 7 -8 8 -8 4 -8 4 -8 4 -10 4 -9 4 -9 0 0 4 -6 3 -7 4 -7 4 -6 4 -6 4 -5 4 -4 4 -5 4 -4 3 -6 1 -3 2 -5 2 -5 3 -5 5 -7 4 -6 6 -6 6 -6 6 -6 7 -5 6 -6 6 -5 9 -4 8 -6 9 -7 9 -6 0 0 0 0 0 0 0 0 0 0 ]
369,1783415910.656719,9.2978,-79,CSI_DATA,AP,98:F4:AB:29:67:94,-79,11,1,4,1,1,1,0,0,0,0,-96,0,6,1,63061949,0,84,0,0,63.4451,384,[84 -64 4 0 0 0 0 0 0 0 0 0 20 -5 17 -1 20 -3 19 -2 18 -3 16 -2 15 -2 13 -2 14 -3 14 -3 14 -5 14 -4 14 -2 12 -3 11 -4 12 -5 11 -5 11 -4 9 -4 9 -5 10 -4 9 -4 9 -3 9 -5 9 -3 6 -3 0 0 6 -2 7 -3 6 -3 6 -1 6 -2 6 -2 5 -2 5 -1 4 -3 4 -2 5 -2 6 -2 5 -2 5 -1 7 -2 6 -2 8 -1 7 -1 7 0 7 1 7 1 9 1 8 1 11 2 10 0 10 1 0 0 0 0 0 0 0 0 0 0 ]
370,1783415910.786023,8.3267,-78,CSI_DATA,AP,98:F4:AB:29:67:94,-78,11,1,2,1,1,1,0,0,0,0,-96,0,6,1,63150819,0,84,0,0,63.534,384,[84 -64 4 0 0 0 0 0 0 0 0 0 19 8 18 7 18 9 17 6 17 8 14 7 14 7 13 6 14 7 14 5 14 5 13 5 12 5 12 6 13 5 14 4 12 4 12 4 11 4 9 3 11 3 12 2 9 4 9 3 8 2 7 1 0 0 8 1 7 2 8 3 5 2 5 1 6 3 6 0 5 2 6 2 5 2 3 2 4 2 6 2 6 3 6 4 5 3 6 4 4 5 6 5 4 5 6 7 6 5 6 8 7 8 6 7 7 8 0 0 0 0 0 0 0 0 0 0 ]
371,1783415910.914457,8.5097,-80,CSI_DATA,AP,98:F4:AB:29:67:94,-80,11,1,4,1,1,1,0,0,0,0,-96,0,6,1,63327740,0,84,0,0,63.7109,384,[84 -64 4 0 0 0 0 0 0 0 0 0 11 -19 11 -17 12 -17 9 -16 8 -14 10 -15 11 -13 9 -14 9 -12 8 -14 6 -14 7 -13 5 -13 5 -11 4 -10 5 -12 3 -11 3 -11 5 -11 5 -12 5 -10 3 -10 2 -6 3 -9 2 -9 1 -9 0 0 3 -8 2 -8 1 -8 2 -6 3 -6 3 -7 3 -6 2 -6 2 -6 0 -5 2 -6 2 -5 1 -7 3 -7 5 -7 5 -6 5 -5 4 -7 6 -7 6 -8 6 -8 8 -6 7 -6 8 -6 7 -8 8 -8 0 0 0 0 0 0 0 0 0 0 ]
372,1783415911.041358,9.0879,-73,CSI_DATA,AP,98:F4:AB:29:67:94,-73,11,0,0,0,0,0,0,0,0,0,-96,0,6,1,63424503,0,84,0,0,63.8078,128,[84 -64 4 0 0 0 0 0 0 0 0 0 8 -42 6 -38 6 -40 7 -39 8 -35 5 -31 7 -31 6 -30 5 -30 3 -29 3 -29 1 -28 4 -28 2 -27 1 -24 1 -29 0 -23 1 -23 2 -21 1 -23 1 -21 2 -20 0 -17 2 -18 0 -18 0 -18 0 0 1 -17 2 -18 1 -15 2 -16 2 -13 4 -13 2 -13 3 -10 2 -13 5 -11 4 -11 3 -11 4 -12 6 -11 7 -12 7 -15 11 -14 9 -12 12 -13 11 -13 12 -13 14 -13 15 -15 15 -14 15 -15 15 -15 0 0 0 0 0 0 0 0 0 0 ]
373,1783415911.167886,9.3514,-78,CSI_DATA,AP,98:F4:AB:29:67:94,-78,11,1,2,1,1,1,0,0,0,0,-96,0,6,1,63514318,0,84,0,0,63.8975,384,[84 -64 4 0 0 0 0 0 0 0 0 0 14 -18 12 -15 13 -16 12 -15 11 -15 10 -14 10 -14 8 -14 8 -13 9 -13 8 -13 8 -14 10 -12 7 -11 7 -11 6 -14 6 -13 6 -12 6 -8 5 -10 5 -10 4 -10 5 -9 5 -9 5 -8 5 -8 0 0 4 -8 4 -7 3 -6 2 -9 3 -7 4 -7 3 -7 3 -5 4 -5 4 -5 4 -6 4 -4 4 -5 4 -5 6 -5 5 -7 6 -6 6 -6 8 -4 7 -6 8 -6 7 -4 9 -5 9 -4 10 -4 10 -6 0 0 0 0 0 0 0 0 0 0 ]
374,1783415911.295375,10.2482,-80,CSI_DATA,AP,98:F4:AB:29:67:94,-80,11,1,4,1,1,1,0,0,0,0,-96,0,6,1,63597793,0,84,0,0,63.9808,384,[84 -64 4 0 0 0 0 0 0 0 0 0 -16 13 -15 11 -15 13 -15 10 -14 10 -14 10 -14 11 -13 10 -12 9 -12 9 -10 9 -12 8 -11 9 -10 8 -11 7 -9 9 -9 8 -9 7 -7 6 -8 5 -9 6 -8 7 -7 6 -7 5 -8 7 -5 5 0 0 -7 4 -7 5 -8 3 -6 3 -5 4 -5 3 -6 2 -5 2 -5 3 -5 2 -6 2 -6 3 -7 3 -6 2 -6 1 -7 1 -6 -1 -8 -1 -9 0 -8 -2 -8 -1 -10 0 -10 0 -9 -2 -12 -3 -12 -1 0 0 0 0 0 0 0 0 0 0 ]
375,1783415911.426009,10.1797,-79,CSI_DATA,AP,98:F4:AB:29:67:94,-79,11,1,4,1,1,1,0,0,0,0,-96,0,6,1,63689024,0,84,0,0,64.0722,384,[84 -64 4 0 0 0 0 0 0 0 0 0 -19 9 -18 8 -17 10 -16 8 -16 8 -15 6 -17 7 -14 5 -13 6 -14 6 -12 7 -12 7 -10 7 -11 7 -11 8 -13 8 -10 7 -10 6 -9 7 -9 8 -8 5 -8 5 -8 4 -7 6 -7 6 -7 5 0 0 -8 5 -7 5 -7 5 -6 4 -5 2 -6 3 -6 4 -6 3 -4 2 -5 2 -5 3 -5 4 -6 2 -7 3 -6 1 -7 2 -8 0 -8 1 -9 0 -9 0 -9 0 -10 0 -9 0 -9 2 -11 2 -12 0 0 0 0 0 0 0 0 0 0 0 ]
376,1783415911.553022,9.4899,-80,CSI_DATA,AP,98:F4:AB:29:67:94,-80,11,1,4,1,1,1,0,0,0,0,-96,0,6,1,63778734,0,84,0,0,64.1619,384,[84 -64 4 0 0 0 0 0 0 0 0 0 17 11 15 11 17 11 17 10 14 10 11 6 13 7 12 8 12 7 13 8 13 6 12 7 13 4 11 6 11 4 11 5 10 4 11 4 9 3 9 5 9 4 10 4 8 4 9 4 8 4 8 2 0 0 6 2 6 3 6 2 6 1 5 3 4 3 5 2 5 1 4 3 5 2 4 2 5 3 5 5 5 4 5 4 5 5 5 6 4 6 4 7 3 8 4 7 4 8 6 9 5 9 6 10 6 8 0 0 0 0 0 0 0 0 0 0 ]
377,1783415911.685076,9.5424,-79,CSI_DATA,AP,98:F4:AB:29:67:94,-79,11,1,4,1,1,1,0,0,0,0,-96,0,6,1,63868641,0,84,0,0,64.2519,384,[84 -64 4 0 0 0 0 0 0 0 0 0 12 20 8 17 10 17 8 14 9 16 6 12 6 13 7 13 7 13 7 14 7 10 6 13 7 11 9 10 7 9 9 10 6 10 7 8 7 6 6 7 4 8 7 9 7 7 6 8 6 8 4 6 0 0 6 6 5 6 4 5 5 5 4 4 4 2 4 3 4 4 3 6 3 4 4 4 2 5 2 4 3 6 4 7 3 5 3 7 1 8 2 7 1 8 2 8 2 8 2 11 4 10 2 10 1 11 0 0 0 0 0 0 0 0 0 0 ]
378,1783415911.813856,10.1478,-80,CSI_DATA,AP,98:F4:AB:29:67:94,-80,11,1,4,1,1,1,0,0,0,0,-96,0,6,1,63962535,0,84,0,0,64.3457,384,[84 -64 4 0 0 0 0 0 0 0 0 0 -17 -11 -15 -11 -20 -12 -16 -10 -16 -10 -13 -10 -12 -9 -13 -8 -14 -9 -14 -9 -14 -8 -13 -8 -12 -7 -12 -7 -12 -7 -12 -7 -11 -6 -12 -7 -10 -6 -10 -6 -10 -4 -11 -5 -9 -5 -8 -3 -9 -5 -7 -4 0 0 -6 -5 -6 -3 -8 -4 -6 -5 -5 -5 -5 -5 -4 -4 -5 -4 -6 -3 -5 -4 -5 -4 -4 -5 -5 -4 -4 -4 -6 -5 -5 -7 -5 -8 -5 -7 -5 -8 -5 -9 -3 -9 -5 -10 -4 -9 -5 -7 -5 -10 -5 -11 0 0 0 0 0 0 0 0 0 0 ]
379,1783415911.943618,9.7426,-78,CSI_DATA,AP,98:F4:AB:29:67:94,-78,11,1,2,1,1,1,0,0,0,0,-96,0,6,1,64049353,0,84,0,0,64.4325,384,[84 -64 4 0 0 0 0 0 0 0 0 0 15 16 14 17 15 15 12 14 13 14 12 12 9 11 11 11 11 12 11 11 10 11 11 9 11 9 10 9 10 9 11 8 11 7 7 7 10 6 7 6 7 6 7 7 7 7 7 6 8 5 6 5 0 0 7 5 6 5 5 4 5 4 4 4 4 4 5 4 3 4 3 4 4 4 5 3 3 5 4 5 4 4 4 5 4 7 3 8 3 7 2 8 3 7 0 8 0 9 0 9 3 10 1 11 2 11 0 0 0 0 0 0 0 0 0 0 ]
380,1783415912.072596,8.0254,-80,CSI_DATA,AP,98:F4:AB:29:67:94,-80,11,1,4,1,1,1,0,0,0,0,-96,0,6,1,64137899,0,84,0,0,64.5211,384,[84 -64 4 0 0 0 0 0 0 0 0 0 17 10 17 9 17 11 16 9 16 8 14 7 13 9 14 7 13 6 12 7 12 6 12 6 10 5 13 5 12 4 12 5 12 5 9 4 10 4 9 3 9 3 8 4 9 4 9 3 7 1 7 4 0 0 7 3 7 3 7 4 5 1 4 3 3 1 4 3 3 3 3 3 3 2 2 2 3 2 4 3 5 3 3 4 4 5 4 6 3 6 4 6 3 7 4 8 4 7 2 10 4 8 3 9 4 10 0 0 0 0 0 0 0 0 0 0 ]
381,1783415912.200646,7.2193,-80,CSI_DATA,AP,98:F4:AB:29:67:94,-80,11,1,4,1,1,1,0,0,0,0,-96,0,6,1,64230105,0,84,0,0,64.6133,384,[84 -64 4 0 0 0 0 0 0 0 0 0 18 11 19 12 20 12 15 9 18 11 14 7 14 9 13 8 15 8 15 7 13 8 11 7 15 9 12 6 11 8 12 8 11 5 12 7 9 5 9 5 9 6 8 4 9 7 9 4 6 4 9 5 0 0 6 5 7 5 7 5 6 5 5 3 6 2 5 4 4 4 5 3 6 4 5 3 4 4 3 3 4 5 4 5 5 5 3 9 4 6 3 7 1 8 1 8 3 11 3 10 2 11 2 11 4 11 0 0 0 0 0 0 0 0 0 0 ]
382,1783415912.330697,7.9175,-80,CSI_DATA,AP,98:F4:AB:29:67:94,-80,11,1,4,1,1,1,0,0,0,0,-96,0,6,1,64321438,0,84,0,0,64.7046,384,[84 -64 4 0 0 0 0 0 0 0 0 0 16 -11 15 -9 18 -10 14 -10 13 -11 13 -7 12 -10 13 -10 11 -10 12 -10 12 -8 12 -11 12 -9 10 -9 10 -10 10 -11 8 -8 9 -8 8 -10 8 -8 7 -7 6 -7 5 -7 5 -7 6 -7 5 -6 0 0 4 -6 5 -6 6 -5 4 -6 5 -3 5 -5 6 -4 4 -3 3 -4 4 -4 3 -5 4 -4 4 -3 4 -3 5 -5 5 -4 7 -4 8 -3 7 -3 7 -2 8 -2 7 -2 10 -4 10 -3 9 -2 9 -3 0 0 0 0 0 0 0 0 0 0 ]
383,1783415912.460629,7.2381,-79,CSI_DATA,AP,98:F4:AB:29:67:94,-79,11,1,4,1,1,1,0,0,0,0,-96,0,6,1,64407600,0,84,0,0,64.7908,384,[84 -64 4 0 0 0 0 0 0 0 0 0 -6 14 -7 13 -6 15 -5 12 -4 12 -6 12 -4 11 -3 12 -4 11 -3 11 -3 11 -4 11 -1 11 -1 9 -1 9 -2 10 -1 9 -1 7 -1 8 0 7 -1 9 0 7 -1 8 0 7 0 7 0 6 0 0 -1 6 0 6 -1 5 0 5 0 5 -2 3 0 4 0 5 0 4 -1 3 -1 5 -1 5 0 4 -1 5 0 4 2 9 -8 6 -2 4 -3 6 -3 7 -4 7 -1 7 -2 6 -2 7 -2 8 -3 10 0 0 0 0 0 0 0 0 0 0 ]
384,1783415912.590326,7.3157,-78,CSI_DATA,AP,98:F4:AB:29:67:94,-78,11,1,2,1,1,1,0,0,0,0,-96,0,6,1,64503760,0,84,0,0,64.887,384,[84 -64 4 0 0 0 0 0 0 0 0 0 6 18 7 18 6 20 6 15 6 17 4 15 5 14 6 14 4 14 5 15 6 12 6 13 6 13 7 12 6 12 5 12 6 10 4 11 4 11 5 10 5 10 5 10 3 11 4 8 3 7 4 9 0 0 2 7 4 8 2 6 3 6 1 6 2 7 1 5 0 5 1 4 1 5 1 6 1 7 0 6 1 6 1 8 0 7 -1 8 -2 7 -1 8 -1 8 -3 10 -3 10 -3 11 -1 12 -2 11 -3 12 0 0 0 0 0 0 0 0 0 0 ]
385,1783415912.717148,7.3629,-79,CSI_DATA,AP,98:F4:AB:29:67:94,-79,11,1,4,1,1,1,0,0,0,0,-96,0,6,1,64591840,0,84,0,0,64.975,384,[84 -64 4 0 0 0 0 0 0 0 0 0 10 16 9 15 11 15 10 16 9 15 8 14 7 12 8 12 8 11 7 12 10 11 8 10 9 9 8 10 8 10 7 9 10 8 9 8 7 7 6 7 7 8 6 6 6 6 6 5 6 5 4 6 0 0 6 5 6 5 3 4 2 3 2 4 2 5 4 4 2 4 2 3 4 3 3 3 2 4 3 5 1 7 2 6 4 7 2 6 2 7 2 8 3 7 3 8 3 7 3 9 4 8 4 10 3 9 0 0 0 0 0 0 0 0 0 0 ]
386,1783415912.846148,7.8034,-79,CSI_DATA,AP,98:F4:AB:29:67:94,-79,11,1,4,1,1,1,0,0,0,0,-96,0,6,1,64677690,0,84,0,0,65.0609,384,[84 -64 4 0 0 0 0 0 0 0 0 0 -12 17 -11 16 -11 18 -9 15 -11 17 -8 13 -9 14 -9 14 -8 13 -9 14 -8 13 -6 13 -7 13 -8 12 -5 11 -6 12 -5 11 -6 11 -5 10 -5 10 -5 9 -4 9 -5 8 -4 8 -4 7 -4 8 0 0 -3 8 -5 7 -4 7 -4 6 -3 4 -3 5 -5 4 -4 3 -4 3 -3 5 -4 4 -3 5 -6 3 -5 5 -5 3 -6 4 -6 5 -7 4 -7 4 -6 4 -8 5 -9 4 -10 4 -8 6 -10 4 -10 5 0 0 0 0 0 0 0 0 0 0 ]
387,1783415912.976188,7.5023,-80,CSI_DATA,AP,98:F4:AB:29:67:94,-80,11,1,4,1,1,1,0,0,0,0,-96,0,6,1,64768971,0,84,0,0,65.1521,384,[84 -64 4 0 0 0 0 0 0 0 0 0 18 -4 16 -2 17 -3 16 -2 16 -2 13 0 14 -2 13 -2 13 -2 11 -2 12 -4 12 -3 12 -4 11 -4 11 -4 11 -3 11 -4 9 -3 9 -3 9 -2 9 -3 7 -2 9 -3 7 -2 6 -3 8 -3 0 0 5 -2 7 -2 6 -2 4 -2 6 -2 5 -2 6 0 3 -2 4 -1 5 -2 4 -1 4 -2 5 0 6 -1 6 -1 5 -2 7 1 6 0 6 0 6 1 8 2 9 2 8 3 8 1 9 1 10 1 0 0 0 0 0 0 0 0 0 0 ]
388,1783415913.104258,9.0189,-79,CSI_DATA,AP,98:F4:AB:29:67:94,-79,11,1,4,1,1,1,0,0,0,0,-96,0,6,1,64859588,0,84,0,0,65.2428,384,[84 -64 4 0 0 0 0 0 0 0 0 0 -8 -19 -5 -20 -4 -20 -6 -18 -8 -19 -5 -19 -4 -15 -5 -14 -6 -13 -7 -14 -5 -15 -6 -14 -6 -12 -6 -14 -7 -12 -6 -11 -7 -10 -8 -10 -7 -9 -8 -9 -7 -7 -7 -7 -7 -9 -7 -8 -7 -7 -5 -7 0 0 -7 -5 -6 -5 -5 -7 -5 -6 -4 -5 -7 -4 -4 -4 -4 -4 -5 -4 -4 -4 -4 -5 -4 -6 -4 -5 -5 -5 -5 -6 -5 -5 -5 -7 -6 -8 -6 -8 -4 -7 -5 -7 -4 -8 -6 -9 -7 -10 -6 -8 -7 -10 0 0 0 0 0 0 0 0 0 0 ]
389,1783415913.232656,10.3233,-80,CSI_DATA,AP,98:F4:AB:29:67:94,-80,11,1,4,1,1,1,0,0,0,0,-96,0,6,1,64950204,0,84,0,0,65.3334,384,[84 -64 4 0 0 0 0 0 0 0 0 0 -5 -21 -5 -16 -6 -21 -5 -20 -4 -19 -4 -16 -4 -16 -4 -15 -4 -15 -3 -15 -3 -17 -4 -14 -5 -15 -6 -13 -5 -13 -4 -13 -5 -12 -4 -12 -4 -11 -5 -10 -5 -10 -4 -10 -3 -9 -4 -9 -6 -9 -2 -9 0 0 -4 -10 -3 -7 -3 -7 -4 -8 -2 -6 -2 -5 -2 -8 -2 -6 -1 -7 -2 -7 -3 -5 -1 -6 -1 -6 -1 -7 -1 -7 0 -9 2 -9 0 -8 1 -10 2 -8 1 -9 1 -10 1 -10 1 -12 2 -11 2 -10 0 0 0 0 0 0 0 0 0 0 ]
390,1783415913.360517,9.3567,-79,CSI_DATA,AP,98:F4:AB:29:67:94,-79,11,1,4,1,1,1,0,0,0,0,-96,0,6,1,65039718,0,84,0,0,65.4229,384,[84 -64 4 0 0 0 0 0 0 0 0 0 19 2 17 2 19 1 17 0 19 2 15 1 16 0 14 1 14 1 16 1 15 2 13 1 13 0 13 0 11 -1 13 -1 12 -1 12 -3 10 -1 12 -1 9 0 10 -1 10 -1 9 0 8 1 7 0 0 0 6 -1 8 0 5 -2 6 1 5 0 8 0 5 -1 6 1 5 0 5 0 4 0 5 0 5 1 5 3 6 0 7 2 7 3 7 2 6 4 7 3 6 4 7 3 8 4 9 4 8 5 8 5 0 0 0 0 0 0 0 0 0 0 ]
391,1783415913.487325,9.9855,-80,CSI_DATA,AP,98:F4:AB:29:67:94,-80,11,1,4,1,1,1,0,0,0,0,-96,0,6,1,65130364,0,84,0,0,65.5134,384,[84 -64 4 0 0 0 0 0 0 0 0 0 -15 -16 -15 -16 -15 -17 -14 -17 -12 -17 -10 -15 -13 -15 -13 -14 -14 -13 -12 -12 -13 -12 -12 -12 -12 -11 -11 -9 -12 -10 -13 -10 -12 -10 -13 -9 -11 -8 -10 -8 -10 -5 -9 -8 -8 -6 -7 -7 -8 -6 -10 -8 0 0 -8 -5 -6 -7 -7 -6 -7 -3 -6 -4 -5 -6 -4 -6 -6 -5 -4 -5 -5 -5 -6 -5 -4 -6 -6 -5 -7 -7 -6 -7 -5 -6 -6 -10 -4 -8 -5 -9 -7 -8 -7 -9 -4 -11 -6 -10 -6 -10 -7 -11 -7 -11 0 0 0 0 0 0 0 0 0 0 ]
392,1783415913.615861,8.3033,-78,CSI_DATA,AP,98:F4:AB:29:67:94,-78,11,1,2,1,1,1,0,0,0,0,-96,0,6,1,65219056,0,84,0,0,65.6022,384,[84 -64 4 0 0 0 0 0 0 0 0 0 12 12 14 11 13 12 9 12 9 10 9 10 10 9 11 10 11 9 9 9 10 9 9 9 10 8 10 8 9 6 9 8 9 7 9 6 7 5 7 5 7 4 7 6 6 5 6 5 5 4 7 6 0 0 5 4 5 4 4 4 4 4 3 3 4 4 3 3 3 4 4 3 2 3 4 4 2 5 3 4 2 5 3 5 3 6 1 7 3 5 2 7 3 7 3 8 1 7 2 9 2 9 2 10 3 10 0 0 0 0 0 0 0 0 0 0 ]
393,1783415913.744413,7.2037,-79,CSI_DATA,AP,98:F4:AB:29:67:94,-79,11,1,4,1,1,1,0,0,0,0,-96,0,6,1,65307963,0,84,0,0,65.6911,384,[84 -64 4 0 0 0 0 0 0 0 0 0 19 0 18 1 19 1 19 2 19 2 15 2 17 1 15 3 15 -1 13 -1 14 0 14 1 14 0 12 -2 11 -1 14 -2 11 -2 13 -2 11 -1 10 -2 11 -2 10 -2 9 -1 10 -2 7 -2 8 -1 0 0 8 -3 9 -2 7 -2 6 -3 6 -1 6 -2 5 -1 6 0 7 0 7 0 7 -1 6 0 6 -2 6 0 7 0 7 -1 6 1 7 1 8 1 8 2 7 3 8 2 9 2 8 1 10 3 10 3 0 0 0 0 0 0 0 0 0 0 ]
394,1783415913.873223,6.6382,-79,CSI_DATA,AP,98:F4:AB:29:67:94,-79,11,1,4,1,1,1,0,0,0,0,-96,0,6,1,65399515,0,84,0,0,65.7827,384,[84 -64 4 0 0 0 0 0 0 0 0 0 1 20 1 18 -1 19 -1 18 1 19 -1 16 0 15 0 16 0 15 0 15 1 14 2 13 2 13 3 11 1 11 2 13 1 12 2 10 1 9 2 11 2 11 2 9 2 10 2 10 1 7 2 7 0 0 2 8 2 7 2 6 2 6 1 7 1 7 0 6 -1 5 0 5 0 5 0 6 -1 6 1 7 0 5 0 8 0 9 -3 9 -1 7 -1 7 -3 7 -1 7 -3 8 -3 10 -3 8 -3 10 -2 10 0 0 0 0 0 0 0 0 0 0 ]
395,1783415913.998296,8.2045,-80,CSI_DATA,AP,98:F4:AB:29:67:94,-80,11,1,4,1,1,1,0,0,0,0,-96,0,6,1,65488476,0,84,0,0,65.8716,384,[84 -64 4 0 0 0 0 0 0 0 0 0 -17 -10 -16 -12 -18 -10 -16 -11 -17 -11 -16 -11 -15 -10 -13 -10 -13 -10 -13 -9 -14 -8 -13 -8 -14 -9 -13 -8 -13 -6 -12 -8 -12 -7 -11 -4 -11 -5 -9 -6 -10 -4 -10 -3 -7 -6 -9 -6 -9 -5 -11 -4 0 0 -10 -5 -7 -4 -8 -4 -7 -3 -5 -5 -7 -5 -5 -5 -6 -5 -6 -5 -4 -4 -5 -4 -6 -4 -6 -5 -6 -6 -5 -6 -6 -6 -6 -7 -4 -8 -4 -9 -5 -8 -3 -9 -5 -8 -6 -8 -7 -9 -7 -11 -7 -11 0 0 0 0 0 0 0 0 0 0 ]
396,1783415914.124500,9.6580,-78,CSI_DATA,AP,98:F4:AB:29:67:94,-78,11,1,2,1,1,1,0,0,0,0,-96,0,6,1,65580311,0,84,0,0,65.9635,384,[84 -64 4 0 0 0 0 0 0 0 0 0 8 22 6 18 9 19 7 16 7 19 6 14 6 16 6 15 7 15 4 15 6 13 5 13 8 14 5 13 4 11 6 14 5 11 7 11 6 11 5 10 6 10 4 9 4 9 2 9 4 10 5 7 0 0 2 7 4 9 2 7 2 7 2 6 2 6 0 6 1 6 1 6 1 6 0 7 0 6 -2 6 -1 7 -2 6 -1 6 -3 10 -3 7 -3 9 -2 9 -3 8 -3 9 -4 11 -5 9 -5 9 -4 9 0 0 0 0 0 0 0 0 0 0 ]
397,1783415914.252617,9.0979,-78,CSI_DATA,AP,98:F4:AB:29:67:94,-78,11,1,2,1,1,1,0,0,0,0,-96,0,6,1,65673182,0,84,0,0,66.0564,384,[84 -64 4 0 0 0 0 0 0 0 0 0 19 -7 15 -6 16 -8 16 -5 18 -6 13 -4 13 -5 13 -4 14 -6 13 -6 12 -5 12 -7 11 -6 11 -5 10 -6 11 -7 10 -5 9 -6 9 -6 10 -6 9 -6 10 -6 8 -3 8 -5 7 -4 6 -4 0 0 7 -3 8 -3 5 -4 5 -3 5 -2 5 -2 5 -1 5 -2 5 -1 4 -1 5 -1 5 -2 6 -3 6 -2 6 -1 7 -1 8 -1 6 -1 8 0 7 1 8 0 8 1 8 2 10 0 10 1 9 1 0 0 0 0 0 0 0 0 0 0 ]
398,1783415914.379713,9.1408,-73,CSI_DATA,AP,98:F4:AB:29:67:94,-73,11,0,0,0,0,0,0,0,0,0,-96,0,6,1,65766907,0,84,0,0,66.1502,128,[84 -64 4 0 0 0 0 0 0 0 0 0 -32 20 -27 17 -30 19 -25 18 -28 16 -24 13 -24 17 -22 15 -22 14 -23 14 -22 15 -20 15 -22 15 -19 14 -16 13 -18 16 -16 12 -17 14 -15 11 -14 12 -14 11 -14 11 -14 10 -15 10 -13 11 -13 8 0 0 -12 9 -13 10 -11 8 -11 9 -9 8 -10 6 -10 6 -10 3 -9 5 -11 3 -12 6 -10 4 -12 4 -11 2 -14 3 -13 3 -16 3 -16 1 -16 2 -16 2 -17 -1 -16 0 -18 -2 -20 0 -19 0 -20 0 0 0 0 0 0 0 0 0 0 0 ]
399,1783415914.506492,10.6030,-79,CSI_DATA,AP,98:F4:AB:29:67:94,-79,11,1,4,1,1,1,0,0,0,0,-96,0,6,1,65847929,0,84,0,0,66.2311,384,[84 -64 4 0 0 0 0 0 0 0 0 0 -24 -2 -23 -1 -23 1 -22 -2 -21 0 -18 -2 -19 -3 -19 -1 -17 -2 -19 0 -17 -1 -17 1 -16 1 -16 0 -16 1 -15 2 -14 0 -13 0 -13 0 -12 0 -12 2 -14 1 -12 0 -12 1 -11 2 -11 1 0 0 -9 0 -9 -2 -8 0 -8 0 -7 -2 -9 0 -7 -2 -6 -1 -7 -1 -7 -1 -7 -2 -7 -2 -7 -1 -9 -3 -7 -5 -8 -2 -8 -5 -8 -4 -8 -5 -9 -7 -11 -6 -9 -6 -9 -7 -11 -7 -11 -7 -11 -8 0 0 0 0 0 0 0 0 0 0 ]
400,1783415914.634627,9.8964,-79,CSI_DATA,AP,98:F4:AB:29:67:94,-79,11,1,2,1,1,1,0,0,0,0,-96,0,6,1,65940046,0,84,0,0,66.3232,384,[84 -64 4 0 0 0 0 0 0 0 0 0 -1 -21 0 -19 0 -20 -2 -19 2 -18 1 -15 0 -16 -1 -16 -3 -15 0 -14 -2 -14 -1 -14 -1 -13 -2 -13 -1 -12 -3 -13 -3 -11 -2 -13 -3 -11 -2 -10 -3 -11 -3 -10 -2 -9 -1 -9 -1 -9 -1 -9 0 0 -2 -8 -2 -8 -1 -6 -2 -7 -1 -6 -1 -6 -1 -7 0 -7 -1 -6 -1 -5 -1 -6 0 -6 0 -7 1 -8 0 -7 1 -7 2 -9 2 -8 3 -9 2 -9 3 -8 2 -8 3 -9 4 -10 4 -10 3 -10 0 0 0 0 0 0 0 0 0 0 ]
401,1783415914.762237,10.1129,-79,CSI_DATA,AP,98:F4:AB:29:67:94,-79,11,1,4,1,1,1,0,0,0,0,-96,0,6,1,66027655,0,84,0,0,66.4108,384,[84 -64 4 0 0 0 0 0 0 0 0 0 -19 -12 -17 -10 -17 -10 -16 -10 -17 -9 -14 -9 -16 -9 -14 -10 -14 -8 -13 -8 -13 -8 -13 -7 -13 -7 -13 -7 -10 -8 -13 -8 -11 -6 -11 -7 -10 -6 -10 -6 -9 -6 -9 -6 -10 -6 -8 -6 -8 -6 -9 -4 0 0 -7 -5 -6 -5 -7 -6 -6 -5 -6 -6 -4 -4 -4 -4 -5 -3 -4 -5 -4 -5 -5 -6 -3 -5 -4 -5 -4 -7 -4 -7 -3 -6 -4 -8 -2 -8 -3 -8 -3 -8 -3 -9 -3 -10 -1 -11 -1 -11 -2 -11 -2 -11 0 0 0 0 0 0 0 0 0 0 ]
402,1783415914.891079,8.8610,-78,CSI_DATA,AP,98:F4:AB:29:67:94,-78,11,1,2,1,1,1,0,0,0,0,-96,0,6,1,66119235,0,84,0,0,66.5024,384,[84 -64 4 0 0 0 0 0 0 0 0 0 15 17 13 15 14 14 13 16 12 14 10 13 9 11 12 13 10 11 10 10 11 10 10 10 9 10 10 9 10 9 10 10 9 8 10 8 7 9 7 7 8 6 8 6 6 7 6 5 7 5 7 7 0 0 5 7 6 6 6 5 6 4 2 5 3 5 6 4 4 4 2 5 3 4 3 5 2 5 4 6 3 6 3 6 3 4 3 9 1 8 0 9 1 9 2 9 1 11 0 9 0 10 1 11 2 9 0 0 0 0 0 0 0 0 0 0 ]
403,1783415915.018481,9.5270,-79,CSI_DATA,AP,98:F4:AB:29:67:94,-79,11,1,4,1,1,1,0,0,0,0,-96,0,6,1,66209294,0,84,0,0,66.5925,384,[84 -64 4 0 0 0 0 0 0 0 0 0 -21 -6 -19 -7 -19 -9 -18 -8 -18 -6 -16 -4 -17 -5 -15 -6 -14 -5 -14 -6 -15 -5 -15 -3 -15 -4 -14 -5 -13 -3 -13 -1 -12 -3 -13 -2 -13 -2 -11 -2 -13 -2 -11 -2 -10 -2 -10 -2 -10 -3 -8 -1 0 0 -8 -2 -8 -1 -7 -1 -8 -2 -5 -2 -7 -1 -7 -1 -6 -3 -5 -2 -6 -2 -6 -2 -7 -3 -7 -2 -7 -4 -8 -4 -6 -5 -7 -6 -7 -5 -7 -6 -8 -5 -7 -6 -8 -6 -9 -8 -9 -5 -9 -7 -9 -7 0 0 0 0 0 0 0 0 0 0 ]
404,1783415915.148298,9.8009,-79,CSI_DATA,AP,98:F4:AB:29:67:94,-79,11,1,4,1,1,1,0,0,0,0,-96,0,6,1,66302561,0,84,0,0,66.6857,384,[84 -64 4 0 0 0 0 0 0 0 0 0 -12 18 -11 18 -12 16 -10 17 -10 15 -10 13 -9 14 -9 14 -8 13 -6 13 -7 12 -9 10 -7 13 -6 13 -5 12 -6 10 -5 11 -5 10 -8 9 -6 9 -6 10 -6 9 -5 9 -6 7 -6 8 -4 9 0 0 -3 7 -4 6 -4 5 -4 5 -5 5 -3 5 -3 6 -4 5 -4 4 -5 5 -4 4 -5 4 -5 2 -4 4 -6 4 -6 5 -7 4 -8 5 -10 2 -7 3 -7 4 -9 5 -9 3 -11 3 -11 4 -11 4 0 0 0 0 0 0 0 0 0 0 ]
405,1783415915.276777,10.0074,-79,CSI_DATA,AP,98:F4:AB:29:67:94,-79,11,1,4,1,1,1,0,0,0,0,-96,0,6,1,66388059,0,84,0,0,66.7712,384,[84 -64 4 0 0 0 0 0 0 0 0 0 -9 18 -7 17 -8 18 -9 16 -9 14 -6 14 -6 14 -9 13 -7 14 -7 13 -5 15 -6 13 -4 13 -4 11 -4 12 -4 13 -4 11 -4 11 -4 10 -4 11 -4 9 -5 9 -4 8 -3 8 -3 9 -3 8 0 0 -3 8 -3 7 -2 6 -2 7 -3 6 -2 6 -3 4 -2 5 -4 5 -2 4 -3 6 -4 5 -3 5 -5 5 -5 5 -5 5 -7 7 -5 4 -7 6 -7 7 -6 6 -7 6 -7 7 -7 7 -9 8 -8 7 0 0 0 0 0 0 0 0 0 0 ]
406,1783415915.404827,8.7721,-79,CSI_DATA,AP,98:F4:AB:29:67:94,-79,11,1,4,1,1,1,0,0,0,0,-96,0,6,1,66477969,0,84,0,0,66.8611,384,[84 -64 4 0 0 0 0 0 0 0 0 0 12 14 13 14 14 14 12 14 13 12 10 11 10 13 9 12 11 11 10 9 9 11 9 10 11 10 12 9 9 8 10 8 10 8 10 8 8 6 8 6 8 6 8 7 8 5 6 6 6 5 4 5 0 0 5 5 7 5 5 5 4 4 3 4 3 3 3 3 2 4 4 4 3 3 2 4 2 5 3 5 4 5 2 6 2 5 2 7 2 7 2 7 2 8 0 9 1 8 2 10 3 10 2 10 1 10 0 0 0 0 0 0 0 0 0 0 ]
407,1783415915.531116,8.9273,-78,CSI_DATA,AP,98:F4:AB:29:67:94,-78,11,1,2,1,1,1,0,0,0,0,-96,0,6,1,66569015,0,84,0,0,66.9521,384,[84 -64 4 0 0 0 0 0 0 0 0 0 -19 -4 -18 -2 -18 -3 -18 -5 -17 -5 -15 -4 -16 -3 -15 -3 -13 -3 -15 -2 -19 4 -14 -2 -14 -1 -14 -1 -14 0 -14 1 -12 -1 -12 -1 -11 0 -11 -1 -11 -2 -10 0 -9 -1 -10 0 -10 0 -9 -1 0 0 -8 0 -8 0 -7 -1 -8 0 -6 -2 -7 -1 -7 -1 -6 -1 -6 -1 -7 -1 -8 -1 -7 -1 -6 -2 -5 -2 -7 -3 -9 -3 -8 -4 -6 -4 -7 -5 -7 -4 -6 -5 -7 -5 -9 -5 -9 -5 -9 -5 -9 -6 0 0 0 0 0 0 0 0 0 0 ]
408,1783415915.658465,8.8399,-77,CSI_DATA,AP,98:F4:AB:29:67:94,-77,11,1,2,1,1,1,0,0,0,0,-96,0,6,1,66662531,0,84,0,0,67.0457,384,[84 -64 4 0 0 0 0 0 0 0 0 0 17 -15 16 -12 17 -13 15 -12 16 -10 14 -8 13 -11 14 -11 12 -11 12 -11 11 -11 10 -11 11 -10 12 -12 8 -11 9 -12 8 -9 8 -10 7 -9 7 -11 7 -8 7 -10 7 -8 6 -10 4 -8 5 -8 0 0 6 -6 5 -8 5 -8 5 -6 4 -5 3 -6 4 -4 5 -5 4 -5 5 -4 3 -5 4 -4 5 -5 5 -4 6 -5 6 -4 7 -4 7 -4 8 -4 8 -5 7 -4 9 -5 10 -4 9 -6 10 -4 10 -4 0 0 0 0 0 0 0 0 0 0 ]
409,1783415915.786145,8.7972,-78,CSI_DATA,AP,98:F4:AB:29:67:94,-78,11,1,2,1,1,1,0,0,0,0,-96,0,6,1,66749562,0,84,0,0,67.1327,384,[84 -64 4 0 0 0 0 0 0 0 0 0 7 17 6 16 8 16 8 15 8 16 6 13 5 13 5 12 6 12 5 12 7 13 6 11 6 11 6 10 6 10 7 11 7 7 7 9 5 9 4 8 5 7 5 8 4 7 5 5 6 6 4 7 0 0 4 6 4 6 3 6 4 6 3 5 3 5 3 4 2 4 2 3 1 5 2 5 2 4 2 6 2 5 3 7 1 7 1 6 1 5 0 7 1 7 1 8 0 8 0 9 0 9 1 9 1 10 0 0 0 0 0 0 0 0 0 0 ]
410,1783415915.913592,8.9206,-80,CSI_DATA,AP,98:F4:AB:29:67:94,-80,11,1,4,1,1,1,0,0,0,0,-96,0,6,1,66842142,0,84,0,0,67.2254,384,[84 -64 4 0 0 0 0 0 0 0 0 0 -10 18 -9 17 -11 18 -11 16 -10 17 -8 16 -10 13 -7 13 -7 15 -10 13 -7 15 -6 12 -6 12 -6 12 -5 11 -6 14 -5 10 -6 9 -5 11 -6 9 -3 9 -3 11 -3 8 -5 8 -3 9 -4 7 0 0 -4 6 -3 7 -3 6 -3 5 -4 4 -4 7 -5 5 -4 4 -3 5 -3 6 -2 4 -5 5 -4 3 -5 6 -4 6 -6 5 -6 3 -7 2 -7 4 -8 4 -7 4 -9 4 -9 5 -10 5 -9 5 -10 6 0 0 0 0 0 0 0 0 0 0 ]
411,1783415916.040513,9.6301,-78,CSI_DATA,AP,98:F4:AB:29:67:94,-78,11,1,2,1,1,1,0,0,0,0,-96,0,6,1,66931517,0,84,0,0,67.3147,384,[84 -64 4 0 0 0 0 0 0 0 0 0 21 0 20 0 20 -1 19 0 18 0 16 0 16 0 15 1 15 1 15 0 13 -1 14 -1 14 -2 15 -2 14 -2 14 -2 13 -2 11 -1 11 1 13 -1 12 0 11 -1 10 -2 8 0 10 -1 10 -1 0 0 8 1 9 -1 8 -1 7 0 6 0 6 1 6 0 6 1 5 0 5 0 4 1 4 1 8 2 6 1 7 1 7 3 7 3 5 4 6 4 7 5 6 6 8 6 7 6 9 5 9 5 10 6 0 0 0 0 0 0 0 0 0 0 ]
412,1783415916.171770,9.3976,-80,CSI_DATA,AP,98:F4:AB:29:67:94,-80,11,1,4,1,1,1,0,0,0,0,-96,0,6,1,67019244,0,84,0,0,67.4024,384,[84 -64 4 0 0 0 0 0 0 0 0 0 0 21 -1 20 1 21 -1 20 -1 20 -1 18 2 17 0 15 0 17 -1 18 2 15 0 16 2 17 0 16 0 13 0 17 2 12 1 13 1 12 1 11 0 10 1 12 1 11 1 9 -1 9 1 9 0 0 -2 8 -2 9 0 7 -2 8 -3 7 -2 7 -3 7 0 5 -4 6 -1 7 -2 5 -2 8 -2 7 -3 7 -5 8 -3 7 -5 7 -6 5 -7 5 -7 8 -7 6 -7 6 -9 9 -9 8 -9 7 -9 9 0 0 0 0 0 0 0 0 0 0 ]
413,1783415916.302464,9.2408,-79,CSI_DATA,AP,98:F4:AB:29:67:94,-79,11,1,4,1,1,1,0,0,0,0,-96,0,6,1,67107374,0,84,0,0,67.4905,384,[84 -64 4 0 0 0 0 0 0 0 0 0 12 15 12 13 14 15 10 12 13 12 11 11 12 13 11 12 10 11 10 11 9 10 9 10 11 10 9 10 9 8 11 8 8 8 8 8 8 8 8 6 8 7 7 8 7 5 7 6 7 5 6 5 0 0 6 5 6 4 5 5 4 4 3 4 4 3 4 5 3 5 4 5 5 3 4 4 4 4 3 5 2 4 4 6 3 6 3 8 2 6 3 7 2 7 0 9 1 9 4 9 3 9 1 9 1 11 0 0 0 0 0 0 0 0 0 0 ]
414,1783415916.430388,9.2115,-78,CSI_DATA,AP,98:F4:AB:29:67:94,-78,11,1,2,1,1,1,0,0,0,0,-96,0,6,1,67199567,0,84,0,0,67.5828,384,[84 -64 4 0 0 0 0 0 0 0 0 0 8 21 6 18 6 19 6 18 7 19 6 15 5 16 6 15 5 15 4 13 6 13 5 14 6 13 5 14 5 12 5 11 8 11 5 11 6 10 6 9 4 9 5 9 4 9 4 8 2 9 3 7 0 0 4 6 4 7 3 7 4 7 2 5 1 6 0 6 1 7 1 3 2 6 1 5 2 6 1 8 2 8 2 7 1 7 0 8 0 8 -1 9 -2 8 -1 9 0 9 -1 11 0 10 -1 10 0 11 0 0 0 0 0 0 0 0 0 0 ]
415,1783415916.558918,9.6814,-78,CSI_DATA,AP,98:F4:AB:29:67:94,-78,11,1,2,1,1,1,0,0,0,0,-96,0,6,1,67292284,0,84,0,0,67.6755,384,[84 -64 4 0 0 0 0 0 0 0 0 0 -20 -3 -20 -3 -22 -4 -21 -3 -18 -2 -16 -4 -17 -3 -18 -4 -16 -4 -17 -4 -15 -1 -15 -2 -17 -1 -16 -2 -16 -2 -15 -3 -14 -1 -13 0 -13 -3 -12 -1 -13 -3 -11 -1 -10 -3 -11 -2 -10 -2 -11 -1 0 0 -9 -2 -8 -1 -8 -3 -7 -2 -7 -2 -6 -2 -7 -2 -7 -4 -6 -2 -6 -2 -5 -2 -5 -5 -8 -4 -7 -4 -7 -5 -7 -4 -6 -5 -6 -6 -7 -8 -6 -7 -7 -9 -6 -8 -6 -9 -8 -8 -9 -9 -8 -10 0 0 0 0 0 0 0 0 0 0 ]
416,1783415916.689305,8.7016,-80,CSI_DATA,AP,98:F4:AB:29:67:94,-80,11,1,4,1,1,1,0,0,0,0,-96,0,6,1,67378678,0,84,0,0,67.7618,384,[84 -64 4 0 0 0 0 0 0 0 0 0 22 3 18 2 18 3 18 5 18 4 13 2 14 3 15 2 13 2 15 1 13 1 15 3 12 3 13 1 13 2 15 0 11 0 11 1 10 1 12 -1 11 -1 8 1 8 3 10 1 8 1 7 0 0 0 6 2 6 1 6 0 7 1 6 1 5 -1 5 2 7 1 5 1 4 1 5 2 4 1 4 3 5 3 7 3 5 2 7 4 5 5 7 5 5 4 5 6 6 4 6 7 6 7 4 8 7 8 0 0 0 0 0 0 0 0 0 0 ]
417,1783415916.819314,9.4289,-79,CSI_DATA,AP,98:F4:AB:29:67:94,-79,11,1,4,1,1,1,0,0,0,0,-96,0,6,1,67473647,0,84,0,0,67.8568,384,[84 -64 4 0 0 0 0 0 0 0 0 0 15 -11 14 -13 16 -13 15 -12 16 -11 14 -9 13 -9 14 -9 13 -10 14 -11 12 -9 11 -11 11 -11 9 -8 10 -10 8 -10 8 -9 8 -8 8 -6 9 -9 8 -8 7 -8 8 -7 6 -6 7 -7 7 -6 0 0 8 -6 5 -6 6 -4 7 -5 6 -4 6 -4 5 -4 5 -3 4 -2 5 -4 3 -4 5 -4 5 -2 5 -3 5 -2 7 -3 8 -3 6 -2 8 -2 8 0 9 -1 8 -1 8 -1 10 0 10 1 10 -1 0 0 0 0 0 0 0 0 0 0 ]
418,1783415916.948931,8.5584,-80,CSI_DATA,AP,98:F4:AB:29:67:94,-80,11,1,4,1,1,1,0,0,0,0,-96,0,6,1,67558954,0,84,0,0,67.9421,384,[84 -64 4 0 0 0 0 0 0 0 0 0 8 -19 7 -16 8 -16 8 -17 9 -17 8 -16 8 -15 8 -15 6 -16 6 -13 5 -14 4 -14 4 -13 5 -13 4 -12 3 -13 4 -13 4 -12 3 -11 3 -10 2 -11 3 -10 2 -11 3 -9 1 -8 1 -8 0 0 2 -10 1 -8 2 -7 2 -7 2 -6 1 -7 2 -7 4 -5 3 -6 3 -6 1 -5 3 -5 3 -6 3 -6 2 -5 2 -6 5 -8 4 -7 4 -5 5 -7 6 -6 6 -6 7 -6 7 -8 7 -8 8 -8 0 0 0 0 0 0 0 0 0 0 ]
419,1783415917.079537,9.4695,-78,CSI_DATA,AP,98:F4:AB:29:67:94,-78,11,1,2,1,1,1,0,0,0,0,-96,0,6,1,67656745,0,84,0,0,68.0399,384,[84 -64 4 0 0 0 0 0 0 0 0 0 -20 4 -19 3 -21 6 -19 4 -18 4 -17 3 -19 2 -17 3 -16 3 -15 3 -14 3 -14 4 -13 5 -14 4 -13 4 -15 5 -13 5 -12 5 -13 3 -12 5 -13 2 -12 4 -10 3 -8 3 -10 3 -9 3 0 0 -9 2 -7 3 -8 4 -9 3 -7 1 -7 1 -7 1 -6 1 -7 0 -5 0 -7 1 -6 2 -6 0 -8 2 -8 -1 -8 1 -9 -1 -8 -2 -9 -2 -9 -1 -10 -1 -11 -3 -11 -3 -12 -2 -13 -3 -11 -2 0 0 0 0 0 0 0 0 0 0 ]
420,1783415917.207625,9.5525,-79,CSI_DATA,AP,98:F4:AB:29:67:94,-79,11,1,4,1,1,1,0,0,0,0,-96,0,6,1,67739830,0,84,0,0,68.123,384,[84 -64 4 0 0 0 0 0 0 0 0 0 20 0 20 -1 20 1 18 0 17 -2 17 0 15 -1 15 -1 13 -1 14 0 14 -2 14 -1 14 -4 14 -2 10 -4 12 -3 13 -1 11 -2 11 -3 12 -3 10 -1 10 -4 10 -2 10 -4 9 -2 9 -2 0 0 7 -1 9 -1 7 -2 6 -2 7 -1 7 -1 4 -2 6 -2 5 -1 5 1 5 0 7 -1 6 1 5 0 6 1 6 0 7 0 6 2 8 1 8 1 8 2 8 2 9 3 11 2 9 2 10 3 0 0 0 0 0 0 0 0 0 0 ]
421,1783415917.337174,9.5011,-80,CSI_DATA,AP,98:F4:AB:29:67:94,-80,11,1,4,1,1,1,0,0,0,0,-96,0,6,1,67828901,0,84,0,0,68.2122,384,[84 -64 4 0 0 0 0 0 0 0 0 0 21 3 16 4 20 4 17 3 19 4 15 2 15 3 14 1 15 2 13 3 14 3 15 2 12 0 13 1 12 2 13 2 11 0 12 -1 10 0 11 0 10 2 8 0 10 1 8 0 9 2 10 1 0 0 9 -1 10 0 6 0 7 0 5 1 6 1 4 2 5 2 6 0 5 0 5 0 5 2 6 4 7 1 7 4 8 4 8 4 4 3 6 6 7 4 7 5 7 5 8 5 7 8 8 7 10 6 0 0 0 0 0 0 0 0 0 0 ]
422,1783415917.466145,9.4334,-79,CSI_DATA,AP,98:F4:AB:29:67:94,-79,11,1,4,1,1,1,0,0,0,0,-96,0,6,1,67920981,0,84,0,0,68.3041,384,[84 -64 4 0 0 0 0 0 0 0 0 0 0 -23 0 -20 0 -22 0 -17 -1 -19 0 -17 -2 -19 0 -16 -2 -17 -1 -15 -1 -14 -2 -16 -2 -16 -2 -14 -3 -13 -3 -15 -4 -12 -3 -14 -2 -13 -2 -11 -3 -12 -1 -11 -2 -9 -3 -9 -3 -9 -1 -9 0 0 -2 -8 -2 -7 -1 -9 -1 -8 1 -8 -1 -8 0 -7 0 -8 0 -6 0 -6 0 -5 -1 -7 0 -6 1 -7 1 -6 1 -6 3 -9 2 -8 3 -9 4 -8 3 -9 2 -8 5 -10 3 -10 5 -9 4 -10 0 0 0 0 0 0 0 0 0 0 ]
423,1783415917.591537,9.4532,-79,CSI_DATA,AP,98:F4:AB:29:67:94,-79,11,1,4,1,1,1,0,0,0,0,-96,0,6,1,68010021,0,84,0,0,68.3932,384,[84 -64 4 0 0 0 0 0 0 0 0 0 -17 -11 -15 -11 -18 -12 -15 -13 -16 -11 -15 -8 -15 -9 -14 -10 -13 -8 -14 -7 -12 -8 -15 -8 -12 -7 -12 -7 -12 -6 -13 -7 -11 -5 -11 -7 -10 -6 -10 -6 -9 -4 -10 -4 -10 -4 -9 -4 -9 -3 -7 -3 0 0 -9 -5 -9 -3 -7 -4 -6 -3 -7 -4 -5 -3 -7 -3 -6 -4 -5 -4 -3 -4 -7 -2 -7 -4 -6 -4 -5 -5 -6 -5 -7 -6 -5 -7 -6 -7 -8 -6 -7 -6 -6 -7 -8 -7 -9 -8 -7 -9 -9 -9 -9 -9 0 0 0 0 0 0 0 0 0 0 ]
424,1783415917.721056,9.4188,-79,CSI_DATA,AP,98:F4:AB:29:67:94,-79,11,1,4,1,1,1,0,0,0,0,-96,0,6,1,68100249,0,84,0,0,68.4833,384,[84 -64 4 0 0 0 0 0 0 0 0 0 18 10 15 11 15 10 17 10 15 9 14 9 14 10 14 8 13 6 13 8 13 7 12 5 13 5 12 5 13 6 12 6 11 4 9 5 8 5 10 5 9 5 9 3 9 3 8 3 7 3 7 3 0 0 7 4 8 3 7 3 6 4 4 4 5 4 6 3 3 3 4 2 4 3 4 2 4 3 4 4 4 4 4 4 5 4 5 6 4 6 6 6 5 7 3 6 4 8 3 8 7 7 5 9 6 9 0 0 0 0 0 0 0 0 0 0 ]
425,1783415917.849855,8.6735,-79,CSI_DATA,AP,98:F4:AB:29:67:94,-79,11,1,4,1,1,1,0,0,0,0,-96,0,6,1,68187670,0,84,0,0,68.5708,384,[84 -64 4 0 0 0 0 0 0 0 0 0 -1 22 0 17 0 19 1 15 2 19 -4 13 -2 17 -2 16 0 15 0 16 -1 13 1 14 0 15 -1 13 1 12 0 14 2 11 2 12 2 11 3 11 1 9 0 11 -1 9 3 9 1 8 0 10 0 0 2 7 1 7 0 7 1 9 0 5 0 6 -1 7 1 5 -1 7 0 6 -2 5 0 6 0 6 0 6 -2 6 0 7 -1 8 -2 6 -1 7 -3 9 -3 7 -3 8 -4 10 -3 9 -3 9 -3 11 0 0 0 0 0 0 0 0 0 0 ]
426,1783415917.979778,9.0008,-79,CSI_DATA,AP,98:F4:AB:29:67:94,-79,11,1,4,1,1,1,0,0,0,0,-96,0,6,1,68284391,0,84,0,0,68.6676,384,[84 -64 4 0 0 0 0 0 0 0 0 0 -16 -15 -16 -12 -17 -14 -14 -11 -17 -14 -12 -11 -12 -11 -13 -10 -12 -10 -12 -11 -10 -9 -12 -10 -11 -9 -12 -10 -11 -9 -12 -8 -9 -8 -11 -9 -9 -8 -8 -8 -9 -8 -9 -7 -8 -6 -7 -6 -7 -7 -7 -6 0 0 -6 -6 -6 -7 -3 -7 -7 -6 -4 -7 -4 -6 -5 -4 -4 -5 -5 -6 -3 -6 -3 -4 -3 -6 -3 -5 -1 -7 -3 -8 -3 -7 -3 -10 -1 -8 -2 -9 -2 -9 -3 -10 -2 -10 0 -11 -2 -9 -1 -12 -2 -12 0 0 0 0 0 0 0 0 0 0 ]
427,1783415918.107958,9.3532,-73,CSI_DATA,AP,98:F4:AB:29:67:94,-73,11,0,0,0,0,0,0,0,0,0,-96,0,6,1,68373339,0,84,0,0,68.7566,128,[84 -64 4 0 0 0 0 0 0 0 0 0 36 -21 37 -18 36 -21 31 -17 31 -17 30 -14 30 -16 29 -13 26 -16 26 -15 25 -18 22 -18 24 -17 22 -16 18 -15 22 -19 17 -15 18 -15 15 -14 17 -14 15 -13 15 -13 14 -12 13 -14 13 -12 14 -13 0 0 12 -12 13 -12 12 -10 11 -11 10 -9 10 -8 10 -6 10 -7 9 -7 9 -6 9 -6 9 -6 10 -8 12 -5 12 -5 13 -6 16 -4 14 -2 14 -2 16 -3 18 -3 17 -3 18 -4 20 -3 20 -4 20 -4 0 0 0 0 0 0 0 0 0 0 ]
428,1783415918.234912,9.3483,-79,CSI_DATA,AP,98:F4:AB:29:67:94,-79,11,1,4,1,1,1,0,0,0,0,-96,0,6,1,68462429,0,84,0,0,68.8456,384,[84 -64 4 0 0 0 0 0 0 0 0 0 -21 -6 -16 -8 -21 -8 -20 -5 -20 -6 -16 -6 -16 -5 -16 -4 -17 -5 -17 -5 -15 -5 -14 -2 -16 -4 -14 -3 -14 -3 -13 -2 -13 -1 -13 -3 -11 -1 -13 -2 -12 -2 -11 -4 -10 -4 -10 -2 -9 -3 -9 -2 0 0 -8 -2 -9 -3 -6 -2 -7 -3 -7 -3 -7 -3 -7 -3 -6 -3 -6 -3 -6 -3 -7 -4 -5 -2 -6 -3 -6 -3 -8 -4 -6 -4 -6 -5 -6 -6 -6 -5 -6 -5 -7 -6 -6 -5 -7 -7 -7 -7 -8 -8 -9 -8 0 0 0 0 0 0 0 0 0 0 ]
429,1783415918.361650,11.2826,-79,CSI_DATA,AP,98:F4:AB:29:67:94,-79,11,1,4,1,1,1,0,0,0,0,-96,0,6,1,68550136,0,84,0,0,68.9333,384,[84 -64 4 0 0 0 0 0 0 0 0 0 -15 18 -14 18 -15 20 -14 17 -11 16 -13 15 -12 13 -11 13 -8 14 -11 11 -10 12 -9 14 -8 14 -9 14 -6 12 -7 13 -5 12 -7 12 -6 11 -7 10 -7 11 -7 11 -4 9 -6 10 -7 10 -6 7 0 0 -4 7 -5 9 -5 6 -5 7 -6 6 -3 5 -4 5 -4 5 -4 7 -2 5 -4 4 -4 6 -6 5 -5 5 -6 8 -6 4 -7 7 -8 5 -7 3 -8 6 -9 6 -9 6 -9 5 -9 5 -12 6 -10 6 0 0 0 0 0 0 0 0 0 0 ]
430,1783415918.491886,11.3622,-77,CSI_DATA,AP,98:F4:AB:29:67:94,-77,11,1,2,1,1,1,0,0,0,0,-96,0,6,1,68642065,0,84,0,0,69.0252,384,[84 -64 4 0 0 0 0 0 0 0 0 0 -5 -22 -5 -20 -3 -21 -4 -20 -5 -20 -4 -16 -3 -18 -4 -17 -4 -16 -5 -16 -6 -14 -4 -16 -5 -14 -4 -15 -5 -14 -6 -13 -4 -12 -4 -11 -5 -13 -5 -13 -4 -11 -5 -10 -3 -10 -6 -10 -4 -10 -3 -10 0 0 -3 -9 -4 -10 -2 -10 -3 -7 -1 -8 -3 -7 -1 -8 -2 -6 -1 -6 -1 -7 -3 -8 -2 -6 -2 -7 0 -7 -1 -8 0 -8 2 -10 0 -9 1 -10 3 -10 2 -10 4 -11 3 -11 2 -11 3 -11 3 -12 0 0 0 0 0 0 0 0 0 0 ]
431,1783415918.621151,11.4062,-81,CSI_DATA,AP,98:F4:AB:29:67:94,-81,11,1,2,1,1,1,0,0,0,0,-96,0,6,1,68736469,0,84,0,0,69.1197,384,[84 -64 4 0 0 0 0 0 0 0 0 0 -15 -48 -13 -37 -9 -59 -16 -55 -16 -40 -15 -43 -6 -45 -7 -40 -6 -46 -14 -34 -11 -44 -2 -41 -11 -41 -10 -31 -12 -31 -1 -45 -18 -27 -12 -16 -12 -18 0 -29 0 -17 -7 -23 -11 -17 -17 -11 -11 -25 -7 -23 0 0 -4 -30 -3 -20 -7 -24 6 -26 3 -14 -1 -24 4 -24 -5 -17 1 -10 -11 -12 -4 -18 -1 -9 10 -21 0 -22 2 -23 -2 -28 4 -24 -1 -26 2 -26 0 -23 1 -31 4 -29 -2 -35 -2 -24 5 -32 5 -37 0 0 0 0 0 0 0 0 0 0 ]
432,1783415918.750102,10.4149,-79,CSI_DATA,AP,98:F4:AB:29:67:94,-79,11,1,4,1,1,1,0,0,0,0,-96,0,6,1,68821443,0,84,0,0,69.2047,384,[84 -64 4 0 0 0 0 0 0 0 0 0 -6 19 -6 21 -7 18 -7 19 -5 18 -6 14 -3 15 -5 15 -5 15 -5 14 -5 14 -3 15 -4 13 -3 12 -3 13 -2 14 -1 11 -1 11 -3 12 -2 10 -1 10 -1 11 -3 9 -1 9 -2 9 -2 8 0 0 -2 9 -2 9 -3 7 -3 8 -3 5 -2 6 -1 6 -4 4 -3 6 -4 5 -2 6 -3 6 -4 6 -4 5 -4 6 -3 6 -5 6 -5 6 -5 6 -6 6 -7 6 -7 7 -8 7 -9 8 -8 6 -7 8 0 0 0 0 0 0 0 0 0 0 ]
433,1783415918.879001,8.8765,-79,CSI_DATA,AP,98:F4:AB:29:67:94,-79,11,1,4,1,1,1,0,0,0,0,-96,0,6,1,68907816,0,84,0,0,69.291,384,[84 -64 4 0 0 0 0 0 0 0 0 0 20 0 18 0 20 1 17 0 19 -1 15 0 16 0 15 1 14 0 16 -1 13 -1 13 -3 14 -1 15 -1 11 -2 14 -3 11 -1 11 -2 9 -2 10 -2 9 0 9 -1 9 -2 8 -1 8 0 9 -1 0 0 7 -1 8 -1 7 -1 7 -2 6 0 6 -1 7 0 5 0 4 0 6 -1 5 -1 6 0 7 1 6 2 8 1 7 0 7 2 7 3 8 3 6 2 7 4 8 4 9 5 8 5 9 3 10 5 0 0 0 0 0 0 0 0 0 0 ]
434,1783415919.008464,10.1162,-79,CSI_DATA,AP,98:F4:AB:29:67:94,-79,11,1,4,1,1,1,0,0,0,0,-96,0,6,1,69002093,0,84,0,0,69.3852,384,[84 -64 4 0 0 0 0 0 0 0 0 0 -25 -7 -22 -5 -21 -6 -20 -6 -22 -6 -18 -7 -19 -6 -17 -5 -16 -2 -19 -4 -20 -3 -15 -4 -16 -3 -16 -4 -15 -1 -16 -3 -14 0 -14 -2 -14 -2 -14 -2 -12 0 -12 0 -9 -1 -12 0 -12 -1 -9 -1 0 0 -9 -1 -9 0 -8 -2 -9 -1 -9 0 -8 -3 -7 -2 -6 -3 -8 -3 -7 -2 -7 1 -8 -1 -7 -4 -7 -2 -7 -3 -8 -4 -9 -5 -7 -6 -6 -6 -10 -6 -8 -7 -11 -5 -9 -7 -10 -6 -11 -7 -10 -7 0 0 0 0 0 0 0 0 0 0 ]
435,1783415919.134212,9.9194,-79,CSI_DATA,AP,98:F4:AB:29:67:94,-79,11,1,4,1,1,1,0,0,0,0,-96,0,6,1,69089007,0,84,0,0,69.4722,384,[84 -64 4 0 0 0 0 0 0 0 0 0 23 8 22 7 21 5 19 8 20 5 18 6 18 6 17 3 16 5 14 4 15 4 16 4 14 3 13 3 15 4 14 3 14 4 13 3 13 4 13 3 12 2 11 2 9 2 10 1 10 2 7 3 0 0 9 3 9 3 9 3 7 4 7 2 7 4 6 3 5 2 6 4 5 2 7 1 6 4 7 4 7 4 7 5 5 5 6 6 6 7 5 7 7 7 5 7 6 8 6 8 8 9 7 9 7 9 0 0 0 0 0 0 0 0 0 0 ]
436,1783415919.261060,9.9958,-80,CSI_DATA,AP,98:F4:AB:29:67:94,-80,11,1,4,1,1,1,0,0,0,0,-96,0,6,1,69179050,0,84,0,0,69.5622,384,[84 -64 4 0 0 0 0 0 0 0 0 0 17 -12 16 -10 19 -10 13 -9 15 -10 13 -9 14 -8 13 -8 13 -9 11 -9 12 -9 11 -10 11 -8 10 -8 8 -7 9 -9 8 -9 10 -9 7 -7 9 -7 8 -6 8 -8 8 -6 6 -6 8 -6 6 -8 0 0 6 -6 5 -5 6 -4 4 -6 6 -4 6 -4 6 -5 4 -2 5 -4 3 -4 4 -3 5 -2 5 -3 5 -4 5 -3 7 -3 9 -1 8 -2 7 -1 8 -2 8 -2 8 0 9 -1 11 -1 11 -1 11 -1 0 0 0 0 0 0 0 0 0 0 ]
437,1783415919.387188,10.7420,-78,CSI_DATA,AP,98:F4:AB:29:67:94,-78,11,1,2,1,1,1,0,0,0,0,-96,0,6,1,69273174,0,84,0,0,69.6564,384,[84 -64 4 0 0 0 0 0 0 0 0 0 -2 -24 -3 -19 -3 -23 -3 -19 -4 -21 -3 -15 -2 -16 -3 -17 -3 -18 -2 -17 -2 -17 -2 -16 -3 -15 -1 -15 -4 -13 -4 -16 -3 -12 -5 -13 -3 -12 -3 -13 -4 -13 -4 -13 -2 -10 -1 -11 -3 -11 -1 -10 0 0 -2 -10 -2 -9 -1 -8 -3 -8 -2 -9 0 -8 -1 -8 0 -8 1 -6 0 -8 -1 -7 -1 -7 0 -7 0 -7 1 -8 1 -9 2 -9 3 -8 3 -8 3 -10 3 -10 4 -10 5 -10 4 -11 5 -11 5 -13 0 0 0 0 0 0 0 0 0 0 ]
438,1783415919.512111,9.5759,-79,CSI_DATA,AP,98:F4:AB:29:67:94,-79,11,1,4,1,1,1,0,0,0,0,-96,0,6,1,69357996,0,84,0,0,69.7412,384,[84 -64 4 0 0 0 0 0 0 0 0 0 19 8 18 7 18 7 15 7 17 6 14 7 15 7 13 5 15 5 14 5 11 5 12 6 14 3 13 5 11 2 13 4 12 5 10 4 12 2 10 2 10 2 9 3 8 2 9 2 8 2 10 3 0 0 7 2 8 2 6 3 6 2 4 1 7 2 5 2 6 1 5 3 4 1 5 3 5 2 5 2 4 2 5 2 6 4 6 6 5 5 5 4 5 6 5 6 5 7 5 6 7 7 6 8 8 9 0 0 0 0 0 0 0 0 0 0 ]
439,1783415919.640117,10.5824,-79,CSI_DATA,AP,98:F4:AB:29:67:94,-79,11,1,4,1,1,1,0,0,0,0,-96,0,6,1,69447771,0,84,0,0,69.831,384,[84 -64 4 0 0 0 0 0 0 0 0 0 0 -21 1 -22 0 -19 0 -20 0 -18 2 -17 2 -16 0 -18 0 -17 1 -15 -1 -14 0 -16 -1 -16 -2 -15 -1 -13 0 -15 0 -15 -1 -14 -1 -10 0 -11 0 -11 1 -11 -1 -10 -2 -11 0 -11 -1 -9 0 0 1 -10 -1 -8 0 -8 0 -9 1 -7 0 -7 0 -6 1 -7 2 -6 0 -6 1 -7 1 -6 0 -6 2 -6 3 -6 1 -9 3 -8 4 -6 5 -8 4 -7 5 -7 4 -9 6 -9 6 -9 6 -9 6 -11 0 0 0 0 0 0 0 0 0 0 ]
440,1783415919.765382,9.7861,-78,CSI_DATA,AP,98:F4:AB:29:67:94,-78,11,1,2,1,1,1,0,0,0,0,-96,0,6,1,69546401,0,84,0,0,69.9296,384,[84 -64 4 0 0 0 0 0 0 0 0 0 -14 12 -13 11 -15 12 -13 11 -14 10 -11 8 -12 10 -11 9 -10 11 -11 8 -10 10 -9 8 -10 8 -9 9 -8 8 -9 10 -7 9 -6 9 -7 8 -7 9 -6 7 -8 7 -8 8 -6 7 -6 7 -6 5 0 0 -5 6 -5 8 -5 5 -4 6 -5 4 -5 5 -4 5 -4 4 -5 3 -5 3 -4 3 -4 3 -4 3 -5 4 -7 3 -7 3 -7 4 -7 3 -8 4 -9 5 -8 3 -8 4 -9 4 -9 4 -10 3 -11 4 0 0 0 0 0 0 0 0 0 0 ]
441,1783415919.897013,9.8413,-79,CSI_DATA,AP,98:F4:AB:29:67:94,-79,11,1,4,1,1,1,0,0,0,0,-96,0,6,1,69630508,0,84,0,0,70.0136,384,[84 -64 4 0 0 0 0 0 0 0 0 0 2 -23 2 -18 0 -24 1 -19 0 -18 2 -17 3 -18 2 -17 0 -16 0 -15 0 -16 1 -16 0 -15 -1 -16 1 -14 0 -14 2 -13 1 -12 1 -12 1 -12 1 -10 1 -11 3 -11 0 -10 2 -10 -2 -8 0 0 0 -10 0 -10 0 -8 0 -8 0 -5 1 -8 1 -7 -1 -6 -1 -6 1 -7 1 -6 0 -5 2 -7 2 -6 3 -7 3 -7 3 -7 5 -7 5 -8 6 -7 5 -7 4 -5 7 -7 7 -8 6 -7 8 -8 0 0 0 0 0 0 0 0 0 0 ]
442,1783415920.025811,9.6317,-80,CSI_DATA,AP,98:F4:AB:29:67:94,-80,11,1,4,1,1,1,0,0,0,0,-96,0,6,1,69717960,0,84,0,0,70.1011,384,[84 -64 4 0 0 0 0 0 0 0 0 0 8 -20 8 -18 7 -19 8 -18 7 -17 7 -14 7 -16 7 -16 6 -15 4 -14 4 -14 3 -13 3 -14 3 -15 3 -14 4 -14 3 -14 2 -11 2 -11 3 -11 1 -12 2 -12 1 -10 1 -10 0 -10 1 -8 0 0 1 -8 2 -9 1 -8 2 -7 2 -7 0 -7 1 -7 2 -7 1 -6 2 -6 1 -6 2 -5 2 -7 3 -6 3 -7 3 -6 5 -7 5 -8 5 -6 6 -7 6 -8 5 -7 6 -7 7 -9 7 -9 8 -8 0 0 0 0 0 0 0 0 0 0 ]
443,1783415920.151318,10.4003,-79,CSI_DATA,AP,98:F4:AB:29:67:94,-79,11,1,4,1,1,1,0,0,0,0,-96,0,6,1,69807641,0,84,0,0,70.1908,384,[84 -64 4 0 0 0 0 0 0 0 0 0 24 -3 22 -2 22 -2 22 -1 20 0 16 0 18 -4 18 -2 16 -4 16 -1 16 -2 16 -1 16 -2 15 -1 14 -3 15 -4 13 -4 13 -4 13 -5 11 -4 11 -4 10 -2 10 -2 8 -2 10 -5 10 -3 0 0 8 -3 9 -2 8 -3 8 -3 6 -1 8 -1 7 -1 4 0 7 -1 7 -2 8 -2 7 0 6 0 5 0 7 0 10 1 11 3 9 2 9 1 10 2 8 1 8 3 11 3 10 3 10 1 12 2 0 0 0 0 0 0 0 0 0 0 ]
444,1783415920.279295,10.8173,-78,CSI_DATA,AP,98:F4:AB:29:67:94,-78,11,1,2,1,1,1,0,0,0,0,-96,0,6,1,69901251,0,84,0,0,70.2844,384,[84 -64 4 0 0 0 0 0 0 0 0 0 -20 -11 -18 -11 -19 -11 -18 -11 -15 -11 -14 -10 -15 -9 -15 -8 -14 -8 -14 -9 -14 -7 -13 -7 -14 -5 -15 -6 -14 -4 -15 -5 -13 -4 -12 -3 -12 -5 -12 -4 -12 -4 -11 -2 -10 -3 -11 -3 -10 -2 -9 -3 0 0 -9 -1 -9 -3 -8 -2 -8 -3 -8 -3 -7 -2 -9 -2 -7 -3 -8 -2 -7 -3 -8 -1 -8 -4 -7 -2 -9 -2 -6 -4 -8 -3 -9 -5 -7 -5 -8 -5 -9 -4 -8 -7 -9 -5 -10 -6 -10 -5 -10 -7 -10 -7 0 0 0 0 0 0 0 0 0 0 ]
445,1783415920.411338,10.3925,-78,CSI_DATA,AP,98:F4:AB:29:67:94,-78,11,1,2,1,1,1,0,0,0,0,-96,0,6,1,69988881,0,84,0,0,70.3721,384,[84 -64 4 0 0 0 0 0 0 0 0 0 -16 -13 -14 -10 -16 -13 -14 -12 -15 -12 -12 -10 -11 -11 -11 -9 -12 -10 -11 -10 -12 -8 -13 -8 -12 -8 -11 -6 -11 -7 -11 -6 -10 -5 -11 -6 -10 -7 -9 -6 -9 -5 -9 -5 -8 -4 -9 -6 -8 -6 -8 -4 0 0 -8 -4 -8 -4 -6 -4 -6 -3 -4 -4 -6 -4 -6 -4 -5 -4 -5 -4 -6 -4 -4 -3 -4 -3 -5 -5 -4 -4 -6 -5 -6 -6 -6 -7 -3 -7 -5 -7 -4 -8 -5 -8 -6 -8 -6 -9 -6 -8 -6 -9 -5 -9 0 0 0 0 0 0 0 0 0 0 ]
446,1783415920.635873,10.2281,-79,CSI_DATA,AP,98:F4:AB:29:67:94,-79,11,1,3,1,1,1,0,0,0,0,-96,0,6,1,84928054,0,84,0,0,85.3112,384,[84 -64 4 0 0 0 0 0 0 0 0 0 -5 21 -5 19 -6 19 -4 18 -5 18 -6 15 -7 16 -5 16 -4 17 -6 16 -3 13 -2 13 -2 14 -4 13 -2 11 -3 12 -1 10 -2 12 -1 11 -3 11 -2 11 -2 9 -1 7 -1 8 -2 8 -1 7 0 0 -2 7 -2 9 0 5 -1 6 0 6 1 5 -3 6 0 5 -1 6 -2 5 -1 6 -2 6 -2 6 -2 7 -3 7 -2 5 -5 6 -2 6 -4 6 -4 6 -4 6 -6 6 -6 8 -5 9 -6 6 -6 10 0 0 0 0 0 0 0 0 0 0 ]
447,1783415920.751518,10.1392,-79,CSI_DATA,AP,98:F4:AB:29:67:94,-79,11,1,3,1,1,1,0,0,0,0,-96,0,6,1,85021050,0,84,0,0,85.4042,384,[84 -64 4 0 0 0 0 0 0 0 0 0 19 10 17 10 16 10 17 10 16 9 15 9 14 8 15 8 13 7 13 5 13 6 12 5 12 5 13 2 13 4 11 4 13 4 10 4 10 3 8 3 9 3 9 2 8 2 7 1 7 2 7 1 0 0 7 0 8 2 6 1 7 1 5 2 5 2 5 2 5 3 3 1 3 1 5 1 4 2 6 1 5 3 6 2 5 3 5 3 6 4 6 5 5 6 7 5 6 5 6 4 7 7 7 5 7 7 0 0 0 0 0 0 0 0 0 0 ]
448,1783415920.880386,9.1056,-80,CSI_DATA,AP,98:F4:AB:29:67:94,-80,11,1,3,1,1,1,0,0,0,0,-96,0,6,1,85111865,0,84,0,0,85.495,384,[84 -64 4 0 0 0 0 0 0 0 0 0 -15 14 -17 12 -15 12 -15 11 -15 12 -13 10 -13 11 -13 9 -12 11 -12 10 -10 9 -9 10 -12 11 -9 10 -9 11 -9 9 -9 10 -7 9 -7 7 -8 8 -6 7 -6 9 -6 7 -5 8 -4 8 -4 8 0 0 -5 7 -4 7 -5 7 -4 5 -4 4 -4 5 -6 4 -3 5 -3 5 -5 5 -5 5 -5 3 -5 4 -5 5 -5 4 -7 3 -5 7 -8 2 -7 5 -7 5 -9 4 -10 5 -8 6 -10 5 -10 6 -11 4 0 0 0 0 0 0 0 0 0 0 ]
449,1783415921.010716,9.1022,-80,CSI_DATA,AP,98:F4:AB:29:67:94,-80,11,1,3,1,1,1,0,0,0,0,-96,0,6,1,85198281,0,84,0,0,85.5813,384,[84 -64 4 0 0 0 0 0 0 0 0 0 24 -1 21 -1 24 -2 21 0 22 0 17 0 20 0 18 -1 17 -2 16 -1 16 -2 17 -2 15 -3 16 -1 15 -4 15 -4 13 -2 13 -4 11 -1 11 -3 12 -4 11 -2 10 -1 10 -2 9 -2 7 -3 0 0 7 -2 7 -1 8 -2 8 -2 6 0 9 1 6 1 5 0 5 -1 5 -1 6 -1 8 -1 6 -1 7 -1 7 0 8 0 7 2 7 3 9 4 7 5 9 4 8 3 9 5 10 5 10 3 10 5 0 0 0 0 0 0 0 0 0 0 ]
450,1783415921.144440,9.2424,-79,CSI_DATA,AP,98:F4:AB:29:67:94,-79,11,1,3,1,1,1,0,0,0,0,-96,0,6,1,85287623,0,84,0,0,85.6708,384,[84 -64 4 0 0 0 0 0 0 0 0 0 -21 -1 -18 -1 -21 -2 -20 -1 -19 -2 -18 -3 -17 -2 -16 -3 -15 0 -15 -1 -16 -2 -15 -1 -13 -3 -14 1 -14 -1 -14 1 -14 0 -12 0 -12 -1 -12 0 -11 0 -11 1 -9 1 -9 -1 -10 0 -7 0 0 0 -9 0 -10 1 -8 0 -7 0 -8 0 -7 -1 -6 -1 -6 -2 -7 -1 -7 -3 -6 -1 -7 -1 -7 -2 -7 -3 -6 -3 -7 -3 -6 -4 -8 -5 -8 -5 -7 -4 -9 -5 -9 -5 -9 -7 -10 -7 -9 -7 -10 -6 0 0 0 0 0 0 0 0 0 0 ]
451,1783415921.270584,8.6670,-79,CSI_DATA,AP,98:F4:AB:29:67:94,-79,11,1,3,1,1,1,0,0,0,0,-96,0,6,1,85381093,0,84,0,0,85.7643,384,[84 -64 4 0 0 0 0 0 0 0 0 0 18 8 18 7 19 8 17 9 16 8 14 7 14 7 13 8 14 6 13 6 12 4 13 3 13 6 12 3 11 3 11 2 11 4 10 4 11 3 9 3 10 3 10 3 7 2 9 1 8 2 8 1 0 0 7 1 8 0 6 1 7 2 6 0 7 2 6 1 6 1 4 1 6 1 6 0 3 2 6 2 6 2 7 4 6 4 6 5 6 4 5 4 6 6 6 4 6 6 7 8 6 6 7 7 8 6 0 0 0 0 0 0 0 0 0 0 ]
452,1783415921.396442,8.7556,-79,CSI_DATA,AP,98:F4:AB:29:67:94,-79,11,1,3,1,1,1,0,0,0,0,-96,0,6,1,85472859,0,84,0,0,85.856,384,[84 -64 4 0 0 0 0 0 0 0 0 0 -21 1 -24 1 -23 2 -23 0 -21 2 -20 -1 -16 3 -20 2 -17 1 -16 3 -15 2 -15 3 -17 2 -18 2 -15 3 -14 3 -15 3 -13 3 -14 2 -9 3 -11 2 -11 3 -11 2 -10 2 -9 1 -9 2 0 0 -8 1 -9 4 -8 2 -8 2 -6 2 -8 1 -8 1 -6 0 -9 0 -7 1 -7 2 -7 0 -7 0 -8 0 -8 -1 -9 0 -10 -1 -10 -1 -9 -2 -10 -2 -12 -5 -12 -3 -13 -3 -11 -4 -12 -4 -10 -5 0 0 0 0 0 0 0 0 0 0 ]
453,1783415921.523746,10.3453,-80,CSI_DATA,AP,98:F4:AB:29:67:94,-80,11,1,3,1,1,1,0,0,0,0,-96,0,6,1,85560127,0,84,0,0,85.9433,384,[84 -64 4 0 0 0 0 0 0 0 0 0 -18 -19 -14 -18 -17 -17 -13 -17 -15 -17 -12 -15 -12 -16 -11 -15 -10 -13 -11 -12 -13 -15 -13 -12 -11 -13 -12 -10 -11 -12 -10 -12 -10 -11 -10 -9 -10 -8 -9 -8 -8 -9 -9 -9 -7 -8 -9 -7 -9 -7 -8 -6 0 0 -7 -6 -7 -9 -7 -6 -6 -7 -5 -6 -6 -6 -6 -6 -6 -5 -6 -5 -5 -5 -6 -4 -4 -6 -4 -5 -4 -7 -5 -6 -5 -8 -4 -9 -3 -7 -2 -9 -2 -10 -2 -11 -3 -10 -4 -10 -4 -11 -4 -10 -6 -12 0 0 0 0 0 0 0 0 0 0 ]
454,1783415921.651088,10.4337,-79,CSI_DATA,AP,98:F4:AB:29:67:94,-79,11,1,3,1,1,1,0,0,0,0,-96,0,6,1,85647497,0,84,0,0,86.0307,384,[84 -64 4 0 0 0 0 0 0 0 0 0 -22 0 -21 -3 -21 1 -17 -1 -21 -1 -17 0 -17 0 -16 -1 -17 -1 -15 -1 -15 -1 -16 0 -14 2 -15 1 -14 -1 -14 1 -13 1 -13 4 -13 0 -14 1 -10 1 -11 0 -10 0 -10 1 -10 1 -9 0 0 0 -9 1 -8 3 -7 -1 -7 1 -6 1 -8 0 -7 1 -7 -1 -6 0 -6 -1 -6 1 -6 1 -8 0 -6 -3 -8 -1 -7 -2 -9 -2 -8 -3 -9 -3 -8 -3 -9 -5 -9 -4 -10 -3 -9 -5 -8 -5 -11 -2 0 0 0 0 0 0 0 0 0 0 ]
455,1783415921.776196,9.3504,-79,CSI_DATA,AP,98:F4:AB:29:67:94,-79,11,1,3,1,1,1,0,0,0,0,-96,0,6,1,85738226,0,84,0,0,86.1214,384,[84 -64 4 0 0 0 0 0 0 0 0 0 -5 19 -6 20 -6 20 -5 17 -5 18 -6 15 -6 15 -4 15 -3 14 -4 14 -3 15 -4 14 -2 13 -1 14 -2 11 1 12 0 14 -1 11 0 10 -2 10 -1 9 -2 9 1 9 0 10 1 8 -1 8 0 0 0 7 0 7 1 6 2 7 -1 5 0 5 0 5 2 5 0 5 1 5 -1 6 0 5 0 5 0 6 0 8 -1 7 0 7 -1 6 -2 8 -2 9 -3 8 0 10 -1 10 -3 10 -1 9 -3 8 0 0 0 0 0 0 0 0 0 0 ]
456,1783415921.904381,9.7019,-73,CSI_DATA,AP,98:F4:AB:29:67:94,-73,11,0,0,0,0,0,0,0,0,0,-96,0,6,1,85836235,0,84,0,0,86.2195,128,[84 -64 4 0 0 0 0 0 0 0 0 0 -42 14 -39 12 -40 12 -36 12 -37 9 -31 8 -32 10 -30 8 -30 10 -29 9 -28 10 -27 12 -27 12 -26 11 -23 10 -25 12 -23 9 -22 12 -19 9 -20 10 -17 8 -18 9 -17 8 -17 9 -18 10 -16 8 0 0 -13 8 -16 8 -13 5 -15 7 -11 5 -12 5 -12 3 -10 4 -13 4 -12 3 -11 5 -10 2 -11 3 -13 2 -15 1 -16 1 -18 0 -16 0 -16 -3 -15 -1 -18 -3 -18 -3 -19 -3 -19 -5 -22 -4 -22 -2 0 0 0 0 0 0 0 0 0 0 ]
457,1783415922.030299,9.8778,-80,CSI_DATA,AP,98:F4:AB:29:67:94,-80,11,1,3,1,1,1,0,0,0,0,-96,0,6,1,85919243,0,84,0,0,86.3023,384,[84 -64 4 0 0 0 0 0 0 0 0 0 22 -2 23 1 23 0 21 0 22 0 19 0 18 -1 17 1 18 -2 16 -1 17 -1 15 -2 17 -2 14 -2 16 -3 14 -3 14 -3 13 -4 13 -4 12 -3 10 -2 10 -4 10 -2 9 -5 8 -6 9 -3 0 0 9 -3 9 -3 8 -3 6 -4 7 -2 7 -2 5 -1 6 -1 5 -4 7 -2 5 -2 5 -1 6 -1 7 -1 7 -1 8 -1 9 0 8 -2 9 1 10 1 10 1 9 2 10 2 11 1 11 3 12 2 0 0 0 0 0 0 0 0 0 0 ]
458,1783415922.155626,9.5803,-80,CSI_DATA,AP,98:F4:AB:29:67:94,-80,11,1,3,1,1,1,0,0,0,0,-96,0,6,1,86009907,0,84,0,0,86.3931,384,[84 -64 4 0 0 0 0 0 0 0 0 0 -8 -21 -8 -20 -9 -17 -8 -16 -8 -17 -7 -17 -7 -15 -6 -16 -6 -16 -7 -14 -6 -12 -6 -15 -6 -12 -6 -11 -4 -12 -8 -14 -6 -12 -6 -9 -4 -11 -5 -9 -6 -8 -5 -10 -5 -10 -6 -8 -3 -9 -2 -10 0 0 -4 -8 -4 -9 -5 -6 -3 -7 -3 -8 -2 -7 -2 -7 -2 -7 -1 -5 -1 -7 -1 -8 -1 -7 -1 -7 0 -7 -1 -6 -1 -7 1 -9 1 -9 1 -8 2 -9 4 -10 2 -10 2 -10 3 -11 3 -11 2 -11 0 0 0 0 0 0 0 0 0 0 ]
459,1783415922.280670,10.2442,-79,CSI_DATA,AP,98:F4:AB:29:67:94,-79,11,1,3,1,1,1,0,0,0,0,-96,0,6,1,86098243,0,84,0,0,86.4814,384,[84 -64 4 0 0 0 0 0 0 0 0 0 -18 -16 -14 -13 -15 -15 -14 -13 -14 -13 -11 -13 -12 -12 -12 -11 -12 -13 -11 -10 -11 -10 -12 -10 -12 -9 -12 -7 -10 -7 -12 -8 -10 -8 -11 -8 -10 -7 -8 -8 -8 -5 -9 -5 -7 -7 -10 -5 -10 -4 -8 -4 0 0 -8 -5 -7 -3 -7 -3 -7 -4 -5 -3 -6 -5 -5 -6 -6 -5 -4 -2 -7 -5 -5 -3 -5 -4 -5 -5 -5 -5 -5 -5 -6 -7 -6 -7 -5 -7 -5 -8 -5 -8 -4 -8 -5 -8 -4 -11 -6 -8 -6 -9 -6 -10 0 0 0 0 0 0 0 0 0 0 ]
460,1783415922.408812,10.3431,-80,CSI_DATA,AP,98:F4:AB:29:67:94,-80,11,1,3,1,1,1,0,0,0,0,-96,0,6,1,86189521,0,84,0,0,86.5727,384,[84 -64 4 0 0 0 0 0 0 0 0 0 -22 3 -21 3 -21 3 -18 0 -19 2 -17 1 -17 2 -15 2 -15 3 -14 3 -15 3 -16 3 -16 3 -14 2 -11 4 -13 4 -14 4 -13 5 -11 3 -11 3 -9 3 -8 3 -7 4 -10 3 -10 2 -9 3 0 0 -7 3 -9 3 -9 2 -7 3 -6 2 -8 1 -7 1 -6 1 -6 2 -7 2 -6 0 -6 1 -5 3 -7 2 -7 1 -7 -1 -8 -1 -6 -1 -8 1 -9 -1 -10 -2 -9 1 -11 -1 -10 0 -10 -1 -13 -2 0 0 0 0 0 0 0 0 0 0 ]
461,1783415922.534743,9.2751,-78,CSI_DATA,AP,98:F4:AB:29:67:94,-78,11,1,2,1,1,1,0,0,0,0,-96,0,6,1,86284337,0,84,0,0,86.6675,384,[84 -64 4 0 0 0 0 0 0 0 0 0 -12 -18 -11 -16 -11 -17 -11 -15 -10 -14 -10 -15 -9 -14 -9 -12 -10 -13 -10 -13 -9 -13 -9 -12 -9 -11 -9 -13 -5 -11 -7 -10 -7 -7 -6 -9 -7 -9 -6 -9 -7 -9 -7 -8 -6 -8 -6 -7 -7 -5 -5 -7 0 0 -5 -7 -4 -7 -5 -6 -4 -5 -2 -5 -4 -5 -4 -5 -2 -6 -3 -5 -2 -6 -3 -5 -3 -6 -3 -6 -2 -6 -2 -7 -1 -8 -1 -9 -2 -7 1 -8 -1 -8 1 -9 1 -9 1 -10 0 -10 1 -10 0 -11 0 0 0 0 0 0 0 0 0 0 ]
462,1783415922.660713,9.6846,-80,CSI_DATA,AP,98:F4:AB:29:67:94,-80,11,1,3,1,1,1,0,0,0,0,-96,0,6,1,86367787,0,84,0,0,86.751,384,[84 -64 4 0 0 0 0 0 0 0 0 0 17 10 16 11 16 12 15 10 15 10 13 10 15 9 13 8 13 8 10 7 12 7 12 7 13 5 11 6 11 6 11 6 12 6 10 5 9 4 10 5 8 5 8 4 6 4 7 3 6 2 9 3 0 0 6 3 7 2 7 2 6 3 4 2 4 2 4 4 5 2 3 1 4 2 5 3 5 3 6 4 6 4 4 5 4 4 5 5 5 6 4 6 4 7 5 8 5 7 5 7 5 9 4 9 6 9 0 0 0 0 0 0 0 0 0 0 ]
463,1783415922.788660,10.4951,-79,CSI_DATA,AP,98:F4:AB:29:67:94,-79,11,1,3,1,1,1,0,0,0,0,-96,0,6,1,86459580,0,84,0,0,86.8428,384,[84 -64 4 0 0 0 0 0 0 0 0 0 -7 -20 -6 -19 -7 -19 -3 -19 -6 -19 -4 -17 -5 -16 -4 -17 -4 -17 -5 -16 -4 -14 -5 -16 -5 -13 -6 -14 -3 -13 -4 -12 -5 -13 -6 -13 -3 -9 -5 -9 -3 -10 -4 -11 -5 -9 -3 -10 -4 -10 -4 -10 0 0 -3 -9 -4 -7 -2 -5 -1 -7 -2 -7 -2 -8 -3 -8 -1 -7 -1 -7 -2 -7 -1 -7 -1 -8 0 -7 0 -6 0 -9 1 -7 2 -8 3 -8 1 -8 1 -7 3 -9 4 -7 3 -8 4 -11 5 -10 3 -11 0 0 0 0 0 0 0 0 0 0 ]
464,1783415922.917958,11.6196,-79,CSI_DATA,AP,98:F4:AB:29:67:94,-79,11,1,3,1,1,1,0,0,0,0,-96,0,6,1,86553101,0,84,0,0,86.9363,384,[84 -64 4 0 0 0 0 0 0 0 0 0 21 -12 19 -14 19 -12 19 -14 18 -12 16 -12 16 -11 17 -9 14 -11 17 -10 13 -9 14 -9 12 -10 12 -8 11 -8 12 -9 10 -8 10 -8 11 -7 10 -8 11 -6 9 -7 10 -7 8 -7 11 -6 8 -6 0 0 8 -4 8 -4 7 -4 7 -4 6 -4 7 -1 7 -4 6 -4 5 -3 7 1 7 0 6 -2 7 -2 8 -2 8 -2 8 2 9 0 8 1 8 1 9 -1 9 3 9 1 10 1 10 2 11 3 11 3 0 0 0 0 0 0 0 0 0 0 ]
465,1783415923.041196,10.0422,-80,CSI_DATA,AP,98:F4:AB:29:67:94,-80,11,1,3,1,1,1,0,0,0,0,-96,0,6,1,86637735,0,84,0,0,87.0208,384,[84 -64 4 0 0 0 0 0 0 0 0 0 18 9 19 7 18 9 17 8 18 8 14 8 14 7 13 6 13 6 13 7 15 5 12 4 12 8 13 5 11 4 13 6 11 5 11 2 10 3 10 4 10 5 9 4 8 3 8 2 7 5 8 2 0 0 7 5 6 3 6 3 6 2 5 3 6 4 5 3 5 3 3 4 5 3 5 4 3 3 3 2 4 3 6 5 5 4 4 5 5 5 4 6 5 6 2 8 4 7 4 8 4 8 4 8 2 8 0 0 0 0 0 0 0 0 0 0 ]
466,1783415923.169083,9.0909,-79,CSI_DATA,AP,98:F4:AB:29:67:94,-79,11,1,3,1,1,1,0,0,0,0,-96,0,6,1,86729976,0,84,0,0,87.1132,384,[84 -64 4 0 0 0 0 0 0 0 0 0 3 21 4 19 2 19 3 19 3 18 3 16 3 17 1 16 4 15 2 13 4 14 3 13 2 13 3 14 4 11 3 13 3 12 3 12 1 11 3 8 2 9 3 10 2 8 2 8 2 8 3 7 0 0 3 8 2 7 0 8 2 7 2 5 0 5 0 6 0 5 0 4 1 5 0 4 0 6 0 6 1 6 -1 7 -1 6 0 9 -1 7 -2 7 -2 9 -3 9 -3 8 -4 9 -3 10 -3 9 -5 9 0 0 0 0 0 0 0 0 0 0 ]
467,1783415923.296479,10.5836,-79,CSI_DATA,AP,98:F4:AB:29:67:94,-79,11,1,3,1,1,1,0,0,0,0,-96,0,6,1,86818557,0,84,0,0,87.2018,384,[84 -64 4 0 0 0 0 0 0 0 0 0 -22 -17 -19 -13 -19 -18 -16 -13 -17 -14 -16 -15 -16 -12 -15 -13 -13 -14 -15 -11 -12 -11 -13 -10 -15 -10 -14 -10 -12 -10 -12 -9 -10 -8 -10 -9 -10 -10 -13 -9 -8 -8 -10 -7 -9 -7 -7 -7 -10 -7 -8 -5 0 0 -8 -7 -8 -6 -7 -7 -6 -6 -6 -5 -5 -4 -4 -4 -4 -7 -6 -6 -5 -6 -5 -7 -5 -7 -5 -5 -4 -6 -3 -8 -4 -8 -6 -8 -1 -8 -2 -10 -3 -10 -5 -12 -3 -11 -2 -13 -2 -13 -3 -11 -3 -11 0 0 0 0 0 0 0 0 0 0 ]
468,1783415923.423602,9.7076,-80,CSI_DATA,AP,98:F4:AB:29:67:94,-80,11,1,3,1,1,1,0,0,0,0,-96,0,6,1,86907577,0,84,0,0,87.2907,384,[84 -64 4 0 0 0 0 0 0 0 0 0 13 -17 13 -15 14 -17 14 -15 14 -16 12 -12 9 -12 10 -14 10 -14 10 -12 9 -12 8 -13 8 -12 8 -12 6 -12 5 -13 5 -13 5 -11 6 -11 4 -10 3 -10 1 -9 3 -9 4 -9 4 -8 3 -9 0 0 2 -7 4 -8 3 -7 1 -6 2 -9 1 -7 1 -6 2 -5 3 -5 2 -6 4 -6 1 -6 4 -6 3 -6 3 -6 4 -6 4 -7 4 -7 6 -7 5 -6 7 -6 5 -6 8 -7 7 -7 9 -7 8 -7 0 0 0 0 0 0 0 0 0 0 ]
469,1783415923.549612,9.5500,-78,CSI_DATA,AP,98:F4:AB:29:67:94,-78,11,1,2,1,1,1,0,0,0,0,-96,0,6,1,87001015,0,84,0,0,87.3842,384,[84 -64 4 0 0 0 0 0 0 0 0 0 -9 19 -10 18 -10 20 -8 17 -8 18 -9 15 -9 15 -8 14 -8 16 -7 14 -6 14 -5 14 -5 15 -5 13 -4 12 -4 14 -2 12 -4 12 -4 10 -4 10 -4 11 -3 9 -3 9 -2 10 -3 9 -2 9 0 0 -2 7 -2 8 -2 7 -1 7 -2 6 -3 5 -4 5 -2 4 -3 5 -2 5 -1 6 -3 6 -2 6 -3 6 -5 6 -3 6 -5 7 -6 6 -6 6 -6 6 -7 5 -7 6 -8 8 -8 8 -7 9 -9 7 0 0 0 0 0 0 0 0 0 0 ]
470,1783415923.677372,9.2522,-78,CSI_DATA,AP,98:F4:AB:29:67:94,-78,11,1,2,1,1,1,0,0,0,0,-96,0,6,1,87093604,0,84,0,0,87.4768,384,[84 -64 4 0 0 0 0 0 0 0 0 0 21 -8 18 -6 19 -8 17 -6 18 -8 14 -5 16 -6 14 -6 16 -6 16 -4 15 -6 14 -4 14 -4 14 -6 12 -5 13 -7 12 -4 10 -5 10 -5 10 -5 9 -4 10 -5 8 -5 10 -4 9 -3 7 -5 0 0 6 -4 9 -6 7 -3 7 -3 6 -4 7 -3 6 -4 6 -3 6 -3 6 -2 6 -4 5 -1 6 -4 5 -1 7 -2 8 -2 8 -1 8 -1 8 1 8 -1 9 1 9 0 10 1 11 1 11 1 10 1 0 0 0 0 0 0 0 0 0 0 ]
471,1783415923.804237,9.8319,-79,CSI_DATA,AP,98:F4:AB:29:67:94,-79,11,1,3,1,1,1,0,0,0,0,-96,0,6,1,87178349,0,84,0,0,87.5615,384,[84 -64 4 0 0 0 0 0 0 0 0 0 -4 -24 -3 -24 -3 -23 -3 -21 -3 -20 -3 -20 -1 -20 -1 -20 0 -18 -3 -19 -2 -17 -3 -15 -4 -16 -3 -15 -3 -16 -1 -16 -5 -14 -4 -12 -3 -13 -3 -12 -2 -12 -2 -11 -3 -11 -2 -10 -4 -10 -4 -10 0 0 -2 -9 -4 -10 -2 -7 -2 -8 -2 -8 -2 -8 -1 -7 -2 -7 0 -8 -1 -6 -3 -6 -2 -7 -3 -8 0 -7 -1 -8 -1 -9 1 -10 1 -7 1 -8 2 -10 3 -9 3 -10 3 -11 2 -12 3 -10 3 -13 0 0 0 0 0 0 0 0 0 0 ]
472,1783415923.933368,11.4320,-79,CSI_DATA,AP,98:F4:AB:29:67:94,-79,11,1,3,1,1,1,0,0,0,0,-96,0,6,1,87274023,0,84,0,0,87.6572,384,[84 -64 4 0 0 0 0 0 0 0 0 0 -23 -6 -21 -6 -25 -4 -21 -6 -23 -5 -18 -4 -16 -5 -18 -5 -18 -5 -15 -4 -15 -3 -17 -3 -16 -5 -16 -5 -16 -5 -17 -3 -14 -3 -16 -3 -13 -3 -13 -2 -12 -4 -10 -3 -11 -2 -12 -2 -12 -2 -10 0 0 0 -10 -2 -8 -2 -10 -5 -7 -1 -6 -3 -5 -1 -9 -4 -7 -2 -5 -2 -7 -2 -6 -2 -6 -1 -8 -4 -7 -3 -8 -5 -9 -4 -8 -7 -7 -5 -8 -9 -6 -9 -8 -9 -8 -9 -7 -7 -6 -8 -7 -9 -9 -12 0 0 0 0 0 0 0 0 0 0 ]
473,1783415924.058473,10.8988,-79,CSI_DATA,AP,98:F4:AB:29:67:94,-79,11,1,3,1,1,1,0,0,0,0,-96,0,6,1,87359327,0,84,0,0,87.7425,384,[84 -64 4 0 0 0 0 0 0 0 0 0 -7 -21 -6 -20 -4 -23 -6 -19 -4 -19 -3 -18 -4 -18 -3 -16 -3 -14 -3 -16 -3 -15 -5 -15 -4 -13 -5 -13 -4 -14 -6 -15 -7 -11 -5 -11 -4 -13 -4 -11 -5 -10 -2 -12 -4 -9 -2 -8 -3 -9 -3 -8 0 0 -3 -9 -4 -8 -3 -6 -3 -6 -3 -6 -1 -7 -3 -6 -2 -7 -1 -7 -2 -8 -2 -7 -2 -6 -2 -6 0 -6 0 -7 0 -7 0 -9 0 -8 1 -7 2 -10 2 -9 2 -8 1 -10 2 -10 2 -11 1 -12 0 0 0 0 0 0 0 0 0 0 ]
474,1783415924.186710,9.2857,-79,CSI_DATA,AP,98:F4:AB:29:67:94,-79,11,1,3,1,1,1,0,0,0,0,-96,0,6,1,87448599,0,84,0,0,87.8317,384,[84 -64 4 0 0 0 0 0 0 0 0 0 16 14 16 13 15 13 14 12 13 10 11 13 12 14 11 11 11 10 13 11 12 8 11 7 12 7 12 8 10 8 11 8 10 7 6 7 8 6 6 4 9 7 7 4 7 5 7 6 7 3 7 4 0 0 4 5 7 4 5 6 4 4 4 4 4 5 4 6 3 5 2 5 2 3 4 4 3 4 4 6 2 5 3 6 3 7 3 6 1 7 2 8 0 9 3 9 0 10 1 8 1 10 0 9 1 10 0 0 0 0 0 0 0 0 0 0 ]
475,1783415924.313454,9.3801,-79,CSI_DATA,AP,98:F4:AB:29:67:94,-79,11,1,3,1,1,1,0,0,0,0,-96,0,6,1,87547925,0,84,0,0,87.9311,384,[84 -64 4 0 0 0 0 0 0 0 0 0 19 -14 18 -13 21 -11 18 -12 20 -13 17 -8 15 -11 14 -10 15 -7 14 -11 14 -11 13 -11 12 -11 11 -11 11 -11 11 -12 8 -9 9 -10 9 -9 9 -9 9 -6 9 -8 9 -6 7 -8 8 -7 6 -8 0 0 6 -7 6 -6 5 -6 6 -5 4 -6 6 -5 6 -6 6 -5 6 -3 6 -3 4 -4 7 -4 6 -5 5 -5 6 -2 7 -3 7 -3 8 -3 10 -1 8 -2 10 -2 10 -1 10 -3 11 -2 11 -3 14 -3 0 0 0 0 0 0 0 0 0 0 ]
476,1783415924.439594,9.1230,-79,CSI_DATA,AP,98:F4:AB:29:67:94,-79,11,1,3,1,1,1,0,0,0,0,-96,0,6,1,87627817,0,84,0,0,88.011,384,[84 -64 4 0 0 0 0 0 0 0 0 0 2 20 3 19 2 20 3 19 1 21 2 17 -2 18 2 15 3 18 3 14 3 14 3 13 3 13 2 14 3 12 3 14 3 11 1 10 3 10 3 10 2 10 2 8 3 7 4 8 2 9 3 8 0 0 5 7 3 5 1 7 2 6 2 5 2 7 1 5 2 6 1 5 2 4 0 6 2 4 0 7 0 7 0 7 0 7 0 7 -2 7 -1 6 -2 9 -2 9 -2 7 -2 10 -3 10 -2 10 -2 10 0 0 0 0 0 0 0 0 0 0 ]
477,1783415924.564368,9.6583,-79,CSI_DATA,AP,98:F4:AB:29:67:94,-79,11,1,3,1,1,1,0,0,0,0,-96,0,6,1,87717541,0,84,0,0,88.1007,384,[84 -64 4 0 0 0 0 0 0 0 0 0 14 -15 14 -14 15 -18 13 -14 13 -15 11 -14 11 -13 11 -10 9 -11 10 -11 9 -11 8 -12 9 -11 8 -11 6 -11 7 -12 7 -11 6 -10 5 -9 7 -9 6 -9 5 -10 6 -9 4 -8 4 -9 3 -8 0 0 3 -7 4 -7 4 -5 3 -7 4 -6 4 -6 5 -5 4 -5 4 -5 2 -4 3 -4 3 -4 3 -5 4 -5 5 -4 5 -5 6 -7 7 -5 7 -5 7 -5 6 -6 6 -6 10 -5 8 -3 9 -6 8 -4 0 0 0 0 0 0 0 0 0 0 ]
478,1783415924.691407,9.0369,-79,CSI_DATA,AP,98:F4:AB:29:67:94,-79,11,1,3,1,1,1,0,0,0,0,-96,0,6,1,87810724,0,84,0,0,88.1939,384,[84 -64 4 0 0 0 0 0 0 0 0 0 0 -21 3 -19 1 -22 3 -19 3 -18 2 -16 0 -18 2 -17 0 -15 2 -15 -2 -16 -1 -15 1 -14 -1 -15 -2 -14 -1 -13 -2 -11 -2 -11 -1 -11 -2 -11 0 -11 -3 -11 -2 -11 -3 -10 -2 -9 -3 -8 0 0 0 -8 -3 -8 -2 -7 -1 -7 -2 -8 0 -8 0 -6 -1 -7 -2 -6 0 -8 -1 -8 0 -6 0 -7 0 -7 -1 -8 -1 -8 1 -9 1 -8 1 -7 1 -8 3 -9 3 -9 2 -9 2 -10 4 -11 4 -11 0 0 0 0 0 0 0 0 0 0 ]
479,1783415924.818723,9.5104,-80,CSI_DATA,AP,98:F4:AB:29:67:94,-80,11,1,3,1,1,1,0,0,0,0,-96,0,6,1,87898297,0,84,0,0,88.2815,384,[84 -64 4 0 0 0 0 0 0 0 0 0 -11 -19 -11 -17 -10 -18 -9 -19 -9 -17 -7 -17 -8 -16 -8 -16 -10 -14 -8 -14 -9 -16 -7 -12 -9 -14 -8 -14 -8 -11 -7 -14 -7 -10 -7 -10 -6 -10 -5 -9 -7 -11 -5 -7 -6 -8 -4 -8 -6 -8 -6 -7 0 0 -4 -7 -5 -7 -4 -7 -4 -5 -3 -7 -5 -5 -3 -7 -3 -6 -3 -7 -3 -6 -3 -6 -3 -5 -3 -6 -3 -8 -1 -8 -2 -8 -1 -9 -1 -10 -2 -9 0 -8 0 -8 0 -11 0 -12 1 -10 0 -11 -2 -12 0 0 0 0 0 0 0 0 0 0 ]
480,1783415924.945256,9.4656,-80,CSI_DATA,AP,98:F4:AB:29:67:94,-80,11,1,3,1,1,1,0,0,0,0,-96,0,6,1,87989355,0,84,0,0,88.3725,384,[84 -64 4 0 0 0 0 0 0 0 0 0 -8 24 -7 20 -8 20 -7 20 -9 21 -5 16 -7 17 -5 17 -7 17 -4 16 -5 16 -3 15 -4 16 -4 15 -3 14 -3 17 -3 12 0 13 -3 13 0 10 -4 12 -2 13 -2 9 -2 11 -2 9 -3 9 0 0 -1 6 -1 8 -2 8 -3 8 -3 7 -2 6 -3 6 -2 6 -2 6 -1 6 -1 6 -3 5 -4 6 -4 6 -4 7 -4 6 -6 6 -4 6 -6 7 -7 6 -5 7 -8 8 -9 8 -9 8 -8 8 -8 8 0 0 0 0 0 0 0 0 0 0 ]
481,1783415925.074639,11.2380,-79,CSI_DATA,AP,98:F4:AB:29:67:94,-79,11,1,3,1,1,1,0,0,0,0,-96,0,6,1,88079840,0,84,0,0,88.463,384,[84 -64 4 0 0 0 0 0 0 0 0 0 -24 1 -22 1 -23 -1 -21 -1 -23 -1 -20 -2 -18 -3 -18 0 -18 1 -17 -2 -17 0 -19 0 -16 2 -16 2 -14 3 -17 2 -14 1 -14 2 -13 3 -11 1 -12 2 -11 0 -11 2 -11 1 -12 1 -9 3 0 0 -8 2 -9 2 -7 2 -9 1 -9 1 -9 1 -7 2 -5 0 -9 -1 -8 1 -8 1 -8 1 -8 1 -8 2 -10 -2 -9 1 -11 -2 -9 -4 -8 -4 -10 -4 -11 -2 -11 -4 -12 -4 -12 -2 -11 -3 -13 -3 0 0 0 0 0 0 0 0 0 0 ]
482,1783415925.204884,10.0550,-80,CSI_DATA,AP,98:F4:AB:29:67:94,-80,11,1,3,1,1,1,0,0,0,0,-96,0,6,1,88169400,0,84,0,0,88.5525,384,[84 -64 4 0 0 0 0 0 0 0 0 0 -22 1 -21 1 -22 1 -20 0 -19 1 -19 1 -16 0 -17 0 -16 0 -16 2 -16 3 -15 2 -14 3 -13 3 -14 2 -13 3 -13 2 -14 3 -11 1 -12 1 -10 2 -10 2 -9 0 -8 1 -8 2 -8 1 0 0 -9 1 -7 1 -6 2 -7 1 -8 0 -6 0 -9 0 -6 0 -5 1 -7 2 -7 -2 -5 0 -8 0 -9 0 -8 0 -8 -2 -7 -1 -8 -1 -8 -3 -9 -2 -9 -2 -10 -2 -10 -3 -12 -3 -12 -4 -12 -4 0 0 0 0 0 0 0 0 0 0 ]
483,1783415925.331061,8.0327,-81,CSI_DATA,AP,98:F4:AB:29:67:94,-81,11,1,3,1,1,1,0,0,0,0,-96,0,6,1,88257449,0,84,0,0,88.6406,384,[84 -64 4 0 0 0 0 0 0 0 0 0 -12 12 -13 12 -13 14 -12 12 -11 12 -10 12 -11 12 -11 11 -8 12 -8 9 -8 9 -7 11 -7 10 -10 14 -4 12 1 14 -6 14 -7 13 -16 11 -4 8 0 10 -3 8 0 8 -1 8 -1 7 -2 7 0 0 -2 7 -2 7 -2 5 -1 6 -1 4 -2 6 -2 5 -3 4 0 4 0 4 -3 6 -2 3 -1 6 -1 5 -2 6 -2 6 -3 7 -3 5 -2 7 -2 8 -3 6 -5 7 -3 8 -2 8 -2 9 -4 9 0 0 0 0 0 0 0 0 0 0 ]
484,1783415925.459455,8.6754,-79,CSI_DATA,AP,98:F4:AB:29:67:94,-79,11,1,3,1,1,1,0,0,0,0,-96,0,6,1,88349731,0,84,0,0,88.7329,384,[84 -64 4 0 0 0 0 0 0 0 0 0 21 -2 20 -1 20 -1 19 0 19 0 16 0 17 -1 15 1 17 0 17 -2 14 -1 14 -2 14 -1 13 -3 14 -4 13 -2 10 -1 11 -3 10 -2 10 -4 9 -3 10 -3 9 -3 11 -4 10 -2 8 -3 0 0 7 -1 8 -2 7 -2 6 -3 5 -1 8 -2 5 -1 7 -1 6 0 4 0 5 -1 7 -1 5 0 8 -1 6 0 7 -1 8 1 6 2 7 2 7 1 6 3 8 5 9 5 8 2 9 3 10 3 0 0 0 0 0 0 0 0 0 0 ]
485,1783415925.585683,9.4201,-79,CSI_DATA,AP,98:F4:AB:29:67:94,-79,11,1,3,1,1,1,0,0,0,0,-96,0,6,1,88438699,0,84,0,0,88.8219,384,[84 -64 4 0 0 0 0 0 0 0 0 0 10 -19 7 -17 9 -20 5 -16 9 -17 7 -14 9 -14 6 -14 6 -15 8 -14 5 -12 6 -14 7 -14 6 -12 5 -11 6 -12 4 -10 4 -11 4 -10 5 -10 4 -11 3 -9 4 -10 4 -9 4 -9 2 -8 0 0 3 -8 3 -8 2 -6 5 -8 4 -6 2 -8 3 -7 1 -2 4 -5 6 -5 4 -5 3 -5 4 -5 3 -4 4 -6 5 -6 8 -6 6 -5 6 -4 7 -4 7 -5 7 -4 10 -4 9 -6 9 -4 9 -5 0 0 0 0 0 0 0 0 0 0 ]
486,1783415925.712648,10.1347,-80,CSI_DATA,AP,98:F4:AB:29:67:94,-80,11,1,3,1,1,1,0,0,0,0,-96,0,6,1,88530367,0,84,0,0,88.9135,384,[84 -64 4 0 0 0 0 0 0 0 0 0 -16 -16 -13 -16 -15 -17 -11 -15 -10 -17 -10 -12 -10 -13 -10 -12 -11 -11 -11 -12 -11 -13 -12 -11 -11 -10 -12 -9 -10 -8 -10 -9 -11 -8 -11 -8 -9 -7 -9 -8 -11 -7 -9 -5 -8 -6 -8 -6 -9 -6 -7 -4 0 0 -7 -5 -6 -4 -7 -4 -6 -5 -6 -4 -5 -5 -6 -6 -5 -6 -4 -3 -6 -4 -6 -4 -4 -6 -4 -5 -5 -5 -6 -6 -6 -6 -5 -8 -5 -6 -5 -7 -5 -8 -5 -8 -4 -7 -5 -8 -7 -9 -7 -7 -7 -11 0 0 0 0 0 0 0 0 0 0 ]
487,1783415925.838648,9.5128,-79,CSI_DATA,AP,98:F4:AB:29:67:94,-79,11,1,3,1,1,1,0,0,0,0,-96,0,6,1,88622155,0,84,0,0,89.0053,384,[84 -64 4 0 0 0 0 0 0 0 0 0 7 20 7 18 5 17 5 19 6 19 5 17 4 14 4 16 6 14 4 14 7 12 5 13 6 11 6 12 6 11 5 11 6 11 6 11 5 10 4 8 4 9 6 8 4 7 5 6 5 7 4 7 0 0 4 7 3 8 2 5 4 4 2 5 1 5 2 5 2 5 2 4 1 4 2 5 3 4 2 6 0 6 2 6 1 7 2 8 1 6 -1 7 1 9 -1 9 -1 10 1 10 1 11 0 10 -1 10 0 0 0 0 0 0 0 0 0 0 ]
488,1783415925.965431,9.4780,-80,CSI_DATA,AP,98:F4:AB:29:67:94,-80,11,1,3,1,1,1,0,0,0,0,-96,0,6,1,88712740,0,84,0,0,89.0959,384,[84 -64 4 0 0 0 0 0 0 0 0 0 -17 -12 -17 -12 -17 -14 -14 -11 -14 -13 -14 -11 -16 -10 -13 -9 -16 -8 -12 -9 -13 -9 -13 -7 -14 -8 -12 -8 -12 -7 -13 -8 -11 -6 -11 -5 -11 -6 -11 -7 -10 -4 -10 -5 -10 -5 -10 -4 -8 -5 -10 -4 0 0 -8 -4 -8 -3 -8 -5 -7 -4 -6 -4 -6 -4 -7 -5 -6 -5 -6 -4 -6 -4 -5 -4 -4 -2 -7 -5 -5 -5 -6 -6 -5 -5 -6 -7 -4 -7 -5 -7 -7 -7 -5 -8 -6 -9 -4 -9 -4 -10 -6 -9 -7 -10 0 0 0 0 0 0 0 0 0 0 ]
489,1783415926.091117,9.3664,-80,CSI_DATA,AP,98:F4:AB:29:67:94,-80,11,1,3,1,1,1,0,0,0,0,-96,0,6,1,88800191,0,84,0,0,89.1834,384,[84 -64 4 0 0 0 0 0 0 0 0 0 -18 3 -16 2 -20 3 -17 3 -19 3 -18 1 -15 3 -15 2 -14 3 -14 3 -15 4 -13 6 -15 -1 -13 7 -11 8 -13 4 -10 2 -10 5 -12 5 -7 2 -11 2 -12 1 -9 3 -10 1 -9 -1 -11 2 0 0 -8 1 -10 1 -8 2 -8 1 -6 -2 -6 1 -7 1 -5 0 -5 1 -7 0 -7 0 -6 -1 -7 -2 -6 -2 -7 -2 -7 -3 -6 -1 -7 -4 -9 -3 -8 -4 -7 -5 -8 -4 -8 -6 -10 -4 -9 -6 -9 -5 0 0 0 0 0 0 0 0 0 0 ]
490,1783415926.219003,8.0383,-79,CSI_DATA,AP,98:F4:AB:29:67:94,-79,11,1,3,1,1,1,0,0,0,0,-96,0,6,1,88887543,0,84,0,0,89.2706,384,[84 -64 4 0 0 0 0 0 0 0 0 0 -14 16 -14 15 -15 15 -14 12 -13 11 -13 10 -10 10 -11 11 -11 12 -11 12 -10 10 -9 11 -9 11 -9 11 -9 11 -7 11 -8 11 -5 9 -7 10 -7 8 -6 9 -7 8 -6 8 -6 9 -5 5 -5 8 0 0 -6 8 -5 7 -4 6 -2 5 -6 3 -4 3 -4 5 -5 5 -5 5 -4 4 -5 3 -4 5 -5 4 -7 3 -7 5 -6 4 -6 3 -6 4 -8 3 -9 1 -7 2 -8 3 -9 4 -9 5 -9 3 -9 5 0 0 0 0 0 0 0 0 0 0 ]
491,1783415926.345848,8.9383,-79,CSI_DATA,AP,98:F4:AB:29:67:94,-79,11,1,3,1,1,1,0,0,0,0,-96,0,6,1,88977529,0,84,0,0,89.3607,384,[84 -64 4 0 0 0 0 0 0 0 0 0 1 25 0 21 0 21 2 18 -2 21 -2 19 2 19 0 18 -1 16 1 17 0 15 1 17 3 16 1 17 3 15 1 13 1 11 3 11 2 10 4 12 2 12 2 11 0 10 1 10 4 9 2 8 0 0 4 9 4 9 4 7 1 5 1 7 1 5 1 8 0 5 2 5 1 6 0 5 1 6 0 6 0 7 0 7 -1 7 0 10 -1 9 -1 8 -2 10 -3 9 -1 9 -1 9 -2 11 -3 11 -3 11 0 0 0 0 0 0 0 0 0 0 ]
492,1783415926.471969,8.5823,-80,CSI_DATA,AP,98:F4:AB:29:67:94,-80,11,1,3,1,1,1,0,0,0,0,-96,0,6,1,89064605,0,82,0,0,89.4478,384,[82 -96 4 0 0 0 0 0 0 0 0 0 -10 -21 -11 -17 -10 -21 -10 -17 -9 -20 -8 -16 -11 -17 -8 -16 -8 -14 -8 -16 -9 -13 -7 -13 -8 -13 -8 -12 -8 -11 -9 -12 -9 -10 -8 -11 -7 -10 -7 -8 -8 -9 -6 -10 -6 -6 -7 -9 -6 -7 -4 -8 0 0 -7 -6 -4 -8 -4 -8 -6 -6 -3 -5 -5 -7 -4 -6 -4 -5 -5 -6 -4 -6 -2 -5 -3 -4 -3 -5 -2 -6 -3 -6 -3 -7 -2 -9 -3 -7 -2 -9 -3 -9 -1 -9 -2 -10 -1 -12 -3 -10 -1 -11 -1 -12 0 0 0 0 0 0 0 0 0 0 ]
493,1783415926.598673,8.7769,-79,CSI_DATA,AP,98:F4:AB:29:67:94,-79,11,1,3,1,1,1,0,0,0,0,-96,0,6,1,89071810,0,84,0,0,89.4817,384,[84 -64 4 0 0 0 0 0 0 0 0 0 -19 -14 -17 -12 -19 -15 -18 -14 -19 -14 -15 -12 -15 -10 -14 -14 -15 -14 -14 -11 -12 -10 -15 -13 -13 -9 -14 -9 -13 -7 -12 -7 -12 -8 -12 -7 -12 -8 -12 -7 -10 -6 -11 -7 -11 -7 -10 -6 -12 -6 -8 -6 0 0 -8 -6 -8 -6 -6 -5 -8 -6 -6 -3 -5 -6 -5 -6 -6 -6 -5 -5 -5 -7 -6 -5 -6 -7 -4 -6 -7 -7 -6 -7 -4 -7 -3 -9 -5 -8 -1 -11 -2 -9 -2 -9 -2 -9 -2 -12 -4 -12 -4 -13 -5 -12 0 0 0 0 0 0 0 0 0 0 ]
494,1783415926.725915,9.5541,-78,CSI_DATA,AP,98:F4:AB:29:67:94,-78,11,1,2,1,1,1,0,0,0,0,-96,0,6,1,89159271,0,84,0,0,89.5424,384,[84 -64 4 0 0 0 0 0 0 0 0 0 -22 4 -19 4 -22 4 -20 3 -20 3 -17 2 -18 2 -17 1 -18 2 -18 2 -16 2 -14 2 -15 2 -14 5 -13 4 -14 4 -11 4 -12 4 -11 4 -12 4 -12 2 -12 3 -10 3 -11 3 -9 3 -10 2 0 0 -8 2 -9 2 -7 1 -8 3 -6 2 -7 0 -7 1 -7 2 -7 0 -8 0 -8 1 -6 1 -6 1 -8 1 -8 0 -9 1 -9 0 -8 -2 -9 -1 -9 -2 -11 -2 -10 -1 -11 -2 -11 -2 -11 -2 -11 -3 0 0 0 0 0 0 0 0 0 0 ]
495,1783415926.852880,9.7790,-79,CSI_DATA,AP,98:F4:AB:29:67:94,-79,11,1,3,1,1,1,0,0,0,0,-96,0,6,1,89247932,0,84,0,0,89.6311,384,[84 -64 4 0 0 0 0 0 0 0 0 0 -10 -20 -12 -21 -11 -21 -9 -19 -10 -19 -11 -18 -7 -19 -7 -16 -8 -17 -8 -18 -8 -16 -8 -15 -9 -16 -9 -15 -7 -13 -7 -14 -8 -13 -7 -11 -8 -12 -5 -12 -7 -10 -7 -11 -5 -8 -5 -11 -5 -12 -6 -10 0 0 -4 -9 -4 -6 -3 -7 -4 -8 -4 -7 -2 -8 -2 -7 -4 -8 -2 -5 -3 -6 0 -6 -1 -6 -3 -5 -1 -8 1 -7 0 -9 1 -10 2 -8 1 -8 1 -8 4 -9 4 -9 3 -10 3 -11 4 -13 3 -12 0 0 0 0 0 0 0 0 0 0 ]
496,1783415926.978017,16.0174,-73,CSI_DATA,AP,98:F4:AB:29:67:94,-73,11,0,0,0,0,0,0,0,0,0,-96,0,6,1,89343027,0,84,0,0,89.7263,128,[84 -64 4 0 0 0 0 0 0 0 0 0 -23 -38 -21 -34 -23 -37 -20 -34 -21 -31 -16 -32 -18 -29 -15 -27 -18 -30 -17 -27 -16 -24 -19 -25 -17 -23 -17 -22 -15 -21 -18 -22 -15 -17 -14 -19 -14 -18 -13 -15 -12 -17 -13 -16 -10 -16 -11 -16 -12 -16 -11 -13 0 0 -10 -14 -11 -15 -9 -12 -9 -14 -8 -11 -6 -10 -5 -11 -5 -11 -7 -10 -6 -11 -5 -12 -6 -12 -7 -14 -3 -13 -4 -14 -3 -15 -2 -17 0 -15 1 -16 1 -16 2 -17 3 -19 2 -21 2 -21 2 -20 3 -21 0 0 0 0 0 0 0 0 0 0 ]
497,1783415927.105907,13.4577,-79,CSI_DATA,AP,98:F4:AB:29:67:94,-79,11,1,3,1,1,1,0,0,0,0,-96,0,6,1,89427825,0,84,0,0,89.811,384,[84 -64 4 0 0 0 0 0 0 0 0 0 10 17 9 17 11 17 9 17 12 16 8 14 9 16 6 12 8 13 8 12 7 13 7 13 8 10 7 10 7 10 8 12 8 8 7 8 6 7 7 7 6 8 6 8 7 7 5 8 7 6 6 6 0 0 5 4 5 5 3 5 5 4 4 3 4 4 1 6 4 4 3 4 3 4 3 2 2 5 1 6 1 5 1 7 1 6 0 8 1 5 2 7 1 8 1 8 0 8 1 10 0 10 -1 11 0 11 0 0 0 0 0 0 0 0 0 0 ]
498,1783415927.232256,11.5900,-79,CSI_DATA,AP,98:F4:AB:29:67:94,-79,11,1,3,1,1,1,0,0,0,0,-96,0,6,1,89517466,0,84,0,0,89.9006,384,[84 -64 4 0 0 0 0 0 0 0 0 0 -14 -17 -14 -16 -16 -17 -13 -14 -13 -16 -10 -14 -11 -16 -10 -15 -11 -11 -9 -13 -10 -11 -10 -11 -11 -11 -8 -11 -8 -9 -9 -11 -8 -9 -10 -10 -10 -8 -9 -8 -8 -10 -9 -8 -7 -7 -6 -7 -6 -7 -7 -7 0 0 -5 -7 -5 -8 -6 -6 -5 -6 -3 -6 -4 -5 -3 -5 -4 -6 -2 -5 -3 -5 -3 -4 -3 -6 -4 -5 -3 -7 -5 -7 -2 -7 -2 -9 -2 -8 0 -9 -3 -9 -1 -8 -2 -7 -1 -10 -1 -10 -3 -10 -1 -10 0 0 0 0 0 0 0 0 0 0 ]
499,1783415927.362440,10.8306,-79,CSI_DATA,AP,98:F4:AB:29:67:94,-79,11,1,3,1,1,1,0,0,0,0,-96,0,6,1,89608106,0,84,0,0,89.9912,384,[84 -64 4 0 0 0 0 0 0 0 0 0 13 -17 13 -17 14 -17 10 -13 11 -15 9 -13 12 -14 12 -12 9 -14 9 -12 8 -14 8 -14 7 -13 8 -14 7 -12 6 -13 5 -10 6 -11 4 -10 7 -11 7 -9 6 -7 4 -9 1 -8 4 -10 4 -7 0 0 3 -7 3 -7 2 -6 4 -6 4 -7 2 -5 4 -6 3 -4 3 -5 2 -5 2 -5 2 -5 5 -5 4 -5 4 -6 4 -5 6 -6 7 -3 6 -4 6 -4 6 -2 7 -4 7 -4 8 -5 9 -6 8 -6 0 0 0 0 0 0 0 0 0 0 ]
500,1783415927.489913,8.5933,-79,CSI_DATA,AP,98:F4:AB:29:67:94,-79,11,1,3,1,1,1,0,0,0,0,-96,0,6,1,89700489,0,84,0,0,90.0837,384,[84 -64 4 0 0 0 0 0 0 0 0 0 6 20 5 19 4 20 4 19 4 18 4 17 4 16 7 15 5 15 3 16 5 14 5 15 5 13 4 14 7 11 4 12 4 10 6 9 3 9 4 10 3 8 3 9 5 9 3 7 4 7 3 7 0 0 4 5 4 6 2 7 3 4 2 5 3 6 1 5 0 6 2 3 2 4 1 4 0 6 1 7 2 6 1 7 -1 6 1 7 -1 8 -1 7 1 7 -1 8 -1 8 -2 8 -2 9 -3 10 -1 11 0 0 0 0 0 0 0 0 0 0 ]
501,1783415927.618145,8.1292,-79,CSI_DATA,AP,98:F4:AB:29:67:94,-79,11,1,3,1,1,1,0,0,0,0,-96,0,6,1,89788095,0,84,0,0,90.1713,384,[84 -64 4 0 0 0 0 0 0 0 0 0 -22 -4 -19 -3 -22 -3 -20 -2 -21 -2 -16 -4 -18 -3 -18 -4 -15 -3 -18 -1 -14 -3 -16 -3 -14 -2 -14 1 -12 -3 -14 -2 -12 -1 -13 -1 -11 -1 -11 -3 -11 -1 -11 0 -9 -2 -11 -1 -9 -1 -10 -2 0 0 -7 -1 -9 -2 -6 0 -7 -1 -7 -2 -7 -2 -6 -1 -7 -1 -5 -1 -8 -2 -7 -2 -6 -2 -6 -3 -7 -2 -6 -3 -7 -4 -9 -3 -7 -4 -9 -4 -8 -5 -7 -5 -6 -5 -8 -6 -9 -5 -9 -7 -7 -7 0 0 0 0 0 0 0 0 0 0 ]
502,1783415927.745532,7.6877,-79,CSI_DATA,AP,98:F4:AB:29:67:94,-79,11,1,3,1,1,1,0,0,0,0,-96,0,6,1,89879587,0,84,0,0,90.2628,384,[84 -64 4 0 0 0 0 0 0 0 0 0 22 1 20 4 20 2 19 2 17 3 15 2 17 2 16 0 12 2 16 1 15 1 15 -1 15 0 12 -2 13 0 14 -1 10 0 13 0 11 -1 11 -2 11 0 10 -1 10 -1 10 -2 9 -1 7 -2 0 0 7 -3 7 -2 7 -1 6 -2 5 -2 5 -3 5 -2 6 -1 5 0 4 -2 4 -1 6 -1 6 1 6 -2 8 -1 6 1 7 0 6 0 7 2 7 3 8 2 10 3 10 2 8 2 10 3 10 2 0 0 0 0 0 0 0 0 0 0 ]
503,1783415927.873683,7.8577,-79,CSI_DATA,AP,98:F4:AB:29:67:94,-79,11,1,3,1,1,1,0,0,0,0,-96,0,6,1,89972105,0,84,0,0,90.3553,384,[84 -64 4 0 0 0 0 0 0 0 0 0 -1 -24 1 -23 1 -23 0 -20 -2 -23 2 -17 -1 -19 2 -18 1 -20 -1 -17 -2 -16 -1 -19 -1 -17 -3 -17 -1 -17 -2 -15 -4 -15 -2 -14 -1 -12 0 -13 0 -10 -2 -14 -1 -10 -2 -11 -2 -10 -2 -12 0 0 -1 -8 -1 -10 -3 -8 -1 -9 -1 -9 1 -9 0 -7 0 -7 -1 -6 1 -8 0 -6 1 -7 2 -7 1 -8 2 -8 1 -8 2 -7 2 -9 3 -9 4 -9 2 -10 4 -10 4 -9 4 -13 4 -13 4 -12 0 0 0 0 0 0 0 0 0 0 ]
504,1783415928.002208,8.2981,-78,CSI_DATA,AP,98:F4:AB:29:67:94,-78,11,1,2,1,1,1,0,0,0,0,-96,0,6,1,90063555,0,84,0,0,90.4467,384,[84 -64 4 0 0 0 0 0 0 0 0 0 23 4 20 2 23 2 18 1 20 3 17 3 17 3 17 2 16 3 17 3 15 3 15 2 16 1 14 1 13 1 13 3 12 1 10 0 11 2 11 1 11 2 10 1 10 0 9 0 9 0 8 -1 0 0 7 1 7 1 7 0 6 2 5 2 6 0 6 2 5 1 6 2 5 3 6 1 5 2 5 3 5 3 6 2 6 4 6 6 5 6 5 5 5 7 4 7 5 6 5 7 7 9 5 8 7 9 0 0 0 0 0 0 0 0 0 0 ]
505,1783415928.129123,8.5638,-80,CSI_DATA,AP,98:F4:AB:29:67:94,-80,11,1,3,1,1,1,0,0,0,0,-96,0,6,1,90151951,0,84,0,0,90.5351,384,[84 -64 4 0 0 0 0 0 0 0 0 0 18 13 17 10 15 13 14 11 15 11 12 10 13 9 12 10 12 9 12 10 12 9 11 8 12 7 12 6 10 7 11 7 10 6 10 6 9 6 8 6 8 5 8 5 7 4 7 5 7 4 7 3 0 0 7 4 6 5 5 3 5 4 4 2 4 3 4 4 4 3 4 3 4 3 4 3 4 4 4 5 5 4 3 4 4 4 3 7 5 7 4 7 4 7 3 7 4 7 3 7 4 8 5 9 5 10 0 0 0 0 0 0 0 0 0 0 ]
506,1783415928.258018,9.6854,-79,CSI_DATA,AP,98:F4:AB:29:67:94,-79,11,1,3,1,1,1,0,0,0,0,-96,0,6,1,90242216,0,84,0,0,90.6254,384,[84 -64 4 0 0 0 0 0 0 0 0 0 22 0 21 2 20 1 18 3 19 3 16 1 15 -2 16 2 17 0 16 1 14 -1 13 2 13 0 13 1 12 -1 14 -2 11 -2 11 -3 10 -4 9 -2 9 -2 10 -2 10 -2 8 -2 8 -3 8 -1 0 0 7 -3 7 -4 7 -2 8 -2 6 -3 6 -2 4 -1 6 -1 5 -3 5 -2 5 -1 6 -2 7 0 5 -1 6 -3 6 -1 4 -1 7 2 8 1 8 1 9 2 8 1 9 2 10 1 10 0 11 1 0 0 0 0 0 0 0 0 0 0 ]
507,1783415928.386263,8.6654,-77,CSI_DATA,AP,98:F4:AB:29:67:94,-77,11,1,2,1,1,1,0,0,0,0,-96,0,6,1,90330513,0,84,0,0,90.7137,384,[84 -64 4 0 0 0 0 0 0 0 0 0 -30 -13 -27 -12 -32 -10 -28 -13 -29 -9 -27 -10 -23 -10 -23 -11 -23 -9 -22 -8 -22 -7 -24 -7 -20 -8 -21 -7 -20 -8 -21 -5 -18 -6 -18 -6 -16 -6 -17 -5 -14 -5 -14 -4 -15 -4 -14 -4 -15 -4 -12 -4 0 0 -14 -2 -12 -3 -12 -3 -8 -4 -8 -1 -8 -4 -10 -4 -7 -4 -9 -4 -8 -3 -9 -4 -11 -6 -10 -4 -9 -5 -8 -8 -9 -8 -9 -9 -10 -9 -10 -10 -8 -10 -8 -13 -11 -13 -11 -12 -11 -12 -12 -12 -12 -14 0 0 0 0 0 0 0 0 0 0 ]
508,1783415928.513478,7.9358,-79,CSI_DATA,AP,98:F4:AB:29:67:94,-79,11,1,3,1,1,1,0,0,0,0,-96,0,6,1,90418171,0,84,0,0,90.8013,384,[84 -64 4 0 0 0 0 0 0 0 0 0 -21 6 -19 5 -22 6 -20 5 -18 5 -15 4 -17 4 -18 4 -16 6 -14 4 -15 3 -12 4 -13 4 -16 5 -12 4 -13 5 -12 4 -11 5 -11 1 -9 5 -11 3 -11 5 -10 2 -9 5 -7 2 -10 3 0 0 -6 2 -8 0 -8 2 -6 4 -7 2 -6 1 -6 1 -7 1 -5 3 -6 2 -6 2 -7 1 -7 1 -7 1 -8 1 -7 0 -7 -1 -9 0 -10 0 -9 -2 -9 -3 -9 -1 -11 -3 -10 -1 -11 -4 -12 -2 0 0 0 0 0 0 0 0 0 0 ]
509,1783415928.641856,9.7881,-79,CSI_DATA,AP,98:F4:AB:29:67:94,-79,11,1,3,1,1,1,0,0,0,0,-96,0,6,1,90509736,0,84,0,0,90.8929,384,[84 -64 4 0 0 0 0 0 0 0 0 0 -24 -7 -21 -7 -24 -8 -20 -7 -23 -5 -19 -6 -16 -6 -17 -7 -18 -5 -16 -5 -19 -5 -16 -4 -17 -5 -16 -4 -16 -3 -17 -2 -14 -2 -16 -2 -13 -2 -12 -1 -13 -3 -12 -3 -10 -3 -10 -2 -11 -2 -9 -2 0 0 -11 -1 -9 -2 -9 -1 -8 -1 -7 -2 -7 -2 -7 -3 -7 -3 -7 -1 -6 -2 -6 -2 -8 -3 -8 -2 -7 -3 -8 -5 -9 -4 -8 -5 -8 -5 -7 -7 -8 -7 -7 -6 -8 -7 -9 -8 -9 -7 -9 -7 -11 -9 0 0 0 0 0 0 0 0 0 0 ]
510,1783415928.767096,10.2473,-79,CSI_DATA,AP,98:F4:AB:29:67:94,-79,11,1,3,1,1,1,0,0,0,0,-96,0,6,1,90597632,0,84,0,0,90.9808,384,[84 -64 4 0 0 0 0 0 0 0 0 0 -4 -26 -2 -22 -2 -25 0 -22 -1 -21 -2 -19 -3 -22 -1 -17 -3 -19 -1 -20 -2 -18 -3 -16 -5 -17 -4 -14 -4 -14 -4 -16 -5 -15 -4 -14 -4 -13 -5 -11 -4 -11 -5 -11 -4 -12 -3 -11 -3 -10 -3 -10 0 0 -3 -8 -6 -8 -3 -8 -4 -8 -2 -7 -4 -7 -5 -8 -3 -7 -4 -7 -3 -7 -4 -6 -2 -6 -1 -7 -1 -8 -1 -9 -2 -9 -1 -10 -1 -10 -1 -10 1 -9 2 -11 0 -11 1 -11 0 -11 2 -11 1 -14 0 0 0 0 0 0 0 0 0 0 ]
511,1783415928.896230,10.1324,-78,CSI_DATA,AP,98:F4:AB:29:67:94,-78,11,1,2,1,1,1,0,0,0,0,-96,0,6,1,90695250,0,84,0,0,91.0784,384,[84 -64 4 0 0 0 0 0 0 0 0 0 -2 -23 0 -21 -1 -20 0 -23 -3 -20 -2 -17 -1 -18 1 -18 -3 -17 -1 -17 -3 -16 -3 -18 -3 -16 -3 -15 -5 -15 -3 -14 -3 -15 -3 -12 -1 -13 -3 -12 -4 -12 -3 -12 -1 -9 -3 -10 -2 -9 -2 -10 0 0 -3 -9 -3 -8 -2 -8 -2 -6 -2 -8 -2 -9 -1 -8 -3 -6 -2 -7 -1 -5 -2 -7 -2 -6 -4 -7 -1 -10 0 -8 -1 -8 0 -9 1 -9 -1 -10 1 -10 3 -10 1 -10 1 -10 1 -12 1 -11 2 -13 0 0 0 0 0 0 0 0 0 0 ]
512,1783415929.024302,10.4957,-79,CSI_DATA,AP,98:F4:AB:29:67:94,-79,11,1,3,1,1,1,0,0,0,0,-96,0,6,1,90781069,0,84,0,0,91.1642,384,[84 -64 4 0 0 0 0 0 0 0 0 0 -20 8 -19 5 -20 6 -19 6 -20 5 -18 6 -17 5 -16 5 -15 5 -17 5 -14 6 -13 6 -12 6 -14 5 -13 4 -13 6 -11 5 -12 3 -10 5 -11 6 -11 3 -10 3 -8 4 -9 4 -9 5 -7 4 0 0 -7 4 -8 3 -8 4 -8 4 -8 4 -7 2 -6 3 -6 0 -5 2 -8 1 -7 3 -7 3 -4 1 -6 1 -6 1 -8 1 -8 1 -8 0 -9 -1 -9 0 -9 -1 -11 -3 -10 -1 -11 0 -11 -1 -11 0 0 0 0 0 0 0 0 0 0 0 ]
513,1783415929.152472,10.1556,-79,CSI_DATA,AP,98:F4:AB:29:67:94,-79,11,1,3,1,1,1,0,0,0,0,-96,0,6,1,90869374,0,84,0,0,91.2526,384,[84 -64 4 0 0 0 0 0 0 0 0 0 10 -19 11 -18 10 -19 8 -17 9 -15 7 -15 8 -16 8 -15 6 -15 6 -14 6 -15 5 -16 6 -14 5 -12 3 -12 6 -12 4 -11 4 -11 6 -11 4 -11 4 -10 3 -11 2 -9 3 -9 3 -9 3 -9 0 0 2 -11 2 -10 3 -8 3 -7 2 -7 2 -6 2 -6 0 -7 3 -6 2 -6 0 -6 3 -5 2 -8 4 -6 3 -6 2 -5 6 -6 6 -6 5 -5 6 -6 6 -6 8 -5 8 -7 8 -6 8 -7 6 -7 0 0 0 0 0 0 0 0 0 0 ]
514,1783415929.277697,11.0066,-79,CSI_DATA,AP,98:F4:AB:29:67:94,-79,11,1,3,1,1,1,0,0,0,0,-96,0,6,1,90964079,0,84,0,0,91.3472,384,[84 -64 4 0 0 0 0 0 0 0 0 0 -15 -15 -14 -13 -17 -15 -13 -14 -14 -15 -11 -11 -12 -12 -13 -12 -11 -10 -11 -9 -11 -10 -13 -11 -11 -10 -13 -11 -11 -8 -13 -8 -11 -6 -10 -6 -9 -6 -10 -6 -9 -6 -10 -6 -8 -5 -9 -5 -10 -6 -8 -6 0 0 -7 -4 -8 -4 -6 -5 -7 -5 -6 -6 -5 -5 -5 -5 -6 -3 -3 -4 -6 -5 -5 -2 -6 -4 -5 -7 -5 -5 -7 -6 -6 -4 -5 -7 -5 -8 -5 -6 -4 -7 -4 -8 -5 -8 -5 -9 -4 -8 -4 -9 -5 -11 0 0 0 0 0 0 0 0 0 0 ]
515,1783415929.405543,10.4994,-79,CSI_DATA,AP,98:F4:AB:29:67:94,-79,11,1,3,1,1,1,0,0,0,0,-96,0,6,1,91048285,0,84,0,0,91.4315,384,[84 -64 4 0 0 0 0 0 0 0 0 0 21 -1 17 1 20 0 18 1 18 0 16 2 17 2 15 2 16 1 15 2 16 -1 15 0 14 -2 16 -2 14 -1 14 -2 12 -2 11 -3 10 -3 11 0 10 -1 10 -1 9 0 10 -2 10 -1 9 -2 0 0 8 0 8 -1 6 0 7 -1 6 0 6 0 5 0 4 1 5 0 7 0 5 0 6 1 5 1 6 2 6 2 7 1 7 3 7 2 7 4 7 4 8 4 7 4 6 4 9 4 9 4 8 3 0 0 0 0 0 0 0 0 0 0 ]
516,1783415929.532645,10.9514,-80,CSI_DATA,AP,98:F4:AB:29:67:94,-80,11,1,3,1,1,1,0,0,0,0,-96,0,6,1,91142172,0,84,0,0,91.5253,384,[84 -64 4 0 0 0 0 0 0 0 0 0 21 -13 18 -10 19 -10 18 -11 17 -10 15 -11 16 -8 16 -9 14 -8 14 -8 14 -11 13 -8 14 -10 14 -11 14 -9 12 -7 11 -10 11 -9 11 -8 11 -7 10 -6 9 -8 9 -5 7 -7 8 -8 5 -7 0 0 7 -7 8 -5 6 -5 8 -8 8 -3 5 -4 5 -4 5 -2 5 -3 4 -2 6 -5 6 -4 4 -2 8 -2 8 -3 8 -2 8 -1 8 -2 10 -2 7 0 9 1 9 0 10 1 12 1 9 0 13 0 0 0 0 0 0 0 0 0 0 0 ]
517,1783415929.657499,10.8774,-79,CSI_DATA,AP,98:F4:AB:29:67:94,-79,11,1,3,1,1,1,0,0,0,0,-96,0,6,1,91232382,0,84,0,0,91.6156,384,[84 -64 4 0 0 0 0 0 0 0 0 0 11 -19 12 -17 13 -17 11 -14 11 -16 8 -15 9 -15 10 -13 6 -13 7 -14 8 -13 6 -14 7 -12 5 -14 5 -12 5 -12 5 -13 4 -12 5 -11 3 -11 2 -12 4 -10 3 -9 4 -9 4 -10 2 -9 0 0 1 -8 2 -8 3 -7 2 -8 2 -7 4 -7 1 -5 1 -5 2 -6 2 -6 1 -7 2 -7 3 -6 2 -6 4 -7 3 -7 5 -8 4 -6 4 -6 4 -6 5 -6 7 -7 6 -7 5 -9 6 -8 6 -9 0 0 0 0 0 0 0 0 0 0 ]
518,1783415929.786791,9.4625,-79,CSI_DATA,AP,98:F4:AB:29:67:94,-79,11,1,3,1,1,1,0,0,0,0,-96,0,6,1,91320609,0,84,0,0,91.7038,384,[84 -64 4 0 0 0 0 0 0 0 0 0 -14 -16 -13 -15 -12 -17 -12 -14 -12 -16 -11 -13 -12 -15 -12 -13 -11 -10 -11 -11 -10 -10 -12 -10 -11 -11 -11 -10 -11 -10 -11 -10 -10 -8 -11 -9 -9 -9 -10 -8 -7 -6 -8 -6 -7 -6 -8 -7 -7 -5 -6 -5 0 0 -9 -5 -8 -5 -7 -5 -6 -4 -5 -4 -5 -5 -4 -4 -4 -5 -6 -6 -5 -7 -5 -5 -5 -4 -5 -4 -5 -5 -6 -7 -6 -6 -6 -7 -5 -8 -5 -6 -5 -9 -6 -9 -4 -9 -6 -10 -4 -9 -4 -10 -6 -10 0 0 0 0 0 0 0 0 0 0 ]
519,1783415929.913145,9.3716,-78,CSI_DATA,AP,98:F4:AB:29:67:94,-78,11,1,2,1,1,1,0,0,0,0,-96,0,6,1,91412177,0,84,0,0,91.7954,384,[84 -64 4 0 0 0 0 0 0 0 0 0 -13 14 -11 13 -12 14 -11 13 -12 11 -10 10 -11 11 -11 10 -9 10 -10 9 -9 10 -9 10 -9 10 -9 11 -7 8 -9 9 -7 8 -7 9 -7 8 -6 7 -6 7 -7 7 -6 6 -6 7 -7 6 -5 6 0 0 -6 6 -5 7 -4 5 -4 5 -4 3 -6 4 -5 4 -5 2 -5 4 -4 3 -4 3 -5 2 -6 4 -6 3 -6 3 -7 3 -8 3 -7 1 -9 2 -8 2 -8 1 -10 0 -10 2 -9 2 -11 2 -10 2 0 0 0 0 0 0 0 0 0 0 ]
520,1783415930.039709,9.0355,-79,CSI_DATA,AP,98:F4:AB:29:67:94,-79,11,1,3,1,1,1,0,0,0,0,-96,0,6,1,91497605,0,84,0,0,91.8808,384,[84 -64 4 0 0 0 0 0 0 0 0 0 3 22 3 19 3 21 3 20 0 19 1 18 2 16 3 14 1 16 1 15 4 15 2 13 4 13 2 12 3 13 2 12 2 11 1 11 2 11 2 11 2 9 3 9 2 9 2 8 3 9 3 9 0 0 1 7 3 7 0 8 2 6 1 6 1 3 1 5 0 5 0 6 0 4 -1 5 0 5 1 8 -1 6 -1 7 -1 7 -1 7 -1 7 -2 8 -3 8 -3 7 -2 7 -2 9 -2 10 -5 7 -3 10 0 0 0 0 0 0 0 0 0 0 ]
521,1783415930.167351,8.0422,-79,CSI_DATA,AP,98:F4:AB:29:67:94,-79,11,1,3,1,1,1,0,0,0,0,-96,0,6,1,91587835,0,84,0,0,91.971,384,[84 -64 4 0 0 0 0 0 0 0 0 0 -6 -21 -5 -19 -7 -21 -5 -19 -9 -18 -5 -17 -4 -16 -5 -16 -5 -15 -3 -18 -6 -15 -5 -15 -5 -14 -8 -15 -6 -11 -7 -14 -5 -12 -7 -12 -3 -11 -5 -8 -5 -10 -6 -7 -4 -9 -4 -9 -4 -7 -3 -9 0 0 -4 -8 -3 -8 -5 -8 -3 -8 -2 -6 -2 -6 -3 -7 -2 -6 -2 -4 -3 -7 -1 -7 -1 -6 -1 -6 -2 -7 -3 -8 -2 -8 -1 -8 1 -6 -2 -9 -1 -8 0 -10 -1 -7 1 -11 1 -12 0 -11 1 -12 0 0 0 0 0 0 0 0 0 0 ]
522,1783415930.297135,9.5236,-78,CSI_DATA,AP,98:F4:AB:29:67:94,-78,11,1,2,1,1,1,0,0,0,0,-96,0,6,1,91680966,0,84,0,0,92.0642,384,[84 -64 4 0 0 0 0 0 0 0 0 0 -3 -26 0 -24 0 -26 0 -24 0 -23 2 -19 0 -21 -1 -21 0 -19 -1 -19 -1 -20 -2 -17 -1 -19 -3 -18 0 -15 -3 -17 -4 -15 -4 -15 -2 -13 -3 -16 -1 -12 -3 -13 -3 -11 -3 -12 -2 -11 -3 -11 0 0 -1 -9 -3 -10 -3 -10 -2 -9 -1 -8 -3 -9 0 -8 -2 -8 0 -7 -1 -7 0 -8 -3 -7 -2 -7 -2 -8 -1 -9 0 -10 0 -10 1 -8 0 -11 1 -10 2 -10 2 -11 3 -13 2 -12 1 -12 2 -13 0 0 0 0 0 0 0 0 0 0 ]
523,1783415930.424465,10.3120,-79,CSI_DATA,AP,98:F4:AB:29:67:94,-79,11,1,3,1,1,1,0,0,0,0,-96,0,6,1,91768390,0,84,0,0,92.1516,384,[84 -64 4 0 0 0 0 0 0 0 0 0 -10 -22 -10 -20 -9 -18 -10 -17 -9 -16 -7 -17 -7 -16 -6 -16 -5 -14 -7 -13 -7 -15 -9 -14 -5 -14 -6 -12 -5 -11 -7 -12 -6 -12 -6 -13 -7 -11 -4 -10 -4 -10 -4 -10 -4 -8 -5 -8 -4 -10 -5 -8 0 0 -4 -9 -4 -8 -3 -7 -3 -6 -1 -7 -3 -6 -1 -6 -1 -7 -2 -5 -2 -6 -1 -5 -1 -8 -2 -6 -2 -7 -1 -8 0 -7 -1 -6 1 -7 3 -9 2 -9 2 -8 4 -9 2 -9 3 -12 2 -10 3 -11 0 0 0 0 0 0 0 0 0 0 ]
524,1783415930.549900,9.5438,-79,CSI_DATA,AP,98:F4:AB:29:67:94,-79,11,1,3,1,1,1,0,0,0,0,-96,0,6,1,91859687,0,84,0,0,92.2428,384,[84 -64 4 0 0 0 0 0 0 0 0 0 0 22 0 19 0 20 -1 18 -1 17 1 17 -1 18 1 13 -1 16 0 15 0 15 1 14 0 13 -1 14 0 12 1 13 1 11 0 12 3 12 2 9 2 11 2 9 1 11 -1 9 1 8 2 9 0 0 2 8 0 8 1 6 1 6 2 5 0 5 0 4 0 6 0 6 0 5 -1 6 -1 5 0 6 -1 6 -1 7 -3 7 -3 7 -4 7 -3 6 -4 8 -4 7 -4 8 -6 9 -6 9 -7 9 -6 10 0 0 0 0 0 0 0 0 0 0 ]
525,1783415930.677886,9.7268,-79,CSI_DATA,AP,98:F4:AB:29:67:94,-79,11,1,3,1,1,1,0,0,0,0,-96,0,6,1,91947398,0,84,0,0,92.3306,384,[84 -64 4 0 0 0 0 0 0 0 0 0 -19 -11 -18 -11 -19 -10 -16 -10 -18 -11 -16 -10 -15 -9 -14 -10 -13 -6 -14 -9 -15 -9 -15 -8 -12 -7 -13 -7 -11 -6 -15 -5 -12 -5 -10 -6 -10 -5 -11 -5 -10 -5 -10 -3 -10 -4 -9 -4 -9 -4 -8 -3 0 0 -8 -3 -8 -4 -8 -4 -8 -1 -6 -3 -7 -4 -6 -4 -6 -3 -6 -3 -6 -3 -6 -3 -5 -4 -6 -3 -6 -5 -7 -4 -5 -5 -6 -5 -5 -5 -7 -7 -5 -7 -6 -8 -5 -7 -6 -9 -7 -8 -7 -9 -7 -8 0 0 0 0 0 0 0 0 0 0 ]
526,1783415930.804878,9.5241,-79,CSI_DATA,AP,98:F4:AB:29:67:94,-79,11,1,3,1,1,1,0,0,0,0,-96,0,6,1,92040955,0,84,0,0,92.4241,384,[84 -64 4 0 0 0 0 0 0 0 0 0 -12 -19 -12 -19 -11 -18 -12 -17 -10 -17 -9 -14 -9 -14 -8 -14 -8 -14 -8 -14 -9 -14 -8 -13 -9 -13 -8 -13 -7 -12 -9 -13 -7 -12 -7 -11 -6 -10 -6 -10 -6 -12 -7 -11 -6 -9 -6 -10 -4 -8 -6 -8 0 0 -4 -7 -5 -7 -4 -8 -4 -8 -3 -5 -2 -7 -3 -5 -2 -5 -2 -6 -3 -6 -2 -5 -1 -6 -3 -7 -1 -7 -2 -7 -1 -6 0 -8 -1 -9 1 -8 0 -7 1 -7 0 -10 1 -10 2 -9 2 -9 1 -11 0 0 0 0 0 0 0 0 0 0 ]
527,1783415930.931879,9.0898,-78,CSI_DATA,AP,98:F4:AB:29:67:94,-78,11,1,2,1,1,1,0,0,0,0,-96,0,6,1,92128975,0,84,0,0,92.5122,384,[84 -64 4 0 0 0 0 0 0 0 0 0 -9 20 -10 18 -11 18 -10 16 -9 18 -9 14 -8 15 -9 13 -8 14 -8 14 -6 13 -6 15 -6 14 -5 14 -5 13 -8 13 -6 13 -6 12 -4 11 -4 11 -3 10 -5 10 -4 9 -3 10 -4 8 -3 9 0 0 -4 7 -4 8 -5 7 -2 8 -3 5 -2 4 -4 5 -3 4 -4 5 -3 4 -3 5 -2 4 -3 6 -3 5 -5 5 -5 5 -7 7 -5 5 -8 6 -6 4 -7 6 -8 5 -9 6 -8 7 -10 7 -11 8 0 0 0 0 0 0 0 0 0 0 ]
528,1783415931.058544,8.8079,-79,CSI_DATA,AP,98:F4:AB:29:67:94,-79,11,1,3,1,1,1,0,0,0,0,-96,0,6,1,92217931,0,84,0,0,92.6011,384,[84 -64 4 0 0 0 0 0 0 0 0 0 20 8 18 7 19 9 18 7 18 7 13 6 15 6 15 6 14 4 13 3 14 5 13 5 14 3 14 3 12 3 14 2 11 3 10 3 11 2 11 2 10 2 10 1 9 0 9 0 9 2 9 2 0 0 7 1 7 0 8 0 7 0 4 1 5 2 4 0 4 -1 6 0 6 0 5 2 4 0 4 1 6 1 7 2 9 2 8 2 5 2 6 3 5 2 5 5 8 4 8 5 8 5 9 5 7 6 0 0 0 0 0 0 0 0 0 0 ]
529,1783415931.185786,9.8220,-79,CSI_DATA,AP,98:F4:AB:29:67:94,-79,11,1,3,1,1,1,0,0,0,0,-96,0,6,1,92308735,0,84,0,0,92.6919,384,[84 -64 4 0 0 0 0 0 0 0 0 0 23 11 20 10 21 10 18 7 17 9 17 8 16 9 14 9 15 7 16 8 15 6 14 5 15 5 15 6 12 5 15 5 13 4 12 5 10 3 11 5 11 4 10 3 8 4 7 3 10 4 9 2 0 0 7 2 9 2 8 2 7 2 6 2 6 3 6 3 6 2 6 3 6 3 4 1 5 3 6 2 5 3 6 4 6 5 5 6 5 7 6 7 5 5 6 7 6 8 5 7 6 7 6 9 7 10 0 0 0 0 0 0 0 0 0 0 ]
530,1783415931.313663,10.4166,-79,CSI_DATA,AP,98:F4:AB:29:67:94,-79,11,1,3,1,1,1,0,0,0,0,-96,0,6,1,92399340,0,84,0,0,92.7825,384,[84 -64 4 0 0 0 0 0 0 0 0 0 -11 -21 -9 -20 -10 -20 -10 -20 -10 -21 -10 -18 -11 -16 -11 -17 -9 -16 -9 -16 -8 -14 -10 -15 -10 -14 -11 -14 -8 -13 -11 -12 -11 -12 -9 -10 -11 -10 -7 -11 -7 -11 -7 -9 -7 -8 -7 -9 -8 -7 -7 -10 0 0 -10 -6 -7 -7 -4 -7 -6 -5 -4 -6 -5 -4 -5 -4 -5 -5 -4 -2 -6 -5 -6 -5 -3 -5 -5 -7 -5 -7 -6 -7 -6 -7 -6 -7 -5 -7 -3 -11 -2 -9 -5 -8 -4 -11 -5 -10 -6 -12 -6 -10 -7 -12 0 0 0 0 0 0 0 0 0 0 ]
531,1783415931.439038,9.9416,-78,CSI_DATA,AP,98:F4:AB:29:67:94,-78,11,1,2,1,1,1,0,0,0,0,-96,0,6,1,92492734,0,84,0,0,92.8759,384,[84 -64 4 0 0 0 0 0 0 0 0 0 -18 13 -17 12 -17 11 -16 12 -15 12 -15 9 -14 10 -15 9 -14 9 -12 9 -12 11 -12 9 -11 8 -12 8 -10 9 -10 10 -9 9 -9 9 -9 7 -9 7 -9 6 -8 6 -8 5 -8 8 -7 6 -6 6 0 0 -6 4 -8 5 -6 5 -5 5 -6 3 -6 4 -6 4 -6 3 -5 3 -5 3 -4 3 -6 3 -7 2 -6 3 -8 3 -8 2 -8 3 -10 1 -10 0 -9 0 -10 1 -10 1 -10 1 -11 1 -11 0 -12 2 0 0 0 0 0 0 0 0 0 0 ]
532,1783415931.568291,9.6057,-80,CSI_DATA,AP,98:F4:AB:29:67:94,-80,11,1,3,1,1,1,0,0,0,0,-96,0,6,1,92578482,0,84,0,0,92.9615,384,[84 -64 4 0 0 0 0 0 0 0 0 0 -18 12 -16 13 -18 11 -17 10 -15 12 -14 11 -14 10 -11 9 -13 8 -12 9 -13 9 -12 8 -11 11 -12 8 -11 9 -14 8 -10 6 -9 9 -8 7 -8 6 -8 6 -8 7 -7 6 -6 5 -7 5 -7 5 0 0 -5 4 -7 3 -6 3 -5 4 -5 4 -5 3 -6 2 -5 2 -7 3 -4 2 -6 1 -6 2 -5 1 -6 2 -8 3 -7 0 -8 1 -8 -1 -8 1 -9 0 -9 0 -10 -1 -9 -1 -10 0 -10 -2 -12 0 0 0 0 0 0 0 0 0 0 0 ]
533,1783415931.698560,8.5898,-80,CSI_DATA,AP,98:F4:AB:29:67:94,-80,11,1,3,1,1,1,0,0,0,0,-96,0,6,1,92669970,0,84,0,0,93.0531,384,[84 -64 4 0 0 0 0 0 0 0 0 0 -18 -14 -15 -11 -15 -13 -15 -11 -15 -11 -13 -10 -14 -11 -13 -11 -13 -10 -13 -11 -10 -9 -13 -8 -12 -10 -13 -7 -13 -7 -11 -7 -9 -6 -11 -7 -10 -5 -10 -5 -10 -5 -8 -5 -9 -6 -8 -5 -7 -4 -6 -6 0 0 -7 -5 -8 -4 -7 -5 -7 -3 -6 -3 -6 -5 -5 -4 -5 -3 -5 -4 -3 -5 -5 -5 -5 -5 -4 -5 -5 -5 -4 -6 -6 -6 -4 -6 -3 -7 -5 -7 -3 -8 -3 -8 -4 -10 -4 -9 -5 -9 -3 -10 -5 -12 0 0 0 0 0 0 0 0 0 0 ]
534,1783415931.824884,8.0105,-80,CSI_DATA,AP,98:F4:AB:29:67:94,-80,11,1,3,1,1,1,0,0,0,0,-96,0,6,1,92757686,0,84,0,0,93.1409,384,[84 -64 4 0 0 0 0 0 0 0 0 0 18 14 13 13 16 12 13 10 13 10 13 12 13 11 11 11 12 10 12 11 11 8 12 8 12 8 12 6 10 7 11 6 9 6 9 5 11 4 10 5 7 6 7 3 8 2 7 2 8 3 8 2 0 0 7 1 6 3 5 3 5 3 5 3 5 3 2 2 5 3 4 2 3 2 4 3 4 3 4 2 3 3 6 3 5 2 5 3 4 5 4 4 6 5 3 7 4 7 6 8 6 7 5 9 6 8 0 0 0 0 0 0 0 0 0 0 ]
535,1783415931.951662,9.0429,-79,CSI_DATA,AP,98:F4:AB:29:67:94,-79,11,1,3,1,1,1,0,0,0,0,-96,0,6,1,92850052,0,84,0,0,93.2333,384,[84 -64 4 0 0 0 0 0 0 0 0 0 10 -21 9 -20 10 -21 10 -18 11 -17 8 -17 8 -17 7 -17 8 -17 7 -17 7 -17 6 -17 4 -15 4 -14 5 -13 5 -14 5 -14 3 -14 3 -14 3 -12 3 -11 2 -10 2 -9 2 -11 2 -10 1 -10 0 0 1 -10 0 -8 2 -9 1 -8 2 -7 1 -7 1 -6 2 -7 2 -6 1 -6 2 -4 1 -7 2 -6 3 -6 4 -8 3 -8 5 -8 3 -7 5 -8 6 -8 6 -8 7 -9 6 -10 6 -9 6 -10 10 -9 0 0 0 0 0 0 0 0 0 0 ]
536,1783415932.076206,9.0123,-73,CSI_DATA,AP,98:F4:AB:29:67:94,-73,11,0,0,0,0,0,0,0,0,0,-96,0,6,1,92941992,0,84,0,0,93.3253,128,[84 -64 4 0 0 0 0 0 0 0 0 0 -16 -41 -15 -38 -15 -41 -15 -38 -13 -38 -12 -33 -14 -32 -10 -30 -12 -31 -13 -28 -13 -30 -13 -28 -12 -26 -11 -25 -13 -23 -14 -24 -10 -21 -13 -22 -9 -20 -10 -20 -10 -18 -9 -19 -10 -18 -11 -15 -12 -16 -9 -14 0 0 -9 -14 -9 -15 -8 -13 -9 -13 -5 -10 -6 -13 -6 -13 -3 -9 -6 -10 -5 -11 -6 -12 -4 -11 -5 -13 -3 -12 -2 -13 -2 -15 -1 -17 0 -15 1 -17 -1 -17 3 -17 3 -17 2 -20 2 -19 3 -21 1 -21 0 0 0 0 0 0 0 0 0 0 ]
537,1783415932.204205,9.7933,-76,CSI_DATA,AP,98:F4:AB:29:67:94,-76,11,1,2,1,1,1,0,0,0,0,-96,0,6,1,93029274,0,84,0,0,93.4125,384,[84 -64 4 0 0 0 0 0 0 0 0 0 -21 -8 -20 -8 -21 -9 -18 -9 -18 -9 -13 -10 -15 -9 -13 -10 -15 -10 -12 -11 -10 -10 -12 -8 -12 -11 -6 -13 -9 -6 3 -12 -6 -22 -13 -13 -23 3 -7 -12 -7 -9 -4 -11 -4 -9 -5 -7 -5 -9 -4 -9 0 0 -3 -8 -2 -10 -4 -9 -1 -6 0 -6 -2 -8 1 -5 1 -3 2 -7 1 -7 4 -5 2 -6 2 -4 3 -5 4 -6 5 -6 6 -6 6 -4 6 -4 7 -4 9 -3 9 -1 9 -2 9 -2 9 -1 11 0 0 0 0 0 0 0 0 0 0 0 ]
538,1783415932.328862,9.2495,-79,CSI_DATA,AP,98:F4:AB:29:67:94,-79,11,1,3,1,1,1,0,0,0,0,-96,0,6,1,93122409,0,84,0,0,93.5056,384,[84 -64 4 0 0 0 0 0 0 0 0 0 -2 -22 -1 -20 -2 -22 -2 -19 -2 -19 0 -18 0 -18 2 -16 -2 -17 0 -17 -1 -16 -2 -16 0 -15 -4 -14 -1 -11 -4 -14 -2 -13 -3 -12 -2 -12 -3 -12 -1 -10 -1 -11 -1 -11 -1 -10 -2 -8 -4 -8 0 0 -2 -7 -2 -7 -2 -6 -2 -7 -3 -7 -2 -7 -1 -6 -2 -7 -1 -6 -1 -7 -2 -5 -1 -5 1 -6 -1 -7 0 -7 -1 -7 1 -9 2 -7 2 -9 2 -8 2 -8 3 -8 3 -10 3 -10 0 -10 4 -11 0 0 0 0 0 0 0 0 0 0 ]
539,1783415932.457023,8.7051,-80,CSI_DATA,AP,98:F4:AB:29:67:94,-80,11,1,3,1,1,1,0,0,0,0,-96,0,6,1,93208905,0,84,0,0,93.5921,384,[84 -64 4 0 0 0 0 0 0 0 0 0 -16 14 -14 12 -16 14 -12 11 -15 13 -11 11 -14 12 -12 12 -12 13 -14 10 -12 10 -11 10 -11 10 -12 10 -10 8 -11 9 -10 8 -8 8 -9 8 -9 8 -10 7 -7 8 -7 6 -5 7 -5 6 -6 7 0 0 -6 5 -6 5 -5 4 -5 4 -6 4 -5 3 -5 3 -4 5 -6 4 -6 4 -4 4 -6 3 -6 4 -5 3 -6 2 -7 2 -7 4 -7 1 -9 1 -8 2 -8 2 -10 2 -10 2 -10 1 -10 2 -11 2 0 0 0 0 0 0 0 0 0 0 ]
540,1783415932.583254,8.3323,-80,CSI_DATA,AP,98:F4:AB:29:67:94,-80,11,1,3,1,1,1,0,0,0,0,-96,0,6,1,93303991,0,84,0,0,93.6872,384,[84 -64 4 0 0 0 0 0 0 0 0 0 3 22 3 19 2 20 3 18 3 19 3 18 3 15 3 16 4 14 2 15 4 14 4 15 3 14 2 12 3 9 4 14 4 11 3 12 3 10 2 10 2 10 4 9 4 9 2 8 2 8 3 7 0 0 3 5 3 6 3 5 3 6 0 5 1 6 2 4 1 5 2 4 1 5 1 6 0 5 1 5 0 7 1 8 0 6 1 6 0 8 -1 7 -2 9 -1 9 0 7 -1 10 -1 9 -2 10 -2 10 0 0 0 0 0 0 0 0 0 0 ]
541,1783415932.707295,8.4845,-80,CSI_DATA,AP,98:F4:AB:29:67:94,-80,11,1,3,1,1,1,0,0,0,0,-96,0,6,1,93388408,0,84,0,0,93.7715,384,[84 -64 4 0 0 0 0 0 0 0 0 0 -20 -5 -19 -5 -22 -4 -18 -6 -19 -6 -16 -3 -18 -5 -17 -4 -18 -3 -16 -7 -13 -4 -15 -4 -16 -4 -14 -2 -14 -1 -14 -3 -12 -3 -13 -2 -11 -2 -11 -4 -10 -3 -11 -3 -10 -2 -10 -1 -9 -2 -9 -1 0 0 -7 -1 -8 -1 -6 -2 -9 -2 -6 -1 -7 -2 -7 -2 -7 -1 -6 -2 -7 -1 -5 -1 -6 0 -6 -2 -5 -3 -7 -2 -6 -4 -9 -5 -6 -5 -8 -6 -6 -5 -6 -6 -7 -6 -9 -6 -8 -8 -7 -8 -9 -5 0 0 0 0 0 0 0 0 0 0 ]
542,1783415932.832869,9.1650,-79,CSI_DATA,AP,98:F4:AB:29:67:94,-79,11,1,3,1,1,1,0,0,0,0,-96,0,6,1,93479312,0,84,0,0,93.8625,384,[84 -64 4 0 0 0 0 0 0 0 0 0 4 -23 4 -24 4 -24 4 -20 2 -20 2 -20 6 -17 3 -18 3 -16 3 -16 0 -18 1 -17 -1 -17 2 -17 0 -17 -1 -16 -1 -14 1 -14 1 -13 -1 -12 0 -13 1 -12 2 -11 -1 -10 -1 -10 -2 -10 0 0 -2 -9 0 -9 -1 -8 1 -7 0 -8 0 -8 1 -8 -2 -5 0 -6 -2 -7 0 -8 -1 -7 1 -7 1 -9 2 -8 1 -10 2 -8 4 -11 2 -11 5 -9 3 -11 3 -10 4 -9 3 -12 5 -10 5 -11 0 0 0 0 0 0 0 0 0 0 ]
543,1783415932.960654,9.2324,-80,CSI_DATA,AP,98:F4:AB:29:67:94,-80,11,1,3,1,1,1,0,0,0,0,-96,0,6,1,93567834,0,84,0,0,93.951,384,[84 -64 4 0 0 0 0 0 0 0 0 0 13 17 13 15 11 19 11 16 12 17 10 15 9 15 10 14 10 11 10 12 10 12 11 11 10 10 9 11 9 11 8 10 10 11 7 7 6 8 8 7 8 7 7 7 8 5 6 6 7 6 7 7 0 0 7 6 6 5 6 3 4 4 4 5 5 6 2 4 4 4 4 4 4 3 3 3 3 4 5 4 2 5 2 6 4 5 3 8 5 6 3 9 4 7 5 9 1 9 3 11 3 10 2 11 3 12 0 0 0 0 0 0 0 0 0 0 ]
544,1783415933.088418,9.0989,-78,CSI_DATA,AP,98:F4:AB:29:67:94,-78,11,1,2,1,1,1,0,0,0,0,-96,0,6,1,93665515,0,84,0,0,94.0487,384,[84 -64 4 0 0 0 0 0 0 0 0 0 15 15 14 15 15 16 13 14 13 15 11 12 13 12 10 12 11 11 13 10 12 11 10 8 10 9 12 9 10 7 11 8 10 6 10 6 7 6 9 6 8 5 8 5 7 4 7 6 7 5 7 5 0 0 6 4 6 3 5 3 7 1 5 3 5 4 4 4 4 2 6 3 5 3 4 3 4 3 5 5 4 4 5 4 4 5 5 6 3 7 4 7 5 7 4 9 6 7 4 9 6 8 4 10 4 10 0 0 0 0 0 0 0 0 0 0 ]
545,1783415933.217296,9.3520,-80,CSI_DATA,AP,98:F4:AB:29:67:94,-80,11,1,3,1,1,1,0,0,0,0,-96,0,6,1,93752837,0,84,0,0,94.136,384,[84 -64 4 0 0 0 0 0 0 0 0 0 -21 -2 -19 -3 -21 -5 -20 -2 -18 -3 -17 -2 -17 -4 -16 -4 -14 -2 -15 -3 -14 -1 -16 -3 -14 -2 -14 -2 -13 -3 -15 0 -13 -2 -12 -1 -11 -1 -12 -2 -12 -1 -13 0 -9 1 -9 -2 -9 1 -9 1 0 0 -8 2 -9 0 -9 1 -7 0 -8 1 -7 0 -7 0 -6 -1 -6 0 -6 -2 -7 0 -7 -2 -7 -1 -6 0 -8 -1 -7 0 -7 -2 -8 -3 -9 -3 -7 -4 -7 -4 -9 -4 -10 -4 -10 -5 -10 -5 -11 -5 0 0 0 0 0 0 0 0 0 0 ]
546,1783415933.343195,9.7384,-80,CSI_DATA,AP,98:F4:AB:29:67:94,-80,11,1,3,1,1,1,0,0,0,0,-96,0,6,1,93840449,0,84,0,0,94.2236,384,[84 -64 4 0 0 0 0 0 0 0 0 0 18 -16 16 -16 17 -15 16 -12 17 -14 15 -12 12 -13 16 -11 13 -13 14 -12 10 -11 11 -10 11 -13 11 -10 10 -10 10 -11 9 -8 9 -7 7 -9 6 -9 8 -11 8 -10 6 -8 5 -7 7 -7 4 -8 0 0 6 -7 6 -7 6 -7 4 -6 5 -5 4 -5 5 -5 5 -5 3 -4 3 -4 5 -5 5 -4 6 -4 5 -4 7 -4 8 -5 7 -4 8 -5 9 -2 7 -3 9 -2 10 -2 11 -5 8 -4 12 -1 11 -2 0 0 0 0 0 0 0 0 0 0 ]
547,1783415933.470409,9.2112,-79,CSI_DATA,AP,98:F4:AB:29:67:94,-79,11,1,3,1,1,1,0,0,0,0,-96,0,6,1,93928104,0,84,0,0,94.3113,384,[84 -64 4 0 0 0 0 0 0 0 0 0 -12 -18 -14 -16 -14 -19 -12 -15 -11 -15 -10 -14 -10 -15 -10 -14 -10 -15 -8 -12 -9 -11 -10 -11 -9 -10 -8 -9 -9 -10 -8 -9 -7 -9 -9 -7 -8 -9 -9 -7 -9 -8 -6 -8 -8 -7 -8 -6 -6 -6 -7 -7 0 0 -8 -6 -6 -7 -6 -6 -4 -4 -5 -6 -5 -5 -5 -7 -5 -5 -3 -4 -4 -3 -5 -5 -5 -6 -5 -5 -2 -6 -3 -6 -4 -9 -3 -8 -2 -7 -5 -7 -5 -7 -1 -10 -2 -9 -2 -10 -4 -11 -3 -9 -3 -13 0 0 0 0 0 0 0 0 0 0 ]
548,1783415933.596382,8.9114,-80,CSI_DATA,AP,98:F4:AB:29:67:94,-80,11,1,3,1,1,1,0,0,0,0,-96,0,6,1,94019789,0,84,0,0,94.403,384,[84 -64 4 0 0 0 0 0 0 0 0 0 21 8 19 9 23 8 21 7 19 7 16 7 17 8 14 8 16 5 16 6 14 4 15 6 14 5 13 3 12 3 14 2 11 2 12 2 11 3 11 2 9 1 12 3 9 0 9 1 9 2 9 2 0 0 8 2 8 1 7 0 6 2 6 2 6 1 7 0 5 0 6 0 6 0 6 1 5 1 5 0 5 0 6 2 7 3 7 3 7 3 5 4 7 3 8 6 6 6 8 7 9 7 8 7 7 8 0 0 0 0 0 0 0 0 0 0 ]
549,1783415933.721014,8.8949,-79,CSI_DATA,AP,98:F4:AB:29:67:94,-79,11,1,3,1,1,1,0,0,0,0,-96,0,6,1,94109174,0,84,0,0,94.4922,384,[84 -64 4 0 0 0 0 0 0 0 0 0 18 -12 15 -11 17 -11 16 -10 14 -9 14 -9 13 -9 12 -9 14 -9 14 -7 10 -8 11 -9 10 -9 10 -9 8 -8 10 -9 8 -8 8 -8 7 -8 9 -6 7 -6 7 -7 6 -6 7 -6 6 -7 4 -6 0 0 5 -5 3 -7 5 -5 4 -5 4 -6 4 -6 4 -4 5 -4 3 -4 3 -4 3 -4 4 -5 6 -3 4 -4 7 -5 8 -3 7 -4 5 -3 8 -3 8 -1 9 -3 7 -2 9 -2 8 -3 10 -4 10 -4 0 0 0 0 0 0 0 0 0 0 ]
550,1783415933.849287,8.6648,-79,CSI_DATA,AP,98:F4:AB:29:67:94,-79,11,1,3,1,1,1,0,0,0,0,-96,0,6,1,94200052,0,84,0,0,94.5832,384,[84 -64 4 0 0 0 0 0 0 0 0 0 -17 -14 -16 -11 -15 -14 -14 -12 -14 -13 -13 -11 -12 -10 -12 -11 -12 -10 -12 -10 -12 -11 -12 -8 -12 -8 -11 -5 -11 -8 -13 -6 -10 -6 -10 -6 -9 -4 -9 -5 -10 -6 -9 -5 -9 -5 -8 -4 -8 -3 -8 -4 0 0 -9 -6 -6 -4 -7 -4 -8 -3 -6 -4 -5 -4 -5 -4 -5 -6 -5 -4 -5 -4 -6 -5 -6 -5 -7 -4 -5 -5 -6 -4 -6 -7 -6 -7 -6 -7 -3 -8 -4 -7 -5 -9 -5 -10 -4 -10 -6 -8 -5 -10 -5 -11 0 0 0 0 0 0 0 0 0 0 ]
551,1783415933.981387,8.3458,-80,CSI_DATA,AP,98:F4:AB:29:67:94,-80,11,1,3,1,1,1,0,0,0,0,-96,0,6,1,94288919,0,84,0,0,94.6721,384,[84 -64 4 0 0 0 0 0 0 0 0 0 18 12 16 13 13 14 14 12 13 11 12 9 13 9 13 9 13 9 12 9 12 8 11 7 12 6 10 6 9 6 11 7 11 6 10 6 10 4 10 3 9 5 9 4 8 4 7 3 7 4 8 3 0 0 6 4 5 2 5 3 6 2 3 3 4 3 6 3 5 3 5 2 2 2 4 3 5 1 6 2 5 3 4 5 6 4 4 4 5 6 6 4 5 6 5 6 6 7 5 6 5 8 5 9 7 8 0 0 0 0 0 0 0 0 0 0 ]
552,1783415934.108399,8.7869,-79,CSI_DATA,AP,98:F4:AB:29:67:94,-79,11,1,3,1,1,1,0,0,0,0,-96,0,6,1,94377525,0,84,0,0,94.7607,384,[84 -64 4 0 0 0 0 0 0 0 0 0 7 -18 5 -19 8 -19 5 -18 4 -18 8 -16 5 -16 8 -14 5 -13 4 -16 6 -15 4 -13 4 -14 2 -12 3 -11 1 -13 0 -12 3 -12 1 -12 1 -13 2 -11 1 -11 0 -9 0 -9 2 -9 2 -9 0 0 1 -8 1 -8 2 -7 0 -8 1 -7 1 -8 0 -5 1 -7 1 -4 -1 -6 1 -5 1 -4 2 -5 2 -5 3 -6 3 -7 4 -8 5 -8 4 -6 4 -7 6 -6 5 -7 8 -8 6 -7 5 -8 6 -8 0 0 0 0 0 0 0 0 0 0 ]
553,1783415934.235376,8.1193,-80,CSI_DATA,AP,98:F4:AB:29:67:94,-80,11,1,3,1,1,1,0,0,0,0,-96,0,6,1,94470320,0,84,0,0,94.8535,384,[84 -64 4 0 0 0 0 0 0 0 0 0 9 17 7 17 8 17 7 16 7 17 7 14 7 16 6 13 4 13 6 14 8 12 6 12 5 12 6 10 7 10 8 10 5 9 7 10 5 8 5 8 5 8 6 7 5 7 6 5 5 6 6 6 0 0 4 6 5 5 6 3 5 5 5 4 5 5 3 4 4 3 3 4 4 4 3 6 4 4 3 5 3 5 3 7 3 5 5 6 2 7 1 7 3 8 4 6 3 8 2 9 4 10 1 10 2 10 0 0 0 0 0 0 0 0 0 0 ]
554,1783415934.362488,7.4010,-80,CSI_DATA,AP,98:F4:AB:29:67:94,-80,11,1,3,1,1,1,0,0,0,0,-96,0,6,1,94558135,0,84,0,0,94.9413,384,[84 -64 4 0 0 0 0 0 0 0 0 0 14 14 14 14 14 13 12 11 13 12 10 10 11 10 10 9 11 8 12 9 12 9 10 8 11 7 11 8 10 6 10 7 10 6 10 5 8 5 8 5 8 7 7 6 8 5 7 5 6 4 7 3 0 0 8 3 6 4 6 4 5 3 4 2 5 3 3 3 4 3 4 2 3 2 4 4 3 3 4 4 4 5 5 5 5 5 3 7 4 5 1 8 2 6 2 8 2 8 1 8 2 9 3 9 1 10 0 0 0 0 0 0 0 0 0 0 ]
555,1783415934.490427,7.1558,-79,CSI_DATA,AP,98:F4:AB:29:67:94,-79,11,1,3,1,1,1,0,0,0,0,-96,0,6,1,94652762,0,84,0,0,95.0359,384,[84 -64 4 0 0 0 0 0 0 0 0 0 6 21 4 16 5 20 4 16 4 16 3 14 4 16 1 15 3 15 3 12 4 13 2 13 4 14 5 12 4 10 4 13 4 12 3 10 3 10 3 9 3 9 3 8 1 8 1 9 2 7 2 8 0 0 2 7 2 7 3 7 3 6 0 4 2 5 1 6 0 4 2 7 1 6 2 7 1 6 1 7 -1 7 0 6 -2 8 -3 7 -3 7 -4 9 -2 7 -2 8 -4 9 -4 10 -4 8 -5 8 -2 11 0 0 0 0 0 0 0 0 0 0 ]
556,1783415934.619358,7.5337,-73,CSI_DATA,AP,98:F4:AB:29:67:94,-73,11,0,0,0,0,0,0,0,0,0,-96,0,6,1,94744759,0,84,0,0,95.128,128,[84 -64 4 0 0 0 0 0 0 0 0 0 -7 -43 -7 -40 -7 -43 -7 -40 -8 -37 -5 -32 -7 -35 -5 -31 -6 -33 -6 -29 -6 -31 -8 -30 -8 -29 -10 -29 -8 -26 -10 -29 -9 -26 -8 -24 -7 -21 -8 -23 -7 -22 -7 -22 -7 -17 -8 -19 -7 -19 -5 -17 0 0 -7 -18 -6 -17 -4 -16 -6 -16 -4 -14 -5 -16 -3 -14 -2 -13 -2 -12 1 -12 -2 -14 -2 -13 -2 -14 -1 -15 1 -16 2 -17 5 -17 4 -16 5 -15 4 -18 7 -18 5 -19 7 -19 8 -19 7 -22 7 -21 0 0 0 0 0 0 0 0 0 0 ]
557,1783415934.745299,8.7239,-79,CSI_DATA,AP,98:F4:AB:29:67:94,-79,11,1,3,1,1,1,0,0,0,0,-96,0,6,1,94827365,0,84,0,0,95.2105,384,[84 -64 4 0 0 0 0 0 0 0 0 0 12 -22 12 -18 13 -20 12 -18 12 -17 11 -15 11 -16 11 -16 9 -16 11 -15 9 -16 7 -12 9 -16 7 -13 8 -13 6 -15 5 -12 6 -14 4 -12 6 -10 3 -13 5 -12 5 -10 3 -9 4 -9 4 -9 0 0 3 -8 3 -10 3 -8 3 -8 5 -6 3 -7 4 -7 3 -5 4 -6 2 -6 4 -6 4 -6 6 -5 5 -7 7 -7 4 -5 5 -7 4 -6 8 -6 8 -5 8 -6 6 -7 9 -8 10 -7 10 -8 7 -7 0 0 0 0 0 0 0 0 0 0 ]
558,1783415934.874359,8.6817,-80,CSI_DATA,AP,98:F4:AB:29:67:94,-80,11,1,3,1,1,1,0,0,0,0,-96,0,6,1,94918604,0,84,0,0,95.3018,384,[84 -64 4 0 0 0 0 0 0 0 0 0 21 1 18 0 20 -1 19 0 16 2 14 0 15 1 15 2 16 -2 14 0 14 0 15 0 14 -3 14 1 11 1 12 -1 13 0 11 0 11 -1 11 1 11 -1 10 -1 9 0 9 -1 8 0 8 0 0 0 8 2 9 1 8 1 6 0 7 0 7 0 7 -1 4 0 5 0 4 1 6 1 5 1 5 3 5 2 5 3 5 4 6 4 6 5 4 3 4 7 4 6 4 6 7 5 6 6 6 7 6 7 0 0 0 0 0 0 0 0 0 0 ]
559,1783415934.999908,9.3875,-79,CSI_DATA,AP,98:F4:AB:29:67:94,-79,11,1,3,1,1,1,0,0,0,0,-96,0,6,1,95014626,0,84,0,0,95.3978,384,[84 -64 4 0 0 0 0 0 0 0 0 0 8 -21 7 -18 7 -20 6 -19 7 -18 7 -17 6 -14 7 -15 7 -16 3 -15 3 -14 4 -14 3 -14 4 -15 4 -13 4 -13 2 -12 2 -12 3 -11 2 -10 4 -12 2 -11 2 -9 2 -10 3 -9 3 -11 0 0 3 -10 1 -9 2 -8 1 -7 2 -7 3 -7 3 -6 2 -6 2 -6 2 -5 3 -6 3 -7 3 -5 3 -7 5 -6 4 -6 5 -6 4 -6 6 -6 4 -7 5 -8 5 -6 5 -8 7 -8 6 -8 9 -8 0 0 0 0 0 0 0 0 0 0 ]
560,1783415935.126723,8.8997,-78,CSI_DATA,AP,98:F4:AB:29:67:94,-78,11,1,2,1,1,1,0,0,0,0,-96,0,6,1,95100094,0,84,0,0,95.4833,384,[84 -64 4 0 0 0 0 0 0 0 0 0 2 22 3 20 2 22 3 21 3 20 1 17 2 16 2 17 2 16 0 15 2 15 1 14 1 14 2 14 4 14 1 13 1 12 3 13 2 10 1 11 1 12 1 9 2 11 1 8 1 8 1 9 0 0 1 10 0 9 0 6 0 9 -1 7 0 8 -1 7 -1 6 0 5 -1 5 0 6 -1 6 -1 6 -2 6 -3 5 -3 8 -3 7 -4 7 -4 8 -5 8 -5 9 -6 8 -7 9 -7 8 -8 9 -6 9 0 0 0 0 0 0 0 0 0 0 ]
561,1783415935.253818,9.6524,-80,CSI_DATA,AP,98:F4:AB:29:67:94,-80,11,1,3,1,1,1,0,0,0,0,-96,0,6,1,95187891,0,84,0,0,95.5711,384,[84 -64 4 0 0 0 0 0 0 0 0 0 22 5 18 3 20 6 15 7 18 6 16 5 16 4 15 4 13 4 15 4 17 3 14 1 15 1 14 1 12 0 13 0 12 0 12 3 9 1 10 -2 10 -1 9 -1 9 0 9 0 10 0 8 0 0 0 7 -1 9 0 7 -1 6 0 6 0 7 0 4 1 5 1 4 -1 5 0 4 0 6 1 5 0 5 1 6 2 6 3 7 2 5 3 7 2 7 3 8 3 8 6 7 4 8 5 7 6 8 4 0 0 0 0 0 0 0 0 0 0 ]
562,1783415935.380719,10.1574,-79,CSI_DATA,AP,98:F4:AB:29:67:94,-79,11,1,3,1,1,1,0,0,0,0,-96,0,6,1,95283415,0,84,0,0,95.6666,384,[84 -64 4 0 0 0 0 0 0 0 0 0 -14 -16 -14 -14 -15 -14 -13 -14 -14 -15 -13 -14 -12 -13 -10 -14 -12 -12 -12 -14 -10 -12 -12 -11 -12 -10 -10 -10 -10 -8 -11 -9 -11 -9 -11 -8 -10 -9 -9 -8 -9 -6 -10 -8 -7 -7 -6 -5 -8 -6 -5 -6 0 0 -8 -5 -8 -6 -8 -3 -6 -5 -5 -4 -5 -6 -5 -2 -6 -6 -4 -3 -5 -4 -6 -5 -3 -5 -5 -3 -5 -5 -5 -5 -5 -6 -5 -7 -5 -5 -4 -6 -5 -8 -5 -7 -5 -7 -4 -8 -5 -9 -3 -9 -6 -10 0 0 0 0 0 0 0 0 0 0 ]
563,1783415935.506895,10.0185,-79,CSI_DATA,AP,98:F4:AB:29:67:94,-79,11,1,3,1,1,1,0,0,0,0,-96,0,6,1,95370647,0,84,0,0,95.7538,384,[84 -64 4 0 0 0 0 0 0 0 0 0 14 -21 10 -15 11 -14 10 -15 10 -15 9 -10 10 -14 14 -12 7 -15 7 -12 6 -12 0 -10 9 -7 6 -18 2 -7 4 -17 11 -12 7 -7 7 -11 3 -11 2 -10 8 -11 8 -8 9 -11 4 -11 3 -7 0 0 4 -6 6 -9 5 -7 2 -5 4 -8 4 -5 3 -3 2 -5 3 -6 4 -3 6 -6 3 -5 4 -6 4 -6 5 -5 4 -4 5 -4 5 -3 7 -5 5 -5 7 -4 7 -5 7 -5 7 -4 9 -4 8 -4 0 0 0 0 0 0 0 0 0 0 ]
564,1783415935.635686,10.0281,-80,CSI_DATA,AP,98:F4:AB:29:67:94,-80,11,1,3,1,1,1,0,0,0,0,-96,0,6,1,95462177,0,84,0,0,95.8454,384,[84 -64 4 0 0 0 0 0 0 0 0 0 -21 3 -20 3 -21 4 -18 1 -19 2 -16 3 -17 3 -17 1 -14 3 -16 2 -15 2 -16 2 -16 3 -15 4 -12 1 -12 3 -14 4 -11 3 -12 2 -12 2 -12 1 -11 3 -9 2 -9 1 -10 1 -8 2 0 0 -9 1 -8 0 -9 2 -7 -1 -6 0 -7 1 -7 0 -7 -1 -7 -1 -8 0 -6 0 -7 0 -6 0 -5 -1 -7 0 -7 0 -7 -2 -7 -2 -9 -3 -7 -1 -7 -2 -8 -2 -9 -3 -9 -3 -11 -4 -9 -4 0 0 0 0 0 0 0 0 0 0 ]
565,1783415935.758859,10.0570,-73,CSI_DATA,AP,98:F4:AB:29:67:94,-73,11,0,0,0,0,0,0,0,0,0,-96,0,6,1,95568631,0,84,0,0,95.9519,128,[84 -64 4 0 0 0 0 0 0 0 0 0 17 38 15 34 18 37 15 36 14 34 13 30 14 30 12 28 14 29 12 27 16 26 14 25 14 24 13 24 12 20 15 24 11 20 11 20 11 19 12 17 10 17 11 17 8 15 9 15 9 15 10 14 0 0 9 13 8 15 7 12 7 11 5 10 4 11 4 10 2 9 4 9 3 10 3 11 3 9 3 11 1 11 2 12 0 13 -1 14 -1 14 -3 16 -1 15 -3 15 -4 15 -4 18 -4 18 -5 19 -4 19 0 0 0 0 0 0 0 0 0 0 ]
566,1783415935.890161,9.1314,-80,CSI_DATA,AP,98:F4:AB:29:67:94,-80,11,1,3,1,1,1,0,0,0,0,-96,0,6,1,95642230,0,84,0,0,96.0253,384,[84 -64 4 0 0 0 0 0 0 0 0 0 19 1 16 2 19 1 16 2 19 1 14 2 18 2 15 2 14 1 15 1 14 -1 13 3 15 0 13 -1 12 0 13 1 13 -1 11 0 11 -1 11 -1 10 -2 9 -2 9 1 10 0 8 -2 7 -1 0 0 6 -2 6 0 5 -1 7 -2 5 0 7 0 6 -1 5 0 5 0 4 1 5 -2 5 -1 5 -1 4 0 5 1 5 0 7 0 6 0 6 3 7 1 5 3 8 3 9 4 8 4 8 4 9 5 0 0 0 0 0 0 0 0 0 0 ]
567,1783415936.015968,9.0803,-80,CSI_DATA,AP,98:F4:AB:29:67:94,-80,11,1,3,1,1,1,0,0,0,0,-96,0,6,1,95730162,0,84,0,0,96.1133,384,[84 -64 4 0 0 0 0 0 0 0 0 0 19 -8 17 -8 21 -7 18 -7 18 -6 15 -7 15 -8 14 -7 14 -5 15 -6 12 -6 11 -7 12 -7 12 -7 12 -5 12 -8 11 -6 8 -6 8 -4 9 -5 8 -6 7 -5 6 -6 8 -4 7 -6 6 -5 0 0 6 -5 6 -5 5 -4 5 -5 3 -4 6 -3 5 -4 5 -4 5 -2 5 -1 4 -4 5 -1 5 -2 4 -2 5 -1 6 -3 6 -2 6 -1 5 -2 7 -1 6 -1 7 -1 9 -1 9 0 9 -1 10 -1 0 0 0 0 0 0 0 0 0 0 ]
568,1783415936.143960,8.0873,-80,CSI_DATA,AP,98:F4:AB:29:67:94,-80,11,1,3,1,1,1,0,0,0,0,-96,0,6,1,95819336,0,84,0,0,96.2026,384,[84 -64 4 0 0 0 0 0 0 0 0 0 22 -3 19 -1 20 -1 16 -1 21 -5 17 -2 15 -2 15 -3 14 -3 15 -3 12 -4 12 -2 12 -4 13 -6 12 -3 9 -5 10 -3 9 -5 9 -4 8 -4 8 -4 8 -4 8 -3 10 -3 7 -4 7 -2 0 0 5 -4 5 -4 7 -3 6 -4 4 -2 4 -3 6 -2 5 -2 5 -3 4 0 4 -2 4 -1 5 -3 6 -2 8 -1 6 -1 6 -3 5 0 7 -1 8 1 5 1 7 1 8 3 9 0 9 1 10 1 0 0 0 0 0 0 0 0 0 0 ]
569,1783415936.272946,13.2231,-74,CSI_DATA,AP,98:F4:AB:29:67:94,-74,11,0,0,0,0,0,0,0,0,0,-96,0,6,1,95909813,0,84,0,0,96.2931,128,[84 -64 4 0 0 0 0 0 0 0 0 0 41 -7 38 -6 42 -5 37 -5 38 -7 32 -5 31 -3 30 -3 30 -8 30 -3 28 -8 27 -9 28 -5 26 -7 23 -7 25 -10 23 -10 21 -7 21 -7 19 -8 16 -6 20 -8 17 -5 16 -8 16 -7 15 -6 0 0 15 -7 13 -6 13 -6 12 -7 11 -6 11 -4 11 -4 10 -3 11 -3 7 -3 10 -3 11 -3 10 -3 11 0 15 -1 14 0 15 0 12 1 13 1 14 4 15 4 16 5 17 5 19 4 18 4 20 5 0 0 0 0 0 0 0 0 0 0 ]
570,1783415936.398720,11.7023,-79,CSI_DATA,AP,98:F4:AB:29:67:94,-79,11,1,3,1,1,1,0,0,0,0,-96,0,6,1,95998452,0,84,0,0,96.3816,384,[84 -64 4 0 0 0 0 0 0 0 0 0 21 -5 19 -4 18 -3 17 -3 17 -3 15 -1 17 -1 15 -3 14 -4 15 -1 13 -3 14 -3 15 -3 14 -3 14 -4 11 -3 11 -4 11 -3 10 -1 11 -3 11 -3 10 -2 10 -2 9 -2 9 -2 8 -2 0 0 7 -1 7 -2 7 -1 6 0 6 0 7 0 6 -1 4 1 4 -2 4 1 6 1 5 0 6 0 6 0 5 1 5 2 8 3 5 0 5 3 6 2 6 3 6 5 7 5 7 5 9 5 9 5 0 0 0 0 0 0 0 0 0 0 ]
571,1783415936.525260,10.6772,-79,CSI_DATA,AP,98:F4:AB:29:67:94,-79,11,1,3,1,1,1,0,0,0,0,-96,0,6,1,96091934,0,84,0,0,96.4751,384,[84 -64 4 0 0 0 0 0 0 0 0 0 -20 8 -18 6 -17 6 -17 7 -17 7 -16 5 -16 7 -15 6 -15 7 -14 7 -15 6 -15 6 -12 5 -14 9 -12 6 -13 8 -10 6 -10 6 -9 5 -11 6 -10 5 -11 5 -9 5 -9 5 -8 4 -8 4 0 0 -7 4 -7 4 -7 6 -7 2 -5 2 -7 3 -5 2 -4 1 -6 2 -6 2 -5 2 -7 2 -6 1 -7 1 -5 3 -8 1 -8 1 -8 -1 -8 1 -10 -1 -9 0 -10 -1 -10 0 -11 -1 -12 -1 -10 -1 0 0 0 0 0 0 0 0 0 0 ]
572,1783415936.653271,9.8559,-83,CSI_DATA,AP,98:F4:AB:29:67:94,-83,11,1,3,1,1,1,0,0,0,0,-96,0,6,1,96179991,0,84,0,0,96.5632,384,[84 -64 4 0 0 0 0 0 0 0 0 0 -18 50 -11 48 -11 46 1 56 -6 38 -10 47 -7 30 -10 46 -9 36 11 33 -7 40 -19 44 -5 31 -11 39 -9 32 -13 37 -5 23 -8 22 -5 8 -15 32 -16 16 -5 32 -4 25 1 14 -4 21 -5 21 0 0 -4 19 -13 22 -10 20 -5 21 -10 13 -8 9 -10 12 -2 6 -14 12 -2 13 -7 16 -5 16 -13 13 -12 18 -8 10 -5 9 -14 10 -8 14 -13 21 -16 15 -17 13 -19 14 -22 16 -26 16 -24 7 -22 13 0 0 0 0 0 0 0 0 0 0 ]
573,1783415936.778284,9.2297,-80,CSI_DATA,AP,98:F4:AB:29:67:94,-80,11,1,3,1,1,1,0,0,0,0,-96,0,6,1,96273472,0,84,0,0,96.6567,384,[84 -64 4 0 0 0 0 0 0 0 0 0 19 8 17 9 19 6 15 6 18 6 16 6 16 9 12 6 16 6 11 6 12 6 12 4 11 6 12 4 12 4 12 2 10 4 11 5 8 3 11 3 10 4 10 2 9 3 9 3 9 2 8 2 0 0 7 3 9 2 5 2 6 4 5 3 6 3 6 3 4 3 4 2 5 2 5 1 4 2 4 2 3 1 5 4 4 4 6 5 5 7 4 5 6 5 4 7 3 7 6 8 5 8 5 8 6 8 0 0 0 0 0 0 0 0 0 0 ]
574,1783415936.906764,8.3865,-79,CSI_DATA,AP,98:F4:AB:29:67:94,-79,11,1,3,1,1,1,0,0,0,0,-96,0,6,1,96359910,0,84,0,0,96.743,384,[84 -64 4 0 0 0 0 0 0 0 0 0 14 17 10 16 11 17 10 14 10 14 6 11 7 14 10 12 8 12 8 10 10 12 8 10 8 9 8 10 7 10 9 9 8 7 9 9 7 7 6 6 7 7 7 6 6 6 7 5 6 6 6 4 0 0 5 7 5 5 4 5 3 5 3 4 4 5 4 4 2 4 2 3 2 2 3 3 3 4 4 4 3 4 3 5 3 5 3 5 3 5 4 6 2 8 1 9 2 7 1 7 1 10 2 9 3 10 0 0 0 0 0 0 0 0 0 0 ]
575,1783415937.033482,9.2913,-80,CSI_DATA,AP,98:F4:AB:29:67:94,-80,11,1,3,1,1,1,0,0,0,0,-96,0,6,1,96452517,0,84,0,0,96.8357,384,[84 -64 4 0 0 0 0 0 0 0 0 0 -23 2 -20 3 -22 2 -18 -1 -18 2 -16 1 -15 0 -15 2 -16 0 -14 1 -15 0 -15 3 -13 3 -14 2 -13 2 -15 3 -14 2 -11 2 -12 0 -13 0 -10 1 -10 1 -11 0 -12 0 -11 1 -11 2 0 0 -8 2 -8 0 -7 2 -8 0 -8 0 -8 1 -6 0 -7 0 -6 -1 -6 -1 -6 -2 -6 -2 -8 -2 -7 -2 -7 -3 -7 -2 -9 -4 -8 -4 -8 -4 -7 -5 -9 -5 -9 -5 -9 -4 -9 -5 -10 -6 -10 -5 0 0 0 0 0 0 0 0 0 0 ]
576,1783415937.160373,8.7683,-79,CSI_DATA,AP,98:F4:AB:29:67:94,-79,11,1,3,1,1,1,0,0,0,0,-96,0,6,1,96538015,0,84,0,0,96.9212,384,[84 -64 4 0 0 0 0 0 0 0 0 0 3 18 2 18 2 17 4 17 1 16 3 16 4 15 2 15 3 17 2 15 4 15 2 14 2 14 3 13 4 13 3 13 5 12 3 11 4 9 3 10 3 8 3 11 3 8 2 11 1 9 1 7 0 0 3 8 2 8 3 7 3 6 1 6 2 6 1 6 -1 5 0 4 0 6 0 4 0 5 0 7 -1 7 1 7 -1 5 0 7 -2 7 -2 8 -3 7 -3 7 -3 7 -2 9 -2 9 -4 9 -3 10 0 0 0 0 0 0 0 0 0 0 ]
577,1783415937.285026,9.6044,-79,CSI_DATA,AP,98:F4:AB:29:67:94,-79,11,1,3,1,1,1,0,0,0,0,-96,0,6,1,96629932,0,84,0,0,97.0131,384,[84 -64 4 0 0 0 0 0 0 0 0 0 19 -9 17 -6 19 -8 16 -6 18 -5 15 -6 14 -6 14 -6 13 -7 14 -5 14 -5 14 -6 12 -7 13 -6 12 -8 12 -6 11 -6 10 -6 10 -7 10 -7 9 -6 8 -5 9 -4 7 -6 9 -5 9 -6 0 0 7 -3 6 -5 6 -3 6 -4 7 -2 6 -3 6 -2 6 -2 5 0 4 -1 5 -2 5 -2 3 -3 6 -1 6 -3 7 -1 7 -1 7 -1 5 -1 7 0 9 2 8 1 8 1 9 0 10 1 10 -1 0 0 0 0 0 0 0 0 0 0 ]
578,1783415937.407413,10.3138,-80,CSI_DATA,AP,98:F4:AB:29:67:94,-80,11,1,3,1,1,1,0,0,0,0,-96,0,6,1,96719467,0,84,0,0,97.1026,384,[84 -64 4 0 0 0 0 0 0 0 0 0 -21 -4 -19 -4 -20 -5 -19 -6 -19 -4 -16 -4 -16 -6 -16 -4 -15 -5 -14 -3 -14 -4 -16 -1 -13 -1 -14 0 -14 -2 -14 -2 -12 -1 -13 -1 -13 -2 -12 -2 -11 -2 -10 -2 -10 -1 -12 -1 -10 -2 -9 1 0 0 -9 -1 -8 -1 -9 -2 -8 -1 -7 -1 -6 -3 -6 -3 -7 -2 -6 -2 -5 -1 -7 -2 -6 -1 -7 -2 -7 -3 -8 -3 -8 -4 -7 -4 -7 -4 -7 -7 -7 -6 -7 -5 -8 -6 -9 -5 -7 -5 -8 -7 -10 -6 0 0 0 0 0 0 0 0 0 0 ]
579,1783415937.532873,10.5224,-79,CSI_DATA,AP,98:F4:AB:29:67:94,-79,11,1,3,1,1,1,0,0,0,0,-96,0,6,1,96807462,0,84,0,0,97.1907,384,[84 -64 4 0 0 0 0 0 0 0 0 0 -11 -22 -10 -17 -10 -19 -10 -18 -8 -18 -7 -14 -7 -15 -8 -15 -7 -15 -8 -15 -7 -13 -7 -14 -9 -15 -9 -13 -7 -11 -8 -9 -9 -10 -6 -11 -7 -10 -6 -11 -6 -11 -5 -10 -7 -7 -5 -7 -5 -7 -7 -8 0 0 -6 -6 -5 -9 -4 -6 -4 -7 -3 -7 -3 -6 -3 -6 -3 -5 -2 -6 -4 -5 -4 -5 -2 -5 -1 -6 0 -8 -1 -6 -1 -8 -2 -10 -1 -8 -1 -7 -1 -7 1 -8 1 -8 0 -11 0 -10 -1 -10 1 -9 0 0 0 0 0 0 0 0 0 0 ]
580,1783415937.657591,9.2031,-79,CSI_DATA,AP,98:F4:AB:29:67:94,-79,11,1,3,1,1,1,0,0,0,0,-96,0,6,1,96898106,0,84,0,0,97.2813,384,[84 -64 4 0 0 0 0 0 0 0 0 0 -7 20 -7 18 -6 18 -6 18 -4 18 -4 13 -7 17 -7 12 -1 15 -5 16 -3 14 -4 14 -4 13 -5 13 -2 12 -3 14 -2 12 -2 12 -2 9 -2 9 -3 11 -3 10 -1 10 -3 9 -2 9 -1 9 0 0 0 8 -1 7 -3 7 -2 5 -2 5 -1 6 -2 5 -3 3 -3 5 -3 3 -2 4 -3 4 -4 4 -3 6 -3 4 -3 5 -4 5 -5 5 -5 5 -5 5 -5 6 -6 7 -7 7 -6 7 -7 7 -7 9 0 0 0 0 0 0 0 0 0 0 ]
581,1783415937.782904,10.0543,-80,CSI_DATA,AP,98:F4:AB:29:67:94,-80,11,1,3,1,1,1,0,0,0,0,-96,0,6,1,96987252,0,84,0,0,97.3704,384,[84 -64 4 0 0 0 0 0 0 0 0 0 6 -21 6 -20 7 -19 5 -18 7 -19 5 -16 6 -15 5 -15 4 -15 4 -16 5 -15 4 -15 4 -15 3 -15 2 -14 2 -14 1 -13 2 -13 2 -11 2 -13 3 -11 2 -12 1 -9 1 -10 1 -11 2 -10 0 0 1 -7 2 -10 2 -6 2 -8 2 -6 1 -6 0 -7 0 -7 3 -6 1 -5 3 -7 1 -6 1 -5 1 -6 1 -7 2 -7 4 -8 4 -6 5 -5 5 -7 6 -7 6 -8 7 -8 5 -7 6 -8 5 -9 0 0 0 0 0 0 0 0 0 0 ]
