packet_idx,epoch_s,sub30_amplitude,rssi_dbm,raw_line
1,1782981281.522296,21.9317,-71,CSI_DATA,AP,98:F4:AB:29:67:94,-71,11,0,0,0,0,0,0,0,0,0,-96,0,6,1,36917256,0,28,0,0,37.2998,128,[28 -64 1 0 0 0 0 0 0 0 0 0 17 22 15 22 16 22 14 21 15 21 12 21 12 22 11 21 13 21 12 21 13 18 12 19 12 19 13 17 12 16 13 18 14 15 13 13 13 14 14 16 13 16 13 17 12 15 14 15 15 16 14 15 0 0 16 15 16 16 16 14 17 12 17 13 17 15 17 16 15 16 17 16 14 17 15 17 14 14 15 13 13 15 14 16 14 15 15 15 14 13 14 14 13 14 10 17 15 15 14 16 15 11 14 13 13 13 0 0 0 0 0 0 0 0 0 0 ]
2,1782981281.567375,22.0227,-71,CSI_DATA,AP,98:F4:AB:29:67:94,-71,11,0,0,0,0,0,0,0,0,0,-96,0,6,1,36918764,0,157,0,0,37.3322,128,[-99 -48 9 0 0 0 0 0 0 0 0 0 -24 17 -22 16 -22 17 -23 17 -20 16 -21 14 -19 14 -21 13 -22 14 -19 13 -20 13 -19 13 -19 13 -19 14 -15 11 -15 13 -16 15 -13 15 -14 14 -13 16 -14 16 -15 17 -15 14 -15 14 -17 14 -17 15 0 0 -14 18 -15 17 -16 17 -12 18 -13 17 -12 18 -14 18 -14 18 -17 18 -16 15 -16 17 -14 13 -16 16 -15 18 -15 17 -15 15 -12 16 -15 13 -14 16 -13 14 -15 16 -18 16 -16 13 -14 15 -17 14 -15 15 0 0 0 0 0 0 0 0 0 0 ]
3,1782981281.615132,22.6274,-68,CSI_DATA,AP,98:F4:AB:29:67:94,-68,11,0,0,0,0,0,0,0,0,0,-96,0,6,1,37008332,0,135,0,0,37.3907,128,[-121 112 8 0 0 0 0 0 0 0 0 0 -20 -19 -17 -17 -18 -20 -17 -18 -17 -18 -13 -17 -16 -18 -13 -18 -15 -20 -13 -20 -13 -19 -12 -20 -12 -19 -13 -19 -11 -15 -15 -16 -13 -13 -15 -14 -13 -14 -16 -14 -13 -14 -15 -15 -14 -16 -14 -15 -16 -16 -14 -15 0 0 -16 -14 -18 -16 -18 -12 -20 -13 -17 -12 -19 -13 -19 -15 -18 -16 -21 -14 -19 -17 -19 -17 -17 -15 -19 -14 -17 -16 -21 -16 -18 -13 -21 -16 -17 -15 -18 -15 -19 -15 -18 -16 -19 -14 -18 -17 -18 -15 -17 -15 -16 -14 0 0 0 0 0 0 0 0 0 0 ]
4,1782981282.125449,18.1108,-73,CSI_DATA,AP,98:F4:AB:29:67:94,-73,11,1,5,1,1,1,0,0,0,0,-96,0,6,1,37521294,0,390,0,0,37.9036,384,[-122 -31 23 0 0 0 0 0 0 0 0 0 14 -8 14 -8 16 -7 17 -9 17 -7 14 -7 17 -6 18 -7 16 -6 18 -4 18 -6 19 -4 17 -4 17 -4 16 -4 18 -5 17 -2 17 -3 17 -4 17 -3 17 -2 18 -2 17 -3 17 -3 18 -2 16 -4 0 0 17 -4 17 -4 18 -5 17 -6 14 -5 17 -6 18 -7 17 -4 16 -7 16 -6 15 -6 16 -7 16 -7 16 -6 15 -5 15 -7 15 -7 14 -7 14 -7 13 -8 13 -7 15 -7 14 -7 14 -7 13 -6 12 -5 0 0 0 0 0 0 0 0 0 0 ]
5,1782981282.171635,18.7883,-70,CSI_DATA,AP,98:F4:AB:29:67:94,-70,11,1,5,1,1,1,0,0,0,0,-96,0,6,1,37572786,0,390,0,0,37.9548,384,[-122 -31 23 0 0 0 0 0 0 0 0 0 12 12 12 12 13 12 11 13 11 14 10 14 11 14 10 15 11 16 9 17 10 15 9 17 9 16 7 16 8 16 9 18 10 17 9 16 7 16 8 16 8 16 10 16 8 16 7 17 8 17 8 16 0 0 9 16 9 16 10 16 10 16 9 16 10 17 10 17 10 16 11 15 11 15 11 15 10 16 10 16 11 14 11 14 11 13 12 14 11 14 11 14 12 13 12 13 12 14 12 12 12 12 11 13 11 11 0 0 0 0 0 0 0 0 0 0 ]
6,1782981282.233148,19.4165,-71,CSI_DATA,AP,98:F4:AB:29:67:94,-71,11,1,5,1,1,1,0,0,0,0,-96,0,6,1,37625686,0,82,0,0,38.0078,384,[82 -96 4 0 0 0 0 0 0 0 0 0 -16 3 -18 3 -19 4 -17 2 -18 3 -19 1 -20 1 -19 1 -20 1 -19 -1 -20 -1 -21 -2 -20 -3 -20 -3 -19 -3 -21 -3 -17 -3 -18 -1 -17 -2 -18 -4 -19 -3 -19 -1 -19 -3 -19 -2 -19 -4 -18 -3 0 0 -18 -3 -18 -2 -19 -2 -19 0 -17 0 -18 -2 -19 -2 -19 0 -19 -1 -20 0 -21 1 -17 0 -18 2 -19 0 -21 3 -19 1 -21 2 -20 4 -19 2 -20 1 -20 2 -18 2 -21 1 -20 2 -20 1 -19 1 0 0 0 0 0 0 0 0 0 0 ]
7,1782981282.267242,17.6918,-72,CSI_DATA,AP,98:F4:AB:29:67:94,-72,11,1,5,1,1,1,0,0,0,0,-96,0,6,1,37672244,0,82,0,0,38.0543,384,[82 -96 4 0 0 0 0 0 0 0 0 0 14 7 13 7 14 8 13 10 14 11 15 10 13 11 13 11 13 11 13 12 11 12 13 13 13 13 11 11 11 13 13 13 11 10 12 11 11 12 12 11 12 11 13 10 10 11 12 12 13 12 12 11 0 0 12 10 14 11 14 11 13 10 12 9 14 10 14 10 14 9 14 10 14 10 16 10 13 10 14 9 15 10 14 8 16 9 15 9 16 8 15 7 16 8 16 7 16 8 16 8 16 7 14 8 15 7 0 0 0 0 0 0 0 0 0 0 ]
8,1782981282.622142,17.2047,-71,CSI_DATA,AP,98:F4:AB:29:67:94,-71,11,1,5,1,1,1,0,0,0,0,-96,0,6,1,38022477,0,82,0,0,38.4046,384,[82 -96 4 0 0 0 0 0 0 0 0 0 5 -17 6 -16 5 -17 6 -16 8 -17 8 -15 8 -16 10 -14 9 -16 11 -14 11 -15 10 -14 11 -14 11 -14 10 -12 10 -15 9 -13 10 -14 8 -12 10 -13 10 -13 9 -14 10 -15 10 -14 10 -14 9 -13 0 0 9 -14 9 -14 9 -14 7 -15 8 -13 8 -15 7 -15 8 -15 7 -16 7 -16 7 -15 8 -15 6 -15 6 -15 6 -16 5 -16 5 -17 5 -15 5 -17 4 -17 5 -17 5 -16 5 -17 5 -18 5 -16 4 -16 0 0 0 0 0 0 0 0 0 0 ]
9,1782981283.121906,20.0998,-70,CSI_DATA,AP,98:F4:AB:29:67:94,-70,11,1,5,1,1,1,0,0,0,0,-96,0,6,1,38521146,0,82,0,0,38.9033,384,[82 -96 4 0 0 0 0 0 0 0 0 0 15 -3 16 -3 16 -2 15 -1 17 -1 17 -1 17 0 17 -1 18 0 18 2 18 0 18 0 18 3 18 1 18 1 19 1 17 2 18 1 16 2 18 1 19 2 20 3 18 2 18 2 20 2 19 2 0 0 19 3 20 2 19 1 19 2 19 1 20 1 20 1 20 1 19 1 20 1 20 0 19 1 18 2 18 1 20 -1 19 -1 19 0 18 -1 19 0 19 -1 19 1 19 1 18 -1 18 0 18 -1 17 -1 0 0 0 0 0 0 0 0 0 0 ]
10,1782981283.495520,18.3576,-73,CSI_DATA,AP,98:F4:AB:29:67:94,-73,11,1,5,1,1,1,0,0,0,0,-96,0,6,1,38888421,0,82,0,0,39.2706,384,[82 -96 4 0 0 0 0 0 0 0 0 0 10 -11 8 -9 12 -11 11 -10 12 -10 11 -10 13 -11 14 -9 12 -9 14 -10 14 -10 14 -9 16 -9 15 -8 15 -9 16 -8 14 -8 14 -7 13 -10 14 -9 15 -7 15 -9 16 -9 14 -11 16 -9 16 -9 0 0 16 -10 16 -10 16 -10 14 -11 16 -10 15 -12 16 -12 16 -13 16 -13 15 -13 14 -11 15 -11 15 -13 14 -12 15 -11 14 -15 16 -13 14 -14 17 -14 13 -14 14 -13 14 -14 15 -13 15 -14 14 -13 14 -13 0 0 0 0 0 0 0 0 0 0 ]
11,1782981283.545485,19.0196,-66,CSI_DATA,AP,98:F4:AB:29:67:94,-66,11,0,0,0,0,0,0,0,0,0,-96,0,6,1,38937697,0,37,0,0,39.3199,128,[37 80 2 0 0 0 0 0 0 0 0 0 -18 3 -17 3 -20 3 -18 2 -20 0 -17 0 -19 0 -20 -3 -21 -1 -21 -1 -21 -1 -22 -2 -23 -3 -21 -2 -19 -2 -23 -1 -20 -1 -21 -1 -21 0 -21 -1 -22 -3 -23 -2 -21 -2 -23 -1 -25 -1 -22 -2 0 0 -23 -1 -24 0 -25 2 -25 1 -22 1 -26 -1 -25 0 -23 -2 -24 2 -25 -1 -25 1 -23 0 -25 2 -23 0 -26 2 -25 2 -26 2 -22 1 -24 0 -25 1 -24 -1 -23 1 -25 0 -23 2 -23 1 -22 2 0 0 0 0 0 0 0 0 0 0 ]
12,1782981283.590164,21.2345,-66,CSI_DATA,AP,98:F4:AB:29:67:94,-66,11,0,0,0,0,0,0,0,0,0,-96,0,6,1,38939285,0,37,0,0,39.3533,128,[37 80 2 0 0 0 0 0 0 0 0 0 -9 16 -8 13 -10 17 -9 14 -11 17 -11 13 -10 17 -12 15 -10 17 -14 15 -16 15 -15 14 -16 14 -14 15 -11 13 -13 19 -11 15 -11 16 -12 15 -11 17 -11 16 -10 18 -12 17 -13 16 -14 17 -14 17 0 0 -10 18 -11 22 -8 20 -9 23 -10 19 -9 21 -9 23 -11 17 -6 20 -11 23 -12 23 -10 18 -9 21 -8 18 -7 25 -6 22 -9 26 -8 21 -7 23 -7 23 -8 21 -5 22 -9 22 -9 22 -8 20 -7 19 0 0 0 0 0 0 0 0 0 0 ]
13,1782981283.619899,19.7270,-74,CSI_DATA,AP,98:F4:AB:29:67:94,-74,11,1,5,1,1,1,0,0,0,0,-96,0,6,1,38942491,0,84,0,0,39.3958,384,[84 -64 4 0 0 0 0 0 0 0 0 0 8 12 9 13 9 13 8 13 7 15 5 14 5 16 5 16 7 16 6 16 4 16 5 16 4 15 6 16 5 16 4 16 5 17 6 16 4 15 4 17 4 17 5 17 5 17 5 17 3 17 5 17 0 0 5 17 6 16 6 17 8 17 6 15 6 15 6 20 6 17 6 16 5 18 7 18 8 16 7 18 6 17 9 18 8 16 9 18 6 15 6 18 8 17 7 18 8 16 6 16 7 17 6 16 6 14 0 0 0 0 0 0 0 0 0 0 ]
14,1782981283.666632,16.1155,-75,CSI_DATA,AP,98:F4:AB:29:67:94,-75,11,1,3,1,1,1,0,0,0,0,-96,0,6,1,38990377,0,84,0,0,39.4314,384,[84 -64 4 0 0 0 0 0 0 0 0 0 -6 11 -5 10 -8 12 -6 11 -5 8 -6 9 -8 10 -8 9 -5 12 -8 9 -8 11 -6 10 -9 9 -6 9 -5 10 -4 11 -6 9 -6 10 -5 11 -5 12 -7 14 -7 12 -7 11 -6 11 -7 12 -6 14 0 0 -7 14 -7 13 -4 14 -4 14 -8 15 -7 14 -10 18 -8 16 -10 16 -6 16 -8 15 -9 14 -6 16 -9 17 -7 16 -9 15 -8 18 -7 15 -10 14 -9 16 -10 16 -10 16 -11 17 -10 17 -8 14 -9 14 0 0 0 0 0 0 0 0 0 0 ]
15,1782981283.697565,16.2331,-74,CSI_DATA,AP,98:F4:AB:29:67:94,-74,11,1,5,1,1,1,0,0,0,0,-96,0,6,1,39076068,0,84,0,0,39.4734,384,[84 -64 4 0 0 0 0 0 0 0 0 0 -3 17 -5 14 -5 16 -3 14 -6 17 -5 15 -4 16 -6 15 -7 15 -8 13 -6 15 -8 13 -8 15 -8 15 -5 13 -5 15 -6 14 -6 13 -5 14 -6 14 -7 16 -6 15 -6 16 -4 14 -7 16 -5 15 0 0 -4 14 -6 15 -4 16 -4 16 -5 16 -2 16 -3 17 -5 18 -4 15 -5 17 -4 18 -4 16 -4 16 -3 15 -4 16 -2 17 -4 17 -3 17 -3 16 -5 17 -5 17 -3 16 -4 18 -3 17 -3 16 -2 16 0 0 0 0 0 0 0 0 0 0 ]
16,1782981283.808623,17.2882,-75,CSI_DATA,AP,98:F4:AB:29:67:94,-75,11,1,3,1,1,1,1,0,0,0,-96,1,6,1,39203033,0,84,0,0,39.5854,384,[84 -64 4 0 0 0 0 0 0 0 0 0 -2 -14 -3 -15 -1 -14 2 -15 0 -14 -1 -16 -1 -16 -2 -17 -3 -17 1 -18 1 -17 0 -19 -2 -18 3 -19 -2 -17 -2 -19 0 -16 -1 -14 -3 -18 -5 -19 0 -19 -3 -20 -6 -19 -1 -20 -1 -19 -3 -19 0 0 -3 -18 -3 -18 -4 -20 -9 -20 -3 -21 -7 -21 -6 -23 -5 -21 -6 -23 -7 -23 -6 -24 -3 -21 -6 -22 -5 -21 -8 -21 -7 -22 -9 -26 -6 -24 -7 -22 -7 -23 -6 -23 -8 -23 -6 -25 -8 -24 -6 -25 -4 -23 0 0 0 0 0 0 0 0 0 0 ]
17,1782981283.870013,18.8474,-74,CSI_DATA,AP,98:F4:AB:29:67:94,-74,11,1,4,1,1,1,1,0,0,0,-96,1,6,1,39270766,0,84,0,0,39.6529,384,[84 -64 4 0 0 0 0 0 0 0 0 0 0 -12 -1 -11 1 -12 -1 -10 2 -14 3 -10 1 -13 2 -12 1 -15 3 -13 2 -14 3 -14 5 -15 7 -15 5 -14 4 -15 3 -15 3 -15 2 -15 4 -17 1 -19 3 -19 3 -20 4 -19 5 -20 6 -20 0 0 3 -20 2 -23 4 -19 2 -22 4 -21 1 -25 3 -23 5 -24 4 -24 5 -25 3 -25 5 -23 5 -24 4 -24 3 -26 2 -25 5 -27 3 -24 3 -25 2 -24 3 -25 3 -26 3 -24 4 -26 3 -23 2 -24 0 0 0 0 0 0 0 0 0 0 ]
18,1782981283.949026,17.8963,-76,CSI_DATA,AP,98:F4:AB:29:67:94,-76,11,1,3,1,1,1,1,0,0,0,-96,1,6,1,39348183,0,84,0,0,39.7303,384,[84 -64 4 0 0 0 0 0 0 0 0 0 -15 -7 -13 -9 -13 -10 -11 -9 -11 -8 -10 -10 -11 -9 -10 -10 -12 -8 -14 -10 -13 -10 -13 -9 -12 -12 -11 -10 -12 -8 -11 -8 -10 -7 -11 -8 -12 -7 -10 -6 -10 -7 -14 -6 -13 -5 -12 -8 -14 -9 -12 -7 0 0 -16 -6 -14 -7 -12 -3 -16 -6 -15 -6 -17 -8 -18 -4 -19 -5 -18 -5 -20 -4 -19 -5 -19 -6 -19 -8 -19 -7 -21 -6 -20 -5 -22 -7 -20 -4 -20 -3 -19 -5 -21 -7 -21 -7 -21 -7 -21 -7 -22 -6 -19 -6 0 0 0 0 0 0 0 0 0 0 ]
19,1782981284.042695,18.8090,-76,CSI_DATA,AP,98:F4:AB:29:67:94,-76,11,1,4,1,1,1,1,0,0,0,-96,1,6,1,39441348,0,84,0,0,39.8235,384,[84 -64 4 0 0 0 0 0 0 0 0 0 -3 -7 -4 -7 -3 -7 -4 -9 -4 -9 -5 -9 -4 -9 -6 -10 -6 -11 -9 -11 -4 -15 -4 -15 -5 -14 -4 -12 -3 -12 -6 -13 -7 -11 -6 -14 -7 -12 -7 -14 -8 -15 -10 -14 -8 -17 -10 -17 -8 -17 -10 -14 0 0 -11 -17 -10 -17 -11 -17 -13 -18 -10 -16 -11 -19 -11 -18 -9 -17 -11 -19 -13 -22 -12 -22 -11 -22 -11 -21 -9 -19 -11 -21 -12 -19 -12 -22 -11 -19 -12 -18 -13 -20 -11 -21 -13 -20 -9 -22 -11 -21 -11 -21 -10 -21 0 0 0 0 0 0 0 0 0 0 ]
20,1782981284.135674,18.8323,-75,CSI_DATA,AP,98:F4:AB:29:67:94,-75,11,1,4,1,1,1,1,0,0,0,-96,1,6,1,39531377,0,84,0,0,39.9134,384,[84 -64 4 0 0 0 0 0 0 0 0 0 -5 10 -7 6 -8 8 -7 9 -9 9 -10 10 -9 9 -11 9 -9 10 -10 9 -12 10 -12 10 -13 9 -13 9 -12 8 -13 12 -9 10 -10 9 -11 9 -12 14 -12 11 -12 12 -13 12 -14 13 -14 12 -13 12 0 0 -13 11 -13 15 -13 15 -15 15 -14 15 -13 12 -14 11 -16 13 -14 14 -16 15 -16 13 -15 11 -16 11 -12 11 -12 13 -14 12 -14 13 -12 13 -12 13 -12 12 -13 13 -11 13 -11 10 -12 11 -11 9 -10 11 0 0 0 0 0 0 0 0 0 0 ]
21,1782981284.213514,18.1981,-72,CSI_DATA,AP,98:F4:AB:29:67:94,-72,11,1,4,1,1,1,1,0,0,0,-96,1,6,1,39617240,0,84,0,0,39.9994,384,[84 -64 4 0 0 0 0 0 0 0 0 0 11 12 11 12 10 13 11 11 9 13 9 14 9 14 9 14 9 14 9 15 10 15 9 15 8 15 7 15 6 14 8 15 8 14 8 13 8 14 9 15 9 15 8 15 8 15 8 15 8 15 9 15 0 0 8 14 9 14 9 14 10 14 9 13 9 14 9 15 9 15 9 15 9 13 8 14 8 13 9 13 8 13 8 13 8 12 8 12 9 11 8 11 9 11 8 12 8 11 8 11 9 10 8 9 8 9 0 0 0 0 0 0 0 0 0 0 ]
22,1782981284.324776,18.3443,-73,CSI_DATA,AP,98:F4:AB:29:67:94,-73,11,1,4,1,1,1,0,0,0,0,-96,0,6,1,39669741,0,82,0,0,40.0519,384,[82 -96 4 0 0 0 0 0 0 0 0 0 14 -1 12 2 14 -1 14 -2 14 -1 12 0 14 -2 14 0 15 0 16 1 16 1 15 2 14 2 15 3 14 3 17 1 15 2 15 0 15 0 15 1 16 1 18 -1 15 1 17 2 18 2 17 3 0 0 17 2 15 1 16 1 16 0 15 1 18 2 19 3 18 1 15 3 17 3 17 2 17 4 16 3 16 2 16 1 18 1 15 1 16 2 16 0 15 -2 16 0 15 1 15 1 16 1 15 0 15 1 0 0 0 0 0 0 0 0 0 0 ]
23,1782981284.407457,18.7513,-74,CSI_DATA,AP,98:F4:AB:29:67:94,-74,11,1,4,1,1,1,1,0,0,0,-96,1,6,1,39705096,0,84,0,0,40.0873,384,[84 -64 4 0 0 0 0 0 0 0 0 0 10 9 9 7 12 8 11 8 12 10 10 10 11 10 12 8 12 11 11 10 11 13 12 14 10 14 10 13 9 12 10 11 11 12 11 12 12 10 11 13 11 13 13 13 11 15 12 15 11 17 10 15 0 0 9 14 13 14 12 13 14 12 11 13 13 14 12 14 12 15 12 14 12 14 11 14 10 15 10 13 11 14 11 12 10 13 13 13 11 12 12 12 13 11 12 12 12 13 11 11 11 12 10 10 11 10 0 0 0 0 0 0 0 0 0 0 ]
24,1782981284.491432,20.5394,-73,CSI_DATA,AP,98:F4:AB:29:67:94,-73,11,1,4,1,1,1,1,0,0,0,-96,1,6,1,39794756,0,84,0,0,40.1769,384,[84 -64 4 0 0 0 0 0 0 0 0 0 -4 16 -3 14 -4 15 -5 14 -3 17 -3 15 -3 15 -8 17 -4 17 -7 16 -7 19 -8 18 -9 19 -8 15 -6 15 -6 18 -6 17 -8 15 -6 18 -6 20 -9 17 -9 21 -8 17 -10 21 -10 20 -10 24 0 0 -8 20 -7 24 -8 23 -5 20 -8 19 -6 22 -8 21 -8 22 -8 22 -6 22 -6 24 -7 21 -10 22 -8 22 -8 23 -7 23 -9 23 -5 20 -7 21 -7 20 -6 20 -8 20 -7 18 -5 20 -4 18 -6 18 0 0 0 0 0 0 0 0 0 0 ]
25,1782981284.574032,22.6589,-76,CSI_DATA,AP,98:F4:AB:29:67:94,-76,11,1,4,1,1,1,1,0,0,0,-96,1,6,1,39884903,0,84,0,0,40.2671,384,[84 -64 4 0 0 0 0 0 0 0 0 0 7 -9 6 -10 8 -12 6 -11 6 -13 6 -11 8 -13 8 -13 8 -15 9 -15 9 -15 10 -14 14 -13 14 -13 10 -12 11 -15 11 -12 13 -16 11 -15 9 -17 11 -19 15 -18 17 -17 14 -16 15 -17 14 -16 0 0 17 -15 15 -16 13 -18 16 -18 16 -18 15 -19 16 -20 16 -19 16 -20 18 -22 16 -20 17 -17 18 -18 15 -17 12 -17 15 -18 16 -18 15 -17 14 -17 12 -18 14 -17 12 -18 16 -19 15 -17 14 -15 12 -15 0 0 0 0 0 0 0 0 0 0 ]
26,1782981284.659629,22.0087,-77,CSI_DATA,AP,98:F4:AB:29:67:94,-77,11,1,4,1,1,1,1,0,0,0,-96,1,6,1,39975953,0,84,0,0,40.3582,384,[84 -64 4 0 0 0 0 0 0 0 0 0 8 -6 10 -6 9 -8 10 -5 8 -6 8 -6 11 -7 10 -7 12 -9 10 -7 14 -7 14 -4 14 -6 11 -5 13 -6 15 -3 12 -4 14 -6 13 -6 13 -5 16 -5 18 -8 17 -3 16 -6 19 -5 15 -6 0 0 16 -2 19 -4 18 -3 15 -7 16 -4 18 -5 17 -5 20 -6 20 -7 21 -6 18 -4 17 -3 16 -6 14 -5 16 -4 16 -5 17 -5 15 -6 13 -5 13 -6 13 -3 13 -3 14 -5 12 -6 15 -3 11 -4 0 0 0 0 0 0 0 0 0 0 ]
27,1782981284.744694,21.7255,-74,CSI_DATA,AP,98:F4:AB:29:67:94,-74,11,1,4,1,1,1,1,0,0,0,-96,1,6,1,40069242,0,84,0,0,40.4514,384,[84 -64 4 0 0 0 0 0 0 0 0 0 -8 -13 -7 -10 -8 -13 -7 -12 -7 -13 -8 -12 -8 -14 -8 -12 -7 -14 -8 -14 -7 -17 -8 -16 -9 -17 -6 -17 -6 -15 -7 -14 -7 -17 -7 -15 -8 -15 -9 -15 -8 -17 -9 -18 -10 -18 -9 -18 -8 -19 -10 -19 0 0 -9 -19 -10 -21 -9 -17 -10 -18 -9 -18 -9 -19 -12 -18 -11 -20 -9 -22 -9 -22 -10 -22 -8 -21 -8 -21 -9 -20 -8 -21 -9 -19 -9 -19 -9 -18 -7 -19 -10 -16 -7 -19 -9 -20 -8 -19 -8 -16 -7 -17 -9 -17 0 0 0 0 0 0 0 0 0 0 ]
28,1782981284.829633,18.5995,-75,CSI_DATA,AP,98:F4:AB:29:67:94,-75,11,1,3,1,1,1,1,0,0,0,-96,1,6,1,40168725,0,84,0,0,40.5509,384,[84 -64 4 0 0 0 0 0 0 0 0 0 7 17 6 17 6 17 6 17 6 15 5 15 6 15 7 15 5 15 4 17 5 18 4 18 3 17 3 18 4 16 4 16 4 16 6 13 6 17 5 13 4 16 4 15 5 15 4 17 5 16 4 17 0 0 4 14 6 14 5 15 5 15 4 16 6 17 5 14 5 14 6 17 6 16 6 15 5 14 4 14 5 14 4 13 5 14 5 13 6 10 7 12 6 11 6 11 6 11 6 11 6 11 5 10 5 9 0 0 0 0 0 0 0 0 0 0 ]
29,1782981284.913298,20.0501,-70,CSI_DATA,AP,98:F4:AB:29:67:94,-70,11,1,2,1,1,1,1,0,0,0,-96,1,6,1,40258384,0,84,0,0,40.6405,384,[84 -64 4 0 0 0 0 0 0 0 0 0 -13 8 -12 6 -14 8 -14 7 -15 7 -13 8 -15 9 -15 9 -16 9 -17 9 -16 7 -18 8 -18 8 -17 7 -15 7 -18 9 -15 9 -16 9 -16 7 -16 8 -17 9 -19 10 -19 9 -18 9 -21 7 -18 8 0 0 -19 8 -19 10 -18 10 -19 11 -18 8 -18 10 -18 10 -19 10 -21 11 -22 12 -21 11 -19 8 -20 9 -18 9 -20 10 -18 9 -20 10 -17 8 -18 9 -16 10 -17 10 -18 10 -17 9 -18 8 -18 9 -17 8 0 0 0 0 0 0 0 0 0 0 ]
30,1782981284.996827,18.5316,-75,CSI_DATA,AP,98:F4:AB:29:67:94,-75,11,1,5,1,1,1,1,0,0,0,-96,1,6,1,40338714,0,84,0,0,40.7208,384,[84 -64 4 0 0 0 0 0 0 0 0 0 -2 -14 -1 -11 -2 -10 -2 -12 -1 -13 -4 -11 -3 -12 -1 -11 -3 -11 -2 -14 -5 -13 -4 -13 -2 -16 -4 -13 -4 -13 -4 -14 -1 -12 -3 -13 -3 -14 -2 -15 -3 -16 -2 -17 -3 -17 -4 -16 -3 -18 -4 -17 0 0 -3 -18 -4 -20 -4 -17 -3 -19 -3 -18 -3 -20 -3 -19 -3 -19 -2 -20 -1 -19 -4 -20 -3 -19 -1 -20 -1 -19 -1 -20 -2 -19 -1 -21 -2 -17 -2 -19 0 -19 0 -19 -1 -20 0 -20 -2 -21 -1 -17 0 -18 0 0 0 0 0 0 0 0 0 0 ]
31,1782981285.079937,18.8889,-75,CSI_DATA,AP,98:F4:AB:29:67:94,-75,11,1,5,1,1,1,1,0,0,0,-96,1,6,1,40429628,0,84,0,0,40.8118,384,[84 -64 4 0 0 0 0 0 0 0 0 0 -8 -7 -7 -7 -8 -5 -9 -6 -10 -5 -7 -6 -8 -6 -10 -9 -12 -7 -12 -8 -12 -9 -11 -8 -13 -9 -12 -10 -10 -9 -10 -13 -13 -10 -12 -11 -12 -12 -13 -11 -14 -12 -14 -13 -13 -12 -15 -11 -14 -15 -17 -13 0 0 -16 -14 -16 -15 -14 -17 -15 -15 -13 -16 -16 -16 -14 -16 -18 -16 -17 -16 -18 -15 -18 -15 -17 -15 -15 -18 -17 -17 -15 -17 -17 -16 -15 -17 -16 -17 -17 -16 -17 -18 -15 -17 -16 -16 -17 -17 -18 -17 -15 -18 -15 -15 0 0 0 0 0 0 0 0 0 0 ]
32,1782981285.163469,19.1802,-74,CSI_DATA,AP,98:F4:AB:29:67:94,-74,11,1,4,1,1,1,1,0,0,0,-96,1,6,1,40517294,0,84,0,0,40.8994,384,[84 -64 4 0 0 0 0 0 0 0 0 0 7 -2 7 -2 8 -1 7 -1 7 -1 7 -2 7 -2 7 -1 7 -2 7 -1 7 -2 7 -2 7 -2 7 -2 7 -2 8 -1 7 -2 7 -3 5 -2 7 -3 7 -3 7 -3 6 -4 8 -3 8 -3 8 -3 0 0 8 -4 9 -4 9 -4 9 -5 8 -3 8 -4 9 -5 9 -6 9 -4 8 -4 9 -6 9 -4 10 -4 9 -4 9 -4 9 -4 8 -5 8 -5 8 -5 8 -5 8 -5 8 -5 8 -4 8 -4 8 -4 8 -3 0 0 0 0 0 0 0 0 0 0 ]
33,1782981285.247168,19.7268,-74,CSI_DATA,AP,98:F4:AB:29:67:94,-74,11,1,3,1,1,1,1,0,0,0,-96,1,6,1,40613982,0,84,0,0,40.9961,384,[84 -64 4 0 0 0 0 0 0 0 0 0 7 12 5 11 7 12 6 11 5 11 6 13 6 13 4 13 7 14 5 15 8 15 6 16 6 15 7 16 7 15 6 14 7 15 7 14 6 17 6 16 7 17 6 18 6 17 7 18 5 19 6 17 0 0 4 17 7 19 5 17 6 17 5 16 6 19 5 19 4 20 6 19 6 21 6 18 5 18 5 17 6 17 6 16 6 16 7 19 6 15 6 17 6 15 5 16 6 16 6 16 7 15 5 14 4 14 0 0 0 0 0 0 0 0 0 0 ]
34,1782981285.332470,18.4655,-76,CSI_DATA,AP,98:F4:AB:29:67:94,-76,11,1,3,1,1,1,0,0,0,0,-96,0,6,1,40671707,0,82,0,0,41.0539,384,[82 -96 4 0 0 0 0 0 0 0 0 0 -3 9 -3 8 -3 8 -1 9 -2 8 -1 8 0 8 2 8 1 10 1 9 3 12 3 11 3 11 3 10 2 11 5 11 3 10 6 11 5 11 6 13 1 11 8 15 6 14 6 16 5 16 6 18 0 0 6 18 6 18 6 17 5 17 5 18 4 18 4 20 5 19 4 20 4 21 3 19 5 18 4 19 2 18 4 19 4 17 5 19 4 18 2 17 5 16 2 18 5 17 3 16 4 17 2 16 3 16 0 0 0 0 0 0 0 0 0 0 ]
35,1782981285.416571,19.2202,-76,CSI_DATA,AP,98:F4:AB:29:67:94,-76,11,1,4,1,1,1,1,0,0,0,-96,1,6,1,40696784,0,84,0,0,41.0804,384,[84 -64 4 0 0 0 0 0 0 0 0 0 -2 7 -2 9 -3 6 -3 7 -1 6 -2 8 -1 9 -2 10 1 10 -2 11 -2 11 -1 11 -2 12 -4 13 -4 10 -1 12 -2 12 0 12 -1 12 -1 11 0 13 -1 13 -1 17 -3 15 -1 20 -2 15 0 0 -3 15 -4 17 -4 16 -4 15 -5 16 -4 16 -5 15 -2 17 -3 15 -4 17 -3 16 -6 14 -5 15 -4 16 -5 16 -4 15 -4 13 -4 13 -2 14 -4 14 -2 14 -4 15 -2 14 -3 14 -3 13 -3 12 0 0 0 0 0 0 0 0 0 0 ]
36,1782981285.502631,17.8181,-72,CSI_DATA,AP,98:F4:AB:29:67:94,-72,11,1,4,1,1,1,1,0,0,0,-96,1,6,1,40785300,0,84,0,0,41.1675,384,[84 -64 4 0 0 0 0 0 0 0 0 0 -5 0 -6 2 -5 1 -7 2 -5 3 -6 2 -7 3 -6 4 -8 3 -8 3 -9 3 -9 2 -10 3 -9 4 -10 4 -11 4 -11 4 -12 5 -11 4 -13 4 -13 4 -13 5 -15 3 -14 2 -17 3 -15 3 0 0 -16 2 -17 3 -16 3 -16 3 -14 2 -16 3 -17 3 -16 3 -16 4 -17 2 -18 3 -17 2 -17 2 -15 2 -17 3 -16 3 -18 2 -16 2 -16 4 -17 3 -16 3 -18 4 -17 3 -16 3 -15 3 -16 4 0 0 0 0 0 0 0 0 0 0 ]
37,1782981285.586359,14.9835,-72,CSI_DATA,AP,98:F4:AB:29:67:94,-72,11,1,4,1,1,1,1,0,0,0,-96,1,6,1,40877110,0,84,0,0,41.2593,384,[84 -64 4 0 0 0 0 0 0 0 0 0 -3 12 -4 10 -5 12 -5 11 -5 12 -6 11 -6 12 -5 11 -6 11 -8 12 -7 12 -8 12 -8 11 -8 11 -8 10 -8 11 -6 10 -6 10 -6 10 -6 10 -7 11 -6 11 -7 11 -8 11 -9 10 -7 9 0 0 -6 11 -6 12 -5 12 -6 11 -5 10 -6 11 -6 11 -6 11 -5 12 -7 12 -5 12 -6 11 -5 11 -4 11 -3 11 -3 10 -3 12 -3 11 -2 12 -2 11 -3 11 -2 11 -2 11 -1 12 -2 12 -1 10 0 0 0 0 0 0 0 0 0 0 ]
38,1782981285.670244,13.4729,-70,CSI_DATA,AP,98:F4:AB:29:67:94,-70,11,1,4,1,1,1,1,0,0,0,-96,1,6,1,40964552,0,84,0,0,41.3467,384,[84 -64 4 0 0 0 0 0 0 0 0 0 -9 5 -8 5 -10 5 -9 5 -10 5 -9 5 -10 5 -10 4 -10 4 -11 3 -11 5 -11 5 -12 4 -12 4 -11 4 -12 5 -11 4 -12 5 -12 4 -12 4 -13 4 -13 4 -13 4 -13 4 -14 3 -13 4 0 0 -13 4 -14 5 -13 4 -14 5 -13 3 -14 4 -14 4 -14 4 -14 5 -15 4 -14 5 -13 5 -13 5 -13 4 -13 5 -13 5 -14 5 -13 5 -14 4 -13 5 -13 4 -13 6 -13 6 -13 5 -12 6 -12 6 0 0 0 0 0 0 0 0 0 0 ]
39,1782981285.754647,14.1001,-70,CSI_DATA,AP,98:F4:AB:29:67:94,-70,11,1,4,1,1,1,1,0,0,0,-96,1,6,1,41056422,0,84,0,0,41.4386,384,[84 -64 4 0 0 0 0 0 0 0 0 0 -6 -9 -4 -10 -6 -11 -5 -11 -5 -11 -5 -11 -5 -12 -4 -13 -4 -13 -4 -13 -3 -14 -3 -14 -3 -14 -3 -14 -3 -14 -3 -15 -2 -13 -3 -15 -3 -15 -3 -15 -2 -15 -3 -16 -2 -16 -3 -15 -3 -15 -2 -15 0 0 -2 -15 -4 -16 -3 -16 -3 -16 -2 -15 -3 -15 -3 -16 -2 -16 -3 -17 -5 -16 -4 -16 -3 -15 -3 -15 -3 -14 -4 -15 -4 -14 -4 -15 -5 -13 -4 -15 -5 -15 -4 -14 -5 -14 -5 -14 -6 -14 -5 -13 -5 -13 0 0 0 0 0 0 0 0 0 0 ]
40,1782981285.838790,12.9923,-71,CSI_DATA,AP,98:F4:AB:29:67:94,-71,11,1,4,1,1,1,1,0,0,0,-96,1,6,1,41146465,0,84,0,0,41.5286,384,[84 -64 4 0 0 0 0 0 0 0 0 0 2 -10 3 -9 4 -10 3 -10 5 -9 4 -9 5 -10 5 -10 5 -10 6 -10 6 -10 6 -9 6 -9 7 -9 6 -9 7 -10 7 -10 7 -9 6 -9 8 -9 7 -9 7 -10 6 -10 8 -9 9 -10 8 -10 0 0 8 -9 8 -10 8 -10 8 -10 7 -9 7 -10 8 -10 7 -10 7 -10 7 -11 6 -10 8 -9 7 -10 6 -10 6 -10 5 -10 6 -11 5 -11 6 -11 5 -11 5 -11 5 -11 5 -12 5 -11 5 -11 4 -12 0 0 0 0 0 0 0 0 0 0 ]
41,1782981285.921847,12.0509,-72,CSI_DATA,AP,98:F4:AB:29:67:94,-72,11,1,4,1,1,1,1,0,0,0,-96,1,6,1,41235011,0,84,0,0,41.6172,384,[84 -64 4 0 0 0 0 0 0 0 0 0 -10 -2 -10 -1 -12 -2 -10 -2 -11 -3 -9 -3 -11 -3 -10 -5 -11 -3 -11 -5 -10 -5 -11 -6 -11 -5 -11 -6 -11 -5 -12 -6 -11 -5 -10 -5 -10 -4 -11 -6 -11 -6 -11 -6 -11 -8 -12 -6 -10 -6 -12 -6 0 0 -10 -7 -12 -7 -11 -6 -12 -6 -11 -7 -12 -7 -11 -7 -12 -7 -12 -7 -11 -8 -12 -7 -12 -7 -11 -7 -11 -7 -12 -6 -12 -6 -13 -6 -12 -5 -11 -6 -13 -5 -12 -6 -13 -6 -14 -6 -13 -5 -13 -6 -12 -5 0 0 0 0 0 0 0 0 0 0 ]
42,1782981286.005294,9.4206,-68,CSI_DATA,AP,98:F4:AB:29:67:94,-68,11,1,3,1,1,1,1,0,0,0,-96,1,6,1,41330772,0,84,0,0,41.7129,384,[84 -64 4 0 0 0 0 0 0 0 0 0 7 -5 6 -5 8 -5 7 -4 7 -4 7 -3 7 -3 8 -3 8 -3 8 -2 8 -2 8 -2 8 -2 7 -2 7 -2 8 -2 7 -3 7 -3 8 -2 8 -2 8 -2 8 -2 7 -2 8 -2 8 -2 7 -2 0 0 7 -3 8 -3 7 -3 7 -3 6 -2 7 -3 7 -3 7 -3 7 -4 7 -4 6 -4 6 -3 6 -4 6 -4 6 -5 6 -5 6 -5 5 -5 6 -5 5 -6 5 -6 5 -6 5 -6 5 -6 5 -6 4 -6 0 0 0 0 0 0 0 0 0 0 ]
43,1782981286.091880,9.6150,-71,CSI_DATA,AP,98:F4:AB:29:67:94,-71,11,1,4,1,1,1,1,0,0,0,-96,1,6,1,41415479,0,84,0,0,41.7976,384,[84 -64 4 0 0 0 0 0 0 0 0 0 4 9 4 8 2 10 3 9 4 9 3 9 2 11 1 10 1 10 1 10 1 11 0 10 1 11 0 10 0 11 1 11 -1 10 0 10 1 10 0 11 -1 11 -1 11 -1 11 -2 10 -1 11 0 12 0 0 0 11 -1 12 0 11 -1 12 -1 10 -1 11 -1 11 -1 11 -1 12 0 12 -1 12 0 11 -1 10 0 10 1 11 1 10 1 11 2 10 1 10 2 12 1 12 2 12 1 11 3 12 3 11 3 10 0 0 0 0 0 0 0 0 0 0 ]
44,1782981286.175489,11.8329,-69,CSI_DATA,AP,98:F4:AB:29:67:94,-69,11,1,4,1,1,1,1,0,0,0,-96,1,6,1,41505666,0,84,0,0,41.8878,384,[84 -64 4 0 0 0 0 0 0 0 0 0 11 -7 11 -6 12 -8 12 -6 13 -6 11 -5 12 -5 12 -4 13 -5 13 -4 13 -4 14 -3 14 -3 13 -3 13 -3 14 -4 12 -3 12 -4 12 -3 13 -4 13 -3 13 -3 13 -3 12 -2 14 -3 13 -3 0 0 12 -4 13 -4 12 -3 13 -4 11 -4 12 -5 11 -4 12 -5 12 -4 12 -5 11 -5 11 -4 11 -5 10 -5 10 -6 10 -6 11 -6 9 -6 9 -6 9 -7 9 -7 9 -7 9 -7 8 -7 8 -7 8 -7 0 0 0 0 0 0 0 0 0 0 ]
45,1782981286.261719,16.1502,-69,CSI_DATA,AP,98:F4:AB:29:67:94,-69,11,1,3,1,1,1,1,0,0,0,-96,1,6,1,41596766,0,84,0,0,41.9789,384,[84 -64 4 0 0 0 0 0 0 0 0 0 -7 -15 -7 -15 -7 -16 -6 -15 -5 -17 -4 -16 -4 -17 -3 -16 -4 -17 -2 -17 -1 -18 -2 -17 0 -18 -2 -17 0 -17 -1 -17 -2 -16 -3 -16 -1 -16 -2 -17 -1 -17 -2 -17 -1 -18 -1 -17 -1 -18 -2 -17 0 0 -2 -17 -3 -17 -3 -17 -4 -17 -2 -17 -2 -17 -2 -18 -3 -18 -3 -17 -3 -18 -4 -17 -2 -17 -3 -17 -3 -17 -4 -18 -5 -16 -4 -18 -5 -16 -5 -16 -5 -17 -4 -17 -5 -16 -5 -16 -4 -15 -6 -15 -5 -14 0 0 0 0 0 0 0 0 0 0 ]
46,1782981286.348658,18.9484,-67,CSI_DATA,AP,98:F4:AB:29:67:94,-67,11,1,2,1,1,1,1,0,0,0,-96,1,6,1,41695240,0,84,0,0,42.0774,384,[84 -64 4 0 0 0 0 0 0 0 0 0 16 -6 15 -6 18 -5 16 -4 18 -3 16 -2 18 -3 18 -2 19 -2 19 1 19 -1 19 1 19 2 19 1 17 1 20 0 18 1 20 0 17 1 19 1 19 0 20 1 19 2 19 2 19 2 18 2 0 0 18 0 21 0 18 -1 20 -2 17 0 19 -1 19 -1 19 -1 19 -1 21 -2 19 -2 18 -1 18 -3 18 -2 20 -5 17 -4 20 -6 17 -5 19 -5 18 -6 18 -5 17 -6 18 -5 16 -6 16 -5 16 -6 0 0 0 0 0 0 0 0 0 0 ]
47,1782981286.436659,20.4780,-65,CSI_DATA,AP,98:F4:AB:29:67:94,-65,11,1,3,1,1,1,1,0,0,0,-96,1,6,1,41774889,0,84,0,0,42.157,384,[84 -64 4 0 0 0 0 0 0 0 0 0 -8 -18 -7 -18 -7 -19 -6 -19 -5 -19 -4 -19 -4 -19 -4 -19 -3 -20 -3 -19 -3 -20 -2 -19 -2 -19 -2 -20 -2 -19 -1 -20 -2 -19 -2 -18 -1 -19 -1 -18 -1 -19 -1 -19 -1 -18 -1 -18 -2 -19 -3 -18 0 0 -2 -18 -3 -19 -3 -18 -3 -18 -3 -17 -2 -19 -4 -19 -4 -18 -4 -18 -5 -18 -4 -17 -4 -17 -5 -18 -5 -17 -5 -17 -6 -17 -6 -18 -5 -16 -6 -17 -7 -17 -6 -17 -5 -16 -6 -16 -7 -15 -6 -15 -6 -15 0 0 0 0 0 0 0 0 0 0 ]
48,1782981286.522661,21.6752,-66,CSI_DATA,AP,98:F4:AB:29:67:94,-66,11,1,3,1,1,1,1,0,0,0,-96,1,6,1,41885948,0,84,0,0,42.2681,384,[84 -64 4 0 0 0 0 0 0 0 0 0 -2 -16 -1 -16 -2 -18 -1 -17 0 -19 1 -17 1 -17 3 -18 1 -18 3 -18 3 -18 4 -19 4 -19 4 -19 3 -18 4 -19 2 -18 4 -18 3 -17 3 -19 4 -18 3 -20 4 -18 4 -18 4 -19 3 -20 0 0 3 -19 3 -21 3 -19 2 -21 2 -19 2 -20 3 -21 2 -21 2 -22 1 -23 2 -22 2 -20 2 -21 1 -21 0 -22 0 -21 1 -23 0 -21 0 -22 -1 -22 1 -22 -1 -22 0 -23 -1 -22 0 -21 -1 -20 0 0 0 0 0 0 0 0 0 0 ]
49,1782981286.609413,22.1318,-67,CSI_DATA,AP,98:F4:AB:29:67:94,-67,11,1,4,1,1,1,1,0,0,0,-96,1,6,1,41955482,0,84,0,0,42.3376,384,[84 -64 4 0 0 0 0 0 0 0 0 0 -7 -18 -5 -17 -6 -18 -5 -18 -6 -19 -4 -17 -4 -19 -4 -18 -5 -19 -3 -20 -3 -20 -2 -21 -1 -21 -2 -20 -2 -19 -3 -21 -3 -18 -4 -20 -3 -18 -3 -20 -3 -19 -4 -21 -2 -20 -2 -20 -1 -20 -2 -21 0 0 -4 -20 -3 -21 -3 -19 -5 -20 -3 -19 -4 -21 -5 -21 -4 -21 -6 -20 -5 -22 -6 -22 -5 -19 -6 -20 -5 -18 -7 -20 -7 -18 -7 -21 -7 -18 -7 -18 -8 -19 -6 -20 -8 -19 -6 -20 -7 -18 -6 -18 -7 -17 0 0 0 0 0 0 0 0 0 0 ]
50,1782981286.696384,20.8571,-62,CSI_DATA,AP,98:F4:AB:29:67:94,-62,11,1,0,1,1,1,1,0,0,0,-96,1,6,1,42053268,0,84,0,0,42.4354,384,[84 -64 4 0 0 0 0 0 0 0 0 0 5 -13 5 -11 7 -13 6 -11 8 -11 7 -8 8 -9 9 -8 9 -9 10 -8 10 -9 11 -8 11 -8 10 -8 9 -6 11 -8 9 -7 10 -6 10 -5 10 -6 11 -5 11 -5 12 -5 11 -6 12 -6 11 -5 0 0 11 -4 14 -6 13 -6 13 -6 12 -4 11 -2 12 -3 13 -3 11 -3 13 -1 15 -3 15 -2 6 4 12 -1 15 -4 -5 -3 15 0 14 0 -5 -2 8 2 13 -4 21 5 17 -3 11 -2 7 2 18 -3 0 0 0 0 0 0 0 0 0 0 ]
51,1782981286.781812,19.1173,-68,CSI_DATA,AP,98:F4:AB:29:67:94,-68,11,1,4,1,1,1,1,0,0,0,-96,1,6,1,42134653,0,84,0,0,42.5168,384,[84 -64 4 0 0 0 0 0 0 0 0 0 -15 -1 -14 -2 -15 -2 -16 -3 -16 -4 -14 -3 -15 -3 -14 -4 -15 -3 -16 -4 -15 -4 -16 -4 -16 -5 -16 -4 -16 -4 -17 -3 -16 -4 -16 -4 -14 -3 -17 -3 -16 -4 -17 -3 -17 -4 -17 -4 -18 -5 -18 -4 0 0 -18 -3 -20 -3 -17 -3 -18 -2 -17 -2 -18 -3 -20 -3 -19 -3 -19 -1 -21 -2 -21 -2 -19 -2 -19 -3 -19 -2 -20 -1 -19 -1 -21 -2 -19 0 -20 -1 -19 0 -20 -2 -19 -1 -21 -2 -20 -2 -19 -3 -18 -1 0 0 0 0 0 0 0 0 0 0 ]
52,1782981286.869310,17.9440,-67,CSI_DATA,AP,98:F4:AB:29:67:94,-67,11,1,4,1,1,1,1,0,0,0,-96,1,6,1,42225097,0,84,0,0,42.6073,384,[84 -64 4 0 0 0 0 0 0 0 0 0 8 -10 7 -10 9 -11 9 -9 9 -9 10 -8 10 -8 9 -8 9 -9 11 -9 11 -9 12 -8 11 -8 11 -8 11 -7 12 -9 10 -8 11 -9 10 -7 11 -8 11 -9 11 -9 12 -9 12 -9 12 -8 11 -9 0 0 11 -9 12 -10 11 -8 12 -11 11 -9 12 -11 12 -10 12 -10 12 -10 12 -11 12 -11 12 -10 12 -10 11 -11 11 -12 11 -11 12 -12 11 -11 11 -11 11 -12 12 -11 12 -12 13 -12 12 -12 12 -11 10 -11 0 0 0 0 0 0 0 0 0 0 ]
53,1782981286.955806,18.4910,-65,CSI_DATA,AP,98:F4:AB:29:67:94,-65,11,1,4,1,1,1,1,0,0,0,-96,1,6,1,42319570,0,84,0,0,42.7017,384,[84 -64 4 0 0 0 0 0 0 0 0 0 -6 -15 -6 -16 -6 -17 -5 -16 -5 -17 -3 -16 -4 -18 -3 -17 -4 -18 -2 -18 -2 -19 -2 -19 -1 -19 -1 -18 -1 -17 -1 -20 -2 -17 -2 -18 -1 -17 -1 -18 -2 -18 -2 -19 -1 -18 -1 -19 -1 -20 -2 -18 0 0 -2 -19 -4 -19 -2 -18 -4 -19 -3 -18 -3 -19 -3 -19 -3 -20 -4 -19 -4 -20 -4 -20 -4 -19 -4 -19 -4 -18 -5 -20 -6 -19 -5 -21 -6 -20 -6 -20 -6 -20 -6 -21 -6 -21 -5 -22 -5 -22 -5 -21 -5 -20 0 0 0 0 0 0 0 0 0 0 ]
54,1782981287.043787,17.4683,-68,CSI_DATA,AP,98:F4:AB:29:67:94,-68,11,1,4,1,1,1,1,0,0,0,-96,1,6,1,42404551,0,84,0,0,42.7867,384,[84 -64 4 0 0 0 0 0 0 0 0 0 4 -15 4 -14 5 -14 6 -14 7 -14 6 -14 7 -13 7 -13 6 -14 7 -14 7 -15 7 -15 8 -15 7 -15 8 -13 9 -14 6 -14 6 -14 8 -13 7 -15 8 -15 7 -15 7 -15 7 -16 8 -15 8 -15 0 0 7 -14 6 -17 7 -15 7 -16 6 -15 7 -16 8 -15 6 -16 6 -16 6 -17 5 -16 6 -16 6 -17 5 -17 4 -17 4 -17 5 -18 4 -18 5 -17 4 -17 5 -17 5 -17 5 -17 4 -17 4 -16 4 -16 0 0 0 0 0 0 0 0 0 0 ]
55,1782981287.129774,18.2408,-67,CSI_DATA,AP,98:F4:AB:29:67:94,-67,11,1,4,1,1,1,1,0,0,0,-96,1,6,1,42494633,0,84,0,0,42.8767,384,[84 -64 4 0 0 0 0 0 0 0 0 0 -6 -16 -6 -15 -7 -16 -5 -17 -5 -17 -4 -16 -3 -18 -4 -16 -4 -18 -3 -17 -4 -18 -2 -18 -4 -18 -3 -18 -1 -17 -1 -19 -3 -17 -3 -18 -1 -17 -2 -17 -2 -17 -1 -18 -2 -18 -2 -18 -2 -19 -3 -18 0 0 -2 -18 -3 -19 -2 -19 -3 -18 -2 -18 -3 -19 -2 -19 -3 -19 -3 -19 -4 -20 -4 -20 -4 -19 -4 -19 -3 -19 -4 -19 -4 -19 -4 -20 -4 -19 -4 -21 -5 -20 -3 -20 -4 -20 -4 -21 -3 -20 -3 -19 -4 -18 0 0 0 0 0 0 0 0 0 0 ]
56,1782981287.215219,18.0765,-67,CSI_DATA,AP,98:F4:AB:29:67:94,-67,11,1,4,1,1,1,1,0,0,0,-96,1,6,1,42584906,0,84,0,0,42.9671,384,[84 -64 4 0 0 0 0 0 0 0 0 0 16 -1 16 0 17 -1 16 1 16 0 16 1 16 1 16 1 16 2 16 3 16 2 16 2 16 3 17 3 16 3 17 2 15 2 15 2 16 1 16 2 16 2 17 1 16 2 16 1 18 2 17 1 0 0 16 2 18 2 18 0 17 0 17 2 18 1 18 2 18 0 19 1 20 0 19 0 18 1 18 0 18 0 19 0 18 -1 20 1 18 -1 19 0 18 -1 18 1 19 0 18 0 18 -1 18 1 16 0 0 0 0 0 0 0 0 0 0 0 ]
57,1782981287.301689,16.3130,-68,CSI_DATA,AP,98:F4:AB:29:67:94,-68,11,1,4,1,1,1,1,0,0,0,-96,1,6,1,42677362,0,84,0,0,43.0595,384,[84 -64 4 0 0 0 0 0 0 0 0 0 -13 11 -13 10 -14 10 -13 9 -15 10 -13 7 -14 8 -14 7 -14 8 -14 7 -13 7 -14 7 -15 7 -15 8 -13 6 -14 8 -12 8 -13 8 -12 6 -13 8 -13 7 -14 9 -13 7 -13 8 -13 8 -13 9 0 0 -13 9 -13 10 -12 10 -13 11 -13 9 -13 10 -13 10 -14 10 -13 11 -14 11 -13 12 -13 10 -13 11 -12 10 -12 13 -11 13 -13 13 -12 11 -12 13 -12 13 -13 12 -12 12 -13 13 -13 12 -12 12 -11 11 0 0 0 0 0 0 0 0 0 0 ]
58,1782981287.391013,14.3152,-70,CSI_DATA,AP,98:F4:AB:29:67:94,-70,11,1,4,1,1,1,1,0,0,0,-96,1,6,1,42764640,0,84,0,0,43.1468,384,[84 -64 4 0 0 0 0 0 0 0 0 0 11 -4 11 -2 12 -2 12 -2 11 -2 11 -2 11 -1 10 0 12 -1 12 -1 11 -2 13 -1 12 -2 12 -2 11 0 12 -3 12 -2 12 -3 11 -2 13 -2 12 -1 13 -3 13 -3 14 -3 13 -4 14 -3 0 0 14 -3 14 -3 14 -4 15 -4 14 -3 15 -4 16 -2 16 -3 15 -2 16 -3 17 -4 15 -3 16 -4 15 -3 16 -4 15 -4 16 -3 16 -3 16 -3 15 -3 17 -3 16 -3 16 -2 16 -3 15 -2 14 -2 0 0 0 0 0 0 0 0 0 0 ]
59,1782981287.479698,16.4815,-69,CSI_DATA,AP,98:F4:AB:29:67:94,-69,11,1,4,1,1,1,1,0,0,0,-96,1,6,1,42855190,0,84,0,0,43.2374,384,[84 -64 4 0 0 0 0 0 0 0 0 0 -8 -17 -7 -16 -7 -17 -6 -16 -5 -17 -6 -16 -5 -16 -5 -17 -6 -17 -5 -17 -5 -17 -5 -17 -5 -17 -5 -17 -5 -16 -5 -16 -5 -16 -5 -15 -4 -15 -6 -15 -6 -15 -6 -16 -6 -17 -6 -16 -7 -18 -7 -17 0 0 -7 -16 -7 -18 -7 -19 -8 -17 -7 -17 -7 -19 -7 -18 -8 -19 -7 -18 -9 -17 -8 -19 -7 -18 -6 -18 -7 -19 -6 -19 -7 -19 -7 -18 -8 -18 -8 -19 -8 -18 -8 -19 -6 -19 -7 -19 -7 -19 -6 -17 -7 -17 0 0 0 0 0 0 0 0 0 0 ]
60,1782981287.568687,16.1576,-68,CSI_DATA,AP,98:F4:AB:29:67:94,-68,11,1,4,1,1,1,1,0,0,0,-96,1,6,1,42946329,0,84,0,0,43.3285,384,[84 -64 4 0 0 0 0 0 0 0 0 0 -4 10 -5 10 -5 12 -5 11 -6 11 -6 10 -6 11 -6 10 -6 11 -7 11 -7 12 -7 11 -7 11 -8 12 -7 12 -7 12 -7 12 -7 13 -8 12 -8 13 -7 13 -8 13 -8 13 -8 13 -8 14 -8 14 0 0 -8 13 -9 14 -9 14 -8 15 -8 14 -8 14 -9 15 -9 15 -9 14 -9 16 -8 14 -9 14 -8 15 -8 14 -7 15 -7 15 -9 16 -8 15 -7 15 -7 16 -9 15 -8 17 -9 16 -8 16 -8 15 -8 14 0 0 0 0 0 0 0 0 0 0 ]
61,1782981287.656734,16.3571,-68,CSI_DATA,AP,98:F4:AB:29:67:94,-68,11,1,4,1,1,1,1,0,0,0,-96,1,6,1,43038373,0,84,0,0,43.4205,384,[84 -64 4 0 0 0 0 0 0 0 0 0 6 12 5 12 7 13 5 13 6 14 4 13 5 13 4 15 5 14 3 16 4 16 4 15 3 15 4 16 4 14 4 16 4 13 4 16 4 14 5 14 4 15 5 15 4 16 4 16 4 16 4 16 0 0 5 16 6 17 6 15 7 15 5 13 7 16 6 17 5 17 6 17 7 18 6 17 5 17 6 16 5 14 7 16 7 14 8 17 7 14 6 16 8 15 7 15 8 15 7 16 6 16 7 14 6 13 0 0 0 0 0 0 0 0 0 0 ]
62,1782981287.745719,18.1273,-66,CSI_DATA,AP,98:F4:AB:29:67:94,-66,11,1,4,1,1,1,1,0,0,0,-96,1,6,1,43128096,0,84,0,0,43.5103,384,[84 -64 4 0 0 0 0 0 0 0 0 0 19 2 17 2 19 3 18 3 20 4 18 4 18 5 18 6 19 5 18 7 19 6 19 7 18 8 17 7 16 7 19 6 17 5 17 6 17 6 17 7 17 6 18 6 18 7 18 6 18 6 18 5 0 0 18 6 18 4 18 4 19 2 18 4 19 4 19 4 19 4 19 3 19 4 20 3 18 5 20 3 19 4 19 2 19 1 21 2 19 2 20 1 20 1 20 1 20 1 20 2 19 2 19 2 19 1 0 0 0 0 0 0 0 0 0 0 ]
63,1782981287.834102,18.2022,-69,CSI_DATA,AP,98:F4:AB:29:67:94,-69,11,1,5,1,1,1,1,0,0,0,-96,1,6,1,43220896,0,84,0,0,43.6029,384,[84 -64 4 0 0 0 0 0 0 0 0 0 1 15 1 15 1 15 0 15 1 16 0 15 -1 15 -2 15 -2 15 -1 15 -2 15 -2 15 -2 16 -2 16 -2 15 -2 15 -2 16 -2 15 -2 15 -2 15 -2 14 -2 16 -2 14 -2 16 -2 17 -2 16 0 0 -2 16 -1 16 0 16 0 16 -2 16 -1 16 -2 16 -2 16 -1 17 -1 17 0 17 -1 16 -1 17 0 17 0 16 0 16 0 17 0 15 0 16 0 15 0 16 0 16 0 16 1 16 1 16 0 16 0 0 0 0 0 0 0 0 0 0 ]
64,1782981287.921579,16.6045,-71,CSI_DATA,AP,98:F4:AB:29:67:94,-71,11,1,5,1,1,1,1,0,0,0,-96,1,6,1,43306623,0,84,0,0,43.6888,384,[84 -64 4 0 0 0 0 0 0 0 0 0 -7 8 -7 7 -8 7 -8 6 -6 8 -8 7 -7 8 -8 9 -9 8 -8 9 -9 7 -8 8 -9 8 -9 8 -8 7 -11 8 -8 8 -8 8 -10 8 -11 8 -11 9 -10 8 -10 7 -11 8 -12 9 -12 9 0 0 -11 8 -12 9 -10 10 -10 7 -12 8 -11 9 -12 9 -12 8 -11 8 -11 9 -11 9 -12 7 -10 9 -10 10 -10 10 -10 9 -11 11 -9 10 -10 10 -10 11 -10 9 -9 10 -10 10 -9 9 -9 9 -9 9 0 0 0 0 0 0 0 0 0 0 ]
65,1782981288.009642,17.8280,-70,CSI_DATA,AP,98:F4:AB:29:67:94,-70,11,1,4,1,1,1,1,0,0,0,-96,1,6,1,43403163,0,84,0,0,43.7853,384,[84 -64 4 0 0 0 0 0 0 0 0 0 11 7 9 6 12 6 10 7 12 6 12 7 11 6 12 7 12 8 11 9 14 8 12 9 14 11 14 10 12 9 15 10 13 9 13 9 12 9 14 9 14 10 14 10 14 11 12 11 14 12 13 11 0 0 14 11 15 12 15 11 14 10 13 10 16 11 14 10 15 10 15 11 16 10 16 10 14 11 15 10 15 10 16 9 15 9 16 11 16 8 15 8 16 9 16 8 16 9 16 9 17 8 16 9 15 9 0 0 0 0 0 0 0 0 0 0 ]
66,1782981288.096879,14.2453,-70,CSI_DATA,AP,98:F4:AB:29:67:94,-70,11,1,4,1,1,1,1,0,0,0,-96,1,6,1,43487027,0,84,0,0,43.8691,384,[84 -64 4 0 0 0 0 0 0 0 0 0 6 9 6 9 5 11 5 9 5 10 4 10 4 10 4 11 4 11 4 12 4 11 4 11 4 12 4 12 3 10 3 11 4 10 4 10 4 10 4 11 3 12 5 12 4 11 4 12 4 11 5 11 0 0 5 11 5 12 5 11 5 12 5 11 5 11 6 13 4 12 5 12 5 13 6 13 5 13 5 13 6 12 6 12 7 11 7 13 6 11 7 13 7 14 6 13 6 14 7 15 7 12 6 13 6 12 0 0 0 0 0 0 0 0 0 0 ]
67,1782981288.185277,14.9868,-71,CSI_DATA,AP,98:F4:AB:29:67:94,-71,11,1,5,1,1,1,1,0,0,0,-96,1,6,1,43576576,0,84,0,0,43.9587,384,[84 -64 4 0 0 0 0 0 0 0 0 0 5 -15 8 -14 8 -16 9 -14 6 -14 7 -14 6 -13 7 -13 6 -13 8 -14 8 -15 7 -15 9 -17 10 -15 7 -13 9 -14 6 -15 6 -15 5 -15 7 -14 6 -15 6 -17 5 -16 5 -17 7 -16 6 -18 0 0 6 -19 5 -18 5 -19 5 -19 3 -18 6 -19 5 -21 5 -21 7 -19 6 -22 4 -22 7 -20 8 -20 6 -20 7 -22 5 -21 6 -23 6 -20 7 -22 6 -20 6 -21 8 -22 8 -22 6 -22 8 -22 7 -21 0 0 0 0 0 0 0 0 0 0 ]
68,1782981288.273536,15.8181,-73,CSI_DATA,AP,98:F4:AB:29:67:94,-73,11,1,5,1,1,1,1,0,0,0,-96,1,6,1,43666292,0,84,0,0,44.0484,384,[84 -64 4 0 0 0 0 0 0 0 0 0 8 9 9 8 11 8 9 9 10 9 10 9 11 8 8 8 10 8 10 8 12 8 12 9 12 11 11 11 11 11 11 11 10 10 11 10 10 11 11 10 10 11 12 10 11 10 10 11 10 14 13 13 0 0 11 10 11 13 12 10 12 11 10 12 10 12 12 13 12 11 13 11 11 12 12 13 11 14 12 14 12 12 11 15 13 14 11 11 11 11 13 14 12 14 12 15 13 15 12 14 13 16 12 16 12 15 0 0 0 0 0 0 0 0 0 0 ]
69,1782981288.362740,14.7628,-73,CSI_DATA,AP,98:F4:AB:29:67:94,-73,11,1,4,1,1,1,1,0,0,0,-96,1,6,1,43754737,0,84,0,0,44.1369,384,[84 -64 4 0 0 0 0 0 0 0 0 0 0 4 -1 2 -1 4 1 2 2 3 1 5 1 5 1 5 3 6 2 7 2 7 1 8 3 8 2 9 2 9 3 10 2 9 3 10 2 10 4 10 3 11 3 11 2 12 2 15 2 13 3 15 0 0 2 13 3 15 3 14 4 13 3 14 4 15 3 17 2 17 3 16 3 16 3 17 2 16 3 18 3 17 5 18 5 16 4 18 4 18 4 19 4 19 2 18 3 18 3 20 4 19 2 18 3 18 0 0 0 0 0 0 0 0 0 0 ]
70,1782981288.449911,14.5788,-72,CSI_DATA,AP,98:F4:AB:29:67:94,-72,11,1,4,1,1,1,1,0,0,0,-96,1,6,1,43846632,0,84,0,0,44.2288,384,[84 -64 4 0 0 0 0 0 0 0 0 0 -3 -5 -2 -5 -3 -4 -3 -4 -3 -5 -4 -4 -5 -4 -6 -3 -7 -3 -7 -3 -7 -4 -8 -4 -9 -4 -9 -4 -7 -4 -9 -5 -11 -3 -10 -4 -10 -4 -10 -5 -11 -6 -12 -5 -13 -6 -13 -4 -13 -8 -13 -6 0 0 -13 -7 -15 -8 -16 -8 -16 -6 -14 -9 -15 -8 -14 -10 -16 -9 -17 -9 -17 -8 -17 -9 -17 -10 -16 -10 -16 -10 -18 -11 -16 -9 -18 -10 -17 -10 -17 -11 -17 -11 -17 -10 -18 -11 -17 -12 -17 -11 -17 -11 -16 -11 0 0 0 0 0 0 0 0 0 0 ]
71,1782981288.543089,13.9346,-73,CSI_DATA,AP,98:F4:AB:29:67:94,-73,11,1,4,1,1,1,1,0,0,0,-96,1,6,1,43937602,0,84,0,0,44.3197,384,[84 -64 4 0 0 0 0 0 0 0 0 0 3 -5 4 -3 5 -5 5 -4 5 -5 4 -5 6 -5 5 -5 4 -6 4 -7 6 -7 6 -7 7 -7 8 -8 7 -9 9 -9 8 -7 8 -6 7 -7 7 -7 8 -7 10 -9 10 -8 9 -8 9 -10 11 -9 0 0 10 -8 11 -9 10 -8 11 -9 11 -9 11 -10 11 -9 12 -10 11 -10 12 -10 12 -10 13 -9 11 -9 11 -9 11 -10 11 -11 13 -11 11 -10 13 -11 12 -10 13 -9 13 -11 14 -10 14 -12 14 -10 11 -10 0 0 0 0 0 0 0 0 0 0 ]
72,1782981288.628584,14.2788,-70,CSI_DATA,AP,98:F4:AB:29:67:94,-70,11,1,4,1,1,1,1,0,0,0,-96,1,6,1,44026287,0,84,0,0,44.4084,384,[84 -64 4 0 0 0 0 0 0 0 0 0 4 -5 5 -4 6 -5 5 -6 6 -6 5 -5 6 -6 5 -6 7 -6 7 -7 7 -8 9 -8 8 -8 9 -8 8 -7 9 -7 8 -7 9 -7 8 -7 8 -7 9 -7 10 -8 10 -7 11 -8 12 -8 11 -9 0 0 12 -9 12 -9 11 -9 11 -9 11 -8 12 -10 13 -10 13 -9 12 -10 13 -12 13 -11 12 -10 12 -10 12 -10 14 -11 12 -11 15 -12 13 -11 13 -11 14 -11 14 -11 13 -12 16 -12 14 -12 15 -12 14 -12 0 0 0 0 0 0 0 0 0 0 ]
73,1782981288.718360,13.0178,-74,CSI_DATA,AP,98:F4:AB:29:67:94,-74,11,1,5,1,1,1,1,0,0,0,-96,1,6,1,44117591,0,84,0,0,44.4997,384,[84 -64 4 0 0 0 0 0 0 0 0 0 -3 -5 -3 -4 -4 -4 -3 -4 -4 -3 -2 -5 -3 -3 -3 -3 -6 -2 -6 -3 -6 -3 -8 -3 -8 -2 -7 -4 -7 -4 -10 -5 -8 -3 -8 -5 -9 -5 -10 -4 -10 -5 -10 -5 -10 -6 -10 -5 -11 -6 -11 -6 0 0 -10 -5 -11 -7 -11 -5 -12 -6 -12 -6 -12 -7 -12 -7 -12 -8 -11 -7 -13 -7 -14 -7 -13 -8 -13 -7 -12 -7 -13 -8 -13 -5 -14 -7 -14 -7 -13 -8 -14 -7 -14 -7 -14 -9 -14 -10 -15 -8 -14 -8 -14 -8 0 0 0 0 0 0 0 0 0 0 ]
74,1782981288.805887,13.6491,-74,CSI_DATA,AP,98:F4:AB:29:67:94,-74,11,1,5,1,1,1,1,0,0,0,-96,1,6,1,44206289,0,84,0,0,44.5885,384,[84 -64 4 0 0 0 0 0 0 0 0 0 -5 -2 -6 -2 -8 1 -7 -1 -5 1 -5 0 -6 0 -7 2 -8 3 -7 4 -8 2 -8 3 -9 3 -11 2 -10 3 -11 4 -10 3 -11 5 -11 4 -11 2 -12 4 -11 4 -13 3 -13 6 -14 5 -14 5 0 0 -14 3 -15 5 -15 4 -14 5 -15 5 -16 3 -15 3 -16 4 -15 4 -18 3 -17 4 -17 4 -17 6 -17 4 -19 4 -18 4 -18 5 -16 4 -19 4 -18 4 -19 3 -19 4 -17 4 -17 5 -18 5 -18 3 0 0 0 0 0 0 0 0 0 0 ]
75,1782981288.898950,12.8871,-71,CSI_DATA,AP,98:F4:AB:29:67:94,-71,11,1,2,1,1,1,1,0,0,0,-96,1,6,1,44300238,0,84,0,0,44.6824,384,[84 -64 4 0 0 0 0 0 0 0 0 0 -7 -4 -8 -5 -8 -6 -7 -6 -8 -7 -7 -6 -7 -7 -8 -7 -8 -7 -8 -7 -9 -7 -9 -8 -9 -8 -9 -8 -8 -8 -9 -9 -7 -8 -9 -8 -7 -8 -9 -8 -8 -7 -9 -9 -9 -8 -9 -8 -9 -8 -10 -10 0 0 -10 -9 -10 -9 -10 -8 -10 -7 -10 -8 -12 -8 -11 -9 -11 -10 -12 -10 -14 -10 -14 -9 -13 -10 -13 -9 -12 -9 -13 -10 -14 -8 -14 -10 -14 -9 -14 -10 -14 -10 -14 -11 -15 -11 -15 -10 -16 -9 -15 -10 -15 -11 0 0 0 0 0 0 0 0 0 0 ]
76,1782981288.992802,11.7346,-73,CSI_DATA,AP,98:F4:AB:29:67:94,-73,11,1,4,1,1,1,1,0,0,0,-96,1,6,1,44391610,0,84,0,0,44.7737,384,[84 -64 4 0 0 0 0 0 0 0 0 0 -3 -5 -1 -5 -3 -5 -1 -6 -2 -5 -2 -6 -3 -5 -3 -5 -5 -6 -3 -5 -4 -6 -4 -7 -5 -7 -4 -8 -4 -6 -5 -8 -5 -7 -6 -8 -5 -6 -5 -6 -7 -7 -7 -7 -8 -8 -7 -8 -8 -9 -9 -9 0 0 -8 -9 -9 -10 -8 -9 -10 -8 -9 -10 -10 -10 -11 -10 -11 -11 -10 -11 -12 -12 -12 -12 -10 -12 -11 -11 -11 -13 -12 -12 -12 -12 -12 -13 -12 -11 -11 -12 -13 -12 -12 -13 -12 -14 -11 -14 -11 -13 -11 -14 -11 -13 0 0 0 0 0 0 0 0 0 0 ]
77,1782981289.080946,14.2590,-73,CSI_DATA,AP,98:F4:AB:29:67:94,-73,11,1,5,1,1,1,1,0,0,0,-96,1,6,1,44475049,0,84,0,0,44.8572,384,[84 -64 4 0 0 0 0 0 0 0 0 0 9 0 8 0 9 1 9 0 11 0 9 0 10 2 10 2 12 0 13 0 11 2 13 2 12 2 12 4 12 3 14 3 12 1 13 2 12 1 13 3 12 2 14 2 14 1 16 2 15 4 14 3 0 0 14 4 16 3 13 2 15 2 15 3 16 2 16 3 16 3 17 3 18 3 16 3 17 4 16 3 15 3 18 3 17 2 19 3 18 3 18 4 18 3 17 4 19 2 20 5 18 4 18 5 17 3 0 0 0 0 0 0 0 0 0 0 ]
78,1782981289.169388,15.0217,-74,CSI_DATA,AP,98:F4:AB:29:67:94,-74,11,1,5,1,1,1,1,0,0,0,-96,1,6,1,44565205,0,84,0,0,44.9474,384,[84 -64 4 0 0 0 0 0 0 0 0 0 1 -7 0 -7 0 -9 0 -9 1 -6 1 -8 1 -8 1 -9 0 -10 1 -10 0 -10 0 -10 1 -11 1 -12 2 -11 0 -11 2 -11 1 -11 1 -11 1 -12 2 -12 0 -13 0 -13 0 -14 0 -15 2 -15 0 0 1 -15 1 -15 1 -15 0 -16 0 -15 2 -17 0 -16 2 -15 1 -18 0 -18 0 -17 2 -18 2 -18 3 -19 2 -18 3 -18 2 -19 2 -19 1 -19 3 -19 3 -20 4 -19 4 -20 3 -19 4 -20 3 -20 0 0 0 0 0 0 0 0 0 0 ]
79,1782981289.266722,14.6633,-72,CSI_DATA,AP,98:F4:AB:29:67:94,-72,11,1,4,1,1,1,1,0,0,0,-96,1,6,1,44654927,0,84,0,0,45.037,384,[84 -64 4 0 0 0 0 0 0 0 0 0 -7 0 -6 0 -7 -1 -8 -1 -7 -1 -7 -2 -7 -1 -9 -1 -8 0 -9 -1 -10 -1 -12 -2 -11 -2 -10 -2 -11 -2 -11 -2 -10 -1 -11 -1 -10 0 -12 -1 -11 -1 -13 -1 -13 -1 -13 -2 -14 -2 -13 -1 0 0 -15 -2 -14 -2 -14 -3 -15 0 -15 -1 -15 -2 -17 0 -16 -2 -17 -1 -17 -2 -18 -2 -17 -3 -17 -4 -17 -2 -17 -2 -17 -1 -17 -2 -16 -2 -17 -1 -17 -1 -17 -2 -19 -2 -20 -2 -19 -2 -18 -2 -17 -2 0 0 0 0 0 0 0 0 0 0 ]
80,1782981289.356867,12.3884,-72,CSI_DATA,AP,98:F4:AB:29:67:94,-72,11,1,2,1,1,1,1,0,0,0,-96,1,6,1,44747642,0,84,0,0,45.1297,384,[84 -64 4 0 0 0 0 0 0 0 0 0 -3 0 -3 1 -3 0 -3 2 -3 1 -3 2 -4 2 -3 3 -3 3 -3 3 -4 3 -5 4 -5 4 -5 5 -5 4 -5 5 -4 5 -4 5 -4 4 -5 5 -5 6 -6 5 -6 7 -6 6 -7 7 -6 7 0 0 -7 7 -6 9 -6 8 -6 9 -6 8 -7 10 -7 10 -7 10 -8 10 -9 11 -8 11 -10 10 -9 10 -9 10 -9 12 -7 12 -10 13 -7 11 -8 13 -8 12 -9 12 -10 13 -11 13 -10 12 -9 12 -10 12 0 0 0 0 0 0 0 0 0 0 ]
81,1782981289.446733,12.5099,-73,CSI_DATA,AP,98:F4:AB:29:67:94,-73,11,1,4,1,1,1,1,0,0,0,-96,1,6,1,44836047,0,84,0,0,45.2182,384,[84 -64 4 0 0 0 0 0 0 0 0 0 -3 -1 -2 0 -3 2 -3 1 -2 1 -2 2 -2 3 0 3 -1 3 -2 6 -1 6 -4 6 -5 6 -3 7 -4 7 -4 7 -4 7 -3 8 -4 7 -3 11 -4 9 -4 10 -4 10 -4 11 -6 12 -6 10 0 0 -5 12 -4 12 -4 12 -4 13 -4 11 -4 14 -5 14 -5 14 -4 16 -5 15 -6 14 -7 14 -6 14 -5 14 -6 16 -4 15 -6 17 -5 15 -4 16 -4 17 -5 17 -6 18 -7 18 -7 18 -6 17 -6 17 0 0 0 0 0 0 0 0 0 0 ]
82,1782981289.536730,11.4691,-73,CSI_DATA,AP,98:F4:AB:29:67:94,-73,11,1,4,1,1,1,1,0,0,0,-96,1,6,1,44925202,0,84,0,0,45.3074,384,[84 -64 4 0 0 0 0 0 0 0 0 0 6 3 7 1 6 2 7 2 7 1 6 1 7 2 7 0 7 1 8 0 8 0 10 1 9 2 10 1 9 1 10 1 9 1 10 1 9 1 10 1 10 1 11 2 11 1 12 2 11 1 12 2 0 0 12 3 12 2 13 1 13 1 12 3 14 3 14 3 15 3 14 4 16 4 15 3 14 4 16 5 15 4 15 4 15 4 16 4 15 4 16 4 16 4 16 6 17 7 16 6 16 6 15 6 16 5 0 0 0 0 0 0 0 0 0 0 ]
83,1782981289.627737,14.3554,-72,CSI_DATA,AP,98:F4:AB:29:67:94,-72,11,1,3,1,1,1,1,0,0,0,-96,1,6,1,45016208,0,84,0,0,45.3983,384,[84 -64 4 0 0 0 0 0 0 0 0 0 -9 0 -9 1 -9 1 -9 0 -9 2 -10 1 -9 2 -8 3 -10 4 -11 3 -11 4 -12 3 -12 3 -14 3 -12 4 -13 4 -13 4 -13 3 -13 5 -14 4 -15 5 -16 5 -16 4 -16 6 -17 4 -17 4 0 0 -18 4 -19 4 -18 6 -18 6 -18 4 -17 5 -19 5 -19 4 -20 6 -21 4 -21 5 -20 3 -20 4 -20 3 -21 5 -20 4 -21 4 -19 4 -21 6 -20 6 -21 6 -22 5 -22 4 -22 4 -20 4 -21 4 0 0 0 0 0 0 0 0 0 0 ]
84,1782981289.717739,15.5912,-72,CSI_DATA,AP,98:F4:AB:29:67:94,-72,11,1,4,1,1,1,1,0,0,0,-96,1,6,1,45106550,0,84,0,0,45.4887,384,[84 -64 4 0 0 0 0 0 0 0 0 0 -5 -7 -6 -7 -4 -7 -6 -6 -6 -7 -5 -5 -5 -5 -6 -7 -7 -7 -6 -6 -7 -7 -8 -7 -9 -6 -8 -6 -7 -7 -9 -8 -9 -6 -9 -7 -8 -7 -9 -8 -10 -7 -11 -7 -12 -8 -13 -9 -12 -10 -12 -10 0 0 -12 -9 -13 -9 -12 -10 -14 -9 -11 -9 -13 -10 -14 -11 -14 -10 -15 -12 -16 -12 -14 -12 -13 -13 -13 -13 -13 -13 -15 -12 -14 -11 -15 -13 -14 -11 -14 -12 -15 -12 -14 -13 -14 -12 -15 -14 -14 -13 -13 -13 -13 -12 0 0 0 0 0 0 0 0 0 0 ]
85,1782981289.811448,15.5769,-71,CSI_DATA,AP,98:F4:AB:29:67:94,-71,11,1,3,1,1,1,1,0,0,0,-96,1,6,1,45199426,0,84,0,0,45.5816,384,[84 -64 4 0 0 0 0 0 0 0 0 0 2 7 1 7 1 8 1 8 1 8 0 8 1 9 1 9 2 10 2 11 1 9 1 12 -1 12 1 11 0 11 1 13 1 12 0 12 1 10 0 11 1 12 2 14 -1 13 0 15 1 15 1 15 0 0 0 15 2 16 1 15 3 16 2 15 4 17 1 18 3 17 3 17 1 20 2 19 1 19 2 19 2 17 4 20 4 18 5 22 4 19 4 21 4 21 2 21 3 22 2 23 3 23 2 22 2 20 0 0 0 0 0 0 0 0 0 0 ]
86,1782981289.899851,17.1234,-72,CSI_DATA,AP,98:F4:AB:29:67:94,-72,11,1,3,1,1,1,1,0,0,0,-96,1,6,1,45284712,0,84,0,0,45.6669,384,[84 -64 4 0 0 0 0 0 0 0 0 0 -2 -4 -2 -4 -2 -5 -3 -5 -5 -4 -3 -5 -4 -5 -5 -6 -6 -6 -7 -7 -7 -8 -8 -8 -7 -8 -6 -10 -7 -10 -7 -9 -6 -9 -8 -10 -8 -10 -8 -11 -8 -10 -10 -12 -9 -12 -8 -13 -10 -14 -9 -13 0 0 -9 -14 -10 -14 -10 -13 -10 -13 -10 -14 -10 -14 -10 -16 -10 -16 -11 -15 -10 -15 -11 -15 -10 -15 -10 -16 -10 -15 -11 -16 -11 -15 -11 -15 -13 -15 -11 -16 -13 -16 -11 -17 -12 -17 -12 -17 -12 -18 -12 -16 -11 -16 0 0 0 0 0 0 0 0 0 0 ]
87,1782981289.987484,16.5016,-72,CSI_DATA,AP,98:F4:AB:29:67:94,-72,11,1,3,1,1,1,1,0,0,0,-96,1,6,1,45378922,0,84,0,0,45.7611,384,[84 -64 4 0 0 0 0 0 0 0 0 0 5 0 7 0 7 -1 5 -1 6 -1 6 -3 6 -1 7 -3 7 -3 9 -2 9 -3 9 -3 10 -3 11 -2 10 -2 11 -3 13 -3 11 -4 11 -3 11 -2 14 -3 14 -4 13 -3 14 -2 14 -2 14 -2 0 0 15 -2 15 -2 15 -3 15 -4 15 -3 16 -2 17 -3 16 -3 17 -3 17 -3 17 -3 18 -2 18 -1 17 -2 17 -3 17 -3 19 -3 18 -3 18 -4 19 -4 20 -4 20 -3 20 -3 20 -1 20 -2 19 -2 0 0 0 0 0 0 0 0 0 0 ]
88,1782981290.079777,16.1432,-71,CSI_DATA,AP,98:F4:AB:29:67:94,-71,11,1,3,1,1,1,1,0,0,0,-96,1,6,1,45465054,0,84,0,0,45.8471,384,[84 -64 4 0 0 0 0 0 0 0 0 0 0 5 0 4 0 4 1 5 1 5 1 4 2 5 3 5 3 6 3 6 4 7 4 9 3 9 3 9 5 9 4 10 7 9 6 9 5 9 5 10 6 11 6 12 5 13 6 13 4 15 5 13 0 0 5 14 5 14 6 13 6 13 5 13 6 15 5 15 6 15 6 15 7 16 6 15 5 14 5 15 6 14 8 15 7 13 8 15 7 13 8 13 9 15 8 15 8 15 8 15 8 15 8 14 7 13 0 0 0 0 0 0 0 0 0 0 ]
89,1782981290.168868,15.0577,-72,CSI_DATA,AP,98:F4:AB:29:67:94,-72,11,1,4,1,1,1,1,0,0,0,-96,1,6,1,45554918,0,84,0,0,45.9371,384,[84 -64 4 0 0 0 0 0 0 0 0 0 7 -2 7 -3 8 -3 7 -3 7 -3 7 -3 8 -3 7 -5 6 -3 6 -6 8 -8 7 -7 9 -6 8 -5 7 -6 10 -7 8 -7 8 -7 9 -7 10 -8 11 -8 10 -10 12 -10 11 -10 13 -7 13 -7 0 0 13 -8 14 -11 12 -8 12 -9 13 -9 14 -9 16 -9 15 -10 15 -9 17 -9 15 -10 16 -7 15 -8 14 -6 15 -9 13 -8 16 -9 14 -9 16 -8 15 -10 16 -8 16 -9 17 -9 15 -9 15 -8 14 -8 0 0 0 0 0 0 0 0 0 0 ]
90,1782981290.258286,15.7253,-71,CSI_DATA,AP,98:F4:AB:29:67:94,-71,11,1,4,1,1,1,1,0,0,0,-96,1,6,1,45644997,0,84,0,0,46.0271,384,[84 -64 4 0 0 0 0 0 0 0 0 0 -4 -6 -5 -5 -5 -7 -5 -6 -6 -6 -7 -6 -7 -5 -8 -5 -8 -5 -8 -5 -10 -6 -10 -6 -11 -7 -11 -8 -11 -9 -11 -9 -11 -9 -12 -10 -12 -10 -10 -10 -10 -10 -12 -10 -11 -12 -12 -11 -13 -12 -14 -13 0 0 -12 -13 -13 -14 -14 -13 -14 -12 -12 -13 -12 -14 -15 -15 -13 -14 -13 -14 -14 -14 -14 -15 -13 -15 -13 -15 -12 -15 -13 -15 -14 -15 -14 -15 -13 -14 -14 -16 -14 -16 -14 -17 -13 -17 -12 -17 -13 -15 -12 -15 -13 -15 0 0 0 0 0 0 0 0 0 0 ]
91,1782981290.350446,16.5908,-71,CSI_DATA,AP,98:F4:AB:29:67:94,-71,11,1,4,1,1,1,1,0,0,0,-96,1,6,1,45736429,0,84,0,0,46.1186,384,[84 -64 4 0 0 0 0 0 0 0 0 0 2 -7 1 -6 1 -8 0 -8 1 -8 1 -6 1 -8 0 -8 0 -10 -1 -11 0 -11 0 -12 1 -11 1 -13 0 -11 1 -13 0 -12 1 -12 0 -14 1 -15 -1 -16 0 -16 1 -15 2 -17 2 -17 2 -17 0 0 2 -16 2 -18 1 -16 3 -18 3 -17 3 -17 2 -19 4 -18 3 -18 2 -19 3 -19 3 -18 3 -19 2 -17 2 -20 2 -18 3 -21 2 -19 1 -20 0 -20 1 -21 1 -20 2 -20 2 -21 3 -20 2 -19 0 0 0 0 0 0 0 0 0 0 ]
92,1782981290.440127,15.8080,-73,CSI_DATA,AP,98:F4:AB:29:67:94,-73,11,1,4,1,1,1,1,0,0,0,-96,1,6,1,45826682,0,84,0,0,46.2088,384,[84 -64 4 0 0 0 0 0 0 0 0 0 2 9 2 7 2 8 4 9 2 8 3 7 4 7 4 7 3 8 5 8 4 8 5 10 6 10 6 10 5 9 7 10 6 9 6 9 5 9 7 9 7 11 8 11 8 12 7 12 8 13 8 12 0 0 9 12 9 12 9 11 10 13 9 13 9 13 8 15 10 14 10 12 10 15 9 15 9 13 8 14 8 14 9 15 10 13 13 14 9 13 10 14 9 14 11 14 10 17 9 13 11 14 8 14 6 12 0 0 0 0 0 0 0 0 0 0 ]
93,1782981290.530183,16.7597,-71,CSI_DATA,AP,98:F4:AB:29:67:94,-71,11,1,4,1,1,1,1,0,0,0,-96,1,6,1,45916695,0,84,0,0,46.2989,384,[84 -64 4 0 0 0 0 0 0 0 0 0 3 9 2 7 4 9 3 7 3 9 2 8 3 9 3 10 4 11 4 11 4 12 5 13 4 13 3 14 4 13 5 16 5 14 5 14 4 13 5 13 4 15 4 15 4 15 6 16 4 16 4 16 0 0 4 16 4 17 5 16 6 16 5 15 6 17 4 18 5 18 5 17 5 20 6 20 5 19 4 18 5 18 7 18 6 16 7 20 7 17 6 18 7 18 8 19 6 19 4 20 6 19 5 17 5 17 0 0 0 0 0 0 0 0 0 0 ]
94,1782981290.621859,16.8601,-72,CSI_DATA,AP,98:F4:AB:29:67:94,-72,11,1,4,1,1,1,1,0,0,0,-96,1,6,1,46008613,0,84,0,0,46.3908,384,[84 -64 4 0 0 0 0 0 0 0 0 0 -4 -5 -3 -5 -4 -5 -5 -5 -5 -5 -6 -5 -6 -5 -7 -6 -7 -6 -7 -6 -9 -5 -10 -6 -9 -7 -10 -7 -9 -7 -10 -9 -9 -8 -11 -8 -11 -9 -11 -9 -10 -11 -11 -10 -11 -10 -11 -10 -12 -12 -12 -11 0 0 -10 -12 -12 -13 -11 -12 -11 -11 -11 -12 -11 -14 -12 -13 -11 -13 -11 -13 -12 -14 -11 -14 -11 -13 -11 -14 -9 -13 -11 -13 -10 -13 -12 -14 -11 -12 -12 -14 -12 -13 -11 -15 -11 -15 -12 -15 -13 -15 -12 -13 -11 -14 0 0 0 0 0 0 0 0 0 0 ]
95,1782981290.711513,15.6123,-75,CSI_DATA,AP,98:F4:AB:29:67:94,-75,11,1,5,1,1,1,1,0,0,0,-96,1,6,1,46096621,0,84,0,0,46.4788,384,[84 -64 4 0 0 0 0 0 0 0 0 0 5 -7 5 -7 5 -9 4 -6 4 -8 5 -7 2 -6 3 -6 1 -7 2 -9 1 -9 2 -8 2 -11 2 -11 3 -10 2 -11 2 -11 2 -10 2 -11 2 -11 2 -13 2 -12 2 -13 3 -14 4 -14 3 -16 0 0 5 -16 5 -16 4 -16 5 -15 6 -15 6 -16 6 -15 7 -17 7 -17 6 -16 6 -15 7 -15 7 -15 7 -15 8 -15 7 -15 8 -16 7 -16 7 -14 8 -15 6 -14 7 -15 8 -15 7 -14 9 -14 6 -14 0 0 0 0 0 0 0 0 0 0 ]
96,1782981290.804546,16.5652,-72,CSI_DATA,AP,98:F4:AB:29:67:94,-72,11,1,5,1,1,1,1,0,0,0,-96,1,6,1,46186440,0,84,0,0,46.5685,384,[84 -64 4 0 0 0 0 0 0 0 0 0 -4 11 -3 10 0 7 -5 11 -3 11 -4 11 -3 10 -4 11 -2 12 -3 13 -4 15 -4 14 -4 14 -4 14 -3 14 -5 16 -1 15 -2 16 -4 15 -3 16 -4 16 -2 17 -5 18 -3 18 -4 17 -5 18 0 0 -5 18 -5 19 -5 20 -3 17 -5 18 -3 19 -6 21 -4 20 -3 18 -4 20 -4 20 -6 20 -7 19 -6 19 -3 19 -4 19 -6 20 -5 19 -4 21 -4 19 -6 19 -5 19 -7 20 -8 19 -7 19 -6 18 0 0 0 0 0 0 0 0 0 0 ]
97,1782981290.894243,17.7139,-71,CSI_DATA,AP,98:F4:AB:29:67:94,-71,11,1,5,1,1,1,1,0,0,0,-96,1,6,1,46278236,0,84,0,0,46.6604,384,[84 -64 4 0 0 0 0 0 0 0 0 0 1 -13 0 -13 0 -11 1 -12 -2 -13 -1 -11 -1 -12 -1 -12 -2 -13 -1 -14 -2 -13 -2 -14 -2 -15 -3 -15 -1 -14 -3 -16 -3 -14 -3 -16 -2 -16 -1 -17 -3 -16 -2 -17 -3 -17 -3 -17 -2 -19 -2 -19 0 0 -3 -18 -1 -19 -2 -18 -3 -20 -2 -18 -3 -20 -2 -20 -2 -19 -1 -19 -1 -20 -2 -21 -2 -21 -1 -21 0 -21 -2 -20 -3 -21 -1 -21 -1 -19 -3 -21 -3 -20 -2 -19 -2 -19 0 -24 -2 -19 0 -21 -1 -20 0 0 0 0 0 0 0 0 0 0 ]
98,1782981290.985622,16.5083,-72,CSI_DATA,AP,98:F4:AB:29:67:94,-72,11,1,5,1,1,1,1,0,0,0,-96,1,6,1,46369025,0,84,0,0,46.7512,384,[84 -64 4 0 0 0 0 0 0 0 0 0 11 7 10 7 11 8 10 6 10 6 8 7 9 7 9 7 10 6 10 7 11 7 12 7 12 8 12 7 11 8 12 9 12 6 12 7 11 6 13 7 12 8 13 8 12 7 13 8 12 9 13 9 0 0 13 8 12 7 13 9 14 8 12 8 14 9 13 9 13 8 15 8 15 8 15 10 15 9 14 8 15 9 15 10 15 6 17 8 16 8 16 9 17 7 16 10 15 9 16 9 17 9 15 8 15 9 0 0 0 0 0 0 0 0 0 0 ]
99,1782981291.077658,17.1535,-71,CSI_DATA,AP,98:F4:AB:29:67:94,-71,11,1,3,1,1,1,1,0,0,0,-96,1,6,1,46457555,0,84,0,0,46.8397,384,[84 -64 4 0 0 0 0 0 0 0 0 0 -13 5 -12 6 -13 7 -14 6 -13 6 -12 6 -13 6 -14 5 -13 5 -14 5 -13 5 -14 5 -15 6 -15 5 -14 5 -16 5 -15 6 -15 5 -13 4 -14 5 -14 5 -16 7 -15 5 -15 5 -17 5 -16 5 0 0 -17 6 -17 6 -16 5 -16 7 -15 6 -16 5 -17 6 -17 5 -16 6 -16 5 -18 8 -17 5 -18 6 -16 7 -17 6 -17 6 -17 7 -15 7 -16 8 -15 7 -15 6 -16 6 -16 7 -17 7 -15 6 -16 7 0 0 0 0 0 0 0 0 0 0 ]
100,1782981291.168316,17.7332,-69,CSI_DATA,AP,98:F4:AB:29:67:94,-69,11,1,3,1,1,1,1,0,0,0,-96,1,6,1,46554369,0,84,0,0,46.9365,384,[84 -64 4 0 0 0 0 0 0 0 0 0 6 13 5 13 7 13 6 14 5 15 6 14 5 15 5 14 7 14 5 15 5 17 5 17 5 17 4 17 4 15 4 16 5 16 5 16 5 15 5 15 5 15 5 17 4 16 5 17 4 17 5 16 0 0 6 16 5 17 6 17 6 16 4 15 7 16 6 16 6 16 7 17 6 16 8 18 6 16 6 17 6 17 8 16 8 16 8 17 7 16 8 16 8 15 9 16 8 17 8 17 8 15 8 16 7 15 0 0 0 0 0 0 0 0 0 0 ]
101,1782981291.261018,18.6097,-69,CSI_DATA,AP,98:F4:AB:29:67:94,-69,11,1,5,1,1,1,1,0,0,0,-96,1,6,1,46640083,0,84,0,0,47.0222,384,[84 -64 4 0 0 0 0 0 0 0 0 0 -13 -5 -11 -6 -14 -8 -11 -8 -13 -9 -13 -8 -13 -8 -13 -9 -14 -9 -14 -10 -13 -11 -14 -11 -13 -11 -13 -11 -13 -11 -15 -11 -13 -10 -14 -11 -12 -11 -13 -11 -14 -12 -14 -11 -14 -12 -14 -12 -14 -13 -14 -13 0 0 -14 -11 -15 -11 -14 -11 -16 -11 -13 -11 -14 -12 -16 -10 -14 -11 -15 -10 -16 -10 -15 -10 -15 -10 -15 -10 -15 -10 -16 -10 -16 -9 -17 -9 -16 -8 -16 -9 -17 -9 -16 -10 -17 -8 -17 -10 -16 -9 -16 -9 -15 -8 0 0 0 0 0 0 0 0 0 0 ]
102,1782981291.350836,18.0627,-69,CSI_DATA,AP,98:F4:AB:29:67:94,-69,11,1,4,1,1,1,1,0,0,0,-96,1,6,1,46735288,0,84,0,0,47.1174,384,[84 -64 4 0 0 0 0 0 0 0 0 0 0 -9 0 -9 0 -10 0 -11 0 -11 1 -12 1 -11 0 -12 1 -13 1 -13 1 -14 1 -14 1 -17 2 -14 2 -15 2 -16 2 -16 2 -14 3 -16 2 -16 3 -16 3 -17 3 -17 5 -18 4 -17 4 -17 0 0 4 -17 3 -19 3 -17 3 -18 3 -16 3 -18 4 -19 3 -18 3 -18 3 -19 2 -19 3 -18 3 -18 3 -18 3 -19 1 -19 2 -19 1 -19 2 -20 2 -20 2 -20 2 -20 1 -20 1 -20 1 -20 1 -18 0 0 0 0 0 0 0 0 0 0 ]
103,1782981291.442657,16.7725,-70,CSI_DATA,AP,98:F4:AB:29:67:94,-70,11,1,4,1,1,1,1,0,0,0,-96,1,6,1,46815115,0,84,0,0,47.1973,384,[84 -64 4 0 0 0 0 0 0 0 0 0 4 -6 4 -7 4 -7 4 -6 4 -6 5 -7 5 -8 5 -8 6 -7 5 -7 6 -9 6 -9 7 -9 7 -9 7 -8 8 -10 8 -10 7 -10 8 -10 8 -9 9 -11 7 -11 9 -10 9 -10 11 -11 10 -10 0 0 10 -10 11 -10 10 -11 11 -11 9 -10 11 -11 11 -11 10 -11 11 -11 12 -13 11 -12 12 -11 12 -12 11 -11 11 -13 11 -12 11 -13 11 -12 11 -13 10 -14 11 -13 11 -14 12 -14 12 -13 12 -13 12 -12 0 0 0 0 0 0 0 0 0 0 ]
104,1782981291.534899,13.7260,-72,CSI_DATA,AP,98:F4:AB:29:67:94,-72,11,1,3,1,1,1,1,0,0,0,-96,1,6,1,46913081,0,84,0,0,47.2952,384,[84 -64 4 0 0 0 0 0 0 0 0 0 2 5 2 5 2 5 1 5 3 6 4 6 3 5 3 6 5 7 3 6 5 7 4 8 5 8 5 9 4 8 5 7 5 8 5 9 5 9 5 8 4 9 5 10 5 10 5 10 5 11 5 11 0 0 5 11 5 12 5 12 5 11 4 11 5 11 4 12 5 11 5 12 5 13 5 12 5 11 6 11 6 11 5 11 5 11 6 11 6 11 6 11 6 10 6 10 6 11 7 12 7 11 6 11 6 11 0 0 0 0 0 0 0 0 0 0 ]
105,1782981291.628691,12.5165,-70,CSI_DATA,AP,98:F4:AB:29:67:94,-70,11,1,0,1,1,1,1,0,0,0,-96,1,6,1,47009657,0,84,0,0,47.3917,384,[84 -64 4 0 0 0 0 0 0 0 0 0 -9 2 -8 1 -9 3 -8 2 -8 2 -7 2 -8 4 -7 3 -7 4 -9 3 -9 4 -9 4 -9 3 -10 4 -9 4 -10 5 -9 4 -10 4 -9 4 -10 5 -10 4 -11 6 -12 4 -12 4 -13 4 -13 4 0 0 -13 4 -14 5 -12 5 -13 5 -13 3 -13 5 -14 4 -13 4 -12 5 -14 4 -13 4 -13 2 -14 2 -12 3 -13 3 -12 3 -14 4 -12 3 -11 4 -12 5 -12 4 -12 4 -12 3 -12 4 -11 3 -11 4 0 0 0 0 0 0 0 0 0 0 ]
106,1782981291.717808,13.9117,-71,CSI_DATA,AP,98:F4:AB:29:67:94,-71,11,1,3,1,1,1,1,0,0,0,-96,1,6,1,47086809,0,84,0,0,47.469,384,[84 -64 4 0 0 0 0 0 0 0 0 0 2 -14 3 -13 2 -13 2 -11 2 -11 2 -12 2 -11 2 -11 0 -11 2 -10 1 -12 0 -11 0 -12 0 -12 0 -12 -1 -14 -1 -13 0 -13 -1 -13 -1 -14 0 -14 -2 -15 0 -14 0 -15 -1 -16 0 -16 0 0 0 -15 1 -16 0 -16 -1 -17 1 -16 0 -16 2 -16 0 -16 1 -16 1 -17 1 -17 3 -16 2 -16 1 -15 1 -16 1 -15 2 -14 1 -15 1 -15 1 -13 2 -14 1 -14 2 -14 1 -13 1 -13 0 -11 0 0 0 0 0 0 0 0 0 0 ]
107,1782981291.811599,14.1444,-70,CSI_DATA,AP,98:F4:AB:29:67:94,-70,11,1,3,1,1,1,1,0,0,0,-96,1,6,1,47176611,0,84,0,0,47.5588,384,[84 -64 4 0 0 0 0 0 0 0 0 0 -6 -13 -6 -12 -6 -12 -6 -11 -6 -12 -6 -11 -5 -11 -6 -11 -7 -10 -6 -11 -5 -11 -6 -12 -5 -12 -6 -12 -7 -11 -6 -12 -7 -12 -8 -11 -7 -12 -6 -11 -6 -12 -7 -12 -7 -13 -7 -13 -7 -13 -7 -12 0 0 -6 -13 -7 -15 -8 -14 -8 -13 -5 -14 -7 -14 -7 -13 -7 -14 -6 -14 -6 -15 -6 -15 -5 -15 -5 -14 -6 -15 -6 -14 -6 -14 -6 -14 -5 -14 -5 -13 -5 -13 -5 -14 -5 -13 -4 -14 -5 -13 -3 -12 -4 -12 0 0 0 0 0 0 0 0 0 0 ]
108,1782981291.904064,17.1277,-67,CSI_DATA,AP,98:F4:AB:29:67:94,-67,11,1,1,1,1,1,1,0,0,0,-96,1,6,1,47269644,0,84,0,0,47.6518,384,[84 -64 4 0 0 0 0 0 0 0 0 0 -3 -19 -3 -18 -3 -20 -1 -17 -2 -19 0 -17 -1 -18 -1 -18 -2 -18 0 -19 -1 -18 0 -19 -1 -19 0 -18 -1 -17 -1 -20 -2 -16 -2 -18 -2 -17 -1 -19 -2 -18 -2 -19 -3 -19 -1 -19 -1 -20 -1 -20 0 0 -2 -20 -3 -21 -3 -20 -3 -20 -2 -19 -3 -20 -3 -20 -3 -20 -3 -20 -3 -22 -3 -21 -3 -20 -3 -20 -1 -19 -4 -21 -4 -21 -5 -21 -3 -20 -3 -20 -4 -20 -2 -20 -4 -21 -2 -20 -3 -20 -2 -19 -2 -18 0 0 0 0 0 0 0 0 0 0 ]
109,1782981291.997154,18.4463,-68,CSI_DATA,AP,98:F4:AB:29:67:94,-68,11,1,3,1,1,1,1,0,0,0,-96,1,6,1,47356074,0,84,0,0,47.7382,384,[84 -64 4 0 0 0 0 0 0 0 0 0 -7 16 -7 14 -7 14 -7 15 -7 14 -8 13 -8 13 -8 13 -8 14 -8 13 -8 14 -10 14 -8 14 -8 14 -8 14 -9 15 -8 14 -8 14 -8 14 -7 14 -9 14 -8 15 -9 15 -8 14 -9 15 -9 14 0 0 -9 15 -9 16 -9 15 -8 15 -9 14 -8 16 -9 15 -9 14 -8 16 -8 16 -8 16 -8 16 -8 15 -7 15 -8 16 -7 15 -9 16 -8 16 -8 16 -6 16 -9 15 -8 15 -8 15 -9 15 -8 15 -8 14 0 0 0 0 0 0 0 0 0 0 ]
110,1782981292.087525,19.9363,-68,CSI_DATA,AP,98:F4:AB:29:67:94,-68,11,1,3,1,1,1,1,0,0,0,-96,1,6,1,47445334,0,84,0,0,47.8275,384,[84 -64 4 0 0 0 0 0 0 0 0 0 10 -13 10 -13 12 -13 11 -12 11 -12 11 -11 11 -12 11 -12 12 -12 12 -11 12 -12 12 -13 13 -12 13 -12 13 -12 13 -13 13 -12 12 -12 12 -12 12 -12 13 -13 14 -12 12 -12 13 -12 14 -13 14 -14 0 0 15 -13 15 -12 15 -14 14 -14 13 -13 14 -13 15 -13 15 -14 15 -14 14 -14 14 -14 13 -13 13 -14 14 -13 14 -14 13 -14 14 -13 13 -13 14 -14 13 -15 14 -13 13 -13 14 -13 13 -15 12 -14 13 -13 0 0 0 0 0 0 0 0 0 0 ]
111,1782981292.179060,21.0833,-68,CSI_DATA,AP,98:F4:AB:29:67:94,-68,11,1,3,1,1,1,1,0,0,0,-96,1,6,1,47534691,0,84,0,0,47.9169,384,[84 -64 4 0 0 0 0 0 0 0 0 0 3 -16 3 -14 3 -16 2 -15 5 -17 5 -15 4 -16 5 -16 4 -16 6 -16 6 -16 7 -16 7 -17 7 -17 6 -15 6 -17 5 -15 5 -17 5 -15 5 -17 6 -16 6 -18 6 -18 7 -18 8 -18 7 -17 0 0 6 -18 6 -18 7 -17 6 -19 7 -17 6 -19 7 -19 5 -19 5 -19 7 -21 6 -20 6 -17 6 -19 6 -18 6 -21 4 -18 6 -21 5 -19 5 -20 5 -20 5 -19 5 -19 6 -20 6 -19 7 -18 4 -18 0 0 0 0 0 0 0 0 0 0 ]
112,1782981292.270275,19.1754,-68,CSI_DATA,AP,98:F4:AB:29:67:94,-68,11,1,3,1,1,1,1,0,0,0,-96,1,6,1,47625635,0,84,0,0,48.0078,384,[84 -64 4 0 0 0 0 0 0 0 0 0 -9 7 -8 7 -11 8 -10 8 -10 8 -10 8 -10 8 -11 7 -11 8 -12 8 -12 7 -12 7 -14 6 -12 6 -12 6 -13 9 -11 7 -12 7 -12 7 -12 8 -13 7 -14 7 -14 8 -14 6 -15 7 -14 8 0 0 -13 8 -14 9 -13 8 -14 10 -13 7 -13 8 -14 8 -14 8 -14 9 -15 10 -15 9 -14 7 -14 8 -13 9 -13 10 -13 10 -15 10 -13 9 -13 10 -14 10 -13 9 -13 10 -15 9 -13 10 -13 8 -12 8 0 0 0 0 0 0 0 0 0 0 ]
113,1782981292.363665,17.0477,-69,CSI_DATA,AP,98:F4:AB:29:67:94,-69,11,1,3,1,1,1,1,0,0,0,-96,1,6,1,47716034,0,84,0,0,48.0981,384,[84 -64 4 0 0 0 0 0 0 0 0 0 -11 4 -11 3 -12 3 -13 3 -12 2 -12 3 -13 1 -13 1 -13 2 -14 1 -15 2 -15 2 -16 1 -15 1 -15 1 -15 1 -14 2 -14 1 -14 0 -16 1 -15 1 -16 1 -15 0 -16 1 -16 1 -17 1 0 0 -16 1 -17 2 -16 2 -17 3 -16 1 -18 1 -18 0 -18 1 -18 2 -18 2 -18 3 -18 2 -18 2 -18 2 -19 3 -17 4 -19 2 -18 3 -18 3 -18 3 -19 3 -19 3 -19 3 -18 3 -18 3 -17 4 0 0 0 0 0 0 0 0 0 0 ]
114,1782981292.455877,16.0210,-69,CSI_DATA,AP,98:F4:AB:29:67:94,-69,11,1,3,1,1,1,1,0,0,0,-96,1,6,1,47804781,0,84,0,0,48.187,384,[84 -64 4 0 0 0 0 0 0 0 0 0 12 -4 11 -4 12 -4 12 -3 13 -2 12 -3 13 -3 13 -3 14 -3 14 -3 14 -2 15 -2 14 -3 15 -2 15 -2 16 -2 16 -2 15 -2 15 -2 14 -2 16 -2 16 -3 16 -3 17 -1 17 -2 17 -2 0 0 17 -4 18 -3 17 -4 17 -3 16 -3 17 -3 17 -3 19 -4 19 -3 18 -4 18 -4 17 -4 18 -5 17 -4 18 -4 18 -5 18 -5 17 -6 16 -6 17 -6 17 -6 18 -5 18 -6 18 -6 17 -5 17 -6 0 0 0 0 0 0 0 0 0 0 ]
115,1782981292.547709,15.9683,-68,CSI_DATA,AP,98:F4:AB:29:67:94,-68,11,1,4,1,1,1,1,0,0,0,-96,1,6,1,47894779,0,84,0,0,48.277,384,[84 -64 4 0 0 0 0 0 0 0 0 0 4 13 4 12 4 13 3 13 3 14 2 13 2 14 2 13 2 14 1 15 2 15 2 15 1 16 1 15 2 15 2 16 2 15 3 15 2 14 2 15 1 15 2 17 3 16 1 16 2 17 2 16 0 0 2 16 3 18 2 16 4 18 2 16 2 17 2 18 3 18 4 19 4 20 4 18 3 18 4 18 4 17 4 19 5 18 5 20 4 17 5 19 5 20 5 19 4 19 4 19 4 19 4 19 4 18 0 0 0 0 0 0 0 0 0 0 ]
116,1782981292.637985,16.5481,-66,CSI_DATA,AP,98:F4:AB:29:67:94,-66,11,1,2,1,1,1,1,0,0,0,-96,1,6,1,47987372,0,84,0,0,48.3695,384,[84 -64 4 0 0 0 0 0 0 0 0 0 8 -11 8 -9 8 -10 8 -11 9 -11 8 -9 9 -9 10 -9 10 -10 10 -11 10 -11 11 -11 10 -10 10 -11 10 -10 11 -12 9 -11 10 -11 10 -10 10 -11 12 -10 12 -12 12 -11 12 -12 13 -12 12 -12 0 0 13 -12 13 -14 12 -13 12 -14 12 -12 14 -14 13 -13 13 -14 13 -14 14 -14 12 -15 12 -14 12 -14 12 -13 14 -16 12 -14 14 -15 12 -15 13 -14 13 -15 13 -14 13 -14 14 -15 13 -15 12 -14 12 -13 0 0 0 0 0 0 0 0 0 0 ]
117,1782981292.729261,15.9977,-68,CSI_DATA,AP,98:F4:AB:29:67:94,-68,11,1,4,1,1,1,1,0,0,0,-96,1,6,1,48076102,0,84,0,0,48.4583,384,[84 -64 4 0 0 0 0 0 0 0 0 0 2 11 1 11 2 11 2 12 1 12 1 12 1 12 0 13 1 12 0 14 1 14 0 14 1 14 0 14 0 14 0 15 1 13 0 14 0 14 0 13 -1 15 1 15 0 15 0 15 -1 16 1 15 0 0 0 16 1 17 1 16 2 16 0 16 0 17 0 17 1 17 1 17 1 18 1 19 1 17 1 17 0 17 2 18 3 18 2 20 2 18 1 18 2 18 2 18 1 18 1 19 1 18 1 17 1 17 0 0 0 0 0 0 0 0 0 0 ]
118,1782981292.821435,16.8894,-68,CSI_DATA,AP,98:F4:AB:29:67:94,-68,11,1,4,1,1,1,1,0,0,0,-96,1,6,1,48164863,0,84,0,0,48.5471,384,[84 -64 4 0 0 0 0 0 0 0 0 0 -11 -4 -12 -3 -12 -4 -13 -4 -12 -5 -12 -5 -13 -5 -12 -5 -13 -5 -13 -7 -13 -7 -13 -7 -14 -8 -13 -8 -13 -7 -14 -7 -13 -7 -14 -7 -14 -8 -14 -7 -15 -8 -14 -8 -14 -8 -13 -9 -15 -8 -15 -8 0 0 -15 -8 -16 -8 -16 -8 -16 -7 -15 -9 -16 -9 -16 -9 -17 -8 -16 -8 -17 -8 -17 -8 -16 -8 -17 -9 -17 -8 -17 -9 -17 -8 -17 -8 -16 -8 -18 -9 -17 -8 -18 -9 -17 -8 -17 -9 -17 -8 -16 -8 -16 -8 0 0 0 0 0 0 0 0 0 0 ]
119,1782981292.914835,16.4245,-68,CSI_DATA,AP,98:F4:AB:29:67:94,-68,11,1,4,1,1,1,1,0,0,0,-96,1,6,1,48256043,0,84,0,0,48.6382,384,[84 -64 4 0 0 0 0 0 0 0 0 0 0 9 -1 10 -2 12 -1 11 -2 12 -2 11 -2 11 -3 13 -2 13 -3 13 -3 13 -3 13 -5 14 -5 12 -4 12 -5 14 -4 12 -4 15 -5 12 -4 13 -4 14 -4 14 -5 14 -5 14 -6 15 -5 14 0 0 -5 16 -5 16 -5 16 -4 14 -6 14 -4 16 -5 15 -5 15 -5 17 -5 16 -4 17 -5 16 -5 17 -5 16 -3 17 -3 16 -5 17 -4 16 -4 17 -3 16 -3 17 -4 16 -4 18 -4 16 -4 16 -3 16 0 0 0 0 0 0 0 0 0 0 ]
120,1782981293.007818,17.4195,-68,CSI_DATA,AP,98:F4:AB:29:67:94,-68,11,1,3,1,1,1,1,0,0,0,-96,1,6,1,48354871,0,84,0,0,48.737,384,[84 -64 4 0 0 0 0 0 0 0 0 0 12 -6 12 -5 13 -5 12 -6 13 -5 13 -5 12 -5 14 -5 15 -6 14 -5 15 -5 15 -5 15 -4 15 -4 14 -5 16 -5 15 -5 15 -5 15 -4 15 -5 15 -6 16 -5 16 -5 16 -5 17 -5 17 -5 0 0 18 -6 18 -6 16 -7 17 -8 16 -6 17 -6 17 -6 18 -8 19 -7 18 -8 19 -8 17 -7 18 -7 17 -7 19 -8 18 -9 19 -10 18 -8 19 -9 18 -10 19 -10 18 -9 18 -9 18 -8 18 -8 16 -9 0 0 0 0 0 0 0 0 0 0 ]
121,1782981293.100816,16.6252,-68,CSI_DATA,AP,98:F4:AB:29:67:94,-68,11,1,3,1,1,1,1,0,0,0,-96,1,6,1,48434722,0,84,0,0,48.8168,384,[84 -64 4 0 0 0 0 0 0 0 0 0 -7 9 -7 9 -8 8 -9 9 -8 9 -7 9 -8 8 -9 8 -9 9 -9 8 -10 8 -10 9 -10 8 -10 9 -10 8 -10 9 -10 9 -10 9 -10 8 -10 8 -10 9 -11 10 -11 10 -11 10 -12 10 -11 10 0 0 -12 10 -12 11 -11 10 -11 11 -11 9 -13 10 -12 10 -12 11 -12 11 -13 11 -12 11 -13 11 -12 11 -12 10 -13 12 -11 11 -13 12 -12 11 -13 12 -12 11 -13 11 -12 11 -13 12 -11 11 -13 10 -12 11 0 0 0 0 0 0 0 0 0 0 ]
122,1782981293.193824,17.0600,-68,CSI_DATA,AP,98:F4:AB:29:67:94,-68,11,1,3,1,1,1,1,0,0,0,-96,1,6,1,48526721,0,84,0,0,48.9089,384,[84 -64 4 0 0 0 0 0 0 0 0 0 13 -4 13 -3 15 -3 14 -2 15 -2 14 -2 16 -1 15 -1 17 -1 16 -1 17 -1 17 0 17 1 17 0 16 0 18 1 17 0 16 -1 16 -1 17 0 17 0 19 0 18 -1 18 0 18 0 19 -1 0 0 18 0 20 -1 19 0 20 -1 18 0 20 -1 21 0 20 -1 20 -1 21 -2 21 -2 20 -1 21 -1 19 -1 21 -1 20 -1 21 -1 21 -1 21 -2 21 -2 21 -1 20 -1 22 -1 21 -1 20 -1 19 -1 0 0 0 0 0 0 0 0 0 0 ]
123,1782981293.286825,17.6660,-68,CSI_DATA,AP,98:F4:AB:29:67:94,-68,11,1,3,1,1,1,1,0,0,0,-96,1,6,1,48616660,0,84,0,0,48.9988,384,[84 -64 4 0 0 0 0 0 0 0 0 0 10 -8 11 -8 12 -8 11 -6 12 -7 11 -6 15 -7 13 -7 13 -8 14 -6 15 -7 15 -7 15 -6 15 -7 15 -6 16 -7 15 -6 15 -7 14 -6 15 -7 15 -7 16 -8 16 -7 17 -7 17 -6 17 -8 0 0 16 -8 17 -8 17 -8 18 -10 17 -7 17 -8 17 -8 18 -9 18 -9 18 -9 18 -10 18 -8 18 -8 16 -9 18 -10 17 -10 18 -10 18 -10 17 -11 17 -10 18 -9 18 -10 19 -10 17 -10 17 -9 17 -9 0 0 0 0 0 0 0 0 0 0 ]
124,1782981293.380828,18.1377,-68,CSI_DATA,AP,98:F4:AB:29:67:94,-68,11,1,3,1,1,1,1,0,0,0,-96,1,6,1,48705950,0,84,0,0,49.0881,384,[84 -64 4 0 0 0 0 0 0 0 0 0 -3 12 -4 13 -3 13 -4 14 -4 13 -6 12 -6 13 -7 13 -7 14 -8 15 -8 14 -9 14 -9 15 -8 14 -8 13 -8 15 -8 15 -7 15 -8 14 -8 15 -9 15 -9 15 -10 17 -9 15 -8 16 -8 17 0 0 -9 16 -9 19 -8 16 -9 20 -8 16 -9 19 -9 17 -9 17 -9 18 -10 19 -8 18 -9 17 -8 19 -8 18 -7 19 -6 18 -8 20 -8 18 -7 19 -8 18 -8 19 -8 18 -8 19 -9 18 -8 18 -8 18 0 0 0 0 0 0 0 0 0 0 ]
125,1782981293.472831,18.1944,-68,CSI_DATA,AP,98:F4:AB:29:67:94,-68,11,1,4,1,1,1,1,0,0,0,-96,1,6,1,48796487,0,84,0,0,49.1786,384,[84 -64 4 0 0 0 0 0 0 0 0 0 9 7 10 7 9 8 10 8 10 8 9 8 9 10 9 9 9 9 9 10 10 11 9 11 9 12 9 11 9 11 10 12 9 11 9 10 10 10 9 10 10 12 10 12 9 11 9 12 10 12 10 12 0 0 10 12 11 13 11 13 12 12 9 12 11 12 11 12 10 13 11 12 11 12 11 13 10 12 11 13 12 13 12 12 13 12 12 14 12 12 12 13 11 12 12 13 12 12 12 14 12 12 12 12 11 11 0 0 0 0 0 0 0 0 0 0 ]
126,1782981293.565832,18.3102,-67,CSI_DATA,AP,98:F4:AB:29:67:94,-67,11,1,4,1,1,1,1,0,0,0,-96,1,6,1,48884773,0,84,0,0,49.2669,384,[84 -64 4 0 0 0 0 0 0 0 0 0 -2 -14 -2 -13 -2 -15 0 -13 -1 -14 0 -13 -1 -14 -1 -14 0 -15 1 -15 -1 -16 1 -16 0 -16 1 -15 0 -15 1 -17 1 -15 0 -16 1 -15 0 -16 1 -16 0 -18 0 -16 0 -18 1 -18 1 -17 0 0 -1 -18 0 -19 1 -18 -1 -18 0 -18 0 -19 1 -20 0 -18 -1 -19 -1 -19 0 -19 0 -19 0 -20 1 -19 0 -20 -1 -20 0 -20 -1 -18 -1 -20 0 -16 1 -19 0 -19 0 -20 0 -19 0 -19 -1 -18 0 0 0 0 0 0 0 0 0 0 ]
127,1782981293.656734,18.0925,-67,CSI_DATA,AP,98:F4:AB:29:67:94,-67,11,1,4,1,1,1,1,0,0,0,-96,1,6,1,48975055,0,84,0,0,49.3572,384,[84 -64 4 0 0 0 0 0 0 0 0 0 -6 12 -6 12 -7 13 -7 13 -8 12 -8 12 -8 12 -9 12 -9 13 -10 13 -10 13 -10 13 -9 13 -11 12 -10 12 -10 15 -10 13 -9 13 -9 13 -10 13 -11 13 -11 14 -11 14 -12 15 -12 15 -12 15 0 0 -12 16 -12 17 -10 15 -11 18 -10 15 -11 17 -13 16 -12 17 -13 16 -12 18 -11 18 -13 17 -12 17 -11 17 -12 18 -12 18 -12 19 -11 18 -11 18 -11 19 -12 18 -12 18 -13 18 -11 18 -12 17 -11 17 0 0 0 0 0 0 0 0 0 0 ]
128,1782981293.749983,18.1160,-68,CSI_DATA,AP,98:F4:AB:29:67:94,-68,11,1,4,1,1,1,1,0,0,0,-96,1,6,1,49066845,0,84,0,0,49.449,384,[84 -64 4 0 0 0 0 0 0 0 0 0 -13 -7 -12 -6 -14 -8 -14 -7 -14 -8 -12 -8 -13 -7 -13 -10 -14 -9 -13 -11 -14 -10 -14 -12 -14 -10 -13 -11 -14 -10 -15 -11 -13 -9 -15 -10 -14 -9 -15 -9 -15 -10 -16 -10 -16 -11 -16 -12 -16 -12 -16 -12 0 0 -18 -11 -18 -11 -18 -11 -20 -10 -16 -10 -18 -11 -19 -11 -18 -11 -18 -11 -19 -12 -19 -11 -17 -11 -18 -12 -18 -10 -20 -9 -19 -8 -21 -10 -19 -8 -20 -9 -20 -8 -19 -9 -19 -9 -20 -11 -20 -9 -18 -10 -19 -8 0 0 0 0 0 0 0 0 0 0 ]
129,1782981293.843840,17.4260,-67,CSI_DATA,AP,98:F4:AB:29:67:94,-67,11,1,4,1,1,1,1,0,0,0,-96,1,6,1,49155518,0,84,0,0,49.5376,384,[84 -64 4 0 0 0 0 0 0 0 0 0 -12 6 -11 5 -12 5 -12 5 -13 4 -14 4 -13 4 -13 4 -15 4 -14 3 -14 4 -15 4 -15 2 -15 2 -15 3 -16 4 -14 4 -16 2 -16 3 -16 2 -16 2 -17 2 -16 2 -17 2 -17 2 -18 3 0 0 -18 3 -18 4 -18 3 -18 4 -15 2 -19 1 -17 2 -19 4 -18 1 -22 2 -19 2 -18 2 -18 3 -19 3 -18 3 -18 4 -19 3 -19 3 -17 2 -17 3 -17 3 -18 4 -17 2 -19 4 -17 2 -16 4 0 0 0 0 0 0 0 0 0 0 ]
130,1782981293.932878,17.0731,-67,CSI_DATA,AP,98:F4:AB:29:67:94,-67,11,1,4,1,1,1,1,0,0,0,-96,1,6,1,49245194,0,84,0,0,49.6274,384,[84 -64 4 0 0 0 0 0 0 0 0 0 1 12 1 12 1 12 0 13 0 13 0 12 0 12 0 13 -1 14 -2 14 -1 15 -2 14 -2 15 -1 14 -1 13 -2 15 -1 15 -1 15 -1 14 -1 15 -2 16 -1 15 -1 16 -2 16 -1 17 -1 17 0 0 0 15 0 18 -1 17 0 18 -1 16 -2 17 -2 17 -1 17 0 18 0 18 0 18 -1 18 0 17 1 18 1 17 1 18 1 19 1 18 1 18 2 18 1 19 0 18 1 18 2 17 1 17 2 17 0 0 0 0 0 0 0 0 0 0 ]
131,1782981294.022998,17.2059,-69,CSI_DATA,AP,98:F4:AB:29:67:94,-69,11,1,5,1,1,1,1,0,0,0,-96,1,6,1,49336477,0,84,0,0,49.7186,384,[84 -64 4 0 0 0 0 0 0 0 0 0 13 -3 13 -4 14 -4 13 -3 14 -4 14 -3 13 -4 15 -3 15 -1 15 -3 15 -2 17 -3 17 -2 16 -3 16 -2 15 -3 14 -2 17 -3 16 -2 16 -4 17 -3 18 -4 17 -2 18 -3 18 -1 18 -3 0 0 18 -3 18 -3 19 -3 18 -4 18 -3 19 -4 20 -2 19 -4 19 -4 19 -4 18 -4 19 -4 18 -4 18 -4 19 -5 19 -6 20 -6 18 -5 18 -5 18 -6 19 -5 19 -5 19 -5 18 -5 18 -4 17 -4 0 0 0 0 0 0 0 0 0 0 ]
132,1782981294.113260,17.7881,-68,CSI_DATA,AP,98:F4:AB:29:67:94,-68,11,1,4,1,1,1,1,0,0,0,-96,1,6,1,49427022,0,84,0,0,49.8091,384,[84 -64 4 0 0 0 0 0 0 0 0 0 -10 8 -11 5 -12 7 -11 6 -12 7 -11 7 -12 6 -12 7 -13 6 -15 5 -14 5 -15 6 -14 6 -14 6 -13 5 -16 7 -14 6 -15 7 -13 7 -14 6 -16 6 -15 7 -15 6 -16 5 -17 6 -16 6 0 0 -16 7 -17 8 -16 7 -17 9 -17 6 -16 6 -17 7 -18 8 -18 7 -18 8 -17 8 -17 7 -16 7 -16 8 -18 9 -16 9 -18 9 -15 8 -17 8 -16 8 -17 8 -18 8 -17 8 -17 9 -16 9 -16 8 0 0 0 0 0 0 0 0 0 0 ]
133,1782981294.202987,18.7367,-69,CSI_DATA,AP,98:F4:AB:29:67:94,-69,11,1,5,1,1,1,1,0,0,0,-96,1,6,1,49515527,0,84,0,0,49.8977,384,[84 -64 4 0 0 0 0 0 0 0 0 0 -9 -13 -8 -13 -8 -13 -8 -13 -7 -13 -7 -14 -6 -14 -6 -15 -8 -15 -5 -15 -7 -15 -7 -16 -6 -15 -7 -16 -6 -16 -6 -17 -7 -15 -6 -16 -6 -15 -6 -16 -7 -17 -7 -18 -6 -17 -7 -17 -7 -18 -8 -18 0 0 -7 -16 -8 -19 -7 -19 -7 -17 -8 -18 -8 -19 -7 -19 -8 -19 -8 -18 -8 -18 -9 -18 -8 -18 -9 -18 -7 -19 -9 -18 -10 -17 -9 -19 -10 -18 -9 -18 -10 -18 -10 -18 -9 -18 -9 -17 -10 -18 -9 -18 -9 -17 0 0 0 0 0 0 0 0 0 0 ]
134,1782981294.293387,18.7196,-69,CSI_DATA,AP,98:F4:AB:29:67:94,-69,11,1,5,1,1,1,1,0,0,0,-96,1,6,1,49609313,0,84,0,0,49.9915,384,[84 -64 4 0 0 0 0 0 0 0 0 0 12 -1 13 0 15 0 15 1 14 2 14 1 14 2 14 1 15 2 14 2 15 2 16 3 15 2 16 2 15 3 16 3 16 3 15 3 15 3 15 2 16 3 17 2 17 3 16 3 18 3 17 3 0 0 17 2 17 4 19 4 17 2 18 4 17 3 19 3 18 4 18 3 20 2 19 3 17 3 19 3 19 2 18 3 18 0 19 3 18 1 19 2 18 1 18 2 18 2 17 1 19 0 17 1 17 1 0 0 0 0 0 0 0 0 0 0 ]
135,1782981294.384442,18.3344,-69,CSI_DATA,AP,98:F4:AB:29:67:94,-69,11,1,5,1,1,1,1,0,0,0,-96,1,6,1,49695383,0,84,0,0,50.0775,384,[84 -64 4 0 0 0 0 0 0 0 0 0 13 6 12 7 12 7 12 7 12 7 11 7 13 9 11 8 13 8 12 9 12 10 12 9 12 10 12 10 11 9 13 10 11 9 12 10 11 10 13 9 14 11 14 10 13 11 13 11 13 12 14 11 0 0 14 12 14 12 14 11 15 10 13 10 15 12 14 11 14 12 15 12 15 12 14 11 15 11 14 12 14 11 15 10 15 9 17 11 16 10 16 10 15 9 16 10 16 11 16 11 16 11 14 11 15 10 0 0 0 0 0 0 0 0 0 0 ]
136,1782981294.473664,18.3809,-69,CSI_DATA,AP,98:F4:AB:29:67:94,-69,11,1,5,1,1,1,1,0,0,0,-96,1,6,1,49784836,0,84,0,0,50.167,384,[84 -64 4 0 0 0 0 0 0 0 0 0 -3 -13 -3 -14 -2 -16 -2 -15 -2 -15 0 -15 -1 -15 0 -15 -1 -15 2 -16 1 -16 1 -18 0 -18 1 -17 1 -16 0 -16 1 -16 2 -17 3 -17 2 -17 2 -19 1 -18 2 -18 2 -19 3 -18 2 -19 0 0 1 -19 0 -19 0 -19 1 -20 1 -19 1 -20 1 -22 0 -19 1 -21 0 -22 0 -19 2 -20 1 -18 1 -19 -1 -20 -2 -19 0 -20 0 -18 0 -20 -1 -20 -1 -20 0 -20 0 -20 0 -20 0 -19 0 -18 0 0 0 0 0 0 0 0 0 0 ]
137,1782981294.565473,18.3805,-69,CSI_DATA,AP,98:F4:AB:29:67:94,-69,11,1,5,1,1,1,1,0,0,0,-96,1,6,1,49882859,0,84,0,0,50.265,384,[84 -64 4 0 0 0 0 0 0 0 0 0 -11 -12 -9 -10 -10 -12 -11 -11 -10 -13 -8 -12 -8 -13 -8 -13 -10 -13 -9 -14 -9 -14 -9 -15 -8 -16 -8 -15 -8 -14 -9 -14 -10 -14 -10 -15 -9 -14 -9 -15 -10 -16 -10 -15 -9 -16 -9 -15 -9 -16 -10 -17 0 0 -9 -15 -10 -17 -10 -15 -11 -16 -11 -17 -11 -17 -11 -17 -11 -18 -10 -16 -11 -17 -12 -17 -10 -16 -11 -17 -11 -15 -12 -16 -12 -15 -13 -17 -12 -16 -11 -16 -13 -16 -12 -17 -13 -16 -11 -18 -12 -16 -11 -15 -11 -16 0 0 0 0 0 0 0 0 0 0 ]
138,1782981294.655425,18.6593,-68,CSI_DATA,AP,98:F4:AB:29:67:94,-68,11,1,4,1,1,1,1,0,0,0,-96,1,6,1,49971385,0,84,0,0,50.3535,384,[84 -64 4 0 0 0 0 0 0 0 0 0 -7 -12 -7 -12 -7 -14 -7 -14 -8 -15 -6 -15 -6 -15 -5 -15 -6 -15 -6 -16 -7 -16 -5 -17 -6 -16 -6 -18 -4 -17 -7 -17 -5 -17 -7 -16 -7 -17 -6 -16 -6 -17 -6 -18 -5 -17 -5 -19 -6 -18 -6 -19 0 0 -7 -18 -8 -19 -6 -18 -8 -19 -7 -18 -7 -19 -8 -21 -7 -19 -7 -19 -8 -19 -9 -19 -7 -18 -8 -20 -8 -18 -10 -19 -10 -19 -9 -21 -9 -18 -8 -18 -9 -19 -9 -18 -9 -18 -9 -20 -10 -19 -9 -18 -9 -16 0 0 0 0 0 0 0 0 0 0 ]
139,1782981294.745950,18.4260,-69,CSI_DATA,AP,98:F4:AB:29:67:94,-69,11,1,5,1,1,1,1,0,0,0,-96,1,6,1,50054906,0,84,0,0,50.4371,384,[84 -64 4 0 0 0 0 0 0 0 0 0 -6 12 -6 12 -7 12 -8 13 -8 12 -8 13 -8 13 -9 12 -8 13 -9 14 -9 13 -10 14 -11 14 -10 14 -10 13 -11 14 -9 14 -9 14 -10 13 -9 14 -10 13 -11 14 -11 15 -12 14 -12 14 -12 14 0 0 -12 15 -11 17 -11 14 -11 16 -12 14 -12 15 -11 16 -11 15 -11 15 -11 15 -10 17 -11 15 -10 15 -10 16 -9 16 -9 15 -10 17 -9 15 -9 16 -8 17 -10 16 -9 16 -9 17 -8 16 -9 16 -8 15 0 0 0 0 0 0 0 0 0 0 ]
140,1782981294.836764,17.8182,-69,CSI_DATA,AP,98:F4:AB:29:67:94,-69,11,1,5,1,1,1,1,0,0,0,-96,1,6,1,50147486,0,84,0,0,50.5296,384,[84 -64 4 0 0 0 0 0 0 0 0 0 -3 13 -3 13 -5 15 -4 14 -6 14 -5 14 -6 14 -7 14 -5 15 -7 14 -6 15 -8 15 -9 15 -8 14 -7 14 -7 15 -7 14 -6 15 -7 14 -8 15 -7 15 -8 16 -8 15 -8 16 -7 16 -9 16 0 0 -8 14 -7 18 -7 17 -6 17 -7 16 -8 17 -7 18 -7 18 -7 18 -7 18 -7 18 -8 16 -7 17 -6 18 -6 19 -5 17 -5 19 -5 18 -5 18 -5 18 -5 18 -5 18 -7 18 -6 17 -5 18 -5 16 0 0 0 0 0 0 0 0 0 0 ]
141,1782981294.926745,17.8821,-65,CSI_DATA,AP,98:F4:AB:29:67:94,-65,11,1,0,1,1,1,1,0,0,0,-96,1,6,1,50240266,0,84,0,0,50.6224,384,[84 -64 4 0 0 0 0 0 0 0 0 0 8 10 6 11 8 13 8 12 7 12 6 11 5 12 4 13 5 13 5 13 7 15 6 15 6 16 5 16 3 13 6 17 6 14 6 14 5 14 4 15 3 15 6 16 4 15 6 16 6 17 5 16 0 0 5 16 7 18 8 16 8 16 6 17 6 18 6 18 5 18 7 18 7 17 10 18 7 16 8 18 7 17 7 17 8 16 9 19 8 17 7 18 8 16 6 18 7 17 8 17 9 17 8 16 8 15 0 0 0 0 0 0 0 0 0 0 ]
142,1782981295.018870,18.8776,-67,CSI_DATA,AP,98:F4:AB:29:67:94,-67,11,1,4,1,1,1,1,0,0,0,-96,1,6,1,50324819,0,84,0,0,50.707,384,[84 -64 4 0 0 0 0 0 0 0 0 0 14 4 11 4 14 4 14 5 13 5 13 6 14 7 14 7 13 6 14 7 14 6 15 8 14 8 14 7 13 8 15 8 13 6 14 6 15 6 15 7 15 8 16 7 16 8 16 8 18 8 18 8 0 0 17 6 19 8 18 7 18 6 16 7 18 7 18 7 19 5 19 7 21 6 19 6 19 6 19 6 19 6 20 5 19 5 20 5 19 4 20 6 19 4 20 5 21 4 21 4 19 4 18 4 17 5 0 0 0 0 0 0 0 0 0 0 ]
143,1782981295.109072,18.8602,-68,CSI_DATA,AP,98:F4:AB:29:67:94,-68,11,1,4,1,1,1,1,0,0,0,-96,1,6,1,50416618,0,84,0,0,50.7988,384,[84 -64 4 0 0 0 0 0 0 0 0 0 6 -12 6 -12 7 -13 8 -13 8 -13 9 -12 10 -12 10 -11 8 -13 12 -12 11 -13 12 -14 12 -13 12 -12 11 -12 11 -13 11 -13 11 -12 10 -11 11 -13 12 -13 11 -14 12 -13 12 -14 13 -13 12 -14 0 0 13 -13 12 -15 11 -13 13 -15 13 -14 13 -15 12 -15 13 -14 13 -15 14 -16 13 -15 13 -13 12 -14 13 -15 12 -16 11 -17 12 -16 11 -16 12 -15 13 -16 13 -16 12 -16 13 -16 13 -16 12 -15 12 -15 0 0 0 0 0 0 0 0 0 0 ]
144,1782981295.198284,19.1650,-67,CSI_DATA,AP,98:F4:AB:29:67:94,-67,11,1,4,1,1,1,1,0,0,0,-96,1,6,1,50508678,0,84,0,0,50.8908,384,[84 -64 4 0 0 0 0 0 0 0 0 0 0 15 0 12 1 16 0 14 0 15 -1 14 0 16 -3 15 -1 16 -2 17 -2 16 -3 17 -3 17 -2 17 -3 14 -3 17 -1 16 -1 17 -3 18 -1 17 -3 18 -2 19 -2 19 -4 18 -4 19 -4 18 0 0 -2 18 -3 20 -1 18 -3 19 -2 18 -1 20 -3 20 -3 21 -1 20 -1 22 -1 20 -2 18 -1 19 -1 19 0 21 1 19 1 22 0 20 0 20 0 21 -1 20 0 21 0 22 0 20 -1 20 -1 19 0 0 0 0 0 0 0 0 0 0 ]
145,1782981295.290177,18.0181,-67,CSI_DATA,AP,98:F4:AB:29:67:94,-67,11,1,4,1,1,1,1,0,0,0,-96,1,6,1,50598805,0,84,0,0,50.981,384,[84 -64 4 0 0 0 0 0 0 0 0 0 -12 4 -12 3 -14 3 -14 4 -13 3 -14 2 -14 1 -15 2 -14 2 -15 1 -16 3 -16 1 -16 1 -16 1 -15 -1 -17 1 -16 1 -16 1 -16 0 -16 0 -17 -1 -18 0 -17 0 -18 0 -17 -1 -18 0 0 0 -17 0 -18 1 -18 1 -17 1 -18 0 -18 -1 -19 1 -19 0 -20 1 -18 1 -19 2 -17 1 -18 1 -18 0 -19 2 -19 1 -20 2 -18 1 -19 1 -18 2 -19 2 -18 1 -19 0 -19 2 -17 1 -17 1 0 0 0 0 0 0 0 0 0 0 ]
146,1782981295.379007,15.3582,-67,CSI_DATA,AP,98:F4:AB:29:67:94,-67,11,1,4,1,1,1,1,0,0,0,-96,1,6,1,50687537,0,84,0,0,51.0696,384,[84 -64 4 0 0 0 0 0 0 0 0 0 -7 7 -8 7 -8 7 -8 7 -10 7 -9 7 -9 6 -10 6 -9 7 -10 7 -10 7 -9 7 -11 6 -11 6 -10 7 -11 8 -11 7 -10 7 -11 7 -10 7 -12 7 -11 8 -11 7 -12 7 -11 8 -11 7 0 0 -12 8 -12 9 -11 8 -12 8 -11 8 -11 8 -12 9 -12 9 -12 9 -13 9 -12 9 -12 8 -11 9 -12 10 -11 10 -11 10 -12 10 -11 9 -12 10 -11 11 -11 9 -11 10 -11 10 -11 10 -10 10 -10 9 0 0 0 0 0 0 0 0 0 0 ]
147,1782981295.470485,15.6145,-68,CSI_DATA,AP,98:F4:AB:29:67:94,-68,11,1,4,1,1,1,1,0,0,0,-96,1,6,1,50774756,0,84,0,0,51.1569,384,[84 -64 4 0 0 0 0 0 0 0 0 0 11 5 11 5 11 6 11 6 11 6 10 6 10 7 11 7 11 7 11 8 11 9 12 10 11 10 11 10 11 8 12 10 11 9 12 8 11 9 11 8 12 10 13 9 12 10 12 11 13 11 13 10 0 0 13 9 14 11 13 10 14 9 13 10 13 10 14 10 15 10 14 10 16 10 14 10 14 10 14 11 14 10 15 10 16 9 15 11 15 9 15 9 16 8 15 10 15 10 15 10 15 9 14 10 14 9 0 0 0 0 0 0 0 0 0 0 ]
148,1782981295.560805,17.5290,-68,CSI_DATA,AP,98:F4:AB:29:67:94,-68,11,1,4,1,1,1,1,0,0,0,-96,1,6,1,50866604,0,84,0,0,51.2488,384,[84 -64 4 0 0 0 0 0 0 0 0 0 2 -13 2 -14 3 -16 3 -14 4 -14 4 -14 5 -15 5 -15 4 -15 5 -16 6 -16 7 -16 7 -16 7 -17 7 -15 7 -17 6 -16 5 -17 6 -16 7 -15 7 -17 7 -17 9 -16 8 -17 8 -18 7 -17 0 0 8 -18 8 -19 7 -18 8 -20 8 -17 8 -19 9 -19 9 -19 9 -19 8 -21 7 -20 8 -19 8 -19 8 -19 8 -20 7 -19 8 -20 8 -19 8 -20 8 -20 9 -20 8 -20 9 -20 8 -20 8 -19 7 -19 0 0 0 0 0 0 0 0 0 0 ]
149,1782981295.650241,20.4213,-67,CSI_DATA,AP,98:F4:AB:29:67:94,-67,11,1,3,1,1,1,1,0,0,0,-96,1,6,1,50957317,0,84,0,0,51.3394,384,[84 -64 4 0 0 0 0 0 0 0 0 0 15 3 14 3 16 4 16 6 15 4 16 6 16 6 15 7 16 7 17 7 17 8 18 9 16 8 18 9 16 8 17 9 17 8 16 8 17 9 16 9 17 11 17 10 17 11 17 11 19 12 19 11 0 0 18 12 18 10 19 11 18 10 17 11 17 11 18 12 19 13 19 12 19 13 19 11 19 12 19 13 20 12 18 11 19 11 20 12 20 11 20 12 20 11 19 12 19 13 18 12 21 11 18 10 18 10 0 0 0 0 0 0 0 0 0 0 ]
150,1782981295.740094,20.8447,-69,CSI_DATA,AP,98:F4:AB:29:67:94,-69,11,1,5,1,1,1,1,0,0,0,-96,1,6,1,51044779,0,84,0,0,51.4269,384,[84 -64 4 0 0 0 0 0 0 0 0 0 6 -14 5 -11 6 -13 8 -12 8 -12 8 -12 9 -13 8 -13 9 -14 8 -13 10 -13 11 -13 11 -14 11 -13 11 -11 11 -14 11 -14 11 -13 10 -12 11 -14 11 -14 11 -14 12 -14 12 -13 13 -15 13 -15 0 0 12 -16 12 -16 12 -15 12 -15 13 -14 12 -16 12 -15 12 -15 14 -17 13 -17 12 -16 12 -16 12 -15 10 -16 12 -16 11 -17 11 -17 11 -17 11 -17 10 -18 11 -17 10 -17 12 -17 11 -16 11 -15 11 -15 0 0 0 0 0 0 0 0 0 0 ]
151,1782981295.830633,21.6378,-67,CSI_DATA,AP,98:F4:AB:29:67:94,-67,11,1,4,1,1,1,1,0,0,0,-96,1,6,1,51141545,0,84,0,0,51.5236,384,[84 -64 4 0 0 0 0 0 0 0 0 0 -13 6 -13 7 -14 6 -13 5 -14 5 -14 4 -15 5 -15 4 -15 5 -15 5 -16 5 -17 4 -17 4 -16 3 -16 3 -18 4 -16 4 -16 4 -16 4 -17 6 -18 5 -18 6 -18 4 -19 5 -20 5 -18 5 0 0 -18 6 -20 7 -19 6 -19 8 -17 5 -19 7 -19 6 -19 7 -20 8 -20 8 -22 8 -20 7 -20 6 -18 7 -20 9 -18 8 -21 9 -19 8 -19 9 -20 9 -20 9 -21 9 -20 8 -20 8 -20 7 -19 7 0 0 0 0 0 0 0 0 0 0 ]
152,1782981295.919181,21.4748,-69,CSI_DATA,AP,98:F4:AB:29:67:94,-69,11,1,5,1,1,1,1,0,0,0,-96,1,6,1,51226211,0,84,0,0,51.6084,384,[84 -64 4 0 0 0 0 0 0 0 0 0 -14 -3 -14 -2 -15 -4 -15 -3 -15 -3 -14 -4 -14 -4 -15 -4 -15 -4 -16 -6 -15 -5 -16 -6 -16 -6 -16 -7 -15 -5 -17 -5 -15 -5 -16 -6 -15 -6 -16 -5 -18 -7 -17 -7 -17 -7 -18 -7 -18 -8 -18 -8 0 0 -18 -7 -19 -6 -18 -7 -19 -6 -18 -6 -19 -7 -20 -6 -20 -8 -20 -7 -19 -6 -21 -8 -20 -7 -19 -6 -18 -7 -19 -5 -19 -5 -21 -6 -19 -5 -20 -6 -20 -5 -19 -6 -20 -6 -20 -7 -19 -6 -19 -6 -19 -6 0 0 0 0 0 0 0 0 0 0 ]
153,1782981296.007964,19.2317,-69,CSI_DATA,AP,98:F4:AB:29:67:94,-69,11,1,5,1,1,1,1,0,0,0,-96,1,6,1,51320464,0,84,0,0,51.7026,384,[84 -64 4 0 0 0 0 0 0 0 0 0 11 8 10 7 11 9 11 8 11 9 11 9 11 10 10 10 11 9 10 10 12 11 10 12 10 11 11 11 9 11 11 12 9 11 10 11 10 12 11 11 11 13 11 12 10 14 11 13 11 13 12 12 0 0 12 13 12 14 12 13 12 14 11 14 12 13 13 14 11 13 13 14 13 14 15 14 12 14 12 14 13 13 14 13 14 13 14 14 13 12 14 13 14 12 13 15 13 13 13 14 14 12 13 12 12 12 0 0 0 0 0 0 0 0 0 0 ]
154,1782981296.105893,18.3535,-69,CSI_DATA,AP,98:F4:AB:29:67:94,-69,11,1,5,1,1,1,1,0,0,0,-96,1,6,1,51406862,0,84,0,0,51.7889,384,[84 -64 4 0 0 0 0 0 0 0 0 0 11 -8 10 -8 12 -9 12 -8 12 -8 13 -8 14 -7 14 -6 14 -8 14 -7 14 -7 14 -7 16 -7 15 -7 15 -6 16 -6 15 -6 14 -7 14 -6 15 -7 15 -7 17 -6 15 -7 16 -7 17 -7 17 -7 0 0 17 -8 17 -6 17 -8 16 -7 16 -7 18 -8 17 -7 16 -8 18 -7 17 -8 18 -8 18 -8 17 -8 18 -8 18 -9 16 -10 19 -10 17 -9 18 -9 16 -10 18 -9 18 -9 18 -9 17 -9 17 -9 16 -10 0 0 0 0 0 0 0 0 0 0 ]
155,1782981296.194459,16.8822,-68,CSI_DATA,AP,98:F4:AB:29:67:94,-68,11,1,4,1,1,1,1,0,0,0,-96,1,6,1,51496745,0,84,0,0,51.8789,384,[84 -64 4 0 0 0 0 0 0 0 0 0 7 -11 7 -11 7 -12 9 -10 10 -12 8 -10 8 -11 9 -11 9 -11 12 -12 12 -13 11 -12 11 -12 12 -12 10 -11 12 -13 11 -12 11 -13 12 -12 11 -12 11 -13 11 -13 12 -13 13 -13 12 -13 13 -13 0 0 13 -13 13 -14 12 -14 13 -16 13 -13 13 -15 14 -15 13 -16 13 -16 14 -15 13 -15 14 -15 14 -16 13 -14 12 -18 12 -17 13 -17 13 -17 12 -17 11 -17 14 -17 12 -16 13 -17 13 -17 12 -15 13 -16 0 0 0 0 0 0 0 0 0 0 ]
156,1782981296.286913,15.9901,-68,CSI_DATA,AP,98:F4:AB:29:67:94,-68,11,1,4,1,1,1,1,0,0,0,-96,1,6,1,51584821,0,84,0,0,51.967,384,[84 -64 4 0 0 0 0 0 0 0 0 0 1 -12 2 -11 3 -13 2 -13 3 -13 3 -12 4 -13 5 -12 5 -13 5 -14 5 -14 5 -14 6 -14 7 -14 5 -13 6 -16 6 -15 5 -15 6 -14 7 -13 8 -15 7 -16 7 -15 7 -15 9 -15 8 -16 0 0 8 -16 7 -16 6 -16 7 -17 6 -15 7 -16 9 -17 8 -17 8 -17 6 -18 7 -17 7 -17 7 -17 7 -16 6 -19 5 -18 6 -19 6 -19 7 -18 6 -19 7 -18 6 -19 7 -18 6 -18 7 -17 6 -16 0 0 0 0 0 0 0 0 0 0 ]
157,1782981296.376380,17.5470,-66,CSI_DATA,AP,98:F4:AB:29:67:94,-66,11,1,2,1,1,1,1,0,0,0,-96,1,6,1,51679472,0,84,0,0,52.0616,384,[84 -64 4 0 0 0 0 0 0 0 0 0 10 -9 11 -8 12 -8 12 -7 12 -8 13 -7 13 -6 14 -6 14 -7 15 -7 15 -8 15 -7 16 -6 16 -7 15 -6 17 -6 15 -7 15 -8 15 -6 15 -6 17 -6 16 -6 17 -6 18 -7 18 -7 18 -6 0 0 18 -7 18 -8 16 -8 17 -9 17 -7 18 -8 19 -7 19 -8 19 -8 19 -10 19 -9 18 -9 19 -8 19 -9 19 -10 18 -11 20 -11 18 -10 19 -10 18 -11 19 -10 19 -9 20 -10 18 -11 19 -10 17 -9 0 0 0 0 0 0 0 0 0 0 ]
158,1782981296.467904,17.5714,-68,CSI_DATA,AP,98:F4:AB:29:67:94,-68,11,1,4,1,1,1,1,0,0,0,-96,1,6,1,51766532,0,84,0,0,52.1487,384,[84 -64 4 0 0 0 0 0 0 0 0 0 -9 -9 -9 -8 -10 -9 -9 -9 -10 -9 -8 -10 -10 -10 -9 -10 -9 -11 -9 -11 -9 -11 -9 -11 -10 -11 -9 -12 -9 -12 -11 -13 -9 -11 -9 -12 -9 -11 -10 -11 -11 -12 -10 -12 -10 -12 -10 -12 -11 -13 -12 -12 0 0 -12 -12 -12 -13 -11 -12 -12 -12 -11 -12 -13 -13 -12 -12 -13 -12 -13 -12 -14 -14 -14 -12 -12 -13 -13 -13 -13 -12 -14 -12 -14 -11 -14 -13 -15 -11 -15 -12 -16 -11 -15 -12 -15 -13 -14 -13 -14 -13 -15 -12 -13 -12 0 0 0 0 0 0 0 0 0 0 ]
159,1782981296.556817,18.6564,-68,CSI_DATA,AP,98:F4:AB:29:67:94,-68,11,1,4,1,1,1,1,0,0,0,-96,1,6,1,51855062,0,84,0,0,52.2373,384,[84 -64 4 0 0 0 0 0 0 0 0 0 -14 -2 -13 -2 -14 -3 -13 -1 -15 -4 -13 -4 -13 -3 -14 -5 -15 -4 -15 -5 -15 -5 -15 -6 -16 -5 -15 -6 -15 -5 -17 -6 -15 -4 -17 -5 -15 -5 -15 -4 -17 -6 -17 -5 -17 -7 -17 -6 -17 -8 -17 -6 0 0 -18 -6 -19 -6 -18 -5 -19 -4 -16 -5 -19 -6 -18 -7 -19 -7 -19 -5 -21 -7 -20 -6 -18 -7 -20 -6 -20 -6 -21 -5 -20 -4 -21 -6 -19 -5 -20 -4 -21 -5 -21 -6 -21 -6 -20 -6 -20 -5 -20 -6 -19 -5 0 0 0 0 0 0 0 0 0 0 ]
160,1782981296.644761,17.9405,-68,CSI_DATA,AP,98:F4:AB:29:67:94,-68,11,1,4,1,1,1,1,0,0,0,-96,1,6,1,51944931,0,84,0,0,52.3271,384,[84 -64 4 0 0 0 0 0 0 0 0 0 13 -1 12 0 13 -1 13 0 14 -1 13 1 13 1 13 1 13 0 14 2 15 1 15 3 15 1 15 2 13 2 15 1 15 1 16 1 14 2 16 1 16 2 16 2 16 2 18 1 17 2 17 2 0 0 18 1 19 1 18 1 18 0 17 1 19 0 19 0 19 0 19 1 20 -1 20 1 19 1 20 1 19 1 20 -1 19 -2 21 -1 19 -1 20 -2 20 -2 20 0 20 -1 21 0 20 -1 19 0 18 -1 0 0 0 0 0 0 0 0 0 0 ]
161,1782981296.733369,17.8862,-68,CSI_DATA,AP,98:F4:AB:29:67:94,-68,11,1,4,1,1,1,1,0,0,0,-96,1,6,1,52034635,0,84,0,0,52.4168,384,[84 -64 4 0 0 0 0 0 0 0 0 0 -2 11 -3 12 -2 12 -2 12 -3 13 -4 12 -4 12 -4 12 -4 12 -5 11 -5 12 -4 13 -5 12 -5 13 -5 13 -5 13 -5 13 -4 13 -4 13 -5 12 -5 13 -6 14 -5 13 -5 14 -6 14 -5 15 0 0 -5 15 -6 15 -6 15 -5 15 -5 15 -5 16 -6 16 -6 15 -5 16 -4 16 -4 16 -5 15 -5 16 -4 16 -5 16 -3 16 -4 16 -4 16 -4 17 -4 17 -5 17 -4 17 -5 18 -4 17 -4 16 -4 16 0 0 0 0 0 0 0 0 0 0 ]
162,1782981296.821467,16.4407,-68,CSI_DATA,AP,98:F4:AB:29:67:94,-68,11,1,4,1,1,1,1,0,0,0,-96,1,6,1,52124660,0,84,0,0,52.5067,384,[84 -64 4 0 0 0 0 0 0 0 0 0 6 -10 7 -9 8 -10 8 -11 8 -10 9 -9 8 -9 8 -10 9 -10 9 -10 9 -10 9 -10 11 -11 11 -10 9 -9 10 -11 10 -10 10 -10 9 -10 9 -11 11 -11 10 -12 10 -11 10 -11 11 -11 11 -12 0 0 10 -13 10 -13 10 -13 9 -14 10 -12 10 -14 11 -15 10 -14 10 -14 10 -15 10 -14 11 -14 10 -13 10 -14 10 -15 9 -15 11 -16 9 -15 9 -16 9 -16 9 -15 10 -16 10 -15 10 -15 9 -15 9 -14 0 0 0 0 0 0 0 0 0 0 ]
163,1782981296.909113,16.9842,-68,CSI_DATA,AP,98:F4:AB:29:67:94,-68,11,1,4,1,1,1,1,0,0,0,-96,1,6,1,52217171,0,84,0,0,52.5993,384,[84 -64 4 0 0 0 0 0 0 0 0 0 -13 -5 -13 -5 -13 -5 -13 -5 -14 -5 -13 -6 -13 -7 -14 -7 -13 -7 -13 -8 -14 -7 -13 -8 -15 -9 -14 -8 -14 -8 -15 -7 -14 -7 -14 -8 -14 -8 -14 -9 -16 -10 -16 -8 -16 -10 -16 -12 -16 -9 -16 -10 0 0 -16 -9 -17 -9 -17 -9 -17 -8 -16 -10 -17 -9 -17 -10 -17 -9 -17 -9 -18 -10 -19 -10 -17 -11 -18 -9 -18 -9 -19 -8 -19 -9 -20 -9 -18 -9 -19 -9 -19 -8 -20 -9 -19 -9 -19 -10 -19 -9 -18 -10 -18 -8 0 0 0 0 0 0 0 0 0 0 ]
164,1782981296.999011,17.5987,-68,CSI_DATA,AP,98:F4:AB:29:67:94,-68,11,1,4,1,1,1,1,0,0,0,-96,1,6,1,52304773,0,84,0,0,52.6869,384,[84 -64 4 0 0 0 0 0 0 0 0 0 -4 12 -5 13 -5 13 -6 12 -6 13 -6 12 -7 12 -7 12 -7 14 -7 13 -9 14 -8 15 -7 13 -7 14 -8 13 -8 15 -8 14 -8 15 -9 13 -8 14 -10 15 -8 15 -10 15 -10 15 -10 15 -10 16 0 0 -10 16 -10 17 -9 17 -9 17 -10 16 -10 17 -10 17 -11 16 -10 17 -11 19 -9 17 -9 16 -10 17 -9 17 -10 18 -9 18 -10 19 -9 17 -9 18 -9 19 -9 17 -10 18 -9 19 -10 18 -9 17 -9 17 0 0 0 0 0 0 0 0 0 0 ]
165,1782981297.087485,17.3040,-68,CSI_DATA,AP,98:F4:AB:29:67:94,-68,11,1,3,1,1,1,1,0,0,0,-96,1,6,1,52396147,0,84,0,0,52.7783,384,[84 -64 4 0 0 0 0 0 0 0 0 0 13 -2 12 -2 13 -2 13 -1 15 -1 14 -1 14 1 13 0 14 0 15 1 14 0 15 1 15 1 15 2 15 2 19 5 16 -2 14 -1 15 2 16 1 17 1 17 1 16 1 16 1 17 1 17 1 0 0 17 1 18 1 18 1 19 1 16 1 19 0 18 0 18 1 18 1 20 -1 19 0 18 0 18 0 19 0 19 0 19 -1 20 0 19 -1 20 -1 19 -1 20 0 20 0 20 0 20 1 18 0 19 0 0 0 0 0 0 0 0 0 0 0 ]
166,1782981297.175960,17.6134,-68,CSI_DATA,AP,98:F4:AB:29:67:94,-68,11,1,4,1,1,1,1,0,0,0,-96,1,6,1,52484707,0,84,0,0,52.8669,384,[84 -64 4 0 0 0 0 0 0 0 0 0 12 5 11 5 12 6 13 6 13 6 11 6 11 7 11 7 12 7 12 8 13 10 13 10 12 11 12 10 12 9 13 10 12 10 12 10 12 9 12 9 13 10 14 9 13 11 14 10 13 12 14 12 0 0 14 11 15 11 14 11 15 10 14 10 15 11 15 12 16 10 15 11 16 11 15 11 15 11 15 11 15 11 17 11 17 9 17 11 17 10 16 10 17 10 16 11 16 10 16 11 15 11 15 11 15 10 0 0 0 0 0 0 0 0 0 0 ]
167,1782981297.263747,18.7268,-68,CSI_DATA,AP,98:F4:AB:29:67:94,-68,11,1,4,1,1,1,1,0,0,0,-96,1,6,1,52574889,0,84,0,0,52.957,384,[84 -64 4 0 0 0 0 0 0 0 0 0 -3 -13 -3 -12 -3 -14 -3 -14 -4 -14 -2 -14 -2 -14 -1 -14 -2 -14 -1 -16 -1 -15 0 -16 -2 -15 -1 -15 -1 -15 -1 -17 -2 -15 -3 -17 -3 -16 -2 -16 -2 -17 -2 -17 -1 -18 -2 -18 -1 -19 -1 -17 0 0 -2 -19 -3 -20 -3 -17 -3 -19 -1 -18 -2 -19 -2 -20 -2 -19 -2 -21 -3 -22 -3 -21 -2 -20 -2 -19 -2 -19 -4 -20 -4 -18 -3 -23 -3 -19 -2 -21 -3 -21 -2 -21 -3 -21 -2 -22 -3 -21 -2 -20 -3 -19 0 0 0 0 0 0 0 0 0 0 ]
168,1782981297.352349,16.7474,-68,CSI_DATA,AP,98:F4:AB:29:67:94,-68,11,1,4,1,1,1,1,0,0,0,-96,1,6,1,52665161,0,84,0,0,53.0473,384,[84 -64 4 0 0 0 0 0 0 0 0 0 10 4 11 5 11 5 10 5 10 6 10 6 10 7 10 7 10 6 10 7 11 8 11 8 11 8 11 8 10 8 12 9 10 7 11 8 11 8 12 7 12 7 12 9 12 7 12 9 12 9 13 9 0 0 13 9 14 9 13 8 14 8 12 8 14 9 14 10 13 9 14 8 15 8 15 9 13 9 14 9 14 9 15 8 14 8 15 9 14 8 15 9 15 9 15 10 15 9 15 9 16 8 14 8 14 8 0 0 0 0 0 0 0 0 0 0 ]
169,1782981297.439863,17.6352,-68,CSI_DATA,AP,98:F4:AB:29:67:94,-68,11,1,3,1,1,1,1,0,0,0,-96,1,6,1,52758458,0,84,0,0,53.1406,384,[84 -64 4 0 0 0 0 0 0 0 0 0 -12 -6 -12 -8 -12 -9 -11 -9 -12 -9 -11 -9 -11 -10 -10 -9 -12 -10 -11 -9 -12 -10 -11 -10 -12 -11 -12 -11 -11 -10 -12 -11 -11 -10 -12 -11 -11 -12 -13 -10 -12 -12 -13 -11 -12 -11 -13 -11 -13 -13 -14 -13 0 0 -14 -13 -15 -13 -14 -12 -15 -13 -15 -12 -15 -12 -14 -13 -14 -14 -16 -12 -16 -13 -17 -13 -16 -12 -16 -12 -15 -13 -16 -12 -17 -12 -17 -13 -17 -11 -17 -13 -16 -13 -17 -13 -16 -13 -16 -13 -17 -12 -16 -12 -15 -12 0 0 0 0 0 0 0 0 0 0 ]
170,1782981297.529326,17.8219,-68,CSI_DATA,AP,98:F4:AB:29:67:94,-68,11,1,4,1,1,1,1,0,0,0,-96,1,6,1,52846317,0,84,0,0,53.2284,384,[84 -64 4 0 0 0 0 0 0 0 0 0 5 10 4 11 5 12 4 11 4 13 3 13 3 13 3 13 4 13 4 14 3 15 3 14 2 15 3 16 3 14 3 16 4 15 3 15 3 15 4 15 4 15 3 16 2 16 2 17 3 18 4 17 0 0 4 18 5 19 5 17 3 18 3 17 4 17 4 20 5 19 5 19 5 20 4 20 4 18 4 19 4 18 5 19 5 19 5 20 6 18 6 18 5 19 5 20 5 19 5 20 5 19 4 18 5 17 0 0 0 0 0 0 0 0 0 0 ]
171,1782981297.616468,17.7543,-68,CSI_DATA,AP,98:F4:AB:29:67:94,-68,11,1,4,1,1,1,1,0,0,0,-96,1,6,1,52934894,0,84,0,0,53.3171,384,[84 -64 4 0 0 0 0 0 0 0 0 0 11 6 10 6 11 6 12 7 11 8 10 8 10 9 10 9 11 9 11 9 11 10 11 11 11 11 10 10 10 11 12 12 12 10 10 11 11 11 11 10 11 12 12 12 12 12 11 12 12 13 11 12 0 0 12 13 13 12 13 12 14 12 12 12 14 13 13 14 13 13 13 13 15 13 14 13 13 13 13 13 13 13 14 13 15 11 16 13 14 11 15 12 15 13 14 13 14 13 14 14 14 12 12 12 14 12 0 0 0 0 0 0 0 0 0 0 ]
172,1782981297.703989,17.2107,-68,CSI_DATA,AP,98:F4:AB:29:67:94,-68,11,1,4,1,1,1,1,0,0,0,-96,1,6,1,53027573,0,84,0,0,53.4097,384,[84 -64 4 0 0 0 0 0 0 0 0 0 6 -13 4 -12 6 -13 6 -13 7 -13 7 -12 8 -13 9 -12 8 -13 9 -11 10 -14 10 -13 11 -12 9 -12 10 -11 10 -13 10 -12 10 -12 9 -12 11 -12 11 -12 10 -13 10 -12 10 -13 11 -13 10 -13 0 0 10 -13 11 -14 10 -15 9 -15 10 -13 11 -16 12 -15 12 -14 11 -15 12 -16 12 -16 12 -14 11 -15 12 -14 10 -16 11 -16 12 -17 11 -17 13 -16 11 -16 12 -15 12 -16 14 -17 13 -18 12 -16 11 -16 0 0 0 0 0 0 0 0 0 0 ]
173,1782981297.792531,19.7069,-68,CSI_DATA,AP,98:F4:AB:29:67:94,-68,11,1,4,1,1,1,1,0,0,0,-96,1,6,1,53115023,0,84,0,0,53.4972,384,[84 -64 4 0 0 0 0 0 0 0 0 0 -8 -14 -5 -15 -6 -14 -7 -15 -6 -16 -6 -16 -5 -16 -5 -15 -4 -16 -4 -16 -5 -16 -5 -17 -5 -17 -7 -17 -5 -16 -5 -17 -6 -17 -5 -16 -6 -18 -5 -17 -6 -19 -7 -18 -6 -18 -7 -18 -7 -20 -8 -20 0 0 -8 -20 -8 -21 -7 -21 -7 -19 -8 -20 -8 -20 -7 -21 -7 -21 -8 -21 -8 -21 -8 -22 -7 -21 -8 -21 -9 -22 -8 -21 -10 -22 -9 -22 -10 -21 -9 -22 -9 -22 -9 -22 -8 -22 -8 -22 -9 -22 -7 -21 -8 -21 0 0 0 0 0 0 0 0 0 0 ]
174,1782981297.880185,18.5795,-65,CSI_DATA,AP,98:F4:AB:29:67:94,-65,11,1,0,1,1,1,1,0,0,0,-96,1,6,1,53211346,0,84,0,0,53.5935,384,[84 -64 4 0 0 0 0 0 0 0 0 0 -7 12 -6 11 -7 13 -7 12 -7 11 -7 10 -8 10 -9 10 -9 11 -9 11 -9 13 -9 12 -10 11 -10 11 -10 10 -11 12 -10 11 -9 11 -9 10 -10 11 -11 11 -11 12 -10 11 -11 12 -12 12 -12 13 0 0 -11 12 -12 15 -11 14 -10 15 -11 12 -12 14 -13 13 -12 14 -13 14 -12 14 -11 16 -12 13 -12 15 -12 14 -12 15 -12 15 -13 16 -11 14 -12 14 -11 15 -13 15 -13 15 -13 15 -11 15 -12 14 -11 14 0 0 0 0 0 0 0 0 0 0 ]
175,1782981297.969654,18.2881,-68,CSI_DATA,AP,98:F4:AB:29:67:94,-68,11,1,4,1,1,1,1,0,0,0,-96,1,6,1,53297466,0,84,0,0,53.6796,384,[84 -64 4 0 0 0 0 0 0 0 0 0 4 -14 4 -13 5 -13 5 -13 6 -16 5 -13 6 -14 7 -14 6 -14 7 -14 8 -14 8 -14 9 -14 9 -13 8 -13 9 -15 8 -13 9 -14 8 -15 8 -14 10 -15 9 -16 10 -15 10 -14 10 -15 10 -15 0 0 10 -15 11 -16 9 -15 10 -16 8 -14 10 -15 10 -16 10 -17 11 -16 10 -18 11 -17 11 -16 11 -15 9 -16 10 -18 9 -17 10 -18 10 -16 9 -18 8 -17 9 -18 9 -17 10 -18 10 -17 9 -16 8 -15 0 0 0 0 0 0 0 0 0 0 ]
176,1782981298.060941,19.2558,-68,CSI_DATA,AP,98:F4:AB:29:67:94,-68,11,1,4,1,1,1,1,0,0,0,-96,1,6,1,53384686,0,84,0,0,53.7669,384,[84 -64 4 0 0 0 0 0 0 0 0 0 8 -14 9 -13 10 -14 9 -13 12 -14 10 -12 12 -13 12 -11 11 -13 13 -13 12 -13 14 -13 13 -11 14 -12 12 -12 14 -14 13 -12 13 -13 15 -12 14 -13 15 -13 15 -15 14 -13 15 -14 15 -13 15 -15 0 0 15 -14 17 -14 15 -13 15 -15 14 -14 16 -15 16 -15 16 -15 16 -16 16 -16 16 -16 15 -13 16 -15 15 -14 15 -16 15 -16 16 -17 14 -16 16 -16 15 -16 16 -17 16 -17 16 -16 15 -18 15 -15 14 -15 0 0 0 0 0 0 0 0 0 0 ]
177,1782981298.149828,17.7830,-66,CSI_DATA,AP,98:F4:AB:29:67:94,-66,11,1,2,1,1,1,1,0,0,0,-96,1,6,1,53477788,0,84,0,0,53.8599,384,[84 -64 4 0 0 0 0 0 0 0 0 0 7 -9 8 -9 9 -9 8 -9 8 -9 9 -7 10 -8 9 -8 11 -9 10 -8 10 -9 10 -9 10 -9 11 -8 10 -8 11 -8 10 -9 10 -9 10 -8 12 -9 11 -8 13 -9 11 -8 13 -10 13 -10 12 -10 0 0 12 -9 13 -11 12 -10 12 -9 10 -11 13 -11 13 -8 13 -13 14 -11 13 -12 11 -11 13 -11 14 -12 14 -10 12 -12 12 -13 13 -11 10 -10 14 -10 11 -10 13 -12 13 -11 11 -10 12 -14 9 -10 12 -10 0 0 0 0 0 0 0 0 0 0 ]
178,1782981298.239089,16.7300,-68,CSI_DATA,AP,98:F4:AB:29:67:94,-68,11,1,3,1,1,1,1,0,0,0,-96,1,6,1,53564555,0,84,0,0,53.9468,384,[84 -64 4 0 0 0 0 0 0 0 0 0 -7 10 -7 10 -8 11 -9 10 -8 10 -8 10 -9 10 -9 9 -10 11 -10 11 -11 11 -11 10 -11 10 -11 10 -10 9 -11 11 -10 10 -11 11 -10 10 -11 11 -12 11 -12 11 -12 11 -12 11 -13 11 -11 12 0 0 -12 11 -13 13 -11 11 -12 13 -12 10 -12 12 -12 12 -13 12 -13 14 -14 14 -13 13 -12 13 -12 13 -12 12 -11 14 -11 14 -13 15 -10 14 -12 14 -11 15 -11 14 -11 15 -13 14 -11 14 -11 12 -11 13 0 0 0 0 0 0 0 0 0 0 ]
179,1782981298.330922,17.2777,-68,CSI_DATA,AP,98:F4:AB:29:67:94,-68,11,1,3,1,1,1,1,0,0,0,-96,1,6,1,53656699,0,84,0,0,54.0388,384,[84 -64 4 0 0 0 0 0 0 0 0 0 9 9 8 9 10 10 9 10 9 12 7 10 8 11 8 11 9 11 8 13 9 13 8 13 9 13 9 14 8 12 8 14 7 12 9 14 7 13 8 14 8 13 10 15 8 15 9 16 8 16 9 16 0 0 8 16 10 16 10 15 10 16 9 15 10 17 9 17 8 17 9 17 10 16 10 16 10 17 10 17 10 17 11 16 11 15 12 18 10 15 10 18 11 15 11 17 10 16 10 18 10 16 9 16 10 15 0 0 0 0 0 0 0 0 0 0 ]
180,1782981298.425407,17.4749,-68,CSI_DATA,AP,98:F4:AB:29:67:94,-68,11,1,3,1,1,1,1,0,0,0,-96,1,6,1,53745904,0,84,0,0,54.1281,384,[84 -64 4 0 0 0 0 0 0 0 0 0 -12 4 -12 3 -13 4 -12 3 -14 3 -13 3 -13 2 -14 1 -15 2 -15 2 -14 2 -15 2 -16 0 -16 1 -15 1 -16 2 -15 2 -15 2 -15 1 -16 2 -16 1 -18 2 -17 1 -17 2 -18 1 -17 1 0 0 -17 2 -19 2 -17 2 -18 3 -17 1 -18 1 -19 1 -19 1 -18 1 -19 1 -19 2 -17 2 -18 1 -18 1 -19 2 -18 4 -20 3 -18 3 -18 3 -19 3 -18 2 -18 2 -19 2 -18 3 -18 2 -17 3 0 0 0 0 0 0 0 0 0 0 ]
181,1782981298.512017,18.8757,-68,CSI_DATA,AP,98:F4:AB:29:67:94,-68,11,1,3,1,1,1,1,0,0,0,-96,1,6,1,53836417,0,84,0,0,54.2186,384,[84 -64 4 0 0 0 0 0 0 0 0 0 -8 -11 -9 -10 -9 -12 -9 -12 -9 -13 -6 -13 -9 -11 -8 -15 -8 -13 -9 -14 -8 -13 -8 -15 -8 -15 -9 -15 -7 -13 -9 -16 -8 -14 -9 -15 -8 -13 -8 -16 -9 -16 -9 -17 -8 -17 -9 -16 -9 -18 -11 -17 0 0 -10 -17 -10 -18 -10 -17 -10 -16 -9 -17 -10 -19 -10 -18 -10 -18 -9 -19 -11 -19 -11 -18 -11 -19 -11 -18 -9 -18 -11 -18 -10 -17 -11 -19 -11 -17 -11 -17 -11 -19 -11 -19 -11 -19 -12 -20 -11 -18 -10 -17 -10 -17 0 0 0 0 0 0 0 0 0 0 ]
182,1782981298.600955,19.8049,-68,CSI_DATA,AP,98:F4:AB:29:67:94,-68,11,1,3,1,1,1,1,0,0,0,-96,1,6,1,53928592,0,84,0,0,54.3108,384,[84 -64 4 0 0 0 0 0 0 0 0 0 -8 11 -8 11 -8 10 -8 11 -9 11 -9 11 -10 10 -10 11 -10 11 -11 11 -12 13 -12 12 -13 12 -12 11 -11 11 -14 11 -13 12 -12 11 -13 11 -13 11 -14 12 -14 12 -14 12 -14 13 -15 13 -15 13 0 0 -13 12 -15 13 -15 14 -14 14 -14 12 -14 13 -15 14 -15 14 -15 14 -16 14 -14 15 -14 14 -15 13 -14 14 -15 14 -14 14 -14 15 -13 14 -15 15 -14 14 -15 15 -15 15 -15 16 -14 14 -14 15 -13 14 0 0 0 0 0 0 0 0 0 0 ]
183,1782981298.690035,19.6164,-68,CSI_DATA,AP,98:F4:AB:29:67:94,-68,11,1,4,1,1,1,1,0,0,0,-96,1,6,1,54014803,0,84,0,0,54.397,384,[84 -64 4 0 0 0 0 0 0 0 0 0 -11 7 -11 7 -13 7 -12 7 -14 7 -13 6 -15 6 -14 6 -15 5 -16 7 -15 7 -17 6 -17 6 -15 6 -15 5 -17 6 -15 6 -16 7 -15 6 -16 7 -16 6 -17 6 -17 7 -18 6 -17 6 -18 7 0 0 -17 7 -18 8 -17 8 -18 9 -17 7 -18 9 -18 8 -19 9 -19 9 -20 11 -19 10 -18 8 -18 9 -17 9 -18 11 -17 11 -19 10 -17 10 -18 10 -18 12 -18 11 -18 11 -19 11 -17 11 -18 10 -17 10 0 0 0 0 0 0 0 0 0 0 ]
184,1782981298.777141,18.0210,-68,CSI_DATA,AP,98:F4:AB:29:67:94,-68,11,1,4,1,1,1,1,0,0,0,-96,1,6,1,54108781,0,84,0,0,54.4909,384,[84 -64 4 0 0 0 0 0 0 0 0 0 9 10 8 10 8 10 8 10 8 12 6 10 8 12 7 12 8 11 7 13 6 14 8 14 7 14 8 14 7 14 8 15 8 13 8 14 8 15 9 15 9 15 10 16 7 16 8 16 8 15 9 17 0 0 8 16 10 17 9 17 11 16 9 16 9 17 10 17 9 17 10 18 12 18 10 17 9 18 9 17 9 17 11 16 11 16 12 18 11 16 11 17 11 17 10 17 11 17 10 18 10 17 10 17 10 15 0 0 0 0 0 0 0 0 0 0 ]
185,1782981298.864439,19.0413,-67,CSI_DATA,AP,98:F4:AB:29:67:94,-67,11,1,4,1,1,1,1,0,0,0,-96,1,6,1,54201077,0,84,0,0,54.5832,384,[84 -64 4 0 0 0 0 0 0 0 0 0 -11 -8 -11 -8 -13 -9 -12 -9 -11 -9 -12 -10 -10 -10 -10 -11 -11 -11 -12 -11 -13 -11 -13 -12 -12 -13 -13 -13 -11 -12 -12 -12 -12 -11 -12 -13 -11 -13 -12 -13 -12 -14 -11 -14 -12 -14 -13 -14 -13 -15 -13 -14 0 0 -13 -15 -14 -15 -13 -16 -15 -15 -13 -15 -12 -16 -13 -17 -12 -16 -14 -17 -13 -16 -15 -16 -14 -15 -14 -16 -14 -17 -13 -16 -14 -15 -14 -16 -13 -16 -14 -17 -13 -15 -13 -18 -13 -18 -13 -17 -15 -16 -14 -16 -14 -16 0 0 0 0 0 0 0 0 0 0 ]
186,1782981298.953905,19.1951,-68,CSI_DATA,AP,98:F4:AB:29:67:94,-68,11,1,4,1,1,1,1,0,0,0,-96,1,6,1,54293529,0,84,0,0,54.6757,384,[84 -64 4 0 0 0 0 0 0 0 0 0 -7 11 -6 11 -8 11 -7 11 -10 11 -8 11 -9 11 -10 11 -9 11 -10 11 -9 13 -10 13 -11 12 -10 12 -10 12 -11 13 -11 13 -10 13 -12 12 -11 13 -11 12 -12 13 -12 14 -13 14 -13 14 -13 14 0 0 -12 14 -12 16 -12 14 -12 16 -12 14 -13 15 -13 16 -14 16 -12 16 -12 18 -12 17 -13 16 -12 16 -13 16 -12 17 -12 17 -12 18 -11 17 -12 17 -12 18 -13 17 -13 17 -12 19 -12 17 -11 17 -11 16 0 0 0 0 0 0 0 0 0 0 ]
187,1782981299.041194,16.9814,-68,CSI_DATA,AP,98:F4:AB:29:67:94,-68,11,1,4,1,1,1,1,0,0,0,-96,1,6,1,54376482,0,84,0,0,54.7585,384,[84 -64 4 0 0 0 0 0 0 0 0 0 5 11 3 10 4 12 3 12 4 12 3 12 3 13 2 12 4 13 2 13 2 14 2 14 2 14 2 13 2 13 3 15 3 14 3 14 2 14 3 14 2 16 2 15 2 15 2 15 1 16 3 16 0 0 3 16 4 17 4 15 4 16 3 16 4 16 3 16 3 16 4 17 4 18 4 18 4 17 4 16 4 16 6 17 5 16 6 18 5 16 6 16 5 17 5 17 6 17 5 18 5 17 4 16 4 16 0 0 0 0 0 0 0 0 0 0 ]
188,1782981299.128428,17.5978,-67,CSI_DATA,AP,98:F4:AB:29:67:94,-67,11,1,4,1,1,1,1,0,0,0,-96,1,6,1,54465564,0,84,0,0,54.8477,384,[84 -64 4 0 0 0 0 0 0 0 0 0 5 -13 5 -13 6 -13 7 -13 8 -14 7 -12 7 -13 8 -13 7 -13 8 -14 9 -14 9 -15 8 -15 10 -14 8 -13 9 -15 9 -14 8 -15 9 -14 8 -15 10 -16 9 -16 9 -15 11 -16 10 -16 10 -16 0 0 10 -17 10 -18 10 -18 9 -18 9 -17 10 -18 10 -19 9 -19 10 -19 11 -19 10 -19 10 -17 10 -19 10 -18 9 -20 9 -20 10 -20 9 -19 9 -20 9 -20 9 -19 8 -19 9 -20 9 -19 9 -19 9 -19 0 0 0 0 0 0 0 0 0 0 ]
189,1782981299.216821,19.3724,-69,CSI_DATA,AP,98:F4:AB:29:67:94,-69,11,1,5,1,1,1,1,0,0,0,-96,1,6,1,54560516,0,84,0,0,54.9427,384,[84 -64 4 0 0 0 0 0 0 0 0 0 -13 8 -12 7 -14 8 -14 6 -14 6 -14 6 -15 6 -15 6 -15 8 -16 6 -15 7 -15 5 -16 6 -17 6 -16 5 -17 6 -17 6 -16 7 -15 5 -16 6 -18 6 -18 7 -19 7 -17 7 -20 6 -18 7 0 0 -18 6 -20 7 -20 6 -19 8 -18 7 -20 8 -22 6 -21 8 -22 7 -22 8 -21 8 -20 6 -21 7 -21 7 -21 8 -20 8 -22 9 -20 8 -21 7 -21 9 -21 7 -22 8 -23 8 -21 8 -21 7 -20 7 0 0 0 0 0 0 0 0 0 0 ]
190,1782981299.304958,18.8524,-69,CSI_DATA,AP,98:F4:AB:29:67:94,-69,11,1,5,1,1,1,1,0,0,0,-96,1,6,1,54645598,0,84,0,0,55.0278,384,[84 -64 4 0 0 0 0 0 0 0 0 0 -10 9 -10 9 -11 8 -10 8 -10 8 -10 9 -11 8 -12 8 -12 9 -13 8 -13 7 -13 9 -13 8 -13 9 -12 8 -14 9 -12 10 -13 10 -13 9 -13 9 -14 10 -14 10 -14 10 -15 10 -14 11 -15 10 0 0 -15 12 -15 12 -14 12 -14 12 -15 12 -14 12 -16 12 -15 11 -14 12 -15 13 -14 14 -15 13 -16 13 -14 13 -15 14 -13 13 -16 15 -13 13 -15 14 -13 15 -15 14 -15 14 -15 13 -14 14 -15 12 -14 13 0 0 0 0 0 0 0 0 0 0 ]
191,1782981299.393096,18.9587,-69,CSI_DATA,AP,98:F4:AB:29:67:94,-69,11,1,5,1,1,1,1,0,0,0,-96,1,6,1,54737806,0,84,0,0,55.12,384,[84 -64 4 0 0 0 0 0 0 0 0 0 -4 11 -3 10 -4 11 -5 12 -4 13 -4 12 -6 14 -6 14 -4 13 -6 14 -6 12 -6 14 -6 14 -7 13 -6 13 -6 15 -5 13 -6 14 -6 15 -6 14 -6 15 -5 16 -7 15 -7 15 -7 17 -7 16 0 0 -8 16 -8 18 -5 17 -4 18 -6 16 -5 18 -8 17 -8 17 -6 18 -5 18 -6 18 -7 17 -6 17 -6 17 -5 18 -5 19 -6 21 -4 18 -5 19 -5 18 -6 19 -5 19 -6 20 -6 19 -7 17 -6 16 0 0 0 0 0 0 0 0 0 0 ]
192,1782981299.481327,18.0234,-69,CSI_DATA,AP,98:F4:AB:29:67:94,-69,11,1,5,1,1,1,1,0,0,0,-96,1,6,1,54824695,0,84,0,0,55.2069,384,[84 -64 4 0 0 0 0 0 0 0 0 0 13 -2 12 -1 13 -1 15 0 14 0 14 -2 14 1 13 1 15 0 14 1 16 1 16 2 16 1 14 1 15 1 17 1 15 2 15 1 15 1 17 2 16 3 17 2 17 2 16 2 17 3 17 1 0 0 18 2 18 1 19 1 19 0 17 2 19 2 19 3 19 0 20 1 20 2 19 2 18 2 19 1 18 2 19 1 19 -1 20 0 19 1 19 1 20 1 20 2 20 1 21 1 20 0 18 1 18 1 0 0 0 0 0 0 0 0 0 0 ]
193,1782981299.568796,17.8548,-69,CSI_DATA,AP,98:F4:AB:29:67:94,-69,11,1,5,1,1,1,1,0,0,0,-96,1,6,1,54914736,0,84,0,0,55.2969,384,[84 -64 4 0 0 0 0 0 0 0 0 0 -2 14 -3 13 -2 13 -2 12 -3 15 -3 13 -5 14 -4 12 -4 14 -4 14 -4 14 -5 15 -5 16 -6 15 -5 14 -5 15 -5 14 -4 15 -5 13 -5 15 -5 16 -5 16 -6 16 -6 15 -7 17 -6 17 0 0 -6 16 -6 18 -7 18 -4 18 -6 16 -6 17 -7 19 -7 17 -7 19 -5 19 -5 19 -5 18 -6 17 -6 18 -5 19 -5 18 -6 19 -5 18 -4 19 -4 19 -6 19 -6 19 -5 19 -6 18 -6 18 -5 18 0 0 0 0 0 0 0 0 0 0 ]
194,1782981299.658848,18.8978,-69,CSI_DATA,AP,98:F4:AB:29:67:94,-69,11,1,5,1,1,1,1,0,0,0,-96,1,6,1,55011115,0,84,0,0,55.3933,384,[84 -64 4 0 0 0 0 0 0 0 0 0 14 -1 14 -2 15 -2 14 0 15 -1 15 -1 16 0 15 -1 17 0 17 1 16 1 18 2 18 2 18 2 16 1 18 1 17 0 17 1 17 2 18 1 18 0 19 0 18 2 19 1 20 1 19 1 0 0 19 0 20 2 20 1 21 0 20 1 21 -1 21 1 20 -1 21 0 22 0 22 1 21 1 21 0 21 0 21 -1 21 -1 23 0 21 -2 21 -1 21 -3 22 -1 21 -2 22 -1 22 -1 20 -1 20 -1 0 0 0 0 0 0 0 0 0 0 ]
195,1782981299.748870,20.8647,-70,CSI_DATA,AP,98:F4:AB:29:67:94,-70,11,1,6,1,1,1,1,0,0,0,-96,1,6,1,55099109,0,84,0,0,55.4811,384,[84 -64 4 0 0 0 0 0 0 0 0 0 5 -15 5 -15 6 -15 5 -16 7 -16 7 -14 8 -16 7 -15 7 -15 8 -15 9 -15 9 -16 10 -15 11 -16 9 -15 10 -17 9 -15 9 -16 9 -16 10 -16 9 -17 10 -18 11 -17 11 -16 12 -18 11 -17 0 0 11 -18 10 -19 11 -19 11 -19 10 -18 10 -19 11 -20 11 -18 11 -20 12 -21 12 -20 12 -19 12 -20 11 -18 11 -20 9 -19 11 -21 10 -19 10 -21 10 -21 11 -21 10 -21 11 -21 11 -19 10 -19 10 -19 0 0 0 0 0 0 0 0 0 0 ]
196,1782981299.838585,19.9351,-70,CSI_DATA,AP,98:F4:AB:29:67:94,-70,11,1,6,1,1,1,1,0,0,0,-96,1,6,1,55187047,0,84,0,0,55.5692,384,[84 -64 4 0 0 0 0 0 0 0 0 0 -14 -6 -13 -6 -13 -7 -12 -7 -13 -8 -12 -8 -13 -7 -12 -7 -13 -8 -14 -9 -14 -9 -15 -9 -15 -8 -16 -7 -13 -7 -13 -5 -16 -9 -16 -8 -11 -14 -14 -9 -16 -9 -15 -10 -16 -10 -16 -11 -15 -11 -16 -10 0 0 -16 -11 -16 -10 -18 -11 -16 -10 -15 -10 -16 -11 -16 -11 -16 -10 -17 -10 -19 -10 -19 -11 -17 -11 -17 -10 -17 -10 -18 -10 -17 -10 -18 -11 -17 -10 -18 -9 -19 -9 -18 -10 -19 -10 -19 -11 -18 -11 -17 -10 -17 -9 0 0 0 0 0 0 0 0 0 0 ]
197,1782981299.929970,17.6887,-70,CSI_DATA,AP,98:F4:AB:29:67:94,-70,11,1,6,1,1,1,1,0,0,0,-96,1,6,1,55277374,0,84,0,0,55.6595,384,[84 -64 4 0 0 0 0 0 0 0 0 0 -3 11 -3 12 -4 12 -4 12 -5 12 -4 12 -5 12 -6 13 -4 12 -5 12 -5 12 -6 13 -6 13 -6 14 -6 12 -6 13 -6 13 -6 13 -4 12 -5 13 -5 14 -5 15 -6 14 -6 15 -6 15 -6 15 0 0 -5 15 -6 16 -6 16 -4 15 -5 16 -5 16 -6 16 -5 16 -4 17 -5 17 -5 16 -6 17 -4 17 -5 16 -4 16 -4 16 -4 17 -4 16 -4 17 -3 17 -4 17 -5 17 -4 17 -4 16 -5 15 -3 16 0 0 0 0 0 0 0 0 0 0 ]
198,1782981300.018833,17.8544,-69,CSI_DATA,AP,98:F4:AB:29:67:94,-69,11,1,5,1,1,1,1,0,0,0,-96,1,6,1,55365925,0,84,0,0,55.748,384,[84 -64 4 0 0 0 0 0 0 0 0 0 8 10 7 9 8 10 7 9 9 11 7 11 8 11 8 11 8 11 8 12 9 13 7 12 7 12 8 13 7 11 8 13 8 13 9 13 8 12 9 13 8 14 10 13 9 15 8 15 10 15 9 14 0 0 10 14 11 15 11 14 11 15 11 14 12 16 11 16 12 16 10 16 12 15 11 17 11 15 10 15 11 14 12 14 13 14 13 15 11 13 14 13 13 14 13 15 12 13 13 16 13 13 12 14 12 13 0 0 0 0 0 0 0 0 0 0 ]
199,1782981300.109215,17.8096,-68,CSI_DATA,AP,98:F4:AB:29:67:94,-68,11,1,4,1,1,1,1,0,0,0,-96,1,6,1,55468215,0,84,0,0,55.8503,384,[84 -64 4 0 0 0 0 0 0 0 0 0 -9 -10 -9 -10 -9 -10 -9 -10 -9 -10 -8 -10 -9 -10 -9 -11 -9 -11 -8 -12 -9 -11 -10 -12 -9 -12 -9 -12 -9 -11 -9 -11 -9 -12 -9 -12 -10 -12 -9 -12 -10 -14 -9 -14 -10 -13 -10 -14 -10 -15 -11 -14 0 0 -11 -14 -10 -14 -11 -14 -12 -14 -9 -13 -11 -14 -11 -15 -11 -15 -11 -16 -12 -16 -12 -15 -11 -15 -11 -14 -11 -15 -11 -14 -12 -15 -12 -15 -12 -14 -12 -15 -13 -14 -12 -15 -12 -15 -11 -16 -13 -15 -11 -15 -11 -14 0 0 0 0 0 0 0 0 0 0 ]
200,1782981300.198989,17.3333,-69,CSI_DATA,AP,98:F4:AB:29:67:94,-69,11,1,5,1,1,1,1,0,0,0,-96,1,6,1,55544887,0,84,0,0,55.927,384,[84 -64 4 0 0 0 0 0 0 0 0 0 11 -7 11 -8 12 -8 12 -8 13 -8 12 -7 13 -7 13 -7 13 -6 14 -7 15 -7 14 -7 14 -7 14 -5 14 -5 16 -6 14 -7 15 -6 15 -6 16 -6 16 -6 16 -6 16 -6 16 -6 17 -6 17 -7 0 0 17 -6 17 -7 17 -7 17 -7 18 -6 18 -6 19 -6 18 -6 18 -7 18 -8 19 -8 18 -6 18 -7 19 -7 18 -8 18 -8 18 -8 18 -8 18 -8 17 -7 18 -7 18 -8 18 -7 18 -8 17 -7 16 -7 0 0 0 0 0 0 0 0 0 0 ]
201,1782981300.289996,17.3370,-69,CSI_DATA,AP,98:F4:AB:29:67:94,-69,11,1,5,1,1,1,1,0,0,0,-96,1,6,1,55635128,0,84,0,0,56.0173,384,[84 -64 4 0 0 0 0 0 0 0 0 0 11 3 12 3 12 4 12 4 12 4 12 4 13 5 12 4 13 6 13 6 13 6 15 6 14 7 13 7 13 6 15 6 13 7 14 6 14 7 15 6 14 8 15 7 15 7 16 7 16 8 16 7 0 0 16 7 16 8 16 7 17 7 16 8 17 8 17 8 17 8 18 7 17 7 18 7 16 7 17 8 16 8 18 7 17 7 18 7 17 7 18 7 18 6 18 7 17 8 18 8 17 7 16 7 17 7 0 0 0 0 0 0 0 0 0 0 ]
202,1782981300.377631,17.7117,-69,CSI_DATA,AP,98:F4:AB:29:67:94,-69,11,1,5,1,1,1,1,0,0,0,-96,1,6,1,55725366,0,84,0,0,56.1075,384,[84 -64 4 0 0 0 0 0 0 0 0 0 -1 -13 -1 -14 0 -14 0 -14 0 -13 1 -13 1 -15 0 -15 1 -15 2 -15 1 -15 3 -16 2 -16 2 -15 2 -15 1 -17 2 -15 1 -16 2 -16 1 -17 2 -17 2 -17 2 -17 3 -17 4 -18 3 -17 0 0 3 -19 2 -18 2 -18 2 -18 2 -18 2 -20 2 -19 2 -20 3 -20 1 -20 2 -20 2 -20 3 -19 2 -19 1 -20 1 -19 1 -21 0 -21 1 -20 1 -19 1 -21 1 -21 2 -21 2 -21 2 -19 1 -20 0 0 0 0 0 0 0 0 0 0 ]
203,1782981300.465915,18.1492,-69,CSI_DATA,AP,98:F4:AB:29:67:94,-69,11,1,5,1,1,1,1,0,0,0,-96,1,6,1,55815930,0,84,0,0,56.198,384,[84 -64 4 0 0 0 0 0 0 0 0 0 12 2 11 3 12 2 12 2 13 3 12 3 12 2 12 3 13 2 13 5 13 6 14 5 14 6 13 5 13 5 15 6 13 5 14 4 13 5 14 6 15 5 15 6 15 6 14 7 16 6 16 6 0 0 15 6 18 7 16 6 16 5 15 6 18 6 16 7 18 7 17 8 19 7 19 7 16 7 17 7 17 7 19 5 17 4 20 6 17 5 19 7 18 5 18 6 18 6 19 7 18 7 18 6 18 6 0 0 0 0 0 0 0 0 0 0 ]
204,1782981300.555851,18.6137,-69,CSI_DATA,AP,98:F4:AB:29:67:94,-69,11,1,5,1,1,1,1,0,0,0,-96,1,6,1,55906462,0,84,0,0,56.2886,384,[84 -64 4 0 0 0 0 0 0 0 0 0 1 12 0 13 0 14 0 13 -1 13 0 13 0 13 -1 14 -1 14 -1 13 -1 16 -2 16 -2 16 -2 15 -2 15 -3 15 -2 15 -2 15 -2 16 -2 15 -3 16 -3 16 -3 15 -2 16 -2 18 -3 16 0 0 -4 17 -2 18 -3 18 -1 18 -3 17 -3 18 -3 20 -3 19 -4 19 -3 20 -2 19 -2 18 -2 19 -2 18 -2 19 -1 19 -2 20 -1 19 0 21 -1 19 -3 19 -3 19 -3 19 -2 20 -2 18 -2 18 0 0 0 0 0 0 0 0 0 0 ]
205,1782981300.644023,18.6734,-69,CSI_DATA,AP,98:F4:AB:29:67:94,-69,11,1,5,1,1,1,1,0,0,0,-96,1,6,1,55997588,0,84,0,0,56.3797,384,[84 -64 4 0 0 0 0 0 0 0 0 0 -1 11 -2 13 -2 13 -4 14 -2 14 -3 14 -4 13 -3 12 -4 14 -4 13 -4 15 -5 15 -5 15 -5 15 -5 15 -5 16 -5 15 -5 14 -5 15 -6 14 -6 15 -6 15 -5 17 -6 16 -6 17 -5 17 0 0 -6 17 -7 19 -6 17 -6 17 -6 17 -6 18 -7 18 -6 18 -7 18 -5 19 -6 19 -5 18 -6 19 -6 18 -6 18 -5 18 -6 19 -6 19 -6 18 -6 19 -6 18 -6 19 -6 19 -5 19 -5 18 -5 17 0 0 0 0 0 0 0 0 0 0 ]
206,1782981300.732975,18.0942,-69,CSI_DATA,AP,98:F4:AB:29:67:94,-69,11,1,5,1,1,1,1,0,0,0,-96,1,6,1,56087466,0,84,0,0,56.4696,384,[84 -64 4 0 0 0 0 0 0 0 0 0 -7 -10 -7 -10 -9 -11 -8 -12 -8 -12 -7 -13 -7 -13 -7 -13 -8 -13 -8 -12 -7 -14 -8 -14 -8 -15 -7 -14 -7 -15 -7 -16 -8 -14 -8 -15 -7 -15 -7 -16 -7 -16 -8 -17 -7 -16 -8 -16 -7 -18 -9 -17 0 0 -8 -18 -9 -19 -8 -17 -9 -18 -8 -17 -9 -17 -9 -18 -9 -18 -10 -18 -9 -20 -10 -19 -9 -18 -7 -18 -8 -18 -9 -19 -9 -18 -9 -19 -9 -17 -9 -19 -10 -18 -10 -19 -8 -19 -8 -19 -9 -18 -7 -18 -8 -17 0 0 0 0 0 0 0 0 0 0 ]
207,1782981300.820852,18.0183,-68,CSI_DATA,AP,98:F4:AB:29:67:94,-68,11,1,3,1,1,1,1,0,0,0,-96,1,6,1,56177507,0,84,0,0,56.5596,384,[84 -64 4 0 0 0 0 0 0 0 0 0 -1 13 0 13 -1 12 0 13 -1 14 -3 13 -3 15 -3 13 -2 15 -4 14 -3 15 -2 15 -2 16 -3 16 -3 15 -3 17 -3 15 -2 16 -3 15 -2 17 -3 17 -2 17 -4 18 -4 17 -4 18 -4 18 0 0 -3 18 -2 20 -2 18 -2 19 -2 18 -2 19 -3 19 -3 20 -1 20 -3 21 -2 20 -3 19 -2 19 -3 20 -1 21 0 19 -1 21 -1 20 -1 20 -1 21 -2 21 -1 20 -2 21 -1 20 -1 19 -2 19 0 0 0 0 0 0 0 0 0 0 ]
208,1782981300.910199,18.3571,-69,CSI_DATA,AP,98:F4:AB:29:67:94,-69,11,1,5,1,1,1,1,0,0,0,-96,1,6,1,56264884,0,84,0,0,56.647,384,[84 -64 4 0 0 0 0 0 0 0 0 0 6 -11 6 -11 7 -11 7 -11 7 -11 9 -11 10 -10 10 -11 9 -12 9 -11 10 -10 10 -12 10 -13 11 -11 10 -11 12 -12 12 -12 11 -11 12 -12 12 -12 12 -12 13 -13 12 -12 13 -12 13 -13 14 -13 0 0 14 -13 14 -13 14 -13 14 -14 13 -13 15 -13 15 -13 15 -14 14 -13 14 -14 14 -14 14 -12 14 -13 15 -13 14 -14 13 -13 14 -13 14 -14 14 -15 15 -15 15 -13 15 -14 15 -13 14 -14 13 -12 13 -12 0 0 0 0 0 0 0 0 0 0 ]
209,1782981300.998657,18.6952,-69,CSI_DATA,AP,98:F4:AB:29:67:94,-69,11,1,5,1,1,1,1,0,0,0,-96,1,6,1,56355028,0,84,0,0,56.7373,384,[84 -64 4 0 0 0 0 0 0 0 0 0 -12 -6 -13 -5 -14 -6 -13 -6 -13 -7 -12 -7 -12 -6 -13 -7 -13 -7 -14 -7 -14 -8 -12 -8 -13 -8 -14 -8 -13 -8 -14 -9 -14 -8 -13 -8 -15 -9 -14 -9 -14 -9 -15 -9 -15 -10 -15 -10 -16 -10 -15 -10 0 0 -16 -11 -16 -11 -15 -11 -16 -9 -15 -10 -17 -11 -17 -10 -17 -11 -17 -12 -17 -11 -17 -11 -16 -10 -17 -10 -17 -10 -17 -9 -18 -9 -18 -11 -18 -9 -18 -10 -18 -8 -19 -10 -18 -10 -17 -11 -18 -9 -16 -10 -16 -10 0 0 0 0 0 0 0 0 0 0 ]
210,1782981301.086949,18.7472,-68,CSI_DATA,AP,98:F4:AB:29:67:94,-68,11,1,4,1,1,1,1,0,0,0,-96,1,6,1,56447013,0,84,0,0,56.8292,384,[84 -64 4 0 0 0 0 0 0 0 0 0 8 -11 8 -11 9 -11 9 -11 9 -11 10 -10 10 -10 10 -10 11 -11 12 -11 12 -11 13 -12 13 -10 13 -11 12 -11 13 -12 13 -11 12 -12 12 -11 13 -12 14 -12 13 -13 14 -11 15 -12 15 -11 15 -13 0 0 14 -12 15 -13 14 -13 14 -15 14 -12 15 -13 15 -13 15 -15 15 -14 16 -15 15 -15 15 -13 15 -14 14 -14 14 -15 14 -15 16 -16 14 -15 14 -15 14 -15 15 -15 15 -15 16 -15 14 -15 15 -14 13 -14 0 0 0 0 0 0 0 0 0 0 ]
211,1782981301.175785,18.6576,-68,CSI_DATA,AP,98:F4:AB:29:67:94,-68,11,1,4,1,1,1,1,0,0,0,-96,1,6,1,56538458,0,84,0,0,56.9206,384,[84 -64 4 0 0 0 0 0 0 0 0 0 10 5 8 6 9 7 9 6 9 6 9 7 10 8 8 8 10 7 10 10 10 10 9 10 10 10 10 11 8 9 11 11 10 8 11 10 10 10 11 9 11 11 12 10 11 11 11 11 10 11 11 12 0 0 12 11 14 11 12 10 15 11 12 11 14 11 13 12 13 12 13 12 14 12 14 12 12 12 13 11 12 11 14 11 14 10 15 11 13 10 14 11 15 10 14 12 14 11 14 12 14 11 13 11 13 10 0 0 0 0 0 0 0 0 0 0 ]
212,1782981301.264746,19.1786,-67,CSI_DATA,AP,98:F4:AB:29:67:94,-67,11,1,4,1,1,1,1,0,0,0,-96,1,6,1,56628991,0,84,0,0,57.011,384,[84 -64 4 0 0 0 0 0 0 0 0 0 -12 -6 -10 -4 -14 -5 -12 -6 -14 -5 -12 -6 -15 -7 -14 -6 -13 -7 -13 -8 -16 -9 -13 -10 -15 -10 -15 -9 -12 -10 -16 -8 -14 -7 -16 -7 -13 -8 -16 -9 -15 -11 -16 -11 -15 -11 -15 -10 -16 -11 -15 -11 0 0 -16 -11 -18 -11 -18 -10 -20 -10 -16 -11 -18 -11 -18 -11 -18 -12 -18 -12 -20 -12 -19 -11 -18 -12 -19 -12 -18 -11 -19 -10 -18 -9 -21 -12 -19 -10 -19 -10 -19 -11 -18 -12 -19 -10 -19 -13 -19 -11 -18 -11 -18 -11 0 0 0 0 0 0 0 0 0 0 ]
213,1782981301.353822,18.8289,-68,CSI_DATA,AP,98:F4:AB:29:67:94,-68,11,1,3,1,1,1,1,0,0,0,-96,1,6,1,56725083,0,84,0,0,57.1073,384,[84 -64 4 0 0 0 0 0 0 0 0 0 5 10 4 11 5 11 5 11 5 11 4 11 4 12 4 12 4 12 3 12 4 13 4 13 4 14 3 14 4 13 4 15 4 13 4 14 3 13 3 13 3 14 4 15 3 14 4 15 4 15 4 16 0 0 4 16 6 16 5 16 5 16 4 15 5 16 4 17 5 16 6 17 6 17 7 17 6 16 6 16 6 16 6 17 7 16 7 17 6 16 7 17 7 17 6 17 6 17 6 17 7 17 6 16 7 16 0 0 0 0 0 0 0 0 0 0 ]
214,1782981301.442225,19.0367,-68,CSI_DATA,AP,98:F4:AB:29:67:94,-68,11,1,4,1,1,1,1,0,0,0,-96,1,6,1,56805737,0,84,0,0,57.1879,384,[84 -64 4 0 0 0 0 0 0 0 0 0 -13 -6 -12 -6 -14 -7 -12 -7 -13 -7 -12 -7 -13 -8 -12 -8 -14 -8 -13 -9 -13 -9 -14 -10 -14 -11 -13 -10 -13 -10 -15 -11 -14 -9 -14 -10 -14 -10 -15 -11 -15 -11 -15 -11 -15 -12 -15 -12 -15 -12 -16 -12 0 0 -16 -11 -17 -12 -17 -12 -17 -11 -15 -12 -18 -13 -17 -13 -17 -12 -17 -12 -18 -13 -17 -12 -17 -12 -17 -12 -17 -12 -18 -12 -18 -12 -19 -12 -18 -11 -18 -12 -19 -11 -17 -13 -18 -13 -18 -13 -18 -12 -17 -11 -17 -12 0 0 0 0 0 0 0 0 0 0 ]
215,1782981301.531368,19.6700,-68,CSI_DATA,AP,98:F4:AB:29:67:94,-68,11,1,3,1,1,1,1,0,0,0,-96,1,6,1,56895983,0,84,0,0,57.2781,384,[84 -64 4 0 0 0 0 0 0 0 0 0 -13 -4 -13 -4 -13 -5 -14 -4 -14 -5 -13 -4 -13 -5 -13 -5 -14 -6 -15 -7 -15 -7 -15 -7 -15 -8 -15 -8 -15 -8 -17 -8 -15 -6 -16 -6 -15 -7 -15 -7 -16 -8 -17 -8 -16 -9 -17 -8 -18 -9 -17 -9 0 0 -17 -9 -19 -8 -17 -7 -18 -7 -16 -8 -19 -10 -18 -8 -20 -9 -18 -8 -20 -11 -20 -10 -18 -10 -19 -9 -18 -9 -20 -7 -19 -7 -20 -9 -19 -8 -20 -8 -20 -8 -20 -9 -20 -8 -20 -9 -20 -9 -18 -8 -19 -8 0 0 0 0 0 0 0 0 0 0 ]
216,1782981301.626461,18.9945,-68,CSI_DATA,AP,98:F4:AB:29:67:94,-68,11,1,3,1,1,1,1,0,0,0,-96,1,6,1,56984799,0,84,0,0,57.367,384,[84 -64 4 0 0 0 0 0 0 0 0 0 -12 1 -12 0 -14 1 -12 0 -13 -1 -13 0 -14 -1 -13 -1 -14 -1 -14 -2 -14 -1 -14 -2 -15 -2 -16 -2 -14 -3 -15 -2 -15 -1 -15 -1 -15 -3 -16 -2 -16 -2 -17 -3 -16 -3 -16 -3 -18 -3 -17 -2 0 0 -18 -3 -18 -3 -18 -2 -18 -2 -18 -2 -18 -3 -18 -3 -18 -3 -19 -3 -19 -1 -19 -2 -18 -2 -19 -1 -18 -2 -18 -1 -19 -1 -20 -3 -18 -1 -19 -1 -18 -1 -19 -2 -19 -2 -19 -3 -19 0 -18 -2 -18 -2 0 0 0 0 0 0 0 0 0 0 ]
217,1782981301.713044,18.4626,-68,CSI_DATA,AP,98:F4:AB:29:67:94,-68,11,1,3,1,1,1,1,0,0,0,-96,1,6,1,57074763,0,84,0,0,57.457,384,[84 -64 4 0 0 0 0 0 0 0 0 0 12 -2 12 -1 13 -2 14 0 14 -2 14 0 14 1 14 0 15 0 15 0 15 1 15 1 16 0 16 1 14 0 16 1 15 1 15 1 16 1 17 1 17 1 17 1 18 2 17 1 18 2 19 2 0 0 18 2 19 1 18 2 18 2 18 2 19 2 19 2 19 2 20 3 21 1 20 0 19 2 19 2 19 1 20 2 20 1 20 2 20 0 20 1 20 1 20 1 20 2 21 2 20 1 18 1 18 1 0 0 0 0 0 0 0 0 0 0 ]
218,1782981301.803069,17.5010,-68,CSI_DATA,AP,98:F4:AB:29:67:94,-68,11,1,3,1,1,1,1,0,0,0,-96,1,6,1,57178987,0,84,0,0,57.5612,384,[84 -64 4 0 0 0 0 0 0 0 0 0 5 10 5 11 4 11 4 12 4 12 2 12 3 12 3 12 3 14 3 13 3 13 2 14 2 14 2 15 2 13 2 15 3 14 3 13 2 14 2 14 1 15 2 16 1 15 2 15 2 17 3 16 0 0 2 16 2 17 3 17 3 17 2 16 2 16 2 17 2 17 1 18 2 17 2 18 2 17 3 18 3 18 3 18 3 17 3 18 3 17 2 18 2 18 3 18 2 18 2 18 2 17 2 17 2 17 0 0 0 0 0 0 0 0 0 0 ]
219,1782981301.895035,17.2764,-68,CSI_DATA,AP,98:F4:AB:29:67:94,-68,11,1,4,1,1,1,1,0,0,0,-96,1,6,1,57258778,0,84,0,0,57.6409,384,[84 -64 4 0 0 0 0 0 0 0 0 0 12 6 11 5 12 7 11 6 12 8 11 8 12 8 11 8 13 7 12 10 11 10 12 10 11 10 13 9 12 10 13 11 12 9 13 10 12 9 13 10 12 10 14 10 12 11 13 12 13 12 14 12 0 0 14 12 16 11 15 11 15 11 14 11 15 11 15 13 16 12 16 12 17 12 17 12 15 13 15 13 15 11 16 11 16 10 18 12 16 11 16 11 16 11 16 11 17 12 17 12 15 11 15 12 14 10 0 0 0 0 0 0 0 0 0 0 ]
220,1782981301.985036,16.3357,-68,CSI_DATA,AP,98:F4:AB:29:67:94,-68,11,1,4,1,1,1,1,0,0,0,-96,1,6,1,57347415,0,84,0,0,57.7295,384,[84 -64 4 0 0 0 0 0 0 0 0 0 6 -10 6 -10 7 -11 8 -10 9 -11 7 -10 8 -11 9 -10 8 -11 9 -11 9 -11 9 -10 10 -11 9 -11 9 -9 10 -11 9 -11 9 -11 10 -11 10 -12 11 -12 11 -12 11 -12 11 -12 12 -11 11 -12 0 0 11 -12 12 -14 11 -13 12 -14 11 -12 11 -13 12 -13 12 -14 12 -14 13 -13 12 -14 12 -13 12 -14 11 -13 12 -14 11 -14 12 -14 11 -15 12 -15 12 -14 12 -13 12 -14 13 -14 11 -14 12 -13 11 -13 0 0 0 0 0 0 0 0 0 0 ]
221,1782981302.074230,15.6069,-68,CSI_DATA,AP,98:F4:AB:29:67:94,-68,11,1,4,1,1,1,1,0,0,0,-96,1,6,1,57436978,0,84,0,0,57.8192,384,[84 -64 4 0 0 0 0 0 0 0 0 0 9 -6 10 -6 11 -6 11 -6 11 -6 11 -6 11 -5 11 -6 12 -5 12 -5 13 -6 13 -6 13 -6 14 -5 13 -5 14 -6 13 -5 13 -5 13 -6 14 -6 14 -5 14 -6 13 -6 15 -6 15 -5 15 -6 0 0 15 -6 16 -7 16 -7 16 -7 15 -6 16 -7 16 -7 16 -7 17 -6 17 -8 16 -8 16 -6 16 -7 16 -7 17 -7 16 -8 17 -7 15 -8 17 -8 16 -9 17 -8 17 -7 16 -7 17 -8 16 -8 15 -7 0 0 0 0 0 0 0 0 0 0 ]
222,1782981302.163547,16.5422,-68,CSI_DATA,AP,98:F4:AB:29:67:94,-68,11,1,4,1,1,1,1,0,0,0,-96,1,6,1,57525529,0,84,0,0,57.9078,384,[84 -64 4 0 0 0 0 0 0 0 0 0 -11 -5 -11 -6 -12 -7 -12 -6 -13 -7 -11 -7 -11 -7 -12 -7 -12 -8 -12 -8 -13 -8 -12 -9 -12 -9 -12 -8 -12 -8 -13 -9 -12 -8 -14 -8 -12 -8 -13 -9 -13 -9 -14 -9 -14 -10 -14 -10 -14 -11 -13 -11 0 0 -14 -10 -15 -10 -15 -9 -16 -10 -14 -10 -17 -11 -16 -11 -17 -10 -17 -10 -17 -10 -16 -10 -15 -10 -15 -10 -16 -10 -17 -10 -16 -8 -18 -10 -16 -9 -17 -9 -17 -9 -17 -10 -17 -9 -18 -11 -16 -10 -16 -10 -16 -9 0 0 0 0 0 0 0 0 0 0 ]
223,1782981302.253544,16.4753,-66,CSI_DATA,AP,98:F4:AB:29:67:94,-66,11,1,2,1,1,1,1,0,0,0,-96,1,6,1,57618188,0,84,0,0,58.0004,384,[84 -64 4 0 0 0 0 0 0 0 0 0 8 9 7 8 8 9 7 9 8 10 7 10 8 12 6 10 8 10 6 13 7 13 6 13 6 13 6 13 7 12 8 14 7 12 8 13 7 12 8 12 6 13 8 13 7 15 8 15 7 15 7 14 0 0 8 14 10 15 8 13 11 15 7 14 9 15 9 16 9 16 10 15 8 19 10 17 8 15 9 16 9 14 12 15 11 14 12 16 10 14 11 15 11 15 10 15 11 14 10 16 10 15 9 15 9 14 0 0 0 0 0 0 0 0 0 0 ]
224,1782981302.344388,18.2767,-68,CSI_DATA,AP,98:F4:AB:29:67:94,-68,11,1,4,1,1,1,1,0,0,0,-96,1,6,1,57705163,0,84,0,0,58.0873,384,[84 -64 4 0 0 0 0 0 0 0 0 0 -12 -4 -13 -3 -14 -6 -15 -6 -13 -5 -13 -6 -15 -7 -13 -7 -14 -6 -15 -7 -16 -7 -16 -7 -16 -8 -15 -8 -15 -7 -15 -8 -15 -8 -15 -8 -16 -7 -16 -8 -16 -9 -17 -8 -16 -9 -16 -8 -17 -9 -17 -9 0 0 -17 -10 -18 -9 -18 -9 -19 -8 -17 -8 -18 -9 -18 -9 -18 -9 -19 -9 -19 -10 -19 -10 -18 -10 -20 -10 -19 -10 -19 -9 -18 -8 -20 -10 -20 -8 -21 -10 -20 -10 -20 -9 -21 -10 -18 -11 -19 -9 -18 -8 -18 -10 0 0 0 0 0 0 0 0 0 0 ]
225,1782981302.431727,17.1414,-68,CSI_DATA,AP,98:F4:AB:29:67:94,-68,11,1,4,1,1,1,1,0,0,0,-96,1,6,1,57794657,0,84,0,0,58.1768,384,[84 -64 4 0 0 0 0 0 0 0 0 0 9 8 7 8 9 8 8 8 8 9 9 8 8 10 8 9 9 9 8 10 8 11 8 11 8 11 8 12 7 10 9 12 8 10 8 11 8 11 8 11 9 12 10 11 9 13 8 13 8 13 10 12 0 0 9 12 11 13 9 12 10 13 9 12 10 12 9 15 11 13 12 13 11 14 10 14 10 14 10 14 10 13 11 14 11 12 12 14 11 12 11 14 12 13 11 14 11 14 12 14 10 14 10 13 10 12 0 0 0 0 0 0 0 0 0 0 ]
226,1782981302.521355,19.0066,-68,CSI_DATA,AP,98:F4:AB:29:67:94,-68,11,1,4,1,1,1,1,0,0,0,-96,1,6,1,57893015,0,84,0,0,58.2752,384,[84 -64 4 0 0 0 0 0 0 0 0 0 -6 -12 -5 -12 -5 -13 -7 -13 -5 -14 -5 -13 -4 -14 -5 -14 -4 -15 -4 -15 -4 -17 -4 -16 -4 -15 -4 -17 -4 -15 -4 -17 -5 -15 -5 -16 -4 -16 -4 -17 -4 -17 -5 -18 -3 -18 -4 -18 -4 -20 -4 -18 0 0 -4 -19 -5 -20 -4 -20 -6 -19 -3 -19 -5 -20 -5 -20 -5 -20 -4 -21 -6 -21 -5 -20 -4 -20 -5 -21 -3 -20 -5 -20 -5 -20 -6 -22 -5 -20 -5 -21 -5 -21 -5 -21 -5 -20 -5 -22 -5 -21 -4 -20 -5 -20 0 0 0 0 0 0 0 0 0 0 ]
227,1782981302.609897,19.6813,-68,CSI_DATA,AP,98:F4:AB:29:67:94,-68,11,1,4,1,1,1,1,0,0,0,-96,1,6,1,57975207,0,84,0,0,58.3574,384,[84 -64 4 0 0 0 0 0 0 0 0 0 2 -13 3 -13 3 -15 3 -13 3 -14 3 -13 4 -14 5 -13 5 -14 4 -15 4 -15 6 -15 6 -16 6 -16 5 -14 6 -16 5 -15 4 -16 5 -15 5 -16 6 -17 5 -16 7 -17 7 -17 7 -18 7 -18 0 0 7 -18 5 -18 5 -18 5 -20 6 -17 6 -19 7 -20 6 -20 7 -19 7 -20 7 -21 7 -20 6 -20 7 -19 6 -21 5 -19 7 -21 5 -20 6 -21 6 -21 8 -20 6 -21 8 -21 6 -21 6 -19 5 -19 0 0 0 0 0 0 0 0 0 0 ]
228,1782981302.698538,19.0633,-68,CSI_DATA,AP,98:F4:AB:29:67:94,-68,11,1,4,1,1,1,1,0,0,0,-96,1,6,1,58068698,0,84,0,0,58.4507,384,[84 -64 4 0 0 0 0 0 0 0 0 0 9 10 7 11 8 11 8 11 8 10 7 12 6 12 6 12 7 12 7 13 7 13 7 14 7 14 8 14 6 14 7 14 8 14 8 13 7 14 8 14 8 15 8 15 8 15 8 14 8 16 9 15 0 0 9 15 9 16 10 15 10 15 9 15 10 16 9 17 10 16 10 17 10 16 11 16 11 15 11 17 11 17 11 16 12 17 12 16 13 16 11 18 13 16 12 17 12 17 11 17 12 16 11 15 11 16 0 0 0 0 0 0 0 0 0 0 ]
229,1782981302.788086,19.3307,-68,CSI_DATA,AP,98:F4:AB:29:67:94,-68,11,1,4,1,1,1,1,0,0,0,-96,1,6,1,58156571,0,84,0,0,58.5387,384,[84 -64 4 0 0 0 0 0 0 0 0 0 -12 -8 -11 -9 -11 -10 -11 -10 -11 -11 -10 -10 -10 -12 -9 -11 -11 -12 -10 -12 -11 -13 -11 -12 -12 -13 -11 -13 -10 -12 -11 -14 -10 -12 -12 -13 -11 -14 -11 -13 -12 -14 -11 -14 -11 -14 -12 -14 -12 -15 -12 -14 0 0 -12 -14 -14 -15 -12 -14 -13 -15 -12 -15 -13 -16 -13 -16 -13 -17 -14 -16 -14 -15 -15 -15 -13 -16 -14 -16 -14 -16 -15 -16 -15 -15 -15 -17 -14 -15 -15 -15 -15 -15 -15 -16 -15 -16 -15 -16 -14 -17 -14 -15 -14 -14 0 0 0 0 0 0 0 0 0 0 ]
230,1782981302.876735,17.9629,-68,CSI_DATA,AP,98:F4:AB:29:67:94,-68,11,1,4,1,1,1,1,0,0,0,-96,1,6,1,58245339,0,84,0,0,58.6275,384,[84 -64 4 0 0 0 0 0 0 0 0 0 2 -12 3 -12 2 -13 3 -12 3 -13 4 -12 4 -13 4 -13 4 -13 4 -14 4 -14 5 -14 5 -13 6 -14 4 -13 5 -15 5 -14 5 -14 5 -14 5 -14 5 -14 5 -16 6 -15 6 -16 6 -16 5 -16 0 0 6 -16 6 -17 6 -16 5 -17 5 -15 6 -17 6 -17 6 -18 6 -18 5 -19 5 -18 6 -16 6 -17 5 -17 5 -18 4 -18 6 -19 5 -18 5 -18 4 -19 5 -18 5 -18 5 -19 5 -18 6 -17 5 -16 0 0 0 0 0 0 0 0 0 0 ]
231,1782981302.963545,16.8740,-68,CSI_DATA,AP,98:F4:AB:29:67:94,-68,11,1,3,1,1,1,1,0,0,0,-96,1,6,1,58339559,0,84,0,0,58.7217,384,[84 -64 4 0 0 0 0 0 0 0 0 0 -11 -5 -11 -5 -12 -6 -12 -6 -12 -7 -10 -7 -11 -8 -11 -8 -13 -8 -12 -8 -13 -8 -12 -9 -13 -9 -12 -10 -11 -9 -13 -9 -13 -8 -13 -8 -13 -8 -13 -9 -13 -9 -14 -9 -14 -10 -14 -10 -14 -9 -13 -10 0 0 -15 -10 -16 -10 -15 -9 -16 -8 -15 -9 -15 -10 -16 -11 -16 -10 -17 -10 -16 -10 -17 -9 -15 -9 -16 -9 -15 -9 -17 -9 -16 -7 -18 -10 -16 -9 -17 -9 -17 -9 -16 -10 -17 -9 -17 -10 -17 -10 -16 -8 -17 -8 0 0 0 0 0 0 0 0 0 0 ]
232,1782981303.053035,16.7498,-67,CSI_DATA,AP,98:F4:AB:29:67:94,-67,11,1,2,1,1,1,1,0,0,0,-96,1,6,1,58433644,0,84,0,0,58.8157,384,[84 -64 4 0 0 0 0 0 0 0 0 0 12 -1 11 -1 13 -1 12 -1 13 0 12 0 13 1 13 1 13 0 14 2 14 1 14 1 15 2 14 2 12 2 16 2 13 1 14 1 13 1 15 1 16 3 16 1 16 2 16 1 17 3 15 2 0 0 16 0 18 1 17 0 18 -1 16 1 18 2 17 2 19 1 18 0 20 1 19 0 17 1 18 0 17 1 20 -1 17 -1 21 0 18 -1 18 0 18 0 20 2 19 0 20 1 18 -1 18 1 16 0 0 0 0 0 0 0 0 0 0 0 ]
233,1782981303.141201,15.6895,-68,CSI_DATA,AP,98:F4:AB:29:67:94,-68,11,1,4,1,1,1,1,0,0,0,-96,1,6,1,58515315,0,84,0,0,58.8975,384,[84 -64 4 0 0 0 0 0 0 0 0 0 4 -12 4 -11 5 -11 5 -12 6 -13 5 -11 6 -11 6 -12 6 -13 7 -13 6 -13 7 -12 7 -12 7 -13 7 -11 8 -15 4 -12 8 -13 6 -7 8 -14 8 -13 8 -14 8 -13 9 -14 9 -13 8 -15 0 0 8 -14 9 -15 8 -14 8 -16 8 -13 8 -16 10 -15 9 -16 9 -16 9 -16 9 -16 10 -15 9 -15 9 -15 9 -15 9 -16 9 -17 7 -16 9 -17 8 -16 10 -16 10 -16 10 -15 10 -16 9 -15 9 -15 0 0 0 0 0 0 0 0 0 0 ]
234,1782981303.230325,15.7983,-68,CSI_DATA,AP,98:F4:AB:29:67:94,-68,11,1,3,1,1,1,1,0,0,0,-96,1,6,1,58606285,0,84,0,0,58.9884,384,[84 -64 4 0 0 0 0 0 0 0 0 0 1 11 0 11 1 12 -1 12 0 13 -1 11 0 12 -1 13 -1 14 -2 13 -2 13 -2 14 -2 14 -3 14 -2 13 -1 15 -1 14 -1 14 -2 14 -3 15 -3 15 -2 16 -2 15 -3 16 -4 16 -3 16 0 0 -3 16 -1 17 -2 17 -1 17 -2 15 -2 17 -3 18 -2 18 -2 18 -2 18 -2 18 -2 18 -2 18 -2 17 -1 18 -1 18 -2 19 -2 18 -1 18 -1 18 -2 19 -2 19 -2 19 -1 18 -2 18 -2 17 0 0 0 0 0 0 0 0 0 0 ]
235,1782981303.319814,15.9734,-68,CSI_DATA,AP,98:F4:AB:29:67:94,-68,11,1,3,1,1,1,1,0,0,0,-96,1,6,1,58696377,0,84,0,0,59.0786,384,[84 -64 4 0 0 0 0 0 0 0 0 0 7 11 7 11 7 11 6 10 6 12 5 12 6 12 6 12 8 12 6 14 6 14 6 14 5 15 6 14 6 13 7 14 6 14 7 14 7 14 7 14 7 15 7 15 7 17 6 16 6 16 7 16 0 0 8 15 9 17 8 16 9 16 8 16 9 17 9 17 9 18 9 17 9 18 10 18 8 17 9 18 9 17 10 18 9 16 10 19 9 17 10 17 10 18 9 18 11 18 8 18 9 18 8 18 8 17 0 0 0 0 0 0 0 0 0 0 ]
236,1782981303.406586,16.4416,-68,CSI_DATA,AP,98:F4:AB:29:67:94,-68,11,1,3,1,1,1,1,0,0,0,-96,1,6,1,58785707,0,84,0,0,59.1678,384,[84 -64 4 0 0 0 0 0 0 0 0 0 11 -2 11 -1 12 -1 13 -1 13 -1 12 -1 12 0 13 -1 12 -1 13 1 14 -1 14 0 14 0 14 0 13 0 15 0 13 -1 14 -1 14 0 14 1 15 1 15 0 14 1 16 0 16 0 16 0 0 0 15 -1 17 0 17 0 17 0 16 0 17 0 18 1 18 0 17 0 19 0 18 -2 18 0 20 -1 17 0 18 -1 18 -2 18 -1 18 -2 18 -1 18 -1 19 0 19 0 18 -1 18 -2 17 -1 17 -1 0 0 0 0 0 0 0 0 0 0 ]
237,1782981303.495083,16.5929,-68,CSI_DATA,AP,98:F4:AB:29:67:94,-68,11,1,3,1,1,1,1,0,0,0,-96,1,6,1,58877038,0,84,0,0,59.2592,384,[84 -64 4 0 0 0 0 0 0 0 0 0 -14 -6 -14 -7 -15 -8 -15 -7 -16 -9 -15 -7 -15 -9 -14 -8 -16 -9 -16 -10 -16 -9 -16 -10 -16 -10 -16 -11 -16 -10 -18 -10 -16 -9 -16 -11 -16 -11 -17 -10 -17 -11 -17 -12 -18 -12 -18 -11 -18 -13 -18 -12 0 0 -19 -12 -19 -11 -19 -12 -19 -12 -18 -12 -19 -12 -21 -12 -20 -13 -21 -12 -22 -13 -20 -12 -21 -13 -19 -12 -20 -13 -20 -13 -21 -11 -21 -13 -21 -12 -22 -12 -22 -13 -21 -12 -21 -13 -21 -12 -20 -12 -20 -11 -20 -11 0 0 0 0 0 0 0 0 0 0 ]
238,1782981303.585767,18.4984,-68,CSI_DATA,AP,98:F4:AB:29:67:94,-68,11,1,3,1,1,1,1,0,0,0,-96,1,6,1,58967326,0,84,0,0,59.3495,384,[84 -64 4 0 0 0 0 0 0 0 0 0 -13 -5 -13 -4 -13 -5 -14 -5 -14 -5 -13 -6 -13 -5 -13 -5 -14 -6 -15 -7 -15 -7 -14 -7 -14 -8 -15 -7 -15 -8 -17 -7 -16 -6 -16 -7 -15 -8 -16 -7 -16 -8 -17 -7 -16 -9 -16 -9 -17 -10 -16 -9 0 0 -17 -9 -18 -8 -18 -8 -19 -7 -17 -8 -19 -9 -19 -8 -19 -9 -19 -8 -20 -9 -20 -8 -19 -10 -18 -9 -19 -8 -20 -8 -20 -7 -21 -9 -19 -8 -20 -7 -20 -7 -20 -9 -21 -8 -20 -9 -20 -8 -19 -9 -19 -8 0 0 0 0 0 0 0 0 0 0 ]
239,1782981303.674078,20.2100,-67,CSI_DATA,AP,98:F4:AB:29:67:94,-67,11,1,4,1,1,1,1,0,0,0,-96,1,6,1,59058234,0,84,0,0,59.4404,384,[84 -64 4 0 0 0 0 0 0 0 0 0 -9 -10 -9 -10 -10 -12 -11 -11 -11 -12 -8 -12 -10 -11 -8 -13 -11 -12 -10 -14 -10 -14 -9 -14 -10 -14 -9 -15 -9 -13 -11 -15 -11 -13 -11 -14 -11 -13 -10 -15 -11 -16 -11 -14 -10 -17 -11 -16 -11 -17 -11 -16 0 0 -11 -16 -12 -16 -13 -15 -13 -17 -11 -16 -13 -17 -12 -16 -13 -18 -13 -17 -14 -19 -14 -18 -12 -17 -13 -17 -13 -16 -14 -17 -14 -14 -16 -18 -14 -15 -15 -17 -15 -16 -13 -17 -15 -16 -14 -19 -14 -18 -13 -16 -13 -15 0 0 0 0 0 0 0 0 0 0 ]
240,1782981303.763336,19.0232,-68,CSI_DATA,AP,98:F4:AB:29:67:94,-68,11,1,3,1,1,1,1,0,0,0,-96,1,6,1,59147615,0,84,0,0,59.5297,384,[84 -64 4 0 0 0 0 0 0 0 0 0 -2 -12 -2 -13 -2 -13 -2 -13 -1 -13 -1 -13 0 -14 1 -13 1 -14 1 -15 1 -15 1 -15 0 -16 1 -16 1 -15 1 -16 1 -15 1 -16 1 -15 2 -15 2 -16 2 -16 2 -16 1 -17 2 -17 2 -17 0 0 2 -18 1 -18 2 -18 1 -18 1 -17 2 -18 2 -19 2 -19 3 -19 2 -20 1 -18 2 -18 1 -19 2 -18 2 -18 1 -19 1 -20 2 -18 1 -20 1 -19 2 -19 2 -19 2 -19 1 -18 1 -18 1 -17 0 0 0 0 0 0 0 0 0 0 ]
241,1782981303.857083,17.9661,-67,CSI_DATA,AP,98:F4:AB:29:67:94,-67,11,1,4,1,1,1,1,0,0,0,-96,1,6,1,59236900,0,84,0,0,59.6191,384,[84 -64 4 0 0 0 0 0 0 0 0 0 -1 11 -1 11 -1 12 -2 13 -3 13 -2 13 -2 13 -2 11 -3 13 -3 13 -3 13 -2 15 -4 14 -4 14 -4 13 -4 14 -4 15 -5 13 -4 15 -4 15 -5 15 -4 14 -5 16 -4 15 -5 16 -4 15 0 0 -6 15 -5 17 -4 18 -5 15 -6 16 -6 15 -5 18 -6 18 -6 18 -5 19 -5 18 -5 17 -6 18 -5 17 -6 18 -5 18 -6 18 -5 17 -6 18 -5 17 -6 18 -6 18 -5 18 -5 17 -5 16 -5 16 0 0 0 0 0 0 0 0 0 0 ]
242,1782981303.946084,19.1224,-67,CSI_DATA,AP,98:F4:AB:29:67:94,-67,11,1,4,1,1,1,1,0,0,0,-96,1,6,1,59328213,0,84,0,0,59.7104,384,[84 -64 4 0 0 0 0 0 0 0 0 0 -10 -10 -9 -10 -10 -11 -9 -11 -9 -13 -9 -11 -9 -13 -8 -13 -9 -13 -9 -13 -9 -15 -10 -15 -10 -15 -9 -15 -9 -15 -10 -16 -9 -15 -9 -16 -9 -16 -8 -15 -9 -17 -9 -17 -9 -18 -9 -17 -9 -18 -10 -18 0 0 -10 -18 -10 -18 -10 -18 -11 -18 -9 -17 -10 -18 -11 -19 -10 -19 -10 -19 -11 -20 -11 -19 -10 -20 -11 -19 -10 -18 -11 -18 -12 -17 -11 -20 -11 -18 -12 -18 -11 -19 -11 -19 -11 -19 -10 -19 -11 -18 -11 -18 -10 -16 0 0 0 0 0 0 0 0 0 0 ]
243,1782981304.036720,18.1112,-67,CSI_DATA,AP,98:F4:AB:29:67:94,-67,11,1,4,1,1,1,1,0,0,0,-96,1,6,1,59418038,0,84,0,0,59.8002,384,[84 -64 4 0 0 0 0 0 0 0 0 0 8 -9 7 -8 8 -10 9 -8 10 -9 9 -8 10 -9 10 -8 11 -10 12 -9 11 -9 12 -9 13 -9 12 -9 12 -8 13 -9 12 -9 13 -10 12 -9 14 -10 13 -8 14 -10 14 -10 15 -8 15 -9 15 -9 0 0 15 -9 16 -10 14 -8 15 -11 14 -9 16 -9 16 -9 17 -10 16 -10 17 -9 16 -11 16 -8 16 -9 15 -9 16 -12 15 -11 17 -11 15 -10 16 -11 15 -11 16 -9 15 -11 17 -10 16 -11 15 -10 15 -9 0 0 0 0 0 0 0 0 0 0 ]
244,1782981304.127084,16.1205,-67,CSI_DATA,AP,98:F4:AB:29:67:94,-67,11,1,4,1,1,1,1,0,0,0,-96,1,6,1,59507187,0,84,0,0,59.8893,384,[84 -64 4 0 0 0 0 0 0 0 0 0 3 10 2 9 3 11 2 11 2 12 2 10 2 12 2 12 2 12 1 12 2 13 2 13 1 13 1 14 1 12 1 14 1 13 1 13 1 13 1 14 1 14 1 14 0 14 1 14 0 15 1 15 0 0 0 16 1 16 1 15 2 15 0 15 0 15 0 16 0 17 0 17 0 17 2 16 1 16 1 16 1 16 2 16 2 17 2 16 1 16 1 16 1 16 1 16 0 17 1 16 2 17 2 15 1 16 0 0 0 0 0 0 0 0 0 0 ]
245,1782981304.217087,15.5355,-67,CSI_DATA,AP,98:F4:AB:29:67:94,-67,11,1,4,1,1,1,1,0,0,0,-96,1,6,1,59597621,0,84,0,0,59.9797,384,[84 -64 4 0 0 0 0 0 0 0 0 0 11 5 11 6 12 5 11 7 11 7 10 7 11 8 11 7 11 8 11 8 11 8 11 10 11 10 11 10 11 9 11 10 11 10 11 9 11 10 11 10 11 9 12 10 11 11 12 11 12 11 13 11 0 0 12 11 13 11 13 11 12 10 11 10 13 12 13 12 14 11 14 11 13 11 14 12 13 11 13 12 13 10 14 11 14 11 15 12 14 10 14 10 14 10 14 11 15 11 14 11 14 10 14 11 13 10 0 0 0 0 0 0 0 0 0 0 ]
246,1782981304.306801,17.7427,-67,CSI_DATA,AP,98:F4:AB:29:67:94,-67,11,1,4,1,1,1,1,0,0,0,-96,1,6,1,59685943,0,84,0,0,60.0681,384,[84 -64 4 0 0 0 0 0 0 0 0 0 -15 1 -15 0 -16 -1 -15 -2 -16 -1 -14 -2 -15 -2 -16 -3 -17 -3 -17 -4 -17 -3 -18 -3 -17 -4 -17 -4 -16 -4 -18 -3 -17 -3 -17 -3 -17 -4 -17 -4 -18 -5 -19 -5 -19 -6 -19 -5 -20 -5 -19 -5 0 0 -19 -5 -21 -4 -20 -3 -21 -3 -19 -5 -20 -5 -20 -5 -21 -5 -21 -4 -22 -6 -23 -4 -20 -5 -22 -4 -20 -5 -22 -2 -21 -2 -23 -4 -21 -2 -21 -4 -21 -3 -22 -4 -22 -3 -22 -5 -22 -4 -20 -3 -20 -3 0 0 0 0 0 0 0 0 0 0 ]
247,1782981304.394001,18.4259,-68,CSI_DATA,AP,98:F4:AB:29:67:94,-68,11,1,4,1,1,1,1,0,0,0,-96,1,6,1,59779659,0,84,0,0,60.1618,384,[84 -64 4 0 0 0 0 0 0 0 0 0 8 -10 8 -10 8 -10 9 -10 9 -10 9 -10 9 -10 11 -9 10 -11 11 -9 12 -11 11 -10 13 -10 13 -10 11 -9 12 -12 11 -11 11 -10 10 -11 12 -11 11 -11 12 -11 12 -10 13 -12 14 -12 13 -11 0 0 12 -12 13 -13 12 -13 12 -14 12 -12 13 -13 13 -13 12 -13 13 -14 13 -15 12 -14 12 -13 12 -14 12 -14 11 -15 10 -14 12 -16 10 -15 11 -15 11 -15 12 -15 10 -15 12 -15 11 -14 10 -14 11 -14 0 0 0 0 0 0 0 0 0 0 ]
248,1782981304.483735,18.7047,-67,CSI_DATA,AP,98:F4:AB:29:67:94,-67,11,1,4,1,1,1,1,0,0,0,-96,1,6,1,59864608,0,84,0,0,60.2468,384,[84 -64 4 0 0 0 0 0 0 0 0 0 -11 -7 -11 -8 -12 -8 -12 -8 -12 -8 -12 -9 -11 -9 -11 -9 -11 -9 -12 -10 -13 -10 -13 -11 -12 -11 -12 -11 -12 -11 -12 -11 -12 -10 -13 -11 -13 -10 -12 -12 -13 -12 -13 -12 -12 -12 -13 -11 -13 -12 -14 -12 0 0 -13 -12 -15 -12 -14 -12 -14 -12 -14 -12 -14 -14 -14 -13 -15 -13 -15 -11 -15 -12 -16 -12 -15 -13 -15 -12 -15 -12 -16 -11 -15 -11 -17 -11 -14 -11 -16 -11 -15 -11 -15 -12 -16 -12 -15 -12 -16 -11 -15 -11 -14 -11 0 0 0 0 0 0 0 0 0 0 ]
249,1782981304.570497,18.0838,-68,CSI_DATA,AP,98:F4:AB:29:67:94,-68,11,1,4,1,1,1,1,0,0,0,-96,1,6,1,59955293,0,84,0,0,60.3374,384,[84 -64 4 0 0 0 0 0 0 0 0 0 2 12 1 12 1 12 1 13 1 14 0 13 1 13 -1 14 1 14 0 14 0 14 -1 16 -1 14 -2 15 -1 14 0 16 0 14 0 15 1 15 0 15 0 16 1 16 0 16 -1 17 -1 17 0 17 0 0 0 16 1 18 1 16 1 18 0 17 2 17 1 17 1 17 1 19 2 18 1 18 1 18 1 17 2 17 3 18 3 17 3 18 3 16 4 18 4 17 4 18 4 18 3 18 3 18 4 17 3 16 0 0 0 0 0 0 0 0 0 0 ]
250,1782981304.657542,18.5359,-69,CSI_DATA,AP,98:F4:AB:29:67:94,-69,11,1,5,1,1,1,1,0,0,0,-96,1,6,1,60046370,0,84,0,0,60.4285,384,[84 -64 4 0 0 0 0 0 0 0 0 0 -13 6 -12 5 -13 6 -14 7 -15 6 -14 6 -14 4 -16 4 -16 5 -16 6 -15 4 -17 4 -17 3 -17 2 -15 3 -17 5 -15 5 -16 5 -16 4 -17 5 -18 5 -18 5 -18 4 -17 5 -19 3 -18 5 0 0 -19 5 -18 5 -18 7 -18 8 -18 5 -18 6 -19 5 -19 6 -18 6 -20 6 -19 6 -18 5 -18 6 -18 6 -18 8 -18 7 -20 8 -17 8 -19 8 -18 8 -19 7 -19 8 -19 7 -18 8 -17 7 -17 7 0 0 0 0 0 0 0 0 0 0 ]
251,1782981304.745319,18.2612,-69,CSI_DATA,AP,98:F4:AB:29:67:94,-69,11,1,5,1,1,1,1,0,0,0,-96,1,6,1,60134644,0,84,0,0,60.5168,384,[84 -64 4 0 0 0 0 0 0 0 0 0 13 0 13 1 15 2 13 2 15 1 13 3 15 3 14 4 15 4 14 3 16 4 16 4 15 4 15 4 14 5 17 4 15 4 15 5 13 5 16 4 17 5 16 4 17 5 16 5 17 5 16 5 0 0 17 5 18 4 17 5 18 5 16 4 18 5 18 5 18 5 18 5 19 5 19 4 18 5 19 5 17 5 19 4 18 3 18 4 18 3 19 4 18 2 18 4 18 4 19 3 19 4 17 4 17 3 0 0 0 0 0 0 0 0 0 0 ]
252,1782981304.833232,18.0745,-69,CSI_DATA,AP,98:F4:AB:29:67:94,-69,11,1,5,1,1,1,1,0,0,0,-96,1,6,1,60224914,0,84,0,0,60.6071,384,[84 -64 4 0 0 0 0 0 0 0 0 0 -3 13 -2 13 -3 13 -3 14 -5 15 -5 14 -6 14 -6 14 -6 13 -5 14 -5 16 -6 15 -6 15 -7 15 -7 14 -7 16 -7 14 -7 15 -7 14 -6 15 -8 16 -6 16 -7 16 -8 16 -7 16 -7 17 0 0 -7 16 -7 17 -7 17 -7 17 -7 17 -7 18 -8 18 -8 17 -9 17 -8 19 -7 19 -7 17 -6 18 -7 18 -7 19 -6 17 -7 19 -6 18 -6 18 -7 18 -7 18 -7 19 -7 18 -6 18 -6 17 -5 17 0 0 0 0 0 0 0 0 0 0 ]
253,1782981304.921633,16.8413,-68,CSI_DATA,AP,98:F4:AB:29:67:94,-68,11,1,4,1,1,1,1,0,0,0,-96,1,6,1,60318756,0,84,0,0,60.7008,384,[84 -64 4 0 0 0 0 0 0 0 0 0 -11 5 -12 7 -13 6 -11 6 -13 5 -12 6 -13 5 -14 5 -13 6 -14 5 -15 6 -14 6 -16 4 -16 5 -13 5 -16 5 -14 5 -13 5 -15 5 -15 5 -16 5 -16 5 -16 5 -17 5 -16 5 -16 5 0 0 -16 5 -18 7 -16 7 -17 7 -16 5 -17 5 -18 6 -18 6 -18 7 -18 6 -17 7 -18 5 -17 7 -17 6 -17 7 -17 8 -18 7 -17 7 -17 8 -17 7 -17 8 -17 7 -17 7 -17 7 -17 7 -16 7 0 0 0 0 0 0 0 0 0 0 ]
254,1782981305.009422,18.0375,-69,CSI_DATA,AP,98:F4:AB:29:67:94,-69,11,1,5,1,1,1,1,0,0,0,-96,1,6,1,60407284,0,84,0,0,60.7894,384,[84 -64 4 0 0 0 0 0 0 0 0 0 -14 -6 -13 -5 -14 -6 -13 -7 -14 -7 -13 -7 -12 -7 -14 -8 -15 -8 -14 -8 -13 -9 -14 -10 -15 -10 -14 -9 -14 -9 -15 -10 -14 -9 -15 -9 -16 -10 -15 -9 -16 -10 -17 -9 -16 -11 -16 -11 -16 -12 -16 -10 0 0 -17 -10 -16 -10 -16 -10 -16 -10 -15 -10 -18 -10 -17 -12 -17 -11 -18 -10 -18 -10 -17 -11 -17 -11 -15 -10 -18 -10 -18 -11 -17 -9 -18 -10 -17 -9 -18 -8 -18 -8 -18 -10 -19 -9 -17 -10 -17 -10 -16 -10 -17 -8 0 0 0 0 0 0 0 0 0 0 ]
255,1782981305.097193,18.3061,-69,CSI_DATA,AP,98:F4:AB:29:67:94,-69,11,1,5,1,1,1,1,0,0,0,-96,1,6,1,60494648,0,84,0,0,60.8768,384,[84 -64 4 0 0 0 0 0 0 0 0 0 -1 13 -2 14 -2 13 -2 14 -3 14 -3 14 -4 13 -4 14 -4 15 -4 15 -4 15 -6 15 -6 15 -6 15 -6 14 -5 16 -6 15 -5 16 -5 15 -6 15 -7 15 -5 16 -5 16 -6 17 -6 17 -6 16 0 0 -7 16 -5 17 -6 18 -5 18 -7 17 -6 17 -5 18 -7 18 -7 18 -7 19 -5 18 -5 17 -6 19 -6 18 -5 18 -5 19 -6 18 -4 18 -6 18 -5 18 -7 18 -5 19 -5 18 -5 18 -6 17 -5 17 0 0 0 0 0 0 0 0 0 0 ]
256,1782981305.184426,19.4502,-66,CSI_DATA,AP,98:F4:AB:29:67:94,-66,11,1,2,1,1,1,1,0,0,0,-96,1,6,1,60588873,0,84,0,0,60.971,384,[84 -64 4 0 0 0 0 0 0 0 0 0 14 2 15 2 15 4 15 4 14 4 14 4 13 5 14 6 15 5 15 6 16 5 17 6 16 6 16 6 15 7 16 6 16 7 15 6 16 6 15 7 16 8 17 8 17 7 17 7 18 7 18 8 0 0 18 6 19 8 19 7 19 6 17 7 19 7 19 9 20 8 19 7 20 7 22 7 20 7 21 6 19 7 19 6 20 6 20 6 19 5 20 6 20 6 20 7 21 6 20 5 21 5 20 4 20 5 0 0 0 0 0 0 0 0 0 0 ]
257,1782981305.286353,18.4459,-67,CSI_DATA,AP,98:F4:AB:29:67:94,-67,11,1,4,1,1,1,1,0,0,0,-96,1,6,1,60674687,0,84,0,0,61.0568,384,[84 -64 4 0 0 0 0 0 0 0 0 0 -13 -3 -12 -4 -13 -6 -14 -5 -14 -5 -14 -5 -13 -6 -13 -6 -14 -6 -13 -6 -14 -8 -13 -8 -14 -9 -15 -9 -14 -8 -15 -8 -13 -8 -14 -7 -15 -8 -14 -7 -15 -8 -15 -9 -14 -9 -15 -9 -15 -9 -15 -10 0 0 -15 -9 -17 -9 -16 -9 -16 -9 -14 -9 -16 -9 -18 -9 -17 -9 -16 -9 -18 -10 -17 -9 -16 -10 -16 -9 -17 -9 -17 -9 -16 -8 -18 -8 -16 -9 -17 -9 -18 -8 -18 -7 -18 -9 -17 -9 -17 -9 -16 -9 -17 -8 0 0 0 0 0 0 0 0 0 0 ]
258,1782981305.377592,18.1233,-67,CSI_DATA,AP,98:F4:AB:29:67:94,-67,11,1,4,1,1,1,1,0,0,0,-96,1,6,1,60767249,0,84,0,0,61.1494,384,[84 -64 4 0 0 0 0 0 0 0 0 0 -4 -13 -3 -13 -4 -14 -3 -14 -3 -14 -2 -13 -2 -14 -1 -14 -3 -15 -1 -16 -2 -16 0 -17 -1 -16 -1 -16 -1 -15 -1 -17 -2 -15 -2 -16 -2 -16 -2 -17 -1 -17 -2 -17 -1 -18 -1 -18 -1 -18 -1 -18 0 0 -1 -18 -2 -19 -2 -18 -2 -19 -1 -17 -3 -19 -2 -19 -2 -19 -3 -19 -3 -19 -2 -20 -2 -18 -2 -19 -2 -18 -3 -20 -4 -19 -4 -21 -5 -19 -4 -19 -4 -19 -3 -19 -3 -19 -3 -20 -3 -20 -3 -18 -3 -18 0 0 0 0 0 0 0 0 0 0 ]
259,1782981305.467415,18.0083,-68,CSI_DATA,AP,98:F4:AB:29:67:94,-68,11,1,4,1,1,1,1,0,0,0,-96,1,6,1,60856365,0,84,0,0,61.2386,384,[84 -64 4 0 0 0 0 0 0 0 0 0 -2 -13 -1 -13 -2 -14 -2 -12 0 -14 -1 -13 0 -14 0 -13 0 -13 0 -14 1 -15 1 -15 1 -15 1 -15 1 -15 0 -16 0 -15 0 -15 1 -15 1 -16 1 -16 1 -17 2 -16 1 -17 2 -18 2 -17 0 0 2 -17 1 -18 1 -17 1 -18 1 -16 2 -19 2 -19 2 -19 2 -18 1 -20 1 -19 2 -19 2 -20 1 -18 1 -19 0 -18 1 -21 1 -19 1 -20 1 -19 1 -19 1 -20 2 -19 1 -19 1 -18 1 -18 0 0 0 0 0 0 0 0 0 0 ]
260,1782981305.558728,16.7997,-68,CSI_DATA,AP,98:F4:AB:29:67:94,-68,11,1,4,1,1,1,1,0,0,0,-96,1,6,1,60945639,0,84,0,0,61.3278,384,[84 -64 4 0 0 0 0 0 0 0 0 0 -5 11 -5 10 -6 12 -6 11 -7 11 -7 11 -8 11 -8 11 -7 11 -8 12 -7 11 -8 13 -8 12 -9 12 -8 11 -9 13 -8 12 -8 12 -9 13 -9 12 -10 14 -9 13 -9 13 -9 13 -9 13 -10 14 0 0 -10 13 -11 14 -10 13 -9 14 -10 13 -10 14 -11 14 -8 14 -11 16 -10 15 -9 15 -9 15 -10 15 -9 15 -9 16 -9 15 -11 16 -9 14 -10 16 -9 15 -10 16 -10 16 -10 16 -9 15 -9 15 -9 15 0 0 0 0 0 0 0 0 0 0 ]
261,1782981305.652840,17.1449,-68,CSI_DATA,AP,98:F4:AB:29:67:94,-68,11,1,4,1,1,1,1,0,0,0,-96,1,6,1,61035407,0,84,0,0,61.4175,384,[84 -64 4 0 0 0 0 0 0 0 0 0 12 7 10 7 11 7 11 8 12 9 11 9 12 9 10 10 12 9 11 10 11 11 11 11 12 12 11 12 10 11 12 11 11 11 12 11 12 12 13 12 13 12 13 12 13 12 12 13 13 13 13 13 0 0 13 13 14 14 14 13 15 13 13 13 13 14 14 13 14 14 14 13 15 14 14 14 14 15 13 14 14 13 15 12 15 13 16 14 15 12 15 12 15 13 16 14 15 13 14 13 14 13 13 13 14 13 0 0 0 0 0 0 0 0 0 0 ]
262,1782981305.738129,17.3923,-68,CSI_DATA,AP,98:F4:AB:29:67:94,-68,11,1,4,1,1,1,1,0,0,0,-96,1,6,1,61129335,0,84,0,0,61.5115,384,[84 -64 4 0 0 0 0 0 0 0 0 0 -13 3 -11 2 -14 3 -12 1 -14 3 -13 2 -13 2 -14 1 -15 2 -15 1 -15 1 -16 0 -15 1 -15 0 -14 1 -17 1 -14 2 -15 2 -16 2 -16 1 -16 2 -16 2 -17 1 -17 2 -18 1 -17 1 0 0 -16 3 -19 3 -17 3 -19 4 -16 2 -18 3 -19 2 -18 4 -18 4 -20 3 -19 4 -18 2 -19 3 -18 3 -19 5 -17 5 -19 5 -18 5 -18 5 -18 6 -18 5 -18 5 -18 4 -18 5 -17 4 -17 5 0 0 0 0 0 0 0 0 0 0 ]
263,1782981305.827001,17.3968,-67,CSI_DATA,AP,98:F4:AB:29:67:94,-67,11,1,4,1,1,1,1,0,0,0,-96,1,6,1,61218586,0,84,0,0,61.6007,384,[84 -64 4 0 0 0 0 0 0 0 0 0 8 10 7 11 9 11 7 12 9 12 6 12 8 11 6 13 7 13 8 15 8 15 6 15 6 15 8 15 6 12 8 15 8 14 8 15 8 13 7 16 7 15 9 15 7 17 8 17 7 16 7 16 0 0 9 17 10 18 8 16 9 17 8 15 9 18 10 18 10 18 10 18 10 20 11 19 10 18 9 17 8 16 11 17 10 16 11 19 11 16 12 18 11 17 11 18 11 17 11 19 11 17 10 16 10 15 0 0 0 0 0 0 0 0 0 0 ]
264,1782981305.921907,18.1536,-69,CSI_DATA,AP,98:F4:AB:29:67:94,-69,11,1,5,1,1,1,1,0,0,0,-96,1,6,1,61304634,0,84,0,0,61.6868,384,[84 -64 4 0 0 0 0 0 0 0 0 0 -12 1 -12 0 -13 -1 -13 1 -12 0 -13 0 -13 -1 -12 -1 -12 0 -13 0 -15 0 -14 -1 -14 -1 -15 -2 -14 -1 -15 -1 -14 -1 -11 -3 -15 -2 -15 -1 -15 -1 -16 -1 -16 -2 -16 -2 -18 -2 -17 -1 0 0 -17 0 -17 0 -17 -1 -17 -1 -16 -1 -18 -1 -19 -2 -18 -3 -18 -1 -18 0 -18 0 -18 0 -17 0 -18 -1 -18 -1 -18 1 -19 1 -19 0 -19 1 -19 1 -18 0 -19 0 -18 -1 -18 1 -17 0 -17 1 0 0 0 0 0 0 0 0 0 0 ]
265,1782981306.013134,17.5823,-68,CSI_DATA,AP,98:F4:AB:29:67:94,-68,11,1,4,1,1,1,1,0,0,0,-96,1,6,1,61400592,0,84,0,0,61.7827,384,[84 -64 4 0 0 0 0 0 0 0 0 0 1 12 1 11 2 12 2 12 1 13 1 13 0 13 0 13 0 14 1 13 -1 15 -1 15 0 12 0 15 -1 13 0 16 -1 14 0 14 0 13 0 15 -1 15 0 16 -1 15 0 16 -1 17 0 16 0 0 0 16 0 17 0 17 -1 17 0 17 -1 18 -1 17 -1 18 0 18 -1 18 0 18 -1 18 -1 18 -1 18 -1 19 1 18 0 19 0 18 0 18 0 18 -1 18 -2 19 -1 19 0 19 0 17 0 18 0 0 0 0 0 0 0 0 0 0 ]
266,1782981306.103475,18.1957,-69,CSI_DATA,AP,98:F4:AB:29:67:94,-69,11,1,5,1,1,1,1,0,0,0,-96,1,6,1,61487458,0,84,0,0,61.8696,384,[84 -64 4 0 0 0 0 0 0 0 0 0 -14 -1 -13 0 -15 -2 -13 -2 -15 -3 -15 -2 -15 -3 -15 -4 -15 -2 -16 -5 -16 -4 -17 -4 -15 -4 -15 -6 -15 -5 -17 -5 -14 -3 -15 -4 -16 -5 -17 -5 -16 -5 -17 -4 -18 -6 -17 -5 -17 -7 -18 -6 0 0 -17 -6 -18 -6 -18 -5 -19 -5 -17 -6 -20 -7 -20 -7 -20 -7 -18 -7 -20 -7 -20 -6 -18 -7 -19 -7 -19 -6 -19 -6 -18 -4 -21 -7 -20 -6 -19 -6 -20 -5 -19 -7 -20 -7 -20 -7 -20 -7 -17 -6 -18 -6 0 0 0 0 0 0 0 0 0 0 ]
267,1782981306.193474,17.7809,-69,CSI_DATA,AP,98:F4:AB:29:67:94,-69,11,1,5,1,1,1,1,0,0,0,-96,1,6,1,61574671,0,84,0,0,61.9568,384,[84 -64 4 0 0 0 0 0 0 0 0 0 -10 -10 -9 -11 -12 -12 -10 -11 -9 -11 -9 -11 -9 -12 -8 -13 -10 -13 -9 -13 -10 -12 -9 -14 -10 -13 -10 -15 -7 -13 -7 -15 -10 -13 -10 -12 -9 -13 -9 -14 -10 -15 -10 -17 -9 -14 -10 -15 -9 -15 -11 -16 0 0 -10 -14 -11 -16 -13 -15 -11 -14 -10 -16 -11 -16 -12 -14 -12 -15 -12 -17 -12 -15 -14 -16 -13 -16 -12 -16 -11 -15 -13 -15 -14 -14 -13 -15 -12 -16 -12 -16 -13 -15 -12 -16 -13 -15 -12 -15 -12 -15 -13 -15 -13 -14 0 0 0 0 0 0 0 0 0 0 ]
268,1782981306.285433,17.9726,-69,CSI_DATA,AP,98:F4:AB:29:67:94,-69,11,1,5,1,1,1,1,0,0,0,-96,1,6,1,61665182,0,84,0,0,62.0473,384,[84 -64 4 0 0 0 0 0 0 0 0 0 7 11 5 8 7 12 6 13 5 12 6 12 5 13 5 13 5 12 6 13 6 14 6 14 5 14 6 13 5 14 6 15 5 14 6 13 6 14 5 13 6 14 6 15 7 13 7 16 6 17 6 14 0 0 8 16 8 16 7 15 8 14 6 15 8 16 7 16 8 15 8 17 9 17 10 16 7 17 7 17 8 16 9 16 10 15 9 17 10 16 10 17 12 15 9 15 10 16 9 16 10 15 9 15 9 15 0 0 0 0 0 0 0 0 0 0 ]
269,1782981306.375362,17.3805,-69,CSI_DATA,AP,98:F4:AB:29:67:94,-69,11,1,5,1,1,1,1,0,0,0,-96,1,6,1,61755143,0,84,0,0,62.1372,384,[84 -64 4 0 0 0 0 0 0 0 0 0 13 -4 13 -3 13 -2 13 -3 15 -2 13 -2 15 -2 13 -2 15 -2 14 -1 15 0 16 0 15 -1 16 0 15 0 16 -1 15 -2 15 -2 15 -2 15 0 16 0 16 -3 17 -1 17 -1 17 0 17 -1 0 0 17 -1 18 -1 17 -1 17 -3 17 -2 17 -1 19 -2 18 -3 19 -1 19 -2 19 -2 19 0 18 -1 18 -1 18 -3 18 -4 19 -3 17 -4 19 -3 18 -4 19 -4 18 -5 19 -2 19 -3 18 -2 18 -3 0 0 0 0 0 0 0 0 0 0 ]
270,1782981306.463516,17.1236,-69,CSI_DATA,AP,98:F4:AB:29:67:94,-69,11,1,5,1,1,1,1,0,0,0,-96,1,6,1,61846372,0,84,0,0,62.2286,384,[84 -64 4 0 0 0 0 0 0 0 0 0 12 -8 11 -8 12 -7 11 -6 11 -7 12 -7 12 -8 11 -7 12 -8 14 -7 15 -7 13 -7 15 -6 14 -6 13 -5 15 -8 13 -7 15 -8 13 -8 14 -8 14 -7 15 -7 15 -7 15 -6 16 -7 15 -6 0 0 16 -8 15 -8 14 -7 15 -8 16 -8 16 -11 17 -9 16 -10 17 -9 17 -9 17 -9 16 -8 17 -9 15 -9 16 -10 14 -10 16 -11 16 -11 16 -11 15 -11 16 -10 16 -11 16 -10 17 -10 15 -9 15 -10 0 0 0 0 0 0 0 0 0 0 ]
271,1782981306.554910,16.4776,-68,CSI_DATA,AP,98:F4:AB:29:67:94,-68,11,1,3,1,1,1,1,0,0,0,-96,1,6,1,61942561,0,84,0,0,62.3247,384,[84 -64 4 0 0 0 0 0 0 0 0 0 10 5 10 3 11 4 11 4 13 5 11 5 10 7 11 6 12 5 11 6 12 7 12 7 12 8 12 8 10 8 13 8 12 6 12 7 11 7 13 7 12 9 13 8 12 9 13 9 13 9 13 8 0 0 13 8 14 9 14 8 15 8 13 7 15 9 14 9 15 8 14 8 15 8 16 8 14 10 15 8 14 9 15 7 15 7 16 9 15 7 15 9 16 7 15 10 16 8 15 9 16 9 15 9 14 8 0 0 0 0 0 0 0 0 0 0 ]
272,1782981306.642823,16.9115,-69,CSI_DATA,AP,98:F4:AB:29:67:94,-69,11,1,5,1,1,1,1,0,0,0,-96,1,6,1,62026975,0,84,0,0,62.4091,384,[84 -64 4 0 0 0 0 0 0 0 0 0 -14 -2 -14 -2 -14 -4 -15 -3 -14 -4 -15 -3 -15 -4 -14 -4 -15 -4 -15 -4 -16 -4 -15 -5 -16 -5 -16 -5 -15 -5 -16 -6 -15 -5 -15 -5 -17 -5 -15 -4 -17 -4 -16 -6 -17 -5 -17 -5 -17 -5 -18 -6 0 0 -18 -5 -19 -5 -17 -5 -19 -5 -19 -5 -19 -5 -18 -5 -18 -6 -20 -4 -19 -4 -20 -3 -19 -4 -19 -4 -19 -4 -19 -4 -19 -3 -20 -4 -20 -3 -20 -4 -18 -3 -19 -3 -19 -4 -19 -3 -19 -2 -19 -3 -18 -3 0 0 0 0 0 0 0 0 0 0 ]
273,1782981306.730426,17.6475,-68,CSI_DATA,AP,98:F4:AB:29:67:94,-68,11,1,4,1,1,1,1,0,0,0,-96,1,6,1,62116648,0,84,0,0,62.4988,384,[84 -64 4 0 0 0 0 0 0 0 0 0 2 -14 3 -13 3 -15 3 -14 4 -14 5 -14 4 -14 4 -14 4 -15 6 -15 5 -16 6 -16 7 -15 7 -16 5 -15 6 -17 5 -15 5 -17 5 -16 6 -16 5 -16 5 -17 8 -17 7 -18 7 -17 6 -17 0 0 6 -18 6 -20 5 -17 6 -20 5 -17 5 -20 6 -19 5 -20 5 -19 6 -20 7 -19 6 -18 7 -19 5 -19 5 -20 4 -19 6 -21 5 -19 5 -20 4 -21 5 -20 5 -21 5 -20 5 -20 6 -19 5 -19 0 0 0 0 0 0 0 0 0 0 ]
274,1782981306.821339,17.8607,-68,CSI_DATA,AP,98:F4:AB:29:67:94,-68,11,1,4,1,1,1,1,0,0,0,-96,1,6,1,62205945,0,84,0,0,62.5881,384,[84 -64 4 0 0 0 0 0 0 0 0 0 -10 -7 -10 -8 -11 -8 -10 -8 -11 -10 -10 -9 -9 -9 -10 -10 -12 -10 -10 -10 -11 -10 -11 -11 -11 -11 -11 -11 -10 -11 -12 -11 -11 -10 -11 -11 -11 -11 -11 -10 -12 -11 -13 -11 -11 -12 -12 -12 -12 -13 -12 -12 0 0 -13 -11 -14 -11 -13 -11 -15 -11 -12 -11 -13 -12 -14 -12 -13 -12 -15 -12 -15 -12 -15 -11 -14 -12 -14 -11 -14 -11 -16 -11 -15 -9 -16 -11 -15 -9 -15 -10 -16 -11 -15 -11 -16 -11 -16 -12 -15 -11 -15 -10 -14 -10 0 0 0 0 0 0 0 0 0 0 ]
275,1782981306.910598,17.8789,-68,CSI_DATA,AP,98:F4:AB:29:67:94,-68,11,1,4,1,1,1,1,0,0,0,-96,1,6,1,62296293,0,84,0,0,62.6785,384,[84 -64 4 0 0 0 0 0 0 0 0 0 10 8 11 8 11 8 10 8 10 9 11 9 11 10 10 10 10 10 11 9 12 10 11 11 11 12 12 12 11 11 12 12 12 12 11 11 12 12 11 12 11 12 11 12 11 12 13 13 13 12 13 13 0 0 13 13 14 13 14 14 13 12 12 13 14 13 13 15 13 14 14 13 14 13 15 13 13 13 14 13 14 14 14 12 15 13 14 14 16 12 15 13 15 13 15 14 14 13 15 13 15 13 14 12 13 12 0 0 0 0 0 0 0 0 0 0 ]
276,1782981306.999937,18.0800,-68,CSI_DATA,AP,98:F4:AB:29:67:94,-68,11,1,4,1,1,1,1,0,0,0,-96,1,6,1,62384700,0,84,0,0,62.7668,384,[84 -64 4 0 0 0 0 0 0 0 0 0 1 13 -1 12 -1 13 -2 13 -2 15 -2 13 -3 14 -3 14 -2 15 -3 15 -2 16 -2 16 -3 16 -4 15 -4 15 -3 17 -3 15 -3 16 -4 15 -4 16 -4 17 -4 17 -6 17 -4 17 -5 17 -5 18 0 0 -5 18 -4 20 -3 18 -4 19 -5 17 -4 19 -5 18 -5 19 -6 19 -4 20 -4 20 -3 19 -4 19 -4 18 -3 19 -3 19 -3 21 -3 19 -5 19 -4 20 -4 20 -4 20 -4 20 -4 20 -3 19 -2 19 0 0 0 0 0 0 0 0 0 0 ]
277,1782981307.089560,17.9594,-68,CSI_DATA,AP,98:F4:AB:29:67:94,-68,11,1,4,1,1,1,1,0,0,0,-96,1,6,1,62481301,0,84,0,0,62.8635,384,[84 -64 4 0 0 0 0 0 0 0 0 0 4 -14 3 -13 3 -15 5 -13 6 -15 5 -13 6 -14 6 -13 5 -15 7 -16 7 -15 8 -15 8 -15 8 -16 6 -14 7 -16 8 -14 8 -16 7 -15 7 -16 8 -16 9 -18 9 -16 9 -17 10 -17 8 -17 0 0 9 -17 9 -18 8 -16 9 -19 8 -16 9 -19 10 -18 9 -18 9 -20 9 -20 9 -19 9 -17 10 -18 9 -17 9 -19 8 -18 9 -20 8 -18 8 -19 9 -19 9 -19 9 -19 9 -20 10 -19 9 -18 8 -18 0 0 0 0 0 0 0 0 0 0 ]
278,1782981307.178548,17.9077,-69,CSI_DATA,AP,98:F4:AB:29:67:94,-69,11,1,5,1,1,1,1,0,0,0,-96,1,6,1,62567156,0,84,0,0,62.9492,384,[84 -64 4 0 0 0 0 0 0 0 0 0 12 -2 13 -2 13 -2 13 -2 14 -2 13 0 14 0 12 -1 14 0 15 -1 16 0 16 2 16 1 15 1 14 0 18 0 14 0 16 1 14 0 17 2 16 0 17 -1 18 1 16 1 17 1 17 1 0 0 18 0 19 0 18 -2 18 -1 17 -1 19 0 18 -1 18 -1 19 -1 20 0 19 -1 18 1 18 -2 18 -2 18 -3 17 -2 21 -3 18 -3 17 -3 19 -5 19 -2 19 -3 19 -3 19 -3 17 -2 17 -3 0 0 0 0 0 0 0 0 0 0 ]
279,1782981307.265490,17.8531,-69,CSI_DATA,AP,98:F4:AB:29:67:94,-69,11,1,5,1,1,1,1,0,0,0,-96,1,6,1,62655137,0,84,0,0,63.0373,384,[84 -64 4 0 0 0 0 0 0 0 0 0 0 -13 1 -13 1 -14 1 -14 2 -15 2 -15 2 -15 3 -14 3 -15 3 -15 3 -16 4 -16 5 -16 5 -15 3 -15 4 -17 4 -17 4 -17 4 -15 4 -17 6 -16 4 -18 5 -18 5 -17 6 -17 6 -17 0 0 6 -17 6 -19 6 -18 5 -19 5 -17 6 -19 7 -19 6 -18 5 -19 5 -19 4 -19 7 -19 6 -18 6 -18 5 -19 4 -17 5 -19 5 -18 5 -18 4 -19 6 -18 5 -18 5 -19 6 -19 5 -18 4 -18 0 0 0 0 0 0 0 0 0 0 ]
280,1782981307.355081,17.7132,-69,CSI_DATA,AP,98:F4:AB:29:67:94,-69,11,1,5,1,1,1,1,0,0,0,-96,1,6,1,62747080,0,84,0,0,63.1292,384,[84 -64 4 0 0 0 0 0 0 0 0 0 -6 -12 -6 -12 -6 -14 -6 -13 -6 -13 -6 -14 -6 -14 -5 -14 -6 -15 -5 -14 -6 -15 -5 -16 -5 -16 -5 -16 -4 -16 -5 -17 -5 -16 -5 -16 -5 -16 -5 -17 -5 -17 -5 -18 -5 -18 -5 -17 -4 -19 -5 -18 0 0 -5 -19 -5 -19 -4 -18 -6 -19 -4 -19 -5 -20 -4 -20 -5 -20 -4 -21 -5 -20 -5 -19 -5 -18 -4 -19 -4 -19 -5 -19 -6 -19 -5 -20 -5 -19 -6 -19 -5 -19 -4 -18 -4 -19 -5 -19 -5 -19 -5 -18 -5 -17 0 0 0 0 0 0 0 0 0 0 ]
281,1782981307.442033,16.5284,-68,CSI_DATA,AP,98:F4:AB:29:67:94,-68,11,1,4,1,1,1,1,0,0,0,-96,1,6,1,62836575,0,84,0,0,63.2187,384,[84 -64 4 0 0 0 0 0 0 0 0 0 12 -3 11 -2 12 -2 12 -1 12 -3 11 0 13 -1 13 -1 13 -2 13 -1 15 0 15 0 15 0 14 0 13 0 16 -1 14 -1 15 -1 14 -1 15 -3 15 -1 15 -1 16 0 16 0 16 1 16 0 0 0 16 -1 16 -1 16 -1 17 -2 16 0 17 -1 18 -1 17 -1 18 -2 18 -1 17 -1 17 -1 17 -1 17 -1 17 -2 16 -3 18 -3 17 -3 17 -3 17 -4 18 -3 16 -4 18 -3 18 -2 16 -2 15 -3 0 0 0 0 0 0 0 0 0 0 ]
282,1782981307.529563,17.5058,-69,CSI_DATA,AP,98:F4:AB:29:67:94,-69,11,1,5,1,1,1,1,0,0,0,-96,1,6,1,62927218,0,84,0,0,63.3094,384,[84 -64 4 0 0 0 0 0 0 0 0 0 -7 -12 -7 -12 -8 -12 -8 -13 -7 -13 -7 -12 -7 -13 -6 -12 -7 -14 -7 -14 -8 -14 -7 -16 -6 -15 -7 -16 -6 -14 -7 -16 -7 -15 -9 -15 -8 -16 -8 -14 -8 -16 -8 -17 -8 -17 -6 -17 -7 -17 -7 -18 0 0 -8 -17 -9 -18 -8 -17 -10 -17 -9 -17 -9 -18 -9 -18 -9 -18 -10 -18 -10 -20 -10 -17 -8 -18 -9 -18 -10 -17 -10 -16 -10 -15 -11 -19 -10 -16 -13 -16 -11 -16 -10 -17 -11 -18 -11 -17 -10 -17 -10 -15 -10 -17 0 0 0 0 0 0 0 0 0 0 ]
283,1782981307.623749,18.4535,-68,CSI_DATA,AP,98:F4:AB:29:67:94,-68,11,1,4,1,1,1,1,0,0,0,-96,1,6,1,63015971,0,84,0,0,63.3981,384,[84 -64 4 0 0 0 0 0 0 0 0 0 4 12 2 12 2 14 3 13 2 14 2 14 0 14 0 14 1 15 0 15 2 15 0 16 0 16 -1 15 0 16 0 17 1 15 1 16 0 16 0 16 -2 17 0 18 0 17 1 18 -1 19 0 19 0 0 -1 18 1 19 0 18 0 18 -1 18 -1 19 -1 19 -2 18 -1 19 -1 20 0 20 -1 20 0 19 -1 19 0 20 0 19 0 20 1 19 0 20 0 20 -1 20 -1 20 -1 20 0 19 0 19 0 18 0 0 0 0 0 0 0 0 0 0 ]
284,1782981307.718370,19.5743,-68,CSI_DATA,AP,98:F4:AB:29:67:94,-68,11,1,4,1,1,1,1,0,0,0,-96,1,6,1,63105953,0,84,0,0,63.4881,384,[84 -64 4 0 0 0 0 0 0 0 0 0 -14 2 -14 2 -16 0 -14 -1 -15 1 -14 0 -15 -1 -15 -1 -16 -1 -17 -1 -16 0 -17 -1 -18 -1 -17 -1 -16 -2 -18 -1 -18 -1 -17 -1 -18 -2 -17 -2 -18 -2 -19 -2 -18 -2 -18 -2 -20 -2 -20 -3 0 0 -19 -2 -21 -1 -20 -2 -20 0 -19 -2 -21 -2 -20 -2 -21 -2 -20 -3 -21 -2 -21 -1 -20 -2 -22 -1 -20 -1 -20 -1 -21 0 -21 -1 -21 -1 -21 -1 -21 -1 -21 -1 -21 -1 -21 0 -20 1 -21 0 -19 0 0 0 0 0 0 0 0 0 0 0 ]
285,1782981307.807721,19.9259,-68,CSI_DATA,AP,98:F4:AB:29:67:94,-68,11,1,4,1,1,1,1,0,0,0,-96,1,6,1,63198191,0,84,0,0,63.5803,384,[84 -64 4 0 0 0 0 0 0 0 0 0 -1 -15 0 -14 -1 -16 0 -14 1 -15 1 -14 1 -17 2 -15 1 -16 3 -15 2 -17 2 -17 3 -17 3 -17 2 -16 3 -19 2 -16 2 -17 3 -16 3 -18 4 -18 3 -18 4 -18 4 -18 4 -19 4 -19 0 0 4 -19 4 -21 4 -19 3 -20 3 -18 4 -19 4 -20 4 -20 4 -20 3 -22 4 -22 4 -19 4 -19 4 -19 3 -20 3 -20 4 -22 3 -20 3 -20 3 -20 4 -21 3 -20 4 -21 3 -20 3 -19 3 -18 0 0 0 0 0 0 0 0 0 0 ]
286,1782981307.897145,19.8141,-68,CSI_DATA,AP,98:F4:AB:29:67:94,-68,11,1,4,1,1,1,1,0,0,0,-96,1,6,1,63284605,0,84,0,0,63.6666,384,[84 -64 4 0 0 0 0 0 0 0 0 0 -9 7 -9 6 -10 7 -10 7 -9 7 -9 5 -10 6 -11 5 -11 7 -11 7 -11 7 -12 7 -13 6 -12 7 -10 6 -13 7 -11 7 -12 7 -12 6 -12 7 -12 7 -12 8 -13 7 -13 7 -13 8 -13 7 0 0 -13 7 -14 8 -13 9 -13 9 -13 7 -13 9 -14 8 -14 8 -13 8 -14 10 -14 10 -14 8 -14 8 -13 8 -14 10 -13 9 -14 10 -13 8 -13 10 -13 10 -13 9 -13 9 -13 9 -13 9 -13 9 -12 9 0 0 0 0 0 0 0 0 0 0 ]
287,1782981307.985581,19.2560,-68,CSI_DATA,AP,98:F4:AB:29:67:94,-68,11,1,4,1,1,1,1,0,0,0,-96,1,6,1,63374915,0,84,0,0,63.7571,384,[84 -64 4 0 0 0 0 0 0 0 0 0 7 -12 8 -11 8 -12 8 -11 10 -11 9 -11 9 -11 10 -11 10 -11 11 -12 11 -12 11 -13 11 -13 11 -13 10 -11 10 -13 11 -12 11 -11 11 -13 11 -13 12 -13 12 -13 12 -13 12 -14 12 -14 14 -14 0 0 12 -14 13 -15 13 -15 12 -15 13 -14 14 -16 14 -15 14 -15 14 -15 13 -17 13 -16 12 -14 13 -15 12 -16 13 -17 11 -16 12 -17 12 -17 13 -17 13 -16 12 -16 13 -17 12 -16 11 -17 10 -15 11 -16 0 0 0 0 0 0 0 0 0 0 ]
288,1782981308.076242,18.5704,-69,CSI_DATA,AP,98:F4:AB:29:67:94,-69,11,1,5,1,1,1,1,0,0,0,-96,1,6,1,63464653,0,84,0,0,63.8468,384,[84 -64 4 0 0 0 0 0 0 0 0 0 4 12 4 12 4 12 4 14 4 14 4 13 3 14 3 13 4 15 3 14 4 15 3 15 3 15 2 16 2 15 2 16 2 14 3 15 2 16 2 16 1 16 3 15 3 17 3 16 2 18 2 17 0 0 2 17 2 18 3 18 3 18 2 17 3 18 3 19 1 17 3 18 4 19 3 18 3 19 2 19 4 18 4 19 4 18 3 19 4 18 5 18 5 18 5 18 4 18 3 19 2 19 4 17 3 17 0 0 0 0 0 0 0 0 0 0 ]
289,1782981308.164134,19.6472,-68,CSI_DATA,AP,98:F4:AB:29:67:94,-68,11,1,4,1,1,1,1,0,0,0,-96,1,6,1,63557507,0,84,0,0,63.9396,384,[84 -64 4 0 0 0 0 0 0 0 0 0 -13 8 -14 8 -15 10 -16 8 -15 8 -16 7 -16 7 -16 8 -16 8 -16 8 -18 8 -19 6 -19 6 -18 7 -17 7 -18 7 -17 8 -17 8 -17 7 -18 8 -18 8 -19 9 -20 6 -20 7 -20 6 -20 7 0 0 -19 8 -21 9 -20 8 -20 9 -19 8 -20 10 -21 9 -20 10 -21 9 -21 9 -22 11 -21 9 -21 9 -21 11 -20 9 -19 10 -22 11 -21 11 -21 11 -20 11 -21 11 -21 10 -22 11 -20 10 -20 9 -18 10 0 0 0 0 0 0 0 0 0 0 ]
290,1782981308.254190,17.5758,-69,CSI_DATA,AP,98:F4:AB:29:67:94,-69,11,1,5,1,1,1,1,0,0,0,-96,1,6,1,63646446,0,84,0,0,64.0286,384,[84 -64 4 0 0 0 0 0 0 0 0 0 12 -6 11 -6 12 -7 12 -6 13 -6 12 -4 14 -5 14 -5 14 -5 15 -5 15 -5 14 -4 15 -4 14 -5 14 -3 16 -5 14 -5 14 -5 15 -4 15 -4 16 -5 16 -4 16 -5 17 -4 16 -3 18 -4 0 0 16 -4 18 -5 17 -5 17 -6 16 -4 17 -5 18 -4 18 -4 17 -6 18 -5 18 -6 18 -4 18 -6 17 -5 18 -6 17 -7 19 -7 18 -6 19 -6 18 -6 18 -6 18 -6 19 -5 18 -6 16 -4 16 -5 0 0 0 0 0 0 0 0 0 0 ]
291,1782981308.343990,17.8231,-69,CSI_DATA,AP,98:F4:AB:29:67:94,-69,11,1,5,1,1,1,1,0,0,0,-96,1,6,1,63734843,0,84,0,0,64.117,384,[84 -64 4 0 0 0 0 0 0 0 0 0 -15 1 -14 1 -15 1 -14 0 -14 1 -14 -1 -13 -1 -16 -1 -16 -2 -14 0 -16 -1 -17 0 -17 0 -17 -2 -17 -2 -17 -2 -17 -2 -17 0 -16 -2 -17 -1 -17 -2 -18 -1 -17 -2 -17 -1 -19 -2 -19 -1 0 0 -19 -1 -19 -2 -21 -1 -17 0 -18 -2 -20 -2 -19 -3 -18 -1 -21 -2 -20 -1 -21 -1 -20 0 -20 0 -19 -1 -18 -1 -20 0 -19 -1 -20 0 -20 -2 -18 0 -20 -1 -20 -1 -19 -1 -20 0 -18 1 -18 0 0 0 0 0 0 0 0 0 0 0 ]
292,1782981308.434189,16.2416,-69,CSI_DATA,AP,98:F4:AB:29:67:94,-69,11,1,5,1,1,1,1,0,0,0,-96,1,6,1,63825244,0,84,0,0,64.2074,384,[84 -64 4 0 0 0 0 0 0 0 0 0 10 -3 10 -3 10 -4 12 -3 13 -4 11 -3 11 -4 12 -3 13 -3 12 -2 13 -3 14 -3 13 -2 13 -2 12 -3 13 -2 13 -2 13 -4 13 -3 14 -2 14 -3 14 -2 15 -2 15 -2 15 -2 16 -3 0 0 15 -3 16 -4 16 -3 16 -4 15 -2 16 -3 16 -3 16 -5 17 -4 17 -5 17 -4 16 -2 15 -4 16 -4 16 -4 16 -5 17 -5 15 -5 16 -5 16 -5 16 -4 16 -4 16 -4 16 -4 15 -4 15 -4 0 0 0 0 0 0 0 0 0 0 ]
293,1782981308.522013,16.6971,-69,CSI_DATA,AP,98:F4:AB:29:67:94,-69,11,1,5,1,1,1,1,0,0,0,-96,1,6,1,63917465,0,84,0,0,64.2997,384,[84 -64 4 0 0 0 0 0 0 0 0 0 13 0 13 0 14 1 13 1 13 2 13 2 13 2 13 2 15 3 15 4 15 3 15 4 15 4 14 3 14 3 16 4 15 4 15 3 14 2 15 5 15 3 17 3 17 5 16 3 17 5 17 5 0 0 16 5 18 4 16 4 18 3 16 4 18 4 17 4 17 4 18 3 19 4 18 3 17 4 18 5 18 4 19 4 18 3 20 3 19 3 17 4 19 3 19 4 19 3 19 4 17 3 17 4 18 4 0 0 0 0 0 0 0 0 0 0 ]
294,1782981308.620199,16.8716,-68,CSI_DATA,AP,98:F4:AB:29:67:94,-68,11,1,4,1,1,1,1,0,0,0,-96,1,6,1,64027977,0,84,0,0,64.4101,384,[84 -64 4 0 0 0 0 0 0 0 0 0 12 5 11 5 12 5 13 6 13 7 11 6 12 7 12 7 13 7 12 8 13 7 13 8 14 8 13 8 13 8 14 9 12 8 14 8 12 7 13 9 15 9 14 9 15 9 15 9 14 10 15 10 0 0 15 10 17 10 16 9 16 9 14 9 15 9 16 11 16 11 17 10 17 9 17 10 16 10 17 10 16 10 18 10 17 9 19 10 17 9 17 10 17 9 17 10 16 10 17 10 17 9 16 9 16 9 0 0 0 0 0 0 0 0 0 0 ]
295,1782981308.709059,16.7752,-68,CSI_DATA,AP,98:F4:AB:29:67:94,-68,11,1,4,1,1,1,1,0,0,0,-96,1,6,1,64094608,0,84,0,0,64.4767,384,[84 -64 4 0 0 0 0 0 0 0 0 0 -6 10 -7 10 -7 10 -8 11 -8 11 -8 10 -8 10 -9 10 -8 11 -9 11 -9 11 -10 11 -10 11 -9 11 -9 10 -10 11 -10 11 -9 10 -10 10 -10 11 -11 11 -11 12 -11 11 -11 13 -12 12 -11 13 0 0 -11 12 -12 14 -11 13 -10 13 -10 12 -11 13 -12 13 -12 13 -12 14 -11 14 -11 14 -11 13 -11 15 -11 14 -10 14 -10 14 -11 15 -10 13 -10 15 -11 14 -12 14 -11 15 -11 14 -10 14 -10 14 -10 13 0 0 0 0 0 0 0 0 0 0 ]
296,1782981308.797683,15.7449,-68,CSI_DATA,AP,98:F4:AB:29:67:94,-68,11,1,4,1,1,1,1,0,0,0,-96,1,6,1,64185088,0,84,0,0,64.5672,384,[84 -64 4 0 0 0 0 0 0 0 0 0 0 12 0 11 0 13 0 12 0 13 -1 12 -1 13 -1 13 -1 13 -2 14 -2 13 -3 14 -2 14 -2 14 -2 13 -3 15 -1 14 -1 15 -2 14 -2 14 -2 14 -2 16 -3 17 -2 15 -2 15 -2 16 0 0 -1 15 -1 18 -1 16 -1 16 -2 16 -1 17 -1 17 -1 17 -1 17 -1 18 -1 18 -2 17 -1 17 -1 17 0 18 1 18 1 18 0 17 1 18 1 17 0 18 0 18 0 18 -1 17 -1 17 0 16 0 0 0 0 0 0 0 0 0 0 ]
297,1782981308.886552,16.2897,-68,CSI_DATA,AP,98:F4:AB:29:67:94,-68,11,1,4,1,1,1,1,0,0,0,-96,1,6,1,64278868,0,84,0,0,64.661,384,[84 -64 4 0 0 0 0 0 0 0 0 0 2 -12 2 -12 2 -13 2 -13 3 -14 3 -12 4 -13 3 -12 3 -14 5 -14 5 -14 5 -14 6 -13 6 -14 5 -14 5 -14 4 -14 5 -15 5 -13 5 -15 6 -15 5 -16 6 -16 5 -14 6 -16 6 -16 0 0 7 -15 6 -17 5 -16 5 -18 6 -15 6 -16 7 -17 6 -17 7 -18 6 -18 7 -18 6 -16 7 -16 6 -17 6 -17 5 -17 6 -18 6 -17 6 -18 5 -18 6 -17 6 -18 7 -17 6 -17 6 -16 6 -17 0 0 0 0 0 0 0 0 0 0 ]
298,1782981308.975948,17.0882,-67,CSI_DATA,AP,98:F4:AB:29:67:94,-67,11,1,1,1,1,1,1,0,0,0,-96,1,6,1,64369511,0,84,0,0,64.7516,384,[84 -64 4 0 0 0 0 0 0 0 0 0 -9 10 -9 8 -10 9 -10 9 -10 9 -10 8 -11 9 -11 8 -12 10 -12 8 -12 10 -12 9 -13 9 -13 9 -12 8 -13 10 -11 10 -13 10 -12 8 -13 9 -14 9 -13 10 -14 9 -13 9 -15 9 -14 10 0 0 -14 10 -16 11 -13 10 -14 12 -13 10 -14 10 -15 10 -16 11 -14 11 -16 12 -14 12 -15 10 -15 12 -15 10 -14 12 -13 12 -15 13 -14 12 -15 12 -14 12 -15 11 -14 11 -15 11 -14 12 -14 11 -13 11 0 0 0 0 0 0 0 0 0 0 ]
299,1782981309.066335,17.9235,-68,CSI_DATA,AP,98:F4:AB:29:67:94,-68,11,1,4,1,1,1,1,0,0,0,-96,1,6,1,64456578,0,84,0,0,64.8387,384,[84 -64 4 0 0 0 0 0 0 0 0 0 -6 -11 -6 -12 -6 -11 -6 -12 -5 -13 -4 -12 -4 -13 -5 -13 -5 -14 -5 -13 -5 -14 -4 -14 -4 -15 -5 -15 -5 -15 -5 -15 -5 -14 -5 -15 -5 -15 -6 -15 -4 -15 -4 -16 -4 -15 -4 -16 -5 -17 -5 -17 0 0 -5 -17 -5 -17 -4 -16 -6 -16 -5 -16 -7 -17 -6 -18 -5 -17 -7 -18 -7 -17 -7 -17 -6 -18 -6 -17 -7 -17 -7 -18 -7 -17 -8 -19 -7 -17 -7 -17 -8 -18 -8 -18 -8 -18 -7 -16 -6 -18 -7 -17 -6 -16 0 0 0 0 0 0 0 0 0 0 ]
300,1782981309.158356,17.5003,-68,CSI_DATA,AP,98:F4:AB:29:67:94,-68,11,1,4,1,1,1,1,0,0,0,-96,1,6,1,64547935,0,84,0,0,64.9301,384,[84 -64 4 0 0 0 0 0 0 0 0 0 -14 -7 -12 -8 -13 -8 -12 -8 -13 -9 -12 -10 -12 -9 -13 -10 -12 -10 -13 -11 -13 -11 -13 -11 -13 -11 -13 -12 -13 -11 -13 -12 -13 -12 -13 -12 -13 -12 -13 -13 -14 -13 -14 -14 -13 -12 -13 -14 -13 -14 -14 -13 0 0 -13 -14 -14 -15 -14 -14 -15 -13 -13 -14 -15 -14 -14 -15 -15 -14 -16 -15 -16 -14 -16 -16 -14 -14 -15 -14 -14 -14 -15 -15 -15 -14 -16 -15 -14 -14 -15 -15 -15 -14 -14 -15 -14 -16 -15 -15 -15 -14 -15 -14 -13 -13 0 0 0 0 0 0 0 0 0 0 ]
301,1782981309.245685,17.8825,-68,CSI_DATA,AP,98:F4:AB:29:67:94,-68,11,1,3,1,1,1,1,0,0,0,-96,1,6,1,64637790,0,84,0,0,65.0199,384,[84 -64 4 0 0 0 0 0 0 0 0 0 -14 4 -15 3 -15 4 -15 4 -16 3 -15 2 -16 3 -15 2 -16 3 -17 2 -17 1 -18 1 -16 1 -17 1 -16 2 -18 2 -18 3 -17 2 -16 2 -17 2 -17 2 -18 3 -18 2 -18 0 -20 2 -20 2 0 0 -20 3 -19 4 -19 4 -19 4 -18 3 -19 3 -21 3 -19 3 -20 3 -22 4 -20 5 -20 3 -19 3 -20 4 -20 4 -20 5 -21 5 -20 4 -20 6 -20 5 -20 5 -21 5 -20 5 -20 5 -20 5 -19 4 0 0 0 0 0 0 0 0 0 0 ]
302,1782981309.338330,19.3253,-68,CSI_DATA,AP,98:F4:AB:29:67:94,-68,11,1,3,1,1,1,1,0,0,0,-96,1,6,1,64724656,0,84,0,0,65.1067,384,[84 -64 4 0 0 0 0 0 0 0 0 0 -14 -4 -13 -4 -15 -5 -14 -5 -16 -6 -14 -6 -15 -5 -14 -6 -15 -6 -15 -8 -15 -7 -15 -8 -15 -9 -15 -9 -14 -8 -16 -8 -15 -7 -16 -7 -15 -7 -16 -8 -17 -8 -17 -8 -17 -9 -17 -9 -18 -10 -17 -10 0 0 -17 -8 -19 -9 -17 -8 -19 -7 -17 -9 -18 -9 -19 -9 -18 -8 -19 -9 -20 -8 -20 -9 -18 -10 -18 -8 -18 -9 -21 -8 -19 -7 -21 -9 -18 -7 -20 -7 -20 -7 -19 -9 -20 -8 -20 -9 -20 -8 -18 -8 -18 -6 0 0 0 0 0 0 0 0 0 0 ]
303,1782981309.430075,19.7844,-68,CSI_DATA,AP,98:F4:AB:29:67:94,-68,11,1,3,1,1,1,1,0,0,0,-96,1,6,1,64814719,0,84,0,0,65.1969,384,[84 -64 4 0 0 0 0 0 0 0 0 0 9 -11 9 -10 11 -9 11 -9 11 -10 11 -9 12 -9 12 -9 13 -10 12 -9 13 -9 13 -10 14 -10 14 -10 13 -10 13 -9 13 -10 13 -10 14 -10 15 -9 14 -10 15 -9 14 -10 15 -10 16 -10 16 -11 0 0 16 -11 16 -11 16 -12 15 -12 16 -11 15 -11 17 -11 16 -10 16 -11 17 -13 15 -12 15 -11 16 -12 16 -12 15 -12 15 -13 16 -13 15 -13 16 -12 16 -13 16 -12 16 -12 16 -12 15 -14 15 -12 14 -12 0 0 0 0 0 0 0 0 0 0 ]
304,1782981309.521825,17.3496,-68,CSI_DATA,AP,98:F4:AB:29:67:94,-68,11,1,3,1,1,1,1,0,0,0,-96,1,6,1,64909517,0,84,0,0,65.2917,384,[84 -64 4 0 0 0 0 0 0 0 0 0 10 7 9 8 10 8 10 8 9 8 9 9 8 9 8 10 9 9 10 10 10 10 10 10 9 11 9 11 8 10 9 12 9 11 9 11 9 11 9 11 9 11 10 12 9 12 9 12 9 12 10 12 0 0 9 12 11 13 10 13 10 12 9 13 11 13 10 13 10 13 11 14 11 13 11 14 10 14 11 14 10 13 11 13 11 13 11 12 11 13 12 12 11 12 11 13 12 12 10 13 11 12 10 13 10 12 0 0 0 0 0 0 0 0 0 0 ]
305,1782981309.610459,17.5530,-68,CSI_DATA,AP,98:F4:AB:29:67:94,-68,11,1,4,1,1,1,1,0,0,0,-96,1,6,1,64997096,0,84,0,0,65.3793,384,[84 -64 4 0 0 0 0 0 0 0 0 0 11 5 11 5 12 7 11 7 13 8 12 8 12 8 12 8 12 8 13 9 13 10 13 10 13 10 13 10 12 9 13 11 13 9 13 8 12 9 15 9 14 10 14 10 14 10 14 11 14 12 14 11 0 0 14 10 17 11 15 10 16 10 15 10 16 10 16 11 16 11 17 9 17 10 17 10 15 10 16 10 17 10 17 9 17 8 18 10 16 9 17 9 18 9 17 10 18 9 17 9 18 10 17 9 16 8 0 0 0 0 0 0 0 0 0 0 ]
306,1782981309.697581,17.5913,-66,CSI_DATA,AP,98:F4:AB:29:67:94,-66,11,1,1,1,1,1,1,0,0,0,-96,1,6,1,65089398,0,84,0,0,65.4715,384,[84 -64 4 0 0 0 0 0 0 0 0 0 9 11 8 11 9 12 8 12 8 13 6 12 8 14 7 13 8 13 8 15 8 15 7 16 7 16 8 15 7 15 8 16 7 14 9 15 7 14 7 15 8 16 9 16 7 17 8 17 7 17 8 16 0 0 9 16 9 18 10 17 11 16 8 16 10 17 9 18 10 17 10 18 11 18 12 17 10 17 10 17 10 16 12 17 12 16 13 17 11 15 12 16 12 16 11 17 12 16 12 17 13 16 11 15 11 15 0 0 0 0 0 0 0 0 0 0 ]
307,1782981309.787341,16.8079,-68,CSI_DATA,AP,98:F4:AB:29:67:94,-68,11,1,4,1,1,1,1,0,0,0,-96,1,6,1,65174952,0,84,0,0,65.5571,384,[84 -64 4 0 0 0 0 0 0 0 0 0 -12 6 -12 5 -12 5 -12 4 -12 5 -13 5 -13 5 -12 5 -14 5 -14 4 -14 5 -14 4 -15 4 -15 4 -14 4 -15 4 -15 4 -14 4 -15 4 -15 4 -16 5 -16 4 -16 3 -16 4 -16 3 -16 5 0 0 -17 4 -17 5 -17 4 -16 4 -16 4 -17 5 -17 4 -17 5 -17 5 -18 6 -18 5 -17 4 -18 5 -17 5 -17 6 -17 6 -18 5 -17 6 -17 5 -17 6 -18 5 -17 5 -18 5 -17 5 -16 5 -16 5 0 0 0 0 0 0 0 0 0 0 ]
308,1782981309.874520,16.1296,-68,CSI_DATA,AP,98:F4:AB:29:67:94,-68,11,1,4,1,1,1,1,0,0,0,-96,1,6,1,65264672,0,84,0,0,65.6468,384,[84 -64 4 0 0 0 0 0 0 0 0 0 7 10 6 9 6 10 6 10 6 11 6 11 6 12 6 11 5 12 6 11 5 13 6 14 5 14 5 13 5 12 6 14 6 13 6 14 6 12 5 13 7 14 6 14 6 14 6 15 6 15 6 14 0 0 7 14 7 16 7 16 7 15 6 15 7 15 8 16 8 15 7 15 7 15 8 16 6 15 6 16 7 16 8 15 8 15 9 15 8 15 8 16 9 14 9 15 8 15 8 16 8 15 7 14 7 14 0 0 0 0 0 0 0 0 0 0 ]
309,1782981309.963235,16.5202,-68,CSI_DATA,AP,98:F4:AB:29:67:94,-68,11,1,4,1,1,1,1,0,0,0,-96,1,6,1,65355007,0,84,0,0,65.7372,384,[84 -64 4 0 0 0 0 0 0 0 0 0 -3 12 -3 11 -3 13 -3 12 -3 14 -3 11 -4 13 -5 12 -4 14 -6 13 -5 13 -6 14 -6 13 -6 14 -5 13 -6 15 -5 14 -5 14 -5 13 -5 14 -7 14 -5 15 -7 15 -6 15 -7 16 -6 15 0 0 -7 15 -6 17 -4 15 -5 17 -6 15 -6 16 -6 17 -7 17 -6 17 -6 18 -5 18 -6 16 -6 17 -5 16 -4 17 -4 16 -5 18 -5 17 -4 17 -5 17 -5 17 -5 16 -6 17 -5 18 -5 16 -5 16 0 0 0 0 0 0 0 0 0 0 ]
310,1782981310.052244,17.1430,-68,CSI_DATA,AP,98:F4:AB:29:67:94,-68,11,1,4,1,1,1,1,0,0,0,-96,1,6,1,65447211,0,84,0,0,65.8294,384,[84 -64 4 0 0 0 0 0 0 0 0 0 4 -12 3 -11 4 -13 4 -12 5 -13 4 -12 5 -13 5 -12 6 -13 6 -13 7 -13 7 -14 7 -14 7 -14 7 -13 7 -15 6 -13 6 -14 7 -13 7 -14 7 -14 7 -16 8 -14 9 -15 8 -16 7 -14 0 0 8 -15 9 -17 7 -15 7 -16 7 -16 9 -16 8 -17 7 -15 8 -16 7 -17 8 -17 8 -15 7 -16 8 -15 6 -17 5 -16 7 -18 6 -16 7 -18 6 -17 7 -17 6 -16 8 -17 6 -17 6 -16 6 -15 0 0 0 0 0 0 0 0 0 0 ]
311,1782981310.140728,17.5798,-68,CSI_DATA,AP,98:F4:AB:29:67:94,-68,11,1,4,1,1,1,1,0,0,0,-96,1,6,1,65534570,0,84,0,0,65.9166,384,[84 -64 4 0 0 0 0 0 0 0 0 0 0 -13 0 -12 0 -13 1 -13 1 -13 1 -13 2 -14 2 -14 2 -14 2 -14 2 -15 3 -16 3 -16 3 -15 3 -15 3 -16 3 -15 3 -15 2 -15 4 -15 4 -16 3 -16 4 -16 3 -16 4 -17 4 -18 0 0 3 -17 4 -18 4 -18 3 -17 4 -16 4 -18 5 -19 4 -18 5 -18 3 -19 3 -18 3 -17 3 -18 4 -17 4 -19 2 -18 4 -19 3 -18 4 -18 3 -18 3 -18 3 -18 3 -18 3 -19 3 -16 2 -17 0 0 0 0 0 0 0 0 0 0 ]
312,1782981310.229237,19.1764,-68,CSI_DATA,AP,98:F4:AB:29:67:94,-68,11,1,4,1,1,1,1,0,0,0,-96,1,6,1,65625529,0,84,0,0,66.0077,384,[84 -64 4 0 0 0 0 0 0 0 0 0 6 -13 7 -14 7 -13 7 -13 6 -13 7 -13 8 -14 9 -13 8 -14 9 -13 8 -15 9 -15 9 -14 10 -15 9 -15 10 -15 10 -15 9 -13 10 -15 10 -15 10 -15 10 -16 10 -15 11 -15 11 -16 11 -16 0 0 10 -16 11 -17 11 -17 10 -17 10 -16 10 -17 10 -17 11 -17 11 -17 11 -18 11 -18 10 -16 11 -17 10 -17 9 -18 10 -19 11 -18 10 -17 10 -18 9 -18 10 -19 9 -18 10 -17 10 -18 10 -17 8 -17 0 0 0 0 0 0 0 0 0 0 ]
313,1782981310.317235,17.8439,-68,CSI_DATA,AP,98:F4:AB:29:67:94,-68,11,1,4,1,1,1,1,0,0,0,-96,1,6,1,65716429,0,84,0,0,66.0986,384,[84 -64 4 0 0 0 0 0 0 0 0 0 10 7 10 7 9 9 9 8 9 9 8 9 9 9 8 10 9 10 9 10 9 11 9 11 8 11 9 11 8 11 10 12 10 11 10 12 9 10 9 11 10 12 10 11 11 12 10 12 10 13 10 12 0 0 11 12 12 12 11 11 13 12 10 11 12 12 13 12 13 13 13 10 13 12 12 13 11 13 12 12 12 11 14 11 13 10 15 12 13 11 13 11 14 11 13 12 14 10 13 12 12 11 11 11 12 10 0 0 0 0 0 0 0 0 0 0 ]
314,1782981310.407241,17.3798,-66,CSI_DATA,AP,98:F4:AB:29:67:94,-66,11,1,2,1,1,1,1,0,0,0,-96,1,6,1,65810677,0,84,0,0,66.1928,384,[84 -64 4 0 0 0 0 0 0 0 0 0 0 12 1 11 -1 14 0 13 -1 14 -1 12 -2 13 -2 13 -2 14 -4 14 -3 15 -3 15 -4 15 -3 15 -3 13 -3 16 -2 14 -2 16 -3 14 -3 15 -4 15 -3 16 -4 17 -4 17 -4 17 -4 16 0 0 -4 16 -4 19 -2 16 -3 18 -3 15 -4 17 -4 18 -4 17 -4 18 -4 20 -3 18 -4 17 -4 17 -3 16 -2 19 -1 17 -3 20 -2 17 -2 18 -2 18 -3 18 -3 18 -4 19 -2 18 -3 16 -3 16 0 0 0 0 0 0 0 0 0 0 ]
315,1782981310.494379,17.2963,-68,CSI_DATA,AP,98:F4:AB:29:67:94,-68,11,1,4,1,1,1,1,0,0,0,-96,1,6,1,65896622,0,84,0,0,66.2788,384,[84 -64 4 0 0 0 0 0 0 0 0 0 0 -12 1 -12 0 -13 2 -13 1 -13 2 -14 2 -14 2 -14 3 -14 3 -14 2 -15 3 -15 3 -15 3 -15 3 -14 3 -16 3 -14 3 -15 3 -15 4 -15 5 -16 4 -17 5 -16 4 -17 5 -16 5 -17 0 0 4 -17 4 -17 4 -17 4 -18 3 -17 4 -17 5 -17 5 -18 6 -18 4 -18 3 -18 5 -17 4 -18 4 -17 4 -18 4 -18 3 -17 2 -18 4 -18 4 -18 5 -19 4 -18 5 -18 3 -19 4 -17 3 -17 0 0 0 0 0 0 0 0 0 0 ]
316,1782981310.582734,17.5380,-68,CSI_DATA,AP,98:F4:AB:29:67:94,-68,11,1,4,1,1,1,1,0,0,0,-96,1,6,1,65984596,0,84,0,0,66.3667,384,[84 -64 4 0 0 0 0 0 0 0 0 0 2 14 3 13 3 15 2 13 3 15 1 13 1 14 2 13 1 15 1 15 1 16 1 16 1 17 0 16 2 15 0 17 0 16 1 16 -1 15 1 16 1 17 1 17 1 19 0 18 -1 18 0 18 0 0 0 18 0 19 1 18 2 18 1 17 2 19 1 20 1 19 1 21 2 21 1 20 1 20 0 19 1 19 2 20 2 19 2 21 2 18 3 19 3 19 2 19 2 20 1 20 1 20 1 18 1 18 0 0 0 0 0 0 0 0 0 0 ]
317,1782981310.679912,17.9449,-68,CSI_DATA,AP,98:F4:AB:29:67:94,-68,11,1,3,1,1,1,1,0,0,0,-96,1,6,1,66074624,0,84,0,0,66.4568,384,[84 -64 4 0 0 0 0 0 0 0 0 0 11 -9 10 -9 12 -10 12 -8 12 -9 11 -8 13 -9 12 -8 13 -9 14 -7 13 -8 14 -8 15 -8 14 -7 14 -7 15 -9 15 -8 15 -9 14 -8 15 -8 16 -9 16 -10 17 -9 16 -8 17 -8 17 -9 0 0 16 -9 17 -10 17 -9 17 -11 16 -9 17 -10 17 -10 18 -11 18 -9 18 -11 17 -10 17 -9 18 -10 16 -10 16 -11 15 -12 17 -10 16 -11 16 -11 17 -10 17 -10 17 -11 18 -11 17 -10 17 -10 15 -10 0 0 0 0 0 0 0 0 0 0 ]
318,1782981310.766877,18.3677,-68,CSI_DATA,AP,98:F4:AB:29:67:94,-68,11,1,3,1,1,1,1,0,0,0,-96,1,6,1,66169503,0,84,0,0,66.5517,384,[84 -64 4 0 0 0 0 0 0 0 0 0 6 -13 6 -12 5 -15 6 -12 7 -14 6 -12 7 -14 8 -13 7 -15 9 -14 8 -14 8 -14 9 -14 9 -13 8 -13 9 -16 8 -14 9 -15 8 -12 10 -14 11 -15 10 -15 11 -15 10 -15 11 -15 10 -15 0 0 11 -15 11 -17 10 -15 11 -17 10 -15 11 -17 11 -17 11 -16 11 -16 13 -18 11 -18 11 -16 11 -17 10 -15 10 -18 9 -17 12 -19 9 -17 11 -17 11 -18 12 -17 11 -17 13 -18 11 -17 10 -16 9 -15 0 0 0 0 0 0 0 0 0 0 ]
319,1782981310.855517,19.7655,-67,CSI_DATA,AP,98:F4:AB:29:67:94,-67,11,1,3,1,1,1,1,0,0,0,-96,1,6,1,66256307,0,84,0,0,66.6384,384,[84 -64 4 0 0 0 0 0 0 0 0 0 2 -15 4 -13 3 -14 3 -14 2 -15 3 -13 4 -14 5 -15 4 -16 5 -15 4 -16 4 -15 5 -16 6 -16 5 -16 5 -17 6 -16 5 -16 4 -15 6 -17 5 -17 6 -16 5 -17 7 -18 7 -19 7 -19 0 0 5 -18 4 -20 5 -19 4 -18 6 -18 4 -20 5 -20 5 -19 5 -20 4 -20 4 -20 3 -21 5 -19 4 -19 4 -20 2 -20 4 -21 3 -21 4 -21 2 -21 3 -21 4 -21 4 -21 3 -20 4 -20 3 -20 0 0 0 0 0 0 0 0 0 0 ]
320,1782981310.942846,18.5381,-68,CSI_DATA,AP,98:F4:AB:29:67:94,-68,11,1,3,1,1,1,1,0,0,0,-96,1,6,1,66346062,0,84,0,0,66.7282,384,[84 -64 4 0 0 0 0 0 0 0 0 0 11 -7 10 -6 12 -7 11 -5 11 -6 11 -5 12 -6 12 -6 12 -6 13 -5 13 -5 14 -5 13 -4 14 -5 12 -5 15 -6 13 -6 14 -5 13 -5 14 -5 15 -5 15 -6 16 -6 15 -5 16 -5 15 -5 0 0 16 -5 16 -5 16 -5 16 -7 15 -5 15 -6 16 -7 16 -6 16 -7 16 -7 16 -7 16 -6 16 -7 16 -7 16 -7 15 -7 16 -7 15 -7 16 -7 16 -8 16 -7 16 -7 17 -7 16 -7 16 -7 15 -7 0 0 0 0 0 0 0 0 0 0 ]
321,1782981311.043344,19.4404,-68,CSI_DATA,AP,98:F4:AB:29:67:94,-68,11,1,4,1,1,1,1,0,0,0,-96,1,6,1,66436676,0,84,0,0,66.8188,384,[84 -64 4 0 0 0 0 0 0 0 0 0 -14 -6 -13 -6 -14 -6 -13 -7 -14 -7 -12 -7 -14 -8 -13 -8 -15 -7 -14 -9 -15 -9 -15 -10 -15 -10 -14 -10 -14 -9 -16 -10 -15 -9 -16 -10 -14 -9 -14 -9 -16 -10 -16 -10 -16 -11 -16 -12 -16 -12 -16 -11 0 0 -16 -10 -18 -10 -17 -10 -19 -9 -15 -10 -17 -12 -18 -10 -17 -11 -18 -10 -19 -12 -18 -12 -17 -12 -17 -10 -16 -12 -20 -9 -18 -9 -19 -11 -17 -9 -18 -10 -18 -10 -18 -11 -19 -10 -19 -12 -19 -10 -17 -10 -17 -10 0 0 0 0 0 0 0 0 0 0 ]
322,1782981311.130403,17.9072,-66,CSI_DATA,AP,98:F4:AB:29:67:94,-66,11,1,2,1,1,1,1,0,0,0,-96,1,6,1,66527382,0,84,0,0,66.9095,384,[84 -64 4 0 0 0 0 0 0 0 0 0 10 5 9 6 10 7 10 7 11 8 9 8 11 9 10 9 11 8 10 10 11 10 11 10 10 10 10 10 10 8 13 11 11 9 12 10 10 10 11 10 11 11 12 11 12 11 12 11 12 11 12 11 0 0 12 11 14 11 12 10 15 11 13 10 14 11 13 12 13 12 13 11 14 12 15 11 13 11 14 11 14 11 15 11 14 9 16 11 14 9 15 11 14 10 14 11 15 10 15 12 14 10 14 10 13 9 0 0 0 0 0 0 0 0 0 0 ]
323,1782981311.217006,18.3107,-68,CSI_DATA,AP,98:F4:AB:29:67:94,-68,11,1,4,1,1,1,1,0,0,0,-96,1,6,1,66615276,0,84,0,0,66.9974,384,[84 -64 4 0 0 0 0 0 0 0 0 0 -13 7 -12 6 -14 5 -15 5 -14 5 -14 5 -15 5 -14 5 -15 5 -16 5 -15 5 -16 5 -16 6 -17 4 -16 4 -17 5 -17 6 -17 5 -17 4 -17 5 -17 5 -18 6 -18 5 -19 5 -19 5 -18 6 0 0 -18 5 -19 6 -18 6 -19 6 -19 5 -19 5 -20 6 -20 6 -19 5 -20 6 -20 7 -20 6 -18 6 -19 5 -19 7 -19 8 -20 7 -19 7 -19 6 -20 7 -20 7 -20 7 -19 6 -20 7 -18 7 -18 6 0 0 0 0 0 0 0 0 0 0 ]
324,1782981311.303136,16.8728,-68,CSI_DATA,AP,98:F4:AB:29:67:94,-68,11,1,4,1,1,1,1,0,0,0,-96,1,6,1,66706777,0,84,0,0,67.0889,384,[84 -64 4 0 0 0 0 0 0 0 0 0 11 -2 12 -3 12 -3 12 -3 13 -1 12 -2 12 -2 12 -2 13 -1 13 -1 15 -2 14 -1 15 0 14 -1 13 0 15 -1 14 -1 15 -1 13 0 14 -2 15 -2 15 -1 15 -1 16 0 16 1 16 -1 0 0 17 -2 16 0 16 -1 16 -2 16 -1 17 -2 18 -3 17 -2 18 -2 19 -2 17 -2 17 0 16 -2 17 -2 17 -3 16 -3 19 -2 16 -3 17 -4 16 -4 17 -3 17 -3 18 -3 17 -3 16 -3 15 -2 0 0 0 0 0 0 0 0 0 0 ]
325,1782981311.399479,17.7139,-68,CSI_DATA,AP,98:F4:AB:29:67:94,-68,11,1,4,1,1,1,1,0,0,0,-96,1,6,1,66797919,0,84,0,0,67.1801,384,[84 -64 4 0 0 0 0 0 0 0 0 0 -7 13 -8 12 -8 12 -8 12 -8 13 -8 12 -9 12 -9 11 -9 13 -11 13 -11 13 -11 13 -11 12 -10 13 -10 13 -11 14 -11 13 -10 13 -10 13 -10 13 -11 13 -11 14 -12 14 -11 14 -12 15 -12 15 0 0 -12 16 -12 15 -11 16 -11 17 -11 15 -11 16 -11 17 -12 16 -11 16 -12 18 -10 18 -12 17 -11 16 -10 16 -10 17 -10 18 -10 18 -10 17 -9 17 -10 18 -10 18 -10 18 -11 17 -10 17 -10 18 -9 16 0 0 0 0 0 0 0 0 0 0 ]
326,1782981311.486647,16.7751,-68,CSI_DATA,AP,98:F4:AB:29:67:94,-68,11,1,4,1,1,1,1,0,0,0,-96,1,6,1,66884430,0,84,0,0,67.2667,384,[84 -64 4 0 0 0 0 0 0 0 0 0 -12 2 -12 2 -13 3 -13 2 -14 1 -13 1 -14 1 -14 0 -15 1 -15 0 -15 1 -15 -1 -15 -1 -16 0 -14 0 -16 0 -15 1 -16 -1 -15 0 -15 0 -16 0 -16 0 -16 -1 -15 -1 -16 -1 -17 -1 0 0 -18 -1 -18 0 -18 1 -18 1 -16 0 -19 0 -18 1 -18 -1 -18 0 -19 0 -19 1 -17 0 -18 0 -18 0 -18 2 -17 1 -20 1 -18 1 -18 1 -21 -3 -18 1 -19 1 -18 0 -19 1 -18 0 -18 1 0 0 0 0 0 0 0 0 0 0 ]
327,1782981311.576168,17.0464,-68,CSI_DATA,AP,98:F4:AB:29:67:94,-68,11,1,4,1,1,1,1,0,0,0,-96,1,6,1,66974651,0,84,0,0,67.3569,384,[84 -64 4 0 0 0 0 0 0 0 0 0 13 4 12 4 13 5 13 5 14 5 12 6 13 6 13 6 14 6 14 7 14 6 14 7 14 8 15 8 13 8 15 8 13 7 14 7 13 8 15 8 15 9 15 9 15 9 15 8 15 9 15 8 0 0 15 9 17 8 16 9 17 7 15 7 16 8 16 9 16 9 17 9 19 9 17 9 16 9 18 9 17 8 18 8 18 7 19 8 18 7 17 8 19 7 17 9 17 10 17 9 17 8 18 8 17 8 0 0 0 0 0 0 0 0 0 0 ]
328,1782981311.662771,18.7925,-68,CSI_DATA,AP,98:F4:AB:29:67:94,-68,11,1,4,1,1,1,1,0,0,0,-96,1,6,1,67066061,0,84,0,0,67.4482,384,[84 -64 4 0 0 0 0 0 0 0 0 0 3 -14 3 -13 3 -14 4 -14 5 -15 5 -14 5 -14 6 -14 6 -15 6 -15 7 -15 8 -16 9 -15 7 -16 7 -15 6 -16 6 -15 7 -15 6 -14 7 -16 8 -16 7 -18 9 -17 8 -17 9 -18 8 -17 0 0 8 -18 8 -18 9 -17 7 -19 8 -17 8 -18 8 -18 8 -19 7 -19 8 -20 7 -19 9 -18 8 -18 8 -19 6 -19 6 -20 7 -20 6 -18 7 -20 6 -19 7 -20 7 -19 7 -19 7 -19 7 -17 7 -18 0 0 0 0 0 0 0 0 0 0 ]
329,1782981311.760180,17.7319,-68,CSI_DATA,AP,98:F4:AB:29:67:94,-68,11,1,4,1,1,1,1,0,0,0,-96,1,6,1,67157973,0,84,0,0,67.5401,384,[84 -64 4 0 0 0 0 0 0 0 0 0 12 -2 11 -2 13 -2 13 -2 14 -2 12 -1 12 -2 12 0 13 -2 14 -1 14 0 15 1 15 2 15 1 13 0 15 0 14 -1 15 -1 14 -1 15 0 15 0 16 0 16 1 16 1 16 2 16 0 0 0 16 0 17 0 16 -1 17 -2 15 0 17 -1 17 -1 18 -1 17 -1 18 0 18 -2 16 1 17 0 16 -1 17 -2 17 -2 20 -2 16 -1 18 -2 17 -3 18 -1 18 -2 18 -1 18 -2 16 -1 16 -2 0 0 0 0 0 0 0 0 0 0 ]
330,1782981311.848305,16.7385,-68,CSI_DATA,AP,98:F4:AB:29:67:94,-68,11,1,4,1,1,1,1,0,0,0,-96,1,6,1,67245981,0,84,0,0,67.6281,384,[84 -64 4 0 0 0 0 0 0 0 0 0 5 -12 4 -12 6 -12 5 -13 6 -12 6 -12 6 -12 6 -12 7 -13 7 -13 7 -12 7 -12 9 -13 8 -13 8 -12 8 -13 7 -12 8 -13 8 -12 8 -12 9 -14 8 -12 8 -14 9 -13 10 -13 9 -15 0 0 8 -14 10 -15 9 -14 9 -16 9 -14 10 -15 10 -15 10 -14 10 -15 9 -16 9 -16 10 -14 9 -15 10 -14 9 -17 8 -15 9 -16 8 -15 10 -16 8 -15 10 -15 9 -15 10 -16 9 -16 9 -14 8 -14 0 0 0 0 0 0 0 0 0 0 ]
331,1782981311.947212,17.9949,-66,CSI_DATA,AP,98:F4:AB:29:67:94,-66,11,1,1,1,1,1,1,0,0,0,-96,1,6,1,67341621,0,84,0,0,67.7237,384,[84 -64 4 0 0 0 0 0 0 0 0 0 -13 -2 -13 -2 -14 -3 -14 -4 -15 -3 -13 -4 -13 -4 -13 -5 -15 -4 -14 -6 -15 -6 -15 -6 -15 -6 -15 -5 -14 -6 -16 -6 -14 -5 -16 -5 -15 -6 -15 -7 -16 -7 -17 -7 -16 -7 -16 -7 -17 -8 -16 -7 0 0 -16 -7 -19 -6 -17 -5 -18 -5 -16 -7 -18 -7 -17 -7 -18 -8 -18 -7 -19 -6 -19 -5 -17 -7 -18 -6 -17 -6 -19 -5 -18 -4 -19 -6 -17 -5 -19 -6 -18 -5 -18 -7 -18 -6 -19 -7 -19 -5 -17 -6 -17 -5 0 0 0 0 0 0 0 0 0 0 ]
332,1782981312.037149,17.2593,-68,CSI_DATA,AP,98:F4:AB:29:67:94,-68,11,1,4,1,1,1,1,0,0,0,-96,1,6,1,67428956,0,84,0,0,67.8111,384,[84 -64 4 0 0 0 0 0 0 0 0 0 -10 8 -10 6 -11 7 -11 7 -12 8 -11 7 -12 8 -10 7 -11 7 -13 7 -12 7 -13 8 -13 7 -14 7 -13 7 -13 8 -13 7 -14 7 -14 6 -13 7 -14 7 -15 7 -14 8 -15 8 -15 8 -15 8 0 0 -15 8 -15 9 -15 9 -15 9 -14 7 -15 8 -16 8 -15 10 -16 8 -16 9 -16 10 -15 9 -16 10 -15 9 -15 10 -14 10 -15 10 -14 10 -15 10 -15 10 -15 10 -15 10 -14 9 -15 11 -14 9 -14 9 0 0 0 0 0 0 0 0 0 0 ]
333,1782981312.126445,18.1003,-68,CSI_DATA,AP,98:F4:AB:29:67:94,-68,11,1,4,1,1,1,1,0,0,0,-96,1,6,1,67516795,0,84,0,0,67.899,384,[84 -64 4 0 0 0 0 0 0 0 0 0 -5 13 -5 12 -6 14 -6 14 -5 14 -6 12 -7 14 -7 13 -7 14 -9 14 -9 14 -9 14 -9 14 -10 15 -9 13 -8 16 -8 14 -8 15 -8 13 -8 15 -10 15 -8 15 -10 15 -9 15 -9 16 -10 16 0 0 -9 16 -9 17 -8 16 -8 17 -9 16 -9 18 -9 18 -9 18 -9 18 -9 18 -9 19 -10 17 -9 17 -9 16 -8 19 -6 18 -8 20 -8 19 -8 19 -7 18 -8 18 -7 19 -8 19 -9 18 -9 18 -8 17 0 0 0 0 0 0 0 0 0 0 ]
334,1782981312.214037,18.1401,-68,CSI_DATA,AP,98:F4:AB:29:67:94,-68,11,1,4,1,1,1,1,0,0,0,-96,1,6,1,67606670,0,84,0,0,67.9888,384,[84 -64 4 0 0 0 0 0 0 0 0 0 8 -11 8 -11 9 -12 9 -12 10 -12 9 -11 11 -11 11 -10 10 -12 12 -12 11 -12 12 -12 13 -11 12 -11 13 -11 13 -12 12 -11 12 -12 11 -11 13 -12 13 -10 14 -12 14 -11 14 -13 14 -12 14 -12 0 0 14 -12 15 -13 14 -12 13 -15 13 -11 14 -14 14 -13 15 -13 15 -14 16 -14 15 -14 15 -13 14 -13 14 -13 14 -14 14 -14 15 -15 14 -14 15 -15 14 -15 14 -14 14 -15 15 -14 14 -15 13 -13 13 -13 0 0 0 0 0 0 0 0 0 0 ]
335,1782981312.308855,18.4412,-68,CSI_DATA,AP,98:F4:AB:29:67:94,-68,11,1,4,1,1,1,1,0,0,0,-96,1,6,1,67694462,0,84,0,0,68.0767,384,[84 -64 4 0 0 0 0 0 0 0 0 0 13 -5 13 -4 13 -3 14 -3 15 -3 14 -2 15 -3 15 -2 16 -2 16 -2 16 -2 16 -2 17 -1 17 -1 15 0 18 -1 16 -2 17 -1 15 -1 17 -1 16 -1 18 -2 18 -1 18 -1 18 -1 18 0 0 0 19 -1 19 -1 19 -1 19 -2 16 -1 20 -2 20 -1 20 -1 21 -1 21 -1 20 -2 20 -1 20 -1 19 -2 20 -1 19 -3 21 -3 19 -2 20 -2 20 -3 20 -3 20 -2 20 -2 20 -2 19 -2 18 -2 0 0 0 0 0 0 0 0 0 0 ]
336,1782981312.394479,17.5086,-68,CSI_DATA,AP,98:F4:AB:29:67:94,-68,11,1,4,1,1,1,1,0,0,0,-96,1,6,1,67786502,0,84,0,0,68.1686,384,[84 -64 4 0 0 0 0 0 0 0 0 0 2 11 1 12 2 13 0 13 1 14 1 11 0 13 -1 13 0 13 0 14 -2 14 -2 15 -2 14 -2 14 -2 14 -1 15 0 13 -1 15 -2 13 -1 15 -1 15 -2 16 -1 16 -1 16 -1 17 -1 17 0 0 -1 15 0 17 0 16 0 16 0 15 1 16 -1 16 -1 18 0 17 -1 17 2 16 -1 16 1 17 0 17 0 18 1 17 1 19 1 17 1 17 1 17 1 17 1 18 1 18 1 17 1 16 0 16 0 0 0 0 0 0 0 0 0 0 ]
337,1782981312.485399,17.7994,-68,CSI_DATA,AP,98:F4:AB:29:67:94,-68,11,1,4,1,1,1,1,0,0,0,-96,1,6,1,67879370,0,84,0,0,68.2615,384,[84 -64 4 0 0 0 0 0 0 0 0 0 11 9 9 8 11 9 10 10 11 11 9 9 10 10 10 10 11 11 11 12 11 12 11 12 10 13 10 13 10 11 12 12 10 11 12 12 10 12 12 11 11 12 13 13 11 13 12 13 11 14 12 13 0 0 12 13 15 13 13 13 15 13 12 12 13 13 14 14 14 14 14 13 15 14 14 13 14 14 14 13 13 12 16 13 15 11 17 13 15 12 15 13 15 11 16 12 16 12 15 14 15 12 15 12 14 12 0 0 0 0 0 0 0 0 0 0 ]
338,1782981312.575295,19.0124,-68,CSI_DATA,AP,98:F4:AB:29:67:94,-68,11,1,4,1,1,1,1,0,0,0,-96,1,6,1,67966052,0,84,0,0,68.3482,384,[84 -64 4 0 0 0 0 0 0 0 0 0 -6 -14 -5 -13 -5 -14 -6 -14 -5 -15 -3 -15 -4 -15 -3 -16 -4 -17 -3 -16 -4 -17 -3 -17 -3 -18 -4 -17 -4 -16 -3 -18 -3 -16 -4 -17 -4 -17 -3 -17 -3 -18 -3 -18 -3 -18 -3 -19 -5 -19 -4 -19 0 0 -5 -19 -5 -19 -4 -19 -5 -19 -4 -18 -4 -20 -5 -21 -5 -20 -5 -20 -5 -20 -6 -20 -5 -19 -5 -20 -5 -19 -6 -20 -6 -19 -6 -20 -6 -20 -6 -20 -6 -20 -6 -20 -6 -20 -5 -20 -6 -20 -6 -19 -6 -18 0 0 0 0 0 0 0 0 0 0 ]
339,1782981312.664482,18.2417,-68,CSI_DATA,AP,98:F4:AB:29:67:94,-68,11,1,3,1,1,1,1,0,0,0,-96,1,6,1,68056064,0,84,0,0,68.4382,384,[84 -64 4 0 0 0 0 0 0 0 0 0 8 8 8 9 9 8 8 9 9 9 7 9 8 10 8 10 7 10 8 11 8 11 9 13 7 12 8 12 8 11 7 13 8 12 7 12 8 11 9 12 7 12 8 13 8 12 8 13 9 13 9 14 0 0 9 14 9 14 9 14 9 14 8 14 9 14 10 15 8 15 10 15 10 15 10 15 9 13 9 15 9 14 9 13 11 14 11 15 9 13 10 14 10 14 9 15 10 16 10 15 10 14 9 14 9 13 0 0 0 0 0 0 0 0 0 0 ]
340,1782981312.753407,17.1461,-68,CSI_DATA,AP,98:F4:AB:29:67:94,-68,11,1,4,1,1,1,1,0,0,0,-96,1,6,1,68144762,0,84,0,0,68.5269,384,[84 -64 4 0 0 0 0 0 0 0 0 0 10 -4 11 -5 12 -4 12 -4 13 -4 11 -4 12 -4 12 -4 13 -4 14 -3 14 -3 15 -3 14 -4 14 -3 13 -3 15 -3 14 -3 14 -4 14 -3 14 -3 16 -3 15 -4 15 -4 15 -3 16 -3 16 -3 0 0 15 -3 17 -5 17 -4 16 -6 16 -4 15 -5 17 -5 17 -5 17 -6 18 -5 17 -5 16 -4 17 -4 16 -5 16 -6 17 -6 18 -6 16 -7 16 -6 16 -7 17 -6 16 -7 17 -6 16 -6 16 -6 15 -6 0 0 0 0 0 0 0 0 0 0 ]
341,1782981312.841512,18.7570,-68,CSI_DATA,AP,98:F4:AB:29:67:94,-68,11,1,4,1,1,1,1,0,0,0,-96,1,6,1,68236549,0,84,0,0,68.6187,384,[84 -64 4 0 0 0 0 0 0 0 0 0 -3 -13 -3 -15 -2 -15 -2 -15 -3 -16 -1 -15 -2 -16 -2 -15 -1 -16 -2 -16 -1 -16 0 -17 0 -18 1 -17 0 -16 -1 -19 -1 -17 -1 -17 0 -17 -1 -18 -2 -17 -1 -20 0 -20 0 -20 -1 -20 0 -19 0 0 0 -18 -1 -20 -2 -19 -3 -20 -1 -19 -4 -20 -2 -21 -2 -20 -2 -21 -1 -23 -1 -20 -1 -20 -1 -19 -2 -20 -3 -21 -4 -19 -3 -22 -2 -19 -3 -21 -3 -21 -3 -21 -3 -21 -2 -21 -2 -21 -2 -20 -3 -19 0 0 0 0 0 0 0 0 0 0 ]
342,1782981312.929599,19.0618,-68,CSI_DATA,AP,98:F4:AB:29:67:94,-68,11,1,4,1,1,1,1,0,0,0,-96,1,6,1,68324581,0,84,0,0,68.7067,384,[84 -64 4 0 0 0 0 0 0 0 0 0 -10 8 -12 9 -12 10 -12 10 -12 8 -12 8 -13 8 -13 7 -13 8 -13 8 -14 9 -14 9 -14 7 -14 8 -14 7 -14 9 -14 8 -14 9 -15 8 -15 8 -16 8 -16 8 -16 9 -16 9 -17 9 -17 9 0 0 -16 9 -17 10 -16 10 -17 9 -17 9 -18 9 -17 8 -17 10 -17 10 -18 11 -17 11 -17 9 -17 11 -17 11 -17 11 -17 11 -17 11 -17 11 -17 11 -17 11 -17 11 -18 11 -18 10 -16 12 -16 11 -15 10 0 0 0 0 0 0 0 0 0 0 ]
343,1782981313.017412,19.4346,-68,CSI_DATA,AP,98:F4:AB:29:67:94,-68,11,1,4,1,1,1,1,0,0,0,-96,1,6,1,68418437,0,84,0,0,68.8007,384,[84 -64 4 0 0 0 0 0 0 0 0 0 6 -14 6 -11 6 -13 8 -13 8 -13 8 -12 8 -12 9 -12 9 -14 10 -13 9 -13 11 -14 11 -13 11 -14 10 -13 11 -14 10 -13 10 -13 10 -13 11 -13 12 -14 11 -13 12 -14 12 -14 13 -14 13 -15 0 0 13 -14 12 -15 12 -15 12 -16 12 -14 13 -14 13 -14 14 -15 14 -16 14 -15 13 -16 12 -15 12 -16 13 -14 13 -15 13 -16 13 -16 12 -15 13 -15 12 -15 14 -15 13 -15 14 -16 13 -15 12 -15 12 -14 0 0 0 0 0 0 0 0 0 0 ]
344,1782981313.105207,19.4603,-68,CSI_DATA,AP,98:F4:AB:29:67:94,-68,11,1,4,1,1,1,1,0,0,0,-96,1,6,1,68505139,0,84,0,0,68.8873,384,[84 -64 4 0 0 0 0 0 0 0 0 0 -1 11 -4 10 -2 12 -4 11 -4 11 -4 11 -4 10 -4 12 -4 11 -4 12 -5 12 -5 12 -5 12 -5 12 -5 12 -5 13 -5 12 -5 12 -5 12 -5 12 -5 13 -4 13 -5 12 -6 12 -6 13 -5 14 0 0 -4 13 -5 14 -5 13 -4 15 -5 13 -5 15 -5 15 -5 15 -5 14 -4 16 -5 15 -5 15 -5 14 -5 14 -4 15 -4 15 -4 16 -4 15 -4 15 -3 15 -3 15 -4 15 -5 16 -4 15 -4 14 -3 14 0 0 0 0 0 0 0 0 0 0 ]
345,1782981313.210595,18.1091,-68,CSI_DATA,AP,98:F4:AB:29:67:94,-68,11,1,4,1,1,1,1,0,0,0,-96,1,6,1,68598407,0,84,0,0,68.9806,384,[84 -64 4 0 0 0 0 0 0 0 0 0 7 -11 6 -11 6 -12 7 -11 9 -12 7 -10 7 -10 8 -10 9 -11 10 -11 9 -12 9 -11 9 -11 10 -11 9 -11 10 -13 9 -12 9 -13 9 -11 9 -12 10 -12 10 -13 11 -13 11 -12 11 -13 11 -13 0 0 10 -14 10 -15 9 -13 10 -14 9 -13 10 -14 11 -15 11 -15 11 -15 11 -16 11 -15 11 -14 9 -14 10 -14 9 -16 9 -15 10 -16 8 -15 9 -16 8 -15 9 -16 9 -16 11 -15 9 -16 9 -15 9 -15 0 0 0 0 0 0 0 0 0 0 ]
346,1782981313.289660,17.1351,-68,CSI_DATA,AP,98:F4:AB:29:67:94,-68,11,1,4,1,1,1,1,0,0,0,-96,1,6,1,68685355,0,84,0,0,69.0676,384,[84 -64 4 0 0 0 0 0 0 0 0 0 9 10 8 10 8 11 9 11 8 11 7 11 8 13 7 13 8 13 8 13 7 13 8 13 8 14 8 14 7 14 7 15 8 13 7 13 8 13 8 14 9 15 8 15 8 15 8 15 8 15 9 16 0 0 10 16 10 17 9 15 10 15 9 14 10 16 10 16 11 16 10 17 12 17 12 16 10 17 11 16 11 15 12 15 12 15 12 17 12 15 11 16 12 15 11 17 12 16 12 16 11 15 11 15 10 14 0 0 0 0 0 0 0 0 0 0 ]
347,1782981313.376586,18.3129,-68,CSI_DATA,AP,98:F4:AB:29:67:94,-68,11,1,4,1,1,1,1,0,0,0,-96,1,6,1,68775023,0,84,0,0,69.1572,384,[84 -64 4 0 0 0 0 0 0 0 0 0 -9 -11 -9 -12 -10 -12 -8 -13 -9 -14 -7 -13 -9 -15 -8 -14 -8 -14 -7 -15 -8 -15 -7 -16 -7 -17 -7 -16 -7 -15 -7 -16 -8 -15 -7 -15 -8 -16 -8 -17 -8 -16 -7 -17 -8 -17 -9 -17 -8 -18 -8 -18 0 0 -8 -17 -9 -19 -8 -17 -9 -18 -8 -18 -9 -19 -9 -19 -9 -19 -8 -19 -10 -18 -10 -20 -8 -19 -9 -18 -9 -18 -9 -19 -9 -18 -10 -19 -9 -18 -10 -19 -9 -18 -9 -19 -9 -19 -10 -20 -10 -18 -8 -18 -9 -17 0 0 0 0 0 0 0 0 0 0 ]
348,1782981313.476524,19.2062,-68,CSI_DATA,AP,98:F4:AB:29:67:94,-68,11,1,4,1,1,1,1,0,0,0,-96,1,6,1,68865104,0,84,0,0,69.2473,384,[84 -64 4 0 0 0 0 0 0 0 0 0 -10 -11 -9 -11 -10 -11 -10 -12 -10 -13 -9 -12 -9 -12 -9 -12 -9 -13 -9 -14 -9 -14 -10 -14 -8 -15 -8 -15 -9 -15 -10 -16 -8 -14 -9 -14 -9 -15 -9 -16 -9 -16 -9 -16 -9 -17 -10 -16 -10 -17 -10 -17 0 0 -10 -18 -10 -17 -10 -17 -10 -15 -10 -17 -10 -18 -11 -18 -11 -18 -11 -18 -12 -17 -12 -17 -10 -17 -11 -18 -11 -18 -11 -18 -12 -17 -12 -18 -12 -17 -11 -17 -12 -17 -11 -18 -11 -17 -11 -18 -12 -17 -11 -17 -10 -16 0 0 0 0 0 0 0 0 0 0 ]
349,1782981313.562496,18.6796,-68,CSI_DATA,AP,98:F4:AB:29:67:94,-68,11,1,4,1,1,1,1,0,0,0,-96,1,6,1,68956141,0,84,0,0,69.3382,384,[84 -64 4 0 0 0 0 0 0 0 0 0 -10 9 -10 9 -12 9 -12 9 -12 10 -11 7 -15 8 -14 9 -13 10 -15 8 -14 8 -14 8 -15 8 -15 7 -14 7 -16 8 -14 8 -15 8 -14 8 -16 8 -16 8 -15 9 -15 7 -16 9 -17 7 -17 8 0 0 -17 8 -18 9 -16 9 -17 10 -17 8 -18 10 -19 9 -18 9 -19 10 -18 10 -18 11 -18 10 -17 9 -17 9 -18 11 -16 11 -18 11 -16 10 -18 11 -18 11 -18 10 -17 10 -19 10 -17 10 -17 9 -16 9 0 0 0 0 0 0 0 0 0 0 ]
350,1782981313.649996,18.4575,-68,CSI_DATA,AP,98:F4:AB:29:67:94,-68,11,1,4,1,1,1,1,0,0,0,-96,1,6,1,69045987,0,84,0,0,69.4281,384,[84 -64 4 0 0 0 0 0 0 0 0 0 12 2 12 2 15 3 14 3 14 2 13 4 13 4 14 5 16 4 14 5 15 5 15 6 15 6 15 6 14 5 15 5 14 5 16 6 14 6 16 5 15 6 16 6 16 7 16 8 17 7 16 7 0 0 17 8 17 7 18 6 18 6 17 6 18 7 18 8 18 8 18 7 19 7 18 7 17 8 18 7 17 7 18 6 17 6 19 6 18 7 19 7 19 7 18 7 18 8 18 8 18 7 17 7 17 7 0 0 0 0 0 0 0 0 0 0 ]
351,1782981313.736343,18.3078,-69,CSI_DATA,AP,98:F4:AB:29:67:94,-69,11,1,5,1,1,1,1,0,0,0,-96,1,6,1,69136847,0,84,0,0,69.519,384,[84 -64 4 0 0 0 0 0 0 0 0 0 14 4 12 4 12 4 13 6 14 4 12 5 14 5 13 6 13 6 13 6 15 6 14 7 13 6 14 8 14 8 12 7 13 7 14 7 14 8 13 7 14 9 15 8 14 9 14 8 15 9 15 8 0 0 14 9 16 9 15 8 16 8 14 8 16 8 16 10 17 9 17 9 11 9 17 8 16 10 15 8 15 9 16 10 16 7 18 9 16 8 17 9 17 8 17 8 17 8 18 8 16 8 15 8 15 8 0 0 0 0 0 0 0 0 0 0 ]
352,1782981313.824498,18.0714,-69,CSI_DATA,AP,98:F4:AB:29:67:94,-69,11,1,5,1,1,1,1,0,0,0,-96,1,6,1,69226288,0,84,0,0,69.6083,384,[84 -64 4 0 0 0 0 0 0 0 0 0 13 1 15 4 14 0 14 2 14 1 14 2 15 2 13 1 14 1 14 3 15 5 15 4 15 5 14 3 14 4 16 3 15 4 15 3 16 5 16 4 15 4 16 3 17 4 16 6 17 6 16 4 0 0 17 4 17 4 17 4 17 4 17 5 18 4 18 4 17 3 17 4 18 4 18 5 17 5 18 5 17 4 18 3 17 3 19 3 19 3 19 3 17 3 18 4 18 3 17 3 17 4 16 4 16 4 0 0 0 0 0 0 0 0 0 0 ]
353,1782981313.912652,17.3312,-69,CSI_DATA,AP,98:F4:AB:29:67:94,-69,11,1,5,1,1,1,1,0,0,0,-96,1,6,1,69320174,0,84,0,0,69.7023,384,[84 -64 4 0 0 0 0 0 0 0 0 0 10 8 9 9 9 10 10 10 9 10 8 10 8 11 8 10 9 11 9 12 9 12 9 13 8 13 9 14 8 11 9 13 9 12 10 13 8 11 10 13 9 12 10 15 9 14 8 15 8 15 10 15 0 0 9 15 10 15 9 14 11 15 9 13 11 15 10 17 12 15 9 16 10 17 9 16 8 16 10 15 9 14 10 16 12 15 11 16 11 15 11 14 11 15 11 15 12 15 11 15 10 15 9 16 10 14 0 0 0 0 0 0 0 0 0 0 ]
354,1782981314.006409,17.5897,-69,CSI_DATA,AP,98:F4:AB:29:67:94,-69,11,1,5,1,1,1,1,0,0,0,-96,1,6,1,69406822,0,84,0,0,69.7891,384,[84 -64 4 0 0 0 0 0 0 0 0 0 -14 -1 -13 -2 -14 -3 -14 -2 -15 -3 -15 -4 -14 -4 -14 -5 -16 -4 -15 -4 -16 -5 -16 -5 -16 -5 -16 -5 -15 -6 -16 -6 -15 -5 -16 -7 -16 -6 -16 -5 -15 -6 -16 -6 -17 -6 -17 -7 -17 -7 -17 -6 0 0 -18 -6 -17 -6 -17 -6 -17 -5 -17 -7 -17 -7 -18 -8 -19 -7 -19 -7 -20 -6 -19 -5 -18 -7 -18 -6 -18 -7 -19 -6 -19 -5 -20 -6 -19 -5 -18 -5 -19 -6 -18 -7 -19 -6 -18 -7 -18 -5 -17 -5 -17 -6 0 0 0 0 0 0 0 0 0 0 ]
355,1782981314.098433,16.8688,-69,CSI_DATA,AP,98:F4:AB:29:67:94,-69,11,1,5,1,1,1,1,0,0,0,-96,1,6,1,69498339,0,84,0,0,69.8805,384,[84 -64 4 0 0 0 0 0 0 0 0 0 -11 -4 -11 -3 -12 -3 -12 -5 -13 -5 -12 -6 -12 -6 -12 -6 -13 -6 -12 -7 -12 -7 -13 -7 -13 -7 -13 -7 -12 -7 -13 -8 -13 -6 -13 -7 -13 -7 -12 -8 -13 -8 -14 -8 -13 -8 -14 -8 -15 -8 -15 -8 0 0 -15 -7 -15 -8 -15 -10 -14 -7 -14 -8 -15 -9 -15 -10 -15 -9 -15 -10 -16 -8 -15 -9 -15 -9 -15 -9 -15 -9 -14 -8 -16 -9 -16 -9 -16 -8 -15 -9 -15 -9 -16 -9 -15 -9 -15 -9 -16 -7 -14 -8 -15 -7 0 0 0 0 0 0 0 0 0 0 ]
356,1782981314.191988,17.6290,-69,CSI_DATA,AP,98:F4:AB:29:67:94,-69,11,1,5,1,1,1,1,0,0,0,-96,1,6,1,69585697,0,84,0,0,69.9678,384,[84 -64 4 0 0 0 0 0 0 0 0 0 -12 -9 -11 -9 -12 -10 -11 -9 -11 -12 -12 -9 -11 -10 -11 -10 -11 -11 -11 -11 -13 -11 -11 -12 -11 -12 -10 -13 -11 -11 -13 -12 -11 -12 -11 -13 -11 -11 -13 -12 -12 -13 -12 -13 -12 -14 -12 -12 -12 -14 -12 -14 0 0 -12 -14 -14 -14 -12 -13 -14 -13 -14 -13 -13 -14 -14 -14 -13 -15 -13 -13 -15 -15 -15 -13 -14 -14 -14 -14 -14 -13 -15 -13 -14 -12 -15 -14 -15 -12 -14 -13 -15 -12 -14 -14 -15 -13 -15 -14 -15 -12 -14 -12 -15 -12 0 0 0 0 0 0 0 0 0 0 ]
357,1782981314.279481,18.9513,-70,CSI_DATA,AP,98:F4:AB:29:67:94,-70,11,1,6,1,1,1,1,0,0,0,-96,1,6,1,69677455,0,84,0,0,70.0596,384,[84 -64 4 0 0 0 0 0 0 0 0 0 -12 10 -9 10 -12 8 -12 9 -12 9 -13 8 -13 8 -13 9 -13 9 -15 8 -13 8 -13 8 -15 8 -16 8 -14 8 -15 9 -15 9 -14 8 -15 7 -15 8 -16 9 -15 7 -16 8 -17 9 -17 9 -17 8 0 0 -17 8 -18 9 -17 10 -16 9 -18 9 -18 8 -19 9 -18 9 -17 9 -18 9 -18 11 -19 7 -17 10 -17 10 -17 9 -18 10 -17 10 -16 11 -17 11 -19 10 -16 9 -16 10 -17 8 -18 8 -16 7 -15 9 0 0 0 0 0 0 0 0 0 0 ]
358,1782981314.367051,19.8791,-70,CSI_DATA,AP,98:F4:AB:29:67:94,-70,11,1,6,1,1,1,1,0,0,0,-96,1,6,1,69767778,0,84,0,0,70.1499,384,[84 -64 4 0 0 0 0 0 0 0 0 0 7 -12 7 -12 7 -11 8 -13 9 -12 9 -11 9 -12 10 -11 10 -12 11 -12 11 -13 11 -11 10 -13 10 -12 11 -12 11 -13 10 -12 11 -12 10 -13 10 -12 11 -12 12 -13 12 -14 13 -14 13 -15 13 -13 0 0 12 -14 13 -13 13 -13 12 -15 12 -12 13 -14 13 -14 14 -14 13 -14 13 -15 12 -16 13 -14 12 -15 12 -13 11 -16 12 -15 12 -18 11 -16 12 -16 11 -15 11 -15 12 -16 12 -15 12 -16 10 -14 10 -14 0 0 0 0 0 0 0 0 0 0 ]
359,1782981314.461576,19.7399,-69,CSI_DATA,AP,98:F4:AB:29:67:94,-69,11,1,5,1,1,1,1,0,0,0,-96,1,6,1,69861198,0,84,0,0,70.2434,384,[84 -64 4 0 0 0 0 0 0 0 0 0 11 -6 11 -7 11 -6 12 -6 12 -7 12 -6 12 -5 13 -5 13 -6 12 -6 14 -6 14 -6 15 -6 14 -6 15 -5 16 -6 15 -5 14 -7 16 -6 15 -6 16 -5 16 -6 16 -5 16 -5 18 -6 16 -6 0 0 17 -6 17 -5 17 -6 16 -7 17 -5 17 -6 18 -6 18 -6 18 -7 19 -8 17 -6 16 -6 17 -5 17 -6 17 -7 17 -8 18 -7 17 -6 17 -6 16 -7 17 -7 17 -7 18 -7 17 -8 16 -7 16 -7 0 0 0 0 0 0 0 0 0 0 ]
360,1782981314.565155,19.6225,-69,CSI_DATA,AP,98:F4:AB:29:67:94,-69,11,1,5,1,1,1,1,0,0,0,-96,1,6,1,69960254,0,84,0,0,70.3424,384,[84 -64 4 0 0 0 0 0 0 0 0 0 -5 -13 -4 -14 -4 -14 -5 -14 -3 -14 -3 -15 -1 -14 -2 -15 -2 -16 -2 -15 -3 -16 -1 -16 -2 -17 -1 -17 -1 -15 -1 -16 -2 -16 -2 -17 -1 -16 0 -17 -1 -17 0 -17 -1 -17 0 -19 -1 -19 -2 -19 0 0 0 -18 -2 -19 -2 -20 -3 -19 -1 -19 -1 -20 -1 -20 -1 -19 -2 -19 -2 -20 -1 -20 -1 -19 -2 -19 -2 -19 -2 -19 -4 -20 -3 -20 -2 -19 -3 -20 -3 -20 -2 -19 -2 -20 -2 -19 -3 -19 -2 -18 -2 -18 0 0 0 0 0 0 0 0 0 0 ]
361,1782981314.648668,19.9032,-70,CSI_DATA,AP,98:F4:AB:29:67:94,-70,11,1,6,1,1,1,1,0,0,0,-96,1,6,1,70034797,0,84,0,0,70.4169,384,[84 -64 4 0 0 0 0 0 0 0 0 0 -12 -9 -12 -10 -13 -11 -12 -12 -13 -11 -11 -12 -12 -13 -11 -11 -12 -13 -13 -14 -13 -13 -11 -14 -12 -15 -12 -13 -11 -13 -14 -14 -14 -13 -12 -15 -13 -13 -14 -16 -12 -15 -13 -15 -14 -15 -15 -17 -12 -16 -13 -16 0 0 -14 -16 -14 -16 -15 -14 -17 -16 -15 -16 -14 -16 -15 -18 -14 -17 -15 -18 -17 -16 -16 -17 -14 -17 -15 -16 -14 -15 -17 -15 -16 -15 -17 -16 -16 -15 -15 -15 -17 -16 -16 -15 -16 -16 -16 -17 -17 -16 -14 -15 -14 -14 0 0 0 0 0 0 0 0 0 0 ]
362,1782981314.733473,19.1789,-70,CSI_DATA,AP,98:F4:AB:29:67:94,-70,11,1,6,1,1,1,1,0,0,0,-96,1,6,1,70129667,0,84,0,0,70.5118,384,[84 -64 4 0 0 0 0 0 0 0 0 0 -8 12 -8 11 -8 12 -9 12 -9 12 -9 11 -9 11 -10 11 -11 12 -10 11 -12 12 -11 12 -12 12 -11 10 -12 12 -12 12 -13 11 -11 11 -12 12 -11 12 -13 11 -13 12 -14 11 -13 13 -14 12 -14 13 0 0 -14 12 -14 12 -13 13 -14 12 -13 13 -15 12 -14 11 -15 12 -15 13 -15 14 -14 15 -14 12 -15 14 -15 14 -14 14 -13 13 -14 13 -13 13 -14 14 -14 14 -15 13 -15 14 -14 13 -14 14 -13 12 -13 13 0 0 0 0 0 0 0 0 0 0 ]
363,1782981314.824349,17.7345,-69,CSI_DATA,AP,98:F4:AB:29:67:94,-69,11,1,5,1,1,1,1,0,0,0,-96,1,6,1,70219981,0,84,0,0,70.6021,384,[84 -64 4 0 0 0 0 0 0 0 0 0 4 13 5 12 4 13 5 14 5 14 4 13 3 14 4 14 3 15 3 13 4 15 2 15 3 14 2 17 2 14 2 16 2 14 4 16 2 16 2 16 1 16 3 16 3 17 2 17 2 17 3 17 0 0 2 17 2 18 2 18 2 17 2 17 2 18 2 18 2 17 3 19 4 18 4 19 3 18 4 19 4 19 2 17 4 18 3 20 4 17 4 18 3 19 3 18 1 19 3 19 4 18 3 17 3 15 0 0 0 0 0 0 0 0 0 0 ]
364,1782981314.913352,17.3008,-66,CSI_DATA,AP,98:F4:AB:29:67:94,-66,11,1,2,1,1,1,1,0,0,0,-96,1,6,1,70310275,0,84,0,0,70.6924,384,[84 -64 4 0 0 0 0 0 0 0 0 0 7 -11 7 -10 7 -12 7 -11 9 -11 8 -10 9 -11 9 -10 9 -12 10 -11 11 -11 11 -12 11 -11 11 -10 10 -11 11 -12 10 -11 10 -12 10 -10 10 -12 11 -13 11 -12 11 -12 13 -12 13 -12 11 -12 0 0 12 -12 12 -14 11 -13 11 -15 11 -12 11 -14 12 -14 12 -14 11 -14 13 -15 11 -14 13 -13 9 -12 11 -13 12 -16 11 -15 12 -16 10 -15 11 -15 10 -16 12 -15 10 -16 12 -16 11 -15 11 -14 10 -14 0 0 0 0 0 0 0 0 0 0 ]
365,1782981315.003462,17.5612,-69,CSI_DATA,AP,98:F4:AB:29:67:94,-69,11,1,5,1,1,1,1,0,0,0,-96,1,6,1,70396470,0,84,0,0,70.7786,384,[84 -64 4 0 0 0 0 0 0 0 0 0 -1 13 -1 12 -2 15 -3 13 -3 15 -3 14 -5 14 -4 14 -3 14 -5 16 -5 14 -5 14 -7 15 -6 16 -4 14 -5 17 -3 14 -5 16 -4 15 -4 16 -6 15 -6 16 -6 17 -6 16 -8 17 -6 18 0 0 -6 17 -6 18 -6 16 -5 18 -5 15 -6 18 -6 17 -7 17 -6 18 -7 18 -6 18 -6 18 -6 18 -6 16 -5 19 -4 17 -5 19 -4 18 -7 19 -5 18 -6 18 -5 18 -6 19 -4 18 -6 15 -5 15 0 0 0 0 0 0 0 0 0 0 ]
366,1782981315.092389,17.7434,-69,CSI_DATA,AP,98:F4:AB:29:67:94,-69,11,1,5,1,1,1,1,0,0,0,-96,1,6,1,70486052,0,84,0,0,70.8682,384,[84 -64 4 0 0 0 0 0 0 0 0 0 -7 -12 -7 -12 -6 -15 -6 -15 -5 -13 -6 -15 -5 -14 -5 -15 -4 -14 -5 -14 -5 -15 -7 -15 -6 -16 -4 -15 -6 -15 -4 -16 -5 -15 -5 -16 -5 -15 -6 -15 -6 -18 -4 -17 -5 -17 -6 -18 -6 -17 -6 -19 0 0 -6 -17 -8 -19 -7 -18 -8 -17 -6 -17 -5 -19 -6 -19 -6 -18 -6 -19 -8 -18 -8 -19 -8 -18 -7 -17 -7 -17 -7 -17 -7 -18 -8 -17 -9 -17 -8 -18 -8 -18 -8 -18 -8 -18 -8 -18 -10 -18 -9 -17 -8 -17 0 0 0 0 0 0 0 0 0 0 ]
367,1782981315.179460,17.3421,-69,CSI_DATA,AP,98:F4:AB:29:67:94,-69,11,1,5,1,1,1,1,0,0,0,-96,1,6,1,70578517,0,84,0,0,70.9607,384,[84 -64 4 0 0 0 0 0 0 0 0 0 12 -3 13 -3 13 -3 13 -2 13 -1 13 -1 14 -1 13 0 15 -1 16 -2 15 -1 15 -1 16 0 16 0 14 1 16 0 16 0 14 1 15 1 15 1 15 0 16 2 18 2 17 1 17 0 17 1 0 0 15 2 19 1 19 -1 19 0 19 -1 20 1 17 2 18 2 21 1 19 -2 20 0 17 2 18 1 19 0 17 1 17 0 20 0 19 -1 18 0 19 0 19 0 19 -1 19 0 18 -1 17 0 17 1 0 0 0 0 0 0 0 0 0 0 ]
368,1782981315.269542,16.8173,-69,CSI_DATA,AP,98:F4:AB:29:67:94,-69,11,1,5,1,1,1,1,0,0,0,-96,1,6,1,70667358,0,84,0,0,71.0495,384,[84 -64 4 0 0 0 0 0 0 0 0 0 1 -12 0 -12 1 -13 1 -12 1 -12 1 -13 1 -13 2 -13 2 -13 3 -13 3 -14 3 -15 3 -14 3 -13 3 -13 3 -15 2 -14 2 -15 3 -15 2 -15 2 -15 2 -15 3 -15 4 -16 4 -16 3 -15 0 0 2 -16 2 -17 2 -16 2 -17 2 -15 2 -17 3 -16 1 -18 1 -18 2 -18 3 -17 2 -16 3 -17 3 -17 1 -17 1 -16 1 -16 1 -16 1 -17 1 -17 2 -17 1 -17 2 -18 1 -16 2 -16 1 -16 0 0 0 0 0 0 0 0 0 0 ]
369,1782981315.356722,16.0258,-68,CSI_DATA,AP,98:F4:AB:29:67:94,-68,11,1,4,1,1,1,1,0,0,0,-96,1,6,1,70757646,0,84,0,0,71.1397,384,[84 -64 4 0 0 0 0 0 0 0 0 0 -11 -5 -9 -4 -12 -6 -11 -5 -13 -6 -9 -6 -11 -6 -11 -7 -11 -5 -12 -8 -12 -7 -12 -8 -12 -8 -12 -9 -10 -7 -13 -8 -12 -7 -12 -8 -11 -8 -12 -8 -12 -9 -13 -8 -13 -9 -12 -8 -13 -9 -12 -9 0 0 -13 -9 -14 -9 -12 -8 -16 -8 -12 -9 -14 -9 -14 -9 -14 -9 -14 -8 -15 -9 -14 -9 -14 -9 -15 -8 -14 -8 -15 -8 -14 -7 -16 -8 -14 -8 -15 -8 -15 -9 -15 -9 -14 -8 -16 -10 -15 -8 -14 -8 -13 -8 0 0 0 0 0 0 0 0 0 0 ]
370,1782981315.446135,16.4409,-68,CSI_DATA,AP,98:F4:AB:29:67:94,-68,11,1,4,1,1,1,1,0,0,0,-96,1,6,1,70846689,0,84,0,0,71.2289,384,[84 -64 4 0 0 0 0 0 0 0 0 0 1 -13 1 -12 1 -13 1 -13 1 -13 2 -13 3 -14 3 -13 4 -14 3 -13 4 -14 4 -15 4 -15 3 -15 5 -14 4 -14 4 -15 3 -14 5 -15 4 -15 5 -14 5 -14 5 -14 5 -16 6 -16 5 -17 0 0 5 -17 4 -18 5 -17 5 -17 5 -16 6 -17 7 -16 7 -17 6 -17 5 -17 5 -18 6 -16 5 -17 5 -17 5 -17 5 -18 5 -18 5 -18 5 -17 5 -18 6 -17 6 -18 6 -17 5 -17 5 -16 5 -16 0 0 0 0 0 0 0 0 0 0 ]
371,1782981315.534245,16.7934,-68,CSI_DATA,AP,98:F4:AB:29:67:94,-68,11,1,4,1,1,1,1,0,0,0,-96,1,6,1,70936220,0,84,0,0,71.3184,384,[84 -64 4 0 0 0 0 0 0 0 0 0 -13 3 -12 3 -14 2 -13 4 -13 3 -13 2 -14 2 -13 3 -15 2 -15 2 -16 1 -16 1 -16 1 -16 1 -15 1 -16 1 -15 1 -15 1 -15 1 -16 2 -16 2 -17 1 -17 1 -17 0 -17 1 -16 1 0 0 -16 1 -18 2 -17 1 -18 3 -17 1 -18 2 -18 1 -18 2 -19 2 -19 3 -19 2 -17 1 -18 2 -18 2 -18 2 -19 3 -19 2 -18 2 -19 3 -18 4 -17 2 -19 3 -19 2 -18 2 -18 2 -17 2 0 0 0 0 0 0 0 0 0 0 ]
372,1782981315.623943,16.8025,-67,CSI_DATA,AP,98:F4:AB:29:67:94,-67,11,1,4,1,1,1,1,0,0,0,-96,1,6,1,71024648,0,84,0,0,71.4068,384,[84 -64 4 0 0 0 0 0 0 0 0 0 9 10 7 10 8 11 7 10 8 12 7 11 6 12 6 12 7 12 6 13 6 12 5 13 5 14 5 13 6 13 5 15 5 14 6 14 4 13 7 13 5 15 6 14 4 16 6 15 4 20 6 15 0 0 4 14 10 16 6 15 8 15 6 14 7 16 6 16 7 17 7 16 6 17 7 16 6 16 7 16 7 16 7 16 8 15 8 17 7 14 7 15 8 16 7 16 7 15 7 17 7 16 6 16 6 14 0 0 0 0 0 0 0 0 0 0 ]
373,1782981315.728220,16.9127,-69,CSI_DATA,AP,98:F4:AB:29:67:94,-69,11,1,5,1,1,1,1,0,0,0,-96,1,6,1,71115431,0,84,0,0,71.4976,384,[84 -64 4 0 0 0 0 0 0 0 0 0 -10 -13 -10 -14 -12 -16 -10 -15 -9 -16 -9 -15 -9 -15 -9 -16 -9 -16 -10 -17 -9 -18 -8 -18 -8 -19 -7 -18 -8 -18 -10 -17 -10 -18 -8 -18 -9 -18 -8 -18 -9 -18 -10 -18 -8 -20 -8 -20 -9 -21 -9 -20 0 0 -10 -19 -11 -20 -10 -20 -11 -20 -10 -19 -11 -19 -11 -21 -11 -21 -12 -19 -13 -21 -12 -21 -11 -21 -11 -19 -11 -19 -13 -19 -13 -19 -13 -21 -13 -19 -12 -18 -14 -19 -13 -20 -13 -20 -12 -21 -13 -20 -12 -19 -13 -18 0 0 0 0 0 0 0 0 0 0 ]
374,1782981315.812343,18.3058,-69,CSI_DATA,AP,98:F4:AB:29:67:94,-69,11,1,5,1,1,1,1,0,0,0,-96,1,6,1,71204903,0,84,0,0,71.587,384,[84 -64 4 0 0 0 0 0 0 0 0 0 3 -14 3 -15 3 -15 4 -14 5 -15 5 -15 6 -15 6 -15 6 -15 6 -15 7 -16 7 -15 7 -16 8 -17 9 -15 7 -16 7 -16 7 -15 7 -16 8 -15 8 -16 9 -16 8 -16 9 -16 10 -16 9 -17 0 0 10 -16 10 -17 11 -17 8 -18 8 -16 10 -17 10 -17 11 -16 10 -17 9 -18 9 -17 9 -17 9 -18 10 -17 9 -17 9 -17 9 -18 9 -18 11 -17 10 -17 11 -18 10 -17 10 -18 9 -17 9 -16 8 -17 0 0 0 0 0 0 0 0 0 0 ]
375,1782981315.899584,19.2771,-69,CSI_DATA,AP,98:F4:AB:29:67:94,-69,11,1,5,1,1,1,1,0,0,0,-96,1,6,1,71298811,0,84,0,0,71.681,384,[84 -64 4 0 0 0 0 0 0 0 0 0 -13 7 -12 7 -13 7 -13 7 -14 7 -13 7 -16 7 -14 5 -15 7 -16 6 -15 6 -16 6 -18 6 -17 5 -16 6 -17 6 -15 6 -16 6 -15 5 -16 6 -17 6 -17 7 -17 6 -18 6 -18 6 -18 7 0 0 -18 6 -19 7 -19 8 -19 8 -18 6 -19 8 -19 6 -19 7 -19 8 -19 8 -19 9 -18 7 -18 8 -18 7 -18 8 -18 8 -19 8 -17 9 -19 8 -17 9 -18 8 -18 9 -19 9 -18 9 -17 7 -16 8 0 0 0 0 0 0 0 0 0 0 ]
376,1782981315.989335,18.6986,-69,CSI_DATA,AP,98:F4:AB:29:67:94,-69,11,1,5,1,1,1,1,0,0,0,-96,1,6,1,71386710,0,84,0,0,71.7689,384,[84 -64 4 0 0 0 0 0 0 0 0 0 -4 14 -4 12 -5 14 -5 15 -6 14 -5 13 -5 15 -5 13 -6 14 -7 14 -6 16 -8 15 -8 14 -8 14 -7 14 -8 15 -8 14 -9 15 -8 14 -8 14 -10 14 -9 16 -8 15 -8 15 -9 15 -8 15 0 0 -8 15 -8 16 -9 16 -9 16 -8 14 -9 16 -9 17 -9 15 -9 16 -10 17 -9 17 -9 16 -9 17 -9 17 -9 17 -7 16 -9 18 -8 16 -9 17 -8 18 -9 16 -8 17 -10 17 -8 17 -9 15 -7 15 0 0 0 0 0 0 0 0 0 0 ]
377,1782981316.078182,16.4986,-69,CSI_DATA,AP,98:F4:AB:29:67:94,-69,11,1,5,1,1,1,1,0,0,0,-96,1,6,1,71476811,0,84,0,0,71.8588,384,[84 -64 4 0 0 0 0 0 0 0 0 0 -9 9 -9 7 -10 9 -10 7 -11 8 -11 8 -11 7 -11 8 -11 7 -13 8 -13 7 -13 7 -13 7 -13 7 -12 7 -14 8 -12 8 -13 8 -13 6 -13 7 -13 7 -13 8 -13 7 -14 8 -13 7 -14 8 0 0 -14 8 -15 9 -13 7 -14 9 -13 8 -15 9 -15 9 -13 8 -14 8 -16 8 -14 10 -15 8 -14 9 -14 9 -14 10 -13 9 -16 9 -14 9 -14 10 -14 10 -15 10 -14 9 -15 9 -14 10 -14 8 -13 8 0 0 0 0 0 0 0 0 0 0 ]
378,1782981316.167345,19.9600,-69,CSI_DATA,AP,98:F4:AB:29:67:94,-69,11,1,5,1,1,1,1,0,0,0,-96,1,6,1,71567454,0,84,0,0,71.9496,384,[84 -64 4 0 0 0 0 0 0 0 0 0 -17 7 -17 5 -19 5 -18 4 -18 3 -19 3 -19 3 -19 2 -19 3 -19 2 -20 3 -21 3 -21 3 -21 1 -21 2 -21 1 -21 3 -20 4 -21 3 -21 1 -22 2 -21 3 -21 2 -22 4 -23 4 -24 3 0 0 -23 4 -25 3 -23 4 -22 6 -23 5 -24 4 -23 4 -23 4 -25 5 -24 6 -26 4 -22 5 -23 5 -24 4 -24 6 -23 7 -25 6 -23 7 -24 7 -25 7 -25 6 -26 5 -24 7 -23 7 -22 8 -22 6 0 0 0 0 0 0 0 0 0 0 ]
379,1782981316.256489,18.6103,-70,CSI_DATA,AP,98:F4:AB:29:67:94,-70,11,1,6,1,1,1,1,0,0,0,-96,1,6,1,71656848,0,84,0,0,72.039,384,[84 -64 4 0 0 0 0 0 0 0 0 0 -4 -13 -3 -13 -2 -14 -4 -13 2 -15 -2 -14 -2 -14 0 -15 -1 -16 1 -16 -1 -15 0 -16 -1 -15 0 -15 -1 -15 -1 -16 -1 -14 -1 -16 -1 -16 -1 -17 -1 -16 -1 -16 0 -16 0 -16 0 -17 -1 -17 0 0 -2 -17 -2 -18 -1 -16 0 -17 -1 -18 -1 -17 0 -18 0 -17 0 -18 -2 -19 -2 -20 -1 -17 -2 -17 -2 -18 -1 -17 -3 -17 -2 -18 -3 -18 -2 -19 -3 -19 -2 -18 -1 -19 -1 -19 -3 -17 -1 -17 -3 -18 0 0 0 0 0 0 0 0 0 0 ]
380,1782981316.344221,18.7568,-70,CSI_DATA,AP,98:F4:AB:29:67:94,-70,11,1,6,1,1,1,1,0,0,0,-96,1,6,1,71745379,0,84,0,0,72.1275,384,[84 -64 4 0 0 0 0 0 0 0 0 0 8 12 8 11 8 12 7 12 10 14 7 12 7 16 7 14 7 14 7 15 6 15 6 16 5 16 5 15 6 15 7 16 6 15 6 16 5 15 8 16 5 16 7 17 5 15 6 17 5 18 7 18 0 0 6 17 7 18 8 17 8 17 7 16 8 17 8 18 7 17 7 17 8 18 8 18 7 17 7 18 7 17 9 18 10 16 10 17 9 16 8 18 9 17 9 18 9 16 8 18 8 18 8 16 7 15 0 0 0 0 0 0 0 0 0 0 ]
381,1782981316.439496,17.8666,-67,CSI_DATA,AP,98:F4:AB:29:67:94,-67,11,1,3,1,1,1,1,0,0,0,-96,1,6,1,71839681,0,84,0,0,72.2218,384,[84 -64 4 0 0 0 0 0 0 0 0 0 -1 -14 -1 -13 -1 -14 0 -14 -1 -15 0 -13 1 -14 2 -14 0 -15 2 -15 1 -15 2 -16 2 -16 3 -16 2 -15 2 -17 1 -15 1 -16 1 -15 1 -16 2 -17 2 -17 2 -17 2 -17 3 -17 3 -17 0 0 2 -17 1 -18 2 -17 1 -19 1 -17 1 -19 1 -20 1 -18 1 -19 0 -20 1 -19 1 -19 0 -18 0 -18 -1 -20 -1 -19 -1 -19 0 -19 -1 -18 -2 -19 0 -19 -1 -19 -1 -20 -1 -18 0 -18 -1 -17 0 0 0 0 0 0 0 0 0 0 ]
382,1782981316.531437,17.9345,-69,CSI_DATA,AP,98:F4:AB:29:67:94,-69,11,1,5,1,1,1,1,0,0,0,-96,1,6,1,71929827,0,84,0,0,72.3119,384,[84 -64 4 0 0 0 0 0 0 0 0 0 -10 -12 -8 -14 -9 -13 -9 -13 -8 -14 -7 -16 -7 -14 -7 -15 -7 -16 -8 -15 -8 -18 -7 -18 -7 -17 -7 -17 -6 -18 -7 -17 -6 -16 -7 -16 -7 -17 -7 -17 -6 -18 -8 -17 -7 -17 -8 -18 -7 -17 -8 -17 0 0 -7 -17 -8 -18 -8 -18 -8 -17 -9 -16 -8 -19 -8 -18 -8 -18 -10 -18 -9 -18 -9 -17 -9 -17 -9 -18 -8 -17 -8 -17 -10 -17 -11 -18 -12 -17 -10 -19 -9 -17 -9 -19 -10 -18 -10 -18 -10 -19 -11 -16 -10 -15 0 0 0 0 0 0 0 0 0 0 ]
383,1782981316.627088,18.5613,-69,CSI_DATA,AP,98:F4:AB:29:67:94,-69,11,1,5,1,1,1,1,0,0,0,-96,1,6,1,72022021,0,84,0,0,72.4041,384,[84 -64 4 0 0 0 0 0 0 0 0 0 -8 12 -9 11 -10 13 -10 13 -10 12 -10 11 -10 11 -11 11 -11 12 -12 12 -11 12 -12 11 -13 12 -13 11 -14 11 -13 11 -13 11 -12 10 -13 12 -14 11 -15 12 -14 11 -14 12 -14 11 -15 12 -14 12 0 0 -15 11 -15 12 -15 12 -14 12 -14 11 -15 12 -16 11 -15 12 -15 12 -15 13 -15 13 -15 13 -14 12 -15 14 -15 12 -14 13 -14 13 -13 14 -15 13 -14 13 -14 13 -15 13 -14 14 -14 13 -13 12 -14 13 0 0 0 0 0 0 0 0 0 0 ]
384,1782981316.717175,17.9340,-70,CSI_DATA,AP,98:F4:AB:29:67:94,-70,11,1,6,1,1,1,1,0,0,0,-96,1,6,1,72106747,0,84,0,0,72.4889,384,[84 -64 4 0 0 0 0 0 0 0 0 0 -5 -13 -5 -12 -6 -14 -6 -13 -4 -14 -5 -14 -5 -14 -5 -13 -4 -14 -5 -16 -5 -16 -4 -16 -3 -15 -2 -15 -3 -15 -4 -16 -4 -15 -3 -15 -3 -16 -3 -16 -3 -16 -4 -16 -2 -17 -3 -18 -2 -17 -3 -18 0 0 -3 -16 -3 -17 -4 -17 -5 -18 -3 -17 -4 -19 -3 -18 -4 -20 -5 -18 -5 -19 -5 -18 -4 -17 -2 -18 -4 -17 -5 -18 -5 -17 -5 -18 -5 -18 -4 -17 -5 -18 -5 -18 -6 -18 -4 -18 -5 -18 -4 -18 -5 -16 0 0 0 0 0 0 0 0 0 0 ]
385,1782981316.804457,20.1134,-68,CSI_DATA,AP,98:F4:AB:29:67:94,-68,11,1,5,1,1,1,1,0,0,0,-96,1,6,1,72194735,0,84,0,0,72.5768,384,[84 -64 4 0 0 0 0 0 0 0 0 0 -17 5 -17 4 -18 5 -18 5 -17 4 -18 4 -19 2 -18 3 -19 2 -20 2 -20 3 -20 3 -20 1 -20 1 -20 1 -22 2 -19 3 -21 2 -20 2 -20 1 -21 1 -22 1 -21 2 -22 2 -22 1 -23 1 0 0 -22 3 -23 2 -22 2 -22 3 -22 2 -21 2 -23 1 -24 2 -24 3 -24 2 -24 3 -23 1 -22 2 -23 2 -22 4 -23 4 -23 4 -22 5 -24 3 -23 4 -24 4 -24 3 -23 2 -22 5 -21 4 -21 4 0 0 0 0 0 0 0 0 0 0 ]
386,1782981316.891402,19.5214,-69,CSI_DATA,AP,98:F4:AB:29:67:94,-69,11,1,5,1,1,1,1,0,0,0,-96,1,6,1,72287489,0,84,0,0,72.6696,384,[84 -64 4 0 0 0 0 0 0 0 0 0 -1 13 -2 15 -3 14 -4 15 -5 14 -3 14 -6 14 -5 14 -5 15 -5 14 -7 15 -7 16 -6 16 -6 16 -7 15 -7 16 -6 16 -6 15 -6 14 -7 15 -8 15 -7 15 -7 16 -7 16 -8 17 -8 16 0 0 -7 17 -7 17 -7 17 -7 17 -6 17 -7 17 -7 17 -8 19 -7 18 -6 18 -6 18 -5 17 -6 18 -7 18 -6 16 -6 18 -4 17 -5 17 -4 17 -5 18 -5 17 -6 17 -5 18 -5 18 -5 16 -4 17 0 0 0 0 0 0 0 0 0 0 ]
387,1782981316.981253,19.5797,-69,CSI_DATA,AP,98:F4:AB:29:67:94,-69,11,1,5,1,1,1,1,0,0,0,-96,1,6,1,72375801,0,84,0,0,72.758,384,[84 -64 4 0 0 0 0 0 0 0 0 0 12 -7 11 -8 13 -7 14 -7 14 -7 13 -6 14 -6 15 -7 15 -5 15 -5 15 -6 16 -4 15 -6 16 -5 15 -5 17 -5 16 -4 16 -5 16 -5 17 -5 17 -6 17 -5 17 -5 17 -4 19 -4 17 -6 0 0 17 -4 18 -5 18 -5 18 -5 18 -5 19 -5 18 -6 19 -6 17 -6 18 -6 17 -7 18 -5 18 -5 18 -6 18 -6 18 -7 19 -6 17 -7 18 -7 17 -8 18 -7 17 -6 19 -7 18 -8 17 -5 16 -6 0 0 0 0 0 0 0 0 0 0 ]
388,1782981317.070399,19.8318,-69,CSI_DATA,AP,98:F4:AB:29:67:94,-69,11,1,5,1,1,1,1,0,0,0,-96,1,6,1,72466065,0,84,0,0,72.8482,384,[84 -64 4 0 0 0 0 0 0 0 0 0 -10 -9 -11 -7 -12 -9 -13 -8 -13 -9 -12 -10 -13 -11 -12 -9 -11 -10 -12 -14 -13 -12 -13 -13 -10 -13 -11 -13 -10 -13 -12 -12 -12 -11 -11 -14 -12 -12 -14 -13 -12 -13 -15 -12 -12 -14 -14 -14 -12 -14 -12 -15 0 0 -14 -13 -15 -13 -13 -13 -14 -14 -13 -12 -14 -13 -15 -14 -13 -14 -15 -13 -15 -14 -15 -14 -14 -14 -14 -13 -14 -13 -15 -12 -15 -12 -16 -13 -16 -12 -16 -12 -17 -12 -16 -13 -17 -12 -16 -13 -15 -13 -15 -12 -15 -11 0 0 0 0 0 0 0 0 0 0 ]
389,1782981317.161438,19.5727,-70,CSI_DATA,AP,98:F4:AB:29:67:94,-70,11,1,6,1,1,1,1,0,0,0,-96,1,6,1,72562925,0,84,0,0,72.9451,384,[84 -64 4 0 0 0 0 0 0 0 0 0 -11 8 -12 7 -13 9 -13 9 -14 8 -13 8 -14 9 -15 8 -14 8 -15 7 -17 9 -17 7 -16 7 -16 6 -16 6 -18 7 -15 7 -17 8 -17 6 -16 8 -16 8 -16 8 -17 8 -18 6 -19 7 -18 8 0 0 -17 8 -19 8 -18 9 -19 10 -16 7 -17 9 -19 9 -19 9 -18 8 -19 10 -18 10 -18 9 -18 10 -17 10 -18 10 -17 10 -17 11 -16 10 -18 11 -16 12 -17 11 -16 11 -17 11 -17 10 -16 10 -15 10 0 0 0 0 0 0 0 0 0 0 ]
390,1782981317.251404,18.7353,-69,CSI_DATA,AP,98:F4:AB:29:67:94,-69,11,1,5,1,1,1,1,0,0,0,-96,1,6,1,72648138,0,84,0,0,73.0302,384,[84 -64 4 0 0 0 0 0 0 0 0 0 14 5 13 4 13 5 13 4 14 6 12 7 12 8 13 8 13 8 14 7 14 8 15 10 15 9 13 9 13 10 14 9 13 8 13 9 14 9 15 10 13 9 15 9 14 10 15 9 15 10 15 9 0 0 15 8 16 10 17 10 15 9 14 8 16 8 17 10 17 10 17 10 16 7 18 9 16 8 16 9 16 9 16 9 15 8 17 9 16 7 18 7 17 6 18 8 18 9 16 9 17 7 15 6 15 7 0 0 0 0 0 0 0 0 0 0 ]
391,1782981317.342410,19.0744,-69,CSI_DATA,AP,98:F4:AB:29:67:94,-69,11,1,6,1,1,1,1,0,0,0,-96,1,6,1,72735101,0,84,0,0,73.1172,384,[84 -64 4 0 0 0 0 0 0 0 0 0 -14 4 -13 2 -18 3 -15 3 -17 1 -16 1 -17 0 -15 1 -17 1 -18 0 -18 -1 -17 0 -18 0 -18 -2 -16 0 -18 0 -18 0 -18 0 -17 -1 -18 0 -18 -1 -20 0 -19 -2 -20 0 -20 -1 -21 0 0 0 -20 0 -20 -1 -20 0 -20 2 -19 0 -20 -1 -22 0 -22 0 -21 0 -21 1 -20 1 -19 0 -20 0 -19 0 -19 2 -20 3 -21 2 -20 1 -20 2 -21 2 -19 2 -20 1 -21 1 -19 3 -18 3 -20 3 0 0 0 0 0 0 0 0 0 0 ]
392,1782981317.432411,19.4703,-70,CSI_DATA,AP,98:F4:AB:29:67:94,-70,11,1,6,1,1,1,1,0,0,0,-96,1,6,1,72824823,0,84,0,0,73.207,384,[84 -64 4 0 0 0 0 0 0 0 0 0 13 8 13 8 13 9 12 10 13 10 14 10 13 12 13 10 14 11 13 12 13 12 12 13 13 14 13 13 13 12 14 13 13 13 13 12 12 11 11 11 13 14 14 14 14 14 14 14 14 14 14 14 0 0 15 15 15 14 16 13 17 13 14 13 16 14 15 15 15 15 16 15 18 15 17 15 15 14 15 15 14 13 18 13 17 14 18 14 17 12 17 12 16 12 17 14 16 13 17 14 16 14 16 11 16 12 0 0 0 0 0 0 0 0 0 0 ]
393,1782981317.520034,19.6237,-70,CSI_DATA,AP,98:F4:AB:29:67:94,-70,11,1,6,1,1,1,1,0,0,0,-96,1,6,1,72916668,0,84,0,0,73.2987,384,[84 -64 4 0 0 0 0 0 0 0 0 0 -13 7 -13 6 -15 7 -15 6 -15 6 -15 6 -15 5 -15 5 -15 6 -16 5 -17 4 -18 4 -18 5 -17 4 -16 3 -17 5 -17 4 -17 5 -17 4 -17 4 -19 4 -18 4 -19 5 -18 4 -19 5 -19 4 0 0 -18 5 -20 4 -20 6 -19 6 -19 4 -18 6 -20 5 -21 4 -20 5 -21 6 -19 7 -20 5 -19 6 -19 6 -20 6 -18 7 -19 6 -18 6 -20 7 -19 6 -19 6 -19 6 -19 6 -19 6 -18 5 -18 6 0 0 0 0 0 0 0 0 0 0 ]
394,1782981317.608275,19.7078,-70,CSI_DATA,AP,98:F4:AB:29:67:94,-70,11,1,6,1,1,1,1,0,0,0,-96,1,6,1,73005976,0,84,0,0,73.3881,384,[84 -64 4 0 0 0 0 0 0 0 0 0 6 -15 7 -14 7 -15 8 -16 9 -16 10 -14 9 -14 11 -15 11 -16 11 -15 11 -15 11 -16 11 -15 11 -15 11 -14 10 -16 10 -15 12 -15 11 -16 11 -16 12 -17 12 -17 12 -17 12 -17 13 -18 13 -17 0 0 13 -17 12 -18 12 -19 13 -19 12 -17 12 -19 12 -19 12 -19 13 -19 12 -19 12 -19 12 -18 12 -19 12 -19 11 -20 10 -20 12 -20 9 -19 11 -20 10 -19 11 -19 11 -19 11 -19 10 -19 10 -19 10 -19 0 0 0 0 0 0 0 0 0 0 ]
395,1782981317.694577,19.8141,-69,CSI_DATA,AP,98:F4:AB:29:67:94,-69,11,1,6,1,1,1,1,0,0,0,-96,1,6,1,73095043,0,84,0,0,73.4772,384,[84 -64 4 0 0 0 0 0 0 0 0 0 -1 14 0 14 -1 15 -2 16 -2 16 -2 14 -2 15 -3 17 -2 16 -4 17 -5 17 -4 17 -4 16 -4 16 -6 16 -4 16 -3 16 -4 18 -4 16 -4 17 -5 17 -4 17 -5 18 -5 17 -6 18 -5 19 0 0 -5 18 -4 20 -4 17 -4 18 -5 18 -4 19 -5 19 -4 19 -4 19 -5 20 -5 21 -5 19 -5 19 -4 18 -3 18 -3 19 -4 21 -3 20 -3 20 -2 19 -3 19 -2 19 -4 20 -3 20 -4 19 -2 17 0 0 0 0 0 0 0 0 0 0 ]
396,1782981317.803807,19.6774,-69,CSI_DATA,AP,98:F4:AB:29:67:94,-69,11,1,5,1,1,1,1,0,0,0,-96,1,6,1,73193375,0,84,0,0,73.5755,384,[84 -64 4 0 0 0 0 0 0 0 0 0 -13 -7 -13 -7 -14 -8 -14 -8 -13 -8 -14 -9 -12 -9 -15 -11 -13 -10 -13 -10 -14 -9 -15 -11 -14 -12 -14 -12 -13 -11 -14 -11 -13 -10 -14 -10 -14 -11 -14 -12 -13 -12 -15 -12 -14 -12 -15 -11 -16 -12 -16 -12 0 0 -16 -12 -16 -12 -15 -11 -18 -11 -16 -10 -16 -12 -16 -13 -17 -12 -16 -13 -17 -11 -18 -12 -17 -13 -17 -12 -16 -11 -17 -11 -16 -11 -19 -11 -16 -10 -18 -11 -18 -10 -18 -10 -18 -11 -18 -10 -17 -9 -16 -10 -17 -9 0 0 0 0 0 0 0 0 0 0 ]
397,1782981317.887731,19.7700,-67,CSI_DATA,AP,98:F4:AB:29:67:94,-67,11,1,4,1,1,1,1,0,0,0,-96,1,6,1,73279655,0,84,0,0,73.6618,384,[84 -64 4 0 0 0 0 0 0 0 0 0 -6 -13 -5 -12 -7 -13 -6 -12 -6 -15 -5 -13 -5 -14 -3 -14 -6 -15 -4 -16 -4 -15 -4 -16 -4 -16 -4 -16 -4 -15 -5 -17 -4 -14 -5 -17 -4 -15 -5 -16 -5 -16 -5 -16 -5 -17 -5 -17 -4 -18 -4 -17 0 0 -6 -17 -7 -19 -6 -16 -7 -18 -6 -16 -6 -18 -6 -18 -6 -19 -6 -18 -7 -19 -7 -18 -6 -18 -6 -17 -6 -17 -8 -18 -7 -16 -8 -20 -7 -17 -7 -19 -9 -17 -7 -18 -10 -17 -8 -19 -7 -18 -8 -16 -7 -16 0 0 0 0 0 0 0 0 0 0 ]
398,1782981317.976082,18.4903,-69,CSI_DATA,AP,98:F4:AB:29:67:94,-69,11,1,5,1,1,1,1,0,0,0,-96,1,6,1,73367895,0,84,0,0,73.75,384,[84 -64 4 0 0 0 0 0 0 0 0 0 -11 -7 -11 -7 -13 -8 -13 -7 -12 -8 -12 -8 -12 -9 -10 -8 -12 -9 -11 -9 -12 -10 -11 -11 -12 -11 -11 -11 -11 -10 -11 -11 -12 -11 -11 -11 -12 -11 -12 -11 -11 -12 -12 -12 -12 -11 -12 -11 -13 -12 -12 -11 0 0 -11 -12 -13 -12 -12 -12 -13 -10 -12 -12 -14 -13 -11 -13 -12 -13 -12 -12 -12 -12 -13 -13 -13 -13 -13 -12 -13 -12 -12 -12 -14 -12 -13 -13 -13 -12 -13 -12 -13 -12 -12 -12 -13 -12 -13 -13 -13 -12 -12 -11 -13 -12 0 0 0 0 0 0 0 0 0 0 ]
399,1782981318.066315,20.1085,-68,CSI_DATA,AP,98:F4:AB:29:67:94,-68,11,1,5,1,1,1,1,0,0,0,-96,1,6,1,73459457,0,84,0,0,73.8416,384,[84 -64 4 0 0 0 0 0 0 0 0 0 -1 -17 -1 -16 0 -18 -1 -18 0 -18 0 -18 1 -18 1 -18 2 -18 2 -18 2 -20 2 -19 2 -19 3 -19 3 -18 2 -20 3 -20 3 -20 4 -20 3 -20 4 -20 3 -21 3 -20 5 -20 5 -21 4 -21 0 0 4 -22 3 -22 4 -22 3 -21 4 -20 4 -23 4 -22 3 -22 4 -23 3 -23 2 -22 3 -23 4 -22 3 -22 2 -22 2 -22 2 -23 2 -22 1 -23 2 -22 3 -22 2 -22 2 -22 2 -21 2 -21 2 -21 0 0 0 0 0 0 0 0 0 0 ]
400,1782981318.155543,19.5662,-69,CSI_DATA,AP,98:F4:AB:29:67:94,-69,11,1,5,1,1,1,1,0,0,0,-96,1,6,1,73546611,0,84,0,0,73.9288,384,[84 -64 4 0 0 0 0 0 0 0 0 0 -9 10 -10 10 -11 12 -11 9 -12 11 -11 9 -13 9 -13 9 -13 10 -13 9 -14 9 -14 9 -14 9 -15 10 -14 8 -15 10 -13 9 -13 10 -13 10 -15 10 -15 10 -15 9 -15 9 -16 9 -17 9 -16 11 0 0 -15 10 -16 11 -14 11 -15 11 -15 10 -15 11 -17 11 -16 11 -15 12 -16 12 -15 11 -17 10 -16 10 -16 10 -15 13 -14 12 -17 13 -15 12 -15 12 -14 12 -16 12 -15 12 -16 12 -15 13 -15 11 -14 11 0 0 0 0 0 0 0 0 0 0 ]
401,1782981318.245494,18.3051,-69,CSI_DATA,AP,98:F4:AB:29:67:94,-69,11,1,5,1,1,1,1,0,0,0,-96,1,6,1,73640210,0,84,0,0,74.0224,384,[84 -64 4 0 0 0 0 0 0 0 0 0 -2 -13 -2 -12 -2 -14 -2 -13 -2 -14 -1 -13 -2 -15 -1 -13 -1 -15 1 -15 0 -15 1 -16 1 -16 1 -16 1 -14 1 -17 -1 -15 0 -16 0 -15 0 -17 0 -17 0 -16 2 -17 2 -16 1 -17 0 -17 0 0 0 -17 1 -19 0 -16 -1 -18 1 -18 0 -17 0 -18 -1 -18 0 -18 1 -19 0 -18 1 -17 0 -18 0 -17 -1 -18 -1 -16 -1 -19 -1 -17 -2 -18 -1 -17 0 -17 -2 -19 0 -19 -1 -18 1 -17 -1 -16 0 0 0 0 0 0 0 0 0 0 ]
402,1782981318.333862,18.0893,-69,CSI_DATA,AP,98:F4:AB:29:67:94,-69,11,1,5,1,1,1,1,0,0,0,-96,1,6,1,73725752,0,84,0,0,74.1078,384,[84 -64 4 0 0 0 0 0 0 0 0 0 -13 -6 -13 -7 -14 -7 -14 -7 -13 -9 -13 -8 -12 -10 -13 -10 -13 -9 -13 -11 -14 -11 -14 -11 -13 -11 -13 -12 -13 -12 -14 -12 -14 -11 -13 -11 -13 -11 -13 -12 -14 -13 -13 -12 -14 -12 -14 -13 -14 -12 -14 -13 0 0 -15 -12 -16 -13 -15 -12 -15 -13 -15 -12 -15 -12 -14 -13 -16 -13 -16 -12 -16 -12 -16 -12 -15 -12 -16 -11 -15 -13 -16 -12 -16 -11 -17 -12 -17 -10 -16 -12 -18 -12 -18 -11 -16 -12 -16 -11 -17 -11 -16 -11 -15 -10 0 0 0 0 0 0 0 0 0 0 ]
403,1782981318.423104,17.8322,-69,CSI_DATA,AP,98:F4:AB:29:67:94,-69,11,1,6,1,1,1,1,0,0,0,-96,1,6,1,73814715,0,84,0,0,74.1969,384,[84 -64 4 0 0 0 0 0 0 0 0 0 -3 -15 -1 -14 -1 -15 -1 -15 -1 -15 0 -13 1 -14 1 -15 0 -15 1 -15 1 -16 0 -16 1 -17 1 -16 1 -15 1 -16 1 -16 1 -16 1 -16 2 -16 2 -17 1 -17 1 -17 1 -17 2 -18 2 -17 0 0 2 -17 1 -18 1 -18 1 -17 2 -17 1 -18 1 -19 1 -18 1 -19 0 -19 -1 -18 1 -18 0 -17 2 -19 0 -18 -1 -18 0 -19 -1 -18 0 -18 -1 -19 0 -18 -1 -19 1 -18 -1 -18 0 -17 -1 -17 0 0 0 0 0 0 0 0 0 0 ]
404,1782981318.509584,19.4336,-70,CSI_DATA,AP,98:F4:AB:29:67:94,-70,11,1,6,1,1,1,1,0,0,0,-96,1,6,1,73904793,0,84,0,0,74.2869,384,[84 -64 4 0 0 0 0 0 0 0 0 0 3 15 2 15 4 17 4 16 2 16 2 16 3 18 2 17 2 18 0 18 0 18 -1 18 -1 19 0 20 0 18 0 20 2 19 2 19 2 19 3 19 1 19 0 22 1 20 0 20 0 21 0 21 0 0 2 21 1 21 2 21 2 21 2 21 3 20 1 23 3 21 3 20 2 22 1 22 1 21 2 23 2 22 3 21 4 19 4 21 4 20 6 21 5 20 4 21 5 21 4 22 4 21 3 21 4 19 0 0 0 0 0 0 0 0 0 0 ]
405,1782981318.599298,18.4639,-70,CSI_DATA,AP,98:F4:AB:29:67:94,-70,11,1,6,1,1,1,1,0,0,0,-96,1,6,1,73997902,0,84,0,0,74.38,384,[84 -64 4 0 0 0 0 0 0 0 0 0 13 -1 12 -1 14 0 13 0 14 0 13 0 13 1 12 1 15 0 15 3 15 3 15 3 14 3 15 3 14 3 15 3 14 3 16 3 15 3 16 2 16 3 15 3 16 4 17 3 17 4 16 3 0 0 16 3 18 3 15 2 18 3 15 2 18 2 18 3 17 3 18 2 17 2 18 1 16 3 16 3 17 3 17 1 16 0 18 1 17 0 17 0 18 1 17 1 17 0 17 1 17 1 15 1 16 0 0 0 0 0 0 0 0 0 0 0 ]
406,1782981318.687579,17.9953,-70,CSI_DATA,AP,98:F4:AB:29:67:94,-70,11,1,6,1,1,1,1,0,0,0,-96,1,6,1,74086010,0,84,0,0,74.4682,384,[84 -64 4 0 0 0 0 0 0 0 0 0 -4 12 -5 12 -5 13 -7 13 -6 13 -6 12 -7 13 -7 12 -6 13 -8 12 -8 14 -8 14 -7 13 -8 14 -8 13 -8 14 -8 13 -8 13 -8 13 -8 14 -8 14 -8 13 -8 14 -9 14 -9 15 -9 15 0 0 -9 15 -9 15 -9 15 -7 16 -8 14 -9 16 -9 14 -10 15 -8 17 -8 16 -7 16 -8 15 -8 16 -7 16 -7 15 -7 15 -7 16 -6 15 -7 16 -7 16 -6 16 -7 17 -7 17 -6 16 -5 15 -6 15 0 0 0 0 0 0 0 0 0 0 ]
407,1782981318.776972,18.1179,-69,CSI_DATA,AP,98:F4:AB:29:67:94,-69,11,1,6,1,1,1,1,0,0,0,-96,1,6,1,74174685,0,84,0,0,74.5568,384,[84 -64 4 0 0 0 0 0 0 0 0 0 11 8 12 8 13 9 12 9 12 9 11 10 12 12 12 11 13 11 12 12 11 13 12 13 11 14 11 13 11 13 12 13 11 12 12 12 12 13 13 14 12 13 14 13 12 13 11 14 12 14 12 13 0 0 13 13 14 14 14 13 13 13 13 14 13 14 14 13 14 13 15 13 14 14 14 14 14 15 14 13 14 13 15 12 14 12 15 13 16 13 16 12 16 10 15 12 15 11 15 12 14 12 15 12 14 11 0 0 0 0 0 0 0 0 0 0 ]
408,1782981318.865344,17.3689,-70,CSI_DATA,AP,98:F4:AB:29:67:94,-70,11,1,6,1,1,1,1,0,0,0,-96,1,6,1,74265953,0,84,0,0,74.6481,384,[84 -64 4 0 0 0 0 0 0 0 0 0 -13 4 -12 3 -14 5 -13 4 -15 4 -14 3 -14 3 -14 3 -15 2 -16 2 -15 2 -16 1 -17 1 -16 1 -16 1 -18 2 -15 1 -16 2 -16 2 -15 1 -17 2 -18 1 -17 0 -18 2 -17 1 -17 1 0 0 -17 1 -18 2 -18 2 -18 2 -17 2 -18 2 -19 2 -19 2 -18 3 -19 2 -19 2 -18 1 -18 3 -17 1 -18 3 -17 4 -18 4 -17 3 -18 3 -18 4 -18 3 -17 4 -18 3 -17 3 -17 3 -16 3 0 0 0 0 0 0 0 0 0 0 ]
409,1782981318.955270,18.4979,-69,CSI_DATA,AP,98:F4:AB:29:67:94,-69,11,1,6,1,1,1,1,0,0,0,-96,1,6,1,74358117,0,84,0,0,74.7402,384,[84 -64 4 0 0 0 0 0 0 0 0 0 5 13 5 14 4 13 4 15 3 15 2 15 3 14 2 15 2 15 2 16 2 16 1 17 0 18 1 18 0 17 1 19 1 17 2 15 1 16 1 17 2 18 3 19 1 17 1 19 0 19 1 19 0 0 2 18 1 19 1 19 3 19 0 18 3 20 1 19 1 19 3 20 3 20 2 20 2 19 1 20 2 19 2 18 4 18 2 21 2 20 4 20 3 18 3 19 3 19 2 20 4 18 2 18 4 18 0 0 0 0 0 0 0 0 0 0 ]
410,1782981319.045429,18.4879,-71,CSI_DATA,AP,98:F4:AB:29:67:94,-71,11,1,7,1,1,1,1,0,0,0,-96,1,6,1,74446102,0,84,0,0,74.8282,384,[84 -64 4 0 0 0 0 0 0 0 0 0 11 -10 12 -11 11 -9 13 -10 13 -9 13 -8 13 -9 12 -10 13 -10 14 -9 15 -10 15 -8 15 -8 15 -9 15 -8 14 -10 15 -8 15 -9 15 -10 16 -9 15 -9 16 -10 15 -9 17 -9 17 -8 15 -9 0 0 17 -11 17 -10 16 -10 15 -11 16 -10 17 -10 17 -11 17 -11 17 -10 17 -12 17 -11 16 -10 16 -11 15 -11 15 -12 15 -13 16 -12 16 -13 15 -14 15 -13 15 -13 15 -13 15 -12 15 -13 17 -12 15 -11 0 0 0 0 0 0 0 0 0 0 ]
411,1782981319.136454,18.2959,-69,CSI_DATA,AP,98:F4:AB:29:67:94,-69,11,1,5,1,1,1,1,0,0,0,-96,1,6,1,74539359,0,84,0,0,74.9215,384,[84 -64 4 0 0 0 0 0 0 0 0 0 9 9 9 11 9 11 9 11 9 12 8 11 8 13 8 12 9 14 9 14 8 14 9 14 8 15 7 14 6 15 8 15 7 14 8 16 8 13 9 13 8 14 9 15 8 15 10 15 9 16 8 15 0 0 10 15 10 16 10 15 10 15 9 15 10 15 10 16 11 16 12 16 12 15 11 17 10 16 10 15 11 14 12 15 12 13 13 16 12 14 12 14 12 13 12 13 12 13 13 15 12 13 12 14 13 13 0 0 0 0 0 0 0 0 0 0 ]
412,1782981319.227456,19.8599,-71,CSI_DATA,AP,98:F4:AB:29:67:94,-71,11,1,7,1,1,1,1,0,0,0,-96,1,6,1,74627492,0,84,0,0,75.0096,384,[84 -64 4 0 0 0 0 0 0 0 0 0 0 15 -1 16 0 17 0 17 0 19 -3 17 -2 17 -3 16 -3 18 -5 18 -3 18 -5 18 -4 19 -4 19 -5 17 -4 19 -4 18 -4 18 -6 19 -3 20 -4 19 -4 20 -3 19 -4 19 -5 20 -4 20 0 0 -4 19 -5 22 -6 22 -4 20 -6 21 -4 21 -3 21 -5 22 -3 22 -3 22 -5 22 -4 21 -4 21 -5 22 -2 21 -2 21 0 21 -1 21 -1 21 -1 23 -2 22 0 21 -3 22 -1 21 -2 22 -2 19 0 0 0 0 0 0 0 0 0 0 ]
413,1782981319.318480,18.8159,-70,CSI_DATA,AP,98:F4:AB:29:67:94,-70,11,1,6,1,1,1,1,0,0,0,-96,1,6,1,74720263,0,84,0,0,75.1024,384,[84 -64 4 0 0 0 0 0 0 0 0 0 13 6 12 6 14 6 12 8 13 8 12 9 13 9 12 9 13 7 13 10 14 9 14 11 14 10 13 11 12 10 14 10 14 9 14 10 13 10 13 10 15 10 15 10 15 11 16 11 14 10 15 11 0 0 15 10 16 11 15 11 16 10 14 8 17 9 16 11 16 10 17 9 18 10 16 9 16 9 17 9 16 8 17 7 17 8 18 8 17 8 17 8 18 6 17 7 17 7 17 8 17 6 16 8 16 6 0 0 0 0 0 0 0 0 0 0 ]
414,1782981319.420943,20.0307,-70,CSI_DATA,AP,98:F4:AB:29:67:94,-70,11,1,6,1,1,1,1,0,0,0,-96,1,6,1,74816877,0,84,0,0,75.199,384,[84 -64 4 0 0 0 0 0 0 0 0 0 -1 -15 -1 -16 0 -16 1 -16 2 -17 1 -16 3 -17 2 -16 2 -18 3 -16 2 -18 2 -19 4 -18 4 -18 3 -17 3 -18 3 -18 2 -18 3 -17 4 -17 4 -18 4 -19 5 -18 3 -19 4 -20 4 -18 0 0 3 -19 4 -20 3 -19 2 -19 3 -19 3 -21 3 -20 3 -20 3 -21 2 -21 1 -20 2 -20 2 -20 3 -19 1 -21 0 -20 1 -21 1 -20 2 -20 0 -20 2 -20 0 -20 1 -20 1 -20 0 -19 1 -19 0 0 0 0 0 0 0 0 0 0 ]
415,1782981319.512362,19.7091,-69,CSI_DATA,AP,98:F4:AB:29:67:94,-69,11,1,6,1,1,1,1,0,0,0,-96,1,6,1,74897518,0,84,0,0,75.2797,384,[84 -64 4 0 0 0 0 0 0 0 0 0 -12 7 -12 7 -12 7 -13 7 -13 7 -12 6 -14 7 -13 5 -13 7 -14 6 -13 7 -15 6 -15 5 -15 5 -15 5 -15 6 -15 5 -15 6 -15 5 -15 7 -16 6 -16 6 -17 5 -16 5 -19 5 -16 6 0 0 -17 6 -16 6 -17 5 -17 7 -15 6 -15 7 -17 6 -17 7 -18 6 -17 8 -17 7 -16 6 -17 7 -15 7 -16 7 -16 7 -17 8 -15 8 -16 8 -16 9 -15 8 -16 9 -16 8 -15 8 -15 7 -15 7 0 0 0 0 0 0 0 0 0 0 ]
416,1782981319.602962,19.7742,-69,CSI_DATA,AP,98:F4:AB:29:67:94,-69,11,1,5,1,1,1,1,0,0,0,-96,1,6,1,74987572,0,84,0,0,75.3697,384,[84 -64 4 0 0 0 0 0 0 0 0 0 -8 -13 -8 -13 -8 -14 -7 -13 -9 -15 -7 -13 -8 -16 -7 -14 -7 -15 -6 -17 -7 -17 -7 -17 -6 -18 -6 -17 -6 -15 -8 -17 -8 -15 -7 -18 -6 -16 -7 -17 -8 -18 -7 -17 -7 -18 -7 -16 -8 -18 -7 -19 0 0 -9 -17 -8 -19 -8 -16 -10 -18 -8 -17 -8 -18 -9 -18 -10 -19 -9 -18 -11 -18 -10 -18 -9 -18 -10 -17 -9 -16 -11 -17 -10 -16 -12 -18 -12 -16 -11 -16 -11 -17 -11 -16 -12 -16 -11 -17 -11 -16 -11 -16 -10 -14 0 0 0 0 0 0 0 0 0 0 ]
417,1782981319.693480,20.4544,-70,CSI_DATA,AP,98:F4:AB:29:67:94,-70,11,1,6,1,1,1,1,0,0,0,-96,1,6,1,75076584,0,84,0,0,75.4587,384,[84 -64 4 0 0 0 0 0 0 0 0 0 -15 -5 -14 -7 -15 -8 -15 -7 -15 -9 -14 -7 -15 -9 -14 -9 -14 -9 -15 -11 -15 -10 -16 -11 -15 -10 -15 -11 -14 -11 -15 -10 -15 -11 -16 -11 -15 -9 -14 -10 -15 -11 -16 -11 -15 -11 -15 -11 -17 -12 -16 -13 0 0 -16 -12 -17 -11 -17 -10 -18 -11 -15 -10 -18 -12 -17 -13 -17 -12 -17 -11 -19 -11 -18 -12 -17 -11 -18 -11 -17 -11 -18 -10 -17 -9 -18 -11 -18 -9 -18 -10 -19 -10 -18 -10 -19 -11 -18 -10 -18 -9 -18 -10 -18 -9 0 0 0 0 0 0 0 0 0 0 ]
418,1782981319.785470,20.0721,-69,CSI_DATA,AP,98:F4:AB:29:67:94,-69,11,1,6,1,1,1,1,0,0,0,-96,1,6,1,75165259,0,84,0,0,75.5473,384,[84 -64 4 0 0 0 0 0 0 0 0 0 -11 -12 -10 -12 -10 -13 -10 -13 -9 -14 -9 -14 -10 -14 -10 -14 -11 -15 -9 -15 -10 -15 -11 -15 -9 -15 -9 -17 -9 -15 -10 -16 -10 -15 -10 -15 -10 -15 -10 -17 -10 -16 -9 -17 -11 -16 -10 -17 -10 -17 -9 -17 0 0 -11 -17 -10 -17 -10 -17 -12 -17 -10 -16 -11 -18 -12 -17 -12 -18 -10 -17 -12 -16 -13 -17 -10 -17 -11 -18 -12 -16 -12 -16 -12 -16 -13 -17 -13 -15 -14 -16 -13 -15 -13 -16 -13 -17 -14 -16 -13 -16 -13 -15 -12 -15 0 0 0 0 0 0 0 0 0 0 ]
419,1782981319.877044,19.3188,-70,CSI_DATA,AP,98:F4:AB:29:67:94,-70,11,1,6,1,1,1,1,0,0,0,-96,1,6,1,75255858,0,84,0,0,75.638,384,[84 -64 4 0 0 0 0 0 0 0 0 0 14 -1 15 -1 14 1 15 1 16 1 14 1 15 1 14 1 16 1 17 2 16 3 17 3 16 3 17 3 16 2 17 4 16 3 16 3 17 3 17 2 18 2 18 2 18 3 18 3 18 4 14 4 0 0 18 3 20 3 18 2 19 3 18 3 20 1 20 2 19 2 21 2 20 3 20 2 19 2 19 3 19 2 20 1 19 1 19 1 19 0 20 1 19 0 20 0 19 0 20 0 20 1 19 1 17 1 0 0 0 0 0 0 0 0 0 0 ]
420,1782981319.968551,18.8896,-69,CSI_DATA,AP,98:F4:AB:29:67:94,-69,11,1,5,1,1,1,1,0,0,0,-96,1,6,1,75350693,0,84,0,0,75.7328,384,[84 -64 4 0 0 0 0 0 0 0 0 0 -8 -13 -8 -11 -9 -14 -8 -14 -10 -15 -7 -14 -7 -14 -6 -15 -8 -15 -8 -16 -6 -16 -7 -16 -6 -16 -5 -17 -5 -15 -6 -18 -6 -16 -6 -17 -7 -15 -7 -18 -7 -17 -8 -17 -6 -18 -6 -18 -6 -18 -7 -18 0 0 -7 -17 -8 -18 -7 -17 -8 -19 -7 -17 -8 -18 -8 -19 -7 -19 -10 -19 -9 -20 -8 -19 -7 -19 -8 -18 -7 -17 -10 -19 -9 -17 -10 -19 -10 -17 -9 -17 -10 -17 -9 -18 -10 -18 -9 -19 -9 -18 -7 -18 -9 -16 0 0 0 0 0 0 0 0 0 0 ]
421,1782981320.058484,18.6827,-69,CSI_DATA,AP,98:F4:AB:29:67:94,-69,11,1,6,1,1,1,1,0,0,0,-96,1,6,1,75435775,0,84,0,0,75.8179,384,[84 -64 4 0 0 0 0 0 0 0 0 0 14 -4 14 -4 15 -2 16 -3 15 -2 16 -2 16 -1 16 -1 17 -1 17 -2 16 -2 17 -1 18 -1 18 -2 17 1 17 0 16 0 18 0 17 -1 18 0 18 1 18 1 17 1 19 -1 19 -1 20 0 0 0 18 -1 21 -1 21 -1 18 -1 20 -2 19 1 20 0 20 -1 21 0 21 -1 22 -2 18 1 18 -2 19 -1 19 -1 19 -3 20 -2 20 -3 20 -2 19 -2 20 -2 19 -3 20 -2 18 -4 19 -2 18 -3 0 0 0 0 0 0 0 0 0 0 ]
422,1782981320.149479,17.1593,-69,CSI_DATA,AP,98:F4:AB:29:67:94,-69,11,1,5,1,1,1,1,0,0,0,-96,1,6,1,75532643,0,84,0,0,75.9147,384,[84 -64 4 0 0 0 0 0 0 0 0 0 -2 -12 0 -12 0 -13 0 -14 1 -14 0 -13 1 -14 0 -14 1 -14 1 -14 1 -16 1 -16 2 -15 3 -15 2 -15 3 -15 2 -15 2 -15 3 -16 3 -16 2 -15 2 -16 3 -16 3 -17 3 -16 3 -16 0 0 2 -17 2 -18 1 -17 2 -17 2 -16 3 -17 3 -17 2 -18 2 -19 1 -18 1 -18 1 -17 2 -17 2 -18 2 -18 0 -18 1 -18 0 -17 2 -18 0 -18 2 -18 1 -18 0 -18 0 -18 0 -17 0 -16 0 0 0 0 0 0 0 0 0 0 ]
423,1782981320.236049,17.0314,-69,CSI_DATA,AP,98:F4:AB:29:67:94,-69,11,1,5,1,1,1,1,0,0,0,-96,1,6,1,75619188,0,84,0,0,76.0013,384,[84 -64 4 0 0 0 0 0 0 0 0 0 13 2 13 2 13 3 14 4 15 5 13 5 15 5 13 6 16 5 16 6 15 6 15 7 15 7 15 7 14 7 17 7 15 6 16 6 14 6 16 7 16 6 16 6 16 8 16 8 16 9 16 8 0 0 16 7 17 7 16 6 18 6 17 8 17 8 18 6 18 7 19 6 20 7 18 8 17 6 17 7 17 6 17 6 17 4 19 6 17 3 19 3 18 4 18 6 18 5 19 6 18 5 16 5 16 5 0 0 0 0 0 0 0 0 0 0 ]
424,1782981320.329780,18.1064,-69,CSI_DATA,AP,98:F4:AB:29:67:94,-69,11,1,5,1,1,1,1,0,0,0,-96,1,6,1,75707827,0,84,0,0,76.09,384,[84 -64 4 0 0 0 0 0 0 0 0 0 -14 4 -13 5 -16 5 -15 4 -16 3 -15 2 -16 3 -17 3 -17 3 -17 2 -18 2 -18 1 -18 0 -18 1 -16 1 -18 2 -17 2 -18 2 -17 1 -18 1 -18 1 -18 2 -19 1 -19 1 -19 0 -19 1 0 0 -20 1 -19 2 -19 2 -20 3 -20 1 -21 2 -20 1 -21 2 -20 1 -20 2 -19 3 -20 1 -19 2 -20 1 -20 3 -19 4 -21 2 -18 3 -20 4 -19 4 -20 3 -20 2 -20 2 -19 3 -19 2 -19 4 0 0 0 0 0 0 0 0 0 0 ]
425,1782981320.413765,17.2015,-69,CSI_DATA,AP,98:F4:AB:29:67:94,-69,11,1,5,1,1,1,1,0,0,0,-96,1,6,1,75794793,0,84,0,0,76.1769,384,[84 -64 4 0 0 0 0 0 0 0 0 0 -2 12 -1 13 -2 11 -2 13 -2 13 -3 13 -4 13 -4 12 -4 13 -4 14 -4 15 -4 15 -6 13 -6 14 -5 13 -6 14 -5 13 -5 14 -5 14 -6 14 -6 14 -6 14 -6 15 -6 16 -7 15 -6 15 0 0 -7 15 -5 16 -6 15 -6 16 -5 15 -7 16 -8 15 -7 15 -8 15 -7 16 -7 17 -7 15 -6 16 -6 16 -7 16 -5 16 -6 17 -5 16 -5 17 -5 16 -6 16 -6 17 -7 16 -5 16 -5 15 -5 15 0 0 0 0 0 0 0 0 0 0 ]
426,1782981320.501479,18.8057,-68,CSI_DATA,AP,98:F4:AB:29:67:94,-68,11,1,5,1,1,1,1,0,0,0,-96,1,6,1,75886248,0,84,0,0,76.2683,384,[84 -64 4 0 0 0 0 0 0 0 0 0 4 14 4 14 5 14 5 15 4 17 5 16 5 17 3 16 4 17 2 18 3 19 0 19 2 19 1 19 2 17 1 21 1 18 2 18 1 17 1 19 1 19 1 20 3 19 0 21 -1 20 2 22 0 0 0 20 0 23 0 21 3 23 1 20 2 21 2 22 3 20 2 22 2 23 2 22 1 20 2 21 2 22 2 21 2 21 2 21 3 22 2 21 3 21 2 22 2 22 2 22 2 21 2 21 2 20 0 0 0 0 0 0 0 0 0 0 ]
427,1782981320.589703,19.9833,-69,CSI_DATA,AP,98:F4:AB:29:67:94,-69,11,1,5,1,1,1,1,0,0,0,-96,1,6,1,75976459,0,84,0,0,76.3586,384,[84 -64 4 0 0 0 0 0 0 0 0 0 -4 -15 -4 -14 -4 -15 -5 -14 -4 -15 -3 -15 -3 -16 -3 -16 -4 -17 -2 -17 -1 -18 -3 -18 -1 -16 0 -18 -1 -16 -1 -18 -1 -18 -2 -18 -1 -17 -2 -17 -1 -18 -3 -19 -2 -19 -1 -19 -1 -20 -2 -19 0 0 -2 -19 -1 -19 -1 -20 -3 -20 -3 -19 -3 -21 -2 -21 -2 -19 -3 -21 -4 -21 -2 -21 -2 -21 -2 -20 -2 -19 -4 -21 -4 -19 -3 -21 -4 -18 -5 -20 -4 -19 -3 -20 -4 -20 -3 -21 -3 -21 -2 -18 -3 -18 0 0 0 0 0 0 0 0 0 0 ]
428,1782981320.678289,20.2298,-69,CSI_DATA,AP,98:F4:AB:29:67:94,-69,11,1,6,1,1,1,1,0,0,0,-96,1,6,1,76068438,0,84,0,0,76.4506,384,[84 -64 4 0 0 0 0 0 0 0 0 0 -11 8 -12 8 -13 8 -13 9 -14 7 -13 8 -15 8 -14 7 -15 7 -15 6 -16 8 -17 7 -17 7 -17 5 -17 6 -18 8 -16 8 -16 6 -17 7 -18 6 -18 6 -17 6 -18 5 -18 5 -19 5 -19 7 0 0 -19 5 -20 6 -18 6 -18 8 -19 6 -20 7 -20 7 -19 8 -20 6 -21 7 -20 8 -19 5 -20 5 -20 6 -19 7 -20 8 -21 8 -19 7 -20 8 -19 8 -20 7 -19 8 -20 7 -21 7 -19 6 -17 7 0 0 0 0 0 0 0 0 0 0 ]
429,1782981320.766316,20.5125,-69,CSI_DATA,AP,98:F4:AB:29:67:94,-69,11,1,6,1,1,1,1,0,0,0,-96,1,6,1,76157518,0,84,0,0,76.5397,384,[84 -64 4 0 0 0 0 0 0 0 0 0 -13 6 -13 6 -14 5 -16 4 -14 5 -15 3 -15 3 -17 3 -16 4 -17 5 -16 4 -18 3 -16 3 -16 3 -18 3 -18 2 -17 4 -17 2 -18 3 -17 4 -19 3 -19 4 -19 3 -20 3 -20 2 -20 4 0 0 -18 4 -20 5 -19 4 -20 3 -20 4 -20 4 -20 4 -20 5 -21 3 -20 3 -21 5 -20 4 -20 4 -21 5 -19 4 -20 4 -21 5 -19 6 -21 5 -20 6 -20 4 -20 4 -20 5 -20 7 -19 4 -18 4 0 0 0 0 0 0 0 0 0 0 ]
430,1782981320.855761,19.5333,-70,CSI_DATA,AP,98:F4:AB:29:67:94,-70,11,1,6,1,1,1,1,0,0,0,-96,1,6,1,76246895,0,84,0,0,76.629,384,[84 -64 4 0 0 0 0 0 0 0 0 0 -2 -14 -1 -14 1 -14 0 -15 0 -16 0 -15 -1 -15 -2 -14 0 -15 2 -15 1 -16 1 -16 2 -16 2 -17 3 -15 4 -16 1 -16 2 -16 1 -15 2 -16 3 -16 3 -17 2 -16 3 -17 2 -18 2 -17 0 0 2 -18 2 -17 2 -17 2 -18 3 -18 3 -18 3 -20 3 -18 3 -19 2 -20 1 -19 2 -18 2 -18 3 -18 2 -18 1 -17 2 -20 3 -18 1 -19 1 -18 3 -19 2 -19 2 -18 2 -18 1 -17 1 -17 0 0 0 0 0 0 0 0 0 0 ]
431,1782981320.944935,19.4921,-69,CSI_DATA,AP,98:F4:AB:29:67:94,-69,11,1,6,1,1,1,1,0,0,0,-96,1,6,1,76335255,0,84,0,0,76.7174,384,[84 -64 4 0 0 0 0 0 0 0 0 0 -13 6 -13 7 -15 7 -15 8 -16 6 -15 5 -16 7 -16 7 -15 6 -16 4 -17 4 -18 5 -18 4 -16 4 -17 4 -18 6 -16 6 -18 6 -16 6 -17 5 -19 4 -19 6 -18 6 -19 5 -19 5 -19 6 0 0 -18 8 -18 6 -20 7 -19 7 -18 8 -18 7 -18 7 -19 7 -20 8 -20 8 -20 8 -20 7 -18 6 -18 6 -19 8 -15 9 -19 8 -18 8 -18 10 -19 10 -17 9 -18 9 -18 9 -18 10 -18 8 -17 8 0 0 0 0 0 0 0 0 0 0 ]
432,1782981321.034306,19.4715,-69,CSI_DATA,AP,98:F4:AB:29:67:94,-69,11,1,6,1,1,1,1,0,0,0,-96,1,6,1,76425487,0,84,0,0,76.8076,384,[84 -64 4 0 0 0 0 0 0 0 0 0 1 15 1 13 1 15 0 15 1 17 -1 16 -1 17 0 16 -1 16 -2 16 -2 17 -3 17 -2 16 -3 18 -2 17 -2 18 0 17 -1 16 -2 17 -2 18 -3 18 0 17 -4 18 -2 18 -2 20 -2 19 0 0 -1 19 -1 20 0 18 0 18 -1 18 -1 19 -2 20 -2 20 1 21 -1 21 1 20 -2 19 -1 19 0 19 1 20 1 20 1 21 1 19 0 21 1 20 0 19 1 20 0 20 1 19 0 18 0 18 0 0 0 0 0 0 0 0 0 0 ]
433,1782981321.124532,19.6317,-69,CSI_DATA,AP,98:F4:AB:29:67:94,-69,11,1,6,1,1,1,1,0,0,0,-96,1,6,1,76515009,0,84,0,0,76.8972,384,[84 -64 4 0 0 0 0 0 0 0 0 0 11 -5 11 -4 12 -4 12 -4 14 -4 14 -3 13 -3 13 -2 15 -3 13 -2 14 -3 15 -3 15 -3 16 -3 15 -2 16 -2 14 -2 15 -2 16 -2 16 -2 15 -1 16 -2 16 -3 16 -2 17 -2 17 -2 0 0 17 -1 17 -2 17 -3 17 -3 17 -2 19 -2 17 -2 17 -3 18 -2 17 -3 18 -3 17 -2 16 -3 17 -3 17 -3 17 -3 18 -3 15 -3 17 -4 16 -4 17 -4 17 -3 17 -3 16 -3 16 -3 16 -4 0 0 0 0 0 0 0 0 0 0 ]
434,1782981321.214039,19.5480,-69,CSI_DATA,AP,98:F4:AB:29:67:94,-69,11,1,5,1,1,1,1,0,0,0,-96,1,6,1,76612173,0,84,0,0,76.9943,384,[84 -64 4 0 0 0 0 0 0 0 0 0 -6 11 -5 10 -6 11 -6 12 -7 11 -7 11 -7 11 -8 10 -9 11 -8 11 -9 11 -8 12 -8 12 -9 12 -10 11 -9 11 -8 12 -9 11 -9 12 -10 11 -9 14 -11 13 -11 12 -10 12 -11 13 -10 14 0 0 -10 13 -11 14 -10 15 -10 12 -10 12 -10 14 -11 14 -10 14 -11 14 -10 14 -10 15 -11 13 -10 14 -10 15 -10 13 -10 15 -9 15 -9 15 -9 14 -10 15 -9 14 -11 15 -10 13 -9 14 -9 13 -9 14 0 0 0 0 0 0 0 0 0 0 ]
435,1782981321.323250,19.5570,-70,CSI_DATA,AP,98:F4:AB:29:67:94,-70,11,1,6,1,1,1,1,0,0,0,-96,1,6,1,76717656,0,84,0,0,77.0998,384,[84 -64 4 0 0 0 0 0 0 0 0 0 -13 -6 -13 -7 -14 -8 -14 -8 -13 -8 -13 -8 -14 -9 -13 -9 -15 -8 -14 -9 -14 -11 -14 -10 -16 -11 -13 -9 -14 -10 -16 -10 -14 -10 -16 -12 -15 -10 -15 -11 -15 -11 -17 -11 -15 -11 -15 -12 -16 -12 -15 -11 0 0 -16 -11 -16 -11 -17 -10 -17 -10 -17 -10 -18 -11 -18 -11 -18 -11 -16 -11 -18 -11 -18 -12 -18 -12 -17 -11 -17 -11 -18 -11 -18 -9 -18 -11 -18 -10 -18 -9 -18 -9 -18 -11 -18 -11 -18 -10 -17 -10 -17 -10 -17 -9 0 0 0 0 0 0 0 0 0 0 ]
436,1782981321.402068,19.0082,-69,CSI_DATA,AP,98:F4:AB:29:67:94,-69,11,1,5,1,1,1,1,0,0,0,-96,1,6,1,76785334,0,84,0,0,77.1674,384,[84 -64 4 0 0 0 0 0 0 0 0 0 14 2 13 1 16 0 14 0 14 2 13 2 15 4 14 3 15 3 16 4 15 4 15 5 15 4 15 4 15 4 17 4 15 4 16 3 15 5 17 4 16 4 18 4 18 5 19 4 17 6 17 5 0 0 18 3 19 6 18 5 19 2 17 4 19 5 18 5 20 6 19 4 19 3 20 4 18 4 18 5 18 4 18 3 18 2 20 2 19 2 19 3 19 2 19 3 19 2 20 3 19 2 18 3 18 2 0 0 0 0 0 0 0 0 0 0 ]
437,1782981321.490390,18.7534,-69,CSI_DATA,AP,98:F4:AB:29:67:94,-69,11,1,5,1,1,1,1,0,0,0,-96,1,6,1,76875573,0,84,0,0,77.2577,384,[84 -64 4 0 0 0 0 0 0 0 0 0 8 9 8 10 9 11 10 12 8 12 8 12 8 11 7 12 8 13 8 12 8 14 8 14 7 15 8 15 7 14 8 15 7 15 7 14 7 15 7 15 7 15 8 16 8 16 9 16 8 17 9 17 0 0 8 16 9 17 7 17 9 15 8 17 8 18 8 17 8 18 8 17 9 16 10 17 9 17 9 16 9 17 9 17 10 16 10 17 9 16 9 17 10 16 9 17 8 16 9 16 10 16 9 15 9 15 0 0 0 0 0 0 0 0 0 0 ]
438,1782981321.580726,18.7480,-69,CSI_DATA,AP,98:F4:AB:29:67:94,-69,11,1,5,1,1,1,1,0,0,0,-96,1,6,1,76966071,0,84,0,0,77.3482,384,[84 -64 4 0 0 0 0 0 0 0 0 0 4 13 2 11 3 15 2 13 2 15 2 15 1 14 1 15 1 16 2 15 0 16 1 17 -2 18 1 17 0 17 1 18 1 18 1 17 0 17 1 17 -1 18 0 17 -1 19 -1 17 -2 19 0 18 0 0 0 17 0 19 1 20 0 20 -1 18 0 19 0 20 -1 19 0 19 -1 21 1 20 -1 20 0 21 0 19 0 18 1 19 -1 20 1 18 1 20 1 19 0 19 -1 20 1 19 1 19 0 18 1 17 0 0 0 0 0 0 0 0 0 0 ]
439,1782981321.670714,20.4972,-69,CSI_DATA,AP,98:F4:AB:29:67:94,-69,11,1,5,1,1,1,1,0,0,0,-96,1,6,1,77060654,0,84,0,0,77.4428,384,[84 -64 4 0 0 0 0 0 0 0 0 0 -7 15 -7 15 -8 16 -7 15 -9 16 -9 15 -10 15 -9 14 -9 15 -11 15 -12 16 -10 14 -11 16 -12 15 -10 15 -11 17 -12 15 -13 16 -11 14 -11 16 -12 16 -12 16 -11 16 -12 16 -14 17 -12 16 0 0 -12 17 -13 18 -13 18 -12 20 -13 16 -13 19 -13 18 -14 18 -13 17 -14 20 -14 18 -13 18 -13 17 -11 19 -12 20 -11 18 -13 19 -11 18 -12 19 -11 20 -12 18 -12 19 -13 18 -12 19 -11 16 -11 17 0 0 0 0 0 0 0 0 0 0 ]
440,1782981321.760544,20.9873,-70,CSI_DATA,AP,98:F4:AB:29:67:94,-70,11,1,6,1,1,1,1,0,0,0,-96,1,6,1,77146755,0,84,0,0,77.5289,384,[84 -64 4 0 0 0 0 0 0 0 0 0 4 -15 4 -14 4 -17 5 -15 7 -17 4 -14 6 -15 6 -16 6 -16 8 -16 7 -16 9 -16 9 -16 8 -15 8 -15 8 -17 7 -15 7 -16 7 -16 10 -16 11 -16 10 -18 10 -17 9 -17 11 -18 9 -17 0 0 10 -16 10 -18 9 -18 9 -19 9 -17 9 -18 9 -18 10 -18 10 -18 10 -19 8 -19 9 -18 10 -19 8 -17 8 -19 8 -19 8 -20 8 -18 8 -18 7 -20 9 -18 8 -19 10 -19 8 -19 9 -17 7 -17 0 0 0 0 0 0 0 0 0 0 ]
441,1782981321.850791,19.2349,-69,CSI_DATA,AP,98:F4:AB:29:67:94,-69,11,1,6,1,1,1,1,0,0,0,-96,1,6,1,77236274,0,84,0,0,77.6184,384,[84 -64 4 0 0 0 0 0 0 0 0 0 9 -10 9 -8 13 -9 10 -8 12 -9 11 -8 13 -7 12 -8 13 -6 13 -8 13 -7 14 -7 15 -6 14 -8 14 -8 15 -7 14 -7 14 -7 13 -7 15 -7 14 -7 14 -7 14 -8 16 -8 15 -8 14 -8 0 0 15 -7 16 -8 14 -8 15 -9 14 -8 16 -9 17 -9 15 -9 16 -7 15 -9 15 -10 15 -8 15 -9 16 -9 15 -9 14 -9 16 -10 15 -10 15 -11 15 -10 14 -9 14 -10 15 -11 15 -11 15 -10 14 -9 0 0 0 0 0 0 0 0 0 0 ]
442,1782981321.941557,19.1645,-70,CSI_DATA,AP,98:F4:AB:29:67:94,-70,11,1,6,1,1,1,1,0,0,0,-96,1,6,1,77325882,0,84,0,0,77.708,384,[84 -64 4 0 0 0 0 0 0 0 0 0 -6 12 -8 13 -7 12 -9 13 -8 13 -9 14 -8 12 -9 13 -9 13 -10 14 -10 15 -10 14 -10 14 -12 14 -11 14 -12 14 -11 14 -12 14 -11 14 -10 14 -12 15 -12 15 -11 13 -12 14 -12 15 -12 14 0 0 -12 16 -12 16 -13 16 -11 16 -11 15 -12 16 -12 17 -12 16 -12 17 -12 19 -11 18 -12 16 -11 16 -11 17 -11 16 -10 18 -12 18 -10 17 -10 17 -10 17 -11 17 -11 17 -11 17 -10 17 -9 16 -9 16 0 0 0 0 0 0 0 0 0 0 ]
443,1782981322.031554,17.4462,-69,CSI_DATA,AP,98:F4:AB:29:67:94,-69,11,1,6,1,1,1,1,0,0,0,-96,1,6,1,77415050,0,84,0,0,77.7971,384,[84 -64 4 0 0 0 0 0 0 0 0 0 12 0 12 1 14 0 14 1 15 0 13 1 13 1 14 0 14 2 14 3 16 3 15 3 15 3 16 4 14 3 15 3 13 2 14 2 14 2 15 3 16 3 17 3 16 3 15 2 16 4 17 4 0 0 17 2 19 2 17 1 18 2 15 4 16 2 18 3 17 3 17 2 19 3 18 2 17 2 17 2 17 2 18 1 17 0 18 2 17 0 17 0 17 1 17 1 17 0 18 2 16 1 17 0 15 0 0 0 0 0 0 0 0 0 0 0 ]
444,1782981322.121522,16.1616,-69,CSI_DATA,AP,98:F4:AB:29:67:94,-69,11,1,6,1,1,1,1,0,0,0,-96,1,6,1,77506038,0,84,0,0,77.8882,384,[84 -64 4 0 0 0 0 0 0 0 0 0 7 10 7 10 7 12 7 11 8 12 6 10 7 13 5 12 5 12 6 13 5 14 5 14 6 15 5 14 4 14 8 15 6 13 6 14 5 14 6 15 6 14 5 15 6 16 6 15 6 15 5 15 0 0 7 16 6 16 7 15 8 16 6 16 8 16 7 16 8 16 8 16 9 17 9 16 7 16 8 16 8 15 9 16 9 14 8 16 9 15 10 15 9 16 9 15 8 14 8 16 9 15 7 14 8 14 0 0 0 0 0 0 0 0 0 0 ]
445,1782981322.210127,17.7831,-70,CSI_DATA,AP,98:F4:AB:29:67:94,-70,11,1,6,1,1,1,1,0,0,0,-96,1,6,1,77596316,0,84,0,0,77.9785,384,[84 -64 4 0 0 0 0 0 0 0 0 0 -11 -10 -11 -12 -12 -12 -11 -12 -11 -12 -12 -13 -11 -13 -10 -13 -10 -12 -10 -14 -11 -15 -11 -14 -11 -14 -10 -16 -11 -15 -11 -14 -11 -14 -11 -14 -10 -15 -11 -15 -11 -15 -10 -16 -11 -17 -13 -15 -11 -17 -12 -17 0 0 -13 -16 -13 -17 -13 -16 -12 -17 -13 -16 -13 -17 -13 -17 -12 -16 -12 -17 -14 -17 -14 -17 -14 -17 -12 -17 -13 -16 -13 -16 -14 -15 -14 -16 -14 -15 -14 -15 -14 -15 -13 -15 -14 -16 -13 -16 -14 -16 -13 -14 -13 -14 0 0 0 0 0 0 0 0 0 0 ]
446,1782981322.302531,18.7422,-70,CSI_DATA,AP,98:F4:AB:29:67:94,-70,11,1,6,1,1,1,1,0,0,0,-96,1,6,1,77694158,0,84,0,0,78.0763,384,[84 -64 4 0 0 0 0 0 0 0 0 0 7 -14 7 -13 8 -13 8 -13 8 -13 8 -13 8 -14 9 -13 8 -15 10 -15 9 -15 11 -14 11 -15 11 -14 11 -13 11 -14 10 -14 11 -14 10 -14 12 -15 12 -15 11 -15 11 -14 12 -15 12 -16 13 -16 0 0 11 -16 12 -17 11 -16 11 -17 11 -16 11 -17 13 -16 12 -16 12 -17 11 -20 10 -18 11 -18 11 -17 10 -15 10 -17 10 -18 11 -18 10 -18 10 -18 9 -17 11 -17 10 -18 10 -16 11 -18 9 -17 8 -17 0 0 0 0 0 0 0 0 0 0 ]
447,1782981322.392528,19.1215,-71,CSI_DATA,AP,98:F4:AB:29:67:94,-71,11,1,7,1,1,1,1,0,0,0,-96,1,6,1,77774623,0,84,0,0,78.1568,384,[84 -64 4 0 0 0 0 0 0 0 0 0 2 -15 1 -14 2 -16 4 -16 3 -17 4 -15 4 -16 4 -14 5 -16 5 -17 6 -16 5 -17 5 -16 7 -17 5 -16 5 -18 5 -17 4 -18 6 -16 6 -17 7 -17 6 -18 6 -17 7 -19 8 -17 7 -18 0 0 7 -18 8 -20 7 -18 6 -19 6 -19 6 -19 6 -19 6 -19 6 -18 6 -21 7 -21 7 -19 6 -19 6 -18 6 -20 5 -20 6 -20 7 -19 5 -18 5 -20 7 -21 6 -20 7 -18 4 -19 7 -18 5 -17 0 0 0 0 0 0 0 0 0 0 ]
448,1782981322.480139,20.5296,-71,CSI_DATA,AP,98:F4:AB:29:67:94,-71,11,1,7,1,1,1,1,0,0,0,-96,1,6,1,77866875,0,84,0,0,78.249,384,[84 -64 4 0 0 0 0 0 0 0 0 0 -11 -11 -10 -10 -11 -12 -10 -13 -10 -14 -9 -13 -11 -13 -11 -13 -11 -12 -10 -14 -11 -16 -10 -16 -9 -17 -8 -16 -8 -15 -11 -16 -9 -14 -10 -16 -10 -14 -11 -15 -10 -16 -11 -15 -12 -17 -10 -17 -10 -18 -10 -17 0 0 -10 -16 -12 -17 -11 -16 -13 -17 -10 -16 -12 -18 -12 -16 -11 -17 -12 -17 -13 -17 -13 -18 -11 -18 -11 -18 -11 -16 -13 -15 -13 -17 -13 -18 -13 -16 -13 -17 -13 -16 -12 -16 -12 -16 -13 -17 -13 -17 -11 -16 -12 -13 0 0 0 0 0 0 0 0 0 0 ]
449,1782981322.568217,20.2039,-70,CSI_DATA,AP,98:F4:AB:29:67:94,-70,11,1,6,1,1,1,1,0,0,0,-96,1,6,1,77959451,0,84,0,0,78.3416,384,[84 -64 4 0 0 0 0 0 0 0 0 0 -15 0 -15 -1 -16 0 -15 0 -16 -1 -15 0 -16 -2 -15 -2 -17 -2 -16 -1 -16 -1 -17 -2 -17 -2 -17 -3 -17 -3 -18 -2 -17 -2 -18 -2 -17 -2 -18 -3 -19 -3 -19 -3 -18 -2 -19 -2 -18 -3 -20 -3 0 0 -19 -2 -18 -3 -20 -2 -20 -1 -20 -1 -20 -2 -20 -2 -20 -1 -20 -1 -22 0 -22 -2 -19 -1 -19 -1 -20 -1 -20 1 -20 1 -22 0 -20 0 -21 0 -20 1 -20 -1 -21 1 -21 -1 -20 0 -20 1 -19 1 0 0 0 0 0 0 0 0 0 0 ]
450,1782981322.656060,19.7727,-70,CSI_DATA,AP,98:F4:AB:29:67:94,-70,11,1,6,1,1,1,1,0,0,0,-96,1,6,1,78048809,0,84,0,0,78.4309,384,[84 -64 4 0 0 0 0 0 0 0 0 0 6 -14 7 -12 7 -14 7 -14 8 -14 9 -12 10 -12 10 -12 10 -14 11 -14 11 -13 11 -14 12 -13 11 -14 10 -12 11 -13 12 -13 12 -14 11 -13 11 -14 12 -13 13 -15 12 -14 12 -14 13 -14 13 -15 0 0 13 -15 13 -15 13 -14 13 -15 13 -16 14 -16 14 -15 13 -16 14 -15 14 -15 13 -16 13 -14 13 -15 12 -16 13 -15 12 -15 12 -15 12 -16 13 -15 13 -16 13 -16 13 -15 14 -15 12 -14 13 -15 11 -14 0 0 0 0 0 0 0 0 0 0 ]
451,1782981322.743120,19.2343,-69,CSI_DATA,AP,98:F4:AB:29:67:94,-69,11,1,6,1,1,1,1,0,0,0,-96,1,6,1,78147810,0,84,0,0,78.5299,384,[84 -64 4 0 0 0 0 0 0 0 0 0 12 -8 14 -6 12 -7 15 -6 14 -6 13 -6 14 -5 15 -6 15 -6 15 -6 16 -6 17 -5 16 -5 16 -5 16 -4 16 -5 16 -6 16 -4 16 -6 17 -6 16 -5 17 -6 16 -6 17 -5 19 -4 17 -5 0 0 19 -6 18 -6 19 -7 17 -7 18 -7 17 -8 19 -6 19 -7 18 -8 19 -6 18 -8 18 -7 19 -8 18 -7 18 -8 18 -9 20 -8 18 -8 18 -8 18 -9 18 -9 19 -7 19 -7 18 -7 18 -8 16 -7 0 0 0 0 0 0 0 0 0 0 ]
452,1782981322.831172,18.1419,-70,CSI_DATA,AP,98:F4:AB:29:67:94,-70,11,1,6,1,1,1,1,0,0,0,-96,1,6,1,78224558,0,84,0,0,78.6066,384,[84 -64 4 0 0 0 0 0 0 0 0 0 -14 0 -15 -1 -15 -3 -14 -3 -15 -2 -14 -3 -14 -2 -14 -4 -15 -3 -14 -5 -15 -3 -15 -4 -16 -4 -16 -4 -15 -4 -16 -4 -16 -4 -16 -4 -15 -4 -16 -4 -15 -4 -17 -4 -17 -6 -16 -4 -17 -4 -18 -5 0 0 -16 -4 -18 -5 -17 -5 -19 -2 -16 -4 -18 -4 -18 -4 -19 -4 -17 -3 -17 -2 -18 -2 -18 -1 -19 -3 -19 -2 -18 -2 -17 -2 -19 -2 -17 -1 -19 -2 -19 -1 -18 -2 -18 -2 -18 -2 -18 -2 -17 -2 -16 -2 0 0 0 0 0 0 0 0 0 0 ]
453,1782981322.920420,18.0643,-70,CSI_DATA,AP,98:F4:AB:29:67:94,-70,11,1,6,1,1,1,1,0,0,0,-96,1,6,1,78314821,0,84,0,0,78.697,384,[84 -64 4 0 0 0 0 0 0 0 0 0 13 2 13 3 14 3 14 4 15 3 14 4 14 6 13 4 16 5 16 5 17 5 15 3 18 6 17 7 15 6 15 7 15 6 17 6 15 7 16 6 17 7 17 7 18 8 18 6 18 7 17 6 0 0 18 7 19 7 18 5 18 8 16 6 17 6 19 6 19 6 19 6 20 6 20 7 17 6 19 6 19 4 17 4 18 5 19 6 17 4 19 5 19 4 18 5 19 4 20 6 19 5 17 5 17 4 0 0 0 0 0 0 0 0 0 0 ]
454,1782981323.011325,16.9618,-68,CSI_DATA,AP,98:F4:AB:29:67:94,-68,11,1,3,1,1,1,1,0,0,0,-96,1,6,1,78409727,0,84,0,0,78.7918,384,[84 -64 4 0 0 0 0 0 0 0 0 0 -8 -10 -7 -11 -7 -11 -8 -10 -7 -11 -6 -11 -6 -12 -8 -11 -6 -12 -7 -12 -8 -12 -8 -13 -7 -12 -8 -13 -8 -12 -8 -13 -8 -12 -8 -12 -9 -12 -8 -12 -8 -13 -9 -13 -9 -13 -9 -13 -9 -14 -10 -13 0 0 -10 -13 -11 -13 -9 -13 -10 -11 -11 -10 -8 -13 -12 -16 -9 -15 -11 -13 -14 -14 -10 -12 -10 -13 -10 -13 -13 -13 -13 -12 -14 -9 -13 -9 -14 -10 -16 -13 -10 -13 -9 -12 -14 -12 -14 -11 -9 -9 -16 -6 -11 -12 0 0 0 0 0 0 0 0 0 0 ]
455,1782981323.099916,19.0794,-70,CSI_DATA,AP,98:F4:AB:29:67:94,-70,11,1,6,1,1,1,1,0,0,0,-96,1,6,1,78495677,0,84,0,0,78.8778,384,[84 -64 4 0 0 0 0 0 0 0 0 0 -14 6 -13 6 -16 6 -14 6 -16 6 -15 6 -14 4 -16 4 -17 7 -16 4 -15 4 -18 3 -18 4 -18 4 -15 1 -18 5 -17 4 -18 4 -16 5 -18 6 -18 6 -18 5 -20 4 -19 3 -20 5 -18 5 0 0 -19 6 -19 5 -18 5 -20 8 -19 6 -18 7 -20 6 -19 7 -19 7 -20 8 -20 7 -20 6 -19 6 -19 6 -19 9 -17 9 -19 8 -19 7 -18 8 -19 10 -19 8 -18 9 -18 8 -19 8 -18 7 -17 7 0 0 0 0 0 0 0 0 0 0 ]
456,1782981323.189108,19.2116,-69,CSI_DATA,AP,98:F4:AB:29:67:94,-69,11,1,5,1,1,1,1,0,0,0,-96,1,6,1,78587685,0,84,0,0,78.9698,384,[84 -64 4 0 0 0 0 0 0 0 0 0 14 1 12 1 16 3 15 1 16 1 13 3 15 4 15 4 15 5 16 4 15 5 16 5 16 6 15 5 15 5 17 5 14 4 16 5 16 4 15 5 16 5 17 5 17 6 16 6 18 6 17 5 0 0 18 5 18 4 19 3 19 4 18 4 18 4 19 6 18 6 17 4 20 4 20 4 18 5 17 5 18 5 20 2 19 4 19 3 19 3 18 1 20 2 19 4 20 3 19 3 19 1 17 3 17 3 0 0 0 0 0 0 0 0 0 0 ]
457,1782981323.278437,18.2469,-69,CSI_DATA,AP,98:F4:AB:29:67:94,-69,11,1,5,1,1,1,1,0,0,0,-96,1,6,1,78679852,0,84,0,0,79.0619,384,[84 -64 4 0 0 0 0 0 0 0 0 0 5 12 4 14 6 14 6 14 5 14 3 15 5 15 3 14 3 15 3 15 4 15 4 16 3 17 2 16 3 15 4 16 4 15 3 15 2 15 3 16 4 17 4 16 3 16 4 17 3 17 3 18 0 0 4 16 4 18 3 17 6 16 5 14 5 17 4 19 4 18 6 19 6 18 5 19 5 18 5 18 6 17 5 17 6 16 6 19 6 16 6 18 6 18 7 17 6 18 6 18 7 17 7 16 6 16 0 0 0 0 0 0 0 0 0 0 ]
458,1782981323.367569,18.9338,-69,CSI_DATA,AP,98:F4:AB:29:67:94,-69,11,1,5,1,1,1,1,0,0,0,-96,1,6,1,78766347,0,84,0,0,79.1485,384,[84 -64 4 0 0 0 0 0 0 0 0 0 -10 -11 -9 -10 -9 -13 -9 -14 -10 -14 -8 -12 -9 -14 -8 -14 -10 -14 -8 -15 -9 -15 -9 -16 -8 -16 -8 -16 -8 -15 -10 -16 -8 -14 -9 -15 -7 -15 -9 -16 -9 -16 -8 -18 -8 -17 -9 -16 -9 -17 -9 -18 0 0 -8 -17 -10 -17 -10 -18 -10 -17 -8 -17 -9 -16 -9 -18 -9 -17 -9 -18 -10 -17 -10 -18 -9 -17 -9 -16 -10 -17 -10 -17 -10 -17 -10 -18 -11 -17 -10 -17 -11 -16 -11 -18 -10 -17 -9 -18 -10 -18 -9 -17 -9 -16 0 0 0 0 0 0 0 0 0 0 ]
459,1782981323.455852,18.7701,-69,CSI_DATA,AP,98:F4:AB:29:67:94,-69,11,1,5,1,1,1,1,0,0,0,-96,1,6,1,78855675,0,84,0,0,79.2378,384,[84 -64 4 0 0 0 0 0 0 0 0 0 -4 14 -5 13 -5 14 -5 14 -5 14 -9 12 -6 14 -6 14 -6 14 -7 15 -7 15 -9 15 -8 15 -8 15 -7 13 -8 16 -7 14 -7 15 -7 15 -8 15 -8 16 -7 17 -9 16 -9 16 -8 17 -7 16 0 0 -7 16 -8 17 -7 17 -7 17 -8 16 -7 17 -8 18 -7 18 -7 17 -8 18 -8 19 -8 17 -8 17 -7 18 -6 18 -5 18 -7 20 -6 17 -6 19 -5 18 -5 17 -5 19 -7 18 -5 18 -7 17 -6 17 0 0 0 0 0 0 0 0 0 0 ]
460,1782981323.544515,16.8027,-69,CSI_DATA,AP,98:F4:AB:29:67:94,-69,11,1,5,1,1,1,1,0,0,0,-96,1,6,1,78946448,0,84,0,0,79.3286,384,[84 -64 4 0 0 0 0 0 0 0 0 0 3 12 2 12 1 12 0 13 1 14 0 12 1 14 0 12 -1 13 0 13 -1 15 -1 15 -1 15 -1 14 -1 14 -2 16 -1 13 -1 15 0 14 -1 15 -1 14 -1 14 -1 16 -1 16 -2 15 0 16 0 0 0 15 0 17 0 16 0 17 0 16 1 17 0 17 1 16 1 16 1 17 1 17 1 17 1 17 1 16 2 17 3 16 2 18 3 16 3 17 3 17 3 17 3 17 3 17 2 17 3 16 2 15 0 0 0 0 0 0 0 0 0 0 ]
461,1782981323.636577,19.1043,-69,CSI_DATA,AP,98:F4:AB:29:67:94,-69,11,1,5,1,1,1,1,0,0,0,-96,1,6,1,79037472,0,84,0,0,79.4196,384,[84 -64 4 0 0 0 0 0 0 0 0 0 -2 16 -2 15 -3 17 -4 17 -5 17 -4 17 -7 17 -7 16 -5 17 -6 17 -7 18 -6 18 -7 16 -7 18 -7 18 -7 18 -7 17 -7 18 -6 17 -8 18 -10 18 -7 18 -8 18 -8 20 -8 20 -8 19 0 0 -8 20 -8 19 -7 20 -8 20 -8 20 -8 19 -9 20 -8 20 -8 21 -7 21 -6 21 -8 18 -7 21 -7 20 -7 20 -6 21 -7 21 -6 21 -8 22 -6 21 -8 20 -7 20 -7 21 -5 21 -6 19 -6 21 0 0 0 0 0 0 0 0 0 0 ]
462,1782981323.752778,20.4591,-70,CSI_DATA,AP,98:F4:AB:29:67:94,-70,11,1,6,1,1,1,1,0,0,0,-96,1,6,1,79128502,0,84,0,0,79.5107,384,[84 -64 4 0 0 0 0 0 0 0 0 0 -16 -8 -15 -7 -15 -10 -16 -9 -17 -9 -16 -9 -17 -10 -15 -11 -17 -10 -17 -11 -16 -12 -17 -12 -15 -13 -16 -12 -14 -11 -17 -13 -17 -12 -15 -13 -15 -13 -17 -13 -17 -11 -17 -14 -18 -14 -17 -14 -17 -13 -17 -13 0 0 -17 -14 -19 -14 -18 -13 -19 -13 -16 -13 -18 -13 -19 -12 -18 -15 -21 -13 -20 -14 -20 -14 -19 -14 -19 -14 -18 -13 -19 -14 -18 -12 -19 -14 -19 -13 -19 -13 -20 -12 -20 -13 -19 -12 -20 -13 -18 -14 -18 -13 -18 -12 0 0 0 0 0 0 0 0 0 0 ]
463,1782981323.839895,20.1522,-70,CSI_DATA,AP,98:F4:AB:29:67:94,-70,11,1,6,1,1,1,1,0,0,0,-96,1,6,1,79216573,0,84,0,0,79.5987,384,[84 -64 4 0 0 0 0 0 0 0 0 0 11 -10 11 -10 11 -10 13 -9 15 -10 13 -8 15 -9 13 -10 14 -9 14 -8 15 -10 14 -9 15 -8 15 -8 14 -8 14 -10 13 -10 14 -9 14 -9 14 -11 15 -11 15 -10 15 -9 16 -10 16 -10 15 -9 0 0 14 -11 16 -11 14 -12 14 -12 16 -11 13 -13 15 -13 15 -13 15 -13 16 -14 14 -13 14 -11 16 -13 14 -12 15 -15 11 -13 15 -14 12 -15 12 -15 13 -15 14 -15 13 -15 14 -14 13 -14 13 -15 12 -14 0 0 0 0 0 0 0 0 0 0 ]
464,1782981323.930845,18.4708,-70,CSI_DATA,AP,98:F4:AB:29:67:94,-70,11,1,6,1,1,1,1,0,0,0,-96,1,6,1,79309320,0,84,0,0,79.6915,384,[84 -64 4 0 0 0 0 0 0 0 0 0 3 -14 3 -14 3 -15 2 -14 4 -14 2 -13 6 -15 6 -14 5 -16 7 -14 6 -15 6 -15 7 -16 6 -15 7 -14 7 -16 6 -14 6 -15 7 -13 6 -14 7 -16 7 -15 7 -15 6 -16 8 -15 7 -16 0 0 6 -16 6 -17 5 -16 6 -17 6 -15 7 -16 7 -18 7 -17 7 -17 7 -19 6 -18 6 -17 7 -16 6 -17 5 -18 5 -17 7 -18 5 -17 5 -17 4 -17 6 -17 5 -17 5 -18 5 -17 5 -16 5 -17 0 0 0 0 0 0 0 0 0 0 ]
465,1782981324.018041,19.3893,-70,CSI_DATA,AP,98:F4:AB:29:67:94,-70,11,1,6,1,1,1,1,0,0,0,-96,1,6,1,79397679,0,84,0,0,79.7798,384,[84 -64 4 0 0 0 0 0 0 0 0 0 -4 15 -4 13 -5 14 -5 14 -5 16 -7 14 -6 15 -8 16 -8 14 -6 14 -8 15 -7 15 -8 16 -7 15 -9 14 -8 16 -8 15 -8 16 -8 14 -8 15 -8 17 -9 16 -8 17 -9 17 -8 18 -8 16 0 0 -9 17 -9 18 -9 17 -8 17 -8 16 -9 17 -9 17 -9 18 -8 18 -7 19 -8 19 -8 17 -8 18 -8 18 -8 17 -7 18 -7 20 -6 16 -7 18 -7 18 -8 18 -6 19 -7 19 -7 18 -7 18 -6 17 0 0 0 0 0 0 0 0 0 0 ]
466,1782981324.114419,17.8389,-70,CSI_DATA,AP,98:F4:AB:29:67:94,-70,11,1,6,1,1,1,1,0,0,0,-96,1,6,1,79485220,0,84,0,0,79.8674,384,[84 -64 4 0 0 0 0 0 0 0 0 0 -2 -13 -2 -14 -1 -14 -1 -14 -1 -15 0 -14 -1 -14 1 -15 0 -16 0 -15 1 -16 1 -15 1 -15 1 -15 1 -14 0 -17 0 -16 0 -17 0 -17 0 -16 0 -17 0 -17 1 -17 1 -16 1 -17 -1 -17 0 0 -1 -17 0 -18 0 -18 -1 -18 0 -17 -1 -17 -1 -18 -1 -19 -1 -19 -2 -18 -1 -19 -1 -18 -2 -18 -1 -18 -2 -18 -3 -18 -2 -19 -3 -17 -4 -18 -3 -18 -3 -18 -3 -19 -2 -19 -3 -19 -3 -18 -2 -17 0 0 0 0 0 0 0 0 0 0 ]
467,1782981324.204377,17.6119,-69,CSI_DATA,AP,98:F4:AB:29:67:94,-69,11,1,5,1,1,1,1,0,0,0,-96,1,6,1,79587220,0,84,0,0,79.9693,384,[84 -64 4 0 0 0 0 0 0 0 0 0 14 2 14 1 15 1 16 2 15 2 14 3 15 3 15 3 15 5 16 5 16 5 15 4 17 6 16 5 16 7 18 5 15 6 16 5 14 6 16 6 16 7 17 7 15 7 16 7 17 7 18 7 0 0 16 8 17 7 18 6 18 7 17 7 18 7 19 7 19 7 18 6 18 7 17 7 18 7 18 7 16 6 17 7 17 5 19 8 18 7 17 6 17 5 17 7 17 7 18 7 18 5 16 6 16 7 0 0 0 0 0 0 0 0 0 0 ]
468,1782981324.294484,17.8388,-69,CSI_DATA,AP,98:F4:AB:29:67:94,-69,11,1,6,1,1,1,1,0,0,0,-96,1,6,1,79666777,0,84,0,0,80.0488,384,[84 -64 4 0 0 0 0 0 0 0 0 0 -12 8 -10 6 -12 6 -13 6 -13 7 -13 5 -14 5 -14 5 -14 5 -14 4 -14 7 -16 6 -15 6 -14 6 -15 5 -16 7 -15 6 -15 6 -15 5 -15 5 -15 6 -16 6 -16 6 -16 6 -17 7 -17 6 0 0 -16 6 -17 8 -16 7 -16 8 -16 7 -17 8 -18 7 -17 7 -18 7 -18 8 -18 9 -16 7 -16 8 -17 7 -16 7 -16 9 -16 9 -16 9 -17 9 -17 9 -17 8 -17 9 -17 9 -16 9 -15 7 -14 8 0 0 0 0 0 0 0 0 0 0 ]
469,1782981324.384581,17.8369,-70,CSI_DATA,AP,98:F4:AB:29:67:94,-70,11,1,6,1,1,1,1,0,0,0,-96,1,6,1,79758232,0,84,0,0,80.1404,384,[84 -64 4 0 0 0 0 0 0 0 0 0 12 8 13 6 12 9 13 9 13 9 13 9 11 10 11 9 11 9 12 11 14 9 12 12 12 11 12 12 11 11 12 13 12 11 12 11 13 11 13 12 13 11 12 13 13 11 13 13 14 12 14 13 0 0 13 12 12 12 14 12 15 12 14 13 14 13 14 13 15 14 15 13 16 12 14 12 14 12 15 13 15 13 15 13 16 12 15 13 15 11 15 11 15 11 15 13 14 13 15 13 15 12 15 11 14 11 0 0 0 0 0 0 0 0 0 0 ]
470,1782981324.475584,19.1675,-67,CSI_DATA,AP,98:F4:AB:29:67:94,-67,11,1,4,1,1,1,1,0,0,0,-96,1,6,1,79846923,0,84,0,0,80.229,384,[84 -64 4 0 0 0 0 0 0 0 0 0 -13 -10 -12 -10 -13 -11 -12 -12 -12 -13 -11 -11 -12 -12 -11 -12 -11 -13 -12 -14 -12 -14 -12 -15 -11 -14 -11 -15 -11 -14 -11 -15 -12 -14 -12 -14 -12 -14 -12 -14 -12 -15 -13 -15 -12 -15 -12 -16 -13 -16 -13 -16 0 0 -13 -15 -14 -16 -13 -15 -14 -15 -12 -15 -14 -15 -14 -16 -14 -17 -14 -16 -15 -17 -15 -16 -14 -16 -14 -16 -15 -16 -15 -15 -15 -15 -15 -16 -15 -14 -16 -15 -16 -14 -15 -15 -15 -15 -15 -15 -15 -15 -15 -14 -15 -14 0 0 0 0 0 0 0 0 0 0 ]
471,1782981324.565181,20.7117,-68,CSI_DATA,AP,98:F4:AB:29:67:94,-68,11,1,3,1,1,1,1,0,0,0,-96,1,6,1,79937318,0,84,0,0,80.3194,384,[84 -64 4 0 0 0 0 0 0 0 0 0 -15 3 -15 3 -15 3 -16 2 -16 2 -17 1 -17 1 -16 0 -17 1 -18 0 -18 0 -18 -1 -19 -1 -18 -1 -18 -2 -19 0 -17 1 -18 0 -17 0 -18 0 -19 0 -19 0 -20 -1 -20 1 -20 -1 -19 0 0 0 -19 1 -21 1 -19 2 -21 2 -19 0 -20 1 -20 1 -20 2 -21 2 -23 2 -21 3 -20 -1 -21 1 -21 1 -20 3 -20 4 -22 2 -20 3 -21 3 -22 4 -21 3 -21 4 -22 3 -21 4 -20 2 -19 3 0 0 0 0 0 0 0 0 0 0 ]
472,1782981324.656295,20.4575,-69,CSI_DATA,AP,98:F4:AB:29:67:94,-69,11,1,5,1,1,1,1,0,0,0,-96,1,6,1,80026195,0,84,0,0,80.4083,384,[84 -64 4 0 0 0 0 0 0 0 0 0 -2 -15 0 -15 -1 -16 0 -16 0 -17 0 -16 2 -16 3 -16 2 -18 2 -16 2 -18 3 -18 3 -17 3 -17 3 -17 3 -18 2 -16 2 -17 3 -17 2 -17 4 -18 3 -19 3 -19 3 -19 3 -19 3 -20 0 0 2 -18 3 -20 3 -20 1 -20 1 -19 3 -20 2 -20 3 -20 4 -20 0 -22 1 -21 2 -20 2 -20 2 -19 0 -19 1 -19 0 -21 0 -21 1 -20 0 -20 1 -20 1 -20 1 -19 -1 -20 0 -19 0 -18 0 0 0 0 0 0 0 0 0 0 ]
473,1782981324.747591,21.7455,-69,CSI_DATA,AP,98:F4:AB:29:67:94,-69,11,1,5,1,1,1,1,0,0,0,-96,1,6,1,80115024,0,84,0,0,80.4972,384,[84 -64 4 0 0 0 0 0 0 0 0 0 -2 -17 -3 -16 -1 -18 -1 -19 0 -17 0 -18 0 -18 1 -18 2 -18 1 -19 1 -18 3 -18 3 -19 4 -20 3 -18 2 -19 3 -19 2 -19 3 -19 3 -19 3 -21 3 -21 4 -20 4 -20 5 -22 3 -21 0 0 3 -21 3 -21 5 -22 2 -21 4 -21 3 -21 4 -22 3 -22 4 -22 3 -23 2 -23 4 -20 4 -22 3 -22 3 -20 3 -22 4 -23 2 -22 2 -22 2 -22 3 -22 4 -22 4 -22 3 -23 3 -22 2 -21 0 0 0 0 0 0 0 0 0 0 ]
474,1782981324.837593,20.3787,-69,CSI_DATA,AP,98:F4:AB:29:67:94,-69,11,1,5,1,1,1,1,0,0,0,-96,1,6,1,80208597,0,84,0,0,80.5908,384,[84 -64 4 0 0 0 0 0 0 0 0 0 -12 9 -12 9 -15 7 -14 7 -14 8 -15 6 -14 7 -14 6 -16 7 -15 7 -17 7 -17 6 -17 6 -17 5 -16 6 -18 6 -16 6 -16 6 -16 6 -16 6 -17 7 -17 6 -17 7 -17 7 -17 8 -17 7 0 0 -17 8 -19 8 -17 7 -18 9 -17 8 -18 8 -19 7 -18 9 -19 8 -20 10 -19 9 -17 8 -17 8 -17 8 -18 10 -18 10 -18 11 -17 10 -17 10 -17 9 -17 9 -17 10 -17 10 -17 10 -16 9 -16 9 0 0 0 0 0 0 0 0 0 0 ]
475,1782981324.925082,19.5696,-69,CSI_DATA,AP,98:F4:AB:29:67:94,-69,11,1,5,1,1,1,1,0,0,0,-96,1,6,1,80296545,0,84,0,0,80.6787,384,[84 -64 4 0 0 0 0 0 0 0 0 0 12 -7 12 -8 14 -6 12 -6 14 -6 14 -7 13 -7 15 -6 14 -6 15 -6 16 -7 16 -4 16 -4 16 -3 15 -5 17 -6 17 -5 16 -6 14 -6 16 -5 16 -5 16 -6 17 -6 17 -6 18 -5 16 -6 0 0 16 -6 18 -7 16 -7 17 -8 18 -6 18 -8 18 -6 17 -7 18 -7 19 -9 17 -8 17 -5 18 -8 17 -8 17 -9 18 -9 18 -9 17 -9 17 -9 16 -8 19 -8 17 -9 17 -8 17 -9 17 -8 15 -7 0 0 0 0 0 0 0 0 0 0 ]
476,1782981325.012904,18.4936,-67,CSI_DATA,AP,98:F4:AB:29:67:94,-67,11,1,4,1,1,1,1,0,0,0,-96,1,6,1,80384875,0,84,0,0,80.7669,384,[84 -64 4 0 0 0 0 0 0 0 0 0 14 -9 13 -7 14 -8 14 -7 14 -6 14 -6 15 -6 15 -6 16 -7 15 -6 16 -6 16 -6 17 -5 16 -5 15 -6 17 -6 16 -5 16 -7 15 -6 17 -6 18 -6 18 -6 18 -6 19 -6 18 -5 18 -6 0 0 18 -6 19 -7 18 -7 18 -7 18 -7 18 -8 20 -7 19 -7 20 -8 19 -8 19 -9 18 -8 19 -9 18 -7 18 -9 18 -10 19 -11 18 -10 19 -9 18 -9 18 -9 18 -9 19 -9 18 -10 18 -10 18 -9 0 0 0 0 0 0 0 0 0 0 ]
477,1782981325.100763,17.2065,-67,CSI_DATA,AP,98:F4:AB:29:67:94,-67,11,1,4,1,1,1,1,0,0,0,-96,1,6,1,80476605,0,84,0,0,80.8588,384,[84 -64 4 0 0 0 0 0 0 0 0 0 9 9 8 9 9 11 8 10 8 10 7 10 8 11 6 12 7 12 7 12 7 13 8 12 8 13 9 13 7 12 8 13 7 14 7 12 8 14 8 13 7 14 7 14 7 13 8 15 8 15 8 15 0 0 8 15 9 15 9 15 9 14 8 14 8 15 9 15 9 15 10 16 10 15 10 14 9 14 10 15 9 15 9 15 10 14 11 15 11 14 10 15 10 14 10 16 10 15 10 15 11 14 10 14 11 13 0 0 0 0 0 0 0 0 0 0 ]
478,1782981325.188464,17.4154,-67,CSI_DATA,AP,98:F4:AB:29:67:94,-67,11,1,4,1,1,1,1,0,0,0,-96,1,6,1,80564749,0,84,0,0,80.9469,384,[84 -64 4 0 0 0 0 0 0 0 0 0 -14 -3 -14 -4 -15 -4 -15 -5 -15 -4 -14 -5 -14 -5 -14 -6 -15 -6 -15 -6 -15 -7 -15 -7 -15 -7 -14 -7 -13 -6 -16 -6 -15 -5 -14 -6 -14 -6 -15 -6 -16 -7 -17 -7 -16 -7 -16 -6 -17 -8 -17 -7 0 0 -16 -6 -17 -7 -17 -6 -18 -6 -16 -6 -18 -7 -18 -6 -19 -6 -18 -5 -19 -5 -19 -6 -18 -6 -18 -6 -18 -6 -18 -6 -18 -4 -20 -5 -18 -5 -19 -4 -18 -4 -19 -5 -18 -4 -19 -5 -18 -5 -17 -4 -17 -4 0 0 0 0 0 0 0 0 0 0 ]
479,1782981325.278043,17.7799,-67,CSI_DATA,AP,98:F4:AB:29:67:94,-67,11,1,4,1,1,1,1,0,0,0,-96,1,6,1,80654666,0,84,0,0,81.0368,384,[84 -64 4 0 0 0 0 0 0 0 0 0 -11 9 -10 8 -12 9 -11 7 -13 9 -10 7 -12 8 -13 8 -13 8 -14 7 -14 7 -15 7 -15 7 -13 7 -14 6 -15 8 -13 7 -14 8 -13 7 -14 7 -15 7 -14 8 -15 8 -15 7 -16 7 -15 8 0 0 -15 9 -16 10 -14 8 -16 11 -14 9 -15 9 -16 10 -16 10 -16 9 -17 9 -16 10 -16 9 -16 10 -14 10 -15 12 -14 11 -16 12 -14 10 -15 11 -14 11 -15 11 -15 11 -15 11 -16 11 -14 10 -13 10 0 0 0 0 0 0 0 0 0 0 ]
480,1782981325.365347,18.3831,-69,CSI_DATA,AP,98:F4:AB:29:67:94,-69,11,1,5,1,1,1,1,0,0,0,-96,1,6,1,80747048,0,84,0,0,81.1292,384,[84 -64 4 0 0 0 0 0 0 0 0 0 -15 5 -15 5 -14 6 -16 5 -16 4 -15 4 -16 3 -15 3 -17 3 -17 3 -16 3 -17 2 -17 1 -18 1 -16 2 -18 3 -17 2 -16 3 -16 2 -18 3 -18 2 -18 3 -19 3 -18 3 -19 3 -19 3 0 0 -17 2 -20 3 -19 3 -18 5 -18 3 -19 3 -19 4 -20 3 -19 4 -21 4 -20 4 -19 4 -19 4 -19 4 -20 5 -19 6 -21 4 -19 5 -20 5 -20 5 -20 6 -19 4 -20 5 -18 6 -18 4 -18 5 0 0 0 0 0 0 0 0 0 0 ]
481,1782981325.454952,17.7216,-69,CSI_DATA,AP,98:F4:AB:29:67:94,-69,11,1,5,1,1,1,1,0,0,0,-96,1,6,1,80834550,0,84,0,0,81.2167,384,[84 -64 4 0 0 0 0 0 0 0 0 0 8 11 8 11 9 12 7 11 8 14 7 13 8 14 7 14 8 14 6 14 7 14 7 15 6 14 7 16 6 14 7 16 7 13 7 16 6 14 6 15 5 15 6 16 6 16 6 16 6 16 7 16 0 0 7 17 7 18 6 17 8 16 6 15 7 18 5 18 7 18 6 17 8 17 8 17 7 18 8 18 7 17 7 17 8 17 9 18 7 16 7 17 8 17 8 17 8 18 8 18 9 16 7 16 9 16 0 0 0 0 0 0 0 0 0 0 ]
482,1782981325.542420,18.9404,-69,CSI_DATA,AP,98:F4:AB:29:67:94,-69,11,1,5,1,1,1,1,0,0,0,-96,1,6,1,80926598,0,84,0,0,81.3087,384,[84 -64 4 0 0 0 0 0 0 0 0 0 10 -10 12 -9 13 -9 13 -9 14 -9 12 -8 12 -9 13 -8 13 -10 15 -9 15 -8 16 -8 15 -9 15 -8 15 -7 15 -8 15 -7 15 -8 14 -9 14 -8 15 -10 15 -9 15 -9 16 -8 17 -10 15 -10 0 0 15 -11 17 -11 16 -10 15 -12 16 -10 16 -11 16 -10 16 -11 16 -11 16 -11 16 -12 15 -10 16 -11 16 -12 16 -12 14 -12 16 -13 14 -12 15 -13 14 -14 14 -12 15 -13 15 -13 14 -12 15 -12 14 -12 0 0 0 0 0 0 0 0 0 0 ]
483,1782981325.630905,18.7196,-69,CSI_DATA,AP,98:F4:AB:29:67:94,-69,11,1,5,1,1,1,1,0,0,0,-96,1,6,1,81017399,0,84,0,0,81.3996,384,[84 -64 4 0 0 0 0 0 0 0 0 0 -5 14 -4 14 -6 16 -5 13 -5 14 -6 12 -4 14 -9 13 -9 13 -7 13 -9 15 -9 15 -8 16 -8 15 -9 14 -8 15 -8 14 -6 14 -7 14 -9 16 -11 16 -10 16 -9 16 -8 15 -9 15 -9 15 0 0 -9 16 -8 16 -8 16 -7 15 -7 17 -11 18 -11 16 -9 18 -8 18 -11 19 -8 18 -9 16 -9 18 -8 15 -6 17 -7 18 -7 18 -8 17 -6 16 -7 19 -7 18 -7 19 -10 17 -6 16 -7 16 -6 16 0 0 0 0 0 0 0 0 0 0 ]
484,1782981325.719522,18.3658,-69,CSI_DATA,AP,98:F4:AB:29:67:94,-69,11,1,5,1,1,1,1,0,0,0,-96,1,6,1,81109096,0,84,0,0,81.4911,384,[84 -64 4 0 0 0 0 0 0 0 0 0 8 -12 8 -11 10 -13 9 -12 10 -12 9 -10 10 -11 11 -12 10 -12 13 -11 11 -12 13 -13 14 -12 13 -12 12 -11 13 -12 12 -10 12 -12 13 -10 13 -10 14 -11 13 -11 15 -11 15 -12 14 -12 15 -12 0 0 15 -12 15 -13 13 -13 14 -14 13 -11 14 -13 15 -12 16 -12 16 -12 15 -14 15 -14 14 -12 15 -14 15 -13 14 -14 14 -13 15 -14 13 -13 15 -13 13 -13 15 -12 15 -13 16 -14 14 -14 14 -13 14 -14 0 0 0 0 0 0 0 0 0 0 ]
485,1782981325.807150,17.6408,-69,CSI_DATA,AP,98:F4:AB:29:67:94,-69,11,1,5,1,1,1,1,0,0,0,-96,1,6,1,81197119,0,84,0,0,81.5793,384,[84 -64 4 0 0 0 0 0 0 0 0 0 2 15 2 14 2 15 1 15 1 15 0 15 -1 15 0 16 0 15 -2 16 -1 17 -1 16 -1 17 -2 16 -2 17 -2 17 -1 17 -1 16 -2 16 -2 16 -3 18 -2 18 -2 17 -2 18 -2 17 -2 18 0 0 -1 18 -1 19 -1 18 -2 17 -2 17 -1 20 -3 20 -2 18 -3 20 -1 19 0 20 -1 19 0 19 -1 20 0 18 0 19 0 19 0 18 -1 19 0 19 -1 18 -1 20 -1 19 0 19 0 19 0 18 0 0 0 0 0 0 0 0 0 0 ]
486,1782981325.901478,17.5211,-70,CSI_DATA,AP,98:F4:AB:29:67:94,-70,11,1,6,1,1,1,1,0,0,0,-96,1,6,1,81284972,0,84,0,0,81.6671,384,[84 -64 4 0 0 0 0 0 0 0 0 0 10 7 11 7 11 9 10 10 10 10 10 9 12 11 10 11 10 12 11 13 12 11 11 15 11 13 10 12 11 13 12 15 12 13 11 14 12 13 11 14 12 14 11 14 10 14 12 14 11 14 13 15 0 0 13 14 14 14 13 15 11 15 12 13 13 15 12 14 14 15 14 14 13 14 13 15 11 14 14 14 13 14 13 14 12 14 14 12 14 12 12 12 15 13 14 14 14 14 14 13 14 15 13 13 13 11 0 0 0 0 0 0 0 0 0 0 ]
487,1782981325.988557,17.9711,-69,CSI_DATA,AP,98:F4:AB:29:67:94,-69,11,1,5,1,1,1,1,0,0,0,-96,1,6,1,81375791,0,84,0,0,81.7579,384,[84 -64 4 0 0 0 0 0 0 0 0 0 -11 9 -12 8 -13 10 -12 8 -13 8 -13 7 -13 7 -14 7 -14 8 -15 6 -15 7 -16 6 -16 6 -16 6 -15 6 -16 8 -15 7 -14 8 -15 7 -16 7 -15 7 -16 8 -16 8 -17 7 -17 8 -16 7 0 0 -17 8 -17 9 -16 7 -18 10 -16 8 -17 10 -18 9 -17 9 -17 8 -19 11 -18 11 -17 8 -16 8 -16 9 -17 11 -16 11 -18 11 -16 10 -16 10 -16 11 -17 11 -15 11 -17 10 -17 12 -16 9 -16 10 0 0 0 0 0 0 0 0 0 0 ]
488,1782981326.076655,18.8322,-67,CSI_DATA,AP,98:F4:AB:29:67:94,-67,11,1,4,1,1,1,1,0,0,0,-96,1,6,1,81472443,0,84,0,0,81.8545,384,[84 -64 4 0 0 0 0 0 0 0 0 0 6 -15 6 -12 7 -15 7 -13 8 -15 7 -13 8 -13 10 -13 9 -15 11 -14 11 -14 11 -15 12 -14 11 -14 10 -13 11 -15 9 -14 11 -15 9 -13 11 -13 12 -14 11 -15 12 -13 12 -14 13 -14 12 -15 0 0 12 -15 13 -17 11 -15 12 -18 11 -14 12 -17 12 -17 13 -17 12 -16 13 -18 12 -17 12 -17 11 -16 11 -15 11 -18 10 -17 11 -18 10 -17 10 -17 10 -17 12 -17 11 -17 12 -18 10 -18 10 -17 10 -16 0 0 0 0 0 0 0 0 0 0 ]
489,1782981326.165626,18.2836,-67,CSI_DATA,AP,98:F4:AB:29:67:94,-67,11,1,4,1,1,1,1,0,0,0,-96,1,6,1,81561614,0,84,0,0,81.9437,384,[84 -64 4 0 0 0 0 0 0 0 0 0 4 -13 4 -13 4 -14 6 -13 6 -14 6 -13 7 -13 7 -13 7 -14 7 -14 7 -13 8 -14 8 -14 8 -13 8 -14 9 -13 7 -14 9 -14 7 -14 8 -14 8 -14 9 -15 10 -14 9 -15 9 -15 9 -15 0 0 8 -15 9 -16 9 -16 7 -16 8 -15 9 -16 9 -16 9 -16 10 -16 9 -17 8 -15 9 -14 7 -16 8 -16 8 -16 8 -17 8 -17 7 -16 7 -17 6 -18 7 -18 8 -16 7 -17 7 -17 6 -16 6 -16 0 0 0 0 0 0 0 0 0 0 ]
490,1782981326.256627,18.6053,-69,CSI_DATA,AP,98:F4:AB:29:67:94,-69,11,1,5,1,1,1,1,0,0,0,-96,1,6,1,81649021,0,84,0,0,82.0311,384,[84 -64 4 0 0 0 0 0 0 0 0 0 1 -13 3 -14 5 -14 4 -15 4 -16 6 -15 6 -15 6 -15 7 -15 7 -16 6 -15 6 -16 8 -16 7 -16 7 -15 7 -16 6 -16 6 -15 8 -16 8 -16 8 -17 8 -17 8 -16 8 -16 8 -17 7 -18 0 0 9 -17 9 -18 8 -18 7 -18 8 -16 8 -18 9 -17 11 -18 8 -18 8 -19 8 -19 7 -17 8 -18 8 -19 7 -18 8 -17 7 -19 6 -18 7 -18 6 -20 8 -18 8 -19 7 -19 7 -18 7 -17 7 -17 0 0 0 0 0 0 0 0 0 0 ]
491,1782981326.344753,18.5249,-70,CSI_DATA,AP,98:F4:AB:29:67:94,-70,11,1,6,1,1,1,1,0,0,0,-96,1,6,1,81736055,0,84,0,0,82.1182,384,[84 -64 4 0 0 0 0 0 0 0 0 0 13 -1 12 0 13 1 15 0 16 2 14 2 14 3 15 3 15 2 16 3 15 3 16 4 16 4 16 4 17 7 16 3 18 4 16 2 15 3 16 3 17 3 16 3 17 4 17 2 18 4 18 4 0 0 17 3 19 4 18 4 19 2 18 3 20 3 19 4 20 3 18 3 19 3 20 3 17 3 18 3 18 3 18 1 20 1 20 2 18 1 18 1 20 1 19 2 19 0 20 2 19 2 19 1 18 2 0 0 0 0 0 0 0 0 0 0 ]
492,1782981326.434643,19.4554,-69,CSI_DATA,AP,98:F4:AB:29:67:94,-69,11,1,5,1,1,1,1,0,0,0,-96,1,6,1,81825504,0,84,0,0,82.2076,384,[84 -64 4 0 0 0 0 0 0 0 0 0 -15 1 -14 1 -15 0 -16 -1 -15 -1 -16 -3 -14 -3 -15 -2 -16 -2 -17 -2 -16 -2 -16 -3 -17 -4 -16 -4 -17 -4 -17 -3 -17 -4 -17 -3 -17 -4 -17 -5 -18 -5 -19 -4 -18 -5 -19 -3 -19 -5 -20 -5 0 0 -19 -5 -19 -4 -20 -3 -18 -4 -20 -3 -20 -4 -19 -4 -19 -4 -20 -4 -20 -4 -21 -4 -20 -5 -23 -6 -19 -4 -20 -3 -19 -2 -20 -4 -21 -2 -21 -2 -20 -2 -21 -3 -21 -3 -20 -3 -20 -3 -19 -3 -19 -2 0 0 0 0 0 0 0 0 0 0 ]
493,1782981326.524646,18.9716,-69,CSI_DATA,AP,98:F4:AB:29:67:94,-69,11,1,5,1,1,1,1,0,0,0,-96,1,6,1,81915217,0,84,0,0,82.2974,384,[84 -64 4 0 0 0 0 0 0 0 0 0 12 5 12 6 12 5 14 6 13 6 13 6 13 7 13 8 14 7 13 9 12 9 14 9 13 10 13 8 14 9 14 8 13 9 14 8 13 9 14 8 15 9 15 9 14 10 14 10 15 11 15 10 0 0 15 10 15 10 16 11 16 10 15 10 15 10 15 10 16 10 16 9 17 9 17 10 16 9 15 9 16 10 17 8 17 9 17 9 17 8 17 8 17 7 18 8 18 9 17 9 16 8 16 8 16 8 0 0 0 0 0 0 0 0 0 0 ]
494,1782981326.613338,17.9008,-69,CSI_DATA,AP,98:F4:AB:29:67:94,-69,11,1,5,1,1,1,1,0,0,0,-96,1,6,1,82006798,0,84,0,0,82.3889,384,[84 -64 4 0 0 0 0 0 0 0 0 0 -12 4 -11 3 -14 3 -14 3 -14 3 -13 3 -13 2 -14 3 -13 3 -15 3 -15 2 -16 2 -16 2 -15 2 -14 1 -16 2 -14 2 -16 2 -15 2 -16 2 -15 1 -18 2 -16 1 -17 1 -17 0 -17 2 0 0 -17 1 -17 2 -17 2 -18 3 -17 1 -18 2 -17 2 -18 1 -18 2 -19 3 -18 3 -18 1 -18 2 -18 2 -18 2 -18 3 -19 2 -16 3 -17 3 -17 3 -17 3 -18 2 -17 3 -18 3 -17 2 -16 3 0 0 0 0 0 0 0 0 0 0 ]
495,1782981326.700174,17.8005,-69,CSI_DATA,AP,98:F4:AB:29:67:94,-69,11,1,5,1,1,1,1,0,0,0,-96,1,6,1,82097541,0,84,0,0,82.4797,384,[84 -64 4 0 0 0 0 0 0 0 0 0 -15 -2 -15 -4 -15 -4 -16 -3 -17 -5 -14 -5 -15 -5 -15 -5 -15 -4 -17 -6 -17 -6 -17 -7 -17 -7 -15 -7 -16 -6 -17 -7 -16 -6 -17 -5 -16 -6 -16 -6 -16 -6 -18 -7 -17 -6 -17 -7 -17 -7 -18 -6 0 0 -16 -5 -18 -6 -17 -6 -20 -5 -18 -5 -18 -6 -20 -6 -19 -5 -20 -5 -20 -5 -20 -4 -20 -5 -19 -4 -19 -4 -19 -4 -19 -3 -21 -3 -18 -3 -20 -3 -19 -3 -20 -4 -19 -3 -21 -3 -19 -2 -19 -2 -19 -3 0 0 0 0 0 0 0 0 0 0 ]
496,1782981326.787110,18.0471,-68,CSI_DATA,AP,98:F4:AB:29:67:94,-68,11,1,3,1,1,1,1,0,0,0,-96,1,6,1,82189475,0,84,0,0,82.5716,384,[84 -64 4 0 0 0 0 0 0 0 0 0 12 5 11 5 12 7 12 7 12 8 10 7 11 9 11 9 11 8 12 10 13 9 12 10 12 10 11 10 10 9 13 11 11 9 12 9 11 9 12 10 11 10 13 10 12 10 13 11 12 10 12 11 0 0 13 11 15 11 13 10 14 10 12 10 14 11 13 10 14 11 14 11 15 11 15 10 13 11 14 10 13 10 15 10 15 8 16 10 14 10 15 9 14 10 14 10 15 9 14 10 15 10 13 9 12 8 0 0 0 0 0 0 0 0 0 0 ]
497,1782981326.875025,17.0346,-70,CSI_DATA,AP,98:F4:AB:29:67:94,-70,11,1,6,1,1,1,1,0,0,0,-96,1,6,1,82275760,0,84,0,0,82.6579,384,[84 -64 4 0 0 0 0 0 0 0 0 0 11 -5 11 -5 12 -6 12 -5 13 -6 12 -5 13 -4 14 -3 13 -4 15 -4 14 -4 14 -4 15 -3 15 -4 14 -3 15 -4 14 -4 14 -3 14 -4 15 -4 16 -3 15 -4 16 -2 16 -3 16 -3 15 -4 0 0 16 -4 17 -4 16 -4 16 -5 15 -3 17 -4 18 -4 17 -4 17 -3 18 -4 17 -6 17 -4 17 -5 17 -5 16 -5 15 -5 17 -5 15 -6 16 -5 15 -6 16 -5 17 -5 17 -5 15 -6 15 -5 15 -5 0 0 0 0 0 0 0 0 0 0 ]
498,1782981326.963553,17.1319,-69,CSI_DATA,AP,98:F4:AB:29:67:94,-69,11,1,5,1,1,1,1,0,0,0,-96,1,6,1,82368418,0,84,0,0,82.7505,384,[84 -64 4 0 0 0 0 0 0 0 0 0 -1 14 -1 13 -2 14 -2 14 -2 15 -2 14 -1 14 -2 15 -2 16 -3 16 -2 16 -4 15 -5 16 -6 15 -4 15 -5 16 -3 16 -4 16 -5 15 -4 16 -4 17 -4 17 -4 17 -4 17 -5 17 -5 18 0 0 -4 17 -4 19 -4 17 -3 18 -4 17 -3 18 -3 19 -3 19 -3 19 -3 19 -4 20 -4 18 -3 19 -3 19 -3 19 -2 18 -2 19 -2 18 -1 19 -1 19 -1 18 -2 19 -3 19 -2 18 -2 17 -2 17 0 0 0 0 0 0 0 0 0 0 ]
499,1782981327.051134,17.0114,-69,CSI_DATA,AP,98:F4:AB:29:67:94,-69,11,1,5,1,1,1,1,0,0,0,-96,1,6,1,82459229,0,84,0,0,82.8413,384,[84 -64 4 0 0 0 0 0 0 0 0 0 8 10 8 10 8 12 8 11 8 12 8 11 8 13 7 13 9 13 7 14 7 14 7 15 5 15 6 15 6 14 8 14 7 14 7 14 7 15 7 15 7 15 9 15 8 17 8 16 7 16 8 16 0 0 8 16 9 17 9 16 10 16 9 15 10 16 9 16 7 15 8 16 9 16 8 18 9 17 9 17 9 16 11 16 10 14 11 17 10 15 10 15 12 15 11 15 10 15 10 17 10 15 8 15 8 14 0 0 0 0 0 0 0 0 0 0 ]
500,1782981327.139197,18.2570,-70,CSI_DATA,AP,98:F4:AB:29:67:94,-70,11,1,6,1,1,1,1,0,0,0,-96,1,6,1,82544364,0,84,0,0,82.9265,384,[84 -64 4 0 0 0 0 0 0 0 0 0 2 15 3 14 2 16 2 14 3 15 1 14 0 16 1 15 0 16 -1 16 1 17 -1 17 -1 17 -2 17 -1 17 -1 17 0 17 0 17 0 17 0 17 -1 18 0 18 0 18 0 17 -2 19 -1 18 0 0 -1 18 -1 19 0 19 0 18 0 18 0 19 -1 20 1 20 1 21 0 20 0 20 -1 20 0 21 2 19 2 19 1 19 1 20 2 19 2 20 1 20 1 20 1 21 1 20 2 19 0 18 1 17 0 0 0 0 0 0 0 0 0 0 ]
501,1782981327.235412,18.5924,-70,CSI_DATA,AP,98:F4:AB:29:67:94,-70,11,1,6,1,1,1,1,0,0,0,-96,1,6,1,82636604,0,84,0,0,83.0187,384,[84 -64 4 0 0 0 0 0 0 0 0 0 -3 13 -4 14 -6 13 -6 14 -4 14 -7 14 -7 14 -7 15 -6 14 -7 13 -7 15 -7 14 -7 15 -8 16 -7 16 -9 15 -8 15 -7 16 -7 15 -8 16 -8 16 -8 16 -8 16 -9 17 -9 16 -9 17 0 0 -8 16 -8 18 -9 18 -8 18 -8 18 -7 17 -9 18 -9 17 -8 19 -7 19 -8 19 -8 18 -8 17 -7 18 -6 19 -7 18 -7 19 -6 17 -6 20 -5 19 -6 19 -5 18 -6 18 -6 19 -7 18 -6 18 0 0 0 0 0 0 0 0 0 0 ]
502,1782981327.341223,19.6505,-69,CSI_DATA,AP,98:F4:AB:29:67:94,-69,11,1,5,1,1,1,1,0,0,0,-96,1,6,1,82724766,0,84,0,0,83.1069,384,[84 -64 4 0 0 0 0 0 0 0 0 0 -9 -12 -10 -11 -10 -12 -10 -13 -10 -14 -8 -13 -9 -14 -8 -14 -9 -14 -9 -15 -9 -16 -8 -15 -9 -16 -8 -17 -8 -14 -10 -16 -9 -15 -8 -15 -9 -15 -8 -16 -9 -16 -8 -16 -9 -18 -9 -17 -8 -18 -9 -17 0 0 -9 -17 -9 -17 -10 -17 -10 -17 -8 -17 -9 -18 -9 -18 -9 -19 -10 -18 -10 -18 -10 -19 -10 -18 -9 -18 -9 -18 -10 -17 -10 -17 -11 -18 -10 -17 -11 -17 -11 -17 -10 -18 -10 -17 -10 -18 -10 -17 -10 -17 -9 -16 0 0 0 0 0 0 0 0 0 0 ]
503,1782981327.419776,17.6573,-69,CSI_DATA,AP,98:F4:AB:29:67:94,-69,11,1,5,1,1,1,1,0,0,0,-96,1,6,1,82820642,0,84,0,0,83.2028,384,[84 -64 4 0 0 0 0 0 0 0 0 0 12 2 11 3 12 3 11 3 13 4 12 4 13 5 12 4 12 4 12 6 13 6 13 7 13 7 12 7 12 6 14 7 12 6 11 4 13 6 13 7 14 7 14 7 14 7 14 7 14 7 14 7 0 0 14 6 15 6 15 6 15 6 15 7 15 7 16 8 15 7 15 6 16 8 16 6 15 8 15 7 14 6 17 5 15 5 17 6 16 5 16 5 16 5 16 6 16 4 16 6 16 5 15 5 14 5 0 0 0 0 0 0 0 0 0 0 ]
504,1782981327.508401,18.6999,-69,CSI_DATA,AP,98:F4:AB:29:67:94,-69,11,1,5,1,1,1,1,0,0,0,-96,1,6,1,82905352,0,84,0,0,83.2875,384,[84 -64 4 0 0 0 0 0 0 0 0 0 11 -8 12 -7 12 -7 13 -8 15 -7 14 -6 14 -6 14 -6 15 -6 15 -6 16 -6 16 -6 18 -6 16 -6 15 -5 17 -6 16 -6 15 -6 16 -6 16 -7 16 -5 17 -7 17 -6 18 -6 19 -6 17 -6 0 0 17 -7 19 -8 16 -8 17 -8 17 -7 17 -7 18 -8 17 -8 17 -7 18 -8 18 -8 17 -6 18 -9 16 -8 16 -10 16 -9 17 -10 16 -11 17 -10 16 -11 17 -9 16 -10 18 -10 16 -10 15 -10 15 -9 0 0 0 0 0 0 0 0 0 0 ]
505,1782981327.595052,17.9536,-69,CSI_DATA,AP,98:F4:AB:29:67:94,-69,11,1,5,1,1,1,1,0,0,0,-96,1,6,1,82994862,0,84,0,0,83.377,384,[84 -64 4 0 0 0 0 0 0 0 0 0 3 11 2 12 3 12 2 12 2 13 1 13 1 13 1 12 0 14 1 12 1 15 0 15 0 15 0 14 -1 14 1 16 0 15 1 14 1 14 0 15 0 15 0 15 0 14 0 16 1 17 0 16 0 0 0 15 1 15 1 16 3 16 2 16 2 16 2 17 1 16 2 17 2 17 1 18 2 16 2 16 1 17 2 17 2 17 3 17 2 16 2 17 3 16 1 17 3 17 2 16 3 15 3 16 2 14 0 0 0 0 0 0 0 0 0 0 ]
506,1782981327.683897,18.1681,-70,CSI_DATA,AP,98:F4:AB:29:67:94,-70,11,1,6,1,1,1,1,0,0,0,-96,1,6,1,83087180,0,84,0,0,83.4693,384,[84 -64 4 0 0 0 0 0 0 0 0 0 7 12 8 12 9 14 8 13 7 14 6 14 8 13 7 14 6 14 6 15 8 15 7 16 5 16 5 17 5 16 5 17 6 14 6 15 6 15 5 16 7 17 8 16 5 16 7 17 5 18 7 18 0 0 8 17 6 19 8 17 9 15 7 15 8 18 9 17 9 16 8 19 10 17 10 17 7 18 7 17 8 17 9 17 9 16 10 17 9 16 10 17 10 17 9 16 11 17 9 18 10 16 9 16 9 18 0 0 0 0 0 0 0 0 0 0 ]
507,1782981327.770963,17.2535,-69,CSI_DATA,AP,98:F4:AB:29:67:94,-69,11,1,6,1,1,1,1,0,0,0,-96,1,6,1,83174615,0,84,0,0,83.5569,384,[84 -64 4 0 0 0 0 0 0 0 0 0 -2 -15 -2 -14 -1 -15 -1 -14 -1 -15 0 -14 0 -14 1 -15 1 -15 1 -15 1 -16 1 -16 2 -16 1 -16 1 -15 1 -18 1 -15 2 -16 2 -14 2 -15 3 -17 1 -16 2 -17 3 -17 2 -17 3 -18 0 0 3 -18 2 -18 2 -18 0 -20 2 -16 2 -19 1 -18 2 -18 1 -18 2 -19 1 -18 3 -17 2 -18 2 -17 1 -18 1 -17 1 -19 1 -18 2 -18 1 -18 1 -18 1 -18 3 -19 1 -18 2 -17 1 -16 0 0 0 0 0 0 0 0 0 0 ]
508,1782981327.870816,19.9262,-70,CSI_DATA,AP,98:F4:AB:29:67:94,-70,11,1,6,1,1,1,1,0,0,0,-96,1,6,1,83266878,0,84,0,0,83.649,384,[84 -64 4 0 0 0 0 0 0 0 0 0 -16 3 -16 4 -17 4 -17 4 -18 3 -18 3 -19 4 -19 3 -20 2 -19 2 -19 3 -20 3 -19 1 -19 1 -19 1 -20 2 -20 2 -19 1 -19 2 -21 1 -21 3 -21 2 -20 2 -21 2 -22 2 -22 1 0 0 -22 4 -22 3 -21 3 -22 4 -21 3 -23 5 -24 4 -23 4 -22 4 -24 3 -22 6 -23 4 -21 5 -22 5 -22 5 -22 5 -22 6 -22 7 -23 7 -21 6 -21 6 -22 6 -21 7 -21 7 -20 5 -20 6 0 0 0 0 0 0 0 0 0 0 ]
509,1782981327.958568,20.1031,-69,CSI_DATA,AP,98:F4:AB:29:67:94,-69,11,1,6,1,1,1,1,0,0,0,-96,1,6,1,83354518,0,84,0,0,83.7366,384,[84 -64 4 0 0 0 0 0 0 0 0 0 -1 -14 -1 -14 -1 -15 0 -17 1 -17 1 -16 1 -16 1 -17 -1 -20 2 -17 2 -17 3 -17 3 -17 2 -18 1 -18 3 -18 2 -18 3 -17 2 -17 3 -18 4 -18 3 -19 3 -18 4 -18 4 -19 4 -19 0 0 3 -19 3 -20 4 -19 4 -20 3 -19 3 -20 4 -20 5 -19 5 -21 2 -22 3 -21 4 -19 4 -20 3 -20 3 -21 2 -20 3 -21 2 -20 2 -20 2 -20 2 -21 2 -20 2 -21 2 -20 1 -19 2 -19 0 0 0 0 0 0 0 0 0 0 ]
510,1782981328.045794,19.2816,-70,CSI_DATA,AP,98:F4:AB:29:67:94,-70,11,1,6,1,1,1,1,0,0,0,-96,1,6,1,83446363,0,84,0,0,83.8285,384,[84 -64 4 0 0 0 0 0 0 0 0 0 -7 12 -6 11 -9 12 -9 11 -8 12 -8 10 -7 12 -10 10 -9 11 -10 12 -10 12 -10 11 -10 11 -11 12 -10 10 -11 12 -9 12 -11 11 -10 11 -11 13 -11 12 -11 12 -12 12 -13 12 -13 12 -12 13 0 0 -11 13 -11 14 -11 14 -10 14 -10 12 -11 13 -11 14 -12 15 -10 14 -12 15 -11 14 -11 14 -11 14 -10 14 -11 14 -11 15 -10 15 -10 14 -9 15 -10 15 -6 13 -10 13 -11 16 -10 15 -10 14 -8 13 0 0 0 0 0 0 0 0 0 0 ]
511,1782981328.154791,17.4914,-67,CSI_DATA,AP,98:F4:AB:29:67:94,-67,11,1,3,1,1,1,1,0,0,0,-96,1,6,1,83552826,0,84,0,0,83.935,384,[84 -64 4 0 0 0 0 0 0 0 0 0 8 9 9 9 8 10 9 10 8 11 7 11 8 11 7 11 8 11 8 12 9 12 8 12 8 13 8 12 7 11 8 13 8 13 7 12 7 13 8 13 8 13 8 14 8 14 8 14 8 14 9 14 0 0 9 13 10 14 10 14 9 14 9 13 10 14 9 15 10 14 10 15 10 15 11 15 10 15 11 15 11 15 10 14 11 14 11 15 11 14 11 14 11 14 11 14 11 14 10 14 11 14 10 13 10 13 0 0 0 0 0 0 0 0 0 0 ]
512,1782981328.236461,18.4831,-67,CSI_DATA,AP,98:F4:AB:29:67:94,-67,11,1,4,1,1,1,1,0,0,0,-96,1,6,1,83628610,0,84,0,0,84.0107,384,[84 -64 4 0 0 0 0 0 0 0 0 0 -13 -7 -13 -8 -14 -8 -13 -8 -15 -9 -13 -9 -13 -10 -13 -11 -13 -10 -13 -11 -14 -11 -13 -11 -14 -12 -15 -13 -12 -12 -15 -12 -14 -11 -14 -11 -14 -12 -14 -12 -15 -12 -15 -12 -15 -13 -16 -13 -15 -13 -15 -13 0 0 -16 -13 -16 -13 -16 -13 -17 -13 -16 -13 -17 -13 -16 -14 -16 -13 -17 -13 -17 -13 -18 -12 -17 -13 -17 -13 -16 -13 -18 -11 -19 -11 -18 -13 -18 -12 -18 -12 -18 -12 -17 -13 -17 -13 -18 -13 -18 -12 -16 -12 -17 -12 0 0 0 0 0 0 0 0 0 0 ]
513,1782981328.323181,18.4902,-70,CSI_DATA,AP,98:F4:AB:29:67:94,-70,11,1,6,1,1,1,1,0,0,0,-96,1,6,1,83714714,0,84,0,0,84.0969,384,[84 -64 4 0 0 0 0 0 0 0 0 0 -12 9 -13 7 -14 8 -14 7 -15 6 -15 5 -14 7 -13 7 -16 7 -16 8 -16 6 -16 7 -17 6 -17 6 -17 5 -17 7 -17 6 -17 6 -17 5 -16 5 -17 7 -18 6 -18 6 -18 7 -18 7 -18 7 0 0 -17 9 -19 8 -18 6 -20 7 -17 8 -19 8 -18 8 -18 8 -18 9 -19 8 -19 9 -19 8 -18 8 -18 8 -19 8 -18 10 -20 10 -18 10 -19 10 -18 12 -17 8 -18 11 -18 9 -18 10 -18 9 -16 9 0 0 0 0 0 0 0 0 0 0 ]
514,1782981328.412680,19.6811,-69,CSI_DATA,AP,98:F4:AB:29:67:94,-69,11,1,5,1,1,1,1,0,0,0,-96,1,6,1,83807275,0,84,0,0,84.1895,384,[84 -64 4 0 0 0 0 0 0 0 0 0 -2 13 -2 14 -4 14 -3 15 -4 15 -6 14 -5 14 -5 14 -5 16 -5 14 -7 16 -6 16 -7 16 -8 15 -6 15 -6 16 -7 15 -7 15 -7 16 -7 16 -6 15 -7 16 -8 16 -7 17 -9 18 -7 18 0 0 -7 18 -6 18 -9 19 -6 18 -8 17 -6 18 -7 20 -7 19 -6 20 -7 19 -7 19 -7 17 -6 19 -7 18 -6 17 -5 20 -7 19 -6 17 -5 19 -5 19 -6 19 -6 19 -6 18 -6 19 -6 17 -5 17 0 0 0 0 0 0 0 0 0 0 ]
515,1782981328.501681,20.3957,-69,CSI_DATA,AP,98:F4:AB:29:67:94,-69,11,1,5,1,1,1,1,0,0,0,-96,1,6,1,83899066,0,84,0,0,84.2812,384,[84 -64 4 0 0 0 0 0 0 0 0 0 -5 -14 -4 -13 -5 -15 -2 -14 -5 -17 -4 -14 -3 -16 -2 -15 -1 -15 -2 -18 -3 -18 -2 -18 -2 -19 -2 -18 0 -17 -1 -19 -4 -16 -2 -16 -1 -17 -2 -18 -1 -19 0 -19 -1 -19 -1 -20 1 -21 -1 -20 0 0 -1 -20 0 -20 -2 -19 -2 -21 -1 -18 1 -20 0 -20 -1 -21 0 -20 -1 -20 -2 -21 -2 -21 -2 -20 -1 -19 -1 -19 -2 -20 -1 -21 -2 -19 -2 -21 -2 -20 1 -19 -1 -20 -2 -21 -2 -20 -1 -18 -3 -18 0 0 0 0 0 0 0 0 0 0 ]
516,1782981328.591684,20.0742,-69,CSI_DATA,AP,98:F4:AB:29:67:94,-69,11,1,5,1,1,1,1,0,0,0,-96,1,6,1,83989261,0,84,0,0,84.3714,384,[84 -64 4 0 0 0 0 0 0 0 0 0 1 -14 1 -13 2 -16 3 -15 2 -16 4 -14 3 -15 4 -15 4 -14 4 -15 5 -16 3 -17 7 -17 4 -17 5 -16 4 -16 5 -16 5 -17 5 -17 5 -18 5 -18 5 -18 6 -19 7 -18 6 -18 7 -18 0 0 6 -18 5 -18 4 -19 5 -19 5 -18 6 -19 5 -19 6 -19 5 -20 6 -20 5 -19 6 -19 5 -19 5 -19 5 -19 4 -19 4 -19 4 -21 4 -19 5 -19 5 -19 4 -19 4 -20 5 -21 4 -18 3 -18 0 0 0 0 0 0 0 0 0 0 ]
517,1782981328.679536,18.5185,-69,CSI_DATA,AP,98:F4:AB:29:67:94,-69,11,1,5,1,1,1,1,0,0,0,-96,1,6,1,84074252,0,84,0,0,84.4564,384,[84 -64 4 0 0 0 0 0 0 0 0 0 13 -4 12 -4 14 -4 14 -3 14 -4 13 -2 14 -3 14 -3 15 -4 17 -3 15 -2 16 -1 16 -2 16 -1 15 -2 18 -1 16 -2 17 -2 16 -2 17 -3 18 -2 17 -1 18 -2 17 -1 17 -1 18 -2 0 0 18 -1 20 -1 18 -1 19 -2 19 0 20 -2 20 -2 20 -2 20 -1 19 -2 20 -2 19 -1 19 -1 19 -3 20 -1 18 -3 19 -2 18 -2 19 -4 18 -4 19 -2 20 -4 20 -2 18 -3 17 -2 18 -3 0 0 0 0 0 0 0 0 0 0 ]
518,1782981328.768688,18.1651,-66,CSI_DATA,AP,98:F4:AB:29:67:94,-66,11,1,1,1,1,1,1,0,0,0,-96,1,6,1,84173490,0,84,0,0,84.5556,384,[84 -64 4 0 0 0 0 0 0 0 0 0 12 4 12 3 14 4 13 4 14 4 11 5 12 5 12 5 13 5 14 7 13 6 14 7 13 7 13 8 13 8 15 8 14 7 13 7 13 6 14 7 15 6 16 7 14 8 14 9 15 9 15 9 0 0 15 8 17 9 15 8 16 9 14 7 16 8 16 9 16 9 16 8 17 8 16 9 15 9 16 9 16 8 17 9 16 7 18 9 15 7 17 8 16 7 17 8 17 8 17 9 16 8 15 8 15 7 0 0 0 0 0 0 0 0 0 0 ]
519,1782981328.856368,18.0305,-69,CSI_DATA,AP,98:F4:AB:29:67:94,-69,11,1,5,1,1,1,1,0,0,0,-96,1,6,1,84258413,0,84,0,0,84.6405,384,[84 -64 4 0 0 0 0 0 0 0 0 0 -13 5 -12 6 -15 6 -14 5 -15 4 -15 4 -15 4 -15 3 -16 3 -17 3 -18 3 -17 3 -18 3 -18 2 -17 1 -17 3 -17 4 -18 3 -17 3 -17 3 -19 2 -18 3 -18 2 -19 2 -19 2 -19 3 0 0 -18 2 -21 3 -19 3 -20 3 -19 2 -21 2 -20 2 -19 2 -20 3 -20 2 -20 3 -19 2 -19 2 -19 2 -20 4 -19 4 -20 3 -20 4 -20 3 -20 3 -20 2 -19 3 -20 2 -20 3 -18 2 -17 3 0 0 0 0 0 0 0 0 0 0 ]
520,1782981328.944225,15.9681,-69,CSI_DATA,AP,98:F4:AB:29:67:94,-69,11,1,5,1,1,1,1,0,0,0,-96,1,6,1,84351719,0,84,0,0,84.7339,384,[84 -64 4 0 0 0 0 0 0 0 0 0 5 9 5 10 5 11 5 10 5 12 5 12 5 12 3 12 3 12 3 12 5 13 4 13 4 15 3 13 3 13 4 14 3 13 4 13 4 13 4 14 3 14 4 15 2 15 3 16 4 15 6 15 0 0 4 15 5 17 5 16 5 16 3 15 5 16 4 17 5 15 5 16 5 17 5 16 5 15 5 15 5 15 5 16 6 15 5 17 6 15 6 16 7 14 5 16 6 16 6 16 6 16 5 14 5 15 0 0 0 0 0 0 0 0 0 0 ]
521,1782981329.054732,16.6914,-69,CSI_DATA,AP,98:F4:AB:29:67:94,-69,11,1,5,1,1,1,1,0,0,0,-96,1,6,1,84442282,0,84,0,0,84.8244,384,[84 -64 4 0 0 0 0 0 0 0 0 0 -5 13 -6 12 -6 13 -7 14 -6 14 -8 13 -8 14 -9 13 -8 13 -9 14 -11 14 -9 14 -10 14 -10 15 -9 13 -10 15 -10 14 -9 13 -10 13 -11 13 -12 14 -10 14 -10 14 -10 15 -11 15 -11 16 0 0 -12 15 -11 16 -11 16 -11 17 -12 13 -11 15 -11 15 -12 15 -12 16 -10 17 -10 16 -11 14 -10 16 -10 15 -11 16 -10 16 -11 17 -11 16 -11 16 -10 16 -10 17 -11 16 -10 17 -9 17 -10 16 -9 15 0 0 0 0 0 0 0 0 0 0 ]
522,1782981329.131681,19.0376,-70,CSI_DATA,AP,98:F4:AB:29:67:94,-70,11,1,6,1,1,1,1,0,0,0,-96,1,6,1,84525416,0,84,0,0,84.9077,384,[84 -64 4 0 0 0 0 0 0 0 0 0 -12 -10 -13 -8 -13 -10 -13 -9 -13 -11 -12 -9 -13 -11 -12 -11 -13 -13 -14 -13 -11 -14 -12 -14 -13 -14 -12 -13 -12 -13 -14 -12 -13 -13 -13 -14 -11 -12 -13 -14 -13 -14 -13 -13 -12 -16 -13 -15 -14 -15 -13 -13 0 0 -14 -13 -16 -15 -13 -14 -15 -14 -13 -14 -16 -14 -15 -13 -15 -15 -16 -15 -16 -15 -16 -14 -13 -15 -14 -14 -14 -12 -16 -14 -15 -12 -18 -15 -16 -12 -16 -12 -18 -12 -17 -14 -17 -13 -16 -15 -16 -13 -14 -14 -15 -13 0 0 0 0 0 0 0 0 0 0 ]
523,1782981329.220822,19.1720,-70,CSI_DATA,AP,98:F4:AB:29:67:94,-70,11,1,6,1,1,1,1,0,0,0,-96,1,6,1,84616350,0,84,0,0,84.9985,384,[84 -64 4 0 0 0 0 0 0 0 0 0 -6 11 -8 12 -7 14 -8 12 -9 13 -8 13 -9 13 -11 11 -9 13 -10 13 -11 13 -11 14 -12 13 -13 13 -11 12 -11 13 -11 12 -12 12 -11 12 -13 13 -13 13 -11 14 -13 14 -12 13 -12 14 -13 14 0 0 -13 14 -13 15 -12 15 -13 15 -13 14 -13 15 -13 15 -15 15 -11 14 -15 16 -14 17 -15 15 -13 16 -12 14 -12 16 -11 16 -14 16 -11 15 -13 16 -12 16 -12 16 -11 15 -13 16 -11 15 -11 15 -11 15 0 0 0 0 0 0 0 0 0 0 ]
524,1782981329.308764,20.3973,-69,CSI_DATA,AP,98:F4:AB:29:67:94,-69,11,1,5,1,1,1,1,0,0,0,-96,1,6,1,84707031,0,84,0,0,85.0892,384,[84 -64 4 0 0 0 0 0 0 0 0 0 -13 5 -13 5 -15 5 -15 4 -15 4 -15 4 -15 4 -15 4 -15 4 -17 4 -15 4 -17 3 -17 4 -17 3 -16 2 -18 3 -18 3 -17 3 -17 4 -18 2 -18 4 -17 3 -17 3 -19 3 -20 3 -19 3 0 0 -19 4 -19 3 -20 4 -19 4 -19 3 -18 4 -19 5 -20 5 -20 5 -20 5 -20 6 -19 4 -18 5 -19 4 -19 5 -20 5 -19 5 -19 6 -19 7 -20 6 -19 6 -20 6 -19 6 -18 7 -18 5 -18 6 0 0 0 0 0 0 0 0 0 0 ]
525,1782981329.396341,19.5431,-69,CSI_DATA,AP,98:F4:AB:29:67:94,-69,11,1,5,1,1,1,1,0,0,0,-96,1,6,1,84795015,0,84,0,0,85.1771,384,[84 -64 4 0 0 0 0 0 0 0 0 0 -12 0 -14 0 -13 0 -13 0 -15 0 -12 -1 -14 0 -14 0 -13 -2 -16 -2 -15 -3 -15 -4 -15 -3 -15 -4 -15 -3 -17 -5 -15 -4 -15 -4 -14 -4 -16 -4 -15 -5 -16 -4 -17 -4 -14 -4 -17 -5 -12 2 0 0 -17 -6 -18 -6 -17 -6 -17 -5 -15 -6 -17 -6 -17 -6 -18 -4 -17 -6 -18 -6 -16 -6 -17 -6 -16 -7 -17 -5 -17 -5 -16 -5 -18 -5 -16 -4 -17 -5 -17 -5 -17 -6 -18 -5 -17 -7 -17 -6 -16 -6 -16 -6 0 0 0 0 0 0 0 0 0 0 ]
526,1782981329.483722,19.4155,-69,CSI_DATA,AP,98:F4:AB:29:67:94,-69,11,1,5,1,1,1,1,0,0,0,-96,1,6,1,84884826,0,84,0,0,85.267,384,[84 -64 4 0 0 0 0 0 0 0 0 0 13 -2 13 -2 14 -3 13 -2 15 -1 14 -2 14 1 14 1 16 0 17 1 16 0 16 2 17 2 17 2 17 2 18 3 17 2 18 2 17 2 16 3 17 3 17 2 18 4 17 4 19 4 17 3 0 0 19 4 19 4 18 3 18 3 16 4 18 4 19 5 19 5 18 5 19 5 19 4 17 5 19 4 18 4 19 4 19 4 20 4 19 3 19 4 19 3 19 3 20 4 19 5 18 4 18 4 17 2 0 0 0 0 0 0 0 0 0 0 ]
527,1782981329.584231,19.5812,-69,CSI_DATA,AP,98:F4:AB:29:67:94,-69,11,1,5,1,1,1,1,0,0,0,-96,1,6,1,84977757,0,84,0,0,85.3599,384,[84 -64 4 0 0 0 0 0 0 0 0 0 -4 -15 -3 -13 -3 -15 -3 -14 -3 -16 -1 -15 -1 -15 -1 -16 -1 -17 -1 -17 -2 -18 0 -18 0 -18 -1 -19 0 -17 -1 -19 -1 -17 -2 -19 -2 -17 -1 -18 -1 -19 -1 -19 -1 -19 -1 -19 0 -20 0 -19 0 0 -2 -19 -2 -20 -2 -19 -3 -20 -1 -19 -2 -19 -3 -20 -3 -21 -3 -20 -4 -20 -3 -20 -3 -19 -4 -19 -4 -19 -5 -19 -5 -17 -5 -22 -5 -20 -6 -19 -6 -20 -6 -19 -5 -19 -5 -21 -6 -19 -5 -18 -5 -18 0 0 0 0 0 0 0 0 0 0 ]
528,1782981329.671829,19.4722,-69,CSI_DATA,AP,98:F4:AB:29:67:94,-69,11,1,5,1,1,1,1,0,0,0,-96,1,6,1,85066893,0,84,0,0,85.449,384,[84 -64 4 0 0 0 0 0 0 0 0 0 -14 -3 -14 -4 -15 -3 -15 -3 -16 -4 -15 -4 -14 -5 -15 -6 -17 -5 -17 -6 -16 -5 -16 -6 -18 -6 -17 -6 -15 -7 -17 -6 -16 -6 -16 -7 -16 -6 -17 -6 -16 -8 -18 -7 -18 -9 -18 -7 -18 -7 -17 -7 0 0 -19 -8 -18 -7 -19 -7 -19 -7 -17 -7 -19 -8 -18 -8 -19 -8 -18 -6 -20 -7 -20 -7 -19 -6 -18 -6 -18 -6 -19 -5 -18 -5 -20 -7 -19 -4 -19 -6 -19 -5 -20 -6 -18 -5 -20 -5 -19 -4 -18 -5 -17 -5 0 0 0 0 0 0 0 0 0 0 ]
529,1782981329.760146,18.0166,-67,CSI_DATA,AP,98:F4:AB:29:67:94,-67,11,1,3,1,1,1,1,0,0,0,-96,1,6,1,85158604,0,84,0,0,85.5407,384,[84 -64 4 0 0 0 0 0 0 0 0 0 9 -9 9 -9 9 -10 10 -10 11 -9 10 -9 11 -10 10 -9 12 -9 12 -9 11 -9 12 -10 14 -10 13 -8 12 -9 13 -9 13 -9 13 -9 13 -9 14 -9 13 -9 14 -9 14 -9 14 -8 15 -8 15 -10 0 0 15 -8 15 -10 14 -9 15 -11 15 -9 15 -10 16 -8 15 -10 15 -10 16 -10 16 -10 15 -10 15 -9 16 -10 14 -10 14 -10 16 -11 14 -10 15 -10 15 -11 15 -11 15 -10 16 -10 15 -10 14 -9 14 -10 0 0 0 0 0 0 0 0 0 0 ]
530,1782981329.848675,19.0440,-70,CSI_DATA,AP,98:F4:AB:29:67:94,-70,11,1,6,1,1,1,1,0,0,0,-96,1,6,1,85250761,0,84,0,0,85.6329,384,[84 -64 4 0 0 0 0 0 0 0 0 0 4 15 3 14 4 16 4 16 3 17 3 16 3 17 2 16 2 17 0 18 2 19 1 19 1 18 1 20 1 17 0 20 1 19 2 19 1 18 0 19 2 20 0 20 0 20 1 20 -1 21 2 21 0 0 1 21 1 22 1 21 2 21 1 21 3 21 1 21 2 20 1 24 2 22 2 23 1 21 1 21 1 22 1 23 2 22 3 21 3 21 1 22 5 21 4 22 3 23 2 21 3 21 2 23 0 20 0 0 0 0 0 0 0 0 0 0 ]
531,1782981329.936284,19.4555,-69,CSI_DATA,AP,98:F4:AB:29:67:94,-69,11,1,6,1,1,1,1,0,0,0,-96,1,6,1,85336660,0,84,0,0,85.7188,384,[84 -64 4 0 0 0 0 0 0 0 0 0 -8 12 -9 10 -11 11 -10 11 -10 12 -11 11 -11 12 -13 11 -11 12 -13 12 -13 11 -13 11 -14 10 -14 11 -12 11 -13 13 -13 11 -13 13 -13 11 -13 12 -13 12 -14 13 -13 12 -14 13 -15 12 -15 13 0 0 -13 14 -14 14 -13 14 -13 15 -13 14 -13 14 -14 13 -14 15 -14 16 -16 16 -14 17 -14 14 -13 15 -12 14 -11 16 -11 15 -13 17 -11 15 -12 17 -12 16 -12 16 -10 18 -13 19 -14 18 -8 16 -12 14 0 0 0 0 0 0 0 0 0 0 ]
532,1782981330.024483,20.7378,-70,CSI_DATA,AP,98:F4:AB:29:67:94,-70,11,1,6,1,1,1,1,0,0,0,-96,1,6,1,85426660,0,84,0,0,85.8088,384,[84 -64 4 0 0 0 0 0 0 0 0 0 -12 6 -14 7 -15 6 -15 6 -14 6 -16 6 -15 3 -16 3 -15 5 -16 4 -17 3 -17 4 -16 3 -18 3 -18 2 -18 3 -19 4 -17 3 -19 5 -17 2 -20 1 -19 2 -18 2 -19 -1 -21 3 -21 3 0 0 -21 1 -21 3 -21 1 -20 3 -21 2 -20 3 -20 2 -21 0 -20 3 -21 3 -21 3 -21 3 -20 1 -20 2 -20 2 -21 4 -21 3 -20 2 -19 3 -20 3 -20 2 -21 3 -21 1 -20 2 -20 1 -20 3 0 0 0 0 0 0 0 0 0 0 ]
533,1782981330.112708,21.6242,-70,CSI_DATA,AP,98:F4:AB:29:67:94,-70,11,1,6,1,1,1,1,0,0,0,-96,1,6,1,85520953,0,84,0,0,85.9031,384,[84 -64 4 0 0 0 0 0 0 0 0 0 10 12 8 13 9 12 9 13 9 15 10 14 8 16 9 16 8 15 7 16 9 17 9 18 9 18 8 17 6 16 8 18 7 17 8 17 8 17 8 18 6 19 8 18 8 19 8 18 9 20 8 19 0 0 8 19 9 20 8 20 9 19 8 18 9 20 7 20 8 20 9 21 10 19 10 20 9 18 9 20 10 20 10 20 9 18 11 20 9 19 10 20 10 19 10 20 10 20 9 20 11 18 9 19 9 18 0 0 0 0 0 0 0 0 0 0 ]
534,1782981330.200725,20.4980,-69,CSI_DATA,AP,98:F4:AB:29:67:94,-69,11,1,5,1,1,1,1,0,0,0,-96,1,6,1,85608360,0,84,0,0,85.9904,384,[84 -64 4 0 0 0 0 0 0 0 0 0 7 11 7 10 6 12 7 12 6 13 6 13 6 14 5 14 6 15 5 14 6 16 5 16 4 16 6 15 6 16 6 16 6 14 6 16 5 16 6 15 6 16 7 17 6 16 5 17 5 18 6 18 0 0 6 17 7 18 7 18 9 18 6 16 7 17 8 18 7 17 8 17 8 18 7 17 6 17 8 17 8 17 8 17 10 16 9 18 9 16 9 16 9 15 8 17 9 16 8 17 9 17 8 16 8 15 0 0 0 0 0 0 0 0 0 0 ]
535,1782981330.290548,21.2574,-69,CSI_DATA,AP,98:F4:AB:29:67:94,-69,11,1,5,1,1,1,1,0,0,0,-96,1,6,1,85694988,0,84,0,0,86.0771,384,[84 -64 4 0 0 0 0 0 0 0 0 0 -14 7 -14 6 -16 6 -17 6 -17 4 -15 3 -17 4 -17 4 -18 5 -18 4 -18 5 -19 3 -19 2 -19 2 -19 2 -20 3 -19 4 -18 3 -19 3 -19 3 -21 1 -21 3 -20 2 -22 2 -22 2 -21 2 0 0 -22 2 -22 3 -21 4 -22 3 -21 2 -22 4 -23 2 -23 3 -22 2 -22 4 -23 4 -22 3 -22 3 -22 3 -22 4 -21 5 -22 4 -21 5 -22 5 -23 5 -22 5 -21 4 -22 3 -21 6 -21 4 -20 5 0 0 0 0 0 0 0 0 0 0 ]
536,1782981330.380728,20.6969,-69,CSI_DATA,AP,98:F4:AB:29:67:94,-69,11,1,5,1,1,1,1,0,0,0,-96,1,6,1,85785365,0,84,0,0,86.1675,384,[84 -64 4 0 0 0 0 0 0 0 0 0 10 -9 11 -8 12 -10 12 -11 13 -9 12 -9 13 -8 13 -9 14 -8 13 -8 13 -9 15 -7 15 -8 15 -8 14 -7 16 -7 15 -7 15 -9 14 -7 16 -8 17 -7 15 -8 15 -7 17 -8 18 -8 17 -9 0 0 17 -7 17 -9 18 -9 18 -8 17 -8 17 -7 18 -8 17 -8 18 -7 18 -8 17 -9 18 -7 17 -9 17 -7 17 -9 17 -10 18 -9 17 -9 18 -9 17 -7 18 -8 18 -8 18 -8 17 -10 16 -8 16 -9 0 0 0 0 0 0 0 0 0 0 ]
537,1782981330.471729,18.5168,-67,CSI_DATA,AP,98:F4:AB:29:67:94,-67,11,1,4,1,1,1,1,0,0,0,-96,1,6,1,85875877,0,84,0,0,86.258,384,[84 -64 4 0 0 0 0 0 0 0 0 0 13 -5 12 -4 13 -4 13 -4 13 -4 13 -3 13 -3 14 -2 13 -3 14 -3 15 -3 15 -2 16 -1 15 -2 14 -2 15 -2 15 -2 15 -2 15 -1 16 -2 16 -1 17 -1 16 -1 17 0 17 -1 17 -1 0 0 17 -1 18 -1 16 -2 17 -3 17 -1 18 -2 18 -1 18 -2 17 -2 19 -3 18 -3 17 -1 17 -1 17 -2 18 -2 17 -3 19 -3 17 -3 17 -3 17 -4 18 -3 18 -3 18 -3 17 -3 16 -2 16 -3 0 0 0 0 0 0 0 0 0 0 ]
538,1782981330.584422,17.0068,-68,CSI_DATA,AP,98:F4:AB:29:67:94,-68,11,1,4,1,1,1,1,0,0,0,-96,1,6,1,85977281,0,84,0,0,86.3594,384,[84 -64 4 0 0 0 0 0 0 0 0 0 1 13 1 12 1 13 0 14 0 14 -1 14 -1 14 -1 14 0 14 -1 15 -1 15 -1 15 -2 16 -2 15 -2 14 -2 16 -3 15 -2 14 -1 14 -2 16 -2 16 -2 16 -2 16 -2 17 -3 17 -1 17 0 0 -2 17 -2 18 -2 18 -2 17 -2 17 -2 17 -2 17 -2 18 -3 18 -1 18 -1 18 -2 18 -1 18 -1 17 -1 18 -1 17 -1 18 -1 17 0 18 0 18 0 18 -1 18 0 19 0 17 -1 16 -1 17 0 0 0 0 0 0 0 0 0 0 ]
539,1782981330.673401,16.9645,-67,CSI_DATA,AP,98:F4:AB:29:67:94,-67,11,1,4,1,1,1,1,0,0,0,-96,1,6,1,86054816,0,84,0,0,86.437,384,[84 -64 4 0 0 0 0 0 0 0 0 0 14 1 13 0 16 0 15 0 15 2 14 3 15 2 15 3 16 2 16 4 17 4 16 4 17 5 17 4 16 3 17 4 16 4 17 3 16 3 17 5 17 5 18 5 17 4 18 4 18 5 18 5 0 0 18 5 20 5 19 4 19 3 19 5 19 5 19 5 19 4 18 4 20 5 20 4 19 5 19 4 19 4 19 3 19 2 21 3 20 3 20 2 20 1 19 3 20 3 21 4 21 3 19 4 18 2 0 0 0 0 0 0 0 0 0 0 ]
540,1782981330.760879,17.3558,-67,CSI_DATA,AP,98:F4:AB:29:67:94,-67,11,1,4,1,1,1,1,0,0,0,-96,1,6,1,86144777,0,84,0,0,86.5269,384,[84 -64 4 0 0 0 0 0 0 0 0 0 -13 3 -13 3 -14 2 -15 2 -14 2 -14 1 -15 1 -14 1 -16 1 -16 0 -16 1 -16 0 -17 0 -17 0 -16 -1 -18 0 -16 1 -16 0 -15 0 -17 0 -17 0 -17 0 -17 -1 -16 0 -18 0 -18 1 0 0 -18 0 -19 0 -18 0 -18 2 -18 0 -19 0 -19 0 -18 0 -19 -1 -19 2 -20 2 -19 0 -18 1 -19 1 -19 1 -19 1 -20 2 -19 2 -19 2 -18 2 -19 1 -19 1 -19 1 -18 2 -17 2 -17 1 0 0 0 0 0 0 0 0 0 0 ]
541,1782981330.856417,18.4581,-67,CSI_DATA,AP,98:F4:AB:29:67:94,-67,11,1,3,1,1,1,1,0,0,0,-96,1,6,1,86245126,0,84,0,0,86.6273,384,[84 -64 4 0 0 0 0 0 0 0 0 0 -13 -7 -14 -7 -14 -9 -14 -9 -14 -10 -13 -10 -13 -10 -14 -10 -13 -10 -13 -11 -14 -12 -14 -11 -15 -12 -14 -12 -13 -12 -15 -13 -14 -12 -12 -13 -13 -12 -13 -13 -13 -13 -14 -13 -13 -14 -15 -14 -15 -13 -16 -14 0 0 -16 -15 -16 -15 -15 -14 -15 -14 -14 -13 -15 -15 -16 -15 -15 -15 -16 -15 -17 -13 -16 -14 -16 -14 -17 -14 -16 -13 -16 -13 -16 -12 -17 -14 -16 -13 -16 -14 -16 -14 -17 -14 -16 -14 -16 -14 -17 -14 -15 -12 -16 -13 0 0 0 0 0 0 0 0 0 0 ]
542,1782981330.944812,19.7187,-67,CSI_DATA,AP,98:F4:AB:29:67:94,-67,11,1,4,1,1,1,1,0,0,0,-96,1,6,1,86326675,0,84,0,0,86.7087,384,[84 -64 4 0 0 0 0 0 0 0 0 0 -14 -7 -13 -8 -15 -8 -13 -8 -15 -9 -13 -9 -13 -8 -14 -10 -14 -10 -14 -11 -14 -11 -14 -12 -14 -12 -15 -12 -13 -11 -15 -12 -14 -10 -16 -11 -14 -12 -15 -11 -15 -12 -16 -12 -15 -12 -16 -12 -15 -13 -16 -13 0 0 -17 -13 -17 -14 -16 -12 -18 -13 -15 -12 -17 -13 -16 -14 -17 -12 -18 -12 -18 -13 -19 -13 -16 -14 -17 -12 -17 -12 -18 -12 -18 -12 -18 -12 -17 -11 -17 -12 -18 -11 -17 -12 -19 -11 -18 -13 -18 -12 -17 -12 -16 -11 0 0 0 0 0 0 0 0 0 0 ]
543,1782981331.034738,20.8295,-67,CSI_DATA,AP,98:F4:AB:29:67:94,-67,11,1,4,1,1,1,1,0,0,0,-96,1,6,1,86418180,0,84,0,0,86.8003,384,[84 -64 4 0 0 0 0 0 0 0 0 0 -13 9 -13 8 -14 9 -14 9 -14 9 -13 8 -15 8 -14 7 -14 8 -17 8 -16 8 -16 7 -16 8 -17 7 -16 7 -17 8 -16 8 -16 9 -17 8 -17 8 -17 7 -17 8 -18 8 -19 7 -19 8 -18 8 0 0 -18 9 -18 9 -17 9 -18 9 -17 9 -18 9 -18 9 -19 9 -20 10 -21 10 -19 10 -19 9 -18 9 -18 9 -17 11 -18 11 -19 12 -18 11 -19 11 -18 11 -19 10 -18 11 -18 11 -18 11 -17 10 -16 10 0 0 0 0 0 0 0 0 0 0 ]
544,1782981331.124758,20.3832,-67,CSI_DATA,AP,98:F4:AB:29:67:94,-67,11,1,4,1,1,1,1,0,0,0,-96,1,6,1,86505709,0,84,0,0,86.8879,384,[84 -64 4 0 0 0 0 0 0 0 0 0 11 8 11 8 12 9 12 9 12 10 10 10 11 10 10 11 11 11 11 12 11 12 12 13 11 13 12 13 11 13 11 14 12 14 11 13 11 13 11 14 11 14 12 15 12 14 12 14 12 15 12 15 0 0 12 15 13 16 12 16 13 14 11 14 13 17 11 17 13 16 12 16 14 16 13 15 12 15 12 16 13 15 14 14 13 14 14 16 13 15 13 16 14 15 12 16 14 16 12 16 13 15 12 14 12 14 0 0 0 0 0 0 0 0 0 0 ]
545,1782981331.213759,20.9429,-66,CSI_DATA,AP,98:F4:AB:29:67:94,-66,11,1,2,1,1,1,1,0,0,0,-96,1,6,1,86603542,0,84,0,0,86.9857,384,[84 -64 4 0 0 0 0 0 0 0 0 0 15 2 14 2 14 3 16 4 15 3 15 5 14 5 15 5 15 5 15 6 16 5 17 6 17 7 16 7 16 8 17 7 18 6 16 6 17 7 17 6 18 7 19 7 16 8 18 8 18 9 19 7 0 0 18 8 19 9 19 8 19 7 17 8 19 9 19 9 19 9 19 9 20 8 21 7 19 7 20 7 20 8 19 6 20 6 21 6 19 6 20 7 20 6 22 7 19 8 21 7 20 6 19 6 19 5 0 0 0 0 0 0 0 0 0 0 ]
546,1782981331.304761,19.2544,-68,CSI_DATA,AP,98:F4:AB:29:67:94,-68,11,1,4,1,1,1,1,0,0,0,-96,1,6,1,86686545,0,84,0,0,87.0687,384,[84 -64 4 0 0 0 0 0 0 0 0 0 5 -12 4 -12 6 -13 5 -13 7 -14 6 -12 7 -13 7 -12 7 -13 7 -13 8 -12 9 -13 9 -13 8 -14 9 -13 8 -15 7 -14 8 -15 8 -13 7 -14 8 -14 9 -15 9 -14 9 -14 10 -15 10 -15 0 0 8 -15 8 -17 9 -15 8 -17 8 -15 8 -16 9 -16 9 -17 9 -17 8 -17 8 -17 8 -17 7 -16 8 -16 7 -18 6 -17 8 -18 6 -17 7 -17 6 -17 7 -18 7 -17 7 -17 7 -17 7 -17 7 -16 0 0 0 0 0 0 0 0 0 0 ]
547,1782981331.394779,18.6739,-67,CSI_DATA,AP,98:F4:AB:29:67:94,-67,11,1,4,1,1,1,1,0,0,0,-96,1,6,1,86775019,0,84,0,0,87.1572,384,[84 -64 4 0 0 0 0 0 0 0 0 0 5 -15 4 -13 5 -15 5 -14 6 -15 7 -15 7 -14 8 -14 7 -16 6 -15 7 -16 8 -16 8 -16 8 -16 7 -15 8 -17 7 -16 7 -16 7 -16 8 -16 9 -17 8 -18 8 -16 9 -18 9 -17 10 -18 0 0 8 -18 9 -20 7 -18 8 -19 7 -18 8 -19 8 -19 8 -19 9 -18 9 -20 8 -20 8 -18 7 -20 7 -19 7 -20 6 -20 7 -21 6 -19 6 -22 6 -20 7 -20 6 -20 6 -20 5 -20 6 -19 6 -20 0 0 0 0 0 0 0 0 0 0 ]
548,1782981331.485159,17.3433,-67,CSI_DATA,AP,98:F4:AB:29:67:94,-67,11,1,3,1,1,1,1,0,0,0,-96,1,6,1,86868566,0,84,0,0,87.2507,384,[84 -64 4 0 0 0 0 0 0 0 0 0 12 -4 12 -4 12 -4 13 -4 13 -4 13 -3 13 -3 13 -3 14 -2 14 -3 15 -2 15 -2 16 -3 14 -2 15 -2 15 -2 15 -2 14 -3 16 -2 15 -1 16 -1 16 -1 15 -2 17 -2 17 -1 17 -2 0 0 17 -1 18 -1 17 -1 16 -2 17 -1 17 -1 19 -1 17 0 18 -1 18 -3 19 -3 18 -2 18 -2 18 -2 17 -2 18 -3 18 -2 17 -4 18 -2 17 -2 18 -2 18 -2 17 -2 18 -2 16 -2 17 -3 0 0 0 0 0 0 0 0 0 0 ]
549,1782981331.576756,18.5365,-67,CSI_DATA,AP,98:F4:AB:29:67:94,-67,11,1,3,1,1,1,1,0,0,0,-96,1,6,1,86955137,0,84,0,0,87.3373,384,[84 -64 4 0 0 0 0 0 0 0 0 0 -12 10 -12 9 -12 10 -13 9 -12 10 -13 8 -13 10 -12 9 -13 9 -15 9 -15 9 -16 8 -14 9 -16 8 -14 9 -16 10 -15 10 -15 10 -14 9 -15 9 -16 10 -16 10 -16 10 -16 10 -17 11 -17 10 0 0 -16 10 -17 12 -17 12 -16 12 -16 10 -16 12 -17 11 -16 12 -17 12 -18 14 -17 12 -16 12 -17 12 -16 11 -17 13 -16 13 -16 14 -15 13 -16 14 -15 14 -16 13 -16 14 -16 14 -16 14 -15 13 -15 12 0 0 0 0 0 0 0 0 0 0 ]
550,1782981331.665753,18.0775,-67,CSI_DATA,AP,98:F4:AB:29:67:94,-67,11,1,3,1,1,1,1,0,0,0,-96,1,6,1,87047671,0,84,0,0,87.4297,384,[84 -64 4 0 0 0 0 0 0 0 0 0 13 0 12 0 13 1 13 1 14 1 12 2 14 1 14 2 14 2 14 4 15 3 15 4 14 4 15 4 14 3 15 3 13 3 15 2 14 4 15 3 16 3 16 3 15 4 15 4 17 6 16 4 0 0 16 5 17 4 16 4 17 3 15 4 18 4 18 4 18 4 17 5 18 4 17 4 16 4 17 5 17 3 19 2 17 3 19 4 17 2 18 3 17 3 18 3 18 2 19 3 16 3 17 4 16 3 0 0 0 0 0 0 0 0 0 0 ]
551,1782981331.755356,17.5794,-67,CSI_DATA,AP,98:F4:AB:29:67:94,-67,11,1,3,1,1,1,1,0,0,0,-96,1,6,1,87136610,0,84,0,0,87.5188,384,[84 -64 4 0 0 0 0 0 0 0 0 0 10 -8 10 -8 10 -9 11 -8 12 -8 11 -7 13 -7 12 -7 13 -8 13 -7 14 -8 14 -7 15 -8 14 -7 13 -7 14 -8 13 -7 14 -8 14 -6 14 -8 16 -7 16 -7 15 -6 16 -7 16 -6 16 -7 0 0 16 -7 17 -7 16 -7 16 -9 16 -6 16 -9 16 -7 17 -8 16 -7 17 -7 16 -9 16 -6 16 -8 16 -8 16 -9 16 -9 17 -8 16 -9 16 -8 16 -9 16 -8 16 -8 17 -7 16 -9 16 -7 16 -8 0 0 0 0 0 0 0 0 0 0 ]
552,1782981331.842992,17.1380,-68,CSI_DATA,AP,98:F4:AB:29:67:94,-68,11,1,3,1,1,1,1,0,0,0,-96,1,6,1,87226028,0,84,0,0,87.6082,384,[84 -64 4 0 0 0 0 0 0 0 0 0 7 9 8 10 8 10 8 10 8 11 7 12 6 12 7 11 7 12 6 12 8 12 7 13 7 13 7 13 7 13 7 14 8 13 7 14 7 13 8 14 6 13 8 15 9 16 8 14 8 15 9 16 0 0 8 15 9 16 9 15 9 16 8 14 10 15 7 17 9 15 8 16 9 15 10 15 10 15 10 15 9 15 10 15 10 14 10 15 10 13 11 15 10 15 10 15 11 15 10 14 11 14 10 15 10 14 0 0 0 0 0 0 0 0 0 0 ]
553,1782981331.931228,17.8876,-67,CSI_DATA,AP,98:F4:AB:29:67:94,-67,11,1,4,1,1,1,1,0,0,0,-96,1,6,1,87315759,0,84,0,0,87.6979,384,[84 -64 4 0 0 0 0 0 0 0 0 0 -14 -4 -11 -4 -14 -6 -14 -5 -14 -6 -14 -7 -13 -5 -12 -7 -14 -7 -14 -8 -14 -8 -14 -7 -14 -9 -15 -9 -14 -9 -15 -8 -14 -7 -14 -7 -14 -8 -15 -8 -15 -9 -16 -9 -16 -10 -15 -10 -15 -11 -16 -9 0 0 -16 -10 -18 -10 -17 -9 -16 -9 -14 -9 -16 -10 -17 -10 -17 -10 -16 -10 -17 -10 -17 -10 -16 -10 -16 -9 -16 -9 -18 -8 -17 -7 -18 -10 -17 -9 -17 -9 -17 -8 -17 -10 -18 -8 -18 -10 -17 -9 -15 -9 -16 -9 0 0 0 0 0 0 0 0 0 0 ]
554,1782981332.020667,19.1502,-67,CSI_DATA,AP,98:F4:AB:29:67:94,-67,11,1,4,1,1,1,1,0,0,0,-96,1,6,1,87404683,0,84,0,0,87.7868,384,[84 -64 4 0 0 0 0 0 0 0 0 0 -3 14 -3 13 -4 13 -3 13 -4 15 -6 13 -5 15 -5 16 -6 15 -7 16 -8 15 -8 15 -7 16 -7 16 -8 15 -7 16 -6 15 -7 17 -7 15 -6 17 -8 17 -8 16 -9 17 -10 17 -9 18 -8 17 0 0 -9 17 -9 20 -8 17 -8 18 -9 17 -9 18 -9 19 -10 19 -9 19 -10 19 -9 20 -10 18 -9 18 -9 18 -7 19 -7 18 -9 20 -8 18 -7 19 -8 18 -9 19 -8 19 -9 19 -9 19 -9 17 -8 18 0 0 0 0 0 0 0 0 0 0 ]
555,1782981332.107910,18.3452,-67,CSI_DATA,AP,98:F4:AB:29:67:94,-67,11,1,4,1,1,1,1,0,0,0,-96,1,6,1,87496392,0,84,0,0,87.8785,384,[84 -64 4 0 0 0 0 0 0 0 0 0 3 12 2 13 2 13 2 13 3 14 1 13 0 14 1 13 2 14 0 14 1 14 2 16 1 16 0 16 0 15 0 15 1 15 2 15 1 14 0 16 0 16 1 17 0 16 1 17 1 17 0 17 0 0 0 17 1 18 0 16 3 18 0 16 1 18 0 18 1 19 1 18 2 19 2 19 1 18 2 18 2 18 2 18 2 17 2 19 2 16 3 18 3 17 1 17 2 19 3 17 3 18 2 16 3 17 0 0 0 0 0 0 0 0 0 0 ]
556,1782981332.195980,19.3566,-67,CSI_DATA,AP,98:F4:AB:29:67:94,-67,11,1,4,1,1,1,1,0,0,0,-96,1,6,1,87586190,0,84,0,0,87.9684,384,[84 -64 4 0 0 0 0 0 0 0 0 0 -13 8 -13 7 -14 6 -15 6 -15 7 -15 7 -15 6 -15 6 -16 6 -16 5 -17 5 -18 5 -17 5 -17 4 -17 4 -18 5 -16 6 -17 5 -17 5 -16 4 -19 4 -19 4 -19 3 -19 4 -20 3 -19 3 0 0 -19 4 -20 5 -19 4 -20 4 -20 2 -20 3 -20 2 -21 4 -21 3 -21 3 -21 4 -20 2 -22 3 -21 2 -21 3 -22 3 -21 3 -19 4 -22 3 -20 3 -21 3 -21 3 -21 1 -21 2 -20 0 -18 9 0 0 0 0 0 0 0 0 0 0 ]
557,1782981332.284203,19.0347,-67,CSI_DATA,AP,98:F4:AB:29:67:94,-67,11,1,4,1,1,1,1,0,0,0,-96,1,6,1,87678211,0,84,0,0,88.0604,384,[84 -64 4 0 0 0 0 0 0 0 0 0 -1 -13 0 -13 0 -14 0 -14 0 -15 1 -14 1 -15 1 -14 0 -15 1 -15 2 -17 1 -17 2 -16 2 -16 1 -15 1 -17 2 -16 1 -16 1 -15 2 -16 2 -17 2 -17 3 -17 2 -17 2 -18 2 -18 0 0 1 -18 1 -18 1 -18 1 -19 2 -17 1 -19 2 -19 0 -19 1 -18 0 -19 1 -19 1 -18 0 -18 1 -18 0 -19 -1 -19 0 -20 -1 -18 -1 -19 -1 -19 0 -20 -1 -19 0 -19 0 -19 0 -18 -2 -17 0 0 0 0 0 0 0 0 0 0 ]
558,1782981332.372243,18.4699,-67,CSI_DATA,AP,98:F4:AB:29:67:94,-67,11,1,4,1,1,1,1,0,0,0,-96,1,6,1,87768892,0,84,0,0,88.1511,384,[84 -64 4 0 0 0 0 0 0 0 0 0 11 -7 10 -7 13 -7 11 -6 12 -8 12 -5 12 -6 12 -6 13 -7 15 -5 14 -5 15 -5 14 -5 15 -5 13 -5 15 -6 13 -6 13 -6 13 -6 14 -7 14 -7 15 -7 15 -6 16 -6 17 -6 15 -6 0 0 15 -8 16 -8 15 -7 17 -9 14 -6 15 -7 17 -8 16 -7 14 -8 16 -10 16 -8 16 -7 16 -8 15 -7 16 -10 14 -10 17 -10 14 -9 15 -10 15 -11 15 -10 15 -10 16 -9 15 -10 15 -8 13 -9 0 0 0 0 0 0 0 0 0 0 ]
559,1782981332.461861,18.4414,-69,CSI_DATA,AP,98:F4:AB:29:67:94,-69,11,1,5,1,1,1,1,0,0,0,-96,1,6,1,87854637,0,84,0,0,88.2368,384,[84 -64 4 0 0 0 0 0 0 0 0 0 -5 12 -6 12 -8 13 -8 13 -7 14 -7 13 -8 12 -9 12 -9 14 -10 13 -9 15 -10 14 -11 14 -11 13 -9 12 -10 13 -10 13 -9 15 -9 13 -10 13 -11 15 -9 14 -11 14 -11 14 -10 15 -11 15 0 0 -11 15 -11 16 -11 16 -10 16 -9 14 -10 16 -12 15 -10 17 -11 17 -10 18 -10 17 -10 16 -9 17 -10 17 -9 17 -8 16 -9 18 -8 17 -8 17 -8 17 -9 16 -10 17 -10 17 -8 18 -9 16 -8 16 0 0 0 0 0 0 0 0 0 0 ]
560,1782981332.552072,17.5182,-69,CSI_DATA,AP,98:F4:AB:29:67:94,-69,11,1,5,1,1,1,1,0,0,0,-96,1,6,1,87944612,0,84,0,0,88.3268,384,[84 -64 4 0 0 0 0 0 0 0 0 0 14 3 12 4 14 5 13 5 15 5 14 5 14 6 13 6 13 6 15 6 14 7 14 7 14 8 15 8 13 7 14 8 14 7 15 7 14 7 15 8 15 9 16 8 16 8 16 8 15 9 16 8 0 0 16 8 17 8 16 8 17 8 16 7 17 7 17 8 18 7 17 7 19 7 17 8 18 7 17 7 18 7 18 7 17 5 18 6 17 5 19 5 18 4 19 5 18 4 18 5 17 5 17 5 16 5 0 0 0 0 0 0 0 0 0 0 ]
561,1782981332.656502,18.5654,-67,CSI_DATA,AP,98:F4:AB:29:67:94,-67,11,1,4,1,1,1,1,0,0,0,-96,1,6,1,88038055,0,84,0,0,88.4202,384,[84 -64 4 0 0 0 0 0 0 0 0 0 -14 5 -14 5 -16 5 -14 5 -16 4 -15 4 -16 4 -16 4 -17 4 -18 4 -17 4 -18 3 -18 3 -17 2 -18 2 -19 3 -17 3 -18 4 -18 3 -18 3 -19 4 -19 3 -19 3 -20 4 -20 2 -19 4 0 0 -19 3 -21 4 -20 4 -21 5 -19 3 -21 3 -21 4 -21 4 -20 5 -22 5 -22 5 -20 3 -20 4 -19 4 -20 6 -20 6 -21 5 -20 6 -21 6 -21 6 -20 5 -21 6 -21 6 -21 6 -21 5 -18 4 0 0 0 0 0 0 0 0 0 0 ]
562,1782981332.760402,18.9219,-66,CSI_DATA,AP,98:F4:AB:29:67:94,-66,11,1,2,1,1,1,1,0,0,0,-96,1,6,1,88128484,0,84,0,0,88.5106,384,[84 -64 4 0 0 0 0 0 0 0 0 0 -7 11 -6 11 -7 12 -8 11 -8 13 -8 10 -9 11 -9 11 -9 12 -11 12 -10 13 -11 13 -11 13 -11 12 -10 11 -11 13 -10 12 -10 14 -10 11 -11 13 -12 13 -12 14 -12 13 -12 14 -13 14 -12 14 0 0 -12 14 -12 15 -10 14 -11 16 -11 14 -12 14 -13 14 -12 15 -12 16 -12 16 -10 16 -11 15 -12 15 -11 14 -10 17 -9 16 -10 17 -9 16 -10 15 -10 16 -11 16 -10 16 -11 17 -10 17 -10 16 -9 15 0 0 0 0 0 0 0 0 0 0 ]
563,1782981332.861113,20.0417,-69,CSI_DATA,AP,98:F4:AB:29:67:94,-69,11,1,5,1,1,1,1,0,0,0,-96,1,6,1,88214995,0,84,0,0,88.5971,384,[84 -64 4 0 0 0 0 0 0 0 0 0 -13 -4 -13 -6 -15 -5 -14 -6 -15 -7 -14 -8 -14 -8 -14 -7 -14 -9 -15 -9 -15 -9 -15 -8 -15 -9 -15 -9 -14 -11 -16 -10 -14 -10 -15 -9 -14 -9 -15 -9 -15 -11 -16 -11 -16 -11 -16 -11 -17 -11 -17 -11 0 0 -16 -11 -18 -10 -16 -10 -17 -11 -16 -11 -18 -13 -16 -12 -18 -11 -17 -13 -18 -11 -18 -10 -17 -10 -18 -11 -17 -10 -18 -11 -18 -9 -17 -11 -17 -10 -18 -10 -18 -11 -18 -10 -18 -11 -17 -11 -17 -10 -17 -10 -17 -9 0 0 0 0 0 0 0 0 0 0 ]
564,1782981332.950303,20.0669,-68,CSI_DATA,AP,98:F4:AB:29:67:94,-68,11,1,5,1,1,1,1,0,0,0,-96,1,6,1,88305084,0,84,0,0,88.6872,384,[84 -64 4 0 0 0 0 0 0 0 0 0 13 -6 12 -5 12 -6 14 -5 15 -5 13 -4 14 -5 15 -4 16 -4 14 -4 15 -4 16 -3 16 -4 17 -3 15 -5 16 -3 17 -4 16 -3 17 -4 17 -4 17 -4 18 -4 18 -3 18 -3 19 -3 18 -3 0 0 18 -3 19 -3 19 -4 19 -5 19 -4 19 -4 20 -4 19 -4 20 -4 19 -4 19 -4 18 -2 20 -3 18 -4 19 -4 20 -5 20 -4 17 -5 19 -6 19 -6 20 -4 19 -4 19 -4 17 -5 19 -4 18 -6 0 0 0 0 0 0 0 0 0 0 ]
565,1782981333.040538,19.9030,-67,CSI_DATA,AP,98:F4:AB:29:67:94,-67,11,1,4,1,1,1,1,0,0,0,-96,1,6,1,88394855,0,84,0,0,88.777,384,[84 -64 4 0 0 0 0 0 0 0 0 0 -11 8 -11 9 -12 10 -12 9 -13 9 -13 8 -15 8 -14 8 -13 9 -15 8 -15 10 -16 8 -16 8 -16 8 -15 8 -16 9 -15 8 -15 9 -16 8 -16 9 -17 8 -17 9 -17 8 -18 9 -18 8 -18 9 0 0 -18 9 -19 10 -17 9 -18 11 -18 9 -18 9 -20 9 -20 10 -19 8 -20 10 -19 10 -19 9 -18 9 -18 9 -18 10 -17 11 -20 12 -18 10 -19 11 -18 11 -19 11 -19 10 -19 10 -19 11 -18 10 -18 8 0 0 0 0 0 0 0 0 0 0 ]
566,1782981333.127956,18.7458,-67,CSI_DATA,AP,98:F4:AB:29:67:94,-67,11,1,4,1,1,1,1,0,0,0,-96,1,6,1,88486485,0,84,0,0,88.8687,384,[84 -64 4 0 0 0 0 0 0 0 0 0 6 -12 5 -12 5 -14 5 -12 6 -13 6 -11 7 -12 7 -12 7 -13 8 -13 9 -12 9 -12 9 -13 9 -13 8 -12 9 -15 8 -13 7 -14 8 -13 9 -14 9 -14 9 -14 11 -14 9 -14 10 -14 10 -14 0 0 9 -14 10 -17 9 -15 10 -17 8 -14 9 -16 10 -16 10 -16 9 -16 10 -17 10 -17 10 -15 10 -16 9 -16 9 -18 7 -16 10 -17 8 -15 9 -17 7 -17 9 -17 8 -17 10 -17 9 -17 9 -16 8 -15 0 0 0 0 0 0 0 0 0 0 ]
567,1782981333.216876,16.7532,-67,CSI_DATA,AP,98:F4:AB:29:67:94,-67,11,1,4,1,1,1,1,0,0,0,-96,1,6,1,88576515,0,84,0,0,88.9587,384,[84 -64 4 0 0 0 0 0 0 0 0 0 2 -12 2 -12 3 -13 3 -13 3 -13 4 -11 5 -12 5 -12 5 -13 5 -12 5 -13 6 -13 6 -13 6 -13 5 -12 5 -14 6 -12 6 -14 5 -12 6 -13 6 -13 7 -14 7 -14 7 -14 8 -14 6 -15 0 0 8 -14 7 -16 6 -14 6 -15 7 -14 7 -16 8 -15 7 -16 8 -15 7 -16 7 -16 8 -15 8 -15 8 -15 6 -16 6 -16 7 -17 6 -15 6 -17 7 -16 7 -16 7 -16 7 -16 6 -16 6 -15 6 -15 0 0 0 0 0 0 0 0 0 0 ]
568,1782981333.306019,17.3132,-67,CSI_DATA,AP,98:F4:AB:29:67:94,-67,11,1,4,1,1,1,1,0,0,0,-96,1,6,1,88668793,0,84,0,0,89.051,384,[84 -64 4 0 0 0 0 0 0 0 0 0 -13 2 -13 2 -14 2 -14 2 -14 2 -15 1 -14 1 -14 0 -15 0 -15 -1 -15 0 -16 0 -16 -1 -15 -1 -16 -1 -17 0 -16 0 -16 -1 -16 0 -16 -1 -16 0 -17 0 -17 -1 -17 -1 -19 0 -17 -1 0 0 -18 -1 -18 0 -19 0 -18 1 -18 -1 -18 0 -19 0 -19 -1 -18 0 -19 1 -19 1 -18 1 -19 1 -19 0 -19 1 -19 1 -20 1 -19 1 -19 2 -19 1 -20 1 -19 1 -19 1 -20 2 -19 2 -18 1 0 0 0 0 0 0 0 0 0 0 ]
569,1782981333.396638,17.9824,-69,CSI_DATA,AP,98:F4:AB:29:67:94,-69,11,1,5,1,1,1,1,0,0,0,-96,1,6,1,88754605,0,84,0,0,89.1368,384,[84 -64 4 0 0 0 0 0 0 0 0 0 -5 13 -6 12 -7 14 -7 13 -6 13 -7 13 -7 12 -8 12 -9 13 -9 14 -9 13 -10 13 -10 14 -10 14 -10 12 -9 15 -10 14 -9 14 -9 14 -9 13 -10 14 -9 14 -11 14 -10 15 -12 15 -11 16 0 0 -12 16 -11 16 -11 16 -10 16 -10 15 -11 16 -12 16 -13 16 -11 16 -12 18 -11 17 -11 16 -11 15 -10 16 -10 17 -10 17 -10 18 -9 18 -10 17 -9 18 -11 17 -10 17 -11 17 -10 17 -10 16 -9 16 0 0 0 0 0 0 0 0 0 0 ]
570,1782981333.488426,17.3890,-68,CSI_DATA,AP,98:F4:AB:29:67:94,-68,11,1,4,1,1,1,1,0,0,0,-96,1,6,1,88845941,0,84,0,0,89.2281,384,[84 -64 4 0 0 0 0 0 0 0 0 0 10 -7 9 -8 12 -7 11 -7 12 -7 11 -6 12 -7 12 -5 12 -7 13 -6 13 -5 14 -5 14 -6 14 -5 13 -6 14 -7 13 -7 14 -7 13 -6 14 -6 15 -6 15 -8 15 -6 15 -5 16 -6 15 -6 0 0 15 -7 17 -8 16 -7 16 -9 15 -6 16 -8 17 -7 16 -8 17 -8 17 -8 17 -8 16 -7 16 -7 15 -8 16 -9 15 -10 17 -9 15 -9 16 -9 15 -9 15 -9 16 -9 17 -8 16 -8 15 -9 14 -8 0 0 0 0 0 0 0 0 0 0 ]
571,1782981333.577929,18.9845,-69,CSI_DATA,AP,98:F4:AB:29:67:94,-69,11,1,5,1,1,1,1,0,0,0,-96,1,6,1,88935382,0,84,0,0,89.3175,384,[84 -64 4 0 0 0 0 0 0 0 0 0 -12 -9 -11 -8 -12 -9 -13 -8 -12 -10 -12 -9 -13 -10 -11 -10 -13 -11 -12 -10 -13 -12 -13 -11 -14 -13 -13 -11 -12 -11 -14 -12 -13 -11 -14 -11 -13 -11 -13 -12 -14 -13 -15 -12 -15 -12 -14 -12 -15 -13 -14 -13 0 0 -14 -13 -14 -14 -14 -12 -17 -13 -14 -13 -15 -13 -14 -14 -16 -13 -15 -13 -17 -13 -17 -13 -15 -13 -15 -12 -15 -13 -16 -12 -16 -12 -17 -13 -16 -12 -17 -12 -16 -12 -17 -13 -15 -13 -17 -13 -16 -12 -16 -11 -16 -12 0 0 0 0 0 0 0 0 0 0 ]
572,1782981333.667359,20.2583,-69,CSI_DATA,AP,98:F4:AB:29:67:94,-69,11,1,5,1,1,1,1,0,0,0,-96,1,6,1,89025172,0,84,0,0,89.4073,384,[84 -64 4 0 0 0 0 0 0 0 0 0 -15 2 -14 -1 -15 0 -15 -1 -15 -1 -15 -1 -15 -2 -16 -3 -17 -2 -15 -2 -16 -2 -17 -2 -16 -2 -17 -3 -16 -5 -16 -2 -15 -3 -17 -3 -16 -3 -18 -3 -17 -4 -18 -3 -18 -4 -19 -3 -20 -5 -20 -3 0 0 -19 -4 -19 -4 -20 -3 -18 -4 -18 -3 -20 -4 -19 -4 -20 -5 -20 -4 -20 -2 -20 -3 -19 -4 -19 -4 -19 -3 -20 -3 -20 -3 -20 -3 -19 -3 -21 -2 -21 -3 -21 -4 -21 -4 -21 -3 -20 -2 -19 -3 -19 -3 0 0 0 0 0 0 0 0 0 0 ]
573,1782981333.759220,19.6991,-67,CSI_DATA,AP,98:F4:AB:29:67:94,-67,11,1,4,1,1,1,1,0,0,0,-96,1,6,1,89119615,0,84,0,0,89.5017,384,[84 -64 4 0 0 0 0 0 0 0 0 0 1 -13 1 -12 2 -14 2 -14 2 -15 2 -14 3 -14 2 -14 3 -14 5 -15 4 -15 4 -15 4 -15 4 -15 4 -14 4 -16 3 -15 4 -16 4 -14 3 -16 4 -16 4 -17 5 -17 5 -17 6 -17 4 -17 0 0 5 -17 5 -19 4 -17 4 -18 4 -16 4 -19 4 -18 4 -18 4 -18 4 -20 4 -18 4 -18 5 -18 3 -18 4 -19 2 -18 4 -20 3 -18 2 -20 2 -19 2 -20 3 -19 4 -19 3 -19 3 -18 3 -17 0 0 0 0 0 0 0 0 0 0 ]
574,1782981333.850005,19.7554,-69,CSI_DATA,AP,98:F4:AB:29:67:94,-69,11,1,5,1,1,1,1,0,0,0,-96,1,6,1,89209298,0,84,0,0,89.5915,384,[84 -64 4 0 0 0 0 0 0 0 0 0 -1 -15 1 -13 1 -16 1 -15 0 -16 2 -15 1 -15 2 -16 1 -16 3 -15 3 -17 2 -16 4 -17 4 -17 2 -17 2 -18 2 -17 1 -17 2 -18 3 -17 2 -18 2 -18 3 -19 3 -18 4 -19 3 -19 0 0 3 -19 3 -20 2 -18 2 -19 2 -18 2 -19 3 -20 2 -20 2 -20 2 -20 1 -20 3 -19 3 -20 2 -19 1 -19 0 -20 1 -21 1 -20 1 -20 0 -19 1 -20 1 -20 1 -20 1 -20 2 -19 1 -18 0 0 0 0 0 0 0 0 0 0 ]
575,1782981333.942184,18.5491,-69,CSI_DATA,AP,98:F4:AB:29:67:94,-69,11,1,5,1,1,1,1,0,0,0,-96,1,6,1,89300505,0,84,0,0,89.6826,384,[84 -64 4 0 0 0 0 0 0 0 0 0 14 2 13 3 14 4 14 4 14 4 13 4 14 5 13 5 15 5 14 6 15 5 14 4 15 7 15 6 15 5 15 6 15 6 16 6 15 6 15 5 17 6 16 5 17 7 17 7 16 7 16 7 0 0 17 7 18 6 18 7 18 6 16 6 18 7 18 8 17 7 17 7 18 8 18 8 18 8 18 7 19 6 19 6 18 5 19 7 18 5 18 7 18 5 18 6 18 6 18 6 18 6 18 7 17 6 0 0 0 0 0 0 0 0 0 0 ]
576,1782981334.032823,17.7371,-69,CSI_DATA,AP,98:F4:AB:29:67:94,-69,11,1,5,1,1,1,1,0,0,0,-96,1,6,1,89384868,0,84,0,0,89.767,384,[84 -64 4 0 0 0 0 0 0 0 0 0 4 12 4 14 4 14 3 15 4 14 3 14 3 14 4 14 3 15 2 15 3 15 3 16 3 16 2 17 2 16 1 17 2 16 2 15 2 14 2 16 3 16 3 16 3 17 2 18 2 18 3 18 0 0 2 18 2 19 3 18 3 18 2 17 3 18 3 19 3 18 3 20 4 18 3 19 2 18 3 19 3 20 2 19 3 19 4 20 4 18 4 19 4 18 4 20 2 20 4 20 4 17 3 18 3 18 0 0 0 0 0 0 0 0 0 0 ]
577,1782981334.123428,19.1639,-67,CSI_DATA,AP,98:F4:AB:29:67:94,-67,11,1,4,1,1,1,1,0,0,0,-96,1,6,1,89477953,0,84,0,0,89.8601,384,[84 -64 4 0 0 0 0 0 0 0 0 0 -2 -15 -1 -14 -2 -16 -1 -16 -1 -17 -1 -15 -1 -16 -1 -17 0 -16 0 -17 1 -18 0 -19 0 -19 0 -18 -1 -17 0 -19 0 -17 -1 -18 -1 -17 -1 -19 -2 -19 0 -20 0 -20 1 -20 1 -21 0 -20 0 0 0 -20 -1 -21 0 -21 -1 -22 1 -20 -1 -21 -1 -22 -1 -20 -1 -23 -1 -22 -1 -22 -2 -21 0 -21 -1 -21 -2 -22 -2 -21 -2 -23 -1 -21 -2 -22 -2 -22 -3 -23 -2 -22 -3 -23 -2 -23 -1 -21 -2 -20 0 0 0 0 0 0 0 0 0 0 ]
578,1782981334.212049,18.2760,-67,CSI_DATA,AP,98:F4:AB:29:67:94,-67,11,1,4,1,1,1,1,0,0,0,-96,1,6,1,89570986,0,84,0,0,89.9531,384,[84 -64 4 0 0 0 0 0 0 0 0 0 -11 6 -11 6 -13 7 -12 7 -13 6 -12 5 -12 5 -13 5 -14 6 -14 5 -14 5 -15 4 -15 4 -15 4 -13 5 -15 6 -14 6 -15 5 -14 6 -14 7 -15 6 -15 7 -16 6 -17 5 -16 6 -16 6 0 0 -17 7 -17 8 -15 7 -16 7 -16 7 -17 8 -17 8 -17 8 -17 7 -18 7 -18 8 -17 7 -18 7 -16 7 -17 10 -16 8 -18 9 -16 9 -16 9 -16 10 -17 10 -16 10 -18 9 -17 8 -16 8 -16 8 0 0 0 0 0 0 0 0 0 0 ]
579,1782981334.303473,17.6255,-67,CSI_DATA,AP,98:F4:AB:29:67:94,-67,11,1,4,1,1,1,1,0,0,0,-96,1,6,1,89654513,0,84,0,0,90.0367,384,[84 -64 4 0 0 0 0 0 0 0 0 0 -2 13 -3 12 -3 13 -5 13 -4 13 -5 12 -5 13 -5 13 -5 13 -5 13 -4 13 -4 13 -6 15 -6 14 -5 14 -6 14 -6 14 -5 14 -5 13 -6 14 -7 15 -7 16 -7 15 -7 16 -7 16 -6 16 0 0 -7 16 -7 17 -6 17 -6 17 -7 16 -7 16 -7 16 -7 17 -7 17 -7 18 -5 18 -6 17 -6 17 -6 16 -6 18 -6 18 -6 18 -6 18 -6 18 -6 17 -6 17 -7 17 -6 18 -6 17 -5 17 -6 17 0 0 0 0 0 0 0 0 0 0 ]
580,1782981334.392727,17.6900,-68,CSI_DATA,AP,98:F4:AB:29:67:94,-68,11,1,4,1,1,1,1,0,0,0,-96,1,6,1,89745628,0,84,0,0,90.1278,384,[84 -64 4 0 0 0 0 0 0 0 0 0 -3 11 -5 12 -4 13 -4 12 -5 13 -5 13 -5 12 -5 12 -5 13 -5 13 -6 13 -6 14 -5 13 -5 13 -5 13 -6 15 -5 14 -6 14 -6 14 -5 14 -6 15 -5 15 -6 15 -7 16 -7 17 -7 15 0 0 -5 16 -6 17 -6 17 -5 16 -6 16 -6 16 -6 17 -5 16 -6 18 -7 16 -5 18 -5 17 -5 17 -5 17 -5 17 -4 18 -6 19 -4 18 -5 18 -3 17 -5 18 -5 18 -5 18 -5 18 -5 18 -4 17 0 0 0 0 0 0 0 0 0 0 ]
581,1782981334.482634,18.6647,-69,CSI_DATA,AP,98:F4:AB:29:67:94,-69,11,1,5,1,1,1,1,0,0,0,-96,1,6,1,89836807,0,84,0,0,90.219,384,[84 -64 4 0 0 0 0 0 0 0 0 0 1 14 2 12 1 13 1 14 1 15 0 13 0 15 0 15 0 15 -1 15 -1 17 -2 16 -2 15 -1 17 -1 14 0 16 0 17 0 16 -1 16 -1 17 0 17 0 18 -1 18 -2 18 -1 19 0 18 0 0 0 18 1 19 -1 19 1 18 0 19 0 19 0 20 0 19 1 20 0 20 0 19 0 20 0 20 1 19 2 19 2 19 1 20 1 19 1 19 2 19 1 20 2 20 2 19 2 19 1 18 1 18 0 0 0 0 0 0 0 0 0 0 ]
582,1782981334.571608,20.3417,-69,CSI_DATA,AP,98:F4:AB:29:67:94,-69,11,1,5,1,1,1,1,0,0,0,-96,1,6,1,89926974,0,84,0,0,90.3091,384,[84 -64 4 0 0 0 0 0 0 0 0 0 9 -14 9 -12 11 -13 10 -13 11 -12 11 -12 11 -12 12 -12 11 -13 13 -13 14 -12 13 -12 13 -13 13 -12 13 -14 13 -15 12 -13 14 -13 13 -13 13 -14 13 -14 13 -15 14 -14 17 -13 15 -15 16 -15 0 0 14 -15 15 -17 13 -15 14 -18 14 -15 14 -16 15 -16 15 -17 14 -17 15 -17 15 -17 14 -15 14 -17 14 -15 14 -19 13 -18 14 -20 14 -18 14 -18 12 -18 13 -19 12 -20 14 -19 13 -19 13 -17 14 -17 0 0 0 0 0 0 0 0 0 0 ]
583,1782981334.659440,20.0753,-69,CSI_DATA,AP,98:F4:AB:29:67:94,-69,11,1,5,1,1,1,1,0,0,0,-96,1,6,1,90017274,0,84,0,0,90.3993,384,[84 -64 4 0 0 0 0 0 0 0 0 0 -8 -13 -4 -14 -6 -15 -6 -15 -6 -15 -5 -15 -3 -15 -5 -16 -5 -15 -4 -16 -5 -16 -5 -16 -5 -17 -4 -16 -3 -16 -5 -18 -5 -17 -5 -17 -5 -16 -4 -18 -3 -17 -5 -19 -4 -18 -4 -19 -4 -19 -4 -19 0 0 -4 -19 -5 -20 -6 -20 -7 -20 -4 -18 -6 -20 -5 -21 -4 -20 -6 -19 -7 -20 -6 -20 -5 -19 -7 -19 -5 -19 -7 -20 -7 -18 -7 -20 -8 -19 -7 -19 -7 -19 -8 -20 -7 -20 -7 -20 -8 -19 -7 -19 -7 -18 0 0 0 0 0 0 0 0 0 0 ]
584,1782981334.748009,18.4336,-67,CSI_DATA,AP,98:F4:AB:29:67:94,-67,11,1,4,1,1,1,1,0,0,0,-96,1,6,1,90106438,0,84,0,0,90.4886,384,[84 -64 4 0 0 0 0 0 0 0 0 0 6 11 7 9 7 10 7 10 8 11 5 10 6 11 6 12 7 11 6 11 7 12 6 13 7 13 6 14 6 13 7 14 6 13 7 14 6 13 7 13 8 14 8 14 7 14 7 15 7 15 7 15 0 0 8 14 9 16 8 15 9 15 7 14 9 15 9 16 9 14 8 15 10 16 10 15 9 14 10 15 10 15 10 14 10 14 10 16 10 14 11 15 11 14 11 14 10 14 10 16 11 14 11 14 9 13 0 0 0 0 0 0 0 0 0 0 ]
585,1782981334.836625,18.3010,-69,CSI_DATA,AP,98:F4:AB:29:67:94,-69,11,1,5,1,1,1,1,0,0,0,-96,1,6,1,90194651,0,84,0,0,90.5768,384,[84 -64 4 0 0 0 0 0 0 0 0 0 -12 9 -11 8 -12 9 -12 8 -13 10 -12 9 -14 8 -13 7 -13 8 -14 8 -16 8 -14 8 -16 8 -15 8 -15 7 -15 8 -14 9 -15 9 -14 6 -15 7 -16 9 -16 8 -17 8 -17 8 -17 8 -17 10 0 0 -17 8 -18 10 -16 9 -19 10 -19 7 -18 10 -17 8 -18 10 -18 10 -19 9 -18 10 -18 8 -17 8 -18 9 -18 11 -15 10 -18 9 -16 10 -16 10 -17 10 -17 10 -17 11 -19 10 -17 9 -17 8 -17 9 0 0 0 0 0 0 0 0 0 0 ]
586,1782981334.924004,20.1852,-68,CSI_DATA,AP,98:F4:AB:29:67:94,-68,11,1,5,1,1,1,1,0,0,0,-96,1,6,1,90284829,0,84,0,0,90.667,384,[84 -64 4 0 0 0 0 0 0 0 0 0 -15 -7 -14 -7 -17 -8 -15 -8 -16 -8 -14 -7 -17 -8 -14 -10 -16 -8 -15 -11 -16 -11 -15 -11 -16 -12 -16 -11 -15 -10 -17 -10 -15 -9 -18 -9 -16 -10 -16 -10 -16 -12 -18 -11 -17 -12 -17 -12 -18 -12 -18 -13 0 0 -19 -12 -20 -12 -19 -11 -20 -11 -18 -10 -20 -11 -20 -12 -19 -11 -20 -12 -21 -12 -21 -11 -19 -13 -20 -11 -19 -10 -20 -10 -20 -9 -22 -12 -21 -10 -22 -9 -21 -10 -22 -11 -21 -11 -21 -11 -21 -10 -19 -11 -18 -8 0 0 0 0 0 0 0 0 0 0 ]
587,1782981335.013670,18.6552,-67,CSI_DATA,AP,98:F4:AB:29:67:94,-67,11,1,4,1,1,1,1,0,0,0,-96,1,6,1,90379240,0,84,0,0,90.7614,384,[84 -64 4 0 0 0 0 0 0 0 0 0 6 11 4 11 6 12 5 12 6 13 5 12 5 14 5 12 5 13 5 13 5 14 4 14 4 14 4 15 4 13 5 15 5 13 5 14 5 14 5 14 5 16 5 15 5 16 5 15 5 16 5 16 0 0 6 16 7 17 6 16 8 16 6 16 6 16 7 17 7 17 8 16 7 17 7 17 7 16 7 17 6 16 8 17 8 15 8 18 8 15 9 17 9 16 8 16 9 16 8 16 8 16 8 15 7 15 0 0 0 0 0 0 0 0 0 0 ]
588,1782981335.101765,18.2493,-67,CSI_DATA,AP,98:F4:AB:29:67:94,-67,11,1,4,1,1,1,1,0,0,0,-96,1,6,1,90468590,0,84,0,0,90.8508,384,[84 -64 4 0 0 0 0 0 0 0 0 0 1 13 2 13 1 16 1 14 0 15 1 15 0 14 0 15 0 14 -1 16 -1 16 -2 16 -2 17 -1 16 -1 16 -2 17 -1 16 0 17 -1 16 0 16 -1 19 0 18 -1 17 -2 18 -1 19 -1 19 0 0 0 19 -1 20 -1 20 0 19 -1 18 -1 20 -1 21 -1 20 0 21 0 21 -1 20 0 20 0 20 0 21 -1 20 0 20 1 21 0 19 1 21 1 21 1 21 0 21 0 22 1 19 0 19 1 19 0 0 0 0 0 0 0 0 0 0 ]
589,1782981335.191446,17.5793,-67,CSI_DATA,AP,98:F4:AB:29:67:94,-67,11,1,4,1,1,1,1,0,0,0,-96,1,6,1,90556810,0,84,0,0,90.939,384,[84 -64 4 0 0 0 0 0 0 0 0 0 -13 1 -13 1 -15 0 -14 0 -15 -1 -14 0 -14 -1 -15 -2 -15 -1 -16 -2 -16 -2 -15 -1 -16 -2 -16 -2 -16 -3 -17 -2 -15 -2 -16 -1 -16 -2 -16 -2 -17 -2 -17 -2 -17 -3 -17 -2 -17 -4 -17 -3 0 0 -17 -3 -19 -2 -18 -3 -18 -2 -19 -3 -18 -3 -19 -3 -20 -3 -18 -3 -20 -3 -20 -2 -19 -3 -19 -3 -18 -3 -20 -2 -18 -2 -20 -2 -18 -1 -19 -2 -19 -2 -20 -2 -19 -1 -20 -2 -19 -2 -18 -2 -17 -1 0 0 0 0 0 0 0 0 0 0 ]
590,1782981335.282029,17.0860,-67,CSI_DATA,AP,98:F4:AB:29:67:94,-67,11,1,4,1,1,1,1,0,0,0,-96,1,6,1,90647064,0,84,0,0,91.0292,384,[84 -64 4 0 0 0 0 0 0 0 0 0 12 -4 11 -3 13 -4 13 -3 13 -4 12 -3 13 -3 13 -2 15 -3 14 -1 14 -2 15 -2 15 -2 15 -2 13 -2 15 -2 14 -2 15 -3 14 -1 15 -2 16 -1 16 -2 16 -1 17 -2 17 -1 17 -1 0 0 17 -2 18 -2 17 -2 18 -3 16 -1 17 -2 18 -2 18 -2 18 -2 19 -2 19 -3 18 -2 18 -2 17 -2 18 -4 17 -3 19 -4 17 -3 18 -3 19 -3 19 -2 17 -3 18 -2 18 -3 17 -2 17 -2 0 0 0 0 0 0 0 0 0 0 ]
591,1782981335.368927,19.2661,-67,CSI_DATA,AP,98:F4:AB:29:67:94,-67,11,1,4,1,1,1,1,0,0,0,-96,1,6,1,90737127,0,84,0,0,91.1192,384,[84 -64 4 0 0 0 0 0 0 0 0 0 -11 -12 -11 -11 -11 -11 -11 -11 -12 -12 -9 -12 -9 -12 -9 -13 -11 -13 -10 -15 -11 -15 -11 -14 -10 -15 -11 -15 -9 -14 -10 -14 -11 -14 -11 -14 -11 -15 -11 -15 -11 -16 -12 -16 -11 -17 -12 -16 -11 -18 -12 -17 0 0 -12 -17 -13 -16 -13 -17 -14 -17 -12 -17 -13 -18 -12 -18 -13 -17 -14 -18 -13 -18 -14 -17 -12 -17 -14 -17 -13 -17 -14 -17 -15 -16 -14 -18 -14 -16 -14 -18 -14 -17 -13 -18 -15 -17 -14 -17 -15 -16 -14 -17 -13 -16 0 0 0 0 0 0 0 0 0 0 ]
592,1782981335.459202,20.1495,-69,CSI_DATA,AP,98:F4:AB:29:67:94,-69,11,1,5,1,1,1,1,0,0,0,-96,1,6,1,90825421,0,84,0,0,91.2075,384,[84 -64 4 0 0 0 0 0 0 0 0 0 -7 -14 -6 -13 -7 -14 -7 -14 -6 -14 -6 -15 -6 -15 -6 -14 -6 -15 -5 -16 -7 -17 -5 -17 -5 -17 -6 -17 -5 -15 -5 -18 -5 -16 -5 -16 -6 -17 -6 -17 -6 -17 -4 -17 -6 -17 -6 -19 -6 -19 -7 -19 0 0 -7 -18 -6 -19 -5 -20 -7 -19 -5 -18 -7 -20 -7 -19 -7 -19 -7 -19 -7 -18 -7 -21 -7 -18 -7 -20 -7 -19 -7 -19 -8 -18 -7 -20 -9 -18 -8 -19 -9 -18 -8 -19 -8 -19 -6 -19 -7 -20 -7 -18 -7 -18 0 0 0 0 0 0 0 0 0 0 ]
593,1782981335.552089,20.8888,-68,CSI_DATA,AP,98:F4:AB:29:67:94,-68,11,1,5,1,1,1,1,0,0,0,-96,1,6,1,90916433,0,84,0,0,91.2986,384,[84 -64 4 0 0 0 0 0 0 0 0 0 16 -2 16 -2 16 -1 15 -2 16 0 17 0 17 -1 17 0 18 1 16 0 18 1 18 1 18 1 18 2 18 1 20 2 19 1 18 0 18 1 19 1 19 0 21 1 20 1 20 1 21 2 21 1 0 0 19 1 20 1 20 0 21 0 20 1 21 0 21 1 22 0 22 0 23 -1 23 0 21 1 21 2 22 -1 21 -1 22 -1 22 -1 22 -2 22 -1 22 -2 23 -1 23 -1 22 0 22 -1 22 -1 21 -1 0 0 0 0 0 0 0 0 0 0 ]
594,1782981335.643203,20.3132,-68,CSI_DATA,AP,98:F4:AB:29:67:94,-68,11,1,5,1,1,1,1,0,0,0,-96,1,6,1,91005046,0,84,0,0,91.3872,384,[84 -64 4 0 0 0 0 0 0 0 0 0 12 11 10 11 11 12 11 12 12 11 11 12 10 13 10 12 11 14 11 14 12 14 12 13 11 15 10 13 9 14 13 15 11 14 12 15 11 14 12 14 11 16 12 16 13 16 12 16 11 16 12 16 0 0 12 16 14 17 12 16 14 17 13 14 12 17 13 15 12 17 14 17 14 17 14 16 13 16 13 18 13 16 13 16 13 14 14 16 15 15 14 15 17 15 14 16 15 16 14 16 14 17 13 15 14 17 0 0 0 0 0 0 0 0 0 0 ]
595,1782981335.731711,19.3501,-67,CSI_DATA,AP,98:F4:AB:29:67:94,-67,11,1,4,1,1,1,1,0,0,0,-96,1,6,1,91096338,0,84,0,0,91.4784,384,[84 -64 4 0 0 0 0 0 0 0 0 0 -12 -6 -12 -8 -11 -8 -12 -9 -12 -9 -11 -9 -10 -10 -11 -10 -11 -10 -11 -11 -11 -10 -12 -10 -12 -10 -12 -11 -10 -11 -12 -12 -12 -11 -12 -11 -12 -12 -12 -12 -11 -13 -13 -13 -12 -12 -13 -11 -13 -12 -13 -13 0 0 -13 -13 -14 -12 -14 -13 -13 -12 -13 -12 -13 -13 -14 -13 -13 -13 -14 -14 -15 -13 -16 -13 -15 -12 -14 -13 -14 -13 -15 -12 -15 -11 -15 -12 -15 -12 -16 -12 -15 -12 -15 -13 -15 -13 -15 -12 -15 -12 -14 -11 -15 -11 0 0 0 0 0 0 0 0 0 0 ]
596,1782981335.819247,19.7325,-69,CSI_DATA,AP,98:F4:AB:29:67:94,-69,11,1,5,1,1,1,1,0,0,0,-96,1,6,1,91185202,0,84,0,0,91.5674,384,[84 -64 4 0 0 0 0 0 0 0 0 0 -12 -9 -12 -10 -13 -9 -13 -11 -13 -10 -13 -10 -11 -11 -12 -11 -11 -11 -12 -12 -11 -13 -11 -14 -11 -12 -12 -14 -11 -13 -12 -13 -12 -13 -13 -13 -11 -13 -12 -13 -12 -14 -13 -14 -12 -14 -12 -14 -13 -15 -12 -14 0 0 -13 -14 -13 -15 -14 -14 -15 -15 -13 -14 -14 -16 -14 -16 -13 -15 -14 -16 -15 -15 -15 -16 -14 -16 -14 -15 -14 -16 -15 -15 -16 -14 -15 -15 -15 -14 -15 -14 -15 -14 -15 -14 -15 -13 -14 -15 -14 -14 -13 -13 -14 -14 0 0 0 0 0 0 0 0 0 0 ]
597,1782981335.908875,18.7598,-69,CSI_DATA,AP,98:F4:AB:29:67:94,-69,11,1,5,1,1,1,1,0,0,0,-96,1,6,1,91275855,0,84,0,0,91.658,384,[84 -64 4 0 0 0 0 0 0 0 0 0 3 14 3 13 3 15 3 14 1 15 1 14 2 15 1 14 1 15 0 16 -1 16 0 17 -1 18 0 17 0 16 0 18 0 15 1 17 0 16 1 18 1 17 1 18 0 18 0 18 -1 19 -1 18 0 0 0 18 1 20 0 18 1 20 0 18 2 19 0 19 -1 19 1 19 1 20 1 19 0 19 0 19 1 19 1 20 1 19 2 20 2 18 2 20 3 19 2 20 2 20 1 19 1 19 0 18 1 18 0 0 0 0 0 0 0 0 0 0 ]
598,1782981336.001514,18.3127,-69,CSI_DATA,AP,98:F4:AB:29:67:94,-69,11,1,5,1,1,1,1,0,0,0,-96,1,6,1,91367011,0,84,0,0,91.7492,384,[84 -64 4 0 0 0 0 0 0 0 0 0 10 -9 9 -8 11 -10 11 -10 11 -10 11 -8 12 -9 13 -8 12 -8 12 -9 13 -9 13 -10 13 -8 14 -8 13 -7 14 -9 13 -8 14 -10 13 -9 14 -10 13 -10 15 -10 14 -11 16 -10 16 -9 15 -10 0 0 14 -11 15 -11 15 -10 16 -12 16 -11 16 -11 16 -12 16 -11 15 -11 16 -13 16 -12 16 -12 16 -13 15 -12 15 -13 13 -14 16 -14 14 -13 17 -13 14 -15 15 -13 14 -14 15 -14 14 -15 13 -13 12 -12 0 0 0 0 0 0 0 0 0 0 ]
599,1782981336.089869,17.5723,-67,CSI_DATA,AP,98:F4:AB:29:67:94,-67,11,1,4,1,1,1,1,0,0,0,-96,1,6,1,91460067,0,84,0,0,91.8422,384,[84 -64 4 0 0 0 0 0 0 0 0 0 -13 -3 -13 -3 -14 -4 -14 -4 -14 -4 -14 -4 -14 -4 -13 -5 -14 -5 -15 -5 -15 -5 -16 -6 -15 -6 -15 -6 -14 -5 -16 -6 -14 -5 -15 -5 -15 -6 -15 -5 -16 -7 -15 -6 -16 -7 -17 -6 -17 -6 -17 -6 0 0 -18 -6 -18 -6 -17 -6 -18 -5 -17 -6 -18 -7 -18 -7 -18 -6 -18 -6 -18 -7 -19 -6 -18 -7 -18 -5 -18 -6 -18 -5 -18 -5 -19 -6 -18 -5 -18 -5 -19 -5 -19 -6 -19 -5 -19 -6 -19 -5 -17 -5 -18 -4 0 0 0 0 0 0 0 0 0 0 ]
600,1782981336.179881,16.5404,-67,CSI_DATA,AP,98:F4:AB:29:67:94,-67,11,1,4,1,1,1,1,0,0,0,-96,1,6,1,91545519,0,84,0,0,91.9276,384,[84 -64 4 0 0 0 0 0 0 0 0 0 -9 -8 -8 -8 -10 -8 -9 -8 -10 -10 -8 -9 -8 -9 -10 -9 -10 -10 -9 -11 -9 -10 -9 -11 -9 -11 -9 -12 -9 -11 -10 -12 -8 -10 -11 -11 -9 -11 -9 -12 -9 -11 -11 -12 -10 -12 -10 -13 -10 -13 -10 -12 0 0 -11 -13 -11 -13 -10 -13 -11 -12 -10 -12 -11 -14 -10 -14 -11 -14 -12 -13 -12 -14 -11 -14 -11 -13 -11 -13 -10 -12 -11 -13 -11 -13 -11 -14 -10 -12 -11 -13 -12 -12 -11 -14 -13 -13 -11 -14 -11 -13 -11 -13 -11 -12 0 0 0 0 0 0 0 0 0 0 ]
601,1782981336.268940,17.5046,-67,CSI_DATA,AP,98:F4:AB:29:67:94,-67,11,1,4,1,1,1,1,0,0,0,-96,1,6,1,91634571,0,84,0,0,92.0167,384,[84 -64 4 0 0 0 0 0 0 0 0 0 -6 -12 -5 -12 -6 -13 -5 -13 -6 -13 -4 -14 -4 -14 -4 -14 -5 -14 -3 -15 -3 -15 -2 -16 -3 -15 -4 -15 -3 -15 -5 -16 -5 -15 -5 -16 -4 -15 -5 -15 -6 -17 -5 -17 -4 -17 -4 -17 -3 -18 -4 -17 0 0 -5 -17 -5 -19 -5 -18 -5 -18 -5 -17 -5 -18 -5 -19 -6 -19 -6 -18 -6 -20 -6 -19 -4 -18 -5 -18 -5 -18 -7 -18 -7 -17 -7 -20 -7 -18 -7 -19 -7 -18 -6 -19 -7 -19 -6 -20 -6 -19 -6 -18 -6 -17 0 0 0 0 0 0 0 0 0 0 ]
602,1782981336.359607,16.2517,-67,CSI_DATA,AP,98:F4:AB:29:67:94,-67,11,1,4,1,1,1,1,0,0,0,-96,1,6,1,91726133,0,84,0,0,92.1083,384,[84 -64 4 0 0 0 0 0 0 0 0 0 13 0 13 0 14 1 13 2 14 2 13 2 13 3 12 3 14 2 13 3 14 3 14 4 14 4 14 3 13 3 15 3 14 3 14 3 14 4 15 3 14 4 15 4 15 4 15 4 15 4 16 5 0 0 16 4 18 4 17 3 17 4 16 3 17 4 18 5 17 5 17 4 18 4 18 3 17 5 17 4 17 3 18 3 17 2 19 4 18 3 18 3 17 3 17 4 18 3 18 4 18 4 17 3 17 3 0 0 0 0 0 0 0 0 0 0 ]
603,1782981336.449193,17.1478,-66,CSI_DATA,AP,98:F4:AB:29:67:94,-66,11,1,2,1,1,1,1,0,0,0,-96,1,6,1,91819587,0,84,0,0,92.2017,384,[84 -64 4 0 0 0 0 0 0 0 0 0 11 -5 12 -4 14 -4 13 -4 14 -3 14 -3 14 -3 13 -3 14 -2 15 -2 16 -3 16 -3 16 -2 16 -3 15 -2 17 -2 15 -2 15 -2 16 -2 16 -2 17 -1 17 -2 16 -2 17 -2 18 -2 18 -2 0 0 17 -2 19 -2 19 -2 17 -3 17 -2 19 -3 19 -1 19 -1 19 -3 19 -3 19 -3 18 -1 19 -2 19 -2 18 -3 19 -4 20 -4 18 -3 19 -3 19 -3 20 -2 19 -2 20 -2 19 -3 19 -3 18 -3 0 0 0 0 0 0 0 0 0 0 ]
604,1782981336.540174,17.5470,-67,CSI_DATA,AP,98:F4:AB:29:67:94,-67,11,1,4,1,1,1,1,0,0,0,-96,1,6,1,91906248,0,84,0,0,92.2884,384,[84 -64 4 0 0 0 0 0 0 0 0 0 9 10 9 10 10 11 9 11 9 12 8 12 9 12 7 12 9 12 8 14 10 13 9 14 8 14 10 14 8 14 9 16 9 14 9 13 8 13 10 14 9 14 10 15 9 15 10 15 10 17 10 16 0 0 10 15 11 17 11 15 12 15 10 16 11 16 11 17 11 16 12 18 11 17 11 17 10 17 12 17 11 17 14 16 13 15 13 17 12 16 13 15 12 15 11 17 12 16 12 17 14 15 11 15 11 15 0 0 0 0 0 0 0 0 0 0 ]
605,1782981336.630879,17.3561,-67,CSI_DATA,AP,98:F4:AB:29:67:94,-67,11,1,4,1,1,1,1,0,0,0,-96,1,6,1,91997105,0,84,0,0,92.3793,384,[84 -64 4 0 0 0 0 0 0 0 0 0 13 1 12 1 14 2 13 1 14 2 12 2 13 3 13 3 14 2 15 4 14 4 13 4 14 5 14 4 13 4 15 4 13 3 14 4 13 3 14 5 15 5 16 5 16 4 15 5 16 6 16 5 0 0 16 5 18 5 16 4 17 4 15 5 16 5 17 4 17 6 18 4 19 6 18 4 17 6 17 5 17 5 18 3 17 3 19 4 18 3 18 4 18 4 18 4 18 4 18 5 17 4 17 4 17 4 0 0 0 0 0 0 0 0 0 0 ]
606,1782981336.720652,18.7604,-68,CSI_DATA,AP,98:F4:AB:29:67:94,-68,11,1,4,1,1,1,1,0,0,0,-96,1,6,1,92085215,0,84,0,0,92.4674,384,[84 -64 4 0 0 0 0 0 0 0 0 0 8 -13 8 -12 9 -13 8 -12 9 -14 9 -12 10 -12 10 -12 11 -13 10 -13 11 -13 12 -13 12 -13 12 -13 11 -11 12 -14 11 -13 12 -13 11 -13 11 -13 13 -13 12 -15 13 -14 13 -14 13 -14 14 -15 0 0 13 -15 14 -16 13 -14 13 -17 13 -14 13 -16 14 -16 13 -16 14 -17 14 -17 13 -17 13 -15 14 -15 13 -15 12 -17 12 -17 14 -18 11 -16 13 -18 12 -18 13 -16 13 -17 14 -17 13 -17 13 -16 12 -16 0 0 0 0 0 0 0 0 0 0 ]
607,1782981336.810498,19.9454,-67,CSI_DATA,AP,98:F4:AB:29:67:94,-67,11,1,4,1,1,1,1,0,0,0,-96,1,6,1,92175144,0,84,0,0,92.5573,384,[84 -64 4 0 0 0 0 0 0 0 0 0 -11 10 -11 9 -12 9 -13 9 -13 10 -13 8 -12 8 -15 7 -14 10 -15 8 -15 8 -16 9 -16 8 -16 7 -14 8 -16 10 -15 9 -15 10 -16 9 -16 8 -17 8 -17 10 -16 9 -17 9 -18 9 -17 9 0 0 -17 9 -18 11 -18 10 -19 9 -17 9 -18 10 -19 9 -20 10 -19 9 -20 12 -19 12 -18 10 -19 11 -19 10 -18 11 -16 12 -19 11 -17 11 -19 11 -19 11 -18 11 -18 11 -19 11 -18 11 -18 11 -18 10 0 0 0 0 0 0 0 0 0 0 ]
608,1782981336.898319,20.3494,-67,CSI_DATA,AP,98:F4:AB:29:67:94,-67,11,1,4,1,1,1,1,0,0,0,-96,1,6,1,92264959,0,84,0,0,92.647,384,[84 -64 4 0 0 0 0 0 0 0 0 0 10 -9 12 -10 12 -9 11 -9 12 -10 11 -8 13 -9 12 -9 13 -10 14 -9 14 -9 15 -9 15 -8 15 -9 14 -8 15 -9 15 -9 14 -9 14 -9 15 -9 15 -9 16 -10 15 -10 17 -8 17 -10 16 -10 0 0 16 -10 18 -10 17 -11 17 -12 16 -11 17 -11 17 -12 18 -11 17 -12 18 -12 17 -12 17 -10 17 -11 17 -11 17 -11 17 -12 18 -12 16 -12 17 -12 16 -13 16 -13 17 -12 17 -13 17 -12 17 -12 16 -11 0 0 0 0 0 0 0 0 0 0 ]
609,1782981336.988526,20.4042,-67,CSI_DATA,AP,98:F4:AB:29:67:94,-67,11,1,4,1,1,1,1,0,0,0,-96,1,6,1,92356800,0,84,0,0,92.739,384,[84 -64 4 0 0 0 0 0 0 0 0 0 5 -14 4 -14 6 -15 4 -14 6 -15 6 -13 5 -15 7 -15 6 -16 9 -16 7 -15 9 -16 8 -15 9 -15 7 -14 9 -17 7 -15 7 -17 8 -15 8 -17 9 -17 8 -17 9 -17 10 -17 10 -17 10 -17 0 0 10 -18 10 -19 8 -17 9 -19 9 -17 9 -18 10 -18 9 -19 10 -19 10 -20 10 -20 10 -18 10 -18 9 -17 9 -19 8 -19 10 -20 9 -19 7 -19 8 -20 10 -20 8 -19 10 -19 9 -19 10 -19 9 -19 0 0 0 0 0 0 0 0 0 0 ]
610,1782981337.076205,19.3863,-67,CSI_DATA,AP,98:F4:AB:29:67:94,-67,11,1,4,1,1,1,1,0,0,0,-96,1,6,1,92445338,0,84,0,0,92.8275,384,[84 -64 4 0 0 0 0 0 0 0 0 0 9 12 8 11 8 11 8 11 9 13 7 12 7 14 6 13 8 13 6 14 7 15 7 15 6 15 8 15 7 15 7 16 8 14 9 16 7 15 7 15 7 17 9 16 7 17 7 17 7 17 8 17 0 0 8 17 9 18 9 18 10 18 8 16 8 18 8 19 8 18 10 18 10 19 9 19 8 17 9 18 9 18 10 19 10 17 11 18 10 17 10 18 9 18 10 19 11 17 10 19 10 18 9 17 9 17 0 0 0 0 0 0 0 0 0 0 ]
611,1782981337.164414,18.7896,-66,CSI_DATA,AP,98:F4:AB:29:67:94,-66,11,1,2,1,1,1,1,0,0,0,-96,1,6,1,92537057,0,84,0,0,92.9192,384,[84 -64 4 0 0 0 0 0 0 0 0 0 9 -10 9 -10 10 -10 10 -10 11 -10 10 -9 11 -10 12 -9 12 -9 12 -9 12 -10 13 -9 13 -9 13 -9 12 -9 14 -10 12 -9 13 -9 13 -8 14 -8 14 -9 15 -9 15 -8 15 -9 16 -9 16 -10 0 0 15 -9 17 -10 15 -10 15 -11 15 -9 16 -9 17 -10 16 -9 16 -11 16 -11 15 -11 16 -10 16 -11 16 -10 16 -11 15 -11 17 -11 15 -11 17 -11 16 -11 17 -10 16 -10 17 -10 16 -11 16 -10 15 -10 0 0 0 0 0 0 0 0 0 0 ]
612,1782981337.252757,17.3272,-67,CSI_DATA,AP,98:F4:AB:29:67:94,-67,11,1,4,1,1,1,1,0,0,0,-96,1,6,1,92624652,0,84,0,0,93.0068,384,[84 -64 4 0 0 0 0 0 0 0 0 0 12 3 11 4 13 5 12 5 12 5 12 5 13 6 12 6 13 5 12 7 13 7 12 8 13 7 12 9 12 7 14 8 13 8 13 7 13 6 13 7 14 8 14 8 14 8 13 8 14 10 15 9 0 0 14 9 15 8 15 8 15 8 14 9 15 8 16 9 16 9 15 10 16 9 16 8 14 10 16 9 16 9 15 9 16 7 17 9 16 7 16 9 16 6 17 7 16 9 17 9 16 8 16 8 15 8 0 0 0 0 0 0 0 0 0 0 ]
613,1782981337.340358,17.5661,-67,CSI_DATA,AP,98:F4:AB:29:67:94,-67,11,1,4,1,1,1,1,0,0,0,-96,1,6,1,92719333,0,84,0,0,93.1015,384,[84 -64 4 0 0 0 0 0 0 0 0 0 -13 -2 -13 -3 -15 -3 -13 -4 -15 -4 -13 -4 -14 -3 -14 -4 -15 -4 -15 -5 -15 -6 -15 -5 -16 -6 -15 -5 -14 -5 -16 -6 -15 -5 -16 -4 -15 -5 -15 -5 -16 -5 -17 -5 -17 -5 -16 -6 -17 -7 -17 -6 0 0 -17 -6 -18 -6 -18 -5 -18 -5 -17 -6 -18 -6 -18 -6 -19 -5 -19 -5 -19 -6 -18 -5 -18 -6 -19 -5 -17 -5 -19 -5 -18 -4 -20 -5 -19 -4 -20 -3 -19 -4 -19 -5 -18 -4 -19 -6 -19 -5 -19 -5 -19 -4 0 0 0 0 0 0 0 0 0 0 ]
614,1782981337.428113,16.4413,-67,CSI_DATA,AP,98:F4:AB:29:67:94,-67,11,1,4,1,1,1,1,0,0,0,-96,1,6,1,92806500,0,84,0,0,93.1887,384,[84 -64 4 0 0 0 0 0 0 0 0 0 11 5 10 5 12 5 11 5 12 6 10 6 12 7 11 7 12 7 12 8 13 8 12 8 12 10 12 8 11 8 13 9 12 7 13 8 12 7 12 9 12 10 13 10 13 9 12 9 13 10 14 10 0 0 13 11 14 11 13 10 15 9 13 10 14 10 14 11 14 10 15 11 15 11 15 10 14 11 15 11 14 11 16 10 14 9 16 10 15 9 15 10 15 9 15 10 15 11 14 11 15 10 13 10 14 9 0 0 0 0 0 0 0 0 0 0 ]
615,1782981337.515868,16.9135,-67,CSI_DATA,AP,98:F4:AB:29:67:94,-67,11,1,4,1,1,1,1,0,0,0,-96,1,6,1,92901371,0,84,0,0,93.2835,384,[84 -64 4 0 0 0 0 0 0 0 0 0 -5 -13 -5 -12 -5 -13 -5 -14 -5 -13 -4 -14 -2 -15 -4 -15 -3 -15 -3 -14 -3 -15 -3 -17 -3 -16 -3 -16 -3 -15 -3 -16 -3 -16 -3 -15 -3 -16 -1 -15 -1 -17 -2 -17 -1 -17 -3 -18 -3 -18 -3 -17 0 0 -2 -18 -4 -18 -3 -19 -4 -18 -3 -18 -2 -19 -2 -18 -2 -19 -3 -19 -3 -19 -3 -19 -3 -18 -3 -19 -3 -19 -3 -18 -4 -18 -4 -19 -4 -19 -3 -19 -4 -19 -4 -19 -4 -18 -4 -19 -5 -19 -5 -18 -4 -19 0 0 0 0 0 0 0 0 0 0 ]
616,1782981337.605069,17.8187,-67,CSI_DATA,AP,98:F4:AB:29:67:94,-67,11,1,4,1,1,1,1,0,0,0,-96,1,6,1,92987012,0,84,0,0,93.3691,384,[84 -64 4 0 0 0 0 0 0 0 0 0 13 3 13 3 15 4 13 4 14 5 13 5 14 6 14 6 14 6 14 6 15 7 15 6 14 7 15 8 14 8 15 7 15 6 15 7 15 7 15 7 16 8 16 8 17 7 17 9 17 9 17 9 0 0 17 8 18 8 17 9 18 7 16 8 18 10 18 8 18 8 18 8 18 9 18 9 17 9 18 8 18 8 19 8 19 7 20 8 18 7 19 8 19 7 19 7 18 8 20 7 20 8 17 8 18 7 0 0 0 0 0 0 0 0 0 0 ]
617,1782981337.693297,19.5162,-67,CSI_DATA,AP,98:F4:AB:29:67:94,-67,11,1,3,1,1,1,1,0,0,0,-96,1,6,1,93085753,0,84,0,0,93.4679,384,[84 -64 4 0 0 0 0 0 0 0 0 0 -5 -14 -5 -13 -5 -15 -5 -15 -5 -16 -4 -15 -4 -15 -4 -16 -4 -16 -3 -16 -3 -17 -3 -17 -2 -18 -2 -17 -3 -17 -4 -19 -3 -16 -4 -17 -3 -17 -3 -18 -3 -19 -3 -19 -3 -19 -2 -20 -3 -20 -2 -20 0 0 -3 -19 -4 -21 -4 -20 -4 -20 -3 -20 -4 -21 -4 -21 -4 -20 -4 -21 -4 -21 -4 -21 -3 -21 -4 -21 -4 -20 -5 -21 -5 -21 -5 -22 -5 -20 -5 -21 -5 -21 -5 -21 -5 -21 -4 -21 -5 -21 -4 -21 -5 -19 0 0 0 0 0 0 0 0 0 0 ]
618,1782981337.787224,18.4854,-67,CSI_DATA,AP,98:F4:AB:29:67:94,-67,11,1,4,1,1,1,1,0,0,0,-96,1,6,1,93164573,0,84,0,0,93.5467,384,[84 -64 4 0 0 0 0 0 0 0 0 0 12 0 12 1 13 2 13 2 14 2 12 2 12 3 13 3 13 4 13 4 14 3 14 4 14 4 15 4 14 3 15 5 14 4 15 3 14 4 14 4 15 6 15 4 15 5 15 5 16 5 16 5 0 0 16 4 17 5 16 5 17 4 16 4 17 5 17 5 17 5 18 5 18 4 18 3 17 4 18 4 17 4 18 3 17 3 19 3 17 3 17 3 17 3 18 4 18 4 18 4 18 3 16 3 16 2 0 0 0 0 0 0 0 0 0 0 ]
619,1782981337.881922,20.2473,-67,CSI_DATA,AP,98:F4:AB:29:67:94,-67,11,1,4,1,1,1,1,0,0,0,-96,1,6,1,93254625,0,84,0,0,93.6368,384,[84 -64 4 0 0 0 0 0 0 0 0 0 -13 9 -13 7 -14 7 -15 7 -15 7 -15 6 -15 8 -15 7 -16 7 -16 6 -16 8 -17 7 -17 6 -17 7 -17 7 -19 7 -17 7 -16 7 -17 7 -17 7 -18 7 -18 7 -17 7 -18 7 -20 7 -19 8 0 0 -19 7 -20 8 -19 8 -18 8 -18 7 -19 9 -19 7 -19 7 -19 8 -20 9 -20 10 -19 8 -19 9 -20 9 -19 10 -19 10 -19 9 -18 10 -19 10 -18 11 -19 11 -20 10 -19 11 -18 10 -19 9 -18 9 0 0 0 0 0 0 0 0 0 0 ]
620,1782981337.969660,20.2856,-67,CSI_DATA,AP,98:F4:AB:29:67:94,-67,11,1,4,1,1,1,1,0,0,0,-96,1,6,1,93348860,0,84,0,0,93.731,384,[84 -64 4 0 0 0 0 0 0 0 0 0 1 -14 2 -15 2 -15 1 -16 2 -15 3 -16 3 -14 3 -16 3 -16 4 -18 4 -17 5 -17 4 -18 5 -16 3 -17 5 -19 3 -17 4 -17 5 -18 4 -18 5 -19 4 -19 5 -19 6 -19 5 -19 5 -20 0 0 4 -19 5 -21 5 -19 4 -21 4 -18 5 -21 4 -21 3 -20 4 -22 4 -22 5 -21 4 -21 4 -20 4 -20 3 -22 2 -21 3 -22 2 -21 3 -21 1 -22 3 -22 3 -22 3 -22 3 -21 3 -21 2 -20 0 0 0 0 0 0 0 0 0 0 ]
621,1782981338.057949,19.8340,-67,CSI_DATA,AP,98:F4:AB:29:67:94,-67,11,1,4,1,1,1,1,0,0,0,-96,1,6,1,93435325,0,84,0,0,93.8175,384,[84 -64 4 0 0 0 0 0 0 0 0 0 8 12 7 11 8 13 7 13 7 13 7 13 6 14 6 14 6 14 6 16 7 16 6 16 6 15 7 16 6 15 7 16 6 15 7 16 6 15 7 16 7 17 7 17 5 17 7 17 6 18 7 18 0 0 7 18 8 18 8 17 9 18 7 17 7 18 8 21 7 19 8 18 8 20 8 19 7 19 7 18 7 18 9 19 10 17 9 19 8 19 10 18 8 18 9 19 9 18 8 20 9 19 8 17 8 18 0 0 0 0 0 0 0 0 0 0 ]
622,1782981338.148388,18.7538,-67,CSI_DATA,AP,98:F4:AB:29:67:94,-67,11,1,4,1,1,1,1,0,0,0,-96,1,6,1,93528622,0,84,0,0,93.9108,384,[84 -64 4 0 0 0 0 0 0 0 0 0 -13 -3 -13 -2 -14 -2 -13 -3 -15 -2 -13 -3 -14 -4 -15 -4 -14 -5 -16 -5 -15 -4 -16 -4 -15 -5 -15 -5 -14 -5 -17 -6 -15 -4 -16 -4 -14 -5 -16 -5 -16 -5 -17 -6 -16 -6 -15 -6 -17 -6 -17 -6 0 0 -18 -5 -18 -6 -17 -6 -17 -4 -17 -5 -17 -7 -17 -6 -18 -6 -18 -6 -19 -6 -19 -5 -17 -5 -17 -5 -18 -5 -19 -5 -19 -4 -20 -5 -18 -5 -19 -5 -19 -4 -18 -5 -18 -5 -19 -5 -18 -5 -18 -5 -18 -4 0 0 0 0 0 0 0 0 0 0 ]
623,1782981338.238919,19.4932,-67,CSI_DATA,AP,98:F4:AB:29:67:94,-67,11,1,4,1,1,1,1,0,0,0,-96,1,6,1,93619575,0,84,0,0,94.0017,384,[84 -64 4 0 0 0 0 0 0 0 0 0 -14 0 -15 -1 -17 -1 -16 0 -16 -2 -16 -2 -15 -3 -16 -2 -16 -2 -17 -3 -17 -3 -18 -3 -17 -2 -18 -3 -17 -4 -18 -2 -17 -3 -18 -2 -17 -2 -18 -4 -18 -3 -19 -3 -19 -4 -19 -4 -20 -4 -20 -3 0 0 -20 -3 -21 -3 -21 -3 -21 -2 -20 -2 -20 -3 -21 -4 -22 -4 -21 -3 -22 -4 -23 -3 -21 -3 -21 -3 -21 -3 -21 -1 -21 -1 -22 -1 -21 -1 -22 -3 -21 -1 -21 -2 -23 -2 -22 -3 -21 -2 -21 -1 -21 -1 0 0 0 0 0 0 0 0 0 0 ]
624,1782981338.328473,18.3843,-68,CSI_DATA,AP,98:F4:AB:29:67:94,-68,11,1,4,1,1,1,1,0,0,0,-96,1,6,1,93706134,0,84,0,0,94.0883,384,[84 -64 4 0 0 0 0 0 0 0 0 0 -3 -13 -2 -13 -2 -13 -2 -14 -2 -15 -2 -15 -1 -14 -1 -14 -1 -14 0 -15 -1 -15 0 -16 0 -16 0 -16 0 -15 1 -16 0 -16 0 -16 0 -16 0 -16 0 -16 1 -17 0 -17 1 -17 1 -18 1 -18 0 0 0 -18 1 -19 1 -18 0 -19 0 -18 0 -18 1 -19 0 -19 0 -19 0 -19 0 -19 0 -19 0 -19 1 -19 0 -18 0 -19 -1 -20 -1 -18 -1 -20 0 -19 0 -20 0 -19 0 -20 0 -19 0 -18 0 -18 0 0 0 0 0 0 0 0 0 0 ]
625,1782981338.419495,18.7429,-67,CSI_DATA,AP,98:F4:AB:29:67:94,-67,11,1,4,1,1,1,1,0,0,0,-96,1,6,1,93796312,0,84,0,0,94.1784,384,[84 -64 4 0 0 0 0 0 0 0 0 0 4 -14 4 -14 4 -16 4 -15 5 -16 6 -14 7 -15 6 -15 6 -16 8 -15 7 -15 8 -16 8 -16 8 -17 7 -15 8 -17 7 -15 7 -17 7 -16 8 -17 8 -17 8 -18 9 -16 9 -17 9 -17 8 -18 0 0 7 -19 8 -19 7 -18 7 -19 8 -18 8 -19 8 -19 8 -19 8 -20 8 -21 8 -20 8 -19 8 -20 7 -19 7 -21 6 -19 8 -21 6 -20 6 -21 6 -21 8 -21 6 -20 8 -21 7 -21 7 -19 6 -19 0 0 0 0 0 0 0 0 0 0 ]
626,1782981338.509932,17.7478,-67,CSI_DATA,AP,98:F4:AB:29:67:94,-67,11,1,4,1,1,1,1,0,0,0,-96,1,6,1,93885479,0,84,0,0,94.2676,384,[84 -64 4 0 0 0 0 0 0 0 0 0 11 6 10 6 10 7 10 6 12 7 10 8 11 7 10 8 12 7 11 8 11 8 11 9 11 9 11 9 11 7 12 10 12 9 12 9 11 9 12 10 13 10 13 9 13 9 14 10 14 10 13 10 0 0 14 8 14 10 14 9 15 9 14 9 14 9 15 11 15 10 14 10 15 10 15 10 14 10 15 9 15 9 16 9 15 9 16 9 16 8 16 9 16 9 16 10 15 9 16 9 16 8 15 8 14 8 0 0 0 0 0 0 0 0 0 0 ]
627,1782981338.599984,19.9176,-69,CSI_DATA,AP,98:F4:AB:29:67:94,-69,11,1,5,1,1,1,1,0,0,0,-96,1,6,1,93976288,0,84,0,0,94.3584,384,[84 -64 4 0 0 0 0 0 0 0 0 0 -14 8 -14 6 -15 8 -16 7 -15 7 -16 5 -15 6 -16 5 -17 5 -17 5 -17 7 -18 5 -18 6 -18 6 -18 6 -19 6 -19 6 -18 6 -18 5 -19 5 -20 6 -19 5 -20 5 -19 6 -21 6 -20 6 0 0 -20 7 -22 7 -23 8 -21 7 -20 6 -21 7 -22 6 -21 7 -22 7 -22 8 -22 9 -21 7 -21 6 -21 8 -20 8 -21 8 -21 9 -21 9 -22 8 -21 9 -22 8 -23 8 -22 8 -21 9 -21 8 -21 8 0 0 0 0 0 0 0 0 0 0 ]
628,1782981338.688531,17.8577,-67,CSI_DATA,AP,98:F4:AB:29:67:94,-67,11,1,3,1,1,1,1,0,0,0,-96,1,6,1,94067606,0,84,0,0,94.4497,384,[84 -64 4 0 0 0 0 0 0 0 0 0 11 -4 12 -3 12 -3 12 -2 13 -3 12 -3 13 -3 13 -3 14 -3 14 -2 14 -3 16 -3 15 -1 14 -1 14 -2 16 -2 15 -2 15 -3 14 -2 15 -2 16 -3 16 -3 16 -3 16 -2 16 -3 16 -1 0 0 17 -3 18 -3 16 -3 17 -3 16 -2 17 -3 17 -3 17 -3 18 -3 19 -4 18 -4 17 -3 17 -3 18 -4 17 -4 17 -4 19 -4 17 -6 17 -5 17 -5 19 -5 17 -5 19 -5 18 -5 17 -5 16 -5 0 0 0 0 0 0 0 0 0 0 ]
629,1782981338.776776,18.6161,-69,CSI_DATA,AP,98:F4:AB:29:67:94,-69,11,1,5,1,1,1,1,0,0,0,-96,1,6,1,94156333,0,84,0,0,94.5385,384,[84 -64 4 0 0 0 0 0 0 0 0 0 11 -8 11 -8 12 -9 13 -9 12 -8 13 -7 14 -8 13 -7 12 -8 14 -7 14 -7 13 -7 15 -7 14 -7 14 -7 16 -8 14 -8 14 -8 14 -9 15 -7 15 -7 16 -7 17 -8 16 -8 17 -8 17 -9 0 0 17 -9 17 -10 18 -9 17 -11 16 -9 17 -9 19 -9 17 -9 18 -10 17 -11 17 -10 18 -9 17 -9 16 -10 16 -11 17 -10 18 -11 16 -11 17 -11 17 -10 17 -11 16 -11 18 -10 16 -11 17 -10 16 -11 0 0 0 0 0 0 0 0 0 0 ]
630,1782981338.863755,20.1917,-69,CSI_DATA,AP,98:F4:AB:29:67:94,-69,11,1,5,1,1,1,1,0,0,0,-96,1,6,1,94244817,0,84,0,0,94.627,384,[84 -64 4 0 0 0 0 0 0 0 0 0 -1 -16 0 -15 0 -17 0 -17 0 -17 2 -16 2 -18 2 -17 3 -18 4 -18 3 -18 3 -18 3 -18 3 -18 3 -18 2 -20 2 -18 3 -19 3 -19 3 -17 5 -19 4 -21 5 -20 4 -20 5 -21 5 -21 0 0 5 -20 4 -23 4 -21 2 -22 4 -20 5 -22 5 -23 6 -22 4 -23 4 -23 4 -22 4 -22 5 -21 5 -22 3 -22 3 -21 3 -24 3 -21 3 -23 3 -23 5 -22 3 -23 5 -23 3 -23 4 -21 4 -21 0 0 0 0 0 0 0 0 0 0 ]
631,1782981338.952057,19.2690,-67,CSI_DATA,AP,98:F4:AB:29:67:94,-67,11,1,4,1,1,1,1,0,0,0,-96,1,6,1,94338834,0,84,0,0,94.7209,384,[84 -64 4 0 0 0 0 0 0 0 0 0 5 12 4 13 4 14 4 14 3 15 3 14 3 14 1 15 3 16 2 16 3 17 2 17 2 16 2 17 2 16 1 18 2 17 3 16 2 16 2 17 2 17 2 17 2 17 2 18 2 18 2 19 0 0 3 18 2 19 3 19 3 19 2 18 3 20 2 20 3 19 3 21 3 21 4 20 4 20 4 19 4 20 5 20 5 20 5 21 5 20 4 20 5 21 4 21 5 21 4 20 5 21 3 19 5 19 0 0 0 0 0 0 0 0 0 0 ]
632,1782981339.039392,17.7236,-67,CSI_DATA,AP,98:F4:AB:29:67:94,-67,11,1,4,1,1,1,1,0,0,0,-96,1,6,1,94436998,0,84,0,0,94.8191,384,[84 -64 4 0 0 0 0 0 0 0 0 0 -3 12 -4 12 -4 13 -4 12 -5 12 -5 12 -6 13 -7 12 -6 13 -7 12 -6 14 -7 14 -7 14 -7 13 -6 13 -7 14 -7 13 -7 13 -7 12 -8 14 -8 13 -8 14 -7 14 -7 15 -7 15 -8 16 0 0 -8 15 -7 16 -7 15 -7 16 -8 15 -8 15 -9 16 -8 16 -9 17 -8 16 -7 17 -8 16 -7 17 -8 17 -8 17 -7 17 -8 18 -8 17 -8 17 -8 17 -9 17 -8 17 -8 17 -7 17 -8 16 -7 15 0 0 0 0 0 0 0 0 0 0 ]
633,1782981339.128390,17.3306,-67,CSI_DATA,AP,98:F4:AB:29:67:94,-67,11,1,4,1,1,1,1,0,0,0,-96,1,6,1,94517164,0,84,0,0,94.8993,384,[84 -64 4 0 0 0 0 0 0 0 0 0 -12 6 -12 5 -14 4 -13 4 -15 5 -13 4 -14 4 -14 4 -14 4 -16 4 -16 3 -16 3 -15 2 -16 3 -14 3 -18 4 -15 4 -16 4 -15 3 -15 4 -16 4 -17 4 -17 3 -17 3 -17 3 -17 3 0 0 -16 4 -19 4 -16 5 -18 6 -17 4 -17 5 -18 4 -19 5 -18 5 -19 4 -19 5 -19 4 -18 4 -18 5 -18 6 -18 6 -19 6 -18 6 -18 6 -18 7 -19 6 -18 6 -20 5 -18 6 -18 5 -17 5 0 0 0 0 0 0 0 0 0 0 ]
634,1782981339.216778,17.7414,-67,CSI_DATA,AP,98:F4:AB:29:67:94,-67,11,1,4,1,1,1,1,0,0,0,-96,1,6,1,94606352,0,84,0,0,94.9885,384,[84 -64 4 0 0 0 0 0 0 0 0 0 2 14 1 14 2 14 1 16 1 15 0 15 -1 15 -1 15 0 15 -1 15 0 17 -1 17 -1 17 -1 18 -1 16 -2 17 -1 17 1 17 -1 17 -1 17 -2 18 -2 19 -2 18 -1 19 -1 19 -1 19 0 0 -2 19 -1 20 0 20 0 18 -2 20 0 20 -2 20 -2 20 -1 21 -1 20 0 21 -1 19 -1 21 0 20 0 20 0 21 0 21 0 20 -1 21 0 21 -1 20 0 21 -1 20 0 20 0 20 0 20 0 0 0 0 0 0 0 0 0 0 ]
635,1782981339.304576,17.8775,-67,CSI_DATA,AP,98:F4:AB:29:67:94,-67,11,1,4,1,1,1,1,0,0,0,-96,1,6,1,94695061,0,84,0,0,95.0772,384,[84 -64 4 0 0 0 0 0 0 0 0 0 -2 -14 -1 -13 -1 -16 -1 -14 -1 -15 0 -14 1 -14 1 -15 1 -14 1 -15 1 -15 0 -16 1 -16 0 -16 0 -15 1 -17 1 -15 1 -16 0 -15 2 -16 2 -17 1 -18 0 -16 1 -17 2 -18 1 -17 0 0 1 -17 2 -19 1 -18 1 -19 2 -17 1 -19 1 -20 1 -20 2 -19 1 -19 1 -20 2 -19 0 -20 1 -18 0 -20 -1 -19 1 -20 0 -19 -1 -20 -1 -19 0 -20 0 -20 0 -20 0 -19 1 -19 0 -17 0 0 0 0 0 0 0 0 0 0 ]
636,1782981339.393147,19.0325,-67,CSI_DATA,AP,98:F4:AB:29:67:94,-67,11,1,3,1,1,1,1,0,0,0,-96,1,6,1,94789824,0,84,0,0,95.1719,384,[84 -64 4 0 0 0 0 0 0 0 0 0 -15 -4 -14 -4 -15 -6 -16 -6 -15 -6 -14 -6 -15 -6 -14 -6 -15 -6 -16 -8 -16 -8 -16 -8 -16 -8 -16 -9 -16 -8 -16 -8 -16 -7 -17 -7 -16 -7 -16 -7 -18 -8 -18 -8 -18 -8 -18 -8 -18 -9 -19 -9 0 0 -19 -9 -20 -8 -19 -8 -20 -7 -18 -8 -19 -8 -20 -9 -21 -8 -20 -8 -22 -9 -20 -8 -20 -8 -21 -8 -19 -8 -21 -8 -21 -7 -22 -7 -21 -6 -22 -7 -21 -6 -20 -8 -21 -6 -21 -8 -21 -6 -19 -6 -20 -6 0 0 0 0 0 0 0 0 0 0 ]
637,1782981339.480649,18.2750,-67,CSI_DATA,AP,98:F4:AB:29:67:94,-67,11,1,4,1,1,1,1,0,0,0,-96,1,6,1,94876227,0,84,0,0,95.2584,384,[84 -64 4 0 0 0 0 0 0 0 0 0 11 4 11 4 13 5 12 5 13 5 11 6 12 6 12 6 13 6 13 7 12 8 13 8 13 8 12 8 11 7 13 8 12 7 14 7 12 8 13 8 14 8 14 8 14 9 14 9 14 9 14 9 0 0 14 9 16 9 15 8 15 8 13 9 14 9 15 9 16 9 16 9 16 11 16 10 14 10 15 10 16 8 16 9 16 7 17 8 17 8 17 8 16 8 15 9 15 7 16 10 15 8 15 8 14 8 0 0 0 0 0 0 0 0 0 0 ]
638,1782981339.568583,18.6866,-67,CSI_DATA,AP,98:F4:AB:29:67:94,-67,11,1,4,1,1,1,1,0,0,0,-96,1,6,1,94964709,0,84,0,0,95.3469,384,[84 -64 4 0 0 0 0 0 0 0 0 0 11 -9 12 -9 13 -8 12 -8 14 -8 13 -8 13 -7 14 -8 14 -7 15 -8 15 -8 15 -7 15 -6 15 -8 15 -7 16 -8 15 -7 15 -8 16 -7 16 -7 17 -8 17 -8 17 -7 18 -8 18 -8 18 -8 0 0 18 -8 18 -9 17 -9 18 -9 17 -8 18 -8 19 -9 19 -9 18 -10 19 -9 19 -10 18 -8 18 -9 18 -8 18 -10 19 -10 19 -9 17 -10 20 -10 14 -9 19 -9 19 -10 19 -8 19 -10 19 -8 17 -10 0 0 0 0 0 0 0 0 0 0 ]
639,1782981339.669974,20.2698,-67,CSI_DATA,AP,98:F4:AB:29:67:94,-67,11,1,3,1,1,1,1,0,0,0,-96,1,6,1,95058965,0,84,0,0,95.4411,384,[84 -64 4 0 0 0 0 0 0 0 0 0 -11 -8 -11 -8 -12 -10 -13 -11 -12 -11 -11 -11 -11 -10 -12 -12 -12 -12 -12 -13 -12 -13 -12 -12 -12 -14 -13 -14 -12 -13 -13 -14 -12 -13 -13 -13 -13 -13 -12 -14 -13 -15 -13 -13 -13 -15 -13 -14 -14 -15 -14 -15 0 0 -14 -15 -15 -15 -15 -16 -15 -14 -14 -14 -15 -16 -16 -16 -15 -16 -15 -15 -16 -15 -17 -15 -15 -14 -15 -15 -17 -14 -16 -16 -17 -14 -17 -16 -16 -13 -17 -15 -16 -14 -17 -15 -16 -15 -17 -16 -16 -14 -15 -14 -16 -14 0 0 0 0 0 0 0 0 0 0 ]
640,1782981339.757282,20.1593,-67,CSI_DATA,AP,98:F4:AB:29:67:94,-67,11,1,4,1,1,1,1,0,0,0,-96,1,6,1,95145239,0,84,0,0,95.5274,384,[84 -64 4 0 0 0 0 0 0 0 0 0 -5 14 -5 14 -5 14 -5 14 -6 14 -6 13 -7 14 -7 13 -6 15 -7 14 -8 15 -7 15 -9 14 -8 14 -8 14 -9 16 -8 14 -7 15 -8 14 -8 16 -8 16 -8 16 -9 16 -9 16 -10 16 -9 17 0 0 -11 17 -10 18 -9 18 -9 19 -10 16 -10 18 -10 18 -10 19 -10 19 -11 20 -9 20 -10 17 -10 18 -9 18 -9 19 -7 18 -9 20 -9 19 -9 19 -8 19 -9 20 -9 19 -9 19 -10 18 -10 18 -8 17 0 0 0 0 0 0 0 0 0 0 ]
641,1782981339.843821,18.2276,-67,CSI_DATA,AP,98:F4:AB:29:67:94,-67,11,1,4,1,1,1,1,0,0,0,-96,1,6,1,95235299,0,84,0,0,95.6173,384,[84 -64 4 0 0 0 0 0 0 0 0 0 13 1 13 1 13 2 12 2 13 2 13 2 13 3 13 4 15 2 14 4 15 3 15 5 14 5 14 4 13 4 15 4 14 4 15 3 14 4 15 4 14 5 16 5 16 5 15 6 16 6 16 5 0 0 16 6 18 5 17 5 18 5 16 5 17 5 17 6 17 6 17 5 18 6 18 6 16 6 17 6 16 5 18 5 17 4 19 5 17 5 17 5 17 4 18 5 17 5 18 7 17 5 16 5 17 5 0 0 0 0 0 0 0 0 0 0 ]
642,1782981339.933960,17.8108,-67,CSI_DATA,AP,98:F4:AB:29:67:94,-67,11,1,4,1,1,1,1,0,0,0,-96,1,6,1,95327113,0,84,0,0,95.7093,384,[84 -64 4 0 0 0 0 0 0 0 0 0 -9 10 -9 9 -11 10 -10 10 -11 9 -11 8 -10 9 -11 8 -12 9 -12 9 -13 10 -13 9 -13 8 -12 9 -12 8 -13 10 -12 10 -12 8 -13 8 -13 9 -14 9 -14 10 -14 9 -15 9 -16 9 -15 10 0 0 -17 8 -17 8 -22 15 -13 10 -15 9 -16 10 -16 9 -16 8 -17 9 -16 10 -16 10 -16 9 -17 10 -16 9 -16 10 -15 10 -16 10 -15 10 -16 10 -16 11 -17 10 -16 10 -17 10 -17 10 -16 9 -16 8 0 0 0 0 0 0 0 0 0 0 ]
643,1782981340.022962,18.7321,-67,CSI_DATA,AP,98:F4:AB:29:67:94,-67,11,1,4,1,1,1,1,0,0,0,-96,1,6,1,95422363,0,84,0,0,95.8045,384,[84 -64 4 0 0 0 0 0 0 0 0 0 -8 11 -8 12 -10 11 -10 12 -10 12 -10 12 -11 12 -12 10 -10 13 -12 11 -12 13 -12 12 -12 12 -13 11 -13 11 -14 12 -13 13 -13 12 -13 11 -13 12 -14 11 -14 12 -14 13 -14 13 -15 13 -15 14 0 0 -16 13 -15 14 -14 12 -15 13 -15 12 -16 14 -16 13 -16 13 -16 13 -17 15 -16 16 -16 13 -16 13 -16 13 -17 14 -15 14 -16 14 -15 14 -16 15 -16 14 -16 14 -16 14 -16 13 -17 15 -15 13 -16 13 0 0 0 0 0 0 0 0 0 0 ]
644,1782981340.110959,19.5403,-66,CSI_DATA,AP,98:F4:AB:29:67:94,-66,11,1,2,1,1,1,1,0,0,0,-96,1,6,1,95506975,0,84,0,0,95.8891,384,[84 -64 4 0 0 0 0 0 0 0 0 0 -7 -12 -6 -12 -7 -14 -6 -14 -6 -15 -5 -13 -6 -14 -6 -14 -7 -14 -5 -15 -5 -16 -5 -17 -4 -16 -6 -16 -5 -15 -6 -17 -6 -15 -7 -16 -6 -15 -7 -16 -7 -16 -7 -17 -6 -18 -6 -17 -6 -19 -7 -17 0 0 -7 -18 -8 -19 -7 -17 -9 -18 -7 -18 -8 -18 -8 -18 -8 -19 -9 -18 -10 -20 -9 -18 -7 -18 -9 -18 -8 -17 -10 -18 -10 -17 -9 -19 -10 -17 -10 -18 -11 -17 -9 -18 -10 -18 -10 -20 -10 -17 -8 -17 -9 -17 0 0 0 0 0 0 0 0 0 0 ]
645,1782981340.202968,18.6932,-67,CSI_DATA,AP,98:F4:AB:29:67:94,-67,11,1,4,1,1,1,1,0,0,0,-96,1,6,1,95595018,0,84,0,0,95.9772,384,[84 -64 4 0 0 0 0 0 0 0 0 0 -4 12 -3 11 -5 13 -5 12 -5 13 -5 13 -5 12 -7 13 -6 13 -7 13 -7 14 -7 13 -7 14 -8 14 -7 12 -8 15 -6 14 -7 14 -6 14 -7 14 -8 14 -7 15 -8 15 -7 15 -8 16 -8 15 0 0 -7 16 -8 17 -7 15 -7 17 -8 16 -8 16 -8 17 -8 16 -8 16 -7 19 -8 18 -8 16 -7 17 -8 16 -7 18 -6 18 -7 19 -7 17 -6 18 -7 17 -7 18 -6 17 -8 18 -7 17 -6 16 -6 16 0 0 0 0 0 0 0 0 0 0 ]
646,1782981340.291969,18.3695,-67,CSI_DATA,AP,98:F4:AB:29:67:94,-67,11,1,4,1,1,1,1,0,0,0,-96,1,6,1,95685921,0,84,0,0,96.0681,384,[84 -64 4 0 0 0 0 0 0 0 0 0 14 5 13 5 14 6 13 6 13 7 14 7 13 8 12 9 14 8 13 8 15 8 14 9 15 10 14 9 14 9 15 9 15 8 14 8 15 8 14 9 15 11 16 9 15 10 16 10 15 10 17 10 0 0 16 10 17 9 17 10 17 9 17 9 17 11 17 10 17 10 18 10 19 10 19 9 17 10 19 10 17 10 18 8 19 8 20 10 19 8 18 9 19 9 19 10 18 9 19 9 18 8 18 9 18 8 0 0 0 0 0 0 0 0 0 0 ]
647,1782981340.382972,17.7071,-67,CSI_DATA,AP,98:F4:AB:29:67:94,-67,11,1,3,1,1,1,1,0,0,0,-96,1,6,1,95777041,0,84,0,0,96.1592,384,[84 -64 4 0 0 0 0 0 0 0 0 0 -11 8 -11 8 -12 9 -11 8 -12 7 -12 6 -12 7 -12 7 -13 7 -13 7 -13 7 -14 7 -14 7 -15 7 -14 7 -15 8 -14 7 -14 8 -14 7 -14 8 -15 7 -15 8 -16 8 -16 8 -16 8 -15 9 0 0 -16 8 -16 9 -17 7 -16 9 -16 8 -17 8 -17 8 -17 9 -17 8 -16 9 -17 9 -17 8 -17 10 -17 9 -16 9 -16 9 -17 9 -16 9 -17 9 -16 9 -16 9 -18 9 -16 9 -16 9 -16 9 -15 9 0 0 0 0 0 0 0 0 0 0 ]
648,1782981340.472973,18.7266,-68,CSI_DATA,AP,98:F4:AB:29:67:94,-68,11,1,3,1,1,1,1,0,0,0,-96,1,6,1,95866403,0,84,0,0,96.2486,384,[84 -64 4 0 0 0 0 0 0 0 0 0 9 10 8 11 8 12 8 12 8 12 9 12 8 12 8 13 8 14 8 15 8 13 7 15 8 16 8 15 8 14 9 16 10 14 9 15 8 13 7 15 8 15 10 15 9 16 9 17 9 17 9 17 0 0 10 17 10 17 10 17 11 15 10 15 10 15 11 16 10 18 12 19 11 18 11 18 9 17 10 17 11 16 13 17 13 15 13 17 12 17 12 16 12 16 12 17 12 16 12 18 12 17 11 17 11 15 0 0 0 0 0 0 0 0 0 0 ]
649,1782981340.560856,18.4443,-67,CSI_DATA,AP,98:F4:AB:29:67:94,-67,11,1,3,1,1,1,1,0,0,0,-96,1,6,1,95956370,0,84,0,0,96.3384,384,[84 -64 4 0 0 0 0 0 0 0 0 0 -9 -10 -9 -10 -10 -11 -9 -12 -10 -11 -8 -12 -8 -12 -7 -12 -8 -13 -8 -14 -9 -12 -7 -15 -9 -14 -9 -15 -8 -13 -9 -14 -9 -13 -10 -13 -9 -13 -9 -13 -10 -15 -10 -14 -10 -15 -10 -15 -10 -15 -10 -15 0 0 -11 -15 -12 -16 -12 -14 -13 -15 -10 -14 -12 -16 -12 -16 -11 -16 -12 -16 -13 -16 -12 -15 -11 -16 -12 -15 -11 -15 -14 -15 -13 -14 -14 -15 -13 -14 -13 -14 -13 -14 -13 -16 -14 -15 -12 -15 -14 -14 -12 -14 -12 -13 0 0 0 0 0 0 0 0 0 0 ]
650,1782981340.649185,18.1420,-67,CSI_DATA,AP,98:F4:AB:29:67:94,-67,11,1,3,1,1,1,1,0,0,0,-96,1,6,1,96049691,0,84,0,0,96.4319,384,[84 -64 4 0 0 0 0 0 0 0 0 0 -10 9 -9 10 -10 10 -10 9 -11 10 -11 8 -12 9 -11 8 -11 9 -13 8 -13 8 -12 9 -14 9 -13 8 -12 8 -13 10 -12 9 -13 8 -13 9 -13 9 -14 9 -14 10 -14 9 -15 10 -16 9 -15 10 0 0 -15 10 -15 10 -14 10 -15 12 -14 10 -15 10 -16 10 -15 10 -16 10 -16 11 -16 11 -15 10 -15 10 -15 10 -15 12 -15 11 -16 11 -15 11 -16 10 -15 11 -16 11 -15 11 -16 10 -16 11 -16 10 -15 10 0 0 0 0 0 0 0 0 0 0 ]
651,1782981340.736323,17.8364,-67,CSI_DATA,AP,98:F4:AB:29:67:94,-67,11,1,4,1,1,1,1,0,0,0,-96,1,6,1,96136761,0,84,0,0,96.5189,384,[84 -64 4 0 0 0 0 0 0 0 0 0 -11 4 -11 4 -15 5 -14 2 -15 5 -15 4 -14 4 -13 4 -14 4 -14 3 -16 2 -15 3 -17 2 -15 3 -14 4 -16 3 -15 3 -15 4 -15 2 -15 4 -15 4 -17 4 -17 3 -17 3 -17 3 -17 3 0 0 -18 4 -18 4 -18 5 -19 4 -18 4 -18 6 -17 5 -19 5 -19 4 -20 5 -19 6 -19 4 -18 4 -18 5 -19 5 -18 6 -19 6 -16 5 -18 7 -18 6 -19 5 -18 6 -18 5 -20 5 -19 5 -17 4 0 0 0 0 0 0 0 0 0 0 ]
652,1782981340.823879,18.0455,-67,CSI_DATA,AP,98:F4:AB:29:67:94,-67,11,1,4,1,1,1,1,0,0,0,-96,1,6,1,96225601,0,84,0,0,96.6077,384,[84 -64 4 0 0 0 0 0 0 0 0 0 -12 7 -11 7 -12 7 -12 6 -13 7 -12 5 -13 7 -13 6 -12 6 -14 6 -14 6 -14 5 -15 5 -15 6 -14 5 -15 7 -14 6 -14 7 -14 7 -14 6 -15 7 -15 7 -16 7 -15 6 -17 6 -16 7 0 0 -16 8 -17 9 -16 8 -16 9 -17 7 -16 8 -17 9 -17 8 -18 9 -18 9 -17 9 -16 8 -17 8 -16 8 -16 10 -16 10 -17 10 -16 9 -16 10 -16 10 -17 10 -16 10 -17 9 -18 9 -16 9 -16 9 0 0 0 0 0 0 0 0 0 0 ]
653,1782981340.913460,18.2320,-67,CSI_DATA,AP,98:F4:AB:29:67:94,-67,11,1,3,1,1,1,1,0,0,0,-96,1,6,1,96317183,0,84,0,0,96.6993,384,[84 -64 4 0 0 0 0 0 0 0 0 0 11 7 11 6 10 8 11 9 11 9 10 8 9 10 11 11 11 9 10 12 13 10 12 13 12 12 11 12 12 10 13 12 12 11 12 12 11 11 12 11 12 13 12 13 12 13 13 12 14 15 14 14 0 0 13 13 16 14 14 13 15 12 14 13 14 14 13 15 14 15 14 14 15 14 16 14 14 15 15 14 14 14 16 14 15 12 16 12 15 12 16 13 15 13 15 15 16 13 16 14 16 13 14 14 14 12 0 0 0 0 0 0 0 0 0 0 ]
654,1782981341.012501,18.1211,-68,CSI_DATA,AP,98:F4:AB:29:67:94,-68,11,1,4,1,1,1,1,0,0,0,-96,1,6,1,96405720,0,84,0,0,96.7879,384,[84 -64 4 0 0 0 0 0 0 0 0 0 -4 -13 -3 -13 -3 -14 -2 -15 -3 -15 -2 -13 -1 -14 -1 -14 -1 -15 -1 -15 -2 -15 -1 -15 -1 -16 -1 -15 -1 -16 -1 -17 0 -16 -1 -15 0 -16 -1 -16 0 -16 0 -17 0 -17 -1 -18 0 -18 -1 -18 0 0 0 -18 -1 -19 -1 -19 -2 -18 0 -18 -1 -19 0 -19 -1 -19 0 -19 -1 -20 -1 -20 -2 -19 -1 -19 -1 -18 -1 -19 -2 -18 -2 -19 -2 -19 -2 -20 -1 -19 0 -19 -2 -20 -1 -19 -1 -19 -1 -18 -1 -17 0 0 0 0 0 0 0 0 0 0 ]
655,1782981341.101025,17.5271,-67,CSI_DATA,AP,98:F4:AB:29:67:94,-67,11,1,4,1,1,1,1,0,0,0,-96,1,6,1,96494493,0,84,0,0,96.8767,384,[84 -64 4 0 0 0 0 0 0 0 0 0 1 -14 1 -13 1 -14 2 -14 1 -14 2 -13 2 -14 3 -14 3 -15 3 -14 3 -15 4 -15 4 -16 3 -15 4 -14 4 -16 4 -15 3 -15 4 -15 3 -16 5 -16 4 -17 5 -17 3 -17 4 -17 4 -17 0 0 4 -18 5 -18 5 -17 4 -18 5 -17 4 -17 5 -18 3 -18 4 -19 4 -20 4 -19 4 -18 4 -18 4 -18 4 -19 3 -19 4 -20 3 -18 3 -18 3 -19 3 -19 3 -19 4 -19 4 -19 3 -18 3 -17 0 0 0 0 0 0 0 0 0 0 ]
656,1782981341.190104,17.6943,-67,CSI_DATA,AP,98:F4:AB:29:67:94,-67,11,1,4,1,1,1,1,0,0,0,-96,1,6,1,96586205,0,84,0,0,96.9684,384,[84 -64 4 0 0 0 0 0 0 0 0 0 6 -14 6 -14 6 -15 6 -13 8 -15 7 -13 8 -14 9 -13 8 -14 10 -15 9 -15 10 -14 10 -14 10 -13 11 -13 11 -15 9 -14 9 -14 9 -14 10 -15 11 -15 10 -16 11 -15 11 -14 13 -16 12 -17 0 0 11 -16 11 -18 12 -16 12 -17 12 -16 12 -17 12 -16 13 -17 12 -18 13 -18 12 -17 12 -16 13 -17 12 -16 12 -18 11 -18 13 -19 11 -17 12 -18 12 -17 12 -17 12 -18 13 -17 13 -18 12 -17 11 -16 0 0 0 0 0 0 0 0 0 0 ]
657,1782981341.278490,18.9295,-67,CSI_DATA,AP,98:F4:AB:29:67:94,-67,11,1,4,1,1,1,0,0,0,0,-96,0,6,1,96673155,0,82,0,0,97.0552,384,[82 -96 4 0 0 0 0 0 0 0 0 0 8 -14 7 -12 7 -13 7 -13 9 -13 8 -12 10 -13 9 -13 10 -13 10 -14 11 -14 9 -13 12 -14 11 -14 10 -12 11 -15 10 -13 11 -14 10 -13 11 -15 12 -14 11 -15 12 -15 13 -15 13 -15 12 -17 0 0 12 -15 14 -17 12 -15 12 -18 11 -16 12 -16 14 -16 12 -17 12 -17 14 -17 13 -17 13 -15 13 -16 12 -16 12 -18 12 -17 13 -18 11 -17 11 -18 12 -18 13 -18 11 -18 13 -17 13 -18 12 -16 11 -16 0 0 0 0 0 0 0 0 0 0 ]
658,1782981341.365603,19.0114,-67,CSI_DATA,AP,98:F4:AB:29:67:94,-67,11,1,3,1,1,1,1,0,0,0,-96,1,6,1,96677400,0,84,0,0,97.0904,384,[84 -64 4 0 0 0 0 0 0 0 0 0 -13 -2 -13 -3 -15 -3 -13 -3 -14 -4 -13 -3 -14 -4 -14 -5 -14 -4 -15 -5 -15 -5 -14 -6 -15 -6 -15 -6 -13 -6 -16 -5 -15 -4 -16 -5 -14 -6 -15 -6 -16 -6 -16 -6 -16 -7 -16 -6 -17 -7 -16 -5 0 0 -16 -5 -18 -6 -17 -5 -18 -5 -16 -6 -18 -5 -18 -5 -18 -6 -17 -6 -19 -6 -20 -6 -17 -7 -18 -6 -17 -5 -20 -5 -18 -4 -20 -5 -17 -5 -18 -5 -18 -5 -18 -6 -19 -5 -20 -6 -19 -5 -17 -5 -17 -5 0 0 0 0 0 0 0 0 0 0 ]
659,1782981341.454424,17.6194,-67,CSI_DATA,AP,98:F4:AB:29:67:94,-67,11,1,4,1,1,1,1,0,0,0,-96,1,6,1,96766196,0,84,0,0,97.1483,384,[84 -64 4 0 0 0 0 0 0 0 0 0 -4 12 -5 11 -5 13 -6 12 -6 12 -6 12 -6 12 -7 12 -7 13 -8 12 -6 13 -8 13 -8 12 -8 13 -8 11 -9 13 -8 13 -8 13 -8 13 -9 13 -10 13 -10 14 -10 13 -9 13 -10 13 -10 14 0 0 -11 14 -11 15 -10 15 -9 15 -11 14 -11 15 -12 15 -12 14 -12 15 -10 16 -10 16 -10 15 -10 15 -11 15 -10 15 -9 15 -11 16 -10 14 -11 15 -11 15 -11 16 -12 15 -10 15 -11 15 -10 14 -11 14 0 0 0 0 0 0 0 0 0 0 ]
660,1782981341.543894,17.2764,-67,CSI_DATA,AP,98:F4:AB:29:67:94,-67,11,1,4,1,1,1,1,0,0,0,-96,1,6,1,96855074,0,84,0,0,97.2373,384,[84 -64 4 0 0 0 0 0 0 0 0 0 -1 -13 -1 -13 0 -14 0 -14 -1 -15 1 -14 0 -14 1 -15 0 -15 1 -15 1 -16 2 -16 2 -15 2 -15 2 -15 2 -16 2 -15 1 -16 1 -15 2 -16 1 -16 2 -17 3 -17 3 -16 3 -17 2 -18 0 0 3 -18 3 -18 3 -19 3 -18 3 -17 2 -19 3 -19 2 -20 3 -20 2 -19 3 -19 3 -18 4 -18 3 -17 2 -19 2 -19 2 -20 2 -18 2 -20 1 -19 3 -20 2 -18 4 -19 3 -19 3 -18 2 -18 0 0 0 0 0 0 0 0 0 0 ]
661,1782981341.633271,18.6699,-67,CSI_DATA,AP,98:F4:AB:29:67:94,-67,11,1,4,1,1,1,1,0,0,0,-96,1,6,1,96948250,0,84,0,0,97.3304,384,[84 -64 4 0 0 0 0 0 0 0 0 0 -12 8 -11 10 -12 8 -14 8 -14 7 -12 8 -13 7 -14 9 -14 7 -15 9 -15 9 -15 7 -15 8 -15 7 -14 8 -16 8 -15 8 -15 9 -15 8 -16 9 -17 8 -18 8 -17 9 -17 9 -18 9 -17 9 0 0 -18 11 -19 11 -17 10 -18 10 -15 9 -17 10 -17 10 -19 10 -19 11 -19 12 -19 11 -18 10 -18 10 -17 11 -18 12 -17 12 -19 13 -16 12 -18 13 -17 13 -17 13 -17 13 -19 13 -17 12 -17 11 -17 11 0 0 0 0 0 0 0 0 0 0 ]
662,1782981341.720783,19.4918,-66,CSI_DATA,AP,98:F4:AB:29:67:94,-66,11,1,2,1,1,1,1,0,0,0,-96,1,6,1,97037041,0,84,0,0,97.4192,384,[84 -64 4 0 0 0 0 0 0 0 0 0 13 7 12 7 14 8 12 8 14 8 11 8 13 8 12 10 13 9 12 11 13 11 13 11 13 11 13 11 11 11 15 12 13 10 13 10 12 11 14 11 14 13 14 12 13 13 15 12 15 13 14 13 0 0 14 13 17 13 16 11 17 12 14 12 16 13 16 13 16 13 17 14 17 14 17 13 15 14 16 13 16 13 18 13 16 11 19 13 16 11 18 12 17 12 17 14 17 13 17 14 18 13 16 12 16 12 0 0 0 0 0 0 0 0 0 0 ]
663,1782981341.808534,19.4198,-67,CSI_DATA,AP,98:F4:AB:29:67:94,-67,11,1,4,1,1,1,1,0,0,0,-96,1,6,1,97126384,0,84,0,0,97.5085,384,[84 -64 4 0 0 0 0 0 0 0 0 0 5 -14 4 -13 6 -14 6 -14 7 -14 8 -14 7 -14 8 -14 8 -14 8 -14 7 -16 9 -16 8 -16 8 -15 8 -14 9 -15 8 -15 8 -15 8 -15 8 -15 10 -16 10 -17 9 -16 10 -17 10 -16 10 -17 0 0 11 -17 10 -18 11 -18 9 -18 10 -16 11 -18 12 -18 11 -18 11 -18 9 -19 10 -19 10 -18 10 -19 10 -19 10 -19 10 -19 11 -20 9 -19 11 -19 10 -20 10 -19 11 -18 10 -18 10 -20 9 -18 9 -18 0 0 0 0 0 0 0 0 0 0 ]
664,1782981341.896004,18.6200,-67,CSI_DATA,AP,98:F4:AB:29:67:94,-67,11,1,4,1,1,1,1,0,0,0,-96,1,6,1,97216319,0,84,0,0,97.5985,384,[84 -64 4 0 0 0 0 0 0 0 0 0 6 11 6 10 5 11 5 12 5 12 4 12 4 13 5 13 5 13 5 14 5 14 4 15 4 14 5 14 4 13 5 14 5 14 6 14 4 14 5 15 4 15 5 16 5 15 5 16 5 17 5 16 0 0 6 16 6 17 7 17 8 16 5 16 6 17 6 17 7 16 7 16 7 18 7 17 6 17 7 16 7 17 8 17 7 17 8 17 8 16 8 16 8 16 8 17 8 16 7 17 8 17 7 16 7 15 0 0 0 0 0 0 0 0 0 0 ]
665,1782981341.986010,18.5399,-67,CSI_DATA,AP,98:F4:AB:29:67:94,-67,11,1,4,1,1,1,1,0,0,0,-96,1,6,1,97304950,0,84,0,0,97.6871,384,[84 -64 4 0 0 0 0 0 0 0 0 0 -9 10 -8 9 -9 10 -10 9 -10 9 -9 9 -11 9 -11 9 -11 10 -12 10 -12 9 -12 10 -12 9 -12 10 -12 9 -13 9 -11 10 -12 10 -12 9 -12 10 -13 10 -13 10 -13 11 -14 10 -15 11 -14 10 0 0 -14 10 -15 12 -14 11 -14 12 -14 10 -14 11 -15 11 -15 11 -15 11 -16 12 -15 12 -15 10 -15 11 -15 11 -14 12 -13 12 -15 12 -13 11 -14 11 -15 12 -15 11 -15 12 -16 11 -15 12 -14 11 -13 11 0 0 0 0 0 0 0 0 0 0 ]
666,1782981342.075662,18.4174,-66,CSI_DATA,AP,98:F4:AB:29:67:94,-66,11,1,2,1,1,1,1,0,0,0,-96,1,6,1,97401153,0,84,0,0,97.7833,384,[84 -64 4 0 0 0 0 0 0 0 0 0 -12 5 -11 4 -14 5 -13 4 -15 5 -13 4 -14 4 -14 3 -14 5 -16 3 -15 2 -16 3 -16 3 -17 3 -15 3 -17 4 -15 4 -16 5 -14 3 -16 4 -17 4 -17 5 -18 4 -17 3 -18 3 -18 4 0 0 -17 4 -20 5 -17 5 -19 5 -17 3 -19 5 -20 4 -19 5 -19 5 -21 5 -19 6 -19 4 -19 5 -18 4 -19 7 -17 7 -20 7 -18 6 -18 6 -18 7 -18 6 -19 7 -19 6 -19 6 -19 5 -17 5 0 0 0 0 0 0 0 0 0 0 ]
667,1782981342.165734,19.3206,-67,CSI_DATA,AP,98:F4:AB:29:67:94,-67,11,1,3,1,1,1,1,0,0,0,-96,1,6,1,97484484,0,84,0,0,97.8665,384,[84 -64 4 0 0 0 0 0 0 0 0 0 12 -7 12 -6 14 -6 14 -5 14 -6 14 -5 14 -5 14 -5 15 -4 16 -5 15 -5 18 -5 16 -4 16 -5 17 -4 18 -5 16 -5 16 -6 16 -7 17 -4 18 -4 18 -6 17 -5 17 -5 19 -6 19 -6 0 0 19 -5 20 -5 18 -6 19 -6 18 -5 19 -5 20 -4 19 -6 20 -7 21 -7 20 -7 20 -6 20 -7 20 -6 19 -7 19 -7 21 -7 18 -7 20 -7 20 -7 20 -7 20 -6 21 -7 20 -8 19 -7 18 -7 0 0 0 0 0 0 0 0 0 0 ]
668,1782981342.255551,18.2220,-67,CSI_DATA,AP,98:F4:AB:29:67:94,-67,11,1,3,1,1,1,1,0,0,0,-96,1,6,1,97576384,0,84,0,0,97.9585,384,[84 -64 4 0 0 0 0 0 0 0 0 0 10 7 10 6 10 6 11 8 10 8 10 8 10 7 10 8 11 9 11 9 10 9 10 10 11 10 11 11 11 9 11 10 11 10 10 10 11 10 11 10 12 10 12 10 11 11 12 11 13 12 13 11 0 0 13 12 13 11 13 12 13 11 12 11 13 12 13 11 13 11 14 11 14 11 14 11 13 11 13 12 14 12 14 11 15 10 14 11 14 9 15 11 15 10 15 11 15 11 14 11 14 11 14 10 13 11 0 0 0 0 0 0 0 0 0 0 ]
669,1782981342.345146,18.6664,-67,CSI_DATA,AP,98:F4:AB:29:67:94,-67,11,1,3,1,1,1,1,0,0,0,-96,1,6,1,97665174,0,84,0,0,98.0473,384,[84 -64 4 0 0 0 0 0 0 0 0 0 -4 14 -3 13 -3 14 -4 14 -3 14 -5 14 -5 15 -6 13 -5 14 -7 15 -7 15 -7 15 -7 16 -8 15 -5 15 -6 17 -7 16 -4 16 -5 16 -6 16 -7 16 -7 17 -7 17 -7 18 -8 18 -8 18 0 0 -6 18 -7 19 -7 19 -6 19 -7 18 -5 20 -7 19 -8 19 -6 19 -7 20 -6 19 -7 19 -7 19 -7 19 -6 20 -5 19 -6 21 -6 19 -5 21 -5 20 -6 20 -6 20 -6 20 -6 20 -7 18 -6 18 0 0 0 0 0 0 0 0 0 0 ]
670,1782981342.431725,19.4738,-66,CSI_DATA,AP,98:F4:AB:29:67:94,-66,11,1,1,1,1,1,1,0,0,0,-96,1,6,1,97759240,0,84,0,0,98.1415,384,[84 -64 4 0 0 0 0 0 0 0 0 0 -9 11 -8 12 -9 13 -9 12 -11 14 -10 11 -10 12 -11 12 -11 13 -12 12 -13 13 -13 12 -13 12 -14 13 -12 12 -12 14 -11 13 -12 14 -11 12 -12 14 -13 14 -13 15 -13 14 -13 14 -14 14 -14 15 0 0 -13 16 -15 17 -12 15 -13 17 -13 15 -13 17 -14 16 -14 17 -13 17 -15 18 -13 18 -14 16 -13 17 -12 15 -12 19 -11 17 -13 20 -11 17 -12 18 -12 19 -12 19 -11 18 -13 19 -12 18 -12 16 -11 17 0 0 0 0 0 0 0 0 0 0 ]
671,1782981342.520644,20.5421,-67,CSI_DATA,AP,98:F4:AB:29:67:94,-67,11,1,3,1,1,1,1,0,0,0,-96,1,6,1,97846154,0,84,0,0,98.2283,384,[84 -64 4 0 0 0 0 0 0 0 0 0 -14 0 -15 -1 -16 -1 -16 0 -16 -2 -16 -2 -16 -3 -17 -3 -16 -4 -17 -4 -17 -3 -17 -3 -18 -3 -18 -5 -17 -4 -18 -4 -18 -5 -17 -3 -17 -5 -18 -6 -18 -5 -19 -5 -18 -6 -20 -5 -20 -4 -21 -5 0 0 -20 -6 -20 -5 -21 -6 -21 -4 -19 -5 -21 -7 -22 -7 -20 -7 -20 -6 -21 -7 -22 -5 -20 -6 -21 -5 -21 -5 -21 -6 -21 -5 -22 -6 -21 -5 -22 -6 -20 -4 -21 -6 -21 -6 -21 -6 -21 -5 -21 -6 -21 -5 0 0 0 0 0 0 0 0 0 0 ]
672,1782981342.608850,20.6627,-67,CSI_DATA,AP,98:F4:AB:29:67:94,-67,11,1,3,1,1,1,1,0,0,0,-96,1,6,1,97934546,0,84,0,0,98.3167,384,[84 -64 4 0 0 0 0 0 0 0 0 0 15 2 13 3 14 4 15 3 15 4 14 4 14 5 14 5 14 5 16 6 14 7 16 7 16 5 16 6 14 6 17 5 16 5 15 6 15 6 16 6 16 6 17 7 17 8 17 8 18 9 17 8 0 0 16 9 19 8 17 8 19 7 17 8 18 8 20 8 17 8 18 7 19 8 20 10 17 9 18 8 19 8 20 7 18 6 19 8 18 6 19 8 19 7 19 7 18 8 20 9 19 8 17 9 17 7 0 0 0 0 0 0 0 0 0 0 ]
673,1782981342.696019,20.0219,-67,CSI_DATA,AP,98:F4:AB:29:67:94,-67,11,1,3,1,1,1,1,0,0,0,-96,1,6,1,98027098,0,84,0,0,98.4093,384,[84 -64 4 0 0 0 0 0 0 0 0 0 11 -8 10 -9 13 -9 12 -8 14 -10 13 -7 14 -8 14 -8 15 -8 15 -8 15 -7 15 -7 16 -7 16 -8 15 -6 16 -8 14 -7 16 -8 15 -8 15 -7 18 -8 17 -9 18 -6 17 -8 18 -7 17 -8 0 0 18 -9 19 -9 17 -7 19 -10 17 -7 18 -9 19 -9 19 -8 20 -9 20 -10 19 -9 20 -7 18 -8 18 -8 19 -9 17 -10 19 -10 18 -10 19 -10 18 -10 19 -10 19 -10 19 -10 18 -9 18 -8 16 -8 0 0 0 0 0 0 0 0 0 0 ]
674,1782981342.783547,18.9434,-68,CSI_DATA,AP,98:F4:AB:29:67:94,-68,11,1,3,1,1,1,1,0,0,0,-96,1,6,1,98115112,0,84,0,0,98.4973,384,[84 -64 4 0 0 0 0 0 0 0 0 0 3 -14 3 -11 4 -14 4 -12 5 -14 4 -11 6 -14 7 -13 6 -13 8 -13 8 -14 8 -13 8 -15 7 -13 6 -12 7 -16 5 -13 6 -16 6 -13 7 -15 8 -14 8 -16 8 -15 8 -15 9 -16 8 -15 0 0 8 -15 8 -16 7 -15 7 -18 8 -15 8 -17 9 -16 6 -16 9 -19 11 -19 8 -16 9 -16 7 -18 8 -15 6 -19 5 -17 7 -19 6 -17 6 -18 6 -19 8 -18 6 -17 8 -18 7 -18 6 -17 6 -15 0 0 0 0 0 0 0 0 0 0 ]
675,1782981342.871523,19.1585,-67,CSI_DATA,AP,98:F4:AB:29:67:94,-67,11,1,3,1,1,1,1,0,0,0,-96,1,6,1,98209169,0,84,0,0,98.5913,384,[84 -64 4 0 0 0 0 0 0 0 0 0 2 12 2 12 1 13 2 13 2 13 1 13 1 14 0 14 1 14 0 15 0 16 -1 16 0 15 0 15 0 14 0 16 0 14 1 16 -1 15 0 16 0 16 0 17 -1 17 0 16 0 17 0 17 0 0 1 16 0 18 1 18 2 17 0 16 1 18 0 18 0 18 2 18 1 19 2 19 0 17 1 17 1 18 2 17 3 18 2 18 2 17 3 18 3 18 2 19 2 19 2 19 2 18 2 18 3 17 0 0 0 0 0 0 0 0 0 0 ]
676,1782981342.958285,19.8999,-67,CSI_DATA,AP,98:F4:AB:29:67:94,-67,11,1,3,1,1,1,1,0,0,0,-96,1,6,1,98294597,0,84,0,0,98.6768,384,[84 -64 4 0 0 0 0 0 0 0 0 0 -12 -9 -12 -9 -13 -10 -13 -10 -13 -11 -11 -11 -12 -12 -12 -11 -12 -11 -11 -12 -12 -12 -12 -13 -12 -14 -12 -14 -11 -13 -12 -14 -13 -13 -12 -14 -12 -13 -13 -13 -13 -15 -13 -15 -12 -15 -14 -14 -12 -17 -13 -16 0 0 -12 -16 -14 -16 -12 -16 -14 -15 -13 -14 -14 -16 -14 -17 -14 -17 -14 -16 -14 -17 -13 -18 -13 -17 -13 -17 -12 -16 -13 -16 -14 -16 -14 -17 -14 -16 -15 -17 -14 -17 -14 -17 -14 -17 -13 -17 -14 -17 -13 -16 -13 -16 0 0 0 0 0 0 0 0 0 0 ]
677,1782981343.046171,19.8982,-67,CSI_DATA,AP,98:F4:AB:29:67:94,-67,11,1,3,1,1,1,1,0,0,0,-96,1,6,1,98384909,0,84,0,0,98.7671,384,[84 -64 4 0 0 0 0 0 0 0 0 0 4 -14 3 -14 4 -15 3 -15 4 -16 4 -14 5 -15 6 -13 5 -16 6 -16 7 -16 6 -15 7 -16 8 -17 6 -16 6 -18 6 -16 5 -17 6 -16 6 -18 7 -17 7 -19 8 -19 7 -18 8 -18 7 -18 0 0 7 -19 7 -20 6 -18 6 -20 7 -18 6 -20 6 -21 7 -19 6 -21 7 -22 6 -19 7 -19 7 -20 6 -19 5 -21 4 -20 5 -22 5 -19 6 -20 5 -21 5 -21 5 -21 5 -21 5 -21 5 -21 5 -18 0 0 0 0 0 0 0 0 0 0 ]
678,1782981343.133224,18.5612,-66,CSI_DATA,AP,98:F4:AB:29:67:94,-66,11,1,2,1,1,1,1,0,0,0,-96,1,6,1,98477196,0,84,0,0,98.8593,384,[84 -64 4 0 0 0 0 0 0 0 0 0 -4 14 -3 12 -5 14 -4 12 -4 15 -5 12 -5 13 -4 13 -5 14 -7 14 -7 14 -6 14 -8 14 -6 14 -6 13 -7 16 -6 13 -6 16 -6 13 -7 15 -7 15 -6 16 -8 16 -7 15 -8 16 -8 16 0 0 -7 15 -8 19 -6 16 -7 18 -7 15 -7 17 -7 17 -8 17 -7 17 -7 19 -7 18 -7 17 -8 18 -6 17 -6 19 -5 17 -6 20 -6 17 -5 19 -5 18 -7 18 -5 19 -6 19 -6 18 -6 17 -5 17 0 0 0 0 0 0 0 0 0 0 ]
679,1782981343.221360,19.8547,-67,CSI_DATA,AP,98:F4:AB:29:67:94,-67,11,1,3,1,1,1,1,0,0,0,-96,1,6,1,98564609,0,84,0,0,98.9468,384,[84 -64 4 0 0 0 0 0 0 0 0 0 -15 -1 -15 -1 -16 -2 -16 -1 -16 -2 -16 -2 -15 -3 -15 -3 -16 -3 -16 -3 -17 -3 -18 -2 -18 -4 -17 -4 -18 -4 -17 -4 -17 -4 -16 -4 -18 -4 -17 -6 -19 -5 -19 -4 -19 -5 -19 -5 -20 -6 -20 -5 0 0 -20 -6 -20 -5 -21 -6 -20 -5 -19 -5 -20 -6 -20 -6 -21 -6 -20 -6 -21 -5 -21 -5 -20 -5 -21 -5 -21 -5 -21 -4 -21 -4 -21 -6 -21 -5 -22 -5 -21 -5 -21 -6 -21 -5 -21 -5 -21 -4 -21 -4 -20 -5 0 0 0 0 0 0 0 0 0 0 ]
680,1782981343.309640,18.4127,-68,CSI_DATA,AP,98:F4:AB:29:67:94,-68,11,1,3,1,1,1,1,0,0,0,-96,1,6,1,98658729,0,84,0,0,99.0409,384,[84 -64 4 0 0 0 0 0 0 0 0 0 8 10 7 10 7 10 7 10 7 11 6 11 7 12 6 12 7 12 6 12 7 12 6 13 7 14 6 13 6 13 7 13 6 14 7 13 6 13 5 14 7 14 6 15 6 14 7 16 6 16 7 16 0 0 6 16 8 16 7 16 7 16 6 14 7 16 8 17 8 15 6 16 9 16 9 17 8 17 9 16 7 16 9 14 7 15 8 17 7 16 9 16 9 15 8 16 9 16 8 17 8 16 7 15 8 15 0 0 0 0 0 0 0 0 0 0 ]
681,1782981343.397027,18.7183,-67,CSI_DATA,AP,98:F4:AB:29:67:94,-67,11,1,3,1,1,1,1,0,0,0,-96,1,6,1,98749484,0,84,0,0,99.1316,384,[84 -64 4 0 0 0 0 0 0 0 0 0 -4 -13 -4 -13 -4 -13 -4 -14 -4 -14 -3 -14 -2 -13 -3 -14 -4 -15 -3 -16 -3 -15 -3 -16 -3 -16 -3 -17 -2 -15 -2 -16 -3 -16 -3 -16 -3 -15 -2 -16 -3 -16 -3 -18 -2 -18 -3 -17 -3 -19 -3 -18 0 0 -3 -17 -3 -19 -4 -17 -5 -18 -3 -17 -3 -19 -4 -19 -4 -19 -4 -20 -5 -19 -5 -20 -4 -19 -4 -19 -4 -19 -5 -19 -6 -18 -5 -20 -4 -18 -4 -19 -5 -18 -5 -19 -5 -19 -5 -19 -5 -18 -5 -18 -5 -18 0 0 0 0 0 0 0 0 0 0 ]
682,1782981343.486728,19.5183,-67,CSI_DATA,AP,98:F4:AB:29:67:94,-67,11,1,3,1,1,1,1,0,0,0,-96,1,6,1,98834903,0,84,0,0,99.2171,384,[84 -64 4 0 0 0 0 0 0 0 0 0 -14 1 -15 -1 -17 0 -15 -1 -17 -2 -15 -2 -16 -1 -16 -2 -16 -2 -18 -3 -17 -2 -17 -2 -19 -3 -17 -2 -17 -3 -19 -3 -17 -2 -18 -2 -17 -3 -18 -2 -18 -3 -19 -3 -20 -3 -20 -3 -20 -4 -20 -3 0 0 -19 -3 -21 -2 -20 -2 -21 -1 -20 -3 -21 -3 -22 -3 -21 -2 -21 -1 -22 -2 -22 -1 -21 -2 -20 -2 -20 -2 -22 0 -21 0 -22 0 -21 1 -22 0 -22 0 -22 0 -22 0 -22 -1 -22 0 -21 -1 -21 0 0 0 0 0 0 0 0 0 0 0 ]
683,1782981343.576077,19.7970,-67,CSI_DATA,AP,98:F4:AB:29:67:94,-67,11,1,3,1,1,1,1,0,0,0,-96,1,6,1,98925939,0,84,0,0,99.308,384,[84 -64 4 0 0 0 0 0 0 0 0 0 2 13 0 14 0 15 1 15 0 16 0 15 -1 16 -1 15 0 15 -2 15 -1 17 -1 16 -1 16 -1 17 -1 17 -2 18 -1 17 -1 17 -1 17 -1 17 -1 18 -1 19 -1 18 -1 19 -1 20 -1 20 0 0 0 19 -1 20 -1 21 0 18 -1 19 0 19 0 21 -1 20 0 21 1 21 1 21 0 20 1 21 0 20 1 21 1 21 1 20 2 20 2 21 2 20 2 21 0 21 2 21 2 21 2 20 2 19 0 0 0 0 0 0 0 0 0 0 ]
684,1782981343.666050,18.3028,-68,CSI_DATA,AP,98:F4:AB:29:67:94,-68,11,1,3,1,1,1,1,0,0,0,-96,1,6,1,99017676,0,84,0,0,99.3999,384,[84 -64 4 0 0 0 0 0 0 0 0 0 8 -11 8 -10 9 -11 9 -10 10 -10 9 -9 10 -8 10 -10 10 -11 10 -10 11 -10 12 -11 12 -10 12 -10 11 -9 13 -10 11 -9 12 -11 12 -10 12 -11 12 -11 12 -11 13 -10 13 -11 13 -11 13 -11 0 0 12 -10 14 -12 13 -11 14 -12 13 -11 14 -12 14 -12 14 -12 14 -12 15 -13 14 -13 13 -11 14 -12 13 -12 14 -14 13 -13 14 -13 13 -12 13 -13 13 -13 13 -13 13 -13 15 -13 14 -13 12 -12 12 -12 0 0 0 0 0 0 0 0 0 0 ]
685,1782981343.753641,18.7701,-68,CSI_DATA,AP,98:F4:AB:29:67:94,-68,11,1,3,1,1,1,1,0,0,0,-96,1,6,1,99106676,0,84,0,0,99.4888,384,[84 -64 4 0 0 0 0 0 0 0 0 0 -4 -13 -4 -13 -4 -13 -4 -13 -3 -15 -3 -13 -3 -14 -2 -14 -3 -15 -2 -15 -3 -16 -2 -16 -1 -16 -1 -16 -1 -15 -2 -17 -2 -15 -3 -16 -2 -16 -2 -17 -3 -17 -3 -18 -2 -18 -2 -17 -2 -19 -2 -18 0 0 -3 -19 -4 -19 -3 -18 -4 -18 -3 -18 -4 -18 -3 -18 -4 -19 -3 -19 -3 -20 -4 -19 -3 -18 -4 -19 -3 -17 -5 -19 -5 -18 -5 -19 -5 -18 -5 -18 -5 -18 -4 -19 -5 -19 -4 -19 -5 -19 -4 -18 -5 -17 0 0 0 0 0 0 0 0 0 0 ]
686,1782981343.843106,17.8363,-68,CSI_DATA,AP,98:F4:AB:29:67:94,-68,11,1,4,1,1,1,1,0,0,0,-96,1,6,1,99198208,0,84,0,0,99.5804,384,[84 -64 4 0 0 0 0 0 0 0 0 0 -3 -13 -1 -13 -2 -15 -1 -14 -1 -15 0 -13 -1 -15 0 -15 -1 -16 0 -15 0 -16 1 -16 0 -16 0 -15 -1 -14 1 -17 0 -16 -1 -16 0 -16 0 -16 1 -17 0 -17 1 -17 1 -16 1 -17 1 -18 0 0 1 -18 0 -19 1 -17 -1 -19 0 -17 0 -19 0 -19 1 -18 0 -19 -1 -20 -1 -19 1 -19 0 -18 0 -17 -2 -19 -2 -18 -1 -20 -1 -18 -2 -19 -2 -19 -1 -18 -1 -18 -1 -21 -2 -19 -2 -18 -2 -18 0 0 0 0 0 0 0 0 0 0 ]
687,1782981343.931881,18.2524,-66,CSI_DATA,AP,98:F4:AB:29:67:94,-66,11,1,1,1,1,1,1,0,0,0,-96,1,6,1,99290543,0,84,0,0,99.6727,384,[84 -64 4 0 0 0 0 0 0 0 0 0 -14 -4 -13 -4 -14 -4 -14 -5 -15 -5 -13 -5 -14 -6 -14 -6 -14 -6 -14 -6 -15 -6 -15 -7 -15 -7 -15 -8 -14 -8 -16 -7 -15 -7 -15 -8 -14 -8 -15 -7 -16 -9 -16 -9 -15 -9 -16 -9 -17 -9 -17 -9 0 0 -16 -9 -18 -10 -17 -9 -18 -8 -16 -9 -18 -10 -17 -10 -17 -11 -18 -9 -19 -9 -19 -8 -18 -9 -18 -9 -17 -9 -18 -8 -18 -8 -19 -8 -18 -7 -18 -9 -19 -8 -18 -9 -18 -9 -18 -9 -18 -8 -17 -8 -17 -8 0 0 0 0 0 0 0 0 0 0 ]
688,1782981344.018854,19.1175,-67,CSI_DATA,AP,98:F4:AB:29:67:94,-67,11,1,4,1,1,1,1,0,0,0,-96,1,6,1,99376531,0,84,0,0,99.7587,384,[84 -64 4 0 0 0 0 0 0 0 0 0 -9 -12 -8 -12 -9 -13 -9 -13 -8 -14 -8 -14 -8 -14 -8 -14 -8 -15 -8 -15 -8 -15 -8 -15 -8 -16 -8 -16 -7 -15 -7 -16 -8 -15 -9 -19 -4 -20 -10 -18 -10 -16 -9 -18 -8 -17 -8 -18 -9 -18 -9 -17 0 0 -9 -18 -10 -19 -9 -19 -10 -18 -9 -17 -10 -20 -10 -20 -10 -18 -11 -19 -12 -18 -11 -19 -10 -19 -12 -20 -10 -18 -11 -18 -11 -18 -13 -19 -12 -18 -13 -18 -13 -17 -11 -19 -12 -18 -12 -19 -11 -18 -11 -17 -11 -16 0 0 0 0 0 0 0 0 0 0 ]
689,1782981344.106624,19.0941,-67,CSI_DATA,AP,98:F4:AB:29:67:94,-67,11,1,4,1,1,1,1,0,0,0,-96,1,6,1,99464629,0,84,0,0,99.8468,384,[84 -64 4 0 0 0 0 0 0 0 0 0 6 -13 5 -12 7 -13 7 -12 7 -13 7 -11 8 -12 8 -12 9 -13 10 -12 9 -12 9 -12 10 -12 10 -12 9 -11 10 -14 8 -12 9 -13 8 -12 9 -13 10 -13 9 -14 11 -13 11 -14 12 -14 11 -13 0 0 11 -14 11 -16 10 -14 10 -16 10 -13 11 -14 11 -14 10 -15 11 -16 11 -17 11 -16 10 -14 11 -15 10 -15 10 -17 8 -15 10 -17 9 -16 10 -16 8 -17 10 -17 10 -16 11 -17 9 -15 9 -15 8 -15 0 0 0 0 0 0 0 0 0 0 ]
690,1782981344.194585,17.4070,-67,CSI_DATA,AP,98:F4:AB:29:67:94,-67,11,1,4,1,1,1,1,0,0,0,-96,1,6,1,99555462,0,84,0,0,99.9376,384,[84 -64 4 0 0 0 0 0 0 0 0 0 12 0 13 0 13 0 13 0 14 0 13 1 13 2 13 1 13 1 14 2 14 1 14 3 15 2 15 2 14 3 15 3 15 2 14 2 15 3 16 3 15 3 16 3 15 3 16 3 16 4 17 3 0 0 17 3 18 3 17 3 17 3 16 3 18 4 17 5 17 4 18 4 18 3 18 3 16 4 17 4 18 3 17 3 18 2 19 3 17 2 19 3 18 3 18 3 18 4 18 3 17 2 17 3 17 2 0 0 0 0 0 0 0 0 0 0 ]
691,1782981344.284339,18.3772,-67,CSI_DATA,AP,98:F4:AB:29:67:94,-67,11,1,4,1,1,1,1,0,0,0,-96,1,6,1,99650991,0,84,0,0,100.033,384,[84 -64 4 0 0 0 0 0 0 0 0 0 14 -6 14 -4 14 -3 15 -4 15 -4 15 -2 15 -2 15 -3 16 -4 16 -2 17 -1 17 -3 17 0 17 -2 17 -1 17 -3 17 -2 16 -3 17 -2 18 -2 18 0 18 -1 19 -1 19 -1 19 -1 19 -1 0 0 20 -2 21 -2 19 -1 19 -2 19 -1 19 -2 21 -1 20 -2 19 -1 20 -1 21 -4 20 -3 21 -1 20 -2 20 -2 20 -2 21 -2 20 -3 21 -3 21 -3 21 -2 21 -3 20 -2 19 -3 20 -2 19 -3 0 0 0 0 0 0 0 0 0 0 ]
692,1782981344.371594,17.7772,-67,CSI_DATA,AP,98:F4:AB:29:67:94,-67,11,1,4,1,1,1,1,0,0,0,-96,1,6,1,99737877,0,84,0,0,100.12,384,[84 -64 4 0 0 0 0 0 0 0 0 0 4 11 3 12 3 12 3 13 3 13 3 12 3 13 2 13 4 14 3 14 3 14 2 15 2 15 2 15 2 14 1 15 2 15 1 15 1 14 2 15 1 15 2 16 2 17 1 16 1 17 1 17 0 0 1 17 2 18 2 17 2 18 1 17 1 18 1 18 1 18 1 18 2 18 1 18 1 18 1 18 2 18 1 17 2 17 2 18 3 17 2 18 3 18 3 18 3 18 2 19 2 19 1 18 2 16 0 0 0 0 0 0 0 0 0 0 ]
693,1782981344.459310,19.1988,-67,CSI_DATA,AP,98:F4:AB:29:67:94,-67,11,1,4,1,1,1,1,0,0,0,-96,1,6,1,99824532,0,84,0,0,100.207,384,[84 -64 4 0 0 0 0 0 0 0 0 0 -10 -12 -9 -11 -10 -14 -9 -13 -10 -13 -7 -13 -8 -14 -7 -13 -9 -15 -8 -15 -8 -15 -8 -16 -8 -17 -8 -16 -7 -15 -11 -16 -8 -15 -10 -16 -9 -15 -9 -16 -9 -17 -10 -17 -9 -17 -8 -17 -8 -19 -9 -18 0 0 -9 -18 -11 -19 -11 -17 -11 -19 -10 -16 -11 -19 -10 -18 -12 -21 -10 -18 -11 -20 -11 -19 -11 -19 -11 -18 -10 -18 -13 -19 -13 -16 -13 -19 -13 -17 -12 -17 -13 -19 -11 -19 -12 -18 -13 -19 -13 -19 -11 -18 -11 -17 0 0 0 0 0 0 0 0 0 0 ]
694,1782981344.548865,18.2824,-67,CSI_DATA,AP,98:F4:AB:29:67:94,-67,11,1,4,1,1,1,1,0,0,0,-96,1,6,1,99915249,0,84,0,0,100.297,384,[84 -64 4 0 0 0 0 0 0 0 0 0 11 -7 11 -7 12 -6 12 -7 12 -5 12 -5 13 -5 13 -4 13 -6 13 -4 14 -5 14 -5 14 -5 15 -5 14 -5 15 -6 14 -5 14 -6 14 -5 15 -5 15 -5 16 -5 16 -4 15 -4 17 -5 16 -5 0 0 17 -6 17 -6 16 -6 16 -6 16 -5 17 -6 18 -5 17 -6 18 -6 18 -7 17 -7 17 -6 17 -6 18 -7 17 -8 16 -7 17 -8 16 -8 17 -7 16 -8 17 -7 17 -7 17 -7 17 -8 15 -7 16 -7 0 0 0 0 0 0 0 0 0 0 ]
695,1782981344.638798,18.4566,-67,CSI_DATA,AP,98:F4:AB:29:67:94,-67,11,1,4,1,1,1,1,0,0,0,-96,1,6,1,100005098,0,84,0,0,100.387,384,[84 -64 4 0 0 0 0 0 0 0 0 0 -4 12 -4 12 -4 12 -5 12 -5 13 -6 12 -6 12 -6 12 -6 12 -6 13 -6 13 -7 13 -7 14 -8 14 -7 13 -7 14 -7 13 -8 14 -7 14 -8 13 -9 15 -9 14 -8 14 -8 15 -9 16 -9 15 0 0 -10 15 -10 17 -9 16 -9 16 -9 14 -10 16 -10 15 -10 15 -10 15 -10 17 -9 16 -10 15 -10 16 -9 16 -9 16 -8 16 -10 16 -8 15 -9 16 -9 16 -9 16 -9 16 -10 17 -9 16 -9 15 -8 15 0 0 0 0 0 0 0 0 0 0 ]
696,1782981344.725958,19.4865,-67,CSI_DATA,AP,98:F4:AB:29:67:94,-67,11,1,4,1,1,1,1,0,0,0,-96,1,6,1,100096326,0,84,0,0,100.478,384,[84 -64 4 0 0 0 0 0 0 0 0 0 -6 -14 -5 -13 -6 -15 -5 -15 -6 -15 -5 -15 -5 -15 -4 -15 -5 -16 -5 -17 -5 -17 -5 -17 -4 -18 -4 -17 -4 -16 -4 -19 -5 -17 -5 -18 -5 -18 -5 -17 -5 -18 -5 -19 -5 -20 -4 -20 -4 -20 -4 -19 0 0 -5 -20 -6 -22 -4 -20 -6 -20 -5 -19 -4 -22 -5 -21 -6 -21 -5 -22 -5 -23 -5 -22 -5 -21 -5 -21 -5 -20 -6 -22 -6 -20 -6 -22 -7 -20 -6 -21 -7 -21 -6 -21 -6 -22 -6 -21 -6 -21 -6 -20 -5 -19 0 0 0 0 0 0 0 0 0 0 ]
697,1782981344.814534,19.6895,-67,CSI_DATA,AP,98:F4:AB:29:67:94,-67,11,1,4,1,1,1,1,0,0,0,-96,1,6,1,100186256,0,84,0,0,100.568,384,[84 -64 4 0 0 0 0 0 0 0 0 0 14 4 12 4 15 5 13 5 15 5 13 6 14 5 13 6 14 6 15 7 15 8 14 7 15 9 15 8 14 8 16 8 15 6 16 7 15 8 16 9 16 10 17 8 16 10 16 9 16 10 16 9 0 0 16 10 18 10 17 9 18 9 17 9 18 10 19 11 17 10 17 11 20 10 18 10 16 11 17 11 17 10 19 10 18 8 20 11 17 9 19 9 18 8 18 10 19 10 19 11 17 10 17 9 16 9 0 0 0 0 0 0 0 0 0 0 ]
698,1782981344.901108,18.8512,-68,CSI_DATA,AP,98:F4:AB:29:67:94,-68,11,1,4,1,1,1,1,0,0,0,-96,1,6,1,100276880,0,84,0,0,100.659,384,[84 -64 4 0 0 0 0 0 0 0 0 0 -11 6 -11 6 -12 6 -12 6 -12 5 -12 5 -13 6 -13 5 -13 5 -14 5 -15 6 -14 5 -15 5 -15 5 -13 4 -16 5 -15 6 -15 6 -15 5 -16 5 -16 5 -17 5 -17 5 -16 5 -17 5 -18 5 0 0 -18 5 -18 5 -18 5 -18 6 -17 4 -19 5 -19 5 -18 4 -19 5 -17 6 -19 7 -18 5 -18 6 -18 6 -18 6 -18 6 -20 6 -18 6 -18 6 -18 6 -18 5 -18 5 -19 5 -18 6 -18 6 -16 6 0 0 0 0 0 0 0 0 0 0 ]
699,1782981344.995092,17.9420,-67,CSI_DATA,AP,98:F4:AB:29:67:94,-67,11,1,4,1,1,1,1,0,0,0,-96,1,6,1,100370285,0,84,0,0,100.752,384,[84 -64 4 0 0 0 0 0 0 0 0 0 9 -10 8 -10 10 -11 9 -10 10 -10 10 -10 10 -9 11 -9 10 -10 11 -9 11 -10 12 -9 12 -10 12 -10 11 -9 13 -10 12 -10 11 -10 13 -11 12 -10 13 -10 13 -11 13 -9 14 -10 14 -11 14 -11 0 0 13 -11 14 -12 13 -12 14 -13 13 -10 15 -12 15 -12 15 -12 15 -12 15 -12 14 -13 13 -11 14 -11 14 -12 14 -13 13 -13 14 -13 14 -13 14 -14 13 -14 14 -13 13 -13 14 -12 14 -13 13 -12 13 -11 0 0 0 0 0 0 0 0 0 0 ]
700,1782981345.084320,17.7514,-69,CSI_DATA,AP,98:F4:AB:29:67:94,-69,11,1,5,1,1,1,1,0,0,0,-96,1,6,1,100455609,0,84,0,0,100.838,384,[84 -64 4 0 0 0 0 0 0 0 0 0 0 -13 -1 -13 0 -13 0 -13 1 -14 1 -13 2 -13 1 -13 1 -13 1 -14 1 -15 2 -14 3 -14 3 -15 2 -15 2 -15 1 -15 2 -16 2 -15 1 -15 2 -15 2 -17 2 -17 3 -16 4 -18 3 -16 0 0 3 -18 3 -18 3 -17 3 -17 2 -17 2 -19 3 -18 3 -18 3 -18 2 -18 3 -18 3 -18 3 -18 3 -18 3 -18 2 -18 2 -19 2 -17 2 -18 2 -19 3 -17 2 -17 3 -17 2 -18 3 -17 2 -17 0 0 0 0 0 0 0 0 0 0 ]
701,1782981345.174087,18.6465,-69,CSI_DATA,AP,98:F4:AB:29:67:94,-69,11,1,5,1,1,1,1,0,0,0,-96,1,6,1,100545542,0,84,0,0,100.928,384,[84 -64 4 0 0 0 0 0 0 0 0 0 12 -7 12 -7 13 -7 13 -6 14 -8 12 -7 13 -6 14 -6 14 -6 15 -5 14 -6 16 -6 16 -4 17 -5 15 -4 17 -7 16 -6 15 -6 15 -6 16 -7 16 -6 17 -6 17 -6 18 -5 19 -4 18 -5 0 0 18 -5 18 -7 17 -6 19 -8 18 -6 17 -7 19 -6 19 -7 19 -6 20 -7 19 -6 18 -5 18 -6 19 -5 17 -7 17 -7 19 -7 18 -7 18 -7 18 -7 19 -6 19 -7 19 -6 18 -8 18 -5 17 -5 0 0 0 0 0 0 0 0 0 0 ]
702,1782981345.265090,19.4046,-69,CSI_DATA,AP,98:F4:AB:29:67:94,-69,11,1,5,1,1,1,1,0,0,0,-96,1,6,1,100637355,0,84,0,0,101.02,384,[84 -64 4 0 0 0 0 0 0 0 0 0 -3 13 -3 13 -3 14 -3 13 -3 15 -4 13 -4 14 -5 14 -5 14 -4 17 -6 15 -5 15 -6 14 -7 15 -7 15 -6 16 -5 15 -6 16 -7 15 -7 16 -8 15 -7 16 -7 17 -7 16 -9 18 -7 17 0 0 -8 18 -7 18 -7 18 -8 18 -7 17 -7 18 -6 18 -8 18 -8 18 -8 19 -8 18 -8 17 -7 19 -7 17 -7 20 -6 19 -7 19 -5 18 -6 19 -5 19 -8 19 -6 18 -7 19 -7 18 -7 16 -6 17 0 0 0 0 0 0 0 0 0 0 ]
703,1782981345.353475,18.8042,-69,CSI_DATA,AP,98:F4:AB:29:67:94,-69,11,1,5,1,1,1,1,0,0,0,-96,1,6,1,100724516,0,84,0,0,101.107,384,[84 -64 4 0 0 0 0 0 0 0 0 0 -13 -1 -12 -1 -13 -1 -13 -1 -13 -2 -13 -2 -14 -1 -12 -2 -14 -2 -14 -3 -15 -2 -16 -3 -15 -4 -15 -4 -14 -4 -15 -4 -15 -3 -15 -3 -15 -3 -16 -3 -15 -4 -16 -3 -17 -4 -16 -3 -17 -4 -16 -3 0 0 -17 -4 -17 -3 -17 -3 -17 -4 -17 -3 -18 -3 -18 -4 -18 -3 -19 -3 -18 -4 -19 -3 -17 -3 -18 -3 -18 -3 -18 -3 -18 -2 -19 -3 -18 -2 -18 -3 -18 -2 -19 -3 -18 -3 -18 -3 -18 -3 -17 -2 -17 -2 0 0 0 0 0 0 0 0 0 0 ]
704,1782981345.445095,20.4141,-69,CSI_DATA,AP,98:F4:AB:29:67:94,-69,11,1,5,1,1,1,1,0,0,0,-96,1,6,1,100816765,0,84,0,0,101.199,384,[84 -64 4 0 0 0 0 0 0 0 0 0 11 -11 12 -10 12 -11 11 -10 12 -10 11 -10 13 -10 12 -10 13 -11 15 -9 15 -9 16 -9 16 -10 17 -9 15 -9 16 -10 15 -10 16 -11 15 -10 15 -11 16 -11 16 -12 17 -12 18 -11 19 -11 17 -11 0 0 17 -12 17 -11 17 -12 18 -12 18 -11 17 -13 18 -13 18 -14 18 -12 19 -14 18 -14 18 -11 18 -12 17 -12 17 -13 17 -15 18 -15 17 -13 17 -14 17 -15 17 -14 17 -15 18 -14 17 -14 17 -13 17 -13 0 0 0 0 0 0 0 0 0 0 ]
705,1782981345.535416,17.8310,-69,CSI_DATA,AP,98:F4:AB:29:67:94,-69,11,1,5,1,1,1,1,0,0,0,-96,1,6,1,100904727,0,84,0,0,101.287,384,[84 -64 4 0 0 0 0 0 0 0 0 0 12 -3 12 -3 12 -4 12 -3 13 -3 12 -2 13 -2 13 -1 12 -3 13 -2 14 -2 14 -1 14 -1 14 -2 13 -2 14 -2 14 -2 13 -3 14 -2 14 -1 14 -1 14 -2 16 -1 16 -2 15 -1 16 -2 0 0 16 -1 16 -3 17 -3 17 -3 16 -1 17 -2 17 -2 18 -2 18 -2 17 -2 17 -3 16 -2 16 -2 16 -2 17 -4 16 -3 19 -3 16 -4 17 -3 17 -3 17 -3 16 -4 17 -4 17 -4 16 -3 15 -3 0 0 0 0 0 0 0 0 0 0 ]
706,1782981345.625107,17.8235,-70,CSI_DATA,AP,98:F4:AB:29:67:94,-70,11,1,6,1,1,1,1,0,0,0,-96,1,6,1,100994769,0,84,0,0,101.377,384,[84 -64 4 0 0 0 0 0 0 0 0 0 -4 -13 -4 -13 -3 -13 -3 -14 -3 -14 -2 -14 -2 -14 -1 -14 -2 -15 -1 -15 -2 -16 -1 -15 -1 -16 -2 -15 0 -14 -1 -16 -1 -15 -2 -16 -1 -16 -1 -16 -1 -16 0 -18 0 -16 0 -17 -1 -18 0 -18 0 0 0 -17 -1 -19 0 -18 -1 -19 0 -18 -1 -18 1 -20 0 -19 1 -19 0 -18 -1 -19 0 -18 -1 -18 0 -19 -1 -18 -1 -18 -1 -19 -1 -18 -1 -18 -1 -19 1 -17 0 -19 0 -19 -1 -18 0 -17 -1 -17 0 0 0 0 0 0 0 0 0 0 ]
707,1782981345.712612,18.1554,-69,CSI_DATA,AP,98:F4:AB:29:67:94,-69,11,1,6,1,1,1,1,0,0,0,-96,1,6,1,101084561,0,84,0,0,101.467,384,[84 -64 4 0 0 0 0 0 0 0 0 0 -6 -13 -5 -14 -4 -15 -5 -15 -5 -15 -4 -15 -3 -15 -3 -16 -5 -16 -4 -15 -4 -17 -4 -17 -4 -17 -4 -17 -4 -17 -4 -17 -4 -17 -5 -17 -4 -18 -4 -18 -4 -18 -3 -20 -4 -18 -4 -19 -3 -19 -4 -19 0 0 -4 -19 -3 -21 -4 -20 -5 -20 -3 -21 -5 -20 -4 -21 -4 -20 -3 -22 -5 -21 -5 -21 -5 -21 -4 -21 -4 -20 -4 -21 -5 -20 -5 -21 -5 -21 -5 -21 -6 -20 -5 -20 -4 -21 -4 -21 -3 -20 -5 -19 -5 -20 0 0 0 0 0 0 0 0 0 0 ]
708,1782981345.800245,19.2723,-69,CSI_DATA,AP,98:F4:AB:29:67:94,-69,11,1,5,1,1,1,1,0,0,0,-96,1,6,1,101180064,0,84,0,0,101.562,384,[84 -64 4 0 0 0 0 0 0 0 0 0 -11 -7 -12 -7 -13 -8 -12 -7 -13 -8 -13 -8 -12 -8 -14 -9 -13 -10 -13 -10 -13 -10 -13 -9 -13 -11 -13 -11 -12 -11 -14 -11 -13 -9 -14 -10 -13 -11 -14 -11 -15 -11 -14 -12 -15 -11 -14 -12 -16 -13 -15 -12 0 0 -16 -13 -15 -13 -16 -12 -16 -12 -15 -12 -16 -12 -16 -13 -17 -13 -16 -13 -17 -11 -17 -11 -15 -12 -16 -12 -16 -12 -16 -12 -16 -11 -18 -12 -15 -11 -18 -10 -17 -10 -16 -12 -17 -12 -16 -13 -18 -12 -17 -11 -16 -10 0 0 0 0 0 0 0 0 0 0 ]
709,1782981345.888265,18.1965,-69,CSI_DATA,AP,98:F4:AB:29:67:94,-69,11,1,6,1,1,1,1,0,0,0,-96,1,6,1,101267099,0,84,0,0,101.649,384,[84 -64 4 0 0 0 0 0 0 0 0 0 -2 -13 -1 -14 -2 -14 -1 -13 -1 -14 0 -14 1 -14 0 -15 0 -14 1 -15 0 -15 0 -16 1 -16 2 -16 1 -15 1 -16 2 -15 -1 -15 1 -15 1 -15 2 -16 1 -16 2 -18 2 -18 2 -17 1 -17 0 0 3 -18 2 -18 2 -19 1 -17 1 -18 2 -18 2 -19 3 -19 2 -19 2 -19 1 -18 3 -18 3 -18 3 -19 2 -19 1 -18 2 -19 1 -18 1 -18 2 -19 2 -19 1 -19 1 -19 2 -19 1 -17 1 -17 0 0 0 0 0 0 0 0 0 0 ]
710,1782981345.974633,19.0697,-70,CSI_DATA,AP,98:F4:AB:29:67:94,-70,11,1,6,1,1,1,1,0,0,0,-96,1,6,1,101355607,0,84,0,0,101.738,384,[84 -64 4 0 0 0 0 0 0 0 0 0 -12 7 -14 6 -15 7 -15 6 -14 6 -15 5 -15 6 -14 5 -15 5 -15 5 -17 6 -17 5 -16 6 -17 6 -17 5 -17 5 -17 5 -18 5 -16 6 -17 6 -17 7 -19 5 -19 6 -18 5 -19 5 -19 6 0 0 -19 5 -19 7 -18 6 -19 7 -20 4 -20 5 -22 6 -20 6 -21 6 -19 7 -20 8 -19 7 -19 7 -19 6 -19 7 -19 7 -20 6 -19 7 -20 7 -20 7 -20 6 -19 6 -20 7 -19 8 -17 6 -19 6 0 0 0 0 0 0 0 0 0 0 ]
711,1782981346.063635,19.5307,-69,CSI_DATA,AP,98:F4:AB:29:67:94,-69,11,1,5,1,1,1,1,0,0,0,-96,1,6,1,101449448,0,84,0,0,101.832,384,[84 -64 4 0 0 0 0 0 0 0 0 0 1 -15 2 -15 2 -15 1 -13 3 -14 2 -15 3 -15 4 -15 4 -16 4 -15 5 -17 4 -16 5 -16 5 -16 4 -14 4 -17 4 -16 5 -17 6 -17 6 -15 7 -18 5 -18 6 -18 6 -18 7 -18 6 -19 0 0 7 -18 6 -18 8 -18 6 -19 7 -18 7 -20 8 -19 7 -19 8 -20 6 -20 6 -19 6 -19 6 -19 7 -18 5 -19 5 -19 7 -19 6 -19 7 -19 7 -18 6 -20 6 -21 7 -19 6 -20 6 -19 6 -18 0 0 0 0 0 0 0 0 0 0 ]
712,1782981346.150894,20.7991,-69,CSI_DATA,AP,98:F4:AB:29:67:94,-69,11,1,5,1,1,1,1,0,0,0,-96,1,6,1,101534648,0,84,0,0,101.917,384,[84 -64 4 0 0 0 0 0 0 0 0 0 9 -14 7 -11 9 -12 8 -13 10 -14 11 -13 10 -13 11 -12 11 -14 13 -14 11 -14 11 -14 12 -15 13 -13 11 -13 13 -14 11 -15 12 -14 11 -14 13 -16 14 -16 13 -16 12 -15 15 -15 15 -15 14 -15 0 0 14 -15 15 -17 13 -15 15 -18 13 -14 14 -17 14 -16 15 -16 14 -18 15 -17 15 -17 14 -14 14 -16 14 -15 14 -18 13 -17 14 -19 14 -19 13 -18 13 -18 14 -17 14 -18 14 -19 13 -19 14 -17 13 -15 0 0 0 0 0 0 0 0 0 0 ]
713,1782981346.239620,20.6089,-69,CSI_DATA,AP,98:F4:AB:29:67:94,-69,11,1,5,1,1,1,1,0,0,0,-96,1,6,1,101624628,0,84,0,0,102.007,384,[84 -64 4 0 0 0 0 0 0 0 0 0 -13 3 -13 2 -15 1 -14 1 -15 1 -15 1 -15 1 -15 0 -16 2 -17 0 -18 2 -18 0 -17 2 -17 0 -17 1 -17 1 -18 2 -18 2 -17 0 -17 0 -19 0 -18 1 -19 0 -20 1 -20 0 -19 0 0 0 -19 0 -20 2 -20 3 -19 2 -18 0 -20 2 -20 1 -21 1 -22 2 -21 3 -21 2 -21 1 -20 2 -20 1 -20 3 -20 3 -21 3 -19 2 -21 4 -20 3 -20 2 -21 2 -22 3 -19 3 -20 3 -20 2 0 0 0 0 0 0 0 0 0 0 ]
714,1782981346.327684,20.0597,-69,CSI_DATA,AP,98:F4:AB:29:67:94,-69,11,1,5,1,1,1,1,0,0,0,-96,1,6,1,101714737,0,84,0,0,102.097,384,[84 -64 4 0 0 0 0 0 0 0 0 0 -9 -12 -8 -12 -9 -12 -8 -13 -8 -14 -7 -14 -6 -15 -7 -14 -8 -15 -7 -15 -8 -16 -8 -15 -8 -15 -7 -17 -7 -15 -7 -15 -8 -15 -8 -15 -7 -15 -7 -15 -7 -17 -7 -18 -7 -17 -7 -17 -8 -17 -8 -18 0 0 -8 -17 -9 -19 -8 -18 -9 -18 -8 -17 -9 -19 -7 -20 -8 -19 -9 -19 -10 -19 -10 -18 -8 -18 -9 -19 -9 -18 -9 -18 -10 -17 -10 -19 -10 -18 -10 -17 -10 -17 -9 -19 -10 -17 -9 -19 -10 -18 -9 -17 -9 -17 0 0 0 0 0 0 0 0 0 0 ]
715,1782981346.415883,18.5212,-69,CSI_DATA,AP,98:F4:AB:29:67:94,-69,11,1,5,1,1,1,1,0,0,0,-96,1,6,1,101809030,0,84,0,0,102.191,384,[84 -64 4 0 0 0 0 0 0 0 0 0 9 -11 9 -11 9 -11 11 -11 10 -11 10 -10 11 -11 11 -11 11 -11 12 -10 12 -11 12 -11 13 -11 13 -11 13 -10 13 -11 13 -11 13 -10 13 -10 13 -11 14 -11 14 -11 14 -11 16 -11 15 -11 15 -11 0 0 15 -10 15 -11 16 -11 16 -12 16 -11 16 -11 17 -11 17 -11 17 -12 16 -11 16 -12 16 -11 16 -12 16 -12 16 -12 15 -12 16 -12 15 -12 16 -11 16 -12 17 -12 16 -11 16 -12 15 -13 15 -11 15 -10 0 0 0 0 0 0 0 0 0 0 ]
716,1782981346.504220,17.5527,-70,CSI_DATA,AP,98:F4:AB:29:67:94,-70,11,1,6,1,1,1,1,0,0,0,-96,1,6,1,101895688,0,84,0,0,102.278,384,[84 -64 4 0 0 0 0 0 0 0 0 0 -3 12 -4 12 -4 13 -5 12 -5 14 -4 10 -5 11 -5 12 -5 14 -7 12 -6 13 -6 13 -7 13 -7 14 -6 13 -7 14 -7 14 -5 15 -5 13 -7 14 -8 15 -6 15 -7 15 -7 15 -8 15 -8 15 0 0 -7 15 -8 15 -7 16 -6 17 -8 15 -7 16 -8 16 -7 16 -7 17 -8 17 -6 18 -8 16 -7 15 -7 16 -6 16 -5 16 -7 17 -5 16 -5 17 -5 17 -7 16 -6 18 -7 17 -6 16 -7 15 -5 14 0 0 0 0 0 0 0 0 0 0 ]
717,1782981346.593378,18.4989,-69,CSI_DATA,AP,98:F4:AB:29:67:94,-69,11,1,6,1,1,1,1,0,0,0,-96,1,6,1,101984579,0,84,0,0,102.367,384,[84 -64 4 0 0 0 0 0 0 0 0 0 8 -13 6 -13 7 -13 8 -14 10 -14 7 -13 9 -14 9 -13 9 -13 10 -12 10 -14 11 -13 10 -14 11 -14 10 -13 11 -15 10 -13 10 -14 11 -13 11 -13 12 -14 13 -14 13 -14 12 -15 13 -15 12 -14 0 0 12 -15 13 -15 12 -15 10 -17 12 -15 12 -17 13 -16 13 -15 12 -17 13 -17 13 -18 12 -15 14 -15 12 -14 11 -16 11 -17 13 -18 11 -17 12 -17 11 -18 11 -16 10 -17 12 -17 11 -17 11 -16 11 -15 0 0 0 0 0 0 0 0 0 0 ]
718,1782981346.683275,17.7555,-70,CSI_DATA,AP,98:F4:AB:29:67:94,-70,11,1,6,1,1,1,1,0,0,0,-96,1,6,1,102075059,0,84,0,0,102.457,384,[84 -64 4 0 0 0 0 0 0 0 0 0 14 2 13 1 14 2 15 3 14 4 14 3 14 4 13 4 16 5 15 4 15 4 17 6 16 6 16 6 15 6 15 5 16 5 16 5 15 5 17 7 17 6 17 5 16 5 18 7 16 7 17 6 0 0 17 6 18 5 17 6 19 6 18 7 17 6 19 8 18 7 19 6 19 7 20 6 18 7 19 6 18 5 18 5 18 4 19 4 19 4 19 4 19 4 18 5 19 4 20 6 19 4 18 4 18 4 0 0 0 0 0 0 0 0 0 0 ]
719,1782981346.771577,18.6892,-69,CSI_DATA,AP,98:F4:AB:29:67:94,-69,11,1,6,1,1,1,1,0,0,0,-96,1,6,1,102166063,0,84,0,0,102.548,384,[84 -64 4 0 0 0 0 0 0 0 0 0 -16 0 -16 -1 -16 0 -18 0 -15 -1 -15 -2 -17 -1 -16 -3 -16 -2 -17 -1 -18 -1 -18 -2 -18 -3 -18 -3 -17 -4 -18 -2 -17 -4 -17 -3 -19 -3 -18 -3 -19 -3 -19 -2 -18 -3 -19 -3 -20 -4 -20 -4 0 0 -21 -5 -20 -4 -20 -5 -20 -3 -21 -4 -20 -5 -20 -5 -21 -3 -22 -4 -20 -2 -22 -3 -21 -4 -20 -4 -21 -3 -20 -3 -20 -3 -20 -3 -20 -2 -20 -2 -21 -2 -21 -3 -21 -4 -20 -3 -19 -3 -20 -2 -20 -3 0 0 0 0 0 0 0 0 0 0 ]
720,1782981346.867129,19.3326,-66,CSI_DATA,AP,98:F4:AB:29:67:94,-66,11,1,2,1,1,1,1,0,0,0,-96,1,6,1,102259682,0,84,0,0,102.642,384,[84 -64 4 0 0 0 0 0 0 0 0 0 7 -11 7 -11 8 -12 8 -12 10 -13 9 -10 9 -11 9 -12 10 -12 11 -11 10 -12 11 -11 11 -12 12 -11 11 -11 12 -13 11 -11 11 -12 10 -11 11 -12 12 -12 12 -12 13 -12 13 -12 15 -12 13 -13 0 0 13 -12 15 -14 13 -12 13 -14 13 -12 13 -13 15 -13 14 -14 14 -15 14 -14 13 -14 14 -12 14 -13 13 -13 13 -14 13 -13 14 -15 12 -13 13 -14 12 -15 13 -14 13 -14 14 -14 13 -14 12 -14 12 -13 0 0 0 0 0 0 0 0 0 0 ]
721,1782981346.956037,19.5390,-69,CSI_DATA,AP,98:F4:AB:29:67:94,-69,11,1,6,1,1,1,1,0,0,0,-96,1,6,1,102345821,0,84,0,0,102.728,384,[84 -64 4 0 0 0 0 0 0 0 0 0 2 13 1 14 1 14 2 15 1 15 1 14 -1 15 0 15 0 15 -2 16 0 17 -2 17 -1 17 -2 17 -1 15 -1 18 1 16 0 17 -1 16 -1 18 -2 18 0 18 -3 19 -1 18 -2 19 -2 19 0 0 -2 18 -1 20 -2 18 -2 20 -1 18 -1 19 -2 20 -1 20 -1 20 -1 21 -1 22 -2 20 -2 21 -1 20 1 21 0 20 1 21 1 19 1 20 0 21 0 20 1 20 -1 21 0 19 0 19 1 19 0 0 0 0 0 0 0 0 0 0 ]
722,1782981347.045127,20.1431,-70,CSI_DATA,AP,98:F4:AB:29:67:94,-70,11,1,6,1,1,1,1,0,0,0,-96,1,6,1,102434679,0,84,0,0,102.817,384,[84 -64 4 0 0 0 0 0 0 0 0 0 11 -11 10 -10 9 -12 8 -11 12 -10 12 -11 12 -10 12 -9 12 -10 13 -11 12 -11 13 -10 15 -9 14 -10 13 -9 15 -11 14 -10 14 -9 13 -10 15 -11 14 -10 14 -10 15 -11 16 -10 17 -10 15 -10 0 0 16 -11 17 -12 15 -10 17 -13 15 -11 15 -12 17 -11 17 -12 17 -11 17 -13 17 -11 16 -11 18 -11 17 -11 16 -11 16 -11 17 -11 15 -13 17 -12 16 -12 17 -12 16 -12 18 -12 16 -12 16 -11 15 -11 0 0 0 0 0 0 0 0 0 0 ]
723,1782981347.134312,20.8482,-69,CSI_DATA,AP,98:F4:AB:29:67:94,-69,11,1,5,1,1,1,1,0,0,0,-96,1,6,1,102531051,0,84,0,0,102.913,384,[84 -64 4 0 0 0 0 0 0 0 0 0 10 10 11 11 10 12 11 12 10 13 10 12 9 12 10 14 10 14 9 14 10 15 10 15 10 15 9 16 9 16 10 15 9 14 9 14 9 15 10 16 9 17 11 17 11 17 10 18 9 19 12 17 0 0 9 18 11 19 9 18 12 19 9 18 11 18 10 20 9 18 10 19 12 19 11 20 10 18 10 20 9 19 10 19 10 18 10 18 11 18 10 19 10 18 11 18 10 21 10 20 10 19 10 18 10 18 0 0 0 0 0 0 0 0 0 0 ]
724,1782981347.225138,19.3337,-68,CSI_DATA,AP,98:F4:AB:29:67:94,-68,11,1,4,1,1,1,1,0,0,0,-96,1,6,1,102622585,0,84,0,0,103.005,384,[84 -64 4 0 0 0 0 0 0 0 0 0 -2 12 -3 11 -4 14 -4 12 -4 13 -4 11 -5 13 -5 13 -5 13 -6 14 -6 14 -5 14 -6 14 -6 14 -5 13 -7 15 -7 14 -6 14 -6 13 -6 14 -6 14 -7 16 -7 15 -8 15 -8 16 -7 16 0 0 -7 15 -8 18 -7 16 -7 18 -7 15 -6 16 -8 17 -8 17 -7 17 -6 18 -8 18 -6 13 -7 16 -6 16 -6 17 -6 16 -7 19 -5 17 -6 16 -5 17 -7 17 -6 18 -7 17 -7 17 -5 16 -5 16 0 0 0 0 0 0 0 0 0 0 ]
725,1782981347.315150,19.4070,-69,CSI_DATA,AP,98:F4:AB:29:67:94,-69,11,1,5,1,1,1,1,0,0,0,-96,1,6,1,102706414,0,84,0,0,103.088,384,[84 -64 4 0 0 0 0 0 0 0 0 0 -13 -7 -13 -6 -14 -8 -14 -7 -13 -8 -13 -9 -13 -9 -13 -9 -14 -8 -13 -10 -13 -10 -13 -11 -14 -11 -13 -11 -13 -10 -15 -12 -14 -10 -14 -11 -14 -11 -14 -11 -15 -11 -15 -12 -15 -12 -15 -13 -15 -13 -15 -12 0 0 -14 -12 -15 -13 -15 -12 -16 -13 -15 -12 -15 -12 -16 -13 -15 -13 -16 -13 -17 -14 -16 -13 -16 -13 -15 -13 -15 -12 -17 -13 -15 -11 -17 -14 -16 -11 -17 -12 -17 -12 -16 -12 -17 -11 -17 -13 -17 -13 -15 -12 -14 -12 0 0 0 0 0 0 0 0 0 0 ]
726,1782981347.406136,19.0277,-69,CSI_DATA,AP,98:F4:AB:29:67:94,-69,11,1,5,1,1,1,1,0,0,0,-96,1,6,1,102794744,0,84,0,0,103.177,384,[84 -64 4 0 0 0 0 0 0 0 0 0 7 9 6 9 6 9 7 10 6 10 6 10 6 10 6 11 6 11 6 11 6 13 6 12 6 13 6 13 6 13 6 13 6 13 6 12 6 13 5 12 6 14 7 14 5 14 6 14 7 14 6 14 0 0 6 15 6 15 7 15 7 14 6 15 6 15 6 16 6 16 6 15 7 15 8 15 6 15 7 14 7 15 7 15 7 15 7 15 8 15 8 15 8 15 7 15 7 15 7 15 7 14 7 15 7 13 0 0 0 0 0 0 0 0 0 0 ]
727,1782981347.497144,20.2485,-69,CSI_DATA,AP,98:F4:AB:29:67:94,-69,11,1,5,1,1,1,1,0,0,0,-96,1,6,1,102888932,0,84,0,0,103.271,384,[84 -64 4 0 0 0 0 0 0 0 0 0 5 -14 3 -13 4 -15 6 -14 6 -14 6 -15 6 -14 6 -14 7 -14 7 -14 7 -15 8 -16 8 -14 8 -15 9 -15 7 -16 8 -15 7 -15 8 -16 8 -16 10 -15 9 -16 9 -16 9 -17 11 -18 10 -16 0 0 10 -17 9 -18 10 -17 9 -17 10 -15 11 -17 11 -17 10 -17 10 -17 9 -17 10 -19 11 -17 10 -17 10 -18 10 -16 9 -18 9 -19 9 -18 9 -18 8 -17 10 -18 9 -18 9 -18 9 -18 8 -17 7 -16 0 0 0 0 0 0 0 0 0 0 ]
728,1782981347.587145,20.4127,-68,CSI_DATA,AP,98:F4:AB:29:67:94,-68,11,1,4,1,1,1,1,0,0,0,-96,1,6,1,102975864,0,84,0,0,103.358,384,[84 -64 4 0 0 0 0 0 0 0 0 0 -7 12 -7 12 -9 13 -8 13 -9 13 -8 12 -9 13 -10 13 -10 13 -10 13 -11 13 -12 13 -12 14 -11 13 -11 12 -9 14 -11 14 -11 13 -11 13 -10 14 -12 14 -11 15 -12 15 -13 14 -13 16 -12 15 0 0 -12 16 -13 17 -12 16 -12 15 -12 15 -12 16 -13 16 -14 16 -13 16 -14 17 -13 17 -14 17 -13 16 -12 17 -12 18 -10 17 -12 18 -11 17 -11 17 -10 17 -13 18 -12 18 -11 17 -11 17 -11 16 -11 16 0 0 0 0 0 0 0 0 0 0 ]
729,1782981347.677714,21.0607,-69,CSI_DATA,AP,98:F4:AB:29:67:94,-69,11,1,5,1,1,1,1,0,0,0,-96,1,6,1,103064830,0,84,0,0,103.447,384,[84 -64 4 0 0 0 0 0 0 0 0 0 -14 -5 -13 -5 -15 -5 -13 -7 -15 -7 -14 -7 -14 -6 -14 -8 -16 -8 -15 -9 -15 -8 -15 -10 -16 -9 -14 -10 -14 -10 -17 -9 -15 -9 -15 -9 -15 -9 -16 -8 -14 -10 -18 -10 -17 -12 -16 -11 -17 -12 -17 -10 0 0 -16 -10 -17 -9 -18 -9 -19 -9 -17 -9 -18 -11 -17 -10 -18 -11 -19 -10 -19 -11 -19 -11 -17 -11 -17 -9 -17 -9 -19 -7 -18 -7 -20 -9 -19 -7 -19 -9 -19 -8 -18 -9 -18 -8 -18 -9 -19 -8 -19 -8 -18 -8 0 0 0 0 0 0 0 0 0 0 ]
730,1782981347.768475,21.7166,-69,CSI_DATA,AP,98:F4:AB:29:67:94,-69,11,1,5,1,1,1,1,0,0,0,-96,1,6,1,103159150,0,84,0,0,103.541,384,[84 -64 4 0 0 0 0 0 0 0 0 0 3 -16 3 -15 5 -17 5 -15 6 -16 6 -16 6 -15 6 -16 6 -17 7 -17 7 -17 6 -18 9 -17 8 -17 8 -17 8 -18 8 -18 9 -17 8 -18 9 -18 10 -18 9 -18 10 -19 10 -18 11 -19 10 -19 0 0 10 -19 10 -21 10 -20 9 -21 10 -19 10 -20 11 -21 11 -20 10 -20 10 -22 11 -20 10 -20 10 -20 9 -18 8 -22 8 -20 9 -22 8 -21 9 -22 9 -20 10 -20 9 -20 9 -22 7 -21 8 -20 8 -20 0 0 0 0 0 0 0 0 0 0 ]
731,1782981347.858649,20.8803,-68,CSI_DATA,AP,98:F4:AB:29:67:94,-68,11,1,5,1,1,1,1,0,0,0,-96,1,6,1,103245825,0,84,0,0,103.628,384,[84 -64 4 0 0 0 0 0 0 0 0 0 -14 -4 -15 -4 -15 -5 -15 -6 -15 -6 -15 -6 -14 -6 -15 -6 -15 -6 -15 -7 -16 -6 -16 -6 -16 -8 -16 -9 -15 -7 -16 -7 -17 -6 -15 -7 -17 -7 -17 -7 -16 -8 -18 -7 -16 -8 -18 -9 -18 -8 -17 -8 0 0 -19 -6 -18 -7 -19 -8 -19 -6 -18 -7 -20 -8 -19 -7 -20 -8 -20 -7 -18 -6 -21 -7 -19 -8 -19 -6 -19 -7 -19 -6 -20 -6 -19 -7 -21 -5 -21 -5 -20 -4 -20 -6 -20 -6 -20 -6 -19 -5 -18 -5 -19 -5 0 0 0 0 0 0 0 0 0 0 ]
732,1782981347.948192,19.0147,-67,CSI_DATA,AP,98:F4:AB:29:67:94,-67,11,1,4,1,1,1,1,0,0,0,-96,1,6,1,103334369,0,84,0,0,103.717,384,[84 -64 4 0 0 0 0 0 0 0 0 0 9 9 9 8 9 10 9 10 8 10 8 10 9 10 9 10 10 10 8 11 8 12 8 12 8 13 10 12 7 12 9 12 8 12 10 12 9 11 10 11 9 12 11 13 9 13 9 14 9 15 11 14 0 0 11 14 12 14 11 13 12 14 10 12 11 14 11 15 10 14 12 15 13 15 12 15 10 14 11 15 11 13 13 13 12 12 13 14 12 12 13 12 12 12 13 13 13 12 12 13 12 14 10 13 13 12 0 0 0 0 0 0 0 0 0 0 ]
733,1782981348.037411,17.6690,-67,CSI_DATA,AP,98:F4:AB:29:67:94,-67,11,1,4,1,1,1,1,0,0,0,-96,1,6,1,103425914,0,84,0,0,103.808,384,[84 -64 4 0 0 0 0 0 0 0 0 0 0 12 0 12 1 14 -1 13 -1 15 -1 13 -1 13 -2 13 -1 15 -3 15 -2 15 -3 15 -3 15 -3 15 -2 14 -2 16 -2 14 -2 15 -3 14 -2 16 -4 16 -3 16 -4 17 -4 17 -4 17 -3 16 0 0 -4 16 -4 20 -2 17 -2 18 -4 16 -4 17 -4 19 -4 18 -3 18 -4 20 -3 18 -4 17 -5 17 -3 17 -3 19 -2 18 -3 20 -3 17 -3 18 -3 18 -4 18 -3 19 -4 19 -4 18 -4 18 -3 17 0 0 0 0 0 0 0 0 0 0 ]
734,1782981348.127444,18.8767,-67,CSI_DATA,AP,98:F4:AB:29:67:94,-67,11,1,4,1,1,1,1,0,0,0,-96,1,6,1,103516805,0,84,0,0,103.899,384,[84 -64 4 0 0 0 0 0 0 0 0 0 -8 -13 -8 -12 -7 -13 -8 -14 -7 -14 -7 -15 -6 -14 -7 -16 -6 -15 -7 -15 -8 -16 -7 -16 -7 -17 -7 -17 -7 -17 -7 -17 -7 -16 -7 -16 -8 -16 -7 -17 -7 -19 -7 -18 -8 -17 -8 -17 -8 -20 -8 -19 0 0 -8 -19 -9 -20 -8 -20 -10 -18 -8 -18 -8 -20 -8 -19 -8 -20 -9 -20 -10 -20 -10 -20 -9 -20 -9 -20 -9 -20 -9 -19 -10 -19 -11 -19 -10 -18 -10 -19 -10 -19 -10 -20 -10 -19 -10 -19 -10 -19 -10 -18 -10 -18 0 0 0 0 0 0 0 0 0 0 ]
735,1782981348.218499,20.0395,-67,CSI_DATA,AP,98:F4:AB:29:67:94,-67,11,1,4,1,1,1,1,0,0,0,-96,1,6,1,103605849,0,84,0,0,103.988,384,[84 -64 4 0 0 0 0 0 0 0 0 0 -4 -15 -3 -14 -4 -16 -4 -15 -3 -16 -2 -16 -3 -16 -2 -16 -3 -17 -3 -17 -2 -18 -2 -18 -1 -19 -2 -18 -1 -17 -2 -19 -2 -18 -3 -18 -2 -18 -2 -18 -1 -18 -2 -20 -3 -20 -2 -20 -1 -21 -1 -21 0 0 -2 -21 -2 -21 -2 -20 -2 -20 -1 -20 -2 -21 -3 -22 -2 -22 -3 -21 -3 -22 -3 -22 -3 -21 -3 -21 -3 -22 -3 -22 -4 -21 -4 -21 -4 -20 -4 -22 -5 -21 -3 -22 -4 -22 -4 -21 -4 -21 -3 -20 -3 -20 0 0 0 0 0 0 0 0 0 0 ]
736,1782981348.309075,19.2130,-69,CSI_DATA,AP,98:F4:AB:29:67:94,-69,11,1,5,1,1,1,1,0,0,0,-96,1,6,1,103694589,0,84,0,0,104.077,384,[84 -64 4 0 0 0 0 0 0 0 0 0 8 10 8 9 9 11 10 11 8 12 8 11 9 12 9 11 9 12 8 13 8 14 8 14 9 14 8 15 8 12 8 14 10 13 9 14 7 14 8 15 9 15 9 16 9 15 9 15 9 16 9 15 0 0 9 16 9 17 10 17 10 16 9 16 9 18 10 17 9 17 10 15 11 16 10 18 9 20 9 16 9 17 9 16 10 16 10 16 11 15 10 17 11 15 10 17 10 16 10 16 10 16 9 15 10 15 0 0 0 0 0 0 0 0 0 0 ]
737,1782981348.398347,19.1977,-69,CSI_DATA,AP,98:F4:AB:29:67:94,-69,11,1,5,1,1,1,1,0,0,0,-96,1,6,1,103784630,0,84,0,0,104.167,384,[84 -64 4 0 0 0 0 0 0 0 0 0 -10 -12 -8 -13 -9 -13 -9 -13 -8 -13 -7 -13 -7 -13 -7 -13 -8 -14 -9 -15 -9 -16 -7 -16 -9 -16 -8 -16 -8 -15 -10 -16 -9 -15 -9 -17 -8 -15 -9 -15 -9 -16 -9 -17 -9 -17 -9 -17 -8 -17 -10 -17 0 0 -10 -17 -11 -16 -11 -16 -12 -17 -10 -16 -10 -18 -10 -18 -10 -19 -11 -18 -12 -19 -12 -17 -11 -17 -11 -17 -11 -16 -13 -17 -13 -17 -13 -17 -11 -15 -12 -16 -13 -16 -13 -17 -12 -18 -12 -16 -12 -16 -12 -15 -12 -16 0 0 0 0 0 0 0 0 0 0 ]
738,1782981348.488018,18.4118,-68,CSI_DATA,AP,98:F4:AB:29:67:94,-68,11,1,4,1,1,1,1,0,0,0,-96,1,6,1,103878465,0,84,0,0,104.261,384,[84 -64 4 0 0 0 0 0 0 0 0 0 -11 8 -11 6 -11 7 -12 6 -12 6 -12 5 -14 6 -12 5 -12 6 -14 6 -14 6 -14 6 -16 6 -15 6 -14 5 -15 6 -14 7 -15 6 -14 6 -15 5 -16 6 -16 5 -16 5 -17 6 -17 5 -17 6 0 0 -17 6 -18 7 -17 6 -17 7 -16 7 -18 6 -18 6 -17 6 -18 7 -18 7 -18 8 -17 7 -18 7 -17 6 -17 7 -16 7 -18 7 -17 7 -17 8 -16 8 -18 7 -18 7 -17 7 -16 8 -15 6 -16 8 0 0 0 0 0 0 0 0 0 0 ]
739,1782981348.579560,19.0976,-69,CSI_DATA,AP,98:F4:AB:29:67:94,-69,11,1,5,1,1,1,1,0,0,0,-96,1,6,1,103965020,0,84,0,0,104.347,384,[84 -64 4 0 0 0 0 0 0 0 0 0 13 0 15 1 15 1 14 0 15 1 14 1 16 2 15 2 15 2 15 1 16 3 17 2 15 4 15 3 15 4 17 4 16 3 16 4 15 4 16 3 17 5 18 3 17 4 17 4 19 5 18 4 0 0 18 5 18 4 18 5 18 4 18 4 18 3 19 5 19 5 19 5 20 3 19 5 18 5 19 5 20 5 19 4 19 4 19 4 18 4 19 3 19 3 19 4 19 5 19 4 19 5 18 4 18 3 0 0 0 0 0 0 0 0 0 0 ]
740,1782981348.668696,20.8050,-69,CSI_DATA,AP,98:F4:AB:29:67:94,-69,11,1,5,1,1,1,1,0,0,0,-96,1,6,1,104057167,0,84,0,0,104.439,384,[84 -64 4 0 0 0 0 0 0 0 0 0 -16 7 -13 7 -15 7 -15 7 -17 6 -17 6 -16 6 -16 6 -17 6 -17 5 -18 6 -19 5 -18 6 -18 4 -17 4 -19 6 -18 6 -18 6 -19 6 -19 6 -19 5 -19 6 -20 6 -21 6 -21 6 -20 6 0 0 -20 6 -21 7 -21 7 -22 7 -20 5 -20 8 -22 7 -20 7 -22 6 -21 7 -22 9 -22 7 -20 8 -21 7 -21 8 -19 8 -20 9 -19 9 -21 9 -20 10 -21 8 -21 9 -22 7 -20 8 -20 7 -19 7 0 0 0 0 0 0 0 0 0 0 ]
741,1782981348.757947,19.7620,-69,CSI_DATA,AP,98:F4:AB:29:67:94,-69,11,1,5,1,1,1,1,0,0,0,-96,1,6,1,104144301,0,84,0,0,104.526,384,[84 -64 4 0 0 0 0 0 0 0 0 0 13 4 13 5 13 5 14 7 13 6 12 8 14 8 12 8 14 8 12 8 14 7 13 8 13 9 15 9 12 8 14 9 14 9 14 9 14 8 14 9 14 11 15 10 15 9 15 10 16 10 16 10 0 0 15 10 17 10 16 11 16 10 15 10 16 11 15 11 16 12 17 12 17 10 17 10 16 11 17 11 17 11 16 10 17 10 18 11 16 9 17 10 16 9 17 10 16 11 17 10 17 9 16 10 16 9 0 0 0 0 0 0 0 0 0 0 ]
742,1782981348.847124,18.4838,-67,CSI_DATA,AP,98:F4:AB:29:67:94,-67,11,1,4,1,1,1,1,0,0,0,-96,1,6,1,104235435,0,84,0,0,104.618,384,[84 -64 4 0 0 0 0 0 0 0 0 0 -10 8 -10 7 -11 8 -11 7 -12 8 -12 7 -12 7 -12 6 -13 7 -13 7 -13 7 -13 7 -14 7 -14 8 -14 7 -14 8 -13 7 -14 7 -15 7 -13 8 -15 8 -15 7 -15 7 -16 8 -16 8 -16 8 0 0 -16 8 -17 9 -17 8 -17 9 -16 8 -16 8 -18 9 -16 8 -17 9 -17 9 -16 10 -16 9 -17 9 -16 8 -16 9 -16 10 -17 9 -16 9 -16 9 -17 9 -16 9 -17 8 -17 9 -16 10 -15 9 -15 9 0 0 0 0 0 0 0 0 0 0 ]
743,1782981348.937489,18.1065,-67,CSI_DATA,AP,98:F4:AB:29:67:94,-67,11,1,4,1,1,1,1,0,0,0,-96,1,6,1,104327856,0,84,0,0,104.71,384,[84 -64 4 0 0 0 0 0 0 0 0 0 12 -3 12 -3 13 -3 14 -3 13 -3 13 -2 13 -2 13 -2 14 -3 15 -2 15 -1 15 -1 15 -1 15 -1 14 -1 16 -1 15 -2 15 -1 15 -2 16 -1 16 -1 17 -1 17 -1 16 0 18 -1 18 -2 0 0 18 -1 19 -1 18 -1 18 -1 17 -1 18 -2 18 -1 18 -1 20 -1 20 -2 18 -1 18 0 19 -1 18 -1 19 -2 18 -2 19 -2 17 -2 19 -3 18 -3 18 -2 18 -2 18 -2 18 -2 17 -3 17 -2 0 0 0 0 0 0 0 0 0 0 ]
744,1782981349.024579,17.6688,-67,CSI_DATA,AP,98:F4:AB:29:67:94,-67,11,1,4,1,1,1,1,0,0,0,-96,1,6,1,104414884,0,84,0,0,104.797,384,[84 -64 4 0 0 0 0 0 0 0 0 0 4 12 4 12 4 12 4 13 3 13 4 12 2 12 2 13 3 14 2 14 2 15 1 15 1 15 2 15 2 15 3 16 3 14 2 14 2 15 2 15 1 16 2 17 1 16 1 17 0 17 2 17 0 0 2 17 2 18 3 17 3 18 1 17 2 18 1 19 2 17 3 18 3 19 3 19 1 18 2 17 2 18 3 18 3 17 2 19 2 17 3 18 4 18 3 18 2 18 3 18 2 18 1 17 3 16 0 0 0 0 0 0 0 0 0 0 ]
745,1782981349.115242,17.8558,-67,CSI_DATA,AP,98:F4:AB:29:67:94,-67,11,1,4,1,1,1,1,0,0,0,-96,1,6,1,104504545,0,84,0,0,104.887,384,[84 -64 4 0 0 0 0 0 0 0 0 0 -7 -12 -7 -12 -6 -14 -6 -13 -6 -13 -6 -13 -5 -13 -6 -14 -5 -15 -5 -15 -5 -15 -5 -15 -4 -16 -6 -15 -5 -14 -5 -17 -5 -15 -5 -15 -5 -15 -5 -16 -4 -17 -4 -18 -5 -18 -5 -17 -5 -18 -5 -19 0 0 -5 -18 -5 -19 -5 -19 -6 -18 -4 -18 -4 -19 -4 -19 -4 -19 -5 -20 -5 -19 -6 -19 -5 -18 -5 -18 -4 -19 -5 -19 -6 -18 -6 -20 -6 -18 -5 -19 -5 -19 -4 -19 -4 -18 -5 -19 -5 -19 -5 -17 -5 -17 0 0 0 0 0 0 0 0 0 0 ]
746,1782981349.205009,18.6258,-69,CSI_DATA,AP,98:F4:AB:29:67:94,-69,11,1,5,1,1,1,1,0,0,0,-96,1,6,1,104595006,0,84,0,0,104.977,384,[84 -64 4 0 0 0 0 0 0 0 0 0 -14 4 -13 4 -15 5 -15 4 -16 4 -15 4 -15 3 -16 2 -16 2 -17 3 -17 2 -17 2 -17 2 -18 1 -17 1 -19 2 -17 1 -17 2 -18 1 -17 1 -18 1 -19 1 -18 0 -19 1 -20 1 -18 2 0 0 -19 0 -20 1 -19 1 -20 3 -19 0 -21 0 -21 0 -21 -1 -21 0 -21 1 -21 1 -19 0 -20 1 -19 0 -20 2 -19 1 -22 1 -19 2 -20 0 -20 2 -20 1 -20 0 -21 0 -21 2 -20 1 -18 1 0 0 0 0 0 0 0 0 0 0 ]
747,1782981349.301479,20.6661,-69,CSI_DATA,AP,98:F4:AB:29:67:94,-69,11,1,5,1,1,1,1,0,0,0,-96,1,6,1,104685582,0,84,0,0,105.068,384,[84 -64 4 0 0 0 0 0 0 0 0 0 -6 14 -7 13 -8 15 -8 14 -8 14 -8 13 -9 14 -8 16 -9 14 -10 16 -10 16 -11 16 -11 15 -12 15 -11 15 -12 15 -11 15 -11 15 -12 14 -12 15 -11 16 -12 17 -13 17 -12 16 -14 17 -12 17 0 0 -14 17 -14 17 -14 17 -14 17 -14 16 -14 18 -16 16 -14 17 -16 17 -16 18 -14 18 -14 17 -15 17 -14 17 -15 17 -14 18 -15 18 -13 16 -15 19 -13 18 -15 17 -14 17 -15 18 -15 18 -14 16 -14 16 0 0 0 0 0 0 0 0 0 0 ]
748,1782981349.390410,21.6971,-69,CSI_DATA,AP,98:F4:AB:29:67:94,-69,11,1,5,1,1,1,1,0,0,0,-96,1,6,1,104774769,0,84,0,0,105.157,384,[84 -64 4 0 0 0 0 0 0 0 0 0 -9 -12 -9 -13 -11 -15 -10 -15 -9 -16 -9 -14 -8 -16 -7 -15 -8 -15 -9 -16 -9 -17 -8 -18 -8 -17 -9 -17 -8 -17 -9 -18 -9 -16 -9 -17 -9 -18 -8 -17 -10 -18 -9 -19 -10 -19 -10 -20 -10 -19 -10 -19 0 0 -10 -19 -11 -21 -11 -20 -12 -19 -10 -18 -11 -20 -11 -21 -11 -21 -12 -20 -12 -21 -12 -20 -10 -20 -11 -19 -11 -19 -12 -20 -13 -17 -13 -20 -13 -18 -12 -19 -13 -19 -12 -20 -14 -19 -12 -20 -12 -19 -12 -19 -12 -18 0 0 0 0 0 0 0 0 0 0 ]
749,1782981349.483178,20.9439,-66,CSI_DATA,AP,98:F4:AB:29:67:94,-66,11,1,2,1,1,1,1,0,0,0,-96,1,6,1,104880148,0,84,0,0,105.262,384,[84 -64 4 0 0 0 0 0 0 0 0 0 12 5 11 6 12 7 13 7 13 7 12 7 11 8 12 7 12 8 12 9 13 9 13 10 13 9 13 9 12 8 13 9 13 9 13 9 13 9 14 8 14 10 15 9 13 10 14 10 15 11 14 10 0 0 15 10 16 10 15 10 16 9 14 10 15 10 15 11 16 10 16 9 18 11 17 10 15 11 15 9 15 10 17 10 17 8 18 10 16 8 17 8 17 8 17 9 16 9 17 9 17 9 15 9 15 8 0 0 0 0 0 0 0 0 0 0 ]
750,1782981349.574069,20.7618,-69,CSI_DATA,AP,98:F4:AB:29:67:94,-69,11,1,5,1,1,1,1,0,0,0,-96,1,6,1,104956616,0,84,0,0,105.339,384,[84 -64 4 0 0 0 0 0 0 0 0 0 1 -14 2 -14 3 -15 3 -15 5 -15 4 -15 6 -14 4 -15 5 -14 5 -15 4 -17 4 -16 6 -17 5 -16 6 -16 7 -16 6 -15 6 -15 6 -16 7 -16 6 -16 7 -17 6 -17 7 -17 8 -18 7 -18 0 0 8 -17 8 -18 8 -18 7 -18 8 -18 9 -18 8 -20 9 -19 8 -19 8 -19 7 -19 7 -18 7 -18 8 -18 7 -19 7 -18 7 -19 7 -18 8 -18 7 -19 7 -19 7 -18 8 -19 6 -19 6 -18 6 -17 0 0 0 0 0 0 0 0 0 0 ]
751,1782981349.666223,19.5558,-67,CSI_DATA,AP,98:F4:AB:29:67:94,-67,11,1,4,1,1,1,1,0,0,0,-96,1,6,1,105049770,0,84,0,0,105.432,384,[84 -64 4 0 0 0 0 0 0 0 0 0 -5 -13 -4 -13 -4 -13 -4 -13 -4 -14 -4 -15 -3 -14 -3 -14 -2 -14 -2 -14 -3 -15 -3 -16 -2 -16 -3 -17 -2 -16 -2 -16 -3 -15 -3 -16 -2 -16 -3 -16 -2 -17 -3 -18 -2 -17 -3 -17 -2 -19 -2 -18 0 0 -2 -19 -2 -19 -2 -19 -3 -19 -2 -18 -2 -19 -2 -20 -2 -18 -2 -19 -3 -20 -3 -18 -2 -18 -2 -19 -1 -19 -2 -19 -3 -19 -2 -19 -2 -18 -3 -20 -3 -19 -3 -19 -2 -19 -2 -19 -3 -18 -2 -18 -3 -17 0 0 0 0 0 0 0 0 0 0 ]
752,1782981349.756198,19.2340,-67,CSI_DATA,AP,98:F4:AB:29:67:94,-67,11,1,4,1,1,1,1,0,0,0,-96,1,6,1,105136129,0,84,0,0,105.518,384,[84 -64 4 0 0 0 0 0 0 0 0 0 9 -11 9 -11 9 -12 8 -12 11 -12 9 -10 10 -12 11 -12 10 -12 12 -11 12 -12 13 -12 12 -12 13 -13 11 -11 12 -14 11 -12 12 -13 12 -12 11 -13 13 -13 13 -14 14 -14 14 -13 15 -13 15 -14 0 0 14 -14 15 -15 13 -14 14 -16 13 -14 14 -15 15 -16 14 -15 15 -16 15 -17 14 -17 14 -15 14 -14 14 -14 14 -17 12 -16 14 -18 13 -16 12 -16 13 -17 13 -16 12 -17 14 -16 13 -17 13 -16 13 -15 0 0 0 0 0 0 0 0 0 0 ]
753,1782981349.846200,18.2959,-67,CSI_DATA,AP,98:F4:AB:29:67:94,-67,11,1,3,1,1,1,1,0,0,0,-96,1,6,1,105228648,0,84,0,0,105.611,384,[84 -64 4 0 0 0 0 0 0 0 0 0 12 9 11 8 13 9 11 9 13 9 11 8 11 11 11 10 13 9 11 11 12 12 10 12 11 12 13 12 11 11 14 12 12 11 12 12 12 11 13 10 12 12 14 14 13 14 12 15 12 14 13 14 0 0 13 14 15 15 13 14 15 14 12 14 14 15 13 16 13 16 14 15 14 16 13 16 12 16 14 17 12 15 15 15 14 13 15 16 13 14 14 15 14 15 14 15 15 14 14 17 13 15 13 14 12 13 0 0 0 0 0 0 0 0 0 0 ]
754,1782981349.940280,16.7112,-67,CSI_DATA,AP,98:F4:AB:29:67:94,-67,11,1,4,1,1,1,1,0,0,0,-96,1,6,1,105316940,0,84,0,0,105.699,384,[84 -64 4 0 0 0 0 0 0 0 0 0 9 9 8 9 8 10 9 10 8 11 7 11 8 11 7 12 8 11 7 11 8 11 8 12 8 12 8 12 7 13 8 14 8 12 8 12 8 12 8 13 8 14 9 14 8 14 9 14 9 14 9 15 0 0 9 14 10 15 9 15 10 14 9 14 9 16 8 15 9 15 9 17 10 15 11 15 10 14 11 15 10 15 10 15 11 14 11 15 11 14 10 15 10 14 10 15 10 15 11 14 12 14 10 14 9 13 0 0 0 0 0 0 0 0 0 0 ]
755,1782981350.027216,18.4477,-67,CSI_DATA,AP,98:F4:AB:29:67:94,-67,11,1,4,1,1,1,1,0,0,0,-96,1,6,1,105406095,0,84,0,0,105.788,384,[84 -64 4 0 0 0 0 0 0 0 0 0 7 -13 8 -12 9 -12 8 -12 10 -13 9 -12 10 -12 10 -13 10 -13 11 -13 11 -12 11 -14 12 -13 12 -13 11 -11 12 -13 11 -13 11 -14 11 -13 12 -13 12 -13 13 -15 14 -14 13 -13 15 -14 14 -15 0 0 14 -15 15 -15 14 -14 14 -15 13 -14 14 -16 15 -15 14 -15 16 -15 16 -16 15 -16 15 -14 15 -14 14 -15 14 -16 13 -15 15 -16 12 -16 15 -17 14 -17 14 -16 14 -16 15 -16 14 -14 14 -15 13 -15 0 0 0 0 0 0 0 0 0 0 ]
756,1782981350.117256,18.2948,-67,CSI_DATA,AP,98:F4:AB:29:67:94,-67,11,1,4,1,1,1,1,0,0,0,-96,1,6,1,105502210,0,84,0,0,105.884,384,[84 -64 4 0 0 0 0 0 0 0 0 0 12 6 10 6 10 6 11 6 12 7 11 7 11 7 11 8 11 9 11 9 12 9 12 10 12 9 12 9 11 9 13 9 12 9 14 9 12 8 12 8 13 10 14 9 13 10 13 10 14 11 13 11 0 0 14 11 15 11 14 10 14 10 13 10 15 10 15 11 15 10 15 10 15 11 16 10 14 10 15 11 14 11 15 11 15 9 16 10 16 9 16 9 15 8 15 9 17 9 15 10 16 9 14 9 14 9 0 0 0 0 0 0 0 0 0 0 ]
757,1782981350.207210,18.7967,-67,CSI_DATA,AP,98:F4:AB:29:67:94,-67,11,1,4,1,1,1,1,0,0,0,-96,1,6,1,105588545,0,84,0,0,105.971,384,[84 -64 4 0 0 0 0 0 0 0 0 0 13 -8 13 -6 15 -7 13 -7 13 -6 13 -6 15 -7 15 -5 15 -6 15 -6 15 -6 16 -5 16 -5 17 -5 15 -4 17 -7 16 -6 17 -6 16 -5 16 -6 18 -6 17 -6 18 -5 18 -6 18 -5 18 -6 0 0 18 -6 20 -6 18 -6 20 -8 18 -6 19 -6 19 -7 20 -5 20 -7 22 -8 19 -8 19 -7 19 -7 19 -6 19 -9 19 -8 20 -8 18 -8 20 -7 18 -8 21 -7 19 -7 20 -7 19 -8 18 -8 18 -7 0 0 0 0 0 0 0 0 0 0 ]
758,1782981350.295164,18.6722,-67,CSI_DATA,AP,98:F4:AB:29:67:94,-67,11,1,4,1,1,1,1,0,0,0,-96,1,6,1,105676771,0,84,0,0,106.059,384,[84 -64 4 0 0 0 0 0 0 0 0 0 8 -11 7 -10 8 -10 9 -11 9 -10 9 -10 9 -10 9 -10 10 -11 10 -10 11 -11 10 -11 11 -11 12 -10 11 -10 11 -11 11 -11 11 -11 11 -10 12 -11 12 -11 13 -11 12 -11 13 -11 14 -12 13 -12 0 0 14 -12 14 -12 13 -12 14 -12 13 -11 14 -12 14 -12 15 -12 15 -12 14 -13 14 -13 14 -11 14 -12 14 -12 14 -12 13 -13 14 -13 13 -12 14 -12 13 -13 14 -12 14 -12 13 -12 13 -13 13 -11 13 -11 0 0 0 0 0 0 0 0 0 0 ]
759,1782981350.383585,18.2058,-67,CSI_DATA,AP,98:F4:AB:29:67:94,-67,11,1,4,1,1,1,1,0,0,0,-96,1,6,1,105764855,0,84,0,0,106.147,384,[84 -64 4 0 0 0 0 0 0 0 0 0 1 12 1 12 1 13 -1 13 -1 14 -1 13 -1 13 -1 13 0 14 -2 15 -1 14 -2 15 -3 15 -2 15 -2 14 -2 17 -1 15 -1 15 -1 15 -1 15 -2 16 -2 17 -2 17 -3 16 -2 18 -2 18 0 0 -2 17 -2 19 -2 18 -1 18 -2 17 -1 19 -1 18 -1 19 -1 19 -1 20 -1 19 -1 18 -1 17 0 18 -1 18 1 18 0 19 1 17 1 18 1 18 1 19 0 18 0 18 1 18 1 17 0 17 0 0 0 0 0 0 0 0 0 0 ]
760,1782981350.471282,19.1535,-69,CSI_DATA,AP,98:F4:AB:29:67:94,-69,11,1,5,1,1,1,1,0,0,0,-96,1,6,1,105855877,0,84,0,0,106.238,384,[84 -64 4 0 0 0 0 0 0 0 0 0 -12 7 -12 7 -14 8 -13 6 -13 6 -12 5 -15 6 -15 6 -14 7 -16 6 -16 5 -17 6 -15 5 -16 6 -15 6 -16 6 -17 7 -17 8 -16 6 -19 6 -17 6 -18 6 -16 6 -18 6 -19 5 -16 6 0 0 -19 6 -19 7 -17 7 -19 8 -18 6 -20 6 -20 6 -19 6 -20 8 -20 8 -20 7 -18 5 -19 7 -18 6 -19 7 -18 9 -19 8 -18 8 -18 7 -18 8 -19 7 -19 7 -20 6 -18 7 -17 6 -17 6 0 0 0 0 0 0 0 0 0 0 ]
761,1782981350.560598,19.7523,-69,CSI_DATA,AP,98:F4:AB:29:67:94,-69,11,1,5,1,1,1,1,0,0,0,-96,1,6,1,105945306,0,84,0,0,106.327,384,[84 -64 4 0 0 0 0 0 0 0 0 0 -7 12 -8 12 -9 12 -8 12 -9 12 -9 12 -10 13 -10 12 -10 12 -10 12 -10 13 -10 13 -12 13 -11 14 -10 12 -11 13 -11 13 -8 14 -10 14 -12 14 -11 13 -12 16 -12 14 -12 14 -13 15 -13 15 0 0 -11 14 -13 16 -12 14 -11 15 -13 14 -13 16 -13 14 -13 15 -14 16 -14 16 -12 16 -12 15 -12 15 -12 16 -13 15 -11 16 -12 16 -10 16 -11 17 -12 17 -12 15 -12 16 -12 16 -11 17 -11 15 -11 15 0 0 0 0 0 0 0 0 0 0 ]
762,1782981350.648653,19.7094,-69,CSI_DATA,AP,98:F4:AB:29:67:94,-69,11,1,5,1,1,1,1,0,0,0,-96,1,6,1,106034911,0,84,0,0,106.417,384,[84 -64 4 0 0 0 0 0 0 0 0 0 14 -1 14 0 14 1 14 0 15 0 14 0 14 0 15 0 14 0 15 1 16 2 16 2 16 1 16 1 15 2 17 2 15 2 17 1 16 1 17 1 17 2 17 2 17 2 17 1 19 2 19 1 0 0 19 2 19 2 20 2 19 2 18 3 20 3 19 1 20 2 19 2 20 1 20 2 19 2 19 1 19 2 19 1 19 1 19 1 19 -1 20 1 20 0 19 1 19 1 19 0 20 1 17 0 18 0 0 0 0 0 0 0 0 0 0 0 ]
763,1782981350.736831,19.5370,-69,CSI_DATA,AP,98:F4:AB:29:67:94,-69,11,1,5,1,1,1,1,0,0,0,-96,1,6,1,106125616,0,84,0,0,106.508,384,[84 -64 4 0 0 0 0 0 0 0 0 0 10 -10 10 -9 11 -10 11 -9 12 -9 12 -9 12 -10 12 -9 13 -10 12 -10 14 -10 13 -10 14 -10 14 -10 14 -9 14 -10 13 -9 14 -10 13 -9 14 -10 15 -10 15 -11 14 -11 16 -10 16 -11 15 -10 0 0 16 -11 16 -12 16 -11 16 -12 15 -11 15 -13 16 -12 16 -13 15 -12 16 -13 16 -13 16 -11 15 -11 15 -12 16 -12 14 -13 16 -13 15 -13 16 -13 14 -14 15 -13 14 -14 15 -13 15 -14 15 -12 13 -12 0 0 0 0 0 0 0 0 0 0 ]
764,1782981350.828116,19.4434,-69,CSI_DATA,AP,98:F4:AB:29:67:94,-69,11,1,5,1,1,1,1,0,0,0,-96,1,6,1,106214730,0,84,0,0,106.597,384,[84 -64 4 0 0 0 0 0 0 0 0 0 -7 -14 -7 -13 -6 -13 -7 -13 -7 -15 -6 -14 -5 -14 -5 -15 -5 -15 -5 -16 -6 -16 -5 -16 -5 -17 -5 -17 -4 -16 -5 -16 -5 -16 -6 -16 -5 -17 -6 -17 -5 -18 -5 -18 -5 -19 -5 -18 -4 -19 -6 -19 0 0 -5 -19 -5 -20 -5 -19 -6 -19 -5 -19 -6 -20 -6 -21 -6 -20 -5 -19 -5 -21 -6 -20 -4 -19 -5 -20 -4 -19 -5 -20 -6 -18 -6 -21 -6 -19 -5 -20 -7 -20 -5 -19 -5 -20 -5 -20 -6 -20 -5 -19 -6 -18 0 0 0 0 0 0 0 0 0 0 ]
765,1782981350.916154,19.7751,-69,CSI_DATA,AP,98:F4:AB:29:67:94,-69,11,1,5,1,1,1,1,0,0,0,-96,1,6,1,106305373,0,84,0,0,106.688,384,[84 -64 4 0 0 0 0 0 0 0 0 0 3 13 3 13 3 13 2 14 3 15 2 14 2 14 1 14 2 15 1 16 2 16 1 15 2 18 1 16 0 15 1 17 1 16 2 17 1 16 0 17 1 17 1 18 1 17 1 19 1 18 0 18 0 0 1 20 1 20 1 19 1 19 1 19 1 19 0 20 0 20 1 18 1 19 2 20 1 19 2 20 1 19 2 18 2 19 2 20 3 19 1 19 2 19 2 19 2 19 1 19 3 18 1 18 2 18 0 0 0 0 0 0 0 0 0 0 ]
766,1782981351.004642,19.5094,-69,CSI_DATA,AP,98:F4:AB:29:67:94,-69,11,1,5,1,1,1,1,0,0,0,-96,1,6,1,106401610,0,84,0,0,106.784,384,[84 -64 4 0 0 0 0 0 0 0 0 0 16 2 17 3 16 2 16 2 15 3 16 3 16 5 16 5 17 4 17 5 16 6 17 4 17 6 17 6 17 7 19 6 17 5 18 6 17 5 18 6 19 7 20 6 19 8 20 6 18 8 20 6 0 0 20 7 22 6 20 6 20 7 19 7 20 9 21 8 21 8 20 8 22 8 22 7 22 7 21 7 21 7 21 7 21 6 21 6 21 6 21 7 21 7 21 7 21 7 21 6 21 6 19 6 20 5 0 0 0 0 0 0 0 0 0 0 ]
767,1782981351.093233,19.4522,-69,CSI_DATA,AP,98:F4:AB:29:67:94,-69,11,1,5,1,1,1,1,0,0,0,-96,1,6,1,106489356,0,84,0,0,106.871,384,[84 -64 4 0 0 0 0 0 0 0 0 0 13 -5 13 -5 14 -3 14 -5 14 -3 14 -4 15 -5 14 -3 15 -3 14 -4 17 -4 16 -4 16 -4 17 -3 16 -3 17 -3 17 -4 16 -3 17 -4 16 -3 18 -4 17 -4 17 -4 18 -3 19 -4 19 -3 0 0 18 -4 19 -3 20 -3 18 -5 19 -2 20 -2 19 -4 20 -4 19 -4 18 -4 20 -3 20 -2 19 -3 19 -4 18 -3 20 -5 19 -5 19 -5 20 -5 18 -5 18 -7 18 -6 20 -4 19 -4 18 -4 16 -5 0 0 0 0 0 0 0 0 0 0 ]
768,1782981351.181225,19.6042,-69,CSI_DATA,AP,98:F4:AB:29:67:94,-69,11,1,6,1,1,1,1,0,0,0,-96,1,6,1,106577998,0,84,0,0,106.96,384,[84 -64 4 0 0 0 0 0 0 0 0 0 -13 7 -12 7 -13 8 -14 7 -15 8 -14 7 -13 7 -14 6 -14 7 -16 6 -15 6 -17 7 -17 6 -17 6 -15 6 -17 6 -16 6 -17 8 -16 7 -16 7 -17 7 -18 7 -17 6 -19 7 -19 6 -19 7 0 0 -18 7 -20 8 -18 9 -20 9 -19 8 -18 8 -20 8 -20 8 -20 8 -21 8 -20 9 -20 7 -19 8 -18 8 -19 8 -18 8 -19 9 -17 8 -19 9 -19 9 -18 8 -18 10 -19 9 -18 8 -19 7 -17 8 0 0 0 0 0 0 0 0 0 0 ]
769,1782981351.269468,19.1098,-70,CSI_DATA,AP,98:F4:AB:29:67:94,-70,11,1,6,1,1,1,1,0,0,0,-96,1,6,1,106667610,0,84,0,0,107.05,384,[84 -64 4 0 0 0 0 0 0 0 0 0 -13 -4 -12 -2 -13 -5 -12 -6 -14 -6 -13 -5 -13 -6 -12 -6 -13 -6 -13 -6 -15 -6 -15 -7 -13 -7 -14 -7 -15 -7 -14 -8 -14 -6 -14 -8 -15 -7 -13 -7 -15 -9 -16 -8 -15 -9 -16 -9 -17 -8 -16 -8 0 0 -16 -8 -17 -8 -16 -8 -17 -8 -16 -9 -17 -8 -17 -9 -16 -9 -16 -9 -17 -9 -17 -8 -17 -8 -18 -8 -16 -8 -17 -6 -16 -7 -18 -7 -16 -7 -17 -8 -18 -7 -19 -8 -18 -7 -17 -7 -17 -7 -16 -7 -17 -7 0 0 0 0 0 0 0 0 0 0 ]
770,1782981351.359692,18.2016,-70,CSI_DATA,AP,98:F4:AB:29:67:94,-70,11,1,6,1,1,1,1,0,0,0,-96,1,6,1,106755224,0,84,0,0,107.137,384,[84 -64 4 0 0 0 0 0 0 0 0 0 -6 -11 -6 -12 -7 -12 -6 -12 -6 -14 -6 -12 -5 -13 -7 -12 -6 -13 -6 -13 -7 -12 -7 -15 -7 -15 -6 -14 -7 -14 -7 -16 -6 -16 -7 -16 -6 -15 -7 -15 -6 -17 -7 -16 -6 -17 -6 -17 -7 -16 -7 -17 0 0 -7 -17 -7 -18 -7 -17 -7 -17 -7 -17 -7 -17 -9 -18 -8 -17 -8 -16 -8 -17 -8 -18 -8 -17 -7 -16 -8 -17 -7 -17 -8 -17 -8 -16 -9 -14 -9 -16 -10 -17 -10 -17 -8 -16 -9 -16 -8 -16 -8 -16 -9 -15 0 0 0 0 0 0 0 0 0 0 ]
771,1782981351.449061,18.5080,-69,CSI_DATA,AP,98:F4:AB:29:67:94,-69,11,1,5,1,1,1,1,0,0,0,-96,1,6,1,106847957,0,84,0,0,107.23,384,[84 -64 4 0 0 0 0 0 0 0 0 0 -7 -14 -8 -14 -7 -15 -4 -14 -6 -14 -6 -16 -6 -15 -5 -14 -4 -15 -4 -15 -5 -16 -5 -17 -4 -16 -4 -16 -5 -17 -5 -18 -3 -17 -4 -16 -3 -16 -4 -18 -3 -18 -4 -19 -4 -17 -4 -19 -3 -19 -4 -19 0 0 -1 -19 -4 -22 -1 -19 -3 -20 -1 -19 -2 -21 -2 -21 -2 -21 -2 -21 -3 -21 -2 -20 -3 -20 -2 -19 -2 -21 -2 -20 -2 -19 -2 -21 -3 -21 -3 -19 -2 -19 -3 -20 -2 -20 0 -21 -2 -19 -2 -18 -2 -19 0 0 0 0 0 0 0 0 0 0 ]
772,1782981351.539760,18.6281,-69,CSI_DATA,AP,98:F4:AB:29:67:94,-69,11,1,6,1,1,1,1,0,0,0,-96,1,6,1,106936162,0,84,0,0,107.318,384,[84 -64 4 0 0 0 0 0 0 0 0 0 14 -4 12 -4 14 -5 13 -3 14 -4 15 -3 14 -3 15 -3 16 -3 16 -2 17 -2 16 -2 16 -2 16 -2 16 -2 18 -3 15 -3 18 -3 17 -2 18 -3 18 -1 18 -3 17 -1 19 -2 19 -2 19 -2 0 0 19 -2 21 -2 19 -2 20 -2 19 -2 19 -3 21 -2 21 -2 20 -3 21 -2 20 -2 19 -1 19 -1 19 -2 20 -3 18 -3 21 -3 20 -3 20 -3 18 -4 20 -2 20 -3 19 -2 20 -3 20 -2 17 -4 0 0 0 0 0 0 0 0 0 0 ]
773,1782981351.632245,18.9466,-69,CSI_DATA,AP,98:F4:AB:29:67:94,-69,11,1,5,1,1,1,1,0,0,0,-96,1,6,1,107026970,0,84,0,0,107.409,384,[84 -64 4 0 0 0 0 0 0 0 0 0 2 18 3 16 2 17 1 17 1 18 2 18 1 18 0 17 0 19 -1 20 -1 21 -1 21 -2 21 -2 20 -1 19 0 21 0 20 0 21 -1 21 -1 22 -2 22 -1 21 -2 23 -1 22 -1 23 -2 23 0 0 -2 23 -2 25 -1 24 -2 22 -2 23 -2 25 -3 24 -3 23 -2 26 -1 27 0 26 -2 23 -2 24 -3 24 0 26 0 23 -2 25 -1 24 -1 26 -1 24 -1 25 0 24 -1 26 1 25 -2 23 -2 22 0 0 0 0 0 0 0 0 0 0 ]
774,1782981351.722246,17.9534,-69,CSI_DATA,AP,98:F4:AB:29:67:94,-69,11,1,5,1,1,1,1,0,0,0,-96,1,6,1,107118594,0,84,0,0,107.501,384,[84 -64 4 0 0 0 0 0 0 0 0 0 -5 -13 -5 -11 -3 -13 -4 -12 -4 -13 -4 -13 -3 -13 -3 -13 -3 -14 -3 -14 -4 -15 -3 -15 -3 -15 -3 -16 -3 -15 -3 -15 -3 -14 -3 -16 -2 -16 -3 -16 -3 -17 -2 -16 -2 -16 -3 -17 -2 -17 -3 -17 0 0 -3 -17 -2 -18 -3 -18 -3 -17 -2 -17 -3 -18 -3 -18 -2 -18 -3 -19 -3 -19 -4 -19 -3 -18 -3 -18 -3 -17 -3 -17 -5 -17 -4 -19 -4 -17 -4 -18 -4 -17 -4 -18 -3 -18 -3 -18 -4 -18 -4 -17 -4 -16 0 0 0 0 0 0 0 0 0 0 ]
775,1782981351.812747,19.3708,-69,CSI_DATA,AP,98:F4:AB:29:67:94,-69,11,1,5,1,1,1,1,0,0,0,-96,1,6,1,107205743,0,84,0,0,107.588,384,[84 -64 4 0 0 0 0 0 0 0 0 0 1 -15 1 -14 0 -15 1 -15 1 -16 2 -15 3 -15 3 -16 2 -17 4 -16 3 -17 4 -16 4 -17 4 -18 3 -16 4 -18 3 -16 2 -18 3 -17 4 -18 4 -18 4 -18 4 -19 4 -19 5 -20 6 -19 0 0 5 -19 5 -19 6 -19 2 -19 4 -19 4 -20 4 -21 4 -21 6 -20 4 -21 5 -20 5 -19 5 -20 5 -19 4 -19 3 -20 4 -20 4 -19 3 -20 3 -20 3 -20 4 -20 3 -19 4 -19 4 -18 3 -18 0 0 0 0 0 0 0 0 0 0 ]
776,1782981351.902246,20.3784,-69,CSI_DATA,AP,98:F4:AB:29:67:94,-69,11,1,5,1,1,1,1,0,0,0,-96,1,6,1,107296875,0,84,0,0,107.679,384,[84 -64 4 0 0 0 0 0 0 0 0 0 3 -15 2 -14 3 -15 3 -15 3 -15 4 -14 4 -15 4 -15 4 -15 5 -16 5 -16 6 -16 7 -17 7 -17 6 -16 6 -18 5 -16 6 -17 7 -16 7 -17 7 -17 6 -18 7 -18 7 -19 8 -19 7 -17 0 0 7 -19 7 -19 7 -18 7 -20 7 -18 7 -19 7 -19 7 -19 8 -19 7 -19 6 -19 9 -18 7 -19 6 -18 6 -19 6 -19 8 -19 6 -18 6 -19 5 -20 6 -18 6 -19 7 -18 6 -20 6 -18 5 -18 0 0 0 0 0 0 0 0 0 0 ]
777,1782981351.993238,20.1856,-68,CSI_DATA,AP,98:F4:AB:29:67:94,-68,11,1,5,1,1,1,1,0,0,0,-96,1,6,1,107384456,0,84,0,0,107.767,384,[84 -64 4 0 0 0 0 0 0 0 0 0 -10 9 -11 7 -13 8 -13 8 -13 7 -13 6 -15 7 -13 7 -14 7 -15 7 -15 7 -15 8 -16 7 -16 7 -16 6 -17 7 -15 8 -17 8 -15 9 -17 7 -17 6 -17 8 -17 7 -17 8 -18 7 -18 8 0 0 -18 8 -18 9 -18 8 -18 10 -17 8 -18 8 -19 7 -18 7 -18 7 -20 9 -18 9 -19 8 -19 8 -18 7 -18 10 -17 9 -18 10 -18 8 -18 9 -17 9 -18 9 -18 10 -17 9 -18 9 -17 10 -17 9 0 0 0 0 0 0 0 0 0 0 ]
778,1782981352.088233,20.3117,-69,CSI_DATA,AP,98:F4:AB:29:67:94,-69,11,1,5,1,1,1,1,0,0,0,-96,1,6,1,107480085,0,84,0,0,107.862,384,[84 -64 4 0 0 0 0 0 0 0 0 0 -15 -1 -14 -2 -16 -2 -15 -2 -15 -2 -15 -3 -15 -3 -16 -3 -15 -3 -16 -4 -18 -4 -18 -4 -18 -5 -17 -6 -16 -5 -17 -6 -16 -4 -18 -5 -17 -5 -17 -4 -18 -4 -19 -5 -19 -5 -18 -5 -19 -6 -19 -6 0 0 -19 -6 -20 -6 -19 -6 -19 -4 -19 -5 -20 -6 -21 -6 -20 -8 -21 -5 -20 -5 -21 -5 -19 -6 -20 -6 -20 -6 -20 -4 -18 -4 -21 -5 -20 -4 -20 -4 -19 -3 -20 -4 -19 -5 -20 -5 -19 -4 -19 -5 -18 -4 0 0 0 0 0 0 0 0 0 0 ]
779,1782981352.174257,20.9972,-69,CSI_DATA,AP,98:F4:AB:29:67:94,-69,11,1,6,1,1,1,1,0,0,0,-96,1,6,1,107566381,0,84,0,0,107.949,384,[84 -64 4 0 0 0 0 0 0 0 0 0 -8 -12 -10 -12 -10 -13 -9 -13 -8 -13 -8 -12 -8 -14 -10 -14 -10 -14 -9 -15 -9 -16 -8 -15 -9 -16 -8 -15 -9 -16 -9 -17 -9 -15 -8 -15 -9 -15 -8 -16 -8 -17 -8 -17 -10 -17 -9 -17 -10 -19 -9 -18 0 0 -10 -17 -11 -19 -10 -19 -10 -18 -9 -18 -10 -19 -11 -19 -10 -18 -10 -17 -11 -20 -11 -19 -11 -17 -9 -20 -11 -17 -11 -18 -10 -16 -12 -19 -11 -18 -11 -15 -12 -16 -10 -16 -12 -18 -10 -18 -10 -17 -11 -16 -11 -16 0 0 0 0 0 0 0 0 0 0 ]
780,1782981352.264269,20.5660,-70,CSI_DATA,AP,98:F4:AB:29:67:94,-70,11,1,6,1,1,1,1,0,0,0,-96,1,6,1,107656196,0,84,0,0,108.038,384,[84 -64 4 0 0 0 0 0 0 0 0 0 -2 -14 -3 -15 -3 -17 -2 -16 -3 -16 -2 -15 0 -16 -1 -16 -1 -16 0 -17 -2 -17 -1 -18 0 -17 0 -17 0 -17 -1 -20 -1 -17 -1 -17 0 -18 0 -18 -1 -18 -1 -20 1 -20 -1 -19 -1 -20 0 -20 0 0 -2 -20 0 -21 0 -20 -2 -20 0 -20 -2 -21 -1 -20 -2 -23 -1 -21 -2 -22 -1 -20 1 -21 0 -21 -2 -20 -3 -22 -3 -20 -2 -22 -3 -19 -3 -21 -3 -19 -3 -21 -3 -20 -2 -22 -3 -21 -1 -20 -3 -18 0 0 0 0 0 0 0 0 0 0 ]
781,1782981352.355835,20.4624,-69,CSI_DATA,AP,98:F4:AB:29:67:94,-69,11,1,6,1,1,1,1,0,0,0,-96,1,6,1,107746412,0,84,0,0,108.129,384,[84 -64 4 0 0 0 0 0 0 0 0 0 12 -4 11 -4 13 -4 13 -4 13 -3 13 -3 13 -3 13 -4 14 -4 14 -3 16 -3 15 -1 16 -2 15 -1 13 -2 15 -3 14 -2 16 -2 14 -1 16 -3 17 -2 17 -3 18 -2 17 -1 17 0 17 -2 0 0 17 -2 18 -3 17 -3 18 -3 17 -3 18 -3 19 -1 19 -3 18 -1 18 -1 18 -2 17 -1 18 -2 17 -2 17 -3 17 -4 18 -3 17 -2 17 -3 18 -3 17 -3 17 -4 18 -3 17 -3 17 -2 14 -2 0 0 0 0 0 0 0 0 0 0 ]
782,1782981352.444368,20.0243,-70,CSI_DATA,AP,98:F4:AB:29:67:94,-70,11,1,6,1,1,1,1,0,0,0,-96,1,6,1,107834716,0,84,0,0,108.217,384,[84 -64 4 0 0 0 0 0 0 0 0 0 -7 13 -6 13 -7 14 -7 13 -7 14 -7 13 -8 13 -7 12 -7 15 -9 13 -8 14 -9 15 -9 14 -10 14 -9 13 -9 15 -10 13 -9 14 -9 14 -11 14 -10 15 -10 16 -11 15 -10 16 -13 15 -12 16 0 0 -12 16 -11 17 -11 17 -11 18 -11 16 -11 16 -12 18 -10 16 -12 18 -11 19 -11 17 -11 18 -12 16 -11 18 -11 18 -9 18 -10 18 -10 16 -9 18 -9 17 -10 17 -10 18 -10 18 -10 17 -9 16 -10 17 0 0 0 0 0 0 0 0 0 0 ]
783,1782981352.532063,19.6753,-70,CSI_DATA,AP,98:F4:AB:29:67:94,-70,11,1,6,1,1,1,1,0,0,0,-96,1,6,1,107928836,0,84,0,0,108.311,384,[84 -64 4 0 0 0 0 0 0 0 0 0 8 7 8 9 8 9 8 10 8 10 8 10 9 11 9 10 9 10 9 10 9 11 9 11 9 12 10 12 9 11 10 12 9 12 9 12 9 12 11 12 10 12 10 12 11 12 10 13 11 13 10 14 0 0 12 13 12 13 11 14 11 13 11 13 12 13 12 13 13 13 12 14 13 13 13 12 11 14 12 13 12 14 13 12 12 11 13 12 12 12 13 12 12 11 13 11 13 11 12 12 13 12 12 11 11 10 0 0 0 0 0 0 0 0 0 0 ]
784,1782981352.620593,19.5493,-69,CSI_DATA,AP,98:F4:AB:29:67:94,-69,11,1,6,1,1,1,1,0,0,0,-96,1,6,1,108014572,0,84,0,0,108.397,384,[84 -64 4 0 0 0 0 0 0 0 0 0 -12 10 -12 8 -14 7 -14 8 -14 7 -13 7 -14 7 -14 6 -14 8 -15 7 -15 9 -17 8 -15 7 -16 8 -16 7 -15 8 -16 7 -16 9 -16 8 -15 9 -17 9 -17 9 -16 9 -17 10 -18 9 -17 9 0 0 -16 10 -18 11 -17 10 -18 11 -17 7 -18 10 -19 11 -18 11 -18 11 -18 12 -17 10 -17 10 -17 10 -17 11 -16 13 -16 12 -18 11 -17 12 -17 13 -15 11 -17 12 -15 13 -17 11 -15 12 -14 12 -15 11 0 0 0 0 0 0 0 0 0 0 ]
