packet_idx,epoch_s,sub30_amplitude,rssi_dbm,raw_line
1,1782978713.948280,22.8035,-71,CSI_DATA,AP,98:F4:AB:29:67:94,-71,11,0,0,0,0,0,0,0,0,0,-96,0,6,1,38298557,0,28,0,0,38.6805,128,[28 -64 1 0 0 0 0 0 0 0 0 0 -29 8 -25 6 -29 5 -26 6 -29 6 -24 3 -28 2 -26 2 -28 2 -27 2 -27 2 -28 1 -25 0 -25 0 -19 -1 -25 0 -20 1 -18 7 -18 5 -20 7 -22 5 -21 7 -21 7 -22 6 -22 6 -22 6 0 0 -20 10 -23 12 -21 11 -23 14 -21 13 -22 12 -22 10 -21 10 -21 11 -26 10 -23 11 -21 9 -21 10 -19 10 -19 9 -18 10 -19 10 -17 10 -18 9 -17 9 -14 9 -14 8 -16 9 -13 10 -14 9 -10 7 0 0 0 0 0 0 0 0 0 0 ]
2,1782978713.979439,26.6271,-71,CSI_DATA,AP,98:F4:AB:29:67:94,-71,11,0,0,0,0,0,0,0,0,0,-96,0,6,1,38302340,0,157,0,0,38.7138,128,[-99 -48 9 0 0 0 0 0 0 0 0 0 17 23 16 23 14 26 13 21 11 24 12 20 13 22 11 23 10 25 12 21 11 25 11 23 8 23 6 20 5 18 9 21 9 16 10 15 11 16 12 13 11 16 12 19 14 18 15 18 15 22 14 17 0 0 15 17 17 15 17 19 18 20 15 17 16 17 18 16 16 18 18 19 14 20 14 20 11 17 15 17 12 17 14 17 13 15 15 14 15 13 12 15 13 12 10 12 12 10 11 13 13 11 10 10 8 9 0 0 0 0 0 0 0 0 0 0 ]
3,1782978714.026039,23.7697,-72,CSI_DATA,AP,98:F4:AB:29:67:94,-72,11,0,0,0,0,0,0,0,0,0,-96,0,6,1,38384703,0,135,0,0,38.7665,128,[-121 112 8 0 0 0 0 0 0 0 0 0 -9 27 -12 26 -12 25 -11 25 -14 22 -13 21 -14 21 -18 22 -16 24 -15 21 -12 21 -15 21 -14 19 -13 20 -14 18 -11 18 -10 18 -7 17 -8 19 -9 20 -8 19 -6 21 -6 18 -5 20 -6 23 -9 22 0 0 -7 23 -6 24 -5 23 -3 23 -4 21 -8 25 -6 25 -7 23 -4 23 -6 21 -5 24 -4 22 -3 23 -5 21 -5 19 -4 22 -3 19 -3 17 -5 20 -2 17 -2 17 -3 16 -3 16 -1 17 0 13 -2 14 0 0 0 0 0 0 0 0 0 0 ]
4,1782978714.541008,13.6015,-78,CSI_DATA,AP,98:F4:AB:29:67:94,-78,11,1,3,1,1,1,0,0,0,0,-96,0,6,1,38897795,0,390,0,0,39.2796,384,[-122 -31 23 0 0 0 0 0 0 0 0 0 -12 14 -12 11 -11 11 -13 11 -12 12 -11 11 -12 10 -12 8 -12 8 -13 10 -12 9 -14 8 -11 8 -11 7 -10 6 -11 7 -9 6 -8 6 -8 9 -6 7 -6 8 -8 9 -7 9 -8 9 -8 11 -9 9 0 0 -7 11 -6 9 -5 11 -6 10 -7 10 -6 12 -7 12 -3 11 -6 11 -7 11 -7 11 -5 11 -5 10 -5 10 -5 9 -5 9 -4 9 -3 10 -3 9 -4 8 -3 8 -3 7 -2 7 -2 8 -1 6 -2 6 0 0 0 0 0 0 0 0 0 0 ]
5,1782978714.603919,13.0384,-78,CSI_DATA,AP,98:F4:AB:29:67:94,-78,11,1,3,1,1,1,0,0,0,0,-96,0,6,1,38953555,0,390,0,0,39.3351,384,[-122 -31 23 0 0 0 0 0 0 0 0 0 -7 -17 -7 -16 -7 -16 -6 -15 -6 -14 -3 -16 -3 -15 -6 -14 -7 -17 -6 -13 -3 -18 -2 -15 -2 -15 -3 -12 -2 -13 -4 -13 -4 -10 -5 -11 -6 -10 -5 -14 -4 -11 -5 -11 -6 -11 -5 -11 -7 -11 -5 -12 0 0 -6 -11 -8 -11 -6 -11 -7 -9 -5 -10 -7 -11 -7 -13 -7 -13 -8 -11 -8 -14 -8 -11 -5 -9 -4 -11 -5 -10 -7 -10 -5 -9 -7 -8 -4 -9 -6 -8 -8 -8 -6 -9 -7 -6 -7 -6 -6 -7 -4 -6 -5 -6 0 0 0 0 0 0 0 0 0 0 ]
6,1782978714.649033,10.8167,-79,CSI_DATA,AP,98:F4:AB:29:67:94,-79,11,1,3,1,1,1,0,0,0,0,-96,0,6,1,39002730,0,82,0,0,39.3842,384,[82 -96 4 0 0 0 0 0 0 0 0 0 -10 13 -11 10 -9 12 -10 10 -10 12 -10 11 -12 11 -11 10 -10 11 -11 8 -12 11 -12 9 -10 7 -10 7 -10 6 -9 8 -8 6 -10 7 -7 8 -7 10 -7 8 -7 8 -7 10 -8 9 -6 9 -5 8 0 0 -5 9 -6 11 -6 10 -6 11 -5 11 -6 11 -7 11 -6 9 -6 10 -6 9 -6 11 -7 10 -5 8 -5 11 -3 9 -2 8 -7 10 -3 9 -5 7 -4 9 -3 7 -3 5 -1 7 -4 6 -2 6 -4 7 0 0 0 0 0 0 0 0 0 0 ]
7,1782978714.696336,22.0000,-73,CSI_DATA,AP,98:F4:AB:29:67:94,-73,11,0,0,0,0,0,0,0,0,0,-96,0,6,1,39050196,0,82,0,0,39.4318,128,[82 -96 4 0 0 0 0 0 0 0 0 0 3 -27 5 -25 7 -28 5 -27 6 -27 7 -24 9 -27 8 -23 9 -24 9 -25 11 -24 8 -22 9 -22 9 -20 9 -17 7 -19 5 -20 4 -16 2 -16 2 -17 3 -18 2 -22 3 -20 2 -22 0 -22 0 -20 0 0 -1 -21 -1 -22 -2 -20 -3 -21 -1 -19 -4 -23 -2 -24 -1 -22 -3 -20 -1 -22 -1 -22 -2 -20 -2 -20 -1 -18 -1 -19 -1 -19 -1 -19 -2 -17 -2 -17 -4 -14 -4 -14 -4 -15 -3 -15 -2 -14 -1 -14 -2 -12 0 0 0 0 0 0 0 0 0 0 ]
8,1782978715.053472,13.0384,-80,CSI_DATA,AP,98:F4:AB:29:67:94,-80,11,1,3,1,1,1,0,0,0,0,-96,0,6,1,39406477,0,82,0,0,39.788,384,[82 -96 4 0 0 0 0 0 0 0 0 0 -12 -21 -13 -18 -13 -19 -10 -16 -12 -17 -9 -19 -8 -20 -9 -18 -9 -20 -8 -18 -5 -18 -7 -19 -5 -16 -3 -16 -3 -17 -5 -15 -7 -11 -4 -15 -4 -11 -7 -12 -4 -12 -6 -10 -7 -10 -6 -12 -7 -11 -7 -10 0 0 -8 -9 -10 -10 -8 -7 -9 -8 -6 -8 -10 -6 -8 -8 -8 -9 -9 -5 -12 -7 -11 -8 -8 -5 -7 -7 -7 -7 -8 -5 -7 -6 -7 -6 -7 -4 -8 -3 -8 -4 -8 -3 -6 -3 -9 -4 -4 -3 -5 -2 -7 -4 0 0 0 0 0 0 0 0 0 0 ]
9,1782978715.540416,17.4642,-73,CSI_DATA,AP,98:F4:AB:29:67:94,-73,11,1,3,1,1,1,0,0,0,0,-96,0,6,1,39898994,0,82,0,0,40.2806,384,[82 -96 4 0 0 0 0 0 0 0 0 0 -19 9 -17 6 -19 8 -19 8 -20 6 -20 9 -20 7 -20 4 -20 4 -19 3 -21 3 -21 3 -19 4 -21 3 -20 2 -22 3 -18 2 -18 3 -17 1 -17 3 -17 3 -15 5 -17 3 -18 4 -17 4 -15 4 0 0 -16 4 -17 6 -15 5 -16 6 -15 5 -15 5 -15 6 -14 6 -14 7 -15 6 -15 8 -14 4 -13 7 -14 7 -14 8 -13 6 -14 7 -13 5 -13 8 -12 9 -13 7 -12 7 -12 6 -14 8 -12 6 -13 6 0 0 0 0 0 0 0 0 0 0 ]
10,1782978715.681160,16.5529,-73,CSI_DATA,AP,98:F4:AB:29:67:94,-73,11,1,5,1,1,1,0,0,0,0,-96,0,6,1,40046393,0,82,0,0,40.4279,384,[82 -96 4 0 0 0 0 0 0 0 0 0 19 3 19 2 18 4 18 4 18 5 17 5 20 7 17 6 18 7 18 6 18 7 18 8 17 7 17 8 15 8 15 9 15 7 14 8 15 5 14 7 14 6 15 7 14 4 15 5 15 7 16 6 0 0 15 6 14 6 14 5 14 4 14 5 14 3 16 4 15 3 15 4 15 3 16 2 15 2 14 3 15 3 15 3 16 2 14 2 15 1 15 1 14 0 15 -1 15 1 13 0 14 0 13 1 13 1 0 0 0 0 0 0 0 0 0 0 ]
11,1782978715.919839,19.5741,-71,CSI_DATA,AP,98:F4:AB:29:67:94,-71,11,1,3,1,1,1,0,0,0,0,-96,0,6,1,40266550,0,82,0,0,40.6481,384,[82 -96 4 0 0 0 0 0 0 0 0 0 -24 1 -23 1 -22 0 -23 0 -21 -3 -23 -2 -24 0 -22 -2 -24 -3 -22 -5 -24 -4 -24 -6 -23 -6 -21 -5 -20 -4 -22 -5 -20 -5 -19 -4 -17 -4 -19 -4 -17 -3 -18 -4 -19 -4 -19 -4 -19 -3 -20 -1 0 0 -19 -1 -19 -2 -22 -1 -20 0 -19 -1 -20 1 -19 -1 -19 0 -21 0 -21 3 -21 2 -21 1 -20 1 -20 1 -20 2 -22 2 -19 2 -18 1 -21 3 -20 2 -19 2 -18 3 -19 2 -20 2 -20 1 -19 1 0 0 0 0 0 0 0 0 0 0 ]
12,1782978715.949180,22.5091,-66,CSI_DATA,AP,98:F4:AB:29:67:94,-66,11,0,0,0,0,0,0,0,0,0,-96,0,6,1,40304724,0,37,0,0,40.6863,128,[37 80 2 0 0 0 0 0 0 0 0 0 7 -24 7 -24 8 -24 9 -24 9 -22 9 -21 9 -22 9 -21 9 -22 10 -21 10 -21 11 -22 11 -21 10 -21 10 -20 11 -20 10 -19 8 -18 9 -18 9 -19 7 -18 7 -19 7 -17 7 -19 7 -20 7 -20 0 0 6 -20 7 -21 7 -21 4 -20 4 -19 5 -22 4 -21 5 -21 4 -22 5 -21 6 -22 5 -22 5 -22 6 -22 6 -21 6 -22 6 -23 6 -20 5 -21 5 -21 6 -21 6 -21 6 -20 7 -21 6 -19 6 -19 0 0 0 0 0 0 0 0 0 0 ]
13,1782978715.997104,22.3679,-66,CSI_DATA,AP,98:F4:AB:29:67:94,-66,11,0,0,0,0,0,0,0,0,0,-96,0,6,1,40309064,0,37,0,0,40.7226,128,[37 80 2 0 0 0 0 0 0 0 0 0 20 13 19 14 20 14 19 15 17 15 17 14 18 15 16 15 16 16 16 14 17 14 17 14 16 16 15 14 14 14 16 15 15 14 13 12 14 11 14 12 13 12 15 11 13 9 15 10 17 11 17 11 0 0 17 10 17 11 18 10 17 9 17 8 18 8 19 9 17 9 18 8 19 10 20 10 18 9 20 8 19 10 19 10 19 10 19 8 18 9 17 9 18 8 18 9 18 9 17 9 18 8 17 7 17 9 0 0 0 0 0 0 0 0 0 0 ]
14,1782978716.043327,18.2721,-73,CSI_DATA,AP,98:F4:AB:29:67:94,-73,11,1,3,1,1,1,0,0,0,0,-96,0,6,1,40310171,0,84,0,0,40.7606,384,[84 -64 4 0 0 0 0 0 0 0 0 0 -14 17 -14 16 -13 16 -14 15 -15 15 -14 15 -15 14 -14 13 -14 15 -14 14 -16 15 -15 14 -15 13 -14 13 -14 14 -14 13 -15 12 -13 12 -12 12 -13 11 -11 11 -12 13 -12 12 -12 12 -10 12 -11 13 0 0 -11 14 -10 14 -10 15 -10 14 -10 13 -9 15 -10 15 -8 15 -11 17 -8 17 -8 16 -9 14 -10 17 -11 16 -9 15 -8 16 -8 16 -8 16 -10 15 -9 16 -10 17 -8 15 -9 15 -8 15 -8 15 -10 14 0 0 0 0 0 0 0 0 0 0 ]
15,1782978716.077198,15.9488,-73,CSI_DATA,AP,98:F4:AB:29:67:94,-73,11,1,3,1,1,1,0,0,0,0,-96,0,6,1,40367425,0,84,0,0,40.804,384,[84 -64 4 0 0 0 0 0 0 0 0 0 21 1 22 3 23 3 19 4 19 4 21 2 19 7 20 4 21 4 19 5 21 5 20 6 19 7 19 7 18 6 19 7 20 5 15 4 16 5 18 3 17 5 18 3 16 4 17 4 15 3 17 2 0 0 17 2 17 2 18 1 18 -1 17 1 17 1 18 1 17 -1 20 -1 18 1 18 -1 17 1 16 0 17 -3 19 0 17 -1 17 -1 19 -1 17 -2 17 -3 19 -2 18 -3 16 -2 17 -3 16 -2 17 0 0 0 0 0 0 0 0 0 0 0 ]
16,1782978716.124631,12.8965,-74,CSI_DATA,AP,98:F4:AB:29:67:94,-74,11,1,3,1,1,1,0,0,0,0,-96,0,6,1,40458956,0,84,0,0,40.843,384,[84 -64 4 0 0 0 0 0 0 0 0 0 16 1 16 2 16 3 15 3 16 2 15 3 17 3 17 3 15 4 15 5 14 5 15 5 14 5 13 5 12 5 14 5 12 3 12 4 11 4 12 3 12 3 12 3 13 4 13 3 12 3 12 2 0 0 12 1 14 1 13 2 13 1 14 1 15 0 14 1 14 0 13 1 16 1 14 3 14 1 13 2 13 1 15 1 13 -1 14 -1 13 -1 13 -1 13 -1 14 0 13 -1 12 0 13 0 13 1 11 0 0 0 0 0 0 0 0 0 0 0 ]
17,1782978716.183158,11.8077,-74,CSI_DATA,AP,98:F4:AB:29:67:94,-74,11,1,5,1,1,1,1,0,0,0,-96,1,6,1,40541451,0,84,0,0,40.9231,384,[84 -64 4 0 0 0 0 0 0 0 0 0 -1 -13 -1 -14 -1 -12 0 -14 0 -14 0 -13 0 -12 1 -12 2 -12 2 -12 2 -13 1 -11 2 -11 1 -12 2 -12 2 -11 2 -12 1 -11 1 -11 2 -11 1 -11 0 -12 1 -13 1 -12 0 -12 -1 -13 0 0 1 -12 -1 -13 0 -12 -1 -11 1 -13 1 -13 1 -13 0 -12 1 -14 -1 -14 0 -14 1 -13 1 -13 1 -13 1 -12 0 -13 -1 -12 0 -12 0 -13 0 -13 0 -13 0 -12 1 -11 1 -12 0 -10 1 -11 0 0 0 0 0 0 0 0 0 0 ]
18,1782978716.290386,13.8959,-74,CSI_DATA,AP,98:F4:AB:29:67:94,-74,11,1,4,1,1,1,1,0,0,0,-96,1,6,1,40638385,0,84,0,0,41.0199,384,[84 -64 4 0 0 0 0 0 0 0 0 0 4 -22 5 -20 4 -20 5 -17 6 -18 4 -19 5 -18 6 -16 5 -18 6 -18 5 -20 5 -21 7 -18 4 -18 6 -17 4 -19 5 -19 3 -16 2 -17 4 -17 1 -18 0 -18 3 -19 1 -18 3 -19 1 -19 0 0 1 -20 0 -21 0 -21 -1 -16 2 -19 0 -19 0 -21 -1 -21 -1 -23 -2 -22 -2 -23 -1 -19 -1 -19 -1 -20 -1 -21 -1 -22 1 -22 -1 -20 2 -20 1 -19 2 -19 0 -19 3 -18 2 -18 2 -19 1 -19 0 0 0 0 0 0 0 0 0 0 ]
19,1782978716.368597,10.4753,-79,CSI_DATA,AP,98:F4:AB:29:67:94,-79,11,1,4,1,1,1,1,0,0,0,-96,1,6,1,40728118,0,84,0,0,41.1097,384,[84 -64 4 0 0 0 0 0 0 0 0 0 21 9 19 8 20 9 16 11 15 9 11 9 12 10 13 10 13 10 11 7 13 9 13 9 11 7 12 6 11 7 11 6 11 7 9 2 10 4 7 1 9 1 9 1 9 2 9 1 8 0 9 -1 0 0 10 -1 12 -2 9 -2 10 -4 8 -2 10 -3 11 -3 13 -7 14 -5 12 -3 13 -5 14 -4 17 -5 14 -7 16 -5 15 -4 15 -2 12 -1 17 -2 14 -5 16 -2 15 -4 16 -3 14 -4 14 -4 18 -4 0 0 0 0 0 0 0 0 0 0 ]
20,1782978716.460886,14.7482,-72,CSI_DATA,AP,98:F4:AB:29:67:94,-72,11,1,3,1,1,1,1,0,0,0,-96,1,6,1,40819129,0,84,0,0,41.2007,384,[84 -64 4 0 0 0 0 0 0 0 0 0 -24 5 -23 5 -24 5 -22 6 -22 2 -21 3 -22 2 -22 3 -21 4 -21 2 -22 3 -22 3 -20 0 -22 1 -18 0 -21 1 -18 1 -19 2 -17 2 -18 2 -18 2 -18 2 -18 2 -18 3 -19 3 -17 3 0 0 -18 5 -19 5 -18 4 -18 5 -18 5 -17 6 -18 5 -18 7 -18 6 -19 6 -19 6 -19 5 -19 4 -17 5 -19 5 -18 6 -20 5 -18 6 -17 6 -17 6 -18 6 -16 5 -16 6 -17 5 -17 5 -16 5 0 0 0 0 0 0 0 0 0 0 ]
21,1782978716.569563,18.4349,-73,CSI_DATA,AP,98:F4:AB:29:67:94,-73,11,1,4,1,1,1,1,0,0,0,-96,1,6,1,40909783,0,84,0,0,41.2913,384,[84 -64 4 0 0 0 0 0 0 0 0 0 -13 -23 -10 -23 -11 -25 -10 -23 -8 -23 -8 -23 -7 -23 -8 -23 -7 -24 -6 -23 -7 -23 -5 -24 -5 -23 -5 -23 -4 -22 -4 -23 -4 -22 -4 -18 -5 -20 -4 -18 -4 -18 -4 -18 -6 -18 -6 -18 -7 -18 -6 -18 0 0 -6 -17 -8 -17 -5 -17 -7 -15 -8 -13 -8 -15 -9 -14 -8 -15 -9 -15 -9 -14 -11 -14 -10 -14 -10 -13 -10 -14 -10 -14 -9 -13 -10 -12 -10 -11 -9 -13 -10 -13 -11 -12 -10 -11 -10 -10 -12 -11 -11 -11 -12 -11 0 0 0 0 0 0 0 0 0 0 ]
22,1782978716.848956,14.1916,-78,CSI_DATA,AP,98:F4:AB:29:67:94,-78,11,1,3,1,1,1,1,0,0,0,-96,1,6,1,41001247,0,84,0,0,41.3828,384,[84 -64 4 0 0 0 0 0 0 0 0 0 7 14 6 16 7 15 5 13 4 14 4 13 5 13 4 12 3 13 4 12 4 13 2 12 3 11 3 11 2 9 2 10 2 10 1 10 1 8 4 7 2 9 5 8 3 7 5 6 4 7 5 6 0 0 4 6 5 5 4 5 4 5 5 4 5 4 5 5 6 5 5 5 5 6 6 3 6 5 6 4 5 4 5 5 5 3 4 4 5 3 5 2 6 2 6 3 6 3 5 3 6 1 3 2 5 2 0 0 0 0 0 0 0 0 0 0 ]
23,1782978717.079109,10.7445,-78,CSI_DATA,AP,98:F4:AB:29:67:94,-78,11,1,4,1,1,1,0,0,0,0,-96,0,6,1,41048037,0,82,0,0,41.4295,384,[82 -96 4 0 0 0 0 0 0 0 0 0 -16 9 -18 9 -19 9 -17 7 -16 8 -17 8 -16 6 -16 5 -16 7 -16 5 -17 5 -16 5 -14 3 -16 5 -13 3 -15 4 -11 4 -13 3 -11 1 -10 3 -8 1 -9 3 -9 4 -9 4 -8 2 -8 5 0 0 -8 2 -8 5 -8 3 -4 4 -4 4 -4 5 -3 5 -3 5 -2 4 -1 6 -4 5 -3 6 -4 6 -4 6 -3 7 -3 6 -3 6 -3 5 -3 6 -3 5 -3 6 -2 5 -3 6 -4 5 -5 6 -2 6 0 0 0 0 0 0 0 0 0 0 ]
24,1782978717.296657,7.7400,-77,CSI_DATA,AP,98:F4:AB:29:67:94,-77,11,1,2,1,1,1,1,0,0,0,-96,1,6,1,41086493,0,84,0,0,41.468,384,[84 -64 4 0 0 0 0 0 0 0 0 0 13 -12 13 -11 13 -11 14 -10 10 -10 13 -9 13 -9 12 -9 11 -9 12 -8 11 -8 12 -9 12 -8 11 -8 9 -6 10 -7 9 -5 8 -5 7 -6 8 -7 7 -4 6 -5 6 -5 5 -5 6 -5 6 -6 0 0 4 -5 4 -5 4 -5 2 -6 2 -5 2 -4 -1 -5 0 -5 1 -5 1 -7 0 -6 0 -6 -1 -6 0 -5 0 -6 -2 -5 -1 -4 -1 -6 -1 -4 -1 -5 0 -5 -2 -4 -1 -5 -2 -6 -2 -5 -1 -5 0 0 0 0 0 0 0 0 0 0 ]
25,1782978717.518430,6.4969,-77,CSI_DATA,AP,98:F4:AB:29:67:94,-77,11,1,4,1,1,1,1,0,0,0,-96,1,6,1,41173222,0,84,0,0,41.5547,384,[84 -64 4 0 0 0 0 0 0 0 0 0 12 -14 12 -12 13 -12 13 -12 14 -11 12 -10 12 -10 13 -10 13 -10 13 -8 14 -7 12 -7 12 -8 14 -6 13 -7 12 -8 10 -5 10 -6 9 -7 9 -7 7 -7 8 -8 8 -8 9 -9 9 -7 8 -8 0 0 6 -9 6 -10 5 -8 6 -9 5 -9 4 -10 4 -12 5 -10 6 -8 6 -11 4 -10 4 -10 4 -12 4 -10 4 -10 2 -10 2 -12 4 -10 2 -11 2 -11 3 -10 2 -9 4 -9 2 -9 2 -10 1 -10 0 0 0 0 0 0 0 0 0 0 ]
26,1782978717.739957,7.0956,-77,CSI_DATA,AP,98:F4:AB:29:67:94,-77,11,1,4,1,1,1,1,0,0,0,-96,1,6,1,41261216,0,84,0,0,41.6428,384,[84 -64 4 0 0 0 0 0 0 0 0 0 17 12 17 14 14 14 12 14 14 12 13 13 12 14 12 13 11 14 10 9 11 11 11 12 10 13 8 10 7 11 9 10 9 9 6 8 9 7 7 5 7 5 9 5 7 5 10 3 9 5 9 5 0 0 9 5 10 2 9 2 9 1 10 1 9 1 12 2 10 0 10 2 12 0 13 0 10 1 12 2 11 1 10 0 10 1 11 1 10 0 10 0 10 -2 12 2 9 -1 8 -1 9 -1 10 0 10 0 0 0 0 0 0 0 0 0 0 0 ]
27,1782978717.964667,7.8177,-79,CSI_DATA,AP,98:F4:AB:29:67:94,-79,11,1,4,1,1,1,1,0,0,0,-96,1,6,1,41351261,0,84,0,0,41.7328,384,[84 -64 4 0 0 0 0 0 0 0 0 0 10 19 11 24 7 23 6 21 6 18 7 20 5 18 4 19 6 16 6 14 4 14 4 17 3 15 6 16 3 15 3 14 5 12 5 10 1 10 4 10 4 7 5 5 6 9 8 9 7 6 7 6 0 0 7 6 9 4 8 10 8 7 11 3 10 6 12 3 9 5 13 7 12 4 12 7 14 7 13 8 14 7 14 7 13 7 12 9 14 7 16 7 15 6 14 7 14 9 13 8 14 8 12 9 14 8 0 0 0 0 0 0 0 0 0 0 ]
28,1782978718.185382,8.6007,-84,CSI_DATA,AP,98:F4:AB:29:67:94,-84,11,1,2,1,1,1,1,0,0,0,-96,1,6,1,41458094,0,84,0,0,41.8396,384,[84 -64 4 0 0 0 0 0 0 0 0 0 -10 7 -10 12 -10 9 -9 9 -8 8 -11 5 -8 7 -6 5 -8 7 -6 4 -6 6 -5 8 -6 8 -5 7 -5 6 -5 6 -8 4 -6 2 -5 5 -4 2 0 0 0 3 0 1 0 1 3 2 1 0 0 0 2 2 4 2 4 1 3 2 3 2 6 1 6 3 7 2 7 3 9 2 10 5 5 3 5 4 6 4 7 6 7 4 4 4 7 5 6 4 6 3 5 5 6 4 6 3 5 6 5 5 8 6 0 0 0 0 0 0 0 0 0 0 ]
29,1782978718.406015,7.4080,-78,CSI_DATA,AP,98:F4:AB:29:67:94,-78,11,1,3,1,1,1,1,0,0,0,-96,1,6,1,41533952,0,84,0,0,41.9155,384,[84 -64 4 0 0 0 0 0 0 0 0 0 -16 -17 -13 -19 -18 -18 -13 -18 -10 -17 -9 -17 -10 -16 -8 -17 -9 -16 -8 -15 -8 -15 -9 -14 -10 -13 -8 -15 -9 -13 -9 -15 -9 -14 -7 -13 -6 -13 -5 -10 -6 -10 -6 -8 -5 -9 -6 -8 -5 -5 -8 -6 0 0 -9 -4 -7 -3 -8 -2 -8 -3 -4 -3 -8 -2 -7 -2 -7 0 -6 3 -7 4 -8 3 -8 4 -9 2 -6 2 -11 5 -9 6 -11 5 -11 5 -10 7 -9 8 -10 8 -8 7 -9 10 -11 9 -11 10 -10 11 0 0 0 0 0 0 0 0 0 0 ]
30,1782978718.623398,9.3259,-79,CSI_DATA,AP,98:F4:AB:29:67:94,-79,11,1,3,1,1,1,1,0,0,0,-96,1,6,1,41622669,0,84,0,0,42.0042,384,[84 -64 4 0 0 0 0 0 0 0 0 0 -23 8 -28 5 -24 4 -25 5 -22 1 -23 3 -22 0 -21 -1 -21 -1 -20 2 -21 4 -17 3 -20 7 -17 3 -16 -2 -16 1 -16 1 -14 -3 -14 2 -11 0 -12 3 -10 7 -6 7 -10 5 -7 4 -11 7 0 0 -8 8 -7 9 -8 7 -7 11 -4 7 -6 7 -7 10 -5 12 -4 13 -4 15 -5 13 -6 13 -6 14 -8 12 -5 13 -7 14 -5 11 -6 14 -6 10 -8 12 -6 16 -4 15 -4 13 -6 16 -6 12 -6 12 0 0 0 0 0 0 0 0 0 0 ]
31,1782978718.844134,7.3473,-82,CSI_DATA,AP,98:F4:AB:29:67:94,-82,11,1,2,1,1,1,1,0,0,0,-96,1,6,1,41713328,0,84,0,0,42.0949,384,[84 -64 4 0 0 0 0 0 0 0 0 0 -14 20 -15 16 -15 15 -14 14 -11 13 -13 12 -12 12 -10 11 -12 13 -9 12 -10 8 -8 10 -10 11 -9 11 -9 7 -9 9 -9 9 -9 8 -6 7 -8 5 -5 6 -4 7 -3 3 -2 7 -1 5 -1 6 0 0 -1 5 0 8 1 3 -1 4 1 4 -1 5 1 3 4 5 1 4 1 4 3 2 6 4 6 8 4 2 4 6 7 5 3 6 4 8 5 5 5 4 5 4 5 9 6 6 7 5 6 5 5 2 0 0 0 0 0 0 0 0 0 0 ]
32,1782978719.073536,7.0917,-79,CSI_DATA,AP,98:F4:AB:29:67:94,-79,11,1,2,1,1,1,1,0,0,0,-96,1,6,1,41803652,0,84,0,0,42.1852,384,[84 -64 4 0 0 0 0 0 0 0 0 0 19 6 17 6 15 6 17 6 14 8 13 5 12 8 14 6 14 6 11 5 11 6 12 5 13 3 13 8 10 4 11 3 10 5 8 3 7 4 6 3 7 2 8 2 9 1 7 3 9 1 9 1 0 0 8 2 11 -1 9 -3 9 -1 8 -2 10 -1 10 -3 10 -4 13 -3 12 -2 13 -5 12 -2 12 -1 13 -3 13 -2 13 -2 12 -1 10 -1 13 -1 10 0 14 -1 13 0 12 2 11 1 13 0 15 0 0 0 0 0 0 0 0 0 0 0 ]
33,1782978719.291635,6.5023,-83,CSI_DATA,AP,98:F4:AB:29:67:94,-83,11,1,3,1,1,1,1,0,0,0,-96,1,6,1,41892200,0,84,0,0,42.2738,384,[84 -64 4 0 0 0 0 0 0 0 0 0 12 16 8 18 8 18 6 15 4 16 7 15 5 12 6 11 4 11 6 14 6 8 5 8 10 10 4 9 3 5 2 9 5 4 4 3 2 4 5 4 2 5 3 -1 3 1 4 -2 5 -4 8 -2 0 0 5 -3 4 -3 5 -2 7 -5 3 -4 2 -7 3 -6 4 -8 8 -7 7 -7 6 -9 5 -10 8 -10 6 -9 6 -7 5 -8 3 -8 9 -7 8 -9 1 -7 3 -9 3 -7 9 -9 5 -7 5 -9 4 -8 0 0 0 0 0 0 0 0 0 0 ]
34,1782978719.516555,7.6996,-84,CSI_DATA,AP,98:F4:AB:29:67:94,-84,11,1,2,1,1,1,0,0,0,0,-96,0,6,1,41989584,0,84,0,0,42.371,384,[84 -64 4 0 0 0 0 0 0 0 0 0 9 0 11 -1 8 1 8 5 5 3 5 3 5 0 4 -1 3 1 6 2 4 -1 2 -4 6 -4 4 -2 4 -4 4 -5 5 -6 0 -2 3 -4 2 -5 3 -7 4 -9 3 -7 3 -9 4 -8 3 -9 0 0 7 -9 5 -10 6 -9 5 -11 3 -7 5 -8 3 -8 4 -8 4 -11 5 -10 5 -11 7 -7 7 -8 7 -6 4 -8 7 -5 4 -6 2 -7 6 -6 4 -7 5 -7 1 -6 2 -6 3 -4 5 -2 4 -1 0 0 0 0 0 0 0 0 0 0 ]
35,1782978719.741462,8.2590,-86,CSI_DATA,AP,98:F4:AB:29:67:94,-86,11,0,0,0,0,0,0,0,0,0,-96,0,6,1,42049336,0,82,0,0,42.431,128,[82 -96 4 0 0 0 0 0 0 0 0 0 -14 20 -17 13 -17 24 -13 19 -8 9 -12 7 -16 5 -10 3 1 3 5 -7 8 -2 4 -3 11 -2 12 -4 6 -2 8 -8 6 -4 8 -2 5 -9 10 -19 12 -17 14 -22 13 -23 20 -30 21 -25 23 -24 0 0 17 -23 16 -24 14 -25 12 -22 10 -23 10 -21 13 -25 12 -20 12 -27 7 -24 9 -29 8 -23 11 -22 8 -21 12 -18 5 -16 3 -11 2 -6 7 -9 5 -5 2 -10 -2 -6 -2 0 3 -4 1 6 6 4 0 0 0 0 0 0 0 0 0 0 ]
36,1782978719.971771,14.9008,-79,CSI_DATA,AP,98:F4:AB:29:67:94,-79,11,0,0,0,0,0,0,0,0,0,-96,0,6,1,42081325,0,84,0,0,42.4631,128,[84 -64 4 0 0 0 0 0 0 0 0 0 -30 -19 -32 -17 -31 -16 -25 -14 -23 -16 -20 -12 -18 -12 -19 -12 -15 -6 -12 -7 -18 -3 -18 0 -17 -1 -12 4 -18 2 -15 2 -13 1 -6 3 -6 3 -8 5 -4 10 -5 9 -5 10 0 14 -5 18 -5 17 0 0 -6 14 -6 17 -1 11 -4 16 -3 17 0 20 -4 18 -10 23 -2 20 -3 21 -3 28 -10 22 -8 24 -8 17 -11 18 -13 21 -10 16 -10 17 -13 14 -15 14 -14 16 -12 16 -15 13 -15 15 -19 17 -16 12 0 0 0 0 0 0 0 0 0 0 ]
37,1782978720.198524,9.2522,-82,CSI_DATA,AP,98:F4:AB:29:67:94,-82,11,1,2,1,1,1,0,0,0,0,-96,0,6,1,42165307,0,84,0,0,42.5469,384,[84 -64 4 0 0 0 0 0 0 0 0 0 -10 14 -10 15 -9 14 -9 15 -9 14 -9 13 -8 12 -6 10 -10 11 -8 7 -6 7 -4 6 -4 4 -5 4 -4 6 -4 4 -5 4 -2 3 -2 2 -3 1 -1 0 -1 0 1 1 0 -1 1 -2 1 -2 0 0 3 -3 1 -4 2 -5 2 -2 2 -3 1 -4 0 -6 4 -7 2 -6 1 -7 2 -7 3 -7 4 -9 5 -9 4 -10 3 -10 3 -9 3 -10 3 -11 3 -9 1 -12 3 -10 2 -13 1 -13 2 -13 4 -15 0 0 0 0 0 0 0 0 0 0 ]
38,1782978720.428890,4.3206,-82,CSI_DATA,AP,98:F4:AB:29:67:94,-82,11,1,2,1,1,1,0,0,0,0,-96,0,6,1,42255737,0,84,0,0,42.6373,384,[84 -64 4 0 0 0 0 0 0 0 0 0 18 -10 14 -10 16 -12 13 -10 14 -9 14 -9 14 -8 13 -6 12 -6 11 -4 11 -6 9 -5 9 -3 8 -4 6 -4 8 -6 6 -5 6 -4 5 -5 4 -2 3 -1 4 -2 2 -3 1 -1 1 0 0 -2 0 0 0 -4 -2 -1 -2 -2 -3 -1 -3 -1 -5 -3 -1 -2 -4 1 -5 -1 -6 -3 -5 0 -8 0 -5 -2 -6 0 -7 0 -8 -1 -7 0 -7 -2 -7 -1 -7 0 -7 -1 -7 0 -7 0 -8 0 -8 -2 -9 0 0 0 0 0 0 0 0 0 0 0 ]
39,1782978720.655760,0.3797,-81,CSI_DATA,AP,98:F4:AB:29:67:94,-81,11,1,2,1,1,1,0,0,0,0,-96,0,6,1,42351494,0,84,0,0,42.7331,384,[84 -64 4 0 0 0 0 0 0 0 0 0 2 16 2 15 2 15 0 13 0 14 -2 13 1 13 -1 11 1 11 -1 9 -2 8 0 8 0 8 -1 7 0 6 1 6 2 5 0 5 1 3 1 4 0 4 1 2 1 2 1 1 0 0 1 0 0 0 1 0 2 -1 3 -2 3 -3 3 -4 1 -3 2 -2 2 -4 0 -3 2 -4 1 -4 1 -5 2 -5 2 -3 2 -4 3 -4 3 -5 3 -4 3 -3 2 -4 3 -3 4 -4 2 -4 2 -5 3 -4 2 -4 0 0 0 0 0 0 0 0 0 0 ]
40,1782978720.882698,1.8280,-80,CSI_DATA,AP,98:F4:AB:29:67:94,-80,11,1,4,1,1,1,0,0,0,0,-96,0,6,1,42439707,0,84,0,0,42.8213,384,[84 -64 4 0 0 0 0 0 0 0 0 0 -14 7 -15 6 -14 5 -14 4 -15 3 -14 4 -14 5 -14 3 -13 1 -14 1 -13 1 -13 3 -10 1 -12 0 -11 1 -13 3 -10 3 -9 2 -10 -1 -10 2 -10 0 -9 2 -8 0 -7 1 -6 2 -7 2 0 0 -7 4 -5 5 -7 5 -8 6 -8 3 -7 7 -8 5 -6 4 -4 6 -4 5 -1 6 -6 7 -4 9 -3 8 -4 8 -4 8 -5 10 -4 6 -5 9 -5 8 -5 8 -5 8 -5 10 -6 8 -6 11 -5 11 0 0 0 0 0 0 0 0 0 0 ]
41,1782978721.108072,2.3354,-82,CSI_DATA,AP,98:F4:AB:29:67:94,-82,11,1,2,1,1,1,0,0,0,0,-96,0,6,1,42524045,0,84,0,0,42.9056,384,[84 -64 4 0 0 0 0 0 0 0 0 0 -23 0 -21 1 -20 -1 -19 0 -20 0 -18 -4 -19 -3 -20 -3 -17 -2 -18 -5 -13 -1 -14 -3 -16 -1 -12 -1 -11 0 -14 1 -13 1 -13 3 -11 -2 -13 -1 -12 0 -10 -2 -7 1 -9 -1 -5 -1 -2 2 0 0 -3 2 -4 5 -2 2 -3 5 -5 0 -2 3 -1 0 3 1 2 3 5 3 4 3 6 4 7 4 6 4 8 3 8 4 8 6 6 2 9 4 11 1 10 4 10 1 11 5 11 3 12 1 13 3 0 0 0 0 0 0 0 0 0 0 ]
42,1782978721.339038,6.6934,-75,CSI_DATA,AP,98:F4:AB:29:67:94,-75,11,1,4,1,1,1,0,0,0,0,-96,0,6,1,42614620,0,84,0,0,42.9962,384,[84 -64 4 0 0 0 0 0 0 0 0 0 1 -18 3 -17 3 -18 4 -18 4 -18 4 -17 6 -16 4 -16 5 -16 5 -14 7 -16 6 -17 5 -16 6 -15 5 -14 5 -15 6 -14 7 -13 6 -13 8 -12 4 -12 7 -11 4 -10 3 -13 2 -10 4 -12 0 0 4 -13 3 -13 2 -13 2 -11 2 -11 3 -11 1 -12 3 -13 -2 -12 0 -15 0 -14 -1 -12 -3 -14 -3 -14 -2 -14 -2 -15 -1 -15 -1 -14 -2 -14 -5 -15 -3 -15 -3 -13 -5 -16 -4 -14 -4 -15 -5 -17 0 0 0 0 0 0 0 0 0 0 ]
43,1782978721.567819,9.5970,-79,CSI_DATA,AP,98:F4:AB:29:67:94,-79,11,0,0,0,0,0,0,0,0,0,-96,0,6,1,42799692,0,84,0,0,43.1813,128,[84 -64 4 0 0 0 0 0 0 0 0 0 -34 -33 -29 -32 -29 -34 -27 -31 -27 -26 -19 -23 -21 -23 -23 -23 -22 -22 -21 -18 -22 -18 -21 -15 -18 -16 -17 -14 -16 -13 -17 -10 -14 -14 -8 -8 -11 -5 -9 -8 -8 -2 -8 -1 -7 3 -8 3 -10 3 -7 5 0 0 -6 6 -6 6 -7 6 -3 8 -3 8 -4 7 -3 11 -4 11 -5 14 -7 11 -5 12 -7 11 -5 11 -9 8 -9 6 -7 6 -9 4 -5 4 -9 3 -10 3 -10 1 -11 0 -9 1 -12 -1 -14 -5 -16 0 0 0 0 0 0 0 0 0 0 0 ]
44,1782978721.795523,13.0711,-79,CSI_DATA,AP,98:F4:AB:29:67:94,-79,11,0,0,0,0,0,0,0,0,0,-96,0,6,1,42887947,0,84,0,0,43.2696,128,[84 -64 4 0 0 0 0 0 0 0 0 0 31 38 25 36 26 36 23 35 17 32 15 28 18 28 13 26 16 23 14 21 16 16 19 19 16 20 13 16 10 14 10 14 10 10 12 7 8 9 10 4 7 2 9 1 10 -1 11 -6 11 -5 12 -5 0 0 11 -8 11 -8 9 -11 9 -7 9 -10 10 -12 9 -9 10 -12 11 -14 10 -14 12 -11 8 -8 9 -8 7 -6 3 -5 3 -3 4 -3 0 -3 -2 -3 -2 0 -2 -2 -4 1 -5 0 -8 0 -8 3 -11 4 0 0 0 0 0 0 0 0 0 0 ]
45,1782978722.030714,13.8495,-78,CSI_DATA,AP,98:F4:AB:29:67:94,-78,11,0,0,0,0,0,0,0,0,0,-96,0,6,1,42975581,0,84,0,0,43.3573,128,[84 -64 4 0 0 0 0 0 0 0 0 0 -12 -2 -16 -5 -18 -5 -15 -5 -19 -6 -16 -3 -17 -4 -13 -6 -20 -4 -18 -5 -17 -4 -22 -9 -25 -9 -20 -7 -15 -8 -19 -5 -19 -3 -16 -5 -24 -6 -23 -2 -24 -7 -28 -2 -28 -10 -28 -12 -33 -10 -26 -11 0 0 -30 -16 -31 -17 -34 -16 -30 -13 -24 -13 -28 -18 -28 -15 -28 -19 -26 -18 -21 -26 -23 -20 -22 -19 -22 -18 -18 -15 -19 -16 -18 -14 -19 -8 -16 -11 -15 -10 -24 -8 -19 -10 -20 -6 -15 -4 -18 -2 -17 -5 -18 2 0 0 0 0 0 0 0 0 0 0 ]
46,1782978722.260610,15.2205,-72,CSI_DATA,AP,98:F4:AB:29:67:94,-72,11,1,2,1,1,1,0,0,0,0,-96,0,6,1,43065942,0,84,0,0,43.4475,384,[84 -64 4 0 0 0 0 0 0 0 0 0 -2 -13 -1 -12 -1 -12 0 -14 1 -13 2 -13 2 -13 3 -13 3 -14 2 -11 3 -13 3 -12 3 -12 3 -11 2 -10 2 -11 3 -10 2 -11 2 -11 2 -10 1 -11 1 -10 2 -10 1 -11 2 -12 2 -11 0 0 2 -11 1 -11 1 -10 0 -12 0 -11 1 -11 2 -12 1 -11 1 -12 1 -12 0 -12 1 -12 0 -11 -1 -10 0 -11 0 -13 -1 -11 -1 -12 -1 -12 -1 -12 -1 -12 -1 -11 -1 -11 -2 -12 -2 -11 -2 -12 0 0 0 0 0 0 0 0 0 0 ]
47,1782978722.493996,12.9914,-75,CSI_DATA,AP,98:F4:AB:29:67:94,-75,11,1,4,1,1,1,0,0,0,0,-96,0,6,1,43151737,0,84,0,0,43.5333,384,[84 -64 4 0 0 0 0 0 0 0 0 0 0 -11 1 -12 2 -11 2 -12 2 -13 3 -11 4 -11 4 -11 5 -12 5 -11 4 -11 5 -10 4 -11 4 -10 4 -9 3 -12 4 -10 2 -11 3 -11 3 -12 3 -12 4 -11 5 -12 4 -11 4 -12 3 -12 0 0 3 -12 2 -13 3 -12 2 -13 2 -12 3 -14 4 -14 2 -13 2 -15 2 -15 3 -15 3 -14 3 -12 3 -13 1 -13 1 -14 2 -14 1 -13 1 -15 0 -14 1 -15 1 -15 0 -15 0 -14 0 -13 1 -14 0 0 0 0 0 0 0 0 0 0 ]
48,1782978722.722736,12.1205,-68,CSI_DATA,AP,98:F4:AB:29:67:94,-68,11,1,2,1,1,1,0,0,0,0,-96,0,6,1,43247473,0,84,0,0,43.629,384,[84 -64 4 0 0 0 0 0 0 0 0 0 17 5 16 5 16 6 16 6 16 7 14 8 15 8 14 9 16 9 14 9 14 10 13 10 13 10 12 11 11 8 12 9 11 8 11 8 10 8 10 9 11 7 11 7 10 7 10 7 10 7 11 6 0 0 11 6 11 6 11 5 11 5 11 4 12 5 13 5 12 4 12 4 13 4 14 3 12 4 12 4 12 4 14 2 15 2 14 2 13 2 14 2 14 1 13 1 15 2 15 1 15 1 15 1 15 2 0 0 0 0 0 0 0 0 0 0 ]
49,1782978722.963892,10.7520,-73,CSI_DATA,AP,98:F4:AB:29:67:94,-73,11,1,4,1,1,1,0,0,0,0,-96,0,6,1,43336494,0,84,0,0,43.7181,384,[84 -64 4 0 0 0 0 0 0 0 0 0 8 14 8 13 7 14 7 13 5 13 5 14 4 14 4 14 3 14 3 14 4 14 2 15 1 12 3 10 2 11 2 11 3 10 3 9 3 9 4 7 5 9 5 9 5 10 5 9 4 10 5 10 0 0 5 10 6 10 7 10 8 10 7 10 7 9 6 11 7 10 7 10 8 12 8 10 6 10 8 11 8 10 7 11 9 11 9 10 9 11 9 11 8 10 9 10 8 9 7 12 9 11 8 12 8 9 0 0 0 0 0 0 0 0 0 0 ]
50,1782978723.195920,11.3534,-72,CSI_DATA,AP,98:F4:AB:29:67:94,-72,11,1,4,1,1,1,0,0,0,0,-96,0,6,1,43428863,0,84,0,0,43.8104,384,[84 -64 4 0 0 0 0 0 0 0 0 0 -19 -11 -19 -13 -19 -11 -19 -14 -18 -13 -18 -14 -17 -16 -16 -15 -16 -15 -15 -16 -16 -16 -15 -17 -14 -17 -15 -17 -12 -15 -15 -16 -11 -15 -12 -13 -12 -14 -11 -14 -11 -13 -11 -13 -11 -11 -11 -10 -11 -11 -12 -11 0 0 -12 -11 -12 -9 -12 -9 -12 -8 -12 -8 -12 -5 -14 -6 -13 -6 -13 -6 -14 -6 -16 -5 -14 -5 -14 -4 -14 -4 -14 -3 -15 -4 -14 -3 -15 -3 -14 -1 -14 -3 -14 -2 -14 -2 -15 -1 -15 0 -14 -1 -15 -2 0 0 0 0 0 0 0 0 0 0 ]
51,1782978723.425957,10.7299,-72,CSI_DATA,AP,98:F4:AB:29:67:94,-72,11,1,2,1,1,1,0,0,0,0,-96,0,6,1,43515261,0,84,0,0,43.8968,384,[84 -64 4 0 0 0 0 0 0 0 0 0 14 0 13 1 14 0 13 1 13 2 13 2 12 3 13 3 12 2 12 3 13 4 12 2 13 5 12 4 11 4 11 5 11 4 10 4 10 3 10 3 9 3 11 4 10 3 10 3 11 2 11 2 0 0 10 2 10 2 10 2 10 1 10 1 10 0 9 0 10 1 10 0 11 1 10 0 11 0 11 1 11 -1 10 0 11 -1 11 -1 11 -1 11 -2 10 -3 11 -1 11 -1 11 -1 12 -2 11 -1 10 -2 0 0 0 0 0 0 0 0 0 0 ]
52,1782978723.666303,10.5918,-77,CSI_DATA,AP,98:F4:AB:29:67:94,-77,11,1,4,1,1,1,0,0,0,0,-96,0,6,1,43601389,0,84,0,0,43.983,384,[84 -64 4 0 0 0 0 0 0 0 0 0 -7 -12 -5 -13 -4 -12 -4 -13 -6 -13 -4 -12 -2 -11 -3 -12 -5 -12 -1 -11 -1 -12 -1 -13 -1 -12 -1 -13 -4 -11 0 -11 -2 -11 -2 -12 -4 -9 -2 -9 -3 -11 -2 -10 -3 -10 -3 -10 -3 -10 -4 -8 0 0 -4 -11 -5 -10 -3 -9 -6 -9 -4 -9 -6 -10 -7 -10 -7 -11 -6 -11 -7 -13 -7 -11 -5 -12 -6 -10 -6 -11 -6 -11 -8 -12 -7 -10 -7 -11 -8 -11 -7 -11 -9 -11 -9 -11 -6 -14 -6 -13 -6 -11 -5 -10 0 0 0 0 0 0 0 0 0 0 ]
53,1782978723.901860,12.2110,-74,CSI_DATA,AP,98:F4:AB:29:67:94,-74,11,1,4,1,1,1,0,0,0,0,-96,0,6,1,43693593,0,84,0,0,44.0751,384,[84 -64 4 0 0 0 0 0 0 0 0 0 8 21 5 21 4 21 2 20 4 20 2 21 1 20 1 18 1 17 0 18 1 19 0 19 -1 17 0 18 1 16 0 14 0 16 1 13 1 12 0 12 1 14 2 13 4 12 5 12 5 13 4 12 0 0 6 11 5 10 7 11 7 10 5 9 8 9 8 10 9 11 9 9 10 9 12 9 10 10 10 8 10 8 10 8 12 8 10 8 11 7 12 7 13 6 12 8 13 7 14 6 13 6 11 5 12 7 0 0 0 0 0 0 0 0 0 0 ]
54,1782978724.131840,12.6972,-75,CSI_DATA,AP,98:F4:AB:29:67:94,-75,11,1,4,1,1,1,0,0,0,0,-96,0,6,1,43792850,0,84,0,0,44.1744,384,[84 -64 4 0 0 0 0 0 0 0 0 0 -17 7 -16 6 -17 5 -18 5 -17 5 -18 4 -18 3 -18 0 -16 2 -15 2 -16 4 -17 1 -15 2 -14 1 -15 2 -16 1 -15 1 -13 1 -12 1 -12 1 -12 1 -11 2 -12 3 -9 3 -12 4 -11 3 0 0 -9 4 -10 4 -10 4 -9 5 -10 5 -9 5 -9 7 -9 8 -8 7 -10 9 -8 8 -8 8 -8 8 -7 7 -9 8 -7 9 -7 9 -7 10 -7 10 -7 8 -7 9 -7 10 -6 9 -7 11 -6 9 -7 8 0 0 0 0 0 0 0 0 0 0 ]
55,1782978724.366413,13.7860,-73,CSI_DATA,AP,98:F4:AB:29:67:94,-73,11,1,4,1,1,1,0,0,0,0,-96,0,6,1,43872872,0,84,0,0,44.2544,384,[84 -64 4 0 0 0 0 0 0 0 0 0 -23 17 -20 16 -21 15 -22 13 -21 12 -22 11 -21 11 -22 9 -20 8 -22 8 -20 10 -21 7 -20 7 -19 7 -17 7 -17 7 -17 5 -16 7 -13 6 -13 8 -13 7 -13 7 -13 8 -11 7 -12 8 -12 8 0 0 -11 9 -10 10 -10 11 -10 9 -10 9 -9 10 -8 11 -9 12 -10 12 -9 15 -9 12 -9 12 -7 11 -10 12 -9 13 -9 13 -9 13 -9 13 -7 13 -8 14 -9 14 -6 14 -8 14 -8 13 -10 13 -9 14 0 0 0 0 0 0 0 0 0 0 ]
56,1782978724.603012,13.4476,-72,CSI_DATA,AP,98:F4:AB:29:67:94,-72,11,1,2,1,1,1,0,0,0,0,-96,0,6,1,43963138,0,84,0,0,44.3447,384,[84 -64 4 0 0 0 0 0 0 0 0 0 3 22 3 21 3 23 2 22 1 24 0 21 -2 22 -1 20 -2 20 -2 19 -2 19 -4 19 -4 19 -3 18 -3 15 -4 19 -3 17 -1 16 -2 13 -1 14 -1 13 0 12 -1 12 -1 12 -1 12 0 12 0 0 2 11 3 12 3 9 4 10 3 8 3 9 5 8 4 8 3 6 5 10 5 9 5 7 5 8 5 7 7 6 6 5 6 5 5 4 7 3 9 2 6 3 7 4 8 2 9 4 7 3 6 1 0 0 0 0 0 0 0 0 0 0 ]
57,1782978724.840032,13.5654,-74,CSI_DATA,AP,98:F4:AB:29:67:94,-74,11,1,4,1,1,1,0,0,0,0,-96,0,6,1,44053756,0,84,0,0,44.4353,384,[84 -64 4 0 0 0 0 0 0 0 0 0 0 -24 1 -25 1 -24 2 -23 3 -22 4 -22 5 -21 6 -20 5 -22 6 -20 6 -20 5 -20 6 -19 6 -18 6 -18 5 -17 7 -16 4 -15 5 -14 3 -12 3 -13 4 -13 1 -13 2 -13 2 -13 0 -13 0 0 0 -11 -1 -12 -2 -11 -2 -11 -2 -11 -2 -10 -4 -10 -3 -11 -5 -10 -6 -10 -6 -10 -4 -10 -6 -10 -6 -8 -6 -8 -6 -9 -6 -8 -7 -8 -7 -8 -8 -7 -8 -7 -8 -8 -7 -7 -8 -7 -8 -8 -8 -7 0 0 0 0 0 0 0 0 0 0 ]
58,1782978725.079342,12.3641,-73,CSI_DATA,AP,98:F4:AB:29:67:94,-73,11,0,0,0,0,0,0,0,0,0,-96,0,6,1,44163579,0,84,0,0,44.5452,128,[84 -64 4 0 0 0 0 0 0 0 0 0 15 26 16 26 17 27 12 27 15 28 9 24 12 24 10 25 10 25 7 25 9 26 7 25 5 25 5 22 3 18 4 17 4 16 4 14 4 11 6 10 5 9 5 7 7 6 9 6 9 7 9 5 0 0 9 2 13 0 10 0 14 -2 11 -1 14 -5 16 -6 17 -5 15 -8 18 -5 19 -4 16 -4 17 -5 15 -5 17 -6 16 -7 17 -10 17 -10 17 -10 15 -10 18 -11 18 -12 19 -11 20 -10 17 -10 17 -9 0 0 0 0 0 0 0 0 0 0 ]
59,1782978725.320992,10.7155,-75,CSI_DATA,AP,98:F4:AB:29:67:94,-75,11,1,4,1,1,1,0,0,0,0,-96,0,6,1,44236800,0,84,0,0,44.6182,384,[84 -64 4 0 0 0 0 0 0 0 0 0 1 20 1 19 0 18 0 18 1 16 0 16 -1 17 -1 18 -2 15 -3 15 -3 17 -4 17 -3 15 -3 15 -5 13 -4 14 -3 12 -3 12 -3 12 -1 11 -1 10 -2 12 -1 9 0 10 -2 10 -1 10 0 0 1 9 1 11 1 8 2 9 2 8 3 8 3 9 3 8 4 10 4 7 5 8 3 9 3 10 4 10 4 9 4 9 3 7 4 7 5 7 4 7 5 8 5 7 4 8 4 7 4 8 5 7 0 0 0 0 0 0 0 0 0 0 ]
60,1782978725.567788,12.0979,-74,CSI_DATA,AP,98:F4:AB:29:67:94,-74,11,1,4,1,1,1,0,0,0,0,-96,0,6,1,44322750,0,84,0,0,44.7043,384,[84 -64 4 0 0 0 0 0 0 0 0 0 -19 -2 -19 -2 -18 -1 -17 -2 -18 -2 -16 -3 -15 -3 -16 -3 -15 -3 -15 -4 -15 -3 -15 -4 -14 -5 -14 -3 -12 -2 -14 -2 -13 -2 -12 -1 -13 -2 -12 1 -12 1 -12 1 -13 -1 -13 -1 -14 -1 -15 -1 0 0 -14 0 -15 0 -14 1 -15 2 -14 0 -16 1 -15 -1 -15 0 -16 1 -15 1 -16 1 -16 -2 -15 -1 -14 -1 -16 -1 -14 0 -15 0 -14 0 -15 0 -15 0 -14 -1 -15 -1 -15 -1 -14 -1 -14 -1 -13 0 0 0 0 0 0 0 0 0 0 0 ]
61,1782978725.809127,10.5996,-75,CSI_DATA,AP,98:F4:AB:29:67:94,-75,11,1,4,1,1,1,0,0,0,0,-96,0,6,1,44411144,0,84,0,0,44.7927,384,[84 -64 4 0 0 0 0 0 0 0 0 0 17 0 17 1 16 2 15 2 13 3 15 3 13 2 13 3 13 2 12 4 13 1 12 1 12 1 12 1 11 2 12 1 10 1 11 1 11 1 10 1 9 1 10 1 9 0 9 -1 10 -1 10 -1 0 0 9 -1 9 -1 9 -1 8 -2 8 -2 7 -2 8 -1 7 -2 7 -2 7 -4 7 -3 7 -2 7 -3 7 -2 5 -1 6 -2 6 -2 5 -2 6 -3 5 -1 5 -3 3 -1 3 -3 3 -3 3 -2 3 -2 0 0 0 0 0 0 0 0 0 0 ]
62,1782978726.045730,13.9181,-74,CSI_DATA,AP,98:F4:AB:29:67:94,-74,11,1,4,1,1,1,0,0,0,0,-96,0,6,1,44505252,0,84,0,0,44.8868,384,[84 -64 4 0 0 0 0 0 0 0 0 0 -15 -17 -13 -17 -12 -16 -12 -16 -11 -17 -13 -18 -10 -16 -10 -17 -11 -16 -9 -16 -11 -16 -10 -15 -11 -17 -10 -15 -9 -14 -10 -16 -10 -14 -8 -13 -9 -14 -10 -12 -9 -12 -11 -14 -10 -14 -8 -14 -11 -13 -9 -14 0 0 -9 -14 -9 -13 -8 -12 -11 -12 -9 -13 -9 -11 -9 -10 -9 -13 -10 -12 -12 -13 -11 -13 -10 -11 -11 -11 -11 -11 -10 -14 -12 -13 -12 -13 -10 -11 -11 -13 -11 -11 -11 -11 -11 -10 -10 -10 -12 -12 -9 -12 -11 -12 0 0 0 0 0 0 0 0 0 0 ]
63,1782978726.285553,12.5688,-77,CSI_DATA,AP,98:F4:AB:29:67:94,-77,11,1,4,1,1,1,0,0,0,0,-96,0,6,1,44591685,0,84,0,0,44.9732,384,[84 -64 4 0 0 0 0 0 0 0 0 0 24 5 23 4 22 6 20 6 20 5 17 7 20 6 18 6 14 6 13 6 15 7 13 6 12 6 12 5 15 5 12 6 13 2 11 3 11 5 12 2 10 4 9 1 10 0 12 0 10 1 11 1 0 0 13 0 12 -2 12 -1 13 0 11 -2 10 -1 11 0 12 -3 12 -4 14 -3 14 -2 13 -1 12 -2 12 -2 13 -1 14 -4 12 -1 13 -4 11 -2 11 -4 12 -5 11 -4 12 -2 12 -3 14 -2 13 -3 0 0 0 0 0 0 0 0 0 0 ]
64,1782978726.524068,13.1583,-75,CSI_DATA,AP,98:F4:AB:29:67:94,-75,11,1,4,1,1,1,0,0,0,0,-96,0,6,1,44687482,0,84,0,0,45.0691,384,[84 -64 4 0 0 0 0 0 0 0 0 0 25 9 23 10 25 12 21 11 21 11 17 11 20 14 20 11 17 12 16 12 17 13 18 13 18 10 15 8 17 8 18 10 15 8 16 8 14 6 12 8 15 8 15 6 12 5 13 5 12 6 15 5 0 0 15 5 17 4 14 4 16 5 14 4 16 2 16 1 16 2 15 0 17 2 15 3 14 3 17 4 16 3 15 2 15 1 17 2 15 2 14 3 17 1 13 0 14 0 15 2 15 4 15 1 13 1 0 0 0 0 0 0 0 0 0 0 ]
65,1782978726.764523,13.4827,-75,CSI_DATA,AP,98:F4:AB:29:67:94,-75,11,1,4,1,1,1,0,0,0,0,-96,0,6,1,44773255,0,84,0,0,45.1548,384,[84 -64 4 0 0 0 0 0 0 0 0 0 19 -28 20 -27 18 -25 20 -26 21 -24 21 -24 20 -20 19 -19 20 -17 18 -18 18 -18 15 -17 16 -17 16 -16 15 -14 16 -15 16 -13 12 -14 13 -13 12 -10 11 -10 11 -12 9 -12 7 -11 7 -11 6 -12 0 0 6 -9 6 -11 3 -12 3 -10 2 -8 3 -10 1 -9 0 -10 0 -8 -1 -9 -3 -10 -2 -9 -3 -8 -2 -10 -3 -7 -3 -9 -4 -10 -6 -10 -5 -8 -6 -7 -5 -9 -6 -8 -7 -9 -7 -7 -6 -7 -6 -7 0 0 0 0 0 0 0 0 0 0 ]
66,1782978727.015527,13.9019,-73,CSI_DATA,AP,98:F4:AB:29:67:94,-73,11,0,0,0,0,0,0,0,0,0,-96,0,6,1,44872665,0,84,0,0,45.2543,128,[84 -64 4 0 0 0 0 0 0 0 0 0 24 34 20 33 21 34 20 37 17 34 15 31 12 32 10 31 9 30 8 24 10 27 11 22 12 23 12 24 9 20 10 20 10 20 9 15 8 17 8 16 7 13 8 12 8 10 9 8 11 9 11 8 0 0 12 6 12 5 12 5 10 2 11 1 12 1 12 1 9 0 12 0 14 -2 12 -2 12 -4 14 -4 13 -3 11 -5 12 -3 11 -3 12 -3 12 -3 11 -5 11 -5 11 -7 9 -8 11 -8 10 -5 9 -8 0 0 0 0 0 0 0 0 0 0 ]
67,1782978727.260198,9.0306,-79,CSI_DATA,AP,98:F4:AB:29:67:94,-79,11,1,2,1,1,1,0,0,0,0,-96,0,6,1,44952558,0,84,0,0,45.334,384,[84 -64 4 0 0 0 0 0 0 0 0 0 -25 -10 -23 -10 -22 -10 -20 -10 -20 -12 -19 -10 -18 -12 -17 -9 -16 -12 -13 -10 -14 -7 -14 -7 -14 -6 -12 -7 -12 -6 -12 -6 -10 -5 -9 -5 -9 -5 -8 -3 -8 -5 -5 -4 -6 -1 -6 -3 -5 -1 -4 -1 0 0 -4 -1 -1 0 -2 0 -1 0 0 2 1 2 4 0 1 3 1 3 0 1 2 4 4 4 4 5 4 4 5 4 5 3 5 2 6 4 4 2 7 0 7 2 7 2 8 1 8 1 7 2 8 0 0 0 0 0 0 0 0 0 0 0 ]
68,1782978727.499195,10.3290,-75,CSI_DATA,AP,98:F4:AB:29:67:94,-75,11,1,2,1,1,1,0,0,0,0,-96,0,6,1,45050177,0,84,0,0,45.4318,384,[84 -64 4 0 0 0 0 0 0 0 0 0 -17 -17 -15 -17 -16 -18 -14 -19 -15 -18 -12 -18 -13 -19 -10 -18 -12 -17 -10 -18 -10 -17 -11 -15 -11 -16 -10 -16 -10 -15 -11 -16 -10 -14 -7 -14 -7 -13 -8 -12 -7 -11 -7 -12 -6 -9 -8 -10 -9 -10 -9 -9 0 0 -9 -9 -9 -9 -9 -8 -7 -7 -9 -8 -7 -7 -10 -6 -8 -5 -9 -5 -10 -4 -10 -3 -9 -4 -10 -4 -9 -4 -9 -3 -8 -3 -9 -3 -8 -2 -8 -2 -7 -2 -9 0 -8 0 -6 0 -8 0 -7 0 -8 -1 0 0 0 0 0 0 0 0 0 0 ]
69,1782978727.740612,11.3485,-79,CSI_DATA,AP,98:F4:AB:29:67:94,-79,11,1,2,1,1,1,0,0,0,0,-96,0,6,1,45134771,0,84,0,0,45.5164,384,[84 -64 4 0 0 0 0 0 0 0 0 0 -11 17 -11 16 -12 17 -11 14 -12 15 -10 13 -10 13 -11 11 -10 10 -10 9 -8 11 -7 11 -8 10 -6 11 -6 8 -7 11 -5 10 -6 9 -4 8 -6 8 -5 5 -5 6 -4 4 -5 5 -2 3 -1 4 0 0 -2 4 -1 3 -1 3 -2 1 -1 3 -2 0 -1 0 -1 0 0 -2 0 -1 -1 -1 0 -2 -1 -1 1 -1 -1 -3 -2 -2 -2 -5 -3 -5 -2 -3 -2 -5 -3 -5 -3 -6 -3 -6 -4 -5 -4 -7 -4 -7 0 0 0 0 0 0 0 0 0 0 ]
70,1782978727.988575,11.5928,-76,CSI_DATA,AP,98:F4:AB:29:67:94,-76,11,1,2,1,1,1,0,0,0,0,-96,0,6,1,45226628,0,84,0,0,45.6083,384,[84 -64 4 0 0 0 0 0 0 0 0 0 19 16 18 17 17 15 15 17 15 16 16 17 14 19 13 18 11 17 11 13 14 15 12 15 13 14 12 15 12 15 9 15 10 15 9 12 9 12 9 11 7 12 7 10 7 10 8 8 8 8 8 6 0 0 7 5 6 5 7 5 6 4 5 3 6 3 6 1 5 1 6 1 5 -4 4 -4 5 -1 6 -2 6 -2 5 -2 7 -3 5 -3 6 -5 5 -6 5 -7 5 -7 5 -6 4 -7 4 -8 4 -8 5 -8 0 0 0 0 0 0 0 0 0 0 ]
71,1782978728.229220,13.4730,-75,CSI_DATA,AP,98:F4:AB:29:67:94,-75,11,0,0,0,0,0,0,0,0,0,-96,0,6,1,45316342,0,84,0,0,45.698,128,[84 -64 4 0 0 0 0 0 0 0 0 0 8 -52 5 -47 8 -47 6 -46 7 -42 12 -39 9 -37 6 -31 8 -33 7 -29 6 -31 2 -32 3 -29 2 -29 1 -27 2 -29 0 -25 1 -23 3 -22 1 -19 4 -18 1 -19 -1 -14 0 -13 -1 -15 -2 -11 0 0 -3 -8 1 -11 0 -7 1 -8 1 -6 0 -3 4 -2 2 -1 2 4 3 5 3 6 2 4 4 6 4 7 5 9 5 7 5 7 7 9 7 10 10 12 12 12 12 13 10 13 15 14 10 15 12 14 0 0 0 0 0 0 0 0 0 0 ]
72,1782978728.478973,15.4536,-73,CSI_DATA,AP,98:F4:AB:29:67:94,-73,11,0,0,0,0,0,0,0,0,0,-96,0,6,1,45407543,0,84,0,0,45.7892,128,[84 -64 4 0 0 0 0 0 0 0 0 0 -24 -35 -23 -32 -25 -34 -25 -32 -23 -32 -19 -30 -19 -30 -15 -28 -17 -27 -15 -25 -16 -26 -17 -24 -16 -22 -17 -21 -16 -18 -19 -19 -17 -18 -16 -18 -13 -16 -13 -15 -13 -15 -12 -15 -10 -12 -12 -11 -10 -11 -11 -10 0 0 -10 -8 -9 -9 -8 -7 -8 -9 -5 -6 -5 -7 -4 -6 -1 -6 -3 -5 -2 -3 0 -4 -1 -3 0 -3 1 -2 0 -5 3 -4 4 -5 4 -5 4 -6 4 -7 5 -6 6 -6 7 -4 4 -5 7 -5 6 -6 0 0 0 0 0 0 0 0 0 0 ]
73,1782978728.722154,16.2546,-70,CSI_DATA,AP,98:F4:AB:29:67:94,-70,11,0,0,0,0,0,0,0,0,0,-96,0,6,1,45494171,0,84,0,0,45.8758,128,[84 -64 4 0 0 0 0 0 0 0 0 0 37 -2 37 -1 37 -1 36 -1 34 0 33 2 33 3 31 4 30 4 30 2 31 -3 30 -3 29 -2 29 -3 26 -1 26 0 25 -1 23 -1 22 1 22 2 20 3 19 0 16 -1 17 -3 16 -3 16 -3 0 0 14 -3 14 -3 14 -3 12 -3 10 -2 9 -1 8 -2 6 -1 5 -2 5 -3 4 -4 3 -3 3 -3 3 -3 2 -3 2 -2 0 -2 0 -1 -1 0 -2 -1 -2 0 -1 0 -2 1 -2 0 -3 -1 -3 0 0 0 0 0 0 0 0 0 0 0 ]
74,1782978728.969388,12.8137,-79,CSI_DATA,AP,98:F4:AB:29:67:94,-79,11,1,2,1,1,1,0,0,0,0,-96,0,6,1,45589913,0,84,0,0,45.9716,384,[84 -64 4 0 0 0 0 0 0 0 0 0 7 -20 8 -18 6 -19 6 -18 7 -16 6 -17 9 -14 8 -16 6 -14 8 -15 6 -15 4 -14 5 -15 5 -14 4 -14 7 -14 5 -14 3 -11 5 -11 6 -10 4 -10 5 -8 2 -8 2 -7 2 -8 1 -7 0 0 1 -6 0 -6 0 -6 1 -5 1 -5 0 -2 0 -3 0 -1 -1 -2 -3 0 -1 1 -2 0 -1 -1 0 0 -2 0 -2 1 -2 1 -1 2 0 3 0 3 0 3 -1 6 -1 5 0 5 -1 6 -1 5 0 0 0 0 0 0 0 0 0 0 ]
75,1782978729.214464,10.4081,-76,CSI_DATA,AP,98:F4:AB:29:67:94,-76,11,1,2,1,1,1,0,0,0,0,-96,0,6,1,45676348,0,84,0,0,46.0578,384,[84 -64 4 0 0 0 0 0 0 0 0 0 25 -8 22 -3 24 -7 22 -4 22 -4 22 -5 22 -5 19 -3 21 -4 18 -4 20 -6 17 -7 18 -8 18 -8 16 -6 19 -6 17 -4 14 -7 15 -3 15 -4 12 -1 11 -5 10 -3 8 -3 7 -6 9 -6 0 0 7 -4 10 -4 3 -4 5 -4 3 -3 5 -2 3 -1 1 -2 1 0 -1 -2 -2 -1 -2 -1 -4 0 -2 -2 -2 -1 -3 0 -2 2 -4 3 -3 3 -4 2 -5 3 -5 4 -5 6 -4 6 -6 6 -5 5 0 0 0 0 0 0 0 0 0 0 ]
76,1782978729.459339,12.3368,-73,CSI_DATA,AP,98:F4:AB:29:67:94,-73,11,0,0,0,0,0,0,0,0,0,-96,0,6,1,45764615,0,84,0,0,46.1463,128,[84 -64 4 0 0 0 0 0 0 0 0 0 27 30 26 27 32 30 30 28 30 32 24 29 25 31 21 27 25 26 22 28 21 26 23 25 22 25 23 24 22 21 25 23 21 19 21 20 17 20 18 18 14 16 13 13 12 13 13 13 12 10 10 10 0 0 12 7 12 6 11 8 9 7 4 3 4 1 2 0 2 0 0 0 2 -3 3 -4 0 -6 -1 -7 -1 -6 -2 -6 -3 -5 -4 -7 -4 -7 -5 -6 -7 -6 -10 -7 -9 -9 -8 -9 -11 -10 -10 -10 -9 -10 0 0 0 0 0 0 0 0 0 0 ]
77,1782978729.703294,11.4517,-74,CSI_DATA,AP,98:F4:AB:29:67:94,-74,11,0,0,0,0,0,0,0,0,0,-96,0,6,1,45860618,0,84,0,0,46.2423,128,[84 -64 4 0 0 0 0 0 0 0 0 0 33 28 28 25 32 27 29 26 30 26 22 25 24 27 22 23 22 21 21 20 22 20 23 16 23 19 24 16 20 17 24 19 19 17 19 16 17 14 15 16 14 13 11 11 11 9 12 9 10 8 10 6 0 0 9 5 9 5 7 4 6 3 2 3 2 2 1 2 -3 -2 -2 0 -1 -1 -2 -2 -2 -3 -4 -3 -4 -4 -4 -3 -7 -3 -8 -2 -11 -1 -11 0 -10 -1 -12 -4 -14 -4 -13 -2 -17 -2 -16 -3 -15 -3 0 0 0 0 0 0 0 0 0 0 ]
78,1782978729.943518,10.1996,-79,CSI_DATA,AP,98:F4:AB:29:67:94,-79,11,1,2,1,1,1,0,0,0,0,-96,0,6,1,45945580,0,84,0,0,46.3273,384,[84 -64 4 0 0 0 0 0 0 0 0 0 -18 11 -16 9 -19 9 -15 10 -16 8 -18 9 -17 9 -14 6 -14 9 -12 6 -13 10 -13 8 -12 8 -12 9 -12 8 -14 9 -10 8 -11 7 -11 5 -10 5 -9 5 -9 4 -8 5 -6 4 -7 5 -6 5 0 0 -6 4 -6 5 -6 3 -5 1 -4 2 -4 1 -3 1 -1 -1 -1 -1 -1 0 0 1 1 1 0 1 -1 -2 2 -1 0 -1 -1 -2 1 -4 2 -5 0 -4 2 -5 2 -4 4 -5 2 -5 3 -5 2 -5 0 0 0 0 0 0 0 0 0 0 ]
79,1782978730.185191,11.5325,-72,CSI_DATA,AP,98:F4:AB:29:67:94,-72,11,0,0,0,0,0,0,0,0,0,-96,0,6,1,46035250,0,84,0,0,46.4169,128,[84 -64 4 0 0 0 0 0 0 0 0 0 23 33 20 29 23 31 20 30 20 29 18 26 17 29 16 26 17 23 14 22 18 22 18 21 17 19 16 18 17 17 20 20 17 17 16 16 12 15 13 14 10 14 9 12 9 11 10 11 10 9 7 9 0 0 8 9 7 9 7 11 6 10 3 8 1 8 1 8 0 7 -2 6 -3 4 -3 4 -3 4 -4 5 -4 5 -3 5 -4 6 -5 7 -7 6 -7 7 -7 7 -9 7 -9 9 -10 9 -11 8 -9 8 -9 9 0 0 0 0 0 0 0 0 0 0 ]
80,1782978730.429814,10.3437,-76,CSI_DATA,AP,98:F4:AB:29:67:94,-76,11,1,2,1,1,1,0,0,0,0,-96,0,6,1,46123006,0,84,0,0,46.5046,384,[84 -64 4 0 0 0 0 0 0 0 0 0 24 -8 21 -6 23 -8 21 -7 23 -5 21 -5 21 -4 20 -4 18 -6 18 -4 16 -4 17 -5 16 -4 15 -6 13 -6 17 -6 15 -5 14 -6 12 -4 13 -4 11 -5 10 -3 9 -4 10 -3 9 -3 8 -4 0 0 8 -4 7 -5 5 -4 6 -2 5 -1 3 -2 3 -2 3 -2 2 0 1 -1 0 -1 0 0 1 -1 1 0 1 1 0 2 1 2 1 2 1 2 -1 3 1 5 0 4 -1 4 -1 5 0 4 -1 3 0 0 0 0 0 0 0 0 0 0 ]
81,1782978730.675238,9.1995,-76,CSI_DATA,AP,98:F4:AB:29:67:94,-76,11,1,2,1,1,1,0,0,0,0,-96,0,6,1,46223764,0,84,0,0,46.6054,384,[84 -64 4 0 0 0 0 0 0 0 0 0 18 -17 17 -14 18 -15 16 -13 16 -14 16 -13 15 -13 15 -11 14 -11 13 -11 13 -11 12 -12 10 -10 11 -11 9 -11 11 -12 9 -9 9 -10 7 -8 7 -9 7 -7 7 -8 6 -8 6 -7 5 -6 5 -6 0 0 4 -6 4 -6 4 -6 2 -5 3 -3 3 -4 1 -3 2 -2 2 -1 2 -2 2 -1 1 0 1 0 1 -1 1 -1 2 0 4 1 3 0 4 2 3 2 3 3 3 3 4 4 4 5 3 4 4 4 0 0 0 0 0 0 0 0 0 0 ]
82,1782978730.919410,11.2187,-76,CSI_DATA,AP,98:F4:AB:29:67:94,-76,11,1,2,1,1,1,0,0,0,0,-96,0,6,1,46306475,0,84,0,0,46.688,384,[84 -64 4 0 0 0 0 0 0 0 0 0 -26 6 -24 3 -24 5 -24 2 -22 1 -23 0 -22 -1 -22 -2 -21 0 -19 1 -19 1 -19 1 -18 1 -18 2 -17 0 -18 0 -18 -1 -16 -1 -17 -1 -15 -1 -14 -1 -12 0 -14 0 -12 1 -13 2 -13 2 0 0 -12 1 -10 2 -11 2 -10 3 -9 2 -8 4 -8 3 -6 5 -5 5 -6 7 -6 7 -7 7 -5 6 -6 6 -5 6 -5 7 -5 5 -5 7 -3 6 -2 6 -2 8 -2 7 -2 7 -1 7 -2 7 -1 9 0 0 0 0 0 0 0 0 0 0 ]
83,1782978731.166162,10.8196,-78,CSI_DATA,AP,98:F4:AB:29:67:94,-78,11,1,2,1,1,1,0,0,0,0,-96,0,6,1,46395437,0,84,0,0,46.7769,384,[84 -64 4 0 0 0 0 0 0 0 0 0 -21 -12 -20 -14 -19 -13 -17 -15 -18 -15 -16 -14 -16 -14 -15 -13 -14 -12 -10 -12 -13 -12 -14 -12 -13 -10 -12 -9 -10 -9 -13 -9 -10 -9 -9 -8 -8 -8 -8 -6 -7 -7 -7 -5 -8 -5 -6 -2 -9 -5 -5 -4 0 0 -6 -2 -6 -2 -5 -1 -6 -1 -6 2 -5 5 -4 2 -4 4 -5 4 -5 8 -4 5 -3 5 -4 5 -4 6 -4 7 -4 6 -1 7 -3 7 -3 8 -2 9 -2 9 -2 10 0 10 -2 11 0 10 -2 10 0 0 0 0 0 0 0 0 0 0 ]
84,1782978731.413531,5.8908,-80,CSI_DATA,AP,98:F4:AB:29:67:94,-80,11,1,4,1,1,1,0,0,0,0,-96,0,6,1,46485339,0,84,0,0,46.8669,384,[84 -64 4 0 0 0 0 0 0 0 0 0 -15 11 -14 8 -13 11 -12 11 -13 10 -12 8 -11 10 -10 6 -10 7 -11 7 -10 7 -8 7 -9 8 -9 7 -6 8 -7 7 -7 8 -6 7 -7 4 -5 7 -6 5 -5 3 -5 4 -5 4 -3 2 -3 3 0 0 -1 3 -3 1 -3 1 -2 1 -3 -1 -1 -2 -2 0 -1 -4 0 -4 1 -6 -1 -4 0 -5 1 -3 0 -3 -4 -6 -2 -6 -3 -7 -2 -7 -3 -9 -4 -9 -3 -8 -4 -10 -3 -11 -3 -11 -2 -10 -3 -10 0 0 0 0 0 0 0 0 0 0 ]
85,1782978731.664290,5.9241,-77,CSI_DATA,AP,98:F4:AB:29:67:94,-77,11,1,2,1,1,1,0,0,0,0,-96,0,6,1,46574537,0,84,0,0,46.9561,384,[84 -64 4 0 0 0 0 0 0 0 0 0 -7 -21 -6 -22 -7 -21 -8 -21 -6 -19 -4 -20 -4 -18 -3 -18 -5 -16 -3 -15 -5 -15 -5 -14 -5 -14 -4 -13 -4 -12 -6 -13 -6 -12 -4 -10 -4 -10 -4 -10 -3 -10 -5 -9 -3 -7 -4 -7 -4 -6 -4 -5 0 0 -3 -5 -3 -5 -4 -4 -4 -4 -2 -4 -2 -3 -2 -2 -1 -2 -2 -1 1 -2 0 0 -1 0 0 0 -1 1 0 -1 1 -2 1 -1 1 -2 2 -1 4 -1 5 -1 3 -3 3 -1 4 -1 3 0 3 -1 0 0 0 0 0 0 0 0 0 0 ]
86,1782978731.916467,12.7400,-73,CSI_DATA,AP,98:F4:AB:29:67:94,-73,11,0,0,0,0,0,0,0,0,0,-96,0,6,1,46663574,0,84,0,0,47.0452,128,[84 -64 4 0 0 0 0 0 0 0 0 0 -28 -39 -26 -36 -27 -40 -25 -37 -23 -37 -19 -33 -19 -33 -17 -32 -16 -30 -14 -29 -15 -28 -17 -28 -17 -26 -17 -26 -17 -22 -17 -25 -14 -20 -14 -22 -12 -19 -12 -18 -11 -17 -9 -14 -11 -11 -10 -13 -12 -13 -13 -9 0 0 -13 -9 -11 -9 -11 -9 -11 -8 -8 -7 -8 -5 -9 -3 -7 -2 -7 0 -8 0 -8 -1 -9 -1 -9 1 -8 1 -8 -1 -7 -1 -6 1 -5 1 -4 -1 -4 2 -2 3 -3 3 0 3 -1 3 -3 1 -2 3 0 0 0 0 0 0 0 0 0 0 ]
87,1782978732.164756,11.5190,-77,CSI_DATA,AP,98:F4:AB:29:67:94,-77,11,1,2,1,1,1,0,0,0,0,-96,0,6,1,46758868,0,84,0,0,47.1405,384,[84 -64 4 0 0 0 0 0 0 0 0 0 -26 9 -29 5 -25 6 -26 6 -25 5 -25 4 -23 3 -22 4 -20 3 -19 3 -18 3 -18 5 -17 4 -15 5 -16 5 -17 3 -15 4 -13 2 -13 3 -9 4 -10 5 -11 2 -7 5 -8 6 -6 7 -6 5 0 0 -4 7 -5 6 -4 5 -3 6 -2 5 -1 5 0 6 -1 6 1 6 4 7 2 5 2 5 2 7 2 5 0 7 2 5 2 4 2 2 3 2 5 2 3 3 3 3 3 2 3 2 3 0 3 1 0 0 0 0 0 0 0 0 0 0 ]
88,1782978732.412194,9.3766,-78,CSI_DATA,AP,98:F4:AB:29:67:94,-78,11,1,2,1,1,1,0,0,0,0,-96,0,6,1,46844983,0,84,0,0,47.2266,384,[84 -64 4 0 0 0 0 0 0 0 0 0 21 -12 21 -11 20 -11 21 -10 19 -8 17 -5 18 -7 16 -6 17 -5 13 -5 14 -5 13 -4 13 -4 12 -6 11 -6 12 -6 10 -5 10 -8 10 -5 8 -4 8 -5 8 -7 8 -6 7 -5 6 -4 5 -6 0 0 2 -7 3 -8 4 -7 1 -7 0 -7 0 -8 0 -8 -2 -7 -1 -9 -1 -11 -2 -10 -2 -10 -2 -11 -1 -11 -4 -11 -3 -12 -5 -10 -4 -10 -3 -11 -5 -11 -2 -11 -3 -12 -3 -12 -3 -11 -3 -11 -2 -12 0 0 0 0 0 0 0 0 0 0 ]
89,1782978732.658778,7.4929,-76,CSI_DATA,AP,98:F4:AB:29:67:94,-76,11,1,2,1,1,1,0,0,0,0,-96,0,6,1,46932852,0,84,0,0,47.3144,384,[84 -64 4 0 0 0 0 0 0 0 0 0 -25 -19 -21 -21 -20 -18 -20 -20 -17 -18 -15 -20 -16 -20 -14 -18 -13 -17 -11 -16 -13 -16 -13 -14 -11 -11 -12 -11 -11 -11 -11 -10 -12 -10 -10 -8 -8 -8 -8 -7 -7 -8 -8 -5 -6 -4 -4 -3 -5 -2 -6 -1 0 0 -4 0 -5 0 -6 2 -2 3 -3 3 -3 3 -3 2 -3 5 -1 5 1 5 -1 6 2 5 2 7 -1 6 2 7 3 8 2 4 2 5 2 6 6 7 8 5 6 5 4 4 6 7 6 4 6 6 0 0 0 0 0 0 0 0 0 0 ]
90,1782978732.909462,6.9510,-76,CSI_DATA,AP,98:F4:AB:29:67:94,-76,11,1,2,1,1,1,0,0,0,0,-96,0,6,1,47023842,0,84,0,0,47.4054,384,[84 -64 4 0 0 0 0 0 0 0 0 0 -1 -29 0 -27 0 -27 0 -26 3 -25 2 -25 3 -23 3 -22 4 -23 3 -17 3 -19 3 -19 2 -17 2 -14 0 -16 1 -15 2 -15 1 -13 -1 -13 1 -10 0 -12 0 -10 -2 -8 -1 -8 -1 -8 -4 -8 0 0 -4 -7 -2 -7 -4 -6 -5 -5 -5 -5 -5 -5 -5 -2 -6 -3 -6 -2 -7 -3 -7 -3 -5 -3 -5 -2 -6 -2 -5 -2 -6 -1 -4 -2 -6 -1 -5 -1 -7 0 -5 1 -6 0 -4 1 -4 -1 -5 1 -5 1 0 0 0 0 0 0 0 0 0 0 ]
91,1782978733.159286,9.9304,-74,CSI_DATA,AP,98:F4:AB:29:67:94,-74,11,1,2,1,1,1,0,0,0,0,-96,0,6,1,47120402,0,84,0,0,47.502,384,[84 -64 4 0 0 0 0 0 0 0 0 0 1 -28 3 -28 4 -27 4 -28 5 -26 6 -25 7 -23 6 -22 6 -21 7 -19 5 -20 6 -22 5 -19 6 -20 3 -19 4 -19 5 -18 5 -17 1 -15 3 -13 2 -15 2 -15 2 -14 2 -12 0 -13 0 -12 0 0 -1 -13 -1 -12 -2 -11 -3 -11 -2 -10 -4 -12 -5 -10 -5 -10 -6 -12 -8 -11 -7 -12 -7 -9 -6 -10 -8 -10 -8 -12 -8 -12 -8 -10 -6 -9 -9 -10 -8 -9 -8 -10 -7 -11 -9 -11 -8 -10 -7 -9 -8 -9 0 0 0 0 0 0 0 0 0 0 ]
92,1782978733.410211,11.9398,-79,CSI_DATA,AP,98:F4:AB:29:67:94,-79,11,1,4,1,1,1,0,0,0,0,-96,0,6,1,47202387,0,84,0,0,47.5838,384,[84 -64 4 0 0 0 0 0 0 0 0 0 10 -26 10 -25 9 -24 8 -24 10 -24 11 -21 12 -22 12 -21 10 -19 10 -17 10 -17 11 -16 9 -14 7 -17 7 -15 9 -19 5 -11 9 -13 7 -11 6 -13 7 -12 3 -15 6 -13 3 -12 5 -11 5 -13 0 0 4 -12 2 -10 1 -10 1 -12 1 -11 1 -12 0 -13 0 -16 -1 -12 -3 -13 1 -14 0 -11 -1 -13 -1 -10 -4 -12 -5 -10 -4 -12 -5 -11 -5 -12 -4 -14 -2 -13 -4 -10 -3 -13 -6 -12 0 -11 -2 -11 0 0 0 0 0 0 0 0 0 0 ]
93,1782978733.665534,9.0909,-75,CSI_DATA,AP,98:F4:AB:29:67:94,-75,11,1,2,1,1,1,0,0,0,0,-96,0,6,1,47291750,0,84,0,0,47.6733,384,[84 -64 4 0 0 0 0 0 0 0 0 0 -13 17 -15 16 -15 16 -16 15 -16 15 -17 11 -16 10 -15 11 -15 9 -14 9 -12 11 -11 11 -11 9 -10 10 -8 8 -11 10 -9 9 -7 9 -8 8 -6 8 -7 7 -6 6 -5 7 -3 7 -3 6 -2 9 0 0 -3 9 -2 7 -2 8 0 7 -2 8 -1 8 0 8 0 6 -1 7 0 7 1 7 1 7 0 7 2 7 0 7 2 7 3 6 1 5 2 4 1 5 0 5 1 5 0 5 1 3 1 5 1 3 0 0 0 0 0 0 0 0 0 0 ]
94,1782978733.920786,9.6036,-75,CSI_DATA,AP,98:F4:AB:29:67:94,-75,11,1,4,1,1,1,0,0,0,0,-96,0,6,1,47386578,0,84,0,0,47.7682,384,[84 -64 4 0 0 0 0 0 0 0 0 0 7 -23 9 -23 9 -22 9 -20 10 -20 9 -19 9 -18 9 -18 10 -16 8 -17 7 -15 9 -15 7 -16 7 -14 7 -14 7 -14 7 -14 6 -13 6 -11 5 -11 4 -11 5 -13 4 -10 2 -10 2 -11 2 -13 0 0 2 -13 2 -11 0 -12 -2 -12 1 -10 -1 -11 -1 -12 0 -11 -1 -11 -4 -11 -3 -11 -1 -11 -3 -11 -1 -11 -1 -11 -3 -12 -2 -11 -4 -12 -2 -10 -3 -10 -2 -11 -4 -10 -4 -10 -2 -10 -2 -10 -3 -9 0 0 0 0 0 0 0 0 0 0 ]
95,1782978734.172280,12.7199,-74,CSI_DATA,AP,98:F4:AB:29:67:94,-74,11,1,2,1,1,1,0,0,0,0,-96,0,6,1,47473422,0,84,0,0,47.8551,384,[84 -64 4 0 0 0 0 0 0 0 0 0 -23 24 -23 23 -25 21 -23 19 -25 16 -24 15 -22 15 -22 12 -21 13 -19 11 -20 13 -17 13 -17 11 -16 12 -17 11 -17 12 -16 10 -14 11 -13 12 -12 10 -13 11 -12 11 -11 11 -11 11 -8 11 -7 14 0 0 -9 13 -7 13 -7 11 -8 15 -8 13 -7 13 -6 14 -6 13 -4 13 -5 15 -6 15 -5 13 -4 15 -5 15 -5 15 -4 16 -4 16 -2 14 -4 15 -3 15 -4 14 -3 16 -4 13 -2 14 -3 16 -4 14 0 0 0 0 0 0 0 0 0 0 ]
96,1782978734.425372,13.7063,-76,CSI_DATA,AP,98:F4:AB:29:67:94,-76,11,1,4,1,1,1,0,0,0,0,-96,0,6,1,47562514,0,84,0,0,47.9441,384,[84 -64 4 0 0 0 0 0 0 0 0 0 -22 16 -22 14 -22 14 -24 13 -22 11 -23 8 -22 10 -19 7 -21 7 -19 8 -18 9 -18 9 -18 7 -17 7 -16 9 -16 8 -15 7 -16 7 -12 6 -14 6 -13 7 -12 6 -10 8 -9 8 -9 7 -9 7 0 0 -7 8 -6 9 -4 6 -7 11 -7 8 -4 9 -5 9 -4 9 -5 10 -2 11 -2 11 -3 9 0 9 -1 11 -1 11 -2 10 0 9 1 9 0 11 -1 10 0 10 2 10 2 10 2 10 2 11 1 9 0 0 0 0 0 0 0 0 0 0 ]
97,1782978734.676214,12.4516,-76,CSI_DATA,AP,98:F4:AB:29:67:94,-76,11,1,4,1,1,1,0,0,0,0,-96,0,6,1,47653116,0,84,0,0,48.0347,384,[84 -64 4 0 0 0 0 0 0 0 0 0 19 3 21 5 20 6 19 5 19 5 19 6 16 6 16 8 14 7 14 7 14 5 15 5 14 5 15 4 12 3 14 6 13 5 13 5 11 4 12 5 12 4 11 3 9 3 12 2 12 0 11 2 0 0 10 1 11 0 11 -1 10 -1 9 -1 9 0 9 -1 8 -3 8 -3 9 -3 8 -2 8 -3 6 -3 8 -1 8 -4 7 -4 7 -4 7 -3 8 -3 7 -3 6 -3 5 -4 5 -5 4 -5 4 -5 4 -5 0 0 0 0 0 0 0 0 0 0 ]
98,1782978734.932484,11.8973,-74,CSI_DATA,AP,98:F4:AB:29:67:94,-74,11,1,4,1,1,1,0,0,0,0,-96,0,6,1,47742508,0,84,0,0,48.1241,384,[84 -64 4 0 0 0 0 0 0 0 0 0 23 9 25 13 21 12 23 10 20 11 19 13 20 15 20 13 18 13 17 12 18 13 17 11 18 11 18 13 16 12 16 13 15 11 15 11 15 10 14 10 14 11 13 9 12 8 13 8 13 9 14 6 0 0 12 6 13 6 13 6 12 5 12 5 12 2 12 3 12 4 11 3 10 3 11 2 12 2 10 0 11 0 10 0 12 -1 10 -1 10 -1 11 1 11 -1 8 -1 9 -2 9 -1 9 -1 9 -2 9 -1 0 0 0 0 0 0 0 0 0 0 ]
99,1782978735.189165,13.5166,-74,CSI_DATA,AP,98:F4:AB:29:67:94,-74,11,1,4,1,1,1,0,0,0,0,-96,0,6,1,47830774,0,84,0,0,48.2124,384,[84 -64 4 0 0 0 0 0 0 0 0 0 -21 -11 -20 -10 -20 -9 -19 -9 -19 -11 -19 -12 -17 -11 -17 -11 -17 -10 -16 -11 -16 -10 -16 -13 -15 -10 -15 -12 -15 -10 -18 -12 -15 -11 -13 -11 -14 -10 -14 -10 -13 -10 -13 -11 -13 -11 -13 -10 -13 -8 -12 -8 0 0 -15 -8 -14 -8 -14 -8 -15 -7 -11 -7 -13 -7 -14 -7 -13 -7 -13 -8 -15 -8 -13 -7 -13 -7 -15 -7 -14 -7 -14 -7 -15 -6 -13 -6 -13 -6 -13 -6 -13 -5 -12 -6 -13 -6 -12 -6 -11 -7 -12 -7 -9 -5 0 0 0 0 0 0 0 0 0 0 ]
100,1782978735.451677,11.8121,-75,CSI_DATA,AP,98:F4:AB:29:67:94,-75,11,1,2,1,1,1,0,0,0,0,-96,0,6,1,47934349,0,84,0,0,48.3159,384,[84 -64 4 0 0 0 0 0 0 0 0 0 8 -15 8 -13 8 -12 8 -10 8 -10 10 -10 9 -9 8 -8 7 -8 6 -9 6 -10 5 -10 4 -9 5 -10 5 -8 6 -11 4 -10 3 -10 4 -10 4 -11 4 -10 4 -9 5 -10 4 -11 3 -9 4 -11 0 0 4 -11 3 -12 3 -12 3 -12 4 -11 4 -12 4 -11 4 -12 5 -11 5 -13 4 -12 4 -12 4 -12 4 -12 4 -12 3 -11 4 -12 4 -12 4 -12 3 -11 4 -11 3 -12 2 -11 3 -11 3 -11 3 -10 0 0 0 0 0 0 0 0 0 0 ]
101,1782978735.706103,8.5722,-80,CSI_DATA,AP,98:F4:AB:29:67:94,-80,11,1,4,1,1,1,0,0,0,0,-96,0,6,1,48014075,0,84,0,0,48.3956,384,[84 -64 4 0 0 0 0 0 0 0 0 0 -8 -16 -8 -17 -7 -15 -5 -15 -4 -15 -3 -14 -3 -13 -2 -12 -1 -13 -3 -10 -3 -10 -1 -10 -3 -8 -4 -9 -3 -7 -5 -9 -3 -6 -3 -7 -4 -5 -5 -6 -5 -5 -5 -5 -5 -4 -6 -3 -5 -3 -6 -4 0 0 -6 -4 -6 -5 -7 -5 -7 -3 -7 -4 -8 -4 -8 -5 -8 -5 -8 -4 -7 -5 -7 -4 -8 -4 -7 -4 -8 -3 -8 -3 -9 -4 -10 -3 -8 -2 -8 -2 -9 -3 -8 -2 -8 -2 -9 -2 -7 -1 -7 -3 -7 -2 0 0 0 0 0 0 0 0 0 0 ]
102,1782978735.975052,11.3454,-73,CSI_DATA,AP,98:F4:AB:29:67:94,-73,11,0,0,0,0,0,0,0,0,0,-96,0,6,1,48110054,0,84,0,0,48.4918,128,[84 -64 4 0 0 0 0 0 0 0 0 0 -18 -43 -16 -39 -16 -40 -15 -40 -13 -40 -9 -34 -8 -35 -5 -32 -8 -31 -4 -30 -6 -28 -9 -26 -7 -28 -9 -24 -6 -22 -9 -23 -8 -19 -9 -18 -8 -16 -7 -16 -7 -14 -8 -13 -8 -12 -8 -11 -11 -11 -11 -9 0 0 -9 -9 -11 -9 -10 -7 -10 -6 -10 -4 -11 -5 -11 -5 -10 -4 -10 -3 -11 -4 -10 -3 -8 -4 -8 0 -8 0 -7 -1 -8 -2 -6 1 -4 0 -4 3 -5 2 -3 2 -1 2 -3 1 -1 0 0 2 0 4 0 0 0 0 0 0 0 0 0 0 ]
103,1782978736.374653,8.2105,-76,CSI_DATA,AP,98:F4:AB:29:67:94,-76,11,1,4,1,1,1,0,0,0,0,-96,0,6,1,48193555,0,84,0,0,48.5751,384,[84 -64 4 0 0 0 0 0 0 0 0 0 16 -12 14 -11 15 -13 14 -11 14 -10 13 -9 13 -8 13 -8 12 -10 12 -7 12 -7 12 -6 11 -7 11 -6 9 -6 9 -7 9 -8 10 -7 7 -7 6 -6 6 -6 6 -6 5 -6 5 -6 5 -5 5 -6 0 0 4 -6 4 -7 3 -6 2 -6 4 -6 2 -6 1 -7 1 -6 1 -7 1 -6 2 -6 2 -6 3 -5 0 -6 2 -5 1 -5 1 -5 1 -4 0 -4 1 -4 2 -5 1 -5 1 -3 2 -3 2 -3 2 -3 0 0 0 0 0 0 0 0 0 0 ]
104,1782978736.719301,9.7476,-73,CSI_DATA,AP,98:F4:AB:29:67:94,-73,11,1,4,1,1,1,0,0,0,0,-96,0,6,1,48285081,0,84,0,0,48.6666,384,[84 -64 4 0 0 0 0 0 0 0 0 0 16 16 16 14 14 16 14 14 13 14 12 15 12 14 10 13 11 13 9 13 9 13 10 15 9 13 10 12 8 10 9 11 8 10 8 11 8 9 7 8 7 8 7 8 7 8 8 8 8 8 8 8 0 0 8 7 8 6 8 5 8 5 7 6 8 5 8 5 8 5 8 4 8 5 7 4 9 6 8 5 8 5 8 5 8 4 7 5 6 4 8 5 6 5 7 4 6 5 5 4 5 5 4 5 6 6 0 0 0 0 0 0 0 0 0 0 ]
105,1782978737.058146,11.9924,-72,CSI_DATA,AP,98:F4:AB:29:67:94,-72,11,1,4,1,1,1,0,0,0,0,-96,0,6,1,48374183,0,84,0,0,48.7558,384,[84 -64 4 0 0 0 0 0 0 0 0 0 -19 20 -20 18 -19 17 -20 16 -18 16 -18 15 -18 14 -19 14 -17 14 -17 11 -16 13 -16 13 -15 13 -15 12 -16 10 -14 12 -14 11 -11 11 -12 10 -11 9 -12 9 -9 10 -10 11 -9 11 -9 10 -9 10 0 0 -7 12 -6 11 -8 12 -5 11 -5 11 -5 12 -6 11 -5 11 -6 12 -5 12 -4 12 -5 12 -4 13 -5 13 -4 12 -5 12 -3 14 -3 12 -4 12 -5 10 -5 12 -4 11 -5 10 -5 9 -5 9 -5 10 0 0 0 0 0 0 0 0 0 0 ]
106,1782978737.339096,14.8869,-71,CSI_DATA,AP,98:F4:AB:29:67:94,-71,11,1,4,1,1,1,0,0,0,0,-96,0,6,1,48461161,0,84,0,0,48.8428,384,[84 -64 4 0 0 0 0 0 0 0 0 0 -24 -17 -21 -17 -22 -18 -19 -17 -18 -17 -17 -18 -18 -18 -16 -18 -16 -17 -14 -15 -16 -17 -15 -18 -15 -16 -13 -15 -13 -13 -13 -13 -13 -14 -14 -12 -12 -12 -12 -11 -12 -12 -14 -11 -12 -10 -12 -10 -13 -10 -14 -8 0 0 -14 -8 -13 -7 -13 -7 -14 -6 -12 -7 -14 -6 -13 -6 -15 -6 -13 -6 -14 -4 -14 -5 -15 -5 -14 -4 -14 -5 -14 -4 -15 -4 -13 -4 -15 -3 -15 -5 -13 -3 -12 -4 -14 -3 -14 -5 -13 -3 -12 -5 -12 -4 0 0 0 0 0 0 0 0 0 0 ]
107,1782978737.598225,17.0221,-71,CSI_DATA,AP,98:F4:AB:29:67:94,-71,11,1,4,1,1,1,0,0,0,0,-96,0,6,1,48552599,0,84,0,0,48.9342,384,[84 -64 4 0 0 0 0 0 0 0 0 0 -17 -20 -17 -19 -17 -20 -15 -19 -15 -20 -13 -18 -13 -19 -14 -18 -13 -17 -11 -19 -10 -18 -10 -18 -11 -18 -10 -18 -10 -15 -11 -16 -11 -14 -10 -14 -11 -14 -12 -13 -9 -13 -12 -12 -11 -12 -10 -13 -10 -13 -10 -12 0 0 -11 -11 -12 -10 -12 -10 -13 -11 -11 -9 -12 -9 -13 -8 -13 -9 -13 -9 -14 -9 -14 -8 -12 -10 -13 -8 -13 -8 -13 -8 -13 -6 -14 -8 -14 -7 -13 -8 -14 -6 -12 -7 -13 -7 -13 -9 -12 -9 -12 -8 -11 -8 0 0 0 0 0 0 0 0 0 0 ]
108,1782978737.873359,19.2048,-72,CSI_DATA,AP,98:F4:AB:29:67:94,-72,11,1,4,1,1,1,0,0,0,0,-96,0,6,1,48642134,0,84,0,0,49.0236,384,[84 -64 4 0 0 0 0 0 0 0 0 0 -4 -26 -3 -26 -3 -24 0 -24 -2 -21 -1 -24 1 -24 0 -22 0 -22 1 -20 -1 -21 0 -21 0 -21 0 -20 0 -18 -1 -20 -2 -18 -1 -18 -2 -17 1 -18 -1 -17 -1 -16 -3 -17 -2 -15 -3 -18 -3 -16 0 0 -4 -16 -5 -16 -4 -17 -6 -16 -4 -14 -5 -16 -6 -16 -5 -16 -5 -16 -8 -15 -6 -15 -6 -15 -6 -15 -6 -15 -6 -14 -5 -15 -6 -15 -8 -14 -8 -16 -7 -15 -7 -16 -6 -15 -5 -14 -5 -15 -6 -13 -6 -14 0 0 0 0 0 0 0 0 0 0 ]
109,1782978738.135205,17.9362,-73,CSI_DATA,AP,98:F4:AB:29:67:94,-73,11,1,4,1,1,1,0,0,0,0,-96,0,6,1,48731005,0,84,0,0,49.1126,384,[84 -64 4 0 0 0 0 0 0 0 0 0 9 19 9 19 6 19 7 18 6 17 4 18 5 18 3 18 5 17 4 16 4 17 4 17 3 15 3 15 2 13 3 15 4 14 4 14 4 13 4 12 4 11 4 12 5 11 5 13 6 13 5 14 0 0 6 11 7 13 7 12 8 11 7 10 7 11 8 12 8 13 7 13 7 12 7 12 7 12 9 12 9 11 9 11 8 12 8 11 8 11 8 11 8 10 8 12 7 11 6 10 9 10 8 11 7 10 0 0 0 0 0 0 0 0 0 0 ]
110,1782978738.410795,13.7236,-76,CSI_DATA,AP,98:F4:AB:29:67:94,-76,11,1,4,1,1,1,0,0,0,0,-96,0,6,1,48822020,0,84,0,0,49.2036,384,[84 -64 4 0 0 0 0 0 0 0 0 0 0 -21 0 -19 1 -20 2 -18 2 -18 2 -17 3 -17 4 -18 3 -16 4 -14 4 -15 5 -14 5 -14 5 -14 4 -13 5 -13 3 -12 3 -14 3 -12 1 -11 1 -12 1 -12 1 -13 -1 -12 -1 -11 -2 -13 0 0 -1 -13 -1 -11 -2 -12 -3 -12 -3 -12 -3 -13 -2 -12 -5 -13 -5 -13 -5 -15 -5 -15 -3 -13 -4 -13 -4 -12 -5 -14 -4 -13 -5 -14 -6 -14 -6 -14 -5 -14 -3 -14 -3 -14 -4 -14 -3 -13 -4 -14 -3 -12 0 0 0 0 0 0 0 0 0 0 ]
111,1782978738.665626,10.1788,-77,CSI_DATA,AP,98:F4:AB:29:67:94,-77,11,1,4,1,1,1,0,0,0,0,-96,0,6,1,48912971,0,84,0,0,49.2945,384,[84 -64 4 0 0 0 0 0 0 0 0 0 5 13 4 14 5 14 5 13 6 13 3 13 5 12 4 13 4 14 1 14 2 14 3 14 2 13 2 12 3 11 1 13 2 12 1 10 2 8 1 10 3 9 3 9 3 8 4 9 3 9 4 9 0 0 5 8 4 9 5 6 8 8 5 7 5 6 6 8 7 6 8 7 7 7 7 8 7 6 6 6 8 6 7 5 7 5 9 6 6 4 9 6 9 6 8 7 6 5 7 6 6 7 6 6 7 5 0 0 0 0 0 0 0 0 0 0 ]
112,1782978738.924814,9.8298,-77,CSI_DATA,AP,98:F4:AB:29:67:94,-77,11,1,4,1,1,1,0,0,0,0,-96,0,6,1,49002806,0,84,0,0,49.3844,384,[84 -64 4 0 0 0 0 0 0 0 0 0 -4 -15 -4 -16 -5 -15 -3 -15 -3 -14 -2 -13 -4 -15 -3 -14 -3 -14 -2 -14 -3 -15 -2 -15 -2 -14 -2 -14 -2 -14 -1 -13 -1 -12 -1 -12 1 -11 -1 -11 -2 -8 -1 -10 -1 -10 -4 -11 -2 -11 -2 -9 0 0 -4 -9 -5 -8 -5 -8 -5 -9 -5 -9 -5 -10 -6 -8 -7 -10 -5 -8 -6 -10 -6 -9 -7 -8 -6 -7 -7 -7 -8 -9 -8 -8 -7 -7 -7 -6 -6 -8 -7 -7 -7 -8 -6 -6 -6 -8 -5 -7 -5 -7 -5 -6 0 0 0 0 0 0 0 0 0 0 ]
113,1782978739.180231,7.0676,-77,CSI_DATA,AP,98:F4:AB:29:67:94,-77,11,1,4,1,1,1,0,0,0,0,-96,0,6,1,49092057,0,84,0,0,49.4736,384,[84 -64 4 0 0 0 0 0 0 0 0 0 -14 7 -13 6 -17 5 -15 6 -15 5 -14 4 -16 5 -14 3 -15 2 -14 3 -14 2 -14 4 -12 3 -13 2 -12 1 -10 1 -12 2 -10 1 -10 2 -10 1 -8 4 -10 4 -9 4 -9 5 -8 4 -9 5 0 0 -9 6 -8 6 -8 5 -7 8 -7 6 -10 7 -9 9 -9 6 -9 8 -8 9 -8 10 -8 8 -9 8 -8 8 -9 8 -8 8 -8 8 -9 9 -8 8 -9 9 -9 7 -8 8 -7 7 -6 5 -6 6 -7 6 0 0 0 0 0 0 0 0 0 0 ]
114,1782978739.438753,9.7320,-74,CSI_DATA,AP,98:F4:AB:29:67:94,-74,11,1,2,1,1,1,0,0,0,0,-96,0,6,1,49185784,0,84,0,0,49.5674,384,[84 -64 4 0 0 0 0 0 0 0 0 0 -18 -5 -18 -7 -19 -7 -17 -8 -17 -8 -17 -7 -15 -8 -15 -7 -15 -8 -15 -7 -15 -9 -14 -8 -12 -8 -14 -8 -12 -7 -13 -7 -12 -6 -12 -5 -11 -6 -11 -4 -10 -5 -9 -4 -11 -4 -11 -4 -13 -4 -12 -3 0 0 -13 -2 -11 -1 -12 -1 -13 0 -11 -1 -12 -1 -13 0 -13 0 -12 1 -12 1 -13 1 -13 0 -13 0 -14 1 -14 0 -14 2 -14 1 -12 1 -15 3 -14 0 -15 1 -12 1 -13 1 -13 -2 -11 2 -11 1 0 0 0 0 0 0 0 0 0 0 ]
115,1782978739.704835,10.6105,-75,CSI_DATA,AP,98:F4:AB:29:67:94,-75,11,1,4,1,1,1,0,0,0,0,-96,0,6,1,49271307,0,84,0,0,49.6529,384,[84 -64 4 0 0 0 0 0 0 0 0 0 6 19 5 18 6 19 4 19 5 18 2 17 3 17 2 17 3 17 1 16 1 14 1 14 2 16 -1 14 1 13 1 14 1 12 1 12 3 9 2 12 3 11 3 9 4 10 4 11 2 11 5 11 0 0 5 11 7 10 6 8 8 9 7 10 8 9 9 10 9 9 8 7 8 9 9 9 7 10 9 7 9 9 8 10 10 7 10 9 10 7 10 9 10 7 10 8 10 8 8 9 8 7 8 7 7 8 0 0 0 0 0 0 0 0 0 0 ]
116,1782978739.969307,11.2002,-76,CSI_DATA,AP,98:F4:AB:29:67:94,-76,11,1,4,1,1,1,0,0,0,0,-96,0,6,1,49364939,0,84,0,0,49.7464,384,[84 -64 4 0 0 0 0 0 0 0 0 0 -17 -3 -17 -6 -17 -6 -16 -4 -15 -5 -17 -6 -17 -7 -14 -7 -17 -8 -15 -8 -15 -7 -16 -9 -13 -8 -13 -7 -12 -6 -12 -6 -12 -6 -10 -4 -10 -5 -10 -4 -11 -3 -9 -2 -11 -2 -12 -2 -10 -3 -11 -1 0 0 -11 1 -12 1 -10 1 -10 2 -11 2 -11 2 -12 2 -13 1 -13 3 -13 3 -13 5 -10 4 -12 4 -11 5 -11 5 -12 4 -11 4 -12 4 -12 4 -12 4 -11 3 -11 4 -11 5 -12 4 -12 2 -10 4 0 0 0 0 0 0 0 0 0 0 ]
117,1782978740.274204,10.9133,-77,CSI_DATA,AP,98:F4:AB:29:67:94,-77,11,1,4,1,1,1,0,0,0,0,-96,0,6,1,49459229,0,84,0,0,49.8408,384,[84 -64 4 0 0 0 0 0 0 0 0 0 14 5 15 3 13 3 14 4 11 4 14 6 12 5 12 6 13 5 10 6 12 6 12 5 12 5 11 7 11 7 9 7 10 5 8 5 8 4 9 4 8 4 8 3 7 2 8 3 9 3 8 3 0 0 8 2 10 2 9 2 8 1 10 1 10 1 10 1 10 0 9 1 8 0 10 -1 11 1 10 -1 11 0 10 1 11 0 10 0 11 0 11 0 12 -2 10 1 9 2 9 0 9 0 9 -1 9 0 0 0 0 0 0 0 0 0 0 0 ]
118,1782978740.528455,11.4041,-77,CSI_DATA,AP,98:F4:AB:29:67:94,-77,11,1,4,1,1,1,0,0,0,0,-96,0,6,1,49544353,0,84,0,0,49.9259,384,[84 -64 4 0 0 0 0 0 0 0 0 0 -7 13 -8 15 -8 14 -7 14 -9 12 -9 12 -9 12 -9 12 -9 13 -8 9 -7 11 -9 10 -9 11 -9 11 -9 10 -8 9 -7 8 -7 7 -7 7 -4 7 -4 8 -4 8 -3 7 -3 8 -4 10 -2 10 0 0 -3 9 -1 10 -2 10 -1 8 -1 10 -2 10 -2 10 -1 10 -1 11 -2 11 -2 11 -2 12 -2 10 -1 11 -1 10 -2 11 -1 9 0 10 -2 11 -1 11 0 10 0 10 0 10 -4 10 -2 8 -2 9 0 0 0 0 0 0 0 0 0 0 ]
119,1782978740.784759,11.6598,-76,CSI_DATA,AP,98:F4:AB:29:67:94,-76,11,1,4,1,1,1,0,0,0,0,-96,0,6,1,49635846,0,84,0,0,50.0174,384,[84 -64 4 0 0 0 0 0 0 0 0 0 -13 13 -13 11 -13 13 -13 11 -14 13 -15 10 -13 10 -12 9 -12 7 -16 7 -14 8 -14 7 -12 7 -12 8 -12 6 -13 7 -10 6 -9 7 -8 6 -6 5 -7 7 -8 8 -8 8 -8 8 -9 8 -8 9 0 0 -6 8 -8 11 -7 9 -6 9 -6 10 -6 10 -7 12 -5 11 -6 11 -7 12 -6 11 -7 11 -7 11 -6 10 -7 12 -6 11 -8 10 -7 9 -4 11 -5 10 -4 10 -5 11 -6 10 -6 9 -6 8 -5 9 0 0 0 0 0 0 0 0 0 0 ]
120,1782978741.040192,10.2448,-76,CSI_DATA,AP,98:F4:AB:29:67:94,-76,11,1,4,1,1,1,0,0,0,0,-96,0,6,1,49721565,0,84,0,0,50.1031,384,[84 -64 4 0 0 0 0 0 0 0 0 0 -8 16 -9 15 -9 17 -9 16 -11 14 -10 12 -9 13 -12 13 -11 11 -9 11 -10 11 -10 12 -10 11 -10 10 -9 10 -8 10 -7 10 -7 9 -7 8 -5 11 -5 10 -5 9 -2 10 -4 10 -3 9 -4 10 0 0 -2 11 -3 10 -3 12 -1 9 -3 12 -3 9 -4 12 -1 11 -1 12 -1 14 0 14 -1 13 -1 13 1 14 -1 11 -1 12 0 12 -1 14 1 13 0 12 1 13 -1 12 0 11 0 13 -2 13 -2 11 0 0 0 0 0 0 0 0 0 0 ]
121,1782978741.297677,9.7761,-75,CSI_DATA,AP,98:F4:AB:29:67:94,-75,11,1,4,1,1,1,0,0,0,0,-96,0,6,1,49811725,0,84,0,0,50.1933,384,[84 -64 4 0 0 0 0 0 0 0 0 0 -15 -9 -15 -10 -15 -10 -13 -11 -13 -11 -13 -11 -12 -9 -12 -10 -12 -10 -11 -10 -11 -11 -10 -11 -10 -12 -9 -10 -9 -9 -8 -11 -10 -9 -7 -8 -7 -7 -8 -6 -9 -6 -8 -6 -10 -5 -8 -6 -8 -6 -10 -6 0 0 -9 -5 -10 -5 -10 -4 -11 -4 -9 -4 -10 -3 -11 -4 -10 -3 -12 -4 -12 -4 -12 -4 -10 -5 -11 -4 -11 -5 -10 -4 -11 -4 -11 -4 -11 -4 -11 -4 -11 -4 -11 -4 -11 -4 -11 -4 -10 -4 -11 -4 -10 -3 0 0 0 0 0 0 0 0 0 0 ]
122,1782978741.555598,9.3574,-77,CSI_DATA,AP,98:F4:AB:29:67:94,-77,11,1,4,1,1,1,0,0,0,0,-96,0,6,1,49903010,0,84,0,0,50.2846,384,[84 -64 4 0 0 0 0 0 0 0 0 0 -10 8 -11 10 -12 9 -13 8 -11 8 -13 8 -12 8 -11 6 -10 7 -11 6 -11 7 -11 5 -9 6 -10 7 -10 5 -11 4 -9 5 -8 5 -8 5 -8 3 -8 4 -8 6 -7 5 -6 5 -7 6 -7 6 0 0 -7 7 -5 6 -6 7 -6 7 -4 7 -7 7 -4 7 -6 7 -6 8 -6 9 -6 9 -6 8 -4 8 -4 9 -5 7 -5 8 -4 8 -5 7 -3 9 -5 8 -8 9 -3 7 -4 8 0 7 -4 8 -4 7 0 0 0 0 0 0 0 0 0 0 ]
123,1782978741.810162,8.8000,-75,CSI_DATA,AP,98:F4:AB:29:67:94,-75,11,1,2,1,1,1,0,0,0,0,-96,0,6,1,49993111,0,84,0,0,50.3747,384,[84 -64 4 0 0 0 0 0 0 0 0 0 14 7 13 6 14 7 12 7 14 9 11 7 12 8 11 8 9 8 10 10 10 8 10 9 9 9 9 8 8 8 9 7 9 6 7 5 6 5 7 5 7 4 8 5 9 3 8 3 8 4 10 3 0 0 9 3 10 2 11 2 10 2 10 2 10 0 10 2 10 1 11 0 11 0 11 1 11 2 11 1 10 2 11 0 10 0 12 0 11 0 10 1 10 -1 10 1 9 0 10 2 9 0 10 0 9 2 0 0 0 0 0 0 0 0 0 0 ]
124,1782978742.062598,10.3719,-76,CSI_DATA,AP,98:F4:AB:29:67:94,-76,11,1,4,1,1,1,0,0,0,0,-96,0,6,1,50087743,0,84,0,0,50.4693,384,[84 -64 4 0 0 0 0 0 0 0 0 0 -4 -19 -1 -17 -2 -19 0 -17 0 -18 -1 -16 0 -15 3 -15 0 -16 2 -15 1 -16 2 -14 1 -13 2 -12 3 -13 0 -13 1 -12 -1 -12 0 -11 -1 -10 -2 -12 -3 -11 -2 -12 -3 -10 -2 -11 -3 -11 0 0 -5 -11 -4 -11 -4 -10 -6 -9 -5 -11 -5 -11 -6 -11 -6 -11 -7 -11 -7 -11 -6 -13 -6 -11 -5 -12 -6 -11 -7 -10 -7 -12 -7 -10 -7 -10 -7 -10 -7 -10 -7 -10 -6 -9 -5 -9 -8 -10 -5 -10 -6 -8 0 0 0 0 0 0 0 0 0 0 ]
125,1782978742.316120,10.3406,-76,CSI_DATA,AP,98:F4:AB:29:67:94,-76,11,1,4,1,1,1,0,0,0,0,-96,0,6,1,50171087,0,84,0,0,50.5525,384,[84 -64 4 0 0 0 0 0 0 0 0 0 19 -4 19 -2 18 -3 17 -2 16 -1 15 0 15 0 15 -1 16 2 17 1 15 2 15 1 13 2 13 2 12 1 13 1 13 1 11 0 11 0 11 -1 9 0 12 -2 10 -4 9 -3 10 -3 11 -4 0 0 9 -3 10 -5 10 -4 9 -5 10 -5 11 -5 11 -7 11 -6 11 -5 11 -6 11 -5 10 -6 11 -6 11 -5 10 -7 11 -7 9 -7 11 -7 10 -6 10 -6 11 -7 8 -7 9 -6 10 -7 8 -5 10 -5 0 0 0 0 0 0 0 0 0 0 ]
126,1782978742.569903,10.1921,-76,CSI_DATA,AP,98:F4:AB:29:67:94,-76,11,1,4,1,1,1,0,0,0,0,-96,0,6,1,50262555,0,84,0,0,50.6441,384,[84 -64 4 0 0 0 0 0 0 0 0 0 20 1 19 2 17 3 17 3 17 2 19 4 17 3 15 5 15 4 14 5 15 3 14 3 15 3 14 4 15 4 13 4 12 4 9 2 10 2 11 1 10 2 11 1 11 1 12 -1 14 0 12 1 0 0 12 -1 12 0 13 -2 14 -3 12 -1 11 -4 13 -2 13 -4 11 -4 12 -1 13 -3 12 -3 13 -3 13 -3 12 -3 12 -3 13 -3 12 -4 15 -2 13 -4 13 -4 12 -4 14 -4 11 -3 12 -3 12 -3 0 0 0 0 0 0 0 0 0 0 ]
127,1782978742.823101,9.8138,-76,CSI_DATA,AP,98:F4:AB:29:67:94,-76,11,1,4,1,1,1,0,0,0,0,-96,0,6,1,50356027,0,84,0,0,50.7376,384,[84 -64 4 0 0 0 0 0 0 0 0 0 12 12 13 10 11 11 10 11 11 10 9 12 10 10 9 9 11 9 8 11 10 10 8 11 8 10 9 9 6 8 8 10 7 8 7 7 7 7 8 6 7 6 9 4 8 7 9 5 8 5 7 5 0 0 10 4 10 4 9 4 9 5 8 3 11 4 11 4 11 4 9 3 11 5 10 4 9 6 10 5 10 4 11 4 10 4 10 4 9 4 9 4 10 3 10 5 9 3 9 5 10 5 8 4 7 4 0 0 0 0 0 0 0 0 0 0 ]
128,1782978743.076719,10.3847,-76,CSI_DATA,AP,98:F4:AB:29:67:94,-76,11,1,4,1,1,1,0,0,0,0,-96,0,6,1,50443370,0,84,0,0,50.8249,384,[84 -64 4 0 0 0 0 0 0 0 0 0 14 6 14 8 12 7 12 7 11 6 11 7 11 8 9 8 11 8 10 9 11 8 10 8 11 8 8 6 9 7 9 7 8 7 7 5 7 6 7 5 8 6 9 4 9 5 8 3 10 3 10 3 0 0 9 4 10 2 9 4 11 4 9 2 10 3 10 3 12 4 11 4 10 3 10 2 12 4 12 3 10 3 9 5 9 4 11 3 10 4 10 3 9 4 9 4 8 3 9 4 9 3 10 4 8 3 0 0 0 0 0 0 0 0 0 0 ]
129,1782978743.329802,11.3785,-77,CSI_DATA,AP,98:F4:AB:29:67:94,-77,11,1,4,1,1,1,0,0,0,0,-96,0,6,1,50531125,0,84,0,0,50.9127,384,[84 -64 4 0 0 0 0 0 0 0 0 0 -18 -5 -17 -6 -16 -6 -17 -8 -15 -5 -15 -7 -14 -6 -15 -6 -12 -8 -13 -8 -15 -9 -15 -7 -12 -7 -12 -8 -13 -6 -12 -8 -11 -7 -11 -7 -10 -6 -10 -5 -11 -5 -9 -2 -8 -3 -10 -6 -11 -4 -10 -4 0 0 -12 -2 -10 -2 -13 -4 -12 -2 -12 -3 -11 0 -13 0 -11 -1 -13 0 -12 0 -13 -1 -13 -1 -11 0 -10 -1 -12 -2 -12 0 -10 -1 -11 1 -13 1 -11 2 -13 1 -11 1 -11 0 -10 1 -10 0 -10 1 0 0 0 0 0 0 0 0 0 0 ]
130,1782978743.582316,12.3824,-76,CSI_DATA,AP,98:F4:AB:29:67:94,-76,11,1,4,1,1,1,0,0,0,0,-96,0,6,1,50622640,0,84,0,0,51.0042,384,[84 -64 4 0 0 0 0 0 0 0 0 0 -11 -14 -13 -15 -11 -15 -10 -13 -10 -13 -10 -14 -8 -13 -9 -13 -10 -14 -7 -15 -9 -13 -8 -15 -6 -13 -7 -14 -5 -13 -6 -12 -6 -12 -6 -11 -6 -11 -5 -9 -6 -9 -6 -9 -7 -9 -8 -9 -7 -11 -8 -9 0 0 -8 -9 -8 -10 -9 -8 -10 -8 -8 -10 -10 -8 -9 -9 -10 -9 -10 -8 -12 -7 -11 -8 -9 -8 -10 -7 -9 -7 -10 -6 -11 -6 -11 -7 -12 -7 -10 -7 -9 -8 -9 -6 -10 -6 -11 -6 -10 -6 -9 -7 -9 -7 0 0 0 0 0 0 0 0 0 0 ]
131,1782978743.908482,11.4621,-76,CSI_DATA,AP,98:F4:AB:29:67:94,-76,11,1,4,1,1,1,0,0,0,0,-96,0,6,1,68261942,0,84,0,0,68.6435,384,[84 -64 4 0 0 0 0 0 0 0 0 0 15 2 15 3 15 3 14 4 14 5 14 5 13 4 13 6 13 4 11 5 12 6 12 5 11 6 10 5 10 5 11 5 10 4 9 6 9 3 8 2 10 3 8 3 7 1 9 2 10 1 9 2 0 0 10 1 10 1 9 -1 9 1 9 0 9 -1 9 0 10 -2 11 0 11 -1 11 -2 9 -1 11 -2 9 -1 10 -2 9 -2 10 -2 10 -3 9 -2 10 -3 9 -2 9 -1 9 -2 9 -2 9 -1 9 -2 0 0 0 0 0 0 0 0 0 0 ]
132,1782978744.109896,10.2943,-76,CSI_DATA,AP,98:F4:AB:29:67:94,-76,11,1,4,1,1,1,0,0,0,0,-96,0,6,1,68352249,0,84,0,0,68.7338,384,[84 -64 4 0 0 0 0 0 0 0 0 0 -6 -16 -4 -15 -5 -15 -4 -15 -3 -15 -4 -14 -3 -13 -3 -14 -2 -13 -4 -12 -2 -13 -1 -15 -1 -14 -1 -13 -2 -13 -1 -12 -1 -12 -2 -11 -1 -10 -3 -11 -3 -11 -2 -10 -4 -9 -4 -9 -3 -9 -5 -11 0 0 -5 -10 -4 -10 -5 -10 -5 -9 -5 -9 -7 -9 -6 -10 -7 -10 -7 -10 -7 -9 -6 -9 -5 -8 -6 -11 -6 -10 -5 -10 -7 -10 -5 -8 -6 -9 -6 -9 -8 -8 -8 -8 -6 -9 -7 -8 -6 -8 -7 -7 -7 -10 0 0 0 0 0 0 0 0 0 0 ]
133,1782978744.363079,10.1525,-74,CSI_DATA,AP,98:F4:AB:29:67:94,-74,11,1,2,1,1,1,0,0,0,0,-96,0,6,1,68444978,0,84,0,0,68.8265,384,[84 -64 4 0 0 0 0 0 0 0 0 0 15 5 15 6 15 5 15 5 14 5 13 6 14 7 11 7 12 7 11 7 12 8 12 8 10 7 12 7 9 6 11 8 10 6 10 6 9 5 8 4 8 4 9 3 9 3 10 4 10 3 11 4 0 0 10 2 9 3 9 2 11 2 10 2 9 0 11 1 10 1 12 1 13 2 12 1 11 2 11 1 10 1 11 1 10 0 11 1 11 -1 10 -1 10 -1 11 0 11 0 10 1 10 1 9 0 9 0 0 0 0 0 0 0 0 0 0 0 ]
134,1782978744.616946,10.4676,-76,CSI_DATA,AP,98:F4:AB:29:67:94,-76,11,1,4,1,1,1,0,0,0,0,-96,0,6,1,68531563,0,84,0,0,68.9131,384,[84 -64 4 0 0 0 0 0 0 0 0 0 15 6 14 6 15 7 15 9 15 7 14 10 13 9 12 9 14 9 12 8 11 7 11 9 11 8 12 9 10 8 11 8 9 8 9 6 10 4 9 5 9 5 9 4 9 5 10 2 10 4 10 2 0 0 11 3 10 3 12 2 11 1 10 2 11 1 11 1 11 0 12 0 12 0 12 0 12 3 11 3 11 1 13 -1 10 1 11 1 11 0 10 -2 10 0 11 -1 13 0 11 1 10 -1 11 0 10 -1 0 0 0 0 0 0 0 0 0 0 ]
135,1782978744.866251,10.1135,-76,CSI_DATA,AP,98:F4:AB:29:67:94,-76,11,1,4,1,1,1,0,0,0,0,-96,0,6,1,68622339,0,84,0,0,69.0039,384,[84 -64 4 0 0 0 0 0 0 0 0 0 -15 -8 -15 -10 -16 -9 -14 -11 -13 -11 -13 -11 -13 -14 -14 -12 -11 -11 -12 -11 -11 -9 -11 -11 -11 -11 -12 -11 -9 -10 -10 -11 -9 -10 -8 -9 -8 -8 -9 -7 -10 -8 -10 -6 -10 -7 -9 -6 -9 -5 -11 -6 0 0 -11 -6 -11 -5 -12 -4 -10 -5 -11 -3 -9 -5 -11 -5 -12 -4 -13 -6 -15 -4 -15 -5 -13 -5 -12 -5 -13 -4 -12 -5 -12 -4 -11 -4 -11 -4 -11 -2 -11 -3 -12 -2 -12 -2 -10 -2 -12 -2 -10 -2 -11 -3 0 0 0 0 0 0 0 0 0 0 ]
136,1782978745.113878,10.0149,-75,CSI_DATA,AP,98:F4:AB:29:67:94,-75,11,1,4,1,1,1,0,0,0,0,-96,0,6,1,68713118,0,84,0,0,69.0946,384,[84 -64 4 0 0 0 0 0 0 0 0 0 -1 -17 -1 -18 0 -17 -1 -19 0 -18 0 -17 0 -17 2 -16 2 -15 2 -15 2 -16 1 -15 1 -15 3 -14 2 -15 3 -14 3 -13 1 -13 1 -11 1 -12 -1 -12 1 -10 0 -11 0 -11 1 -13 0 -13 0 0 -1 -12 -2 -14 0 -12 -4 -11 -3 -11 -1 -12 -2 -12 -4 -12 -3 -12 -3 -14 -3 -12 -2 -13 -2 -13 -3 -12 -2 -13 -3 -14 -4 -11 -4 -12 -3 -11 -4 -12 -4 -12 -2 -11 -4 -12 -3 -11 -2 -12 -3 -10 0 0 0 0 0 0 0 0 0 0 ]
137,1782978745.371317,9.4962,-76,CSI_DATA,AP,98:F4:AB:29:67:94,-76,11,1,4,1,1,1,0,0,0,0,-96,0,6,1,68801890,0,84,0,0,69.1835,384,[84 -64 4 0 0 0 0 0 0 0 0 0 12 8 11 8 14 9 11 9 11 8 12 8 10 8 11 9 10 8 10 8 9 10 8 9 8 8 9 8 7 8 8 8 8 7 7 8 7 7 6 6 7 5 7 4 8 5 7 5 8 5 9 3 0 0 10 4 10 4 9 3 9 4 7 1 10 2 9 2 11 4 11 3 11 4 11 3 9 3 9 4 8 2 10 3 9 2 9 3 11 2 10 1 9 1 9 2 10 1 9 2 9 2 8 2 8 2 0 0 0 0 0 0 0 0 0 0 ]
138,1782978745.619797,10.6021,-76,CSI_DATA,AP,98:F4:AB:29:67:94,-76,11,1,4,1,1,1,0,0,0,0,-96,0,6,1,68891043,0,84,0,0,69.2726,384,[84 -64 4 0 0 0 0 0 0 0 0 0 9 -14 9 -14 11 -12 11 -14 9 -12 11 -13 12 -11 10 -10 13 -10 12 -11 12 -11 12 -10 11 -10 10 -9 10 -8 12 -10 10 -9 8 -8 7 -7 9 -9 6 -9 7 -8 7 -9 6 -11 7 -9 8 -11 0 0 7 -10 5 -9 6 -10 4 -10 6 -11 6 -11 5 -11 5 -10 6 -12 5 -11 5 -12 6 -11 5 -10 6 -10 6 -11 3 -11 4 -10 5 -11 4 -12 4 -10 4 -13 3 -10 4 -9 4 -10 5 -10 3 -9 0 0 0 0 0 0 0 0 0 0 ]
139,1782978745.871344,10.8877,-76,CSI_DATA,AP,98:F4:AB:29:67:94,-76,11,1,4,1,1,1,0,0,0,0,-96,0,6,1,68980941,0,84,0,0,69.3625,384,[84 -64 4 0 0 0 0 0 0 0 0 0 -4 17 -5 17 -5 16 -5 17 -5 15 -7 13 -6 14 -7 14 -7 15 -8 12 -7 13 -7 14 -7 13 -7 11 -7 11 -10 12 -8 11 -7 9 -6 10 -5 11 -6 9 -4 9 -6 10 -3 10 -3 10 -3 11 0 0 -4 10 -3 11 -3 11 -2 10 -2 10 -1 11 -3 11 -1 11 -2 12 -2 13 -2 13 -2 11 -2 12 -1 12 -3 10 -2 11 -1 11 -2 11 0 12 -1 10 -1 11 0 11 -2 11 -1 11 -1 10 -1 10 0 0 0 0 0 0 0 0 0 0 ]
140,1782978746.127092,11.6553,-76,CSI_DATA,AP,98:F4:AB:29:67:94,-76,11,1,4,1,1,1,0,0,0,0,-96,0,6,1,69072910,0,84,0,0,69.4545,384,[84 -64 4 0 0 0 0 0 0 0 0 0 -7 -18 -5 -18 -6 -19 -4 -17 -6 -18 -2 -16 -4 -17 -1 -16 -3 -15 -3 -15 -4 -15 -3 -15 -1 -17 -1 -14 -1 -16 -2 -15 -1 -13 -3 -13 -2 -12 -3 -10 -4 -10 -4 -11 -4 -11 -5 -11 -4 -11 -5 -12 0 0 -5 -11 -6 -11 -6 -11 -6 -10 -6 -10 -7 -11 -8 -11 -8 -9 -7 -11 -8 -12 -8 -11 -7 -11 -7 -11 -6 -9 -7 -11 -6 -9 -7 -10 -9 -9 -8 -8 -9 -9 -9 -8 -8 -9 -7 -9 -8 -8 -8 -9 -7 -9 0 0 0 0 0 0 0 0 0 0 ]
141,1782978746.384965,10.0959,-76,CSI_DATA,AP,98:F4:AB:29:67:94,-76,11,1,4,1,1,1,0,0,0,0,-96,0,6,1,69165798,0,84,0,0,69.5474,384,[84 -64 4 0 0 0 0 0 0 0 0 0 15 0 14 3 16 4 14 3 14 3 14 3 13 4 13 5 14 3 12 4 13 4 12 3 12 4 12 5 11 3 11 3 11 4 9 2 8 4 9 2 10 2 10 1 9 1 8 0 9 0 9 1 0 0 10 0 10 -1 10 -1 10 -2 9 -2 9 -2 10 -3 9 -3 10 -4 10 -4 9 -3 11 -3 9 -3 10 -4 10 -4 8 -4 9 -4 8 -4 8 -5 9 -5 9 -5 8 -5 8 -5 8 -4 8 -4 8 -4 0 0 0 0 0 0 0 0 0 0 ]
142,1782978746.635864,10.6584,-74,CSI_DATA,AP,98:F4:AB:29:67:94,-74,11,1,2,1,1,1,0,0,0,0,-96,0,6,1,69252067,0,84,0,0,69.6336,384,[84 -64 4 0 0 0 0 0 0 0 0 0 13 7 13 8 14 9 14 9 14 8 12 10 12 10 10 10 10 9 9 9 10 9 10 9 8 10 9 10 9 9 9 9 9 9 8 7 8 7 7 7 8 7 7 7 7 7 9 7 9 7 9 6 0 0 10 6 10 5 10 3 9 5 9 6 10 5 10 4 10 5 11 5 10 4 11 4 10 6 10 5 9 5 10 5 10 5 10 3 10 4 10 4 9 4 11 5 9 3 9 5 10 3 9 5 8 3 0 0 0 0 0 0 0 0 0 0 ]
143,1782978746.887912,11.5735,-76,CSI_DATA,AP,98:F4:AB:29:67:94,-76,11,1,4,1,1,1,0,0,0,0,-96,0,6,1,69346016,0,84,0,0,69.7276,384,[84 -64 4 0 0 0 0 0 0 0 0 0 -3 -19 -1 -18 -2 -18 -2 -17 -1 -16 -2 -17 -1 -16 1 -17 1 -15 1 -14 1 -16 2 -15 1 -15 4 -17 0 -13 0 -16 -1 -13 -2 -13 0 -11 -1 -12 0 -12 -1 -10 -2 -12 -3 -11 -1 -12 -3 -11 0 0 -4 -12 -5 -10 -4 -11 -5 -13 -5 -10 -6 -11 -6 -10 -4 -13 -6 -11 -4 -13 -8 -12 -7 -12 -5 -13 -5 -11 -6 -10 -6 -10 -6 -9 -7 -11 -6 -12 -8 -10 -7 -12 -7 -10 -6 -11 -7 -10 -5 -10 -5 -10 0 0 0 0 0 0 0 0 0 0 ]
144,1782978747.141774,12.2665,-76,CSI_DATA,AP,98:F4:AB:29:67:94,-76,11,1,4,1,1,1,0,0,0,0,-96,0,6,1,69430908,0,84,0,0,69.8124,384,[84 -64 4 0 0 0 0 0 0 0 0 0 -16 -4 -17 -5 -16 -4 -17 -6 -15 -7 -16 -7 -16 -7 -15 -8 -15 -6 -14 -8 -14 -7 -15 -7 -14 -7 -15 -9 -13 -7 -11 -9 -11 -6 -10 -6 -10 -7 -10 -4 -10 -6 -10 -3 -12 -3 -12 -4 -12 -3 -12 -3 0 0 -12 -2 -13 -1 -11 -2 -12 0 -11 0 -11 0 -12 1 -12 1 -14 1 -14 1 -13 1 -12 0 -12 1 -13 0 -11 2 -12 2 -11 1 -12 1 -12 2 -11 3 -12 1 -12 2 -12 1 -11 0 -11 1 -12 1 0 0 0 0 0 0 0 0 0 0 ]
145,1782978747.412991,12.3764,-77,CSI_DATA,AP,98:F4:AB:29:67:94,-77,11,1,4,1,1,1,0,0,0,0,-96,0,6,1,69523110,0,84,0,0,69.9047,384,[84 -64 4 0 0 0 0 0 0 0 0 0 14 -11 12 -11 13 -10 13 -12 14 -12 13 -10 12 -9 13 -10 14 -8 11 -8 13 -8 14 -9 14 -7 13 -7 12 -6 11 -7 10 -7 10 -5 7 -6 7 -7 7 -7 7 -9 8 -7 7 -7 8 -9 9 -7 0 0 7 -9 6 -10 6 -10 6 -9 5 -9 6 -11 7 -10 5 -12 5 -10 4 -11 4 -11 5 -11 6 -12 5 -9 5 -12 4 -11 4 -11 3 -10 4 -12 3 -10 3 -10 4 -12 4 -11 5 -11 4 -11 5 -9 0 0 0 0 0 0 0 0 0 0 ]
146,1782978747.693454,12.1914,-76,CSI_DATA,AP,98:F4:AB:29:67:94,-76,11,1,4,1,1,1,0,0,0,0,-96,0,6,1,69612703,0,84,0,0,69.9943,384,[84 -64 4 0 0 0 0 0 0 0 0 0 5 -17 7 -14 6 -13 7 -13 5 -13 6 -13 7 -13 8 -13 8 -12 7 -12 7 -13 9 -11 6 -13 6 -12 6 -11 8 -12 7 -10 5 -11 5 -8 5 -9 3 -9 3 -8 3 -9 3 -9 2 -10 0 -10 0 0 1 -10 1 -11 1 -10 1 -9 0 -10 1 -11 0 -10 -1 -12 0 -12 -2 -14 -2 -12 0 -11 -1 -12 0 -10 -1 -11 -2 -10 -3 -10 -2 -12 -1 -11 -1 -11 -1 -12 -1 -11 -1 -11 -1 -11 -1 -11 -1 -12 0 0 0 0 0 0 0 0 0 0 ]
147,1782978747.958035,11.2031,-75,CSI_DATA,AP,98:F4:AB:29:67:94,-75,11,1,4,1,1,1,0,0,0,0,-96,0,6,1,69702886,0,84,0,0,70.0844,384,[84 -64 4 0 0 0 0 0 0 0 0 0 -19 -8 -16 -9 -15 -9 -15 -9 -15 -10 -14 -11 -14 -10 -14 -11 -13 -10 -14 -9 -12 -9 -13 -9 -12 -9 -12 -8 -9 -10 -10 -8 -10 -9 -10 -8 -9 -7 -10 -6 -8 -6 -9 -6 -12 -6 -11 -4 -10 -3 -10 -5 0 0 -11 -3 -11 -3 -13 -4 -11 -2 -11 -2 -12 -3 -12 -2 -12 -3 -13 -1 -14 -3 -14 -2 -13 -2 -12 -2 -12 -2 -13 -2 -13 -2 -12 -2 -11 0 -13 -2 -12 0 -13 -1 -12 0 -13 -1 -13 -1 -12 -1 -12 -1 0 0 0 0 0 0 0 0 0 0 ]
148,1782978748.214924,10.4833,-76,CSI_DATA,AP,98:F4:AB:29:67:94,-76,11,1,4,1,1,1,0,0,0,0,-96,0,6,1,69791569,0,84,0,0,70.1732,384,[84 -64 4 0 0 0 0 0 0 0 0 0 13 9 12 10 14 10 13 10 12 11 12 11 12 11 10 12 10 11 10 10 10 11 10 12 9 10 9 11 9 9 9 11 7 8 8 9 8 8 9 7 7 6 8 5 8 6 9 5 8 6 10 7 0 0 11 5 10 4 11 4 11 3 10 4 10 2 11 3 11 1 12 4 13 4 12 2 12 3 11 3 10 3 11 3 12 3 12 3 10 3 12 0 11 0 11 1 12 1 9 2 9 1 9 2 9 2 0 0 0 0 0 0 0 0 0 0 ]
149,1782978748.476083,10.9094,-76,CSI_DATA,AP,98:F4:AB:29:67:94,-76,11,1,4,1,1,1,0,0,0,0,-96,0,6,1,69887276,0,84,0,0,70.2688,384,[84 -64 4 0 0 0 0 0 0 0 0 0 -18 -2 -14 -1 -19 -2 -17 -2 -16 -2 -16 -2 -17 -4 -16 -2 -14 -4 -15 -5 -15 -3 -16 -1 -13 -7 -13 -4 -13 -2 -13 -2 -14 -3 -10 -2 -11 -2 -11 -2 -11 -2 -13 -1 -11 1 -11 -1 -12 0 -13 0 0 0 -11 1 -12 1 -12 2 -12 2 -10 0 -12 2 -13 3 -13 3 -13 3 -13 2 -13 3 -14 2 -11 2 -13 3 -11 3 -12 2 -11 2 -11 2 -10 3 -12 4 -13 3 -12 4 -10 2 -11 2 -11 1 -11 1 0 0 0 0 0 0 0 0 0 0 ]
150,1782978748.725658,10.6623,-74,CSI_DATA,AP,98:F4:AB:29:67:94,-74,11,1,2,1,1,1,0,0,0,0,-96,0,6,1,69972788,0,84,0,0,70.3544,384,[84 -64 4 0 0 0 0 0 0 0 0 0 15 5 15 7 14 6 16 8 14 6 13 8 12 9 12 9 12 8 12 7 12 8 12 7 11 8 12 7 10 9 12 8 9 7 9 6 8 5 8 6 8 6 10 5 9 4 11 3 10 4 11 4 0 0 11 3 11 2 11 2 10 1 11 1 11 1 11 1 10 0 11 1 12 1 12 1 12 0 11 0 11 1 9 1 11 -1 11 1 10 0 11 -1 13 -1 11 -1 10 0 10 1 10 -2 10 -1 9 2 0 0 0 0 0 0 0 0 0 0 ]
151,1782978748.962387,10.6601,-74,CSI_DATA,AP,98:F4:AB:29:67:94,-74,11,1,2,1,1,1,0,0,0,0,-96,0,6,1,70063158,0,84,0,0,70.4447,384,[84 -64 4 0 0 0 0 0 0 0 0 0 12 9 13 10 13 9 13 10 12 9 12 10 10 11 10 11 10 11 10 10 10 10 9 11 10 10 9 11 7 10 8 11 8 10 7 8 6 9 7 7 7 8 7 7 8 7 9 6 9 7 9 7 0 0 7 8 9 7 9 7 8 6 7 6 10 6 9 5 9 5 9 6 10 5 11 7 10 6 10 6 9 7 8 5 9 7 9 5 10 5 9 5 9 5 8 6 10 5 8 6 9 5 9 5 8 6 0 0 0 0 0 0 0 0 0 0 ]
152,1782978749.205174,10.9059,-76,CSI_DATA,AP,98:F4:AB:29:67:94,-76,11,1,4,1,1,1,0,0,0,0,-96,0,6,1,70151501,0,84,0,0,70.533,384,[84 -64 4 0 0 0 0 0 0 0 0 0 -18 -6 -16 -7 -15 -7 -17 -7 -14 -8 -15 -8 -13 -8 -14 -8 -14 -9 -14 -9 -14 -8 -14 -8 -13 -7 -13 -8 -11 -6 -13 -6 -12 -7 -10 -6 -10 -5 -11 -5 -12 -5 -11 -4 -12 -5 -10 -4 -13 -5 -13 -3 0 0 -13 -3 -11 -2 -13 -2 -13 -1 -12 -1 -12 -2 -13 -1 -13 -1 -13 -1 -14 -2 -13 -1 -13 -1 -13 -2 -12 -1 -13 -2 -12 0 -12 0 -12 0 -12 0 -13 0 -12 -1 -11 0 -13 -1 -11 0 -11 -3 -10 -1 0 0 0 0 0 0 0 0 0 0 ]
153,1782978749.443923,11.3494,-76,CSI_DATA,AP,98:F4:AB:29:67:94,-76,11,1,4,1,1,1,0,0,0,0,-96,0,6,1,70242667,0,84,0,0,70.6242,384,[84 -64 4 0 0 0 0 0 0 0 0 0 -18 7 -17 4 -18 5 -15 5 -16 4 -15 3 -16 3 -16 1 -15 3 -15 1 -15 2 -14 2 -13 0 -14 1 -13 1 -15 2 -12 2 -12 1 -9 2 -11 2 -11 3 -11 3 -11 3 -11 4 -11 3 -11 4 0 0 -11 5 -12 6 -10 4 -11 6 -9 6 -9 6 -10 6 -9 6 -10 8 -11 7 -11 9 -11 7 -11 6 -11 6 -10 7 -9 7 -10 7 -10 7 -9 6 -10 8 -9 8 -9 9 -10 6 -9 7 -10 7 -9 6 0 0 0 0 0 0 0 0 0 0 ]
154,1782978749.683063,10.1753,-76,CSI_DATA,AP,98:F4:AB:29:67:94,-76,11,1,4,1,1,1,0,0,0,0,-96,0,6,1,70331335,0,84,0,0,70.7129,384,[84 -64 4 0 0 0 0 0 0 0 0 0 13 8 14 8 11 10 10 8 12 9 12 9 10 10 9 10 10 9 8 8 10 10 9 10 9 9 8 9 8 8 8 9 8 7 6 5 7 6 6 5 7 6 7 6 7 3 8 3 8 4 8 4 0 0 8 5 10 3 7 4 8 3 9 2 12 2 10 3 8 2 10 3 11 1 12 2 12 3 10 2 11 2 9 2 9 0 10 1 10 1 11 0 9 1 9 1 11 0 10 1 10 1 10 0 9 1 0 0 0 0 0 0 0 0 0 0 ]
155,1782978749.930905,10.8546,-74,CSI_DATA,AP,98:F4:AB:29:67:94,-74,11,1,2,1,1,1,0,0,0,0,-96,0,6,1,70422966,0,84,0,0,70.8045,384,[84 -64 4 0 0 0 0 0 0 0 0 0 -16 -10 -15 -10 -14 -11 -14 -11 -13 -11 -14 -12 -11 -12 -11 -9 -11 -13 -9 -12 -12 -12 -11 -11 -10 -10 -10 -11 -10 -11 -9 -11 -10 -11 -7 -8 -7 -7 -8 -7 -9 -7 -9 -5 -9 -6 -9 -5 -10 -6 -10 -6 0 0 -10 -6 -10 -4 -10 -5 -10 -4 -10 -4 -10 -4 -11 -5 -11 -4 -12 -4 -11 -3 -12 -3 -12 -4 -12 -4 -12 -5 -12 -3 -11 -2 -12 -3 -12 -4 -11 -2 -13 -2 -12 -3 -11 -3 -12 -3 -12 -2 -11 -2 -11 -3 0 0 0 0 0 0 0 0 0 0 ]
156,1782978750.167364,10.7520,-76,CSI_DATA,AP,98:F4:AB:29:67:94,-76,11,1,4,1,1,1,0,0,0,0,-96,0,6,1,70517577,0,84,0,0,70.8992,384,[84 -64 4 0 0 0 0 0 0 0 0 0 -6 17 -7 17 -9 16 -10 16 -8 14 -9 14 -9 15 -11 14 -10 13 -10 13 -10 13 -9 13 -10 11 -10 11 -9 10 -9 10 -10 9 -6 10 -6 8 -5 9 -6 10 -6 8 -5 10 -5 10 -4 10 -3 10 0 0 -3 11 -2 11 -3 11 -2 11 -3 10 -2 11 -1 11 -1 11 -1 12 0 13 1 12 -1 11 0 11 0 11 -1 11 0 11 -1 11 -1 12 1 10 0 12 1 12 0 9 0 12 2 11 0 9 -1 11 0 0 0 0 0 0 0 0 0 0 ]
157,1782978750.407058,10.6033,-76,CSI_DATA,AP,98:F4:AB:29:67:94,-76,11,1,4,1,1,1,0,0,0,0,-96,0,6,1,70603914,0,84,0,0,70.9855,384,[84 -64 4 0 0 0 0 0 0 0 0 0 -17 -7 -16 -6 -15 -8 -14 -7 -17 -8 -16 -8 -16 -8 -14 -8 -14 -7 -12 -10 -14 -9 -14 -9 -12 -10 -12 -10 -10 -8 -10 -8 -10 -7 -11 -6 -9 -5 -10 -5 -8 -5 -10 -4 -10 -4 -10 -4 -10 -4 -12 -4 0 0 -11 -5 -12 -3 -12 -4 -12 -2 -12 -2 -12 -3 -12 -3 -11 -1 -14 -2 -15 -3 -13 -3 -12 -3 -13 -3 -13 -4 -15 -3 -12 -2 -12 -3 -12 -3 -13 -1 -13 -2 -13 -2 -12 -2 -12 -3 -12 -2 -13 -3 -12 -3 0 0 0 0 0 0 0 0 0 0 ]
158,1782978750.643483,11.2206,-74,CSI_DATA,AP,98:F4:AB:29:67:94,-74,11,1,2,1,1,1,0,0,0,0,-96,0,6,1,70692885,0,84,0,0,71.0745,384,[84 -64 4 0 0 0 0 0 0 0 0 0 -4 -22 -1 -20 -1 -20 -1 -19 -1 -19 1 -19 2 -19 2 -17 1 -18 4 -16 3 -18 3 -17 2 -17 2 -16 4 -15 1 -14 2 -12 1 -12 0 -11 0 -10 -1 -9 -1 -10 -2 -10 -2 -11 -4 -11 -4 -12 0 0 -4 -11 -5 -10 -6 -10 -7 -10 -6 -11 -5 -11 -6 -11 -6 -11 -6 -11 -8 -12 -9 -12 -7 -12 -8 -11 -8 -11 -9 -10 -9 -10 -9 -10 -9 -11 -10 -10 -8 -10 -9 -11 -8 -11 -9 -9 -9 -10 -9 -10 -9 -10 0 0 0 0 0 0 0 0 0 0 ]
159,1782978750.883240,10.9699,-76,CSI_DATA,AP,98:F4:AB:29:67:94,-76,11,1,4,1,1,1,0,0,0,0,-96,0,6,1,70781667,0,84,0,0,71.1632,384,[84 -64 4 0 0 0 0 0 0 0 0 0 -18 -3 -19 -2 -18 -4 -18 -6 -17 -6 -19 -7 -17 -6 -15 -8 -15 -8 -16 -8 -15 -7 -14 -8 -15 -7 -13 -7 -13 -8 -12 -8 -12 -5 -11 -5 -8 -6 -9 -4 -10 -4 -10 -4 -10 -3 -10 -2 -10 -2 -11 -1 0 0 -11 0 -10 0 -10 0 -9 0 -10 -1 -9 1 -11 2 -11 2 -11 1 -11 4 -12 3 -12 3 -12 4 -10 2 -9 4 -11 3 -10 3 -10 3 -10 4 -10 5 -11 5 -10 5 -12 5 -9 5 -10 4 -11 4 0 0 0 0 0 0 0 0 0 0 ]
160,1782978751.120846,10.6308,-76,CSI_DATA,AP,98:F4:AB:29:67:94,-76,11,1,4,1,1,1,0,0,0,0,-96,0,6,1,70874917,0,84,0,0,71.2565,384,[84 -64 4 0 0 0 0 0 0 0 0 0 -4 16 -8 17 -7 17 -6 17 -8 16 -7 15 -9 15 -9 13 -7 15 -8 15 -8 14 -8 13 -7 13 -7 13 -6 10 -8 11 -5 11 -5 11 -7 9 -6 7 -4 10 -3 9 -3 10 -4 9 -3 10 -2 11 0 0 0 11 -1 10 -1 11 1 8 1 12 0 11 1 11 2 11 2 12 3 11 3 12 2 10 1 11 3 11 2 10 2 10 4 10 3 9 4 10 5 11 3 10 4 10 3 10 3 10 3 9 4 10 0 0 0 0 0 0 0 0 0 0 ]
161,1782978751.360188,10.3969,-75,CSI_DATA,AP,98:F4:AB:29:67:94,-75,11,1,4,1,1,1,0,0,0,0,-96,0,6,1,70962857,0,84,0,0,71.3443,384,[84 -64 4 0 0 0 0 0 0 0 0 0 15 -2 15 -3 14 -1 15 0 15 -1 14 -1 14 1 15 0 14 0 13 1 13 2 12 3 13 1 10 2 10 3 12 1 10 1 8 0 8 0 10 0 8 -1 10 -2 9 -1 8 -1 10 -2 8 -3 0 0 9 -3 9 -2 9 -4 9 -3 8 -4 8 -6 8 -4 10 -5 9 -6 8 -6 10 -4 10 -3 10 -5 10 -4 9 -5 8 -5 9 -5 9 -6 9 -7 9 -6 9 -6 9 -6 10 -6 8 -5 8 -5 8 -3 0 0 0 0 0 0 0 0 0 0 ]
162,1782978751.598134,10.1761,-76,CSI_DATA,AP,98:F4:AB:29:67:94,-76,11,1,4,1,1,1,0,0,0,0,-96,0,6,1,71055978,0,84,0,0,71.4376,384,[84 -64 4 0 0 0 0 0 0 0 0 0 -7 -16 -7 -16 -8 -17 -7 -15 -6 -17 -5 -15 -3 -16 -4 -14 -3 -15 -3 -14 -3 -15 -2 -15 -2 -15 -2 -12 -2 -13 -2 -13 -2 -11 -3 -10 -2 -10 -2 -10 -3 -10 -4 -10 -3 -9 -5 -9 -5 -9 -6 -9 0 0 -6 -9 -5 -9 -6 -8 -7 -7 -6 -7 -8 -8 -7 -8 -7 -6 -8 -8 -9 -9 -8 -8 -9 -8 -9 -7 -8 -8 -7 -7 -9 -8 -7 -7 -9 -7 -9 -7 -9 -7 -8 -7 -9 -7 -8 -6 -8 -7 -9 -6 -8 -7 0 0 0 0 0 0 0 0 0 0 ]
163,1782978751.840556,10.1015,-76,CSI_DATA,AP,98:F4:AB:29:67:94,-76,11,1,4,1,1,1,0,0,0,0,-96,0,6,1,71145652,0,84,0,0,71.5272,384,[84 -64 4 0 0 0 0 0 0 0 0 0 16 5 13 6 14 6 14 6 13 9 11 7 11 8 11 8 10 8 10 8 12 7 10 6 11 8 8 7 8 6 9 6 7 5 7 6 7 4 8 3 7 3 8 3 7 2 8 3 8 1 10 2 0 0 9 1 9 1 10 0 9 1 9 0 10 0 10 -1 11 0 10 -1 10 -3 10 -1 10 -2 11 -1 12 -1 10 -1 10 -1 11 -1 10 -2 10 -1 10 -3 11 -2 10 0 10 -2 11 -1 8 -2 11 -1 0 0 0 0 0 0 0 0 0 0 ]
164,1782978752.082301,10.2074,-76,CSI_DATA,AP,98:F4:AB:29:67:94,-76,11,1,4,1,1,1,0,0,0,0,-96,0,6,1,71234546,0,84,0,0,71.6161,384,[84 -64 4 0 0 0 0 0 0 0 0 0 -16 7 -18 6 -17 5 -17 5 -17 4 -18 3 -18 3 -16 2 -16 2 -15 2 -15 2 -17 1 -14 1 -15 2 -14 1 -13 1 -13 2 -12 2 -11 2 -10 2 -10 2 -9 4 -11 4 -9 4 -9 6 -10 5 0 0 -10 5 -9 7 -9 6 -8 6 -9 6 -7 7 -8 8 -8 8 -8 9 -8 8 -9 10 -9 8 -9 9 -8 9 -8 9 -8 9 -7 8 -8 10 -8 10 -7 9 -7 10 -7 9 -6 9 -7 9 -7 9 -8 10 0 0 0 0 0 0 0 0 0 0 ]
165,1782978752.320897,10.4941,-76,CSI_DATA,AP,98:F4:AB:29:67:94,-76,11,1,4,1,1,1,0,0,0,0,-96,0,6,1,71320940,0,84,0,0,71.7025,384,[84 -64 4 0 0 0 0 0 0 0 0 0 -3 15 -5 15 -5 14 -4 15 -4 16 -6 12 -5 14 -8 13 -6 13 -6 13 -10 14 -8 13 -7 11 -7 11 -4 10 -7 11 -5 9 -3 8 -4 9 -4 9 -3 8 -2 9 -3 9 -2 7 -2 11 -2 8 0 0 0 10 -1 10 0 10 0 10 2 7 2 8 2 10 2 9 2 10 3 11 3 11 2 10 4 10 2 9 2 10 3 8 3 9 4 9 4 8 5 8 4 8 5 9 5 10 5 8 3 9 4 9 0 0 0 0 0 0 0 0 0 0 ]
166,1782978752.557905,10.4689,-76,CSI_DATA,AP,98:F4:AB:29:67:94,-76,11,1,4,1,1,1,0,0,0,0,-96,0,6,1,71415479,0,84,0,0,71.7971,384,[84 -64 4 0 0 0 0 0 0 0 0 0 -17 -9 -16 -11 -14 -11 -13 -10 -13 -10 -14 -12 -12 -11 -12 -11 -11 -12 -11 -12 -13 -11 -12 -11 -10 -11 -11 -12 -10 -11 -9 -10 -10 -9 -9 -9 -9 -7 -8 -7 -9 -7 -9 -7 -10 -7 -11 -5 -11 -6 -12 -6 0 0 -11 -6 -9 -5 -10 -4 -11 -5 -12 -6 -10 -4 -11 -5 -12 -4 -12 -4 -13 -2 -12 -4 -12 -3 -13 -3 -13 -3 -12 -4 -12 -3 -11 -3 -11 -3 -11 -2 -12 -2 -12 -2 -12 -1 -11 -2 -12 -2 -12 -3 -11 -3 0 0 0 0 0 0 0 0 0 0 ]
167,1782978752.799028,12.0636,-76,CSI_DATA,AP,98:F4:AB:29:67:94,-76,11,1,4,1,1,1,0,0,0,0,-96,0,6,1,71503023,0,84,0,0,71.8846,384,[84 -64 4 0 0 0 0 0 0 0 0 0 -14 10 -16 8 -16 9 -16 8 -15 9 -15 7 -14 7 -15 6 -15 6 -12 6 -15 6 -14 6 -15 4 -14 4 -13 4 -13 3 -13 3 -11 3 -11 5 -10 5 -10 5 -9 6 -10 5 -8 5 -11 7 -11 7 0 0 -10 6 -9 8 -9 8 -9 8 -8 7 -7 6 -10 7 -10 8 -9 8 -10 8 -10 11 -10 9 -9 9 -8 6 -10 8 -10 7 -8 5 -9 7 -7 7 -7 7 -10 8 -8 10 -7 7 -7 10 -9 8 -7 7 0 0 0 0 0 0 0 0 0 0 ]
168,1782978753.037833,11.5279,-76,CSI_DATA,AP,98:F4:AB:29:67:94,-76,11,1,4,1,1,1,0,0,0,0,-96,0,6,1,71599082,0,84,0,0,71.9806,384,[84 -64 4 0 0 0 0 0 0 0 0 0 -9 14 -9 13 -10 14 -8 14 -9 14 -9 13 -10 14 -11 12 -10 12 -9 11 -8 13 -11 14 -11 11 -9 11 -9 9 -10 10 -8 9 -7 9 -6 9 -8 8 -6 9 -7 10 -6 10 -5 11 -5 9 -5 10 0 0 -4 12 -5 12 -4 11 -4 11 -2 10 -4 11 -4 11 -3 12 -3 13 -2 14 -2 15 -3 12 -3 13 -4 13 -4 12 -3 12 -4 10 -3 11 -2 11 -1 10 -2 11 -2 11 -2 12 -3 10 -3 12 -3 10 0 0 0 0 0 0 0 0 0 0 ]
169,1782978753.276651,10.7777,-76,CSI_DATA,AP,98:F4:AB:29:67:94,-76,11,1,4,1,1,1,0,0,0,0,-96,0,6,1,71681037,0,84,0,0,72.0625,384,[84 -64 4 0 0 0 0 0 0 0 0 0 5 15 4 14 4 15 2 16 2 14 2 14 1 13 1 14 1 15 0 13 1 13 -1 13 0 13 -1 12 -1 11 -1 12 0 11 1 9 -1 9 1 8 0 10 2 8 2 9 2 8 2 10 3 8 0 0 2 7 3 8 4 8 4 9 4 9 4 9 5 9 4 8 5 10 5 10 6 10 6 9 5 9 5 10 6 9 5 9 5 8 5 8 6 8 5 7 6 9 5 7 5 8 5 8 5 9 4 8 0 0 0 0 0 0 0 0 0 0 ]
170,1782978753.513681,10.9388,-69,CSI_DATA,AP,98:F4:AB:29:67:94,-69,11,0,0,0,0,0,0,0,0,0,-96,0,6,1,71777232,0,84,0,0,72.1589,128,[84 -64 4 0 0 0 0 0 0 0 0 0 21 17 22 18 19 18 21 20 17 18 17 20 16 19 13 19 14 20 13 17 15 18 14 20 14 19 13 18 12 17 11 17 11 17 8 13 9 13 9 12 9 12 10 11 11 10 13 11 14 12 13 12 0 0 13 13 15 11 17 11 17 10 14 10 15 9 15 9 12 9 15 8 15 11 19 11 9 20 19 12 20 10 11 7 14 14 12 -6 9 6 14 11 29 9 16 8 15 8 14 2 6 17 17 7 4 12 0 0 0 0 0 0 0 0 0 0 ]
171,1782978753.754083,11.1146,-76,CSI_DATA,AP,98:F4:AB:29:67:94,-76,11,1,4,1,1,1,0,0,0,0,-96,0,6,1,71863531,0,84,0,0,72.2451,384,[84 -64 4 0 0 0 0 0 0 0 0 0 -13 -10 -13 -11 -11 -9 -11 -11 -11 -11 -11 -11 -10 -12 -11 -10 -10 -12 -7 -10 -8 -11 -9 -11 -8 -10 -8 -11 -8 -10 -7 -10 -6 -9 -7 -9 -7 -8 -7 -7 -7 -8 -7 -7 -8 -7 -9 -7 -9 -7 -9 -7 0 0 -9 -7 -10 -7 -10 -7 -11 -5 -9 -6 -9 -5 -8 -5 -9 -6 -10 -4 -10 -5 -11 -6 -11 -5 -9 -5 -10 -6 -10 -5 -10 -5 -9 -6 -10 -4 -10 -5 -10 -3 -10 -5 -10 -4 -10 -5 -9 -5 -10 -5 -8 -4 0 0 0 0 0 0 0 0 0 0 ]
172,1782978753.987648,11.2543,-76,CSI_DATA,AP,98:F4:AB:29:67:94,-76,11,1,4,1,1,1,0,0,0,0,-96,0,6,1,71952796,0,84,0,0,72.3344,384,[84 -64 4 0 0 0 0 0 0 0 0 0 17 6 15 6 14 8 14 7 13 8 14 8 15 10 13 8 14 9 12 8 12 9 12 8 13 9 10 9 9 8 10 9 9 7 10 6 7 4 10 4 10 3 10 4 10 3 10 2 11 3 10 2 0 0 10 2 11 2 11 3 10 2 12 2 11 1 12 0 12 0 11 0 11 0 11 1 12 0 12 0 10 1 12 0 12 -2 13 0 11 0 11 -3 11 -2 12 -3 10 -1 11 0 12 -3 12 -2 9 -1 0 0 0 0 0 0 0 0 0 0 ]
173,1782978754.230709,11.3427,-76,CSI_DATA,AP,98:F4:AB:29:67:94,-76,11,1,4,1,1,1,0,0,0,0,-96,0,6,1,72047408,0,84,0,0,72.429,384,[84 -64 4 0 0 0 0 0 0 0 0 0 11 13 10 13 9 13 11 12 9 13 7 13 5 15 5 14 7 14 6 14 5 13 6 12 4 14 6 12 4 11 5 13 5 11 5 10 4 9 5 9 6 9 5 7 5 9 4 9 7 9 7 8 0 0 7 8 7 7 6 8 6 7 8 8 8 6 7 8 9 9 8 8 7 8 7 10 8 8 7 8 7 8 8 9 7 6 7 8 7 8 9 7 8 7 9 7 7 6 8 7 8 8 6 9 8 6 0 0 0 0 0 0 0 0 0 0 ]
174,1782978754.468485,11.5819,-76,CSI_DATA,AP,98:F4:AB:29:67:94,-76,11,1,4,1,1,1,0,0,0,0,-96,0,6,1,72135696,0,84,0,0,72.5173,384,[84 -64 4 0 0 0 0 0 0 0 0 0 10 12 10 15 9 14 9 14 7 12 6 14 7 16 6 14 5 14 5 13 5 14 5 13 4 13 5 12 5 11 4 12 4 12 7 10 4 11 5 10 5 9 5 8 5 9 7 10 6 10 7 8 0 0 6 8 6 7 8 9 7 8 6 8 7 9 8 8 7 7 10 8 8 8 9 7 8 8 7 8 7 8 9 8 7 8 8 6 10 8 8 6 8 7 9 8 8 5 8 7 8 7 7 6 7 6 0 0 0 0 0 0 0 0 0 0 ]
175,1782978754.702336,11.5136,-74,CSI_DATA,AP,98:F4:AB:29:67:94,-74,11,1,2,1,1,1,0,0,0,0,-96,0,6,1,72226354,0,84,0,0,72.6079,384,[84 -64 4 0 0 0 0 0 0 0 0 0 2 -17 5 -16 4 -17 4 -15 5 -15 5 -14 5 -14 7 -14 5 -13 4 -12 5 -13 7 -13 5 -13 6 -13 5 -12 4 -11 4 -11 3 -11 5 -9 2 -9 2 -10 2 -11 1 -11 2 -11 2 -10 0 -11 0 0 0 -12 0 -12 -1 -12 0 -11 0 -11 -3 -12 -3 -12 -2 -13 0 -12 0 -14 -3 -13 -3 -13 -2 -11 -1 -12 -1 -11 -1 -12 -2 -12 -2 -12 -2 -13 -1 -12 -4 -12 -2 -11 -2 -12 -3 -10 -2 -12 -2 -10 0 0 0 0 0 0 0 0 0 0 ]
176,1782978754.935995,11.1310,-76,CSI_DATA,AP,98:F4:AB:29:67:94,-76,11,1,4,1,1,1,0,0,0,0,-96,0,6,1,72317513,0,84,0,0,72.6991,384,[84 -64 4 0 0 0 0 0 0 0 0 0 10 13 9 15 8 15 7 15 7 13 7 14 4 14 5 12 5 12 5 13 4 14 5 14 5 12 5 13 3 12 4 12 3 13 4 10 4 10 4 8 5 9 5 9 4 9 7 8 7 8 7 9 0 0 7 9 8 8 8 7 8 6 9 7 9 8 8 8 10 6 10 8 10 7 11 8 9 8 9 7 10 7 9 6 9 6 9 6 9 6 9 6 9 4 10 6 10 7 9 6 9 3 10 5 9 5 0 0 0 0 0 0 0 0 0 0 ]
177,1782978755.175002,11.4199,-75,CSI_DATA,AP,98:F4:AB:29:67:94,-75,11,1,4,1,1,1,0,0,0,0,-96,0,6,1,72400970,0,84,0,0,72.7827,384,[84 -64 4 0 0 0 0 0 0 0 0 0 15 5 14 6 14 7 14 8 12 8 12 7 11 9 10 7 10 9 9 8 11 9 9 8 9 7 9 8 10 7 8 7 8 6 6 5 7 6 8 5 8 6 9 6 7 5 8 3 9 3 11 6 0 0 10 4 9 2 9 2 10 1 10 2 10 2 10 2 12 1 5 0 7 0 10 0 9 0 8 2 8 1 9 0 8 0 10 2 10 0 10 0 8 1 9 0 8 0 9 1 10 -2 10 0 10 -2 0 0 0 0 0 0 0 0 0 0 ]
178,1782978755.408708,11.4637,-76,CSI_DATA,AP,98:F4:AB:29:67:94,-76,11,1,4,1,1,1,0,0,0,0,-96,0,6,1,72492614,0,84,0,0,72.8743,384,[84 -64 4 0 0 0 0 0 0 0 0 0 -1 17 -2 18 -2 18 -2 17 -2 18 -3 17 -5 16 -5 15 -5 17 -4 14 -2 14 -4 14 -4 14 -3 15 -5 13 -6 12 -4 13 -5 10 -2 11 -3 10 -3 11 -3 10 -1 9 0 11 -1 12 0 10 0 0 0 11 -1 11 2 11 2 10 1 10 1 10 1 11 1 10 2 9 2 10 3 11 1 11 1 11 2 10 2 10 3 11 3 9 2 10 3 10 4 10 3 11 2 9 2 8 4 8 3 9 3 10 0 0 0 0 0 0 0 0 0 0 ]
179,1782978755.655153,9.3230,-77,CSI_DATA,AP,98:F4:AB:29:67:94,-77,11,1,4,1,1,1,0,0,0,0,-96,0,6,1,72582452,0,84,0,0,72.964,384,[84 -64 4 0 0 0 0 0 0 0 0 0 10 8 10 9 9 11 9 10 9 10 7 10 8 9 8 10 6 10 5 8 8 10 7 9 6 10 6 9 5 8 4 8 4 7 6 5 5 6 4 5 4 6 5 4 6 6 5 4 6 5 7 5 0 0 5 5 6 5 6 5 7 3 5 4 7 4 9 3 7 3 8 4 8 2 8 2 5 5 7 3 8 2 7 3 7 3 7 2 8 3 7 3 7 2 7 3 6 1 6 1 8 2 7 2 7 3 0 0 0 0 0 0 0 0 0 0 ]
180,1782978755.893761,9.4969,-76,CSI_DATA,AP,98:F4:AB:29:67:94,-76,11,1,4,1,1,1,0,0,0,0,-96,0,6,1,72672471,0,84,0,0,73.054,384,[84 -64 4 0 0 0 0 0 0 0 0 0 16 -8 14 -6 15 -5 15 -7 14 -5 15 -6 16 -4 14 -4 15 -5 15 -4 15 -3 14 -3 14 -2 13 -2 12 -2 13 -2 10 -2 9 -4 9 -1 9 -4 8 -3 9 -4 9 -4 9 -4 9 -5 9 -6 0 0 9 -6 9 -5 9 -5 9 -7 7 -5 7 -8 8 -8 9 -8 8 -9 9 -8 8 -8 7 -6 7 -6 7 -8 8 -9 7 -8 5 -7 7 -9 8 -10 5 -8 5 -9 6 -8 6 -8 7 -9 5 -8 7 -8 0 0 0 0 0 0 0 0 0 0 ]
181,1782978756.132498,9.9508,-76,CSI_DATA,AP,98:F4:AB:29:67:94,-76,11,1,4,1,1,1,0,0,0,0,-96,0,6,1,72763009,0,84,0,0,73.1446,384,[84 -64 4 0 0 0 0 0 0 0 0 0 -4 18 -5 16 -5 16 -5 15 -6 16 -7 14 -7 15 -6 14 -7 14 -6 13 -7 13 -9 12 -9 12 -8 12 -6 10 -4 12 -5 12 -5 9 -5 8 -4 9 -4 9 -4 11 -3 9 -3 9 -4 10 -3 11 0 0 -3 9 -2 10 -1 11 0 10 -2 10 0 11 -1 11 0 10 1 12 -1 13 0 12 -2 12 -1 11 -1 10 1 11 0 11 1 9 2 11 0 11 2 10 1 10 2 10 0 10 1 11 2 11 1 10 0 0 0 0 0 0 0 0 0 0 ]
182,1782978756.394969,11.3664,-76,CSI_DATA,AP,98:F4:AB:29:67:94,-76,11,1,4,1,1,1,0,0,0,0,-96,0,6,1,72851061,0,84,0,0,73.2327,384,[84 -64 4 0 0 0 0 0 0 0 0 0 8 -18 8 -16 10 -15 8 -13 11 -13 10 -15 10 -13 11 -12 12 -11 11 -11 8 -13 8 -12 9 -12 9 -10 8 -9 9 -10 8 -9 6 -10 5 -9 6 -9 6 -10 5 -10 5 -11 4 -10 6 -11 3 -12 0 0 4 -12 4 -11 4 -11 2 -13 4 -11 4 -11 3 -11 4 -13 4 -11 3 -11 2 -13 2 -11 4 -11 4 -10 2 -11 1 -12 0 -10 0 -11 0 -10 1 -10 0 -12 0 -10 0 -10 -1 -9 -1 -11 0 -10 0 0 0 0 0 0 0 0 0 0 ]
183,1782978756.649744,10.8445,-74,CSI_DATA,AP,98:F4:AB:29:67:94,-74,11,1,2,1,1,1,0,0,0,0,-96,0,6,1,72942766,0,84,0,0,73.3244,384,[84 -64 4 0 0 0 0 0 0 0 0 0 12 12 11 13 10 13 10 13 8 13 7 12 7 14 6 14 7 13 6 12 4 13 8 13 6 12 7 12 6 11 6 12 5 10 6 8 5 8 5 6 6 8 7 7 6 7 6 6 7 7 8 7 0 0 9 7 9 7 8 6 8 6 9 5 9 6 9 6 10 6 10 7 10 5 11 5 9 7 10 7 10 6 10 7 12 5 9 5 9 3 9 6 10 3 9 3 8 5 10 4 9 2 10 3 10 5 0 0 0 0 0 0 0 0 0 0 ]
184,1782978756.894381,11.7283,-74,CSI_DATA,AP,98:F4:AB:29:67:94,-74,11,1,2,1,1,1,0,0,0,0,-96,0,6,1,73037697,0,84,0,0,73.4194,384,[84 -64 4 0 0 0 0 0 0 0 0 0 -11 12 -13 12 -12 12 -13 11 -12 10 -14 9 -13 8 -12 9 -13 8 -10 7 -12 6 -13 9 -12 8 -12 6 -10 6 -11 6 -10 5 -9 5 -9 5 -7 6 -7 6 -6 7 -7 6 -7 8 -8 9 -7 9 0 0 -8 9 -7 9 -7 10 -6 10 -6 8 -6 10 -7 11 -6 10 -6 11 -6 13 -7 11 -6 10 -7 10 -7 10 -5 10 -6 10 -7 10 -5 11 -5 11 -5 11 -5 9 -5 11 -5 7 -5 11 -7 9 -6 10 0 0 0 0 0 0 0 0 0 0 ]
185,1782978757.159140,13.1218,-76,CSI_DATA,AP,98:F4:AB:29:67:94,-76,11,1,4,1,1,1,0,0,0,0,-96,0,6,1,73128502,0,84,0,0,73.5101,384,[84 -64 4 0 0 0 0 0 0 0 0 0 -18 7 -18 4 -19 7 -18 4 -18 5 -15 4 -17 4 -17 3 -18 3 -17 2 -16 2 -15 2 -17 3 -15 2 -13 2 -13 1 -13 1 -12 2 -11 3 -10 4 -11 4 -11 4 -10 5 -10 5 -13 4 -11 6 0 0 -10 8 -11 8 -10 7 -8 9 -9 8 -9 8 -10 10 -9 11 -11 12 -13 11 -11 12 -13 9 -10 8 -10 9 -10 12 -10 9 -10 10 -8 10 -9 10 -8 10 -8 10 -8 9 -10 10 -9 10 -9 8 -9 9 0 0 0 0 0 0 0 0 0 0 ]
186,1782978757.416256,11.8299,-77,CSI_DATA,AP,98:F4:AB:29:67:94,-77,11,1,4,1,1,1,0,0,0,0,-96,0,6,1,73211448,0,84,0,0,73.5929,384,[84 -64 4 0 0 0 0 0 0 0 0 0 16 0 19 -1 17 -1 15 -2 16 1 16 1 15 3 13 3 13 2 12 5 13 3 12 3 14 3 12 4 11 2 10 4 10 2 10 3 8 3 9 2 10 1 8 0 8 1 9 0 10 0 11 0 0 0 10 -1 10 -1 11 -2 11 -2 10 -1 11 -3 12 -1 12 -3 10 -1 12 -1 10 -3 11 -1 13 -2 11 0 11 -3 12 -2 11 -2 9 -3 10 -2 10 -3 12 -3 12 -2 12 -2 12 -2 11 -2 11 -2 0 0 0 0 0 0 0 0 0 0 ]
187,1782978757.657615,11.1836,-76,CSI_DATA,AP,98:F4:AB:29:67:94,-76,11,1,4,1,1,1,0,0,0,0,-96,0,6,1,73303854,0,84,0,0,73.6855,384,[84 -64 4 0 0 0 0 0 0 0 0 0 -18 5 -19 4 -17 0 -17 0 -18 1 -19 1 -16 0 -16 0 -16 -1 -14 -1 -15 -1 -14 -1 -14 0 -14 -2 -15 -2 -13 -1 -13 0 -11 -2 -11 -1 -10 0 -9 3 -9 -1 -11 1 -11 3 -10 3 -10 2 0 0 -11 2 -9 4 -10 5 -9 4 -11 3 -10 5 -11 6 -10 7 -9 5 -11 6 -9 5 -9 5 -9 5 -10 6 -10 5 -10 6 -9 5 -9 7 -10 7 -7 8 -9 8 -8 6 -8 6 -7 8 -7 7 -9 7 0 0 0 0 0 0 0 0 0 0 ]
188,1782978757.894087,11.5097,-76,CSI_DATA,AP,98:F4:AB:29:67:94,-76,11,1,4,1,1,1,0,0,0,0,-96,0,6,1,73393614,0,84,0,0,73.7752,384,[84 -64 4 0 0 0 0 0 0 0 0 0 -18 3 -17 2 -19 0 -17 0 -17 1 -19 1 -16 0 -17 0 -15 -1 -16 -3 -16 -3 -15 -3 -16 -2 -15 -2 -13 -3 -14 -3 -14 -4 -14 -1 -12 0 -11 0 -12 1 -10 0 -11 1 -12 2 -12 -2 -11 2 0 0 -11 2 -11 2 -10 2 -12 3 -10 2 -12 4 -11 4 -13 3 -12 5 -13 5 -12 5 -12 4 -11 4 -11 4 -12 4 -12 4 -12 5 -10 5 -11 4 -11 6 -10 4 -10 4 -11 3 -11 5 -11 1 -10 5 0 0 0 0 0 0 0 0 0 0 ]
189,1782978758.135131,10.7742,-76,CSI_DATA,AP,98:F4:AB:29:67:94,-76,11,1,4,1,1,1,0,0,0,0,-96,0,6,1,73482638,0,84,0,0,73.8643,384,[84 -64 4 0 0 0 0 0 0 0 0 0 -17 6 -17 3 -17 3 -17 4 -15 4 -15 1 -15 3 -16 2 -16 2 -16 0 -16 1 -15 1 -13 1 -13 1 -11 0 -14 1 -12 1 -11 3 -10 1 -11 2 -10 3 -11 3 -11 3 -11 5 -10 5 -10 4 0 0 -9 5 -10 6 -10 5 -11 6 -11 5 -10 6 -12 7 -11 7 -12 8 -12 8 -12 8 -11 5 -10 6 -9 7 -11 7 -8 7 -9 8 -11 6 -9 7 -9 6 -9 8 -9 7 -10 6 -11 5 -11 7 -10 7 0 0 0 0 0 0 0 0 0 0 ]
190,1782978758.367096,10.5581,-74,CSI_DATA,AP,98:F4:AB:29:67:94,-74,11,1,2,1,1,1,0,0,0,0,-96,0,6,1,73573929,0,84,0,0,73.9556,384,[84 -64 4 0 0 0 0 0 0 0 0 0 -5 -19 -3 -18 -3 -17 -2 -18 -1 -17 -1 -15 0 -15 1 -15 0 -16 0 -14 0 -15 1 -14 0 -14 1 -14 0 -12 0 -12 0 -13 -1 -11 -1 -11 -2 -9 -2 -11 -2 -11 -3 -10 -4 -10 -3 -10 -5 -10 0 0 -4 -11 -4 -10 -4 -11 -6 -10 -5 -10 -6 -10 -6 -11 -7 -11 -7 -11 -9 -12 -8 -12 -7 -10 -6 -10 -6 -11 -6 -10 -8 -12 -7 -11 -6 -11 -5 -12 -7 -10 -6 -11 -5 -10 -6 -10 -8 -11 -6 -12 -5 -11 0 0 0 0 0 0 0 0 0 0 ]
191,1782978758.601318,10.9064,-76,CSI_DATA,AP,98:F4:AB:29:67:94,-76,11,1,4,1,1,1,0,0,0,0,-96,0,6,1,73661558,0,84,0,0,74.0431,384,[84 -64 4 0 0 0 0 0 0 0 0 0 12 14 13 13 11 14 11 13 10 13 9 13 10 13 8 14 8 14 7 13 8 13 7 11 7 12 5 14 4 12 5 10 4 11 5 10 5 8 5 8 5 8 7 6 6 7 7 6 7 9 7 7 0 0 9 8 9 6 9 6 8 5 8 7 9 5 9 6 11 6 11 6 12 6 11 7 10 6 10 6 12 5 12 6 9 7 10 7 12 4 11 5 10 5 11 5 10 6 9 6 10 6 9 6 9 6 0 0 0 0 0 0 0 0 0 0 ]
192,1782978758.839195,11.2545,-76,CSI_DATA,AP,98:F4:AB:29:67:94,-76,11,1,4,1,1,1,0,0,0,0,-96,0,6,1,73754983,0,84,0,0,74.1366,384,[84 -64 4 0 0 0 0 0 0 0 0 0 -6 17 -7 15 -6 15 -8 16 -7 14 -7 15 -8 15 -8 14 -6 15 -6 12 -8 13 -9 12 -6 11 -7 12 -7 10 -8 11 -9 10 -7 10 -5 9 -5 10 -5 9 -5 9 -4 10 -4 10 -3 11 -3 12 0 0 -3 11 -3 11 -2 10 -2 10 -1 12 0 12 -2 13 -1 11 -1 13 -1 12 -1 12 -3 12 -3 11 -1 12 -3 12 -1 11 -2 12 0 12 -2 11 0 12 -2 14 1 12 0 12 -1 11 -2 11 0 11 0 0 0 0 0 0 0 0 0 0 ]
193,1782978759.075864,11.3802,-76,CSI_DATA,AP,98:F4:AB:29:67:94,-76,11,1,4,1,1,1,0,0,0,0,-96,0,6,1,73846019,0,84,0,0,74.2276,384,[84 -64 4 0 0 0 0 0 0 0 0 0 9 -16 10 -14 10 -16 10 -15 10 -14 9 -13 11 -13 10 -11 10 -11 11 -7 11 -9 12 -11 11 -11 9 -10 7 -9 9 -8 8 -9 6 -8 5 -8 5 -9 4 -8 4 -10 4 -11 4 -10 4 -11 3 -12 0 0 2 -12 4 -13 2 -10 2 -14 2 -12 1 -12 2 -13 2 -14 1 -13 2 -14 3 -15 4 -12 2 -14 1 -14 2 -13 0 -12 0 -14 1 -12 0 -12 0 -12 1 -13 0 -14 2 -13 1 -14 3 -13 1 -11 0 0 0 0 0 0 0 0 0 0 ]
194,1782978759.312194,11.5630,-76,CSI_DATA,AP,98:F4:AB:29:67:94,-76,11,1,4,1,1,1,0,0,0,0,-96,0,6,1,73936447,0,84,0,0,74.3179,384,[84 -64 4 0 0 0 0 0 0 0 0 0 1 18 0 16 2 18 2 18 0 17 -2 16 -2 16 -2 16 1 14 -3 14 -2 15 -4 15 -2 12 -3 12 -3 11 -3 14 -3 11 -2 10 -2 11 -1 10 -1 10 1 11 1 9 1 11 1 11 3 11 0 0 1 11 3 13 2 10 3 12 1 11 2 11 2 12 3 11 2 14 3 14 3 13 2 13 2 12 3 14 2 11 1 13 2 12 3 10 0 13 1 12 2 12 3 13 3 12 3 12 2 12 1 11 0 0 0 0 0 0 0 0 0 0 ]
195,1782978759.546108,12.0452,-76,CSI_DATA,AP,98:F4:AB:29:67:94,-76,11,1,4,1,1,1,0,0,0,0,-96,0,6,1,74021281,0,84,0,0,74.4029,384,[84 -64 4 0 0 0 0 0 0 0 0 0 0 -20 -1 -19 2 -17 4 -18 3 -18 3 -17 3 -19 4 -15 2 -16 2 -15 4 -15 4 -14 4 -14 5 -16 3 -14 2 -13 4 -13 3 -11 1 -12 1 -10 0 -9 -1 -13 0 -12 0 -12 -1 -12 -2 -12 0 0 -3 -13 -1 -12 -3 -13 -3 -12 -2 -12 -5 -13 -3 -13 -5 -13 -3 -13 -4 -13 -5 -13 -4 -13 -4 -12 -4 -13 -4 -13 -5 -13 -3 -12 -4 -11 -5 -13 -5 -13 -3 -13 -5 -13 -6 -12 -5 -11 -4 -10 -4 -12 0 0 0 0 0 0 0 0 0 0 ]
196,1782978759.780628,11.3562,-76,CSI_DATA,AP,98:F4:AB:29:67:94,-76,11,1,4,1,1,1,0,0,0,0,-96,0,6,1,74117591,0,84,0,0,74.4991,384,[84 -64 4 0 0 0 0 0 0 0 0 0 17 -1 19 -1 16 0 16 -1 18 0 16 1 17 0 15 3 15 4 14 1 15 2 13 1 14 2 13 1 13 3 13 4 11 2 10 1 12 0 10 0 11 0 9 0 9 -2 11 -1 11 -2 12 -2 0 0 13 -2 12 -2 11 -2 10 -3 12 -2 12 -4 13 -4 12 -5 12 -5 12 -3 12 -4 12 -4 12 -3 13 -2 11 -3 12 -3 12 -3 12 -5 11 -4 10 -4 10 -4 10 -4 11 -3 11 -4 11 -4 9 -3 0 0 0 0 0 0 0 0 0 0 ]
197,1782978760.015034,11.4231,-76,CSI_DATA,AP,98:F4:AB:29:67:94,-76,11,1,4,1,1,1,0,0,0,0,-96,0,6,1,74202849,0,84,0,0,74.5844,384,[84 -64 4 0 0 0 0 0 0 0 0 0 -17 1 -17 1 -17 0 -16 -1 -16 -1 -15 -2 -14 -2 -15 -3 -15 -5 -14 -3 -13 -1 -14 -3 -14 -5 -15 -2 -10 -3 -12 -2 -12 -2 -11 -3 -11 -2 -9 -2 -10 0 -11 0 -11 0 -11 1 -10 1 -11 2 0 0 -10 2 -12 2 -11 2 -10 2 -10 1 -10 4 -11 4 -11 4 -11 4 -11 4 -11 5 -11 4 -11 4 -12 5 -13 4 -10 5 -10 3 -10 4 -10 5 -9 4 -11 3 -11 3 -12 3 -9 5 -10 4 -9 3 0 0 0 0 0 0 0 0 0 0 ]
198,1782978760.251556,10.8981,-76,CSI_DATA,AP,98:F4:AB:29:67:94,-76,11,1,4,1,1,1,0,0,0,0,-96,0,6,1,74295087,0,84,0,0,74.6766,384,[84 -64 4 0 0 0 0 0 0 0 0 0 10 15 10 15 10 14 9 14 8 14 7 15 6 15 4 16 6 15 3 14 4 15 4 14 5 14 5 14 3 12 3 12 3 11 4 11 5 9 3 10 4 8 5 10 6 8 6 10 5 9 7 9 0 0 6 10 7 8 6 8 7 9 6 8 8 9 7 9 8 9 9 10 8 8 10 7 8 9 7 9 8 9 8 8 7 8 8 8 8 8 8 9 8 7 8 7 9 6 7 6 8 7 8 8 7 7 0 0 0 0 0 0 0 0 0 0 ]
199,1782978760.491359,9.2835,-74,CSI_DATA,AP,98:F4:AB:29:67:94,-74,11,1,2,1,1,1,0,0,0,0,-96,0,6,1,74385607,0,84,0,0,74.7672,384,[84 -64 4 0 0 0 0 0 0 0 0 0 -7 15 -7 14 -7 14 -9 13 -8 13 -8 12 -9 11 -9 10 -10 12 -7 10 -9 10 -9 10 -8 9 -8 10 -7 8 -7 8 -7 7 -5 6 -4 8 -5 7 -5 8 -5 7 -3 7 -4 8 -5 7 -3 9 0 0 -4 9 -3 9 -3 8 -3 10 -1 10 -2 10 -4 9 -1 9 -2 11 -2 12 -2 10 -2 11 -3 10 -2 10 -3 11 -3 10 -2 8 -2 10 -2 10 -2 10 -2 11 -3 10 -2 11 -3 10 -3 10 -2 10 0 0 0 0 0 0 0 0 0 0 ]
200,1782978760.726324,9.7437,-70,CSI_DATA,AP,98:F4:AB:29:67:94,-70,11,0,0,0,0,0,0,0,0,0,-96,0,6,1,74478553,0,84,0,0,74.8602,128,[84 -64 4 0 0 0 0 0 0 0 0 0 20 -20 22 -18 21 -18 24 -20 23 -17 21 -15 22 -15 20 -12 22 -14 20 -12 21 -14 21 -13 19 -12 18 -13 18 -10 19 -11 16 -10 14 -11 11 -9 12 -9 11 -10 11 -14 9 -12 9 -12 10 -14 11 -15 0 0 8 -16 9 -15 8 -17 7 -18 4 -16 8 -17 7 -18 6 -17 4 -19 7 -17 7 -20 8 -17 6 -19 6 -18 6 -18 6 -18 4 -18 6 -18 4 -17 2 -19 3 -16 4 -17 2 -17 5 -21 4 -15 5 -16 0 0 0 0 0 0 0 0 0 0 ]
201,1782978760.963768,10.9315,-74,CSI_DATA,AP,98:F4:AB:29:67:94,-74,11,1,2,1,1,1,0,0,0,0,-96,0,6,1,74563483,0,84,0,0,74.9451,384,[84 -64 4 0 0 0 0 0 0 0 0 0 -21 -2 -20 -3 -19 -3 -18 -3 -19 -5 -18 -6 -18 -5 -17 -6 -17 -6 -15 -7 -15 -7 -15 -7 -12 -6 -14 -7 -11 -4 -15 -5 -12 -4 -12 -4 -10 -5 -11 -2 -10 -1 -11 -2 -11 -1 -12 -1 -12 -1 -12 0 0 0 -13 0 -13 1 -12 2 -12 2 -11 3 -12 3 -12 2 -13 2 -13 2 -14 3 -14 4 -14 2 -13 3 -13 2 -13 3 -13 4 -12 3 -12 3 -13 3 -12 4 -13 4 -13 3 -13 4 -14 3 -14 3 -13 3 0 0 0 0 0 0 0 0 0 0 ]
202,1782978761.201108,11.1276,-74,CSI_DATA,AP,98:F4:AB:29:67:94,-74,11,1,2,1,1,1,0,0,0,0,-96,0,6,1,74659395,0,84,0,0,75.0409,384,[84 -64 4 0 0 0 0 0 0 0 0 0 -4 17 -5 16 -6 16 -7 15 -6 15 -7 14 -8 14 -8 14 -8 14 -7 13 -7 13 -7 13 -6 13 -7 13 -7 11 -7 12 -6 11 -4 9 -5 9 -5 8 -4 8 -3 8 -2 10 0 10 0 11 -1 11 0 0 1 10 0 11 1 10 2 9 1 10 2 10 1 11 1 11 2 11 1 11 3 13 1 11 2 12 3 11 3 11 3 11 3 9 3 10 3 10 3 10 3 10 4 9 4 9 5 8 5 10 4 9 0 0 0 0 0 0 0 0 0 0 ]
203,1782978761.444936,10.8825,-76,CSI_DATA,AP,98:F4:AB:29:67:94,-76,11,1,4,1,1,1,0,0,0,0,-96,0,6,1,74741229,0,84,0,0,75.1227,384,[84 -64 4 0 0 0 0 0 0 0 0 0 -10 14 -10 13 -10 12 -11 11 -11 12 -11 10 -11 9 -11 9 -11 8 -10 8 -10 8 -11 8 -10 8 -9 8 -9 7 -9 7 -8 6 -8 7 -5 6 -5 7 -5 6 -5 6 -4 9 -4 6 -5 9 -4 9 0 0 -4 9 -4 10 -3 10 -3 9 -3 8 -3 9 -3 10 -1 10 -2 10 -2 11 -5 12 -3 11 -2 10 -2 10 -3 10 -2 10 -2 10 -1 9 -1 10 -2 10 -2 12 -1 11 -2 10 -1 10 -2 10 -3 10 0 0 0 0 0 0 0 0 0 0 ]
204,1782978761.676610,10.0266,-76,CSI_DATA,AP,98:F4:AB:29:67:94,-76,11,1,4,1,1,1,0,0,0,0,-96,0,6,1,74831117,0,84,0,0,75.2127,384,[84 -64 4 0 0 0 0 0 0 0 0 0 -10 -15 -8 -14 -8 -15 -7 -14 -8 -16 -5 -14 -6 -14 -5 -15 -6 -15 -5 -16 -4 -14 -4 -14 -3 -13 -4 -11 -3 -10 -5 -13 -3 -12 -4 -9 -4 -8 -4 -9 -5 -9 -5 -7 -5 -9 -5 -6 -6 -7 -7 -7 0 0 -8 -8 -7 -6 -8 -5 -9 -6 -9 -4 -8 -5 -10 -4 -10 -5 -11 -5 -12 -4 -10 -6 -8 -6 -11 -5 -10 -6 -10 -4 -11 -5 -11 -5 -11 -5 -11 -4 -10 -3 -10 -3 -11 -4 -11 -4 -10 -4 -10 -4 -9 -5 0 0 0 0 0 0 0 0 0 0 ]
205,1782978761.913014,8.8996,-74,CSI_DATA,AP,98:F4:AB:29:67:94,-74,11,1,2,1,1,1,0,0,0,0,-96,0,6,1,74926143,0,84,0,0,75.3077,384,[84 -64 4 0 0 0 0 0 0 0 0 0 13 14 12 14 11 13 10 15 10 13 8 15 7 14 7 13 7 13 5 14 6 14 5 13 5 13 4 13 5 10 4 13 5 10 5 10 3 9 5 9 5 8 5 8 4 7 5 7 4 7 7 7 0 0 6 6 6 6 6 6 7 5 7 4 6 5 7 5 8 5 9 5 9 7 10 5 8 6 8 5 10 4 9 4 8 3 8 4 9 3 10 2 10 3 11 4 9 4 9 5 9 3 9 4 9 2 0 0 0 0 0 0 0 0 0 0 ]
206,1782978762.154633,9.1142,-76,CSI_DATA,AP,98:F4:AB:29:67:94,-76,11,1,4,1,1,1,0,0,0,0,-96,0,6,1,75014093,0,84,0,0,75.3957,384,[84 -64 4 0 0 0 0 0 0 0 0 0 -12 13 -12 13 -13 13 -14 13 -15 11 -15 11 -15 11 -15 9 -12 9 -13 9 -13 10 -15 8 -13 8 -13 8 -10 8 -12 7 -12 7 -9 7 -9 7 -8 8 -9 7 -8 7 -7 7 -8 7 -6 8 -7 8 0 0 -6 8 -4 8 -5 9 -4 8 -5 9 -2 9 -5 11 -4 9 -4 10 -5 11 -4 12 -3 10 -4 10 -5 11 -5 10 -2 11 -3 12 -2 11 -2 11 -3 10 -3 11 -2 11 -2 10 -3 9 -2 9 -3 10 0 0 0 0 0 0 0 0 0 0 ]
207,1782978762.401246,9.3155,-77,CSI_DATA,AP,98:F4:AB:29:67:94,-77,11,1,4,1,1,1,0,0,0,0,-96,0,6,1,75101361,0,84,0,0,75.4829,384,[84 -64 4 0 0 0 0 0 0 0 0 0 12 -13 13 -11 13 -9 11 -10 14 -8 14 -7 13 -8 13 -8 13 -6 12 -6 13 -6 12 -6 13 -6 13 -5 10 -5 10 -4 9 -6 8 -5 8 -4 8 -4 6 -6 6 -6 6 -7 6 -8 7 -7 6 -8 0 0 7 -7 5 -8 4 -9 4 -9 6 -7 5 -8 5 -10 4 -10 4 -12 4 -13 4 -12 5 -10 4 -11 4 -12 2 -10 5 -11 4 -9 2 -10 3 -10 2 -10 2 -11 3 -10 2 -11 2 -11 3 -10 3 -11 0 0 0 0 0 0 0 0 0 0 ]
208,1782978762.638561,9.4304,-70,CSI_DATA,AP,98:F4:AB:29:67:94,-70,11,0,0,0,0,0,0,0,0,0,-96,0,6,1,75195854,0,84,0,0,75.5775,128,[84 -64 4 0 0 0 0 0 0 0 0 0 -6 30 -8 30 -10 30 -9 30 -10 29 -10 26 -10 24 -12 23 -11 24 -11 23 -10 25 -12 23 -11 21 -9 20 -9 19 -10 20 -8 18 -6 17 -6 15 -5 16 -3 16 -2 16 -2 17 -2 18 -1 18 -1 18 0 0 3 17 2 18 4 18 6 19 4 16 6 17 7 17 5 17 9 18 6 19 8 21 6 18 8 20 7 19 7 19 6 19 8 20 7 17 7 16 7 16 7 17 9 17 6 19 10 20 8 17 6 17 0 0 0 0 0 0 0 0 0 0 ]
209,1782978762.874000,9.5989,-76,CSI_DATA,AP,98:F4:AB:29:67:94,-76,11,1,4,1,1,1,0,0,0,0,-96,0,6,1,75281629,0,84,0,0,75.6632,384,[84 -64 4 0 0 0 0 0 0 0 0 0 9 15 8 15 9 16 7 14 7 15 5 15 6 14 4 14 4 14 4 13 4 13 5 13 3 12 3 13 4 12 4 11 3 12 3 11 3 10 4 8 3 8 4 8 7 7 7 7 7 7 7 8 0 0 8 8 6 7 7 9 9 6 7 7 7 7 8 8 9 7 8 7 10 8 12 8 8 7 10 8 9 7 9 7 9 6 9 7 9 6 9 4 9 6 10 7 8 6 9 7 9 7 8 5 9 6 0 0 0 0 0 0 0 0 0 0 ]
210,1782978763.112406,9.9726,-76,CSI_DATA,AP,98:F4:AB:29:67:94,-76,11,1,4,1,1,1,0,0,0,0,-96,0,6,1,75373694,0,84,0,0,75.7552,384,[84 -64 4 0 0 0 0 0 0 0 0 0 -17 -9 -15 -9 -15 -9 -13 -7 -12 -10 -13 -10 -12 -10 -11 -10 -11 -9 -10 -8 -11 -7 -11 -8 -10 -8 -10 -9 -8 -8 -10 -7 -8 -9 -9 -6 -6 -7 -7 -4 -9 -5 -8 -5 -7 -4 -9 -4 -9 -3 -9 -1 0 0 -10 -2 -9 -3 -9 0 -9 -1 -10 -2 -10 -1 -11 -1 -11 1 -12 0 -12 1 -12 0 -11 0 -10 0 -11 1 -11 0 -10 1 -10 1 -11 1 -10 0 -11 2 -10 2 -10 2 -10 2 -10 2 -10 1 -9 1 0 0 0 0 0 0 0 0 0 0 ]
211,1782978763.348361,10.7040,-74,CSI_DATA,AP,98:F4:AB:29:67:94,-74,11,1,2,1,1,1,0,0,0,0,-96,0,6,1,75463667,0,84,0,0,75.8452,384,[84 -64 4 0 0 0 0 0 0 0 0 0 -14 -12 -11 -13 -13 -13 -11 -13 -12 -13 -10 -13 -9 -14 -8 -14 -9 -13 -7 -13 -10 -13 -8 -12 -7 -11 -7 -12 -7 -10 -7 -11 -7 -11 -6 -9 -6 -9 -7 -8 -6 -7 -6 -7 -6 -6 -8 -6 -8 -7 -9 -7 0 0 -8 -6 -11 -5 -10 -6 -10 -5 -9 -4 -10 -5 -12 -4 -11 -4 -12 -4 -13 -4 -12 -4 -10 -5 -11 -6 -11 -4 -13 -5 -11 -4 -12 -4 -10 -3 -12 -4 -11 -3 -12 -2 -12 -3 -11 -4 -11 -4 -10 -4 -11 -3 0 0 0 0 0 0 0 0 0 0 ]
212,1782978763.584415,10.5134,-74,CSI_DATA,AP,98:F4:AB:29:67:94,-74,11,1,2,1,1,1,0,0,0,0,-96,0,6,1,75552456,0,84,0,0,75.934,384,[84 -64 4 0 0 0 0 0 0 0 0 0 -17 9 -16 8 -17 7 -15 7 -16 7 -15 5 -16 6 -14 3 -14 4 -14 2 -14 3 -14 3 -13 2 -12 2 -12 3 -13 4 -11 2 -11 4 -9 3 -9 3 -9 4 -8 4 -9 4 -8 5 -8 6 -8 4 0 0 -9 5 -9 7 -8 7 -6 8 -7 7 -7 8 -8 8 -8 7 -6 9 -9 8 -9 10 -8 7 -7 8 -7 8 -7 9 -8 9 -7 9 -6 9 -5 9 -7 8 -7 8 -7 9 -8 8 -7 9 -7 8 -6 7 0 0 0 0 0 0 0 0 0 0 ]
213,1782978763.817252,9.6416,-76,CSI_DATA,AP,98:F4:AB:29:67:94,-76,11,1,4,1,1,1,0,0,0,0,-96,0,6,1,75645139,0,84,0,0,76.0267,384,[84 -64 4 0 0 0 0 0 0 0 0 0 17 -6 14 -6 17 -2 14 -3 15 -4 13 -3 13 -2 12 0 12 -1 13 1 12 -1 12 -1 12 0 10 -1 11 -1 11 -1 11 -1 10 -1 8 -1 8 -2 8 -3 9 -2 8 -3 9 -3 8 -4 9 -4 0 0 8 -3 8 -5 8 -5 8 -5 7 -6 8 -4 6 -6 8 -6 8 -8 9 -8 8 -8 8 -5 8 -8 7 -5 9 -7 8 -8 7 -7 8 -6 7 -7 7 -8 8 -6 8 -7 7 -5 8 -7 7 -8 7 -6 0 0 0 0 0 0 0 0 0 0 ]
214,1782978764.053750,9.5542,-76,CSI_DATA,AP,98:F4:AB:29:67:94,-76,11,1,4,1,1,1,0,0,0,0,-96,0,6,1,75733060,0,84,0,0,76.1146,384,[84 -64 4 0 0 0 0 0 0 0 0 0 -18 -6 -17 -7 -16 -6 -13 -7 -15 -8 -14 -7 -15 -9 -13 -8 -12 -9 -13 -7 -13 -6 -13 -9 -12 -7 -10 -8 -10 -6 -11 -8 -10 -5 -12 -5 -10 -5 -10 -5 -10 -2 -11 -2 -11 -1 -11 -2 -10 0 -11 0 0 0 -13 0 -11 0 -12 0 -11 0 -10 1 -12 2 -12 2 -11 1 -12 2 -12 3 -13 3 -14 1 -13 1 -13 1 -13 3 -13 2 -11 3 -14 4 -13 3 -12 2 -13 3 -12 2 -13 2 -12 2 -11 1 -11 1 0 0 0 0 0 0 0 0 0 0 ]
215,1782978764.291758,9.4943,-77,CSI_DATA,AP,98:F4:AB:29:67:94,-77,11,1,4,1,1,1,0,0,0,0,-96,0,6,1,75823118,0,84,0,0,76.2047,384,[84 -64 4 0 0 0 0 0 0 0 0 0 -5 -17 -5 -15 -3 -16 -4 -14 -3 -15 -2 -15 -1 -16 -1 -14 0 -15 1 -13 -1 -14 0 -14 -2 -14 -1 -12 -1 -11 1 -13 -1 -12 -1 -10 -1 -9 -1 -9 -2 -10 -2 -10 -2 -10 -5 -8 -4 -9 -3 -10 0 0 -4 -11 -5 -10 -3 -10 -5 -10 -4 -9 -5 -10 -5 -10 -5 -10 -6 -11 -7 -10 -7 -11 -4 -9 -6 -11 -6 -10 -5 -9 -5 -10 -5 -10 -6 -9 -5 -9 -6 -10 -5 -11 -5 -10 -5 -10 -6 -8 -5 -8 -4 -10 0 0 0 0 0 0 0 0 0 0 ]
216,1782978764.531267,10.5605,-74,CSI_DATA,AP,98:F4:AB:29:67:94,-74,11,1,2,1,1,1,0,0,0,0,-96,0,6,1,75912367,0,84,0,0,76.2939,384,[84 -64 4 0 0 0 0 0 0 0 0 0 -18 7 -17 7 -18 7 -16 6 -17 6 -15 4 -16 4 -15 3 -15 3 -16 1 -16 1 -15 0 -15 0 -14 0 -11 1 -14 2 -13 0 -12 2 -9 2 -10 3 -9 3 -9 5 -9 4 -9 4 -10 5 -9 5 0 0 -9 5 -8 6 -7 6 -8 7 -7 7 -8 7 -8 9 -8 8 -9 8 -9 9 -10 8 -9 6 -9 8 -8 8 -10 8 -8 8 -8 8 -7 6 -7 9 -6 9 -9 7 -7 8 -8 9 -7 9 -7 6 -7 7 0 0 0 0 0 0 0 0 0 0 ]
217,1782978764.768684,11.0199,-76,CSI_DATA,AP,98:F4:AB:29:67:94,-76,11,1,4,1,1,1,0,0,0,0,-96,0,6,1,76005181,0,84,0,0,76.3868,384,[84 -64 4 0 0 0 0 0 0 0 0 0 18 1 17 1 16 1 17 1 16 1 16 3 17 3 14 4 14 4 14 4 15 3 13 2 13 2 11 3 12 2 10 4 12 2 9 2 9 2 9 0 7 0 9 0 10 -1 10 -1 11 -1 11 -1 0 0 10 -3 10 -2 10 -3 11 -3 11 -2 10 -3 11 -4 11 -5 11 -3 10 -4 11 -5 13 -4 12 -3 10 -3 11 -4 10 -4 10 -3 11 -4 10 -5 9 -4 9 -3 11 -5 10 -4 9 -4 10 -3 10 -5 0 0 0 0 0 0 0 0 0 0 ]
218,1782978765.003631,10.6841,-76,CSI_DATA,AP,98:F4:AB:29:67:94,-76,11,1,4,1,1,1,0,0,0,0,-96,0,6,1,76093966,0,84,0,0,76.4755,384,[84 -64 4 0 0 0 0 0 0 0 0 0 -14 13 -14 11 -15 11 -14 10 -15 10 -14 9 -15 8 -15 8 -16 7 -14 7 -13 7 -14 8 -14 6 -13 6 -14 7 -13 6 -12 5 -10 5 -11 4 -10 4 -10 4 -8 6 -8 5 -9 8 -8 6 -9 9 0 0 -9 7 -9 8 -8 7 -8 6 -8 9 -6 9 -6 8 -6 10 -8 10 -8 10 -7 11 -7 9 -8 10 -7 9 -6 10 -7 9 -7 8 -6 9 -7 10 -6 10 -5 10 -6 9 -5 9 -5 8 -6 7 -5 9 0 0 0 0 0 0 0 0 0 0 ]
219,1782978765.236134,9.9189,-76,CSI_DATA,AP,98:F4:AB:29:67:94,-76,11,1,4,1,1,1,0,0,0,0,-96,0,6,1,76182505,0,84,0,0,76.564,384,[84 -64 4 0 0 0 0 0 0 0 0 0 14 -9 15 -9 15 -10 14 -9 14 -8 13 -8 15 -6 13 -6 14 -6 12 -4 14 -6 13 -5 12 -4 12 -4 11 -4 13 -5 11 -4 9 -3 9 -4 7 -3 8 -5 8 -5 7 -5 7 -5 7 -6 7 -7 0 0 7 -7 7 -7 8 -6 6 -5 6 -7 5 -8 6 -8 5 -8 6 -8 6 -10 7 -8 6 -8 7 -9 6 -9 6 -8 6 -8 5 -9 6 -8 5 -7 4 -8 6 -9 5 -9 4 -9 5 -8 5 -9 5 -7 0 0 0 0 0 0 0 0 0 0 ]
220,1782978765.508323,10.0002,-76,CSI_DATA,AP,98:F4:AB:29:67:94,-76,11,1,4,1,1,1,0,0,0,0,-96,0,6,1,76273053,0,84,0,0,76.6546,384,[84 -64 4 0 0 0 0 0 0 0 0 0 13 8 11 10 13 10 9 10 12 10 11 9 10 9 9 8 10 8 9 9 8 11 9 9 9 10 8 8 7 9 9 8 8 6 7 6 8 7 8 4 7 5 7 5 7 5 7 5 9 5 8 5 0 0 10 3 9 4 9 2 10 3 7 3 10 3 10 3 10 3 11 3 13 3 11 3 11 5 9 2 10 3 10 1 11 2 9 1 9 2 10 0 10 0 10 1 10 0 9 0 11 2 8 2 8 2 0 0 0 0 0 0 0 0 0 0 ]
221,1782978765.763196,9.5366,-76,CSI_DATA,AP,98:F4:AB:29:67:94,-76,11,1,4,1,1,1,0,0,0,0,-96,0,6,1,76362683,0,84,0,0,76.7442,384,[84 -64 4 0 0 0 0 0 0 0 0 0 6 17 3 16 3 18 2 16 3 16 2 15 1 16 -2 15 0 15 -1 16 0 13 -1 16 0 14 0 14 -2 12 -1 13 0 13 0 11 0 11 1 9 0 9 3 10 2 9 4 9 2 9 5 9 0 0 6 10 5 9 4 10 7 9 6 10 5 10 6 10 7 9 6 11 8 10 9 10 7 11 8 11 6 11 7 10 8 9 6 10 8 9 6 9 7 8 8 9 5 8 6 10 9 9 7 8 6 8 0 0 0 0 0 0 0 0 0 0 ]
222,1782978766.015680,9.8543,-76,CSI_DATA,AP,98:F4:AB:29:67:94,-76,11,1,4,1,1,1,0,0,0,0,-96,0,6,1,76452029,0,84,0,0,76.8336,384,[84 -64 4 0 0 0 0 0 0 0 0 0 15 -9 15 -8 16 -6 16 -7 13 -7 16 -5 15 -4 14 -3 16 -3 12 -4 14 -3 13 -4 13 -3 13 -3 11 -2 11 -2 12 -3 11 -3 9 -3 8 -3 8 -3 8 -4 8 -5 9 -6 8 -7 9 -6 0 0 9 -6 8 -8 8 -7 8 -7 7 -8 7 -8 10 -9 8 -9 7 -9 8 -9 8 -10 9 -8 9 -9 9 -10 7 -9 8 -9 7 -10 8 -9 6 -10 9 -8 8 -8 8 -9 7 -8 7 -9 9 -7 9 -8 0 0 0 0 0 0 0 0 0 0 ]
223,1782978766.272123,9.7492,-76,CSI_DATA,AP,98:F4:AB:29:67:94,-76,11,1,4,1,1,1,0,0,0,0,-96,0,6,1,76543074,0,84,0,0,76.9246,384,[84 -64 4 0 0 0 0 0 0 0 0 0 11 14 12 14 10 13 11 14 11 14 10 14 8 14 8 13 7 14 7 11 7 14 7 11 6 13 6 12 5 10 4 9 5 10 5 7 5 8 6 6 5 8 6 5 6 6 9 6 8 6 8 7 0 0 9 5 9 5 11 6 11 4 8 5 10 5 10 5 12 5 11 5 11 4 11 5 11 6 12 4 11 5 11 5 10 3 9 3 10 5 10 4 9 4 11 6 11 5 10 4 10 4 10 5 9 5 0 0 0 0 0 0 0 0 0 0 ]
224,1782978766.535591,10.7590,-74,CSI_DATA,AP,98:F4:AB:29:67:94,-74,11,1,2,1,1,1,0,0,0,0,-96,0,6,1,76636629,0,84,0,0,77.0182,384,[84 -64 4 0 0 0 0 0 0 0 0 0 -18 -8 -15 -9 -16 -9 -15 -10 -13 -10 -14 -11 -13 -9 -13 -8 -13 -10 -11 -9 -12 -9 -12 -10 -12 -8 -9 -8 -9 -8 -10 -8 -9 -6 -9 -6 -9 -6 -10 -5 -9 -4 -10 -3 -9 -4 -10 -3 -11 -3 -10 -2 0 0 -12 -2 -13 -1 -10 -1 -10 0 -13 0 -12 -1 -12 0 -13 1 -13 0 -14 1 -14 1 -12 -1 -14 0 -12 -1 -13 1 -13 0 -12 0 -12 1 -11 3 -12 3 -13 2 -12 1 -14 2 -12 2 -10 0 -12 0 0 0 0 0 0 0 0 0 0 0 ]
225,1782978766.776421,11.5778,-76,CSI_DATA,AP,98:F4:AB:29:67:94,-76,11,1,4,1,1,1,0,0,0,0,-96,0,6,1,76724197,0,84,0,0,77.1058,384,[84 -64 4 0 0 0 0 0 0 0 0 0 -18 -9 -15 -11 -16 -10 -16 -10 -16 -9 -15 -12 -13 -10 -12 -10 -13 -11 -11 -10 -12 -9 -12 -11 -11 -10 -11 -9 -10 -8 -10 -7 -9 -6 -8 -7 -10 -6 -8 -6 -9 -6 -11 -4 -10 -3 -9 -4 -11 -4 -11 -3 0 0 -12 -4 -11 -4 -11 -2 -11 -1 -11 -2 -10 -4 -13 -2 -13 0 -11 -1 -11 -2 -13 0 -13 -1 -13 0 -13 -1 -13 -2 -13 0 -12 1 -12 -1 -12 -1 -13 0 -14 2 -12 -2 -13 -2 -16 0 -12 -3 -12 -1 0 0 0 0 0 0 0 0 0 0 ]
226,1782978767.002208,11.2021,-76,CSI_DATA,AP,98:F4:AB:29:67:94,-76,11,1,4,1,1,1,0,0,0,0,-96,0,6,1,76817432,0,84,0,0,77.199,384,[84 -64 4 0 0 0 0 0 0 0 0 0 11 -14 11 -13 11 -10 11 -10 10 -9 12 -11 13 -8 11 -8 11 -7 9 -7 12 -8 10 -7 11 -5 9 -6 8 -7 10 -4 9 -6 7 -5 8 -6 7 -5 8 -5 6 -5 6 -7 5 -7 6 -8 5 -9 0 0 5 -7 5 -7 5 -8 4 -8 5 -8 4 -10 4 -8 5 -7 6 -11 3 -11 4 -10 4 -10 4 -9 3 -9 5 -9 4 -10 2 -8 4 -10 5 -10 3 -11 4 -10 4 -10 2 -10 3 -10 2 -10 3 -9 0 0 0 0 0 0 0 0 0 0 ]
227,1782978767.231078,11.1236,-76,CSI_DATA,AP,98:F4:AB:29:67:94,-76,11,1,4,1,1,1,0,0,0,0,-96,0,6,1,76900896,0,84,0,0,77.2824,384,[84 -64 4 0 0 0 0 0 0 0 0 0 -12 14 -12 13 -13 15 -11 13 -12 11 -12 11 -13 10 -12 11 -13 10 -12 9 -12 10 -13 8 -10 7 -10 9 -10 8 -11 8 -9 7 -8 8 -8 7 -7 7 -8 8 -5 8 -7 8 -6 9 -6 9 -6 8 0 0 -4 10 -3 10 -4 10 -2 10 -4 10 -3 12 -4 10 -3 12 -3 12 -4 13 -3 12 -3 11 -2 12 -2 12 -3 12 -3 11 -2 12 -2 11 -1 12 -2 11 -2 13 -2 11 -1 13 -2 10 -3 10 -2 10 0 0 0 0 0 0 0 0 0 0 ]
228,1782978767.459826,11.0770,-76,CSI_DATA,AP,98:F4:AB:29:67:94,-76,11,1,4,1,1,1,0,0,0,0,-96,0,6,1,76993083,0,84,0,0,77.3746,384,[84 -64 4 0 0 0 0 0 0 0 0 0 -9 -17 -8 -16 -8 -18 -8 -15 -7 -15 -6 -17 -5 -16 -5 -16 -6 -15 -5 -14 -3 -16 -3 -16 -4 -15 -3 -14 -3 -11 -4 -14 -4 -14 -4 -13 -4 -10 -4 -9 -4 -9 -6 -9 -6 -10 -6 -9 -5 -10 -6 -9 0 0 -6 -9 -7 -9 -7 -7 -8 -9 -9 -9 -10 -9 -9 -9 -9 -8 -9 -10 -11 -9 -9 -10 -9 -9 -8 -9 -10 -9 -9 -9 -9 -8 -10 -9 -9 -9 -9 -8 -10 -9 -10 -9 -10 -7 -10 -8 -10 -10 -8 -10 -8 -8 0 0 0 0 0 0 0 0 0 0 ]
229,1782978767.685956,11.8210,-76,CSI_DATA,AP,98:F4:AB:29:67:94,-76,11,1,4,1,1,1,0,0,0,0,-96,0,6,1,77081710,0,84,0,0,77.4633,384,[84 -64 4 0 0 0 0 0 0 0 0 0 -15 -11 -14 -11 -16 -11 -13 -10 -11 -12 -12 -11 -11 -12 -11 -12 -10 -12 -11 -10 -9 -13 -11 -12 -9 -12 -9 -10 -9 -11 -8 -9 -8 -9 -9 -9 -6 -8 -8 -7 -8 -8 -8 -8 -9 -7 -11 -7 -11 -6 -9 -6 0 0 -12 -6 -10 -6 -9 -7 -10 -6 -11 -5 -11 -6 -11 -5 -11 -6 -11 -7 -12 -7 -13 -5 -13 -7 -12 -6 -13 -7 -10 -7 -12 -6 -11 -6 -10 -6 -13 -6 -11 -7 -12 -6 -11 -6 -10 -7 -12 -4 -12 -5 -10 -4 0 0 0 0 0 0 0 0 0 0 ]
230,1782978767.918815,10.9526,-76,CSI_DATA,AP,98:F4:AB:29:67:94,-76,11,1,4,1,1,1,0,0,0,0,-96,0,6,1,77173600,0,84,0,0,77.5552,384,[84 -64 4 0 0 0 0 0 0 0 0 0 14 -11 15 -10 12 -10 13 -8 14 -7 13 -8 13 -7 14 -6 12 -6 12 -7 12 -7 11 -7 11 -5 11 -6 12 -6 11 -6 10 -6 10 -7 8 -7 8 -5 7 -7 7 -6 7 -7 7 -9 6 -8 8 -9 0 0 7 -8 7 -8 6 -9 6 -10 5 -8 7 -9 8 -10 6 -10 7 -11 7 -12 6 -11 7 -11 6 -11 9 -10 7 -12 8 -11 7 -10 6 -11 7 -10 8 -11 6 -11 7 -11 6 -10 6 -10 7 -10 8 -9 0 0 0 0 0 0 0 0 0 0 ]
231,1782978768.155922,10.7576,-76,CSI_DATA,AP,98:F4:AB:29:67:94,-76,11,1,4,1,1,1,0,0,0,0,-96,0,6,1,77261005,0,84,0,0,77.6426,384,[84 -64 4 0 0 0 0 0 0 0 0 0 -3 17 -4 17 -3 15 -2 16 -4 15 -4 14 -5 14 -5 14 -5 14 -4 14 -4 15 -7 13 -4 12 -5 11 -3 11 -4 11 -5 10 -2 10 -3 9 -2 9 -1 10 1 10 -1 8 0 11 0 11 1 11 0 0 3 11 2 10 1 13 3 12 2 11 3 13 2 12 4 12 4 13 2 13 4 13 3 13 2 11 2 12 2 12 3 11 3 11 3 12 3 10 4 10 3 11 3 11 2 12 3 11 1 11 2 11 0 0 0 0 0 0 0 0 0 0 ]
232,1782978768.385398,10.6570,-74,CSI_DATA,AP,98:F4:AB:29:67:94,-74,11,1,2,1,1,1,0,0,0,0,-96,0,6,1,77354411,0,84,0,0,77.736,384,[84 -64 4 0 0 0 0 0 0 0 0 0 15 -9 15 -8 15 -7 16 -7 16 -7 15 -5 14 -5 14 -5 13 -5 12 -4 13 -4 14 -3 13 -3 12 -4 11 -5 12 -5 10 -5 10 -4 10 -4 8 -5 9 -6 8 -6 8 -7 8 -8 8 -7 8 -8 0 0 7 -8 8 -9 7 -9 7 -9 7 -10 7 -10 7 -10 7 -10 7 -10 7 -11 8 -12 7 -10 8 -10 6 -10 8 -11 6 -10 7 -10 7 -10 6 -10 6 -11 7 -10 5 -9 7 -9 5 -10 6 -9 5 -8 0 0 0 0 0 0 0 0 0 0 ]
233,1782978768.617448,11.0812,-74,CSI_DATA,AP,98:F4:AB:29:67:94,-74,11,1,2,1,1,1,0,0,0,0,-96,0,6,1,77447645,0,84,0,0,77.8292,384,[84 -64 4 0 0 0 0 0 0 0 0 0 -15 6 -15 5 -18 5 -15 4 -17 3 -14 3 -14 4 -15 1 -14 3 -12 2 -13 1 -13 1 -13 2 -13 1 -11 -1 -13 2 -11 3 -11 4 -9 1 -10 3 -8 4 -9 5 -9 3 -10 4 -10 6 -10 4 0 0 -9 5 -10 6 -8 6 -10 7 -9 6 -10 7 -11 5 -10 5 -10 8 -10 8 -11 9 -11 7 -9 6 -9 7 -9 7 -10 8 -10 7 -7 9 -9 7 -9 6 -7 7 -8 7 -10 5 -11 7 -9 6 -9 6 0 0 0 0 0 0 0 0 0 0 ]
234,1782978768.843329,10.9727,-76,CSI_DATA,AP,98:F4:AB:29:67:94,-76,11,1,4,1,1,1,0,0,0,0,-96,0,6,1,77532307,0,84,0,0,77.9139,384,[84 -64 4 0 0 0 0 0 0 0 0 0 11 -12 12 -13 11 -12 10 -10 13 -11 11 -10 13 -9 13 -11 12 -10 12 -8 13 -10 11 -7 12 -9 12 -9 10 -5 11 -6 9 -5 8 -7 7 -7 7 -6 8 -7 9 -7 8 -8 8 -8 8 -7 8 -9 0 0 7 -7 6 -11 6 -9 6 -9 7 -8 5 -10 7 -11 6 -10 7 -11 6 -11 7 -11 6 -10 8 -10 6 -10 8 -10 6 -11 7 -10 5 -11 5 -11 6 -10 5 -10 8 -9 6 -10 5 -10 5 -10 8 -9 0 0 0 0 0 0 0 0 0 0 ]
235,1782978769.070361,10.0419,-76,CSI_DATA,AP,98:F4:AB:29:67:94,-76,11,1,4,1,1,1,0,0,0,0,-96,0,6,1,77622556,0,84,0,0,78.004,384,[84 -64 4 0 0 0 0 0 0 0 0 0 -13 8 -15 9 -14 6 -14 6 -13 6 -13 6 -13 5 -12 6 -13 5 -11 5 -13 6 -12 4 -12 3 -10 5 -10 4 -12 4 -11 2 -10 3 -9 4 -9 4 -9 4 -9 4 -9 5 -9 7 -8 5 -9 7 0 0 -8 7 -7 6 -7 7 -8 8 -8 8 -6 7 -7 7 -6 9 -7 9 -6 9 -7 9 -6 8 -7 8 -7 8 -7 8 -6 8 -7 9 -7 8 -6 9 -7 9 -6 10 -6 8 -6 9 -6 9 -5 9 -8 9 0 0 0 0 0 0 0 0 0 0 ]
236,1782978769.299450,9.1679,-76,CSI_DATA,AP,98:F4:AB:29:67:94,-76,11,1,4,1,1,1,0,0,0,0,-96,0,6,1,77715544,0,84,0,0,78.0971,384,[84 -64 4 0 0 0 0 0 0 0 0 0 18 2 16 5 15 3 16 4 15 3 15 5 15 5 14 5 13 5 13 7 12 5 12 5 11 7 11 5 10 5 11 4 10 5 11 3 10 1 9 1 9 1 9 1 10 0 10 1 9 2 10 0 0 0 11 -2 11 0 10 -3 10 -3 8 -1 11 -2 12 -2 11 -4 11 -4 13 -4 12 -5 11 -2 10 -2 11 -2 12 -3 10 -5 12 -3 10 -5 11 -5 11 -5 11 -4 9 -5 13 -5 11 -5 10 -3 10 -3 0 0 0 0 0 0 0 0 0 0 ]
237,1782978769.529743,9.3955,-76,CSI_DATA,AP,98:F4:AB:29:67:94,-76,11,1,4,1,1,1,0,0,0,0,-96,0,6,1,77802900,0,84,0,0,78.1845,384,[84 -64 4 0 0 0 0 0 0 0 0 0 12 -13 11 -12 11 -11 12 -11 12 -10 12 -9 13 -7 11 -7 12 -7 10 -7 10 -8 12 -7 10 -7 11 -7 8 -6 10 -7 9 -6 7 -5 8 -6 6 -6 6 -6 6 -7 6 -7 7 -6 6 -8 5 -8 0 0 7 -8 5 -8 4 -8 3 -10 4 -8 4 -10 5 -9 3 -10 3 -10 4 -9 5 -12 3 -10 3 -10 5 -10 3 -10 3 -11 3 -10 2 -10 3 -10 2 -10 3 -10 3 -10 3 -10 1 -10 5 -11 3 -10 0 0 0 0 0 0 0 0 0 0 ]
238,1782978769.757155,10.0957,-77,CSI_DATA,AP,98:F4:AB:29:67:94,-77,11,1,3,1,1,1,0,0,0,0,-96,0,6,1,77891193,0,84,0,0,78.2728,384,[84 -64 4 0 0 0 0 0 0 0 0 0 -15 -10 -14 -9 -15 -11 -13 -10 -13 -9 -14 -9 -12 -9 -11 -9 -10 -10 -9 -10 -12 -12 -10 -10 -11 -9 -8 -9 -11 -9 -9 -8 -9 -8 -9 -8 -8 -7 -7 -6 -9 -7 -9 -3 -10 -4 -10 -3 -10 -4 -11 -4 0 0 -10 -3 -10 -1 -10 -1 -12 -1 -9 -3 -12 -2 -11 -3 -12 -2 -13 -2 -12 -2 -14 -4 -13 -1 -13 -2 -12 -2 -12 -3 -12 -1 -11 -1 -13 -3 -11 -2 -12 0 -11 -1 -12 -1 -13 -1 -11 -3 -12 -1 -11 -3 0 0 0 0 0 0 0 0 0 0 ]
239,1782978769.989020,10.9558,-76,CSI_DATA,AP,98:F4:AB:29:67:94,-76,11,1,3,1,1,1,0,0,0,0,-96,0,6,1,77981077,0,84,0,0,78.3626,384,[84 -64 4 0 0 0 0 0 0 0 0 0 12 -12 14 -10 14 -11 12 -9 12 -10 11 -9 13 -8 13 -6 12 -9 13 -7 12 -7 12 -7 13 -6 12 -6 11 -6 11 -7 10 -6 9 -6 9 -7 7 -7 7 -6 8 -8 7 -8 8 -8 8 -8 7 -10 0 0 6 -9 8 -10 7 -9 5 -10 6 -11 5 -10 7 -11 6 -11 6 -12 5 -14 7 -13 6 -13 5 -11 5 -10 5 -12 4 -11 4 -11 4 -10 5 -12 5 -11 3 -12 4 -12 4 -12 6 -11 6 -11 5 -11 0 0 0 0 0 0 0 0 0 0 ]
240,1782978770.216909,10.5660,-75,CSI_DATA,AP,98:F4:AB:29:67:94,-75,11,1,3,1,1,1,0,0,0,0,-96,0,6,1,78071028,0,84,0,0,78.4526,384,[84 -64 4 0 0 0 0 0 0 0 0 0 -3 16 -3 16 -5 16 -5 15 -7 15 -5 14 -6 14 -6 13 -6 13 -7 11 -6 13 -7 11 -5 12 -6 11 -6 10 -7 12 -4 9 -5 9 -5 9 -4 8 -4 8 -4 9 -2 10 -2 10 -2 10 -1 9 0 0 -1 10 0 11 0 9 0 11 0 9 0 10 -1 10 -1 10 0 11 2 11 1 11 0 11 1 10 -1 10 1 11 2 10 1 10 0 9 1 10 2 9 2 10 1 10 1 10 2 9 0 9 0 9 0 0 0 0 0 0 0 0 0 0 ]
241,1782978770.452321,11.1092,-74,CSI_DATA,AP,98:F4:AB:29:67:94,-74,11,1,2,1,1,1,0,0,0,0,-96,0,6,1,78165675,0,84,0,0,78.5472,384,[84 -64 4 0 0 0 0 0 0 0 0 0 -1 -19 -1 -17 -1 -17 0 -17 1 -17 1 -16 2 -15 3 -15 1 -13 2 -14 3 -15 3 -13 2 -13 2 -12 3 -12 3 -13 1 -11 1 -11 2 -10 1 -10 0 -9 0 -10 -1 -11 -1 -12 -1 -11 -1 -11 0 0 -2 -12 -1 -13 -3 -11 -3 -12 -3 -11 -2 -12 -2 -12 -2 -12 -2 -13 -4 -14 -3 -13 -1 -12 -3 -13 -1 -12 -2 -13 -3 -11 -3 -10 -2 -12 -2 -11 -3 -13 -2 -12 -2 -10 -4 -12 -4 -11 -3 -12 -3 -10 0 0 0 0 0 0 0 0 0 0 ]
242,1782978770.682308,11.0965,-74,CSI_DATA,AP,98:F4:AB:29:67:94,-74,11,1,2,1,1,1,0,0,0,0,-96,0,6,1,78255595,0,84,0,0,78.6372,384,[84 -64 4 0 0 0 0 0 0 0 0 0 11 12 8 13 8 13 8 13 9 13 6 12 6 14 5 12 4 14 5 11 6 13 6 11 5 11 6 11 5 10 6 11 5 10 5 10 4 9 4 8 6 9 6 7 6 7 8 7 8 7 9 8 0 0 8 7 9 6 10 7 9 6 8 6 10 6 9 8 10 6 11 8 11 5 11 6 10 6 10 6 11 6 10 7 10 6 10 6 9 4 10 5 11 5 12 5 11 6 9 6 10 4 10 5 10 5 0 0 0 0 0 0 0 0 0 0 ]
243,1782978770.909442,11.9008,-76,CSI_DATA,AP,98:F4:AB:29:67:94,-76,11,1,3,1,1,1,0,0,0,0,-96,0,6,1,78343178,0,84,0,0,78.7247,384,[84 -64 4 0 0 0 0 0 0 0 0 0 12 12 11 11 10 13 10 13 10 13 10 12 9 14 8 13 8 14 8 12 8 12 6 13 6 9 7 12 7 11 6 11 6 10 4 12 3 8 6 8 6 8 7 7 8 7 7 9 8 9 10 7 0 0 9 6 9 7 8 7 8 6 9 6 10 6 9 5 10 6 10 7 11 4 11 6 11 6 11 5 11 6 11 5 11 5 11 4 11 4 11 5 11 2 9 5 11 5 10 4 11 5 9 5 8 5 0 0 0 0 0 0 0 0 0 0 ]
244,1782978771.138075,10.2907,-77,CSI_DATA,AP,98:F4:AB:29:67:94,-77,11,1,3,1,1,1,0,0,0,0,-96,0,6,1,78431931,0,84,0,0,78.8135,384,[84 -64 4 0 0 0 0 0 0 0 0 0 -13 7 -14 6 -15 4 -15 5 -14 5 -15 4 -14 3 -15 3 -14 4 -13 3 -13 3 -13 3 -11 2 -12 2 -12 1 -13 2 -10 3 -10 3 -9 3 -9 3 -10 2 -7 4 -8 6 -8 5 -8 4 -8 5 0 0 -8 7 -7 6 -7 6 -8 7 -7 6 -6 7 -6 5 -6 6 -7 8 -8 8 -7 8 -8 7 -7 8 -7 8 -8 8 -6 8 -8 8 -5 8 -5 7 -5 7 -5 8 -6 9 -7 7 -5 8 -6 8 -5 7 0 0 0 0 0 0 0 0 0 0 ]
245,1782978771.367464,9.8446,-76,CSI_DATA,AP,98:F4:AB:29:67:94,-76,11,1,3,1,1,1,0,0,0,0,-96,0,6,1,78522010,0,84,0,0,78.9036,384,[84 -64 4 0 0 0 0 0 0 0 0 0 -14 -3 -15 -4 -15 -5 -16 -5 -15 -6 -13 -6 -12 -7 -13 -6 -12 -4 -12 -7 -11 -4 -11 -5 -11 -5 -13 -6 -11 -5 -11 -6 -9 -6 -9 -5 -9 -4 -9 -3 -10 -3 -8 -4 -10 -1 -10 -1 -10 -2 -11 -2 0 0 -11 -1 -9 0 -10 -1 -10 0 -11 -1 -11 0 -10 0 -11 0 -12 0 -12 0 -11 1 -11 1 -13 0 -11 0 -12 -1 -12 1 -11 0 -11 1 -11 1 -10 2 -11 1 -11 0 -10 1 -12 2 -11 -1 -11 0 0 0 0 0 0 0 0 0 0 0 ]
246,1782978771.596058,9.5444,-76,CSI_DATA,AP,98:F4:AB:29:67:94,-76,11,1,3,1,1,1,0,0,0,0,-96,0,6,1,78612077,0,84,0,0,78.9936,384,[84 -64 4 0 0 0 0 0 0 0 0 0 11 13 11 17 9 15 8 14 7 15 7 15 6 14 6 15 5 14 5 14 5 14 7 14 4 12 5 13 4 13 5 13 4 12 6 10 6 10 5 7 5 9 5 8 6 9 5 8 7 7 7 7 0 0 7 8 7 6 7 7 6 7 9 6 8 5 9 6 8 4 11 6 11 5 11 4 9 6 10 5 11 6 10 5 9 5 9 6 9 4 9 5 11 4 10 5 11 5 9 4 8 5 9 5 8 4 0 0 0 0 0 0 0 0 0 0 ]
247,1782978771.824048,10.3795,-76,CSI_DATA,AP,98:F4:AB:29:67:94,-76,11,1,3,1,1,1,0,0,0,0,-96,0,6,1,78702228,0,84,0,0,79.0838,384,[84 -64 4 0 0 0 0 0 0 0 0 0 13 -13 14 -14 14 -9 13 -10 14 -10 13 -11 14 -8 14 -7 13 -7 12 -8 11 -8 13 -9 12 -9 12 -6 11 -7 11 -5 10 -5 10 -7 9 -6 10 -5 8 -7 8 -7 7 -8 7 -9 8 -8 6 -9 0 0 7 -7 6 -9 5 -9 6 -10 5 -10 5 -11 7 -11 7 -11 6 -10 5 -12 7 -11 6 -11 6 -11 6 -10 7 -10 7 -11 5 -11 6 -11 6 -11 4 -11 5 -11 7 -11 6 -11 6 -10 7 -9 5 -9 0 0 0 0 0 0 0 0 0 0 ]
248,1782978772.051246,10.5193,-76,CSI_DATA,AP,98:F4:AB:29:67:94,-76,11,1,3,1,1,1,0,0,0,0,-96,0,6,1,78793899,0,84,0,0,79.1755,384,[84 -64 4 0 0 0 0 0 0 0 0 0 -4 -17 -3 -16 -3 -16 -3 -16 -2 -17 -2 -14 0 -16 0 -15 0 -14 2 -14 0 -13 0 -14 -1 -12 -1 -13 0 -12 -1 -12 0 -11 -1 -10 -2 -8 -1 -9 -3 -9 -2 -9 -3 -10 -5 -10 -3 -10 -3 -9 0 0 -4 -10 -7 -11 -6 -10 -7 -10 -5 -9 -7 -9 -6 -10 -7 -10 -7 -11 -10 -12 -8 -11 -7 -11 -5 -12 -8 -11 -6 -10 -7 -10 -6 -12 -7 -10 -7 -11 -8 -11 -10 -12 -6 -11 -6 -13 -7 -12 -6 -12 -6 -9 0 0 0 0 0 0 0 0 0 0 ]
249,1782978772.281313,10.3264,-76,CSI_DATA,AP,98:F4:AB:29:67:94,-76,11,1,3,1,1,1,0,0,0,0,-96,0,6,1,78883015,0,84,0,0,79.2646,384,[84 -64 4 0 0 0 0 0 0 0 0 0 15 -9 16 -6 15 -7 15 -7 14 -5 15 -4 15 -4 14 -3 15 -4 13 -4 13 -5 13 -6 13 -5 12 -5 11 -2 11 -2 12 -5 11 -5 9 -3 9 -3 8 -4 8 -5 9 -6 9 -7 8 -6 10 -8 0 0 9 -7 9 -8 9 -8 8 -8 8 -8 8 -7 8 -8 7 -8 11 -10 9 -10 9 -10 9 -8 8 -9 11 -8 10 -8 10 -10 10 -9 8 -11 9 -11 7 -7 9 -11 10 -9 8 -8 7 -11 8 -8 10 -9 0 0 0 0 0 0 0 0 0 0 ]
250,1782978772.506959,10.1977,-76,CSI_DATA,AP,98:F4:AB:29:67:94,-76,11,1,3,1,1,1,0,0,0,0,-96,0,6,1,78971716,0,84,0,0,79.3533,384,[84 -64 4 0 0 0 0 0 0 0 0 0 -7 -16 -6 -16 -4 -16 -4 -19 -4 -15 -4 -16 -2 -16 -2 -16 -2 -17 -2 -15 -3 -15 -3 -16 -1 -13 -4 -14 -1 -13 -3 -13 -2 -13 -2 -10 -2 -10 -3 -9 -3 -10 -4 -11 -4 -10 -5 -10 -5 -11 -5 -11 0 0 -6 -11 -5 -10 -7 -11 -6 -9 -7 -10 -7 -10 -8 -8 -6 -10 -8 -11 -7 -11 -10 -11 -7 -9 -9 -11 -9 -10 -7 -10 -9 -11 -8 -9 -8 -9 -10 -10 -9 -9 -8 -9 -9 -8 -8 -10 -9 -10 -9 -9 -8 -8 0 0 0 0 0 0 0 0 0 0 ]
251,1782978772.739660,10.6371,-76,CSI_DATA,AP,98:F4:AB:29:67:94,-76,11,1,3,1,1,1,0,0,0,0,-96,0,6,1,79060760,0,84,0,0,79.4422,384,[84 -64 4 0 0 0 0 0 0 0 0 0 -5 -19 -3 -19 -4 -19 -1 -19 -3 -19 -1 -17 0 -16 -1 -17 0 -17 0 -16 -2 -15 0 -16 0 -14 -2 -14 0 -13 0 -12 -2 -12 -2 -12 0 -9 -3 -9 -3 -8 -2 -10 -2 -10 -4 -10 -4 -10 -5 -11 0 0 -6 -10 -6 -10 -6 -9 -8 -9 -6 -9 -8 -9 -8 -10 -8 -10 -10 -10 -11 -9 -10 -9 -7 -10 -7 -9 -9 -10 -8 -8 -8 -8 -8 -11 -9 -10 -8 -8 -9 -8 -8 -8 -9 -8 -9 -9 -9 -9 -9 -8 -8 -9 0 0 0 0 0 0 0 0 0 0 ]
252,1782978772.973191,9.7650,-76,CSI_DATA,AP,98:F4:AB:29:67:94,-76,11,1,3,1,1,1,0,0,0,0,-96,0,6,1,79153694,0,84,0,0,79.5353,384,[84 -64 4 0 0 0 0 0 0 0 0 0 12 -14 10 -14 12 -11 10 -13 13 -13 12 -11 12 -11 13 -10 11 -11 11 -10 11 -8 12 -10 12 -7 9 -8 11 -7 11 -8 10 -7 7 -7 6 -8 6 -7 6 -6 4 -8 4 -9 6 -9 4 -8 7 -10 0 0 5 -10 4 -11 4 -9 3 -10 3 -10 3 -9 3 -12 3 -13 2 -13 5 -12 2 -14 4 -11 3 -11 1 -13 2 -12 3 -11 4 -12 3 -10 3 -13 2 -11 5 -10 4 -10 3 -12 3 -11 4 -11 2 -10 0 0 0 0 0 0 0 0 0 0 ]
253,1782978773.201262,9.3815,-76,CSI_DATA,AP,98:F4:AB:29:67:94,-76,11,1,3,1,1,1,0,0,0,0,-96,0,6,1,79244374,0,84,0,0,79.6259,384,[84 -64 4 0 0 0 0 0 0 0 0 0 -13 8 -14 7 -13 7 -12 7 -14 5 -14 6 -12 3 -12 4 -13 3 -12 4 -12 4 -12 4 -12 3 -11 3 -10 3 -10 2 -11 3 -9 2 -8 2 -8 3 -8 3 -6 4 -7 4 -7 5 -7 6 -8 6 0 0 -6 5 -6 6 -6 6 -5 7 -7 5 -5 6 -6 6 -6 7 -7 9 -7 9 -6 9 -6 7 -6 8 -6 8 -8 8 -6 8 -5 6 -5 7 -5 9 -5 8 -6 8 -7 8 -4 6 -7 7 -6 8 -5 8 0 0 0 0 0 0 0 0 0 0 ]
254,1782978773.425428,9.9131,-76,CSI_DATA,AP,98:F4:AB:29:67:94,-76,11,1,3,1,1,1,0,0,0,0,-96,0,6,1,79331109,0,84,0,0,79.7127,384,[84 -64 4 0 0 0 0 0 0 0 0 0 -4 -18 -7 -20 -2 -15 -3 -18 -4 -16 -2 -17 -1 -17 1 -18 1 -15 -1 -13 -2 -15 0 -13 -1 -13 -1 -13 0 -11 0 -11 0 -11 -1 -9 -1 -10 -3 -9 -2 -11 -3 -10 -4 -10 -3 -11 -5 -10 -6 -10 0 0 -6 -11 -5 -11 -7 -11 -6 -8 -7 -8 -7 -11 -7 -9 -9 -11 -7 -11 -10 -13 -9 -12 -8 -13 -8 -12 -7 -12 -6 -11 -7 -12 -9 -10 -7 -10 -7 -10 -6 -11 -8 -13 -7 -11 -7 -10 -7 -13 -6 -12 -6 -10 0 0 0 0 0 0 0 0 0 0 ]
255,1782978773.653335,9.7648,-76,CSI_DATA,AP,98:F4:AB:29:67:94,-76,11,1,3,1,1,1,0,0,0,0,-96,0,6,1,79421305,0,84,0,0,79.8029,384,[84 -64 4 0 0 0 0 0 0 0 0 0 -6 14 -6 14 -6 11 -6 11 -6 13 -6 12 -6 11 -8 9 -7 12 -8 9 -7 9 -7 9 -6 10 -8 9 -6 8 -7 9 -5 9 -5 7 -4 7 -4 7 -3 6 -3 9 -2 8 -1 8 -3 9 -3 9 0 0 -2 9 -2 11 0 10 0 9 0 8 0 11 0 12 0 10 1 13 2 11 0 12 0 11 -2 11 1 10 -1 12 0 10 1 11 2 12 1 11 0 10 0 12 2 10 1 11 0 10 -2 11 0 11 0 0 0 0 0 0 0 0 0 0 ]
256,1782978773.881778,11.4448,-76,CSI_DATA,AP,98:F4:AB:29:67:94,-76,11,1,3,1,1,1,0,0,0,0,-96,0,6,1,79513020,0,84,0,0,79.8946,384,[84 -64 4 0 0 0 0 0 0 0 0 0 -18 1 -16 0 -16 -1 -16 -2 -16 -1 -17 0 -14 -1 -14 -2 -14 -3 -14 -2 -15 -1 -12 -3 -12 -1 -12 -2 -12 -1 -12 -2 -12 -1 -11 -1 -11 -2 -12 0 -11 1 -10 1 -9 2 -11 2 -12 4 -13 3 0 0 -12 3 -11 3 -12 4 -12 3 -11 3 -11 4 -10 5 -12 5 -12 5 -12 5 -11 5 -13 4 -12 4 -12 4 -12 4 -11 4 -11 3 -10 5 -11 5 -12 5 -11 5 -12 6 -11 3 -10 5 -12 3 -10 4 0 0 0 0 0 0 0 0 0 0 ]
257,1782978774.112510,11.7598,-74,CSI_DATA,AP,98:F4:AB:29:67:94,-74,11,1,2,1,1,1,0,0,0,0,-96,0,6,1,79606477,0,84,0,0,79.988,384,[84 -64 4 0 0 0 0 0 0 0 0 0 -1 -19 0 -17 0 -18 1 -16 1 -17 3 -16 2 -16 4 -15 3 -14 3 -13 2 -14 3 -14 3 -13 3 -14 3 -12 3 -12 2 -11 0 -10 1 -11 1 -10 1 -10 -1 -10 -1 -10 -1 -10 -1 -11 -1 -11 0 0 -1 -11 -2 -12 -3 -11 -4 -10 -3 -11 -3 -11 -3 -12 -4 -11 -3 -12 -4 -13 -5 -13 -3 -11 -4 -13 -4 -11 -3 -12 -4 -12 -3 -12 -3 -12 -3 -12 -4 -11 -4 -12 -4 -12 -3 -12 -4 -12 -4 -12 -4 -11 0 0 0 0 0 0 0 0 0 0 ]
258,1782978774.342862,12.2170,-76,CSI_DATA,AP,98:F4:AB:29:67:94,-76,11,1,3,1,1,1,0,0,0,0,-96,0,6,1,79693420,0,84,0,0,80.075,384,[84 -64 4 0 0 0 0 0 0 0 0 0 -9 -16 -6 -16 -7 -15 -7 -15 -6 -15 -6 -15 -6 -15 -4 -14 -5 -12 -5 -13 -5 -13 -5 -13 -5 -10 -5 -11 -5 -11 -5 -10 -5 -10 -5 -9 -5 -8 -6 -8 -6 -8 -7 -8 -7 -7 -9 -7 -8 -9 -9 -10 0 0 -9 -9 -9 -8 -11 -8 -9 -7 -10 -9 -10 -9 -11 -8 -11 -8 -11 -8 -12 -6 -11 -8 -10 -8 -10 -8 -11 -7 -10 -6 -11 -8 -9 -9 -9 -6 -11 -7 -10 -8 -10 -7 -11 -7 -11 -8 -11 -8 -10 -8 -8 -8 0 0 0 0 0 0 0 0 0 0 ]
259,1782978774.585976,10.9296,-76,CSI_DATA,AP,98:F4:AB:29:67:94,-76,11,1,3,1,1,1,0,0,0,0,-96,0,6,1,79787214,0,84,0,0,80.1688,384,[84 -64 4 0 0 0 0 0 0 0 0 0 9 -12 8 -14 8 -13 10 -13 9 -12 9 -11 10 -10 10 -9 12 -9 9 -10 9 -9 9 -9 9 -8 9 -8 8 -7 10 -7 9 -8 7 -6 5 -7 6 -7 4 -7 5 -9 5 -7 5 -8 5 -8 4 -10 0 0 4 -10 4 -9 6 -9 4 -9 4 -9 3 -10 4 -10 3 -10 5 -10 3 -11 5 -11 6 -12 4 -10 6 -11 4 -10 6 -11 5 -11 6 -11 5 -11 5 -11 5 -10 4 -11 4 -10 5 -10 5 -10 4 -9 0 0 0 0 0 0 0 0 0 0 ]
260,1782978774.801373,9.5232,-76,CSI_DATA,AP,98:F4:AB:29:67:94,-76,11,1,3,1,1,1,0,0,0,0,-96,0,6,1,79874173,0,84,0,0,80.2556,384,[84 -64 4 0 0 0 0 0 0 0 0 0 -12 -12 -10 -12 -12 -12 -12 -11 -10 -12 -8 -12 -8 -12 -9 -11 -9 -10 -7 -12 -9 -12 -7 -11 -6 -11 -7 -10 -6 -9 -7 -11 -7 -10 -6 -8 -6 -7 -6 -6 -7 -7 -7 -6 -7 -6 -7 -6 -7 -5 -8 -6 0 0 -8 -6 -9 -6 -9 -5 -10 -5 -9 -4 -10 -6 -10 -4 -11 -4 -9 -5 -12 -6 -12 -5 -11 -6 -9 -3 -9 -4 -10 -6 -11 -3 -11 -4 -10 -4 -10 -4 -10 -4 -10 -4 -11 -4 -10 -5 -10 -5 -9 -6 -9 -4 0 0 0 0 0 0 0 0 0 0 ]
261,1782978775.032317,8.2065,-76,CSI_DATA,AP,98:F4:AB:29:67:94,-76,11,1,3,1,1,1,0,0,0,0,-96,0,6,1,79963756,0,84,0,0,80.3453,384,[84 -64 4 0 0 0 0 0 0 0 0 0 -10 14 -10 12 -10 13 -10 12 -11 13 -10 12 -12 10 -10 9 -11 9 -11 8 -10 10 -10 10 -9 8 -9 8 -9 8 -8 7 -9 8 -6 7 -7 7 -6 6 -6 8 -6 7 -6 8 -4 8 -4 7 -4 10 0 0 -4 9 -4 10 -5 8 -2 9 -3 9 -2 9 -4 10 -3 10 -4 11 -2 12 -1 11 -3 10 -3 11 -3 11 -3 11 -3 10 -1 10 -1 10 -1 10 -1 10 -2 10 -2 12 -2 11 -1 10 -2 10 -3 9 0 0 0 0 0 0 0 0 0 0 ]
262,1782978775.259063,9.3297,-76,CSI_DATA,AP,98:F4:AB:29:67:94,-76,11,1,3,1,1,1,0,0,0,0,-96,0,6,1,80055175,0,84,0,0,80.4367,384,[84 -64 4 0 0 0 0 0 0 0 0 0 11 -15 10 -14 9 -12 10 -14 11 -11 12 -13 11 -12 10 -11 11 -11 9 -10 12 -10 10 -9 10 -8 9 -9 9 -9 9 -10 8 -8 8 -9 6 -7 6 -9 6 -10 5 -9 5 -9 5 -8 4 -11 6 -11 0 0 4 -11 6 -10 5 -9 2 -11 3 -11 2 -12 4 -13 2 -11 3 -13 3 -13 3 -12 4 -11 4 -12 5 -12 4 -13 3 -12 3 -12 1 -10 1 -12 2 -12 1 -12 2 -11 2 -11 1 -11 2 -11 2 -10 0 0 0 0 0 0 0 0 0 0 ]
263,1782978775.494027,9.6976,-76,CSI_DATA,AP,98:F4:AB:29:67:94,-76,11,1,3,1,1,1,0,0,0,0,-96,0,6,1,80142647,0,84,0,0,80.5242,384,[84 -64 4 0 0 0 0 0 0 0 0 0 -15 12 -12 12 -15 10 -14 9 -13 10 -14 10 -15 8 -14 9 -13 8 -12 5 -14 6 -13 6 -13 5 -13 5 -12 5 -12 5 -11 5 -11 5 -10 6 -8 4 -10 5 -8 7 -9 7 -9 6 -9 5 -8 7 0 0 -7 7 -8 9 -6 8 -8 10 -7 8 -7 8 -7 9 -7 9 -8 11 -8 10 -8 11 -9 9 -8 9 -7 9 -7 10 -7 10 -9 10 -8 10 -6 10 -6 10 -7 10 -7 10 -7 9 -8 9 -8 7 -8 9 0 0 0 0 0 0 0 0 0 0 ]
264,1782978775.721314,10.7187,-76,CSI_DATA,AP,98:F4:AB:29:67:94,-76,11,1,3,1,1,1,0,0,0,0,-96,0,6,1,80232106,0,84,0,0,80.6137,384,[84 -64 4 0 0 0 0 0 0 0 0 0 -18 1 -17 0 -15 1 -15 1 -15 3 -15 0 -16 -1 -13 -1 -14 -1 -14 -2 -14 -2 -14 -2 -14 -2 -13 -2 -12 -2 -11 -3 -11 -1 -10 0 -9 -1 -9 1 -10 0 -10 1 -10 1 -9 2 -11 2 -9 4 0 0 -11 3 -9 3 -10 4 -8 3 -8 3 -10 4 -12 4 -9 6 -11 5 -12 5 -12 5 -11 4 -10 4 -11 4 -10 4 -10 4 -9 4 -9 4 -10 5 -10 5 -11 5 -9 5 -9 4 -8 4 -10 5 -10 3 0 0 0 0 0 0 0 0 0 0 ]
265,1782978775.956301,10.8082,-77,CSI_DATA,AP,98:F4:AB:29:67:94,-77,11,1,3,1,1,1,0,0,0,0,-96,0,6,1,80327689,0,84,0,0,80.7093,384,[84 -64 4 0 0 0 0 0 0 0 0 0 17 -3 16 -2 16 -3 17 -3 16 -3 14 -1 13 0 15 2 15 2 12 2 14 1 13 1 11 3 12 3 10 0 10 0 10 1 9 3 7 0 9 -2 8 -1 9 -2 8 -2 9 -3 10 -3 9 -5 0 0 10 -4 11 -3 8 -5 9 -5 10 -3 10 -4 10 -4 10 -5 12 -5 9 -4 11 -6 11 -5 10 -5 11 -3 10 -3 9 -4 9 -4 10 -6 10 -3 9 -4 9 -4 11 -4 11 -4 11 -6 10 -4 9 -5 0 0 0 0 0 0 0 0 0 0 ]
266,1782978776.180146,12.1838,-75,CSI_DATA,AP,98:F4:AB:29:67:94,-75,11,1,3,1,1,1,0,0,0,0,-96,0,6,1,80411726,0,84,0,0,80.7933,384,[84 -64 4 0 0 0 0 0 0 0 0 0 -16 13 -18 11 -15 11 -16 10 -16 10 -15 10 -14 10 -16 8 -14 8 -15 6 -15 7 -15 6 -14 7 -15 6 -14 6 -13 6 -12 4 -11 7 -9 7 -10 7 -10 8 -9 8 -9 8 -10 7 -9 8 -10 10 0 0 -8 10 -8 9 -8 8 -8 11 -8 9 -8 9 -8 11 -7 11 -7 13 -7 11 -7 10 -7 11 -9 10 -8 9 -8 11 -5 11 -7 11 -6 9 -6 10 -4 10 -3 8 -7 10 -4 12 -7 9 -6 10 -6 10 0 0 0 0 0 0 0 0 0 0 ]
267,1782978776.413553,11.6196,-76,CSI_DATA,AP,98:F4:AB:29:67:94,-76,11,1,3,1,1,1,0,0,0,0,-96,0,6,1,80508353,0,84,0,0,80.8899,384,[84 -64 4 0 0 0 0 0 0 0 0 0 -14 3 -15 3 -16 3 -14 2 -15 2 -15 2 -14 1 -13 -1 -14 3 -13 0 -12 1 -13 1 -13 1 -14 0 -13 0 -12 0 -11 0 -11 0 -10 2 -10 1 -8 3 -9 3 -10 3 -9 3 -10 3 -10 3 0 0 -8 4 -8 5 -8 5 -8 6 -7 6 -8 5 -8 7 -8 7 -7 7 -7 8 -8 9 -8 6 -9 7 -9 7 -8 7 -7 7 -5 6 -8 7 -6 7 -6 8 -5 8 -6 7 -6 8 -6 6 -7 6 -7 6 0 0 0 0 0 0 0 0 0 0 ]
268,1782978776.641496,10.9284,-76,CSI_DATA,AP,98:F4:AB:29:67:94,-76,11,1,3,1,1,1,0,0,0,0,-96,0,6,1,80594917,0,84,0,0,80.9764,384,[84 -64 4 0 0 0 0 0 0 0 0 0 2 -18 5 -17 3 -19 5 -16 3 -17 5 -14 6 -15 6 -14 6 -14 6 -14 7 -16 4 -14 6 -13 7 -13 4 -11 5 -13 6 -12 3 -12 3 -9 1 -11 0 -10 1 -12 2 -10 0 -10 0 -10 2 -9 0 0 -1 -13 0 -12 -1 -12 -1 -15 -3 -9 -2 -14 -4 -12 -3 -11 -2 -10 -1 -13 -4 -13 -3 -11 -3 -11 -1 -12 -3 -12 -2 -11 -4 -12 -3 -10 -3 -11 -3 -12 -3 -14 -4 -12 -4 -11 -4 -12 -4 -12 -4 -10 0 0 0 0 0 0 0 0 0 0 ]
269,1782978776.874537,11.1694,-76,CSI_DATA,AP,98:F4:AB:29:67:94,-76,11,1,3,1,1,1,0,0,0,0,-96,0,6,1,80684620,0,84,0,0,81.0662,384,[84 -64 4 0 0 0 0 0 0 0 0 0 -17 -10 -15 -11 -15 -11 -15 -13 -12 -11 -13 -12 -10 -12 -11 -12 -10 -12 -11 -11 -11 -11 -10 -11 -10 -11 -11 -10 -9 -10 -9 -10 -10 -8 -10 -8 -8 -7 -8 -8 -9 -6 -9 -6 -10 -6 -11 -4 -11 -5 -12 -6 0 0 -13 -4 -12 -4 -11 -3 -12 -4 -13 -5 -13 -4 -14 -3 -11 -3 -15 -4 -14 -2 -15 -3 -13 -3 -14 -1 -13 -3 -14 -1 -14 -3 -13 -2 -13 -2 -12 -3 -13 -2 -13 -2 -12 -2 -13 -2 -13 0 -12 0 -12 -1 0 0 0 0 0 0 0 0 0 0 ]
270,1782978777.102921,10.4389,-76,CSI_DATA,AP,98:F4:AB:29:67:94,-76,11,1,3,1,1,1,0,0,0,0,-96,0,6,1,80771087,0,84,0,0,81.1527,384,[84 -64 4 0 0 0 0 0 0 0 0 0 10 -13 11 -12 11 -12 10 -11 10 -10 11 -10 11 -8 9 -10 11 -9 11 -8 9 -9 9 -8 9 -8 9 -7 10 -6 10 -8 9 -7 8 -6 7 -7 8 -7 6 -7 6 -8 6 -9 5 -10 5 -9 6 -10 0 0 7 -10 7 -9 7 -11 5 -10 6 -10 5 -11 6 -11 3 -10 6 -12 6 -12 4 -14 6 -11 6 -12 6 -11 6 -11 7 -11 6 -11 5 -12 6 -12 5 -12 6 -11 4 -11 5 -9 6 -10 6 -10 7 -11 0 0 0 0 0 0 0 0 0 0 ]
271,1782978777.336655,10.2119,-77,CSI_DATA,AP,98:F4:AB:29:67:94,-77,11,1,3,1,1,1,0,0,0,0,-96,0,6,1,80862528,0,84,0,0,81.2442,384,[84 -64 4 0 0 0 0 0 0 0 0 0 13 5 13 6 14 6 12 7 13 8 10 7 10 7 12 7 12 8 11 7 12 7 10 7 10 8 9 6 9 5 9 6 8 6 8 4 7 3 7 2 9 2 9 1 8 2 9 1 8 1 10 2 0 0 10 0 10 0 9 -1 10 -1 10 -2 9 -3 10 -2 10 -2 11 -2 14 -2 12 -2 12 -1 11 -2 11 -2 10 -4 11 -4 10 -3 11 -2 10 -4 11 -3 11 -4 10 -3 12 -3 9 -3 11 -3 9 -2 0 0 0 0 0 0 0 0 0 0 ]
272,1782978777.565975,11.1860,-76,CSI_DATA,AP,98:F4:AB:29:67:94,-76,11,1,3,1,1,1,0,0,0,0,-96,0,6,1,80952243,0,84,0,0,81.3338,384,[84 -64 4 0 0 0 0 0 0 0 0 0 -9 15 -10 14 -12 15 -11 14 -10 15 -13 12 -13 13 -12 10 -11 10 -11 11 -12 11 -12 10 -14 10 -12 8 -11 8 -12 9 -10 10 -9 9 -7 9 -8 7 -8 8 -6 9 -6 9 -5 8 -6 10 -6 9 0 0 -5 7 -5 10 -3 9 -3 10 -4 9 -3 10 -3 11 -3 9 -3 12 -2 11 -2 12 -1 12 -3 10 -2 9 -2 12 0 11 0 10 -3 11 -1 11 -2 8 0 11 -1 12 -1 10 -1 12 -2 9 -1 9 0 0 0 0 0 0 0 0 0 0 ]
273,1782978777.792980,10.8273,-76,CSI_DATA,AP,98:F4:AB:29:67:94,-76,11,1,3,1,1,1,0,0,0,0,-96,0,6,1,81041465,0,84,0,0,81.423,384,[84 -64 4 0 0 0 0 0 0 0 0 0 10 14 9 15 9 14 8 15 9 14 7 14 6 14 5 13 6 13 7 12 7 14 6 13 5 13 6 13 4 11 5 12 4 11 4 10 3 9 5 9 5 9 6 8 5 9 5 8 7 8 8 9 0 0 7 8 6 9 8 8 8 6 7 7 8 6 8 7 9 7 8 7 10 8 9 6 8 8 9 7 9 7 7 7 10 6 9 7 9 7 9 6 9 6 8 7 8 5 8 7 8 6 8 5 8 6 0 0 0 0 0 0 0 0 0 0 ]
274,1782978778.025699,10.7853,-70,CSI_DATA,AP,98:F4:AB:29:67:94,-70,11,0,0,0,0,0,0,0,0,0,-96,0,6,1,81134877,0,84,0,0,81.5165,128,[84 -64 4 0 0 0 0 0 0 0 0 0 30 -6 28 -5 30 -6 29 -5 28 -3 26 -1 27 -2 25 0 27 -3 25 -2 26 0 25 0 25 2 25 0 21 0 22 1 21 2 19 -2 19 0 18 -1 17 -2 19 -3 17 -4 19 -3 20 -4 20 -3 0 0 20 -4 21 -3 20 -6 18 -7 20 -4 20 -6 20 -8 20 -6 19 -9 19 -5 22 -3 19 -3 20 -5 20 -4 21 -5 21 -4 18 -6 17 -7 18 -3 17 -6 19 -6 16 -7 16 -5 18 -3 18 -4 16 -4 0 0 0 0 0 0 0 0 0 0 ]
275,1782978778.254516,10.7343,-76,CSI_DATA,AP,98:F4:AB:29:67:94,-76,11,1,3,1,1,1,0,0,0,0,-96,0,6,1,81224396,0,84,0,0,81.606,384,[84 -64 4 0 0 0 0 0 0 0 0 0 10 13 8 13 8 14 9 13 7 13 6 14 6 14 6 13 6 12 5 14 4 15 5 14 4 12 3 12 5 11 4 12 4 10 4 10 3 10 4 10 3 10 4 10 6 10 5 9 4 10 6 9 0 0 5 8 5 9 5 10 6 9 6 7 7 9 7 8 7 7 7 7 7 8 7 8 6 8 7 10 7 8 8 8 7 7 8 8 8 8 9 8 9 7 8 7 8 6 7 8 8 7 7 9 8 7 0 0 0 0 0 0 0 0 0 0 ]
276,1782978778.482400,11.0964,-76,CSI_DATA,AP,98:F4:AB:29:67:94,-76,11,1,3,1,1,1,0,0,0,0,-96,0,6,1,81313698,0,84,0,0,81.6952,384,[84 -64 4 0 0 0 0 0 0 0 0 0 14 -7 15 -6 13 -5 16 -6 14 -5 16 -3 16 -2 13 -3 14 -4 13 -3 15 -2 14 -3 14 -3 12 -1 13 -3 12 -2 11 -2 10 -3 10 -2 10 -4 9 -4 10 -4 9 -4 10 -3 10 -5 10 -4 0 0 10 -7 9 -5 9 -6 8 -7 8 -5 8 -7 8 -7 10 -9 10 -8 9 -7 9 -9 8 -8 7 -8 9 -7 9 -8 7 -8 7 -7 8 -9 8 -8 7 -9 7 -9 8 -10 5 -8 8 -7 8 -7 6 -8 0 0 0 0 0 0 0 0 0 0 ]
277,1782978778.712162,11.0323,-76,CSI_DATA,AP,98:F4:AB:29:67:94,-76,11,1,3,1,1,1,0,0,0,0,-96,0,6,1,81401982,0,84,0,0,81.7836,384,[84 -64 4 0 0 0 0 0 0 0 0 0 9 -15 10 -14 12 -14 11 -14 10 -15 11 -13 11 -10 11 -8 11 -11 10 -10 9 -12 9 -11 9 -10 10 -10 9 -7 10 -10 10 -9 7 -9 9 -8 7 -8 6 -8 6 -9 6 -10 3 -12 5 -10 5 -11 0 0 5 -10 5 -9 6 -9 4 -12 4 -11 5 -11 5 -11 4 -11 5 -11 3 -12 3 -14 1 -12 4 -12 2 -11 4 -12 3 -11 3 -13 3 -13 3 -13 3 -14 4 -12 4 -12 3 -10 3 -12 4 -12 4 -11 0 0 0 0 0 0 0 0 0 0 ]
278,1782978778.943238,11.0716,-76,CSI_DATA,AP,98:F4:AB:29:67:94,-76,11,1,3,1,1,1,0,0,0,0,-96,0,6,1,81493277,0,84,0,0,81.8749,384,[84 -64 4 0 0 0 0 0 0 0 0 0 17 0 17 1 16 1 17 0 15 3 15 3 14 1 14 4 16 3 13 1 14 3 14 3 14 4 15 4 12 4 13 4 11 4 12 2 10 3 9 3 11 2 10 0 10 1 11 0 11 1 11 0 0 0 11 -2 9 0 10 -2 9 -4 10 -3 10 -3 10 -3 10 -4 9 -3 8 -3 9 -5 10 -5 10 -3 9 -4 9 -4 9 -5 10 -7 9 -6 9 -8 6 -6 9 -6 8 -7 8 -5 7 -6 9 -8 9 -5 0 0 0 0 0 0 0 0 0 0 ]
279,1782978779.174882,10.6579,-76,CSI_DATA,AP,98:F4:AB:29:67:94,-76,11,1,3,1,1,1,0,0,0,0,-96,0,6,1,81584076,0,84,0,0,81.9656,384,[84 -64 4 0 0 0 0 0 0 0 0 0 -13 10 -11 8 -13 9 -13 9 -13 9 -12 6 -13 7 -14 5 -12 5 -13 5 -13 6 -13 5 -11 5 -12 4 -11 5 -11 6 -11 4 -10 5 -8 5 -10 4 -9 4 -9 6 -9 5 -9 6 -8 6 -8 7 0 0 -8 6 -8 5 -6 6 -8 7 -8 7 -7 6 -8 7 -9 7 -8 7 -8 8 -8 7 -8 7 -7 7 -7 7 -7 7 -6 8 -7 7 -7 6 -6 9 -7 8 -5 8 -6 9 -6 8 -8 8 -8 7 -8 7 0 0 0 0 0 0 0 0 0 0 ]
280,1782978779.401977,11.2319,-76,CSI_DATA,AP,98:F4:AB:29:67:94,-76,11,1,3,1,1,1,0,0,0,0,-96,0,6,1,81671179,0,84,0,0,82.0528,384,[84 -64 4 0 0 0 0 0 0 0 0 0 7 -13 9 -16 9 -14 9 -15 8 -13 11 -14 10 -11 11 -11 10 -11 10 -10 9 -12 10 -11 10 -10 9 -12 9 -8 9 -9 9 -9 8 -10 7 -8 8 -8 7 -9 7 -9 8 -10 5 -9 5 -11 7 -12 0 0 6 -10 6 -11 5 -11 5 -11 5 -9 4 -11 5 -10 4 -10 5 -11 3 -12 5 -13 2 -10 3 -12 5 -11 2 -11 5 -12 3 -12 4 -12 2 -11 4 -12 3 -11 4 -10 4 -10 2 -12 5 -11 2 -10 0 0 0 0 0 0 0 0 0 0 ]
281,1782978779.638431,11.3150,-75,CSI_DATA,AP,98:F4:AB:29:67:94,-75,11,1,3,1,1,1,0,0,0,0,-96,0,6,1,81762270,0,84,0,0,82.1438,384,[84 -64 4 0 0 0 0 0 0 0 0 0 13 -9 14 -8 13 -5 14 -6 15 -5 13 -6 12 -4 13 -4 13 -4 11 -4 13 -5 13 -4 14 -4 12 -3 11 -2 14 -3 13 -3 11 -4 11 -3 10 -2 10 -3 9 -4 9 -5 10 -4 10 -5 10 -6 0 0 10 -5 11 -5 10 -4 9 -6 10 -4 9 -5 8 -6 9 -7 9 -6 10 -7 7 -6 8 -6 8 -5 7 -7 8 -7 6 -7 7 -8 7 -7 6 -6 7 -8 6 -6 7 -6 7 -6 5 -8 6 -7 6 -7 0 0 0 0 0 0 0 0 0 0 ]
282,1782978779.868392,11.4123,-74,CSI_DATA,AP,98:F4:AB:29:67:94,-74,11,1,2,1,1,1,0,0,0,0,-96,0,6,1,81858895,0,84,0,0,82.2405,384,[84 -64 4 0 0 0 0 0 0 0 0 0 -17 -4 -15 -3 -15 -4 -16 -4 -15 -6 -15 -5 -14 -6 -14 -6 -14 -6 -15 -6 -14 -6 -14 -6 -14 -5 -13 -6 -13 -7 -15 -7 -13 -6 -12 -5 -10 -4 -10 -4 -12 -5 -12 -3 -12 -3 -11 -3 -13 -4 -12 -4 0 0 -12 -2 -12 -3 -12 -3 -12 -3 -12 -2 -11 -1 -12 -2 -11 -1 -12 -2 -13 0 -14 -1 -12 -1 -11 -1 -13 -1 -12 -1 -12 0 -13 0 -11 0 -12 1 -11 0 -12 1 -13 1 -11 1 -12 1 -12 1 -11 1 0 0 0 0 0 0 0 0 0 0 ]
283,1782978780.101291,12.0872,-76,CSI_DATA,AP,98:F4:AB:29:67:94,-76,11,1,3,1,1,1,0,0,0,0,-96,0,6,1,81941321,0,84,0,0,82.3229,384,[84 -64 4 0 0 0 0 0 0 0 0 0 -17 -2 -18 -4 -18 -3 -17 -4 -18 -5 -16 -6 -17 -6 -16 -5 -17 -6 -17 -7 -15 -6 -16 -5 -16 -6 -16 -6 -15 -6 -14 -6 -13 -6 -13 -7 -11 -6 -13 -5 -13 -5 -13 -4 -11 -3 -11 -3 -12 -4 -13 -4 0 0 -12 -3 -13 -2 -14 -1 -11 -2 -11 -2 -11 0 -12 -1 -12 -1 -13 1 -14 0 -13 0 -11 0 -13 0 -12 0 -12 0 -10 1 -12 2 -11 1 -11 3 -10 3 -10 2 -10 3 -12 2 -11 2 -11 1 -12 2 0 0 0 0 0 0 0 0 0 0 ]
284,1782978780.342016,12.8114,-76,CSI_DATA,AP,98:F4:AB:29:67:94,-76,11,1,3,1,1,1,0,0,0,0,-96,0,6,1,82036747,0,84,0,0,82.4183,384,[84 -64 4 0 0 0 0 0 0 0 0 0 18 -2 16 0 17 0 17 1 17 0 16 2 16 0 16 1 16 2 15 4 16 2 15 3 14 3 14 2 13 2 14 1 12 4 12 3 10 2 10 2 12 2 11 1 13 1 11 -1 13 0 12 -1 0 0 12 0 13 1 12 -1 10 -2 10 1 12 -2 11 -2 9 -2 10 -2 10 -3 11 -3 11 -1 11 -4 10 -3 11 -4 13 -4 11 -3 10 -4 10 -5 9 -5 10 -4 10 -3 9 -4 9 -4 11 -4 10 -3 0 0 0 0 0 0 0 0 0 0 ]
285,1782978780.566153,11.2115,-76,CSI_DATA,AP,98:F4:AB:29:67:94,-76,11,1,3,1,1,1,0,0,0,0,-96,0,6,1,82122476,0,84,0,0,82.5039,384,[84 -64 4 0 0 0 0 0 0 0 0 0 14 -2 13 -3 15 -1 15 -3 15 -1 13 -1 12 0 13 0 12 1 12 -1 12 0 14 0 12 2 11 1 10 1 9 1 10 0 9 1 8 1 8 -1 8 -1 10 -1 7 0 10 -2 9 -3 10 -4 0 0 10 -3 10 -3 8 -4 9 -4 10 -4 9 -3 9 -4 8 -5 11 -5 11 -5 9 -6 10 -5 9 -6 10 -4 11 -4 10 -7 11 -6 9 -5 10 -6 9 -6 11 -6 9 -6 10 -5 8 -5 10 -5 10 -4 0 0 0 0 0 0 0 0 0 0 ]
286,1782978780.798164,10.8558,-76,CSI_DATA,AP,98:F4:AB:29:67:94,-76,11,1,3,1,1,1,0,0,0,0,-96,0,6,1,82213799,0,84,0,0,82.5954,384,[84 -64 4 0 0 0 0 0 0 0 0 0 -13 -9 -12 -10 -14 -9 -12 -9 -12 -9 -11 -10 -10 -10 -9 -11 -11 -10 -9 -9 -9 -11 -9 -10 -10 -10 -9 -10 -8 -8 -9 -10 -8 -9 -6 -9 -8 -7 -7 -7 -10 -7 -9 -6 -8 -5 -9 -6 -9 -6 -9 -6 0 0 -10 -5 -10 -6 -8 -6 -9 -6 -9 -6 -9 -4 -10 -4 -11 -4 -12 -5 -10 -5 -10 -5 -10 -4 -10 -4 -11 -6 -11 -5 -11 -5 -10 -5 -10 -3 -9 -4 -11 -4 -10 -4 -11 -4 -10 -4 -11 -4 -9 -4 -9 -4 0 0 0 0 0 0 0 0 0 0 ]
287,1782978781.030763,11.6271,-76,CSI_DATA,AP,98:F4:AB:29:67:94,-76,11,1,3,1,1,1,0,0,0,0,-96,0,6,1,82302041,0,84,0,0,82.6836,384,[84 -64 4 0 0 0 0 0 0 0 0 0 -16 -5 -15 -6 -14 -7 -14 -6 -13 -8 -13 -7 -15 -8 -14 -6 -13 -7 -12 -8 -14 -8 -13 -8 -14 -8 -15 -8 -12 -7 -13 -7 -12 -7 -11 -6 -10 -5 -10 -5 -11 -4 -11 -4 -11 -5 -11 -5 -12 -4 -14 -4 0 0 -12 -2 -12 -2 -12 -3 -11 -3 -11 -2 -12 -2 -14 -3 -13 0 -12 -3 -15 1 -15 -3 -13 -3 -14 -1 -13 -1 -14 -1 -13 -1 -13 -1 -13 0 -12 1 -11 0 -14 0 -13 0 -12 0 -14 -1 -13 -2 -12 -2 0 0 0 0 0 0 0 0 0 0 ]
288,1782978781.257973,11.4052,-75,CSI_DATA,AP,98:F4:AB:29:67:94,-75,11,1,3,1,1,1,0,0,0,0,-96,0,6,1,82390960,0,84,0,0,82.7725,384,[84 -64 4 0 0 0 0 0 0 0 0 0 -14 9 -15 8 -14 7 -13 8 -14 8 -13 6 -14 5 -15 5 -14 6 -13 6 -12 6 -13 3 -14 5 -12 6 -13 5 -12 6 -12 5 -11 5 -9 3 -11 5 -9 6 -10 6 -10 6 -9 6 -9 7 -9 6 0 0 -8 8 -9 8 -8 9 -8 7 -6 7 -7 7 -9 8 -9 9 -9 9 -8 9 -9 10 -9 10 -7 9 -9 10 -7 10 -6 9 -8 10 -5 8 -6 10 -5 10 -6 10 -7 10 -7 9 -7 9 -7 10 -7 7 0 0 0 0 0 0 0 0 0 0 ]
289,1782978781.484749,11.0483,-76,CSI_DATA,AP,98:F4:AB:29:67:94,-76,11,1,3,1,1,1,0,0,0,0,-96,0,6,1,82482734,0,84,0,0,82.8643,384,[84 -64 4 0 0 0 0 0 0 0 0 0 -16 -1 -17 -1 -17 -2 -16 -2 -15 -2 -15 -2 -15 -3 -16 -6 -15 -4 -16 -4 -14 -3 -15 -4 -14 -3 -13 -4 -13 -3 -12 -5 -13 -5 -11 -4 -13 -3 -11 -4 -11 -3 -11 -3 -12 -1 -11 -2 -11 -1 -12 -1 0 0 -12 0 -12 0 -11 -1 -10 1 -11 0 -11 2 -11 3 -11 2 -10 2 -10 1 -11 1 -12 1 -11 3 -12 2 -10 1 -10 2 -11 1 -9 3 -11 3 -10 3 -11 3 -9 2 -9 2 -9 4 -11 4 -9 2 0 0 0 0 0 0 0 0 0 0 ]
290,1782978781.712735,11.2719,-76,CSI_DATA,AP,98:F4:AB:29:67:94,-76,11,1,3,1,1,1,0,0,0,0,-96,0,6,1,82572431,0,84,0,0,82.954,384,[84 -64 4 0 0 0 0 0 0 0 0 0 14 -11 13 -10 13 -10 15 -11 14 -11 14 -10 14 -9 12 -8 13 -8 14 -7 14 -9 15 -8 14 -8 12 -7 12 -7 11 -6 13 -6 11 -6 9 -5 10 -7 8 -7 10 -7 8 -7 9 -7 8 -8 8 -8 0 0 9 -9 8 -10 9 -8 7 -7 6 -8 7 -10 6 -10 7 -10 7 -11 8 -11 7 -11 7 -10 7 -10 6 -9 6 -9 7 -11 5 -10 7 -9 6 -9 5 -11 4 -9 5 -9 6 -10 4 -10 6 -10 6 -9 0 0 0 0 0 0 0 0 0 0 ]
291,1782978781.943179,10.8060,-76,CSI_DATA,AP,98:F4:AB:29:67:94,-76,11,1,3,1,1,1,0,0,0,0,-96,0,6,1,82666027,0,84,0,0,83.0476,384,[84 -64 4 0 0 0 0 0 0 0 0 0 12 10 14 10 13 10 13 12 12 13 11 12 11 13 10 12 11 11 10 12 10 10 9 13 7 12 8 10 7 10 7 10 7 10 6 9 6 7 7 7 8 7 8 7 8 8 8 7 8 7 8 7 0 0 7 6 8 5 8 4 9 4 10 4 10 4 9 5 12 3 12 4 12 4 12 4 10 5 9 4 10 4 11 3 11 4 11 3 12 2 11 2 11 1 12 3 12 1 11 4 10 2 10 2 10 4 0 0 0 0 0 0 0 0 0 0 ]
292,1782978782.173245,11.5584,-76,CSI_DATA,AP,98:F4:AB:29:67:94,-76,11,1,3,1,1,1,0,0,0,0,-96,0,6,1,82754741,0,84,0,0,83.1363,384,[84 -64 4 0 0 0 0 0 0 0 0 0 -16 2 -17 2 -17 2 -16 1 -19 0 -18 -1 -17 0 -16 -1 -16 -2 -16 -1 -16 0 -15 -1 -15 -2 -13 -4 -12 -2 -12 -2 -11 -1 -12 -2 -10 -1 -11 0 -12 0 -10 2 -11 0 -11 1 -12 2 -12 2 0 0 -11 3 -10 2 -11 3 -10 4 -10 4 -9 5 -11 4 -11 5 -12 5 -11 5 -12 6 -12 4 -12 4 -12 6 -11 5 -11 5 -9 5 -10 6 -11 5 -10 6 -12 5 -10 5 -11 6 -11 6 -10 4 -10 5 0 0 0 0 0 0 0 0 0 0 ]
293,1782978782.402199,11.6222,-76,CSI_DATA,AP,98:F4:AB:29:67:94,-76,11,1,3,1,1,1,0,0,0,0,-96,0,6,1,82845517,0,84,0,0,83.227,384,[84 -64 4 0 0 0 0 0 0 0 0 0 -15 0 -16 0 -14 1 -15 0 -14 -1 -15 -1 -16 -3 -14 -3 -13 -2 -12 -2 -15 -1 -15 -3 -13 -3 -12 -1 -13 -3 -12 -1 -12 -3 -11 -1 -12 -1 -10 0 -11 -1 -11 -1 -10 1 -11 0 -11 2 -12 0 0 0 -12 2 -11 1 -11 2 -10 2 -10 2 -12 2 -11 2 -11 2 -12 3 -12 2 -12 4 -11 2 -13 2 -11 4 -10 2 -12 3 -10 2 -9 4 -11 4 -10 3 -11 4 -11 3 -10 2 -9 4 -12 3 -10 3 0 0 0 0 0 0 0 0 0 0 ]
294,1782978782.629269,11.4026,-76,CSI_DATA,AP,98:F4:AB:29:67:94,-76,11,1,3,1,1,1,0,0,0,0,-96,0,6,1,82934249,0,84,0,0,83.3158,384,[84 -64 4 0 0 0 0 0 0 0 0 0 14 7 15 8 12 8 12 8 13 8 13 7 13 9 11 8 12 8 11 9 11 9 11 8 10 8 9 9 10 8 9 9 10 8 7 7 9 6 8 5 8 6 7 5 8 5 9 6 10 5 9 6 0 0 9 5 9 2 9 5 11 4 10 4 12 3 11 6 10 4 10 4 9 4 13 5 12 4 10 5 10 4 11 5 10 5 10 4 11 3 12 3 10 3 11 3 12 3 9 4 9 5 10 4 11 4 0 0 0 0 0 0 0 0 0 0 ]
295,1782978782.861038,11.2172,-76,CSI_DATA,AP,98:F4:AB:29:67:94,-76,11,1,3,1,1,1,0,0,0,0,-96,0,6,1,83024195,0,84,0,0,83.4058,384,[84 -64 4 0 0 0 0 0 0 0 0 0 -6 16 -7 14 -7 15 -7 14 -8 14 -8 14 -8 13 -9 12 -9 14 -8 11 -8 13 -8 12 -10 12 -8 11 -7 10 -7 10 -7 11 -7 10 -6 10 -3 9 -5 10 -4 9 -5 10 -3 11 -6 10 -5 10 0 0 -4 11 -4 13 -4 10 -3 12 -3 9 -1 10 -3 12 -2 12 -1 10 0 11 -2 12 -2 10 -3 11 -1 11 -1 11 -1 11 -1 11 0 9 -1 12 1 11 0 11 1 10 0 11 -2 11 -1 11 -1 10 0 0 0 0 0 0 0 0 0 0 ]
296,1782978783.123998,11.4763,-76,CSI_DATA,AP,98:F4:AB:29:67:94,-76,11,1,3,1,1,1,0,0,0,0,-96,0,6,1,83113380,0,84,0,0,83.495,384,[84 -64 4 0 0 0 0 0 0 0 0 0 -13 -10 -12 -10 -12 -11 -11 -11 -13 -9 -12 -10 -10 -12 -9 -11 -8 -10 -9 -10 -10 -9 -10 -11 -9 -9 -8 -9 -8 -8 -8 -8 -6 -8 -8 -7 -7 -7 -7 -7 -9 -6 -8 -7 -9 -6 -9 -7 -9 -7 -9 -6 0 0 -8 -5 -9 -4 -9 -4 -9 -4 -9 -6 -8 -4 -10 -5 -10 -4 -11 -4 -9 -5 -11 -4 -11 -4 -10 -4 -9 -5 -10 -5 -10 -4 -11 -4 -11 -2 -10 -4 -10 -4 -10 -4 -10 -3 -10 -5 -9 -3 -10 -4 -10 -4 0 0 0 0 0 0 0 0 0 0 ]
297,1782978783.367066,10.3883,-76,CSI_DATA,AP,98:F4:AB:29:67:94,-76,11,1,3,1,1,1,0,0,0,0,-96,0,6,1,83202602,0,84,0,0,83.5842,384,[84 -64 4 0 0 0 0 0 0 0 0 0 -17 -4 -16 -6 -16 -5 -14 -4 -14 -6 -16 -6 -14 -6 -13 -8 -14 -5 -13 -6 -14 -6 -14 -8 -11 -6 -12 -7 -11 -5 -10 -6 -10 -6 -10 -5 -10 -4 -9 -3 -11 -3 -9 -4 -10 -3 -10 -3 -9 -2 -12 -2 0 0 -12 -1 -11 0 -11 -1 -11 0 -11 -1 -10 0 -11 -1 -12 0 -11 1 -11 2 -12 3 -11 2 -10 3 -12 3 -11 0 -10 1 -11 1 -10 1 -10 2 -10 3 -10 2 -10 2 -10 1 -10 2 -10 1 -9 2 0 0 0 0 0 0 0 0 0 0 ]
298,1782978783.625111,10.0589,-75,CSI_DATA,AP,98:F4:AB:29:67:94,-75,11,1,3,1,1,1,0,0,0,0,-96,0,6,1,83292308,0,84,0,0,83.6739,384,[84 -64 4 0 0 0 0 0 0 0 0 0 -14 5 -15 5 -15 4 -15 5 -15 5 -16 4 -15 3 -13 2 -14 3 -15 3 -14 4 -14 2 -14 1 -13 1 -12 1 -14 2 -13 2 -11 1 -11 1 -11 2 -11 3 -11 2 -11 3 -11 4 -10 3 -11 3 0 0 -11 4 -12 3 -10 4 -10 4 -10 2 -9 4 -10 5 -10 5 -10 4 -12 5 -11 6 -11 6 -11 4 -10 4 -10 4 -12 5 -10 5 -10 7 -10 4 -9 6 -8 5 -9 5 -9 3 -9 4 -8 4 -8 5 0 0 0 0 0 0 0 0 0 0 ]
299,1782978783.857540,11.3563,-75,CSI_DATA,AP,98:F4:AB:29:67:94,-75,11,1,3,1,1,1,0,0,0,0,-96,0,6,1,83382006,0,84,0,0,83.7636,384,[84 -64 4 0 0 0 0 0 0 0 0 0 -14 -9 -12 -9 -14 -9 -13 -10 -12 -8 -10 -9 -10 -10 -11 -11 -11 -10 -10 -10 -11 -10 -9 -12 -10 -10 -9 -10 -8 -10 -9 -10 -7 -9 -9 -9 -9 -7 -8 -6 -9 -8 -9 -6 -10 -8 -10 -7 -10 -8 -11 -7 0 0 -11 -7 -11 -6 -8 -6 -13 -5 -12 -6 -9 -4 -11 -6 -12 -5 -12 -6 -12 -5 -13 -5 -11 -6 -11 -6 -10 -4 -11 -7 -11 -6 -12 -6 -11 -4 -11 -5 -11 -4 -12 -4 -11 -5 -10 -4 -11 -4 -9 -5 -10 -5 0 0 0 0 0 0 0 0 0 0 ]
300,1782978784.146799,10.2522,-77,CSI_DATA,AP,98:F4:AB:29:67:94,-77,11,1,4,1,1,1,0,0,0,0,-96,0,6,1,108495255,0,84,0,0,108.877,384,[84 -64 4 0 0 0 0 0 0 0 0 0 -15 -6 -16 -7 -15 -7 -15 -8 -14 -8 -15 -7 -13 -8 -14 -7 -13 -7 -11 -7 -12 -9 -12 -9 -12 -10 -12 -7 -11 -7 -10 -7 -10 -6 -9 -6 -8 -4 -9 -5 -9 -4 -10 -4 -9 -2 -9 -2 -9 -2 -11 -3 0 0 -9 0 -11 -2 -11 0 -11 1 -9 1 -9 2 -12 -1 -9 1 -12 1 -13 2 -11 2 -13 2 -12 1 -11 1 -11 3 -11 2 -10 2 -10 4 -11 3 -10 3 -10 4 -11 3 -11 4 -11 3 -11 2 -11 3 0 0 0 0 0 0 0 0 0 0 ]
301,1782978784.373421,11.7822,-76,CSI_DATA,AP,98:F4:AB:29:67:94,-76,11,1,4,1,1,1,0,0,0,0,-96,0,6,1,108585375,0,84,0,0,108.967,384,[84 -64 4 0 0 0 0 0 0 0 0 0 -21 -5 -20 -8 -20 -6 -18 -6 -18 -7 -18 -9 -16 -9 -17 -9 -18 -8 -15 -8 -16 -7 -16 -8 -12 -7 -14 -7 -12 -8 -11 -6 -12 -6 -13 -7 -11 -5 -10 -6 -11 -3 -12 -2 -10 -3 -11 -3 -13 -2 -13 0 0 0 -11 -1 -13 -1 -12 -1 -13 1 -13 1 -13 1 -14 2 -13 1 -16 3 -16 3 -15 3 -15 2 -14 1 -14 1 -14 1 -14 3 -15 2 -13 3 -14 3 -15 3 -15 4 -15 3 -14 2 -14 3 -15 3 -14 0 0 0 0 0 0 0 0 0 0 0 ]
302,1782978784.612999,11.0949,-76,CSI_DATA,AP,98:F4:AB:29:67:94,-76,11,1,4,1,1,1,0,0,0,0,-96,0,6,1,108673642,0,84,0,0,109.055,384,[84 -64 4 0 0 0 0 0 0 0 0 0 -18 5 -17 3 -17 3 -16 3 -15 1 -16 1 -15 0 -15 1 -15 -1 -12 -1 -15 0 -14 0 -14 1 -12 1 -13 0 -13 -1 -11 -1 -11 1 -11 1 -8 1 -11 2 -10 2 -9 3 -9 4 -9 4 -8 4 0 0 -9 5 -7 4 -7 5 -7 5 -8 5 -8 6 -8 7 -8 6 -8 9 -7 8 -9 9 -7 7 -7 7 -7 8 -7 9 -7 7 -9 8 -5 7 -7 9 -6 9 -7 10 -7 8 -7 8 -7 9 -8 8 -8 7 0 0 0 0 0 0 0 0 0 0 ]
303,1782978784.849830,9.1783,-76,CSI_DATA,AP,98:F4:AB:29:67:94,-76,11,1,4,1,1,1,0,0,0,0,-96,0,6,1,108764297,0,84,0,0,109.146,384,[84 -64 4 0 0 0 0 0 0 0 0 0 -16 11 -14 9 -13 9 -15 9 -15 7 -15 7 -15 6 -14 4 -14 6 -13 5 -15 6 -14 3 -11 4 -12 4 -10 3 -10 3 -11 3 -8 3 -8 3 -7 4 -8 3 -7 4 -7 5 -8 7 -6 5 -7 6 0 0 -7 6 -7 7 -5 7 -5 7 -6 7 -6 8 -5 8 -5 9 -6 10 -6 10 -5 11 -6 10 -6 10 -6 9 -6 10 -7 10 -7 10 -5 9 -5 9 -7 10 -6 10 -5 10 -5 10 -5 9 -6 10 -5 9 0 0 0 0 0 0 0 0 0 0 ]
304,1782978785.079387,9.3960,-76,CSI_DATA,AP,98:F4:AB:29:67:94,-76,11,1,4,1,1,1,0,0,0,0,-96,0,6,1,108854611,0,84,0,0,109.236,384,[84 -64 4 0 0 0 0 0 0 0 0 0 7 -17 7 -17 7 -15 8 -15 9 -15 10 -14 7 -13 7 -13 8 -12 7 -12 7 -10 8 -11 8 -10 7 -10 7 -10 8 -8 6 -9 6 -8 4 -8 4 -7 2 -9 2 -8 1 -9 1 -8 2 -10 1 -9 0 0 0 -10 0 -10 0 -10 -1 -11 -1 -11 -2 -10 -2 -11 -1 -10 -2 -12 -3 -12 -2 -12 -2 -13 -2 -12 -2 -12 -3 -12 -3 -12 -2 -10 -3 -11 -2 -12 -3 -10 -4 -11 -4 -11 -2 -10 -3 -12 -3 -11 -3 -11 0 0 0 0 0 0 0 0 0 0 ]
305,1782978785.314423,10.2060,-76,CSI_DATA,AP,98:F4:AB:29:67:94,-76,11,1,4,1,1,1,0,0,0,0,-96,0,6,1,108943559,0,84,0,0,109.325,384,[84 -64 4 0 0 0 0 0 0 0 0 0 14 -14 14 -10 16 -12 15 -11 15 -10 15 -9 15 -9 15 -7 14 -10 14 -7 13 -7 14 -5 14 -7 11 -7 10 -6 11 -5 11 -8 9 -7 9 -4 8 -6 8 -6 5 -8 6 -9 7 -8 5 -10 6 -8 0 0 4 -9 6 -11 4 -9 3 -10 4 -9 2 -11 3 -12 4 -13 2 -12 3 -15 4 -14 2 -14 2 -13 3 -12 3 -14 2 -14 0 -12 3 -12 1 -13 2 -12 -1 -14 0 -14 1 -12 2 -13 2 -13 2 -12 0 0 0 0 0 0 0 0 0 0 ]
306,1782978785.573755,9.1770,-74,CSI_DATA,AP,98:F4:AB:29:67:94,-74,11,1,2,1,1,1,0,0,0,0,-96,0,6,1,109035019,0,84,0,0,109.417,384,[84 -64 4 0 0 0 0 0 0 0 0 0 9 16 8 16 9 18 6 15 7 16 5 16 4 15 4 16 4 15 3 15 2 14 4 14 2 13 3 13 2 11 3 12 3 10 2 9 3 8 2 8 3 8 4 8 5 7 6 7 5 7 6 7 0 0 6 7 8 5 8 5 8 5 8 5 8 5 8 6 10 4 10 5 11 4 12 4 9 5 10 5 10 5 11 5 10 2 12 4 10 3 12 3 11 2 11 3 12 3 12 3 11 3 10 5 9 4 0 0 0 0 0 0 0 0 0 0 ]
307,1782978785.803869,9.7012,-76,CSI_DATA,AP,98:F4:AB:29:67:94,-76,11,1,4,1,1,1,0,0,0,0,-96,0,6,1,109123546,0,84,0,0,109.505,384,[84 -64 4 0 0 0 0 0 0 0 0 0 -19 -11 -16 -12 -15 -12 -14 -14 -13 -12 -14 -13 -13 -14 -12 -14 -11 -13 -10 -13 -10 -12 -10 -11 -11 -10 -10 -11 -10 -9 -8 -9 -10 -9 -9 -10 -7 -7 -9 -5 -8 -6 -9 -5 -9 -4 -9 -4 -10 -4 -11 -2 0 0 -11 -2 -12 -2 -12 -1 -10 1 -12 -1 -11 0 -12 0 -13 1 -13 1 -14 3 -13 3 -11 2 -13 2 -13 2 -13 2 -12 2 -13 2 -13 3 -12 3 -11 2 -13 3 -14 2 -13 4 -13 3 -13 3 -13 2 0 0 0 0 0 0 0 0 0 0 ]
308,1782978786.042148,9.0801,-76,CSI_DATA,AP,98:F4:AB:29:67:94,-76,11,1,4,1,1,1,0,0,0,0,-96,0,6,1,109212946,0,84,0,0,109.595,384,[84 -64 4 0 0 0 0 0 0 0 0 0 16 7 15 7 15 9 13 9 12 7 12 9 11 8 11 9 11 8 11 8 10 9 9 8 10 8 10 8 7 5 9 7 8 7 7 6 7 5 6 5 6 3 7 3 8 3 9 2 8 2 8 1 0 0 8 1 9 0 8 0 8 -1 9 0 9 -1 11 -2 9 -1 10 -3 10 -2 10 -1 11 -1 10 -1 11 -1 11 -1 10 -3 12 -2 9 -4 11 -2 10 -3 10 -3 12 -2 9 -1 10 -3 11 -2 9 -2 0 0 0 0 0 0 0 0 0 0 ]
309,1782978786.276957,9.7552,-76,CSI_DATA,AP,98:F4:AB:29:67:94,-76,11,1,4,1,1,1,0,0,0,0,-96,0,6,1,109301970,0,84,0,0,109.684,384,[84 -64 4 0 0 0 0 0 0 0 0 0 -12 16 -12 14 -13 16 -13 15 -13 14 -13 12 -12 12 -13 11 -11 9 -12 9 -13 10 -14 10 -13 7 -11 8 -11 7 -11 7 -9 8 -9 6 -8 7 -7 6 -6 7 -5 8 -4 8 -5 8 -6 8 -6 8 0 0 -4 8 -3 10 -2 10 -2 10 -3 10 -1 10 -1 11 -2 11 0 12 -1 12 -3 12 -3 12 -4 11 -2 12 -1 11 0 12 0 13 0 12 0 12 0 11 0 12 1 12 -2 11 0 13 -1 12 0 12 0 0 0 0 0 0 0 0 0 0 ]
