16.93
16.00
31.61
26.51
33.71
14.69
20.98
34.41
7.04
2.01
29.93
32.02
15.59
30.35
15.71
31.88
32.15
47.66
46.74
45.26
48.26
15.89
15.59
29.43
31.82
48.13
226.04
158.62
172.32
143.38
161.88
142.01
159.98
137.20
158.65
129.67
156.45
132.77
158.11
133.90
159.81
138.56
144.33
216.36
231.03
143.24
168.44
138.85
157.29
127.80
137.68
153.52
128.05
147.50
169.31
141.67
161.76
165.07
137.51
160.10
131.86
157.10
129.60
149.63
127.19
145.98
167.25
140.40
159.88
132.23
157.59
164.74
135.74
142.78
154.57
171.55
142.36
157.29
174.27
173.41
139.85
246.73
157.91
167.04
180.11
139.06
148.59
146.99
159.31
173.20
141.91
149.41
158.55
176.73
186.85
185.35
144.05
153.43
170.65
180.37
174.36
141.80
151.92
165.25
139.06
143.86
170.49
139.10
154.39
170.68
137.02
154.25
166.21
138.75
152.60
168.51
143.40
156.63
190.42
133.56
149.08
167.88
137.46
199.78
321.53
195.55
188.34
144.24
160.23
144.86
152.27
190.56
183.77
181.30
213.43
191.74
192.91
227.24
188.77
135.07
163.15
131.98
156.45
164.03
137.24
157.86
167.97
139.82
154.61
172.40
139.76
153.89
171.01
179.97
141.19
156.77
173.58
139.69
158.54
160.02
176.72
142.66
157.74
174.76
181.35
144.47
139.44
165.25
173.82
180.13
148.05
163.28
165.62
157.98
169.28
136.05
157.96
161.52
130.35
184.38
149.08
174.79
134.45
190.70
147.55
148.78
152.13
162.11
195.39
179.94
187.26
178.71
170.61
189.20
139.52
136.92
149.48
173.19
146.45
185.43
181.59
186.91
155.25
156.27
156.83
161.47
180.91
148.34
151.87
155.47
172.24
144.83
163.52
172.31
173.35
135.58
163.41
158.34
180.49
136.50
162.84
168.71
171.94
175.71
140.76
149.37
152.03
145.32
265.05
330.37
243.88
201.74
198.36
225.12
184.16
164.04
218.93
198.81
220.57
207.09
152.30
198.95
153.43
211.94
180.23
170.83
148.70
163.43
156.04
153.08
156.43
142.63
151.44
159.55
167.65
172.96
133.30
148.66
161.48
158.51
184.57
183.78
140.14
142.92
144.81
152.21
154.20
170.63
175.10
182.20
138.60
155.37
152.75
161.33
174.52
175.31
177.74
140.30
149.31
160.62
168.22
218.61
170.80
135.68
151.72
173.86
134.72
149.80
167.88
140.17
158.00
130.12
149.04
166.45
139.73
159.70
131.40
154.38
128.29
151.88
126.30
138.47
151.31
165.22
138.52
158.11
125.39
142.95
165.62
135.75
150.86
163.57
130.19
146.83
161.42
133.83
151.18
160.00
142.57
141.41
159.85
126.93
148.06
164.60
218.54
204.56
182.26
140.37
157.04
167.00
164.72
201.48
183.63
162.85
174.02
170.88
166.79
174.19
163.96
181.81
177.73
179.33
183.11
143.36
138.91
165.53
141.00
183.47
169.39
170.23
160.39
177.16
173.12
172.96
176.46
169.70
159.15
164.55
170.77
140.98
141.49
148.43
153.27
156.46
169.11
131.10
143.46
155.00
164.23
168.39
138.65
148.88
176.45
180.36
166.89
185.10
180.96
190.18
173.27
182.90
179.36
183.04
195.47
224.22
228.23
185.75
159.53
158.46
160.29
173.77
173.30
183.58
140.48
142.71
152.65
147.63
161.89
159.58
150.03
166.84
172.48
134.37
175.54
142.73
149.31
159.87
154.88
172.78
163.53
252.83
284.11
237.65
183.21
210.62
244.33
213.00
192.07
199.70
206.11
166.74
202.94
201.51
158.71
157.75
171.79
170.21
170.85
184.77
145.15
148.02
148.23
159.76
178.87
144.02
145.71
152.98
156.69
170.52
142.11
141.66
158.37
157.95
175.28
141.80
164.75
159.70
180.08
175.24
168.12
180.05
134.26
149.88
149.03
168.12
167.16
172.47
181.43
142.09
192.78
149.92
184.36
168.20
177.31
181.49
196.01
166.46
169.08
179.34
161.68
173.03
173.06
184.80
183.09
181.60
178.21
135.56
151.56
168.64
179.22
133.24
140.26
150.64
164.58
167.82
176.46
180.61
145.57
147.67
163.84
174.22
174.71
142.09
155.28
154.47
171.89
190.26
179.89
138.94
155.62
170.58
141.21
156.53
167.26
141.54
155.86
172.98
136.63
146.29
139.54
155.64
170.22
166.34
137.21
158.37
173.30
183.01
134.49
152.68
152.74
153.87
158.32
172.17
139.44
185.51
179.52
195.40
182.87
200.37
177.50
136.97
241.55
224.65
200.95
205.49
141.81
141.17
157.71
157.98
172.48
132.50
152.38
145.27
164.34
165.48
179.51
136.92
147.11
155.26
168.19
138.35
156.18
156.03
176.67
180.39
174.54
136.21
160.25
167.85
135.03
148.12
163.18
171.42
178.00
142.64
150.50
155.41
166.99
175.46
183.91
149.22
143.65
151.93
155.60
171.99
179.67
142.82
144.50
149.34
165.89
139.37
148.21
150.61
158.30
183.79
138.75
160.71
172.19
132.63
149.05
156.97
172.36
177.23
142.71
150.05
160.39
170.85
182.83
143.05
141.40
155.47
180.98
186.44
161.70
160.71
175.95
187.27
144.16
140.90
149.03
164.58
172.62
167.05
138.15
146.40
153.28
164.79
173.61
186.48
169.04
133.56
145.43
163.40
165.24
169.92
183.31
150.07
149.26
138.23
201.42
405.85
135.69
156.38
169.14
179.79
148.87
160.03
159.57
124.55
141.14
162.97
132.49
143.83
162.87
169.06
135.83
156.26
126.94
141.68
164.66
133.44
152.10
154.09
132.01
138.39
162.81
132.94
152.03
174.17
150.07
157.64
130.01
138.75
157.79
125.18
146.11
156.20
135.15
170.52
142.50
170.13
136.73
151.86
126.68
145.17
160.26
179.17
143.96
160.43
131.05
144.56
153.34
133.07
137.20
158.87
157.49
177.72
150.13
134.34
191.10
144.63
148.67
141.99
150.96
165.43
134.97
164.01
127.23
161.52
161.57
150.09
144.56
171.40
140.81
153.30
172.32
152.87
173.53
133.92
155.68
173.89
134.88
142.29
160.17
135.46
157.10
161.78
138.66
147.12
172.40
137.50
150.97
171.19
144.25
158.62
172.96
137.25
155.03
162.15
166.47
166.51
172.83
140.20
160.09
128.57
160.02
128.04
156.21
126.29
145.53
155.74
169.53
173.66
149.51
156.94
130.92
138.97
164.50
133.31
149.45
165.87
145.77
153.15
127.98
133.36
157.23
175.11
140.39
142.13
166.12
143.76
169.28
140.29
169.24
174.27
152.98
161.16
131.97
153.70
161.95
126.97
174.65
138.33
148.95
163.81
159.97
175.12
138.74
158.19
162.74
173.59
178.77
150.29
153.46
165.18
129.16
142.13
158.56
166.80
166.95
141.66
143.87
164.32
170.23
141.42
157.87
132.44
148.99
165.69
168.79
155.41
131.42
152.10
122.64
155.57
165.11
148.02
167.92
145.59
156.34
134.67
144.19
124.22
135.80
158.72
167.11
150.37
164.52
141.19
146.62
172.50
141.93
162.38
134.13
169.22
143.49
135.62
156.88
131.83
147.91
120.63
140.85
165.05
143.67
161.77
123.99
153.79
128.42
149.85
170.80
136.98
162.45
133.07
153.99
128.51
160.33
131.83
154.44
125.95
159.93
168.05
147.11
156.76
180.46
126.54
145.88
155.85
131.94
188.69
174.26
139.33
135.86
146.61
165.64
130.16
164.63
138.81
162.57
134.35
144.52
166.94
140.12
159.87
132.80
152.38
158.38
131.40
147.58
171.40
132.15
148.05
154.30
133.82
143.42
170.13
136.07
153.19
127.34
141.38
169.75
146.58
157.54
130.98
143.25
163.15
135.22
154.16
129.21
149.36
164.27
173.64
133.59
156.87
126.61
147.25
166.94
184.01
251.43
155.63
175.38
179.54
144.81
160.48
127.00
142.00
163.86
133.67
150.54
170.58
132.20
142.47
164.87
128.17
144.14
160.20
133.93
147.25
123.69
136.64
165.18
127.66
158.17
126.58
142.34
168.34
143.31
158.39
169.87
135.83
165.36
136.15
152.32
128.37
158.34
126.24
147.19
166.20
127.90
146.50
158.68
144.70
151.23
132.80
155.34
126.54
142.96
164.31
128.51
154.23
127.78
160.16
131.71
162.90
133.74
166.87
141.10
127.48
148.27
170.67
139.08
165.48
133.49
165.27
126.86
145.22
162.95
128.40
166.78
171.89
289.88
141.24
147.24
165.45
134.74
151.97
155.01
154.46
139.02
144.26
170.60
138.82
150.40
176.66
138.49
159.84
126.74
147.05
174.63
135.02
147.67
171.87
141.39
158.21
128.72
150.80
171.14
136.76
166.32
157.30
133.85
140.97
167.02
143.48
182.21
142.69
127.93
137.74
163.36
136.04
156.03
127.48
141.67
166.96
129.23
140.61
165.89
168.92
147.32
148.16
156.47
127.33
155.18
128.01
153.00
168.11
144.00
155.17
133.39
142.03
172.52
143.06
167.96
133.31
168.20
138.28
154.78
166.97
149.00
155.72
131.84
150.87
124.25
154.06
178.87
281.42
159.14
159.71
166.27
181.52
138.04
165.44
170.28
154.30
160.42
138.21
143.70
172.21
141.78
150.70
126.24
154.43
130.42
161.27
139.02
149.63
172.85
138.70
145.89
169.45
142.57
159.61
128.19
148.74
154.15
130.33
135.13
161.42
132.00
154.24
170.52
277.42
189.40
132.83
163.66
175.84
136.54
138.50
147.75
154.80
162.17
170.15
133.57
149.20
155.59
168.82
174.28
143.12
157.81
128.39
285.97
181.69
158.73
158.45
131.18
134.71
153.31
169.53
140.36
149.60
195.78
131.21
150.77
165.97
16.09
31.59
30.73
48.34
48.05
32.10
32.01
31.67
47.65
48.23
29.59
32.49
32.52
45.99
47.66
46.75
32.32
31.69
47.78
46.45
47.65
15.88
16.22
15.31
15.49
16.63
15.26
32.03
32.49
176.39
126.25
155.51
134.03
161.39
138.70
163.88
138.28
165.25
126.89
149.61
127.41
153.01
131.45
156.64
133.86
161.29
139.73
163.71
137.86
157.42
186.60
248.03
162.77
138.45
159.69
133.64
156.51
173.87
143.03
160.11
174.70
142.34
158.16
126.47
145.83
166.75
143.68
162.98
136.89
159.14
132.44
157.66
133.53
160.61
137.01
159.59
138.72
160.15
137.19
159.99
138.74
149.62
142.04
151.49
258.74
140.23
140.67
162.91
172.61
143.49
158.12
173.72
139.54
159.27
174.33
142.20
316.37
232.84
220.20
195.32
175.71
182.42
140.10
184.94
183.51
149.18
163.18
217.01
185.43
159.55
150.34
169.42
179.43
142.72
157.34
170.41
137.17
148.91
260.18
246.51
220.12
166.87
183.68
157.68
168.58
170.57
186.35
187.95
141.34
149.26
150.14
158.01
172.53
165.60
172.82
143.08
158.90
158.37
130.70
141.10
157.58
174.24
143.92
149.16
165.97
127.50
150.68
159.85
134.09
155.99
170.71
144.09
157.98
168.82
137.28
154.22
173.66
141.84
204.44
286.57
164.30
221.73
190.34
184.77
159.70
151.25
159.90
170.08
138.45
234.75
133.38
146.20
154.49
154.71
165.64
138.39
159.19
129.54
153.71
126.30
154.73
124.93
145.51
124.95
149.36
169.00
277.87
166.54
150.40
173.59
142.35
159.92
139.17
160.68
135.90
154.44
127.91
147.35
169.33
139.35
159.54
134.50
159.39
134.87
153.89
181.05
278.75
165.38
165.62
134.49
154.43
127.92
154.91
122.64
143.82
168.65
144.22
168.17
188.32
149.28
149.37
239.49
171.46
144.31
301.22
245.16
191.89
245.24
186.21
174.55
135.72
146.12
154.57
170.43
170.60
143.79
222.37
170.41
215.55
323.82
184.63
380.55
175.96
141.83
160.19
175.36
142.76
168.86
138.52
159.45
133.35
152.42
125.72
149.38
122.61
149.25
127.38
150.84
126.61
152.86
124.96
134.91
158.08
133.54
153.73
132.68
204.93
266.60
133.40
155.81
128.28
149.52
174.24
138.52
155.67
170.87
144.08
168.71
138.67
159.81
132.67
152.98
124.88
152.12
124.90
148.86
221.06
276.32
128.36
131.01
154.80
127.88
143.62
168.54
137.31
159.34
131.08
151.84
123.28
143.06
165.65
141.87
290.32
175.22
175.44
144.49
160.02
133.15
154.63
127.82
153.37
168.77
143.79
165.59
138.56
159.13
133.67
149.45
122.46
149.69
125.97
152.03
266.78
156.30
146.98
170.82
140.80
157.76
131.43
149.40
164.26
131.65
155.40
171.52
138.75
159.71
133.80
157.86
126.01
147.34
126.91
144.32
167.48
143.95
164.99
142.12
212.12
259.78
141.93
157.34
128.29
152.33
170.92
138.39
161.02
133.98
154.94
128.42
148.35
163.64
135.93
157.56
293.18
130.01
149.70
174.95
133.44
146.82
161.00
154.35
165.71
180.68
142.85
155.87
126.42
145.61
166.83
141.44
159.70
138.24
158.64
130.24
151.33
124.07
150.85
123.47
142.44
165.56
144.27
159.98
142.07
160.56
133.64
158.88
132.07
158.15
126.83
157.56
134.76
154.73
126.16
146.79
167.62
141.25
165.10
142.59
160.51
138.19
157.86
131.20
154.02
170.62
281.43
166.81
157.75
170.24
142.17
145.79
150.54
302.57
173.20
218.30
187.74
162.93
215.31
188.15
166.94
133.70
154.84
154.87
154.33
166.29
174.38
142.12
151.33
160.81
159.12
175.99
133.15
149.00
159.89
167.32
181.66
136.78
146.52
209.76
154.34
165.52
132.89
152.59
167.31
142.93
157.13
127.52
148.42
164.67
126.42
150.47
170.13
141.02
155.87
127.95
148.33
165.91
132.89
154.88
127.94
148.22
166.17
135.12
150.73
170.51
142.56
159.05
132.24
147.43
164.47
136.83
152.24
170.18
140.23
160.00
134.29
149.89
170.10
142.18
159.96
276.33
236.36
139.25
152.72
160.71
175.11
142.09
157.65
175.22
140.68
155.46
168.44
136.18
150.58
170.18
395.84
247.45
146.51
190.69
231.20
172.30
173.68
176.23
194.44
207.04
215.93
176.59
173.34
213.81
142.41
158.94
167.45
268.84
395.98
178.55
139.36
144.63
169.43
131.50
145.21
160.30
128.13
151.26
165.58
169.79
140.29
200.03
258.82
165.84
137.07
149.57
165.63
134.70
152.97
170.45
136.74
151.51
163.29
135.66
146.33
166.63
229.00
252.81
141.39
156.18
172.68
137.57
151.84
169.87
133.41
150.43
167.19
133.94
144.77
164.78
128.94
280.78
206.40
167.37
175.21
158.60
135.51
145.81
160.32
173.18
139.99
156.88
175.93
141.76
154.40
156.91
307.54
179.31
174.23
139.02
155.88
174.23
141.87
153.75
139.61
13.57
47.10
46.23
30.54
16.04
22.25
15.25
32.22
32.44
29.41
46.18
16.12
15.81
15.69
15.43
11.15
46.93
14.81
7.00
25.80
9.98
10.14
29.37
29.70
46.50
45.52
5.00
9.72
154.24
82.03
108.01
80.66
104.61
69.83
97.43
70.10
94.77
73.07
100.77
74.17
74.97
91.43
90.21
94.49
90.13
109.69
108.13
109.88
108.61
107.90
78.17
82.41
83.90
83.71
107.64
108.03
95.85
83.50
115.96
107.52
79.73
94.52
77.08
76.90
84.04
81.13
88.36
90.72
109.57
106.69
108.83
104.57
106.66
120.82
122.91
77.67
78.09
94.10
92.91
93.25
90.51
114.49
122.42
86.01
75.89
66.57
117.61
90.21
84.20
76.96
93.13
107.90
101.78
101.40
110.03
112.58
118.55
125.10
88.99
75.51
69.96
87.38
109.37
90.98
100.62
89.87
104.09
112.90
109.26
123.77
89.62
87.11
88.14
74.00
102.15
100.37
87.99
109.47
121.87
107.61
117.04
108.62
116.12
109.19
120.65
129.26
89.93
97.19
105.24
108.71
108.96
108.09
109.61
109.15
118.59
125.46
132.35
135.10
93.39
90.86
98.86
79.04
109.26
118.98
97.94
108.69
122.12
127.92
89.03
97.54
92.29
92.04
92.54
102.02
103.95
117.62
110.77
109.47
118.77
83.32
68.61
72.49
88.43
85.17
99.55
107.31
92.50
94.24
103.53
108.94
116.92
109.19
115.61
116.45
117.12
129.73
90.85
93.35
93.91
105.29
113.00
107.90
110.56
117.56
107.99
122.76
122.22
87.64
97.85
89.32
98.39
87.30
108.01
120.88
108.11
114.86
99.98
110.14
121.11
88.87
74.38
93.72
93.08
105.98
108.37
87.15
109.64
108.34
122.15
125.98
123.09
122.33
124.30
91.18
93.84
77.90
92.40
103.83
88.47
105.88
108.22
124.48
125.63
123.67
124.77
120.06
121.02
122.01
120.50
119.32
121.90
129.03
88.99
101.98
113.04
114.55
117.21
133.05
126.82
125.69
89.38
70.97
100.08
100.08
85.34
105.94
118.16
110.62
104.30
115.16
124.74
90.13
98.92
94.47
100.11
108.26
107.79
104.11
114.89
109.72
117.25
122.89
118.40
128.12
92.25
86.82
89.26
107.20
109.06
108.85
99.74
114.21
119.59
86.33
88.87
91.33
96.83
93.15
98.63
107.51
91.54
101.90
112.59
108.49
112.30
116.60
128.74
122.71
129.01
91.70
91.11
100.03
73.89
101.91
108.62
111.69
117.04
132.73
89.75
100.81
127.07
92.56
76.34
110.37
107.16
109.14
116.38
100.62
110.23
120.67
130.96
89.43
71.13
74.33
100.45
100.18
106.96
92.20
98.87
105.37
92.78
100.96
102.80
111.85
118.25
120.55
128.69
87.38
85.01
114.39
104.56
108.22
116.54
118.16
127.39
109.97
119.05
83.35
84.14
76.83
77.19
92.59
92.30
92.41
102.27
95.21
105.02
116.92
127.20
93.63
94.47
94.09
89.68
79.79
109.78
103.30
116.09
79.43
75.03
113.84
116.46
104.41
114.78
122.40
128.24
92.60
101.73
85.92
98.82
101.67
99.92
106.11
110.99
111.22
118.77
125.17
86.18
94.82
88.60
104.20
92.33
92.20
85.48
106.29
116.93
125.60
125.23
124.51
86.63
85.64
99.11
88.06
92.62
93.19
102.39
105.71
101.99
110.26
120.76
125.15
125.69
86.81
73.55
77.58
91.12
91.78
103.93
112.59
111.12
108.39
117.77
108.70
119.14
127.80
91.09
100.02
112.94
137.37
86.19
101.52
109.38
102.40
111.00
122.72
85.51
98.30
128.51
117.19
125.44
88.80
99.93
105.33
114.88
115.09
119.87
82.85
105.91
123.44
85.32
96.84
93.02
96.75
105.87
108.11
118.76
107.34
115.60
127.00
90.72
100.53
110.33
124.36
84.02
95.37
106.19
116.04
108.81
118.65
131.38
92.93
107.28
116.43
125.07
86.60
84.51
78.26
103.63
104.22
110.60
108.27
109.60
111.31
123.18
125.22
122.60
88.15
74.12
91.77
105.42
91.68
105.18
99.21
112.76
123.19
124.41
86.36
77.90
134.67
86.95
86.72
88.90
105.55
108.29
108.71
87.09
99.04
107.08
108.13
112.16
78.06
76.64
74.54
87.46
91.89
102.49
90.57
103.62
115.73
107.69
116.68
114.08
125.73
120.92
85.49
98.31
108.32
97.60
100.36
113.23
88.95
109.14
118.87
123.05
119.07
124.26
88.08
75.20
76.06
91.98
105.69
92.32
104.70
107.83
115.21
128.05
95.05
88.38
87.50
127.59
84.84
86.40
88.72
102.85
92.04
103.66
106.56
121.12
106.93
116.68
83.40
88.11
79.62
77.44
78.29
107.88
98.66
113.16
108.02
123.00
107.55
111.27
82.80
73.63
88.95
89.73
92.94
106.88
90.85
103.01
107.43
92.32
105.86
118.48
81.71
77.42
78.76
79.97
97.06
100.37
104.23
107.96
124.82
109.00
114.30
115.29
119.26
124.35
78.44
95.10
90.75
85.12
88.96
89.64
88.08
109.97
122.25
107.01
108.33
120.67
86.26
76.29
76.65
95.26
106.31
101.34
104.62
98.91
106.62
105.28
109.53
108.34
108.79
99.38
108.56
111.95
102.20
112.06
110.53
155.13
132.12
122.49
119.26
123.22
124.80
126.24
91.21
100.39
107.76
115.45
110.43
108.09
106.98
105.33
107.70
110.53
254.12
121.58
129.30
111.84
149.57
143.97
127.79
164.76
102.54
137.01
121.13
155.62
139.80
129.40
122.93
115.85
135.03
127.84
117.31
148.87
136.28
161.33
128.10
148.06
158.02
127.71
147.39
160.94
131.86
152.92
136.93
151.93
141.21
160.28
143.15
114.95
147.68
126.26
154.71
121.91
148.07
129.74
114.89
142.97
143.81
146.65
164.48
140.25
154.06
120.51
141.10
160.24
127.10
152.96
166.22
135.08
152.51
161.61
174.26
136.24
147.69
166.08
140.75
160.36
164.39
136.22
141.13
163.11
127.76
156.03
157.18
142.78
147.89
209.17
101.57
109.24
142.51
132.90
124.20
123.97
118.12
122.26
123.90
122.21
167.91
135.28
130.94
136.65
131.53
122.10
110.28
101.49
150.56
146.99
112.14
137.34
127.68
127.42
125.07
118.22
119.73
117.88
125.20
116.55
118.46
108.63
111.51
102.62
104.85
152.43
230.60
135.10
132.72
137.47
117.28
116.75
101.38
146.13
96.13
101.36
101.37
96.11
104.95
115.47
123.24
133.11
91.66
98.97
97.87
91.15
98.49
104.75
114.20
120.96
128.31
124.27
133.50
94.49
103.17
105.31
112.09
117.11
118.97
122.02
127.28
130.35
135.13
135.81
91.21
98.63
101.18
105.99
115.53
125.66
86.46
98.27
105.29
115.43
102.43
97.74
104.22
112.58
120.14
124.02
132.83
94.56
137.51
93.94
105.49
110.24
116.82
123.74
127.88
120.84
111.26
115.64
123.86
127.43
135.09
90.92
97.23
92.58
100.12
105.74
106.20
106.66
108.67
116.11
123.64
126.56
134.79
91.51
99.86
104.29
108.86
102.18
106.20
115.00
120.51
125.15
129.78
89.31
94.72
134.80
94.08
98.11
102.35
109.77
112.89
116.73
123.69
118.66
122.33
124.92
128.73
131.55
130.93
132.19
128.21
133.88
133.14
134.62
132.09
133.84
129.83
134.09
131.10
134.69
134.67
131.25
126.76
124.16
120.33
121.07
124.01
121.30
117.82
120.38
118.60
116.63
114.82
111.61
110.67
119.24
107.74
107.65
124.29
125.33
123.47
129.09
126.51
132.67
135.11
126.85
131.81
127.99
127.95
122.27
121.92
120.58
114.18
118.72
120.00
120.45
119.20
115.25
114.92
111.28
111.06
111.12
112.95
117.63
115.28
116.16
113.95
117.06
118.75
122.80
128.07
131.49
136.50
119.75
108.25
109.47
114.17
114.87
115.14
112.07
117.03
114.58
114.28
114.46
112.44
106.35
103.19
117.57
103.96
102.89
109.49
112.58
113.49
114.04
116.64
104.26
107.71
109.71
113.26
116.76
115.65
108.55
109.36
106.82
109.03
114.15
122.02
127.29
117.05
150.16
141.87
138.92
125.28
114.29
108.82
108.54
101.46
104.30
104.99
110.37
109.95
108.74
108.11
100.17
103.16
105.93
105.24
106.34
107.60
107.74
99.05
99.19
100.02
101.28
97.70
96.79
97.02
93.21
97.23
105.26
112.01
114.05
116.79
123.08
124.04
134.66
119.22
123.92
132.20
90.91
95.18
95.17
103.40
106.38
110.38
116.96
122.54
129.21
105.80
120.47
124.83
84.86
99.99
108.39
119.15
83.56
90.54
92.59
104.63
116.77
129.53
92.88
100.52
105.81
107.92
115.71
128.88
95.39
104.68
106.18
105.81
152.01
136.09
118.21
122.32
82.84
92.72
93.17
102.40
125.29
121.92
123.36
129.94
89.22
101.74
107.86
113.57
114.12
123.93
89.70
100.40
106.70
118.09
126.13
89.29
129.62
89.70
101.07
110.64
118.09
128.46
89.63
91.40
99.90
111.88
122.53
131.15
84.57
97.76
100.98
104.31
117.15
125.26
85.85
96.83
93.90
117.92
126.31
120.45
131.36
92.83
105.95
114.42
124.87
87.93
97.01
95.46
109.80
125.46
92.67
109.96
122.46
88.27
102.40
102.40
116.04
127.98
89.95
100.97
107.07
114.77
121.69
123.78
135.35
94.66
105.58
110.16
117.99
125.17
88.33
94.43
101.38
106.96
122.53
131.63
96.25
107.00
94.87
103.97
116.40
125.81
89.93
97.36
100.54
107.87
109.24
120.61
86.03
96.16
99.43
106.46
112.80
132.40
97.03
106.98
108.59
124.99
132.94
91.85
103.80
89.83
96.80
108.22
118.26
124.69
84.60
95.11
102.23
95.09
98.54
109.18
123.18
121.91
84.82
92.96
90.17
100.13
110.07
122.41
87.74
104.28
107.16
115.47
115.56
125.11
93.64
107.54
116.04
125.31
87.24
97.48
97.01
107.24
117.78
126.81
91.72
105.44
128.00
88.98
102.80
115.17
129.81
93.19
106.85
117.98
122.99
87.87
96.06
104.63
118.50
84.37
94.70
101.83
113.58
122.17
84.35
100.09
107.28
118.06
127.17
90.67
105.89
107.05
118.03
130.03
91.09
103.70
105.37
120.45
127.37
137.50
129.97
92.72
107.35
114.59
124.76
85.62
100.59
99.68
111.49
121.58
87.29
100.56
113.93
122.92
87.04
98.41
103.46
118.18
85.03
90.47
113.10
125.83
85.20
97.17
92.41
105.07
118.77
85.92
97.66
97.32
106.45
119.37
124.46
87.41
100.84
111.63
122.12
87.90
103.65
109.33
116.50
127.16
93.96
103.38
110.33
116.43
121.04
82.85
94.96
101.09
114.81
81.94
98.21
110.95
93.29
109.30
108.86
113.01
131.40
94.37
109.98
113.58
118.19
83.27
88.34
102.17
116.24
83.74
96.77
105.78
115.71
125.68
90.60
104.07
115.65
128.76
93.77
111.05
120.71
126.32
121.56
128.07
135.44
127.59
87.89
97.72
100.21
99.76
106.79
112.66
119.58
122.56
127.01
134.99
92.51
94.23
98.01
102.30
106.21
112.22
118.98
123.44
126.94
86.24
96.25
101.95
110.04
113.31
119.71
124.51
129.82
91.30
100.89
105.93
109.28
114.41
108.38
102.27
112.33
122.30
128.30
130.51
136.44
94.40
102.25
99.43
104.85
106.30
114.59
118.89
126.92
97.05
91.12
97.30
107.91
106.85
119.60
128.60
87.62
94.37
136.36
95.45
106.13
107.86
114.76
118.07
121.48
128.34
131.88
140.96
90.57
100.74
103.64
109.38
117.99
119.88
127.00
131.68
92.06
105.39
112.22
117.03
121.63
113.55
123.51
128.05
136.01
95.35
103.38
98.45
142.94
94.86
103.65
103.00
106.71
111.95
116.16
135.34
128.36
135.84
94.06
100.04
104.65
110.31
115.01
108.41
117.52
128.08
91.93
105.45
109.90
114.91
119.15
121.45
89.76
96.81
97.86
103.94
108.12
116.00
124.45
130.77
94.14
109.56
111.50
117.24
124.81
88.13
87.98
97.07
107.94
118.30
130.63
92.52
102.35
106.32
105.45
115.01
125.76
90.59
102.96
106.17
110.26
116.76
115.96
124.96
86.46
91.07
101.57
106.97
111.64
119.59
120.48
88.18
99.66
106.01
115.12
121.55
126.70
123.17
130.82
90.21
99.80
107.61
113.79
119.31
119.31
114.96
124.62
127.38
91.03
102.65
102.37
112.77
114.94
120.08
129.96
91.41
105.24
112.89
119.77
128.77
93.07
103.30
108.90
120.96
82.46
94.86
102.79
111.32
108.41
118.62
122.99
87.23
95.53
99.23
106.12
114.93
124.55
86.49
96.56
102.78
113.48
122.23
85.61
137.77
93.27
104.20
115.28
113.45
123.72
88.67
98.57
104.90
112.27
126.30
90.59
104.92
118.91
83.46
94.47
89.23
102.40
117.95
126.17
127.33
88.61
99.17
100.15
108.87
117.34
127.11
93.15
98.31
114.39
125.54
87.07
135.54
94.52
107.98
113.26
119.94
129.24
90.85
102.04
97.48
109.46
115.87
133.77
99.78
114.73
117.81
116.44
128.36
96.59
108.28
119.17
129.63
90.64
98.42
100.01
110.90
121.74
87.37
98.86
103.83
114.37
125.86
86.63
103.39
109.00
120.40
83.08
95.39
96.80
126.94
120.69
136.19
95.32
111.00
117.60
130.31
91.20
104.14
106.00
115.96
126.52
89.27
95.29
108.73
120.20
82.10
91.92
101.52
111.14
119.03
82.58
137.16
86.91
107.40
98.88
109.37
119.50
84.66
98.62
103.48
109.22
105.52
108.97
110.66
118.19
121.10
128.94
90.74
101.32
104.25
118.75
83.50
98.39
100.42
101.65
103.35
109.60
104.64
104.21
108.56
109.66
123.56
86.47
93.68
90.27
97.55
106.81
115.23
121.67
124.84
129.79
130.43
131.16
132.07
94.07
101.20
103.52
108.91
106.85
109.12
114.21
120.47
122.83
137.69
99.53
105.31
137.28
95.99
143.80
140.14
91.99
142.06
132.69
120.66
120.81
127.57
131.74
131.89
130.98
124.57
123.98
130.62
92.92
98.61
100.09
104.62
109.11
114.68
117.51
126.90
89.95
140.36
131.55
122.48
96.87
93.96
93.11
103.45
97.88
95.77
99.02
99.49
95.40
148.03
98.00
104.42
102.16
101.43
103.67
140.05
139.97
142.07
138.53
142.02
141.60
127.93
114.53
106.29
99.04
99.74
146.93
139.69
126.33
120.03
114.06
111.54
108.94
106.18
145.59
132.18
130.71
123.01
121.60
112.91
109.39
101.12
138.33
139.08
137.40
134.65
127.00
119.11
118.49
119.54
101.28
104.34
110.40
111.01
111.49
113.32
106.37
110.07
110.08
109.22
107.08
102.60
101.18
98.16
103.62
103.19
103.83
102.06
106.45
106.81
97.94
98.12
103.49
111.72
117.97
121.72
125.90
118.54
122.26
113.10
116.86
119.80
118.23
114.12
103.83
104.81
111.61
113.45
119.02
113.25
112.11
108.78
114.36
117.49
125.16
126.35
124.40
129.98
123.61
131.65
127.64
132.60
136.39
93.22
101.75
109.66
104.66
161.37
92.24
97.19
102.86
104.61
105.85
100.19
141.75
92.52
138.77
90.99
144.03
149.73
133.45
139.20
139.08
142.97
89.89
97.06
101.02
102.90
96.46
103.57
111.09
116.98
120.63
122.53
128.59
126.16
131.17
96.47
103.50
99.66
103.62
108.04
106.39
109.56
101.78
102.51
93.35
98.88
96.37
101.70
106.98
115.59
118.62
123.43
132.01
119.07
120.93
126.28
122.54
121.90
125.92
116.38
103.05
103.33
94.04
147.24
96.24
97.67
96.50
97.46
134.10
133.94
134.60
136.57
124.85
108.00
98.17
91.99
98.72
102.37
110.61
115.99
121.41
124.06
125.82
123.97
125.58
121.05
126.16
129.90
132.51
131.05
129.85
134.00
91.80
140.79
90.28
101.26
136.52
132.67
135.12
95.85
103.24
107.50
112.46
112.06
105.15
108.04
115.00
114.84
110.06
116.11
115.68
115.87
111.84
120.05
120.28
120.67
123.46
123.24
125.40
125.01
128.23
127.78
93.70
103.79
105.06
107.10
99.29
103.96
108.40
110.99
104.60
107.92
112.44
113.78
115.51
124.88
128.79
91.50
99.17
98.66
99.25
96.18
102.29
98.38
107.74
116.41
133.70
94.58
93.69
97.10
109.63
120.07
124.75
124.57
85.71
91.90
97.27
107.21
120.19
82.55
96.09
107.45
119.89
87.07
99.51
99.26
105.35
125.06
90.76
106.73
101.77
111.66
116.32
124.71
87.19
93.28
95.34
107.16
113.80
108.65
117.46
85.47
98.57
108.98
114.59
123.69
86.47
98.37
96.57
104.84
118.91
82.87
93.01
100.07
108.30
106.02
104.15
108.73
113.97
116.50
114.95
124.06
129.99
91.92
104.58
106.08
118.72
122.72
126.60
90.64
101.06
103.70
108.88
111.95
119.75
83.76
94.61
114.10
112.37
124.66
84.05
97.81
107.67
115.26
118.79
127.70
86.37
97.01
104.40
110.54
131.73
95.98
110.17
123.46
123.69
137.67
91.85
103.03
107.68
117.17
121.94
84.80
130.56
92.37
103.27
104.46
110.80
114.04
115.24
117.84
128.71
89.99
97.34
99.09
106.60
113.45
118.00
128.75
93.00
97.75
100.88
107.07
116.21
125.98
119.08
126.88
89.52
100.18
101.82
112.41
115.79
116.58
116.83
127.77
132.27
92.59
100.05
98.94
101.49
106.78
113.88
112.84
116.16
123.80
145.06
102.10
100.20
102.83
113.87
124.51
86.58
100.37
101.16
107.18
100.58
109.11
117.64
126.66
91.22
92.85
93.70
100.27
105.11
115.19
122.97
86.20
98.34
99.56
105.13
113.59
111.66
117.72
120.60
125.45
85.84
94.11
97.70
96.92
105.60
109.55
121.71
129.34
90.94
102.67
110.08
101.72
110.80
114.21
127.37
87.69
98.96
102.97
109.57
107.99
115.45
121.44
125.66
88.88
94.08
101.09
109.04
118.30
128.07
95.57
104.33
109.02
120.88
124.86
87.59
144.91
130.66
89.70
101.67
116.03
129.04
93.01
91.37
99.36
108.75
119.34
128.71
92.01
99.64
105.68
108.72
117.89
83.42
92.68
100.79
110.42
117.84
83.53
93.58
104.49
113.41
121.91
87.79
98.14
106.82
115.66
127.04
93.54
105.16
114.06
126.42
90.73
105.86
94.51
107.35
122.18
83.04
99.30
105.49
119.32
125.77
90.64
141.67
89.89
99.43
108.42
116.42
125.49
90.71
99.89
107.74
119.68
83.00
95.09
102.90
114.85
93.45
90.60
98.65
113.02
122.04
89.08
103.39
109.80
117.35
118.81
83.04
97.19
106.25
112.18
118.44
113.78
92.05
72.86
97.20
77.39
111.09
89.98
72.90
104.33
87.19
69.80
96.95
66.42
98.38
81.22
111.60
92.51
77.01
104.71
85.68
71.16
101.42
67.94
100.33
83.20
68.38
100.36
84.24
68.80
101.39
83.34
65.38
97.17
118.29
83.65
99.87
110.85
118.78
86.11
98.06
107.33
113.27
126.18
90.91
103.39
113.42
125.94
89.57
103.32
112.65
116.61
129.14
94.77
107.12
112.04
116.02
113.14
125.14
90.05
100.52
105.29
111.16
119.26
126.77
89.37
95.65
101.68
101.41
104.62
114.69
116.21
120.04
129.15
88.84
100.93
100.62
113.12
113.99
121.33
128.08
90.37
103.80
107.08
114.79
123.08
125.74
133.43
90.29
127.98
129.71
133.58
88.37
92.09
96.26
131.84
135.27
131.14
133.84
90.13
98.08
92.03
97.84
95.10
97.24
96.90
104.79
106.87
108.63
112.14
108.72
112.41
119.37
123.46
126.68
127.15
130.84
91.37
144.08
130.59
129.25
126.29
121.47
130.69
115.09
119.97
118.02
114.83
108.86
111.64
114.92
106.56
111.16
116.10
121.58
122.25
126.38
129.55
129.49
136.01
136.25
90.38
95.15
96.65
98.37
102.30
103.75
110.44
110.83
120.75
124.94
127.42
93.99
131.08
134.28
92.53
103.07
104.29
105.35
108.26
105.10
111.01
88.91
70.44
95.41
73.76
107.08
89.99
72.50
99.67
79.44
108.29
99.05
102.26
72.16
77.37
70.34
94.03
113.63
87.82
82.55
100.87
99.75
102.30
107.45
102.10
106.99
76.51
107.49
77.04
76.14
77.63
104.14
90.40
94.18
75.54
99.01
106.96
108.42
124.44
113.05
120.71
127.90
121.59
129.07
86.89
96.53
91.80
145.37
96.03
101.34
106.62
111.93
110.04
111.16
116.64
127.16
90.45
93.87
95.15
94.35
93.12
94.74
99.33
105.84
112.30
105.99
100.03
102.79
93.70
99.46
98.17
108.26
103.01
99.71
103.08
105.53
103.83
110.76
117.65
113.61
119.68
118.46
119.44
126.01
83.97
145.51
132.29
132.60
92.21
96.60
100.50
109.52
114.85
120.26
90.70
102.29
109.23
118.88
119.74
125.89
128.81
132.31
102.28
111.47
115.28
105.90
116.08
128.20
91.14
102.85
109.92
117.16
108.15
103.79
112.65
117.04
127.73
87.41
139.01
132.20
126.01
126.57
133.09
94.17
77.46
74.42
98.23
86.61
88.20
104.37
110.95
115.10
93.40
97.46
105.92
114.42
123.25
126.65
97.16
88.61
104.39
110.66
100.32
106.00
113.67
121.99
128.92
123.98
85.92
135.86
87.97
97.93
101.94
92.98
103.06
111.56
100.99
104.27
101.13
107.40
111.65
115.83
125.30
86.19
72.46
95.67
80.99
98.96
101.35
108.70
116.09
106.49
106.40
115.39
116.36
85.20
94.46
89.07
97.36
97.08
106.65
114.84
106.78
116.30
109.67
115.70
117.08
125.28
84.64
85.58
101.07
92.78
99.29
105.40
105.40
110.36
116.74
122.40
122.79
127.25
85.22
91.02
91.74
99.78
107.35
112.50
116.40
120.52
109.37
117.91
123.94
118.81
126.85
133.23
93.38
100.31
92.48
103.39
111.51
108.32
115.70
121.32
124.34
127.51
125.48
131.65
87.00
88.35
92.94
101.44
90.41
94.60
104.31
93.60
97.87
116.12
127.01
85.57
125.34
87.39
81.58
100.03
113.69
119.92
83.13
97.79
103.98
109.90
114.12
115.95
124.60
133.72
119.80
130.13
90.19
100.57
102.58
91.36
97.81
106.00
106.80
114.69
122.19
128.43
87.94
91.21
97.47
91.35
104.07
102.29
103.79
113.53
121.86
130.41
125.43
125.25
88.36
98.65
100.78
100.32
102.01
104.11
106.22
116.16
114.93
121.29
129.08
88.96
92.40
91.12
92.05
95.90
105.39
109.83
112.52
91.03
94.20
97.09
106.74
116.50
118.55
123.89
131.43
130.67
89.45
98.37
102.62
107.33
113.36
128.03
89.80
147.96
103.72
113.42
113.22
115.55
120.82
126.72
129.39
87.32
89.50
97.98
106.14
112.33
118.28
123.16
127.84
128.31
123.36
128.34
96.60
107.20
111.73
115.80
111.26
119.27
123.79
128.51
135.45
130.53
87.65
94.54
91.95
94.92
106.24
111.07
114.22
121.30
126.46
135.87
93.17
101.86
103.06
114.42
118.62
118.42
118.56
123.83
127.10
91.44
100.39
99.39
106.55
108.37
99.48
106.27
114.06
120.30
127.14
85.63
93.76
94.39
100.67
107.88
121.53
125.21
94.55
101.16
94.28
98.70
102.67
109.59
113.36
120.44
129.63
91.87
98.57
93.18
86.21
105.07
107.20
111.44
109.29
109.72
107.75
118.51
125.63
120.97
128.73
88.99
89.65
109.51
100.65
110.52
105.20
112.23
120.17
127.83
132.70
130.91
91.69
88.23
103.98
92.62
91.67
96.94
102.28
108.69
117.36
122.37
129.64
124.95
128.62
122.34
83.95
97.74
96.18
105.94
112.87
120.77
107.68
106.15
113.14
122.24
122.91
84.82
91.75
95.87
101.12
134.91
94.57
101.46
102.97
103.11
110.71
113.25
107.27
109.60
113.08
118.39
126.57
84.90
107.02
108.63
104.82
113.06
122.59
82.26
84.43
76.64
76.60
87.15
87.20
105.02
105.91
110.26
114.59
123.74
115.51
118.65
126.58
120.98
129.69
89.10
141.93
125.35
122.94
121.38
118.96
116.04
120.78
125.52
91.60
95.33
103.18
108.28
115.98
123.94
98.74
109.40
116.83
110.36
114.90
115.12
120.07
126.07
130.48
88.11
128.18
131.33
130.40
92.02
97.04
97.34
101.24
105.45
105.57
113.38
121.36
127.37
133.32
88.61
100.12
96.87
86.58
101.84
112.71
120.28
120.87
121.94
112.29
122.05
130.87
131.25
91.76
143.97
136.75
132.80
131.06
84.84
78.76
86.14
101.07
105.58
107.41
113.25
117.79
123.77
85.82
100.11
101.54
96.71
98.48
98.57
109.02
115.87
119.88
126.28
136.38
98.88
125.43
88.76
98.02
106.68
109.60
117.97
123.39
120.13
119.36
123.33
87.07
91.87
91.84
97.35
106.48
108.85
110.92
116.40
107.99
113.69
99.19
103.57
108.41
113.27
121.54
129.33
89.29
100.68
99.19
96.67
101.53
108.92
116.69
124.17
130.38
134.88
89.08
114.11
91.35
95.93
97.22
102.93
105.21
107.99
115.13
126.51
115.61
125.40
89.36
95.61
84.27
109.64
96.18
104.06
104.63
107.16
118.53
122.00
122.49
119.83
126.95
129.75
87.81
121.34
91.20
107.79
93.26
95.42
104.48
113.01
112.81
116.41
122.24
117.73
124.78
120.51
127.48
126.04
129.62
132.84
87.68
137.97
132.68
92.56
97.92
98.05
100.15
105.38
94.82
101.46
107.14
114.06
121.48
122.59
127.32
128.37
132.10
91.38
95.59
99.31
111.25
108.71
113.60
133.54
92.42
100.25
100.47
113.87
118.50
114.13
107.90
110.98
111.87
112.19
114.07
254.19
149.54
131.61
148.00
160.87
148.90
125.47
132.31
155.47
132.94
161.28
167.96
131.90
147.34
161.71
128.97
186.47
175.71
159.61
131.95
145.26
161.39
127.25
155.04
125.64
146.92
156.09
163.01
131.00
142.74
158.00
171.27
135.67
151.57
168.82
157.95
169.23
136.57
138.44
154.67
168.03
136.16
148.97
155.95
167.04
165.03
131.81
157.14
158.54
130.21
147.42
158.15
165.81
159.95
174.03
140.72
156.48
163.73
127.57
132.20
148.03
162.78
131.27
142.25
135.66
129.31
129.97
151.38
170.17
135.28
148.81
168.39
132.28
145.61
157.08
126.39
152.41
169.42
141.64
153.64
169.10
140.08
118.53
144.22
159.66
130.28
139.16
159.49
131.57
153.58
139.22
121.96
138.99
119.13
145.59
128.73
122.51
119.88
140.78
160.92
174.02
134.39
155.49
156.76
172.96
142.04
166.07
137.39
161.43
132.35
148.30
123.58
141.05
124.99
179.00
142.90
152.35
124.00
139.06
147.11
167.65
208.66
180.98
132.16
145.83
159.78
174.39
138.80
146.80
165.54
131.31
152.07
163.06
174.95
174.28
143.81
146.87
161.38
154.77
164.93
169.10
178.65
136.75
187.25
180.91
166.92
169.95
173.27
138.20
150.82
169.08
126.55
139.97
139.63
157.49
161.14
170.08
136.01
139.49
141.76
157.84
161.41
165.82
173.30
132.97
146.59
161.05
165.86
172.73
174.13
182.89
138.48
146.69
154.47
160.10
130.28
150.94
136.23
150.24
157.38
165.37
137.35
127.80
161.54
120.82
142.84
155.67
176.90
137.72
149.46
153.10
160.64
163.32
127.55
135.81
144.97
160.44
172.19
181.62
138.96
143.33
153.65
164.02
179.35
137.72
133.50
156.69
159.50
163.12
174.93
164.50
134.68
158.00
128.44
144.85
141.15
164.51
179.55
128.86
145.16
148.80
160.61
169.90
181.53
185.03
133.61
144.26
169.90
139.63
158.53
168.28
123.76
146.39
166.15
167.61
132.48
137.75
147.97
163.52
164.51
122.32
139.71
144.88
152.28
175.05
135.99
133.14
145.18
150.62
159.88
149.57
151.79
148.08
236.39
144.87
140.47
128.92
124.50
124.57
127.94
128.59
146.57
92.82
149.44
95.64
101.52
100.89
100.32
100.87
108.69
98.05
100.94
141.32
92.06
139.94
139.16
92.82
98.84
101.25
107.54
113.56
122.57
128.63
130.98
92.35
137.53
93.81
100.61
106.71
116.25
121.11
127.72
122.53
127.13
119.53
123.43
126.82
90.44
97.39
96.44
102.77
110.82
114.91
121.26
127.01
135.76
123.60
113.34
112.97
106.64
104.97
107.71
107.26
30.98
47.06
1.00
47.79
48.28
31.63
46.45
47.12
13.11
32.60
22.13
42.20
15.64
15.66
30.26
21.53
22.58
39.33
31.19
9.67
28.78
45.31
15.77
15.20
18.78
18.90
179.29
86.67
111.39
101.91
119.53
104.64
86.58
113.35
88.10
115.80
91.14
118.96
92.64
115.77
93.42
114.53
86.07
113.27
86.44
110.52
80.94
103.87
79.18
116.44
89.98
100.07
76.54
100.43
71.84
98.55
75.58
98.82
76.05
78.85
82.00
67.85
103.34
72.76
91.93
91.19
93.39
80.12
103.44
102.44
73.17
76.70
109.37
77.33
76.45
72.68
75.21
89.79
92.63
91.16
107.77
109.07
90.11
110.26
91.75
107.85
110.09
77.94
92.67
90.45
81.68
100.74
102.53
105.48
108.99
80.68
106.47
117.30
120.75
121.71
76.20
108.78
91.51
76.18
88.81
89.67
90.29
114.36
94.50
108.77
107.06
110.37
121.46
90.38
95.98
93.48
103.14
91.52
92.55
105.20
111.55
93.15
117.07
120.00
88.56
93.17
79.16
95.41
85.30
105.99
109.29
108.30
108.09
108.11
105.86
122.65
78.52
108.46
90.89
93.71
91.73
90.26
90.71
95.22
104.84
100.77
118.13
124.35
77.70
65.16
68.33
96.77
89.06
90.55
92.28
107.93
114.15
104.28
106.57
110.25
77.38
78.03
78.67
78.34
86.94
90.00
92.53
102.32
109.53
89.38
101.68
92.66
106.44
123.64
120.20
87.73
78.61
105.07
93.63
82.67
97.50
107.10
75.21
108.72
107.38
122.46
100.23
114.89
84.22
91.65
90.40
91.57
99.54
73.96
90.70
110.27
123.96
106.75
122.57
122.27
86.89
92.33
93.57
92.30
100.99
115.89
123.63
107.73
106.18
117.35
118.96
122.88
90.39
89.81
93.13
94.39
88.81
104.71
105.98
108.61
109.54
121.53
78.39
72.62
75.98
91.10
75.34
91.71
90.33
104.89
95.82
98.67
109.85
118.19
85.04
74.74
89.55
94.50
128.81
83.23
102.35
83.78
91.35
108.63
79.74
77.07
70.34
72.87
77.30
91.59
79.62
107.99
85.78
98.11
92.21
93.66
107.38
92.25
104.15
112.72
125.86
114.36
83.66
84.81
137.02
92.26
90.81
95.32
108.77
104.06
119.36
124.16
125.50
122.61
117.70
84.45
76.72
77.05
94.06
106.15
92.48
104.45
120.13
108.66
119.35
109.11
116.67
86.91
76.65
79.64
90.19
77.26
107.91
104.21
115.90
124.78
124.04
78.88
68.33
83.66
91.04
90.04
92.61
99.83
91.13
103.97
90.03
110.12
108.01
108.57
121.16
80.23
76.17
88.65
93.43
78.23
91.57
92.13
105.49
108.56
110.39
113.31
125.90
121.06
83.07
103.21
93.10
94.85
99.18
102.47
105.30
94.14
108.55
124.52
125.66
81.93
99.58
103.69
106.06
118.45
106.85
112.92
117.18
120.60
122.90
86.32
91.64
91.89
77.25
91.22
107.65
92.95
105.65
107.91
119.39
77.34
74.92
79.05
77.29
78.74
92.10
92.27
105.20
109.40
96.87
112.84
116.25
125.79
113.70
190.50
164.41
138.00
127.42
116.32
106.20
108.45
116.39
81.24
100.19
110.54
123.18
91.96
109.11
122.09
90.10
109.88
121.75
91.17
112.57
121.33
87.32
108.02
119.63
96.22
112.69
83.63
89.30
75.90
99.97
93.14
106.13
83.84
103.93
110.17
122.61
126.59
123.62
121.55
132.50
89.30
91.10
97.78
94.44
100.66
95.89
109.75
108.88
124.48
116.60
81.06
88.99
90.62
104.65
93.64
99.10
107.59
114.93
110.01
114.08
111.93
120.92
122.58
88.01
121.84
85.31
97.94
99.20
139.71
131.94
118.93
120.12
112.90
114.78
107.67
101.20
116.16
84.83
97.91
116.57
82.45
94.40
105.63
103.73
116.83
107.45
113.57
118.90
119.83
112.68
113.70
112.49
123.21
89.32
110.12
73.25
89.24
111.58
103.54
115.04
128.21
88.22
86.75
93.77
91.17
101.44
102.72
114.12
108.28
112.66
108.78
118.89
109.15
115.90
128.10
93.00
89.45
91.68
104.78
103.02
94.39
91.58
105.01
114.56
125.85
125.00
77.76
79.51
89.25
87.90
93.83
110.76
93.64
108.21
125.99
104.11
113.62
83.30
88.47
78.51
92.29
77.69
92.68
88.64
88.29
102.25
113.83
116.19
114.61
124.87
123.17
80.85
82.19
88.18
87.22
105.31
108.95
112.32
104.27
115.98
110.59
120.03
124.32
122.06
89.02
88.97
90.56
141.14
88.08
90.06
99.92
122.76
88.88
66.36
71.59
89.76
89.61
78.81
78.39
99.20
95.27
95.58
104.19
110.79
114.89
118.08
115.12
114.01
126.11
122.62
88.04
91.18
94.09
103.46
92.91
90.50
105.24
116.82
110.98
121.32
86.21
74.51
75.74
94.03
77.10
75.80
102.87
118.08
109.39
96.76
99.14
101.38
111.64
125.47
79.01
92.41
91.66
85.42
90.42
88.29
113.14
109.25
109.79
122.72
114.91
119.47
123.19
123.16
109.65
117.12
128.10
93.95
101.60
106.67
117.57
107.64
115.42
109.76
117.76
123.49
90.12
71.05
93.49
102.14
105.38
114.23
108.86
115.95
121.11
108.04
114.54
120.01
126.97
125.08
85.07
98.45
91.43
99.34
92.04
100.86
125.03
111.73
123.48
84.29
72.36
88.55
88.56
99.31
103.16
85.31
88.23
107.19
93.65
102.57
110.17
109.14
96.43
146.49
88.86
91.65
101.90
122.73
125.85
115.05
124.13
85.94
94.09
105.53
116.21
126.16
88.29
88.78
98.33
100.10
102.97
116.12
121.78
124.40
115.95
124.36
88.46
104.23
112.06
121.49
126.79
92.20
99.90
106.78
119.30
127.81
91.41
103.16
108.62
118.01
126.86
91.30
104.43
111.35
120.27
81.36
103.13
113.49
104.42
117.82
129.96
94.54
109.54
116.32
122.88
86.91
85.09
88.18
107.82
104.77
115.01
107.61
107.77
102.80
111.64
108.27
121.06
126.99
93.43
89.60
98.24
90.32
98.34
91.81
103.97
112.14
119.11
108.75
117.08
113.63
123.49
85.81
87.65
106.35
113.60
100.14
108.54
117.03
107.78
112.97
120.32
125.10
88.75
69.94
86.96
86.15
75.20
101.60
92.83
101.38
108.89
112.98
125.99
105.15
115.58
122.40
126.02
86.18
93.07
89.03
109.11
92.36
103.49
110.89
109.58
116.51
107.86
117.63
125.05
87.34
100.26
97.73
77.66
104.37
116.25
107.45
108.42
121.23
79.51
77.31
79.35
83.18
84.14
87.11
88.87
110.22
108.86
100.55
107.70
123.02
126.52
79.37
78.56
91.84
93.35
87.91
102.34
89.33
106.60
106.06
92.80
120.34
122.82
115.64
83.05
84.85
89.97
91.63
93.76
90.77
100.51
107.02
108.68
108.32
121.64
78.07
77.28
73.74
79.36
92.48
78.41
91.58
116.53
109.40
100.55
106.84
120.92
126.85
122.56
83.38
78.43
99.71
85.38
98.27
90.36
110.20
107.83
92.42
107.39
117.54
108.80
120.51
124.65
78.61
77.78
92.61
93.34
106.49
92.45
107.64
107.61
85.92
74.48
75.84
128.15
82.83
81.07
86.99
110.65
107.24
107.86
109.24
116.07
122.49
108.00
119.96
80.10
74.58
77.37
87.71
91.24
77.38
104.51
90.25
106.74
109.59
110.22
113.08
82.92
70.69
86.69
89.61
92.95
107.13
100.62
87.19
89.27
107.74
106.74
121.74
79.86
76.58
78.76
114.61
94.74
102.42
89.47
107.25
98.72
114.15
103.82
106.94
118.45
122.97
78.18
78.17
77.84
77.82
78.65
94.84
91.25
104.37
105.26
106.50
114.50
78.16
71.36
89.40
77.15
103.80
92.05
96.76
104.40
106.59
119.81
108.66
107.99
119.24
108.75
121.98
81.16
69.05
98.65
89.66
110.77
108.22
108.46
111.43
109.06
109.69
124.94
79.79
77.26
76.40
78.71
83.49
110.04
106.10
112.17
109.70
106.54
117.01
118.03
107.36
116.94
124.78
89.10
92.08
93.27
101.77
116.71
106.00
115.80
123.01
125.59
121.07
87.60
77.69
78.10
90.71
89.79
89.50
107.76
101.05
110.24
118.40
120.81
81.28
76.71
75.29
68.71
86.51
87.18
86.48
92.06
105.50
110.15
105.06
86.84
106.29
111.74
124.01
124.16
122.44
86.31
136.68
94.11
106.72
118.37
108.64
118.80
124.30
101.54
115.72
85.55
78.04
92.90
93.23
106.08
75.81
98.38
105.06
87.04
107.44
115.84
122.46
125.58
124.79
125.95
90.65
93.38
100.90
91.67
103.71
109.59
95.30
109.02
101.41
110.75
121.94
86.79
100.01
89.70
101.20
103.33
113.97
106.78
90.57
102.28
100.16
114.12
126.41
92.01
75.16
102.28
92.79
100.15
103.68
107.78
109.92
108.85
108.20
106.23
118.77
107.21
121.59
89.28
78.91
93.04
102.53
92.06
98.74
113.00
108.83
118.61
109.74
122.07
77.94
92.37
127.16
82.32
96.74
116.71
104.62
117.60
108.33
111.79
80.85
74.94
77.71
80.25
93.74
76.56
91.21
101.75
106.67
108.64
109.03
107.29
110.39
114.40
108.56
124.04
88.39
76.28
102.59
89.29
89.01
93.90
95.57
114.11
123.60
122.53
122.53
76.90
75.23
91.17
79.23
93.08
93.27
92.74
106.49
94.12
107.01
123.13
124.67
122.58
123.47
106.95
120.47
87.71
93.17
97.74
111.09
118.95
122.08
85.71
78.48
76.74
71.12
83.36
88.52
88.55
93.41
92.86
98.13
100.50
104.32
75.97
77.56
107.97
107.60
119.57
107.14
119.50
86.68
101.15
91.19
91.98
102.37
110.51
110.94
119.04
115.51
125.19
89.28
89.25
109.10
129.09
84.05
97.30
113.73
107.55
119.46
105.44
109.03
121.62
118.89
88.62
93.30
93.07
106.83
91.59
96.79
88.03
110.22
123.92
127.27
108.81
117.03
118.34
131.05
94.28
92.33
109.99
107.97
108.19
104.89
117.57
108.71
109.05
122.41
108.22
119.07
98.65
79.79
97.48
84.77
109.79
87.13
108.93
115.91
111.23
119.69
86.83
77.99
92.89
94.44
91.74
101.61
89.46
93.02
109.54
119.95
132.04
123.61
89.48
79.39
78.89
82.70
84.71
108.85
109.12
106.81
108.29
117.14
120.10
122.04
78.48
79.03
91.59
77.35
74.23
89.53
76.47
102.43
92.57
102.77
109.33
120.61
80.68
76.28
77.88
85.64
89.98
87.03
106.47
99.70
100.58
88.60
112.51
125.80
124.11
124.43
82.03
83.78
81.52
97.62
77.59
96.56
97.46
135.94
137.99
137.70
133.33
86.87
102.57
110.41
122.92
83.98
86.53
95.36
92.44
92.36
104.49
120.80
110.32
113.43
103.40
120.36
123.72
93.19
78.30
142.32
127.22
92.51
105.78
120.00
108.48
119.00
78.55
77.51
74.66
88.64
77.00
79.30
101.06
108.80
93.07
107.48
98.95
114.99
103.01
107.22
86.05
92.66
79.63
83.43
83.06
89.60
107.43
106.70
110.14
111.50
122.40
77.10
79.29
77.11
79.65
91.59
78.41
75.73
102.45
97.57
103.48
109.78
135.25
122.86
112.67
110.87
78.87
74.21
88.22
87.62
89.93
94.13
92.04
104.25
103.67
117.96
124.47
123.68
125.17
117.89
84.33
98.60
107.82
122.32
87.60
95.87
106.68
115.97
83.31
101.73
112.09
120.98
87.06
100.26
111.09
128.95
82.48
98.50
117.10
108.39
118.03
108.69
107.84
120.66
90.61
204.05
144.81
140.58
127.13
118.43
108.87
142.82
129.95
125.67
113.22
148.51
129.26
126.91
117.39
108.96
159.67
138.57
131.79
124.02
119.97
146.93
134.53
117.94
113.89
112.52
118.24
116.67
114.17
112.36
148.62
144.07
141.11
138.59
138.43
140.60
139.09
121.19
119.11
115.62
110.25
105.88
104.45
136.55
133.99
129.97
126.22
117.89
116.29
152.05
125.86
124.45
114.43
107.50
109.07
103.43
139.65
133.94
126.55
115.34
104.86
142.93
150.80
114.97
104.98
148.28
141.78
136.57
133.91
127.75
115.62
110.82
105.89
141.93
131.88
120.95
148.07
140.11
134.03
118.16
112.22
142.43
123.81
116.83
104.45
144.55
147.20
134.69
123.74
103.62
144.78
128.51
117.70
144.87
126.59
111.22
150.79
131.58
116.81
147.82
125.23
158.90
133.82
127.50
117.86
137.47
117.32
148.14
133.85
117.33
147.65
135.54
117.89
101.18
103.68
105.74
142.40
120.87
160.80
135.22
114.16
146.58
130.21
124.02
156.06
134.04
149.34
128.95
114.30
150.51
136.40
119.12
145.37
124.13
158.26
138.35
126.48
151.89
135.89
115.37
149.65
126.64
116.20
145.12
162.80
144.11
133.02
116.58
148.62
123.88
155.75
140.07
124.64
152.37
129.36
152.97
141.77
124.99
151.35
126.96
110.37
182.57
142.58
152.26
160.96
161.23
162.10
134.09
123.16
159.65
136.97
120.21
144.85
125.31
157.46
136.88
120.11
150.69
142.41
128.12
117.41
153.08
138.61
121.30
139.65
122.48
148.27
136.97
163.39
137.07
120.99
144.74
121.93
164.25
144.28
142.05
153.90
134.37
115.13
143.49
129.78
159.97
130.94
115.32
148.47
125.96
104.56
149.51
124.94
157.09
142.04
215.91
115.73
110.98
135.35
87.58
95.00
102.85
107.18
111.72
117.21
113.36
118.23
124.42
135.02
92.79
99.42
100.91
101.66
113.41
121.62
120.03
118.64
126.66
134.30
133.25
120.59
121.16
154.04
117.42
99.49
111.73
122.78
89.20
105.92
117.59
83.58
95.01
106.86
118.97
85.58
96.42
107.14
118.38
85.24
102.73
111.66
122.18
89.14
135.85
91.69
108.95
110.62
124.70
112.70
113.71
115.28
82.27
99.81
108.74
125.09
93.45
104.11
113.83
117.90
123.27
132.10
132.46
132.69
128.40
125.07
89.11
100.15
107.17
119.41
126.09
89.37
94.13
115.21
124.93
116.36
128.55
90.76
104.78
115.65
124.57
89.30
94.92
92.15
102.99
114.38
127.00
88.94
99.37
107.10
113.78
123.91
86.94
99.62
105.77
117.22
83.00
96.36
101.90
114.15
122.91
89.78
109.37
119.57
126.91
90.87
92.86
99.34
114.84
127.22
92.57
105.87
113.44
126.08
80.71
94.85
105.44
120.09
82.91
93.23
98.38
108.31
118.61
127.73
91.79
106.97
107.47
113.78
121.23
88.28
99.90
110.02
118.95
126.33
88.39
95.43
100.26
99.82
92.29
95.82
102.94
112.52
117.16
122.28
129.08
130.93
91.61
98.71
98.02
97.65
105.06
108.36
108.78
116.36
123.41
129.52
92.14
103.90
100.59
108.97
107.80
113.66
118.76
124.33
128.35
91.03
95.97
98.64
105.24
113.87
122.93
131.16
88.79
94.93
96.97
96.26
105.88
110.55
120.49
126.12
130.07
93.78
99.37
94.84
104.94
111.07
119.77
126.39
91.78
98.78
97.33
98.54
103.18
109.28
114.82
118.77
119.68
126.81
126.68
88.52
94.04
100.38
107.53
113.26
131.02
126.71
136.44
91.86
100.52
108.47
113.01
122.18
130.34
128.71
92.81
103.45
106.75
116.50
120.67
125.91
133.52
89.13
101.48
105.56
108.66
115.13
88.62
94.94
86.55
96.73
105.04
116.18
125.55
87.22
94.70
97.19
98.49
105.34
114.36
118.13
124.60
87.57
93.83
99.76
106.61
116.80
123.27
132.58
94.07
104.78
110.15
98.12
110.65
116.98
127.27
87.11
95.50
101.05
109.31
117.27
123.54
86.17
144.13
92.32
106.47
109.07
112.28
122.58
129.82
94.38
107.03
102.88
110.87
116.17
124.70
123.75
117.92
123.43
118.88
117.71
113.83
100.75
104.87
108.85
113.72
111.92
111.90
139.25
135.01
135.54
131.82
124.64
121.78
155.11
130.52
127.98
119.21
114.16
111.90
107.26
103.80
130.65
129.40
131.32
129.23
130.34
126.34
123.29
110.73
112.07
145.50
126.36
117.10
152.38
132.01
130.37
126.66
130.15
131.11
129.86
127.84
125.42
124.46
130.28
132.30
137.85
140.49
134.97
112.42
108.27
101.84
107.46
106.44
100.13
142.12
127.41
130.55
129.95
115.81
142.87
134.78
136.96
131.49
159.72
130.72
168.86
122.36
146.04
131.33
122.95
110.99
104.70
146.67
129.65
119.41
103.16
100.22
96.40
139.37
93.35
140.28
131.09
131.69
125.45
130.73
127.85
126.73
113.58
112.77
114.36
119.78
127.86
136.42
133.16
123.72
120.64
124.94
131.03
132.89
132.83
126.38
123.20
122.50
123.77
123.18
123.82
125.30
122.70
122.53
123.49
123.51
123.08
121.61
121.78
122.74
135.54
125.41
133.01
133.23
92.37
101.12
95.56
95.49
138.51
95.27
149.37
95.51
100.43
96.47
96.81
142.67
95.48
98.98
95.75
98.61
110.15
115.96
115.49
103.32
104.88
109.37
116.01
121.23
123.85
120.71
114.48
115.71
120.69
125.37
130.84
134.39
131.97
128.97
134.95
89.05
141.90
93.76
100.35
94.38
98.51
102.49
104.85
107.28
112.78
117.28
121.51
122.93
131.17
87.08
96.42
101.99
106.47
117.11
121.17
126.00
90.34
101.78
96.23
104.44
109.25
130.07
133.06
121.72
131.36
91.00
100.09
108.33
116.48
120.19
121.89
128.83
88.35
100.26
105.02
110.14
118.64
123.32
85.31
138.01
94.92
101.98
106.99
113.39
120.43
124.44
130.11
138.90
95.04
101.77
104.04
112.99
116.01
122.36
130.15
89.58
100.68
99.07
103.56
109.16
113.93
121.61
130.14
87.53
105.64
101.45
117.54
122.94
113.65
121.45
127.34
134.61
94.24
102.08
103.10
106.96
100.83
108.61
115.15
116.33
120.35
129.07
130.96
90.76
133.32
89.38
96.97
103.29
107.98
112.28
114.11
108.08
111.34
115.39
122.49
124.73
130.06
87.72
91.09
99.12
102.88
103.30
107.10
113.54
116.15
110.57
101.72
102.37
100.04
101.22
103.27
105.00
103.48
97.11
102.22
109.19
112.66
120.23
124.64
129.87
127.95
136.83
90.91
97.11
97.02
102.72
107.43
109.13
114.12
125.00
129.91
89.80
94.59
99.46
103.10
97.91
103.22
111.49
110.42
113.97
116.63
119.58
124.72
125.43
139.67
134.38
91.25
108.11
94.01
95.86
100.54
109.39
114.56
118.93
124.97
131.42
89.24
130.96
131.97
139.01
96.50
101.44
106.62
107.30
99.17
104.66
114.06
120.62
121.57
127.09
87.30
89.97
89.73
101.88
113.95
122.80
90.73
99.99
102.52
109.98
113.69
122.82
127.97
87.40
97.18
99.01
107.61
112.58
117.71
125.01
132.45
92.07
102.15
107.71
116.68
118.21
127.97
90.76
98.09
99.89
104.43
111.70
118.12
125.57
130.75
93.99
102.58
115.63
123.10
131.95
126.41
85.58
95.88
105.86
113.34
120.22
127.95
90.08
134.21
90.21
100.48
107.59
115.46
120.73
124.77
125.96
136.84
94.37
101.28
100.39
104.54
111.70
119.01
122.16
84.21
96.32
102.83
107.72
111.83
115.61
119.88
128.07
89.93
95.79
102.52
105.83
112.01
118.30
115.11
114.57
120.04
128.68
92.80
101.17
105.87
112.36
120.59
127.87
88.77
101.27
109.51
115.33
122.39
116.08
127.32
135.78
95.92
109.10
111.25
116.08
122.73
116.35
130.16
86.73
96.19
104.14
108.55
113.32
119.59
122.39
131.09
93.11
103.56
94.99
97.83
103.00
109.61
116.48
121.78
128.89
90.39
97.89
101.25
107.05
102.79
109.94
117.03
126.26
128.96
87.49
95.02
90.25
96.76
107.89
114.79
120.06
124.38
129.39
85.21
92.76
94.82
99.41
106.58
110.12
115.37
123.05
127.70
136.08
90.98
98.52
99.69
103.90
110.09
117.15
124.95
86.32
95.04
99.34
114.57
119.55
128.51
91.37
135.52
94.15
104.41
106.10
110.78
116.78
124.59
117.77
127.88
133.58
96.09
104.29
110.33
114.95
123.17
121.98
130.03
87.63
93.48
94.35
99.42
105.54
127.79
88.05
99.97
110.11
106.93
127.12
130.93
93.03
130.27
133.36
95.11
104.72
112.62
119.50
126.57
118.86
125.35
88.53
97.79
101.33
104.81
109.71
118.98
110.86
117.33
116.90
123.52
127.06
132.50
90.76
95.48
95.84
99.96
109.48
113.16
119.97
115.43
112.88
118.79
126.52
127.86
123.43
127.27
86.77
93.58
95.43
100.73
103.50
111.79
117.71
121.80
126.56
130.31
138.13
94.93
100.06
98.51
100.83
103.33
109.31
113.14
116.88
125.89
130.64
93.51
102.51
103.71
92.88
100.13
110.07
115.49
122.53
127.34
134.00
90.38
138.17
91.75
101.13
105.17
110.10
116.57
126.52
90.79
100.24
110.37
122.06
132.75
91.77
96.23
98.96
99.20
106.07
108.93
110.55
115.57
119.70
120.95
125.39
134.78
91.53
104.23
107.55
106.99
110.32
116.75
120.95
124.44
134.84
91.00
105.88
104.09
99.38
115.96
107.06
114.41
117.92
128.57
91.04
102.44
105.16
142.47
93.75
103.29
108.45
115.41
123.30
128.17
121.48
126.40
90.42
99.49
104.29
105.52
112.80
115.60
110.71
120.70
130.05
91.78
100.11
104.35
111.88
113.70
123.53
128.32
90.94
98.35
102.33
108.29
110.07
89.27
130.14
91.65
104.91
111.37
111.08
109.39
108.93
100.60
151.66
140.08
134.76
119.42
121.88
118.54
122.09
128.28
132.54
92.44
99.63
104.87
111.13
116.94
126.30
87.27
97.93
99.35
93.75
109.31
115.55
114.60
128.69
93.06
105.92
117.10
121.58
132.12
92.14
97.95
98.65
110.42
115.70
123.18
86.20
101.90
105.03
117.79
126.62
89.74
102.79
105.23
109.95
115.80
127.64
94.72
102.64
104.72
120.71
86.83
97.82
106.04
105.95
118.94
123.15
131.54
94.38
101.61
102.13
103.19
107.40
115.76
124.02
86.64
97.64
105.83
114.11
116.69
123.84
135.60
95.12
106.99
107.09
112.47
120.57
117.56
117.82
124.24
91.90
103.47
113.37
120.42
83.70
93.93
103.49
114.26
121.57
85.57
94.49
102.19
108.47
115.87
130.86
93.62
107.56
108.65
114.86
123.88
131.15
91.75
104.41
112.31
115.04
130.46
95.73
110.52
96.15
105.52
116.01
127.54
91.02
95.81
98.03
106.12
100.98
112.94
120.87
136.22
93.28
106.97
109.19
114.38
112.17
122.27
129.80
91.53
102.91
104.15
107.54
110.25
121.83
127.65
88.70
98.24
108.37
115.68
122.41
115.88
128.52
89.90
101.89
107.34
114.34
104.02
98.12
106.92
106.86
115.07
123.96
130.11
92.94
100.89
94.74
102.25
110.79
117.10
122.93
130.38
92.77
95.66
95.99
108.34
116.47
125.57
85.60
139.71
91.13
98.95
104.74
106.52
111.77
121.30
127.79
90.45
99.79
102.88
108.03
112.27
117.24
125.34
133.95
94.07
102.18
106.27
114.85
121.09
130.59
93.58
102.15
100.82
139.27
88.83
100.22
104.76
111.46
118.82
127.23
89.51
94.18
99.45
104.48
110.85
129.86
90.79
103.72
95.99
104.92
114.20
124.04
131.94
93.27
100.03
98.35
97.40
105.27
110.11
115.87
121.09
127.72
86.43
95.24
100.71
101.71
107.03
109.72
115.97
116.29
92.08
132.15
89.36
99.23
105.72
111.64
117.75
118.83
113.52
121.10
126.03
131.94
90.93
136.99
91.63
137.61
90.01
144.07
90.86
98.34
142.20
92.15
95.84
94.60
100.74
104.40
109.85
114.83
121.36
126.49
117.56
119.16
120.29
124.20
129.82
92.94
100.66
97.94
138.16
94.83
101.63
104.42
110.02
108.77
109.12
107.99
112.74
116.64
119.12
121.97
126.39
130.21
127.26
133.55
88.13
98.65
97.12
99.11
101.35
103.18
99.20
106.98
113.07
118.73
119.43
120.10
121.29
123.24
126.78
132.33
91.88
96.78
93.46
94.27
113.08
107.54
109.94
112.82
117.80
121.32
128.05
127.20
86.55
93.97
98.99
104.72
108.78
110.00
127.29
120.20
128.57
87.59
98.05
101.69
104.72
111.59
108.60
113.52
121.46
128.53
87.43
142.15
92.11
99.30
96.98
105.73
109.90
112.59
115.67
119.64
125.01
130.78
88.74
93.94
100.58
116.40
120.79
129.85
91.40
100.54
106.90
116.43
128.70
91.70
103.04
113.20
114.09
106.70
114.67
122.56
130.98
93.96
102.89
100.67
101.05
106.66
115.07
118.94
122.70
128.63
132.13
89.00
139.96
94.35
102.87
101.01
106.73
108.97
112.37
115.00
119.81
126.95
130.76
137.46
135.07
127.15
119.68
103.78
103.88
113.95
114.61
122.68
105.52
98.12
106.00
111.83
117.37
125.90
129.96
130.05
89.05
137.06
90.50
101.09
95.66
99.36
104.10
105.15
100.24
108.35
112.31
116.28
117.69
120.79
124.29
128.55
124.90
112.99
106.35
109.69
114.53
115.44
121.42
123.07
129.06
133.73
91.11
145.10
100.45
110.53
91.10
145.56
118.33
125.58
127.33
134.02
93.90
137.01
91.94
105.00
106.34
114.06
118.45
123.48
126.77
87.43
98.70
103.29
106.92
108.77
115.17
111.66
118.78
123.90
133.22
92.29
95.39
99.42
105.84
106.28
111.07
115.40
118.90
123.93
123.83
117.56
121.81
121.66
122.10
123.54
119.04
117.94
115.85
121.05
121.23
124.69
127.37
132.86
130.07
132.52
120.12
126.30
125.67
125.13
127.57
130.90
136.01
91.29
141.07
94.11
104.70
97.04
98.67
97.09
101.56
141.03
95.33
100.81
95.92
94.44
107.62
110.05
97.88
102.59
110.16
116.15
116.59
121.29
125.59
130.15
123.84
131.01
131.93
130.66
131.84
135.00
138.63
129.52
137.36
88.76
143.72
94.42
100.54
95.99
136.87
114.93
113.52
110.05
108.61
107.90
105.98
98.70
144.01
96.74
99.69
140.44
133.37
134.79
129.24
125.67
127.22
128.98
126.25
122.00
119.35
106.57
104.90
107.57
108.15
106.62
108.98
102.56
103.59
104.79
107.28
108.90
114.04
111.73
111.60
114.54
118.31
120.87
122.62
124.95
129.92
91.66
97.96
92.78
100.66
107.59
115.43
120.50
124.29
131.80
125.82
91.65
95.24
100.20
107.09
109.57
118.83
116.09
126.69
90.56
98.07
104.14
149.52
140.14
93.42
135.50
94.26
103.99
115.85
123.79
127.44
87.73
97.07
98.04
104.15
107.97
115.18
122.42
130.36
95.88
91.99
97.62
106.62
114.98
121.61
127.88
85.96
96.03
104.63
110.07
116.61
128.05
88.51
97.30
102.12
99.41
109.02
117.48
125.38
122.96
129.50
93.04
103.14
97.28
109.37
115.75
125.72
87.95
98.31
104.50
104.72
109.86
110.31
119.80
126.47
92.81
99.12
98.94
102.59
108.71
120.30
124.56
131.75
88.77
92.50
92.04
95.13
99.55
99.36
101.47
102.36
111.32
112.33
120.12
122.11
133.00
135.52
92.20
93.11
97.21
101.57
107.08
103.79
104.08
105.96
123.05
130.32
130.10
126.95
135.97
90.31
146.88
95.15
105.44
104.51
100.56
103.67
108.12
111.65
116.73
119.48
120.12
120.96
124.93
130.09
92.31
94.83
96.03
99.10
105.40
108.85
113.25
118.29
119.53
121.94
128.54
88.29
141.39
92.24
103.77
95.70
96.50
117.75
120.77
126.38
119.10
128.05
128.41
88.63
93.10
94.06
98.43
92.73
100.53
103.97
110.90
115.62
115.67
119.25
119.77
125.39
131.50
91.76
96.81
99.74
102.07
104.05
110.67
116.36
121.07
122.77
90.77
99.75
104.14
94.86
100.23
108.87
114.79
125.30
83.18
90.04
99.91
145.83
93.64
102.80
106.28
114.37
121.11
87.35
91.96
97.21
102.89
110.16
119.79
129.35
102.45
95.69
108.25
113.69
122.72
82.16
92.67
101.97
112.15
118.62
116.03
126.76
87.48
97.77
105.59
113.13
117.97
117.94
125.73
87.42
101.43
104.91
109.57
117.40
122.08
126.39
91.43
98.17
104.02
114.07
121.96
132.78
96.00
91.81
99.55
107.87
116.94
126.40
92.97
100.32
104.02
101.51
109.89
119.07
115.31
122.58
84.27
95.28
89.78
100.52
113.48
123.87
128.72
89.85
100.19
100.15
103.98
111.86
113.98
119.92
127.32
100.92
108.92
114.77
112.72
120.31
85.32
98.70
103.06
107.78
112.48
109.61
115.21
122.48
128.41
90.90
141.07
93.79
100.70
98.84
106.11
109.66
113.81
128.53
89.76
100.51
106.03
98.31
108.69
116.72
122.49
84.54
91.72
95.66
91.34
100.42
106.05
114.17
118.96
123.09
129.65
93.97
146.24
90.45
99.42
100.04
100.35
106.77
111.84
116.24
123.69
132.92
97.86
104.06
102.37
102.48
94.53
96.11
104.96
108.86
113.98
118.97
122.88
126.30
125.11
126.91
128.16
133.35
94.52
101.24
102.95
95.57
103.07
111.86
119.96
122.02
126.63
130.91
131.51
135.05
91.97
100.49
105.79
105.67
102.44
115.29
107.51
106.90
110.42
112.51
113.36
115.91
114.10
109.19
111.23
113.09
117.25
119.86
117.85
114.61
110.56
117.31
116.39
120.66
121.47
120.97
123.31
125.04
128.28
135.76
95.35
145.93
90.22
96.07
137.95
94.12
102.11
145.84
97.01
106.87
102.35
105.54
132.48
126.04
130.42
133.85
141.35
122.85
100.70
106.04
105.99
105.47
107.36
109.30
111.55
105.33
104.02
104.82
108.47
109.43
114.45
114.86
117.21
108.95
113.17
112.09
114.24
113.67
113.27
114.35
111.42
104.96
99.27
97.35
96.22
144.63
92.64
144.24
186.52
119.93
149.23
92.29
100.92
139.62
93.25
97.85
97.59
137.56
94.12
100.98
90.59
95.73
96.04
96.31
106.83
112.33
108.39
109.29
103.36
107.60
112.63
112.46
111.37
111.88
107.57
114.01
120.65
127.22
89.67
92.61
99.85
105.61
103.36
109.66
118.47
124.19
83.65
95.93
92.36
97.55
101.82
105.05
109.02
121.97
131.73
94.72
146.86
126.49
136.51
89.57
142.00
135.14
92.81
144.48
130.21
95.10
145.34
95.59
100.60
103.30
107.21
103.79
104.56
108.68
110.74
111.63
111.24
126.98
113.79
94.78
99.72
103.44
109.49
112.70
113.54
112.66
110.84
117.55
123.85
122.36
125.79
125.30
132.54
92.25
144.71
93.03
107.96
106.44
108.57
111.17
102.28
104.35
109.74
115.33
121.21
124.45
127.00
131.26
129.13
117.70
118.78
128.50
133.61
136.68
89.25
134.46
131.81
94.41
100.79
106.02
106.82
112.75
106.36
113.32
114.61
120.11
128.68
132.71
90.31
133.40
131.79
138.60
94.70
103.06
141.80
91.13
100.42
100.13
112.41
118.72
118.41
121.79
123.90
123.38
123.11
127.73
134.55
92.27
137.91
91.04
112.39
107.40
98.72
105.36
110.51
118.36
122.51
129.30
90.66
89.87
94.34
105.42
113.33
120.70
128.32
130.36
93.05
98.52
103.07
107.66
115.10
119.63
129.89
95.05
97.25
104.53
112.75
114.96
121.62
129.10
93.15
101.15
101.77
112.22
126.17
89.28
100.41
105.44
110.90
117.73
119.70
130.83
95.30
106.46
109.43
113.32
124.45
130.47
86.73
98.31
101.81
104.08
110.27
118.24
127.69
88.61
104.59
106.15
114.63
131.04
96.15
110.99
112.10
104.82
110.42
118.48
122.33
87.26
97.97
103.64
97.95
138.14
128.66
87.80
98.22
97.95
105.24
139.19
135.66
89.70
101.55
135.06
149.31
103.71
97.89
132.42
128.14
128.92
131.28
126.36
120.63
118.32
115.43
102.97
99.99
96.74
147.44
120.17
145.79
129.40
120.47
100.21
102.36
106.06
110.08
113.20
124.04
115.42
152.93
146.35
148.70
120.27
112.43
114.36
114.73
121.50
131.10
90.70
97.56
90.42
94.40
103.33
112.71
115.91
122.08
125.04
122.58
130.48
88.06
92.67
94.65
99.69
104.70
112.84
114.53
120.57
124.63
130.41
86.70
135.97
92.61
103.65
105.73
112.84
120.06
118.55
135.81
127.00
88.55
97.62
98.13
104.16
113.76
120.49
127.37
134.20
92.22
138.48
93.29
103.27
105.06
113.52
116.46
112.19
120.79
129.53
88.49
99.58
100.49
108.91
112.18
116.08
117.41
128.28
88.08
97.13
102.96
109.23
113.61
122.86
129.19
127.13
89.94
97.69
104.70
112.31
115.78
124.00
85.96
98.04
99.88
103.05
118.97
122.17
114.13
124.81
85.45
98.69
110.63
120.50
125.20
127.60
127.01
131.62
132.88
135.52
91.62
145.69
136.98
134.65
89.54
96.92
103.27
110.92
119.17
124.68
129.65
90.61
102.00
103.60
110.76
119.79
125.05
83.76
91.73
102.59
108.91
118.91
125.02
86.88
99.04
101.20
93.70
100.04
112.43
119.94
82.35
94.31
98.59
107.81
105.55
113.26
122.13
83.82
95.19
99.95
104.03
103.51
109.48
117.25
122.78
127.99
93.33
95.43
97.62
99.30
104.83
110.80
100.33
114.65
117.69
117.59
94.85
100.07
107.99
118.91
126.49
92.15
101.29
102.11
95.33
101.74
114.32
130.10
86.52
96.77
100.00
96.48
104.80
114.95
124.48
85.03
91.32
100.89
103.19
99.77
110.16
116.61
126.08
129.37
89.99
95.66
90.58
144.63
90.82
99.31
97.84
101.02
103.21
105.93
112.57
118.18
126.85
127.10
88.09
98.17
95.88
95.43
141.25
92.73
101.24
104.64
117.52
120.70
111.86
121.29
126.70
88.90
95.88
97.91
101.74
106.28
109.67
115.92
126.44
131.41
94.36
97.97
103.49
102.59
106.35
112.29
114.61
119.52
128.77
134.20
89.97
95.20
99.48
105.07
108.21
114.02
120.46
124.02
124.85
89.05
94.75
103.37
109.58
118.78
126.38
125.58
86.58
132.67
137.90
94.32
107.67
98.95
104.16
112.48
107.89
112.93
110.69
111.21
113.51
112.81
110.33
104.36
109.53
111.52
112.52
112.91
109.09
108.18
102.82
105.01
103.35
144.79
124.70
129.21
125.20
124.21
122.23
121.10
120.62
121.34
113.44
113.28
109.77
111.88
112.26
113.41
113.51
116.81
103.70
104.50
104.91
106.03
107.25
106.70
103.14
97.70
141.18
129.76
126.34
124.02
121.60
120.84
111.68
110.73
103.84
101.24
100.91
141.01
136.47
135.44
137.55
128.02
124.68
125.80
122.01
135.88
123.41
128.43
128.69
124.37
127.36
130.07
130.12
117.00
119.31
118.70
120.63
117.80
111.43
106.66
101.54
101.80
102.74
101.45
97.97
96.68
110.19
95.39
97.52
99.63
99.50
145.17
95.06
149.75
128.05
134.34
129.15
129.57
126.30
121.00
116.65
105.69
102.15
102.87
101.30
140.88
137.22
137.41
92.23
139.40
137.90
138.70
141.92
138.25
138.39
119.53
124.98
119.74
121.87
117.34
113.99
115.05
118.04
121.15
122.02
123.61
126.82
123.62
127.98
119.94
125.19
128.06
132.96
136.18
136.27
92.65
97.75
95.68
101.01
102.61
107.86
126.12
89.78
99.35
90.69
96.50
106.83
115.80
124.00
133.72
94.91
99.60
133.87
131.95
90.45
98.93
102.86
111.58
113.02
109.39
114.91
122.21
125.26
127.67
130.27
130.79
92.33
97.36
94.50
100.09
106.69
108.36
111.04
114.49
119.08
123.43
127.03
129.26
86.44
156.79
106.21
100.20
100.99
110.08
111.03
114.03
122.63
128.48
133.67
89.63
148.75
98.06
107.89
152.26
105.64
113.85
96.72
99.33
102.51
102.69
102.79
149.51
129.13
128.66
123.77
127.75
130.46
132.20
134.39
137.99
132.16
138.71
91.36
97.66
95.62
95.52
94.85
94.73
101.09
101.06
148.72
103.00
112.52
108.56
110.56
94.11
99.75
102.76
103.82
108.61
109.15
108.51
101.78
104.71
106.30
110.51
111.69
114.19
112.55
108.07
114.50
115.68
118.75
117.05
116.68
115.41
115.27
116.28
118.02
115.94
109.33
106.58
120.22
101.03
101.05
101.23
101.02
102.99
101.97
96.84
135.82
130.25
130.50
126.98
125.00
124.73
119.10
113.73
113.85
113.19
111.53
109.89
119.58
118.88
104.10
102.00
104.63
152.56
132.29
133.12
133.48
124.24
124.66
121.55
120.51
117.51
111.98
108.82
101.25
106.37
145.49
139.32
148.81
128.99
120.56
107.94
109.51
113.06
105.77
107.51
110.58
108.77
106.72
105.83
105.62
113.86
116.21
115.83
103.04
104.89
107.88
110.37
111.65
108.03
104.98
94.48
101.27
101.80
103.07
104.70
102.78
100.65
139.54
93.01
146.27
96.67
147.26
92.32
139.71
131.92
135.05
137.27
131.10
136.33
136.90
138.50
125.15
122.23
120.81
126.57
128.07
126.94
124.68
111.57
111.22
111.77
112.08
114.18
116.07
116.13
104.39
108.52
112.81
119.07
121.17
121.13
124.40
114.26
120.56
122.68
127.62
133.35
133.40
90.70
134.14
131.57
132.17
126.69
128.26
129.71
128.78
130.80
121.50
122.38
124.84
131.57
134.81
136.72
87.24
130.82
131.86
134.80
139.97
89.88
137.49
92.18
94.59
96.78
103.01
109.64
113.16
118.40
122.26
123.05
127.77
91.27
91.81
101.76
108.43
117.13
127.13
88.45
100.09
102.31
110.88
128.33
88.02
102.49
101.34
98.44
107.18
116.72
125.52
87.11
105.65
108.54
117.44
119.00
133.32
96.73
110.38
112.47
115.92
124.44
87.08
97.47
102.75
108.36
119.52
129.58
90.05
103.34
111.78
112.69
119.62
128.99
87.04
99.74
107.12
114.32
121.59
88.37
100.93
103.03
111.85
115.69
121.92
128.97
134.99
94.48
101.19
107.03
111.24
114.33
120.55
128.89
91.83
101.89
101.26
110.24
125.24
133.89
96.24
137.31
91.76
101.59
100.78
108.68
126.09
86.67
99.00
90.53
96.14
102.60
112.72
120.79
125.77
129.01
129.51
137.96
138.32
92.82
99.31
103.25
109.60
109.92
116.93
126.49
87.47
96.33
98.23
104.88
104.43
104.93
112.18
116.08
121.49
138.16
98.93
110.69
110.64
103.89
111.89
122.10
129.14
92.79
102.73
100.62
96.40
103.76
112.56
120.68
128.60
92.23
96.03
97.03
94.80
103.45
109.68
117.48
125.74
89.58
94.40
98.97
98.77
106.52
114.45
120.85
128.34
88.51
140.34
85.97
97.37
101.24
104.37
109.49
113.57
115.74
121.39
126.64
133.88
92.31
101.22
109.92
116.91
118.38
112.76
122.84
128.13
130.73
89.44
98.11
97.99
90.79
94.62
104.64
109.94
119.50
125.22
109.20
116.75
115.03
123.08
123.04
130.07
132.70
135.76
92.40
95.91
98.31
103.64
108.60
114.75
119.48
122.07
117.37
121.95
129.34
135.36
93.41
98.40
103.28
105.05
99.42
105.20
111.58
120.84
122.38
129.13
130.40
131.08
138.84
141.91
128.75
130.20
136.45
91.89
136.68
87.82
97.04
109.83
110.87
113.92
115.03
116.71
120.09
129.87
129.17
91.74
94.41
98.63
99.84
103.62
105.23
112.60
116.31
123.81
129.76
132.84
89.45
136.18
134.17
94.87
96.13
98.73
99.74
101.85
105.04
109.39
112.95
115.35
117.26
117.92
119.26
138.93
94.01
99.32
100.02
100.40
102.97
106.50
111.25
94.97
99.33
99.87
101.89
104.55
109.44
115.70
119.74
125.49
126.65
87.44
94.05
99.77
102.70
102.46
107.20
115.88
114.94
117.42
121.32
127.90
127.47
132.44
90.22
103.54
103.76
109.10
113.57
128.32
120.14
128.75
129.39
89.97
95.85
102.11
105.34
111.65
105.60
111.67
117.59
125.42
132.40
138.01
90.70
137.03
133.38
134.14
98.19
107.18
104.09
107.59
96.90
105.45
112.26
112.69
115.75
127.56
132.60
90.62
131.30
131.74
125.41
124.91
132.57
93.46
101.19
96.40
104.70
112.07
114.75
117.97
122.92
125.50
124.65
124.19
132.44
89.50
98.23
98.86
105.21
109.33
101.42
108.81
112.67
115.32
120.54
125.41
129.36
126.39
130.96
91.93
99.56
105.57
108.99
110.00
109.33
118.25
129.75
93.77
109.63
114.48
120.45
83.37
95.64
98.35
112.11
124.19
91.80
97.57
109.08
117.48
82.06
90.40
98.17
111.54
122.58
86.39
96.74
104.29
111.14
113.72
126.36
89.45
103.88
111.46
119.32
124.25
89.89
95.20
101.96
109.90
113.61
123.79
88.69
98.04
103.70
112.39
119.44
130.94
91.73
100.59
101.72
125.07
118.61
128.44
136.64
96.79
111.81
112.21
116.78
116.62
127.98
88.14
100.77
103.55
111.12
119.69
126.95
100.23
100.75
104.13
105.78
108.68
113.47
115.95
121.01
115.70
121.06
122.66
125.17
131.17
125.64
124.68
123.64
122.94
112.23
105.41
100.64
100.40
98.24
141.47
94.20
147.95
98.58
103.06
145.47
123.47
126.25
130.45
130.66
134.03
123.38
107.19
137.21
132.69
123.90
116.62
104.01
101.82
142.71
139.07
94.74
145.40
93.73
143.23
130.76
123.61
121.29
112.20
100.91
142.65
92.00
107.62
98.71
136.12
134.27
132.99
131.47
118.58
115.07
127.50
111.20
156.28
138.14
129.87
118.40
107.66
137.09
132.72
126.76
116.62
152.05
138.94
133.37
120.85
158.59
148.33
132.67
123.06
111.12
99.73
99.54
103.81
103.98
103.71
100.16
97.51
134.55
134.57
133.20
132.73
130.04
129.68
119.02
117.50
115.40
116.21
108.07
109.15
106.66
103.08
93.07
97.17
96.82
98.73
98.30
99.73
100.97
137.36
137.66
140.36
141.93
136.79
137.37
128.17
130.10
125.59
121.35
114.56
114.76
117.68
106.74
107.93
108.43
109.80
111.54
109.71
109.87
101.92
93.34
103.47
103.42
107.08
106.47
108.14
109.42
106.73
100.10
103.04
105.89
106.09
108.84
112.06
99.26
99.91
105.29
107.79
110.03
110.79
112.78
100.75
100.64
100.19
107.17
106.94
105.78
103.48
98.02
99.57
100.05
100.72
102.97
101.88
101.13
95.85
98.40
103.84
102.84
104.05
104.16
103.38
101.70
102.71
102.49
101.53
101.98
102.53
103.54
100.88
104.46
109.79
109.86
105.80
105.57
103.21
107.50
93.44
98.21
99.97
103.40
101.70
103.27
101.38
140.25
93.79
96.62
98.94
98.37
97.43
96.05
95.50
96.89
101.39
144.96
92.66
143.27
90.96
144.77
93.69
147.92
97.88
105.23
103.38
101.55
140.34
94.63
100.47
99.80
97.58
100.91
96.30
139.26
140.48
143.70
140.81
89.75
95.64
95.69
138.62
95.87
99.03
97.78
98.74
140.54
137.02
138.64
137.76
144.56
98.56
99.68
101.85
101.24
139.16
92.02
100.23
99.90
94.72
98.02
97.30
135.66
136.65
143.01
95.92
101.06
95.82
100.18
136.17
134.55
137.94
135.84
134.91
131.40
131.15
123.70
122.63
121.93
124.12
122.44
119.40
112.66
105.95
106.16
109.79
103.38
100.67
98.35
142.93
92.76
101.72
97.44
103.13
103.81
109.71
108.91
143.01
130.77
131.64
127.89
128.13
138.83
139.89
124.34
123.39
123.39
120.46
122.48
125.10
116.63
138.35
131.43
133.28
136.12
137.76
134.38
133.76
119.41
122.20
116.82
110.10
105.93
105.60
101.04
142.25
95.78
102.16
97.95
99.13
101.35
103.14
135.27
132.80
135.65
138.55
140.21
95.79
102.01
132.41
91.85
145.93
135.97
93.76
144.81
93.76
136.49
137.45
94.01
102.04
99.63
97.20
144.14
87.94
95.00
96.33
94.02
103.50
102.36
109.26
100.62
105.79
113.51
117.15
119.43
120.93
139.87
94.04
132.90
130.11
133.89
137.87
94.56
143.18
92.69
134.41
129.81
131.76
136.84
142.17
93.47
141.89
126.73
127.04
126.68
126.61
122.45
123.31
122.95
119.02
117.16
120.72
121.70
118.67
116.41
113.62
113.67
113.95
114.00
115.14
115.25
114.18
116.49
110.85
114.57
115.03
111.51
105.10
146.94
152.65
107.38
135.81
131.55
137.06
141.90
94.36
96.47
94.10
133.19
134.62
135.44
137.25
135.27
133.36
128.58
131.54
132.40
130.16
127.01
125.77
124.99
121.63
119.70
120.17
115.73
121.90
124.01
113.49
118.06
107.71
110.08
111.63
116.09
116.24
120.73
123.05
113.75
113.26
103.89
98.92
146.58
95.14
99.39
140.93
95.71
145.52
134.86
134.62
122.65
114.70
153.93
138.28
132.54
122.83
147.99
105.55
142.89
139.86
137.79
130.36
129.98
126.35
103.88
98.78
147.30
92.16
145.62
130.28
126.35
118.46
112.36
104.36
99.30
94.73
143.05
134.94
135.74
129.88
123.08
122.15
127.65
132.15
92.70
129.87
128.57
132.99
136.43
127.90
126.87
126.85
119.31
119.97
111.59
112.34
110.12
109.00
101.38
101.40
99.91
146.44
138.19
135.86
132.38
128.22
127.88
123.42
125.15
121.68
119.72
117.09
110.43
135.06
132.54
132.17
127.88
123.00
118.50
102.82
102.92
100.24
140.30
132.08
131.93
127.45
116.81
112.08
109.69
142.50
130.10
128.82
143.43
122.20
114.48
150.32
141.52
132.37
119.54
138.50
178.42
127.70
114.53
103.82
131.45
119.65
114.00
149.88
141.67
136.22
114.76
154.42
95.35
147.53
138.42
134.23
120.43
104.59
143.52
127.61
116.10
145.49
132.10
144.29
125.50
118.28
110.56
107.44
102.11
140.74
128.68
128.89
118.37
115.40
110.57
108.45
103.21
102.69
102.07
103.51
102.28
102.92
103.83
98.57
96.71
93.48
101.37
95.95
107.37
106.72
113.20
97.24
100.30
104.28
109.86
113.32
118.96
115.50
110.67
113.71
119.73
119.70
119.66
119.92
121.68
110.14
112.27
118.97
117.81
121.75
123.70
128.05
121.57
123.72
125.75
126.66
126.13
128.30
126.90
130.24
122.76
121.33
123.47
121.26
122.33
123.52
127.24
126.51
89.74
93.43
92.22
94.73
109.32
104.18
105.13
106.13
108.28
112.11
109.30
108.55
111.53
121.89
113.78
115.36
110.01
102.16
110.09
112.89
113.71
105.98
112.38
114.69
120.30
124.84
129.04
130.18
123.51
124.92
130.18
132.22
91.49
99.08
107.59
97.34
98.77
107.91
109.80
119.85
124.31
119.69
112.53
119.58
126.68
88.58
99.91
96.97
98.54
104.10
104.28
109.21
115.00
121.06
118.65
121.81
125.35
129.08
90.48
144.20
90.44
98.32
146.39
107.50
115.40
102.79
109.96
120.44
125.06
86.37
93.81
101.92
94.45
101.71
108.45
117.25
124.63
132.31
93.70
98.92
133.66
95.87
105.27
105.47
107.11
116.11
125.80
88.08
93.26
97.00
103.01
108.40
116.83
119.69
122.45
126.20
89.16
99.15
103.57
111.76
119.63
128.78
92.20
104.59
110.46
121.34
81.81
95.11
104.98
118.98
85.35
130.42
93.74
109.14
117.91
127.84
91.95
106.70
99.80
110.79
123.61
126.99
93.76
100.30
105.50
115.78
119.58
85.45
103.18
144.13
96.34
107.25
114.94
79.53
95.35
101.65
115.49
125.16
88.76
95.75
99.55
108.77
110.45
122.37
130.95
92.02
105.18
107.26
116.44
124.45
84.75
101.77
103.77
118.53
81.28
100.35
110.82
118.61
118.18
88.08
104.44
110.68
119.42
126.44
92.80
101.49
93.53
102.79
110.10
119.88
126.51
88.61
99.79
92.99
102.32
111.45
118.88
126.65
91.07
147.32
91.40
98.48
104.58
116.09
126.08
88.10
96.65
97.00
100.94
110.54
118.04
124.53
133.45
93.19
95.67
97.61
103.82
118.30
126.33
89.19
97.74
98.99
109.76
114.80
106.18
117.13
120.84
128.90
90.90
95.91
99.04
94.98
103.14
105.23
110.54
113.18
120.13
122.27
90.16
129.66
87.76
98.55
102.39
108.25
112.51
113.28
105.10
105.95
114.05
115.23
119.95
126.38
127.37
124.98
131.39
136.42
92.94
93.09
93.80
96.87
102.86
106.27
110.77
116.44
112.67
115.84
121.71
124.86
114.45
121.56
127.42
86.44
97.06
96.31
101.04
103.80
100.92
105.03
111.00
116.81
119.98
122.80
125.05
126.92
135.39
136.66
136.81
89.06
98.72
97.52
96.29
100.97
108.89
103.70
106.34
112.96
117.06
120.41
122.55
127.62
131.09
136.76
92.76
142.90
105.27
98.07
103.51
107.94
114.22
118.10
123.79
125.70
121.74
127.52
132.81
93.54
102.70
104.43
106.65
98.62
103.85
114.05
116.68
126.76
88.70
96.64
93.02
93.78
98.51
103.72
108.56
113.31
115.18
119.26
121.04
123.36
130.33
87.81
102.37
104.46
112.44
118.66
112.14
118.02
122.03
130.45
93.49
101.68
103.05
105.58
104.56
109.25
116.82
116.43
115.81
118.64
123.67
126.97
133.40
91.26
95.98
97.57
102.71
107.29
109.07
115.73
120.42
119.03
122.03
125.83
95.19
97.03
86.58
97.16
103.19
93.77
98.79
108.30
107.32
100.86
104.38
112.17
112.36
120.46
122.23
127.45
117.49
119.20
120.29
120.76
125.61
127.77
131.93
126.96
128.90
87.65
98.95
102.77
106.79
107.98
108.74
103.09
108.25
114.92
119.22
121.78
124.93
131.42
91.51
94.07
94.13
95.78
100.17
104.34
108.98
110.20
116.61
121.62
123.84
125.67
128.11
130.95
90.01
96.30
96.14
102.66
103.58
105.95
121.27
120.67
111.14
114.16
117.13
121.52
128.71
89.46
96.52
97.61
133.85
95.21
95.83
102.10
99.84
102.98
102.45
138.03
95.85
106.83
99.44
102.60
101.95
102.97
93.91
96.31
101.84
104.14
104.75
107.89
110.05
105.96
113.52
119.18
117.48
117.35
115.51
116.15
102.32
103.19
106.97
108.99
113.23
115.28
119.11
122.46
111.22
116.66
117.85
122.63
124.82
125.24
128.75
123.32
132.02
128.15
120.40
118.73
122.74
120.17
116.54
119.05
123.11
126.36
126.44
126.89
128.64
121.12
122.13
126.98
128.98
133.73
127.87
133.39
136.25
92.06
141.74
94.31
95.13
94.12
96.00
99.66
100.61
101.97
104.26
105.93
106.64
103.73
105.17
111.06
116.59
121.63
129.15
92.24
142.27
93.16
97.94
137.76
94.78
101.14
101.68
105.23
107.08
109.54
109.60
113.86
117.49
121.69
126.90
130.50
128.13
85.93
95.26
98.79
105.75
110.78
115.55
118.57
120.83
128.16
87.14
94.69
139.64
91.02
98.21
103.27
102.45
104.43
104.41
108.81
123.78
132.80
92.19
131.05
127.90
131.52
89.95
96.82
92.67
95.01
96.26
97.81
102.43
108.92
111.29
115.10
117.14
118.33
116.43
119.13
123.76
127.16
131.41
100.91
103.94
134.82
94.93
102.77
102.95
108.60
113.94
117.80
117.82
108.17
110.83
114.79
109.34
107.97
108.84
110.91
107.33
115.01
116.98
121.77
127.99
125.82
125.46
126.18
130.05
132.68
90.83
96.77
96.67
99.15
101.43
105.35
105.79
113.09
119.41
125.82
127.51
134.17
124.42
131.20
91.89
95.82
96.95
98.00
100.24
98.11
103.32
110.08
120.29
121.02
125.40
131.20
128.63
92.08
101.62
101.54
106.62
111.94
112.84
117.74
120.95
127.39
129.01
136.17
94.01
99.88
95.30
92.78
103.21
104.92
106.38
112.88
114.36
119.31
119.06
126.76
129.96
129.69
128.79
132.09
137.44
94.58
95.90
97.42
102.76
111.31
118.95
126.42
86.59
96.02
91.19
100.06
104.21
115.36
126.74
91.85
104.88
107.77
119.71
134.91
100.59
112.02
113.75
122.17
88.98
88.05
98.67
113.91
129.38
84.84
94.77
101.21
110.20
110.96
125.21
85.38
99.13
101.00
120.39
88.59
100.76
106.80
121.51
137.22
93.81
97.25
108.42
119.09
85.63
130.83
94.53
112.03
114.83
90.25
96.26
114.45
121.46
122.11
87.49
97.30
107.23
118.26
85.77
94.40
106.31
109.93
118.21
86.48
94.61
101.29
100.68
101.63
112.47
125.19
93.23
106.20
119.75
130.28
94.24
109.81
114.84
114.31
127.00
89.66
105.67
112.96
126.79
89.91
104.41
106.04
120.12
129.96
94.63
106.04
113.13
119.40
86.73
97.62
107.16
120.87
125.60
88.58
104.18
114.92
109.91
122.22
81.09
95.87
113.90
127.69
95.48
112.70
99.24
113.90
126.89
91.76
111.57
118.25
81.87
98.01
96.75
111.89
126.92
93.56
105.45
110.52
121.24
88.49
95.78
101.71
112.21
121.26
85.31
96.68
106.94
114.58
120.87
85.88
99.38
103.21
115.06
126.32
102.06
118.92
109.04
120.92
89.48
106.90
121.98
88.10
100.11
101.81
105.40
117.56
81.58
96.53
105.21
117.66
125.07
89.54
99.88
108.68
118.50
131.66
93.95
98.88
107.53
120.78
119.59
135.85
92.58
106.77
114.86
122.50
85.63
96.51
96.10
105.17
115.55
101.52
112.57
124.10
86.02
102.64
99.41
109.80
125.40
90.95
98.66
106.69
117.59
124.82
85.48
96.44
104.87
114.83
124.84
90.99
105.12
111.12
116.78
129.10
97.43
105.46
104.06
124.27
89.99
101.73
101.03
115.92
83.63
93.16
100.56
114.83
123.18
86.19
136.78
93.64
106.63
115.81
128.70
91.42
102.78
107.64
104.87
116.31
125.73
89.91
103.43
109.11
114.85
114.84
128.80
90.95
106.64
111.65
119.00
127.50
91.77
99.01
105.58
117.59
122.63
91.05
102.53
105.26
111.62
119.45
133.24
95.33
104.80
98.63
104.11
112.27
122.88
86.23
100.06
109.84
116.87
123.47
89.93
97.75
104.79
114.53
122.96
89.21
98.67
114.34
124.95
91.01
133.15
92.31
107.39
116.52
83.38
96.15
105.81
116.34
111.82
127.54
91.93
104.07
105.69
109.00
119.38
81.52
131.48
94.66
108.43
115.66
130.07
96.00
107.44
113.75
113.38
122.30
131.94
96.12
107.22
109.83
117.43
125.97
84.50
97.39
101.45
104.97
112.43
135.50
102.77
116.09
106.06
115.03
124.79
89.76
104.10
109.41
119.27
83.55
132.33
97.09
112.96
114.80
124.36
88.91
102.46
110.87
120.66
87.78
94.32
96.33
106.86
120.05
94.14
99.53
103.48
113.40
132.26
93.11
95.70
101.25
111.42
120.82
129.92
92.96
105.64
109.22
121.28
92.49
103.62
96.32
108.40
119.13
129.36
95.26
104.48
103.04
113.39
114.54
127.05
92.01
103.95
110.51
112.74
79.59
97.78
97.31
94.11
144.95
95.01
107.41
113.04
106.01
105.91
119.92
86.91
98.03
101.57
110.17
119.21
85.38
91.50
101.26
107.43
117.49
82.04
95.34
105.08
120.65
123.88
92.36
105.08
115.93
128.35
92.26
99.56
104.66
114.98
123.06
88.38
147.46
93.22
105.70
108.30
96.79
93.04
101.82
107.56
110.79
119.84
126.26
88.29
140.47
93.38
107.89
112.66
119.39
127.55
91.03
141.24
132.42
123.46
117.55
108.18
119.34
125.39
85.89
132.95
135.75
96.60
108.62
108.64
113.91
121.31
114.67
125.47
131.90
92.77
100.00
151.24
125.30
117.62
123.84
134.65
92.09
104.22
100.04
106.87
114.23
111.50
121.81
130.20
92.68
98.21
101.43
107.12
105.87
113.04
123.67
128.00
89.31
97.05
98.45
102.65
110.23
116.57
121.58
128.87
87.75
97.63
97.51
101.21
106.50
118.02
128.08
87.03
102.40
102.61
109.31
102.80
109.43
116.97
124.27
128.58
88.78
93.56
95.78
94.56
99.78
113.09
119.98
122.78
135.16
93.97
140.72
93.14
106.33
107.40
111.03
113.72
113.79
117.73
116.06
119.83
124.34
127.73
130.33
90.29
142.21
92.06
95.23
104.10
111.86
102.83
106.89
107.05
101.77
108.19
115.66
119.75
126.57
128.80
133.93
128.10
134.36
142.12
89.56
95.29
94.99
94.67
95.35
100.01
103.59
109.96
115.78
118.36
122.44
128.81
133.19
91.67
101.83
102.35
108.14
110.56
111.69
109.50
113.14
114.76
118.14
122.24
119.95
91.33
131.20
91.17
100.75
102.82
112.04
117.52
121.40
118.47
116.50
120.93
125.08
89.35
91.61
93.47
99.70
105.30
106.28
113.79
113.68
119.11
133.59
91.62
101.05
136.43
95.16
106.07
106.88
111.47
114.60
118.42
111.61
114.79
120.05
125.59
131.98
92.89
100.43
100.45
93.16
98.22
105.06
109.44
119.25
122.91
126.89
122.68
130.52
90.03
99.16
98.58
105.20
108.88
110.92
109.25
118.28
128.38
89.48
101.74
101.69
104.16
103.17
110.02
119.11
124.04
86.79
94.40
97.14
105.54
110.30
119.38
128.42
94.46
105.29
104.71
118.21
122.17
120.98
85.52
97.20
108.58
119.97
84.34
97.26
103.22
99.83
109.19
119.03
134.51
96.80
105.41
107.90
112.82
113.52
122.90
128.81
87.81
99.62
101.29
90.34
90.52
103.59
113.16
118.15
121.60
124.30
85.96
106.54
97.01
104.88
113.52
125.33
85.25
98.82
95.40
94.33
100.66
109.97
118.05
126.43
86.60
96.60
94.83
105.44
113.00
124.03
82.89
99.53
103.32
112.77
112.90
126.87
93.96
109.41
121.52
88.43
102.96
112.49
116.92
116.99
126.69
85.71
97.99
100.59
103.70
110.20
115.86
122.56
135.44
90.05
103.59
116.51
125.16
87.19
129.72
90.72
100.03
98.90
108.42
110.46
114.48
116.20
121.94
127.58
92.49
94.66
100.01
110.34
114.30
108.06
114.26
122.96
128.84
91.66
93.50
96.89
99.30
100.69
106.10
111.40
114.98
126.25
87.25
97.18
89.99
96.32
101.70
109.20
103.59
104.33
107.44
105.24
116.45
119.88
82.99
96.28
95.62
97.28
101.22
102.87
110.60
119.20
124.21
88.91
102.36
105.78
108.91
105.16
113.53
121.31
130.26
92.61
101.07
95.97
98.84
109.01
116.26
121.60
89.90
98.38
104.00
116.91
111.73
120.17
130.87
93.18
109.75
113.18
122.29
117.37
128.02
87.82
102.56
106.79
111.64
120.32
126.53
84.86
98.61
95.07
101.99
106.91
113.51
87.05
99.12
97.37
104.15
113.48
124.37
89.47
99.35
102.22
106.43
105.74
114.18
124.98
130.07
91.93
104.17
101.14
107.08
110.86
115.19
126.66
85.05
98.57
104.23
99.61
108.72
118.91
125.50
88.35
91.05
99.50
118.07
123.16
115.60
130.45
87.72
97.41
105.90
115.61
121.23
124.86
132.78
93.39
105.79
106.25
110.77
118.42
122.67
123.09
88.04
96.12
100.13
117.83
113.32
122.13
127.31
130.77
91.36
99.09
108.58
112.97
122.22
90.38
102.93
111.26
117.11
128.01
88.18
95.34
104.01
109.24
102.10
107.16
117.26
127.12
134.27
95.32
102.81
108.89
100.09
109.46
115.77
121.32
131.38
91.84
96.06
102.39
99.66
109.75
119.81
124.67
125.10
130.54
87.67
93.59
97.11
101.97
106.85
110.33
112.64
120.16
123.24
134.22
96.52
101.94
106.28
110.38
117.63
118.50
115.66
120.19
125.07
140.87
103.27
115.84
112.20
103.89
112.70
122.59
128.94
138.67
143.29
199.69
160.70
164.77
180.92
138.88
114.24
99.85
100.04
106.58
110.07
113.69
117.50
123.39
126.51
88.80
94.68
97.57
102.18
103.82
109.17
113.00
117.93
123.97
124.66
129.12
96.29
101.95
108.02
99.69
105.81
113.25
119.54
120.29
88.00
98.51
105.24
111.60
118.94
122.56
130.96
93.32
103.65
101.80
138.73
95.88
101.92
145.80
92.87
99.29
139.41
124.13
119.15
119.26
118.39
113.79
109.54
139.74
127.15
117.04
117.04
102.00
144.56
134.83
115.23
148.48
132.07
149.17
124.82
150.26
131.80
124.38
122.71
127.34
130.75
89.08
99.53
100.41
104.59
113.65
118.00
112.63
141.18
161.50
172.51
140.78
116.92
108.74
145.19
108.24
149.81
178.93
143.29
125.36
160.45
166.52
184.40
166.79
132.78
112.15
133.42
131.63
146.46
133.68
132.09
124.09
125.68
127.08
131.26
93.16
103.00
100.16
103.66
126.04
119.74
125.85
91.13
95.74
97.71
109.36
112.09
135.39
97.92
110.46
116.47
122.45
127.07
136.83
97.43
105.83
97.03
99.53
111.91
121.83
131.58
92.82
141.77
127.69
95.10
101.11
105.53
114.63
121.31
129.03
91.06
93.96
100.88
106.47
113.69
109.93
107.74
113.64
114.78
120.83
127.26
83.98
101.05
106.06
113.45
117.55
112.61
123.49
128.35
134.76
95.96
104.44
105.93
97.39
101.05
103.09
106.59
106.61
106.61
106.05
101.08
106.67
110.28
110.83
110.34
113.25
112.27
111.27
108.63
110.68
107.45
110.90
112.69
111.87
116.34
114.16
113.38
110.87
111.99
114.94
118.56
118.33
119.07
119.56
125.73
119.79
119.58
118.03
134.85
87.41
126.52
125.30
125.38
128.46
131.63
126.31
118.45
120.68
118.20
120.58
119.26
119.02
118.27
111.60
111.41
113.85
117.83
110.39
110.00
109.10
103.34
106.34
104.56
99.45
99.45
107.61
106.34
93.31
97.62
97.32
100.73
100.07
144.39
135.25
123.84
125.86
124.26
124.24
121.44
133.90
123.76
126.22
125.59
124.33
125.90
129.04
128.35
127.71
95.53
137.90
135.76
142.05
135.94
128.34
132.83
121.47
123.86
123.68
126.10
131.86
131.52
132.95
111.67
114.30
111.74
115.29
116.08
118.71
119.18
120.40
115.46
118.56
120.75
119.65
124.09
127.40
119.33
123.90
127.84
131.74
136.20
134.20
93.05
144.93
133.30
137.53
133.63
89.55
142.89
133.89
92.32
95.71
99.31
104.04
111.32
116.32
117.63
118.53
118.94
109.54
113.96
113.45
121.37
122.31
122.30
111.70
113.17
115.50
117.96
120.67
124.65
125.29
127.83
123.75
125.44
129.65
132.17
135.05
134.40
136.93
87.39
96.55
96.74
102.50
103.42
105.14
105.05
108.53
111.10
116.39
120.85
121.95
126.76
131.00
131.55
127.84
129.07
135.99
92.68
97.05
99.55
98.94
93.02
95.84
99.33
101.68
104.76
107.80
107.49
108.78
113.49
118.40
119.74
124.43
139.62
133.52
106.36
132.36
129.71
133.13
139.56
139.67
97.97
106.95
137.15
90.47
95.92
100.63
101.75
104.06
103.19
104.72
104.46
108.88
109.38
113.43
116.38
120.64
112.89
105.97
102.75
96.92
90.81
99.65
106.00
113.36
116.51
123.21
130.09
95.01
99.51
151.75
108.31
119.12
110.45
118.04
125.60
132.41
95.11
96.75
137.21
97.40
108.78
113.10
117.59
118.44
126.58
86.79
92.22
98.04
104.26
110.04
116.14
121.19
124.30
127.16
88.02
96.76
91.95
98.92
103.49
106.65
110.79
116.74
119.31
113.63
106.20
111.60
118.81
117.05
111.84
115.26
119.40
125.98
132.59
92.61
100.81
101.88
99.28
104.25
109.17
114.51
121.25
124.12
124.93
126.54
130.47
139.94
128.35
130.57
136.29
88.13
142.61
93.70
102.06
95.66
98.28
111.89
115.09
117.82
112.95
121.29
127.55
88.18
95.68
97.77
92.26
96.53
98.61
104.37
107.38
109.53
108.96
111.81
111.35
118.68
125.06
90.85
94.30
97.70
101.75
96.69
99.68
104.79
261.43
167.51
140.47
148.47
138.90
129.95
123.45
114.75
136.72
122.71
117.59
153.36
136.71
122.81
114.36
149.76
136.87
130.76
124.37
113.30
145.72
108.40
142.14
122.42
117.97
119.30
113.63
111.15
143.72
126.16
156.58
170.03
136.04
120.21
152.25
132.48
165.52
141.62
134.24
157.10
131.63
157.62
139.47
157.53
136.62
120.41
151.66
190.85
145.94
143.71
117.73
135.42
108.88
145.24
136.13
165.64
133.63
163.16
140.56
117.19
147.65
133.02
113.15
149.36
130.72
121.41
147.86
142.08
119.08
149.55
137.81
131.87
117.24
99.98
94.39
137.34
133.76
116.22
143.77
162.44
131.43
155.60
136.46
159.74
145.06
129.33
158.56
126.46
158.61
141.56
126.86
146.82
120.84
131.35
159.86
139.49
158.63
136.54
120.14
116.22
148.95
128.57
149.29
134.09
150.43
123.95
147.50
123.78
143.80
174.39
140.87
163.02
141.06
128.31
108.42
136.46
119.25
118.41
108.78
137.04
120.87
150.55
120.79
154.89
135.09
125.54
157.60
132.30
111.37
146.33
131.48
157.46
135.22
155.91
134.62
120.98
146.34
127.77
150.98
125.55
116.65
120.64
158.63
136.81
167.01
141.22
123.56
110.12
143.72
140.67
136.87
131.63
121.23
106.21
144.13
130.48
107.28
144.27
133.67
124.87
116.99
107.59
100.24
148.16
137.75
125.83
109.77
151.92
136.86
130.62
147.60
137.22
129.33
125.19
128.42
127.26
132.45
114.49
138.12
127.21
157.03
143.01
130.93
119.14
111.08
143.10
140.20
136.01
128.48
121.89
106.13
135.95
131.48
119.86
105.14
107.99
133.48
121.29
114.63
109.02
147.88
137.58
128.41
111.99
136.89
126.59
113.87
147.70
132.87
127.13
117.05
111.55
101.58
100.25
150.63
145.21
131.42
152.34
141.51
138.38
136.26
124.70
107.58
130.78
121.89
154.33
139.89
124.97
147.08
124.33
117.25
150.03
135.79
116.70
142.68
128.06
113.03
144.32
125.74
119.78
156.47
132.67
158.37
142.56
128.26
152.13
138.62
145.35
134.32
120.84
139.03
116.17
142.15
117.94
148.67
115.70
147.52
168.32
133.28
151.85
168.43
180.67
133.05
137.30
151.25
124.33
150.64
173.45
134.56
149.11
167.76
125.47
113.86
148.99
92.96
90.93
101.56
103.14
109.93
112.81
118.01
121.94
128.05
132.46
90.49
97.37
105.96
104.40
121.58
128.83
117.96
125.77
130.62
88.60
94.41
98.58
103.19
95.13
95.74
104.06
110.66
112.69
115.94
123.36
115.94
125.99
130.11
133.63
141.32
137.46
125.43
121.09
117.86
125.86
135.19
95.45
106.46
114.90
122.12
132.55
159.32
174.18
126.67
146.00
138.53
91.98
91.72
98.14
105.40
103.02
97.26
103.16
144.77
135.34
123.85
193.49
168.85
152.37
118.36
143.76
135.20
207.32
130.29
135.21
170.31
148.30
112.54
156.30
123.77
121.33
153.95
176.74
161.33
153.04
155.18
136.61
175.39
125.22
156.70
152.92
114.78
147.96
130.95
111.42
144.59
123.11
146.03
131.05
164.79
138.40
117.46
141.85
167.82
134.61
118.44
141.98
151.74
125.19
153.42
128.88
144.68
161.52
134.90
158.44
132.45
111.40
165.80
137.28
156.06
130.83
151.81
125.34
135.40
122.76
119.95
124.84
112.99
109.70
101.89
103.37
152.19
134.71
123.30
174.44
149.35
154.95
213.10
146.84
153.69
153.92
154.45
125.74
157.92
167.77
180.00
197.24
136.85
118.05
149.58
142.84
160.55
114.47
157.06
123.63
153.40
172.80
136.07
122.69
147.09
152.41
153.31
129.42
146.90
166.42
186.42
186.78
192.17
139.91
186.13
172.55
168.67
139.24
141.64
140.39
155.49
166.64
169.30
180.46
141.20
146.57
150.47
156.20
161.69
130.17
150.91
192.99
150.27
165.30
141.37
156.28
129.85
123.06
125.07
130.03
130.93
97.69
98.89
94.92
104.59
108.18
106.17
153.28
190.96
141.82
152.07
221.65
145.25
152.24
205.23
125.34
97.17
100.79
105.67
155.29
154.76
168.92
139.73
176.47
178.93
141.01
130.49
123.92
159.05
138.23
118.35
138.04
118.97
108.77
146.38
125.50
161.10
132.37
119.56
142.13
128.00
153.29
135.56
159.46
128.23
157.60
126.91
145.16
158.58
126.85
144.53
161.89
136.39
157.14
126.20
142.93
167.50
135.61
144.02
152.07
164.30
131.43
154.52
172.55
136.59
136.51
150.35
158.89
227.48
199.20
171.99
185.62
200.70
170.66
151.87
156.92
162.08
173.85
166.17
181.98
143.59
160.49
161.12
169.53
170.72
174.07
175.55
216.08
185.06
195.02
168.12
169.45
174.80
184.98
185.23
140.13
148.62
145.92
160.09
159.00
161.92
153.87
158.16
164.75
168.13
165.32
163.50
161.87
170.02
174.61
180.89
164.21
162.86
175.84
135.56
139.59
181.61
182.63
141.86
147.56
156.85
148.26
159.44
160.40
158.47
153.94
156.17
152.13
201.37
136.99
190.45
181.77
179.04
184.68
139.71
172.12
191.96
149.73
153.63
154.35
129.52
109.17
93.02
99.12
100.83
101.56
96.52
99.11
101.04
105.58
112.30
116.97
120.96
129.54
92.51
104.29
114.57
113.25
117.51
114.04
125.64
143.40
130.22
155.09
136.17
149.62
141.90
163.71
131.33
143.64
170.56
137.56
157.98
169.06
135.34
150.65
125.10
144.22
128.25
149.14
118.19
140.69
146.44
128.15
157.88
140.01
165.52
134.62
150.46
132.09
158.30
143.35
166.25
144.12
119.77
137.80
115.82
149.09
164.30
139.11
110.16
145.81
121.74
159.55
134.22
165.80
132.23
152.68
123.73
148.06
130.15
152.02
127.11
142.63
120.35
143.98
143.70
130.03
155.06
137.40
125.14
128.90
110.01
131.99
126.74
152.11
176.64
135.81
154.35
128.41
152.17
131.08
148.41
120.90
145.72
168.19
177.29
165.79
127.56
141.75
163.65
130.22
159.00
169.34
180.70
141.92
157.16
168.24
133.72
147.56
138.51
174.81
161.29
129.56
137.86
145.13
161.75
172.39
124.62
158.70
161.10
138.02
157.04
127.11
157.07
160.03
129.39
147.21
155.14
170.70
174.01
137.71
154.66
168.90
132.18
150.06
147.87
174.71
141.18
161.80
125.28
134.56
158.96
130.95
142.57
158.31
121.26
136.54
153.36
171.77
141.52
147.00
135.43
152.40
171.41
182.74
136.37
140.05
152.96
130.00
148.56
161.78
163.79
181.49
141.44
159.77
169.00
172.08
143.87
156.95
169.80
134.20
145.89
154.74
162.05
138.24
153.39
157.63
169.14
184.46
219.79
210.79
174.21
163.35
211.48
223.16
174.05
133.88
155.96
161.77
173.42
171.66
134.96
153.19
156.66
149.24
163.39
139.10
122.01
167.13
150.98
132.02
137.95
146.10
141.33
161.88
135.20
145.60
163.59
135.33
159.88
124.15
133.77
156.71
125.36
140.74
159.52
162.61
170.47
137.61
149.27
150.19
159.25
174.96
133.17
118.73
112.32
152.58
140.97
174.15
135.72
147.63
153.03
128.89
135.63
148.01
165.65
137.53
157.33
174.55
183.27
164.06
168.14
124.04
138.73
151.38
166.37
186.95
144.19
141.80
147.05
147.56
164.58
168.07
161.59
169.95
133.94
144.53
152.46
158.63
170.73
177.90
185.96
150.25
180.37
185.92
219.68
174.52
161.42
169.40
179.03
144.02
151.05
150.42
161.19
167.71
177.25
176.76
175.38
138.33
152.12
160.03
169.10
165.53
175.30
135.14
143.74
149.05
152.44
166.68
176.82
175.03
166.02
167.21
178.13
137.74
146.19
163.47
156.20
156.17
164.83
166.92
177.81
179.83
144.53
152.96
159.88
149.78
146.90
160.22
161.03
168.06
174.71
172.88
167.17
177.96
188.58
140.27
134.03
145.89
154.17
161.95
161.71
170.26
137.46
143.56
148.81
154.92
241.81
175.47
158.21
161.48
141.48
156.60
158.71
126.34
118.22
133.96
148.94
157.56
174.06
137.95
148.10
154.45
171.85
144.96
157.57
159.07
167.25
139.04
152.03
157.60
155.98
169.53
140.27
154.43
165.27
169.27
184.41
170.22
205.75
161.08
207.81
217.99
155.56
152.42
167.24
179.03
179.23
139.80
146.81
151.95
170.58
136.80
149.19
157.92
168.77
140.23
153.84
161.73
161.25
166.59
131.83
150.97
160.96
160.89
170.83
136.29
155.01
155.85
125.32
144.95
171.49
139.31
149.33
155.12
146.80
153.57
167.53
145.16
153.74
163.97
161.24
162.47
171.44
141.01
147.65
159.96
174.56
140.36
151.14
153.32
172.80
144.65
158.20
165.61
176.82
141.12
154.65
160.02
168.54
137.26
149.22
164.51
173.38
142.94
156.23
154.57
168.60
139.27
152.78
121.83
180.17
144.73
163.75
137.39
154.59
202.30
211.77
185.91
182.63
176.08
166.92
135.08
152.97
156.79
166.84
133.60
120.84
110.97
103.67
136.58
164.98
138.41
169.84
132.67
194.53
139.09
145.74
168.86
144.08
124.03
141.40
117.06
139.71
156.33
130.89
151.59
121.66
146.45
148.10
148.62
161.97
173.01
172.67
161.10
20.52
23.23
22.86
20.92
5.00
7.98
8.09
32.55
56.23
45.07
1.03
14.87
14.52
15.03
14.71
31.77
45.43
17.08
14.77
45.37
12.94
31.88
31.54
31.22
1.00
25.45
10.15
14.77
14.66
4.27
153.43
87.97
114.82
88.86
108.38
83.58
100.86
76.90
92.03
92.72
91.92
90.40
111.25
106.16
109.72
79.10
78.26
77.75
79.88
93.98
79.32
88.03
107.33
94.62
90.90
111.01
107.88
109.82
107.20
75.58
91.31
77.40
92.37
93.46
92.60
92.55
108.70
109.67
91.35
108.46
108.57
106.82
123.60
97.65
76.64
82.41
99.64
103.02
107.39
105.87
110.10
114.70
118.19
120.12
121.53
88.53
91.77
93.36
83.49
102.39
104.04
105.12
107.99
108.40
78.08
78.40
66.30
83.41
87.72
88.98
90.07
90.03
111.52
98.98
86.29
89.58
115.88
108.97
76.57
77.61
72.05
104.99
91.01
93.40
92.96
108.34
107.99
108.93
105.10
115.84
107.20
121.77
123.38
76.55
94.30
90.79
93.23
96.33
94.06
102.54
120.88
74.33
76.63
66.18
83.45
84.88
74.82
91.94
91.66
95.28
104.26
103.73
105.76
108.01
108.53
77.24
80.01
78.28
85.80
90.43
88.98
92.13
108.05
108.22
108.82
102.80
105.26
108.39
82.83
76.82
77.09
94.50
86.83
84.55
90.70
90.03
94.19
113.79
110.31
78.11
68.01
84.30
72.35
90.57
89.47
93.28
92.29
99.82
103.93
107.92
106.82
106.17
108.50
109.64
118.27
77.46
78.63
92.18
92.99
91.71
78.50
109.32
109.82
97.49
117.54
118.34
121.22
95.38
93.75
93.46
80.95
98.64
102.39
105.58
107.71
109.50
80.91
65.30
69.59
71.79
90.66
89.20
91.32
92.77
83.79
105.94
106.72
106.88
108.17
108.01
79.10
102.80
121.56
78.20
91.54
92.25
93.03
91.89
91.76
92.56
110.70
94.74
114.07
79.17
74.90
123.43
111.68
82.52
92.33
92.56
93.74
91.34
110.38
109.76
109.92
114.27
116.60
120.73
92.28
89.88
90.97
82.93
101.40
89.08
107.92
108.78
108.03
110.13
80.83
72.92
76.34
76.57
91.66
92.73
92.55
92.50
91.71
114.03
116.96
120.28
120.88
123.34
82.00
92.79
80.27
84.70
103.52
87.63
111.02
109.17
77.67
100.16
117.51
121.68
122.49
90.92
91.10
91.76
85.89
75.80
104.91
89.38
110.27
107.34
107.77
117.68
107.09
74.27
116.01
94.67
86.10
90.56
92.38
97.20
98.79
115.77
103.33
113.96
125.49
126.06
115.04
86.01
86.59
88.33
108.87
111.01
93.77
97.79
101.45
117.41
125.03
77.18
76.86
77.86
93.21
87.10
89.22
98.65
112.76
120.57
105.71
120.10
84.95
69.92
71.74
73.82
87.47
87.15
93.50
106.06
99.49
101.94
118.59
107.20
117.75
82.28
77.05
75.67
74.90
77.57
93.88
94.03
92.50
92.63
94.86
104.35
107.69
123.97
124.92
125.17
77.50
76.18
88.66
74.47
92.90
93.66
91.81
106.07
107.87
114.06
108.13
113.51
78.89
86.14
88.77
94.26
90.61
92.78
101.89
105.19
120.31
106.57
118.24
78.64
106.11
123.99
77.14
93.25
91.87
93.33
105.77
93.70
107.93
113.88
116.29
119.94
86.56
85.05
94.16
127.07
95.30
87.38
86.68
109.22
117.46
109.26
115.36
119.75
77.82
77.80
78.17
77.60
76.57
94.13
93.01
92.60
108.97
109.61
112.20
109.16
124.34
77.89
74.97
90.66
77.36
91.01
94.24
98.68
93.25
92.72
109.62
108.72
109.96
120.53
78.40
77.84
75.96
92.81
82.80
100.91
104.26
105.12
121.33
97.27
112.24
119.03
120.35
85.83
89.72
89.14
93.82
81.31
97.70
108.06
106.41
108.67
122.49
124.76
77.29
67.32
83.40
106.26
123.11
94.41
91.16
107.74
85.56
106.13
109.73
110.64
111.27
77.76
79.88
69.36
86.72
86.99
88.35
92.98
109.42
92.47
102.06
108.60
113.25
117.20
83.57
87.68
88.80
94.08
126.68
94.18
109.67
89.72
110.46
121.43
108.13
114.29
119.69
122.19
126.39
92.30
92.92
92.15
91.62
89.48
89.88
111.30
106.18
108.58
120.84
77.46
80.35
79.22
98.92
102.80
104.40
106.48
106.69
118.44
100.84
114.40
105.44
116.48
86.41
94.54
93.87
92.94
99.42
99.97
103.17
117.75
106.23
107.42
112.17
117.12
85.20
76.08
78.16
91.12
79.19
106.81
87.13
102.95
116.75
108.01
107.51
118.87
85.94
77.73
77.09
78.08
78.34
91.35
91.96
105.64
120.82
96.49
109.48
78.83
82.55
73.86
89.58
87.93
126.50
95.71
100.17
104.21
106.56
107.45
107.66
108.62
121.70
108.71
117.58
85.90
90.17
93.05
90.19
93.08
94.12
109.97
107.79
90.12
105.60
109.32
77.02
78.30
82.08
83.84
88.48
113.54
108.47
108.71
98.73
114.97
114.34
107.28
121.59
77.95
76.40
78.30
77.56
83.63
99.71
103.10
105.92
109.55
121.92
113.81
115.13
116.87
87.09
89.66
89.86
91.64
97.97
102.13
103.29
105.46
122.33
76.93
78.19
78.45
84.23
84.38
90.04
89.36
91.82
93.08
111.09
102.64
103.77
120.58
124.25
108.57
118.61
85.24
73.21
90.11
133.29
116.30
102.40
105.79
110.25
78.76
96.10
107.99
119.67
128.25
142.43
107.42
102.09
95.40
108.63
110.23
129.45
111.66
119.83
88.51
110.38
116.97
83.79
145.99
91.93
95.76
99.30
110.48
80.02
139.37
121.31
122.00
85.32
99.07
111.12
124.02
92.47
100.83
93.59
100.39
111.11
79.74
107.92
123.56
122.84
94.42
83.62
104.59
90.37
105.15
109.76
101.37
116.07
107.06
122.11
77.67
77.51
75.08
76.38
79.87
98.83
101.21
81.73
113.38
122.41
123.99
112.13
114.59
83.84
82.14
90.36
89.83
101.10
87.85
89.88
92.25
110.81
107.42
105.56
120.41
107.54
121.04
78.97
84.14
87.17
105.54
107.82
108.91
99.87
101.79
102.87
120.28
123.93
78.19
76.47
77.51
97.74
89.51
89.50
108.95
108.61
120.42
107.96
100.24
114.76
77.40
77.94
124.17
88.97
93.78
89.40
89.66
91.64
108.55
100.97
114.41
84.69
90.58
78.72
81.88
83.53
82.53
104.89
91.10
110.37
97.10
113.05
102.68
120.09
107.94
76.84
93.60
92.61
84.83
84.06
88.96
93.23
92.47
108.60
92.52
106.29
108.53
78.79
78.42
77.87
77.39
92.67
92.94
90.31
107.33
108.13
92.00
106.73
107.48
77.46
109.41
79.24
83.32
83.88
83.48
88.98
108.81
99.09
102.19
104.15
106.81
76.15
77.09
76.50
77.27
87.43
76.30
91.04
92.60
89.95
104.26
110.27
107.56
107.90
108.59
80.07
108.84
89.60
79.13
106.21
78.64
97.79
100.55
117.80
121.08
94.13
124.36
111.23
115.93
87.86
84.40
89.58
89.80
110.03
95.62
96.20
100.46
120.20
122.42
77.96
76.82
94.22
68.48
86.28
89.48
89.82
109.77
108.70
90.67
95.54
105.26
122.44
78.87
78.09
76.67
76.52
79.01
92.45
94.12
91.56
107.82
107.65
108.72
109.75
108.36
77.37
75.51
77.58
78.47
93.12
91.95
93.73
99.58
99.86
101.02
106.16
76.21
77.96
78.84
81.33
85.74
89.58
87.96
93.50
107.20
94.17
102.65
103.25
89.64
112.90
85.33
78.54
91.26
87.62
78.03
96.34
100.68
103.93
105.16
108.05
77.38
67.78
67.38
85.21
86.42
87.56
88.14
92.73
98.96
100.85
102.43
106.65
109.28
77.12
77.01
77.24
72.60
76.17
89.99
91.35
90.35
93.02
92.87
108.79
94.99
114.65
118.71
120.41
76.70
76.94
92.39
84.43
86.55
89.59
107.83
108.44
109.01
107.79
101.09
106.88
76.58
77.16
77.04
78.71
76.44
106.21
95.98
97.70
101.19
104.91
122.69
123.24
78.24
78.70
65.71
84.22
83.88
105.96
107.31
108.24
99.82
100.40
103.95
107.13
107.76
77.20
76.09
78.13
73.91
91.42
91.35
91.65
108.30
108.12
121.78
110.72
108.91
84.95
68.79
86.15
90.26
86.65
91.53
85.99
106.48
108.39
109.22
108.74
107.96
79.30
70.88
76.05
86.15
79.73
91.50
93.43
93.31
91.58
91.41
108.79
110.55
117.93
131.18
118.56
139.71
88.31
90.76
108.00
77.87
98.27
106.86
106.48
104.86
105.88
76.57
77.34
78.77
76.95
79.18
78.34
91.93
90.75
92.09
97.92
107.90
108.96
77.18
105.82
123.13
76.98
74.30
85.94
106.52
89.38
101.32
96.67
114.43
117.25
118.28
74.61
78.35
78.50
80.71
77.93
78.23
78.87
93.13
92.72
106.59
109.00
112.83
116.10
119.38
123.25
76.84
78.20
93.10
85.81
90.86
92.79
91.48
91.93
111.88
109.20
74.20
75.55
79.92
79.55
78.50
91.93
92.96
94.13
92.98
95.08
98.59
113.28
125.32
78.03
133.32
148.06
112.48
85.91
107.34
114.50
79.11
96.68
106.65
104.85
107.93
78.21
77.78
78.05
79.40
92.74
87.01
88.87
93.29
91.68
92.22
107.39
115.38
109.62
113.01
115.24
108.98
78.59
89.35
92.08
96.21
82.57
103.48
106.65
109.70
110.22
120.94
122.85
118.84
122.14
121.73
99.47
104.67
109.46
108.93
97.32
100.29
118.26
120.31
123.45
108.83
121.62
76.41
86.40
97.96
87.66
99.42
92.56
92.86
102.61
116.04
107.30
118.39
77.74
76.83
78.52
78.27
89.44
91.30
93.91
108.89
107.05
111.15
109.96
108.03
123.98
78.44
77.61
94.27
91.65
75.81
92.99
100.83
92.19
107.23
117.30
120.96
123.39
125.24
91.86
83.61
83.39
89.04
109.74
107.64
109.31
106.76
89.01
106.54
121.88
79.22
78.11
79.90
92.51
92.09
92.65
97.28
100.76
116.43
122.01
107.30
124.18
113.16
115.99
84.82
88.45
89.79
88.65
107.75
98.49
101.63
105.19
108.46
108.96
121.54
76.51
78.08
75.89
89.87
75.71
85.86
105.31
107.69
107.21
99.41
117.38
121.54
124.19
78.02
76.47
93.42
92.50
71.53
91.68
93.02
107.31
108.58
110.03
109.52
106.73
122.97
75.93
76.69
92.06
91.71
94.11
78.05
93.53
97.84
110.50
119.02
120.71
109.94
109.84
81.63
81.92
82.49
83.46
105.18
108.60
117.62
98.13
99.43
102.79
114.55
109.49
77.30
76.71
94.11
83.60
83.56
105.57
108.15
107.49
107.36
109.26
106.67
121.38
78.41
77.84
76.37
93.96
92.16
91.32
93.82
95.50
100.94
117.87
107.70
122.31
124.33
81.33
72.00
75.61
103.38
92.12
104.23
90.94
89.85
104.27
114.12
122.72
109.31
133.58
91.31
93.10
81.64
83.51
84.47
105.31
106.47
109.09
122.21
98.47
115.85
121.12
124.40
92.21
92.03
93.67
85.30
95.54
87.50
106.42
93.87
102.40
119.23
125.17
120.89
122.26
92.99
92.49
93.72
91.64
107.44
120.10
89.71
108.38
120.42
92.44
113.00
78.69
75.89
79.84
78.45
92.36
90.40
92.24
101.95
120.54
94.42
105.44
119.56
109.23
122.40
78.32
77.76
91.51
76.74
91.39
92.44
92.50
106.69
103.04
121.86
125.58
113.11
83.31
84.55
84.37
89.47
93.85
91.90
88.06
101.50
103.48
119.48
75.33
77.08
91.88
77.14
68.70
95.44
89.61
91.86
92.94
109.32
109.45
104.40
121.96
77.79
109.43
124.53
91.67
92.91
77.23
102.55
88.97
95.99
109.47
107.92
105.55
120.90
107.58
120.01
108.92
124.11
77.94
94.42
91.44
92.47
94.84
113.85
117.41
119.92
121.58
91.44
92.07
81.50
83.21
70.79
89.96
88.17
91.86
106.95
102.85
120.71
106.19
121.02
123.93
124.31
87.44
87.05
89.01
89.28
93.97
93.35
107.67
108.45
107.65
107.72
112.07
83.81
84.56
89.11
91.99
92.97
100.37
103.11
106.04
107.90
107.59
77.08
110.44
121.76
121.90
123.72
90.25
93.42
92.01
94.34
91.34
90.81
88.83
110.90
78.94
109.32
76.86
78.43
84.77
85.21
88.22
89.49
108.13
108.96
112.19
109.83
74.66
73.41
75.76
76.87
75.18
77.94
76.95
91.26
89.83
94.93
102.41
107.16
110.32
117.93
138.55
79.22
93.45
98.34
115.18
106.23
94.96
122.64
111.57
115.55
87.00
84.22
90.23
89.48
109.33
95.67
98.47
102.71
102.54
120.73
121.94
76.12
89.88
80.11
83.11
83.21
104.88
89.81
108.03
109.89
100.47
118.37
121.37
75.52
79.46
78.09
75.48
96.14
90.26
91.10
110.65
111.18
93.34
92.25
108.92
106.95
121.92
122.59
123.31
78.11
93.76
79.75
93.50
92.27
109.10
110.51
118.94
109.28
109.00
124.41
122.43
125.80
96.28
78.41
102.88
106.43
110.27
95.16
113.98
102.88
122.20
125.42
77.06
78.27
91.10
85.92
74.74
91.48
110.18
110.30
108.85
109.26
119.87
122.21
123.54
124.37
122.46
78.46
77.77
77.97
106.56
94.76
105.10
108.49
108.06
111.06
111.12
76.88
78.54
88.46
93.84
95.54
111.81
108.81
88.11
104.36
105.61
120.12
121.63
109.78
79.48
94.87
88.93
75.98
92.97
91.62
90.03
107.55
107.78
108.50
109.07
108.81
78.04
80.19
79.47
92.25
92.65
89.83
92.20
104.23
109.32
108.90
121.33
91.72
65.15
76.80
82.08
82.37
84.40
87.92
109.35
97.25
100.17
100.65
121.93
120.92
121.71
121.03
74.73
73.69
87.73
93.04
92.84
94.00
111.52
109.38
103.92
105.97
117.36
79.38
75.38
77.73
78.62
90.25
93.60
91.97
97.48
114.54
103.89
119.94
109.15
111.70
84.60
84.13
89.49
90.40
92.59
111.32
90.27
100.28
104.36
107.50
111.35
83.25
77.62
90.55
84.00
84.81
88.99
89.48
87.51
92.08
103.21
104.56
108.53
111.50
109.85
77.52
78.43
79.49
92.37
89.75
90.35
91.54
102.86
108.81
107.19
109.99
108.22
79.31
70.67
88.55
88.31
92.52
92.22
102.69
104.70
107.52
117.08
108.15
122.00
79.82
78.42
85.82
85.04
89.00
87.33
107.40
91.58
104.35
106.82
110.29
107.53
121.35
119.43
85.53
90.03
93.00
82.40
84.14
104.42
105.67
107.11
106.72
119.03
101.49
115.73
123.48
123.90
89.78
75.45
93.44
107.31
92.03
107.19
123.08
91.34
90.30
89.62
92.35
97.05
101.56
96.95
106.74
105.91
108.90
79.22
76.79
70.82
74.42
88.50
92.15
93.28
101.92
90.81
101.77
117.99
108.80
117.48
109.50
116.34
124.69
76.62
82.35
84.63
103.37
105.64
116.68
110.83
106.74
111.15
105.67
120.02
129.77
106.48
114.42
113.75
82.64
101.29
91.67
105.94
92.96
90.53
110.32
83.97
66.31
84.56
88.09
89.49
88.64
90.17
94.30
96.35
102.81
122.06
76.10
77.73
106.42
120.75
124.65
78.37
79.50
83.76
97.35
103.04
109.11
107.55
110.86
100.94
112.44
123.18
89.69
92.29
76.62
97.57
84.63
89.57
108.00
109.68
109.16
108.97
117.66
104.32
76.91
79.08
92.04
92.98
90.49
91.15
103.33
86.89
110.01
108.78
107.09
108.85
79.72
61.45
75.69
82.24
83.99
87.14
114.78
109.99
95.58
112.42
113.52
116.60
82.73
73.59
90.04
92.95
81.19
84.31
101.00
86.96
108.41
108.84
109.24
117.26
115.88
116.22
76.23
73.54
93.15
92.47
92.26
103.73
103.56
105.82
108.50
77.41
108.64
76.99
72.70
72.97
91.22
78.41
92.31
92.03
92.50
90.68
93.39
113.06
92.45
111.68
77.18
77.73
76.25
78.43
81.59
99.11
102.15
108.33
108.81
106.48
100.85
104.54
77.62
78.10
79.09
77.43
91.54
92.80
93.05
107.66
94.26
109.65
108.34
108.37
93.85
76.01
67.77
84.80
83.13
89.33
118.50
120.11
123.52
123.70
84.42
81.73
95.36
82.92
88.70
106.78
106.80
109.35
105.53
104.22
75.74
77.01
78.90
78.07
94.36
91.09
85.95
110.14
106.88
108.81
109.79
108.04
107.41
108.55
78.36
81.17
83.60
89.88
90.05
109.63
110.42
97.18
102.29
74.64
74.36
77.40
78.98
78.58
92.88
85.99
90.84
88.11
93.80
92.55
113.94
107.88
102.76
122.78
76.61
76.58
76.60
79.83
92.14
92.05
94.48
95.61
116.43
93.91
112.45
122.16
77.07
81.03
84.99
71.56
84.55
90.70
94.47
114.07
74.82
97.10
117.96
91.34
115.93
121.86
77.38
91.91
78.62
67.31
85.11
88.06
106.16
110.56
107.19
108.15
115.72
118.70
121.72
74.79
80.00
92.95
92.59
83.37
104.06
89.10
113.66
109.82
109.79
79.84
77.73
71.29
72.81
85.02
90.33
93.81
93.36
91.11
86.56
109.76
108.52
108.81
107.89
109.58
82.41
78.72
77.58
90.91
92.04
92.42
92.43
93.85
111.55
108.21
109.42
109.15
109.55
81.91
78.54
78.18
89.70
94.38
95.54
90.69
110.38
109.42
110.10
104.87
75.53
76.09
77.06
78.99
93.80
93.68
92.53
89.38
109.71
108.81
90.36
108.76
108.69
109.21
83.06
78.32
78.05
77.17
92.02
93.73
94.18
110.07
107.59
107.86
110.03
107.93
79.09
88.21
90.37
78.40
97.74
97.34
101.53
106.83
110.13
106.54
100.52
73.22
69.78
73.86
90.60
76.89
77.66
91.32
88.90
89.04
94.18
113.80
110.14
109.41
79.90
77.91
73.94
76.67
79.63
90.84
91.17
92.96
91.58
94.56
111.48
114.08
116.87
121.30
93.51
89.17
80.10
85.04
89.03
108.39
108.24
110.53
110.31
109.06
118.33
119.00
120.05
76.48
77.50
93.99
91.46
86.07
89.55
93.69
111.17
106.25
109.77
108.18
78.34
75.88
77.91
77.83
77.49
92.94
91.54
106.69
95.61
99.77
100.90
73.07
62.76
122.40
78.42
77.81
82.50
98.66
101.37
103.86
106.29
77.00
96.07
115.37
116.84
103.85
121.94
94.03
91.99
94.15
81.42
100.90
104.03
88.39
112.78
109.24
107.85
76.45
108.64
124.47
92.51
93.26
76.71
93.04
91.79
90.04
90.90
111.38
108.31
108.20
76.77
109.48
85.87
90.20
89.49
90.21
102.28
105.80
109.17
95.84
115.43
116.02
122.31
74.17
89.24
93.84
78.12
98.28
86.54
87.18
107.81
109.65
108.89
109.31
80.67
105.95
75.75
76.68
77.05
77.66
93.67
77.98
91.72
111.95
107.93
107.27
108.68
108.79
107.81
78.61
77.47
82.50
78.88
91.51
154.29
102.88
94.90
113.55
128.97
96.31
109.71
76.63
78.28
96.53
81.93
83.64
102.06
89.53
111.29
106.78
108.07
112.90
113.76
95.70
107.27
120.08
88.56
89.73
92.67
87.75
110.29
109.48
107.82
107.62
107.45
78.27
78.46
80.36
83.84
84.16
89.05
88.98
93.28
112.12
101.01
102.98
75.15
77.44
79.39
77.07
77.01
71.70
89.64
89.96
91.91
92.26
107.23
108.88
106.06
76.45
75.98
79.36
79.44
78.18
90.68
91.67
78.98
106.90
100.95
104.38
123.37
75.80
77.55
97.48
115.39
86.87
90.84
89.18
91.47
108.06
107.14
103.55
106.56
108.70
109.15
77.76
78.19
78.66
73.61
90.29
89.28
94.02
92.16
91.40
108.67
108.93
107.65
107.31
108.15
80.72
76.80
78.20
104.81
77.62
100.85
101.22
104.52
106.15
109.22
78.96
79.09
66.44
84.81
85.82
89.24
90.44
93.14
107.26
100.78
104.00
107.17
106.99
81.74
76.01
77.10
73.41
89.96
89.81
93.69
92.47
93.41
113.35
109.79
107.60
77.88
76.07
77.05
76.34
92.41
93.69
91.95
89.07
89.60
109.28
109.86
109.84
106.07
107.72
81.58
79.05
76.51
79.18
78.49
91.77
93.13
93.23
94.94
112.80
101.79
104.33
76.41
78.13
92.34
84.94
104.71
92.55
107.53
92.97
107.30
110.62
103.91
117.49
79.35
77.46
76.78
77.91
93.25
88.16
75.01
88.36
110.14
110.54
109.99
109.68
78.03
73.11
77.37
78.04
90.96
79.49
92.42
79.05
89.22
89.85
116.05
110.78
107.75
108.79
110.17
80.38
75.67
77.49
92.60
78.09
92.96
91.95
89.67
108.59
107.23
108.29
110.47
76.29
79.42
76.86
93.34
93.30
98.11
86.19
89.00
115.14
75.59
78.41
66.61
69.72
84.99
88.23
85.67
90.08
93.20
87.70
89.71
91.75
91.80
110.96
110.37
78.88
78.93
71.49
76.99
94.59
76.08
92.33
91.56
94.07
90.85
108.57
107.63
107.92
76.00
110.17
78.44
90.33
78.14
96.08
95.31
94.54
111.28
92.95
91.35
112.03
110.70
77.87
83.61
88.83
88.26
107.81
81.71
85.27
102.61
120.12
109.58
81.15
80.10
78.95
70.11
72.00
88.40
89.91
87.54
94.36
110.88
100.77
105.62
119.73
108.94
108.17
80.26
78.80
85.73
90.11
90.04
93.17
90.86
93.34
108.30
108.49
110.85
113.73
118.73
89.42
89.34
90.58
93.03
96.08
98.58
102.32
106.28
106.82
108.04
109.53
78.93
74.21
76.57
90.20
91.47
92.96
93.02
90.76
105.69
107.11
108.81
106.17
109.15
79.24
78.23
76.45
89.60
89.85
92.99
93.24
92.46
92.40
108.71
107.79
109.32
77.97
117.43
130.26
150.07
136.28
122.98
118.12
106.89
101.54
118.93
91.01
100.36
118.65
92.47
117.44
88.76
111.19
79.39
96.05
92.85
103.16
106.41
109.55
108.95
79.00
109.08
123.12
110.65
84.57
83.55
89.17
87.45
89.88
113.61
98.74
102.50
73.53
107.68
76.91
77.50
76.75
76.72
91.24
96.13
99.75
101.49
107.75
108.05
106.78
113.37
119.58
120.84
75.77
77.74
77.23
93.18
92.53
103.77
107.74
108.49
107.07
107.84
108.88
122.34
125.50
77.94
78.06
92.52
92.15
110.85
108.55
73.90
63.05
111.09
114.29
118.94
87.19
76.60
94.70
80.31
84.61
89.57
111.68
109.82
106.91
120.63
120.58
133.13
94.18
111.98
124.58
90.94
101.71
100.54
103.93
75.99
97.90
107.51
108.30
75.88
108.85
108.15
120.38
75.86
77.46
94.83
93.67
90.93
104.46
90.51
106.97
108.90
115.18
118.81
108.17
77.40
95.51
67.24
85.50
86.72
105.86
107.00
109.71
107.78
102.20
121.96
107.59
120.60
77.16
108.66
91.01
79.19
92.40
94.99
109.15
92.01
108.07
120.33
76.59
79.29
79.72
83.87
84.84
88.22
87.13
90.14
107.58
104.37
107.54
108.95
110.45
108.67
76.67
76.76
75.09
89.70
91.44
96.28
89.41
100.43
106.25
77.13
65.27
67.23
119.15
123.40
116.16
80.19
87.93
99.90
84.46
105.35
107.07
110.90
77.74
109.67
100.37
120.71
75.06
78.31
91.32
77.75
104.53
93.33
91.08
111.27
92.44
108.60
108.64
75.32
108.61
126.08
79.41
83.56
83.67
86.99
112.26
109.89
110.44
114.86
116.17
119.85
123.05
77.09
79.17
93.40
83.55
85.38
105.76
109.53
108.65
108.68
107.34
89.45
107.50
78.90
78.12
77.50
87.37
88.92
108.52
97.22
99.63
101.46
104.71
122.33
75.93
77.78
68.37
68.89
84.78
89.60
90.41
90.83
106.17
109.39
104.05
107.19
107.43
76.84
76.13
76.93
92.33
78.53
81.00
100.30
102.58
105.24
76.15
106.72
97.28
114.95
115.98
85.83
70.91
93.80
91.85
93.73
110.03
114.48
117.50
86.27
86.98
89.10
89.91
81.55
99.62
101.52
85.62
114.22
122.56
109.93
75.46
100.97
84.21
87.60
87.84
94.51
90.35
92.01
88.01
106.69
109.37
121.00
110.15
120.87
76.63
77.33
90.90
93.13
91.56
92.03
91.90
113.27
119.37
95.21
115.15
116.05
79.16
83.99
87.94
91.84
83.76
83.96
104.09
107.46
108.96
75.39
108.06
122.34
104.95
75.17
77.64
77.78
92.32
88.78
92.16
92.83
93.61
97.15
117.50
119.60
123.47
122.70
94.25
79.29
90.55
87.34
104.06
94.59
110.90
108.41
100.17
115.24
121.07
123.24
123.10
83.74
120.71
122.51
127.67
88.17
107.48
110.06
108.97
108.00
78.00
108.48
109.31
77.27
77.88
79.29
91.28
77.87
92.25
93.84
108.47
102.95
120.11
75.88
77.58
78.69
71.01
89.66
87.68
87.92
92.27
108.58
110.21
87.37
103.14
122.50
77.77
78.97
79.22
78.81
91.55
89.81
88.08
92.31
108.03
93.05
106.75
109.65
106.88
115.44
80.57
77.71
79.45
92.03
92.75
76.50
108.30
109.27
118.99
109.56
110.15
78.61
78.89
72.25
88.02
89.28
77.23
93.89
92.69
107.56
99.27
113.93
107.14
119.21
81.29
77.23
77.71
92.89
71.52
88.59
88.58
114.96
109.97
108.39
102.30
104.58
120.13
74.16
78.92
78.25
92.40
91.19
85.56
104.82
107.21
106.78
110.31
107.28
76.26
78.61
74.82
77.36
77.19
92.39
92.61
92.41
91.03
105.08
78.66
99.35
119.03
90.12
109.21
122.99
77.95
78.47
86.27
86.22
93.21
91.31
91.44
109.71
91.10
108.34
113.12
114.84
80.04
98.97
92.43
92.28
79.60
86.74
103.90
104.67
108.24
117.75
107.77
74.65
76.04
81.73
84.88
83.69
89.30
108.13
108.59
98.76
102.32
105.22
106.28
107.42
108.35
124.09
93.91
89.09
90.00
95.89
92.25
109.02
108.78
107.97
104.58
109.05
122.24
75.90
86.30
90.60
94.35
95.52
98.13
84.02
108.43
107.21
78.11
78.79
78.96
66.93
84.33
85.10
88.85
87.90
93.33
91.52
101.58
104.46
90.73
113.69
78.92
76.89
79.01
78.07
73.40
89.93
91.85
91.19
91.04
90.22
93.23
110.63
98.36
116.03
120.10
89.23
89.85
95.28
80.09
69.09
84.77
88.85
110.01
93.94
101.03
119.40
101.75
121.16
75.99
90.19
96.14
91.02
91.94
102.90
88.88
112.98
107.61
108.52
107.39
76.57
109.68
77.99
78.51
76.30
92.54
92.32
92.71
108.92
110.40
98.29
103.36
75.93
90.03
78.37
77.98
83.74
85.55
106.69
89.09
109.00
109.40
106.78
104.09
108.19
76.05
106.68
76.21
88.23
106.47
90.37
100.06
102.07
106.46
107.35
108.10
107.83
76.96
76.71
77.98
79.74
99.19
84.29
106.62
87.71
107.53
99.36
104.60
105.88
78.79
107.89
77.77
77.12
92.01
77.99
76.81
88.61
110.41
117.02
122.01
123.81
112.87
116.32
118.14
122.33
76.34
92.35
90.99
85.28
85.37
90.92
115.86
109.07
109.31
108.47
79.68
75.51
77.15
94.93
77.33
79.61
77.88
90.79
107.78
108.44
108.68
111.91
75.84
108.04
77.80
76.95
79.16
77.93
93.95
89.92
119.10
107.86
76.16
64.32
67.17
70.06
72.69
74.95
89.51
91.57
83.17
84.33
103.26
107.80
107.59
108.15
118.32
128.27
106.85
115.15
82.59
95.63
91.38
92.80
99.88
107.41
89.18
108.97
110.36
108.77
75.71
77.13
91.49
80.18
83.95
83.91
88.67
110.10
108.63
119.55
115.33
116.74
122.05
120.43
109.88
122.88
80.79
72.53
90.25
89.99
89.77
108.63
110.25
80.35
77.68
73.47
75.45
89.85
79.06
92.57
90.70
93.09
88.63
110.79
107.79
108.90
93.10
109.10
109.25
78.87
78.48
81.78
83.89
88.62
106.28
109.58
96.02
97.63
115.40
119.11
121.09
90.45
87.96
91.53
82.52
83.55
89.42
106.98
110.55
109.78
108.73
81.41
103.42
120.86
122.71
78.72
79.85
92.24
111.02
86.87
99.52
72.92
97.25
118.82
108.31
76.16
108.91
118.85
76.29
88.54
78.03
78.31
91.96
110.99
93.31
105.89
109.77
108.01
109.39
107.58
76.08
90.71
72.83
83.33
99.99
87.52
106.40
106.76
107.10
107.40
111.20
75.77
105.94
76.43
107.46
124.45
88.52
92.09
97.01
101.31
104.35
124.35
123.84
77.01
76.95
69.96
73.55
89.54
88.40
91.10
91.76
89.01
107.55
110.26
110.49
80.01
77.96
78.21
76.37
74.76
90.88
92.47
92.78
92.36
108.37
91.96
107.57
108.72
110.12
80.42
77.47
77.60
93.25
91.60
77.92
107.61
92.90
93.35
108.58
119.08
123.50
78.16
65.89
70.76
83.52
84.71
88.35
91.18
92.76
87.07
104.72
75.86
109.43
108.13
108.05
79.30
75.23
78.24
92.14
92.29
94.36
92.90
94.36
114.80
107.80
110.43
80.33
78.30
77.06
78.52
78.20
91.41
92.19
96.27
95.14
92.40
109.24
121.35
77.83
64.75
66.59
85.96
88.09
90.84
92.60
110.87
100.46
102.60
104.55
107.85
77.03
76.97
76.88
92.03
72.83
90.24
92.18
91.36
102.86
92.71
107.18
92.76
111.26
78.36
69.73
85.64
89.22
88.91
79.72
83.03
83.60
103.92
101.12
109.20
123.85
99.69
118.11
120.15
76.16
80.52
93.00
92.17
91.87
86.43
106.42
90.04
109.31
107.79
107.23
106.35
80.69
77.54
76.96
97.51
86.60
90.53
114.51
108.77
99.51
100.17
117.31
121.37
76.66
77.89
80.23
85.80
83.66
105.99
88.02
108.42
108.74
108.38
103.84
107.62
110.29
121.66
90.58
91.48
76.68
90.70
98.57
89.62
93.13
106.61
92.53
101.70
118.12
108.80
112.98
84.68
84.09
104.54
106.99
108.60
109.51
100.90
103.32
105.10
77.36
78.09
75.90
78.12
70.10
89.74
88.48
89.22
91.49
110.32
107.07
121.08
106.99
114.51
107.71
76.70
80.31
108.61
92.55
88.86
89.63
92.07
111.96
110.25
106.70
123.16
77.81
66.55
84.12
88.65
89.96
105.58
108.80
109.04
98.22
102.38
108.26
123.22
121.87
92.19
90.64
89.60
89.94
88.42
90.70
90.78
91.58
105.66
107.59
105.96
117.08
75.51
76.71
79.03
77.37
92.45
90.87
90.64
109.18
92.93
103.75
109.07
78.29
106.79
124.67
79.44
76.05
77.15
86.23
106.94
108.74
98.45
99.74
103.91
121.78
124.40
78.18
76.39
76.04
73.49
89.97
92.52
93.20
91.72
91.30
91.94
95.94
112.11
107.61
124.91
88.57
89.42
90.32
101.42
98.24
102.45
106.30
106.68
117.20
108.56
77.35
71.99
74.77
89.29
92.89
78.40
92.29
92.22
104.73
107.96
108.83
108.18
107.81
108.28
137.65
78.46
81.34
83.18
101.08
89.01
108.99
109.01
75.25
98.17
117.04
121.75
123.76
92.04
77.64
93.50
82.92
95.65
89.99
109.48
110.16
107.00
106.05
106.62
107.69
107.41
83.25
117.22
100.38
95.89
93.61
91.67
95.72
103.42
112.89
125.00
123.39
76.58
76.43
75.24
95.08
78.55
92.80
104.14
92.24
108.20
91.61
106.85
110.07
77.83
78.05
77.81
92.95
92.99
98.87
100.31
89.96
90.59
114.49
77.93
108.19
118.26
120.64
76.63
76.18
78.12
77.25
77.05
90.85
89.47
96.23
117.62
118.19
123.42
85.22
77.13
83.13
85.04
89.09
89.58
91.89
92.61
90.81
102.04
88.06
111.40
109.57
122.36
76.24
76.51
77.48
95.95
95.18
93.89
99.88
105.19
110.48
119.80
113.84
118.61
104.96
121.01
89.24
93.15
88.83
98.84
107.43
96.36
109.46
106.29
117.97
121.39
118.63
123.38
126.53
91.35
85.31
110.26
106.63
105.25
103.51
108.48
111.14
108.29
118.08
78.55
92.21
77.85
80.76
84.37
104.68
90.23
92.30
241.31
293.75
140.96
120.27
159.92
140.75
119.92
113.12
143.10
171.75
148.13
122.41
134.61
158.38
170.77
135.68
152.40
168.96
142.09
159.59
128.03
121.87
166.65
150.41
125.31
155.03
128.13
153.73
124.44
136.15
160.06
132.77
149.57
123.89
140.68
166.66
140.07
159.03
132.85
153.20
125.56
152.16
127.81
140.44
156.30
123.40
142.50
163.05
167.08
126.88
145.82
168.75
137.42
162.98
137.16
163.90
167.87
134.91
154.09
130.03
150.08
123.51
133.01
158.71
119.64
100.36
104.31
110.77
115.75
141.20
158.50
134.91
124.27
134.60
159.92
139.34
119.20
146.60
119.38
131.71
160.71
141.55
158.95
131.55
148.76
158.87
134.70
154.49
170.32
138.01
156.88
169.77
133.04
148.30
171.95
123.97
144.30
160.59
134.12
149.40
154.04
122.03
139.90
153.87
173.18
170.97
175.45
181.96
140.86
155.34
163.74
128.25
149.04
121.97
140.97
158.70
173.96
141.77
163.38
134.70
153.19
166.17
141.80
155.88
125.91
145.76
163.79
134.47
156.75
175.12
135.77
141.99
152.30
169.77
139.25
157.65
126.07
182.40
137.49
148.14
156.02
167.57
152.97
129.41
162.46
131.28
150.43
169.01
125.76
148.01
162.48
136.60
146.71
152.11
128.97
141.81
161.48
130.36
160.04
168.89
143.32
165.34
137.13
153.27
130.55
140.94
166.88
137.59
153.07
169.74
136.55
151.63
127.94
148.08
125.79
131.56
153.99
130.25
145.77
159.56
125.10
146.68
118.19
148.39
123.34
145.16
104.41
96.15
99.17
152.07
130.59
153.99
129.94
150.78
131.64
150.41
122.41
149.60
124.17
151.03
126.66
145.44
163.34
136.82
157.98
129.08
148.88
130.88
117.99
133.38
118.19
162.02
133.03
139.75
157.11
129.70
153.13
127.70
160.67
134.30
116.03
146.44
131.80
111.32
143.37
124.07
113.90
107.23
108.81
144.86
138.38
93.53
98.12
100.07
97.42
99.60
102.42
102.83
105.82
107.63
108.69
141.84
140.00
127.84
158.85
135.78
115.08
152.28
132.16
115.67
146.55
134.94
118.30
106.16
137.78
134.54
122.04
112.49
108.85
101.10
131.26
127.21
124.09
122.66
118.29
107.94
100.25
136.26
134.64
132.24
122.16
120.94
119.50
115.54
143.26
132.12
130.55
131.07
131.87
123.34
109.03
107.91
145.53
136.37
132.82
128.42
117.82
106.83
100.57
95.10
138.34
140.80
134.80
137.60
134.48
122.24
130.04
133.48
138.11
135.20
130.13
118.40
120.74
125.47
122.92
122.59
116.62
116.27
108.65
109.15
142.82
133.27
126.09
122.90
122.55
121.58
120.09
116.56
109.76
107.52
110.48
102.11
99.03
97.15
139.69
132.52
133.20
133.38
130.13
126.65
128.51
122.58
162.52
101.97
104.64
137.48
138.56
142.60
132.56
125.76
115.68
104.44
142.81
133.27
127.94
123.75
113.73
107.83
149.60
137.38
129.73
124.95
114.30
109.36
145.45
137.73
132.50
128.97
116.10
110.88
109.38
142.24
120.28
153.90
136.82
142.32
130.24
114.87
98.32
101.34
143.98
136.77
107.51
140.43
121.58
118.10
116.22
119.63
107.91
147.13
131.77
125.27
113.77
109.07
95.03
96.76
110.95
139.72
134.21
136.80
125.42
121.15
116.85
124.11
101.82
105.38
143.45
133.08
142.83
135.79
123.31
113.03
106.30
143.07
131.98
118.35
123.78
141.20
135.11
127.90
122.50
145.29
132.09
121.61
118.81
115.71
149.12
138.29
92.70
137.11
119.02
153.90
138.47
92.05
146.08
132.03
88.64
86.45
148.35
135.52
91.36
95.84
105.31
108.31
104.71
115.20
125.22
88.98
101.76
113.21
108.67
103.47
139.16
142.07
137.61
118.91
110.93
108.74
150.08
141.12
139.66
133.30
134.38
125.71
120.90
116.95
118.49
110.03
115.18
116.07
116.59
137.18
116.12
116.55
118.62
114.85
110.65
119.54
125.75
111.63
111.51
113.37
119.69
110.42
107.84
104.71
99.49
137.29
139.93
141.82
139.12
132.81
130.67
124.00
128.50
127.68
126.85
121.15
116.15
120.46
119.59
119.82
126.17
120.36
127.56
128.75
127.49
131.98
133.33
140.40
93.31
95.90
104.18
106.38
102.23
96.04
96.24
105.90
112.46
114.48
106.85
103.94
97.97
97.88
147.57
134.42
116.25
122.33
120.87
117.57
107.33
98.16
99.43
97.02
143.17
131.68
132.14
128.05
130.04
123.81
122.73
115.80
102.61
103.25
145.08
135.57
137.41
122.36
136.40
118.86
216.06
123.99
96.04
117.03
120.85
131.46
86.14
107.28
122.01
94.34
113.56
77.87
95.28
108.52
77.51
92.64
107.97
126.04
92.92
112.91
119.74
88.84
124.48
74.09
99.17
113.40
87.26
100.94
74.54
94.74
114.52
100.01
105.18
122.55
96.76
120.90
90.95
111.19
78.71
96.24
119.66
85.17
109.34
82.85
103.09
215.19
98.61
99.79
108.66
117.09
123.31
129.89
87.02
96.41
104.17
110.07
122.66
87.15
100.79
111.60
118.24
126.70
87.09
92.68
104.38
111.78
112.00
118.17
123.98
130.17
126.27
127.92
91.33
98.90
108.56
112.78
118.54
126.32
125.50
135.63
90.96
100.29
107.04
113.90
119.50
83.38
92.34
104.53
113.56
118.03
112.78
116.89
89.04
101.62
99.38
101.92
107.37
113.98
124.07
133.32
87.12
135.52
96.46
102.28
99.74
143.10
115.26
104.30
106.55
117.20
127.05
122.13
113.88
113.28
110.17
141.54
137.81
133.18
121.43
115.99
147.10
133.81
133.62
122.85
121.38
115.50
112.49
103.34
105.09
116.19
125.26
89.93
100.49
111.73
122.01
88.14
100.89
97.18
108.96
113.06
122.75
87.36
102.26
111.14
120.13
86.15
97.78
109.98
120.39
130.17
139.61
154.47
126.32
117.71
114.20
111.23
114.05
115.13
115.29
106.76
112.57
122.94
80.57
101.05
113.86
113.40
91.39
140.10
93.80
99.10
117.26
128.65
94.91
108.66
122.97
129.31
91.89
101.18
110.45
116.62
116.46
120.92
120.44
120.14
125.08
132.71
137.85
131.27
132.86
89.29
97.24
102.94
107.98
114.09
122.93
84.72
99.96
114.95
121.06
78.57
98.59
106.97
102.59
110.55
126.03
85.38
96.60
107.14
120.05
85.69
95.47
99.75
111.21
116.91
130.17
83.52
93.66
100.79
108.42
118.53
122.28
125.59
86.86
98.08
102.56
105.74
111.47
111.33
114.31
120.40
84.41
94.62
97.11
102.64
107.55
114.66
121.33
124.76
91.24
93.15
104.10
116.44
119.07
120.76
128.29
135.62
94.58
103.32
108.38
112.92
120.90
119.10
128.06
133.62
137.70
101.06
111.71
118.36
124.43
123.28
131.89
137.25
92.10
98.03
107.70
110.05
102.26
107.42
114.98
121.16
124.45
126.80
131.13
127.39
126.44
133.43
86.84
100.01
100.92
99.91
107.85
97.82
106.02
103.34
104.05
105.24
106.51
104.85
106.87
107.57
108.89
103.75
105.71
122.19
105.64
107.66
107.09
113.98
115.88
121.38
118.52
123.79
111.70
109.00
104.54
110.25
112.03
109.86
101.99
134.16
137.96
144.14
143.44
132.43
120.31
117.89
145.54
95.90
94.04
99.41
145.04
137.58
137.49
125.88
123.67
116.75
111.93
99.87
102.44
137.57
134.56
128.69
124.29
111.98
104.27
144.11
135.66
134.84
124.96
120.09
113.88
108.49
104.77
135.10
128.90
123.72
113.71
149.93
136.99
115.93
107.84
149.23
140.11
124.78
112.43
142.67
135.03
126.36
120.41
106.27
101.76
150.77
134.75
121.09
110.65
150.07
138.82
117.56
132.91
114.57
149.61
123.61
136.36
118.96
103.70
138.39
129.39
160.07
147.67
134.76
150.02
132.15
158.12
135.01
115.47
147.18
161.27
141.60
160.55
130.35
158.69
129.08
153.19
125.31
147.38
122.13
139.03
149.35
127.97
150.85
167.33
133.09
149.37
124.59
150.45
168.24
157.64
147.12
153.96
126.68
150.86
126.38
149.36
159.18
130.12
148.90
165.93
136.69
160.73
126.00
148.82
124.25
154.46
134.45
157.12
140.10
166.95
136.96
157.59
130.23
157.20
129.97
157.50
231.74
121.85
137.29
129.17
93.13
98.89
113.64
81.67
101.51
112.22
83.96
92.85
111.19
82.26
104.53
122.17
94.56
115.48
79.07
90.76
109.02
81.30
99.81
114.88
88.32
108.89
77.16
95.45
111.38
81.26
104.37
76.97
93.89
110.34
80.81
100.09
128.46
98.02
123.39
88.03
112.61
76.28
96.47
116.76
87.90
106.90
114.89
88.19
109.05
75.44
96.11
113.77
84.74
103.26
116.24
88.35
111.43
80.36
99.06
110.85
84.26
101.28
114.38
84.85
101.47
120.77
90.03
112.93
83.22
102.14
119.26
90.96
99.32
114.88
86.74
108.90
79.22
98.17
114.95
85.57
92.80
110.74
82.26
103.89
119.60
135.46
99.99
118.52
85.77
94.50
114.05
85.18
106.07
76.99
96.66
114.41
84.11
103.80
114.23
80.98
100.99
119.51
89.70
108.34
78.55
97.20
107.91
81.31
102.59
118.59
92.27
110.29
76.87
94.59
76.75
97.36
104.29
77.89
98.88
118.91
92.89
114.10
83.38
102.91
107.73
80.23
104.26
75.82
97.16
117.60
88.17
108.17
76.26
95.26
106.73
77.37
98.83
119.18
88.83
108.99
75.72
92.39
103.51
80.09
96.56
106.92
79.47
97.27
78.45
86.05
102.63
74.35
96.17
119.59
92.89
115.46
84.16
103.35
75.77
99.86
106.19
78.81
98.92
122.11
94.80
118.22
87.26
107.18
111.56
85.15
106.13
75.25
95.80
116.32
90.06
100.60
116.15
80.83
102.01
118.51
88.32
107.19
119.10
102.78
78.52
83.26
101.98
119.01
91.76
115.05
80.98
102.62
120.01
90.59
112.41
78.99
101.32
73.14
94.37
117.67
92.81
117.14
86.27
110.69
111.72
88.90
110.56
82.35
104.07
75.88
96.70
113.26
86.82
99.84
116.61
91.39
111.67
83.46
99.12
111.81
83.92
97.21
118.85
85.27
109.03
75.92
95.96
113.67
85.44
104.21
82.92
87.46
107.73
77.43
99.89
115.34
85.90
104.97
113.07
84.56
109.81
78.83
101.78
121.95
93.09
113.20
82.35
101.51
116.93
88.46
108.68
72.96
92.25
111.16
93.15
117.67
72.69
95.02
111.99
83.30
101.89
117.97
86.99
109.16
76.44
95.96
104.47
77.52
97.12
117.20
88.14
106.29
109.25
125.58
90.72
111.49
81.38
101.70
121.70
95.54
117.34
85.40
106.75
112.07
86.31
106.81
78.58
98.91
115.26
86.87
103.37
115.91
80.76
103.95
121.04
141.01
139.84
130.27
90.33
104.00
120.15
92.05
112.30
123.57
87.93
99.63
109.91
116.81
131.41
93.65
110.75
119.83
84.24
100.78
119.71
90.35
135.10
89.78
111.91
81.97
103.36
122.88
92.64
114.11
80.52
92.16
110.98
84.12
108.11
78.29
94.68
112.76
80.99
95.58
110.08
81.06
102.56
113.92
86.28
104.67
121.20
94.25
110.35
81.64
104.62
75.43
93.75
100.70
77.72
96.94
119.05
77.78
102.46
112.40
116.47
86.94
106.52
78.26
97.39
106.87
79.08
98.79
118.85
93.07
116.65
84.32
105.14
75.69
84.98
105.79
79.24
101.18
119.44
89.67
111.63
83.02
100.32
110.78
85.94
105.13
118.83
90.91
112.50
78.36
100.07
116.62
84.51
105.55
125.72
97.81
119.33
89.38
97.10
117.45
88.67
112.89
79.24
95.06
114.54
86.43
101.62
119.34
90.94
248.04
115.36
119.74
119.51
115.69
111.64
100.77
106.78
112.95
117.82
122.73
126.94
128.42
121.74
129.18
89.95
98.17
106.43
111.27
114.16
115.37
114.95
115.65
118.73
116.08
109.59
105.22
100.22
94.50
96.53
104.31
140.04
164.35
154.51
107.80
147.10
140.32
126.52
114.59
155.09
130.48
119.52
112.45
148.56
129.93
117.14
138.51
122.03
116.35
148.48
131.30
121.94
152.37
138.94
120.18
145.45
127.44
145.10
142.25
133.77
155.44
136.61
119.97
118.57
133.65
122.04
107.97
114.15
116.69
124.46
133.73
115.79
136.40
128.51
110.98
152.53
222.70
109.00
126.91
92.66
108.54
115.61
80.74
98.08
113.28
124.37
95.27
119.03
85.29
101.81
114.51
87.12
106.20
110.88
85.03
108.29
123.76
91.76
114.49
77.93
98.42
112.70
82.28
102.62
118.38
89.71
109.31
121.47
91.57
111.11
76.73
93.84
113.42
80.34
97.27
78.03
98.31
121.23
96.39
105.02
123.09
95.06
117.26
89.95
112.38
83.98
106.05
77.32
93.52
101.20
121.54
95.91
118.03
88.37
111.33
81.10
100.39
104.91
77.64
98.81
118.53
91.47
114.23
82.02
102.19
117.43
89.33
104.48
120.84
92.58
113.28
82.87
102.67
119.18
92.77
101.17
118.60
91.27
114.18
84.81
107.50
118.57
89.99
111.18
120.44
91.51
108.15
79.53
97.20
113.24
87.13
103.97
114.99
87.59
109.71
79.30
100.63
119.82
82.85
101.85
118.39
83.09
104.67
122.24
93.91
114.72
84.79
103.64
119.71
91.31
101.10
120.09
93.49
115.32
84.92
109.43
110.89
84.52
102.88
113.42
88.15
109.52
79.47
96.50
114.76
85.86
108.59
116.20
86.13
108.42
79.85
100.71
75.35
95.07
115.40
87.19
98.07
116.02
90.65
111.54
82.81
104.05
77.38
98.13
114.55
84.93
100.38
119.15
92.48
112.15
81.74
100.56
123.10
92.41
106.93
76.60
98.42
116.29
89.18
110.93
78.76
95.36
111.57
80.80
101.77
119.06
90.45
110.19
79.04
98.58
116.46
86.91
107.56
76.62
97.21
113.59
83.90
107.87
122.00
94.12
108.58
76.09
97.25
117.11
91.97
110.22
83.83
101.72
76.50
92.37
115.06
88.62
111.04
79.69
102.95
76.84
99.77
74.33
90.02
113.27
88.97
110.06
81.59
110.82
84.63
105.67
77.54
84.57
105.68
79.78
102.89
76.74
99.40
120.92
83.69
103.82
73.37
95.12
113.05
90.62
115.65
86.89
109.56
82.99
106.80
77.07
84.95
102.56
78.03
102.55
122.99
89.58
107.59
76.14
93.85
112.79
87.02
105.70
75.29
94.60
114.16
87.20
107.02
79.73
97.66
114.45
83.37
107.19
79.75
101.75
116.45
89.55
108.52
77.97
100.93
118.94
92.33
112.27
90.30
116.46
87.59
94.73
116.01
90.33
114.58
86.08
110.74
82.42
101.29
74.25
80.94
102.46
77.72
98.89
74.70
95.40
117.51
90.92
117.12
72.09
95.26
113.33
87.14
108.78
84.57
107.06
115.00
89.70
106.27
79.12
98.93
113.49
87.95
107.43
75.90
98.24
115.22
89.56
113.04
83.92
104.96
75.61
98.16
118.86
92.46
112.22
117.85
94.22
115.70
86.07
111.03
80.09
102.46
75.99
96.82
102.43
74.77
97.58
121.53
94.06
116.45
89.40
110.99
81.39
97.37
119.12
93.24
118.61
88.53
112.97
88.67
107.41
79.94
92.72
113.24
88.61
110.49
86.42
109.76
81.05
100.95
118.79
83.41
106.17
77.78
98.50
113.42
87.97
107.52
76.15
95.08
113.05
85.72
105.76
78.36
98.93
117.95
90.68
111.16
80.32
100.26
117.57
92.25
112.86
84.21
100.35
112.91
81.86
101.78
114.55
88.98
111.97
79.93
100.42
118.24
89.57
107.83
77.58
97.60
117.09
89.66
107.67
76.41
96.37
115.73
89.53
112.21
83.50
108.26
84.45
101.23
82.67
105.26
81.15
104.06
78.89
89.38
111.24
85.59
111.28
86.17
110.81
84.94
107.83
80.74
89.97
112.70
90.04
114.49
87.64
113.37
84.55
106.17
78.12
87.44
106.19
79.82
104.41
75.78
94.01
114.80
88.66
110.99
119.79
91.99
115.08
85.22
107.81
80.30
104.09
75.68
93.74
103.61
76.09
98.40
121.68
91.73
115.36
86.17
105.65
76.16
89.22
110.96
86.01
106.77
79.07
96.54
115.17
89.16
102.97
121.98
93.79
116.31
83.83
103.96
119.04
84.58
103.26
117.37
88.88
106.31
82.38
102.73
77.32
97.87
119.45
91.39
98.75
118.35
87.98
112.21
83.56
104.68
76.86
98.12
120.73
79.59
101.36
121.26
94.68
118.79
91.34
114.60
84.34
105.02
76.27
84.92
106.79
82.64
101.93
75.00
94.79
114.08
84.85
96.07
117.57
174.21
89.64
101.97
111.29
82.12
100.34
117.71
90.70
114.15
79.45
99.36
117.19
90.61
112.26
95.67
102.28
121.09
93.53
114.70
86.21
108.57
110.84
109.20
98.62
104.83
114.59
123.31
77.68
77.13
79.16
78.39
89.69
88.47
94.17
93.75
89.74
91.24
106.85
108.53
111.99
99.24
120.05
110.66
81.85
93.58
94.53
99.42
82.39
116.10
106.90
107.95
106.38
103.62
121.34
108.76
76.29
77.96
79.80
105.85
93.41
90.98
101.33
119.03
117.35
84.94
75.01
87.83
79.75
83.34
89.20
88.67
93.55
94.60
94.85
103.38
110.56
102.04
118.87
122.88
92.88
88.83
94.46
79.60
99.41
102.33
104.65
105.98
122.37
77.45
77.72
68.81
86.23
72.36
75.25
105.12
91.83
93.26
86.87
85.71
113.43
109.46
76.95
109.11
78.71
76.21
76.64
78.12
90.99
93.00
93.27
90.89
120.97
110.24
114.57
116.95
118.16
90.76
87.15
88.84
110.51
81.28
98.19
101.81
105.58
123.04
123.40
79.00
67.99
70.06
73.99
89.44
78.18
92.88
106.65
101.40
105.27
108.81
121.90
121.91
119.22
121.93
79.89
66.76
80.19
88.58
90.16
108.81
108.50
108.53
99.21
115.41
120.41
123.59
89.86
94.72
77.85
114.43
84.42
101.15
106.91
106.16
107.36
109.46
110.21
105.95
113.69
123.02
122.24
87.67
74.36
93.35
76.11
95.14
96.76
111.05
119.55
86.39
78.14
95.15
95.47
98.98
112.57
106.13
115.73
125.83
77.97
112.84
118.25
80.14
88.01
89.14
105.26
106.96
95.37
109.18
100.02
108.83
123.24
124.34
91.34
91.28
83.91
87.55
88.54
87.21
105.47
110.55
110.37
113.13
105.64
116.40
108.74
116.22
84.21
76.98
92.52
77.01
91.43
98.41
102.77
112.74
108.51
121.98
122.34
117.74
82.36
77.93
77.34
93.73
77.90
98.07
105.96
108.21
110.70
108.69
109.84
121.21
123.25
125.36
91.66
91.07
93.74
91.80
93.93
111.30
108.00
110.09
108.91
120.99
129.17
123.21
125.81
89.33
99.58
107.37
114.66
123.54
85.42
100.21
115.59
78.21
97.97
115.78
88.53
99.80
118.88
120.43
89.86
102.14
98.78
114.55
81.18
98.83
115.51
108.86
120.26
87.62
88.05
99.41
113.47
81.57
97.02
105.20
116.15
83.03
92.09
101.61
114.17
110.72
154.52
92.03
96.17
106.75
118.17
128.12
90.79
93.21
94.78
104.34
122.78
109.10
112.98
124.71
119.14
83.45
97.12
86.69
107.34
99.87
103.97
104.66
118.74
78.82
76.93
75.96
68.11
71.82
87.71
88.28
87.84
84.35
107.60
99.54
103.32
115.12
126.00
123.09
124.06
86.64
74.85
88.86
99.57
91.45
100.72
100.23
112.81
78.69
73.01
66.20
84.67
79.89
87.20
86.32
98.28
84.77
97.10
104.48
106.86
116.73
123.73
122.94
123.56
119.25
82.75
86.80
90.90
93.99
93.20
105.16
88.73
100.04
115.63
114.86
119.24
130.00
89.39
110.30
91.19
76.75
99.27
101.82
104.43
106.71
117.11
112.81
114.01
125.95
121.41
85.90
76.77
91.08
100.92
88.32
102.08
107.86
117.12
106.96
115.33
123.38
123.65
124.68
111.51
121.46
84.06
93.96
99.94
104.36
87.49
107.21
118.10
125.10
125.30
122.28
84.31
72.13
87.23
92.91
92.05
101.76
100.60
105.10
116.13
107.76
123.57
78.19
76.33
76.54
77.42
95.37
86.74
99.11
91.70
102.43
91.43
100.88
103.92
113.60
120.75
109.80
128.17
92.45
86.58
92.79
92.92
105.09
100.79
113.17
119.17
123.80
123.15
86.70
87.95
80.04
88.61
107.05
91.70
103.16
108.49
103.38
106.07
116.33
108.87
117.51
120.77
120.86
125.45
90.96
92.40
100.20
109.78
93.16
105.25
113.13
107.84
114.59
129.55
85.68
84.23
104.56
108.94
95.56
97.41
113.29
106.00
114.10
126.18
122.11
87.95
130.01
122.74
126.52
130.20
122.99
82.06
92.02
93.50
103.78
117.70
109.24
117.89
128.61
126.57
87.21
96.39
88.71
108.20
93.15
112.48
123.00
125.17
96.18
103.98
114.60
127.59
89.98
106.43
105.65
90.99
92.01
98.31
106.50
116.23
122.14
123.67
126.31
125.82
126.69
129.22
133.99
136.73
91.04
100.04
138.70
96.16
99.92
107.07
113.81
125.21
124.42
78.79
88.74
98.28
90.14
101.60
101.54
114.38
110.83
110.74
110.62
110.24
110.51
122.80
122.09
90.49
105.90
95.24
99.96
107.78
92.39
112.39
126.02
124.53
78.43
134.20
87.37
102.32
89.99
106.79
108.10
108.30
102.66
115.06
107.97
118.80
123.57
84.63
74.95
76.43
91.34
98.25
102.82
107.51
108.96
120.39
99.46
117.73
120.20
120.84
123.14
94.48
91.89
93.11
83.13
105.50
105.81
108.66
108.17
118.89
110.03
118.77
122.22
123.16
91.98
93.01
94.50
92.74
83.63
104.76
103.68
108.18
107.95
119.17
89.96
94.85
69.80
84.65
89.88
93.46
112.71
108.08
109.63
105.92
114.16
107.75
114.06
82.90
75.80
78.91
76.46
79.95
97.82
112.17
102.92
120.65
77.26
76.22
77.73
71.07
72.70
89.28
88.18
92.73
93.79
112.95
99.29
102.68
106.49
121.62
80.15
75.81
77.45
70.10
86.24
90.19
92.50
92.85
90.14
105.92
107.65
112.18
115.85
119.01
122.30
121.80
92.21
91.17
86.88
89.51
106.72
110.39
109.86
110.71
79.60
69.23
72.16
77.03
92.64
78.52
76.86
77.74
92.41
92.38
93.13
113.88
118.93
116.02
123.65
88.98
84.03
74.12
89.00
90.68
90.84
92.22
108.06
104.31
106.65
107.87
122.27
76.71
77.74
90.03
91.63
81.09
85.97
89.72
107.72
110.02
108.24
78.23
71.23
74.02
77.78
75.87
79.18
78.72
105.66
108.05
97.56
100.44
103.26
118.16
122.47
80.12
76.13
72.09
90.49
89.38
94.36
93.77
92.46
108.16
105.55
107.63
108.85
107.58
108.19
87.44
90.50
80.58
79.00
79.47
97.78
77.44
104.60
104.76
77.80
110.78
115.39
83.50
87.13
91.30
87.37
93.53
92.89
81.27
102.64
103.54
105.44
79.08
78.21
75.82
83.08
68.20
84.67
89.90
88.42
110.51
109.95
101.49
101.70
104.89
73.84
75.43
80.14
76.75
91.25
85.73
91.32
89.08
92.09
90.38
106.50
110.12
108.36
109.96
80.37
76.54
76.85
78.87
77.74
91.30
93.86
95.08
100.38
119.56
123.92
125.65
79.97
78.34
82.58
84.46
83.07
90.93
91.52
93.19
107.54
103.60
105.48
109.34
107.22
121.57
76.00
78.25
86.67
89.45
96.72
92.81
103.05
119.96
108.64
112.25
100.82
117.32
123.45
76.49
76.63
93.28
106.13
84.92
94.47
74.84
101.35
118.06
78.22
80.02
77.68
86.30
90.76
88.42
90.97
91.76
93.86
91.39
106.55
106.66
92.95
90.97
108.98
79.89
78.06
75.57
78.51
78.04
92.80
93.08
92.14
93.61
109.90
108.59
109.83
76.45
77.89
78.68
79.37
93.06
90.55
88.56
93.32
92.72
92.27
118.63
124.53
95.42
113.86
119.24
86.20
90.27
90.13
88.68
80.07
98.77
101.13
103.86
119.27
78.07
79.76
76.29
70.83
90.36
77.38
92.48
91.85
91.02
90.24
107.77
107.63
109.40
116.75
85.55
89.90
92.92
92.54
80.46
98.66
90.57
111.66
109.75
110.24
76.54
77.87
70.27
107.18
94.69
77.13
91.13
77.78
85.84
83.04
112.30
105.10
109.40
120.13
77.57
109.34
82.36
87.79
92.77
78.52
91.20
92.26
107.26
79.98
96.84
114.34
92.55
117.16
119.80
91.07
88.23
94.26
80.65
83.23
86.30
104.91
109.65
110.88
79.34
66.20
70.45
72.46
84.64
77.72
75.59
92.08
85.31
89.80
89.31
113.82
107.00
109.45
78.31
77.76
73.48
76.99
90.33
92.53
90.88
94.18
109.13
105.71
107.76
108.18
106.26
109.65
77.43
77.99
78.57
76.52
88.41
82.18
83.76
111.65
109.18
122.60
113.56
118.54
118.79
120.14
125.60
89.57
92.77
91.33
85.75
107.41
103.35
107.36
108.36
122.29
123.39
120.82
121.49
122.89
89.86
76.92
94.37
92.52
91.51
95.04
113.38
116.94
82.21
75.40
88.16
92.16
129.88
131.86
96.02
106.93
87.08
95.63
93.26
89.93
94.50
102.80
111.46
113.44
119.96
125.82
123.57
132.50
90.53
91.39
96.81
101.35
113.71
108.51
98.73
103.16
109.12
112.08
118.96
109.57
114.13
118.81
119.81
128.67
94.34
106.07
106.36
113.08
114.52
107.74
114.20
120.10
128.50
87.41
95.63
101.38
91.11
98.27
108.31
117.40
126.61
133.44
123.36
121.27
132.98
92.49
102.07
108.37
92.55
101.73
106.46
111.97
116.41
128.56
131.34
89.99
85.29
85.46
99.32
98.50
83.42
105.98
108.55
120.94
84.26
71.93
64.69
87.15
87.89
87.81
91.74
91.20
93.42
98.25
108.70
121.35
107.47
115.61
124.02
82.56
72.25
91.84
85.58
93.21
104.60
103.87
111.46
119.37
97.82
102.64
114.40
125.05
84.05
71.20
92.21
75.23
99.74
86.69
97.74
107.67
113.44
122.43
110.19
115.67
124.79
124.02
88.12
91.67
93.89
92.29
104.95
108.41
92.35
102.52
117.73
121.47
85.75
92.61
128.51
116.24
123.94
87.02
100.59
110.56
123.89
98.82
110.91
120.59
122.22
88.80
92.06
89.19
91.84
92.84
93.58
91.90
110.82
108.27
119.62
122.23
111.97
114.07
117.62
85.67
88.58
90.65
89.09
100.49
89.41
95.37
106.64
108.06
120.68
89.67
89.35
113.25
83.87
83.52
88.55
92.84
108.84
114.65
102.52
104.82
123.24
122.31
123.11
92.13
90.57
93.93
88.80
89.64
110.73
109.07
111.09
110.74
107.98
116.13
79.90
75.47
76.28
87.24
94.27
104.86
84.85
102.27
108.36
108.68
108.39
109.59
115.76
78.29
76.54
90.09
79.78
77.74
106.43
90.98
106.07
107.47
107.20
108.12
109.13
132.11
123.10
90.98
91.06
82.65
88.01
89.51
89.78
111.59
121.82
77.48
66.17
71.05
75.19
76.15
79.29
93.04
92.24
89.47
107.06
91.42
91.86
106.45
120.13
120.85
90.35
127.42
82.79
79.19
82.39
112.51
109.72
117.38
97.98
111.02
120.80
107.18
119.57
125.28
89.75
77.04
84.45
84.00
85.07
105.69
116.04
97.90
98.57
94.67
102.62
114.96
121.37
129.09
88.44
95.39
94.72
98.53
107.09
87.87
105.03
105.30
113.67
114.25
115.98
119.86
124.95
128.16
85.39
138.06
89.70
95.14
105.77
109.31
112.28
118.62
123.25
127.83
127.17
130.08
135.02
97.06
103.61
102.33
106.82
97.65
103.27
106.18
113.44
123.54
122.05
129.15
125.41
132.62
89.87
92.51
93.15
101.64
101.30
107.72
109.76
108.94
104.21
106.86
110.86
111.95
113.36
111.65
109.60
116.54
122.02
124.00
124.28
127.43
116.09
118.89
117.43
120.14
118.30
119.62
120.46
118.29
121.58
127.85
128.44
132.71
131.91
136.06
120.21
125.37
130.86
132.14
90.52
144.80
139.07
93.04
144.39
138.70
140.06
135.95
129.46
124.15
117.44
111.08
109.26
113.35
114.54
118.92
123.00
127.34
125.75
131.88
88.09
96.47
98.59
105.40
111.60
116.15
118.86
125.34
125.41
88.52
98.79
105.29
109.52
103.22
110.38
116.70
123.41
129.70
87.77
95.53
92.29
98.76
105.76
117.18
123.04
127.12
130.08
89.28
93.12
99.18
104.11
111.33
115.85
135.86
99.38
111.72
103.42
117.15
83.39
101.42
116.70
85.69
99.11
104.76
118.19
87.47
104.54
120.98
108.57
115.37
124.55
88.50
68.44
95.17
105.32
93.18
104.18
112.85
120.51
122.91
125.49
106.77
119.76
128.21
91.14
104.71
119.73
79.96
65.60
77.66
87.17
87.09
91.06
73.75
91.97
88.63
87.22
102.76
106.64
110.29
115.57
117.81
122.28
126.38
130.61
89.25
89.70
140.25
88.58
92.26
95.28
99.88
104.07
117.90
126.07
131.21
124.28
133.24
90.91
99.46
99.24
103.32
106.13
105.25
109.04
117.54
108.80
112.66
118.03
121.96
129.13
131.51
88.52
98.12
93.87
102.23
141.02
88.52
92.79
88.05
102.97
106.94
114.80
121.20
122.28
113.94
116.57
124.30
131.87
89.82
95.86
93.55
99.83
100.22
106.52
111.24
115.00
116.44
124.77
133.56
136.48
95.03
108.00
99.88
112.64
119.69
111.85
116.70
110.27
121.20
124.94
127.42
130.34
130.03
92.54
136.72
90.26
98.57
99.18
105.84
109.61
108.06
99.26
103.42
109.97
119.99
124.35
125.19
129.91
137.28
88.22
145.05
93.76
105.22
101.94
105.61
111.76
114.64
124.48
86.13
93.24
98.94
100.63
106.24
103.28
111.25
116.49
123.67
131.28
90.40
98.45
103.24
104.50
105.41
110.12
111.98
116.57
121.05
96.73
93.40
132.18
92.72
103.26
101.83
113.63
125.18
130.87
111.16
120.23
125.59
90.67
86.29
109.22
122.04
109.55
103.33
112.66
124.36
121.76
130.69
124.66
90.75
138.51
95.92
108.75
116.57
125.81
90.53
101.48
106.62
102.64
112.36
124.47
88.64
101.90
105.34
101.99
93.30
96.00
102.72
102.56
104.77
100.28
100.02
100.61
106.04
112.67
110.75
112.38
118.84
120.50
123.70
116.13
120.44
121.23
113.58
120.88
117.79
120.76
111.34
115.66
124.81
128.77
87.42
142.14
91.03
143.00
93.65
149.78
98.79
110.48
108.92
111.75
151.34
93.84
100.06
103.52
101.50
101.35
105.19
109.17
106.37
115.80
122.23
123.04
124.72
123.21
123.24
130.99
132.34
90.88
100.70
103.47
108.75
108.72
104.02
111.73
120.21
126.90
87.38
98.49
99.61
104.13
97.02
101.81
108.76
118.05
118.86
120.38
115.20
109.08
112.25
118.58
122.95
128.96
134.57
91.91
94.61
100.90
103.40
103.86
111.94
118.10
121.76
126.66
119.86
122.19
127.53
135.33
94.60
98.31
98.78
95.87
104.51
110.41
115.17
122.52
130.06
93.11
101.31
106.10
107.94
122.71
90.62
103.93
106.76
116.09
97.01
95.75
111.31
83.37
99.08
115.83
84.43
97.59
112.90
117.09
120.06
121.17
90.60
90.29
78.83
92.43
89.81
93.20
110.08
107.21
110.23
108.91
78.67
75.74
77.17
81.70
81.90
86.84
104.80
117.41
109.42
119.16
99.79
106.54
101.84
119.95
83.54
90.70
102.35
130.99
96.73
84.19
108.47
106.21
108.86
119.67
101.64
109.16
126.24
124.41
122.68
89.27
92.44
91.21
92.57
99.39
109.05
115.89
120.51
123.37
124.84
113.92
81.90
88.00
88.79
92.03
91.01
103.91
105.62
108.87
108.83
109.83
130.88
88.94
85.28
92.75
80.59
84.22
86.29
87.31
108.76
106.72
118.40
117.26
119.22
121.32
124.10
125.00
90.71
74.15
76.66
89.35
88.62
99.54
93.34
100.09
107.87
119.38
109.42
119.72
80.74
94.34
76.73
93.98
106.17
92.07
100.85
115.28
118.22
121.79
86.65
91.33
90.82
83.54
87.04
87.94
107.25
76.29
100.49
109.04
117.01
121.64
107.12
114.72
118.98
128.59
84.99
95.36
90.37
97.12
108.73
117.02
109.64
118.68
81.97
90.10
68.21
73.60
86.18
89.41
94.98
91.74
100.36
91.09
95.90
109.46
122.28
123.49
129.67
121.87
123.00
86.31
93.08
102.76
91.27
96.91
105.33
109.52
114.87
122.58
125.23
106.67
104.41
115.47
110.52
121.69
84.44
94.69
107.48
117.14
122.23
110.90
108.04
117.23
129.68
125.50
88.30
92.39
98.85
106.84
88.76
97.98
106.78
111.25
118.86
116.93
127.24
115.62
127.51
88.73
97.83
103.76
113.10
109.87
90.34
94.05
103.48
113.23
119.48
128.89
92.09
92.83
89.96
99.23
88.53
100.49
105.82
112.75
119.30
104.88
111.65
120.32
88.11
84.09
87.17
105.05
108.12
103.18
101.01
107.99
114.88
122.21
131.33
123.82
123.29
133.75
90.18
104.70
89.69
101.16
92.52
95.25
105.82
117.53
107.81
113.43
122.77
85.13
113.56
87.73
86.41
86.04
103.82
107.66
111.99
118.63
120.97
123.06
107.34
111.06
119.73
135.72
99.44
96.45
101.18
98.92
107.89
119.14
124.86
126.01
132.26
114.26
123.29
88.00
85.60
101.21
92.26
101.25
94.16
97.76
103.87
112.50
116.27
117.09
124.07
123.65
84.28
73.92
97.39
108.61
105.97
115.95
109.18
106.88
119.14
119.09
82.76
84.34
87.23
86.52
102.54
131.94
94.87
106.83
108.84
105.88
107.44
113.59
84.20
84.70
79.77
80.02
88.11
87.57
100.86
110.59
110.47
103.61
111.00
121.67
123.26
79.72
72.92
73.78
87.94
87.65
108.54
91.30
97.60
90.57
99.84
110.19
107.99
120.71
123.86
124.01
123.73
89.31
89.18
95.26
100.01
111.06
107.58
121.15
124.63
113.73
125.51
119.79
87.04
93.11
101.34
93.50
102.42
105.56
105.69
108.44
110.46
117.75
108.41
119.95
122.45
124.08
89.95
73.15
91.27
101.76
93.03
105.95
116.44
113.85
116.72
124.28
91.15
87.88
105.15
80.88
86.93
109.19
102.80
106.84
106.77
118.97
112.16
116.02
129.49
91.45
92.68
91.93
95.72
92.92
99.75
94.84
109.18
107.79
114.81
120.25
87.03
126.57
83.61
84.25
88.20
107.10
105.78
106.99
114.89
103.73
114.52
106.73
113.76
124.08
87.33
74.36
90.42
93.40
96.02
113.21
104.05
117.37
123.02
120.71
114.29
79.76
85.03
87.54
86.17
92.11
99.89
101.77
88.44
101.22
110.77
108.57
118.18
124.21
125.46
128.04
117.91
123.17
88.45
100.89
107.71
103.22
101.67
114.79
120.15
128.54
124.63
85.69
98.37
134.73
93.81
86.15
104.92
111.66
108.98
114.37
104.56
112.97
126.14
123.93
89.63
91.39
76.38
93.08
76.41
97.92
106.10
111.48
108.30
112.56
120.32
124.46
126.58
92.32
99.09
95.33
92.09
92.05
110.17
103.08
113.81
117.11
126.84
121.94
84.97
72.59
68.76
86.97
99.47
93.93
103.19
109.84
113.38
115.53
107.46
108.88
115.21
119.89
122.85
131.21
91.93
92.88
104.66
92.72
93.14
101.22
106.49
112.03
118.24
83.91
72.00
92.82
83.09
88.27
105.07
110.13
101.97
106.70
117.64
116.38
117.32
125.22
84.08
133.65
124.02
85.15
89.04
97.07
105.29
114.85
107.90
118.24
123.60
124.00
123.22
133.03
125.39
126.21
91.32
97.66
104.20
92.90
102.52
112.70
115.08
116.87
127.89
83.31
81.49
88.53
106.06
108.72
120.89
122.98
91.25
105.33
115.87
82.07
99.82
112.87
125.43
82.07
100.76
109.65
127.87
83.96
99.04
106.43
119.15
131.52
95.33
95.31
102.02
106.70
114.50
120.36
120.31
124.44
83.06
92.83
104.19
110.88
120.59
125.20
132.41
91.38
104.46
110.08
117.72
123.68
84.76
91.64
129.75
128.00
165.28
129.64
159.47
134.33
109.71
144.19
93.85
137.02
90.40
138.13
132.89
137.33
134.07
95.20
142.62
162.65
137.30
94.12
148.15
89.91
140.57
148.46
102.44
153.08
124.90
122.94
115.67
118.59
123.21
109.15
102.08
139.62
95.32
141.69
121.64
123.73
116.46
132.82
108.71
111.97
113.25
117.77
119.98
117.58
114.22
140.18
134.39
92.93
141.49
93.75
155.77
105.90
114.47
100.02
104.37
105.54
105.02
109.31
113.25
106.46
107.71
115.73
115.49
115.72
120.80
122.00
119.89
126.87
132.19
133.60
87.03
148.11
85.90
109.78
138.11
134.71
137.82
143.38
93.05
139.19
91.69
136.98
135.09
95.51
100.32
98.25
103.11
107.06
106.15
109.58
110.87
114.34
121.56
128.83
126.38
123.31
125.11
123.73
128.66
135.13
93.80
98.44
107.67
90.81
103.70
113.66
120.77
131.96
94.09
106.50
97.97
106.83
119.37
85.12
99.48
110.63
123.13
84.44
133.28
95.82
109.43
120.31
84.58
93.31
103.76
102.09
105.08
112.98
115.53
119.98
123.98
126.99
129.19
90.78
141.58
96.49
103.73
108.09
111.16
119.50
122.93
105.95
106.39
107.21
113.83
122.83
123.86
122.11
118.68
121.65
122.81
130.77
134.99
122.51
121.19
106.49
106.21
114.12
112.70
115.91
118.01
131.48
93.33
134.46
136.50
96.11
100.09
137.46
90.04
101.07
103.37
112.93
120.45
126.59
85.73
106.34
111.51
102.38
109.38
119.65
125.36
129.75
87.83
95.63
98.65
101.05
110.26
115.42
124.27
129.18
94.49
101.61
122.10
115.46
126.60
90.56
102.53
109.21
118.20
123.44
87.13
87.14
94.89
102.89
113.90
120.97
128.53
84.64
94.69
104.50
112.74
125.74
133.55
91.34
97.20
105.47
103.99
112.69
127.50
91.86
106.15
113.20
122.05
88.78
96.55
99.31
103.34
108.39
122.30
89.07
102.28
109.57
116.15
82.10
94.53
110.74
115.73
127.61
92.87
103.44
114.73
121.06
117.30
121.17
125.17
125.06
86.92
97.06
104.74
112.84
120.17
91.05
107.41
116.40
126.06
126.63
91.80
102.01
109.18
120.19
85.41
97.24
106.71
106.97
120.49
87.70
100.63
111.37
125.84
87.47
100.13
88.94
98.47
113.45
125.84
88.88
101.88
109.32
117.58
123.15
89.96
95.04
103.17
114.27
117.42
124.89
90.48
95.85
102.54
117.61
121.07
94.80
104.75
113.48
109.01
120.17
87.72
102.40
88.39
107.78
106.71
108.86
112.76
120.70
106.70
121.71
88.75
91.78
92.87
94.43
85.16
96.98
105.96
115.07
109.65
117.46
121.58
121.58
128.12
124.51
87.37
97.90
91.07
101.69
92.21
96.92
108.59
118.31
128.07
126.61
88.88
89.47
70.70
84.77
101.44
90.55
104.58
112.85
116.02
99.68
110.46
104.13
119.84
126.19
86.22
77.95
102.86
133.17
96.84
107.41
106.93
109.57
111.42
108.12
110.94
120.43
126.08
93.80
91.28
92.34
89.84
91.53
98.96
103.38
108.35
110.61
116.46
121.36
108.76
111.08
118.90
125.65
85.98
95.88
92.72
106.59
114.47
91.06
109.04
119.31
131.70
87.21
98.92
104.37
131.93
90.44
99.91
107.00
114.00
118.86
129.09
111.75
121.98
119.53
129.09
92.90
93.30
100.85
108.27
99.75
102.22
112.22
123.62
105.86
115.16
109.87
112.37
124.77
95.53
92.67
91.28
94.15
91.76
102.47
107.29
115.05
109.40
108.74
115.90
124.32
86.98
93.03
92.90
97.48
100.91
104.04
116.35
85.55
112.87
116.40
120.40
84.53
78.66
93.46
93.05
102.86
86.59
100.57
113.31
109.25
108.93
124.37
108.94
118.26
121.67
124.90
89.77
102.52
109.24
89.48
99.94
107.42
118.53
117.57
120.23
85.82
92.89
92.24
128.93
93.81
104.26
106.50
109.96
120.37
107.31
106.90
118.26
121.34
86.88
88.54
92.96
92.65
91.01
87.62
88.06
101.28
112.16
108.50
109.98
116.62
108.93
120.09
81.50
76.23
88.08
89.31
107.78
111.22
110.09
115.72
117.40
126.64
124.30
88.56
123.93
83.71
79.82
132.66
92.40
93.43
91.97
102.01
108.39
121.64
124.44
124.41
124.73
124.24
89.93
91.69
91.65
103.94
91.62
114.24
119.91
122.39
109.48
106.82
118.11
84.81
88.70
89.01
104.96
90.19
99.06
102.43
107.05
108.10
116.03
110.20
117.86
129.16
86.24
76.71
76.17
101.48
92.13
101.71
121.63
110.35
118.52
124.51
81.72
93.29
102.53
95.01
100.98
108.72
109.34
109.64
116.11
118.91
127.44
127.18
122.13
89.47
81.66
101.16
111.86
107.90
118.27
82.01
114.48
116.41
123.12
125.21
86.47
98.14
91.99
100.84
103.76
106.88
116.27
107.07
110.18
118.18
119.66
123.23
125.18
91.18
91.40
105.17
92.70
102.11
108.35
109.22
108.62
117.89
89.28
88.62
94.52
90.33
82.16
85.77
103.78
88.91
99.89
107.04
116.86
117.58
117.58
121.91
87.96
91.73
90.49
139.17
89.25
97.97
88.52
92.16
106.62
111.61
108.71
118.44
119.64
122.48
124.95
91.26
92.44
107.14
94.40
89.22
106.70
120.42
110.06
107.05
112.20
122.46
86.89
101.53
109.02
115.34
88.40
90.03
109.70
117.82
116.12
128.34
95.77
113.60
124.63
122.96
83.09
77.42
127.38
91.33
102.44
106.84
114.56
109.64
117.24
115.99
125.47
123.50
90.19
90.39
93.99
92.61
91.25
104.90
107.76
90.71
104.55
109.00
136.00
120.58
122.68
85.35
81.93
91.82
109.45
100.30
107.10
100.49
109.20
109.28
121.52
77.68
89.76
80.48
76.45
90.71
78.52
82.49
99.84
119.21
124.84
107.94
115.40
118.07
120.90
75.90
76.97
91.41
89.73
92.73
93.67
110.44
101.88
121.55
122.11
124.35
93.49
78.86
76.08
82.55
83.45
89.52
93.69
110.04
109.00
113.33
119.63
106.85
124.19
122.23
122.85
125.01
80.69
84.81
90.03
111.65
93.81
105.80
108.62
104.47
120.04
107.56
124.57
96.69
90.35
94.42
91.92
82.01
99.93
103.83
119.75
108.08
114.02
78.80
72.24
72.49
77.68
91.32
93.61
80.87
107.23
109.20
104.53
108.68
107.50
108.29
78.54
108.24
124.48
79.40
91.46
82.36
93.72
94.33
105.27
108.61
123.57
119.92
110.35
120.16
124.76
77.62
78.71
77.84
93.92
97.87
96.23
115.35
120.88
107.40
122.38
77.78
69.43
69.49
83.54
82.39
106.34
90.20
107.56
98.73
114.44
103.02
120.95
124.79
93.40
76.21
84.16
80.25
91.41
94.41
91.62
104.01
91.03
118.06
117.64
112.91
83.58
81.74
90.06
93.04
91.37
83.07
85.09
105.37
120.98
109.31
106.18
122.95
76.50
72.55
76.34
76.54
92.12
91.68
92.29
103.90
107.16
93.74
92.16
113.56
107.16
131.08
78.36
74.05
77.69
92.51
92.82
99.99
118.07
108.66
95.04
112.26
109.56
99.56
110.30
81.01
89.64
90.02
77.57
96.07
99.70
109.20
104.93
106.04
122.76
78.08
68.52
70.83
83.33
89.49
92.20
91.84
91.60
89.46
106.46
109.36
108.19
109.09
122.15
79.09
77.86
80.33
82.93
82.81
89.02
107.21
108.05
110.34
116.19
103.16
120.70
84.70
77.11
77.90
77.85
89.49
90.82
91.50
102.44
107.69
120.18
123.54
110.89
112.37
82.28
73.31
89.52
89.55
110.31
92.45
91.15
82.01
115.03
104.56
118.95
87.97
77.76
78.80
71.53
90.86
91.06
91.78
105.71
90.77
107.13
107.44
108.45
92.52
110.88
78.88
76.82
77.94
90.32
89.75
92.15
99.53
94.86
103.22
119.29
79.77
113.64
116.14
118.25
88.46
94.09
91.01
91.59
100.94
89.41
112.20
109.66
118.09
108.60
113.94
122.21
79.49
77.07
79.93
76.71
110.15
108.30
107.26
99.77
116.60
118.52
123.32
124.29
78.76
94.07
92.08
86.82
77.80
92.76
91.54
93.35
90.43
120.97
110.71
114.66
117.31
120.35
89.80
100.26
92.68
102.22
89.36
110.90
110.26
108.50
107.95
120.82
79.13
74.16
107.02
76.98
93.39
93.00
102.09
94.01
109.65
81.52
97.62
115.07
86.19
106.29
116.15
84.64
80.73
81.51
84.46
103.80
87.98
107.92
109.26
119.81
118.44
105.88
122.25
106.07
120.44
79.25
94.88
89.10
88.42
96.90
106.45
92.36
118.25
125.08
109.65
79.48
81.68
70.78
88.58
105.72
107.78
108.74
67.74
98.86
115.37
124.43
109.17
122.90
91.14
79.37
87.03
85.80
90.19
91.40
102.74
91.75
100.93
108.20
107.01
108.86
117.30
134.78
93.79
90.46
93.41
81.93
81.67
89.18
112.17
108.00
120.52
117.84
80.46
74.18
77.14
91.60
93.19
90.81
93.02
100.53
92.52
107.22
122.55
122.56
76.98
92.73
65.27
83.88
82.90
89.61
90.66
93.31
104.99
115.45
102.48
105.12
121.47
123.81
78.05
89.91
77.50
91.24
91.04
97.01
101.11
104.68
105.72
75.97
77.22
64.36
67.31
82.10
89.20
89.09
92.49
107.39
98.36
83.49
115.45
109.03
121.91
108.79
76.47
71.90
74.03
90.96
91.33
93.27
93.17
93.00
90.10
88.39
112.77
109.16
109.08
120.77
134.67
85.37
78.30
95.40
82.88
101.92
104.01
119.99
124.71
76.21
66.12
82.69
72.76
77.52
92.35
92.89
93.21
85.10
103.12
109.33
108.16
109.60
108.27
125.68
121.68
77.18
77.83
78.55
76.18
92.34
104.72
109.33
105.35
102.11
117.20
123.27
122.94
77.09
78.97
86.71
89.25
89.22
92.99
92.29
102.94
122.51
114.55
95.72
114.82
118.17
89.39
89.18
93.53
92.80
82.76
102.78
108.52
108.61
109.29
107.80
121.97
121.30
78.93
77.70
77.39
77.54
93.35
93.14
90.53
100.96
116.19
114.79
118.20
121.05
88.47
92.75
80.05
82.92
83.62
88.01
106.72
92.40
91.92
103.04
116.21
77.74
78.17
80.02
76.79
78.32
91.79
93.32
92.23
105.61
148.03
131.84
171.06
157.41
150.55
126.07
155.36
132.60
126.13
89.33
101.86
114.15
85.75
107.23
116.82
88.96
106.82
116.51
82.97
99.52
120.16
89.77
111.84
77.79
82.25
98.78
84.93
91.24
112.36
123.73
120.51
89.26
87.08
92.42
98.85
83.43
106.09
89.11
112.72
108.31
114.85
84.26
70.49
75.45
87.81
78.70
91.23
77.20
91.37
92.34
93.21
92.46
110.55
107.57
122.16
92.74
77.35
113.49
82.65
82.78
104.27
104.95
110.33
108.70
101.46
113.64
116.87
118.66
84.14
89.40
88.23
81.45
83.75
100.81
88.48
107.66
119.47
108.99
80.09
68.95
103.36
122.81
122.86
123.64
129.53
89.99
138.47
92.85
105.04
103.23
105.62
113.76
123.18
88.52
96.42
105.24
114.26
125.29
90.09
112.50
79.05
93.36
89.67
91.82
110.54
78.29
86.36
75.20
85.82
81.34
84.53
86.23
107.24
109.49
107.73
116.39
100.66
118.55
119.90
123.35
92.31
91.45
93.67
100.04
86.03
90.78
91.21
92.00
103.10
119.77
107.78
109.59
124.42
83.78
76.33
87.74
106.43
108.66
90.52
99.76
103.16
104.76
107.38
110.81
75.81
82.21
76.43
89.46
89.30
93.54
93.43
107.33
108.50
109.55
119.02
121.72
107.28
104.06
79.75
86.85
108.33
96.39
100.56
106.34
107.16
116.92
119.39
107.74
117.33
120.93
76.49
84.11
137.27
172.11
91.36
87.72
94.21
114.73
85.70
105.31
122.69
77.58
88.40
69.51
71.94
90.04
88.77
91.64
100.79
109.83
108.95
107.30
108.81
108.16
123.53
124.11
122.30
79.90
75.67
95.84
97.99
101.26
120.41
83.72
76.14
76.97
116.12
119.43
123.64
91.36
90.79
91.17
92.80
88.09
104.16
92.48
104.54
124.69
121.71
89.15
129.29
83.05
86.18
88.33
91.04
104.98
107.44
94.19
102.05
108.26
119.97
117.02
84.16
88.12
92.96
128.58
94.70
100.48
104.14
107.04
106.95
120.86
77.76
68.89
83.00
73.68
91.43
76.08
91.31
92.82
89.12
105.34
110.13
110.02
109.75
107.70
124.28
77.33
78.55
81.47
93.75
101.43
107.83
107.34
106.71
100.96
116.71
124.15
84.30
75.89
78.19
93.01
89.77
90.02
93.52
90.97
91.19
116.26
109.47
109.32
111.86
80.50
67.38
83.79
89.06
79.12
91.64
94.64
105.93
108.89
109.43
110.01
121.96
124.93
103.09
117.01
89.11
78.66
90.85
93.75
91.87
101.41
114.90
106.11
114.47
118.95
121.50
93.17
92.87
81.98
83.38
89.07
108.97
108.85
108.80
108.81
103.93
121.90
110.83
79.23
76.30
95.20
77.90
93.17
90.95
87.88
92.74
92.47
109.87
109.33
108.61
117.22
80.32
81.74
82.43
101.76
106.72
89.12
90.61
101.03
103.74
106.05
109.39
77.23
75.33
77.49
77.57
94.59
82.47
83.91
89.44
115.22
77.86
77.08
100.05
119.36
120.51
123.84
91.35
91.18
90.11
89.43
98.26
92.38
105.51
93.99
99.08
122.58
112.49
113.21
116.40
83.44
91.10
88.80
110.86
110.15
99.91
102.50
104.21
107.80
79.86
77.62
78.90
83.81
83.65
88.31
88.46
109.03
90.39
106.32
108.21
107.19
111.58
108.54
115.29
77.03
88.80
137.33
93.29
96.60
100.97
100.91
104.38
122.84
124.02
111.57
113.94
122.17
84.37
89.96
89.85
106.85
92.39
99.66
102.58
106.11
109.06
78.46
78.85
74.66
72.15
74.82
89.32
77.26
90.84
92.33
106.88
92.95
108.83
100.44
114.84
120.39
121.05
92.30
90.33
79.50
82.30
101.16
107.12
108.56
94.34
109.48
104.00
75.11
76.18
88.71
79.28
77.58
76.69
93.89
89.30
108.92
110.19
107.65
108.15
108.15
76.69
78.98
76.90
88.93
88.42
92.21
103.27
108.79
95.45
113.83
100.88
120.35
123.18
76.84
78.36
78.81
85.64
85.02
89.96
86.93
112.48
106.62
107.77
121.85
80.48
83.38
100.65
90.01
114.13
107.04
99.78
114.43
105.24
120.75
123.34
76.66
78.55
79.00
87.41
83.57
106.05
108.09
110.61
109.86
78.83
77.33
71.10
74.12
89.92
90.35
78.65
104.76
92.20
100.77
111.00
107.09
108.11
77.27
78.89
75.96
76.94
91.42
95.13
81.78
102.08
106.81
108.24
109.14
101.79
120.08
119.98
76.67
92.30
78.36
77.51
93.38
86.21
89.83
107.13
106.39
111.17
108.01
108.06
121.60
77.37
77.98
76.78
86.76
107.48
93.54
92.34
93.10
97.90
116.23
123.82
124.84
80.98
90.59
70.69
84.49
89.85
92.66
90.12
110.37
109.48
105.39
108.20
108.14
111.74
85.20
79.49
92.47
92.85
89.59
91.32
94.48
91.82
108.64
107.73
104.92
108.33
79.62
74.90
76.83
87.39
106.96
94.91
92.58
93.15
113.77
95.15
110.15
120.39
75.61
82.46
78.84
83.70
88.44
89.17
87.36
91.66
92.15
105.31
103.63
105.76
109.10
80.15
77.51
79.22
71.73
84.31
90.18
86.30
91.98
108.19
107.74
108.96
111.15
81.52
67.68
83.85
76.57
94.03
92.57
84.24
81.73
104.92
108.09
110.31
114.10
108.21
77.85
74.59
76.09
77.74
76.75
94.16
91.02
106.30
95.06
100.63
103.74
121.52
76.46
77.02
92.16
77.33
75.75
94.22
77.80
90.69
106.27
92.67
110.88
109.73
77.46
66.47
62.94
76.93
90.67
90.44
126.44
93.39
102.90
107.36
108.82
108.11
121.40
117.84
121.53
122.98
77.36
77.39
77.57
92.58
93.20
92.63
107.64
114.27
116.20
120.25
89.56
88.80
92.36
79.91
89.60
103.66
106.90
108.77
108.02
107.81
104.12
118.05
76.71
77.34
76.08
79.75
78.17
91.73
93.18
93.40
98.10
118.18
121.72
124.50
111.16
116.15
88.21
73.71
88.15
92.29
92.49
107.56
88.05
103.87
106.85
108.69
107.61
76.83
77.88
75.28
75.02
89.34
89.32
101.46
106.48
109.76
77.35
101.47
119.38
122.04
121.05
122.90
121.36
91.15
93.40
100.40
92.52
91.94
100.09
120.27
106.87
77.81
68.08
71.90
74.81
92.35
90.11
76.65
92.04
93.44
110.40
108.16
108.19
107.37
119.38
89.23
109.74
110.73
82.86
104.08
114.20
83.25
103.37
108.74
108.20
105.46
108.73
107.39
107.96
78.80
77.02
90.23
86.78
81.18
99.47
103.51
87.63
110.09
106.64
109.56
118.19
120.93
120.18
92.13
87.68
92.91
91.93
98.51
104.05
108.37
90.62
105.39
108.54
109.24
90.33
78.89
84.28
74.30
103.18
91.61
107.90
109.76
104.27
108.19
108.50
79.93
77.39
77.46
77.16
77.89
80.64
95.24
93.51
92.38
112.18
109.24
108.49
108.75
76.75
78.09
77.62
86.80
87.92
108.90
78.94
96.48
115.03
101.69
121.62
75.47
77.16
78.53
71.43
73.71
89.84
92.96
93.58
109.15
91.05
103.81
114.83
108.65
108.65
108.82
120.10
76.88
93.85
126.09
91.12
98.73
103.81
106.55
107.85
77.80
101.29
118.44
121.35
108.47
76.86
76.95
91.22
92.75
90.60
102.78
90.49
107.92
119.92
122.63
78.64
63.30
66.89
70.63
83.78
89.80
77.89
108.31
84.87
103.50
107.28
107.90
79.96
79.03
76.89
76.34
86.89
88.25
94.02
107.50
108.49
108.63
91.94
107.35
106.91
109.74
77.89
109.10
78.24
77.43
93.76
79.63
100.63
102.12
104.37
107.56
80.31
75.60
64.96
69.31
84.08
73.73
107.69
89.66
109.83
97.63
100.20
104.10
107.96
79.25
109.61
124.48
79.52
70.16
83.98
89.15
93.07
100.03
90.63
100.96
107.40
108.22
76.68
67.30
73.27
90.12
88.54
80.99
83.46
101.24
105.12
106.94
108.44
122.35
114.51
118.03
121.98
124.20
76.97
77.86
91.46
91.64
91.22
108.39
92.43
107.36
90.88
122.20
123.31
92.44
127.53
83.06
102.12
86.66
90.07
91.37
106.01
102.60
104.02
122.01
75.93
78.23
78.75
89.84
76.98
97.63
89.57
113.51
108.30
93.29
89.66
106.98
123.10
77.21
82.64
83.81
87.19
90.24
93.84
82.70
83.52
100.15
106.15
110.09
124.42
78.85
78.32
84.70
71.69
88.84
90.20
90.04
93.13
110.28
89.10
104.58
76.78
78.92
75.42
81.55
78.05
88.99
89.44
89.76
90.57
92.79
106.95
109.16
91.38
103.73
118.57
82.89
75.69
86.39
78.12
108.45
93.77
97.39
111.35
102.21
121.02
122.41
77.38
77.93
112.53
115.18
83.35
83.60
89.77
91.93
88.92
99.14
107.74
121.54
79.00
62.83
112.25
124.54
121.82
92.74
94.10
91.79
92.41
104.63
108.94
108.60
109.10
108.70
78.94
76.13
76.46
89.39
90.26
107.86
98.31
101.82
104.94
107.53
108.84
77.60
77.24
71.37
76.25
89.64
90.13
75.37
94.24
105.04
93.77
111.59
101.07
118.24
121.39
122.60
88.19
92.09
85.83
88.88
89.12
92.06
110.91
108.61
107.35
106.30
111.70
84.10
72.07
90.03
77.84
94.08
92.59
83.98
103.57
105.58
107.78
118.46
122.16
76.11
70.70
74.02
77.67
76.01
78.01
92.93
90.98
90.24
89.67
93.01
105.46
107.83
108.88
78.79
109.50
125.55
82.33
83.41
105.17
88.81
90.88
104.77
101.19
103.23
104.86
76.68
76.66
91.94
92.30
84.27
84.83
89.14
110.91
92.09
106.20
110.49
110.69
112.10
123.11
122.71
92.48
79.37
92.48
91.58
88.92
90.11
91.05
104.68
110.24
120.76
122.98
78.47
81.12
82.80
88.74
90.43
94.22
106.89
92.98
102.32
102.40
120.65
76.60
78.77
79.10
91.44
77.01
73.75
88.82
90.61
92.38
109.78
107.17
108.72
123.44
107.69
121.25
124.68
78.45
75.69
91.89
92.11
95.02
94.28
106.73
114.19
108.02
111.79
122.47
79.10
77.07
83.02
83.27
105.45
107.13
106.99
101.02
105.44
75.31
79.66
76.19
77.53
77.72
77.20
78.86
96.44
94.62
94.79
89.03
120.81
95.99
109.40
118.11
82.16
75.27
88.47
91.61
91.99
103.13
89.15
105.97
109.31
108.24
108.28
121.64
104.90
124.11
78.12
77.66
76.99
102.39
107.09
109.18
95.69
99.62
101.72
119.64
123.21
76.87
76.98
69.36
84.63
83.17
105.51
109.23
107.35
107.50
105.64
107.11
77.65
77.65
67.98
85.49
88.42
94.86
94.33
99.17
101.01
104.48
105.60
122.08
107.68
77.76
72.93
76.87
78.17
90.95
88.96
88.85
111.17
96.99
100.51
117.49
119.71
108.82
113.10
122.13
84.20
81.72
82.20
85.37
90.24
112.77
106.93
105.88
104.57
108.76
75.70
76.34
79.12
78.46
77.44
77.32
93.00
94.25
91.48
94.22
92.71
110.00
107.78
78.42
63.52
78.93
77.78
78.79
92.36
93.56
90.23
108.40
91.90
91.34
121.24
121.31
76.36
94.97
76.07
81.77
99.86
101.65
88.33
109.99
107.94
98.63
104.83
124.53
79.84
76.92
77.79
75.74
78.42
74.44
88.36
89.56
109.87
106.99
107.46
107.72
109.23
76.66
109.20
123.60
93.80
91.98
93.48
91.34
92.75
92.60
107.18
117.45
110.41
79.26
78.69
77.24
77.21
84.43
83.14
106.04
89.14
109.41
99.42
100.31
118.99
122.79
122.74
123.36
122.91
94.29
85.66
91.42
108.12
92.00
105.23
116.63
105.69
122.25
108.01
120.41
123.95
86.95
87.95
109.23
96.58
99.00
100.21
102.01
119.89
120.73
121.91
119.21
121.40
122.82
92.47
92.47
92.49
92.17
93.98
88.21
103.02
117.99
76.96
78.03
76.30
79.40
76.90
79.57
78.07
92.74
94.03
89.77
115.48
85.54
98.14
116.06
116.31
79.35
75.35
87.95
95.52
96.31
113.34
82.85
99.77
118.06
93.55
115.82
75.61
77.20
69.04
82.48
89.77
88.33
91.99
91.32
92.16
88.10
105.78
108.37
108.20
107.78
106.22
76.60
77.83
112.05
84.12
83.12
103.04
107.24
108.86
107.15
110.08
114.81
117.29
121.14
85.35
90.79
92.59
98.72
81.55
101.25
108.92
108.52
107.70
108.32
79.22
71.37
75.29
76.99
77.48
92.05
92.62
104.82
94.82
99.05
100.56
105.13
120.74
123.64
78.51
95.88
84.09
90.17
90.73
89.66
108.91
109.65
107.44
103.87
105.96
108.73
81.07
77.50
93.25
78.19
86.39
90.59
90.18
88.73
106.83
110.78
109.49
75.84
105.01
123.65
79.06
73.52
79.19
91.66
93.33
91.93
106.49
93.16
110.46
108.69
108.70
108.35
75.45
77.79
78.46
83.31
101.42
105.47
107.86
77.23
111.84
113.72
117.43
118.48
82.28
89.98
91.96
82.18
84.93
84.56
107.22
91.08
106.79
108.69
104.93
109.52
75.00
78.60
77.88
78.11
93.11
105.88
95.16
99.04
101.77
105.33
108.78
75.76
78.35
77.65
87.16
74.06
89.25
93.66
91.03
95.42
93.16
107.87
107.23
75.05
109.25
124.15
78.86
77.76
92.40
88.76
90.61
91.41
90.35
93.19
91.11
109.75
112.40
114.70
117.96
122.32
94.79
90.69
91.84
86.48
90.40
107.45
108.03
106.26
107.61
109.41
80.02
78.77
78.77
79.29
90.29
75.49
106.26
95.10
110.18
109.36
112.74
109.96
106.87
76.88
79.55
92.39
77.93
100.52
100.28
95.27
91.45
108.79
107.35
111.40
114.87
119.43
75.50
79.06
91.81
94.86
81.77
84.39
87.99
106.58
109.62
83.54
110.49
77.30
70.95
73.64
75.28
88.64
92.44
92.18
92.99
109.48
108.67
111.47
107.89
78.23
77.70
91.04
92.40
93.14
111.61
109.97
116.60
121.19
75.81
93.25
81.70
85.86
82.82
89.12
89.34
109.42
109.54
150.40
175.18
94.09
95.69
99.72
110.35
122.06
86.16
96.33
106.28
121.70
87.59
106.95
108.32
121.74
110.12
100.94
103.27
109.81
119.36
89.58
91.78
85.55
104.53
89.34
110.87
116.58
108.74
119.63
107.85
108.80
79.98
77.71
94.13
79.69
92.32
94.41
102.98
106.80
107.72
77.09
77.00
88.03
88.64
94.53
78.11
98.85
83.39
106.38
107.14
106.98
78.82
99.22
103.86
74.56
75.02
75.96
92.15
92.21
92.23
88.07
106.69
107.45
110.69
77.83
77.91
109.95
86.48
71.24
75.70
94.94
92.65
90.28
93.16
106.18
106.34
110.08
108.03
105.79
109.23
78.13
77.58
78.23
93.05
95.72
100.67
94.63
93.69
78.15
76.54
68.74
71.21
76.79
77.65
80.91
89.33
72.31
98.07
88.95
88.26
113.43
108.49
108.58
76.62
71.88
76.44
82.53
80.59
94.31
77.11
92.98
91.43
83.50
86.17
106.23
120.57
84.82
79.76
90.96
71.10
73.92
90.49
90.14
91.29
91.97
107.11
108.92
109.28
111.69
117.14
80.50
89.74
92.48
79.50
90.26
81.43
104.25
105.58
121.31
108.53
119.90
119.64
123.27
79.37
92.85
89.89
90.31
92.40
90.51
93.43
92.21
111.46
108.75
107.88
87.33
88.64
77.78
91.11
82.50
104.10
105.23
110.12
108.18
111.92
102.34
106.94
122.30
108.56
119.15
78.29
73.56
89.60
92.53
98.79
103.00
120.00
121.12
105.93
113.97
121.47
75.18
77.58
93.17
77.27
93.76
91.16
92.34
104.06
110.60
109.43
73.45
77.59
78.05
76.01
91.58
76.98
78.75
92.01
91.40
93.10
108.03
95.67
108.87
109.48
118.45
84.16
96.83
93.21
81.10
82.59
105.65
89.13
102.74
114.48
107.93
116.78
109.56
80.91
78.14
77.63
78.48
78.47
92.92
93.48
94.37
108.58
106.98
107.94
136.08
124.39
80.67
78.70
83.86
100.97
77.27
112.04
106.57
97.44
115.11
103.23
108.42
120.60
77.31
77.72
78.76
88.96
88.53
76.08
94.25
91.77
106.07
122.43
110.18
114.71
118.23
120.89
86.67
77.28
91.29
84.53
84.55
104.74
106.86
107.38
107.68
106.48
74.27
75.43
80.58
66.98
97.24
86.80
106.37
106.55
94.53
98.24
103.59
123.26
77.61
77.96
77.67
79.56
71.12
91.32
90.20
90.59
92.67
107.82
111.23
104.61
122.13
108.68
77.90
75.34
75.25
90.84
96.14
97.76
93.79
99.12
103.49
95.59
123.93
125.21
111.22
114.13
121.62
132.98
87.71
99.18
93.97
115.20
81.08
81.48
84.16
89.45
93.96
90.71
93.00
85.64
104.14
109.68
108.73
109.64
78.94
79.55
70.62
83.26
88.26
89.20
93.10
91.61
92.43
111.76
106.43
107.06
109.21
118.21
87.00
92.12
78.50
74.33
92.79
95.94
101.21
103.91
122.81
111.16
79.94
64.93
69.73
72.10
90.42
91.18
90.84
91.70
88.02
88.86
107.88
105.95
106.77
107.77
108.47
107.88
80.54
67.87
99.09
89.55
90.43
109.37
110.20
100.38
101.11
104.11
121.93
76.32
77.23
80.08
72.45
74.43
90.19
91.16
91.93
92.79
110.61
108.08
111.09
114.29
116.41
121.58
83.08
91.09
92.76
80.38
103.74
103.50
103.68
108.98
109.39
81.32
77.26
69.56
72.38
91.99
91.41
91.11
93.20
88.22
89.53
109.80
107.29
118.80
122.41
125.76
123.40
88.01
81.45
82.70
94.94
101.33
106.32
107.61
98.17
100.91
73.40
107.30
109.97
75.69
91.38
113.64
80.90
101.75
75.16
92.09
91.98
108.11
92.20
124.70
93.68
65.86
69.74
86.79
88.94
89.30
108.89
109.01
99.08
99.61
105.66
122.32
125.09
123.23
88.09
129.52
120.72
85.13
96.48
91.09
101.35
91.05
102.44
95.14
107.66
120.15
85.02
96.10
91.38
74.34
71.20
82.91
93.93
108.83
96.04
113.77
107.69
106.37
119.10
104.09
115.34
80.37
95.23
104.89
92.10
98.82
85.08
107.56
107.12
119.22
107.82
118.57
85.08
71.57
92.70
93.36
101.73
89.87
99.65
91.98
104.57
112.48
121.20
120.98
83.66
94.98
103.96
128.44
93.42
102.91
83.25
107.72
119.56
108.73
106.32
117.93
121.36
108.82
118.86
82.67
96.20
77.94
102.95
83.31
97.88
103.31
111.75
108.13
114.05
111.17
120.20
82.33
93.79
84.97
86.80
110.97
96.48
107.23
115.63
118.04
121.11
85.17
72.98
91.79
86.31
86.02
86.02
95.07
105.78
108.99
117.28
104.29
110.81
109.96
120.39
76.47
77.19
77.94
93.96
108.62
112.90
116.03
121.67
88.49
89.33
107.87
81.86
83.30
85.19
105.18
107.76
109.78
107.45
117.25
120.09
74.56
76.77
77.85
91.29
93.26
77.97
106.42
110.92
113.74
118.10
122.05
121.68
88.36
77.34
72.32
89.93
88.68
92.12
94.53
92.83
91.07
109.06
110.20
109.06
76.54
110.59
124.49
105.97
93.04
80.76
100.78
107.56
90.10
106.90
106.37
117.98
121.70
75.77
76.51
91.60
79.19
79.14
91.23
93.91
97.08
102.55
118.12
121.32
76.40
75.44
93.85
69.61
83.17
88.86
90.66
89.01
110.39
108.63
99.83
102.64
112.44
80.12
77.29
76.72
91.64
96.09
88.43
89.63
93.65
108.52
110.28
108.48
108.39
105.64
108.52
79.69
85.33
84.68
107.11
109.26
79.44
98.05
87.03
115.20
106.46
74.88
77.61
75.43
68.88
84.01
89.90
87.65
92.46
92.95
92.63
99.46
109.60
77.15
109.96
78.80
78.16
77.71
78.18
91.82
93.38
92.93
90.66
117.68
107.15
115.39
115.29
118.62
122.38
93.04
78.74
92.22
92.50
86.37
90.09
108.18
107.99
108.92
118.32
85.91
76.96
72.22
75.11
90.39
94.79
91.67
104.20
92.70
105.70
108.98
107.10
109.94
79.16
76.05
76.10
92.36
80.60
82.82
94.90
100.66
104.88
108.43
122.14
115.35
117.70
119.58
124.04
77.86
78.72
92.60
86.82
99.55
93.48
109.89
107.92
109.87
108.36
74.54
94.80
97.93
94.73
100.31
105.04
122.25
79.31
64.97
69.27
71.15
84.83
77.79
92.71
107.96
92.08
88.70
107.66
107.78
107.36
107.58
75.88
109.04
123.55
86.01
82.34
84.58
105.01
106.09
109.31
96.28
114.60
116.30
118.62
121.43
87.93
76.46
94.09
83.86
85.03
87.60
106.80
109.51
108.93
109.66
115.77
118.76
121.45
125.12
78.34
95.28
91.85
92.00
93.60
104.08
89.12
114.29
109.04
109.12
116.81
120.79
122.72
122.32
90.29
80.61
93.21
98.06
105.26
88.33
113.31
108.84
117.65
77.30
76.14
76.61
77.85
84.65
83.70
108.23
106.61
106.99
107.99
107.12
119.59
108.78
75.28
77.17
77.20
92.38
107.19
96.97
102.05
106.44
109.14
107.57
121.83
77.94
72.65
75.77
77.74
78.74
92.19
93.33
93.69
79.28
95.02
98.75
118.09
119.17
88.39
78.00
90.06
82.90
82.67
104.06
107.61
92.10
106.41
109.30
114.87
119.07
122.06
109.41
76.94
92.08
91.44
96.48
88.54
88.38
92.07
91.87
121.82
123.27
76.74
78.72
82.76
101.19
105.20
106.18
107.39
109.45
114.93
120.14
122.76
123.37
86.01
94.58
92.82
77.48
99.99
99.24
107.12
118.62
108.04
121.41
77.93
68.95
83.04
88.68
91.13
89.64
92.83
94.14
87.29
106.03
107.30
75.90
78.33
76.08
75.91
92.28
78.28
79.01
91.65
98.62
102.05
108.72
109.99
93.85
110.08
117.64
119.64
122.40
89.74
91.36
92.17
88.58
89.78
91.67
103.95
118.85
109.27
109.02
90.89
80.86
83.11
90.06
90.15
109.26
107.52
101.99
105.24
108.67
77.33
77.66
78.65
76.85
77.94
87.29
90.27
93.73
91.86
109.06
108.76
91.32
108.69
110.45
77.80
84.35
73.02
90.79
93.73
93.25
99.36
102.46
107.06
107.41
108.87
108.41
108.40
76.88
74.20
123.33
116.58
81.66
98.34
91.34
93.03
108.30
99.42
113.35
122.21
124.41
125.86
90.57
81.64
98.02
82.76
90.31
110.07
110.10
110.84
100.03
101.56
120.81
123.29
125.50
76.46
88.21
91.45
94.57
97.40
102.00
113.26
106.24
115.54
85.37
70.03
72.44
74.24
89.96
87.95
92.29
107.86
91.24
102.59
107.68
110.27
107.93
110.01
78.51
79.17
87.66
89.44
77.81
91.63
87.44
105.69
107.73
94.85
108.59
114.61
108.50
77.27
77.44
90.80
93.31
97.51
81.37
103.19
106.48
109.42
106.00
74.99
104.75
108.51
77.82
94.02
91.58
91.54
88.44
106.43
96.01
98.26
116.89
118.67
120.45
125.21
93.63
80.13
68.46
83.98
88.54
109.18
108.01
108.31
109.99
101.77
116.97
123.93
77.73
78.29
92.06
93.35
86.69
90.61
92.75
107.79
111.74
109.07
109.78
106.03
121.45
123.89
125.22
127.84
122.49
130.42
87.77
94.47
100.44
109.11
110.01
108.67
117.43
123.87
106.96
122.64
121.83
89.93
92.83
92.22
106.26
119.29
76.55
96.23
110.04
80.15
97.91
117.01
85.47
91.30
86.17
82.90
83.69
106.80
109.40
109.35
109.97
107.23
101.70
118.92
121.53
88.49
93.64
93.64
91.16
100.68
119.79
92.08
115.29
80.87
98.44
111.20
108.27
120.26
126.00
78.30
77.56
79.41
92.19
92.76
95.64
92.24
96.50
116.64
120.00
89.32
88.10
93.34
82.37
84.82
86.17
83.21
113.05
107.48
109.08
97.63
118.13
118.94
121.96
125.82
93.31
88.56
92.00
88.02
108.88
107.83
107.71
108.34
108.88
109.44
122.87
76.33
76.31
83.42
84.41
108.03
108.86
95.72
97.76
111.35
103.73
118.73
83.99
75.70
77.57
71.00
87.62
90.02
92.13
102.00
113.10
89.88
106.64
107.82
121.63
124.97
123.57
79.12
92.94
78.17
78.74
83.79
103.05
88.77
112.10
79.24
77.06
76.89
70.74
73.04
75.48
94.88
90.11
104.89
91.35
106.23
108.71
108.92
116.65
120.46
110.65
76.85
80.21
81.83
82.02
104.22
105.99
108.71
110.10
98.75
114.09
103.80
121.65
123.99
84.19
78.34
89.02
72.64
89.33
89.16
93.13
110.93
110.35
107.94
117.28
123.04
80.63
92.99
78.01
78.33
93.19
93.43
90.48
89.70
107.20
107.89
107.34
122.78
122.68
78.17
77.25
81.14
83.74
105.41
93.48
108.87
97.79
100.24
103.90
123.75
77.13
76.22
79.23
93.27
87.12
89.57
93.77
92.30
108.30
91.23
110.49
108.37
111.32
79.04
70.05
72.27
91.67
92.41
91.89
99.42
101.61
107.22
108.84
114.87
123.03
79.00
71.22
77.35
78.59
93.69
92.15
91.25
105.87
95.41
98.92
100.30
113.65
119.71
86.40
88.36
93.74
78.88
83.65
103.83
89.76
109.68
109.41
90.45
97.52
113.04
76.92
76.85
77.53
77.72
74.78
77.34
91.38
107.70
109.72
108.33
107.35
109.16
78.49
108.18
125.54
77.88
76.68
101.02
94.66
106.44
94.00
107.49
99.19
116.67
119.85
85.21
77.74
93.36
81.65
84.16
83.14
87.10
93.22
100.93
115.14
103.29
113.47
109.88
123.99
92.97
79.86
90.98
92.59
89.59
90.66
92.82
91.99
105.99
107.78
119.98
124.33
127.69
84.61
81.96
88.69
89.55
108.28
108.11
105.27
104.23
114.86
123.05
122.79
90.48
78.24
84.73
83.56
86.88
93.34
91.66
91.88
106.55
92.20
106.52
77.36
76.33
78.30
77.04
78.37
79.01
90.87
93.31
91.91
114.96
103.55
121.48
121.87
113.48
114.69
79.50
86.98
87.79
92.07
92.64
102.15
86.52
105.99
107.97
116.00
108.53
78.61
110.14
124.36
81.37
84.46
102.18
105.55
87.71
108.25
101.50
104.38
102.52
120.08
76.42
78.24
92.01
93.12
73.35
90.64
92.02
91.81
101.10
120.89
78.25
76.49
68.40
84.43
77.51
80.11
92.44
107.05
90.68
89.24
108.24
108.89
79.24
78.50
107.35
108.89
119.63
77.79
78.47
93.21
99.82
105.98
107.63
120.08
98.85
99.84
118.89
123.76
130.85
85.29
92.40
87.33
89.61
93.36
101.89
108.28
92.09
110.18
139.34
89.11
101.48
103.41
110.94
117.04
83.55
98.82
101.98
101.95
110.10
107.59
121.93
105.29
120.57
121.63
79.71
82.97
82.17
86.83
111.06
108.13
106.97
107.03
105.01
116.39
78.81
76.81
78.40
93.33
134.27
90.39
89.49
91.25
102.91
121.92
107.81
111.97
149.23
136.26
98.03
111.04
124.76
131.11
81.70
103.42
116.00
127.00
87.55
94.14
100.16
113.33
115.67
121.22
82.29
96.59
86.62
93.23
91.30
87.84
101.09
87.50
105.55
108.34
109.77
118.74
78.74
78.34
82.76
98.45
88.21
114.12
108.03
75.98
100.91
102.26
118.63
77.68
79.26
92.58
90.05
90.48
90.20
85.94
113.30
102.97
112.44
122.34
122.98
77.38
67.72
83.07
73.20
87.98
92.16
91.41
93.03
104.99
111.12
109.02
76.51
109.48
106.77
121.67
77.23
77.63
84.38
101.94
107.03
108.65
116.15
97.13
112.24
104.04
117.02
85.78
74.89
77.08
76.77
93.99
93.68
100.06
103.82
106.96
125.90
107.65
78.81
86.20
70.91
83.03
89.01
94.16
91.86
83.72
103.08
106.73
105.49
108.51
76.34
76.31
109.00
125.52
127.59
90.16
100.28
104.32
106.03
109.05
97.24
99.33
102.02
115.50
122.92
87.53
88.49
86.33
81.14
102.14
80.13
104.94
107.71
107.01
107.83
107.27
107.80
79.58
77.80
78.31
76.00
94.77
94.38
103.06
92.88
93.47
104.87
109.37
117.69
123.44
78.46
77.18
82.80
103.74
88.23
86.12
92.99
93.84
100.59
119.11
121.24
106.64
122.14
87.75
92.14
71.98
90.29
88.90
106.53
109.08
106.46
105.59
113.63
108.01
120.03
83.77
82.08
90.05
88.65
98.99
102.16
98.93
100.83
111.63
105.49
119.29
78.35
69.12
85.43
88.72
88.85
90.11
94.36
92.86
100.01
108.09
88.97
105.00
119.04
110.30
120.40
85.01
75.55
79.14
83.71
102.96
104.24
116.35
106.17
109.95
119.72
122.31
107.48
119.63
82.26
88.81
78.57
90.97
105.62
100.26
114.20
125.74
122.89
86.02
112.31
82.00
83.35
81.79
89.96
88.94
107.77
97.24
100.06
104.47
108.54
109.45
120.22
122.23
85.72
75.84
93.56
90.77
100.60
106.53
107.76
119.92
99.11
115.10
104.97
119.92
128.04
83.38
72.02
97.46
89.41
102.14
91.28
94.25
107.09
108.81
109.20
77.39
100.01
116.40
84.80
104.80
121.66
89.40
92.24
104.84
106.76
106.73
115.87
111.25
116.83
135.85
76.79
76.61
68.83
98.66
90.39
108.10
94.63
103.82
117.02
105.31
107.04
79.15
76.60
77.37
77.86
80.70
89.77
89.63
90.67
99.91
104.07
124.59
76.69
77.75
67.86
72.86
73.02
92.44
91.40
100.53
90.94
104.72
109.60
108.32
107.78
116.90
78.72
106.63
79.71
79.89
83.55
77.47
92.44
103.80
107.34
110.09
94.91
112.08
116.82
119.92
124.79
95.06
92.57
128.54
92.01
106.61
104.71
113.02
107.49
114.23
122.57
167.02
114.29
111.17
120.42
82.45
107.88
105.71
116.89
130.02
92.81
109.18
114.57
78.87
76.84
71.76
71.74
72.31
88.19
91.52
103.46
90.29
101.70
113.12
114.15
116.62
120.01
85.47
79.23
92.00
85.92
89.85
91.16
100.38
105.31
116.29
106.93
111.29
122.99
123.24
123.74
88.20
95.26
101.49
92.86
88.92
100.60
107.38
108.77
121.85
123.66
122.75
80.08
69.43
83.20
86.62
88.65
107.94
96.46
92.31
103.00
114.89
117.35
120.70
124.39
86.74
74.59
93.91
89.83
92.17
92.74
95.74
111.97
107.52
107.57
107.47
125.19
117.14
113.90
116.64
119.84
99.17
110.81
124.44
87.30
100.41
108.60
118.60
110.42
113.02
122.80
84.39
75.70
85.12
89.45
110.59
95.48
98.42
102.13
106.10
122.44
121.90
122.65
86.52
74.44
92.26
94.41
90.59
101.45
108.87
107.42
117.13
112.83
118.97
118.22
122.99
90.57
94.50
93.31
80.93
98.93
106.36
106.44
106.98
120.39
107.91
104.43
119.59
79.48
92.04
77.34
78.77
92.37
93.75
100.22
92.22
106.45
121.27
121.53
84.98
77.69
112.66
82.12
84.27
83.73
88.46
107.82
90.97
88.53
98.80
109.28
124.00
109.38
108.79
108.34
122.44
86.63
90.70
94.05
92.02
103.54
117.29
107.78
118.13
107.82
121.03
131.74
90.26
97.82
89.82
107.67
100.12
101.95
114.21
107.67
120.71
125.85
92.04
113.99
85.29
81.27
89.04
85.38
103.41
107.33
100.86
103.78
107.75
106.88
119.08
126.64
126.13
86.30
75.73
87.64
97.47
102.69
106.13
112.50
111.30
95.89
106.94
123.89
86.45
89.65
90.35
92.18
89.87
86.24
104.19
106.94
106.72
109.20
109.67
120.34
110.06
124.47
91.58
76.11
90.77
110.25
94.47
102.80
111.47
115.36
117.93
121.05
84.41
88.77
78.26
82.43
83.74
85.64
136.78
90.35
107.20
116.14
103.21
116.01
129.23
122.57
127.09
84.83
89.28
78.20
93.56
106.89
100.85
111.19
122.18
108.84
119.39
122.12
119.30
85.56
85.88
73.91
97.48
92.05
102.71
94.29
109.71
125.82
121.72
124.67
88.64
78.55
83.11
83.54
89.07
108.12
107.04
108.39
107.46
104.66
107.57
119.80
124.59
134.26
89.08
98.08
90.06
89.55
99.88
82.37
113.89
108.10
116.71
126.20
116.66
119.90
87.17
92.31
93.02
94.73
92.62
108.90
103.92
107.95
107.03
108.00
116.69
108.95
138.63
93.21
107.55
95.99
115.83
121.07
107.95
117.10
83.25
71.62
73.17
89.91
91.20
103.09
112.10
108.31
104.40
116.92
110.16
111.30
123.57
88.98
79.54
84.47
82.23
88.63
88.61
110.03
110.06
92.25
98.61
114.65
109.41
124.73
123.61
84.57
100.15
93.10
87.26
90.08
89.33
111.10
107.44
75.15
78.88
78.11
76.91
75.80
93.84
93.48
91.70
104.51
111.21
97.26
115.82
117.62
121.30
82.80
76.29
93.13
79.46
82.95
89.07
90.71
101.07
105.27
108.87
110.15
123.25
115.40
121.80
119.05
86.58
86.13
90.56
83.86
101.50
105.57
107.57
120.98
106.90
118.11
121.37
123.10
77.48
76.75
77.60
93.82
91.20
105.14
107.05
113.45
116.57
79.30
75.70
88.13
78.05
89.35
85.10
84.43
88.37
109.22
108.95
108.15
119.09
101.90
115.34
126.97
127.36
125.29
92.52
91.25
86.25
87.84
107.94
93.10
105.48
108.94
108.92
121.33
106.58
80.25
89.60
86.67
107.35
108.34
108.66
97.26
114.35
104.68
108.69
125.17
78.54
76.17
72.49
75.96
88.64
91.40
91.75
93.78
91.42
106.57
107.75
111.99
82.38
71.54
88.83
89.59
92.88
81.37
98.29
101.14
104.04
105.93
117.22
108.94
105.29
123.75
117.38
86.91
96.31
91.38
110.18
92.93
95.27
101.71
104.62
106.27
120.15
107.57
120.18
122.74
89.53
92.71
77.96
93.98
91.20
115.90
108.38
110.03
113.97
77.66
69.34
73.86
91.46
89.47
83.95
85.37
105.49
94.12
104.93
93.61
105.98
117.40
123.09
123.23
123.47
89.13
77.42
96.25
93.91
92.13
105.54
117.50
110.15
107.83
114.43
106.12
116.35
81.58
84.36
81.81
105.36
90.50
109.56
107.18
102.23
114.13
122.81
121.14
123.79
77.17
92.89
80.15
83.57
102.33
89.35
113.34
109.76
106.73
114.70
117.97
123.27
123.69
79.14
78.80
92.32
91.78
97.43
87.64
91.96
110.61
105.97
108.06
122.64
112.53
111.82
80.55
102.55
89.63
89.70
109.74
93.10
99.81
105.69
119.29
108.02
109.79
78.38
77.83
76.39
93.44
95.95
100.70
104.08
120.40
108.41
79.24
111.70
115.25
82.86
79.25
86.91
88.16
91.78
98.63
83.20
106.24
107.45
119.22
122.86
106.90
78.27
74.76
79.53
83.62
84.08
89.90
92.14
109.37
117.69
90.08
111.98
75.99
94.60
109.61
107.92
124.24
122.48
92.90
89.95
97.77
89.39
89.95
110.84
98.87
114.02
105.49
120.87
77.79
75.78
91.16
78.91
89.27
89.91
95.73
108.77
90.26
99.62
119.37
108.82
125.76
116.06
85.44
87.17
90.11
89.54
112.26
96.25
100.03
103.21
118.24
124.94
85.25
76.33
78.86
72.29
89.72
92.80
106.99
94.29
93.52
103.41
107.53
113.57
116.72
120.25
89.26
88.44
92.99
81.21
82.75
103.82
106.77
109.62
109.74
77.99
102.73
120.99
109.19
120.85
122.21
94.64
91.21
93.21
90.86
105.60
94.25
115.36
127.89
121.71
86.79
69.23
81.66
73.73
89.34
91.84
105.84
108.21
108.47
106.55
107.86
118.36
116.82
127.15
93.47
89.17
84.24
86.55
88.86
93.06
103.61
115.78
110.87
107.22
115.44
108.89
124.73
106.58
128.85
84.45
105.09
96.00
99.20
113.89
105.02
122.62
124.60
124.75
123.90
115.58
84.67
82.42
106.04
92.81
108.56
107.98
103.74
105.86
122.20
124.04
121.24
122.43
125.67
78.00
77.44
98.99
103.00
106.59
108.25
119.02
100.73
114.27
119.69
121.63
87.53
77.57
92.25
95.10
89.31
90.68
92.59
104.89
116.79
120.68
87.03
77.08
130.17
86.30
87.97
89.60
110.48
108.96
117.07
101.05
99.64
114.94
106.50
122.63
90.14
78.59
84.37
83.34
81.50
86.80
92.25
106.16
108.56
111.42
118.22
120.28
123.61
78.26
88.63
78.71
92.78
87.18
105.73
91.96
105.45
106.97
120.97
86.82
111.39
109.99
77.19
83.38
83.29
91.51
94.50
107.50
98.36
110.71
119.21
99.37
115.71
81.12
76.62
84.73
82.69
89.82
89.59
108.64
110.25
108.54
99.38
101.17
114.23
129.26
123.40
121.22
88.95
91.91
91.05
93.36
92.12
99.60
111.73
107.99
119.71
87.96
68.26
84.20
89.29
90.63
92.71
109.48
89.82
99.79
105.94
109.29
109.57
109.71
78.61
76.28
76.09
76.44
78.00
93.95
91.61
93.79
91.81
107.73
95.01
114.44
116.17
110.26
87.59
78.61
91.81
127.85
92.81
83.31
104.18
121.91
109.91
107.92
78.11
70.50
104.24
123.54
78.45
96.11
94.11
106.36
84.24
105.00
108.15
106.30
107.64
122.91
79.62
74.21
78.01
91.78
77.35
91.05
92.37
106.53
76.60
110.75
113.47
117.56
83.17
89.53
88.50
91.65
82.13
84.43
90.41
88.17
110.72
107.75
109.00
78.01
105.15
124.22
124.42
124.64
92.85
90.09
77.93
92.85
107.65
109.78
114.51
94.17
104.06
131.04
94.61
93.86
97.00
108.45
104.54
122.71
75.88
77.47
112.44
84.92
87.83
84.92
86.76
90.03
109.93
99.65
104.10
107.90
109.06
107.49
106.91
76.31
77.15
76.71
90.56
76.13
93.20
102.99
92.98
107.43
107.00
112.16
115.31
117.13
85.57
88.80
87.92
81.52
84.07
90.74
88.10
112.56
107.93
109.06
76.36
102.00
119.53
123.12
91.05
90.50
89.94
92.27
100.48
93.50
102.95
109.04
108.11
107.91
89.03
93.27
79.36
83.73
83.69
103.33
106.97
108.29
106.64
100.14
104.90
124.75
107.57
77.36
77.94
95.01
94.05
85.35
88.24
93.70
91.98
107.27
78.56
124.01
111.58
123.20
83.98
84.29
90.37
91.55
77.74
94.89
103.71
88.74
108.80
119.84
108.56
120.06
105.69
120.11
126.30
125.50
90.91
91.15
91.17
107.85
93.35
93.58
109.95
109.20
116.97
80.97
75.91
91.29
97.92
102.02
73.76
99.48
109.85
107.65
112.25
100.94
113.95
82.91
106.76
91.65
93.68
78.12
87.51
88.80
106.04
107.79
113.07
106.55
110.33
106.57
116.99
122.80
127.63
130.43
124.23
126.52
99.29
142.13
89.63
105.15
112.67
119.46
116.93
119.78
114.36
117.60
120.97
126.59
128.93
133.24
89.72
133.73
88.31
92.65
92.68
95.42
98.46
99.22
104.75
110.09
113.95
116.49
119.86
133.63
91.99
99.41
134.72
139.89
121.86
115.11
114.25
115.66
117.53
117.34
120.08
123.83
126.67
128.20
94.86
98.69
136.03
92.73
99.97
101.62
102.71
104.31
106.78
106.24
145.55
95.13
100.39
101.80
100.24
142.72
92.65
140.85
90.57
100.59
92.42
97.40
99.27
100.05
98.73
105.86
108.82
108.34
110.18
112.37
116.91
135.82
138.01
95.00
146.08
92.77
95.95
95.17
112.13
118.77
120.28
126.60
127.81
134.10
91.20
142.05
125.21
127.11
128.92
136.03
91.49
100.48
102.66
92.99
101.55
108.58
114.06
120.67
127.71
131.10
90.12
141.49
93.97
105.36
102.25
109.71
113.34
118.18
123.26
131.84
93.12
100.97
97.42
102.17
109.99
113.17
116.82
119.30
125.09
134.09
103.99
116.19
101.04
105.12
112.23
114.05
126.71
88.74
98.01
99.77
100.97
98.38
106.93
112.16
114.13
117.42
113.81
116.27
111.80
119.78
123.78
133.53
92.50
99.58
97.50
139.01
93.93
101.13
99.14
100.56
103.51
107.86
110.46
100.33
101.89
102.32
102.73
100.81
107.10
110.89
112.74
121.05
127.22
134.10
89.83
98.76
108.24
114.94
128.45
92.35
104.71
114.24
122.95
86.32
91.68
98.46
106.92
116.38
125.21
124.21
124.87
128.55
88.73
95.59
102.06
108.34
115.19
114.74
117.11
121.30
115.17
121.76
125.23
131.61
91.98
96.78
98.64
101.63
95.98
100.44
105.43
109.51
114.08
121.79
120.28
121.84
129.77
133.72
131.08
93.41
98.16
92.73
139.41
99.33
106.84
103.99
106.63
103.15
121.69
112.01
116.79
122.46
132.86
128.98
131.02
89.05
99.09
96.23
99.91
104.02
108.30
112.05
112.62
118.98
120.31
125.25
128.49
134.71
90.72
97.63
93.47
95.51
98.67
105.27
110.24
107.88
111.80
114.28
117.44
118.08
120.05
123.22
124.52
136.31
126.84
131.89
126.58
131.27
135.05
92.27
101.13
107.07
113.11
115.55
106.82
112.67
107.54
109.02
108.05
103.42
101.16
135.55
134.39
138.51
136.53
139.33
139.29
124.93
127.83
127.21
128.94
124.39
133.20
128.22
101.85
98.28
141.95
97.66
103.76
101.43
107.88
95.88
99.29
103.14
108.45
111.23
105.78
107.58
108.02
100.05
105.51
109.78
117.21
123.32
122.29
125.16
117.52
121.70
115.29
117.61
117.39
118.80
119.36
118.40
121.05
124.02
124.34
127.46
125.33
127.06
128.21
127.78
131.91
130.80
90.66
107.29
103.57
105.33
95.47
100.65
107.62
108.83
115.75
124.65
97.26
92.60
99.89
110.31
119.94
128.16
131.19
135.51
116.85
118.88
119.90
120.34
118.65
121.06
118.37
105.39
104.99
103.91
99.92
98.85
96.88
94.19
96.97
94.46
98.59
101.14
109.37
116.20
109.28
111.03
114.61
120.72
127.46
136.37
91.00
97.07
100.80
91.79
94.12
103.05
107.03
112.49
118.59
121.62
116.65
120.66
128.35
88.15
101.96
107.33
121.15
82.92
92.15
103.92
117.16
88.60
102.28
116.35
84.38
100.05
111.08
80.10
94.52
100.46
109.52
125.83
90.10
105.00
110.10
107.90
120.15
85.44
97.76
151.07
90.23
100.46
97.18
112.58
124.43
94.03
107.15
113.42
122.51
89.12
91.05
101.50
112.86
126.49
93.42
99.61
111.08
121.88
86.71
92.72
101.69
115.72
131.31
94.28
107.80
113.81
78.52
92.84
102.57
120.10
84.05
97.54
105.28
120.05
84.40
95.19
104.19
118.00
124.14
87.16
99.01
101.76
106.47
118.65
129.74
91.16
101.59
110.10
120.37
127.79
114.46
83.63
81.88
88.73
86.51
93.90
105.60
108.12
104.39
107.60
110.43
123.22
123.95
77.88
73.85
77.10
88.30
76.23
93.75
92.80
106.91
117.24
103.51
106.52
120.75
123.41
83.78
78.04
78.07
93.98
89.85
89.54
95.12
107.65
100.67
106.35
108.79
111.05
114.11
82.88
88.75
83.23
88.47
88.74
105.79
98.06
99.26
114.04
118.67
121.59
124.63
122.99
78.76
82.24
82.46
104.71
108.19
107.79
108.61
117.49
104.15
117.25
85.13
77.15
77.69
75.77
79.06
74.20
90.33
91.45
100.34
109.53
110.17
107.65
118.70
109.23
123.97
110.02
84.45
89.26
90.14
91.74
97.57
110.36
105.16
108.25
78.14
77.84
77.97
78.29
86.77
89.93
92.58
91.10
101.18
106.62
113.94
98.03
107.28
120.58
124.05
78.76
89.13
78.82
87.10
90.28
87.64
89.23
107.90
109.89
122.53
102.56
118.54
78.07
76.05
90.34
91.09
90.58
108.70
96.27
112.57
117.84
119.97
122.16
123.56
124.74
98.96
112.18
81.96
99.41
90.07
89.38
101.17
117.47
99.89
110.32
124.25
124.19
124.20
90.51
90.27
71.49
88.38
86.88
91.13
103.97
115.90
106.68
107.90
94.63
107.84
121.36
84.21
86.38
90.70
90.76
94.90
88.08
108.16
109.51
117.87
92.39
102.95
106.69
87.26
107.18
114.92
124.65
88.94
75.79
89.94
101.44
108.17
108.54
107.06
109.78
114.91
124.46
124.14
87.89
75.59
91.53
92.97
74.76
99.50
92.94
105.74
116.51
121.05
133.36
136.93
90.69
149.99
123.94
89.63
98.72
86.60
86.73
102.00
100.22
98.43
111.05
124.87
123.51
85.60
136.32
93.88
74.93
89.62
102.39
93.43
109.00
109.03
109.08
108.42
122.13
83.30
75.12
84.56
104.27
113.97
108.93
98.90
95.46
109.71
121.82
130.17
121.81
82.68
130.54
125.33
137.17
90.05
96.90
100.45
108.99
109.01
119.84
81.25
76.72
76.34
77.70
101.63
113.43
107.97
105.62
101.04
110.58
107.09
115.65
106.84
116.44
115.29
125.85
87.19
100.71
92.96
102.12
110.01
108.54
111.82
106.07
113.02
106.42
115.64
120.89
125.14
84.67
76.37
92.59
98.67
105.65
113.95
108.49
114.96
120.48
110.60
117.51
124.71
125.73
133.20
107.23
107.03
116.80
121.87
117.08
112.99
115.27
114.12
119.23
124.45
131.84
90.90
99.43
102.22
106.65
116.78
126.02
133.16
125.57
84.72
72.10
98.52
93.97
91.83
101.35
110.10
116.09
123.60
131.02
124.13
125.19
125.25
85.51
102.65
94.02
111.54
107.07
114.03
112.29
123.18
127.37
122.52
129.16
124.17
86.64
137.00
93.94
105.33
110.51
115.22
93.02
101.55
99.73
108.57
122.28
83.95
77.88
74.02
100.08
93.98
95.69
105.38
113.30
122.19
109.83
113.83
120.96
126.90
129.24
90.52
71.86
100.86
92.15
95.40
97.74
102.18
104.87
119.91
129.06
89.45
86.64
107.17
95.83
97.65
98.23
103.24
104.01
111.02
121.95
85.95
131.34
129.52
117.60
128.98
95.05
87.21
108.18
107.32
99.26
112.43
116.69
121.76
125.82
91.68
90.73
62.99
77.02
88.34
86.96
90.03
107.85
111.52
106.15
111.89
116.33
121.32
123.48
125.53
122.41
125.15
87.46
90.77
100.97
91.86
97.71
107.34
111.57
108.34
112.78
115.68
120.87
121.56
125.75
129.22
91.20
99.85
108.13
114.61
122.54
128.09
91.29
101.15
106.64
110.68
120.63
119.91
86.45
87.78
102.09
93.92
99.36
110.41
118.20
125.53
129.93
91.85
99.58
98.44
103.54
111.13
116.43
123.23
125.53
84.48
90.32
96.29
105.32
116.11
125.00
89.16
92.79
103.61
91.72
103.77
107.75
115.96
102.30
114.50
123.16
85.82
128.84
115.80
123.87
130.53
93.68
101.22
89.90
94.94
103.52
114.68
124.84
126.52
124.37
84.04
88.85
86.80
88.18
103.98
91.95
98.44
104.94
94.21
99.63
111.07
118.59
126.98
87.36
97.15
99.83
129.62
91.94
92.43
97.42
104.74
109.53
113.09
102.59
107.29
112.23
118.06
100.27
103.09
106.34
108.84
112.20
121.21
125.73
128.52
135.50
135.77
89.18
94.32
100.96
111.52
113.55
121.84
128.89
92.25
96.65
98.47
106.37
112.64
119.35
122.89
128.15
84.33
128.63
129.58
90.37
100.21
107.94
115.71
120.25
116.88
126.48
117.94
127.61
94.24
92.90
97.74
102.80
88.09
98.42
104.49
114.24
119.86
125.50
84.02
117.30
130.94
130.37
127.33
127.09
124.19
123.60
113.57
113.59
118.19
117.14
117.77
95.74
95.03
98.73
106.48
110.89
120.73
127.41
124.00
134.69
93.68
134.73
131.39
89.00
96.17
107.00
120.45
125.30
118.65
126.88
133.14
93.84
101.09
109.54
116.87
116.91
113.92
118.48
123.27
129.98
85.59
83.91
98.21
94.62
101.72
110.11
118.22
129.86
89.72
100.08
104.15
102.73
116.45
83.25
97.13
104.04
107.04
116.36
104.01
106.80
116.85
125.40
124.10
84.63
99.38
89.63
96.05
104.96
93.45
104.39
116.43
109.85
109.05
117.90
126.37
90.89
102.22
88.93
100.11
106.91
112.06
107.48
103.00
107.96
116.26
122.01
125.98
123.57
84.77
88.85
85.69
103.03
91.94
100.15
108.69
114.23
109.67
115.67
111.76
114.83
127.15
90.79
91.03
91.01
91.35
98.40
107.98
112.38
114.25
123.47
88.99
124.31
117.85
125.55
88.71
98.94
93.42
99.02
97.65
107.18
115.86
110.19
118.60
126.99
89.66
114.04
88.65
86.59
104.35
93.04
102.00
109.44
109.63
113.47
106.75
113.27
121.28
126.46
125.26
128.49
131.54
93.07
101.74
107.22
113.58
107.22
113.30
108.85
117.47
130.15
84.60
80.60
99.97
86.82
103.36
106.15
100.94
118.62
121.72
125.86
126.90
89.78
90.96
90.92
86.67
85.43
103.92
90.23
102.74
91.31
104.51
92.03
101.89
114.07
125.03
124.88
90.48
97.84
94.35
104.61
101.98
115.55
106.00
110.06
107.37
121.37
101.53
109.53
119.49
85.72
101.08
100.34
87.77
100.16
114.60
109.86
120.67
109.45
117.88
124.31
90.74
76.88
91.96
106.70
91.90
92.92
106.97
120.34
114.01
116.18
127.69
121.30
125.72
84.18
132.50
87.69
101.08
109.01
105.92
113.87
111.49
102.54
106.39
119.38
83.03
95.35
108.36
119.00
126.93
89.21
90.37
98.64
109.16
118.55
126.02
90.77
104.03
98.69
106.18
117.13
127.19
93.42
105.69
91.81
100.18
105.05
93.20
105.66
112.99
108.53
115.77
127.56
91.59
90.20
94.64
92.48
93.26
104.36
109.60
108.93
120.02
110.81
117.11
88.90
99.72
86.72
92.04
94.05
104.11
104.66
106.43
113.49
121.77
109.56
109.80
120.71
122.14
86.19
97.83
95.00
93.55
96.99
94.87
104.73
106.15
113.12
112.44
116.18
117.50
120.35
122.13
134.72
94.00
90.35
101.35
101.99
111.02
97.01
110.04
121.40
133.31
89.10
84.36
103.02
96.77
77.91
105.66
113.24
108.79
115.17
117.94
113.54
122.77
129.94
87.82
96.03
104.61
107.59
110.29
103.85
108.80
110.82
109.18
109.59
128.94
93.16
91.31
133.32
94.75
103.55
105.95
109.17
114.61
123.19
100.52
109.99
118.93
128.07
86.19
89.35
92.17
90.45
98.50
110.47
110.17
116.20
119.67
124.32
119.18
128.73
124.74
88.05
74.56
100.87
108.42
91.56
98.45
107.60
109.25
117.30
124.34
125.57
121.59
123.72
85.72
96.45
104.81
104.23
115.24
119.13
109.97
102.46
108.33
117.42
123.08
125.77
130.30
87.44
137.38
92.05
99.73
102.35
107.99
109.79
130.28
96.12
106.69
120.24
84.22
82.80
101.54
96.06
101.91
97.83
106.83
115.11
124.17
125.52
125.01
124.39
122.49
131.26
138.72
120.23
116.17
117.79
113.56
112.25
118.22
125.11
130.69
93.21
100.15
101.89
109.25
119.31
126.59
133.71
96.31
105.95
114.93
107.03
104.23
111.97
122.04
84.35
87.97
86.64
98.75
94.28
94.83
106.87
106.96
109.42
115.22
109.11
117.35
118.26
122.37
86.74
93.07
92.18
101.74
92.03
102.63
108.74
118.66
108.84
118.17
126.75
88.78
91.86
74.12
75.62
95.10
101.64
101.61
112.74
124.76
109.87
114.63
117.42
81.81
74.58
89.84
93.68
93.16
83.98
99.30
104.06
106.92
110.15
120.31
130.45
117.90
117.95
81.92
93.02
92.37
98.54
107.66
110.41
88.28
95.20
103.04
107.65
117.47
85.52
77.13
80.39
90.59
96.50
87.14
93.19
111.52
108.90
105.20
121.49
126.42
124.40
127.33
88.76
125.46
89.50
135.53
94.54
99.10
97.62
96.14
99.15
101.74
105.09
82.41
78.38
71.36
95.52
110.25
105.24
96.80
101.96
108.23
111.64
118.37
126.71
131.50
124.10
126.57
132.36
90.80
100.32
95.96
101.00
102.38
100.39
104.73
114.91
121.67
125.85
130.24
93.22
133.34
91.77
98.21
105.00
108.93
109.00
113.73
112.25
120.65
126.74
128.92
92.37
142.42
93.14
99.29
94.85
97.63
98.73
102.82
108.63
109.73
112.92
116.30
123.75
122.85
135.53
130.91
98.19
101.44
107.85
96.06
101.89
105.89
115.57
120.59
125.17
128.74
122.26
130.60
129.13
133.70
134.07
92.34
96.84
132.27
137.34
95.03
101.07
96.93
97.40
97.88
96.11
102.80
105.63
102.95
114.07
119.69
127.09
117.51
124.16
126.41
134.13
140.38
96.66
98.54
93.14
89.97
96.94
106.36
117.00
125.50
86.91
94.41
102.79
111.26
122.43
88.63
102.61
112.18
120.34
82.90
96.74
89.01
98.27
109.13
121.01
85.49
136.04
90.51
95.94
96.92
104.30
112.10
119.48
125.62
87.56
95.70
101.79
112.89
120.02
128.06
94.33
105.55
115.56
109.24
106.26
112.70
120.93
108.05
114.08
125.92
87.40
130.24
86.95
102.14
106.49
88.72
112.17
111.61
81.92
63.00
68.04
71.67
71.10
88.05
88.95
89.12
111.50
109.14
113.82
109.88
121.66
125.21
79.07
89.76
77.95
92.84
91.37
93.63
110.07
120.25
78.13
108.23
114.04
125.90
93.88
88.02
86.53
91.76
97.01
100.84
117.22
106.92
114.31
81.94
77.01
79.50
85.25
88.04
87.44
84.77
93.00
103.68
116.73
104.48
105.02
106.24
119.81
123.84
125.97
77.54
73.74
86.29
86.31
91.12
109.72
105.44
117.86
109.04
114.74
119.92
131.04
125.41
91.77
92.27
93.23
93.14
102.85
107.07
109.25
109.52
109.69
108.95
117.06
85.29
71.72
97.04
93.26
101.43
106.23
114.78
110.58
114.99
118.94
119.49
85.79
85.13
94.07
93.11
83.67
99.18
106.10
109.00
117.18
105.23
116.58
122.65
110.27
121.63
124.04
80.34
95.23
93.88
90.01
98.94
112.13
116.61
123.95
121.93
123.38
121.99
117.54
128.69
89.42
87.80
90.07
101.97
111.60
103.47
114.88
127.56
115.95
121.92
123.49
85.73
89.25
88.13
94.94
104.71
93.21
102.45
107.24
101.71
106.50
112.18
116.81
117.44
120.02
121.21
95.12
133.61
94.33
104.19
101.84
108.68
111.27
117.94
120.25
118.73
124.89
130.15
89.50
91.80
94.79
94.34
98.60
99.90
102.30
113.76
119.00
114.63
120.44
126.05
86.47
95.10
98.46
107.44
115.14
124.15
138.66
126.64
126.71
92.57
82.82
104.71
113.70
99.22
105.01
107.41
115.27
117.87
125.95
134.61
92.20
99.37
133.05
92.74
99.75
104.01
107.67
106.55
106.35
98.94
103.61
106.14
110.44
116.74
121.44
124.03
121.03
127.34
132.95
137.40
137.31
134.98
132.15
124.73
130.66
124.03
126.10
125.52
124.40
122.72
109.43
116.14
122.45
127.00
130.13
87.66
92.57
94.06
95.45
100.27
105.52
109.40
116.28
119.00
120.48
125.65
125.37
134.42
90.98
91.03
92.26
98.29
95.91
100.83
102.61
105.09
105.71
107.14
124.34
126.57
118.29
122.15
128.57
131.85
129.94
107.34
110.30
104.10
107.34
105.86
106.08
100.38
98.95
143.54
138.61
119.89
103.65
147.30
140.57
134.17
119.30
120.04
124.37
127.13
123.98
121.28
127.30
124.08
132.55
136.15
95.39
104.26
105.15
109.22
114.62
115.44
122.83
86.96
90.23
98.82
104.66
108.38
112.12
120.88
122.89
131.62
92.70
99.82
106.48
110.96
105.14
111.18
119.99
127.88
132.63
137.26
140.39
121.21
128.39
133.08
94.08
145.52
137.95
89.99
136.19
135.63
93.37
102.76
98.60
98.55
99.86
103.95
108.58
109.26
117.12
115.30
118.06
122.75
129.91
133.20
132.28
90.09
98.32
98.20
100.91
102.70
106.84
112.14
117.90
119.81
127.38
131.18
87.31
138.00
91.06
94.73
98.26
101.76
106.59
111.62
114.69
120.05
115.90
124.22
126.13
130.22
87.49
95.06
97.30
94.29
100.10
108.25
106.70
104.90
103.64
105.04
101.03
104.31
108.04
112.08
108.01
107.00
108.17
108.96
115.34
117.22
124.58
127.89
132.30
124.86
127.64
129.13
138.54
93.01
107.82
113.57
119.83
113.72
122.97
128.38
88.39
98.15
103.33
106.47
114.38
117.77
110.07
120.24
124.38
129.66
131.65
91.55
95.55
94.87
100.19
107.97
112.59
117.49
122.74
129.24
131.93
91.72
98.44
97.68
110.06
107.54
125.35
121.40
110.86
116.82
124.18
131.43
90.90
94.12
98.00
93.37
101.77
110.51
116.08
122.25
126.78
132.18
89.21
138.91
92.83
100.03
102.27
106.39
108.73
113.51
118.79
128.16
93.53
96.20
94.25
101.52
101.29
109.59
114.83
120.95
126.79
129.52
135.12
87.79
92.26
100.54
109.21
120.50
127.12
182.35
172.34
174.14
139.73
163.40
135.25
153.64
135.50
121.51
86.21
93.84
101.12
109.35
114.55
120.87
124.02
88.45
97.40
103.34
113.69
118.63
128.50
92.09
114.30
105.70
112.46
120.15
126.26
121.81
131.23
93.86
104.28
113.66
124.90
88.43
98.06
102.39
117.23
81.78
83.32
95.64
111.22
126.36
95.13
109.48
116.36
82.38
84.58
99.92
115.81
83.39
98.43
114.91
82.55
98.00
97.67
112.19
83.48
97.13
111.74
118.99
128.28
90.76
94.67
100.87
113.89
122.25
128.44
93.40
100.62
98.42
103.31
111.82
125.33
128.58
95.25
110.13
113.60
120.91
122.97
86.83
99.23
105.90
110.95
109.77
110.73
99.69
99.37
98.42
106.04
115.09
122.57
86.35
93.83
95.37
106.49
118.92
128.45
92.32
106.53
110.99
120.53
82.03
92.24
104.04
111.15
119.38
128.82
93.82
92.96
95.82
107.96
119.01
128.63
91.27
105.51
108.05
103.80
116.46
127.80
89.97
99.29
100.09
107.45
116.95
121.00
87.38
98.25
111.83
121.08
115.28
118.92
149.83
90.01
104.23
112.51
123.58
90.09
98.01
99.46
102.16
115.53
124.51
91.60
104.34
110.31
117.44
123.00
124.67
90.05
104.04
112.86
122.37
85.75
101.90
113.47
118.54
86.18
75.73
92.16
100.86
91.45
91.50
98.86
108.04
119.72
125.20
124.15
124.54
123.89
90.57
75.52
86.46
92.84
101.87
108.96
94.93
107.60
110.02
118.80
108.53
116.16
125.54
131.68
122.76
123.64
88.61
95.69
106.04
119.15
106.74
115.80
121.13
81.37
112.28
133.35
94.71
139.91
92.64
105.66
102.28
113.96
122.01
107.06
116.51
123.57
86.31
91.89
85.34
87.93
86.70
87.13
107.39
119.19
108.16
102.85
120.64
123.43
108.74
120.80
86.13
74.45
90.65
92.48
107.43
111.20
109.11
121.29
124.36
110.39
117.52
124.19
126.79
91.89
70.83
98.38
92.72
88.13
100.77
94.87
105.71
113.54
124.98
124.41
108.66
119.99
130.51
89.34
73.18
82.56
85.85
106.28
101.50
110.75
118.05
127.27
124.41
129.70
90.90
98.77
113.95
91.38
102.98
105.02
113.85
118.35
109.98
102.23
108.99
113.66
119.09
122.07
127.40
131.26
91.77
94.01
99.19
103.53
114.53
126.92
87.34
70.57
125.78
129.26
90.61
102.25
109.04
108.94
109.60
102.21
111.75
116.43
124.67
132.80
91.18
147.26
92.30
132.92
88.91
102.70
101.02
106.69
105.70
114.23
108.12
117.30
125.42
120.02
124.58
133.17
93.29
100.86
93.75
99.73
107.03
116.51
122.73
125.37
129.52
123.10
129.68
89.52
82.17
101.01
107.92
106.90
111.67
107.13
116.90
110.24
116.32
124.49
128.48
90.52
77.58
94.96
102.04
93.11
107.55
116.96
108.98
116.38
124.10
125.10
130.87
128.95
87.53
91.07
96.37
90.10
94.53
101.16
104.53
113.85
108.52
122.17
80.61
87.17
88.07
75.62
93.89
93.13
92.45
99.78
108.09
107.83
121.70
107.96
118.40
126.35
90.13
92.00
89.81
81.16
104.12
107.30
119.31
81.89
72.19
113.99
120.71
122.24
123.60
88.42
92.03
100.48
86.86
101.42
113.20
107.98
107.93
115.82
106.90
118.52
85.44
77.45
90.70
92.67
93.00
104.71
107.45
109.57
121.51
119.11
121.73
89.74
92.99
142.87
129.92
86.90
89.68
89.55
96.54
106.79
121.42
100.92
116.41
75.78
77.61
77.25
75.53
94.77
89.65
91.51
96.55
102.08
104.88
119.85
74.88
75.07
73.63
75.64
80.50
77.10
86.71
105.27
106.92
95.83
97.31
115.56
117.32
121.85
75.72
77.36
92.58
69.06
85.01
86.10
89.86
107.54
107.73
107.36
103.54
106.89
78.17
76.83
78.10
90.77
89.39
78.98
93.80
97.22
103.53
91.86
119.39
122.58
77.59
113.01
115.32
84.29
87.18
88.94
94.26
105.57
99.39
101.61
105.28
106.19
106.33
123.10
77.90
75.88
86.68
89.91
89.62
91.16
105.23
93.86
92.22
92.73
110.62
116.42
119.23
81.87
75.83
104.52
92.74
83.98
101.99
106.44
106.04
107.32
110.38
107.27
119.84
78.67
76.79
78.70
86.69
88.70
93.16
107.44
100.12
102.61
104.35
106.00
120.60
123.64
132.77
120.74
89.32
76.90
91.11
92.71
91.21
105.62
108.40
109.36
114.06
110.69
108.83
135.37
90.14
87.87
80.79
80.83
101.25
104.48
106.19
108.55
121.52
111.86
113.70
84.72
70.78
89.05
89.82
94.28
110.98
97.02
99.07
104.41
105.89
107.21
116.82
85.43
70.56
77.52
77.60
91.37
92.58
94.78
90.45
110.18
91.97
106.92
108.32
85.45
75.14
76.85
79.38
76.77
77.41
91.95
91.27
92.78
108.17
109.88
109.31
107.91
122.77
110.45
80.37
100.81
87.93
111.23
83.15
101.43
89.54
112.87
107.09
111.11
78.98
69.22
71.17
74.77
91.00
94.66
110.78
110.15
98.91
102.82
105.46
122.08
108.61
76.78
77.68
77.09
75.41
94.75
92.59
92.62
92.38
92.39
106.08
108.73
111.87
115.27
117.87
91.94
89.25
94.61
81.01
98.94
100.97
104.88
106.92
106.53
118.75
125.40
82.01
72.91
77.86
76.98
92.79
76.64
93.75
103.78
107.37
108.90
106.25
120.26
122.61
124.44
92.29
78.44
83.44
83.34
90.27
89.58
115.24
111.03
95.57
99.42
119.03
120.44
122.25
91.54
90.23
92.56
88.28
90.61
89.64
106.47
110.22
107.46
117.11
122.24
76.62
79.39
85.52
84.13
91.01
88.04
111.11
97.94
117.00
100.73
118.14
123.55
76.83
77.31
71.21
74.00
90.35
88.94
93.33
107.46
108.41
101.92
102.98
105.89
124.07
86.14
78.29
77.54
88.78
91.66
93.04
92.65
91.74
119.01
106.86
111.14
111.21
114.82
86.84
74.15
90.10
87.03
108.11
109.54
100.34
104.73
121.25
110.05
120.91
78.31
77.39
71.97
77.21
76.68
93.20
94.10
90.80
92.64
97.90
113.31
112.89
109.09
118.02
81.40
97.42
93.16
94.64
86.03
103.24
88.65
111.94
108.43
110.51
108.51
125.88
122.67
122.37
122.83
91.42
77.79
92.74
88.90
89.97
115.53
109.29
110.81
117.59
86.27
95.81
111.65
80.17
99.98
115.34
85.25
103.21
107.23
102.73
102.60
107.94
109.12
121.38
122.58
79.78
78.22
74.39
89.99
92.78
90.79
91.52
103.10
94.02
110.42
108.60
121.12
77.25
79.00
86.83
89.25
87.06
94.69
101.47
102.48
122.08
124.41
109.55
121.45
117.08
119.10
121.87
91.35
93.28
92.05
92.00
103.01
102.39
105.07
107.82
122.55
78.54
76.52
75.34
91.20
76.78
92.88
93.57
89.80
105.88
122.38
111.81
113.27
116.57
119.51
89.41
91.31
92.94
92.17
98.85
101.52
90.03
111.44
110.25
108.05
122.86
118.03
120.53
75.84
77.81
77.58
92.01
93.27
111.72
90.06
93.68
109.18
118.18
121.21
79.82
78.57
79.63
84.16
85.88
88.72
91.19
91.65
106.73
91.24
108.72
112.97
117.96
88.43
77.70
92.28
92.56
81.88
98.50
103.86
107.30
77.19
104.04
124.38
104.59
122.20
76.12
77.90
79.21
93.19
92.67
106.88
94.47
99.93
102.38
118.95
123.19
122.18
77.05
85.89
84.55
86.14
90.15
90.55
108.21
105.69
104.26
107.60
109.33
106.56
80.12
76.59
78.33
76.78
78.50
80.63
99.83
103.26
115.39
109.48
77.75
76.92
68.83
83.95
75.01
88.65
75.74
93.41
93.26
91.06
93.02
110.91
107.55
108.73
107.07
121.93
110.91
82.82
85.10
88.60
106.66
107.77
108.86
99.94
99.42
118.46
124.01
119.73
78.39
77.49
94.05
72.14
88.44
89.88
90.08
101.28
107.74
108.36
75.88
63.74
79.85
78.83
85.70
106.21
89.19
92.74
100.08
98.03
102.71
73.41
73.70
76.55
78.87
78.91
66.62
82.37
83.16
88.07
89.66
111.85
95.68
97.89
101.26
121.13
121.68
122.34
77.23
94.38
84.44
84.82
85.07
89.70
107.85
110.27
77.12
102.37
102.34
120.06
76.82
77.53
78.31
90.70
88.76
103.49
88.84
93.60
112.06
111.79
78.86
77.41
74.21
75.88
90.47
92.77
91.44
76.13
105.70
107.28
111.45
100.51
119.62
123.03
78.29
78.48
77.46
69.57
89.35
89.90
92.57
93.42
109.10
108.05
104.78
120.21
107.79
120.26
76.81
88.02
89.96
112.72
96.09
82.99
104.03
105.64
119.75
77.03
111.07
116.97
119.25
121.59
92.52
95.00
93.91
108.62
100.41
83.59
106.43
109.13
108.57
75.66
79.59
79.13
85.92
75.01
89.97
92.89
91.79
91.24
93.10
108.69
107.64
80.92
79.49
77.41
78.48
78.26
92.60
91.34
90.17
92.90
91.53
107.92
107.10
111.23
108.09
77.96
78.40
79.01
76.90
91.19
78.98
91.33
98.63
92.43
115.32
104.45
107.74
118.95
109.77
77.71
78.86
92.80
80.09
91.85
105.91
92.88
109.90
114.10
114.81
118.95
123.08
123.35
90.91
94.51
80.76
83.01
101.20
104.97
106.00
121.83
124.10
110.04
114.00
115.09
118.69
87.95
103.51
85.79
96.74
98.88
101.08
105.09
106.60
118.92
109.27
120.30
121.30
75.40
85.86
78.96
94.40
103.30
77.32
102.77
106.80
108.21
118.29
107.37
121.40
78.68
78.37
92.65
97.78
99.82
102.79
104.90
105.57
117.97
101.75
118.75
123.55
123.71
90.14
91.22
93.47
91.75
89.97
89.48
89.01
108.28
108.35
108.95
115.46
78.44
76.86
82.83
82.25
103.65
88.83
91.41
98.23
101.47
104.48
122.17
125.65
78.99
92.72
78.63
70.98
88.69
90.99
92.61
110.19
109.36
108.94
104.37
76.62
111.48
118.15
79.84
90.30
76.32
94.19
92.92
109.78
93.39
110.66
108.98
109.53
119.52
124.67
115.34
84.77
83.85
84.29
91.67
113.86
98.01
99.42
102.89
106.38
123.55
78.97
78.94
77.38
69.29
84.46
88.94
88.87
91.06
106.58
91.41
104.68
109.83
113.11
81.07
83.66
90.44
89.43
92.98
97.29
101.93
103.00
108.36
108.27
120.49
77.45
79.14
75.78
79.60
91.52
93.01
91.79
91.98
94.33
90.76
108.22
107.89
108.84
76.49
109.31
79.91
77.59
77.27
80.01
79.31
91.93
109.25
108.87
107.39
109.02
79.05
106.98
108.58
87.47
90.40
87.12
82.07
85.48
106.20
107.40
108.37
107.51
121.73
107.18
122.03
77.97
76.96
77.85
103.29
89.87
91.87
97.05
117.99
106.44
109.86
78.23
77.50
79.61
70.84
73.96
90.79
91.38
92.45
92.89
108.53
90.03
104.97
108.25
108.81
108.90
80.54
78.78
77.38
127.07
87.89
99.76
102.31
121.59
107.28
76.36
111.66
115.46
82.86
84.85
87.03
89.81
92.52
91.11
83.92
104.41
104.84
108.26
76.69
76.93
79.14
73.67
76.28
78.60
91.80
91.03
92.10
91.43
107.60
108.94
109.19
116.65
118.88
89.85
78.09
94.40
77.85
78.08
99.64
101.92
108.09
109.10
78.10
77.40
68.55
71.34
89.07
89.14
89.66
92.27
92.94
83.16
103.54
107.03
108.98
77.62
77.46
76.52
72.71
74.50
75.60
88.25
79.11
102.33
105.52
109.34
110.33
111.95
116.21
117.90
86.82
89.36
89.85
78.72
81.24
79.13
91.98
91.12
104.02
109.01
96.96
118.11
118.47
121.38
90.82
78.66
91.76
93.23
85.90
103.94
105.70
108.46
107.95
119.91
109.01
115.15
123.04
123.09
93.71
78.07
92.00
92.30
91.05
108.60
95.21
110.75
106.82
114.14
89.66
90.49
126.84
92.21
83.56
84.62
107.70
91.20
108.38
107.63
102.90
117.90
122.91
125.41
88.05
92.33
104.64
111.17
129.89
94.29
112.79
122.24
89.00
101.55
112.98
102.22
113.80
116.24
112.31
106.57
108.04
108.18
101.89
109.14
148.05
132.33
125.88
106.80
113.53
94.34
97.92
106.05
116.08
119.46
106.18
106.85
104.69
111.31
122.37
129.11
91.50
99.06
105.59
104.02
112.47
120.44
129.05
91.24
96.01
102.87
110.16
116.65
125.52
131.47
95.21
99.63
105.43
114.45
111.31
124.58
86.49
104.62
111.26
121.83
126.38
91.73
122.39
90.01
77.43
109.19
103.78
106.37
123.84
125.56
91.74
83.28
84.74
89.58
90.38
90.03
99.72
87.61
105.17
107.77
109.02
106.78
121.29
80.18
76.76
89.05
126.18
95.75
93.37
105.45
110.31
109.98
84.65
102.31
119.74
124.08
124.66
124.20
88.42
93.58
88.85
91.27
91.68
106.30
91.90
108.12
123.08
107.76
124.13
84.33
81.19
85.20
89.28
108.13
108.86
100.86
101.49
115.68
122.20
108.82
117.47
85.90
82.65
83.54
82.19
104.18
88.37
108.39
109.40
110.59
109.45
114.64
111.84
77.68
78.53
78.33
141.04
118.53
120.71
92.68
111.55
109.09
108.92
109.40
105.49
107.47
121.97
79.27
78.61
92.10
90.03
90.95
94.21
110.03
92.76
109.42
110.26
121.10
91.54
77.60
81.08
84.89
87.17
108.46
110.13
109.01
121.70
100.63
111.95
123.02
123.70
78.40
96.33
90.63
84.75
89.89
90.37
93.09
90.95
106.90
106.79
119.86
106.87
78.89
76.68
70.97
100.02
106.15
105.44
99.35
103.54
106.33
107.57
121.79
77.25
78.16
76.90
74.81
89.99
78.31
91.27
92.85
90.42
107.15
108.92
92.72
111.13
109.03
76.67
76.98
91.89
95.38
81.13
96.74
85.93
104.87
105.89
75.13
109.03
117.06
120.05
121.04
92.51
91.86
92.57
91.16
87.53
89.06
111.39
109.51
107.00
108.81
76.19
110.21
77.49
77.68
99.13
85.75
105.52
108.43
95.95
98.71
118.37
121.24
122.43
77.77
88.33
91.59
85.00
84.18
90.02
88.84
110.94
91.19
108.85
108.88
105.57
73.41
89.47
108.22
77.66
94.76
92.59
90.10
90.42
94.09
92.46
117.38
111.07
109.48
80.38
79.90
80.92
77.26
77.46
78.91
90.76
114.38
111.87
114.44
115.82
119.53
78.52
78.79
77.46
80.80
84.65
84.07
103.43
105.20
107.02
109.41
112.37
114.65
115.94
118.38
120.53
95.26
89.43
92.08
82.09
99.92
104.00
107.41
108.75
107.42
76.08
69.97
72.50
73.02
90.86
93.87
93.68
90.12
110.05
87.41
88.84
113.42
77.45
108.65
107.39
76.87
78.75
76.30
92.38
92.82
92.45
93.58
92.09
109.76
108.09
113.04
109.88
116.85
80.41
89.08
92.02
80.00
97.47
100.86
104.17
107.39
107.03
107.05
76.98
70.45
73.75
75.89
77.08
95.31
92.80
91.51
102.45
109.31
106.05
108.15
108.23
122.56
91.61
62.30
82.47
82.80
102.96
106.30
89.17
92.09
109.10
102.93
105.77
75.36
76.98
78.58
77.68
91.13
88.09
90.70
90.81
108.73
108.37
107.49
110.33
105.87
119.75
79.17
76.78
77.37
76.66
77.98
104.87
96.38
99.13
111.69
106.34
106.06
106.23
116.02
76.27
111.84
82.80
85.61
102.73
106.82
109.22
107.74
100.08
106.35
109.06
78.67
76.06
76.77
89.59
77.43
78.31
96.56
90.72
110.63
93.00
111.68
105.66
108.77
111.61
117.88
120.72
90.51
90.57
92.55
80.57
90.32
118.19
107.25
110.07
79.51
77.96
77.83
71.89
73.09
90.33
92.67
76.75
93.34
93.80
87.13
105.06
122.12
107.62
123.56
79.34
78.70
72.06
73.20
91.71
91.19
93.68
91.17
106.30
107.60
108.53
111.53
77.88
78.73
75.52
96.55
93.10
91.43
94.86
91.14
108.21
118.67
106.29
117.27
76.83
70.22
72.07
74.51
89.76
90.23
113.72
108.08
108.53
104.34
121.40
108.79
109.56
76.93
75.76
72.89
89.97
87.53
90.53
92.97
104.36
108.49
76.40
67.78
69.54
71.89
73.56
90.30
88.22
91.84
100.76
84.13
101.34
103.91
107.01
107.30
77.28
77.95
72.62
76.32
77.76
79.23
92.33
93.41
92.26
91.58
108.55
106.77
108.78
78.86
110.14
124.74
76.94
79.61
78.80
78.97
92.65
90.88
106.80
90.56
107.11
107.43
108.83
117.68
120.87
91.32
92.76
82.30
100.56
85.75
88.71
107.36
109.75
107.39
119.06
122.95
77.28
77.80
76.36
77.53
76.35
93.04
89.51
107.71
113.41
117.36
110.52
123.07
121.67
91.86
80.09
82.84
88.84
90.63
108.61
116.02
100.10
102.93
112.50
124.27
108.27
76.06
76.09
93.17
75.16
88.51
76.69
103.43
102.02
106.88
76.58
76.33
69.10
73.58
89.09
78.63
92.20
78.45
92.87
88.43
90.95
113.01
109.32
78.80
108.15
109.39
117.53
123.34
84.99
76.56
93.74
93.60
91.71
106.47
92.79
112.83
117.12
119.70
122.46
91.27
87.15
80.72
84.08
84.22
105.02
108.75
108.78
80.74
100.55
116.52
120.55
122.00
123.38
77.44
95.60
91.16
94.16
89.93
106.84
107.92
106.36
119.27
108.63
79.74
76.86
79.61
93.55
79.41
93.47
92.54
91.00
108.01
107.92
108.39
79.20
63.34
78.94
78.04
88.79
77.52
77.25
94.82
91.93
90.85
115.31
84.95
109.50
110.04
81.00
76.94
87.14
88.15
108.76
79.98
97.30
103.26
105.51
105.40
120.81
122.32
81.47
105.31
111.55
82.33
97.25
112.07
83.76
92.59
106.61
90.75
94.96
108.53
104.50
122.72
85.66
76.47
84.43
82.84
89.46
89.54
87.06
110.54
108.39
107.21
119.96
92.16
112.46
79.39
97.01
112.47
82.28
77.95
87.87
90.02
108.33
108.79
90.62
108.68
122.16
106.12
108.37
77.33
78.10
79.90
94.18
94.25
94.35
90.19
104.45
108.09
107.51
108.92
76.32
108.77
77.56
78.23
88.51
94.82
92.86
113.74
92.86
112.27
104.73
106.06
77.75
62.56
77.55
76.61
77.91
76.10
87.95
90.55
95.11
103.96
119.05
123.11
77.75
65.83
69.51
81.85
87.81
87.30
91.08
108.91
89.52
107.63
104.63
109.38
110.21
109.61
108.76
74.78
65.99
83.68
88.36
89.41
92.83
108.93
108.19
104.77
115.94
122.57
109.48
121.75
94.36
94.36
84.08
89.14
88.54
109.71
91.71
105.16
109.86
106.55
118.85
123.34
79.33
93.13
91.47
92.62
90.34
92.42
92.54
109.51
108.54
100.97
118.04
87.19
77.56
82.06
83.70
89.48
89.52
92.24
105.21
108.83
102.81
89.20
112.23
109.05
77.75
75.85
78.63
74.04
89.20
94.30
94.25
109.58
93.04
109.15
107.08
109.53
108.84
78.49
78.72
85.18
87.41
90.26
79.89
89.05
101.68
106.16
120.26
76.27
74.83
77.47
70.00
83.99
88.56
93.41
89.67
92.75
109.60
89.57
100.21
113.90
109.91
123.54
120.72
87.42
79.67
81.37
81.34
88.51
91.72
104.63
108.63
104.19
121.44
108.96
121.87
124.38
134.89
123.43
91.20
79.34
100.39
82.19
102.18
118.20
75.94
77.65
92.17
67.62
69.60
89.40
90.03
95.01
93.69
91.11
101.51
111.09
107.21
121.92
108.48
78.86
75.89
76.69
77.66
81.72
100.16
103.61
106.39
109.61
108.47
106.18
117.22
117.32
104.19
115.23
86.76
74.54
84.11
82.33
88.00
107.85
93.12
106.95
119.12
118.54
122.78
77.15
79.03
75.36
90.20
78.13
91.38
93.52
108.17
101.44
104.28
114.39
106.15
120.92
79.97
73.82
90.26
87.34
78.28
90.43
105.75
104.12
106.73
110.16
115.00
85.86
87.87
88.75
87.39
80.95
99.61
89.68
109.46
104.69
110.08
108.07
105.21
123.17
75.79
78.87
77.37
80.05
92.42
95.95
105.34
106.87
108.26
108.15
107.83
78.31
78.28
74.38
77.19
79.14
93.03
91.04
93.63
96.07
109.55
106.11
92.96
111.01
109.12
79.64
76.86
91.06
126.12
96.29
101.94
104.94
108.16
108.82
107.62
102.21
117.50
123.17
77.94
77.13
76.38
90.99
92.29
92.46
97.76
107.11
117.28
120.13
111.24
124.14
79.56
80.86
83.47
84.41
89.33
87.01
108.47
108.00
102.98
120.12
107.95
116.30
77.98
76.21
78.36
73.58
90.05
91.53
92.37
93.57
93.48
93.32
108.60
108.98
78.34
68.03
84.83
89.07
88.92
93.70
85.94
102.90
106.64
92.96
106.97
109.57
76.52
77.13
73.47
76.41
77.16
78.36
76.99
92.39
91.77
107.85
98.65
101.16
117.66
120.95
121.28
87.15
81.42
83.29
88.23
92.27
91.71
93.35
91.15
106.60
109.37
109.81
107.40
78.09
88.71
88.89
108.02
78.99
98.51
100.66
103.39
115.73
108.15
77.60
68.04
70.28
89.48
88.22
93.05
97.28
94.06
92.34
107.03
104.12
109.15
76.93
76.86
110.15
108.76
122.36
76.74
81.16
78.72
92.80
92.85
91.91
123.85
96.05
111.95
118.16
122.88
91.31
90.97
94.40
83.23
94.49
83.40
105.51
105.19
107.05
79.23
75.92
69.87
105.17
91.91
76.06
92.16
90.87
93.04
91.85
102.98
107.35
115.26
120.11
121.77
133.82
78.99
82.19
84.40
85.29
106.23
94.08
111.41
107.74
101.53
104.88
75.60
76.69
78.48
76.37
78.26
73.44
103.98
91.85
93.14
118.64
121.92
108.06
77.95
67.28
71.40
74.06
90.02
89.24
91.28
93.39
84.51
89.27
107.01
117.52
107.71
107.24
108.37
121.28
78.74
79.71
83.59
103.65
107.92
109.31
108.36
100.22
100.79
151.17
136.19
134.58
130.05
104.12
150.71
93.73
136.42
126.55
122.63
111.80
148.19
139.99
98.74
142.25
141.43
132.69
127.00
98.02
108.79
117.41
121.90
133.62
93.82
102.97
96.21
107.80
119.19
125.10
93.10
111.23
82.57
104.74
75.23
83.31
103.42
98.52
106.41
78.80
95.26
110.32
78.65
89.18
96.71
108.02
121.60
88.60
88.87
105.38
110.93
107.99
75.97
105.81
118.83
132.61
91.85
90.37
75.72
100.94
102.87
105.51
105.44
119.93
78.00
104.66
122.00
122.55
91.67
92.42
92.21
106.41
95.86
92.11
93.05
110.30
109.24
111.34
78.08
79.88
75.20
112.28
94.29
101.66
104.08
109.18
118.83
109.48
109.07
117.23
121.54
122.62
90.99
74.98
94.24
85.29
88.50
107.13
109.01
109.69
107.77
123.20
103.78
120.06
122.53
91.95
88.53
90.10
92.92
101.12
91.15
101.12
109.16
108.99
119.03
78.68
75.37
75.96
86.89
97.09
82.51
104.49
106.42
107.13
117.70
119.26
117.12
83.97
86.40
78.35
91.52
92.50
84.69
83.37
89.34
106.59
108.40
118.32
108.94
102.14
112.05
124.11
77.69
76.64
78.20
76.76
106.47
125.81
95.10
87.21
111.48
78.20
76.62
76.85
76.97
74.06
89.21
77.35
92.44
92.88
107.65
108.02
88.05
91.89
108.30
109.22
85.03
88.19
107.84
107.16
79.00
100.13
117.59
87.53
105.16
111.11
81.31
97.44
112.79
79.90
96.97
101.74
120.47
87.94
90.63
86.23
95.73
100.15
104.90
106.94
77.94
109.65
107.31
112.30
81.63
83.39
89.67
91.39
92.52
111.75
102.47
104.25
107.47
109.14
77.44
108.13
135.91
76.86
93.09
112.41
99.25
107.65
119.15
88.51
89.15
77.97
81.41
83.30
88.65
90.03
110.08
108.38
108.95
104.41
107.16
120.49
122.95
124.09
78.44
76.44
76.87
88.80
93.01
93.04
107.32
108.93
86.28
89.69
77.47
67.33
83.89
86.60
89.94
92.18
91.45
85.92
106.31
105.30
121.99
123.36
107.27
122.99
119.44
121.37
78.60
92.97
90.22
91.39
111.02
107.32
107.22
109.43
78.89
76.21
78.60
77.70
92.06
74.96
89.11
100.13
91.97
92.70
121.28
76.55
99.39
119.77
109.39
84.38
78.67
78.92
103.91
90.17
81.53
97.35
99.97
122.13
119.60
75.47
76.99
79.46
68.73
72.62
89.60
88.00
89.58
109.35
109.77
96.17
114.41
117.60
118.67
122.77
88.48
90.94
79.05
81.87
83.20
102.11
104.99
108.02
110.06
77.40
69.90
71.90
75.05
88.98
78.00
90.83
78.78
91.62
97.39
101.09
103.10
120.18
124.00
125.62
79.22
80.39
84.17
83.23
85.08
90.20
91.71
108.19
101.49
103.81
124.75
76.17
78.34
78.59
79.05
72.47
89.29
95.10
92.95
110.25
94.33
110.03
111.00
106.43
119.77
77.18
75.53
77.30
79.34
95.48
92.47
95.83
99.91
103.67
117.92
75.96
76.76
77.88
81.70
68.68
83.76
89.65
91.51
91.93
109.14
101.72
105.37
121.52
108.21
117.63
77.81
89.91
71.83
89.84
91.02
91.05
105.85
91.96
106.33
123.93
110.94
99.13
118.94
121.25
121.73
93.81
92.28
92.61
101.88
105.06
103.10
108.24
109.97
79.39
75.77
71.71
74.30
76.99
77.37
103.99
91.24
106.64
88.06
89.07
111.40
115.92
108.54
79.70
77.94
73.52
84.12
90.36
91.11
107.67
93.32
92.80
90.74
108.10
109.02
114.96
83.31
95.84
90.13
92.96
92.05
93.77
83.90
90.01
110.38
105.66
108.61
117.32
121.60
78.85
77.52
78.65
93.72
93.96
93.67
84.96
102.73
110.28
111.23
77.31
80.26
76.87
78.22
72.74
83.69
88.16
90.40
93.19
110.96
109.37
101.81
120.16
120.71
122.18
76.41
97.21
91.52
93.80
100.53
85.20
87.37
91.45
109.32
109.89
78.28
73.19
76.11
76.94
76.76
77.83
93.66
92.43
89.91
90.32
110.31
109.25
107.05
120.16
78.71
76.86
129.47
91.99
89.03
88.80
112.24
107.65
108.70
102.19
106.27
107.44
108.12
76.47
78.49
76.95
91.45
91.99
93.40
92.74
91.70
92.16
92.81
80.88
80.28
81.86
84.65
88.61
106.94
109.84
108.94
114.87
121.10
105.29
75.61
79.26
90.78
93.06
90.12
89.35
90.48
93.22
92.80
92.24
110.89
106.71
107.65
79.69
82.30
82.17
89.88
106.35
108.19
109.48
98.05
102.10
105.05
121.81
123.92
76.94
76.72
85.40
85.55
90.10
90.37
108.33
109.34
108.50
102.49
76.97
72.08
73.67
75.90
90.58
92.42
92.01
84.34
83.05
83.24
105.71
107.79
108.68
122.53
115.78
122.31
124.02
90.05
75.49
91.81
92.44
91.62
92.77
113.00
117.18
119.33
121.74
123.90
79.16
111.93
165.52
134.70
76.83
88.07
102.93
119.81
86.74
106.54
114.02
115.25
119.78
88.73
88.49
92.01
130.00
94.80
86.20
107.80
107.09
109.61
108.37
118.13
77.12
108.42
76.08
79.80
79.67
92.35
90.99
94.23
114.25
101.19
117.87
75.98
76.35
77.76
67.12
84.94
87.44
89.96
106.89
91.39
104.02
107.31
108.92
111.10
77.10
78.22
76.62
76.97
77.54
91.69
93.21
97.87
101.29
104.83
106.45
109.18
110.14
110.53
109.43
76.24
76.69
91.16
89.10
96.67
96.89
98.74
100.77
107.46
113.34
109.32
123.95
118.51
120.98
91.18
88.20
90.78
92.27
92.32
104.23
107.96
120.18
107.97
108.94
123.23
135.64
77.56
76.94
81.48
100.24
90.00
113.14
108.23
106.22
104.37
121.45
107.84
120.44
76.84
76.53
76.63
91.64
93.22
101.43
91.07
101.71
81.84
77.00
76.87
65.34
81.69
85.78
86.47
89.26
91.71
93.76
100.77
100.67
104.34
105.94
108.50
120.29
123.15
78.37
77.05
89.70
91.67
92.70
106.42
107.96
109.52
108.40
108.67
112.81
108.23
80.82
86.34
77.86
95.14
95.52
107.71
118.18
120.26
87.16
93.99
93.63
80.39
84.57
102.81
106.47
106.73
109.32
107.89
105.04
123.30
125.04
78.19
75.94
92.45
90.08
93.78
92.71
93.31
102.20
94.27
103.20
114.87
124.13
78.67
77.42
78.07
76.00
102.24
105.32
119.40
108.18
109.41
102.16
120.02
123.14
77.55
78.03
91.07
86.57
83.20
88.68
90.36
109.70
107.29
114.13
104.83
122.08
124.90
78.66
80.06
93.07
92.31
92.89
88.38
111.14
109.14
91.56
109.13
110.47
108.06
114.67
121.04
90.78
77.68
79.75
92.85
109.01
90.50
103.27
109.13
78.89
77.45
108.06
122.57
79.62
87.32
98.14
93.46
92.58
93.13
105.89
106.35
107.02
113.33
114.56
86.97
76.08
80.85
91.99
94.31
76.84
93.42
97.75
107.84
101.39
104.05
119.73
78.58
79.36
68.87
83.71
87.25
88.46
92.33
94.96
111.92
85.76
106.53
80.26
96.86
113.10
81.92
103.71
112.41
84.03
107.20
121.06
92.08
92.07
108.56
107.13
95.01
94.03
117.26
114.65
85.70
88.76
91.01
92.40
98.20
98.47
101.77
103.03
105.89
118.36
78.23
67.74
70.22
72.02
90.15
78.08
91.25
93.00
91.22
103.53
88.79
107.69
93.33
107.92
122.61
77.86
76.86
76.69
78.90
97.83
83.87
112.92
105.83
108.48
112.20
117.56
122.88
125.59
125.15
81.97
93.32
85.91
89.13
91.13
109.07
91.98
106.26
108.38
117.09
124.95
79.20
76.33
76.91
78.96
92.49
93.34
107.53
108.93
109.51
110.11
106.40
77.54
75.91
75.82
76.77
78.98
77.65
92.37
93.27
91.97
123.32
112.67
115.01
116.89
119.28
87.54
76.92
93.25
80.40
84.69
103.20
104.71
106.10
120.63
106.18
104.40
120.08
76.85
76.70
78.29
78.91
93.65
78.99
91.13
108.38
93.36
104.14
119.07
109.53
75.22
75.27
77.19
76.75
77.17
92.91
93.20
93.33
102.89
91.26
103.70
118.81
118.28
83.75
84.25
78.00
127.19
95.38
77.53
108.68
106.92
118.75
128.24
113.45
116.71
121.91
123.65
86.70
73.12
76.51
90.22
91.76
93.66
106.30
91.24
92.76
99.04
113.15
78.86
72.09
82.07
73.38
85.06
107.10
110.95
107.42
99.81
112.03
122.18
109.59
119.92
84.39
76.58
85.15
87.25
87.11
93.81
109.82
90.05
98.12
109.99
121.83
108.92
108.11
128.42
90.33
89.94
91.45
87.07
86.74
107.08
108.18
122.04
108.81
118.09
85.88
71.26
74.68
87.18
90.76
100.68
91.98
101.81
109.49
110.21
109.12
109.26
107.98
118.61
91.29
93.20
96.21
101.44
109.20
124.43
77.90
77.35
90.79
72.87
90.14
89.17
90.87
92.12
93.58
104.84
108.97
116.45
108.98
120.85
120.45
86.61
89.02
80.10
83.58
82.19
104.73
119.41
108.08
106.96
99.90
115.91
122.84
76.91
79.19
94.79
94.12
108.77
83.30
98.88
103.53
104.96
122.19
77.45
78.02
92.19
69.62
72.03
89.95
93.39
93.40
92.81
107.09
102.92
105.16
123.88
105.88
120.83
124.87
124.29
89.27
93.19
93.69
92.50
106.01
108.75
110.21
115.14
109.85
76.71
77.75
78.48
76.56
91.12
92.37
97.59
98.78
107.67
112.75
123.02
106.70
118.12
88.49
73.15
88.77
88.50
94.20
91.21
93.91
92.74
106.03
106.28
106.93
122.50
109.99
122.55
79.32
75.16
77.48
91.94
92.74
92.53
102.06
92.03
109.33
108.56
118.54
114.55
79.35
84.41
89.20
139.59
79.58
81.58
102.48
113.93
106.74
109.32
76.85
78.20
70.56
83.07
75.52
86.66
86.20
92.68
109.95
101.53
105.00
106.56
109.22
116.94
78.95
74.73
72.61
73.80
90.69
94.13
91.88
92.61
108.03
109.64
107.06
107.80
112.83
85.72
84.91
89.54
90.31
79.06
99.96
101.52
105.00
107.27
107.98
78.67
77.99
65.53
69.93
86.59
89.53
89.99
94.14
89.73
96.50
83.46
105.49
106.72
78.51
109.78
77.37
78.61
73.01
89.65
87.13
89.35
90.83
100.81
107.56
89.50
108.42
108.78
109.73
79.83
90.70
77.04
89.54
89.22
88.32
107.76
108.46
108.26
109.32
107.95
119.91
114.49
126.74
88.47
88.33
89.58
89.01
80.87
99.61
115.81
117.22
104.30
122.10
109.81
79.31
77.14
81.79
84.87
74.37
77.89
105.06
111.75
110.96
77.47
78.54
92.69
77.44
93.49
92.39
89.18
108.22
106.88
109.20
109.70
126.27
80.04
77.41
78.70
80.86
91.36
98.90
94.87
93.67
110.57
106.80
108.67
116.63
80.19
86.19
89.01
88.39
107.27
82.27
98.72
105.02
118.41
124.96
109.21
78.97
67.05
104.04
86.64
89.14
94.52
92.20
106.65
92.08
102.80
106.01
107.98
108.35
116.35
108.13
89.71
78.20
81.71
85.33
89.56
90.40
108.87
108.26
99.92
115.71
116.50
119.34
122.60
124.04
93.34
90.34
84.50
82.57
104.34
106.51
106.67
77.89
76.48
71.66
73.01
77.10
93.29
92.63
76.02
93.00
89.49
90.34
91.71
106.42
110.34
109.17
110.48
105.59
121.11
123.96
78.08
93.39
91.58
91.82
106.44
94.91
111.40
115.78
119.24
87.68
90.85
92.88
81.54
83.69
82.94
105.35
106.67
93.22
110.24
90.75
102.68
106.77
110.89
77.99
93.69
91.24
93.08
88.44
90.45
92.19
92.71
114.75
107.16
123.51
81.28
92.26
82.79
100.76
104.15
105.45
120.71
123.93
81.05
72.40
88.56
78.65
77.36
92.17
93.39
93.65
102.26
106.41
114.97
108.98
110.68
106.04
123.02
75.87
78.02
93.05
98.90
93.89
93.25
122.34
94.53
108.21
118.03
120.18
89.92
77.53
77.08
76.49
86.99
89.82
89.33
108.30
108.34
108.69
76.08
107.05
121.36
78.33
78.23
92.16
91.40
93.34
95.48
89.06
104.75
92.26
108.29
122.00
125.00
80.15
74.96
74.82
89.84
92.69
110.31
91.29
91.43
106.17
108.17
110.17
108.14
76.79
77.92
92.60
94.01
89.93
94.10
91.34
92.74
102.76
106.95
121.69
112.42
114.50
117.65
87.82
88.21
88.90
91.76
92.96
85.23
106.62
122.40
77.50
108.89
77.86
77.26
73.38
76.56
89.09
92.34
91.83
92.02
93.46
109.25
106.29
111.73
116.57
120.01
125.24
89.85
77.86
82.31
83.52
102.49
105.72
105.89
110.68
108.79
75.63
87.07
106.16
79.39
97.22
114.86
85.59
77.58
91.67
92.66
111.20
109.57
107.44
117.46
88.92
76.77
114.03
86.65
86.44
92.07
93.37
105.99
108.98
100.28
100.98
105.79
77.84
76.92
76.23
76.81
77.99
76.44
90.08
91.37
91.08
102.27
121.97
107.61
105.60
116.20
118.99
120.77
123.03
90.83
90.24
91.89
82.46
100.43
105.12
107.93
108.31
106.77
75.21
72.01
73.55
90.48
77.08
91.09
90.27
92.68
109.99
94.17
114.79
115.23
120.27
74.21
76.65
76.99
67.63
84.59
86.81
89.69
92.29
105.50
108.63
103.86
106.91
125.53
79.15
108.72
77.87
77.38
94.17
91.31
93.24
92.51
92.53
121.02
123.45
78.19
76.86
67.68
73.52
89.08
92.49
91.80
101.91
92.69
87.73
106.32
108.44
114.33
110.14
77.33
76.32
75.60
89.16
77.01
92.48
93.27
109.07
110.00
106.82
108.28
78.08
108.50
110.56
78.83
78.38
76.90
77.81
78.27
108.33
94.19
91.75
96.22
74.74
62.72
84.31
83.78
84.19
82.48
87.20
91.25
92.80
101.84
95.52
99.15
104.26
75.36
76.13
91.88
80.20
84.68
83.59
85.04
107.30
108.87
108.74
101.54
88.32
115.02
107.85
108.55
81.84
79.36
77.84
76.33
94.25
90.36
93.58
103.08
126.14
76.21
64.78
64.71
68.75
73.69
89.85
88.93
91.87
92.16
102.31
104.63
106.11
108.69
81.53
79.50
77.51
71.31
74.07
76.44
91.26
93.03
93.37
92.25
110.09
106.73
111.53
109.62
118.49
121.30
77.49
76.40
83.84
85.54
87.26
90.30
107.39
77.78
108.23
100.69
71.39
74.81
77.21
75.20
80.74
76.63
91.34
95.95
97.92
99.28
103.11
74.39
76.77
76.29
70.17
73.15
90.50
78.78
93.67
90.23
92.96
92.81
91.42
114.58
115.36
118.65
89.07
78.03
92.17
81.40
87.38
83.35
106.51
106.51
107.72
108.61
103.87
105.52
110.29
79.52
75.95
79.35
76.57
91.51
94.13
92.84
92.75
91.85
114.27
109.64
111.02
76.61
78.17
75.85
76.80
86.61
89.83
108.86
107.59
101.48
104.32
107.70
108.86
108.26
81.00
76.90
72.62
89.15
78.54
93.06
90.87
92.23
92.23
108.11
109.94
108.62
110.41
85.26
77.43
79.91
93.78
90.00
94.14
111.25
106.93
107.97
109.15
78.41
78.21
60.87
77.99
78.85
92.19
93.52
89.95
93.10
94.63
98.83
118.33
120.53
121.54
77.73
77.54
66.51
69.50
84.20
87.90
107.42
92.06
92.33
109.31
106.95
113.03
116.22
119.90
91.79
87.15
92.69
84.35
82.81
106.07
107.30
108.63
109.89
108.34
104.50
79.46
77.60
78.95
76.01
102.85
106.87
96.63
99.77
100.78
104.12
75.24
76.80
61.43
78.10
74.70
77.02
77.56
77.26
93.61
90.28
101.18
75.86
65.04
66.20
79.53
78.74
77.28
62.56
106.93
79.00
77.15
97.90
93.09
116.99
106.16
108.14
77.50
66.79
65.84
85.01
82.53
89.76
92.40
102.69
102.10
103.00
106.81
106.33
108.62
78.84
106.83
121.07
76.73
76.71
92.63
91.88
93.17
108.25
105.26
97.18
115.33
119.83
72.11
74.73
90.34
78.63
80.38
100.13
85.18
104.57
107.66
77.50
61.93
99.96
118.36
74.29
79.24
77.99
78.97
92.05
92.42
89.35
90.69
108.10
108.37
109.91
78.16
80.02
71.12
74.26
88.95
91.05
92.61
91.71
93.38
88.72
107.83
109.36
109.58
78.65
79.98
77.60
79.07
88.21
90.88
92.40
91.22
105.76
92.11
106.95
109.30
107.96
80.08
63.13
78.70
78.18
77.15
91.90
92.69
92.18
97.02
116.18
71.90
61.48
61.99
78.08
64.86
68.95
69.51
89.25
89.39
110.31
96.27
98.49
103.33
104.61
76.99
76.40
77.23
77.68
86.46
84.29
89.00
87.95
93.16
89.45
109.94
102.54
104.72
107.74
82.30
78.86
78.17
90.99
93.53
90.29
87.73
96.90
100.35
104.58
74.99
78.43
65.96
69.65
73.57
91.56
93.45
91.40
91.38
90.87
90.69
109.28
97.56
116.83
120.15
76.89
77.94
80.39
66.79
85.61
84.91
85.43
108.63
92.99
102.03
102.54
106.01
108.49
83.04
74.51
91.92
93.96
75.13
94.33
91.35
107.64
101.01
121.31
77.30
77.99
64.21
67.02
85.63
89.55
87.68
109.60
94.04
102.85
102.86
105.05
107.39
79.52
75.78
75.46
71.05
73.80
90.07
92.50
92.05
91.34
92.18
109.87
107.34
108.82
78.59
77.15
77.40
75.76
78.52
79.29
76.90
93.50
99.76
96.03
122.27
123.59
110.66
112.08
116.05
118.02
91.79
91.16
88.90
90.86
87.45
107.63
108.09
109.47
106.69
76.28
59.76
73.40
76.43
77.07
95.71
91.81
91.74
92.84
103.88
105.37
107.68
109.49
107.83
110.01
82.33
78.59
76.53
77.45
94.30
92.03
92.78
92.16
108.92
106.30
108.16
107.01
82.71
83.64
90.51
88.65
88.77
94.58
93.51
92.00
110.54
120.22
77.89
76.90
67.58
83.03
72.90
87.20
85.95
91.77
91.60
84.10
107.88
73.44
107.92
78.87
76.84
77.37
78.75
71.14
83.71
92.08
91.45
100.21
107.95
107.07
98.15
118.12
118.65
74.50
90.93
89.90
94.44
90.30
87.07
90.19
106.32
106.73
118.69
108.48
110.81
108.02
108.58
84.92
88.96
87.35
95.65
92.95
92.60
97.04
101.02
119.63
121.98
77.37
78.35
78.86
99.32
119.03
94.47
116.18
89.37
113.66
80.26
100.24
114.19
81.53
108.61
107.60
80.87
75.38
77.08
77.37
94.54
92.41
90.89
98.77
94.69
92.39
122.78
78.82
77.38
68.07
70.54
84.09
89.88
88.61
92.62
93.53
101.84
102.74
105.44
106.63
108.99
80.74
93.29
68.71
84.82
88.11
87.06
92.26
93.64
109.52
86.20
107.13
108.39
78.90
75.84
74.83
76.15
78.81
78.82
99.90
99.90
103.51
105.59
107.99
108.28
78.93
68.98
73.13
87.80
90.15
92.61
91.09
91.31
107.95
89.90
107.31
108.54
80.38
78.07
77.08
72.99
73.65
87.97
93.04
90.20
90.06
74.98
91.64
112.06
114.82
118.53
74.68
79.06
91.79
78.44
83.80
85.59
104.72
88.09
92.07
110.03
109.11
102.16
72.67
107.68
78.36
77.94
76.89
106.55
108.68
80.32
102.08
102.11
107.46
80.70
77.20
77.00
80.68
84.08
81.88
90.04
94.53
91.45
91.38
107.30
105.82
106.94
107.77
107.57
121.72
94.17
89.42
80.66
85.28
102.78
103.47
106.44
108.66
109.30
100.46
104.88
72.40
90.19
77.86
91.27
92.72
91.61
89.57
87.72
97.90
102.12
107.29
79.20
78.64
66.91
84.46
73.23
89.97
92.49
89.92
91.56
104.97
87.83
108.70
115.03
86.45
85.49
74.19
89.69
77.56
84.35
82.81
86.44
104.29
108.46
109.66
99.16
117.57
120.31
74.82
77.75
92.19
80.50
84.49
83.23
84.12
105.68
106.90
108.77
108.58
106.79
73.53
75.04
76.73
79.00
79.84
92.42
93.08
92.34
102.89
106.96
108.89
107.52
80.98
76.20
77.27
91.05
77.68
81.32
101.39
103.61
94.55
105.12
96.07
115.38
117.49
122.08
76.29
77.09
77.85
92.35
87.68
90.81
92.98
91.90
112.08
109.39
109.32
107.72
78.37
79.18
78.31
94.05
92.85
94.11
92.15
105.53
86.75
108.52
106.81
110.43
108.92
80.24
75.41
89.11
76.23
93.95
92.61
91.99
94.17
110.31
106.86
111.09
83.97
71.39
75.20
89.08
88.05
79.23
81.22
99.98
102.00
106.68
108.92
78.60
67.96
70.67
73.74
91.78
90.84
93.69
91.08
92.60
89.73
87.12
107.41
91.88
111.92
109.57
78.12
74.94
76.87
77.54
92.36
91.96
92.90
105.15
95.12
98.66
101.83
121.36
78.40
86.70
93.11
77.74
82.66
84.03
89.37
88.06
92.99
112.00
107.92
104.45
107.58
107.80
79.03
76.11
88.81
85.66
79.25
98.91
101.59
104.78
105.61
113.48
78.90
78.76
69.79
70.87
90.07
88.17
93.69
93.61
109.77
92.58
103.88
107.74
107.54
118.89
119.06
90.34
87.86
81.64
99.96
103.80
106.91
108.03
109.49
108.04
76.62
104.20
77.51
78.55
107.73
79.40
105.63
95.74
93.68
91.85
98.31
102.81
111.90
108.59
77.67
79.89
67.13
83.81
83.19
88.83
87.57
110.33
98.66
119.97
92.66
119.44
90.97
116.17
76.14
78.60
77.48
72.27
88.81
92.95
92.92
92.63
107.83
108.39
106.49
109.61
78.46
78.57
76.00
76.35
78.09
106.90
79.68
100.07
83.61
103.80
107.05
79.16
77.18
66.68
71.06
84.23
87.92
86.53
75.69
92.88
92.40
90.15
112.97
108.45
120.16
109.17
79.27
78.49
71.35
85.87
89.89
91.90
93.27
110.98
91.47
88.78
110.67
108.61
82.49
106.72
76.11
77.64
78.83
76.81
92.93
98.05
101.68
105.71
78.64
107.38
115.29
119.18
73.60
76.74
89.68
92.71
93.91
112.31
99.65
103.26
108.46
109.95
108.88
108.84
81.97
73.45
76.23
92.49
75.96
90.28
104.01
107.64
96.36
115.47
114.38
118.71
121.31
121.77
95.33
93.38
81.26
84.87
85.84
108.02
107.98
107.81
105.07
117.88
124.90
107.86
74.74
76.93
92.00
92.01
91.17
94.30
110.06
115.56
117.96
120.23
75.57
76.56
65.68
69.59
85.38
89.12
91.95
90.97
111.10
92.48
90.00
112.44
77.53
78.01
79.87
79.07
79.74
86.46
89.24
94.34
93.45
107.81
108.58
91.47
110.41
109.63
78.57
69.01
83.79
90.22
93.85
92.13
100.80
100.00
103.96
119.15
73.78
75.80
77.84
68.62
85.03
89.11
90.16
89.69
92.71
91.47
101.15
102.32
107.12
107.46
76.68
77.43
77.84
78.26
89.55
88.85
94.36
91.17
77.94
108.63
108.57
108.04
109.54
79.78
83.89
83.31
90.14
88.68
92.48
83.44
86.37
107.19
107.82
108.07
79.40
77.11
70.71
72.67
90.13
94.07
91.72
92.02
91.87
92.58
90.39
112.94
109.48
109.32
107.34
82.33
78.78
87.50
90.17
88.34
91.34
93.55
92.51
111.21
105.70
108.54
108.49
79.11
76.84
78.37
90.83
93.60
81.64
100.79
102.01
106.95
108.40
108.06
80.40
76.76
73.43
78.19
76.81
85.96
89.10
106.18
97.10
97.45
100.98
118.10
119.14
121.12
76.18
75.99
67.04
83.87
81.90
89.82
88.58
109.76
107.93
101.38
103.51
77.88
61.14
72.83
76.81
91.10
92.10
84.65
84.75
106.16
108.62
107.17
108.55
122.98
104.41
115.05
84.35
76.41
91.18
101.78
69.43
97.03
93.22
91.88
98.08
118.23
122.27
123.32
94.44
79.44
82.78
81.71
82.40
103.47
105.99
108.60
96.31
98.29
116.00
118.89
123.47
77.38
92.44
77.64
84.18
82.75
88.08
93.08
103.51
106.81
110.27
120.65
108.17
109.64
78.68
76.06
92.21
91.46
111.86
82.23
99.32
113.66
84.83
105.12
108.96
109.74
92.15
94.43
81.43
99.54
104.00
115.00
76.15
77.44
100.64
102.70
113.38
86.44
89.28
93.89
90.94
92.90
103.26
104.81
107.80
107.48
107.84
79.72
78.72
75.67
78.69
77.25
93.14
92.24
92.79
105.64
108.55
113.99
114.17
117.23
119.06
89.56
89.35
93.23
80.75
97.94
103.09
107.03
106.25
108.21
106.78
75.69
105.98
74.74
78.01
78.53
76.91
91.21
93.61
88.91
92.98
91.43
100.81
124.49
73.99
76.74
78.71
81.18
84.51
83.91
106.02
92.60
101.75
109.08
102.12
106.44
108.26
74.57
59.99
76.46
93.27
80.00
96.76
78.04
93.03
101.85
108.08
108.34
75.20
70.35
73.83
77.77
89.76
89.89
92.26
90.28
90.12
88.45
109.17
105.02
111.25
79.27
77.80
72.61
75.43
77.09
91.79
89.08
92.78
106.31
107.50
96.96
102.13
71.19
74.13
77.04
91.01
93.08
84.13
84.67
84.93
86.50
107.42
108.55
110.94
77.42
102.42
122.16
76.77
77.42
77.30
93.95
93.04
86.15
108.87
106.59
108.76
106.68
109.10
110.23
81.28
75.93
78.05
93.46
91.52
78.39
90.06
109.24
89.91
113.33
117.00
119.56
122.08
96.75
92.52
82.48
83.90
104.55
89.30
114.46
109.27
109.18
109.66
73.58
77.02
79.36
76.27
91.91
90.33
75.86
93.37
92.04
94.94
109.22
107.03
108.22
108.93
107.47
79.62
81.00
84.26
83.69
105.83
109.34
108.76
98.02
97.91
118.20
120.65
79.69
77.45
76.88
89.96
88.37
90.29
93.00
90.14
109.94
90.46
109.28
107.55
112.01
109.99
83.30
77.95
93.24
91.14
92.44
85.22
109.49
110.64
106.94
108.93
108.52
116.68
78.73
78.55
77.72
77.94
91.94
105.30
109.59
96.42
111.33
102.26
118.75
77.39
77.66
78.11
70.17
83.05
86.70
86.04
93.49
110.20
91.62
102.43
106.97
106.03
122.85
109.83
79.05
76.11
93.37
76.58
95.88
112.19
102.83
118.70
120.15
107.13
114.88
121.29
123.33
125.07
78.50
98.72
90.19
91.59
88.59
87.46
115.56
109.54
119.58
108.48
77.78
92.16
80.45
77.47
91.80
79.18
90.54
92.83
108.79
110.02
107.43
108.97
118.72
91.87
75.28
80.18
91.21
78.27
94.10
91.60
109.87
109.07
110.06
106.62
106.19
107.92
79.38
76.45
76.98
76.10
106.51
103.56
98.57
101.21
118.28
110.26
121.86
76.53
92.74
79.27
82.49
84.03
103.85
89.06
107.76
110.19
98.56
117.48
117.49
121.26
75.42
90.65
92.84
81.33
85.73
89.74
89.15
109.03
109.16
109.59
77.22
107.83
76.57
76.93
78.94
78.00
92.70
105.96
109.61
113.71
82.19
85.45
73.96
89.19
89.65
107.91
100.27
103.22
107.76
108.77
109.41
108.91
82.66
70.02
74.32
77.52
92.99
77.61
91.60
92.50
90.23
86.96
111.43
108.46
111.43
79.67
77.02
109.40
79.62
84.12
84.54
85.30
89.63
94.57
117.79
112.94
99.54
119.55
75.18
76.28
78.99
77.51
101.21
87.48
89.77
85.61
90.88
112.23
107.80
105.84
106.83
79.49
75.97
77.30
77.87
104.87
88.11
99.67
97.56
115.37
119.27
121.08
124.48
77.02
76.49
83.26
76.88
90.73
77.69
92.95
91.72
92.35
110.60
113.87
114.85
119.20
89.33
75.16
92.77
81.55
80.43
102.06
86.29
113.53
107.94
107.28
107.51
106.41
108.54
76.19
78.40
76.36
93.61
92.54
91.15
94.82
92.34
109.51
109.67
108.76
124.44
75.99
76.84
78.61
78.56
92.42
103.67
107.10
109.08
96.04
96.02
115.61
110.33
110.50
85.60
78.21
89.63
93.78
91.28
92.59
93.10
92.71
112.23
109.79
108.30
82.14
107.49
75.94
87.34
75.19
77.69
91.88
97.26
101.56
101.52
118.33
121.06
75.98
78.77
69.03
73.87
75.50
88.90
93.13
108.44
75.92
104.39
106.06
107.67
107.27
108.25
109.79
120.96
78.57
91.72
90.04
93.24
92.60
93.66
108.04
120.79
110.18
115.34
117.79
73.86
76.27
93.27
92.57
85.27
89.64
89.23
92.28
91.27
107.15
109.82
75.59
64.19
84.51
84.09
84.06
90.32
85.55
106.98
103.05
107.61
108.23
105.55
117.76
74.67
90.63
77.82
84.41
85.40
87.14
90.50
90.66
110.51
110.67
106.81
108.94
108.45
126.09
78.30
88.17
75.04
79.03
97.23
101.09
104.10
108.33
106.88
109.26
100.49
120.52
71.98
75.05
86.54
92.81
92.61
92.18
103.27
104.70
108.86
106.26
108.32
108.76
109.74
76.74
76.64
90.44
77.61
93.66
93.67
106.65
108.43
107.49
112.88
116.69
86.04
76.73
77.84
92.42
92.44
84.20
86.00
89.43
110.00
106.72
79.00
78.77
71.26
108.99
77.36
91.75
77.04
78.36
78.65
103.86
91.13
98.27
117.39
109.68
109.14
78.83
93.19
79.54
83.77
80.66
87.24
105.71
106.83
94.26
108.17
115.89
117.18
118.04
73.85
88.34
74.23
78.92
78.47
96.70
102.36
104.39
107.91
110.60
82.44
66.30
69.68
72.32
75.00
88.76
91.18
91.28
86.45
88.94
109.16
107.24
108.35
109.75
108.33
78.55
74.02
79.08
80.00
79.32
90.79
92.65
93.04
91.66
105.62
112.46
116.48
119.78
92.45
89.16
91.21
96.05
80.29
103.75
105.21
109.06
108.33
73.96
69.13
73.16
73.37
87.72
79.61
91.08
92.01
107.81
125.31
93.97
114.69
83.39
97.94
113.95
78.38
76.97
78.48
76.96
82.98
91.91
101.95
106.51
110.24
98.50
115.64
104.37
76.02
77.99
76.88
77.04
92.26
74.33
91.64
93.75
90.56
92.90
110.01
110.70
109.00
78.29
77.38
75.43
77.94
89.86
87.81
106.40
100.78
103.93
107.33
107.14
108.25
109.62
80.22
74.28
77.05
79.36
77.84
92.18
92.12
91.81
90.24
90.03
108.10
107.03
118.58
84.97
76.85
91.38
80.84
99.84
83.17
104.90
108.52
108.49
110.07
116.40
118.43
72.99
76.94
76.41
92.56
78.70
87.00
89.29
91.92
92.85
112.72
108.85
108.69
109.12
110.25
80.21
60.12
79.51
93.18
75.59
105.91
97.10
97.98
117.87
104.27
76.74
89.11
76.94
91.18
73.93
77.04
93.04
92.64
91.99
90.12
111.75
91.65
111.01
116.02
110.84
108.47
78.12
77.68
76.88
95.33
101.08
101.49
72.85
75.06
107.03
75.18
67.60
69.46
85.86
90.84
89.90
95.27
92.32
80.84
100.84
103.69
107.02
107.76
107.44
79.83
76.04
74.34
74.91
93.84
92.08
90.95
89.57
106.37
95.00
115.85
117.65
73.34
75.92
93.16
78.62
93.28
84.26
86.29
108.41
90.72
108.83
108.52
107.60
104.87
78.53
76.82
77.25
103.03
77.01
105.36
96.31
99.50
101.58
105.70
108.81
107.89
76.22
78.97
72.77
90.41
90.34
90.74
90.74
90.56
105.47
111.67
98.62
102.59
106.58
81.57
80.05
94.89
91.10
85.50
84.55
90.77
110.77
108.63
109.11
107.96
103.85
107.63
82.50
78.41
90.68
92.32
92.62
91.39
93.47
93.20
92.09
112.32
91.82
109.60
108.68
111.27
82.00
83.23
77.60
100.83
106.30
94.12
102.76
98.60
101.60
122.44
75.52
77.08
77.55
77.56
74.14
90.72
87.91
93.06
93.15
110.02
105.25
105.38
106.24
109.31
79.65
87.45
89.70
86.81
96.81
83.19
103.79
89.09
108.16
108.52
77.58
76.96
69.49
74.81
74.34
91.07
92.82
91.68
92.30
101.21
104.09
106.74
108.90
79.55
62.35
76.39
77.83
74.13
90.28
85.95
78.16
109.79
92.06
109.06
106.09
108.13
109.75
81.64
76.91
78.81
77.92
85.57
103.72
105.29
109.19
109.55
109.00
109.89
78.28
101.67
101.46
77.93
85.14
87.14
92.91
92.63
101.01
104.74
108.56
108.10
109.19
79.74
62.15
79.24
75.74
76.35
79.09
92.78
93.90
108.23
108.94
89.93
111.14
107.96
109.40
77.50
77.16
91.00
94.47
110.18
94.15
113.08
106.70
119.33
92.30
94.02
80.24
84.61
85.60
107.72
107.84
109.89
109.34
116.27
72.95
75.92
77.06
90.64
92.82
77.58
93.81
92.02
92.53
91.52
91.62
120.67
122.87
76.51
77.58
67.73
84.56
84.15
86.47
107.87
91.37
98.65
99.66
117.92
74.01
76.47
77.22
78.63
91.07
74.84
90.73
91.99
94.79
92.69
110.21
107.08
103.36
106.01
76.37
77.11
79.27
76.92
77.97
91.59
92.99
97.47
99.99
103.94
75.34
108.31
77.82
113.91
117.54
82.52
89.30
91.92
93.04
93.17
87.59
106.50
107.96
106.73
109.08
121.19
108.76
118.47
74.44
95.53
76.82
91.73
94.31
92.05
112.09
77.07
61.94
63.19
70.60
84.35
84.81
90.16
93.76
96.24
99.66
103.49
104.50
107.55
78.57
77.41
66.11
69.48
84.29
88.07
92.05
91.07
92.44
89.02
107.41
106.87
112.24
118.76
74.93
78.10
78.09
67.24
86.75
84.98
88.58
93.66
103.62
107.54
104.08
106.71
108.58
109.36
82.01
78.17
78.39
76.67
77.41
78.16
97.89
100.77
74.04
106.69
75.95
66.35
66.85
85.64
84.08
89.22
91.98
89.70
87.56
89.78
107.55
109.76
109.24
108.28
81.38
77.03
74.16
75.61
77.68
93.66
92.76
91.99
90.16
92.86
94.72
116.38
118.03
122.14
90.59
76.75
92.94
81.87
85.16
105.59
106.76
108.13
107.35
109.58
107.52
107.43
114.23
119.81
93.12
91.11
93.22
81.29
102.01
102.01
107.30
106.54
107.21
75.21
76.56
105.80
77.22
91.64
78.47
91.86
94.14
91.78
92.34
111.61
101.69
73.22
108.76
92.77
77.75
77.78
85.46
71.80
88.50
91.83
91.50
92.37
111.16
105.90
106.05
107.51
79.29
70.46
87.80
86.44
94.67
98.70
101.48
102.13
105.68
107.73
108.33
78.50
70.94
74.58
78.16
91.02
91.48
92.86
92.33
90.16
94.22
98.85
121.35
118.89
73.65
88.34
76.90
70.97
84.13
89.75
88.02
91.03
114.36
110.40
100.58
103.86
73.45
78.42
77.50
77.07
77.75
91.86
91.73
91.20
94.03
111.66
110.42
120.83
75.35
77.84
65.14
85.57
130.81
90.90
142.70
159.01
114.81
107.99
150.30
140.24
93.11
95.18
95.48
118.11
93.00
117.36
90.94
113.87
82.88
106.39
106.96
104.35
108.79
94.16
116.54
109.12
78.37
77.11
93.58
87.36
92.47
89.54
70.44
62.96
62.25
61.81
104.83
106.15
81.59
79.56
92.20
94.01
91.01
86.71
84.18
107.71
107.69
107.24
107.52
89.56
90.80
111.34
83.02
83.11
102.90
104.90
108.33
110.36
97.05
101.24
76.53
74.10
75.79
76.51
79.18
75.22
73.98
90.85
94.63
94.04
104.87
107.22
120.62
117.93
118.95
121.94
85.19
89.36
89.24
91.01
93.42
90.40
91.75
111.46
107.27
110.29
110.05
78.67
98.02
116.42
87.67
113.75
85.02
105.10
89.18
109.85
97.53
100.41
119.74
121.60
75.26
76.59
76.48
75.39
77.02
81.28
100.55
102.17
106.37
108.16
77.08
79.14
65.87
82.92
72.57
76.75
94.82
93.30
93.89
96.70
101.94
104.69
109.59
77.39
75.90
77.82
68.60
86.03
84.33
90.08
94.18
92.19
108.40
102.38
82.45
107.18
108.52
79.49
77.73
76.91
90.99
77.11
93.89
94.94
102.31
103.74
107.79
76.84
111.23
111.54
114.85
108.77
92.14
90.13
87.97
92.46
82.58
105.16
103.65
108.20
109.99
80.72
76.37
70.73
74.92
77.10
89.98
91.51
93.42
92.62
104.26
104.54
106.67
108.27
106.22
76.96
76.30
63.14
78.07
79.65
83.98
83.70
107.35
108.60
108.62
97.48
115.34
117.91
119.95
75.51
91.62
93.17
93.80
83.67
85.73
88.29
112.19
108.28
108.28
107.46
106.80
75.90
83.68
83.85
87.62
93.32
92.09
113.69
102.04
104.70
106.27
106.82
106.77
108.94
81.48
85.69
76.31
90.25
94.93
88.55
105.45
90.97
110.27
108.13
113.14
81.52
69.39
89.59
92.48
91.52
83.45
87.65
108.80
107.52
107.93
109.60
108.27
74.23
107.54
78.99
76.89
76.98
80.09
78.92
90.80
90.96
110.15
91.86
109.99
108.74
108.19
74.47
78.18
83.51
81.71
83.75
106.40
108.98
92.89
101.59
102.70
104.88
74.56
76.30
76.67
78.57
91.35
88.29
88.39
96.89
103.42
89.06
109.06
107.71
98.86
73.18
72.63
75.10
88.35
93.11
91.07
84.61
101.26
105.48
108.08
106.24
109.58
79.44
77.68
71.47
76.64
88.19
89.64
94.29
107.32
92.91
103.92
107.46
107.42
78.13
108.60
123.05
78.17
78.68
90.92
92.24
97.70
102.14
94.48
89.39
108.23
113.69
114.98
103.08
78.28
78.00
80.28
91.20
94.94
82.92
84.37
107.97
106.30
109.63
108.98
77.52
72.03
75.25
76.82
93.35
93.67
91.39
89.31
91.56
89.22
96.11
117.44
119.43
76.96
77.08
77.13
85.25
90.02
78.67
93.74
91.95
91.22
91.46
111.32
111.80
117.78
86.33
76.63
78.97
92.91
91.19
85.99
88.40
87.96
112.18
106.44
110.52
108.28
106.59
79.23
90.31
87.03
77.43
90.74
92.92
111.75
90.07
88.24
111.66
107.22
122.35
124.01
87.36
110.04
78.31
101.08
93.11
102.54
106.82
109.73
94.04
114.24
101.12
121.48
76.04
78.29
92.00
91.46
83.68
103.96
89.66
92.75
108.48
109.86
107.04
106.34
73.95
79.68
77.68
78.86
92.05
94.36
92.26
104.77
107.32
111.84
80.98
109.78
124.52
79.70
74.42
90.03
89.31
92.33
91.87
102.63
109.00
104.62
106.01
109.63
78.24
77.53
78.83
77.45
77.37
89.57
88.15
93.88
94.75
90.22
111.38
108.11
106.51
110.24
113.21
84.05
73.83
90.66
96.83
91.80
94.07
91.31
107.62
107.29
108.24
109.01
78.89
77.19
66.27
84.24
83.09
104.28
88.95
113.52
78.33
99.11
117.41
118.18
120.51
79.10
92.93
92.23
85.41
88.26
87.68
93.15
109.94
108.50
93.04
107.59
76.97
62.83
78.92
92.36
90.29
90.34
94.09
96.65
101.36
105.30
106.58
78.15
108.55
77.02
73.23
74.06
88.84
92.81
93.08
92.20
93.53
107.61
107.13
107.66
107.62
108.94
110.09
90.38
87.95
80.07
83.98
84.13
104.11
105.95
108.32
109.28
80.35
66.54
67.27
84.37
74.70
79.38
76.47
93.26
94.79
79.21
98.92
118.49
106.64
114.63
86.73
65.87
67.20
84.64
83.90
88.99
94.50
108.26
99.30
99.63
100.70
108.28
73.85
75.58
79.42
75.60
73.47
87.68
90.61
93.30
91.05
108.38
108.09
105.32
76.63
65.25
78.61
85.18
78.55
78.37
76.50
95.67
98.77
101.73
105.57
107.96
76.93
77.76
68.68
72.00
75.30
91.06
91.09
92.19
94.46
85.98
106.08
106.88
108.64
105.75
106.15
106.70
76.80
78.05
76.64
97.61
92.98
92.26
103.57
116.66
97.14
99.06
118.25
86.05
83.83
75.45
92.84
93.74
82.06
84.62
103.80
104.89
108.19
77.99
78.21
70.34
71.45
74.27
88.23
88.82
92.61
107.93
92.91
90.03
110.05
106.56
108.46
107.67
77.37
79.14
105.84
76.79
94.95
93.74
91.84
92.53
93.20
109.90
105.62
108.36
77.72
76.06
60.87
78.97
92.29
90.23
89.67
90.92
91.17
102.23
119.15
76.30
65.33
63.90
83.43
72.20
89.40
92.63
93.13
92.13
103.52
88.96
113.42
108.88
106.01
109.16
78.40
74.02
76.34
76.35
93.79
93.19
90.18
108.77
108.12
94.85
113.30
118.17
120.18
122.13
83.32
76.06
79.57
81.82
89.10
90.94
110.49
107.26
106.67
102.45
106.90
78.22
79.33
77.06
77.71
91.86
92.29
91.44
94.36
93.51
93.03
110.67
110.14
81.14
77.37
76.42
87.15
92.46
77.68
93.08
92.06
88.22
110.24
109.08
109.75
78.69
107.91
123.74
90.32
80.17
80.78
82.46
104.36
87.14
110.60
110.69
97.13
115.78
116.92
120.62
89.98
89.29
92.23
91.08
86.01
87.82
117.61
109.25
107.54
116.52
107.27
114.51
109.88
78.55
75.70
93.20
79.98
77.48
91.47
104.33
111.24
116.70
120.35
121.82
122.73
93.17
70.15
82.32
86.32
104.02
107.83
107.57
109.68
97.86
117.68
120.08
121.80
77.64
76.96
91.63
103.55
75.60
98.32
120.07
91.69
92.40
91.51
111.72
111.21
120.97
73.87
76.63
78.78
93.99
91.10
78.15
91.30
95.92
99.06
103.20
74.17
77.71
77.75
78.11
71.56
88.86
88.52
87.96
106.81
91.89
107.61
88.20
106.96
78.41
77.53
77.95
79.63
76.64
93.76
86.24
89.86
95.88
90.48
107.36
109.46
109.55
105.79
109.02
107.94
79.11
79.06
93.34
90.98
91.14
88.87
109.38
108.49
93.21
113.67
106.81
73.62
78.85
78.71
78.32
78.27
101.78
106.80
108.28
97.37
117.37
104.48
74.20
91.19
79.30
79.10
91.89
87.28
89.96
88.48
93.39
78.95
90.87
109.91
119.43
107.33
79.65
78.86
77.01
77.78
77.98
90.63
92.21
93.50
112.96
92.74
108.71
110.01
108.65
110.25
85.64
78.54
82.85
73.14
92.89
92.87
92.23
89.47
107.69
115.72
118.75
84.51
75.22
78.08
82.01
83.89
88.75
89.43
112.51
91.74
108.87
78.08
70.25
76.14
89.47
76.71
91.35
92.17
89.58
89.89
91.17
97.92
102.70
74.74
77.39
77.20
82.34
82.87
72.65
89.56
93.79
92.25
100.12
101.22
104.66
108.25
109.08
110.14
80.47
77.56
79.73
72.97
90.52
93.58
90.61
94.14
91.46
112.42
106.39
124.30
75.48
78.04
59.56
76.80
91.80
77.72
82.13
101.06
102.10
105.05
107.65
78.61
77.21
72.16
69.82
71.79
90.64
90.99
91.54
110.14
87.11
107.19
108.95
110.63
108.15
107.07
78.38
77.21
76.96
77.33
98.06
93.57
92.73
105.26
109.36
109.50
83.93
85.10
83.08
87.13
89.76
114.02
108.80
98.76
118.83
118.71
120.93
76.61
75.24
91.87
83.29
84.88
104.09
107.45
92.13
93.59
110.46
104.96
107.96
77.74
63.06
77.77
79.08
90.51
90.87
93.82
94.22
109.77
108.39
118.66
121.06
76.66
64.47
79.83
77.79
77.25
92.75
104.74
108.51
96.18
95.42
116.34
104.20
77.81
90.08
76.77
93.49
83.46
83.91
85.70
87.88
111.43
108.16
108.88
106.15
109.36
80.37
79.20
78.08
77.92
91.72
93.07
91.38
94.14
93.91
109.97
109.75
107.63
123.16
111.10
82.90
81.91
82.99
84.73
87.48
110.68
95.06
112.75
101.53
120.70
106.47
75.28
78.74
78.19
71.88
87.63
88.88
89.20
90.99
93.70
110.03
104.41
89.13
115.92
106.35
77.52
75.97
78.48
91.87
78.97
100.80
100.04
102.87
121.85
75.46
62.71
77.62
79.49
67.86
85.00
89.93
88.36
107.60
106.48
100.96
104.21
106.29
76.49
78.32
76.35
76.64
75.23
91.06
92.16
92.29
90.76
92.90
92.12
91.76
114.22
110.90
109.14
82.55
89.40
88.12
77.64
92.12
92.92
91.92
92.10
92.69
93.32
121.69
109.14
112.98
118.37
119.39
90.31
89.41
90.79
93.17
85.78
84.08
107.38
109.57
109.86
80.21
78.47
71.83
83.82
88.60
88.54
87.69
108.32
108.84
107.84
104.39
106.19
75.75
63.00
77.93
77.67
78.32
91.48
87.75
96.55
101.80
106.20
111.79
109.23
81.28
115.60
88.84
76.43
88.12
91.68
90.67
91.01
103.77
108.58
107.94
108.26
110.35
76.46
77.88
79.56
76.54
76.45
94.20
93.29
91.46
106.84
108.11
94.10
114.82
116.52
120.77
122.13
77.52
93.21
80.18
85.63
102.59
107.12
107.60
106.94
109.62
100.33
73.58
108.92
79.09
77.52
77.50
77.83
92.10
87.51
90.26
86.65
114.44
108.15
109.04
108.16
119.51
87.95
77.30
92.17
76.60
91.47
93.20
108.20
112.60
83.46
83.87
83.96
104.51
108.38
109.04
96.76
100.71
121.09
75.03
78.15
60.01
76.39
77.86
74.52
89.14
75.20
78.40
102.60
96.15
124.26
109.87
115.14
116.32
117.95
90.09
89.53
87.80
79.21
83.57
84.74
105.00
88.85
115.60
110.56
98.59
72.76
69.74
72.38
84.75
88.39
88.79
92.27
97.89
101.11
104.49
104.72
106.99
80.31
77.33
77.17
74.13
90.07
91.06
93.28
94.22
92.82
108.10
107.48
108.54
114.71
109.39
90.44
74.54
89.92
79.53
83.00
84.68
86.16
108.29
109.00
108.52
108.79
75.11
75.72
74.63
76.57
77.23
92.70
80.46
91.87
88.71
108.00
107.79
108.24
106.34
106.87
80.46
62.50
78.70
77.89
86.95
104.56
108.52
102.19
105.77
115.79
103.12
76.30
76.62
77.27
88.23
93.34
81.28
85.48
84.31
104.14
95.86
105.60
81.33
61.70
113.42
117.40
120.63
94.79
92.86
91.38
84.32
86.50
86.53
113.52
108.61
110.20
78.55
78.96
73.80
76.20
92.31
92.10
90.81
91.65
91.65
99.49
110.95
113.81
117.14
119.90
124.69
97.10
91.80
83.84
83.50
106.21
106.37
107.49
106.97
107.84
108.38
108.13
114.63
81.33
77.69
79.56
76.40
92.04
92.23
93.48
92.62
116.64
108.08
109.12
108.39
108.96
86.21
84.57
89.13
90.85
108.00
110.09
97.88
102.64
102.56
104.68
82.48
91.41
85.77
78.21
81.82
84.27
101.27
103.93
106.92
107.25
107.40
115.45
103.65
76.64
76.40
76.43
76.51
76.84
74.26
88.30
92.14
92.88
113.37
120.00
76.68
77.25
67.92
72.47
74.81
91.11
92.57
91.82
93.04
105.87
103.92
106.09
108.10
108.85
76.11
77.53
72.37
74.22
90.73
76.26
91.04
91.00
91.06
93.59
108.45
111.27
115.83
119.56
92.85
89.18
90.24
100.81
76.11
98.02
124.55
97.30
103.27
76.12
75.52
78.14
69.38
73.76
76.10
77.20
92.50
92.47
92.08
88.67
109.11
91.46
109.75
118.29
121.26
77.23
92.72
106.29
84.09
105.06
78.12
91.66
91.03
106.92
108.53
104.92
107.90
109.17
78.30
77.13
78.62
77.55
76.41
90.74
98.01
102.92
105.96
108.13
107.76
98.83
99.57
72.93
75.22
77.37
78.98
92.86
91.31
101.90
104.97
105.59
88.89
73.09
109.51
108.25
73.86
84.34
90.58
89.66
88.87
91.33
93.85
92.14
109.73
107.17
74.99
61.75
78.03
78.25
77.59
92.59
89.15
89.68
91.71
92.86
90.47
109.26
108.01
110.81
109.30
81.45
77.17
76.82
91.19
92.35
81.49
100.02
101.17
101.94
74.13
76.49
78.87
80.79
65.82
83.52
83.30
89.03
89.69
87.39
91.62
101.16
105.46
73.78
75.23
79.14
77.63
76.79
85.03
85.74
87.34
91.94
91.60
107.64
89.50
106.86
107.79
106.96
113.15
81.04
87.82
89.24
92.61
81.26
85.38
105.47
88.76
108.05
107.11
107.52
106.92
109.50
81.92
78.48
80.38
94.31
94.47
93.80
85.20
103.91
106.07
108.06
78.96
79.21
79.26
70.86
71.69
86.58
86.48
107.06
92.08
109.88
108.86
104.24
107.27
79.62
77.71
76.69
76.69
76.94
76.55
81.12
99.19
103.59
104.81
73.11
76.86
60.18
66.13
67.19
70.07
83.02
91.40
92.52
92.53
98.96
100.28
103.52
105.98
76.30
76.99
78.09
75.72
72.41
85.93
89.47
91.65
92.21
92.78
111.37
106.78
108.93
108.73
108.85
79.23
89.98
88.20
80.19
83.06
85.00
88.60
107.55
107.94
108.23
75.52
71.13
108.19
77.63
76.86
77.33
78.16
99.81
89.80
89.50
96.09
102.23
106.18
110.28
80.59
76.19
85.27
73.00
91.13
94.22
90.91
92.72
95.62
108.09
105.81
107.42
78.48
79.99
78.40
93.61
85.71
84.61
85.61
88.13
110.51
108.55
106.38
109.82
105.02
76.24
75.82
79.52
76.87
76.91
90.11
90.38
94.59
93.39
109.01
107.19
108.38
74.87
96.00
78.73
85.12
84.43
89.28
88.25
108.63
111.43
100.19
101.96
105.55
76.28
106.82
123.01
76.95
76.41
75.27
92.05
92.14
93.67
90.05
106.38
106.39
113.27
117.02
72.42
88.07
89.22
91.65
90.07
87.78
107.01
93.02
109.11
107.04
109.72
106.86
108.22
77.43
75.60
84.05
82.91
103.83
108.96
107.63
98.00
100.26
103.02
79.80
78.99
79.28
76.83
85.33
84.10
87.75
87.65
90.70
110.96
108.94
106.71
108.97
111.78
108.59
79.39
79.26
92.15
88.84
96.27
99.98
102.93
106.38
106.51
108.62
109.20
75.13
72.75
76.20
77.43
77.66
78.18
79.10
93.62
91.99
94.53
101.27
119.04
120.76
77.98
92.91
92.58
83.40
83.95
87.59
88.74
114.03
111.87
110.17
115.63
117.05
121.50
75.88
77.88
76.40
92.21
86.21
91.72
94.84
90.62
106.34
108.23
121.55
75.93
64.46
69.15
72.40
90.39
94.15
93.77
93.32
84.03
106.47
103.46
106.42
76.29
77.54
78.74
78.18
86.13
84.53
89.24
109.41
90.60
110.69
110.59
102.21
107.67
106.70
106.80
79.02
78.71
76.65
91.84
94.52
91.01
91.50
91.60
112.81
123.12
76.44
64.39
67.81
70.52
73.77
88.40
86.02
92.15
82.80
82.44
104.32
74.69
60.91
107.35
109.35
77.86
76.73
78.58
99.05
77.94
77.82
94.45
111.97
106.10
109.08
114.99
119.64
88.10
88.37
91.61
80.31
83.35
79.13
101.66
106.54
107.46
108.27
80.56
101.08
117.25
87.62
74.38
87.32
90.91
91.84
84.52
88.95
108.21
107.30
109.61
107.46
76.64
74.94
76.70
76.47
84.78
85.70
85.45
110.79
108.53
99.28
102.00
120.39
124.03
107.75
79.06
76.94
72.13
88.16
92.73
92.15
91.81
92.39
124.49
77.83
64.61
66.29
69.70
72.78
87.42
85.13
76.62
85.76
85.95
105.06
107.31
107.06
107.04
116.15
120.49
123.14
78.45
77.52
77.78
91.22
91.13
92.26
90.67
108.82
108.79
110.25
109.18
109.12
77.16
76.43
78.30
76.71
93.06
91.35
92.07
123.70
95.62
114.41
116.88
119.67
91.25
74.89
77.43
92.31
83.78
82.36
82.00
108.53
108.67
105.99
111.31
84.39
69.52
72.02
73.14
91.14
90.02
91.97
109.91
84.56
103.36
107.12
109.74
106.63
82.71
76.21
71.73
73.83
91.65
90.84
92.15
92.59
110.13
92.17
109.46
107.87
110.57
110.73
83.03
76.99
78.64
80.18
97.30
98.93
100.34
103.16
106.04
108.25
79.05
68.31
72.65
74.20
91.39
75.87
92.07
92.52
87.55
89.70
92.57
109.37
77.82
106.27
75.22
61.65
78.67
82.72
101.46
90.29
92.91
108.83
92.40
104.65
105.12
109.98
108.91
76.89
78.55
80.08
83.02
84.79
88.18
93.64
110.17
109.64
106.64
102.31
105.37
108.59
83.72
77.53
93.38
76.91
92.23
89.29
105.81
87.61
92.99
109.93
77.95
62.40
78.21
76.67
82.42
83.44
82.27
106.68
107.79
107.43
82.27
105.23
74.80
74.06
75.98
77.96
77.88
84.06
85.67
88.63
92.68
92.42
92.31
108.43
105.98
108.45
113.19
117.44
120.10
77.35
94.59
92.94
103.26
82.30
101.17
105.20
73.66
108.58
108.31
74.40
72.50
76.16
78.04
78.94
90.91
79.37
90.52
107.50
83.28
106.87
77.38
96.97
117.40
76.89
77.25
74.48
77.03
76.43
99.54
101.91
105.43
109.13
77.75
63.96
68.30
85.02
71.31
90.19
89.09
91.71
82.13
83.46
82.82
115.43
108.86
106.83
80.44
79.27
71.97
75.68
77.22
91.08
77.24
91.78
93.26
90.33
108.20
115.40
118.25
120.56
76.60
77.27
89.83
85.01
85.41
89.92
91.77
91.79
106.76
109.12
106.44
110.23
81.31
62.37
79.05
77.51
77.08
76.99
89.96
93.30
91.32
100.92
106.45
108.30
79.79
81.15
68.30
84.31
84.98
90.63
90.60
92.74
105.42
104.37
105.68
105.20
108.70
84.35
77.59
71.14
74.46
90.46
91.16
91.39
94.20
90.52
109.94
109.32
109.10
110.06
109.56
86.38
77.36
92.93
74.90
89.83
87.50
91.77
94.66
109.37
110.52
104.01
106.45
108.85
79.96
79.46
93.58
91.92
93.06
96.70
108.47
109.65
107.50
108.55
108.98
122.45
81.05
81.04
84.98
84.57
89.08
107.19
108.36
109.84
98.16
104.13
107.58
80.40
62.47
76.68
77.70
75.38
88.41
92.23
92.56
108.22
103.51
76.48
77.76
66.97
68.91
84.12
89.14
89.79
92.36
92.87
101.20
102.28
103.71
108.97
106.28
108.41
78.75
60.81
74.47
75.75
75.87
91.97
94.32
92.53
94.03
110.86
110.57
115.78
119.16
121.11
93.91
93.18
81.28
83.24
82.53
90.47
106.62
106.60
109.34
109.19
103.29
74.49
75.69
77.97
92.01
76.57
92.35
91.01
92.66
93.65
94.05
114.39
107.57
109.11
106.00
79.59
76.46
83.26
93.34
93.38
92.62
91.37
92.50
110.18
115.70
119.07
75.05
76.34
78.71
64.72
83.67
83.44
89.58
108.55
107.56
105.93
104.11
107.15
76.07
82.38
69.66
74.88
79.06
80.05
92.15
90.52
99.21
102.17
72.19
74.87
77.04
77.02
66.20
82.57
82.36
90.33
108.13
92.41
93.04
82.62
101.83
106.43
108.42
81.76
77.70
92.02
78.69
89.12
89.80
92.22
94.46
89.97
92.38
107.00
108.03
76.54
61.12
109.04
89.44
73.65
77.53
91.69
85.40
94.80
93.30
110.21
109.52
106.61
108.41
78.36
76.81
78.78
74.55
88.43
81.99
108.56
94.73
100.10
117.26
104.19
117.70
85.31
74.58
81.74
82.90
86.90
86.47
86.22
100.52
109.98
84.92
102.31
106.27
117.26
107.15
118.19
89.50
84.60
78.50
78.90
92.49
93.44
103.23
106.43
120.21
76.57
62.82
69.91
75.28
83.28
91.87
92.40
91.28
91.75
92.92
95.23
106.03
119.98
82.72
83.66
80.03
68.32
87.98
84.66
93.59
91.95
103.59
112.47
104.88
107.77
109.58
120.30
121.67
75.68
74.81
77.08
91.97
92.69
92.87
92.33
92.73
107.25
105.54
107.44
118.14
78.00
72.84
78.23
90.04
83.69
94.49
100.23
104.02
105.05
107.73
109.71
108.26
71.96
73.51
74.54
89.83
89.68
91.67
91.53
92.69
108.02
107.48
109.37
109.20
80.11
75.42
78.15
78.07
78.17
95.87
78.58
92.57
93.18
90.33
78.35
78.82
80.50
90.67
91.55
92.69
92.06
91.37
113.81
113.21
116.31
71.62
76.28
77.75
91.64
84.81
85.34
85.55
86.38
91.41
108.70
109.11
108.82
110.27
113.28
78.34
69.89
85.52
87.21
86.54
100.35
102.26
106.20
108.71
108.62
109.33
82.97
76.06
73.88
75.35
90.10
94.16
90.92
111.96
91.38
103.05
104.16
75.20
77.10
77.95
75.81
75.25
88.02
90.01
90.70
93.93
92.84
109.15
106.63
109.73
106.73
79.51
76.88
75.93
76.33
88.83
89.41
100.85
99.23
102.63
105.87
108.88
81.84
78.08
77.78
84.89
70.94
84.90
90.30
91.88
111.13
91.65
104.86
108.24
90.73
107.88
84.81
73.68
77.27
78.81
80.87
83.26
82.75
106.43
106.57
110.15
108.91
97.14
118.66
117.78
86.53
83.12
91.10
90.50
83.36
99.06
106.63
93.01
111.41
110.11
78.88
78.56
73.47
76.69
77.77
93.31
91.92
104.74
106.46
95.74
115.14
117.12
119.39
123.98
80.10
91.35
77.52
87.09
90.43
90.12
109.33
108.58
90.34
110.03
104.39
105.17
76.98
78.19
77.40
78.17
90.18
89.41
89.58
92.65
91.88
90.83
110.03
107.98
108.96
77.99
76.89
83.46
76.32
88.57
106.13
108.37
95.64
97.94
115.71
120.30
73.39
77.24
77.14
79.79
82.64
84.31
82.22
89.54
109.79
108.08
108.61
102.17
121.14
107.28
79.15
80.00
77.81
94.12
70.90
85.47
89.93
88.29
110.87
107.69
108.87
107.67
110.39
86.34
78.24
86.52
91.33
87.18
91.86
101.03
100.77
103.35
106.48
110.20
77.04
77.13
91.24
87.36
76.74
93.15
92.57
92.76
91.69
104.17
68.73
97.79
116.35
109.64
108.11
79.67
77.47
77.66
92.37
94.61
93.35
93.97
92.49
113.21
108.32
109.91
78.07
60.81
76.72
77.10
93.22
90.93
92.67
94.45
99.95
72.69
71.73
74.76
76.68
93.49
66.47
70.30
84.67
86.12
90.44
108.73
107.53
101.35
103.19
105.21
77.94
77.08
78.60
94.08
92.67
88.80
87.41
108.50
91.20
110.08
109.31
108.63
106.62
107.55
106.65
82.04
92.55
76.80
91.25
77.48
94.19
108.90
107.66
116.92
120.66
77.64
89.66
63.85
83.57
83.77
89.44
89.27
107.60
103.67
98.50
102.22
105.25
77.25
78.25
77.52
76.73
106.80
75.77
98.18
72.66
93.88
76.69
102.90
107.51
79.74
62.97
67.69
70.83
75.30
92.03
92.94
90.08
84.63
84.16
105.49
107.57
92.11
111.54
77.42
62.12
72.40
75.96
76.69
77.56
92.58
94.09
90.86
90.39
110.63
114.41
116.47
121.35
74.54
89.67
90.88
85.11
85.01
88.11
92.33
92.00
93.52
111.71
106.53
110.36
78.37
77.39
77.11
86.24
89.33
108.88
97.29
99.69
104.72
121.16
75.97
76.27
110.14
115.87
86.86
85.06
89.17
88.99
108.32
92.20
103.21
86.23
108.47
108.07
114.34
106.71
77.71
75.89
79.07
84.32
82.29
89.03
107.31
109.42
109.04
116.07
115.47
118.61
72.13
91.30
77.56
76.64
83.94
84.14
89.55
93.99
91.87
112.27
109.90
110.05
75.02
76.65
78.98
78.62
77.81
80.72
92.35
101.60
89.37
91.94
109.97
115.14
106.33
110.00
92.36
73.26
90.02
79.99
92.38
93.49
94.03
90.11
110.07
111.27
114.16
116.84
79.70
79.56
74.66
86.57
81.92
102.07
83.37
108.33
107.55
106.51
108.41
73.27
76.58
78.30
77.33
91.29
89.22
106.49
96.89
98.86
118.64
117.59
121.02
77.97
75.19
77.91
70.19
75.03
78.94
93.29
93.02
91.74
104.22
94.75
99.74
102.55
73.80
76.55
77.28
77.85
90.82
86.52
90.22
107.68
92.32
109.33
107.52
104.69
75.65
74.66
73.89
78.08
217.08
112.92
99.40
102.47
100.86
142.77
131.56
130.51
143.43
121.06
111.61
106.02
142.00
131.59
127.38
111.00
108.98
108.05
105.31
98.53
98.25
131.41
128.59
123.15
114.10
107.92
104.57
144.61
136.16
134.70
127.81
125.07
122.62
124.04
121.92
134.38
118.39
151.08
138.91
130.77
202.70
159.86
109.39
123.81
90.93
103.03
116.63
89.78
128.08
83.65
113.22
78.38
109.36
82.50
108.99
82.34
110.19
83.13
92.86
115.24
93.42
121.83
91.06
119.14
94.71
118.44
88.94
105.13
76.40
99.88
76.00
98.98
71.98
91.64
112.92
88.48
107.02
80.92
109.71
118.97
92.77
94.84
70.05
61.75
76.76
71.94
73.56
123.20
91.77
90.40
92.36
93.71
99.06
101.70
107.38
106.63
108.83
84.35
77.05
79.03
73.92
90.11
92.93
91.79
102.26
108.44
109.63
112.36
99.16
77.60
72.18
76.12
87.97
77.26
90.79
88.59
88.93
92.54
109.27
112.09
109.00
78.26
103.12
75.15
76.79
90.96
91.40
91.17
91.35
106.68
89.54
94.49
69.44
107.41
109.97
107.81
108.25
75.95
76.10
94.81
80.10
90.44
92.58
229.72
121.63
124.23
123.63
123.38
128.27
118.33
104.98
118.56
123.86
89.99
99.23
108.84
112.73
109.64
111.79
118.17
129.88
93.04
101.61
112.61
109.92
146.24
142.39
131.40
129.33
133.82
135.02
115.48
123.84
129.13
133.18
137.67
92.98
94.39
95.60
141.41
128.97
133.12
131.93
133.97
135.03
92.88
98.41
103.64
108.77
102.57
99.12
97.24
98.49
100.21
101.69
104.20
102.72
146.37
139.75
109.81
132.95
121.33
158.20
130.76
115.02
106.76
105.01
152.93
139.26
98.52
149.35
137.10
131.88
121.49
107.98
147.53
141.64
131.90
119.58
148.69
231.81
180.83
95.89
110.01
122.43
92.21
111.85
81.73
100.43
73.14
97.93
119.08
92.88
81.75
82.24
106.88
132.18
141.75
103.62
73.91
107.51
129.76
106.08
122.39
86.12
110.32
83.89
111.20
76.74
102.66
78.34
98.76
108.53
87.43
111.86
83.59
106.80
84.28
109.20
76.24
98.03
111.10
80.02
103.43
79.85
103.68
73.98
95.92
92.03
107.31
109.09
80.59
76.06
85.01
85.87
90.94
90.54
77.99
82.56
101.53
106.06
109.03
107.69
77.25
78.11
71.78
75.04
76.33
77.98
93.12
91.13
78.49
89.51
88.73
111.63
92.73
109.08
108.93
109.74
76.10
78.15
80.22
84.32
104.94
106.02
108.43
106.70
115.75
99.03
106.38
80.59
78.43
90.08
77.28
86.99
87.08
89.32
92.80
92.10
111.51
122.67
123.67
76.51
69.47
72.18
74.88
89.59
90.94
92.81
82.93
85.62
88.72
113.69
108.08
109.69
82.93
77.17
75.30
80.85
83.59
83.36
89.27
110.85
108.11
97.53
99.26
103.23
79.20
75.92
74.92
91.97
71.51
89.77
89.87
88.62
92.89
105.97
107.89
106.40
108.00
108.65
80.74
78.55
75.33
76.73
78.20
90.71
108.51
93.37
93.52
108.71
109.61
109.17
76.81
76.62
88.03
82.36
101.27
73.07
104.99
107.70
97.12
99.87
119.56
106.53
82.38
77.52
80.08
90.92
74.14
89.86
88.27
90.48
110.11
110.05
108.19
75.18
60.33
66.30
70.52
90.70
92.78
90.25
86.37
82.65
82.47
116.43
106.24
107.63
110.17
83.34
72.50
90.84
88.89
91.16
100.67
106.17
108.35
95.38
94.20
110.86
107.78
118.81
90.61
77.30
92.65
80.10
82.85
82.67
83.72
108.26
110.17
106.15
116.48
118.03
74.10
76.66
92.09
78.14
78.70
86.71
91.30
91.90
91.67
109.63
92.41
115.00
78.48
108.07
111.95
77.32
77.06
87.38
107.79
94.27
98.11
98.70
101.84
75.98
75.88
79.18
77.27
75.17
86.13
76.13
90.70
91.81
89.55
93.20
109.92
106.49
77.95
75.92
77.65
77.77
87.81
90.40
79.35
82.53
99.99
105.22
105.70
107.27
107.70
78.36
72.47
75.23
76.78
77.55
78.00
93.33
91.70
106.63
83.22
106.65
76.44
97.10
107.61
119.71
92.00
89.57
79.49
83.14
69.86
84.28
81.98
108.32
107.95
98.26
100.41
74.13
74.22
89.62
77.79
78.86
84.45
84.42
90.32
107.87
92.14
110.77
107.99
108.25
108.46
109.53
77.87
76.87
88.44
90.36
108.99
110.20
113.39
116.28
86.52
74.16
78.49
91.14
100.58
100.07
102.89
106.90
107.61
77.41
78.66
79.22
69.56
71.57
76.34
87.33
93.15
90.78
94.14
102.34
92.84
94.41
118.27
110.64
108.51
78.93
92.71
78.96
81.39
82.09
87.90
108.32
105.92
107.66
77.83
104.11
121.88
77.69
77.15
79.09
92.54
91.38
88.98
88.67
109.00
111.41
92.16
110.04
108.30
107.00
81.08
80.77
81.73
83.20
90.02
107.78
96.56
101.19
105.27
106.21
107.63
78.84
77.25
77.94
71.39
83.69
89.19
88.31
92.17
107.93
92.06
107.86
107.56
108.25
77.62
78.15
79.97
78.95
78.16
94.80
82.97
100.77
104.92
75.25
76.78
77.61
75.88
69.96
73.00
74.68
89.33
91.93
91.60
93.18
105.38
108.02
106.48
110.69
105.60
108.54
108.22
77.25
77.99
81.93
84.38
72.00
93.94
75.95
77.13
98.07
116.45
112.16
109.02
120.61
79.35
90.62
81.30
85.18
102.49
88.69
114.63
109.09
108.32
101.99
74.60
72.06
89.71
87.71
90.85
93.09
85.99
105.44
89.28
115.49
106.23
108.51
81.09
76.99
108.85
78.04
83.93
84.12
90.56
108.05
107.95
98.68
102.27
76.04
107.65
75.97
77.09
77.03
77.69
77.80
92.71
98.25
93.01
102.59
107.55
107.52
81.57
67.93
72.02
75.53
90.50
93.26
92.98
92.77
86.25
105.76
107.55
106.76
107.43
109.12
77.34
106.47
77.32
83.23
82.22
82.12
90.19
91.18
101.17
103.69
106.12
108.53
107.91
77.41
76.25
92.71
75.72
92.99
93.49
92.11
91.23
91.91
122.96
110.26
110.16
114.22
107.62
79.62
88.62
89.99
77.89
94.73
98.49
102.94
105.10
112.77
76.99
77.23
67.42
68.87
85.35
87.91
86.02
91.61
108.36
92.57
104.55
107.37
111.27
109.44
77.20
77.11
77.03
89.90
89.61
93.29
93.91
91.15
91.25
91.48
107.11
108.20
78.91
68.48
83.44
89.97
86.97
92.06
85.03
88.69
108.10
108.08
109.45
107.61
107.82
76.86
76.04
76.95
92.54
77.82
92.74
90.73
92.02
91.92
107.54
109.29
107.11
119.78
89.17
90.60
63.15
66.87
85.52
88.14
106.51
108.09
108.94
103.06
106.81
107.07
107.52
106.95
79.61
91.43
92.38
80.85
103.83
100.92
105.40
75.58
59.02
76.03
65.68
68.44
70.63
85.09
91.65
93.07
95.12
92.92
103.45
105.62
107.82
108.24
77.89
62.61
62.12
77.68
78.41
77.64
99.86
82.33
106.90
106.76
95.68
99.70
76.11
70.86
75.76
76.76
80.30
79.20
85.88
88.86
93.22
93.04
106.83
91.15
110.65
110.11
112.66
116.32
92.43
91.33
88.80
92.83
109.31
102.11
104.51
106.70
108.04
76.83
108.60
108.20
76.70
75.35
90.89
74.80
93.32
102.49
109.81
78.07
97.21
117.41
107.17
80.90
77.61
79.07
77.67
72.64
89.24
89.71
90.04
108.30
108.38
109.81
71.30
75.74
77.56
76.33
85.98
78.93
105.13
89.03
98.42
84.12
101.52
103.50
77.66
78.88
77.56
68.50
84.70
71.19
88.89
89.94
108.48
90.72
86.52
110.04
107.65
106.14
109.83
107.26
80.59
79.12
76.45
90.88
91.08
99.33
104.44
106.14
108.26
116.60
114.07
117.55
119.24
89.77
77.64
92.14
69.40
101.16
106.58
94.56
100.17
110.57
77.27
64.36
73.08
75.34
89.94
77.70
93.92
92.21
93.54
90.05
110.29
113.38
99.03
70.82
74.21
76.49
92.15
81.61
84.95
102.50
102.37
105.98
106.52
107.12
99.74
105.04
105.70
79.10
77.46
77.22
92.05
91.47
76.02
89.89
91.89
114.54
108.28
105.65
109.74
77.09
60.93
79.28
75.88
93.15
92.86
91.90
89.95
89.36
113.34
115.17
109.86
107.86
122.19
107.91
82.68
77.81
98.15
102.00
89.05
104.84
107.33
99.68
104.03
105.23
108.37
79.50
75.67
76.64
91.64
75.91
92.29
91.30
115.95
104.85
94.05
111.31
108.05
75.93
82.08
84.40
74.16
89.93
91.95
91.57
102.04
104.09
105.36
77.49
62.74
63.20
77.80
69.54
72.56
90.72
90.12
108.87
92.25
93.00
108.24
86.02
115.08
107.79
81.96
77.31
77.11
78.11
90.80
76.31
92.60
93.87
93.93
109.35
107.02
104.45
107.40
76.53
79.09
77.04
76.90
90.83
107.57
91.69
114.56
116.52
72.34
74.83
78.71
91.96
91.95
94.76
100.31
103.62
72.76
108.27
76.56
77.90
82.99
85.34
72.95
89.92
88.75
91.34
91.11
107.07
106.91
107.58
108.86
81.23
78.09
77.75
73.97
77.70
77.80
93.02
90.87
93.53
92.64
109.09
106.89
107.95
78.09
76.87
78.26
92.07
77.32
74.40
88.51
93.86
94.04
109.24
92.21
110.01
106.77
108.17
113.14
110.25
82.18
90.38
93.20
78.05
94.24
98.03
100.00
74.95
62.30
90.12
90.06
78.04
83.93
81.53
90.78
93.28
108.29
108.83
109.17
106.82
107.85
107.32
76.46
77.49
77.44
77.66
88.27
90.82
93.83
92.85
92.98
111.59
106.82
107.71
110.20
107.95
78.88
78.06
79.78
76.64
106.17
77.53
87.79
109.58
86.61
108.23
108.68
77.50
60.75
115.94
87.19
73.16
89.22
90.85
93.61
93.17
109.96
105.13
107.11
107.74
106.99
77.52
77.08
78.22
77.25
82.28
83.52
102.49
105.65
106.63
108.04
79.93
102.78
121.34
75.67
78.20
92.86
92.25
94.36
86.26
89.88
108.50
92.01
107.33
108.28
109.69
107.53
78.22
78.76
76.44
77.71
102.77
107.27
95.63
97.05
99.31
99.76
77.36
74.05
78.35
92.30
80.66
86.20
81.23
83.21
106.96
108.83
107.26
99.23
71.29
74.17
77.73
79.61
78.68
78.33
90.37
91.48
92.59
98.68
104.13
107.86
108.21
81.88
67.81
69.10
85.34
88.92
88.82
91.12
91.60
107.93
105.41
90.06
116.18
108.34
107.61
78.69
75.99
75.23
80.22
84.98
103.29
105.84
109.48
107.75
98.23
100.12
105.21
73.81
77.96
91.81
76.56
93.15
87.79
88.79
94.76
92.11
110.79
108.05
109.57
80.61
77.91
78.88
77.03
75.97
78.18
91.89
107.86
111.55
77.00
78.02
85.39
90.28
89.75
110.05
81.58
104.92
101.28
119.37
107.15
108.61
83.46
78.79
70.07
74.68
90.66
88.72
92.19
110.17
108.54
101.48
104.86
75.44
77.21
79.02
79.11
78.57
92.33
90.05
89.44
86.32
108.74
107.83
109.00
109.54
108.99
77.15
76.82
77.42
85.44
106.29
108.47
95.51
99.41
100.87
104.97
109.01
75.80
76.97
77.75
69.46
69.74
87.45
87.75
86.60
94.11
108.98
102.43
106.12
109.05
92.28
110.55
77.32
77.28
109.32
76.81
96.55
100.94
105.98
107.81
78.00
78.02
67.88
68.70
74.37
76.81
77.77
91.67
93.13
86.24
88.63
90.04
114.16
109.75
109.47
79.92
77.27
74.94
77.45
76.21
77.66
77.59
92.80
90.65
92.45
98.01
117.45
120.14
74.88
76.81
77.87
94.19
82.84
87.14
84.72
104.13
106.22
107.79
108.13
118.31
104.39
76.91
85.61
90.44
92.96
93.08
83.34
83.60
105.20
108.11
90.44
111.28
108.52
105.60
107.51
78.00
82.17
84.93
79.90
97.58
93.82
90.37
95.07
114.77
117.39
73.28
78.39
78.35
93.82
80.69
82.91
81.45
102.05
105.80
107.40
106.61
118.96
117.11
105.88
81.67
76.22
60.98
92.63
88.13
89.99
90.27
90.96
92.48
108.98
109.98
108.14
108.90
82.43
78.38
79.96
91.82
76.35
93.36
91.73
94.03
89.39
109.55
119.97
121.56
78.13
92.50
67.14
84.47
81.63
106.39
107.69
107.94
107.50
103.94
105.51
79.76
76.82
79.03
79.11
91.47
73.77
90.17
79.00
92.23
101.85
105.45
78.30
97.18
114.66
117.53
120.51
123.10
93.82
90.83
109.58
84.45
104.25
104.32
109.06
107.26
108.82
119.32
77.92
74.82
76.61
77.71
79.04
76.86
92.01
110.40
105.86
107.82
108.68
107.98
108.64
107.48
81.19
76.06
109.98
84.74
111.04
84.96
109.80
105.96
108.69
76.84
67.23
71.62
72.73
77.19
75.95
75.95
92.33
89.24
90.35
91.75
111.37
117.80
106.97
78.13
75.28
69.74
72.57
84.76
92.45
93.10
93.71
110.51
102.04
105.67
107.35
107.91
109.02
80.05
76.46
76.36
77.19
76.78
85.61
93.78
93.77
110.57
106.28
110.47
115.16
117.40
119.85
91.75
88.46
92.56
82.51
103.70
107.54
107.80
108.97
108.28
106.28
107.03
107.74
114.04
87.68
101.77
88.37
108.24
108.11
100.24
102.98
107.26
110.14
80.01
79.05
79.00
76.84
85.52
97.52
90.01
107.64
91.91
106.95
86.99
110.58
110.43
78.00
76.82
76.84
79.90
92.80
79.34
82.06
82.53
104.45
108.59
107.43
108.12
101.04
75.64
72.70
90.13
76.24
77.14
92.87
92.44
90.86
92.39
113.17
107.93
119.82
75.20
76.26
67.88
85.07
89.45
88.45
88.52
92.57
112.74
107.92
102.46
120.00
106.48
79.58
77.75
76.13
77.86
87.98
89.31
87.60
90.93
91.99
103.67
109.14
79.64
66.09
81.01
85.32
85.72
90.93
93.70
91.80
83.32
105.92
106.13
107.39
108.50
79.36
77.58
71.96
85.77
88.46
89.11
93.54
91.37
89.96
111.36
108.13
95.06
70.30
85.48
89.55
78.10
92.56
82.45
83.84
86.43
89.98
106.20
89.37
109.88
103.68
105.75
78.12
78.09
75.90
92.02
77.30
78.28
93.82
96.82
100.65
103.94
106.87
84.39
77.83
77.00
84.17
71.79
90.73
93.07
89.15
91.38
109.41
105.32
109.25
108.02
108.96
108.24
76.50
77.89
80.06
90.90
77.49
97.72
102.27
105.15
107.20
96.69
70.97
71.73
77.11
76.75
92.99
91.72
92.26
89.41
87.87
110.14
115.98
103.93
78.94
75.94
77.04
70.88
75.15
89.82
93.12
92.26
94.85
91.25
103.98
104.30
107.70
108.30
107.89
79.19
77.68
94.36
84.35
85.91
88.43
104.79
108.10
108.31
100.00
101.22
74.96
72.07
83.33
90.49
75.87
91.49
85.03
84.67
90.41
87.69
110.74
108.16
106.51
106.34
107.66
80.66
78.88
85.43
104.37
107.73
109.66
93.21
92.94
113.98
117.05
109.26
121.67
76.15
91.79
83.41
86.11
87.53
89.96
110.06
108.59
108.97
103.09
72.84
75.89
106.86
91.08
79.28
77.07
90.44
93.56
101.99
103.91
106.34
108.47
108.09
75.96
72.22
75.82
76.87
77.52
77.23
79.04
92.53
90.18
97.27
100.18
77.62
73.35
77.67
75.10
106.92
74.21
100.84
73.63
90.17
92.35
89.38
101.12
91.18
92.74
112.52
109.87
107.00
76.51
90.27
89.87
78.72
85.54
100.85
102.61
105.05
109.37
79.88
77.06
69.78
70.69
73.63
91.23
94.04
93.05
91.31
101.80
103.61
106.63
106.97
107.88
107.57
109.23
77.44
76.27
80.57
78.03
100.93
84.73
106.11
108.67
112.97
103.03
106.13
105.63
77.13
78.98
76.59
78.01
91.61
88.57
92.94
91.84
107.96
90.82
109.07
110.28
113.55
119.82
87.91
88.36
87.70
91.11
84.93
105.97
108.71
107.91
108.69
107.66
108.98
78.10
74.90
77.73
78.12
93.13
91.95
91.11
91.21
110.80
98.49
120.11
71.18
84.22
89.78
87.23
94.32
80.40
83.81
103.68
88.97
92.09
111.65
76.51
72.75
106.65
76.21
76.91
92.18
92.54
92.34
87.71
90.62
93.78
107.71
107.30
110.73
108.63
107.38
75.85
80.80
85.42
76.67
78.30
104.45
106.29
97.80
99.60
116.08
120.04
75.43
80.14
109.16
114.97
86.22
84.53
105.30
107.41
93.28
107.54
93.21
105.82
74.96
77.05
75.83
77.97
78.11
75.31
94.10
96.04
101.39
102.71
105.97
121.83
107.77
116.63
115.84
119.15
121.70
89.81
89.32
91.23
92.88
91.99
92.77
113.23
108.53
119.31
121.13
75.78
78.60
80.97
85.97
89.85
89.67
91.08
110.32
109.79
101.88
106.64
80.88
75.21
76.63
90.52
87.78
81.02
98.97
101.60
104.55
106.90
108.12
78.82
69.59
70.59
74.90
76.82
77.40
78.23
92.13
91.62
88.58
87.60
108.87
110.07
107.44
107.14
79.74
61.82
77.24
91.82
78.37
94.65
91.37
94.30
111.12
90.67
106.85
107.23
115.52
79.11
107.82
78.77
92.89
98.03
98.21
100.71
107.25
109.61
107.84
99.01
118.57
119.65
74.30
92.96
91.65
91.69
90.75
92.04
109.18
91.87
108.91
118.43
121.81
108.96
108.81
79.77
84.20
81.93
103.17
87.66
113.03
106.19
99.73
119.28
120.50
76.25
78.87
77.33
78.20
85.49
89.20
87.12
87.32
87.02
110.34
107.01
107.78
105.24
76.61
78.21
78.55
94.11
78.38
93.03
86.21
103.97
95.06
112.83
108.40
110.18
109.53
76.68
84.62
78.42
77.91
80.01
89.09
91.29
92.85
93.83
106.90
115.33
109.91
108.72
109.05
78.35
78.57
80.10
77.36
97.94
103.80
106.98
110.04
108.07
101.45
71.55
75.64
76.99
79.10
76.87
91.39
90.58
89.41
95.45
94.13
93.22
115.22
76.09
77.78
78.77
83.68
83.48
84.26
88.25
92.57
112.48
101.13
103.79
106.82
106.66
107.78
84.23
78.61
76.20
89.73
92.08
91.01
92.98
92.97
106.91
106.48
106.37
110.32
108.96
118.12
72.41
92.07
78.50
81.76
101.15
102.34
105.56
107.22
107.31
108.24
81.45
105.73
74.52
76.56
77.71
77.15
78.21
91.85
92.86
111.05
114.71
119.47
74.81
76.22
76.18
93.77
66.86
85.23
80.88
89.12
109.07
92.31
112.30
99.65
102.48
74.24
76.65
75.97
78.96
76.67
73.82
90.17
89.86
110.08
105.70
106.53
109.74
107.30
106.84
108.47
79.29
85.32
88.95
90.81
91.41
99.90
101.47
87.15
109.00
76.06
79.12
75.84
76.84
75.04
75.33
75.27
91.07
101.76
106.79
108.23
111.88
112.85
116.92
117.94
121.36
95.41
77.68
80.00
84.34
101.00
104.82
106.77
107.06
109.35
77.73
102.58
120.18
78.36
75.90
77.77
76.22
93.31
89.60
96.16
98.51
101.96
120.02
110.44
79.47
76.11
69.54
84.22
89.27
87.30
106.36
106.75
89.33
107.48
98.67
71.65
70.40
73.30
75.67
93.80
80.09
83.58
81.81
104.85
107.19
107.50
108.38
107.72
71.61
72.86
74.28
79.26
79.20
94.02
91.40
85.77
107.20
88.12
108.88
109.61
106.55
110.82
105.30
77.73
89.85
75.08
78.00
92.94
104.67
93.08
94.51
98.46
101.79
75.22
75.50
76.48
80.45
68.03
82.94
91.18
88.79
89.80
110.89
119.69
108.18
113.78
113.97
117.27
73.91
75.91
77.05
94.11
86.25
104.85
90.49
110.91
109.81
110.10
108.76
79.86
75.54
63.05
76.22
78.60
93.12
78.93
90.92
92.32
93.61
95.82
116.75
120.13
75.26
77.38
93.60
79.98
83.73
83.97
105.58
108.42
109.23
105.79
104.15
73.35
77.42
75.61
77.97
77.04
92.25
90.05
91.03
91.44
93.24
101.13
105.76
77.40
75.86
65.20
67.44
67.46
86.00
88.75
89.05
103.57
98.36
98.93
102.62
74.79
78.86
78.30
77.49
71.17
72.50
90.88
92.81
76.00
91.65
92.16
102.10
108.23
110.01
108.25
106.42
75.52
77.14
93.17
79.03
77.46
92.82
92.62
93.38
103.95
78.27
61.83
62.18
65.61
84.65
83.15
87.92
92.34
94.94
82.13
103.39
104.02
106.65
77.02
77.47
76.25
78.41
71.33
84.60
88.57
90.21
92.60
91.77
113.94
90.83
111.68
115.38
117.65
122.25
75.48
98.97
91.32
84.06
84.51
106.98
106.96
93.39
109.79
107.39
106.03
107.52
78.79
75.77
79.46
78.62
93.43
91.58
106.39
91.77
108.63
91.13
112.38
108.05
78.30
75.22
63.59
79.87
92.88
92.54
92.39
91.72
92.64
109.84
91.68
111.06
79.01
73.48
88.49
65.59
84.14
82.25
88.91
108.89
90.88
106.00
110.32
102.47
106.01
76.77
77.14
78.13
90.85
90.74
111.52
87.44
116.66
85.93
84.44
118.84
75.10
78.35
79.08
69.87
73.25
90.81
88.58
94.17
92.35
91.79
103.45
108.83
108.14
109.88
118.90
74.10
96.31
93.12
81.86
84.57
89.71
88.47
87.87
106.60
107.19
105.09
74.39
109.59
80.05
77.19
76.91
91.91
94.26
98.61
99.01
103.25
106.73
76.75
79.53
77.36
82.16
85.16
73.02
90.69
90.42
91.61
92.24
82.56
101.60
106.25
76.22
62.85
78.03
78.92
71.87
89.87
87.97
93.77
91.07
94.38
90.93
114.34
90.14
109.79
75.48
60.57
86.79
89.21
90.49
79.76
83.48
82.51
89.08
110.67
108.48
108.81
125.71
117.90
106.96
77.70
77.17
92.32
90.09
89.78
91.11
111.27
113.67
118.53
77.82
79.39
76.93
77.27
86.10
73.68
90.42
86.85
94.17
92.57
110.81
104.58
108.31
115.57
107.22
86.99
63.07
90.73
78.80
82.46
83.63
104.28
107.47
106.72
107.55
100.78
73.48
72.75
75.14
89.19
79.29
90.16
92.95
86.67
90.05
109.95
108.10
106.63
107.46
77.90
77.06
62.85
82.53
77.38
86.01
106.23
93.98
109.32
101.31
104.58
105.87
76.19
79.21
76.67
75.38
73.29
90.98
86.96
94.53
93.15
92.69
91.42
111.26
108.94
76.65
77.01
78.59
77.24
78.02
92.79
91.11
93.07
91.44
99.76
118.19
122.68
75.74
75.33
83.77
85.03
90.12
89.80
90.48
111.57
106.49
98.97
104.66
74.27
75.29
108.99
77.00
78.09
71.83
90.66
89.56
89.54
92.29
109.25
91.88
108.47
91.89
112.14
113.96
86.29
83.51
80.03
78.53
90.80
92.49
93.27
91.86
100.14
122.21
76.91
77.67
66.29
68.93
84.44
89.74
90.26
93.27
92.67
103.91
108.64
91.34
111.65
107.95
109.67
108.62
77.87
88.47
80.31
90.35
93.86
93.02
92.72
109.09
109.35
109.22
78.99
109.88
76.88
77.70
92.19
79.80
101.72
100.01
104.84
107.05
107.20
76.09
75.83
72.90
77.87
79.08
78.93
78.97
77.17
92.38
91.86
87.55
113.77
107.50
117.48
122.19
78.18
76.42
84.65
85.42
89.07
88.65
106.36
107.23
90.57
108.90
108.66
84.10
85.21
75.32
90.55
77.05
83.51
85.39
104.65
106.08
109.64
79.16
60.61
75.28
71.27
75.76
75.73
78.64
78.20
88.92
107.75
95.44
98.88
94.46
117.97
119.14
121.28
77.86
66.89
84.24
85.40
88.65
90.77
93.25
109.37
108.33
86.31
112.34
76.21
77.67
79.38
75.15
92.82
75.24
88.67
89.71
91.70
92.27
112.16
108.21
110.58
109.86
82.48
83.25
84.99
73.73
89.88
90.71
82.27
84.93
103.54
105.16
74.97
76.59
77.23
92.15
68.52
85.59
89.19
93.66
109.10
92.45
93.34
104.04
107.29
108.00
75.93
77.08
76.71
77.95
75.94
87.06
93.75
91.10
94.20
93.39
107.69
107.93
109.68
113.20
86.53
74.22
90.75
90.24
90.81
81.36
102.50
102.56
104.57
108.21
109.95
76.46
78.17
69.18
73.83
91.13
88.11
91.72
93.86
110.52
104.10
106.63
108.89
108.04
108.03
77.07
78.85
74.11
74.78
92.61
91.36
93.65
109.35
104.84
108.01
68.11
67.01
71.76
75.51
78.45
94.24
93.79
81.92
86.68
88.55
110.85
91.24
112.46
107.11
76.14
80.65
98.76
100.30
105.54
106.20
107.12
110.53
68.28
71.88
73.82
91.24
90.98
92.05
93.19
86.91
90.03
89.83
106.75
108.10
107.95
76.56
91.95
62.82
82.35
83.40
84.14
106.55
106.86
107.21
97.95
116.93
117.00
72.05
74.39
76.78
78.01
92.39
85.68
88.47
107.93
92.25
108.44
108.55
107.93
107.74
76.51
75.04
76.99
78.63
79.00
92.66
88.81
90.08
108.83
108.20
108.45
107.69
109.60
108.55
78.88
79.95
85.17
84.13
75.49
105.20
94.26
109.02
110.61
108.90
116.96
72.91
91.73
90.23
92.09
85.50
90.31
90.01
92.01
113.63
108.82
108.44
106.51
74.95
62.20
76.86
76.82
76.96
79.12
91.41
78.97
92.13
93.23
92.26
103.16
79.32
76.17
81.22
82.37
70.44
86.06
89.02
92.18
109.53
100.62
103.62
106.25
107.17
106.20
109.38
75.78
78.76
75.17
88.78
91.39
101.44
105.82
110.02
107.53
97.61
68.76
73.08
75.19
77.71
77.81
77.75
72.32
90.98
92.46
94.59
109.84
110.92
78.84
75.16
107.82
109.76
79.26
95.08
78.57
91.74
93.23
91.90
96.12
99.13
115.48
120.40
74.63
77.73
92.91
81.88
85.06
91.51
91.93
92.41
91.15
108.95
107.12
110.33
114.42
77.76
79.17
76.95
78.38
90.83
84.18
83.59
105.84
106.76
106.06
107.96
110.51
73.90
73.96
79.26
76.23
79.39
77.06
91.88
76.18
93.41
106.36
109.18
109.29
120.64
74.90
99.39
79.30
81.97
85.26
102.77
105.50
106.91
107.50
97.69
100.16
105.08
109.46
80.99
91.34
92.18
86.84
75.96
90.61
92.19
91.24
108.97
110.11
92.85
107.04
77.53
84.06
85.22
82.32
89.75
88.35
102.69
94.72
92.51
115.30
104.71
77.55
89.77
61.74
68.14
83.59
84.11
86.85
106.95
108.68
91.81
102.57
102.25
72.22
75.92
78.31
79.42
78.17
91.95
89.01
87.50
90.38
106.76
104.91
93.43
110.52
106.03
111.36
117.36
120.11
90.26
88.41
92.62
92.91
103.20
104.57
107.60
108.29
76.43
109.88
120.11
85.87
110.17
75.78
97.85
112.91
82.88
101.70
92.36
90.73
109.34
109.59
107.49
107.35
110.23
84.55
91.01
78.80
85.20
103.74
106.30
90.13
107.57
108.98
105.74
108.94
77.48
77.24
78.92
78.05
93.01
90.88
95.19
98.99
99.51
103.69
73.30
77.74
77.12
67.82
71.63
86.86
77.81
91.28
93.60
92.06
87.34
108.39
107.41
108.30
107.30
77.46
77.30
91.58
127.09
88.67
85.68
102.77
105.36
106.58
109.31
100.79
70.10
71.79
77.03
78.60
89.42
92.24
107.97
85.45
104.77
107.26
108.88
77.45
61.14
77.08
74.13
76.85
79.27
78.77
79.46
91.97
91.21
92.02
91.05
111.16
92.55
117.80
75.37
92.59
91.01
83.65
85.14
84.08
88.09
107.23
107.78
94.16
110.64
107.84
110.49
109.07
77.10
78.22
78.75
72.70
85.02
89.59
88.20
108.58
109.28
108.86
110.21
108.25
77.80
77.54
77.98
92.40
76.66
92.52
95.52
96.56
100.60
101.58
118.44
75.10
75.42
78.82
81.30
86.59
88.49
87.81
88.30
108.85
109.83
98.67
68.99
71.18
74.26
77.10
80.60
91.48
83.76
84.12
103.46
87.40
108.92
90.40
111.80
107.19
73.69
74.60
77.78
77.31
78.90
92.02
92.52
87.41
88.64
88.50
108.49
109.86
109.08
78.12
75.46
78.31
78.76
95.67
84.74
104.78
106.20
109.87
96.44
98.31
71.85
106.09
76.80
79.19
90.47
93.34
85.98
83.34
87.13
109.55
107.66
111.07
108.33
115.58
104.72
81.34
76.66
78.59
90.15
93.76
102.88
88.63
107.96
108.86
107.13
77.63
77.53
78.88
73.25
77.92
90.98
91.15
91.57
77.88
107.35
95.53
113.46
115.81
103.71
73.22
90.24
77.75
92.88
82.22
84.32
86.45
88.32
107.00
106.27
107.30
88.74
113.56
75.86
77.47
79.68
78.33
75.17
92.78
91.88
92.06
93.06
115.97
106.62
81.82
78.20
80.95
85.84
82.49
88.75
90.08
92.04
108.06
83.96
108.71
106.00
107.28
107.81
77.45
62.80
77.77
74.69
89.98
90.52
92.99
108.38
105.40
107.23
91.87
112.53
115.08
72.91
74.66
91.68
92.28
82.10
84.85
84.26
108.62
110.38
109.79
106.23
108.71
73.36
74.18
90.12
77.81
90.24
92.67
92.59
91.48
110.37
109.41
109.72
108.81
81.31
79.00
81.02
87.35
75.81
89.57
94.53
90.32
109.55
108.68
107.66
107.78
76.40
75.63
70.79
88.33
87.67
79.81
96.26
100.16
104.66
106.37
107.85
106.30
103.74
105.25
77.60
79.54
91.08
91.50
90.13
93.23
91.64
93.69
93.11
115.13
103.95
73.37
77.83
92.01
81.90
82.78
88.53
87.31
100.31
91.26
106.25
101.19
104.93
105.16
107.93
74.43
78.51
90.23
92.18
81.03
83.35
86.04
106.67
107.48
109.06
108.32
101.61
120.78
121.41
122.25
93.10
90.00
91.73
88.05
86.98
107.96
99.09
117.28
109.54
79.60
79.85
65.75
85.62
88.59
86.15
93.43
90.97
106.32
102.33
106.54
106.01
109.01
109.92
78.54
76.06
76.97
77.67
94.87
92.65
91.67
93.81
92.79
109.59
109.84
115.83
115.69
86.48
87.43
84.37
91.92
83.98
84.66
89.18
107.66
109.40
108.80
108.22
108.28
108.97
81.98
83.42
83.10
84.78
106.88
108.66
95.56
98.92
117.38
119.54
119.64
122.36
95.80
78.96
81.45
80.92
82.82
106.59
105.12
108.75
93.42
107.94
74.02
105.21
78.08
76.42
77.01
92.72
94.82
98.26
101.65
103.91
105.86
123.55
76.49
77.71
68.19
82.84
85.53
89.57
92.33
89.26
94.73
103.10
89.04
108.18
110.47
109.04
106.41
79.81
76.20
77.88
78.17
98.76
101.87
104.61
106.65
78.43
62.90
67.48
69.21
71.11
89.50
88.84
88.37
79.02
83.74
101.87
105.01
106.21
80.46
75.61
77.84
68.80
70.89
75.58
77.09
89.62
94.83
89.55
91.84
92.01
114.50
116.34
120.79
76.16
89.52
80.95
83.67
83.34
87.46
93.24
92.06
107.58
107.36
108.23
108.61
114.76
118.76
121.18
94.74
90.93
90.25
84.61
85.51
88.59
107.20
106.79
110.08
108.17
75.66
75.29
75.58
78.50
77.14
77.35
90.40
91.47
89.99
93.53
107.40
107.07
118.40
75.56
88.58
79.72
84.35
84.05
86.41
85.90
68.72
59.41
100.69
104.74
107.78
79.12
77.25
77.39
77.38
75.67
93.85
92.13
99.84
95.13
119.41
108.87
76.52
80.71
77.84
94.62
92.98
92.40
110.24
109.00
108.67
109.16
115.29
133.65
133.06
89.54
87.83
90.45
84.54
104.97
106.86
108.83
107.78
108.58
109.68
71.90
74.83
76.68
76.34
78.34
78.50
78.47
91.57
90.50
93.59
108.62
117.37
116.58
166.13
115.78
102.59
103.09
104.45
112.61
73.43
93.70
73.06
88.39
114.58
70.91
74.46
76.35
76.12
76.45
92.03
93.39
93.50
91.68
109.46
92.99
108.82
108.54
108.55
109.03
87.20
79.53
77.44
89.34
106.12
109.27
95.99
115.34
102.37
104.61
73.03
75.86
78.93
78.57
85.18
83.14
88.69
87.22
109.46
107.50
100.65
103.54
106.58
109.86
78.69
78.41
77.93
92.05
72.68
89.85
88.45
91.81
109.34
106.41
108.78
108.33
79.11
61.54
79.16
78.71
79.14
91.04
76.95
91.82
110.13
109.15
115.21
120.88
74.86
78.05
65.58
67.73
84.15
86.27
89.75
89.09
109.73
109.70
120.84
90.15
114.21
81.21
105.54
78.42
90.97
77.78
73.03
91.65
92.93
92.15
110.44
90.59
110.69
106.81
74.74
109.13
79.75
77.80
92.96
93.05
89.85
92.85
95.40
100.11
104.83
107.30
108.21
119.76
78.45
82.69
87.14
88.53
92.78
92.91
92.03
106.86
108.27
93.67
110.22
107.56
79.85
89.66
92.06
80.03
84.38
83.21
82.43
106.54
109.45
108.01
101.41
72.20
72.90
75.79
77.26
77.68
77.18
91.52
90.53
85.90
92.80
91.08
92.96
113.36
78.33
62.92
65.58
84.47
88.32
90.19
90.40
91.91
103.63
106.23
107.46
75.81
62.01
61.42
77.58
79.76
73.55
76.35
78.67
90.43
94.56
93.13
92.61
91.27
112.17
112.67
80.11
79.40
79.78
76.76
106.89
78.75
84.40
96.55
100.10
104.82
76.94
77.32
67.96
82.63
81.41
84.68
87.32
87.40
109.53
93.16
105.80
104.23
107.23
106.23
111.71
84.50
77.09
84.43
85.52
89.92
94.80
93.12
90.58
90.27
106.92
107.00
107.63
107.99
108.11
80.47
76.49
91.31
76.57
93.01
98.50
103.08
74.10
75.24
78.59
67.08
73.80
75.63
87.71
77.78
92.35
92.40
90.43
88.34
107.50
116.12
118.41
75.29
74.93
78.46
65.80
84.20
83.26
89.53
86.75
90.10
113.75
103.48
103.74
105.74
73.85
77.66
78.22
78.50
91.34
75.85
89.20
92.04
92.68
92.19
109.76
92.69
113.87
114.60
118.24
88.43
88.96
91.79
92.97
90.93
105.91
90.67
115.00
109.34
109.57
79.77
77.56
76.23
78.97
75.57
84.97
104.16
105.66
109.93
111.31
112.42
115.62
117.51
120.54
75.32
90.20
91.48
82.24
84.80
103.74
106.08
105.94
106.51
107.84
106.51
107.37
76.47
84.95
85.10
89.67
88.59
91.87
82.79
103.27
105.84
105.85
80.75
77.90
77.72
70.16
74.46
89.81
79.49
93.91
91.22
91.63
91.04
94.62
117.55
117.69
120.06
120.49
91.56
88.71
80.44
86.69
89.59
105.57
106.63
109.14
110.50
116.64
118.49
119.49
75.54
89.29
79.92
91.77
93.68
100.99
83.40
103.28
106.13
105.94
108.12
109.37
75.04
69.52
91.88
91.68
93.00
90.63
92.25
90.36
88.88
107.72
108.04
118.72
120.74
77.05
77.36
83.64
85.51
89.34
92.40
108.99
90.94
94.31
107.24
105.37
79.56
76.84
77.11
78.91
78.71
78.03
92.23
95.67
103.07
119.22
106.26
81.96
76.11
66.32
68.44
69.34
85.18
84.79
89.10
108.81
81.43
100.74
104.37
106.65
107.46
80.14
77.87
77.27
71.91
74.75
89.35
78.00
91.55
92.18
92.25
92.15
111.89
98.07
112.73
86.45
85.34
87.58
92.93
81.84
98.48
101.95
81.91
105.10
106.60
109.29
77.52
68.34
72.99
74.72
86.13
93.76
93.34
83.08
82.73
88.15
89.78
114.95
83.95
77.29
77.75
73.67
76.93
94.93
78.82
93.01
90.39
102.31
106.85
113.77
116.01
103.47
115.77
78.82
70.79
92.11
87.70
103.05
108.07
91.18
93.63
103.34
92.80
101.29
107.76
120.30
88.00
85.53
87.35
87.62
93.45
98.00
78.45
113.22
107.25
115.95
123.44
77.52
67.95
78.59
73.24
92.40
76.90
93.21
99.75
93.54
106.88
92.96
106.44
122.07
119.91
86.74
86.39
94.23
78.80
78.06
109.96
106.62
106.56
109.64
107.07
118.56
110.89
123.77
90.14
69.78
74.07
94.09
88.24
88.61
92.73
109.74
121.73
79.72
73.44
67.85
72.07
89.95
86.14
87.68
90.70
102.78
105.65
87.12
109.92
109.42
112.22
107.77
120.80
81.12
71.24
76.46
78.57
91.62
101.56
118.14
107.75
107.47
113.63
78.45
109.25
78.78
92.49
75.08
93.13
93.49
88.22
86.57
110.02
120.85
80.97
68.18
61.79
75.12
72.13
80.06
94.66
77.59
76.48
91.96
93.52
113.43
117.36
104.72
121.46
123.36
132.99
121.58
82.50
72.79
88.97
91.52
99.20
110.36
86.48
93.18
100.96
112.26
82.21
86.89
84.95
73.77
244.76
132.78
122.35
123.93
128.15
126.91
124.33
88.32
97.94
103.56
112.61
105.58
114.82
114.55
125.40
89.26
97.66
103.17
107.74
109.50
128.99
119.59
128.17
92.50
101.96
111.81
123.00
129.03
127.21
91.04
102.39
103.06
116.22
114.15
122.10
81.36
76.29
97.87
108.33
121.77
130.57
93.17
103.84
112.93
103.68
109.64
153.27
114.03
149.20
132.65
162.02
148.63
133.66
154.19
157.12
119.09
105.65
104.03
206.29
144.19
112.57
138.43
93.60
143.92
135.14
147.40
106.30
151.71
129.92
111.62
140.98
120.12
109.96
138.35
158.81
128.92
145.50
168.13
162.68
176.03
137.13
155.46
162.11
150.91
159.81
168.89
177.15
160.46
205.91
136.58
144.85
162.07
169.45
130.12
147.60
163.24
131.12
149.68
149.14
164.68
128.40
146.12
157.48
126.57
132.55
144.74
159.04
126.68
138.19
142.82
156.78
119.78
109.40
157.93
131.92
147.23
165.23
130.85
143.32
152.83
126.96
142.91
160.56
129.96
147.97
152.84
170.14
140.86
155.53
162.33
169.51
139.84
163.70
165.62
126.63
136.73
151.28
118.69
139.25
153.83
165.82
174.10
137.50
149.91
157.92
168.96
130.36
157.46
169.56
142.57
152.93
153.26
167.86
188.43
135.59
148.74
150.59
163.98
165.96
175.08
133.94
187.72
187.99
186.37
164.70
196.90
174.57
141.42
145.28
146.58
146.99
150.49
155.88
160.31
163.29
153.53
155.28
155.79
157.96
158.19
149.80
151.68
149.57
148.09
143.94
146.00
145.37
144.41
186.91
183.94
186.00
184.45
198.82
185.05
181.78
177.34
182.37
166.16
197.72
185.31
179.71
175.93
163.08
206.18
261.96
136.65
116.55
147.23
135.57
133.62
132.91
124.98
114.12
107.49
152.72
150.31
157.22
158.32
158.88
160.11
162.11
159.98
161.74
150.15
132.14
163.97
162.96
155.15
151.90
149.79
151.03
148.81
141.43
183.14
139.98
191.73
183.26
177.73
171.88
173.56
158.95
151.20
141.65
148.52
188.94
179.47
175.19
179.57
182.24
187.69
189.20
179.40
174.95
175.40
174.58
178.85
168.45
163.23
165.72
158.90
164.81
148.47
151.19
198.83
183.72
161.37
159.11
154.99
161.74
160.66
150.48
145.61
145.59
146.48
187.88
137.19
150.03
153.27
160.28
164.41
167.86
135.37
151.70
157.07
167.26
169.08
136.46
154.64
167.12
177.17
137.81
145.64
167.32
129.10
147.02
151.50
163.82
177.68
133.49
146.15
156.77
168.67
136.13
151.06
160.26
163.12
169.17
134.65
144.38
153.48
163.04
134.80
150.39
164.75
168.63
142.25
145.07
155.84
127.04
142.81
149.03
152.57
165.04
173.06
137.66
147.34
161.85
169.09
141.42
156.74
162.22
157.53
158.64
120.33
117.76
161.03
161.68
160.05
127.92
113.16
191.03
179.39
170.20
166.61
167.47
186.43
166.46
145.75
149.44
163.34
132.68
126.40
160.77
159.07
169.00
169.65
89.80
100.67
110.16
174.14
193.52
165.33
168.58
119.77
170.12
196.56
181.22
142.26
200.05
162.03
162.71
129.48
198.97
135.85
130.16
221.95
189.05
191.39
140.67
150.09
155.51
167.51
132.79
146.54
159.66
154.84
161.75
169.97
133.64
143.47
167.61
168.92
138.82
158.16
172.75
184.14
81.54
96.14
113.98
81.75
94.05
113.95
119.00
88.14
134.31
161.47
129.15
144.96
113.15
139.02
156.12
122.72
143.52
163.67
155.28
157.47
130.68
152.84
169.66
133.49
138.30
160.00
126.07
142.78
154.00
164.56
156.28
164.44
178.39
174.77
167.19
172.07
139.88
158.20
170.12
134.24
138.19
159.59
128.70
136.34
147.08
166.51
179.58
139.59
161.82
130.90
137.40
153.63
158.19
171.02
137.35
130.67
134.27
148.11
163.45
130.03
137.51
152.26
171.35
133.56
147.01
129.96
132.46
148.77
160.64
133.88
140.04
139.32
153.12
173.13
136.47
145.49
154.26
173.13
134.92
149.29
158.62
143.88
137.81
160.55
129.62
146.28
157.54
152.98
128.12
146.12
168.73
137.32
141.44
156.16
175.07
136.31
147.98
160.04
113.32
122.07
85.26
89.50
113.52
82.23
98.03
114.03
116.87
132.25
91.23
105.83
114.99
128.28
125.72
130.19
94.50
107.69
116.59
125.11
93.56
104.96
119.06
87.30
143.51
94.51
96.88
107.48
114.88
82.03
100.05
96.78
101.94
117.03
83.24
99.56
113.60
80.35
96.35
108.59
123.15
84.88
96.04
114.42
85.93
102.48
119.85
89.99
104.94
74.69
93.54
111.75
81.59
98.44
112.65
81.85
95.80
115.89
87.01
105.17
122.21
91.72
110.07
79.79
97.48
112.82
82.26
94.82
111.56
117.14
140.65
130.63
128.13
128.63
131.22
140.76
85.69
92.58
102.05
105.05
118.77
84.76
98.10
112.82
124.62
90.19
94.73
107.08
117.60
84.60
97.19
111.56
125.08
95.09
107.73
116.66
127.43
96.08
111.34
125.84
93.07
102.07
113.68
127.98
84.29
99.31
111.26
119.73
85.27
97.01
115.83
124.09
128.97
95.92
106.20
118.27
127.05
88.26
95.26
104.18
105.71
111.74
118.82
129.15
129.36
131.42
134.88
134.08
138.65
129.10
128.10
149.57
126.94
149.00
137.69
92.18
142.00
132.23
89.23
93.81
98.12
101.71
102.80
107.94
111.84
99.14
97.58
98.44
102.09
107.36
111.66
105.77
105.99
108.91
111.10
128.43
130.34
130.51
129.03
131.19
134.35
136.57
90.50
93.57
98.10
103.47
103.65
104.94
105.95
109.66
154.04
178.56
139.00
141.06
90.72
126.88
129.71
134.49
131.06
142.57
155.64
161.84
174.93
137.12
115.17
155.32
167.41
189.94
142.60
119.69
108.98
101.00
143.62
116.85
104.98
97.33
96.27
101.92
98.98
104.83
147.85
139.64
119.92
106.93
154.98
133.31
115.34
106.19
140.58
132.87
128.33
133.93
121.33
124.45
135.17
94.59
102.62
106.24
97.07
129.73
122.34
121.83
119.33
124.96
128.95
130.88
116.34
117.47
117.38
122.50
131.58
91.02
99.64
111.66
112.65
124.65
94.05
110.93
124.86
88.06
103.06
122.35
89.25
90.33
101.90
117.98
131.33
90.39
98.47
110.75
83.84
86.13
101.81
117.98
84.44
97.91
113.17
124.02
90.23
98.37
152.13
118.15
120.07
149.96
128.57
89.72
97.97
104.05
112.70
79.75
95.87
111.08
80.07
95.71
112.27
80.69
97.15
111.90
83.09
93.07
108.06
118.77
88.42
106.44
124.17
87.57
103.46
116.32
88.47
102.35
104.29
122.90
90.35
104.34
122.17
91.34
110.53
112.66
114.10
127.11
89.32
100.99
112.55
121.89
106.65
108.07
78.54
95.08
113.54
82.68
98.50
117.34
89.03
105.97
122.92
86.63
104.27
121.90
90.54
110.29
82.40
96.12
114.10
81.59
94.57
110.13
82.51
103.15
122.53
94.77
113.94
83.30
88.04
109.01
116.21
99.23
112.76
83.18
99.62
116.40
123.28
96.12
114.25
83.89
103.00
123.04
92.04
111.24
81.23
89.96
109.44
85.60
136.64
94.92
99.07
111.08
107.74
114.06
123.46
86.80
100.10
116.56
88.51
94.78
184.00
217.11
91.65
108.36
83.93
97.83
114.89
90.73
112.85
84.40
109.14
84.89
104.90
77.92
102.57
77.94
99.60
72.41
92.34
109.82
86.53
115.39
82.71
112.60
34.54
43.90
47.38
49.46
28.25
30.98
31.83
16.04
33.54
46.52
29.90
14.36
46.08
1.03
18.07
18.27
28.09
31.60
9.49
11.32
14.30
15.51
17.53
5.16
6.14
24.66
28.31
31.49
28.56
323.70
226.19
223.88
211.64
217.04
216.15
210.14
206.03
199.01
195.59
237.14
234.72
218.23
211.42
214.46
206.15
240.44
223.97
221.86
207.62
233.79
229.46
217.21
245.49
234.22
221.70
204.25
237.16
233.82
212.81
246.57
231.19
217.39
246.17
231.22
208.76
240.49
215.82
249.15
226.27
258.51
235.88
213.45
240.95
226.26
214.58
228.41
212.25
242.13
259.63
227.06
254.82
225.42
240.06
260.14
227.76
243.15
219.03
237.89
254.62
229.07
240.77
246.02
260.20
224.46
237.64
256.79
265.80
232.11
245.79
258.35
240.75
258.35
239.27
243.41
246.47
261.85
231.82
247.77
264.53
229.73
246.67
221.76
227.19
248.51
223.68
233.60
265.84
222.86
244.46
220.20
243.25
243.21
255.19
261.65
255.49
225.11
238.77
246.62
266.94
231.46
236.00
245.75
216.28
227.95
251.97
225.57
237.61
250.88
268.52
232.36
249.32
230.08
228.85
250.15
227.23
238.06
224.05
250.79
222.77
247.59
229.73
253.44
225.53
208.24
243.95
224.65
252.96
231.54
255.15
236.02
215.96
229.90
217.33
253.48
217.76
168.02
238.48
255.06
236.25
225.56
262.85
222.17
242.06
222.44
244.20
227.11
211.01
235.02
216.15
207.88
225.49
207.87
244.42
230.60
213.17
249.63
238.09
218.07
209.69
203.30
228.48
221.21
255.27
207.72
249.80
223.33
210.92
238.76
227.57
212.25
242.91
228.14
257.32
233.42
215.89
206.36
235.51
226.16
205.10
238.10
223.62
212.65
246.94
215.78
203.95
199.74
229.68
215.92
206.69
236.88
251.26
234.29
222.28
247.01
236.19
216.00
234.90
223.59
203.57
232.20
221.55
244.14
228.03
217.81
242.11
229.03
211.78
249.59
222.61
204.54
239.58
235.43
215.82
252.08
230.59
216.35
244.04
236.09
226.48
242.16
228.01
215.13
203.80
231.02
219.00
207.68
224.17
204.90
204.23
231.82
218.85
203.99
237.99
225.42
214.39
201.91
210.92
211.71
253.36
210.61
246.07
238.16
215.81
206.84
246.83
227.99
214.80
213.11
208.45
234.83
226.62
221.00
209.20
246.69
235.47
221.39
248.01
234.48
228.72
217.45
211.61
202.62
235.61
221.54
209.86
239.31
222.22
214.62
248.73
228.60
218.67
198.88
241.82
233.68
231.05
232.58
208.70
245.04
232.25
206.53
245.76
203.83
204.74
242.03
232.29
213.31
211.36
205.67
244.11
214.53
206.68
204.92
232.84
228.35
220.38
215.60
198.13
223.99
231.71
210.72
208.00
209.43
231.10
228.10
228.59
225.46
211.43
251.36
192.03
227.72
221.03
213.09
232.32
220.30
211.97
202.62
228.85
215.87
213.81
232.60
260.99
230.08
214.90
243.91
229.88
222.42
202.09
243.59
234.39
211.76
201.97
240.07
222.74
221.99
210.56
203.88
234.88
232.73
230.76
246.60
217.64
205.52
243.82
240.04
232.85
251.45
229.25
247.87
221.79
214.36
200.06
196.98
232.91
227.01
221.04
203.77
236.03
231.41
217.62
202.50
237.53
230.16
215.17
204.86
237.32
214.89
248.78
234.27
226.61
210.01
234.40
215.26
247.78
228.60
217.93
245.95
275.66
242.33
251.12
231.71
218.31
204.40
238.05
232.54
213.82
227.45
221.77
213.96
229.19
245.31
231.78
209.91
250.03
239.51
221.20
202.16
195.12
230.27
211.95
209.75
239.80
219.80
253.40
230.19
212.97
238.31
231.68
217.86
236.74
219.23
248.80
229.76
218.31
251.66
253.21
230.02
222.74
208.78
234.81
217.93
250.31
226.14
256.81
231.15
252.69
236.81
216.33
233.90
259.08
230.87
247.78
228.88
252.50
268.81
238.47
255.17
261.41
266.33
233.65
216.61
235.31
266.76
223.82
237.11
264.87
231.44
241.12
271.52
234.24
240.93
257.69
224.11
240.89
259.13
230.45
252.82
234.07
218.20
235.47
209.90
250.85
257.46
223.49
252.49
265.93
229.59
217.12
219.74
254.77
231.73
247.38
223.99
254.31
213.12
243.09
216.36
241.82
260.79
239.84
221.09
242.55
223.87
249.65
262.94
233.84
259.57
221.74
209.57
245.40
258.46
239.23
257.89
218.11
249.28
230.32
244.38
221.78
246.41
221.06
243.33
227.74
251.29
218.71
250.10
219.69
234.35
220.50
235.63
252.31
239.31
259.03
226.36
246.50
217.87
237.03
214.93
242.04
255.73
232.71
207.17
230.02
265.50
238.28
256.20
261.53
230.05
219.59
253.88
232.09
216.83
250.87
211.49
239.49
216.92
203.00
238.55
221.17
251.00
237.61
213.19
208.30
246.70
227.67
201.76
241.11
230.73
222.18
208.76
245.11
233.59
226.06
212.11
239.42
223.68
213.30
243.78
231.82
223.47
218.65
215.81
196.91
242.26
229.41
210.92
241.25
237.20
212.11
203.58
203.81
244.52
218.01
213.07
207.31
175.68
244.81
234.24
232.69
208.91
248.96
236.11
240.34
224.48
215.72
244.86
235.17
227.75
245.54
236.84
225.62
237.74
222.97
220.86
220.05
246.84
237.19
233.59
253.44
234.02
228.40
219.51
242.52
238.56
227.43
247.13
232.96
207.74
235.29
227.05
248.11
227.62
221.64
211.15
237.52
224.71
205.34
237.98
227.81
211.81
242.35
226.62
211.03
249.66
218.26
209.72
241.81
227.33
212.05
238.44
224.82
252.45
220.07
256.06
233.58
221.31
211.89
233.42
228.61
214.84
200.61
238.68
219.93
204.23
192.85
237.47
218.90
206.65
239.86
224.23
207.84
240.46
224.42
210.69
251.04
235.80
225.22
252.10
234.06
215.11
203.18
237.76
229.93
213.01
197.17
237.73
233.12
211.91
250.29
232.03
221.07
208.23
200.91
241.03
223.05
219.47
207.42
202.44
238.83
236.51
223.31
258.90
216.20
213.32
243.62
235.67
231.06
226.98
213.46
257.18
243.23
300.33
260.65
237.95
247.88
214.39
232.81
228.92
210.24
238.68
229.90
203.71
224.86
211.75
198.10
244.91
217.96
206.40
202.18
224.69
214.36
254.26
236.70
217.89
210.66
202.62
233.12
225.03
221.29
205.66
243.56
236.80
224.30
213.56
215.18
205.88
231.72
215.93
206.11
228.75
203.70
234.92
219.75
249.26
231.39
249.98
227.33
214.95
236.47
219.17
216.04
203.98
231.87
224.98
215.20
246.49
226.72
224.64
223.77
204.23
239.05
233.27
223.96
213.27
248.36
222.30
243.06
227.75
214.82
247.80
232.71
222.52
207.87
248.47
231.52
225.85
208.45
236.91
232.57
227.22
263.91
235.77
216.81
209.07
247.31
239.05
216.25
210.02
247.93
227.38
208.26
235.55
214.19
210.17
241.86
220.74
206.08
243.63
231.11
219.84
214.52
207.50
211.69
197.43
197.45
199.02
227.46
218.03
205.45
232.07
222.63
212.63
202.46
228.52
224.41
209.95
237.38
223.81
212.46
237.35
221.65
220.67
212.75
248.49
232.37
228.95
212.27
242.40
208.84
235.47
230.93
208.72
191.37
140.24
125.50
90.41
107.46
78.65
97.81
119.45
89.30
107.54
78.66
97.51
115.10
86.50
106.85
77.54
97.19
113.51
84.19
101.15
116.22
88.03
107.13
88.27
111.21
131.48
88.68
111.95
80.89
101.82
120.18
93.60
112.60
79.66
96.61
107.02
78.46
98.20
115.69
87.02
105.83
118.94
87.10
106.82
124.04
95.59
115.78
87.16
109.53
79.73
99.49
122.78
88.63
92.53
108.11
77.87
99.00
115.18
84.13
100.58
92.66
101.65
107.91
107.38
121.26
108.60
79.58
76.89
75.97
86.72
92.80
92.08
93.09
108.04
121.37
127.46
113.13
125.04
118.57
89.86
85.70
84.81
92.60
80.25
100.13
103.18
117.33
78.00
61.45
78.53
92.04
69.54
88.09
84.81
94.35
93.29
108.76
80.32
100.49
109.63
81.25
101.37
117.35
107.25
77.54
76.61
91.85
83.75
83.12
101.84
106.38
108.23
108.88
110.64
115.60
118.98
75.23
88.36
92.60
92.79
91.57
86.03
90.88
85.47
111.18
93.15
106.69
106.91
75.54
76.72
75.13
84.74
102.20
104.93
88.89
113.11
81.82
98.94
113.88
117.65
121.57
93.54
88.85
93.47
81.66
82.47
102.12
104.65
105.62
107.50
77.39
68.65
71.68
76.02
88.40
93.12
93.20
106.72
83.94
82.90
87.92
107.85
89.78
107.11
108.19
107.49
122.00
127.52
77.67
80.41
104.31
107.72
108.62
107.77
98.73
110.11
119.95
120.91
122.38
87.75
128.35
82.37
76.10
105.24
85.61
87.46
104.79
117.36
103.84
118.48
124.93
122.81
121.89
123.14
91.89
89.15
92.68
92.52
92.85
108.05
121.78
123.06
88.00
60.79
75.49
77.65
86.85
88.05
90.72
108.09
100.75
103.96
107.29
108.45
119.40
124.98
122.81
121.37
121.71
125.17
91.45
137.18
92.70
90.05
103.99
117.57
110.27
122.08
84.44
68.64
75.54
89.02
93.36
93.55
99.79
101.60
119.53
109.16
121.27
121.77
117.96
121.31
122.39
122.24
92.04
92.65
92.04
90.57
103.81
93.66
109.73
106.57
118.70
121.19
88.48
107.31
115.67
101.63
116.95
121.51
88.08
72.90
63.27
78.42
85.72
87.10
94.72
91.41
106.94
101.64
104.46
107.39
122.67
77.45
75.04
76.38
77.24
75.08
78.26
89.87
92.79
106.57
121.60
78.26
76.64
66.47
81.95
83.62
76.96
90.33
91.13
83.05
80.58
113.38
106.39
118.00
108.07
106.63
108.06
122.12
128.71
82.75
78.42
90.09
107.42
90.19
94.35
85.27
106.54
108.68
121.14
122.59
123.10
121.44
124.89
124.11
87.49
101.12
104.26
107.65
107.75
110.77
102.24
111.02
116.19
121.83
89.02
90.64
76.68
93.85
92.07
108.69
93.67
108.65
106.99
123.84
109.88
113.86
90.07
83.56
89.06
109.35
94.20
83.17
103.75
103.26
73.79
76.38
76.14
77.44
93.36
78.73
83.82
83.07
89.55
108.21
108.96
109.76
101.07
112.37
74.41
76.96
78.51
77.48
93.14
91.48
87.55
89.82
92.22
108.82
118.22
107.03
76.00
63.45
66.16
83.50
73.00
89.37
88.99
92.37
87.97
110.32
88.84
108.28
77.33
78.62
79.14
77.23
73.46
88.93
91.88
92.21
92.90
91.64
107.00
94.17
94.68
116.13
118.53
122.18
93.68
77.05
93.98
83.91
84.85
106.89
109.60
107.41
108.00
110.05
105.22
109.06
110.67
76.49
77.89
80.19
76.95
75.98
102.43
92.29
93.80
118.98
121.50
122.95
93.55
112.58
82.51
77.94
89.46
91.92
75.83
106.70
90.05
110.76
111.77
81.02
76.47
106.30
77.40
75.64
79.37
97.25
100.24
104.46
106.00
108.64
120.36
87.08
68.96
72.25
74.16
89.82
92.54
92.72
93.97
98.78
107.03
109.22
108.23
119.63
107.22
77.73
73.94
62.44
76.00
99.35
81.30
107.75
107.80
106.68
99.90
104.54
117.50
82.37
92.56
76.46
91.57
87.16
88.73
92.07
100.91
111.53
92.45
108.68
116.91
120.40
124.65
123.31
86.42
77.81
89.23
77.12
103.70
93.93
91.02
108.98
109.08
122.50
126.93
121.80
114.27
82.42
85.64
88.49
106.90
108.55
85.17
100.99
107.86
109.43
119.94
124.13
90.40
71.02
74.43
80.30
93.36
92.43
76.37
105.73
92.17
108.61
121.82
114.58
119.84
88.10
84.31
91.50
83.20
101.51
86.27
109.61
107.93
109.17
108.05
120.67
120.56
77.09
76.68
75.86
92.73
76.94
106.50
94.71
100.07
96.36
112.62
119.63
121.93
77.66
75.64
81.42
79.89
85.47
87.34
109.49
106.93
109.52
104.14
109.19
74.71
79.00
75.99
75.34
91.10
94.79
94.98
100.44
103.93
108.22
109.93
117.95
107.40
118.02
122.81
127.00
93.24
90.12
77.84
90.90
89.77
101.39
91.72
107.89
116.98
121.19
124.86
90.23
78.05
81.38
82.60
102.82
107.45
109.02
116.98
108.55
101.58
115.60
126.06
124.27
126.59
130.55
89.98
90.83
88.01
103.18
110.91
110.16
119.29
108.98
104.96
116.16
123.31
123.53
139.62
98.30
91.20
78.62
81.22
111.81
102.55
105.98
77.45
76.96
76.44
72.27
74.34
90.26
77.31
92.71
92.56
92.19
106.90
88.69
109.26
107.82
78.53
88.68
75.94
76.97
92.74
95.17
92.52
91.47
91.57
105.60
107.26
114.90
117.77
120.63
77.19
77.19
92.12
91.05
93.58
90.30
108.26
93.06
102.09
109.41
108.99
78.35
75.31
76.35
76.45
84.85
88.16
87.51
88.92
96.16
99.40
102.50
102.79
74.81
91.72
79.56
93.31
81.49
83.94
89.79
89.25
112.89
108.13
107.59
117.87
103.49
120.94
122.50
77.40
91.71
92.63
86.61
89.33
87.88
107.95
94.02
108.44
121.51
78.17
64.37
83.02
82.80
90.33
87.53
91.28
107.15
86.07
103.03
109.26
107.32
77.47
78.45
77.82
77.51
77.22
90.06
82.21
94.39
108.98
93.20
93.30
108.19
111.00
109.10
77.92
73.67
88.68
90.19
90.60
95.87
82.20
106.32
108.87
109.82
109.70
76.66
71.54
74.47
90.29
79.76
77.19
93.65
93.31
99.61
89.38
110.87
107.30
110.12
120.21
123.17
93.44
80.97
82.24
82.62
84.62
109.91
89.60
104.76
102.11
104.60
124.39
108.57
123.19
89.70
107.87
117.16
90.05
111.85
114.71
86.91
100.70
112.50
75.17
77.71
65.20
68.66
72.72
74.29
104.00
93.17
91.32
87.19
105.39
89.56
106.15
106.44
92.33
107.60
89.30
79.02
68.24
82.00
88.59
107.51
86.93
108.86
97.48
117.16
105.35
107.40
76.00
77.18
92.29
78.35
77.09
94.75
93.06
89.61
91.91
110.43
107.14
81.04
79.23
66.91
84.81
88.02
85.57
92.16
107.86
88.33
108.90
91.11
103.50
107.79
109.14
107.34
110.89
81.49
85.41
86.47
90.12
108.74
108.97
81.10
107.08
105.39
76.19
73.69
108.23
107.32
73.12
78.82
99.38
85.21
103.39
107.04
108.71
109.19
112.34
114.91
118.12
75.74
77.32
90.89
93.14
88.89
94.33
96.91
108.62
116.73
73.90
60.67
78.28
66.76
83.65
73.90
89.24
90.92
91.81
91.42
91.17
93.39
113.30
115.90
118.90
121.89
91.03
92.14
82.01
101.64
102.98
89.58
107.64
108.90
108.46
103.34
106.30
107.61
78.63
77.05
78.09
90.34
89.26
138.57
93.99
147.47
95.64
103.69
106.11
116.06
106.47
117.59
111.52
128.94
122.85
97.54
102.83
113.37
128.08
91.89
103.12
121.12
120.43
85.29
89.53
132.79
93.49
89.50
93.95
90.08
108.97
111.43
103.37
77.05
61.39
77.60
78.93
75.71
91.60
79.49
95.08
99.19
104.24
108.65
106.03
77.94
80.51
69.80
70.88
73.93
89.25
90.11
77.05
104.82
89.31
90.50
92.31
112.27
119.91
74.89
76.41
77.61
84.15
84.58
90.98
91.07
90.95
106.30
106.97
106.73
109.83
110.19
82.84
72.81
91.95
94.50
92.29
81.56
85.68
88.86
89.19
94.34
112.88
108.12
117.38
119.50
124.20
76.17
92.93
77.20
91.29
88.93
91.01
92.22
112.10
103.85
73.59
77.92
77.84
85.17
86.35
91.15
92.13
91.50
91.97
91.69
92.83
96.63
118.25
116.93
122.62
75.03
89.69
90.29
83.30
84.67
89.66
108.93
108.68
108.00
77.70
69.02
106.27
76.11
78.33
75.91
91.84
76.05
109.34
111.61
78.79
72.12
89.73
75.95
91.74
92.85
89.65
79.63
92.13
105.91
102.07
106.02
79.87
76.72
65.80
83.77
70.44
90.25
87.91
92.37
84.06
102.15
105.86
109.02
77.68
107.45
125.92
79.17
73.02
76.22
90.94
85.32
105.42
105.53
107.94
105.85
109.35
106.99
79.29
107.33
123.99
76.86
78.79
91.10
92.93
93.31
93.21
90.07
107.77
75.09
63.67
63.04
65.95
85.92
87.63
90.24
108.32
110.91
99.98
103.10
117.80
104.14
128.03
80.05
91.73
69.60
84.64
85.05
90.01
90.10
105.27
89.94
109.89
91.80
112.75
114.77
78.62
89.31
90.96
91.38
100.11
83.22
86.66
89.04
110.67
107.17
123.43
115.51
128.27
120.77
122.70
77.60
91.89
76.82
93.12
108.06
109.36
108.79
109.40
107.41
121.77
81.34
99.15
110.65
81.63
99.72
117.29
85.63
107.57
92.21
90.04
107.68
103.02
121.28
122.90
122.09
76.79
75.71
91.80
77.79
98.01
101.58
104.19
109.30
108.29
75.76
102.60
73.08
73.97
77.49
90.92
92.43
102.13
87.96
88.54
94.01
108.33
107.91
108.40
77.18
60.63
77.54
82.68
82.68
104.10
86.05
111.07
111.48
97.81
100.20
71.30
73.01
74.92
87.39
76.14
83.29
86.55
85.33
92.92
108.83
91.70
112.07
106.02
107.62
107.06
117.77
109.50
79.38
77.73
92.17
92.19
92.75
96.48
106.70
109.59
107.98
109.80
108.75
85.15
82.64
85.64
87.11
87.90
108.59
94.85
98.36
101.88
106.30
109.84
75.48
77.69
78.12
72.44
89.05
91.79
97.96
103.00
108.01
108.39
82.01
107.29
73.07
74.90
76.71
77.35
92.52
94.40
88.04
104.34
107.36
107.66
108.84
106.98
107.78
73.88
59.84
76.29
76.56
93.92
90.87
102.12
92.45
98.80
93.81
114.62
116.78
74.08
89.79
77.28
82.37
72.57
75.70
90.33
93.84
93.02
92.29
109.71
110.28
113.85
118.76
120.66
77.95
91.68
90.40
89.76
87.56
98.68
103.24
107.46
76.18
106.35
76.82
74.46
76.38
76.74
79.16
76.67
75.85
104.25
86.32
94.06
94.08
90.79
111.70
108.74
110.69
81.24
76.21
89.86
94.19
93.31
91.50
109.72
103.65
106.62
107.42
107.84
110.01
108.20
108.66
78.42
93.06
97.38
100.21
88.99
113.77
109.22
76.66
75.28
106.57
108.85
82.57
85.04
93.41
92.55
95.06
92.45
96.70
99.62
104.19
107.17
122.99
76.94
93.47
82.34
69.16
102.36
88.99
89.29
111.29
106.36
100.19
113.60
108.91
76.52
76.13
76.15
76.62
76.90
77.92
97.23
101.27
104.39
107.52
107.73
99.54
73.11
74.53
76.70
78.21
79.24
91.32
92.40
87.37
89.66
108.87
109.66
107.07
77.59
62.56
78.13
74.77
89.01
77.49
78.28
90.58
105.37
93.49
97.86
118.73
118.76
122.29
77.89
76.99
93.27
69.89
84.37
89.53
87.68
88.65
111.05
108.52
101.96
71.78
60.69
76.98
77.50
61.45
89.71
91.43
80.56
100.97
102.12
104.90
76.41
63.91
61.41
102.47
120.99
74.64
77.13
92.66
92.02
92.94
92.04
92.28
108.89
108.00
109.82
77.60
109.08
77.05
77.11
78.49
97.17
93.75
101.87
106.25
109.10
79.49
98.47
116.73
119.08
75.14
77.04
90.63
93.67
85.11
103.99
106.19
87.92
113.71
84.35
107.73
78.68
87.94
113.12
84.74
91.15
89.46
93.10
91.87
90.90
92.83
96.22
101.17
120.32
123.25
76.66
95.83
65.79
71.00
74.40
106.39
89.57
92.73
95.00
86.75
108.88
107.94
75.62
76.24
75.56
78.62
93.57
124.72
104.93
104.36
118.30
90.05
108.62
116.71
87.01
117.48
122.02
86.42
77.94
136.55
90.90
103.37
95.07
101.41
102.48
103.78
74.74
77.22
76.33
84.32
73.43
84.43
90.38
88.23
110.66
109.25
85.50
104.23
106.05
122.29
76.71
75.40
77.02
79.77
71.75
90.89
93.65
109.93
91.67
108.30
108.27
106.52
121.80
176.76
135.94
127.78
94.93
110.51
109.34
76.61
96.65
106.42
107.66
109.95
121.10
78.85
71.81
73.80
75.29
78.68
90.63
93.45
92.52
106.62
87.78
111.62
94.17
109.80
82.73
107.37
91.39
94.95
99.35
83.23
88.01
118.60
108.96
108.44
102.05
118.85
80.03
75.76
90.61
76.51
77.18
75.82
94.32
95.73
101.12
103.08
107.46
78.55
77.58
81.14
69.01
105.56
92.28
77.68
92.70
88.44
102.17
106.48
107.87
116.95
104.59
122.17
91.96
76.17
86.67
88.92
96.46
102.99
87.69
114.07
105.80
107.41
78.75
78.91
77.45
79.88
78.40
91.37
92.20
96.77
81.64
115.77
104.89
108.55
76.64
114.70
118.51
123.17
94.47
91.45
78.76
94.93
108.56
91.90
102.99
106.27
107.16
77.13
108.53
109.16
90.69
77.74
77.22
83.70
84.31
103.66
107.19
107.11
105.90
111.34
121.97
122.52
78.06
75.47
76.23
76.70
89.18
101.81
96.50
106.74
108.78
120.05
108.93
117.33
113.30
81.89
73.81
89.89
88.30
92.56
102.37
101.15
103.96
105.27
106.50
106.49
116.17
124.65
123.39
78.70
84.08
88.79
109.20
110.61
108.75
107.10
115.91
116.52
116.70
116.52
113.47
115.43
110.40
137.19
91.63
109.44
79.46
100.44
119.26
108.04
115.76
119.27
106.69
120.62
87.65
90.24
107.19
91.80
102.12
108.80
110.89
106.56
107.87
123.07
124.79
79.19
79.62
84.58
89.11
77.78
107.41
106.40
87.20
103.74
109.48
117.35
77.07
77.38
89.17
99.85
144.89
121.08
100.99
95.10
103.84
113.23
84.12
89.65
110.99
77.29
77.26
78.77
79.15
93.80
107.34
94.00
107.83
102.18
114.50
122.74
122.27
121.69
117.31
118.94
90.59
90.16
92.93
107.96
107.09
103.96
107.82
111.23
84.61
72.30
76.65
78.92
90.99
81.57
94.51
136.37
125.80
120.65
88.27
106.24
107.07
107.65
119.72
122.60
108.05
83.58
88.49
90.23
84.15
102.64
106.79
107.44
105.84
107.22
108.38
108.64
79.71
80.81
83.87
104.60
86.70
108.49
109.49
103.34
120.07
106.38
106.36
75.21
77.69
91.35
78.91
83.94
102.97
106.10
106.92
107.71
109.60
74.54
105.66
122.77
113.96
82.01
88.86
89.43
88.16
96.40
99.50
100.28
103.14
106.68
81.27
77.43
82.37
83.67
72.75
88.61
78.61
92.02
105.80
90.29
103.32
106.29
106.61
115.04
77.63
74.07
91.05
77.74
95.98
113.15
118.24
121.42
123.92
125.93
93.56
83.56
84.08
87.71
89.14
108.42
93.10
109.86
106.94
117.56
119.54
74.95
76.47
77.73
77.89
85.90
86.81
88.42
91.83
109.32
108.68
109.38
107.80
76.87
68.47
83.01
89.89
87.53
89.41
91.52
89.30
90.04
93.53
107.57
116.99
107.56
108.56
108.42
74.89
80.42
82.77
88.49
113.27
93.35
107.81
100.77
104.04
75.46
76.18
78.53
78.82
78.93
84.74
89.12
89.29
93.03
90.99
105.96
89.90
92.34
108.42
82.12
77.43
77.96
78.37
74.39
92.32
93.29
97.89
101.38
102.71
103.94
119.31
107.48
106.00
121.63
121.20
88.94
92.08
92.23
90.78
90.40
105.49
108.76
110.99
107.77
102.23
117.17
84.47
95.62
84.47
87.60
87.52
93.90
101.51
112.92
120.29
106.20
120.03
123.88
84.11
74.65
75.33
91.49
91.06
76.82
92.56
101.38
100.95
115.86
106.54
105.46
119.39
121.51
83.54
86.60
93.45
89.96
90.49
102.35
84.44
102.75
118.25
119.27
122.57
122.72
90.72
82.84
90.09
90.30
94.56
92.99
104.10
99.89
103.09
118.01
108.89
121.81
124.44
123.06
92.69
88.94
89.83
93.98
101.87
112.23
107.83
110.41
108.54
121.87
86.89
86.93
87.78
93.37
91.82
104.87
102.08
104.90
117.83
107.48
121.60
78.30
75.89
69.99
86.68
89.68
74.04
91.93
101.87
103.29
124.36
107.95
113.73
117.98
80.43
74.65
77.34
93.34
93.68
79.43
87.91
86.36
103.08
110.28
109.11
104.15
123.05
120.40
123.17
76.96
84.86
134.46
112.85
143.63
134.97
90.94
103.15
110.18
119.25
116.77
127.22
93.45
110.46
117.52
131.95
100.32
106.62
111.94
100.02
113.97
107.52
107.18
77.49
76.23
92.23
77.78
92.68
92.77
90.11
101.87
106.03
108.10
77.74
64.55
68.75
73.09
76.32
91.34
91.21
92.36
86.17
107.12
106.76
106.50
108.25
111.17
107.62
77.35
61.19
75.89
83.79
102.06
104.62
108.09
92.60
106.67
105.58
107.08
118.11
107.47
77.64
78.92
76.01
90.09
90.87
90.96
92.28
103.55
108.40
76.73
65.36
68.44
68.01
84.50
88.81
88.42
88.06
80.95
83.22
105.36
105.31
108.70
107.88
74.59
75.94
73.09
79.71
76.58
77.54
75.18
114.46
86.22
87.51
102.58
121.99
90.88
114.08
113.15
82.15
74.42
90.87
88.41
85.86
77.58
90.57
93.41
91.19
103.08
108.80
91.87
104.88
82.57
76.04
90.20
84.92
78.36
87.42
100.92
103.53
106.50
108.35
121.24
75.30
62.38
80.06
85.15
85.19
92.97
91.31
106.90
86.18
103.10
113.36
105.68
108.39
75.63
77.42
75.86
125.27
88.19
102.00
104.17
108.15
106.96
107.94
110.14
120.89
107.47
118.06
117.43
118.71
124.53
82.20
95.11
77.74
90.87
97.98
102.16
107.80
109.80
107.61
80.94
83.92
86.01
87.05
85.14
109.34
97.97
101.49
105.06
109.72
110.16
77.95
78.06
78.19
72.97
86.51
105.58
77.85
93.84
105.53
94.01
113.52
117.85
105.37
76.29
75.42
78.99
80.39
84.77
87.26
89.05
108.05
94.76
108.46
91.50
114.72
77.26
76.12
75.75
78.32
77.10
78.97
92.49
91.34
92.54
98.33
110.98
116.96
121.26
126.26
112.23
84.35
84.47
83.43
86.74
110.14
106.66
109.30
103.27
105.32
108.97
78.38
107.15
76.76
78.19
77.33
93.55
101.44
102.42
104.93
107.44
108.81
79.53
101.01
119.90
123.32
91.88
76.98
74.98
92.77
89.88
87.89
86.02
99.47
109.93
106.90
109.44
123.05
112.59
82.48
70.81
100.76
87.81
104.21
90.08
106.70
86.18
113.61
76.83
76.66
108.28
76.47
78.23
81.34
82.82
80.87
105.29
108.39
106.65
104.85
104.64
122.34
107.88
115.47
79.72
78.42
76.05
93.22
92.26
97.02
101.88
120.89
76.27
77.92
75.83
66.35
84.21
88.33
88.83
88.29
106.75
110.72
103.10
118.37
106.32
106.92
118.53
89.55
90.46
78.92
82.21
83.10
86.11
93.51
105.59
106.92
109.04
110.38
109.47
109.09
77.20
109.35
77.79
92.54
75.89
87.92
92.52
92.15
92.37
93.47
109.50
108.32
81.01
83.21
82.06
82.89
84.97
107.91
107.19
81.72
105.74
103.96
108.68
109.76
118.31
86.90
77.95
71.71
75.35
87.66
92.71
91.78
91.47
113.96
92.00
93.42
118.08
119.01
121.16
73.92
94.02
81.43
83.18
101.73
83.31
106.13
108.26
108.68
79.17
67.77
71.46
84.79
86.85
93.01
92.62
92.43
103.68
105.02
106.17
107.10
109.07
109.52
123.03
87.14
76.67
67.90
99.89
84.76
89.87
106.94
108.87
103.49
106.15
121.56
125.68
77.90
74.12
77.32
90.20
89.20
94.51
92.71
100.77
107.66
107.63
106.79
106.97
76.26
77.16
72.88
90.21
91.87
93.42
82.34
101.39
106.13
108.22
106.85
76.21
77.54
107.26
75.14
76.55
84.72
84.75
89.32
105.84
112.58
102.28
106.11
118.44
107.75
121.08
122.91
76.27
76.19
79.09
94.51
93.41
107.99
107.71
107.28
106.07
106.76
80.91
78.75
78.87
79.23
79.14
76.38
88.52
89.74
88.76
109.93
107.25
107.84
107.88
106.85
107.01
81.23
69.32
101.34
89.05
109.28
106.55
82.71
101.85
106.56
106.46
76.85
75.84
76.27
70.64
74.01
89.75
89.69
93.17
108.55
91.71
108.73
105.09
107.59
109.55
107.87
78.75
78.39
76.87
91.90
88.06
87.27
95.32
109.55
111.83
108.25
103.50
76.04
79.01
77.51
92.37
102.56
90.43
102.07
93.72
96.95
115.35
117.83
104.31
68.91
78.76
77.94
78.21
82.27
94.57
91.74
93.37
94.63
93.71
109.16
109.70
107.86
83.49
72.47
78.03
77.98
91.98
95.23
94.27
98.79
95.31
125.29
109.23
81.25
64.66
69.52
85.18
88.91
88.20
92.77
92.29
107.09
103.42
106.71
108.48
117.04
108.15
80.13
70.59
73.72
89.27
77.82
93.03
90.36
108.13
105.86
87.23
114.84
109.91
111.52
78.12
77.89
78.62
78.45
93.41
92.73
107.75
101.19
73.28
60.21
77.37
97.88
115.58
85.40
85.65
78.69
78.85
93.94
93.74
96.58
114.68
119.07
108.17
76.61
77.62
67.26
68.09
85.47
88.65
88.56
93.33
91.00
114.15
88.34
109.16
108.24
107.44
75.50
62.37
77.44
78.43
76.45
78.24
92.68
101.72
105.07
81.41
78.03
79.42
80.85
80.12
77.13
94.59
89.12
107.71
96.00
98.68
74.38
71.39
89.88
89.27
91.99
91.83
83.88
84.79
107.86
106.41
107.30
109.55
79.69
60.29
80.23
77.22
78.74
95.21
91.23
89.95
92.18
96.73
114.90
103.81
117.36
89.69
77.79
91.66
115.24
84.77
83.39
88.34
87.47
110.06
108.80
100.51
104.72
107.22
79.51
78.33
78.77
77.71
92.71
86.14
87.12
87.34
90.82
108.44
109.77
108.48
108.76
75.90
68.32
83.52
88.55
87.02
91.98
97.63
84.18
88.68
106.95
106.99
75.72
64.01
77.12
70.56
86.27
87.84
87.99
92.59
92.62
91.44
107.15
105.62
112.30
116.03
120.34
93.79
88.71
93.42
82.33
83.17
85.38
88.36
106.94
108.84
108.35
118.75
74.70
77.09
77.22
78.69
91.82
91.08
90.30
92.98
108.63
107.47
117.96
105.55
106.43
79.80
71.82
89.70
79.27
90.92
92.96
94.04
109.11
88.20
109.11
108.60
107.87
77.74
75.88
78.79
76.82
79.05
82.83
83.39
105.29
105.77
108.24
108.66
115.43
115.45
118.00
122.04
94.31
94.15
92.02
82.78
102.07
105.57
105.39
107.03
109.84
107.52
81.04
74.13
75.50
78.43
77.74
93.56
92.55
92.72
89.93
112.01
109.21
106.22
108.32
109.68
86.73
96.82
150.35
127.61
83.43
92.83
112.05
86.27
105.64
76.75
97.20
116.19
115.28
116.27
87.94
89.76
92.43
80.69
94.78
101.80
104.45
107.97
107.71
76.84
77.73
71.57
73.44
77.15
93.38
92.60
90.51
90.98
106.95
91.13
114.42
117.42
120.15
122.71
123.71
84.52
69.29
84.94
87.56
101.64
109.77
92.74
95.57
102.77
118.82
121.33
91.05
76.50
78.66
92.25
92.03
87.46
88.59
106.91
108.87
107.36
119.01
77.40
70.84
74.00
86.85
76.71
91.57
78.85
93.60
89.82
84.62
91.92
116.52
120.22
75.29
77.03
91.91
67.55
83.10
88.10
85.70
89.37
92.01
110.55
101.14
103.94
76.49
76.08
77.42
79.07
76.22
77.95
90.27
92.74
93.40
93.83
92.20
111.28
109.57
109.43
112.99
120.62
74.28
95.55
92.31
93.90
99.16
100.92
104.76
87.48
110.12
77.37
77.68
76.59
75.46
136.69
132.44
95.06
106.13
119.79
91.25
104.47
109.59
93.95
114.03
109.06
117.55
85.08
77.10
78.76
81.92
100.61
104.17
106.42
107.46
75.63
68.22
71.01
71.93
74.16
85.69
92.13
92.02
86.20
88.77
85.91
108.83
108.12
78.07
77.55
60.60
74.64
82.15
80.52
88.74
86.52
92.02
91.66
105.33
103.01
107.19
77.43
77.53
77.15
77.62
76.82
88.42
86.68
92.15
91.14
108.76
92.63
105.26
107.36
108.99
107.01
108.63
82.27
78.31
77.02
92.35
94.83
92.24
92.03
100.57
95.40
92.43
101.80
75.88
69.20
87.93
87.39
92.71
92.60
93.05
103.43
104.25
110.18
108.53
109.48
78.16
77.11
77.49
76.94
78.93
93.03
92.42
94.05
102.84
109.67
105.38
121.85
79.75
76.29
78.16
78.69
94.11
90.05
94.26
92.08
92.29
93.50
123.16
76.03
74.51
69.64
71.85
90.07
87.23
87.14
93.23
92.84
84.68
108.07
104.61
106.13
76.60
76.48
78.18
77.24
74.31
90.10
94.72
91.94
108.16
91.85
111.79
89.04
111.06
76.28
61.91
78.50
76.46
78.42
77.58
81.52
82.93
103.17
105.89
107.98
77.15
62.64
109.79
112.65
125.12
89.81
86.58
89.19
107.51
97.09
82.94
101.86
106.60
107.02
109.17
79.91
89.81
73.16
88.29
75.43
91.50
91.86
92.47
91.38
107.90
112.19
114.12
118.62
122.17
88.12
75.98
106.54
79.58
84.26
84.80
112.45
87.91
111.00
78.23
66.63
70.32
87.63
76.19
89.56
92.85
107.90
100.88
83.34
106.78
106.77
109.12
108.84
107.57
76.01
73.55
77.46
76.87
91.85
94.40
91.91
94.44
107.05
88.95
115.31
109.56
125.43
78.78
77.68
90.52
91.79
78.55
94.97
92.43
91.75
109.71
110.00
107.34
110.90
79.30
76.86
75.83
75.84
76.71
93.10
80.95
100.30
103.55
74.33
74.00
76.64
61.29
68.56
71.92
90.33
89.29
91.86
109.48
92.03
102.19
89.17
107.66
108.07
82.27
77.20
78.34
92.32
73.06
86.24
94.98
92.29
111.73
92.01
112.52
106.57
75.75
78.60
78.45
80.91
76.91
77.98
91.00
94.11
94.98
91.74
112.50
108.85
106.93
121.58
110.76
85.64
82.97
82.03
82.78
106.28
108.12
96.96
99.61
104.52
105.24
76.11
77.74
77.75
78.55
86.85
83.06
88.55
108.11
107.10
109.20
100.49
102.04
106.12
105.79
82.93
77.86
76.79
92.72
84.02
89.08
89.50
92.62
113.39
108.01
107.67
107.05
80.38
63.25
82.74
83.87
86.15
89.49
88.71
97.23
108.89
100.53
108.50
109.06
114.16
125.75
87.49
65.84
84.90
87.36
88.80
90.75
108.83
106.50
105.13
105.02
105.95
81.40
78.29
78.57
91.14
78.00
90.14
92.61
91.29
91.86
102.58
125.43
77.64
109.74
114.74
117.25
85.89
88.42
77.24
92.17
84.00
101.97
104.98
109.09
109.39
110.33
85.84
92.01
83.35
83.81
87.26
88.12
90.81
107.38
87.72
88.37
108.41
107.08
81.16
70.39
89.85
88.52
63.18
81.45
83.31
100.70
103.86
108.26
109.39
108.67
71.73
68.85
83.22
87.84
89.27
90.58
92.31
85.30
105.32
108.08
106.41
108.47
108.24
108.27
110.85
79.27
80.40
85.04
101.35
103.80
106.57
109.58
97.87
107.63
104.07
80.34
77.29
78.81
92.28
83.91
85.02
89.50
86.57
107.29
107.67
108.82
78.91
72.91
60.73
62.13
79.09
77.31
79.91
91.06
92.43
96.87
101.08
103.44
105.11
76.22
76.05
79.57
69.38
70.92
89.39
88.31
78.17
93.68
92.32
106.48
105.27
107.45
108.76
77.61
80.00
76.84
72.44
74.06
87.36
92.72
90.73
93.88
108.37
109.45
92.21
110.36
78.17
77.91
86.43
90.48
89.40
126.72
95.97
100.98
104.78
105.99
108.39
79.97
77.68
70.71
72.99
87.98
124.47
78.19
96.52
92.09
104.38
105.74
113.67
110.50
118.52
91.90
88.89
91.79
81.00
84.94
83.82
88.55
108.70
110.85
109.36
112.77
105.50
76.80
76.12
76.85
77.94
76.80
75.92
90.09
94.41
93.69
91.71
110.22
107.91
110.15
106.84
75.33
84.07
76.72
79.06
93.80
91.44
92.88
110.77
100.26
118.59
72.55
76.22
77.05
77.57
81.25
84.92
83.98
88.97
87.10
109.13
108.02
102.43
105.36
75.09
59.66
78.44
77.22
91.60
77.42
93.13
100.24
101.04
105.26
107.29
78.17
61.90
67.81
70.23
75.11
88.06
90.94
113.47
88.22
107.59
116.52
89.37
98.58
104.28
75.38
75.06
87.51
77.26
70.00
73.86
89.41
92.37
91.02
92.29
105.00
91.80
92.81
118.25
115.11
119.02
73.23
76.92
78.52
83.65
83.11
103.61
106.65
108.91
107.60
82.54
70.31
71.16
75.08
75.94
77.02
92.65
91.03
92.10
98.26
98.91
102.08
115.64
81.58
75.89
79.59
71.57
76.50
93.74
91.28
92.73
95.42
91.90
104.32
108.18
107.29
106.86
107.43
89.56
87.31
87.44
81.80
83.70
102.49
90.13
107.96
108.56
71.41
69.21
71.77
76.66
77.96
77.19
75.95
76.71
90.40
86.14
109.40
91.75
117.11
72.69
75.34
75.99
64.92
68.79
69.52
88.61
86.59
109.43
108.46
101.27
102.61
105.51
79.40
77.69
77.12
77.75
72.19
73.23
87.76
84.65
88.45
93.61
92.94
105.49
92.30
113.13
109.91
108.47
109.97
78.68
106.17
87.23
95.16
120.28
117.40
72.02
74.85
87.41
92.48
82.72
84.47
86.30
107.21
108.43
107.98
107.73
103.55
75.08
76.02
78.91
91.99
88.78
93.05
92.33
93.38
99.00
104.73
104.12
106.42
107.68
81.51
65.93
84.11
81.86
86.93
88.47
109.66
105.70
99.42
102.27
118.78
120.84
123.68
78.01
76.66
78.37
84.72
87.80
89.24
106.54
108.64
109.68
108.65
101.74
104.90
76.06
78.11
78.15
77.80
93.36
92.60
93.11
111.39
90.01
111.57
107.72
109.39
111.45
74.49
78.70
84.70
82.66
87.43
107.34
92.27
101.50
114.77
102.00
119.41
77.83
77.11
78.59
77.74
86.03
89.83
91.42
93.19
92.40
108.77
110.30
107.45
110.68
115.66
85.05
72.96
87.72
86.87
87.76
96.72
98.55
100.81
104.39
107.09
75.36
78.40
70.13
71.79
88.33
90.17
77.35
92.07
92.17
91.45
108.27
109.21
106.50
109.62
84.09
59.78
77.31
79.12
84.05
82.85
87.28
107.71
89.83
109.31
103.81
107.02
75.58
76.83
79.67
76.33
77.12
79.62
88.93
86.97
108.55
106.62
92.74
107.54
75.71
63.06
81.57
82.50
84.67
87.16
88.18
73.56
107.39
96.57
114.65
117.06
109.70
110.73
109.61
107.50
80.70
80.55
84.46
87.93
87.56
114.17
107.27
101.59
71.52
74.88
79.09
59.60
76.13
92.30
93.05
77.41
91.68
92.01
115.88
104.84
107.80
109.86
113.34
115.03
84.15
83.21
86.89
91.85
91.97
110.29
100.31
102.57
104.85
106.79
109.81
77.99
75.99
70.83
76.31
91.23
94.75
93.02
92.64
112.96
87.32
111.07
105.48
107.68
117.07
78.09
72.06
80.14
78.35
83.82
100.44
104.20
108.29
107.60
108.60
97.30
74.03
82.51
74.57
87.71
88.28
93.89
81.31
102.28
104.15
108.08
109.80
81.60
77.20
78.26
70.51
75.19
88.16
92.09
91.48
90.23
109.54
90.63
112.52
107.14
78.79
63.21
78.09
78.90
78.79
76.85
78.24
91.77
99.15
104.39
107.25
108.09
117.36
116.27
116.49
88.56
89.02
77.74
91.33
92.96
87.57
109.83
109.46
105.87
75.26
61.49
77.05
72.46
77.90
78.92
92.97
92.57
94.56
93.64
104.66
106.93
108.76
108.47
108.97
84.02
79.03
76.77
74.70
77.61
92.92
92.53
92.88
106.35
108.98
109.32
109.73
115.83
117.35
121.79
95.48
92.97
98.00
82.02
87.29
108.72
110.16
107.82
109.33
110.66
75.36
72.25
89.51
87.13
79.29
90.47
91.99
88.86
84.93
108.89
107.84
118.01
72.37
78.32
93.00
81.71
83.12
84.13
88.67
107.48
106.68
109.29
101.04
107.62
76.32
78.13
78.24
76.43
93.13
94.41
87.97
87.78
90.17
98.26
106.17
75.61
89.92
64.94
81.25
82.79
88.92
89.69
93.65
92.05
83.49
84.20
104.94
107.66
107.94
76.08
61.01
77.26
75.62
76.39
98.07
93.24
92.22
91.55
107.07
94.63
69.91
69.06
72.65
75.64
77.35
92.39
92.35
88.29
89.04
93.83
109.36
106.65
109.57
109.12
105.89
75.28
78.80
76.87
87.57
105.01
88.63
106.57
82.38
103.64
119.56
105.28
80.36
76.66
76.12
70.93
74.08
88.44
90.12
93.11
93.37
91.57
90.91
110.04
108.78
105.45
78.09
81.36
78.69
77.21
91.18
80.85
92.06
93.66
92.21
112.92
109.57
105.78
106.52
112.81
85.09
83.24
87.92
91.79
98.65
99.99
102.79
104.60
106.31
77.05
77.33
60.62
72.84
75.82
79.25
93.83
94.09
93.43
108.99
98.49
102.91
107.13
105.35
109.10
78.49
77.34
77.46
78.26
87.51
91.70
90.32
109.31
92.50
114.16
111.04
110.36
112.91
81.65
77.32
76.32
92.40
91.29
83.14
104.74
116.08
118.71
121.67
108.49
82.44
68.44
82.27
72.98
74.89
90.33
95.34
139.02
127.89
106.24
143.47
87.69
100.08
114.73
88.57
107.68
77.28
76.82
92.95
91.59
93.83
106.29
92.60
93.31
115.01
115.37
117.65
73.15
89.69
93.06
92.72
83.37
105.52
88.07
107.27
108.88
110.64
82.33
68.56
71.00
74.93
89.78
89.95
91.59
101.67
89.80
88.97
109.51
107.76
111.36
109.47
111.00
78.63
73.52
87.81
86.47
91.49
91.32
95.45
117.23
104.76
106.80
109.45
81.27
76.26
77.69
76.72
75.01
78.83
93.60
91.29
110.01
93.35
114.15
74.83
64.56
67.34
84.45
86.43
89.72
90.25
89.93
99.45
103.36
105.89
108.01
77.29
59.80
95.78
117.22
94.28
116.15
77.36
92.48
91.72
91.93
91.23
76.93
63.17
81.03
83.97
84.84
89.35
90.08
110.21
108.39
99.43
101.71
75.84
60.15
78.69
76.66
110.46
87.25
105.51
80.18
84.69
91.10
108.72
106.44
108.27
104.67
106.14
106.70
77.17
78.89
76.99
91.59
77.50
93.92
99.29
103.09
104.10
122.18
75.36
77.26
78.41
85.31
72.67
73.62
89.86
92.96
92.40
108.52
102.31
106.57
76.81
61.27
60.59
77.93
75.00
75.58
92.55
97.94
103.21
104.97
107.66
109.12
106.35
99.59
76.17
74.83
77.97
76.85
76.71
91.79
87.12
89.84
84.42
109.33
91.91
107.94
122.56
109.59
113.01
115.66
87.39
87.53
88.81
90.60
91.20
108.31
87.77
118.26
109.07
107.95
82.62
78.31
74.11
77.48
74.91
99.14
103.09
105.46
107.32
94.49
100.69
104.57
76.06
77.51
77.46
76.66
91.53
88.01
88.06
93.61
109.16
107.72
108.31
108.43
108.00
109.95
82.50
78.37
77.87
77.08
91.26
94.73
90.54
105.77
93.21
118.01
118.87
75.44
77.00
79.66
82.96
72.31
90.29
93.55
90.74
90.93
108.51
106.95
108.41
109.52
108.89
84.38
77.01
77.19
79.07
98.62
99.84
103.77
100.26
114.66
76.33
75.85
68.88
70.59
73.13
90.51
77.86
92.65
90.52
86.91
111.00
88.72
115.53
91.16
108.88
107.89
75.27
74.67
79.24
93.45
92.21
92.22
90.74
92.52
91.48
114.39
106.86
110.11
77.26
89.58
88.18
79.31
83.94
82.22
102.12
94.85
103.78
76.05
62.83
65.23
67.71
71.57
89.13
88.30
91.45
103.64
82.88
83.30
104.20
106.91
107.22
82.70
62.30
77.93
71.79
74.80
89.37
92.02
94.46
94.38
81.84
105.44
106.26
108.90
77.38
77.41
77.87
76.92
75.65
77.91
93.03
91.78
91.56
92.46
92.58
127.45
77.49
83.53
84.11
104.60
106.14
108.77
108.64
95.81
96.59
70.73
72.55
89.48
87.47
92.10
82.32
82.70
103.53
108.23
108.17
109.28
108.03
106.45
73.46
78.23
62.77
78.88
78.51
92.77
91.65
90.32
92.25
114.92
102.45
77.79
74.84
89.89
78.14
109.99
126.86
85.83
76.50
78.98
94.01
92.48
90.97
116.91
78.60
61.79
77.81
75.15
78.32
89.53
88.04
93.77
93.06
91.97
89.86
124.96
109.17
114.68
116.32
120.22
121.77
126.45
87.51
98.65
88.79
86.38
105.81
116.29
108.35
121.05
125.32
120.59
123.21
123.51
92.68
92.03
93.81
90.19
90.51
85.86
116.10
100.27
117.52
122.64
76.64
77.63
79.89
97.35
82.80
87.48
90.67
106.87
107.79
101.56
103.55
76.04
76.65
76.73
77.62
77.38
77.77
91.99
95.18
99.52
103.37
105.53
75.30
109.70
78.91
67.34
83.42
86.93
87.54
91.78
91.03
111.34
86.24
107.89
110.16
76.92
60.82
78.65
78.51
78.86
91.69
92.56
91.73
93.66
102.83
75.13
76.11
66.63
101.53
119.11
123.52
127.64
121.12
85.66
80.70
98.62
102.46
103.60
118.81
122.81
75.89
77.68
79.91
67.91
83.80
87.12
90.39
105.04
92.54
100.54
102.76
104.61
108.03
108.50
80.72
77.95
90.18
74.74
90.16
78.75
92.94
108.93
107.87
107.94
108.47
107.08
76.93
108.85
78.57
77.30
91.72
92.15
96.42
97.96
100.78
95.80
103.94
78.12
88.66
65.96
84.78
83.54
88.99
86.88
91.82
110.43
99.96
102.20
103.07
107.57
77.00
78.93
73.62
77.96
87.44
90.12
90.91
98.81
94.19
94.16
90.86
110.03
111.76
115.89
118.89
90.58
75.67
79.16
80.05
82.44
82.64
106.91
108.09
108.53
83.11
61.96
68.37
83.12
82.78
89.03
89.15
89.39
93.71
99.83
99.48
101.70
105.00
107.83
154.88
105.82
118.14
89.70
110.58
81.65
100.66
91.91
107.95
108.40
101.12
104.24
76.74
77.98
78.68
77.87
76.51
85.75
73.49
90.36
93.76
90.26
92.74
108.98
106.98
110.25
80.98
67.31
85.21
90.06
88.93
91.58
82.33
107.27
104.49
106.94
124.87
76.99
75.33
76.73
75.68
78.81
92.63
77.59
92.46
93.98
112.85
90.14
88.72
110.07
117.78
78.98
78.87
77.05
78.56
83.40
83.23
89.69
87.14
115.86
108.10
107.24
107.12
82.67
77.57
62.42
77.68
76.20
77.15
78.19
91.79
97.29
71.73
106.80
76.58
62.02
100.41
71.26
73.48
88.67
88.52
93.04
92.87
93.15
102.72
105.47
106.02
79.72
60.19
78.10
76.07
87.09
89.54
92.33
77.58
92.77
107.29
73.67
77.08
96.86
99.58
72.39
71.89
88.13
89.86
90.87
99.14
83.94
105.84
107.22
91.97
110.20
106.90
79.14
78.16
79.03
77.58
91.78
79.37
91.47
106.59
95.72
115.09
100.71
110.80
78.98
76.52
87.93
92.21
67.86
96.58
89.06
88.70
104.89
110.55
93.53
107.85
76.59
61.59
78.96
76.65
79.16
76.52
89.83
93.30
91.73
107.89
107.67
108.95
111.24
108.54
110.45
109.91
77.35
77.45
77.84
89.14
94.90
92.64
97.44
118.86
103.11
75.86
73.85
90.31
91.24
82.92
84.92
88.75
89.18
109.89
91.80
110.59
103.70
73.00
77.93
62.72
77.54
77.43
77.99
73.21
89.56
88.92
92.54
91.80
110.31
108.61
108.53
106.35
121.56
125.38
125.99
109.83
120.62
133.17
85.37
98.24
109.13
104.90
75.63
75.26
111.18
85.80
88.67
110.73
86.42
85.45
88.34
108.70
106.73
107.06
102.76
106.49
108.12
77.06
77.62
72.32
89.41
78.17
83.00
84.67
87.92
85.33
114.30
108.77
75.15
103.86
119.81
73.60
76.63
79.62
92.87
91.66
88.20
87.75
88.70
90.73
105.88
109.06
122.52
76.63
64.25
84.49
80.29
87.70
106.53
87.24
112.44
98.93
116.59
119.92
121.04
122.91
122.96
78.16
90.55
82.39
82.91
86.80
87.07
90.46
114.96
109.65
102.16
121.39
74.49
76.99
76.20
87.67
94.80
79.68
97.56
99.36
102.80
107.43
115.62
86.50
67.32
83.28
82.10
88.75
75.39
102.04
92.14
109.37
84.46
109.49
107.52
111.15
83.35
77.64
80.38
76.99
88.20
88.47
86.95
91.95
92.51
94.13
91.28
110.57
109.05
115.84
108.78
120.65
91.92
87.82
80.12
101.48
83.20
104.33
74.34
107.99
107.38
99.26
117.40
120.41
123.50
78.67
90.45
91.27
108.34
89.38
87.47
112.88
93.06
109.07
77.27
76.08
107.14
87.43
111.91
95.88
100.96
92.99
106.35
116.29
97.41
98.39
117.99
119.24
87.81
89.04
78.49
82.26
82.66
104.89
108.09
107.55
107.88
107.06
108.26
108.18
75.50
76.13
78.58
91.86
92.29
92.94
90.72
92.80
113.67
118.36
119.78
89.61
77.86
90.59
82.16
83.14
87.90
89.34
94.09
91.80
108.24
101.92
103.06
122.86
106.70
77.49
78.43
93.24
86.17
87.78
87.42
84.34
107.12
92.59
93.68
112.52
76.48
61.05
83.64
83.85
88.50
90.34
91.96
86.08
88.72
86.70
108.30
107.30
75.86
60.97
60.80
106.99
77.48
85.71
88.23
87.77
93.99
114.04
97.86
117.92
105.90
81.02
76.11
79.70
92.68
82.94
85.40
83.70
105.42
108.98
108.77
108.74
79.49
67.50
102.07
75.08
78.08
93.12
92.15
91.55
86.22
104.46
107.73
108.36
107.41
107.50
110.28
75.75
75.34
77.90
92.19
92.94
92.00
92.40
92.79
89.88
94.57
112.32
116.88
120.17
75.98
87.45
80.17
83.44
85.66
104.68
86.02
116.57
107.08
76.34
70.98
73.77
76.55
107.09
124.99
88.52
77.39
75.91
87.01
93.43
110.62
109.23
120.80
77.17
76.66
66.82
84.40
88.03
88.75
84.59
92.86
92.13
105.92
89.97
107.56
107.48
107.02
108.94
76.44
76.74
92.87
77.45
85.27
88.04
107.27
108.29
77.61
67.72
69.96
72.49
73.50
90.57
93.85
91.98
83.44
83.60
106.39
108.87
109.47
108.61
107.34
103.84
76.15
76.77
82.99
74.05
90.35
109.41
93.04
102.01
101.64
104.49
74.72
77.08
77.46
77.76
70.35
84.74
82.65
88.39
87.04
109.48
93.30
110.68
106.62
108.91
106.85
108.45
78.15
76.34
92.43
92.93
77.55
95.26
100.98
103.66
74.94
76.10
76.91
68.13
69.87
83.42
86.27
86.83
89.51
108.92
97.24
100.56
104.46
122.54
122.71
78.90
76.16
77.98
74.46
76.08
96.02
92.91
92.26
93.28
107.99
103.44
108.28
76.98
59.26
76.75
77.56
78.41
74.82
87.05
93.25
91.60
100.61
105.04
75.01
76.40
68.12
68.65
73.87
75.54
90.79
93.54
92.81
99.42
101.80
104.42
104.82
76.75
62.59
77.38
79.42
72.87
77.66
77.63
91.38
104.22
107.29
108.88
96.34
98.57
116.82
117.67
122.07
77.61
91.64
91.03
84.39
104.57
86.80
115.46
106.85
108.52
101.04
74.63
105.25
74.79
77.42
89.25
77.07
91.45
87.59
89.60
106.26
109.13
92.25
108.01
79.03
77.31
76.66
78.04
76.57
76.51
92.38
91.84
92.96
92.30
96.77
117.14
119.37
73.60
77.73
94.69
90.58
83.81
84.91
103.42
89.56
92.65
111.32
110.24
116.29
116.29
120.14
72.73
91.02
91.41
91.00
85.87
87.21
87.30
115.38
107.86
107.61
109.93
104.81
77.16
82.04
81.37
87.49
87.67
85.66
91.99
96.66
101.45
104.71
106.71
108.75
120.15
77.79
78.15
72.78
88.14
87.72
94.35
90.36
110.27
91.96
106.37
107.40
76.03
77.38
76.52
80.15
77.78
75.88
86.30
91.71
94.12
91.47
108.38
106.17
107.54
74.54
68.02
80.51
88.05
87.69
91.74
92.90
83.28
103.61
105.38
106.33
108.95
107.56
107.95
119.12
76.47
77.28
90.69
94.47
91.62
104.05
110.72
109.71
114.19
116.31
88.19
85.77
78.09
78.54
83.10
83.99
87.94
86.77
91.16
107.48
107.80
106.02
73.53
76.79
78.45
85.14
87.71
83.75
90.98
102.06
104.71
108.04
107.26
110.27
110.47
79.14
77.13
76.83
77.53
76.06
94.79
91.96
95.57
112.24
107.42
110.42
78.69
76.50
76.50
76.59
91.07
73.06
81.17
83.71
101.64
104.36
74.72
61.64
77.44
99.39
116.26
119.35
92.09
89.61
91.37
91.57
85.92
84.35
89.27
117.20
108.31
109.17
78.25
60.83
73.98
76.11
78.71
78.91
101.40
94.00
90.81
88.46
91.77
109.34
109.36
108.72
81.17
74.70
79.09
83.85
103.09
104.99
108.26
107.95
108.26
99.27
101.45
80.45
71.22
75.37
89.87
92.72
91.77
82.84
100.91
102.84
105.30
107.00
78.16
78.23
78.55
68.39
73.69
76.84
93.82
92.18
91.00
92.37
89.40
112.17
94.00
112.46
76.32
61.04
77.91
75.55
77.28
77.13
93.56
90.57
113.50
76.40
101.10
111.56
116.42
118.70
73.49
89.24
72.16
94.30
115.12
79.79
79.95
102.71
106.35
107.71
108.45
107.80
105.37
108.04
111.66
79.22
92.14
88.74
88.94
108.00
97.28
99.88
105.25
106.09
78.66
76.65
75.63
93.72
86.18
85.66
89.45
108.42
108.56
107.36
91.99
105.58
106.38
109.00
115.01
108.37
81.12
91.10
72.36
100.05
99.89
100.61
104.28
105.57
74.26
79.47
65.80
68.47
84.81
88.67
90.91
93.52
92.54
104.93
103.41
105.73
107.36
108.90
107.62
107.69
105.66
77.04
82.08
82.88
90.57
89.51
93.23
89.70
100.04
119.12
74.45
76.61
78.21
78.17
77.51
86.90
89.14
87.82
91.00
91.05
91.95
112.92
108.42
109.27
115.00
117.97
90.10
87.46
90.22
107.32
97.56
99.49
101.31
105.88
77.01
75.99
78.47
110.65
82.13
83.59
87.34
88.39
87.33
111.41
93.28
99.91
104.07
76.77
61.57
76.30
79.71
78.76
75.22
87.87
92.50
92.42
92.08
91.41
113.17
75.76
63.22
61.98
82.41
81.86
89.61
88.75
90.86
97.62
102.18
82.44
116.08
106.33
77.90
77.06
77.88
70.77
73.86
86.77
89.27
88.54
108.64
92.78
101.40
99.96
104.85
109.00
109.59
79.97
90.92
75.68
75.92
93.35
92.16
94.61
92.28
101.51
114.00
107.08
108.48
77.98
78.58
87.04
76.72
95.01
76.78
93.03
97.25
93.22
101.80
113.61
121.50
77.87
66.08
84.84
85.69
86.51
107.43
92.51
107.34
99.68
103.07
105.33
79.80
61.90
75.85
77.50
73.19
76.01
88.33
109.97
93.79
91.35
112.46
107.40
108.63
107.23
81.39
70.40
86.52
75.95
107.37
94.24
92.52
77.71
116.13
104.05
76.01
76.10
78.26
109.05
76.72
84.49
88.25
107.34
92.68
112.41
95.75
114.08
102.44
72.70
59.52
63.55
76.57
77.39
69.27
73.66
76.21
93.27
90.77
93.61
85.54
88.72
114.11
105.73
110.59
119.13
125.58
123.39
127.71
91.96
86.63
91.61
100.21
113.98
109.31
108.75
114.09
81.62
77.57
73.31
75.45
92.14
92.06
93.08
97.49
103.50
117.53
123.52
78.08
75.50
76.81
67.81
79.99
86.81
87.78
92.99
99.95
109.31
104.48
108.01
107.03
116.69
81.82
74.81
74.80
90.50
79.00
95.00
102.32
104.87
109.13
107.33
113.48
116.09
84.67
72.99
87.66
92.20
94.03
92.73
94.66
102.24
106.62
109.93
110.16
108.30
121.45
80.85
69.91
75.73
74.87
92.29
93.26
93.24
109.22
90.49
103.60
107.09
117.05
79.05
83.19
87.98
91.60
81.17
101.22
102.50
105.82
107.51
117.75
79.45
63.76
68.95
72.75
89.83
77.26
89.76
102.30
86.86
88.26
92.43
107.62
108.17
106.48
115.50
82.10
74.90
78.51
80.22
88.70
78.83
91.13
107.55
97.49
99.75
103.65
74.93
76.64
77.58
79.31
85.48
89.31
78.00
90.40
106.64
91.60
108.70
108.36
109.92
113.43
83.31
70.63
89.58
85.57
94.32
85.90
88.56
87.71
107.16
107.23
108.67
107.92
116.56
83.22
73.84
72.15
73.81
92.83
84.63
114.71
96.28
106.32
117.08
103.46
112.26
121.71
86.80
93.87
82.94
74.77
87.49
107.53
108.36
90.54
106.62
113.15
123.46
124.29
125.62
123.79
88.46
93.28
89.26
86.47
93.12
112.65
94.56
118.66
123.23
89.87
109.70
115.67
128.59
95.13
86.24
91.75
100.21
104.66
103.58
117.55
108.55
119.81
124.33
122.59
117.66
120.22
87.25
87.71
101.22
92.97
93.19
102.63
105.33
108.52
120.28
124.33
121.74
88.60
88.62
88.47
76.10
99.57
110.51
104.44
116.33
109.68
111.64
118.44
123.31
90.85
72.57
90.45
102.89
93.06
104.17
88.02
108.10
106.61
128.41
107.03
118.00
83.63
107.19
131.64
95.51
83.97
105.64
108.59
109.55
112.17
102.19
114.63
108.05
116.17
84.29
76.23
70.85
88.59
87.51
77.28
92.40
109.84
106.93
108.14
76.60
62.10
66.45
81.19
86.56
94.60
78.49
95.29
98.60
101.80
120.93
106.36
75.19
77.23
78.47
83.71
72.63
88.69
88.73
91.92
92.04
93.04
104.14
108.01
109.12
106.45
76.49
75.94
91.63
78.11
81.90
79.58
84.43
105.37
109.11
109.30
79.94
66.94
68.12
69.17
72.69
89.66
87.32
92.35
81.64
100.68
87.53
107.32
108.95
108.92
111.19
102.02
75.01
76.21
87.48
77.95
93.05
78.82
90.04
92.14
94.67
109.58
117.20
73.54
76.99
93.18
80.92
83.91
74.28
89.51
85.30
92.89
112.19
99.09
102.84
76.62
74.83
76.89
77.79
90.32
92.01
90.18
88.68
108.86
91.23
110.86
107.81
105.53
111.92
113.98
86.60
82.34
74.62
88.06
93.33
91.60
85.67
105.34
107.57
107.84
116.08
75.03
76.47
76.04
88.72
78.93
91.65
91.21
93.49
91.76
109.57
109.19
109.42
111.41
109.05
79.18
78.82
78.60
92.29
93.43
96.77
100.73
102.54
76.27
75.59
61.63
66.98
69.23
69.82
82.76
88.74
108.24
93.44
98.23
97.33
100.12
117.79
120.78
76.04
77.56
92.40
66.48
83.55
89.44
108.27
94.93
110.14
99.72
102.91
104.40
106.95
78.06
78.41
92.64
78.12
85.74
89.45
88.70
87.48
111.38
106.27
107.23
106.82
111.18
110.48
110.94
89.06
86.36
87.38
115.17
97.28
99.06
104.09
107.70
109.14
109.03
78.19
60.20
60.33
77.43
82.29
92.95
103.41
76.79
103.00
72.96
83.52
104.92
78.32
73.61
75.93
77.91
90.82
72.68
89.64
88.84
93.54
93.85
107.51
91.73
108.08
109.66
112.57
115.16
71.76
95.99
89.27
92.81
80.57
99.77
102.85
104.64
75.08
76.62
78.96
78.31
83.70
70.92
90.53
91.13
108.66
109.16
99.65
101.41
103.49
74.40
61.89
77.65
78.38
75.87
88.68
89.59
91.84
99.57
103.87
106.07
107.47
106.68
103.06
105.46
76.40
78.45
76.75
95.44
93.66
86.38
91.22
93.22
91.88
114.14
107.04
77.79
61.95
77.62
76.15
78.72
93.57
92.30
92.07
91.37
108.64
93.29
92.15
109.71
107.88
88.35
90.03
78.90
81.70
99.59
102.20
105.21
110.01
109.87
106.03
100.46
75.34
72.31
77.62
77.54
80.68
91.91
83.25
84.41
88.72
109.66
109.00
107.12
80.81
71.05
71.49
76.32
75.66
78.96
92.37
92.22
75.44
92.38
93.35
115.14
108.69
115.81
108.01
92.42
92.79
80.78
81.04
86.29
102.79
106.90
106.12
98.59
102.58
73.12
76.12
76.75
80.02
63.44
76.48
87.40
87.66
92.31
92.09
112.66
109.14
111.05
76.87
74.52
61.48
76.50
77.57
77.20
93.90
91.85
93.61
97.37
100.95
110.04
80.31
86.66
79.75
86.41
79.64
83.64
85.12
86.50
108.62
110.98
108.60
98.12
99.98
122.85
73.44
87.43
76.23
92.50
84.22
81.62
88.98
105.68
106.59
106.44
107.22
100.52
116.90
119.37
123.64
94.02
90.75
93.39
91.92
87.44
107.17
85.74
108.84
108.11
109.61
111.28
106.82
76.01
78.32
78.18
79.75
90.85
102.81
107.31
107.23
115.68
115.58
118.48
122.03
123.25
95.44
80.05
82.01
81.78
101.41
85.54
107.51
76.85
62.34
100.05
118.72
72.08
85.22
74.79
80.08
105.76
96.84
100.89
84.26
104.21
106.66
79.70
78.34
78.67
67.73
84.51
89.69
90.13
92.01
91.96
92.12
103.24
91.12
108.24
108.90
109.58
83.26
78.62
69.02
85.17
83.71
83.57
90.45
109.19
108.90
76.69
103.02
109.12
79.43
76.63
76.74
77.98
76.82
78.85
96.55
100.24
105.77
105.30
109.31
81.19
77.05
68.16
70.75
90.69
76.68
92.32
93.34
90.76
88.20
113.75
110.92
127.48
110.06
149.95
156.28
128.65
110.12
148.27
136.13
132.75
79.65
92.42
113.54
87.02
108.03
81.46
104.93
78.54
104.29
76.71
93.02
92.31
92.65
99.16
103.29
73.34
74.60
78.02
66.44
68.50
83.95
83.64
106.02
89.29
115.62
96.86
100.66
104.95
74.00
76.20
76.75
77.42
77.65
73.52
91.07
91.72
91.25
92.40
108.63
106.16
95.52
73.83
68.88
70.74
75.08
90.88
87.81
79.93
101.94
83.75
103.65
107.70
108.57
109.11
77.59
96.74
117.96
87.79
85.91
88.87
87.33
109.17
99.48
101.71
104.81
107.38
118.13
107.06
82.10
75.53
75.81
76.10
88.63
91.12
92.92
91.70
108.82
108.69
109.65
109.09
109.33
80.97
76.03
75.79
78.77
95.64
92.86
93.91
92.12
107.59
122.07
95.80
114.36
117.72
119.73
90.08
88.58
92.43
94.15
85.69
107.09
90.04
93.49
112.86
107.53
79.34
75.95
74.19
74.41
94.21
93.23
92.95
93.86
92.52
90.19
109.96
113.63
108.80
118.79
89.55
77.06
79.97
81.16
100.04
102.99
108.94
109.25
109.25
107.93
119.86
106.08
123.12
85.39
77.29
77.59
77.93
89.77
90.41
95.04
112.71
108.86
108.83
105.27
114.64
120.19
121.95
132.38
89.64
90.86
109.06
90.78
93.13
108.52
115.49
104.42
123.04
75.08
89.89
108.94
109.51
80.48
99.89
103.73
107.22
107.92
124.14
111.20
113.63
118.56
88.58
90.20
90.53
78.20
80.57
99.81
102.63
88.35
108.75
107.90
77.53
59.69
73.80
76.49
78.28
79.13
92.22
91.75
91.36
91.07
110.45
107.18
107.79
107.60
79.61
63.15
77.11
64.38
84.71
82.27
105.22
108.65
105.26
98.30
101.54
106.14
79.99
75.98
77.92
77.88
93.28
72.50
89.87
89.96
91.61
107.50
108.92
108.32
110.53
112.62
113.75
119.28
92.17
87.48
87.91
92.46
102.18
103.94
73.57
60.87
61.77
79.67
77.27
79.38
73.83
90.17
88.59
90.86
94.13
107.71
92.65
109.13
108.30
114.70
117.34
120.55
94.84
88.93
80.43
99.13
102.62
86.77
109.41
107.97
109.97
101.72
74.61
70.88
76.35
91.52
92.66
77.56
91.51
106.90
105.18
106.29
107.16
108.96
108.23
75.21
76.97
78.14
82.68
84.74
88.88
89.19
109.16
108.47
100.99
116.85
71.68
74.25
77.40
76.17
91.20
85.26
72.30
89.37
88.13
109.06
109.12
108.38
108.65
107.14
83.18
76.31
70.58
84.56
90.80
91.72
98.79
100.71
101.19
73.90
105.89
75.67
90.95
77.22
67.98
67.77
83.36
89.65
109.00
106.60
108.27
100.13
103.00
106.19
76.24
77.88
76.18
77.96
84.80
84.45
89.43
89.75
90.18
107.44
109.30
87.71
110.42
108.20
79.71
78.38
77.10
92.72
78.82
91.60
91.66
98.96
101.67
73.34
73.94
77.07
64.43
67.55
83.59
88.43
93.63
90.33
92.03
91.86
89.68
92.22
97.96
101.96
78.71
76.10
78.10
64.59
66.75
83.94
105.31
107.94
106.06
107.63
108.35
73.55
58.72
77.72
77.59
77.64
93.91
76.92
75.45
89.16
90.44
108.52
93.58
113.42
90.51
117.13
88.01
111.97
113.53
88.61
84.48
88.84
107.98
104.91
100.39
88.12
108.46
109.94
107.61
108.36
78.52
72.85
77.29
89.96
93.01
92.09
91.16
107.02
108.33
108.64
110.20
108.84
106.44
76.67
89.81
75.12
80.26
84.04
101.10
105.97
108.20
110.63
75.61
77.57
69.32
71.69
90.03
88.12
94.23
92.49
93.08
85.66
112.17
107.22
109.11
77.05
61.24
78.95
78.10
76.48
77.84
78.28
90.99
93.64
90.12
107.71
111.12
114.23
116.38
118.54
92.52
91.06
90.25
77.15
77.03
97.88
102.46
105.73
107.14
109.26
76.55
66.86
73.43
75.46
91.31
78.43
77.10
108.83
87.47
107.02
108.08
106.61
106.17
120.34
124.21
109.47
80.45
83.77
83.97
86.85
105.23
108.94
105.60
98.57
103.51
74.45
76.22
75.10
78.22
77.62
90.76
89.37
94.42
92.17
110.04
92.12
113.18
104.55
107.95
77.68
78.56
77.87
77.83
79.77
92.11
90.30
95.39
99.66
72.72
73.04
74.39
77.26
78.69
82.79
83.82
86.17
87.20
88.38
90.56
107.01
103.50
105.43
107.63
77.22
75.95
77.25
76.36
75.42
87.85
92.98
92.85
94.21
91.81
92.89
91.80
111.91
113.67
117.49
89.18
90.86
92.39
91.12
86.33
104.38
106.95
108.85
107.94
108.25
107.44
106.21
74.88
76.59
89.86
92.31
91.94
92.20
91.61
90.67
117.28
106.01
107.62
77.59
60.81
92.05
90.14
91.86
113.14
102.72
71.50
105.71
77.65
91.37
84.07
85.62
88.06
90.82
91.71
110.55
105.91
103.07
106.85
107.75
77.77
77.70
77.64
77.95
76.57
88.26
92.89
92.65
92.07
93.69
113.36
122.57
112.27
114.79
87.44
86.01
87.62
107.37
89.95
76.92
85.09
102.99
106.61
109.39
78.63
76.06
80.60
68.63
72.90
74.21
90.91
91.17
90.77
92.35
106.64
108.57
108.63
109.62
78.90
77.40
77.99
72.26
74.74
90.51
76.70
78.36
93.16
108.75
105.14
108.13
108.00
108.38
85.82
77.54
76.85
90.84
95.25
92.91
108.42
115.06
119.02
73.97
76.34
77.95
79.84
68.85
84.47
83.17
73.64
92.50
94.87
102.66
104.80
105.07
74.09
77.06
78.00
78.43
91.33
70.67
85.72
90.22
93.51
91.34
90.17
113.03
107.60
107.54
79.30
79.25
87.04
89.10
108.35
93.98
78.83
94.52
92.60
91.74
107.81
109.70
108.56
76.79
76.11
79.63
76.98
86.85
88.81
114.54
97.70
101.12
102.78
105.32
77.76
90.42
78.09
75.90
87.34
88.41
90.17
90.16
92.21
90.21
109.41
109.37
108.38
108.93
78.73
79.08
78.11
77.85
91.94
87.32
97.31
101.88
104.93
107.90
109.33
84.73
67.58
70.35
86.39
88.53
90.07
92.00
91.12
103.05
107.17
88.97
115.58
111.00
78.58
77.47
78.15
75.67
90.45
92.95
92.17
91.78
93.65
117.34
81.80
110.88
85.16
106.80
108.33
109.78
78.05
89.83
93.93
80.00
84.98
102.71
105.84
110.44
77.92
77.79
66.02
69.77
85.61
74.22
89.76
93.44
89.94
101.50
102.44
87.58
108.48
109.43
82.49
77.47
77.83
73.79
89.87
91.09
92.21
77.14
93.05
93.70
109.63
92.86
116.18
115.74
120.29
73.37
89.02
90.85
83.65
84.53
104.10
106.93
109.11
108.87
108.19
116.45
117.83
72.82
91.04
93.42
92.03
87.00
86.52
87.48
104.77
107.00
106.22
105.80
78.33
77.18
74.99
78.17
78.15
77.08
77.40
91.58
92.59
75.90
98.05
102.56
77.82
76.82
78.04
92.77
92.34
85.75
90.73
93.61
91.79
92.52
107.18
106.74
88.96
69.53
62.02
61.02
88.72
87.44
85.32
98.47
82.75
83.19
105.48
107.06
106.01
108.95
78.63
75.09
77.41
80.28
77.71
92.28
104.11
107.22
96.43
102.02
104.25
107.11
76.60
77.67
60.87
77.41
75.74
77.85
93.27
91.47
92.80
92.35
114.06
93.21
114.55
114.07
119.07
91.32
87.62
90.84
84.94
89.06
89.26
108.30
106.77
108.34
106.68
105.71
77.93
80.23
83.19
77.85
87.30
106.55
106.60
97.11
100.85
105.49
106.94
107.78
80.23
75.95
79.27
73.17
89.94
86.67
89.92
91.89
90.98
108.59
91.28
115.19
116.42
118.31
89.42
89.55
91.78
90.63
86.38
89.09
109.00
107.97
107.30
109.00
109.03
75.56
73.26
76.83
89.10
80.63
93.76
90.40
84.02
106.65
107.08
109.47
109.62
108.99
79.67
76.43
74.92
89.22
79.61
76.17
93.56
94.47
92.44
89.74
108.33
108.63
109.81
76.17
76.01
77.51
92.21
77.18
98.26
100.80
104.74
121.63
124.62
95.36
104.87
112.66
118.83
130.02
95.19
90.73
98.71
102.65
104.63
106.80
116.38
108.55
117.43
127.03
120.16
120.53
122.48
89.99
93.21
91.95
92.70
102.29
107.33
120.52
84.53
77.36
88.07
86.75
103.09
106.24
104.94
105.16
106.37
120.93
82.81
69.90
70.63
68.67
87.14
74.06
105.36
108.93
90.82
98.02
107.71
107.69
120.19
108.80
117.42
139.13
119.02
109.29
123.05
87.63
95.77
103.86
108.52
109.17
108.73
116.35
126.31
124.26
122.86
87.69
103.69
103.56
106.14
96.42
108.43
104.65
114.90
107.69
108.77
109.21
119.31
86.76
72.64
92.66
92.05
102.38
110.64
106.89
107.32
116.69
110.08
116.91
125.54
123.51
122.71
86.18
102.31
75.02
108.05
104.21
101.80
112.49
124.55
89.73
105.07
112.77
114.10
116.81
121.62
84.03
96.36
107.88
116.80
83.56
105.59
114.54
127.96
92.73
107.63
84.78
77.01
103.56
88.21
112.55
108.70
108.77
116.45
117.46
122.39
126.18
121.67
91.00
90.88
88.11
91.10
91.06
92.60
92.07
91.46
110.35
107.34
111.97
114.07
119.08
94.37
89.91
109.29
94.66
98.09
100.16
105.55
105.79
107.43
79.67
75.18
70.10
83.85
89.94
88.94
91.74
91.51
107.90
107.25
88.69
116.47
107.06
116.43
120.69
75.76
91.97
81.03
83.11
84.17
105.41
106.82
106.54
108.82
114.29
114.83
70.55
74.81
89.95
89.89
90.69
90.33
85.09
89.84
105.71
88.84
114.35
108.96
75.80
72.48
74.90
77.45
77.57
91.30
76.94
90.83
91.96
93.07
96.84
116.30
72.97
76.79
75.87
78.28
72.98
74.83
76.40
92.91
77.59
92.24
112.44
107.46
108.33
109.84
78.09
78.02
72.65
76.22
78.07
94.18
93.45
89.96
100.39
104.81
107.98
77.73
65.88
72.50
74.21
89.15
79.16
90.49
91.50
86.80
108.59
107.77
110.90
107.80
110.95
80.48
77.18
74.42
76.63
76.84
92.02
91.01
119.41
123.96
109.86
111.78
116.44
118.34
121.29
88.16
73.62
92.19
86.46
88.38
86.99
94.08
91.92
105.91
107.83
106.20
119.86
81.97
71.22
100.56
95.95
91.79
90.75
90.94
112.52
116.04
118.39
121.41
90.16
75.15
81.55
78.40
87.60
105.09
107.57
109.49
108.86
110.23
115.84
117.60
122.35
124.83
86.02
91.34
93.87
84.74
102.86
105.49
109.17
109.77
108.15
120.88
118.57
120.72
123.83
125.17
86.21
91.98
72.63
100.37
87.64
93.22
106.11
109.15
108.09
110.44
121.01
82.25
86.45
71.73
69.67
101.33
91.70
91.59
99.87
109.44
117.40
108.12
118.71
88.87
85.88
93.98
128.39
95.21
86.71
88.47
107.90
109.41
117.30
101.88
112.56
122.60
87.71
71.61
71.98
90.96
99.63
84.33
88.38
105.22
110.68
113.99
110.66
113.49
121.66
85.47
71.99
91.35
101.00
91.67
97.21
89.33
98.90
112.70
116.72
86.80
61.96
69.64
110.63
85.92
93.67
93.33
90.74
102.04
105.39
114.35
105.62
115.70
126.42
123.56
82.28
70.38
70.09
86.19
85.49
86.45
92.41
101.43
102.55
110.14
118.06
118.17
130.92
86.74
87.61
92.03
103.56
107.74
88.15
100.85
111.57
119.87
109.24
117.95
121.32
115.68
128.90
84.63
88.06
106.52
107.52
111.21
117.97
100.74
113.56
109.28
117.89
126.99
87.25
91.10
92.97
88.09
85.92
104.27
111.73
106.87
120.80
122.88
122.13
82.60
73.05
87.11
87.67
92.99
104.48
85.05
86.46
107.56
120.81
124.09
112.07
116.93
122.32
125.25
121.14
85.26
100.75
92.25
91.61
102.45
111.78
107.56
108.97
118.60
109.98
121.49
86.49
71.82
94.67
98.04
102.41
106.02
107.03
108.92
122.53
116.65
117.81
82.97
95.33
90.95
94.16
92.68
101.84
104.79
107.69
105.65
118.42
106.48
109.26
106.01
114.94
84.18
92.82
89.84
92.68
92.65
92.83
91.38
109.72
110.72
109.45
77.10
76.09
77.08
92.35
77.41
95.98
100.01
102.10
105.25
109.46
108.16
106.83
81.04
70.04
75.08
77.01
90.83
90.43
93.06
106.36
85.42
108.26
109.37
109.20
110.00
109.97
76.21
78.32
76.35
93.27
102.85
107.67
107.66
97.55
100.89
104.16
76.97
60.65
78.63
78.06
78.49
86.86
87.15
92.62
91.39
91.97
92.63
108.68
108.40
78.81
83.90
86.29
88.31
88.72
94.61
80.46
100.90
87.45
108.12
108.56
106.30
79.20
62.78
73.42
75.20
76.77
93.01
80.11
93.44
94.82
85.26
106.11
107.82
108.26
110.18
77.20
78.18
78.00
90.61
93.24
87.11
93.22
91.17
113.98
106.99
105.35
106.93
77.56
76.43
62.55
78.54
77.12
92.44
78.08
92.53
98.89
105.64
107.53
82.52
78.46
67.91
70.52
72.07
88.78
87.18
89.03
115.63
108.40
98.33
101.03
73.55
73.94
75.58
77.29
77.86
71.97
88.76
88.02
93.52
92.53
91.33
92.06
105.04
108.89
108.70
110.14
108.17
77.35
77.09
92.49
96.23
98.58
100.78
104.90
106.96
106.66
80.63
70.03
71.13
77.33
92.23
76.32
77.56
91.76
91.09
94.79
98.80
100.63
116.67
105.97
108.01
76.94
62.23
81.23
84.34
87.68
87.74
107.94
110.25
98.75
116.53
119.39
120.31
77.79
75.55
91.28
90.72
87.34
87.31
108.93
89.89
108.19
90.91
110.51
108.75
81.63
63.12
107.81
77.39
96.20
106.32
95.09
96.50
101.29
102.52
74.80
77.86
77.75
76.51
69.59
89.46
76.91
78.39
90.62
92.21
91.99
92.18
92.68
109.21
78.18
71.86
75.98
88.78
90.59
82.07
85.48
88.12
87.70
117.23
108.21
77.12
67.31
70.26
76.29
78.91
91.56
92.95
76.47
87.85
92.56
92.91
109.46
92.04
112.18
111.66
79.03
109.24
79.34
75.81
78.19
91.01
94.60
99.53
94.67
99.23
72.40
71.20
76.62
78.50
90.02
91.47
86.28
87.62
90.32
107.93
107.40
92.37
111.43
104.08
106.92
78.33
75.17
77.14
78.08
92.42
92.46
94.78
93.46
92.69
110.50
91.88
112.36
123.63
78.70
65.29
83.82
83.32
89.58
109.30
107.85
101.69
103.51
106.77
108.36
75.42
77.46
111.28
88.79
106.87
83.04
91.28
79.13
91.89
93.16
93.53
108.10
105.81
110.01
110.91
108.29
119.04
91.38
89.44
78.84
81.23
99.75
100.30
106.44
108.94
107.34
81.79
68.34
73.10
74.99
75.79
93.51
91.95
91.03
102.24
87.83
107.76
109.82
78.32
78.31
80.09
75.45
75.78
77.41
92.18
91.18
101.06
107.60
107.97
111.45
112.39
116.37
119.05
90.86
76.40
90.24
93.02
81.15
100.91
103.36
107.49
109.79
106.81
76.31
71.53
106.86
84.44
76.85
76.85
93.54
92.98
106.94
91.92
93.52
110.40
107.78
106.53
78.70
62.16
111.91
80.62
85.03
85.11
105.42
109.15
108.02
82.78
111.25
104.35
78.41
76.41
78.26
92.54
75.87
73.70
90.09
90.94
93.54
108.20
108.42
92.18
110.08
108.56
81.74
83.62
82.16
89.27
88.07
95.52
82.95
98.51
101.86
97.77
74.03
61.37
76.73
77.42
77.83
82.56
77.93
92.34
91.41
92.72
108.56
76.95
80.57
86.08
89.65
87.52
105.99
97.40
97.96
100.82
73.41
58.51
77.21
79.43
76.25
84.50
117.34
87.43
94.67
100.78
104.04
109.32
102.12
105.55
106.30
124.56
123.41
91.80
123.46
89.51
87.01
89.27
93.21
92.93
110.84
108.68
108.94
105.91
120.22
87.04
76.28
77.32
92.62
91.27
108.27
105.80
92.69
110.75
92.52
122.22
89.58
90.38
79.34
81.39
83.99
84.70
103.95
107.87
107.18
96.76
116.58
117.41
118.92
72.67
88.80
87.17
94.40
81.30
104.38
89.41
106.41
107.36
107.65
111.06
77.96
70.18
73.05
75.63
76.43
93.36
89.90
113.31
86.74
92.06
108.50
110.29
109.45
78.22
77.49
70.96
75.47
77.40
77.35
93.86
91.75
92.82
89.74
92.72
112.90
109.06
108.87
120.20
94.07
87.66
79.63
83.26
101.73
103.93
107.34
109.17
77.00
60.97
69.39
72.87
73.84
89.31
93.37
92.87
91.27
85.88
91.00
108.30
108.10
107.80
107.20
76.92
74.34
74.65
78.54
92.18
77.44
103.58
107.84
98.22
98.54
101.38
71.41
74.87
78.91
76.78
93.47
84.48
90.66
87.40
79.33
92.52
92.53
108.05
104.19
108.93
110.41
80.26
77.53
75.75
104.30
89.27
78.51
101.04
102.78
108.73
109.18
77.86
78.89
69.46
72.17
74.73
77.86
93.31
90.92
90.94
92.07
106.07
108.02
109.43
75.77
106.94
76.34
76.49
80.09
81.80
84.63
101.76
105.00
107.64
110.04
96.10
98.04
73.36
73.24
85.00
90.10
89.69
87.54
98.30
83.44
101.52
106.53
75.29
60.02
77.93
66.95
85.77
71.80
86.56
76.79
92.64
91.37
108.53
88.49
108.26
105.55
108.50
109.70
108.22
83.16
77.72
81.55
68.22
95.66
93.04
90.02
75.23
93.99
110.00
114.59
84.90
73.29
77.22
91.78
92.20
84.37
85.98
106.02
107.29
109.68
108.62
108.40
83.54
70.79
76.56
92.75
93.84
75.10
93.63
87.00
106.36
107.10
108.75
115.39
72.57
75.66
78.14
77.02
80.93
85.00
102.02
103.95
106.63
110.08
95.01
114.18
115.39
118.22
72.88
74.95
88.99
87.95
81.97
84.12
105.41
108.64
109.57
109.69
77.85
67.26
104.48
73.48
90.02
77.96
93.28
76.53
108.29
90.20
87.58
91.61
107.66
110.27
110.29
84.61
62.58
77.30
82.78
94.11
92.07
103.89
108.89
125.90
97.43
100.73
117.41
104.47
80.90
92.83
75.77
84.57
90.21
89.13
90.99
91.61
108.74
95.11
114.57
75.25
77.42
78.90
76.62
90.91
75.84
76.50
95.00
95.16
98.72
117.64
105.94
80.63
76.00
62.16
64.45
85.01
85.79
88.10
138.18
129.10
135.21
123.09
87.71
110.99
87.76
109.96
80.34
75.62
87.74
75.91
90.19
91.73
93.55
91.87
108.47
88.67
113.49
109.50
75.27
78.10
74.65
76.47
94.41
93.51
92.09
97.68
93.52
126.37
74.34
75.81
78.88
64.81
68.88
83.57
83.08
91.31
94.25
93.01
94.74
95.75
116.88
118.67
72.32
77.24
77.79
80.27
84.69
84.39
89.83
85.75
91.27
108.06
103.73
108.35
109.89
87.01
77.05
77.49
77.20
78.62
90.12
90.10
92.94
109.58
109.19
108.85
110.46
77.49
78.61
84.49
86.04
88.59
89.07
92.63
81.85
106.69
102.90
109.61
79.36
76.33
77.72
91.88
86.51
75.56
78.12
91.57
92.07
93.94
112.94
107.80
112.25
114.43
117.41
73.75
90.64
93.53
92.85
82.62
100.87
106.44
106.91
109.60
109.77
77.72
76.86
70.65
73.68
90.01
92.82
94.39
91.69
89.98
104.96
89.85
108.86
108.23
77.09
106.87
108.11
76.25
77.37
77.76
77.78
96.83
107.88
108.14
91.90
106.81
110.84
92.91
123.05
110.97
86.12
77.54
97.11
82.74
82.95
85.91
73.22
75.81
61.10
77.44
70.11
74.25
90.39
77.92
76.61
93.37
91.16
87.97
109.58
107.47
109.87
77.95
60.68
76.59
73.10
75.07
89.09
78.40
92.45
108.36
90.63
90.26
115.45
109.85
111.59
78.50
77.93
77.56
76.59
76.37
81.93
78.92
100.26
104.72
106.89
69.61
77.40
63.90
65.51
70.33
86.18
89.84
88.50
106.61
80.99
106.50
101.60
71.81
106.12
107.38
107.92
73.08
69.80
83.92
90.32
88.25
78.54
109.29
107.95
103.01
107.34
109.05
110.05
78.55
76.29
77.67
75.71
90.81
92.62
92.39
92.74
115.93
92.98
113.41
88.01
115.47
109.19
116.79
84.74
74.70
91.53
107.88
95.55
84.36
102.00
106.54
108.30
107.64
79.17
67.38
70.89
91.23
89.46
88.30
92.70
93.16
91.03
110.48
106.60
108.17
106.63
77.17
61.00
77.00
77.39
78.31
96.16
101.24
106.15
107.14
108.05
78.77
66.87
67.61
72.11
75.91
77.45
76.26
90.67
86.81
84.20
107.39
92.39
108.85
92.27
115.31
105.54
75.95
77.60
77.30
78.95
93.69
89.99
92.40
107.34
110.29
108.46
108.90
108.75
109.71
82.44
76.83
78.24
92.36
90.51
102.41
106.65
89.87
102.52
103.03
106.23
82.20
77.75
77.72
75.83
77.80
90.43
89.41
93.08
93.82
92.95
113.60
107.27
121.70
75.74
79.03
77.74
76.57
79.24
91.30
90.87
92.39
95.75
101.14
106.43
108.81
81.47
77.57
70.33
85.99
74.10
91.00
92.30
94.60
89.80
87.91
106.33
96.59
115.85
70.77
90.98
87.90
92.48
81.79
84.17
89.18
107.36
93.99
115.74
75.82
76.02
73.42
77.49
77.02
78.03
94.07
91.13
91.71
89.29
89.75
92.47
111.59
109.16
109.66
82.93
75.39
78.94
84.34
82.69
104.62
106.99
109.76
98.47
100.21
102.55
105.95
77.01
75.96
76.69
75.58
72.32
91.50
89.68
90.52
92.20
91.24
92.26
112.32
108.31
114.58
85.19
85.31
88.86
88.54
90.88
104.43
103.87
105.97
108.10
109.08
77.75
76.21
73.33
74.81
78.84
76.73
92.91
91.07
91.77
91.02
89.84
108.85
108.00
109.16
109.17
79.88
91.51
77.94
83.21
80.90
90.60
106.59
107.55
93.50
106.43
103.03
78.39
76.64
93.80
78.03
91.15
77.56
89.61
108.16
93.97
109.00
108.94
108.80
79.32
77.58
77.85
80.97
84.09
85.22
90.19
105.84
96.65
101.46
103.18
106.18
108.51
75.89
78.27
77.95
81.34
71.21
89.35
96.14
93.15
90.02
92.65
89.94
109.29
110.73
108.16
87.06
87.98
90.20
90.75
82.79
100.31
106.32
109.48
108.72
77.99
77.29
60.89
74.38
75.91
77.49
92.82
78.87
91.83
91.02
90.13
91.99
115.47
118.46
128.34
122.72
88.01
81.28
118.95
90.37
106.98
109.37
108.54
91.66
103.77
103.10
73.42
59.65
77.68
78.49
76.76
91.83
88.56
91.41
91.65
92.81
111.39
91.37
92.41
110.26
79.10
75.32
66.52
85.15
90.00
109.58
108.48
96.38
101.26
103.51
71.40
60.22
77.30
77.30
70.20
85.40
75.83
92.47
92.77
93.27
92.48
103.76
106.18
92.97
109.22
85.55
71.68
91.27
76.57
79.73
85.04
83.42
108.96
110.09
107.58
109.49
103.48
78.02
75.07
76.75
77.83
76.68
92.79
92.26
89.07
108.15
110.44
109.42
106.32
106.37
106.58
75.75
77.72
85.00
83.92
90.70
109.84
108.97
98.09
102.28
104.09
73.27
76.42
76.89
76.90
76.07
73.21
90.55
90.21
91.09
92.86
92.99
91.57
110.66
107.84
110.72
75.97
71.11
85.96
88.61
93.74
101.77
98.25
100.07
74.72
58.27
76.64
77.65
75.92
80.52
83.71
83.04
106.62
91.33
106.67
107.31
88.99
115.30
108.68
110.33
77.83
77.42
91.26
86.10
86.09
88.64
91.53
93.20
91.71
112.76
106.89
94.19
117.01
77.56
59.96
77.41
91.02
90.02
80.06
99.23
89.01
109.18
78.17
91.03
108.66
77.46
75.64
79.66
75.38
100.44
105.05
109.33
91.70
102.80
100.30
105.75
106.69
77.14
76.64
78.33
84.91
84.06
89.49
77.89
107.75
90.78
109.79
93.14
115.15
109.73
77.03
84.03
74.18
90.58
94.96
95.98
82.67
100.68
103.94
74.27
109.15
123.82
99.30
74.90
74.07
90.17
91.46
91.19
92.18
94.79
90.61
92.09
114.96
119.06
74.80
77.96
76.81
81.49
66.91
85.02
83.86
89.24
88.38
111.07
95.86
114.89
118.13
72.17
76.53
77.05
91.35
77.19
74.40
90.79
89.43
92.76
108.62
107.99
107.80
107.08
108.60
80.02
69.81
85.41
89.81
94.50
105.81
96.44
100.57
70.61
58.67
106.82
111.50
85.44
70.24
74.59
88.41
89.75
91.99
91.66
109.73
88.16
107.27
108.29
110.91
108.80
76.65
77.46
78.48
92.79
78.56
98.21
83.38
71.47
75.19
61.06
98.83
103.45
80.56
77.22
89.41
93.14
78.24
91.78
101.29
105.63
107.82
110.27
107.81
107.74
107.82
108.54
117.28
89.86
93.44
78.85
90.10
94.68
89.38
89.59
113.16
100.92
75.88
75.22
76.78
91.84
68.50
83.42
83.37
108.35
93.12
115.00
109.59
99.88
72.78
73.75
76.55
76.74
92.50
77.47
93.86
84.97
106.59
108.14
108.73
106.40
108.90
109.20
105.62
81.78
87.30
76.18
90.82
78.78
91.34
108.41
108.20
112.87
117.96
72.75
76.70
87.50
92.85
81.05
86.19
83.26
88.92
89.48
91.98
113.56
100.88
104.16
117.77
76.38
78.01
76.80
78.49
77.58
92.60
78.77
91.60
99.65
105.70
107.32
77.03
77.48
68.96
84.68
84.82
87.43
90.30
92.14
97.99
101.93
106.81
107.30
108.83
107.90
108.68
78.76
75.34
77.12
83.94
102.12
104.98
106.69
106.80
99.95
71.94
104.66
108.15
82.17
76.57
90.97
92.45
88.38
76.23
93.03
109.80
92.13
109.47
109.06
77.04
77.80
114.97
86.42
85.25
88.01
91.94
112.05
100.60
103.97
106.18
107.78
107.13
77.95
98.16
106.35
122.14
90.10
114.28
90.08
89.34
78.05
92.40
92.55
109.77
97.17
72.31
71.47
76.99
93.41
91.26
83.23
85.60
88.52
88.03
92.64
94.75
68.75
101.91
121.85
76.29
75.78
79.58
93.14
93.00
92.95
91.07
94.73
116.50
90.42
112.69
108.99
122.76
109.78
84.35
83.80
82.98
102.01
108.17
106.99
97.14
98.17
100.86
115.67
77.03
78.04
78.22
76.92
88.03
75.85
92.92
92.55
92.26
111.97
106.21
109.55
113.15
116.15
120.61
89.54
88.98
91.28
91.34
85.33
108.83
107.98
110.14
109.84
126.23
77.16
68.11
68.71
82.23
76.54
91.19
92.22
104.69
112.26
106.07
108.17
91.63
106.59
107.86
90.71
87.48
80.66
84.05
84.04
105.78
107.89
108.42
108.95
100.28
71.86
74.55
77.59
78.98
78.06
77.52
93.73
76.05
91.58
98.24
103.35
106.24
107.51
77.87
72.20
73.15
136.19
115.53
110.93
82.94
91.91
73.28
103.59
108.37
108.49
107.65
118.88
73.73
75.39
62.32
84.47
82.13
103.17
89.95
105.81
107.96
100.96
105.34
108.58
78.12
108.81
78.69
77.50
78.08
77.03
90.81
92.77
100.38
104.15
106.97
79.04
66.76
66.20
71.01
89.99
90.25
89.75
91.17
82.42
108.41
102.40
105.88
75.84
76.31
77.94
75.81
73.78
88.23
76.67
78.46
95.37
93.62
108.90
86.99
112.44
105.59
81.86
61.22
59.94
93.63
77.33
93.47
92.42
92.23
109.68
108.55
92.46
130.97
110.64
110.47
78.87
83.14
82.35
106.69
87.63
91.18
99.81
103.70
106.99
105.82
79.34
77.31
78.49
72.76
77.18
89.31
92.87
92.65
92.14
91.86
107.18
109.54
107.53
110.01
120.33
77.60
79.54
76.52
79.58
77.82
92.70
93.73
110.37
107.56
107.59
107.55
108.74
81.23
86.19
86.89
90.03
89.81
112.45
97.16
100.85
103.19
104.67
107.80
77.47
77.83
67.42
85.05
89.08
88.36
92.43
91.81
93.09
86.25
105.02
108.20
109.09
110.21
108.59
79.37
75.39
76.21
77.34
98.60
101.31
106.41
108.33
108.07
114.31
100.77
75.60
73.45
89.50
90.66
90.38
108.60
84.72
84.83
114.61
109.83
109.74
84.44
61.33
69.28
84.41
74.93
90.50
88.95
90.86
109.13
102.42
90.36
89.23
111.59
109.41
78.92
76.46
77.28
78.26
77.87
83.55
84.87
116.08
108.13
95.88
115.12
112.49
113.05
85.25
89.30
78.14
99.18
92.72
83.72
105.90
105.83
107.64
115.39
107.08
111.54
103.15
120.91
89.17
76.08
71.74
103.60
92.94
102.88
107.17
107.78
108.05
120.26
124.45
122.04
121.92
109.89
121.37
86.12
79.95
104.48
118.27
107.86
110.94
124.25
125.46
85.47
79.80
106.92
84.89
86.47
97.22
110.55
108.44
117.95
108.62
86.70
86.19
106.20
82.12
97.44
81.80
109.95
107.48
121.38
111.75
113.93
117.94
121.27
87.94
85.32
95.02
93.35
94.48
100.83
87.14
108.45
117.99
109.05
122.61
107.70
109.67
124.39
82.58
101.10
105.92
109.83
95.99
109.16
103.35
107.11
120.22
123.25
125.70
86.38
135.56
88.39
84.76
86.06
102.48
91.38
103.25
111.33
106.29
116.93
125.35
124.78
135.48
83.42
107.12
125.33
90.94
98.08
111.38
126.88
123.16
84.52
73.45
103.86
122.78
84.33
96.79
91.82
101.36
92.52
96.06
111.11
122.52
109.34
119.03
86.54
75.24
68.64
86.45
85.57
87.76
110.88
105.85
110.10
108.71
110.08
115.33
121.72
114.72
83.32
70.04
72.01
71.27
76.40
133.54
109.72
105.66
110.80
113.00
107.47
117.19
126.96
135.83
88.70
100.29
103.57
106.28
118.15
82.44
95.83
106.45
115.84
124.65
109.44
102.11
102.65
115.39
114.59
131.07
92.17
103.61
96.10
107.72
102.30
114.00
83.35
95.29
73.11
70.86
136.45
90.91
84.06
94.35
104.16
114.88
108.49
110.78
122.44
130.33
107.24
81.77
75.75
105.58
118.05
111.61
118.74
117.69
126.59
130.56
90.20
92.98
131.36
93.57
102.51
105.87
113.11
118.18
123.67
117.94
123.43
131.16
90.21
100.46
102.76
105.70
102.60
110.09
119.25
123.12
124.37
115.61
109.71
103.34
102.96
114.11
125.81
92.49
100.69
109.17
115.44
118.37
129.19
90.63
105.64
112.80
89.49
99.10
108.57
117.89
82.41
68.40
90.84
98.47
91.35
103.41
107.74
94.83
100.20
113.17
122.09
131.28
90.33
88.15
125.73
93.82
85.90
104.17
106.44
106.85
121.34
124.99
114.01
80.86
71.85
85.33
91.01
91.33
73.59
89.14
87.90
92.64
105.59
107.64
116.28
109.39
107.03
114.19
121.09
84.41
99.91
106.82
109.88
105.75
110.73
110.80
98.81
111.71
123.51
88.21
73.01
83.31
76.66
87.62
106.49
95.11
110.68
108.24
120.23
103.68
120.21
122.85
122.68
87.05
91.15
92.57
89.62
90.29
92.31
90.31
113.53
103.97
115.09
108.82
76.72
77.68
78.67
87.13
107.07
109.03
109.47
95.68
100.10
73.47
73.33
76.73
61.65
77.34
73.34
89.65
89.45
91.39
92.50
93.08
90.36
113.21
107.51
113.18
107.70
108.71
88.36
90.24
87.90
81.10
85.15
89.03
108.21
91.70
112.46
107.02
104.60
108.73
82.76
79.11
89.66
76.11
91.60
110.61
95.35
112.61
116.04
118.73
74.99
89.31
78.25
65.87
84.43
83.83
86.98
88.80
108.76
84.15
109.02
78.26
98.52
74.24
59.75
79.39
77.06
77.10
92.74
83.75
85.33
88.53
109.45
111.40
108.82
75.57
61.96
105.82
74.61
76.85
77.62
91.66
78.86
109.74
84.94
110.21
84.19
97.41
94.72
77.30
77.79
76.55
93.49
80.30
99.01
83.15
90.27
107.27
108.45
98.88
101.82
72.16
75.99
77.65
60.35
77.94
77.52
73.30
89.03
88.93
92.77
92.41
110.58
106.36
108.98
107.32
113.19
84.15
75.29
87.43
88.56
108.04
96.64
98.17
102.81
104.39
76.29
60.74
76.41
67.23
83.98
73.63
89.85
92.26
91.14
92.54
91.19
107.79
109.19
108.63
76.26
77.04
78.12
78.26
76.85
81.05
84.82
83.74
102.86
89.82
70.41
66.26
68.36
70.82
75.04
77.13
77.99
77.78
89.80
90.09
90.22
109.04
92.90
115.58
107.45
107.74
106.92
77.46
81.08
83.24
81.50
90.15
107.90
78.34
102.35
100.78
104.54
105.91
76.83
77.72
93.35
81.50
85.02
88.50
89.20
91.85
115.70
107.22
103.80
106.20
106.47
107.65
77.90
87.51
92.84
92.18
79.79
105.80
100.76
117.97
102.91
106.69
77.05
76.79
67.30
84.99
83.95
84.83
91.18
88.73
92.38
99.09
100.19
119.21
104.44
77.78
76.86
76.68
83.15
84.87
82.30
89.93
93.81
77.60
110.58
98.90
102.99
71.00
73.35
60.99
76.85
91.70
93.55
86.66
90.28
88.50
90.71
108.20
108.53
107.78
108.05
106.83
107.33
80.61
75.47
93.60
105.64
108.33
97.12
98.76
116.18
101.69
78.00
76.72
77.26
68.96
82.75
84.04
87.56
108.24
109.01
91.59
104.00
102.68
105.37
107.69
77.01
77.44
79.77
77.38
90.16
88.61
91.36
92.93
92.77
93.42
110.42
110.39
112.16
115.72
118.41
76.81
88.97
91.42
91.29
88.66
86.04
108.06
109.47
109.73
108.50
75.44
73.69
108.41
78.75
90.85
78.32
102.35
107.98
76.99
99.02
102.30
73.41
107.99
77.85
79.44
78.02
83.48
84.19
85.82
107.81
91.06
91.90
113.56
104.17
104.32
81.79
75.77
78.29
77.67
77.99
91.94
93.03
91.44
114.30
101.37
76.57
58.43
75.37
78.02
66.80
71.38
73.93
90.41
93.66
93.54
101.25
99.01
118.52
104.16
89.25
70.56
76.07
93.36
83.98
86.05
103.44
89.64
87.19
108.10
109.57
102.84
104.19
108.19
85.07
79.24
63.10
77.32
92.18
91.92
93.14
95.83
113.71
101.11
78.22
61.71
64.80
66.15
85.60
73.51
89.97
90.05
91.41
91.68
101.64
103.84
107.57
108.16
78.86
60.39
76.25
73.07
91.13
90.96
85.07
103.14
105.91
74.64
62.48
98.54
116.29
121.30
76.76
78.45
92.16
91.66
84.23
83.77
89.61
109.30
107.79
110.37
77.34
80.34
76.62
77.36
76.39
92.67
78.62
90.59
90.40
89.98
93.54
108.66
108.08
119.14
74.22
77.16
79.43
82.00
84.37
84.15
105.83
108.66
107.82
107.80
100.22
103.51
80.19
74.86
77.08
80.57
91.94
82.66
102.75
107.36
107.86
107.66
106.98
108.78
75.15
64.85
85.60
85.98
88.70
89.54
90.85
91.74
99.83
102.69
106.40
108.96
108.94
107.54
77.83
77.03
90.05
79.39
92.36
91.79
92.79
92.91
88.83
106.99
107.56
109.30
105.33
108.84
76.79
93.30
79.27
81.82
99.86
102.90
104.87
75.86
77.39
80.49
64.72
69.06
70.23
84.34
90.10
92.14
91.60
86.45
85.31
90.79
73.34
77.33
77.68
76.94
76.58
87.08
90.27
90.41
92.76
91.64
91.75
107.67
108.30
109.25
107.95
85.39
72.61
90.80
90.32
81.11
83.08
86.06
85.73
107.63
91.21
114.64
102.25
104.83
106.88
83.18
78.26
78.30
77.34
91.47
89.27
90.93
92.65
108.31
107.57
108.11
107.90
77.38
64.05
81.29
69.22
85.10
89.27
118.04
96.61
98.82
100.71
103.94
121.73
75.51
76.56
76.71
85.86
84.08
83.59
90.16
106.95
106.64
106.59
104.83
107.79
113.33
73.44
85.09
89.49
89.99
89.63
79.82
104.45
103.24
107.24
105.24
108.91
76.89
77.98
106.31
78.41
77.34
90.66
91.62
79.39
92.13
91.81
113.00
108.40
107.86
107.90
72.34
76.56
78.48
90.85
83.06
84.29
104.91
85.68
110.69
80.47
103.28
115.10
118.96
74.08
90.81
77.38
93.75
82.73
85.37
88.84
91.09
115.55
108.47
77.01
78.79
80.53
68.60
83.72
84.58
91.18
89.24
84.07
84.13
107.22
90.14
115.80
105.94
120.86
77.98
72.86
77.93
62.33
76.55
91.53
103.67
106.04
107.14
101.17
74.73
70.12
74.87
91.99
90.86
91.16
85.45
86.49
87.39
90.22
107.57
92.37
108.66
104.08
73.60
75.93
78.05
75.85
93.39
91.68
76.73
93.48
109.38
108.52
107.06
108.37
108.23
76.93
79.97
81.91
83.58
84.06
90.04
107.38
89.53
101.83
99.05
114.13
115.94
72.64
75.08
89.86
93.34
81.57
84.46
84.57
105.73
88.27
113.84
106.76
102.98
73.56
60.92
79.00
60.41
76.93
78.40
91.84
92.76
95.25
99.62
116.50
94.20
81.58
62.81
125.88
80.71
84.40
83.48
85.51
89.74
69.31
63.35
99.26
119.30
72.46
76.74
78.23
75.60
77.51
72.24
91.16
88.50
92.48
89.87
110.25
111.10
107.64
113.01
114.98
117.14
93.94
86.07
76.25
91.44
94.09
99.72
102.47
107.04
107.21
79.72
102.28
74.54
91.32
114.55
78.91
86.28
92.71
92.69
93.20
91.48
106.99
109.72
109.24
78.75
75.47
77.08
77.15
78.40
79.28
84.44
102.11
95.35
93.60
91.81
109.25
111.51
113.77
118.96
72.98
81.98
88.20
92.17
85.13
89.56
91.26
115.47
103.66
75.70
77.00
101.32
121.24
74.87
76.81
91.88
89.94
105.52
94.82
97.33
100.69
102.83
106.27
80.55
78.45
78.17
81.93
84.67
84.39
89.84
91.43
94.19
110.34
78.03
69.04
103.63
74.49
75.58
75.71
91.85
92.69
86.40
83.62
89.44
93.95
115.86
109.86
109.29
78.30
71.89
76.24
90.86
90.98
77.85
93.63
91.52
90.97
94.58
115.65
108.39
109.65
108.47
107.38
81.95
80.62
83.08
84.42
108.73
91.72
107.30
92.22
98.86
105.54
106.92
109.34
79.12
111.13
127.08
75.87
88.29
91.13
94.17
93.28
113.35
107.95
106.63
110.10
106.48
77.32
79.73
76.16
105.14
74.29
100.98
99.13
102.21
103.92
76.97
107.20
75.87
76.50
75.27
78.07
90.48
77.68
90.27
106.03
94.52
97.57
101.09
117.81
87.72
77.00
79.23
76.74
73.96
79.39
97.78
93.97
93.71
109.16
108.72
109.23
109.59
77.61
84.28
82.83
88.45
88.67
93.48
97.98
82.53
104.57
106.84
103.77
109.08
106.78
76.00
75.96
76.66
91.03
93.03
92.61
90.35
106.86
96.08
99.88
120.14
119.93
74.92
88.97
92.18
81.82
83.97
83.54
87.85
90.37
109.33
107.97
77.87
69.92
105.74
77.68
77.67
77.74
91.97
93.53
90.00
91.22
108.23
108.61
108.73
109.32
108.76
79.06
76.47
78.48
93.35
78.10
92.40
92.48
91.71
91.97
96.00
119.27
119.29
76.18
75.42
92.05
83.77
85.09
90.43
107.62
94.63
115.07
107.46
100.16
72.57
73.88
61.72
79.52
78.04
77.64
77.45
89.67
92.46
90.73
100.23
104.26
115.90
123.07
78.02
95.19
84.63
102.54
105.37
106.57
77.60
78.01
98.56
102.67
76.42
90.50
89.31
93.65
91.17
101.09
85.07
106.40
93.58
109.08
107.14
107.68
79.41
60.56
76.91
78.79
60.63
94.20
93.04
111.51
108.11
110.18
109.89
108.83
109.47
78.49
91.60
88.69
81.11
101.98
88.50
108.39
92.08
94.03
107.37
102.51
74.03
76.01
76.84
77.22
59.08
78.98
90.41
87.71
112.71
100.32
70.49
106.06
78.23
77.70
68.25
84.33
84.25
87.25
105.61
110.36
108.38
84.93
108.40
105.72
107.98
77.67
75.97
77.04
77.19
73.13
89.36
92.60
90.89
109.05
108.94
92.03
114.91
108.65
75.66
79.84
77.22
77.67
93.07
90.94
95.13
98.82
101.32
73.72
73.06
77.46
76.18
65.41
83.89
84.24
85.04
87.29
108.09
107.45
98.22
99.55
104.19
106.47
109.16
83.60
79.74
77.69
83.83
86.07
76.06
107.22
109.42
110.57
108.29
101.86
71.28
73.57
79.09
89.86
78.83
91.06
89.87
88.35
94.03
111.37
107.62
108.39
122.88
77.67
82.36
68.54
82.96
88.59
90.15
110.66
108.33
82.65
82.04
106.19
107.41
78.23
78.14
77.80
70.27
74.04
85.58
98.19
93.90
102.93
94.12
105.29
95.60
114.14
117.92
119.55
92.59
77.37
92.76
82.03
82.06
87.28
106.47
108.29
108.15
118.74
109.06
72.41
78.87
77.09
78.51
78.33
78.38
93.51
90.30
88.83
108.10
107.11
118.23
121.96
76.65
77.67
79.99
77.34
84.38
134.74
136.12
127.30
135.35
114.48
119.37
125.37
133.28
123.09
84.77
92.09
103.99
112.13
81.02
94.41
109.20
80.19
98.14
114.39
98.34
114.57
110.57
85.36
89.13
86.73
92.80
98.74
102.83
106.05
120.77
121.33
75.51
75.78
91.45
68.99
84.31
88.29
86.56
91.23
91.58
110.34
103.05
106.72
108.31
106.52
78.61
78.86
78.30
76.99
92.70
97.19
100.24
103.89
105.76
107.82
81.52
98.84
117.76
120.44
74.66
93.88
92.10
79.24
85.09
104.52
89.00
91.81
106.95
109.81
107.83
77.95
75.67
77.75
91.84
77.64
103.30
74.35
79.04
111.30
114.19
101.10
72.90
72.54
76.59
91.46
84.95
83.04
90.24
89.36
93.45
110.92
110.51
110.64
101.32
74.79
72.21
75.98
77.69
93.24
93.33
83.20
84.18
88.02
105.62
106.39
107.63
77.00
75.83
72.16
72.01
76.07
75.85
91.60
92.66
90.72
92.50
111.28
100.02
103.15
76.16
77.18
77.10
82.68
71.72
88.44
87.00
92.30
92.56
91.35
106.20
106.01
108.63
110.01
107.54
79.63
75.87
77.54
93.11
94.83
98.70
101.69
104.27
106.82
108.00
81.12
69.93
73.23
77.55
78.09
93.46
91.09
91.60
87.44
92.16
107.36
107.20
108.00
106.76
107.70
81.71
79.29
68.10
102.69
103.68
107.71
106.64
106.43
100.71
116.94
74.26
76.73
76.68
77.29
92.21
91.84
75.73
88.72
94.71
92.11
112.95
94.36
111.34
72.59
74.59
77.59
77.49
77.44
77.43
76.85
92.91
95.15
100.70
102.01
70.81
73.99
76.04
66.25
84.85
73.67
91.14
91.74
93.60
93.79
110.80
104.66
105.61
124.60
108.76
81.93
88.53
89.54
78.51
85.34
84.96
88.65
93.23
108.94
115.74
108.51
77.00
65.39
70.99
84.83
90.29
79.13
93.67
80.12
103.39
99.88
102.71
106.49
80.89
75.12
78.95
86.03
75.71
79.31
92.48
92.87
110.90
86.67
104.75
79.42
85.23
117.41
78.10
107.98
108.21
82.38
90.46
79.19
82.15
84.74
86.30
71.88
61.28
76.69
100.33
117.33
74.36
90.05
76.64
77.60
92.30
86.75
90.56
107.48
91.75
109.21
108.86
124.11
109.64
81.51
66.29
83.86
85.36
88.63
106.92
108.47
83.43
106.27
107.81
108.19
82.52
60.47
91.96
91.45
88.67
89.31
92.87
91.82
92.33
106.89
92.98
113.91
111.85
114.12
90.96
85.24
88.08
89.29
97.93
83.24
100.98
105.77
107.56
78.24
108.53
100.68
75.08
75.37
89.88
78.58
94.39
92.24
92.75
106.08
86.51
112.86
109.90
106.60
108.50
79.32
78.11
77.68
78.07
78.75
86.57
105.74
88.39
115.64
97.09
117.18
119.76
73.17
76.86
90.81
92.39
86.25
88.90
90.16
109.21
107.71
107.81
106.02
106.87
81.28
77.52
81.69
77.42
88.32
107.83
108.10
81.29
104.92
118.86
106.65
107.95
82.33
77.45
77.57
84.73
83.60
83.59
84.58
106.94
107.24
92.99
103.84
119.43
103.81
75.80
78.95
78.06
76.40
85.11
83.69
89.87
88.22
87.43
109.94
77.27
106.61
120.41
75.77
90.49
78.06
77.64
78.70
91.36
92.32
92.71
94.40
91.28
111.47
120.97
75.47
78.66
79.41
85.47
83.23
87.31
89.79
91.73
90.50
101.93
102.73
104.94
76.07
76.53
76.86
76.27
77.52
95.28
82.48
94.77
101.20
76.03
61.23
109.06
102.20
75.86
90.28
78.75
78.16
93.01
93.19
84.79
89.73
108.05
108.22
109.03
111.55
78.88
77.33
72.75
73.96
77.36
91.47
93.79
92.64
90.43
90.06
107.08
108.20
77.53
59.99
73.43
91.53
79.23
82.59
82.38
81.91
106.48
108.53
108.61
98.22
99.77
118.13
119.60
81.50
89.65
77.75
90.74
86.79
89.44
89.94
89.67
114.40
110.02
108.33
76.90
75.16
76.16
79.14
76.92
92.32
91.76
106.95
96.77
99.75
103.53
75.60
79.08
78.42
76.86
69.77
73.25
91.05
93.96
92.29
90.11
107.57
89.56
108.81
112.37
108.25
132.10
120.14
95.55
94.24
80.83
100.21
103.20
103.86
109.66
109.59
107.04
101.31
70.65
72.89
75.37
77.02
91.13
91.32
93.11
90.87
91.44
118.19
110.28
119.11
74.48
76.69
78.32
96.25
114.61
118.61
119.57
76.57
76.10
77.68
69.97
83.64
87.58
91.54
107.91
109.35
91.56
86.80
113.90
107.83
109.25
83.62
78.86
76.16
77.29
78.01
93.39
91.74
108.97
109.71
94.95
114.05
106.59
107.48
113.98
81.73
78.37
76.32
78.07
108.20
111.81
101.76
72.70
84.68
90.58
92.09
94.38
84.15
103.04
106.42
107.80
107.30
109.16
77.85
76.27
104.10
75.95
77.35
76.07
78.14
92.32
90.63
89.32
110.85
90.69
107.14
119.01
109.53
121.56
79.78
81.83
82.93
80.80
106.44
107.98
108.47
108.73
71.47
89.59
108.26
76.89
63.00
95.17
76.88
87.96
89.22
92.96
91.43
112.03
106.52
122.35
77.04
64.48
68.63
83.66
89.32
89.62
92.19
108.91
84.21
108.12
105.75
122.65
76.60
77.58
76.59
71.58
75.36
78.24
91.33
94.05
91.83
91.73
119.51
95.73
97.20
71.22
70.79
84.53
77.95
93.20
94.35
94.84
118.22
118.23
74.24
75.73
77.96
66.93
84.47
84.63
89.96
108.08
92.29
109.39
108.75
101.62
73.34
107.63
108.35
80.55
78.36
91.97
86.15
90.13
88.68
108.09
107.20
92.12
110.06
106.41
107.99
79.80
83.50
83.03
106.29
88.82
111.19
98.87
100.01
118.78
105.78
77.84
78.25
76.85
69.39
84.27
86.44
89.25
90.64
106.91
90.91
90.81
110.00
74.47
75.37
76.72
70.91
87.54
107.92
78.04
101.64
83.16
94.73
93.08
77.99
107.96
95.71
68.83
84.83
83.60
88.93
89.59
94.58
92.43
81.71
100.33
104.56
107.27
80.72
78.00
77.59
78.13
69.81
86.44
88.85
78.46
91.93
92.43
91.56
104.70
108.72
107.22
78.51
77.16
77.12
77.88
91.55
89.73
93.12
107.75
116.68
105.67
108.91
81.71
65.10
69.03
84.48
90.74
79.36
91.13
90.70
89.00
89.59
108.46
109.45
109.17
107.53
108.72
107.68
83.04
78.09
91.91
93.35
92.52
91.53
107.73
91.99
112.17
114.95
101.54
79.56
88.63
75.27
82.29
84.41
89.55
86.33
91.98
110.62
109.10
109.56
104.02
78.74
75.62
77.76
78.35
92.26
78.87
84.23
104.26
108.54
108.38
106.45
107.05
109.95
107.83
118.79
78.27
77.46
91.09
103.86
94.92
106.80
95.98
99.41
73.06
71.97
76.88
76.41
77.19
86.59
84.47
89.21
92.55
91.88
109.03
109.26
89.84
113.30
106.77
109.25
76.03
88.43
88.95
93.17
80.64
97.79
101.16
102.34
106.01
108.50
83.20
77.28
80.97
83.51
82.94
88.66
76.07
109.14
107.91
101.27
104.63
107.70
106.76
75.20
77.70
80.88
70.00
85.16
88.49
92.67
93.00
93.11
113.22
104.97
108.60
79.41
81.92
82.21
85.03
89.78
89.17
93.57
114.71
115.51
120.60
83.50
76.68
91.93
82.40
84.00
88.29
89.20
89.72
91.73
113.53
108.85
106.06
80.31
109.40
77.68
76.22
89.36
90.12
78.30
101.78
101.20
103.72
77.89
75.00
78.71
76.10
84.04
87.70
88.49
86.85
77.43
91.99
94.11
108.82
108.72
107.50
110.62
124.48
126.14
97.40
94.77
112.28
83.17
101.35
117.70
87.90
103.13
116.44
81.05
93.92
109.92
121.23
89.24
117.22
88.58
113.05
84.90
89.50
89.33
108.63
108.53
109.73
108.91
77.39
76.78
77.02
79.01
79.11
76.95
77.71
92.89
92.94
93.42
113.72
112.51
118.32
120.60
89.44
77.31
92.55
79.78
84.83
101.30
104.83
108.11
91.90
111.95
101.42
73.56
70.38
74.24
77.18
76.74
92.29
92.08
86.97
110.28
107.23
108.53
106.91
107.52
77.82
109.59
77.68
107.95
91.22
92.49
105.02
108.67
98.31
100.46
118.41
123.96
152.33
87.63
102.09
72.45
85.59
87.97
89.43
108.68
93.03
92.25
114.50
101.44
103.18
121.92
76.60
76.03
78.21
91.07
91.67
89.99
86.73
106.51
106.87
107.07
106.25
123.16
110.76
116.04
89.34
90.01
93.39
76.89
91.84
102.80
112.79
107.64
72.07
107.39
77.58
78.18
78.60
76.04
90.90
94.52
92.25
92.32
90.53
108.58
105.58
107.93
108.83
109.13
76.31
77.19
94.77
90.01
93.02
89.37
92.47
92.49
108.92
108.83
107.69
77.36
62.60
78.93
76.10
93.14
92.96
95.49
88.78
89.29
107.92
107.83
108.09
110.51
108.53
81.86
79.82
77.70
78.47
92.20
91.82
104.72
108.77
97.11
99.16
119.06
120.19
122.08
91.65
93.49
79.11
82.56
83.54
104.56
108.98
91.14
108.77
108.83
104.45
78.99
106.13
78.92
93.99
75.99
92.76
90.08
87.22
95.88
119.29
103.73
119.37
124.39
77.79
80.59
69.99
82.15
89.33
89.11
89.36
106.30
97.13
103.06
106.10
107.34
80.91
78.77
76.54
78.78
87.88
91.43
93.88
93.01
108.50
108.07
109.18
75.36
74.61
76.15
77.61
77.72
78.29
92.11
89.24
108.09
108.11
108.11
107.85
108.96
108.94
82.67
75.55
80.05
91.03
78.78
91.30
92.66
106.25
102.73
114.05
118.20
119.99
80.93
76.05
77.11
93.27
73.53
89.73
92.65
91.69
108.88
108.35
109.99
106.02
108.40
107.50
81.30
77.50
76.06
90.66
121.00
121.70
91.97
102.85
104.83
107.15
107.29
79.14
115.76
84.19
75.25
88.39
86.16
107.76
91.39
106.34
107.51
110.00
109.93
78.35
76.02
80.07
78.48
76.26
78.45
90.96
91.12
101.40
105.22
75.97
63.91
101.20
119.49
74.37
88.66
93.75
76.46
92.14
84.52
104.06
87.86
107.01
106.39
108.60
108.46
76.73
77.86
80.08
77.59
93.89
79.89
92.60
88.30
107.52
111.78
115.82
118.40
72.86
76.70
94.13
80.44
85.39
81.51
86.85
106.05
106.87
107.93
103.25
72.87
76.68
62.74
77.79
76.51
77.97
76.64
76.01
93.73
91.14
91.40
72.26
62.96
77.68
78.38
81.40
85.22
83.03
105.35
107.14
78.10
67.55
68.37
70.35
72.74
90.69
91.78
92.88
92.62
86.53
105.85
109.11
107.84
110.42
83.04
78.37
77.06
75.02
77.22
76.77
91.92
91.38
92.26
106.50
112.91
100.08
74.84
105.84
77.00
90.74
90.47
69.91
75.17
89.98
108.55
108.25
107.42
109.00
90.07
110.16
111.07
108.27
89.29
88.56
89.31
94.04
100.21
100.73
102.93
104.48
77.27
78.33
78.82
78.10
68.78
83.74
85.76
85.42
89.83
110.15
106.57
101.42
102.83
105.37
75.62
75.78
78.28
79.30
72.58
88.73
89.27
89.23
91.47
92.40
110.02
88.82
108.75
107.27
107.45
80.81
76.51
78.20
91.47
88.80
88.64
91.79
91.34
120.88
121.85
77.78
76.25
67.00
83.05
73.00
89.79
90.46
93.13
88.02
82.81
104.30
106.44
108.52
80.65
77.32
76.07
70.17
74.27
90.17
89.72
87.72
108.80
108.11
104.84
105.79
77.06
75.76
106.94
77.73
78.45
78.09
94.58
93.10
95.89
99.84
103.44
76.05
79.27
76.73
66.42
70.06
84.15
87.19
87.39
92.37
93.01
102.76
103.99
108.55
110.76
78.20
108.05
75.88
74.33
77.01
77.59
91.18
96.33
91.79
91.77
90.34
110.96
113.77
109.29
124.60
79.13
90.48
92.46
80.61
80.56
82.72
106.84
109.12
107.62
108.27
103.64
107.53
123.70
75.95
77.05
93.16
90.71
94.04
90.85
108.72
110.26
93.21
109.49
106.76
108.38
108.11
79.03
79.00
94.76
79.16
93.12
94.42
102.48
106.83
107.90
109.88
76.94
106.92
77.69
78.66
76.69
78.04
92.56
91.86
92.16
91.28
121.77
111.38
112.07
117.38
72.03
91.34
79.57
93.52
91.70
85.51
107.73
94.47
109.69
109.18
108.62
77.85
77.63
76.64
76.59
78.95
91.47
91.82
92.19
107.43
112.68
82.12
82.88
84.07
89.14
89.51
109.37
98.16
99.53
101.90
104.84
72.90
76.37
76.70
78.32
70.28
72.92
92.06
90.71
91.32
91.13
104.79
108.36
108.53
114.02
71.54
86.00
89.34
93.19
80.73
82.82
99.82
102.79
105.40
88.91
117.55
96.91
116.19
118.48
120.10
125.08
90.67
91.75
92.51
75.44
88.92
92.84
113.30
106.21
109.41
78.83
79.60
75.12
78.48
93.43
94.12
90.93
94.25
92.57
114.75
110.43
109.13
92.19
107.14
112.07
120.20
83.18
76.20
96.97
101.82
103.05
72.64
77.85
61.88
69.18
68.68
73.67
76.19
78.12
78.79
91.84
104.73
84.13
89.59
115.11
108.92
107.83
76.09
105.70
109.16
108.49
82.06
93.43
91.69
91.61
109.61
89.66
95.34
99.60
119.05
72.52
95.13
72.67
97.50
103.39
81.29
108.42
83.90
110.15
82.08
105.92
106.81
108.68
102.98
74.48
60.28
78.69
77.33
78.06
91.85
88.35
89.45
91.81
93.64
107.30
120.12
75.78
78.21
66.45
68.93
84.23
87.70
88.40
91.51
107.48
101.44
117.65
105.78
107.87
82.62
77.59
89.66
101.28
86.57
88.50
78.82
91.53
110.29
107.12
109.37
105.05
107.57
77.12
77.01
76.10
77.60
78.31
92.25
95.07
82.33
85.04
105.03
106.30
76.30
77.27
64.81
68.85
84.52
89.19
90.17
92.00
90.04
86.02
111.35
104.77
106.80
108.29
80.00
75.69
60.64
77.77
77.58
86.13
83.44
89.66
115.59
107.96
100.24
102.58
76.34
90.08
77.53
78.12
91.87
73.34
84.34
89.96
106.33
108.43
107.08
106.56
107.04
107.78
77.26
67.88
75.64
94.98
89.25
88.86
81.18
99.97
102.69
108.26
78.86
59.01
77.59
77.47
76.16
90.53
77.51
92.50
93.71
108.46
93.83
88.74
87.44
106.90
108.37
107.48
94.75
88.74
80.50
83.60
86.71
85.45
108.38
106.44
74.50
100.59
120.01
122.14
76.80
77.62
76.89
76.79
76.74
93.08
99.05
99.77
115.55
109.24
109.26
110.04
78.44
80.21
80.90
84.54
87.56
105.82
108.90
108.30
97.88
115.64
105.30
124.23
123.57
85.11
76.31
87.24
87.16
83.92
85.88
89.97
109.58
108.62
89.09
107.12
109.45
79.28
77.95
86.50
86.00
92.68
99.89
100.52
104.55
108.39
107.99
107.17
78.17
76.26
71.89
75.59
91.48
77.46
77.11
91.94
100.65
112.64
110.30
115.86
95.07
111.18
83.79
77.43
77.99
77.09
84.38
101.17
103.61
108.07
108.22
107.91
99.05
118.48
121.58
76.69
85.02
92.84
91.35
85.64
88.48
107.83
94.17
109.64
108.43
76.67
59.84
76.70
77.44
78.39
76.40
91.50
90.75
88.79
103.26
99.14
104.25
106.44
82.54
77.80
78.29
71.68
84.60
90.37
90.88
90.03
92.93
92.80
92.28
113.62
113.30
117.89
120.73
75.95
77.72
92.44
70.51
90.13
87.09
107.01
110.00
108.60
110.61
83.68
68.96
72.57
73.90
90.78
89.87
107.91
91.90
103.98
104.25
104.87
73.31
74.91
76.45
78.09
76.28
77.18
76.78
93.27
141.01
137.65
148.49
130.91
106.46
150.13
137.19
93.32
90.79
95.99
70.43
94.05
72.19
93.90
70.02
91.18
115.26
79.05
102.17
106.07
77.76
76.40
76.55
79.76
77.61
92.08
90.80
107.63
108.23
107.52
109.24
106.49
73.55
81.67
94.91
99.14
101.89
119.85
74.88
62.66
78.42
64.62
84.65
83.03
89.94
91.10
92.89
91.02
86.48
85.24
105.39
107.54
106.86
121.09
79.13
77.10
77.91
82.38
93.46
100.73
106.93
108.71
109.98
96.26
99.51
116.85
72.79
92.23
77.31
91.21
93.63
85.87
88.53
109.03
108.36
114.68
115.05
123.17
85.38
102.14
112.16
124.60
85.92
101.02
107.48
176.41
136.34
126.72
90.45
120.75
94.81
119.49
93.37
101.81
76.06
83.51
84.26
90.20
108.73
92.01
91.73
105.79
106.68
107.66
108.29
110.20
73.53
77.59
93.45
76.97
92.93
107.67
118.24
120.51
76.12
77.30
63.96
67.13
84.27
83.38
89.99
91.91
91.03
85.46
100.18
108.01
108.64
107.61
111.01
108.41
107.70
80.65
75.59
83.40
81.39
104.07
93.96
108.45
109.19
93.39
93.85
121.07
75.61
75.46
90.39
92.59
81.72
104.44
101.52
89.06
115.55
108.05
107.54
101.40
75.15
76.02
77.92
76.95
92.01
91.62
88.92
90.25
94.04
97.52
110.38
85.03
76.32
76.02
73.55
77.89
75.86
99.24
102.78
96.10
107.50
102.25
115.18
105.37
105.48
82.51
75.79
77.70
76.53
77.71
91.59
92.38
92.09
103.70
107.66
109.27
117.34
99.45
72.69
86.84
89.71
86.90
92.74
82.86
107.74
104.23
105.84
109.10
79.10
62.59
76.65
70.28
72.25
89.60
88.40
91.43
92.76
90.55
110.65
109.36
109.74
109.26
82.75
76.65
76.88
77.94
78.46
81.80
83.05
102.62
106.71
108.12
79.07
64.27
67.93
85.32
76.76
91.65
76.66
77.03
78.86
91.75
92.54
89.85
118.10
105.84
78.74
63.04
76.67
65.38
84.21
81.39
105.72
86.86
91.58
99.62
104.20
104.89
108.12
78.94
76.54
78.43
77.93
74.69
89.37
94.93
92.23
92.52
92.19
92.15
107.57
108.35
77.67
77.51
78.28
94.65
93.51
90.68
91.32
95.52
94.58
91.55
108.51
109.69
108.82
75.56
83.72
70.17
85.23
88.17
92.46
93.70
83.19
103.59
105.63
108.84
109.03
78.05
79.25
76.49
89.42
93.76
78.26
91.86
107.38
93.23
108.59
108.98
108.74
114.65
86.91
72.59
89.34
89.71
90.82
83.68
83.51
103.64
106.56
107.05
108.03
106.49
106.37
80.12
61.40
63.45
94.09
92.18
93.67
91.11
92.41
96.82
118.68
120.40
73.07
79.32
75.97
81.70
85.08
83.33
90.45
85.26
92.15
93.26
107.61
105.86
108.81
76.30
75.80
76.12
77.00
75.23
93.85
82.74
102.78
106.56
108.96
108.16
81.07
68.38
84.18
74.66
90.78
78.53
91.18
90.91
85.89
104.41
106.16
107.01
107.41
107.38
77.26
90.28
79.95
83.95
85.16
89.45
89.04
91.80
113.97
99.99
101.46
103.23
106.47
81.38
76.69
76.68
69.83
85.07
91.31
88.16
93.91
94.91
117.24
90.39
108.28
85.90
113.35
74.52
76.64
78.86
78.68
92.11
74.69
93.02
91.90
92.25
117.66
75.05
76.59
78.45
65.38
67.75
85.94
84.22
89.93
90.66
108.25
96.95
99.86
118.50
121.64
76.59
76.02
94.23
91.18
69.28
87.94
90.02
91.94
92.15
106.15
108.08
106.60
108.29
111.03
79.05
74.81
74.64
93.51
89.99
98.89
100.65
105.11
106.71
92.85
111.43
78.00
69.42
74.58
89.39
76.97
76.41
92.69
110.36
87.42
109.90
108.89
107.80
106.59
81.31
60.94
77.84
79.64
91.46
91.94
88.29
94.73
92.59
91.19
115.36
98.88
115.81
86.36
85.63
89.12
89.60
79.87
84.29
83.10
105.72
109.25
110.52
122.58
77.76
70.43
73.02
77.07
78.53
91.25
90.01
91.67
107.50
86.40
108.78
93.70
112.25
76.90
77.01
77.84
79.89
83.77
83.43
94.47
102.08
108.67
108.71
97.88
70.56
71.07
73.25
76.24
77.10
78.26
91.72
85.51
89.46
88.90
93.70
113.68
107.73
115.48
108.27
77.42
80.28
80.07
81.10
91.87
92.18
88.09
88.76
112.58
114.98
118.06
74.46
107.73
77.48
82.33
84.55
74.27
90.03
92.49
108.91
106.64
104.51
108.07
105.12
78.00
70.55
84.73
87.69
90.59
84.03
84.97
85.13
106.54
111.30
76.69
79.15
100.11
71.56
74.81
89.02
94.18
92.92
89.72
90.01
90.79
108.29
111.36
109.03
108.90
108.68
78.71
76.62
76.22
93.87
92.34
90.97
91.85
91.68
93.66
97.58
71.90
72.33
73.93
91.38
94.68
94.98
79.37
84.00
101.20
103.04
106.15
110.58
79.41
64.39
67.31
68.73
84.88
89.32
90.30
93.64
100.50
84.32
103.57
107.07
107.86
107.16
107.61
79.30
74.08
76.52
76.89
76.47
77.09
93.40
91.71
108.60
107.45
96.69
115.53
120.36
74.38
96.88
91.21
84.29
85.69
89.68
106.92
109.86
76.62
76.51
67.12
70.13
71.64
84.91
86.96
87.96
93.88
80.34
83.82
103.09
106.45
105.00
107.79
108.77
76.25
106.35
110.16
83.55
91.79
91.53
93.13
105.96
95.90
97.38
98.55
76.96
71.00
75.30
77.46
92.39
66.58
85.48
84.64
89.45
89.88
107.26
106.95
100.34
105.36
80.22
75.00
78.00
79.40
91.93
92.04
85.97
85.82
106.17
110.07
108.57
108.77
82.93
70.07
58.78
78.11
78.03
91.01
77.30
92.60
90.10
108.60
90.85
120.14
119.43
74.72
89.90
93.95
80.23
86.27
83.46
89.51
90.95
110.55
107.26
102.69
108.51
107.60
109.43
83.14
76.71
78.92
76.39
79.99
82.55
83.33
104.87
107.87
109.53
79.70
65.50
84.34
82.46
70.44
86.06
88.33
106.58
79.82
105.14
103.84
105.78
107.08
75.33
76.50
76.47
85.25
90.77
88.69
89.19
91.67
90.01
107.47
91.87
111.12
110.02
108.29
117.83
93.81
75.65
89.78
77.08
82.31
101.96
95.40
109.61
120.70
109.17
93.17
70.03
69.19
85.14
90.29
94.76
92.89
80.15
100.03
100.96
120.00
104.34
108.57
78.24
76.13
83.44
81.26
86.77
87.52
92.41
97.74
92.16
107.20
107.57
109.03
109.40
79.80
74.09
79.23
85.56
86.56
86.55
94.61
90.55
105.73
106.95
106.92
108.03
107.89
108.79
79.85
73.74
91.37
76.36
108.64
99.01
102.33
104.90
107.16
108.58
80.44
78.14
70.60
74.94
76.83
92.02
76.61
92.75
93.07
75.82
92.65
97.95
117.70
75.69
76.37
94.12
91.31
86.47
86.02
86.62
86.95
109.32
109.74
109.17
101.16
119.99
109.09
77.48
77.60
77.62
78.62
72.76
85.85
85.15
109.53
109.00
108.33
108.61
107.32
75.84
77.47
77.82
77.45
77.16
91.88
92.41
92.22
92.14
113.31
115.79
121.63
123.73
94.95
73.84
68.91
88.04
85.82
107.57
107.57
108.80
107.84
103.00
106.19
109.20
82.25
77.46
90.77
77.98
78.81
92.29
90.48
91.25
107.27
109.05
108.54
106.99
107.39
112.12
85.57
86.73
88.91
89.21
92.57
98.92
98.99
102.74
104.85
77.82
76.96
78.70
76.10
86.44
86.14
89.01
93.45
90.48
109.15
107.22
106.24
112.65
115.57
102.67
76.03
75.43
90.44
91.21
82.29
83.91
102.90
105.68
108.58
109.08
79.19
64.63
68.17
85.57
73.34
89.85
92.49
92.09
100.63
83.28
104.67
106.10
107.67
109.18
77.44
77.35
73.38
76.94
76.93
99.19
89.76
108.29
108.98
96.62
71.25
70.13
84.59
75.42
90.51
87.80
64.80
82.84
83.00
89.01
105.55
108.06
109.03
99.71
115.01
117.75
72.13
77.04
79.00
78.41
92.36
85.40
107.84
107.54
92.47
108.92
107.09
120.80
90.87
81.18
68.91
83.66
90.02
92.99
110.12
94.10
103.75
102.81
107.02
109.53
77.89
76.66
92.40
77.25
74.76
90.93
92.85
107.84
108.39
92.67
90.87
113.68
77.80
77.51
77.37
77.42
79.01
93.59
88.38
90.29
92.44
93.27
108.14
120.57
122.69
77.48
64.73
84.86
71.39
89.85
87.64
91.71
108.42
102.10
104.49
107.37
107.65
110.23
79.19
76.45
77.72
77.47
76.71
79.45
87.39
104.60
123.86
94.67
93.04
71.69
69.65
86.12
74.40
89.02
92.53
81.54
101.93
103.34
90.42
107.81
106.49
76.78
106.90
77.16
60.16
83.16
83.62
90.08
86.25
93.56
82.40
86.82
101.91
105.32
108.41
109.14
82.69
105.28
108.12
85.16
109.33
85.50
91.02
92.59
92.19
106.49
105.51
108.49
76.74
61.70
80.18
76.24
90.44
77.82
83.45
97.74
104.17
106.80
110.17
76.63
79.34
69.89
72.28
90.94
78.70
95.14
91.61
91.80
101.77
103.60
107.66
78.35
61.40
77.76
77.75
76.21
75.94
79.57
77.35
91.94
101.70
93.27
105.94
96.04
116.96
116.59
118.26
121.33
78.62
93.14
92.82
81.13
102.66
103.88
90.04
116.54
91.57
108.11
120.02
74.42
76.53
79.67
76.70
90.10
90.76
91.98
93.01
96.67
102.65
73.08
74.46
76.79
76.06
82.55
85.63
82.75
90.35
91.04
107.76
109.62
98.76
102.58
105.73
105.73
80.31
61.67
77.82
71.24
83.83
90.01
106.53
91.21
90.26
111.60
107.59
107.68
108.89
109.43
79.17
79.51
93.34
93.22
88.52
90.10
107.79
109.93
93.68
115.97
77.40
77.28
74.50
61.78
77.38
92.88
92.43
92.34
107.47
95.25
96.77
71.10
105.02
107.59
75.79
77.32
78.62
88.41
90.86
91.92
92.47
91.44
76.63
111.11
107.94
109.54
79.60
76.50
75.93
78.56
91.99
91.10
80.25
97.53
101.83
105.88
77.37
76.77
107.46
119.35
87.17
89.73
77.45
93.61
91.93
93.45
88.57
112.69
106.08
107.88
107.13
108.04
75.12
94.10
73.79
90.22
93.89
92.43
89.88
92.34
90.24
113.47
112.36
115.30
70.89
75.71
89.89
88.23
81.21
82.63
83.26
104.70
106.32
109.41
107.79
109.11
72.23
73.27
77.85
92.05
92.43
76.80
92.68
89.85
90.89
91.07
108.43
117.41
121.28
91.26
75.08
66.81
70.18
91.93
93.18
108.94
93.09
89.75
110.63
108.64
76.40
77.16
77.63
79.69
92.23
93.07
74.58
89.55
91.83
94.90
109.11
92.30
109.70
107.14
84.40
75.18
86.22
83.27
106.64
89.16
97.00
97.75
101.32
104.95
107.01
89.00
115.30
89.89
80.50
69.15
84.79
90.35
91.55
91.85
111.19
102.90
105.92
108.24
75.77
77.22
78.21
77.46
89.75
88.34
95.62
93.67
92.33
102.18
115.84
75.23
64.00
66.24
68.50
70.09
71.52
89.22
110.35
80.33
98.62
82.70
100.80
71.99
74.07
62.15
77.81
70.10
70.78
72.92
89.88
109.94
108.53
107.62
101.26
104.92
109.22
108.53
108.19
76.48
75.96
92.97
77.92
92.85
92.62
92.66
102.43
79.59
76.53
98.46
119.18
72.71
76.38
78.90
78.17
90.39
86.23
89.79
106.80
108.30
107.04
107.85
107.70
78.12
77.51
77.88
83.00
76.07
93.56
78.06
106.77
94.77
97.69
103.82
72.72
76.95
90.95
78.22
91.01
84.03
86.86
89.25
91.56
112.40
108.22
106.86
108.21
108.16
107.29
107.79
82.24
92.95
77.71
92.79
80.60
98.33
94.56
91.10
114.06
108.83
108.56
111.33
115.31
73.84
74.35
93.66
93.71
93.55
104.07
81.25
105.99
107.80
109.15
78.32
76.71
79.64
85.99
84.74
90.03
90.53
91.98
93.05
90.87
113.69
108.01
109.27
75.55
78.23
79.10
91.78
94.51
81.01
100.10
104.56
104.97
108.58
120.38
76.95
67.44
84.78
81.41
87.34
89.21
76.27
90.97
109.78
88.82
107.68
109.38
107.05
107.47
80.37
77.02
80.09
82.67
84.92
104.98
104.80
107.75
109.22
97.68
102.49
105.14
79.36
75.74
79.61
75.91
82.10
83.93
102.53
103.19
106.04
108.73
108.86
106.81
103.62
80.96
77.35
76.85
93.10
92.05
92.36
88.79
89.39
107.22
114.88
71.96
75.22
80.52
79.03
79.92
66.70
84.16
82.94
90.35
115.61
92.84
99.75
113.83
102.15
104.82
77.60
91.32
92.71
89.83
85.40
84.85
106.89
107.27
108.65
107.78
106.84
104.34
77.95
78.84
76.75
77.77
76.87
92.75
91.81
91.87
96.21
96.03
118.48
74.35
75.85
91.23
68.49
84.42
82.01
89.90
88.27
111.15
108.72
100.65
104.46
104.94
107.53
78.51
77.33
77.35
82.89
81.89
84.82
84.88
85.49
109.79
107.79
79.99
100.81
118.57
72.87
76.79
75.77
79.56
91.92
86.77
87.37
108.84
108.99
109.86
108.10
75.37
61.16
76.07
78.19
76.66
76.56
92.61
91.96
93.26
109.90
110.10
113.63
108.70
108.32
120.97
78.36
90.30
79.26
84.20
83.79
106.39
108.68
109.38
107.65
72.36
102.03
71.94
77.99
76.69
77.21
76.05
93.70
90.32
92.98
92.14
91.66
112.00
107.04
108.32
110.93
252.23
109.69
143.52
103.77
111.46
84.14
104.11
79.98
103.75
126.92
89.22
75.82
82.11
116.64
94.12
97.90
101.08
103.95
76.00
75.93
78.80
79.89
99.62
94.94
109.73
110.71
108.93
109.12
78.55
62.13
77.89
77.53
78.84
93.05
91.33
93.24
91.04
111.24
92.34
111.18
108.70
78.48
78.82
75.54
88.58
78.04
92.43
90.76
92.63
92.40
76.89
65.25
66.65
61.80
87.16
74.17
90.26
92.40
80.52
82.57
103.66
108.01
108.97
108.94
109.68
102.26
104.78
78.69
87.74
91.84
92.70
93.01
92.85
107.44
87.89
113.44
106.69
110.29
85.66
76.36
106.76
77.36
80.35
91.74
94.01
91.42
92.75
87.87
109.04
111.21
126.35
127.26
133.45
124.79
74.80
94.28
103.79
105.51
87.46
114.30
110.37
109.19
118.67
117.92
118.51
122.15
95.31
93.16
91.53
91.50
102.57
103.28
105.58
73.68
109.80
77.23
98.20
73.22
87.24
113.02
88.43
87.04
93.65
93.89
92.83
109.06
105.44
105.03
110.14
109.02
82.97
93.24
91.86
84.03
84.44
87.94
106.89
108.23
110.03
108.92
81.19
70.12
71.09
75.85
91.17
77.82
92.92
93.58
85.60
103.86
107.03
108.27
109.20
78.07
78.28
70.64
84.24
87.58
89.35
92.82
90.61
109.15
109.34
103.95
106.78
110.24
109.01
79.69
78.69
91.70
88.74
89.04
88.16
90.22
113.83
110.19
106.61
103.09
106.96
107.59
99.63
116.28
116.77
83.16
100.95
90.29
88.96
104.83
111.36
111.31
79.28
64.18
79.38
73.94
76.67
78.79
91.84
91.84
93.78
110.46
87.78
107.64
108.53
110.03
107.78
78.11
79.04
72.08
89.82
93.52
91.33
92.07
112.08
109.15
107.36
85.02
110.22
109.26
77.91
78.93
78.30
78.08
78.32
93.28
91.91
109.16
109.94
106.37
106.90
108.10
109.32
81.45
79.80
78.16
91.89
91.06
91.55
90.95
110.35
110.85
110.14
78.50
78.90
78.51
72.20
88.18
79.07
92.96
92.26
90.97
105.81
94.76
114.88
114.82
118.98
90.70
87.75
78.47
92.64
80.05
103.38
83.45
80.67
106.09
119.66
76.12
63.61
66.01
82.90
75.38
78.42
102.35
107.95
90.33
99.64
98.20
101.04
112.52
110.02
108.42
111.65
77.66
76.70
92.52
91.98
92.96
92.57
92.21
91.85
88.42
117.54
110.57
80.95
79.21
78.19
91.27
73.15
87.70
109.27
110.41
110.34
107.10
108.74
101.82
75.26
75.77
62.63
77.86
77.38
94.63
94.78
85.04
110.11
104.98
77.40
78.02
77.89
77.35
66.70
68.75
84.04
104.12
87.72
113.58
92.04
112.06
102.38
120.73
107.95
78.85
77.52
93.64
93.73
84.10
81.51
106.39
86.43
112.37
109.15
109.01
101.92
104.67
75.59
77.38
78.15
77.55
78.68
92.57
88.92
85.98
92.12
105.11
109.29
110.32
108.93
77.45
76.96
78.01
91.00
92.45
92.08
104.11
94.50
95.68
110.89
109.65
109.80
79.67
77.84
92.51
77.32
78.83
92.06
90.83
118.13
106.06
109.67
93.20
111.41
114.21
84.93
73.32
87.65
93.92
93.16
79.87
102.16
94.76
99.87
109.50
122.39
125.94
74.64
79.47
81.18
74.50
92.62
78.49
92.73
91.43
108.01
107.38
107.88
109.52
108.52
78.76
79.30
77.09
78.41
86.53
91.40
94.83
92.39
92.75
100.35
121.02
120.55
123.68
77.53
78.70
78.02
93.30
118.20
129.91
126.88
124.83
91.82
92.34
102.19
102.14
103.33
100.88
101.78
94.80
107.83
101.00
127.85
121.31
115.59
78.57
97.87
117.64
90.87
112.77
83.40
78.46
79.63
92.16
92.92
91.41
109.19
90.93
109.26
114.28
110.25
78.93
77.72
75.31
89.06
78.30
92.68
97.78
94.23
119.19
122.00
78.32
63.20
65.61
84.25
75.36
78.32
101.14
90.19
78.28
99.27
95.31
101.94
110.57
110.48
107.41
123.27
110.86
78.78
97.28
101.48
102.49
106.61
109.36
94.98
97.14
118.66
119.35
121.27
76.82
89.39
79.47
77.99
83.75
82.96
106.52
107.29
107.17
110.56
110.70
116.23
118.93
87.22
88.79
92.91
90.80
93.19
102.31
105.94
106.28
125.64
110.74
81.65
78.57
67.66
82.96
88.05
88.80
87.33
89.05
108.96
79.85
102.13
102.12
104.92
75.61
75.20
77.25
91.17
83.27
81.79
103.30
89.26
106.15
109.59
108.12
78.91
69.17
70.05
71.93
89.64
89.57
95.52
111.38
81.68
82.62
103.58
106.84
107.43
109.37
81.55
69.61
83.72
74.96
89.28
95.09
90.29
110.04
108.69
101.94
102.93
74.27
75.86
78.17
77.21
78.92
84.78
82.93
90.27
94.08
108.92
93.75
111.29
100.75
104.69
74.03
75.82
78.37
91.15
76.74
77.74
88.96
89.68
109.73
88.29
111.56
78.24
78.11
77.13
70.83
85.27
84.51
89.59
87.40
89.33
91.25
102.54
96.37
109.57
110.57
110.22
110.15
77.59
76.44
78.63
78.21
95.15
92.89
111.09
92.19
94.75
115.67
74.93
77.28
78.79
78.89
79.34
90.49
87.06
89.73
87.89
89.42
112.84
79.94
77.80
78.24
70.84
73.22
77.63
77.61
92.42
91.01
92.28
87.35
107.94
108.52
109.00
82.10
77.12
77.15
85.12
84.74
84.71
89.07
138.98
129.52
130.95
121.15
118.57
114.78
106.67
77.29
97.85
72.94
95.29
81.64
84.75
101.42
103.57
105.80
108.57
107.41
78.66
104.06
121.89
121.99
75.87
99.45
94.22
111.59
97.68
100.23
104.59
106.91
80.42
77.49
78.44
65.81
83.77
80.27
135.96
131.56
121.27
119.72
112.43
124.06
95.38
100.27
119.48
85.52
97.96
90.54
124.59
136.98
84.23
108.96
107.24
107.89
139.61
112.81
118.64
132.63
92.89
104.99
96.87
110.02
112.24
82.27
105.89
109.48
93.76
113.35
111.16
79.39
71.50
74.49
90.03
88.05
91.82
91.30
93.57
134.26
133.79
123.80
90.74
106.65
120.09
120.95
117.70
105.36
99.95
99.76
96.60
104.58
75.80
98.11
105.24
119.31
73.45
77.86
93.06
91.81
92.94
93.54
86.89
88.52
106.51
108.36
108.39
110.62
80.27
70.12
73.04
75.10
87.66
89.15
94.00
110.17
82.20
100.03
101.51
76.15
72.85
75.90
89.19
78.47
81.22
83.85
81.94
81.86
106.87
108.49
112.11
79.42
79.79
79.75
92.46
78.63
80.75
112.27
86.97
107.05
81.76
105.15
109.31
111.27
110.30
79.10
96.95
88.01
89.00
93.61
91.34
110.60
92.68
94.43
104.85
104.83
77.92
89.96
77.62
94.00
91.52
91.47
105.26
106.85
108.80
109.17
109.37
79.07
78.12
77.00
74.54
88.47
75.99
93.49
92.64
92.17
101.03
108.42
108.25
110.20
112.87
105.49
112.60
129.53
86.08
78.01
93.09
92.33
109.54
93.80
110.27
117.90
108.48
80.33
78.11
78.94
77.81
77.87
78.32
90.96
88.70
110.77
91.60
104.79
109.58
110.14
79.85
78.33
79.61
93.77
92.24
93.13
93.26
110.51
88.41
88.94
116.56
107.37
78.64
77.52
78.69
86.72
82.49
87.80
93.47
91.30
93.59
110.21
108.78
106.97
124.25
77.82
78.41
77.03
79.69
91.42
88.75
108.42
92.68
110.82
93.57
115.15
111.66
102.11
72.54
72.19
73.92
89.33
89.87
93.99
111.75
100.13
100.06
73.54
74.59
74.83
78.04
78.08
91.80
83.06
105.06
87.31
90.17
115.63
109.96
99.55
118.64
119.74
126.54
86.28
90.06
79.76
93.23
97.66
85.95
88.79
109.02
108.98
108.06
110.85
80.24
71.47
71.46
90.18
87.73
90.14
110.18
92.82
100.14
100.69
102.91
121.12
108.31
78.63
78.02
68.80
83.66
70.50
86.23
88.99
108.44
95.45
93.24
107.16
99.87
117.09
79.30
64.00
77.64
78.32
91.86
87.89
94.01
94.08
92.49
112.17
107.88
77.22
76.25
78.07
77.42
78.34
77.72
91.64
91.92
91.61
108.26
110.42
109.09
109.80
108.76
78.99
73.87
75.92
89.98
77.74
92.20
91.64
108.73
106.54
108.07
110.41
109.34
119.27
79.16
77.73
92.72
87.71
89.44
89.06
92.06
109.42
108.87
107.93
105.87
107.59
108.16
110.56
82.14
79.36
91.96
91.76
88.66
89.57
108.23
109.54
108.17
107.37
109.15
78.07
74.84
88.35
139.17
81.17
85.95
93.49
107.34
107.11
108.73
108.73
109.84
77.25
78.24
78.59
77.96
77.89
83.09
100.21
102.99
106.22
107.98
80.83
81.09
79.84
81.91
74.60
102.50
120.00
77.87
65.08
67.32
70.83
72.84
89.25
88.61
92.30
94.45
97.67
99.60
102.10
105.11
76.37
78.37
78.81
65.01
82.91
80.78
86.59
87.47
89.03
92.48
94.92
93.41
96.65
111.77
119.76
122.56
92.90
64.48
81.50
82.59
80.56
87.56
88.18
115.70
108.57
112.98
116.40
103.65
78.05
76.87
88.42
93.13
93.38
82.66
83.63
87.05
107.97
108.46
107.33
111.54
103.58
104.21
75.94
88.98
94.46
91.29
89.33
86.41
88.55
107.34
107.77
109.57
78.13
77.88
77.69
73.70
76.11
92.59
93.37
93.08
109.97
90.98
105.31
107.01
109.06
79.30
110.43
111.48
83.91
69.80
80.84
88.80
87.17
88.93
108.05
77.01
62.57
104.13
75.05
76.18
77.87
76.79
94.07
90.96
92.63
89.44
108.23
107.74
107.20
109.10
109.13
77.27
61.58
77.93
98.37
82.34
104.42
107.67
93.86
75.59
95.66
109.91
110.06
79.23
79.63
77.71
79.68
75.67
78.06
93.14
91.65
92.97
109.58
92.25
101.61
109.78
78.27
62.20
79.46
79.68
92.25
86.90
88.02
88.37
107.48
107.42
109.35
107.16
78.49
105.82
76.19
76.75
78.98
78.35
93.50
91.64
89.85
92.81
96.24
119.39
120.71
122.26
75.53
94.00
78.89
79.45
91.07
91.98
103.51
94.98
93.84
108.49
110.21
107.69
81.04
79.00
76.45
79.30
76.17
95.15
90.75
116.78
104.26
108.18
81.79
77.81
80.62
69.73
83.44
74.82
89.65
92.17
109.16
100.10
103.00
103.87
107.76
108.08
77.36
78.31
78.25
85.09
88.73
89.64
107.81
90.22
117.73
109.16
118.44
99.20
119.87
118.80
121.33
83.18
91.00
93.07
95.46
93.66
89.85
108.50
110.00
108.00
109.83
108.82
111.09
83.94
92.10
90.58
93.78
92.41
87.35
90.19
109.05
109.50
107.77
108.74
78.56
77.54
90.38
78.79
93.56
93.72
94.24
114.25
110.68
110.90
103.28
104.34
79.25
76.80
90.41
91.70
82.04
82.48
104.10
88.20
109.01
108.89
111.05
79.79
78.80
66.99
83.17
85.12
104.02
105.56
88.09
96.20
93.11
93.33
114.35
108.77
107.94
109.43
81.20
76.28
77.26
77.48
78.94
90.47
92.00
92.90
92.27
114.45
110.03
110.27
78.34
77.98
79.08
74.97
90.66
92.28
92.08
93.68
90.82
92.63
112.52
108.46
114.05
116.40
118.98
90.77
86.59
89.79
78.22
93.68
96.41
94.91
108.73
112.21
79.93
80.49
71.26
83.41
74.60
136.53
90.33
103.52
109.52
85.77
109.63
109.87
77.92
78.68
63.35
77.61
77.91
74.55
89.92
94.01
92.62
109.95
107.93
108.85
121.00
75.01
77.94
79.26
79.03
91.28
78.75
87.52
89.47
94.00
109.35
110.14
110.69
111.19
80.10
72.21
72.22
72.78
90.98
87.25
115.34
110.13
96.22
98.66
71.10
104.17
73.32
76.80
77.89
92.94
78.81
81.24
81.74
103.39
106.29
110.19
109.70
118.56
80.15
82.87
82.45
105.18
108.35
111.83
102.06
93.35
71.97
61.77
62.25
78.68
91.85
78.63
90.23
88.85
91.94
91.46
101.29
113.59
77.46
77.67
65.16
67.39
63.72
93.33
79.72
93.43
92.59
91.89
93.49
92.55
108.86
109.13
77.74
76.15
77.99
79.85
78.22
93.25
90.47
90.45
110.99
86.09
109.26
83.25
106.62
110.14
76.28
79.66
77.82
76.52
77.22
95.92
99.61
101.65
93.91
120.30
95.50
112.09
108.77
78.35
79.07
91.67
78.46
79.46
111.61
84.93
107.96
82.98
108.88
118.14
105.02
78.22
76.56
77.16
78.44
80.07
77.88
79.29
92.87
93.64
104.07
107.78
108.78
107.55
80.59
75.93
61.29
78.24
78.59
77.78
82.82
99.98
105.07
108.23
111.20
106.69
118.22
110.27
80.06
78.06
77.48
79.77
91.50
78.72
93.30
108.91
93.09
108.97
108.75
109.65
105.44
81.56
78.13
92.06
93.25
92.21
92.18
91.95
91.53
113.21
115.51
118.17
91.25
75.46
88.85
88.22
82.28
129.35
95.78
105.64
107.54
78.60
78.70
65.33
63.60
77.27
87.17
78.32
91.06
88.42
96.38
82.54
100.75
103.97
74.73
60.84
79.17
65.49
70.32
72.72
89.67
88.75
94.36
91.30
110.84
102.13
151.07
115.94
111.06
120.84
76.86
99.48
112.03
88.20
82.28
103.12
87.58
109.30
109.51
96.73
99.27
117.17
119.24
121.03
76.25
98.38
91.46
80.60
100.09
103.49
104.66
107.78
108.28
80.05
77.97
80.79
81.44
81.47
75.66
90.26
109.28
111.10
95.11
140.69
85.01
105.17
107.66
108.61
109.03
107.19
110.92
101.22
114.31
83.33
94.87
108.05
144.21
132.51
88.13
104.70
96.38
115.89
121.93
123.73
87.03
88.85
139.87
135.89
134.26
135.76
124.58
130.95
129.69
113.74
120.83
84.02
97.15
146.85
131.14
130.02
91.84
150.12
138.67
117.08
105.62
117.29
90.49
110.32
112.15
82.35
102.73
76.72
95.43
102.73
103.27
107.99
110.87
110.43
79.31
78.21
78.55
86.41
82.92
84.18
108.62
109.67
109.26
108.57
103.31
73.61
74.86
78.70
79.19
93.69
91.80
92.98
103.08
105.11
110.14
107.77
110.05
108.44
80.66
74.23
87.39
88.31
92.33
93.63
93.39
91.22
108.96
109.17
109.73
107.95
108.77
78.01
61.59
79.47
78.33
93.62
97.15
94.90
92.87
92.18
92.41
110.74
108.81
110.92
109.63
109.16
78.06
61.11
77.99
92.22
87.51
93.50
92.10
92.76
113.13
77.53
77.92
62.05
65.80
78.03
101.06
94.61
106.06
94.06
99.42
95.26
100.51
109.85
120.99
75.24
82.22
79.13
78.33
83.23
101.17
104.83
107.16
108.70
96.43
99.62
74.76
72.42
74.25
88.26
86.24
79.30
80.47
98.29
101.88
103.49
76.94
62.48
78.03
77.12
68.51
84.42
89.30
88.58
93.97
91.30
83.01
101.01
102.88
107.05
76.00
76.31
79.63
78.61
69.99
82.10
89.71
88.30
99.44
92.28
109.79
99.29
116.88
102.36
76.72
75.95
76.67
90.44
92.21
87.38
90.08
107.62
106.90
108.70
77.62
78.15
78.28
101.74
122.53
76.36
88.16
79.15
91.53
106.08
80.17
103.49
106.60
108.44
81.09
76.00
76.90
73.03
75.75
88.27
92.55
94.40
93.52
109.52
111.86
117.93
105.05
77.97
75.35
90.77
79.12
77.76
80.15
99.76
81.18
103.29
104.46
108.93
82.93
78.63
99.63
86.31
84.65
87.55
89.16
79.21
126.62
87.31
101.91
103.40
105.34
107.65
126.42
123.42
114.44
120.53
117.27
102.83
118.76
119.13
122.28
116.48
89.82
113.72
118.75
73.30
77.87
78.96
77.16
84.53
82.90
82.97
88.56
116.49
106.55
108.11
77.02
105.87
107.31
80.10
77.10
92.48
92.30
87.01
88.30
85.19
108.04
108.86
110.17
110.96
130.27
118.95
124.59
130.52
123.97
92.52
93.26
92.60
153.74
80.93
94.83
110.36
107.27
76.25
76.19
77.57
75.70
89.72
94.45
94.12
90.20
94.07
113.82
102.00
105.47
106.01
122.64
77.10
78.28
92.15
91.74
83.68
106.42
106.65
107.15
117.96
124.34
126.92
124.89
114.66
89.96
79.66
76.93
93.82
91.11
90.25
93.54
109.10
111.09
77.99
71.05
64.54
63.47
73.78
77.37
76.65
92.91
91.63
90.60
111.65
108.43
116.85
112.44
110.11
118.09
89.26
91.51
92.46
86.39
98.23
100.39
103.92
104.81
95.61
91.92
112.02
83.34
79.74
78.95
78.67
93.16
91.13
89.23
88.81
89.24
109.66
117.34
123.09
124.57
108.40
112.18
75.48
96.96
91.28
93.68
91.99
113.09
103.06
106.83
108.61
80.49
77.20
80.10
79.50
92.28
87.55
84.21
87.88
107.99
106.59
109.00
109.83
76.81
74.97
75.77
77.30
78.07
91.85
91.49
108.53
104.10
105.78
108.95
110.24
109.03
84.00
79.03
70.29
73.94
89.23
84.97
90.93
92.23
108.53
103.89
107.15
109.10
79.26
79.44
77.67
76.52
91.76
73.86
90.06
94.20
109.21
90.96
91.32
113.09
108.80
75.14
79.52
78.52
76.10
92.38
79.01
88.35
89.82
87.03
109.83
108.78
108.97
110.47
110.97
75.73
77.01
77.71
79.35
93.76
93.43
92.36
89.59
109.92
110.74
109.40
73.64
61.76
79.43
79.54
89.19
85.13
87.88
89.88
109.64
107.53
110.34
107.26
108.50
80.60
78.48
92.89
77.83
76.93
88.37
89.29
94.43
91.34
111.94
110.53
108.69
109.20
75.90
60.91
80.90
92.51
94.06
92.16
92.28
103.50
106.50
109.87
108.61
108.96
109.93
77.93
79.14
76.30
77.69
93.11
91.75
93.62
109.04
111.42
105.63
108.93
108.19
78.73
76.70
78.13
77.51
92.22
88.90
89.04
106.19
111.21
108.74
76.75
98.53
114.11
88.13
112.57
84.71
77.20
91.51
92.05
93.22
88.10
89.31
110.14
109.72
108.84
110.42
81.69
77.13
87.67
89.57
87.94
94.15
92.16
109.14
115.14
110.52
104.29
104.71
119.92
112.94
118.48
92.80
93.79
79.87
84.06
104.49
107.92
110.28
109.18
106.34
101.83
72.41
74.60
86.19
86.42
92.36
91.31
107.55
102.96
104.85
108.73
109.92
79.47
79.17
78.38
86.07
82.74
88.17
88.29
93.11
91.10
108.54
103.36
106.57
109.75
107.83
79.76
78.47
78.23
92.25
90.02
88.69
88.87
107.78
93.31
111.45
108.45
104.69
107.66
78.90
80.23
78.21
92.21
93.26
84.51
83.02
106.94
109.03
110.71
110.10
109.36
80.77
103.88
122.69
123.60
121.76
83.58
91.76
91.23
88.30
109.86
106.75
79.93
77.44
90.41
80.65
78.34
72.45
90.12
88.85
108.94
110.38
91.19
110.69
104.21
106.78
107.47
81.77
77.39
93.56
91.63
91.78
88.45
89.77
106.94
110.50
109.14
108.02
121.15
123.51
84.10
78.26
93.42
76.17
102.15
107.43
94.47
116.23
108.79
110.07
106.74
110.20
108.61
80.86
90.96
78.65
91.29
92.24
91.82
114.82
110.91
106.85
79.75
61.98
76.27
87.67
76.84
106.20
91.95
99.02
77.81
101.35
102.53
74.86
75.55
77.73
110.73
82.42
83.24
84.27
87.51
86.70
108.60
94.86
114.03
115.13
115.36
110.86
109.64
123.04
109.35
121.18
83.09
81.52
94.62
101.86
94.51
91.83
91.93
114.10
81.94
76.86
79.12
79.88
77.63
92.29
87.52
89.20
109.37
93.07
110.52
120.97
103.33
120.70
121.09
78.17
92.60
94.92
91.92
92.12
90.83
103.92
107.98
110.16
78.96
64.04
78.96
77.69
73.36
75.26
88.08
92.90
93.61
92.84
108.39
102.07
104.17
104.99
77.66
78.16
77.94
77.80
93.07
72.19
88.09
87.13
94.36
111.87
108.94
99.58
119.27
119.96
122.88
123.15
77.46
95.07
91.83
84.31
105.50
83.68
88.29
113.03
108.71
76.34
78.88
75.17
86.49
84.13
93.91
93.84
93.46
92.60
106.22
103.17
119.32
105.76
75.68
76.62
79.22
93.83
96.25
99.77
100.97
102.93
121.25
109.71
110.48
116.41
112.82
114.69
120.15
93.55
89.46
87.74
92.19
81.65
101.97
103.95
73.93
108.97
107.95
79.30
65.60
83.51
82.17
82.33
86.73
109.11
92.49
100.61
99.61
116.97
118.45
122.10
122.44
75.87
90.68
76.60
95.50
91.66
92.76
93.03
108.96
109.19
108.80
108.64
109.44
79.92
78.31
77.56
77.48
92.31
90.54
94.37
93.07
108.28
110.06
108.01
113.67
117.31
110.83
120.79
126.84
88.10
78.10
92.37
107.75
108.38
110.22
107.15
118.57
121.26
91.42
92.36
78.70
78.97
95.36
92.84
91.88
101.38
149.96
124.85
86.16
106.27
119.09
80.58
80.37
104.67
72.23
99.31
93.22
94.24
97.20
92.19
114.81
111.11
73.84
106.45
95.34
92.97
140.79
90.93
94.04
107.04
139.69
135.14
137.16
137.47
88.92
105.97
78.24
87.32
81.53
81.16
105.71
107.08
110.04
111.66
78.95
98.04
114.72
120.09
122.26
123.12
118.60
145.23
95.30
99.43
120.44
91.64
110.06
119.04
108.32
116.70
119.56
75.48
93.79
86.77
87.21
93.31
82.04
102.72
104.53
108.14
108.91
107.91
107.82
80.07
73.67
88.24
86.33
78.49
93.17
92.43
91.99
107.17
106.86
107.42
109.32
75.07
76.74
78.56
79.61
89.02
88.91
92.85
92.61
91.83
110.49
110.62
106.45
108.15
79.23
79.22
77.62
92.63
75.60
88.18
107.34
88.08
109.92
107.85
110.71
109.85
109.58
75.12
75.00
89.11
93.35
91.95
92.22
108.70
101.85
119.33
107.67
82.33
77.95
76.97
77.25
91.47
73.41
88.30
76.29
108.93
109.77
91.92
112.08
74.79
78.12
65.84
82.99
83.06
77.52
90.53
110.29
78.58
97.33
110.49
108.92
110.08
108.03
110.20
81.20
78.73
93.24
84.28
103.78
76.08
92.40
110.49
122.21
79.19
63.32
79.44
77.56
103.76
88.27
101.22
94.16
92.67
113.71
118.67
73.25
90.03
80.33
78.81
94.16
94.10
90.69
93.29
93.09
96.46
106.85
108.44
106.19
78.55
77.47
78.08
79.54
89.90
89.64
90.91
93.79
92.21
110.61
93.10
108.68
84.64
75.19
75.70
88.38
92.84
92.21
92.60
92.93
105.29
105.80
108.76
78.89
77.93
76.84
71.69
75.57
90.43
77.01
91.26
93.98
93.69
92.89
105.42
108.39
109.01
123.77
125.54
78.25
78.60
75.81
88.02
92.62
94.96
92.86
109.38
109.97
105.20
79.20
77.20
78.92
78.07
90.30
79.30
91.92
88.86
112.79
107.41
110.64
109.25
108.57
80.07
70.68
83.92
73.31
89.56
89.84
108.98
92.10
103.33
99.23
75.96
71.01
75.64
77.04
77.80
77.56
84.18
83.13
88.63
90.00
93.79
110.12
108.64
100.26
117.58
103.70
78.39
89.56
91.69
91.46
93.17
86.36
83.96
104.66
106.26
108.49
75.07
60.88
78.94
72.66
88.52
90.85
91.17
109.40
110.41
107.89
102.58
106.78
76.02
61.92
107.97
77.86
92.23
86.51
89.66
90.11
92.87
93.04
110.74
108.48
109.92
74.52
74.82
107.49
76.73
79.19
92.89
93.06
87.28
89.17
88.26
93.15
113.07
110.61
108.26
71.28
73.31
89.91
79.52
92.33
90.84
110.57
81.77
96.96
120.06
94.78
115.94
85.16
106.71
75.66
94.44
111.37
78.22
86.34
88.06
92.95
104.67
92.75
107.50
103.06
119.70
106.90
76.56
76.42
77.48
76.21
91.13
89.27
87.81
93.44
90.73
106.59
107.92
109.40
104.76
121.84
76.01
77.42
94.87
90.67
92.02
94.00
102.64
107.49
109.40
109.03
108.21
78.24
76.60
71.49
86.49
87.09
91.00
102.48
92.80
105.22
89.11
108.14
94.53
109.84
80.38
76.60
77.81
78.22
89.59
78.52
92.68
90.93
93.04
93.98
114.65
105.15
74.08
75.35
77.75
77.23
78.51
93.29
93.12
84.97
104.14
109.84
109.46
78.38
78.44
75.97
79.51
87.89
88.14
93.07
78.82
93.81
92.07
92.78
89.17
111.03
107.70
109.47
80.54
77.46
77.07
77.60
92.69
92.03
91.99
117.45
106.79
108.37
79.26
66.26
83.80
82.35
88.09
89.10
109.68
91.25
100.35
100.99
103.94
106.75
77.06
76.72
77.85
79.72
80.23
85.36
74.61
85.36
107.90
107.83
138.55
126.02
117.64
116.06
109.70
80.21
100.25
115.43
77.24
79.95
85.85
107.86
108.48
107.50
107.64
101.09
119.60
122.42
124.59
77.57
94.27
92.62
91.85
101.43
103.64
84.86
107.80
110.23
81.50
76.70
78.36
83.93
88.01
85.84
85.77
93.31
93.67
80.95
102.25
109.85
102.64
121.24
123.20
92.45
94.42
78.44
82.22
76.30
92.31
92.76
92.89
109.32
91.50
108.31
78.84
60.31
80.00
77.48
77.60
91.83
92.34
91.37
91.69
90.95
107.46
109.05
109.18
108.90
81.45
76.93
77.88
95.00
77.65
91.64
92.87
89.54
83.21
94.73
113.09
111.42
126.52
124.06
118.88
82.85
84.14
93.16
93.00
92.78
111.77
86.88
93.91
112.94
77.56
60.52
78.42
72.88
77.82
74.48
89.75
92.60
92.01
110.83
107.93
75.64
62.15
77.72
77.62
111.29
85.58
75.59
93.75
92.72
90.35
112.68
109.08
109.46
113.44
79.57
77.72
73.03
87.75
78.78
79.95
95.08
93.18
109.34
110.68
104.55
74.40
75.68
89.11
78.76
78.60
91.00
84.52
83.07
87.90
114.95
85.29
112.83
108.36
102.53
121.87
120.56
75.37
90.31
91.34
91.15
91.64
87.14
99.93
116.77
108.64
108.16
110.24
82.42
72.66
73.36
89.06
88.22
92.22
110.89
110.18
109.88
103.19
106.68
75.27
79.18
78.58
92.11
92.86
87.03
88.80
89.19
92.35
108.40
108.97
107.94
105.18
117.79
109.71
77.28
78.21
80.63
92.11
87.33
88.46
88.71
114.92
109.61
77.26
63.42
61.89
75.28
75.81
89.97
93.51
91.56
91.62
94.05
92.37
107.58
106.73
108.49
107.39
76.04
77.53
79.84
75.88
87.74
92.59
92.74
92.12
94.73
113.86
106.08
108.39
77.50
79.09
77.90
76.13
78.75
76.45
89.68
89.14
93.10
92.57
108.84
108.74
110.63
120.77
122.46
123.03
85.91
91.35
93.12
110.52
110.01
104.69
106.69
108.58
79.46
79.92
77.27
92.96
70.18
82.55
87.41
87.02
112.53
108.92
108.14
102.76
74.36
74.05
74.19
78.65
91.64
78.36
92.86
84.35
96.32
104.86
106.00
109.64
78.01
78.43
76.26
70.05
72.31
76.80
87.23
91.91
104.37
92.28
84.36
106.77
104.20
75.44
78.57
86.68
77.78
81.53
81.49
84.96
106.55
86.98
108.31
106.52
101.34
118.87
119.16
119.66
122.19
140.73
131.79
92.35
83.68
103.22
86.86
111.28
108.99
107.56
108.67
104.17
123.25
73.58
88.51
77.39
93.78
92.07
91.69
88.78
89.21
107.99
109.81
109.19
77.27
77.66
74.78
87.54
87.68
87.28
92.81
91.82
112.03
92.41
106.72
108.78
75.44
77.97
63.32
78.33
138.19
88.61
88.75
92.43
91.16
108.98
111.38
94.42
91.57
110.60
77.74
89.77
92.07
93.79
92.56
93.98
103.86
101.63
106.16
106.18
108.72
75.70
79.13
78.32
83.64
83.97
89.18
90.83
93.00
109.47
106.86
105.37
108.92
76.97
108.73
76.66
81.35
94.22
86.28
90.01
89.34
93.03
111.32
110.35
109.17
117.05
103.53
107.60
77.67
89.71
92.07
91.55
93.81
84.42
103.99
106.00
118.66
109.12
122.83
123.72
117.25
120.19
86.22
89.79
92.13
92.02
90.71
91.58
89.41
108.75
110.06
78.15
77.52
79.11
78.48
71.69
73.95
89.60
88.57
93.84
112.94
76.06
78.09
106.24
108.42
76.77
78.77
76.66
92.42
90.85
86.18
90.53
89.20
108.27
110.35
108.39
79.98
62.85
74.72
90.06
88.91
91.94
93.93
92.51
108.10
86.10
110.79
110.76
109.98
108.01
83.41
77.02
72.44
86.52
89.02
88.37
110.90
108.54
108.02
102.41
104.16
75.62
76.71
78.05
93.25
78.98
92.78
83.17
108.11
106.16
108.46
110.60
109.61
109.52
81.75
70.58
72.70
76.08
88.86
94.36
91.79
92.62
103.70
103.54
108.07
116.88
111.16
117.81
121.28
127.86
135.56
93.64
98.68
110.55
93.05
112.84
110.87
115.95
116.13
117.52
119.38
75.92
97.08
91.47
81.25
100.93
100.68
93.45
117.84
121.67
77.98
64.78
65.76
84.86
82.14
82.77
84.39
89.71
109.15
97.38
97.84
100.16
118.36
121.39
109.96
78.14
77.98
82.00
83.05
83.15
87.77
89.86
94.06
75.80
62.24
63.92
68.79
71.34
74.79
109.25
110.38
82.06
90.23
88.60
110.73
107.47
91.09
112.95
88.01
105.83
83.08
108.99
80.97
77.30
78.17
92.63
92.84
89.52
108.58
92.43
93.83
112.32
109.17
80.05
78.62
77.73
77.25
76.69
78.88
93.85
89.89
92.99
104.59
114.29
101.50
110.91
128.16
124.86
82.04
85.80
93.92
82.68
108.02
92.18
104.39
95.10
114.42
110.40
109.67
109.60
82.04
77.24
76.19
91.41
92.09
94.23
107.11
108.62
109.71
109.25
108.78
79.55
112.41
88.34
83.19
73.19
105.56
109.25
78.59
95.68
113.29
109.92
111.89
109.18
110.53
82.38
73.92
89.00
92.79
93.41
109.19
93.19
91.20
104.99
106.55
75.37
107.41
74.01
78.14
78.48
76.28
90.07
94.97
109.52
92.15
112.48
78.47
63.64
73.86
76.84
78.05
91.21
77.96
77.91
92.68
90.34
93.63
92.82
117.00
119.69
121.84
124.68
86.27
79.61
83.46
82.99
87.81
106.70
108.45
107.64
109.11
114.94
105.62
77.48
77.04
77.59
91.88
92.82
83.92
84.27
106.46
109.70
107.78
108.84
110.81
83.33
74.88
105.72
77.60
98.04
91.97
100.42
108.37
85.48
106.82
106.42
113.01
108.78
123.96
109.99
102.07
106.97
112.13
80.45
95.40
108.53
92.03
109.26
109.54
107.00
109.86
110.79
84.76
78.72
77.85
76.81
96.13
99.94
101.32
104.15
106.40
97.25
113.05
109.94
119.27
78.76
91.86
92.30
92.95
91.71
92.00
110.25
100.33
103.67
76.57
78.23
77.48
68.51
83.29
72.12
88.90
107.04
91.39
110.71
106.18
104.19
106.61
110.86
76.80
62.86
76.46
77.87
89.07
77.76
92.14
91.57
108.73
109.17
91.40
109.39
76.21
78.44
77.65
77.08
125.26
87.82
140.33
89.75
102.70
98.33
102.51
103.27
114.80
78.33
62.98
78.92
76.13
77.61
92.64
91.83
92.49
92.09
94.31
109.61
107.61
108.69
79.25
74.10
76.71
78.34
81.24
82.94
100.04
104.47
107.53
75.09
64.08
64.84
68.88
69.45
83.12
87.42
87.83
94.04
77.21
76.89
110.13
92.29
109.26
109.76
78.60
62.05
75.86
76.16
91.57
93.38
93.77
94.52
112.31
102.67
104.26
107.29
75.27
62.07
77.74
76.22
86.27
86.84
86.23
95.08
92.80
91.35
108.02
71.59
73.47
105.82
76.50
77.77
90.39
80.72
92.12
87.66
100.88
92.82
109.12
106.71
108.20
108.25
106.67
78.70
77.75
76.88
101.49
106.55
87.27
111.72
96.90
100.94
118.48
122.02
107.83
110.70
79.75
79.92
83.59
101.07
89.31
87.97
85.87
114.43
100.29
100.60
72.04
71.39
73.76
75.47
94.23
93.01
82.06
83.97
104.43
107.52
106.61
108.35
108.20
102.95
75.62
76.57
93.73
79.28
93.05
92.22
93.33
105.82
84.76
107.09
77.16
77.49
79.09
78.20
81.28
70.45
86.88
88.80
94.69
91.93
92.03
104.42
105.67
73.53
74.72
79.55
77.56
77.50
91.67
87.76
89.67
109.31
91.86
93.50
109.27
108.16
78.54
76.42
76.76
80.07
77.00
92.62
92.67
91.83
91.92
109.84
109.30
108.05
93.77
114.23
108.86
120.49
75.57
77.52
77.88
92.22
92.23
91.38
89.52
108.38
109.23
109.27
78.92
77.56
78.48
79.54
87.84
89.89
94.48
93.11
94.37
114.75
107.80
103.99
77.40
76.72
80.13
79.56
93.05
92.82
84.46
104.23
88.12
85.59
107.06
108.01
76.81
79.50
72.82
75.67
75.52
89.37
91.87
93.52
91.46
92.79
108.74
108.01
109.31
80.44
62.83
77.13
78.13
72.72
89.40
88.40
88.54
110.55
107.39
109.34
79.27
105.17
107.25
78.96
78.55
93.05
92.68
77.67
85.83
87.54
85.83
108.24
108.92
109.30
108.77
120.08
73.33
75.51
94.43
91.78
91.38
90.55
104.94
107.69
112.33
109.10
89.71
110.17
108.93
79.35
76.13
87.24
90.58
92.98
93.21
91.73
113.99
91.33
110.96
109.15
81.89
62.60
78.04
76.75
91.76
79.39
98.06
100.51
103.19
121.44
75.18
90.19
62.57
67.47
84.17
82.34
86.53
88.73
95.08
113.29
96.20
111.04
109.33
111.16
79.62
79.79
77.01
76.10
80.04
90.20
85.49
106.12
107.13
124.07
110.15
110.96
112.76
108.82
118.23
77.13
88.97
88.07
76.85
95.46
98.42
94.42
92.14
113.26
108.45
116.58
112.01
73.12
83.25
87.67
85.69
86.14
113.23
97.42
101.68
103.64
105.29
76.91
78.12
78.16
68.21
82.84
72.00
107.34
94.13
109.13
109.06
101.64
83.49
72.39
76.41
62.73
90.84
78.82
92.85
87.09
88.83
88.53
91.88
91.54
113.29
109.32
106.33
110.77
80.83
76.32
78.25
77.28
92.42
90.82
91.72
94.77
112.63
111.40
109.15
77.49
61.21
73.30
74.44
88.48
89.97
93.81
108.41
93.28
93.76
107.80
104.88
76.62
76.99
77.51
78.88
91.52
88.81
88.74
91.07
93.94
92.24
91.52
108.70
107.33
109.36
109.73
107.34
82.08
93.37
91.92
77.85
91.93
95.09
107.13
108.66
109.09
107.36
78.12
107.97
75.45
88.81
91.36
93.84
90.55
91.55
104.91
94.97
112.50
109.70
108.61
108.61
77.92
77.85
78.87
82.70
81.59
82.33
104.81
106.37
107.81
80.83
66.74
68.86
82.96
84.14
74.40
90.49
94.26
97.28
99.61
99.68
103.33
106.33
76.99
90.04
64.44
65.86
84.84
80.99
83.64
94.79
93.05
91.72
92.20
111.69
110.23
110.56
81.24
77.51
112.85
89.08
106.15
81.75
94.64
92.55
90.09
108.98
109.29
108.80
108.99
109.00
109.11
107.23
77.87
80.06
92.60
92.60
92.61
94.23
95.33
110.65
92.59
112.19
75.45
62.32
65.75
85.57
80.52
85.75
88.82
114.48
97.66
99.97
103.01
74.29
61.44
77.86
78.60
80.40
84.26
82.82
81.98
88.52
87.71
114.32
95.94
70.34
70.76
84.11
70.71
83.47
87.86
91.87
81.91
84.20
102.55
106.02
108.13
78.00
77.19
99.85
117.64
119.71
72.77
95.64
88.86
92.84
91.68
100.14
99.69
102.54
104.38
78.91
79.49
93.50
80.47
67.00
100.66
81.66
86.95
108.32
108.31
95.33
97.72
116.09
118.93
74.22
77.66
92.21
79.33
84.06
82.41
105.91
107.45
111.08
108.67
109.80
84.39
102.26
119.87
122.78
90.91
90.55
86.66
108.40
97.09
100.78
103.06
72.92
76.52
77.71
76.01
71.10
71.28
73.54
89.57
88.29
106.46
107.57
102.67
104.50
105.70
73.75
78.45
61.79
95.66
94.59
84.32
83.84
88.26
89.59
108.77
109.23
121.14
102.65
71.47
72.03
77.02
87.77
78.17
91.79
91.09
88.86
107.69
106.39
108.44
109.21
80.17
78.82
79.52
71.91
74.09
89.86
78.99
110.88
91.26
110.41
102.66
107.35
108.53
107.83
76.50
80.84
78.82
87.25
88.14
88.56
89.34
108.22
92.65
110.41
102.91
105.98
75.58
90.45
77.93
78.17
93.21
94.19
84.96
89.80
107.50
108.14
108.05
110.11
79.22
73.18
74.35
89.31
93.10
90.73
98.57
91.80
92.63
108.10
108.61
109.54
109.78
78.57
79.25
78.05
74.77
89.04
78.33
92.33
92.57
92.76
110.45
103.78
105.67
107.45
76.83
78.84
77.51
92.53
79.89
85.42
84.12
106.91
107.68
108.49
108.53
112.77
103.27
75.16
77.27
79.59
89.74
93.41
92.97
92.14
89.22
106.86
108.96
102.04
77.34
79.50
92.66
82.75
71.81
74.75
87.22
89.72
94.01
114.25
100.14
103.13
119.78
116.54
104.88
113.96
88.09
70.90
79.84
82.86
88.80
106.54
109.21
77.46
62.69
